  0
SECTION
  2
HEADER
  9
$ACADVER
  1
AC1024
  9
$ACADMAINTVER
 70
6
  9
$DWGCODEPAGE
  3
ANSI_1252
  9
$LASTSAVEDBY
  1
ezdxf
  9
$INSBASE
 10
0.0
 20
0.0
 30
0.0
  9
$EXTMIN
 10
1e+20
 20
1e+20
 30
1e+20
  9
$EXTMAX
 10
-1e+20
 20
-1e+20
 30
-1e+20
  9
$LIMMIN
 10
0.0
 20
0.0
  9
$LIMMAX
 10
420.0
 20
297.0
  9
$ORTHOMODE
 70
0
  9
$REGENMODE
 70
1
  9
$FILLMODE
 70
1
  9
$QTEXTMODE
 70
0
  9
$MIRRTEXT
 70
1
  9
$LTSCALE
 40
1.0
  9
$ATTMODE
 70
1
  9
$TEXTSIZE
 40
2.5
  9
$TRACEWID
 40
1.0
  9
$TEXTSTYLE
  7
Standard
  9
$CLAYER
  8
0
  9
$CELTYPE
  6
ByLayer
  9
$CECOLOR
 62
256
  9
$CELTSCALE
 40
1.0
  9
$DISPSILH
 70
0
  9
$DIMSCALE
 40
1.0
  9
$DIMASZ
 40
2.5
  9
$DIMEXO
 40
0.625
  9
$DIMDLI
 40
3.75
  9
$DIMRND
 40
0.0
  9
$DIMDLE
 40
0.0
  9
$DIMEXE
 40
1.25
  9
$DIMTP
 40
0.0
  9
$DIMTM
 40
0.0
  9
$DIMTXT
 40
2.5
  9
$DIMCEN
 40
2.5
  9
$DIMTSZ
 40
0.0
  9
$DIMTOL
 70
0
  9
$DIMLIM
 70
0
  9
$DIMTIH
 70
0
  9
$DIMTOH
 70
0
  9
$DIMSE1
 70
0
  9
$DIMSE2
 70
0
  9
$DIMTAD
 70
1
  9
$DIMZIN
 70
8
  9
$DIMBLK
  1

  9
$DIMASO
 70
1
  9
$DIMSHO
 70
1
  9
$DIMPOST
  1

  9
$DIMAPOST
  1

  9
$DIMALT
 70
0
  9
$DIMALTD
 70
3
  9
$DIMALTF
 40
0.03937007874
  9
$DIMLFAC
 40
1.0
  9
$DIMTOFL
 70
1
  9
$DIMTVP
 40
0.0
  9
$DIMTIX
 70
0
  9
$DIMSOXD
 70
0
  9
$DIMSAH
 70
0
  9
$DIMBLK1
  1

  9
$DIMBLK2
  1

  9
$DIMSTYLE
  2
ISO-25
  9
$DIMCLRD
 70
0
  9
$DIMCLRE
 70
0
  9
$DIMCLRT
 70
0
  9
$DIMTFAC
 40
1.0
  9
$DIMGAP
 40
0.625
  9
$DIMJUST
 70
0
  9
$DIMSD1
 70
0
  9
$DIMSD2
 70
0
  9
$DIMTOLJ
 70
0
  9
$DIMTZIN
 70
8
  9
$DIMALTZ
 70
0
  9
$DIMALTTZ
 70
0
  9
$DIMUPT
 70
0
  9
$DIMDEC
 70
2
  9
$DIMTDEC
 70
2
  9
$DIMALTU
 70
2
  9
$DIMALTTD
 70
3
  9
$DIMTXSTY
  7
Standard
  9
$DIMAUNIT
 70
0
  9
$DIMADEC
 70
0
  9
$DIMALTRND
 40
0.0
  9
$DIMAZIN
 70
0
  9
$DIMDSEP
 70
44
  9
$DIMATFIT
 70
3
  9
$DIMFRAC
 70
0
  9
$DIMLDRBLK
  1

  9
$DIMLUNIT
 70
2
  9
$DIMLWD
 70
-2
  9
$DIMLWE
 70
-2
  9
$DIMTMOVE
 70
0
  9
$DIMFXL
 40
1.0
  9
$DIMFXLON
 70
0
  9
$DIMJOGANG
 40
0.785398163397
  9
$DIMTFILL
 70
0
  9
$DIMTFILLCLR
 70
0
  9
$DIMARCSYM
 70
0
  9
$DIMLTYPE
  6

  9
$DIMLTEX1
  6

  9
$DIMLTEX2
  6

  9
$DIMTXTDIRECTION
 70
0
  9
$LUNITS
 70
2
  9
$LUPREC
 70
4
  9
$SKETCHINC
 40
1.0
  9
$FILLETRAD
 40
10.0
  9
$AUNITS
 70
0
  9
$AUPREC
 70
2
  9
$MENU
  1
.
  9
$ELEVATION
 40
0.0
  9
$PELEVATION
 40
0.0
  9
$THICKNESS
 40
0.0
  9
$LIMCHECK
 70
0
  9
$CHAMFERA
 40
0.0
  9
$CHAMFERB
 40
0.0
  9
$CHAMFERC
 40
0.0
  9
$CHAMFERD
 40
0.0
  9
$SKPOLY
 70
0
  9
$TDCREATE
 40
2461142.7371527776
  9
$TDUCREATE
 40
2458532.153996898
  9
$TDUPDATE
 40
2461142.7371527776
  9
$TDUUPDATE
 40
2458532.1544311
  9
$TDINDWG
 40
0.0
  9
$TDUSRTIMER
 40
0.0
  9
$USRTIMER
 70
1
  9
$ANGBASE
 50
0.0
  9
$ANGDIR
 70
0
  9
$PDMODE
 70
0
  9
$PDSIZE
 40
0.0
  9
$PLINEWID
 40
0.0
  9
$SPLFRAME
 70
0
  9
$SPLINETYPE
 70
6
  9
$SPLINESEGS
 70
8
  9
$HANDSEED
  5
3D
  9
$SURFTAB1
 70
6
  9
$SURFTAB2
 70
6
  9
$SURFTYPE
 70
6
  9
$SURFU
 70
6
  9
$SURFV
 70
6
  9
$UCSBASE
  2

  9
$UCSNAME
  2

  9
$UCSORG
 10
0.0
 20
0.0
 30
0.0
  9
$UCSXDIR
 10
1.0
 20
0.0
 30
0.0
  9
$UCSYDIR
 10
0.0
 20
1.0
 30
0.0
  9
$UCSORTHOREF
  2

  9
$UCSORTHOVIEW
 70
0
  9
$UCSORGTOP
 10
0.0
 20
0.0
 30
0.0
  9
$UCSORGBOTTOM
 10
0.0
 20
0.0
 30
0.0
  9
$UCSORGLEFT
 10
0.0
 20
0.0
 30
0.0
  9
$UCSORGRIGHT
 10
0.0
 20
0.0
 30
0.0
  9
$UCSORGFRONT
 10
0.0
 20
0.0
 30
0.0
  9
$UCSORGBACK
 10
0.0
 20
0.0
 30
0.0
  9
$PUCSBASE
  2

  9
$PUCSNAME
  2

  9
$PUCSORG
 10
0.0
 20
0.0
 30
0.0
  9
$PUCSXDIR
 10
1.0
 20
0.0
 30
0.0
  9
$PUCSYDIR
 10
0.0
 20
1.0
 30
0.0
  9
$PUCSORTHOREF
  2

  9
$PUCSORTHOVIEW
 70
0
  9
$PUCSORGTOP
 10
0.0
 20
0.0
 30
0.0
  9
$PUCSORGBOTTOM
 10
0.0
 20
0.0
 30
0.0
  9
$PUCSORGLEFT
 10
0.0
 20
0.0
 30
0.0
  9
$PUCSORGRIGHT
 10
0.0
 20
0.0
 30
0.0
  9
$PUCSORGFRONT
 10
0.0
 20
0.0
 30
0.0
  9
$PUCSORGBACK
 10
0.0
 20
0.0
 30
0.0
  9
$USERI1
 70
0
  9
$USERI2
 70
0
  9
$USERI3
 70
0
  9
$USERI4
 70
0
  9
$USERI5
 70
0
  9
$USERR1
 40
0.0
  9
$USERR2
 40
0.0
  9
$USERR3
 40
0.0
  9
$USERR4
 40
0.0
  9
$USERR5
 40
0.0
  9
$WORLDVIEW
 70
1
  9
$SHADEDGE
 70
3
  9
$SHADEDIF
 70
70
  9
$TILEMODE
 70
1
  9
$MAXACTVP
 70
64
  9
$PINSBASE
 10
0.0
 20
0.0
 30
0.0
  9
$PLIMCHECK
 70
0
  9
$PEXTMIN
 10
1e+20
 20
1e+20
 30
1e+20
  9
$PEXTMAX
 10
-1e+20
 20
-1e+20
 30
-1e+20
  9
$PLIMMIN
 10
0.0
 20
0.0
  9
$PLIMMAX
 10
420.0
 20
297.0
  9
$UNITMODE
 70
0
  9
$VISRETAIN
 70
1
  9
$PLINEGEN
 70
0
  9
$PSLTSCALE
 70
1
  9
$TREEDEPTH
 70
3020
  9
$CMLSTYLE
  2
Standard
  9
$CMLJUST
 70
0
  9
$CMLSCALE
 40
20.0
  9
$PROXYGRAPHICS
 70
1
  9
$MEASUREMENT
 70
1
  9
$CELWEIGHT
370
-1
  9
$ENDCAPS
280
0
  9
$JOINSTYLE
280
0
  9
$LWDISPLAY
290
0
  9
$INSUNITS
 70
4
  9
$HYPERLINKBASE
  1

  9
$STYLESHEET
  1

  9
$XEDIT
290
1
  9
$CEPSNTYPE
380
0
  9
$PSTYLEMODE
290
1
  9
$FINGERPRINTGUID
  2
{F829F731-E997-466A-83A0-5553EAA7A0D7}
  9
$VERSIONGUID
  2
{2EA53737-879D-4BDF-91AE-B4CD442E45E2}
  9
$EXTNAMES
290
1
  9
$PSVPSCALE
 40
0.0
  9
$OLESTARTUP
290
0
  9
$SORTENTS
280
127
  9
$INDEXCTL
280
0
  9
$HIDETEXT
280
1
  9
$XCLIPFRAME
280
1
  9
$HALOGAP
280
0
  9
$OBSCOLOR
 70
257
  9
$OBSLTYPE
280
0
  9
$INTERSECTIONDISPLAY
280
0
  9
$INTERSECTIONCOLOR
 70
257
  9
$DIMASSOC
280
2
  9
$PROJECTNAME
  1

  9
$CAMERADISPLAY
290
0
  9
$LENSLENGTH
 40
50.0
  9
$CAMERAHEIGHT
 40
0.0
  9
$STEPSPERSEC
 40
24.0
  9
$STEPSIZE
 40
100.0
  9
$3DDWFPREC
 40
2.0
  9
$PSOLWIDTH
 40
0.005
  9
$PSOLHEIGHT
 40
0.08
  9
$LOFTANG1
 40
1.570796326795
  9
$LOFTANG2
 40
1.570796326795
  9
$LOFTMAG1
 40
0.0
  9
$LOFTMAG2
 40
0.0
  9
$LOFTPARAM
 70
7
  9
$LOFTNORMALS
280
1
  9
$LATITUDE
 40
37.795
  9
$LONGITUDE
 40
-122.394
  9
$NORTHDIRECTION
 40
0.0
  9
$TIMEZONE
 70
-8000
  9
$LIGHTGLYPHDISPLAY
280
1
  9
$TILEMODELIGHTSYNCH
280
1
  9
$CMATERIAL
347
20
  9
$SOLIDHIST
280
0
  9
$SHOWHIST
280
1
  9
$DWFFRAME
280
2
  9
$DGNFRAME
280
2
  9
$REALWORLDSCALE
290
1
  9
$INTERFERECOLOR
 62
256
  9
$CSHADOW
280
0
  9
$SHADOWPLANELOCATION
 40
0.0
  0
ENDSEC
  0
SECTION
  2
CLASSES
  0
CLASS
  1
ACDBDICTIONARYWDFLT
  2
AcDbDictionaryWithDefault
  3
ObjectDBX Classes
 90
0
 91
0
280
0
281
0
  0
CLASS
  1
SUN
  2
AcDbSun
  3
SCENEOE
 90
1153
 91
0
280
0
281
0
  0
CLASS
  1
VISUALSTYLE
  2
AcDbVisualStyle
  3
ObjectDBX Classes
 90
4095
 91
0
280
0
281
0
  0
CLASS
  1
MATERIAL
  2
AcDbMaterial
  3
ObjectDBX Classes
 90
1153
 91
0
280
0
281
0
  0
CLASS
  1
SCALE
  2
AcDbScale
  3
ObjectDBX Classes
 90
1153
 91
0
280
0
281
0
  0
CLASS
  1
TABLESTYLE
  2
AcDbTableStyle
  3
ObjectDBX Classes
 90
4095
 91
0
280
0
281
0
  0
CLASS
  1
MLEADERSTYLE
  2
AcDbMLeaderStyle
  3
ACDB_MLEADERSTYLE_CLASS
 90
4095
 91
0
280
0
281
0
  0
CLASS
  1
DICTIONARYVAR
  2
AcDbDictionaryVar
  3
ObjectDBX Classes
 90
0
 91
0
280
0
281
0
  0
CLASS
  1
CELLSTYLEMAP
  2
AcDbCellStyleMap
  3
ObjectDBX Classes
 90
1152
 91
0
280
0
281
0
  0
CLASS
  1
MENTALRAYRENDERSETTINGS
  2
AcDbMentalRayRenderSettings
  3
SCENEOE
 90
1024
 91
0
280
0
281
0
  0
CLASS
  1
ACDBDETAILVIEWSTYLE
  2
AcDbDetailViewStyle
  3
ObjectDBX Classes
 90
1025
 91
0
280
0
281
0
  0
CLASS
  1
ACDBSECTIONVIEWSTYLE
  2
AcDbSectionViewStyle
  3
ObjectDBX Classes
 90
1025
 91
0
280
0
281
0
  0
CLASS
  1
RASTERVARIABLES
  2
AcDbRasterVariables
  3
ISM
 90
0
 91
0
280
0
281
0
  0
CLASS
  1
ACDBPLACEHOLDER
  2
AcDbPlaceHolder
  3
ObjectDBX Classes
 90
0
 91
0
280
0
281
0
  0
CLASS
  1
LAYOUT
  2
AcDbLayout
  3
ObjectDBX Classes
 90
0
 91
0
280
0
281
0
  0
ENDSEC
  0
SECTION
  2
TABLES
  0
TABLE
  2
VPORT
  5
8
330
0
100
AcDbSymbolTable
 70
1
  0
VPORT
  5
23
330
8
100
AcDbSymbolTableRecord
100
AcDbViewportTableRecord
  2
*Active
 70
0
 10
0.0
 20
0.0
 11
1.0
 21
1.0
 12
0.0
 22
0.0
 13
0.0
 23
0.0
 14
0.5
 24
0.5
 15
0.5
 25
0.5
 16
0.0
 26
0.0
 36
1.0
 17
0.0
 27
0.0
 37
0.0
 40
1000.0
 41
1.34
 42
50.0
 43
0.0
 44
0.0
 50
0.0
 51
0.0
 71
0
 72
1000
 73
1
 74
3
 75
0
 76
0
 77
0
 78
0
281
0
 65
0
146
0.0
  0
ENDTAB
  0
TABLE
  2
LTYPE
  5
2
330
0
100
AcDbSymbolTable
 70
3
  0
LTYPE
  5
24
330
2
100
AcDbSymbolTableRecord
100
AcDbLinetypeTableRecord
  2
ByBlock
 70
0
  3

 72
65
 73
0
 40
0.0
  0
LTYPE
  5
25
330
2
100
AcDbSymbolTableRecord
100
AcDbLinetypeTableRecord
  2
ByLayer
 70
0
  3

 72
65
 73
0
 40
0.0
  0
LTYPE
  5
26
330
2
100
AcDbSymbolTableRecord
100
AcDbLinetypeTableRecord
  2
Continuous
 70
0
  3

 72
65
 73
0
 40
0.0
  0
ENDTAB
  0
TABLE
  2
LAYER
  5
1
330
0
100
AcDbSymbolTable
 70
2
  0
LAYER
  5
27
330
1
100
AcDbSymbolTableRecord
100
AcDbLayerTableRecord
  2
0
 70
0
 62
7
  6
Continuous
370
-3
390
13
347
21
  0
LAYER
  5
28
330
1
100
AcDbSymbolTableRecord
100
AcDbLayerTableRecord
  2
Defpoints
 70
0
 62
7
  6
Continuous
290
0
370
-3
390
13
347
21
  0
ENDTAB
  0
TABLE
  2
STYLE
  5
5
330
0
100
AcDbSymbolTable
 70
1
  0
STYLE
  5
29
330
5
100
AcDbSymbolTableRecord
100
AcDbTextStyleTableRecord
  2
Standard
 70
0
 40
0.0
 41
1.0
 50
0.0
 71
0
 42
2.5
  3
txt
  4

  0
ENDTAB
  0
TABLE
  2
VIEW
  5
7
330
0
100
AcDbSymbolTable
 70
0
  0
ENDTAB
  0
TABLE
  2
UCS
  5
6
330
0
100
AcDbSymbolTable
 70
0
  0
ENDTAB
  0
TABLE
  2
APPID
  5
3
330
0
100
AcDbSymbolTable
 70
3
  0
APPID
  5
2A
330
3
100
AcDbSymbolTableRecord
100
AcDbRegAppTableRecord
  2
ACAD
 70
0
  0
APPID
  5
3A
330
3
100
AcDbSymbolTableRecord
100
AcDbRegAppTableRecord
  2
HATCHBACKGROUNDCOLOR
 70
0
  0
APPID
  5
3B
330
3
100
AcDbSymbolTableRecord
100
AcDbRegAppTableRecord
  2
EZDXF
 70
0
  0
ENDTAB
  0
TABLE
  2
DIMSTYLE
  5
4
330
0
100
AcDbSymbolTable
 70
1
100
AcDbDimStyleTable
  0
DIMSTYLE
105
2B
330
4
100
AcDbSymbolTableRecord
100
AcDbDimStyleTableRecord
  2
Standard
 70
0
 40
1.0
 41
2.5
 42
0.625
 43
3.75
 44
1.25
 45
0.0
 46
0.0
 47
0.0
 48
0.0
 49
2.5
140
2.5
141
2.5
142
0.0
143
0.03937007874
144
1.0
145
0.0
146
1.0
147
0.625
148
0.0
 69
0
 70
0
 71
0
 72
0
 73
0
 74
0
 75
0
 76
0
 77
1
 78
8
 79
3
170
0
171
3
172
1
173
0
174
0
175
0
176
0
177
0
178
0
179
2
271
2
272
2
273
2
274
3
275
0
276
0
277
2
278
44
279
0
280
0
281
0
282
0
283
0
284
8
285
0
286
0
288
0
289
3
290
0
371
-2
372
-2
  0
ENDTAB
  0
TABLE
  2
BLOCK_RECORD
  5
9
330
0
100
AcDbSymbolTable
 70
2
  0
BLOCK_RECORD
  5
17
330
9
100
AcDbSymbolTableRecord
100
AcDbBlockTableRecord
  2
*Model_Space
340
1A
 70
0
280
1
281
0
  0
BLOCK_RECORD
  5
1B
330
9
100
AcDbSymbolTableRecord
100
AcDbBlockTableRecord
  2
*Paper_Space
340
1E
 70
0
280
1
281
0
  0
ENDTAB
  0
ENDSEC
  0
SECTION
  2
BLOCKS
  0
BLOCK
  5
18
330
17
100
AcDbEntity
  8
0
100
AcDbBlockBegin
  2
*Model_Space
 70
0
 10
0.0
 20
0.0
 30
0.0
  3
*Model_Space
  1

  0
ENDBLK
  5
19
330
17
100
AcDbEntity
  8
0
100
AcDbBlockEnd
  0
BLOCK
  5
1C
330
1B
100
AcDbEntity
  8
0
100
AcDbBlockBegin
  2
*Paper_Space
 70
0
 10
0.0
 20
0.0
 30
0.0
  3
*Paper_Space
  1

  0
ENDBLK
  5
1D
330
1B
100
AcDbEntity
  8
0
100
AcDbBlockEnd
  0
ENDSEC
  0
SECTION
  2
ENTITIES
  0
LWPOLYLINE
  5
2F
330
17
100
AcDbEntity
  8
0
100
AcDbPolyline
 90
512
 70
1
 10
81.76209200000001
 20
-75.017884
 10
81.77377600000001
 20
-74.97800600000001
 10
81.78571400000001
 20
-74.938382
 10
81.79816000000001
 20
-74.89901200000001
 10
81.81086
 20
-74.86015
 10
81.82406800000001
 20
-74.82154200000001
 10
81.83753000000002
 20
-74.78318800000001
 10
81.851246
 20
-74.74534200000001
 10
81.86547
 20
-74.70775
 10
81.87994800000001
 20
-74.670412
 10
81.89468000000001
 20
-74.633328
 10
81.90992
 20
-74.59649800000001
 10
81.925414
 20
-74.56017600000001
 10
81.941162
 20
-74.52410800000001
 10
81.957164
 20
-74.48829400000001
 10
81.973674
 20
-74.452734
 10
81.990438
 20
-74.417428
 10
82.00745599999999
 20
-74.38237600000001
 10
82.024728
 20
-74.34783200000001
 10
82.042254
 20
-74.31354200000001
 10
82.060288
 20
-74.27950600000001
 10
82.078576
 20
-74.24572400000001
 10
82.097118
 20
-74.212196
 10
82.115914
 20
-74.17892200000001
 10
82.134964
 20
-74.14590200000002
 10
82.154268
 20
-74.11313600000001
 10
82.173826
 20
-74.08062400000001
 10
82.19363799999999
 20
-74.04836600000002
 10
82.21370399999999
 20
-74.01636200000002
 10
82.23402399999999
 20
-73.98461200000003
 10
82.254598
 20
-73.95311600000001
 10
82.275426
 20
-73.92187400000002
 10
82.296508
 20
-73.89088600000001
 10
82.296254
 20
-73.89037800000001
 10
82.29600000000002
 20
-73.88987
 10
82.29574600000002
 20
-73.889362
 10
82.29549200000002
 20
-73.88910800000001
 10
82.29523800000004
 20
-73.88885400000002
 10
82.29498400000004
 20
-73.88860000000003
 10
82.29473000000004
 20
-73.88834600000003
 10
82.29447600000005
 20
-73.88809200000004
 10
82.29447600000005
 20
-73.88783800000004
 10
82.29447600000005
 20
-73.88758400000005
 10
82.29447600000005
 20
-73.88733000000005
 10
82.29447600000005
 20
-73.88707600000006
 10
82.29447600000005
 20
-73.88682200000007
 10
82.29447600000005
 20
-73.88656800000007
 10
82.29447600000005
 20
-73.88631400000008
 10
82.29447600000005
 20
-73.88606000000009
 10
82.29447600000005
 20
-73.88580600000009
 10
82.29447600000005
 20
-73.88555200000009
 10
82.29447600000005
 20
-73.8852980000001
 10
82.29447600000005
 20
-73.88504400000011
 10
82.29447600000005
 20
-73.88479000000011
 10
82.29447600000005
 20
-73.88453600000013
 10
82.29447600000005
 20
-73.88428200000013
 10
82.29447600000005
 20
-73.88402800000013
 10
82.29422200000006
 20
-73.88377400000014
 10
82.29396800000006
 20
-73.88352000000015
 10
82.29371400000007
 20
-73.88326600000015
 10
82.29346000000008
 20
-73.88301200000015
 10
82.29320600000008
 20
-73.88275800000017
 10
82.29295200000008
 20
-73.88225000000016
 10
82.29269800000009
 20
-73.88174200000016
 10
82.2924440000001
 20
-73.88123400000015
 10
81.8735980000001
 20
-73.87742400000016
 10
81.4547520000001
 20
-73.87361400000016
 10
81.0359060000001
 20
-73.86980400000016
 10
80.6170600000001
 20
-73.86599400000017
 10
80.19821400000009
 20
-73.86218400000017
 10
79.7793680000001
 20
-73.85837400000018
 10
79.3605220000001
 20
-73.85456400000018
 10
78.9416760000001
 20
-73.85075400000018
 10
78.5228300000001
 20
-73.84694400000019
 10
78.1039840000001
 20
-73.84313400000019
 10
77.6851380000001
 20
-73.83932400000019
 10
77.26629200000009
 20
-73.8355140000002
 10
76.84744600000009
 20
-73.8317040000002
 10
76.4286000000001
 20
-73.8278940000002
 10
76.0097540000001
 20
-73.82408400000021
 10
75.5909080000001
 20
-73.82027400000021
 10
75.1720620000001
 20
-73.81646400000021
 10
74.7532160000001
 20
-73.81265400000022
 10
74.33437000000009
 20
-73.80884400000022
 10
73.91552400000009
 20
-73.80503400000022
 10
73.49667800000009
 20
-73.80122400000023
 10
73.0778320000001
 20
-73.79741400000023
 10
72.6589860000001
 20
-73.79360400000023
 10
72.2401400000001
 20
-73.78979400000024
 10
71.8212940000001
 20
-73.78598400000024
 10
71.40244800000009
 20
-73.78217400000024
 10
70.98360200000009
 20
-73.77836400000025
 10
70.56475600000009
 20
-73.77455400000025
 10
70.14591000000009
 20
-73.77074400000025
 10
69.7270640000001
 20
-73.76693400000026
 10
69.3082180000001
 20
-73.76312400000026
 10
68.8893720000001
 20
-73.75931400000026
 10
68.8167280000001
 20
-73.75728200000027
 10
68.74484600000008
 20
-73.75220200000028
 10
68.6737260000001
 20
-73.74432800000028
 10
68.6033680000001
 20
-73.73366000000028
 10
68.5337720000001
 20
-73.72019800000028
 10
68.46493800000009
 20
-73.70394200000028
 10
68.3971200000001
 20
-73.68514600000027
 10
68.3303180000001
 20
-73.66381000000027
 10
68.2645320000001
 20
-73.63968000000027
 10
68.20001600000009
 20
-73.61326400000027
 10
68.13677000000008
 20
-73.58430800000028
 10
68.07479400000008
 20
-73.55281200000027
 10
68.01408800000009
 20
-73.51903000000027
 10
67.95490600000008
 20
-73.48296200000027
 10
67.89724800000009
 20
-73.44460800000027
 10
67.84111400000009
 20
-73.40396800000026
 10
67.7865040000001
 20
-73.36129600000027
 10
67.73367200000008
 20
-73.31659200000027
 10
67.68261800000009
 20
-73.26985600000026
 10
67.63334200000008
 20
-73.22108800000026
 10
67.58584400000008
 20
-73.17028800000026
 10
67.54037800000009
 20
-73.11745600000026
 10
67.49694400000008
 20
-73.06284600000026
 10
67.45554200000008
 20
-73.00645800000026
 10
67.41642600000009
 20
-72.94829200000027
 10
67.37959600000009
 20
-72.88834800000028
 10
67.34505200000008
 20
-72.82688000000027
 10
67.31279400000008
 20
-72.76363400000027
 10
67.28282200000008
 20
-72.69886400000026
 10
67.25539000000008
 20
-72.63257000000026
 10
67.23049800000008
 20
-72.56500600000025
 10
67.20840000000008
 20
-72.49591800000026
 10
67.18985800000009
 20
-72.43368800000026
 10
67.17131600000009
 20
-72.37145800000025
 10
67.1527740000001
 20
-72.30922800000025
 10
67.1342320000001
 20
-72.24699800000025
 10
67.1156900000001
 20
-72.18476800000025
 10
67.0971480000001
 20
-72.12253800000025
 10
67.07860600000012
 20
-72.06030800000025
 10
67.06006400000012
 20
-71.99807800000025
 10
67.04152200000013
 20
-71.93584800000025
 10
67.02298000000013
 20
-71.87361800000025
 10
67.00443800000014
 20
-71.81138800000024
 10
66.98589600000014
 20
-71.74915800000024
 10
66.96735400000014
 20
-71.68692800000024
 10
66.94881200000016
 20
-71.62469800000024
 10
66.93027000000016
 20
-71.56246800000024
 10
66.91172800000017
 20
-71.50023800000024
 10
66.89318600000017
 20
-71.43800800000024
 10
66.87464400000017
 20
-71.37577800000024
 10
66.85610200000018
 20
-71.31354800000024
 10
66.83756000000018
 20
-71.25131800000023
 10
66.81901800000018
 20
-71.18908800000023
 10
66.8004760000002
 20
-71.12685800000023
 10
66.7819340000002
 20
-71.06462800000023
 10
66.76339200000021
 20
-71.00239800000023
 10
66.74485000000021
 20
-70.94016800000023
 10
66.72630800000022
 20
-70.87793800000023
 10
66.70776600000022
 20
-70.81570800000023
 10
66.68922400000022
 20
-70.75347800000023
 10
66.67068200000023
 20
-70.69124800000021
 10
66.65214000000024
 20
-70.62901800000022
 10
66.63359800000025
 20
-70.56678800000022
 10
66.61505600000025
 20
-70.50455800000022
 10
66.60108600000025
 20
-70.45680600000021
 10
66.58737000000025
 20
-70.40880000000021
 10
66.57416200000024
 20
-70.36079400000021
 10
66.56146200000025
 20
-70.31278800000021
 10
66.54927000000025
 20
-70.2645280000002
 10
66.53733200000023
 20
-70.2162680000002
 10
66.52590200000023
 20
-70.16775400000022
 10
66.51498000000024
 20
-70.11924000000022
 10
66.50456600000024
 20
-70.07072600000022
 10
66.49440600000023
 20
-70.02195800000023
 10
66.48475400000022
 20
-69.97319000000022
 10
66.47561000000023
 20
-69.92442200000022
 10
66.46697400000022
 20
-69.87540000000023
 10
66.45859200000022
 20
-69.82637800000023
 10
66.45071800000022
 20
-69.77735600000022
 10
66.44335200000022
 20
-69.72833400000023
 10
66.43649400000022
 20
-69.67905800000023
 10
66.42989000000023
 20
-69.62978200000023
 10
66.42379400000023
 20
-69.58050600000023
 10
66.41820600000023
 20
-69.53123000000022
 10
66.41312600000023
 20
-69.48170000000022
 10
66.40830000000022
 20
-69.43217000000023
 10
66.40398200000023
 20
-69.38264000000022
 10
66.40017200000024
 20
-69.33311000000023
 10
66.39687000000023
 20
-69.28358000000023
 10
66.39382200000024
 20
-69.23405000000022
 10
66.39128200000025
 20
-69.18426600000022
 10
66.38925000000025
 20
-69.13448200000022
 10
66.38772600000026
 20
-69.0846980000002
 10
66.38671000000025
 20
-69.0349140000002
 10
66.38594800000025
 20
-68.9851300000002
 10
66.38569400000026
 20
-68.9353460000002
 10
66.38569400000026
 20
-68.86956000000019
 10
66.38569400000026
 20
-68.80377400000017
 10
66.38569400000026
 20
-68.73798800000017
 10
66.38569400000026
 20
-68.67220200000017
 10
66.38569400000026
 20
-68.60641600000017
 10
66.38569400000026
 20
-68.54063000000016
 10
66.38569400000026
 20
-68.47484400000016
 10
66.38569400000026
 20
-68.40905800000016
 10
66.38569400000026
 20
-68.34327200000016
 10
66.38569400000026
 20
-68.27748600000015
 10
66.38569400000026
 20
-68.21170000000015
 10
66.38569400000026
 20
-68.14591400000015
 10
66.38569400000026
 20
-68.08012800000014
 10
66.38569400000026
 20
-68.01434200000014
 10
66.38569400000026
 20
-67.94855600000014
 10
66.38569400000026
 20
-67.88277000000014
 10
66.38569400000026
 20
-67.81698400000013
 10
66.38569400000026
 20
-67.75119800000012
 10
66.38569400000026
 20
-67.68541200000011
 10
66.38569400000026
 20
-67.61962600000011
 10
66.38569400000026
 20
-67.55384000000011
 10
66.38569400000026
 20
-67.4880540000001
 10
66.38569400000026
 20
-67.4222680000001
 10
66.38569400000026
 20
-67.3564820000001
 10
66.38569400000026
 20
-67.2906960000001
 10
66.38569400000026
 20
-67.2249100000001
 10
66.38569400000026
 20
-67.15912400000009
 10
66.38569400000026
 20
-67.09333800000009
 10
66.38569400000026
 20
-67.02755200000009
 10
66.38569400000026
 20
-66.96176600000008
 10
66.38569400000026
 20
-66.89598000000008
 10
66.38569400000026
 20
-66.83019400000008
 10
65.17894000000027
 20
-66.83171800000007
 10
63.972186000000264
 20
-66.83324200000006
 10
62.76543200000026
 20
-66.83476600000004
 10
61.55867800000026
 20
-66.83629000000005
 10
60.35192400000026
 20
-66.83781400000004
 10
59.145170000000256
 20
-66.83933800000003
 10
57.93841600000026
 20
-66.84086200000002
 10
56.731662000000256
 20
-66.84238600000002
 10
55.52490800000025
 20
-66.84391000000001
 10
54.318154000000256
 20
-66.845434
 10
53.11140000000025
 20
-66.84695799999999
 10
51.90464600000025
 20
-66.84848199999999
 10
50.69789200000025
 20
-66.85000599999998
 10
49.49113800000025
 20
-66.85152999999997
 10
48.284384000000244
 20
-66.85305399999996
 10
47.07763000000025
 20
-66.85457799999996
 10
45.870876000000244
 20
-66.85610199999995
 10
44.66412200000024
 20
-66.85762599999994
 10
43.457368000000244
 20
-66.85914999999993
 10
42.25061400000024
 20
-66.86067399999993
 10
41.04386000000024
 20
-66.86219799999992
 10
39.83710600000024
 20
-66.86372199999991
 10
38.63035200000024
 20
-66.8652459999999
 10
37.42359800000023
 20
-66.8667699999999
 10
36.216844000000236
 20
-66.86829399999989
 10
35.01009000000023
 20
-66.86981799999988
 10
33.80333600000023
 20
-66.87134199999987
 10
32.59658200000023
 20
-66.87286599999987
 10
31.38982800000023
 20
-66.87438999999986
 10
30.18307400000023
 20
-66.87591399999985
 10
28.97632000000023
 20
-66.87743799999984
 10
27.769566000000225
 20
-66.87896199999985
 10
27.763978000000225
 20
-67.08165399999984
 10
27.758390000000222
 20
-67.28434599999984
 10
27.752802000000223
 20
-67.48703799999984
 10
27.74721400000022
 20
-67.68972999999984
 10
27.74162600000022
 20
-67.89242199999984
 10
27.736038000000217
 20
-68.09511399999984
 10
27.730450000000218
 20
-68.29780599999984
 10
27.724862000000215
 20
-68.50049799999985
 10
27.719274000000212
 20
-68.70318999999985
 10
27.713686000000212
 20
-68.90588199999985
 10
27.70809800000021
 20
-69.10857399999985
 10
27.70251000000021
 20
-69.31126599999985
 10
27.696922000000207
 20
-69.51395799999985
 10
27.691334000000207
 20
-69.71664999999985
 10
27.685746000000204
 20
-69.91934199999984
 10
27.680158000000205
 20
-70.12203399999984
 10
27.6745700000002
 20
-70.32472599999986
 10
27.668982000000202
 20
-70.52741799999986
 10
27.6633940000002
 20
-70.73010999999985
 10
27.657806000000196
 20
-70.93280199999985
 10
27.652218000000197
 20
-71.13549399999985
 10
27.646630000000194
 20
-71.33818599999985
 10
27.641042000000194
 20
-71.54087799999985
 10
27.63545400000019
 20
-71.74356999999985
 10
27.62986600000019
 20
-71.94626199999985
 10
27.62427800000019
 20
-72.14895399999985
 10
27.61869000000019
 20
-72.35164599999986
 10
27.613102000000186
 20
-72.55433799999986
 10
27.607514000000187
 20
-72.75702999999986
 10
27.601926000000184
 20
-72.95972199999986
 10
27.59633800000018
 20
-73.16241399999986
 10
27.59075000000018
 20
-73.36510599999986
 10
27.59049600000018
 20
-73.43089199999986
 10
27.59379800000018
 20
-73.49591599999985
 10
27.600148000000182
 20
-73.56017799999985
 10
27.60980000000018
 20
-73.62342399999986
 10
27.62250000000018
 20
-73.68565399999986
 10
27.638248000000182
 20
-73.74661399999985
 10
27.65704400000018
 20
-73.80630399999986
 10
27.678634000000176
 20
-73.86472399999987
 10
27.703018000000178
 20
-73.92187399999987
 10
27.73019600000018
 20
-73.97749999999986
 10
27.75991400000018
 20
-74.03160199999988
 10
27.79217200000018
 20
-74.08392599999988
 10
27.82671600000018
 20
-74.13472599999987
 10
27.86380000000018
 20
-74.18349399999988
 10
27.903170000000177
 20
-74.23048399999988
 10
27.94482600000018
 20
-74.27544199999988
 10
27.988514000000176
 20
-74.31836799999988
 10
28.03423400000018
 20
-74.35926199999989
 10
28.08198600000018
 20
-74.39786999999988
 10
28.13151600000018
 20
-74.43419199999987
 10
28.182824000000178
 20
-74.46797399999987
 10
28.235910000000178
 20
-74.49946999999987
 10
28.29052000000018
 20
-74.52817199999987
 10
28.346908000000177
 20
-74.55433399999987
 10
28.40456600000018
 20
-74.57770199999987
 10
28.46374800000018
 20
-74.59827599999987
 10
28.52420000000018
 20
-74.61605599999987
 10
28.585922000000178
 20
-74.63078799999987
 10
28.648660000000177
 20
-74.64247199999987
 10
28.71266800000018
 20
-74.65085399999987
 10
28.77769200000018
 20
-74.65618799999987
 10
28.84347800000018
 20
-74.65821999999987
 10
29.69412400000018
 20
-74.66152199999986
 10
30.54477000000018
 20
-74.66482399999987
 10
31.395416000000182
 20
-74.66812599999986
 10
32.24606200000018
 20
-74.67142799999985
 10
33.09670800000018
 20
-74.67472999999984
 10
33.947354000000175
 20
-74.67803199999983
 10
34.79800000000017
 20
-74.68133399999984
 10
35.64864600000017
 20
-74.68463599999983
 10
36.49929200000017
 20
-74.68793799999982
 10
37.349938000000165
 20
-74.69123999999981
 10
38.20058400000016
 20
-74.69454199999981
 10
39.05123000000016
 20
-74.6978439999998
 10
39.90187600000016
 20
-74.7011459999998
 10
40.752522000000155
 20
-74.70444799999979
 10
41.60316800000015
 20
-74.70774999999979
 10
42.45381400000015
 20
-74.71105199999978
 10
43.30446000000015
 20
-74.71435399999977
 10
44.155106000000146
 20
-74.71765599999976
 10
45.00575200000014
 20
-74.72095799999975
 10
45.85639800000014
 20
-74.72425999999976
 10
46.70704400000014
 20
-74.72756199999975
 10
47.557690000000136
 20
-74.73086399999974
 10
48.40833600000013
 20
-74.73416599999973
 10
49.25898200000013
 20
-74.73746799999974
 10
50.10962800000013
 20
-74.74076999999973
 10
50.960274000000126
 20
-74.74407199999972
 10
51.810920000000124
 20
-74.74737399999971
 10
52.66156600000012
 20
-74.75067599999971
 10
53.51221200000012
 20
-74.7539779999997
 10
54.36285800000011
 20
-74.7572799999997
 10
55.21350400000011
 20
-74.76058199999969
 10
56.064150000000105
 20
-74.76388399999968
 10
56.103266000000104
 20
-74.76413799999968
 10
56.142382000000104
 20
-74.76439199999967
 10
56.181498000000104
 20
-74.76464599999967
 10
56.220614000000104
 20
-74.76489999999966
 10
56.259730000000104
 20
-74.76515399999965
 10
56.298846000000104
 20
-74.76540799999965
 10
56.337962000000104
 20
-74.76566199999964
 10
56.3770780000001
 20
-74.76591599999963
 10
56.4161940000001
 20
-74.76616999999963
 10
56.4553100000001
 20
-74.76642399999963
 10
56.4944260000001
 20
-74.76667799999962
 10
56.5335420000001
 20
-74.76693199999961
 10
56.5726580000001
 20
-74.76718599999961
 10
56.611774000000096
 20
-74.7674399999996
 10
56.650890000000096
 20
-74.7676939999996
 10
56.690006000000096
 20
-74.76794799999959
 10
56.72912200000009
 20
-74.76820199999958
 10
56.76823800000009
 20
-74.76845599999957
 10
56.80735400000009
 20
-74.76870999999957
 10
56.84647000000009
 20
-74.76896399999957
 10
56.88558600000009
 20
-74.76921799999955
 10
56.92470200000009
 20
-74.76947199999955
 10
56.96381800000009
 20
-74.76972599999955
 10
57.00293400000009
 20
-74.76997999999953
 10
57.04205000000008
 20
-74.77023399999953
 10
57.08116600000008
 20
-74.77048799999953
 10
57.12028200000008
 20
-74.77074199999952
 10
57.15939800000008
 20
-74.77099599999951
 10
57.19851400000008
 20
-74.77124999999951
 10
57.23763000000008
 20
-74.77150399999951
 10
57.27674600000008
 20
-74.7717579999995
 10
57.31586200000008
 20
-74.77201199999949
 10
57.49848800000008
 20
-74.77658399999949
 10
57.67933600000007
 20
-74.78902999999949
 10
57.858152000000075
 20
-74.80934999999947
 10
58.03493600000007
 20
-74.83703599999947
 10
58.20943400000008
 20
-74.87234199999948
 10
58.381392000000076
 20
-74.91475999999946
 10
58.55055600000008
 20
-74.96428999999947
 10
58.71692600000008
 20
-75.02067799999946
 10
58.88024800000007
 20
-75.08392399999947
 10
59.040268000000076
 20
-75.15377399999946
 10
59.196732000000075
 20
-75.23022799999946
 10
59.34964000000008
 20
-75.31303199999947
 10
59.498738000000074
 20
-75.40193199999946
 10
59.64377200000008
 20
-75.49692799999947
 10
59.78474200000008
 20
-75.59776599999947
 10
59.92139400000008
 20
-75.70444599999948
 10
60.05347400000009
 20
-75.81671399999948
 10
60.18072800000009
 20
-75.93431599999948
 10
60.30315600000009
 20
-76.05725199999948
 10
60.42025000000009
 20
-76.18552199999948
 10
60.532010000000085
 20
-76.31861799999947
 10
60.63843600000009
 20
-76.45653999999948
 10
60.73927400000009
 20
-76.59928799999948
 10
60.834016000000084
 20
-76.74635399999949
 10
60.922916000000086
 20
-76.89799199999948
 10
61.005466000000084
 20
-77.05369399999948
 10
61.081666000000084
 20
-77.21345999999949
 10
61.15126200000008
 20
-77.37728999999948
 10
61.21400000000009
 20
-77.54492999999948
 10
61.269880000000086
 20
-77.71612599999948
 10
61.31864800000009
 20
-77.89087799999947
 10
61.36005000000009
 20
-78.06893199999948
 10
61.36741600000009
 20
-78.10449199999948
 10
61.37478200000009
 20
-78.14005199999947
 10
61.382148000000086
 20
-78.17561199999948
 10
61.38951400000009
 20
-78.21117199999946
 10
61.39688000000009
 20
-78.24673199999947
 10
61.404246000000086
 20
-78.28229199999946
 10
61.41161200000008
 20
-78.31785199999946
 10
61.41897800000008
 20
-78.35341199999945
 10
61.426344000000086
 20
-78.38897199999946
 10
61.43371000000008
 20
-78.42453199999945
 10
61.44107600000008
 20
-78.46009199999945
 10
61.44844200000008
 20
-78.49565199999944
 10
61.45580800000008
 20
-78.53121199999944
 10
61.46317400000008
 20
-78.56677199999943
 10
61.47054000000008
 20
-78.60233199999944
 10
61.477906000000075
 20
-78.63789199999943
 10
61.48527200000007
 20
-78.67345199999943
 10
61.49263800000008
 20
-78.70901199999942
 10
61.500004000000075
 20
-78.74457199999942
 10
61.50737000000007
 20
-78.78013199999941
 10
61.51473600000007
 20
-78.81569199999942
 10
61.522102000000075
 20
-78.8512519999994
 10
61.52946800000007
 20
-78.88681199999941
 10
61.53683400000007
 20
-78.9223719999994
 10
61.54420000000007
 20
-78.9579319999994
 10
61.551566000000065
 20
-78.99349199999939
 10
61.55893200000007
 20
-79.02905199999938
 10
61.56629800000007
 20
-79.06461199999939
 10
61.573664000000065
 20
-79.10017199999938
 10
61.58103000000006
 20
-79.13573199999938
 10
61.58839600000006
 20
-79.17129199999937
 10
61.595762000000065
 20
-79.20685199999937
 10
62.26352800000006
 20
-79.20685199999937
 10
62.93129400000006
 20
-79.20685199999937
 10
63.59906000000006
 20
-79.20685199999937
 10
64.26682600000005
 20
-79.20685199999937
 10
64.93459200000005
 20
-79.20685199999937
 10
65.60235800000005
 20
-79.20685199999937
 10
66.27012400000007
 20
-79.20685199999937
 10
66.93789000000007
 20
-79.20685199999937
 10
67.60565600000007
 20
-79.20685199999937
 10
68.27342200000008
 20
-79.20685199999937
 10
68.94118800000008
 20
-79.20685199999937
 10
69.60895400000008
 20
-79.20685199999937
 10
70.27672000000008
 20
-79.20685199999937
 10
70.9444860000001
 20
-79.20685199999937
 10
71.6122520000001
 20
-79.20685199999937
 10
72.2800180000001
 20
-79.20685199999937
 10
72.94778400000011
 20
-79.20685199999937
 10
73.61555000000011
 20
-79.20685199999937
 10
74.28331600000011
 20
-79.20685199999937
 10
74.95108200000013
 20
-79.20685199999937
 10
75.61884800000013
 20
-79.20685199999937
 10
76.28661400000013
 20
-79.20685199999937
 10
76.95438000000014
 20
-79.20685199999937
 10
77.62214600000014
 20
-79.20685199999937
 10
78.28991200000014
 20
-79.20685199999937
 10
78.95767800000016
 20
-79.20685199999937
 10
79.62544400000016
 20
-79.20685199999937
 10
80.29321000000016
 20
-79.20685199999937
 10
80.96097600000017
 20
-79.20685199999937
 10
81.62874200000017
 20
-79.20685199999937
 10
82.29650800000017
 20
-79.20685199999937
 10
82.96427400000019
 20
-79.20685199999937
 10
82.86826200000019
 20
-79.09940999999937
 10
82.77479000000018
 20
-78.98993599999937
 10
82.68411200000018
 20
-78.87842999999937
 10
82.59622800000018
 20
-78.76489199999936
 10
82.51139200000017
 20
-78.64957599999937
 10
82.42960400000018
 20
-78.53222799999936
 10
82.35086400000017
 20
-78.41310199999937
 10
82.27542600000017
 20
-78.29219799999937
 10
82.20354400000016
 20
-78.16976999999936
 10
82.13521800000017
 20
-78.04556399999937
 10
82.07044800000017
 20
-77.91983399999937
 10
82.00948800000016
 20
-77.79257999999938
 10
81.95233800000015
 20
-77.66380199999938
 10
81.89925200000016
 20
-77.53349999999938
 10
81.85023000000017
 20
-77.40192799999939
 10
81.80552600000017
 20
-77.26908599999938
 10
81.76514000000017
 20
-77.13497399999937
 10
81.72932600000016
 20
-76.99959199999937
 10
81.69808400000016
 20
-76.86293999999937
 10
81.67141400000015
 20
-76.72527199999938
 10
81.64957000000015
 20
-76.58658799999938
 10
81.63280600000016
 20
-76.44688799999938
 10
81.62112200000017
 20
-76.30617199999938
 10
81.61451800000016
 20
-76.16443999999939
 10
81.61324800000017
 20
-76.02194599999939
 10
81.61731200000017
 20
-75.87868999999938
 10
81.62696400000017
 20
-75.73467199999938
 10
81.64220400000018
 20
-75.58989199999938
 10
81.66328600000018
 20
-75.44460399999939
 10
81.69021000000018
 20
-75.29880799999938
 10
81.72297600000019
 20
-75.15250399999937
  0
LWPOLYLINE
  5
30
330
17
100
AcDbEntity
  8
0
100
AcDbPolyline
 90
640
 70
1
 10
100.2482120000002
 20
-75.27493199999938
 10
100.23957600000018
 20
-75.27493199999938
 10
100.23094000000019
 20
-75.27493199999938
 10
100.2223040000002
 20
-75.27493199999938
 10
100.2136680000002
 20
-75.27493199999938
 10
100.2050320000002
 20
-75.27493199999938
 10
100.1963960000002
 20
-75.27493199999938
 10
100.1877600000002
 20
-75.27493199999938
 10
100.1791240000002
 20
-75.27493199999938
 10
100.1704880000002
 20
-75.27493199999938
 10
100.16185200000021
 20
-75.27493199999938
 10
100.15321600000021
 20
-75.27493199999938
 10
100.14458000000022
 20
-75.27493199999938
 10
100.13594400000022
 20
-75.27493199999938
 10
100.12730800000021
 20
-75.27493199999938
 10
100.11867200000022
 20
-75.27493199999938
 10
100.11003600000022
 20
-75.27493199999938
 10
100.10140000000023
 20
-75.27493199999938
 10
100.09276400000023
 20
-75.27493199999938
 10
100.08412800000023
 20
-75.27493199999938
 10
100.07549200000022
 20
-75.27493199999938
 10
100.06685600000023
 20
-75.27493199999938
 10
100.05822000000023
 20
-75.27493199999938
 10
100.04958400000024
 20
-75.27493199999938
 10
100.04094800000024
 20
-75.27493199999938
 10
100.03231200000025
 20
-75.27493199999938
 10
100.02367600000024
 20
-75.27493199999938
 10
100.01504000000024
 20
-75.27493199999938
 10
100.00640400000024
 20
-75.27493199999938
 10
99.99776800000025
 20
-75.27493199999938
 10
99.98913200000025
 20
-75.27493199999938
 10
99.98049600000026
 20
-75.27493199999938
 10
99.97186000000025
 20
-75.27493199999938
 10
99.90937600000026
 20
-75.27239199999939
 10
99.84790800000026
 20
-75.26502599999938
 10
99.78745600000026
 20
-75.25283399999938
 10
99.72802000000026
 20
-75.23606999999939
 10
99.66985400000027
 20
-75.21498799999938
 10
99.61295800000026
 20
-75.18984199999939
 10
99.55733200000027
 20
-75.16063199999938
 10
99.50323000000026
 20
-75.12786599999939
 10
99.45065200000026
 20
-75.09154399999939
 10
99.39959800000025
 20
-75.05191999999938
 10
99.35032200000025
 20
-75.00899399999939
 10
99.30282400000026
 20
-74.96327399999939
 10
99.25710400000025
 20
-74.91475999999939
 10
99.21316200000025
 20
-74.86370599999938
 10
99.17125200000024
 20
-74.81011199999938
 10
99.13137400000025
 20
-74.75448599999939
 10
99.09352800000025
 20
-74.6968279999994
 10
99.05796800000026
 20
-74.6373919999994
 10
99.02469400000025
 20
-74.5764319999994
 10
98.99370600000026
 20
-74.5142019999994
 10
98.96500400000025
 20
-74.4507019999994
 10
98.93884200000025
 20
-74.38618599999938
 10
98.91522000000025
 20
-74.32090799999939
 10
98.89439200000025
 20
-74.25512199999939
 10
98.87610400000025
 20
-74.18882799999938
 10
98.86061000000025
 20
-74.12253399999938
 10
98.84816400000027
 20
-74.05623999999936
 10
98.83851200000026
 20
-73.98994599999936
 10
98.83190800000025
 20
-73.92415999999936
 10
98.82835200000025
 20
-73.85888199999935
 10
98.82809800000025
 20
-73.79461999999936
 10
98.83114600000026
 20
-73.73111999999936
 10
98.83749600000026
 20
-73.58456199999937
 10
98.84384600000024
 20
-73.43800399999935
 10
98.85019600000024
 20
-73.29144599999935
 10
98.85654600000024
 20
-73.14488799999936
 10
98.86289600000023
 20
-72.99832999999936
 10
98.86924600000022
 20
-72.85177199999936
 10
98.87559600000021
 20
-72.70521399999936
 10
98.88194600000021
 20
-72.55865599999936
 10
98.88829600000021
 20
-72.41209799999936
 10
98.89464600000021
 20
-72.26553999999936
 10
98.90099600000019
 20
-72.11898199999936
 10
98.90734600000019
 20
-71.97242399999936
 10
98.91369600000019
 20
-71.82586599999937
 10
98.92004600000018
 20
-71.67930799999937
 10
98.92639600000017
 20
-71.53274999999937
 10
98.93274600000017
 20
-71.38619199999937
 10
98.93909600000016
 20
-71.23963399999937
 10
98.94544600000016
 20
-71.09307599999937
 10
98.95179600000014
 20
-70.94651799999937
 10
98.95814600000014
 20
-70.79995999999937
 10
98.96449600000014
 20
-70.65340199999937
 10
98.97084600000014
 20
-70.50684399999938
 10
98.97719600000012
 20
-70.36028599999936
 10
98.98354600000012
 20
-70.21372799999936
 10
98.98989600000012
 20
-70.06716999999936
 10
98.99624600000011
 20
-69.92061199999937
 10
99.0025960000001
 20
-69.77405399999937
 10
99.0089460000001
 20
-69.62749599999937
 10
99.01529600000009
 20
-69.48093799999937
 10
99.02164600000009
 20
-69.33437999999937
 10
99.02799600000007
 20
-69.18782199999937
 10
99.03434600000007
 20
-69.04126399999937
 10
98.99091200000008
 20
-69.04227999999938
 10
98.94417600000007
 20
-69.04558199999937
 10
98.89439200000007
 20
-69.05091599999938
 10
98.84206800000005
 20
-69.05828199999938
 10
98.78720400000006
 20
-69.06767999999937
 10
98.73030800000006
 20
-69.07910999999937
 10
98.67138000000006
 20
-69.09257199999938
 10
98.61092800000006
 20
-69.10806599999937
 10
98.54895200000004
 20
-69.12533799999936
 10
98.48596000000005
 20
-69.14464199999937
 10
98.42220600000006
 20
-69.16572399999937
 10
98.35769000000005
 20
-69.18858399999937
 10
98.29292000000005
 20
-69.21347599999937
 10
98.22815000000006
 20
-69.23989199999937
 10
98.16338000000005
 20
-69.26808599999937
 10
98.09911800000006
 20
-69.29805799999937
 10
98.03561800000006
 20
-69.32980799999936
 10
97.97313400000006
 20
-69.36308199999935
 10
97.91192000000007
 20
-69.39787999999936
 10
97.85223000000006
 20
-69.43420199999935
 10
97.79406400000006
 20
-69.47204799999935
 10
97.73793000000006
 20
-69.51141799999934
 10
97.68408200000006
 20
-69.55231199999935
 10
97.63277400000007
 20
-69.59472999999934
 10
97.58426000000007
 20
-69.63841799999935
 10
97.53879400000008
 20
-69.68362999999934
 10
97.49663000000008
 20
-69.73011199999934
 10
97.45802200000008
 20
-69.77786399999934
 10
97.42347800000007
 20
-69.82688599999933
 10
97.39299800000008
 20
-69.87717799999933
 10
97.36683600000008
 20
-69.92873999999932
 10
97.34524600000007
 20
-69.98157199999933
 10
97.33280000000009
 20
-70.01332199999933
 10
97.31857600000009
 20
-70.04430999999933
 10
97.30257400000009
 20
-70.07453599999934
 10
97.28504800000009
 20
-70.10399999999933
 10
97.2659980000001
 20
-70.13244799999934
 10
97.24517000000009
 20
-70.16013399999933
 10
97.2230720000001
 20
-70.18705799999934
 10
97.19945000000008
 20
-70.21296599999933
 10
97.17455800000009
 20
-70.23785799999933
 10
97.14839600000009
 20
-70.26173399999934
 10
97.12096400000009
 20
-70.28459399999933
 10
97.09226200000009
 20
-70.30643799999933
 10
97.06254400000007
 20
-70.32726599999933
 10
97.03155600000008
 20
-70.34707799999931
 10
96.99955200000008
 20
-70.36561999999931
 10
96.96678600000008
 20
-70.38314599999931
 10
96.93300400000008
 20
-70.39940199999933
 10
96.89846000000007
 20
-70.41438799999933
 10
96.86315400000008
 20
-70.42835799999933
 10
96.82708600000008
 20
-70.44105799999933
 10
96.79025600000008
 20
-70.45223399999934
 10
96.75291800000008
 20
-70.46213999999932
 10
96.71507200000008
 20
-70.47077599999933
 10
96.67671800000008
 20
-70.47788799999933
 10
96.63785600000007
 20
-70.48372999999934
 10
96.59848600000008
 20
-70.48804799999934
 10
96.55886200000008
 20
-70.49084199999935
 10
96.51898400000009
 20
-70.49211199999934
 10
96.47885200000007
 20
-70.49185799999935
 10
96.43872000000007
 20
-70.49007999999935
 10
96.39833400000008
 20
-70.48677799999935
 10
96.35794800000008
 20
-70.48195199999935
 10
96.21418400000009
 20
-70.47890399999935
 10
96.0704200000001
 20
-70.47585599999935
 10
95.9266560000001
 20
-70.47280799999935
 10
95.7828920000001
 20
-70.46975999999935
 10
95.63912800000011
 20
-70.46671199999935
 10
95.49536400000012
 20
-70.46366399999935
 10
95.35160000000012
 20
-70.46061599999935
 10
95.20783600000013
 20
-70.45756799999936
 10
95.06407200000014
 20
-70.45451999999935
 10
94.92030800000015
 20
-70.45147199999936
 10
94.77654400000016
 20
-70.44842399999935
 10
94.63278000000015
 20
-70.44537599999936
 10
94.48901600000016
 20
-70.44232799999935
 10
94.34525200000017
 20
-70.43927999999934
 10
94.20148800000018
 20
-70.43623199999935
 10
94.05772400000018
 20
-70.43318399999934
 10
93.91396000000019
 20
-70.43013599999935
 10
93.7701960000002
 20
-70.42708799999934
 10
93.62643200000021
 20
-70.42403999999935
 10
93.48266800000022
 20
-70.42099199999934
 10
93.33890400000021
 20
-70.41794399999935
 10
93.19514000000022
 20
-70.41489599999935
 10
93.05137600000023
 20
-70.41184799999935
 10
92.90761200000024
 20
-70.40879999999935
 10
92.76384800000024
 20
-70.40575199999935
 10
92.62008400000025
 20
-70.40270399999935
 10
92.47632000000026
 20
-70.39965599999935
 10
92.33255600000027
 20
-70.39660799999935
 10
92.18879200000028
 20
-70.39355999999935
 10
92.04502800000027
 20
-70.39051199999935
 10
91.90126400000028
 20
-70.38746399999934
 10
91.75750000000029
 20
-70.38441599999935
 10
91.71609800000029
 20
-70.38187599999935
 10
91.6749500000003
 20
-70.37755799999935
 10
91.63431000000028
 20
-70.37171599999934
 10
91.59417800000028
 20
-70.36409599999935
 10
91.55455400000028
 20
-70.35495199999936
 10
91.51543800000029
 20
-70.34428399999936
 10
91.47708400000027
 20
-70.33209199999936
 10
91.43923800000027
 20
-70.31837599999936
 10
91.40215400000028
 20
-70.30338999999935
 10
91.36583200000028
 20
-70.28687999999936
 10
91.33027200000029
 20
-70.26909999999936
 10
91.29547400000028
 20
-70.24979599999935
 10
91.26143800000028
 20
-70.22922199999935
 10
91.22816400000029
 20
-70.20737799999935
 10
91.19590600000029
 20
-70.18426399999935
 10
91.16466400000029
 20
-70.15987999999935
 10
91.13443800000029
 20
-70.13422599999934
 10
91.10522800000028
 20
-70.10755599999933
 10
91.07703400000028
 20
-70.07961599999933
 10
91.04985600000028
 20
-70.05065999999934
 10
91.02369400000028
 20
-70.02043399999934
 10
90.99880200000027
 20
-69.98919199999933
 10
90.97518000000026
 20
-69.95693399999934
 10
90.95282800000025
 20
-69.92365999999934
 10
90.93174600000026
 20
-69.88936999999935
 10
90.91193400000026
 20
-69.85431799999935
 10
90.89339200000026
 20
-69.81824999999935
 10
90.87637400000027
 20
-69.78141999999936
 10
90.86062600000027
 20
-69.74357399999936
 10
90.84640200000027
 20
-69.70496599999936
 10
90.83370200000026
 20
-69.66559599999937
 10
90.82252600000027
 20
-69.62546399999937
 10
90.79407800000025
 20
-69.53173799999935
 10
90.76563000000026
 20
-69.43801199999935
 10
90.73718200000025
 20
-69.34428599999934
 10
90.70873400000025
 20
-69.25055999999934
 10
90.68028600000024
 20
-69.15683399999932
 10
90.65183800000023
 20
-69.06310799999932
 10
90.62339000000023
 20
-68.96938199999931
 10
90.59494200000022
 20
-68.87565599999931
 10
90.56649400000022
 20
-68.78192999999929
 10
90.53804600000021
 20
-68.68820399999929
 10
90.5095980000002
 20
-68.59447799999928
 10
90.4811500000002
 20
-68.50075199999928
 10
90.45270200000019
 20
-68.40702599999926
 10
90.42425400000019
 20
-68.31329999999926
 10
90.39580600000018
 20
-68.21957399999926
 10
90.36735800000017
 20
-68.12584799999925
 10
90.33891000000017
 20
-68.03212199999923
 10
90.31046200000016
 20
-67.93839599999923
 10
90.28201400000016
 20
-67.84466999999923
 10
90.25356600000015
 20
-67.75094399999922
 10
90.22511800000014
 20
-67.6572179999992
 10
90.19667000000014
 20
-67.5634919999992
 10
90.16822200000013
 20
-67.4697659999992
 10
90.13977400000013
 20
-67.3760399999992
 10
90.11132600000012
 20
-67.28231399999919
 10
90.08287800000011
 20
-67.18858799999917
 10
90.05443000000011
 20
-67.09486199999917
 10
90.0259820000001
 20
-67.00113599999916
 10
89.9975340000001
 20
-66.90740999999916
 10
89.96908600000009
 20
-66.81368399999914
 10
89.94063800000008
 20
-66.71995799999914
 10
89.91219000000008
 20
-66.62623199999913
 10
89.80728800000007
 20
-66.62623199999913
 10
89.70238600000008
 20
-66.62623199999913
 10
89.59748400000007
 20
-66.62623199999913
 10
89.49258200000007
 20
-66.62623199999913
 10
89.38768000000006
 20
-66.62623199999913
 10
89.28277800000006
 20
-66.62623199999913
 10
89.17787600000005
 20
-66.62623199999913
 10
89.07297400000006
 20
-66.62623199999913
 10
88.96807200000005
 20
-66.62623199999913
 10
88.86317000000005
 20
-66.62623199999913
 10
88.75826800000004
 20
-66.62623199999913
 10
88.65336600000005
 20
-66.62623199999913
 10
88.54846400000004
 20
-66.62623199999913
 10
88.44356200000004
 20
-66.62623199999913
 10
88.33866000000003
 20
-66.62623199999913
 10
88.23375800000004
 20
-66.62623199999913
 10
88.12885600000003
 20
-66.62623199999913
 10
88.02395400000003
 20
-66.62623199999913
 10
87.91905200000002
 20
-66.62623199999913
 10
87.81415000000003
 20
-66.62623199999913
 10
87.70924800000002
 20
-66.62623199999913
 10
87.60434600000002
 20
-66.62623199999913
 10
87.49944400000001
 20
-66.62623199999913
 10
87.39454200000002
 20
-66.62623199999913
 10
87.28964
 20
-66.62623199999913
 10
87.18473800000001
 20
-66.62623199999913
 10
87.079836
 20
-66.62623199999913
 10
86.974934
 20
-66.62623199999913
 10
86.870032
 20
-66.62623199999913
 10
86.76513
 20
-66.62623199999913
 10
86.66022799999999
 20
-66.62623199999913
 10
86.555326
 20
-66.62623199999913
 10
86.64600399999999
 20
-66.99783399999914
 10
86.736682
 20
-67.36943599999914
 10
86.82736000000001
 20
-67.74103799999915
 10
86.91803800000001
 20
-68.11263999999916
 10
87.00871600000002
 20
-68.48424199999916
 10
87.09939400000003
 20
-68.85584399999917
 10
87.19007200000004
 20
-69.22744599999918
 10
87.28075000000004
 20
-69.59904799999917
 10
87.37142800000005
 20
-69.97064999999918
 10
87.46210600000006
 20
-70.34225199999919
 10
87.55278400000006
 20
-70.7138539999992
 10
87.64346200000007
 20
-71.0854559999992
 10
87.73414000000008
 20
-71.45705799999921
 10
87.82481800000009
 20
-71.82865999999922
 10
87.91549600000009
 20
-72.20026199999921
 10
88.0061740000001
 20
-72.57186399999922
 10
88.09685200000011
 20
-72.94346599999923
 10
88.18753000000011
 20
-73.31506799999923
 10
88.27820800000012
 20
-73.68666999999924
 10
88.36888600000013
 20
-74.05827199999925
 10
88.45956400000014
 20
-74.42987399999924
 10
88.55024200000014
 20
-74.80147599999925
 10
88.64092000000015
 20
-75.17307799999926
 10
88.73159800000016
 20
-75.54467999999927
 10
88.82227600000016
 20
-75.91628199999927
 10
88.91295400000017
 20
-76.28788399999928
 10
89.00363200000018
 20
-76.65948599999929
 10
89.09431000000019
 20
-77.03108799999929
 10
89.18498800000019
 20
-77.4026899999993
 10
89.2756660000002
 20
-77.7742919999993
 10
89.36634400000021
 20
-78.1458939999993
 10
89.45702200000021
 20
-78.51749599999931
 10
89.45930800000022
 20
-78.51800399999932
 10
89.46642000000023
 20
-78.51978199999932
 10
89.47785000000023
 20
-78.52257599999932
 10
89.49309000000022
 20
-78.52638599999932
 10
89.51214000000023
 20
-78.53146599999931
 10
89.53474600000023
 20
-78.53781599999931
 10
89.56040000000023
 20
-78.5454359999993
 10
89.58910200000022
 20
-78.5543259999993
 10
89.62034400000022
 20
-78.56448599999932
 10
89.65387200000022
 20
-78.57591599999932
 10
89.68943200000022
 20
-78.58861599999932
 10
89.72677000000022
 20
-78.60283999999932
 10
89.76563200000022
 20
-78.61833399999931
 10
89.80551000000021
 20
-78.63535199999932
 10
89.84640400000022
 20
-78.65363999999931
 10
89.88780600000023
 20
-78.6734519999993
 10
89.92946200000021
 20
-78.6947879999993
 10
89.97111800000022
 20
-78.7176479999993
 10
90.01252000000022
 20
-78.7420319999993
 10
90.05341400000022
 20
-78.76819399999931
 10
90.09354600000022
 20
-78.7958799999993
 10
90.13240800000023
 20
-78.8250899999993
 10
90.17000000000023
 20
-78.8560779999993
 10
90.20581400000023
 20
-78.88884399999931
 10
90.23959600000023
 20
-78.92313399999931
 10
90.27109200000024
 20
-78.95920199999931
 10
90.30004800000023
 20
-78.99704799999931
 10
90.32621000000023
 20
-79.03667199999931
 10
90.34932400000024
 20
-79.07807399999932
 10
90.36888200000024
 20
-79.12150799999931
 10
90.38488400000023
 20
-79.16671999999932
 10
90.39682200000024
 20
-79.21370999999931
 10
90.40317200000024
 20
-79.22031399999932
 10
90.40952200000022
 20
-79.22691799999932
 10
90.41587200000022
 20
-79.23352199999931
 10
90.42222200000022
 20
-79.24012599999932
 10
90.42857200000022
 20
-79.24672999999932
 10
90.4349220000002
 20
-79.25333399999933
 10
90.4412720000002
 20
-79.25993799999932
 10
90.4476220000002
 20
-79.26654199999933
 10
90.45397200000019
 20
-79.27314599999933
 10
90.46032200000018
 20
-79.27974999999934
 10
90.46667200000017
 20
-79.28635399999933
 10
90.47302200000017
 20
-79.29295799999935
 10
90.47937200000017
 20
-79.29956199999934
 10
90.48572200000015
 20
-79.30616599999935
 10
90.49207200000015
 20
-79.31276999999935
 10
90.49842200000015
 20
-79.31937399999936
 10
90.50477200000014
 20
-79.32597799999935
 10
90.51112200000014
 20
-79.33258199999936
 10
90.51747200000013
 20
-79.33918599999936
 10
90.52382200000012
 20
-79.34578999999937
 10
90.53017200000012
 20
-79.35239399999936
 10
90.53652200000012
 20
-79.35899799999937
 10
90.5428720000001
 20
-79.36560199999937
 10
90.5492220000001
 20
-79.37220599999938
 10
90.5555720000001
 20
-79.37880999999938
 10
90.5619220000001
 20
-79.38541399999939
 10
90.56827200000008
 20
-79.39201799999938
 10
90.57462200000008
 20
-79.39862199999938
 10
90.58097200000007
 20
-79.40522599999939
 10
90.58732200000007
 20
-79.41182999999938
 10
90.59367200000005
 20
-79.4184339999994
 10
90.60002200000005
 20
-79.42503799999939
 10
90.68917600000006
 20
-79.4468819999994
 10
90.78849000000005
 20
-79.4730439999994
 10
90.89745600000005
 20
-79.5037779999994
 10
91.01531200000005
 20
-79.53933799999939
 10
91.14155000000005
 20
-79.5802319999994
 10
91.27566200000007
 20
-79.6264599999994
 10
91.41714000000006
 20
-79.6782759999994
 10
91.56522200000008
 20
-79.7361879999994
 10
91.71940000000008
 20
-79.8001959999994
 10
91.87916600000008
 20
-79.87080799999941
 10
92.0437580000001
 20
-79.9480239999994
 10
92.21292200000009
 20
-80.0323519999994
 10
92.38589600000009
 20
-80.1240459999994
 10
92.56191800000008
 20
-80.2233599999994
 10
92.74073400000009
 20
-80.33054799999941
 10
92.92158200000009
 20
-80.44586399999942
 10
93.10395400000009
 20
-80.56956199999942
 10
93.28708800000008
 20
-80.70189599999942
 10
93.47073000000009
 20
-80.84311999999942
 10
93.65411800000008
 20
-80.99348799999942
 10
93.83674400000008
 20
-81.1535079999994
 10
94.01784600000009
 20
-81.32317999999941
 10
94.1971700000001
 20
-81.50301199999942
 10
94.3739540000001
 20
-81.69300399999942
 10
94.5476900000001
 20
-81.89366399999942
 10
94.7176160000001
 20
-82.10524599999943
 10
94.8832240000001
 20
-82.32800399999944
 10
95.0440060000001
 20
-82.56219199999944
 10
95.1994540000001
 20
-82.80806399999945
 10
95.3490600000001
 20
-83.06587399999944
 10
95.49206200000009
 20
-83.33587599999943
 10
95.6279520000001
 20
-83.61832399999945
 10
95.6942460000001
 20
-83.76564399999944
 10
95.76028600000011
 20
-83.91677399999945
 10
95.8258180000001
 20
-84.07145999999943
 10
95.8910960000001
 20
-84.22995599999945
 10
95.9558660000001
 20
-84.39200799999944
 10
96.02038200000011
 20
-84.55786999999944
 10
96.0846440000001
 20
-84.72754199999945
 10
96.14865200000011
 20
-84.90102399999944
 10
96.21266000000011
 20
-85.07831599999945
 10
96.2764140000001
 20
-85.25941799999944
 10
96.34016800000009
 20
-85.44432999999945
 10
96.4036680000001
 20
-85.63305199999945
 10
96.4671680000001
 20
-85.82583799999945
 10
96.53066800000009
 20
-86.02243399999945
 10
96.5941680000001
 20
-86.22309399999945
 10
96.6576680000001
 20
-86.42756399999946
 10
96.72142200000009
 20
-86.63609799999946
 10
96.78517600000008
 20
-86.84869599999946
 10
96.84918400000008
 20
-87.06510399999945
 10
96.9131920000001
 20
-87.28557599999945
 10
96.97745400000008
 20
-87.51011199999945
 10
97.04197000000009
 20
-87.73871199999945
 10
97.10674000000009
 20
-87.97137599999945
 10
97.17176400000008
 20
-88.20835799999945
 10
97.23729600000007
 20
-88.44940399999945
 10
97.30308200000007
 20
-88.69451399999944
 10
97.36937600000009
 20
-88.94394199999945
 10
97.43617800000008
 20
-89.19768799999946
 10
97.50348800000008
 20
-89.45549799999945
 10
97.57130600000008
 20
-89.71762599999946
 10
97.63963200000008
 20
-89.98407199999944
 10
97.70846600000009
 20
-90.25483599999944
 10
97.73488200000008
 20
-90.12275599999944
 10
97.76790200000008
 20
-89.99016799999944
 10
97.80727200000007
 20
-89.85707199999945
 10
97.85299200000007
 20
-89.72397599999944
 10
97.90480800000007
 20
-89.59113399999944
 10
97.96272000000008
 20
-89.45879999999944
 10
98.02647400000006
 20
-89.32748199999943
 10
98.09607000000007
 20
-89.19743399999943
 10
98.17150800000007
 20
-89.06890999999945
 10
98.25253400000008
 20
-88.94216399999944
 10
98.33889400000007
 20
-88.81770399999944
 10
98.43058800000007
 20
-88.69578399999943
 10
98.52736200000007
 20
-88.57665799999943
 10
98.62921600000007
 20
-88.46057999999944
 10
98.73589600000007
 20
-88.34805799999944
 10
98.84740200000007
 20
-88.23934599999944
 10
98.96373400000009
 20
-88.13469799999945
 10
99.08463800000008
 20
-88.03462199999944
 10
99.20986000000008
 20
-87.93911799999945
 10
99.33940000000008
 20
-87.84869399999945
 10
99.47300400000009
 20
-87.76360399999946
 10
99.61067200000008
 20
-87.68435599999945
 10
99.75215000000009
 20
-87.61120399999945
 10
99.89743800000008
 20
-87.54440199999945
 10
100.04653600000007
 20
-87.48420399999945
 10
100.19893600000009
 20
-87.43086399999946
 10
100.35489200000008
 20
-87.38488999999946
 10
100.51415000000009
 20
-87.34653599999946
 10
100.67645600000009
 20
-87.31630999999945
 10
100.84181000000008
 20
-87.29421199999945
 10
101.00995800000008
 20
-87.28074999999946
 10
101.18090000000008
 20
-87.27617799999946
 10
101.20096600000008
 20
-87.27617799999946
 10
101.22077800000008
 20
-87.27643199999946
 10
101.24059000000007
 20
-87.27668599999944
 10
101.26040200000006
 20
-87.27719399999945
 10
101.28021400000006
 20
-87.27770199999945
 10
101.29977200000006
 20
-87.27846399999945
 10
101.31933000000005
 20
-87.27922599999944
 10
101.33888800000005
 20
-87.27998799999945
 10
101.35819200000006
 20
-87.28100399999944
 10
101.37749600000006
 20
-87.28201999999945
 10
101.39680000000007
 20
-87.28328999999945
 10
101.41610400000008
 20
-87.28455999999944
 10
101.43515400000007
 20
-87.28582999999945
 10
101.45420400000008
 20
-87.28735399999944
 10
101.47325400000007
 20
-87.28887799999943
 10
101.49230400000006
 20
-87.29065599999943
 10
101.51110000000007
 20
-87.29243399999943
 10
101.52989600000006
 20
-87.29421199999943
 10
101.54869200000007
 20
-87.29624399999943
 10
101.56748800000008
 20
-87.29827599999943
 10
101.58603000000006
 20
-87.30030799999942
 10
101.60457200000006
 20
-87.30259399999943
 10
101.62311400000006
 20
-87.30487999999943
 10
101.64165600000005
 20
-87.30716599999944
 10
101.65994400000005
 20
-87.30970599999944
 10
101.67823200000005
 20
-87.31224599999943
 10
101.69652000000006
 20
-87.31478599999943
 10
101.71480800000006
 20
-87.31757999999944
 10
101.73309600000006
 20
-87.32037399999943
 10
101.75113000000006
 20
-87.32316799999944
 10
101.76916400000007
 20
-87.32596199999945
 10
101.78719800000007
 20
-87.32900999999946
 10
101.78211800000008
 20
-87.31605599999945
 10
101.77703800000009
 20
-87.30310199999946
 10
101.7719580000001
 20
-87.29014799999946
 10
101.7668780000001
 20
-87.27719399999947
 10
101.7617980000001
 20
-87.26423999999946
 10
101.7567180000001
 20
-87.25128599999947
 10
101.75163800000011
 20
-87.23833199999947
 10
101.74655800000012
 20
-87.22537799999948
 10
101.74147800000011
 20
-87.21242399999949
 10
101.73639800000012
 20
-87.19946999999948
 10
101.73131800000013
 20
-87.18651599999949
 10
101.72623800000014
 20
-87.17356199999949
 10
101.72115800000014
 20
-87.1606079999995
 10
101.71607800000014
 20
-87.14765399999949
 10
101.71099800000015
 20
-87.1346999999995
 10
101.70591800000015
 20
-87.1217459999995
 10
101.70083800000016
 20
-87.10879199999951
 10
101.69575800000017
 20
-87.0958379999995
 10
101.69067800000016
 20
-87.08288399999951
 10
101.68559800000017
 20
-87.06992999999952
 10
101.68051800000018
 20
-87.05697599999952
 10
101.67543800000018
 20
-87.04402199999952
 10
101.67035800000019
 20
-87.03106799999952
 10
101.66527800000019
 20
-87.01811399999953
 10
101.6601980000002
 20
-87.00515999999953
 10
101.6551180000002
 20
-86.99220599999953
 10
101.65003800000021
 20
-86.97925199999953
 10
101.64495800000022
 20
-86.96629799999954
 10
101.63987800000021
 20
-86.95334399999955
 10
101.63479800000022
 20
-86.94038999999954
 10
101.62971800000022
 20
-86.92743599999955
 10
101.62463800000023
 20
-86.91448199999955
 10
101.61193800000022
 20
-86.88044599999955
 10
101.60050800000022
 20
-86.84615599999955
 10
101.59034800000022
 20
-86.81161199999954
 10
101.58145800000021
 20
-86.77681399999955
 10
101.57383800000022
 20
-86.74201599999954
 10
101.56723400000021
 20
-86.70696399999954
 10
101.56190000000021
 20
-86.67191199999955
 10
101.55783600000021
 20
-86.63660599999956
 10
101.5550420000002
 20
-86.60129999999955
 10
101.55351800000021
 20
-86.56599399999955
 10
101.5530100000002
 20
-86.53068799999954
 10
101.5537720000002
 20
-86.49538199999954
 10
101.5558040000002
 20
-86.46032999999954
 10
101.5588520000002
 20
-86.42527799999955
 10
101.5631700000002
 20
-86.39047999999956
 10
101.56875800000019
 20
-86.35568199999956
 10
101.5753620000002
 20
-86.32113799999955
 10
101.5832360000002
 20
-86.28684799999955
 10
101.5921260000002
 20
-86.25281199999955
 10
101.6022860000002
 20
-86.21902999999955
 10
101.6134620000002
 20
-86.18575599999956
 10
101.6259080000002
 20
-86.15273599999956
 10
101.6393700000002
 20
-86.12022399999957
 10
101.6541020000002
 20
-86.08796599999957
 10
101.6698500000002
 20
-86.05621599999957
 10
101.6868680000002
 20
-86.02497399999956
 10
101.7049020000002
 20
-85.99423999999956
 10
101.72420600000021
 20
-85.96401399999957
 10
101.7445260000002
 20
-85.93454999999956
 10
101.76586200000021
 20
-85.90559399999957
 10
101.78821400000021
 20
-85.87714599999957
 10
101.81183600000021
 20
-85.84945999999957
 10
101.81463000000022
 20
-85.84641199999957
 10
101.81742400000023
 20
-85.84336399999957
 10
101.82021800000024
 20
-85.84031599999958
 10
101.82301200000025
 20
-85.83726799999957
 10
101.82580600000026
 20
-85.83421999999958
 10
101.82860000000025
 20
-85.83117199999957
 10
101.83139400000026
 20
-85.82812399999958
 10
101.83418800000027
 20
-85.82507599999957
 10
101.83698200000028
 20
-85.82202799999956
 10
101.83977600000028
 20
-85.81897999999957
 10
101.84257000000028
 20
-85.81593199999956
 10
101.84536400000029
 20
-85.81288399999957
 10
101.8481580000003
 20
-85.80983599999956
 10
101.8509520000003
 20
-85.80678799999957
 10
101.85374600000031
 20
-85.80373999999956
 10
101.85654000000032
 20
-85.80069199999957
 10
101.85933400000032
 20
-85.79764399999956
 10
101.86212800000033
 20
-85.79459599999957
 10
101.86492200000033
 20
-85.79154799999957
 10
101.86771600000034
 20
-85.78849999999957
 10
101.87051000000035
 20
-85.78545199999957
 10
101.87330400000036
 20
-85.78240399999957
 10
101.87609800000035
 20
-85.77935599999957
 10
101.87889200000036
 20
-85.77630799999957
 10
101.88168600000037
 20
-85.77325999999957
 10
101.88448000000038
 20
-85.77021199999957
 10
101.88727400000039
 20
-85.76716399999957
 10
101.8900680000004
 20
-85.76411599999956
 10
101.89286200000039
 20
-85.76106799999957
 10
101.8956560000004
 20
-85.75801999999956
 10
101.89845000000041
 20
-85.75497199999957
 10
101.90124400000042
 20
-85.75192399999956
 10
101.65638800000042
 20
-85.36889199999958
 10
101.43286800000041
 20
-84.97315999999957
 10
101.22992200000043
 20
-84.56625199999958
 10
101.04653400000042
 20
-84.14994599999957
 10
100.88194200000042
 20
-83.72576599999957
 10
100.73513000000042
 20
-83.29523599999958
 10
100.60533600000042
 20
-82.86013399999958
 10
100.49154400000043
 20
-82.42198399999957
 10
100.39299200000043
 20
-81.98256399999956
 10
100.30866400000043
 20
-81.54339799999956
 10
100.23779800000044
 20
-81.10626399999956
 10
100.17937800000043
 20
-80.67268599999956
 10
100.13238800000043
 20
-80.24418799999955
 10
100.09606600000043
 20
-79.82254799999956
 10
100.06965000000044
 20
-79.40954399999956
 10
100.05212400000043
 20
-79.00669999999955
 10
100.04247200000043
 20
-78.61553999999956
 10
100.03993200000043
 20
-78.23784199999955
 10
100.04374200000044
 20
-77.87512999999954
 10
100.05288600000043
 20
-77.52892799999955
 10
100.06634800000043
 20
-77.20101399999955
 10
100.08336600000044
 20
-76.89316599999955
 10
100.10292400000043
 20
-76.60690799999955
 10
100.12426000000043
 20
-76.34376399999955
 10
100.14635800000043
 20
-76.10551199999955
 10
100.16845600000043
 20
-75.89367599999954
 10
100.18953800000044
 20
-75.71003399999955
 10
100.20884200000044
 20
-75.55610999999955
 10
100.22535200000044
 20
-75.43342799999955
 10
100.23830600000043
 20
-75.34376599999955
 10
100.24668800000045
 20
-75.28890199999954
  0
LWPOLYLINE
  5
31
330
17
100
AcDbEntity
  8
0
100
AcDbPolyline
 90
128
 70
1
 10
130.90626600000044
 20
-52.539391999999545
 10
130.80822200000046
 20
-52.539391999999545
 10
130.71017800000047
 20
-52.539391999999545
 10
130.61213400000045
 20
-52.539391999999545
 10
130.51409000000046
 20
-52.539391999999545
 10
130.41604600000048
 20
-52.539391999999545
 10
130.3180020000005
 20
-52.539391999999545
 10
130.2199580000005
 20
-52.539391999999545
 10
130.12191400000052
 20
-52.539391999999545
 10
130.0238700000005
 20
-52.539391999999545
 10
129.92582600000048
 20
-52.539391999999545
 10
129.8277820000005
 20
-52.539391999999545
 10
129.72973800000048
 20
-52.539391999999545
 10
129.63169400000046
 20
-52.539391999999545
 10
129.53365000000048
 20
-52.539391999999545
 10
129.43560600000046
 20
-52.539391999999545
 10
129.33756200000045
 20
-52.539391999999545
 10
129.23951800000046
 20
-52.539391999999545
 10
129.14147400000044
 20
-52.539391999999545
 10
129.04343000000043
 20
-52.539391999999545
 10
128.94538600000044
 20
-52.539391999999545
 10
128.84734200000042
 20
-52.539391999999545
 10
128.7492980000004
 20
-52.539391999999545
 10
128.65125400000042
 20
-52.539391999999545
 10
128.5532100000004
 20
-52.539391999999545
 10
128.4551660000004
 20
-52.539391999999545
 10
128.3571220000004
 20
-52.539391999999545
 10
128.2590780000004
 20
-52.539391999999545
 10
128.16103400000037
 20
-52.539391999999545
 10
128.06299000000038
 20
-52.539391999999545
 10
127.96494600000037
 20
-52.539391999999545
 10
127.86690200000037
 20
-52.539391999999545
 10
127.76885800000036
 20
-52.539391999999545
 10
127.92227400000036
 20
-52.96001599999954
 10
128.07569000000035
 20
-53.380639999999545
 10
128.22910600000034
 20
-53.80126399999955
 10
128.38252200000034
 20
-54.221887999999545
 10
128.53593800000033
 20
-54.64251199999955
 10
128.68935400000035
 20
-55.06313599999955
 10
128.84277000000034
 20
-55.483759999999556
 10
128.99618600000034
 20
-55.90438399999955
 10
129.14960200000033
 20
-56.325007999999556
 10
129.30301800000032
 20
-56.74563199999956
 10
129.4564340000003
 20
-57.16625599999956
 10
129.6098500000003
 20
-57.58687999999956
 10
129.7632660000003
 20
-58.007503999999564
 10
129.9166820000003
 20
-58.42812799999956
 10
130.0700980000003
 20
-58.848751999999564
 10
130.22351400000034
 20
-59.26937599999957
 10
130.37693000000033
 20
-59.689999999999564
 10
130.53034600000035
 20
-60.11062399999957
 10
130.68376200000037
 20
-60.53124799999957
 10
130.83717800000036
 20
-60.951871999999575
 10
130.99059400000039
 20
-61.37249599999957
 10
131.14401000000038
 20
-61.793119999999575
 10
131.2974260000004
 20
-62.21374399999958
 10
131.45084200000042
 20
-62.634367999999576
 10
131.6042580000004
 20
-63.05499199999958
 10
131.75767400000043
 20
-63.47561599999958
 10
131.91109000000046
 20
-63.89623999999958
 10
132.06450600000045
 20
-64.31686399999958
 10
132.21792200000047
 20
-64.73748799999959
 10
132.37133800000046
 20
-65.15811199999959
 10
132.52475400000048
 20
-65.5787359999996
 10
132.6781700000005
 20
-65.99935999999958
 10
132.7741820000005
 20
-65.99935999999958
 10
132.8701940000005
 20
-65.99935999999958
 10
132.96620600000054
 20
-65.99935999999958
 10
133.06221800000054
 20
-65.99935999999958
 10
133.15823000000054
 20
-65.99935999999958
 10
133.25424200000057
 20
-65.99935999999958
 10
133.35025400000058
 20
-65.99935999999958
 10
133.44626600000058
 20
-65.99935999999958
 10
133.5422780000006
 20
-65.99935999999958
 10
133.6382900000006
 20
-65.99935999999958
 10
133.7343020000006
 20
-65.99935999999958
 10
133.83031400000064
 20
-65.99935999999958
 10
133.92632600000064
 20
-65.99935999999958
 10
134.02233800000064
 20
-65.99935999999958
 10
134.11835000000065
 20
-65.99935999999958
 10
134.21436200000068
 20
-65.99935999999958
 10
134.31037400000068
 20
-65.99935999999958
 10
134.40638600000068
 20
-65.99935999999958
 10
134.5023980000007
 20
-65.99935999999958
 10
134.5984100000007
 20
-65.99935999999958
 10
134.6944220000007
 20
-65.99935999999958
 10
134.79043400000074
 20
-65.99935999999958
 10
134.88644600000075
 20
-65.99935999999958
 10
134.98245800000075
 20
-65.99935999999958
 10
135.07847000000078
 20
-65.99935999999958
 10
135.17448200000078
 20
-65.99935999999958
 10
135.27049400000078
 20
-65.99935999999958
 10
135.3665060000008
 20
-65.99935999999958
 10
135.4625180000008
 20
-65.99935999999958
 10
135.55853000000081
 20
-65.99935999999958
 10
135.65454200000084
 20
-65.99935999999958
 10
135.75055400000085
 20
-65.99935999999958
 10
135.59917000000084
 20
-65.5787359999996
 10
135.44778600000083
 20
-65.15811199999959
 10
135.29640200000085
 20
-64.73748799999959
 10
135.14501800000085
 20
-64.31686399999958
 10
134.99363400000084
 20
-63.89623999999958
 10
134.84225000000083
 20
-63.47561599999958
 10
134.69086600000085
 20
-63.05499199999958
 10
134.53948200000085
 20
-62.634367999999576
 10
134.38809800000084
 20
-62.21374399999958
 10
134.23671400000083
 20
-61.793119999999575
 10
134.08533000000082
 20
-61.37249599999957
 10
133.93394600000084
 20
-60.951871999999575
 10
133.78256200000084
 20
-60.53124799999957
 10
133.63117800000083
 20
-60.11062399999957
 10
133.47979400000082
 20
-59.689999999999564
 10
133.32841000000084
 20
-59.26937599999957
 10
133.17702600000084
 20
-58.848751999999564
 10
133.02564200000083
 20
-58.42812799999956
 10
132.87425800000082
 20
-58.007503999999564
 10
132.72287400000081
 20
-57.58687999999956
 10
132.57149000000084
 20
-57.16625599999956
 10
132.42010600000083
 20
-56.74563199999956
 10
132.26872200000082
 20
-56.325007999999556
 10
132.1173380000008
 20
-55.90438399999955
 10
131.96595400000083
 20
-55.483759999999556
 10
131.81457000000083
 20
-55.06313599999955
 10
131.66318600000082
 20
-54.64251199999955
 10
131.5118020000008
 20
-54.221887999999545
 10
131.3604180000008
 20
-53.80126399999955
 10
131.20903400000083
 20
-53.380639999999545
 10
131.05765000000082
 20
-52.96001599999954
  0
LWPOLYLINE
  5
32
330
17
100
AcDbEntity
  8
0
100
AcDbPolyline
 90
832
 70
1
 10
87.86495000000082
 20
-65.55689199999954
 10
87.86749000000081
 20
-65.57467199999954
 10
87.87003000000081
 20
-65.59245199999954
 10
87.8725700000008
 20
-65.61023199999954
 10
87.8751100000008
 20
-65.62801199999953
 10
87.8776500000008
 20
-65.64579199999953
 10
87.8801900000008
 20
-65.66357199999953
 10
87.88273000000079
 20
-65.68135199999953
 10
87.88527000000079
 20
-65.69913199999952
 10
87.8878100000008
 20
-65.71691199999952
 10
87.8903500000008
 20
-65.73469199999953
 10
87.89289000000079
 20
-65.75247199999953
 10
87.89543000000079
 20
-65.77025199999952
 10
87.89797000000078
 20
-65.78803199999952
 10
87.90051000000078
 20
-65.80581199999952
 10
87.90305000000077
 20
-65.82359199999952
 10
87.90559000000077
 20
-65.84137199999951
 10
87.90813000000077
 20
-65.85915199999951
 10
87.91067000000078
 20
-65.87693199999951
 10
87.91321000000077
 20
-65.89471199999952
 10
87.91575000000077
 20
-65.9124919999995
 10
87.91829000000077
 20
-65.9302719999995
 10
87.92083000000076
 20
-65.9480519999995
 10
87.92337000000076
 20
-65.96583199999951
 10
87.92591000000075
 20
-65.9836119999995
 10
87.92845000000075
 20
-66.0013919999995
 10
87.93099000000075
 20
-66.0191719999995
 10
87.93353000000074
 20
-66.0369519999995
 10
87.93607000000075
 20
-66.05473199999949
 10
87.93861000000075
 20
-66.07251199999949
 10
87.94115000000075
 20
-66.0902919999995
 10
87.94369000000074
 20
-66.1080719999995
 10
87.94623000000074
 20
-66.12585199999948
 10
88.25865000000074
 20
-66.1281379999995
 10
88.57107000000074
 20
-66.1304239999995
 10
88.88349000000075
 20
-66.13270999999949
 10
89.19591000000075
 20
-66.1349959999995
 10
89.50833000000077
 20
-66.1372819999995
 10
89.82075000000077
 20
-66.13956799999951
 10
90.13317000000077
 20
-66.14185399999951
 10
90.44559000000078
 20
-66.14413999999951
 10
90.75801000000078
 20
-66.14642599999952
 10
91.07043000000078
 20
-66.14871199999952
 10
91.38285000000079
 20
-66.15099799999953
 10
91.69527000000079
 20
-66.15328399999953
 10
92.00769000000079
 20
-66.15556999999953
 10
92.32011000000081
 20
-66.15785599999954
 10
92.63253000000081
 20
-66.16014199999954
 10
92.94495000000082
 20
-66.16242799999955
 10
93.25737000000082
 20
-66.16471399999955
 10
93.56979000000082
 20
-66.16699999999955
 10
93.88221000000082
 20
-66.16928599999956
 10
94.19463000000083
 20
-66.17157199999956
 10
94.50705000000083
 20
-66.17385799999957
 10
94.81947000000083
 20
-66.17614399999957
 10
95.13189000000085
 20
-66.17842999999957
 10
95.44431000000085
 20
-66.18071599999958
 10
95.75673000000086
 20
-66.18300199999958
 10
96.06915000000086
 20
-66.18528799999959
 10
96.38157000000086
 20
-66.18757399999959
 10
96.69399000000087
 20
-66.18985999999958
 10
97.00641000000087
 20
-66.1921459999996
 10
97.31883000000087
 20
-66.1944319999996
 10
97.63125000000088
 20
-66.1967179999996
 10
97.94367000000089
 20
-66.1990039999996
 10
97.79584200000089
 20
-65.77279199999961
 10
97.64801400000088
 20
-65.3465799999996
 10
97.5001860000009
 20
-64.92036799999961
 10
97.35235800000089
 20
-64.4941559999996
 10
97.2045300000009
 20
-64.06794399999961
 10
97.0567020000009
 20
-63.64173199999961
 10
96.90887400000089
 20
-63.21551999999961
 10
96.7610460000009
 20
-62.78930799999961
 10
96.6132180000009
 20
-62.36309599999961
 10
96.46539000000091
 20
-61.936883999999615
 10
96.3175620000009
 20
-61.510671999999616
 10
96.1697340000009
 20
-61.084459999999616
 10
96.02190600000091
 20
-60.65824799999962
 10
95.8740780000009
 20
-60.23203599999962
 10
95.72625000000092
 20
-59.80582399999962
 10
95.57842200000091
 20
-59.37961199999962
 10
95.43059400000091
 20
-58.95339999999962
 10
95.28276600000092
 20
-58.52718799999962
 10
95.13493800000091
 20
-58.10097599999962
 10
94.98711000000092
 20
-57.67476399999962
 10
94.83928200000092
 20
-57.24855199999962
 10
94.69145400000092
 20
-56.82233999999962
 10
94.54362600000093
 20
-56.39612799999962
 10
94.39579800000092
 20
-55.96991599999962
 10
94.24797000000093
 20
-55.54370399999962
 10
94.10014200000093
 20
-55.11749199999962
 10
93.95231400000092
 20
-54.69127999999962
 10
93.80448600000094
 20
-54.26506799999962
 10
93.65665800000093
 20
-53.83885599999962
 10
93.50883000000094
 20
-53.412643999999624
 10
93.36100200000094
 20
-52.986431999999624
 10
93.21317400000093
 20
-52.560219999999624
 10
93.01657800000093
 20
-52.560219999999624
 10
92.81998200000093
 20
-52.560219999999624
 10
92.62338600000093
 20
-52.560219999999624
 10
92.42679000000093
 20
-52.560219999999624
 10
92.23019400000094
 20
-52.560219999999624
 10
92.03359800000094
 20
-52.560219999999624
 10
91.83700200000094
 20
-52.560219999999624
 10
91.64040600000094
 20
-52.560219999999624
 10
91.44381000000094
 20
-52.560219999999624
 10
91.24721400000094
 20
-52.560219999999624
 10
91.05061800000094
 20
-52.560219999999624
 10
90.85402200000094
 20
-52.560219999999624
 10
90.65742600000094
 20
-52.560219999999624
 10
90.46083000000094
 20
-52.560219999999624
 10
90.26423400000094
 20
-52.560219999999624
 10
90.06763800000094
 20
-52.560219999999624
 10
89.87104200000094
 20
-52.560219999999624
 10
89.67444600000094
 20
-52.560219999999624
 10
89.47785000000093
 20
-52.560219999999624
 10
89.28125400000093
 20
-52.560219999999624
 10
89.08465800000093
 20
-52.560219999999624
 10
88.88806200000093
 20
-52.560219999999624
 10
88.69146600000093
 20
-52.560219999999624
 10
88.49487000000093
 20
-52.560219999999624
 10
88.29827400000093
 20
-52.560219999999624
 10
88.10167800000093
 20
-52.560219999999624
 10
87.90508200000093
 20
-52.560219999999624
 10
87.70848600000093
 20
-52.560219999999624
 10
87.51189000000093
 20
-52.560219999999624
 10
87.31529400000093
 20
-52.560219999999624
 10
87.11869800000093
 20
-52.560219999999624
 10
86.92210200000093
 20
-52.560219999999624
 10
86.92032400000093
 20
-52.57088799999963
 10
86.91854600000093
 20
-52.58155599999963
 10
86.91676800000093
 20
-52.592223999999625
 10
86.91499000000093
 20
-52.60289199999963
 10
86.91321200000093
 20
-52.61355999999963
 10
86.91143400000092
 20
-52.62422799999963
 10
86.90965600000092
 20
-52.63489599999963
 10
86.90787800000092
 20
-52.64556399999963
 10
86.90610000000092
 20
-52.65623199999963
 10
86.90432200000092
 20
-52.66689999999963
 10
86.90254400000092
 20
-52.67756799999963
 10
86.90076600000091
 20
-52.688235999999634
 10
86.89898800000091
 20
-52.69890399999963
 10
86.89721000000091
 20
-52.70957199999963
 10
86.89543200000091
 20
-52.720239999999635
 10
86.89365400000091
 20
-52.73090799999964
 10
86.8918760000009
 20
-52.74157599999963
 10
86.8900980000009
 20
-52.752243999999635
 10
86.8883200000009
 20
-52.76291199999964
 10
86.8865420000009
 20
-52.77357999999963
 10
86.8847640000009
 20
-52.784247999999636
 10
86.8829860000009
 20
-52.79491599999964
 10
86.8812080000009
 20
-52.805583999999634
 10
86.8794300000009
 20
-52.816251999999636
 10
86.8776520000009
 20
-52.82691999999964
 10
86.87587400000089
 20
-52.837587999999634
 10
86.87409600000089
 20
-52.84825599999964
 10
86.8723180000009
 20
-52.85892399999964
 10
86.8705400000009
 20
-52.86959199999964
 10
86.8687620000009
 20
-52.88025999999964
 10
86.8669840000009
 20
-52.89092799999964
 10
86.8652060000009
 20
-52.90159599999964
 10
86.84615600000089
 20
-52.93207599999964
 10
86.8263440000009
 20
-52.961793999999635
 10
86.8055160000009
 20
-52.99074999999964
 10
86.7839260000009
 20
-53.018943999999635
 10
86.7615740000009
 20
-53.04637599999964
 10
86.7384600000009
 20
-53.073045999999636
 10
86.7145840000009
 20
-53.09895399999964
 10
86.6899460000009
 20
-53.124099999999636
 10
86.66480000000091
 20
-53.148483999999634
 10
86.63889200000091
 20
-53.17210599999963
 10
86.61222200000091
 20
-53.19496599999963
 10
86.5850440000009
 20
-53.21680999999963
 10
86.5571040000009
 20
-53.23789199999963
 10
86.5286560000009
 20
-53.25821199999964
 10
86.4997000000009
 20
-53.27776999999964
 10
86.47023600000091
 20
-53.29656599999964
 10
86.44026400000091
 20
-53.31459999999964
 10
86.4097840000009
 20
-53.33187199999964
 10
86.3787960000009
 20
-53.348381999999646
 10
86.3473000000009
 20
-53.36387599999964
 10
86.3152960000009
 20
-53.378607999999645
 10
86.2830380000009
 20
-53.392577999999645
 10
86.25027200000089
 20
-53.405785999999644
 10
86.2172520000009
 20
-53.41823199999965
 10
86.1837240000009
 20
-53.429661999999645
 10
86.14994200000089
 20
-53.44032999999964
 10
86.11590600000089
 20
-53.45023599999964
 10
86.08161600000089
 20
-53.45937999999964
 10
86.0468180000009
 20
-53.46750799999964
 10
86.0117660000009
 20
-53.474873999999645
 10
85.97671400000091
 20
-53.48147799999965
 10
85.9414080000009
 20
-53.48706599999964
 10
85.8934020000009
 20
-53.48858999999964
 10
85.84539600000089
 20
-53.49011399999964
 10
85.79739000000089
 20
-53.49163799999964
 10
85.74938400000089
 20
-53.49316199999964
 10
85.70137800000087
 20
-53.49468599999964
 10
85.65337200000087
 20
-53.49620999999964
 10
85.60536600000087
 20
-53.49773399999964
 10
85.55736000000086
 20
-53.49925799999964
 10
85.50935400000085
 20
-53.500781999999646
 10
85.46134800000085
 20
-53.50230599999964
 10
85.41334200000084
 20
-53.503829999999645
 10
85.36533600000084
 20
-53.50535399999964
 10
85.31733000000084
 20
-53.506877999999645
 10
85.26932400000082
 20
-53.50840199999964
 10
85.22131800000082
 20
-53.509925999999645
 10
85.17331200000082
 20
-53.51144999999964
 10
85.12530600000082
 20
-53.512973999999645
 10
85.0773000000008
 20
-53.51449799999964
 10
85.0292940000008
 20
-53.516021999999644
 10
84.9812880000008
 20
-53.51754599999964
 10
84.93328200000079
 20
-53.519069999999644
 10
84.88527600000079
 20
-53.52059399999964
 10
84.83727000000079
 20
-53.522117999999644
 10
84.78926400000077
 20
-53.52364199999964
 10
84.74125800000077
 20
-53.52516599999964
 10
84.69325200000077
 20
-53.52668999999964
 10
84.64524600000075
 20
-53.52821399999964
 10
84.59724000000075
 20
-53.52973799999965
 10
84.54923400000075
 20
-53.53126199999964
 10
84.50122800000074
 20
-53.532785999999646
 10
84.45322200000074
 20
-53.53430999999964
 10
84.40521600000073
 20
-53.535833999999646
 10
83.85124200000074
 20
-53.535833999999646
 10
83.29726800000074
 20
-53.535833999999646
 10
82.74329400000074
 20
-53.535833999999646
 10
82.18932000000075
 20
-53.535833999999646
 10
81.63534600000075
 20
-53.535833999999646
 10
81.08137200000075
 20
-53.535833999999646
 10
80.52739800000076
 20
-53.535833999999646
 10
79.97342400000076
 20
-53.535833999999646
 10
79.41945000000077
 20
-53.535833999999646
 10
78.86547600000077
 20
-53.535833999999646
 10
78.31150200000077
 20
-53.535833999999646
 10
77.75752800000078
 20
-53.535833999999646
 10
77.20355400000079
 20
-53.535833999999646
 10
76.6495800000008
 20
-53.535833999999646
 10
76.0956060000008
 20
-53.535833999999646
 10
75.5416320000008
 20
-53.535833999999646
 10
74.9876580000008
 20
-53.535833999999646
 10
74.43368400000081
 20
-53.535833999999646
 10
73.87971000000081
 20
-53.535833999999646
 10
73.32573600000082
 20
-53.535833999999646
 10
72.77176200000082
 20
-53.535833999999646
 10
72.21778800000082
 20
-53.535833999999646
 10
71.66381400000083
 20
-53.535833999999646
 10
71.10984000000083
 20
-53.535833999999646
 10
70.55586600000083
 20
-53.535833999999646
 10
70.00189200000084
 20
-53.535833999999646
 10
69.44791800000084
 20
-53.535833999999646
 10
68.89394400000084
 20
-53.535833999999646
 10
68.33997000000086
 20
-53.535833999999646
 10
67.78599600000086
 20
-53.535833999999646
 10
67.23202200000087
 20
-53.535833999999646
 10
66.67804800000087
 20
-53.535833999999646
 10
66.67677800000087
 20
-53.536087999999644
 10
66.67296800000088
 20
-53.53659599999965
 10
66.66687200000086
 20
-53.53761199999965
 10
66.65823600000087
 20
-53.538881999999646
 10
66.64731400000088
 20
-53.54065999999965
 10
66.63410600000087
 20
-53.54269199999965
 10
66.61886600000086
 20
-53.544977999999645
 10
66.60159400000087
 20
-53.54751799999964
 10
66.58203600000087
 20
-53.55005799999964
 10
66.56070000000086
 20
-53.55285199999964
 10
66.53733200000087
 20
-53.55589999999964
 10
66.51218600000088
 20
-53.55894799999964
 10
66.48526200000087
 20
-53.56199599999964
 10
66.45656000000088
 20
-53.56504399999964
 10
66.42633400000086
 20
-53.56834599999964
 10
66.39433000000088
 20
-53.57139399999964
 10
66.36080200000087
 20
-53.57444199999964
 10
66.32600400000088
 20
-53.57748999999964
 10
66.28968200000088
 20
-53.58053799999964
 10
66.25209000000088
 20
-53.583331999999636
 10
66.21322800000087
 20
-53.58587199999964
 10
66.17309600000087
 20
-53.588411999999636
 10
66.13194800000088
 20
-53.590697999999634
 10
66.08978400000088
 20
-53.592729999999634
 10
66.04660400000087
 20
-53.594507999999635
 10
66.00240800000087
 20
-53.59577799999963
 10
65.95745000000088
 20
-53.59679399999963
 10
65.91173000000087
 20
-53.59755599999963
 10
65.86524800000088
 20
-53.597809999999626
 10
65.81800400000087
 20
-53.59755599999963
 10
65.77025200000088
 20
-53.597047999999624
 10
65.72199200000088
 20
-53.596031999999624
 10
65.69887800000087
 20
-53.52033999999963
 10
65.67271600000088
 20
-53.44591799999962
 10
65.64376000000088
 20
-53.37301999999963
 10
65.61201000000088
 20
-53.30164599999962
 10
65.57746600000087
 20
-53.23179599999962
 10
65.54012800000088
 20
-53.16372399999962
 10
65.50025000000088
 20
-53.09717599999962
 10
65.45783200000089
 20
-53.032405999999625
 10
65.41287400000088
 20
-52.969413999999624
 10
65.36537600000088
 20
-52.90845399999962
 10
65.31559200000088
 20
-52.84952599999962
 10
65.26352200000088
 20
-52.792629999999626
 10
65.20942000000088
 20
-52.737765999999624
 10
65.15303200000088
 20
-52.68518799999963
 10
65.09461200000088
 20
-52.63489599999962
 10
65.03416000000087
 20
-52.58688999999963
 10
64.97193000000087
 20
-52.541169999999624
 10
64.90792200000087
 20
-52.497989999999625
 10
64.84213600000088
 20
-52.45734999999963
 10
64.77457200000087
 20
-52.41924999999963
 10
64.70548400000088
 20
-52.38368999999963
 10
64.63461800000088
 20
-52.35092399999963
 10
64.56248200000088
 20
-52.320951999999636
 10
64.48882200000088
 20
-52.29377399999963
 10
64.41389200000089
 20
-52.26964399999963
 10
64.33769200000089
 20
-52.24856199999963
 10
64.26022200000088
 20
-52.23052799999964
 10
64.18148200000088
 20
-52.21554199999964
 10
64.10172600000088
 20
-52.203857999999634
 10
64.02095400000088
 20
-52.19547599999964
 10
63.93942000000088
 20
-52.19039599999964
 10
63.85687000000088
 20
-52.188617999999636
 10
62.61989000000088
 20
-52.188617999999636
 10
61.38291000000088
 20
-52.188617999999636
 10
60.14593000000088
 20
-52.188617999999636
 10
58.90895000000088
 20
-52.188617999999636
 10
57.671970000000876
 20
-52.188617999999636
 10
56.43499000000087
 20
-52.188617999999636
 10
55.19801000000087
 20
-52.188617999999636
 10
53.961030000000875
 20
-52.188617999999636
 10
52.72405000000087
 20
-52.188617999999636
 10
51.48707000000087
 20
-52.188617999999636
 10
50.25009000000087
 20
-52.188617999999636
 10
49.013110000000864
 20
-52.188617999999636
 10
47.77613000000087
 20
-52.188617999999636
 10
46.539150000000866
 20
-52.188617999999636
 10
45.302170000000864
 20
-52.188617999999636
 10
44.06519000000086
 20
-52.188617999999636
 10
42.828210000000865
 20
-52.188617999999636
 10
41.59123000000086
 20
-52.188617999999636
 10
40.35425000000086
 20
-52.188617999999636
 10
39.11727000000086
 20
-52.188617999999636
 10
37.880290000000855
 20
-52.188617999999636
 10
36.64331000000086
 20
-52.188617999999636
 10
35.40633000000086
 20
-52.188617999999636
 10
34.169350000000854
 20
-52.188617999999636
 10
32.93237000000085
 20
-52.188617999999636
 10
31.695390000000852
 20
-52.188617999999636
 10
30.45841000000085
 20
-52.188617999999636
 10
29.22143000000085
 20
-52.188617999999636
 10
27.984450000000848
 20
-52.188617999999636
 10
26.747470000000845
 20
-52.188617999999636
 10
25.510490000000846
 20
-52.188617999999636
 10
24.273510000000844
 20
-52.188617999999636
 10
24.362156000000844
 20
-52.24017999999964
 10
24.448770000000845
 20
-52.29453599999964
 10
24.533352000000843
 20
-52.35143199999963
 10
24.615648000000842
 20
-52.41061399999963
 10
24.695912000000842
 20
-52.472335999999636
 10
24.773890000000844
 20
-52.53634399999964
 10
24.849582000000844
 20
-52.60263799999964
 10
24.922988000000846
 20
-52.67121799999964
 10
24.994108000000846
 20
-52.74182999999964
 10
25.062942000000845
 20
-52.814473999999635
 10
25.129236000000844
 20
-52.88914999999964
 10
25.193244000000842
 20
-52.965857999999635
 10
25.254712000000843
 20
-53.04434399999963
 10
25.313640000000845
 20
-53.12486199999964
 10
25.370028000000843
 20
-53.20715799999964
 10
25.423622000000844
 20
-53.29097799999965
 10
25.47467600000084
 20
-53.37657599999964
 10
25.52293600000084
 20
-53.46369799999964
 10
25.568656000000843
 20
-53.552343999999636
 10
25.61158200000084
 20
-53.64225999999964
 10
25.65171400000084
 20
-53.733699999999644
 10
25.689052000000842
 20
-53.82640999999965
 10
25.723342000000844
 20
-53.92038999999965
 10
25.75483800000084
 20
-54.01563999999965
 10
25.783286000000842
 20
-54.11190599999964
 10
25.80868600000084
 20
-54.20918799999965
 10
25.831038000000838
 20
-54.30748599999965
 10
25.850342000000836
 20
-54.40679999999964
 10
25.866598000000835
 20
-54.50687599999964
 10
25.879552000000835
 20
-54.607713999999646
 10
25.889458000000836
 20
-54.709313999999644
 10
25.896062000000835
 20
-54.81167599999964
 10
25.897840000000837
 20
-54.84596599999964
 10
25.89961800000084
 20
-54.88025599999964
 10
25.90139600000084
 20
-54.91454599999964
 10
25.90317400000084
 20
-54.94883599999963
 10
25.90495200000084
 20
-54.98312599999963
 10
25.90673000000084
 20
-55.01741599999963
 10
25.908508000000843
 20
-55.051705999999626
 10
25.910286000000845
 20
-55.085995999999625
 10
25.912064000000846
 20
-55.12028599999962
 10
25.913842000000848
 20
-55.15457599999962
 10
25.91562000000085
 20
-55.18886599999962
 10
25.91739800000085
 20
-55.22315599999961
 10
25.919176000000853
 20
-55.25744599999961
 10
25.920954000000854
 20
-55.29173599999961
 10
25.922732000000853
 20
-55.32602599999961
 10
25.924510000000854
 20
-55.36031599999961
 10
25.926288000000856
 20
-55.394605999999605
 10
25.928066000000857
 20
-55.428895999999604
 10
25.92984400000086
 20
-55.463185999999595
 10
25.93162200000086
 20
-55.497475999999594
 10
25.933400000000862
 20
-55.53176599999959
 10
25.935178000000864
 20
-55.56605599999959
 10
25.936956000000865
 20
-55.60034599999959
 10
25.938734000000867
 20
-55.63463599999959
 10
25.940512000000865
 20
-55.66892599999959
 10
25.942290000000867
 20
-55.703215999999586
 10
25.94406800000087
 20
-55.73750599999958
 10
25.94584600000087
 20
-55.771795999999576
 10
25.94762400000087
 20
-55.806085999999574
 10
25.949402000000873
 20
-55.84037599999957
 10
25.951180000000875
 20
-55.87466599999957
 10
25.952958000000876
 20
-55.90895599999957
 10
25.954228000000874
 20
-56.10250399999957
 10
25.958292000000874
 20
-56.28639999999957
 10
25.965404000000877
 20
-56.46064399999957
 10
25.975818000000878
 20
-56.625489999999566
 10
25.98978800000088
 20
-56.78144599999957
 10
26.00782200000088
 20
-56.92851199999957
 10
26.030174000000876
 20
-57.06694199999957
 10
26.057098000000874
 20
-57.196989999999566
 10
26.089102000000874
 20
-57.31890999999957
 10
26.126186000000875
 20
-57.43295599999957
 10
26.168858000000878
 20
-57.53938199999957
 10
26.21737200000088
 20
-57.63844199999957
 10
26.27198200000088
 20
-57.730389999999566
 10
26.33319600000088
 20
-57.81547999999957
 10
26.401014000000878
 20
-57.89371199999957
 10
26.47594400000088
 20
-57.96559399999956
 10
26.55849400000088
 20
-58.03137999999956
 10
26.64866400000088
 20
-58.09106999999956
 10
26.74696200000088
 20
-58.14517199999956
 10
26.85364200000088
 20
-58.193685999999566
 10
26.968958000000878
 20
-58.23686599999956
 10
27.09316400000088
 20
-58.275219999999564
 10
27.22676800000088
 20
-58.30874799999956
 10
27.36977000000088
 20
-58.33770399999956
 10
27.52267800000088
 20
-58.362341999999565
 10
27.68600000000088
 20
-58.38291599999956
 10
27.85973600000088
 20
-58.39967999999956
 10
28.04439400000088
 20
-58.41288799999956
 10
28.240228000000883
 20
-58.42279399999956
 10
28.44749200000088
 20
-58.42965199999956
 10
28.666440000000883
 20
-58.43346199999955
 10
28.89758000000088
 20
-58.43473199999955
 10
30.62300200000088
 20
-58.44260599999955
 10
32.34842400000088
 20
-58.45047999999955
 10
34.073846000000884
 20
-58.45835399999956
 10
35.799268000000886
 20
-58.46622799999956
 10
37.52469000000089
 20
-58.47410199999956
 10
39.25011200000089
 20
-58.48197599999956
 10
40.97553400000089
 20
-58.489849999999564
 10
42.70095600000089
 20
-58.497723999999565
 10
44.42637800000089
 20
-58.505597999999566
 10
46.15180000000089
 20
-58.51347199999957
 10
47.87722200000089
 20
-58.52134599999957
 10
49.60264400000089
 20
-58.52921999999957
 10
51.328066000000895
 20
-58.53709399999957
 10
53.0534880000009
 20
-58.54496799999957
 10
54.7789100000009
 20
-58.55284199999957
 10
56.5043320000009
 20
-58.56071599999957
 10
58.2297540000009
 20
-58.568589999999574
 10
59.955176000000904
 20
-58.576463999999575
 10
61.680598000000906
 20
-58.58433799999958
 10
63.40602000000091
 20
-58.592211999999584
 10
65.13144200000092
 20
-58.600085999999585
 10
66.85686400000091
 20
-58.607959999999586
 10
68.58228600000092
 20
-58.61583399999959
 10
70.30770800000091
 20
-58.62370799999959
 10
72.03313000000092
 20
-58.63158199999959
 10
73.75855200000092
 20
-58.63945599999959
 10
75.48397400000093
 20
-58.64732999999959
 10
77.20939600000092
 20
-58.65520399999959
 10
78.93481800000093
 20
-58.663077999999594
 10
80.66024000000093
 20
-58.670951999999595
 10
82.38566200000093
 20
-58.678825999999596
 10
84.11108400000093
 20
-58.6866999999996
 10
84.04377400000094
 20
-58.6991459999996
 10
83.97646400000093
 20
-58.711591999999605
 10
83.90915400000094
 20
-58.7240379999996
 10
83.84184400000095
 20
-58.73648399999961
 10
83.77453400000094
 20
-58.74892999999961
 10
83.70722400000095
 20
-58.76137599999961
 10
83.63991400000096
 20
-58.77382199999961
 10
83.57260400000095
 20
-58.786267999999616
 10
83.50529400000096
 20
-58.79871399999961
 10
83.43798400000097
 20
-58.81115999999962
 10
83.37067400000096
 20
-58.823605999999614
 10
83.30336400000097
 20
-58.83605199999962
 10
83.23605400000098
 20
-58.84849799999962
 10
83.16874400000098
 20
-58.86094399999962
 10
83.10143400000098
 20
-58.873389999999624
 10
83.03412400000099
 20
-58.88583599999963
 10
82.966814000001
 20
-58.898281999999625
 10
82.89950400000099
 20
-58.91072799999963
 10
82.832194000001
 20
-58.923173999999634
 10
82.764884000001
 20
-58.93561999999963
 10
82.697574000001
 20
-58.948065999999635
 10
82.630264000001
 20
-58.96051199999964
 10
82.56295400000101
 20
-58.972957999999636
 10
82.49564400000101
 20
-58.98540399999964
 10
82.42833400000102
 20
-58.997849999999644
 10
82.36102400000102
 20
-59.01029599999964
 10
82.29371400000102
 20
-59.022741999999646
 10
82.22640400000103
 20
-59.03518799999965
 10
82.15909400000103
 20
-59.04763399999965
 10
82.09178400000103
 20
-59.06007999999965
 10
82.02447400000104
 20
-59.07252599999965
 10
81.95716400000104
 20
-59.08497199999965
 10
81.90509400000104
 20
-59.09436999999966
 10
81.85302400000104
 20
-59.103513999999656
 10
81.80095400000106
 20
-59.11240399999966
 10
81.74888400000106
 20
-59.12103999999965
 10
81.69656000000106
 20
-59.12916799999965
 10
81.64423600000104
 20
-59.13704199999965
 10
81.59191200000105
 20
-59.144661999999656
 10
81.53958800000103
 20
-59.15202799999965
 10
81.48726400000103
 20
-59.15913999999965
 10
81.43494000000103
 20
-59.16599799999965
 10
81.38261600000102
 20
-59.17234799999965
 10
81.33029200000102
 20
-59.17844399999965
 10
81.27771400000103
 20
-59.18428599999965
 10
81.22513600000103
 20
-59.18987399999965
 10
81.17255800000103
 20
-59.195207999999646
 10
81.11998000000102
 20
-59.200287999999645
 10
81.06740200000102
 20
-59.20485999999965
 10
81.01482400000103
 20
-59.209177999999646
 10
80.96224600000103
 20
-59.213241999999646
 10
80.90966800000103
 20
-59.21705199999964
 10
80.85709000000104
 20
-59.22060799999964
 10
80.80451200000104
 20
-59.22390999999965
 10
80.75168000000103
 20
-59.22670399999964
 10
80.69884800000102
 20
-59.22924399999964
 10
80.64601600000101
 20
-59.23152999999964
 10
80.59318400000102
 20
-59.233561999999644
 10
80.54035200000101
 20
-59.23533999999964
 10
80.487520000001
 20
-59.236609999999644
 10
80.43468800000099
 20
-59.237625999999636
 10
80.38185600000098
 20
-59.23838799999964
 10
80.32902400000097
 20
-59.238895999999635
 10
80.27619200000098
 20
-59.23914999999964
 10
79.52409800000096
 20
-59.239911999999634
 10
78.55864400000097
 20
-59.240927999999634
 10
77.39557800000097
 20
-59.24219799999963
 10
76.05039400000096
 20
-59.24346799999963
 10
74.53858600000098
 20
-59.24499199999963
 10
72.87590200000098
 20
-59.24676999999963
 10
71.07758200000097
 20
-59.24854799999963
 10
69.15937400000097
 20
-59.25057999999964
 10
67.13677200000096
 20
-59.25261199999964
 10
65.02552400000096
 20
-59.254643999999644
 10
62.84087000000096
 20
-59.256929999999635
 10
60.59855800000096
 20
-59.25921599999963
 10
58.31408200000096
 20
-59.26150199999963
 10
56.002936000000965
 20
-59.26378799999963
 10
53.680614000000965
 20
-59.26607399999962
 10
51.36286400000096
 20
-59.26835999999962
 10
49.065180000000964
 20
-59.270645999999616
 10
46.803056000000964
 20
-59.272931999999614
 10
44.59198600000096
 20
-59.27521799999961
 10
42.447464000000956
 20
-59.27724999999961
 10
40.38523800000096
 20
-59.27928199999961
 10
38.420802000000954
 20
-59.28131399999962
 10
36.569650000000955
 20
-59.28309199999962
 10
34.84727600000095
 20
-59.28486999999962
 10
33.26942800000095
 20
-59.28639399999962
 10
31.851346000000955
 20
-59.28791799999962
 10
30.608778000000953
 20
-59.28918799999962
 10
29.557218000000955
 20
-59.29020399999961
 10
28.712414000000955
 20
-59.290965999999614
 10
28.089606000000956
 20
-59.29147399999962
 10
27.704542000000956
 20
-59.291981999999614
 10
27.572716000000955
 20
-59.29223599999962
 10
27.572716000000955
 20
-59.46368599999962
 10
27.572716000000955
 20
-59.635135999999626
 10
27.572716000000955
 20
-59.806585999999626
 10
27.572716000000955
 20
-59.978035999999626
 10
27.572716000000955
 20
-60.149485999999634
 10
27.572716000000955
 20
-60.320935999999634
 10
27.572716000000955
 20
-60.49238599999964
 10
27.572716000000955
 20
-60.66383599999964
 10
27.572716000000955
 20
-60.83528599999964
 10
27.572716000000955
 20
-61.00673599999965
 10
27.572716000000955
 20
-61.17818599999965
 10
27.572716000000955
 20
-61.349635999999656
 10
27.572716000000955
 20
-61.521085999999656
 10
27.572716000000955
 20
-61.692535999999656
 10
27.572716000000955
 20
-61.86398599999966
 10
27.572716000000955
 20
-62.03543599999966
 10
27.572716000000955
 20
-62.20688599999966
 10
27.572716000000955
 20
-62.37833599999967
 10
27.572716000000955
 20
-62.54978599999967
 10
27.572716000000955
 20
-62.72123599999968
 10
27.572716000000955
 20
-62.89268599999968
 10
27.572716000000955
 20
-63.06413599999968
 10
27.572716000000955
 20
-63.235585999999685
 10
27.572716000000955
 20
-63.407035999999685
 10
27.572716000000955
 20
-63.57848599999969
 10
27.572716000000955
 20
-63.74993599999969
 10
27.572716000000955
 20
-63.92138599999969
 10
27.572716000000955
 20
-64.09283599999969
 10
27.572716000000955
 20
-64.2642859999997
 10
27.572716000000955
 20
-64.43573599999971
 10
27.572716000000955
 20
-64.6071859999997
 10
27.572716000000955
 20
-64.77863599999971
 10
27.573732000000955
 20
-64.8870939999997
 10
27.577034000000957
 20
-64.99021799999971
 10
27.582622000000956
 20
-65.08800799999972
 10
27.590750000000956
 20
-65.18071799999971
 10
27.60167200000096
 20
-65.26860199999972
 10
27.615134000000957
 20
-65.35140599999973
 10
27.631644000000957
 20
-65.42963799999973
 10
27.651202000000957
 20
-65.50329799999973
 10
27.673808000000957
 20
-65.57238599999972
 10
27.699716000000958
 20
-65.63715599999972
 10
27.728926000000957
 20
-65.69760799999972
 10
27.761692000000956
 20
-65.75399599999972
 10
27.79826800000096
 20
-65.80631999999973
 10
27.83865400000096
 20
-65.85457999999973
 10
27.88285000000096
 20
-65.89928399999972
 10
27.931110000000963
 20
-65.94017799999972
 10
27.983434000000962
 20
-65.97751599999971
 10
28.040076000000962
 20
-66.01155199999972
 10
28.10129000000096
 20
-66.04228599999972
 10
28.16707600000096
 20
-66.06971799999971
 10
28.237434000000963
 20
-66.09410199999972
 10
28.312618000000963
 20
-66.11569199999971
 10
28.392882000000963
 20
-66.13423399999971
 10
28.478226000000966
 20
-66.15023599999971
 10
28.568650000000964
 20
-66.1636979999997
 10
28.66440800000096
 20
-66.1746199999997
 10
28.76575400000096
 20
-66.1832559999997
 10
28.872688000000963
 20
-66.1896059999997
 10
28.98521000000096
 20
-66.1939239999997
 10
29.10357400000096
 20
-66.1962099999997
 10
29.22803400000096
 20
-66.1964639999997
 10
29.35859000000096
 20
-66.19519399999969
 10
29.54502600000096
 20
-66.19519399999969
 10
29.731462000000956
 20
-66.19519399999969
 10
29.917898000000957
 20
-66.19519399999969
 10
30.104334000000954
 20
-66.19519399999969
 10
30.29077000000095
 20
-66.19519399999969
 10
30.47720600000095
 20
-66.19519399999969
 10
30.663642000000948
 20
-66.19519399999969
 10
30.85007800000095
 20
-66.19519399999969
 10
31.036514000000945
 20
-66.19519399999969
 10
31.222950000000946
 20
-66.19519399999969
 10
31.409386000000943
 20
-66.19519399999969
 10
31.595822000000943
 20
-66.19519399999969
 10
31.78225800000094
 20
-66.19519399999969
 10
31.96869400000094
 20
-66.19519399999969
 10
32.15513000000094
 20
-66.19519399999969
 10
32.34156600000094
 20
-66.19519399999969
 10
32.52800200000094
 20
-66.19519399999969
 10
32.71443800000094
 20
-66.19519399999969
 10
32.90087400000094
 20
-66.19519399999969
 10
33.08731000000094
 20
-66.19519399999969
 10
33.27374600000095
 20
-66.19519399999969
 10
33.46018200000095
 20
-66.19519399999969
 10
33.64661800000095
 20
-66.19519399999969
 10
33.83305400000095
 20
-66.19519399999969
 10
34.01949000000096
 20
-66.19519399999969
 10
34.20592600000096
 20
-66.19519399999969
 10
34.39236200000096
 20
-66.19519399999969
 10
34.57879800000096
 20
-66.19519399999969
 10
34.765234000000966
 20
-66.19519399999969
 10
34.951670000000966
 20
-66.19519399999969
 10
35.13810600000097
 20
-66.19519399999969
 10
35.32454200000097
 20
-66.19519399999969
 10
35.75481800000097
 20
-65.95592599999969
 10
36.176204000000965
 20
-65.74739199999969
 10
36.588446000000964
 20
-65.56781399999969
 10
36.991290000000966
 20
-65.41592199999968
 10
37.38422800000097
 20
-65.29019199999968
 10
37.76700600000097
 20
-65.18909999999968
 10
38.139370000000966
 20
-65.11112199999967
 10
38.50106600000097
 20
-65.05473399999968
 10
38.85184000000097
 20
-65.01841199999969
 10
39.19118400000097
 20
-65.00063199999968
 10
39.51884400000097
 20
-64.99986999999969
 10
39.83456600000097
 20
-65.01460199999968
 10
40.137842000000965
 20
-65.04355799999968
 10
40.42841800000097
 20
-65.08495999999968
 10
40.70604000000097
 20
-65.1372839999997
 10
40.97045400000096
 20
-65.19900599999968
 10
41.22140600000097
 20
-65.26885599999969
 10
41.458388000000966
 20
-65.34505599999969
 10
41.681146000000965
 20
-65.42633599999968
 10
41.88942600000097
 20
-65.51091799999969
 10
42.08272000000096
 20
-65.59753199999969
 10
42.26102800000096
 20
-65.68439999999968
 10
42.42384200000096
 20
-65.7702519999997
 10
42.57090800000096
 20
-65.8535639999997
 10
42.70171800000096
 20
-65.93281199999969
 10
42.81627200000096
 20
-66.00621799999969
 10
42.91406200000095
 20
-66.07251199999969
 10
42.99458000000096
 20
-66.1301699999997
 10
43.05782600000096
 20
-66.17766799999968
 10
43.103292000000955
 20
-66.2134819999997
 10
43.13097800000096
 20
-66.2360879999997
 10
43.14012200000096
 20
-66.2439619999997
 10
44.31969800000096
 20
-66.24243799999971
 10
45.49927400000096
 20
-66.2409139999997
 10
46.67885000000096
 20
-66.23938999999972
 10
47.85842600000096
 20
-66.23786599999973
 10
49.038002000000965
 20
-66.23634199999974
 10
50.21757800000097
 20
-66.23481799999973
 10
51.39715400000097
 20
-66.23329399999974
 10
52.57673000000097
 20
-66.23176999999976
 10
53.75630600000097
 20
-66.23024599999977
 10
54.93588200000097
 20
-66.22872199999976
 10
56.11545800000097
 20
-66.22719799999977
 10
57.295034000000975
 20
-66.22567399999978
 10
58.47461000000098
 20
-66.2241499999998
 10
59.654186000000976
 20
-66.22262599999979
 10
60.83376200000098
 20
-66.2211019999998
 10
62.01333800000098
 20
-66.21957799999981
 10
63.19291400000098
 20
-66.21805399999982
 10
64.37249000000098
 20
-66.21652999999982
 10
65.55206600000099
 20
-66.21500599999983
 10
66.73164200000099
 20
-66.21348199999984
 10
67.91121800000099
 20
-66.21195799999985
 10
69.09079400000098
 20
-66.21043399999985
 10
70.270370000001
 20
-66.20890999999986
 10
71.44994600000099
 20
-66.20738599999987
 10
72.62952200000099
 20
-66.20586199999988
 10
73.809098000001
 20
-66.20433799999988
 10
74.988674000001
 20
-66.20281399999989
 10
76.168250000001
 20
-66.2012899999999
 10
77.34782600000099
 20
-66.19976599999991
 10
78.527402000001
 20
-66.19824199999991
 10
79.706978000001
 20
-66.19671799999992
 10
80.886554000001
 20
-66.19519399999993
 10
80.917288000001
 20
-66.16293599999992
 10
80.94802200000099
 20
-66.13042399999993
 10
80.97875600000098
 20
-66.09791199999994
 10
81.00949000000098
 20
-66.06565399999992
 10
81.04022400000098
 20
-66.03314199999993
 10
81.07095800000097
 20
-66.00062999999993
 10
81.10169200000097
 20
-65.96811799999993
 10
81.13242600000096
 20
-65.93585999999993
 10
81.16316000000096
 20
-65.90334799999994
 10
81.19389400000095
 20
-65.87083599999994
 10
81.22462800000095
 20
-65.83857799999994
 10
81.25536200000094
 20
-65.80606599999994
 10
81.28609600000094
 20
-65.77355399999995
 10
81.31683000000093
 20
-65.74129599999995
 10
81.34756400000093
 20
-65.70878399999995
 10
81.37829800000092
 20
-65.67627199999995
 10
81.40903200000092
 20
-65.64401399999996
 10
81.43976600000092
 20
-65.61150199999996
 10
81.47050000000091
 20
-65.57898999999996
 10
81.5012340000009
 20
-65.54673199999995
 10
81.5319680000009
 20
-65.51421999999997
 10
81.5627020000009
 20
-65.48170799999997
 10
81.59343600000089
 20
-65.44919599999997
 10
81.62417000000089
 20
-65.41693799999996
 10
81.65490400000088
 20
-65.38442599999996
 10
81.68563800000088
 20
-65.35191399999997
 10
81.71637200000087
 20
-65.31965599999997
 10
81.74710600000087
 20
-65.28714399999997
 10
81.77784000000086
 20
-65.25463199999997
 10
81.80857400000086
 20
-65.22237399999997
 10
81.83930800000086
 20
-65.18986199999998
 10
81.87004200000085
 20
-65.15734999999998
 10
82.04276200000085
 20
-65.15734999999998
 10
82.21548200000085
 20
-65.15734999999998
 10
82.38820200000086
 20
-65.15734999999998
 10
82.56092200000086
 20
-65.15734999999998
 10
82.73364200000086
 20
-65.15734999999998
 10
82.90636200000085
 20
-65.15734999999998
 10
83.07908200000087
 20
-65.15734999999998
 10
83.25180200000086
 20
-65.15734999999998
 10
83.42452200000086
 20
-65.15734999999998
 10
83.59724200000086
 20
-65.15734999999998
 10
83.76996200000087
 20
-65.15734999999998
 10
83.94268200000087
 20
-65.15734999999998
 10
84.11540200000087
 20
-65.15734999999998
 10
84.28812200000087
 20
-65.15734999999998
 10
84.46084200000088
 20
-65.15734999999998
 10
84.63356200000088
 20
-65.15734999999998
 10
84.80628200000088
 20
-65.15734999999998
 10
84.97900200000088
 20
-65.15734999999998
 10
85.15172200000089
 20
-65.15734999999998
 10
85.32444200000089
 20
-65.15734999999998
 10
85.49716200000088
 20
-65.15734999999998
 10
85.66988200000088
 20
-65.15734999999998
 10
85.8426020000009
 20
-65.15734999999998
 10
86.0153220000009
 20
-65.15734999999998
 10
86.18804200000089
 20
-65.15734999999998
 10
86.36076200000089
 20
-65.15734999999998
 10
86.53348200000089
 20
-65.15734999999998
 10
86.7062020000009
 20
-65.15734999999998
 10
86.8789220000009
 20
-65.15734999999998
 10
87.0516420000009
 20
-65.15734999999998
 10
87.2243620000009
 20
-65.15734999999998
 10
87.3970820000009
 20
-65.15734999999998
 10
87.41816400000091
 20
-65.15785799999998
 10
87.43924600000092
 20
-65.15938199999998
 10
87.46007400000092
 20
-65.16166799999998
 10
87.48064800000093
 20
-65.16496999999997
 10
87.50071400000093
 20
-65.16903399999998
 10
87.52052600000091
 20
-65.17411399999997
 10
87.54008400000092
 20
-65.17995599999998
 10
87.55913400000091
 20
-65.18681399999998
 10
87.57793000000092
 20
-65.19443399999997
 10
87.59621800000092
 20
-65.20281599999997
 10
87.61425200000092
 20
-65.21195999999998
 10
87.63177800000092
 20
-65.22186599999998
 10
87.64879600000093
 20
-65.23253399999996
 10
87.66530600000092
 20
-65.24396399999996
 10
87.68130800000093
 20
-65.25590199999998
 10
87.69680200000091
 20
-65.26860199999997
 10
87.71178800000092
 20
-65.28206399999998
 10
87.72601200000092
 20
-65.29603399999998
 10
87.73972800000091
 20
-65.31076599999997
 10
87.75268200000092
 20
-65.32600599999998
 10
87.7651280000009
 20
-65.34175399999998
 10
87.7768120000009
 20
-65.35826399999998
 10
87.78773400000091
 20
-65.37528199999998
 10
87.79789400000091
 20
-65.39280799999999
 10
87.8072920000009
 20
-65.41084199999999
 10
87.81592800000091
 20
-65.42938399999998
 10
87.82380200000091
 20
-65.44818
 10
87.83091400000092
 20
-65.467484
 10
87.8372640000009
 20
-65.48729599999999
 10
87.8425980000009
 20
-65.50736199999999
 10
87.8471700000009
 20
-65.527936
  0
LWPOLYLINE
  5
33
330
17
100
AcDbEntity
  8
0
100
AcDbPolyline
 90
608
 70
1
 10
119.3137060000009
 20
-110.93932600000001
 10
119.59793200000091
 20
-110.611412
 10
119.8892700000009
 20
-110.28934000000001
 10
120.18746600000091
 20
-109.97311
 10
120.49201200000091
 20
-109.662468
 10
120.80290800000091
 20
-109.35716000000001
 10
121.1193920000009
 20
-109.056932
 10
121.44146400000089
 20
-108.76153
 10
121.76861600000089
 20
-108.47070000000001
 10
122.1005940000009
 20
-108.184188
 10
122.4371440000009
 20
-107.90199400000002
 10
122.7777580000009
 20
-107.62361000000001
 10
123.1221820000009
 20
-107.349036
 10
123.4701620000009
 20
-107.078018
 10
123.8214440000009
 20
-106.81030200000001
 10
124.1755200000009
 20
-106.54563400000002
 10
124.53213600000089
 20
-106.28376000000002
 10
124.8910380000009
 20
-106.02468000000002
 10
125.2517180000009
 20
-105.76788600000002
 10
125.61417600000091
 20
-105.51337800000002
 10
125.9776500000009
 20
-105.260902
 10
126.34214000000091
 20
-105.00995
 10
126.70713800000091
 20
-104.760522
 10
127.07239000000091
 20
-104.512618
 10
127.4376420000009
 20
-104.26573
 10
127.8026400000009
 20
-104.019604
 10
128.1668760000009
 20
-103.77424
 10
128.53009600000092
 20
-103.52913000000001
 10
128.89179200000092
 20
-103.28427400000001
 10
129.2519640000009
 20
-103.03941800000001
 10
129.61010400000092
 20
-102.79430800000002
 10
129.9659580000009
 20
-102.54869000000002
 10
130.31901800000094
 20
-102.30231
 10
130.3888680000009
 20
-102.25303400000001
 10
130.45821000000092
 20
-102.20375800000001
 10
130.52704400000093
 20
-102.154228
 10
130.5953700000009
 20
-102.10469800000001
 10
130.66318800000093
 20
-102.054914
 10
130.73049800000092
 20
-102.00513
 10
130.79730000000094
 20
-101.955092
 10
130.86334000000093
 20
-101.90505399999999
 10
130.92887200000095
 20
-101.854762
 10
130.99389600000094
 20
-101.80447000000001
 10
131.05841200000094
 20
-101.753924
 10
131.12216600000093
 20
-101.703124
 10
131.18541200000095
 20
-101.65207
 10
131.24815000000092
 20
-101.60101599999999
 10
131.31012600000093
 20
-101.549708
 10
131.37159400000093
 20
-101.498146
 10
131.43255400000092
 20
-101.44633
 10
131.49275200000093
 20
-101.39426
 10
131.55244200000092
 20
-101.34219
 10
131.61137000000093
 20
-101.289866
 10
131.66979000000092
 20
-101.237288
 10
131.72744800000092
 20
-101.184456
 10
131.78434400000094
 20
-101.13136999999999
 10
131.8407320000009
 20
-101.07777599999999
 10
131.89635800000093
 20
-101.023928
 10
131.95147600000092
 20
-100.96982599999998
 10
132.00583200000094
 20
-100.91546999999998
 10
132.05942600000094
 20
-100.86085999999999
 10
132.11251200000095
 20
-100.805996
 10
132.16483600000095
 20
-100.75062399999999
 10
132.21639800000094
 20
-100.69499799999998
 10
132.26719800000095
 20
-100.63911799999998
 10
132.22376400000093
 20
-100.52430999999999
 10
132.1803300000009
 20
-100.40950199999999
 10
132.13715000000093
 20
-100.29469399999998
 10
132.09397000000095
 20
-100.17988599999998
 10
132.05104400000096
 20
-100.06482399999999
 10
132.00837200000095
 20
-99.94976199999999
 10
131.96570000000094
 20
-99.8347
 10
131.92328200000094
 20
-99.71963800000002
 10
131.88111800000092
 20
-99.60432200000001
 10
131.8389540000009
 20
-99.489006
 10
131.7970440000009
 20
-99.37369000000001
 10
131.75538800000092
 20
-99.258374
 10
131.71398600000092
 20
-99.14280400000001
 10
131.6725840000009
 20
-99.027234
 10
131.63143600000092
 20
-98.91166400000002
 10
131.5905420000009
 20
-98.79609400000002
 10
131.54990200000094
 20
-98.68027000000002
 10
131.50951600000093
 20
-98.564446
 10
131.46913000000094
 20
-98.448622
 10
131.42899800000092
 20
-98.33254400000001
 10
131.38912000000093
 20
-98.21646600000001
 10
131.34949600000093
 20
-98.10038800000001
 10
131.31012600000093
 20
-97.98405600000001
 10
131.27101000000093
 20
-97.867724
 10
131.23214800000093
 20
-97.751392
 10
131.19354000000092
 20
-97.63480599999998
 10
131.15518600000092
 20
-97.51821999999999
 10
131.11708600000094
 20
-97.40163399999999
 10
131.07924000000094
 20
-97.28479399999999
 10
131.04164800000095
 20
-97.167954
 10
131.0043100000009
 20
-97.051114
 10
130.96722600000092
 20
-96.93402
 10
130.89051800000092
 20
-96.68941799999999
 10
130.81508000000093
 20
-96.444054
 10
130.74091200000092
 20
-96.19818199999999
 10
130.6680140000009
 20
-95.95180199999999
 10
130.5968940000009
 20
-95.70465999999998
 10
130.5272980000009
 20
-95.45700999999997
 10
130.4594800000009
 20
-95.20885199999998
 10
130.3936940000009
 20
-94.96018599999998
 10
130.3299400000009
 20
-94.71101199999998
 10
130.2682180000009
 20
-94.46132999999998
 10
130.20878200000087
 20
-94.21113999999997
 10
130.15163200000086
 20
-93.96044199999997
 10
130.09702200000086
 20
-93.70948999999997
 10
130.04495200000088
 20
-93.45802999999997
 10
129.99567600000086
 20
-93.20631599999997
 10
129.94919400000086
 20
-92.95409399999997
 10
129.90576000000087
 20
-92.70161799999997
 10
129.86537400000086
 20
-92.44863399999997
 10
129.82829000000086
 20
-92.19539599999997
 10
129.79450800000086
 20
-91.94190399999997
 10
129.76402800000088
 20
-91.68815799999997
 10
129.73710400000087
 20
-91.43415799999997
 10
129.71399000000088
 20
-91.17990399999998
 10
129.69468600000087
 20
-90.92539599999996
 10
129.67919200000088
 20
-90.67063399999998
 10
129.66776200000086
 20
-90.41561799999997
 10
129.66039600000087
 20
-90.16060199999997
 10
129.65734800000087
 20
-89.90533199999996
 10
129.65861800000087
 20
-89.65006199999996
 10
129.66446000000087
 20
-89.39453799999997
 10
129.67487400000087
 20
-89.13901399999997
 10
129.68986000000086
 20
-88.88348999999998
 10
129.70281400000087
 20
-88.70797599999999
 10
129.71805400000088
 20
-88.532716
 10
129.73532600000087
 20
-88.357964
 10
129.75488400000086
 20
-88.183466
 10
129.77672800000087
 20
-88.00947599999999
 10
129.8008580000009
 20
-87.835994
 10
129.82727400000087
 20
-87.66302
 10
129.85623000000086
 20
-87.490808
 10
129.88772600000087
 20
-87.31910400000001
 10
129.92150800000087
 20
-87.148162
 10
129.95783000000085
 20
-86.977982
 10
129.99694600000086
 20
-86.808564
 10
130.03860200000085
 20
-86.639908
 10
130.08305200000086
 20
-86.47201400000002
 10
130.13029600000087
 20
-86.30513600000002
 10
130.18033400000087
 20
-86.13927400000001
 10
130.23316600000086
 20
-85.97417400000002
 10
130.28879200000085
 20
-85.81034400000001
 10
130.34746600000085
 20
-85.64753000000002
 10
130.40918800000088
 20
-85.48573200000001
 10
130.47395800000086
 20
-85.32520400000001
 10
130.54177600000088
 20
-85.16569200000002
 10
130.6128960000009
 20
-85.00745000000002
 10
130.68706400000087
 20
-84.85047800000002
 10
130.76453400000088
 20
-84.69503000000002
 10
130.84530600000087
 20
-84.540852
 10
130.92938000000086
 20
-84.38794400000002
 10
131.01701000000088
 20
-84.23656000000001
 10
131.10794200000086
 20
-84.08670000000002
 10
131.20243000000085
 20
-83.93836400000002
 10
131.30047400000086
 20
-83.79155200000002
 10
131.40207400000085
 20
-83.64651800000001
 10
131.50215000000085
 20
-83.50783400000002
 10
131.60248000000084
 20
-83.37016600000003
 10
131.70281000000082
 20
-83.23326000000003
 10
131.80314000000084
 20
-83.09711600000003
 10
131.90321600000084
 20
-82.96173400000002
 10
132.00303800000083
 20
-82.82686000000002
 10
132.10209800000084
 20
-82.69224000000003
 10
132.20065000000085
 20
-82.55787400000003
 10
132.29818600000084
 20
-82.42350800000003
 10
132.39496000000085
 20
-82.28914200000003
 10
132.49046400000083
 20
-82.15452200000004
 10
132.58469800000083
 20
-82.01964800000003
 10
132.67740800000084
 20
-81.88426600000004
 10
132.76859400000083
 20
-81.74812200000004
 10
132.85800200000082
 20
-81.61121600000004
 10
132.94563200000084
 20
-81.47354800000005
 10
133.03123000000085
 20
-81.33461000000004
 10
133.11454200000082
 20
-81.19465600000004
 10
133.19556800000083
 20
-81.05343200000004
 10
133.2740540000008
 20
-80.91068400000005
 10
133.35000000000082
 20
-80.76615800000003
 10
133.4231520000008
 20
-80.62010800000004
 10
133.4932560000008
 20
-80.47202600000003
 10
133.5603120000008
 20
-80.32191200000003
 10
133.6240660000008
 20
-80.16976600000004
 10
133.68451800000082
 20
-80.01533400000004
 10
133.74141400000082
 20
-79.85836200000003
 10
133.79450000000082
 20
-79.69885000000004
 10
133.8437760000008
 20
-79.53654400000003
 10
133.8892420000008
 20
-79.37144400000004
 10
133.9303900000008
 20
-79.20329600000005
 10
133.9672200000008
 20
-79.03210000000006
 10
133.9951600000008
 20
-78.88528800000006
 10
134.0197980000008
 20
-78.73771400000005
 10
134.0413880000008
 20
-78.58937800000005
 10
134.0596760000008
 20
-78.44053400000006
 10
134.07466200000079
 20
-78.29118200000005
 10
134.08609200000078
 20
-78.14132200000005
 10
134.09396600000076
 20
-77.99120800000004
 10
134.09828400000077
 20
-77.84109400000004
 10
134.0990460000008
 20
-77.69098000000004
 10
134.0959980000008
 20
-77.54112000000005
 10
134.0891400000008
 20
-77.39151400000006
 10
134.0784720000008
 20
-77.24241600000005
 10
134.0639940000008
 20
-77.09382600000006
 10
134.0454520000008
 20
-76.94574400000005
 10
134.02284600000078
 20
-76.79867800000005
 10
133.99592200000077
 20
-76.65237400000005
 10
133.9649340000008
 20
-76.50708600000004
 10
133.9296280000008
 20
-76.36306800000004
 10
133.8900040000008
 20
-76.22032000000004
 10
133.8458080000008
 20
-76.07909600000005
 10
133.7970400000008
 20
-75.93939600000004
 10
133.74370000000079
 20
-75.80147400000004
 10
133.6857880000008
 20
-75.66533000000004
 10
133.62305000000083
 20
-75.53121800000004
 10
133.55548600000083
 20
-75.39913800000004
 10
133.48309600000084
 20
-75.26934400000003
 10
133.40562600000086
 20
-75.14183600000003
 10
133.32307600000084
 20
-75.01686800000003
 10
133.23544600000082
 20
-74.89444000000002
 10
133.14248200000083
 20
-74.77480600000001
 10
133.04443800000084
 20
-74.65822000000001
 10
132.94106000000085
 20
-74.54442800000002
 10
132.80923400000083
 20
-74.41158600000001
 10
132.6728360000008
 20
-74.28611000000001
 10
132.53186600000083
 20
-74.16774600000001
 10
132.38632400000085
 20
-74.05649400000001
 10
132.23671800000082
 20
-73.95184600000002
 10
132.08304800000082
 20
-73.85380200000002
 10
131.92556800000082
 20
-73.76210800000001
 10
131.76453200000083
 20
-73.67625600000001
 10
131.6001940000008
 20
-73.59624600000001
 10
131.4325540000008
 20
-73.52207800000001
 10
131.26186600000082
 20
-73.45324400000001
 10
131.08838400000081
 20
-73.38949000000001
 10
130.91236200000083
 20
-73.33081600000001
 10
130.73380000000083
 20
-73.27671400000001
 10
130.5532060000008
 20
-73.22718400000001
 10
130.3705800000008
 20
-73.18197200000002
 10
130.1859220000008
 20
-73.14082400000002
 10
129.9997400000008
 20
-73.10348600000002
 10
129.8120340000008
 20
-73.06995800000001
 10
129.6230580000008
 20
-73.03973200000001
 10
129.43306600000082
 20
-73.01280800000002
 10
129.24231200000082
 20
-72.98893200000002
 10
129.05079600000082
 20
-72.96759600000001
 10
128.8587720000008
 20
-72.9488
 10
128.66649400000082
 20
-72.93254400000001
 10
128.4742160000008
 20
-72.91832000000001
 10
128.28219200000083
 20
-72.90587400000001
 10
128.0904220000008
 20
-72.89520600000003
 10
127.89916000000083
 20
-72.88580800000003
 10
127.70866000000083
 20
-72.87768000000004
 10
127.51892200000083
 20
-72.87056800000003
 10
127.33045400000083
 20
-72.86421800000004
 10
127.06045200000082
 20
-72.85558200000004
 10
126.79045000000083
 20
-72.84694600000005
 10
126.52044800000083
 20
-72.83831000000004
 10
126.25044600000084
 20
-72.82967400000004
 10
125.98044400000083
 20
-72.82103800000004
 10
125.71044200000084
 20
-72.81240200000005
 10
125.44044000000085
 20
-72.80376600000005
 10
125.17043800000084
 20
-72.79513000000006
 10
124.90043600000085
 20
-72.78649400000005
 10
124.63043400000085
 20
-72.77785800000005
 10
124.36043200000086
 20
-72.76922200000006
 10
124.09043000000086
 20
-72.76058600000006
 10
123.82042800000086
 20
-72.75195000000006
 10
123.55042600000087
 20
-72.74331400000007
 10
123.28042400000086
 20
-72.73467800000006
 10
123.01042200000087
 20
-72.72604200000006
 10
122.74042000000087
 20
-72.71740600000007
 10
122.47041800000088
 20
-72.70877000000007
 10
122.20041600000089
 20
-72.70013400000008
 10
121.93041400000088
 20
-72.69149800000008
 10
121.66041200000089
 20
-72.68286200000009
 10
121.39041000000088
 20
-72.67422600000008
 10
121.1204080000009
 20
-72.66559000000008
 10
120.85040600000089
 20
-72.65695400000008
 10
120.5804040000009
 20
-72.64831800000009
 10
120.3104020000009
 20
-72.6396820000001
 10
120.0404000000009
 20
-72.6310460000001
 10
119.77039800000091
 20
-72.62241000000009
 10
119.5003960000009
 20
-72.61377400000009
 10
119.23039400000091
 20
-72.6051380000001
 10
118.96039200000091
 20
-72.5965020000001
 10
118.69039000000092
 20
-72.5878660000001
 10
118.58193200000092
 20
-72.58456400000011
 10
118.47322000000091
 20
-72.58126200000011
 10
118.36425400000093
 20
-72.57821400000012
 10
118.25528800000093
 20
-72.57542000000011
 10
118.14606800000092
 20
-72.57313400000011
 10
118.03684800000093
 20
-72.57135600000011
 10
117.92762800000092
 20
-72.5700860000001
 10
117.81840800000091
 20
-72.56932400000011
 10
117.70918800000092
 20
-72.56932400000011
 10
117.59996800000091
 20
-72.57034000000012
 10
117.49074800000092
 20
-72.57211800000012
 10
117.38178200000092
 20
-72.57491200000013
 10
117.27281600000093
 20
-72.57897600000013
 10
117.16410400000093
 20
-72.58405600000012
 10
117.05564600000092
 20
-72.59040600000012
 10
116.94744200000093
 20
-72.59828000000012
 10
116.83949200000092
 20
-72.60742400000011
 10
116.73179600000093
 20
-72.6180920000001
 10
116.62435400000093
 20
-72.6305380000001
 10
116.51742000000093
 20
-72.6447620000001
 10
116.41074000000093
 20
-72.6607640000001
 10
116.30456800000093
 20
-72.67854400000009
 10
116.19890400000092
 20
-72.69835600000009
 10
116.09374800000093
 20
-72.72020000000009
 10
115.98910000000093
 20
-72.74407600000009
 10
115.88496000000093
 20
-72.77023800000009
 10
115.78158200000094
 20
-72.7986860000001
 10
115.67871200000094
 20
-72.8296740000001
 10
115.57660400000094
 20
-72.8632020000001
 10
115.47525800000095
 20
-72.8992700000001
 10
115.37467400000094
 20
-72.9378780000001
 10
115.27485200000095
 20
-72.9792800000001
 10
115.13921600000094
 20
-73.04074800000011
 10
115.00662800000094
 20
-73.1070420000001
 10
114.87708800000095
 20
-73.17790800000012
 10
114.75034200000094
 20
-73.25334600000012
 10
114.62664400000094
 20
-73.33310200000012
 10
114.50599400000094
 20
-73.41717600000013
 10
114.38839200000093
 20
-73.50531400000013
 10
114.27358400000092
 20
-73.59751600000013
 10
114.16182400000093
 20
-73.69352800000011
 10
114.05311200000094
 20
-73.79309600000012
 10
113.94744800000093
 20
-73.89622000000011
 10
113.84483200000093
 20
-74.00264600000011
 10
113.74526400000093
 20
-74.11237400000012
 10
113.64874400000093
 20
-74.22515000000013
 10
113.55527200000094
 20
-74.34097400000013
 10
113.46510200000093
 20
-74.45959200000013
 10
113.37798000000093
 20
-74.58075000000012
 10
113.29390600000092
 20
-74.70444800000013
 10
113.21288000000092
 20
-74.83068600000013
 10
113.13490200000092
 20
-74.95921000000011
 10
113.06022600000092
 20
-75.08976600000013
 10
112.98859800000092
 20
-75.22210000000013
 10
112.92027200000092
 20
-75.35646600000013
 10
112.85499400000091
 20
-75.49235600000013
 10
112.79276400000091
 20
-75.62977000000014
 10
112.7338360000009
 20
-75.76870800000013
 10
112.67821000000092
 20
-75.90866200000013
 10
112.62563200000092
 20
-76.04988600000013
 10
112.57635600000091
 20
-76.19187200000013
 10
112.5301280000009
 20
-76.33487400000013
 10
112.4872020000009
 20
-76.47838400000013
 10
112.44757800000092
 20
-76.62240200000014
 10
112.42802000000091
 20
-76.69809400000014
 10
112.4092240000009
 20
-76.77404000000013
 10
112.3911900000009
 20
-76.84998600000013
 10
112.3739180000009
 20
-76.92618600000013
 10
112.35715400000092
 20
-77.00264000000013
 10
112.34115200000092
 20
-77.07909400000013
 10
112.32591200000091
 20
-77.15580200000012
 10
112.31143400000092
 20
-77.23251000000013
 10
112.29746400000091
 20
-77.30947200000013
 10
112.28425600000091
 20
-77.38643400000012
 10
112.2715560000009
 20
-77.46339600000013
 10
112.2596180000009
 20
-77.54061200000012
 10
112.2481880000009
 20
-77.61782800000012
 10
112.2375200000009
 20
-77.69529800000012
 10
112.22736000000089
 20
-77.77276800000011
 10
112.21770800000088
 20
-77.85023800000012
 10
112.20856400000089
 20
-77.92796200000012
 10
112.20018200000088
 20
-78.00568600000011
 10
112.19230800000088
 20
-78.08341000000011
 10
112.18494200000089
 20
-78.1611340000001
 10
112.17808400000088
 20
-78.23885800000009
 10
112.1717340000009
 20
-78.31683600000011
 10
112.16589200000088
 20
-78.39481400000011
 10
112.16030400000089
 20
-78.47279200000011
 10
112.1552240000009
 20
-78.55077000000011
 10
112.1506520000009
 20
-78.62874800000012
 10
112.14658800000089
 20
-78.70672600000012
 10
112.14303200000089
 20
-78.78470400000013
 10
112.1397300000009
 20
-78.86268200000013
 10
112.13693600000089
 20
-78.94066000000014
 10
112.13439600000089
 20
-79.01863800000014
 10
112.1323640000009
 20
-79.09661600000014
 10
112.1308400000009
 20
-79.17103800000015
 10
112.1298240000009
 20
-79.24520600000014
 10
112.1290620000009
 20
-79.31912000000014
 10
112.12880800000092
 20
-79.39303400000014
 10
112.12880800000092
 20
-79.46669400000015
 10
112.1290620000009
 20
-79.54010000000014
 10
112.1293160000009
 20
-79.61350600000014
 10
112.1298240000009
 20
-79.68665800000014
 10
112.1303320000009
 20
-79.75981000000014
 10
112.1308400000009
 20
-79.83270800000014
 10
112.13134800000091
 20
-79.90560600000013
 10
112.13185600000091
 20
-79.97850400000013
 10
112.1321100000009
 20
-80.05114800000013
 10
112.1321100000009
 20
-80.12379200000012
 10
112.13185600000091
 20
-80.19643600000012
 10
112.13134800000091
 20
-80.26908000000013
 10
112.13058600000092
 20
-80.34172400000013
 10
112.12931600000091
 20
-80.41411400000014
 10
112.12753800000091
 20
-80.48650400000014
 10
112.12525200000091
 20
-80.55889400000015
 10
112.1224580000009
 20
-80.63128400000015
 10
112.11915600000091
 20
-80.70367400000016
 10
112.1150920000009
 20
-80.77606400000016
 10
112.1102660000009
 20
-80.84870800000016
 10
112.1046780000009
 20
-80.92135200000017
 10
112.0983280000009
 20
-80.99399600000017
 10
112.09096200000091
 20
-81.06664000000016
 10
112.0825800000009
 20
-81.13928400000016
 10
112.07318200000091
 20
-81.21218200000015
 10
112.06276800000091
 20
-81.28508000000015
 10
112.05133800000091
 20
-81.35797800000014
 10
112.0386380000009
 20
-81.43113000000015
 10
112.0106980000009
 20
-81.58378400000015
 10
111.9817420000009
 20
-81.73618400000016
 10
111.9517700000009
 20
-81.88833000000015
 10
111.92103600000091
 20
-82.04047600000015
 10
111.88928600000091
 20
-82.19236800000016
 10
111.85677400000093
 20
-82.34400600000015
 10
111.82324600000092
 20
-82.49539000000016
 10
111.78895600000092
 20
-82.64677400000015
 10
111.75365000000092
 20
-82.79790400000016
 10
111.71732800000092
 20
-82.94878000000016
 10
111.68024400000093
 20
-83.09940200000017
 10
111.64214400000093
 20
-83.24977000000015
 10
111.60328200000092
 20
-83.39988400000016
 10
111.56340400000093
 20
-83.54974400000016
 10
111.52276400000092
 20
-83.69935000000015
 10
111.48110800000092
 20
-83.84870200000016
 10
111.43869000000093
 20
-83.99780000000015
 10
111.39525600000093
 20
-84.14664400000017
 10
111.35106000000094
 20
-84.29523400000015
 10
111.30584800000094
 20
-84.44357000000015
 10
111.25987400000095
 20
-84.59165200000017
 10
111.21288400000094
 20
-84.73948000000016
 10
111.16513200000094
 20
-84.88705400000016
 10
111.11636400000094
 20
-85.03437400000016
 10
111.06683400000094
 20
-85.18144000000017
 10
111.01654200000095
 20
-85.32825200000016
 10
110.96523400000095
 20
-85.47455600000016
 10
110.91316400000095
 20
-85.62060600000017
 10
110.86007800000095
 20
-85.76640200000017
 10
110.80623000000095
 20
-85.91194400000016
 10
110.75136600000096
 20
-86.05697800000016
 10
110.69574000000095
 20
-86.20175800000017
 10
110.63935200000095
 20
-86.34577600000017
 10
110.58220200000095
 20
-86.48979400000016
 10
110.52454400000096
 20
-86.63355800000016
 10
110.46637800000096
 20
-86.77732200000015
 10
110.40770400000096
 20
-86.92083200000015
 10
110.34877600000095
 20
-87.06434200000015
 10
110.28959400000096
 20
-87.20785200000014
 10
110.23041200000095
 20
-87.35136200000015
 10
110.17148400000094
 20
-87.49487200000016
 10
110.11255600000094
 20
-87.63863600000015
 10
110.05413600000094
 20
-87.78240000000014
 10
109.99622400000094
 20
-87.92641800000014
 10
109.93882000000093
 20
-88.07043600000014
 10
109.88217800000093
 20
-88.21470800000013
 10
109.82629800000093
 20
-88.35923400000014
 10
109.77143400000092
 20
-88.50401400000014
 10
109.71758600000092
 20
-88.64904800000015
 10
109.66500800000092
 20
-88.79433600000014
 10
109.61370000000093
 20
-88.94013200000015
 10
109.56391600000092
 20
-89.08618200000015
 10
109.51565600000092
 20
-89.23274000000015
 10
109.46917400000092
 20
-89.37955200000015
 10
109.42447000000092
 20
-89.52687200000014
 10
109.38154400000093
 20
-89.67470000000013
 10
109.34090400000092
 20
-89.82303600000013
 10
109.30229600000092
 20
-89.97188000000014
 10
109.26597400000094
 20
-90.12123200000015
 10
109.23219200000094
 20
-90.27134600000015
 10
109.20095000000094
 20
-90.42196800000015
 10
109.17250200000093
 20
-90.57335200000016
 10
109.14684800000094
 20
-90.72549800000014
 10
109.12398800000095
 20
-90.87815200000014
 10
109.10036600000095
 20
-91.06484200000016
 10
109.08131600000094
 20
-91.25153200000015
 10
109.06658400000094
 20
-91.43822200000015
 10
109.05617000000095
 20
-91.62516600000015
 10
109.04982000000095
 20
-91.81211000000016
 10
109.04753400000095
 20
-91.99905400000016
 10
109.04905800000094
 20
-92.18599800000015
 10
109.05413800000093
 20
-92.37294200000015
 10
109.06277400000093
 20
-92.55988600000015
 10
109.07471200000094
 20
-92.74657600000015
 10
109.08995200000093
 20
-92.93326600000015
 10
109.10824000000095
 20
-93.11995600000016
 10
109.12932200000095
 20
-93.30664600000016
 10
109.15319800000094
 20
-93.49308200000016
 10
109.17961400000094
 20
-93.67951800000014
 10
109.20857000000093
 20
-93.86570000000015
 10
109.23981200000094
 20
-94.05188200000015
 10
109.27334000000093
 20
-94.23781000000015
 10
109.30890000000093
 20
-94.42348400000016
 10
109.34623800000092
 20
-94.60915800000015
 10
109.38535400000093
 20
-94.79457800000016
 10
109.42624800000092
 20
-94.97974400000015
 10
109.46841200000092
 20
-95.16465600000015
 10
109.51184600000093
 20
-95.34931400000015
 10
109.55655000000093
 20
-95.53371800000015
 10
109.60227000000093
 20
-95.71786800000015
 10
109.64875200000093
 20
-95.90176400000016
 10
109.69599600000092
 20
-96.08540600000016
 10
109.74374800000092
 20
-96.26854000000016
 10
109.79200800000092
 20
-96.45142000000017
 10
109.8405220000009
 20
-96.63404600000017
 10
109.8890360000009
 20
-96.81616400000016
 10
109.9908900000009
 20
-97.19843400000016
 10
110.09198200000091
 20
-97.58070400000015
 10
110.19256600000091
 20
-97.96322800000014
 10
110.29264200000091
 20
-98.34575200000015
 10
110.39221000000092
 20
-98.72853000000015
 10
110.49127000000091
 20
-99.11130800000015
 10
110.5900760000009
 20
-99.49434000000014
 10
110.68837400000092
 20
-99.87737200000014
 10
110.78616400000091
 20
-100.26065800000013
 10
110.88370000000091
 20
-100.64394400000015
 10
110.9809820000009
 20
-101.02723000000015
 10
111.0777560000009
 20
-101.41077000000014
 10
111.1742760000009
 20
-101.79431000000014
 10
111.2705420000009
 20
-102.17785000000013
 10
111.3665540000009
 20
-102.56139000000013
 10
111.4623120000009
 20
-102.94518400000014
 10
111.55807000000091
 20
-103.32897800000015
 10
111.6535740000009
 20
-103.71277200000016
 10
111.7488240000009
 20
-104.09656600000017
 10
111.8440740000009
 20
-104.48036000000018
 10
111.9393240000009
 20
-104.86415400000017
 10
112.0343200000009
 20
-105.24820200000018
 10
112.12931600000091
 20
-105.63225000000017
 10
112.22431200000092
 20
-106.01629800000018
 10
112.31930800000093
 20
-106.40034600000017
 10
112.41430400000093
 20
-106.78439400000018
 10
112.50955400000093
 20
-107.16844200000017
 10
112.60480400000093
 20
-107.55249000000018
 10
112.70005400000093
 20
-107.93628400000019
 10
112.79555800000092
 20
-108.3200780000002
 10
112.89131600000093
 20
-108.70387200000019
 10
112.98707400000093
 20
-109.0876660000002
 10
113.06352800000093
 20
-109.39322800000019
 10
113.13998200000093
 20
-109.69879000000019
 10
113.21669000000092
 20
-110.00435200000018
 10
113.29339800000093
 20
-110.30991400000018
 10
113.37010600000094
 20
-110.61547600000017
 10
113.44681400000094
 20
-110.92103800000017
 10
113.52377600000095
 20
-111.22660000000016
 10
113.60073800000094
 20
-111.53216200000014
 10
113.67770000000094
 20
-111.83772400000014
 10
113.75466200000095
 20
-112.14328600000013
 10
113.83162400000094
 20
-112.44884800000013
 10
113.90884000000094
 20
-112.75441000000012
 10
113.98605600000093
 20
-113.05997200000012
 10
114.06327200000092
 20
-113.36553400000011
 10
114.14048800000091
 20
-113.6710960000001
 10
114.21795800000092
 20
-113.9764040000001
 10
114.29542800000092
 20
-114.2817120000001
 10
114.37289800000092
 20
-114.5870200000001
 10
114.45036800000092
 20
-114.8923280000001
 10
114.52783800000093
 20
-115.1976360000001
 10
114.60556200000092
 20
-115.5029440000001
 10
114.68328600000092
 20
-115.8082520000001
 10
114.76101000000091
 20
-116.1135600000001
 10
114.83873400000091
 20
-116.4188680000001
 10
114.9164580000009
 20
-116.7241760000001
 10
114.9944360000009
 20
-117.0294840000001
 10
115.0724140000009
 20
-117.33479200000009
 10
115.15039200000092
 20
-117.6401000000001
 10
115.22837000000092
 20
-117.9454080000001
 10
115.30634800000092
 20
-118.2507160000001
 10
115.38432600000093
 20
-118.5560240000001
 10
115.46255800000093
 20
-118.86133200000009
 10
115.52758200000092
 20
-118.5920920000001
 10
115.5956540000009
 20
-118.3238680000001
 10
115.6667740000009
 20
-118.0566600000001
 10
115.74119600000091
 20
-117.79046800000009
 10
115.8186660000009
 20
-117.52554600000009
 10
115.8994380000009
 20
-117.2616400000001
 10
115.98351200000091
 20
-116.9990040000001
 10
116.0708880000009
 20
-116.7376380000001
 10
116.1618200000009
 20
-116.4775420000001
 10
116.2560540000009
 20
-116.2187160000001
 10
116.3538440000009
 20
-115.9614140000001
 10
116.4551900000009
 20
-115.7053820000001
 10
116.5600920000009
 20
-115.4508740000001
 10
116.6688040000009
 20
-115.19789000000011
 10
116.7813260000009
 20
-114.94617600000011
 10
116.89740400000089
 20
-114.69624000000012
 10
117.0175460000009
 20
-114.44782800000011
 10
117.1414980000009
 20
-114.20094000000012
 10
117.2692600000009
 20
-113.95583000000013
 10
117.4010860000009
 20
-113.71224400000013
 10
117.5369760000009
 20
-113.47043600000012
 10
117.6769300000009
 20
-113.23040600000013
 10
117.8209480000009
 20
-112.99215400000013
 10
117.9692840000009
 20
-112.75568000000014
 10
118.12168400000091
 20
-112.52123800000014
 10
118.27840200000091
 20
-112.28857400000014
 10
118.43943800000092
 20
-112.05794200000012
 10
118.60504600000091
 20
-111.82934200000014
 10
118.77497200000091
 20
-111.60277400000014
 10
118.94947000000091
 20
-111.37823800000014
 10
119.12854000000091
 20
-111.15573400000014
  0
LWPOLYLINE
  5
34
330
17
100
AcDbEntity
  8
0
100
AcDbPolyline
 90
480
 70
1
 10
142.0042880000009
 20
-132.86892400000013
 10
142.0012400000009
 20
-132.82498200000015
 10
141.99819200000093
 20
-132.78104000000013
 10
141.99514400000095
 20
-132.73709800000015
 10
141.99209600000094
 20
-132.69315600000013
 10
141.98879400000095
 20
-132.64921400000014
 10
141.98549200000093
 20
-132.60527200000016
 10
141.98219000000094
 20
-132.56133000000014
 10
141.97888800000092
 20
-132.51738800000015
 10
141.9755860000009
 20
-132.47344600000014
 10
141.9722840000009
 20
-132.42950400000015
 10
141.9689820000009
 20
-132.38556200000014
 10
141.96568000000087
 20
-132.34162000000015
 10
141.9621240000009
 20
-132.29767800000013
 10
141.9585680000009
 20
-132.25399000000013
 10
141.9550120000009
 20
-132.21004800000014
 10
141.9514560000009
 20
-132.16636000000014
 10
141.94790000000089
 20
-132.1226720000001
 10
141.94434400000088
 20
-132.0789840000001
 10
141.94078800000088
 20
-132.0352960000001
 10
141.93723200000088
 20
-131.9916080000001
 10
141.93342200000086
 20
-131.9479200000001
 10
141.92961200000087
 20
-131.9042320000001
 10
141.92580200000089
 20
-131.8605440000001
 10
141.92199200000087
 20
-131.8168560000001
 10
141.91818200000088
 20
-131.77316800000006
 10
141.9143720000009
 20
-131.72948000000005
 10
141.91056200000088
 20
-131.68579200000005
 10
141.9067520000009
 20
-131.64210400000005
 10
141.9026880000009
 20
-131.59841600000004
 10
141.89862400000092
 20
-131.55472800000004
 10
141.89456000000092
 20
-131.51104000000004
 10
141.89049600000092
 20
-131.46735200000003
 10
141.85417400000094
 20
-131.08686
 10
141.81531200000092
 20
-130.706622
 10
141.77416400000092
 20
-130.32663800000003
 10
141.7307300000009
 20
-129.94690800000004
 10
141.68501000000091
 20
-129.56743200000003
 10
141.63700400000093
 20
-129.18821000000003
 10
141.58671200000092
 20
-128.809242
 10
141.53413400000093
 20
-128.430528
 10
141.47927000000092
 20
-128.05232200000003
 10
141.42212000000092
 20
-127.67437000000002
 10
141.3626840000009
 20
-127.29667200000002
 10
141.30121600000092
 20
-126.91948200000002
 10
141.23746200000093
 20
-126.54254600000002
 10
141.17142200000092
 20
-126.16611800000001
 10
141.10335000000092
 20
-125.78994400000002
 10
141.03299200000092
 20
-125.41427800000002
 10
140.9606020000009
 20
-125.03886600000001
 10
140.88592600000092
 20
-124.66396200000001
 10
140.80921800000093
 20
-124.28956600000002
 10
140.7302240000009
 20
-123.91542400000002
 10
140.64919800000092
 20
-123.54179000000002
 10
140.56614000000093
 20
-123.16866400000002
 10
140.4807960000009
 20
-122.79604600000002
 10
140.3934200000009
 20
-122.42393600000003
 10
140.3040120000009
 20
-122.05233400000002
 10
140.2125720000009
 20
-121.68124000000002
 10
140.11910000000088
 20
-121.31065400000001
 10
140.0235960000009
 20
-120.94057600000002
 10
139.9260600000009
 20
-120.57100600000003
 10
139.82649200000088
 20
-120.20194400000003
 10
139.7248920000009
 20
-119.83339000000002
 10
139.6212600000009
 20
-119.46559800000003
 10
139.5168660000009
 20
-119.10339400000004
 10
139.40993200000088
 20
-118.74220600000002
 10
139.30071200000089
 20
-118.38203400000002
 10
139.1892060000009
 20
-118.02262400000002
 10
139.0754140000009
 20
-117.66423000000002
 10
138.95933600000092
 20
-117.30659800000001
 10
138.84122600000092
 20
-116.94998200000002
 10
138.72108400000093
 20
-116.59412800000001
 10
138.59891000000093
 20
-116.239036
 10
138.4749580000009
 20
-115.88470600000001
 10
138.3489740000009
 20
-115.53088400000001
 10
138.2212120000009
 20
-115.17782400000002
 10
138.09192600000088
 20
-114.82552600000002
 10
137.9608620000009
 20
-114.47373600000002
 10
137.8282740000009
 20
-114.12245400000003
 10
137.6941620000009
 20
-113.77193400000003
 10
137.5587800000009
 20
-113.42192200000004
 10
137.42187400000088
 20
-113.07241800000004
 10
137.2836980000009
 20
-112.72316800000004
 10
137.1445060000009
 20
-112.37442600000004
 10
137.0040440000009
 20
-112.02619200000005
 10
136.8625660000009
 20
-111.67821200000004
 10
136.72007200000087
 20
-111.33048600000004
 10
136.57656200000085
 20
-110.98326800000004
 10
136.43229000000088
 20
-110.63630400000004
 10
136.28725600000087
 20
-110.28959400000004
 10
136.14146000000088
 20
-109.94288400000003
 10
135.99490200000088
 20
-109.59642800000003
 10
135.84783600000088
 20
-109.25022600000004
 10
135.7002620000009
 20
-108.90402400000004
 10
135.55218000000087
 20
-108.55807600000003
 10
135.4038440000009
 20
-108.21212800000002
 10
135.3566000000009
 20
-108.10189200000002
 10
135.3093560000009
 20
-107.991656
 10
135.26211200000088
 20
-107.88142
 10
135.21486800000088
 20
-107.771184
 10
135.16762400000084
 20
-107.66094799999999
 10
135.12038000000084
 20
-107.55071199999999
 10
135.07313600000083
 20
-107.44047599999998
 10
135.02589200000082
 20
-107.33023999999997
 10
134.97864800000082
 20
-107.22000399999996
 10
134.9314040000008
 20
-107.10976799999996
 10
134.8841600000008
 20
-106.99953199999996
 10
134.8369160000008
 20
-106.88929599999994
 10
134.7896720000008
 20
-106.77905999999994
 10
134.74242800000079
 20
-106.66882399999993
 10
134.69518400000078
 20
-106.55858799999993
 10
134.64794000000074
 20
-106.44835199999991
 10
134.60069600000074
 20
-106.33811599999991
 10
134.55345200000073
 20
-106.22787999999991
 10
134.50620800000073
 20
-106.1176439999999
 10
134.45921800000073
 20
-106.0074079999999
 10
134.41222800000077
 20
-105.8969179999999
 10
134.36523800000077
 20
-105.78642799999989
 10
134.31824800000078
 20
-105.67593799999989
 10
134.27125800000078
 20
-105.56544799999989
 10
134.22426800000082
 20
-105.45495799999989
 10
134.17727800000083
 20
-105.34446799999989
 10
134.13028800000083
 20
-105.2339779999999
 10
134.08355200000085
 20
-105.1234879999999
 10
134.03681600000087
 20
-105.01299799999988
 10
133.99008000000086
 20
-104.90250799999988
 10
133.94334400000088
 20
-104.79201799999989
 10
133.89686200000088
 20
-104.68152799999989
 10
133.81583600000087
 20
-104.74655199999988
 10
133.73455600000088
 20
-104.81106799999988
 10
133.65302200000087
 20
-104.87532999999988
 10
133.57098000000087
 20
-104.93908399999988
 10
133.4886840000009
 20
-105.00258399999987
 10
133.40613400000086
 20
-105.06557599999988
 10
133.32333000000085
 20
-105.12831399999988
 10
133.24001800000087
 20
-105.19054399999987
 10
133.15645200000088
 20
-105.25251999999989
 10
133.07263200000088
 20
-105.31424199999988
 10
132.98855800000086
 20
-105.37545599999989
 10
132.90423000000087
 20
-105.43641599999988
 10
132.81964800000088
 20
-105.49712199999988
 10
132.7350660000009
 20
-105.55757399999987
 10
132.6502300000009
 20
-105.61777199999989
 10
132.5651400000009
 20
-105.67771599999988
 10
132.47979600000087
 20
-105.73740599999988
 10
132.39445200000088
 20
-105.79684199999988
 10
132.30885400000088
 20
-105.85602399999988
 10
132.2232560000009
 20
-105.91495199999989
 10
132.13740400000088
 20
-105.97362599999988
 10
132.0515520000009
 20
-106.0320459999999
 10
131.9654460000009
 20
-106.09046599999989
 10
131.87934000000087
 20
-106.14863199999989
 10
131.79323400000087
 20
-106.2065439999999
 10
131.70712800000084
 20
-106.2644559999999
 10
131.62102200000083
 20
-106.32211399999989
 10
131.53466200000082
 20
-106.37951799999989
 10
131.4483020000008
 20
-106.43692199999988
 10
131.36194200000082
 20
-106.49407199999989
 10
131.2755820000008
 20
-106.5512219999999
 10
131.1892220000008
 20
-106.6083719999999
 10
131.00278600000078
 20
-106.73206999999991
 10
130.8168580000008
 20
-106.85627599999991
 10
130.6311840000008
 20
-106.9809899999999
 10
130.4457640000008
 20
-107.1062119999999
 10
130.26059800000078
 20
-107.2319419999999
 10
130.0756860000008
 20
-107.3581799999999
 10
129.89128200000079
 20
-107.48492599999992
 10
129.7071320000008
 20
-107.61243399999991
 10
129.5232360000008
 20
-107.74044999999992
 10
129.33984800000079
 20
-107.86897399999991
 10
129.1567140000008
 20
-107.9980059999999
 10
128.97383400000078
 20
-108.12754599999991
 10
128.7914620000008
 20
-108.2575939999999
 10
128.6093440000008
 20
-108.38814999999991
 10
128.42748000000077
 20
-108.5192139999999
 10
128.24612400000078
 20
-108.6507859999999
 10
128.06502200000077
 20
-108.7828659999999
 10
127.88442800000077
 20
-108.9154539999999
 10
127.70408800000078
 20
-109.04854999999989
 10
127.52425600000078
 20
-109.1821539999999
 10
127.34467800000077
 20
-109.3162659999999
 10
127.16560800000077
 20
-109.4508859999999
 10
126.98679200000078
 20
-109.58601399999989
 10
126.80848400000077
 20
-109.7216499999999
 10
126.63043000000077
 20
-109.8575399999999
 10
126.45288400000076
 20
-109.99393799999989
 10
126.27584600000077
 20
-110.13084399999988
 10
126.09906200000076
 20
-110.26825799999989
 10
125.92278600000076
 20
-110.40617999999989
 10
125.74701800000075
 20
-110.54460999999989
 10
125.57150400000076
 20
-110.68329399999989
 10
125.39649800000076
 20
-110.8224859999999
 10
125.05207400000076
 20
-111.10290199999989
 10
124.71781000000077
 20
-111.3866199999999
 10
124.39345200000076
 20
-111.67363999999989
 10
124.07900000000076
 20
-111.9642159999999
 10
123.77420000000077
 20
-112.2583479999999
 10
123.47930600000078
 20
-112.5562899999999
 10
123.19406400000078
 20
-112.85829599999991
 10
122.91847400000077
 20
-113.1641119999999
 10
122.65228200000078
 20
-113.47424599999991
 10
122.39574200000078
 20
-113.78869799999991
 10
122.14860000000077
 20
-114.10746799999991
 10
121.91085600000078
 20
-114.43080999999991
 10
121.68225600000079
 20
-114.75872399999992
 10
121.46305400000078
 20
-115.09146399999992
 10
121.25299600000079
 20
-115.42928399999991
 10
121.0520820000008
 20
-115.7719299999999
 10
120.86031200000079
 20
-116.1199099999999
 10
120.67743200000078
 20
-116.47322399999992
 10
120.50344200000079
 20
-116.8318719999999
 10
120.3383420000008
 20
-117.19610799999991
 10
120.1818780000008
 20
-117.56593199999992
 10
120.03430400000079
 20
-117.94159799999991
 10
119.89536600000078
 20
-118.32310599999991
 10
119.76506400000079
 20
-118.71070999999992
 10
119.64314400000079
 20
-119.10440999999992
 10
119.52986000000078
 20
-119.50445999999992
 10
119.42495800000077
 20
-119.91085999999993
 10
119.32843800000077
 20
-120.32386399999992
 10
119.24004600000077
 20
-120.74347199999991
 10
119.16003600000077
 20
-121.1699379999999
 10
119.08815400000077
 20
-121.60326199999992
 10
119.02440000000077
 20
-122.0436979999999
 10
118.98147400000077
 20
-122.3777079999999
 10
118.94235800000078
 20
-122.7119719999999
 10
118.90705200000077
 20
-123.0464899999999
 10
118.87530200000077
 20
-123.3815159999999
 10
118.84710800000077
 20
-123.7167959999999
 10
118.82247000000078
 20
-124.05232999999991
 10
118.80113400000079
 20
-124.3881179999999
 10
118.78310000000077
 20
-124.72415999999991
 10
118.76811400000076
 20
-125.0604559999999
 10
118.75617600000076
 20
-125.3970059999999
 10
118.74728600000076
 20
-125.73355599999991
 10
118.74119000000076
 20
-126.07035999999991
 10
118.73788800000077
 20
-126.40741799999991
 10
118.73712600000077
 20
-126.7444759999999
 10
118.73890400000077
 20
-127.0815339999999
 10
118.74322200000077
 20
-127.4188459999999
 10
118.74982600000077
 20
-127.7561579999999
 10
118.75871600000077
 20
-128.09346999999988
 10
118.76963800000078
 20
-128.43078199999988
 10
118.78259200000078
 20
-128.76809399999988
 10
118.79757800000078
 20
-129.10540599999987
 10
118.81434200000078
 20
-129.44271799999987
 10
118.83288400000077
 20
-129.78002999999987
 10
118.85295000000077
 20
-130.11708799999988
 10
118.87454000000076
 20
-130.45414599999987
 10
118.89765400000077
 20
-130.79094999999987
 10
118.92203800000077
 20
-131.12775399999987
 10
118.94769200000077
 20
-131.46430399999988
 10
118.97436200000077
 20
-131.8005999999999
 10
119.00204800000077
 20
-132.13664199999988
 10
119.03075000000076
 20
-132.4724299999999
 10
119.06021400000077
 20
-132.80796399999988
 10
119.06427800000077
 20
-132.82980799999987
 10
119.06834200000077
 20
-132.8516519999999
 10
119.07240600000078
 20
-132.8734959999999
 10
119.07647000000078
 20
-132.8953399999999
 10
119.08053400000078
 20
-132.9171839999999
 10
119.08434400000078
 20
-132.9390279999999
 10
119.08815400000078
 20
-132.9608719999999
 10
119.09196400000077
 20
-132.9827159999999
 10
119.09577400000077
 20
-133.0045599999999
 10
119.09933000000078
 20
-133.02640399999993
 10
119.10288600000078
 20
-133.04824799999992
 10
119.10644200000078
 20
-133.07009199999993
 10
119.10999800000079
 20
-133.09193599999992
 10
119.11355400000079
 20
-133.11403399999992
 10
119.11685600000078
 20
-133.13613199999992
 10
119.12015800000077
 20
-133.15822999999992
 10
119.12346000000078
 20
-133.18032799999992
 10
119.12676200000077
 20
-133.20242599999992
 10
119.13006400000076
 20
-133.22452399999992
 10
119.13311200000076
 20
-133.24662199999992
 10
119.13616000000076
 20
-133.26871999999992
 10
119.13920800000076
 20
-133.2908179999999
 10
119.14225600000076
 20
-133.3129159999999
 10
119.14505000000077
 20
-133.3350139999999
 10
119.14784400000077
 20
-133.3571119999999
 10
119.15063800000078
 20
-133.3792099999999
 10
119.15343200000078
 20
-133.4013079999999
 10
119.15597200000079
 20
-133.4234059999999
 10
119.15851200000078
 20
-133.4455039999999
 10
119.16105200000078
 20
-133.46760199999989
 10
119.16359200000078
 20
-133.48969999999989
 10
119.16587800000077
 20
-133.51179799999989
 10
119.16918000000076
 20
-133.5404999999999
 10
119.17273600000077
 20
-133.5692019999999
 10
119.17680000000078
 20
-133.59790399999991
 10
119.18111800000078
 20
-133.62660599999992
 10
119.18569000000078
 20
-133.65530799999993
 10
119.19051600000077
 20
-133.68426399999996
 10
119.19559600000076
 20
-133.71321999999995
 10
119.20118400000077
 20
-133.74217599999997
 10
119.20702600000077
 20
-133.77113199999997
 10
119.21286800000078
 20
-133.800088
 10
119.21896400000078
 20
-133.82904399999998
 10
119.22531400000078
 20
-133.858
 10
119.23191800000077
 20
-133.886956
 10
119.23852200000077
 20
-133.91591200000002
 10
119.24538000000078
 20
-133.944868
 10
119.25223800000077
 20
-133.97382400000004
 10
119.25935000000078
 20
-134.00278000000003
 10
119.26646200000079
 20
-134.03173600000005
 10
119.27357400000079
 20
-134.06043800000006
 10
119.28068600000078
 20
-134.08914000000007
 10
119.28779800000079
 20
-134.11784200000008
 10
119.2949100000008
 20
-134.14654400000012
 10
119.3020220000008
 20
-134.17524600000013
 10
119.30913400000081
 20
-134.20394800000014
 10
119.31624600000082
 20
-134.23265000000015
 10
119.32335800000082
 20
-134.26109800000015
 10
119.33021600000082
 20
-134.28954600000014
 10
119.33707400000081
 20
-134.3179940000001
 10
119.34367800000082
 20
-134.3464420000001
 10
119.35028200000082
 20
-134.3748900000001
 10
119.35663200000081
 20
-134.40308400000012
 10
119.36272800000081
 20
-134.4312780000001
 10
119.38279400000081
 20
-134.5232260000001
 10
119.40311400000081
 20
-134.61542800000012
 10
119.42368800000082
 20
-134.70788400000012
 10
119.44477000000083
 20
-134.80059400000013
 10
119.46636000000082
 20
-134.89330400000011
 10
119.48871200000083
 20
-134.98601400000013
 10
119.51182600000082
 20
-135.07847000000012
 10
119.53570200000082
 20
-135.17092600000015
 10
119.56034000000082
 20
-135.26312800000017
 10
119.58599400000082
 20
-135.35482200000015
 10
119.61266400000082
 20
-135.44626200000016
 10
119.64060400000082
 20
-135.53719400000014
 10
119.66956000000081
 20
-135.62761800000015
 10
119.69978600000083
 20
-135.71728000000013
 10
119.73153600000083
 20
-135.80618000000013
 10
119.76481000000082
 20
-135.89431800000014
 10
119.79960800000082
 20
-135.98169400000015
 10
119.83593000000081
 20
-136.06805400000016
 10
119.87403000000081
 20
-136.15339800000015
 10
119.9139080000008
 20
-136.23747200000017
 10
119.9555640000008
 20
-136.32027600000018
 10
119.99925200000081
 20
-136.40181000000018
 10
120.04497200000081
 20
-136.48207400000018
 10
120.0927240000008
 20
-136.56081400000016
 10
120.1427620000008
 20
-136.63803000000016
 10
120.19508600000081
 20
-136.71372200000016
 10
120.24995000000081
 20
-136.78763600000016
 10
120.30710000000082
 20
-136.85977200000016
 10
120.36679000000082
 20
-136.9301300000002
 10
120.42927400000082
 20
-136.9987100000002
 10
120.49429800000081
 20
-137.06525800000017
 10
120.56211600000081
 20
-137.12952000000018
 10
120.65000000000082
 20
-137.20622800000018
 10
120.74042400000081
 20
-137.2781100000002
 10
120.83338800000081
 20
-137.3454200000002
 10
120.9286380000008
 20
-137.40815800000016
 10
121.02617400000081
 20
-137.46657800000017
 10
121.1259960000008
 20
-137.52093400000018
 10
121.2278500000008
 20
-137.5712260000002
 10
121.3317360000008
 20
-137.6177080000002
 10
121.4374000000008
 20
-137.66038000000017
 10
121.5448420000008
 20
-137.69949600000018
 10
121.6538080000008
 20
-137.73531000000017
 10
121.76429800000079
 20
-137.7678220000002
 10
121.8763120000008
 20
-137.79703200000017
 10
121.9895960000008
 20
-137.82319400000017
 10
122.10389600000079
 20
-137.84656200000018
 10
122.21946600000079
 20
-137.8671360000002
 10
122.33579800000079
 20
-137.8851700000002
 10
122.4531460000008
 20
-137.9009180000002
 10
122.57125600000079
 20
-137.9143800000002
 10
122.68987400000078
 20
-137.92555600000017
 10
122.80900000000078
 20
-137.93470000000016
 10
122.92863400000078
 20
-137.94206600000015
 10
123.04852200000077
 20
-137.94765400000017
 10
123.16866400000077
 20
-137.95171800000017
 10
123.28880600000079
 20
-137.95425800000015
 10
123.40894800000079
 20
-137.95552800000016
 10
123.52883600000078
 20
-137.95578200000017
 10
123.64847000000078
 20
-137.95502000000013
 10
123.76785000000079
 20
-137.95324200000016
 10
123.88672200000079
 20
-137.95070200000015
 10
124.00483200000079
 20
-137.94765400000017
 10
124.1224340000008
 20
-137.94435200000018
 10
124.56109200000078
 20
-137.93089000000018
 10
124.99975000000079
 20
-137.91742800000017
 10
125.43840800000078
 20
-137.90396600000017
 10
125.87706600000077
 20
-137.89050400000016
 10
126.31572400000076
 20
-137.87704200000016
 10
126.75438200000076
 20
-137.86358000000018
 10
127.19304000000075
 20
-137.85011800000018
 10
127.63169800000074
 20
-137.83665600000018
 10
128.07035600000074
 20
-137.82319400000017
 10
128.50901400000072
 20
-137.80973200000017
 10
128.94767200000072
 20
-137.79627000000016
 10
129.38633000000073
 20
-137.7828080000002
 10
129.8249880000007
 20
-137.76934600000018
 10
130.2636460000007
 20
-137.75588400000018
 10
130.7023040000007
 20
-137.74242200000018
 10
131.14096200000068
 20
-137.72896000000017
 10
131.5796200000007
 20
-137.71549800000017
 10
132.0182780000007
 20
-137.7020360000002
 10
132.45693600000067
 20
-137.6885740000002
 10
132.89559400000067
 20
-137.67511200000018
 10
133.33425200000067
 20
-137.66165000000018
 10
133.77291000000065
 20
-137.64818800000018
 10
134.21156800000065
 20
-137.63472600000017
 10
134.65022600000066
 20
-137.6212640000002
 10
135.08888400000063
 20
-137.6078020000002
 10
135.52754200000064
 20
-137.5943400000002
 10
135.9662000000006
 20
-137.58087800000018
 10
136.40485800000062
 20
-137.56741600000018
 10
136.84351600000062
 20
-137.55395400000018
 10
137.2821740000006
 20
-137.5404920000002
 10
137.7208320000006
 20
-137.5270300000002
 10
138.1594900000006
 20
-137.5135680000002
 10
138.2506760000006
 20
-137.5107740000002
 10
138.3421160000006
 20
-137.50772600000022
 10
138.4338100000006
 20
-137.50417000000022
 10
138.5257580000006
 20
-137.5003600000002
 10
138.6179600000006
 20
-137.4960420000002
 10
138.71016200000062
 20
-137.4909620000002
 10
138.80236400000064
 20
-137.4851200000002
 10
138.89456600000065
 20
-137.4785160000002
 10
138.98676800000067
 20
-137.47115000000022
 10
139.07871600000067
 20
-137.4627680000002
 10
139.17041000000066
 20
-137.4531160000002
 10
139.26185000000066
 20
-137.44244800000018
 10
139.35303600000066
 20
-137.43025600000018
 10
139.44371400000065
 20
-137.4167940000002
 10
139.53388400000065
 20
-137.40180800000022
 10
139.62354600000066
 20
-137.38529800000018
 10
139.71270000000067
 20
-137.3670100000002
 10
139.80109200000064
 20
-137.3469440000002
 10
139.88872200000066
 20
-137.3251000000002
 10
139.97559000000064
 20
-137.3012240000002
 10
140.06169600000067
 20
-137.2753160000002
 10
140.14678600000067
 20
-137.2473760000002
 10
140.23086000000066
 20
-137.21715000000017
 10
140.31391800000068
 20
-137.18463800000018
 10
140.39570600000067
 20
-137.14958600000017
 10
140.47647800000067
 20
-137.11199400000015
 10
140.55598000000066
 20
-137.07186200000015
 10
140.63421200000067
 20
-137.02893600000016
 10
140.71092000000067
 20
-136.98321600000017
 10
140.78610400000068
 20
-136.93470200000016
 10
140.85976400000067
 20
-136.88314000000017
 10
140.93190000000067
 20
-136.82853000000017
 10
141.03375400000067
 20
-136.74344000000016
 10
141.12951200000066
 20
-136.65403200000014
 10
141.21942800000065
 20
-136.56056000000015
 10
141.30350200000066
 20
-136.46302400000013
 10
141.38198800000066
 20
-136.36167800000013
 10
141.45488600000067
 20
-136.25677600000014
 10
141.5227040000007
 20
-136.14857200000012
 10
141.58544200000065
 20
-136.03706600000012
 10
141.64310000000066
 20
-135.92251200000013
 10
141.69618600000064
 20
-135.80516400000013
 10
141.74470000000065
 20
-135.68502200000015
 10
141.78864200000066
 20
-135.56234000000015
 10
141.82852000000065
 20
-135.43737200000015
 10
141.86433400000067
 20
-135.31037200000017
 10
141.89608400000066
 20
-135.18134000000015
 10
141.92402400000066
 20
-135.05053000000015
 10
141.94840800000065
 20
-134.91819600000017
 10
141.96949000000066
 20
-134.78433800000016
 10
141.98727000000068
 20
-134.64946400000017
 10
142.00200200000066
 20
-134.51357400000018
 10
142.01394000000067
 20
-134.3766680000002
 10
142.02308400000067
 20
-134.23925400000016
 10
142.02968800000065
 20
-134.10133200000016
 10
142.03400600000066
 20
-133.96315600000017
 10
142.03603800000067
 20
-133.82472600000017
 10
142.03603800000067
 20
-133.6862960000002
 10
142.03400600000066
 20
-133.5481200000002
 10
142.03045000000066
 20
-133.4104520000002
 10
142.02511600000068
 20
-133.27354600000018
 10
142.01851200000067
 20
-133.1374020000002
 10
142.01063800000068
 20
-133.0022740000002
  0
LWPOLYLINE
  5
35
330
17
100
AcDbEntity
  8
0
100
AcDbPolyline
 90
416
 70
1
 10
140.52092800000068
 20
-74.12405800000019
 10
140.5034020000007
 20
-74.06055800000019
 10
140.4851140000007
 20
-73.99731200000018
 10
140.4658100000007
 20
-73.93457400000018
 10
140.4454900000007
 20
-73.87209000000018
 10
140.42440800000068
 20
-73.80986000000019
 10
140.40231000000068
 20
-73.74788400000017
 10
140.37945000000067
 20
-73.68641600000016
 10
140.35557400000067
 20
-73.62520200000017
 10
140.33093600000066
 20
-73.56424200000018
 10
140.30553600000067
 20
-73.50353600000018
 10
140.27937400000067
 20
-73.44333800000017
 10
140.2524500000007
 20
-73.38339400000018
 10
140.22476400000068
 20
-73.32370400000018
 10
140.19631600000068
 20
-73.26426800000017
 10
140.16710600000067
 20
-73.20508600000018
 10
140.1373880000007
 20
-73.14641200000018
 10
140.1069080000007
 20
-73.08799200000017
 10
140.0759200000007
 20
-73.02982600000017
 10
140.0441700000007
 20
-72.97191400000017
 10
140.0119120000007
 20
-72.91425600000018
 10
139.9791460000007
 20
-72.85710600000017
 10
139.9456180000007
 20
-72.80021000000018
 10
139.91158200000072
 20
-72.74356800000017
 10
139.87703800000074
 20
-72.68718000000018
 10
139.8419860000007
 20
-72.63104600000018
 10
139.8066800000007
 20
-72.57516600000017
 10
139.77086600000072
 20
-72.51979400000016
 10
139.7345440000007
 20
-72.46467600000017
 10
139.6979680000007
 20
-72.40981200000017
 10
139.66088400000072
 20
-72.35520200000018
 10
139.62354600000072
 20
-72.30084600000018
 10
139.5857000000007
 20
-72.24674400000016
 10
139.5681740000007
 20
-72.22185200000017
 10
139.55039400000072
 20
-72.19696000000016
 10
139.5326140000007
 20
-72.17232200000016
 10
139.51458000000068
 20
-72.14768400000017
 10
139.4962920000007
 20
-72.12304600000017
 10
139.47800400000068
 20
-72.09866200000017
 10
139.45946200000068
 20
-72.07427800000018
 10
139.4406660000007
 20
-72.05014800000016
 10
139.42161600000068
 20
-72.02627200000018
 10
139.40231200000068
 20
-72.00239600000018
 10
139.3827540000007
 20
-71.97877400000017
 10
139.3629420000007
 20
-71.95540600000017
 10
139.3428760000007
 20
-71.93229200000017
 10
139.3225560000007
 20
-71.90968600000016
 10
139.3019820000007
 20
-71.88733400000017
 10
139.2811540000007
 20
-71.86523600000017
 10
139.2598180000007
 20
-71.84364600000018
 10
139.2382280000007
 20
-71.82231000000017
 10
139.2163840000007
 20
-71.80148200000018
 10
139.1940320000007
 20
-71.78116200000018
 10
139.17142600000068
 20
-71.76135000000018
 10
139.14856600000067
 20
-71.74179200000019
 10
139.1251980000007
 20
-71.72299600000018
 10
139.1015760000007
 20
-71.70470800000018
 10
139.0774460000007
 20
-71.68692800000018
 10
139.05280800000068
 20
-71.66965600000019
 10
139.02791600000072
 20
-71.65314600000019
 10
139.0025160000007
 20
-71.63714400000019
 10
138.9766080000007
 20
-71.62190400000019
 10
138.9501920000007
 20
-71.60717200000019
 10
138.9235220000007
 20
-71.59320200000019
 10
138.8963440000007
 20
-71.57999400000018
 10
138.8706900000007
 20
-71.56856400000018
 10
138.8447820000007
 20
-71.55789600000018
 10
138.81862000000072
 20
-71.54773600000019
 10
138.79245800000072
 20
-71.53833800000018
 10
138.7660420000007
 20
-71.52944800000019
 10
138.7393720000007
 20
-71.52132000000019
 10
138.7124480000007
 20
-71.51370000000018
 10
138.68552400000073
 20
-71.50684200000019
 10
138.65834600000073
 20
-71.50049200000021
 10
138.63116800000074
 20
-71.49465000000019
 10
138.60373600000074
 20
-71.48931600000019
 10
138.57630400000076
 20
-71.48449000000019
 10
138.54861800000074
 20
-71.4801720000002
 10
138.52093200000073
 20
-71.47610800000018
 10
138.49299200000073
 20
-71.47255200000018
 10
138.46505200000072
 20
-71.46950400000019
 10
138.43711200000072
 20
-71.46671000000018
 10
138.40891800000074
 20
-71.46442400000018
 10
138.38072400000073
 20
-71.46239200000018
 10
138.35253000000074
 20
-71.46061400000018
 10
138.32433600000073
 20
-71.45909000000019
 10
138.29614200000074
 20
-71.45782000000018
 10
138.26769400000074
 20
-71.45680400000018
 10
138.23924600000075
 20
-71.45604200000018
 10
138.21079800000078
 20
-71.45553400000018
 10
138.18235000000078
 20
-71.45502600000017
 10
138.15390200000078
 20
-71.45477200000019
 10
138.1254540000008
 20
-71.45477200000019
 10
138.0972600000008
 20
-71.45477200000019
 10
138.0690660000008
 20
-71.45477200000019
 10
138.0408720000008
 20
-71.45477200000019
 10
138.0126780000008
 20
-71.45502600000017
 10
137.6669840000008
 20
-71.45705800000017
 10
137.3212900000008
 20
-71.45909000000017
 10
136.97559600000082
 20
-71.46112200000016
 10
136.6299020000008
 20
-71.46315400000016
 10
136.2842080000008
 20
-71.46518600000016
 10
135.93851400000082
 20
-71.46721800000014
 10
135.5928200000008
 20
-71.46925000000014
 10
135.24712600000083
 20
-71.47128200000014
 10
134.90143200000082
 20
-71.47331400000013
 10
134.55573800000082
 20
-71.47534600000013
 10
134.21004400000083
 20
-71.47737800000013
 10
133.86435000000083
 20
-71.47941000000012
 10
133.51865600000085
 20
-71.48144200000011
 10
133.17296200000084
 20
-71.48347400000011
 10
132.82726800000083
 20
-71.48550600000011
 10
132.48157400000085
 20
-71.4875380000001
 10
132.13588000000084
 20
-71.4895700000001
 10
131.79018600000086
 20
-71.4916020000001
 10
131.44449200000085
 20
-71.49363400000009
 10
131.09879800000084
 20
-71.49566600000009
 10
130.75310400000086
 20
-71.49769800000009
 10
130.40741000000085
 20
-71.49973000000007
 10
130.06171600000087
 20
-71.50176200000007
 10
129.71602200000086
 20
-71.50379400000007
 10
129.37032800000085
 20
-71.50582600000006
 10
129.02463400000087
 20
-71.50785800000006
 10
128.67894000000086
 20
-71.50989000000006
 10
128.33324600000088
 20
-71.51192200000004
 10
127.98755200000087
 20
-71.51395400000004
 10
127.64185800000088
 20
-71.51598600000004
 10
127.29616400000089
 20
-71.51801800000003
 10
126.95047000000089
 20
-71.52005000000003
 10
127.04724400000087
 20
-71.52335200000002
 10
127.14401800000087
 20
-71.52716200000002
 10
127.24079200000087
 20
-71.53122600000002
 10
127.33782000000086
 20
-71.53579800000001
 10
127.43484800000087
 20
-71.540878
 10
127.53187600000086
 20
-71.54646600000001
 10
127.62890400000087
 20
-71.55230800000001
 10
127.72593200000087
 20
-71.55865800000001
 10
127.82296000000088
 20
-71.565516
 10
127.91998800000087
 20
-71.572882
 10
128.01701600000087
 20
-71.58075600000001
 10
128.1140440000009
 20
-71.589138
 10
128.21081800000087
 20
-71.59802800000001
 10
128.30759200000085
 20
-71.60768000000002
 10
128.40436600000086
 20
-71.61784000000003
 10
128.50114000000085
 20
-71.62850800000002
 10
128.59766000000084
 20
-71.63968400000002
 10
128.69418000000084
 20
-71.65162200000002
 10
128.79044600000086
 20
-71.66406800000001
 10
128.88671200000084
 20
-71.67727600000002
 10
128.98297800000086
 20
-71.69099200000001
 10
129.07899000000086
 20
-71.70547000000002
 10
129.17474800000085
 20
-71.72045600000003
 10
129.27050600000086
 20
-71.73620400000003
 10
129.36601000000084
 20
-71.75271400000003
 10
129.46151400000085
 20
-71.76998600000002
 10
129.55676400000084
 20
-71.78776600000002
 10
129.65176000000085
 20
-71.80630800000002
 10
129.74650200000085
 20
-71.82561200000002
 10
129.84099000000086
 20
-71.84567800000002
 10
129.93547800000087
 20
-71.86650600000002
 10
130.02971200000084
 20
-71.88809600000002
 10
130.06501800000083
 20
-71.89114400000001
 10
130.10032400000085
 20
-71.89419200000002
 10
130.13563000000084
 20
-71.89749400000001
 10
130.17093600000084
 20
-71.900796
 10
130.20624200000086
 20
-71.904352
 10
130.24154800000085
 20
-71.907908
 10
130.27685400000087
 20
-71.91146400000001
 10
130.31216000000086
 20
-71.91527400000001
 10
130.34746600000085
 20
-71.919084
 10
130.38277200000087
 20
-71.92314800000001
 10
130.41807800000086
 20
-71.92721200000001
 10
130.45338400000088
 20
-71.93153000000001
 10
130.48869000000087
 20
-71.93584800000001
 10
130.52399600000086
 20
-71.94042
 10
130.55930200000088
 20
-71.944992
 10
130.5943540000009
 20
-71.949818
 10
130.6294060000009
 20
-71.954644
 10
130.6644580000009
 20
-71.959724
 10
130.6995100000009
 20
-71.965058
 10
130.7343080000009
 20
-71.970392
 10
130.76910600000087
 20
-71.97598
 10
130.80365000000089
 20
-71.981568
 10
130.83819400000087
 20
-71.98741000000001
 10
130.87248400000087
 20
-71.99325200000001
 10
130.90677400000087
 20
-71.99934800000001
 10
130.94106400000086
 20
-72.00544400000001
 10
130.97510000000085
 20
-72.01179400000001
 10
131.00913600000086
 20
-72.018398
 10
131.04291800000087
 20
-72.02500200000001
 10
131.07644600000086
 20
-72.03186000000001
 10
131.10997400000085
 20
-72.038718
 10
131.14324800000085
 20
-72.04583000000001
 10
131.21868600000084
 20
-72.06284800000002
 10
131.29361600000084
 20
-72.08113600000001
 10
131.36829200000082
 20
-72.10044000000002
 10
131.44246000000084
 20
-72.12101400000002
 10
131.51637400000087
 20
-72.14285800000003
 10
131.58978000000084
 20
-72.16597200000002
 10
131.66293200000086
 20
-72.19010200000004
 10
131.73557600000083
 20
-72.21550200000004
 10
131.80771200000083
 20
-72.24191800000004
 10
131.87959400000085
 20
-72.26935000000005
 10
131.95096800000084
 20
-72.29779800000004
 10
132.02183400000084
 20
-72.32751600000005
 10
132.09244600000082
 20
-72.35825000000004
 10
132.16255000000083
 20
-72.39000000000004
 10
132.23214600000082
 20
-72.42276600000005
 10
132.30123400000085
 20
-72.45629400000006
 10
132.37006800000083
 20
-72.49083800000005
 10
132.4383940000008
 20
-72.52639800000006
 10
132.50621200000083
 20
-72.56272000000004
 10
132.57352200000082
 20
-72.60005800000005
 10
132.64032400000085
 20
-72.63815800000003
 10
132.70661800000084
 20
-72.67727400000004
 10
132.77240400000085
 20
-72.71715200000003
 10
132.83768200000083
 20
-72.75779200000004
 10
132.90245200000084
 20
-72.79919400000004
 10
132.96671400000085
 20
-72.84161200000004
 10
133.03046800000084
 20
-72.88453800000003
 10
133.09371400000083
 20
-72.92822600000004
 10
133.15645200000083
 20
-72.97267600000004
 10
133.21842800000084
 20
-73.01788800000004
 10
133.27989600000083
 20
-73.06386200000003
 10
133.34085600000083
 20
-73.11034400000003
 10
133.44194800000082
 20
-73.19010000000004
 10
133.5412620000008
 20
-73.27163400000005
 10
133.63879800000083
 20
-73.35469200000004
 10
133.73455600000082
 20
-73.43952800000005
 10
133.82828200000083
 20
-73.52614200000005
 10
133.91997600000082
 20
-73.61428000000004
 10
134.00989200000083
 20
-73.70419600000004
 10
134.09777600000083
 20
-73.79563600000004
 10
134.18362800000082
 20
-73.88885400000005
 10
134.26744800000083
 20
-73.98359600000005
 10
134.34898200000083
 20
-74.07986200000005
 10
134.42848400000082
 20
-74.17790600000005
 10
134.50595400000083
 20
-74.27747400000005
 10
134.58113800000083
 20
-74.37856600000006
 10
134.65403600000084
 20
-74.48118200000006
 10
134.72464800000085
 20
-74.58532200000006
 10
134.79297400000084
 20
-74.69098600000007
 10
134.85901400000085
 20
-74.79817400000007
 10
134.92276800000084
 20
-74.90688600000007
 10
134.98398200000085
 20
-75.01712200000007
 10
135.04291000000083
 20
-75.12862800000008
 10
135.09929800000083
 20
-75.24165800000009
 10
135.15314600000082
 20
-75.35621200000008
 10
135.20445400000082
 20
-75.47203600000009
 10
135.25322200000082
 20
-75.5893840000001
 10
135.29945000000083
 20
-75.70800200000008
 10
135.34313800000083
 20
-75.82789000000008
 10
135.38403200000081
 20
-75.94930200000009
 10
135.4221320000008
 20
-76.07198400000009
 10
135.4576920000008
 20
-76.19593600000009
 10
135.4904580000008
 20
-76.32115800000008
 10
135.52043000000083
 20
-76.44765000000008
 10
135.54125800000082
 20
-76.54417000000008
 10
135.56030800000084
 20
-76.64069000000008
 10
135.57783400000082
 20
-76.73721000000008
 10
135.59383600000083
 20
-76.83373000000007
 10
135.60831400000083
 20
-76.93025000000007
 10
135.62101400000083
 20
-77.02677000000007
 10
135.6321900000008
 20
-77.12329000000007
 10
135.64184200000082
 20
-77.21981000000007
 10
135.64997000000082
 20
-77.31607600000008
 10
135.6565740000008
 20
-77.41234200000008
 10
135.66165400000082
 20
-77.50860800000008
 10
135.66521000000083
 20
-77.6048740000001
 10
135.6672420000008
 20
-77.70088600000008
 10
135.66800400000082
 20
-77.79689800000008
 10
135.6672420000008
 20
-77.89291000000007
 10
135.6649560000008
 20
-77.98866800000008
 10
135.6614000000008
 20
-78.08442600000008
 10
135.65632000000082
 20
-78.17993000000008
 10
135.64997000000082
 20
-78.27543400000008
 10
135.64209600000083
 20
-78.37068400000007
 10
135.63295200000084
 20
-78.46568000000008
 10
135.62228400000083
 20
-78.56067600000009
 10
135.61034600000085
 20
-78.65541800000008
 10
135.59713800000083
 20
-78.74990600000008
 10
135.58266000000083
 20
-78.84414000000008
 10
135.56691200000083
 20
-78.93837400000008
 10
135.54989400000082
 20
-79.03235400000007
 10
135.53160600000083
 20
-79.12608000000009
 10
135.51204800000082
 20
-79.21955200000008
 10
135.49122000000082
 20
-79.31277000000009
 10
135.46912200000082
 20
-79.40573400000008
 10
135.44575400000085
 20
-79.49844400000009
 10
135.46328000000082
 20
-79.48574400000008
 10
135.48106000000084
 20
-79.47304400000007
 10
135.49884000000085
 20
-79.46059800000009
 10
135.51662000000087
 20
-79.44815200000009
 10
135.5344000000009
 20
-79.4357060000001
 10
135.55218000000087
 20
-79.4235140000001
 10
135.5699600000009
 20
-79.4113220000001
 10
135.58799400000092
 20
-79.3991300000001
 10
135.60602800000092
 20
-79.3869380000001
 10
135.62406200000092
 20
-79.37500000000009
 10
135.64209600000092
 20
-79.36306200000008
 10
135.66013000000092
 20
-79.35112400000007
 10
135.67841800000093
 20
-79.33918600000007
 10
135.69670600000094
 20
-79.32750200000007
 10
135.71499400000093
 20
-79.31581800000008
 10
135.73328200000094
 20
-79.30413400000008
 10
135.75157000000092
 20
-79.29270400000007
 10
135.76985800000094
 20
-79.28127400000007
 10
135.78840000000093
 20
-79.26984400000006
 10
135.80694200000093
 20
-79.25841400000006
 10
135.82548400000093
 20
-79.24723800000007
 10
135.84402600000092
 20
-79.23606200000006
 10
135.86256800000092
 20
-79.22488600000007
 10
135.88111000000092
 20
-79.21396400000008
 10
135.8999060000009
 20
-79.20304200000007
 10
135.91870200000088
 20
-79.19212000000006
 10
135.93749800000086
 20
-79.18145200000008
 10
135.95629400000087
 20
-79.17078400000008
 10
135.97509000000085
 20
-79.16011600000009
 10
135.99388600000083
 20
-79.14970200000009
 10
136.01293600000085
 20
-79.13928800000009
 10
136.03198600000087
 20
-79.1288740000001
 10
136.10666200000085
 20
-79.0889960000001
 10
136.18159200000085
 20
-79.0498800000001
 10
136.25703000000084
 20
-79.01152600000009
 10
136.33272200000084
 20
-78.97393400000009
 10
136.40892200000084
 20
-78.93710400000009
 10
136.48537600000085
 20
-78.90103600000009
 10
136.56208400000085
 20
-78.8654760000001
 10
136.63904600000086
 20
-78.83042400000011
 10
136.71626200000085
 20
-78.7958800000001
 10
136.79373200000083
 20
-78.7618440000001
 10
136.87145600000085
 20
-78.7280620000001
 10
136.94918000000087
 20
-78.6947880000001
 10
137.02715800000087
 20
-78.66176800000011
 10
137.10513600000087
 20
-78.6290020000001
 10
137.18336800000085
 20
-78.59623600000009
 10
137.26160000000087
 20
-78.5637240000001
 10
137.33983200000085
 20
-78.5312120000001
 10
137.41806400000087
 20
-78.4987000000001
 10
137.49629600000085
 20
-78.4661880000001
 10
137.57452800000087
 20
-78.4334220000001
 10
137.65250600000087
 20
-78.4006560000001
 10
137.73048400000087
 20
-78.3676360000001
 10
137.80846200000087
 20
-78.33436200000011
 10
137.8861860000009
 20
-78.30083400000011
 10
137.96365600000087
 20
-78.26679800000011
 10
138.04112600000084
 20
-78.23250800000011
 10
138.11834200000084
 20
-78.1977100000001
 10
138.19530400000085
 20
-78.16240400000011
 10
138.27201200000084
 20
-78.12633600000011
 10
138.34821200000084
 20
-78.0897600000001
 10
138.42415800000083
 20
-78.0524220000001
 10
138.49985000000083
 20
-78.0143220000001
 10
138.57503400000084
 20
-77.9754600000001
 10
138.64996400000084
 20
-77.93558200000011
 10
138.72464000000082
 20
-77.8946880000001
 10
138.79880800000083
 20
-77.85252400000012
 10
138.87246800000082
 20
-77.80934400000011
 10
138.94562000000084
 20
-77.76514800000011
 10
139.0182640000008
 20
-77.71993600000012
 10
139.09014600000083
 20
-77.67345400000012
 10
139.1612660000008
 20
-77.62595600000012
 10
139.2313700000008
 20
-77.5771880000001
 10
139.3007120000008
 20
-77.5274040000001
 10
139.3690380000008
 20
-77.4763500000001
 10
139.4363480000008
 20
-77.4240260000001
 10
139.5026420000008
 20
-77.37068600000009
 10
139.5676660000008
 20
-77.31607600000011
 10
139.6314200000008
 20
-77.2601960000001
 10
139.69390400000077
 20
-77.20304600000009
 10
139.75511800000078
 20
-77.1448800000001
 10
139.8148080000008
 20
-77.0854440000001
 10
139.8729740000008
 20
-77.0247380000001
 10
139.92961600000078
 20
-76.9627620000001
 10
139.9844800000008
 20
-76.89926200000009
 10
140.03756600000077
 20
-76.8344920000001
 10
140.08887400000077
 20
-76.7684520000001
 10
140.13840400000078
 20
-76.7011420000001
 10
140.1859020000008
 20
-76.6325620000001
 10
140.23162200000078
 20
-76.5624580000001
 10
140.27505600000077
 20
-76.4910840000001
 10
140.31645800000078
 20
-76.4181860000001
 10
140.3555740000008
 20
-76.34401800000012
 10
140.3924040000008
 20
-76.26832600000012
 10
140.42694800000078
 20
-76.19136400000012
 10
140.45209400000078
 20
-76.13065800000012
 10
140.47571600000077
 20
-76.06919000000012
 10
140.49781400000077
 20
-76.00721400000012
 10
140.51813400000077
 20
-75.9449840000001
 10
140.53693000000078
 20
-75.88224600000011
 10
140.55420200000077
 20
-75.8190000000001
 10
140.56995000000077
 20
-75.7555000000001
 10
140.5841740000008
 20
-75.6914920000001
 10
140.59687400000078
 20
-75.6272300000001
 10
140.60830400000077
 20
-75.5627140000001
 10
140.61821000000074
 20
-75.4979440000001
 10
140.62659200000076
 20
-75.43292000000011
 10
140.63370400000076
 20
-75.3676420000001
 10
140.63929200000078
 20
-75.30211000000011
 10
140.6436100000008
 20
-75.23632400000011
 10
140.64665800000077
 20
-75.1705380000001
 10
140.64818200000076
 20
-75.1047520000001
 10
140.64843600000077
 20
-75.0387120000001
 10
140.64742000000075
 20
-74.9726720000001
 10
140.64513400000075
 20
-74.9066320000001
 10
140.64157800000075
 20
-74.84059200000011
 10
140.63675200000074
 20
-74.77455200000011
 10
140.63065600000076
 20
-74.70876600000011
 10
140.62329000000076
 20
-74.64298000000011
 10
140.61490800000075
 20
-74.5774480000001
 10
140.60525600000074
 20
-74.51191600000011
 10
140.59433400000074
 20
-74.4466380000001
 10
140.58239600000073
 20
-74.38161400000011
 10
140.56918800000074
 20
-74.31684400000012
 10
140.55496400000072
 20
-74.25232800000012
 10
140.53972400000075
 20
-74.18806600000012
  0
LWPOLYLINE
  5
36
330
17
100
AcDbEntity
  8
0
100
AcDbPolyline
 90
288
 70
1
 10
123.07951000000072
 20
-94.32442400000014
 10
122.86564200000073
 20
-94.40621200000012
 10
122.65304400000073
 20
-94.48800000000013
 10
122.44171600000072
 20
-94.56978800000013
 10
122.23165800000073
 20
-94.65157600000013
 10
122.02287000000074
 20
-94.73361800000012
 10
121.81560600000074
 20
-94.81591400000013
 10
121.60961200000074
 20
-94.89846400000013
 10
121.40514200000074
 20
-94.98126800000013
 10
121.20194200000074
 20
-95.06458000000012
 10
121.00026600000075
 20
-95.14840000000012
 10
120.80011400000075
 20
-95.23272800000012
 10
120.60174000000075
 20
-95.31781800000012
 10
120.40489000000075
 20
-95.40367000000012
 10
120.20956400000074
 20
-95.49028400000013
 10
120.01601600000075
 20
-95.57791400000013
 10
119.82399200000074
 20
-95.66656000000013
 10
119.63374600000074
 20
-95.75622200000014
 10
119.44527800000074
 20
-95.84715400000013
 10
119.25858800000074
 20
-95.93935600000013
 10
119.07367600000073
 20
-96.03282800000012
 10
118.89054200000074
 20
-96.12757000000013
 10
118.70944000000073
 20
-96.22383600000013
 10
118.53011600000072
 20
-96.32162600000012
 10
118.35282400000072
 20
-96.42094000000013
 10
118.17756400000073
 20
-96.52203200000014
 10
118.00433600000072
 20
-96.62490200000013
 10
117.83314000000072
 20
-96.72955000000013
 10
117.66397600000073
 20
-96.83623000000013
 10
117.49684400000072
 20
-96.94494200000013
 10
117.33199800000072
 20
-97.05568600000012
 10
117.16918400000073
 20
-97.16846200000013
 10
117.00865600000073
 20
-97.28352400000013
 10
116.78462800000072
 20
-97.50171000000012
 10
116.56847400000072
 20
-97.72777000000012
 10
116.36044800000072
 20
-97.96119600000011
 10
116.16029600000071
 20
-98.2019880000001
 10
115.96827200000072
 20
-98.44938400000011
 10
115.78437600000072
 20
-98.70313000000012
 10
115.60860800000071
 20
-98.96297200000012
 10
115.44096800000071
 20
-99.22840200000012
 10
115.28145600000072
 20
-99.49891200000012
 10
115.13007200000072
 20
-99.77450200000011
 10
114.98707000000071
 20
-100.0544100000001
 10
114.85219600000072
 20
-100.33838200000011
 10
114.72570400000072
 20
-100.6261640000001
 10
114.60759400000073
 20
-100.9172480000001
 10
114.49761200000073
 20
-101.2111260000001
 10
114.39601200000074
 20
-101.50779800000011
 10
114.30279400000073
 20
-101.8065020000001
 10
114.21821200000072
 20
-102.1069840000001
 10
114.14201200000072
 20
-102.4089900000001
 10
114.07419400000072
 20
-102.7120120000001
 10
114.01501200000072
 20
-103.0155420000001
 10
113.96446600000071
 20
-103.3193260000001
 10
113.92230200000071
 20
-103.62311000000011
 10
113.88877400000072
 20
-103.92638600000012
 10
113.86388200000071
 20
-104.22890000000011
 10
113.8476260000007
 20
-104.5301440000001
 10
113.84026000000071
 20
-104.8296100000001
 10
113.8415300000007
 20
-105.1270440000001
 10
113.8514360000007
 20
-105.4221920000001
 10
113.87023200000071
 20
-105.7145460000001
 10
113.8979180000007
 20
-106.0038520000001
 10
113.9342400000007
 20
-106.28960200000009
 10
113.96319600000069
 20
-106.48162600000009
 10
113.9946920000007
 20
-106.6731420000001
 10
114.02847400000068
 20
-106.8641500000001
 10
114.06479600000068
 20
-107.05490400000009
 10
114.10340400000068
 20
-107.2451500000001
 10
114.14429800000067
 20
-107.4348880000001
 10
114.18747800000068
 20
-107.6243720000001
 10
114.23294400000067
 20
-107.8133480000001
 10
114.28044200000068
 20
-108.0020700000001
 10
114.32997200000068
 20
-108.19028400000009
 10
114.38153400000067
 20
-108.37799000000008
 10
114.43512800000067
 20
-108.56544200000009
 10
114.49050000000068
 20
-108.75238600000009
 10
114.54790400000068
 20
-108.93907600000009
 10
114.60708600000068
 20
-109.12525800000009
 10
114.66804600000069
 20
-109.31118600000009
 10
114.73053000000068
 20
-109.4968600000001
 10
114.79479200000067
 20
-109.68202600000009
 10
114.86057800000067
 20
-109.86693800000009
 10
114.92788800000068
 20
-110.05134200000009
 10
114.99672200000067
 20
-110.23549200000011
 10
115.06708000000067
 20
-110.4193880000001
 10
115.13870800000068
 20
-110.60277600000009
 10
115.21160600000067
 20
-110.78591000000009
 10
115.28577400000066
 20
-110.9687900000001
 10
115.36121200000066
 20
-111.1511620000001
 10
115.43792000000067
 20
-111.3332800000001
 10
115.51564400000066
 20
-111.5151440000001
 10
115.59438400000067
 20
-111.6967540000001
 10
115.67414000000068
 20
-111.87811000000009
 10
115.75491200000067
 20
-112.05895800000009
 10
115.83644600000068
 20
-112.2395520000001
 10
115.89486600000068
 20
-111.9220520000001
 10
115.96192200000068
 20
-111.60607600000009
 10
116.03736000000069
 20
-111.29187800000008
 10
116.12143400000069
 20
-110.97971200000009
 10
116.21389000000069
 20
-110.66983200000008
 10
116.31472800000068
 20
-110.36223800000008
 10
116.42394800000069
 20
-110.05718400000008
 10
116.54129600000068
 20
-109.75467000000008
 10
116.66702600000069
 20
-109.45495000000008
 10
116.80088400000068
 20
-109.15827800000008
 10
116.94287000000068
 20
-108.86465400000007
 10
117.09298400000068
 20
-108.57433200000008
 10
117.25122600000068
 20
-108.28756600000007
 10
117.41734200000069
 20
-108.00435600000007
 10
117.59133200000069
 20
-107.72521000000008
 10
117.7731960000007
 20
-107.44987400000008
 10
117.96293400000069
 20
-107.17885600000007
 10
118.1602920000007
 20
-106.91215600000007
 10
118.36552400000069
 20
-106.64977400000006
 10
118.57837600000069
 20
-106.39196400000007
 10
118.79884800000069
 20
-106.13898000000007
 10
119.02694000000069
 20
-105.89107600000007
 10
119.2623980000007
 20
-105.64825200000007
 10
119.50522200000071
 20
-105.41076200000008
 10
119.7556660000007
 20
-105.17886000000007
 10
120.01322200000071
 20
-104.95254600000007
 10
120.27814400000071
 20
-104.73207400000007
 10
120.55043200000071
 20
-104.51744400000005
 10
120.82983200000072
 20
-104.30916400000005
 10
121.11634400000071
 20
-104.10698000000006
 10
121.40996800000072
 20
-103.91140000000007
 10
121.71070400000072
 20
-103.72242400000006
 10
121.83262400000072
 20
-103.64876400000006
 10
121.95530600000073
 20
-103.57612000000005
 10
122.07875000000072
 20
-103.50449200000006
 10
122.20295600000071
 20
-103.43388000000004
 10
122.32767000000071
 20
-103.36428400000005
 10
122.45289200000072
 20
-103.29545000000005
 10
122.5788760000007
 20
-103.22737800000006
 10
122.7053680000007
 20
-103.16006800000005
 10
122.8323680000007
 20
-103.09352000000005
 10
122.9598760000007
 20
-103.02773400000005
 10
123.08763800000071
 20
-102.96245600000006
 10
123.21590800000071
 20
-102.89768600000005
 10
123.3444320000007
 20
-102.83342400000006
 10
123.47346400000069
 20
-102.76967000000006
 10
123.6027500000007
 20
-102.70617000000006
 10
123.73229000000069
 20
-102.64317800000006
 10
123.86208400000069
 20
-102.58044000000007
 10
123.99187800000071
 20
-102.51795600000007
 10
124.1219260000007
 20
-102.45572600000007
 10
124.2519740000007
 20
-102.39349600000007
 10
124.3822760000007
 20
-102.33152000000005
 10
124.51257800000069
 20
-102.26954400000005
 10
124.64288000000069
 20
-102.20756800000004
 10
124.77318200000069
 20
-102.14559200000004
 10
124.90323000000068
 20
-102.08336200000004
 10
125.03327800000068
 20
-102.02113200000004
 10
125.16307200000068
 20
-101.95864800000004
 10
125.2928660000007
 20
-101.89591000000003
 10
125.42240600000069
 20
-101.83291800000003
 10
125.5516920000007
 20
-101.76941800000004
 10
125.6807240000007
 20
-101.70566400000004
 10
125.80924800000068
 20
-101.64140200000004
 10
125.81051800000068
 20
-101.64064000000005
 10
125.81178800000067
 20
-101.63987800000005
 10
125.81305800000068
 20
-101.63911600000006
 10
125.81432800000069
 20
-101.63835400000006
 10
125.81559800000068
 20
-101.63759200000007
 10
125.81686800000068
 20
-101.63683000000007
 10
125.81813800000067
 20
-101.63606800000007
 10
125.81940800000068
 20
-101.63530600000007
 10
125.82067800000067
 20
-101.63454400000008
 10
125.82194800000067
 20
-101.63378200000008
 10
125.82321800000067
 20
-101.63302000000009
 10
125.82448800000067
 20
-101.63225800000009
 10
125.82575800000066
 20
-101.6314960000001
 10
125.82702800000067
 20
-101.6307340000001
 10
125.82829800000067
 20
-101.6299720000001
 10
125.82956800000066
 20
-101.6292100000001
 10
125.83083800000067
 20
-101.6284480000001
 10
125.83210800000066
 20
-101.62768600000011
 10
125.83337800000066
 20
-101.62692400000012
 10
125.83464800000066
 20
-101.62616200000012
 10
125.83591800000066
 20
-101.62540000000013
 10
125.83718800000065
 20
-101.62463800000013
 10
125.83845800000066
 20
-101.62387600000012
 10
125.83972800000066
 20
-101.62311400000013
 10
125.84099800000065
 20
-101.62235200000013
 10
125.84226800000066
 20
-101.62159000000014
 10
125.84353800000065
 20
-101.62082800000015
 10
125.84480800000065
 20
-101.62006600000015
 10
125.84607800000065
 20
-101.61930400000016
 10
125.84734800000065
 20
-101.61854200000016
 10
125.84861800000064
 20
-101.61778000000015
 10
125.84988800000065
 20
-101.61701800000016
 10
126.04699200000064
 20
-101.51160800000015
 10
126.23469800000065
 20
-101.39883200000016
 10
126.41351400000065
 20
-101.27869000000015
 10
126.58344000000064
 20
-101.15169000000014
 10
126.74447600000065
 20
-101.01783200000015
 10
126.89713000000064
 20
-100.87762400000015
 10
127.04114800000065
 20
-100.73106600000015
 10
127.17703800000065
 20
-100.57866600000014
 10
127.30480000000065
 20
-100.42042400000014
 10
127.42468800000064
 20
-100.25659400000015
 10
127.53670200000063
 20
-100.08768400000014
 10
127.64109600000064
 20
-99.91369400000015
 10
127.73787000000063
 20
-99.73487800000014
 10
127.82727800000062
 20
-99.55149000000014
 10
127.90957400000063
 20
-99.36378400000015
 10
127.98475800000062
 20
-99.17201400000016
 10
128.05308400000064
 20
-98.97618000000016
 10
128.1148060000006
 20
-98.77679000000015
 10
128.16992400000063
 20
-98.57409800000015
 10
128.21869200000063
 20
-98.36810400000014
 10
128.26111000000063
 20
-98.15931600000015
 10
128.2974320000006
 20
-97.94798800000015
 10
128.32791200000062
 20
-97.73412000000015
 10
128.3525500000006
 20
-97.51796600000016
 10
128.3716000000006
 20
-97.30003400000015
 10
128.3850620000006
 20
-97.08032400000015
 10
128.3931900000006
 20
-96.85909000000015
 10
128.3962380000006
 20
-96.63658600000016
 10
128.3942060000006
 20
-96.41306600000016
 10
128.3873480000006
 20
-96.18878400000017
 10
128.3759180000006
 20
-95.96399400000017
 10
128.3599160000006
 20
-95.73895000000016
 10
128.34518400000061
 20
-95.57207200000016
 10
128.32842000000062
 20
-95.41179800000018
 10
128.30987800000062
 20
-95.25787400000017
 10
128.2898120000006
 20
-95.11004600000018
 10
128.26822200000063
 20
-94.96806000000016
 10
128.24536200000063
 20
-94.83140800000017
 10
128.2212320000006
 20
-94.69983600000018
 10
128.19583200000062
 20
-94.57283600000018
 10
128.1694160000006
 20
-94.45040800000017
 10
128.1419840000006
 20
-94.33204400000017
 10
128.11379000000062
 20
-94.21723600000017
 10
128.0850880000006
 20
-94.10598400000016
 10
128.05562400000062
 20
-93.99778000000018
 10
128.02590600000062
 20
-93.89237000000017
 10
127.99568000000062
 20
-93.78924600000016
 10
127.9654540000006
 20
-93.68815400000015
 10
127.93497400000061
 20
-93.58884000000016
 10
127.9047480000006
 20
-93.49105000000016
 10
127.8745220000006
 20
-93.39427600000016
 10
127.8445500000006
 20
-93.29826400000017
 10
127.81508600000059
 20
-93.20276000000017
 10
127.7861300000006
 20
-93.10725600000018
 10
127.7576820000006
 20
-93.01149800000017
 10
127.7299960000006
 20
-92.91523200000017
 10
127.7033260000006
 20
-92.81820400000016
 10
127.6776720000006
 20
-92.71990600000017
 10
127.6530340000006
 20
-92.62008400000018
 10
127.62966600000061
 20
-92.51848400000019
 10
127.60756800000061
 20
-92.41459800000018
 10
127.5869940000006
 20
-92.30817200000018
 10
127.56794400000061
 20
-92.19895200000019
 10
127.55067200000062
 20
-92.08643000000019
 10
127.42722800000061
 20
-92.16694800000019
 10
127.30302200000062
 20
-92.24670400000021
 10
127.17780000000062
 20
-92.3256980000002
 10
127.05156200000062
 20
-92.40393000000019
 10
126.92430800000062
 20
-92.48140000000019
 10
126.79603800000062
 20
-92.5581080000002
 10
126.66675200000061
 20
-92.63405400000019
 10
126.53645000000063
 20
-92.7092380000002
 10
126.40513200000062
 20
-92.7836600000002
 10
126.27279800000062
 20
-92.8573200000002
 10
126.13944800000063
 20
-92.93047200000021
 10
126.00508200000063
 20
-93.0028620000002
 10
125.86970000000062
 20
-93.07449000000021
 10
125.73304800000062
 20
-93.1456100000002
 10
125.59538000000063
 20
-93.21596800000019
 10
125.45669600000063
 20
-93.28556400000019
 10
125.31674200000063
 20
-93.35465200000019
 10
125.17577200000063
 20
-93.4229780000002
 10
125.03378600000063
 20
-93.49079600000019
 10
124.89053000000062
 20
-93.5578520000002
 10
124.74625800000062
 20
-93.6244000000002
 10
124.60071600000063
 20
-93.6904400000002
 10
124.45390400000063
 20
-93.75597200000018
 10
124.30607600000064
 20
-93.82074200000018
 10
124.15697800000063
 20
-93.88500400000018
 10
124.00661000000065
 20
-93.94875800000018
 10
123.85522600000064
 20
-94.01200400000019
 10
123.70257200000064
 20
-94.07474200000019
 10
123.54864800000064
 20
-94.13697200000018
 10
123.39345400000065
 20
-94.19869400000019
 10
123.23699000000065
 20
-94.25990800000018
  0
LWPOLYLINE
  5
37
330
17
100
AcDbEntity
  8
0
100
AcDbPolyline
 90
60
 70
1
 10
129.49148600000066
 20
-99.06558800000018
 10
129.49072400000065
 20
-99.06660400000018
 10
129.49021600000066
 20
-99.06736600000018
 10
129.48970800000066
 20
-99.06787400000017
 10
129.48945400000065
 20
-99.06812800000017
 10
129.48970800000066
 20
-99.06787400000017
 10
129.49021600000066
 20
-99.06736600000018
 10
129.49072400000065
 20
-99.06685800000017
 10
129.49123200000065
 20
-99.06609600000017
 10
129.49199400000066
 20
-99.06533400000018
 10
129.49275600000067
 20
-99.06457200000018
 10
129.49351800000065
 20
-99.06355600000018
 10
129.49428000000066
 20
-99.06254000000017
 10
129.49529600000065
 20
-99.06152400000016
 10
129.49631200000067
 20
-99.06050800000017
 10
129.49732800000066
 20
-99.05949200000016
 10
129.49834400000066
 20
-99.05847600000016
 10
129.49910600000067
 20
-99.05746000000015
 10
129.49986800000067
 20
-99.05644400000014
 10
129.50063000000065
 20
-99.05568200000015
 10
129.50139200000066
 20
-99.05492000000015
 10
129.50190000000066
 20
-99.05415800000016
 10
129.50240800000066
 20
-99.05365000000015
 10
129.50266200000064
 20
-99.05314200000015
 10
129.50291600000065
 20
-99.05288800000015
 10
129.50266200000064
 20
-99.05314200000015
 10
129.50215400000064
 20
-99.05365000000015
 10
129.50139200000066
 20
-99.05441200000014
 10
129.50063000000065
 20
-99.05542800000015
 10
129.50037600000067
 20
-99.05568200000015
 10
129.50012200000066
 20
-99.05593600000014
 10
129.49986800000067
 20
-99.05619000000013
 10
129.4996140000007
 20
-99.05644400000013
 10
129.49936000000068
 20
-99.05669800000013
 10
129.4991060000007
 20
-99.05695200000012
 10
129.4988520000007
 20
-99.05720600000011
 10
129.4985980000007
 20
-99.0574600000001
 10
129.4983440000007
 20
-99.0577140000001
 10
129.49809000000073
 20
-99.05796800000009
 10
129.49783600000072
 20
-99.05822200000009
 10
129.49758200000073
 20
-99.05847600000008
 10
129.49732800000075
 20
-99.05873000000007
 10
129.49707400000074
 20
-99.05898400000007
 10
129.49682000000075
 20
-99.05923800000006
 10
129.49656600000074
 20
-99.05949200000006
 10
129.49631200000076
 20
-99.05974600000005
 10
129.49605800000077
 20
-99.06000000000004
 10
129.49580400000076
 20
-99.06025400000004
 10
129.49555000000078
 20
-99.06050800000003
 10
129.4952960000008
 20
-99.06076200000003
 10
129.49504200000078
 20
-99.06101600000002
 10
129.4947880000008
 20
-99.06127000000002
 10
129.4945340000008
 20
-99.061524
 10
129.4942800000008
 20
-99.061778
 10
129.49402600000082
 20
-99.062032
 10
129.49377200000083
 20
-99.06228599999999
 10
129.49351800000082
 20
-99.06253999999998
 10
129.49326400000083
 20
-99.06279399999998
 10
129.49301000000085
 20
-99.06304799999997
 10
129.49275600000084
 20
-99.06330199999996
  0
LWPOLYLINE
  5
38
330
17
100
AcDbEntity
  8
0
100
AcDbPolyline
 90
480
 70
1
 10
114.07089200000085
 20
-95.83826399999997
 10
114.28628400000086
 20
-95.64725599999997
 10
114.50955000000087
 20
-95.46335999999997
 10
114.74018200000087
 20
-95.28632199999997
 10
114.97767200000087
 20
-95.11588799999997
 10
115.22176600000087
 20
-94.95180399999997
 10
115.47195600000087
 20
-94.79381599999996
 10
115.72798800000088
 20
-94.64141599999995
 10
115.98935400000087
 20
-94.49460399999997
 10
116.25554600000088
 20
-94.35287199999996
 10
116.52605600000086
 20
-94.21596599999997
 10
116.80063000000088
 20
-94.08363199999997
 10
117.07901400000088
 20
-93.95536199999997
 10
117.36044600000088
 20
-93.83115599999996
 10
117.64467200000088
 20
-93.71050599999997
 10
117.93118400000088
 20
-93.59315799999996
 10
118.21972800000088
 20
-93.47885799999997
 10
118.50979600000089
 20
-93.36735199999997
 10
118.80088000000089
 20
-93.25813199999996
 10
119.0927260000009
 20
-93.15119799999997
 10
119.38482600000088
 20
-93.04604199999997
 10
119.67667200000088
 20
-92.94240999999997
 10
119.96801000000089
 20
-92.84004799999995
 10
120.25833200000088
 20
-92.73870199999996
 10
120.54738400000087
 20
-92.63811799999995
 10
120.83440400000087
 20
-92.53778799999996
 10
121.11913800000086
 20
-92.43745799999996
 10
121.40133200000086
 20
-92.33712799999996
 10
121.68047800000086
 20
-92.23628999999997
 10
121.95606800000085
 20
-92.13443599999997
 10
122.22759400000086
 20
-92.03156599999997
 10
122.49480200000086
 20
-91.92717199999997
 10
122.75718400000086
 20
-91.82125399999998
 10
122.88088200000087
 20
-91.77019999999997
 10
123.00483400000087
 20
-91.71863799999998
 10
123.12929400000087
 20
-91.66631399999997
 10
123.25400800000087
 20
-91.61348199999998
 10
123.37872200000086
 20
-91.55988799999997
 10
123.50343600000086
 20
-91.50553199999997
 10
123.62815000000086
 20
-91.45015999999997
 10
123.75286400000086
 20
-91.39402599999997
 10
123.87732400000085
 20
-91.33687599999996
 10
124.00153000000086
 20
-91.27870999999996
 10
124.12548200000086
 20
-91.21952799999995
 10
124.24892600000085
 20
-91.15907599999996
 10
124.37186200000085
 20
-91.09760799999995
 10
124.49403600000085
 20
-91.03486999999996
 10
124.61570200000084
 20
-90.97086199999995
 10
124.73635200000085
 20
-90.90532999999995
 10
124.85624000000084
 20
-90.83852799999995
 10
124.97511200000085
 20
-90.77020199999995
 10
125.09296800000084
 20
-90.70035199999997
 10
125.20980800000083
 20
-90.62897799999996
 10
125.32537800000084
 20
-90.55582599999995
 10
125.43967800000082
 20
-90.48114999999996
 10
125.55245400000084
 20
-90.40469599999997
 10
125.66370600000083
 20
-90.32646399999997
 10
125.77343400000083
 20
-90.24619999999997
 10
125.88163800000083
 20
-90.16415799999999
 10
125.98806400000083
 20
-90.08008399999997
 10
126.09271200000083
 20
-89.99397799999997
 10
126.19532800000083
 20
-89.90583999999998
 10
126.29616600000082
 20
-89.81566999999998
 10
126.39471800000082
 20
-89.72321399999998
 10
126.49123800000082
 20
-89.62847199999999
 10
126.58852000000081
 20
-89.52661799999998
 10
126.68173800000082
 20
-89.42120799999998
 10
126.77089200000081
 20
-89.31249599999998
 10
126.85623600000082
 20
-89.20048199999998
 10
126.93802400000082
 20
-89.08541999999998
 10
127.01625600000082
 20
-88.967564
 10
127.09118600000082
 20
-88.84691399999998
 10
127.16306800000082
 20
-88.72372399999998
 10
127.23190200000083
 20
-88.59824799999997
 10
127.29768800000083
 20
-88.47048599999998
 10
127.36093400000084
 20
-88.34094599999999
 10
127.42138600000084
 20
-88.20962799999998
 10
127.47955200000084
 20
-88.07653199999999
 10
127.53543200000084
 20
-87.94191199999999
 10
127.58928000000084
 20
-87.80602199999998
 10
127.64109600000084
 20
-87.66911599999999
 10
127.69113400000084
 20
-87.53119399999999
 10
127.73939400000084
 20
-87.39250999999999
 10
127.78613000000085
 20
-87.25331799999998
 10
127.83159600000084
 20
-87.11387199999999
 10
127.87579200000083
 20
-86.97417199999998
 10
127.91897200000084
 20
-86.83447199999999
 10
127.96139000000083
 20
-86.69477199999999
 10
128.00304600000084
 20
-86.555326
 10
128.04419400000083
 20
-86.41638799999998
 10
128.08483400000082
 20
-86.27821199999998
 10
128.12522000000084
 20
-86.14079799999999
 10
128.16560600000082
 20
-86.00439999999999
 10
128.20599200000083
 20
-85.869272
 10
128.24637800000082
 20
-85.73566799999999
 10
128.28727200000083
 20
-85.603588
 10
128.32867400000083
 20
-85.473286
 10
128.3812520000008
 20
-85.310218
 10
128.43408400000084
 20
-85.147658
 10
128.48717000000082
 20
-84.98586
 10
128.54076400000082
 20
-84.824824
 10
128.59486600000085
 20
-84.66455000000002
 10
128.64947600000085
 20
-84.504784
 10
128.70459400000084
 20
-84.34578000000002
 10
128.76047400000084
 20
-84.18753800000002
 10
128.81711600000085
 20
-84.03005800000001
 10
128.87477400000083
 20
-83.87308600000001
 10
128.93319400000084
 20
-83.71687600000001
 10
128.99263000000084
 20
-83.56117400000001
 10
129.05333600000083
 20
-83.40623400000001
 10
129.11531200000084
 20
-83.25180200000001
 10
129.17830400000082
 20
-83.098132
 10
129.24282000000085
 20
-82.94522400000001
 10
129.30860600000085
 20
-82.79282400000001
 10
129.37591600000084
 20
-82.640932
 10
129.44475000000085
 20
-82.489802
 10
129.51536200000083
 20
-82.33917999999998
 10
129.58775200000085
 20
-82.18932
 10
129.66192000000083
 20
-82.03996799999999
 10
129.73786600000085
 20
-81.891378
 10
129.81584400000085
 20
-81.74329599999999
 10
129.89585400000084
 20
-81.59572199999998
 10
129.97815000000085
 20
-81.44865599999999
 10
130.06247800000085
 20
-81.30235199999998
 10
130.14909200000085
 20
-81.15655599999998
 10
130.23824600000086
 20
-81.01126799999997
 10
130.32968600000086
 20
-80.86674199999997
 10
130.42366600000085
 20
-80.72272399999997
 10
130.52044000000083
 20
-80.57921399999996
 10
130.55244400000083
 20
-80.53247799999995
 10
130.58470200000082
 20
-80.48574199999996
 10
130.6169600000008
 20
-80.43925999999996
 10
130.64947200000083
 20
-80.39277799999996
 10
130.68198400000082
 20
-80.34629599999997
 10
130.71449600000085
 20
-80.29981399999997
 10
130.74700800000085
 20
-80.25333199999996
 10
130.77952000000087
 20
-80.20684999999996
 10
130.81203200000087
 20
-80.16036799999996
 10
130.8445440000009
 20
-80.11388599999997
 10
130.8770560000009
 20
-80.06740399999997
 10
130.90931400000088
 20
-80.02092199999997
 10
130.9415720000009
 20
-79.97418599999996
 10
130.97357600000086
 20
-79.92744999999996
 10
131.00532600000088
 20
-79.88045999999996
 10
131.03707600000087
 20
-79.83346999999996
 10
131.06857200000087
 20
-79.78622599999997
 10
131.0998140000009
 20
-79.73898199999996
 10
131.13054800000089
 20
-79.69148399999997
 10
131.1610280000009
 20
-79.64373199999997
 10
131.1912540000009
 20
-79.59597999999997
 10
131.22097200000087
 20
-79.54797399999997
 10
131.2504360000009
 20
-79.49971399999997
 10
131.27939200000088
 20
-79.45119999999997
 10
131.30784000000088
 20
-79.40243199999998
 10
131.33578000000088
 20
-79.35340999999998
 10
131.36321200000086
 20
-79.30413399999998
 10
131.39013600000087
 20
-79.25460399999997
 10
131.41655200000088
 20
-79.20456599999997
 10
131.44246000000086
 20
-79.15427399999997
 10
131.46760600000087
 20
-79.10372799999998
 10
131.49224400000088
 20
-79.05267399999997
 10
131.54177400000088
 20
-78.94116799999996
 10
131.58698600000088
 20
-78.82534399999996
 10
131.62762600000087
 20
-78.70570999999995
 10
131.6639480000009
 20
-78.58251999999996
 10
131.6956980000009
 20
-78.45602799999996
 10
131.7228760000009
 20
-78.32674199999995
 10
131.7454820000009
 20
-78.19491599999995
 10
131.7635160000009
 20
-78.06080399999995
 10
131.7767240000009
 20
-77.92491399999994
 10
131.7853600000009
 20
-77.78775399999994
 10
131.7891700000009
 20
-77.64957799999995
 10
131.7881540000009
 20
-77.51063999999994
 10
131.7823120000009
 20
-77.37144799999993
 10
131.77139000000088
 20
-77.23250999999993
 10
131.7553880000009
 20
-77.09382599999994
 10
131.7345600000009
 20
-76.95615799999993
 10
131.7086520000009
 20
-76.81950599999993
 10
131.6776640000009
 20
-76.68437799999994
 10
131.6415960000009
 20
-76.55128199999994
 10
131.6001940000009
 20
-76.42047199999995
 10
131.5537120000009
 20
-76.29220199999995
 10
131.5018960000009
 20
-76.16697999999994
 10
131.4447460000009
 20
-76.04531399999995
 10
131.3822620000009
 20
-75.92720399999996
 10
131.3141900000009
 20
-75.81341199999996
 10
131.2407840000009
 20
-75.70393799999997
 10
131.1617900000009
 20
-75.59928999999997
 10
131.0772080000009
 20
-75.49997599999996
 10
130.9870380000009
 20
-75.40624999999996
 10
130.8912800000009
 20
-75.31861999999995
 10
130.7899340000009
 20
-75.23708599999995
 10
130.6827460000009
 20
-75.16240999999995
 10
130.6616640000009
 20
-75.14894799999995
 10
130.6405820000009
 20
-75.13573999999994
 10
130.61924600000094
 20
-75.12253199999994
 10
130.59791000000095
 20
-75.10957799999994
 10
130.57657400000096
 20
-75.09687799999993
 10
130.55498400000096
 20
-75.08417799999994
 10
130.53339400000095
 20
-75.07173199999994
 10
130.51180400000092
 20
-75.05953999999994
 10
130.48996000000093
 20
-75.04760199999994
 10
130.46811600000092
 20
-75.03566399999993
 10
130.44627200000093
 20
-75.02397999999992
 10
130.42417400000093
 20
-75.01229599999994
 10
130.40207600000093
 20
-75.00086599999993
 10
130.37997800000093
 20
-74.98968999999994
 10
130.35762600000095
 20
-74.97851399999993
 10
130.33527400000094
 20
-74.96759199999994
 10
130.31292200000095
 20
-74.95666999999993
 10
130.29057000000097
 20
-74.94600199999994
 10
130.26796400000094
 20
-74.93533399999994
 10
130.24535800000095
 20
-74.92491999999994
 10
130.22275200000092
 20
-74.91450599999995
 10
130.2001460000009
 20
-74.90434599999995
 10
130.1772860000009
 20
-74.89418599999993
 10
130.15442600000088
 20
-74.88427999999995
 10
130.13156600000087
 20
-74.87437399999995
 10
130.10870600000086
 20
-74.86472199999994
 10
130.08559200000087
 20
-74.85506999999994
 10
130.06247800000088
 20
-74.84567199999995
 10
130.03936400000086
 20
-74.83627399999995
 10
130.01625000000087
 20
-74.82687599999996
 10
129.99313600000087
 20
-74.81773199999995
 10
129.97002200000085
 20
-74.80858799999996
 10
129.93725600000087
 20
-74.80401599999996
 10
129.90423600000085
 20
-74.79944399999997
 10
129.87121600000086
 20
-74.79512599999997
 10
129.83819600000086
 20
-74.79080799999997
 10
129.80517600000087
 20
-74.78674399999997
 10
129.77215600000088
 20
-74.78267999999996
 10
129.73888200000087
 20
-74.77886999999997
 10
129.7056080000009
 20
-74.77505999999997
 10
129.6723340000009
 20
-74.77124999999997
 10
129.63906000000088
 20
-74.76769399999996
 10
129.6057860000009
 20
-74.76413799999996
 10
129.5725120000009
 20
-74.76083599999997
 10
129.53923800000092
 20
-74.75753399999998
 10
129.50596400000092
 20
-74.75448599999999
 10
129.47243600000093
 20
-74.75143799999998
 10
129.4389080000009
 20
-74.74838999999997
 10
129.40538000000092
 20
-74.74559599999998
 10
129.37185200000093
 20
-74.74280199999997
 10
129.3383240000009
 20
-74.74026199999997
 10
129.30479600000092
 20
-74.73772199999998
 10
129.2712680000009
 20
-74.73518199999997
 10
129.2377400000009
 20
-74.73289599999997
 10
129.20421200000092
 20
-74.73060999999997
 10
129.17093800000092
 20
-74.72832399999996
 10
129.13766400000094
 20
-74.72629199999997
 10
129.10439000000093
 20
-74.72425999999997
 10
129.07111600000093
 20
-74.72222799999997
 10
129.03784200000095
 20
-74.72019599999999
 10
129.00456800000094
 20
-74.71841799999999
 10
128.97129400000097
 20
-74.71663999999998
 10
128.93802000000096
 20
-74.71486199999998
 10
128.90500000000097
 20
-74.71308399999998
 10
128.673352000001
 20
-74.70165399999998
 10
128.44170400000098
 20
-74.68996999999997
 10
128.21005600000098
 20
-74.67803199999997
 10
127.978408000001
 20
-74.66609399999996
 10
127.746760000001
 20
-74.65390199999996
 10
127.515112000001
 20
-74.64170999999996
 10
127.283464000001
 20
-74.62951799999996
 10
127.05181600000101
 20
-74.61732599999996
 10
126.82016800000102
 20
-74.60513399999996
 10
126.58852000000103
 20
-74.59294199999997
 10
126.35687200000103
 20
-74.58100399999995
 10
126.12522400000104
 20
-74.56906599999995
 10
125.89357600000105
 20
-74.55738199999995
 10
125.66192800000105
 20
-74.54569799999994
 10
125.43028000000105
 20
-74.53426799999994
 10
125.19863200000106
 20
-74.52309199999995
 10
124.96698400000106
 20
-74.51242399999995
 10
124.73533600000107
 20
-74.50200999999996
 10
124.50368800000108
 20
-74.49184999999996
 10
124.27204000000108
 20
-74.48219799999995
 10
124.04039200000109
 20
-74.47305399999995
 10
123.8087440000011
 20
-74.46416399999994
 10
123.5770960000011
 20
-74.45578199999994
 10
123.3454480000011
 20
-74.44816199999994
 10
123.11354600000111
 20
-74.44104999999995
 10
122.8816440000011
 20
-74.43444599999994
 10
122.6497420000011
 20
-74.42860399999994
 10
122.41784000000109
 20
-74.42326999999993
 10
122.18593800000109
 20
-74.41869799999994
 10
121.95403600000108
 20
-74.41488799999993
 10
121.72213400000109
 20
-74.41183999999994
 10
121.49023200000109
 20
-74.40955399999993
 10
121.34773800000109
 20
-74.40828399999994
 10
121.20448200000108
 20
-74.40650599999994
 10
121.06046400000108
 20
-74.40421999999992
 10
120.91593800000108
 20
-74.40167999999993
 10
120.77090400000107
 20
-74.39888599999993
 10
120.62536200000108
 20
-74.39583799999993
 10
120.47931200000107
 20
-74.39278999999992
 10
120.33300800000107
 20
-74.38974199999993
 10
120.18619600000108
 20
-74.38694799999992
 10
120.03913000000108
 20
-74.38440799999992
 10
119.89181000000109
 20
-74.38212199999992
 10
119.74423600000108
 20
-74.38008999999992
 10
119.59640800000108
 20
-74.37856599999994
 10
119.44858000000109
 20
-74.37754999999993
 10
119.30049800000107
 20
-74.37729599999993
 10
119.15241600000107
 20
-74.37780399999994
 10
119.00433400000107
 20
-74.37907399999993
 10
118.85625200000105
 20
-74.38135999999994
 10
118.70817000000105
 20
-74.38466199999993
 10
118.56034200000104
 20
-74.38897999999993
 10
118.41251400000105
 20
-74.39456799999992
 10
118.26494000000105
 20
-74.40142599999993
 10
118.11762000000105
 20
-74.40955399999991
 10
117.97055400000104
 20
-74.41920599999992
 10
117.82399600000105
 20
-74.43038199999992
 10
117.67769200000104
 20
-74.44308199999992
 10
117.53189600000104
 20
-74.45755999999993
 10
117.38660800000103
 20
-74.47381599999993
 10
117.24182800000104
 20
-74.49210399999993
 10
117.09755600000105
 20
-74.51216999999993
 10
116.95379200000104
 20
-74.53452199999994
 10
116.81079000000105
 20
-74.55890599999994
 10
116.72544600000106
 20
-74.59802199999994
 10
116.64340400000106
 20
-74.63637599999994
 10
116.56441000000106
 20
-74.67396799999995
 10
116.48821000000106
 20
-74.71105199999995
 10
116.41480400000106
 20
-74.74762799999995
 10
116.34393800000106
 20
-74.78394999999995
 10
116.27535800000106
 20
-74.82001799999995
 10
116.20906400000106
 20
-74.85608599999995
 10
116.14505600000106
 20
-74.89215399999995
 10
116.08308000000105
 20
-74.92847599999993
 10
116.02288200000105
 20
-74.96530599999993
 10
115.96446200000103
 20
-75.00264399999993
 10
115.90756600000104
 20
-75.04048999999993
 10
115.85194000000105
 20
-75.07909799999993
 10
115.79758400000104
 20
-75.11846799999992
 10
115.74449800000104
 20
-75.15885399999992
 10
115.69242800000104
 20
-75.20050999999991
 10
115.64112000000105
 20
-75.2434359999999
 10
115.59057400000104
 20
-75.2876319999999
 10
115.54053600000104
 20
-75.3333519999999
 10
115.49100600000105
 20
-75.38084999999991
 10
115.44173000000104
 20
-75.43012599999992
 10
115.39245400000104
 20
-75.48143399999991
 10
115.34317800000103
 20
-75.53477399999991
 10
115.29364800000104
 20
-75.5901459999999
 10
115.24386400000103
 20
-75.64805799999992
 10
115.19357200000104
 20
-75.70825599999992
 10
115.14277200000103
 20
-75.77099399999992
 10
115.09121000000104
 20
-75.83652599999992
 10
115.03888600000104
 20
-75.90485199999992
 10
114.98529200000104
 20
-75.97622599999993
 10
114.93068200000104
 20
-76.05064799999992
 10
114.77675800000104
 20
-76.27492999999991
 10
114.64061400000104
 20
-76.49819599999992
 10
114.52148800000104
 20
-76.72069999999992
 10
114.41836400000105
 20
-76.94269599999993
 10
114.32997200000104
 20
-77.16418399999992
 10
114.25555000000104
 20
-77.38516399999993
 10
114.19408200000103
 20
-77.60588999999993
 10
114.14480600000103
 20
-77.82636199999993
 10
114.10645200000103
 20
-78.04683399999993
 10
114.07825800000103
 20
-78.26705199999994
 10
114.05920800000104
 20
-78.48752399999994
 10
114.04803200000103
 20
-78.70799599999994
 10
114.04422200000104
 20
-78.92872199999994
 10
114.04650800000104
 20
-79.14995599999993
 10
114.05387400000104
 20
-79.37169799999994
 10
114.06555800000105
 20
-79.59394799999994
 10
114.08054400000104
 20
-79.81695999999994
 10
114.09756200000105
 20
-80.04073399999993
 10
114.11610400000104
 20
-80.26526999999993
 10
114.13490000000105
 20
-80.49082199999992
 10
114.15293400000105
 20
-80.71738999999992
 10
114.16944400000105
 20
-80.94522799999991
 10
114.18316000000105
 20
-81.17433599999991
 10
114.19332000000105
 20
-81.40471399999991
 10
114.19890800000105
 20
-81.63661599999992
 10
114.19890800000105
 20
-81.87004199999991
 10
114.19255800000106
 20
-82.10524599999991
 10
114.17858800000106
 20
-82.3422279999999
 10
114.15623600000104
 20
-82.5809879999999
 10
114.12448600000104
 20
-82.8217799999999
 10
114.08232200000104
 20
-83.0646039999999
 10
114.02872800000104
 20
-83.3097139999999
 10
113.95176600000104
 20
-83.6107039999999
 10
113.86667600000105
 20
-83.9122019999999
 10
113.77447400000105
 20
-84.2139539999999
 10
113.67592200000105
 20
-84.51621399999989
 10
113.57152800000105
 20
-84.81898199999989
 10
113.46230800000106
 20
-85.1222579999999
 10
113.34877000000105
 20
-85.42604199999991
 10
113.23167600000104
 20
-85.73058799999991
 10
113.11178800000106
 20
-86.03564199999992
 10
112.98986800000105
 20
-86.34145799999992
 10
112.86667800000104
 20
-86.64778199999992
 10
112.74298000000104
 20
-86.95486799999992
 10
112.61928200000104
 20
-87.26271599999993
 10
112.49660000000104
 20
-87.57132599999991
 10
112.37544200000104
 20
-87.88069799999992
 10
112.25682400000105
 20
-88.19083199999992
 10
112.14125400000106
 20
-88.50198199999993
 10
112.02949400000105
 20
-88.81389399999993
 10
111.92230600000104
 20
-89.12682199999993
 10
111.82045200000104
 20
-89.44076599999994
 10
111.72469400000104
 20
-89.75572599999994
 10
111.63554000000104
 20
-90.07144799999993
 10
111.55400600000104
 20
-90.38843999999993
 10
111.48085400000103
 20
-90.70644799999994
 10
111.41659200000103
 20
-91.02547199999992
 10
111.36198200000103
 20
-91.34551199999993
 10
111.31778600000105
 20
-91.66682199999993
 10
111.28502000000104
 20
-91.98940199999991
 10
111.26419200000105
 20
-92.3132519999999
 10
111.25581000000103
 20
-92.6381179999999
 10
111.26089000000103
 20
-92.96425399999991
 10
111.28019400000103
 20
-93.29191399999992
 10
111.29314800000104
 20
-93.44532999999991
 10
111.30737200000104
 20
-93.59950799999991
 10
111.32261200000103
 20
-93.75419399999991
 10
111.33886800000104
 20
-93.90964199999992
 10
111.35639400000105
 20
-94.06585199999992
 10
111.37493600000104
 20
-94.22256999999992
 10
111.39474800000103
 20
-94.37979599999993
 10
111.41557600000102
 20
-94.53752999999993
 10
111.43742000000103
 20
-94.69577199999992
 10
111.46028000000102
 20
-94.85452199999993
 10
111.48415600000102
 20
-95.01377999999993
 10
111.50904800000103
 20
-95.17329199999992
 10
111.53495600000102
 20
-95.33331199999992
 10
111.56188000000103
 20
-95.49358599999992
 10
111.58982000000103
 20
-95.65411399999992
 10
111.61877600000102
 20
-95.8148959999999
 10
111.64874800000102
 20
-95.97593199999991
 10
111.67973600000101
 20
-96.13722199999991
 10
111.71148600000102
 20
-96.29851199999992
 10
111.74425200000103
 20
-96.46005599999992
 10
111.77803400000101
 20
-96.62159999999993
 10
111.81257800000103
 20
-96.78339799999992
 10
111.84813800000101
 20
-96.94519599999992
 10
111.88446000000101
 20
-97.10699399999993
 10
111.92179800000102
 20
-97.26879199999992
 10
111.959898000001
 20
-97.43033599999993
 10
111.99901400000101
 20
-97.59187999999993
 10
112.038892000001
 20
-97.75316999999994
 10
112.07953200000101
 20
-97.91445999999993
 10
112.121188000001
 20
-98.07549599999993
 10
112.163606000001
 20
-98.23627799999993
 10
112.206786000001
 20
-98.39680599999993
 10
112.246918000001
 20
-98.31019199999993
 10
112.288066000001
 20
-98.22408599999993
 10
112.330230000001
 20
-98.13823399999993
 10
112.373664000001
 20
-98.05288999999992
 10
112.418114000001
 20
-97.96779999999993
 10
112.46358000000099
 20
-97.88321799999991
 10
112.510316000001
 20
-97.79888999999991
 10
112.558068000001
 20
-97.71506999999993
 10
112.606836000001
 20
-97.63175799999993
 10
112.656874000001
 20
-97.54869999999993
 10
112.707928000001
 20
-97.46614999999993
 10
112.760252000001
 20
-97.38410799999994
 10
112.813846000001
 20
-97.30231999999994
 10
112.868456000001
 20
-97.22103999999995
 10
112.92433600000102
 20
-97.14026799999995
 10
112.98148600000101
 20
-97.05974999999994
 10
113.03965200000101
 20
-96.97973999999995
 10
113.099088000001
 20
-96.90023799999994
 10
113.159794000001
 20
-96.82124399999995
 10
113.22177000000102
 20
-96.74275799999995
 10
113.28501600000102
 20
-96.66452599999995
 10
113.34953200000102
 20
-96.58680199999995
 10
113.41531800000102
 20
-96.50958599999996
 10
113.48237400000103
 20
-96.43287799999996
 10
113.55070000000103
 20
-96.35667799999995
 10
113.62029600000103
 20
-96.28098599999996
 10
113.69141600000103
 20
-96.20580199999995
 10
113.76380600000103
 20
-96.13112599999995
 10
113.83746600000103
 20
-96.05695799999997
 10
113.91265000000104
 20
-95.98329799999996
 10
113.98910400000103
 20
-95.91014599999995
  0
LWPOLYLINE
  5
39
330
17
100
AcDbEntity
  8
0
100
AcDbPolyline
 90
352
 70
1
 10
103.33837600000102
 20
-85.85707999999995
 10
103.41838600000102
 20
-85.96223599999995
 10
103.49915800000102
 20
-86.06637599999996
 10
103.58094600000102
 20
-86.16949999999996
 10
103.66375000000103
 20
-86.27160799999996
 10
103.74757000000102
 20
-86.37269999999997
 10
103.83240600000103
 20
-86.47252199999996
 10
103.91851200000103
 20
-86.57107399999995
 10
104.00563400000102
 20
-86.66835599999995
 10
104.09402600000104
 20
-86.76436799999993
 10
104.18368800000103
 20
-86.85910999999993
 10
104.27462000000104
 20
-86.95232799999994
 10
104.36707600000103
 20
-87.04402199999994
 10
104.46080200000104
 20
-87.13419199999994
 10
104.55605200000103
 20
-87.22283799999994
 10
104.65282600000103
 20
-87.30995999999995
 10
104.75112400000103
 20
-87.39530399999995
 10
104.85094600000102
 20
-87.47886999999996
 10
104.95254600000102
 20
-87.56065799999995
 10
105.05592400000101
 20
-87.64066799999995
 10
105.16108000000101
 20
-87.71864599999995
 10
105.268014000001
 20
-87.79484599999996
 10
105.376726000001
 20
-87.86901399999995
 10
105.487470000001
 20
-87.94114999999995
 10
105.599992000001
 20
-88.01125399999995
 10
105.71454600000101
 20
-88.07907199999995
 10
105.831132000001
 20
-88.14460399999994
 10
105.949750000001
 20
-88.20810399999995
 10
106.070654000001
 20
-88.26906399999994
 10
106.19384400000101
 20
-88.32773799999995
 10
106.319066000001
 20
-88.38412599999994
 10
106.44657400000101
 20
-88.43797399999994
 10
106.576622000001
 20
-88.48928199999993
 10
106.576876000001
 20
-88.48953599999993
 10
106.57713000000099
 20
-88.48978999999993
 10
106.57738400000099
 20
-88.49004399999993
 10
106.57763800000097
 20
-88.49029799999991
 10
106.57789200000097
 20
-88.49055199999991
 10
106.57814600000097
 20
-88.4908059999999
 10
106.57840000000095
 20
-88.49105999999989
 10
106.57865400000095
 20
-88.49131399999989
 10
106.57890800000095
 20
-88.49156799999989
 10
106.57916200000095
 20
-88.49182199999989
 10
106.57941600000093
 20
-88.49207599999987
 10
106.57967000000093
 20
-88.49232999999987
 10
106.57992400000093
 20
-88.49258399999987
 10
106.58017800000091
 20
-88.49283799999985
 10
106.58043200000091
 20
-88.49309199999985
 10
106.58068600000091
 20
-88.49334599999985
 10
106.5809400000009
 20
-88.49359999999983
 10
106.58119400000089
 20
-88.49385399999983
 10
106.58144800000089
 20
-88.49410799999983
 10
106.58170200000089
 20
-88.49436199999982
 10
106.58195600000087
 20
-88.49461599999981
 10
106.58221000000087
 20
-88.4948699999998
 10
106.58246400000087
 20
-88.4951239999998
 10
106.58271800000085
 20
-88.49537799999979
 10
106.58297200000085
 20
-88.49563199999979
 10
106.58322600000085
 20
-88.49588599999979
 10
106.58348000000085
 20
-88.49613999999977
 10
106.58373400000083
 20
-88.49639399999977
 10
106.58398800000083
 20
-88.49664799999977
 10
106.58424200000083
 20
-88.49690199999976
 10
106.58449600000081
 20
-88.49715599999975
 10
106.58475000000081
 20
-88.49740999999975
 10
106.6497740000008
 20
-88.52026999999974
 10
106.7153060000008
 20
-88.53931999999973
 10
106.7810920000008
 20
-88.55481399999974
 10
106.8471320000008
 20
-88.56675199999974
 10
106.9131720000008
 20
-88.57513399999974
 10
106.9792120000008
 20
-88.58021399999974
 10
107.0449980000008
 20
-88.58199199999974
 10
107.1105300000008
 20
-88.58046799999974
 10
107.1758080000008
 20
-88.57564199999975
 10
107.2405780000008
 20
-88.56751399999975
 10
107.3048400000008
 20
-88.55633799999976
 10
107.36834000000079
 20
-88.54211399999976
 10
107.4310780000008
 20
-88.52484199999977
 10
107.4928000000008
 20
-88.50452199999977
 10
107.55350600000078
 20
-88.48140799999976
 10
107.61319600000078
 20
-88.45549999999977
 10
107.6716160000008
 20
-88.42679799999976
 10
107.72851200000079
 20
-88.39530199999976
 10
107.7841380000008
 20
-88.36126599999976
 10
107.83798600000078
 20
-88.32443599999976
 10
107.8903100000008
 20
-88.28506599999977
 10
107.94060200000078
 20
-88.24315599999977
 10
107.98911600000078
 20
-88.19895999999977
 10
108.03559800000077
 20
-88.15222399999976
 10
108.07979400000077
 20
-88.10320199999977
 10
108.12170400000078
 20
-88.05189399999978
 10
108.16132800000078
 20
-87.99829999999977
 10
108.19841200000079
 20
-87.94267399999977
 10
108.23295600000078
 20
-87.88476199999977
 10
108.26470600000079
 20
-87.82481799999977
 10
108.29366200000078
 20
-87.76284199999976
 10
108.31957000000078
 20
-87.69908799999976
 10
108.34090600000077
 20
-87.64219199999977
 10
108.36173400000078
 20
-87.58504199999976
 10
108.38205400000078
 20
-87.52763799999977
 10
108.40212000000078
 20
-87.47023399999976
 10
108.42167800000077
 20
-87.41257599999977
 10
108.44072800000077
 20
-87.35491799999978
 10
108.45927000000077
 20
-87.29700599999977
 10
108.47755800000077
 20
-87.23909399999977
 10
108.49533800000077
 20
-87.18092799999978
 10
108.51261000000076
 20
-87.12276199999978
 10
108.52937400000076
 20
-87.06434199999978
 10
108.54563000000076
 20
-87.00592199999977
 10
108.56163200000076
 20
-86.94724799999977
 10
108.57712600000075
 20
-86.88857399999978
 10
108.59211200000075
 20
-86.82964599999977
 10
108.60659000000076
 20
-86.77071799999976
 10
108.62056000000076
 20
-86.71153599999975
 10
108.63402200000077
 20
-86.65235399999976
 10
108.64723000000077
 20
-86.59317199999975
 10
108.65993000000077
 20
-86.53373599999976
 10
108.67212200000077
 20
-86.47429999999977
 10
108.68380600000077
 20
-86.41460999999977
 10
108.69498200000076
 20
-86.35491999999977
 10
108.70565000000076
 20
-86.29522999999976
 10
108.71581000000076
 20
-86.23528599999976
 10
108.72571600000076
 20
-86.17534199999976
 10
108.73511400000075
 20
-86.11539799999977
 10
108.74400400000076
 20
-86.05519999999976
 10
108.75238600000077
 20
-85.99500199999976
 10
108.76026000000077
 20
-85.93480399999974
 10
108.76762600000076
 20
-85.87460599999974
 10
108.77448400000077
 20
-85.81415399999975
 10
108.79175600000076
 20
-85.63914799999974
 10
108.80521800000076
 20
-85.46414199999973
 10
108.81512400000075
 20
-85.28913599999973
 10
108.82147400000075
 20
-85.11412999999972
 10
108.82477600000074
 20
-84.93912399999971
 10
108.82503000000074
 20
-84.76411799999971
 10
108.82249000000074
 20
-84.5891119999997
 10
108.81715600000074
 20
-84.41410599999969
 10
108.80928200000074
 20
-84.2390999999997
 10
108.79912200000072
 20
-84.06409399999968
 10
108.78693000000072
 20
-83.88908799999969
 10
108.77270600000074
 20
-83.71408199999968
 10
108.75670400000074
 20
-83.53907599999967
 10
108.73892400000074
 20
-83.36406999999967
 10
108.71987400000074
 20
-83.18906399999966
 10
108.69955400000075
 20
-83.01405799999965
 10
108.67796400000074
 20
-82.83905199999965
 10
108.65561200000074
 20
-82.66379199999965
 10
108.63249800000074
 20
-82.48853199999965
 10
108.60887600000073
 20
-82.31327199999966
 10
108.58474600000073
 20
-82.13801199999965
 10
108.56036200000072
 20
-81.96275199999965
 10
108.53597800000072
 20
-81.78749199999966
 10
108.51184800000073
 20
-81.61223199999965
 10
108.48797200000072
 20
-81.43697199999966
 10
108.46460400000072
 20
-81.26171199999965
 10
108.44199800000072
 20
-81.08645199999965
 10
108.42015400000072
 20
-80.91119199999966
 10
108.39932600000073
 20
-80.73593199999965
 10
108.37976800000072
 20
-80.56067199999966
 10
108.36173400000072
 20
-80.38541199999966
 10
108.34522400000071
 20
-80.21015199999965
 10
108.33506400000071
 20
-80.09356599999965
 10
108.32566600000072
 20
-79.97697999999966
 10
108.31728400000071
 20
-79.86039399999966
 10
108.30966400000072
 20
-79.74355399999966
 10
108.30280600000073
 20
-79.62671399999967
 10
108.29671000000073
 20
-79.50987399999967
 10
108.29137600000072
 20
-79.39303399999967
 10
108.28680400000073
 20
-79.27619399999968
 10
108.28299400000073
 20
-79.15935399999968
 10
108.27994600000073
 20
-79.04251399999968
 10
108.27766000000072
 20
-78.9256739999997
 10
108.27613600000073
 20
-78.8088339999997
 10
108.27537400000074
 20
-78.6917399999997
 10
108.27537400000074
 20
-78.57464599999969
 10
108.27613600000073
 20
-78.4575519999997
 10
108.27766000000072
 20
-78.3407119999997
 10
108.27994600000073
 20
-78.2238719999997
 10
108.28299400000073
 20
-78.1070319999997
 10
108.28680400000073
 20
-77.99019199999971
 10
108.29137600000072
 20
-77.87335199999971
 10
108.29671000000073
 20
-77.75651199999972
 10
108.30280600000073
 20
-77.63967199999973
 10
108.30966400000072
 20
-77.52283199999974
 10
108.31753800000072
 20
-77.40599199999974
 10
108.32617400000072
 20
-77.28940599999974
 10
108.33557200000071
 20
-77.17281999999973
 10
108.34573200000072
 20
-77.05623399999973
 10
108.35665400000072
 20
-76.93964799999974
 10
108.36833800000072
 20
-76.82331599999974
 10
108.38078400000072
 20
-76.70698399999972
 10
108.39399200000072
 20
-76.59065199999972
 10
108.40796200000072
 20
-76.47457399999972
 10
108.41329600000073
 20
-76.43088599999972
 10
108.41888400000073
 20
-76.3871979999997
 10
108.42472600000073
 20
-76.3435099999997
 10
108.43056800000073
 20
-76.2998219999997
 10
108.43666400000073
 20
-76.25613399999969
 10
108.44276000000073
 20
-76.21244599999967
 10
108.44911000000073
 20
-76.16875799999967
 10
108.45546000000073
 20
-76.12506999999967
 10
108.46206400000072
 20
-76.08138199999966
 10
108.46866800000073
 20
-76.03769399999965
 10
108.47552600000073
 20
-75.99400599999964
 10
108.48238400000072
 20
-75.95031799999964
 10
108.48949600000073
 20
-75.90688399999964
 10
108.49660800000073
 20
-75.86344999999965
 10
108.50372000000074
 20
-75.82001599999964
 10
108.51108600000074
 20
-75.77658199999965
 10
108.51845200000074
 20
-75.73314799999964
 10
108.52607200000072
 20
-75.68971399999965
 10
108.53369200000073
 20
-75.64627999999965
 10
108.54131200000072
 20
-75.60284599999966
 10
108.54918600000072
 20
-75.55941199999965
 10
108.55706000000072
 20
-75.51597799999966
 10
108.56518800000072
 20
-75.47254399999966
 10
108.57331600000072
 20
-75.42910999999967
 10
108.5814440000007
 20
-75.38567599999966
 10
108.58982600000071
 20
-75.34224199999967
 10
108.59820800000071
 20
-75.29880799999967
 10
108.60659000000072
 20
-75.25537399999968
 10
108.61522600000072
 20
-75.21219399999967
 10
108.62386200000071
 20
-75.16901399999966
 10
108.63249800000071
 20
-75.12583399999966
 10
108.64138800000072
 20
-75.08265399999965
 10
108.56290200000072
 20
-75.12684999999965
 10
108.48365400000071
 20
-75.16977599999964
 10
108.40339000000071
 20
-75.21168599999964
 10
108.32236400000072
 20
-75.25232599999966
 10
108.24057600000071
 20
-75.29169599999965
 10
108.1577720000007
 20
-75.32979599999965
 10
108.0742060000007
 20
-75.36687999999965
 10
107.9898780000007
 20
-75.40269399999966
 10
107.9047880000007
 20
-75.43723799999965
 10
107.8189360000007
 20
-75.47076599999966
 10
107.7323220000007
 20
-75.50302399999966
 10
107.6449460000007
 20
-75.53426599999966
 10
107.55680800000071
 20
-75.56449199999966
 10
107.4679080000007
 20
-75.59370199999967
 10
107.3782460000007
 20
-75.62164199999967
 10
107.2880760000007
 20
-75.64856599999968
 10
107.19714400000069
 20
-75.67447399999966
 10
107.1054500000007
 20
-75.69936599999967
 10
107.0132480000007
 20
-75.72324199999967
 10
106.9202840000007
 20
-75.74635599999966
 10
106.8268120000007
 20
-75.76845399999966
 10
106.73257800000071
 20
-75.78953599999967
 10
106.6378360000007
 20
-75.80960199999967
 10
106.54258600000071
 20
-75.82890599999968
 10
106.4468280000007
 20
-75.84719399999967
 10
106.35030800000071
 20
-75.86471999999968
 10
106.25328000000071
 20
-75.88122999999969
 10
106.15574400000071
 20
-75.89697799999969
 10
106.0577000000007
 20
-75.9119639999997
 10
105.95914800000071
 20
-75.92618799999968
 10
105.8600880000007
 20
-75.93939599999969
 10
105.76052000000071
 20
-75.95184199999969
 10
105.74477200000071
 20
-75.95361999999969
 10
105.7290240000007
 20
-75.95539799999969
 10
105.7132760000007
 20
-75.95717599999969
 10
105.6975280000007
 20
-75.9589539999997
 10
105.6817800000007
 20
-75.96047799999968
 10
105.66603200000068
 20
-75.96200199999969
 10
105.65028400000068
 20
-75.96352599999967
 10
105.63453600000068
 20
-75.96479599999967
 10
105.61878800000068
 20
-75.96606599999967
 10
105.60304000000068
 20
-75.96733599999968
 10
105.58754600000069
 20
-75.96860599999967
 10
105.5720520000007
 20
-75.96962199999967
 10
105.55655800000069
 20
-75.97063799999968
 10
105.5410640000007
 20
-75.97165399999969
 10
105.5255700000007
 20
-75.97266999999968
 10
105.51007600000071
 20
-75.97368599999969
 10
105.49458200000072
 20
-75.97444799999968
 10
105.47908800000071
 20
-75.97520999999969
 10
105.46359400000073
 20
-75.97597199999969
 10
105.44810000000074
 20
-75.97673399999968
 10
105.43260600000073
 20
-75.97724199999968
 10
105.41736600000074
 20
-75.97774999999969
 10
105.40212600000073
 20
-75.97825799999968
 10
105.38688600000073
 20
-75.9787659999997
 10
105.37164600000074
 20
-75.97927399999969
 10
105.35640600000073
 20
-75.97952799999969
 10
105.34116600000074
 20
-75.97978199999967
 10
105.32592600000073
 20
-75.98003599999967
 10
105.31068600000073
 20
-75.98028999999967
 10
105.29544600000074
 20
-75.98054399999965
 10
105.28020600000073
 20
-75.98079799999965
 10
105.26496600000073
 20
-75.98079799999965
 10
105.19867200000073
 20
-76.20507999999965
 10
105.14304600000072
 20
-76.43317199999966
 10
105.09783400000073
 20
-76.66456599999965
 10
105.06227400000073
 20
-76.89900799999965
 10
105.03585800000073
 20
-77.13598999999965
 10
105.01782400000073
 20
-77.37525799999966
 10
105.00791800000073
 20
-77.61630399999966
 10
105.00537800000073
 20
-77.85887399999966
 10
105.00969600000073
 20
-78.10245999999965
 10
105.02036400000073
 20
-78.34680799999965
 10
105.03687400000072
 20
-78.59140999999966
 10
105.05846400000073
 20
-78.83601199999967
 10
105.08462600000072
 20
-79.08035999999966
 10
105.11485200000072
 20
-79.32369199999967
 10
105.14863400000073
 20
-79.56600799999967
 10
105.18546400000072
 20
-79.80679999999967
 10
105.22458000000071
 20
-80.04555999999967
 10
105.26547400000072
 20
-80.28203399999965
 10
105.30763800000072
 20
-80.51596799999966
 10
105.35056400000072
 20
-80.74685399999966
 10
105.39374400000072
 20
-80.97418399999965
 10
105.43641600000072
 20
-81.19770399999965
 10
105.47807200000072
 20
-81.41715999999964
 10
105.51820400000072
 20
-81.63204399999965
 10
105.55630400000071
 20
-81.84184799999966
 10
105.59186400000071
 20
-82.04657199999964
 10
105.62412200000071
 20
-82.24545399999965
 10
105.65257000000072
 20
-82.43823999999965
 10
105.67670000000072
 20
-82.62467599999965
 10
105.69600400000073
 20
-82.80425399999964
 10
105.70972000000073
 20
-82.97671999999964
 10
105.71759400000073
 20
-83.14156599999964
 10
105.71556200000073
 20
-83.20455799999964
 10
105.70591000000073
 20
-83.27059799999964
 10
105.68889200000072
 20
-83.33943199999965
 10
105.66501600000073
 20
-83.41080599999964
 10
105.63453600000072
 20
-83.48471999999964
 10
105.59745200000073
 20
-83.56091999999964
 10
105.55427200000072
 20
-83.63940599999965
 10
105.50525000000073
 20
-83.71992399999965
 10
105.45089400000073
 20
-83.80221999999965
 10
105.39120400000073
 20
-83.88629399999967
 10
105.32643400000072
 20
-83.97189199999966
 10
105.25709200000071
 20
-84.05875999999965
 10
105.1834320000007
 20
-84.14689799999965
 10
105.10570800000072
 20
-84.23630599999964
 10
105.02417400000071
 20
-84.32672999999964
 10
104.93908400000072
 20
-84.41791599999964
 10
104.8506920000007
 20
-84.50960999999964
 10
104.75950600000071
 20
-84.60181199999964
 10
104.66552600000071
 20
-84.69452199999964
 10
104.56926000000071
 20
-84.78723199999963
 10
104.47096200000071
 20
-84.88019599999963
 10
104.37088600000071
 20
-84.97290599999964
 10
104.26928600000072
 20
-85.06536199999962
 10
104.16641600000072
 20
-85.15756399999962
 10
104.06278400000072
 20
-85.24900399999963
 10
103.95839000000072
 20
-85.33993599999964
 10
103.85374200000072
 20
-85.42985199999963
 10
103.74909400000072
 20
-85.51875199999964
 10
103.64444600000073
 20
-85.60663599999964
 10
103.54056000000074
 20
-85.69299599999964
 10
103.43743600000073
 20
-85.77808599999963
  0
ENDSEC
  0
SECTION
  2
OBJECTS
  0
DICTIONARY
  5
A
330
0
100
AcDbDictionary
281
1
  3
ACAD_COLOR
350
B
  3
ACAD_GROUP
350
C
  3
ACAD_LAYOUT
350
D
  3
ACAD_MATERIAL
350
E
  3
ACAD_MLEADERSTYLE
350
F
  3
ACAD_MLINESTYLE
350
10
  3
ACAD_PLOTSETTINGS
350
11
  3
ACAD_PLOTSTYLENAME
350
12
  3
ACAD_SCALELIST
350
14
  3
ACAD_TABLESTYLE
350
15
  3
ACAD_VISUALSTYLE
350
16
  3
EZDXF_META
350
2D
  0
DICTIONARY
  5
B
330
A
100
AcDbDictionary
281
1
  0
DICTIONARY
  5
C
330
A
100
AcDbDictionary
281
1
  0
DICTIONARY
  5
D
330
A
100
AcDbDictionary
281
1
  3
Model
350
1A
  3
Layout1
350
1E
  0
DICTIONARY
  5
E
330
A
100
AcDbDictionary
281
1
  3
ByBlock
350
1F
  3
ByLayer
350
20
  3
Global
350
21
  0
DICTIONARY
  5
F
330
A
100
AcDbDictionary
281
1
  3
Standard
350
2C
  0
DICTIONARY
  5
10
330
A
100
AcDbDictionary
281
1
  3
Standard
350
22
  0
DICTIONARY
  5
11
330
A
100
AcDbDictionary
281
1
  0
ACDBDICTIONARYWDFLT
  5
12
330
A
100
AcDbDictionary
281
1
  3
Normal
350
13
100
AcDbDictionaryWithDefault
340
13
  0
ACDBPLACEHOLDER
  5
13
330
12
  0
DICTIONARY
  5
14
330
A
100
AcDbDictionary
281
1
  0
DICTIONARY
  5
15
330
A
100
AcDbDictionary
281
1
  0
DICTIONARY
  5
16
330
A
100
AcDbDictionary
281
1
  0
LAYOUT
  5
1A
330
D
100
AcDbPlotSettings
  1

  4
A3
  6

 40
7.5
 41
20.0
 42
7.5
 43
20.0
 44
420.0
 45
297.0
 46
0.0
 47
0.0
 48
0.0
 49
0.0
140
0.0
141
0.0
142
1.0
143
1.0
 70
1024
 72
1
 73
0
 74
5
  7

 75
16
 76
0
 77
2
 78
300
147
1.0
148
0.0
149
0.0
100
AcDbLayout
  1
Model
 70
1
 71
0
 10
0.0
 20
0.0
 11
420.0
 21
297.0
 12
0.0
 22
0.0
 32
0.0
 14
1e+20
 24
1e+20
 34
1e+20
 15
-1e+20
 25
-1e+20
 35
-1e+20
146
0.0
 13
0.0
 23
0.0
 33
0.0
 16
1.0
 26
0.0
 36
0.0
 17
0.0
 27
1.0
 37
0.0
 76
1
330
17
  0
LAYOUT
  5
1E
330
D
100
AcDbPlotSettings
  1

  4
A3
  6

 40
7.5
 41
20.0
 42
7.5
 43
20.0
 44
420.0
 45
297.0
 46
0.0
 47
0.0
 48
0.0
 49
0.0
140
0.0
141
0.0
142
1.0
143
1.0
 70
0
 72
1
 73
0
 74
5
  7

 75
16
 76
0
 77
2
 78
300
147
1.0
148
0.0
149
0.0
100
AcDbLayout
  1
Layout1
 70
1
 71
1
 10
0.0
 20
0.0
 11
420.0
 21
297.0
 12
0.0
 22
0.0
 32
0.0
 14
1e+20
 24
1e+20
 34
1e+20
 15
-1e+20
 25
-1e+20
 35
-1e+20
146
0.0
 13
0.0
 23
0.0
 33
0.0
 16
1.0
 26
0.0
 36
0.0
 17
0.0
 27
1.0
 37
0.0
 76
1
330
1B
  0
MATERIAL
  5
1F
102
{ACAD_REACTORS
330
E
102
}
330
E
100
AcDbMaterial
  1
ByBlock
  2

 70
0
 40
1.0
 71
1
 41
1.0
 91
-1023410177
 42
1.0
 72
1
  3

 73
1
 74
1
 75
1
 44
0.5
 73
0
 45
1.0
 46
1.0
 77
1
  4

 78
1
 79
1
170
1
 48
1.0
171
1
  6

172
1
173
1
174
1
140
1.0
141
1.0
175
1
  7

176
1
177
1
178
1
143
1.0
179
1
  8

270
1
271
1
272
1
145
1.0
146
1.0
273
1
  9

274
1
275
1
276
1
 42
1.0
 72
1
  3

 73
1
 74
1
 75
1
 94
63
  0
MATERIAL
  5
20
102
{ACAD_REACTORS
330
E
102
}
330
E
100
AcDbMaterial
  1
ByLayer
  2

 70
0
 40
1.0
 71
1
 41
1.0
 91
-1023410177
 42
1.0
 72
1
  3

 73
1
 74
1
 75
1
 44
0.5
 73
0
 45
1.0
 46
1.0
 77
1
  4

 78
1
 79
1
170
1
 48
1.0
171
1
  6

172
1
173
1
174
1
140
1.0
141
1.0
175
1
  7

176
1
177
1
178
1
143
1.0
179
1
  8

270
1
271
1
272
1
145
1.0
146
1.0
273
1
  9

274
1
275
1
276
1
 42
1.0
 72
1
  3

 73
1
 74
1
 75
1
 94
63
  0
MATERIAL
  5
21
102
{ACAD_REACTORS
330
E
102
}
330
E
100
AcDbMaterial
  1
Global
  2

 70
0
 40
1.0
 71
1
 41
1.0
 91
-1023410177
 42
1.0
 72
1
  3

 73
1
 74
1
 75
1
 44
0.5
 73
0
 45
1.0
 46
1.0
 77
1
  4

 78
1
 79
1
170
1
 48
1.0
171
1
  6

172
1
173
1
174
1
140
1.0
141
1.0
175
1
  7

176
1
177
1
178
1
143
1.0
179
1
  8

270
1
271
1
272
1
145
1.0
146
1.0
273
1
  9

274
1
275
1
276
1
 42
1.0
 72
1
  3

 73
1
 74
1
 75
1
 94
63
  0
MLINESTYLE
  5
22
102
{ACAD_REACTORS
330
10
102
}
330
10
100
AcDbMlineStyle
  2
Standard
 70
0
  3

 62
256
 51
90.0
 52
90.0
 71
2
 49
0.5
 62
256
  6
BYLAYER
 49
-0.5
 62
256
  6
BYLAYER
  0
MLEADERSTYLE
  5
2C
102
{ACAD_REACTORS
330
F
102
}
330
F
100
AcDbMLeaderStyle
179
2
170
2
171
1
172
0
 90
2
 40
0.0
 41
0.0
173
1
 91
-1056964608
 92
-2
290
1
 42
2.0
291
1
 43
8.0
  3
Standard
 44
4.0
300

342
29
174
1
175
1
176
0
178
1
 93
-1056964608
 45
4.0
292
0
297
0
 46
4.0
 94
-1056964608
 47
1.0
 49
1.0
140
1.0
294
1
141
0.0
177
0
142
1.0
295
0
296
0
143
3.75
271
0
272
9
273
9
  0
DICTIONARY
  5
2D
330
A
100
AcDbDictionary
280
1
281
1
  3
CREATED_BY_EZDXF
350
2E
  3
WRITTEN_BY_EZDXF
350
3C
  0
DICTIONARYVAR
  5
2E
330
2D
100
DictionaryVariables
280
0
  1
1.4.3 @ 2026-04-12T00:41:30.102639+00:00
  0
DICTIONARYVAR
  5
3C
330
2D
100
DictionaryVariables
280
0
  1
1.4.3 @ 2026-04-12T00:41:30.112089+00:00
  0
ENDSEC
  0
EOF
