  0
SECTION
  2
HEADER
  9
$ACADVER
  1
AC1024
  9
$ACADMAINTVER
 70
6
  9
$DWGCODEPAGE
  3
ANSI_1252
  9
$LASTSAVEDBY
  1
ezdxf
  9
$INSBASE
 10
0.0
 20
0.0
 30
0.0
  9
$EXTMIN
 10
1e+20
 20
1e+20
 30
1e+20
  9
$EXTMAX
 10
-1e+20
 20
-1e+20
 30
-1e+20
  9
$LIMMIN
 10
0.0
 20
0.0
  9
$LIMMAX
 10
420.0
 20
297.0
  9
$ORTHOMODE
 70
0
  9
$REGENMODE
 70
1
  9
$FILLMODE
 70
1
  9
$QTEXTMODE
 70
0
  9
$MIRRTEXT
 70
1
  9
$LTSCALE
 40
1.0
  9
$ATTMODE
 70
1
  9
$TEXTSIZE
 40
2.5
  9
$TRACEWID
 40
1.0
  9
$TEXTSTYLE
  7
Standard
  9
$CLAYER
  8
0
  9
$CELTYPE
  6
ByLayer
  9
$CECOLOR
 62
256
  9
$CELTSCALE
 40
1.0
  9
$DISPSILH
 70
0
  9
$DIMSCALE
 40
1.0
  9
$DIMASZ
 40
2.5
  9
$DIMEXO
 40
0.625
  9
$DIMDLI
 40
3.75
  9
$DIMRND
 40
0.0
  9
$DIMDLE
 40
0.0
  9
$DIMEXE
 40
1.25
  9
$DIMTP
 40
0.0
  9
$DIMTM
 40
0.0
  9
$DIMTXT
 40
2.5
  9
$DIMCEN
 40
2.5
  9
$DIMTSZ
 40
0.0
  9
$DIMTOL
 70
0
  9
$DIMLIM
 70
0
  9
$DIMTIH
 70
0
  9
$DIMTOH
 70
0
  9
$DIMSE1
 70
0
  9
$DIMSE2
 70
0
  9
$DIMTAD
 70
1
  9
$DIMZIN
 70
8
  9
$DIMBLK
  1

  9
$DIMASO
 70
1
  9
$DIMSHO
 70
1
  9
$DIMPOST
  1

  9
$DIMAPOST
  1

  9
$DIMALT
 70
0
  9
$DIMALTD
 70
3
  9
$DIMALTF
 40
0.03937007874
  9
$DIMLFAC
 40
1.0
  9
$DIMTOFL
 70
1
  9
$DIMTVP
 40
0.0
  9
$DIMTIX
 70
0
  9
$DIMSOXD
 70
0
  9
$DIMSAH
 70
0
  9
$DIMBLK1
  1

  9
$DIMBLK2
  1

  9
$DIMSTYLE
  2
ISO-25
  9
$DIMCLRD
 70
0
  9
$DIMCLRE
 70
0
  9
$DIMCLRT
 70
0
  9
$DIMTFAC
 40
1.0
  9
$DIMGAP
 40
0.625
  9
$DIMJUST
 70
0
  9
$DIMSD1
 70
0
  9
$DIMSD2
 70
0
  9
$DIMTOLJ
 70
0
  9
$DIMTZIN
 70
8
  9
$DIMALTZ
 70
0
  9
$DIMALTTZ
 70
0
  9
$DIMUPT
 70
0
  9
$DIMDEC
 70
2
  9
$DIMTDEC
 70
2
  9
$DIMALTU
 70
2
  9
$DIMALTTD
 70
3
  9
$DIMTXSTY
  7
Standard
  9
$DIMAUNIT
 70
0
  9
$DIMADEC
 70
0
  9
$DIMALTRND
 40
0.0
  9
$DIMAZIN
 70
0
  9
$DIMDSEP
 70
44
  9
$DIMATFIT
 70
3
  9
$DIMFRAC
 70
0
  9
$DIMLDRBLK
  1

  9
$DIMLUNIT
 70
2
  9
$DIMLWD
 70
-2
  9
$DIMLWE
 70
-2
  9
$DIMTMOVE
 70
0
  9
$DIMFXL
 40
1.0
  9
$DIMFXLON
 70
0
  9
$DIMJOGANG
 40
0.785398163397
  9
$DIMTFILL
 70
0
  9
$DIMTFILLCLR
 70
0
  9
$DIMARCSYM
 70
0
  9
$DIMLTYPE
  6

  9
$DIMLTEX1
  6

  9
$DIMLTEX2
  6

  9
$DIMTXTDIRECTION
 70
0
  9
$LUNITS
 70
2
  9
$LUPREC
 70
4
  9
$SKETCHINC
 40
1.0
  9
$FILLETRAD
 40
10.0
  9
$AUNITS
 70
0
  9
$AUPREC
 70
2
  9
$MENU
  1
.
  9
$ELEVATION
 40
0.0
  9
$PELEVATION
 40
0.0
  9
$THICKNESS
 40
0.0
  9
$LIMCHECK
 70
0
  9
$CHAMFERA
 40
0.0
  9
$CHAMFERB
 40
0.0
  9
$CHAMFERC
 40
0.0
  9
$CHAMFERD
 40
0.0
  9
$SKPOLY
 70
0
  9
$TDCREATE
 40
2461138.7154166666
  9
$TDUCREATE
 40
2458532.153996898
  9
$TDUPDATE
 40
2461138.7154166666
  9
$TDUUPDATE
 40
2458532.1544311
  9
$TDINDWG
 40
0.0
  9
$TDUSRTIMER
 40
0.0
  9
$USRTIMER
 70
1
  9
$ANGBASE
 50
0.0
  9
$ANGDIR
 70
0
  9
$PDMODE
 70
0
  9
$PDSIZE
 40
0.0
  9
$PLINEWID
 40
0.0
  9
$SPLFRAME
 70
0
  9
$SPLINETYPE
 70
6
  9
$SPLINESEGS
 70
8
  9
$HANDSEED
  5
AD2
  9
$SURFTAB1
 70
6
  9
$SURFTAB2
 70
6
  9
$SURFTYPE
 70
6
  9
$SURFU
 70
6
  9
$SURFV
 70
6
  9
$UCSBASE
  2

  9
$UCSNAME
  2

  9
$UCSORG
 10
0.0
 20
0.0
 30
0.0
  9
$UCSXDIR
 10
1.0
 20
0.0
 30
0.0
  9
$UCSYDIR
 10
0.0
 20
1.0
 30
0.0
  9
$UCSORTHOREF
  2

  9
$UCSORTHOVIEW
 70
0
  9
$UCSORGTOP
 10
0.0
 20
0.0
 30
0.0
  9
$UCSORGBOTTOM
 10
0.0
 20
0.0
 30
0.0
  9
$UCSORGLEFT
 10
0.0
 20
0.0
 30
0.0
  9
$UCSORGRIGHT
 10
0.0
 20
0.0
 30
0.0
  9
$UCSORGFRONT
 10
0.0
 20
0.0
 30
0.0
  9
$UCSORGBACK
 10
0.0
 20
0.0
 30
0.0
  9
$PUCSBASE
  2

  9
$PUCSNAME
  2

  9
$PUCSORG
 10
0.0
 20
0.0
 30
0.0
  9
$PUCSXDIR
 10
1.0
 20
0.0
 30
0.0
  9
$PUCSYDIR
 10
0.0
 20
1.0
 30
0.0
  9
$PUCSORTHOREF
  2

  9
$PUCSORTHOVIEW
 70
0
  9
$PUCSORGTOP
 10
0.0
 20
0.0
 30
0.0
  9
$PUCSORGBOTTOM
 10
0.0
 20
0.0
 30
0.0
  9
$PUCSORGLEFT
 10
0.0
 20
0.0
 30
0.0
  9
$PUCSORGRIGHT
 10
0.0
 20
0.0
 30
0.0
  9
$PUCSORGFRONT
 10
0.0
 20
0.0
 30
0.0
  9
$PUCSORGBACK
 10
0.0
 20
0.0
 30
0.0
  9
$USERI1
 70
0
  9
$USERI2
 70
0
  9
$USERI3
 70
0
  9
$USERI4
 70
0
  9
$USERI5
 70
0
  9
$USERR1
 40
0.0
  9
$USERR2
 40
0.0
  9
$USERR3
 40
0.0
  9
$USERR4
 40
0.0
  9
$USERR5
 40
0.0
  9
$WORLDVIEW
 70
1
  9
$SHADEDGE
 70
3
  9
$SHADEDIF
 70
70
  9
$TILEMODE
 70
1
  9
$MAXACTVP
 70
64
  9
$PINSBASE
 10
0.0
 20
0.0
 30
0.0
  9
$PLIMCHECK
 70
0
  9
$PEXTMIN
 10
1e+20
 20
1e+20
 30
1e+20
  9
$PEXTMAX
 10
-1e+20
 20
-1e+20
 30
-1e+20
  9
$PLIMMIN
 10
0.0
 20
0.0
  9
$PLIMMAX
 10
420.0
 20
297.0
  9
$UNITMODE
 70
0
  9
$VISRETAIN
 70
1
  9
$PLINEGEN
 70
0
  9
$PSLTSCALE
 70
1
  9
$TREEDEPTH
 70
3020
  9
$CMLSTYLE
  2
Standard
  9
$CMLJUST
 70
0
  9
$CMLSCALE
 40
20.0
  9
$PROXYGRAPHICS
 70
1
  9
$MEASUREMENT
 70
1
  9
$CELWEIGHT
370
-1
  9
$ENDCAPS
280
0
  9
$JOINSTYLE
280
0
  9
$LWDISPLAY
290
0
  9
$INSUNITS
 70
6
  9
$HYPERLINKBASE
  1

  9
$STYLESHEET
  1

  9
$XEDIT
290
1
  9
$CEPSNTYPE
380
0
  9
$PSTYLEMODE
290
1
  9
$FINGERPRINTGUID
  2
{9CE206D4-FFDF-405A-9B55-16C5C330860E}
  9
$VERSIONGUID
  2
{7FC76B23-29D5-4EE0-982E-BEDC37DEA5A5}
  9
$EXTNAMES
290
1
  9
$PSVPSCALE
 40
0.0
  9
$OLESTARTUP
290
0
  9
$SORTENTS
280
127
  9
$INDEXCTL
280
0
  9
$HIDETEXT
280
1
  9
$XCLIPFRAME
280
1
  9
$HALOGAP
280
0
  9
$OBSCOLOR
 70
257
  9
$OBSLTYPE
280
0
  9
$INTERSECTIONDISPLAY
280
0
  9
$INTERSECTIONCOLOR
 70
257
  9
$DIMASSOC
280
2
  9
$PROJECTNAME
  1

  9
$CAMERADISPLAY
290
0
  9
$LENSLENGTH
 40
50.0
  9
$CAMERAHEIGHT
 40
0.0
  9
$STEPSPERSEC
 40
24.0
  9
$STEPSIZE
 40
100.0
  9
$3DDWFPREC
 40
2.0
  9
$PSOLWIDTH
 40
0.005
  9
$PSOLHEIGHT
 40
0.08
  9
$LOFTANG1
 40
1.570796326795
  9
$LOFTANG2
 40
1.570796326795
  9
$LOFTMAG1
 40
0.0
  9
$LOFTMAG2
 40
0.0
  9
$LOFTPARAM
 70
7
  9
$LOFTNORMALS
280
1
  9
$LATITUDE
 40
37.795
  9
$LONGITUDE
 40
-122.394
  9
$NORTHDIRECTION
 40
0.0
  9
$TIMEZONE
 70
-8000
  9
$LIGHTGLYPHDISPLAY
280
1
  9
$TILEMODELIGHTSYNCH
280
1
  9
$CMATERIAL
347
20
  9
$SOLIDHIST
280
0
  9
$SHOWHIST
280
1
  9
$DWFFRAME
280
2
  9
$DGNFRAME
280
2
  9
$REALWORLDSCALE
290
1
  9
$INTERFERECOLOR
 62
256
  9
$CSHADOW
280
0
  9
$SHADOWPLANELOCATION
 40
0.0
  0
ENDSEC
  0
SECTION
  2
CLASSES
  0
CLASS
  1
ACDBDICTIONARYWDFLT
  2
AcDbDictionaryWithDefault
  3
ObjectDBX Classes
 90
0
 91
0
280
0
281
0
  0
CLASS
  1
SUN
  2
AcDbSun
  3
SCENEOE
 90
1153
 91
0
280
0
281
0
  0
CLASS
  1
VISUALSTYLE
  2
AcDbVisualStyle
  3
ObjectDBX Classes
 90
4095
 91
0
280
0
281
0
  0
CLASS
  1
MATERIAL
  2
AcDbMaterial
  3
ObjectDBX Classes
 90
1153
 91
0
280
0
281
0
  0
CLASS
  1
SCALE
  2
AcDbScale
  3
ObjectDBX Classes
 90
1153
 91
0
280
0
281
0
  0
CLASS
  1
TABLESTYLE
  2
AcDbTableStyle
  3
ObjectDBX Classes
 90
4095
 91
0
280
0
281
0
  0
CLASS
  1
MLEADERSTYLE
  2
AcDbMLeaderStyle
  3
ACDB_MLEADERSTYLE_CLASS
 90
4095
 91
0
280
0
281
0
  0
CLASS
  1
DICTIONARYVAR
  2
AcDbDictionaryVar
  3
ObjectDBX Classes
 90
0
 91
0
280
0
281
0
  0
CLASS
  1
CELLSTYLEMAP
  2
AcDbCellStyleMap
  3
ObjectDBX Classes
 90
1152
 91
0
280
0
281
0
  0
CLASS
  1
MENTALRAYRENDERSETTINGS
  2
AcDbMentalRayRenderSettings
  3
SCENEOE
 90
1024
 91
0
280
0
281
0
  0
CLASS
  1
ACDBDETAILVIEWSTYLE
  2
AcDbDetailViewStyle
  3
ObjectDBX Classes
 90
1025
 91
0
280
0
281
0
  0
CLASS
  1
ACDBSECTIONVIEWSTYLE
  2
AcDbSectionViewStyle
  3
ObjectDBX Classes
 90
1025
 91
0
280
0
281
0
  0
CLASS
  1
RASTERVARIABLES
  2
AcDbRasterVariables
  3
ISM
 90
0
 91
0
280
0
281
0
  0
CLASS
  1
ACDBPLACEHOLDER
  2
AcDbPlaceHolder
  3
ObjectDBX Classes
 90
0
 91
0
280
0
281
0
  0
CLASS
  1
LAYOUT
  2
AcDbLayout
  3
ObjectDBX Classes
 90
0
 91
0
280
0
281
0
  0
ENDSEC
  0
SECTION
  2
TABLES
  0
TABLE
  2
VPORT
  5
8
330
0
100
AcDbSymbolTable
 70
1
  0
VPORT
  5
23
330
8
100
AcDbSymbolTableRecord
100
AcDbViewportTableRecord
  2
*Active
 70
0
 10
0.0
 20
0.0
 11
1.0
 21
1.0
 12
0.0
 22
0.0
 13
0.0
 23
0.0
 14
0.5
 24
0.5
 15
0.5
 25
0.5
 16
0.0
 26
0.0
 36
1.0
 17
0.0
 27
0.0
 37
0.0
 40
1000.0
 41
1.34
 42
50.0
 43
0.0
 44
0.0
 50
0.0
 51
0.0
 71
0
 72
1000
 73
1
 74
3
 75
0
 76
0
 77
0
 78
0
281
0
 65
0
146
0.0
  0
ENDTAB
  0
TABLE
  2
LTYPE
  5
2
330
0
100
AcDbSymbolTable
 70
3
  0
LTYPE
  5
24
330
2
100
AcDbSymbolTableRecord
100
AcDbLinetypeTableRecord
  2
ByBlock
 70
0
  3

 72
65
 73
0
 40
0.0
  0
LTYPE
  5
25
330
2
100
AcDbSymbolTableRecord
100
AcDbLinetypeTableRecord
  2
ByLayer
 70
0
  3

 72
65
 73
0
 40
0.0
  0
LTYPE
  5
26
330
2
100
AcDbSymbolTableRecord
100
AcDbLinetypeTableRecord
  2
Continuous
 70
0
  3

 72
65
 73
0
 40
0.0
  0
ENDTAB
  0
TABLE
  2
LAYER
  5
1
330
0
100
AcDbSymbolTable
 70
2
  0
LAYER
  5
27
330
1
100
AcDbSymbolTableRecord
100
AcDbLayerTableRecord
  2
0
 70
0
 62
7
  6
Continuous
370
-3
390
13
347
21
  0
LAYER
  5
28
330
1
100
AcDbSymbolTableRecord
100
AcDbLayerTableRecord
  2
Defpoints
 70
0
 62
7
  6
Continuous
290
0
370
-3
390
13
347
21
  0
ENDTAB
  0
TABLE
  2
STYLE
  5
5
330
0
100
AcDbSymbolTable
 70
1
  0
STYLE
  5
29
330
5
100
AcDbSymbolTableRecord
100
AcDbTextStyleTableRecord
  2
Standard
 70
0
 40
0.0
 41
1.0
 50
0.0
 71
0
 42
2.5
  3
txt
  4

  0
ENDTAB
  0
TABLE
  2
VIEW
  5
7
330
0
100
AcDbSymbolTable
 70
0
  0
ENDTAB
  0
TABLE
  2
UCS
  5
6
330
0
100
AcDbSymbolTable
 70
0
  0
ENDTAB
  0
TABLE
  2
APPID
  5
3
330
0
100
AcDbSymbolTable
 70
3
  0
APPID
  5
2A
330
3
100
AcDbSymbolTableRecord
100
AcDbRegAppTableRecord
  2
ACAD
 70
0
  0
APPID
  5
ACF
330
3
100
AcDbSymbolTableRecord
100
AcDbRegAppTableRecord
  2
HATCHBACKGROUNDCOLOR
 70
0
  0
APPID
  5
AD0
330
3
100
AcDbSymbolTableRecord
100
AcDbRegAppTableRecord
  2
EZDXF
 70
0
  0
ENDTAB
  0
TABLE
  2
DIMSTYLE
  5
4
330
0
100
AcDbSymbolTable
 70
1
100
AcDbDimStyleTable
  0
DIMSTYLE
105
2B
330
4
100
AcDbSymbolTableRecord
100
AcDbDimStyleTableRecord
  2
Standard
 70
0
 40
1.0
 41
2.5
 42
0.625
 43
3.75
 44
1.25
 45
0.0
 46
0.0
 47
0.0
 48
0.0
 49
2.5
140
2.5
141
2.5
142
0.0
143
0.03937007874
144
1.0
145
0.0
146
1.0
147
0.625
148
0.0
 69
0
 70
0
 71
0
 72
0
 73
0
 74
0
 75
0
 76
0
 77
1
 78
8
 79
3
170
0
171
3
172
1
173
0
174
0
175
0
176
0
177
0
178
0
179
2
271
2
272
2
273
2
274
3
275
0
276
0
277
2
278
44
279
0
280
0
281
0
282
0
283
0
284
8
285
0
286
0
288
0
289
3
290
0
371
-2
372
-2
  0
ENDTAB
  0
TABLE
  2
BLOCK_RECORD
  5
9
330
0
100
AcDbSymbolTable
 70
2
  0
BLOCK_RECORD
  5
17
330
9
100
AcDbSymbolTableRecord
100
AcDbBlockTableRecord
  2
*Model_Space
340
1A
 70
0
280
1
281
0
  0
BLOCK_RECORD
  5
1B
330
9
100
AcDbSymbolTableRecord
100
AcDbBlockTableRecord
  2
*Paper_Space
340
1E
 70
0
280
1
281
0
  0
ENDTAB
  0
ENDSEC
  0
SECTION
  2
BLOCKS
  0
BLOCK
  5
18
330
17
100
AcDbEntity
  8
0
100
AcDbBlockBegin
  2
*Model_Space
 70
0
 10
0.0
 20
0.0
 30
0.0
  3
*Model_Space
  1

  0
ENDBLK
  5
19
330
17
100
AcDbEntity
  8
0
100
AcDbBlockEnd
  0
BLOCK
  5
1C
330
1B
100
AcDbEntity
  8
0
100
AcDbBlockBegin
  2
*Paper_Space
 70
0
 10
0.0
 20
0.0
 30
0.0
  3
*Paper_Space
  1

  0
ENDBLK
  5
1D
330
1B
100
AcDbEntity
  8
0
100
AcDbBlockEnd
  0
ENDSEC
  0
SECTION
  2
ENTITIES
  0
LINE
  5
2F
330
17
100
AcDbEntity
  8
0
100
AcDbLine
 10
496.158
 20
-360.133
 30
0.0
 11
495.969
 21
-359.61199999999997
 31
0.0
  0
LINE
  5
30
330
17
100
AcDbEntity
  8
0
100
AcDbLine
 10
495.969
 20
-359.61199999999997
 30
0.0
 11
495.775
 21
-359.08799999999997
 31
0.0
  0
LINE
  5
31
330
17
100
AcDbEntity
  8
0
100
AcDbLine
 10
495.775
 20
-359.08799999999997
 30
0.0
 11
495.57599999999996
 21
-358.56199999999995
 31
0.0
  0
LINE
  5
32
330
17
100
AcDbEntity
  8
0
100
AcDbLine
 10
495.57599999999996
 20
-358.56199999999995
 30
0.0
 11
495.37199999999996
 21
-358.03499999999997
 31
0.0
  0
LINE
  5
33
330
17
100
AcDbEntity
  8
0
100
AcDbLine
 10
495.37199999999996
 20
-358.03499999999997
 30
0.0
 11
495.162
 21
-357.508
 31
0.0
  0
LINE
  5
34
330
17
100
AcDbEntity
  8
0
100
AcDbLine
 10
495.162
 20
-357.508
 30
0.0
 11
494.94599999999997
 21
-356.98199999999997
 31
0.0
  0
LINE
  5
35
330
17
100
AcDbEntity
  8
0
100
AcDbLine
 10
494.94599999999997
 20
-356.98199999999997
 30
0.0
 11
494.724
 21
-356.45799999999997
 31
0.0
  0
LINE
  5
36
330
17
100
AcDbEntity
  8
0
100
AcDbLine
 10
494.724
 20
-356.45799999999997
 30
0.0
 11
494.495
 21
-355.93699999999995
 31
0.0
  0
LINE
  5
37
330
17
100
AcDbEntity
  8
0
100
AcDbLine
 10
494.495
 20
-355.93699999999995
 30
0.0
 11
494.259
 21
-355.41999999999996
 31
0.0
  0
LINE
  5
38
330
17
100
AcDbEntity
  8
0
100
AcDbLine
 10
494.259
 20
-355.41999999999996
 30
0.0
 11
494.015
 21
-354.907
 31
0.0
  0
LINE
  5
39
330
17
100
AcDbEntity
  8
0
100
AcDbLine
 10
494.015
 20
-354.907
 30
0.0
 11
493.763
 21
-354.4
 31
0.0
  0
LINE
  5
3A
330
17
100
AcDbEntity
  8
0
100
AcDbLine
 10
493.763
 20
-354.4
 30
0.0
 11
493.503
 21
-353.9
 31
0.0
  0
LINE
  5
3B
330
17
100
AcDbEntity
  8
0
100
AcDbLine
 10
493.503
 20
-353.9
 30
0.0
 11
493.235
 21
-353.407
 31
0.0
  0
LINE
  5
3C
330
17
100
AcDbEntity
  8
0
100
AcDbLine
 10
493.235
 20
-353.407
 30
0.0
 11
492.958
 21
-352.923
 31
0.0
  0
LINE
  5
3D
330
17
100
AcDbEntity
  8
0
100
AcDbLine
 10
492.958
 20
-352.923
 30
0.0
 11
492.67100000000005
 21
-352.448
 31
0.0
  0
LINE
  5
3E
330
17
100
AcDbEntity
  8
0
100
AcDbLine
 10
492.67100000000005
 20
-352.448
 30
0.0
 11
492.374
 21
-351.983
 31
0.0
  0
LINE
  5
3F
330
17
100
AcDbEntity
  8
0
100
AcDbLine
 10
492.374
 20
-351.983
 30
0.0
 11
492.067
 21
-351.53000000000003
 31
0.0
  0
LINE
  5
40
330
17
100
AcDbEntity
  8
0
100
AcDbLine
 10
492.067
 20
-351.53000000000003
 30
0.0
 11
491.75
 21
-351.08900000000006
 31
0.0
  0
LINE
  5
41
330
17
100
AcDbEntity
  8
0
100
AcDbLine
 10
491.75
 20
-351.08900000000006
 30
0.0
 11
491.422
 21
-350.66100000000006
 31
0.0
  0
LINE
  5
42
330
17
100
AcDbEntity
  8
0
100
AcDbLine
 10
491.422
 20
-350.66100000000006
 30
0.0
 11
491.083
 21
-350.24700000000007
 31
0.0
  0
LINE
  5
43
330
17
100
AcDbEntity
  8
0
100
AcDbLine
 10
491.083
 20
-350.24700000000007
 30
0.0
 11
490.732
 21
-349.84800000000007
 31
0.0
  0
LINE
  5
44
330
17
100
AcDbEntity
  8
0
100
AcDbLine
 10
490.732
 20
-349.84800000000007
 30
0.0
 11
490.37
 21
-349.4650000000001
 31
0.0
  0
LINE
  5
45
330
17
100
AcDbEntity
  8
0
100
AcDbLine
 10
490.37
 20
-349.4650000000001
 30
0.0
 11
489.995
 21
-349.1000000000001
 31
0.0
  0
LINE
  5
46
330
17
100
AcDbEntity
  8
0
100
AcDbLine
 10
489.995
 20
-349.1000000000001
 30
0.0
 11
489.608
 21
-348.75200000000007
 31
0.0
  0
LINE
  5
47
330
17
100
AcDbEntity
  8
0
100
AcDbLine
 10
489.608
 20
-348.75200000000007
 30
0.0
 11
489.208
 21
-348.42300000000006
 31
0.0
  0
LINE
  5
48
330
17
100
AcDbEntity
  8
0
100
AcDbLine
 10
489.208
 20
-348.42300000000006
 30
0.0
 11
488.79400000000004
 21
-348.11400000000003
 31
0.0
  0
LINE
  5
49
330
17
100
AcDbEntity
  8
0
100
AcDbLine
 10
488.79400000000004
 20
-348.11400000000003
 30
0.0
 11
488.367
 21
-347.826
 31
0.0
  0
LINE
  5
4A
330
17
100
AcDbEntity
  8
0
100
AcDbLine
 10
488.367
 20
-347.826
 30
0.0
 11
487.92600000000004
 21
-347.56
 31
0.0
  0
LINE
  5
4B
330
17
100
AcDbEntity
  8
0
100
AcDbLine
 10
487.92600000000004
 20
-347.56
 30
0.0
 11
487.47
 21
-347.316
 31
0.0
  0
LINE
  5
4C
330
17
100
AcDbEntity
  8
0
100
AcDbLine
 10
487.47
 20
-347.316
 30
0.0
 11
486.999
 21
-347.09599999999995
 31
0.0
  0
LINE
  5
4D
330
17
100
AcDbEntity
  8
0
100
AcDbLine
 10
486.999
 20
-347.09599999999995
 30
0.0
 11
486.51300000000003
 21
-346.90099999999995
 31
0.0
  0
LINE
  5
4E
330
17
100
AcDbEntity
  8
0
100
AcDbLine
 10
486.51300000000003
 20
-346.90099999999995
 30
0.0
 11
486.01200000000006
 21
-346.73099999999994
 31
0.0
  0
LINE
  5
4F
330
17
100
AcDbEntity
  8
0
100
AcDbLine
 10
486.01200000000006
 20
-346.73099999999994
 30
0.0
 11
485.72400000000005
 21
-346.64699999999993
 31
0.0
  0
LINE
  5
50
330
17
100
AcDbEntity
  8
0
100
AcDbLine
 10
485.72400000000005
 20
-346.64699999999993
 30
0.0
 11
485.434
 21
-346.5729999999999
 31
0.0
  0
LINE
  5
51
330
17
100
AcDbEntity
  8
0
100
AcDbLine
 10
485.434
 20
-346.5729999999999
 30
0.0
 11
485.14300000000003
 21
-346.5079999999999
 31
0.0
  0
LINE
  5
52
330
17
100
AcDbEntity
  8
0
100
AcDbLine
 10
485.14300000000003
 20
-346.5079999999999
 30
0.0
 11
484.85100000000006
 21
-346.45199999999994
 31
0.0
  0
LINE
  5
53
330
17
100
AcDbEntity
  8
0
100
AcDbLine
 10
484.85100000000006
 20
-346.45199999999994
 30
0.0
 11
484.55800000000005
 21
-346.4049999999999
 31
0.0
  0
LINE
  5
54
330
17
100
AcDbEntity
  8
0
100
AcDbLine
 10
484.55800000000005
 20
-346.4049999999999
 30
0.0
 11
484.26400000000007
 21
-346.3669999999999
 31
0.0
  0
LINE
  5
55
330
17
100
AcDbEntity
  8
0
100
AcDbLine
 10
484.26400000000007
 20
-346.3669999999999
 30
0.0
 11
483.9700000000001
 21
-346.33699999999993
 31
0.0
  0
LINE
  5
56
330
17
100
AcDbEntity
  8
0
100
AcDbLine
 10
483.9700000000001
 20
-346.33699999999993
 30
0.0
 11
483.67500000000007
 21
-346.31499999999994
 31
0.0
  0
LINE
  5
57
330
17
100
AcDbEntity
  8
0
100
AcDbLine
 10
483.67500000000007
 20
-346.31499999999994
 30
0.0
 11
483.3790000000001
 21
-346.29999999999995
 31
0.0
  0
LINE
  5
58
330
17
100
AcDbEntity
  8
0
100
AcDbLine
 10
483.3790000000001
 20
-346.29999999999995
 30
0.0
 11
483.08200000000005
 21
-346.292
 31
0.0
  0
LINE
  5
59
330
17
100
AcDbEntity
  8
0
100
AcDbLine
 10
483.08200000000005
 20
-346.292
 30
0.0
 11
482.785
 21
-346.291
 31
0.0
  0
LINE
  5
5A
330
17
100
AcDbEntity
  8
0
100
AcDbLine
 10
482.785
 20
-346.291
 30
0.0
 11
482.487
 21
-346.29699999999997
 31
0.0
  0
LINE
  5
5B
330
17
100
AcDbEntity
  8
0
100
AcDbLine
 10
482.487
 20
-346.29699999999997
 30
0.0
 11
482.189
 21
-346.30899999999997
 31
0.0
  0
LINE
  5
5C
330
17
100
AcDbEntity
  8
0
100
AcDbLine
 10
482.189
 20
-346.30899999999997
 30
0.0
 11
481.891
 21
-346.32699999999994
 31
0.0
  0
LINE
  5
5D
330
17
100
AcDbEntity
  8
0
100
AcDbLine
 10
481.891
 20
-346.32699999999994
 30
0.0
 11
481.59200000000004
 21
-346.34999999999997
 31
0.0
  0
LINE
  5
5E
330
17
100
AcDbEntity
  8
0
100
AcDbLine
 10
481.59200000000004
 20
-346.34999999999997
 30
0.0
 11
481.29300000000006
 21
-346.37899999999996
 31
0.0
  0
LINE
  5
5F
330
17
100
AcDbEntity
  8
0
100
AcDbLine
 10
481.29300000000006
 20
-346.37899999999996
 30
0.0
 11
480.9940000000001
 21
-346.41299999999995
 31
0.0
  0
LINE
  5
60
330
17
100
AcDbEntity
  8
0
100
AcDbLine
 10
480.9940000000001
 20
-346.41299999999995
 30
0.0
 11
480.6950000000001
 21
-346.45099999999996
 31
0.0
  0
LINE
  5
61
330
17
100
AcDbEntity
  8
0
100
AcDbLine
 10
480.6950000000001
 20
-346.45099999999996
 30
0.0
 11
480.39600000000013
 21
-346.49399999999997
 31
0.0
  0
LINE
  5
62
330
17
100
AcDbEntity
  8
0
100
AcDbLine
 10
480.39600000000013
 20
-346.49399999999997
 30
0.0
 11
480.09700000000015
 21
-346.541
 31
0.0
  0
LINE
  5
63
330
17
100
AcDbEntity
  8
0
100
AcDbLine
 10
480.09700000000015
 20
-346.541
 30
0.0
 11
479.7980000000002
 21
-346.592
 31
0.0
  0
LINE
  5
64
330
17
100
AcDbEntity
  8
0
100
AcDbLine
 10
479.7980000000002
 20
-346.592
 30
0.0
 11
479.4990000000002
 21
-346.64599999999996
 31
0.0
  0
LINE
  5
65
330
17
100
AcDbEntity
  8
0
100
AcDbLine
 10
479.4990000000002
 20
-346.64599999999996
 30
0.0
 11
479.2010000000002
 21
-346.703
 31
0.0
  0
LINE
  5
66
330
17
100
AcDbEntity
  8
0
100
AcDbLine
 10
479.2010000000002
 20
-346.703
 30
0.0
 11
478.9030000000002
 21
-346.763
 31
0.0
  0
LINE
  5
67
330
17
100
AcDbEntity
  8
0
100
AcDbLine
 10
478.9030000000002
 20
-346.763
 30
0.0
 11
478.60600000000017
 21
-346.825
 31
0.0
  0
LINE
  5
68
330
17
100
AcDbEntity
  8
0
100
AcDbLine
 10
478.60600000000017
 20
-346.825
 30
0.0
 11
478.30900000000014
 21
-346.89
 31
0.0
  0
LINE
  5
69
330
17
100
AcDbEntity
  8
0
100
AcDbLine
 10
478.30900000000014
 20
-346.89
 30
0.0
 11
478.01300000000015
 21
-346.957
 31
0.0
  0
LINE
  5
6A
330
17
100
AcDbEntity
  8
0
100
AcDbLine
 10
478.01300000000015
 20
-346.957
 30
0.0
 11
477.71700000000016
 21
-347.025
 31
0.0
  0
LINE
  5
6B
330
17
100
AcDbEntity
  8
0
100
AcDbLine
 10
477.71700000000016
 20
-347.025
 30
0.0
 11
477.42200000000014
 21
-347.094
 31
0.0
  0
LINE
  5
6C
330
17
100
AcDbEntity
  8
0
100
AcDbLine
 10
477.42200000000014
 20
-347.094
 30
0.0
 11
477.12800000000016
 21
-347.164
 31
0.0
  0
LINE
  5
6D
330
17
100
AcDbEntity
  8
0
100
AcDbLine
 10
477.12800000000016
 20
-347.164
 30
0.0
 11
476.83500000000015
 21
-347.235
 31
0.0
  0
LINE
  5
6E
330
17
100
AcDbEntity
  8
0
100
AcDbLine
 10
476.83500000000015
 20
-347.235
 30
0.0
 11
476.54200000000014
 21
-347.30600000000004
 31
0.0
  0
LINE
  5
6F
330
17
100
AcDbEntity
  8
0
100
AcDbLine
 10
476.54200000000014
 20
-347.30600000000004
 30
0.0
 11
475.38700000000017
 21
-347.588
 31
0.0
  0
LINE
  5
70
330
17
100
AcDbEntity
  8
0
100
AcDbLine
 10
475.38700000000017
 20
-347.588
 30
0.0
 11
474.2320000000002
 21
-347.87
 31
0.0
  0
LINE
  5
71
330
17
100
AcDbEntity
  8
0
100
AcDbLine
 10
474.2320000000002
 20
-347.87
 30
0.0
 11
473.0770000000002
 21
-348.152
 31
0.0
  0
LINE
  5
72
330
17
100
AcDbEntity
  8
0
100
AcDbLine
 10
473.0770000000002
 20
-348.152
 30
0.0
 11
471.92200000000025
 21
-348.43399999999997
 31
0.0
  0
LINE
  5
73
330
17
100
AcDbEntity
  8
0
100
AcDbLine
 10
471.92200000000025
 20
-348.43399999999997
 30
0.0
 11
470.7670000000003
 21
-348.71599999999995
 31
0.0
  0
LINE
  5
74
330
17
100
AcDbEntity
  8
0
100
AcDbLine
 10
470.7670000000003
 20
-348.71599999999995
 30
0.0
 11
469.6120000000003
 21
-348.99799999999993
 31
0.0
  0
LINE
  5
75
330
17
100
AcDbEntity
  8
0
100
AcDbLine
 10
469.6120000000003
 20
-348.99799999999993
 30
0.0
 11
468.45700000000033
 21
-349.2799999999999
 31
0.0
  0
LINE
  5
76
330
17
100
AcDbEntity
  8
0
100
AcDbLine
 10
468.45700000000033
 20
-349.2799999999999
 30
0.0
 11
467.30200000000036
 21
-349.5619999999999
 31
0.0
  0
LINE
  5
77
330
17
100
AcDbEntity
  8
0
100
AcDbLine
 10
467.30200000000036
 20
-349.5619999999999
 30
0.0
 11
466.1470000000004
 21
-349.8439999999999
 31
0.0
  0
LINE
  5
78
330
17
100
AcDbEntity
  8
0
100
AcDbLine
 10
466.1470000000004
 20
-349.8439999999999
 30
0.0
 11
464.9920000000004
 21
-350.12599999999986
 31
0.0
  0
LINE
  5
79
330
17
100
AcDbEntity
  8
0
100
AcDbLine
 10
464.9920000000004
 20
-350.12599999999986
 30
0.0
 11
463.83700000000044
 21
-350.40799999999984
 31
0.0
  0
LINE
  5
7A
330
17
100
AcDbEntity
  8
0
100
AcDbLine
 10
463.83700000000044
 20
-350.40799999999984
 30
0.0
 11
462.68200000000047
 21
-350.6899999999998
 31
0.0
  0
LINE
  5
7B
330
17
100
AcDbEntity
  8
0
100
AcDbLine
 10
462.68200000000047
 20
-350.6899999999998
 30
0.0
 11
461.5270000000005
 21
-350.9719999999998
 31
0.0
  0
LINE
  5
7C
330
17
100
AcDbEntity
  8
0
100
AcDbLine
 10
461.5270000000005
 20
-350.9719999999998
 30
0.0
 11
460.3720000000005
 21
-351.2539999999998
 31
0.0
  0
LINE
  5
7D
330
17
100
AcDbEntity
  8
0
100
AcDbLine
 10
460.3720000000005
 20
-351.2539999999998
 30
0.0
 11
459.21700000000055
 21
-351.5359999999998
 31
0.0
  0
LINE
  5
7E
330
17
100
AcDbEntity
  8
0
100
AcDbLine
 10
459.21700000000055
 20
-351.5359999999998
 30
0.0
 11
458.0620000000006
 21
-351.81799999999976
 31
0.0
  0
LINE
  5
7F
330
17
100
AcDbEntity
  8
0
100
AcDbLine
 10
458.0620000000006
 20
-351.81799999999976
 30
0.0
 11
456.9070000000006
 21
-352.09999999999974
 31
0.0
  0
LINE
  5
80
330
17
100
AcDbEntity
  8
0
100
AcDbLine
 10
456.9070000000006
 20
-352.09999999999974
 30
0.0
 11
455.75200000000063
 21
-352.3819999999997
 31
0.0
  0
LINE
  5
81
330
17
100
AcDbEntity
  8
0
100
AcDbLine
 10
455.75200000000063
 20
-352.3819999999997
 30
0.0
 11
454.59700000000066
 21
-352.6639999999997
 31
0.0
  0
LINE
  5
82
330
17
100
AcDbEntity
  8
0
100
AcDbLine
 10
454.59700000000066
 20
-352.6639999999997
 30
0.0
 11
453.4420000000007
 21
-352.9459999999997
 31
0.0
  0
LINE
  5
83
330
17
100
AcDbEntity
  8
0
100
AcDbLine
 10
453.4420000000007
 20
-352.9459999999997
 30
0.0
 11
452.2870000000007
 21
-353.22799999999967
 31
0.0
  0
LINE
  5
84
330
17
100
AcDbEntity
  8
0
100
AcDbLine
 10
452.2870000000007
 20
-353.22799999999967
 30
0.0
 11
451.13200000000074
 21
-353.50999999999965
 31
0.0
  0
LINE
  5
85
330
17
100
AcDbEntity
  8
0
100
AcDbLine
 10
451.13200000000074
 20
-353.50999999999965
 30
0.0
 11
449.97700000000077
 21
-353.79199999999963
 31
0.0
  0
LINE
  5
86
330
17
100
AcDbEntity
  8
0
100
AcDbLine
 10
449.97700000000077
 20
-353.79199999999963
 30
0.0
 11
448.8220000000008
 21
-354.0739999999996
 31
0.0
  0
LINE
  5
87
330
17
100
AcDbEntity
  8
0
100
AcDbLine
 10
448.8220000000008
 20
-354.0739999999996
 30
0.0
 11
447.6670000000008
 21
-354.3559999999996
 31
0.0
  0
LINE
  5
88
330
17
100
AcDbEntity
  8
0
100
AcDbLine
 10
447.6670000000008
 20
-354.3559999999996
 30
0.0
 11
446.51200000000085
 21
-354.6379999999996
 31
0.0
  0
LINE
  5
89
330
17
100
AcDbEntity
  8
0
100
AcDbLine
 10
446.51200000000085
 20
-354.6379999999996
 30
0.0
 11
445.3570000000009
 21
-354.91999999999956
 31
0.0
  0
LINE
  5
8A
330
17
100
AcDbEntity
  8
0
100
AcDbLine
 10
445.3570000000009
 20
-354.91999999999956
 30
0.0
 11
444.2020000000009
 21
-355.20199999999954
 31
0.0
  0
LINE
  5
8B
330
17
100
AcDbEntity
  8
0
100
AcDbLine
 10
444.2020000000009
 20
-355.20199999999954
 30
0.0
 11
443.04700000000093
 21
-355.4839999999995
 31
0.0
  0
LINE
  5
8C
330
17
100
AcDbEntity
  8
0
100
AcDbLine
 10
443.04700000000093
 20
-355.4839999999995
 30
0.0
 11
441.89200000000096
 21
-355.7659999999995
 31
0.0
  0
LINE
  5
8D
330
17
100
AcDbEntity
  8
0
100
AcDbLine
 10
441.89200000000096
 20
-355.7659999999995
 30
0.0
 11
440.737000000001
 21
-356.0479999999995
 31
0.0
  0
LINE
  5
8E
330
17
100
AcDbEntity
  8
0
100
AcDbLine
 10
440.737000000001
 20
-356.0479999999995
 30
0.0
 11
439.582000000001
 21
-356.3299999999995
 31
0.0
  0
LINE
  5
8F
330
17
100
AcDbEntity
  8
0
100
AcDbLine
 10
439.582000000001
 20
-356.3299999999995
 30
0.0
 11
438.729000000001
 21
-356.53999999999945
 31
0.0
  0
LINE
  5
90
330
17
100
AcDbEntity
  8
0
100
AcDbLine
 10
438.729000000001
 20
-356.53999999999945
 30
0.0
 11
437.872000000001
 21
-356.7529999999995
 31
0.0
  0
LINE
  5
91
330
17
100
AcDbEntity
  8
0
100
AcDbLine
 10
437.872000000001
 20
-356.7529999999995
 30
0.0
 11
437.013000000001
 21
-356.96999999999946
 31
0.0
  0
LINE
  5
92
330
17
100
AcDbEntity
  8
0
100
AcDbLine
 10
437.013000000001
 20
-356.96999999999946
 30
0.0
 11
436.153000000001
 21
-357.19199999999944
 31
0.0
  0
LINE
  5
93
330
17
100
AcDbEntity
  8
0
100
AcDbLine
 10
436.153000000001
 20
-357.19199999999944
 30
0.0
 11
435.292000000001
 21
-357.4189999999994
 31
0.0
  0
LINE
  5
94
330
17
100
AcDbEntity
  8
0
100
AcDbLine
 10
435.292000000001
 20
-357.4189999999994
 30
0.0
 11
434.431000000001
 21
-357.6529999999994
 31
0.0
  0
LINE
  5
95
330
17
100
AcDbEntity
  8
0
100
AcDbLine
 10
434.431000000001
 20
-357.6529999999994
 30
0.0
 11
433.571000000001
 21
-357.8939999999994
 31
0.0
  0
LINE
  5
96
330
17
100
AcDbEntity
  8
0
100
AcDbLine
 10
433.571000000001
 20
-357.8939999999994
 30
0.0
 11
432.713000000001
 21
-358.1429999999994
 31
0.0
  0
LINE
  5
97
330
17
100
AcDbEntity
  8
0
100
AcDbLine
 10
432.713000000001
 20
-358.1429999999994
 30
0.0
 11
431.85800000000097
 21
-358.4009999999994
 31
0.0
  0
LINE
  5
98
330
17
100
AcDbEntity
  8
0
100
AcDbLine
 10
431.85800000000097
 20
-358.4009999999994
 30
0.0
 11
431.006000000001
 21
-358.66899999999936
 31
0.0
  0
LINE
  5
99
330
17
100
AcDbEntity
  8
0
100
AcDbLine
 10
431.006000000001
 20
-358.66899999999936
 30
0.0
 11
430.158000000001
 21
-358.9469999999994
 31
0.0
  0
LINE
  5
9A
330
17
100
AcDbEntity
  8
0
100
AcDbLine
 10
430.158000000001
 20
-358.9469999999994
 30
0.0
 11
429.31500000000096
 21
-359.2369999999994
 31
0.0
  0
LINE
  5
9B
330
17
100
AcDbEntity
  8
0
100
AcDbLine
 10
429.31500000000096
 20
-359.2369999999994
 30
0.0
 11
428.478000000001
 21
-359.5389999999994
 31
0.0
  0
LINE
  5
9C
330
17
100
AcDbEntity
  8
0
100
AcDbLine
 10
428.478000000001
 20
-359.5389999999994
 30
0.0
 11
427.648000000001
 21
-359.8539999999994
 31
0.0
  0
LINE
  5
9D
330
17
100
AcDbEntity
  8
0
100
AcDbLine
 10
427.648000000001
 20
-359.8539999999994
 30
0.0
 11
426.825000000001
 21
-360.1829999999994
 31
0.0
  0
LINE
  5
9E
330
17
100
AcDbEntity
  8
0
100
AcDbLine
 10
426.825000000001
 20
-360.1829999999994
 30
0.0
 11
426.011000000001
 21
-360.52599999999944
 31
0.0
  0
LINE
  5
9F
330
17
100
AcDbEntity
  8
0
100
AcDbLine
 10
426.011000000001
 20
-360.52599999999944
 30
0.0
 11
425.206000000001
 21
-360.8849999999994
 31
0.0
  0
LINE
  5
A0
330
17
100
AcDbEntity
  8
0
100
AcDbLine
 10
425.206000000001
 20
-360.8849999999994
 30
0.0
 11
424.41100000000097
 21
-361.2599999999994
 31
0.0
  0
LINE
  5
A1
330
17
100
AcDbEntity
  8
0
100
AcDbLine
 10
424.41100000000097
 20
-361.2599999999994
 30
0.0
 11
423.627000000001
 21
-361.6519999999994
 31
0.0
  0
LINE
  5
A2
330
17
100
AcDbEntity
  8
0
100
AcDbLine
 10
423.627000000001
 20
-361.6519999999994
 30
0.0
 11
422.85400000000095
 21
-362.06199999999944
 31
0.0
  0
LINE
  5
A3
330
17
100
AcDbEntity
  8
0
100
AcDbLine
 10
422.85400000000095
 20
-362.06199999999944
 30
0.0
 11
422.0930000000009
 21
-362.4909999999994
 31
0.0
  0
LINE
  5
A4
330
17
100
AcDbEntity
  8
0
100
AcDbLine
 10
422.0930000000009
 20
-362.4909999999994
 30
0.0
 11
421.3460000000009
 21
-362.9389999999994
 31
0.0
  0
LINE
  5
A5
330
17
100
AcDbEntity
  8
0
100
AcDbLine
 10
421.3460000000009
 20
-362.9389999999994
 30
0.0
 11
420.6130000000009
 21
-363.4069999999994
 31
0.0
  0
LINE
  5
A6
330
17
100
AcDbEntity
  8
0
100
AcDbLine
 10
420.6130000000009
 20
-363.4069999999994
 30
0.0
 11
419.8940000000009
 21
-363.8969999999994
 31
0.0
  0
LINE
  5
A7
330
17
100
AcDbEntity
  8
0
100
AcDbLine
 10
419.8940000000009
 20
-363.8969999999994
 30
0.0
 11
419.19100000000094
 21
-364.40799999999945
 31
0.0
  0
LINE
  5
A8
330
17
100
AcDbEntity
  8
0
100
AcDbLine
 10
419.19100000000094
 20
-364.40799999999945
 30
0.0
 11
418.50400000000093
 21
-364.94199999999944
 31
0.0
  0
LINE
  5
A9
330
17
100
AcDbEntity
  8
0
100
AcDbLine
 10
418.50400000000093
 20
-364.94199999999944
 30
0.0
 11
417.83500000000095
 21
-365.49999999999943
 31
0.0
  0
LINE
  5
AA
330
17
100
AcDbEntity
  8
0
100
AcDbLine
 10
417.83500000000095
 20
-365.49999999999943
 30
0.0
 11
417.18400000000094
 21
-366.0819999999994
 31
0.0
  0
LINE
  5
AB
330
17
100
AcDbEntity
  8
0
100
AcDbLine
 10
417.18400000000094
 20
-366.0819999999994
 30
0.0
 11
416.55100000000095
 21
-366.68899999999945
 31
0.0
  0
LINE
  5
AC
330
17
100
AcDbEntity
  8
0
100
AcDbLine
 10
416.55100000000095
 20
-366.68899999999945
 30
0.0
 11
415.93800000000095
 21
-367.32199999999943
 31
0.0
  0
LINE
  5
AD
330
17
100
AcDbEntity
  8
0
100
AcDbLine
 10
415.93800000000095
 20
-367.32199999999943
 30
0.0
 11
415.34600000000097
 21
-367.98199999999946
 31
0.0
  0
LINE
  5
AE
330
17
100
AcDbEntity
  8
0
100
AcDbLine
 10
415.34600000000097
 20
-367.98199999999946
 30
0.0
 11
414.77500000000094
 21
-368.66999999999945
 31
0.0
  0
LINE
  5
AF
330
17
100
AcDbEntity
  8
0
100
AcDbLine
 10
414.77500000000094
 20
-368.66999999999945
 30
0.0
 11
414.1050000000009
 21
-369.55199999999945
 31
0.0
  0
LINE
  5
B0
330
17
100
AcDbEntity
  8
0
100
AcDbLine
 10
414.1050000000009
 20
-369.55199999999945
 30
0.0
 11
413.48200000000094
 21
-370.4569999999994
 31
0.0
  0
LINE
  5
B1
330
17
100
AcDbEntity
  8
0
100
AcDbLine
 10
413.48200000000094
 20
-370.4569999999994
 30
0.0
 11
412.90400000000096
 21
-371.3849999999994
 31
0.0
  0
LINE
  5
B2
330
17
100
AcDbEntity
  8
0
100
AcDbLine
 10
412.90400000000096
 20
-371.3849999999994
 30
0.0
 11
412.37000000000097
 21
-372.3349999999994
 31
0.0
  0
LINE
  5
B3
330
17
100
AcDbEntity
  8
0
100
AcDbLine
 10
412.37000000000097
 20
-372.3349999999994
 30
0.0
 11
411.879000000001
 21
-373.30499999999944
 31
0.0
  0
LINE
  5
B4
330
17
100
AcDbEntity
  8
0
100
AcDbLine
 10
411.879000000001
 20
-373.30499999999944
 30
0.0
 11
411.429000000001
 21
-374.29499999999945
 31
0.0
  0
LINE
  5
B5
330
17
100
AcDbEntity
  8
0
100
AcDbLine
 10
411.429000000001
 20
-374.29499999999945
 30
0.0
 11
411.019000000001
 21
-375.30299999999943
 31
0.0
  0
LINE
  5
B6
330
17
100
AcDbEntity
  8
0
100
AcDbLine
 10
411.019000000001
 20
-375.30299999999943
 30
0.0
 11
410.648000000001
 21
-376.32899999999944
 31
0.0
  0
LINE
  5
B7
330
17
100
AcDbEntity
  8
0
100
AcDbLine
 10
410.648000000001
 20
-376.32899999999944
 30
0.0
 11
410.314000000001
 21
-377.3709999999994
 31
0.0
  0
LINE
  5
B8
330
17
100
AcDbEntity
  8
0
100
AcDbLine
 10
410.314000000001
 20
-377.3709999999994
 30
0.0
 11
410.016000000001
 21
-378.42799999999943
 31
0.0
  0
LINE
  5
B9
330
17
100
AcDbEntity
  8
0
100
AcDbLine
 10
410.016000000001
 20
-378.42799999999943
 30
0.0
 11
409.752000000001
 21
-379.49899999999946
 31
0.0
  0
LINE
  5
BA
330
17
100
AcDbEntity
  8
0
100
AcDbLine
 10
409.752000000001
 20
-379.49899999999946
 30
0.0
 11
409.521000000001
 21
-380.58399999999943
 31
0.0
  0
LINE
  5
BB
330
17
100
AcDbEntity
  8
0
100
AcDbLine
 10
409.521000000001
 20
-380.58399999999943
 30
0.0
 11
409.32200000000097
 21
-381.6809999999994
 31
0.0
  0
LINE
  5
BC
330
17
100
AcDbEntity
  8
0
100
AcDbLine
 10
409.32200000000097
 20
-381.6809999999994
 30
0.0
 11
409.153000000001
 21
-382.7889999999994
 31
0.0
  0
LINE
  5
BD
330
17
100
AcDbEntity
  8
0
100
AcDbLine
 10
409.153000000001
 20
-382.7889999999994
 30
0.0
 11
409.013000000001
 21
-383.9069999999994
 31
0.0
  0
LINE
  5
BE
330
17
100
AcDbEntity
  8
0
100
AcDbLine
 10
409.013000000001
 20
-383.9069999999994
 30
0.0
 11
408.901000000001
 21
-385.0339999999994
 31
0.0
  0
LINE
  5
BF
330
17
100
AcDbEntity
  8
0
100
AcDbLine
 10
408.901000000001
 20
-385.0339999999994
 30
0.0
 11
408.81500000000096
 21
-386.1689999999994
 31
0.0
  0
LINE
  5
C0
330
17
100
AcDbEntity
  8
0
100
AcDbLine
 10
408.81500000000096
 20
-386.1689999999994
 30
0.0
 11
408.754000000001
 21
-387.30999999999943
 31
0.0
  0
LINE
  5
C1
330
17
100
AcDbEntity
  8
0
100
AcDbLine
 10
408.754000000001
 20
-387.30999999999943
 30
0.0
 11
408.717000000001
 21
-388.4569999999994
 31
0.0
  0
LINE
  5
C2
330
17
100
AcDbEntity
  8
0
100
AcDbLine
 10
408.717000000001
 20
-388.4569999999994
 30
0.0
 11
408.702000000001
 21
-389.6089999999994
 31
0.0
  0
LINE
  5
C3
330
17
100
AcDbEntity
  8
0
100
AcDbLine
 10
408.702000000001
 20
-389.6089999999994
 30
0.0
 11
408.708000000001
 21
-390.7639999999994
 31
0.0
  0
LINE
  5
C4
330
17
100
AcDbEntity
  8
0
100
AcDbLine
 10
408.708000000001
 20
-390.7639999999994
 30
0.0
 11
408.73300000000097
 21
-391.9219999999994
 31
0.0
  0
LINE
  5
C5
330
17
100
AcDbEntity
  8
0
100
AcDbLine
 10
408.73300000000097
 20
-391.9219999999994
 30
0.0
 11
408.776000000001
 21
-393.0819999999994
 31
0.0
  0
LINE
  5
C6
330
17
100
AcDbEntity
  8
0
100
AcDbLine
 10
408.776000000001
 20
-393.0819999999994
 30
0.0
 11
408.836000000001
 21
-394.24199999999945
 31
0.0
  0
LINE
  5
C7
330
17
100
AcDbEntity
  8
0
100
AcDbLine
 10
408.836000000001
 20
-394.24199999999945
 30
0.0
 11
408.91100000000097
 21
-395.4019999999995
 31
0.0
  0
LINE
  5
C8
330
17
100
AcDbEntity
  8
0
100
AcDbLine
 10
408.91100000000097
 20
-395.4019999999995
 30
0.0
 11
409.00000000000097
 21
-396.5599999999995
 31
0.0
  0
LINE
  5
C9
330
17
100
AcDbEntity
  8
0
100
AcDbLine
 10
409.00000000000097
 20
-396.5599999999995
 30
0.0
 11
409.10200000000094
 21
-397.71499999999946
 31
0.0
  0
LINE
  5
CA
330
17
100
AcDbEntity
  8
0
100
AcDbLine
 10
409.10200000000094
 20
-397.71499999999946
 30
0.0
 11
409.21500000000094
 21
-398.8659999999995
 31
0.0
  0
LINE
  5
CB
330
17
100
AcDbEntity
  8
0
100
AcDbLine
 10
409.21500000000094
 20
-398.8659999999995
 30
0.0
 11
409.33800000000093
 21
-400.01299999999947
 31
0.0
  0
LINE
  5
CC
330
17
100
AcDbEntity
  8
0
100
AcDbLine
 10
409.33800000000093
 20
-400.01299999999947
 30
0.0
 11
409.47000000000094
 21
-401.1539999999995
 31
0.0
  0
LINE
  5
CD
330
17
100
AcDbEntity
  8
0
100
AcDbLine
 10
409.47000000000094
 20
-401.1539999999995
 30
0.0
 11
409.60900000000095
 21
-402.2879999999995
 31
0.0
  0
LINE
  5
CE
330
17
100
AcDbEntity
  8
0
100
AcDbLine
 10
409.60900000000095
 20
-402.2879999999995
 30
0.0
 11
409.75300000000095
 21
-403.4139999999995
 31
0.0
  0
LINE
  5
CF
330
17
100
AcDbEntity
  8
0
100
AcDbLine
 10
409.75300000000095
 20
-403.4139999999995
 30
0.0
 11
410.23100000000096
 21
-406.9929999999995
 31
0.0
  0
LINE
  5
D0
330
17
100
AcDbEntity
  8
0
100
AcDbLine
 10
410.23100000000096
 20
-406.9929999999995
 30
0.0
 11
410.711000000001
 21
-410.4509999999995
 31
0.0
  0
LINE
  5
D1
330
17
100
AcDbEntity
  8
0
100
AcDbLine
 10
410.711000000001
 20
-410.4509999999995
 30
0.0
 11
411.19500000000096
 21
-413.7939999999995
 31
0.0
  0
LINE
  5
D2
330
17
100
AcDbEntity
  8
0
100
AcDbLine
 10
411.19500000000096
 20
-413.7939999999995
 30
0.0
 11
411.68400000000094
 21
-417.03099999999955
 31
0.0
  0
LINE
  5
D3
330
17
100
AcDbEntity
  8
0
100
AcDbLine
 10
411.68400000000094
 20
-417.03099999999955
 30
0.0
 11
412.1800000000009
 21
-420.16999999999956
 31
0.0
  0
LINE
  5
D4
330
17
100
AcDbEntity
  8
0
100
AcDbLine
 10
412.1800000000009
 20
-420.16999999999956
 30
0.0
 11
412.68400000000094
 21
-423.21799999999956
 31
0.0
  0
LINE
  5
D5
330
17
100
AcDbEntity
  8
0
100
AcDbLine
 10
412.68400000000094
 20
-423.21799999999956
 30
0.0
 11
413.19600000000094
 21
-426.18299999999954
 31
0.0
  0
LINE
  5
D6
330
17
100
AcDbEntity
  8
0
100
AcDbLine
 10
413.19600000000094
 20
-426.18299999999954
 30
0.0
 11
413.71900000000096
 21
-429.07199999999955
 31
0.0
  0
LINE
  5
D7
330
17
100
AcDbEntity
  8
0
100
AcDbLine
 10
413.71900000000096
 20
-429.07199999999955
 30
0.0
 11
414.25300000000095
 21
-431.89399999999955
 31
0.0
  0
LINE
  5
D8
330
17
100
AcDbEntity
  8
0
100
AcDbLine
 10
414.25300000000095
 20
-431.89399999999955
 30
0.0
 11
414.800000000001
 21
-434.65599999999955
 31
0.0
  0
LINE
  5
D9
330
17
100
AcDbEntity
  8
0
100
AcDbLine
 10
414.800000000001
 20
-434.65599999999955
 30
0.0
 11
415.36100000000096
 21
-437.36599999999953
 31
0.0
  0
LINE
  5
DA
330
17
100
AcDbEntity
  8
0
100
AcDbLine
 10
415.36100000000096
 20
-437.36599999999953
 30
0.0
 11
415.937000000001
 21
-440.0319999999995
 31
0.0
  0
LINE
  5
DB
330
17
100
AcDbEntity
  8
0
100
AcDbLine
 10
415.937000000001
 20
-440.0319999999995
 30
0.0
 11
416.530000000001
 21
-442.66099999999955
 31
0.0
  0
LINE
  5
DC
330
17
100
AcDbEntity
  8
0
100
AcDbLine
 10
416.530000000001
 20
-442.66099999999955
 30
0.0
 11
417.140000000001
 21
-445.26099999999957
 31
0.0
  0
LINE
  5
DD
330
17
100
AcDbEntity
  8
0
100
AcDbLine
 10
417.140000000001
 20
-445.26099999999957
 30
0.0
 11
417.770000000001
 21
-447.8399999999996
 31
0.0
  0
LINE
  5
DE
330
17
100
AcDbEntity
  8
0
100
AcDbLine
 10
417.770000000001
 20
-447.8399999999996
 30
0.0
 11
418.420000000001
 21
-450.40599999999955
 31
0.0
  0
LINE
  5
DF
330
17
100
AcDbEntity
  8
0
100
AcDbLine
 10
418.420000000001
 20
-450.40599999999955
 30
0.0
 11
419.091000000001
 21
-452.96699999999953
 31
0.0
  0
LINE
  5
E0
330
17
100
AcDbEntity
  8
0
100
AcDbLine
 10
419.091000000001
 20
-452.96699999999953
 30
0.0
 11
419.785000000001
 21
-455.5299999999995
 31
0.0
  0
LINE
  5
E1
330
17
100
AcDbEntity
  8
0
100
AcDbLine
 10
419.785000000001
 20
-455.5299999999995
 30
0.0
 11
420.503000000001
 21
-458.1029999999995
 31
0.0
  0
LINE
  5
E2
330
17
100
AcDbEntity
  8
0
100
AcDbLine
 10
420.503000000001
 20
-458.1029999999995
 30
0.0
 11
421.24700000000104
 21
-460.6939999999995
 31
0.0
  0
LINE
  5
E3
330
17
100
AcDbEntity
  8
0
100
AcDbLine
 10
421.24700000000104
 20
-460.6939999999995
 30
0.0
 11
422.017000000001
 21
-463.3109999999995
 31
0.0
  0
LINE
  5
E4
330
17
100
AcDbEntity
  8
0
100
AcDbLine
 10
422.017000000001
 20
-463.3109999999995
 30
0.0
 11
422.815000000001
 21
-465.9609999999995
 31
0.0
  0
LINE
  5
E5
330
17
100
AcDbEntity
  8
0
100
AcDbLine
 10
422.815000000001
 20
-465.9609999999995
 30
0.0
 11
423.643000000001
 21
-468.6519999999995
 31
0.0
  0
LINE
  5
E6
330
17
100
AcDbEntity
  8
0
100
AcDbLine
 10
423.643000000001
 20
-468.6519999999995
 30
0.0
 11
424.501000000001
 21
-471.3919999999995
 31
0.0
  0
LINE
  5
E7
330
17
100
AcDbEntity
  8
0
100
AcDbLine
 10
424.501000000001
 20
-471.3919999999995
 30
0.0
 11
425.391000000001
 21
-474.1889999999995
 31
0.0
  0
LINE
  5
E8
330
17
100
AcDbEntity
  8
0
100
AcDbLine
 10
425.391000000001
 20
-474.1889999999995
 30
0.0
 11
426.314000000001
 21
-477.0499999999995
 31
0.0
  0
LINE
  5
E9
330
17
100
AcDbEntity
  8
0
100
AcDbLine
 10
426.314000000001
 20
-477.0499999999995
 30
0.0
 11
427.271000000001
 21
-479.9829999999995
 31
0.0
  0
LINE
  5
EA
330
17
100
AcDbEntity
  8
0
100
AcDbLine
 10
427.271000000001
 20
-479.9829999999995
 30
0.0
 11
428.263000000001
 21
-482.99599999999947
 31
0.0
  0
LINE
  5
EB
330
17
100
AcDbEntity
  8
0
100
AcDbLine
 10
428.263000000001
 20
-482.99599999999947
 30
0.0
 11
429.292000000001
 21
-486.09699999999947
 31
0.0
  0
LINE
  5
EC
330
17
100
AcDbEntity
  8
0
100
AcDbLine
 10
429.292000000001
 20
-486.09699999999947
 30
0.0
 11
430.359000000001
 21
-489.2929999999995
 31
0.0
  0
LINE
  5
ED
330
17
100
AcDbEntity
  8
0
100
AcDbLine
 10
430.359000000001
 20
-489.2929999999995
 30
0.0
 11
431.46600000000103
 21
-492.5919999999995
 31
0.0
  0
LINE
  5
EE
330
17
100
AcDbEntity
  8
0
100
AcDbLine
 10
431.46600000000103
 20
-492.5919999999995
 30
0.0
 11
432.613000000001
 21
-496.0019999999995
 31
0.0
  0
LINE
  5
EF
330
17
100
AcDbEntity
  8
0
100
AcDbLine
 10
432.613000000001
 20
-496.0019999999995
 30
0.0
 11
432.774000000001
 21
-496.4489999999995
 31
0.0
  0
LINE
  5
F0
330
17
100
AcDbEntity
  8
0
100
AcDbLine
 10
432.774000000001
 20
-496.4489999999995
 30
0.0
 11
432.95100000000105
 21
-496.8859999999995
 31
0.0
  0
LINE
  5
F1
330
17
100
AcDbEntity
  8
0
100
AcDbLine
 10
432.95100000000105
 20
-496.8859999999995
 30
0.0
 11
433.14400000000103
 21
-497.3119999999995
 31
0.0
  0
LINE
  5
F2
330
17
100
AcDbEntity
  8
0
100
AcDbLine
 10
433.14400000000103
 20
-497.3119999999995
 30
0.0
 11
433.35200000000106
 21
-497.7269999999995
 31
0.0
  0
LINE
  5
F3
330
17
100
AcDbEntity
  8
0
100
AcDbLine
 10
433.35200000000106
 20
-497.7269999999995
 30
0.0
 11
433.57500000000107
 21
-498.1309999999995
 31
0.0
  0
LINE
  5
F4
330
17
100
AcDbEntity
  8
0
100
AcDbLine
 10
433.57500000000107
 20
-498.1309999999995
 30
0.0
 11
433.81300000000107
 21
-498.5229999999995
 31
0.0
  0
LINE
  5
F5
330
17
100
AcDbEntity
  8
0
100
AcDbLine
 10
433.81300000000107
 20
-498.5229999999995
 30
0.0
 11
434.0650000000011
 21
-498.9029999999995
 31
0.0
  0
LINE
  5
F6
330
17
100
AcDbEntity
  8
0
100
AcDbLine
 10
434.0650000000011
 20
-498.9029999999995
 30
0.0
 11
434.3310000000011
 21
-499.2709999999995
 31
0.0
  0
LINE
  5
F7
330
17
100
AcDbEntity
  8
0
100
AcDbLine
 10
434.3310000000011
 20
-499.2709999999995
 30
0.0
 11
434.6100000000011
 21
-499.6259999999995
 31
0.0
  0
LINE
  5
F8
330
17
100
AcDbEntity
  8
0
100
AcDbLine
 10
434.6100000000011
 20
-499.6259999999995
 30
0.0
 11
434.90200000000107
 21
-499.9679999999995
 31
0.0
  0
LINE
  5
F9
330
17
100
AcDbEntity
  8
0
100
AcDbLine
 10
434.90200000000107
 20
-499.9679999999995
 30
0.0
 11
435.20600000000104
 21
-500.2969999999995
 31
0.0
  0
LINE
  5
FA
330
17
100
AcDbEntity
  8
0
100
AcDbLine
 10
435.20600000000104
 20
-500.2969999999995
 30
0.0
 11
435.522000000001
 21
-500.6119999999995
 31
0.0
  0
LINE
  5
FB
330
17
100
AcDbEntity
  8
0
100
AcDbLine
 10
435.522000000001
 20
-500.6119999999995
 30
0.0
 11
435.849000000001
 21
-500.9129999999995
 31
0.0
  0
LINE
  5
FC
330
17
100
AcDbEntity
  8
0
100
AcDbLine
 10
435.849000000001
 20
-500.9129999999995
 30
0.0
 11
436.18700000000104
 21
-501.1999999999995
 31
0.0
  0
LINE
  5
FD
330
17
100
AcDbEntity
  8
0
100
AcDbLine
 10
436.18700000000104
 20
-501.1999999999995
 30
0.0
 11
436.53500000000105
 21
-501.47199999999947
 31
0.0
  0
LINE
  5
FE
330
17
100
AcDbEntity
  8
0
100
AcDbLine
 10
436.53500000000105
 20
-501.47199999999947
 30
0.0
 11
436.89300000000105
 21
-501.7289999999995
 31
0.0
  0
LINE
  5
FF
330
17
100
AcDbEntity
  8
0
100
AcDbLine
 10
436.89300000000105
 20
-501.7289999999995
 30
0.0
 11
437.26100000000105
 21
-501.9709999999995
 31
0.0
  0
LINE
  5
100
330
17
100
AcDbEntity
  8
0
100
AcDbLine
 10
437.26100000000105
 20
-501.9709999999995
 30
0.0
 11
437.63800000000106
 21
-502.19799999999947
 31
0.0
  0
LINE
  5
101
330
17
100
AcDbEntity
  8
0
100
AcDbLine
 10
437.63800000000106
 20
-502.19799999999947
 30
0.0
 11
438.0240000000011
 21
-502.4089999999995
 31
0.0
  0
LINE
  5
102
330
17
100
AcDbEntity
  8
0
100
AcDbLine
 10
438.0240000000011
 20
-502.4089999999995
 30
0.0
 11
438.4180000000011
 21
-502.6029999999995
 31
0.0
  0
LINE
  5
103
330
17
100
AcDbEntity
  8
0
100
AcDbLine
 10
438.4180000000011
 20
-502.6029999999995
 30
0.0
 11
438.8200000000011
 21
-502.7809999999995
 31
0.0
  0
LINE
  5
104
330
17
100
AcDbEntity
  8
0
100
AcDbLine
 10
438.8200000000011
 20
-502.7809999999995
 30
0.0
 11
439.22900000000107
 21
-502.9419999999995
 31
0.0
  0
LINE
  5
105
330
17
100
AcDbEntity
  8
0
100
AcDbLine
 10
439.22900000000107
 20
-502.9419999999995
 30
0.0
 11
439.64500000000106
 21
-503.0859999999995
 31
0.0
  0
LINE
  5
106
330
17
100
AcDbEntity
  8
0
100
AcDbLine
 10
439.64500000000106
 20
-503.0859999999995
 30
0.0
 11
440.0670000000011
 21
-503.2119999999995
 31
0.0
  0
LINE
  5
107
330
17
100
AcDbEntity
  8
0
100
AcDbLine
 10
440.0670000000011
 20
-503.2119999999995
 30
0.0
 11
440.4950000000011
 21
-503.32099999999946
 31
0.0
  0
LINE
  5
108
330
17
100
AcDbEntity
  8
0
100
AcDbLine
 10
440.4950000000011
 20
-503.32099999999946
 30
0.0
 11
440.9280000000011
 21
-503.41099999999943
 31
0.0
  0
LINE
  5
109
330
17
100
AcDbEntity
  8
0
100
AcDbLine
 10
440.9280000000011
 20
-503.41099999999943
 30
0.0
 11
441.36600000000107
 21
-503.48299999999944
 31
0.0
  0
LINE
  5
10A
330
17
100
AcDbEntity
  8
0
100
AcDbLine
 10
441.36600000000107
 20
-503.48299999999944
 30
0.0
 11
441.80900000000105
 21
-503.53599999999943
 31
0.0
  0
LINE
  5
10B
330
17
100
AcDbEntity
  8
0
100
AcDbLine
 10
441.80900000000105
 20
-503.53599999999943
 30
0.0
 11
442.25600000000105
 21
-503.5699999999994
 31
0.0
  0
LINE
  5
10C
330
17
100
AcDbEntity
  8
0
100
AcDbLine
 10
442.25600000000105
 20
-503.5699999999994
 30
0.0
 11
442.7070000000011
 21
-503.5849999999994
 31
0.0
  0
LINE
  5
10D
330
17
100
AcDbEntity
  8
0
100
AcDbLine
 10
442.7070000000011
 20
-503.5849999999994
 30
0.0
 11
443.1610000000011
 21
-503.5799999999994
 31
0.0
  0
LINE
  5
10E
330
17
100
AcDbEntity
  8
0
100
AcDbLine
 10
443.1610000000011
 20
-503.5799999999994
 30
0.0
 11
443.6170000000011
 21
-503.55499999999944
 31
0.0
  0
LINE
  5
10F
330
17
100
AcDbEntity
  8
0
100
AcDbLine
 10
443.6170000000011
 20
-503.55499999999944
 30
0.0
 11
443.7220000000011
 21
-503.54699999999946
 31
0.0
  0
LINE
  5
110
330
17
100
AcDbEntity
  8
0
100
AcDbLine
 10
443.7220000000011
 20
-503.54699999999946
 30
0.0
 11
443.82700000000114
 21
-503.5389999999995
 31
0.0
  0
LINE
  5
111
330
17
100
AcDbEntity
  8
0
100
AcDbLine
 10
443.82700000000114
 20
-503.5389999999995
 30
0.0
 11
443.93200000000115
 21
-503.5309999999995
 31
0.0
  0
LINE
  5
112
330
17
100
AcDbEntity
  8
0
100
AcDbLine
 10
443.93200000000115
 20
-503.5309999999995
 30
0.0
 11
444.03700000000117
 21
-503.5229999999995
 31
0.0
  0
LINE
  5
113
330
17
100
AcDbEntity
  8
0
100
AcDbLine
 10
444.03700000000117
 20
-503.5229999999995
 30
0.0
 11
444.1420000000012
 21
-503.51499999999953
 31
0.0
  0
LINE
  5
114
330
17
100
AcDbEntity
  8
0
100
AcDbLine
 10
444.1420000000012
 20
-503.51499999999953
 30
0.0
 11
444.2470000000012
 21
-503.50699999999955
 31
0.0
  0
LINE
  5
115
330
17
100
AcDbEntity
  8
0
100
AcDbLine
 10
444.2470000000012
 20
-503.50699999999955
 30
0.0
 11
444.3520000000012
 21
-503.49899999999957
 31
0.0
  0
LINE
  5
116
330
17
100
AcDbEntity
  8
0
100
AcDbLine
 10
444.3520000000012
 20
-503.49899999999957
 30
0.0
 11
444.45700000000124
 21
-503.4909999999996
 31
0.0
  0
LINE
  5
117
330
17
100
AcDbEntity
  8
0
100
AcDbLine
 10
444.45700000000124
 20
-503.4909999999996
 30
0.0
 11
444.56200000000126
 21
-503.4829999999996
 31
0.0
  0
LINE
  5
118
330
17
100
AcDbEntity
  8
0
100
AcDbLine
 10
444.56200000000126
 20
-503.4829999999996
 30
0.0
 11
444.6670000000013
 21
-503.4749999999996
 31
0.0
  0
LINE
  5
119
330
17
100
AcDbEntity
  8
0
100
AcDbLine
 10
444.6670000000013
 20
-503.4749999999996
 30
0.0
 11
444.7720000000013
 21
-503.46699999999964
 31
0.0
  0
LINE
  5
11A
330
17
100
AcDbEntity
  8
0
100
AcDbLine
 10
444.7720000000013
 20
-503.46699999999964
 30
0.0
 11
444.8770000000013
 21
-503.45899999999966
 31
0.0
  0
LINE
  5
11B
330
17
100
AcDbEntity
  8
0
100
AcDbLine
 10
444.8770000000013
 20
-503.45899999999966
 30
0.0
 11
444.98200000000134
 21
-503.4509999999997
 31
0.0
  0
LINE
  5
11C
330
17
100
AcDbEntity
  8
0
100
AcDbLine
 10
444.98200000000134
 20
-503.4509999999997
 30
0.0
 11
445.08700000000135
 21
-503.4429999999997
 31
0.0
  0
LINE
  5
11D
330
17
100
AcDbEntity
  8
0
100
AcDbLine
 10
445.08700000000135
 20
-503.4429999999997
 30
0.0
 11
445.19200000000137
 21
-503.4349999999997
 31
0.0
  0
LINE
  5
11E
330
17
100
AcDbEntity
  8
0
100
AcDbLine
 10
445.19200000000137
 20
-503.4349999999997
 30
0.0
 11
445.2970000000014
 21
-503.42699999999974
 31
0.0
  0
LINE
  5
11F
330
17
100
AcDbEntity
  8
0
100
AcDbLine
 10
445.2970000000014
 20
-503.42699999999974
 30
0.0
 11
445.4020000000014
 21
-503.41899999999976
 31
0.0
  0
LINE
  5
120
330
17
100
AcDbEntity
  8
0
100
AcDbLine
 10
445.4020000000014
 20
-503.41899999999976
 30
0.0
 11
445.5070000000014
 21
-503.4109999999998
 31
0.0
  0
LINE
  5
121
330
17
100
AcDbEntity
  8
0
100
AcDbLine
 10
445.5070000000014
 20
-503.4109999999998
 30
0.0
 11
445.6110000000014
 21
-503.4029999999998
 31
0.0
  0
LINE
  5
122
330
17
100
AcDbEntity
  8
0
100
AcDbLine
 10
445.6110000000014
 20
-503.4029999999998
 30
0.0
 11
445.7150000000014
 21
-503.3949999999998
 31
0.0
  0
LINE
  5
123
330
17
100
AcDbEntity
  8
0
100
AcDbLine
 10
445.7150000000014
 20
-503.3949999999998
 30
0.0
 11
445.8190000000014
 21
-503.38699999999983
 31
0.0
  0
LINE
  5
124
330
17
100
AcDbEntity
  8
0
100
AcDbLine
 10
445.8190000000014
 20
-503.38699999999983
 30
0.0
 11
445.92300000000137
 21
-503.37899999999985
 31
0.0
  0
LINE
  5
125
330
17
100
AcDbEntity
  8
0
100
AcDbLine
 10
445.92300000000137
 20
-503.37899999999985
 30
0.0
 11
446.02700000000135
 21
-503.37099999999987
 31
0.0
  0
LINE
  5
126
330
17
100
AcDbEntity
  8
0
100
AcDbLine
 10
446.02700000000135
 20
-503.37099999999987
 30
0.0
 11
446.13100000000134
 21
-503.3629999999999
 31
0.0
  0
LINE
  5
127
330
17
100
AcDbEntity
  8
0
100
AcDbLine
 10
446.13100000000134
 20
-503.3629999999999
 30
0.0
 11
446.2350000000013
 21
-503.35399999999987
 31
0.0
  0
LINE
  5
128
330
17
100
AcDbEntity
  8
0
100
AcDbLine
 10
446.2350000000013
 20
-503.35399999999987
 30
0.0
 11
446.3390000000013
 21
-503.34499999999986
 31
0.0
  0
LINE
  5
129
330
17
100
AcDbEntity
  8
0
100
AcDbLine
 10
446.3390000000013
 20
-503.34499999999986
 30
0.0
 11
446.4420000000013
 21
-503.33599999999984
 31
0.0
  0
LINE
  5
12A
330
17
100
AcDbEntity
  8
0
100
AcDbLine
 10
446.4420000000013
 20
-503.33599999999984
 30
0.0
 11
446.5450000000013
 21
-503.3269999999998
 31
0.0
  0
LINE
  5
12B
330
17
100
AcDbEntity
  8
0
100
AcDbLine
 10
446.5450000000013
 20
-503.3269999999998
 30
0.0
 11
446.64800000000133
 21
-503.3179999999998
 31
0.0
  0
LINE
  5
12C
330
17
100
AcDbEntity
  8
0
100
AcDbLine
 10
446.64800000000133
 20
-503.3179999999998
 30
0.0
 11
446.75100000000134
 21
-503.3089999999998
 31
0.0
  0
LINE
  5
12D
330
17
100
AcDbEntity
  8
0
100
AcDbLine
 10
446.75100000000134
 20
-503.3089999999998
 30
0.0
 11
446.85400000000135
 21
-503.2999999999998
 31
0.0
  0
LINE
  5
12E
330
17
100
AcDbEntity
  8
0
100
AcDbLine
 10
446.85400000000135
 20
-503.2999999999998
 30
0.0
 11
446.95700000000136
 21
-503.29099999999977
 31
0.0
  0
LINE
  5
12F
330
17
100
AcDbEntity
  8
0
100
AcDbLine
 10
446.95700000000136
 20
-503.29099999999977
 30
0.0
 11
447.16900000000135
 21
-503.2689999999998
 31
0.0
  0
LINE
  5
130
330
17
100
AcDbEntity
  8
0
100
AcDbLine
 10
447.16900000000135
 20
-503.2689999999998
 30
0.0
 11
447.3790000000013
 21
-503.2389999999998
 31
0.0
  0
LINE
  5
131
330
17
100
AcDbEntity
  8
0
100
AcDbLine
 10
447.3790000000013
 20
-503.2389999999998
 30
0.0
 11
447.58700000000135
 21
-503.2009999999998
 31
0.0
  0
LINE
  5
132
330
17
100
AcDbEntity
  8
0
100
AcDbLine
 10
447.58700000000135
 20
-503.2009999999998
 30
0.0
 11
447.79300000000137
 21
-503.1559999999998
 31
0.0
  0
LINE
  5
133
330
17
100
AcDbEntity
  8
0
100
AcDbLine
 10
447.79300000000137
 20
-503.1559999999998
 30
0.0
 11
447.9970000000014
 21
-503.1029999999998
 31
0.0
  0
LINE
  5
134
330
17
100
AcDbEntity
  8
0
100
AcDbLine
 10
447.9970000000014
 20
-503.1029999999998
 30
0.0
 11
448.1980000000014
 21
-503.0429999999998
 31
0.0
  0
LINE
  5
135
330
17
100
AcDbEntity
  8
0
100
AcDbLine
 10
448.1980000000014
 20
-503.0429999999998
 30
0.0
 11
448.3970000000014
 21
-502.9759999999998
 31
0.0
  0
LINE
  5
136
330
17
100
AcDbEntity
  8
0
100
AcDbLine
 10
448.3970000000014
 20
-502.9759999999998
 30
0.0
 11
448.59300000000144
 21
-502.9009999999998
 31
0.0
  0
LINE
  5
137
330
17
100
AcDbEntity
  8
0
100
AcDbLine
 10
448.59300000000144
 20
-502.9009999999998
 30
0.0
 11
448.7860000000014
 21
-502.8189999999998
 31
0.0
  0
LINE
  5
138
330
17
100
AcDbEntity
  8
0
100
AcDbLine
 10
448.7860000000014
 20
-502.8189999999998
 30
0.0
 11
448.97500000000144
 21
-502.7299999999998
 31
0.0
  0
LINE
  5
139
330
17
100
AcDbEntity
  8
0
100
AcDbLine
 10
448.97500000000144
 20
-502.7299999999998
 30
0.0
 11
449.1610000000014
 21
-502.63499999999976
 31
0.0
  0
LINE
  5
13A
330
17
100
AcDbEntity
  8
0
100
AcDbLine
 10
449.1610000000014
 20
-502.63499999999976
 30
0.0
 11
449.34300000000144
 21
-502.5329999999998
 31
0.0
  0
LINE
  5
13B
330
17
100
AcDbEntity
  8
0
100
AcDbLine
 10
449.34300000000144
 20
-502.5329999999998
 30
0.0
 11
449.5220000000014
 21
-502.4249999999998
 31
0.0
  0
LINE
  5
13C
330
17
100
AcDbEntity
  8
0
100
AcDbLine
 10
449.5220000000014
 20
-502.4249999999998
 30
0.0
 11
449.6960000000014
 21
-502.3099999999998
 31
0.0
  0
LINE
  5
13D
330
17
100
AcDbEntity
  8
0
100
AcDbLine
 10
449.6960000000014
 20
-502.3099999999998
 30
0.0
 11
449.8660000000014
 21
-502.1889999999998
 31
0.0
  0
LINE
  5
13E
330
17
100
AcDbEntity
  8
0
100
AcDbLine
 10
449.8660000000014
 20
-502.1889999999998
 30
0.0
 11
450.0320000000014
 21
-502.0619999999998
 31
0.0
  0
LINE
  5
13F
330
17
100
AcDbEntity
  8
0
100
AcDbLine
 10
450.0320000000014
 20
-502.0619999999998
 30
0.0
 11
450.1930000000014
 21
-501.9289999999998
 31
0.0
  0
LINE
  5
140
330
17
100
AcDbEntity
  8
0
100
AcDbLine
 10
450.1930000000014
 20
-501.9289999999998
 30
0.0
 11
450.3500000000014
 21
-501.7899999999998
 31
0.0
  0
LINE
  5
141
330
17
100
AcDbEntity
  8
0
100
AcDbLine
 10
450.3500000000014
 20
-501.7899999999998
 30
0.0
 11
450.5020000000014
 21
-501.6449999999998
 31
0.0
  0
LINE
  5
142
330
17
100
AcDbEntity
  8
0
100
AcDbLine
 10
450.5020000000014
 20
-501.6449999999998
 30
0.0
 11
450.6480000000014
 21
-501.4939999999998
 31
0.0
  0
LINE
  5
143
330
17
100
AcDbEntity
  8
0
100
AcDbLine
 10
450.6480000000014
 20
-501.4939999999998
 30
0.0
 11
450.7890000000014
 21
-501.3369999999998
 31
0.0
  0
LINE
  5
144
330
17
100
AcDbEntity
  8
0
100
AcDbLine
 10
450.7890000000014
 20
-501.3369999999998
 30
0.0
 11
450.92500000000143
 21
-501.17499999999984
 31
0.0
  0
LINE
  5
145
330
17
100
AcDbEntity
  8
0
100
AcDbLine
 10
450.92500000000143
 20
-501.17499999999984
 30
0.0
 11
451.0550000000014
 21
-501.00799999999987
 31
0.0
  0
LINE
  5
146
330
17
100
AcDbEntity
  8
0
100
AcDbLine
 10
451.0550000000014
 20
-501.00799999999987
 30
0.0
 11
451.17900000000145
 21
-500.83499999999987
 31
0.0
  0
LINE
  5
147
330
17
100
AcDbEntity
  8
0
100
AcDbLine
 10
451.17900000000145
 20
-500.83499999999987
 30
0.0
 11
451.29700000000145
 21
-500.65699999999987
 31
0.0
  0
LINE
  5
148
330
17
100
AcDbEntity
  8
0
100
AcDbLine
 10
451.29700000000145
 20
-500.65699999999987
 30
0.0
 11
451.40900000000147
 21
-500.4739999999999
 31
0.0
  0
LINE
  5
149
330
17
100
AcDbEntity
  8
0
100
AcDbLine
 10
451.40900000000147
 20
-500.4739999999999
 30
0.0
 11
451.5140000000015
 21
-500.2859999999999
 31
0.0
  0
LINE
  5
14A
330
17
100
AcDbEntity
  8
0
100
AcDbLine
 10
451.5140000000015
 20
-500.2859999999999
 30
0.0
 11
451.6130000000015
 21
-500.0939999999999
 31
0.0
  0
LINE
  5
14B
330
17
100
AcDbEntity
  8
0
100
AcDbLine
 10
451.6130000000015
 20
-500.0939999999999
 30
0.0
 11
451.70500000000146
 21
-499.8969999999999
 31
0.0
  0
LINE
  5
14C
330
17
100
AcDbEntity
  8
0
100
AcDbLine
 10
451.70500000000146
 20
-499.8969999999999
 30
0.0
 11
451.79000000000144
 21
-499.69599999999986
 31
0.0
  0
LINE
  5
14D
330
17
100
AcDbEntity
  8
0
100
AcDbLine
 10
451.79000000000144
 20
-499.69599999999986
 30
0.0
 11
451.8680000000014
 21
-499.48999999999984
 31
0.0
  0
LINE
  5
14E
330
17
100
AcDbEntity
  8
0
100
AcDbLine
 10
451.8680000000014
 20
-499.48999999999984
 30
0.0
 11
451.9380000000014
 21
-499.27999999999986
 31
0.0
  0
LINE
  5
14F
330
17
100
AcDbEntity
  8
0
100
AcDbLine
 10
451.9380000000014
 20
-499.27999999999986
 30
0.0
 11
452.0600000000014
 21
-498.9089999999999
 31
0.0
  0
LINE
  5
150
330
17
100
AcDbEntity
  8
0
100
AcDbLine
 10
452.0600000000014
 20
-498.9089999999999
 30
0.0
 11
452.1920000000014
 21
-498.5409999999999
 31
0.0
  0
LINE
  5
151
330
17
100
AcDbEntity
  8
0
100
AcDbLine
 10
452.1920000000014
 20
-498.5409999999999
 30
0.0
 11
452.3340000000014
 21
-498.1759999999999
 31
0.0
  0
LINE
  5
152
330
17
100
AcDbEntity
  8
0
100
AcDbLine
 10
452.3340000000014
 20
-498.1759999999999
 30
0.0
 11
452.4860000000014
 21
-497.8149999999999
 31
0.0
  0
LINE
  5
153
330
17
100
AcDbEntity
  8
0
100
AcDbLine
 10
452.4860000000014
 20
-497.8149999999999
 30
0.0
 11
452.6480000000014
 21
-497.45799999999986
 31
0.0
  0
LINE
  5
154
330
17
100
AcDbEntity
  8
0
100
AcDbLine
 10
452.6480000000014
 20
-497.45799999999986
 30
0.0
 11
452.8190000000014
 21
-497.10499999999985
 31
0.0
  0
LINE
  5
155
330
17
100
AcDbEntity
  8
0
100
AcDbLine
 10
452.8190000000014
 20
-497.10499999999985
 30
0.0
 11
452.9990000000014
 21
-496.75599999999986
 31
0.0
  0
LINE
  5
156
330
17
100
AcDbEntity
  8
0
100
AcDbLine
 10
452.9990000000014
 20
-496.75599999999986
 30
0.0
 11
453.1880000000014
 21
-496.41199999999986
 31
0.0
  0
LINE
  5
157
330
17
100
AcDbEntity
  8
0
100
AcDbLine
 10
453.1880000000014
 20
-496.41199999999986
 30
0.0
 11
453.3860000000014
 21
-496.07299999999987
 31
0.0
  0
LINE
  5
158
330
17
100
AcDbEntity
  8
0
100
AcDbLine
 10
453.3860000000014
 20
-496.07299999999987
 30
0.0
 11
453.5930000000014
 21
-495.73899999999986
 31
0.0
  0
LINE
  5
159
330
17
100
AcDbEntity
  8
0
100
AcDbLine
 10
453.5930000000014
 20
-495.73899999999986
 30
0.0
 11
453.80800000000136
 21
-495.4109999999999
 31
0.0
  0
LINE
  5
15A
330
17
100
AcDbEntity
  8
0
100
AcDbLine
 10
453.80800000000136
 20
-495.4109999999999
 30
0.0
 11
454.03100000000137
 21
-495.0889999999999
 31
0.0
  0
LINE
  5
15B
330
17
100
AcDbEntity
  8
0
100
AcDbLine
 10
454.03100000000137
 20
-495.0889999999999
 30
0.0
 11
454.26200000000136
 21
-494.7729999999999
 31
0.0
  0
LINE
  5
15C
330
17
100
AcDbEntity
  8
0
100
AcDbLine
 10
454.26200000000136
 20
-494.7729999999999
 30
0.0
 11
454.50100000000134
 21
-494.4629999999999
 31
0.0
  0
LINE
  5
15D
330
17
100
AcDbEntity
  8
0
100
AcDbLine
 10
454.50100000000134
 20
-494.4629999999999
 30
0.0
 11
454.74800000000135
 21
-494.1599999999999
 31
0.0
  0
LINE
  5
15E
330
17
100
AcDbEntity
  8
0
100
AcDbLine
 10
454.74800000000135
 20
-494.1599999999999
 30
0.0
 11
455.0020000000014
 21
-493.8639999999999
 31
0.0
  0
LINE
  5
15F
330
17
100
AcDbEntity
  8
0
100
AcDbLine
 10
455.0020000000014
 20
-493.8639999999999
 30
0.0
 11
455.2630000000014
 21
-493.57499999999993
 31
0.0
  0
LINE
  5
160
330
17
100
AcDbEntity
  8
0
100
AcDbLine
 10
455.2630000000014
 20
-493.57499999999993
 30
0.0
 11
455.53100000000137
 21
-493.29299999999995
 31
0.0
  0
LINE
  5
161
330
17
100
AcDbEntity
  8
0
100
AcDbLine
 10
455.53100000000137
 20
-493.29299999999995
 30
0.0
 11
455.80600000000135
 21
-493.01899999999995
 31
0.0
  0
LINE
  5
162
330
17
100
AcDbEntity
  8
0
100
AcDbLine
 10
455.80600000000135
 20
-493.01899999999995
 30
0.0
 11
456.08700000000135
 21
-492.75299999999993
 31
0.0
  0
LINE
  5
163
330
17
100
AcDbEntity
  8
0
100
AcDbLine
 10
456.08700000000135
 20
-492.75299999999993
 30
0.0
 11
456.37400000000133
 21
-492.4959999999999
 31
0.0
  0
LINE
  5
164
330
17
100
AcDbEntity
  8
0
100
AcDbLine
 10
456.37400000000133
 20
-492.4959999999999
 30
0.0
 11
456.66700000000134
 21
-492.2469999999999
 31
0.0
  0
LINE
  5
165
330
17
100
AcDbEntity
  8
0
100
AcDbLine
 10
456.66700000000134
 20
-492.2469999999999
 30
0.0
 11
456.9660000000013
 21
-492.0069999999999
 31
0.0
  0
LINE
  5
166
330
17
100
AcDbEntity
  8
0
100
AcDbLine
 10
456.9660000000013
 20
-492.0069999999999
 30
0.0
 11
457.2710000000013
 21
-491.7759999999999
 31
0.0
  0
LINE
  5
167
330
17
100
AcDbEntity
  8
0
100
AcDbLine
 10
457.2710000000013
 20
-491.7759999999999
 30
0.0
 11
457.5810000000013
 21
-491.5549999999999
 31
0.0
  0
LINE
  5
168
330
17
100
AcDbEntity
  8
0
100
AcDbLine
 10
457.5810000000013
 20
-491.5549999999999
 30
0.0
 11
457.8960000000013
 21
-491.3429999999999
 31
0.0
  0
LINE
  5
169
330
17
100
AcDbEntity
  8
0
100
AcDbLine
 10
457.8960000000013
 20
-491.3429999999999
 30
0.0
 11
458.2160000000013
 21
-491.1409999999999
 31
0.0
  0
LINE
  5
16A
330
17
100
AcDbEntity
  8
0
100
AcDbLine
 10
458.2160000000013
 20
-491.1409999999999
 30
0.0
 11
458.5410000000013
 21
-490.94999999999993
 31
0.0
  0
LINE
  5
16B
330
17
100
AcDbEntity
  8
0
100
AcDbLine
 10
458.5410000000013
 20
-490.94999999999993
 30
0.0
 11
458.8710000000013
 21
-490.76899999999995
 31
0.0
  0
LINE
  5
16C
330
17
100
AcDbEntity
  8
0
100
AcDbLine
 10
458.8710000000013
 20
-490.76899999999995
 30
0.0
 11
459.2050000000013
 21
-490.59899999999993
 31
0.0
  0
LINE
  5
16D
330
17
100
AcDbEntity
  8
0
100
AcDbLine
 10
459.2050000000013
 20
-490.59899999999993
 30
0.0
 11
459.5430000000013
 21
-490.43999999999994
 31
0.0
  0
LINE
  5
16E
330
17
100
AcDbEntity
  8
0
100
AcDbLine
 10
459.5430000000013
 20
-490.43999999999994
 30
0.0
 11
459.8850000000013
 21
-490.2919999999999
 31
0.0
  0
LINE
  5
16F
330
17
100
AcDbEntity
  8
0
100
AcDbLine
 10
459.8850000000013
 20
-490.2919999999999
 30
0.0
 11
460.3270000000013
 21
-490.11599999999993
 31
0.0
  0
LINE
  5
170
330
17
100
AcDbEntity
  8
0
100
AcDbLine
 10
460.3270000000013
 20
-490.11599999999993
 30
0.0
 11
460.7650000000013
 21
-489.95399999999995
 31
0.0
  0
LINE
  5
171
330
17
100
AcDbEntity
  8
0
100
AcDbLine
 10
460.7650000000013
 20
-489.95399999999995
 30
0.0
 11
461.1990000000013
 21
-489.80499999999995
 31
0.0
  0
LINE
  5
172
330
17
100
AcDbEntity
  8
0
100
AcDbLine
 10
461.1990000000013
 20
-489.80499999999995
 30
0.0
 11
461.6300000000013
 21
-489.6689999999999
 31
0.0
  0
LINE
  5
173
330
17
100
AcDbEntity
  8
0
100
AcDbLine
 10
461.6300000000013
 20
-489.6689999999999
 30
0.0
 11
462.0580000000013
 21
-489.54599999999994
 31
0.0
  0
LINE
  5
174
330
17
100
AcDbEntity
  8
0
100
AcDbLine
 10
462.0580000000013
 20
-489.54599999999994
 30
0.0
 11
462.4830000000013
 21
-489.4339999999999
 31
0.0
  0
LINE
  5
175
330
17
100
AcDbEntity
  8
0
100
AcDbLine
 10
462.4830000000013
 20
-489.4339999999999
 30
0.0
 11
462.9060000000013
 21
-489.3339999999999
 31
0.0
  0
LINE
  5
176
330
17
100
AcDbEntity
  8
0
100
AcDbLine
 10
462.9060000000013
 20
-489.3339999999999
 30
0.0
 11
463.3270000000013
 21
-489.2439999999999
 31
0.0
  0
LINE
  5
177
330
17
100
AcDbEntity
  8
0
100
AcDbLine
 10
463.3270000000013
 20
-489.2439999999999
 30
0.0
 11
463.7460000000013
 21
-489.1649999999999
 31
0.0
  0
LINE
  5
178
330
17
100
AcDbEntity
  8
0
100
AcDbLine
 10
463.7460000000013
 20
-489.1649999999999
 30
0.0
 11
464.16300000000126
 21
-489.0949999999999
 31
0.0
  0
LINE
  5
179
330
17
100
AcDbEntity
  8
0
100
AcDbLine
 10
464.16300000000126
 20
-489.0949999999999
 30
0.0
 11
464.57900000000126
 21
-489.03399999999993
 31
0.0
  0
LINE
  5
17A
330
17
100
AcDbEntity
  8
0
100
AcDbLine
 10
464.57900000000126
 20
-489.03399999999993
 30
0.0
 11
464.99500000000126
 21
-488.9819999999999
 31
0.0
  0
LINE
  5
17B
330
17
100
AcDbEntity
  8
0
100
AcDbLine
 10
464.99500000000126
 20
-488.9819999999999
 30
0.0
 11
465.4100000000013
 21
-488.93799999999993
 31
0.0
  0
LINE
  5
17C
330
17
100
AcDbEntity
  8
0
100
AcDbLine
 10
465.4100000000013
 20
-488.93799999999993
 30
0.0
 11
465.8250000000013
 21
-488.90199999999993
 31
0.0
  0
LINE
  5
17D
330
17
100
AcDbEntity
  8
0
100
AcDbLine
 10
465.8250000000013
 20
-488.90199999999993
 30
0.0
 11
466.2410000000013
 21
-488.87299999999993
 31
0.0
  0
LINE
  5
17E
330
17
100
AcDbEntity
  8
0
100
AcDbLine
 10
466.2410000000013
 20
-488.87299999999993
 30
0.0
 11
466.6570000000013
 21
-488.8499999999999
 31
0.0
  0
LINE
  5
17F
330
17
100
AcDbEntity
  8
0
100
AcDbLine
 10
466.6570000000013
 20
-488.8499999999999
 30
0.0
 11
467.0750000000013
 21
-488.8329999999999
 31
0.0
  0
LINE
  5
180
330
17
100
AcDbEntity
  8
0
100
AcDbLine
 10
467.0750000000013
 20
-488.8329999999999
 30
0.0
 11
467.4940000000013
 21
-488.8219999999999
 31
0.0
  0
LINE
  5
181
330
17
100
AcDbEntity
  8
0
100
AcDbLine
 10
467.4940000000013
 20
-488.8219999999999
 30
0.0
 11
467.91500000000127
 21
-488.8149999999999
 31
0.0
  0
LINE
  5
182
330
17
100
AcDbEntity
  8
0
100
AcDbLine
 10
467.91500000000127
 20
-488.8149999999999
 30
0.0
 11
468.3380000000013
 21
-488.8129999999999
 31
0.0
  0
LINE
  5
183
330
17
100
AcDbEntity
  8
0
100
AcDbLine
 10
468.3380000000013
 20
-488.8129999999999
 30
0.0
 11
468.7630000000013
 21
-488.8149999999999
 31
0.0
  0
LINE
  5
184
330
17
100
AcDbEntity
  8
0
100
AcDbLine
 10
468.7630000000013
 20
-488.8149999999999
 30
0.0
 11
469.1910000000013
 21
-488.8199999999999
 31
0.0
  0
LINE
  5
185
330
17
100
AcDbEntity
  8
0
100
AcDbLine
 10
469.1910000000013
 20
-488.8199999999999
 30
0.0
 11
469.62200000000126
 21
-488.82799999999986
 31
0.0
  0
LINE
  5
186
330
17
100
AcDbEntity
  8
0
100
AcDbLine
 10
469.62200000000126
 20
-488.82799999999986
 30
0.0
 11
470.0560000000013
 21
-488.83799999999985
 31
0.0
  0
LINE
  5
187
330
17
100
AcDbEntity
  8
0
100
AcDbLine
 10
470.0560000000013
 20
-488.83799999999985
 30
0.0
 11
470.4940000000013
 21
-488.84999999999985
 31
0.0
  0
LINE
  5
188
330
17
100
AcDbEntity
  8
0
100
AcDbLine
 10
470.4940000000013
 20
-488.84999999999985
 30
0.0
 11
470.9360000000013
 21
-488.86299999999983
 31
0.0
  0
LINE
  5
189
330
17
100
AcDbEntity
  8
0
100
AcDbLine
 10
470.9360000000013
 20
-488.86299999999983
 30
0.0
 11
471.3830000000013
 21
-488.8759999999998
 31
0.0
  0
LINE
  5
18A
330
17
100
AcDbEntity
  8
0
100
AcDbLine
 10
471.3830000000013
 20
-488.8759999999998
 30
0.0
 11
471.8350000000013
 21
-488.8889999999998
 31
0.0
  0
LINE
  5
18B
330
17
100
AcDbEntity
  8
0
100
AcDbLine
 10
471.8350000000013
 20
-488.8889999999998
 30
0.0
 11
472.2920000000013
 21
-488.90199999999976
 31
0.0
  0
LINE
  5
18C
330
17
100
AcDbEntity
  8
0
100
AcDbLine
 10
472.2920000000013
 20
-488.90199999999976
 30
0.0
 11
472.75400000000127
 21
-488.91399999999976
 31
0.0
  0
LINE
  5
18D
330
17
100
AcDbEntity
  8
0
100
AcDbLine
 10
472.75400000000127
 20
-488.91399999999976
 30
0.0
 11
473.2220000000013
 21
-488.92399999999975
 31
0.0
  0
LINE
  5
18E
330
17
100
AcDbEntity
  8
0
100
AcDbLine
 10
473.2220000000013
 20
-488.92399999999975
 30
0.0
 11
473.6960000000013
 21
-488.93199999999973
 31
0.0
  0
LINE
  5
18F
330
17
100
AcDbEntity
  8
0
100
AcDbLine
 10
473.6960000000013
 20
-488.93199999999973
 30
0.0
 11
475.0580000000013
 21
-488.95299999999975
 31
0.0
  0
LINE
  5
190
330
17
100
AcDbEntity
  8
0
100
AcDbLine
 10
475.0580000000013
 20
-488.95299999999975
 30
0.0
 11
476.4200000000013
 21
-488.97399999999976
 31
0.0
  0
LINE
  5
191
330
17
100
AcDbEntity
  8
0
100
AcDbLine
 10
476.4200000000013
 20
-488.97399999999976
 30
0.0
 11
477.78200000000135
 21
-488.99399999999974
 31
0.0
  0
LINE
  5
192
330
17
100
AcDbEntity
  8
0
100
AcDbLine
 10
477.78200000000135
 20
-488.99399999999974
 30
0.0
 11
479.14400000000137
 21
-489.0139999999997
 31
0.0
  0
LINE
  5
193
330
17
100
AcDbEntity
  8
0
100
AcDbLine
 10
479.14400000000137
 20
-489.0139999999997
 30
0.0
 11
480.5060000000014
 21
-489.0339999999997
 31
0.0
  0
LINE
  5
194
330
17
100
AcDbEntity
  8
0
100
AcDbLine
 10
480.5060000000014
 20
-489.0339999999997
 30
0.0
 11
481.8680000000014
 21
-489.0539999999997
 31
0.0
  0
LINE
  5
195
330
17
100
AcDbEntity
  8
0
100
AcDbLine
 10
481.8680000000014
 20
-489.0539999999997
 30
0.0
 11
483.23000000000144
 21
-489.07399999999967
 31
0.0
  0
LINE
  5
196
330
17
100
AcDbEntity
  8
0
100
AcDbLine
 10
483.23000000000144
 20
-489.07399999999967
 30
0.0
 11
484.59200000000146
 21
-489.09399999999965
 31
0.0
  0
LINE
  5
197
330
17
100
AcDbEntity
  8
0
100
AcDbLine
 10
484.59200000000146
 20
-489.09399999999965
 30
0.0
 11
485.9540000000015
 21
-489.11399999999963
 31
0.0
  0
LINE
  5
198
330
17
100
AcDbEntity
  8
0
100
AcDbLine
 10
485.9540000000015
 20
-489.11399999999963
 30
0.0
 11
487.3160000000015
 21
-489.1339999999996
 31
0.0
  0
LINE
  5
199
330
17
100
AcDbEntity
  8
0
100
AcDbLine
 10
487.3160000000015
 20
-489.1339999999996
 30
0.0
 11
488.67800000000153
 21
-489.1539999999996
 31
0.0
  0
LINE
  5
19A
330
17
100
AcDbEntity
  8
0
100
AcDbLine
 10
488.67800000000153
 20
-489.1539999999996
 30
0.0
 11
490.04000000000156
 21
-489.1739999999996
 31
0.0
  0
LINE
  5
19B
330
17
100
AcDbEntity
  8
0
100
AcDbLine
 10
490.04000000000156
 20
-489.1739999999996
 30
0.0
 11
491.4020000000016
 21
-489.19399999999956
 31
0.0
  0
LINE
  5
19C
330
17
100
AcDbEntity
  8
0
100
AcDbLine
 10
491.4020000000016
 20
-489.19399999999956
 30
0.0
 11
492.7640000000016
 21
-489.21399999999954
 31
0.0
  0
LINE
  5
19D
330
17
100
AcDbEntity
  8
0
100
AcDbLine
 10
492.7640000000016
 20
-489.21399999999954
 30
0.0
 11
494.1260000000016
 21
-489.2339999999995
 31
0.0
  0
LINE
  5
19E
330
17
100
AcDbEntity
  8
0
100
AcDbLine
 10
494.1260000000016
 20
-489.2339999999995
 30
0.0
 11
495.48800000000165
 21
-489.2539999999995
 31
0.0
  0
LINE
  5
19F
330
17
100
AcDbEntity
  8
0
100
AcDbLine
 10
495.48800000000165
 20
-489.2539999999995
 30
0.0
 11
496.85000000000167
 21
-489.2739999999995
 31
0.0
  0
LINE
  5
1A0
330
17
100
AcDbEntity
  8
0
100
AcDbLine
 10
496.85000000000167
 20
-489.2739999999995
 30
0.0
 11
498.2120000000017
 21
-489.2949999999995
 31
0.0
  0
LINE
  5
1A1
330
17
100
AcDbEntity
  8
0
100
AcDbLine
 10
498.2120000000017
 20
-489.2949999999995
 30
0.0
 11
499.5740000000017
 21
-489.3159999999995
 31
0.0
  0
LINE
  5
1A2
330
17
100
AcDbEntity
  8
0
100
AcDbLine
 10
499.5740000000017
 20
-489.3159999999995
 30
0.0
 11
500.93600000000174
 21
-489.33699999999953
 31
0.0
  0
LINE
  5
1A3
330
17
100
AcDbEntity
  8
0
100
AcDbLine
 10
500.93600000000174
 20
-489.33699999999953
 30
0.0
 11
502.29800000000176
 21
-489.35799999999955
 31
0.0
  0
LINE
  5
1A4
330
17
100
AcDbEntity
  8
0
100
AcDbLine
 10
502.29800000000176
 20
-489.35799999999955
 30
0.0
 11
503.6600000000018
 21
-489.37899999999956
 31
0.0
  0
LINE
  5
1A5
330
17
100
AcDbEntity
  8
0
100
AcDbLine
 10
503.6600000000018
 20
-489.37899999999956
 30
0.0
 11
505.0220000000018
 21
-489.3999999999996
 31
0.0
  0
LINE
  5
1A6
330
17
100
AcDbEntity
  8
0
100
AcDbLine
 10
505.0220000000018
 20
-489.3999999999996
 30
0.0
 11
506.38400000000183
 21
-489.4209999999996
 31
0.0
  0
LINE
  5
1A7
330
17
100
AcDbEntity
  8
0
100
AcDbLine
 10
506.38400000000183
 20
-489.4209999999996
 30
0.0
 11
507.74600000000186
 21
-489.4419999999996
 31
0.0
  0
LINE
  5
1A8
330
17
100
AcDbEntity
  8
0
100
AcDbLine
 10
507.74600000000186
 20
-489.4419999999996
 30
0.0
 11
509.1080000000019
 21
-489.4629999999996
 31
0.0
  0
LINE
  5
1A9
330
17
100
AcDbEntity
  8
0
100
AcDbLine
 10
509.1080000000019
 20
-489.4629999999996
 30
0.0
 11
510.4700000000019
 21
-489.48399999999964
 31
0.0
  0
LINE
  5
1AA
330
17
100
AcDbEntity
  8
0
100
AcDbLine
 10
510.4700000000019
 20
-489.48399999999964
 30
0.0
 11
511.8320000000019
 21
-489.50499999999965
 31
0.0
  0
LINE
  5
1AB
330
17
100
AcDbEntity
  8
0
100
AcDbLine
 10
511.8320000000019
 20
-489.50499999999965
 30
0.0
 11
513.1940000000019
 21
-489.52599999999967
 31
0.0
  0
LINE
  5
1AC
330
17
100
AcDbEntity
  8
0
100
AcDbLine
 10
513.1940000000019
 20
-489.52599999999967
 30
0.0
 11
514.5560000000019
 21
-489.5469999999997
 31
0.0
  0
LINE
  5
1AD
330
17
100
AcDbEntity
  8
0
100
AcDbLine
 10
514.5560000000019
 20
-489.5469999999997
 30
0.0
 11
515.9180000000018
 21
-489.5679999999997
 31
0.0
  0
LINE
  5
1AE
330
17
100
AcDbEntity
  8
0
100
AcDbLine
 10
515.9180000000018
 20
-489.5679999999997
 30
0.0
 11
517.2800000000018
 21
-489.5889999999997
 31
0.0
  0
LINE
  5
1AF
330
17
100
AcDbEntity
  8
0
100
AcDbLine
 10
517.2800000000018
 20
-489.5889999999997
 30
0.0
 11
517.6090000000017
 21
-489.5959999999997
 31
0.0
  0
LINE
  5
1B0
330
17
100
AcDbEntity
  8
0
100
AcDbLine
 10
517.6090000000017
 20
-489.5959999999997
 30
0.0
 11
517.9440000000018
 21
-489.60499999999973
 31
0.0
  0
LINE
  5
1B1
330
17
100
AcDbEntity
  8
0
100
AcDbLine
 10
517.9440000000018
 20
-489.60499999999973
 30
0.0
 11
518.2850000000018
 21
-489.61599999999976
 31
0.0
  0
LINE
  5
1B2
330
17
100
AcDbEntity
  8
0
100
AcDbLine
 10
518.2850000000018
 20
-489.61599999999976
 30
0.0
 11
518.6310000000018
 21
-489.62799999999976
 31
0.0
  0
LINE
  5
1B3
330
17
100
AcDbEntity
  8
0
100
AcDbLine
 10
518.6310000000018
 20
-489.62799999999976
 30
0.0
 11
518.9820000000018
 21
-489.63999999999976
 31
0.0
  0
LINE
  5
1B4
330
17
100
AcDbEntity
  8
0
100
AcDbLine
 10
518.9820000000018
 20
-489.63999999999976
 30
0.0
 11
519.3370000000018
 21
-489.6509999999998
 31
0.0
  0
LINE
  5
1B5
330
17
100
AcDbEntity
  8
0
100
AcDbLine
 10
519.3370000000018
 20
-489.6509999999998
 30
0.0
 11
519.6950000000018
 21
-489.6609999999998
 31
0.0
  0
LINE
  5
1B6
330
17
100
AcDbEntity
  8
0
100
AcDbLine
 10
519.6950000000018
 20
-489.6609999999998
 30
0.0
 11
520.0560000000017
 21
-489.66899999999976
 31
0.0
  0
LINE
  5
1B7
330
17
100
AcDbEntity
  8
0
100
AcDbLine
 10
520.0560000000017
 20
-489.66899999999976
 30
0.0
 11
520.4190000000018
 21
-489.67399999999975
 31
0.0
  0
LINE
  5
1B8
330
17
100
AcDbEntity
  8
0
100
AcDbLine
 10
520.4190000000018
 20
-489.67399999999975
 30
0.0
 11
520.7830000000018
 21
-489.6749999999997
 31
0.0
  0
LINE
  5
1B9
330
17
100
AcDbEntity
  8
0
100
AcDbLine
 10
520.7830000000018
 20
-489.6749999999997
 30
0.0
 11
521.1480000000018
 21
-489.6709999999997
 31
0.0
  0
LINE
  5
1BA
330
17
100
AcDbEntity
  8
0
100
AcDbLine
 10
521.1480000000018
 20
-489.6709999999997
 30
0.0
 11
521.5140000000018
 21
-489.6619999999997
 31
0.0
  0
LINE
  5
1BB
330
17
100
AcDbEntity
  8
0
100
AcDbLine
 10
521.5140000000018
 20
-489.6619999999997
 30
0.0
 11
521.8790000000018
 21
-489.6469999999997
 31
0.0
  0
LINE
  5
1BC
330
17
100
AcDbEntity
  8
0
100
AcDbLine
 10
521.8790000000018
 20
-489.6469999999997
 30
0.0
 11
522.2430000000019
 21
-489.6249999999997
 31
0.0
  0
LINE
  5
1BD
330
17
100
AcDbEntity
  8
0
100
AcDbLine
 10
522.2430000000019
 20
-489.6249999999997
 30
0.0
 11
522.6060000000019
 21
-489.59499999999974
 31
0.0
  0
LINE
  5
1BE
330
17
100
AcDbEntity
  8
0
100
AcDbLine
 10
522.6060000000019
 20
-489.59499999999974
 30
0.0
 11
522.9670000000019
 21
-489.55699999999973
 31
0.0
  0
LINE
  5
1BF
330
17
100
AcDbEntity
  8
0
100
AcDbLine
 10
522.9670000000019
 20
-489.55699999999973
 30
0.0
 11
523.3250000000019
 21
-489.5099999999997
 31
0.0
  0
LINE
  5
1C0
330
17
100
AcDbEntity
  8
0
100
AcDbLine
 10
523.3250000000019
 20
-489.5099999999997
 30
0.0
 11
523.6790000000019
 21
-489.4529999999997
 31
0.0
  0
LINE
  5
1C1
330
17
100
AcDbEntity
  8
0
100
AcDbLine
 10
523.6790000000019
 20
-489.4529999999997
 30
0.0
 11
524.0290000000019
 21
-489.3849999999997
 31
0.0
  0
LINE
  5
1C2
330
17
100
AcDbEntity
  8
0
100
AcDbLine
 10
524.0290000000019
 20
-489.3849999999997
 30
0.0
 11
524.3750000000019
 21
-489.3059999999997
 31
0.0
  0
LINE
  5
1C3
330
17
100
AcDbEntity
  8
0
100
AcDbLine
 10
524.3750000000019
 20
-489.3059999999997
 30
0.0
 11
524.7160000000019
 21
-489.2139999999997
 31
0.0
  0
LINE
  5
1C4
330
17
100
AcDbEntity
  8
0
100
AcDbLine
 10
524.7160000000019
 20
-489.2139999999997
 30
0.0
 11
525.051000000002
 21
-489.1089999999997
 31
0.0
  0
LINE
  5
1C5
330
17
100
AcDbEntity
  8
0
100
AcDbLine
 10
525.051000000002
 20
-489.1089999999997
 30
0.0
 11
525.379000000002
 21
-488.98999999999967
 31
0.0
  0
LINE
  5
1C6
330
17
100
AcDbEntity
  8
0
100
AcDbLine
 10
525.379000000002
 20
-488.98999999999967
 30
0.0
 11
525.700000000002
 21
-488.85599999999965
 31
0.0
  0
LINE
  5
1C7
330
17
100
AcDbEntity
  8
0
100
AcDbLine
 10
525.700000000002
 20
-488.85599999999965
 30
0.0
 11
526.0140000000019
 21
-488.70699999999965
 31
0.0
  0
LINE
  5
1C8
330
17
100
AcDbEntity
  8
0
100
AcDbLine
 10
526.0140000000019
 20
-488.70699999999965
 30
0.0
 11
526.3190000000019
 21
-488.54199999999963
 31
0.0
  0
LINE
  5
1C9
330
17
100
AcDbEntity
  8
0
100
AcDbLine
 10
526.3190000000019
 20
-488.54199999999963
 30
0.0
 11
526.6160000000019
 21
-488.3599999999996
 31
0.0
  0
LINE
  5
1CA
330
17
100
AcDbEntity
  8
0
100
AcDbLine
 10
526.6160000000019
 20
-488.3599999999996
 30
0.0
 11
526.903000000002
 21
-488.1599999999996
 31
0.0
  0
LINE
  5
1CB
330
17
100
AcDbEntity
  8
0
100
AcDbLine
 10
526.903000000002
 20
-488.1599999999996
 30
0.0
 11
527.180000000002
 21
-487.94099999999963
 31
0.0
  0
LINE
  5
1CC
330
17
100
AcDbEntity
  8
0
100
AcDbLine
 10
527.180000000002
 20
-487.94099999999963
 30
0.0
 11
527.446000000002
 21
-487.70299999999963
 31
0.0
  0
LINE
  5
1CD
330
17
100
AcDbEntity
  8
0
100
AcDbLine
 10
527.446000000002
 20
-487.70299999999963
 30
0.0
 11
527.701000000002
 21
-487.44499999999965
 31
0.0
  0
LINE
  5
1CE
330
17
100
AcDbEntity
  8
0
100
AcDbLine
 10
527.701000000002
 20
-487.44499999999965
 30
0.0
 11
527.944000000002
 21
-487.16599999999966
 31
0.0
  0
LINE
  5
1CF
330
17
100
AcDbEntity
  8
0
100
AcDbLine
 10
527.944000000002
 20
-487.16599999999966
 30
0.0
 11
528.276000000002
 21
-486.72699999999963
 31
0.0
  0
LINE
  5
1D0
330
17
100
AcDbEntity
  8
0
100
AcDbLine
 10
528.276000000002
 20
-486.72699999999963
 30
0.0
 11
528.572000000002
 21
-486.2709999999996
 31
0.0
  0
LINE
  5
1D1
330
17
100
AcDbEntity
  8
0
100
AcDbLine
 10
528.572000000002
 20
-486.2709999999996
 30
0.0
 11
528.834000000002
 21
-485.79899999999964
 31
0.0
  0
LINE
  5
1D2
330
17
100
AcDbEntity
  8
0
100
AcDbLine
 10
528.834000000002
 20
-485.79899999999964
 30
0.0
 11
529.062000000002
 21
-485.31099999999964
 31
0.0
  0
LINE
  5
1D3
330
17
100
AcDbEntity
  8
0
100
AcDbLine
 10
529.062000000002
 20
-485.31099999999964
 30
0.0
 11
529.259000000002
 21
-484.8089999999996
 31
0.0
  0
LINE
  5
1D4
330
17
100
AcDbEntity
  8
0
100
AcDbLine
 10
529.259000000002
 20
-484.8089999999996
 30
0.0
 11
529.426000000002
 21
-484.29399999999964
 31
0.0
  0
LINE
  5
1D5
330
17
100
AcDbEntity
  8
0
100
AcDbLine
 10
529.426000000002
 20
-484.29399999999964
 30
0.0
 11
529.564000000002
 21
-483.76699999999965
 31
0.0
  0
LINE
  5
1D6
330
17
100
AcDbEntity
  8
0
100
AcDbLine
 10
529.564000000002
 20
-483.76699999999965
 30
0.0
 11
529.675000000002
 21
-483.22799999999967
 31
0.0
  0
LINE
  5
1D7
330
17
100
AcDbEntity
  8
0
100
AcDbLine
 10
529.675000000002
 20
-483.22799999999967
 30
0.0
 11
529.760000000002
 21
-482.6789999999997
 31
0.0
  0
LINE
  5
1D8
330
17
100
AcDbEntity
  8
0
100
AcDbLine
 10
529.760000000002
 20
-482.6789999999997
 30
0.0
 11
529.8210000000021
 21
-482.1209999999997
 31
0.0
  0
LINE
  5
1D9
330
17
100
AcDbEntity
  8
0
100
AcDbLine
 10
529.8210000000021
 20
-482.1209999999997
 30
0.0
 11
529.8590000000021
 21
-481.5549999999997
 31
0.0
  0
LINE
  5
1DA
330
17
100
AcDbEntity
  8
0
100
AcDbLine
 10
529.8590000000021
 20
-481.5549999999997
 30
0.0
 11
529.8760000000021
 21
-480.9829999999997
 31
0.0
  0
LINE
  5
1DB
330
17
100
AcDbEntity
  8
0
100
AcDbLine
 10
529.8760000000021
 20
-480.9829999999997
 30
0.0
 11
529.8730000000021
 21
-480.40499999999975
 31
0.0
  0
LINE
  5
1DC
330
17
100
AcDbEntity
  8
0
100
AcDbLine
 10
529.8730000000021
 20
-480.40499999999975
 30
0.0
 11
529.8520000000021
 21
-479.8219999999997
 31
0.0
  0
LINE
  5
1DD
330
17
100
AcDbEntity
  8
0
100
AcDbLine
 10
529.8520000000021
 20
-479.8219999999997
 30
0.0
 11
529.8140000000021
 21
-479.23499999999973
 31
0.0
  0
LINE
  5
1DE
330
17
100
AcDbEntity
  8
0
100
AcDbLine
 10
529.8140000000021
 20
-479.23499999999973
 30
0.0
 11
529.7610000000021
 21
-478.64499999999975
 31
0.0
  0
LINE
  5
1DF
330
17
100
AcDbEntity
  8
0
100
AcDbLine
 10
529.7610000000021
 20
-478.64499999999975
 30
0.0
 11
529.6940000000021
 21
-478.05399999999975
 31
0.0
  0
LINE
  5
1E0
330
17
100
AcDbEntity
  8
0
100
AcDbLine
 10
529.6940000000021
 20
-478.05399999999975
 30
0.0
 11
529.6150000000022
 21
-477.46199999999976
 31
0.0
  0
LINE
  5
1E1
330
17
100
AcDbEntity
  8
0
100
AcDbLine
 10
529.6150000000022
 20
-477.46199999999976
 30
0.0
 11
529.5250000000021
 21
-476.87099999999975
 31
0.0
  0
LINE
  5
1E2
330
17
100
AcDbEntity
  8
0
100
AcDbLine
 10
529.5250000000021
 20
-476.87099999999975
 30
0.0
 11
529.4260000000021
 21
-476.2809999999998
 31
0.0
  0
LINE
  5
1E3
330
17
100
AcDbEntity
  8
0
100
AcDbLine
 10
529.4260000000021
 20
-476.2809999999998
 30
0.0
 11
529.3190000000021
 21
-475.6939999999998
 31
0.0
  0
LINE
  5
1E4
330
17
100
AcDbEntity
  8
0
100
AcDbLine
 10
529.3190000000021
 20
-475.6939999999998
 30
0.0
 11
529.2060000000021
 21
-475.11099999999976
 31
0.0
  0
LINE
  5
1E5
330
17
100
AcDbEntity
  8
0
100
AcDbLine
 10
529.2060000000021
 20
-475.11099999999976
 30
0.0
 11
529.088000000002
 21
-474.53199999999975
 31
0.0
  0
LINE
  5
1E6
330
17
100
AcDbEntity
  8
0
100
AcDbLine
 10
529.088000000002
 20
-474.53199999999975
 30
0.0
 11
528.967000000002
 21
-473.9589999999998
 31
0.0
  0
LINE
  5
1E7
330
17
100
AcDbEntity
  8
0
100
AcDbLine
 10
528.967000000002
 20
-473.9589999999998
 30
0.0
 11
528.844000000002
 21
-473.3929999999998
 31
0.0
  0
LINE
  5
1E8
330
17
100
AcDbEntity
  8
0
100
AcDbLine
 10
528.844000000002
 20
-473.3929999999998
 30
0.0
 11
528.7210000000019
 21
-472.8349999999998
 31
0.0
  0
LINE
  5
1E9
330
17
100
AcDbEntity
  8
0
100
AcDbLine
 10
528.7210000000019
 20
-472.8349999999998
 30
0.0
 11
528.599000000002
 21
-472.28599999999983
 31
0.0
  0
LINE
  5
1EA
330
17
100
AcDbEntity
  8
0
100
AcDbLine
 10
528.599000000002
 20
-472.28599999999983
 30
0.0
 11
528.480000000002
 21
-471.74699999999984
 31
0.0
  0
LINE
  5
1EB
330
17
100
AcDbEntity
  8
0
100
AcDbLine
 10
528.480000000002
 20
-471.74699999999984
 30
0.0
 11
528.3650000000019
 21
-471.2189999999998
 31
0.0
  0
LINE
  5
1EC
330
17
100
AcDbEntity
  8
0
100
AcDbLine
 10
528.3650000000019
 20
-471.2189999999998
 30
0.0
 11
528.2550000000019
 21
-470.7029999999998
 31
0.0
  0
LINE
  5
1ED
330
17
100
AcDbEntity
  8
0
100
AcDbLine
 10
528.2550000000019
 20
-470.7029999999998
 30
0.0
 11
528.153000000002
 21
-470.1999999999998
 31
0.0
  0
LINE
  5
1EE
330
17
100
AcDbEntity
  8
0
100
AcDbLine
 10
528.153000000002
 20
-470.1999999999998
 30
0.0
 11
528.0590000000019
 21
-469.7119999999998
 31
0.0
  0
LINE
  5
1EF
330
17
100
AcDbEntity
  8
0
100
AcDbLine
 10
528.0590000000019
 20
-469.7119999999998
 30
0.0
 11
527.5670000000019
 21
-467.08099999999985
 31
0.0
  0
LINE
  5
1F0
330
17
100
AcDbEntity
  8
0
100
AcDbLine
 10
527.5670000000019
 20
-467.08099999999985
 30
0.0
 11
527.085000000002
 21
-464.5699999999998
 31
0.0
  0
LINE
  5
1F1
330
17
100
AcDbEntity
  8
0
100
AcDbLine
 10
527.085000000002
 20
-464.5699999999998
 30
0.0
 11
526.613000000002
 21
-462.1719999999998
 31
0.0
  0
LINE
  5
1F2
330
17
100
AcDbEntity
  8
0
100
AcDbLine
 10
526.613000000002
 20
-462.1719999999998
 30
0.0
 11
526.1490000000019
 21
-459.8779999999998
 31
0.0
  0
LINE
  5
1F3
330
17
100
AcDbEntity
  8
0
100
AcDbLine
 10
526.1490000000019
 20
-459.8779999999998
 30
0.0
 11
525.6920000000019
 21
-457.6809999999998
 31
0.0
  0
LINE
  5
1F4
330
17
100
AcDbEntity
  8
0
100
AcDbLine
 10
525.6920000000019
 20
-457.6809999999998
 30
0.0
 11
525.2400000000019
 21
-455.5729999999998
 31
0.0
  0
LINE
  5
1F5
330
17
100
AcDbEntity
  8
0
100
AcDbLine
 10
525.2400000000019
 20
-455.5729999999998
 30
0.0
 11
524.7930000000019
 21
-453.5459999999998
 31
0.0
  0
LINE
  5
1F6
330
17
100
AcDbEntity
  8
0
100
AcDbLine
 10
524.7930000000019
 20
-453.5459999999998
 30
0.0
 11
524.349000000002
 21
-451.5919999999998
 31
0.0
  0
LINE
  5
1F7
330
17
100
AcDbEntity
  8
0
100
AcDbLine
 10
524.349000000002
 20
-451.5919999999998
 30
0.0
 11
523.906000000002
 21
-449.7029999999998
 31
0.0
  0
LINE
  5
1F8
330
17
100
AcDbEntity
  8
0
100
AcDbLine
 10
523.906000000002
 20
-449.7029999999998
 30
0.0
 11
523.464000000002
 21
-447.8719999999998
 31
0.0
  0
LINE
  5
1F9
330
17
100
AcDbEntity
  8
0
100
AcDbLine
 10
523.464000000002
 20
-447.8719999999998
 30
0.0
 11
523.021000000002
 21
-446.0899999999998
 31
0.0
  0
LINE
  5
1FA
330
17
100
AcDbEntity
  8
0
100
AcDbLine
 10
523.021000000002
 20
-446.0899999999998
 30
0.0
 11
522.576000000002
 21
-444.3499999999998
 31
0.0
  0
LINE
  5
1FB
330
17
100
AcDbEntity
  8
0
100
AcDbLine
 10
522.576000000002
 20
-444.3499999999998
 30
0.0
 11
522.127000000002
 21
-442.6439999999998
 31
0.0
  0
LINE
  5
1FC
330
17
100
AcDbEntity
  8
0
100
AcDbLine
 10
522.127000000002
 20
-442.6439999999998
 30
0.0
 11
521.673000000002
 21
-440.96399999999977
 31
0.0
  0
LINE
  5
1FD
330
17
100
AcDbEntity
  8
0
100
AcDbLine
 10
521.673000000002
 20
-440.96399999999977
 30
0.0
 11
521.213000000002
 21
-439.3019999999998
 31
0.0
  0
LINE
  5
1FE
330
17
100
AcDbEntity
  8
0
100
AcDbLine
 10
521.213000000002
 20
-439.3019999999998
 30
0.0
 11
520.746000000002
 21
-437.6499999999998
 31
0.0
  0
LINE
  5
1FF
330
17
100
AcDbEntity
  8
0
100
AcDbLine
 10
520.746000000002
 20
-437.6499999999998
 30
0.0
 11
520.270000000002
 21
-435.99999999999983
 31
0.0
  0
LINE
  5
200
330
17
100
AcDbEntity
  8
0
100
AcDbLine
 10
520.270000000002
 20
-435.99999999999983
 30
0.0
 11
519.785000000002
 21
-434.3439999999998
 31
0.0
  0
LINE
  5
201
330
17
100
AcDbEntity
  8
0
100
AcDbLine
 10
519.785000000002
 20
-434.3439999999998
 30
0.0
 11
519.2880000000021
 21
-432.67499999999984
 31
0.0
  0
LINE
  5
202
330
17
100
AcDbEntity
  8
0
100
AcDbLine
 10
519.2880000000021
 20
-432.67499999999984
 30
0.0
 11
518.779000000002
 21
-430.98399999999987
 31
0.0
  0
LINE
  5
203
330
17
100
AcDbEntity
  8
0
100
AcDbLine
 10
518.779000000002
 20
-430.98399999999987
 30
0.0
 11
518.256000000002
 21
-429.26399999999984
 31
0.0
  0
LINE
  5
204
330
17
100
AcDbEntity
  8
0
100
AcDbLine
 10
518.256000000002
 20
-429.26399999999984
 30
0.0
 11
517.718000000002
 21
-427.50699999999983
 31
0.0
  0
LINE
  5
205
330
17
100
AcDbEntity
  8
0
100
AcDbLine
 10
517.718000000002
 20
-427.50699999999983
 30
0.0
 11
517.164000000002
 21
-425.7049999999998
 31
0.0
  0
LINE
  5
206
330
17
100
AcDbEntity
  8
0
100
AcDbLine
 10
517.164000000002
 20
-425.7049999999998
 30
0.0
 11
516.592000000002
 21
-423.8499999999998
 31
0.0
  0
LINE
  5
207
330
17
100
AcDbEntity
  8
0
100
AcDbLine
 10
516.592000000002
 20
-423.8499999999998
 30
0.0
 11
516.001000000002
 21
-421.9349999999998
 31
0.0
  0
LINE
  5
208
330
17
100
AcDbEntity
  8
0
100
AcDbLine
 10
516.001000000002
 20
-421.9349999999998
 30
0.0
 11
515.390000000002
 21
-419.9509999999998
 31
0.0
  0
LINE
  5
209
330
17
100
AcDbEntity
  8
0
100
AcDbLine
 10
515.390000000002
 20
-419.9509999999998
 30
0.0
 11
514.757000000002
 21
-417.8899999999998
 31
0.0
  0
LINE
  5
20A
330
17
100
AcDbEntity
  8
0
100
AcDbLine
 10
514.757000000002
 20
-417.8899999999998
 30
0.0
 11
514.101000000002
 21
-415.74499999999983
 31
0.0
  0
LINE
  5
20B
330
17
100
AcDbEntity
  8
0
100
AcDbLine
 10
514.101000000002
 20
-415.74499999999983
 30
0.0
 11
513.4210000000021
 21
-413.5079999999998
 31
0.0
  0
LINE
  5
20C
330
17
100
AcDbEntity
  8
0
100
AcDbLine
 10
513.4210000000021
 20
-413.5079999999998
 30
0.0
 11
512.716000000002
 21
-411.1709999999998
 31
0.0
  0
LINE
  5
20D
330
17
100
AcDbEntity
  8
0
100
AcDbLine
 10
512.716000000002
 20
-411.1709999999998
 30
0.0
 11
511.984000000002
 21
-408.72599999999983
 31
0.0
  0
LINE
  5
20E
330
17
100
AcDbEntity
  8
0
100
AcDbLine
 10
511.984000000002
 20
-408.72599999999983
 30
0.0
 11
511.22400000000204
 21
-406.16499999999985
 31
0.0
  0
LINE
  5
20F
330
17
100
AcDbEntity
  8
0
100
AcDbLine
 10
511.22400000000204
 20
-406.16499999999985
 30
0.0
 11
511.006000000002
 21
-405.42899999999986
 31
0.0
  0
LINE
  5
210
330
17
100
AcDbEntity
  8
0
100
AcDbLine
 10
511.006000000002
 20
-405.42899999999986
 30
0.0
 11
510.788000000002
 21
-404.69299999999987
 31
0.0
  0
LINE
  5
211
330
17
100
AcDbEntity
  8
0
100
AcDbLine
 10
510.788000000002
 20
-404.69299999999987
 30
0.0
 11
510.569000000002
 21
-403.95799999999986
 31
0.0
  0
LINE
  5
212
330
17
100
AcDbEntity
  8
0
100
AcDbLine
 10
510.569000000002
 20
-403.95799999999986
 30
0.0
 11
510.349000000002
 21
-403.22299999999984
 31
0.0
  0
LINE
  5
213
330
17
100
AcDbEntity
  8
0
100
AcDbLine
 10
510.349000000002
 20
-403.22299999999984
 30
0.0
 11
510.12900000000195
 21
-402.48799999999983
 31
0.0
  0
LINE
  5
214
330
17
100
AcDbEntity
  8
0
100
AcDbLine
 10
510.12900000000195
 20
-402.48799999999983
 30
0.0
 11
509.90800000000195
 21
-401.7529999999998
 31
0.0
  0
LINE
  5
215
330
17
100
AcDbEntity
  8
0
100
AcDbLine
 10
509.90800000000195
 20
-401.7529999999998
 30
0.0
 11
509.68600000000197
 21
-401.01899999999983
 31
0.0
  0
LINE
  5
216
330
17
100
AcDbEntity
  8
0
100
AcDbLine
 10
509.68600000000197
 20
-401.01899999999983
 30
0.0
 11
509.464000000002
 21
-400.28499999999985
 31
0.0
  0
LINE
  5
217
330
17
100
AcDbEntity
  8
0
100
AcDbLine
 10
509.464000000002
 20
-400.28499999999985
 30
0.0
 11
509.241000000002
 21
-399.5509999999999
 31
0.0
  0
LINE
  5
218
330
17
100
AcDbEntity
  8
0
100
AcDbLine
 10
509.241000000002
 20
-399.5509999999999
 30
0.0
 11
509.017000000002
 21
-398.8169999999999
 31
0.0
  0
LINE
  5
219
330
17
100
AcDbEntity
  8
0
100
AcDbLine
 10
509.017000000002
 20
-398.8169999999999
 30
0.0
 11
508.793000000002
 21
-398.0829999999999
 31
0.0
  0
LINE
  5
21A
330
17
100
AcDbEntity
  8
0
100
AcDbLine
 10
508.793000000002
 20
-398.0829999999999
 30
0.0
 11
508.568000000002
 21
-397.3499999999999
 31
0.0
  0
LINE
  5
21B
330
17
100
AcDbEntity
  8
0
100
AcDbLine
 10
508.568000000002
 20
-397.3499999999999
 30
0.0
 11
508.342000000002
 21
-396.6169999999999
 31
0.0
  0
LINE
  5
21C
330
17
100
AcDbEntity
  8
0
100
AcDbLine
 10
508.342000000002
 20
-396.6169999999999
 30
0.0
 11
508.116000000002
 21
-395.8839999999999
 31
0.0
  0
LINE
  5
21D
330
17
100
AcDbEntity
  8
0
100
AcDbLine
 10
508.116000000002
 20
-395.8839999999999
 30
0.0
 11
507.889000000002
 21
-395.1509999999999
 31
0.0
  0
LINE
  5
21E
330
17
100
AcDbEntity
  8
0
100
AcDbLine
 10
507.889000000002
 20
-395.1509999999999
 30
0.0
 11
507.661000000002
 21
-394.41899999999987
 31
0.0
  0
LINE
  5
21F
330
17
100
AcDbEntity
  8
0
100
AcDbLine
 10
507.661000000002
 20
-394.41899999999987
 30
0.0
 11
507.433000000002
 21
-393.68699999999984
 31
0.0
  0
LINE
  5
220
330
17
100
AcDbEntity
  8
0
100
AcDbLine
 10
507.433000000002
 20
-393.68699999999984
 30
0.0
 11
507.204000000002
 21
-392.9549999999998
 31
0.0
  0
LINE
  5
221
330
17
100
AcDbEntity
  8
0
100
AcDbLine
 10
507.204000000002
 20
-392.9549999999998
 30
0.0
 11
506.974000000002
 21
-392.2229999999998
 31
0.0
  0
LINE
  5
222
330
17
100
AcDbEntity
  8
0
100
AcDbLine
 10
506.974000000002
 20
-392.2229999999998
 30
0.0
 11
506.74400000000196
 21
-391.49099999999976
 31
0.0
  0
LINE
  5
223
330
17
100
AcDbEntity
  8
0
100
AcDbLine
 10
506.74400000000196
 20
-391.49099999999976
 30
0.0
 11
506.51300000000197
 21
-390.75999999999976
 31
0.0
  0
LINE
  5
224
330
17
100
AcDbEntity
  8
0
100
AcDbLine
 10
506.51300000000197
 20
-390.75999999999976
 30
0.0
 11
506.28100000000194
 21
-390.02899999999977
 31
0.0
  0
LINE
  5
225
330
17
100
AcDbEntity
  8
0
100
AcDbLine
 10
506.28100000000194
 20
-390.02899999999977
 30
0.0
 11
506.0490000000019
 21
-389.2979999999998
 31
0.0
  0
LINE
  5
226
330
17
100
AcDbEntity
  8
0
100
AcDbLine
 10
506.0490000000019
 20
-389.2979999999998
 30
0.0
 11
505.8160000000019
 21
-388.5669999999998
 31
0.0
  0
LINE
  5
227
330
17
100
AcDbEntity
  8
0
100
AcDbLine
 10
505.8160000000019
 20
-388.5669999999998
 30
0.0
 11
505.5820000000019
 21
-387.83699999999976
 31
0.0
  0
LINE
  5
228
330
17
100
AcDbEntity
  8
0
100
AcDbLine
 10
505.5820000000019
 20
-387.83699999999976
 30
0.0
 11
505.34800000000195
 21
-387.10699999999974
 31
0.0
  0
LINE
  5
229
330
17
100
AcDbEntity
  8
0
100
AcDbLine
 10
505.34800000000195
 20
-387.10699999999974
 30
0.0
 11
505.11300000000193
 21
-386.3769999999997
 31
0.0
  0
LINE
  5
22A
330
17
100
AcDbEntity
  8
0
100
AcDbLine
 10
505.11300000000193
 20
-386.3769999999997
 30
0.0
 11
504.87700000000194
 21
-385.6469999999997
 31
0.0
  0
LINE
  5
22B
330
17
100
AcDbEntity
  8
0
100
AcDbLine
 10
504.87700000000194
 20
-385.6469999999997
 30
0.0
 11
504.64100000000195
 21
-384.9179999999997
 31
0.0
  0
LINE
  5
22C
330
17
100
AcDbEntity
  8
0
100
AcDbLine
 10
504.64100000000195
 20
-384.9179999999997
 30
0.0
 11
504.40400000000193
 21
-384.18899999999974
 31
0.0
  0
LINE
  5
22D
330
17
100
AcDbEntity
  8
0
100
AcDbLine
 10
504.40400000000193
 20
-384.18899999999974
 30
0.0
 11
504.16600000000193
 21
-383.45999999999975
 31
0.0
  0
LINE
  5
22E
330
17
100
AcDbEntity
  8
0
100
AcDbLine
 10
504.16600000000193
 20
-383.45999999999975
 30
0.0
 11
503.92800000000193
 21
-382.73099999999977
 31
0.0
  0
LINE
  5
22F
330
17
100
AcDbEntity
  8
0
100
AcDbLine
 10
503.92800000000193
 20
-382.73099999999977
 30
0.0
 11
503.70200000000193
 21
-382.03499999999974
 31
0.0
  0
LINE
  5
230
330
17
100
AcDbEntity
  8
0
100
AcDbLine
 10
503.70200000000193
 20
-382.03499999999974
 30
0.0
 11
503.47800000000194
 21
-381.3339999999997
 31
0.0
  0
LINE
  5
231
330
17
100
AcDbEntity
  8
0
100
AcDbLine
 10
503.47800000000194
 20
-381.3339999999997
 30
0.0
 11
503.25600000000196
 21
-380.62899999999973
 31
0.0
  0
LINE
  5
232
330
17
100
AcDbEntity
  8
0
100
AcDbLine
 10
503.25600000000196
 20
-380.62899999999973
 30
0.0
 11
503.03500000000196
 21
-379.9209999999997
 31
0.0
  0
LINE
  5
233
330
17
100
AcDbEntity
  8
0
100
AcDbLine
 10
503.03500000000196
 20
-379.9209999999997
 30
0.0
 11
502.81600000000196
 21
-379.2089999999997
 31
0.0
  0
LINE
  5
234
330
17
100
AcDbEntity
  8
0
100
AcDbLine
 10
502.81600000000196
 20
-379.2089999999997
 30
0.0
 11
502.59800000000195
 21
-378.4949999999997
 31
0.0
  0
LINE
  5
235
330
17
100
AcDbEntity
  8
0
100
AcDbLine
 10
502.59800000000195
 20
-378.4949999999997
 30
0.0
 11
502.3800000000019
 21
-377.77799999999974
 31
0.0
  0
LINE
  5
236
330
17
100
AcDbEntity
  8
0
100
AcDbLine
 10
502.3800000000019
 20
-377.77799999999974
 30
0.0
 11
502.1620000000019
 21
-377.05899999999974
 31
0.0
  0
LINE
  5
237
330
17
100
AcDbEntity
  8
0
100
AcDbLine
 10
502.1620000000019
 20
-377.05899999999974
 30
0.0
 11
501.9440000000019
 21
-376.33799999999974
 31
0.0
  0
LINE
  5
238
330
17
100
AcDbEntity
  8
0
100
AcDbLine
 10
501.9440000000019
 20
-376.33799999999974
 30
0.0
 11
501.7260000000019
 21
-375.61599999999976
 31
0.0
  0
LINE
  5
239
330
17
100
AcDbEntity
  8
0
100
AcDbLine
 10
501.7260000000019
 20
-375.61599999999976
 30
0.0
 11
501.5070000000019
 21
-374.89299999999974
 31
0.0
  0
LINE
  5
23A
330
17
100
AcDbEntity
  8
0
100
AcDbLine
 10
501.5070000000019
 20
-374.89299999999974
 30
0.0
 11
501.28700000000185
 21
-374.16899999999976
 31
0.0
  0
LINE
  5
23B
330
17
100
AcDbEntity
  8
0
100
AcDbLine
 10
501.28700000000185
 20
-374.16899999999976
 30
0.0
 11
501.06600000000185
 21
-373.44499999999977
 31
0.0
  0
LINE
  5
23C
330
17
100
AcDbEntity
  8
0
100
AcDbLine
 10
501.06600000000185
 20
-373.44499999999977
 30
0.0
 11
500.84300000000184
 21
-372.7209999999998
 31
0.0
  0
LINE
  5
23D
330
17
100
AcDbEntity
  8
0
100
AcDbLine
 10
500.84300000000184
 20
-372.7209999999998
 30
0.0
 11
500.6180000000018
 21
-371.9969999999998
 31
0.0
  0
LINE
  5
23E
330
17
100
AcDbEntity
  8
0
100
AcDbLine
 10
500.6180000000018
 20
-371.9969999999998
 30
0.0
 11
500.3900000000018
 21
-371.2739999999998
 31
0.0
  0
LINE
  5
23F
330
17
100
AcDbEntity
  8
0
100
AcDbLine
 10
500.3900000000018
 20
-371.2739999999998
 30
0.0
 11
500.1600000000018
 21
-370.5519999999998
 31
0.0
  0
LINE
  5
240
330
17
100
AcDbEntity
  8
0
100
AcDbLine
 10
500.1600000000018
 20
-370.5519999999998
 30
0.0
 11
499.9270000000018
 21
-369.83199999999977
 31
0.0
  0
LINE
  5
241
330
17
100
AcDbEntity
  8
0
100
AcDbLine
 10
499.9270000000018
 20
-369.83199999999977
 30
0.0
 11
499.69000000000176
 21
-369.11399999999975
 31
0.0
  0
LINE
  5
242
330
17
100
AcDbEntity
  8
0
100
AcDbLine
 10
499.69000000000176
 20
-369.11399999999975
 30
0.0
 11
499.45000000000175
 21
-368.39799999999974
 31
0.0
  0
LINE
  5
243
330
17
100
AcDbEntity
  8
0
100
AcDbLine
 10
499.45000000000175
 20
-368.39799999999974
 30
0.0
 11
499.2060000000017
 21
-367.6849999999997
 31
0.0
  0
LINE
  5
244
330
17
100
AcDbEntity
  8
0
100
AcDbLine
 10
499.2060000000017
 20
-367.6849999999997
 30
0.0
 11
498.9570000000017
 21
-366.97499999999974
 31
0.0
  0
LINE
  5
245
330
17
100
AcDbEntity
  8
0
100
AcDbLine
 10
498.9570000000017
 20
-366.97499999999974
 30
0.0
 11
498.7040000000017
 21
-366.26799999999974
 31
0.0
  0
LINE
  5
246
330
17
100
AcDbEntity
  8
0
100
AcDbLine
 10
498.7040000000017
 20
-366.26799999999974
 30
0.0
 11
498.44600000000173
 21
-365.56499999999977
 31
0.0
  0
LINE
  5
247
330
17
100
AcDbEntity
  8
0
100
AcDbLine
 10
498.44600000000173
 20
-365.56499999999977
 30
0.0
 11
498.1820000000017
 21
-364.86599999999976
 31
0.0
  0
LINE
  5
248
330
17
100
AcDbEntity
  8
0
100
AcDbLine
 10
498.1820000000017
 20
-364.86599999999976
 30
0.0
 11
497.9130000000017
 21
-364.17099999999976
 31
0.0
  0
LINE
  5
249
330
17
100
AcDbEntity
  8
0
100
AcDbLine
 10
497.9130000000017
 20
-364.17099999999976
 30
0.0
 11
497.63800000000174
 21
-363.48099999999977
 31
0.0
  0
LINE
  5
24A
330
17
100
AcDbEntity
  8
0
100
AcDbLine
 10
497.63800000000174
 20
-363.48099999999977
 30
0.0
 11
497.35600000000176
 21
-362.79599999999976
 31
0.0
  0
LINE
  5
24B
330
17
100
AcDbEntity
  8
0
100
AcDbLine
 10
497.35600000000176
 20
-362.79599999999976
 30
0.0
 11
497.06800000000175
 21
-362.1169999999998
 31
0.0
  0
LINE
  5
24C
330
17
100
AcDbEntity
  8
0
100
AcDbLine
 10
497.06800000000175
 20
-362.1169999999998
 30
0.0
 11
496.77300000000173
 21
-361.4439999999998
 31
0.0
  0
LINE
  5
24D
330
17
100
AcDbEntity
  8
0
100
AcDbLine
 10
496.77300000000173
 20
-361.4439999999998
 30
0.0
 11
496.47000000000173
 21
-360.7769999999998
 31
0.0
  0
LINE
  5
24E
330
17
100
AcDbEntity
  8
0
100
AcDbLine
 10
496.47000000000173
 20
-360.7769999999998
 30
0.0
 11
496.16000000000173
 21
-360.1169999999998
 31
0.0
  0
LINE
  5
24F
330
17
100
AcDbEntity
  8
0
100
AcDbLine
 10
509.3600000000017
 20
-228.3019999999998
 30
0.0
 11
509.73700000000173
 21
-228.3009999999998
 31
0.0
  0
LINE
  5
250
330
17
100
AcDbEntity
  8
0
100
AcDbLine
 10
509.73700000000173
 20
-228.3009999999998
 30
0.0
 11
510.11400000000174
 21
-228.29999999999978
 31
0.0
  0
LINE
  5
251
330
17
100
AcDbEntity
  8
0
100
AcDbLine
 10
510.11400000000174
 20
-228.29999999999978
 30
0.0
 11
510.49100000000175
 21
-228.29899999999978
 31
0.0
  0
LINE
  5
252
330
17
100
AcDbEntity
  8
0
100
AcDbLine
 10
510.49100000000175
 20
-228.29899999999978
 30
0.0
 11
510.86800000000176
 21
-228.29799999999977
 31
0.0
  0
LINE
  5
253
330
17
100
AcDbEntity
  8
0
100
AcDbLine
 10
510.86800000000176
 20
-228.29799999999977
 30
0.0
 11
511.24500000000177
 21
-228.29699999999977
 31
0.0
  0
LINE
  5
254
330
17
100
AcDbEntity
  8
0
100
AcDbLine
 10
511.24500000000177
 20
-228.29699999999977
 30
0.0
 11
511.6220000000018
 21
-228.29599999999976
 31
0.0
  0
LINE
  5
255
330
17
100
AcDbEntity
  8
0
100
AcDbLine
 10
511.6220000000018
 20
-228.29599999999976
 30
0.0
 11
511.9990000000018
 21
-228.29499999999976
 31
0.0
  0
LINE
  5
256
330
17
100
AcDbEntity
  8
0
100
AcDbLine
 10
511.9990000000018
 20
-228.29499999999976
 30
0.0
 11
512.3760000000018
 21
-228.29399999999976
 31
0.0
  0
LINE
  5
257
330
17
100
AcDbEntity
  8
0
100
AcDbLine
 10
512.3760000000018
 20
-228.29399999999976
 30
0.0
 11
512.7530000000017
 21
-228.29299999999975
 31
0.0
  0
LINE
  5
258
330
17
100
AcDbEntity
  8
0
100
AcDbLine
 10
512.7530000000017
 20
-228.29299999999975
 30
0.0
 11
513.1300000000017
 21
-228.29199999999975
 31
0.0
  0
LINE
  5
259
330
17
100
AcDbEntity
  8
0
100
AcDbLine
 10
513.1300000000017
 20
-228.29199999999975
 30
0.0
 11
513.5070000000017
 21
-228.29099999999974
 31
0.0
  0
LINE
  5
25A
330
17
100
AcDbEntity
  8
0
100
AcDbLine
 10
513.5070000000017
 20
-228.29099999999974
 30
0.0
 11
513.8840000000016
 21
-228.28999999999974
 31
0.0
  0
LINE
  5
25B
330
17
100
AcDbEntity
  8
0
100
AcDbLine
 10
513.8840000000016
 20
-228.28999999999974
 30
0.0
 11
514.2610000000016
 21
-228.28899999999973
 31
0.0
  0
LINE
  5
25C
330
17
100
AcDbEntity
  8
0
100
AcDbLine
 10
514.2610000000016
 20
-228.28899999999973
 30
0.0
 11
514.6380000000015
 21
-228.28799999999973
 31
0.0
  0
LINE
  5
25D
330
17
100
AcDbEntity
  8
0
100
AcDbLine
 10
514.6380000000015
 20
-228.28799999999973
 30
0.0
 11
515.0150000000015
 21
-228.28699999999972
 31
0.0
  0
LINE
  5
25E
330
17
100
AcDbEntity
  8
0
100
AcDbLine
 10
515.0150000000015
 20
-228.28699999999972
 30
0.0
 11
515.3920000000014
 21
-228.28599999999972
 31
0.0
  0
LINE
  5
25F
330
17
100
AcDbEntity
  8
0
100
AcDbLine
 10
515.3920000000014
 20
-228.28599999999972
 30
0.0
 11
515.7690000000014
 21
-228.2849999999997
 31
0.0
  0
LINE
  5
260
330
17
100
AcDbEntity
  8
0
100
AcDbLine
 10
515.7690000000014
 20
-228.2849999999997
 30
0.0
 11
516.1460000000013
 21
-228.2839999999997
 31
0.0
  0
LINE
  5
261
330
17
100
AcDbEntity
  8
0
100
AcDbLine
 10
516.1460000000013
 20
-228.2839999999997
 30
0.0
 11
516.5230000000013
 21
-228.2829999999997
 31
0.0
  0
LINE
  5
262
330
17
100
AcDbEntity
  8
0
100
AcDbLine
 10
516.5230000000013
 20
-228.2829999999997
 30
0.0
 11
516.9000000000012
 21
-228.2819999999997
 31
0.0
  0
LINE
  5
263
330
17
100
AcDbEntity
  8
0
100
AcDbLine
 10
516.9000000000012
 20
-228.2819999999997
 30
0.0
 11
517.2770000000012
 21
-228.2809999999997
 31
0.0
  0
LINE
  5
264
330
17
100
AcDbEntity
  8
0
100
AcDbLine
 10
517.2770000000012
 20
-228.2809999999997
 30
0.0
 11
517.6540000000011
 21
-228.2799999999997
 31
0.0
  0
LINE
  5
265
330
17
100
AcDbEntity
  8
0
100
AcDbLine
 10
517.6540000000011
 20
-228.2799999999997
 30
0.0
 11
518.0310000000011
 21
-228.27899999999968
 31
0.0
  0
LINE
  5
266
330
17
100
AcDbEntity
  8
0
100
AcDbLine
 10
518.0310000000011
 20
-228.27899999999968
 30
0.0
 11
518.408000000001
 21
-228.27799999999968
 31
0.0
  0
LINE
  5
267
330
17
100
AcDbEntity
  8
0
100
AcDbLine
 10
518.408000000001
 20
-228.27799999999968
 30
0.0
 11
518.785000000001
 21
-228.27699999999967
 31
0.0
  0
LINE
  5
268
330
17
100
AcDbEntity
  8
0
100
AcDbLine
 10
518.785000000001
 20
-228.27699999999967
 30
0.0
 11
519.162000000001
 21
-228.27599999999967
 31
0.0
  0
LINE
  5
269
330
17
100
AcDbEntity
  8
0
100
AcDbLine
 10
519.162000000001
 20
-228.27599999999967
 30
0.0
 11
519.5390000000009
 21
-228.27499999999966
 31
0.0
  0
LINE
  5
26A
330
17
100
AcDbEntity
  8
0
100
AcDbLine
 10
519.5390000000009
 20
-228.27499999999966
 30
0.0
 11
519.9160000000008
 21
-228.27399999999966
 31
0.0
  0
LINE
  5
26B
330
17
100
AcDbEntity
  8
0
100
AcDbLine
 10
519.9160000000008
 20
-228.27399999999966
 30
0.0
 11
520.2930000000008
 21
-228.27299999999966
 31
0.0
  0
LINE
  5
26C
330
17
100
AcDbEntity
  8
0
100
AcDbLine
 10
520.2930000000008
 20
-228.27299999999966
 30
0.0
 11
520.6700000000008
 21
-228.27199999999965
 31
0.0
  0
LINE
  5
26D
330
17
100
AcDbEntity
  8
0
100
AcDbLine
 10
520.6700000000008
 20
-228.27199999999965
 30
0.0
 11
521.0470000000007
 21
-228.27099999999965
 31
0.0
  0
LINE
  5
26E
330
17
100
AcDbEntity
  8
0
100
AcDbLine
 10
521.0470000000007
 20
-228.27099999999965
 30
0.0
 11
521.4240000000007
 21
-228.26999999999964
 31
0.0
  0
LINE
  5
26F
330
17
100
AcDbEntity
  8
0
100
AcDbLine
 10
521.4240000000007
 20
-228.26999999999964
 30
0.0
 11
521.0530000000007
 21
-226.89099999999965
 31
0.0
  0
LINE
  5
270
330
17
100
AcDbEntity
  8
0
100
AcDbLine
 10
521.0530000000007
 20
-226.89099999999965
 30
0.0
 11
520.6820000000007
 21
-225.51199999999966
 31
0.0
  0
LINE
  5
271
330
17
100
AcDbEntity
  8
0
100
AcDbLine
 10
520.6820000000007
 20
-225.51199999999966
 30
0.0
 11
520.3110000000007
 21
-224.13299999999967
 31
0.0
  0
LINE
  5
272
330
17
100
AcDbEntity
  8
0
100
AcDbLine
 10
520.3110000000007
 20
-224.13299999999967
 30
0.0
 11
519.9400000000007
 21
-222.75399999999968
 31
0.0
  0
LINE
  5
273
330
17
100
AcDbEntity
  8
0
100
AcDbLine
 10
519.9400000000007
 20
-222.75399999999968
 30
0.0
 11
519.5690000000008
 21
-221.3749999999997
 31
0.0
  0
LINE
  5
274
330
17
100
AcDbEntity
  8
0
100
AcDbLine
 10
519.5690000000008
 20
-221.3749999999997
 30
0.0
 11
519.1980000000008
 21
-219.9959999999997
 31
0.0
  0
LINE
  5
275
330
17
100
AcDbEntity
  8
0
100
AcDbLine
 10
519.1980000000008
 20
-219.9959999999997
 30
0.0
 11
518.8270000000008
 21
-218.6169999999997
 31
0.0
  0
LINE
  5
276
330
17
100
AcDbEntity
  8
0
100
AcDbLine
 10
518.8270000000008
 20
-218.6169999999997
 30
0.0
 11
518.4560000000008
 21
-217.23799999999972
 31
0.0
  0
LINE
  5
277
330
17
100
AcDbEntity
  8
0
100
AcDbLine
 10
518.4560000000008
 20
-217.23799999999972
 30
0.0
 11
518.0850000000008
 21
-215.85899999999972
 31
0.0
  0
LINE
  5
278
330
17
100
AcDbEntity
  8
0
100
AcDbLine
 10
518.0850000000008
 20
-215.85899999999972
 30
0.0
 11
517.7140000000009
 21
-214.47999999999973
 31
0.0
  0
LINE
  5
279
330
17
100
AcDbEntity
  8
0
100
AcDbLine
 10
517.7140000000009
 20
-214.47999999999973
 30
0.0
 11
517.3430000000009
 21
-213.10099999999974
 31
0.0
  0
LINE
  5
27A
330
17
100
AcDbEntity
  8
0
100
AcDbLine
 10
517.3430000000009
 20
-213.10099999999974
 30
0.0
 11
516.9720000000009
 21
-211.72199999999975
 31
0.0
  0
LINE
  5
27B
330
17
100
AcDbEntity
  8
0
100
AcDbLine
 10
516.9720000000009
 20
-211.72199999999975
 30
0.0
 11
516.6010000000009
 21
-210.34299999999976
 31
0.0
  0
LINE
  5
27C
330
17
100
AcDbEntity
  8
0
100
AcDbLine
 10
516.6010000000009
 20
-210.34299999999976
 30
0.0
 11
516.2300000000009
 21
-208.96399999999977
 31
0.0
  0
LINE
  5
27D
330
17
100
AcDbEntity
  8
0
100
AcDbLine
 10
516.2300000000009
 20
-208.96399999999977
 30
0.0
 11
515.859000000001
 21
-207.58499999999978
 31
0.0
  0
LINE
  5
27E
330
17
100
AcDbEntity
  8
0
100
AcDbLine
 10
515.859000000001
 20
-207.58499999999978
 30
0.0
 11
515.488000000001
 21
-206.2059999999998
 31
0.0
  0
LINE
  5
27F
330
17
100
AcDbEntity
  8
0
100
AcDbLine
 10
515.488000000001
 20
-206.2059999999998
 30
0.0
 11
515.117000000001
 21
-204.8269999999998
 31
0.0
  0
LINE
  5
280
330
17
100
AcDbEntity
  8
0
100
AcDbLine
 10
515.117000000001
 20
-204.8269999999998
 30
0.0
 11
514.746000000001
 21
-203.4479999999998
 31
0.0
  0
LINE
  5
281
330
17
100
AcDbEntity
  8
0
100
AcDbLine
 10
514.746000000001
 20
-203.4479999999998
 30
0.0
 11
514.375000000001
 21
-202.06899999999982
 31
0.0
  0
LINE
  5
282
330
17
100
AcDbEntity
  8
0
100
AcDbLine
 10
514.375000000001
 20
-202.06899999999982
 30
0.0
 11
514.004000000001
 21
-200.68999999999983
 31
0.0
  0
LINE
  5
283
330
17
100
AcDbEntity
  8
0
100
AcDbLine
 10
514.004000000001
 20
-200.68999999999983
 30
0.0
 11
513.6330000000011
 21
-199.31099999999984
 31
0.0
  0
LINE
  5
284
330
17
100
AcDbEntity
  8
0
100
AcDbLine
 10
513.6330000000011
 20
-199.31099999999984
 30
0.0
 11
513.2620000000011
 21
-197.93199999999985
 31
0.0
  0
LINE
  5
285
330
17
100
AcDbEntity
  8
0
100
AcDbLine
 10
513.2620000000011
 20
-197.93199999999985
 30
0.0
 11
512.8910000000011
 21
-196.55299999999986
 31
0.0
  0
LINE
  5
286
330
17
100
AcDbEntity
  8
0
100
AcDbLine
 10
512.8910000000011
 20
-196.55299999999986
 30
0.0
 11
512.5200000000011
 21
-195.17399999999986
 31
0.0
  0
LINE
  5
287
330
17
100
AcDbEntity
  8
0
100
AcDbLine
 10
512.5200000000011
 20
-195.17399999999986
 30
0.0
 11
512.1490000000011
 21
-193.79499999999987
 31
0.0
  0
LINE
  5
288
330
17
100
AcDbEntity
  8
0
100
AcDbLine
 10
512.1490000000011
 20
-193.79499999999987
 30
0.0
 11
511.77800000000116
 21
-192.41599999999988
 31
0.0
  0
LINE
  5
289
330
17
100
AcDbEntity
  8
0
100
AcDbLine
 10
511.77800000000116
 20
-192.41599999999988
 30
0.0
 11
511.4070000000012
 21
-191.0369999999999
 31
0.0
  0
LINE
  5
28A
330
17
100
AcDbEntity
  8
0
100
AcDbLine
 10
511.4070000000012
 20
-191.0369999999999
 30
0.0
 11
511.0360000000012
 21
-189.6579999999999
 31
0.0
  0
LINE
  5
28B
330
17
100
AcDbEntity
  8
0
100
AcDbLine
 10
511.0360000000012
 20
-189.6579999999999
 30
0.0
 11
510.6650000000012
 21
-188.2789999999999
 31
0.0
  0
LINE
  5
28C
330
17
100
AcDbEntity
  8
0
100
AcDbLine
 10
510.6650000000012
 20
-188.2789999999999
 30
0.0
 11
510.29400000000123
 21
-186.89999999999992
 31
0.0
  0
LINE
  5
28D
330
17
100
AcDbEntity
  8
0
100
AcDbLine
 10
510.29400000000123
 20
-186.89999999999992
 30
0.0
 11
509.92300000000125
 21
-185.52099999999993
 31
0.0
  0
LINE
  5
28E
330
17
100
AcDbEntity
  8
0
100
AcDbLine
 10
509.92300000000125
 20
-185.52099999999993
 30
0.0
 11
509.55200000000127
 21
-184.14199999999994
 31
0.0
  0
LINE
  5
28F
330
17
100
AcDbEntity
  8
0
100
AcDbLine
 10
509.55200000000127
 20
-184.14199999999994
 30
0.0
 11
508.55700000000127
 21
-184.19099999999995
 31
0.0
  0
LINE
  5
290
330
17
100
AcDbEntity
  8
0
100
AcDbLine
 10
508.55700000000127
 20
-184.19099999999995
 30
0.0
 11
507.56200000000126
 21
-184.23999999999995
 31
0.0
  0
LINE
  5
291
330
17
100
AcDbEntity
  8
0
100
AcDbLine
 10
507.56200000000126
 20
-184.23999999999995
 30
0.0
 11
506.56700000000126
 21
-184.28899999999996
 31
0.0
  0
LINE
  5
292
330
17
100
AcDbEntity
  8
0
100
AcDbLine
 10
506.56700000000126
 20
-184.28899999999996
 30
0.0
 11
505.57200000000125
 21
-184.33799999999997
 31
0.0
  0
LINE
  5
293
330
17
100
AcDbEntity
  8
0
100
AcDbLine
 10
505.57200000000125
 20
-184.33799999999997
 30
0.0
 11
504.57700000000125
 21
-184.38699999999997
 31
0.0
  0
LINE
  5
294
330
17
100
AcDbEntity
  8
0
100
AcDbLine
 10
504.57700000000125
 20
-184.38699999999997
 30
0.0
 11
503.58200000000124
 21
-184.43599999999998
 31
0.0
  0
LINE
  5
295
330
17
100
AcDbEntity
  8
0
100
AcDbLine
 10
503.58200000000124
 20
-184.43599999999998
 30
0.0
 11
502.58700000000124
 21
-184.48499999999999
 31
0.0
  0
LINE
  5
296
330
17
100
AcDbEntity
  8
0
100
AcDbLine
 10
502.58700000000124
 20
-184.48499999999999
 30
0.0
 11
501.59200000000124
 21
-184.534
 31
0.0
  0
LINE
  5
297
330
17
100
AcDbEntity
  8
0
100
AcDbLine
 10
501.59200000000124
 20
-184.534
 30
0.0
 11
500.59700000000123
 21
-184.583
 31
0.0
  0
LINE
  5
298
330
17
100
AcDbEntity
  8
0
100
AcDbLine
 10
500.59700000000123
 20
-184.583
 30
0.0
 11
499.6020000000012
 21
-184.632
 31
0.0
  0
LINE
  5
299
330
17
100
AcDbEntity
  8
0
100
AcDbLine
 10
499.6020000000012
 20
-184.632
 30
0.0
 11
498.6070000000012
 21
-184.681
 31
0.0
  0
LINE
  5
29A
330
17
100
AcDbEntity
  8
0
100
AcDbLine
 10
498.6070000000012
 20
-184.681
 30
0.0
 11
497.6120000000012
 21
-184.73000000000002
 31
0.0
  0
LINE
  5
29B
330
17
100
AcDbEntity
  8
0
100
AcDbLine
 10
497.6120000000012
 20
-184.73000000000002
 30
0.0
 11
496.6170000000012
 21
-184.77900000000002
 31
0.0
  0
LINE
  5
29C
330
17
100
AcDbEntity
  8
0
100
AcDbLine
 10
496.6170000000012
 20
-184.77900000000002
 30
0.0
 11
495.6220000000012
 21
-184.82800000000003
 31
0.0
  0
LINE
  5
29D
330
17
100
AcDbEntity
  8
0
100
AcDbLine
 10
495.6220000000012
 20
-184.82800000000003
 30
0.0
 11
494.6270000000012
 21
-184.87700000000004
 31
0.0
  0
LINE
  5
29E
330
17
100
AcDbEntity
  8
0
100
AcDbLine
 10
494.6270000000012
 20
-184.87700000000004
 30
0.0
 11
493.6320000000012
 21
-184.92600000000004
 31
0.0
  0
LINE
  5
29F
330
17
100
AcDbEntity
  8
0
100
AcDbLine
 10
493.6320000000012
 20
-184.92600000000004
 30
0.0
 11
492.6370000000012
 21
-184.97500000000005
 31
0.0
  0
LINE
  5
2A0
330
17
100
AcDbEntity
  8
0
100
AcDbLine
 10
492.6370000000012
 20
-184.97500000000005
 30
0.0
 11
491.6420000000012
 21
-185.02400000000006
 31
0.0
  0
LINE
  5
2A1
330
17
100
AcDbEntity
  8
0
100
AcDbLine
 10
491.6420000000012
 20
-185.02400000000006
 30
0.0
 11
490.6470000000012
 21
-185.07300000000006
 31
0.0
  0
LINE
  5
2A2
330
17
100
AcDbEntity
  8
0
100
AcDbLine
 10
490.6470000000012
 20
-185.07300000000006
 30
0.0
 11
489.6520000000012
 21
-185.12200000000007
 31
0.0
  0
LINE
  5
2A3
330
17
100
AcDbEntity
  8
0
100
AcDbLine
 10
489.6520000000012
 20
-185.12200000000007
 30
0.0
 11
488.6570000000012
 21
-185.17100000000008
 31
0.0
  0
LINE
  5
2A4
330
17
100
AcDbEntity
  8
0
100
AcDbLine
 10
488.6570000000012
 20
-185.17100000000008
 30
0.0
 11
487.66200000000117
 21
-185.22000000000008
 31
0.0
  0
LINE
  5
2A5
330
17
100
AcDbEntity
  8
0
100
AcDbLine
 10
487.66200000000117
 20
-185.22000000000008
 30
0.0
 11
486.66700000000117
 21
-185.2690000000001
 31
0.0
  0
LINE
  5
2A6
330
17
100
AcDbEntity
  8
0
100
AcDbLine
 10
486.66700000000117
 20
-185.2690000000001
 30
0.0
 11
485.67200000000116
 21
-185.3180000000001
 31
0.0
  0
LINE
  5
2A7
330
17
100
AcDbEntity
  8
0
100
AcDbLine
 10
485.67200000000116
 20
-185.3180000000001
 30
0.0
 11
484.67700000000116
 21
-185.3670000000001
 31
0.0
  0
LINE
  5
2A8
330
17
100
AcDbEntity
  8
0
100
AcDbLine
 10
484.67700000000116
 20
-185.3670000000001
 30
0.0
 11
483.68200000000115
 21
-185.4160000000001
 31
0.0
  0
LINE
  5
2A9
330
17
100
AcDbEntity
  8
0
100
AcDbLine
 10
483.68200000000115
 20
-185.4160000000001
 30
0.0
 11
482.68700000000115
 21
-185.46500000000012
 31
0.0
  0
LINE
  5
2AA
330
17
100
AcDbEntity
  8
0
100
AcDbLine
 10
482.68700000000115
 20
-185.46500000000012
 30
0.0
 11
481.69200000000114
 21
-185.51400000000012
 31
0.0
  0
LINE
  5
2AB
330
17
100
AcDbEntity
  8
0
100
AcDbLine
 10
481.69200000000114
 20
-185.51400000000012
 30
0.0
 11
480.69700000000114
 21
-185.56300000000013
 31
0.0
  0
LINE
  5
2AC
330
17
100
AcDbEntity
  8
0
100
AcDbLine
 10
480.69700000000114
 20
-185.56300000000013
 30
0.0
 11
479.70200000000114
 21
-185.61200000000014
 31
0.0
  0
LINE
  5
2AD
330
17
100
AcDbEntity
  8
0
100
AcDbLine
 10
479.70200000000114
 20
-185.61200000000014
 30
0.0
 11
478.70700000000113
 21
-185.66100000000014
 31
0.0
  0
LINE
  5
2AE
330
17
100
AcDbEntity
  8
0
100
AcDbLine
 10
478.70700000000113
 20
-185.66100000000014
 30
0.0
 11
477.7120000000011
 21
-185.71000000000015
 31
0.0
  0
LINE
  5
2AF
330
17
100
AcDbEntity
  8
0
100
AcDbLine
 10
477.7120000000011
 20
-185.71000000000015
 30
0.0
 11
478.7010000000011
 21
-187.04100000000014
 31
0.0
  0
LINE
  5
2B0
330
17
100
AcDbEntity
  8
0
100
AcDbLine
 10
478.7010000000011
 20
-187.04100000000014
 30
0.0
 11
479.6900000000011
 21
-188.37200000000013
 31
0.0
  0
LINE
  5
2B1
330
17
100
AcDbEntity
  8
0
100
AcDbLine
 10
479.6900000000011
 20
-188.37200000000013
 30
0.0
 11
480.67900000000105
 21
-189.70300000000012
 31
0.0
  0
LINE
  5
2B2
330
17
100
AcDbEntity
  8
0
100
AcDbLine
 10
480.67900000000105
 20
-189.70300000000012
 30
0.0
 11
481.66800000000103
 21
-191.0340000000001
 31
0.0
  0
LINE
  5
2B3
330
17
100
AcDbEntity
  8
0
100
AcDbLine
 10
481.66800000000103
 20
-191.0340000000001
 30
0.0
 11
482.657000000001
 21
-192.3650000000001
 31
0.0
  0
LINE
  5
2B4
330
17
100
AcDbEntity
  8
0
100
AcDbLine
 10
482.657000000001
 20
-192.3650000000001
 30
0.0
 11
483.646000000001
 21
-193.69600000000008
 31
0.0
  0
LINE
  5
2B5
330
17
100
AcDbEntity
  8
0
100
AcDbLine
 10
483.646000000001
 20
-193.69600000000008
 30
0.0
 11
484.63500000000096
 21
-195.02700000000007
 31
0.0
  0
LINE
  5
2B6
330
17
100
AcDbEntity
  8
0
100
AcDbLine
 10
484.63500000000096
 20
-195.02700000000007
 30
0.0
 11
485.62400000000093
 21
-196.35800000000006
 31
0.0
  0
LINE
  5
2B7
330
17
100
AcDbEntity
  8
0
100
AcDbLine
 10
485.62400000000093
 20
-196.35800000000006
 30
0.0
 11
486.6130000000009
 21
-197.68900000000005
 31
0.0
  0
LINE
  5
2B8
330
17
100
AcDbEntity
  8
0
100
AcDbLine
 10
486.6130000000009
 20
-197.68900000000005
 30
0.0
 11
487.6020000000009
 21
-199.02000000000004
 31
0.0
  0
LINE
  5
2B9
330
17
100
AcDbEntity
  8
0
100
AcDbLine
 10
487.6020000000009
 20
-199.02000000000004
 30
0.0
 11
488.59100000000086
 21
-200.35100000000003
 31
0.0
  0
LINE
  5
2BA
330
17
100
AcDbEntity
  8
0
100
AcDbLine
 10
488.59100000000086
 20
-200.35100000000003
 30
0.0
 11
489.58000000000084
 21
-201.68200000000002
 31
0.0
  0
LINE
  5
2BB
330
17
100
AcDbEntity
  8
0
100
AcDbLine
 10
489.58000000000084
 20
-201.68200000000002
 30
0.0
 11
490.5690000000008
 21
-203.013
 31
0.0
  0
LINE
  5
2BC
330
17
100
AcDbEntity
  8
0
100
AcDbLine
 10
490.5690000000008
 20
-203.013
 30
0.0
 11
491.5580000000008
 21
-204.344
 31
0.0
  0
LINE
  5
2BD
330
17
100
AcDbEntity
  8
0
100
AcDbLine
 10
491.5580000000008
 20
-204.344
 30
0.0
 11
492.54700000000076
 21
-205.67499999999998
 31
0.0
  0
LINE
  5
2BE
330
17
100
AcDbEntity
  8
0
100
AcDbLine
 10
492.54700000000076
 20
-205.67499999999998
 30
0.0
 11
493.53600000000074
 21
-207.00599999999997
 31
0.0
  0
LINE
  5
2BF
330
17
100
AcDbEntity
  8
0
100
AcDbLine
 10
493.53600000000074
 20
-207.00599999999997
 30
0.0
 11
494.5250000000007
 21
-208.33699999999996
 31
0.0
  0
LINE
  5
2C0
330
17
100
AcDbEntity
  8
0
100
AcDbLine
 10
494.5250000000007
 20
-208.33699999999996
 30
0.0
 11
495.5140000000007
 21
-209.66799999999995
 31
0.0
  0
LINE
  5
2C1
330
17
100
AcDbEntity
  8
0
100
AcDbLine
 10
495.5140000000007
 20
-209.66799999999995
 30
0.0
 11
496.50300000000067
 21
-210.99899999999994
 31
0.0
  0
LINE
  5
2C2
330
17
100
AcDbEntity
  8
0
100
AcDbLine
 10
496.50300000000067
 20
-210.99899999999994
 30
0.0
 11
497.49200000000064
 21
-212.32999999999993
 31
0.0
  0
LINE
  5
2C3
330
17
100
AcDbEntity
  8
0
100
AcDbLine
 10
497.49200000000064
 20
-212.32999999999993
 30
0.0
 11
498.4810000000006
 21
-213.66099999999992
 31
0.0
  0
LINE
  5
2C4
330
17
100
AcDbEntity
  8
0
100
AcDbLine
 10
498.4810000000006
 20
-213.66099999999992
 30
0.0
 11
499.4700000000006
 21
-214.9919999999999
 31
0.0
  0
LINE
  5
2C5
330
17
100
AcDbEntity
  8
0
100
AcDbLine
 10
499.4700000000006
 20
-214.9919999999999
 30
0.0
 11
500.4590000000006
 21
-216.3229999999999
 31
0.0
  0
LINE
  5
2C6
330
17
100
AcDbEntity
  8
0
100
AcDbLine
 10
500.4590000000006
 20
-216.3229999999999
 30
0.0
 11
501.44800000000055
 21
-217.65399999999988
 31
0.0
  0
LINE
  5
2C7
330
17
100
AcDbEntity
  8
0
100
AcDbLine
 10
501.44800000000055
 20
-217.65399999999988
 30
0.0
 11
502.4370000000005
 21
-218.98499999999987
 31
0.0
  0
LINE
  5
2C8
330
17
100
AcDbEntity
  8
0
100
AcDbLine
 10
502.4370000000005
 20
-218.98499999999987
 30
0.0
 11
503.4260000000005
 21
-220.31599999999986
 31
0.0
  0
LINE
  5
2C9
330
17
100
AcDbEntity
  8
0
100
AcDbLine
 10
503.4260000000005
 20
-220.31599999999986
 30
0.0
 11
504.4150000000005
 21
-221.64699999999985
 31
0.0
  0
LINE
  5
2CA
330
17
100
AcDbEntity
  8
0
100
AcDbLine
 10
504.4150000000005
 20
-221.64699999999985
 30
0.0
 11
505.40400000000045
 21
-222.97799999999984
 31
0.0
  0
LINE
  5
2CB
330
17
100
AcDbEntity
  8
0
100
AcDbLine
 10
505.40400000000045
 20
-222.97799999999984
 30
0.0
 11
506.3930000000004
 21
-224.30899999999983
 31
0.0
  0
LINE
  5
2CC
330
17
100
AcDbEntity
  8
0
100
AcDbLine
 10
506.3930000000004
 20
-224.30899999999983
 30
0.0
 11
507.3820000000004
 21
-225.63999999999982
 31
0.0
  0
LINE
  5
2CD
330
17
100
AcDbEntity
  8
0
100
AcDbLine
 10
507.3820000000004
 20
-225.63999999999982
 30
0.0
 11
508.3710000000004
 21
-226.9709999999998
 31
0.0
  0
LINE
  5
2CE
330
17
100
AcDbEntity
  8
0
100
AcDbLine
 10
508.3710000000004
 20
-226.9709999999998
 30
0.0
 11
509.36000000000035
 21
-228.3019999999998
 31
0.0
  0
LINE
  5
2CF
330
17
100
AcDbEntity
  8
0
100
AcDbLine
 10
207.65700000000038
 20
-229.3019999999998
 30
0.0
 11
213.89000000000038
 21
-229.2809999999998
 31
0.0
  0
LINE
  5
2D0
330
17
100
AcDbEntity
  8
0
100
AcDbLine
 10
213.89000000000038
 20
-229.2809999999998
 30
0.0
 11
220.1230000000004
 21
-229.25999999999982
 31
0.0
  0
LINE
  5
2D1
330
17
100
AcDbEntity
  8
0
100
AcDbLine
 10
220.1230000000004
 20
-229.25999999999982
 30
0.0
 11
226.3560000000004
 21
-229.23899999999983
 31
0.0
  0
LINE
  5
2D2
330
17
100
AcDbEntity
  8
0
100
AcDbLine
 10
226.3560000000004
 20
-229.23899999999983
 30
0.0
 11
232.5890000000004
 21
-229.21799999999985
 31
0.0
  0
LINE
  5
2D3
330
17
100
AcDbEntity
  8
0
100
AcDbLine
 10
232.5890000000004
 20
-229.21799999999985
 30
0.0
 11
238.8220000000004
 21
-229.19699999999986
 31
0.0
  0
LINE
  5
2D4
330
17
100
AcDbEntity
  8
0
100
AcDbLine
 10
238.8220000000004
 20
-229.19699999999986
 30
0.0
 11
245.0550000000004
 21
-229.17599999999987
 31
0.0
  0
LINE
  5
2D5
330
17
100
AcDbEntity
  8
0
100
AcDbLine
 10
245.0550000000004
 20
-229.17599999999987
 30
0.0
 11
251.2880000000004
 21
-229.1549999999999
 31
0.0
  0
LINE
  5
2D6
330
17
100
AcDbEntity
  8
0
100
AcDbLine
 10
251.2880000000004
 20
-229.1549999999999
 30
0.0
 11
257.5210000000004
 21
-229.1339999999999
 31
0.0
  0
LINE
  5
2D7
330
17
100
AcDbEntity
  8
0
100
AcDbLine
 10
257.5210000000004
 20
-229.1339999999999
 30
0.0
 11
263.7540000000004
 21
-229.11299999999991
 31
0.0
  0
LINE
  5
2D8
330
17
100
AcDbEntity
  8
0
100
AcDbLine
 10
263.7540000000004
 20
-229.11299999999991
 30
0.0
 11
269.9870000000004
 21
-229.09199999999993
 31
0.0
  0
LINE
  5
2D9
330
17
100
AcDbEntity
  8
0
100
AcDbLine
 10
269.9870000000004
 20
-229.09199999999993
 30
0.0
 11
276.2200000000004
 21
-229.07099999999994
 31
0.0
  0
LINE
  5
2DA
330
17
100
AcDbEntity
  8
0
100
AcDbLine
 10
276.2200000000004
 20
-229.07099999999994
 30
0.0
 11
282.45300000000043
 21
-229.04999999999995
 31
0.0
  0
LINE
  5
2DB
330
17
100
AcDbEntity
  8
0
100
AcDbLine
 10
282.45300000000043
 20
-229.04999999999995
 30
0.0
 11
288.68600000000043
 21
-229.02899999999997
 31
0.0
  0
LINE
  5
2DC
330
17
100
AcDbEntity
  8
0
100
AcDbLine
 10
288.68600000000043
 20
-229.02899999999997
 30
0.0
 11
294.91900000000044
 21
-229.00799999999998
 31
0.0
  0
LINE
  5
2DD
330
17
100
AcDbEntity
  8
0
100
AcDbLine
 10
294.91900000000044
 20
-229.00799999999998
 30
0.0
 11
301.15200000000044
 21
-228.987
 31
0.0
  0
LINE
  5
2DE
330
17
100
AcDbEntity
  8
0
100
AcDbLine
 10
301.15200000000044
 20
-228.987
 30
0.0
 11
307.38500000000045
 21
-228.966
 31
0.0
  0
LINE
  5
2DF
330
17
100
AcDbEntity
  8
0
100
AcDbLine
 10
307.38500000000045
 20
-228.966
 30
0.0
 11
313.61800000000045
 21
-228.94500000000002
 31
0.0
  0
LINE
  5
2E0
330
17
100
AcDbEntity
  8
0
100
AcDbLine
 10
313.61800000000045
 20
-228.94500000000002
 30
0.0
 11
319.85100000000045
 21
-228.92400000000004
 31
0.0
  0
LINE
  5
2E1
330
17
100
AcDbEntity
  8
0
100
AcDbLine
 10
319.85100000000045
 20
-228.92400000000004
 30
0.0
 11
326.08400000000046
 21
-228.90300000000005
 31
0.0
  0
LINE
  5
2E2
330
17
100
AcDbEntity
  8
0
100
AcDbLine
 10
326.08400000000046
 20
-228.90300000000005
 30
0.0
 11
332.31700000000046
 21
-228.88200000000006
 31
0.0
  0
LINE
  5
2E3
330
17
100
AcDbEntity
  8
0
100
AcDbLine
 10
332.31700000000046
 20
-228.88200000000006
 30
0.0
 11
338.55000000000047
 21
-228.86100000000008
 31
0.0
  0
LINE
  5
2E4
330
17
100
AcDbEntity
  8
0
100
AcDbLine
 10
338.55000000000047
 20
-228.86100000000008
 30
0.0
 11
344.78300000000047
 21
-228.8400000000001
 31
0.0
  0
LINE
  5
2E5
330
17
100
AcDbEntity
  8
0
100
AcDbLine
 10
344.78300000000047
 20
-228.8400000000001
 30
0.0
 11
351.0160000000005
 21
-228.8190000000001
 31
0.0
  0
LINE
  5
2E6
330
17
100
AcDbEntity
  8
0
100
AcDbLine
 10
351.0160000000005
 20
-228.8190000000001
 30
0.0
 11
357.2490000000005
 21
-228.79800000000012
 31
0.0
  0
LINE
  5
2E7
330
17
100
AcDbEntity
  8
0
100
AcDbLine
 10
357.2490000000005
 20
-228.79800000000012
 30
0.0
 11
363.4820000000005
 21
-228.77700000000013
 31
0.0
  0
LINE
  5
2E8
330
17
100
AcDbEntity
  8
0
100
AcDbLine
 10
363.4820000000005
 20
-228.77700000000013
 30
0.0
 11
369.7150000000005
 21
-228.75600000000014
 31
0.0
  0
LINE
  5
2E9
330
17
100
AcDbEntity
  8
0
100
AcDbLine
 10
369.7150000000005
 20
-228.75600000000014
 30
0.0
 11
375.9480000000005
 21
-228.73500000000016
 31
0.0
  0
LINE
  5
2EA
330
17
100
AcDbEntity
  8
0
100
AcDbLine
 10
375.9480000000005
 20
-228.73500000000016
 30
0.0
 11
382.1810000000005
 21
-228.71400000000017
 31
0.0
  0
LINE
  5
2EB
330
17
100
AcDbEntity
  8
0
100
AcDbLine
 10
382.1810000000005
 20
-228.71400000000017
 30
0.0
 11
388.4140000000005
 21
-228.69300000000018
 31
0.0
  0
LINE
  5
2EC
330
17
100
AcDbEntity
  8
0
100
AcDbLine
 10
388.4140000000005
 20
-228.69300000000018
 30
0.0
 11
394.6470000000005
 21
-228.6720000000002
 31
0.0
  0
LINE
  5
2ED
330
17
100
AcDbEntity
  8
0
100
AcDbLine
 10
394.6470000000005
 20
-228.6720000000002
 30
0.0
 11
400.8800000000005
 21
-228.6510000000002
 31
0.0
  0
LINE
  5
2EE
330
17
100
AcDbEntity
  8
0
100
AcDbLine
 10
400.8800000000005
 20
-228.6510000000002
 30
0.0
 11
407.1130000000005
 21
-228.63000000000022
 31
0.0
  0
LINE
  5
2EF
330
17
100
AcDbEntity
  8
0
100
AcDbLine
 10
407.1130000000005
 20
-228.63000000000022
 30
0.0
 11
406.2570000000005
 21
-227.44100000000023
 31
0.0
  0
LINE
  5
2F0
330
17
100
AcDbEntity
  8
0
100
AcDbLine
 10
406.2570000000005
 20
-227.44100000000023
 30
0.0
 11
405.4010000000005
 21
-226.25200000000024
 31
0.0
  0
LINE
  5
2F1
330
17
100
AcDbEntity
  8
0
100
AcDbLine
 10
405.4010000000005
 20
-226.25200000000024
 30
0.0
 11
404.5450000000005
 21
-225.06300000000024
 31
0.0
  0
LINE
  5
2F2
330
17
100
AcDbEntity
  8
0
100
AcDbLine
 10
404.5450000000005
 20
-225.06300000000024
 30
0.0
 11
403.68900000000053
 21
-223.87400000000025
 31
0.0
  0
LINE
  5
2F3
330
17
100
AcDbEntity
  8
0
100
AcDbLine
 10
403.68900000000053
 20
-223.87400000000025
 30
0.0
 11
402.8340000000005
 21
-222.68500000000026
 31
0.0
  0
LINE
  5
2F4
330
17
100
AcDbEntity
  8
0
100
AcDbLine
 10
402.8340000000005
 20
-222.68500000000026
 30
0.0
 11
401.9780000000005
 21
-221.49600000000027
 31
0.0
  0
LINE
  5
2F5
330
17
100
AcDbEntity
  8
0
100
AcDbLine
 10
401.9780000000005
 20
-221.49600000000027
 30
0.0
 11
401.1220000000005
 21
-220.30700000000027
 31
0.0
  0
LINE
  5
2F6
330
17
100
AcDbEntity
  8
0
100
AcDbLine
 10
401.1220000000005
 20
-220.30700000000027
 30
0.0
 11
400.26600000000053
 21
-219.11800000000028
 31
0.0
  0
LINE
  5
2F7
330
17
100
AcDbEntity
  8
0
100
AcDbLine
 10
400.26600000000053
 20
-219.11800000000028
 30
0.0
 11
399.41000000000054
 21
-217.9290000000003
 31
0.0
  0
LINE
  5
2F8
330
17
100
AcDbEntity
  8
0
100
AcDbLine
 10
399.41000000000054
 20
-217.9290000000003
 30
0.0
 11
398.55400000000054
 21
-216.7400000000003
 31
0.0
  0
LINE
  5
2F9
330
17
100
AcDbEntity
  8
0
100
AcDbLine
 10
398.55400000000054
 20
-216.7400000000003
 30
0.0
 11
397.69800000000055
 21
-215.5510000000003
 31
0.0
  0
LINE
  5
2FA
330
17
100
AcDbEntity
  8
0
100
AcDbLine
 10
397.69800000000055
 20
-215.5510000000003
 30
0.0
 11
396.84200000000055
 21
-214.3620000000003
 31
0.0
  0
LINE
  5
2FB
330
17
100
AcDbEntity
  8
0
100
AcDbLine
 10
396.84200000000055
 20
-214.3620000000003
 30
0.0
 11
395.98700000000053
 21
-213.17300000000031
 31
0.0
  0
LINE
  5
2FC
330
17
100
AcDbEntity
  8
0
100
AcDbLine
 10
395.98700000000053
 20
-213.17300000000031
 30
0.0
 11
395.13100000000054
 21
-211.98400000000032
 31
0.0
  0
LINE
  5
2FD
330
17
100
AcDbEntity
  8
0
100
AcDbLine
 10
395.13100000000054
 20
-211.98400000000032
 30
0.0
 11
394.27500000000055
 21
-210.79500000000033
 31
0.0
  0
LINE
  5
2FE
330
17
100
AcDbEntity
  8
0
100
AcDbLine
 10
394.27500000000055
 20
-210.79500000000033
 30
0.0
 11
393.41900000000055
 21
-209.60600000000034
 31
0.0
  0
LINE
  5
2FF
330
17
100
AcDbEntity
  8
0
100
AcDbLine
 10
393.41900000000055
 20
-209.60600000000034
 30
0.0
 11
392.56300000000056
 21
-208.41700000000034
 31
0.0
  0
LINE
  5
300
330
17
100
AcDbEntity
  8
0
100
AcDbLine
 10
392.56300000000056
 20
-208.41700000000034
 30
0.0
 11
391.70700000000056
 21
-207.22800000000035
 31
0.0
  0
LINE
  5
301
330
17
100
AcDbEntity
  8
0
100
AcDbLine
 10
391.70700000000056
 20
-207.22800000000035
 30
0.0
 11
390.85100000000057
 21
-206.03900000000036
 31
0.0
  0
LINE
  5
302
330
17
100
AcDbEntity
  8
0
100
AcDbLine
 10
390.85100000000057
 20
-206.03900000000036
 30
0.0
 11
389.9950000000006
 21
-204.85000000000036
 31
0.0
  0
LINE
  5
303
330
17
100
AcDbEntity
  8
0
100
AcDbLine
 10
389.9950000000006
 20
-204.85000000000036
 30
0.0
 11
389.14000000000055
 21
-203.66100000000037
 31
0.0
  0
LINE
  5
304
330
17
100
AcDbEntity
  8
0
100
AcDbLine
 10
389.14000000000055
 20
-203.66100000000037
 30
0.0
 11
388.28400000000056
 21
-202.47200000000038
 31
0.0
  0
LINE
  5
305
330
17
100
AcDbEntity
  8
0
100
AcDbLine
 10
388.28400000000056
 20
-202.47200000000038
 30
0.0
 11
387.42800000000057
 21
-201.28300000000038
 31
0.0
  0
LINE
  5
306
330
17
100
AcDbEntity
  8
0
100
AcDbLine
 10
387.42800000000057
 20
-201.28300000000038
 30
0.0
 11
386.57200000000057
 21
-200.0940000000004
 31
0.0
  0
LINE
  5
307
330
17
100
AcDbEntity
  8
0
100
AcDbLine
 10
386.57200000000057
 20
-200.0940000000004
 30
0.0
 11
385.7160000000006
 21
-198.9050000000004
 31
0.0
  0
LINE
  5
308
330
17
100
AcDbEntity
  8
0
100
AcDbLine
 10
385.7160000000006
 20
-198.9050000000004
 30
0.0
 11
384.8600000000006
 21
-197.7160000000004
 31
0.0
  0
LINE
  5
309
330
17
100
AcDbEntity
  8
0
100
AcDbLine
 10
384.8600000000006
 20
-197.7160000000004
 30
0.0
 11
384.0040000000006
 21
-196.5270000000004
 31
0.0
  0
LINE
  5
30A
330
17
100
AcDbEntity
  8
0
100
AcDbLine
 10
384.0040000000006
 20
-196.5270000000004
 30
0.0
 11
383.1480000000006
 21
-195.33800000000042
 31
0.0
  0
LINE
  5
30B
330
17
100
AcDbEntity
  8
0
100
AcDbLine
 10
383.1480000000006
 20
-195.33800000000042
 30
0.0
 11
382.2930000000006
 21
-194.14900000000043
 31
0.0
  0
LINE
  5
30C
330
17
100
AcDbEntity
  8
0
100
AcDbLine
 10
382.2930000000006
 20
-194.14900000000043
 30
0.0
 11
381.4370000000006
 21
-192.96000000000043
 31
0.0
  0
LINE
  5
30D
330
17
100
AcDbEntity
  8
0
100
AcDbLine
 10
381.4370000000006
 20
-192.96000000000043
 30
0.0
 11
380.5810000000006
 21
-191.77100000000044
 31
0.0
  0
LINE
  5
30E
330
17
100
AcDbEntity
  8
0
100
AcDbLine
 10
380.5810000000006
 20
-191.77100000000044
 30
0.0
 11
379.7250000000006
 21
-190.58200000000045
 31
0.0
  0
LINE
  5
30F
330
17
100
AcDbEntity
  8
0
100
AcDbLine
 10
379.7250000000006
 20
-190.58200000000045
 30
0.0
 11
373.6500000000006
 21
-190.88300000000044
 31
0.0
  0
LINE
  5
310
330
17
100
AcDbEntity
  8
0
100
AcDbLine
 10
373.6500000000006
 20
-190.88300000000044
 30
0.0
 11
367.5750000000006
 21
-191.18400000000042
 31
0.0
  0
LINE
  5
311
330
17
100
AcDbEntity
  8
0
100
AcDbLine
 10
367.5750000000006
 20
-191.18400000000042
 30
0.0
 11
361.5000000000006
 21
-191.4850000000004
 31
0.0
  0
LINE
  5
312
330
17
100
AcDbEntity
  8
0
100
AcDbLine
 10
361.5000000000006
 20
-191.4850000000004
 30
0.0
 11
355.42500000000064
 21
-191.7860000000004
 31
0.0
  0
LINE
  5
313
330
17
100
AcDbEntity
  8
0
100
AcDbLine
 10
355.42500000000064
 20
-191.7860000000004
 30
0.0
 11
349.35000000000065
 21
-192.0870000000004
 31
0.0
  0
LINE
  5
314
330
17
100
AcDbEntity
  8
0
100
AcDbLine
 10
349.35000000000065
 20
-192.0870000000004
 30
0.0
 11
343.27500000000066
 21
-192.38800000000037
 31
0.0
  0
LINE
  5
315
330
17
100
AcDbEntity
  8
0
100
AcDbLine
 10
343.27500000000066
 20
-192.38800000000037
 30
0.0
 11
337.20000000000067
 21
-192.68900000000036
 31
0.0
  0
LINE
  5
316
330
17
100
AcDbEntity
  8
0
100
AcDbLine
 10
337.20000000000067
 20
-192.68900000000036
 30
0.0
 11
331.1250000000007
 21
-192.99000000000035
 31
0.0
  0
LINE
  5
317
330
17
100
AcDbEntity
  8
0
100
AcDbLine
 10
331.1250000000007
 20
-192.99000000000035
 30
0.0
 11
325.0500000000007
 21
-193.29100000000034
 31
0.0
  0
LINE
  5
318
330
17
100
AcDbEntity
  8
0
100
AcDbLine
 10
325.0500000000007
 20
-193.29100000000034
 30
0.0
 11
318.9750000000007
 21
-193.59200000000033
 31
0.0
  0
LINE
  5
319
330
17
100
AcDbEntity
  8
0
100
AcDbLine
 10
318.9750000000007
 20
-193.59200000000033
 30
0.0
 11
312.9000000000007
 21
-193.8930000000003
 31
0.0
  0
LINE
  5
31A
330
17
100
AcDbEntity
  8
0
100
AcDbLine
 10
312.9000000000007
 20
-193.8930000000003
 30
0.0
 11
306.8250000000007
 21
-194.1940000000003
 31
0.0
  0
LINE
  5
31B
330
17
100
AcDbEntity
  8
0
100
AcDbLine
 10
306.8250000000007
 20
-194.1940000000003
 30
0.0
 11
300.75000000000074
 21
-194.4950000000003
 31
0.0
  0
LINE
  5
31C
330
17
100
AcDbEntity
  8
0
100
AcDbLine
 10
300.75000000000074
 20
-194.4950000000003
 30
0.0
 11
294.67500000000075
 21
-194.79600000000028
 31
0.0
  0
LINE
  5
31D
330
17
100
AcDbEntity
  8
0
100
AcDbLine
 10
294.67500000000075
 20
-194.79600000000028
 30
0.0
 11
288.60000000000076
 21
-195.09700000000026
 31
0.0
  0
LINE
  5
31E
330
17
100
AcDbEntity
  8
0
100
AcDbLine
 10
288.60000000000076
 20
-195.09700000000026
 30
0.0
 11
282.5250000000008
 21
-195.39800000000025
 31
0.0
  0
LINE
  5
31F
330
17
100
AcDbEntity
  8
0
100
AcDbLine
 10
282.5250000000008
 20
-195.39800000000025
 30
0.0
 11
276.4500000000008
 21
-195.69900000000024
 31
0.0
  0
LINE
  5
320
330
17
100
AcDbEntity
  8
0
100
AcDbLine
 10
276.4500000000008
 20
-195.69900000000024
 30
0.0
 11
270.3750000000008
 21
-196.00000000000023
 31
0.0
  0
LINE
  5
321
330
17
100
AcDbEntity
  8
0
100
AcDbLine
 10
270.3750000000008
 20
-196.00000000000023
 30
0.0
 11
264.3000000000008
 21
-196.30100000000022
 31
0.0
  0
LINE
  5
322
330
17
100
AcDbEntity
  8
0
100
AcDbLine
 10
264.3000000000008
 20
-196.30100000000022
 30
0.0
 11
258.2250000000008
 21
-196.6020000000002
 31
0.0
  0
LINE
  5
323
330
17
100
AcDbEntity
  8
0
100
AcDbLine
 10
258.2250000000008
 20
-196.6020000000002
 30
0.0
 11
252.15000000000083
 21
-196.9030000000002
 31
0.0
  0
LINE
  5
324
330
17
100
AcDbEntity
  8
0
100
AcDbLine
 10
252.15000000000083
 20
-196.9030000000002
 30
0.0
 11
246.07500000000084
 21
-197.20400000000018
 31
0.0
  0
LINE
  5
325
330
17
100
AcDbEntity
  8
0
100
AcDbLine
 10
246.07500000000084
 20
-197.20400000000018
 30
0.0
 11
240.00000000000085
 21
-197.50500000000017
 31
0.0
  0
LINE
  5
326
330
17
100
AcDbEntity
  8
0
100
AcDbLine
 10
240.00000000000085
 20
-197.50500000000017
 30
0.0
 11
233.92500000000086
 21
-197.80600000000015
 31
0.0
  0
LINE
  5
327
330
17
100
AcDbEntity
  8
0
100
AcDbLine
 10
233.92500000000086
 20
-197.80600000000015
 30
0.0
 11
227.85000000000088
 21
-198.10700000000014
 31
0.0
  0
LINE
  5
328
330
17
100
AcDbEntity
  8
0
100
AcDbLine
 10
227.85000000000088
 20
-198.10700000000014
 30
0.0
 11
221.7750000000009
 21
-198.40800000000013
 31
0.0
  0
LINE
  5
329
330
17
100
AcDbEntity
  8
0
100
AcDbLine
 10
221.7750000000009
 20
-198.40800000000013
 30
0.0
 11
215.7000000000009
 21
-198.70900000000012
 31
0.0
  0
LINE
  5
32A
330
17
100
AcDbEntity
  8
0
100
AcDbLine
 10
215.7000000000009
 20
-198.70900000000012
 30
0.0
 11
209.6250000000009
 21
-199.0100000000001
 31
0.0
  0
LINE
  5
32B
330
17
100
AcDbEntity
  8
0
100
AcDbLine
 10
209.6250000000009
 20
-199.0100000000001
 30
0.0
 11
203.55000000000092
 21
-199.3110000000001
 31
0.0
  0
LINE
  5
32C
330
17
100
AcDbEntity
  8
0
100
AcDbLine
 10
203.55000000000092
 20
-199.3110000000001
 30
0.0
 11
197.47500000000093
 21
-199.61200000000008
 31
0.0
  0
LINE
  5
32D
330
17
100
AcDbEntity
  8
0
100
AcDbLine
 10
197.47500000000093
 20
-199.61200000000008
 30
0.0
 11
191.40000000000094
 21
-199.91300000000007
 31
0.0
  0
LINE
  5
32E
330
17
100
AcDbEntity
  8
0
100
AcDbLine
 10
191.40000000000094
 20
-199.91300000000007
 30
0.0
 11
185.32500000000095
 21
-200.21400000000006
 31
0.0
  0
LINE
  5
32F
330
17
100
AcDbEntity
  8
0
100
AcDbLine
 10
185.32500000000095
 20
-200.21400000000006
 30
0.0
 11
186.02200000000096
 21
-201.12300000000005
 31
0.0
  0
LINE
  5
330
330
17
100
AcDbEntity
  8
0
100
AcDbLine
 10
186.02200000000096
 20
-201.12300000000005
 30
0.0
 11
186.71900000000096
 21
-202.03200000000004
 31
0.0
  0
LINE
  5
331
330
17
100
AcDbEntity
  8
0
100
AcDbLine
 10
186.71900000000096
 20
-202.03200000000004
 30
0.0
 11
187.41600000000096
 21
-202.94100000000003
 31
0.0
  0
LINE
  5
332
330
17
100
AcDbEntity
  8
0
100
AcDbLine
 10
187.41600000000096
 20
-202.94100000000003
 30
0.0
 11
188.11300000000097
 21
-203.85000000000002
 31
0.0
  0
LINE
  5
333
330
17
100
AcDbEntity
  8
0
100
AcDbLine
 10
188.11300000000097
 20
-203.85000000000002
 30
0.0
 11
188.81000000000097
 21
-204.75900000000001
 31
0.0
  0
LINE
  5
334
330
17
100
AcDbEntity
  8
0
100
AcDbLine
 10
188.81000000000097
 20
-204.75900000000001
 30
0.0
 11
189.50700000000097
 21
-205.668
 31
0.0
  0
LINE
  5
335
330
17
100
AcDbEntity
  8
0
100
AcDbLine
 10
189.50700000000097
 20
-205.668
 30
0.0
 11
190.20400000000097
 21
-206.577
 31
0.0
  0
LINE
  5
336
330
17
100
AcDbEntity
  8
0
100
AcDbLine
 10
190.20400000000097
 20
-206.577
 30
0.0
 11
190.90100000000098
 21
-207.486
 31
0.0
  0
LINE
  5
337
330
17
100
AcDbEntity
  8
0
100
AcDbLine
 10
190.90100000000098
 20
-207.486
 30
0.0
 11
191.59800000000098
 21
-208.39499999999998
 31
0.0
  0
LINE
  5
338
330
17
100
AcDbEntity
  8
0
100
AcDbLine
 10
191.59800000000098
 20
-208.39499999999998
 30
0.0
 11
192.29500000000098
 21
-209.30399999999997
 31
0.0
  0
LINE
  5
339
330
17
100
AcDbEntity
  8
0
100
AcDbLine
 10
192.29500000000098
 20
-209.30399999999997
 30
0.0
 11
192.99200000000098
 21
-210.21299999999997
 31
0.0
  0
LINE
  5
33A
330
17
100
AcDbEntity
  8
0
100
AcDbLine
 10
192.99200000000098
 20
-210.21299999999997
 30
0.0
 11
193.689000000001
 21
-211.12199999999996
 31
0.0
  0
LINE
  5
33B
330
17
100
AcDbEntity
  8
0
100
AcDbLine
 10
193.689000000001
 20
-211.12199999999996
 30
0.0
 11
194.386000000001
 21
-212.03099999999995
 31
0.0
  0
LINE
  5
33C
330
17
100
AcDbEntity
  8
0
100
AcDbLine
 10
194.386000000001
 20
-212.03099999999995
 30
0.0
 11
195.083000000001
 21
-212.93999999999994
 31
0.0
  0
LINE
  5
33D
330
17
100
AcDbEntity
  8
0
100
AcDbLine
 10
195.083000000001
 20
-212.93999999999994
 30
0.0
 11
195.780000000001
 21
-213.84899999999993
 31
0.0
  0
LINE
  5
33E
330
17
100
AcDbEntity
  8
0
100
AcDbLine
 10
195.780000000001
 20
-213.84899999999993
 30
0.0
 11
196.477000000001
 21
-214.75799999999992
 31
0.0
  0
LINE
  5
33F
330
17
100
AcDbEntity
  8
0
100
AcDbLine
 10
196.477000000001
 20
-214.75799999999992
 30
0.0
 11
197.174000000001
 21
-215.66699999999992
 31
0.0
  0
LINE
  5
340
330
17
100
AcDbEntity
  8
0
100
AcDbLine
 10
197.174000000001
 20
-215.66699999999992
 30
0.0
 11
197.871000000001
 21
-216.5759999999999
 31
0.0
  0
LINE
  5
341
330
17
100
AcDbEntity
  8
0
100
AcDbLine
 10
197.871000000001
 20
-216.5759999999999
 30
0.0
 11
198.568000000001
 21
-217.4849999999999
 31
0.0
  0
LINE
  5
342
330
17
100
AcDbEntity
  8
0
100
AcDbLine
 10
198.568000000001
 20
-217.4849999999999
 30
0.0
 11
199.265000000001
 21
-218.3939999999999
 31
0.0
  0
LINE
  5
343
330
17
100
AcDbEntity
  8
0
100
AcDbLine
 10
199.265000000001
 20
-218.3939999999999
 30
0.0
 11
199.962000000001
 21
-219.30299999999988
 31
0.0
  0
LINE
  5
344
330
17
100
AcDbEntity
  8
0
100
AcDbLine
 10
199.962000000001
 20
-219.30299999999988
 30
0.0
 11
200.65900000000101
 21
-220.21199999999988
 31
0.0
  0
LINE
  5
345
330
17
100
AcDbEntity
  8
0
100
AcDbLine
 10
200.65900000000101
 20
-220.21199999999988
 30
0.0
 11
201.35600000000102
 21
-221.12099999999987
 31
0.0
  0
LINE
  5
346
330
17
100
AcDbEntity
  8
0
100
AcDbLine
 10
201.35600000000102
 20
-221.12099999999987
 30
0.0
 11
202.05300000000102
 21
-222.02999999999986
 31
0.0
  0
LINE
  5
347
330
17
100
AcDbEntity
  8
0
100
AcDbLine
 10
202.05300000000102
 20
-222.02999999999986
 30
0.0
 11
202.75000000000102
 21
-222.93899999999985
 31
0.0
  0
LINE
  5
348
330
17
100
AcDbEntity
  8
0
100
AcDbLine
 10
202.75000000000102
 20
-222.93899999999985
 30
0.0
 11
203.44700000000103
 21
-223.84799999999984
 31
0.0
  0
LINE
  5
349
330
17
100
AcDbEntity
  8
0
100
AcDbLine
 10
203.44700000000103
 20
-223.84799999999984
 30
0.0
 11
204.14400000000103
 21
-224.75699999999983
 31
0.0
  0
LINE
  5
34A
330
17
100
AcDbEntity
  8
0
100
AcDbLine
 10
204.14400000000103
 20
-224.75699999999983
 30
0.0
 11
204.84100000000103
 21
-225.66599999999983
 31
0.0
  0
LINE
  5
34B
330
17
100
AcDbEntity
  8
0
100
AcDbLine
 10
204.84100000000103
 20
-225.66599999999983
 30
0.0
 11
205.53800000000103
 21
-226.57499999999982
 31
0.0
  0
LINE
  5
34C
330
17
100
AcDbEntity
  8
0
100
AcDbLine
 10
205.53800000000103
 20
-226.57499999999982
 30
0.0
 11
206.23500000000104
 21
-227.4839999999998
 31
0.0
  0
LINE
  5
34D
330
17
100
AcDbEntity
  8
0
100
AcDbLine
 10
206.23500000000104
 20
-227.4839999999998
 30
0.0
 11
206.93200000000104
 21
-228.3929999999998
 31
0.0
  0
LINE
  5
34E
330
17
100
AcDbEntity
  8
0
100
AcDbLine
 10
206.93200000000104
 20
-228.3929999999998
 30
0.0
 11
207.62900000000104
 21
-229.3019999999998
 31
0.0
  0
LINE
  5
34F
330
17
100
AcDbEntity
  8
0
100
AcDbLine
 10
83.51700000000105
 20
-205.2719999999998
 30
0.0
 11
83.39300000000105
 21
-205.2779999999998
 31
0.0
  0
LINE
  5
350
330
17
100
AcDbEntity
  8
0
100
AcDbLine
 10
83.39300000000105
 20
-205.2779999999998
 30
0.0
 11
83.26900000000106
 21
-205.2839999999998
 31
0.0
  0
LINE
  5
351
330
17
100
AcDbEntity
  8
0
100
AcDbLine
 10
83.26900000000106
 20
-205.2839999999998
 30
0.0
 11
83.14500000000106
 21
-205.2899999999998
 31
0.0
  0
LINE
  5
352
330
17
100
AcDbEntity
  8
0
100
AcDbLine
 10
83.14500000000106
 20
-205.2899999999998
 30
0.0
 11
83.02100000000107
 21
-205.2959999999998
 31
0.0
  0
LINE
  5
353
330
17
100
AcDbEntity
  8
0
100
AcDbLine
 10
83.02100000000107
 20
-205.2959999999998
 30
0.0
 11
82.89700000000107
 21
-205.3019999999998
 31
0.0
  0
LINE
  5
354
330
17
100
AcDbEntity
  8
0
100
AcDbLine
 10
82.89700000000107
 20
-205.3019999999998
 30
0.0
 11
82.77300000000108
 21
-205.3079999999998
 31
0.0
  0
LINE
  5
355
330
17
100
AcDbEntity
  8
0
100
AcDbLine
 10
82.77300000000108
 20
-205.3079999999998
 30
0.0
 11
82.64900000000108
 21
-205.3139999999998
 31
0.0
  0
LINE
  5
356
330
17
100
AcDbEntity
  8
0
100
AcDbLine
 10
82.64900000000108
 20
-205.3139999999998
 30
0.0
 11
82.52500000000109
 21
-205.3199999999998
 31
0.0
  0
LINE
  5
357
330
17
100
AcDbEntity
  8
0
100
AcDbLine
 10
82.52500000000109
 20
-205.3199999999998
 30
0.0
 11
82.40100000000109
 21
-205.3259999999998
 31
0.0
  0
LINE
  5
358
330
17
100
AcDbEntity
  8
0
100
AcDbLine
 10
82.40100000000109
 20
-205.3259999999998
 30
0.0
 11
82.2770000000011
 21
-205.3319999999998
 31
0.0
  0
LINE
  5
359
330
17
100
AcDbEntity
  8
0
100
AcDbLine
 10
82.2770000000011
 20
-205.3319999999998
 30
0.0
 11
82.1530000000011
 21
-205.3379999999998
 31
0.0
  0
LINE
  5
35A
330
17
100
AcDbEntity
  8
0
100
AcDbLine
 10
82.1530000000011
 20
-205.3379999999998
 30
0.0
 11
82.0290000000011
 21
-205.3439999999998
 31
0.0
  0
LINE
  5
35B
330
17
100
AcDbEntity
  8
0
100
AcDbLine
 10
82.0290000000011
 20
-205.3439999999998
 30
0.0
 11
81.90500000000111
 21
-205.3499999999998
 31
0.0
  0
LINE
  5
35C
330
17
100
AcDbEntity
  8
0
100
AcDbLine
 10
81.90500000000111
 20
-205.3499999999998
 30
0.0
 11
81.78100000000111
 21
-205.3559999999998
 31
0.0
  0
LINE
  5
35D
330
17
100
AcDbEntity
  8
0
100
AcDbLine
 10
81.78100000000111
 20
-205.3559999999998
 30
0.0
 11
81.65700000000112
 21
-205.3619999999998
 31
0.0
  0
LINE
  5
35E
330
17
100
AcDbEntity
  8
0
100
AcDbLine
 10
81.65700000000112
 20
-205.3619999999998
 30
0.0
 11
81.53300000000112
 21
-205.3679999999998
 31
0.0
  0
LINE
  5
35F
330
17
100
AcDbEntity
  8
0
100
AcDbLine
 10
81.53300000000112
 20
-205.3679999999998
 30
0.0
 11
81.40900000000113
 21
-205.3739999999998
 31
0.0
  0
LINE
  5
360
330
17
100
AcDbEntity
  8
0
100
AcDbLine
 10
81.40900000000113
 20
-205.3739999999998
 30
0.0
 11
81.28500000000113
 21
-205.3799999999998
 31
0.0
  0
LINE
  5
361
330
17
100
AcDbEntity
  8
0
100
AcDbLine
 10
81.28500000000113
 20
-205.3799999999998
 30
0.0
 11
81.16100000000114
 21
-205.3859999999998
 31
0.0
  0
LINE
  5
362
330
17
100
AcDbEntity
  8
0
100
AcDbLine
 10
81.16100000000114
 20
-205.3859999999998
 30
0.0
 11
81.03700000000114
 21
-205.3919999999998
 31
0.0
  0
LINE
  5
363
330
17
100
AcDbEntity
  8
0
100
AcDbLine
 10
81.03700000000114
 20
-205.3919999999998
 30
0.0
 11
80.91300000000115
 21
-205.3979999999998
 31
0.0
  0
LINE
  5
364
330
17
100
AcDbEntity
  8
0
100
AcDbLine
 10
80.91300000000115
 20
-205.3979999999998
 30
0.0
 11
80.78900000000115
 21
-205.4039999999998
 31
0.0
  0
LINE
  5
365
330
17
100
AcDbEntity
  8
0
100
AcDbLine
 10
80.78900000000115
 20
-205.4039999999998
 30
0.0
 11
80.66500000000116
 21
-205.4099999999998
 31
0.0
  0
LINE
  5
366
330
17
100
AcDbEntity
  8
0
100
AcDbLine
 10
80.66500000000116
 20
-205.4099999999998
 30
0.0
 11
80.54100000000116
 21
-205.4159999999998
 31
0.0
  0
LINE
  5
367
330
17
100
AcDbEntity
  8
0
100
AcDbLine
 10
80.54100000000116
 20
-205.4159999999998
 30
0.0
 11
80.41700000000117
 21
-205.4219999999998
 31
0.0
  0
LINE
  5
368
330
17
100
AcDbEntity
  8
0
100
AcDbLine
 10
80.41700000000117
 20
-205.4219999999998
 30
0.0
 11
80.29300000000117
 21
-205.4279999999998
 31
0.0
  0
LINE
  5
369
330
17
100
AcDbEntity
  8
0
100
AcDbLine
 10
80.29300000000117
 20
-205.4279999999998
 30
0.0
 11
80.16900000000118
 21
-205.4339999999998
 31
0.0
  0
LINE
  5
36A
330
17
100
AcDbEntity
  8
0
100
AcDbLine
 10
80.16900000000118
 20
-205.4339999999998
 30
0.0
 11
80.04500000000118
 21
-205.4399999999998
 31
0.0
  0
LINE
  5
36B
330
17
100
AcDbEntity
  8
0
100
AcDbLine
 10
80.04500000000118
 20
-205.4399999999998
 30
0.0
 11
79.92100000000119
 21
-205.4459999999998
 31
0.0
  0
LINE
  5
36C
330
17
100
AcDbEntity
  8
0
100
AcDbLine
 10
79.92100000000119
 20
-205.4459999999998
 30
0.0
 11
79.79700000000119
 21
-205.4519999999998
 31
0.0
  0
LINE
  5
36D
330
17
100
AcDbEntity
  8
0
100
AcDbLine
 10
79.79700000000119
 20
-205.4519999999998
 30
0.0
 11
79.6730000000012
 21
-205.4579999999998
 31
0.0
  0
LINE
  5
36E
330
17
100
AcDbEntity
  8
0
100
AcDbLine
 10
79.6730000000012
 20
-205.4579999999998
 30
0.0
 11
79.5490000000012
 21
-205.4639999999998
 31
0.0
  0
LINE
  5
36F
330
17
100
AcDbEntity
  8
0
100
AcDbLine
 10
79.5490000000012
 20
-205.4639999999998
 30
0.0
 11
79.5490000000012
 21
-206.2219999999998
 31
0.0
  0
LINE
  5
370
330
17
100
AcDbEntity
  8
0
100
AcDbLine
 10
79.5490000000012
 20
-206.2219999999998
 30
0.0
 11
79.5490000000012
 21
-206.97999999999982
 31
0.0
  0
LINE
  5
371
330
17
100
AcDbEntity
  8
0
100
AcDbLine
 10
79.5490000000012
 20
-206.97999999999982
 30
0.0
 11
79.5490000000012
 21
-207.73799999999983
 31
0.0
  0
LINE
  5
372
330
17
100
AcDbEntity
  8
0
100
AcDbLine
 10
79.5490000000012
 20
-207.73799999999983
 30
0.0
 11
79.5490000000012
 21
-208.49599999999984
 31
0.0
  0
LINE
  5
373
330
17
100
AcDbEntity
  8
0
100
AcDbLine
 10
79.5490000000012
 20
-208.49599999999984
 30
0.0
 11
79.5490000000012
 21
-209.25399999999985
 31
0.0
  0
LINE
  5
374
330
17
100
AcDbEntity
  8
0
100
AcDbLine
 10
79.5490000000012
 20
-209.25399999999985
 30
0.0
 11
79.5490000000012
 21
-210.01199999999986
 31
0.0
  0
LINE
  5
375
330
17
100
AcDbEntity
  8
0
100
AcDbLine
 10
79.5490000000012
 20
-210.01199999999986
 30
0.0
 11
79.5490000000012
 21
-210.76999999999987
 31
0.0
  0
LINE
  5
376
330
17
100
AcDbEntity
  8
0
100
AcDbLine
 10
79.5490000000012
 20
-210.76999999999987
 30
0.0
 11
79.5490000000012
 21
-211.52799999999988
 31
0.0
  0
LINE
  5
377
330
17
100
AcDbEntity
  8
0
100
AcDbLine
 10
79.5490000000012
 20
-211.52799999999988
 30
0.0
 11
79.5490000000012
 21
-212.2859999999999
 31
0.0
  0
LINE
  5
378
330
17
100
AcDbEntity
  8
0
100
AcDbLine
 10
79.5490000000012
 20
-212.2859999999999
 30
0.0
 11
79.5490000000012
 21
-213.0439999999999
 31
0.0
  0
LINE
  5
379
330
17
100
AcDbEntity
  8
0
100
AcDbLine
 10
79.5490000000012
 20
-213.0439999999999
 30
0.0
 11
79.5490000000012
 21
-213.8019999999999
 31
0.0
  0
LINE
  5
37A
330
17
100
AcDbEntity
  8
0
100
AcDbLine
 10
79.5490000000012
 20
-213.8019999999999
 30
0.0
 11
79.5490000000012
 21
-214.55999999999992
 31
0.0
  0
LINE
  5
37B
330
17
100
AcDbEntity
  8
0
100
AcDbLine
 10
79.5490000000012
 20
-214.55999999999992
 30
0.0
 11
79.5490000000012
 21
-215.31799999999993
 31
0.0
  0
LINE
  5
37C
330
17
100
AcDbEntity
  8
0
100
AcDbLine
 10
79.5490000000012
 20
-215.31799999999993
 30
0.0
 11
79.5490000000012
 21
-216.07599999999994
 31
0.0
  0
LINE
  5
37D
330
17
100
AcDbEntity
  8
0
100
AcDbLine
 10
79.5490000000012
 20
-216.07599999999994
 30
0.0
 11
79.5490000000012
 21
-216.83399999999995
 31
0.0
  0
LINE
  5
37E
330
17
100
AcDbEntity
  8
0
100
AcDbLine
 10
79.5490000000012
 20
-216.83399999999995
 30
0.0
 11
79.5490000000012
 21
-217.59199999999996
 31
0.0
  0
LINE
  5
37F
330
17
100
AcDbEntity
  8
0
100
AcDbLine
 10
79.5490000000012
 20
-217.59199999999996
 30
0.0
 11
79.5490000000012
 21
-218.34999999999997
 31
0.0
  0
LINE
  5
380
330
17
100
AcDbEntity
  8
0
100
AcDbLine
 10
79.5490000000012
 20
-218.34999999999997
 30
0.0
 11
79.5490000000012
 21
-219.10799999999998
 31
0.0
  0
LINE
  5
381
330
17
100
AcDbEntity
  8
0
100
AcDbLine
 10
79.5490000000012
 20
-219.10799999999998
 30
0.0
 11
79.5490000000012
 21
-219.86599999999999
 31
0.0
  0
LINE
  5
382
330
17
100
AcDbEntity
  8
0
100
AcDbLine
 10
79.5490000000012
 20
-219.86599999999999
 30
0.0
 11
79.5490000000012
 21
-220.624
 31
0.0
  0
LINE
  5
383
330
17
100
AcDbEntity
  8
0
100
AcDbLine
 10
79.5490000000012
 20
-220.624
 30
0.0
 11
79.5490000000012
 21
-221.382
 31
0.0
  0
LINE
  5
384
330
17
100
AcDbEntity
  8
0
100
AcDbLine
 10
79.5490000000012
 20
-221.382
 30
0.0
 11
79.5490000000012
 21
-222.14000000000001
 31
0.0
  0
LINE
  5
385
330
17
100
AcDbEntity
  8
0
100
AcDbLine
 10
79.5490000000012
 20
-222.14000000000001
 30
0.0
 11
79.5490000000012
 21
-222.89800000000002
 31
0.0
  0
LINE
  5
386
330
17
100
AcDbEntity
  8
0
100
AcDbLine
 10
79.5490000000012
 20
-222.89800000000002
 30
0.0
 11
79.5490000000012
 21
-223.65600000000003
 31
0.0
  0
LINE
  5
387
330
17
100
AcDbEntity
  8
0
100
AcDbLine
 10
79.5490000000012
 20
-223.65600000000003
 30
0.0
 11
79.5490000000012
 21
-224.41400000000004
 31
0.0
  0
LINE
  5
388
330
17
100
AcDbEntity
  8
0
100
AcDbLine
 10
79.5490000000012
 20
-224.41400000000004
 30
0.0
 11
79.5490000000012
 21
-225.17200000000005
 31
0.0
  0
LINE
  5
389
330
17
100
AcDbEntity
  8
0
100
AcDbLine
 10
79.5490000000012
 20
-225.17200000000005
 30
0.0
 11
79.5490000000012
 21
-225.93000000000006
 31
0.0
  0
LINE
  5
38A
330
17
100
AcDbEntity
  8
0
100
AcDbLine
 10
79.5490000000012
 20
-225.93000000000006
 30
0.0
 11
79.5490000000012
 21
-226.68800000000007
 31
0.0
  0
LINE
  5
38B
330
17
100
AcDbEntity
  8
0
100
AcDbLine
 10
79.5490000000012
 20
-226.68800000000007
 30
0.0
 11
79.5490000000012
 21
-227.44600000000008
 31
0.0
  0
LINE
  5
38C
330
17
100
AcDbEntity
  8
0
100
AcDbLine
 10
79.5490000000012
 20
-227.44600000000008
 30
0.0
 11
79.5490000000012
 21
-228.2040000000001
 31
0.0
  0
LINE
  5
38D
330
17
100
AcDbEntity
  8
0
100
AcDbLine
 10
79.5490000000012
 20
-228.2040000000001
 30
0.0
 11
79.5490000000012
 21
-228.9620000000001
 31
0.0
  0
LINE
  5
38E
330
17
100
AcDbEntity
  8
0
100
AcDbLine
 10
79.5490000000012
 20
-228.9620000000001
 30
0.0
 11
79.5490000000012
 21
-229.7200000000001
 31
0.0
  0
LINE
  5
38F
330
17
100
AcDbEntity
  8
0
100
AcDbLine
 10
79.5490000000012
 20
-229.7200000000001
 30
0.0
 11
80.3130000000012
 21
-229.71700000000013
 31
0.0
  0
LINE
  5
390
330
17
100
AcDbEntity
  8
0
100
AcDbLine
 10
80.3130000000012
 20
-229.71700000000013
 30
0.0
 11
81.07700000000119
 21
-229.71400000000014
 31
0.0
  0
LINE
  5
391
330
17
100
AcDbEntity
  8
0
100
AcDbLine
 10
81.07700000000119
 20
-229.71400000000014
 30
0.0
 11
81.84100000000119
 21
-229.71100000000015
 31
0.0
  0
LINE
  5
392
330
17
100
AcDbEntity
  8
0
100
AcDbLine
 10
81.84100000000119
 20
-229.71100000000015
 30
0.0
 11
82.60500000000118
 21
-229.70800000000017
 31
0.0
  0
LINE
  5
393
330
17
100
AcDbEntity
  8
0
100
AcDbLine
 10
82.60500000000118
 20
-229.70800000000017
 30
0.0
 11
83.36900000000118
 21
-229.70500000000018
 31
0.0
  0
LINE
  5
394
330
17
100
AcDbEntity
  8
0
100
AcDbLine
 10
83.36900000000118
 20
-229.70500000000018
 30
0.0
 11
84.13300000000118
 21
-229.7020000000002
 31
0.0
  0
LINE
  5
395
330
17
100
AcDbEntity
  8
0
100
AcDbLine
 10
84.13300000000118
 20
-229.7020000000002
 30
0.0
 11
84.89700000000117
 21
-229.6990000000002
 31
0.0
  0
LINE
  5
396
330
17
100
AcDbEntity
  8
0
100
AcDbLine
 10
84.89700000000117
 20
-229.6990000000002
 30
0.0
 11
85.66100000000117
 21
-229.69600000000023
 31
0.0
  0
LINE
  5
397
330
17
100
AcDbEntity
  8
0
100
AcDbLine
 10
85.66100000000117
 20
-229.69600000000023
 30
0.0
 11
86.42500000000116
 21
-229.69300000000024
 31
0.0
  0
LINE
  5
398
330
17
100
AcDbEntity
  8
0
100
AcDbLine
 10
86.42500000000116
 20
-229.69300000000024
 30
0.0
 11
87.18900000000116
 21
-229.69000000000025
 31
0.0
  0
LINE
  5
399
330
17
100
AcDbEntity
  8
0
100
AcDbLine
 10
87.18900000000116
 20
-229.69000000000025
 30
0.0
 11
87.95300000000115
 21
-229.68700000000027
 31
0.0
  0
LINE
  5
39A
330
17
100
AcDbEntity
  8
0
100
AcDbLine
 10
87.95300000000115
 20
-229.68700000000027
 30
0.0
 11
88.71700000000115
 21
-229.68400000000028
 31
0.0
  0
LINE
  5
39B
330
17
100
AcDbEntity
  8
0
100
AcDbLine
 10
88.71700000000115
 20
-229.68400000000028
 30
0.0
 11
89.48100000000115
 21
-229.6810000000003
 31
0.0
  0
LINE
  5
39C
330
17
100
AcDbEntity
  8
0
100
AcDbLine
 10
89.48100000000115
 20
-229.6810000000003
 30
0.0
 11
90.24500000000114
 21
-229.6780000000003
 31
0.0
  0
LINE
  5
39D
330
17
100
AcDbEntity
  8
0
100
AcDbLine
 10
90.24500000000114
 20
-229.6780000000003
 30
0.0
 11
91.00900000000114
 21
-229.67500000000032
 31
0.0
  0
LINE
  5
39E
330
17
100
AcDbEntity
  8
0
100
AcDbLine
 10
91.00900000000114
 20
-229.67500000000032
 30
0.0
 11
91.77300000000113
 21
-229.67200000000034
 31
0.0
  0
LINE
  5
39F
330
17
100
AcDbEntity
  8
0
100
AcDbLine
 10
91.77300000000113
 20
-229.67200000000034
 30
0.0
 11
92.53700000000113
 21
-229.66900000000035
 31
0.0
  0
LINE
  5
3A0
330
17
100
AcDbEntity
  8
0
100
AcDbLine
 10
92.53700000000113
 20
-229.66900000000035
 30
0.0
 11
93.30100000000112
 21
-229.66600000000037
 31
0.0
  0
LINE
  5
3A1
330
17
100
AcDbEntity
  8
0
100
AcDbLine
 10
93.30100000000112
 20
-229.66600000000037
 30
0.0
 11
94.06500000000112
 21
-229.66300000000038
 31
0.0
  0
LINE
  5
3A2
330
17
100
AcDbEntity
  8
0
100
AcDbLine
 10
94.06500000000112
 20
-229.66300000000038
 30
0.0
 11
94.82900000000112
 21
-229.6600000000004
 31
0.0
  0
LINE
  5
3A3
330
17
100
AcDbEntity
  8
0
100
AcDbLine
 10
94.82900000000112
 20
-229.6600000000004
 30
0.0
 11
95.59300000000111
 21
-229.6570000000004
 31
0.0
  0
LINE
  5
3A4
330
17
100
AcDbEntity
  8
0
100
AcDbLine
 10
95.59300000000111
 20
-229.6570000000004
 30
0.0
 11
96.35700000000111
 21
-229.65400000000042
 31
0.0
  0
LINE
  5
3A5
330
17
100
AcDbEntity
  8
0
100
AcDbLine
 10
96.35700000000111
 20
-229.65400000000042
 30
0.0
 11
97.1210000000011
 21
-229.65100000000044
 31
0.0
  0
LINE
  5
3A6
330
17
100
AcDbEntity
  8
0
100
AcDbLine
 10
97.1210000000011
 20
-229.65100000000044
 30
0.0
 11
97.8850000000011
 21
-229.64800000000045
 31
0.0
  0
LINE
  5
3A7
330
17
100
AcDbEntity
  8
0
100
AcDbLine
 10
97.8850000000011
 20
-229.64800000000045
 30
0.0
 11
98.6490000000011
 21
-229.64500000000046
 31
0.0
  0
LINE
  5
3A8
330
17
100
AcDbEntity
  8
0
100
AcDbLine
 10
98.6490000000011
 20
-229.64500000000046
 30
0.0
 11
99.41300000000109
 21
-229.64200000000048
 31
0.0
  0
LINE
  5
3A9
330
17
100
AcDbEntity
  8
0
100
AcDbLine
 10
99.41300000000109
 20
-229.64200000000048
 30
0.0
 11
100.17700000000109
 21
-229.6390000000005
 31
0.0
  0
LINE
  5
3AA
330
17
100
AcDbEntity
  8
0
100
AcDbLine
 10
100.17700000000109
 20
-229.6390000000005
 30
0.0
 11
100.94100000000108
 21
-229.6360000000005
 31
0.0
  0
LINE
  5
3AB
330
17
100
AcDbEntity
  8
0
100
AcDbLine
 10
100.94100000000108
 20
-229.6360000000005
 30
0.0
 11
101.70500000000108
 21
-229.63300000000052
 31
0.0
  0
LINE
  5
3AC
330
17
100
AcDbEntity
  8
0
100
AcDbLine
 10
101.70500000000108
 20
-229.63300000000052
 30
0.0
 11
102.46900000000107
 21
-229.63000000000054
 31
0.0
  0
LINE
  5
3AD
330
17
100
AcDbEntity
  8
0
100
AcDbLine
 10
102.46900000000107
 20
-229.63000000000054
 30
0.0
 11
103.23300000000107
 21
-229.62700000000055
 31
0.0
  0
LINE
  5
3AE
330
17
100
AcDbEntity
  8
0
100
AcDbLine
 10
103.23300000000107
 20
-229.62700000000055
 30
0.0
 11
103.99700000000107
 21
-229.62400000000056
 31
0.0
  0
LINE
  5
3AF
330
17
100
AcDbEntity
  8
0
100
AcDbLine
 10
103.99700000000107
 20
-229.62400000000056
 30
0.0
 11
103.35700000000107
 21
-228.86200000000056
 31
0.0
  0
LINE
  5
3B0
330
17
100
AcDbEntity
  8
0
100
AcDbLine
 10
103.35700000000107
 20
-228.86200000000056
 30
0.0
 11
102.71700000000106
 21
-228.10000000000056
 31
0.0
  0
LINE
  5
3B1
330
17
100
AcDbEntity
  8
0
100
AcDbLine
 10
102.71700000000106
 20
-228.10000000000056
 30
0.0
 11
102.07700000000106
 21
-227.33800000000056
 31
0.0
  0
LINE
  5
3B2
330
17
100
AcDbEntity
  8
0
100
AcDbLine
 10
102.07700000000106
 20
-227.33800000000056
 30
0.0
 11
101.43700000000106
 21
-226.57600000000056
 31
0.0
  0
LINE
  5
3B3
330
17
100
AcDbEntity
  8
0
100
AcDbLine
 10
101.43700000000106
 20
-226.57600000000056
 30
0.0
 11
100.79700000000106
 21
-225.81400000000056
 31
0.0
  0
LINE
  5
3B4
330
17
100
AcDbEntity
  8
0
100
AcDbLine
 10
100.79700000000106
 20
-225.81400000000056
 30
0.0
 11
100.15700000000106
 21
-225.05200000000056
 31
0.0
  0
LINE
  5
3B5
330
17
100
AcDbEntity
  8
0
100
AcDbLine
 10
100.15700000000106
 20
-225.05200000000056
 30
0.0
 11
99.51700000000106
 21
-224.29000000000056
 31
0.0
  0
LINE
  5
3B6
330
17
100
AcDbEntity
  8
0
100
AcDbLine
 10
99.51700000000106
 20
-224.29000000000056
 30
0.0
 11
98.87700000000106
 21
-223.52800000000056
 31
0.0
  0
LINE
  5
3B7
330
17
100
AcDbEntity
  8
0
100
AcDbLine
 10
98.87700000000106
 20
-223.52800000000056
 30
0.0
 11
98.23700000000106
 21
-222.76600000000056
 31
0.0
  0
LINE
  5
3B8
330
17
100
AcDbEntity
  8
0
100
AcDbLine
 10
98.23700000000106
 20
-222.76600000000056
 30
0.0
 11
97.59700000000106
 21
-222.00400000000056
 31
0.0
  0
LINE
  5
3B9
330
17
100
AcDbEntity
  8
0
100
AcDbLine
 10
97.59700000000106
 20
-222.00400000000056
 30
0.0
 11
96.95700000000106
 21
-221.24200000000056
 31
0.0
  0
LINE
  5
3BA
330
17
100
AcDbEntity
  8
0
100
AcDbLine
 10
96.95700000000106
 20
-221.24200000000056
 30
0.0
 11
96.31700000000106
 21
-220.48000000000056
 31
0.0
  0
LINE
  5
3BB
330
17
100
AcDbEntity
  8
0
100
AcDbLine
 10
96.31700000000106
 20
-220.48000000000056
 30
0.0
 11
95.67700000000106
 21
-219.71800000000056
 31
0.0
  0
LINE
  5
3BC
330
17
100
AcDbEntity
  8
0
100
AcDbLine
 10
95.67700000000106
 20
-219.71800000000056
 30
0.0
 11
95.03700000000106
 21
-218.95600000000056
 31
0.0
  0
LINE
  5
3BD
330
17
100
AcDbEntity
  8
0
100
AcDbLine
 10
95.03700000000106
 20
-218.95600000000056
 30
0.0
 11
94.39700000000106
 21
-218.19400000000056
 31
0.0
  0
LINE
  5
3BE
330
17
100
AcDbEntity
  8
0
100
AcDbLine
 10
94.39700000000106
 20
-218.19400000000056
 30
0.0
 11
93.75700000000106
 21
-217.43200000000056
 31
0.0
  0
LINE
  5
3BF
330
17
100
AcDbEntity
  8
0
100
AcDbLine
 10
93.75700000000106
 20
-217.43200000000056
 30
0.0
 11
93.11700000000106
 21
-216.67000000000056
 31
0.0
  0
LINE
  5
3C0
330
17
100
AcDbEntity
  8
0
100
AcDbLine
 10
93.11700000000106
 20
-216.67000000000056
 30
0.0
 11
92.47700000000106
 21
-215.90800000000056
 31
0.0
  0
LINE
  5
3C1
330
17
100
AcDbEntity
  8
0
100
AcDbLine
 10
92.47700000000106
 20
-215.90800000000056
 30
0.0
 11
91.83700000000105
 21
-215.14600000000056
 31
0.0
  0
LINE
  5
3C2
330
17
100
AcDbEntity
  8
0
100
AcDbLine
 10
91.83700000000105
 20
-215.14600000000056
 30
0.0
 11
91.19700000000105
 21
-214.38400000000055
 31
0.0
  0
LINE
  5
3C3
330
17
100
AcDbEntity
  8
0
100
AcDbLine
 10
91.19700000000105
 20
-214.38400000000055
 30
0.0
 11
90.55700000000105
 21
-213.62200000000055
 31
0.0
  0
LINE
  5
3C4
330
17
100
AcDbEntity
  8
0
100
AcDbLine
 10
90.55700000000105
 20
-213.62200000000055
 30
0.0
 11
89.91700000000105
 21
-212.86000000000055
 31
0.0
  0
LINE
  5
3C5
330
17
100
AcDbEntity
  8
0
100
AcDbLine
 10
89.91700000000105
 20
-212.86000000000055
 30
0.0
 11
89.27700000000105
 21
-212.09800000000055
 31
0.0
  0
LINE
  5
3C6
330
17
100
AcDbEntity
  8
0
100
AcDbLine
 10
89.27700000000105
 20
-212.09800000000055
 30
0.0
 11
88.63700000000105
 21
-211.33600000000055
 31
0.0
  0
LINE
  5
3C7
330
17
100
AcDbEntity
  8
0
100
AcDbLine
 10
88.63700000000105
 20
-211.33600000000055
 30
0.0
 11
87.99700000000105
 21
-210.57400000000055
 31
0.0
  0
LINE
  5
3C8
330
17
100
AcDbEntity
  8
0
100
AcDbLine
 10
87.99700000000105
 20
-210.57400000000055
 30
0.0
 11
87.35700000000105
 21
-209.81200000000055
 31
0.0
  0
LINE
  5
3C9
330
17
100
AcDbEntity
  8
0
100
AcDbLine
 10
87.35700000000105
 20
-209.81200000000055
 30
0.0
 11
86.71700000000105
 21
-209.05000000000055
 31
0.0
  0
LINE
  5
3CA
330
17
100
AcDbEntity
  8
0
100
AcDbLine
 10
86.71700000000105
 20
-209.05000000000055
 30
0.0
 11
86.07700000000105
 21
-208.28800000000055
 31
0.0
  0
LINE
  5
3CB
330
17
100
AcDbEntity
  8
0
100
AcDbLine
 10
86.07700000000105
 20
-208.28800000000055
 30
0.0
 11
85.43700000000105
 21
-207.52600000000055
 31
0.0
  0
LINE
  5
3CC
330
17
100
AcDbEntity
  8
0
100
AcDbLine
 10
85.43700000000105
 20
-207.52600000000055
 30
0.0
 11
84.79700000000105
 21
-206.76400000000055
 31
0.0
  0
LINE
  5
3CD
330
17
100
AcDbEntity
  8
0
100
AcDbLine
 10
84.79700000000105
 20
-206.76400000000055
 30
0.0
 11
84.15700000000105
 21
-206.00200000000055
 31
0.0
  0
LINE
  5
3CE
330
17
100
AcDbEntity
  8
0
100
AcDbLine
 10
84.15700000000105
 20
-206.00200000000055
 30
0.0
 11
83.51700000000105
 21
-205.24000000000055
 31
0.0
  0
LINE
  5
3CF
330
17
100
AcDbEntity
  8
0
100
AcDbLine
 10
553.9590000000011
 20
-268.60400000000055
 30
0.0
 11
551.4340000000011
 21
-267.6100000000005
 31
0.0
  0
LINE
  5
3D0
330
17
100
AcDbEntity
  8
0
100
AcDbLine
 10
551.4340000000011
 20
-267.6100000000005
 30
0.0
 11
549.0470000000012
 21
-266.5270000000005
 31
0.0
  0
LINE
  5
3D1
330
17
100
AcDbEntity
  8
0
100
AcDbLine
 10
549.0470000000012
 20
-266.5270000000005
 30
0.0
 11
546.7940000000011
 21
-265.3630000000005
 31
0.0
  0
LINE
  5
3D2
330
17
100
AcDbEntity
  8
0
100
AcDbLine
 10
546.7940000000011
 20
-265.3630000000005
 30
0.0
 11
544.6700000000011
 21
-264.1250000000005
 31
0.0
  0
LINE
  5
3D3
330
17
100
AcDbEntity
  8
0
100
AcDbLine
 10
544.6700000000011
 20
-264.1250000000005
 30
0.0
 11
542.6730000000011
 21
-262.8220000000005
 31
0.0
  0
LINE
  5
3D4
330
17
100
AcDbEntity
  8
0
100
AcDbLine
 10
542.6730000000011
 20
-262.8220000000005
 30
0.0
 11
540.7980000000011
 21
-261.4610000000005
 31
0.0
  0
LINE
  5
3D5
330
17
100
AcDbEntity
  8
0
100
AcDbLine
 10
540.7980000000011
 20
-261.4610000000005
 30
0.0
 11
539.0420000000012
 21
-260.0500000000005
 31
0.0
  0
LINE
  5
3D6
330
17
100
AcDbEntity
  8
0
100
AcDbLine
 10
539.0420000000012
 20
-260.0500000000005
 30
0.0
 11
537.4000000000011
 21
-258.59700000000055
 31
0.0
  0
LINE
  5
3D7
330
17
100
AcDbEntity
  8
0
100
AcDbLine
 10
537.4000000000011
 20
-258.59700000000055
 30
0.0
 11
535.8700000000011
 21
-257.11100000000056
 31
0.0
  0
LINE
  5
3D8
330
17
100
AcDbEntity
  8
0
100
AcDbLine
 10
535.8700000000011
 20
-257.11100000000056
 30
0.0
 11
534.4470000000011
 21
-255.59900000000056
 31
0.0
  0
LINE
  5
3D9
330
17
100
AcDbEntity
  8
0
100
AcDbLine
 10
534.4470000000011
 20
-255.59900000000056
 30
0.0
 11
533.1280000000012
 21
-254.06900000000056
 31
0.0
  0
LINE
  5
3DA
330
17
100
AcDbEntity
  8
0
100
AcDbLine
 10
533.1280000000012
 20
-254.06900000000056
 30
0.0
 11
531.9080000000012
 21
-252.52900000000056
 31
0.0
  0
LINE
  5
3DB
330
17
100
AcDbEntity
  8
0
100
AcDbLine
 10
531.9080000000012
 20
-252.52900000000056
 30
0.0
 11
530.7850000000011
 21
-250.98600000000056
 31
0.0
  0
LINE
  5
3DC
330
17
100
AcDbEntity
  8
0
100
AcDbLine
 10
530.7850000000011
 20
-250.98600000000056
 30
0.0
 11
529.7540000000012
 21
-249.44900000000055
 31
0.0
  0
LINE
  5
3DD
330
17
100
AcDbEntity
  8
0
100
AcDbLine
 10
529.7540000000012
 20
-249.44900000000055
 30
0.0
 11
528.8110000000012
 21
-247.92600000000056
 31
0.0
  0
LINE
  5
3DE
330
17
100
AcDbEntity
  8
0
100
AcDbLine
 10
528.8110000000012
 20
-247.92600000000056
 30
0.0
 11
527.9530000000012
 21
-246.42400000000055
 31
0.0
  0
LINE
  5
3DF
330
17
100
AcDbEntity
  8
0
100
AcDbLine
 10
527.9530000000012
 20
-246.42400000000055
 30
0.0
 11
527.1760000000012
 21
-244.95200000000054
 31
0.0
  0
LINE
  5
3E0
330
17
100
AcDbEntity
  8
0
100
AcDbLine
 10
527.1760000000012
 20
-244.95200000000054
 30
0.0
 11
526.4770000000012
 21
-243.51800000000054
 31
0.0
  0
LINE
  5
3E1
330
17
100
AcDbEntity
  8
0
100
AcDbLine
 10
526.4770000000012
 20
-243.51800000000054
 30
0.0
 11
525.8510000000012
 21
-242.12900000000053
 31
0.0
  0
LINE
  5
3E2
330
17
100
AcDbEntity
  8
0
100
AcDbLine
 10
525.8510000000012
 20
-242.12900000000053
 30
0.0
 11
525.2950000000012
 21
-240.79300000000052
 31
0.0
  0
LINE
  5
3E3
330
17
100
AcDbEntity
  8
0
100
AcDbLine
 10
525.2950000000012
 20
-240.79300000000052
 30
0.0
 11
524.8050000000012
 21
-239.51900000000052
 31
0.0
  0
LINE
  5
3E4
330
17
100
AcDbEntity
  8
0
100
AcDbLine
 10
524.8050000000012
 20
-239.51900000000052
 30
0.0
 11
524.3770000000012
 21
-238.3140000000005
 31
0.0
  0
LINE
  5
3E5
330
17
100
AcDbEntity
  8
0
100
AcDbLine
 10
524.3770000000012
 20
-238.3140000000005
 30
0.0
 11
524.0080000000012
 21
-237.18600000000052
 31
0.0
  0
LINE
  5
3E6
330
17
100
AcDbEntity
  8
0
100
AcDbLine
 10
524.0080000000012
 20
-237.18600000000052
 30
0.0
 11
523.6940000000012
 21
-236.1430000000005
 31
0.0
  0
LINE
  5
3E7
330
17
100
AcDbEntity
  8
0
100
AcDbLine
 10
523.6940000000012
 20
-236.1430000000005
 30
0.0
 11
523.4310000000012
 21
-235.19300000000052
 31
0.0
  0
LINE
  5
3E8
330
17
100
AcDbEntity
  8
0
100
AcDbLine
 10
523.4310000000012
 20
-235.19300000000052
 30
0.0
 11
523.2150000000012
 21
-234.34400000000053
 31
0.0
  0
LINE
  5
3E9
330
17
100
AcDbEntity
  8
0
100
AcDbLine
 10
523.2150000000012
 20
-234.34400000000053
 30
0.0
 11
523.0430000000011
 21
-233.60400000000053
 31
0.0
  0
LINE
  5
3EA
330
17
100
AcDbEntity
  8
0
100
AcDbLine
 10
523.0430000000011
 20
-233.60400000000053
 30
0.0
 11
522.9100000000011
 21
-232.98000000000053
 31
0.0
  0
LINE
  5
3EB
330
17
100
AcDbEntity
  8
0
100
AcDbLine
 10
522.9100000000011
 20
-232.98000000000053
 30
0.0
 11
522.8130000000011
 21
-232.48100000000053
 31
0.0
  0
LINE
  5
3EC
330
17
100
AcDbEntity
  8
0
100
AcDbLine
 10
522.8130000000011
 20
-232.48100000000053
 30
0.0
 11
522.7490000000012
 21
-232.11500000000052
 31
0.0
  0
LINE
  5
3ED
330
17
100
AcDbEntity
  8
0
100
AcDbLine
 10
522.7490000000012
 20
-232.11500000000052
 30
0.0
 11
522.7130000000012
 21
-231.88900000000052
 31
0.0
  0
LINE
  5
3EE
330
17
100
AcDbEntity
  8
0
100
AcDbLine
 10
522.7130000000012
 20
-231.88900000000052
 30
0.0
 11
522.7020000000012
 21
-231.81200000000052
 31
0.0
  0
LINE
  5
3EF
330
17
100
AcDbEntity
  8
0
100
AcDbLine
 10
522.7020000000012
 20
-231.81200000000052
 30
0.0
 11
520.0620000000013
 21
-231.82000000000053
 31
0.0
  0
LINE
  5
3F0
330
17
100
AcDbEntity
  8
0
100
AcDbLine
 10
520.0620000000013
 20
-231.82000000000053
 30
0.0
 11
517.4220000000013
 21
-231.82800000000054
 31
0.0
  0
LINE
  5
3F1
330
17
100
AcDbEntity
  8
0
100
AcDbLine
 10
517.4220000000013
 20
-231.82800000000054
 30
0.0
 11
514.7820000000013
 21
-231.83600000000055
 31
0.0
  0
LINE
  5
3F2
330
17
100
AcDbEntity
  8
0
100
AcDbLine
 10
514.7820000000013
 20
-231.83600000000055
 30
0.0
 11
512.1420000000013
 21
-231.84400000000056
 31
0.0
  0
LINE
  5
3F3
330
17
100
AcDbEntity
  8
0
100
AcDbLine
 10
512.1420000000013
 20
-231.84400000000056
 30
0.0
 11
509.5030000000013
 21
-231.85200000000057
 31
0.0
  0
LINE
  5
3F4
330
17
100
AcDbEntity
  8
0
100
AcDbLine
 10
509.5030000000013
 20
-231.85200000000057
 30
0.0
 11
506.8630000000013
 21
-231.86000000000058
 31
0.0
  0
LINE
  5
3F5
330
17
100
AcDbEntity
  8
0
100
AcDbLine
 10
506.8630000000013
 20
-231.86000000000058
 30
0.0
 11
504.2230000000013
 21
-231.8680000000006
 31
0.0
  0
LINE
  5
3F6
330
17
100
AcDbEntity
  8
0
100
AcDbLine
 10
504.2230000000013
 20
-231.8680000000006
 30
0.0
 11
501.58300000000133
 21
-231.8760000000006
 31
0.0
  0
LINE
  5
3F7
330
17
100
AcDbEntity
  8
0
100
AcDbLine
 10
501.58300000000133
 20
-231.8760000000006
 30
0.0
 11
498.94300000000135
 21
-231.8840000000006
 31
0.0
  0
LINE
  5
3F8
330
17
100
AcDbEntity
  8
0
100
AcDbLine
 10
498.94300000000135
 20
-231.8840000000006
 30
0.0
 11
496.30300000000136
 21
-231.89200000000062
 31
0.0
  0
LINE
  5
3F9
330
17
100
AcDbEntity
  8
0
100
AcDbLine
 10
496.30300000000136
 20
-231.89200000000062
 30
0.0
 11
493.6630000000014
 21
-231.90000000000063
 31
0.0
  0
LINE
  5
3FA
330
17
100
AcDbEntity
  8
0
100
AcDbLine
 10
493.6630000000014
 20
-231.90000000000063
 30
0.0
 11
491.0230000000014
 21
-231.90800000000064
 31
0.0
  0
LINE
  5
3FB
330
17
100
AcDbEntity
  8
0
100
AcDbLine
 10
491.0230000000014
 20
-231.90800000000064
 30
0.0
 11
488.3840000000014
 21
-231.91600000000065
 31
0.0
  0
LINE
  5
3FC
330
17
100
AcDbEntity
  8
0
100
AcDbLine
 10
488.3840000000014
 20
-231.91600000000065
 30
0.0
 11
485.7440000000014
 21
-231.92400000000066
 31
0.0
  0
LINE
  5
3FD
330
17
100
AcDbEntity
  8
0
100
AcDbLine
 10
485.7440000000014
 20
-231.92400000000066
 30
0.0
 11
483.1040000000014
 21
-231.93200000000067
 31
0.0
  0
LINE
  5
3FE
330
17
100
AcDbEntity
  8
0
100
AcDbLine
 10
483.1040000000014
 20
-231.93200000000067
 30
0.0
 11
480.4640000000014
 21
-231.94000000000068
 31
0.0
  0
LINE
  5
3FF
330
17
100
AcDbEntity
  8
0
100
AcDbLine
 10
480.4640000000014
 20
-231.94000000000068
 30
0.0
 11
477.82400000000143
 21
-231.9480000000007
 31
0.0
  0
LINE
  5
400
330
17
100
AcDbEntity
  8
0
100
AcDbLine
 10
477.82400000000143
 20
-231.9480000000007
 30
0.0
 11
475.18400000000145
 21
-231.9560000000007
 31
0.0
  0
LINE
  5
401
330
17
100
AcDbEntity
  8
0
100
AcDbLine
 10
475.18400000000145
 20
-231.9560000000007
 30
0.0
 11
472.54400000000146
 21
-231.9640000000007
 31
0.0
  0
LINE
  5
402
330
17
100
AcDbEntity
  8
0
100
AcDbLine
 10
472.54400000000146
 20
-231.9640000000007
 30
0.0
 11
469.9040000000015
 21
-231.97200000000072
 31
0.0
  0
LINE
  5
403
330
17
100
AcDbEntity
  8
0
100
AcDbLine
 10
469.9040000000015
 20
-231.97200000000072
 30
0.0
 11
467.26500000000146
 21
-231.98000000000073
 31
0.0
  0
LINE
  5
404
330
17
100
AcDbEntity
  8
0
100
AcDbLine
 10
467.26500000000146
 20
-231.98000000000073
 30
0.0
 11
464.6250000000015
 21
-231.98800000000074
 31
0.0
  0
LINE
  5
405
330
17
100
AcDbEntity
  8
0
100
AcDbLine
 10
464.6250000000015
 20
-231.98800000000074
 30
0.0
 11
461.9850000000015
 21
-231.99600000000075
 31
0.0
  0
LINE
  5
406
330
17
100
AcDbEntity
  8
0
100
AcDbLine
 10
461.9850000000015
 20
-231.99600000000075
 30
0.0
 11
459.3450000000015
 21
-232.00400000000076
 31
0.0
  0
LINE
  5
407
330
17
100
AcDbEntity
  8
0
100
AcDbLine
 10
459.3450000000015
 20
-232.00400000000076
 30
0.0
 11
456.7050000000015
 21
-232.01200000000077
 31
0.0
  0
LINE
  5
408
330
17
100
AcDbEntity
  8
0
100
AcDbLine
 10
456.7050000000015
 20
-232.01200000000077
 30
0.0
 11
454.06500000000153
 21
-232.02000000000078
 31
0.0
  0
LINE
  5
409
330
17
100
AcDbEntity
  8
0
100
AcDbLine
 10
454.06500000000153
 20
-232.02000000000078
 30
0.0
 11
451.42500000000155
 21
-232.0280000000008
 31
0.0
  0
LINE
  5
40A
330
17
100
AcDbEntity
  8
0
100
AcDbLine
 10
451.42500000000155
 20
-232.0280000000008
 30
0.0
 11
448.78500000000156
 21
-232.0360000000008
 31
0.0
  0
LINE
  5
40B
330
17
100
AcDbEntity
  8
0
100
AcDbLine
 10
448.78500000000156
 20
-232.0360000000008
 30
0.0
 11
446.14600000000155
 21
-232.0440000000008
 31
0.0
  0
LINE
  5
40C
330
17
100
AcDbEntity
  8
0
100
AcDbLine
 10
446.14600000000155
 20
-232.0440000000008
 30
0.0
 11
443.50600000000156
 21
-232.05200000000082
 31
0.0
  0
LINE
  5
40D
330
17
100
AcDbEntity
  8
0
100
AcDbLine
 10
443.50600000000156
 20
-232.05200000000082
 30
0.0
 11
440.8660000000016
 21
-232.06000000000083
 31
0.0
  0
LINE
  5
40E
330
17
100
AcDbEntity
  8
0
100
AcDbLine
 10
440.8660000000016
 20
-232.06000000000083
 30
0.0
 11
438.2260000000016
 21
-232.06800000000084
 31
0.0
  0
LINE
  5
40F
330
17
100
AcDbEntity
  8
0
100
AcDbLine
 10
438.2260000000016
 20
-232.06800000000084
 30
0.0
 11
438.94100000000157
 21
-233.13300000000083
 31
0.0
  0
LINE
  5
410
330
17
100
AcDbEntity
  8
0
100
AcDbLine
 10
438.94100000000157
 20
-233.13300000000083
 30
0.0
 11
439.52600000000155
 21
-234.18700000000084
 31
0.0
  0
LINE
  5
411
330
17
100
AcDbEntity
  8
0
100
AcDbLine
 10
439.52600000000155
 20
-234.18700000000084
 30
0.0
 11
439.98800000000153
 21
-235.22800000000083
 31
0.0
  0
LINE
  5
412
330
17
100
AcDbEntity
  8
0
100
AcDbLine
 10
439.98800000000153
 20
-235.22800000000083
 30
0.0
 11
440.3350000000015
 21
-236.25600000000082
 31
0.0
  0
LINE
  5
413
330
17
100
AcDbEntity
  8
0
100
AcDbLine
 10
440.3350000000015
 20
-236.25600000000082
 30
0.0
 11
440.5730000000015
 21
-237.26800000000082
 31
0.0
  0
LINE
  5
414
330
17
100
AcDbEntity
  8
0
100
AcDbLine
 10
440.5730000000015
 20
-237.26800000000082
 30
0.0
 11
440.7100000000015
 21
-238.26300000000083
 31
0.0
  0
LINE
  5
415
330
17
100
AcDbEntity
  8
0
100
AcDbLine
 10
440.7100000000015
 20
-238.26300000000083
 30
0.0
 11
440.7520000000015
 21
-239.24000000000083
 31
0.0
  0
LINE
  5
416
330
17
100
AcDbEntity
  8
0
100
AcDbLine
 10
440.7520000000015
 20
-239.24000000000083
 30
0.0
 11
440.70700000000147
 21
-240.19700000000083
 31
0.0
  0
LINE
  5
417
330
17
100
AcDbEntity
  8
0
100
AcDbLine
 10
440.70700000000147
 20
-240.19700000000083
 30
0.0
 11
440.5810000000015
 21
-241.13300000000083
 31
0.0
  0
LINE
  5
418
330
17
100
AcDbEntity
  8
0
100
AcDbLine
 10
440.5810000000015
 20
-241.13300000000083
 30
0.0
 11
440.3820000000015
 21
-242.04600000000084
 31
0.0
  0
LINE
  5
419
330
17
100
AcDbEntity
  8
0
100
AcDbLine
 10
440.3820000000015
 20
-242.04600000000084
 30
0.0
 11
440.11600000000146
 21
-242.93400000000085
 31
0.0
  0
LINE
  5
41A
330
17
100
AcDbEntity
  8
0
100
AcDbLine
 10
440.11600000000146
 20
-242.93400000000085
 30
0.0
 11
439.7910000000015
 21
-243.79600000000084
 31
0.0
  0
LINE
  5
41B
330
17
100
AcDbEntity
  8
0
100
AcDbLine
 10
439.7910000000015
 20
-243.79600000000084
 30
0.0
 11
439.41400000000147
 21
-244.63100000000085
 31
0.0
  0
LINE
  5
41C
330
17
100
AcDbEntity
  8
0
100
AcDbLine
 10
439.41400000000147
 20
-244.63100000000085
 30
0.0
 11
438.99100000000146
 21
-245.43700000000086
 31
0.0
  0
LINE
  5
41D
330
17
100
AcDbEntity
  8
0
100
AcDbLine
 10
438.99100000000146
 20
-245.43700000000086
 30
0.0
 11
438.53000000000145
 21
-246.21300000000087
 31
0.0
  0
LINE
  5
41E
330
17
100
AcDbEntity
  8
0
100
AcDbLine
 10
438.53000000000145
 20
-246.21300000000087
 30
0.0
 11
438.03700000000146
 21
-246.95700000000087
 31
0.0
  0
LINE
  5
41F
330
17
100
AcDbEntity
  8
0
100
AcDbLine
 10
438.03700000000146
 20
-246.95700000000087
 30
0.0
 11
437.52000000000146
 21
-247.66700000000088
 31
0.0
  0
LINE
  5
420
330
17
100
AcDbEntity
  8
0
100
AcDbLine
 10
437.52000000000146
 20
-247.66700000000088
 30
0.0
 11
436.98500000000143
 21
-248.3420000000009
 31
0.0
  0
LINE
  5
421
330
17
100
AcDbEntity
  8
0
100
AcDbLine
 10
436.98500000000143
 20
-248.3420000000009
 30
0.0
 11
436.4400000000014
 21
-248.9810000000009
 31
0.0
  0
LINE
  5
422
330
17
100
AcDbEntity
  8
0
100
AcDbLine
 10
436.4400000000014
 20
-248.9810000000009
 30
0.0
 11
435.8920000000014
 21
-249.5820000000009
 31
0.0
  0
LINE
  5
423
330
17
100
AcDbEntity
  8
0
100
AcDbLine
 10
435.8920000000014
 20
-249.5820000000009
 30
0.0
 11
435.3470000000014
 21
-250.14400000000091
 31
0.0
  0
LINE
  5
424
330
17
100
AcDbEntity
  8
0
100
AcDbLine
 10
435.3470000000014
 20
-250.14400000000091
 30
0.0
 11
434.8130000000014
 21
-250.6650000000009
 31
0.0
  0
LINE
  5
425
330
17
100
AcDbEntity
  8
0
100
AcDbLine
 10
434.8130000000014
 20
-250.6650000000009
 30
0.0
 11
434.2960000000014
 21
-251.1430000000009
 31
0.0
  0
LINE
  5
426
330
17
100
AcDbEntity
  8
0
100
AcDbLine
 10
434.2960000000014
 20
-251.1430000000009
 30
0.0
 11
433.8040000000014
 21
-251.5770000000009
 31
0.0
  0
LINE
  5
427
330
17
100
AcDbEntity
  8
0
100
AcDbLine
 10
433.8040000000014
 20
-251.5770000000009
 30
0.0
 11
433.3440000000014
 21
-251.96600000000092
 31
0.0
  0
LINE
  5
428
330
17
100
AcDbEntity
  8
0
100
AcDbLine
 10
433.3440000000014
 20
-251.96600000000092
 30
0.0
 11
432.9220000000014
 21
-252.30800000000093
 31
0.0
  0
LINE
  5
429
330
17
100
AcDbEntity
  8
0
100
AcDbLine
 10
432.9220000000014
 20
-252.30800000000093
 30
0.0
 11
432.5460000000014
 21
-252.60100000000094
 31
0.0
  0
LINE
  5
42A
330
17
100
AcDbEntity
  8
0
100
AcDbLine
 10
432.5460000000014
 20
-252.60100000000094
 30
0.0
 11
432.22300000000143
 21
-252.84400000000093
 31
0.0
  0
LINE
  5
42B
330
17
100
AcDbEntity
  8
0
100
AcDbLine
 10
432.22300000000143
 20
-252.84400000000093
 30
0.0
 11
431.9590000000014
 21
-253.03600000000094
 31
0.0
  0
LINE
  5
42C
330
17
100
AcDbEntity
  8
0
100
AcDbLine
 10
431.9590000000014
 20
-253.03600000000094
 30
0.0
 11
431.7620000000014
 21
-253.17500000000095
 31
0.0
  0
LINE
  5
42D
330
17
100
AcDbEntity
  8
0
100
AcDbLine
 10
431.7620000000014
 20
-253.17500000000095
 30
0.0
 11
431.63900000000143
 21
-253.25900000000095
 31
0.0
  0
LINE
  5
42E
330
17
100
AcDbEntity
  8
0
100
AcDbLine
 10
431.63900000000143
 20
-253.25900000000095
 30
0.0
 11
431.5960000000014
 21
-253.28800000000095
 31
0.0
  0
LINE
  5
42F
330
17
100
AcDbEntity
  8
0
100
AcDbLine
 10
431.5960000000014
 20
-253.28800000000095
 30
0.0
 11
432.2330000000014
 21
-253.29300000000094
 31
0.0
  0
LINE
  5
430
330
17
100
AcDbEntity
  8
0
100
AcDbLine
 10
432.2330000000014
 20
-253.29300000000094
 30
0.0
 11
432.8700000000014
 21
-253.29800000000094
 31
0.0
  0
LINE
  5
431
330
17
100
AcDbEntity
  8
0
100
AcDbLine
 10
432.8700000000014
 20
-253.29800000000094
 30
0.0
 11
433.5070000000014
 21
-253.30300000000094
 31
0.0
  0
LINE
  5
432
330
17
100
AcDbEntity
  8
0
100
AcDbLine
 10
433.5070000000014
 20
-253.30300000000094
 30
0.0
 11
434.1440000000014
 21
-253.30800000000093
 31
0.0
  0
LINE
  5
433
330
17
100
AcDbEntity
  8
0
100
AcDbLine
 10
434.1440000000014
 20
-253.30800000000093
 30
0.0
 11
434.7810000000014
 21
-253.31300000000093
 31
0.0
  0
LINE
  5
434
330
17
100
AcDbEntity
  8
0
100
AcDbLine
 10
434.7810000000014
 20
-253.31300000000093
 30
0.0
 11
435.4180000000014
 21
-253.31800000000092
 31
0.0
  0
LINE
  5
435
330
17
100
AcDbEntity
  8
0
100
AcDbLine
 10
435.4180000000014
 20
-253.31800000000092
 30
0.0
 11
436.0550000000014
 21
-253.32300000000092
 31
0.0
  0
LINE
  5
436
330
17
100
AcDbEntity
  8
0
100
AcDbLine
 10
436.0550000000014
 20
-253.32300000000092
 30
0.0
 11
436.6920000000014
 21
-253.3280000000009
 31
0.0
  0
LINE
  5
437
330
17
100
AcDbEntity
  8
0
100
AcDbLine
 10
436.6920000000014
 20
-253.3280000000009
 30
0.0
 11
437.32900000000143
 21
-253.3330000000009
 31
0.0
  0
LINE
  5
438
330
17
100
AcDbEntity
  8
0
100
AcDbLine
 10
437.32900000000143
 20
-253.3330000000009
 30
0.0
 11
437.96600000000143
 21
-253.3380000000009
 31
0.0
  0
LINE
  5
439
330
17
100
AcDbEntity
  8
0
100
AcDbLine
 10
437.96600000000143
 20
-253.3380000000009
 30
0.0
 11
438.60300000000143
 21
-253.3430000000009
 31
0.0
  0
LINE
  5
43A
330
17
100
AcDbEntity
  8
0
100
AcDbLine
 10
438.60300000000143
 20
-253.3430000000009
 30
0.0
 11
439.24000000000143
 21
-253.3480000000009
 31
0.0
  0
LINE
  5
43B
330
17
100
AcDbEntity
  8
0
100
AcDbLine
 10
439.24000000000143
 20
-253.3480000000009
 30
0.0
 11
439.87700000000143
 21
-253.3530000000009
 31
0.0
  0
LINE
  5
43C
330
17
100
AcDbEntity
  8
0
100
AcDbLine
 10
439.87700000000143
 20
-253.3530000000009
 30
0.0
 11
440.51400000000143
 21
-253.35800000000089
 31
0.0
  0
LINE
  5
43D
330
17
100
AcDbEntity
  8
0
100
AcDbLine
 10
440.51400000000143
 20
-253.35800000000089
 30
0.0
 11
441.15100000000143
 21
-253.36300000000088
 31
0.0
  0
LINE
  5
43E
330
17
100
AcDbEntity
  8
0
100
AcDbLine
 10
441.15100000000143
 20
-253.36300000000088
 30
0.0
 11
441.78800000000143
 21
-253.36800000000088
 31
0.0
  0
LINE
  5
43F
330
17
100
AcDbEntity
  8
0
100
AcDbLine
 10
441.78800000000143
 20
-253.36800000000088
 30
0.0
 11
442.42500000000143
 21
-253.37300000000087
 31
0.0
  0
LINE
  5
440
330
17
100
AcDbEntity
  8
0
100
AcDbLine
 10
442.42500000000143
 20
-253.37300000000087
 30
0.0
 11
443.06200000000143
 21
-253.37800000000087
 31
0.0
  0
LINE
  5
441
330
17
100
AcDbEntity
  8
0
100
AcDbLine
 10
443.06200000000143
 20
-253.37800000000087
 30
0.0
 11
443.69900000000143
 21
-253.38300000000086
 31
0.0
  0
LINE
  5
442
330
17
100
AcDbEntity
  8
0
100
AcDbLine
 10
443.69900000000143
 20
-253.38300000000086
 30
0.0
 11
444.33600000000143
 21
-253.38800000000086
 31
0.0
  0
LINE
  5
443
330
17
100
AcDbEntity
  8
0
100
AcDbLine
 10
444.33600000000143
 20
-253.38800000000086
 30
0.0
 11
444.97300000000143
 21
-253.39300000000085
 31
0.0
  0
LINE
  5
444
330
17
100
AcDbEntity
  8
0
100
AcDbLine
 10
444.97300000000143
 20
-253.39300000000085
 30
0.0
 11
445.61000000000143
 21
-253.39800000000085
 31
0.0
  0
LINE
  5
445
330
17
100
AcDbEntity
  8
0
100
AcDbLine
 10
445.61000000000143
 20
-253.39800000000085
 30
0.0
 11
446.24700000000144
 21
-253.40300000000084
 31
0.0
  0
LINE
  5
446
330
17
100
AcDbEntity
  8
0
100
AcDbLine
 10
446.24700000000144
 20
-253.40300000000084
 30
0.0
 11
446.88400000000144
 21
-253.40800000000084
 31
0.0
  0
LINE
  5
447
330
17
100
AcDbEntity
  8
0
100
AcDbLine
 10
446.88400000000144
 20
-253.40800000000084
 30
0.0
 11
447.52100000000144
 21
-253.41300000000084
 31
0.0
  0
LINE
  5
448
330
17
100
AcDbEntity
  8
0
100
AcDbLine
 10
447.52100000000144
 20
-253.41300000000084
 30
0.0
 11
448.15800000000144
 21
-253.41800000000083
 31
0.0
  0
LINE
  5
449
330
17
100
AcDbEntity
  8
0
100
AcDbLine
 10
448.15800000000144
 20
-253.41800000000083
 30
0.0
 11
448.79500000000144
 21
-253.42300000000083
 31
0.0
  0
LINE
  5
44A
330
17
100
AcDbEntity
  8
0
100
AcDbLine
 10
448.79500000000144
 20
-253.42300000000083
 30
0.0
 11
449.43200000000144
 21
-253.42800000000082
 31
0.0
  0
LINE
  5
44B
330
17
100
AcDbEntity
  8
0
100
AcDbLine
 10
449.43200000000144
 20
-253.42800000000082
 30
0.0
 11
450.06900000000144
 21
-253.43300000000082
 31
0.0
  0
LINE
  5
44C
330
17
100
AcDbEntity
  8
0
100
AcDbLine
 10
450.06900000000144
 20
-253.43300000000082
 30
0.0
 11
450.70600000000144
 21
-253.4380000000008
 31
0.0
  0
LINE
  5
44D
330
17
100
AcDbEntity
  8
0
100
AcDbLine
 10
450.70600000000144
 20
-253.4380000000008
 30
0.0
 11
451.34300000000144
 21
-253.4430000000008
 31
0.0
  0
LINE
  5
44E
330
17
100
AcDbEntity
  8
0
100
AcDbLine
 10
451.34300000000144
 20
-253.4430000000008
 30
0.0
 11
451.98000000000144
 21
-253.4480000000008
 31
0.0
  0
LINE
  5
44F
330
17
100
AcDbEntity
  8
0
100
AcDbLine
 10
451.98000000000144
 20
-253.4480000000008
 30
0.0
 11
452.18800000000147
 21
-253.4540000000008
 31
0.0
  0
LINE
  5
450
330
17
100
AcDbEntity
  8
0
100
AcDbLine
 10
452.18800000000147
 20
-253.4540000000008
 30
0.0
 11
452.3890000000015
 21
-253.4750000000008
 31
0.0
  0
LINE
  5
451
330
17
100
AcDbEntity
  8
0
100
AcDbLine
 10
452.3890000000015
 20
-253.4750000000008
 30
0.0
 11
452.5830000000015
 21
-253.5110000000008
 31
0.0
  0
LINE
  5
452
330
17
100
AcDbEntity
  8
0
100
AcDbLine
 10
452.5830000000015
 20
-253.5110000000008
 30
0.0
 11
452.7700000000015
 21
-253.5600000000008
 31
0.0
  0
LINE
  5
453
330
17
100
AcDbEntity
  8
0
100
AcDbLine
 10
452.7700000000015
 20
-253.5600000000008
 30
0.0
 11
452.9500000000015
 21
-253.6230000000008
 31
0.0
  0
LINE
  5
454
330
17
100
AcDbEntity
  8
0
100
AcDbLine
 10
452.9500000000015
 20
-253.6230000000008
 30
0.0
 11
453.12200000000155
 21
-253.69800000000077
 31
0.0
  0
LINE
  5
455
330
17
100
AcDbEntity
  8
0
100
AcDbLine
 10
453.12200000000155
 20
-253.69800000000077
 30
0.0
 11
453.28500000000156
 21
-253.78500000000076
 31
0.0
  0
LINE
  5
456
330
17
100
AcDbEntity
  8
0
100
AcDbLine
 10
453.28500000000156
 20
-253.78500000000076
 30
0.0
 11
453.44000000000153
 21
-253.88300000000078
 31
0.0
  0
LINE
  5
457
330
17
100
AcDbEntity
  8
0
100
AcDbLine
 10
453.44000000000153
 20
-253.88300000000078
 30
0.0
 11
453.58600000000155
 21
-253.99100000000078
 31
0.0
  0
LINE
  5
458
330
17
100
AcDbEntity
  8
0
100
AcDbLine
 10
453.58600000000155
 20
-253.99100000000078
 30
0.0
 11
453.72300000000155
 21
-254.10900000000078
 31
0.0
  0
LINE
  5
459
330
17
100
AcDbEntity
  8
0
100
AcDbLine
 10
453.72300000000155
 20
-254.10900000000078
 30
0.0
 11
453.85100000000153
 21
-254.2360000000008
 31
0.0
  0
LINE
  5
45A
330
17
100
AcDbEntity
  8
0
100
AcDbLine
 10
453.85100000000153
 20
-254.2360000000008
 30
0.0
 11
453.96900000000153
 21
-254.37100000000078
 31
0.0
  0
LINE
  5
45B
330
17
100
AcDbEntity
  8
0
100
AcDbLine
 10
453.96900000000153
 20
-254.37100000000078
 30
0.0
 11
454.07700000000153
 21
-254.51400000000078
 31
0.0
  0
LINE
  5
45C
330
17
100
AcDbEntity
  8
0
100
AcDbLine
 10
454.07700000000153
 20
-254.51400000000078
 30
0.0
 11
454.17500000000155
 21
-254.66400000000078
 31
0.0
  0
LINE
  5
45D
330
17
100
AcDbEntity
  8
0
100
AcDbLine
 10
454.17500000000155
 20
-254.66400000000078
 30
0.0
 11
454.26200000000154
 21
-254.8200000000008
 31
0.0
  0
LINE
  5
45E
330
17
100
AcDbEntity
  8
0
100
AcDbLine
 10
454.26200000000154
 20
-254.8200000000008
 30
0.0
 11
454.33800000000156
 21
-254.9820000000008
 31
0.0
  0
LINE
  5
45F
330
17
100
AcDbEntity
  8
0
100
AcDbLine
 10
454.33800000000156
 20
-254.9820000000008
 30
0.0
 11
454.40300000000155
 21
-255.1490000000008
 31
0.0
  0
LINE
  5
460
330
17
100
AcDbEntity
  8
0
100
AcDbLine
 10
454.40300000000155
 20
-255.1490000000008
 30
0.0
 11
454.4570000000015
 21
-255.3200000000008
 31
0.0
  0
LINE
  5
461
330
17
100
AcDbEntity
  8
0
100
AcDbLine
 10
454.4570000000015
 20
-255.3200000000008
 30
0.0
 11
454.4990000000015
 21
-255.4940000000008
 31
0.0
  0
LINE
  5
462
330
17
100
AcDbEntity
  8
0
100
AcDbLine
 10
454.4990000000015
 20
-255.4940000000008
 30
0.0
 11
454.5290000000015
 21
-255.6710000000008
 31
0.0
  0
LINE
  5
463
330
17
100
AcDbEntity
  8
0
100
AcDbLine
 10
454.5290000000015
 20
-255.6710000000008
 30
0.0
 11
454.54600000000147
 21
-255.8500000000008
 31
0.0
  0
LINE
  5
464
330
17
100
AcDbEntity
  8
0
100
AcDbLine
 10
454.54600000000147
 20
-255.8500000000008
 30
0.0
 11
454.55100000000147
 21
-256.03000000000077
 31
0.0
  0
LINE
  5
465
330
17
100
AcDbEntity
  8
0
100
AcDbLine
 10
454.55100000000147
 20
-256.03000000000077
 30
0.0
 11
454.5430000000015
 21
-256.21100000000075
 31
0.0
  0
LINE
  5
466
330
17
100
AcDbEntity
  8
0
100
AcDbLine
 10
454.5430000000015
 20
-256.21100000000075
 30
0.0
 11
454.5210000000015
 21
-256.39200000000073
 31
0.0
  0
LINE
  5
467
330
17
100
AcDbEntity
  8
0
100
AcDbLine
 10
454.5210000000015
 20
-256.39200000000073
 30
0.0
 11
454.48600000000147
 21
-256.57200000000074
 31
0.0
  0
LINE
  5
468
330
17
100
AcDbEntity
  8
0
100
AcDbLine
 10
454.48600000000147
 20
-256.57200000000074
 30
0.0
 11
454.4370000000015
 21
-256.75000000000074
 31
0.0
  0
LINE
  5
469
330
17
100
AcDbEntity
  8
0
100
AcDbLine
 10
454.4370000000015
 20
-256.75000000000074
 30
0.0
 11
454.3740000000015
 21
-256.9260000000007
 31
0.0
  0
LINE
  5
46A
330
17
100
AcDbEntity
  8
0
100
AcDbLine
 10
454.3740000000015
 20
-256.9260000000007
 30
0.0
 11
454.2960000000015
 21
-257.09900000000073
 31
0.0
  0
LINE
  5
46B
330
17
100
AcDbEntity
  8
0
100
AcDbLine
 10
454.2960000000015
 20
-257.09900000000073
 30
0.0
 11
454.2030000000015
 21
-257.26900000000074
 31
0.0
  0
LINE
  5
46C
330
17
100
AcDbEntity
  8
0
100
AcDbLine
 10
454.2030000000015
 20
-257.26900000000074
 30
0.0
 11
454.0950000000015
 21
-257.43500000000074
 31
0.0
  0
LINE
  5
46D
330
17
100
AcDbEntity
  8
0
100
AcDbLine
 10
454.0950000000015
 20
-257.43500000000074
 30
0.0
 11
453.9720000000015
 21
-257.59600000000074
 31
0.0
  0
LINE
  5
46E
330
17
100
AcDbEntity
  8
0
100
AcDbLine
 10
453.9720000000015
 20
-257.59600000000074
 30
0.0
 11
453.8330000000015
 21
-257.7510000000007
 31
0.0
  0
LINE
  5
46F
330
17
100
AcDbEntity
  8
0
100
AcDbLine
 10
453.8330000000015
 20
-257.7510000000007
 30
0.0
 11
453.6760000000015
 21
-257.9130000000007
 31
0.0
  0
LINE
  5
470
330
17
100
AcDbEntity
  8
0
100
AcDbLine
 10
453.6760000000015
 20
-257.9130000000007
 30
0.0
 11
453.51900000000154
 21
-258.07500000000067
 31
0.0
  0
LINE
  5
471
330
17
100
AcDbEntity
  8
0
100
AcDbLine
 10
453.51900000000154
 20
-258.07500000000067
 30
0.0
 11
453.36200000000156
 21
-258.23700000000065
 31
0.0
  0
LINE
  5
472
330
17
100
AcDbEntity
  8
0
100
AcDbLine
 10
453.36200000000156
 20
-258.23700000000065
 30
0.0
 11
453.2050000000016
 21
-258.3990000000006
 31
0.0
  0
LINE
  5
473
330
17
100
AcDbEntity
  8
0
100
AcDbLine
 10
453.2050000000016
 20
-258.3990000000006
 30
0.0
 11
453.0480000000016
 21
-258.5610000000006
 31
0.0
  0
LINE
  5
474
330
17
100
AcDbEntity
  8
0
100
AcDbLine
 10
453.0480000000016
 20
-258.5610000000006
 30
0.0
 11
452.8910000000016
 21
-258.7230000000006
 31
0.0
  0
LINE
  5
475
330
17
100
AcDbEntity
  8
0
100
AcDbLine
 10
452.8910000000016
 20
-258.7230000000006
 30
0.0
 11
452.73400000000163
 21
-258.88500000000056
 31
0.0
  0
LINE
  5
476
330
17
100
AcDbEntity
  8
0
100
AcDbLine
 10
452.73400000000163
 20
-258.88500000000056
 30
0.0
 11
452.57700000000165
 21
-259.04700000000054
 31
0.0
  0
LINE
  5
477
330
17
100
AcDbEntity
  8
0
100
AcDbLine
 10
452.57700000000165
 20
-259.04700000000054
 30
0.0
 11
452.42000000000166
 21
-259.2090000000005
 31
0.0
  0
LINE
  5
478
330
17
100
AcDbEntity
  8
0
100
AcDbLine
 10
452.42000000000166
 20
-259.2090000000005
 30
0.0
 11
452.2630000000017
 21
-259.3710000000005
 31
0.0
  0
LINE
  5
479
330
17
100
AcDbEntity
  8
0
100
AcDbLine
 10
452.2630000000017
 20
-259.3710000000005
 30
0.0
 11
452.1060000000017
 21
-259.53300000000047
 31
0.0
  0
LINE
  5
47A
330
17
100
AcDbEntity
  8
0
100
AcDbLine
 10
452.1060000000017
 20
-259.53300000000047
 30
0.0
 11
451.9490000000017
 21
-259.69500000000045
 31
0.0
  0
LINE
  5
47B
330
17
100
AcDbEntity
  8
0
100
AcDbLine
 10
451.9490000000017
 20
-259.69500000000045
 30
0.0
 11
451.79200000000174
 21
-259.8570000000004
 31
0.0
  0
LINE
  5
47C
330
17
100
AcDbEntity
  8
0
100
AcDbLine
 10
451.79200000000174
 20
-259.8570000000004
 30
0.0
 11
451.63500000000175
 21
-260.0190000000004
 31
0.0
  0
LINE
  5
47D
330
17
100
AcDbEntity
  8
0
100
AcDbLine
 10
451.63500000000175
 20
-260.0190000000004
 30
0.0
 11
451.47800000000177
 21
-260.1810000000004
 31
0.0
  0
LINE
  5
47E
330
17
100
AcDbEntity
  8
0
100
AcDbLine
 10
451.47800000000177
 20
-260.1810000000004
 30
0.0
 11
451.3210000000018
 21
-260.34300000000036
 31
0.0
  0
LINE
  5
47F
330
17
100
AcDbEntity
  8
0
100
AcDbLine
 10
451.3210000000018
 20
-260.34300000000036
 30
0.0
 11
451.1640000000018
 21
-260.50500000000034
 31
0.0
  0
LINE
  5
480
330
17
100
AcDbEntity
  8
0
100
AcDbLine
 10
451.1640000000018
 20
-260.50500000000034
 30
0.0
 11
451.0070000000018
 21
-260.6670000000003
 31
0.0
  0
LINE
  5
481
330
17
100
AcDbEntity
  8
0
100
AcDbLine
 10
451.0070000000018
 20
-260.6670000000003
 30
0.0
 11
450.85000000000184
 21
-260.8290000000003
 31
0.0
  0
LINE
  5
482
330
17
100
AcDbEntity
  8
0
100
AcDbLine
 10
450.85000000000184
 20
-260.8290000000003
 30
0.0
 11
450.69300000000186
 21
-260.99100000000027
 31
0.0
  0
LINE
  5
483
330
17
100
AcDbEntity
  8
0
100
AcDbLine
 10
450.69300000000186
 20
-260.99100000000027
 30
0.0
 11
450.5360000000019
 21
-261.15300000000025
 31
0.0
  0
LINE
  5
484
330
17
100
AcDbEntity
  8
0
100
AcDbLine
 10
450.5360000000019
 20
-261.15300000000025
 30
0.0
 11
450.3790000000019
 21
-261.3150000000002
 31
0.0
  0
LINE
  5
485
330
17
100
AcDbEntity
  8
0
100
AcDbLine
 10
450.3790000000019
 20
-261.3150000000002
 30
0.0
 11
450.2220000000019
 21
-261.4770000000002
 31
0.0
  0
LINE
  5
486
330
17
100
AcDbEntity
  8
0
100
AcDbLine
 10
450.2220000000019
 20
-261.4770000000002
 30
0.0
 11
450.06500000000193
 21
-261.6390000000002
 31
0.0
  0
LINE
  5
487
330
17
100
AcDbEntity
  8
0
100
AcDbLine
 10
450.06500000000193
 20
-261.6390000000002
 30
0.0
 11
449.90800000000195
 21
-261.80100000000016
 31
0.0
  0
LINE
  5
488
330
17
100
AcDbEntity
  8
0
100
AcDbLine
 10
449.90800000000195
 20
-261.80100000000016
 30
0.0
 11
449.75100000000197
 21
-261.96300000000014
 31
0.0
  0
LINE
  5
489
330
17
100
AcDbEntity
  8
0
100
AcDbLine
 10
449.75100000000197
 20
-261.96300000000014
 30
0.0
 11
449.594000000002
 21
-262.1250000000001
 31
0.0
  0
LINE
  5
48A
330
17
100
AcDbEntity
  8
0
100
AcDbLine
 10
449.594000000002
 20
-262.1250000000001
 30
0.0
 11
449.437000000002
 21
-262.2870000000001
 31
0.0
  0
LINE
  5
48B
330
17
100
AcDbEntity
  8
0
100
AcDbLine
 10
449.437000000002
 20
-262.2870000000001
 30
0.0
 11
449.280000000002
 21
-262.44900000000007
 31
0.0
  0
LINE
  5
48C
330
17
100
AcDbEntity
  8
0
100
AcDbLine
 10
449.280000000002
 20
-262.44900000000007
 30
0.0
 11
449.12300000000204
 21
-262.61100000000005
 31
0.0
  0
LINE
  5
48D
330
17
100
AcDbEntity
  8
0
100
AcDbLine
 10
449.12300000000204
 20
-262.61100000000005
 30
0.0
 11
448.96600000000205
 21
-262.773
 31
0.0
  0
LINE
  5
48E
330
17
100
AcDbEntity
  8
0
100
AcDbLine
 10
448.96600000000205
 20
-262.773
 30
0.0
 11
448.8090000000021
 21
-262.935
 31
0.0
  0
LINE
  5
48F
330
17
100
AcDbEntity
  8
0
100
AcDbLine
 10
448.8090000000021
 20
-262.935
 30
0.0
 11
447.40800000000206
 21
-262.955
 31
0.0
  0
LINE
  5
490
330
17
100
AcDbEntity
  8
0
100
AcDbLine
 10
447.40800000000206
 20
-262.955
 30
0.0
 11
446.00700000000205
 21
-262.97499999999997
 31
0.0
  0
LINE
  5
491
330
17
100
AcDbEntity
  8
0
100
AcDbLine
 10
446.00700000000205
 20
-262.97499999999997
 30
0.0
 11
444.60600000000204
 21
-262.99499999999995
 31
0.0
  0
LINE
  5
492
330
17
100
AcDbEntity
  8
0
100
AcDbLine
 10
444.60600000000204
 20
-262.99499999999995
 30
0.0
 11
443.20500000000203
 21
-263.01499999999993
 31
0.0
  0
LINE
  5
493
330
17
100
AcDbEntity
  8
0
100
AcDbLine
 10
443.20500000000203
 20
-263.01499999999993
 30
0.0
 11
441.804000000002
 21
-263.0349999999999
 31
0.0
  0
LINE
  5
494
330
17
100
AcDbEntity
  8
0
100
AcDbLine
 10
441.804000000002
 20
-263.0349999999999
 30
0.0
 11
440.403000000002
 21
-263.0549999999999
 31
0.0
  0
LINE
  5
495
330
17
100
AcDbEntity
  8
0
100
AcDbLine
 10
440.403000000002
 20
-263.0549999999999
 30
0.0
 11
439.002000000002
 21
-263.0749999999999
 31
0.0
  0
LINE
  5
496
330
17
100
AcDbEntity
  8
0
100
AcDbLine
 10
439.002000000002
 20
-263.0749999999999
 30
0.0
 11
437.601000000002
 21
-263.09499999999986
 31
0.0
  0
LINE
  5
497
330
17
100
AcDbEntity
  8
0
100
AcDbLine
 10
437.601000000002
 20
-263.09499999999986
 30
0.0
 11
436.200000000002
 21
-263.11499999999984
 31
0.0
  0
LINE
  5
498
330
17
100
AcDbEntity
  8
0
100
AcDbLine
 10
436.200000000002
 20
-263.11499999999984
 30
0.0
 11
434.79900000000197
 21
-263.1349999999998
 31
0.0
  0
LINE
  5
499
330
17
100
AcDbEntity
  8
0
100
AcDbLine
 10
434.79900000000197
 20
-263.1349999999998
 30
0.0
 11
433.39800000000196
 21
-263.1549999999998
 31
0.0
  0
LINE
  5
49A
330
17
100
AcDbEntity
  8
0
100
AcDbLine
 10
433.39800000000196
 20
-263.1549999999998
 30
0.0
 11
431.99700000000195
 21
-263.1749999999998
 31
0.0
  0
LINE
  5
49B
330
17
100
AcDbEntity
  8
0
100
AcDbLine
 10
431.99700000000195
 20
-263.1749999999998
 30
0.0
 11
430.59600000000194
 21
-263.19499999999977
 31
0.0
  0
LINE
  5
49C
330
17
100
AcDbEntity
  8
0
100
AcDbLine
 10
430.59600000000194
 20
-263.19499999999977
 30
0.0
 11
429.1950000000019
 21
-263.21499999999975
 31
0.0
  0
LINE
  5
49D
330
17
100
AcDbEntity
  8
0
100
AcDbLine
 10
429.1950000000019
 20
-263.21499999999975
 30
0.0
 11
427.7940000000019
 21
-263.23499999999973
 31
0.0
  0
LINE
  5
49E
330
17
100
AcDbEntity
  8
0
100
AcDbLine
 10
427.7940000000019
 20
-263.23499999999973
 30
0.0
 11
426.3930000000019
 21
-263.2549999999997
 31
0.0
  0
LINE
  5
49F
330
17
100
AcDbEntity
  8
0
100
AcDbLine
 10
426.3930000000019
 20
-263.2549999999997
 30
0.0
 11
424.9920000000019
 21
-263.2749999999997
 31
0.0
  0
LINE
  5
4A0
330
17
100
AcDbEntity
  8
0
100
AcDbLine
 10
424.9920000000019
 20
-263.2749999999997
 30
0.0
 11
423.5910000000019
 21
-263.2949999999997
 31
0.0
  0
LINE
  5
4A1
330
17
100
AcDbEntity
  8
0
100
AcDbLine
 10
423.5910000000019
 20
-263.2949999999997
 30
0.0
 11
422.1900000000019
 21
-263.31499999999966
 31
0.0
  0
LINE
  5
4A2
330
17
100
AcDbEntity
  8
0
100
AcDbLine
 10
422.1900000000019
 20
-263.31499999999966
 30
0.0
 11
420.78900000000186
 21
-263.33499999999964
 31
0.0
  0
LINE
  5
4A3
330
17
100
AcDbEntity
  8
0
100
AcDbLine
 10
420.78900000000186
 20
-263.33499999999964
 30
0.0
 11
419.38800000000185
 21
-263.3549999999996
 31
0.0
  0
LINE
  5
4A4
330
17
100
AcDbEntity
  8
0
100
AcDbLine
 10
419.38800000000185
 20
-263.3549999999996
 30
0.0
 11
417.98700000000184
 21
-263.3749999999996
 31
0.0
  0
LINE
  5
4A5
330
17
100
AcDbEntity
  8
0
100
AcDbLine
 10
417.98700000000184
 20
-263.3749999999996
 30
0.0
 11
416.58600000000183
 21
-263.3949999999996
 31
0.0
  0
LINE
  5
4A6
330
17
100
AcDbEntity
  8
0
100
AcDbLine
 10
416.58600000000183
 20
-263.3949999999996
 30
0.0
 11
415.1850000000018
 21
-263.41499999999957
 31
0.0
  0
LINE
  5
4A7
330
17
100
AcDbEntity
  8
0
100
AcDbLine
 10
415.1850000000018
 20
-263.41499999999957
 30
0.0
 11
413.7840000000018
 21
-263.43499999999955
 31
0.0
  0
LINE
  5
4A8
330
17
100
AcDbEntity
  8
0
100
AcDbLine
 10
413.7840000000018
 20
-263.43499999999955
 30
0.0
 11
412.3830000000018
 21
-263.45499999999953
 31
0.0
  0
LINE
  5
4A9
330
17
100
AcDbEntity
  8
0
100
AcDbLine
 10
412.3830000000018
 20
-263.45499999999953
 30
0.0
 11
410.9820000000018
 21
-263.4749999999995
 31
0.0
  0
LINE
  5
4AA
330
17
100
AcDbEntity
  8
0
100
AcDbLine
 10
410.9820000000018
 20
-263.4749999999995
 30
0.0
 11
409.5810000000018
 21
-263.4949999999995
 31
0.0
  0
LINE
  5
4AB
330
17
100
AcDbEntity
  8
0
100
AcDbLine
 10
409.5810000000018
 20
-263.4949999999995
 30
0.0
 11
408.18000000000177
 21
-263.5149999999995
 31
0.0
  0
LINE
  5
4AC
330
17
100
AcDbEntity
  8
0
100
AcDbLine
 10
408.18000000000177
 20
-263.5149999999995
 30
0.0
 11
406.77900000000176
 21
-263.53499999999946
 31
0.0
  0
LINE
  5
4AD
330
17
100
AcDbEntity
  8
0
100
AcDbLine
 10
406.77900000000176
 20
-263.53499999999946
 30
0.0
 11
405.37800000000175
 21
-263.55499999999944
 31
0.0
  0
LINE
  5
4AE
330
17
100
AcDbEntity
  8
0
100
AcDbLine
 10
405.37800000000175
 20
-263.55499999999944
 30
0.0
 11
403.97700000000174
 21
-263.5749999999994
 31
0.0
  0
LINE
  5
4AF
330
17
100
AcDbEntity
  8
0
100
AcDbLine
 10
403.97700000000174
 20
-263.5749999999994
 30
0.0
 11
403.74600000000174
 21
-263.5749999999994
 31
0.0
  0
LINE
  5
4B0
330
17
100
AcDbEntity
  8
0
100
AcDbLine
 10
403.74600000000174
 20
-263.5749999999994
 30
0.0
 11
403.5160000000017
 21
-263.56699999999944
 31
0.0
  0
LINE
  5
4B1
330
17
100
AcDbEntity
  8
0
100
AcDbLine
 10
403.5160000000017
 20
-263.56699999999944
 30
0.0
 11
403.28700000000174
 21
-263.55199999999945
 31
0.0
  0
LINE
  5
4B2
330
17
100
AcDbEntity
  8
0
100
AcDbLine
 10
403.28700000000174
 20
-263.55199999999945
 30
0.0
 11
403.06000000000176
 21
-263.52999999999946
 31
0.0
  0
LINE
  5
4B3
330
17
100
AcDbEntity
  8
0
100
AcDbLine
 10
403.06000000000176
 20
-263.52999999999946
 30
0.0
 11
402.83400000000177
 21
-263.50099999999946
 31
0.0
  0
LINE
  5
4B4
330
17
100
AcDbEntity
  8
0
100
AcDbLine
 10
402.83400000000177
 20
-263.50099999999946
 30
0.0
 11
402.6100000000018
 21
-263.46499999999946
 31
0.0
  0
LINE
  5
4B5
330
17
100
AcDbEntity
  8
0
100
AcDbLine
 10
402.6100000000018
 20
-263.46499999999946
 30
0.0
 11
402.3880000000018
 21
-263.42199999999946
 31
0.0
  0
LINE
  5
4B6
330
17
100
AcDbEntity
  8
0
100
AcDbLine
 10
402.3880000000018
 20
-263.42199999999946
 30
0.0
 11
402.16800000000177
 21
-263.37199999999945
 31
0.0
  0
LINE
  5
4B7
330
17
100
AcDbEntity
  8
0
100
AcDbLine
 10
402.16800000000177
 20
-263.37199999999945
 30
0.0
 11
401.95000000000175
 21
-263.31499999999943
 31
0.0
  0
LINE
  5
4B8
330
17
100
AcDbEntity
  8
0
100
AcDbLine
 10
401.95000000000175
 20
-263.31499999999943
 30
0.0
 11
401.73400000000174
 21
-263.2509999999994
 31
0.0
  0
LINE
  5
4B9
330
17
100
AcDbEntity
  8
0
100
AcDbLine
 10
401.73400000000174
 20
-263.2509999999994
 30
0.0
 11
401.52000000000174
 21
-263.1809999999994
 31
0.0
  0
LINE
  5
4BA
330
17
100
AcDbEntity
  8
0
100
AcDbLine
 10
401.52000000000174
 20
-263.1809999999994
 30
0.0
 11
401.30900000000173
 21
-263.1039999999994
 31
0.0
  0
LINE
  5
4BB
330
17
100
AcDbEntity
  8
0
100
AcDbLine
 10
401.30900000000173
 20
-263.1039999999994
 30
0.0
 11
401.1010000000017
 21
-263.0199999999994
 31
0.0
  0
LINE
  5
4BC
330
17
100
AcDbEntity
  8
0
100
AcDbLine
 10
401.1010000000017
 20
-263.0199999999994
 30
0.0
 11
400.8950000000017
 21
-262.92999999999944
 31
0.0
  0
LINE
  5
4BD
330
17
100
AcDbEntity
  8
0
100
AcDbLine
 10
400.8950000000017
 20
-262.92999999999944
 30
0.0
 11
400.6920000000017
 21
-262.83399999999943
 31
0.0
  0
LINE
  5
4BE
330
17
100
AcDbEntity
  8
0
100
AcDbLine
 10
400.6920000000017
 20
-262.83399999999943
 30
0.0
 11
400.4930000000017
 21
-262.7309999999994
 31
0.0
  0
LINE
  5
4BF
330
17
100
AcDbEntity
  8
0
100
AcDbLine
 10
400.4930000000017
 20
-262.7309999999994
 30
0.0
 11
400.2970000000017
 21
-262.62199999999945
 31
0.0
  0
LINE
  5
4C0
330
17
100
AcDbEntity
  8
0
100
AcDbLine
 10
400.2970000000017
 20
-262.62199999999945
 30
0.0
 11
400.1040000000017
 21
-262.50699999999944
 31
0.0
  0
LINE
  5
4C1
330
17
100
AcDbEntity
  8
0
100
AcDbLine
 10
400.1040000000017
 20
-262.50699999999944
 30
0.0
 11
399.91500000000167
 21
-262.38599999999946
 31
0.0
  0
LINE
  5
4C2
330
17
100
AcDbEntity
  8
0
100
AcDbLine
 10
399.91500000000167
 20
-262.38599999999946
 30
0.0
 11
399.73000000000167
 21
-262.25899999999945
 31
0.0
  0
LINE
  5
4C3
330
17
100
AcDbEntity
  8
0
100
AcDbLine
 10
399.73000000000167
 20
-262.25899999999945
 30
0.0
 11
399.5490000000017
 21
-262.12599999999946
 31
0.0
  0
LINE
  5
4C4
330
17
100
AcDbEntity
  8
0
100
AcDbLine
 10
399.5490000000017
 20
-262.12599999999946
 30
0.0
 11
399.37200000000166
 21
-261.9879999999995
 31
0.0
  0
LINE
  5
4C5
330
17
100
AcDbEntity
  8
0
100
AcDbLine
 10
399.37200000000166
 20
-261.9879999999995
 30
0.0
 11
399.19900000000166
 21
-261.8439999999995
 31
0.0
  0
LINE
  5
4C6
330
17
100
AcDbEntity
  8
0
100
AcDbLine
 10
399.19900000000166
 20
-261.8439999999995
 30
0.0
 11
399.0300000000017
 21
-261.6939999999995
 31
0.0
  0
LINE
  5
4C7
330
17
100
AcDbEntity
  8
0
100
AcDbLine
 10
399.0300000000017
 20
-261.6939999999995
 30
0.0
 11
398.8660000000017
 21
-261.53899999999953
 31
0.0
  0
LINE
  5
4C8
330
17
100
AcDbEntity
  8
0
100
AcDbLine
 10
398.8660000000017
 20
-261.53899999999953
 30
0.0
 11
398.70600000000167
 21
-261.37799999999953
 31
0.0
  0
LINE
  5
4C9
330
17
100
AcDbEntity
  8
0
100
AcDbLine
 10
398.70600000000167
 20
-261.37799999999953
 30
0.0
 11
398.5510000000017
 21
-261.21199999999953
 31
0.0
  0
LINE
  5
4CA
330
17
100
AcDbEntity
  8
0
100
AcDbLine
 10
398.5510000000017
 20
-261.21199999999953
 30
0.0
 11
398.4010000000017
 21
-261.04099999999954
 31
0.0
  0
LINE
  5
4CB
330
17
100
AcDbEntity
  8
0
100
AcDbLine
 10
398.4010000000017
 20
-261.04099999999954
 30
0.0
 11
398.25600000000173
 21
-260.8639999999995
 31
0.0
  0
LINE
  5
4CC
330
17
100
AcDbEntity
  8
0
100
AcDbLine
 10
398.25600000000173
 20
-260.8639999999995
 30
0.0
 11
398.11600000000175
 21
-260.6819999999995
 31
0.0
  0
LINE
  5
4CD
330
17
100
AcDbEntity
  8
0
100
AcDbLine
 10
398.11600000000175
 20
-260.6819999999995
 30
0.0
 11
397.98200000000173
 21
-260.4949999999995
 31
0.0
  0
LINE
  5
4CE
330
17
100
AcDbEntity
  8
0
100
AcDbLine
 10
397.98200000000173
 20
-260.4949999999995
 30
0.0
 11
397.8530000000017
 21
-260.3029999999995
 31
0.0
  0
LINE
  5
4CF
330
17
100
AcDbEntity
  8
0
100
AcDbLine
 10
397.8530000000017
 20
-260.3029999999995
 30
0.0
 11
397.4610000000017
 21
-259.6989999999995
 31
0.0
  0
LINE
  5
4D0
330
17
100
AcDbEntity
  8
0
100
AcDbLine
 10
397.4610000000017
 20
-259.6989999999995
 30
0.0
 11
397.0690000000017
 21
-259.0949999999995
 31
0.0
  0
LINE
  5
4D1
330
17
100
AcDbEntity
  8
0
100
AcDbLine
 10
397.0690000000017
 20
-259.0949999999995
 30
0.0
 11
396.6770000000017
 21
-258.49099999999953
 31
0.0
  0
LINE
  5
4D2
330
17
100
AcDbEntity
  8
0
100
AcDbLine
 10
396.6770000000017
 20
-258.49099999999953
 30
0.0
 11
396.28500000000173
 21
-257.88699999999955
 31
0.0
  0
LINE
  5
4D3
330
17
100
AcDbEntity
  8
0
100
AcDbLine
 10
396.28500000000173
 20
-257.88699999999955
 30
0.0
 11
395.89300000000173
 21
-257.28299999999956
 31
0.0
  0
LINE
  5
4D4
330
17
100
AcDbEntity
  8
0
100
AcDbLine
 10
395.89300000000173
 20
-257.28299999999956
 30
0.0
 11
395.50100000000174
 21
-256.6789999999996
 31
0.0
  0
LINE
  5
4D5
330
17
100
AcDbEntity
  8
0
100
AcDbLine
 10
395.50100000000174
 20
-256.6789999999996
 30
0.0
 11
395.10900000000174
 21
-256.0749999999996
 31
0.0
  0
LINE
  5
4D6
330
17
100
AcDbEntity
  8
0
100
AcDbLine
 10
395.10900000000174
 20
-256.0749999999996
 30
0.0
 11
394.71700000000175
 21
-255.47099999999958
 31
0.0
  0
LINE
  5
4D7
330
17
100
AcDbEntity
  8
0
100
AcDbLine
 10
394.71700000000175
 20
-255.47099999999958
 30
0.0
 11
394.32500000000175
 21
-254.86699999999956
 31
0.0
  0
LINE
  5
4D8
330
17
100
AcDbEntity
  8
0
100
AcDbLine
 10
394.32500000000175
 20
-254.86699999999956
 30
0.0
 11
393.93300000000175
 21
-254.26299999999955
 31
0.0
  0
LINE
  5
4D9
330
17
100
AcDbEntity
  8
0
100
AcDbLine
 10
393.93300000000175
 20
-254.26299999999955
 30
0.0
 11
393.54100000000176
 21
-253.65899999999954
 31
0.0
  0
LINE
  5
4DA
330
17
100
AcDbEntity
  8
0
100
AcDbLine
 10
393.54100000000176
 20
-253.65899999999954
 30
0.0
 11
393.14900000000176
 21
-253.05499999999952
 31
0.0
  0
LINE
  5
4DB
330
17
100
AcDbEntity
  8
0
100
AcDbLine
 10
393.14900000000176
 20
-253.05499999999952
 30
0.0
 11
392.75700000000177
 21
-252.4509999999995
 31
0.0
  0
LINE
  5
4DC
330
17
100
AcDbEntity
  8
0
100
AcDbLine
 10
392.75700000000177
 20
-252.4509999999995
 30
0.0
 11
392.36500000000177
 21
-251.8469999999995
 31
0.0
  0
LINE
  5
4DD
330
17
100
AcDbEntity
  8
0
100
AcDbLine
 10
392.36500000000177
 20
-251.8469999999995
 30
0.0
 11
391.9730000000018
 21
-251.24299999999948
 31
0.0
  0
LINE
  5
4DE
330
17
100
AcDbEntity
  8
0
100
AcDbLine
 10
391.9730000000018
 20
-251.24299999999948
 30
0.0
 11
391.5810000000018
 21
-250.63899999999947
 31
0.0
  0
LINE
  5
4DF
330
17
100
AcDbEntity
  8
0
100
AcDbLine
 10
391.5810000000018
 20
-250.63899999999947
 30
0.0
 11
391.1890000000018
 21
-250.03499999999946
 31
0.0
  0
LINE
  5
4E0
330
17
100
AcDbEntity
  8
0
100
AcDbLine
 10
391.1890000000018
 20
-250.03499999999946
 30
0.0
 11
390.7970000000018
 21
-249.43099999999944
 31
0.0
  0
LINE
  5
4E1
330
17
100
AcDbEntity
  8
0
100
AcDbLine
 10
390.7970000000018
 20
-249.43099999999944
 30
0.0
 11
390.4050000000018
 21
-248.82699999999943
 31
0.0
  0
LINE
  5
4E2
330
17
100
AcDbEntity
  8
0
100
AcDbLine
 10
390.4050000000018
 20
-248.82699999999943
 30
0.0
 11
390.0130000000018
 21
-248.22299999999942
 31
0.0
  0
LINE
  5
4E3
330
17
100
AcDbEntity
  8
0
100
AcDbLine
 10
390.0130000000018
 20
-248.22299999999942
 30
0.0
 11
389.6210000000018
 21
-247.6189999999994
 31
0.0
  0
LINE
  5
4E4
330
17
100
AcDbEntity
  8
0
100
AcDbLine
 10
389.6210000000018
 20
-247.6189999999994
 30
0.0
 11
389.2290000000018
 21
-247.0149999999994
 31
0.0
  0
LINE
  5
4E5
330
17
100
AcDbEntity
  8
0
100
AcDbLine
 10
389.2290000000018
 20
-247.0149999999994
 30
0.0
 11
388.8370000000018
 21
-246.41099999999938
 31
0.0
  0
LINE
  5
4E6
330
17
100
AcDbEntity
  8
0
100
AcDbLine
 10
388.8370000000018
 20
-246.41099999999938
 30
0.0
 11
388.4450000000018
 21
-245.80699999999936
 31
0.0
  0
LINE
  5
4E7
330
17
100
AcDbEntity
  8
0
100
AcDbLine
 10
388.4450000000018
 20
-245.80699999999936
 30
0.0
 11
388.0530000000018
 21
-245.20299999999935
 31
0.0
  0
LINE
  5
4E8
330
17
100
AcDbEntity
  8
0
100
AcDbLine
 10
388.0530000000018
 20
-245.20299999999935
 30
0.0
 11
387.6610000000018
 21
-244.59899999999934
 31
0.0
  0
LINE
  5
4E9
330
17
100
AcDbEntity
  8
0
100
AcDbLine
 10
387.6610000000018
 20
-244.59899999999934
 30
0.0
 11
387.2690000000018
 21
-243.99499999999932
 31
0.0
  0
LINE
  5
4EA
330
17
100
AcDbEntity
  8
0
100
AcDbLine
 10
387.2690000000018
 20
-243.99499999999932
 30
0.0
 11
386.87700000000183
 21
-243.3909999999993
 31
0.0
  0
LINE
  5
4EB
330
17
100
AcDbEntity
  8
0
100
AcDbLine
 10
386.87700000000183
 20
-243.3909999999993
 30
0.0
 11
386.48500000000183
 21
-242.7869999999993
 31
0.0
  0
LINE
  5
4EC
330
17
100
AcDbEntity
  8
0
100
AcDbLine
 10
386.48500000000183
 20
-242.7869999999993
 30
0.0
 11
386.09300000000184
 21
-242.18299999999928
 31
0.0
  0
LINE
  5
4ED
330
17
100
AcDbEntity
  8
0
100
AcDbLine
 10
386.09300000000184
 20
-242.18299999999928
 30
0.0
 11
385.70100000000184
 21
-241.57899999999927
 31
0.0
  0
LINE
  5
4EE
330
17
100
AcDbEntity
  8
0
100
AcDbLine
 10
385.70100000000184
 20
-241.57899999999927
 30
0.0
 11
385.30900000000184
 21
-240.97499999999926
 31
0.0
  0
LINE
  5
4EF
330
17
100
AcDbEntity
  8
0
100
AcDbLine
 10
385.30900000000184
 20
-240.97499999999926
 30
0.0
 11
384.9710000000018
 21
-240.47199999999927
 31
0.0
  0
LINE
  5
4F0
330
17
100
AcDbEntity
  8
0
100
AcDbLine
 10
384.9710000000018
 20
-240.47199999999927
 30
0.0
 11
384.61900000000185
 21
-239.98099999999926
 31
0.0
  0
LINE
  5
4F1
330
17
100
AcDbEntity
  8
0
100
AcDbLine
 10
384.61900000000185
 20
-239.98099999999926
 30
0.0
 11
384.25300000000186
 21
-239.50299999999925
 31
0.0
  0
LINE
  5
4F2
330
17
100
AcDbEntity
  8
0
100
AcDbLine
 10
384.25300000000186
 20
-239.50299999999925
 30
0.0
 11
383.87300000000187
 21
-239.03899999999925
 31
0.0
  0
LINE
  5
4F3
330
17
100
AcDbEntity
  8
0
100
AcDbLine
 10
383.87300000000187
 20
-239.03899999999925
 30
0.0
 11
383.4800000000019
 21
-238.58799999999925
 31
0.0
  0
LINE
  5
4F4
330
17
100
AcDbEntity
  8
0
100
AcDbLine
 10
383.4800000000019
 20
-238.58799999999925
 30
0.0
 11
383.0740000000019
 21
-238.15099999999924
 31
0.0
  0
LINE
  5
4F5
330
17
100
AcDbEntity
  8
0
100
AcDbLine
 10
383.0740000000019
 20
-238.15099999999924
 30
0.0
 11
382.6550000000019
 21
-237.72799999999924
 31
0.0
  0
LINE
  5
4F6
330
17
100
AcDbEntity
  8
0
100
AcDbLine
 10
382.6550000000019
 20
-237.72799999999924
 30
0.0
 11
382.2240000000019
 21
-237.31899999999925
 31
0.0
  0
LINE
  5
4F7
330
17
100
AcDbEntity
  8
0
100
AcDbLine
 10
382.2240000000019
 20
-237.31899999999925
 30
0.0
 11
381.7820000000019
 21
-236.92399999999924
 31
0.0
  0
LINE
  5
4F8
330
17
100
AcDbEntity
  8
0
100
AcDbLine
 10
381.7820000000019
 20
-236.92399999999924
 30
0.0
 11
381.3280000000019
 21
-236.54399999999924
 31
0.0
  0
LINE
  5
4F9
330
17
100
AcDbEntity
  8
0
100
AcDbLine
 10
381.3280000000019
 20
-236.54399999999924
 30
0.0
 11
380.86300000000193
 21
-236.17899999999923
 31
0.0
  0
LINE
  5
4FA
330
17
100
AcDbEntity
  8
0
100
AcDbLine
 10
380.86300000000193
 20
-236.17899999999923
 30
0.0
 11
380.3880000000019
 21
-235.82899999999924
 31
0.0
  0
LINE
  5
4FB
330
17
100
AcDbEntity
  8
0
100
AcDbLine
 10
380.3880000000019
 20
-235.82899999999924
 30
0.0
 11
379.9030000000019
 21
-235.49399999999923
 31
0.0
  0
LINE
  5
4FC
330
17
100
AcDbEntity
  8
0
100
AcDbLine
 10
379.9030000000019
 20
-235.49399999999923
 30
0.0
 11
379.4080000000019
 21
-235.17399999999924
 31
0.0
  0
LINE
  5
4FD
330
17
100
AcDbEntity
  8
0
100
AcDbLine
 10
379.4080000000019
 20
-235.17399999999924
 30
0.0
 11
378.9030000000019
 21
-234.86999999999924
 31
0.0
  0
LINE
  5
4FE
330
17
100
AcDbEntity
  8
0
100
AcDbLine
 10
378.9030000000019
 20
-234.86999999999924
 30
0.0
 11
378.3890000000019
 21
-234.58199999999923
 31
0.0
  0
LINE
  5
4FF
330
17
100
AcDbEntity
  8
0
100
AcDbLine
 10
378.3890000000019
 20
-234.58199999999923
 30
0.0
 11
377.8670000000019
 21
-234.30999999999923
 31
0.0
  0
LINE
  5
500
330
17
100
AcDbEntity
  8
0
100
AcDbLine
 10
377.8670000000019
 20
-234.30999999999923
 30
0.0
 11
377.3360000000019
 21
-234.05399999999923
 31
0.0
  0
LINE
  5
501
330
17
100
AcDbEntity
  8
0
100
AcDbLine
 10
377.3360000000019
 20
-234.05399999999923
 30
0.0
 11
376.7970000000019
 21
-233.81399999999923
 31
0.0
  0
LINE
  5
502
330
17
100
AcDbEntity
  8
0
100
AcDbLine
 10
376.7970000000019
 20
-233.81399999999923
 30
0.0
 11
376.2510000000019
 21
-233.5909999999992
 31
0.0
  0
LINE
  5
503
330
17
100
AcDbEntity
  8
0
100
AcDbLine
 10
376.2510000000019
 20
-233.5909999999992
 30
0.0
 11
375.6980000000019
 21
-233.38499999999922
 31
0.0
  0
LINE
  5
504
330
17
100
AcDbEntity
  8
0
100
AcDbLine
 10
375.6980000000019
 20
-233.38499999999922
 30
0.0
 11
375.1380000000019
 21
-233.19599999999923
 31
0.0
  0
LINE
  5
505
330
17
100
AcDbEntity
  8
0
100
AcDbLine
 10
375.1380000000019
 20
-233.19599999999923
 30
0.0
 11
374.57200000000194
 21
-233.02399999999923
 31
0.0
  0
LINE
  5
506
330
17
100
AcDbEntity
  8
0
100
AcDbLine
 10
374.57200000000194
 20
-233.02399999999923
 30
0.0
 11
374.00000000000193
 21
-232.86899999999923
 31
0.0
  0
LINE
  5
507
330
17
100
AcDbEntity
  8
0
100
AcDbLine
 10
374.00000000000193
 20
-232.86899999999923
 30
0.0
 11
373.42200000000196
 21
-232.73199999999923
 31
0.0
  0
LINE
  5
508
330
17
100
AcDbEntity
  8
0
100
AcDbLine
 10
373.42200000000196
 20
-232.73199999999923
 30
0.0
 11
372.83900000000193
 21
-232.61299999999923
 31
0.0
  0
LINE
  5
509
330
17
100
AcDbEntity
  8
0
100
AcDbLine
 10
372.83900000000193
 20
-232.61299999999923
 30
0.0
 11
372.2510000000019
 21
-232.51199999999923
 31
0.0
  0
LINE
  5
50A
330
17
100
AcDbEntity
  8
0
100
AcDbLine
 10
372.2510000000019
 20
-232.51199999999923
 30
0.0
 11
371.6590000000019
 21
-232.42899999999923
 31
0.0
  0
LINE
  5
50B
330
17
100
AcDbEntity
  8
0
100
AcDbLine
 10
371.6590000000019
 20
-232.42899999999923
 30
0.0
 11
371.0630000000019
 21
-232.36499999999924
 31
0.0
  0
LINE
  5
50C
330
17
100
AcDbEntity
  8
0
100
AcDbLine
 10
371.0630000000019
 20
-232.36499999999924
 30
0.0
 11
370.4630000000019
 21
-232.31899999999925
 31
0.0
  0
LINE
  5
50D
330
17
100
AcDbEntity
  8
0
100
AcDbLine
 10
370.4630000000019
 20
-232.31899999999925
 30
0.0
 11
369.8600000000019
 21
-232.29199999999926
 31
0.0
  0
LINE
  5
50E
330
17
100
AcDbEntity
  8
0
100
AcDbLine
 10
369.8600000000019
 20
-232.29199999999926
 30
0.0
 11
369.2540000000019
 21
-232.28399999999925
 31
0.0
  0
LINE
  5
50F
330
17
100
AcDbEntity
  8
0
100
AcDbLine
 10
369.2540000000019
 20
-232.28399999999925
 30
0.0
 11
367.8950000000019
 21
-232.28799999999924
 31
0.0
  0
LINE
  5
510
330
17
100
AcDbEntity
  8
0
100
AcDbLine
 10
367.8950000000019
 20
-232.28799999999924
 30
0.0
 11
366.53600000000193
 21
-232.29199999999923
 31
0.0
  0
LINE
  5
511
330
17
100
AcDbEntity
  8
0
100
AcDbLine
 10
366.53600000000193
 20
-232.29199999999923
 30
0.0
 11
365.17700000000195
 21
-232.29599999999922
 31
0.0
  0
LINE
  5
512
330
17
100
AcDbEntity
  8
0
100
AcDbLine
 10
365.17700000000195
 20
-232.29599999999922
 30
0.0
 11
363.818000000002
 21
-232.29999999999922
 31
0.0
  0
LINE
  5
513
330
17
100
AcDbEntity
  8
0
100
AcDbLine
 10
363.818000000002
 20
-232.29999999999922
 30
0.0
 11
362.459000000002
 21
-232.3039999999992
 31
0.0
  0
LINE
  5
514
330
17
100
AcDbEntity
  8
0
100
AcDbLine
 10
362.459000000002
 20
-232.3039999999992
 30
0.0
 11
361.100000000002
 21
-232.3079999999992
 31
0.0
  0
LINE
  5
515
330
17
100
AcDbEntity
  8
0
100
AcDbLine
 10
361.100000000002
 20
-232.3079999999992
 30
0.0
 11
359.74100000000203
 21
-232.3119999999992
 31
0.0
  0
LINE
  5
516
330
17
100
AcDbEntity
  8
0
100
AcDbLine
 10
359.74100000000203
 20
-232.3119999999992
 30
0.0
 11
358.38200000000205
 21
-232.31599999999918
 31
0.0
  0
LINE
  5
517
330
17
100
AcDbEntity
  8
0
100
AcDbLine
 10
358.38200000000205
 20
-232.31599999999918
 30
0.0
 11
357.02300000000207
 21
-232.31999999999917
 31
0.0
  0
LINE
  5
518
330
17
100
AcDbEntity
  8
0
100
AcDbLine
 10
357.02300000000207
 20
-232.31999999999917
 30
0.0
 11
355.6640000000021
 21
-232.32399999999916
 31
0.0
  0
LINE
  5
519
330
17
100
AcDbEntity
  8
0
100
AcDbLine
 10
355.6640000000021
 20
-232.32399999999916
 30
0.0
 11
354.3050000000021
 21
-232.32799999999915
 31
0.0
  0
LINE
  5
51A
330
17
100
AcDbEntity
  8
0
100
AcDbLine
 10
354.3050000000021
 20
-232.32799999999915
 30
0.0
 11
352.94600000000213
 21
-232.33199999999914
 31
0.0
  0
LINE
  5
51B
330
17
100
AcDbEntity
  8
0
100
AcDbLine
 10
352.94600000000213
 20
-232.33199999999914
 30
0.0
 11
351.58700000000215
 21
-232.33599999999913
 31
0.0
  0
LINE
  5
51C
330
17
100
AcDbEntity
  8
0
100
AcDbLine
 10
351.58700000000215
 20
-232.33599999999913
 30
0.0
 11
350.22800000000217
 21
-232.33999999999912
 31
0.0
  0
LINE
  5
51D
330
17
100
AcDbEntity
  8
0
100
AcDbLine
 10
350.22800000000217
 20
-232.33999999999912
 30
0.0
 11
348.8690000000022
 21
-232.3439999999991
 31
0.0
  0
LINE
  5
51E
330
17
100
AcDbEntity
  8
0
100
AcDbLine
 10
348.8690000000022
 20
-232.3439999999991
 30
0.0
 11
347.5100000000022
 21
-232.3479999999991
 31
0.0
  0
LINE
  5
51F
330
17
100
AcDbEntity
  8
0
100
AcDbLine
 10
347.5100000000022
 20
-232.3479999999991
 30
0.0
 11
346.1510000000022
 21
-232.3519999999991
 31
0.0
  0
LINE
  5
520
330
17
100
AcDbEntity
  8
0
100
AcDbLine
 10
346.1510000000022
 20
-232.3519999999991
 30
0.0
 11
344.79200000000225
 21
-232.35599999999909
 31
0.0
  0
LINE
  5
521
330
17
100
AcDbEntity
  8
0
100
AcDbLine
 10
344.79200000000225
 20
-232.35599999999909
 30
0.0
 11
343.43300000000227
 21
-232.35999999999908
 31
0.0
  0
LINE
  5
522
330
17
100
AcDbEntity
  8
0
100
AcDbLine
 10
343.43300000000227
 20
-232.35999999999908
 30
0.0
 11
342.0740000000023
 21
-232.36399999999907
 31
0.0
  0
LINE
  5
523
330
17
100
AcDbEntity
  8
0
100
AcDbLine
 10
342.0740000000023
 20
-232.36399999999907
 30
0.0
 11
340.7150000000023
 21
-232.36799999999906
 31
0.0
  0
LINE
  5
524
330
17
100
AcDbEntity
  8
0
100
AcDbLine
 10
340.7150000000023
 20
-232.36799999999906
 30
0.0
 11
339.3560000000023
 21
-232.37199999999905
 31
0.0
  0
LINE
  5
525
330
17
100
AcDbEntity
  8
0
100
AcDbLine
 10
339.3560000000023
 20
-232.37199999999905
 30
0.0
 11
337.99700000000234
 21
-232.37599999999904
 31
0.0
  0
LINE
  5
526
330
17
100
AcDbEntity
  8
0
100
AcDbLine
 10
337.99700000000234
 20
-232.37599999999904
 30
0.0
 11
336.63800000000236
 21
-232.37999999999903
 31
0.0
  0
LINE
  5
527
330
17
100
AcDbEntity
  8
0
100
AcDbLine
 10
336.63800000000236
 20
-232.37999999999903
 30
0.0
 11
335.2790000000024
 21
-232.38399999999902
 31
0.0
  0
LINE
  5
528
330
17
100
AcDbEntity
  8
0
100
AcDbLine
 10
335.2790000000024
 20
-232.38399999999902
 30
0.0
 11
333.9200000000024
 21
-232.387999999999
 31
0.0
  0
LINE
  5
529
330
17
100
AcDbEntity
  8
0
100
AcDbLine
 10
333.9200000000024
 20
-232.387999999999
 30
0.0
 11
332.5610000000024
 21
-232.391999999999
 31
0.0
  0
LINE
  5
52A
330
17
100
AcDbEntity
  8
0
100
AcDbLine
 10
332.5610000000024
 20
-232.391999999999
 30
0.0
 11
331.20200000000244
 21
-232.395999999999
 31
0.0
  0
LINE
  5
52B
330
17
100
AcDbEntity
  8
0
100
AcDbLine
 10
331.20200000000244
 20
-232.395999999999
 30
0.0
 11
329.84300000000246
 21
-232.39999999999898
 31
0.0
  0
LINE
  5
52C
330
17
100
AcDbEntity
  8
0
100
AcDbLine
 10
329.84300000000246
 20
-232.39999999999898
 30
0.0
 11
328.4840000000025
 21
-232.40399999999897
 31
0.0
  0
LINE
  5
52D
330
17
100
AcDbEntity
  8
0
100
AcDbLine
 10
328.4840000000025
 20
-232.40399999999897
 30
0.0
 11
327.1250000000025
 21
-232.40799999999896
 31
0.0
  0
LINE
  5
52E
330
17
100
AcDbEntity
  8
0
100
AcDbLine
 10
327.1250000000025
 20
-232.40799999999896
 30
0.0
 11
325.7660000000025
 21
-232.41199999999895
 31
0.0
  0
LINE
  5
52F
330
17
100
AcDbEntity
  8
0
100
AcDbLine
 10
325.7660000000025
 20
-232.41199999999895
 30
0.0
 11
325.5470000000025
 21
-232.41999999999896
 31
0.0
  0
LINE
  5
530
330
17
100
AcDbEntity
  8
0
100
AcDbLine
 10
325.5470000000025
 20
-232.41999999999896
 30
0.0
 11
325.3330000000025
 21
-232.44099999999895
 31
0.0
  0
LINE
  5
531
330
17
100
AcDbEntity
  8
0
100
AcDbLine
 10
325.3330000000025
 20
-232.44099999999895
 30
0.0
 11
325.12300000000255
 21
-232.47499999999894
 31
0.0
  0
LINE
  5
532
330
17
100
AcDbEntity
  8
0
100
AcDbLine
 10
325.12300000000255
 20
-232.47499999999894
 30
0.0
 11
324.91800000000256
 21
-232.52099999999893
 31
0.0
  0
LINE
  5
533
330
17
100
AcDbEntity
  8
0
100
AcDbLine
 10
324.91800000000256
 20
-232.52099999999893
 30
0.0
 11
324.71900000000255
 21
-232.57899999999893
 31
0.0
  0
LINE
  5
534
330
17
100
AcDbEntity
  8
0
100
AcDbLine
 10
324.71900000000255
 20
-232.57899999999893
 30
0.0
 11
324.52500000000254
 21
-232.64799999999892
 31
0.0
  0
LINE
  5
535
330
17
100
AcDbEntity
  8
0
100
AcDbLine
 10
324.52500000000254
 20
-232.64799999999892
 30
0.0
 11
324.33700000000255
 21
-232.72799999999893
 31
0.0
  0
LINE
  5
536
330
17
100
AcDbEntity
  8
0
100
AcDbLine
 10
324.33700000000255
 20
-232.72799999999893
 30
0.0
 11
324.15600000000256
 21
-232.81799999999893
 31
0.0
  0
LINE
  5
537
330
17
100
AcDbEntity
  8
0
100
AcDbLine
 10
324.15600000000256
 20
-232.81799999999893
 30
0.0
 11
323.98100000000255
 21
-232.91799999999893
 31
0.0
  0
LINE
  5
538
330
17
100
AcDbEntity
  8
0
100
AcDbLine
 10
323.98100000000255
 20
-232.91799999999893
 30
0.0
 11
323.81300000000255
 21
-233.02799999999894
 31
0.0
  0
LINE
  5
539
330
17
100
AcDbEntity
  8
0
100
AcDbLine
 10
323.81300000000255
 20
-233.02799999999894
 30
0.0
 11
323.6530000000025
 21
-233.14699999999894
 31
0.0
  0
LINE
  5
53A
330
17
100
AcDbEntity
  8
0
100
AcDbLine
 10
323.6530000000025
 20
-233.14699999999894
 30
0.0
 11
323.5000000000025
 21
-233.27499999999893
 31
0.0
  0
LINE
  5
53B
330
17
100
AcDbEntity
  8
0
100
AcDbLine
 10
323.5000000000025
 20
-233.27499999999893
 30
0.0
 11
323.3550000000025
 21
-233.41099999999892
 31
0.0
  0
LINE
  5
53C
330
17
100
AcDbEntity
  8
0
100
AcDbLine
 10
323.3550000000025
 20
-233.41099999999892
 30
0.0
 11
323.2180000000025
 21
-233.55499999999893
 31
0.0
  0
LINE
  5
53D
330
17
100
AcDbEntity
  8
0
100
AcDbLine
 10
323.2180000000025
 20
-233.55499999999893
 30
0.0
 11
323.09000000000253
 21
-233.70599999999894
 31
0.0
  0
LINE
  5
53E
330
17
100
AcDbEntity
  8
0
100
AcDbLine
 10
323.09000000000253
 20
-233.70599999999894
 30
0.0
 11
322.9700000000025
 21
-233.86399999999892
 31
0.0
  0
LINE
  5
53F
330
17
100
AcDbEntity
  8
0
100
AcDbLine
 10
322.9700000000025
 20
-233.86399999999892
 30
0.0
 11
322.85900000000254
 21
-234.0279999999989
 31
0.0
  0
LINE
  5
540
330
17
100
AcDbEntity
  8
0
100
AcDbLine
 10
322.85900000000254
 20
-234.0279999999989
 30
0.0
 11
322.75800000000254
 21
-234.1989999999989
 31
0.0
  0
LINE
  5
541
330
17
100
AcDbEntity
  8
0
100
AcDbLine
 10
322.75800000000254
 20
-234.1989999999989
 30
0.0
 11
322.66700000000253
 21
-234.3749999999989
 31
0.0
  0
LINE
  5
542
330
17
100
AcDbEntity
  8
0
100
AcDbLine
 10
322.66700000000253
 20
-234.3749999999989
 30
0.0
 11
322.5860000000025
 21
-234.5559999999989
 31
0.0
  0
LINE
  5
543
330
17
100
AcDbEntity
  8
0
100
AcDbLine
 10
322.5860000000025
 20
-234.5559999999989
 30
0.0
 11
322.5150000000025
 21
-234.7419999999989
 31
0.0
  0
LINE
  5
544
330
17
100
AcDbEntity
  8
0
100
AcDbLine
 10
322.5150000000025
 20
-234.7419999999989
 30
0.0
 11
322.4550000000025
 21
-234.9319999999989
 31
0.0
  0
LINE
  5
545
330
17
100
AcDbEntity
  8
0
100
AcDbLine
 10
322.4550000000025
 20
-234.9319999999989
 30
0.0
 11
322.4060000000025
 21
-235.1259999999989
 31
0.0
  0
LINE
  5
546
330
17
100
AcDbEntity
  8
0
100
AcDbLine
 10
322.4060000000025
 20
-235.1259999999989
 30
0.0
 11
322.3680000000025
 21
-235.3239999999989
 31
0.0
  0
LINE
  5
547
330
17
100
AcDbEntity
  8
0
100
AcDbLine
 10
322.3680000000025
 20
-235.3239999999989
 30
0.0
 11
322.3420000000025
 21
-235.5249999999989
 31
0.0
  0
LINE
  5
548
330
17
100
AcDbEntity
  8
0
100
AcDbLine
 10
322.3420000000025
 20
-235.5249999999989
 30
0.0
 11
322.3280000000025
 21
-235.7279999999989
 31
0.0
  0
LINE
  5
549
330
17
100
AcDbEntity
  8
0
100
AcDbLine
 10
322.3280000000025
 20
-235.7279999999989
 30
0.0
 11
322.32600000000247
 21
-235.9329999999989
 31
0.0
  0
LINE
  5
54A
330
17
100
AcDbEntity
  8
0
100
AcDbLine
 10
322.32600000000247
 20
-235.9329999999989
 30
0.0
 11
322.33600000000246
 21
-236.1399999999989
 31
0.0
  0
LINE
  5
54B
330
17
100
AcDbEntity
  8
0
100
AcDbLine
 10
322.33600000000246
 20
-236.1399999999989
 30
0.0
 11
322.3590000000025
 21
-236.3479999999989
 31
0.0
  0
LINE
  5
54C
330
17
100
AcDbEntity
  8
0
100
AcDbLine
 10
322.3590000000025
 20
-236.3479999999989
 30
0.0
 11
322.3950000000025
 21
-236.5569999999989
 31
0.0
  0
LINE
  5
54D
330
17
100
AcDbEntity
  8
0
100
AcDbLine
 10
322.3950000000025
 20
-236.5569999999989
 30
0.0
 11
322.4450000000025
 21
-236.76699999999892
 31
0.0
  0
LINE
  5
54E
330
17
100
AcDbEntity
  8
0
100
AcDbLine
 10
322.4450000000025
 20
-236.76699999999892
 30
0.0
 11
322.5090000000025
 21
-236.97699999999892
 31
0.0
  0
LINE
  5
54F
330
17
100
AcDbEntity
  8
0
100
AcDbLine
 10
322.5090000000025
 20
-236.97699999999892
 30
0.0
 11
322.6270000000025
 21
-237.36999999999892
 31
0.0
  0
LINE
  5
550
330
17
100
AcDbEntity
  8
0
100
AcDbLine
 10
322.6270000000025
 20
-237.36999999999892
 30
0.0
 11
322.7450000000025
 21
-237.76299999999893
 31
0.0
  0
LINE
  5
551
330
17
100
AcDbEntity
  8
0
100
AcDbLine
 10
322.7450000000025
 20
-237.76299999999893
 30
0.0
 11
322.8630000000025
 21
-238.15599999999893
 31
0.0
  0
LINE
  5
552
330
17
100
AcDbEntity
  8
0
100
AcDbLine
 10
322.8630000000025
 20
-238.15599999999893
 30
0.0
 11
322.9810000000025
 21
-238.54899999999893
 31
0.0
  0
LINE
  5
553
330
17
100
AcDbEntity
  8
0
100
AcDbLine
 10
322.9810000000025
 20
-238.54899999999893
 30
0.0
 11
323.0990000000025
 21
-238.94199999999893
 31
0.0
  0
LINE
  5
554
330
17
100
AcDbEntity
  8
0
100
AcDbLine
 10
323.0990000000025
 20
-238.94199999999893
 30
0.0
 11
323.2170000000025
 21
-239.33499999999893
 31
0.0
  0
LINE
  5
555
330
17
100
AcDbEntity
  8
0
100
AcDbLine
 10
323.2170000000025
 20
-239.33499999999893
 30
0.0
 11
323.3350000000025
 21
-239.72799999999893
 31
0.0
  0
LINE
  5
556
330
17
100
AcDbEntity
  8
0
100
AcDbLine
 10
323.3350000000025
 20
-239.72799999999893
 30
0.0
 11
323.4530000000025
 21
-240.12099999999893
 31
0.0
  0
LINE
  5
557
330
17
100
AcDbEntity
  8
0
100
AcDbLine
 10
323.4530000000025
 20
-240.12099999999893
 30
0.0
 11
323.57100000000247
 21
-240.51399999999893
 31
0.0
  0
LINE
  5
558
330
17
100
AcDbEntity
  8
0
100
AcDbLine
 10
323.57100000000247
 20
-240.51399999999893
 30
0.0
 11
323.68900000000247
 21
-240.90699999999893
 31
0.0
  0
LINE
  5
559
330
17
100
AcDbEntity
  8
0
100
AcDbLine
 10
323.68900000000247
 20
-240.90699999999893
 30
0.0
 11
323.80700000000246
 21
-241.29999999999893
 31
0.0
  0
LINE
  5
55A
330
17
100
AcDbEntity
  8
0
100
AcDbLine
 10
323.80700000000246
 20
-241.29999999999893
 30
0.0
 11
323.92500000000246
 21
-241.69299999999893
 31
0.0
  0
LINE
  5
55B
330
17
100
AcDbEntity
  8
0
100
AcDbLine
 10
323.92500000000246
 20
-241.69299999999893
 30
0.0
 11
324.04300000000245
 21
-242.08599999999893
 31
0.0
  0
LINE
  5
55C
330
17
100
AcDbEntity
  8
0
100
AcDbLine
 10
324.04300000000245
 20
-242.08599999999893
 30
0.0
 11
324.16100000000245
 21
-242.47899999999893
 31
0.0
  0
LINE
  5
55D
330
17
100
AcDbEntity
  8
0
100
AcDbLine
 10
324.16100000000245
 20
-242.47899999999893
 30
0.0
 11
324.27900000000244
 21
-242.87199999999893
 31
0.0
  0
LINE
  5
55E
330
17
100
AcDbEntity
  8
0
100
AcDbLine
 10
324.27900000000244
 20
-242.87199999999893
 30
0.0
 11
324.39700000000244
 21
-243.26499999999893
 31
0.0
  0
LINE
  5
55F
330
17
100
AcDbEntity
  8
0
100
AcDbLine
 10
324.39700000000244
 20
-243.26499999999893
 30
0.0
 11
324.51500000000243
 21
-243.65799999999894
 31
0.0
  0
LINE
  5
560
330
17
100
AcDbEntity
  8
0
100
AcDbLine
 10
324.51500000000243
 20
-243.65799999999894
 30
0.0
 11
324.6330000000024
 21
-244.05099999999894
 31
0.0
  0
LINE
  5
561
330
17
100
AcDbEntity
  8
0
100
AcDbLine
 10
324.6330000000024
 20
-244.05099999999894
 30
0.0
 11
324.7510000000024
 21
-244.44399999999894
 31
0.0
  0
LINE
  5
562
330
17
100
AcDbEntity
  8
0
100
AcDbLine
 10
324.7510000000024
 20
-244.44399999999894
 30
0.0
 11
324.8690000000024
 21
-244.83699999999894
 31
0.0
  0
LINE
  5
563
330
17
100
AcDbEntity
  8
0
100
AcDbLine
 10
324.8690000000024
 20
-244.83699999999894
 30
0.0
 11
324.9870000000024
 21
-245.22999999999894
 31
0.0
  0
LINE
  5
564
330
17
100
AcDbEntity
  8
0
100
AcDbLine
 10
324.9870000000024
 20
-245.22999999999894
 30
0.0
 11
325.1050000000024
 21
-245.62299999999894
 31
0.0
  0
LINE
  5
565
330
17
100
AcDbEntity
  8
0
100
AcDbLine
 10
325.1050000000024
 20
-245.62299999999894
 30
0.0
 11
325.2230000000024
 21
-246.01599999999894
 31
0.0
  0
LINE
  5
566
330
17
100
AcDbEntity
  8
0
100
AcDbLine
 10
325.2230000000024
 20
-246.01599999999894
 30
0.0
 11
325.3410000000024
 21
-246.40899999999894
 31
0.0
  0
LINE
  5
567
330
17
100
AcDbEntity
  8
0
100
AcDbLine
 10
325.3410000000024
 20
-246.40899999999894
 30
0.0
 11
325.4590000000024
 21
-246.80199999999894
 31
0.0
  0
LINE
  5
568
330
17
100
AcDbEntity
  8
0
100
AcDbLine
 10
325.4590000000024
 20
-246.80199999999894
 30
0.0
 11
325.5770000000024
 21
-247.19499999999894
 31
0.0
  0
LINE
  5
569
330
17
100
AcDbEntity
  8
0
100
AcDbLine
 10
325.5770000000024
 20
-247.19499999999894
 30
0.0
 11
325.6950000000024
 21
-247.58799999999894
 31
0.0
  0
LINE
  5
56A
330
17
100
AcDbEntity
  8
0
100
AcDbLine
 10
325.6950000000024
 20
-247.58799999999894
 30
0.0
 11
325.8130000000024
 21
-247.98099999999894
 31
0.0
  0
LINE
  5
56B
330
17
100
AcDbEntity
  8
0
100
AcDbLine
 10
325.8130000000024
 20
-247.98099999999894
 30
0.0
 11
325.93100000000237
 21
-248.37399999999894
 31
0.0
  0
LINE
  5
56C
330
17
100
AcDbEntity
  8
0
100
AcDbLine
 10
325.93100000000237
 20
-248.37399999999894
 30
0.0
 11
326.04900000000237
 21
-248.76699999999894
 31
0.0
  0
LINE
  5
56D
330
17
100
AcDbEntity
  8
0
100
AcDbLine
 10
326.04900000000237
 20
-248.76699999999894
 30
0.0
 11
326.16700000000236
 21
-249.15999999999894
 31
0.0
  0
LINE
  5
56E
330
17
100
AcDbEntity
  8
0
100
AcDbLine
 10
326.16700000000236
 20
-249.15999999999894
 30
0.0
 11
326.28500000000236
 21
-249.55299999999895
 31
0.0
  0
LINE
  5
56F
330
17
100
AcDbEntity
  8
0
100
AcDbLine
 10
326.28500000000236
 20
-249.55299999999895
 30
0.0
 11
326.42000000000235
 21
-249.99399999999895
 31
0.0
  0
LINE
  5
570
330
17
100
AcDbEntity
  8
0
100
AcDbLine
 10
326.42000000000235
 20
-249.99399999999895
 30
0.0
 11
326.52800000000235
 21
-250.43399999999895
 31
0.0
  0
LINE
  5
571
330
17
100
AcDbEntity
  8
0
100
AcDbLine
 10
326.52800000000235
 20
-250.43399999999895
 30
0.0
 11
326.60900000000237
 21
-250.87199999999893
 31
0.0
  0
LINE
  5
572
330
17
100
AcDbEntity
  8
0
100
AcDbLine
 10
326.60900000000237
 20
-250.87199999999893
 30
0.0
 11
326.6640000000024
 21
-251.30699999999894
 31
0.0
  0
LINE
  5
573
330
17
100
AcDbEntity
  8
0
100
AcDbLine
 10
326.6640000000024
 20
-251.30699999999894
 30
0.0
 11
326.69300000000237
 21
-251.73899999999892
 31
0.0
  0
LINE
  5
574
330
17
100
AcDbEntity
  8
0
100
AcDbLine
 10
326.69300000000237
 20
-251.73899999999892
 30
0.0
 11
326.6970000000024
 21
-252.16599999999892
 31
0.0
  0
LINE
  5
575
330
17
100
AcDbEntity
  8
0
100
AcDbLine
 10
326.6970000000024
 20
-252.16599999999892
 30
0.0
 11
326.6760000000024
 21
-252.5879999999989
 31
0.0
  0
LINE
  5
576
330
17
100
AcDbEntity
  8
0
100
AcDbLine
 10
326.6760000000024
 20
-252.5879999999989
 30
0.0
 11
326.63100000000236
 21
-253.0039999999989
 31
0.0
  0
LINE
  5
577
330
17
100
AcDbEntity
  8
0
100
AcDbLine
 10
326.63100000000236
 20
-253.0039999999989
 30
0.0
 11
326.5630000000024
 21
-253.4129999999989
 31
0.0
  0
LINE
  5
578
330
17
100
AcDbEntity
  8
0
100
AcDbLine
 10
326.5630000000024
 20
-253.4129999999989
 30
0.0
 11
326.47200000000237
 21
-253.8139999999989
 31
0.0
  0
LINE
  5
579
330
17
100
AcDbEntity
  8
0
100
AcDbLine
 10
326.47200000000237
 20
-253.8139999999989
 30
0.0
 11
326.35900000000237
 21
-254.2059999999989
 31
0.0
  0
LINE
  5
57A
330
17
100
AcDbEntity
  8
0
100
AcDbLine
 10
326.35900000000237
 20
-254.2059999999989
 30
0.0
 11
326.2240000000024
 21
-254.5879999999989
 31
0.0
  0
LINE
  5
57B
330
17
100
AcDbEntity
  8
0
100
AcDbLine
 10
326.2240000000024
 20
-254.5879999999989
 30
0.0
 11
326.0670000000024
 21
-254.95999999999893
 31
0.0
  0
LINE
  5
57C
330
17
100
AcDbEntity
  8
0
100
AcDbLine
 10
326.0670000000024
 20
-254.95999999999893
 30
0.0
 11
325.8900000000024
 21
-255.31999999999894
 31
0.0
  0
LINE
  5
57D
330
17
100
AcDbEntity
  8
0
100
AcDbLine
 10
325.8900000000024
 20
-255.31999999999894
 30
0.0
 11
325.6920000000024
 21
-255.66799999999895
 31
0.0
  0
LINE
  5
57E
330
17
100
AcDbEntity
  8
0
100
AcDbLine
 10
325.6920000000024
 20
-255.66799999999895
 30
0.0
 11
325.4750000000024
 21
-256.00299999999896
 31
0.0
  0
LINE
  5
57F
330
17
100
AcDbEntity
  8
0
100
AcDbLine
 10
325.4750000000024
 20
-256.00299999999896
 30
0.0
 11
325.2390000000024
 21
-256.323999999999
 31
0.0
  0
LINE
  5
580
330
17
100
AcDbEntity
  8
0
100
AcDbLine
 10
325.2390000000024
 20
-256.323999999999
 30
0.0
 11
324.9840000000024
 21
-256.629999999999
 31
0.0
  0
LINE
  5
581
330
17
100
AcDbEntity
  8
0
100
AcDbLine
 10
324.9840000000024
 20
-256.629999999999
 30
0.0
 11
324.7110000000024
 21
-256.919999999999
 31
0.0
  0
LINE
  5
582
330
17
100
AcDbEntity
  8
0
100
AcDbLine
 10
324.7110000000024
 20
-256.919999999999
 30
0.0
 11
324.4200000000024
 21
-257.192999999999
 31
0.0
  0
LINE
  5
583
330
17
100
AcDbEntity
  8
0
100
AcDbLine
 10
324.4200000000024
 20
-257.192999999999
 30
0.0
 11
324.1120000000024
 21
-257.447999999999
 31
0.0
  0
LINE
  5
584
330
17
100
AcDbEntity
  8
0
100
AcDbLine
 10
324.1120000000024
 20
-257.447999999999
 30
0.0
 11
323.7880000000024
 21
-257.68499999999904
 31
0.0
  0
LINE
  5
585
330
17
100
AcDbEntity
  8
0
100
AcDbLine
 10
323.7880000000024
 20
-257.68499999999904
 30
0.0
 11
323.4480000000024
 21
-257.901999999999
 31
0.0
  0
LINE
  5
586
330
17
100
AcDbEntity
  8
0
100
AcDbLine
 10
323.4480000000024
 20
-257.901999999999
 30
0.0
 11
323.09200000000243
 21
-258.098999999999
 31
0.0
  0
LINE
  5
587
330
17
100
AcDbEntity
  8
0
100
AcDbLine
 10
323.09200000000243
 20
-258.098999999999
 30
0.0
 11
322.72100000000245
 21
-258.274999999999
 31
0.0
  0
LINE
  5
588
330
17
100
AcDbEntity
  8
0
100
AcDbLine
 10
322.72100000000245
 20
-258.274999999999
 30
0.0
 11
322.33600000000246
 21
-258.428999999999
 31
0.0
  0
LINE
  5
589
330
17
100
AcDbEntity
  8
0
100
AcDbLine
 10
322.33600000000246
 20
-258.428999999999
 30
0.0
 11
321.93700000000246
 21
-258.559999999999
 31
0.0
  0
LINE
  5
58A
330
17
100
AcDbEntity
  8
0
100
AcDbLine
 10
321.93700000000246
 20
-258.559999999999
 30
0.0
 11
321.5250000000025
 21
-258.666999999999
 31
0.0
  0
LINE
  5
58B
330
17
100
AcDbEntity
  8
0
100
AcDbLine
 10
321.5250000000025
 20
-258.666999999999
 30
0.0
 11
321.10000000000247
 21
-258.74999999999903
 31
0.0
  0
LINE
  5
58C
330
17
100
AcDbEntity
  8
0
100
AcDbLine
 10
321.10000000000247
 20
-258.74999999999903
 30
0.0
 11
320.66300000000246
 21
-258.80699999999905
 31
0.0
  0
LINE
  5
58D
330
17
100
AcDbEntity
  8
0
100
AcDbLine
 10
320.66300000000246
 20
-258.80699999999905
 30
0.0
 11
320.21400000000244
 21
-258.83799999999906
 31
0.0
  0
LINE
  5
58E
330
17
100
AcDbEntity
  8
0
100
AcDbLine
 10
320.21400000000244
 20
-258.83799999999906
 30
0.0
 11
319.75400000000246
 21
-258.84099999999904
 31
0.0
  0
LINE
  5
58F
330
17
100
AcDbEntity
  8
0
100
AcDbLine
 10
319.75400000000246
 20
-258.84099999999904
 30
0.0
 11
318.8470000000025
 21
-258.836999999999
 31
0.0
  0
LINE
  5
590
330
17
100
AcDbEntity
  8
0
100
AcDbLine
 10
318.8470000000025
 20
-258.836999999999
 30
0.0
 11
317.9400000000025
 21
-258.832999999999
 31
0.0
  0
LINE
  5
591
330
17
100
AcDbEntity
  8
0
100
AcDbLine
 10
317.9400000000025
 20
-258.832999999999
 30
0.0
 11
317.0330000000025
 21
-258.828999999999
 31
0.0
  0
LINE
  5
592
330
17
100
AcDbEntity
  8
0
100
AcDbLine
 10
317.0330000000025
 20
-258.828999999999
 30
0.0
 11
316.12600000000253
 21
-258.82499999999897
 31
0.0
  0
LINE
  5
593
330
17
100
AcDbEntity
  8
0
100
AcDbLine
 10
316.12600000000253
 20
-258.82499999999897
 30
0.0
 11
315.21900000000255
 21
-258.82099999999895
 31
0.0
  0
LINE
  5
594
330
17
100
AcDbEntity
  8
0
100
AcDbLine
 10
315.21900000000255
 20
-258.82099999999895
 30
0.0
 11
314.31200000000257
 21
-258.8169999999989
 31
0.0
  0
LINE
  5
595
330
17
100
AcDbEntity
  8
0
100
AcDbLine
 10
314.31200000000257
 20
-258.8169999999989
 30
0.0
 11
313.4050000000026
 21
-258.8129999999989
 31
0.0
  0
LINE
  5
596
330
17
100
AcDbEntity
  8
0
100
AcDbLine
 10
313.4050000000026
 20
-258.8129999999989
 30
0.0
 11
312.4980000000026
 21
-258.8089999999989
 31
0.0
  0
LINE
  5
597
330
17
100
AcDbEntity
  8
0
100
AcDbLine
 10
312.4980000000026
 20
-258.8089999999989
 30
0.0
 11
311.5910000000026
 21
-258.80499999999887
 31
0.0
  0
LINE
  5
598
330
17
100
AcDbEntity
  8
0
100
AcDbLine
 10
311.5910000000026
 20
-258.80499999999887
 30
0.0
 11
310.68400000000264
 21
-258.80099999999885
 31
0.0
  0
LINE
  5
599
330
17
100
AcDbEntity
  8
0
100
AcDbLine
 10
310.68400000000264
 20
-258.80099999999885
 30
0.0
 11
309.77700000000266
 21
-258.79699999999883
 31
0.0
  0
LINE
  5
59A
330
17
100
AcDbEntity
  8
0
100
AcDbLine
 10
309.77700000000266
 20
-258.79699999999883
 30
0.0
 11
308.8700000000027
 21
-258.7929999999988
 31
0.0
  0
LINE
  5
59B
330
17
100
AcDbEntity
  8
0
100
AcDbLine
 10
308.8700000000027
 20
-258.7929999999988
 30
0.0
 11
307.9630000000027
 21
-258.7889999999988
 31
0.0
  0
LINE
  5
59C
330
17
100
AcDbEntity
  8
0
100
AcDbLine
 10
307.9630000000027
 20
-258.7889999999988
 30
0.0
 11
307.0560000000027
 21
-258.7849999999988
 31
0.0
  0
LINE
  5
59D
330
17
100
AcDbEntity
  8
0
100
AcDbLine
 10
307.0560000000027
 20
-258.7849999999988
 30
0.0
 11
306.14900000000273
 21
-258.78099999999876
 31
0.0
  0
LINE
  5
59E
330
17
100
AcDbEntity
  8
0
100
AcDbLine
 10
306.14900000000273
 20
-258.78099999999876
 30
0.0
 11
305.24200000000275
 21
-258.77699999999874
 31
0.0
  0
LINE
  5
59F
330
17
100
AcDbEntity
  8
0
100
AcDbLine
 10
305.24200000000275
 20
-258.77699999999874
 30
0.0
 11
304.33500000000276
 21
-258.7729999999987
 31
0.0
  0
LINE
  5
5A0
330
17
100
AcDbEntity
  8
0
100
AcDbLine
 10
304.33500000000276
 20
-258.7729999999987
 30
0.0
 11
303.4280000000028
 21
-258.7689999999987
 31
0.0
  0
LINE
  5
5A1
330
17
100
AcDbEntity
  8
0
100
AcDbLine
 10
303.4280000000028
 20
-258.7689999999987
 30
0.0
 11
302.5210000000028
 21
-258.7649999999987
 31
0.0
  0
LINE
  5
5A2
330
17
100
AcDbEntity
  8
0
100
AcDbLine
 10
302.5210000000028
 20
-258.7649999999987
 30
0.0
 11
301.6140000000028
 21
-258.76099999999866
 31
0.0
  0
LINE
  5
5A3
330
17
100
AcDbEntity
  8
0
100
AcDbLine
 10
301.6140000000028
 20
-258.76099999999866
 30
0.0
 11
300.70700000000284
 21
-258.75699999999864
 31
0.0
  0
LINE
  5
5A4
330
17
100
AcDbEntity
  8
0
100
AcDbLine
 10
300.70700000000284
 20
-258.75699999999864
 30
0.0
 11
299.80000000000285
 21
-258.7529999999986
 31
0.0
  0
LINE
  5
5A5
330
17
100
AcDbEntity
  8
0
100
AcDbLine
 10
299.80000000000285
 20
-258.7529999999986
 30
0.0
 11
298.89300000000287
 21
-258.7489999999986
 31
0.0
  0
LINE
  5
5A6
330
17
100
AcDbEntity
  8
0
100
AcDbLine
 10
298.89300000000287
 20
-258.7489999999986
 30
0.0
 11
297.9860000000029
 21
-258.7449999999986
 31
0.0
  0
LINE
  5
5A7
330
17
100
AcDbEntity
  8
0
100
AcDbLine
 10
297.9860000000029
 20
-258.7449999999986
 30
0.0
 11
297.0790000000029
 21
-258.74099999999856
 31
0.0
  0
LINE
  5
5A8
330
17
100
AcDbEntity
  8
0
100
AcDbLine
 10
297.0790000000029
 20
-258.74099999999856
 30
0.0
 11
296.1720000000029
 21
-258.73699999999855
 31
0.0
  0
LINE
  5
5A9
330
17
100
AcDbEntity
  8
0
100
AcDbLine
 10
296.1720000000029
 20
-258.73699999999855
 30
0.0
 11
295.26500000000294
 21
-258.7329999999985
 31
0.0
  0
LINE
  5
5AA
330
17
100
AcDbEntity
  8
0
100
AcDbLine
 10
295.26500000000294
 20
-258.7329999999985
 30
0.0
 11
294.35800000000296
 21
-258.7289999999985
 31
0.0
  0
LINE
  5
5AB
330
17
100
AcDbEntity
  8
0
100
AcDbLine
 10
294.35800000000296
 20
-258.7289999999985
 30
0.0
 11
293.451000000003
 21
-258.7249999999985
 31
0.0
  0
LINE
  5
5AC
330
17
100
AcDbEntity
  8
0
100
AcDbLine
 10
293.451000000003
 20
-258.7249999999985
 30
0.0
 11
292.544000000003
 21
-258.72099999999847
 31
0.0
  0
LINE
  5
5AD
330
17
100
AcDbEntity
  8
0
100
AcDbLine
 10
292.544000000003
 20
-258.72099999999847
 30
0.0
 11
291.637000000003
 21
-258.71699999999845
 31
0.0
  0
LINE
  5
5AE
330
17
100
AcDbEntity
  8
0
100
AcDbLine
 10
291.637000000003
 20
-258.71699999999845
 30
0.0
 11
290.73000000000303
 21
-258.71299999999843
 31
0.0
  0
LINE
  5
5AF
330
17
100
AcDbEntity
  8
0
100
AcDbLine
 10
290.73000000000303
 20
-258.71299999999843
 30
0.0
 11
290.680000000003
 21
-258.7469999999984
 31
0.0
  0
LINE
  5
5B0
330
17
100
AcDbEntity
  8
0
100
AcDbLine
 10
290.680000000003
 20
-258.7469999999984
 30
0.0
 11
290.630000000003
 21
-258.7809999999984
 31
0.0
  0
LINE
  5
5B1
330
17
100
AcDbEntity
  8
0
100
AcDbLine
 10
290.630000000003
 20
-258.7809999999984
 30
0.0
 11
290.580000000003
 21
-258.8149999999984
 31
0.0
  0
LINE
  5
5B2
330
17
100
AcDbEntity
  8
0
100
AcDbLine
 10
290.580000000003
 20
-258.8149999999984
 30
0.0
 11
290.530000000003
 21
-258.8489999999984
 31
0.0
  0
LINE
  5
5B3
330
17
100
AcDbEntity
  8
0
100
AcDbLine
 10
290.530000000003
 20
-258.8489999999984
 30
0.0
 11
290.480000000003
 21
-258.8829999999984
 31
0.0
  0
LINE
  5
5B4
330
17
100
AcDbEntity
  8
0
100
AcDbLine
 10
290.480000000003
 20
-258.8829999999984
 30
0.0
 11
290.43000000000296
 21
-258.9169999999984
 31
0.0
  0
LINE
  5
5B5
330
17
100
AcDbEntity
  8
0
100
AcDbLine
 10
290.43000000000296
 20
-258.9169999999984
 30
0.0
 11
290.38000000000295
 21
-258.9509999999984
 31
0.0
  0
LINE
  5
5B6
330
17
100
AcDbEntity
  8
0
100
AcDbLine
 10
290.38000000000295
 20
-258.9509999999984
 30
0.0
 11
290.33000000000294
 21
-258.98499999999837
 31
0.0
  0
LINE
  5
5B7
330
17
100
AcDbEntity
  8
0
100
AcDbLine
 10
290.33000000000294
 20
-258.98499999999837
 30
0.0
 11
290.28000000000293
 21
-259.01899999999836
 31
0.0
  0
LINE
  5
5B8
330
17
100
AcDbEntity
  8
0
100
AcDbLine
 10
290.28000000000293
 20
-259.01899999999836
 30
0.0
 11
290.2300000000029
 21
-259.05299999999835
 31
0.0
  0
LINE
  5
5B9
330
17
100
AcDbEntity
  8
0
100
AcDbLine
 10
290.2300000000029
 20
-259.05299999999835
 30
0.0
 11
290.1800000000029
 21
-259.08699999999834
 31
0.0
  0
LINE
  5
5BA
330
17
100
AcDbEntity
  8
0
100
AcDbLine
 10
290.1800000000029
 20
-259.08699999999834
 30
0.0
 11
290.1300000000029
 21
-259.12099999999833
 31
0.0
  0
LINE
  5
5BB
330
17
100
AcDbEntity
  8
0
100
AcDbLine
 10
290.1300000000029
 20
-259.12099999999833
 30
0.0
 11
290.0800000000029
 21
-259.1549999999983
 31
0.0
  0
LINE
  5
5BC
330
17
100
AcDbEntity
  8
0
100
AcDbLine
 10
290.0800000000029
 20
-259.1549999999983
 30
0.0
 11
290.0300000000029
 21
-259.1889999999983
 31
0.0
  0
LINE
  5
5BD
330
17
100
AcDbEntity
  8
0
100
AcDbLine
 10
290.0300000000029
 20
-259.1889999999983
 30
0.0
 11
289.98000000000286
 21
-259.2229999999983
 31
0.0
  0
LINE
  5
5BE
330
17
100
AcDbEntity
  8
0
100
AcDbLine
 10
289.98000000000286
 20
-259.2229999999983
 30
0.0
 11
289.93000000000285
 21
-259.2569999999983
 31
0.0
  0
LINE
  5
5BF
330
17
100
AcDbEntity
  8
0
100
AcDbLine
 10
289.93000000000285
 20
-259.2569999999983
 30
0.0
 11
289.88000000000284
 21
-259.2909999999983
 31
0.0
  0
LINE
  5
5C0
330
17
100
AcDbEntity
  8
0
100
AcDbLine
 10
289.88000000000284
 20
-259.2909999999983
 30
0.0
 11
289.8300000000028
 21
-259.3249999999983
 31
0.0
  0
LINE
  5
5C1
330
17
100
AcDbEntity
  8
0
100
AcDbLine
 10
289.8300000000028
 20
-259.3249999999983
 30
0.0
 11
289.7800000000028
 21
-259.3589999999983
 31
0.0
  0
LINE
  5
5C2
330
17
100
AcDbEntity
  8
0
100
AcDbLine
 10
289.7800000000028
 20
-259.3589999999983
 30
0.0
 11
289.7300000000028
 21
-259.39299999999827
 31
0.0
  0
LINE
  5
5C3
330
17
100
AcDbEntity
  8
0
100
AcDbLine
 10
289.7300000000028
 20
-259.39299999999827
 30
0.0
 11
289.6800000000028
 21
-259.42699999999826
 31
0.0
  0
LINE
  5
5C4
330
17
100
AcDbEntity
  8
0
100
AcDbLine
 10
289.6800000000028
 20
-259.42699999999826
 30
0.0
 11
289.6300000000028
 21
-259.46099999999825
 31
0.0
  0
LINE
  5
5C5
330
17
100
AcDbEntity
  8
0
100
AcDbLine
 10
289.6300000000028
 20
-259.46099999999825
 30
0.0
 11
289.58000000000277
 21
-259.49499999999824
 31
0.0
  0
LINE
  5
5C6
330
17
100
AcDbEntity
  8
0
100
AcDbLine
 10
289.58000000000277
 20
-259.49499999999824
 30
0.0
 11
289.53000000000276
 21
-259.52899999999823
 31
0.0
  0
LINE
  5
5C7
330
17
100
AcDbEntity
  8
0
100
AcDbLine
 10
289.53000000000276
 20
-259.52899999999823
 30
0.0
 11
289.48000000000275
 21
-259.5629999999982
 31
0.0
  0
LINE
  5
5C8
330
17
100
AcDbEntity
  8
0
100
AcDbLine
 10
289.48000000000275
 20
-259.5629999999982
 30
0.0
 11
289.43000000000274
 21
-259.5969999999982
 31
0.0
  0
LINE
  5
5C9
330
17
100
AcDbEntity
  8
0
100
AcDbLine
 10
289.43000000000274
 20
-259.5969999999982
 30
0.0
 11
289.3800000000027
 21
-259.6309999999982
 31
0.0
  0
LINE
  5
5CA
330
17
100
AcDbEntity
  8
0
100
AcDbLine
 10
289.3800000000027
 20
-259.6309999999982
 30
0.0
 11
289.3300000000027
 21
-259.6649999999982
 31
0.0
  0
LINE
  5
5CB
330
17
100
AcDbEntity
  8
0
100
AcDbLine
 10
289.3300000000027
 20
-259.6649999999982
 30
0.0
 11
289.2800000000027
 21
-259.6989999999982
 31
0.0
  0
LINE
  5
5CC
330
17
100
AcDbEntity
  8
0
100
AcDbLine
 10
289.2800000000027
 20
-259.6989999999982
 30
0.0
 11
289.2300000000027
 21
-259.7329999999982
 31
0.0
  0
LINE
  5
5CD
330
17
100
AcDbEntity
  8
0
100
AcDbLine
 10
289.2300000000027
 20
-259.7329999999982
 30
0.0
 11
289.1800000000027
 21
-259.7669999999982
 31
0.0
  0
LINE
  5
5CE
330
17
100
AcDbEntity
  8
0
100
AcDbLine
 10
289.1800000000027
 20
-259.7669999999982
 30
0.0
 11
289.13000000000267
 21
-259.80099999999817
 31
0.0
  0
LINE
  5
5CF
330
17
100
AcDbEntity
  8
0
100
AcDbLine
 10
289.13000000000267
 20
-259.80099999999817
 30
0.0
 11
288.98800000000267
 21
-260.7809999999982
 31
0.0
  0
LINE
  5
5D0
330
17
100
AcDbEntity
  8
0
100
AcDbLine
 10
288.98800000000267
 20
-260.7809999999982
 30
0.0
 11
288.79100000000267
 21
-261.7379999999982
 31
0.0
  0
LINE
  5
5D1
330
17
100
AcDbEntity
  8
0
100
AcDbLine
 10
288.79100000000267
 20
-261.7379999999982
 30
0.0
 11
288.54100000000267
 21
-262.6699999999982
 31
0.0
  0
LINE
  5
5D2
330
17
100
AcDbEntity
  8
0
100
AcDbLine
 10
288.54100000000267
 20
-262.6699999999982
 30
0.0
 11
288.23900000000265
 21
-263.5759999999982
 31
0.0
  0
LINE
  5
5D3
330
17
100
AcDbEntity
  8
0
100
AcDbLine
 10
288.23900000000265
 20
-263.5759999999982
 30
0.0
 11
287.88800000000265
 21
-264.4539999999982
 31
0.0
  0
LINE
  5
5D4
330
17
100
AcDbEntity
  8
0
100
AcDbLine
 10
287.88800000000265
 20
-264.4539999999982
 30
0.0
 11
287.48800000000267
 21
-265.3039999999982
 31
0.0
  0
LINE
  5
5D5
330
17
100
AcDbEntity
  8
0
100
AcDbLine
 10
287.48800000000267
 20
-265.3039999999982
 30
0.0
 11
287.04200000000264
 21
-266.1229999999982
 31
0.0
  0
LINE
  5
5D6
330
17
100
AcDbEntity
  8
0
100
AcDbLine
 10
287.04200000000264
 20
-266.1229999999982
 30
0.0
 11
286.55100000000266
 21
-266.91099999999824
 31
0.0
  0
LINE
  5
5D7
330
17
100
AcDbEntity
  8
0
100
AcDbLine
 10
286.55100000000266
 20
-266.91099999999824
 30
0.0
 11
286.01600000000263
 21
-267.66599999999823
 31
0.0
  0
LINE
  5
5D8
330
17
100
AcDbEntity
  8
0
100
AcDbLine
 10
286.01600000000263
 20
-267.66599999999823
 30
0.0
 11
285.4400000000026
 21
-268.38699999999824
 31
0.0
  0
LINE
  5
5D9
330
17
100
AcDbEntity
  8
0
100
AcDbLine
 10
285.4400000000026
 20
-268.38699999999824
 30
0.0
 11
284.8230000000026
 21
-269.07199999999824
 31
0.0
  0
LINE
  5
5DA
330
17
100
AcDbEntity
  8
0
100
AcDbLine
 10
284.8230000000026
 20
-269.07199999999824
 30
0.0
 11
284.1680000000026
 21
-269.71999999999827
 31
0.0
  0
LINE
  5
5DB
330
17
100
AcDbEntity
  8
0
100
AcDbLine
 10
284.1680000000026
 20
-269.71999999999827
 30
0.0
 11
283.4760000000026
 21
-270.3299999999983
 31
0.0
  0
LINE
  5
5DC
330
17
100
AcDbEntity
  8
0
100
AcDbLine
 10
283.4760000000026
 20
-270.3299999999983
 30
0.0
 11
282.74900000000264
 21
-270.8999999999983
 31
0.0
  0
LINE
  5
5DD
330
17
100
AcDbEntity
  8
0
100
AcDbLine
 10
282.74900000000264
 20
-270.8999999999983
 30
0.0
 11
281.9880000000026
 21
-271.42999999999824
 31
0.0
  0
LINE
  5
5DE
330
17
100
AcDbEntity
  8
0
100
AcDbLine
 10
281.9880000000026
 20
-271.42999999999824
 30
0.0
 11
281.1950000000026
 21
-271.91699999999827
 31
0.0
  0
LINE
  5
5DF
330
17
100
AcDbEntity
  8
0
100
AcDbLine
 10
281.1950000000026
 20
-271.91699999999827
 30
0.0
 11
280.37200000000263
 21
-272.35999999999825
 31
0.0
  0
LINE
  5
5E0
330
17
100
AcDbEntity
  8
0
100
AcDbLine
 10
280.37200000000263
 20
-272.35999999999825
 30
0.0
 11
279.52000000000265
 21
-272.7579999999983
 31
0.0
  0
LINE
  5
5E1
330
17
100
AcDbEntity
  8
0
100
AcDbLine
 10
279.52000000000265
 20
-272.7579999999983
 30
0.0
 11
278.64100000000263
 21
-273.10999999999825
 31
0.0
  0
LINE
  5
5E2
330
17
100
AcDbEntity
  8
0
100
AcDbLine
 10
278.64100000000263
 20
-273.10999999999825
 30
0.0
 11
277.73700000000264
 21
-273.4139999999982
 31
0.0
  0
LINE
  5
5E3
330
17
100
AcDbEntity
  8
0
100
AcDbLine
 10
277.73700000000264
 20
-273.4139999999982
 30
0.0
 11
276.80900000000264
 21
-273.6689999999982
 31
0.0
  0
LINE
  5
5E4
330
17
100
AcDbEntity
  8
0
100
AcDbLine
 10
276.80900000000264
 20
-273.6689999999982
 30
0.0
 11
275.85900000000265
 21
-273.8739999999982
 31
0.0
  0
LINE
  5
5E5
330
17
100
AcDbEntity
  8
0
100
AcDbLine
 10
275.85900000000265
 20
-273.8739999999982
 30
0.0
 11
274.88800000000265
 21
-274.0269999999982
 31
0.0
  0
LINE
  5
5E6
330
17
100
AcDbEntity
  8
0
100
AcDbLine
 10
274.88800000000265
 20
-274.0269999999982
 30
0.0
 11
273.89800000000264
 21
-274.12699999999825
 31
0.0
  0
LINE
  5
5E7
330
17
100
AcDbEntity
  8
0
100
AcDbLine
 10
273.89800000000264
 20
-274.12699999999825
 30
0.0
 11
272.89100000000263
 21
-274.17199999999826
 31
0.0
  0
LINE
  5
5E8
330
17
100
AcDbEntity
  8
0
100
AcDbLine
 10
272.89100000000263
 20
-274.17199999999826
 30
0.0
 11
271.8680000000026
 21
-274.16099999999824
 31
0.0
  0
LINE
  5
5E9
330
17
100
AcDbEntity
  8
0
100
AcDbLine
 10
271.8680000000026
 20
-274.16099999999824
 30
0.0
 11
270.83100000000263
 21
-274.09299999999826
 31
0.0
  0
LINE
  5
5EA
330
17
100
AcDbEntity
  8
0
100
AcDbLine
 10
270.83100000000263
 20
-274.09299999999826
 30
0.0
 11
269.78200000000265
 21
-273.96599999999825
 31
0.0
  0
LINE
  5
5EB
330
17
100
AcDbEntity
  8
0
100
AcDbLine
 10
269.78200000000265
 20
-273.96599999999825
 30
0.0
 11
268.72200000000265
 21
-273.77899999999823
 31
0.0
  0
LINE
  5
5EC
330
17
100
AcDbEntity
  8
0
100
AcDbLine
 10
268.72200000000265
 20
-273.77899999999823
 30
0.0
 11
267.65300000000263
 21
-273.53099999999824
 31
0.0
  0
LINE
  5
5ED
330
17
100
AcDbEntity
  8
0
100
AcDbLine
 10
267.65300000000263
 20
-273.53099999999824
 30
0.0
 11
266.57600000000264
 21
-273.21999999999827
 31
0.0
  0
LINE
  5
5EE
330
17
100
AcDbEntity
  8
0
100
AcDbLine
 10
266.57600000000264
 20
-273.21999999999827
 30
0.0
 11
265.4930000000026
 21
-272.84499999999827
 31
0.0
  0
LINE
  5
5EF
330
17
100
AcDbEntity
  8
0
100
AcDbLine
 10
265.4930000000026
 20
-272.84499999999827
 30
0.0
 11
264.9500000000026
 21
-272.6279999999983
 31
0.0
  0
LINE
  5
5F0
330
17
100
AcDbEntity
  8
0
100
AcDbLine
 10
264.9500000000026
 20
-272.6279999999983
 30
0.0
 11
264.42000000000263
 21
-272.39099999999826
 31
0.0
  0
LINE
  5
5F1
330
17
100
AcDbEntity
  8
0
100
AcDbLine
 10
264.42000000000263
 20
-272.39099999999826
 30
0.0
 11
263.9040000000026
 21
-272.13399999999825
 31
0.0
  0
LINE
  5
5F2
330
17
100
AcDbEntity
  8
0
100
AcDbLine
 10
263.9040000000026
 20
-272.13399999999825
 30
0.0
 11
263.4020000000026
 21
-271.85799999999824
 31
0.0
  0
LINE
  5
5F3
330
17
100
AcDbEntity
  8
0
100
AcDbLine
 10
263.4020000000026
 20
-271.85799999999824
 30
0.0
 11
262.9140000000026
 21
-271.5629999999982
 31
0.0
  0
LINE
  5
5F4
330
17
100
AcDbEntity
  8
0
100
AcDbLine
 10
262.9140000000026
 20
-271.5629999999982
 30
0.0
 11
262.4410000000026
 21
-271.24999999999824
 31
0.0
  0
LINE
  5
5F5
330
17
100
AcDbEntity
  8
0
100
AcDbLine
 10
262.4410000000026
 20
-271.24999999999824
 30
0.0
 11
261.9820000000026
 21
-270.9189999999982
 31
0.0
  0
LINE
  5
5F6
330
17
100
AcDbEntity
  8
0
100
AcDbLine
 10
261.9820000000026
 20
-270.9189999999982
 30
0.0
 11
261.53800000000257
 21
-270.5709999999982
 31
0.0
  0
LINE
  5
5F7
330
17
100
AcDbEntity
  8
0
100
AcDbLine
 10
261.53800000000257
 20
-270.5709999999982
 30
0.0
 11
261.1090000000026
 21
-270.20699999999823
 31
0.0
  0
LINE
  5
5F8
330
17
100
AcDbEntity
  8
0
100
AcDbLine
 10
261.1090000000026
 20
-270.20699999999823
 30
0.0
 11
260.6950000000026
 21
-269.82699999999824
 31
0.0
  0
LINE
  5
5F9
330
17
100
AcDbEntity
  8
0
100
AcDbLine
 10
260.6950000000026
 20
-269.82699999999824
 30
0.0
 11
260.2960000000026
 21
-269.43199999999825
 31
0.0
  0
LINE
  5
5FA
330
17
100
AcDbEntity
  8
0
100
AcDbLine
 10
260.2960000000026
 20
-269.43199999999825
 30
0.0
 11
259.9130000000026
 21
-269.02199999999823
 31
0.0
  0
LINE
  5
5FB
330
17
100
AcDbEntity
  8
0
100
AcDbLine
 10
259.9130000000026
 20
-269.02199999999823
 30
0.0
 11
259.54500000000263
 21
-268.59799999999825
 31
0.0
  0
LINE
  5
5FC
330
17
100
AcDbEntity
  8
0
100
AcDbLine
 10
259.54500000000263
 20
-268.59799999999825
 30
0.0
 11
259.19300000000266
 21
-268.15999999999826
 31
0.0
  0
LINE
  5
5FD
330
17
100
AcDbEntity
  8
0
100
AcDbLine
 10
259.19300000000266
 20
-268.15999999999826
 30
0.0
 11
258.85700000000264
 21
-267.70899999999824
 31
0.0
  0
LINE
  5
5FE
330
17
100
AcDbEntity
  8
0
100
AcDbLine
 10
258.85700000000264
 20
-267.70899999999824
 30
0.0
 11
258.53700000000265
 21
-267.2459999999982
 31
0.0
  0
LINE
  5
5FF
330
17
100
AcDbEntity
  8
0
100
AcDbLine
 10
258.53700000000265
 20
-267.2459999999982
 30
0.0
 11
258.23400000000265
 21
-266.7709999999982
 31
0.0
  0
LINE
  5
600
330
17
100
AcDbEntity
  8
0
100
AcDbLine
 10
258.23400000000265
 20
-266.7709999999982
 30
0.0
 11
257.9470000000027
 21
-266.2849999999982
 31
0.0
  0
LINE
  5
601
330
17
100
AcDbEntity
  8
0
100
AcDbLine
 10
257.9470000000027
 20
-266.2849999999982
 30
0.0
 11
257.6770000000027
 21
-265.7879999999982
 31
0.0
  0
LINE
  5
602
330
17
100
AcDbEntity
  8
0
100
AcDbLine
 10
257.6770000000027
 20
-265.7879999999982
 30
0.0
 11
257.4240000000027
 21
-265.2809999999982
 31
0.0
  0
LINE
  5
603
330
17
100
AcDbEntity
  8
0
100
AcDbLine
 10
257.4240000000027
 20
-265.2809999999982
 30
0.0
 11
257.1880000000027
 21
-264.7639999999982
 31
0.0
  0
LINE
  5
604
330
17
100
AcDbEntity
  8
0
100
AcDbLine
 10
257.1880000000027
 20
-264.7639999999982
 30
0.0
 11
256.9700000000027
 21
-264.2379999999982
 31
0.0
  0
LINE
  5
605
330
17
100
AcDbEntity
  8
0
100
AcDbLine
 10
256.9700000000027
 20
-264.2379999999982
 30
0.0
 11
256.7690000000027
 21
-263.7039999999982
 31
0.0
  0
LINE
  5
606
330
17
100
AcDbEntity
  8
0
100
AcDbLine
 10
256.7690000000027
 20
-263.7039999999982
 30
0.0
 11
256.5860000000027
 21
-263.1619999999982
 31
0.0
  0
LINE
  5
607
330
17
100
AcDbEntity
  8
0
100
AcDbLine
 10
256.5860000000027
 20
-263.1619999999982
 30
0.0
 11
256.42100000000266
 21
-262.6119999999982
 31
0.0
  0
LINE
  5
608
330
17
100
AcDbEntity
  8
0
100
AcDbLine
 10
256.42100000000266
 20
-262.6119999999982
 30
0.0
 11
256.2740000000027
 21
-262.0559999999982
 31
0.0
  0
LINE
  5
609
330
17
100
AcDbEntity
  8
0
100
AcDbLine
 10
256.2740000000027
 20
-262.0559999999982
 30
0.0
 11
256.14500000000265
 21
-261.49299999999823
 31
0.0
  0
LINE
  5
60A
330
17
100
AcDbEntity
  8
0
100
AcDbLine
 10
256.14500000000265
 20
-261.49299999999823
 30
0.0
 11
256.03500000000264
 21
-260.92499999999825
 31
0.0
  0
LINE
  5
60B
330
17
100
AcDbEntity
  8
0
100
AcDbLine
 10
256.03500000000264
 20
-260.92499999999825
 30
0.0
 11
255.94400000000263
 21
-260.35199999999827
 31
0.0
  0
LINE
  5
60C
330
17
100
AcDbEntity
  8
0
100
AcDbLine
 10
255.94400000000263
 20
-260.35199999999827
 30
0.0
 11
255.87200000000263
 21
-259.7739999999983
 31
0.0
  0
LINE
  5
60D
330
17
100
AcDbEntity
  8
0
100
AcDbLine
 10
255.87200000000263
 20
-259.7739999999983
 30
0.0
 11
255.81900000000263
 21
-259.1919999999983
 31
0.0
  0
LINE
  5
60E
330
17
100
AcDbEntity
  8
0
100
AcDbLine
 10
255.81900000000263
 20
-259.1919999999983
 30
0.0
 11
255.78500000000264
 21
-258.6069999999983
 31
0.0
  0
LINE
  5
60F
330
17
100
AcDbEntity
  8
0
100
AcDbLine
 10
255.78500000000264
 20
-258.6069999999983
 30
0.0
 11
255.78100000000265
 21
-258.5109999999983
 31
0.0
  0
LINE
  5
610
330
17
100
AcDbEntity
  8
0
100
AcDbLine
 10
255.78100000000265
 20
-258.5109999999983
 30
0.0
 11
255.77600000000265
 21
-258.4159999999983
 31
0.0
  0
LINE
  5
611
330
17
100
AcDbEntity
  8
0
100
AcDbLine
 10
255.77600000000265
 20
-258.4159999999983
 30
0.0
 11
255.77100000000266
 21
-258.3219999999983
 31
0.0
  0
LINE
  5
612
330
17
100
AcDbEntity
  8
0
100
AcDbLine
 10
255.77100000000266
 20
-258.3219999999983
 30
0.0
 11
255.76500000000266
 21
-258.2279999999983
 31
0.0
  0
LINE
  5
613
330
17
100
AcDbEntity
  8
0
100
AcDbLine
 10
255.76500000000266
 20
-258.2279999999983
 30
0.0
 11
255.75900000000266
 21
-258.1349999999983
 31
0.0
  0
LINE
  5
614
330
17
100
AcDbEntity
  8
0
100
AcDbLine
 10
255.75900000000266
 20
-258.1349999999983
 30
0.0
 11
255.75300000000266
 21
-258.0429999999983
 31
0.0
  0
LINE
  5
615
330
17
100
AcDbEntity
  8
0
100
AcDbLine
 10
255.75300000000266
 20
-258.0429999999983
 30
0.0
 11
255.74700000000266
 21
-257.9509999999983
 31
0.0
  0
LINE
  5
616
330
17
100
AcDbEntity
  8
0
100
AcDbLine
 10
255.74700000000266
 20
-257.9509999999983
 30
0.0
 11
255.74100000000266
 21
-257.8599999999983
 31
0.0
  0
LINE
  5
617
330
17
100
AcDbEntity
  8
0
100
AcDbLine
 10
255.74100000000266
 20
-257.8599999999983
 30
0.0
 11
255.73500000000266
 21
-257.7689999999983
 31
0.0
  0
LINE
  5
618
330
17
100
AcDbEntity
  8
0
100
AcDbLine
 10
255.73500000000266
 20
-257.7689999999983
 30
0.0
 11
255.72900000000266
 21
-257.6789999999983
 31
0.0
  0
LINE
  5
619
330
17
100
AcDbEntity
  8
0
100
AcDbLine
 10
255.72900000000266
 20
-257.6789999999983
 30
0.0
 11
255.72300000000266
 21
-257.58899999999835
 31
0.0
  0
LINE
  5
61A
330
17
100
AcDbEntity
  8
0
100
AcDbLine
 10
255.72300000000266
 20
-257.58899999999835
 30
0.0
 11
255.71700000000266
 21
-257.4989999999984
 31
0.0
  0
LINE
  5
61B
330
17
100
AcDbEntity
  8
0
100
AcDbLine
 10
255.71700000000266
 20
-257.4989999999984
 30
0.0
 11
255.71200000000266
 21
-257.4099999999984
 31
0.0
  0
LINE
  5
61C
330
17
100
AcDbEntity
  8
0
100
AcDbLine
 10
255.71200000000266
 20
-257.4099999999984
 30
0.0
 11
255.70700000000267
 21
-257.3209999999984
 31
0.0
  0
LINE
  5
61D
330
17
100
AcDbEntity
  8
0
100
AcDbLine
 10
255.70700000000267
 20
-257.3209999999984
 30
0.0
 11
255.70300000000267
 21
-257.2319999999984
 31
0.0
  0
LINE
  5
61E
330
17
100
AcDbEntity
  8
0
100
AcDbLine
 10
255.70300000000267
 20
-257.2319999999984
 30
0.0
 11
255.69900000000268
 21
-257.1429999999984
 31
0.0
  0
LINE
  5
61F
330
17
100
AcDbEntity
  8
0
100
AcDbLine
 10
255.69900000000268
 20
-257.1429999999984
 30
0.0
 11
255.6960000000027
 21
-257.0539999999984
 31
0.0
  0
LINE
  5
620
330
17
100
AcDbEntity
  8
0
100
AcDbLine
 10
255.6960000000027
 20
-257.0539999999984
 30
0.0
 11
255.6940000000027
 21
-256.9649999999984
 31
0.0
  0
LINE
  5
621
330
17
100
AcDbEntity
  8
0
100
AcDbLine
 10
255.6940000000027
 20
-256.9649999999984
 30
0.0
 11
255.69300000000268
 21
-256.8759999999984
 31
0.0
  0
LINE
  5
622
330
17
100
AcDbEntity
  8
0
100
AcDbLine
 10
255.69300000000268
 20
-256.8759999999984
 30
0.0
 11
255.69300000000268
 21
-256.7869999999984
 31
0.0
  0
LINE
  5
623
330
17
100
AcDbEntity
  8
0
100
AcDbLine
 10
255.69300000000268
 20
-256.7869999999984
 30
0.0
 11
255.6940000000027
 21
-256.6979999999984
 31
0.0
  0
LINE
  5
624
330
17
100
AcDbEntity
  8
0
100
AcDbLine
 10
255.6940000000027
 20
-256.6979999999984
 30
0.0
 11
255.6960000000027
 21
-256.6089999999984
 31
0.0
  0
LINE
  5
625
330
17
100
AcDbEntity
  8
0
100
AcDbLine
 10
255.6960000000027
 20
-256.6089999999984
 30
0.0
 11
255.69900000000268
 21
-256.5199999999984
 31
0.0
  0
LINE
  5
626
330
17
100
AcDbEntity
  8
0
100
AcDbLine
 10
255.69900000000268
 20
-256.5199999999984
 30
0.0
 11
255.70400000000268
 21
-256.4299999999984
 31
0.0
  0
LINE
  5
627
330
17
100
AcDbEntity
  8
0
100
AcDbLine
 10
255.70400000000268
 20
-256.4299999999984
 30
0.0
 11
255.71000000000268
 21
-256.33999999999844
 31
0.0
  0
LINE
  5
628
330
17
100
AcDbEntity
  8
0
100
AcDbLine
 10
255.71000000000268
 20
-256.33999999999844
 30
0.0
 11
255.71700000000268
 21
-256.24999999999847
 31
0.0
  0
LINE
  5
629
330
17
100
AcDbEntity
  8
0
100
AcDbLine
 10
255.71700000000268
 20
-256.24999999999847
 30
0.0
 11
255.72600000000267
 21
-256.15899999999846
 31
0.0
  0
LINE
  5
62A
330
17
100
AcDbEntity
  8
0
100
AcDbLine
 10
255.72600000000267
 20
-256.15899999999846
 30
0.0
 11
255.73700000000267
 21
-256.06799999999845
 31
0.0
  0
LINE
  5
62B
330
17
100
AcDbEntity
  8
0
100
AcDbLine
 10
255.73700000000267
 20
-256.06799999999845
 30
0.0
 11
255.74900000000267
 21
-255.97599999999844
 31
0.0
  0
LINE
  5
62C
330
17
100
AcDbEntity
  8
0
100
AcDbLine
 10
255.74900000000267
 20
-255.97599999999844
 30
0.0
 11
255.76300000000268
 21
-255.88299999999845
 31
0.0
  0
LINE
  5
62D
330
17
100
AcDbEntity
  8
0
100
AcDbLine
 10
255.76300000000268
 20
-255.88299999999845
 30
0.0
 11
255.77900000000267
 21
-255.78999999999846
 31
0.0
  0
LINE
  5
62E
330
17
100
AcDbEntity
  8
0
100
AcDbLine
 10
255.77900000000267
 20
-255.78999999999846
 30
0.0
 11
255.79700000000267
 21
-255.69599999999846
 31
0.0
  0
LINE
  5
62F
330
17
100
AcDbEntity
  8
0
100
AcDbLine
 10
255.79700000000267
 20
-255.69599999999846
 30
0.0
 11
255.53200000000268
 21
-255.31099999999847
 31
0.0
  0
LINE
  5
630
330
17
100
AcDbEntity
  8
0
100
AcDbLine
 10
255.53200000000268
 20
-255.31099999999847
 30
0.0
 11
255.2670000000027
 21
-254.92599999999848
 31
0.0
  0
LINE
  5
631
330
17
100
AcDbEntity
  8
0
100
AcDbLine
 10
255.2670000000027
 20
-254.92599999999848
 30
0.0
 11
255.0020000000027
 21
-254.5409999999985
 31
0.0
  0
LINE
  5
632
330
17
100
AcDbEntity
  8
0
100
AcDbLine
 10
255.0020000000027
 20
-254.5409999999985
 30
0.0
 11
254.73700000000272
 21
-254.1559999999985
 31
0.0
  0
LINE
  5
633
330
17
100
AcDbEntity
  8
0
100
AcDbLine
 10
254.73700000000272
 20
-254.1559999999985
 30
0.0
 11
254.47200000000274
 21
-253.7709999999985
 31
0.0
  0
LINE
  5
634
330
17
100
AcDbEntity
  8
0
100
AcDbLine
 10
254.47200000000274
 20
-253.7709999999985
 30
0.0
 11
254.20700000000275
 21
-253.38599999999852
 31
0.0
  0
LINE
  5
635
330
17
100
AcDbEntity
  8
0
100
AcDbLine
 10
254.20700000000275
 20
-253.38599999999852
 30
0.0
 11
253.94200000000276
 21
-253.00099999999853
 31
0.0
  0
LINE
  5
636
330
17
100
AcDbEntity
  8
0
100
AcDbLine
 10
253.94200000000276
 20
-253.00099999999853
 30
0.0
 11
253.67700000000278
 21
-252.61599999999854
 31
0.0
  0
LINE
  5
637
330
17
100
AcDbEntity
  8
0
100
AcDbLine
 10
253.67700000000278
 20
-252.61599999999854
 30
0.0
 11
253.4120000000028
 21
-252.23099999999855
 31
0.0
  0
LINE
  5
638
330
17
100
AcDbEntity
  8
0
100
AcDbLine
 10
253.4120000000028
 20
-252.23099999999855
 30
0.0
 11
253.1470000000028
 21
-251.84599999999855
 31
0.0
  0
LINE
  5
639
330
17
100
AcDbEntity
  8
0
100
AcDbLine
 10
253.1470000000028
 20
-251.84599999999855
 30
0.0
 11
252.88200000000282
 21
-251.46099999999856
 31
0.0
  0
LINE
  5
63A
330
17
100
AcDbEntity
  8
0
100
AcDbLine
 10
252.88200000000282
 20
-251.46099999999856
 30
0.0
 11
252.61700000000283
 21
-251.07599999999857
 31
0.0
  0
LINE
  5
63B
330
17
100
AcDbEntity
  8
0
100
AcDbLine
 10
252.61700000000283
 20
-251.07599999999857
 30
0.0
 11
252.35200000000285
 21
-250.69099999999858
 31
0.0
  0
LINE
  5
63C
330
17
100
AcDbEntity
  8
0
100
AcDbLine
 10
252.35200000000285
 20
-250.69099999999858
 30
0.0
 11
252.08700000000286
 21
-250.3059999999986
 31
0.0
  0
LINE
  5
63D
330
17
100
AcDbEntity
  8
0
100
AcDbLine
 10
252.08700000000286
 20
-250.3059999999986
 30
0.0
 11
251.82200000000287
 21
-249.9209999999986
 31
0.0
  0
LINE
  5
63E
330
17
100
AcDbEntity
  8
0
100
AcDbLine
 10
251.82200000000287
 20
-249.9209999999986
 30
0.0
 11
251.5570000000029
 21
-249.5359999999986
 31
0.0
  0
LINE
  5
63F
330
17
100
AcDbEntity
  8
0
100
AcDbLine
 10
251.5570000000029
 20
-249.5359999999986
 30
0.0
 11
251.2920000000029
 21
-249.15099999999862
 31
0.0
  0
LINE
  5
640
330
17
100
AcDbEntity
  8
0
100
AcDbLine
 10
251.2920000000029
 20
-249.15099999999862
 30
0.0
 11
251.02700000000291
 21
-248.76599999999863
 31
0.0
  0
LINE
  5
641
330
17
100
AcDbEntity
  8
0
100
AcDbLine
 10
251.02700000000291
 20
-248.76599999999863
 30
0.0
 11
250.76200000000293
 21
-248.38099999999864
 31
0.0
  0
LINE
  5
642
330
17
100
AcDbEntity
  8
0
100
AcDbLine
 10
250.76200000000293
 20
-248.38099999999864
 30
0.0
 11
250.49700000000294
 21
-247.99599999999865
 31
0.0
  0
LINE
  5
643
330
17
100
AcDbEntity
  8
0
100
AcDbLine
 10
250.49700000000294
 20
-247.99599999999865
 30
0.0
 11
250.23200000000296
 21
-247.61099999999865
 31
0.0
  0
LINE
  5
644
330
17
100
AcDbEntity
  8
0
100
AcDbLine
 10
250.23200000000296
 20
-247.61099999999865
 30
0.0
 11
249.96700000000297
 21
-247.22599999999866
 31
0.0
  0
LINE
  5
645
330
17
100
AcDbEntity
  8
0
100
AcDbLine
 10
249.96700000000297
 20
-247.22599999999866
 30
0.0
 11
249.70200000000298
 21
-246.84099999999867
 31
0.0
  0
LINE
  5
646
330
17
100
AcDbEntity
  8
0
100
AcDbLine
 10
249.70200000000298
 20
-246.84099999999867
 30
0.0
 11
249.437000000003
 21
-246.45599999999868
 31
0.0
  0
LINE
  5
647
330
17
100
AcDbEntity
  8
0
100
AcDbLine
 10
249.437000000003
 20
-246.45599999999868
 30
0.0
 11
249.172000000003
 21
-246.0709999999987
 31
0.0
  0
LINE
  5
648
330
17
100
AcDbEntity
  8
0
100
AcDbLine
 10
249.172000000003
 20
-246.0709999999987
 30
0.0
 11
248.90700000000302
 21
-245.6859999999987
 31
0.0
  0
LINE
  5
649
330
17
100
AcDbEntity
  8
0
100
AcDbLine
 10
248.90700000000302
 20
-245.6859999999987
 30
0.0
 11
248.64200000000304
 21
-245.3009999999987
 31
0.0
  0
LINE
  5
64A
330
17
100
AcDbEntity
  8
0
100
AcDbLine
 10
248.64200000000304
 20
-245.3009999999987
 30
0.0
 11
248.37700000000305
 21
-244.91599999999872
 31
0.0
  0
LINE
  5
64B
330
17
100
AcDbEntity
  8
0
100
AcDbLine
 10
248.37700000000305
 20
-244.91599999999872
 30
0.0
 11
248.11200000000306
 21
-244.53099999999873
 31
0.0
  0
LINE
  5
64C
330
17
100
AcDbEntity
  8
0
100
AcDbLine
 10
248.11200000000306
 20
-244.53099999999873
 30
0.0
 11
247.84700000000308
 21
-244.14599999999874
 31
0.0
  0
LINE
  5
64D
330
17
100
AcDbEntity
  8
0
100
AcDbLine
 10
247.84700000000308
 20
-244.14599999999874
 30
0.0
 11
247.5820000000031
 21
-243.76099999999875
 31
0.0
  0
LINE
  5
64E
330
17
100
AcDbEntity
  8
0
100
AcDbLine
 10
247.5820000000031
 20
-243.76099999999875
 30
0.0
 11
247.3170000000031
 21
-243.37599999999875
 31
0.0
  0
LINE
  5
64F
330
17
100
AcDbEntity
  8
0
100
AcDbLine
 10
247.3170000000031
 20
-243.37599999999875
 30
0.0
 11
247.1080000000031
 21
-243.09999999999874
 31
0.0
  0
LINE
  5
650
330
17
100
AcDbEntity
  8
0
100
AcDbLine
 10
247.1080000000031
 20
-243.09999999999874
 30
0.0
 11
246.9190000000031
 21
-242.81199999999873
 31
0.0
  0
LINE
  5
651
330
17
100
AcDbEntity
  8
0
100
AcDbLine
 10
246.9190000000031
 20
-242.81199999999873
 30
0.0
 11
246.7500000000031
 21
-242.51299999999873
 31
0.0
  0
LINE
  5
652
330
17
100
AcDbEntity
  8
0
100
AcDbLine
 10
246.7500000000031
 20
-242.51299999999873
 30
0.0
 11
246.6020000000031
 21
-242.20399999999873
 31
0.0
  0
LINE
  5
653
330
17
100
AcDbEntity
  8
0
100
AcDbLine
 10
246.6020000000031
 20
-242.20399999999873
 30
0.0
 11
246.47400000000312
 21
-241.88599999999872
 31
0.0
  0
LINE
  5
654
330
17
100
AcDbEntity
  8
0
100
AcDbLine
 10
246.47400000000312
 20
-241.88599999999872
 30
0.0
 11
246.36700000000312
 21
-241.56099999999873
 31
0.0
  0
LINE
  5
655
330
17
100
AcDbEntity
  8
0
100
AcDbLine
 10
246.36700000000312
 20
-241.56099999999873
 30
0.0
 11
246.2810000000031
 21
-241.22999999999874
 31
0.0
  0
LINE
  5
656
330
17
100
AcDbEntity
  8
0
100
AcDbLine
 10
246.2810000000031
 20
-241.22999999999874
 30
0.0
 11
246.2150000000031
 21
-240.89399999999873
 31
0.0
  0
LINE
  5
657
330
17
100
AcDbEntity
  8
0
100
AcDbLine
 10
246.2150000000031
 20
-240.89399999999873
 30
0.0
 11
246.1700000000031
 21
-240.55499999999873
 31
0.0
  0
LINE
  5
658
330
17
100
AcDbEntity
  8
0
100
AcDbLine
 10
246.1700000000031
 20
-240.55499999999873
 30
0.0
 11
246.1460000000031
 21
-240.21399999999872
 31
0.0
  0
LINE
  5
659
330
17
100
AcDbEntity
  8
0
100
AcDbLine
 10
246.1460000000031
 20
-240.21399999999872
 30
0.0
 11
246.14300000000313
 21
-239.8719999999987
 31
0.0
  0
LINE
  5
65A
330
17
100
AcDbEntity
  8
0
100
AcDbLine
 10
246.14300000000313
 20
-239.8719999999987
 30
0.0
 11
246.16100000000313
 21
-239.5299999999987
 31
0.0
  0
LINE
  5
65B
330
17
100
AcDbEntity
  8
0
100
AcDbLine
 10
246.16100000000313
 20
-239.5299999999987
 30
0.0
 11
246.20100000000312
 21
-239.1899999999987
 31
0.0
  0
LINE
  5
65C
330
17
100
AcDbEntity
  8
0
100
AcDbLine
 10
246.20100000000312
 20
-239.1899999999987
 30
0.0
 11
246.26200000000313
 21
-238.8529999999987
 31
0.0
  0
LINE
  5
65D
330
17
100
AcDbEntity
  8
0
100
AcDbLine
 10
246.26200000000313
 20
-238.8529999999987
 30
0.0
 11
246.34400000000312
 21
-238.5199999999987
 31
0.0
  0
LINE
  5
65E
330
17
100
AcDbEntity
  8
0
100
AcDbLine
 10
246.34400000000312
 20
-238.5199999999987
 30
0.0
 11
246.44800000000313
 21
-238.1929999999987
 31
0.0
  0
LINE
  5
65F
330
17
100
AcDbEntity
  8
0
100
AcDbLine
 10
246.44800000000313
 20
-238.1929999999987
 30
0.0
 11
246.57300000000313
 21
-237.8719999999987
 31
0.0
  0
LINE
  5
660
330
17
100
AcDbEntity
  8
0
100
AcDbLine
 10
246.57300000000313
 20
-237.8719999999987
 30
0.0
 11
246.72000000000313
 21
-237.5599999999987
 31
0.0
  0
LINE
  5
661
330
17
100
AcDbEntity
  8
0
100
AcDbLine
 10
246.72000000000313
 20
-237.5599999999987
 30
0.0
 11
246.88800000000313
 21
-237.2569999999987
 31
0.0
  0
LINE
  5
662
330
17
100
AcDbEntity
  8
0
100
AcDbLine
 10
246.88800000000313
 20
-237.2569999999987
 30
0.0
 11
247.07800000000313
 21
-236.9649999999987
 31
0.0
  0
LINE
  5
663
330
17
100
AcDbEntity
  8
0
100
AcDbLine
 10
247.07800000000313
 20
-236.9649999999987
 30
0.0
 11
247.29000000000312
 21
-236.6849999999987
 31
0.0
  0
LINE
  5
664
330
17
100
AcDbEntity
  8
0
100
AcDbLine
 10
247.29000000000312
 20
-236.6849999999987
 30
0.0
 11
247.52400000000313
 21
-236.4179999999987
 31
0.0
  0
LINE
  5
665
330
17
100
AcDbEntity
  8
0
100
AcDbLine
 10
247.52400000000313
 20
-236.4179999999987
 30
0.0
 11
247.78000000000313
 21
-236.1649999999987
 31
0.0
  0
LINE
  5
666
330
17
100
AcDbEntity
  8
0
100
AcDbLine
 10
247.78000000000313
 20
-236.1649999999987
 30
0.0
 11
248.05800000000312
 21
-235.92799999999872
 31
0.0
  0
LINE
  5
667
330
17
100
AcDbEntity
  8
0
100
AcDbLine
 10
248.05800000000312
 20
-235.92799999999872
 30
0.0
 11
248.35800000000313
 21
-235.70799999999872
 31
0.0
  0
LINE
  5
668
330
17
100
AcDbEntity
  8
0
100
AcDbLine
 10
248.35800000000313
 20
-235.70799999999872
 30
0.0
 11
248.68100000000314
 21
-235.50699999999873
 31
0.0
  0
LINE
  5
669
330
17
100
AcDbEntity
  8
0
100
AcDbLine
 10
248.68100000000314
 20
-235.50699999999873
 30
0.0
 11
249.02600000000314
 21
-235.32499999999874
 31
0.0
  0
LINE
  5
66A
330
17
100
AcDbEntity
  8
0
100
AcDbLine
 10
249.02600000000314
 20
-235.32499999999874
 30
0.0
 11
249.39300000000313
 21
-235.16399999999874
 31
0.0
  0
LINE
  5
66B
330
17
100
AcDbEntity
  8
0
100
AcDbLine
 10
249.39300000000313
 20
-235.16399999999874
 30
0.0
 11
249.7830000000031
 21
-235.02599999999873
 31
0.0
  0
LINE
  5
66C
330
17
100
AcDbEntity
  8
0
100
AcDbLine
 10
249.7830000000031
 20
-235.02599999999873
 30
0.0
 11
250.19500000000312
 21
-234.91099999999872
 31
0.0
  0
LINE
  5
66D
330
17
100
AcDbEntity
  8
0
100
AcDbLine
 10
250.19500000000312
 20
-234.91099999999872
 30
0.0
 11
250.63000000000312
 21
-234.82099999999872
 31
0.0
  0
LINE
  5
66E
330
17
100
AcDbEntity
  8
0
100
AcDbLine
 10
250.63000000000312
 20
-234.82099999999872
 30
0.0
 11
251.08800000000312
 21
-234.75699999999873
 31
0.0
  0
LINE
  5
66F
330
17
100
AcDbEntity
  8
0
100
AcDbLine
 10
251.08800000000312
 20
-234.75699999999873
 30
0.0
 11
250.98700000000312
 21
-234.71599999999873
 31
0.0
  0
LINE
  5
670
330
17
100
AcDbEntity
  8
0
100
AcDbLine
 10
250.98700000000312
 20
-234.71599999999873
 30
0.0
 11
250.88600000000312
 21
-234.67499999999873
 31
0.0
  0
LINE
  5
671
330
17
100
AcDbEntity
  8
0
100
AcDbLine
 10
250.88600000000312
 20
-234.67499999999873
 30
0.0
 11
250.78500000000312
 21
-234.63399999999874
 31
0.0
  0
LINE
  5
672
330
17
100
AcDbEntity
  8
0
100
AcDbLine
 10
250.78500000000312
 20
-234.63399999999874
 30
0.0
 11
250.68400000000312
 21
-234.59299999999874
 31
0.0
  0
LINE
  5
673
330
17
100
AcDbEntity
  8
0
100
AcDbLine
 10
250.68400000000312
 20
-234.59299999999874
 30
0.0
 11
250.58300000000312
 21
-234.55199999999874
 31
0.0
  0
LINE
  5
674
330
17
100
AcDbEntity
  8
0
100
AcDbLine
 10
250.58300000000312
 20
-234.55199999999874
 30
0.0
 11
250.48200000000313
 21
-234.51099999999875
 31
0.0
  0
LINE
  5
675
330
17
100
AcDbEntity
  8
0
100
AcDbLine
 10
250.48200000000313
 20
-234.51099999999875
 30
0.0
 11
250.38100000000313
 21
-234.46999999999875
 31
0.0
  0
LINE
  5
676
330
17
100
AcDbEntity
  8
0
100
AcDbLine
 10
250.38100000000313
 20
-234.46999999999875
 30
0.0
 11
250.28000000000313
 21
-234.42899999999875
 31
0.0
  0
LINE
  5
677
330
17
100
AcDbEntity
  8
0
100
AcDbLine
 10
250.28000000000313
 20
-234.42899999999875
 30
0.0
 11
250.17900000000313
 21
-234.38799999999875
 31
0.0
  0
LINE
  5
678
330
17
100
AcDbEntity
  8
0
100
AcDbLine
 10
250.17900000000313
 20
-234.38799999999875
 30
0.0
 11
250.07800000000313
 21
-234.34699999999876
 31
0.0
  0
LINE
  5
679
330
17
100
AcDbEntity
  8
0
100
AcDbLine
 10
250.07800000000313
 20
-234.34699999999876
 30
0.0
 11
249.97700000000313
 21
-234.30599999999876
 31
0.0
  0
LINE
  5
67A
330
17
100
AcDbEntity
  8
0
100
AcDbLine
 10
249.97700000000313
 20
-234.30599999999876
 30
0.0
 11
249.87600000000313
 21
-234.26499999999876
 31
0.0
  0
LINE
  5
67B
330
17
100
AcDbEntity
  8
0
100
AcDbLine
 10
249.87600000000313
 20
-234.26499999999876
 30
0.0
 11
249.77500000000313
 21
-234.22399999999877
 31
0.0
  0
LINE
  5
67C
330
17
100
AcDbEntity
  8
0
100
AcDbLine
 10
249.77500000000313
 20
-234.22399999999877
 30
0.0
 11
249.67400000000313
 21
-234.18299999999877
 31
0.0
  0
LINE
  5
67D
330
17
100
AcDbEntity
  8
0
100
AcDbLine
 10
249.67400000000313
 20
-234.18299999999877
 30
0.0
 11
249.57300000000313
 21
-234.14199999999877
 31
0.0
  0
LINE
  5
67E
330
17
100
AcDbEntity
  8
0
100
AcDbLine
 10
249.57300000000313
 20
-234.14199999999877
 30
0.0
 11
249.47200000000313
 21
-234.10099999999878
 31
0.0
  0
LINE
  5
67F
330
17
100
AcDbEntity
  8
0
100
AcDbLine
 10
249.47200000000313
 20
-234.10099999999878
 30
0.0
 11
249.37100000000314
 21
-234.05999999999878
 31
0.0
  0
LINE
  5
680
330
17
100
AcDbEntity
  8
0
100
AcDbLine
 10
249.37100000000314
 20
-234.05999999999878
 30
0.0
 11
249.27000000000314
 21
-234.01899999999878
 31
0.0
  0
LINE
  5
681
330
17
100
AcDbEntity
  8
0
100
AcDbLine
 10
249.27000000000314
 20
-234.01899999999878
 30
0.0
 11
249.16900000000314
 21
-233.9779999999988
 31
0.0
  0
LINE
  5
682
330
17
100
AcDbEntity
  8
0
100
AcDbLine
 10
249.16900000000314
 20
-233.9779999999988
 30
0.0
 11
249.06800000000314
 21
-233.9369999999988
 31
0.0
  0
LINE
  5
683
330
17
100
AcDbEntity
  8
0
100
AcDbLine
 10
249.06800000000314
 20
-233.9369999999988
 30
0.0
 11
248.96700000000314
 21
-233.8959999999988
 31
0.0
  0
LINE
  5
684
330
17
100
AcDbEntity
  8
0
100
AcDbLine
 10
248.96700000000314
 20
-233.8959999999988
 30
0.0
 11
248.86600000000314
 21
-233.8549999999988
 31
0.0
  0
LINE
  5
685
330
17
100
AcDbEntity
  8
0
100
AcDbLine
 10
248.86600000000314
 20
-233.8549999999988
 30
0.0
 11
248.76500000000314
 21
-233.8139999999988
 31
0.0
  0
LINE
  5
686
330
17
100
AcDbEntity
  8
0
100
AcDbLine
 10
248.76500000000314
 20
-233.8139999999988
 30
0.0
 11
248.66400000000314
 21
-233.7729999999988
 31
0.0
  0
LINE
  5
687
330
17
100
AcDbEntity
  8
0
100
AcDbLine
 10
248.66400000000314
 20
-233.7729999999988
 30
0.0
 11
248.56300000000314
 21
-233.7319999999988
 31
0.0
  0
LINE
  5
688
330
17
100
AcDbEntity
  8
0
100
AcDbLine
 10
248.56300000000314
 20
-233.7319999999988
 30
0.0
 11
248.46200000000314
 21
-233.6909999999988
 31
0.0
  0
LINE
  5
689
330
17
100
AcDbEntity
  8
0
100
AcDbLine
 10
248.46200000000314
 20
-233.6909999999988
 30
0.0
 11
248.36100000000314
 21
-233.6499999999988
 31
0.0
  0
LINE
  5
68A
330
17
100
AcDbEntity
  8
0
100
AcDbLine
 10
248.36100000000314
 20
-233.6499999999988
 30
0.0
 11
248.26000000000315
 21
-233.60899999999882
 31
0.0
  0
LINE
  5
68B
330
17
100
AcDbEntity
  8
0
100
AcDbLine
 10
248.26000000000315
 20
-233.60899999999882
 30
0.0
 11
248.15900000000315
 21
-233.56799999999882
 31
0.0
  0
LINE
  5
68C
330
17
100
AcDbEntity
  8
0
100
AcDbLine
 10
248.15900000000315
 20
-233.56799999999882
 30
0.0
 11
248.05800000000315
 21
-233.52699999999882
 31
0.0
  0
LINE
  5
68D
330
17
100
AcDbEntity
  8
0
100
AcDbLine
 10
248.05800000000315
 20
-233.52699999999882
 30
0.0
 11
247.95700000000315
 21
-233.48599999999882
 31
0.0
  0
LINE
  5
68E
330
17
100
AcDbEntity
  8
0
100
AcDbLine
 10
247.95700000000315
 20
-233.48599999999882
 30
0.0
 11
247.85600000000315
 21
-233.44499999999883
 31
0.0
  0
LINE
  5
68F
330
17
100
AcDbEntity
  8
0
100
AcDbLine
 10
247.85600000000315
 20
-233.44499999999883
 30
0.0
 11
247.80600000000314
 21
-233.42499999999882
 31
0.0
  0
LINE
  5
690
330
17
100
AcDbEntity
  8
0
100
AcDbLine
 10
247.80600000000314
 20
-233.42499999999882
 30
0.0
 11
247.75600000000313
 21
-233.4049999999988
 31
0.0
  0
LINE
  5
691
330
17
100
AcDbEntity
  8
0
100
AcDbLine
 10
247.75600000000313
 20
-233.4049999999988
 30
0.0
 11
247.70600000000312
 21
-233.3859999999988
 31
0.0
  0
LINE
  5
692
330
17
100
AcDbEntity
  8
0
100
AcDbLine
 10
247.70600000000312
 20
-233.3859999999988
 30
0.0
 11
247.65500000000313
 21
-233.3679999999988
 31
0.0
  0
LINE
  5
693
330
17
100
AcDbEntity
  8
0
100
AcDbLine
 10
247.65500000000313
 20
-233.3679999999988
 30
0.0
 11
247.60400000000314
 21
-233.3499999999988
 31
0.0
  0
LINE
  5
694
330
17
100
AcDbEntity
  8
0
100
AcDbLine
 10
247.60400000000314
 20
-233.3499999999988
 30
0.0
 11
247.55300000000315
 21
-233.3329999999988
 31
0.0
  0
LINE
  5
695
330
17
100
AcDbEntity
  8
0
100
AcDbLine
 10
247.55300000000315
 20
-233.3329999999988
 30
0.0
 11
247.50200000000316
 21
-233.3169999999988
 31
0.0
  0
LINE
  5
696
330
17
100
AcDbEntity
  8
0
100
AcDbLine
 10
247.50200000000316
 20
-233.3169999999988
 30
0.0
 11
247.45100000000318
 21
-233.30099999999882
 31
0.0
  0
LINE
  5
697
330
17
100
AcDbEntity
  8
0
100
AcDbLine
 10
247.45100000000318
 20
-233.30099999999882
 30
0.0
 11
247.39900000000318
 21
-233.28599999999884
 31
0.0
  0
LINE
  5
698
330
17
100
AcDbEntity
  8
0
100
AcDbLine
 10
247.39900000000318
 20
-233.28599999999884
 30
0.0
 11
247.3470000000032
 21
-233.27199999999883
 31
0.0
  0
LINE
  5
699
330
17
100
AcDbEntity
  8
0
100
AcDbLine
 10
247.3470000000032
 20
-233.27199999999883
 30
0.0
 11
247.2950000000032
 21
-233.25799999999882
 31
0.0
  0
LINE
  5
69A
330
17
100
AcDbEntity
  8
0
100
AcDbLine
 10
247.2950000000032
 20
-233.25799999999882
 30
0.0
 11
247.2430000000032
 21
-233.2449999999988
 31
0.0
  0
LINE
  5
69B
330
17
100
AcDbEntity
  8
0
100
AcDbLine
 10
247.2430000000032
 20
-233.2449999999988
 30
0.0
 11
247.1910000000032
 21
-233.2329999999988
 31
0.0
  0
LINE
  5
69C
330
17
100
AcDbEntity
  8
0
100
AcDbLine
 10
247.1910000000032
 20
-233.2329999999988
 30
0.0
 11
247.13900000000322
 21
-233.2209999999988
 31
0.0
  0
LINE
  5
69D
330
17
100
AcDbEntity
  8
0
100
AcDbLine
 10
247.13900000000322
 20
-233.2209999999988
 30
0.0
 11
247.08700000000323
 21
-233.20999999999881
 31
0.0
  0
LINE
  5
69E
330
17
100
AcDbEntity
  8
0
100
AcDbLine
 10
247.08700000000323
 20
-233.20999999999881
 30
0.0
 11
247.03400000000323
 21
-233.19999999999882
 31
0.0
  0
LINE
  5
69F
330
17
100
AcDbEntity
  8
0
100
AcDbLine
 10
247.03400000000323
 20
-233.19999999999882
 30
0.0
 11
246.98100000000323
 21
-233.18999999999883
 31
0.0
  0
LINE
  5
6A0
330
17
100
AcDbEntity
  8
0
100
AcDbLine
 10
246.98100000000323
 20
-233.18999999999883
 30
0.0
 11
246.92800000000324
 21
-233.18099999999885
 31
0.0
  0
LINE
  5
6A1
330
17
100
AcDbEntity
  8
0
100
AcDbLine
 10
246.92800000000324
 20
-233.18099999999885
 30
0.0
 11
246.87500000000324
 21
-233.17199999999886
 31
0.0
  0
LINE
  5
6A2
330
17
100
AcDbEntity
  8
0
100
AcDbLine
 10
246.87500000000324
 20
-233.17199999999886
 30
0.0
 11
246.82200000000324
 21
-233.16399999999885
 31
0.0
  0
LINE
  5
6A3
330
17
100
AcDbEntity
  8
0
100
AcDbLine
 10
246.82200000000324
 20
-233.16399999999885
 30
0.0
 11
246.76900000000325
 21
-233.15699999999885
 31
0.0
  0
LINE
  5
6A4
330
17
100
AcDbEntity
  8
0
100
AcDbLine
 10
246.76900000000325
 20
-233.15699999999885
 30
0.0
 11
246.71600000000325
 21
-233.14999999999884
 31
0.0
  0
LINE
  5
6A5
330
17
100
AcDbEntity
  8
0
100
AcDbLine
 10
246.71600000000325
 20
-233.14999999999884
 30
0.0
 11
246.66300000000325
 21
-233.14399999999884
 31
0.0
  0
LINE
  5
6A6
330
17
100
AcDbEntity
  8
0
100
AcDbLine
 10
246.66300000000325
 20
-233.14399999999884
 30
0.0
 11
246.61000000000325
 21
-233.13899999999884
 31
0.0
  0
LINE
  5
6A7
330
17
100
AcDbEntity
  8
0
100
AcDbLine
 10
246.61000000000325
 20
-233.13899999999884
 30
0.0
 11
246.55600000000325
 21
-233.13399999999885
 31
0.0
  0
LINE
  5
6A8
330
17
100
AcDbEntity
  8
0
100
AcDbLine
 10
246.55600000000325
 20
-233.13399999999885
 30
0.0
 11
246.50200000000325
 21
-233.12999999999886
 31
0.0
  0
LINE
  5
6A9
330
17
100
AcDbEntity
  8
0
100
AcDbLine
 10
246.50200000000325
 20
-233.12999999999886
 30
0.0
 11
246.44800000000325
 21
-233.12699999999887
 31
0.0
  0
LINE
  5
6AA
330
17
100
AcDbEntity
  8
0
100
AcDbLine
 10
246.44800000000325
 20
-233.12699999999887
 30
0.0
 11
246.39400000000325
 21
-233.1239999999989
 31
0.0
  0
LINE
  5
6AB
330
17
100
AcDbEntity
  8
0
100
AcDbLine
 10
246.39400000000325
 20
-233.1239999999989
 30
0.0
 11
246.34000000000324
 21
-233.12199999999888
 31
0.0
  0
LINE
  5
6AC
330
17
100
AcDbEntity
  8
0
100
AcDbLine
 10
246.34000000000324
 20
-233.12199999999888
 30
0.0
 11
246.28600000000324
 21
-233.12099999999887
 31
0.0
  0
LINE
  5
6AD
330
17
100
AcDbEntity
  8
0
100
AcDbLine
 10
246.28600000000324
 20
-233.12099999999887
 30
0.0
 11
246.23200000000324
 21
-233.11999999999887
 31
0.0
  0
LINE
  5
6AE
330
17
100
AcDbEntity
  8
0
100
AcDbLine
 10
246.23200000000324
 20
-233.11999999999887
 30
0.0
 11
246.17800000000324
 21
-233.11999999999887
 31
0.0
  0
LINE
  5
6AF
330
17
100
AcDbEntity
  8
0
100
AcDbLine
 10
246.17800000000324
 20
-233.11999999999887
 30
0.0
 11
241.00600000000324
 21
-233.16199999999887
 31
0.0
  0
LINE
  5
6B0
330
17
100
AcDbEntity
  8
0
100
AcDbLine
 10
241.00600000000324
 20
-233.16199999999887
 30
0.0
 11
235.83400000000324
 21
-233.20399999999887
 31
0.0
  0
LINE
  5
6B1
330
17
100
AcDbEntity
  8
0
100
AcDbLine
 10
235.83400000000324
 20
-233.20399999999887
 30
0.0
 11
230.66200000000325
 21
-233.24599999999887
 31
0.0
  0
LINE
  5
6B2
330
17
100
AcDbEntity
  8
0
100
AcDbLine
 10
230.66200000000325
 20
-233.24599999999887
 30
0.0
 11
225.49000000000325
 21
-233.28799999999887
 31
0.0
  0
LINE
  5
6B3
330
17
100
AcDbEntity
  8
0
100
AcDbLine
 10
225.49000000000325
 20
-233.28799999999887
 30
0.0
 11
220.31800000000325
 21
-233.32999999999888
 31
0.0
  0
LINE
  5
6B4
330
17
100
AcDbEntity
  8
0
100
AcDbLine
 10
220.31800000000325
 20
-233.32999999999888
 30
0.0
 11
215.14600000000326
 21
-233.37199999999888
 31
0.0
  0
LINE
  5
6B5
330
17
100
AcDbEntity
  8
0
100
AcDbLine
 10
215.14600000000326
 20
-233.37199999999888
 30
0.0
 11
209.97400000000326
 21
-233.41399999999888
 31
0.0
  0
LINE
  5
6B6
330
17
100
AcDbEntity
  8
0
100
AcDbLine
 10
209.97400000000326
 20
-233.41399999999888
 30
0.0
 11
204.80200000000326
 21
-233.45599999999888
 31
0.0
  0
LINE
  5
6B7
330
17
100
AcDbEntity
  8
0
100
AcDbLine
 10
204.80200000000326
 20
-233.45599999999888
 30
0.0
 11
199.63000000000326
 21
-233.49799999999888
 31
0.0
  0
LINE
  5
6B8
330
17
100
AcDbEntity
  8
0
100
AcDbLine
 10
199.63000000000326
 20
-233.49799999999888
 30
0.0
 11
194.45800000000327
 21
-233.53999999999888
 31
0.0
  0
LINE
  5
6B9
330
17
100
AcDbEntity
  8
0
100
AcDbLine
 10
194.45800000000327
 20
-233.53999999999888
 30
0.0
 11
189.28600000000327
 21
-233.58199999999889
 31
0.0
  0
LINE
  5
6BA
330
17
100
AcDbEntity
  8
0
100
AcDbLine
 10
189.28600000000327
 20
-233.58199999999889
 30
0.0
 11
184.11400000000327
 21
-233.6239999999989
 31
0.0
  0
LINE
  5
6BB
330
17
100
AcDbEntity
  8
0
100
AcDbLine
 10
184.11400000000327
 20
-233.6239999999989
 30
0.0
 11
178.94200000000328
 21
-233.6659999999989
 31
0.0
  0
LINE
  5
6BC
330
17
100
AcDbEntity
  8
0
100
AcDbLine
 10
178.94200000000328
 20
-233.6659999999989
 30
0.0
 11
173.77000000000328
 21
-233.7079999999989
 31
0.0
  0
LINE
  5
6BD
330
17
100
AcDbEntity
  8
0
100
AcDbLine
 10
173.77000000000328
 20
-233.7079999999989
 30
0.0
 11
168.59800000000328
 21
-233.7499999999989
 31
0.0
  0
LINE
  5
6BE
330
17
100
AcDbEntity
  8
0
100
AcDbLine
 10
168.59800000000328
 20
-233.7499999999989
 30
0.0
 11
163.42600000000328
 21
-233.7919999999989
 31
0.0
  0
LINE
  5
6BF
330
17
100
AcDbEntity
  8
0
100
AcDbLine
 10
163.42600000000328
 20
-233.7919999999989
 30
0.0
 11
158.2540000000033
 21
-233.8339999999989
 31
0.0
  0
LINE
  5
6C0
330
17
100
AcDbEntity
  8
0
100
AcDbLine
 10
158.2540000000033
 20
-233.8339999999989
 30
0.0
 11
153.0820000000033
 21
-233.8759999999989
 31
0.0
  0
LINE
  5
6C1
330
17
100
AcDbEntity
  8
0
100
AcDbLine
 10
153.0820000000033
 20
-233.8759999999989
 30
0.0
 11
147.9100000000033
 21
-233.9179999999989
 31
0.0
  0
LINE
  5
6C2
330
17
100
AcDbEntity
  8
0
100
AcDbLine
 10
147.9100000000033
 20
-233.9179999999989
 30
0.0
 11
142.7380000000033
 21
-233.9599999999989
 31
0.0
  0
LINE
  5
6C3
330
17
100
AcDbEntity
  8
0
100
AcDbLine
 10
142.7380000000033
 20
-233.9599999999989
 30
0.0
 11
137.5660000000033
 21
-234.0019999999989
 31
0.0
  0
LINE
  5
6C4
330
17
100
AcDbEntity
  8
0
100
AcDbLine
 10
137.5660000000033
 20
-234.0019999999989
 30
0.0
 11
132.3940000000033
 21
-234.0439999999989
 31
0.0
  0
LINE
  5
6C5
330
17
100
AcDbEntity
  8
0
100
AcDbLine
 10
132.3940000000033
 20
-234.0439999999989
 30
0.0
 11
127.2220000000033
 21
-234.0859999999989
 31
0.0
  0
LINE
  5
6C6
330
17
100
AcDbEntity
  8
0
100
AcDbLine
 10
127.2220000000033
 20
-234.0859999999989
 30
0.0
 11
122.05000000000331
 21
-234.1279999999989
 31
0.0
  0
LINE
  5
6C7
330
17
100
AcDbEntity
  8
0
100
AcDbLine
 10
122.05000000000331
 20
-234.1279999999989
 30
0.0
 11
116.87800000000331
 21
-234.1699999999989
 31
0.0
  0
LINE
  5
6C8
330
17
100
AcDbEntity
  8
0
100
AcDbLine
 10
116.87800000000331
 20
-234.1699999999989
 30
0.0
 11
111.70600000000331
 21
-234.2119999999989
 31
0.0
  0
LINE
  5
6C9
330
17
100
AcDbEntity
  8
0
100
AcDbLine
 10
111.70600000000331
 20
-234.2119999999989
 30
0.0
 11
106.53400000000332
 21
-234.2539999999989
 31
0.0
  0
LINE
  5
6CA
330
17
100
AcDbEntity
  8
0
100
AcDbLine
 10
106.53400000000332
 20
-234.2539999999989
 30
0.0
 11
101.36200000000332
 21
-234.2959999999989
 31
0.0
  0
LINE
  5
6CB
330
17
100
AcDbEntity
  8
0
100
AcDbLine
 10
101.36200000000332
 20
-234.2959999999989
 30
0.0
 11
96.19000000000332
 21
-234.3379999999989
 31
0.0
  0
LINE
  5
6CC
330
17
100
AcDbEntity
  8
0
100
AcDbLine
 10
96.19000000000332
 20
-234.3379999999989
 30
0.0
 11
91.01800000000333
 21
-234.37999999999892
 31
0.0
  0
LINE
  5
6CD
330
17
100
AcDbEntity
  8
0
100
AcDbLine
 10
91.01800000000333
 20
-234.37999999999892
 30
0.0
 11
85.84600000000333
 21
-234.42199999999892
 31
0.0
  0
LINE
  5
6CE
330
17
100
AcDbEntity
  8
0
100
AcDbLine
 10
85.84600000000333
 20
-234.42199999999892
 30
0.0
 11
80.67400000000333
 21
-234.46399999999892
 31
0.0
  0
LINE
  5
6CF
330
17
100
AcDbEntity
  8
0
100
AcDbLine
 10
80.67400000000333
 20
-234.46399999999892
 30
0.0
 11
80.88100000000333
 21
-235.0449999999989
 31
0.0
  0
LINE
  5
6D0
330
17
100
AcDbEntity
  8
0
100
AcDbLine
 10
80.88100000000333
 20
-235.0449999999989
 30
0.0
 11
81.08800000000332
 21
-235.6259999999989
 31
0.0
  0
LINE
  5
6D1
330
17
100
AcDbEntity
  8
0
100
AcDbLine
 10
81.08800000000332
 20
-235.6259999999989
 30
0.0
 11
81.29500000000331
 21
-236.20699999999889
 31
0.0
  0
LINE
  5
6D2
330
17
100
AcDbEntity
  8
0
100
AcDbLine
 10
81.29500000000331
 20
-236.20699999999889
 30
0.0
 11
81.5020000000033
 21
-236.78799999999887
 31
0.0
  0
LINE
  5
6D3
330
17
100
AcDbEntity
  8
0
100
AcDbLine
 10
81.5020000000033
 20
-236.78799999999887
 30
0.0
 11
81.7090000000033
 21
-237.36899999999886
 31
0.0
  0
LINE
  5
6D4
330
17
100
AcDbEntity
  8
0
100
AcDbLine
 10
81.7090000000033
 20
-237.36899999999886
 30
0.0
 11
81.9160000000033
 21
-237.94999999999885
 31
0.0
  0
LINE
  5
6D5
330
17
100
AcDbEntity
  8
0
100
AcDbLine
 10
81.9160000000033
 20
-237.94999999999885
 30
0.0
 11
82.12300000000329
 21
-238.53099999999884
 31
0.0
  0
LINE
  5
6D6
330
17
100
AcDbEntity
  8
0
100
AcDbLine
 10
82.12300000000329
 20
-238.53099999999884
 30
0.0
 11
82.33000000000328
 21
-239.11199999999883
 31
0.0
  0
LINE
  5
6D7
330
17
100
AcDbEntity
  8
0
100
AcDbLine
 10
82.33000000000328
 20
-239.11199999999883
 30
0.0
 11
82.53700000000327
 21
-239.69299999999882
 31
0.0
  0
LINE
  5
6D8
330
17
100
AcDbEntity
  8
0
100
AcDbLine
 10
82.53700000000327
 20
-239.69299999999882
 30
0.0
 11
82.74400000000327
 21
-240.2739999999988
 31
0.0
  0
LINE
  5
6D9
330
17
100
AcDbEntity
  8
0
100
AcDbLine
 10
82.74400000000327
 20
-240.2739999999988
 30
0.0
 11
82.95100000000326
 21
-240.8549999999988
 31
0.0
  0
LINE
  5
6DA
330
17
100
AcDbEntity
  8
0
100
AcDbLine
 10
82.95100000000326
 20
-240.8549999999988
 30
0.0
 11
83.15800000000326
 21
-241.43599999999878
 31
0.0
  0
LINE
  5
6DB
330
17
100
AcDbEntity
  8
0
100
AcDbLine
 10
83.15800000000326
 20
-241.43599999999878
 30
0.0
 11
83.36500000000325
 21
-242.01699999999877
 31
0.0
  0
LINE
  5
6DC
330
17
100
AcDbEntity
  8
0
100
AcDbLine
 10
83.36500000000325
 20
-242.01699999999877
 30
0.0
 11
83.57200000000324
 21
-242.59799999999876
 31
0.0
  0
LINE
  5
6DD
330
17
100
AcDbEntity
  8
0
100
AcDbLine
 10
83.57200000000324
 20
-242.59799999999876
 30
0.0
 11
83.77900000000324
 21
-243.17899999999875
 31
0.0
  0
LINE
  5
6DE
330
17
100
AcDbEntity
  8
0
100
AcDbLine
 10
83.77900000000324
 20
-243.17899999999875
 30
0.0
 11
83.98600000000323
 21
-243.75999999999874
 31
0.0
  0
LINE
  5
6DF
330
17
100
AcDbEntity
  8
0
100
AcDbLine
 10
83.98600000000323
 20
-243.75999999999874
 30
0.0
 11
84.19300000000322
 21
-244.34099999999873
 31
0.0
  0
LINE
  5
6E0
330
17
100
AcDbEntity
  8
0
100
AcDbLine
 10
84.19300000000322
 20
-244.34099999999873
 30
0.0
 11
84.40000000000322
 21
-244.92199999999872
 31
0.0
  0
LINE
  5
6E1
330
17
100
AcDbEntity
  8
0
100
AcDbLine
 10
84.40000000000322
 20
-244.92199999999872
 30
0.0
 11
84.60700000000321
 21
-245.5029999999987
 31
0.0
  0
LINE
  5
6E2
330
17
100
AcDbEntity
  8
0
100
AcDbLine
 10
84.60700000000321
 20
-245.5029999999987
 30
0.0
 11
84.8140000000032
 21
-246.0839999999987
 31
0.0
  0
LINE
  5
6E3
330
17
100
AcDbEntity
  8
0
100
AcDbLine
 10
84.8140000000032
 20
-246.0839999999987
 30
0.0
 11
85.0210000000032
 21
-246.66499999999868
 31
0.0
  0
LINE
  5
6E4
330
17
100
AcDbEntity
  8
0
100
AcDbLine
 10
85.0210000000032
 20
-246.66499999999868
 30
0.0
 11
85.22800000000319
 21
-247.24599999999867
 31
0.0
  0
LINE
  5
6E5
330
17
100
AcDbEntity
  8
0
100
AcDbLine
 10
85.22800000000319
 20
-247.24599999999867
 30
0.0
 11
85.43500000000319
 21
-247.82699999999866
 31
0.0
  0
LINE
  5
6E6
330
17
100
AcDbEntity
  8
0
100
AcDbLine
 10
85.43500000000319
 20
-247.82699999999866
 30
0.0
 11
85.64200000000318
 21
-248.40799999999865
 31
0.0
  0
LINE
  5
6E7
330
17
100
AcDbEntity
  8
0
100
AcDbLine
 10
85.64200000000318
 20
-248.40799999999865
 30
0.0
 11
85.84900000000317
 21
-248.98899999999864
 31
0.0
  0
LINE
  5
6E8
330
17
100
AcDbEntity
  8
0
100
AcDbLine
 10
85.84900000000317
 20
-248.98899999999864
 30
0.0
 11
86.05600000000317
 21
-249.56999999999863
 31
0.0
  0
LINE
  5
6E9
330
17
100
AcDbEntity
  8
0
100
AcDbLine
 10
86.05600000000317
 20
-249.56999999999863
 30
0.0
 11
86.26300000000316
 21
-250.15099999999862
 31
0.0
  0
LINE
  5
6EA
330
17
100
AcDbEntity
  8
0
100
AcDbLine
 10
86.26300000000316
 20
-250.15099999999862
 30
0.0
 11
86.47000000000315
 21
-250.7319999999986
 31
0.0
  0
LINE
  5
6EB
330
17
100
AcDbEntity
  8
0
100
AcDbLine
 10
86.47000000000315
 20
-250.7319999999986
 30
0.0
 11
86.67700000000315
 21
-251.3129999999986
 31
0.0
  0
LINE
  5
6EC
330
17
100
AcDbEntity
  8
0
100
AcDbLine
 10
86.67700000000315
 20
-251.3129999999986
 30
0.0
 11
86.88400000000314
 21
-251.89399999999858
 31
0.0
  0
LINE
  5
6ED
330
17
100
AcDbEntity
  8
0
100
AcDbLine
 10
86.88400000000314
 20
-251.89399999999858
 30
0.0
 11
87.09100000000313
 21
-252.47499999999857
 31
0.0
  0
LINE
  5
6EE
330
17
100
AcDbEntity
  8
0
100
AcDbLine
 10
87.09100000000313
 20
-252.47499999999857
 30
0.0
 11
87.29800000000313
 21
-253.05599999999856
 31
0.0
  0
LINE
  5
6EF
330
17
100
AcDbEntity
  8
0
100
AcDbLine
 10
87.29800000000313
 20
-253.05599999999856
 30
0.0
 11
87.34400000000313
 21
-253.17899999999855
 31
0.0
  0
LINE
  5
6F0
330
17
100
AcDbEntity
  8
0
100
AcDbLine
 10
87.34400000000313
 20
-253.17899999999855
 30
0.0
 11
87.39500000000314
 21
-253.29899999999856
 31
0.0
  0
LINE
  5
6F1
330
17
100
AcDbEntity
  8
0
100
AcDbLine
 10
87.39500000000314
 20
-253.29899999999856
 30
0.0
 11
87.45000000000314
 21
-253.41599999999855
 31
0.0
  0
LINE
  5
6F2
330
17
100
AcDbEntity
  8
0
100
AcDbLine
 10
87.45000000000314
 20
-253.41599999999855
 30
0.0
 11
87.50900000000314
 21
-253.52999999999855
 31
0.0
  0
LINE
  5
6F3
330
17
100
AcDbEntity
  8
0
100
AcDbLine
 10
87.50900000000314
 20
-253.52999999999855
 30
0.0
 11
87.57300000000313
 21
-253.64199999999855
 31
0.0
  0
LINE
  5
6F4
330
17
100
AcDbEntity
  8
0
100
AcDbLine
 10
87.57300000000313
 20
-253.64199999999855
 30
0.0
 11
87.64100000000313
 21
-253.75099999999856
 31
0.0
  0
LINE
  5
6F5
330
17
100
AcDbEntity
  8
0
100
AcDbLine
 10
87.64100000000313
 20
-253.75099999999856
 30
0.0
 11
87.71200000000313
 21
-253.85699999999855
 31
0.0
  0
LINE
  5
6F6
330
17
100
AcDbEntity
  8
0
100
AcDbLine
 10
87.71200000000313
 20
-253.85699999999855
 30
0.0
 11
87.78700000000313
 21
-253.95899999999855
 31
0.0
  0
LINE
  5
6F7
330
17
100
AcDbEntity
  8
0
100
AcDbLine
 10
87.78700000000313
 20
-253.95899999999855
 30
0.0
 11
87.86600000000313
 21
-254.05799999999854
 31
0.0
  0
LINE
  5
6F8
330
17
100
AcDbEntity
  8
0
100
AcDbLine
 10
87.86600000000313
 20
-254.05799999999854
 30
0.0
 11
87.94800000000312
 21
-254.15399999999855
 31
0.0
  0
LINE
  5
6F9
330
17
100
AcDbEntity
  8
0
100
AcDbLine
 10
87.94800000000312
 20
-254.15399999999855
 30
0.0
 11
88.03400000000312
 21
-254.24699999999854
 31
0.0
  0
LINE
  5
6FA
330
17
100
AcDbEntity
  8
0
100
AcDbLine
 10
88.03400000000312
 20
-254.24699999999854
 30
0.0
 11
88.12300000000312
 21
-254.33599999999853
 31
0.0
  0
LINE
  5
6FB
330
17
100
AcDbEntity
  8
0
100
AcDbLine
 10
88.12300000000312
 20
-254.33599999999853
 30
0.0
 11
88.21500000000312
 21
-254.42199999999855
 31
0.0
  0
LINE
  5
6FC
330
17
100
AcDbEntity
  8
0
100
AcDbLine
 10
88.21500000000312
 20
-254.42199999999855
 30
0.0
 11
88.31000000000311
 21
-254.50399999999854
 31
0.0
  0
LINE
  5
6FD
330
17
100
AcDbEntity
  8
0
100
AcDbLine
 10
88.31000000000311
 20
-254.50399999999854
 30
0.0
 11
88.40800000000311
 21
-254.58199999999854
 31
0.0
  0
LINE
  5
6FE
330
17
100
AcDbEntity
  8
0
100
AcDbLine
 10
88.40800000000311
 20
-254.58199999999854
 30
0.0
 11
88.50900000000311
 21
-254.65699999999853
 31
0.0
  0
LINE
  5
6FF
330
17
100
AcDbEntity
  8
0
100
AcDbLine
 10
88.50900000000311
 20
-254.65699999999853
 30
0.0
 11
88.61300000000311
 21
-254.72799999999853
 31
0.0
  0
LINE
  5
700
330
17
100
AcDbEntity
  8
0
100
AcDbLine
 10
88.61300000000311
 20
-254.72799999999853
 30
0.0
 11
88.7190000000031
 21
-254.79499999999854
 31
0.0
  0
LINE
  5
701
330
17
100
AcDbEntity
  8
0
100
AcDbLine
 10
88.7190000000031
 20
-254.79499999999854
 30
0.0
 11
88.8280000000031
 21
-254.85799999999853
 31
0.0
  0
LINE
  5
702
330
17
100
AcDbEntity
  8
0
100
AcDbLine
 10
88.8280000000031
 20
-254.85799999999853
 30
0.0
 11
88.9390000000031
 21
-254.91699999999852
 31
0.0
  0
LINE
  5
703
330
17
100
AcDbEntity
  8
0
100
AcDbLine
 10
88.9390000000031
 20
-254.91699999999852
 30
0.0
 11
89.05300000000311
 21
-254.97099999999853
 31
0.0
  0
LINE
  5
704
330
17
100
AcDbEntity
  8
0
100
AcDbLine
 10
89.05300000000311
 20
-254.97099999999853
 30
0.0
 11
89.16900000000311
 21
-255.02099999999854
 31
0.0
  0
LINE
  5
705
330
17
100
AcDbEntity
  8
0
100
AcDbLine
 10
89.16900000000311
 20
-255.02099999999854
 30
0.0
 11
89.2870000000031
 21
-255.06699999999853
 31
0.0
  0
LINE
  5
706
330
17
100
AcDbEntity
  8
0
100
AcDbLine
 10
89.2870000000031
 20
-255.06699999999853
 30
0.0
 11
89.40700000000311
 21
-255.10799999999853
 31
0.0
  0
LINE
  5
707
330
17
100
AcDbEntity
  8
0
100
AcDbLine
 10
89.40700000000311
 20
-255.10799999999853
 30
0.0
 11
89.5280000000031
 21
-255.14499999999853
 31
0.0
  0
LINE
  5
708
330
17
100
AcDbEntity
  8
0
100
AcDbLine
 10
89.5280000000031
 20
-255.14499999999853
 30
0.0
 11
89.65100000000311
 21
-255.17699999999854
 31
0.0
  0
LINE
  5
709
330
17
100
AcDbEntity
  8
0
100
AcDbLine
 10
89.65100000000311
 20
-255.17699999999854
 30
0.0
 11
89.77600000000311
 21
-255.20499999999853
 31
0.0
  0
LINE
  5
70A
330
17
100
AcDbEntity
  8
0
100
AcDbLine
 10
89.77600000000311
 20
-255.20499999999853
 30
0.0
 11
89.90200000000311
 21
-255.22799999999853
 31
0.0
  0
LINE
  5
70B
330
17
100
AcDbEntity
  8
0
100
AcDbLine
 10
89.90200000000311
 20
-255.22799999999853
 30
0.0
 11
90.03000000000311
 21
-255.24599999999853
 31
0.0
  0
LINE
  5
70C
330
17
100
AcDbEntity
  8
0
100
AcDbLine
 10
90.03000000000311
 20
-255.24599999999853
 30
0.0
 11
90.15900000000312
 21
-255.25899999999854
 31
0.0
  0
LINE
  5
70D
330
17
100
AcDbEntity
  8
0
100
AcDbLine
 10
90.15900000000312
 20
-255.25899999999854
 30
0.0
 11
90.28900000000311
 21
-255.26699999999855
 31
0.0
  0
LINE
  5
70E
330
17
100
AcDbEntity
  8
0
100
AcDbLine
 10
90.28900000000311
 20
-255.26699999999855
 30
0.0
 11
90.42000000000311
 21
-255.26999999999853
 31
0.0
  0
LINE
  5
70F
330
17
100
AcDbEntity
  8
0
100
AcDbLine
 10
90.42000000000311
 20
-255.26999999999853
 30
0.0
 11
94.91200000000312
 21
-255.29499999999854
 31
0.0
  0
LINE
  5
710
330
17
100
AcDbEntity
  8
0
100
AcDbLine
 10
94.91200000000312
 20
-255.29499999999854
 30
0.0
 11
99.40400000000312
 21
-255.31999999999854
 31
0.0
  0
LINE
  5
711
330
17
100
AcDbEntity
  8
0
100
AcDbLine
 10
99.40400000000312
 20
-255.31999999999854
 30
0.0
 11
103.89600000000313
 21
-255.34499999999855
 31
0.0
  0
LINE
  5
712
330
17
100
AcDbEntity
  8
0
100
AcDbLine
 10
103.89600000000313
 20
-255.34499999999855
 30
0.0
 11
108.38800000000313
 21
-255.36999999999856
 31
0.0
  0
LINE
  5
713
330
17
100
AcDbEntity
  8
0
100
AcDbLine
 10
108.38800000000313
 20
-255.36999999999856
 30
0.0
 11
112.88000000000314
 21
-255.39499999999856
 31
0.0
  0
LINE
  5
714
330
17
100
AcDbEntity
  8
0
100
AcDbLine
 10
112.88000000000314
 20
-255.39499999999856
 30
0.0
 11
117.37200000000314
 21
-255.41999999999857
 31
0.0
  0
LINE
  5
715
330
17
100
AcDbEntity
  8
0
100
AcDbLine
 10
117.37200000000314
 20
-255.41999999999857
 30
0.0
 11
121.86400000000314
 21
-255.44499999999857
 31
0.0
  0
LINE
  5
716
330
17
100
AcDbEntity
  8
0
100
AcDbLine
 10
121.86400000000314
 20
-255.44499999999857
 30
0.0
 11
126.35600000000315
 21
-255.46999999999858
 31
0.0
  0
LINE
  5
717
330
17
100
AcDbEntity
  8
0
100
AcDbLine
 10
126.35600000000315
 20
-255.46999999999858
 30
0.0
 11
130.84800000000314
 21
-255.49499999999858
 31
0.0
  0
LINE
  5
718
330
17
100
AcDbEntity
  8
0
100
AcDbLine
 10
130.84800000000314
 20
-255.49499999999858
 30
0.0
 11
135.34000000000313
 21
-255.5199999999986
 31
0.0
  0
LINE
  5
719
330
17
100
AcDbEntity
  8
0
100
AcDbLine
 10
135.34000000000313
 20
-255.5199999999986
 30
0.0
 11
139.83200000000312
 21
-255.5449999999986
 31
0.0
  0
LINE
  5
71A
330
17
100
AcDbEntity
  8
0
100
AcDbLine
 10
139.83200000000312
 20
-255.5449999999986
 30
0.0
 11
144.3240000000031
 21
-255.5699999999986
 31
0.0
  0
LINE
  5
71B
330
17
100
AcDbEntity
  8
0
100
AcDbLine
 10
144.3240000000031
 20
-255.5699999999986
 30
0.0
 11
148.8160000000031
 21
-255.5949999999986
 31
0.0
  0
LINE
  5
71C
330
17
100
AcDbEntity
  8
0
100
AcDbLine
 10
148.8160000000031
 20
-255.5949999999986
 30
0.0
 11
153.3080000000031
 21
-255.6199999999986
 31
0.0
  0
LINE
  5
71D
330
17
100
AcDbEntity
  8
0
100
AcDbLine
 10
153.3080000000031
 20
-255.6199999999986
 30
0.0
 11
157.80000000000308
 21
-255.64499999999862
 31
0.0
  0
LINE
  5
71E
330
17
100
AcDbEntity
  8
0
100
AcDbLine
 10
157.80000000000308
 20
-255.64499999999862
 30
0.0
 11
162.29200000000307
 21
-255.66999999999862
 31
0.0
  0
LINE
  5
71F
330
17
100
AcDbEntity
  8
0
100
AcDbLine
 10
162.29200000000307
 20
-255.66999999999862
 30
0.0
 11
166.78400000000306
 21
-255.69499999999863
 31
0.0
  0
LINE
  5
720
330
17
100
AcDbEntity
  8
0
100
AcDbLine
 10
166.78400000000306
 20
-255.69499999999863
 30
0.0
 11
171.27600000000305
 21
-255.71999999999863
 31
0.0
  0
LINE
  5
721
330
17
100
AcDbEntity
  8
0
100
AcDbLine
 10
171.27600000000305
 20
-255.71999999999863
 30
0.0
 11
175.76800000000304
 21
-255.74499999999864
 31
0.0
  0
LINE
  5
722
330
17
100
AcDbEntity
  8
0
100
AcDbLine
 10
175.76800000000304
 20
-255.74499999999864
 30
0.0
 11
180.26000000000303
 21
-255.76999999999865
 31
0.0
  0
LINE
  5
723
330
17
100
AcDbEntity
  8
0
100
AcDbLine
 10
180.26000000000303
 20
-255.76999999999865
 30
0.0
 11
184.75200000000302
 21
-255.79499999999865
 31
0.0
  0
LINE
  5
724
330
17
100
AcDbEntity
  8
0
100
AcDbLine
 10
184.75200000000302
 20
-255.79499999999865
 30
0.0
 11
189.244000000003
 21
-255.81999999999866
 31
0.0
  0
LINE
  5
725
330
17
100
AcDbEntity
  8
0
100
AcDbLine
 10
189.244000000003
 20
-255.81999999999866
 30
0.0
 11
193.736000000003
 21
-255.84499999999866
 31
0.0
  0
LINE
  5
726
330
17
100
AcDbEntity
  8
0
100
AcDbLine
 10
193.736000000003
 20
-255.84499999999866
 30
0.0
 11
198.228000000003
 21
-255.86999999999867
 31
0.0
  0
LINE
  5
727
330
17
100
AcDbEntity
  8
0
100
AcDbLine
 10
198.228000000003
 20
-255.86999999999867
 30
0.0
 11
202.72000000000298
 21
-255.89499999999867
 31
0.0
  0
LINE
  5
728
330
17
100
AcDbEntity
  8
0
100
AcDbLine
 10
202.72000000000298
 20
-255.89499999999867
 30
0.0
 11
207.21200000000297
 21
-255.91999999999868
 31
0.0
  0
LINE
  5
729
330
17
100
AcDbEntity
  8
0
100
AcDbLine
 10
207.21200000000297
 20
-255.91999999999868
 30
0.0
 11
211.70400000000296
 21
-255.94499999999869
 31
0.0
  0
LINE
  5
72A
330
17
100
AcDbEntity
  8
0
100
AcDbLine
 10
211.70400000000296
 20
-255.94499999999869
 30
0.0
 11
216.19600000000295
 21
-255.9699999999987
 31
0.0
  0
LINE
  5
72B
330
17
100
AcDbEntity
  8
0
100
AcDbLine
 10
216.19600000000295
 20
-255.9699999999987
 30
0.0
 11
220.68800000000294
 21
-255.9949999999987
 31
0.0
  0
LINE
  5
72C
330
17
100
AcDbEntity
  8
0
100
AcDbLine
 10
220.68800000000294
 20
-255.9949999999987
 30
0.0
 11
225.18000000000293
 21
-256.0199999999987
 31
0.0
  0
LINE
  5
72D
330
17
100
AcDbEntity
  8
0
100
AcDbLine
 10
225.18000000000293
 20
-256.0199999999987
 30
0.0
 11
229.67200000000292
 21
-256.04499999999865
 31
0.0
  0
LINE
  5
72E
330
17
100
AcDbEntity
  8
0
100
AcDbLine
 10
229.67200000000292
 20
-256.04499999999865
 30
0.0
 11
234.16400000000291
 21
-256.06999999999863
 31
0.0
  0
LINE
  5
72F
330
17
100
AcDbEntity
  8
0
100
AcDbLine
 10
234.16400000000291
 20
-256.06999999999863
 30
0.0
 11
234.3120000000029
 21
-256.0729999999986
 31
0.0
  0
LINE
  5
730
330
17
100
AcDbEntity
  8
0
100
AcDbLine
 10
234.3120000000029
 20
-256.0729999999986
 30
0.0
 11
234.4590000000029
 21
-256.0799999999986
 31
0.0
  0
LINE
  5
731
330
17
100
AcDbEntity
  8
0
100
AcDbLine
 10
234.4590000000029
 20
-256.0799999999986
 30
0.0
 11
234.6050000000029
 21
-256.0919999999986
 31
0.0
  0
LINE
  5
732
330
17
100
AcDbEntity
  8
0
100
AcDbLine
 10
234.6050000000029
 20
-256.0919999999986
 30
0.0
 11
234.7500000000029
 21
-256.10799999999864
 31
0.0
  0
LINE
  5
733
330
17
100
AcDbEntity
  8
0
100
AcDbLine
 10
234.7500000000029
 20
-256.10799999999864
 30
0.0
 11
234.8940000000029
 21
-256.1279999999986
 31
0.0
  0
LINE
  5
734
330
17
100
AcDbEntity
  8
0
100
AcDbLine
 10
234.8940000000029
 20
-256.1279999999986
 30
0.0
 11
235.0370000000029
 21
-256.1519999999986
 31
0.0
  0
LINE
  5
735
330
17
100
AcDbEntity
  8
0
100
AcDbLine
 10
235.0370000000029
 20
-256.1519999999986
 30
0.0
 11
235.1790000000029
 21
-256.1809999999986
 31
0.0
  0
LINE
  5
736
330
17
100
AcDbEntity
  8
0
100
AcDbLine
 10
235.1790000000029
 20
-256.1809999999986
 30
0.0
 11
235.3200000000029
 21
-256.21399999999863
 31
0.0
  0
LINE
  5
737
330
17
100
AcDbEntity
  8
0
100
AcDbLine
 10
235.3200000000029
 20
-256.21399999999863
 30
0.0
 11
235.46000000000288
 21
-256.2509999999986
 31
0.0
  0
LINE
  5
738
330
17
100
AcDbEntity
  8
0
100
AcDbLine
 10
235.46000000000288
 20
-256.2509999999986
 30
0.0
 11
235.5990000000029
 21
-256.2919999999986
 31
0.0
  0
LINE
  5
739
330
17
100
AcDbEntity
  8
0
100
AcDbLine
 10
235.5990000000029
 20
-256.2919999999986
 30
0.0
 11
235.7360000000029
 21
-256.3369999999986
 31
0.0
  0
LINE
  5
73A
330
17
100
AcDbEntity
  8
0
100
AcDbLine
 10
235.7360000000029
 20
-256.3369999999986
 30
0.0
 11
235.87200000000288
 21
-256.3859999999986
 31
0.0
  0
LINE
  5
73B
330
17
100
AcDbEntity
  8
0
100
AcDbLine
 10
235.87200000000288
 20
-256.3859999999986
 30
0.0
 11
236.00600000000287
 21
-256.4389999999986
 31
0.0
  0
LINE
  5
73C
330
17
100
AcDbEntity
  8
0
100
AcDbLine
 10
236.00600000000287
 20
-256.4389999999986
 30
0.0
 11
236.13800000000288
 21
-256.4949999999986
 31
0.0
  0
LINE
  5
73D
330
17
100
AcDbEntity
  8
0
100
AcDbLine
 10
236.13800000000288
 20
-256.4949999999986
 30
0.0
 11
236.26900000000288
 21
-256.5549999999986
 31
0.0
  0
LINE
  5
73E
330
17
100
AcDbEntity
  8
0
100
AcDbLine
 10
236.26900000000288
 20
-256.5549999999986
 30
0.0
 11
236.39800000000287
 21
-256.6189999999986
 31
0.0
  0
LINE
  5
73F
330
17
100
AcDbEntity
  8
0
100
AcDbLine
 10
236.39800000000287
 20
-256.6189999999986
 30
0.0
 11
236.52500000000288
 21
-256.6869999999986
 31
0.0
  0
LINE
  5
740
330
17
100
AcDbEntity
  8
0
100
AcDbLine
 10
236.52500000000288
 20
-256.6869999999986
 30
0.0
 11
236.65000000000288
 21
-256.7579999999986
 31
0.0
  0
LINE
  5
741
330
17
100
AcDbEntity
  8
0
100
AcDbLine
 10
236.65000000000288
 20
-256.7579999999986
 30
0.0
 11
236.77300000000287
 21
-256.8329999999986
 31
0.0
  0
LINE
  5
742
330
17
100
AcDbEntity
  8
0
100
AcDbLine
 10
236.77300000000287
 20
-256.8329999999986
 30
0.0
 11
236.89400000000288
 21
-256.9119999999986
 31
0.0
  0
LINE
  5
743
330
17
100
AcDbEntity
  8
0
100
AcDbLine
 10
236.89400000000288
 20
-256.9119999999986
 30
0.0
 11
237.01300000000288
 21
-256.9939999999986
 31
0.0
  0
LINE
  5
744
330
17
100
AcDbEntity
  8
0
100
AcDbLine
 10
237.01300000000288
 20
-256.9939999999986
 30
0.0
 11
237.1290000000029
 21
-257.0799999999986
 31
0.0
  0
LINE
  5
745
330
17
100
AcDbEntity
  8
0
100
AcDbLine
 10
237.1290000000029
 20
-257.0799999999986
 30
0.0
 11
237.2430000000029
 21
-257.1689999999986
 31
0.0
  0
LINE
  5
746
330
17
100
AcDbEntity
  8
0
100
AcDbLine
 10
237.2430000000029
 20
-257.1689999999986
 30
0.0
 11
237.35400000000288
 21
-257.2609999999986
 31
0.0
  0
LINE
  5
747
330
17
100
AcDbEntity
  8
0
100
AcDbLine
 10
237.35400000000288
 20
-257.2609999999986
 30
0.0
 11
237.4630000000029
 21
-257.3569999999986
 31
0.0
  0
LINE
  5
748
330
17
100
AcDbEntity
  8
0
100
AcDbLine
 10
237.4630000000029
 20
-257.3569999999986
 30
0.0
 11
237.5690000000029
 21
-257.4559999999986
 31
0.0
  0
LINE
  5
749
330
17
100
AcDbEntity
  8
0
100
AcDbLine
 10
237.5690000000029
 20
-257.4559999999986
 30
0.0
 11
237.6720000000029
 21
-257.5589999999986
 31
0.0
  0
LINE
  5
74A
330
17
100
AcDbEntity
  8
0
100
AcDbLine
 10
237.6720000000029
 20
-257.5589999999986
 30
0.0
 11
237.7720000000029
 21
-257.6649999999986
 31
0.0
  0
LINE
  5
74B
330
17
100
AcDbEntity
  8
0
100
AcDbLine
 10
237.7720000000029
 20
-257.6649999999986
 30
0.0
 11
237.8700000000029
 21
-257.7739999999986
 31
0.0
  0
LINE
  5
74C
330
17
100
AcDbEntity
  8
0
100
AcDbLine
 10
237.8700000000029
 20
-257.7739999999986
 30
0.0
 11
237.9650000000029
 21
-257.8859999999986
 31
0.0
  0
LINE
  5
74D
330
17
100
AcDbEntity
  8
0
100
AcDbLine
 10
237.9650000000029
 20
-257.8859999999986
 30
0.0
 11
238.0560000000029
 21
-258.0009999999986
 31
0.0
  0
LINE
  5
74E
330
17
100
AcDbEntity
  8
0
100
AcDbLine
 10
238.0560000000029
 20
-258.0009999999986
 30
0.0
 11
238.1440000000029
 21
-258.1189999999986
 31
0.0
  0
LINE
  5
74F
330
17
100
AcDbEntity
  8
0
100
AcDbLine
 10
238.1440000000029
 20
-258.1189999999986
 30
0.0
 11
238.6720000000029
 21
-258.8969999999986
 31
0.0
  0
LINE
  5
750
330
17
100
AcDbEntity
  8
0
100
AcDbLine
 10
238.6720000000029
 20
-258.8969999999986
 30
0.0
 11
239.2000000000029
 21
-259.67499999999865
 31
0.0
  0
LINE
  5
751
330
17
100
AcDbEntity
  8
0
100
AcDbLine
 10
239.2000000000029
 20
-259.67499999999865
 30
0.0
 11
239.72700000000287
 21
-260.45299999999867
 31
0.0
  0
LINE
  5
752
330
17
100
AcDbEntity
  8
0
100
AcDbLine
 10
239.72700000000287
 20
-260.45299999999867
 30
0.0
 11
240.25500000000287
 21
-261.2309999999987
 31
0.0
  0
LINE
  5
753
330
17
100
AcDbEntity
  8
0
100
AcDbLine
 10
240.25500000000287
 20
-261.2309999999987
 30
0.0
 11
240.78300000000286
 21
-262.0089999999987
 31
0.0
  0
LINE
  5
754
330
17
100
AcDbEntity
  8
0
100
AcDbLine
 10
240.78300000000286
 20
-262.0089999999987
 30
0.0
 11
241.31100000000285
 21
-262.7869999999987
 31
0.0
  0
LINE
  5
755
330
17
100
AcDbEntity
  8
0
100
AcDbLine
 10
241.31100000000285
 20
-262.7869999999987
 30
0.0
 11
241.83800000000284
 21
-263.56499999999875
 31
0.0
  0
LINE
  5
756
330
17
100
AcDbEntity
  8
0
100
AcDbLine
 10
241.83800000000284
 20
-263.56499999999875
 30
0.0
 11
242.36600000000283
 21
-264.34299999999877
 31
0.0
  0
LINE
  5
757
330
17
100
AcDbEntity
  8
0
100
AcDbLine
 10
242.36600000000283
 20
-264.34299999999877
 30
0.0
 11
242.89400000000282
 21
-265.1209999999988
 31
0.0
  0
LINE
  5
758
330
17
100
AcDbEntity
  8
0
100
AcDbLine
 10
242.89400000000282
 20
-265.1209999999988
 30
0.0
 11
243.4210000000028
 21
-265.8989999999988
 31
0.0
  0
LINE
  5
759
330
17
100
AcDbEntity
  8
0
100
AcDbLine
 10
243.4210000000028
 20
-265.8989999999988
 30
0.0
 11
243.9490000000028
 21
-266.6769999999988
 31
0.0
  0
LINE
  5
75A
330
17
100
AcDbEntity
  8
0
100
AcDbLine
 10
243.9490000000028
 20
-266.6769999999988
 30
0.0
 11
244.4770000000028
 21
-267.45499999999885
 31
0.0
  0
LINE
  5
75B
330
17
100
AcDbEntity
  8
0
100
AcDbLine
 10
244.4770000000028
 20
-267.45499999999885
 30
0.0
 11
245.00500000000278
 21
-268.23299999999887
 31
0.0
  0
LINE
  5
75C
330
17
100
AcDbEntity
  8
0
100
AcDbLine
 10
245.00500000000278
 20
-268.23299999999887
 30
0.0
 11
245.53200000000277
 21
-269.0109999999989
 31
0.0
  0
LINE
  5
75D
330
17
100
AcDbEntity
  8
0
100
AcDbLine
 10
245.53200000000277
 20
-269.0109999999989
 30
0.0
 11
246.06000000000276
 21
-269.7889999999989
 31
0.0
  0
LINE
  5
75E
330
17
100
AcDbEntity
  8
0
100
AcDbLine
 10
246.06000000000276
 20
-269.7889999999989
 30
0.0
 11
246.58800000000275
 21
-270.5669999999989
 31
0.0
  0
LINE
  5
75F
330
17
100
AcDbEntity
  8
0
100
AcDbLine
 10
246.58800000000275
 20
-270.5669999999989
 30
0.0
 11
247.11600000000274
 21
-271.34499999999895
 31
0.0
  0
LINE
  5
760
330
17
100
AcDbEntity
  8
0
100
AcDbLine
 10
247.11600000000274
 20
-271.34499999999895
 30
0.0
 11
247.64300000000273
 21
-272.12299999999897
 31
0.0
  0
LINE
  5
761
330
17
100
AcDbEntity
  8
0
100
AcDbLine
 10
247.64300000000273
 20
-272.12299999999897
 30
0.0
 11
248.17100000000272
 21
-272.900999999999
 31
0.0
  0
LINE
  5
762
330
17
100
AcDbEntity
  8
0
100
AcDbLine
 10
248.17100000000272
 20
-272.900999999999
 30
0.0
 11
248.6990000000027
 21
-273.678999999999
 31
0.0
  0
LINE
  5
763
330
17
100
AcDbEntity
  8
0
100
AcDbLine
 10
248.6990000000027
 20
-273.678999999999
 30
0.0
 11
249.2260000000027
 21
-274.456999999999
 31
0.0
  0
LINE
  5
764
330
17
100
AcDbEntity
  8
0
100
AcDbLine
 10
249.2260000000027
 20
-274.456999999999
 30
0.0
 11
249.7540000000027
 21
-275.23499999999905
 31
0.0
  0
LINE
  5
765
330
17
100
AcDbEntity
  8
0
100
AcDbLine
 10
249.7540000000027
 20
-275.23499999999905
 30
0.0
 11
250.28200000000268
 21
-276.01299999999907
 31
0.0
  0
LINE
  5
766
330
17
100
AcDbEntity
  8
0
100
AcDbLine
 10
250.28200000000268
 20
-276.01299999999907
 30
0.0
 11
250.81000000000267
 21
-276.7909999999991
 31
0.0
  0
LINE
  5
767
330
17
100
AcDbEntity
  8
0
100
AcDbLine
 10
250.81000000000267
 20
-276.7909999999991
 30
0.0
 11
251.33700000000266
 21
-277.5689999999991
 31
0.0
  0
LINE
  5
768
330
17
100
AcDbEntity
  8
0
100
AcDbLine
 10
251.33700000000266
 20
-277.5689999999991
 30
0.0
 11
251.86500000000265
 21
-278.3469999999991
 31
0.0
  0
LINE
  5
769
330
17
100
AcDbEntity
  8
0
100
AcDbLine
 10
251.86500000000265
 20
-278.3469999999991
 30
0.0
 11
252.39300000000264
 21
-279.12499999999915
 31
0.0
  0
LINE
  5
76A
330
17
100
AcDbEntity
  8
0
100
AcDbLine
 10
252.39300000000264
 20
-279.12499999999915
 30
0.0
 11
252.92000000000263
 21
-279.90299999999917
 31
0.0
  0
LINE
  5
76B
330
17
100
AcDbEntity
  8
0
100
AcDbLine
 10
252.92000000000263
 20
-279.90299999999917
 30
0.0
 11
253.44800000000262
 21
-280.6809999999992
 31
0.0
  0
LINE
  5
76C
330
17
100
AcDbEntity
  8
0
100
AcDbLine
 10
253.44800000000262
 20
-280.6809999999992
 30
0.0
 11
253.9760000000026
 21
-281.4589999999992
 31
0.0
  0
LINE
  5
76D
330
17
100
AcDbEntity
  8
0
100
AcDbLine
 10
253.9760000000026
 20
-281.4589999999992
 30
0.0
 11
254.5040000000026
 21
-282.2369999999992
 31
0.0
  0
LINE
  5
76E
330
17
100
AcDbEntity
  8
0
100
AcDbLine
 10
254.5040000000026
 20
-282.2369999999992
 30
0.0
 11
255.0310000000026
 21
-283.01499999999925
 31
0.0
  0
LINE
  5
76F
330
17
100
AcDbEntity
  8
0
100
AcDbLine
 10
255.0310000000026
 20
-283.01499999999925
 30
0.0
 11
255.1210000000026
 21
-283.13499999999925
 31
0.0
  0
LINE
  5
770
330
17
100
AcDbEntity
  8
0
100
AcDbLine
 10
255.1210000000026
 20
-283.13499999999925
 30
0.0
 11
255.21400000000259
 21
-283.25199999999927
 31
0.0
  0
LINE
  5
771
330
17
100
AcDbEntity
  8
0
100
AcDbLine
 10
255.21400000000259
 20
-283.25199999999927
 30
0.0
 11
255.3100000000026
 21
-283.36499999999927
 31
0.0
  0
LINE
  5
772
330
17
100
AcDbEntity
  8
0
100
AcDbLine
 10
255.3100000000026
 20
-283.36499999999927
 30
0.0
 11
255.40900000000258
 21
-283.4749999999993
 31
0.0
  0
LINE
  5
773
330
17
100
AcDbEntity
  8
0
100
AcDbLine
 10
255.40900000000258
 20
-283.4749999999993
 30
0.0
 11
255.51100000000258
 21
-283.5819999999993
 31
0.0
  0
LINE
  5
774
330
17
100
AcDbEntity
  8
0
100
AcDbLine
 10
255.51100000000258
 20
-283.5819999999993
 30
0.0
 11
255.61600000000257
 21
-283.6859999999993
 31
0.0
  0
LINE
  5
775
330
17
100
AcDbEntity
  8
0
100
AcDbLine
 10
255.61600000000257
 20
-283.6859999999993
 30
0.0
 11
255.72400000000258
 21
-283.7859999999993
 31
0.0
  0
LINE
  5
776
330
17
100
AcDbEntity
  8
0
100
AcDbLine
 10
255.72400000000258
 20
-283.7859999999993
 30
0.0
 11
255.8340000000026
 21
-283.8829999999993
 31
0.0
  0
LINE
  5
777
330
17
100
AcDbEntity
  8
0
100
AcDbLine
 10
255.8340000000026
 20
-283.8829999999993
 30
0.0
 11
255.9470000000026
 21
-283.9759999999993
 31
0.0
  0
LINE
  5
778
330
17
100
AcDbEntity
  8
0
100
AcDbLine
 10
255.9470000000026
 20
-283.9759999999993
 30
0.0
 11
256.0630000000026
 21
-284.0659999999993
 31
0.0
  0
LINE
  5
779
330
17
100
AcDbEntity
  8
0
100
AcDbLine
 10
256.0630000000026
 20
-284.0659999999993
 30
0.0
 11
256.1810000000026
 21
-284.1519999999993
 31
0.0
  0
LINE
  5
77A
330
17
100
AcDbEntity
  8
0
100
AcDbLine
 10
256.1810000000026
 20
-284.1519999999993
 30
0.0
 11
256.3010000000026
 21
-284.23499999999933
 31
0.0
  0
LINE
  5
77B
330
17
100
AcDbEntity
  8
0
100
AcDbLine
 10
256.3010000000026
 20
-284.23499999999933
 30
0.0
 11
256.4240000000026
 21
-284.31399999999934
 31
0.0
  0
LINE
  5
77C
330
17
100
AcDbEntity
  8
0
100
AcDbLine
 10
256.4240000000026
 20
-284.31399999999934
 30
0.0
 11
256.5490000000026
 21
-284.3889999999993
 31
0.0
  0
LINE
  5
77D
330
17
100
AcDbEntity
  8
0
100
AcDbLine
 10
256.5490000000026
 20
-284.3889999999993
 30
0.0
 11
256.6760000000026
 21
-284.46099999999933
 31
0.0
  0
LINE
  5
77E
330
17
100
AcDbEntity
  8
0
100
AcDbLine
 10
256.6760000000026
 20
-284.46099999999933
 30
0.0
 11
256.8050000000026
 21
-284.5289999999993
 31
0.0
  0
LINE
  5
77F
330
17
100
AcDbEntity
  8
0
100
AcDbLine
 10
256.8050000000026
 20
-284.5289999999993
 30
0.0
 11
256.9360000000026
 21
-284.59299999999934
 31
0.0
  0
LINE
  5
780
330
17
100
AcDbEntity
  8
0
100
AcDbLine
 10
256.9360000000026
 20
-284.59299999999934
 30
0.0
 11
257.0690000000026
 21
-284.65299999999934
 31
0.0
  0
LINE
  5
781
330
17
100
AcDbEntity
  8
0
100
AcDbLine
 10
257.0690000000026
 20
-284.65299999999934
 30
0.0
 11
257.20400000000257
 21
-284.7089999999993
 31
0.0
  0
LINE
  5
782
330
17
100
AcDbEntity
  8
0
100
AcDbLine
 10
257.20400000000257
 20
-284.7089999999993
 30
0.0
 11
257.3400000000026
 21
-284.76099999999934
 31
0.0
  0
LINE
  5
783
330
17
100
AcDbEntity
  8
0
100
AcDbLine
 10
257.3400000000026
 20
-284.76099999999934
 30
0.0
 11
257.47800000000257
 21
-284.80899999999934
 31
0.0
  0
LINE
  5
784
330
17
100
AcDbEntity
  8
0
100
AcDbLine
 10
257.47800000000257
 20
-284.80899999999934
 30
0.0
 11
257.6170000000026
 21
-284.8529999999993
 31
0.0
  0
LINE
  5
785
330
17
100
AcDbEntity
  8
0
100
AcDbLine
 10
257.6170000000026
 20
-284.8529999999993
 30
0.0
 11
257.7580000000026
 21
-284.89299999999935
 31
0.0
  0
LINE
  5
786
330
17
100
AcDbEntity
  8
0
100
AcDbLine
 10
257.7580000000026
 20
-284.89299999999935
 30
0.0
 11
257.9000000000026
 21
-284.92899999999935
 31
0.0
  0
LINE
  5
787
330
17
100
AcDbEntity
  8
0
100
AcDbLine
 10
257.9000000000026
 20
-284.92899999999935
 30
0.0
 11
258.04300000000256
 21
-284.96099999999933
 31
0.0
  0
LINE
  5
788
330
17
100
AcDbEntity
  8
0
100
AcDbLine
 10
258.04300000000256
 20
-284.96099999999933
 30
0.0
 11
258.18800000000255
 21
-284.98899999999935
 31
0.0
  0
LINE
  5
789
330
17
100
AcDbEntity
  8
0
100
AcDbLine
 10
258.18800000000255
 20
-284.98899999999935
 30
0.0
 11
258.33400000000256
 21
-285.0119999999994
 31
0.0
  0
LINE
  5
78A
330
17
100
AcDbEntity
  8
0
100
AcDbLine
 10
258.33400000000256
 20
-285.0119999999994
 30
0.0
 11
258.48100000000255
 21
-285.0309999999994
 31
0.0
  0
LINE
  5
78B
330
17
100
AcDbEntity
  8
0
100
AcDbLine
 10
258.48100000000255
 20
-285.0309999999994
 30
0.0
 11
258.62800000000254
 21
-285.04599999999937
 31
0.0
  0
LINE
  5
78C
330
17
100
AcDbEntity
  8
0
100
AcDbLine
 10
258.62800000000254
 20
-285.04599999999937
 30
0.0
 11
258.77600000000257
 21
-285.05599999999936
 31
0.0
  0
LINE
  5
78D
330
17
100
AcDbEntity
  8
0
100
AcDbLine
 10
258.77600000000257
 20
-285.05599999999936
 30
0.0
 11
258.92500000000257
 21
-285.06199999999933
 31
0.0
  0
LINE
  5
78E
330
17
100
AcDbEntity
  8
0
100
AcDbLine
 10
258.92500000000257
 20
-285.06199999999933
 30
0.0
 11
259.07500000000255
 21
-285.0629999999993
 31
0.0
  0
LINE
  5
78F
330
17
100
AcDbEntity
  8
0
100
AcDbLine
 10
259.07500000000255
 20
-285.0629999999993
 30
0.0
 11
262.09700000000254
 21
-285.0169999999993
 31
0.0
  0
LINE
  5
790
330
17
100
AcDbEntity
  8
0
100
AcDbLine
 10
262.09700000000254
 20
-285.0169999999993
 30
0.0
 11
265.11900000000253
 21
-284.9709999999993
 31
0.0
  0
LINE
  5
791
330
17
100
AcDbEntity
  8
0
100
AcDbLine
 10
265.11900000000253
 20
-284.9709999999993
 30
0.0
 11
268.1410000000025
 21
-284.92499999999933
 31
0.0
  0
LINE
  5
792
330
17
100
AcDbEntity
  8
0
100
AcDbLine
 10
268.1410000000025
 20
-284.92499999999933
 30
0.0
 11
271.1630000000025
 21
-284.87899999999934
 31
0.0
  0
LINE
  5
793
330
17
100
AcDbEntity
  8
0
100
AcDbLine
 10
271.1630000000025
 20
-284.87899999999934
 30
0.0
 11
274.1850000000025
 21
-284.83299999999934
 31
0.0
  0
LINE
  5
794
330
17
100
AcDbEntity
  8
0
100
AcDbLine
 10
274.1850000000025
 20
-284.83299999999934
 30
0.0
 11
277.2070000000025
 21
-284.78699999999935
 31
0.0
  0
LINE
  5
795
330
17
100
AcDbEntity
  8
0
100
AcDbLine
 10
277.2070000000025
 20
-284.78699999999935
 30
0.0
 11
280.2290000000025
 21
-284.74099999999936
 31
0.0
  0
LINE
  5
796
330
17
100
AcDbEntity
  8
0
100
AcDbLine
 10
280.2290000000025
 20
-284.74099999999936
 30
0.0
 11
283.2510000000025
 21
-284.69499999999937
 31
0.0
  0
LINE
  5
797
330
17
100
AcDbEntity
  8
0
100
AcDbLine
 10
283.2510000000025
 20
-284.69499999999937
 30
0.0
 11
286.27300000000247
 21
-284.6489999999994
 31
0.0
  0
LINE
  5
798
330
17
100
AcDbEntity
  8
0
100
AcDbLine
 10
286.27300000000247
 20
-284.6489999999994
 30
0.0
 11
289.29500000000246
 21
-284.6029999999994
 31
0.0
  0
LINE
  5
799
330
17
100
AcDbEntity
  8
0
100
AcDbLine
 10
289.29500000000246
 20
-284.6029999999994
 30
0.0
 11
292.31700000000245
 21
-284.5569999999994
 31
0.0
  0
LINE
  5
79A
330
17
100
AcDbEntity
  8
0
100
AcDbLine
 10
292.31700000000245
 20
-284.5569999999994
 30
0.0
 11
295.33900000000244
 21
-284.5109999999994
 31
0.0
  0
LINE
  5
79B
330
17
100
AcDbEntity
  8
0
100
AcDbLine
 10
295.33900000000244
 20
-284.5109999999994
 30
0.0
 11
298.36100000000243
 21
-284.4649999999994
 31
0.0
  0
LINE
  5
79C
330
17
100
AcDbEntity
  8
0
100
AcDbLine
 10
298.36100000000243
 20
-284.4649999999994
 30
0.0
 11
301.3830000000024
 21
-284.4189999999994
 31
0.0
  0
LINE
  5
79D
330
17
100
AcDbEntity
  8
0
100
AcDbLine
 10
301.3830000000024
 20
-284.4189999999994
 30
0.0
 11
304.4050000000024
 21
-284.3729999999994
 31
0.0
  0
LINE
  5
79E
330
17
100
AcDbEntity
  8
0
100
AcDbLine
 10
304.4050000000024
 20
-284.3729999999994
 30
0.0
 11
307.4270000000024
 21
-284.32699999999943
 31
0.0
  0
LINE
  5
79F
330
17
100
AcDbEntity
  8
0
100
AcDbLine
 10
307.4270000000024
 20
-284.32699999999943
 30
0.0
 11
310.4490000000024
 21
-284.28099999999944
 31
0.0
  0
LINE
  5
7A0
330
17
100
AcDbEntity
  8
0
100
AcDbLine
 10
310.4490000000024
 20
-284.28099999999944
 30
0.0
 11
313.4710000000024
 21
-284.23499999999945
 31
0.0
  0
LINE
  5
7A1
330
17
100
AcDbEntity
  8
0
100
AcDbLine
 10
313.4710000000024
 20
-284.23499999999945
 30
0.0
 11
316.4930000000024
 21
-284.18899999999945
 31
0.0
  0
LINE
  5
7A2
330
17
100
AcDbEntity
  8
0
100
AcDbLine
 10
316.4930000000024
 20
-284.18899999999945
 30
0.0
 11
319.5150000000024
 21
-284.14299999999946
 31
0.0
  0
LINE
  5
7A3
330
17
100
AcDbEntity
  8
0
100
AcDbLine
 10
319.5150000000024
 20
-284.14299999999946
 30
0.0
 11
322.53700000000237
 21
-284.09699999999947
 31
0.0
  0
LINE
  5
7A4
330
17
100
AcDbEntity
  8
0
100
AcDbLine
 10
322.53700000000237
 20
-284.09699999999947
 30
0.0
 11
325.55900000000236
 21
-284.0509999999995
 31
0.0
  0
LINE
  5
7A5
330
17
100
AcDbEntity
  8
0
100
AcDbLine
 10
325.55900000000236
 20
-284.0509999999995
 30
0.0
 11
328.58100000000235
 21
-284.0049999999995
 31
0.0
  0
LINE
  5
7A6
330
17
100
AcDbEntity
  8
0
100
AcDbLine
 10
328.58100000000235
 20
-284.0049999999995
 30
0.0
 11
331.60300000000234
 21
-283.9589999999995
 31
0.0
  0
LINE
  5
7A7
330
17
100
AcDbEntity
  8
0
100
AcDbLine
 10
331.60300000000234
 20
-283.9589999999995
 30
0.0
 11
334.62500000000233
 21
-283.9129999999995
 31
0.0
  0
LINE
  5
7A8
330
17
100
AcDbEntity
  8
0
100
AcDbLine
 10
334.62500000000233
 20
-283.9129999999995
 30
0.0
 11
337.6470000000023
 21
-283.8669999999995
 31
0.0
  0
LINE
  5
7A9
330
17
100
AcDbEntity
  8
0
100
AcDbLine
 10
337.6470000000023
 20
-283.8669999999995
 30
0.0
 11
340.6690000000023
 21
-283.8209999999995
 31
0.0
  0
LINE
  5
7AA
330
17
100
AcDbEntity
  8
0
100
AcDbLine
 10
340.6690000000023
 20
-283.8209999999995
 30
0.0
 11
343.6910000000023
 21
-283.7749999999995
 31
0.0
  0
LINE
  5
7AB
330
17
100
AcDbEntity
  8
0
100
AcDbLine
 10
343.6910000000023
 20
-283.7749999999995
 30
0.0
 11
346.7130000000023
 21
-283.72899999999953
 31
0.0
  0
LINE
  5
7AC
330
17
100
AcDbEntity
  8
0
100
AcDbLine
 10
346.7130000000023
 20
-283.72899999999953
 30
0.0
 11
349.7350000000023
 21
-283.68299999999954
 31
0.0
  0
LINE
  5
7AD
330
17
100
AcDbEntity
  8
0
100
AcDbLine
 10
349.7350000000023
 20
-283.68299999999954
 30
0.0
 11
352.7570000000023
 21
-283.63699999999955
 31
0.0
  0
LINE
  5
7AE
330
17
100
AcDbEntity
  8
0
100
AcDbLine
 10
352.7570000000023
 20
-283.63699999999955
 30
0.0
 11
355.77900000000227
 21
-283.59099999999955
 31
0.0
  0
LINE
  5
7AF
330
17
100
AcDbEntity
  8
0
100
AcDbLine
 10
355.77900000000227
 20
-283.59099999999955
 30
0.0
 11
360.0880000000023
 21
-283.67999999999955
 31
0.0
  0
LINE
  5
7B0
330
17
100
AcDbEntity
  8
0
100
AcDbLine
 10
360.0880000000023
 20
-283.67999999999955
 30
0.0
 11
364.3460000000023
 21
-283.77199999999954
 31
0.0
  0
LINE
  5
7B1
330
17
100
AcDbEntity
  8
0
100
AcDbLine
 10
364.3460000000023
 20
-283.77199999999954
 30
0.0
 11
368.55100000000226
 21
-283.86599999999953
 31
0.0
  0
LINE
  5
7B2
330
17
100
AcDbEntity
  8
0
100
AcDbLine
 10
368.55100000000226
 20
-283.86599999999953
 30
0.0
 11
372.6990000000023
 21
-283.9629999999995
 31
0.0
  0
LINE
  5
7B3
330
17
100
AcDbEntity
  8
0
100
AcDbLine
 10
372.6990000000023
 20
-283.9629999999995
 30
0.0
 11
376.7880000000023
 21
-284.0619999999995
 31
0.0
  0
LINE
  5
7B4
330
17
100
AcDbEntity
  8
0
100
AcDbLine
 10
376.7880000000023
 20
-284.0619999999995
 30
0.0
 11
380.8140000000023
 21
-284.1629999999995
 31
0.0
  0
LINE
  5
7B5
330
17
100
AcDbEntity
  8
0
100
AcDbLine
 10
380.8140000000023
 20
-284.1629999999995
 30
0.0
 11
384.7730000000023
 21
-284.2649999999995
 31
0.0
  0
LINE
  5
7B6
330
17
100
AcDbEntity
  8
0
100
AcDbLine
 10
384.7730000000023
 20
-284.2649999999995
 30
0.0
 11
388.6630000000023
 21
-284.36899999999946
 31
0.0
  0
LINE
  5
7B7
330
17
100
AcDbEntity
  8
0
100
AcDbLine
 10
388.6630000000023
 20
-284.36899999999946
 30
0.0
 11
392.4800000000023
 21
-284.4739999999995
 31
0.0
  0
LINE
  5
7B8
330
17
100
AcDbEntity
  8
0
100
AcDbLine
 10
392.4800000000023
 20
-284.4739999999995
 30
0.0
 11
396.2210000000023
 21
-284.5789999999995
 31
0.0
  0
LINE
  5
7B9
330
17
100
AcDbEntity
  8
0
100
AcDbLine
 10
396.2210000000023
 20
-284.5789999999995
 30
0.0
 11
399.88300000000226
 21
-284.6849999999995
 31
0.0
  0
LINE
  5
7BA
330
17
100
AcDbEntity
  8
0
100
AcDbLine
 10
399.88300000000226
 20
-284.6849999999995
 30
0.0
 11
403.46300000000224
 21
-284.7909999999995
 31
0.0
  0
LINE
  5
7BB
330
17
100
AcDbEntity
  8
0
100
AcDbLine
 10
403.46300000000224
 20
-284.7909999999995
 30
0.0
 11
406.95700000000227
 21
-284.8969999999995
 31
0.0
  0
LINE
  5
7BC
330
17
100
AcDbEntity
  8
0
100
AcDbLine
 10
406.95700000000227
 20
-284.8969999999995
 30
0.0
 11
410.3630000000023
 21
-285.0029999999995
 31
0.0
  0
LINE
  5
7BD
330
17
100
AcDbEntity
  8
0
100
AcDbLine
 10
410.3630000000023
 20
-285.0029999999995
 30
0.0
 11
413.6770000000023
 21
-285.1079999999995
 31
0.0
  0
LINE
  5
7BE
330
17
100
AcDbEntity
  8
0
100
AcDbLine
 10
413.6770000000023
 20
-285.1079999999995
 30
0.0
 11
416.8960000000023
 21
-285.2119999999995
 31
0.0
  0
LINE
  5
7BF
330
17
100
AcDbEntity
  8
0
100
AcDbLine
 10
416.8960000000023
 20
-285.2119999999995
 30
0.0
 11
420.0160000000023
 21
-285.3149999999995
 31
0.0
  0
LINE
  5
7C0
330
17
100
AcDbEntity
  8
0
100
AcDbLine
 10
420.0160000000023
 20
-285.3149999999995
 30
0.0
 11
423.0350000000023
 21
-285.4159999999995
 31
0.0
  0
LINE
  5
7C1
330
17
100
AcDbEntity
  8
0
100
AcDbLine
 10
423.0350000000023
 20
-285.4159999999995
 30
0.0
 11
425.9490000000023
 21
-285.5159999999995
 31
0.0
  0
LINE
  5
7C2
330
17
100
AcDbEntity
  8
0
100
AcDbLine
 10
425.9490000000023
 20
-285.5159999999995
 30
0.0
 11
428.75500000000227
 21
-285.6139999999995
 31
0.0
  0
LINE
  5
7C3
330
17
100
AcDbEntity
  8
0
100
AcDbLine
 10
428.75500000000227
 20
-285.6139999999995
 30
0.0
 11
431.45000000000226
 21
-285.70899999999955
 31
0.0
  0
LINE
  5
7C4
330
17
100
AcDbEntity
  8
0
100
AcDbLine
 10
431.45000000000226
 20
-285.70899999999955
 30
0.0
 11
434.0310000000023
 21
-285.80199999999957
 31
0.0
  0
LINE
  5
7C5
330
17
100
AcDbEntity
  8
0
100
AcDbLine
 10
434.0310000000023
 20
-285.80199999999957
 30
0.0
 11
436.4940000000023
 21
-285.89199999999954
 31
0.0
  0
LINE
  5
7C6
330
17
100
AcDbEntity
  8
0
100
AcDbLine
 10
436.4940000000023
 20
-285.89199999999954
 30
0.0
 11
438.8360000000023
 21
-285.97899999999953
 31
0.0
  0
LINE
  5
7C7
330
17
100
AcDbEntity
  8
0
100
AcDbLine
 10
438.8360000000023
 20
-285.97899999999953
 30
0.0
 11
441.0540000000023
 21
-286.06199999999956
 31
0.0
  0
LINE
  5
7C8
330
17
100
AcDbEntity
  8
0
100
AcDbLine
 10
441.0540000000023
 20
-286.06199999999956
 30
0.0
 11
443.1450000000023
 21
-286.14199999999954
 31
0.0
  0
LINE
  5
7C9
330
17
100
AcDbEntity
  8
0
100
AcDbLine
 10
443.1450000000023
 20
-286.14199999999954
 30
0.0
 11
445.1060000000023
 21
-286.21799999999956
 31
0.0
  0
LINE
  5
7CA
330
17
100
AcDbEntity
  8
0
100
AcDbLine
 10
445.1060000000023
 20
-286.21799999999956
 30
0.0
 11
446.9330000000023
 21
-286.2889999999996
 31
0.0
  0
LINE
  5
7CB
330
17
100
AcDbEntity
  8
0
100
AcDbLine
 10
446.9330000000023
 20
-286.2889999999996
 30
0.0
 11
448.6230000000023
 21
-286.3559999999996
 31
0.0
  0
LINE
  5
7CC
330
17
100
AcDbEntity
  8
0
100
AcDbLine
 10
448.6230000000023
 20
-286.3559999999996
 30
0.0
 11
450.17300000000233
 21
-286.4179999999996
 31
0.0
  0
LINE
  5
7CD
330
17
100
AcDbEntity
  8
0
100
AcDbLine
 10
450.17300000000233
 20
-286.4179999999996
 30
0.0
 11
451.5800000000023
 21
-286.4749999999996
 31
0.0
  0
LINE
  5
7CE
330
17
100
AcDbEntity
  8
0
100
AcDbLine
 10
451.5800000000023
 20
-286.4749999999996
 30
0.0
 11
452.84100000000234
 21
-286.52699999999965
 31
0.0
  0
LINE
  5
7CF
330
17
100
AcDbEntity
  8
0
100
AcDbLine
 10
452.84100000000234
 20
-286.52699999999965
 30
0.0
 11
453.18000000000234
 21
-286.54399999999964
 31
0.0
  0
LINE
  5
7D0
330
17
100
AcDbEntity
  8
0
100
AcDbLine
 10
453.18000000000234
 20
-286.54399999999964
 30
0.0
 11
453.51900000000234
 21
-286.56599999999963
 31
0.0
  0
LINE
  5
7D1
330
17
100
AcDbEntity
  8
0
100
AcDbLine
 10
453.51900000000234
 20
-286.56599999999963
 30
0.0
 11
453.85700000000236
 21
-286.5929999999996
 31
0.0
  0
LINE
  5
7D2
330
17
100
AcDbEntity
  8
0
100
AcDbLine
 10
453.85700000000236
 20
-286.5929999999996
 30
0.0
 11
454.19400000000235
 21
-286.6249999999996
 31
0.0
  0
LINE
  5
7D3
330
17
100
AcDbEntity
  8
0
100
AcDbLine
 10
454.19400000000235
 20
-286.6249999999996
 30
0.0
 11
454.53000000000236
 21
-286.6619999999996
 31
0.0
  0
LINE
  5
7D4
330
17
100
AcDbEntity
  8
0
100
AcDbLine
 10
454.53000000000236
 20
-286.6619999999996
 30
0.0
 11
454.8660000000024
 21
-286.70399999999955
 31
0.0
  0
LINE
  5
7D5
330
17
100
AcDbEntity
  8
0
100
AcDbLine
 10
454.8660000000024
 20
-286.70399999999955
 30
0.0
 11
455.20100000000235
 21
-286.7509999999996
 31
0.0
  0
LINE
  5
7D6
330
17
100
AcDbEntity
  8
0
100
AcDbLine
 10
455.20100000000235
 20
-286.7509999999996
 30
0.0
 11
455.53500000000236
 21
-286.8029999999996
 31
0.0
  0
LINE
  5
7D7
330
17
100
AcDbEntity
  8
0
100
AcDbLine
 10
455.53500000000236
 20
-286.8029999999996
 30
0.0
 11
455.8680000000024
 21
-286.8609999999996
 31
0.0
  0
LINE
  5
7D8
330
17
100
AcDbEntity
  8
0
100
AcDbLine
 10
455.8680000000024
 20
-286.8609999999996
 30
0.0
 11
456.2000000000024
 21
-286.9239999999996
 31
0.0
  0
LINE
  5
7D9
330
17
100
AcDbEntity
  8
0
100
AcDbLine
 10
456.2000000000024
 20
-286.9239999999996
 30
0.0
 11
456.5310000000024
 21
-286.99199999999956
 31
0.0
  0
LINE
  5
7DA
330
17
100
AcDbEntity
  8
0
100
AcDbLine
 10
456.5310000000024
 20
-286.99199999999956
 30
0.0
 11
456.8600000000024
 21
-287.06499999999954
 31
0.0
  0
LINE
  5
7DB
330
17
100
AcDbEntity
  8
0
100
AcDbLine
 10
456.8600000000024
 20
-287.06499999999954
 30
0.0
 11
457.1880000000024
 21
-287.1429999999995
 31
0.0
  0
LINE
  5
7DC
330
17
100
AcDbEntity
  8
0
100
AcDbLine
 10
457.1880000000024
 20
-287.1429999999995
 30
0.0
 11
457.5150000000024
 21
-287.22599999999954
 31
0.0
  0
LINE
  5
7DD
330
17
100
AcDbEntity
  8
0
100
AcDbLine
 10
457.5150000000024
 20
-287.22599999999954
 30
0.0
 11
457.8410000000024
 21
-287.31399999999957
 31
0.0
  0
LINE
  5
7DE
330
17
100
AcDbEntity
  8
0
100
AcDbLine
 10
457.8410000000024
 20
-287.31399999999957
 30
0.0
 11
458.1650000000024
 21
-287.40599999999955
 31
0.0
  0
LINE
  5
7DF
330
17
100
AcDbEntity
  8
0
100
AcDbLine
 10
458.1650000000024
 20
-287.40599999999955
 30
0.0
 11
458.4880000000024
 21
-287.50299999999953
 31
0.0
  0
LINE
  5
7E0
330
17
100
AcDbEntity
  8
0
100
AcDbLine
 10
458.4880000000024
 20
-287.50299999999953
 30
0.0
 11
458.8090000000024
 21
-287.6049999999995
 31
0.0
  0
LINE
  5
7E1
330
17
100
AcDbEntity
  8
0
100
AcDbLine
 10
458.8090000000024
 20
-287.6049999999995
 30
0.0
 11
459.1290000000024
 21
-287.71199999999953
 31
0.0
  0
LINE
  5
7E2
330
17
100
AcDbEntity
  8
0
100
AcDbLine
 10
459.1290000000024
 20
-287.71199999999953
 30
0.0
 11
459.4470000000024
 21
-287.82399999999956
 31
0.0
  0
LINE
  5
7E3
330
17
100
AcDbEntity
  8
0
100
AcDbLine
 10
459.4470000000024
 20
-287.82399999999956
 30
0.0
 11
459.76300000000236
 21
-287.9409999999996
 31
0.0
  0
LINE
  5
7E4
330
17
100
AcDbEntity
  8
0
100
AcDbLine
 10
459.76300000000236
 20
-287.9409999999996
 30
0.0
 11
460.07800000000236
 21
-288.0629999999996
 31
0.0
  0
LINE
  5
7E5
330
17
100
AcDbEntity
  8
0
100
AcDbLine
 10
460.07800000000236
 20
-288.0629999999996
 30
0.0
 11
460.39100000000235
 21
-288.1899999999996
 31
0.0
  0
LINE
  5
7E6
330
17
100
AcDbEntity
  8
0
100
AcDbLine
 10
460.39100000000235
 20
-288.1899999999996
 30
0.0
 11
460.70200000000233
 21
-288.3219999999996
 31
0.0
  0
LINE
  5
7E7
330
17
100
AcDbEntity
  8
0
100
AcDbLine
 10
460.70200000000233
 20
-288.3219999999996
 30
0.0
 11
461.01100000000235
 21
-288.45799999999963
 31
0.0
  0
LINE
  5
7E8
330
17
100
AcDbEntity
  8
0
100
AcDbLine
 10
461.01100000000235
 20
-288.45799999999963
 30
0.0
 11
461.31800000000237
 21
-288.59899999999965
 31
0.0
  0
LINE
  5
7E9
330
17
100
AcDbEntity
  8
0
100
AcDbLine
 10
461.31800000000237
 20
-288.59899999999965
 30
0.0
 11
461.6230000000024
 21
-288.74499999999966
 31
0.0
  0
LINE
  5
7EA
330
17
100
AcDbEntity
  8
0
100
AcDbLine
 10
461.6230000000024
 20
-288.74499999999966
 30
0.0
 11
461.9260000000024
 21
-288.8959999999997
 31
0.0
  0
LINE
  5
7EB
330
17
100
AcDbEntity
  8
0
100
AcDbLine
 10
461.9260000000024
 20
-288.8959999999997
 30
0.0
 11
462.22700000000236
 21
-289.05099999999965
 31
0.0
  0
LINE
  5
7EC
330
17
100
AcDbEntity
  8
0
100
AcDbLine
 10
462.22700000000236
 20
-289.05099999999965
 30
0.0
 11
462.52600000000234
 21
-289.2109999999997
 31
0.0
  0
LINE
  5
7ED
330
17
100
AcDbEntity
  8
0
100
AcDbLine
 10
462.52600000000234
 20
-289.2109999999997
 30
0.0
 11
462.82300000000237
 21
-289.3759999999997
 31
0.0
  0
LINE
  5
7EE
330
17
100
AcDbEntity
  8
0
100
AcDbLine
 10
462.82300000000237
 20
-289.3759999999997
 30
0.0
 11
463.11700000000235
 21
-289.5449999999997
 31
0.0
  0
LINE
  5
7EF
330
17
100
AcDbEntity
  8
0
100
AcDbLine
 10
463.11700000000235
 20
-289.5449999999997
 30
0.0
 11
463.8560000000023
 21
-289.9869999999997
 31
0.0
  0
LINE
  5
7F0
330
17
100
AcDbEntity
  8
0
100
AcDbLine
 10
463.8560000000023
 20
-289.9869999999997
 30
0.0
 11
464.58900000000233
 21
-290.4439999999997
 31
0.0
  0
LINE
  5
7F1
330
17
100
AcDbEntity
  8
0
100
AcDbLine
 10
464.58900000000233
 20
-290.4439999999997
 30
0.0
 11
465.3160000000023
 21
-290.9149999999997
 31
0.0
  0
LINE
  5
7F2
330
17
100
AcDbEntity
  8
0
100
AcDbLine
 10
465.3160000000023
 20
-290.9149999999997
 30
0.0
 11
466.0370000000023
 21
-291.39899999999966
 31
0.0
  0
LINE
  5
7F3
330
17
100
AcDbEntity
  8
0
100
AcDbLine
 10
466.0370000000023
 20
-291.39899999999966
 30
0.0
 11
466.7520000000023
 21
-291.89499999999964
 31
0.0
  0
LINE
  5
7F4
330
17
100
AcDbEntity
  8
0
100
AcDbLine
 10
466.7520000000023
 20
-291.89499999999964
 30
0.0
 11
467.4600000000023
 21
-292.4029999999996
 31
0.0
  0
LINE
  5
7F5
330
17
100
AcDbEntity
  8
0
100
AcDbLine
 10
467.4600000000023
 20
-292.4029999999996
 30
0.0
 11
468.1620000000023
 21
-292.9209999999996
 31
0.0
  0
LINE
  5
7F6
330
17
100
AcDbEntity
  8
0
100
AcDbLine
 10
468.1620000000023
 20
-292.9209999999996
 30
0.0
 11
468.8570000000023
 21
-293.4499999999996
 31
0.0
  0
LINE
  5
7F7
330
17
100
AcDbEntity
  8
0
100
AcDbLine
 10
468.8570000000023
 20
-293.4499999999996
 30
0.0
 11
469.5440000000023
 21
-293.9879999999996
 31
0.0
  0
LINE
  5
7F8
330
17
100
AcDbEntity
  8
0
100
AcDbLine
 10
469.5440000000023
 20
-293.9879999999996
 30
0.0
 11
470.2240000000023
 21
-294.5349999999996
 31
0.0
  0
LINE
  5
7F9
330
17
100
AcDbEntity
  8
0
100
AcDbLine
 10
470.2240000000023
 20
-294.5349999999996
 30
0.0
 11
470.8970000000023
 21
-295.08999999999963
 31
0.0
  0
LINE
  5
7FA
330
17
100
AcDbEntity
  8
0
100
AcDbLine
 10
470.8970000000023
 20
-295.08999999999963
 30
0.0
 11
471.56200000000234
 21
-295.6529999999996
 31
0.0
  0
LINE
  5
7FB
330
17
100
AcDbEntity
  8
0
100
AcDbLine
 10
471.56200000000234
 20
-295.6529999999996
 30
0.0
 11
472.2190000000023
 21
-296.2229999999996
 31
0.0
  0
LINE
  5
7FC
330
17
100
AcDbEntity
  8
0
100
AcDbLine
 10
472.2190000000023
 20
-296.2229999999996
 30
0.0
 11
472.8680000000023
 21
-296.79899999999964
 31
0.0
  0
LINE
  5
7FD
330
17
100
AcDbEntity
  8
0
100
AcDbLine
 10
472.8680000000023
 20
-296.79899999999964
 30
0.0
 11
473.50900000000235
 21
-297.37999999999965
 31
0.0
  0
LINE
  5
7FE
330
17
100
AcDbEntity
  8
0
100
AcDbLine
 10
473.50900000000235
 20
-297.37999999999965
 30
0.0
 11
474.14100000000235
 21
-297.96599999999967
 31
0.0
  0
LINE
  5
7FF
330
17
100
AcDbEntity
  8
0
100
AcDbLine
 10
474.14100000000235
 20
-297.96599999999967
 30
0.0
 11
474.76400000000234
 21
-298.55599999999964
 31
0.0
  0
LINE
  5
800
330
17
100
AcDbEntity
  8
0
100
AcDbLine
 10
474.76400000000234
 20
-298.55599999999964
 30
0.0
 11
475.37900000000235
 21
-299.14899999999966
 31
0.0
  0
LINE
  5
801
330
17
100
AcDbEntity
  8
0
100
AcDbLine
 10
475.37900000000235
 20
-299.14899999999966
 30
0.0
 11
475.98400000000237
 21
-299.74499999999966
 31
0.0
  0
LINE
  5
802
330
17
100
AcDbEntity
  8
0
100
AcDbLine
 10
475.98400000000237
 20
-299.74499999999966
 30
0.0
 11
476.58000000000237
 21
-300.3429999999997
 31
0.0
  0
LINE
  5
803
330
17
100
AcDbEntity
  8
0
100
AcDbLine
 10
476.58000000000237
 20
-300.3429999999997
 30
0.0
 11
477.16700000000236
 21
-300.94199999999967
 31
0.0
  0
LINE
  5
804
330
17
100
AcDbEntity
  8
0
100
AcDbLine
 10
477.16700000000236
 20
-300.94199999999967
 30
0.0
 11
477.74400000000236
 21
-301.5419999999997
 31
0.0
  0
LINE
  5
805
330
17
100
AcDbEntity
  8
0
100
AcDbLine
 10
477.74400000000236
 20
-301.5419999999997
 30
0.0
 11
478.31100000000237
 21
-302.1409999999997
 31
0.0
  0
LINE
  5
806
330
17
100
AcDbEntity
  8
0
100
AcDbLine
 10
478.31100000000237
 20
-302.1409999999997
 30
0.0
 11
478.8680000000024
 21
-302.73999999999967
 31
0.0
  0
LINE
  5
807
330
17
100
AcDbEntity
  8
0
100
AcDbLine
 10
478.8680000000024
 20
-302.73999999999967
 30
0.0
 11
479.4150000000024
 21
-303.33699999999965
 31
0.0
  0
LINE
  5
808
330
17
100
AcDbEntity
  8
0
100
AcDbLine
 10
479.4150000000024
 20
-303.33699999999965
 30
0.0
 11
479.9520000000024
 21
-303.9319999999997
 31
0.0
  0
LINE
  5
809
330
17
100
AcDbEntity
  8
0
100
AcDbLine
 10
479.9520000000024
 20
-303.9319999999997
 30
0.0
 11
480.4780000000024
 21
-304.52399999999966
 31
0.0
  0
LINE
  5
80A
330
17
100
AcDbEntity
  8
0
100
AcDbLine
 10
480.4780000000024
 20
-304.52399999999966
 30
0.0
 11
480.9930000000024
 21
-305.11299999999966
 31
0.0
  0
LINE
  5
80B
330
17
100
AcDbEntity
  8
0
100
AcDbLine
 10
480.9930000000024
 20
-305.11299999999966
 30
0.0
 11
481.4970000000024
 21
-305.69699999999966
 31
0.0
  0
LINE
  5
80C
330
17
100
AcDbEntity
  8
0
100
AcDbLine
 10
481.4970000000024
 20
-305.69699999999966
 30
0.0
 11
481.9900000000024
 21
-306.27599999999967
 31
0.0
  0
LINE
  5
80D
330
17
100
AcDbEntity
  8
0
100
AcDbLine
 10
481.9900000000024
 20
-306.27599999999967
 30
0.0
 11
482.4720000000024
 21
-306.8499999999997
 31
0.0
  0
LINE
  5
80E
330
17
100
AcDbEntity
  8
0
100
AcDbLine
 10
482.4720000000024
 20
-306.8499999999997
 30
0.0
 11
482.94200000000245
 21
-307.4169999999997
 31
0.0
  0
LINE
  5
80F
330
17
100
AcDbEntity
  8
0
100
AcDbLine
 10
482.94200000000245
 20
-307.4169999999997
 30
0.0
 11
483.42600000000243
 21
-307.9799999999997
 31
0.0
  0
LINE
  5
810
330
17
100
AcDbEntity
  8
0
100
AcDbLine
 10
483.42600000000243
 20
-307.9799999999997
 30
0.0
 11
483.9290000000024
 21
-308.5179999999997
 31
0.0
  0
LINE
  5
811
330
17
100
AcDbEntity
  8
0
100
AcDbLine
 10
483.9290000000024
 20
-308.5179999999997
 30
0.0
 11
484.4510000000024
 21
-309.03099999999966
 31
0.0
  0
LINE
  5
812
330
17
100
AcDbEntity
  8
0
100
AcDbLine
 10
484.4510000000024
 20
-309.03099999999966
 30
0.0
 11
484.99100000000243
 21
-309.51999999999964
 31
0.0
  0
LINE
  5
813
330
17
100
AcDbEntity
  8
0
100
AcDbLine
 10
484.99100000000243
 20
-309.51999999999964
 30
0.0
 11
485.54800000000245
 21
-309.98299999999966
 31
0.0
  0
LINE
  5
814
330
17
100
AcDbEntity
  8
0
100
AcDbLine
 10
485.54800000000245
 20
-309.98299999999966
 30
0.0
 11
486.1210000000024
 21
-310.42099999999965
 31
0.0
  0
LINE
  5
815
330
17
100
AcDbEntity
  8
0
100
AcDbLine
 10
486.1210000000024
 20
-310.42099999999965
 30
0.0
 11
486.70900000000245
 21
-310.83399999999966
 31
0.0
  0
LINE
  5
816
330
17
100
AcDbEntity
  8
0
100
AcDbLine
 10
486.70900000000245
 20
-310.83399999999966
 30
0.0
 11
487.31200000000246
 21
-311.22099999999966
 31
0.0
  0
LINE
  5
817
330
17
100
AcDbEntity
  8
0
100
AcDbLine
 10
487.31200000000246
 20
-311.22099999999966
 30
0.0
 11
487.92800000000244
 21
-311.58199999999965
 31
0.0
  0
LINE
  5
818
330
17
100
AcDbEntity
  8
0
100
AcDbLine
 10
487.92800000000244
 20
-311.58199999999965
 30
0.0
 11
488.55700000000246
 21
-311.91699999999963
 31
0.0
  0
LINE
  5
819
330
17
100
AcDbEntity
  8
0
100
AcDbLine
 10
488.55700000000246
 20
-311.91699999999963
 30
0.0
 11
489.19700000000245
 21
-312.22599999999966
 31
0.0
  0
LINE
  5
81A
330
17
100
AcDbEntity
  8
0
100
AcDbLine
 10
489.19700000000245
 20
-312.22599999999966
 30
0.0
 11
489.84800000000246
 21
-312.50799999999964
 31
0.0
  0
LINE
  5
81B
330
17
100
AcDbEntity
  8
0
100
AcDbLine
 10
489.84800000000246
 20
-312.50799999999964
 30
0.0
 11
490.50900000000246
 21
-312.76299999999964
 31
0.0
  0
LINE
  5
81C
330
17
100
AcDbEntity
  8
0
100
AcDbLine
 10
490.50900000000246
 20
-312.76299999999964
 30
0.0
 11
491.1790000000025
 21
-312.9919999999996
 31
0.0
  0
LINE
  5
81D
330
17
100
AcDbEntity
  8
0
100
AcDbLine
 10
491.1790000000025
 20
-312.9919999999996
 30
0.0
 11
491.85800000000245
 21
-313.1939999999996
 31
0.0
  0
LINE
  5
81E
330
17
100
AcDbEntity
  8
0
100
AcDbLine
 10
491.85800000000245
 20
-313.1939999999996
 30
0.0
 11
492.5440000000024
 21
-313.3679999999996
 31
0.0
  0
LINE
  5
81F
330
17
100
AcDbEntity
  8
0
100
AcDbLine
 10
492.5440000000024
 20
-313.3679999999996
 30
0.0
 11
493.23600000000243
 21
-313.5149999999996
 31
0.0
  0
LINE
  5
820
330
17
100
AcDbEntity
  8
0
100
AcDbLine
 10
493.23600000000243
 20
-313.5149999999996
 30
0.0
 11
493.9340000000024
 21
-313.6339999999996
 31
0.0
  0
LINE
  5
821
330
17
100
AcDbEntity
  8
0
100
AcDbLine
 10
493.9340000000024
 20
-313.6339999999996
 30
0.0
 11
494.6370000000024
 21
-313.7259999999996
 31
0.0
  0
LINE
  5
822
330
17
100
AcDbEntity
  8
0
100
AcDbLine
 10
494.6370000000024
 20
-313.7259999999996
 30
0.0
 11
495.3440000000024
 21
-313.7899999999996
 31
0.0
  0
LINE
  5
823
330
17
100
AcDbEntity
  8
0
100
AcDbLine
 10
495.3440000000024
 20
-313.7899999999996
 30
0.0
 11
496.05400000000236
 21
-313.8259999999996
 31
0.0
  0
LINE
  5
824
330
17
100
AcDbEntity
  8
0
100
AcDbLine
 10
496.05400000000236
 20
-313.8259999999996
 30
0.0
 11
496.76600000000235
 21
-313.83299999999963
 31
0.0
  0
LINE
  5
825
330
17
100
AcDbEntity
  8
0
100
AcDbLine
 10
496.76600000000235
 20
-313.83299999999963
 30
0.0
 11
497.4790000000024
 21
-313.8119999999996
 31
0.0
  0
LINE
  5
826
330
17
100
AcDbEntity
  8
0
100
AcDbLine
 10
497.4790000000024
 20
-313.8119999999996
 30
0.0
 11
498.1920000000024
 21
-313.7619999999996
 31
0.0
  0
LINE
  5
827
330
17
100
AcDbEntity
  8
0
100
AcDbLine
 10
498.1920000000024
 20
-313.7619999999996
 30
0.0
 11
498.9050000000024
 21
-313.6829999999996
 31
0.0
  0
LINE
  5
828
330
17
100
AcDbEntity
  8
0
100
AcDbLine
 10
498.9050000000024
 20
-313.6829999999996
 30
0.0
 11
499.61600000000243
 21
-313.5749999999996
 31
0.0
  0
LINE
  5
829
330
17
100
AcDbEntity
  8
0
100
AcDbLine
 10
499.61600000000243
 20
-313.5749999999996
 30
0.0
 11
500.32500000000243
 21
-313.4379999999996
 31
0.0
  0
LINE
  5
82A
330
17
100
AcDbEntity
  8
0
100
AcDbLine
 10
500.32500000000243
 20
-313.4379999999996
 30
0.0
 11
501.03100000000245
 21
-313.2709999999996
 31
0.0
  0
LINE
  5
82B
330
17
100
AcDbEntity
  8
0
100
AcDbLine
 10
501.03100000000245
 20
-313.2709999999996
 30
0.0
 11
501.73300000000245
 21
-313.0749999999996
 31
0.0
  0
LINE
  5
82C
330
17
100
AcDbEntity
  8
0
100
AcDbLine
 10
501.73300000000245
 20
-313.0749999999996
 30
0.0
 11
502.43000000000245
 21
-312.8489999999996
 31
0.0
  0
LINE
  5
82D
330
17
100
AcDbEntity
  8
0
100
AcDbLine
 10
502.43000000000245
 20
-312.8489999999996
 30
0.0
 11
503.12200000000246
 21
-312.5929999999996
 31
0.0
  0
LINE
  5
82E
330
17
100
AcDbEntity
  8
0
100
AcDbLine
 10
503.12200000000246
 20
-312.5929999999996
 30
0.0
 11
503.80700000000246
 21
-312.3069999999996
 31
0.0
  0
LINE
  5
82F
330
17
100
AcDbEntity
  8
0
100
AcDbLine
 10
503.80700000000246
 20
-312.3069999999996
 30
0.0
 11
504.09400000000244
 21
-309.5039999999996
 31
0.0
  0
LINE
  5
830
330
17
100
AcDbEntity
  8
0
100
AcDbLine
 10
504.09400000000244
 20
-309.5039999999996
 30
0.0
 11
504.6380000000024
 21
-306.80099999999965
 31
0.0
  0
LINE
  5
831
330
17
100
AcDbEntity
  8
0
100
AcDbLine
 10
504.6380000000024
 20
-306.80099999999965
 30
0.0
 11
505.4220000000024
 21
-304.19799999999964
 31
0.0
  0
LINE
  5
832
330
17
100
AcDbEntity
  8
0
100
AcDbLine
 10
505.4220000000024
 20
-304.19799999999964
 30
0.0
 11
506.4280000000024
 21
-301.69299999999964
 31
0.0
  0
LINE
  5
833
330
17
100
AcDbEntity
  8
0
100
AcDbLine
 10
506.4280000000024
 20
-301.69299999999964
 30
0.0
 11
507.6390000000024
 21
-299.28699999999964
 31
0.0
  0
LINE
  5
834
330
17
100
AcDbEntity
  8
0
100
AcDbLine
 10
507.6390000000024
 20
-299.28699999999964
 30
0.0
 11
509.0370000000024
 21
-296.9779999999996
 31
0.0
  0
LINE
  5
835
330
17
100
AcDbEntity
  8
0
100
AcDbLine
 10
509.0370000000024
 20
-296.9779999999996
 30
0.0
 11
510.6050000000024
 21
-294.7659999999996
 31
0.0
  0
LINE
  5
836
330
17
100
AcDbEntity
  8
0
100
AcDbLine
 10
510.6050000000024
 20
-294.7659999999996
 30
0.0
 11
512.3260000000024
 21
-292.6489999999996
 31
0.0
  0
LINE
  5
837
330
17
100
AcDbEntity
  8
0
100
AcDbLine
 10
512.3260000000024
 20
-292.6489999999996
 30
0.0
 11
514.1820000000024
 21
-290.6279999999996
 31
0.0
  0
LINE
  5
838
330
17
100
AcDbEntity
  8
0
100
AcDbLine
 10
514.1820000000024
 20
-290.6279999999996
 30
0.0
 11
516.1550000000024
 21
-288.70099999999957
 31
0.0
  0
LINE
  5
839
330
17
100
AcDbEntity
  8
0
100
AcDbLine
 10
516.1550000000024
 20
-288.70099999999957
 30
0.0
 11
518.2280000000023
 21
-286.86799999999954
 31
0.0
  0
LINE
  5
83A
330
17
100
AcDbEntity
  8
0
100
AcDbLine
 10
518.2280000000023
 20
-286.86799999999954
 30
0.0
 11
520.3840000000023
 21
-285.12699999999955
 31
0.0
  0
LINE
  5
83B
330
17
100
AcDbEntity
  8
0
100
AcDbLine
 10
520.3840000000023
 20
-285.12699999999955
 30
0.0
 11
522.6050000000023
 21
-283.47899999999953
 31
0.0
  0
LINE
  5
83C
330
17
100
AcDbEntity
  8
0
100
AcDbLine
 10
522.6050000000023
 20
-283.47899999999953
 30
0.0
 11
524.8740000000023
 21
-281.9219999999995
 31
0.0
  0
LINE
  5
83D
330
17
100
AcDbEntity
  8
0
100
AcDbLine
 10
524.8740000000023
 20
-281.9219999999995
 30
0.0
 11
527.1730000000023
 21
-280.4559999999995
 31
0.0
  0
LINE
  5
83E
330
17
100
AcDbEntity
  8
0
100
AcDbLine
 10
527.1730000000023
 20
-280.4559999999995
 30
0.0
 11
529.4840000000023
 21
-279.07999999999953
 31
0.0
  0
LINE
  5
83F
330
17
100
AcDbEntity
  8
0
100
AcDbLine
 10
529.4840000000023
 20
-279.07999999999953
 30
0.0
 11
531.7910000000023
 21
-277.79299999999955
 31
0.0
  0
LINE
  5
840
330
17
100
AcDbEntity
  8
0
100
AcDbLine
 10
531.7910000000023
 20
-277.79299999999955
 30
0.0
 11
534.0760000000023
 21
-276.59399999999954
 31
0.0
  0
LINE
  5
841
330
17
100
AcDbEntity
  8
0
100
AcDbLine
 10
534.0760000000023
 20
-276.59399999999954
 30
0.0
 11
536.3210000000023
 21
-275.48299999999955
 31
0.0
  0
LINE
  5
842
330
17
100
AcDbEntity
  8
0
100
AcDbLine
 10
536.3210000000023
 20
-275.48299999999955
 30
0.0
 11
538.5090000000023
 21
-274.45899999999955
 31
0.0
  0
LINE
  5
843
330
17
100
AcDbEntity
  8
0
100
AcDbLine
 10
538.5090000000023
 20
-274.45899999999955
 30
0.0
 11
540.6220000000023
 21
-273.52099999999956
 31
0.0
  0
LINE
  5
844
330
17
100
AcDbEntity
  8
0
100
AcDbLine
 10
540.6220000000023
 20
-273.52099999999956
 30
0.0
 11
542.6430000000023
 21
-272.66799999999955
 31
0.0
  0
LINE
  5
845
330
17
100
AcDbEntity
  8
0
100
AcDbLine
 10
542.6430000000023
 20
-272.66799999999955
 30
0.0
 11
544.5550000000023
 21
-271.8999999999996
 31
0.0
  0
LINE
  5
846
330
17
100
AcDbEntity
  8
0
100
AcDbLine
 10
544.5550000000023
 20
-271.8999999999996
 30
0.0
 11
546.3400000000023
 21
-271.21599999999955
 31
0.0
  0
LINE
  5
847
330
17
100
AcDbEntity
  8
0
100
AcDbLine
 10
546.3400000000023
 20
-271.21599999999955
 30
0.0
 11
547.9800000000023
 21
-270.61499999999955
 31
0.0
  0
LINE
  5
848
330
17
100
AcDbEntity
  8
0
100
AcDbLine
 10
547.9800000000023
 20
-270.61499999999955
 30
0.0
 11
549.4580000000022
 21
-270.0969999999996
 31
0.0
  0
LINE
  5
849
330
17
100
AcDbEntity
  8
0
100
AcDbLine
 10
549.4580000000022
 20
-270.0969999999996
 30
0.0
 11
550.7570000000022
 21
-269.6609999999996
 31
0.0
  0
LINE
  5
84A
330
17
100
AcDbEntity
  8
0
100
AcDbLine
 10
550.7570000000022
 20
-269.6609999999996
 30
0.0
 11
551.8590000000022
 21
-269.3049999999996
 31
0.0
  0
LINE
  5
84B
330
17
100
AcDbEntity
  8
0
100
AcDbLine
 10
551.8590000000022
 20
-269.3049999999996
 30
0.0
 11
552.7470000000022
 21
-269.02999999999963
 31
0.0
  0
LINE
  5
84C
330
17
100
AcDbEntity
  8
0
100
AcDbLine
 10
552.7470000000022
 20
-269.02999999999963
 30
0.0
 11
553.4030000000022
 21
-268.8339999999996
 31
0.0
  0
LINE
  5
84D
330
17
100
AcDbEntity
  8
0
100
AcDbLine
 10
553.4030000000022
 20
-268.8339999999996
 30
0.0
 11
553.8100000000022
 21
-268.7169999999996
 31
0.0
  0
LINE
  5
84E
330
17
100
AcDbEntity
  8
0
100
AcDbLine
 10
553.8100000000022
 20
-268.7169999999996
 30
0.0
 11
553.9500000000022
 21
-268.6779999999996
 31
0.0
  0
LINE
  5
84F
330
17
100
AcDbEntity
  8
0
100
AcDbLine
 10
247.7530000000022
 20
-289.7879999999996
 30
0.0
 11
247.3830000000022
 21
-289.2019999999996
 31
0.0
  0
LINE
  5
850
330
17
100
AcDbEntity
  8
0
100
AcDbLine
 10
247.3830000000022
 20
-289.2019999999996
 30
0.0
 11
247.0130000000022
 21
-288.6159999999996
 31
0.0
  0
LINE
  5
851
330
17
100
AcDbEntity
  8
0
100
AcDbLine
 10
247.0130000000022
 20
-288.6159999999996
 30
0.0
 11
246.6430000000022
 21
-288.0299999999996
 31
0.0
  0
LINE
  5
852
330
17
100
AcDbEntity
  8
0
100
AcDbLine
 10
246.6430000000022
 20
-288.0299999999996
 30
0.0
 11
246.27300000000218
 21
-287.44399999999956
 31
0.0
  0
LINE
  5
853
330
17
100
AcDbEntity
  8
0
100
AcDbLine
 10
246.27300000000218
 20
-287.44399999999956
 30
0.0
 11
245.90300000000218
 21
-286.85799999999955
 31
0.0
  0
LINE
  5
854
330
17
100
AcDbEntity
  8
0
100
AcDbLine
 10
245.90300000000218
 20
-286.85799999999955
 30
0.0
 11
245.53300000000218
 21
-286.27199999999954
 31
0.0
  0
LINE
  5
855
330
17
100
AcDbEntity
  8
0
100
AcDbLine
 10
245.53300000000218
 20
-286.27199999999954
 30
0.0
 11
245.16300000000217
 21
-285.6859999999995
 31
0.0
  0
LINE
  5
856
330
17
100
AcDbEntity
  8
0
100
AcDbLine
 10
245.16300000000217
 20
-285.6859999999995
 30
0.0
 11
244.79300000000217
 21
-285.0999999999995
 31
0.0
  0
LINE
  5
857
330
17
100
AcDbEntity
  8
0
100
AcDbLine
 10
244.79300000000217
 20
-285.0999999999995
 30
0.0
 11
244.42300000000216
 21
-284.5139999999995
 31
0.0
  0
LINE
  5
858
330
17
100
AcDbEntity
  8
0
100
AcDbLine
 10
244.42300000000216
 20
-284.5139999999995
 30
0.0
 11
244.05300000000216
 21
-283.9279999999995
 31
0.0
  0
LINE
  5
859
330
17
100
AcDbEntity
  8
0
100
AcDbLine
 10
244.05300000000216
 20
-283.9279999999995
 30
0.0
 11
243.68300000000215
 21
-283.3419999999995
 31
0.0
  0
LINE
  5
85A
330
17
100
AcDbEntity
  8
0
100
AcDbLine
 10
243.68300000000215
 20
-283.3419999999995
 30
0.0
 11
243.31300000000215
 21
-282.75599999999946
 31
0.0
  0
LINE
  5
85B
330
17
100
AcDbEntity
  8
0
100
AcDbLine
 10
243.31300000000215
 20
-282.75599999999946
 30
0.0
 11
242.94300000000214
 21
-282.16999999999945
 31
0.0
  0
LINE
  5
85C
330
17
100
AcDbEntity
  8
0
100
AcDbLine
 10
242.94300000000214
 20
-282.16999999999945
 30
0.0
 11
242.57300000000214
 21
-281.58399999999943
 31
0.0
  0
LINE
  5
85D
330
17
100
AcDbEntity
  8
0
100
AcDbLine
 10
242.57300000000214
 20
-281.58399999999943
 30
0.0
 11
242.20300000000213
 21
-280.9979999999994
 31
0.0
  0
LINE
  5
85E
330
17
100
AcDbEntity
  8
0
100
AcDbLine
 10
242.20300000000213
 20
-280.9979999999994
 30
0.0
 11
241.83300000000213
 21
-280.4119999999994
 31
0.0
  0
LINE
  5
85F
330
17
100
AcDbEntity
  8
0
100
AcDbLine
 10
241.83300000000213
 20
-280.4119999999994
 30
0.0
 11
241.46300000000213
 21
-279.8259999999994
 31
0.0
  0
LINE
  5
860
330
17
100
AcDbEntity
  8
0
100
AcDbLine
 10
241.46300000000213
 20
-279.8259999999994
 30
0.0
 11
241.09300000000212
 21
-279.2399999999994
 31
0.0
  0
LINE
  5
861
330
17
100
AcDbEntity
  8
0
100
AcDbLine
 10
241.09300000000212
 20
-279.2399999999994
 30
0.0
 11
240.72300000000212
 21
-278.65399999999937
 31
0.0
  0
LINE
  5
862
330
17
100
AcDbEntity
  8
0
100
AcDbLine
 10
240.72300000000212
 20
-278.65399999999937
 30
0.0
 11
240.3530000000021
 21
-278.06799999999936
 31
0.0
  0
LINE
  5
863
330
17
100
AcDbEntity
  8
0
100
AcDbLine
 10
240.3530000000021
 20
-278.06799999999936
 30
0.0
 11
239.9830000000021
 21
-277.48199999999935
 31
0.0
  0
LINE
  5
864
330
17
100
AcDbEntity
  8
0
100
AcDbLine
 10
239.9830000000021
 20
-277.48199999999935
 30
0.0
 11
239.6130000000021
 21
-276.89599999999933
 31
0.0
  0
LINE
  5
865
330
17
100
AcDbEntity
  8
0
100
AcDbLine
 10
239.6130000000021
 20
-276.89599999999933
 30
0.0
 11
239.2430000000021
 21
-276.3099999999993
 31
0.0
  0
LINE
  5
866
330
17
100
AcDbEntity
  8
0
100
AcDbLine
 10
239.2430000000021
 20
-276.3099999999993
 30
0.0
 11
238.8730000000021
 21
-275.7239999999993
 31
0.0
  0
LINE
  5
867
330
17
100
AcDbEntity
  8
0
100
AcDbLine
 10
238.8730000000021
 20
-275.7239999999993
 30
0.0
 11
238.5030000000021
 21
-275.1379999999993
 31
0.0
  0
LINE
  5
868
330
17
100
AcDbEntity
  8
0
100
AcDbLine
 10
238.5030000000021
 20
-275.1379999999993
 30
0.0
 11
238.13300000000208
 21
-274.5519999999993
 31
0.0
  0
LINE
  5
869
330
17
100
AcDbEntity
  8
0
100
AcDbLine
 10
238.13300000000208
 20
-274.5519999999993
 30
0.0
 11
237.76300000000208
 21
-273.96599999999927
 31
0.0
  0
LINE
  5
86A
330
17
100
AcDbEntity
  8
0
100
AcDbLine
 10
237.76300000000208
 20
-273.96599999999927
 30
0.0
 11
237.39300000000208
 21
-273.37999999999926
 31
0.0
  0
LINE
  5
86B
330
17
100
AcDbEntity
  8
0
100
AcDbLine
 10
237.39300000000208
 20
-273.37999999999926
 30
0.0
 11
237.02300000000207
 21
-272.79399999999924
 31
0.0
  0
LINE
  5
86C
330
17
100
AcDbEntity
  8
0
100
AcDbLine
 10
237.02300000000207
 20
-272.79399999999924
 30
0.0
 11
236.65300000000207
 21
-272.20799999999923
 31
0.0
  0
LINE
  5
86D
330
17
100
AcDbEntity
  8
0
100
AcDbLine
 10
236.65300000000207
 20
-272.20799999999923
 30
0.0
 11
236.28300000000206
 21
-271.6219999999992
 31
0.0
  0
LINE
  5
86E
330
17
100
AcDbEntity
  8
0
100
AcDbLine
 10
236.28300000000206
 20
-271.6219999999992
 30
0.0
 11
235.91300000000206
 21
-271.0359999999992
 31
0.0
  0
LINE
  5
86F
330
17
100
AcDbEntity
  8
0
100
AcDbLine
 10
235.91300000000206
 20
-271.0359999999992
 30
0.0
 11
235.76500000000206
 21
-270.8029999999992
 31
0.0
  0
LINE
  5
870
330
17
100
AcDbEntity
  8
0
100
AcDbLine
 10
235.76500000000206
 20
-270.8029999999992
 30
0.0
 11
235.61000000000206
 21
-270.5759999999992
 31
0.0
  0
LINE
  5
871
330
17
100
AcDbEntity
  8
0
100
AcDbLine
 10
235.61000000000206
 20
-270.5759999999992
 30
0.0
 11
235.44800000000205
 21
-270.3549999999992
 31
0.0
  0
LINE
  5
872
330
17
100
AcDbEntity
  8
0
100
AcDbLine
 10
235.44800000000205
 20
-270.3549999999992
 30
0.0
 11
235.28000000000205
 21
-270.13999999999925
 31
0.0
  0
LINE
  5
873
330
17
100
AcDbEntity
  8
0
100
AcDbLine
 10
235.28000000000205
 20
-270.13999999999925
 30
0.0
 11
235.10600000000204
 21
-269.93099999999924
 31
0.0
  0
LINE
  5
874
330
17
100
AcDbEntity
  8
0
100
AcDbLine
 10
235.10600000000204
 20
-269.93099999999924
 30
0.0
 11
234.92600000000203
 21
-269.72899999999925
 31
0.0
  0
LINE
  5
875
330
17
100
AcDbEntity
  8
0
100
AcDbLine
 10
234.92600000000203
 20
-269.72899999999925
 30
0.0
 11
234.74000000000203
 21
-269.5329999999992
 31
0.0
  0
LINE
  5
876
330
17
100
AcDbEntity
  8
0
100
AcDbLine
 10
234.74000000000203
 20
-269.5329999999992
 30
0.0
 11
234.54800000000202
 21
-269.3439999999992
 31
0.0
  0
LINE
  5
877
330
17
100
AcDbEntity
  8
0
100
AcDbLine
 10
234.54800000000202
 20
-269.3439999999992
 30
0.0
 11
234.350000000002
 21
-269.1609999999992
 31
0.0
  0
LINE
  5
878
330
17
100
AcDbEntity
  8
0
100
AcDbLine
 10
234.350000000002
 20
-269.1609999999992
 30
0.0
 11
234.147000000002
 21
-268.9849999999992
 31
0.0
  0
LINE
  5
879
330
17
100
AcDbEntity
  8
0
100
AcDbLine
 10
234.147000000002
 20
-268.9849999999992
 30
0.0
 11
233.939000000002
 21
-268.8149999999992
 31
0.0
  0
LINE
  5
87A
330
17
100
AcDbEntity
  8
0
100
AcDbLine
 10
233.939000000002
 20
-268.8149999999992
 30
0.0
 11
233.72600000000202
 21
-268.6519999999992
 31
0.0
  0
LINE
  5
87B
330
17
100
AcDbEntity
  8
0
100
AcDbLine
 10
233.72600000000202
 20
-268.6519999999992
 30
0.0
 11
233.50800000000203
 21
-268.4959999999992
 31
0.0
  0
LINE
  5
87C
330
17
100
AcDbEntity
  8
0
100
AcDbLine
 10
233.50800000000203
 20
-268.4959999999992
 30
0.0
 11
233.28500000000201
 21
-268.3469999999992
 31
0.0
  0
LINE
  5
87D
330
17
100
AcDbEntity
  8
0
100
AcDbLine
 10
233.28500000000201
 20
-268.3469999999992
 30
0.0
 11
233.058000000002
 21
-268.20599999999916
 31
0.0
  0
LINE
  5
87E
330
17
100
AcDbEntity
  8
0
100
AcDbLine
 10
233.058000000002
 20
-268.20599999999916
 30
0.0
 11
232.82700000000202
 21
-268.07199999999915
 31
0.0
  0
LINE
  5
87F
330
17
100
AcDbEntity
  8
0
100
AcDbLine
 10
232.82700000000202
 20
-268.07199999999915
 30
0.0
 11
232.59100000000203
 21
-267.94499999999914
 31
0.0
  0
LINE
  5
880
330
17
100
AcDbEntity
  8
0
100
AcDbLine
 10
232.59100000000203
 20
-267.94499999999914
 30
0.0
 11
232.35100000000202
 21
-267.8259999999991
 31
0.0
  0
LINE
  5
881
330
17
100
AcDbEntity
  8
0
100
AcDbLine
 10
232.35100000000202
 20
-267.8259999999991
 30
0.0
 11
232.10800000000202
 21
-267.7139999999991
 31
0.0
  0
LINE
  5
882
330
17
100
AcDbEntity
  8
0
100
AcDbLine
 10
232.10800000000202
 20
-267.7139999999991
 30
0.0
 11
231.861000000002
 21
-267.6099999999991
 31
0.0
  0
LINE
  5
883
330
17
100
AcDbEntity
  8
0
100
AcDbLine
 10
231.861000000002
 20
-267.6099999999991
 30
0.0
 11
231.611000000002
 21
-267.5139999999991
 31
0.0
  0
LINE
  5
884
330
17
100
AcDbEntity
  8
0
100
AcDbLine
 10
231.611000000002
 20
-267.5139999999991
 30
0.0
 11
231.35800000000202
 21
-267.4249999999991
 31
0.0
  0
LINE
  5
885
330
17
100
AcDbEntity
  8
0
100
AcDbLine
 10
231.35800000000202
 20
-267.4249999999991
 30
0.0
 11
231.10100000000202
 21
-267.3439999999991
 31
0.0
  0
LINE
  5
886
330
17
100
AcDbEntity
  8
0
100
AcDbLine
 10
231.10100000000202
 20
-267.3439999999991
 30
0.0
 11
230.84200000000203
 21
-267.2709999999991
 31
0.0
  0
LINE
  5
887
330
17
100
AcDbEntity
  8
0
100
AcDbLine
 10
230.84200000000203
 20
-267.2709999999991
 30
0.0
 11
230.58000000000203
 21
-267.2069999999991
 31
0.0
  0
LINE
  5
888
330
17
100
AcDbEntity
  8
0
100
AcDbLine
 10
230.58000000000203
 20
-267.2069999999991
 30
0.0
 11
230.31500000000204
 21
-267.1509999999991
 31
0.0
  0
LINE
  5
889
330
17
100
AcDbEntity
  8
0
100
AcDbLine
 10
230.31500000000204
 20
-267.1509999999991
 30
0.0
 11
230.04800000000205
 21
-267.1029999999991
 31
0.0
  0
LINE
  5
88A
330
17
100
AcDbEntity
  8
0
100
AcDbLine
 10
230.04800000000205
 20
-267.1029999999991
 30
0.0
 11
229.77900000000204
 21
-267.0639999999991
 31
0.0
  0
LINE
  5
88B
330
17
100
AcDbEntity
  8
0
100
AcDbLine
 10
229.77900000000204
 20
-267.0639999999991
 30
0.0
 11
229.50800000000206
 21
-267.0329999999991
 31
0.0
  0
LINE
  5
88C
330
17
100
AcDbEntity
  8
0
100
AcDbLine
 10
229.50800000000206
 20
-267.0329999999991
 30
0.0
 11
229.23500000000206
 21
-267.0109999999991
 31
0.0
  0
LINE
  5
88D
330
17
100
AcDbEntity
  8
0
100
AcDbLine
 10
229.23500000000206
 20
-267.0109999999991
 30
0.0
 11
228.96100000000206
 21
-266.99799999999914
 31
0.0
  0
LINE
  5
88E
330
17
100
AcDbEntity
  8
0
100
AcDbLine
 10
228.96100000000206
 20
-266.99799999999914
 30
0.0
 11
228.68500000000205
 21
-266.9939999999991
 31
0.0
  0
LINE
  5
88F
330
17
100
AcDbEntity
  8
0
100
AcDbLine
 10
228.68500000000205
 20
-266.9939999999991
 30
0.0
 11
223.79000000000204
 21
-267.0359999999991
 31
0.0
  0
LINE
  5
890
330
17
100
AcDbEntity
  8
0
100
AcDbLine
 10
223.79000000000204
 20
-267.0359999999991
 30
0.0
 11
218.89500000000203
 21
-267.07799999999907
 31
0.0
  0
LINE
  5
891
330
17
100
AcDbEntity
  8
0
100
AcDbLine
 10
218.89500000000203
 20
-267.07799999999907
 30
0.0
 11
214.00000000000202
 21
-267.11999999999904
 31
0.0
  0
LINE
  5
892
330
17
100
AcDbEntity
  8
0
100
AcDbLine
 10
214.00000000000202
 20
-267.11999999999904
 30
0.0
 11
209.105000000002
 21
-267.161999999999
 31
0.0
  0
LINE
  5
893
330
17
100
AcDbEntity
  8
0
100
AcDbLine
 10
209.105000000002
 20
-267.161999999999
 30
0.0
 11
204.210000000002
 21
-267.203999999999
 31
0.0
  0
LINE
  5
894
330
17
100
AcDbEntity
  8
0
100
AcDbLine
 10
204.210000000002
 20
-267.203999999999
 30
0.0
 11
199.315000000002
 21
-267.24599999999896
 31
0.0
  0
LINE
  5
895
330
17
100
AcDbEntity
  8
0
100
AcDbLine
 10
199.315000000002
 20
-267.24599999999896
 30
0.0
 11
194.42000000000198
 21
-267.28799999999893
 31
0.0
  0
LINE
  5
896
330
17
100
AcDbEntity
  8
0
100
AcDbLine
 10
194.42000000000198
 20
-267.28799999999893
 30
0.0
 11
189.52500000000197
 21
-267.3299999999989
 31
0.0
  0
LINE
  5
897
330
17
100
AcDbEntity
  8
0
100
AcDbLine
 10
189.52500000000197
 20
-267.3299999999989
 30
0.0
 11
184.63000000000196
 21
-267.3719999999989
 31
0.0
  0
LINE
  5
898
330
17
100
AcDbEntity
  8
0
100
AcDbLine
 10
184.63000000000196
 20
-267.3719999999989
 30
0.0
 11
179.73500000000195
 21
-267.41399999999885
 31
0.0
  0
LINE
  5
899
330
17
100
AcDbEntity
  8
0
100
AcDbLine
 10
179.73500000000195
 20
-267.41399999999885
 30
0.0
 11
174.84000000000194
 21
-267.4559999999988
 31
0.0
  0
LINE
  5
89A
330
17
100
AcDbEntity
  8
0
100
AcDbLine
 10
174.84000000000194
 20
-267.4559999999988
 30
0.0
 11
169.94500000000193
 21
-267.4979999999988
 31
0.0
  0
LINE
  5
89B
330
17
100
AcDbEntity
  8
0
100
AcDbLine
 10
169.94500000000193
 20
-267.4979999999988
 30
0.0
 11
165.05000000000192
 21
-267.53999999999877
 31
0.0
  0
LINE
  5
89C
330
17
100
AcDbEntity
  8
0
100
AcDbLine
 10
165.05000000000192
 20
-267.53999999999877
 30
0.0
 11
160.1550000000019
 21
-267.58199999999874
 31
0.0
  0
LINE
  5
89D
330
17
100
AcDbEntity
  8
0
100
AcDbLine
 10
160.1550000000019
 20
-267.58199999999874
 30
0.0
 11
155.2600000000019
 21
-267.6239999999987
 31
0.0
  0
LINE
  5
89E
330
17
100
AcDbEntity
  8
0
100
AcDbLine
 10
155.2600000000019
 20
-267.6239999999987
 30
0.0
 11
150.36500000000188
 21
-267.6659999999987
 31
0.0
  0
LINE
  5
89F
330
17
100
AcDbEntity
  8
0
100
AcDbLine
 10
150.36500000000188
 20
-267.6659999999987
 30
0.0
 11
145.47000000000187
 21
-267.70799999999866
 31
0.0
  0
LINE
  5
8A0
330
17
100
AcDbEntity
  8
0
100
AcDbLine
 10
145.47000000000187
 20
-267.70799999999866
 30
0.0
 11
140.57500000000186
 21
-267.74999999999864
 31
0.0
  0
LINE
  5
8A1
330
17
100
AcDbEntity
  8
0
100
AcDbLine
 10
140.57500000000186
 20
-267.74999999999864
 30
0.0
 11
135.68000000000185
 21
-267.7919999999986
 31
0.0
  0
LINE
  5
8A2
330
17
100
AcDbEntity
  8
0
100
AcDbLine
 10
135.68000000000185
 20
-267.7919999999986
 30
0.0
 11
130.78500000000184
 21
-267.8339999999986
 31
0.0
  0
LINE
  5
8A3
330
17
100
AcDbEntity
  8
0
100
AcDbLine
 10
130.78500000000184
 20
-267.8339999999986
 30
0.0
 11
125.89000000000185
 21
-267.87599999999856
 31
0.0
  0
LINE
  5
8A4
330
17
100
AcDbEntity
  8
0
100
AcDbLine
 10
125.89000000000185
 20
-267.87599999999856
 30
0.0
 11
120.99500000000185
 21
-267.91799999999853
 31
0.0
  0
LINE
  5
8A5
330
17
100
AcDbEntity
  8
0
100
AcDbLine
 10
120.99500000000185
 20
-267.91799999999853
 30
0.0
 11
116.10000000000186
 21
-267.9599999999985
 31
0.0
  0
LINE
  5
8A6
330
17
100
AcDbEntity
  8
0
100
AcDbLine
 10
116.10000000000186
 20
-267.9599999999985
 30
0.0
 11
111.20500000000186
 21
-268.0019999999985
 31
0.0
  0
LINE
  5
8A7
330
17
100
AcDbEntity
  8
0
100
AcDbLine
 10
111.20500000000186
 20
-268.0019999999985
 30
0.0
 11
106.31000000000186
 21
-268.04399999999845
 31
0.0
  0
LINE
  5
8A8
330
17
100
AcDbEntity
  8
0
100
AcDbLine
 10
106.31000000000186
 20
-268.04399999999845
 30
0.0
 11
101.41500000000187
 21
-268.0859999999984
 31
0.0
  0
LINE
  5
8A9
330
17
100
AcDbEntity
  8
0
100
AcDbLine
 10
101.41500000000187
 20
-268.0859999999984
 30
0.0
 11
96.52000000000187
 21
-268.1279999999984
 31
0.0
  0
LINE
  5
8AA
330
17
100
AcDbEntity
  8
0
100
AcDbLine
 10
96.52000000000187
 20
-268.1279999999984
 30
0.0
 11
91.62500000000188
 21
-268.16999999999837
 31
0.0
  0
LINE
  5
8AB
330
17
100
AcDbEntity
  8
0
100
AcDbLine
 10
91.62500000000188
 20
-268.16999999999837
 30
0.0
 11
86.73000000000188
 21
-268.21199999999834
 31
0.0
  0
LINE
  5
8AC
330
17
100
AcDbEntity
  8
0
100
AcDbLine
 10
86.73000000000188
 20
-268.21199999999834
 30
0.0
 11
81.83500000000188
 21
-268.2539999999983
 31
0.0
  0
LINE
  5
8AD
330
17
100
AcDbEntity
  8
0
100
AcDbLine
 10
81.83500000000188
 20
-268.2539999999983
 30
0.0
 11
76.94000000000189
 21
-268.2959999999983
 31
0.0
  0
LINE
  5
8AE
330
17
100
AcDbEntity
  8
0
100
AcDbLine
 10
76.94000000000189
 20
-268.2959999999983
 30
0.0
 11
72.04500000000189
 21
-268.33799999999826
 31
0.0
  0
LINE
  5
8AF
330
17
100
AcDbEntity
  8
0
100
AcDbLine
 10
72.04500000000189
 20
-268.33799999999826
 30
0.0
 11
72.6710000000019
 21
-269.4259999999983
 31
0.0
  0
LINE
  5
8B0
330
17
100
AcDbEntity
  8
0
100
AcDbLine
 10
72.6710000000019
 20
-269.4259999999983
 30
0.0
 11
73.2970000000019
 21
-270.5139999999983
 31
0.0
  0
LINE
  5
8B1
330
17
100
AcDbEntity
  8
0
100
AcDbLine
 10
73.2970000000019
 20
-270.5139999999983
 30
0.0
 11
73.9230000000019
 21
-271.6019999999983
 31
0.0
  0
LINE
  5
8B2
330
17
100
AcDbEntity
  8
0
100
AcDbLine
 10
73.9230000000019
 20
-271.6019999999983
 30
0.0
 11
74.54900000000191
 21
-272.68999999999835
 31
0.0
  0
LINE
  5
8B3
330
17
100
AcDbEntity
  8
0
100
AcDbLine
 10
74.54900000000191
 20
-272.68999999999835
 30
0.0
 11
75.17500000000192
 21
-273.77799999999837
 31
0.0
  0
LINE
  5
8B4
330
17
100
AcDbEntity
  8
0
100
AcDbLine
 10
75.17500000000192
 20
-273.77799999999837
 30
0.0
 11
75.80100000000192
 21
-274.8659999999984
 31
0.0
  0
LINE
  5
8B5
330
17
100
AcDbEntity
  8
0
100
AcDbLine
 10
75.80100000000192
 20
-274.8659999999984
 30
0.0
 11
76.42700000000193
 21
-275.9539999999984
 31
0.0
  0
LINE
  5
8B6
330
17
100
AcDbEntity
  8
0
100
AcDbLine
 10
76.42700000000193
 20
-275.9539999999984
 30
0.0
 11
77.05300000000193
 21
-277.04199999999844
 31
0.0
  0
LINE
  5
8B7
330
17
100
AcDbEntity
  8
0
100
AcDbLine
 10
77.05300000000193
 20
-277.04199999999844
 30
0.0
 11
77.67900000000193
 21
-278.12999999999846
 31
0.0
  0
LINE
  5
8B8
330
17
100
AcDbEntity
  8
0
100
AcDbLine
 10
77.67900000000193
 20
-278.12999999999846
 30
0.0
 11
78.30500000000194
 21
-279.2179999999985
 31
0.0
  0
LINE
  5
8B9
330
17
100
AcDbEntity
  8
0
100
AcDbLine
 10
78.30500000000194
 20
-279.2179999999985
 30
0.0
 11
78.93100000000194
 21
-280.3059999999985
 31
0.0
  0
LINE
  5
8BA
330
17
100
AcDbEntity
  8
0
100
AcDbLine
 10
78.93100000000194
 20
-280.3059999999985
 30
0.0
 11
79.55700000000195
 21
-281.3939999999985
 31
0.0
  0
LINE
  5
8BB
330
17
100
AcDbEntity
  8
0
100
AcDbLine
 10
79.55700000000195
 20
-281.3939999999985
 30
0.0
 11
80.18300000000195
 21
-282.48199999999855
 31
0.0
  0
LINE
  5
8BC
330
17
100
AcDbEntity
  8
0
100
AcDbLine
 10
80.18300000000195
 20
-282.48199999999855
 30
0.0
 11
80.80900000000196
 21
-283.5699999999986
 31
0.0
  0
LINE
  5
8BD
330
17
100
AcDbEntity
  8
0
100
AcDbLine
 10
80.80900000000196
 20
-283.5699999999986
 30
0.0
 11
81.43500000000196
 21
-284.6579999999986
 31
0.0
  0
LINE
  5
8BE
330
17
100
AcDbEntity
  8
0
100
AcDbLine
 10
81.43500000000196
 20
-284.6579999999986
 30
0.0
 11
82.06100000000197
 21
-285.7459999999986
 31
0.0
  0
LINE
  5
8BF
330
17
100
AcDbEntity
  8
0
100
AcDbLine
 10
82.06100000000197
 20
-285.7459999999986
 30
0.0
 11
82.68700000000197
 21
-286.83399999999864
 31
0.0
  0
LINE
  5
8C0
330
17
100
AcDbEntity
  8
0
100
AcDbLine
 10
82.68700000000197
 20
-286.83399999999864
 30
0.0
 11
83.31300000000198
 21
-287.92199999999866
 31
0.0
  0
LINE
  5
8C1
330
17
100
AcDbEntity
  8
0
100
AcDbLine
 10
83.31300000000198
 20
-287.92199999999866
 30
0.0
 11
83.93900000000198
 21
-289.0099999999987
 31
0.0
  0
LINE
  5
8C2
330
17
100
AcDbEntity
  8
0
100
AcDbLine
 10
83.93900000000198
 20
-289.0099999999987
 30
0.0
 11
84.56500000000199
 21
-290.0979999999987
 31
0.0
  0
LINE
  5
8C3
330
17
100
AcDbEntity
  8
0
100
AcDbLine
 10
84.56500000000199
 20
-290.0979999999987
 30
0.0
 11
85.19100000000199
 21
-291.1859999999987
 31
0.0
  0
LINE
  5
8C4
330
17
100
AcDbEntity
  8
0
100
AcDbLine
 10
85.19100000000199
 20
-291.1859999999987
 30
0.0
 11
85.817000000002
 21
-292.27399999999875
 31
0.0
  0
LINE
  5
8C5
330
17
100
AcDbEntity
  8
0
100
AcDbLine
 10
85.817000000002
 20
-292.27399999999875
 30
0.0
 11
86.443000000002
 21
-293.3619999999988
 31
0.0
  0
LINE
  5
8C6
330
17
100
AcDbEntity
  8
0
100
AcDbLine
 10
86.443000000002
 20
-293.3619999999988
 30
0.0
 11
87.069000000002
 21
-294.4499999999988
 31
0.0
  0
LINE
  5
8C7
330
17
100
AcDbEntity
  8
0
100
AcDbLine
 10
87.069000000002
 20
-294.4499999999988
 30
0.0
 11
87.69500000000201
 21
-295.5379999999988
 31
0.0
  0
LINE
  5
8C8
330
17
100
AcDbEntity
  8
0
100
AcDbLine
 10
87.69500000000201
 20
-295.5379999999988
 30
0.0
 11
88.32100000000202
 21
-296.62599999999884
 31
0.0
  0
LINE
  5
8C9
330
17
100
AcDbEntity
  8
0
100
AcDbLine
 10
88.32100000000202
 20
-296.62599999999884
 30
0.0
 11
88.94700000000202
 21
-297.71399999999886
 31
0.0
  0
LINE
  5
8CA
330
17
100
AcDbEntity
  8
0
100
AcDbLine
 10
88.94700000000202
 20
-297.71399999999886
 30
0.0
 11
89.57300000000203
 21
-298.8019999999989
 31
0.0
  0
LINE
  5
8CB
330
17
100
AcDbEntity
  8
0
100
AcDbLine
 10
89.57300000000203
 20
-298.8019999999989
 30
0.0
 11
90.19900000000203
 21
-299.8899999999989
 31
0.0
  0
LINE
  5
8CC
330
17
100
AcDbEntity
  8
0
100
AcDbLine
 10
90.19900000000203
 20
-299.8899999999989
 30
0.0
 11
90.82500000000203
 21
-300.97799999999893
 31
0.0
  0
LINE
  5
8CD
330
17
100
AcDbEntity
  8
0
100
AcDbLine
 10
90.82500000000203
 20
-300.97799999999893
 30
0.0
 11
91.45100000000204
 21
-302.06599999999895
 31
0.0
  0
LINE
  5
8CE
330
17
100
AcDbEntity
  8
0
100
AcDbLine
 10
91.45100000000204
 20
-302.06599999999895
 30
0.0
 11
92.07700000000204
 21
-303.153999999999
 31
0.0
  0
LINE
  5
8CF
330
17
100
AcDbEntity
  8
0
100
AcDbLine
 10
92.07700000000204
 20
-303.153999999999
 30
0.0
 11
92.20300000000205
 21
-303.153999999999
 31
0.0
  0
LINE
  5
8D0
330
17
100
AcDbEntity
  8
0
100
AcDbLine
 10
92.20300000000205
 20
-303.153999999999
 30
0.0
 11
92.32900000000205
 21
-303.153999999999
 31
0.0
  0
LINE
  5
8D1
330
17
100
AcDbEntity
  8
0
100
AcDbLine
 10
92.32900000000205
 20
-303.153999999999
 30
0.0
 11
92.45500000000206
 21
-303.153999999999
 31
0.0
  0
LINE
  5
8D2
330
17
100
AcDbEntity
  8
0
100
AcDbLine
 10
92.45500000000206
 20
-303.153999999999
 30
0.0
 11
92.58100000000206
 21
-303.153999999999
 31
0.0
  0
LINE
  5
8D3
330
17
100
AcDbEntity
  8
0
100
AcDbLine
 10
92.58100000000206
 20
-303.153999999999
 30
0.0
 11
92.70700000000207
 21
-303.153999999999
 31
0.0
  0
LINE
  5
8D4
330
17
100
AcDbEntity
  8
0
100
AcDbLine
 10
92.70700000000207
 20
-303.153999999999
 30
0.0
 11
92.83300000000207
 21
-303.153999999999
 31
0.0
  0
LINE
  5
8D5
330
17
100
AcDbEntity
  8
0
100
AcDbLine
 10
92.83300000000207
 20
-303.153999999999
 30
0.0
 11
92.95900000000208
 21
-303.153999999999
 31
0.0
  0
LINE
  5
8D6
330
17
100
AcDbEntity
  8
0
100
AcDbLine
 10
92.95900000000208
 20
-303.153999999999
 30
0.0
 11
93.08500000000208
 21
-303.153999999999
 31
0.0
  0
LINE
  5
8D7
330
17
100
AcDbEntity
  8
0
100
AcDbLine
 10
93.08500000000208
 20
-303.153999999999
 30
0.0
 11
93.21100000000209
 21
-303.153999999999
 31
0.0
  0
LINE
  5
8D8
330
17
100
AcDbEntity
  8
0
100
AcDbLine
 10
93.21100000000209
 20
-303.153999999999
 30
0.0
 11
93.33700000000209
 21
-303.153999999999
 31
0.0
  0
LINE
  5
8D9
330
17
100
AcDbEntity
  8
0
100
AcDbLine
 10
93.33700000000209
 20
-303.153999999999
 30
0.0
 11
93.4630000000021
 21
-303.153999999999
 31
0.0
  0
LINE
  5
8DA
330
17
100
AcDbEntity
  8
0
100
AcDbLine
 10
93.4630000000021
 20
-303.153999999999
 30
0.0
 11
93.5890000000021
 21
-303.153999999999
 31
0.0
  0
LINE
  5
8DB
330
17
100
AcDbEntity
  8
0
100
AcDbLine
 10
93.5890000000021
 20
-303.153999999999
 30
0.0
 11
93.7150000000021
 21
-303.153999999999
 31
0.0
  0
LINE
  5
8DC
330
17
100
AcDbEntity
  8
0
100
AcDbLine
 10
93.7150000000021
 20
-303.153999999999
 30
0.0
 11
93.84100000000211
 21
-303.153999999999
 31
0.0
  0
LINE
  5
8DD
330
17
100
AcDbEntity
  8
0
100
AcDbLine
 10
93.84100000000211
 20
-303.153999999999
 30
0.0
 11
93.96700000000212
 21
-303.153999999999
 31
0.0
  0
LINE
  5
8DE
330
17
100
AcDbEntity
  8
0
100
AcDbLine
 10
93.96700000000212
 20
-303.153999999999
 30
0.0
 11
94.09300000000212
 21
-303.153999999999
 31
0.0
  0
LINE
  5
8DF
330
17
100
AcDbEntity
  8
0
100
AcDbLine
 10
94.09300000000212
 20
-303.153999999999
 30
0.0
 11
94.21900000000213
 21
-303.153999999999
 31
0.0
  0
LINE
  5
8E0
330
17
100
AcDbEntity
  8
0
100
AcDbLine
 10
94.21900000000213
 20
-303.153999999999
 30
0.0
 11
94.34500000000213
 21
-303.153999999999
 31
0.0
  0
LINE
  5
8E1
330
17
100
AcDbEntity
  8
0
100
AcDbLine
 10
94.34500000000213
 20
-303.153999999999
 30
0.0
 11
94.47100000000214
 21
-303.153999999999
 31
0.0
  0
LINE
  5
8E2
330
17
100
AcDbEntity
  8
0
100
AcDbLine
 10
94.47100000000214
 20
-303.153999999999
 30
0.0
 11
94.59700000000214
 21
-303.153999999999
 31
0.0
  0
LINE
  5
8E3
330
17
100
AcDbEntity
  8
0
100
AcDbLine
 10
94.59700000000214
 20
-303.153999999999
 30
0.0
 11
94.72300000000214
 21
-303.153999999999
 31
0.0
  0
LINE
  5
8E4
330
17
100
AcDbEntity
  8
0
100
AcDbLine
 10
94.72300000000214
 20
-303.153999999999
 30
0.0
 11
94.84900000000215
 21
-303.153999999999
 31
0.0
  0
LINE
  5
8E5
330
17
100
AcDbEntity
  8
0
100
AcDbLine
 10
94.84900000000215
 20
-303.153999999999
 30
0.0
 11
94.97500000000215
 21
-303.153999999999
 31
0.0
  0
LINE
  5
8E6
330
17
100
AcDbEntity
  8
0
100
AcDbLine
 10
94.97500000000215
 20
-303.153999999999
 30
0.0
 11
95.10100000000216
 21
-303.153999999999
 31
0.0
  0
LINE
  5
8E7
330
17
100
AcDbEntity
  8
0
100
AcDbLine
 10
95.10100000000216
 20
-303.153999999999
 30
0.0
 11
95.22700000000216
 21
-303.153999999999
 31
0.0
  0
LINE
  5
8E8
330
17
100
AcDbEntity
  8
0
100
AcDbLine
 10
95.22700000000216
 20
-303.153999999999
 30
0.0
 11
95.35300000000217
 21
-303.153999999999
 31
0.0
  0
LINE
  5
8E9
330
17
100
AcDbEntity
  8
0
100
AcDbLine
 10
95.35300000000217
 20
-303.153999999999
 30
0.0
 11
95.47900000000217
 21
-303.153999999999
 31
0.0
  0
LINE
  5
8EA
330
17
100
AcDbEntity
  8
0
100
AcDbLine
 10
95.47900000000217
 20
-303.153999999999
 30
0.0
 11
95.60500000000218
 21
-303.153999999999
 31
0.0
  0
LINE
  5
8EB
330
17
100
AcDbEntity
  8
0
100
AcDbLine
 10
95.60500000000218
 20
-303.153999999999
 30
0.0
 11
95.73100000000218
 21
-303.153999999999
 31
0.0
  0
LINE
  5
8EC
330
17
100
AcDbEntity
  8
0
100
AcDbLine
 10
95.73100000000218
 20
-303.153999999999
 30
0.0
 11
95.85700000000219
 21
-303.153999999999
 31
0.0
  0
LINE
  5
8ED
330
17
100
AcDbEntity
  8
0
100
AcDbLine
 10
95.85700000000219
 20
-303.153999999999
 30
0.0
 11
95.98300000000219
 21
-303.153999999999
 31
0.0
  0
LINE
  5
8EE
330
17
100
AcDbEntity
  8
0
100
AcDbLine
 10
95.98300000000219
 20
-303.153999999999
 30
0.0
 11
96.1090000000022
 21
-303.153999999999
 31
0.0
  0
LINE
  5
8EF
330
17
100
AcDbEntity
  8
0
100
AcDbLine
 10
96.1090000000022
 20
-303.153999999999
 30
0.0
 11
96.1120000000022
 21
-303.085999999999
 31
0.0
  0
LINE
  5
8F0
330
17
100
AcDbEntity
  8
0
100
AcDbLine
 10
96.1120000000022
 20
-303.085999999999
 30
0.0
 11
96.1150000000022
 21
-303.017999999999
 31
0.0
  0
LINE
  5
8F1
330
17
100
AcDbEntity
  8
0
100
AcDbLine
 10
96.1150000000022
 20
-303.017999999999
 30
0.0
 11
96.1180000000022
 21
-302.949999999999
 31
0.0
  0
LINE
  5
8F2
330
17
100
AcDbEntity
  8
0
100
AcDbLine
 10
96.1180000000022
 20
-302.949999999999
 30
0.0
 11
96.1210000000022
 21
-302.88199999999904
 31
0.0
  0
LINE
  5
8F3
330
17
100
AcDbEntity
  8
0
100
AcDbLine
 10
96.1210000000022
 20
-302.88199999999904
 30
0.0
 11
96.1240000000022
 21
-302.81399999999906
 31
0.0
  0
LINE
  5
8F4
330
17
100
AcDbEntity
  8
0
100
AcDbLine
 10
96.1240000000022
 20
-302.81399999999906
 30
0.0
 11
96.1270000000022
 21
-302.74599999999907
 31
0.0
  0
LINE
  5
8F5
330
17
100
AcDbEntity
  8
0
100
AcDbLine
 10
96.1270000000022
 20
-302.74599999999907
 30
0.0
 11
96.1300000000022
 21
-302.6779999999991
 31
0.0
  0
LINE
  5
8F6
330
17
100
AcDbEntity
  8
0
100
AcDbLine
 10
96.1300000000022
 20
-302.6779999999991
 30
0.0
 11
96.1330000000022
 21
-302.6099999999991
 31
0.0
  0
LINE
  5
8F7
330
17
100
AcDbEntity
  8
0
100
AcDbLine
 10
96.1330000000022
 20
-302.6099999999991
 30
0.0
 11
96.1360000000022
 21
-302.5419999999991
 31
0.0
  0
LINE
  5
8F8
330
17
100
AcDbEntity
  8
0
100
AcDbLine
 10
96.1360000000022
 20
-302.5419999999991
 30
0.0
 11
96.1390000000022
 21
-302.47399999999914
 31
0.0
  0
LINE
  5
8F9
330
17
100
AcDbEntity
  8
0
100
AcDbLine
 10
96.1390000000022
 20
-302.47399999999914
 30
0.0
 11
96.1420000000022
 21
-302.40599999999915
 31
0.0
  0
LINE
  5
8FA
330
17
100
AcDbEntity
  8
0
100
AcDbLine
 10
96.1420000000022
 20
-302.40599999999915
 30
0.0
 11
96.1450000000022
 21
-302.33799999999917
 31
0.0
  0
LINE
  5
8FB
330
17
100
AcDbEntity
  8
0
100
AcDbLine
 10
96.1450000000022
 20
-302.33799999999917
 30
0.0
 11
96.1480000000022
 21
-302.2699999999992
 31
0.0
  0
LINE
  5
8FC
330
17
100
AcDbEntity
  8
0
100
AcDbLine
 10
96.1480000000022
 20
-302.2699999999992
 30
0.0
 11
96.1510000000022
 21
-302.2019999999992
 31
0.0
  0
LINE
  5
8FD
330
17
100
AcDbEntity
  8
0
100
AcDbLine
 10
96.1510000000022
 20
-302.2019999999992
 30
0.0
 11
96.1540000000022
 21
-302.1339999999992
 31
0.0
  0
LINE
  5
8FE
330
17
100
AcDbEntity
  8
0
100
AcDbLine
 10
96.1540000000022
 20
-302.1339999999992
 30
0.0
 11
96.1570000000022
 21
-302.06599999999924
 31
0.0
  0
LINE
  5
8FF
330
17
100
AcDbEntity
  8
0
100
AcDbLine
 10
96.1570000000022
 20
-302.06599999999924
 30
0.0
 11
96.1600000000022
 21
-301.99799999999925
 31
0.0
  0
LINE
  5
900
330
17
100
AcDbEntity
  8
0
100
AcDbLine
 10
96.1600000000022
 20
-301.99799999999925
 30
0.0
 11
96.1630000000022
 21
-301.92999999999927
 31
0.0
  0
LINE
  5
901
330
17
100
AcDbEntity
  8
0
100
AcDbLine
 10
96.1630000000022
 20
-301.92999999999927
 30
0.0
 11
96.1660000000022
 21
-301.8619999999993
 31
0.0
  0
LINE
  5
902
330
17
100
AcDbEntity
  8
0
100
AcDbLine
 10
96.1660000000022
 20
-301.8619999999993
 30
0.0
 11
96.1690000000022
 21
-301.7939999999993
 31
0.0
  0
LINE
  5
903
330
17
100
AcDbEntity
  8
0
100
AcDbLine
 10
96.1690000000022
 20
-301.7939999999993
 30
0.0
 11
96.1720000000022
 21
-301.7259999999993
 31
0.0
  0
LINE
  5
904
330
17
100
AcDbEntity
  8
0
100
AcDbLine
 10
96.1720000000022
 20
-301.7259999999993
 30
0.0
 11
96.1750000000022
 21
-301.65799999999933
 31
0.0
  0
LINE
  5
905
330
17
100
AcDbEntity
  8
0
100
AcDbLine
 10
96.1750000000022
 20
-301.65799999999933
 30
0.0
 11
96.1780000000022
 21
-301.58999999999935
 31
0.0
  0
LINE
  5
906
330
17
100
AcDbEntity
  8
0
100
AcDbLine
 10
96.1780000000022
 20
-301.58999999999935
 30
0.0
 11
96.1810000000022
 21
-301.52199999999937
 31
0.0
  0
LINE
  5
907
330
17
100
AcDbEntity
  8
0
100
AcDbLine
 10
96.1810000000022
 20
-301.52199999999937
 30
0.0
 11
96.1840000000022
 21
-301.4539999999994
 31
0.0
  0
LINE
  5
908
330
17
100
AcDbEntity
  8
0
100
AcDbLine
 10
96.1840000000022
 20
-301.4539999999994
 30
0.0
 11
96.1870000000022
 21
-301.3859999999994
 31
0.0
  0
LINE
  5
909
330
17
100
AcDbEntity
  8
0
100
AcDbLine
 10
96.1870000000022
 20
-301.3859999999994
 30
0.0
 11
96.1900000000022
 21
-301.3179999999994
 31
0.0
  0
LINE
  5
90A
330
17
100
AcDbEntity
  8
0
100
AcDbLine
 10
96.1900000000022
 20
-301.3179999999994
 30
0.0
 11
96.1930000000022
 21
-301.24999999999943
 31
0.0
  0
LINE
  5
90B
330
17
100
AcDbEntity
  8
0
100
AcDbLine
 10
96.1930000000022
 20
-301.24999999999943
 30
0.0
 11
96.1960000000022
 21
-301.18199999999945
 31
0.0
  0
LINE
  5
90C
330
17
100
AcDbEntity
  8
0
100
AcDbLine
 10
96.1960000000022
 20
-301.18199999999945
 30
0.0
 11
96.1990000000022
 21
-301.11399999999946
 31
0.0
  0
LINE
  5
90D
330
17
100
AcDbEntity
  8
0
100
AcDbLine
 10
96.1990000000022
 20
-301.11399999999946
 30
0.0
 11
96.2020000000022
 21
-301.0459999999995
 31
0.0
  0
LINE
  5
90E
330
17
100
AcDbEntity
  8
0
100
AcDbLine
 10
96.2020000000022
 20
-301.0459999999995
 30
0.0
 11
96.2050000000022
 21
-300.9779999999995
 31
0.0
  0
LINE
  5
90F
330
17
100
AcDbEntity
  8
0
100
AcDbLine
 10
96.2050000000022
 20
-300.9779999999995
 30
0.0
 11
96.2210000000022
 21
-300.7599999999995
 31
0.0
  0
LINE
  5
910
330
17
100
AcDbEntity
  8
0
100
AcDbLine
 10
96.2210000000022
 20
-300.7599999999995
 30
0.0
 11
96.2470000000022
 21
-300.5449999999995
 31
0.0
  0
LINE
  5
911
330
17
100
AcDbEntity
  8
0
100
AcDbLine
 10
96.2470000000022
 20
-300.5449999999995
 30
0.0
 11
96.2830000000022
 21
-300.3329999999995
 31
0.0
  0
LINE
  5
912
330
17
100
AcDbEntity
  8
0
100
AcDbLine
 10
96.2830000000022
 20
-300.3329999999995
 30
0.0
 11
96.32900000000221
 21
-300.1249999999995
 31
0.0
  0
LINE
  5
913
330
17
100
AcDbEntity
  8
0
100
AcDbLine
 10
96.32900000000221
 20
-300.1249999999995
 30
0.0
 11
96.38500000000221
 21
-299.9209999999995
 31
0.0
  0
LINE
  5
914
330
17
100
AcDbEntity
  8
0
100
AcDbLine
 10
96.38500000000221
 20
-299.9209999999995
 30
0.0
 11
96.4500000000022
 21
-299.7209999999995
 31
0.0
  0
LINE
  5
915
330
17
100
AcDbEntity
  8
0
100
AcDbLine
 10
96.4500000000022
 20
-299.7209999999995
 30
0.0
 11
96.5240000000022
 21
-299.52499999999947
 31
0.0
  0
LINE
  5
916
330
17
100
AcDbEntity
  8
0
100
AcDbLine
 10
96.5240000000022
 20
-299.52499999999947
 30
0.0
 11
96.6070000000022
 21
-299.3339999999995
 31
0.0
  0
LINE
  5
917
330
17
100
AcDbEntity
  8
0
100
AcDbLine
 10
96.6070000000022
 20
-299.3339999999995
 30
0.0
 11
96.6980000000022
 21
-299.1479999999995
 31
0.0
  0
LINE
  5
918
330
17
100
AcDbEntity
  8
0
100
AcDbLine
 10
96.6980000000022
 20
-299.1479999999995
 30
0.0
 11
96.79800000000219
 21
-298.96699999999953
 31
0.0
  0
LINE
  5
919
330
17
100
AcDbEntity
  8
0
100
AcDbLine
 10
96.79800000000219
 20
-298.96699999999953
 30
0.0
 11
96.9060000000022
 21
-298.79099999999954
 31
0.0
  0
LINE
  5
91A
330
17
100
AcDbEntity
  8
0
100
AcDbLine
 10
96.9060000000022
 20
-298.79099999999954
 30
0.0
 11
97.0220000000022
 21
-298.6209999999995
 31
0.0
  0
LINE
  5
91B
330
17
100
AcDbEntity
  8
0
100
AcDbLine
 10
97.0220000000022
 20
-298.6209999999995
 30
0.0
 11
97.1450000000022
 21
-298.4559999999995
 31
0.0
  0
LINE
  5
91C
330
17
100
AcDbEntity
  8
0
100
AcDbLine
 10
97.1450000000022
 20
-298.4559999999995
 30
0.0
 11
97.2750000000022
 21
-298.2969999999995
 31
0.0
  0
LINE
  5
91D
330
17
100
AcDbEntity
  8
0
100
AcDbLine
 10
97.2750000000022
 20
-298.2969999999995
 30
0.0
 11
97.4120000000022
 21
-298.1449999999995
 31
0.0
  0
LINE
  5
91E
330
17
100
AcDbEntity
  8
0
100
AcDbLine
 10
97.4120000000022
 20
-298.1449999999995
 30
0.0
 11
97.5560000000022
 21
-297.9989999999995
 31
0.0
  0
LINE
  5
91F
330
17
100
AcDbEntity
  8
0
100
AcDbLine
 10
97.5560000000022
 20
-297.9989999999995
 30
0.0
 11
97.7070000000022
 21
-297.8599999999995
 31
0.0
  0
LINE
  5
920
330
17
100
AcDbEntity
  8
0
100
AcDbLine
 10
97.7070000000022
 20
-297.8599999999995
 30
0.0
 11
97.86400000000219
 21
-297.7279999999995
 31
0.0
  0
LINE
  5
921
330
17
100
AcDbEntity
  8
0
100
AcDbLine
 10
97.86400000000219
 20
-297.7279999999995
 30
0.0
 11
98.02700000000219
 21
-297.6029999999995
 31
0.0
  0
LINE
  5
922
330
17
100
AcDbEntity
  8
0
100
AcDbLine
 10
98.02700000000219
 20
-297.6029999999995
 30
0.0
 11
98.19600000000219
 21
-297.4859999999995
 31
0.0
  0
LINE
  5
923
330
17
100
AcDbEntity
  8
0
100
AcDbLine
 10
98.19600000000219
 20
-297.4859999999995
 30
0.0
 11
98.3700000000022
 21
-297.3769999999995
 31
0.0
  0
LINE
  5
924
330
17
100
AcDbEntity
  8
0
100
AcDbLine
 10
98.3700000000022
 20
-297.3769999999995
 30
0.0
 11
98.5500000000022
 21
-297.2759999999995
 31
0.0
  0
LINE
  5
925
330
17
100
AcDbEntity
  8
0
100
AcDbLine
 10
98.5500000000022
 20
-297.2759999999995
 30
0.0
 11
98.7350000000022
 21
-297.1829999999995
 31
0.0
  0
LINE
  5
926
330
17
100
AcDbEntity
  8
0
100
AcDbLine
 10
98.7350000000022
 20
-297.1829999999995
 30
0.0
 11
98.9250000000022
 21
-297.0979999999995
 31
0.0
  0
LINE
  5
927
330
17
100
AcDbEntity
  8
0
100
AcDbLine
 10
98.9250000000022
 20
-297.0979999999995
 30
0.0
 11
99.1190000000022
 21
-297.0219999999995
 31
0.0
  0
LINE
  5
928
330
17
100
AcDbEntity
  8
0
100
AcDbLine
 10
99.1190000000022
 20
-297.0219999999995
 30
0.0
 11
99.3170000000022
 21
-296.9549999999995
 31
0.0
  0
LINE
  5
929
330
17
100
AcDbEntity
  8
0
100
AcDbLine
 10
99.3170000000022
 20
-296.9549999999995
 30
0.0
 11
99.5190000000022
 21
-296.8969999999995
 31
0.0
  0
LINE
  5
92A
330
17
100
AcDbEntity
  8
0
100
AcDbLine
 10
99.5190000000022
 20
-296.8969999999995
 30
0.0
 11
99.7250000000022
 21
-296.8489999999995
 31
0.0
  0
LINE
  5
92B
330
17
100
AcDbEntity
  8
0
100
AcDbLine
 10
99.7250000000022
 20
-296.8489999999995
 30
0.0
 11
99.93500000000219
 21
-296.8099999999995
 31
0.0
  0
LINE
  5
92C
330
17
100
AcDbEntity
  8
0
100
AcDbLine
 10
99.93500000000219
 20
-296.8099999999995
 30
0.0
 11
100.14800000000218
 21
-296.7809999999995
 31
0.0
  0
LINE
  5
92D
330
17
100
AcDbEntity
  8
0
100
AcDbLine
 10
100.14800000000218
 20
-296.7809999999995
 30
0.0
 11
100.36400000000218
 21
-296.7629999999995
 31
0.0
  0
LINE
  5
92E
330
17
100
AcDbEntity
  8
0
100
AcDbLine
 10
100.36400000000218
 20
-296.7629999999995
 30
0.0
 11
100.58300000000217
 21
-296.75499999999954
 31
0.0
  0
LINE
  5
92F
330
17
100
AcDbEntity
  8
0
100
AcDbLine
 10
100.58300000000217
 20
-296.75499999999954
 30
0.0
 11
104.27300000000217
 21
-296.7079999999995
 31
0.0
  0
LINE
  5
930
330
17
100
AcDbEntity
  8
0
100
AcDbLine
 10
104.27300000000217
 20
-296.7079999999995
 30
0.0
 11
107.96300000000217
 21
-296.6609999999995
 31
0.0
  0
LINE
  5
931
330
17
100
AcDbEntity
  8
0
100
AcDbLine
 10
107.96300000000217
 20
-296.6609999999995
 30
0.0
 11
111.65300000000217
 21
-296.61399999999946
 31
0.0
  0
LINE
  5
932
330
17
100
AcDbEntity
  8
0
100
AcDbLine
 10
111.65300000000217
 20
-296.61399999999946
 30
0.0
 11
115.34300000000216
 21
-296.56699999999944
 31
0.0
  0
LINE
  5
933
330
17
100
AcDbEntity
  8
0
100
AcDbLine
 10
115.34300000000216
 20
-296.56699999999944
 30
0.0
 11
119.03300000000216
 21
-296.5199999999994
 31
0.0
  0
LINE
  5
934
330
17
100
AcDbEntity
  8
0
100
AcDbLine
 10
119.03300000000216
 20
-296.5199999999994
 30
0.0
 11
122.72300000000216
 21
-296.4729999999994
 31
0.0
  0
LINE
  5
935
330
17
100
AcDbEntity
  8
0
100
AcDbLine
 10
122.72300000000216
 20
-296.4729999999994
 30
0.0
 11
126.41300000000216
 21
-296.42599999999936
 31
0.0
  0
LINE
  5
936
330
17
100
AcDbEntity
  8
0
100
AcDbLine
 10
126.41300000000216
 20
-296.42599999999936
 30
0.0
 11
130.10300000000217
 21
-296.37899999999934
 31
0.0
  0
LINE
  5
937
330
17
100
AcDbEntity
  8
0
100
AcDbLine
 10
130.10300000000217
 20
-296.37899999999934
 30
0.0
 11
133.79300000000217
 21
-296.3319999999993
 31
0.0
  0
LINE
  5
938
330
17
100
AcDbEntity
  8
0
100
AcDbLine
 10
133.79300000000217
 20
-296.3319999999993
 30
0.0
 11
137.48300000000216
 21
-296.2849999999993
 31
0.0
  0
LINE
  5
939
330
17
100
AcDbEntity
  8
0
100
AcDbLine
 10
137.48300000000216
 20
-296.2849999999993
 30
0.0
 11
141.17300000000216
 21
-296.23799999999926
 31
0.0
  0
LINE
  5
93A
330
17
100
AcDbEntity
  8
0
100
AcDbLine
 10
141.17300000000216
 20
-296.23799999999926
 30
0.0
 11
144.86300000000216
 21
-296.19099999999924
 31
0.0
  0
LINE
  5
93B
330
17
100
AcDbEntity
  8
0
100
AcDbLine
 10
144.86300000000216
 20
-296.19099999999924
 30
0.0
 11
148.55300000000216
 21
-296.1439999999992
 31
0.0
  0
LINE
  5
93C
330
17
100
AcDbEntity
  8
0
100
AcDbLine
 10
148.55300000000216
 20
-296.1439999999992
 30
0.0
 11
152.24300000000216
 21
-296.0969999999992
 31
0.0
  0
LINE
  5
93D
330
17
100
AcDbEntity
  8
0
100
AcDbLine
 10
152.24300000000216
 20
-296.0969999999992
 30
0.0
 11
155.93300000000215
 21
-296.04999999999916
 31
0.0
  0
LINE
  5
93E
330
17
100
AcDbEntity
  8
0
100
AcDbLine
 10
155.93300000000215
 20
-296.04999999999916
 30
0.0
 11
159.62300000000215
 21
-296.00299999999913
 31
0.0
  0
LINE
  5
93F
330
17
100
AcDbEntity
  8
0
100
AcDbLine
 10
159.62300000000215
 20
-296.00299999999913
 30
0.0
 11
163.31300000000215
 21
-295.9559999999991
 31
0.0
  0
LINE
  5
940
330
17
100
AcDbEntity
  8
0
100
AcDbLine
 10
163.31300000000215
 20
-295.9559999999991
 30
0.0
 11
167.00300000000215
 21
-295.9089999999991
 31
0.0
  0
LINE
  5
941
330
17
100
AcDbEntity
  8
0
100
AcDbLine
 10
167.00300000000215
 20
-295.9089999999991
 30
0.0
 11
170.69300000000214
 21
-295.86199999999906
 31
0.0
  0
LINE
  5
942
330
17
100
AcDbEntity
  8
0
100
AcDbLine
 10
170.69300000000214
 20
-295.86199999999906
 30
0.0
 11
174.38300000000214
 21
-295.81499999999903
 31
0.0
  0
LINE
  5
943
330
17
100
AcDbEntity
  8
0
100
AcDbLine
 10
174.38300000000214
 20
-295.81499999999903
 30
0.0
 11
178.07300000000214
 21
-295.767999999999
 31
0.0
  0
LINE
  5
944
330
17
100
AcDbEntity
  8
0
100
AcDbLine
 10
178.07300000000214
 20
-295.767999999999
 30
0.0
 11
181.76300000000214
 21
-295.720999999999
 31
0.0
  0
LINE
  5
945
330
17
100
AcDbEntity
  8
0
100
AcDbLine
 10
181.76300000000214
 20
-295.720999999999
 30
0.0
 11
185.45300000000213
 21
-295.67399999999895
 31
0.0
  0
LINE
  5
946
330
17
100
AcDbEntity
  8
0
100
AcDbLine
 10
185.45300000000213
 20
-295.67399999999895
 30
0.0
 11
189.14300000000213
 21
-295.62699999999893
 31
0.0
  0
LINE
  5
947
330
17
100
AcDbEntity
  8
0
100
AcDbLine
 10
189.14300000000213
 20
-295.62699999999893
 30
0.0
 11
192.83300000000213
 21
-295.5799999999989
 31
0.0
  0
LINE
  5
948
330
17
100
AcDbEntity
  8
0
100
AcDbLine
 10
192.83300000000213
 20
-295.5799999999989
 30
0.0
 11
196.52300000000213
 21
-295.5329999999989
 31
0.0
  0
LINE
  5
949
330
17
100
AcDbEntity
  8
0
100
AcDbLine
 10
196.52300000000213
 20
-295.5329999999989
 30
0.0
 11
200.21300000000213
 21
-295.48599999999885
 31
0.0
  0
LINE
  5
94A
330
17
100
AcDbEntity
  8
0
100
AcDbLine
 10
200.21300000000213
 20
-295.48599999999885
 30
0.0
 11
203.90300000000212
 21
-295.4389999999988
 31
0.0
  0
LINE
  5
94B
330
17
100
AcDbEntity
  8
0
100
AcDbLine
 10
203.90300000000212
 20
-295.4389999999988
 30
0.0
 11
207.59300000000212
 21
-295.3919999999988
 31
0.0
  0
LINE
  5
94C
330
17
100
AcDbEntity
  8
0
100
AcDbLine
 10
207.59300000000212
 20
-295.3919999999988
 30
0.0
 11
211.28300000000212
 21
-295.3449999999988
 31
0.0
  0
LINE
  5
94D
330
17
100
AcDbEntity
  8
0
100
AcDbLine
 10
211.28300000000212
 20
-295.3449999999988
 30
0.0
 11
214.97300000000212
 21
-295.29799999999875
 31
0.0
  0
LINE
  5
94E
330
17
100
AcDbEntity
  8
0
100
AcDbLine
 10
214.97300000000212
 20
-295.29799999999875
 30
0.0
 11
218.6630000000021
 21
-295.2509999999987
 31
0.0
  0
LINE
  5
94F
330
17
100
AcDbEntity
  8
0
100
AcDbLine
 10
218.6630000000021
 20
-295.2509999999987
 30
0.0
 11
219.2020000000021
 21
-295.2419999999987
 31
0.0
  0
LINE
  5
950
330
17
100
AcDbEntity
  8
0
100
AcDbLine
 10
219.2020000000021
 20
-295.2419999999987
 30
0.0
 11
219.7410000000021
 21
-295.2329999999987
 31
0.0
  0
LINE
  5
951
330
17
100
AcDbEntity
  8
0
100
AcDbLine
 10
219.7410000000021
 20
-295.2329999999987
 30
0.0
 11
220.28000000000208
 21
-295.2239999999987
 31
0.0
  0
LINE
  5
952
330
17
100
AcDbEntity
  8
0
100
AcDbLine
 10
220.28000000000208
 20
-295.2239999999987
 30
0.0
 11
220.81900000000206
 21
-295.21499999999867
 31
0.0
  0
LINE
  5
953
330
17
100
AcDbEntity
  8
0
100
AcDbLine
 10
220.81900000000206
 20
-295.21499999999867
 30
0.0
 11
221.35800000000205
 21
-295.20599999999865
 31
0.0
  0
LINE
  5
954
330
17
100
AcDbEntity
  8
0
100
AcDbLine
 10
221.35800000000205
 20
-295.20599999999865
 30
0.0
 11
221.89700000000204
 21
-295.19699999999864
 31
0.0
  0
LINE
  5
955
330
17
100
AcDbEntity
  8
0
100
AcDbLine
 10
221.89700000000204
 20
-295.19699999999864
 30
0.0
 11
222.43600000000202
 21
-295.1879999999986
 31
0.0
  0
LINE
  5
956
330
17
100
AcDbEntity
  8
0
100
AcDbLine
 10
222.43600000000202
 20
-295.1879999999986
 30
0.0
 11
222.975000000002
 21
-295.1789999999986
 31
0.0
  0
LINE
  5
957
330
17
100
AcDbEntity
  8
0
100
AcDbLine
 10
222.975000000002
 20
-295.1789999999986
 30
0.0
 11
223.514000000002
 21
-295.1699999999986
 31
0.0
  0
LINE
  5
958
330
17
100
AcDbEntity
  8
0
100
AcDbLine
 10
223.514000000002
 20
-295.1699999999986
 30
0.0
 11
224.053000000002
 21
-295.1609999999986
 31
0.0
  0
LINE
  5
959
330
17
100
AcDbEntity
  8
0
100
AcDbLine
 10
224.053000000002
 20
-295.1609999999986
 30
0.0
 11
224.59200000000197
 21
-295.15199999999857
 31
0.0
  0
LINE
  5
95A
330
17
100
AcDbEntity
  8
0
100
AcDbLine
 10
224.59200000000197
 20
-295.15199999999857
 30
0.0
 11
225.13100000000196
 21
-295.14299999999855
 31
0.0
  0
LINE
  5
95B
330
17
100
AcDbEntity
  8
0
100
AcDbLine
 10
225.13100000000196
 20
-295.14299999999855
 30
0.0
 11
225.67000000000195
 21
-295.13399999999854
 31
0.0
  0
LINE
  5
95C
330
17
100
AcDbEntity
  8
0
100
AcDbLine
 10
225.67000000000195
 20
-295.13399999999854
 30
0.0
 11
226.20900000000194
 21
-295.1249999999985
 31
0.0
  0
LINE
  5
95D
330
17
100
AcDbEntity
  8
0
100
AcDbLine
 10
226.20900000000194
 20
-295.1249999999985
 30
0.0
 11
226.74800000000192
 21
-295.1159999999985
 31
0.0
  0
LINE
  5
95E
330
17
100
AcDbEntity
  8
0
100
AcDbLine
 10
226.74800000000192
 20
-295.1159999999985
 30
0.0
 11
227.2870000000019
 21
-295.1069999999985
 31
0.0
  0
LINE
  5
95F
330
17
100
AcDbEntity
  8
0
100
AcDbLine
 10
227.2870000000019
 20
-295.1069999999985
 30
0.0
 11
227.8260000000019
 21
-295.0979999999985
 31
0.0
  0
LINE
  5
960
330
17
100
AcDbEntity
  8
0
100
AcDbLine
 10
227.8260000000019
 20
-295.0979999999985
 30
0.0
 11
228.36500000000188
 21
-295.08899999999846
 31
0.0
  0
LINE
  5
961
330
17
100
AcDbEntity
  8
0
100
AcDbLine
 10
228.36500000000188
 20
-295.08899999999846
 30
0.0
 11
228.90400000000187
 21
-295.07999999999845
 31
0.0
  0
LINE
  5
962
330
17
100
AcDbEntity
  8
0
100
AcDbLine
 10
228.90400000000187
 20
-295.07999999999845
 30
0.0
 11
229.44300000000186
 21
-295.07099999999843
 31
0.0
  0
LINE
  5
963
330
17
100
AcDbEntity
  8
0
100
AcDbLine
 10
229.44300000000186
 20
-295.07099999999843
 30
0.0
 11
229.98200000000185
 21
-295.0619999999984
 31
0.0
  0
LINE
  5
964
330
17
100
AcDbEntity
  8
0
100
AcDbLine
 10
229.98200000000185
 20
-295.0619999999984
 30
0.0
 11
230.52100000000183
 21
-295.0529999999984
 31
0.0
  0
LINE
  5
965
330
17
100
AcDbEntity
  8
0
100
AcDbLine
 10
230.52100000000183
 20
-295.0529999999984
 30
0.0
 11
231.06000000000182
 21
-295.0439999999984
 31
0.0
  0
LINE
  5
966
330
17
100
AcDbEntity
  8
0
100
AcDbLine
 10
231.06000000000182
 20
-295.0439999999984
 30
0.0
 11
231.5990000000018
 21
-295.0349999999984
 31
0.0
  0
LINE
  5
967
330
17
100
AcDbEntity
  8
0
100
AcDbLine
 10
231.5990000000018
 20
-295.0349999999984
 30
0.0
 11
232.1380000000018
 21
-295.02599999999836
 31
0.0
  0
LINE
  5
968
330
17
100
AcDbEntity
  8
0
100
AcDbLine
 10
232.1380000000018
 20
-295.02599999999836
 30
0.0
 11
232.67700000000178
 21
-295.01699999999835
 31
0.0
  0
LINE
  5
969
330
17
100
AcDbEntity
  8
0
100
AcDbLine
 10
232.67700000000178
 20
-295.01699999999835
 30
0.0
 11
233.21600000000177
 21
-295.00799999999833
 31
0.0
  0
LINE
  5
96A
330
17
100
AcDbEntity
  8
0
100
AcDbLine
 10
233.21600000000177
 20
-295.00799999999833
 30
0.0
 11
233.75500000000176
 21
-294.9989999999983
 31
0.0
  0
LINE
  5
96B
330
17
100
AcDbEntity
  8
0
100
AcDbLine
 10
233.75500000000176
 20
-294.9989999999983
 30
0.0
 11
234.29400000000174
 21
-294.9899999999983
 31
0.0
  0
LINE
  5
96C
330
17
100
AcDbEntity
  8
0
100
AcDbLine
 10
234.29400000000174
 20
-294.9899999999983
 30
0.0
 11
234.83300000000173
 21
-294.9809999999983
 31
0.0
  0
LINE
  5
96D
330
17
100
AcDbEntity
  8
0
100
AcDbLine
 10
234.83300000000173
 20
-294.9809999999983
 30
0.0
 11
235.37200000000172
 21
-294.9719999999983
 31
0.0
  0
LINE
  5
96E
330
17
100
AcDbEntity
  8
0
100
AcDbLine
 10
235.37200000000172
 20
-294.9719999999983
 30
0.0
 11
235.9110000000017
 21
-294.96299999999826
 31
0.0
  0
LINE
  5
96F
330
17
100
AcDbEntity
  8
0
100
AcDbLine
 10
235.9110000000017
 20
-294.96299999999826
 30
0.0
 11
236.21100000000172
 21
-294.9549999999983
 31
0.0
  0
LINE
  5
970
330
17
100
AcDbEntity
  8
0
100
AcDbLine
 10
236.21100000000172
 20
-294.9549999999983
 30
0.0
 11
236.51100000000173
 21
-294.94099999999827
 31
0.0
  0
LINE
  5
971
330
17
100
AcDbEntity
  8
0
100
AcDbLine
 10
236.51100000000173
 20
-294.94099999999827
 30
0.0
 11
236.81000000000174
 21
-294.9209999999983
 31
0.0
  0
LINE
  5
972
330
17
100
AcDbEntity
  8
0
100
AcDbLine
 10
236.81000000000174
 20
-294.9209999999983
 30
0.0
 11
237.10800000000174
 21
-294.8959999999983
 31
0.0
  0
LINE
  5
973
330
17
100
AcDbEntity
  8
0
100
AcDbLine
 10
237.10800000000174
 20
-294.8959999999983
 30
0.0
 11
237.40500000000173
 21
-294.8649999999983
 31
0.0
  0
LINE
  5
974
330
17
100
AcDbEntity
  8
0
100
AcDbLine
 10
237.40500000000173
 20
-294.8649999999983
 30
0.0
 11
237.70100000000173
 21
-294.8279999999983
 31
0.0
  0
LINE
  5
975
330
17
100
AcDbEntity
  8
0
100
AcDbLine
 10
237.70100000000173
 20
-294.8279999999983
 30
0.0
 11
237.99600000000171
 21
-294.78599999999835
 31
0.0
  0
LINE
  5
976
330
17
100
AcDbEntity
  8
0
100
AcDbLine
 10
237.99600000000171
 20
-294.78599999999835
 30
0.0
 11
238.29000000000173
 21
-294.73799999999835
 31
0.0
  0
LINE
  5
977
330
17
100
AcDbEntity
  8
0
100
AcDbLine
 10
238.29000000000173
 20
-294.73799999999835
 30
0.0
 11
238.58300000000173
 21
-294.6839999999984
 31
0.0
  0
LINE
  5
978
330
17
100
AcDbEntity
  8
0
100
AcDbLine
 10
238.58300000000173
 20
-294.6839999999984
 30
0.0
 11
238.87500000000173
 21
-294.62499999999835
 31
0.0
  0
LINE
  5
979
330
17
100
AcDbEntity
  8
0
100
AcDbLine
 10
238.87500000000173
 20
-294.62499999999835
 30
0.0
 11
239.16500000000173
 21
-294.55999999999835
 31
0.0
  0
LINE
  5
97A
330
17
100
AcDbEntity
  8
0
100
AcDbLine
 10
239.16500000000173
 20
-294.55999999999835
 30
0.0
 11
239.4540000000017
 21
-294.48999999999836
 31
0.0
  0
LINE
  5
97B
330
17
100
AcDbEntity
  8
0
100
AcDbLine
 10
239.4540000000017
 20
-294.48999999999836
 30
0.0
 11
239.74100000000172
 21
-294.41399999999834
 31
0.0
  0
LINE
  5
97C
330
17
100
AcDbEntity
  8
0
100
AcDbLine
 10
239.74100000000172
 20
-294.41399999999834
 30
0.0
 11
240.02700000000172
 21
-294.3329999999983
 31
0.0
  0
LINE
  5
97D
330
17
100
AcDbEntity
  8
0
100
AcDbLine
 10
240.02700000000172
 20
-294.3329999999983
 30
0.0
 11
240.3110000000017
 21
-294.24599999999833
 31
0.0
  0
LINE
  5
97E
330
17
100
AcDbEntity
  8
0
100
AcDbLine
 10
240.3110000000017
 20
-294.24599999999833
 30
0.0
 11
240.59300000000172
 21
-294.15399999999835
 31
0.0
  0
LINE
  5
97F
330
17
100
AcDbEntity
  8
0
100
AcDbLine
 10
240.59300000000172
 20
-294.15399999999835
 30
0.0
 11
240.87400000000173
 21
-294.05599999999833
 31
0.0
  0
LINE
  5
980
330
17
100
AcDbEntity
  8
0
100
AcDbLine
 10
240.87400000000173
 20
-294.05599999999833
 30
0.0
 11
241.15300000000173
 21
-293.9529999999983
 31
0.0
  0
LINE
  5
981
330
17
100
AcDbEntity
  8
0
100
AcDbLine
 10
241.15300000000173
 20
-293.9529999999983
 30
0.0
 11
241.4300000000017
 21
-293.8449999999983
 31
0.0
  0
LINE
  5
982
330
17
100
AcDbEntity
  8
0
100
AcDbLine
 10
241.4300000000017
 20
-293.8449999999983
 30
0.0
 11
241.70500000000172
 21
-293.73099999999835
 31
0.0
  0
LINE
  5
983
330
17
100
AcDbEntity
  8
0
100
AcDbLine
 10
241.70500000000172
 20
-293.73099999999835
 30
0.0
 11
241.9770000000017
 21
-293.6119999999983
 31
0.0
  0
LINE
  5
984
330
17
100
AcDbEntity
  8
0
100
AcDbLine
 10
241.9770000000017
 20
-293.6119999999983
 30
0.0
 11
242.24700000000172
 21
-293.4879999999983
 31
0.0
  0
LINE
  5
985
330
17
100
AcDbEntity
  8
0
100
AcDbLine
 10
242.24700000000172
 20
-293.4879999999983
 30
0.0
 11
242.51500000000172
 21
-293.3589999999983
 31
0.0
  0
LINE
  5
986
330
17
100
AcDbEntity
  8
0
100
AcDbLine
 10
242.51500000000172
 20
-293.3589999999983
 30
0.0
 11
242.7810000000017
 21
-293.2239999999983
 31
0.0
  0
LINE
  5
987
330
17
100
AcDbEntity
  8
0
100
AcDbLine
 10
242.7810000000017
 20
-293.2239999999983
 30
0.0
 11
243.04400000000172
 21
-293.0839999999983
 31
0.0
  0
LINE
  5
988
330
17
100
AcDbEntity
  8
0
100
AcDbLine
 10
243.04400000000172
 20
-293.0839999999983
 30
0.0
 11
243.3050000000017
 21
-292.9389999999983
 31
0.0
  0
LINE
  5
989
330
17
100
AcDbEntity
  8
0
100
AcDbLine
 10
243.3050000000017
 20
-292.9389999999983
 30
0.0
 11
243.56300000000172
 21
-292.78899999999834
 31
0.0
  0
LINE
  5
98A
330
17
100
AcDbEntity
  8
0
100
AcDbLine
 10
243.56300000000172
 20
-292.78899999999834
 30
0.0
 11
243.81800000000172
 21
-292.63399999999837
 31
0.0
  0
LINE
  5
98B
330
17
100
AcDbEntity
  8
0
100
AcDbLine
 10
243.81800000000172
 20
-292.63399999999837
 30
0.0
 11
244.0710000000017
 21
-292.47399999999834
 31
0.0
  0
LINE
  5
98C
330
17
100
AcDbEntity
  8
0
100
AcDbLine
 10
244.0710000000017
 20
-292.47399999999834
 30
0.0
 11
244.3210000000017
 21
-292.3089999999983
 31
0.0
  0
LINE
  5
98D
330
17
100
AcDbEntity
  8
0
100
AcDbLine
 10
244.3210000000017
 20
-292.3089999999983
 30
0.0
 11
244.56800000000172
 21
-292.1389999999983
 31
0.0
  0
LINE
  5
98E
330
17
100
AcDbEntity
  8
0
100
AcDbLine
 10
244.56800000000172
 20
-292.1389999999983
 30
0.0
 11
244.81200000000172
 21
-291.9639999999983
 31
0.0
  0
LINE
  5
98F
330
17
100
AcDbEntity
  8
0
100
AcDbLine
 10
244.81200000000172
 20
-291.9639999999983
 30
0.0
 11
244.9050000000017
 21
-291.8959999999983
 31
0.0
  0
LINE
  5
990
330
17
100
AcDbEntity
  8
0
100
AcDbLine
 10
244.9050000000017
 20
-291.8959999999983
 30
0.0
 11
244.9980000000017
 21
-291.8279999999983
 31
0.0
  0
LINE
  5
991
330
17
100
AcDbEntity
  8
0
100
AcDbLine
 10
244.9980000000017
 20
-291.8279999999983
 30
0.0
 11
245.09100000000169
 21
-291.75999999999834
 31
0.0
  0
LINE
  5
992
330
17
100
AcDbEntity
  8
0
100
AcDbLine
 10
245.09100000000169
 20
-291.75999999999834
 30
0.0
 11
245.18400000000167
 21
-291.69199999999836
 31
0.0
  0
LINE
  5
993
330
17
100
AcDbEntity
  8
0
100
AcDbLine
 10
245.18400000000167
 20
-291.69199999999836
 30
0.0
 11
245.27700000000166
 21
-291.6239999999984
 31
0.0
  0
LINE
  5
994
330
17
100
AcDbEntity
  8
0
100
AcDbLine
 10
245.27700000000166
 20
-291.6239999999984
 30
0.0
 11
245.37000000000165
 21
-291.5559999999984
 31
0.0
  0
LINE
  5
995
330
17
100
AcDbEntity
  8
0
100
AcDbLine
 10
245.37000000000165
 20
-291.5559999999984
 30
0.0
 11
245.46300000000164
 21
-291.4879999999984
 31
0.0
  0
LINE
  5
996
330
17
100
AcDbEntity
  8
0
100
AcDbLine
 10
245.46300000000164
 20
-291.4879999999984
 30
0.0
 11
245.55600000000163
 21
-291.4199999999984
 31
0.0
  0
LINE
  5
997
330
17
100
AcDbEntity
  8
0
100
AcDbLine
 10
245.55600000000163
 20
-291.4199999999984
 30
0.0
 11
245.64900000000162
 21
-291.35199999999844
 31
0.0
  0
LINE
  5
998
330
17
100
AcDbEntity
  8
0
100
AcDbLine
 10
245.64900000000162
 20
-291.35199999999844
 30
0.0
 11
245.7420000000016
 21
-291.28399999999846
 31
0.0
  0
LINE
  5
999
330
17
100
AcDbEntity
  8
0
100
AcDbLine
 10
245.7420000000016
 20
-291.28399999999846
 30
0.0
 11
245.8350000000016
 21
-291.2159999999985
 31
0.0
  0
LINE
  5
99A
330
17
100
AcDbEntity
  8
0
100
AcDbLine
 10
245.8350000000016
 20
-291.2159999999985
 30
0.0
 11
245.9280000000016
 21
-291.1479999999985
 31
0.0
  0
LINE
  5
99B
330
17
100
AcDbEntity
  8
0
100
AcDbLine
 10
245.9280000000016
 20
-291.1479999999985
 30
0.0
 11
246.02100000000158
 21
-291.0799999999985
 31
0.0
  0
LINE
  5
99C
330
17
100
AcDbEntity
  8
0
100
AcDbLine
 10
246.02100000000158
 20
-291.0799999999985
 30
0.0
 11
246.11400000000157
 21
-291.0119999999985
 31
0.0
  0
LINE
  5
99D
330
17
100
AcDbEntity
  8
0
100
AcDbLine
 10
246.11400000000157
 20
-291.0119999999985
 30
0.0
 11
246.20700000000156
 21
-290.94399999999854
 31
0.0
  0
LINE
  5
99E
330
17
100
AcDbEntity
  8
0
100
AcDbLine
 10
246.20700000000156
 20
-290.94399999999854
 30
0.0
 11
246.30000000000155
 21
-290.87599999999856
 31
0.0
  0
LINE
  5
99F
330
17
100
AcDbEntity
  8
0
100
AcDbLine
 10
246.30000000000155
 20
-290.87599999999856
 30
0.0
 11
246.39300000000154
 21
-290.8079999999986
 31
0.0
  0
LINE
  5
9A0
330
17
100
AcDbEntity
  8
0
100
AcDbLine
 10
246.39300000000154
 20
-290.8079999999986
 30
0.0
 11
246.48600000000152
 21
-290.7399999999986
 31
0.0
  0
LINE
  5
9A1
330
17
100
AcDbEntity
  8
0
100
AcDbLine
 10
246.48600000000152
 20
-290.7399999999986
 30
0.0
 11
246.5790000000015
 21
-290.6719999999986
 31
0.0
  0
LINE
  5
9A2
330
17
100
AcDbEntity
  8
0
100
AcDbLine
 10
246.5790000000015
 20
-290.6719999999986
 30
0.0
 11
246.6720000000015
 21
-290.6039999999986
 31
0.0
  0
LINE
  5
9A3
330
17
100
AcDbEntity
  8
0
100
AcDbLine
 10
246.6720000000015
 20
-290.6039999999986
 30
0.0
 11
246.7650000000015
 21
-290.53599999999864
 31
0.0
  0
LINE
  5
9A4
330
17
100
AcDbEntity
  8
0
100
AcDbLine
 10
246.7650000000015
 20
-290.53599999999864
 30
0.0
 11
246.85800000000148
 21
-290.46799999999865
 31
0.0
  0
LINE
  5
9A5
330
17
100
AcDbEntity
  8
0
100
AcDbLine
 10
246.85800000000148
 20
-290.46799999999865
 30
0.0
 11
246.95100000000147
 21
-290.39999999999867
 31
0.0
  0
LINE
  5
9A6
330
17
100
AcDbEntity
  8
0
100
AcDbLine
 10
246.95100000000147
 20
-290.39999999999867
 30
0.0
 11
247.04400000000146
 21
-290.3319999999987
 31
0.0
  0
LINE
  5
9A7
330
17
100
AcDbEntity
  8
0
100
AcDbLine
 10
247.04400000000146
 20
-290.3319999999987
 30
0.0
 11
247.13700000000145
 21
-290.2639999999987
 31
0.0
  0
LINE
  5
9A8
330
17
100
AcDbEntity
  8
0
100
AcDbLine
 10
247.13700000000145
 20
-290.2639999999987
 30
0.0
 11
247.23000000000144
 21
-290.1959999999987
 31
0.0
  0
LINE
  5
9A9
330
17
100
AcDbEntity
  8
0
100
AcDbLine
 10
247.23000000000144
 20
-290.1959999999987
 30
0.0
 11
247.32300000000143
 21
-290.12799999999874
 31
0.0
  0
LINE
  5
9AA
330
17
100
AcDbEntity
  8
0
100
AcDbLine
 10
247.32300000000143
 20
-290.12799999999874
 30
0.0
 11
247.41600000000142
 21
-290.05999999999875
 31
0.0
  0
LINE
  5
9AB
330
17
100
AcDbEntity
  8
0
100
AcDbLine
 10
247.41600000000142
 20
-290.05999999999875
 30
0.0
 11
247.5090000000014
 21
-289.99199999999877
 31
0.0
  0
LINE
  5
9AC
330
17
100
AcDbEntity
  8
0
100
AcDbLine
 10
247.5090000000014
 20
-289.99199999999877
 30
0.0
 11
247.6020000000014
 21
-289.9239999999988
 31
0.0
  0
LINE
  5
9AD
330
17
100
AcDbEntity
  8
0
100
AcDbLine
 10
247.6020000000014
 20
-289.9239999999988
 30
0.0
 11
247.6950000000014
 21
-289.8559999999988
 31
0.0
  0
LINE
  5
9AE
330
17
100
AcDbEntity
  8
0
100
AcDbLine
 10
247.6950000000014
 20
-289.8559999999988
 30
0.0
 11
247.78800000000138
 21
-289.7879999999988
 31
0.0
  0
LINE
  5
9AF
330
17
100
AcDbEntity
  8
0
100
AcDbLine
 10
391.40400000000136
 20
-313.1589999999988
 30
0.0
 11
391.2280000000014
 21
-312.7859999999988
 31
0.0
  0
LINE
  5
9B0
330
17
100
AcDbEntity
  8
0
100
AcDbLine
 10
391.2280000000014
 20
-312.7859999999988
 30
0.0
 11
391.05500000000137
 21
-312.4179999999988
 31
0.0
  0
LINE
  5
9B1
330
17
100
AcDbEntity
  8
0
100
AcDbLine
 10
391.05500000000137
 20
-312.4179999999988
 30
0.0
 11
390.8840000000014
 21
-312.0549999999988
 31
0.0
  0
LINE
  5
9B2
330
17
100
AcDbEntity
  8
0
100
AcDbLine
 10
390.8840000000014
 20
-312.0549999999988
 30
0.0
 11
390.7160000000014
 21
-311.69599999999883
 31
0.0
  0
LINE
  5
9B3
330
17
100
AcDbEntity
  8
0
100
AcDbLine
 10
390.7160000000014
 20
-311.69599999999883
 30
0.0
 11
390.5500000000014
 21
-311.3409999999988
 31
0.0
  0
LINE
  5
9B4
330
17
100
AcDbEntity
  8
0
100
AcDbLine
 10
390.5500000000014
 20
-311.3409999999988
 30
0.0
 11
390.3860000000014
 21
-310.9899999999988
 31
0.0
  0
LINE
  5
9B5
330
17
100
AcDbEntity
  8
0
100
AcDbLine
 10
390.3860000000014
 20
-310.9899999999988
 30
0.0
 11
390.2240000000014
 21
-310.6419999999988
 31
0.0
  0
LINE
  5
9B6
330
17
100
AcDbEntity
  8
0
100
AcDbLine
 10
390.2240000000014
 20
-310.6419999999988
 30
0.0
 11
390.0640000000014
 21
-310.2959999999988
 31
0.0
  0
LINE
  5
9B7
330
17
100
AcDbEntity
  8
0
100
AcDbLine
 10
390.0640000000014
 20
-310.2959999999988
 30
0.0
 11
389.9050000000014
 21
-309.9519999999988
 31
0.0
  0
LINE
  5
9B8
330
17
100
AcDbEntity
  8
0
100
AcDbLine
 10
389.9050000000014
 20
-309.9519999999988
 30
0.0
 11
389.7480000000014
 21
-309.6099999999988
 31
0.0
  0
LINE
  5
9B9
330
17
100
AcDbEntity
  8
0
100
AcDbLine
 10
389.7480000000014
 20
-309.6099999999988
 30
0.0
 11
389.5920000000014
 21
-309.26999999999884
 31
0.0
  0
LINE
  5
9BA
330
17
100
AcDbEntity
  8
0
100
AcDbLine
 10
389.5920000000014
 20
-309.26999999999884
 30
0.0
 11
389.43700000000143
 21
-308.93099999999885
 31
0.0
  0
LINE
  5
9BB
330
17
100
AcDbEntity
  8
0
100
AcDbLine
 10
389.43700000000143
 20
-308.93099999999885
 30
0.0
 11
389.28300000000144
 21
-308.59199999999885
 31
0.0
  0
LINE
  5
9BC
330
17
100
AcDbEntity
  8
0
100
AcDbLine
 10
389.28300000000144
 20
-308.59199999999885
 30
0.0
 11
389.12900000000144
 21
-308.25299999999885
 31
0.0
  0
LINE
  5
9BD
330
17
100
AcDbEntity
  8
0
100
AcDbLine
 10
389.12900000000144
 20
-308.25299999999885
 30
0.0
 11
388.9760000000014
 21
-307.91399999999885
 31
0.0
  0
LINE
  5
9BE
330
17
100
AcDbEntity
  8
0
100
AcDbLine
 10
388.9760000000014
 20
-307.91399999999885
 30
0.0
 11
388.82400000000143
 21
-307.57499999999885
 31
0.0
  0
LINE
  5
9BF
330
17
100
AcDbEntity
  8
0
100
AcDbLine
 10
388.82400000000143
 20
-307.57499999999885
 30
0.0
 11
388.67200000000145
 21
-307.2349999999989
 31
0.0
  0
LINE
  5
9C0
330
17
100
AcDbEntity
  8
0
100
AcDbLine
 10
388.67200000000145
 20
-307.2349999999989
 30
0.0
 11
388.52000000000146
 21
-306.8929999999989
 31
0.0
  0
LINE
  5
9C1
330
17
100
AcDbEntity
  8
0
100
AcDbLine
 10
388.52000000000146
 20
-306.8929999999989
 30
0.0
 11
388.3680000000015
 21
-306.5489999999989
 31
0.0
  0
LINE
  5
9C2
330
17
100
AcDbEntity
  8
0
100
AcDbLine
 10
388.3680000000015
 20
-306.5489999999989
 30
0.0
 11
388.21500000000145
 21
-306.2029999999989
 31
0.0
  0
LINE
  5
9C3
330
17
100
AcDbEntity
  8
0
100
AcDbLine
 10
388.21500000000145
 20
-306.2029999999989
 30
0.0
 11
388.06200000000143
 21
-305.8539999999989
 31
0.0
  0
LINE
  5
9C4
330
17
100
AcDbEntity
  8
0
100
AcDbLine
 10
388.06200000000143
 20
-305.8539999999989
 30
0.0
 11
387.90800000000144
 21
-305.50199999999893
 31
0.0
  0
LINE
  5
9C5
330
17
100
AcDbEntity
  8
0
100
AcDbLine
 10
387.90800000000144
 20
-305.50199999999893
 30
0.0
 11
387.75400000000144
 21
-305.1469999999989
 31
0.0
  0
LINE
  5
9C6
330
17
100
AcDbEntity
  8
0
100
AcDbLine
 10
387.75400000000144
 20
-305.1469999999989
 30
0.0
 11
387.59900000000147
 21
-304.78799999999893
 31
0.0
  0
LINE
  5
9C7
330
17
100
AcDbEntity
  8
0
100
AcDbLine
 10
387.59900000000147
 20
-304.78799999999893
 30
0.0
 11
387.44300000000146
 21
-304.42499999999893
 31
0.0
  0
LINE
  5
9C8
330
17
100
AcDbEntity
  8
0
100
AcDbLine
 10
387.44300000000146
 20
-304.42499999999893
 30
0.0
 11
387.28500000000145
 21
-304.05699999999894
 31
0.0
  0
LINE
  5
9C9
330
17
100
AcDbEntity
  8
0
100
AcDbLine
 10
387.28500000000145
 20
-304.05699999999894
 30
0.0
 11
387.12600000000145
 21
-303.68399999999895
 31
0.0
  0
LINE
  5
9CA
330
17
100
AcDbEntity
  8
0
100
AcDbLine
 10
387.12600000000145
 20
-303.68399999999895
 30
0.0
 11
386.96500000000145
 21
-303.30599999999896
 31
0.0
  0
LINE
  5
9CB
330
17
100
AcDbEntity
  8
0
100
AcDbLine
 10
386.96500000000145
 20
-303.30599999999896
 30
0.0
 11
386.80200000000144
 21
-302.92199999999895
 31
0.0
  0
LINE
  5
9CC
330
17
100
AcDbEntity
  8
0
100
AcDbLine
 10
386.80200000000144
 20
-302.92199999999895
 30
0.0
 11
386.6370000000014
 21
-302.53199999999896
 31
0.0
  0
LINE
  5
9CD
330
17
100
AcDbEntity
  8
0
100
AcDbLine
 10
386.6370000000014
 20
-302.53199999999896
 30
0.0
 11
386.47000000000145
 21
-302.13499999999897
 31
0.0
  0
LINE
  5
9CE
330
17
100
AcDbEntity
  8
0
100
AcDbLine
 10
386.47000000000145
 20
-302.13499999999897
 30
0.0
 11
386.30100000000147
 21
-301.73099999999897
 31
0.0
  0
LINE
  5
9CF
330
17
100
AcDbEntity
  8
0
100
AcDbLine
 10
386.30100000000147
 20
-301.73099999999897
 30
0.0
 11
386.1340000000015
 21
-301.30099999999896
 31
0.0
  0
LINE
  5
9D0
330
17
100
AcDbEntity
  8
0
100
AcDbLine
 10
386.1340000000015
 20
-301.30099999999896
 30
0.0
 11
385.9920000000015
 21
-300.86899999999895
 31
0.0
  0
LINE
  5
9D1
330
17
100
AcDbEntity
  8
0
100
AcDbLine
 10
385.9920000000015
 20
-300.86899999999895
 30
0.0
 11
385.8750000000015
 21
-300.43599999999896
 31
0.0
  0
LINE
  5
9D2
330
17
100
AcDbEntity
  8
0
100
AcDbLine
 10
385.8750000000015
 20
-300.43599999999896
 30
0.0
 11
385.78200000000146
 21
-300.00299999999896
 31
0.0
  0
LINE
  5
9D3
330
17
100
AcDbEntity
  8
0
100
AcDbLine
 10
385.78200000000146
 20
-300.00299999999896
 30
0.0
 11
385.71300000000144
 21
-299.57099999999895
 31
0.0
  0
LINE
  5
9D4
330
17
100
AcDbEntity
  8
0
100
AcDbLine
 10
385.71300000000144
 20
-299.57099999999895
 30
0.0
 11
385.66700000000145
 21
-299.14099999999894
 31
0.0
  0
LINE
  5
9D5
330
17
100
AcDbEntity
  8
0
100
AcDbLine
 10
385.66700000000145
 20
-299.14099999999894
 30
0.0
 11
385.6440000000014
 21
-298.7139999999989
 31
0.0
  0
LINE
  5
9D6
330
17
100
AcDbEntity
  8
0
100
AcDbLine
 10
385.6440000000014
 20
-298.7139999999989
 30
0.0
 11
385.6440000000014
 21
-298.2919999999989
 31
0.0
  0
LINE
  5
9D7
330
17
100
AcDbEntity
  8
0
100
AcDbLine
 10
385.6440000000014
 20
-298.2919999999989
 30
0.0
 11
385.66700000000145
 21
-297.8749999999989
 31
0.0
  0
LINE
  5
9D8
330
17
100
AcDbEntity
  8
0
100
AcDbLine
 10
385.66700000000145
 20
-297.8749999999989
 30
0.0
 11
385.71200000000147
 21
-297.4639999999989
 31
0.0
  0
LINE
  5
9D9
330
17
100
AcDbEntity
  8
0
100
AcDbLine
 10
385.71200000000147
 20
-297.4639999999989
 30
0.0
 11
385.7790000000015
 21
-297.0599999999989
 31
0.0
  0
LINE
  5
9DA
330
17
100
AcDbEntity
  8
0
100
AcDbLine
 10
385.7790000000015
 20
-297.0599999999989
 30
0.0
 11
385.8670000000015
 21
-296.6639999999989
 31
0.0
  0
LINE
  5
9DB
330
17
100
AcDbEntity
  8
0
100
AcDbLine
 10
385.8670000000015
 20
-296.6639999999989
 30
0.0
 11
385.9770000000015
 21
-296.2769999999989
 31
0.0
  0
LINE
  5
9DC
330
17
100
AcDbEntity
  8
0
100
AcDbLine
 10
385.9770000000015
 20
-296.2769999999989
 30
0.0
 11
386.1080000000015
 21
-295.90099999999893
 31
0.0
  0
LINE
  5
9DD
330
17
100
AcDbEntity
  8
0
100
AcDbLine
 10
386.1080000000015
 20
-295.90099999999893
 30
0.0
 11
386.26000000000147
 21
-295.5359999999989
 31
0.0
  0
LINE
  5
9DE
330
17
100
AcDbEntity
  8
0
100
AcDbLine
 10
386.26000000000147
 20
-295.5359999999989
 30
0.0
 11
386.4320000000015
 21
-295.1829999999989
 31
0.0
  0
LINE
  5
9DF
330
17
100
AcDbEntity
  8
0
100
AcDbLine
 10
386.4320000000015
 20
-295.1829999999989
 30
0.0
 11
386.6240000000015
 21
-294.84299999999894
 31
0.0
  0
LINE
  5
9E0
330
17
100
AcDbEntity
  8
0
100
AcDbLine
 10
386.6240000000015
 20
-294.84299999999894
 30
0.0
 11
386.8360000000015
 21
-294.5169999999989
 31
0.0
  0
LINE
  5
9E1
330
17
100
AcDbEntity
  8
0
100
AcDbLine
 10
386.8360000000015
 20
-294.5169999999989
 30
0.0
 11
387.0670000000015
 21
-294.2069999999989
 31
0.0
  0
LINE
  5
9E2
330
17
100
AcDbEntity
  8
0
100
AcDbLine
 10
387.0670000000015
 20
-294.2069999999989
 30
0.0
 11
387.31800000000146
 21
-293.91299999999893
 31
0.0
  0
LINE
  5
9E3
330
17
100
AcDbEntity
  8
0
100
AcDbLine
 10
387.31800000000146
 20
-293.91299999999893
 30
0.0
 11
387.58700000000147
 21
-293.63599999999894
 31
0.0
  0
LINE
  5
9E4
330
17
100
AcDbEntity
  8
0
100
AcDbLine
 10
387.58700000000147
 20
-293.63599999999894
 30
0.0
 11
387.8750000000015
 21
-293.37799999999896
 31
0.0
  0
LINE
  5
9E5
330
17
100
AcDbEntity
  8
0
100
AcDbLine
 10
387.8750000000015
 20
-293.37799999999896
 30
0.0
 11
388.18100000000146
 21
-293.138999999999
 31
0.0
  0
LINE
  5
9E6
330
17
100
AcDbEntity
  8
0
100
AcDbLine
 10
388.18100000000146
 20
-293.138999999999
 30
0.0
 11
388.5050000000015
 21
-292.919999999999
 31
0.0
  0
LINE
  5
9E7
330
17
100
AcDbEntity
  8
0
100
AcDbLine
 10
388.5050000000015
 20
-292.919999999999
 30
0.0
 11
388.84700000000146
 21
-292.721999999999
 31
0.0
  0
LINE
  5
9E8
330
17
100
AcDbEntity
  8
0
100
AcDbLine
 10
388.84700000000146
 20
-292.721999999999
 30
0.0
 11
389.20600000000144
 21
-292.546999999999
 31
0.0
  0
LINE
  5
9E9
330
17
100
AcDbEntity
  8
0
100
AcDbLine
 10
389.20600000000144
 20
-292.546999999999
 30
0.0
 11
389.5820000000014
 21
-292.394999999999
 31
0.0
  0
LINE
  5
9EA
330
17
100
AcDbEntity
  8
0
100
AcDbLine
 10
389.5820000000014
 20
-292.394999999999
 30
0.0
 11
389.9750000000014
 21
-292.267999999999
 31
0.0
  0
LINE
  5
9EB
330
17
100
AcDbEntity
  8
0
100
AcDbLine
 10
389.9750000000014
 20
-292.267999999999
 30
0.0
 11
390.3840000000014
 21
-292.16599999999903
 31
0.0
  0
LINE
  5
9EC
330
17
100
AcDbEntity
  8
0
100
AcDbLine
 10
390.3840000000014
 20
-292.16599999999903
 30
0.0
 11
390.81000000000137
 21
-292.089999999999
 31
0.0
  0
LINE
  5
9ED
330
17
100
AcDbEntity
  8
0
100
AcDbLine
 10
390.81000000000137
 20
-292.089999999999
 30
0.0
 11
391.25100000000134
 21
-292.041999999999
 31
0.0
  0
LINE
  5
9EE
330
17
100
AcDbEntity
  8
0
100
AcDbLine
 10
391.25100000000134
 20
-292.041999999999
 30
0.0
 11
391.70800000000133
 21
-292.021999999999
 31
0.0
  0
LINE
  5
9EF
330
17
100
AcDbEntity
  8
0
100
AcDbLine
 10
391.70800000000133
 20
-292.021999999999
 30
0.0
 11
393.21200000000135
 21
-292.00499999999903
 31
0.0
  0
LINE
  5
9F0
330
17
100
AcDbEntity
  8
0
100
AcDbLine
 10
393.21200000000135
 20
-292.00499999999903
 30
0.0
 11
394.70800000000133
 21
-291.988999999999
 31
0.0
  0
LINE
  5
9F1
330
17
100
AcDbEntity
  8
0
100
AcDbLine
 10
394.70800000000133
 20
-291.988999999999
 30
0.0
 11
396.1970000000013
 21
-291.973999999999
 31
0.0
  0
LINE
  5
9F2
330
17
100
AcDbEntity
  8
0
100
AcDbLine
 10
396.1970000000013
 20
-291.973999999999
 30
0.0
 11
397.6800000000013
 21
-291.959999999999
 31
0.0
  0
LINE
  5
9F3
330
17
100
AcDbEntity
  8
0
100
AcDbLine
 10
397.6800000000013
 20
-291.959999999999
 30
0.0
 11
399.1570000000013
 21
-291.94699999999904
 31
0.0
  0
LINE
  5
9F4
330
17
100
AcDbEntity
  8
0
100
AcDbLine
 10
399.1570000000013
 20
-291.94699999999904
 30
0.0
 11
400.6280000000013
 21
-291.93499999999904
 31
0.0
  0
LINE
  5
9F5
330
17
100
AcDbEntity
  8
0
100
AcDbLine
 10
400.6280000000013
 20
-291.93499999999904
 30
0.0
 11
402.0950000000013
 21
-291.923999999999
 31
0.0
  0
LINE
  5
9F6
330
17
100
AcDbEntity
  8
0
100
AcDbLine
 10
402.0950000000013
 20
-291.923999999999
 30
0.0
 11
403.5580000000013
 21
-291.913999999999
 31
0.0
  0
LINE
  5
9F7
330
17
100
AcDbEntity
  8
0
100
AcDbLine
 10
403.5580000000013
 20
-291.913999999999
 30
0.0
 11
405.0180000000013
 21
-291.904999999999
 31
0.0
  0
LINE
  5
9F8
330
17
100
AcDbEntity
  8
0
100
AcDbLine
 10
405.0180000000013
 20
-291.904999999999
 30
0.0
 11
406.4750000000013
 21
-291.896999999999
 31
0.0
  0
LINE
  5
9F9
330
17
100
AcDbEntity
  8
0
100
AcDbLine
 10
406.4750000000013
 20
-291.896999999999
 30
0.0
 11
407.93000000000126
 21
-291.889999999999
 31
0.0
  0
LINE
  5
9FA
330
17
100
AcDbEntity
  8
0
100
AcDbLine
 10
407.93000000000126
 20
-291.889999999999
 30
0.0
 11
409.38400000000127
 21
-291.884999999999
 31
0.0
  0
LINE
  5
9FB
330
17
100
AcDbEntity
  8
0
100
AcDbLine
 10
409.38400000000127
 20
-291.884999999999
 30
0.0
 11
410.83700000000124
 21
-291.880999999999
 31
0.0
  0
LINE
  5
9FC
330
17
100
AcDbEntity
  8
0
100
AcDbLine
 10
410.83700000000124
 20
-291.880999999999
 30
0.0
 11
412.2900000000012
 21
-291.877999999999
 31
0.0
  0
LINE
  5
9FD
330
17
100
AcDbEntity
  8
0
100
AcDbLine
 10
412.2900000000012
 20
-291.877999999999
 30
0.0
 11
413.7440000000012
 21
-291.87699999999904
 31
0.0
  0
LINE
  5
9FE
330
17
100
AcDbEntity
  8
0
100
AcDbLine
 10
413.7440000000012
 20
-291.87699999999904
 30
0.0
 11
415.20000000000124
 21
-291.87699999999904
 31
0.0
  0
LINE
  5
9FF
330
17
100
AcDbEntity
  8
0
100
AcDbLine
 10
415.20000000000124
 20
-291.87699999999904
 30
0.0
 11
416.65800000000127
 21
-291.87899999999905
 31
0.0
  0
LINE
  5
A00
330
17
100
AcDbEntity
  8
0
100
AcDbLine
 10
416.65800000000127
 20
-291.87899999999905
 30
0.0
 11
418.1190000000013
 21
-291.88199999999904
 31
0.0
  0
LINE
  5
A01
330
17
100
AcDbEntity
  8
0
100
AcDbLine
 10
418.1190000000013
 20
-291.88199999999904
 30
0.0
 11
419.5830000000013
 21
-291.88699999999903
 31
0.0
  0
LINE
  5
A02
330
17
100
AcDbEntity
  8
0
100
AcDbLine
 10
419.5830000000013
 20
-291.88699999999903
 30
0.0
 11
421.0510000000013
 21
-291.89399999999904
 31
0.0
  0
LINE
  5
A03
330
17
100
AcDbEntity
  8
0
100
AcDbLine
 10
421.0510000000013
 20
-291.89399999999904
 30
0.0
 11
422.5240000000013
 21
-291.90299999999905
 31
0.0
  0
LINE
  5
A04
330
17
100
AcDbEntity
  8
0
100
AcDbLine
 10
422.5240000000013
 20
-291.90299999999905
 30
0.0
 11
424.0030000000013
 21
-291.91299999999904
 31
0.0
  0
LINE
  5
A05
330
17
100
AcDbEntity
  8
0
100
AcDbLine
 10
424.0030000000013
 20
-291.91299999999904
 30
0.0
 11
425.4880000000013
 21
-291.92499999999905
 31
0.0
  0
LINE
  5
A06
330
17
100
AcDbEntity
  8
0
100
AcDbLine
 10
425.4880000000013
 20
-291.92499999999905
 30
0.0
 11
426.9800000000013
 21
-291.93899999999906
 31
0.0
  0
LINE
  5
A07
330
17
100
AcDbEntity
  8
0
100
AcDbLine
 10
426.9800000000013
 20
-291.93899999999906
 30
0.0
 11
428.47900000000135
 21
-291.9549999999991
 31
0.0
  0
LINE
  5
A08
330
17
100
AcDbEntity
  8
0
100
AcDbLine
 10
428.47900000000135
 20
-291.9549999999991
 30
0.0
 11
429.98600000000135
 21
-291.97299999999905
 31
0.0
  0
LINE
  5
A09
330
17
100
AcDbEntity
  8
0
100
AcDbLine
 10
429.98600000000135
 20
-291.97299999999905
 30
0.0
 11
431.5020000000014
 21
-291.99299999999903
 31
0.0
  0
LINE
  5
A0A
330
17
100
AcDbEntity
  8
0
100
AcDbLine
 10
431.5020000000014
 20
-291.99299999999903
 30
0.0
 11
433.0280000000014
 21
-292.014999999999
 31
0.0
  0
LINE
  5
A0B
330
17
100
AcDbEntity
  8
0
100
AcDbLine
 10
433.0280000000014
 20
-292.014999999999
 30
0.0
 11
434.5640000000014
 21
-292.039999999999
 31
0.0
  0
LINE
  5
A0C
330
17
100
AcDbEntity
  8
0
100
AcDbLine
 10
434.5640000000014
 20
-292.039999999999
 30
0.0
 11
436.1110000000014
 21
-292.066999999999
 31
0.0
  0
LINE
  5
A0D
330
17
100
AcDbEntity
  8
0
100
AcDbLine
 10
436.1110000000014
 20
-292.066999999999
 30
0.0
 11
437.6690000000014
 21
-292.095999999999
 31
0.0
  0
LINE
  5
A0E
330
17
100
AcDbEntity
  8
0
100
AcDbLine
 10
437.6690000000014
 20
-292.095999999999
 30
0.0
 11
439.24000000000143
 21
-292.12799999999896
 31
0.0
  0
LINE
  5
A0F
330
17
100
AcDbEntity
  8
0
100
AcDbLine
 10
439.24000000000143
 20
-292.12799999999896
 30
0.0
 11
439.90300000000144
 21
-292.14499999999896
 31
0.0
  0
LINE
  5
A10
330
17
100
AcDbEntity
  8
0
100
AcDbLine
 10
439.90300000000144
 20
-292.14499999999896
 30
0.0
 11
440.57900000000143
 21
-292.167999999999
 31
0.0
  0
LINE
  5
A11
330
17
100
AcDbEntity
  8
0
100
AcDbLine
 10
440.57900000000143
 20
-292.167999999999
 30
0.0
 11
441.26600000000144
 21
-292.19799999999896
 31
0.0
  0
LINE
  5
A12
330
17
100
AcDbEntity
  8
0
100
AcDbLine
 10
441.26600000000144
 20
-292.19799999999896
 30
0.0
 11
441.9640000000014
 21
-292.23499999999893
 31
0.0
  0
LINE
  5
A13
330
17
100
AcDbEntity
  8
0
100
AcDbLine
 10
441.9640000000014
 20
-292.23499999999893
 30
0.0
 11
442.6710000000014
 21
-292.2789999999989
 31
0.0
  0
LINE
  5
A14
330
17
100
AcDbEntity
  8
0
100
AcDbLine
 10
442.6710000000014
 20
-292.2789999999989
 30
0.0
 11
443.3870000000014
 21
-292.3299999999989
 31
0.0
  0
LINE
  5
A15
330
17
100
AcDbEntity
  8
0
100
AcDbLine
 10
443.3870000000014
 20
-292.3299999999989
 30
0.0
 11
444.11000000000143
 21
-292.38899999999893
 31
0.0
  0
LINE
  5
A16
330
17
100
AcDbEntity
  8
0
100
AcDbLine
 10
444.11000000000143
 20
-292.38899999999893
 30
0.0
 11
444.8390000000014
 21
-292.45599999999894
 31
0.0
  0
LINE
  5
A17
330
17
100
AcDbEntity
  8
0
100
AcDbLine
 10
444.8390000000014
 20
-292.45599999999894
 30
0.0
 11
445.57400000000143
 21
-292.5309999999989
 31
0.0
  0
LINE
  5
A18
330
17
100
AcDbEntity
  8
0
100
AcDbLine
 10
445.57400000000143
 20
-292.5309999999989
 30
0.0
 11
446.3130000000014
 21
-292.61499999999893
 31
0.0
  0
LINE
  5
A19
330
17
100
AcDbEntity
  8
0
100
AcDbLine
 10
446.3130000000014
 20
-292.61499999999893
 30
0.0
 11
447.0550000000014
 21
-292.7069999999989
 31
0.0
  0
LINE
  5
A1A
330
17
100
AcDbEntity
  8
0
100
AcDbLine
 10
447.0550000000014
 20
-292.7069999999989
 30
0.0
 11
447.80000000000143
 21
-292.8079999999989
 31
0.0
  0
LINE
  5
A1B
330
17
100
AcDbEntity
  8
0
100
AcDbLine
 10
447.80000000000143
 20
-292.8079999999989
 30
0.0
 11
448.5460000000014
 21
-292.9179999999989
 31
0.0
  0
LINE
  5
A1C
330
17
100
AcDbEntity
  8
0
100
AcDbLine
 10
448.5460000000014
 20
-292.9179999999989
 30
0.0
 11
449.2920000000014
 21
-293.03799999999893
 31
0.0
  0
LINE
  5
A1D
330
17
100
AcDbEntity
  8
0
100
AcDbLine
 10
449.2920000000014
 20
-293.03799999999893
 30
0.0
 11
450.0370000000014
 21
-293.1679999999989
 31
0.0
  0
LINE
  5
A1E
330
17
100
AcDbEntity
  8
0
100
AcDbLine
 10
450.0370000000014
 20
-293.1679999999989
 30
0.0
 11
450.7810000000014
 21
-293.3079999999989
 31
0.0
  0
LINE
  5
A1F
330
17
100
AcDbEntity
  8
0
100
AcDbLine
 10
450.7810000000014
 20
-293.3079999999989
 30
0.0
 11
451.5220000000014
 21
-293.4579999999989
 31
0.0
  0
LINE
  5
A20
330
17
100
AcDbEntity
  8
0
100
AcDbLine
 10
451.5220000000014
 20
-293.4579999999989
 30
0.0
 11
452.25900000000144
 21
-293.6179999999989
 31
0.0
  0
LINE
  5
A21
330
17
100
AcDbEntity
  8
0
100
AcDbLine
 10
452.25900000000144
 20
-293.6179999999989
 30
0.0
 11
452.99100000000146
 21
-293.7889999999989
 31
0.0
  0
LINE
  5
A22
330
17
100
AcDbEntity
  8
0
100
AcDbLine
 10
452.99100000000146
 20
-293.7889999999989
 30
0.0
 11
453.71700000000146
 21
-293.9709999999989
 31
0.0
  0
LINE
  5
A23
330
17
100
AcDbEntity
  8
0
100
AcDbLine
 10
453.71700000000146
 20
-293.9709999999989
 30
0.0
 11
454.43600000000146
 21
-294.1639999999989
 31
0.0
  0
LINE
  5
A24
330
17
100
AcDbEntity
  8
0
100
AcDbLine
 10
454.43600000000146
 20
-294.1639999999989
 30
0.0
 11
455.14700000000147
 21
-294.3689999999989
 31
0.0
  0
LINE
  5
A25
330
17
100
AcDbEntity
  8
0
100
AcDbLine
 10
455.14700000000147
 20
-294.3689999999989
 30
0.0
 11
455.84900000000147
 21
-294.5859999999989
 31
0.0
  0
LINE
  5
A26
330
17
100
AcDbEntity
  8
0
100
AcDbLine
 10
455.84900000000147
 20
-294.5859999999989
 30
0.0
 11
456.5410000000015
 21
-294.81499999999886
 31
0.0
  0
LINE
  5
A27
330
17
100
AcDbEntity
  8
0
100
AcDbLine
 10
456.5410000000015
 20
-294.81499999999886
 30
0.0
 11
457.22200000000146
 21
-295.05599999999885
 31
0.0
  0
LINE
  5
A28
330
17
100
AcDbEntity
  8
0
100
AcDbLine
 10
457.22200000000146
 20
-295.05599999999885
 30
0.0
 11
457.89100000000144
 21
-295.30999999999887
 31
0.0
  0
LINE
  5
A29
330
17
100
AcDbEntity
  8
0
100
AcDbLine
 10
457.89100000000144
 20
-295.30999999999887
 30
0.0
 11
458.54700000000145
 21
-295.5759999999989
 31
0.0
  0
LINE
  5
A2A
330
17
100
AcDbEntity
  8
0
100
AcDbLine
 10
458.54700000000145
 20
-295.5759999999989
 30
0.0
 11
459.18900000000144
 21
-295.8549999999989
 31
0.0
  0
LINE
  5
A2B
330
17
100
AcDbEntity
  8
0
100
AcDbLine
 10
459.18900000000144
 20
-295.8549999999989
 30
0.0
 11
459.8150000000014
 21
-296.1479999999989
 31
0.0
  0
LINE
  5
A2C
330
17
100
AcDbEntity
  8
0
100
AcDbLine
 10
459.8150000000014
 20
-296.1479999999989
 30
0.0
 11
460.42500000000143
 21
-296.45399999999887
 31
0.0
  0
LINE
  5
A2D
330
17
100
AcDbEntity
  8
0
100
AcDbLine
 10
460.42500000000143
 20
-296.45399999999887
 30
0.0
 11
461.01800000000145
 21
-296.77399999999886
 31
0.0
  0
LINE
  5
A2E
330
17
100
AcDbEntity
  8
0
100
AcDbLine
 10
461.01800000000145
 20
-296.77399999999886
 30
0.0
 11
461.59300000000144
 21
-297.10799999999887
 31
0.0
  0
LINE
  5
A2F
330
17
100
AcDbEntity
  8
0
100
AcDbLine
 10
461.59300000000144
 20
-297.10799999999887
 30
0.0
 11
462.00400000000144
 21
-297.36099999999885
 31
0.0
  0
LINE
  5
A30
330
17
100
AcDbEntity
  8
0
100
AcDbLine
 10
462.00400000000144
 20
-297.36099999999885
 30
0.0
 11
462.41700000000145
 21
-297.62599999999884
 31
0.0
  0
LINE
  5
A31
330
17
100
AcDbEntity
  8
0
100
AcDbLine
 10
462.41700000000145
 20
-297.62599999999884
 30
0.0
 11
462.83200000000147
 21
-297.90199999999885
 31
0.0
  0
LINE
  5
A32
330
17
100
AcDbEntity
  8
0
100
AcDbLine
 10
462.83200000000147
 20
-297.90199999999885
 30
0.0
 11
463.24800000000147
 21
-298.1889999999988
 31
0.0
  0
LINE
  5
A33
330
17
100
AcDbEntity
  8
0
100
AcDbLine
 10
463.24800000000147
 20
-298.1889999999988
 30
0.0
 11
463.66500000000144
 21
-298.48599999999885
 31
0.0
  0
LINE
  5
A34
330
17
100
AcDbEntity
  8
0
100
AcDbLine
 10
463.66500000000144
 20
-298.48599999999885
 30
0.0
 11
464.08300000000145
 21
-298.79299999999887
 31
0.0
  0
LINE
  5
A35
330
17
100
AcDbEntity
  8
0
100
AcDbLine
 10
464.08300000000145
 20
-298.79299999999887
 30
0.0
 11
464.50100000000145
 21
-299.1099999999989
 31
0.0
  0
LINE
  5
A36
330
17
100
AcDbEntity
  8
0
100
AcDbLine
 10
464.50100000000145
 20
-299.1099999999989
 30
0.0
 11
464.9180000000014
 21
-299.4359999999989
 31
0.0
  0
LINE
  5
A37
330
17
100
AcDbEntity
  8
0
100
AcDbLine
 10
464.9180000000014
 20
-299.4359999999989
 30
0.0
 11
465.3340000000014
 21
-299.7699999999989
 31
0.0
  0
LINE
  5
A38
330
17
100
AcDbEntity
  8
0
100
AcDbLine
 10
465.3340000000014
 20
-299.7699999999989
 30
0.0
 11
465.74900000000144
 21
-300.1129999999989
 31
0.0
  0
LINE
  5
A39
330
17
100
AcDbEntity
  8
0
100
AcDbLine
 10
465.74900000000144
 20
-300.1129999999989
 30
0.0
 11
466.16200000000146
 21
-300.4639999999989
 31
0.0
  0
LINE
  5
A3A
330
17
100
AcDbEntity
  8
0
100
AcDbLine
 10
466.16200000000146
 20
-300.4639999999989
 30
0.0
 11
466.57300000000146
 21
-300.8219999999989
 31
0.0
  0
LINE
  5
A3B
330
17
100
AcDbEntity
  8
0
100
AcDbLine
 10
466.57300000000146
 20
-300.8219999999989
 30
0.0
 11
466.9810000000015
 21
-301.18699999999893
 31
0.0
  0
LINE
  5
A3C
330
17
100
AcDbEntity
  8
0
100
AcDbLine
 10
466.9810000000015
 20
-301.18699999999893
 30
0.0
 11
467.38600000000145
 21
-301.55899999999895
 31
0.0
  0
LINE
  5
A3D
330
17
100
AcDbEntity
  8
0
100
AcDbLine
 10
467.38600000000145
 20
-301.55899999999895
 30
0.0
 11
467.78700000000146
 21
-301.93699999999893
 31
0.0
  0
LINE
  5
A3E
330
17
100
AcDbEntity
  8
0
100
AcDbLine
 10
467.78700000000146
 20
-301.93699999999893
 30
0.0
 11
468.18400000000145
 21
-302.32099999999895
 31
0.0
  0
LINE
  5
A3F
330
17
100
AcDbEntity
  8
0
100
AcDbLine
 10
468.18400000000145
 20
-302.32099999999895
 30
0.0
 11
468.5770000000014
 21
-302.70999999999896
 31
0.0
  0
LINE
  5
A40
330
17
100
AcDbEntity
  8
0
100
AcDbLine
 10
468.5770000000014
 20
-302.70999999999896
 30
0.0
 11
468.9650000000014
 21
-303.10399999999896
 31
0.0
  0
LINE
  5
A41
330
17
100
AcDbEntity
  8
0
100
AcDbLine
 10
468.9650000000014
 20
-303.10399999999896
 30
0.0
 11
469.3470000000014
 21
-303.50299999999896
 31
0.0
  0
LINE
  5
A42
330
17
100
AcDbEntity
  8
0
100
AcDbLine
 10
469.3470000000014
 20
-303.50299999999896
 30
0.0
 11
469.7230000000014
 21
-303.905999999999
 31
0.0
  0
LINE
  5
A43
330
17
100
AcDbEntity
  8
0
100
AcDbLine
 10
469.7230000000014
 20
-303.905999999999
 30
0.0
 11
470.0930000000014
 21
-304.31299999999896
 31
0.0
  0
LINE
  5
A44
330
17
100
AcDbEntity
  8
0
100
AcDbLine
 10
470.0930000000014
 20
-304.31299999999896
 30
0.0
 11
470.4560000000014
 21
-304.722999999999
 31
0.0
  0
LINE
  5
A45
330
17
100
AcDbEntity
  8
0
100
AcDbLine
 10
470.4560000000014
 20
-304.722999999999
 30
0.0
 11
470.8120000000014
 21
-305.135999999999
 31
0.0
  0
LINE
  5
A46
330
17
100
AcDbEntity
  8
0
100
AcDbLine
 10
470.8120000000014
 20
-305.135999999999
 30
0.0
 11
471.1600000000014
 21
-305.551999999999
 31
0.0
  0
LINE
  5
A47
330
17
100
AcDbEntity
  8
0
100
AcDbLine
 10
471.1600000000014
 20
-305.551999999999
 30
0.0
 11
471.50000000000136
 21
-305.969999999999
 31
0.0
  0
LINE
  5
A48
330
17
100
AcDbEntity
  8
0
100
AcDbLine
 10
471.50000000000136
 20
-305.969999999999
 30
0.0
 11
471.8310000000014
 21
-306.389999999999
 31
0.0
  0
LINE
  5
A49
330
17
100
AcDbEntity
  8
0
100
AcDbLine
 10
471.8310000000014
 20
-306.389999999999
 30
0.0
 11
472.1530000000014
 21
-306.810999999999
 31
0.0
  0
LINE
  5
A4A
330
17
100
AcDbEntity
  8
0
100
AcDbLine
 10
472.1530000000014
 20
-306.810999999999
 30
0.0
 11
472.4660000000014
 21
-307.23299999999904
 31
0.0
  0
LINE
  5
A4B
330
17
100
AcDbEntity
  8
0
100
AcDbLine
 10
472.4660000000014
 20
-307.23299999999904
 30
0.0
 11
472.76900000000137
 21
-307.65499999999906
 31
0.0
  0
LINE
  5
A4C
330
17
100
AcDbEntity
  8
0
100
AcDbLine
 10
472.76900000000137
 20
-307.65499999999906
 30
0.0
 11
473.06100000000134
 21
-308.0769999999991
 31
0.0
  0
LINE
  5
A4D
330
17
100
AcDbEntity
  8
0
100
AcDbLine
 10
473.06100000000134
 20
-308.0769999999991
 30
0.0
 11
473.34200000000135
 21
-308.4989999999991
 31
0.0
  0
LINE
  5
A4E
330
17
100
AcDbEntity
  8
0
100
AcDbLine
 10
473.34200000000135
 20
-308.4989999999991
 30
0.0
 11
473.61200000000133
 21
-308.9199999999991
 31
0.0
  0
LINE
  5
A4F
330
17
100
AcDbEntity
  8
0
100
AcDbLine
 10
473.61200000000133
 20
-308.9199999999991
 30
0.0
 11
473.7260000000013
 21
-309.1029999999991
 31
0.0
  0
LINE
  5
A50
330
17
100
AcDbEntity
  8
0
100
AcDbLine
 10
473.7260000000013
 20
-309.1029999999991
 30
0.0
 11
473.83800000000133
 21
-309.2839999999991
 31
0.0
  0
LINE
  5
A51
330
17
100
AcDbEntity
  8
0
100
AcDbLine
 10
473.83800000000133
 20
-309.2839999999991
 30
0.0
 11
473.94800000000134
 21
-309.46499999999907
 31
0.0
  0
LINE
  5
A52
330
17
100
AcDbEntity
  8
0
100
AcDbLine
 10
473.94800000000134
 20
-309.46499999999907
 30
0.0
 11
474.0570000000013
 21
-309.6449999999991
 31
0.0
  0
LINE
  5
A53
330
17
100
AcDbEntity
  8
0
100
AcDbLine
 10
474.0570000000013
 20
-309.6449999999991
 30
0.0
 11
474.16400000000135
 21
-309.82399999999905
 31
0.0
  0
LINE
  5
A54
330
17
100
AcDbEntity
  8
0
100
AcDbLine
 10
474.16400000000135
 20
-309.82399999999905
 30
0.0
 11
474.26900000000137
 21
-310.002999999999
 31
0.0
  0
LINE
  5
A55
330
17
100
AcDbEntity
  8
0
100
AcDbLine
 10
474.26900000000137
 20
-310.002999999999
 30
0.0
 11
474.37300000000135
 21
-310.181999999999
 31
0.0
  0
LINE
  5
A56
330
17
100
AcDbEntity
  8
0
100
AcDbLine
 10
474.37300000000135
 20
-310.181999999999
 30
0.0
 11
474.47500000000133
 21
-310.36099999999897
 31
0.0
  0
LINE
  5
A57
330
17
100
AcDbEntity
  8
0
100
AcDbLine
 10
474.47500000000133
 20
-310.36099999999897
 30
0.0
 11
474.57600000000133
 21
-310.53999999999894
 31
0.0
  0
LINE
  5
A58
330
17
100
AcDbEntity
  8
0
100
AcDbLine
 10
474.57600000000133
 20
-310.53999999999894
 30
0.0
 11
474.6750000000013
 21
-310.7189999999989
 31
0.0
  0
LINE
  5
A59
330
17
100
AcDbEntity
  8
0
100
AcDbLine
 10
474.6750000000013
 20
-310.7189999999989
 30
0.0
 11
474.77300000000133
 21
-310.8989999999989
 31
0.0
  0
LINE
  5
A5A
330
17
100
AcDbEntity
  8
0
100
AcDbLine
 10
474.77300000000133
 20
-310.8989999999989
 30
0.0
 11
474.86900000000134
 21
-311.0789999999989
 31
0.0
  0
LINE
  5
A5B
330
17
100
AcDbEntity
  8
0
100
AcDbLine
 10
474.86900000000134
 20
-311.0789999999989
 30
0.0
 11
474.96400000000136
 21
-311.2599999999989
 31
0.0
  0
LINE
  5
A5C
330
17
100
AcDbEntity
  8
0
100
AcDbLine
 10
474.96400000000136
 20
-311.2599999999989
 30
0.0
 11
475.05800000000136
 21
-311.4419999999989
 31
0.0
  0
LINE
  5
A5D
330
17
100
AcDbEntity
  8
0
100
AcDbLine
 10
475.05800000000136
 20
-311.4419999999989
 30
0.0
 11
475.1510000000014
 21
-311.6249999999989
 31
0.0
  0
LINE
  5
A5E
330
17
100
AcDbEntity
  8
0
100
AcDbLine
 10
475.1510000000014
 20
-311.6249999999989
 30
0.0
 11
475.24300000000136
 21
-311.80899999999895
 31
0.0
  0
LINE
  5
A5F
330
17
100
AcDbEntity
  8
0
100
AcDbLine
 10
475.24300000000136
 20
-311.80899999999895
 30
0.0
 11
475.33400000000137
 21
-311.9949999999989
 31
0.0
  0
LINE
  5
A60
330
17
100
AcDbEntity
  8
0
100
AcDbLine
 10
475.33400000000137
 20
-311.9949999999989
 30
0.0
 11
475.42400000000134
 21
-312.1829999999989
 31
0.0
  0
LINE
  5
A61
330
17
100
AcDbEntity
  8
0
100
AcDbLine
 10
475.42400000000134
 20
-312.1829999999989
 30
0.0
 11
475.51300000000134
 21
-312.37199999999893
 31
0.0
  0
LINE
  5
A62
330
17
100
AcDbEntity
  8
0
100
AcDbLine
 10
475.51300000000134
 20
-312.37199999999893
 30
0.0
 11
475.60100000000136
 21
-312.5629999999989
 31
0.0
  0
LINE
  5
A63
330
17
100
AcDbEntity
  8
0
100
AcDbLine
 10
475.60100000000136
 20
-312.5629999999989
 30
0.0
 11
475.68800000000135
 21
-312.7569999999989
 31
0.0
  0
LINE
  5
A64
330
17
100
AcDbEntity
  8
0
100
AcDbLine
 10
475.68800000000135
 20
-312.7569999999989
 30
0.0
 11
475.77400000000137
 21
-312.95299999999895
 31
0.0
  0
LINE
  5
A65
330
17
100
AcDbEntity
  8
0
100
AcDbLine
 10
475.77400000000137
 20
-312.95299999999895
 30
0.0
 11
475.85900000000134
 21
-313.15099999999893
 31
0.0
  0
LINE
  5
A66
330
17
100
AcDbEntity
  8
0
100
AcDbLine
 10
475.85900000000134
 20
-313.15099999999893
 30
0.0
 11
475.9440000000013
 21
-313.35199999999895
 31
0.0
  0
LINE
  5
A67
330
17
100
AcDbEntity
  8
0
100
AcDbLine
 10
475.9440000000013
 20
-313.35199999999895
 30
0.0
 11
476.0280000000013
 21
-313.55599999999896
 31
0.0
  0
LINE
  5
A68
330
17
100
AcDbEntity
  8
0
100
AcDbLine
 10
476.0280000000013
 20
-313.55599999999896
 30
0.0
 11
476.11100000000135
 21
-313.76299999999895
 31
0.0
  0
LINE
  5
A69
330
17
100
AcDbEntity
  8
0
100
AcDbLine
 10
476.11100000000135
 20
-313.76299999999895
 30
0.0
 11
476.1940000000014
 21
-313.97299999999893
 31
0.0
  0
LINE
  5
A6A
330
17
100
AcDbEntity
  8
0
100
AcDbLine
 10
476.1940000000014
 20
-313.97299999999893
 30
0.0
 11
476.2770000000014
 21
-314.18699999999893
 31
0.0
  0
LINE
  5
A6B
330
17
100
AcDbEntity
  8
0
100
AcDbLine
 10
476.2770000000014
 20
-314.18699999999893
 30
0.0
 11
476.3590000000014
 21
-314.4039999999989
 31
0.0
  0
LINE
  5
A6C
330
17
100
AcDbEntity
  8
0
100
AcDbLine
 10
476.3590000000014
 20
-314.4039999999989
 30
0.0
 11
476.4410000000014
 21
-314.6249999999989
 31
0.0
  0
LINE
  5
A6D
330
17
100
AcDbEntity
  8
0
100
AcDbLine
 10
476.4410000000014
 20
-314.6249999999989
 30
0.0
 11
476.5220000000014
 21
-314.84999999999894
 31
0.0
  0
LINE
  5
A6E
330
17
100
AcDbEntity
  8
0
100
AcDbLine
 10
476.5220000000014
 20
-314.84999999999894
 30
0.0
 11
476.60300000000143
 21
-315.0789999999989
 31
0.0
  0
LINE
  5
A6F
330
17
100
AcDbEntity
  8
0
100
AcDbLine
 10
476.60300000000143
 20
-315.0789999999989
 30
0.0
 11
476.6160000000014
 21
-315.1179999999989
 31
0.0
  0
LINE
  5
A70
330
17
100
AcDbEntity
  8
0
100
AcDbLine
 10
476.6160000000014
 20
-315.1179999999989
 30
0.0
 11
476.6290000000014
 21
-315.1569999999989
 31
0.0
  0
LINE
  5
A71
330
17
100
AcDbEntity
  8
0
100
AcDbLine
 10
476.6290000000014
 20
-315.1569999999989
 30
0.0
 11
476.64200000000136
 21
-315.1959999999989
 31
0.0
  0
LINE
  5
A72
330
17
100
AcDbEntity
  8
0
100
AcDbLine
 10
476.64200000000136
 20
-315.1959999999989
 30
0.0
 11
476.65400000000136
 21
-315.2349999999989
 31
0.0
  0
LINE
  5
A73
330
17
100
AcDbEntity
  8
0
100
AcDbLine
 10
476.65400000000136
 20
-315.2349999999989
 30
0.0
 11
476.66600000000136
 21
-315.27399999999886
 31
0.0
  0
LINE
  5
A74
330
17
100
AcDbEntity
  8
0
100
AcDbLine
 10
476.66600000000136
 20
-315.27399999999886
 30
0.0
 11
476.67800000000136
 21
-315.31299999999885
 31
0.0
  0
LINE
  5
A75
330
17
100
AcDbEntity
  8
0
100
AcDbLine
 10
476.67800000000136
 20
-315.31299999999885
 30
0.0
 11
476.69000000000136
 21
-315.35199999999884
 31
0.0
  0
LINE
  5
A76
330
17
100
AcDbEntity
  8
0
100
AcDbLine
 10
476.69000000000136
 20
-315.35199999999884
 30
0.0
 11
476.7010000000014
 21
-315.3909999999988
 31
0.0
  0
LINE
  5
A77
330
17
100
AcDbEntity
  8
0
100
AcDbLine
 10
476.7010000000014
 20
-315.3909999999988
 30
0.0
 11
476.7120000000014
 21
-315.4299999999988
 31
0.0
  0
LINE
  5
A78
330
17
100
AcDbEntity
  8
0
100
AcDbLine
 10
476.7120000000014
 20
-315.4299999999988
 30
0.0
 11
476.72300000000143
 21
-315.4689999999988
 31
0.0
  0
LINE
  5
A79
330
17
100
AcDbEntity
  8
0
100
AcDbLine
 10
476.72300000000143
 20
-315.4689999999988
 30
0.0
 11
476.7330000000014
 21
-315.5079999999988
 31
0.0
  0
LINE
  5
A7A
330
17
100
AcDbEntity
  8
0
100
AcDbLine
 10
476.7330000000014
 20
-315.5079999999988
 30
0.0
 11
476.7430000000014
 21
-315.5469999999988
 31
0.0
  0
LINE
  5
A7B
330
17
100
AcDbEntity
  8
0
100
AcDbLine
 10
476.7430000000014
 20
-315.5469999999988
 30
0.0
 11
476.7530000000014
 21
-315.58599999999876
 31
0.0
  0
LINE
  5
A7C
330
17
100
AcDbEntity
  8
0
100
AcDbLine
 10
476.7530000000014
 20
-315.58599999999876
 30
0.0
 11
476.7620000000014
 21
-315.62499999999875
 31
0.0
  0
LINE
  5
A7D
330
17
100
AcDbEntity
  8
0
100
AcDbLine
 10
476.7620000000014
 20
-315.62499999999875
 30
0.0
 11
476.77100000000144
 21
-315.66399999999874
 31
0.0
  0
LINE
  5
A7E
330
17
100
AcDbEntity
  8
0
100
AcDbLine
 10
476.77100000000144
 20
-315.66399999999874
 30
0.0
 11
476.78000000000145
 21
-315.7029999999987
 31
0.0
  0
LINE
  5
A7F
330
17
100
AcDbEntity
  8
0
100
AcDbLine
 10
476.78000000000145
 20
-315.7029999999987
 30
0.0
 11
476.78900000000147
 21
-315.7419999999987
 31
0.0
  0
LINE
  5
A80
330
17
100
AcDbEntity
  8
0
100
AcDbLine
 10
476.78900000000147
 20
-315.7419999999987
 30
0.0
 11
476.79700000000145
 21
-315.7809999999987
 31
0.0
  0
LINE
  5
A81
330
17
100
AcDbEntity
  8
0
100
AcDbLine
 10
476.79700000000145
 20
-315.7809999999987
 30
0.0
 11
476.8050000000014
 21
-315.8199999999987
 31
0.0
  0
LINE
  5
A82
330
17
100
AcDbEntity
  8
0
100
AcDbLine
 10
476.8050000000014
 20
-315.8199999999987
 30
0.0
 11
476.8130000000014
 21
-315.8589999999987
 31
0.0
  0
LINE
  5
A83
330
17
100
AcDbEntity
  8
0
100
AcDbLine
 10
476.8130000000014
 20
-315.8589999999987
 30
0.0
 11
476.8200000000014
 21
-315.89799999999866
 31
0.0
  0
LINE
  5
A84
330
17
100
AcDbEntity
  8
0
100
AcDbLine
 10
476.8200000000014
 20
-315.89799999999866
 30
0.0
 11
476.8270000000014
 21
-315.93699999999865
 31
0.0
  0
LINE
  5
A85
330
17
100
AcDbEntity
  8
0
100
AcDbLine
 10
476.8270000000014
 20
-315.93699999999865
 30
0.0
 11
476.8340000000014
 21
-315.97599999999863
 31
0.0
  0
LINE
  5
A86
330
17
100
AcDbEntity
  8
0
100
AcDbLine
 10
476.8340000000014
 20
-315.97599999999863
 30
0.0
 11
476.84100000000143
 21
-316.0149999999986
 31
0.0
  0
LINE
  5
A87
330
17
100
AcDbEntity
  8
0
100
AcDbLine
 10
476.84100000000143
 20
-316.0149999999986
 30
0.0
 11
476.8470000000014
 21
-316.0539999999986
 31
0.0
  0
LINE
  5
A88
330
17
100
AcDbEntity
  8
0
100
AcDbLine
 10
476.8470000000014
 20
-316.0539999999986
 30
0.0
 11
476.8530000000014
 21
-316.0929999999986
 31
0.0
  0
LINE
  5
A89
330
17
100
AcDbEntity
  8
0
100
AcDbLine
 10
476.8530000000014
 20
-316.0929999999986
 30
0.0
 11
476.85900000000134
 21
-316.1319999999986
 31
0.0
  0
LINE
  5
A8A
330
17
100
AcDbEntity
  8
0
100
AcDbLine
 10
476.85900000000134
 20
-316.1319999999986
 30
0.0
 11
476.8650000000013
 21
-316.17099999999857
 31
0.0
  0
LINE
  5
A8B
330
17
100
AcDbEntity
  8
0
100
AcDbLine
 10
476.8650000000013
 20
-316.17099999999857
 30
0.0
 11
476.8700000000013
 21
-316.20999999999856
 31
0.0
  0
LINE
  5
A8C
330
17
100
AcDbEntity
  8
0
100
AcDbLine
 10
476.8700000000013
 20
-316.20999999999856
 30
0.0
 11
476.8750000000013
 21
-316.24899999999855
 31
0.0
  0
LINE
  5
A8D
330
17
100
AcDbEntity
  8
0
100
AcDbLine
 10
476.8750000000013
 20
-316.24899999999855
 30
0.0
 11
476.8800000000013
 21
-316.28799999999853
 31
0.0
  0
LINE
  5
A8E
330
17
100
AcDbEntity
  8
0
100
AcDbLine
 10
476.8800000000013
 20
-316.28799999999853
 30
0.0
 11
476.8850000000013
 21
-316.3269999999985
 31
0.0
  0
LINE
  5
A8F
330
17
100
AcDbEntity
  8
0
100
AcDbLine
 10
476.8850000000013
 20
-316.3269999999985
 30
0.0
 11
476.7850000000013
 21
-316.3299999999985
 31
0.0
  0
LINE
  5
A90
330
17
100
AcDbEntity
  8
0
100
AcDbLine
 10
476.7850000000013
 20
-316.3299999999985
 30
0.0
 11
476.4890000000013
 21
-316.3399999999985
 31
0.0
  0
LINE
  5
A91
330
17
100
AcDbEntity
  8
0
100
AcDbLine
 10
476.4890000000013
 20
-316.3399999999985
 30
0.0
 11
476.0050000000013
 21
-316.35799999999847
 31
0.0
  0
LINE
  5
A92
330
17
100
AcDbEntity
  8
0
100
AcDbLine
 10
476.0050000000013
 20
-316.35799999999847
 30
0.0
 11
475.3410000000013
 21
-316.38499999999846
 31
0.0
  0
LINE
  5
A93
330
17
100
AcDbEntity
  8
0
100
AcDbLine
 10
475.3410000000013
 20
-316.38499999999846
 30
0.0
 11
474.5050000000013
 21
-316.42299999999847
 31
0.0
  0
LINE
  5
A94
330
17
100
AcDbEntity
  8
0
100
AcDbLine
 10
474.5050000000013
 20
-316.42299999999847
 30
0.0
 11
473.5040000000013
 21
-316.47199999999845
 31
0.0
  0
LINE
  5
A95
330
17
100
AcDbEntity
  8
0
100
AcDbLine
 10
473.5040000000013
 20
-316.47199999999845
 30
0.0
 11
472.3460000000013
 21
-316.53399999999846
 31
0.0
  0
LINE
  5
A96
330
17
100
AcDbEntity
  8
0
100
AcDbLine
 10
472.3460000000013
 20
-316.53399999999846
 30
0.0
 11
471.0390000000013
 21
-316.6099999999985
 31
0.0
  0
LINE
  5
A97
330
17
100
AcDbEntity
  8
0
100
AcDbLine
 10
471.0390000000013
 20
-316.6099999999985
 30
0.0
 11
469.5900000000013
 21
-316.7009999999985
 31
0.0
  0
LINE
  5
A98
330
17
100
AcDbEntity
  8
0
100
AcDbLine
 10
469.5900000000013
 20
-316.7009999999985
 30
0.0
 11
468.00700000000126
 21
-316.8079999999985
 31
0.0
  0
LINE
  5
A99
330
17
100
AcDbEntity
  8
0
100
AcDbLine
 10
468.00700000000126
 20
-316.8079999999985
 30
0.0
 11
466.29800000000125
 21
-316.9329999999985
 31
0.0
  0
LINE
  5
A9A
330
17
100
AcDbEntity
  8
0
100
AcDbLine
 10
466.29800000000125
 20
-316.9329999999985
 30
0.0
 11
464.4700000000013
 21
-317.0759999999985
 31
0.0
  0
LINE
  5
A9B
330
17
100
AcDbEntity
  8
0
100
AcDbLine
 10
464.4700000000013
 20
-317.0759999999985
 30
0.0
 11
462.53100000000126
 21
-317.2389999999985
 31
0.0
  0
LINE
  5
A9C
330
17
100
AcDbEntity
  8
0
100
AcDbLine
 10
462.53100000000126
 20
-317.2389999999985
 30
0.0
 11
460.4890000000013
 21
-317.4229999999985
 31
0.0
  0
LINE
  5
A9D
330
17
100
AcDbEntity
  8
0
100
AcDbLine
 10
460.4890000000013
 20
-317.4229999999985
 30
0.0
 11
458.3510000000013
 21
-317.62899999999854
 31
0.0
  0
LINE
  5
A9E
330
17
100
AcDbEntity
  8
0
100
AcDbLine
 10
458.3510000000013
 20
-317.62899999999854
 30
0.0
 11
456.1260000000013
 21
-317.8579999999985
 31
0.0
  0
LINE
  5
A9F
330
17
100
AcDbEntity
  8
0
100
AcDbLine
 10
456.1260000000013
 20
-317.8579999999985
 30
0.0
 11
453.8200000000013
 21
-318.1109999999985
 31
0.0
  0
LINE
  5
AA0
330
17
100
AcDbEntity
  8
0
100
AcDbLine
 10
453.8200000000013
 20
-318.1109999999985
 30
0.0
 11
451.4420000000013
 21
-318.3899999999985
 31
0.0
  0
LINE
  5
AA1
330
17
100
AcDbEntity
  8
0
100
AcDbLine
 10
451.4420000000013
 20
-318.3899999999985
 30
0.0
 11
448.99900000000133
 21
-318.6959999999985
 31
0.0
  0
LINE
  5
AA2
330
17
100
AcDbEntity
  8
0
100
AcDbLine
 10
448.99900000000133
 20
-318.6959999999985
 30
0.0
 11
446.49900000000133
 21
-319.0299999999985
 31
0.0
  0
LINE
  5
AA3
330
17
100
AcDbEntity
  8
0
100
AcDbLine
 10
446.49900000000133
 20
-319.0299999999985
 30
0.0
 11
443.95000000000135
 21
-319.3929999999985
 31
0.0
  0
LINE
  5
AA4
330
17
100
AcDbEntity
  8
0
100
AcDbLine
 10
443.95000000000135
 20
-319.3929999999985
 30
0.0
 11
441.35900000000134
 21
-319.78599999999847
 31
0.0
  0
LINE
  5
AA5
330
17
100
AcDbEntity
  8
0
100
AcDbLine
 10
441.35900000000134
 20
-319.78599999999847
 30
0.0
 11
438.73400000000134
 21
-320.20999999999844
 31
0.0
  0
LINE
  5
AA6
330
17
100
AcDbEntity
  8
0
100
AcDbLine
 10
438.73400000000134
 20
-320.20999999999844
 30
0.0
 11
436.08300000000133
 21
-320.66699999999844
 31
0.0
  0
LINE
  5
AA7
330
17
100
AcDbEntity
  8
0
100
AcDbLine
 10
436.08300000000133
 20
-320.66699999999844
 30
0.0
 11
433.41400000000135
 21
-321.1579999999984
 31
0.0
  0
LINE
  5
AA8
330
17
100
AcDbEntity
  8
0
100
AcDbLine
 10
433.41400000000135
 20
-321.1579999999984
 30
0.0
 11
430.73400000000134
 21
-321.6829999999984
 31
0.0
  0
LINE
  5
AA9
330
17
100
AcDbEntity
  8
0
100
AcDbLine
 10
430.73400000000134
 20
-321.6829999999984
 30
0.0
 11
428.05100000000135
 21
-322.2439999999984
 31
0.0
  0
LINE
  5
AAA
330
17
100
AcDbEntity
  8
0
100
AcDbLine
 10
428.05100000000135
 20
-322.2439999999984
 30
0.0
 11
425.3720000000014
 21
-322.84299999999837
 31
0.0
  0
LINE
  5
AAB
330
17
100
AcDbEntity
  8
0
100
AcDbLine
 10
425.3720000000014
 20
-322.84299999999837
 30
0.0
 11
422.7050000000014
 21
-323.47999999999837
 31
0.0
  0
LINE
  5
AAC
330
17
100
AcDbEntity
  8
0
100
AcDbLine
 10
422.7050000000014
 20
-323.47999999999837
 30
0.0
 11
420.0580000000014
 21
-324.1569999999984
 31
0.0
  0
LINE
  5
AAD
330
17
100
AcDbEntity
  8
0
100
AcDbLine
 10
420.0580000000014
 20
-324.1569999999984
 30
0.0
 11
417.4390000000014
 21
-324.8739999999984
 31
0.0
  0
LINE
  5
AAE
330
17
100
AcDbEntity
  8
0
100
AcDbLine
 10
417.4390000000014
 20
-324.8739999999984
 30
0.0
 11
414.8550000000014
 21
-325.6329999999984
 31
0.0
  0
LINE
  5
AAF
330
17
100
AcDbEntity
  8
0
100
AcDbLine
 10
414.8550000000014
 20
-325.6329999999984
 30
0.0
 11
413.92800000000136
 21
-325.8899999999984
 31
0.0
  0
LINE
  5
AB0
330
17
100
AcDbEntity
  8
0
100
AcDbLine
 10
413.92800000000136
 20
-325.8899999999984
 30
0.0
 11
413.00600000000134
 21
-326.0939999999984
 31
0.0
  0
LINE
  5
AB1
330
17
100
AcDbEntity
  8
0
100
AcDbLine
 10
413.00600000000134
 20
-326.0939999999984
 30
0.0
 11
412.09000000000134
 21
-326.2469999999984
 31
0.0
  0
LINE
  5
AB2
330
17
100
AcDbEntity
  8
0
100
AcDbLine
 10
412.09000000000134
 20
-326.2469999999984
 30
0.0
 11
411.18100000000135
 21
-326.34999999999843
 31
0.0
  0
LINE
  5
AB3
330
17
100
AcDbEntity
  8
0
100
AcDbLine
 10
411.18100000000135
 20
-326.34999999999843
 30
0.0
 11
410.28000000000134
 21
-326.4029999999984
 31
0.0
  0
LINE
  5
AB4
330
17
100
AcDbEntity
  8
0
100
AcDbLine
 10
410.28000000000134
 20
-326.4029999999984
 30
0.0
 11
409.38700000000136
 21
-326.4079999999984
 31
0.0
  0
LINE
  5
AB5
330
17
100
AcDbEntity
  8
0
100
AcDbLine
 10
409.38700000000136
 20
-326.4079999999984
 30
0.0
 11
408.50300000000135
 21
-326.36599999999845
 31
0.0
  0
LINE
  5
AB6
330
17
100
AcDbEntity
  8
0
100
AcDbLine
 10
408.50300000000135
 20
-326.36599999999845
 30
0.0
 11
407.6290000000013
 21
-326.2779999999984
 31
0.0
  0
LINE
  5
AB7
330
17
100
AcDbEntity
  8
0
100
AcDbLine
 10
407.6290000000013
 20
-326.2779999999984
 30
0.0
 11
406.7660000000013
 21
-326.14499999999845
 31
0.0
  0
LINE
  5
AB8
330
17
100
AcDbEntity
  8
0
100
AcDbLine
 10
406.7660000000013
 20
-326.14499999999845
 30
0.0
 11
405.91400000000135
 21
-325.96899999999846
 31
0.0
  0
LINE
  5
AB9
330
17
100
AcDbEntity
  8
0
100
AcDbLine
 10
405.91400000000135
 20
-325.96899999999846
 30
0.0
 11
405.0740000000014
 21
-325.74999999999847
 31
0.0
  0
LINE
  5
ABA
330
17
100
AcDbEntity
  8
0
100
AcDbLine
 10
405.0740000000014
 20
-325.74999999999847
 30
0.0
 11
404.2460000000014
 21
-325.48899999999844
 31
0.0
  0
LINE
  5
ABB
330
17
100
AcDbEntity
  8
0
100
AcDbLine
 10
404.2460000000014
 20
-325.48899999999844
 30
0.0
 11
403.4320000000014
 21
-325.1869999999984
 31
0.0
  0
LINE
  5
ABC
330
17
100
AcDbEntity
  8
0
100
AcDbLine
 10
403.4320000000014
 20
-325.1869999999984
 30
0.0
 11
402.63200000000137
 21
-324.8459999999984
 31
0.0
  0
LINE
  5
ABD
330
17
100
AcDbEntity
  8
0
100
AcDbLine
 10
402.63200000000137
 20
-324.8459999999984
 30
0.0
 11
401.84600000000137
 21
-324.4659999999984
 31
0.0
  0
LINE
  5
ABE
330
17
100
AcDbEntity
  8
0
100
AcDbLine
 10
401.84600000000137
 20
-324.4659999999984
 30
0.0
 11
401.0760000000014
 21
-324.04899999999844
 31
0.0
  0
LINE
  5
ABF
330
17
100
AcDbEntity
  8
0
100
AcDbLine
 10
401.0760000000014
 20
-324.04899999999844
 30
0.0
 11
400.32200000000137
 21
-323.59599999999847
 31
0.0
  0
LINE
  5
AC0
330
17
100
AcDbEntity
  8
0
100
AcDbLine
 10
400.32200000000137
 20
-323.59599999999847
 30
0.0
 11
399.58400000000137
 21
-323.10799999999847
 31
0.0
  0
LINE
  5
AC1
330
17
100
AcDbEntity
  8
0
100
AcDbLine
 10
399.58400000000137
 20
-323.10799999999847
 30
0.0
 11
398.86400000000134
 21
-322.58499999999844
 31
0.0
  0
LINE
  5
AC2
330
17
100
AcDbEntity
  8
0
100
AcDbLine
 10
398.86400000000134
 20
-322.58499999999844
 30
0.0
 11
398.16200000000134
 21
-322.02899999999846
 31
0.0
  0
LINE
  5
AC3
330
17
100
AcDbEntity
  8
0
100
AcDbLine
 10
398.16200000000134
 20
-322.02899999999846
 30
0.0
 11
397.47900000000135
 21
-321.44099999999844
 31
0.0
  0
LINE
  5
AC4
330
17
100
AcDbEntity
  8
0
100
AcDbLine
 10
397.47900000000135
 20
-321.44099999999844
 30
0.0
 11
396.81500000000136
 21
-320.8219999999984
 31
0.0
  0
LINE
  5
AC5
330
17
100
AcDbEntity
  8
0
100
AcDbLine
 10
396.81500000000136
 20
-320.8219999999984
 30
0.0
 11
396.1720000000014
 21
-320.1739999999984
 31
0.0
  0
LINE
  5
AC6
330
17
100
AcDbEntity
  8
0
100
AcDbLine
 10
396.1720000000014
 20
-320.1739999999984
 30
0.0
 11
395.5500000000014
 21
-319.49699999999837
 31
0.0
  0
LINE
  5
AC7
330
17
100
AcDbEntity
  8
0
100
AcDbLine
 10
395.5500000000014
 20
-319.49699999999837
 30
0.0
 11
394.9490000000014
 21
-318.7919999999984
 31
0.0
  0
LINE
  5
AC8
330
17
100
AcDbEntity
  8
0
100
AcDbLine
 10
394.9490000000014
 20
-318.7919999999984
 30
0.0
 11
394.3710000000014
 21
-318.05999999999835
 31
0.0
  0
LINE
  5
AC9
330
17
100
AcDbEntity
  8
0
100
AcDbLine
 10
394.3710000000014
 20
-318.05999999999835
 30
0.0
 11
393.8160000000014
 21
-317.30299999999835
 31
0.0
  0
LINE
  5
ACA
330
17
100
AcDbEntity
  8
0
100
AcDbLine
 10
393.8160000000014
 20
-317.30299999999835
 30
0.0
 11
393.2850000000014
 21
-316.52099999999837
 31
0.0
  0
LINE
  5
ACB
330
17
100
AcDbEntity
  8
0
100
AcDbLine
 10
393.2850000000014
 20
-316.52099999999837
 30
0.0
 11
392.7780000000014
 21
-315.71599999999836
 31
0.0
  0
LINE
  5
ACC
330
17
100
AcDbEntity
  8
0
100
AcDbLine
 10
392.7780000000014
 20
-315.71599999999836
 30
0.0
 11
392.29600000000136
 21
-314.88899999999836
 31
0.0
  0
LINE
  5
ACD
330
17
100
AcDbEntity
  8
0
100
AcDbLine
 10
392.29600000000136
 20
-314.88899999999836
 30
0.0
 11
391.84000000000134
 21
-314.0399999999984
 31
0.0
  0
LINE
  5
ACE
330
17
100
AcDbEntity
  8
0
100
AcDbLine
 10
391.84000000000134
 20
-314.0399999999984
 30
0.0
 11
391.41100000000137
 21
-313.17099999999834
 31
0.0
  0
ENDSEC
  0
SECTION
  2
OBJECTS
  0
DICTIONARY
  5
A
330
0
100
AcDbDictionary
281
1
  3
ACAD_COLOR
350
B
  3
ACAD_GROUP
350
C
  3
ACAD_LAYOUT
350
D
  3
ACAD_MATERIAL
350
E
  3
ACAD_MLEADERSTYLE
350
F
  3
ACAD_MLINESTYLE
350
10
  3
ACAD_PLOTSETTINGS
350
11
  3
ACAD_PLOTSTYLENAME
350
12
  3
ACAD_SCALELIST
350
14
  3
ACAD_TABLESTYLE
350
15
  3
ACAD_VISUALSTYLE
350
16
  3
EZDXF_META
350
2D
  0
DICTIONARY
  5
B
330
A
100
AcDbDictionary
281
1
  0
DICTIONARY
  5
C
330
A
100
AcDbDictionary
281
1
  0
DICTIONARY
  5
D
330
A
100
AcDbDictionary
281
1
  3
Model
350
1A
  3
Layout1
350
1E
  0
DICTIONARY
  5
E
330
A
100
AcDbDictionary
281
1
  3
ByBlock
350
1F
  3
ByLayer
350
20
  3
Global
350
21
  0
DICTIONARY
  5
F
330
A
100
AcDbDictionary
281
1
  3
Standard
350
2C
  0
DICTIONARY
  5
10
330
A
100
AcDbDictionary
281
1
  3
Standard
350
22
  0
DICTIONARY
  5
11
330
A
100
AcDbDictionary
281
1
  0
ACDBDICTIONARYWDFLT
  5
12
330
A
100
AcDbDictionary
281
1
  3
Normal
350
13
100
AcDbDictionaryWithDefault
340
13
  0
ACDBPLACEHOLDER
  5
13
330
12
  0
DICTIONARY
  5
14
330
A
100
AcDbDictionary
281
1
  0
DICTIONARY
  5
15
330
A
100
AcDbDictionary
281
1
  0
DICTIONARY
  5
16
330
A
100
AcDbDictionary
281
1
  0
LAYOUT
  5
1A
330
D
100
AcDbPlotSettings
  1

  4
A3
  6

 40
7.5
 41
20.0
 42
7.5
 43
20.0
 44
420.0
 45
297.0
 46
0.0
 47
0.0
 48
0.0
 49
0.0
140
0.0
141
0.0
142
1.0
143
1.0
 70
1024
 72
1
 73
0
 74
5
  7

 75
16
 76
0
 77
2
 78
300
147
1.0
148
0.0
149
0.0
100
AcDbLayout
  1
Model
 70
1
 71
0
 10
0.0
 20
0.0
 11
420.0
 21
297.0
 12
0.0
 22
0.0
 32
0.0
 14
1e+20
 24
1e+20
 34
1e+20
 15
-1e+20
 25
-1e+20
 35
-1e+20
146
0.0
 13
0.0
 23
0.0
 33
0.0
 16
1.0
 26
0.0
 36
0.0
 17
0.0
 27
1.0
 37
0.0
 76
1
330
17
  0
LAYOUT
  5
1E
330
D
100
AcDbPlotSettings
  1

  4
A3
  6

 40
7.5
 41
20.0
 42
7.5
 43
20.0
 44
420.0
 45
297.0
 46
0.0
 47
0.0
 48
0.0
 49
0.0
140
0.0
141
0.0
142
1.0
143
1.0
 70
0
 72
1
 73
0
 74
5
  7

 75
16
 76
0
 77
2
 78
300
147
1.0
148
0.0
149
0.0
100
AcDbLayout
  1
Layout1
 70
1
 71
1
 10
0.0
 20
0.0
 11
420.0
 21
297.0
 12
0.0
 22
0.0
 32
0.0
 14
1e+20
 24
1e+20
 34
1e+20
 15
-1e+20
 25
-1e+20
 35
-1e+20
146
0.0
 13
0.0
 23
0.0
 33
0.0
 16
1.0
 26
0.0
 36
0.0
 17
0.0
 27
1.0
 37
0.0
 76
1
330
1B
  0
MATERIAL
  5
1F
102
{ACAD_REACTORS
330
E
102
}
330
E
100
AcDbMaterial
  1
ByBlock
  2

 70
0
 40
1.0
 71
1
 41
1.0
 91
-1023410177
 42
1.0
 72
1
  3

 73
1
 74
1
 75
1
 44
0.5
 73
0
 45
1.0
 46
1.0
 77
1
  4

 78
1
 79
1
170
1
 48
1.0
171
1
  6

172
1
173
1
174
1
140
1.0
141
1.0
175
1
  7

176
1
177
1
178
1
143
1.0
179
1
  8

270
1
271
1
272
1
145
1.0
146
1.0
273
1
  9

274
1
275
1
276
1
 42
1.0
 72
1
  3

 73
1
 74
1
 75
1
 94
63
  0
MATERIAL
  5
20
102
{ACAD_REACTORS
330
E
102
}
330
E
100
AcDbMaterial
  1
ByLayer
  2

 70
0
 40
1.0
 71
1
 41
1.0
 91
-1023410177
 42
1.0
 72
1
  3

 73
1
 74
1
 75
1
 44
0.5
 73
0
 45
1.0
 46
1.0
 77
1
  4

 78
1
 79
1
170
1
 48
1.0
171
1
  6

172
1
173
1
174
1
140
1.0
141
1.0
175
1
  7

176
1
177
1
178
1
143
1.0
179
1
  8

270
1
271
1
272
1
145
1.0
146
1.0
273
1
  9

274
1
275
1
276
1
 42
1.0
 72
1
  3

 73
1
 74
1
 75
1
 94
63
  0
MATERIAL
  5
21
102
{ACAD_REACTORS
330
E
102
}
330
E
100
AcDbMaterial
  1
Global
  2

 70
0
 40
1.0
 71
1
 41
1.0
 91
-1023410177
 42
1.0
 72
1
  3

 73
1
 74
1
 75
1
 44
0.5
 73
0
 45
1.0
 46
1.0
 77
1
  4

 78
1
 79
1
170
1
 48
1.0
171
1
  6

172
1
173
1
174
1
140
1.0
141
1.0
175
1
  7

176
1
177
1
178
1
143
1.0
179
1
  8

270
1
271
1
272
1
145
1.0
146
1.0
273
1
  9

274
1
275
1
276
1
 42
1.0
 72
1
  3

 73
1
 74
1
 75
1
 94
63
  0
MLINESTYLE
  5
22
102
{ACAD_REACTORS
330
10
102
}
330
10
100
AcDbMlineStyle
  2
Standard
 70
0
  3

 62
256
 51
90.0
 52
90.0
 71
2
 49
0.5
 62
256
  6
BYLAYER
 49
-0.5
 62
256
  6
BYLAYER
  0
MLEADERSTYLE
  5
2C
102
{ACAD_REACTORS
330
F
102
}
330
F
100
AcDbMLeaderStyle
179
2
170
2
171
1
172
0
 90
2
 40
0.0
 41
0.0
173
1
 91
-1056964608
 92
-2
290
1
 42
2.0
291
1
 43
8.0
  3
Standard
 44
4.0
300

342
29
174
1
175
1
176
0
178
1
 93
-1056964608
 45
4.0
292
0
297
0
 46
4.0
 94
-1056964608
 47
1.0
 49
1.0
140
1.0
294
1
141
0.0
177
0
142
1.0
295
0
296
0
143
3.75
271
0
272
9
273
9
  0
DICTIONARY
  5
2D
330
A
100
AcDbDictionary
280
1
281
1
  3
CREATED_BY_EZDXF
350
2E
  3
WRITTEN_BY_EZDXF
350
AD1
  0
DICTIONARYVAR
  5
2E
330
2D
100
DictionaryVariables
280
0
  1
1.4.3 @ 2026-04-08T00:10:12.087410+00:00
  0
DICTIONARYVAR
  5
AD1
330
2D
100
DictionaryVariables
280
0
  1
1.4.3 @ 2026-04-08T00:10:12.109363+00:00
  0
ENDSEC
  0
EOF
