999
Dxf file generated by netDxf http://netdxf.codeplex.com, Copyright(C) 2015 Daniel Carvajal, Licensed under LGPL
0
SECTION
2
HEADER
9
$ACADVER
1
AC1015
9
$DWGCODEPAGE
3
ANSI_1252
9
$HANDSEED
5
B53
9
$ANGBASE
50
0.0
9
$ANGDIR
70
0
9
$ATTMODE
70
1
9
$AUNITS
70
0
9
$AUPREC
70
0
9
$CECOLOR
62
256
9
$CELTSCALE
40
1.0
9
$CELTYPE
6
ByLayer
9
$CELWEIGHT
370
-1
9
$CLAYER
8
0
9
$CMLJUST
70
0
9
$CMLSCALE
40
20.0
9
$CMLSTYLE
2
Standard
9
$DIMSTYLE
2
Standard
9
$TEXTSIZE
40
2.5
9
$TEXTSTYLE
7
Standard
9
$LUNITS
70
2
9
$LUPREC
70
4
9
$EXTNAMES
290
1
9
$INSBASE
10
0.0
20
0.0
30
0.0
9
$INSUNITS
70
0
9
$LTSCALE
40
1.0
9
$LWDISPLAY
290
0
9
$PDMODE
70
0
9
$PDSIZE
40
0.0
9
$PLINEGEN
70
0
9
$TDCREATE
40
2461235.63809951
9
$TDUCREATE
40
2461235.92976618
9
$TDUPDATE
40
2461235.63809951
9
$TDUUPDATE
40
2461235.92976618
9
$TDINDWG
40
0.0
0
ENDSEC
0
SECTION
2
CLASSES
0
CLASS
1
RASTERVARIABLES
2
AcDbRasterVariables
3
ISM
90
0
280
0
281
0
0
ENDSEC
0
SECTION
2
TABLES
0
TABLE
2
APPID
5
3
330
0
100
AcDbSymbolTable
70
2
0
APPID
5
14
330
3
100
AcDbSymbolTableRecord
100
AcDbRegAppTableRecord
2
ACAD
70
0
0
APPID
5
B4D
330
3
100
AcDbSymbolTableRecord
100
AcDbRegAppTableRecord
2
AcCmTransparency
70
0
0
ENDTAB
0
TABLE
2
VPORT
5
1
330
0
100
AcDbSymbolTable
70
1
0
VPORT
5
E
330
1
100
AcDbSymbolTableRecord
100
AcDbViewportTableRecord
2
*Active
70
0
10
0.0
20
0.0
11
1.0
21
1.0
12
-1.0
22
1.0
13
0.0
23
0.0
14
0.5
24
0.5
15
10.0
25
10.0
16
0.0
26
0.0
36
1.0
17
0.0
27
0.0
37
0.0
0
ENDTAB
0
TABLE
2
LTYPE
5
5
330
0
100
AcDbSymbolTable
70
3
0
LTYPE
5
10
330
5
100
AcDbSymbolTableRecord
100
AcDbLinetypeTableRecord
70
0
2
Continuous
3
Solid line
72
65
73
0
40
0.0
0
LTYPE
5
11
330
5
100
AcDbSymbolTableRecord
100
AcDbLinetypeTableRecord
70
0
2
ByLayer
3

72
65
73
0
40
0.0
0
LTYPE
5
12
330
5
100
AcDbSymbolTableRecord
100
AcDbLinetypeTableRecord
70
0
2
ByBlock
3

72
65
73
0
40
0.0
0
ENDTAB
0
TABLE
2
LAYER
5
4
330
0
100
AcDbSymbolTable
70
1
0
LAYER
5
F
330
4
100
AcDbSymbolTableRecord
100
AcDbLayerTableRecord
2
0
70
0
62
5
6
Continuous
290
1
370
-3
390
0
0
ENDTAB
0
TABLE
2
STYLE
5
6
330
0
100
AcDbSymbolTable
70
1
0
STYLE
5
13
330
6
100
AcDbSymbolTableRecord
100
AcDbTextStyleTableRecord
2
Standard
3
simplex.shx
70
0
71
0
40
0.0
41
1.0
42
0.0
50
0.0
0
ENDTAB
0
TABLE
2
DIMSTYLE
5
7
330
0
100
AcDbSymbolTable
70
1
100
AcDbDimStyleTable
0
DIMSTYLE
105
15
330
7
100
AcDbSymbolTableRecord
100
AcDbDimStyleTableRecord
2
Standard
70
0
3
<>
40
1.0
41
0.18
42
0.0625
43
0.38
44
0.18
46
0.0
73
0
74
0
75
0
76
0
77
1
140
0.18
141
0.09
147
0.09
173
0
176
0
177
0
178
0
179
0
271
2
275
0
278
46
280
0
340
13
345
12
346
12
347
12
371
-2
372
-2
0
ENDTAB
0
TABLE
2
VIEW
5
2
330
0
100
AcDbSymbolTable
70
0
0
ENDTAB
0
TABLE
2
UCS
5
9
330
0
100
AcDbSymbolTable
70
0
0
ENDTAB
0
TABLE
2
BLOCK_RECORD
5
A
330
0
100
AcDbSymbolTable
70
2
0
BLOCK_RECORD
5
17
330
A
100
AcDbSymbolTableRecord
100
AcDbBlockTableRecord
2
*Model_Space
340
1B
0
BLOCK_RECORD
5
B47
330
A
100
AcDbSymbolTableRecord
100
AcDbBlockTableRecord
2
*Paper_Space
340
B4C
0
ENDTAB
0
ENDSEC
0
SECTION
2
BLOCKS
0
BLOCK
5
19
330
17
100
AcDbEntity
8
0
100
AcDbBlockBegin
2
*Model_Space
70
0
10
0.0
20
0.0
30
0.0
3
*Model_Space
0
ENDBLK
5
18
330
17
100
AcDbEntity
8
0
100
AcDbBlockEnd
0
BLOCK
5
B49
330
B47
100
AcDbEntity
8
0
100
AcDbBlockBegin
2
*Paper_Space
70
0
10
0.0
20
0.0
30
0.0
3
*Paper_Space
0
ENDBLK
5
B48
330
B47
100
AcDbEntity
8
0
100
AcDbBlockEnd
0
ENDSEC
0
SECTION
2
ENTITIES
0
LINE
5
1D
330
17
100
AcDbEntity
67
0
8
0
62
256
6
ByLayer
370
-1
48
1.0
60
0
100
AcDbLine
10
55.5858001708984
20
-93.1295013427734
30
0.0
11
55.3063011169434
21
-93.0851974487305
31
0.0
39
0.0
210
0.0
220
0.0
230
1.0
0
LINE
5
1E
330
17
100
AcDbEntity
67
0
8
0
62
256
6
ByLayer
370
-1
48
1.0
60
0
100
AcDbLine
10
55.3063011169434
20
-93.0851974487305
30
0.0
11
55.0331001281738
21
-93.0203018188477
31
0.0
39
0.0
210
0.0
220
0.0
230
1.0
0
LINE
5
1F
330
17
100
AcDbEntity
67
0
8
0
62
256
6
ByLayer
370
-1
48
1.0
60
0
100
AcDbLine
10
55.0331001281738
20
-93.0203018188477
30
0.0
11
54.7673988342285
21
-92.9350967407227
31
0.0
39
0.0
210
0.0
220
0.0
230
1.0
0
LINE
5
20
330
17
100
AcDbEntity
67
0
8
0
62
256
6
ByLayer
370
-1
48
1.0
60
0
100
AcDbLine
10
54.7673988342285
20
-92.9350967407227
30
0.0
11
54.5101013183594
21
-92.8305969238281
31
0.0
39
0.0
210
0.0
220
0.0
230
1.0
0
LINE
5
21
330
17
100
AcDbEntity
67
0
8
0
62
256
6
ByLayer
370
-1
48
1.0
60
0
100
AcDbLine
10
54.5101013183594
20
-92.8305969238281
30
0.0
11
54.2621994018555
21
-92.7072982788086
31
0.0
39
0.0
210
0.0
220
0.0
230
1.0
0
LINE
5
22
330
17
100
AcDbEntity
67
0
8
0
62
256
6
ByLayer
370
-1
48
1.0
60
0
100
AcDbLine
10
54.2621994018555
20
-92.7072982788086
30
0.0
11
54.226001739502
21
-92.6857986450195
31
0.0
39
0.0
210
0.0
220
0.0
230
1.0
0
LINE
5
23
330
17
100
AcDbEntity
67
0
8
0
62
256
6
ByLayer
370
-1
48
1.0
60
0
100
AcDbLine
10
54.226001739502
20
-92.6857986450195
30
0.0
11
55.1446990966797
21
-92.155403137207
31
0.0
39
0.0
210
0.0
220
0.0
230
1.0
0
LINE
5
24
330
17
100
AcDbEntity
67
0
8
0
62
256
6
ByLayer
370
-1
48
1.0
60
0
100
AcDbLine
10
55.1446990966797
20
-92.155403137207
30
0.0
11
56.6603012084961
21
-93.030403137207
31
0.0
39
0.0
210
0.0
220
0.0
230
1.0
0
LINE
5
25
330
17
100
AcDbEntity
67
0
8
0
62
256
6
ByLayer
370
-1
48
1.0
60
0
100
AcDbLine
10
56.6603012084961
20
-93.030403137207
30
0.0
11
56.6603012084961
21
-93.1419982910156
31
0.0
39
0.0
210
0.0
220
0.0
230
1.0
0
LINE
5
26
330
17
100
AcDbEntity
67
0
8
0
62
256
6
ByLayer
370
-1
48
1.0
60
0
100
AcDbLine
10
56.6603012084961
20
-93.1419982910156
30
0.0
11
55.5858001708984
21
-93.1295013427734
31
0.0
39
0.0
210
0.0
220
0.0
230
1.0
0
LINE
5
27
330
17
100
AcDbEntity
67
0
8
0
62
256
6
ByLayer
370
-1
48
1.0
60
0
100
AcDbLine
10
57.1603012084961
20
-93.1479034423828
30
0.0
11
57.1603012084961
21
-93.030403137207
31
0.0
39
0.0
210
0.0
220
0.0
230
1.0
0
LINE
5
28
330
17
100
AcDbEntity
67
0
8
0
62
256
6
ByLayer
370
-1
48
1.0
60
0
100
AcDbLine
10
57.1603012084961
20
-93.030403137207
30
0.0
11
58.6758003234863
21
-92.155403137207
31
0.0
39
0.0
210
0.0
220
0.0
230
1.0
0
LINE
5
29
330
17
100
AcDbEntity
67
0
8
0
62
256
6
ByLayer
370
-1
48
1.0
60
0
100
AcDbLine
10
58.6758003234863
20
-92.155403137207
30
0.0
11
60.1913986206055
21
-93.030403137207
31
0.0
39
0.0
210
0.0
220
0.0
230
1.0
0
LINE
5
2A
330
17
100
AcDbEntity
67
0
8
0
62
256
6
ByLayer
370
-1
48
1.0
60
0
100
AcDbLine
10
60.1913986206055
20
-93.030403137207
30
0.0
11
60.1913986206055
21
-93.1831970214844
31
0.0
39
0.0
210
0.0
220
0.0
230
1.0
0
LINE
5
2B
330
17
100
AcDbEntity
67
0
8
0
62
256
6
ByLayer
370
-1
48
1.0
60
0
100
AcDbLine
10
60.1913986206055
20
-93.1831970214844
30
0.0
11
57.1603012084961
21
-93.1479034423828
31
0.0
39
0.0
210
0.0
220
0.0
230
1.0
0
LINE
5
2C
330
17
100
AcDbEntity
67
0
8
0
62
256
6
ByLayer
370
-1
48
1.0
60
0
100
AcDbLine
10
60.6913986206055
20
-93.1891021728516
30
0.0
11
60.6913986206055
21
-93.030403137207
31
0.0
39
0.0
210
0.0
220
0.0
230
1.0
0
LINE
5
2D
330
17
100
AcDbEntity
67
0
8
0
62
256
6
ByLayer
370
-1
48
1.0
60
0
100
AcDbLine
10
60.6913986206055
20
-93.030403137207
30
0.0
11
62.2070007324219
21
-92.155403137207
31
0.0
39
0.0
210
0.0
220
0.0
230
1.0
0
LINE
5
2E
330
17
100
AcDbEntity
67
0
8
0
62
256
6
ByLayer
370
-1
48
1.0
60
0
100
AcDbLine
10
62.2070007324219
20
-92.155403137207
30
0.0
11
63.7224998474121
21
-93.030403137207
31
0.0
39
0.0
210
0.0
220
0.0
230
1.0
0
LINE
5
2F
330
17
100
AcDbEntity
67
0
8
0
62
256
6
ByLayer
370
-1
48
1.0
60
0
100
AcDbLine
10
63.7224998474121
20
-93.030403137207
30
0.0
11
63.7224998474121
21
-93.2244033813477
31
0.0
39
0.0
210
0.0
220
0.0
230
1.0
0
LINE
5
30
330
17
100
AcDbEntity
67
0
8
0
62
256
6
ByLayer
370
-1
48
1.0
60
0
100
AcDbLine
10
63.7224998474121
20
-93.2244033813477
30
0.0
11
60.6913986206055
21
-93.1891021728516
31
0.0
39
0.0
210
0.0
220
0.0
230
1.0
0
LINE
5
31
330
17
100
AcDbEntity
67
0
8
0
62
256
6
ByLayer
370
-1
48
1.0
60
0
100
AcDbLine
10
64.2225036621094
20
-93.2302017211914
30
0.0
11
64.2225036621094
21
-93.030403137207
31
0.0
39
0.0
210
0.0
220
0.0
230
1.0
0
LINE
5
32
330
17
100
AcDbEntity
67
0
8
0
62
256
6
ByLayer
370
-1
48
1.0
60
0
100
AcDbLine
10
64.2225036621094
20
-93.030403137207
30
0.0
11
65.7380981445313
21
-92.155403137207
31
0.0
39
0.0
210
0.0
220
0.0
230
1.0
0
LINE
5
33
330
17
100
AcDbEntity
67
0
8
0
62
256
6
ByLayer
370
-1
48
1.0
60
0
100
AcDbLine
10
65.7380981445313
20
-92.155403137207
30
0.0
11
67.2536010742188
21
-93.030403137207
31
0.0
39
0.0
210
0.0
220
0.0
230
1.0
0
LINE
5
34
330
17
100
AcDbEntity
67
0
8
0
62
256
6
ByLayer
370
-1
48
1.0
60
0
100
AcDbLine
10
67.2536010742188
20
-93.030403137207
30
0.0
11
67.2536010742188
21
-93.2656021118164
31
0.0
39
0.0
210
0.0
220
0.0
230
1.0
0
LINE
5
35
330
17
100
AcDbEntity
67
0
8
0
62
256
6
ByLayer
370
-1
48
1.0
60
0
100
AcDbLine
10
67.2536010742188
20
-93.2656021118164
30
0.0
11
64.2225036621094
21
-93.2302017211914
31
0.0
39
0.0
210
0.0
220
0.0
230
1.0
0
LINE
5
36
330
17
100
AcDbEntity
67
0
8
0
62
256
6
ByLayer
370
-1
48
1.0
60
0
100
AcDbLine
10
67.7536010742188
20
-93.2714004516602
30
0.0
11
67.7536010742188
21
-93.030403137207
31
0.0
39
0.0
210
0.0
220
0.0
230
1.0
0
LINE
5
37
330
17
100
AcDbEntity
67
0
8
0
62
256
6
ByLayer
370
-1
48
1.0
60
0
100
AcDbLine
10
67.7536010742188
20
-93.030403137207
30
0.0
11
69.2692031860352
21
-92.155403137207
31
0.0
39
0.0
210
0.0
220
0.0
230
1.0
0
LINE
5
38
330
17
100
AcDbEntity
67
0
8
0
62
256
6
ByLayer
370
-1
48
1.0
60
0
100
AcDbLine
10
69.2692031860352
20
-92.155403137207
30
0.0
11
70.7846984863281
21
-93.030403137207
31
0.0
39
0.0
210
0.0
220
0.0
230
1.0
0
LINE
5
39
330
17
100
AcDbEntity
67
0
8
0
62
256
6
ByLayer
370
-1
48
1.0
60
0
100
AcDbLine
10
70.7846984863281
20
-93.030403137207
30
0.0
11
70.7846984863281
21
-93.3068008422852
31
0.0
39
0.0
210
0.0
220
0.0
230
1.0
0
LINE
5
3A
330
17
100
AcDbEntity
67
0
8
0
62
256
6
ByLayer
370
-1
48
1.0
60
0
100
AcDbLine
10
70.7846984863281
20
-93.3068008422852
30
0.0
11
67.7536010742188
21
-93.2714004516602
31
0.0
39
0.0
210
0.0
220
0.0
230
1.0
0
LINE
5
3B
330
17
100
AcDbEntity
67
0
8
0
62
256
6
ByLayer
370
-1
48
1.0
60
0
100
AcDbLine
10
71.2846984863281
20
-93.3125991821289
30
0.0
11
71.2846984863281
21
-93.030403137207
31
0.0
39
0.0
210
0.0
220
0.0
230
1.0
0
LINE
5
3C
330
17
100
AcDbEntity
67
0
8
0
62
256
6
ByLayer
370
-1
48
1.0
60
0
100
AcDbLine
10
71.2846984863281
20
-93.030403137207
30
0.0
11
72.8003005981445
21
-92.155403137207
31
0.0
39
0.0
210
0.0
220
0.0
230
1.0
0
LINE
5
3D
330
17
100
AcDbEntity
67
0
8
0
62
256
6
ByLayer
370
-1
48
1.0
60
0
100
AcDbLine
10
72.8003005981445
20
-92.155403137207
30
0.0
11
74.3159027099609
21
-93.030403137207
31
0.0
39
0.0
210
0.0
220
0.0
230
1.0
0
LINE
5
3E
330
17
100
AcDbEntity
67
0
8
0
62
256
6
ByLayer
370
-1
48
1.0
60
0
100
AcDbLine
10
74.3159027099609
20
-93.030403137207
30
0.0
11
74.3159027099609
21
-93.347900390625
31
0.0
39
0.0
210
0.0
220
0.0
230
1.0
0
LINE
5
3F
330
17
100
AcDbEntity
67
0
8
0
62
256
6
ByLayer
370
-1
48
1.0
60
0
100
AcDbLine
10
74.3159027099609
20
-93.347900390625
30
0.0
11
71.2846984863281
21
-93.3125991821289
31
0.0
39
0.0
210
0.0
220
0.0
230
1.0
0
LINE
5
40
330
17
100
AcDbEntity
67
0
8
0
62
256
6
ByLayer
370
-1
48
1.0
60
0
100
AcDbLine
10
74.8159027099609
20
-93.3537979125977
30
0.0
11
74.8159027099609
21
-93.030403137207
31
0.0
39
0.0
210
0.0
220
0.0
230
1.0
0
LINE
5
41
330
17
100
AcDbEntity
67
0
8
0
62
256
6
ByLayer
370
-1
48
1.0
60
0
100
AcDbLine
10
74.8159027099609
20
-93.030403137207
30
0.0
11
76.3313980102539
21
-92.155403137207
31
0.0
39
0.0
210
0.0
220
0.0
230
1.0
0
LINE
5
42
330
17
100
AcDbEntity
67
0
8
0
62
256
6
ByLayer
370
-1
48
1.0
60
0
100
AcDbLine
10
76.3313980102539
20
-92.155403137207
30
0.0
11
77.8470001220703
21
-93.030403137207
31
0.0
39
0.0
210
0.0
220
0.0
230
1.0
0
LINE
5
43
330
17
100
AcDbEntity
67
0
8
0
62
256
6
ByLayer
370
-1
48
1.0
60
0
100
AcDbLine
10
77.8470001220703
20
-93.030403137207
30
0.0
11
77.8470001220703
21
-93.3890991210938
31
0.0
39
0.0
210
0.0
220
0.0
230
1.0
0
LINE
5
44
330
17
100
AcDbEntity
67
0
8
0
62
256
6
ByLayer
370
-1
48
1.0
60
0
100
AcDbLine
10
77.8470001220703
20
-93.3890991210938
30
0.0
11
74.8159027099609
21
-93.3537979125977
31
0.0
39
0.0
210
0.0
220
0.0
230
1.0
0
LINE
5
45
330
17
100
AcDbEntity
67
0
8
0
62
256
6
ByLayer
370
-1
48
1.0
60
0
100
AcDbLine
10
78.3470001220703
20
-93.3949966430664
30
0.0
11
78.3470001220703
21
-93.030403137207
31
0.0
39
0.0
210
0.0
220
0.0
230
1.0
0
LINE
5
46
330
17
100
AcDbEntity
67
0
8
0
62
256
6
ByLayer
370
-1
48
1.0
60
0
100
AcDbLine
10
78.3470001220703
20
-93.030403137207
30
0.0
11
79.8625030517578
21
-92.155403137207
31
0.0
39
0.0
210
0.0
220
0.0
230
1.0
0
LINE
5
47
330
17
100
AcDbEntity
67
0
8
0
62
256
6
ByLayer
370
-1
48
1.0
60
0
100
AcDbLine
10
79.8625030517578
20
-92.155403137207
30
0.0
11
81.3780975341797
21
-93.030403137207
31
0.0
39
0.0
210
0.0
220
0.0
230
1.0
0
LINE
5
48
330
17
100
AcDbEntity
67
0
8
0
62
256
6
ByLayer
370
-1
48
1.0
60
0
100
AcDbLine
10
81.3780975341797
20
-93.030403137207
30
0.0
11
81.3780975341797
21
-93.4302978515625
31
0.0
39
0.0
210
0.0
220
0.0
230
1.0
0
LINE
5
49
330
17
100
AcDbEntity
67
0
8
0
62
256
6
ByLayer
370
-1
48
1.0
60
0
100
AcDbLine
10
81.3780975341797
20
-93.4302978515625
30
0.0
11
78.3470001220703
21
-93.3949966430664
31
0.0
39
0.0
210
0.0
220
0.0
230
1.0
0
LINE
5
4A
330
17
100
AcDbEntity
67
0
8
0
62
256
6
ByLayer
370
-1
48
1.0
60
0
100
AcDbLine
10
84.2158966064453
20
-93.4634017944336
30
0.0
11
81.8780975341797
21
-93.4360961914063
31
0.0
39
0.0
210
0.0
220
0.0
230
1.0
0
LINE
5
4B
330
17
100
AcDbEntity
67
0
8
0
62
256
6
ByLayer
370
-1
48
1.0
60
0
100
AcDbLine
10
81.8780975341797
20
-93.4360961914063
30
0.0
11
81.8780975341797
21
-93.030403137207
31
0.0
39
0.0
210
0.0
220
0.0
230
1.0
0
LINE
5
4C
330
17
100
AcDbEntity
67
0
8
0
62
256
6
ByLayer
370
-1
48
1.0
60
0
100
AcDbLine
10
81.8780975341797
20
-93.030403137207
30
0.0
11
83.3936004638672
21
-92.155403137207
31
0.0
39
0.0
210
0.0
220
0.0
230
1.0
0
LINE
5
4D
330
17
100
AcDbEntity
67
0
8
0
62
256
6
ByLayer
370
-1
48
1.0
60
0
100
AcDbLine
10
83.3936004638672
20
-92.155403137207
30
0.0
11
84.9092025756836
21
-93.030403137207
31
0.0
39
0.0
210
0.0
220
0.0
230
1.0
0
LINE
5
4E
330
17
100
AcDbEntity
67
0
8
0
62
256
6
ByLayer
370
-1
48
1.0
60
0
100
AcDbLine
10
84.9092025756836
20
-93.030403137207
30
0.0
11
84.9092025756836
21
-93.4039993286133
31
0.0
39
0.0
210
0.0
220
0.0
230
1.0
0
LINE
5
4F
330
17
100
AcDbEntity
67
0
8
0
62
256
6
ByLayer
370
-1
48
1.0
60
0
100
AcDbLine
10
84.9092025756836
20
-93.4039993286133
30
0.0
11
84.2158966064453
21
-93.4634017944336
31
0.0
39
0.0
210
0.0
220
0.0
230
1.0
0
LINE
5
50
330
17
100
AcDbEntity
67
0
8
0
62
256
6
ByLayer
370
-1
48
1.0
60
0
100
AcDbLine
10
87.6255035400391
20
-92.5994033813477
30
0.0
11
86.9811019897461
21
-92.9044036865234
31
0.0
39
0.0
210
0.0
220
0.0
230
1.0
0
LINE
5
51
330
17
100
AcDbEntity
67
0
8
0
62
256
6
ByLayer
370
-1
48
1.0
60
0
100
AcDbLine
10
86.9811019897461
20
-92.9044036865234
30
0.0
11
86.3360977172852
21
-93.1287002563477
31
0.0
39
0.0
210
0.0
220
0.0
230
1.0
0
LINE
5
52
330
17
100
AcDbEntity
67
0
8
0
62
256
6
ByLayer
370
-1
48
1.0
60
0
100
AcDbLine
10
86.3360977172852
20
-93.1287002563477
30
0.0
11
85.7138977050781
21
-93.2846984863281
31
0.0
39
0.0
210
0.0
220
0.0
230
1.0
0
LINE
5
53
330
17
100
AcDbEntity
67
0
8
0
62
256
6
ByLayer
370
-1
48
1.0
60
0
100
AcDbLine
10
85.7138977050781
20
-93.2846984863281
30
0.0
11
85.4092025756836
21
-93.33740234375
31
0.0
39
0.0
210
0.0
220
0.0
230
1.0
0
LINE
5
54
330
17
100
AcDbEntity
67
0
8
0
62
256
6
ByLayer
370
-1
48
1.0
60
0
100
AcDbLine
10
85.4092025756836
20
-93.33740234375
30
0.0
11
85.4092025756836
21
-93.030403137207
31
0.0
39
0.0
210
0.0
220
0.0
230
1.0
0
LINE
5
55
330
17
100
AcDbEntity
67
0
8
0
62
256
6
ByLayer
370
-1
48
1.0
60
0
100
AcDbLine
10
85.4092025756836
20
-93.030403137207
30
0.0
11
86.9246978759766
21
-92.155403137207
31
0.0
39
0.0
210
0.0
220
0.0
230
1.0
0
LINE
5
56
330
17
100
AcDbEntity
67
0
8
0
62
256
6
ByLayer
370
-1
48
1.0
60
0
100
AcDbLine
10
86.9246978759766
20
-92.155403137207
30
0.0
11
87.6578979492188
21
-92.5785980224609
31
0.0
39
0.0
210
0.0
220
0.0
230
1.0
0
LINE
5
57
330
17
100
AcDbEntity
67
0
8
0
62
256
6
ByLayer
370
-1
48
1.0
60
0
100
AcDbLine
10
87.6578979492188
20
-92.5785980224609
30
0.0
11
87.6255035400391
21
-92.5994033813477
31
0.0
39
0.0
210
0.0
220
0.0
230
1.0
0
LINE
5
58
330
17
100
AcDbEntity
67
0
8
0
62
256
6
ByLayer
370
-1
48
1.0
60
0
100
AcDbLine
10
53.5845985412598
20
-92.2321014404297
30
0.0
11
53.3843994140625
21
-92.040901184082
31
0.0
39
0.0
210
0.0
220
0.0
230
1.0
0
LINE
5
59
330
17
100
AcDbEntity
67
0
8
0
62
256
6
ByLayer
370
-1
48
1.0
60
0
100
AcDbLine
10
53.3843994140625
20
-92.040901184082
30
0.0
11
53.1985015869141
21
-91.834602355957
31
0.0
39
0.0
210
0.0
220
0.0
230
1.0
0
LINE
5
5A
330
17
100
AcDbEntity
67
0
8
0
62
256
6
ByLayer
370
-1
48
1.0
60
0
100
AcDbLine
10
53.1985015869141
20
-91.834602355957
30
0.0
11
53.0279006958008
21
-91.6136016845703
31
0.0
39
0.0
210
0.0
220
0.0
230
1.0
0
LINE
5
5B
330
17
100
AcDbEntity
67
0
8
0
62
256
6
ByLayer
370
-1
48
1.0
60
0
100
AcDbLine
10
53.0279006958008
20
-91.6136016845703
30
0.0
11
52.8739013671875
21
-91.3788986206055
31
0.0
39
0.0
210
0.0
220
0.0
230
1.0
0
LINE
5
5C
330
17
100
AcDbEntity
67
0
8
0
62
256
6
ByLayer
370
-1
48
1.0
60
0
100
AcDbLine
10
52.8739013671875
20
-91.3788986206055
30
0.0
11
52.7373008728027
21
-91.1309967041016
31
0.0
39
0.0
210
0.0
220
0.0
230
1.0
0
LINE
5
5D
330
17
100
AcDbEntity
67
0
8
0
62
256
6
ByLayer
370
-1
48
1.0
60
0
100
AcDbLine
10
52.7373008728027
20
-91.1309967041016
30
0.0
11
52.212100982666
21
-89.7711029052734
31
0.0
39
0.0
210
0.0
220
0.0
230
1.0
0
LINE
5
5E
330
17
100
AcDbEntity
67
0
8
0
62
256
6
ByLayer
370
-1
48
1.0
60
0
100
AcDbLine
10
52.212100982666
20
-89.7711029052734
30
0.0
11
53.3791999816895
21
-89.097297668457
31
0.0
39
0.0
210
0.0
220
0.0
230
1.0
0
LINE
5
5F
330
17
100
AcDbEntity
67
0
8
0
62
256
6
ByLayer
370
-1
48
1.0
60
0
100
AcDbLine
10
53.3791999816895
20
-89.097297668457
30
0.0
11
54.8946990966797
21
-89.972297668457
31
0.0
39
0.0
210
0.0
220
0.0
230
1.0
0
LINE
5
60
330
17
100
AcDbEntity
67
0
8
0
62
256
6
ByLayer
370
-1
48
1.0
60
0
100
AcDbLine
10
54.8946990966797
20
-89.972297668457
30
0.0
11
54.8946990966797
21
-91.7223968505859
31
0.0
39
0.0
210
0.0
220
0.0
230
1.0
0
LINE
5
61
330
17
100
AcDbEntity
67
0
8
0
62
256
6
ByLayer
370
-1
48
1.0
60
0
100
AcDbLine
10
54.8946990966797
20
-91.7223968505859
30
0.0
11
53.761100769043
21
-92.3768997192383
31
0.0
39
0.0
210
0.0
220
0.0
230
1.0
0
LINE
5
62
330
17
100
AcDbEntity
67
0
8
0
62
256
6
ByLayer
370
-1
48
1.0
60
0
100
AcDbLine
10
53.761100769043
20
-92.3768997192383
30
0.0
11
53.5845985412598
21
-92.2321014404297
31
0.0
39
0.0
210
0.0
220
0.0
230
1.0
0
LINE
5
63
330
17
100
AcDbEntity
67
0
8
0
62
256
6
ByLayer
370
-1
48
1.0
60
0
100
AcDbLine
10
58.4258003234863
20
-89.972297668457
30
0.0
11
56.9103012084961
21
-89.097297668457
31
0.0
39
0.0
210
0.0
220
0.0
230
1.0
0
LINE
5
64
330
17
100
AcDbEntity
67
0
8
0
62
256
6
ByLayer
370
-1
48
1.0
60
0
100
AcDbLine
10
56.9103012084961
20
-89.097297668457
30
0.0
11
55.3946990966797
21
-89.972297668457
31
0.0
39
0.0
210
0.0
220
0.0
230
1.0
0
LINE
5
65
330
17
100
AcDbEntity
67
0
8
0
62
256
6
ByLayer
370
-1
48
1.0
60
0
100
AcDbLine
10
55.3946990966797
20
-89.972297668457
30
0.0
11
55.3946990966797
21
-91.7223968505859
31
0.0
39
0.0
210
0.0
220
0.0
230
1.0
0
LINE
5
66
330
17
100
AcDbEntity
67
0
8
0
62
256
6
ByLayer
370
-1
48
1.0
60
0
100
AcDbLine
10
55.3946990966797
20
-91.7223968505859
30
0.0
11
56.9103012084961
21
-92.5973968505859
31
0.0
39
0.0
210
0.0
220
0.0
230
1.0
0
LINE
5
67
330
17
100
AcDbEntity
67
0
8
0
62
256
6
ByLayer
370
-1
48
1.0
60
0
100
AcDbLine
10
56.9103012084961
20
-92.5973968505859
30
0.0
11
58.4258003234863
21
-91.7223968505859
31
0.0
39
0.0
210
0.0
220
0.0
230
1.0
0
LINE
5
68
330
17
100
AcDbEntity
67
0
8
0
62
256
6
ByLayer
370
-1
48
1.0
60
0
100
AcDbLine
10
58.4258003234863
20
-91.7223968505859
30
0.0
11
58.4258003234863
21
-89.972297668457
31
0.0
39
0.0
210
0.0
220
0.0
230
1.0
0
LINE
5
69
330
17
100
AcDbEntity
67
0
8
0
62
256
6
ByLayer
370
-1
48
1.0
60
0
100
AcDbLine
10
61.9570007324219
20
-89.972297668457
30
0.0
11
60.4413986206055
21
-89.097297668457
31
0.0
39
0.0
210
0.0
220
0.0
230
1.0
0
LINE
5
6A
330
17
100
AcDbEntity
67
0
8
0
62
256
6
ByLayer
370
-1
48
1.0
60
0
100
AcDbLine
10
60.4413986206055
20
-89.097297668457
30
0.0
11
58.9258003234863
21
-89.972297668457
31
0.0
39
0.0
210
0.0
220
0.0
230
1.0
0
LINE
5
6B
330
17
100
AcDbEntity
67
0
8
0
62
256
6
ByLayer
370
-1
48
1.0
60
0
100
AcDbLine
10
58.9258003234863
20
-89.972297668457
30
0.0
11
58.9258003234863
21
-91.7223968505859
31
0.0
39
0.0
210
0.0
220
0.0
230
1.0
0
LINE
5
6C
330
17
100
AcDbEntity
67
0
8
0
62
256
6
ByLayer
370
-1
48
1.0
60
0
100
AcDbLine
10
58.9258003234863
20
-91.7223968505859
30
0.0
11
60.4413986206055
21
-92.5973968505859
31
0.0
39
0.0
210
0.0
220
0.0
230
1.0
0
LINE
5
6D
330
17
100
AcDbEntity
67
0
8
0
62
256
6
ByLayer
370
-1
48
1.0
60
0
100
AcDbLine
10
60.4413986206055
20
-92.5973968505859
30
0.0
11
61.9570007324219
21
-91.7223968505859
31
0.0
39
0.0
210
0.0
220
0.0
230
1.0
0
LINE
5
6E
330
17
100
AcDbEntity
67
0
8
0
62
256
6
ByLayer
370
-1
48
1.0
60
0
100
AcDbLine
10
61.9570007324219
20
-91.7223968505859
30
0.0
11
61.9570007324219
21
-89.972297668457
31
0.0
39
0.0
210
0.0
220
0.0
230
1.0
0
LINE
5
6F
330
17
100
AcDbEntity
67
0
8
0
62
256
6
ByLayer
370
-1
48
1.0
60
0
100
AcDbLine
10
65.4880981445313
20
-89.972297668457
30
0.0
11
63.9724998474121
21
-89.097297668457
31
0.0
39
0.0
210
0.0
220
0.0
230
1.0
0
LINE
5
70
330
17
100
AcDbEntity
67
0
8
0
62
256
6
ByLayer
370
-1
48
1.0
60
0
100
AcDbLine
10
63.9724998474121
20
-89.097297668457
30
0.0
11
62.4570007324219
21
-89.972297668457
31
0.0
39
0.0
210
0.0
220
0.0
230
1.0
0
LINE
5
71
330
17
100
AcDbEntity
67
0
8
0
62
256
6
ByLayer
370
-1
48
1.0
60
0
100
AcDbLine
10
62.4570007324219
20
-89.972297668457
30
0.0
11
62.4570007324219
21
-91.7223968505859
31
0.0
39
0.0
210
0.0
220
0.0
230
1.0
0
LINE
5
72
330
17
100
AcDbEntity
67
0
8
0
62
256
6
ByLayer
370
-1
48
1.0
60
0
100
AcDbLine
10
62.4570007324219
20
-91.7223968505859
30
0.0
11
63.9724998474121
21
-92.5973968505859
31
0.0
39
0.0
210
0.0
220
0.0
230
1.0
0
LINE
5
73
330
17
100
AcDbEntity
67
0
8
0
62
256
6
ByLayer
370
-1
48
1.0
60
0
100
AcDbLine
10
63.9724998474121
20
-92.5973968505859
30
0.0
11
65.4880981445313
21
-91.7223968505859
31
0.0
39
0.0
210
0.0
220
0.0
230
1.0
0
LINE
5
74
330
17
100
AcDbEntity
67
0
8
0
62
256
6
ByLayer
370
-1
48
1.0
60
0
100
AcDbLine
10
65.4880981445313
20
-91.7223968505859
30
0.0
11
65.4880981445313
21
-89.972297668457
31
0.0
39
0.0
210
0.0
220
0.0
230
1.0
0
LINE
5
75
330
17
100
AcDbEntity
67
0
8
0
62
256
6
ByLayer
370
-1
48
1.0
60
0
100
AcDbLine
10
69.0192031860352
20
-89.972297668457
30
0.0
11
67.5036010742188
21
-89.097297668457
31
0.0
39
0.0
210
0.0
220
0.0
230
1.0
0
LINE
5
76
330
17
100
AcDbEntity
67
0
8
0
62
256
6
ByLayer
370
-1
48
1.0
60
0
100
AcDbLine
10
67.5036010742188
20
-89.097297668457
30
0.0
11
65.9880981445313
21
-89.972297668457
31
0.0
39
0.0
210
0.0
220
0.0
230
1.0
0
LINE
5
77
330
17
100
AcDbEntity
67
0
8
0
62
256
6
ByLayer
370
-1
48
1.0
60
0
100
AcDbLine
10
65.9880981445313
20
-89.972297668457
30
0.0
11
65.9880981445313
21
-91.7223968505859
31
0.0
39
0.0
210
0.0
220
0.0
230
1.0
0
LINE
5
78
330
17
100
AcDbEntity
67
0
8
0
62
256
6
ByLayer
370
-1
48
1.0
60
0
100
AcDbLine
10
65.9880981445313
20
-91.7223968505859
30
0.0
11
67.5036010742188
21
-92.5973968505859
31
0.0
39
0.0
210
0.0
220
0.0
230
1.0
0
LINE
5
79
330
17
100
AcDbEntity
67
0
8
0
62
256
6
ByLayer
370
-1
48
1.0
60
0
100
AcDbLine
10
67.5036010742188
20
-92.5973968505859
30
0.0
11
69.0192031860352
21
-91.7223968505859
31
0.0
39
0.0
210
0.0
220
0.0
230
1.0
0
LINE
5
7A
330
17
100
AcDbEntity
67
0
8
0
62
256
6
ByLayer
370
-1
48
1.0
60
0
100
AcDbLine
10
69.0192031860352
20
-91.7223968505859
30
0.0
11
69.0192031860352
21
-89.972297668457
31
0.0
39
0.0
210
0.0
220
0.0
230
1.0
0
LINE
5
7B
330
17
100
AcDbEntity
67
0
8
0
62
256
6
ByLayer
370
-1
48
1.0
60
0
100
AcDbLine
10
72.5503005981445
20
-89.972297668457
30
0.0
11
71.0346984863281
21
-89.097297668457
31
0.0
39
0.0
210
0.0
220
0.0
230
1.0
0
LINE
5
7C
330
17
100
AcDbEntity
67
0
8
0
62
256
6
ByLayer
370
-1
48
1.0
60
0
100
AcDbLine
10
71.0346984863281
20
-89.097297668457
30
0.0
11
69.5192031860352
21
-89.972297668457
31
0.0
39
0.0
210
0.0
220
0.0
230
1.0
0
LINE
5
7D
330
17
100
AcDbEntity
67
0
8
0
62
256
6
ByLayer
370
-1
48
1.0
60
0
100
AcDbLine
10
69.5192031860352
20
-89.972297668457
30
0.0
11
69.5192031860352
21
-91.7223968505859
31
0.0
39
0.0
210
0.0
220
0.0
230
1.0
0
LINE
5
7E
330
17
100
AcDbEntity
67
0
8
0
62
256
6
ByLayer
370
-1
48
1.0
60
0
100
AcDbLine
10
69.5192031860352
20
-91.7223968505859
30
0.0
11
71.0346984863281
21
-92.5973968505859
31
0.0
39
0.0
210
0.0
220
0.0
230
1.0
0
LINE
5
7F
330
17
100
AcDbEntity
67
0
8
0
62
256
6
ByLayer
370
-1
48
1.0
60
0
100
AcDbLine
10
71.0346984863281
20
-92.5973968505859
30
0.0
11
72.5503005981445
21
-91.7223968505859
31
0.0
39
0.0
210
0.0
220
0.0
230
1.0
0
LINE
5
80
330
17
100
AcDbEntity
67
0
8
0
62
256
6
ByLayer
370
-1
48
1.0
60
0
100
AcDbLine
10
72.5503005981445
20
-91.7223968505859
30
0.0
11
72.5503005981445
21
-89.972297668457
31
0.0
39
0.0
210
0.0
220
0.0
230
1.0
0
LINE
5
81
330
17
100
AcDbEntity
67
0
8
0
62
256
6
ByLayer
370
-1
48
1.0
60
0
100
AcDbLine
10
76.0813980102539
20
-89.972297668457
30
0.0
11
74.5659027099609
21
-89.097297668457
31
0.0
39
0.0
210
0.0
220
0.0
230
1.0
0
LINE
5
82
330
17
100
AcDbEntity
67
0
8
0
62
256
6
ByLayer
370
-1
48
1.0
60
0
100
AcDbLine
10
74.5659027099609
20
-89.097297668457
30
0.0
11
73.0503005981445
21
-89.972297668457
31
0.0
39
0.0
210
0.0
220
0.0
230
1.0
0
LINE
5
83
330
17
100
AcDbEntity
67
0
8
0
62
256
6
ByLayer
370
-1
48
1.0
60
0
100
AcDbLine
10
73.0503005981445
20
-89.972297668457
30
0.0
11
73.0503005981445
21
-91.7223968505859
31
0.0
39
0.0
210
0.0
220
0.0
230
1.0
0
LINE
5
84
330
17
100
AcDbEntity
67
0
8
0
62
256
6
ByLayer
370
-1
48
1.0
60
0
100
AcDbLine
10
73.0503005981445
20
-91.7223968505859
30
0.0
11
74.5659027099609
21
-92.5973968505859
31
0.0
39
0.0
210
0.0
220
0.0
230
1.0
0
LINE
5
85
330
17
100
AcDbEntity
67
0
8
0
62
256
6
ByLayer
370
-1
48
1.0
60
0
100
AcDbLine
10
74.5659027099609
20
-92.5973968505859
30
0.0
11
76.0813980102539
21
-91.7223968505859
31
0.0
39
0.0
210
0.0
220
0.0
230
1.0
0
LINE
5
86
330
17
100
AcDbEntity
67
0
8
0
62
256
6
ByLayer
370
-1
48
1.0
60
0
100
AcDbLine
10
76.0813980102539
20
-91.7223968505859
30
0.0
11
76.0813980102539
21
-89.972297668457
31
0.0
39
0.0
210
0.0
220
0.0
230
1.0
0
LINE
5
87
330
17
100
AcDbEntity
67
0
8
0
62
256
6
ByLayer
370
-1
48
1.0
60
0
100
AcDbLine
10
79.6125030517578
20
-89.972297668457
30
0.0
11
78.0970001220703
21
-89.097297668457
31
0.0
39
0.0
210
0.0
220
0.0
230
1.0
0
LINE
5
88
330
17
100
AcDbEntity
67
0
8
0
62
256
6
ByLayer
370
-1
48
1.0
60
0
100
AcDbLine
10
78.0970001220703
20
-89.097297668457
30
0.0
11
76.5813980102539
21
-89.972297668457
31
0.0
39
0.0
210
0.0
220
0.0
230
1.0
0
LINE
5
89
330
17
100
AcDbEntity
67
0
8
0
62
256
6
ByLayer
370
-1
48
1.0
60
0
100
AcDbLine
10
76.5813980102539
20
-89.972297668457
30
0.0
11
76.5813980102539
21
-91.7223968505859
31
0.0
39
0.0
210
0.0
220
0.0
230
1.0
0
LINE
5
8A
330
17
100
AcDbEntity
67
0
8
0
62
256
6
ByLayer
370
-1
48
1.0
60
0
100
AcDbLine
10
76.5813980102539
20
-91.7223968505859
30
0.0
11
78.0970001220703
21
-92.5973968505859
31
0.0
39
0.0
210
0.0
220
0.0
230
1.0
0
LINE
5
8B
330
17
100
AcDbEntity
67
0
8
0
62
256
6
ByLayer
370
-1
48
1.0
60
0
100
AcDbLine
10
78.0970001220703
20
-92.5973968505859
30
0.0
11
79.6125030517578
21
-91.7223968505859
31
0.0
39
0.0
210
0.0
220
0.0
230
1.0
0
LINE
5
8C
330
17
100
AcDbEntity
67
0
8
0
62
256
6
ByLayer
370
-1
48
1.0
60
0
100
AcDbLine
10
79.6125030517578
20
-91.7223968505859
30
0.0
11
79.6125030517578
21
-89.972297668457
31
0.0
39
0.0
210
0.0
220
0.0
230
1.0
0
LINE
5
8D
330
17
100
AcDbEntity
67
0
8
0
62
256
6
ByLayer
370
-1
48
1.0
60
0
100
AcDbLine
10
83.1436004638672
20
-89.972297668457
30
0.0
11
81.6280975341797
21
-89.097297668457
31
0.0
39
0.0
210
0.0
220
0.0
230
1.0
0
LINE
5
8E
330
17
100
AcDbEntity
67
0
8
0
62
256
6
ByLayer
370
-1
48
1.0
60
0
100
AcDbLine
10
81.6280975341797
20
-89.097297668457
30
0.0
11
80.1125030517578
21
-89.972297668457
31
0.0
39
0.0
210
0.0
220
0.0
230
1.0
0
LINE
5
8F
330
17
100
AcDbEntity
67
0
8
0
62
256
6
ByLayer
370
-1
48
1.0
60
0
100
AcDbLine
10
80.1125030517578
20
-89.972297668457
30
0.0
11
80.1125030517578
21
-91.7223968505859
31
0.0
39
0.0
210
0.0
220
0.0
230
1.0
0
LINE
5
90
330
17
100
AcDbEntity
67
0
8
0
62
256
6
ByLayer
370
-1
48
1.0
60
0
100
AcDbLine
10
80.1125030517578
20
-91.7223968505859
30
0.0
11
81.6280975341797
21
-92.5973968505859
31
0.0
39
0.0
210
0.0
220
0.0
230
1.0
0
LINE
5
91
330
17
100
AcDbEntity
67
0
8
0
62
256
6
ByLayer
370
-1
48
1.0
60
0
100
AcDbLine
10
81.6280975341797
20
-92.5973968505859
30
0.0
11
83.1436004638672
21
-91.7223968505859
31
0.0
39
0.0
210
0.0
220
0.0
230
1.0
0
LINE
5
92
330
17
100
AcDbEntity
67
0
8
0
62
256
6
ByLayer
370
-1
48
1.0
60
0
100
AcDbLine
10
83.1436004638672
20
-91.7223968505859
30
0.0
11
83.1436004638672
21
-89.972297668457
31
0.0
39
0.0
210
0.0
220
0.0
230
1.0
0
LINE
5
93
330
17
100
AcDbEntity
67
0
8
0
62
256
6
ByLayer
370
-1
48
1.0
60
0
100
AcDbLine
10
86.6746978759766
20
-89.972297668457
30
0.0
11
85.1592025756836
21
-89.097297668457
31
0.0
39
0.0
210
0.0
220
0.0
230
1.0
0
LINE
5
94
330
17
100
AcDbEntity
67
0
8
0
62
256
6
ByLayer
370
-1
48
1.0
60
0
100
AcDbLine
10
85.1592025756836
20
-89.097297668457
30
0.0
11
83.6436004638672
21
-89.972297668457
31
0.0
39
0.0
210
0.0
220
0.0
230
1.0
0
LINE
5
95
330
17
100
AcDbEntity
67
0
8
0
62
256
6
ByLayer
370
-1
48
1.0
60
0
100
AcDbLine
10
83.6436004638672
20
-89.972297668457
30
0.0
11
83.6436004638672
21
-91.7223968505859
31
0.0
39
0.0
210
0.0
220
0.0
230
1.0
0
LINE
5
96
330
17
100
AcDbEntity
67
0
8
0
62
256
6
ByLayer
370
-1
48
1.0
60
0
100
AcDbLine
10
83.6436004638672
20
-91.7223968505859
30
0.0
11
85.1592025756836
21
-92.5973968505859
31
0.0
39
0.0
210
0.0
220
0.0
230
1.0
0
LINE
5
97
330
17
100
AcDbEntity
67
0
8
0
62
256
6
ByLayer
370
-1
48
1.0
60
0
100
AcDbLine
10
85.1592025756836
20
-92.5973968505859
30
0.0
11
86.6746978759766
21
-91.7223968505859
31
0.0
39
0.0
210
0.0
220
0.0
230
1.0
0
LINE
5
98
330
17
100
AcDbEntity
67
0
8
0
62
256
6
ByLayer
370
-1
48
1.0
60
0
100
AcDbLine
10
86.6746978759766
20
-91.7223968505859
30
0.0
11
86.6746978759766
21
-89.972297668457
31
0.0
39
0.0
210
0.0
220
0.0
230
1.0
0
LINE
5
99
330
17
100
AcDbEntity
67
0
8
0
62
256
6
ByLayer
370
-1
48
1.0
60
0
100
AcDbLine
10
89.8998031616211
20
-89.9029006958008
30
0.0
11
89.736198425293
21
-90.3295974731445
31
0.0
39
0.0
210
0.0
220
0.0
230
1.0
0
LINE
5
9A
330
17
100
AcDbEntity
67
0
8
0
62
256
6
ByLayer
370
-1
48
1.0
60
0
100
AcDbLine
10
89.736198425293
20
-90.3295974731445
30
0.0
11
89.5436019897461
21
-90.7210006713867
31
0.0
39
0.0
210
0.0
220
0.0
230
1.0
0
LINE
5
9B
330
17
100
AcDbEntity
67
0
8
0
62
256
6
ByLayer
370
-1
48
1.0
60
0
100
AcDbLine
10
89.5436019897461
20
-90.7210006713867
30
0.0
11
89.3248977661133
21
-91.0786972045898
31
0.0
39
0.0
210
0.0
220
0.0
230
1.0
0
LINE
5
9C
330
17
100
AcDbEntity
67
0
8
0
62
256
6
ByLayer
370
-1
48
1.0
60
0
100
AcDbLine
10
89.3248977661133
20
-91.0786972045898
30
0.0
11
89.0827026367188
21
-91.4040985107422
31
0.0
39
0.0
210
0.0
220
0.0
230
1.0
0
LINE
5
9D
330
17
100
AcDbEntity
67
0
8
0
62
256
6
ByLayer
370
-1
48
1.0
60
0
100
AcDbLine
10
89.0827026367188
20
-91.4040985107422
30
0.0
11
88.8205032348633
21
-91.6987991333008
31
0.0
39
0.0
210
0.0
220
0.0
230
1.0
0
LINE
5
9E
330
17
100
AcDbEntity
67
0
8
0
62
256
6
ByLayer
370
-1
48
1.0
60
0
100
AcDbLine
10
88.8205032348633
20
-91.6987991333008
30
0.0
11
88.5407028198242
21
-91.963996887207
31
0.0
39
0.0
210
0.0
220
0.0
230
1.0
0
LINE
5
9F
330
17
100
AcDbEntity
67
0
8
0
62
256
6
ByLayer
370
-1
48
1.0
60
0
100
AcDbLine
10
88.5407028198242
20
-91.963996887207
30
0.0
11
88.2462997436523
21
-92.2015991210938
31
0.0
39
0.0
210
0.0
220
0.0
230
1.0
0
LINE
5
A0
330
17
100
AcDbEntity
67
0
8
0
62
256
6
ByLayer
370
-1
48
1.0
60
0
100
AcDbLine
10
88.2462997436523
20
-92.2015991210938
30
0.0
11
88.1317977905273
21
-92.27490234375
31
0.0
39
0.0
210
0.0
220
0.0
230
1.0
0
LINE
5
A1
330
17
100
AcDbEntity
67
0
8
0
62
256
6
ByLayer
370
-1
48
1.0
60
0
100
AcDbLine
10
88.1317977905273
20
-92.27490234375
30
0.0
11
87.1747970581055
21
-91.7223968505859
31
0.0
39
0.0
210
0.0
220
0.0
230
1.0
0
LINE
5
A2
330
17
100
AcDbEntity
67
0
8
0
62
256
6
ByLayer
370
-1
48
1.0
60
0
100
AcDbLine
10
87.1747970581055
20
-91.7223968505859
30
0.0
11
87.1747970581055
21
-89.972297668457
31
0.0
39
0.0
210
0.0
220
0.0
230
1.0
0
LINE
5
A3
330
17
100
AcDbEntity
67
0
8
0
62
256
6
ByLayer
370
-1
48
1.0
60
0
100
AcDbLine
10
87.1747970581055
20
-89.972297668457
30
0.0
11
88.690299987793
21
-89.097297668457
31
0.0
39
0.0
210
0.0
220
0.0
230
1.0
0
LINE
5
A4
330
17
100
AcDbEntity
67
0
8
0
62
256
6
ByLayer
370
-1
48
1.0
60
0
100
AcDbLine
10
88.690299987793
20
-89.097297668457
30
0.0
11
89.9259033203125
21
-89.8106994628906
31
0.0
39
0.0
210
0.0
220
0.0
230
1.0
0
LINE
5
A5
330
17
100
AcDbEntity
67
0
8
0
62
256
6
ByLayer
370
-1
48
1.0
60
0
100
AcDbLine
10
89.9259033203125
20
-89.8106994628906
30
0.0
11
89.8998031616211
21
-89.9029006958008
31
0.0
39
0.0
210
0.0
220
0.0
230
1.0
0
LINE
5
A6
330
17
100
AcDbEntity
67
0
8
0
62
256
6
ByLayer
370
-1
48
1.0
60
0
100
AcDbLine
10
50.9245986938477
20
-86.4371032714844
30
0.0
11
51.6136016845703
21
-86.0392990112305
31
0.0
39
0.0
210
0.0
220
0.0
230
1.0
0
LINE
5
A7
330
17
100
AcDbEntity
67
0
8
0
62
256
6
ByLayer
370
-1
48
1.0
60
0
100
AcDbLine
10
51.6136016845703
20
-86.0392990112305
30
0.0
11
53.1291999816895
21
-86.9142990112305
31
0.0
39
0.0
210
0.0
220
0.0
230
1.0
0
LINE
5
A8
330
17
100
AcDbEntity
67
0
8
0
62
256
6
ByLayer
370
-1
48
1.0
60
0
100
AcDbLine
10
53.1291999816895
20
-86.9142990112305
30
0.0
11
53.1291999816895
21
-88.6642990112305
31
0.0
39
0.0
210
0.0
220
0.0
230
1.0
0
LINE
5
A9
330
17
100
AcDbEntity
67
0
8
0
62
256
6
ByLayer
370
-1
48
1.0
60
0
100
AcDbLine
10
53.1291999816895
20
-88.6642990112305
30
0.0
11
52.0298004150391
21
-89.2990036010742
31
0.0
39
0.0
210
0.0
220
0.0
230
1.0
0
LINE
5
AA
330
17
100
AcDbEntity
67
0
8
0
62
256
6
ByLayer
370
-1
48
1.0
60
0
100
AcDbLine
10
52.0298004150391
20
-89.2990036010742
30
0.0
11
50.9245986938477
21
-86.4371032714844
31
0.0
39
0.0
210
0.0
220
0.0
230
1.0
0
LINE
5
AB
330
17
100
AcDbEntity
67
0
8
0
62
256
6
ByLayer
370
-1
48
1.0
60
0
100
AcDbLine
10
56.6603012084961
20
-86.9142990112305
30
0.0
11
55.1446990966797
21
-86.0392990112305
31
0.0
39
0.0
210
0.0
220
0.0
230
1.0
0
LINE
5
AC
330
17
100
AcDbEntity
67
0
8
0
62
256
6
ByLayer
370
-1
48
1.0
60
0
100
AcDbLine
10
55.1446990966797
20
-86.0392990112305
30
0.0
11
53.6291999816895
21
-86.9142990112305
31
0.0
39
0.0
210
0.0
220
0.0
230
1.0
0
LINE
5
AD
330
17
100
AcDbEntity
67
0
8
0
62
256
6
ByLayer
370
-1
48
1.0
60
0
100
AcDbLine
10
53.6291999816895
20
-86.9142990112305
30
0.0
11
53.6291999816895
21
-88.6642990112305
31
0.0
39
0.0
210
0.0
220
0.0
230
1.0
0
LINE
5
AE
330
17
100
AcDbEntity
67
0
8
0
62
256
6
ByLayer
370
-1
48
1.0
60
0
100
AcDbLine
10
53.6291999816895
20
-88.6642990112305
30
0.0
11
55.1446990966797
21
-89.5392990112305
31
0.0
39
0.0
210
0.0
220
0.0
230
1.0
0
LINE
5
AF
330
17
100
AcDbEntity
67
0
8
0
62
256
6
ByLayer
370
-1
48
1.0
60
0
100
AcDbLine
10
55.1446990966797
20
-89.5392990112305
30
0.0
11
56.6603012084961
21
-88.6642990112305
31
0.0
39
0.0
210
0.0
220
0.0
230
1.0
0
LINE
5
B0
330
17
100
AcDbEntity
67
0
8
0
62
256
6
ByLayer
370
-1
48
1.0
60
0
100
AcDbLine
10
56.6603012084961
20
-88.6642990112305
30
0.0
11
56.6603012084961
21
-86.9142990112305
31
0.0
39
0.0
210
0.0
220
0.0
230
1.0
0
LINE
5
B1
330
17
100
AcDbEntity
67
0
8
0
62
256
6
ByLayer
370
-1
48
1.0
60
0
100
AcDbLine
10
60.1913986206055
20
-86.9142990112305
30
0.0
11
58.6758003234863
21
-86.0392990112305
31
0.0
39
0.0
210
0.0
220
0.0
230
1.0
0
LINE
5
B2
330
17
100
AcDbEntity
67
0
8
0
62
256
6
ByLayer
370
-1
48
1.0
60
0
100
AcDbLine
10
58.6758003234863
20
-86.0392990112305
30
0.0
11
57.1603012084961
21
-86.9142990112305
31
0.0
39
0.0
210
0.0
220
0.0
230
1.0
0
LINE
5
B3
330
17
100
AcDbEntity
67
0
8
0
62
256
6
ByLayer
370
-1
48
1.0
60
0
100
AcDbLine
10
57.1603012084961
20
-86.9142990112305
30
0.0
11
57.1603012084961
21
-88.6642990112305
31
0.0
39
0.0
210
0.0
220
0.0
230
1.0
0
LINE
5
B4
330
17
100
AcDbEntity
67
0
8
0
62
256
6
ByLayer
370
-1
48
1.0
60
0
100
AcDbLine
10
57.1603012084961
20
-88.6642990112305
30
0.0
11
58.6758003234863
21
-89.5392990112305
31
0.0
39
0.0
210
0.0
220
0.0
230
1.0
0
LINE
5
B5
330
17
100
AcDbEntity
67
0
8
0
62
256
6
ByLayer
370
-1
48
1.0
60
0
100
AcDbLine
10
58.6758003234863
20
-89.5392990112305
30
0.0
11
60.1913986206055
21
-88.6642990112305
31
0.0
39
0.0
210
0.0
220
0.0
230
1.0
0
LINE
5
B6
330
17
100
AcDbEntity
67
0
8
0
62
256
6
ByLayer
370
-1
48
1.0
60
0
100
AcDbLine
10
60.1913986206055
20
-88.6642990112305
30
0.0
11
60.1913986206055
21
-86.9142990112305
31
0.0
39
0.0
210
0.0
220
0.0
230
1.0
0
LINE
5
B7
330
17
100
AcDbEntity
67
0
8
0
62
256
6
ByLayer
370
-1
48
1.0
60
0
100
AcDbLine
10
63.7224998474121
20
-86.9142990112305
30
0.0
11
62.2070007324219
21
-86.0392990112305
31
0.0
39
0.0
210
0.0
220
0.0
230
1.0
0
LINE
5
B8
330
17
100
AcDbEntity
67
0
8
0
62
256
6
ByLayer
370
-1
48
1.0
60
0
100
AcDbLine
10
62.2070007324219
20
-86.0392990112305
30
0.0
11
60.6913986206055
21
-86.9142990112305
31
0.0
39
0.0
210
0.0
220
0.0
230
1.0
0
LINE
5
B9
330
17
100
AcDbEntity
67
0
8
0
62
256
6
ByLayer
370
-1
48
1.0
60
0
100
AcDbLine
10
60.6913986206055
20
-86.9142990112305
30
0.0
11
60.6913986206055
21
-88.6642990112305
31
0.0
39
0.0
210
0.0
220
0.0
230
1.0
0
LINE
5
BA
330
17
100
AcDbEntity
67
0
8
0
62
256
6
ByLayer
370
-1
48
1.0
60
0
100
AcDbLine
10
60.6913986206055
20
-88.6642990112305
30
0.0
11
62.2070007324219
21
-89.5392990112305
31
0.0
39
0.0
210
0.0
220
0.0
230
1.0
0
LINE
5
BB
330
17
100
AcDbEntity
67
0
8
0
62
256
6
ByLayer
370
-1
48
1.0
60
0
100
AcDbLine
10
62.2070007324219
20
-89.5392990112305
30
0.0
11
63.7224998474121
21
-88.6642990112305
31
0.0
39
0.0
210
0.0
220
0.0
230
1.0
0
LINE
5
BC
330
17
100
AcDbEntity
67
0
8
0
62
256
6
ByLayer
370
-1
48
1.0
60
0
100
AcDbLine
10
63.7224998474121
20
-88.6642990112305
30
0.0
11
63.7224998474121
21
-86.9142990112305
31
0.0
39
0.0
210
0.0
220
0.0
230
1.0
0
LINE
5
BD
330
17
100
AcDbEntity
67
0
8
0
62
256
6
ByLayer
370
-1
48
1.0
60
0
100
AcDbLine
10
67.2536010742188
20
-86.9142990112305
30
0.0
11
65.7380981445313
21
-86.0392990112305
31
0.0
39
0.0
210
0.0
220
0.0
230
1.0
0
LINE
5
BE
330
17
100
AcDbEntity
67
0
8
0
62
256
6
ByLayer
370
-1
48
1.0
60
0
100
AcDbLine
10
65.7380981445313
20
-86.0392990112305
30
0.0
11
64.2225036621094
21
-86.9142990112305
31
0.0
39
0.0
210
0.0
220
0.0
230
1.0
0
LINE
5
BF
330
17
100
AcDbEntity
67
0
8
0
62
256
6
ByLayer
370
-1
48
1.0
60
0
100
AcDbLine
10
64.2225036621094
20
-86.9142990112305
30
0.0
11
64.2225036621094
21
-88.6642990112305
31
0.0
39
0.0
210
0.0
220
0.0
230
1.0
0
LINE
5
C0
330
17
100
AcDbEntity
67
0
8
0
62
256
6
ByLayer
370
-1
48
1.0
60
0
100
AcDbLine
10
64.2225036621094
20
-88.6642990112305
30
0.0
11
65.7380981445313
21
-89.5392990112305
31
0.0
39
0.0
210
0.0
220
0.0
230
1.0
0
LINE
5
C1
330
17
100
AcDbEntity
67
0
8
0
62
256
6
ByLayer
370
-1
48
1.0
60
0
100
AcDbLine
10
65.7380981445313
20
-89.5392990112305
30
0.0
11
67.2536010742188
21
-88.6642990112305
31
0.0
39
0.0
210
0.0
220
0.0
230
1.0
0
LINE
5
C2
330
17
100
AcDbEntity
67
0
8
0
62
256
6
ByLayer
370
-1
48
1.0
60
0
100
AcDbLine
10
67.2536010742188
20
-88.6642990112305
30
0.0
11
67.2536010742188
21
-86.9142990112305
31
0.0
39
0.0
210
0.0
220
0.0
230
1.0
0
LINE
5
C3
330
17
100
AcDbEntity
67
0
8
0
62
256
6
ByLayer
370
-1
48
1.0
60
0
100
AcDbLine
10
70.7846984863281
20
-86.9142990112305
30
0.0
11
69.2692031860352
21
-86.0392990112305
31
0.0
39
0.0
210
0.0
220
0.0
230
1.0
0
LINE
5
C4
330
17
100
AcDbEntity
67
0
8
0
62
256
6
ByLayer
370
-1
48
1.0
60
0
100
AcDbLine
10
69.2692031860352
20
-86.0392990112305
30
0.0
11
67.7536010742188
21
-86.9142990112305
31
0.0
39
0.0
210
0.0
220
0.0
230
1.0
0
LINE
5
C5
330
17
100
AcDbEntity
67
0
8
0
62
256
6
ByLayer
370
-1
48
1.0
60
0
100
AcDbLine
10
67.7536010742188
20
-86.9142990112305
30
0.0
11
67.7536010742188
21
-88.6642990112305
31
0.0
39
0.0
210
0.0
220
0.0
230
1.0
0
LINE
5
C6
330
17
100
AcDbEntity
67
0
8
0
62
256
6
ByLayer
370
-1
48
1.0
60
0
100
AcDbLine
10
67.7536010742188
20
-88.6642990112305
30
0.0
11
69.2692031860352
21
-89.5392990112305
31
0.0
39
0.0
210
0.0
220
0.0
230
1.0
0
LINE
5
C7
330
17
100
AcDbEntity
67
0
8
0
62
256
6
ByLayer
370
-1
48
1.0
60
0
100
AcDbLine
10
69.2692031860352
20
-89.5392990112305
30
0.0
11
70.7846984863281
21
-88.6642990112305
31
0.0
39
0.0
210
0.0
220
0.0
230
1.0
0
LINE
5
C8
330
17
100
AcDbEntity
67
0
8
0
62
256
6
ByLayer
370
-1
48
1.0
60
0
100
AcDbLine
10
70.7846984863281
20
-88.6642990112305
30
0.0
11
70.7846984863281
21
-86.9142990112305
31
0.0
39
0.0
210
0.0
220
0.0
230
1.0
0
LINE
5
C9
330
17
100
AcDbEntity
67
0
8
0
62
256
6
ByLayer
370
-1
48
1.0
60
0
100
AcDbLine
10
74.3159027099609
20
-86.9142990112305
30
0.0
11
72.8003005981445
21
-86.0392990112305
31
0.0
39
0.0
210
0.0
220
0.0
230
1.0
0
LINE
5
CA
330
17
100
AcDbEntity
67
0
8
0
62
256
6
ByLayer
370
-1
48
1.0
60
0
100
AcDbLine
10
72.8003005981445
20
-86.0392990112305
30
0.0
11
71.2846984863281
21
-86.9142990112305
31
0.0
39
0.0
210
0.0
220
0.0
230
1.0
0
LINE
5
CB
330
17
100
AcDbEntity
67
0
8
0
62
256
6
ByLayer
370
-1
48
1.0
60
0
100
AcDbLine
10
71.2846984863281
20
-86.9142990112305
30
0.0
11
71.2846984863281
21
-88.6642990112305
31
0.0
39
0.0
210
0.0
220
0.0
230
1.0
0
LINE
5
CC
330
17
100
AcDbEntity
67
0
8
0
62
256
6
ByLayer
370
-1
48
1.0
60
0
100
AcDbLine
10
71.2846984863281
20
-88.6642990112305
30
0.0
11
72.8003005981445
21
-89.5392990112305
31
0.0
39
0.0
210
0.0
220
0.0
230
1.0
0
LINE
5
CD
330
17
100
AcDbEntity
67
0
8
0
62
256
6
ByLayer
370
-1
48
1.0
60
0
100
AcDbLine
10
72.8003005981445
20
-89.5392990112305
30
0.0
11
74.3159027099609
21
-88.6642990112305
31
0.0
39
0.0
210
0.0
220
0.0
230
1.0
0
LINE
5
CE
330
17
100
AcDbEntity
67
0
8
0
62
256
6
ByLayer
370
-1
48
1.0
60
0
100
AcDbLine
10
74.3159027099609
20
-88.6642990112305
30
0.0
11
74.3159027099609
21
-86.9142990112305
31
0.0
39
0.0
210
0.0
220
0.0
230
1.0
0
LINE
5
CF
330
17
100
AcDbEntity
67
0
8
0
62
256
6
ByLayer
370
-1
48
1.0
60
0
100
AcDbLine
10
77.8470001220703
20
-86.9142990112305
30
0.0
11
76.3313980102539
21
-86.0392990112305
31
0.0
39
0.0
210
0.0
220
0.0
230
1.0
0
LINE
5
D0
330
17
100
AcDbEntity
67
0
8
0
62
256
6
ByLayer
370
-1
48
1.0
60
0
100
AcDbLine
10
76.3313980102539
20
-86.0392990112305
30
0.0
11
74.8159027099609
21
-86.9142990112305
31
0.0
39
0.0
210
0.0
220
0.0
230
1.0
0
LINE
5
D1
330
17
100
AcDbEntity
67
0
8
0
62
256
6
ByLayer
370
-1
48
1.0
60
0
100
AcDbLine
10
74.8159027099609
20
-86.9142990112305
30
0.0
11
74.8159027099609
21
-88.6642990112305
31
0.0
39
0.0
210
0.0
220
0.0
230
1.0
0
LINE
5
D2
330
17
100
AcDbEntity
67
0
8
0
62
256
6
ByLayer
370
-1
48
1.0
60
0
100
AcDbLine
10
74.8159027099609
20
-88.6642990112305
30
0.0
11
76.3313980102539
21
-89.5392990112305
31
0.0
39
0.0
210
0.0
220
0.0
230
1.0
0
LINE
5
D3
330
17
100
AcDbEntity
67
0
8
0
62
256
6
ByLayer
370
-1
48
1.0
60
0
100
AcDbLine
10
76.3313980102539
20
-89.5392990112305
30
0.0
11
77.8470001220703
21
-88.6642990112305
31
0.0
39
0.0
210
0.0
220
0.0
230
1.0
0
LINE
5
D4
330
17
100
AcDbEntity
67
0
8
0
62
256
6
ByLayer
370
-1
48
1.0
60
0
100
AcDbLine
10
77.8470001220703
20
-88.6642990112305
30
0.0
11
77.8470001220703
21
-86.9142990112305
31
0.0
39
0.0
210
0.0
220
0.0
230
1.0
0
LINE
5
D5
330
17
100
AcDbEntity
67
0
8
0
62
256
6
ByLayer
370
-1
48
1.0
60
0
100
AcDbLine
10
81.3780975341797
20
-86.9142990112305
30
0.0
11
79.8625030517578
21
-86.0392990112305
31
0.0
39
0.0
210
0.0
220
0.0
230
1.0
0
LINE
5
D6
330
17
100
AcDbEntity
67
0
8
0
62
256
6
ByLayer
370
-1
48
1.0
60
0
100
AcDbLine
10
79.8625030517578
20
-86.0392990112305
30
0.0
11
78.3470001220703
21
-86.9142990112305
31
0.0
39
0.0
210
0.0
220
0.0
230
1.0
0
LINE
5
D7
330
17
100
AcDbEntity
67
0
8
0
62
256
6
ByLayer
370
-1
48
1.0
60
0
100
AcDbLine
10
78.3470001220703
20
-86.9142990112305
30
0.0
11
78.3470001220703
21
-88.6642990112305
31
0.0
39
0.0
210
0.0
220
0.0
230
1.0
0
LINE
5
D8
330
17
100
AcDbEntity
67
0
8
0
62
256
6
ByLayer
370
-1
48
1.0
60
0
100
AcDbLine
10
78.3470001220703
20
-88.6642990112305
30
0.0
11
79.8625030517578
21
-89.5392990112305
31
0.0
39
0.0
210
0.0
220
0.0
230
1.0
0
LINE
5
D9
330
17
100
AcDbEntity
67
0
8
0
62
256
6
ByLayer
370
-1
48
1.0
60
0
100
AcDbLine
10
79.8625030517578
20
-89.5392990112305
30
0.0
11
81.3780975341797
21
-88.6642990112305
31
0.0
39
0.0
210
0.0
220
0.0
230
1.0
0
LINE
5
DA
330
17
100
AcDbEntity
67
0
8
0
62
256
6
ByLayer
370
-1
48
1.0
60
0
100
AcDbLine
10
81.3780975341797
20
-88.6642990112305
30
0.0
11
81.3780975341797
21
-86.9142990112305
31
0.0
39
0.0
210
0.0
220
0.0
230
1.0
0
LINE
5
DB
330
17
100
AcDbEntity
67
0
8
0
62
256
6
ByLayer
370
-1
48
1.0
60
0
100
AcDbLine
10
84.9092025756836
20
-86.9142990112305
30
0.0
11
83.3936004638672
21
-86.0392990112305
31
0.0
39
0.0
210
0.0
220
0.0
230
1.0
0
LINE
5
DC
330
17
100
AcDbEntity
67
0
8
0
62
256
6
ByLayer
370
-1
48
1.0
60
0
100
AcDbLine
10
83.3936004638672
20
-86.0392990112305
30
0.0
11
81.8780975341797
21
-86.9142990112305
31
0.0
39
0.0
210
0.0
220
0.0
230
1.0
0
LINE
5
DD
330
17
100
AcDbEntity
67
0
8
0
62
256
6
ByLayer
370
-1
48
1.0
60
0
100
AcDbLine
10
81.8780975341797
20
-86.9142990112305
30
0.0
11
81.8780975341797
21
-88.6642990112305
31
0.0
39
0.0
210
0.0
220
0.0
230
1.0
0
LINE
5
DE
330
17
100
AcDbEntity
67
0
8
0
62
256
6
ByLayer
370
-1
48
1.0
60
0
100
AcDbLine
10
81.8780975341797
20
-88.6642990112305
30
0.0
11
83.3936004638672
21
-89.5392990112305
31
0.0
39
0.0
210
0.0
220
0.0
230
1.0
0
LINE
5
DF
330
17
100
AcDbEntity
67
0
8
0
62
256
6
ByLayer
370
-1
48
1.0
60
0
100
AcDbLine
10
83.3936004638672
20
-89.5392990112305
30
0.0
11
84.9092025756836
21
-88.6642990112305
31
0.0
39
0.0
210
0.0
220
0.0
230
1.0
0
LINE
5
E0
330
17
100
AcDbEntity
67
0
8
0
62
256
6
ByLayer
370
-1
48
1.0
60
0
100
AcDbLine
10
84.9092025756836
20
-88.6642990112305
30
0.0
11
84.9092025756836
21
-86.9142990112305
31
0.0
39
0.0
210
0.0
220
0.0
230
1.0
0
LINE
5
E1
330
17
100
AcDbEntity
67
0
8
0
62
256
6
ByLayer
370
-1
48
1.0
60
0
100
AcDbLine
10
88.440299987793
20
-86.9142990112305
30
0.0
11
86.9246978759766
21
-86.0392990112305
31
0.0
39
0.0
210
0.0
220
0.0
230
1.0
0
LINE
5
E2
330
17
100
AcDbEntity
67
0
8
0
62
256
6
ByLayer
370
-1
48
1.0
60
0
100
AcDbLine
10
86.9246978759766
20
-86.0392990112305
30
0.0
11
85.4092025756836
21
-86.9142990112305
31
0.0
39
0.0
210
0.0
220
0.0
230
1.0
0
LINE
5
E3
330
17
100
AcDbEntity
67
0
8
0
62
256
6
ByLayer
370
-1
48
1.0
60
0
100
AcDbLine
10
85.4092025756836
20
-86.9142990112305
30
0.0
11
85.4092025756836
21
-88.6642990112305
31
0.0
39
0.0
210
0.0
220
0.0
230
1.0
0
LINE
5
E4
330
17
100
AcDbEntity
67
0
8
0
62
256
6
ByLayer
370
-1
48
1.0
60
0
100
AcDbLine
10
85.4092025756836
20
-88.6642990112305
30
0.0
11
86.9246978759766
21
-89.5392990112305
31
0.0
39
0.0
210
0.0
220
0.0
230
1.0
0
LINE
5
E5
330
17
100
AcDbEntity
67
0
8
0
62
256
6
ByLayer
370
-1
48
1.0
60
0
100
AcDbLine
10
86.9246978759766
20
-89.5392990112305
30
0.0
11
88.440299987793
21
-88.6642990112305
31
0.0
39
0.0
210
0.0
220
0.0
230
1.0
0
LINE
5
E6
330
17
100
AcDbEntity
67
0
8
0
62
256
6
ByLayer
370
-1
48
1.0
60
0
100
AcDbLine
10
88.440299987793
20
-88.6642990112305
30
0.0
11
88.440299987793
21
-86.9142990112305
31
0.0
39
0.0
210
0.0
220
0.0
230
1.0
0
LINE
5
E7
330
17
100
AcDbEntity
67
0
8
0
62
256
6
ByLayer
370
-1
48
1.0
60
0
100
AcDbLine
10
90.1873016357422
20
-88.3952026367188
30
0.0
11
90.1280975341797
21
-88.9373016357422
31
0.0
39
0.0
210
0.0
220
0.0
230
1.0
0
LINE
5
E8
330
17
100
AcDbEntity
67
0
8
0
62
256
6
ByLayer
370
-1
48
1.0
60
0
100
AcDbLine
10
90.1280975341797
20
-88.9373016357422
30
0.0
11
90.0565032958984
21
-89.3087997436523
31
0.0
39
0.0
210
0.0
220
0.0
230
1.0
0
LINE
5
E9
330
17
100
AcDbEntity
67
0
8
0
62
256
6
ByLayer
370
-1
48
1.0
60
0
100
AcDbLine
10
90.0565032958984
20
-89.3087997436523
30
0.0
11
88.940299987793
21
-88.6642990112305
31
0.0
39
0.0
210
0.0
220
0.0
230
1.0
0
LINE
5
EA
330
17
100
AcDbEntity
67
0
8
0
62
256
6
ByLayer
370
-1
48
1.0
60
0
100
AcDbLine
10
88.940299987793
20
-88.6642990112305
30
0.0
11
88.940299987793
21
-86.9142990112305
31
0.0
39
0.0
210
0.0
220
0.0
230
1.0
0
LINE
5
EB
330
17
100
AcDbEntity
67
0
8
0
62
256
6
ByLayer
370
-1
48
1.0
60
0
100
AcDbLine
10
88.940299987793
20
-86.9142990112305
30
0.0
11
90.0614013671875
21
-86.2669982910156
31
0.0
39
0.0
210
0.0
220
0.0
230
1.0
0
LINE
5
EC
330
17
100
AcDbEntity
67
0
8
0
62
256
6
ByLayer
370
-1
48
1.0
60
0
100
AcDbLine
10
90.0614013671875
20
-86.2669982910156
30
0.0
11
90.1095962524414
21
-86.5157012939453
31
0.0
39
0.0
210
0.0
220
0.0
230
1.0
0
LINE
5
ED
330
17
100
AcDbEntity
67
0
8
0
62
256
6
ByLayer
370
-1
48
1.0
60
0
100
AcDbLine
10
90.1095962524414
20
-86.5157012939453
30
0.0
11
90.2055969238281
21
-87.8117980957031
31
0.0
39
0.0
210
0.0
220
0.0
230
1.0
0
LINE
5
EE
330
17
100
AcDbEntity
67
0
8
0
62
256
6
ByLayer
370
-1
48
1.0
60
0
100
AcDbLine
10
90.2055969238281
20
-87.8117980957031
30
0.0
11
90.1873016357422
21
-88.3952026367188
31
0.0
39
0.0
210
0.0
220
0.0
230
1.0
0
LINE
5
EF
330
17
100
AcDbEntity
67
0
8
0
62
256
6
ByLayer
370
-1
48
1.0
60
0
100
AcDbLine
10
49.6371002197266
20
-83.1031036376953
30
0.0
11
49.8480987548828
21
-82.9813003540039
31
0.0
39
0.0
210
0.0
220
0.0
230
1.0
0
LINE
5
F0
330
17
100
AcDbEntity
67
0
8
0
62
256
6
ByLayer
370
-1
48
1.0
60
0
100
AcDbLine
10
49.8480987548828
20
-82.9813003540039
30
0.0
11
51.3636016845703
21
-83.8563003540039
31
0.0
39
0.0
210
0.0
220
0.0
230
1.0
0
LINE
5
F1
330
17
100
AcDbEntity
67
0
8
0
62
256
6
ByLayer
370
-1
48
1.0
60
0
100
AcDbLine
10
51.3636016845703
20
-83.8563003540039
30
0.0
11
51.3636016845703
21
-85.6063003540039
31
0.0
39
0.0
210
0.0
220
0.0
230
1.0
0
LINE
5
F2
330
17
100
AcDbEntity
67
0
8
0
62
256
6
ByLayer
370
-1
48
1.0
60
0
100
AcDbLine
10
51.3636016845703
20
-85.6063003540039
30
0.0
11
50.7422981262207
21
-85.9649963378906
31
0.0
39
0.0
210
0.0
220
0.0
230
1.0
0
LINE
5
F3
330
17
100
AcDbEntity
67
0
8
0
62
256
6
ByLayer
370
-1
48
1.0
60
0
100
AcDbLine
10
50.7422981262207
20
-85.9649963378906
30
0.0
11
49.6371002197266
21
-83.1031036376953
31
0.0
39
0.0
210
0.0
220
0.0
230
1.0
0
LINE
5
F4
330
17
100
AcDbEntity
67
0
8
0
62
256
6
ByLayer
370
-1
48
1.0
60
0
100
AcDbLine
10
54.8946990966797
20
-83.8563003540039
30
0.0
11
53.3791999816895
21
-82.9813003540039
31
0.0
39
0.0
210
0.0
220
0.0
230
1.0
0
LINE
5
F5
330
17
100
AcDbEntity
67
0
8
0
62
256
6
ByLayer
370
-1
48
1.0
60
0
100
AcDbLine
10
53.3791999816895
20
-82.9813003540039
30
0.0
11
51.8636016845703
21
-83.8563003540039
31
0.0
39
0.0
210
0.0
220
0.0
230
1.0
0
LINE
5
F6
330
17
100
AcDbEntity
67
0
8
0
62
256
6
ByLayer
370
-1
48
1.0
60
0
100
AcDbLine
10
51.8636016845703
20
-83.8563003540039
30
0.0
11
51.8636016845703
21
-85.6063003540039
31
0.0
39
0.0
210
0.0
220
0.0
230
1.0
0
LINE
5
F7
330
17
100
AcDbEntity
67
0
8
0
62
256
6
ByLayer
370
-1
48
1.0
60
0
100
AcDbLine
10
51.8636016845703
20
-85.6063003540039
30
0.0
11
53.3791999816895
21
-86.4813003540039
31
0.0
39
0.0
210
0.0
220
0.0
230
1.0
0
LINE
5
F8
330
17
100
AcDbEntity
67
0
8
0
62
256
6
ByLayer
370
-1
48
1.0
60
0
100
AcDbLine
10
53.3791999816895
20
-86.4813003540039
30
0.0
11
54.8946990966797
21
-85.6063003540039
31
0.0
39
0.0
210
0.0
220
0.0
230
1.0
0
LINE
5
F9
330
17
100
AcDbEntity
67
0
8
0
62
256
6
ByLayer
370
-1
48
1.0
60
0
100
AcDbLine
10
54.8946990966797
20
-85.6063003540039
30
0.0
11
54.8946990966797
21
-83.8563003540039
31
0.0
39
0.0
210
0.0
220
0.0
230
1.0
0
LINE
5
FA
330
17
100
AcDbEntity
67
0
8
0
62
256
6
ByLayer
370
-1
48
1.0
60
0
100
AcDbLine
10
58.4258003234863
20
-83.8563003540039
30
0.0
11
56.9103012084961
21
-82.9813003540039
31
0.0
39
0.0
210
0.0
220
0.0
230
1.0
0
LINE
5
FB
330
17
100
AcDbEntity
67
0
8
0
62
256
6
ByLayer
370
-1
48
1.0
60
0
100
AcDbLine
10
56.9103012084961
20
-82.9813003540039
30
0.0
11
55.3946990966797
21
-83.8563003540039
31
0.0
39
0.0
210
0.0
220
0.0
230
1.0
0
LINE
5
FC
330
17
100
AcDbEntity
67
0
8
0
62
256
6
ByLayer
370
-1
48
1.0
60
0
100
AcDbLine
10
55.3946990966797
20
-83.8563003540039
30
0.0
11
55.3946990966797
21
-85.6063003540039
31
0.0
39
0.0
210
0.0
220
0.0
230
1.0
0
LINE
5
FD
330
17
100
AcDbEntity
67
0
8
0
62
256
6
ByLayer
370
-1
48
1.0
60
0
100
AcDbLine
10
55.3946990966797
20
-85.6063003540039
30
0.0
11
56.9103012084961
21
-86.4813003540039
31
0.0
39
0.0
210
0.0
220
0.0
230
1.0
0
LINE
5
FE
330
17
100
AcDbEntity
67
0
8
0
62
256
6
ByLayer
370
-1
48
1.0
60
0
100
AcDbLine
10
56.9103012084961
20
-86.4813003540039
30
0.0
11
58.4258003234863
21
-85.6063003540039
31
0.0
39
0.0
210
0.0
220
0.0
230
1.0
0
LINE
5
FF
330
17
100
AcDbEntity
67
0
8
0
62
256
6
ByLayer
370
-1
48
1.0
60
0
100
AcDbLine
10
58.4258003234863
20
-85.6063003540039
30
0.0
11
58.4258003234863
21
-83.8563003540039
31
0.0
39
0.0
210
0.0
220
0.0
230
1.0
0
LINE
5
100
330
17
100
AcDbEntity
67
0
8
0
62
256
6
ByLayer
370
-1
48
1.0
60
0
100
AcDbLine
10
61.9570007324219
20
-83.8563003540039
30
0.0
11
60.4413986206055
21
-82.9813003540039
31
0.0
39
0.0
210
0.0
220
0.0
230
1.0
0
LINE
5
101
330
17
100
AcDbEntity
67
0
8
0
62
256
6
ByLayer
370
-1
48
1.0
60
0
100
AcDbLine
10
60.4413986206055
20
-82.9813003540039
30
0.0
11
58.9258003234863
21
-83.8563003540039
31
0.0
39
0.0
210
0.0
220
0.0
230
1.0
0
LINE
5
102
330
17
100
AcDbEntity
67
0
8
0
62
256
6
ByLayer
370
-1
48
1.0
60
0
100
AcDbLine
10
58.9258003234863
20
-83.8563003540039
30
0.0
11
58.9258003234863
21
-85.6063003540039
31
0.0
39
0.0
210
0.0
220
0.0
230
1.0
0
LINE
5
103
330
17
100
AcDbEntity
67
0
8
0
62
256
6
ByLayer
370
-1
48
1.0
60
0
100
AcDbLine
10
58.9258003234863
20
-85.6063003540039
30
0.0
11
60.4413986206055
21
-86.4813003540039
31
0.0
39
0.0
210
0.0
220
0.0
230
1.0
0
LINE
5
104
330
17
100
AcDbEntity
67
0
8
0
62
256
6
ByLayer
370
-1
48
1.0
60
0
100
AcDbLine
10
60.4413986206055
20
-86.4813003540039
30
0.0
11
61.9570007324219
21
-85.6063003540039
31
0.0
39
0.0
210
0.0
220
0.0
230
1.0
0
LINE
5
105
330
17
100
AcDbEntity
67
0
8
0
62
256
6
ByLayer
370
-1
48
1.0
60
0
100
AcDbLine
10
61.9570007324219
20
-85.6063003540039
30
0.0
11
61.9570007324219
21
-83.8563003540039
31
0.0
39
0.0
210
0.0
220
0.0
230
1.0
0
LINE
5
106
330
17
100
AcDbEntity
67
0
8
0
62
256
6
ByLayer
370
-1
48
1.0
60
0
100
AcDbLine
10
65.4880981445313
20
-83.8563003540039
30
0.0
11
63.9724998474121
21
-82.9813003540039
31
0.0
39
0.0
210
0.0
220
0.0
230
1.0
0
LINE
5
107
330
17
100
AcDbEntity
67
0
8
0
62
256
6
ByLayer
370
-1
48
1.0
60
0
100
AcDbLine
10
63.9724998474121
20
-82.9813003540039
30
0.0
11
62.4570007324219
21
-83.8563003540039
31
0.0
39
0.0
210
0.0
220
0.0
230
1.0
0
LINE
5
108
330
17
100
AcDbEntity
67
0
8
0
62
256
6
ByLayer
370
-1
48
1.0
60
0
100
AcDbLine
10
62.4570007324219
20
-83.8563003540039
30
0.0
11
62.4570007324219
21
-85.6063003540039
31
0.0
39
0.0
210
0.0
220
0.0
230
1.0
0
LINE
5
109
330
17
100
AcDbEntity
67
0
8
0
62
256
6
ByLayer
370
-1
48
1.0
60
0
100
AcDbLine
10
62.4570007324219
20
-85.6063003540039
30
0.0
11
63.9724998474121
21
-86.4813003540039
31
0.0
39
0.0
210
0.0
220
0.0
230
1.0
0
LINE
5
10A
330
17
100
AcDbEntity
67
0
8
0
62
256
6
ByLayer
370
-1
48
1.0
60
0
100
AcDbLine
10
63.9724998474121
20
-86.4813003540039
30
0.0
11
65.4880981445313
21
-85.6063003540039
31
0.0
39
0.0
210
0.0
220
0.0
230
1.0
0
LINE
5
10B
330
17
100
AcDbEntity
67
0
8
0
62
256
6
ByLayer
370
-1
48
1.0
60
0
100
AcDbLine
10
65.4880981445313
20
-85.6063003540039
30
0.0
11
65.4880981445313
21
-83.8563003540039
31
0.0
39
0.0
210
0.0
220
0.0
230
1.0
0
LINE
5
10C
330
17
100
AcDbEntity
67
0
8
0
62
256
6
ByLayer
370
-1
48
1.0
60
0
100
AcDbLine
10
69.0192031860352
20
-83.8563003540039
30
0.0
11
67.5036010742188
21
-82.9813003540039
31
0.0
39
0.0
210
0.0
220
0.0
230
1.0
0
LINE
5
10D
330
17
100
AcDbEntity
67
0
8
0
62
256
6
ByLayer
370
-1
48
1.0
60
0
100
AcDbLine
10
67.5036010742188
20
-82.9813003540039
30
0.0
11
65.9880981445313
21
-83.8563003540039
31
0.0
39
0.0
210
0.0
220
0.0
230
1.0
0
LINE
5
10E
330
17
100
AcDbEntity
67
0
8
0
62
256
6
ByLayer
370
-1
48
1.0
60
0
100
AcDbLine
10
65.9880981445313
20
-83.8563003540039
30
0.0
11
65.9880981445313
21
-85.6063003540039
31
0.0
39
0.0
210
0.0
220
0.0
230
1.0
0
LINE
5
10F
330
17
100
AcDbEntity
67
0
8
0
62
256
6
ByLayer
370
-1
48
1.0
60
0
100
AcDbLine
10
65.9880981445313
20
-85.6063003540039
30
0.0
11
67.5036010742188
21
-86.4813003540039
31
0.0
39
0.0
210
0.0
220
0.0
230
1.0
0
LINE
5
110
330
17
100
AcDbEntity
67
0
8
0
62
256
6
ByLayer
370
-1
48
1.0
60
0
100
AcDbLine
10
67.5036010742188
20
-86.4813003540039
30
0.0
11
69.0192031860352
21
-85.6063003540039
31
0.0
39
0.0
210
0.0
220
0.0
230
1.0
0
LINE
5
111
330
17
100
AcDbEntity
67
0
8
0
62
256
6
ByLayer
370
-1
48
1.0
60
0
100
AcDbLine
10
69.0192031860352
20
-85.6063003540039
30
0.0
11
69.0192031860352
21
-83.8563003540039
31
0.0
39
0.0
210
0.0
220
0.0
230
1.0
0
LINE
5
112
330
17
100
AcDbEntity
67
0
8
0
62
256
6
ByLayer
370
-1
48
1.0
60
0
100
AcDbLine
10
72.5503005981445
20
-83.8563003540039
30
0.0
11
71.0346984863281
21
-82.9813003540039
31
0.0
39
0.0
210
0.0
220
0.0
230
1.0
0
LINE
5
113
330
17
100
AcDbEntity
67
0
8
0
62
256
6
ByLayer
370
-1
48
1.0
60
0
100
AcDbLine
10
71.0346984863281
20
-82.9813003540039
30
0.0
11
69.5192031860352
21
-83.8563003540039
31
0.0
39
0.0
210
0.0
220
0.0
230
1.0
0
LINE
5
114
330
17
100
AcDbEntity
67
0
8
0
62
256
6
ByLayer
370
-1
48
1.0
60
0
100
AcDbLine
10
69.5192031860352
20
-83.8563003540039
30
0.0
11
69.5192031860352
21
-85.6063003540039
31
0.0
39
0.0
210
0.0
220
0.0
230
1.0
0
LINE
5
115
330
17
100
AcDbEntity
67
0
8
0
62
256
6
ByLayer
370
-1
48
1.0
60
0
100
AcDbLine
10
69.5192031860352
20
-85.6063003540039
30
0.0
11
71.0346984863281
21
-86.4813003540039
31
0.0
39
0.0
210
0.0
220
0.0
230
1.0
0
LINE
5
116
330
17
100
AcDbEntity
67
0
8
0
62
256
6
ByLayer
370
-1
48
1.0
60
0
100
AcDbLine
10
71.0346984863281
20
-86.4813003540039
30
0.0
11
72.5503005981445
21
-85.6063003540039
31
0.0
39
0.0
210
0.0
220
0.0
230
1.0
0
LINE
5
117
330
17
100
AcDbEntity
67
0
8
0
62
256
6
ByLayer
370
-1
48
1.0
60
0
100
AcDbLine
10
72.5503005981445
20
-85.6063003540039
30
0.0
11
72.5503005981445
21
-83.8563003540039
31
0.0
39
0.0
210
0.0
220
0.0
230
1.0
0
LINE
5
118
330
17
100
AcDbEntity
67
0
8
0
62
256
6
ByLayer
370
-1
48
1.0
60
0
100
AcDbLine
10
76.0813980102539
20
-83.8563003540039
30
0.0
11
74.5659027099609
21
-82.9813003540039
31
0.0
39
0.0
210
0.0
220
0.0
230
1.0
0
LINE
5
119
330
17
100
AcDbEntity
67
0
8
0
62
256
6
ByLayer
370
-1
48
1.0
60
0
100
AcDbLine
10
74.5659027099609
20
-82.9813003540039
30
0.0
11
73.0503005981445
21
-83.8563003540039
31
0.0
39
0.0
210
0.0
220
0.0
230
1.0
0
LINE
5
11A
330
17
100
AcDbEntity
67
0
8
0
62
256
6
ByLayer
370
-1
48
1.0
60
0
100
AcDbLine
10
73.0503005981445
20
-83.8563003540039
30
0.0
11
73.0503005981445
21
-85.6063003540039
31
0.0
39
0.0
210
0.0
220
0.0
230
1.0
0
LINE
5
11B
330
17
100
AcDbEntity
67
0
8
0
62
256
6
ByLayer
370
-1
48
1.0
60
0
100
AcDbLine
10
73.0503005981445
20
-85.6063003540039
30
0.0
11
74.5659027099609
21
-86.4813003540039
31
0.0
39
0.0
210
0.0
220
0.0
230
1.0
0
LINE
5
11C
330
17
100
AcDbEntity
67
0
8
0
62
256
6
ByLayer
370
-1
48
1.0
60
0
100
AcDbLine
10
74.5659027099609
20
-86.4813003540039
30
0.0
11
76.0813980102539
21
-85.6063003540039
31
0.0
39
0.0
210
0.0
220
0.0
230
1.0
0
LINE
5
11D
330
17
100
AcDbEntity
67
0
8
0
62
256
6
ByLayer
370
-1
48
1.0
60
0
100
AcDbLine
10
76.0813980102539
20
-85.6063003540039
30
0.0
11
76.0813980102539
21
-83.8563003540039
31
0.0
39
0.0
210
0.0
220
0.0
230
1.0
0
LINE
5
11E
330
17
100
AcDbEntity
67
0
8
0
62
256
6
ByLayer
370
-1
48
1.0
60
0
100
AcDbLine
10
79.6125030517578
20
-83.8563003540039
30
0.0
11
78.0970001220703
21
-82.9813003540039
31
0.0
39
0.0
210
0.0
220
0.0
230
1.0
0
LINE
5
11F
330
17
100
AcDbEntity
67
0
8
0
62
256
6
ByLayer
370
-1
48
1.0
60
0
100
AcDbLine
10
78.0970001220703
20
-82.9813003540039
30
0.0
11
76.5813980102539
21
-83.8563003540039
31
0.0
39
0.0
210
0.0
220
0.0
230
1.0
0
LINE
5
120
330
17
100
AcDbEntity
67
0
8
0
62
256
6
ByLayer
370
-1
48
1.0
60
0
100
AcDbLine
10
76.5813980102539
20
-83.8563003540039
30
0.0
11
76.5813980102539
21
-85.6063003540039
31
0.0
39
0.0
210
0.0
220
0.0
230
1.0
0
LINE
5
121
330
17
100
AcDbEntity
67
0
8
0
62
256
6
ByLayer
370
-1
48
1.0
60
0
100
AcDbLine
10
76.5813980102539
20
-85.6063003540039
30
0.0
11
78.0970001220703
21
-86.4813003540039
31
0.0
39
0.0
210
0.0
220
0.0
230
1.0
0
LINE
5
122
330
17
100
AcDbEntity
67
0
8
0
62
256
6
ByLayer
370
-1
48
1.0
60
0
100
AcDbLine
10
78.0970001220703
20
-86.4813003540039
30
0.0
11
79.6125030517578
21
-85.6063003540039
31
0.0
39
0.0
210
0.0
220
0.0
230
1.0
0
LINE
5
123
330
17
100
AcDbEntity
67
0
8
0
62
256
6
ByLayer
370
-1
48
1.0
60
0
100
AcDbLine
10
79.6125030517578
20
-85.6063003540039
30
0.0
11
79.6125030517578
21
-83.8563003540039
31
0.0
39
0.0
210
0.0
220
0.0
230
1.0
0
LINE
5
124
330
17
100
AcDbEntity
67
0
8
0
62
256
6
ByLayer
370
-1
48
1.0
60
0
100
AcDbLine
10
83.1436004638672
20
-83.8563003540039
30
0.0
11
81.6280975341797
21
-82.9813003540039
31
0.0
39
0.0
210
0.0
220
0.0
230
1.0
0
LINE
5
125
330
17
100
AcDbEntity
67
0
8
0
62
256
6
ByLayer
370
-1
48
1.0
60
0
100
AcDbLine
10
81.6280975341797
20
-82.9813003540039
30
0.0
11
80.1125030517578
21
-83.8563003540039
31
0.0
39
0.0
210
0.0
220
0.0
230
1.0
0
LINE
5
126
330
17
100
AcDbEntity
67
0
8
0
62
256
6
ByLayer
370
-1
48
1.0
60
0
100
AcDbLine
10
80.1125030517578
20
-83.8563003540039
30
0.0
11
80.1125030517578
21
-85.6063003540039
31
0.0
39
0.0
210
0.0
220
0.0
230
1.0
0
LINE
5
127
330
17
100
AcDbEntity
67
0
8
0
62
256
6
ByLayer
370
-1
48
1.0
60
0
100
AcDbLine
10
80.1125030517578
20
-85.6063003540039
30
0.0
11
81.6280975341797
21
-86.4813003540039
31
0.0
39
0.0
210
0.0
220
0.0
230
1.0
0
LINE
5
128
330
17
100
AcDbEntity
67
0
8
0
62
256
6
ByLayer
370
-1
48
1.0
60
0
100
AcDbLine
10
81.6280975341797
20
-86.4813003540039
30
0.0
11
83.1436004638672
21
-85.6063003540039
31
0.0
39
0.0
210
0.0
220
0.0
230
1.0
0
LINE
5
129
330
17
100
AcDbEntity
67
0
8
0
62
256
6
ByLayer
370
-1
48
1.0
60
0
100
AcDbLine
10
83.1436004638672
20
-85.6063003540039
30
0.0
11
83.1436004638672
21
-83.8563003540039
31
0.0
39
0.0
210
0.0
220
0.0
230
1.0
0
LINE
5
12A
330
17
100
AcDbEntity
67
0
8
0
62
256
6
ByLayer
370
-1
48
1.0
60
0
100
AcDbLine
10
86.6746978759766
20
-83.8563003540039
30
0.0
11
85.1592025756836
21
-82.9813003540039
31
0.0
39
0.0
210
0.0
220
0.0
230
1.0
0
LINE
5
12B
330
17
100
AcDbEntity
67
0
8
0
62
256
6
ByLayer
370
-1
48
1.0
60
0
100
AcDbLine
10
85.1592025756836
20
-82.9813003540039
30
0.0
11
83.6436004638672
21
-83.8563003540039
31
0.0
39
0.0
210
0.0
220
0.0
230
1.0
0
LINE
5
12C
330
17
100
AcDbEntity
67
0
8
0
62
256
6
ByLayer
370
-1
48
1.0
60
0
100
AcDbLine
10
83.6436004638672
20
-83.8563003540039
30
0.0
11
83.6436004638672
21
-85.6063003540039
31
0.0
39
0.0
210
0.0
220
0.0
230
1.0
0
LINE
5
12D
330
17
100
AcDbEntity
67
0
8
0
62
256
6
ByLayer
370
-1
48
1.0
60
0
100
AcDbLine
10
83.6436004638672
20
-85.6063003540039
30
0.0
11
85.1592025756836
21
-86.4813003540039
31
0.0
39
0.0
210
0.0
220
0.0
230
1.0
0
LINE
5
12E
330
17
100
AcDbEntity
67
0
8
0
62
256
6
ByLayer
370
-1
48
1.0
60
0
100
AcDbLine
10
85.1592025756836
20
-86.4813003540039
30
0.0
11
86.6746978759766
21
-85.6063003540039
31
0.0
39
0.0
210
0.0
220
0.0
230
1.0
0
LINE
5
12F
330
17
100
AcDbEntity
67
0
8
0
62
256
6
ByLayer
370
-1
48
1.0
60
0
100
AcDbLine
10
86.6746978759766
20
-85.6063003540039
30
0.0
11
86.6746978759766
21
-83.8563003540039
31
0.0
39
0.0
210
0.0
220
0.0
230
1.0
0
LINE
5
130
330
17
100
AcDbEntity
67
0
8
0
62
256
6
ByLayer
370
-1
48
1.0
60
0
100
AcDbLine
10
89.7571029663086
20
-84.6967010498047
30
0.0
11
89.9608001708984
21
-85.747802734375
31
0.0
39
0.0
210
0.0
220
0.0
230
1.0
0
LINE
5
131
330
17
100
AcDbEntity
67
0
8
0
62
256
6
ByLayer
370
-1
48
1.0
60
0
100
AcDbLine
10
89.9608001708984
20
-85.747802734375
30
0.0
11
88.690299987793
21
-86.4813003540039
31
0.0
39
0.0
210
0.0
220
0.0
230
1.0
0
LINE
5
132
330
17
100
AcDbEntity
67
0
8
0
62
256
6
ByLayer
370
-1
48
1.0
60
0
100
AcDbLine
10
88.690299987793
20
-86.4813003540039
30
0.0
11
87.1747970581055
21
-85.6063003540039
31
0.0
39
0.0
210
0.0
220
0.0
230
1.0
0
LINE
5
133
330
17
100
AcDbEntity
67
0
8
0
62
256
6
ByLayer
370
-1
48
1.0
60
0
100
AcDbLine
10
87.1747970581055
20
-85.6063003540039
30
0.0
11
87.1747970581055
21
-83.8563003540039
31
0.0
39
0.0
210
0.0
220
0.0
230
1.0
0
LINE
5
134
330
17
100
AcDbEntity
67
0
8
0
62
256
6
ByLayer
370
-1
48
1.0
60
0
100
AcDbLine
10
87.1747970581055
20
-83.8563003540039
30
0.0
11
88.690299987793
21
-82.9813003540039
31
0.0
39
0.0
210
0.0
220
0.0
230
1.0
0
LINE
5
135
330
17
100
AcDbEntity
67
0
8
0
62
256
6
ByLayer
370
-1
48
1.0
60
0
100
AcDbLine
10
88.690299987793
20
-82.9813003540039
30
0.0
11
89.3697967529297
21
-83.3734970092773
31
0.0
39
0.0
210
0.0
220
0.0
230
1.0
0
LINE
5
136
330
17
100
AcDbEntity
67
0
8
0
62
256
6
ByLayer
370
-1
48
1.0
60
0
100
AcDbLine
10
89.3697967529297
20
-83.3734970092773
30
0.0
11
89.7571029663086
21
-84.6967010498047
31
0.0
39
0.0
210
0.0
220
0.0
230
1.0
0
LINE
5
137
330
17
100
AcDbEntity
67
0
8
0
62
256
6
ByLayer
370
-1
48
1.0
60
0
100
AcDbLine
10
48.5027008056641
20
-80.1658020019531
30
0.0
11
49.5980987548828
21
-80.7982025146484
31
0.0
39
0.0
210
0.0
220
0.0
230
1.0
0
LINE
5
138
330
17
100
AcDbEntity
67
0
8
0
62
256
6
ByLayer
370
-1
48
1.0
60
0
100
AcDbLine
10
49.5980987548828
20
-80.7982025146484
30
0.0
11
49.5980987548828
21
-82.5482025146484
31
0.0
39
0.0
210
0.0
220
0.0
230
1.0
0
LINE
5
139
330
17
100
AcDbEntity
67
0
8
0
62
256
6
ByLayer
370
-1
48
1.0
60
0
100
AcDbLine
10
49.5980987548828
20
-82.5482025146484
30
0.0
11
49.4547004699707
21
-82.6309967041016
31
0.0
39
0.0
210
0.0
220
0.0
230
1.0
0
LINE
5
13A
330
17
100
AcDbEntity
67
0
8
0
62
256
6
ByLayer
370
-1
48
1.0
60
0
100
AcDbLine
10
49.4547004699707
20
-82.6309967041016
30
0.0
11
48.5027008056641
21
-80.1658020019531
31
0.0
39
0.0
210
0.0
220
0.0
230
1.0
0
LINE
5
13B
330
17
100
AcDbEntity
67
0
8
0
62
256
6
ByLayer
370
-1
48
1.0
60
0
100
AcDbLine
10
53.1291999816895
20
-80.7982025146484
30
0.0
11
51.6136016845703
21
-79.9232025146484
31
0.0
39
0.0
210
0.0
220
0.0
230
1.0
0
LINE
5
13C
330
17
100
AcDbEntity
67
0
8
0
62
256
6
ByLayer
370
-1
48
1.0
60
0
100
AcDbLine
10
51.6136016845703
20
-79.9232025146484
30
0.0
11
50.0980987548828
21
-80.7982025146484
31
0.0
39
0.0
210
0.0
220
0.0
230
1.0
0
LINE
5
13D
330
17
100
AcDbEntity
67
0
8
0
62
256
6
ByLayer
370
-1
48
1.0
60
0
100
AcDbLine
10
50.0980987548828
20
-80.7982025146484
30
0.0
11
50.0980987548828
21
-82.5482025146484
31
0.0
39
0.0
210
0.0
220
0.0
230
1.0
0
LINE
5
13E
330
17
100
AcDbEntity
67
0
8
0
62
256
6
ByLayer
370
-1
48
1.0
60
0
100
AcDbLine
10
50.0980987548828
20
-82.5482025146484
30
0.0
11
51.6136016845703
21
-83.4232025146484
31
0.0
39
0.0
210
0.0
220
0.0
230
1.0
0
LINE
5
13F
330
17
100
AcDbEntity
67
0
8
0
62
256
6
ByLayer
370
-1
48
1.0
60
0
100
AcDbLine
10
51.6136016845703
20
-83.4232025146484
30
0.0
11
53.1291999816895
21
-82.5482025146484
31
0.0
39
0.0
210
0.0
220
0.0
230
1.0
0
LINE
5
140
330
17
100
AcDbEntity
67
0
8
0
62
256
6
ByLayer
370
-1
48
1.0
60
0
100
AcDbLine
10
53.1291999816895
20
-82.5482025146484
30
0.0
11
53.1291999816895
21
-80.7982025146484
31
0.0
39
0.0
210
0.0
220
0.0
230
1.0
0
LINE
5
141
330
17
100
AcDbEntity
67
0
8
0
62
256
6
ByLayer
370
-1
48
1.0
60
0
100
AcDbLine
10
56.6603012084961
20
-80.7982025146484
30
0.0
11
55.1446990966797
21
-79.9232025146484
31
0.0
39
0.0
210
0.0
220
0.0
230
1.0
0
LINE
5
142
330
17
100
AcDbEntity
67
0
8
0
62
256
6
ByLayer
370
-1
48
1.0
60
0
100
AcDbLine
10
55.1446990966797
20
-79.9232025146484
30
0.0
11
53.6291999816895
21
-80.7982025146484
31
0.0
39
0.0
210
0.0
220
0.0
230
1.0
0
LINE
5
143
330
17
100
AcDbEntity
67
0
8
0
62
256
6
ByLayer
370
-1
48
1.0
60
0
100
AcDbLine
10
53.6291999816895
20
-80.7982025146484
30
0.0
11
53.6291999816895
21
-82.5482025146484
31
0.0
39
0.0
210
0.0
220
0.0
230
1.0
0
LINE
5
144
330
17
100
AcDbEntity
67
0
8
0
62
256
6
ByLayer
370
-1
48
1.0
60
0
100
AcDbLine
10
53.6291999816895
20
-82.5482025146484
30
0.0
11
55.1446990966797
21
-83.4232025146484
31
0.0
39
0.0
210
0.0
220
0.0
230
1.0
0
LINE
5
145
330
17
100
AcDbEntity
67
0
8
0
62
256
6
ByLayer
370
-1
48
1.0
60
0
100
AcDbLine
10
55.1446990966797
20
-83.4232025146484
30
0.0
11
56.6603012084961
21
-82.5482025146484
31
0.0
39
0.0
210
0.0
220
0.0
230
1.0
0
LINE
5
146
330
17
100
AcDbEntity
67
0
8
0
62
256
6
ByLayer
370
-1
48
1.0
60
0
100
AcDbLine
10
56.6603012084961
20
-82.5482025146484
30
0.0
11
56.6603012084961
21
-80.7982025146484
31
0.0
39
0.0
210
0.0
220
0.0
230
1.0
0
LINE
5
147
330
17
100
AcDbEntity
67
0
8
0
62
256
6
ByLayer
370
-1
48
1.0
60
0
100
AcDbLine
10
60.1913986206055
20
-80.7982025146484
30
0.0
11
58.6758003234863
21
-79.9232025146484
31
0.0
39
0.0
210
0.0
220
0.0
230
1.0
0
LINE
5
148
330
17
100
AcDbEntity
67
0
8
0
62
256
6
ByLayer
370
-1
48
1.0
60
0
100
AcDbLine
10
58.6758003234863
20
-79.9232025146484
30
0.0
11
57.1603012084961
21
-80.7982025146484
31
0.0
39
0.0
210
0.0
220
0.0
230
1.0
0
LINE
5
149
330
17
100
AcDbEntity
67
0
8
0
62
256
6
ByLayer
370
-1
48
1.0
60
0
100
AcDbLine
10
57.1603012084961
20
-80.7982025146484
30
0.0
11
57.1603012084961
21
-82.5482025146484
31
0.0
39
0.0
210
0.0
220
0.0
230
1.0
0
LINE
5
14A
330
17
100
AcDbEntity
67
0
8
0
62
256
6
ByLayer
370
-1
48
1.0
60
0
100
AcDbLine
10
57.1603012084961
20
-82.5482025146484
30
0.0
11
58.6758003234863
21
-83.4232025146484
31
0.0
39
0.0
210
0.0
220
0.0
230
1.0
0
LINE
5
14B
330
17
100
AcDbEntity
67
0
8
0
62
256
6
ByLayer
370
-1
48
1.0
60
0
100
AcDbLine
10
58.6758003234863
20
-83.4232025146484
30
0.0
11
60.1913986206055
21
-82.5482025146484
31
0.0
39
0.0
210
0.0
220
0.0
230
1.0
0
LINE
5
14C
330
17
100
AcDbEntity
67
0
8
0
62
256
6
ByLayer
370
-1
48
1.0
60
0
100
AcDbLine
10
60.1913986206055
20
-82.5482025146484
30
0.0
11
60.1913986206055
21
-80.7982025146484
31
0.0
39
0.0
210
0.0
220
0.0
230
1.0
0
LINE
5
14D
330
17
100
AcDbEntity
67
0
8
0
62
256
6
ByLayer
370
-1
48
1.0
60
0
100
AcDbLine
10
63.7224998474121
20
-80.7982025146484
30
0.0
11
62.2070007324219
21
-79.9232025146484
31
0.0
39
0.0
210
0.0
220
0.0
230
1.0
0
LINE
5
14E
330
17
100
AcDbEntity
67
0
8
0
62
256
6
ByLayer
370
-1
48
1.0
60
0
100
AcDbLine
10
62.2070007324219
20
-79.9232025146484
30
0.0
11
60.6913986206055
21
-80.7982025146484
31
0.0
39
0.0
210
0.0
220
0.0
230
1.0
0
LINE
5
14F
330
17
100
AcDbEntity
67
0
8
0
62
256
6
ByLayer
370
-1
48
1.0
60
0
100
AcDbLine
10
60.6913986206055
20
-80.7982025146484
30
0.0
11
60.6913986206055
21
-82.5482025146484
31
0.0
39
0.0
210
0.0
220
0.0
230
1.0
0
LINE
5
150
330
17
100
AcDbEntity
67
0
8
0
62
256
6
ByLayer
370
-1
48
1.0
60
0
100
AcDbLine
10
60.6913986206055
20
-82.5482025146484
30
0.0
11
62.2070007324219
21
-83.4232025146484
31
0.0
39
0.0
210
0.0
220
0.0
230
1.0
0
LINE
5
151
330
17
100
AcDbEntity
67
0
8
0
62
256
6
ByLayer
370
-1
48
1.0
60
0
100
AcDbLine
10
62.2070007324219
20
-83.4232025146484
30
0.0
11
63.7224998474121
21
-82.5482025146484
31
0.0
39
0.0
210
0.0
220
0.0
230
1.0
0
LINE
5
152
330
17
100
AcDbEntity
67
0
8
0
62
256
6
ByLayer
370
-1
48
1.0
60
0
100
AcDbLine
10
63.7224998474121
20
-82.5482025146484
30
0.0
11
63.7224998474121
21
-80.7982025146484
31
0.0
39
0.0
210
0.0
220
0.0
230
1.0
0
LINE
5
153
330
17
100
AcDbEntity
67
0
8
0
62
256
6
ByLayer
370
-1
48
1.0
60
0
100
AcDbLine
10
67.2536010742188
20
-80.7982025146484
30
0.0
11
65.7380981445313
21
-79.9232025146484
31
0.0
39
0.0
210
0.0
220
0.0
230
1.0
0
LINE
5
154
330
17
100
AcDbEntity
67
0
8
0
62
256
6
ByLayer
370
-1
48
1.0
60
0
100
AcDbLine
10
65.7380981445313
20
-79.9232025146484
30
0.0
11
64.2225036621094
21
-80.7982025146484
31
0.0
39
0.0
210
0.0
220
0.0
230
1.0
0
LINE
5
155
330
17
100
AcDbEntity
67
0
8
0
62
256
6
ByLayer
370
-1
48
1.0
60
0
100
AcDbLine
10
64.2225036621094
20
-80.7982025146484
30
0.0
11
64.2225036621094
21
-82.5482025146484
31
0.0
39
0.0
210
0.0
220
0.0
230
1.0
0
LINE
5
156
330
17
100
AcDbEntity
67
0
8
0
62
256
6
ByLayer
370
-1
48
1.0
60
0
100
AcDbLine
10
64.2225036621094
20
-82.5482025146484
30
0.0
11
65.7380981445313
21
-83.4232025146484
31
0.0
39
0.0
210
0.0
220
0.0
230
1.0
0
LINE
5
157
330
17
100
AcDbEntity
67
0
8
0
62
256
6
ByLayer
370
-1
48
1.0
60
0
100
AcDbLine
10
65.7380981445313
20
-83.4232025146484
30
0.0
11
67.2536010742188
21
-82.5482025146484
31
0.0
39
0.0
210
0.0
220
0.0
230
1.0
0
LINE
5
158
330
17
100
AcDbEntity
67
0
8
0
62
256
6
ByLayer
370
-1
48
1.0
60
0
100
AcDbLine
10
67.2536010742188
20
-82.5482025146484
30
0.0
11
67.2536010742188
21
-80.7982025146484
31
0.0
39
0.0
210
0.0
220
0.0
230
1.0
0
LINE
5
159
330
17
100
AcDbEntity
67
0
8
0
62
256
6
ByLayer
370
-1
48
1.0
60
0
100
AcDbLine
10
70.7846984863281
20
-80.7982025146484
30
0.0
11
69.2692031860352
21
-79.9232025146484
31
0.0
39
0.0
210
0.0
220
0.0
230
1.0
0
LINE
5
15A
330
17
100
AcDbEntity
67
0
8
0
62
256
6
ByLayer
370
-1
48
1.0
60
0
100
AcDbLine
10
69.2692031860352
20
-79.9232025146484
30
0.0
11
67.7536010742188
21
-80.7982025146484
31
0.0
39
0.0
210
0.0
220
0.0
230
1.0
0
LINE
5
15B
330
17
100
AcDbEntity
67
0
8
0
62
256
6
ByLayer
370
-1
48
1.0
60
0
100
AcDbLine
10
67.7536010742188
20
-80.7982025146484
30
0.0
11
67.7536010742188
21
-82.5482025146484
31
0.0
39
0.0
210
0.0
220
0.0
230
1.0
0
LINE
5
15C
330
17
100
AcDbEntity
67
0
8
0
62
256
6
ByLayer
370
-1
48
1.0
60
0
100
AcDbLine
10
67.7536010742188
20
-82.5482025146484
30
0.0
11
69.2692031860352
21
-83.4232025146484
31
0.0
39
0.0
210
0.0
220
0.0
230
1.0
0
LINE
5
15D
330
17
100
AcDbEntity
67
0
8
0
62
256
6
ByLayer
370
-1
48
1.0
60
0
100
AcDbLine
10
69.2692031860352
20
-83.4232025146484
30
0.0
11
70.7846984863281
21
-82.5482025146484
31
0.0
39
0.0
210
0.0
220
0.0
230
1.0
0
LINE
5
15E
330
17
100
AcDbEntity
67
0
8
0
62
256
6
ByLayer
370
-1
48
1.0
60
0
100
AcDbLine
10
70.7846984863281
20
-82.5482025146484
30
0.0
11
70.7846984863281
21
-80.7982025146484
31
0.0
39
0.0
210
0.0
220
0.0
230
1.0
0
LINE
5
15F
330
17
100
AcDbEntity
67
0
8
0
62
256
6
ByLayer
370
-1
48
1.0
60
0
100
AcDbLine
10
74.3159027099609
20
-80.7982025146484
30
0.0
11
72.8003005981445
21
-79.9232025146484
31
0.0
39
0.0
210
0.0
220
0.0
230
1.0
0
LINE
5
160
330
17
100
AcDbEntity
67
0
8
0
62
256
6
ByLayer
370
-1
48
1.0
60
0
100
AcDbLine
10
72.8003005981445
20
-79.9232025146484
30
0.0
11
71.2846984863281
21
-80.7982025146484
31
0.0
39
0.0
210
0.0
220
0.0
230
1.0
0
LINE
5
161
330
17
100
AcDbEntity
67
0
8
0
62
256
6
ByLayer
370
-1
48
1.0
60
0
100
AcDbLine
10
71.2846984863281
20
-80.7982025146484
30
0.0
11
71.2846984863281
21
-82.5482025146484
31
0.0
39
0.0
210
0.0
220
0.0
230
1.0
0
LINE
5
162
330
17
100
AcDbEntity
67
0
8
0
62
256
6
ByLayer
370
-1
48
1.0
60
0
100
AcDbLine
10
71.2846984863281
20
-82.5482025146484
30
0.0
11
72.8003005981445
21
-83.4232025146484
31
0.0
39
0.0
210
0.0
220
0.0
230
1.0
0
LINE
5
163
330
17
100
AcDbEntity
67
0
8
0
62
256
6
ByLayer
370
-1
48
1.0
60
0
100
AcDbLine
10
72.8003005981445
20
-83.4232025146484
30
0.0
11
74.3159027099609
21
-82.5482025146484
31
0.0
39
0.0
210
0.0
220
0.0
230
1.0
0
LINE
5
164
330
17
100
AcDbEntity
67
0
8
0
62
256
6
ByLayer
370
-1
48
1.0
60
0
100
AcDbLine
10
74.3159027099609
20
-82.5482025146484
30
0.0
11
74.3159027099609
21
-80.7982025146484
31
0.0
39
0.0
210
0.0
220
0.0
230
1.0
0
LINE
5
165
330
17
100
AcDbEntity
67
0
8
0
62
256
6
ByLayer
370
-1
48
1.0
60
0
100
AcDbLine
10
77.8470001220703
20
-80.7982025146484
30
0.0
11
76.3313980102539
21
-79.9232025146484
31
0.0
39
0.0
210
0.0
220
0.0
230
1.0
0
LINE
5
166
330
17
100
AcDbEntity
67
0
8
0
62
256
6
ByLayer
370
-1
48
1.0
60
0
100
AcDbLine
10
76.3313980102539
20
-79.9232025146484
30
0.0
11
74.8159027099609
21
-80.7982025146484
31
0.0
39
0.0
210
0.0
220
0.0
230
1.0
0
LINE
5
167
330
17
100
AcDbEntity
67
0
8
0
62
256
6
ByLayer
370
-1
48
1.0
60
0
100
AcDbLine
10
74.8159027099609
20
-80.7982025146484
30
0.0
11
74.8159027099609
21
-82.5482025146484
31
0.0
39
0.0
210
0.0
220
0.0
230
1.0
0
LINE
5
168
330
17
100
AcDbEntity
67
0
8
0
62
256
6
ByLayer
370
-1
48
1.0
60
0
100
AcDbLine
10
74.8159027099609
20
-82.5482025146484
30
0.0
11
76.3313980102539
21
-83.4232025146484
31
0.0
39
0.0
210
0.0
220
0.0
230
1.0
0
LINE
5
169
330
17
100
AcDbEntity
67
0
8
0
62
256
6
ByLayer
370
-1
48
1.0
60
0
100
AcDbLine
10
76.3313980102539
20
-83.4232025146484
30
0.0
11
77.8470001220703
21
-82.5482025146484
31
0.0
39
0.0
210
0.0
220
0.0
230
1.0
0
LINE
5
16A
330
17
100
AcDbEntity
67
0
8
0
62
256
6
ByLayer
370
-1
48
1.0
60
0
100
AcDbLine
10
77.8470001220703
20
-82.5482025146484
30
0.0
11
77.8470001220703
21
-80.7982025146484
31
0.0
39
0.0
210
0.0
220
0.0
230
1.0
0
LINE
5
16B
330
17
100
AcDbEntity
67
0
8
0
62
256
6
ByLayer
370
-1
48
1.0
60
0
100
AcDbLine
10
81.3780975341797
20
-80.7982025146484
30
0.0
11
79.8625030517578
21
-79.9232025146484
31
0.0
39
0.0
210
0.0
220
0.0
230
1.0
0
LINE
5
16C
330
17
100
AcDbEntity
67
0
8
0
62
256
6
ByLayer
370
-1
48
1.0
60
0
100
AcDbLine
10
79.8625030517578
20
-79.9232025146484
30
0.0
11
78.3470001220703
21
-80.7982025146484
31
0.0
39
0.0
210
0.0
220
0.0
230
1.0
0
LINE
5
16D
330
17
100
AcDbEntity
67
0
8
0
62
256
6
ByLayer
370
-1
48
1.0
60
0
100
AcDbLine
10
78.3470001220703
20
-80.7982025146484
30
0.0
11
78.3470001220703
21
-82.5482025146484
31
0.0
39
0.0
210
0.0
220
0.0
230
1.0
0
LINE
5
16E
330
17
100
AcDbEntity
67
0
8
0
62
256
6
ByLayer
370
-1
48
1.0
60
0
100
AcDbLine
10
78.3470001220703
20
-82.5482025146484
30
0.0
11
79.8625030517578
21
-83.4232025146484
31
0.0
39
0.0
210
0.0
220
0.0
230
1.0
0
LINE
5
16F
330
17
100
AcDbEntity
67
0
8
0
62
256
6
ByLayer
370
-1
48
1.0
60
0
100
AcDbLine
10
79.8625030517578
20
-83.4232025146484
30
0.0
11
81.3780975341797
21
-82.5482025146484
31
0.0
39
0.0
210
0.0
220
0.0
230
1.0
0
LINE
5
170
330
17
100
AcDbEntity
67
0
8
0
62
256
6
ByLayer
370
-1
48
1.0
60
0
100
AcDbLine
10
81.3780975341797
20
-82.5482025146484
30
0.0
11
81.3780975341797
21
-80.7982025146484
31
0.0
39
0.0
210
0.0
220
0.0
230
1.0
0
LINE
5
171
330
17
100
AcDbEntity
67
0
8
0
62
256
6
ByLayer
370
-1
48
1.0
60
0
100
AcDbLine
10
84.9092025756836
20
-80.7982025146484
30
0.0
11
83.3936004638672
21
-79.9232025146484
31
0.0
39
0.0
210
0.0
220
0.0
230
1.0
0
LINE
5
172
330
17
100
AcDbEntity
67
0
8
0
62
256
6
ByLayer
370
-1
48
1.0
60
0
100
AcDbLine
10
83.3936004638672
20
-79.9232025146484
30
0.0
11
81.8780975341797
21
-80.7982025146484
31
0.0
39
0.0
210
0.0
220
0.0
230
1.0
0
LINE
5
173
330
17
100
AcDbEntity
67
0
8
0
62
256
6
ByLayer
370
-1
48
1.0
60
0
100
AcDbLine
10
81.8780975341797
20
-80.7982025146484
30
0.0
11
81.8780975341797
21
-82.5482025146484
31
0.0
39
0.0
210
0.0
220
0.0
230
1.0
0
LINE
5
174
330
17
100
AcDbEntity
67
0
8
0
62
256
6
ByLayer
370
-1
48
1.0
60
0
100
AcDbLine
10
81.8780975341797
20
-82.5482025146484
30
0.0
11
83.3936004638672
21
-83.4232025146484
31
0.0
39
0.0
210
0.0
220
0.0
230
1.0
0
LINE
5
175
330
17
100
AcDbEntity
67
0
8
0
62
256
6
ByLayer
370
-1
48
1.0
60
0
100
AcDbLine
10
83.3936004638672
20
-83.4232025146484
30
0.0
11
84.9092025756836
21
-82.5482025146484
31
0.0
39
0.0
210
0.0
220
0.0
230
1.0
0
LINE
5
176
330
17
100
AcDbEntity
67
0
8
0
62
256
6
ByLayer
370
-1
48
1.0
60
0
100
AcDbLine
10
84.9092025756836
20
-82.5482025146484
30
0.0
11
84.9092025756836
21
-80.7982025146484
31
0.0
39
0.0
210
0.0
220
0.0
230
1.0
0
LINE
5
177
330
17
100
AcDbEntity
67
0
8
0
62
256
6
ByLayer
370
-1
48
1.0
60
0
100
AcDbLine
10
88.440299987793
20
-80.9384994506836
30
0.0
11
88.440299987793
21
-82.5482025146484
31
0.0
39
0.0
210
0.0
220
0.0
230
1.0
0
LINE
5
178
330
17
100
AcDbEntity
67
0
8
0
62
256
6
ByLayer
370
-1
48
1.0
60
0
100
AcDbLine
10
88.440299987793
20
-82.5482025146484
30
0.0
11
86.9246978759766
21
-83.4232025146484
31
0.0
39
0.0
210
0.0
220
0.0
230
1.0
0
LINE
5
179
330
17
100
AcDbEntity
67
0
8
0
62
256
6
ByLayer
370
-1
48
1.0
60
0
100
AcDbLine
10
86.9246978759766
20
-83.4232025146484
30
0.0
11
85.4092025756836
21
-82.5482025146484
31
0.0
39
0.0
210
0.0
220
0.0
230
1.0
0
LINE
5
17A
330
17
100
AcDbEntity
67
0
8
0
62
256
6
ByLayer
370
-1
48
1.0
60
0
100
AcDbLine
10
85.4092025756836
20
-82.5482025146484
30
0.0
11
85.4092025756836
21
-80.7982025146484
31
0.0
39
0.0
210
0.0
220
0.0
230
1.0
0
LINE
5
17B
330
17
100
AcDbEntity
67
0
8
0
62
256
6
ByLayer
370
-1
48
1.0
60
0
100
AcDbLine
10
85.4092025756836
20
-80.7982025146484
30
0.0
11
86.9246978759766
21
-79.9232025146484
31
0.0
39
0.0
210
0.0
220
0.0
230
1.0
0
LINE
5
17C
330
17
100
AcDbEntity
67
0
8
0
62
256
6
ByLayer
370
-1
48
1.0
60
0
100
AcDbLine
10
86.9246978759766
20
-79.9232025146484
30
0.0
11
88.3664016723633
21
-80.755500793457
31
0.0
39
0.0
210
0.0
220
0.0
230
1.0
0
LINE
5
17D
330
17
100
AcDbEntity
67
0
8
0
62
256
6
ByLayer
370
-1
48
1.0
60
0
100
AcDbLine
10
88.3664016723633
20
-80.755500793457
30
0.0
11
88.440299987793
21
-80.9384994506836
31
0.0
39
0.0
210
0.0
220
0.0
230
1.0
0
LINE
5
17E
330
17
100
AcDbEntity
67
0
8
0
62
256
6
ByLayer
370
-1
48
1.0
60
0
100
AcDbLine
10
89.1361999511719
20
-82.6613006591797
30
0.0
11
88.940299987793
21
-82.5482025146484
31
0.0
39
0.0
210
0.0
220
0.0
230
1.0
0
LINE
5
17F
330
17
100
AcDbEntity
67
0
8
0
62
256
6
ByLayer
370
-1
48
1.0
60
0
100
AcDbLine
10
88.940299987793
20
-82.5482025146484
30
0.0
11
88.940299987793
21
-82.176399230957
31
0.0
39
0.0
210
0.0
220
0.0
230
1.0
0
LINE
5
180
330
17
100
AcDbEntity
67
0
8
0
62
256
6
ByLayer
370
-1
48
1.0
60
0
100
AcDbLine
10
88.940299987793
20
-82.176399230957
30
0.0
11
89.1361999511719
21
-82.6613006591797
31
0.0
39
0.0
210
0.0
220
0.0
230
1.0
0
LINE
5
181
330
17
100
AcDbEntity
67
0
8
0
62
256
6
ByLayer
370
-1
48
1.0
60
0
100
AcDbLine
10
47.4894981384277
20
-77.5421981811523
30
0.0
11
47.8325004577637
21
-77.7401962280273
31
0.0
39
0.0
210
0.0
220
0.0
230
1.0
0
LINE
5
182
330
17
100
AcDbEntity
67
0
8
0
62
256
6
ByLayer
370
-1
48
1.0
60
0
100
AcDbLine
10
47.8325004577637
20
-77.7401962280273
30
0.0
11
47.8325004577637
21
-78.4302978515625
31
0.0
39
0.0
210
0.0
220
0.0
230
1.0
0
LINE
5
183
330
17
100
AcDbEntity
67
0
8
0
62
256
6
ByLayer
370
-1
48
1.0
60
0
100
AcDbLine
10
47.8325004577637
20
-78.4302978515625
30
0.0
11
47.4894981384277
21
-77.5421981811523
31
0.0
39
0.0
210
0.0
220
0.0
230
1.0
0
LINE
5
184
330
17
100
AcDbEntity
67
0
8
0
62
256
6
ByLayer
370
-1
48
1.0
60
0
100
AcDbLine
10
51.3636016845703
20
-77.7401962280273
30
0.0
11
49.8480987548828
21
-76.8651962280273
31
0.0
39
0.0
210
0.0
220
0.0
230
1.0
0
LINE
5
185
330
17
100
AcDbEntity
67
0
8
0
62
256
6
ByLayer
370
-1
48
1.0
60
0
100
AcDbLine
10
49.8480987548828
20
-76.8651962280273
30
0.0
11
48.3325004577637
21
-77.7401962280273
31
0.0
39
0.0
210
0.0
220
0.0
230
1.0
0
LINE
5
186
330
17
100
AcDbEntity
67
0
8
0
62
256
6
ByLayer
370
-1
48
1.0
60
0
100
AcDbLine
10
48.3325004577637
20
-77.7401962280273
30
0.0
11
48.3325004577637
21
-79.4901962280273
31
0.0
39
0.0
210
0.0
220
0.0
230
1.0
0
LINE
5
187
330
17
100
AcDbEntity
67
0
8
0
62
256
6
ByLayer
370
-1
48
1.0
60
0
100
AcDbLine
10
48.3325004577637
20
-79.4901962280273
30
0.0
11
49.8480987548828
21
-80.3651962280273
31
0.0
39
0.0
210
0.0
220
0.0
230
1.0
0
LINE
5
188
330
17
100
AcDbEntity
67
0
8
0
62
256
6
ByLayer
370
-1
48
1.0
60
0
100
AcDbLine
10
49.8480987548828
20
-80.3651962280273
30
0.0
11
51.3636016845703
21
-79.4901962280273
31
0.0
39
0.0
210
0.0
220
0.0
230
1.0
0
LINE
5
189
330
17
100
AcDbEntity
67
0
8
0
62
256
6
ByLayer
370
-1
48
1.0
60
0
100
AcDbLine
10
51.3636016845703
20
-79.4901962280273
30
0.0
11
51.3636016845703
21
-77.7401962280273
31
0.0
39
0.0
210
0.0
220
0.0
230
1.0
0
LINE
5
18A
330
17
100
AcDbEntity
67
0
8
0
62
256
6
ByLayer
370
-1
48
1.0
60
0
100
AcDbLine
10
54.8946990966797
20
-77.7401962280273
30
0.0
11
53.3791999816895
21
-76.8651962280273
31
0.0
39
0.0
210
0.0
220
0.0
230
1.0
0
LINE
5
18B
330
17
100
AcDbEntity
67
0
8
0
62
256
6
ByLayer
370
-1
48
1.0
60
0
100
AcDbLine
10
53.3791999816895
20
-76.8651962280273
30
0.0
11
51.8636016845703
21
-77.7401962280273
31
0.0
39
0.0
210
0.0
220
0.0
230
1.0
0
LINE
5
18C
330
17
100
AcDbEntity
67
0
8
0
62
256
6
ByLayer
370
-1
48
1.0
60
0
100
AcDbLine
10
51.8636016845703
20
-77.7401962280273
30
0.0
11
51.8636016845703
21
-79.4901962280273
31
0.0
39
0.0
210
0.0
220
0.0
230
1.0
0
LINE
5
18D
330
17
100
AcDbEntity
67
0
8
0
62
256
6
ByLayer
370
-1
48
1.0
60
0
100
AcDbLine
10
51.8636016845703
20
-79.4901962280273
30
0.0
11
53.3791999816895
21
-80.3651962280273
31
0.0
39
0.0
210
0.0
220
0.0
230
1.0
0
LINE
5
18E
330
17
100
AcDbEntity
67
0
8
0
62
256
6
ByLayer
370
-1
48
1.0
60
0
100
AcDbLine
10
53.3791999816895
20
-80.3651962280273
30
0.0
11
54.8946990966797
21
-79.4901962280273
31
0.0
39
0.0
210
0.0
220
0.0
230
1.0
0
LINE
5
18F
330
17
100
AcDbEntity
67
0
8
0
62
256
6
ByLayer
370
-1
48
1.0
60
0
100
AcDbLine
10
54.8946990966797
20
-79.4901962280273
30
0.0
11
54.8946990966797
21
-77.7401962280273
31
0.0
39
0.0
210
0.0
220
0.0
230
1.0
0
LINE
5
190
330
17
100
AcDbEntity
67
0
8
0
62
256
6
ByLayer
370
-1
48
1.0
60
0
100
AcDbLine
10
58.4258003234863
20
-77.7401962280273
30
0.0
11
56.9103012084961
21
-76.8651962280273
31
0.0
39
0.0
210
0.0
220
0.0
230
1.0
0
LINE
5
191
330
17
100
AcDbEntity
67
0
8
0
62
256
6
ByLayer
370
-1
48
1.0
60
0
100
AcDbLine
10
56.9103012084961
20
-76.8651962280273
30
0.0
11
55.3946990966797
21
-77.7401962280273
31
0.0
39
0.0
210
0.0
220
0.0
230
1.0
0
LINE
5
192
330
17
100
AcDbEntity
67
0
8
0
62
256
6
ByLayer
370
-1
48
1.0
60
0
100
AcDbLine
10
55.3946990966797
20
-77.7401962280273
30
0.0
11
55.3946990966797
21
-79.4901962280273
31
0.0
39
0.0
210
0.0
220
0.0
230
1.0
0
LINE
5
193
330
17
100
AcDbEntity
67
0
8
0
62
256
6
ByLayer
370
-1
48
1.0
60
0
100
AcDbLine
10
55.3946990966797
20
-79.4901962280273
30
0.0
11
56.9103012084961
21
-80.3651962280273
31
0.0
39
0.0
210
0.0
220
0.0
230
1.0
0
LINE
5
194
330
17
100
AcDbEntity
67
0
8
0
62
256
6
ByLayer
370
-1
48
1.0
60
0
100
AcDbLine
10
56.9103012084961
20
-80.3651962280273
30
0.0
11
58.4258003234863
21
-79.4901962280273
31
0.0
39
0.0
210
0.0
220
0.0
230
1.0
0
LINE
5
195
330
17
100
AcDbEntity
67
0
8
0
62
256
6
ByLayer
370
-1
48
1.0
60
0
100
AcDbLine
10
58.4258003234863
20
-79.4901962280273
30
0.0
11
58.4258003234863
21
-77.7401962280273
31
0.0
39
0.0
210
0.0
220
0.0
230
1.0
0
LINE
5
196
330
17
100
AcDbEntity
67
0
8
0
62
256
6
ByLayer
370
-1
48
1.0
60
0
100
AcDbLine
10
61.9570007324219
20
-77.7401962280273
30
0.0
11
60.4413986206055
21
-76.8651962280273
31
0.0
39
0.0
210
0.0
220
0.0
230
1.0
0
LINE
5
197
330
17
100
AcDbEntity
67
0
8
0
62
256
6
ByLayer
370
-1
48
1.0
60
0
100
AcDbLine
10
60.4413986206055
20
-76.8651962280273
30
0.0
11
58.9258003234863
21
-77.7401962280273
31
0.0
39
0.0
210
0.0
220
0.0
230
1.0
0
LINE
5
198
330
17
100
AcDbEntity
67
0
8
0
62
256
6
ByLayer
370
-1
48
1.0
60
0
100
AcDbLine
10
58.9258003234863
20
-77.7401962280273
30
0.0
11
58.9258003234863
21
-79.4901962280273
31
0.0
39
0.0
210
0.0
220
0.0
230
1.0
0
LINE
5
199
330
17
100
AcDbEntity
67
0
8
0
62
256
6
ByLayer
370
-1
48
1.0
60
0
100
AcDbLine
10
58.9258003234863
20
-79.4901962280273
30
0.0
11
60.4413986206055
21
-80.3651962280273
31
0.0
39
0.0
210
0.0
220
0.0
230
1.0
0
LINE
5
19A
330
17
100
AcDbEntity
67
0
8
0
62
256
6
ByLayer
370
-1
48
1.0
60
0
100
AcDbLine
10
60.4413986206055
20
-80.3651962280273
30
0.0
11
61.9570007324219
21
-79.4901962280273
31
0.0
39
0.0
210
0.0
220
0.0
230
1.0
0
LINE
5
19B
330
17
100
AcDbEntity
67
0
8
0
62
256
6
ByLayer
370
-1
48
1.0
60
0
100
AcDbLine
10
61.9570007324219
20
-79.4901962280273
30
0.0
11
61.9570007324219
21
-77.7401962280273
31
0.0
39
0.0
210
0.0
220
0.0
230
1.0
0
LINE
5
19C
330
17
100
AcDbEntity
67
0
8
0
62
256
6
ByLayer
370
-1
48
1.0
60
0
100
AcDbLine
10
65.4880981445313
20
-77.7401962280273
30
0.0
11
63.9724998474121
21
-76.8651962280273
31
0.0
39
0.0
210
0.0
220
0.0
230
1.0
0
LINE
5
19D
330
17
100
AcDbEntity
67
0
8
0
62
256
6
ByLayer
370
-1
48
1.0
60
0
100
AcDbLine
10
63.9724998474121
20
-76.8651962280273
30
0.0
11
62.4570007324219
21
-77.7401962280273
31
0.0
39
0.0
210
0.0
220
0.0
230
1.0
0
LINE
5
19E
330
17
100
AcDbEntity
67
0
8
0
62
256
6
ByLayer
370
-1
48
1.0
60
0
100
AcDbLine
10
62.4570007324219
20
-77.7401962280273
30
0.0
11
62.4570007324219
21
-79.4901962280273
31
0.0
39
0.0
210
0.0
220
0.0
230
1.0
0
LINE
5
19F
330
17
100
AcDbEntity
67
0
8
0
62
256
6
ByLayer
370
-1
48
1.0
60
0
100
AcDbLine
10
62.4570007324219
20
-79.4901962280273
30
0.0
11
63.9724998474121
21
-80.3651962280273
31
0.0
39
0.0
210
0.0
220
0.0
230
1.0
0
LINE
5
1A0
330
17
100
AcDbEntity
67
0
8
0
62
256
6
ByLayer
370
-1
48
1.0
60
0
100
AcDbLine
10
63.9724998474121
20
-80.3651962280273
30
0.0
11
65.4880981445313
21
-79.4901962280273
31
0.0
39
0.0
210
0.0
220
0.0
230
1.0
0
LINE
5
1A1
330
17
100
AcDbEntity
67
0
8
0
62
256
6
ByLayer
370
-1
48
1.0
60
0
100
AcDbLine
10
65.4880981445313
20
-79.4901962280273
30
0.0
11
65.4880981445313
21
-77.7401962280273
31
0.0
39
0.0
210
0.0
220
0.0
230
1.0
0
LINE
5
1A2
330
17
100
AcDbEntity
67
0
8
0
62
256
6
ByLayer
370
-1
48
1.0
60
0
100
AcDbLine
10
69.0192031860352
20
-77.7401962280273
30
0.0
11
67.5036010742188
21
-76.8651962280273
31
0.0
39
0.0
210
0.0
220
0.0
230
1.0
0
LINE
5
1A3
330
17
100
AcDbEntity
67
0
8
0
62
256
6
ByLayer
370
-1
48
1.0
60
0
100
AcDbLine
10
67.5036010742188
20
-76.8651962280273
30
0.0
11
65.9880981445313
21
-77.7401962280273
31
0.0
39
0.0
210
0.0
220
0.0
230
1.0
0
LINE
5
1A4
330
17
100
AcDbEntity
67
0
8
0
62
256
6
ByLayer
370
-1
48
1.0
60
0
100
AcDbLine
10
65.9880981445313
20
-77.7401962280273
30
0.0
11
65.9880981445313
21
-79.4901962280273
31
0.0
39
0.0
210
0.0
220
0.0
230
1.0
0
LINE
5
1A5
330
17
100
AcDbEntity
67
0
8
0
62
256
6
ByLayer
370
-1
48
1.0
60
0
100
AcDbLine
10
65.9880981445313
20
-79.4901962280273
30
0.0
11
67.5036010742188
21
-80.3651962280273
31
0.0
39
0.0
210
0.0
220
0.0
230
1.0
0
LINE
5
1A6
330
17
100
AcDbEntity
67
0
8
0
62
256
6
ByLayer
370
-1
48
1.0
60
0
100
AcDbLine
10
67.5036010742188
20
-80.3651962280273
30
0.0
11
69.0192031860352
21
-79.4901962280273
31
0.0
39
0.0
210
0.0
220
0.0
230
1.0
0
LINE
5
1A7
330
17
100
AcDbEntity
67
0
8
0
62
256
6
ByLayer
370
-1
48
1.0
60
0
100
AcDbLine
10
69.0192031860352
20
-79.4901962280273
30
0.0
11
69.0192031860352
21
-77.7401962280273
31
0.0
39
0.0
210
0.0
220
0.0
230
1.0
0
LINE
5
1A8
330
17
100
AcDbEntity
67
0
8
0
62
256
6
ByLayer
370
-1
48
1.0
60
0
100
AcDbLine
10
72.5503005981445
20
-77.7401962280273
30
0.0
11
71.0346984863281
21
-76.8651962280273
31
0.0
39
0.0
210
0.0
220
0.0
230
1.0
0
LINE
5
1A9
330
17
100
AcDbEntity
67
0
8
0
62
256
6
ByLayer
370
-1
48
1.0
60
0
100
AcDbLine
10
71.0346984863281
20
-76.8651962280273
30
0.0
11
69.5192031860352
21
-77.7401962280273
31
0.0
39
0.0
210
0.0
220
0.0
230
1.0
0
LINE
5
1AA
330
17
100
AcDbEntity
67
0
8
0
62
256
6
ByLayer
370
-1
48
1.0
60
0
100
AcDbLine
10
69.5192031860352
20
-77.7401962280273
30
0.0
11
69.5192031860352
21
-79.4901962280273
31
0.0
39
0.0
210
0.0
220
0.0
230
1.0
0
LINE
5
1AB
330
17
100
AcDbEntity
67
0
8
0
62
256
6
ByLayer
370
-1
48
1.0
60
0
100
AcDbLine
10
69.5192031860352
20
-79.4901962280273
30
0.0
11
71.0346984863281
21
-80.3651962280273
31
0.0
39
0.0
210
0.0
220
0.0
230
1.0
0
LINE
5
1AC
330
17
100
AcDbEntity
67
0
8
0
62
256
6
ByLayer
370
-1
48
1.0
60
0
100
AcDbLine
10
71.0346984863281
20
-80.3651962280273
30
0.0
11
72.5503005981445
21
-79.4901962280273
31
0.0
39
0.0
210
0.0
220
0.0
230
1.0
0
LINE
5
1AD
330
17
100
AcDbEntity
67
0
8
0
62
256
6
ByLayer
370
-1
48
1.0
60
0
100
AcDbLine
10
72.5503005981445
20
-79.4901962280273
30
0.0
11
72.5503005981445
21
-77.7401962280273
31
0.0
39
0.0
210
0.0
220
0.0
230
1.0
0
LINE
5
1AE
330
17
100
AcDbEntity
67
0
8
0
62
256
6
ByLayer
370
-1
48
1.0
60
0
100
AcDbLine
10
76.0813980102539
20
-77.7401962280273
30
0.0
11
74.5659027099609
21
-76.8651962280273
31
0.0
39
0.0
210
0.0
220
0.0
230
1.0
0
LINE
5
1AF
330
17
100
AcDbEntity
67
0
8
0
62
256
6
ByLayer
370
-1
48
1.0
60
0
100
AcDbLine
10
74.5659027099609
20
-76.8651962280273
30
0.0
11
73.0503005981445
21
-77.7401962280273
31
0.0
39
0.0
210
0.0
220
0.0
230
1.0
0
LINE
5
1B0
330
17
100
AcDbEntity
67
0
8
0
62
256
6
ByLayer
370
-1
48
1.0
60
0
100
AcDbLine
10
73.0503005981445
20
-77.7401962280273
30
0.0
11
73.0503005981445
21
-79.4901962280273
31
0.0
39
0.0
210
0.0
220
0.0
230
1.0
0
LINE
5
1B1
330
17
100
AcDbEntity
67
0
8
0
62
256
6
ByLayer
370
-1
48
1.0
60
0
100
AcDbLine
10
73.0503005981445
20
-79.4901962280273
30
0.0
11
74.5659027099609
21
-80.3651962280273
31
0.0
39
0.0
210
0.0
220
0.0
230
1.0
0
LINE
5
1B2
330
17
100
AcDbEntity
67
0
8
0
62
256
6
ByLayer
370
-1
48
1.0
60
0
100
AcDbLine
10
74.5659027099609
20
-80.3651962280273
30
0.0
11
76.0813980102539
21
-79.4901962280273
31
0.0
39
0.0
210
0.0
220
0.0
230
1.0
0
LINE
5
1B3
330
17
100
AcDbEntity
67
0
8
0
62
256
6
ByLayer
370
-1
48
1.0
60
0
100
AcDbLine
10
76.0813980102539
20
-79.4901962280273
30
0.0
11
76.0813980102539
21
-77.7401962280273
31
0.0
39
0.0
210
0.0
220
0.0
230
1.0
0
LINE
5
1B4
330
17
100
AcDbEntity
67
0
8
0
62
256
6
ByLayer
370
-1
48
1.0
60
0
100
AcDbLine
10
79.6125030517578
20
-77.7401962280273
30
0.0
11
78.0970001220703
21
-76.8651962280273
31
0.0
39
0.0
210
0.0
220
0.0
230
1.0
0
LINE
5
1B5
330
17
100
AcDbEntity
67
0
8
0
62
256
6
ByLayer
370
-1
48
1.0
60
0
100
AcDbLine
10
78.0970001220703
20
-76.8651962280273
30
0.0
11
76.5813980102539
21
-77.7401962280273
31
0.0
39
0.0
210
0.0
220
0.0
230
1.0
0
LINE
5
1B6
330
17
100
AcDbEntity
67
0
8
0
62
256
6
ByLayer
370
-1
48
1.0
60
0
100
AcDbLine
10
76.5813980102539
20
-77.7401962280273
30
0.0
11
76.5813980102539
21
-79.4901962280273
31
0.0
39
0.0
210
0.0
220
0.0
230
1.0
0
LINE
5
1B7
330
17
100
AcDbEntity
67
0
8
0
62
256
6
ByLayer
370
-1
48
1.0
60
0
100
AcDbLine
10
76.5813980102539
20
-79.4901962280273
30
0.0
11
78.0970001220703
21
-80.3651962280273
31
0.0
39
0.0
210
0.0
220
0.0
230
1.0
0
LINE
5
1B8
330
17
100
AcDbEntity
67
0
8
0
62
256
6
ByLayer
370
-1
48
1.0
60
0
100
AcDbLine
10
78.0970001220703
20
-80.3651962280273
30
0.0
11
79.6125030517578
21
-79.4901962280273
31
0.0
39
0.0
210
0.0
220
0.0
230
1.0
0
LINE
5
1B9
330
17
100
AcDbEntity
67
0
8
0
62
256
6
ByLayer
370
-1
48
1.0
60
0
100
AcDbLine
10
79.6125030517578
20
-79.4901962280273
30
0.0
11
79.6125030517578
21
-77.7401962280273
31
0.0
39
0.0
210
0.0
220
0.0
230
1.0
0
LINE
5
1BA
330
17
100
AcDbEntity
67
0
8
0
62
256
6
ByLayer
370
-1
48
1.0
60
0
100
AcDbLine
10
83.1436004638672
20
-77.7401962280273
30
0.0
11
81.6280975341797
21
-76.8651962280273
31
0.0
39
0.0
210
0.0
220
0.0
230
1.0
0
LINE
5
1BB
330
17
100
AcDbEntity
67
0
8
0
62
256
6
ByLayer
370
-1
48
1.0
60
0
100
AcDbLine
10
81.6280975341797
20
-76.8651962280273
30
0.0
11
80.1125030517578
21
-77.7401962280273
31
0.0
39
0.0
210
0.0
220
0.0
230
1.0
0
LINE
5
1BC
330
17
100
AcDbEntity
67
0
8
0
62
256
6
ByLayer
370
-1
48
1.0
60
0
100
AcDbLine
10
80.1125030517578
20
-77.7401962280273
30
0.0
11
80.1125030517578
21
-79.4901962280273
31
0.0
39
0.0
210
0.0
220
0.0
230
1.0
0
LINE
5
1BD
330
17
100
AcDbEntity
67
0
8
0
62
256
6
ByLayer
370
-1
48
1.0
60
0
100
AcDbLine
10
80.1125030517578
20
-79.4901962280273
30
0.0
11
81.6280975341797
21
-80.3651962280273
31
0.0
39
0.0
210
0.0
220
0.0
230
1.0
0
LINE
5
1BE
330
17
100
AcDbEntity
67
0
8
0
62
256
6
ByLayer
370
-1
48
1.0
60
0
100
AcDbLine
10
81.6280975341797
20
-80.3651962280273
30
0.0
11
83.1436004638672
21
-79.4901962280273
31
0.0
39
0.0
210
0.0
220
0.0
230
1.0
0
LINE
5
1BF
330
17
100
AcDbEntity
67
0
8
0
62
256
6
ByLayer
370
-1
48
1.0
60
0
100
AcDbLine
10
83.1436004638672
20
-79.4901962280273
30
0.0
11
83.1436004638672
21
-77.7401962280273
31
0.0
39
0.0
210
0.0
220
0.0
230
1.0
0
LINE
5
1C0
330
17
100
AcDbEntity
67
0
8
0
62
256
6
ByLayer
370
-1
48
1.0
60
0
100
AcDbLine
10
86.6746978759766
20
-77.7401962280273
30
0.0
11
85.1592025756836
21
-76.8651962280273
31
0.0
39
0.0
210
0.0
220
0.0
230
1.0
0
LINE
5
1C1
330
17
100
AcDbEntity
67
0
8
0
62
256
6
ByLayer
370
-1
48
1.0
60
0
100
AcDbLine
10
85.1592025756836
20
-76.8651962280273
30
0.0
11
83.6436004638672
21
-77.7401962280273
31
0.0
39
0.0
210
0.0
220
0.0
230
1.0
0
LINE
5
1C2
330
17
100
AcDbEntity
67
0
8
0
62
256
6
ByLayer
370
-1
48
1.0
60
0
100
AcDbLine
10
83.6436004638672
20
-77.7401962280273
30
0.0
11
83.6436004638672
21
-79.4901962280273
31
0.0
39
0.0
210
0.0
220
0.0
230
1.0
0
LINE
5
1C3
330
17
100
AcDbEntity
67
0
8
0
62
256
6
ByLayer
370
-1
48
1.0
60
0
100
AcDbLine
10
83.6436004638672
20
-79.4901962280273
30
0.0
11
85.1592025756836
21
-80.3651962280273
31
0.0
39
0.0
210
0.0
220
0.0
230
1.0
0
LINE
5
1C4
330
17
100
AcDbEntity
67
0
8
0
62
256
6
ByLayer
370
-1
48
1.0
60
0
100
AcDbLine
10
85.1592025756836
20
-80.3651962280273
30
0.0
11
86.6746978759766
21
-79.4901962280273
31
0.0
39
0.0
210
0.0
220
0.0
230
1.0
0
LINE
5
1C5
330
17
100
AcDbEntity
67
0
8
0
62
256
6
ByLayer
370
-1
48
1.0
60
0
100
AcDbLine
10
86.6746978759766
20
-79.4901962280273
30
0.0
11
86.6746978759766
21
-77.7401962280273
31
0.0
39
0.0
210
0.0
220
0.0
230
1.0
0
LINE
5
1C6
330
17
100
AcDbEntity
67
0
8
0
62
256
6
ByLayer
370
-1
48
1.0
60
0
100
AcDbLine
10
87.7818984985352
20
-79.3087005615234
30
0.0
11
88.0622024536133
21
-80.0026016235352
31
0.0
39
0.0
210
0.0
220
0.0
230
1.0
0
LINE
5
1C7
330
17
100
AcDbEntity
67
0
8
0
62
256
6
ByLayer
370
-1
48
1.0
60
0
100
AcDbLine
10
88.0622024536133
20
-80.0026016235352
30
0.0
11
87.1747970581055
21
-79.4901962280273
31
0.0
39
0.0
210
0.0
220
0.0
230
1.0
0
LINE
5
1C8
330
17
100
AcDbEntity
67
0
8
0
62
256
6
ByLayer
370
-1
48
1.0
60
0
100
AcDbLine
10
87.1747970581055
20
-79.4901962280273
30
0.0
11
87.1747970581055
21
-78.0770034790039
31
0.0
39
0.0
210
0.0
220
0.0
230
1.0
0
LINE
5
1C9
330
17
100
AcDbEntity
67
0
8
0
62
256
6
ByLayer
370
-1
48
1.0
60
0
100
AcDbLine
10
87.1747970581055
20
-78.0770034790039
30
0.0
11
87.7818984985352
21
-79.3087005615234
31
0.0
39
0.0
210
0.0
220
0.0
230
1.0
0
LINE
5
1CA
330
17
100
AcDbEntity
67
0
8
0
62
256
6
ByLayer
370
-1
48
1.0
60
0
100
AcDbLine
10
46.5668983459473
20
-75.1531982421875
30
0.0
11
46.5668983459473
21
-74.6820983886719
31
0.0
39
0.0
210
0.0
220
0.0
230
1.0
0
LINE
5
1CB
330
17
100
AcDbEntity
67
0
8
0
62
256
6
ByLayer
370
-1
48
1.0
60
0
100
AcDbLine
10
46.5668983459473
20
-74.6820983886719
30
0.0
11
48.0825004577637
21
-73.8070983886719
31
0.0
39
0.0
210
0.0
220
0.0
230
1.0
0
LINE
5
1CC
330
17
100
AcDbEntity
67
0
8
0
62
256
6
ByLayer
370
-1
48
1.0
60
0
100
AcDbLine
10
48.0825004577637
20
-73.8070983886719
30
0.0
11
49.5980987548828
21
-74.6820983886719
31
0.0
39
0.0
210
0.0
220
0.0
230
1.0
0
LINE
5
1CD
330
17
100
AcDbEntity
67
0
8
0
62
256
6
ByLayer
370
-1
48
1.0
60
0
100
AcDbLine
10
49.5980987548828
20
-74.6820983886719
30
0.0
11
49.5980987548828
21
-76.4321975708008
31
0.0
39
0.0
210
0.0
220
0.0
230
1.0
0
LINE
5
1CE
330
17
100
AcDbEntity
67
0
8
0
62
256
6
ByLayer
370
-1
48
1.0
60
0
100
AcDbLine
10
49.5980987548828
20
-76.4321975708008
30
0.0
11
48.0825004577637
21
-77.3071975708008
31
0.0
39
0.0
210
0.0
220
0.0
230
1.0
0
LINE
5
1CF
330
17
100
AcDbEntity
67
0
8
0
62
256
6
ByLayer
370
-1
48
1.0
60
0
100
AcDbLine
10
48.0825004577637
20
-77.3071975708008
30
0.0
11
47.2025985717773
21
-76.7991027832031
31
0.0
39
0.0
210
0.0
220
0.0
230
1.0
0
LINE
5
1D0
330
17
100
AcDbEntity
67
0
8
0
62
256
6
ByLayer
370
-1
48
1.0
60
0
100
AcDbLine
10
47.2025985717773
20
-76.7991027832031
30
0.0
11
46.5668983459473
21
-75.1531982421875
31
0.0
39
0.0
210
0.0
220
0.0
230
1.0
0
LINE
5
1D1
330
17
100
AcDbEntity
67
0
8
0
62
256
6
ByLayer
370
-1
48
1.0
60
0
100
AcDbLine
10
53.1291999816895
20
-74.6820983886719
30
0.0
11
51.6136016845703
21
-73.8070983886719
31
0.0
39
0.0
210
0.0
220
0.0
230
1.0
0
LINE
5
1D2
330
17
100
AcDbEntity
67
0
8
0
62
256
6
ByLayer
370
-1
48
1.0
60
0
100
AcDbLine
10
51.6136016845703
20
-73.8070983886719
30
0.0
11
50.0980987548828
21
-74.6820983886719
31
0.0
39
0.0
210
0.0
220
0.0
230
1.0
0
LINE
5
1D3
330
17
100
AcDbEntity
67
0
8
0
62
256
6
ByLayer
370
-1
48
1.0
60
0
100
AcDbLine
10
50.0980987548828
20
-74.6820983886719
30
0.0
11
50.0980987548828
21
-76.4321975708008
31
0.0
39
0.0
210
0.0
220
0.0
230
1.0
0
LINE
5
1D4
330
17
100
AcDbEntity
67
0
8
0
62
256
6
ByLayer
370
-1
48
1.0
60
0
100
AcDbLine
10
50.0980987548828
20
-76.4321975708008
30
0.0
11
51.6136016845703
21
-77.3071975708008
31
0.0
39
0.0
210
0.0
220
0.0
230
1.0
0
LINE
5
1D5
330
17
100
AcDbEntity
67
0
8
0
62
256
6
ByLayer
370
-1
48
1.0
60
0
100
AcDbLine
10
51.6136016845703
20
-77.3071975708008
30
0.0
11
53.1291999816895
21
-76.4321975708008
31
0.0
39
0.0
210
0.0
220
0.0
230
1.0
0
LINE
5
1D6
330
17
100
AcDbEntity
67
0
8
0
62
256
6
ByLayer
370
-1
48
1.0
60
0
100
AcDbLine
10
53.1291999816895
20
-76.4321975708008
30
0.0
11
53.1291999816895
21
-74.6820983886719
31
0.0
39
0.0
210
0.0
220
0.0
230
1.0
0
LINE
5
1D7
330
17
100
AcDbEntity
67
0
8
0
62
256
6
ByLayer
370
-1
48
1.0
60
0
100
AcDbLine
10
56.6603012084961
20
-74.6820983886719
30
0.0
11
55.1446990966797
21
-73.8070983886719
31
0.0
39
0.0
210
0.0
220
0.0
230
1.0
0
LINE
5
1D8
330
17
100
AcDbEntity
67
0
8
0
62
256
6
ByLayer
370
-1
48
1.0
60
0
100
AcDbLine
10
55.1446990966797
20
-73.8070983886719
30
0.0
11
53.6291999816895
21
-74.6820983886719
31
0.0
39
0.0
210
0.0
220
0.0
230
1.0
0
LINE
5
1D9
330
17
100
AcDbEntity
67
0
8
0
62
256
6
ByLayer
370
-1
48
1.0
60
0
100
AcDbLine
10
53.6291999816895
20
-74.6820983886719
30
0.0
11
53.6291999816895
21
-76.4321975708008
31
0.0
39
0.0
210
0.0
220
0.0
230
1.0
0
LINE
5
1DA
330
17
100
AcDbEntity
67
0
8
0
62
256
6
ByLayer
370
-1
48
1.0
60
0
100
AcDbLine
10
53.6291999816895
20
-76.4321975708008
30
0.0
11
55.1446990966797
21
-77.3071975708008
31
0.0
39
0.0
210
0.0
220
0.0
230
1.0
0
LINE
5
1DB
330
17
100
AcDbEntity
67
0
8
0
62
256
6
ByLayer
370
-1
48
1.0
60
0
100
AcDbLine
10
55.1446990966797
20
-77.3071975708008
30
0.0
11
56.6603012084961
21
-76.4321975708008
31
0.0
39
0.0
210
0.0
220
0.0
230
1.0
0
LINE
5
1DC
330
17
100
AcDbEntity
67
0
8
0
62
256
6
ByLayer
370
-1
48
1.0
60
0
100
AcDbLine
10
56.6603012084961
20
-76.4321975708008
30
0.0
11
56.6603012084961
21
-74.6820983886719
31
0.0
39
0.0
210
0.0
220
0.0
230
1.0
0
LINE
5
1DD
330
17
100
AcDbEntity
67
0
8
0
62
256
6
ByLayer
370
-1
48
1.0
60
0
100
AcDbLine
10
60.1913986206055
20
-74.6820983886719
30
0.0
11
58.6758003234863
21
-73.8070983886719
31
0.0
39
0.0
210
0.0
220
0.0
230
1.0
0
LINE
5
1DE
330
17
100
AcDbEntity
67
0
8
0
62
256
6
ByLayer
370
-1
48
1.0
60
0
100
AcDbLine
10
58.6758003234863
20
-73.8070983886719
30
0.0
11
57.1603012084961
21
-74.6820983886719
31
0.0
39
0.0
210
0.0
220
0.0
230
1.0
0
LINE
5
1DF
330
17
100
AcDbEntity
67
0
8
0
62
256
6
ByLayer
370
-1
48
1.0
60
0
100
AcDbLine
10
57.1603012084961
20
-74.6820983886719
30
0.0
11
57.1603012084961
21
-76.4321975708008
31
0.0
39
0.0
210
0.0
220
0.0
230
1.0
0
LINE
5
1E0
330
17
100
AcDbEntity
67
0
8
0
62
256
6
ByLayer
370
-1
48
1.0
60
0
100
AcDbLine
10
57.1603012084961
20
-76.4321975708008
30
0.0
11
58.6758003234863
21
-77.3071975708008
31
0.0
39
0.0
210
0.0
220
0.0
230
1.0
0
LINE
5
1E1
330
17
100
AcDbEntity
67
0
8
0
62
256
6
ByLayer
370
-1
48
1.0
60
0
100
AcDbLine
10
58.6758003234863
20
-77.3071975708008
30
0.0
11
60.1913986206055
21
-76.4321975708008
31
0.0
39
0.0
210
0.0
220
0.0
230
1.0
0
LINE
5
1E2
330
17
100
AcDbEntity
67
0
8
0
62
256
6
ByLayer
370
-1
48
1.0
60
0
100
AcDbLine
10
60.1913986206055
20
-76.4321975708008
30
0.0
11
60.1913986206055
21
-74.6820983886719
31
0.0
39
0.0
210
0.0
220
0.0
230
1.0
0
LINE
5
1E3
330
17
100
AcDbEntity
67
0
8
0
62
256
6
ByLayer
370
-1
48
1.0
60
0
100
AcDbLine
10
63.7224998474121
20
-74.6820983886719
30
0.0
11
62.2070007324219
21
-73.8070983886719
31
0.0
39
0.0
210
0.0
220
0.0
230
1.0
0
LINE
5
1E4
330
17
100
AcDbEntity
67
0
8
0
62
256
6
ByLayer
370
-1
48
1.0
60
0
100
AcDbLine
10
62.2070007324219
20
-73.8070983886719
30
0.0
11
60.6913986206055
21
-74.6820983886719
31
0.0
39
0.0
210
0.0
220
0.0
230
1.0
0
LINE
5
1E5
330
17
100
AcDbEntity
67
0
8
0
62
256
6
ByLayer
370
-1
48
1.0
60
0
100
AcDbLine
10
60.6913986206055
20
-74.6820983886719
30
0.0
11
60.6913986206055
21
-76.4321975708008
31
0.0
39
0.0
210
0.0
220
0.0
230
1.0
0
LINE
5
1E6
330
17
100
AcDbEntity
67
0
8
0
62
256
6
ByLayer
370
-1
48
1.0
60
0
100
AcDbLine
10
60.6913986206055
20
-76.4321975708008
30
0.0
11
62.2070007324219
21
-77.3071975708008
31
0.0
39
0.0
210
0.0
220
0.0
230
1.0
0
LINE
5
1E7
330
17
100
AcDbEntity
67
0
8
0
62
256
6
ByLayer
370
-1
48
1.0
60
0
100
AcDbLine
10
62.2070007324219
20
-77.3071975708008
30
0.0
11
63.7224998474121
21
-76.4321975708008
31
0.0
39
0.0
210
0.0
220
0.0
230
1.0
0
LINE
5
1E8
330
17
100
AcDbEntity
67
0
8
0
62
256
6
ByLayer
370
-1
48
1.0
60
0
100
AcDbLine
10
63.7224998474121
20
-76.4321975708008
30
0.0
11
63.7224998474121
21
-74.6820983886719
31
0.0
39
0.0
210
0.0
220
0.0
230
1.0
0
LINE
5
1E9
330
17
100
AcDbEntity
67
0
8
0
62
256
6
ByLayer
370
-1
48
1.0
60
0
100
AcDbLine
10
67.2536010742188
20
-74.6820983886719
30
0.0
11
65.7380981445313
21
-73.8070983886719
31
0.0
39
0.0
210
0.0
220
0.0
230
1.0
0
LINE
5
1EA
330
17
100
AcDbEntity
67
0
8
0
62
256
6
ByLayer
370
-1
48
1.0
60
0
100
AcDbLine
10
65.7380981445313
20
-73.8070983886719
30
0.0
11
64.2225036621094
21
-74.6820983886719
31
0.0
39
0.0
210
0.0
220
0.0
230
1.0
0
LINE
5
1EB
330
17
100
AcDbEntity
67
0
8
0
62
256
6
ByLayer
370
-1
48
1.0
60
0
100
AcDbLine
10
64.2225036621094
20
-74.6820983886719
30
0.0
11
64.2225036621094
21
-76.4321975708008
31
0.0
39
0.0
210
0.0
220
0.0
230
1.0
0
LINE
5
1EC
330
17
100
AcDbEntity
67
0
8
0
62
256
6
ByLayer
370
-1
48
1.0
60
0
100
AcDbLine
10
64.2225036621094
20
-76.4321975708008
30
0.0
11
65.7380981445313
21
-77.3071975708008
31
0.0
39
0.0
210
0.0
220
0.0
230
1.0
0
LINE
5
1ED
330
17
100
AcDbEntity
67
0
8
0
62
256
6
ByLayer
370
-1
48
1.0
60
0
100
AcDbLine
10
65.7380981445313
20
-77.3071975708008
30
0.0
11
67.2536010742188
21
-76.4321975708008
31
0.0
39
0.0
210
0.0
220
0.0
230
1.0
0
LINE
5
1EE
330
17
100
AcDbEntity
67
0
8
0
62
256
6
ByLayer
370
-1
48
1.0
60
0
100
AcDbLine
10
67.2536010742188
20
-76.4321975708008
30
0.0
11
67.2536010742188
21
-74.6820983886719
31
0.0
39
0.0
210
0.0
220
0.0
230
1.0
0
LINE
5
1EF
330
17
100
AcDbEntity
67
0
8
0
62
256
6
ByLayer
370
-1
48
1.0
60
0
100
AcDbLine
10
70.7846984863281
20
-74.6820983886719
30
0.0
11
69.2692031860352
21
-73.8070983886719
31
0.0
39
0.0
210
0.0
220
0.0
230
1.0
0
LINE
5
1F0
330
17
100
AcDbEntity
67
0
8
0
62
256
6
ByLayer
370
-1
48
1.0
60
0
100
AcDbLine
10
69.2692031860352
20
-73.8070983886719
30
0.0
11
67.7536010742188
21
-74.6820983886719
31
0.0
39
0.0
210
0.0
220
0.0
230
1.0
0
LINE
5
1F1
330
17
100
AcDbEntity
67
0
8
0
62
256
6
ByLayer
370
-1
48
1.0
60
0
100
AcDbLine
10
67.7536010742188
20
-74.6820983886719
30
0.0
11
67.7536010742188
21
-76.4321975708008
31
0.0
39
0.0
210
0.0
220
0.0
230
1.0
0
LINE
5
1F2
330
17
100
AcDbEntity
67
0
8
0
62
256
6
ByLayer
370
-1
48
1.0
60
0
100
AcDbLine
10
67.7536010742188
20
-76.4321975708008
30
0.0
11
69.2692031860352
21
-77.3071975708008
31
0.0
39
0.0
210
0.0
220
0.0
230
1.0
0
LINE
5
1F3
330
17
100
AcDbEntity
67
0
8
0
62
256
6
ByLayer
370
-1
48
1.0
60
0
100
AcDbLine
10
69.2692031860352
20
-77.3071975708008
30
0.0
11
70.7846984863281
21
-76.4321975708008
31
0.0
39
0.0
210
0.0
220
0.0
230
1.0
0
LINE
5
1F4
330
17
100
AcDbEntity
67
0
8
0
62
256
6
ByLayer
370
-1
48
1.0
60
0
100
AcDbLine
10
70.7846984863281
20
-76.4321975708008
30
0.0
11
70.7846984863281
21
-74.6820983886719
31
0.0
39
0.0
210
0.0
220
0.0
230
1.0
0
LINE
5
1F5
330
17
100
AcDbEntity
67
0
8
0
62
256
6
ByLayer
370
-1
48
1.0
60
0
100
AcDbLine
10
74.3159027099609
20
-74.6820983886719
30
0.0
11
72.8003005981445
21
-73.8070983886719
31
0.0
39
0.0
210
0.0
220
0.0
230
1.0
0
LINE
5
1F6
330
17
100
AcDbEntity
67
0
8
0
62
256
6
ByLayer
370
-1
48
1.0
60
0
100
AcDbLine
10
72.8003005981445
20
-73.8070983886719
30
0.0
11
71.2846984863281
21
-74.6820983886719
31
0.0
39
0.0
210
0.0
220
0.0
230
1.0
0
LINE
5
1F7
330
17
100
AcDbEntity
67
0
8
0
62
256
6
ByLayer
370
-1
48
1.0
60
0
100
AcDbLine
10
71.2846984863281
20
-74.6820983886719
30
0.0
11
71.2846984863281
21
-76.4321975708008
31
0.0
39
0.0
210
0.0
220
0.0
230
1.0
0
LINE
5
1F8
330
17
100
AcDbEntity
67
0
8
0
62
256
6
ByLayer
370
-1
48
1.0
60
0
100
AcDbLine
10
71.2846984863281
20
-76.4321975708008
30
0.0
11
72.8003005981445
21
-77.3071975708008
31
0.0
39
0.0
210
0.0
220
0.0
230
1.0
0
LINE
5
1F9
330
17
100
AcDbEntity
67
0
8
0
62
256
6
ByLayer
370
-1
48
1.0
60
0
100
AcDbLine
10
72.8003005981445
20
-77.3071975708008
30
0.0
11
74.3159027099609
21
-76.4321975708008
31
0.0
39
0.0
210
0.0
220
0.0
230
1.0
0
LINE
5
1FA
330
17
100
AcDbEntity
67
0
8
0
62
256
6
ByLayer
370
-1
48
1.0
60
0
100
AcDbLine
10
74.3159027099609
20
-76.4321975708008
30
0.0
11
74.3159027099609
21
-74.6820983886719
31
0.0
39
0.0
210
0.0
220
0.0
230
1.0
0
LINE
5
1FB
330
17
100
AcDbEntity
67
0
8
0
62
256
6
ByLayer
370
-1
48
1.0
60
0
100
AcDbLine
10
77.8470001220703
20
-74.6820983886719
30
0.0
11
76.3313980102539
21
-73.8070983886719
31
0.0
39
0.0
210
0.0
220
0.0
230
1.0
0
LINE
5
1FC
330
17
100
AcDbEntity
67
0
8
0
62
256
6
ByLayer
370
-1
48
1.0
60
0
100
AcDbLine
10
76.3313980102539
20
-73.8070983886719
30
0.0
11
74.8159027099609
21
-74.6820983886719
31
0.0
39
0.0
210
0.0
220
0.0
230
1.0
0
LINE
5
1FD
330
17
100
AcDbEntity
67
0
8
0
62
256
6
ByLayer
370
-1
48
1.0
60
0
100
AcDbLine
10
74.8159027099609
20
-74.6820983886719
30
0.0
11
74.8159027099609
21
-76.4321975708008
31
0.0
39
0.0
210
0.0
220
0.0
230
1.0
0
LINE
5
1FE
330
17
100
AcDbEntity
67
0
8
0
62
256
6
ByLayer
370
-1
48
1.0
60
0
100
AcDbLine
10
74.8159027099609
20
-76.4321975708008
30
0.0
11
76.3313980102539
21
-77.3071975708008
31
0.0
39
0.0
210
0.0
220
0.0
230
1.0
0
LINE
5
1FF
330
17
100
AcDbEntity
67
0
8
0
62
256
6
ByLayer
370
-1
48
1.0
60
0
100
AcDbLine
10
76.3313980102539
20
-77.3071975708008
30
0.0
11
77.8470001220703
21
-76.4321975708008
31
0.0
39
0.0
210
0.0
220
0.0
230
1.0
0
LINE
5
200
330
17
100
AcDbEntity
67
0
8
0
62
256
6
ByLayer
370
-1
48
1.0
60
0
100
AcDbLine
10
77.8470001220703
20
-76.4321975708008
30
0.0
11
77.8470001220703
21
-74.6820983886719
31
0.0
39
0.0
210
0.0
220
0.0
230
1.0
0
LINE
5
201
330
17
100
AcDbEntity
67
0
8
0
62
256
6
ByLayer
370
-1
48
1.0
60
0
100
AcDbLine
10
81.3780975341797
20
-74.6820983886719
30
0.0
11
79.8625030517578
21
-73.8070983886719
31
0.0
39
0.0
210
0.0
220
0.0
230
1.0
0
LINE
5
202
330
17
100
AcDbEntity
67
0
8
0
62
256
6
ByLayer
370
-1
48
1.0
60
0
100
AcDbLine
10
79.8625030517578
20
-73.8070983886719
30
0.0
11
78.3470001220703
21
-74.6820983886719
31
0.0
39
0.0
210
0.0
220
0.0
230
1.0
0
LINE
5
203
330
17
100
AcDbEntity
67
0
8
0
62
256
6
ByLayer
370
-1
48
1.0
60
0
100
AcDbLine
10
78.3470001220703
20
-74.6820983886719
30
0.0
11
78.3470001220703
21
-76.4321975708008
31
0.0
39
0.0
210
0.0
220
0.0
230
1.0
0
LINE
5
204
330
17
100
AcDbEntity
67
0
8
0
62
256
6
ByLayer
370
-1
48
1.0
60
0
100
AcDbLine
10
78.3470001220703
20
-76.4321975708008
30
0.0
11
79.8625030517578
21
-77.3071975708008
31
0.0
39
0.0
210
0.0
220
0.0
230
1.0
0
LINE
5
205
330
17
100
AcDbEntity
67
0
8
0
62
256
6
ByLayer
370
-1
48
1.0
60
0
100
AcDbLine
10
79.8625030517578
20
-77.3071975708008
30
0.0
11
81.3780975341797
21
-76.4321975708008
31
0.0
39
0.0
210
0.0
220
0.0
230
1.0
0
LINE
5
206
330
17
100
AcDbEntity
67
0
8
0
62
256
6
ByLayer
370
-1
48
1.0
60
0
100
AcDbLine
10
81.3780975341797
20
-76.4321975708008
30
0.0
11
81.3780975341797
21
-74.6820983886719
31
0.0
39
0.0
210
0.0
220
0.0
230
1.0
0
LINE
5
207
330
17
100
AcDbEntity
67
0
8
0
62
256
6
ByLayer
370
-1
48
1.0
60
0
100
AcDbLine
10
84.9092025756836
20
-74.6820983886719
30
0.0
11
83.3936004638672
21
-73.8070983886719
31
0.0
39
0.0
210
0.0
220
0.0
230
1.0
0
LINE
5
208
330
17
100
AcDbEntity
67
0
8
0
62
256
6
ByLayer
370
-1
48
1.0
60
0
100
AcDbLine
10
83.3936004638672
20
-73.8070983886719
30
0.0
11
81.8780975341797
21
-74.6820983886719
31
0.0
39
0.0
210
0.0
220
0.0
230
1.0
0
LINE
5
209
330
17
100
AcDbEntity
67
0
8
0
62
256
6
ByLayer
370
-1
48
1.0
60
0
100
AcDbLine
10
81.8780975341797
20
-74.6820983886719
30
0.0
11
81.8780975341797
21
-76.4321975708008
31
0.0
39
0.0
210
0.0
220
0.0
230
1.0
0
LINE
5
20A
330
17
100
AcDbEntity
67
0
8
0
62
256
6
ByLayer
370
-1
48
1.0
60
0
100
AcDbLine
10
81.8780975341797
20
-76.4321975708008
30
0.0
11
83.3936004638672
21
-77.3071975708008
31
0.0
39
0.0
210
0.0
220
0.0
230
1.0
0
LINE
5
20B
330
17
100
AcDbEntity
67
0
8
0
62
256
6
ByLayer
370
-1
48
1.0
60
0
100
AcDbLine
10
83.3936004638672
20
-77.3071975708008
30
0.0
11
84.9092025756836
21
-76.4321975708008
31
0.0
39
0.0
210
0.0
220
0.0
230
1.0
0
LINE
5
20C
330
17
100
AcDbEntity
67
0
8
0
62
256
6
ByLayer
370
-1
48
1.0
60
0
100
AcDbLine
10
84.9092025756836
20
-76.4321975708008
30
0.0
11
84.9092025756836
21
-74.6820983886719
31
0.0
39
0.0
210
0.0
220
0.0
230
1.0
0
LINE
5
20D
330
17
100
AcDbEntity
67
0
8
0
62
256
6
ByLayer
370
-1
48
1.0
60
0
100
AcDbLine
10
86.7436981201172
20
-77.2026977539063
30
0.0
11
85.4092025756836
21
-76.4321975708008
31
0.0
39
0.0
210
0.0
220
0.0
230
1.0
0
LINE
5
20E
330
17
100
AcDbEntity
67
0
8
0
62
256
6
ByLayer
370
-1
48
1.0
60
0
100
AcDbLine
10
85.4092025756836
20
-76.4321975708008
30
0.0
11
85.4092025756836
21
-74.6820983886719
31
0.0
39
0.0
210
0.0
220
0.0
230
1.0
0
LINE
5
20F
330
17
100
AcDbEntity
67
0
8
0
62
256
6
ByLayer
370
-1
48
1.0
60
0
100
AcDbLine
10
85.4092025756836
20
-74.6820983886719
30
0.0
11
85.4807968139648
21
-74.6408004760742
31
0.0
39
0.0
210
0.0
220
0.0
230
1.0
0
LINE
5
210
330
17
100
AcDbEntity
67
0
8
0
62
256
6
ByLayer
370
-1
48
1.0
60
0
100
AcDbLine
10
85.4807968139648
20
-74.6408004760742
30
0.0
11
86.7436981201172
21
-77.2026977539063
31
0.0
39
0.0
210
0.0
220
0.0
230
1.0
0
LINE
5
211
330
17
100
AcDbEntity
67
0
8
0
62
256
6
ByLayer
370
-1
48
1.0
60
0
100
AcDbLine
10
45.1306991577148
20
-71.4339981079102
30
0.0
11
46.3168983459473
21
-70.7490997314453
31
0.0
39
0.0
210
0.0
220
0.0
230
1.0
0
LINE
5
212
330
17
100
AcDbEntity
67
0
8
0
62
256
6
ByLayer
370
-1
48
1.0
60
0
100
AcDbLine
10
46.3168983459473
20
-70.7490997314453
30
0.0
11
47.8325004577637
21
-71.6240997314453
31
0.0
39
0.0
210
0.0
220
0.0
230
1.0
0
LINE
5
213
330
17
100
AcDbEntity
67
0
8
0
62
256
6
ByLayer
370
-1
48
1.0
60
0
100
AcDbLine
10
47.8325004577637
20
-71.6240997314453
30
0.0
11
47.8325004577637
21
-73.3740997314453
31
0.0
39
0.0
210
0.0
220
0.0
230
1.0
0
LINE
5
214
330
17
100
AcDbEntity
67
0
8
0
62
256
6
ByLayer
370
-1
48
1.0
60
0
100
AcDbLine
10
47.8325004577637
20
-73.3740997314453
30
0.0
11
46.3168983459473
21
-74.2490997314453
31
0.0
39
0.0
210
0.0
220
0.0
230
1.0
0
LINE
5
215
330
17
100
AcDbEntity
67
0
8
0
62
256
6
ByLayer
370
-1
48
1.0
60
0
100
AcDbLine
10
46.3168983459473
20
-74.2490997314453
30
0.0
11
46.1893997192383
21
-74.1754989624023
31
0.0
39
0.0
210
0.0
220
0.0
230
1.0
0
LINE
5
216
330
17
100
AcDbEntity
67
0
8
0
62
256
6
ByLayer
370
-1
48
1.0
60
0
100
AcDbLine
10
46.1893997192383
20
-74.1754989624023
30
0.0
11
45.1306991577148
21
-71.4339981079102
31
0.0
39
0.0
210
0.0
220
0.0
230
1.0
0
LINE
5
217
330
17
100
AcDbEntity
67
0
8
0
62
256
6
ByLayer
370
-1
48
1.0
60
0
100
AcDbLine
10
51.3636016845703
20
-71.6240997314453
30
0.0
11
49.8480987548828
21
-70.7490997314453
31
0.0
39
0.0
210
0.0
220
0.0
230
1.0
0
LINE
5
218
330
17
100
AcDbEntity
67
0
8
0
62
256
6
ByLayer
370
-1
48
1.0
60
0
100
AcDbLine
10
49.8480987548828
20
-70.7490997314453
30
0.0
11
48.3325004577637
21
-71.6240997314453
31
0.0
39
0.0
210
0.0
220
0.0
230
1.0
0
LINE
5
219
330
17
100
AcDbEntity
67
0
8
0
62
256
6
ByLayer
370
-1
48
1.0
60
0
100
AcDbLine
10
48.3325004577637
20
-71.6240997314453
30
0.0
11
48.3325004577637
21
-73.3740997314453
31
0.0
39
0.0
210
0.0
220
0.0
230
1.0
0
LINE
5
21A
330
17
100
AcDbEntity
67
0
8
0
62
256
6
ByLayer
370
-1
48
1.0
60
0
100
AcDbLine
10
48.3325004577637
20
-73.3740997314453
30
0.0
11
49.8480987548828
21
-74.2490997314453
31
0.0
39
0.0
210
0.0
220
0.0
230
1.0
0
LINE
5
21B
330
17
100
AcDbEntity
67
0
8
0
62
256
6
ByLayer
370
-1
48
1.0
60
0
100
AcDbLine
10
49.8480987548828
20
-74.2490997314453
30
0.0
11
51.3636016845703
21
-73.3740997314453
31
0.0
39
0.0
210
0.0
220
0.0
230
1.0
0
LINE
5
21C
330
17
100
AcDbEntity
67
0
8
0
62
256
6
ByLayer
370
-1
48
1.0
60
0
100
AcDbLine
10
51.3636016845703
20
-73.3740997314453
30
0.0
11
51.3636016845703
21
-71.6240997314453
31
0.0
39
0.0
210
0.0
220
0.0
230
1.0
0
LINE
5
21D
330
17
100
AcDbEntity
67
0
8
0
62
256
6
ByLayer
370
-1
48
1.0
60
0
100
AcDbLine
10
54.8946990966797
20
-71.6240997314453
30
0.0
11
53.3791999816895
21
-70.7490997314453
31
0.0
39
0.0
210
0.0
220
0.0
230
1.0
0
LINE
5
21E
330
17
100
AcDbEntity
67
0
8
0
62
256
6
ByLayer
370
-1
48
1.0
60
0
100
AcDbLine
10
53.3791999816895
20
-70.7490997314453
30
0.0
11
51.8636016845703
21
-71.6240997314453
31
0.0
39
0.0
210
0.0
220
0.0
230
1.0
0
LINE
5
21F
330
17
100
AcDbEntity
67
0
8
0
62
256
6
ByLayer
370
-1
48
1.0
60
0
100
AcDbLine
10
51.8636016845703
20
-71.6240997314453
30
0.0
11
51.8636016845703
21
-73.3740997314453
31
0.0
39
0.0
210
0.0
220
0.0
230
1.0
0
LINE
5
220
330
17
100
AcDbEntity
67
0
8
0
62
256
6
ByLayer
370
-1
48
1.0
60
0
100
AcDbLine
10
51.8636016845703
20
-73.3740997314453
30
0.0
11
53.3791999816895
21
-74.2490997314453
31
0.0
39
0.0
210
0.0
220
0.0
230
1.0
0
LINE
5
221
330
17
100
AcDbEntity
67
0
8
0
62
256
6
ByLayer
370
-1
48
1.0
60
0
100
AcDbLine
10
53.3791999816895
20
-74.2490997314453
30
0.0
11
54.8946990966797
21
-73.3740997314453
31
0.0
39
0.0
210
0.0
220
0.0
230
1.0
0
LINE
5
222
330
17
100
AcDbEntity
67
0
8
0
62
256
6
ByLayer
370
-1
48
1.0
60
0
100
AcDbLine
10
54.8946990966797
20
-73.3740997314453
30
0.0
11
54.8946990966797
21
-71.6240997314453
31
0.0
39
0.0
210
0.0
220
0.0
230
1.0
0
LINE
5
223
330
17
100
AcDbEntity
67
0
8
0
62
256
6
ByLayer
370
-1
48
1.0
60
0
100
AcDbLine
10
58.4258003234863
20
-71.6240997314453
30
0.0
11
56.9103012084961
21
-70.7490997314453
31
0.0
39
0.0
210
0.0
220
0.0
230
1.0
0
LINE
5
224
330
17
100
AcDbEntity
67
0
8
0
62
256
6
ByLayer
370
-1
48
1.0
60
0
100
AcDbLine
10
56.9103012084961
20
-70.7490997314453
30
0.0
11
55.3946990966797
21
-71.6240997314453
31
0.0
39
0.0
210
0.0
220
0.0
230
1.0
0
LINE
5
225
330
17
100
AcDbEntity
67
0
8
0
62
256
6
ByLayer
370
-1
48
1.0
60
0
100
AcDbLine
10
55.3946990966797
20
-71.6240997314453
30
0.0
11
55.3946990966797
21
-73.3740997314453
31
0.0
39
0.0
210
0.0
220
0.0
230
1.0
0
LINE
5
226
330
17
100
AcDbEntity
67
0
8
0
62
256
6
ByLayer
370
-1
48
1.0
60
0
100
AcDbLine
10
55.3946990966797
20
-73.3740997314453
30
0.0
11
56.9103012084961
21
-74.2490997314453
31
0.0
39
0.0
210
0.0
220
0.0
230
1.0
0
LINE
5
227
330
17
100
AcDbEntity
67
0
8
0
62
256
6
ByLayer
370
-1
48
1.0
60
0
100
AcDbLine
10
56.9103012084961
20
-74.2490997314453
30
0.0
11
58.4258003234863
21
-73.3740997314453
31
0.0
39
0.0
210
0.0
220
0.0
230
1.0
0
LINE
5
228
330
17
100
AcDbEntity
67
0
8
0
62
256
6
ByLayer
370
-1
48
1.0
60
0
100
AcDbLine
10
58.4258003234863
20
-73.3740997314453
30
0.0
11
58.4258003234863
21
-71.6240997314453
31
0.0
39
0.0
210
0.0
220
0.0
230
1.0
0
LINE
5
229
330
17
100
AcDbEntity
67
0
8
0
62
256
6
ByLayer
370
-1
48
1.0
60
0
100
AcDbLine
10
61.9570007324219
20
-71.6240997314453
30
0.0
11
60.4413986206055
21
-70.7490997314453
31
0.0
39
0.0
210
0.0
220
0.0
230
1.0
0
LINE
5
22A
330
17
100
AcDbEntity
67
0
8
0
62
256
6
ByLayer
370
-1
48
1.0
60
0
100
AcDbLine
10
60.4413986206055
20
-70.7490997314453
30
0.0
11
58.9258003234863
21
-71.6240997314453
31
0.0
39
0.0
210
0.0
220
0.0
230
1.0
0
LINE
5
22B
330
17
100
AcDbEntity
67
0
8
0
62
256
6
ByLayer
370
-1
48
1.0
60
0
100
AcDbLine
10
58.9258003234863
20
-71.6240997314453
30
0.0
11
58.9258003234863
21
-73.3740997314453
31
0.0
39
0.0
210
0.0
220
0.0
230
1.0
0
LINE
5
22C
330
17
100
AcDbEntity
67
0
8
0
62
256
6
ByLayer
370
-1
48
1.0
60
0
100
AcDbLine
10
58.9258003234863
20
-73.3740997314453
30
0.0
11
60.4413986206055
21
-74.2490997314453
31
0.0
39
0.0
210
0.0
220
0.0
230
1.0
0
LINE
5
22D
330
17
100
AcDbEntity
67
0
8
0
62
256
6
ByLayer
370
-1
48
1.0
60
0
100
AcDbLine
10
60.4413986206055
20
-74.2490997314453
30
0.0
11
61.9570007324219
21
-73.3740997314453
31
0.0
39
0.0
210
0.0
220
0.0
230
1.0
0
LINE
5
22E
330
17
100
AcDbEntity
67
0
8
0
62
256
6
ByLayer
370
-1
48
1.0
60
0
100
AcDbLine
10
61.9570007324219
20
-73.3740997314453
30
0.0
11
61.9570007324219
21
-71.6240997314453
31
0.0
39
0.0
210
0.0
220
0.0
230
1.0
0
LINE
5
22F
330
17
100
AcDbEntity
67
0
8
0
62
256
6
ByLayer
370
-1
48
1.0
60
0
100
AcDbLine
10
65.4880981445313
20
-71.6240997314453
30
0.0
11
63.9724998474121
21
-70.7490997314453
31
0.0
39
0.0
210
0.0
220
0.0
230
1.0
0
LINE
5
230
330
17
100
AcDbEntity
67
0
8
0
62
256
6
ByLayer
370
-1
48
1.0
60
0
100
AcDbLine
10
63.9724998474121
20
-70.7490997314453
30
0.0
11
62.4570007324219
21
-71.6240997314453
31
0.0
39
0.0
210
0.0
220
0.0
230
1.0
0
LINE
5
231
330
17
100
AcDbEntity
67
0
8
0
62
256
6
ByLayer
370
-1
48
1.0
60
0
100
AcDbLine
10
62.4570007324219
20
-71.6240997314453
30
0.0
11
62.4570007324219
21
-73.3740997314453
31
0.0
39
0.0
210
0.0
220
0.0
230
1.0
0
LINE
5
232
330
17
100
AcDbEntity
67
0
8
0
62
256
6
ByLayer
370
-1
48
1.0
60
0
100
AcDbLine
10
62.4570007324219
20
-73.3740997314453
30
0.0
11
63.9724998474121
21
-74.2490997314453
31
0.0
39
0.0
210
0.0
220
0.0
230
1.0
0
LINE
5
233
330
17
100
AcDbEntity
67
0
8
0
62
256
6
ByLayer
370
-1
48
1.0
60
0
100
AcDbLine
10
63.9724998474121
20
-74.2490997314453
30
0.0
11
65.4880981445313
21
-73.3740997314453
31
0.0
39
0.0
210
0.0
220
0.0
230
1.0
0
LINE
5
234
330
17
100
AcDbEntity
67
0
8
0
62
256
6
ByLayer
370
-1
48
1.0
60
0
100
AcDbLine
10
65.4880981445313
20
-73.3740997314453
30
0.0
11
65.4880981445313
21
-71.6240997314453
31
0.0
39
0.0
210
0.0
220
0.0
230
1.0
0
LINE
5
235
330
17
100
AcDbEntity
67
0
8
0
62
256
6
ByLayer
370
-1
48
1.0
60
0
100
AcDbLine
10
69.0192031860352
20
-71.6240997314453
30
0.0
11
67.5036010742188
21
-70.7490997314453
31
0.0
39
0.0
210
0.0
220
0.0
230
1.0
0
LINE
5
236
330
17
100
AcDbEntity
67
0
8
0
62
256
6
ByLayer
370
-1
48
1.0
60
0
100
AcDbLine
10
67.5036010742188
20
-70.7490997314453
30
0.0
11
65.9880981445313
21
-71.6240997314453
31
0.0
39
0.0
210
0.0
220
0.0
230
1.0
0
LINE
5
237
330
17
100
AcDbEntity
67
0
8
0
62
256
6
ByLayer
370
-1
48
1.0
60
0
100
AcDbLine
10
65.9880981445313
20
-71.6240997314453
30
0.0
11
65.9880981445313
21
-73.3740997314453
31
0.0
39
0.0
210
0.0
220
0.0
230
1.0
0
LINE
5
238
330
17
100
AcDbEntity
67
0
8
0
62
256
6
ByLayer
370
-1
48
1.0
60
0
100
AcDbLine
10
65.9880981445313
20
-73.3740997314453
30
0.0
11
67.5036010742188
21
-74.2490997314453
31
0.0
39
0.0
210
0.0
220
0.0
230
1.0
0
LINE
5
239
330
17
100
AcDbEntity
67
0
8
0
62
256
6
ByLayer
370
-1
48
1.0
60
0
100
AcDbLine
10
67.5036010742188
20
-74.2490997314453
30
0.0
11
69.0192031860352
21
-73.3740997314453
31
0.0
39
0.0
210
0.0
220
0.0
230
1.0
0
LINE
5
23A
330
17
100
AcDbEntity
67
0
8
0
62
256
6
ByLayer
370
-1
48
1.0
60
0
100
AcDbLine
10
69.0192031860352
20
-73.3740997314453
30
0.0
11
69.0192031860352
21
-71.6240997314453
31
0.0
39
0.0
210
0.0
220
0.0
230
1.0
0
LINE
5
23B
330
17
100
AcDbEntity
67
0
8
0
62
256
6
ByLayer
370
-1
48
1.0
60
0
100
AcDbLine
10
72.5503005981445
20
-71.6240997314453
30
0.0
11
71.0346984863281
21
-70.7490997314453
31
0.0
39
0.0
210
0.0
220
0.0
230
1.0
0
LINE
5
23C
330
17
100
AcDbEntity
67
0
8
0
62
256
6
ByLayer
370
-1
48
1.0
60
0
100
AcDbLine
10
71.0346984863281
20
-70.7490997314453
30
0.0
11
69.5192031860352
21
-71.6240997314453
31
0.0
39
0.0
210
0.0
220
0.0
230
1.0
0
LINE
5
23D
330
17
100
AcDbEntity
67
0
8
0
62
256
6
ByLayer
370
-1
48
1.0
60
0
100
AcDbLine
10
69.5192031860352
20
-71.6240997314453
30
0.0
11
69.5192031860352
21
-73.3740997314453
31
0.0
39
0.0
210
0.0
220
0.0
230
1.0
0
LINE
5
23E
330
17
100
AcDbEntity
67
0
8
0
62
256
6
ByLayer
370
-1
48
1.0
60
0
100
AcDbLine
10
69.5192031860352
20
-73.3740997314453
30
0.0
11
71.0346984863281
21
-74.2490997314453
31
0.0
39
0.0
210
0.0
220
0.0
230
1.0
0
LINE
5
23F
330
17
100
AcDbEntity
67
0
8
0
62
256
6
ByLayer
370
-1
48
1.0
60
0
100
AcDbLine
10
71.0346984863281
20
-74.2490997314453
30
0.0
11
72.5503005981445
21
-73.3740997314453
31
0.0
39
0.0
210
0.0
220
0.0
230
1.0
0
LINE
5
240
330
17
100
AcDbEntity
67
0
8
0
62
256
6
ByLayer
370
-1
48
1.0
60
0
100
AcDbLine
10
72.5503005981445
20
-73.3740997314453
30
0.0
11
72.5503005981445
21
-71.6240997314453
31
0.0
39
0.0
210
0.0
220
0.0
230
1.0
0
LINE
5
241
330
17
100
AcDbEntity
67
0
8
0
62
256
6
ByLayer
370
-1
48
1.0
60
0
100
AcDbLine
10
76.0813980102539
20
-71.6240997314453
30
0.0
11
74.5659027099609
21
-70.7490997314453
31
0.0
39
0.0
210
0.0
220
0.0
230
1.0
0
LINE
5
242
330
17
100
AcDbEntity
67
0
8
0
62
256
6
ByLayer
370
-1
48
1.0
60
0
100
AcDbLine
10
74.5659027099609
20
-70.7490997314453
30
0.0
11
73.0503005981445
21
-71.6240997314453
31
0.0
39
0.0
210
0.0
220
0.0
230
1.0
0
LINE
5
243
330
17
100
AcDbEntity
67
0
8
0
62
256
6
ByLayer
370
-1
48
1.0
60
0
100
AcDbLine
10
73.0503005981445
20
-71.6240997314453
30
0.0
11
73.0503005981445
21
-73.3740997314453
31
0.0
39
0.0
210
0.0
220
0.0
230
1.0
0
LINE
5
244
330
17
100
AcDbEntity
67
0
8
0
62
256
6
ByLayer
370
-1
48
1.0
60
0
100
AcDbLine
10
73.0503005981445
20
-73.3740997314453
30
0.0
11
74.5659027099609
21
-74.2490997314453
31
0.0
39
0.0
210
0.0
220
0.0
230
1.0
0
LINE
5
245
330
17
100
AcDbEntity
67
0
8
0
62
256
6
ByLayer
370
-1
48
1.0
60
0
100
AcDbLine
10
74.5659027099609
20
-74.2490997314453
30
0.0
11
76.0813980102539
21
-73.3740997314453
31
0.0
39
0.0
210
0.0
220
0.0
230
1.0
0
LINE
5
246
330
17
100
AcDbEntity
67
0
8
0
62
256
6
ByLayer
370
-1
48
1.0
60
0
100
AcDbLine
10
76.0813980102539
20
-73.3740997314453
30
0.0
11
76.0813980102539
21
-71.6240997314453
31
0.0
39
0.0
210
0.0
220
0.0
230
1.0
0
LINE
5
247
330
17
100
AcDbEntity
67
0
8
0
62
256
6
ByLayer
370
-1
48
1.0
60
0
100
AcDbLine
10
79.6125030517578
20
-71.6240997314453
30
0.0
11
78.0970001220703
21
-70.7490997314453
31
0.0
39
0.0
210
0.0
220
0.0
230
1.0
0
LINE
5
248
330
17
100
AcDbEntity
67
0
8
0
62
256
6
ByLayer
370
-1
48
1.0
60
0
100
AcDbLine
10
78.0970001220703
20
-70.7490997314453
30
0.0
11
76.5813980102539
21
-71.6240997314453
31
0.0
39
0.0
210
0.0
220
0.0
230
1.0
0
LINE
5
249
330
17
100
AcDbEntity
67
0
8
0
62
256
6
ByLayer
370
-1
48
1.0
60
0
100
AcDbLine
10
76.5813980102539
20
-71.6240997314453
30
0.0
11
76.5813980102539
21
-73.3740997314453
31
0.0
39
0.0
210
0.0
220
0.0
230
1.0
0
LINE
5
24A
330
17
100
AcDbEntity
67
0
8
0
62
256
6
ByLayer
370
-1
48
1.0
60
0
100
AcDbLine
10
76.5813980102539
20
-73.3740997314453
30
0.0
11
78.0970001220703
21
-74.2490997314453
31
0.0
39
0.0
210
0.0
220
0.0
230
1.0
0
LINE
5
24B
330
17
100
AcDbEntity
67
0
8
0
62
256
6
ByLayer
370
-1
48
1.0
60
0
100
AcDbLine
10
78.0970001220703
20
-74.2490997314453
30
0.0
11
79.6125030517578
21
-73.3740997314453
31
0.0
39
0.0
210
0.0
220
0.0
230
1.0
0
LINE
5
24C
330
17
100
AcDbEntity
67
0
8
0
62
256
6
ByLayer
370
-1
48
1.0
60
0
100
AcDbLine
10
79.6125030517578
20
-73.3740997314453
30
0.0
11
79.6125030517578
21
-71.6240997314453
31
0.0
39
0.0
210
0.0
220
0.0
230
1.0
0
LINE
5
24D
330
17
100
AcDbEntity
67
0
8
0
62
256
6
ByLayer
370
-1
48
1.0
60
0
100
AcDbLine
10
83.1436004638672
20
-71.6240997314453
30
0.0
11
81.6280975341797
21
-70.7490997314453
31
0.0
39
0.0
210
0.0
220
0.0
230
1.0
0
LINE
5
24E
330
17
100
AcDbEntity
67
0
8
0
62
256
6
ByLayer
370
-1
48
1.0
60
0
100
AcDbLine
10
81.6280975341797
20
-70.7490997314453
30
0.0
11
80.1125030517578
21
-71.6240997314453
31
0.0
39
0.0
210
0.0
220
0.0
230
1.0
0
LINE
5
24F
330
17
100
AcDbEntity
67
0
8
0
62
256
6
ByLayer
370
-1
48
1.0
60
0
100
AcDbLine
10
80.1125030517578
20
-71.6240997314453
30
0.0
11
80.1125030517578
21
-73.3740997314453
31
0.0
39
0.0
210
0.0
220
0.0
230
1.0
0
LINE
5
250
330
17
100
AcDbEntity
67
0
8
0
62
256
6
ByLayer
370
-1
48
1.0
60
0
100
AcDbLine
10
80.1125030517578
20
-73.3740997314453
30
0.0
11
81.6280975341797
21
-74.2490997314453
31
0.0
39
0.0
210
0.0
220
0.0
230
1.0
0
LINE
5
251
330
17
100
AcDbEntity
67
0
8
0
62
256
6
ByLayer
370
-1
48
1.0
60
0
100
AcDbLine
10
81.6280975341797
20
-74.2490997314453
30
0.0
11
83.1436004638672
21
-73.3740997314453
31
0.0
39
0.0
210
0.0
220
0.0
230
1.0
0
LINE
5
252
330
17
100
AcDbEntity
67
0
8
0
62
256
6
ByLayer
370
-1
48
1.0
60
0
100
AcDbLine
10
83.1436004638672
20
-73.3740997314453
30
0.0
11
83.1436004638672
21
-71.6240997314453
31
0.0
39
0.0
210
0.0
220
0.0
230
1.0
0
LINE
5
253
330
17
100
AcDbEntity
67
0
8
0
62
256
6
ByLayer
370
-1
48
1.0
60
0
100
AcDbLine
10
85.2593002319336
20
-74.1913986206055
30
0.0
11
85.1592025756836
21
-74.2490997314453
31
0.0
39
0.0
210
0.0
220
0.0
230
1.0
0
LINE
5
254
330
17
100
AcDbEntity
67
0
8
0
62
256
6
ByLayer
370
-1
48
1.0
60
0
100
AcDbLine
10
85.1592025756836
20
-74.2490997314453
30
0.0
11
83.6436004638672
21
-73.3740997314453
31
0.0
39
0.0
210
0.0
220
0.0
230
1.0
0
LINE
5
255
330
17
100
AcDbEntity
67
0
8
0
62
256
6
ByLayer
370
-1
48
1.0
60
0
100
AcDbLine
10
83.6436004638672
20
-73.3740997314453
30
0.0
11
83.6436004638672
21
-71.6240997314453
31
0.0
39
0.0
210
0.0
220
0.0
230
1.0
0
LINE
5
256
330
17
100
AcDbEntity
67
0
8
0
62
256
6
ByLayer
370
-1
48
1.0
60
0
100
AcDbLine
10
83.6436004638672
20
-71.6240997314453
30
0.0
11
83.9160995483398
21
-71.466796875
31
0.0
39
0.0
210
0.0
220
0.0
230
1.0
0
LINE
5
257
330
17
100
AcDbEntity
67
0
8
0
62
256
6
ByLayer
370
-1
48
1.0
60
0
100
AcDbLine
10
83.9160995483398
20
-71.466796875
30
0.0
11
85.2593002319336
21
-74.1913986206055
31
0.0
39
0.0
210
0.0
220
0.0
230
1.0
0
LINE
5
258
330
17
100
AcDbEntity
67
0
8
0
62
256
6
ByLayer
370
-1
48
1.0
60
0
100
AcDbLine
10
43.8431015014648
20
-68.0999984741211
30
0.0
11
44.551399230957
21
-67.6911010742188
31
0.0
39
0.0
210
0.0
220
0.0
230
1.0
0
LINE
5
259
330
17
100
AcDbEntity
67
0
8
0
62
256
6
ByLayer
370
-1
48
1.0
60
0
100
AcDbLine
10
44.551399230957
20
-67.6911010742188
30
0.0
11
46.0668983459473
21
-68.5661010742188
31
0.0
39
0.0
210
0.0
220
0.0
230
1.0
0
LINE
5
25A
330
17
100
AcDbEntity
67
0
8
0
62
256
6
ByLayer
370
-1
48
1.0
60
0
100
AcDbLine
10
46.0668983459473
20
-68.5661010742188
30
0.0
11
46.0668983459473
21
-70.3161010742188
31
0.0
39
0.0
210
0.0
220
0.0
230
1.0
0
LINE
5
25B
330
17
100
AcDbEntity
67
0
8
0
62
256
6
ByLayer
370
-1
48
1.0
60
0
100
AcDbLine
10
46.0668983459473
20
-70.3161010742188
30
0.0
11
44.948299407959
21
-70.9618988037109
31
0.0
39
0.0
210
0.0
220
0.0
230
1.0
0
LINE
5
25C
330
17
100
AcDbEntity
67
0
8
0
62
256
6
ByLayer
370
-1
48
1.0
60
0
100
AcDbLine
10
44.948299407959
20
-70.9618988037109
30
0.0
11
43.8431015014648
21
-68.0999984741211
31
0.0
39
0.0
210
0.0
220
0.0
230
1.0
0
LINE
5
25D
330
17
100
AcDbEntity
67
0
8
0
62
256
6
ByLayer
370
-1
48
1.0
60
0
100
AcDbLine
10
49.5980987548828
20
-68.5661010742188
30
0.0
11
48.0825004577637
21
-67.6911010742188
31
0.0
39
0.0
210
0.0
220
0.0
230
1.0
0
LINE
5
25E
330
17
100
AcDbEntity
67
0
8
0
62
256
6
ByLayer
370
-1
48
1.0
60
0
100
AcDbLine
10
48.0825004577637
20
-67.6911010742188
30
0.0
11
46.5668983459473
21
-68.5661010742188
31
0.0
39
0.0
210
0.0
220
0.0
230
1.0
0
LINE
5
25F
330
17
100
AcDbEntity
67
0
8
0
62
256
6
ByLayer
370
-1
48
1.0
60
0
100
AcDbLine
10
46.5668983459473
20
-68.5661010742188
30
0.0
11
46.5668983459473
21
-70.3161010742188
31
0.0
39
0.0
210
0.0
220
0.0
230
1.0
0
LINE
5
260
330
17
100
AcDbEntity
67
0
8
0
62
256
6
ByLayer
370
-1
48
1.0
60
0
100
AcDbLine
10
46.5668983459473
20
-70.3161010742188
30
0.0
11
48.0825004577637
21
-71.1911010742188
31
0.0
39
0.0
210
0.0
220
0.0
230
1.0
0
LINE
5
261
330
17
100
AcDbEntity
67
0
8
0
62
256
6
ByLayer
370
-1
48
1.0
60
0
100
AcDbLine
10
48.0825004577637
20
-71.1911010742188
30
0.0
11
49.5980987548828
21
-70.3161010742188
31
0.0
39
0.0
210
0.0
220
0.0
230
1.0
0
LINE
5
262
330
17
100
AcDbEntity
67
0
8
0
62
256
6
ByLayer
370
-1
48
1.0
60
0
100
AcDbLine
10
49.5980987548828
20
-70.3161010742188
30
0.0
11
49.5980987548828
21
-68.5661010742188
31
0.0
39
0.0
210
0.0
220
0.0
230
1.0
0
LINE
5
263
330
17
100
AcDbEntity
67
0
8
0
62
256
6
ByLayer
370
-1
48
1.0
60
0
100
AcDbLine
10
53.1291999816895
20
-68.5661010742188
30
0.0
11
51.6136016845703
21
-67.6911010742188
31
0.0
39
0.0
210
0.0
220
0.0
230
1.0
0
LINE
5
264
330
17
100
AcDbEntity
67
0
8
0
62
256
6
ByLayer
370
-1
48
1.0
60
0
100
AcDbLine
10
51.6136016845703
20
-67.6911010742188
30
0.0
11
50.0980987548828
21
-68.5661010742188
31
0.0
39
0.0
210
0.0
220
0.0
230
1.0
0
LINE
5
265
330
17
100
AcDbEntity
67
0
8
0
62
256
6
ByLayer
370
-1
48
1.0
60
0
100
AcDbLine
10
50.0980987548828
20
-68.5661010742188
30
0.0
11
50.0980987548828
21
-70.3161010742188
31
0.0
39
0.0
210
0.0
220
0.0
230
1.0
0
LINE
5
266
330
17
100
AcDbEntity
67
0
8
0
62
256
6
ByLayer
370
-1
48
1.0
60
0
100
AcDbLine
10
50.0980987548828
20
-70.3161010742188
30
0.0
11
51.6136016845703
21
-71.1911010742188
31
0.0
39
0.0
210
0.0
220
0.0
230
1.0
0
LINE
5
267
330
17
100
AcDbEntity
67
0
8
0
62
256
6
ByLayer
370
-1
48
1.0
60
0
100
AcDbLine
10
51.6136016845703
20
-71.1911010742188
30
0.0
11
53.1291999816895
21
-70.3161010742188
31
0.0
39
0.0
210
0.0
220
0.0
230
1.0
0
LINE
5
268
330
17
100
AcDbEntity
67
0
8
0
62
256
6
ByLayer
370
-1
48
1.0
60
0
100
AcDbLine
10
53.1291999816895
20
-70.3161010742188
30
0.0
11
53.1291999816895
21
-68.5661010742188
31
0.0
39
0.0
210
0.0
220
0.0
230
1.0
0
LINE
5
269
330
17
100
AcDbEntity
67
0
8
0
62
256
6
ByLayer
370
-1
48
1.0
60
0
100
AcDbLine
10
56.6603012084961
20
-68.5661010742188
30
0.0
11
55.1446990966797
21
-67.6911010742188
31
0.0
39
0.0
210
0.0
220
0.0
230
1.0
0
LINE
5
26A
330
17
100
AcDbEntity
67
0
8
0
62
256
6
ByLayer
370
-1
48
1.0
60
0
100
AcDbLine
10
55.1446990966797
20
-67.6911010742188
30
0.0
11
53.6291999816895
21
-68.5661010742188
31
0.0
39
0.0
210
0.0
220
0.0
230
1.0
0
LINE
5
26B
330
17
100
AcDbEntity
67
0
8
0
62
256
6
ByLayer
370
-1
48
1.0
60
0
100
AcDbLine
10
53.6291999816895
20
-68.5661010742188
30
0.0
11
53.6291999816895
21
-70.3161010742188
31
0.0
39
0.0
210
0.0
220
0.0
230
1.0
0
LINE
5
26C
330
17
100
AcDbEntity
67
0
8
0
62
256
6
ByLayer
370
-1
48
1.0
60
0
100
AcDbLine
10
53.6291999816895
20
-70.3161010742188
30
0.0
11
55.1446990966797
21
-71.1911010742188
31
0.0
39
0.0
210
0.0
220
0.0
230
1.0
0
LINE
5
26D
330
17
100
AcDbEntity
67
0
8
0
62
256
6
ByLayer
370
-1
48
1.0
60
0
100
AcDbLine
10
55.1446990966797
20
-71.1911010742188
30
0.0
11
56.6603012084961
21
-70.3161010742188
31
0.0
39
0.0
210
0.0
220
0.0
230
1.0
0
LINE
5
26E
330
17
100
AcDbEntity
67
0
8
0
62
256
6
ByLayer
370
-1
48
1.0
60
0
100
AcDbLine
10
56.6603012084961
20
-70.3161010742188
30
0.0
11
56.6603012084961
21
-68.5661010742188
31
0.0
39
0.0
210
0.0
220
0.0
230
1.0
0
LINE
5
26F
330
17
100
AcDbEntity
67
0
8
0
62
256
6
ByLayer
370
-1
48
1.0
60
0
100
AcDbLine
10
60.1913986206055
20
-68.5661010742188
30
0.0
11
58.6758003234863
21
-67.6911010742188
31
0.0
39
0.0
210
0.0
220
0.0
230
1.0
0
LINE
5
270
330
17
100
AcDbEntity
67
0
8
0
62
256
6
ByLayer
370
-1
48
1.0
60
0
100
AcDbLine
10
58.6758003234863
20
-67.6911010742188
30
0.0
11
57.1603012084961
21
-68.5661010742188
31
0.0
39
0.0
210
0.0
220
0.0
230
1.0
0
LINE
5
271
330
17
100
AcDbEntity
67
0
8
0
62
256
6
ByLayer
370
-1
48
1.0
60
0
100
AcDbLine
10
57.1603012084961
20
-68.5661010742188
30
0.0
11
57.1603012084961
21
-70.3161010742188
31
0.0
39
0.0
210
0.0
220
0.0
230
1.0
0
LINE
5
272
330
17
100
AcDbEntity
67
0
8
0
62
256
6
ByLayer
370
-1
48
1.0
60
0
100
AcDbLine
10
57.1603012084961
20
-70.3161010742188
30
0.0
11
58.6758003234863
21
-71.1911010742188
31
0.0
39
0.0
210
0.0
220
0.0
230
1.0
0
LINE
5
273
330
17
100
AcDbEntity
67
0
8
0
62
256
6
ByLayer
370
-1
48
1.0
60
0
100
AcDbLine
10
58.6758003234863
20
-71.1911010742188
30
0.0
11
60.1913986206055
21
-70.3161010742188
31
0.0
39
0.0
210
0.0
220
0.0
230
1.0
0
LINE
5
274
330
17
100
AcDbEntity
67
0
8
0
62
256
6
ByLayer
370
-1
48
1.0
60
0
100
AcDbLine
10
60.1913986206055
20
-70.3161010742188
30
0.0
11
60.1913986206055
21
-68.5661010742188
31
0.0
39
0.0
210
0.0
220
0.0
230
1.0
0
LINE
5
275
330
17
100
AcDbEntity
67
0
8
0
62
256
6
ByLayer
370
-1
48
1.0
60
0
100
AcDbLine
10
63.7224998474121
20
-68.5661010742188
30
0.0
11
62.2070007324219
21
-67.6911010742188
31
0.0
39
0.0
210
0.0
220
0.0
230
1.0
0
LINE
5
276
330
17
100
AcDbEntity
67
0
8
0
62
256
6
ByLayer
370
-1
48
1.0
60
0
100
AcDbLine
10
62.2070007324219
20
-67.6911010742188
30
0.0
11
60.6913986206055
21
-68.5661010742188
31
0.0
39
0.0
210
0.0
220
0.0
230
1.0
0
LINE
5
277
330
17
100
AcDbEntity
67
0
8
0
62
256
6
ByLayer
370
-1
48
1.0
60
0
100
AcDbLine
10
60.6913986206055
20
-68.5661010742188
30
0.0
11
60.6913986206055
21
-70.3161010742188
31
0.0
39
0.0
210
0.0
220
0.0
230
1.0
0
LINE
5
278
330
17
100
AcDbEntity
67
0
8
0
62
256
6
ByLayer
370
-1
48
1.0
60
0
100
AcDbLine
10
60.6913986206055
20
-70.3161010742188
30
0.0
11
62.2070007324219
21
-71.1911010742188
31
0.0
39
0.0
210
0.0
220
0.0
230
1.0
0
LINE
5
279
330
17
100
AcDbEntity
67
0
8
0
62
256
6
ByLayer
370
-1
48
1.0
60
0
100
AcDbLine
10
62.2070007324219
20
-71.1911010742188
30
0.0
11
63.7224998474121
21
-70.3161010742188
31
0.0
39
0.0
210
0.0
220
0.0
230
1.0
0
LINE
5
27A
330
17
100
AcDbEntity
67
0
8
0
62
256
6
ByLayer
370
-1
48
1.0
60
0
100
AcDbLine
10
63.7224998474121
20
-70.3161010742188
30
0.0
11
63.7224998474121
21
-68.5661010742188
31
0.0
39
0.0
210
0.0
220
0.0
230
1.0
0
LINE
5
27B
330
17
100
AcDbEntity
67
0
8
0
62
256
6
ByLayer
370
-1
48
1.0
60
0
100
AcDbLine
10
67.2536010742188
20
-68.5661010742188
30
0.0
11
65.7380981445313
21
-67.6911010742188
31
0.0
39
0.0
210
0.0
220
0.0
230
1.0
0
LINE
5
27C
330
17
100
AcDbEntity
67
0
8
0
62
256
6
ByLayer
370
-1
48
1.0
60
0
100
AcDbLine
10
65.7380981445313
20
-67.6911010742188
30
0.0
11
64.2225036621094
21
-68.5661010742188
31
0.0
39
0.0
210
0.0
220
0.0
230
1.0
0
LINE
5
27D
330
17
100
AcDbEntity
67
0
8
0
62
256
6
ByLayer
370
-1
48
1.0
60
0
100
AcDbLine
10
64.2225036621094
20
-68.5661010742188
30
0.0
11
64.2225036621094
21
-70.3161010742188
31
0.0
39
0.0
210
0.0
220
0.0
230
1.0
0
LINE
5
27E
330
17
100
AcDbEntity
67
0
8
0
62
256
6
ByLayer
370
-1
48
1.0
60
0
100
AcDbLine
10
64.2225036621094
20
-70.3161010742188
30
0.0
11
65.7380981445313
21
-71.1911010742188
31
0.0
39
0.0
210
0.0
220
0.0
230
1.0
0
LINE
5
27F
330
17
100
AcDbEntity
67
0
8
0
62
256
6
ByLayer
370
-1
48
1.0
60
0
100
AcDbLine
10
65.7380981445313
20
-71.1911010742188
30
0.0
11
67.2536010742188
21
-70.3161010742188
31
0.0
39
0.0
210
0.0
220
0.0
230
1.0
0
LINE
5
280
330
17
100
AcDbEntity
67
0
8
0
62
256
6
ByLayer
370
-1
48
1.0
60
0
100
AcDbLine
10
67.2536010742188
20
-70.3161010742188
30
0.0
11
67.2536010742188
21
-68.5661010742188
31
0.0
39
0.0
210
0.0
220
0.0
230
1.0
0
LINE
5
281
330
17
100
AcDbEntity
67
0
8
0
62
256
6
ByLayer
370
-1
48
1.0
60
0
100
AcDbLine
10
70.7846984863281
20
-68.5661010742188
30
0.0
11
69.2692031860352
21
-67.6911010742188
31
0.0
39
0.0
210
0.0
220
0.0
230
1.0
0
LINE
5
282
330
17
100
AcDbEntity
67
0
8
0
62
256
6
ByLayer
370
-1
48
1.0
60
0
100
AcDbLine
10
69.2692031860352
20
-67.6911010742188
30
0.0
11
67.7536010742188
21
-68.5661010742188
31
0.0
39
0.0
210
0.0
220
0.0
230
1.0
0
LINE
5
283
330
17
100
AcDbEntity
67
0
8
0
62
256
6
ByLayer
370
-1
48
1.0
60
0
100
AcDbLine
10
67.7536010742188
20
-68.5661010742188
30
0.0
11
67.7536010742188
21
-70.3161010742188
31
0.0
39
0.0
210
0.0
220
0.0
230
1.0
0
LINE
5
284
330
17
100
AcDbEntity
67
0
8
0
62
256
6
ByLayer
370
-1
48
1.0
60
0
100
AcDbLine
10
67.7536010742188
20
-70.3161010742188
30
0.0
11
69.2692031860352
21
-71.1911010742188
31
0.0
39
0.0
210
0.0
220
0.0
230
1.0
0
LINE
5
285
330
17
100
AcDbEntity
67
0
8
0
62
256
6
ByLayer
370
-1
48
1.0
60
0
100
AcDbLine
10
69.2692031860352
20
-71.1911010742188
30
0.0
11
70.7846984863281
21
-70.3161010742188
31
0.0
39
0.0
210
0.0
220
0.0
230
1.0
0
LINE
5
286
330
17
100
AcDbEntity
67
0
8
0
62
256
6
ByLayer
370
-1
48
1.0
60
0
100
AcDbLine
10
70.7846984863281
20
-70.3161010742188
30
0.0
11
70.7846984863281
21
-68.5661010742188
31
0.0
39
0.0
210
0.0
220
0.0
230
1.0
0
LINE
5
287
330
17
100
AcDbEntity
67
0
8
0
62
256
6
ByLayer
370
-1
48
1.0
60
0
100
AcDbLine
10
74.3159027099609
20
-68.5661010742188
30
0.0
11
72.8003005981445
21
-67.6911010742188
31
0.0
39
0.0
210
0.0
220
0.0
230
1.0
0
LINE
5
288
330
17
100
AcDbEntity
67
0
8
0
62
256
6
ByLayer
370
-1
48
1.0
60
0
100
AcDbLine
10
72.8003005981445
20
-67.6911010742188
30
0.0
11
71.2846984863281
21
-68.5661010742188
31
0.0
39
0.0
210
0.0
220
0.0
230
1.0
0
LINE
5
289
330
17
100
AcDbEntity
67
0
8
0
62
256
6
ByLayer
370
-1
48
1.0
60
0
100
AcDbLine
10
71.2846984863281
20
-68.5661010742188
30
0.0
11
71.2846984863281
21
-70.3161010742188
31
0.0
39
0.0
210
0.0
220
0.0
230
1.0
0
LINE
5
28A
330
17
100
AcDbEntity
67
0
8
0
62
256
6
ByLayer
370
-1
48
1.0
60
0
100
AcDbLine
10
71.2846984863281
20
-70.3161010742188
30
0.0
11
72.8003005981445
21
-71.1911010742188
31
0.0
39
0.0
210
0.0
220
0.0
230
1.0
0
LINE
5
28B
330
17
100
AcDbEntity
67
0
8
0
62
256
6
ByLayer
370
-1
48
1.0
60
0
100
AcDbLine
10
72.8003005981445
20
-71.1911010742188
30
0.0
11
74.3159027099609
21
-70.3161010742188
31
0.0
39
0.0
210
0.0
220
0.0
230
1.0
0
LINE
5
28C
330
17
100
AcDbEntity
67
0
8
0
62
256
6
ByLayer
370
-1
48
1.0
60
0
100
AcDbLine
10
74.3159027099609
20
-70.3161010742188
30
0.0
11
74.3159027099609
21
-68.5661010742188
31
0.0
39
0.0
210
0.0
220
0.0
230
1.0
0
LINE
5
28D
330
17
100
AcDbEntity
67
0
8
0
62
256
6
ByLayer
370
-1
48
1.0
60
0
100
AcDbLine
10
77.8470001220703
20
-68.5661010742188
30
0.0
11
76.3313980102539
21
-67.6911010742188
31
0.0
39
0.0
210
0.0
220
0.0
230
1.0
0
LINE
5
28E
330
17
100
AcDbEntity
67
0
8
0
62
256
6
ByLayer
370
-1
48
1.0
60
0
100
AcDbLine
10
76.3313980102539
20
-67.6911010742188
30
0.0
11
74.8159027099609
21
-68.5661010742188
31
0.0
39
0.0
210
0.0
220
0.0
230
1.0
0
LINE
5
28F
330
17
100
AcDbEntity
67
0
8
0
62
256
6
ByLayer
370
-1
48
1.0
60
0
100
AcDbLine
10
74.8159027099609
20
-68.5661010742188
30
0.0
11
74.8159027099609
21
-70.3161010742188
31
0.0
39
0.0
210
0.0
220
0.0
230
1.0
0
LINE
5
290
330
17
100
AcDbEntity
67
0
8
0
62
256
6
ByLayer
370
-1
48
1.0
60
0
100
AcDbLine
10
74.8159027099609
20
-70.3161010742188
30
0.0
11
76.3313980102539
21
-71.1911010742188
31
0.0
39
0.0
210
0.0
220
0.0
230
1.0
0
LINE
5
291
330
17
100
AcDbEntity
67
0
8
0
62
256
6
ByLayer
370
-1
48
1.0
60
0
100
AcDbLine
10
76.3313980102539
20
-71.1911010742188
30
0.0
11
77.8470001220703
21
-70.3161010742188
31
0.0
39
0.0
210
0.0
220
0.0
230
1.0
0
LINE
5
292
330
17
100
AcDbEntity
67
0
8
0
62
256
6
ByLayer
370
-1
48
1.0
60
0
100
AcDbLine
10
77.8470001220703
20
-70.3161010742188
30
0.0
11
77.8470001220703
21
-68.5661010742188
31
0.0
39
0.0
210
0.0
220
0.0
230
1.0
0
LINE
5
293
330
17
100
AcDbEntity
67
0
8
0
62
256
6
ByLayer
370
-1
48
1.0
60
0
100
AcDbLine
10
81.3780975341797
20
-68.5661010742188
30
0.0
11
79.8625030517578
21
-67.6911010742188
31
0.0
39
0.0
210
0.0
220
0.0
230
1.0
0
LINE
5
294
330
17
100
AcDbEntity
67
0
8
0
62
256
6
ByLayer
370
-1
48
1.0
60
0
100
AcDbLine
10
79.8625030517578
20
-67.6911010742188
30
0.0
11
78.3470001220703
21
-68.5661010742188
31
0.0
39
0.0
210
0.0
220
0.0
230
1.0
0
LINE
5
295
330
17
100
AcDbEntity
67
0
8
0
62
256
6
ByLayer
370
-1
48
1.0
60
0
100
AcDbLine
10
78.3470001220703
20
-68.5661010742188
30
0.0
11
78.3470001220703
21
-70.3161010742188
31
0.0
39
0.0
210
0.0
220
0.0
230
1.0
0
LINE
5
296
330
17
100
AcDbEntity
67
0
8
0
62
256
6
ByLayer
370
-1
48
1.0
60
0
100
AcDbLine
10
78.3470001220703
20
-70.3161010742188
30
0.0
11
79.8625030517578
21
-71.1911010742188
31
0.0
39
0.0
210
0.0
220
0.0
230
1.0
0
LINE
5
297
330
17
100
AcDbEntity
67
0
8
0
62
256
6
ByLayer
370
-1
48
1.0
60
0
100
AcDbLine
10
79.8625030517578
20
-71.1911010742188
30
0.0
11
81.3780975341797
21
-70.3161010742188
31
0.0
39
0.0
210
0.0
220
0.0
230
1.0
0
LINE
5
298
330
17
100
AcDbEntity
67
0
8
0
62
256
6
ByLayer
370
-1
48
1.0
60
0
100
AcDbLine
10
81.3780975341797
20
-70.3161010742188
30
0.0
11
81.3780975341797
21
-68.5661010742188
31
0.0
39
0.0
210
0.0
220
0.0
230
1.0
0
LINE
5
299
330
17
100
AcDbEntity
67
0
8
0
62
256
6
ByLayer
370
-1
48
1.0
60
0
100
AcDbLine
10
83.6946029663086
20
-71.0173034667969
30
0.0
11
83.3936004638672
21
-71.1911010742188
31
0.0
39
0.0
210
0.0
220
0.0
230
1.0
0
LINE
5
29A
330
17
100
AcDbEntity
67
0
8
0
62
256
6
ByLayer
370
-1
48
1.0
60
0
100
AcDbLine
10
83.3936004638672
20
-71.1911010742188
30
0.0
11
81.8780975341797
21
-70.3161010742188
31
0.0
39
0.0
210
0.0
220
0.0
230
1.0
0
LINE
5
29B
330
17
100
AcDbEntity
67
0
8
0
62
256
6
ByLayer
370
-1
48
1.0
60
0
100
AcDbLine
10
81.8780975341797
20
-70.3161010742188
30
0.0
11
81.8780975341797
21
-68.5661010742188
31
0.0
39
0.0
210
0.0
220
0.0
230
1.0
0
LINE
5
29C
330
17
100
AcDbEntity
67
0
8
0
62
256
6
ByLayer
370
-1
48
1.0
60
0
100
AcDbLine
10
81.8780975341797
20
-68.5661010742188
30
0.0
11
82.3515014648438
21
-68.2928009033203
31
0.0
39
0.0
210
0.0
220
0.0
230
1.0
0
LINE
5
29D
330
17
100
AcDbEntity
67
0
8
0
62
256
6
ByLayer
370
-1
48
1.0
60
0
100
AcDbLine
10
82.3515014648438
20
-68.2928009033203
30
0.0
11
83.6946029663086
21
-71.0173034667969
31
0.0
39
0.0
210
0.0
220
0.0
230
1.0
0
LINE
5
29E
330
17
100
AcDbEntity
67
0
8
0
62
256
6
ByLayer
370
-1
48
1.0
60
0
100
AcDbLine
10
42.5555992126465
20
-64.765998840332
30
0.0
11
42.7858009338379
21
-64.6330032348633
31
0.0
39
0.0
210
0.0
220
0.0
230
1.0
0
LINE
5
29F
330
17
100
AcDbEntity
67
0
8
0
62
256
6
ByLayer
370
-1
48
1.0
60
0
100
AcDbLine
10
42.7858009338379
20
-64.6330032348633
30
0.0
11
44.301399230957
21
-65.5080032348633
31
0.0
39
0.0
210
0.0
220
0.0
230
1.0
0
LINE
5
2A0
330
17
100
AcDbEntity
67
0
8
0
62
256
6
ByLayer
370
-1
48
1.0
60
0
100
AcDbLine
10
44.301399230957
20
-65.5080032348633
30
0.0
11
44.301399230957
21
-67.2580032348633
31
0.0
39
0.0
210
0.0
220
0.0
230
1.0
0
LINE
5
2A1
330
17
100
AcDbEntity
67
0
8
0
62
256
6
ByLayer
370
-1
48
1.0
60
0
100
AcDbLine
10
44.301399230957
20
-67.2580032348633
30
0.0
11
43.6608009338379
21
-67.6278991699219
31
0.0
39
0.0
210
0.0
220
0.0
230
1.0
0
LINE
5
2A2
330
17
100
AcDbEntity
67
0
8
0
62
256
6
ByLayer
370
-1
48
1.0
60
0
100
AcDbLine
10
43.6608009338379
20
-67.6278991699219
30
0.0
11
42.5555992126465
21
-64.765998840332
31
0.0
39
0.0
210
0.0
220
0.0
230
1.0
0
LINE
5
2A3
330
17
100
AcDbEntity
67
0
8
0
62
256
6
ByLayer
370
-1
48
1.0
60
0
100
AcDbLine
10
47.8325004577637
20
-65.5080032348633
30
0.0
11
46.3168983459473
21
-64.6330032348633
31
0.0
39
0.0
210
0.0
220
0.0
230
1.0
0
LINE
5
2A4
330
17
100
AcDbEntity
67
0
8
0
62
256
6
ByLayer
370
-1
48
1.0
60
0
100
AcDbLine
10
46.3168983459473
20
-64.6330032348633
30
0.0
11
44.801399230957
21
-65.5080032348633
31
0.0
39
0.0
210
0.0
220
0.0
230
1.0
0
LINE
5
2A5
330
17
100
AcDbEntity
67
0
8
0
62
256
6
ByLayer
370
-1
48
1.0
60
0
100
AcDbLine
10
44.801399230957
20
-65.5080032348633
30
0.0
11
44.801399230957
21
-67.2580032348633
31
0.0
39
0.0
210
0.0
220
0.0
230
1.0
0
LINE
5
2A6
330
17
100
AcDbEntity
67
0
8
0
62
256
6
ByLayer
370
-1
48
1.0
60
0
100
AcDbLine
10
44.801399230957
20
-67.2580032348633
30
0.0
11
46.3168983459473
21
-68.1331024169922
31
0.0
39
0.0
210
0.0
220
0.0
230
1.0
0
LINE
5
2A7
330
17
100
AcDbEntity
67
0
8
0
62
256
6
ByLayer
370
-1
48
1.0
60
0
100
AcDbLine
10
46.3168983459473
20
-68.1331024169922
30
0.0
11
47.8325004577637
21
-67.2580032348633
31
0.0
39
0.0
210
0.0
220
0.0
230
1.0
0
LINE
5
2A8
330
17
100
AcDbEntity
67
0
8
0
62
256
6
ByLayer
370
-1
48
1.0
60
0
100
AcDbLine
10
47.8325004577637
20
-67.2580032348633
30
0.0
11
47.8325004577637
21
-65.5080032348633
31
0.0
39
0.0
210
0.0
220
0.0
230
1.0
0
LINE
5
2A9
330
17
100
AcDbEntity
67
0
8
0
62
256
6
ByLayer
370
-1
48
1.0
60
0
100
AcDbLine
10
51.3636016845703
20
-65.5080032348633
30
0.0
11
49.8480987548828
21
-64.6330032348633
31
0.0
39
0.0
210
0.0
220
0.0
230
1.0
0
LINE
5
2AA
330
17
100
AcDbEntity
67
0
8
0
62
256
6
ByLayer
370
-1
48
1.0
60
0
100
AcDbLine
10
49.8480987548828
20
-64.6330032348633
30
0.0
11
48.3325004577637
21
-65.5080032348633
31
0.0
39
0.0
210
0.0
220
0.0
230
1.0
0
LINE
5
2AB
330
17
100
AcDbEntity
67
0
8
0
62
256
6
ByLayer
370
-1
48
1.0
60
0
100
AcDbLine
10
48.3325004577637
20
-65.5080032348633
30
0.0
11
48.3325004577637
21
-67.2580032348633
31
0.0
39
0.0
210
0.0
220
0.0
230
1.0
0
LINE
5
2AC
330
17
100
AcDbEntity
67
0
8
0
62
256
6
ByLayer
370
-1
48
1.0
60
0
100
AcDbLine
10
48.3325004577637
20
-67.2580032348633
30
0.0
11
49.8480987548828
21
-68.1331024169922
31
0.0
39
0.0
210
0.0
220
0.0
230
1.0
0
LINE
5
2AD
330
17
100
AcDbEntity
67
0
8
0
62
256
6
ByLayer
370
-1
48
1.0
60
0
100
AcDbLine
10
49.8480987548828
20
-68.1331024169922
30
0.0
11
51.3636016845703
21
-67.2580032348633
31
0.0
39
0.0
210
0.0
220
0.0
230
1.0
0
LINE
5
2AE
330
17
100
AcDbEntity
67
0
8
0
62
256
6
ByLayer
370
-1
48
1.0
60
0
100
AcDbLine
10
51.3636016845703
20
-67.2580032348633
30
0.0
11
51.3636016845703
21
-65.5080032348633
31
0.0
39
0.0
210
0.0
220
0.0
230
1.0
0
LINE
5
2AF
330
17
100
AcDbEntity
67
0
8
0
62
256
6
ByLayer
370
-1
48
1.0
60
0
100
AcDbLine
10
54.8946990966797
20
-65.5080032348633
30
0.0
11
53.3791999816895
21
-64.6330032348633
31
0.0
39
0.0
210
0.0
220
0.0
230
1.0
0
LINE
5
2B0
330
17
100
AcDbEntity
67
0
8
0
62
256
6
ByLayer
370
-1
48
1.0
60
0
100
AcDbLine
10
53.3791999816895
20
-64.6330032348633
30
0.0
11
51.8636016845703
21
-65.5080032348633
31
0.0
39
0.0
210
0.0
220
0.0
230
1.0
0
LINE
5
2B1
330
17
100
AcDbEntity
67
0
8
0
62
256
6
ByLayer
370
-1
48
1.0
60
0
100
AcDbLine
10
51.8636016845703
20
-65.5080032348633
30
0.0
11
51.8636016845703
21
-67.2580032348633
31
0.0
39
0.0
210
0.0
220
0.0
230
1.0
0
LINE
5
2B2
330
17
100
AcDbEntity
67
0
8
0
62
256
6
ByLayer
370
-1
48
1.0
60
0
100
AcDbLine
10
51.8636016845703
20
-67.2580032348633
30
0.0
11
53.3791999816895
21
-68.1331024169922
31
0.0
39
0.0
210
0.0
220
0.0
230
1.0
0
LINE
5
2B3
330
17
100
AcDbEntity
67
0
8
0
62
256
6
ByLayer
370
-1
48
1.0
60
0
100
AcDbLine
10
53.3791999816895
20
-68.1331024169922
30
0.0
11
54.8946990966797
21
-67.2580032348633
31
0.0
39
0.0
210
0.0
220
0.0
230
1.0
0
LINE
5
2B4
330
17
100
AcDbEntity
67
0
8
0
62
256
6
ByLayer
370
-1
48
1.0
60
0
100
AcDbLine
10
54.8946990966797
20
-67.2580032348633
30
0.0
11
54.8946990966797
21
-65.5080032348633
31
0.0
39
0.0
210
0.0
220
0.0
230
1.0
0
LINE
5
2B5
330
17
100
AcDbEntity
67
0
8
0
62
256
6
ByLayer
370
-1
48
1.0
60
0
100
AcDbLine
10
58.4258003234863
20
-65.5080032348633
30
0.0
11
56.9103012084961
21
-64.6330032348633
31
0.0
39
0.0
210
0.0
220
0.0
230
1.0
0
LINE
5
2B6
330
17
100
AcDbEntity
67
0
8
0
62
256
6
ByLayer
370
-1
48
1.0
60
0
100
AcDbLine
10
56.9103012084961
20
-64.6330032348633
30
0.0
11
55.3946990966797
21
-65.5080032348633
31
0.0
39
0.0
210
0.0
220
0.0
230
1.0
0
LINE
5
2B7
330
17
100
AcDbEntity
67
0
8
0
62
256
6
ByLayer
370
-1
48
1.0
60
0
100
AcDbLine
10
55.3946990966797
20
-65.5080032348633
30
0.0
11
55.3946990966797
21
-67.2580032348633
31
0.0
39
0.0
210
0.0
220
0.0
230
1.0
0
LINE
5
2B8
330
17
100
AcDbEntity
67
0
8
0
62
256
6
ByLayer
370
-1
48
1.0
60
0
100
AcDbLine
10
55.3946990966797
20
-67.2580032348633
30
0.0
11
56.9103012084961
21
-68.1331024169922
31
0.0
39
0.0
210
0.0
220
0.0
230
1.0
0
LINE
5
2B9
330
17
100
AcDbEntity
67
0
8
0
62
256
6
ByLayer
370
-1
48
1.0
60
0
100
AcDbLine
10
56.9103012084961
20
-68.1331024169922
30
0.0
11
58.4258003234863
21
-67.2580032348633
31
0.0
39
0.0
210
0.0
220
0.0
230
1.0
0
LINE
5
2BA
330
17
100
AcDbEntity
67
0
8
0
62
256
6
ByLayer
370
-1
48
1.0
60
0
100
AcDbLine
10
58.4258003234863
20
-67.2580032348633
30
0.0
11
58.4258003234863
21
-65.5080032348633
31
0.0
39
0.0
210
0.0
220
0.0
230
1.0
0
LINE
5
2BB
330
17
100
AcDbEntity
67
0
8
0
62
256
6
ByLayer
370
-1
48
1.0
60
0
100
AcDbLine
10
61.9570007324219
20
-65.5080032348633
30
0.0
11
60.4413986206055
21
-64.6330032348633
31
0.0
39
0.0
210
0.0
220
0.0
230
1.0
0
LINE
5
2BC
330
17
100
AcDbEntity
67
0
8
0
62
256
6
ByLayer
370
-1
48
1.0
60
0
100
AcDbLine
10
60.4413986206055
20
-64.6330032348633
30
0.0
11
58.9258003234863
21
-65.5080032348633
31
0.0
39
0.0
210
0.0
220
0.0
230
1.0
0
LINE
5
2BD
330
17
100
AcDbEntity
67
0
8
0
62
256
6
ByLayer
370
-1
48
1.0
60
0
100
AcDbLine
10
58.9258003234863
20
-65.5080032348633
30
0.0
11
58.9258003234863
21
-67.2580032348633
31
0.0
39
0.0
210
0.0
220
0.0
230
1.0
0
LINE
5
2BE
330
17
100
AcDbEntity
67
0
8
0
62
256
6
ByLayer
370
-1
48
1.0
60
0
100
AcDbLine
10
58.9258003234863
20
-67.2580032348633
30
0.0
11
60.4413986206055
21
-68.1331024169922
31
0.0
39
0.0
210
0.0
220
0.0
230
1.0
0
LINE
5
2BF
330
17
100
AcDbEntity
67
0
8
0
62
256
6
ByLayer
370
-1
48
1.0
60
0
100
AcDbLine
10
60.4413986206055
20
-68.1331024169922
30
0.0
11
61.9570007324219
21
-67.2580032348633
31
0.0
39
0.0
210
0.0
220
0.0
230
1.0
0
LINE
5
2C0
330
17
100
AcDbEntity
67
0
8
0
62
256
6
ByLayer
370
-1
48
1.0
60
0
100
AcDbLine
10
61.9570007324219
20
-67.2580032348633
30
0.0
11
61.9570007324219
21
-65.5080032348633
31
0.0
39
0.0
210
0.0
220
0.0
230
1.0
0
LINE
5
2C1
330
17
100
AcDbEntity
67
0
8
0
62
256
6
ByLayer
370
-1
48
1.0
60
0
100
AcDbLine
10
65.4880981445313
20
-65.5080032348633
30
0.0
11
63.9724998474121
21
-64.6330032348633
31
0.0
39
0.0
210
0.0
220
0.0
230
1.0
0
LINE
5
2C2
330
17
100
AcDbEntity
67
0
8
0
62
256
6
ByLayer
370
-1
48
1.0
60
0
100
AcDbLine
10
63.9724998474121
20
-64.6330032348633
30
0.0
11
62.4570007324219
21
-65.5080032348633
31
0.0
39
0.0
210
0.0
220
0.0
230
1.0
0
LINE
5
2C3
330
17
100
AcDbEntity
67
0
8
0
62
256
6
ByLayer
370
-1
48
1.0
60
0
100
AcDbLine
10
62.4570007324219
20
-65.5080032348633
30
0.0
11
62.4570007324219
21
-67.2580032348633
31
0.0
39
0.0
210
0.0
220
0.0
230
1.0
0
LINE
5
2C4
330
17
100
AcDbEntity
67
0
8
0
62
256
6
ByLayer
370
-1
48
1.0
60
0
100
AcDbLine
10
62.4570007324219
20
-67.2580032348633
30
0.0
11
63.9724998474121
21
-68.1331024169922
31
0.0
39
0.0
210
0.0
220
0.0
230
1.0
0
LINE
5
2C5
330
17
100
AcDbEntity
67
0
8
0
62
256
6
ByLayer
370
-1
48
1.0
60
0
100
AcDbLine
10
63.9724998474121
20
-68.1331024169922
30
0.0
11
65.4880981445313
21
-67.2580032348633
31
0.0
39
0.0
210
0.0
220
0.0
230
1.0
0
LINE
5
2C6
330
17
100
AcDbEntity
67
0
8
0
62
256
6
ByLayer
370
-1
48
1.0
60
0
100
AcDbLine
10
65.4880981445313
20
-67.2580032348633
30
0.0
11
65.4880981445313
21
-65.5080032348633
31
0.0
39
0.0
210
0.0
220
0.0
230
1.0
0
LINE
5
2C7
330
17
100
AcDbEntity
67
0
8
0
62
256
6
ByLayer
370
-1
48
1.0
60
0
100
AcDbLine
10
69.0192031860352
20
-65.5080032348633
30
0.0
11
67.5036010742188
21
-64.6330032348633
31
0.0
39
0.0
210
0.0
220
0.0
230
1.0
0
LINE
5
2C8
330
17
100
AcDbEntity
67
0
8
0
62
256
6
ByLayer
370
-1
48
1.0
60
0
100
AcDbLine
10
67.5036010742188
20
-64.6330032348633
30
0.0
11
65.9880981445313
21
-65.5080032348633
31
0.0
39
0.0
210
0.0
220
0.0
230
1.0
0
LINE
5
2C9
330
17
100
AcDbEntity
67
0
8
0
62
256
6
ByLayer
370
-1
48
1.0
60
0
100
AcDbLine
10
65.9880981445313
20
-65.5080032348633
30
0.0
11
65.9880981445313
21
-67.2580032348633
31
0.0
39
0.0
210
0.0
220
0.0
230
1.0
0
LINE
5
2CA
330
17
100
AcDbEntity
67
0
8
0
62
256
6
ByLayer
370
-1
48
1.0
60
0
100
AcDbLine
10
65.9880981445313
20
-67.2580032348633
30
0.0
11
67.5036010742188
21
-68.1331024169922
31
0.0
39
0.0
210
0.0
220
0.0
230
1.0
0
LINE
5
2CB
330
17
100
AcDbEntity
67
0
8
0
62
256
6
ByLayer
370
-1
48
1.0
60
0
100
AcDbLine
10
67.5036010742188
20
-68.1331024169922
30
0.0
11
69.0192031860352
21
-67.2580032348633
31
0.0
39
0.0
210
0.0
220
0.0
230
1.0
0
LINE
5
2CC
330
17
100
AcDbEntity
67
0
8
0
62
256
6
ByLayer
370
-1
48
1.0
60
0
100
AcDbLine
10
69.0192031860352
20
-67.2580032348633
30
0.0
11
69.0192031860352
21
-65.5080032348633
31
0.0
39
0.0
210
0.0
220
0.0
230
1.0
0
LINE
5
2CD
330
17
100
AcDbEntity
67
0
8
0
62
256
6
ByLayer
370
-1
48
1.0
60
0
100
AcDbLine
10
72.5503005981445
20
-65.5080032348633
30
0.0
11
71.0346984863281
21
-64.6330032348633
31
0.0
39
0.0
210
0.0
220
0.0
230
1.0
0
LINE
5
2CE
330
17
100
AcDbEntity
67
0
8
0
62
256
6
ByLayer
370
-1
48
1.0
60
0
100
AcDbLine
10
71.0346984863281
20
-64.6330032348633
30
0.0
11
69.5192031860352
21
-65.5080032348633
31
0.0
39
0.0
210
0.0
220
0.0
230
1.0
0
LINE
5
2CF
330
17
100
AcDbEntity
67
0
8
0
62
256
6
ByLayer
370
-1
48
1.0
60
0
100
AcDbLine
10
69.5192031860352
20
-65.5080032348633
30
0.0
11
69.5192031860352
21
-67.2580032348633
31
0.0
39
0.0
210
0.0
220
0.0
230
1.0
0
LINE
5
2D0
330
17
100
AcDbEntity
67
0
8
0
62
256
6
ByLayer
370
-1
48
1.0
60
0
100
AcDbLine
10
69.5192031860352
20
-67.2580032348633
30
0.0
11
71.0346984863281
21
-68.1331024169922
31
0.0
39
0.0
210
0.0
220
0.0
230
1.0
0
LINE
5
2D1
330
17
100
AcDbEntity
67
0
8
0
62
256
6
ByLayer
370
-1
48
1.0
60
0
100
AcDbLine
10
71.0346984863281
20
-68.1331024169922
30
0.0
11
72.5503005981445
21
-67.2580032348633
31
0.0
39
0.0
210
0.0
220
0.0
230
1.0
0
LINE
5
2D2
330
17
100
AcDbEntity
67
0
8
0
62
256
6
ByLayer
370
-1
48
1.0
60
0
100
AcDbLine
10
72.5503005981445
20
-67.2580032348633
30
0.0
11
72.5503005981445
21
-65.5080032348633
31
0.0
39
0.0
210
0.0
220
0.0
230
1.0
0
LINE
5
2D3
330
17
100
AcDbEntity
67
0
8
0
62
256
6
ByLayer
370
-1
48
1.0
60
0
100
AcDbLine
10
76.0813980102539
20
-65.5080032348633
30
0.0
11
74.5659027099609
21
-64.6330032348633
31
0.0
39
0.0
210
0.0
220
0.0
230
1.0
0
LINE
5
2D4
330
17
100
AcDbEntity
67
0
8
0
62
256
6
ByLayer
370
-1
48
1.0
60
0
100
AcDbLine
10
74.5659027099609
20
-64.6330032348633
30
0.0
11
73.0503005981445
21
-65.5080032348633
31
0.0
39
0.0
210
0.0
220
0.0
230
1.0
0
LINE
5
2D5
330
17
100
AcDbEntity
67
0
8
0
62
256
6
ByLayer
370
-1
48
1.0
60
0
100
AcDbLine
10
73.0503005981445
20
-65.5080032348633
30
0.0
11
73.0503005981445
21
-67.2580032348633
31
0.0
39
0.0
210
0.0
220
0.0
230
1.0
0
LINE
5
2D6
330
17
100
AcDbEntity
67
0
8
0
62
256
6
ByLayer
370
-1
48
1.0
60
0
100
AcDbLine
10
73.0503005981445
20
-67.2580032348633
30
0.0
11
74.5659027099609
21
-68.1331024169922
31
0.0
39
0.0
210
0.0
220
0.0
230
1.0
0
LINE
5
2D7
330
17
100
AcDbEntity
67
0
8
0
62
256
6
ByLayer
370
-1
48
1.0
60
0
100
AcDbLine
10
74.5659027099609
20
-68.1331024169922
30
0.0
11
76.0813980102539
21
-67.2580032348633
31
0.0
39
0.0
210
0.0
220
0.0
230
1.0
0
LINE
5
2D8
330
17
100
AcDbEntity
67
0
8
0
62
256
6
ByLayer
370
-1
48
1.0
60
0
100
AcDbLine
10
76.0813980102539
20
-67.2580032348633
30
0.0
11
76.0813980102539
21
-65.5080032348633
31
0.0
39
0.0
210
0.0
220
0.0
230
1.0
0
LINE
5
2D9
330
17
100
AcDbEntity
67
0
8
0
62
256
6
ByLayer
370
-1
48
1.0
60
0
100
AcDbLine
10
79.6125030517578
20
-65.5080032348633
30
0.0
11
78.0970001220703
21
-64.6330032348633
31
0.0
39
0.0
210
0.0
220
0.0
230
1.0
0
LINE
5
2DA
330
17
100
AcDbEntity
67
0
8
0
62
256
6
ByLayer
370
-1
48
1.0
60
0
100
AcDbLine
10
78.0970001220703
20
-64.6330032348633
30
0.0
11
76.5813980102539
21
-65.5080032348633
31
0.0
39
0.0
210
0.0
220
0.0
230
1.0
0
LINE
5
2DB
330
17
100
AcDbEntity
67
0
8
0
62
256
6
ByLayer
370
-1
48
1.0
60
0
100
AcDbLine
10
76.5813980102539
20
-65.5080032348633
30
0.0
11
76.5813980102539
21
-67.2580032348633
31
0.0
39
0.0
210
0.0
220
0.0
230
1.0
0
LINE
5
2DC
330
17
100
AcDbEntity
67
0
8
0
62
256
6
ByLayer
370
-1
48
1.0
60
0
100
AcDbLine
10
76.5813980102539
20
-67.2580032348633
30
0.0
11
78.0970001220703
21
-68.1331024169922
31
0.0
39
0.0
210
0.0
220
0.0
230
1.0
0
LINE
5
2DD
330
17
100
AcDbEntity
67
0
8
0
62
256
6
ByLayer
370
-1
48
1.0
60
0
100
AcDbLine
10
78.0970001220703
20
-68.1331024169922
30
0.0
11
79.6125030517578
21
-67.2580032348633
31
0.0
39
0.0
210
0.0
220
0.0
230
1.0
0
LINE
5
2DE
330
17
100
AcDbEntity
67
0
8
0
62
256
6
ByLayer
370
-1
48
1.0
60
0
100
AcDbLine
10
79.6125030517578
20
-67.2580032348633
30
0.0
11
79.6125030517578
21
-65.5080032348633
31
0.0
39
0.0
210
0.0
220
0.0
230
1.0
0
LINE
5
2DF
330
17
100
AcDbEntity
67
0
8
0
62
256
6
ByLayer
370
-1
48
1.0
60
0
100
AcDbLine
10
82.1298980712891
20
-67.8432998657227
30
0.0
11
81.6280975341797
21
-68.1331024169922
31
0.0
39
0.0
210
0.0
220
0.0
230
1.0
0
LINE
5
2E0
330
17
100
AcDbEntity
67
0
8
0
62
256
6
ByLayer
370
-1
48
1.0
60
0
100
AcDbLine
10
81.6280975341797
20
-68.1331024169922
30
0.0
11
80.1125030517578
21
-67.2580032348633
31
0.0
39
0.0
210
0.0
220
0.0
230
1.0
0
LINE
5
2E1
330
17
100
AcDbEntity
67
0
8
0
62
256
6
ByLayer
370
-1
48
1.0
60
0
100
AcDbLine
10
80.1125030517578
20
-67.2580032348633
30
0.0
11
80.1125030517578
21
-65.5080032348633
31
0.0
39
0.0
210
0.0
220
0.0
230
1.0
0
LINE
5
2E2
330
17
100
AcDbEntity
67
0
8
0
62
256
6
ByLayer
370
-1
48
1.0
60
0
100
AcDbLine
10
80.1125030517578
20
-65.5080032348633
30
0.0
11
80.7867965698242
21
-65.1186981201172
31
0.0
39
0.0
210
0.0
220
0.0
230
1.0
0
LINE
5
2E3
330
17
100
AcDbEntity
67
0
8
0
62
256
6
ByLayer
370
-1
48
1.0
60
0
100
AcDbLine
10
80.7867965698242
20
-65.1186981201172
30
0.0
11
82.1298980712891
21
-67.8432998657227
31
0.0
39
0.0
210
0.0
220
0.0
230
1.0
0
LINE
5
2E4
330
17
100
AcDbEntity
67
0
8
0
62
256
6
ByLayer
370
-1
48
1.0
60
0
100
AcDbLine
10
41.4101982116699
20
-61.8000984191895
30
0.0
11
42.5358009338379
21
-62.4500007629395
31
0.0
39
0.0
210
0.0
220
0.0
230
1.0
0
LINE
5
2E5
330
17
100
AcDbEntity
67
0
8
0
62
256
6
ByLayer
370
-1
48
1.0
60
0
100
AcDbLine
10
42.5358009338379
20
-62.4500007629395
30
0.0
11
42.5358009338379
21
-64.1999969482422
31
0.0
39
0.0
210
0.0
220
0.0
230
1.0
0
LINE
5
2E6
330
17
100
AcDbEntity
67
0
8
0
62
256
6
ByLayer
370
-1
48
1.0
60
0
100
AcDbLine
10
42.5358009338379
20
-64.1999969482422
30
0.0
11
42.3732986450195
21
-64.2938995361328
31
0.0
39
0.0
210
0.0
220
0.0
230
1.0
0
LINE
5
2E7
330
17
100
AcDbEntity
67
0
8
0
62
256
6
ByLayer
370
-1
48
1.0
60
0
100
AcDbLine
10
42.3732986450195
20
-64.2938995361328
30
0.0
11
41.4101982116699
21
-61.8000984191895
31
0.0
39
0.0
210
0.0
220
0.0
230
1.0
0
LINE
5
2E8
330
17
100
AcDbEntity
67
0
8
0
62
256
6
ByLayer
370
-1
48
1.0
60
0
100
AcDbLine
10
46.0668983459473
20
-62.4500007629395
30
0.0
11
44.551399230957
21
-61.5750007629395
31
0.0
39
0.0
210
0.0
220
0.0
230
1.0
0
LINE
5
2E9
330
17
100
AcDbEntity
67
0
8
0
62
256
6
ByLayer
370
-1
48
1.0
60
0
100
AcDbLine
10
44.551399230957
20
-61.5750007629395
30
0.0
11
43.0358009338379
21
-62.4500007629395
31
0.0
39
0.0
210
0.0
220
0.0
230
1.0
0
LINE
5
2EA
330
17
100
AcDbEntity
67
0
8
0
62
256
6
ByLayer
370
-1
48
1.0
60
0
100
AcDbLine
10
43.0358009338379
20
-62.4500007629395
30
0.0
11
43.0358009338379
21
-64.1999969482422
31
0.0
39
0.0
210
0.0
220
0.0
230
1.0
0
LINE
5
2EB
330
17
100
AcDbEntity
67
0
8
0
62
256
6
ByLayer
370
-1
48
1.0
60
0
100
AcDbLine
10
43.0358009338379
20
-64.1999969482422
30
0.0
11
44.551399230957
21
-65.0749969482422
31
0.0
39
0.0
210
0.0
220
0.0
230
1.0
0
LINE
5
2EC
330
17
100
AcDbEntity
67
0
8
0
62
256
6
ByLayer
370
-1
48
1.0
60
0
100
AcDbLine
10
44.551399230957
20
-65.0749969482422
30
0.0
11
46.0668983459473
21
-64.1999969482422
31
0.0
39
0.0
210
0.0
220
0.0
230
1.0
0
LINE
5
2ED
330
17
100
AcDbEntity
67
0
8
0
62
256
6
ByLayer
370
-1
48
1.0
60
0
100
AcDbLine
10
46.0668983459473
20
-64.1999969482422
30
0.0
11
46.0668983459473
21
-62.4500007629395
31
0.0
39
0.0
210
0.0
220
0.0
230
1.0
0
LINE
5
2EE
330
17
100
AcDbEntity
67
0
8
0
62
256
6
ByLayer
370
-1
48
1.0
60
0
100
AcDbLine
10
49.5980987548828
20
-62.4500007629395
30
0.0
11
48.0825004577637
21
-61.5750007629395
31
0.0
39
0.0
210
0.0
220
0.0
230
1.0
0
LINE
5
2EF
330
17
100
AcDbEntity
67
0
8
0
62
256
6
ByLayer
370
-1
48
1.0
60
0
100
AcDbLine
10
48.0825004577637
20
-61.5750007629395
30
0.0
11
46.5668983459473
21
-62.4500007629395
31
0.0
39
0.0
210
0.0
220
0.0
230
1.0
0
LINE
5
2F0
330
17
100
AcDbEntity
67
0
8
0
62
256
6
ByLayer
370
-1
48
1.0
60
0
100
AcDbLine
10
46.5668983459473
20
-62.4500007629395
30
0.0
11
46.5668983459473
21
-64.1999969482422
31
0.0
39
0.0
210
0.0
220
0.0
230
1.0
0
LINE
5
2F1
330
17
100
AcDbEntity
67
0
8
0
62
256
6
ByLayer
370
-1
48
1.0
60
0
100
AcDbLine
10
46.5668983459473
20
-64.1999969482422
30
0.0
11
48.0825004577637
21
-65.0749969482422
31
0.0
39
0.0
210
0.0
220
0.0
230
1.0
0
LINE
5
2F2
330
17
100
AcDbEntity
67
0
8
0
62
256
6
ByLayer
370
-1
48
1.0
60
0
100
AcDbLine
10
48.0825004577637
20
-65.0749969482422
30
0.0
11
49.5980987548828
21
-64.1999969482422
31
0.0
39
0.0
210
0.0
220
0.0
230
1.0
0
LINE
5
2F3
330
17
100
AcDbEntity
67
0
8
0
62
256
6
ByLayer
370
-1
48
1.0
60
0
100
AcDbLine
10
49.5980987548828
20
-64.1999969482422
30
0.0
11
49.5980987548828
21
-62.4500007629395
31
0.0
39
0.0
210
0.0
220
0.0
230
1.0
0
LINE
5
2F4
330
17
100
AcDbEntity
67
0
8
0
62
256
6
ByLayer
370
-1
48
1.0
60
0
100
AcDbLine
10
53.1291999816895
20
-62.4500007629395
30
0.0
11
51.6136016845703
21
-61.5750007629395
31
0.0
39
0.0
210
0.0
220
0.0
230
1.0
0
LINE
5
2F5
330
17
100
AcDbEntity
67
0
8
0
62
256
6
ByLayer
370
-1
48
1.0
60
0
100
AcDbLine
10
51.6136016845703
20
-61.5750007629395
30
0.0
11
50.0980987548828
21
-62.4500007629395
31
0.0
39
0.0
210
0.0
220
0.0
230
1.0
0
LINE
5
2F6
330
17
100
AcDbEntity
67
0
8
0
62
256
6
ByLayer
370
-1
48
1.0
60
0
100
AcDbLine
10
50.0980987548828
20
-62.4500007629395
30
0.0
11
50.0980987548828
21
-64.1999969482422
31
0.0
39
0.0
210
0.0
220
0.0
230
1.0
0
LINE
5
2F7
330
17
100
AcDbEntity
67
0
8
0
62
256
6
ByLayer
370
-1
48
1.0
60
0
100
AcDbLine
10
50.0980987548828
20
-64.1999969482422
30
0.0
11
51.6136016845703
21
-65.0749969482422
31
0.0
39
0.0
210
0.0
220
0.0
230
1.0
0
LINE
5
2F8
330
17
100
AcDbEntity
67
0
8
0
62
256
6
ByLayer
370
-1
48
1.0
60
0
100
AcDbLine
10
51.6136016845703
20
-65.0749969482422
30
0.0
11
53.1291999816895
21
-64.1999969482422
31
0.0
39
0.0
210
0.0
220
0.0
230
1.0
0
LINE
5
2F9
330
17
100
AcDbEntity
67
0
8
0
62
256
6
ByLayer
370
-1
48
1.0
60
0
100
AcDbLine
10
53.1291999816895
20
-64.1999969482422
30
0.0
11
53.1291999816895
21
-62.4500007629395
31
0.0
39
0.0
210
0.0
220
0.0
230
1.0
0
LINE
5
2FA
330
17
100
AcDbEntity
67
0
8
0
62
256
6
ByLayer
370
-1
48
1.0
60
0
100
AcDbLine
10
56.6603012084961
20
-62.4500007629395
30
0.0
11
55.1446990966797
21
-61.5750007629395
31
0.0
39
0.0
210
0.0
220
0.0
230
1.0
0
LINE
5
2FB
330
17
100
AcDbEntity
67
0
8
0
62
256
6
ByLayer
370
-1
48
1.0
60
0
100
AcDbLine
10
55.1446990966797
20
-61.5750007629395
30
0.0
11
53.6291999816895
21
-62.4500007629395
31
0.0
39
0.0
210
0.0
220
0.0
230
1.0
0
LINE
5
2FC
330
17
100
AcDbEntity
67
0
8
0
62
256
6
ByLayer
370
-1
48
1.0
60
0
100
AcDbLine
10
53.6291999816895
20
-62.4500007629395
30
0.0
11
53.6291999816895
21
-64.1999969482422
31
0.0
39
0.0
210
0.0
220
0.0
230
1.0
0
LINE
5
2FD
330
17
100
AcDbEntity
67
0
8
0
62
256
6
ByLayer
370
-1
48
1.0
60
0
100
AcDbLine
10
53.6291999816895
20
-64.1999969482422
30
0.0
11
55.1446990966797
21
-65.0749969482422
31
0.0
39
0.0
210
0.0
220
0.0
230
1.0
0
LINE
5
2FE
330
17
100
AcDbEntity
67
0
8
0
62
256
6
ByLayer
370
-1
48
1.0
60
0
100
AcDbLine
10
55.1446990966797
20
-65.0749969482422
30
0.0
11
56.6603012084961
21
-64.1999969482422
31
0.0
39
0.0
210
0.0
220
0.0
230
1.0
0
LINE
5
2FF
330
17
100
AcDbEntity
67
0
8
0
62
256
6
ByLayer
370
-1
48
1.0
60
0
100
AcDbLine
10
56.6603012084961
20
-64.1999969482422
30
0.0
11
56.6603012084961
21
-62.4500007629395
31
0.0
39
0.0
210
0.0
220
0.0
230
1.0
0
LINE
5
300
330
17
100
AcDbEntity
67
0
8
0
62
256
6
ByLayer
370
-1
48
1.0
60
0
100
AcDbLine
10
60.1913986206055
20
-62.4500007629395
30
0.0
11
58.6758003234863
21
-61.5750007629395
31
0.0
39
0.0
210
0.0
220
0.0
230
1.0
0
LINE
5
301
330
17
100
AcDbEntity
67
0
8
0
62
256
6
ByLayer
370
-1
48
1.0
60
0
100
AcDbLine
10
58.6758003234863
20
-61.5750007629395
30
0.0
11
57.1603012084961
21
-62.4500007629395
31
0.0
39
0.0
210
0.0
220
0.0
230
1.0
0
LINE
5
302
330
17
100
AcDbEntity
67
0
8
0
62
256
6
ByLayer
370
-1
48
1.0
60
0
100
AcDbLine
10
57.1603012084961
20
-62.4500007629395
30
0.0
11
57.1603012084961
21
-64.1999969482422
31
0.0
39
0.0
210
0.0
220
0.0
230
1.0
0
LINE
5
303
330
17
100
AcDbEntity
67
0
8
0
62
256
6
ByLayer
370
-1
48
1.0
60
0
100
AcDbLine
10
57.1603012084961
20
-64.1999969482422
30
0.0
11
58.6758003234863
21
-65.0749969482422
31
0.0
39
0.0
210
0.0
220
0.0
230
1.0
0
LINE
5
304
330
17
100
AcDbEntity
67
0
8
0
62
256
6
ByLayer
370
-1
48
1.0
60
0
100
AcDbLine
10
58.6758003234863
20
-65.0749969482422
30
0.0
11
60.1913986206055
21
-64.1999969482422
31
0.0
39
0.0
210
0.0
220
0.0
230
1.0
0
LINE
5
305
330
17
100
AcDbEntity
67
0
8
0
62
256
6
ByLayer
370
-1
48
1.0
60
0
100
AcDbLine
10
60.1913986206055
20
-64.1999969482422
30
0.0
11
60.1913986206055
21
-62.4500007629395
31
0.0
39
0.0
210
0.0
220
0.0
230
1.0
0
LINE
5
306
330
17
100
AcDbEntity
67
0
8
0
62
256
6
ByLayer
370
-1
48
1.0
60
0
100
AcDbLine
10
63.7224998474121
20
-62.4500007629395
30
0.0
11
62.2070007324219
21
-61.5750007629395
31
0.0
39
0.0
210
0.0
220
0.0
230
1.0
0
LINE
5
307
330
17
100
AcDbEntity
67
0
8
0
62
256
6
ByLayer
370
-1
48
1.0
60
0
100
AcDbLine
10
62.2070007324219
20
-61.5750007629395
30
0.0
11
60.6913986206055
21
-62.4500007629395
31
0.0
39
0.0
210
0.0
220
0.0
230
1.0
0
LINE
5
308
330
17
100
AcDbEntity
67
0
8
0
62
256
6
ByLayer
370
-1
48
1.0
60
0
100
AcDbLine
10
60.6913986206055
20
-62.4500007629395
30
0.0
11
60.6913986206055
21
-64.1999969482422
31
0.0
39
0.0
210
0.0
220
0.0
230
1.0
0
LINE
5
309
330
17
100
AcDbEntity
67
0
8
0
62
256
6
ByLayer
370
-1
48
1.0
60
0
100
AcDbLine
10
60.6913986206055
20
-64.1999969482422
30
0.0
11
62.2070007324219
21
-65.0749969482422
31
0.0
39
0.0
210
0.0
220
0.0
230
1.0
0
LINE
5
30A
330
17
100
AcDbEntity
67
0
8
0
62
256
6
ByLayer
370
-1
48
1.0
60
0
100
AcDbLine
10
62.2070007324219
20
-65.0749969482422
30
0.0
11
63.7224998474121
21
-64.1999969482422
31
0.0
39
0.0
210
0.0
220
0.0
230
1.0
0
LINE
5
30B
330
17
100
AcDbEntity
67
0
8
0
62
256
6
ByLayer
370
-1
48
1.0
60
0
100
AcDbLine
10
63.7224998474121
20
-64.1999969482422
30
0.0
11
63.7224998474121
21
-62.4500007629395
31
0.0
39
0.0
210
0.0
220
0.0
230
1.0
0
LINE
5
30C
330
17
100
AcDbEntity
67
0
8
0
62
256
6
ByLayer
370
-1
48
1.0
60
0
100
AcDbLine
10
67.2536010742188
20
-62.4500007629395
30
0.0
11
65.7380981445313
21
-61.5750007629395
31
0.0
39
0.0
210
0.0
220
0.0
230
1.0
0
LINE
5
30D
330
17
100
AcDbEntity
67
0
8
0
62
256
6
ByLayer
370
-1
48
1.0
60
0
100
AcDbLine
10
65.7380981445313
20
-61.5750007629395
30
0.0
11
64.2225036621094
21
-62.4500007629395
31
0.0
39
0.0
210
0.0
220
0.0
230
1.0
0
LINE
5
30E
330
17
100
AcDbEntity
67
0
8
0
62
256
6
ByLayer
370
-1
48
1.0
60
0
100
AcDbLine
10
64.2225036621094
20
-62.4500007629395
30
0.0
11
64.2225036621094
21
-64.1999969482422
31
0.0
39
0.0
210
0.0
220
0.0
230
1.0
0
LINE
5
30F
330
17
100
AcDbEntity
67
0
8
0
62
256
6
ByLayer
370
-1
48
1.0
60
0
100
AcDbLine
10
64.2225036621094
20
-64.1999969482422
30
0.0
11
65.7380981445313
21
-65.0749969482422
31
0.0
39
0.0
210
0.0
220
0.0
230
1.0
0
LINE
5
310
330
17
100
AcDbEntity
67
0
8
0
62
256
6
ByLayer
370
-1
48
1.0
60
0
100
AcDbLine
10
65.7380981445313
20
-65.0749969482422
30
0.0
11
67.2536010742188
21
-64.1999969482422
31
0.0
39
0.0
210
0.0
220
0.0
230
1.0
0
LINE
5
311
330
17
100
AcDbEntity
67
0
8
0
62
256
6
ByLayer
370
-1
48
1.0
60
0
100
AcDbLine
10
67.2536010742188
20
-64.1999969482422
30
0.0
11
67.2536010742188
21
-62.4500007629395
31
0.0
39
0.0
210
0.0
220
0.0
230
1.0
0
LINE
5
312
330
17
100
AcDbEntity
67
0
8
0
62
256
6
ByLayer
370
-1
48
1.0
60
0
100
AcDbLine
10
70.7846984863281
20
-62.4500007629395
30
0.0
11
69.2692031860352
21
-61.5750007629395
31
0.0
39
0.0
210
0.0
220
0.0
230
1.0
0
LINE
5
313
330
17
100
AcDbEntity
67
0
8
0
62
256
6
ByLayer
370
-1
48
1.0
60
0
100
AcDbLine
10
69.2692031860352
20
-61.5750007629395
30
0.0
11
67.7536010742188
21
-62.4500007629395
31
0.0
39
0.0
210
0.0
220
0.0
230
1.0
0
LINE
5
314
330
17
100
AcDbEntity
67
0
8
0
62
256
6
ByLayer
370
-1
48
1.0
60
0
100
AcDbLine
10
67.7536010742188
20
-62.4500007629395
30
0.0
11
67.7536010742188
21
-64.1999969482422
31
0.0
39
0.0
210
0.0
220
0.0
230
1.0
0
LINE
5
315
330
17
100
AcDbEntity
67
0
8
0
62
256
6
ByLayer
370
-1
48
1.0
60
0
100
AcDbLine
10
67.7536010742188
20
-64.1999969482422
30
0.0
11
69.2692031860352
21
-65.0749969482422
31
0.0
39
0.0
210
0.0
220
0.0
230
1.0
0
LINE
5
316
330
17
100
AcDbEntity
67
0
8
0
62
256
6
ByLayer
370
-1
48
1.0
60
0
100
AcDbLine
10
69.2692031860352
20
-65.0749969482422
30
0.0
11
70.7846984863281
21
-64.1999969482422
31
0.0
39
0.0
210
0.0
220
0.0
230
1.0
0
LINE
5
317
330
17
100
AcDbEntity
67
0
8
0
62
256
6
ByLayer
370
-1
48
1.0
60
0
100
AcDbLine
10
70.7846984863281
20
-64.1999969482422
30
0.0
11
70.7846984863281
21
-62.4500007629395
31
0.0
39
0.0
210
0.0
220
0.0
230
1.0
0
LINE
5
318
330
17
100
AcDbEntity
67
0
8
0
62
256
6
ByLayer
370
-1
48
1.0
60
0
100
AcDbLine
10
74.3159027099609
20
-62.4500007629395
30
0.0
11
72.8003005981445
21
-61.5750007629395
31
0.0
39
0.0
210
0.0
220
0.0
230
1.0
0
LINE
5
319
330
17
100
AcDbEntity
67
0
8
0
62
256
6
ByLayer
370
-1
48
1.0
60
0
100
AcDbLine
10
72.8003005981445
20
-61.5750007629395
30
0.0
11
71.2846984863281
21
-62.4500007629395
31
0.0
39
0.0
210
0.0
220
0.0
230
1.0
0
LINE
5
31A
330
17
100
AcDbEntity
67
0
8
0
62
256
6
ByLayer
370
-1
48
1.0
60
0
100
AcDbLine
10
71.2846984863281
20
-62.4500007629395
30
0.0
11
71.2846984863281
21
-64.1999969482422
31
0.0
39
0.0
210
0.0
220
0.0
230
1.0
0
LINE
5
31B
330
17
100
AcDbEntity
67
0
8
0
62
256
6
ByLayer
370
-1
48
1.0
60
0
100
AcDbLine
10
71.2846984863281
20
-64.1999969482422
30
0.0
11
72.8003005981445
21
-65.0749969482422
31
0.0
39
0.0
210
0.0
220
0.0
230
1.0
0
LINE
5
31C
330
17
100
AcDbEntity
67
0
8
0
62
256
6
ByLayer
370
-1
48
1.0
60
0
100
AcDbLine
10
72.8003005981445
20
-65.0749969482422
30
0.0
11
74.3159027099609
21
-64.1999969482422
31
0.0
39
0.0
210
0.0
220
0.0
230
1.0
0
LINE
5
31D
330
17
100
AcDbEntity
67
0
8
0
62
256
6
ByLayer
370
-1
48
1.0
60
0
100
AcDbLine
10
74.3159027099609
20
-64.1999969482422
30
0.0
11
74.3159027099609
21
-62.4500007629395
31
0.0
39
0.0
210
0.0
220
0.0
230
1.0
0
LINE
5
31E
330
17
100
AcDbEntity
67
0
8
0
62
256
6
ByLayer
370
-1
48
1.0
60
0
100
AcDbLine
10
77.8470001220703
20
-62.4500007629395
30
0.0
11
76.3313980102539
21
-61.5750007629395
31
0.0
39
0.0
210
0.0
220
0.0
230
1.0
0
LINE
5
31F
330
17
100
AcDbEntity
67
0
8
0
62
256
6
ByLayer
370
-1
48
1.0
60
0
100
AcDbLine
10
76.3313980102539
20
-61.5750007629395
30
0.0
11
74.8159027099609
21
-62.4500007629395
31
0.0
39
0.0
210
0.0
220
0.0
230
1.0
0
LINE
5
320
330
17
100
AcDbEntity
67
0
8
0
62
256
6
ByLayer
370
-1
48
1.0
60
0
100
AcDbLine
10
74.8159027099609
20
-62.4500007629395
30
0.0
11
74.8159027099609
21
-64.1999969482422
31
0.0
39
0.0
210
0.0
220
0.0
230
1.0
0
LINE
5
321
330
17
100
AcDbEntity
67
0
8
0
62
256
6
ByLayer
370
-1
48
1.0
60
0
100
AcDbLine
10
74.8159027099609
20
-64.1999969482422
30
0.0
11
76.3313980102539
21
-65.0749969482422
31
0.0
39
0.0
210
0.0
220
0.0
230
1.0
0
LINE
5
322
330
17
100
AcDbEntity
67
0
8
0
62
256
6
ByLayer
370
-1
48
1.0
60
0
100
AcDbLine
10
76.3313980102539
20
-65.0749969482422
30
0.0
11
77.8470001220703
21
-64.1999969482422
31
0.0
39
0.0
210
0.0
220
0.0
230
1.0
0
LINE
5
323
330
17
100
AcDbEntity
67
0
8
0
62
256
6
ByLayer
370
-1
48
1.0
60
0
100
AcDbLine
10
77.8470001220703
20
-64.1999969482422
30
0.0
11
77.8470001220703
21
-62.4500007629395
31
0.0
39
0.0
210
0.0
220
0.0
230
1.0
0
LINE
5
324
330
17
100
AcDbEntity
67
0
8
0
62
256
6
ByLayer
370
-1
48
1.0
60
0
100
AcDbLine
10
80.5652008056641
20
-64.6692962646484
30
0.0
11
79.8625030517578
21
-65.0749969482422
31
0.0
39
0.0
210
0.0
220
0.0
230
1.0
0
LINE
5
325
330
17
100
AcDbEntity
67
0
8
0
62
256
6
ByLayer
370
-1
48
1.0
60
0
100
AcDbLine
10
79.8625030517578
20
-65.0749969482422
30
0.0
11
78.3470001220703
21
-64.1999969482422
31
0.0
39
0.0
210
0.0
220
0.0
230
1.0
0
LINE
5
326
330
17
100
AcDbEntity
67
0
8
0
62
256
6
ByLayer
370
-1
48
1.0
60
0
100
AcDbLine
10
78.3470001220703
20
-64.1999969482422
30
0.0
11
78.3470001220703
21
-62.4500007629395
31
0.0
39
0.0
210
0.0
220
0.0
230
1.0
0
LINE
5
327
330
17
100
AcDbEntity
67
0
8
0
62
256
6
ByLayer
370
-1
48
1.0
60
0
100
AcDbLine
10
78.3470001220703
20
-62.4500007629395
30
0.0
11
79.2220993041992
21
-61.9446983337402
31
0.0
39
0.0
210
0.0
220
0.0
230
1.0
0
LINE
5
328
330
17
100
AcDbEntity
67
0
8
0
62
256
6
ByLayer
370
-1
48
1.0
60
0
100
AcDbLine
10
79.2220993041992
20
-61.9446983337402
30
0.0
11
80.5652008056641
21
-64.6692962646484
31
0.0
39
0.0
210
0.0
220
0.0
230
1.0
0
LINE
5
329
330
17
100
AcDbEntity
67
0
8
0
62
256
6
ByLayer
370
-1
48
1.0
60
0
100
AcDbLine
10
40.3969993591309
20
-59.176399230957
30
0.0
11
40.7703018188477
21
-59.3918991088867
31
0.0
39
0.0
210
0.0
220
0.0
230
1.0
0
LINE
5
32A
330
17
100
AcDbEntity
67
0
8
0
62
256
6
ByLayer
370
-1
48
1.0
60
0
100
AcDbLine
10
40.7703018188477
20
-59.3918991088867
30
0.0
11
40.7703018188477
21
-60.1430015563965
31
0.0
39
0.0
210
0.0
220
0.0
230
1.0
0
LINE
5
32B
330
17
100
AcDbEntity
67
0
8
0
62
256
6
ByLayer
370
-1
48
1.0
60
0
100
AcDbLine
10
40.7703018188477
20
-60.1430015563965
30
0.0
11
40.3969993591309
21
-59.176399230957
31
0.0
39
0.0
210
0.0
220
0.0
230
1.0
0
LINE
5
32C
330
17
100
AcDbEntity
67
0
8
0
62
256
6
ByLayer
370
-1
48
1.0
60
0
100
AcDbLine
10
44.301399230957
20
-59.3918991088867
30
0.0
11
42.7858009338379
21
-58.5168991088867
31
0.0
39
0.0
210
0.0
220
0.0
230
1.0
0
LINE
5
32D
330
17
100
AcDbEntity
67
0
8
0
62
256
6
ByLayer
370
-1
48
1.0
60
0
100
AcDbLine
10
42.7858009338379
20
-58.5168991088867
30
0.0
11
41.2703018188477
21
-59.3918991088867
31
0.0
39
0.0
210
0.0
220
0.0
230
1.0
0
LINE
5
32E
330
17
100
AcDbEntity
67
0
8
0
62
256
6
ByLayer
370
-1
48
1.0
60
0
100
AcDbLine
10
41.2703018188477
20
-59.3918991088867
30
0.0
11
41.2703018188477
21
-61.1419982910156
31
0.0
39
0.0
210
0.0
220
0.0
230
1.0
0
LINE
5
32F
330
17
100
AcDbEntity
67
0
8
0
62
256
6
ByLayer
370
-1
48
1.0
60
0
100
AcDbLine
10
41.2703018188477
20
-61.1419982910156
30
0.0
11
42.7858009338379
21
-62.0169982910156
31
0.0
39
0.0
210
0.0
220
0.0
230
1.0
0
LINE
5
330
330
17
100
AcDbEntity
67
0
8
0
62
256
6
ByLayer
370
-1
48
1.0
60
0
100
AcDbLine
10
42.7858009338379
20
-62.0169982910156
30
0.0
11
44.301399230957
21
-61.1419982910156
31
0.0
39
0.0
210
0.0
220
0.0
230
1.0
0
LINE
5
331
330
17
100
AcDbEntity
67
0
8
0
62
256
6
ByLayer
370
-1
48
1.0
60
0
100
AcDbLine
10
44.301399230957
20
-61.1419982910156
30
0.0
11
44.301399230957
21
-59.3918991088867
31
0.0
39
0.0
210
0.0
220
0.0
230
1.0
0
LINE
5
332
330
17
100
AcDbEntity
67
0
8
0
62
256
6
ByLayer
370
-1
48
1.0
60
0
100
AcDbLine
10
47.8325004577637
20
-59.3918991088867
30
0.0
11
46.3168983459473
21
-58.5168991088867
31
0.0
39
0.0
210
0.0
220
0.0
230
1.0
0
LINE
5
333
330
17
100
AcDbEntity
67
0
8
0
62
256
6
ByLayer
370
-1
48
1.0
60
0
100
AcDbLine
10
46.3168983459473
20
-58.5168991088867
30
0.0
11
44.801399230957
21
-59.3918991088867
31
0.0
39
0.0
210
0.0
220
0.0
230
1.0
0
LINE
5
334
330
17
100
AcDbEntity
67
0
8
0
62
256
6
ByLayer
370
-1
48
1.0
60
0
100
AcDbLine
10
44.801399230957
20
-59.3918991088867
30
0.0
11
44.801399230957
21
-61.1419982910156
31
0.0
39
0.0
210
0.0
220
0.0
230
1.0
0
LINE
5
335
330
17
100
AcDbEntity
67
0
8
0
62
256
6
ByLayer
370
-1
48
1.0
60
0
100
AcDbLine
10
44.801399230957
20
-61.1419982910156
30
0.0
11
46.3168983459473
21
-62.0169982910156
31
0.0
39
0.0
210
0.0
220
0.0
230
1.0
0
LINE
5
336
330
17
100
AcDbEntity
67
0
8
0
62
256
6
ByLayer
370
-1
48
1.0
60
0
100
AcDbLine
10
46.3168983459473
20
-62.0169982910156
30
0.0
11
47.8325004577637
21
-61.1419982910156
31
0.0
39
0.0
210
0.0
220
0.0
230
1.0
0
LINE
5
337
330
17
100
AcDbEntity
67
0
8
0
62
256
6
ByLayer
370
-1
48
1.0
60
0
100
AcDbLine
10
47.8325004577637
20
-61.1419982910156
30
0.0
11
47.8325004577637
21
-59.3918991088867
31
0.0
39
0.0
210
0.0
220
0.0
230
1.0
0
LINE
5
338
330
17
100
AcDbEntity
67
0
8
0
62
256
6
ByLayer
370
-1
48
1.0
60
0
100
AcDbLine
10
51.3636016845703
20
-59.3918991088867
30
0.0
11
49.8480987548828
21
-58.5168991088867
31
0.0
39
0.0
210
0.0
220
0.0
230
1.0
0
LINE
5
339
330
17
100
AcDbEntity
67
0
8
0
62
256
6
ByLayer
370
-1
48
1.0
60
0
100
AcDbLine
10
49.8480987548828
20
-58.5168991088867
30
0.0
11
48.3325004577637
21
-59.3918991088867
31
0.0
39
0.0
210
0.0
220
0.0
230
1.0
0
LINE
5
33A
330
17
100
AcDbEntity
67
0
8
0
62
256
6
ByLayer
370
-1
48
1.0
60
0
100
AcDbLine
10
48.3325004577637
20
-59.3918991088867
30
0.0
11
48.3325004577637
21
-61.1419982910156
31
0.0
39
0.0
210
0.0
220
0.0
230
1.0
0
LINE
5
33B
330
17
100
AcDbEntity
67
0
8
0
62
256
6
ByLayer
370
-1
48
1.0
60
0
100
AcDbLine
10
48.3325004577637
20
-61.1419982910156
30
0.0
11
49.8480987548828
21
-62.0169982910156
31
0.0
39
0.0
210
0.0
220
0.0
230
1.0
0
LINE
5
33C
330
17
100
AcDbEntity
67
0
8
0
62
256
6
ByLayer
370
-1
48
1.0
60
0
100
AcDbLine
10
49.8480987548828
20
-62.0169982910156
30
0.0
11
51.3636016845703
21
-61.1419982910156
31
0.0
39
0.0
210
0.0
220
0.0
230
1.0
0
LINE
5
33D
330
17
100
AcDbEntity
67
0
8
0
62
256
6
ByLayer
370
-1
48
1.0
60
0
100
AcDbLine
10
51.3636016845703
20
-61.1419982910156
30
0.0
11
51.3636016845703
21
-59.3918991088867
31
0.0
39
0.0
210
0.0
220
0.0
230
1.0
0
LINE
5
33E
330
17
100
AcDbEntity
67
0
8
0
62
256
6
ByLayer
370
-1
48
1.0
60
0
100
AcDbLine
10
54.8946990966797
20
-59.3918991088867
30
0.0
11
53.3791999816895
21
-58.5168991088867
31
0.0
39
0.0
210
0.0
220
0.0
230
1.0
0
LINE
5
33F
330
17
100
AcDbEntity
67
0
8
0
62
256
6
ByLayer
370
-1
48
1.0
60
0
100
AcDbLine
10
53.3791999816895
20
-58.5168991088867
30
0.0
11
51.8636016845703
21
-59.3918991088867
31
0.0
39
0.0
210
0.0
220
0.0
230
1.0
0
LINE
5
340
330
17
100
AcDbEntity
67
0
8
0
62
256
6
ByLayer
370
-1
48
1.0
60
0
100
AcDbLine
10
51.8636016845703
20
-59.3918991088867
30
0.0
11
51.8636016845703
21
-61.1419982910156
31
0.0
39
0.0
210
0.0
220
0.0
230
1.0
0
LINE
5
341
330
17
100
AcDbEntity
67
0
8
0
62
256
6
ByLayer
370
-1
48
1.0
60
0
100
AcDbLine
10
51.8636016845703
20
-61.1419982910156
30
0.0
11
53.3791999816895
21
-62.0169982910156
31
0.0
39
0.0
210
0.0
220
0.0
230
1.0
0
LINE
5
342
330
17
100
AcDbEntity
67
0
8
0
62
256
6
ByLayer
370
-1
48
1.0
60
0
100
AcDbLine
10
53.3791999816895
20
-62.0169982910156
30
0.0
11
54.8946990966797
21
-61.1419982910156
31
0.0
39
0.0
210
0.0
220
0.0
230
1.0
0
LINE
5
343
330
17
100
AcDbEntity
67
0
8
0
62
256
6
ByLayer
370
-1
48
1.0
60
0
100
AcDbLine
10
54.8946990966797
20
-61.1419982910156
30
0.0
11
54.8946990966797
21
-59.3918991088867
31
0.0
39
0.0
210
0.0
220
0.0
230
1.0
0
LINE
5
344
330
17
100
AcDbEntity
67
0
8
0
62
256
6
ByLayer
370
-1
48
1.0
60
0
100
AcDbLine
10
58.4258003234863
20
-59.3918991088867
30
0.0
11
56.9103012084961
21
-58.5168991088867
31
0.0
39
0.0
210
0.0
220
0.0
230
1.0
0
LINE
5
345
330
17
100
AcDbEntity
67
0
8
0
62
256
6
ByLayer
370
-1
48
1.0
60
0
100
AcDbLine
10
56.9103012084961
20
-58.5168991088867
30
0.0
11
55.3946990966797
21
-59.3918991088867
31
0.0
39
0.0
210
0.0
220
0.0
230
1.0
0
LINE
5
346
330
17
100
AcDbEntity
67
0
8
0
62
256
6
ByLayer
370
-1
48
1.0
60
0
100
AcDbLine
10
55.3946990966797
20
-59.3918991088867
30
0.0
11
55.3946990966797
21
-61.1419982910156
31
0.0
39
0.0
210
0.0
220
0.0
230
1.0
0
LINE
5
347
330
17
100
AcDbEntity
67
0
8
0
62
256
6
ByLayer
370
-1
48
1.0
60
0
100
AcDbLine
10
55.3946990966797
20
-61.1419982910156
30
0.0
11
56.9103012084961
21
-62.0169982910156
31
0.0
39
0.0
210
0.0
220
0.0
230
1.0
0
LINE
5
348
330
17
100
AcDbEntity
67
0
8
0
62
256
6
ByLayer
370
-1
48
1.0
60
0
100
AcDbLine
10
56.9103012084961
20
-62.0169982910156
30
0.0
11
58.4258003234863
21
-61.1419982910156
31
0.0
39
0.0
210
0.0
220
0.0
230
1.0
0
LINE
5
349
330
17
100
AcDbEntity
67
0
8
0
62
256
6
ByLayer
370
-1
48
1.0
60
0
100
AcDbLine
10
58.4258003234863
20
-61.1419982910156
30
0.0
11
58.4258003234863
21
-59.3918991088867
31
0.0
39
0.0
210
0.0
220
0.0
230
1.0
0
LINE
5
34A
330
17
100
AcDbEntity
67
0
8
0
62
256
6
ByLayer
370
-1
48
1.0
60
0
100
AcDbLine
10
61.9570007324219
20
-59.3918991088867
30
0.0
11
60.4413986206055
21
-58.5168991088867
31
0.0
39
0.0
210
0.0
220
0.0
230
1.0
0
LINE
5
34B
330
17
100
AcDbEntity
67
0
8
0
62
256
6
ByLayer
370
-1
48
1.0
60
0
100
AcDbLine
10
60.4413986206055
20
-58.5168991088867
30
0.0
11
58.9258003234863
21
-59.3918991088867
31
0.0
39
0.0
210
0.0
220
0.0
230
1.0
0
LINE
5
34C
330
17
100
AcDbEntity
67
0
8
0
62
256
6
ByLayer
370
-1
48
1.0
60
0
100
AcDbLine
10
58.9258003234863
20
-59.3918991088867
30
0.0
11
58.9258003234863
21
-61.1419982910156
31
0.0
39
0.0
210
0.0
220
0.0
230
1.0
0
LINE
5
34D
330
17
100
AcDbEntity
67
0
8
0
62
256
6
ByLayer
370
-1
48
1.0
60
0
100
AcDbLine
10
58.9258003234863
20
-61.1419982910156
30
0.0
11
60.4413986206055
21
-62.0169982910156
31
0.0
39
0.0
210
0.0
220
0.0
230
1.0
0
LINE
5
34E
330
17
100
AcDbEntity
67
0
8
0
62
256
6
ByLayer
370
-1
48
1.0
60
0
100
AcDbLine
10
60.4413986206055
20
-62.0169982910156
30
0.0
11
61.9570007324219
21
-61.1419982910156
31
0.0
39
0.0
210
0.0
220
0.0
230
1.0
0
LINE
5
34F
330
17
100
AcDbEntity
67
0
8
0
62
256
6
ByLayer
370
-1
48
1.0
60
0
100
AcDbLine
10
61.9570007324219
20
-61.1419982910156
30
0.0
11
61.9570007324219
21
-59.3918991088867
31
0.0
39
0.0
210
0.0
220
0.0
230
1.0
0
LINE
5
350
330
17
100
AcDbEntity
67
0
8
0
62
256
6
ByLayer
370
-1
48
1.0
60
0
100
AcDbLine
10
65.4880981445313
20
-59.3918991088867
30
0.0
11
63.9724998474121
21
-58.5168991088867
31
0.0
39
0.0
210
0.0
220
0.0
230
1.0
0
LINE
5
351
330
17
100
AcDbEntity
67
0
8
0
62
256
6
ByLayer
370
-1
48
1.0
60
0
100
AcDbLine
10
63.9724998474121
20
-58.5168991088867
30
0.0
11
62.4570007324219
21
-59.3918991088867
31
0.0
39
0.0
210
0.0
220
0.0
230
1.0
0
LINE
5
352
330
17
100
AcDbEntity
67
0
8
0
62
256
6
ByLayer
370
-1
48
1.0
60
0
100
AcDbLine
10
62.4570007324219
20
-59.3918991088867
30
0.0
11
62.4570007324219
21
-61.1419982910156
31
0.0
39
0.0
210
0.0
220
0.0
230
1.0
0
LINE
5
353
330
17
100
AcDbEntity
67
0
8
0
62
256
6
ByLayer
370
-1
48
1.0
60
0
100
AcDbLine
10
62.4570007324219
20
-61.1419982910156
30
0.0
11
63.9724998474121
21
-62.0169982910156
31
0.0
39
0.0
210
0.0
220
0.0
230
1.0
0
LINE
5
354
330
17
100
AcDbEntity
67
0
8
0
62
256
6
ByLayer
370
-1
48
1.0
60
0
100
AcDbLine
10
63.9724998474121
20
-62.0169982910156
30
0.0
11
65.4880981445313
21
-61.1419982910156
31
0.0
39
0.0
210
0.0
220
0.0
230
1.0
0
LINE
5
355
330
17
100
AcDbEntity
67
0
8
0
62
256
6
ByLayer
370
-1
48
1.0
60
0
100
AcDbLine
10
65.4880981445313
20
-61.1419982910156
30
0.0
11
65.4880981445313
21
-59.3918991088867
31
0.0
39
0.0
210
0.0
220
0.0
230
1.0
0
LINE
5
356
330
17
100
AcDbEntity
67
0
8
0
62
256
6
ByLayer
370
-1
48
1.0
60
0
100
AcDbLine
10
69.0192031860352
20
-59.3918991088867
30
0.0
11
67.5036010742188
21
-58.5168991088867
31
0.0
39
0.0
210
0.0
220
0.0
230
1.0
0
LINE
5
357
330
17
100
AcDbEntity
67
0
8
0
62
256
6
ByLayer
370
-1
48
1.0
60
0
100
AcDbLine
10
67.5036010742188
20
-58.5168991088867
30
0.0
11
65.9880981445313
21
-59.3918991088867
31
0.0
39
0.0
210
0.0
220
0.0
230
1.0
0
LINE
5
358
330
17
100
AcDbEntity
67
0
8
0
62
256
6
ByLayer
370
-1
48
1.0
60
0
100
AcDbLine
10
65.9880981445313
20
-59.3918991088867
30
0.0
11
65.9880981445313
21
-61.1419982910156
31
0.0
39
0.0
210
0.0
220
0.0
230
1.0
0
LINE
5
359
330
17
100
AcDbEntity
67
0
8
0
62
256
6
ByLayer
370
-1
48
1.0
60
0
100
AcDbLine
10
65.9880981445313
20
-61.1419982910156
30
0.0
11
67.5036010742188
21
-62.0169982910156
31
0.0
39
0.0
210
0.0
220
0.0
230
1.0
0
LINE
5
35A
330
17
100
AcDbEntity
67
0
8
0
62
256
6
ByLayer
370
-1
48
1.0
60
0
100
AcDbLine
10
67.5036010742188
20
-62.0169982910156
30
0.0
11
69.0192031860352
21
-61.1419982910156
31
0.0
39
0.0
210
0.0
220
0.0
230
1.0
0
LINE
5
35B
330
17
100
AcDbEntity
67
0
8
0
62
256
6
ByLayer
370
-1
48
1.0
60
0
100
AcDbLine
10
69.0192031860352
20
-61.1419982910156
30
0.0
11
69.0192031860352
21
-59.3918991088867
31
0.0
39
0.0
210
0.0
220
0.0
230
1.0
0
LINE
5
35C
330
17
100
AcDbEntity
67
0
8
0
62
256
6
ByLayer
370
-1
48
1.0
60
0
100
AcDbLine
10
72.5503005981445
20
-59.3918991088867
30
0.0
11
71.0346984863281
21
-58.5168991088867
31
0.0
39
0.0
210
0.0
220
0.0
230
1.0
0
LINE
5
35D
330
17
100
AcDbEntity
67
0
8
0
62
256
6
ByLayer
370
-1
48
1.0
60
0
100
AcDbLine
10
71.0346984863281
20
-58.5168991088867
30
0.0
11
69.5192031860352
21
-59.3918991088867
31
0.0
39
0.0
210
0.0
220
0.0
230
1.0
0
LINE
5
35E
330
17
100
AcDbEntity
67
0
8
0
62
256
6
ByLayer
370
-1
48
1.0
60
0
100
AcDbLine
10
69.5192031860352
20
-59.3918991088867
30
0.0
11
69.5192031860352
21
-61.1419982910156
31
0.0
39
0.0
210
0.0
220
0.0
230
1.0
0
LINE
5
35F
330
17
100
AcDbEntity
67
0
8
0
62
256
6
ByLayer
370
-1
48
1.0
60
0
100
AcDbLine
10
69.5192031860352
20
-61.1419982910156
30
0.0
11
71.0346984863281
21
-62.0169982910156
31
0.0
39
0.0
210
0.0
220
0.0
230
1.0
0
LINE
5
360
330
17
100
AcDbEntity
67
0
8
0
62
256
6
ByLayer
370
-1
48
1.0
60
0
100
AcDbLine
10
71.0346984863281
20
-62.0169982910156
30
0.0
11
72.5503005981445
21
-61.1419982910156
31
0.0
39
0.0
210
0.0
220
0.0
230
1.0
0
LINE
5
361
330
17
100
AcDbEntity
67
0
8
0
62
256
6
ByLayer
370
-1
48
1.0
60
0
100
AcDbLine
10
72.5503005981445
20
-61.1419982910156
30
0.0
11
72.5503005981445
21
-59.3918991088867
31
0.0
39
0.0
210
0.0
220
0.0
230
1.0
0
LINE
5
362
330
17
100
AcDbEntity
67
0
8
0
62
256
6
ByLayer
370
-1
48
1.0
60
0
100
AcDbLine
10
76.0813980102539
20
-59.3918991088867
30
0.0
11
74.5659027099609
21
-58.5168991088867
31
0.0
39
0.0
210
0.0
220
0.0
230
1.0
0
LINE
5
363
330
17
100
AcDbEntity
67
0
8
0
62
256
6
ByLayer
370
-1
48
1.0
60
0
100
AcDbLine
10
74.5659027099609
20
-58.5168991088867
30
0.0
11
73.0503005981445
21
-59.3918991088867
31
0.0
39
0.0
210
0.0
220
0.0
230
1.0
0
LINE
5
364
330
17
100
AcDbEntity
67
0
8
0
62
256
6
ByLayer
370
-1
48
1.0
60
0
100
AcDbLine
10
73.0503005981445
20
-59.3918991088867
30
0.0
11
73.0503005981445
21
-61.1419982910156
31
0.0
39
0.0
210
0.0
220
0.0
230
1.0
0
LINE
5
365
330
17
100
AcDbEntity
67
0
8
0
62
256
6
ByLayer
370
-1
48
1.0
60
0
100
AcDbLine
10
73.0503005981445
20
-61.1419982910156
30
0.0
11
74.5659027099609
21
-62.0169982910156
31
0.0
39
0.0
210
0.0
220
0.0
230
1.0
0
LINE
5
366
330
17
100
AcDbEntity
67
0
8
0
62
256
6
ByLayer
370
-1
48
1.0
60
0
100
AcDbLine
10
74.5659027099609
20
-62.0169982910156
30
0.0
11
76.0813980102539
21
-61.1419982910156
31
0.0
39
0.0
210
0.0
220
0.0
230
1.0
0
LINE
5
367
330
17
100
AcDbEntity
67
0
8
0
62
256
6
ByLayer
370
-1
48
1.0
60
0
100
AcDbLine
10
76.0813980102539
20
-61.1419982910156
30
0.0
11
76.0813980102539
21
-59.3918991088867
31
0.0
39
0.0
210
0.0
220
0.0
230
1.0
0
LINE
5
368
330
17
100
AcDbEntity
67
0
8
0
62
256
6
ByLayer
370
-1
48
1.0
60
0
100
AcDbLine
10
79.0005035400391
20
-61.4953002929688
30
0.0
11
78.0970001220703
21
-62.0169982910156
31
0.0
39
0.0
210
0.0
220
0.0
230
1.0
0
LINE
5
369
330
17
100
AcDbEntity
67
0
8
0
62
256
6
ByLayer
370
-1
48
1.0
60
0
100
AcDbLine
10
78.0970001220703
20
-62.0169982910156
30
0.0
11
76.5813980102539
21
-61.1419982910156
31
0.0
39
0.0
210
0.0
220
0.0
230
1.0
0
LINE
5
36A
330
17
100
AcDbEntity
67
0
8
0
62
256
6
ByLayer
370
-1
48
1.0
60
0
100
AcDbLine
10
76.5813980102539
20
-61.1419982910156
30
0.0
11
76.5813980102539
21
-59.3918991088867
31
0.0
39
0.0
210
0.0
220
0.0
230
1.0
0
LINE
5
36B
330
17
100
AcDbEntity
67
0
8
0
62
256
6
ByLayer
370
-1
48
1.0
60
0
100
AcDbLine
10
76.5813980102539
20
-59.3918991088867
30
0.0
11
77.6574020385742
21
-58.7706985473633
31
0.0
39
0.0
210
0.0
220
0.0
230
1.0
0
LINE
5
36C
330
17
100
AcDbEntity
67
0
8
0
62
256
6
ByLayer
370
-1
48
1.0
60
0
100
AcDbLine
10
77.6574020385742
20
-58.7706985473633
30
0.0
11
79.0005035400391
21
-61.4953002929688
31
0.0
39
0.0
210
0.0
220
0.0
230
1.0
0
LINE
5
36D
330
17
100
AcDbEntity
67
0
8
0
62
256
6
ByLayer
370
-1
48
1.0
60
0
100
AcDbLine
10
39.5046997070313
20
-56.8660011291504
30
0.0
11
39.5046997070313
21
-56.3339004516602
31
0.0
39
0.0
210
0.0
220
0.0
230
1.0
0
LINE
5
36E
330
17
100
AcDbEntity
67
0
8
0
62
256
6
ByLayer
370
-1
48
1.0
60
0
100
AcDbLine
10
39.5046997070313
20
-56.3339004516602
30
0.0
11
41.0203018188477
21
-55.4589004516602
31
0.0
39
0.0
210
0.0
220
0.0
230
1.0
0
LINE
5
36F
330
17
100
AcDbEntity
67
0
8
0
62
256
6
ByLayer
370
-1
48
1.0
60
0
100
AcDbLine
10
41.0203018188477
20
-55.4589004516602
30
0.0
11
42.5358009338379
21
-56.3339004516602
31
0.0
39
0.0
210
0.0
220
0.0
230
1.0
0
LINE
5
370
330
17
100
AcDbEntity
67
0
8
0
62
256
6
ByLayer
370
-1
48
1.0
60
0
100
AcDbLine
10
42.5358009338379
20
-56.3339004516602
30
0.0
11
42.5358009338379
21
-58.0839004516602
31
0.0
39
0.0
210
0.0
220
0.0
230
1.0
0
LINE
5
371
330
17
100
AcDbEntity
67
0
8
0
62
256
6
ByLayer
370
-1
48
1.0
60
0
100
AcDbLine
10
42.5358009338379
20
-58.0839004516602
30
0.0
11
41.0203018188477
21
-58.9589004516602
31
0.0
39
0.0
210
0.0
220
0.0
230
1.0
0
LINE
5
372
330
17
100
AcDbEntity
67
0
8
0
62
256
6
ByLayer
370
-1
48
1.0
60
0
100
AcDbLine
10
41.0203018188477
20
-58.9589004516602
30
0.0
11
40.1100006103516
21
-58.4333992004395
31
0.0
39
0.0
210
0.0
220
0.0
230
1.0
0
LINE
5
373
330
17
100
AcDbEntity
67
0
8
0
62
256
6
ByLayer
370
-1
48
1.0
60
0
100
AcDbLine
10
40.1100006103516
20
-58.4333992004395
30
0.0
11
39.5046997070313
21
-56.8660011291504
31
0.0
39
0.0
210
0.0
220
0.0
230
1.0
0
LINE
5
374
330
17
100
AcDbEntity
67
0
8
0
62
256
6
ByLayer
370
-1
48
1.0
60
0
100
AcDbLine
10
46.0668983459473
20
-56.3339004516602
30
0.0
11
44.551399230957
21
-55.4589004516602
31
0.0
39
0.0
210
0.0
220
0.0
230
1.0
0
LINE
5
375
330
17
100
AcDbEntity
67
0
8
0
62
256
6
ByLayer
370
-1
48
1.0
60
0
100
AcDbLine
10
44.551399230957
20
-55.4589004516602
30
0.0
11
43.0358009338379
21
-56.3339004516602
31
0.0
39
0.0
210
0.0
220
0.0
230
1.0
0
LINE
5
376
330
17
100
AcDbEntity
67
0
8
0
62
256
6
ByLayer
370
-1
48
1.0
60
0
100
AcDbLine
10
43.0358009338379
20
-56.3339004516602
30
0.0
11
43.0358009338379
21
-58.0839004516602
31
0.0
39
0.0
210
0.0
220
0.0
230
1.0
0
LINE
5
377
330
17
100
AcDbEntity
67
0
8
0
62
256
6
ByLayer
370
-1
48
1.0
60
0
100
AcDbLine
10
43.0358009338379
20
-58.0839004516602
30
0.0
11
44.551399230957
21
-58.9589004516602
31
0.0
39
0.0
210
0.0
220
0.0
230
1.0
0
LINE
5
378
330
17
100
AcDbEntity
67
0
8
0
62
256
6
ByLayer
370
-1
48
1.0
60
0
100
AcDbLine
10
44.551399230957
20
-58.9589004516602
30
0.0
11
46.0668983459473
21
-58.0839004516602
31
0.0
39
0.0
210
0.0
220
0.0
230
1.0
0
LINE
5
379
330
17
100
AcDbEntity
67
0
8
0
62
256
6
ByLayer
370
-1
48
1.0
60
0
100
AcDbLine
10
46.0668983459473
20
-58.0839004516602
30
0.0
11
46.0668983459473
21
-56.3339004516602
31
0.0
39
0.0
210
0.0
220
0.0
230
1.0
0
LINE
5
37A
330
17
100
AcDbEntity
67
0
8
0
62
256
6
ByLayer
370
-1
48
1.0
60
0
100
AcDbLine
10
49.5980987548828
20
-56.3339004516602
30
0.0
11
48.0825004577637
21
-55.4589004516602
31
0.0
39
0.0
210
0.0
220
0.0
230
1.0
0
LINE
5
37B
330
17
100
AcDbEntity
67
0
8
0
62
256
6
ByLayer
370
-1
48
1.0
60
0
100
AcDbLine
10
48.0825004577637
20
-55.4589004516602
30
0.0
11
46.5668983459473
21
-56.3339004516602
31
0.0
39
0.0
210
0.0
220
0.0
230
1.0
0
LINE
5
37C
330
17
100
AcDbEntity
67
0
8
0
62
256
6
ByLayer
370
-1
48
1.0
60
0
100
AcDbLine
10
46.5668983459473
20
-56.3339004516602
30
0.0
11
46.5668983459473
21
-58.0839004516602
31
0.0
39
0.0
210
0.0
220
0.0
230
1.0
0
LINE
5
37D
330
17
100
AcDbEntity
67
0
8
0
62
256
6
ByLayer
370
-1
48
1.0
60
0
100
AcDbLine
10
46.5668983459473
20
-58.0839004516602
30
0.0
11
48.0825004577637
21
-58.9589004516602
31
0.0
39
0.0
210
0.0
220
0.0
230
1.0
0
LINE
5
37E
330
17
100
AcDbEntity
67
0
8
0
62
256
6
ByLayer
370
-1
48
1.0
60
0
100
AcDbLine
10
48.0825004577637
20
-58.9589004516602
30
0.0
11
49.5980987548828
21
-58.0839004516602
31
0.0
39
0.0
210
0.0
220
0.0
230
1.0
0
LINE
5
37F
330
17
100
AcDbEntity
67
0
8
0
62
256
6
ByLayer
370
-1
48
1.0
60
0
100
AcDbLine
10
49.5980987548828
20
-58.0839004516602
30
0.0
11
49.5980987548828
21
-56.3339004516602
31
0.0
39
0.0
210
0.0
220
0.0
230
1.0
0
LINE
5
380
330
17
100
AcDbEntity
67
0
8
0
62
256
6
ByLayer
370
-1
48
1.0
60
0
100
AcDbLine
10
53.1291999816895
20
-56.3339004516602
30
0.0
11
51.6136016845703
21
-55.4589004516602
31
0.0
39
0.0
210
0.0
220
0.0
230
1.0
0
LINE
5
381
330
17
100
AcDbEntity
67
0
8
0
62
256
6
ByLayer
370
-1
48
1.0
60
0
100
AcDbLine
10
51.6136016845703
20
-55.4589004516602
30
0.0
11
50.0980987548828
21
-56.3339004516602
31
0.0
39
0.0
210
0.0
220
0.0
230
1.0
0
LINE
5
382
330
17
100
AcDbEntity
67
0
8
0
62
256
6
ByLayer
370
-1
48
1.0
60
0
100
AcDbLine
10
50.0980987548828
20
-56.3339004516602
30
0.0
11
50.0980987548828
21
-58.0839004516602
31
0.0
39
0.0
210
0.0
220
0.0
230
1.0
0
LINE
5
383
330
17
100
AcDbEntity
67
0
8
0
62
256
6
ByLayer
370
-1
48
1.0
60
0
100
AcDbLine
10
50.0980987548828
20
-58.0839004516602
30
0.0
11
51.6136016845703
21
-58.9589004516602
31
0.0
39
0.0
210
0.0
220
0.0
230
1.0
0
LINE
5
384
330
17
100
AcDbEntity
67
0
8
0
62
256
6
ByLayer
370
-1
48
1.0
60
0
100
AcDbLine
10
51.6136016845703
20
-58.9589004516602
30
0.0
11
53.1291999816895
21
-58.0839004516602
31
0.0
39
0.0
210
0.0
220
0.0
230
1.0
0
LINE
5
385
330
17
100
AcDbEntity
67
0
8
0
62
256
6
ByLayer
370
-1
48
1.0
60
0
100
AcDbLine
10
53.1291999816895
20
-58.0839004516602
30
0.0
11
53.1291999816895
21
-56.3339004516602
31
0.0
39
0.0
210
0.0
220
0.0
230
1.0
0
LINE
5
386
330
17
100
AcDbEntity
67
0
8
0
62
256
6
ByLayer
370
-1
48
1.0
60
0
100
AcDbLine
10
56.6603012084961
20
-56.3339004516602
30
0.0
11
55.1446990966797
21
-55.4589004516602
31
0.0
39
0.0
210
0.0
220
0.0
230
1.0
0
LINE
5
387
330
17
100
AcDbEntity
67
0
8
0
62
256
6
ByLayer
370
-1
48
1.0
60
0
100
AcDbLine
10
55.1446990966797
20
-55.4589004516602
30
0.0
11
53.6291999816895
21
-56.3339004516602
31
0.0
39
0.0
210
0.0
220
0.0
230
1.0
0
LINE
5
388
330
17
100
AcDbEntity
67
0
8
0
62
256
6
ByLayer
370
-1
48
1.0
60
0
100
AcDbLine
10
53.6291999816895
20
-56.3339004516602
30
0.0
11
53.6291999816895
21
-58.0839004516602
31
0.0
39
0.0
210
0.0
220
0.0
230
1.0
0
LINE
5
389
330
17
100
AcDbEntity
67
0
8
0
62
256
6
ByLayer
370
-1
48
1.0
60
0
100
AcDbLine
10
53.6291999816895
20
-58.0839004516602
30
0.0
11
55.1446990966797
21
-58.9589004516602
31
0.0
39
0.0
210
0.0
220
0.0
230
1.0
0
LINE
5
38A
330
17
100
AcDbEntity
67
0
8
0
62
256
6
ByLayer
370
-1
48
1.0
60
0
100
AcDbLine
10
55.1446990966797
20
-58.9589004516602
30
0.0
11
56.6603012084961
21
-58.0839004516602
31
0.0
39
0.0
210
0.0
220
0.0
230
1.0
0
LINE
5
38B
330
17
100
AcDbEntity
67
0
8
0
62
256
6
ByLayer
370
-1
48
1.0
60
0
100
AcDbLine
10
56.6603012084961
20
-58.0839004516602
30
0.0
11
56.6603012084961
21
-56.3339004516602
31
0.0
39
0.0
210
0.0
220
0.0
230
1.0
0
LINE
5
38C
330
17
100
AcDbEntity
67
0
8
0
62
256
6
ByLayer
370
-1
48
1.0
60
0
100
AcDbLine
10
60.1913986206055
20
-56.3339004516602
30
0.0
11
58.6758003234863
21
-55.4589004516602
31
0.0
39
0.0
210
0.0
220
0.0
230
1.0
0
LINE
5
38D
330
17
100
AcDbEntity
67
0
8
0
62
256
6
ByLayer
370
-1
48
1.0
60
0
100
AcDbLine
10
58.6758003234863
20
-55.4589004516602
30
0.0
11
57.1603012084961
21
-56.3339004516602
31
0.0
39
0.0
210
0.0
220
0.0
230
1.0
0
LINE
5
38E
330
17
100
AcDbEntity
67
0
8
0
62
256
6
ByLayer
370
-1
48
1.0
60
0
100
AcDbLine
10
57.1603012084961
20
-56.3339004516602
30
0.0
11
57.1603012084961
21
-58.0839004516602
31
0.0
39
0.0
210
0.0
220
0.0
230
1.0
0
LINE
5
38F
330
17
100
AcDbEntity
67
0
8
0
62
256
6
ByLayer
370
-1
48
1.0
60
0
100
AcDbLine
10
57.1603012084961
20
-58.0839004516602
30
0.0
11
58.6758003234863
21
-58.9589004516602
31
0.0
39
0.0
210
0.0
220
0.0
230
1.0
0
LINE
5
390
330
17
100
AcDbEntity
67
0
8
0
62
256
6
ByLayer
370
-1
48
1.0
60
0
100
AcDbLine
10
58.6758003234863
20
-58.9589004516602
30
0.0
11
60.1913986206055
21
-58.0839004516602
31
0.0
39
0.0
210
0.0
220
0.0
230
1.0
0
LINE
5
391
330
17
100
AcDbEntity
67
0
8
0
62
256
6
ByLayer
370
-1
48
1.0
60
0
100
AcDbLine
10
60.1913986206055
20
-58.0839004516602
30
0.0
11
60.1913986206055
21
-56.3339004516602
31
0.0
39
0.0
210
0.0
220
0.0
230
1.0
0
LINE
5
392
330
17
100
AcDbEntity
67
0
8
0
62
256
6
ByLayer
370
-1
48
1.0
60
0
100
AcDbLine
10
63.7224998474121
20
-56.3339004516602
30
0.0
11
62.2070007324219
21
-55.4589004516602
31
0.0
39
0.0
210
0.0
220
0.0
230
1.0
0
LINE
5
393
330
17
100
AcDbEntity
67
0
8
0
62
256
6
ByLayer
370
-1
48
1.0
60
0
100
AcDbLine
10
62.2070007324219
20
-55.4589004516602
30
0.0
11
60.6913986206055
21
-56.3339004516602
31
0.0
39
0.0
210
0.0
220
0.0
230
1.0
0
LINE
5
394
330
17
100
AcDbEntity
67
0
8
0
62
256
6
ByLayer
370
-1
48
1.0
60
0
100
AcDbLine
10
60.6913986206055
20
-56.3339004516602
30
0.0
11
60.6913986206055
21
-58.0839004516602
31
0.0
39
0.0
210
0.0
220
0.0
230
1.0
0
LINE
5
395
330
17
100
AcDbEntity
67
0
8
0
62
256
6
ByLayer
370
-1
48
1.0
60
0
100
AcDbLine
10
60.6913986206055
20
-58.0839004516602
30
0.0
11
62.2070007324219
21
-58.9589004516602
31
0.0
39
0.0
210
0.0
220
0.0
230
1.0
0
LINE
5
396
330
17
100
AcDbEntity
67
0
8
0
62
256
6
ByLayer
370
-1
48
1.0
60
0
100
AcDbLine
10
62.2070007324219
20
-58.9589004516602
30
0.0
11
63.7224998474121
21
-58.0839004516602
31
0.0
39
0.0
210
0.0
220
0.0
230
1.0
0
LINE
5
397
330
17
100
AcDbEntity
67
0
8
0
62
256
6
ByLayer
370
-1
48
1.0
60
0
100
AcDbLine
10
63.7224998474121
20
-58.0839004516602
30
0.0
11
63.7224998474121
21
-56.3339004516602
31
0.0
39
0.0
210
0.0
220
0.0
230
1.0
0
LINE
5
398
330
17
100
AcDbEntity
67
0
8
0
62
256
6
ByLayer
370
-1
48
1.0
60
0
100
AcDbLine
10
67.2536010742188
20
-56.3339004516602
30
0.0
11
65.7380981445313
21
-55.4589004516602
31
0.0
39
0.0
210
0.0
220
0.0
230
1.0
0
LINE
5
399
330
17
100
AcDbEntity
67
0
8
0
62
256
6
ByLayer
370
-1
48
1.0
60
0
100
AcDbLine
10
65.7380981445313
20
-55.4589004516602
30
0.0
11
64.2225036621094
21
-56.3339004516602
31
0.0
39
0.0
210
0.0
220
0.0
230
1.0
0
LINE
5
39A
330
17
100
AcDbEntity
67
0
8
0
62
256
6
ByLayer
370
-1
48
1.0
60
0
100
AcDbLine
10
64.2225036621094
20
-56.3339004516602
30
0.0
11
64.2225036621094
21
-58.0839004516602
31
0.0
39
0.0
210
0.0
220
0.0
230
1.0
0
LINE
5
39B
330
17
100
AcDbEntity
67
0
8
0
62
256
6
ByLayer
370
-1
48
1.0
60
0
100
AcDbLine
10
64.2225036621094
20
-58.0839004516602
30
0.0
11
65.7380981445313
21
-58.9589004516602
31
0.0
39
0.0
210
0.0
220
0.0
230
1.0
0
LINE
5
39C
330
17
100
AcDbEntity
67
0
8
0
62
256
6
ByLayer
370
-1
48
1.0
60
0
100
AcDbLine
10
65.7380981445313
20
-58.9589004516602
30
0.0
11
67.2536010742188
21
-58.0839004516602
31
0.0
39
0.0
210
0.0
220
0.0
230
1.0
0
LINE
5
39D
330
17
100
AcDbEntity
67
0
8
0
62
256
6
ByLayer
370
-1
48
1.0
60
0
100
AcDbLine
10
67.2536010742188
20
-58.0839004516602
30
0.0
11
67.2536010742188
21
-56.3339004516602
31
0.0
39
0.0
210
0.0
220
0.0
230
1.0
0
LINE
5
39E
330
17
100
AcDbEntity
67
0
8
0
62
256
6
ByLayer
370
-1
48
1.0
60
0
100
AcDbLine
10
70.7846984863281
20
-56.3339004516602
30
0.0
11
69.2692031860352
21
-55.4589004516602
31
0.0
39
0.0
210
0.0
220
0.0
230
1.0
0
LINE
5
39F
330
17
100
AcDbEntity
67
0
8
0
62
256
6
ByLayer
370
-1
48
1.0
60
0
100
AcDbLine
10
69.2692031860352
20
-55.4589004516602
30
0.0
11
67.7536010742188
21
-56.3339004516602
31
0.0
39
0.0
210
0.0
220
0.0
230
1.0
0
LINE
5
3A0
330
17
100
AcDbEntity
67
0
8
0
62
256
6
ByLayer
370
-1
48
1.0
60
0
100
AcDbLine
10
67.7536010742188
20
-56.3339004516602
30
0.0
11
67.7536010742188
21
-58.0839004516602
31
0.0
39
0.0
210
0.0
220
0.0
230
1.0
0
LINE
5
3A1
330
17
100
AcDbEntity
67
0
8
0
62
256
6
ByLayer
370
-1
48
1.0
60
0
100
AcDbLine
10
67.7536010742188
20
-58.0839004516602
30
0.0
11
69.2692031860352
21
-58.9589004516602
31
0.0
39
0.0
210
0.0
220
0.0
230
1.0
0
LINE
5
3A2
330
17
100
AcDbEntity
67
0
8
0
62
256
6
ByLayer
370
-1
48
1.0
60
0
100
AcDbLine
10
69.2692031860352
20
-58.9589004516602
30
0.0
11
70.7846984863281
21
-58.0839004516602
31
0.0
39
0.0
210
0.0
220
0.0
230
1.0
0
LINE
5
3A3
330
17
100
AcDbEntity
67
0
8
0
62
256
6
ByLayer
370
-1
48
1.0
60
0
100
AcDbLine
10
70.7846984863281
20
-58.0839004516602
30
0.0
11
70.7846984863281
21
-56.3339004516602
31
0.0
39
0.0
210
0.0
220
0.0
230
1.0
0
LINE
5
3A4
330
17
100
AcDbEntity
67
0
8
0
62
256
6
ByLayer
370
-1
48
1.0
60
0
100
AcDbLine
10
74.3159027099609
20
-56.3339004516602
30
0.0
11
72.8003005981445
21
-55.4589004516602
31
0.0
39
0.0
210
0.0
220
0.0
230
1.0
0
LINE
5
3A5
330
17
100
AcDbEntity
67
0
8
0
62
256
6
ByLayer
370
-1
48
1.0
60
0
100
AcDbLine
10
72.8003005981445
20
-55.4589004516602
30
0.0
11
71.2846984863281
21
-56.3339004516602
31
0.0
39
0.0
210
0.0
220
0.0
230
1.0
0
LINE
5
3A6
330
17
100
AcDbEntity
67
0
8
0
62
256
6
ByLayer
370
-1
48
1.0
60
0
100
AcDbLine
10
71.2846984863281
20
-56.3339004516602
30
0.0
11
71.2846984863281
21
-58.0839004516602
31
0.0
39
0.0
210
0.0
220
0.0
230
1.0
0
LINE
5
3A7
330
17
100
AcDbEntity
67
0
8
0
62
256
6
ByLayer
370
-1
48
1.0
60
0
100
AcDbLine
10
71.2846984863281
20
-58.0839004516602
30
0.0
11
72.8003005981445
21
-58.9589004516602
31
0.0
39
0.0
210
0.0
220
0.0
230
1.0
0
LINE
5
3A8
330
17
100
AcDbEntity
67
0
8
0
62
256
6
ByLayer
370
-1
48
1.0
60
0
100
AcDbLine
10
72.8003005981445
20
-58.9589004516602
30
0.0
11
74.3159027099609
21
-58.0839004516602
31
0.0
39
0.0
210
0.0
220
0.0
230
1.0
0
LINE
5
3A9
330
17
100
AcDbEntity
67
0
8
0
62
256
6
ByLayer
370
-1
48
1.0
60
0
100
AcDbLine
10
74.3159027099609
20
-58.0839004516602
30
0.0
11
74.3159027099609
21
-56.3339004516602
31
0.0
39
0.0
210
0.0
220
0.0
230
1.0
0
LINE
5
3AA
330
17
100
AcDbEntity
67
0
8
0
62
256
6
ByLayer
370
-1
48
1.0
60
0
100
AcDbLine
10
77.4358978271484
20
-58.3213005065918
30
0.0
11
76.3313980102539
21
-58.9589004516602
31
0.0
39
0.0
210
0.0
220
0.0
230
1.0
0
LINE
5
3AB
330
17
100
AcDbEntity
67
0
8
0
62
256
6
ByLayer
370
-1
48
1.0
60
0
100
AcDbLine
10
76.3313980102539
20
-58.9589004516602
30
0.0
11
74.8159027099609
21
-58.0839004516602
31
0.0
39
0.0
210
0.0
220
0.0
230
1.0
0
LINE
5
3AC
330
17
100
AcDbEntity
67
0
8
0
62
256
6
ByLayer
370
-1
48
1.0
60
0
100
AcDbLine
10
74.8159027099609
20
-58.0839004516602
30
0.0
11
74.8159027099609
21
-56.3339004516602
31
0.0
39
0.0
210
0.0
220
0.0
230
1.0
0
LINE
5
3AD
330
17
100
AcDbEntity
67
0
8
0
62
256
6
ByLayer
370
-1
48
1.0
60
0
100
AcDbLine
10
74.8159027099609
20
-56.3339004516602
30
0.0
11
76.0926971435547
21
-55.5966987609863
31
0.0
39
0.0
210
0.0
220
0.0
230
1.0
0
LINE
5
3AE
330
17
100
AcDbEntity
67
0
8
0
62
256
6
ByLayer
370
-1
48
1.0
60
0
100
AcDbLine
10
76.0926971435547
20
-55.5966987609863
30
0.0
11
77.4358978271484
21
-58.3213005065918
31
0.0
39
0.0
210
0.0
220
0.0
230
1.0
0
LINE
5
3AF
330
17
100
AcDbEntity
67
0
8
0
62
256
6
ByLayer
370
-1
48
1.0
60
0
100
AcDbLine
10
38.0491981506348
20
-53.0969009399414
30
0.0
11
39.2546997070313
21
-52.4009017944336
31
0.0
39
0.0
210
0.0
220
0.0
230
1.0
0
LINE
5
3B0
330
17
100
AcDbEntity
67
0
8
0
62
256
6
ByLayer
370
-1
48
1.0
60
0
100
AcDbLine
10
39.2546997070313
20
-52.4009017944336
30
0.0
11
40.7703018188477
21
-53.2759017944336
31
0.0
39
0.0
210
0.0
220
0.0
230
1.0
0
LINE
5
3B1
330
17
100
AcDbEntity
67
0
8
0
62
256
6
ByLayer
370
-1
48
1.0
60
0
100
AcDbLine
10
40.7703018188477
20
-53.2759017944336
30
0.0
11
40.7703018188477
21
-55.0259017944336
31
0.0
39
0.0
210
0.0
220
0.0
230
1.0
0
LINE
5
3B2
330
17
100
AcDbEntity
67
0
8
0
62
256
6
ByLayer
370
-1
48
1.0
60
0
100
AcDbLine
10
40.7703018188477
20
-55.0259017944336
30
0.0
11
39.2546997070313
21
-55.9009017944336
31
0.0
39
0.0
210
0.0
220
0.0
230
1.0
0
LINE
5
3B3
330
17
100
AcDbEntity
67
0
8
0
62
256
6
ByLayer
370
-1
48
1.0
60
0
100
AcDbLine
10
39.2546997070313
20
-55.9009017944336
30
0.0
11
39.0968017578125
21
-55.809700012207
31
0.0
39
0.0
210
0.0
220
0.0
230
1.0
0
LINE
5
3B4
330
17
100
AcDbEntity
67
0
8
0
62
256
6
ByLayer
370
-1
48
1.0
60
0
100
AcDbLine
10
39.0968017578125
20
-55.809700012207
30
0.0
11
38.0491981506348
21
-53.0969009399414
31
0.0
39
0.0
210
0.0
220
0.0
230
1.0
0
LINE
5
3B5
330
17
100
AcDbEntity
67
0
8
0
62
256
6
ByLayer
370
-1
48
1.0
60
0
100
AcDbLine
10
44.301399230957
20
-53.2759017944336
30
0.0
11
42.7858009338379
21
-52.4009017944336
31
0.0
39
0.0
210
0.0
220
0.0
230
1.0
0
LINE
5
3B6
330
17
100
AcDbEntity
67
0
8
0
62
256
6
ByLayer
370
-1
48
1.0
60
0
100
AcDbLine
10
42.7858009338379
20
-52.4009017944336
30
0.0
11
41.2703018188477
21
-53.2759017944336
31
0.0
39
0.0
210
0.0
220
0.0
230
1.0
0
LINE
5
3B7
330
17
100
AcDbEntity
67
0
8
0
62
256
6
ByLayer
370
-1
48
1.0
60
0
100
AcDbLine
10
41.2703018188477
20
-53.2759017944336
30
0.0
11
41.2703018188477
21
-55.0259017944336
31
0.0
39
0.0
210
0.0
220
0.0
230
1.0
0
LINE
5
3B8
330
17
100
AcDbEntity
67
0
8
0
62
256
6
ByLayer
370
-1
48
1.0
60
0
100
AcDbLine
10
41.2703018188477
20
-55.0259017944336
30
0.0
11
42.7858009338379
21
-55.9009017944336
31
0.0
39
0.0
210
0.0
220
0.0
230
1.0
0
LINE
5
3B9
330
17
100
AcDbEntity
67
0
8
0
62
256
6
ByLayer
370
-1
48
1.0
60
0
100
AcDbLine
10
42.7858009338379
20
-55.9009017944336
30
0.0
11
44.301399230957
21
-55.0259017944336
31
0.0
39
0.0
210
0.0
220
0.0
230
1.0
0
LINE
5
3BA
330
17
100
AcDbEntity
67
0
8
0
62
256
6
ByLayer
370
-1
48
1.0
60
0
100
AcDbLine
10
44.301399230957
20
-55.0259017944336
30
0.0
11
44.301399230957
21
-53.2759017944336
31
0.0
39
0.0
210
0.0
220
0.0
230
1.0
0
LINE
5
3BB
330
17
100
AcDbEntity
67
0
8
0
62
256
6
ByLayer
370
-1
48
1.0
60
0
100
AcDbLine
10
47.8325004577637
20
-53.2759017944336
30
0.0
11
46.3168983459473
21
-52.4009017944336
31
0.0
39
0.0
210
0.0
220
0.0
230
1.0
0
LINE
5
3BC
330
17
100
AcDbEntity
67
0
8
0
62
256
6
ByLayer
370
-1
48
1.0
60
0
100
AcDbLine
10
46.3168983459473
20
-52.4009017944336
30
0.0
11
44.801399230957
21
-53.2759017944336
31
0.0
39
0.0
210
0.0
220
0.0
230
1.0
0
LINE
5
3BD
330
17
100
AcDbEntity
67
0
8
0
62
256
6
ByLayer
370
-1
48
1.0
60
0
100
AcDbLine
10
44.801399230957
20
-53.2759017944336
30
0.0
11
44.801399230957
21
-55.0259017944336
31
0.0
39
0.0
210
0.0
220
0.0
230
1.0
0
LINE
5
3BE
330
17
100
AcDbEntity
67
0
8
0
62
256
6
ByLayer
370
-1
48
1.0
60
0
100
AcDbLine
10
44.801399230957
20
-55.0259017944336
30
0.0
11
46.3168983459473
21
-55.9009017944336
31
0.0
39
0.0
210
0.0
220
0.0
230
1.0
0
LINE
5
3BF
330
17
100
AcDbEntity
67
0
8
0
62
256
6
ByLayer
370
-1
48
1.0
60
0
100
AcDbLine
10
46.3168983459473
20
-55.9009017944336
30
0.0
11
47.8325004577637
21
-55.0259017944336
31
0.0
39
0.0
210
0.0
220
0.0
230
1.0
0
LINE
5
3C0
330
17
100
AcDbEntity
67
0
8
0
62
256
6
ByLayer
370
-1
48
1.0
60
0
100
AcDbLine
10
47.8325004577637
20
-55.0259017944336
30
0.0
11
47.8325004577637
21
-53.2759017944336
31
0.0
39
0.0
210
0.0
220
0.0
230
1.0
0
LINE
5
3C1
330
17
100
AcDbEntity
67
0
8
0
62
256
6
ByLayer
370
-1
48
1.0
60
0
100
AcDbLine
10
51.3636016845703
20
-53.2759017944336
30
0.0
11
49.8480987548828
21
-52.4009017944336
31
0.0
39
0.0
210
0.0
220
0.0
230
1.0
0
LINE
5
3C2
330
17
100
AcDbEntity
67
0
8
0
62
256
6
ByLayer
370
-1
48
1.0
60
0
100
AcDbLine
10
49.8480987548828
20
-52.4009017944336
30
0.0
11
48.3325004577637
21
-53.2759017944336
31
0.0
39
0.0
210
0.0
220
0.0
230
1.0
0
LINE
5
3C3
330
17
100
AcDbEntity
67
0
8
0
62
256
6
ByLayer
370
-1
48
1.0
60
0
100
AcDbLine
10
48.3325004577637
20
-53.2759017944336
30
0.0
11
48.3325004577637
21
-55.0259017944336
31
0.0
39
0.0
210
0.0
220
0.0
230
1.0
0
LINE
5
3C4
330
17
100
AcDbEntity
67
0
8
0
62
256
6
ByLayer
370
-1
48
1.0
60
0
100
AcDbLine
10
48.3325004577637
20
-55.0259017944336
30
0.0
11
49.8480987548828
21
-55.9009017944336
31
0.0
39
0.0
210
0.0
220
0.0
230
1.0
0
LINE
5
3C5
330
17
100
AcDbEntity
67
0
8
0
62
256
6
ByLayer
370
-1
48
1.0
60
0
100
AcDbLine
10
49.8480987548828
20
-55.9009017944336
30
0.0
11
51.3636016845703
21
-55.0259017944336
31
0.0
39
0.0
210
0.0
220
0.0
230
1.0
0
LINE
5
3C6
330
17
100
AcDbEntity
67
0
8
0
62
256
6
ByLayer
370
-1
48
1.0
60
0
100
AcDbLine
10
51.3636016845703
20
-55.0259017944336
30
0.0
11
51.3636016845703
21
-53.2759017944336
31
0.0
39
0.0
210
0.0
220
0.0
230
1.0
0
LINE
5
3C7
330
17
100
AcDbEntity
67
0
8
0
62
256
6
ByLayer
370
-1
48
1.0
60
0
100
AcDbLine
10
54.8946990966797
20
-53.2759017944336
30
0.0
11
53.3791999816895
21
-52.4009017944336
31
0.0
39
0.0
210
0.0
220
0.0
230
1.0
0
LINE
5
3C8
330
17
100
AcDbEntity
67
0
8
0
62
256
6
ByLayer
370
-1
48
1.0
60
0
100
AcDbLine
10
53.3791999816895
20
-52.4009017944336
30
0.0
11
51.8636016845703
21
-53.2759017944336
31
0.0
39
0.0
210
0.0
220
0.0
230
1.0
0
LINE
5
3C9
330
17
100
AcDbEntity
67
0
8
0
62
256
6
ByLayer
370
-1
48
1.0
60
0
100
AcDbLine
10
51.8636016845703
20
-53.2759017944336
30
0.0
11
51.8636016845703
21
-55.0259017944336
31
0.0
39
0.0
210
0.0
220
0.0
230
1.0
0
LINE
5
3CA
330
17
100
AcDbEntity
67
0
8
0
62
256
6
ByLayer
370
-1
48
1.0
60
0
100
AcDbLine
10
51.8636016845703
20
-55.0259017944336
30
0.0
11
53.3791999816895
21
-55.9009017944336
31
0.0
39
0.0
210
0.0
220
0.0
230
1.0
0
LINE
5
3CB
330
17
100
AcDbEntity
67
0
8
0
62
256
6
ByLayer
370
-1
48
1.0
60
0
100
AcDbLine
10
53.3791999816895
20
-55.9009017944336
30
0.0
11
54.8946990966797
21
-55.0259017944336
31
0.0
39
0.0
210
0.0
220
0.0
230
1.0
0
LINE
5
3CC
330
17
100
AcDbEntity
67
0
8
0
62
256
6
ByLayer
370
-1
48
1.0
60
0
100
AcDbLine
10
54.8946990966797
20
-55.0259017944336
30
0.0
11
54.8946990966797
21
-53.2759017944336
31
0.0
39
0.0
210
0.0
220
0.0
230
1.0
0
LINE
5
3CD
330
17
100
AcDbEntity
67
0
8
0
62
256
6
ByLayer
370
-1
48
1.0
60
0
100
AcDbLine
10
58.4258003234863
20
-53.2759017944336
30
0.0
11
56.9103012084961
21
-52.4009017944336
31
0.0
39
0.0
210
0.0
220
0.0
230
1.0
0
LINE
5
3CE
330
17
100
AcDbEntity
67
0
8
0
62
256
6
ByLayer
370
-1
48
1.0
60
0
100
AcDbLine
10
56.9103012084961
20
-52.4009017944336
30
0.0
11
55.3946990966797
21
-53.2759017944336
31
0.0
39
0.0
210
0.0
220
0.0
230
1.0
0
LINE
5
3CF
330
17
100
AcDbEntity
67
0
8
0
62
256
6
ByLayer
370
-1
48
1.0
60
0
100
AcDbLine
10
55.3946990966797
20
-53.2759017944336
30
0.0
11
55.3946990966797
21
-55.0259017944336
31
0.0
39
0.0
210
0.0
220
0.0
230
1.0
0
LINE
5
3D0
330
17
100
AcDbEntity
67
0
8
0
62
256
6
ByLayer
370
-1
48
1.0
60
0
100
AcDbLine
10
55.3946990966797
20
-55.0259017944336
30
0.0
11
56.9103012084961
21
-55.9009017944336
31
0.0
39
0.0
210
0.0
220
0.0
230
1.0
0
LINE
5
3D1
330
17
100
AcDbEntity
67
0
8
0
62
256
6
ByLayer
370
-1
48
1.0
60
0
100
AcDbLine
10
56.9103012084961
20
-55.9009017944336
30
0.0
11
58.4258003234863
21
-55.0259017944336
31
0.0
39
0.0
210
0.0
220
0.0
230
1.0
0
LINE
5
3D2
330
17
100
AcDbEntity
67
0
8
0
62
256
6
ByLayer
370
-1
48
1.0
60
0
100
AcDbLine
10
58.4258003234863
20
-55.0259017944336
30
0.0
11
58.4258003234863
21
-53.2759017944336
31
0.0
39
0.0
210
0.0
220
0.0
230
1.0
0
LINE
5
3D3
330
17
100
AcDbEntity
67
0
8
0
62
256
6
ByLayer
370
-1
48
1.0
60
0
100
AcDbLine
10
61.9570007324219
20
-53.2759017944336
30
0.0
11
60.4413986206055
21
-52.4009017944336
31
0.0
39
0.0
210
0.0
220
0.0
230
1.0
0
LINE
5
3D4
330
17
100
AcDbEntity
67
0
8
0
62
256
6
ByLayer
370
-1
48
1.0
60
0
100
AcDbLine
10
60.4413986206055
20
-52.4009017944336
30
0.0
11
58.9258003234863
21
-53.2759017944336
31
0.0
39
0.0
210
0.0
220
0.0
230
1.0
0
LINE
5
3D5
330
17
100
AcDbEntity
67
0
8
0
62
256
6
ByLayer
370
-1
48
1.0
60
0
100
AcDbLine
10
58.9258003234863
20
-53.2759017944336
30
0.0
11
58.9258003234863
21
-55.0259017944336
31
0.0
39
0.0
210
0.0
220
0.0
230
1.0
0
LINE
5
3D6
330
17
100
AcDbEntity
67
0
8
0
62
256
6
ByLayer
370
-1
48
1.0
60
0
100
AcDbLine
10
58.9258003234863
20
-55.0259017944336
30
0.0
11
60.4413986206055
21
-55.9009017944336
31
0.0
39
0.0
210
0.0
220
0.0
230
1.0
0
LINE
5
3D7
330
17
100
AcDbEntity
67
0
8
0
62
256
6
ByLayer
370
-1
48
1.0
60
0
100
AcDbLine
10
60.4413986206055
20
-55.9009017944336
30
0.0
11
61.9570007324219
21
-55.0259017944336
31
0.0
39
0.0
210
0.0
220
0.0
230
1.0
0
LINE
5
3D8
330
17
100
AcDbEntity
67
0
8
0
62
256
6
ByLayer
370
-1
48
1.0
60
0
100
AcDbLine
10
61.9570007324219
20
-55.0259017944336
30
0.0
11
61.9570007324219
21
-53.2759017944336
31
0.0
39
0.0
210
0.0
220
0.0
230
1.0
0
LINE
5
3D9
330
17
100
AcDbEntity
67
0
8
0
62
256
6
ByLayer
370
-1
48
1.0
60
0
100
AcDbLine
10
65.4880981445313
20
-53.2759017944336
30
0.0
11
63.9724998474121
21
-52.4009017944336
31
0.0
39
0.0
210
0.0
220
0.0
230
1.0
0
LINE
5
3DA
330
17
100
AcDbEntity
67
0
8
0
62
256
6
ByLayer
370
-1
48
1.0
60
0
100
AcDbLine
10
63.9724998474121
20
-52.4009017944336
30
0.0
11
62.4570007324219
21
-53.2759017944336
31
0.0
39
0.0
210
0.0
220
0.0
230
1.0
0
LINE
5
3DB
330
17
100
AcDbEntity
67
0
8
0
62
256
6
ByLayer
370
-1
48
1.0
60
0
100
AcDbLine
10
62.4570007324219
20
-53.2759017944336
30
0.0
11
62.4570007324219
21
-55.0259017944336
31
0.0
39
0.0
210
0.0
220
0.0
230
1.0
0
LINE
5
3DC
330
17
100
AcDbEntity
67
0
8
0
62
256
6
ByLayer
370
-1
48
1.0
60
0
100
AcDbLine
10
62.4570007324219
20
-55.0259017944336
30
0.0
11
63.9724998474121
21
-55.9009017944336
31
0.0
39
0.0
210
0.0
220
0.0
230
1.0
0
LINE
5
3DD
330
17
100
AcDbEntity
67
0
8
0
62
256
6
ByLayer
370
-1
48
1.0
60
0
100
AcDbLine
10
63.9724998474121
20
-55.9009017944336
30
0.0
11
65.4880981445313
21
-55.0259017944336
31
0.0
39
0.0
210
0.0
220
0.0
230
1.0
0
LINE
5
3DE
330
17
100
AcDbEntity
67
0
8
0
62
256
6
ByLayer
370
-1
48
1.0
60
0
100
AcDbLine
10
65.4880981445313
20
-55.0259017944336
30
0.0
11
65.4880981445313
21
-53.2759017944336
31
0.0
39
0.0
210
0.0
220
0.0
230
1.0
0
LINE
5
3DF
330
17
100
AcDbEntity
67
0
8
0
62
256
6
ByLayer
370
-1
48
1.0
60
0
100
AcDbLine
10
69.0192031860352
20
-53.2759017944336
30
0.0
11
67.5036010742188
21
-52.4009017944336
31
0.0
39
0.0
210
0.0
220
0.0
230
1.0
0
LINE
5
3E0
330
17
100
AcDbEntity
67
0
8
0
62
256
6
ByLayer
370
-1
48
1.0
60
0
100
AcDbLine
10
67.5036010742188
20
-52.4009017944336
30
0.0
11
65.9880981445313
21
-53.2759017944336
31
0.0
39
0.0
210
0.0
220
0.0
230
1.0
0
LINE
5
3E1
330
17
100
AcDbEntity
67
0
8
0
62
256
6
ByLayer
370
-1
48
1.0
60
0
100
AcDbLine
10
65.9880981445313
20
-53.2759017944336
30
0.0
11
65.9880981445313
21
-55.0259017944336
31
0.0
39
0.0
210
0.0
220
0.0
230
1.0
0
LINE
5
3E2
330
17
100
AcDbEntity
67
0
8
0
62
256
6
ByLayer
370
-1
48
1.0
60
0
100
AcDbLine
10
65.9880981445313
20
-55.0259017944336
30
0.0
11
67.5036010742188
21
-55.9009017944336
31
0.0
39
0.0
210
0.0
220
0.0
230
1.0
0
LINE
5
3E3
330
17
100
AcDbEntity
67
0
8
0
62
256
6
ByLayer
370
-1
48
1.0
60
0
100
AcDbLine
10
67.5036010742188
20
-55.9009017944336
30
0.0
11
69.0192031860352
21
-55.0259017944336
31
0.0
39
0.0
210
0.0
220
0.0
230
1.0
0
LINE
5
3E4
330
17
100
AcDbEntity
67
0
8
0
62
256
6
ByLayer
370
-1
48
1.0
60
0
100
AcDbLine
10
69.0192031860352
20
-55.0259017944336
30
0.0
11
69.0192031860352
21
-53.2759017944336
31
0.0
39
0.0
210
0.0
220
0.0
230
1.0
0
LINE
5
3E5
330
17
100
AcDbEntity
67
0
8
0
62
256
6
ByLayer
370
-1
48
1.0
60
0
100
AcDbLine
10
72.5503005981445
20
-53.2759017944336
30
0.0
11
71.0346984863281
21
-52.4009017944336
31
0.0
39
0.0
210
0.0
220
0.0
230
1.0
0
LINE
5
3E6
330
17
100
AcDbEntity
67
0
8
0
62
256
6
ByLayer
370
-1
48
1.0
60
0
100
AcDbLine
10
71.0346984863281
20
-52.4009017944336
30
0.0
11
69.5192031860352
21
-53.2759017944336
31
0.0
39
0.0
210
0.0
220
0.0
230
1.0
0
LINE
5
3E7
330
17
100
AcDbEntity
67
0
8
0
62
256
6
ByLayer
370
-1
48
1.0
60
0
100
AcDbLine
10
69.5192031860352
20
-53.2759017944336
30
0.0
11
69.5192031860352
21
-55.0259017944336
31
0.0
39
0.0
210
0.0
220
0.0
230
1.0
0
LINE
5
3E8
330
17
100
AcDbEntity
67
0
8
0
62
256
6
ByLayer
370
-1
48
1.0
60
0
100
AcDbLine
10
69.5192031860352
20
-55.0259017944336
30
0.0
11
71.0346984863281
21
-55.9009017944336
31
0.0
39
0.0
210
0.0
220
0.0
230
1.0
0
LINE
5
3E9
330
17
100
AcDbEntity
67
0
8
0
62
256
6
ByLayer
370
-1
48
1.0
60
0
100
AcDbLine
10
71.0346984863281
20
-55.9009017944336
30
0.0
11
72.5503005981445
21
-55.0259017944336
31
0.0
39
0.0
210
0.0
220
0.0
230
1.0
0
LINE
5
3EA
330
17
100
AcDbEntity
67
0
8
0
62
256
6
ByLayer
370
-1
48
1.0
60
0
100
AcDbLine
10
72.5503005981445
20
-55.0259017944336
30
0.0
11
72.5503005981445
21
-53.2759017944336
31
0.0
39
0.0
210
0.0
220
0.0
230
1.0
0
LINE
5
3EB
330
17
100
AcDbEntity
67
0
8
0
62
256
6
ByLayer
370
-1
48
1.0
60
0
100
AcDbLine
10
75.8712005615234
20
-55.1473007202148
30
0.0
11
74.5659027099609
21
-55.9009017944336
31
0.0
39
0.0
210
0.0
220
0.0
230
1.0
0
LINE
5
3EC
330
17
100
AcDbEntity
67
0
8
0
62
256
6
ByLayer
370
-1
48
1.0
60
0
100
AcDbLine
10
74.5659027099609
20
-55.9009017944336
30
0.0
11
73.0503005981445
21
-55.0259017944336
31
0.0
39
0.0
210
0.0
220
0.0
230
1.0
0
LINE
5
3ED
330
17
100
AcDbEntity
67
0
8
0
62
256
6
ByLayer
370
-1
48
1.0
60
0
100
AcDbLine
10
73.0503005981445
20
-55.0259017944336
30
0.0
11
73.0503005981445
21
-53.2759017944336
31
0.0
39
0.0
210
0.0
220
0.0
230
1.0
0
LINE
5
3EE
330
17
100
AcDbEntity
67
0
8
0
62
256
6
ByLayer
370
-1
48
1.0
60
0
100
AcDbLine
10
73.0503005981445
20
-53.2759017944336
30
0.0
11
74.5279998779297
21
-52.4226989746094
31
0.0
39
0.0
210
0.0
220
0.0
230
1.0
0
LINE
5
3EF
330
17
100
AcDbEntity
67
0
8
0
62
256
6
ByLayer
370
-1
48
1.0
60
0
100
AcDbLine
10
74.5279998779297
20
-52.4226989746094
30
0.0
11
75.8712005615234
21
-55.1473007202148
31
0.0
39
0.0
210
0.0
220
0.0
230
1.0
0
LINE
5
3F0
330
17
100
AcDbEntity
67
0
8
0
62
256
6
ByLayer
370
-1
48
1.0
60
0
100
AcDbLine
10
36.7616004943848
20
-49.7629013061523
30
0.0
11
37.489200592041
21
-49.3428001403809
31
0.0
39
0.0
210
0.0
220
0.0
230
1.0
0
LINE
5
3F1
330
17
100
AcDbEntity
67
0
8
0
62
256
6
ByLayer
370
-1
48
1.0
60
0
100
AcDbLine
10
37.489200592041
20
-49.3428001403809
30
0.0
11
39.0046997070313
21
-50.2178001403809
31
0.0
39
0.0
210
0.0
220
0.0
230
1.0
0
LINE
5
3F2
330
17
100
AcDbEntity
67
0
8
0
62
256
6
ByLayer
370
-1
48
1.0
60
0
100
AcDbLine
10
39.0046997070313
20
-50.2178001403809
30
0.0
11
39.0046997070313
21
-51.9678001403809
31
0.0
39
0.0
210
0.0
220
0.0
230
1.0
0
LINE
5
3F3
330
17
100
AcDbEntity
67
0
8
0
62
256
6
ByLayer
370
-1
48
1.0
60
0
100
AcDbLine
10
39.0046997070313
20
-51.9678001403809
30
0.0
11
37.8669013977051
21
-52.6248016357422
31
0.0
39
0.0
210
0.0
220
0.0
230
1.0
0
LINE
5
3F4
330
17
100
AcDbEntity
67
0
8
0
62
256
6
ByLayer
370
-1
48
1.0
60
0
100
AcDbLine
10
37.8669013977051
20
-52.6248016357422
30
0.0
11
36.7616004943848
21
-49.7629013061523
31
0.0
39
0.0
210
0.0
220
0.0
230
1.0
0
LINE
5
3F5
330
17
100
AcDbEntity
67
0
8
0
62
256
6
ByLayer
370
-1
48
1.0
60
0
100
AcDbLine
10
42.5358009338379
20
-50.2178001403809
30
0.0
11
41.0203018188477
21
-49.3428001403809
31
0.0
39
0.0
210
0.0
220
0.0
230
1.0
0
LINE
5
3F6
330
17
100
AcDbEntity
67
0
8
0
62
256
6
ByLayer
370
-1
48
1.0
60
0
100
AcDbLine
10
41.0203018188477
20
-49.3428001403809
30
0.0
11
39.5046997070313
21
-50.2178001403809
31
0.0
39
0.0
210
0.0
220
0.0
230
1.0
0
LINE
5
3F7
330
17
100
AcDbEntity
67
0
8
0
62
256
6
ByLayer
370
-1
48
1.0
60
0
100
AcDbLine
10
39.5046997070313
20
-50.2178001403809
30
0.0
11
39.5046997070313
21
-51.9678001403809
31
0.0
39
0.0
210
0.0
220
0.0
230
1.0
0
LINE
5
3F8
330
17
100
AcDbEntity
67
0
8
0
62
256
6
ByLayer
370
-1
48
1.0
60
0
100
AcDbLine
10
39.5046997070313
20
-51.9678001403809
30
0.0
11
41.0203018188477
21
-52.8428993225098
31
0.0
39
0.0
210
0.0
220
0.0
230
1.0
0
LINE
5
3F9
330
17
100
AcDbEntity
67
0
8
0
62
256
6
ByLayer
370
-1
48
1.0
60
0
100
AcDbLine
10
41.0203018188477
20
-52.8428993225098
30
0.0
11
42.5358009338379
21
-51.9678001403809
31
0.0
39
0.0
210
0.0
220
0.0
230
1.0
0
LINE
5
3FA
330
17
100
AcDbEntity
67
0
8
0
62
256
6
ByLayer
370
-1
48
1.0
60
0
100
AcDbLine
10
42.5358009338379
20
-51.9678001403809
30
0.0
11
42.5358009338379
21
-50.2178001403809
31
0.0
39
0.0
210
0.0
220
0.0
230
1.0
0
LINE
5
3FB
330
17
100
AcDbEntity
67
0
8
0
62
256
6
ByLayer
370
-1
48
1.0
60
0
100
AcDbLine
10
46.0668983459473
20
-50.2178001403809
30
0.0
11
44.551399230957
21
-49.3428001403809
31
0.0
39
0.0
210
0.0
220
0.0
230
1.0
0
LINE
5
3FC
330
17
100
AcDbEntity
67
0
8
0
62
256
6
ByLayer
370
-1
48
1.0
60
0
100
AcDbLine
10
44.551399230957
20
-49.3428001403809
30
0.0
11
43.0358009338379
21
-50.2178001403809
31
0.0
39
0.0
210
0.0
220
0.0
230
1.0
0
LINE
5
3FD
330
17
100
AcDbEntity
67
0
8
0
62
256
6
ByLayer
370
-1
48
1.0
60
0
100
AcDbLine
10
43.0358009338379
20
-50.2178001403809
30
0.0
11
43.0358009338379
21
-51.9678001403809
31
0.0
39
0.0
210
0.0
220
0.0
230
1.0
0
LINE
5
3FE
330
17
100
AcDbEntity
67
0
8
0
62
256
6
ByLayer
370
-1
48
1.0
60
0
100
AcDbLine
10
43.0358009338379
20
-51.9678001403809
30
0.0
11
44.551399230957
21
-52.8428993225098
31
0.0
39
0.0
210
0.0
220
0.0
230
1.0
0
LINE
5
3FF
330
17
100
AcDbEntity
67
0
8
0
62
256
6
ByLayer
370
-1
48
1.0
60
0
100
AcDbLine
10
44.551399230957
20
-52.8428993225098
30
0.0
11
46.0668983459473
21
-51.9678001403809
31
0.0
39
0.0
210
0.0
220
0.0
230
1.0
0
LINE
5
400
330
17
100
AcDbEntity
67
0
8
0
62
256
6
ByLayer
370
-1
48
1.0
60
0
100
AcDbLine
10
46.0668983459473
20
-51.9678001403809
30
0.0
11
46.0668983459473
21
-50.2178001403809
31
0.0
39
0.0
210
0.0
220
0.0
230
1.0
0
LINE
5
401
330
17
100
AcDbEntity
67
0
8
0
62
256
6
ByLayer
370
-1
48
1.0
60
0
100
AcDbLine
10
49.5980987548828
20
-50.2178001403809
30
0.0
11
48.0825004577637
21
-49.3428001403809
31
0.0
39
0.0
210
0.0
220
0.0
230
1.0
0
LINE
5
402
330
17
100
AcDbEntity
67
0
8
0
62
256
6
ByLayer
370
-1
48
1.0
60
0
100
AcDbLine
10
48.0825004577637
20
-49.3428001403809
30
0.0
11
46.5668983459473
21
-50.2178001403809
31
0.0
39
0.0
210
0.0
220
0.0
230
1.0
0
LINE
5
403
330
17
100
AcDbEntity
67
0
8
0
62
256
6
ByLayer
370
-1
48
1.0
60
0
100
AcDbLine
10
46.5668983459473
20
-50.2178001403809
30
0.0
11
46.5668983459473
21
-51.9678001403809
31
0.0
39
0.0
210
0.0
220
0.0
230
1.0
0
LINE
5
404
330
17
100
AcDbEntity
67
0
8
0
62
256
6
ByLayer
370
-1
48
1.0
60
0
100
AcDbLine
10
46.5668983459473
20
-51.9678001403809
30
0.0
11
48.0825004577637
21
-52.8428993225098
31
0.0
39
0.0
210
0.0
220
0.0
230
1.0
0
LINE
5
405
330
17
100
AcDbEntity
67
0
8
0
62
256
6
ByLayer
370
-1
48
1.0
60
0
100
AcDbLine
10
48.0825004577637
20
-52.8428993225098
30
0.0
11
49.5980987548828
21
-51.9678001403809
31
0.0
39
0.0
210
0.0
220
0.0
230
1.0
0
LINE
5
406
330
17
100
AcDbEntity
67
0
8
0
62
256
6
ByLayer
370
-1
48
1.0
60
0
100
AcDbLine
10
49.5980987548828
20
-51.9678001403809
30
0.0
11
49.5980987548828
21
-50.2178001403809
31
0.0
39
0.0
210
0.0
220
0.0
230
1.0
0
LINE
5
407
330
17
100
AcDbEntity
67
0
8
0
62
256
6
ByLayer
370
-1
48
1.0
60
0
100
AcDbLine
10
53.1291999816895
20
-50.2178001403809
30
0.0
11
51.6136016845703
21
-49.3428001403809
31
0.0
39
0.0
210
0.0
220
0.0
230
1.0
0
LINE
5
408
330
17
100
AcDbEntity
67
0
8
0
62
256
6
ByLayer
370
-1
48
1.0
60
0
100
AcDbLine
10
51.6136016845703
20
-49.3428001403809
30
0.0
11
50.0980987548828
21
-50.2178001403809
31
0.0
39
0.0
210
0.0
220
0.0
230
1.0
0
LINE
5
409
330
17
100
AcDbEntity
67
0
8
0
62
256
6
ByLayer
370
-1
48
1.0
60
0
100
AcDbLine
10
50.0980987548828
20
-50.2178001403809
30
0.0
11
50.0980987548828
21
-51.9678001403809
31
0.0
39
0.0
210
0.0
220
0.0
230
1.0
0
LINE
5
40A
330
17
100
AcDbEntity
67
0
8
0
62
256
6
ByLayer
370
-1
48
1.0
60
0
100
AcDbLine
10
50.0980987548828
20
-51.9678001403809
30
0.0
11
51.6136016845703
21
-52.8428993225098
31
0.0
39
0.0
210
0.0
220
0.0
230
1.0
0
LINE
5
40B
330
17
100
AcDbEntity
67
0
8
0
62
256
6
ByLayer
370
-1
48
1.0
60
0
100
AcDbLine
10
51.6136016845703
20
-52.8428993225098
30
0.0
11
53.1291999816895
21
-51.9678001403809
31
0.0
39
0.0
210
0.0
220
0.0
230
1.0
0
LINE
5
40C
330
17
100
AcDbEntity
67
0
8
0
62
256
6
ByLayer
370
-1
48
1.0
60
0
100
AcDbLine
10
53.1291999816895
20
-51.9678001403809
30
0.0
11
53.1291999816895
21
-50.2178001403809
31
0.0
39
0.0
210
0.0
220
0.0
230
1.0
0
LINE
5
40D
330
17
100
AcDbEntity
67
0
8
0
62
256
6
ByLayer
370
-1
48
1.0
60
0
100
AcDbLine
10
56.6603012084961
20
-50.2178001403809
30
0.0
11
55.1446990966797
21
-49.3428001403809
31
0.0
39
0.0
210
0.0
220
0.0
230
1.0
0
LINE
5
40E
330
17
100
AcDbEntity
67
0
8
0
62
256
6
ByLayer
370
-1
48
1.0
60
0
100
AcDbLine
10
55.1446990966797
20
-49.3428001403809
30
0.0
11
53.6291999816895
21
-50.2178001403809
31
0.0
39
0.0
210
0.0
220
0.0
230
1.0
0
LINE
5
40F
330
17
100
AcDbEntity
67
0
8
0
62
256
6
ByLayer
370
-1
48
1.0
60
0
100
AcDbLine
10
53.6291999816895
20
-50.2178001403809
30
0.0
11
53.6291999816895
21
-51.9678001403809
31
0.0
39
0.0
210
0.0
220
0.0
230
1.0
0
LINE
5
410
330
17
100
AcDbEntity
67
0
8
0
62
256
6
ByLayer
370
-1
48
1.0
60
0
100
AcDbLine
10
53.6291999816895
20
-51.9678001403809
30
0.0
11
55.1446990966797
21
-52.8428993225098
31
0.0
39
0.0
210
0.0
220
0.0
230
1.0
0
LINE
5
411
330
17
100
AcDbEntity
67
0
8
0
62
256
6
ByLayer
370
-1
48
1.0
60
0
100
AcDbLine
10
55.1446990966797
20
-52.8428993225098
30
0.0
11
56.6603012084961
21
-51.9678001403809
31
0.0
39
0.0
210
0.0
220
0.0
230
1.0
0
LINE
5
412
330
17
100
AcDbEntity
67
0
8
0
62
256
6
ByLayer
370
-1
48
1.0
60
0
100
AcDbLine
10
56.6603012084961
20
-51.9678001403809
30
0.0
11
56.6603012084961
21
-50.2178001403809
31
0.0
39
0.0
210
0.0
220
0.0
230
1.0
0
LINE
5
413
330
17
100
AcDbEntity
67
0
8
0
62
256
6
ByLayer
370
-1
48
1.0
60
0
100
AcDbLine
10
60.1913986206055
20
-50.2178001403809
30
0.0
11
58.6758003234863
21
-49.3428001403809
31
0.0
39
0.0
210
0.0
220
0.0
230
1.0
0
LINE
5
414
330
17
100
AcDbEntity
67
0
8
0
62
256
6
ByLayer
370
-1
48
1.0
60
0
100
AcDbLine
10
58.6758003234863
20
-49.3428001403809
30
0.0
11
57.1603012084961
21
-50.2178001403809
31
0.0
39
0.0
210
0.0
220
0.0
230
1.0
0
LINE
5
415
330
17
100
AcDbEntity
67
0
8
0
62
256
6
ByLayer
370
-1
48
1.0
60
0
100
AcDbLine
10
57.1603012084961
20
-50.2178001403809
30
0.0
11
57.1603012084961
21
-51.9678001403809
31
0.0
39
0.0
210
0.0
220
0.0
230
1.0
0
LINE
5
416
330
17
100
AcDbEntity
67
0
8
0
62
256
6
ByLayer
370
-1
48
1.0
60
0
100
AcDbLine
10
57.1603012084961
20
-51.9678001403809
30
0.0
11
58.6758003234863
21
-52.8428993225098
31
0.0
39
0.0
210
0.0
220
0.0
230
1.0
0
LINE
5
417
330
17
100
AcDbEntity
67
0
8
0
62
256
6
ByLayer
370
-1
48
1.0
60
0
100
AcDbLine
10
58.6758003234863
20
-52.8428993225098
30
0.0
11
60.1913986206055
21
-51.9678001403809
31
0.0
39
0.0
210
0.0
220
0.0
230
1.0
0
LINE
5
418
330
17
100
AcDbEntity
67
0
8
0
62
256
6
ByLayer
370
-1
48
1.0
60
0
100
AcDbLine
10
60.1913986206055
20
-51.9678001403809
30
0.0
11
60.1913986206055
21
-50.2178001403809
31
0.0
39
0.0
210
0.0
220
0.0
230
1.0
0
LINE
5
419
330
17
100
AcDbEntity
67
0
8
0
62
256
6
ByLayer
370
-1
48
1.0
60
0
100
AcDbLine
10
63.7224998474121
20
-50.2178001403809
30
0.0
11
62.2070007324219
21
-49.3428001403809
31
0.0
39
0.0
210
0.0
220
0.0
230
1.0
0
LINE
5
41A
330
17
100
AcDbEntity
67
0
8
0
62
256
6
ByLayer
370
-1
48
1.0
60
0
100
AcDbLine
10
62.2070007324219
20
-49.3428001403809
30
0.0
11
60.6913986206055
21
-50.2178001403809
31
0.0
39
0.0
210
0.0
220
0.0
230
1.0
0
LINE
5
41B
330
17
100
AcDbEntity
67
0
8
0
62
256
6
ByLayer
370
-1
48
1.0
60
0
100
AcDbLine
10
60.6913986206055
20
-50.2178001403809
30
0.0
11
60.6913986206055
21
-51.9678001403809
31
0.0
39
0.0
210
0.0
220
0.0
230
1.0
0
LINE
5
41C
330
17
100
AcDbEntity
67
0
8
0
62
256
6
ByLayer
370
-1
48
1.0
60
0
100
AcDbLine
10
60.6913986206055
20
-51.9678001403809
30
0.0
11
62.2070007324219
21
-52.8428993225098
31
0.0
39
0.0
210
0.0
220
0.0
230
1.0
0
LINE
5
41D
330
17
100
AcDbEntity
67
0
8
0
62
256
6
ByLayer
370
-1
48
1.0
60
0
100
AcDbLine
10
62.2070007324219
20
-52.8428993225098
30
0.0
11
63.7224998474121
21
-51.9678001403809
31
0.0
39
0.0
210
0.0
220
0.0
230
1.0
0
LINE
5
41E
330
17
100
AcDbEntity
67
0
8
0
62
256
6
ByLayer
370
-1
48
1.0
60
0
100
AcDbLine
10
63.7224998474121
20
-51.9678001403809
30
0.0
11
63.7224998474121
21
-50.2178001403809
31
0.0
39
0.0
210
0.0
220
0.0
230
1.0
0
LINE
5
41F
330
17
100
AcDbEntity
67
0
8
0
62
256
6
ByLayer
370
-1
48
1.0
60
0
100
AcDbLine
10
67.2536010742188
20
-50.2178001403809
30
0.0
11
65.7380981445313
21
-49.3428001403809
31
0.0
39
0.0
210
0.0
220
0.0
230
1.0
0
LINE
5
420
330
17
100
AcDbEntity
67
0
8
0
62
256
6
ByLayer
370
-1
48
1.0
60
0
100
AcDbLine
10
65.7380981445313
20
-49.3428001403809
30
0.0
11
64.2225036621094
21
-50.2178001403809
31
0.0
39
0.0
210
0.0
220
0.0
230
1.0
0
LINE
5
421
330
17
100
AcDbEntity
67
0
8
0
62
256
6
ByLayer
370
-1
48
1.0
60
0
100
AcDbLine
10
64.2225036621094
20
-50.2178001403809
30
0.0
11
64.2225036621094
21
-51.9678001403809
31
0.0
39
0.0
210
0.0
220
0.0
230
1.0
0
LINE
5
422
330
17
100
AcDbEntity
67
0
8
0
62
256
6
ByLayer
370
-1
48
1.0
60
0
100
AcDbLine
10
64.2225036621094
20
-51.9678001403809
30
0.0
11
65.7380981445313
21
-52.8428993225098
31
0.0
39
0.0
210
0.0
220
0.0
230
1.0
0
LINE
5
423
330
17
100
AcDbEntity
67
0
8
0
62
256
6
ByLayer
370
-1
48
1.0
60
0
100
AcDbLine
10
65.7380981445313
20
-52.8428993225098
30
0.0
11
67.2536010742188
21
-51.9678001403809
31
0.0
39
0.0
210
0.0
220
0.0
230
1.0
0
LINE
5
424
330
17
100
AcDbEntity
67
0
8
0
62
256
6
ByLayer
370
-1
48
1.0
60
0
100
AcDbLine
10
67.2536010742188
20
-51.9678001403809
30
0.0
11
67.2536010742188
21
-50.2178001403809
31
0.0
39
0.0
210
0.0
220
0.0
230
1.0
0
LINE
5
425
330
17
100
AcDbEntity
67
0
8
0
62
256
6
ByLayer
370
-1
48
1.0
60
0
100
AcDbLine
10
70.7846984863281
20
-50.2178001403809
30
0.0
11
69.2692031860352
21
-49.3428001403809
31
0.0
39
0.0
210
0.0
220
0.0
230
1.0
0
LINE
5
426
330
17
100
AcDbEntity
67
0
8
0
62
256
6
ByLayer
370
-1
48
1.0
60
0
100
AcDbLine
10
69.2692031860352
20
-49.3428001403809
30
0.0
11
67.7536010742188
21
-50.2178001403809
31
0.0
39
0.0
210
0.0
220
0.0
230
1.0
0
LINE
5
427
330
17
100
AcDbEntity
67
0
8
0
62
256
6
ByLayer
370
-1
48
1.0
60
0
100
AcDbLine
10
67.7536010742188
20
-50.2178001403809
30
0.0
11
67.7536010742188
21
-51.9678001403809
31
0.0
39
0.0
210
0.0
220
0.0
230
1.0
0
LINE
5
428
330
17
100
AcDbEntity
67
0
8
0
62
256
6
ByLayer
370
-1
48
1.0
60
0
100
AcDbLine
10
67.7536010742188
20
-51.9678001403809
30
0.0
11
69.2692031860352
21
-52.8428993225098
31
0.0
39
0.0
210
0.0
220
0.0
230
1.0
0
LINE
5
429
330
17
100
AcDbEntity
67
0
8
0
62
256
6
ByLayer
370
-1
48
1.0
60
0
100
AcDbLine
10
69.2692031860352
20
-52.8428993225098
30
0.0
11
70.7846984863281
21
-51.9678001403809
31
0.0
39
0.0
210
0.0
220
0.0
230
1.0
0
LINE
5
42A
330
17
100
AcDbEntity
67
0
8
0
62
256
6
ByLayer
370
-1
48
1.0
60
0
100
AcDbLine
10
70.7846984863281
20
-51.9678001403809
30
0.0
11
70.7846984863281
21
-50.2178001403809
31
0.0
39
0.0
210
0.0
220
0.0
230
1.0
0
LINE
5
42B
330
17
100
AcDbEntity
67
0
8
0
62
256
6
ByLayer
370
-1
48
1.0
60
0
100
AcDbLine
10
73.1942977905273
20
-49.717098236084
30
0.0
11
74.3065032958984
21
-51.9733009338379
31
0.0
39
0.0
210
0.0
220
0.0
230
1.0
0
LINE
5
42C
330
17
100
AcDbEntity
67
0
8
0
62
256
6
ByLayer
370
-1
48
1.0
60
0
100
AcDbLine
10
74.3065032958984
20
-51.9733009338379
30
0.0
11
72.8003005981445
21
-52.8428993225098
31
0.0
39
0.0
210
0.0
220
0.0
230
1.0
0
LINE
5
42D
330
17
100
AcDbEntity
67
0
8
0
62
256
6
ByLayer
370
-1
48
1.0
60
0
100
AcDbLine
10
72.8003005981445
20
-52.8428993225098
30
0.0
11
71.2846984863281
21
-51.9678001403809
31
0.0
39
0.0
210
0.0
220
0.0
230
1.0
0
LINE
5
42E
330
17
100
AcDbEntity
67
0
8
0
62
256
6
ByLayer
370
-1
48
1.0
60
0
100
AcDbLine
10
71.2846984863281
20
-51.9678001403809
30
0.0
11
71.2846984863281
21
-50.2178001403809
31
0.0
39
0.0
210
0.0
220
0.0
230
1.0
0
LINE
5
42F
330
17
100
AcDbEntity
67
0
8
0
62
256
6
ByLayer
370
-1
48
1.0
60
0
100
AcDbLine
10
71.2846984863281
20
-50.2178001403809
30
0.0
11
72.8003005981445
21
-49.3428001403809
31
0.0
39
0.0
210
0.0
220
0.0
230
1.0
0
LINE
5
430
330
17
100
AcDbEntity
67
0
8
0
62
256
6
ByLayer
370
-1
48
1.0
60
0
100
AcDbLine
10
72.8003005981445
20
-49.3428001403809
30
0.0
11
73.1172027587891
21
-49.5257987976074
31
0.0
39
0.0
210
0.0
220
0.0
230
1.0
0
LINE
5
431
330
17
100
AcDbEntity
67
0
8
0
62
256
6
ByLayer
370
-1
48
1.0
60
0
100
AcDbLine
10
73.1172027587891
20
-49.5257987976074
30
0.0
11
73.1942977905273
21
-49.717098236084
31
0.0
39
0.0
210
0.0
220
0.0
230
1.0
0
LINE
5
432
330
17
100
AcDbEntity
67
0
8
0
62
256
6
ByLayer
370
-1
48
1.0
60
0
100
AcDbLine
10
35.4740982055664
20
-46.4287986755371
30
0.0
11
35.7235984802246
21
-46.2848014831543
31
0.0
39
0.0
210
0.0
220
0.0
230
1.0
0
LINE
5
433
330
17
100
AcDbEntity
67
0
8
0
62
256
6
ByLayer
370
-1
48
1.0
60
0
100
AcDbLine
10
35.7235984802246
20
-46.2848014831543
30
0.0
11
37.239200592041
21
-47.1598014831543
31
0.0
39
0.0
210
0.0
220
0.0
230
1.0
0
LINE
5
434
330
17
100
AcDbEntity
67
0
8
0
62
256
6
ByLayer
370
-1
48
1.0
60
0
100
AcDbLine
10
37.239200592041
20
-47.1598014831543
30
0.0
11
37.239200592041
21
-48.9098014831543
31
0.0
39
0.0
210
0.0
220
0.0
230
1.0
0
LINE
5
435
330
17
100
AcDbEntity
67
0
8
0
62
256
6
ByLayer
370
-1
48
1.0
60
0
100
AcDbLine
10
37.239200592041
20
-48.9098014831543
30
0.0
11
36.5792999267578
21
-49.2907981872559
31
0.0
39
0.0
210
0.0
220
0.0
230
1.0
0
LINE
5
436
330
17
100
AcDbEntity
67
0
8
0
62
256
6
ByLayer
370
-1
48
1.0
60
0
100
AcDbLine
10
36.5792999267578
20
-49.2907981872559
30
0.0
11
35.4740982055664
21
-46.4287986755371
31
0.0
39
0.0
210
0.0
220
0.0
230
1.0
0
LINE
5
437
330
17
100
AcDbEntity
67
0
8
0
62
256
6
ByLayer
370
-1
48
1.0
60
0
100
AcDbLine
10
40.7703018188477
20
-47.1598014831543
30
0.0
11
39.2546997070313
21
-46.2848014831543
31
0.0
39
0.0
210
0.0
220
0.0
230
1.0
0
LINE
5
438
330
17
100
AcDbEntity
67
0
8
0
62
256
6
ByLayer
370
-1
48
1.0
60
0
100
AcDbLine
10
39.2546997070313
20
-46.2848014831543
30
0.0
11
37.739200592041
21
-47.1598014831543
31
0.0
39
0.0
210
0.0
220
0.0
230
1.0
0
LINE
5
439
330
17
100
AcDbEntity
67
0
8
0
62
256
6
ByLayer
370
-1
48
1.0
60
0
100
AcDbLine
10
37.739200592041
20
-47.1598014831543
30
0.0
11
37.739200592041
21
-48.9098014831543
31
0.0
39
0.0
210
0.0
220
0.0
230
1.0
0
LINE
5
43A
330
17
100
AcDbEntity
67
0
8
0
62
256
6
ByLayer
370
-1
48
1.0
60
0
100
AcDbLine
10
37.739200592041
20
-48.9098014831543
30
0.0
11
39.2546997070313
21
-49.7848014831543
31
0.0
39
0.0
210
0.0
220
0.0
230
1.0
0
LINE
5
43B
330
17
100
AcDbEntity
67
0
8
0
62
256
6
ByLayer
370
-1
48
1.0
60
0
100
AcDbLine
10
39.2546997070313
20
-49.7848014831543
30
0.0
11
40.7703018188477
21
-48.9098014831543
31
0.0
39
0.0
210
0.0
220
0.0
230
1.0
0
LINE
5
43C
330
17
100
AcDbEntity
67
0
8
0
62
256
6
ByLayer
370
-1
48
1.0
60
0
100
AcDbLine
10
40.7703018188477
20
-48.9098014831543
30
0.0
11
40.7703018188477
21
-47.1598014831543
31
0.0
39
0.0
210
0.0
220
0.0
230
1.0
0
LINE
5
43D
330
17
100
AcDbEntity
67
0
8
0
62
256
6
ByLayer
370
-1
48
1.0
60
0
100
AcDbLine
10
44.301399230957
20
-47.1598014831543
30
0.0
11
42.7858009338379
21
-46.2848014831543
31
0.0
39
0.0
210
0.0
220
0.0
230
1.0
0
LINE
5
43E
330
17
100
AcDbEntity
67
0
8
0
62
256
6
ByLayer
370
-1
48
1.0
60
0
100
AcDbLine
10
42.7858009338379
20
-46.2848014831543
30
0.0
11
41.2703018188477
21
-47.1598014831543
31
0.0
39
0.0
210
0.0
220
0.0
230
1.0
0
LINE
5
43F
330
17
100
AcDbEntity
67
0
8
0
62
256
6
ByLayer
370
-1
48
1.0
60
0
100
AcDbLine
10
41.2703018188477
20
-47.1598014831543
30
0.0
11
41.2703018188477
21
-48.9098014831543
31
0.0
39
0.0
210
0.0
220
0.0
230
1.0
0
LINE
5
440
330
17
100
AcDbEntity
67
0
8
0
62
256
6
ByLayer
370
-1
48
1.0
60
0
100
AcDbLine
10
41.2703018188477
20
-48.9098014831543
30
0.0
11
42.7858009338379
21
-49.7848014831543
31
0.0
39
0.0
210
0.0
220
0.0
230
1.0
0
LINE
5
441
330
17
100
AcDbEntity
67
0
8
0
62
256
6
ByLayer
370
-1
48
1.0
60
0
100
AcDbLine
10
42.7858009338379
20
-49.7848014831543
30
0.0
11
44.301399230957
21
-48.9098014831543
31
0.0
39
0.0
210
0.0
220
0.0
230
1.0
0
LINE
5
442
330
17
100
AcDbEntity
67
0
8
0
62
256
6
ByLayer
370
-1
48
1.0
60
0
100
AcDbLine
10
44.301399230957
20
-48.9098014831543
30
0.0
11
44.301399230957
21
-47.1598014831543
31
0.0
39
0.0
210
0.0
220
0.0
230
1.0
0
LINE
5
443
330
17
100
AcDbEntity
67
0
8
0
62
256
6
ByLayer
370
-1
48
1.0
60
0
100
AcDbLine
10
47.8325004577637
20
-47.1598014831543
30
0.0
11
46.3168983459473
21
-46.2848014831543
31
0.0
39
0.0
210
0.0
220
0.0
230
1.0
0
LINE
5
444
330
17
100
AcDbEntity
67
0
8
0
62
256
6
ByLayer
370
-1
48
1.0
60
0
100
AcDbLine
10
46.3168983459473
20
-46.2848014831543
30
0.0
11
44.801399230957
21
-47.1598014831543
31
0.0
39
0.0
210
0.0
220
0.0
230
1.0
0
LINE
5
445
330
17
100
AcDbEntity
67
0
8
0
62
256
6
ByLayer
370
-1
48
1.0
60
0
100
AcDbLine
10
44.801399230957
20
-47.1598014831543
30
0.0
11
44.801399230957
21
-48.9098014831543
31
0.0
39
0.0
210
0.0
220
0.0
230
1.0
0
LINE
5
446
330
17
100
AcDbEntity
67
0
8
0
62
256
6
ByLayer
370
-1
48
1.0
60
0
100
AcDbLine
10
44.801399230957
20
-48.9098014831543
30
0.0
11
46.3168983459473
21
-49.7848014831543
31
0.0
39
0.0
210
0.0
220
0.0
230
1.0
0
LINE
5
447
330
17
100
AcDbEntity
67
0
8
0
62
256
6
ByLayer
370
-1
48
1.0
60
0
100
AcDbLine
10
46.3168983459473
20
-49.7848014831543
30
0.0
11
47.8325004577637
21
-48.9098014831543
31
0.0
39
0.0
210
0.0
220
0.0
230
1.0
0
LINE
5
448
330
17
100
AcDbEntity
67
0
8
0
62
256
6
ByLayer
370
-1
48
1.0
60
0
100
AcDbLine
10
47.8325004577637
20
-48.9098014831543
30
0.0
11
47.8325004577637
21
-47.1598014831543
31
0.0
39
0.0
210
0.0
220
0.0
230
1.0
0
LINE
5
449
330
17
100
AcDbEntity
67
0
8
0
62
256
6
ByLayer
370
-1
48
1.0
60
0
100
AcDbLine
10
51.3636016845703
20
-47.1598014831543
30
0.0
11
49.8480987548828
21
-46.2848014831543
31
0.0
39
0.0
210
0.0
220
0.0
230
1.0
0
LINE
5
44A
330
17
100
AcDbEntity
67
0
8
0
62
256
6
ByLayer
370
-1
48
1.0
60
0
100
AcDbLine
10
49.8480987548828
20
-46.2848014831543
30
0.0
11
48.3325004577637
21
-47.1598014831543
31
0.0
39
0.0
210
0.0
220
0.0
230
1.0
0
LINE
5
44B
330
17
100
AcDbEntity
67
0
8
0
62
256
6
ByLayer
370
-1
48
1.0
60
0
100
AcDbLine
10
48.3325004577637
20
-47.1598014831543
30
0.0
11
48.3325004577637
21
-48.9098014831543
31
0.0
39
0.0
210
0.0
220
0.0
230
1.0
0
LINE
5
44C
330
17
100
AcDbEntity
67
0
8
0
62
256
6
ByLayer
370
-1
48
1.0
60
0
100
AcDbLine
10
48.3325004577637
20
-48.9098014831543
30
0.0
11
49.8480987548828
21
-49.7848014831543
31
0.0
39
0.0
210
0.0
220
0.0
230
1.0
0
LINE
5
44D
330
17
100
AcDbEntity
67
0
8
0
62
256
6
ByLayer
370
-1
48
1.0
60
0
100
AcDbLine
10
49.8480987548828
20
-49.7848014831543
30
0.0
11
51.3636016845703
21
-48.9098014831543
31
0.0
39
0.0
210
0.0
220
0.0
230
1.0
0
LINE
5
44E
330
17
100
AcDbEntity
67
0
8
0
62
256
6
ByLayer
370
-1
48
1.0
60
0
100
AcDbLine
10
51.3636016845703
20
-48.9098014831543
30
0.0
11
51.3636016845703
21
-47.1598014831543
31
0.0
39
0.0
210
0.0
220
0.0
230
1.0
0
LINE
5
44F
330
17
100
AcDbEntity
67
0
8
0
62
256
6
ByLayer
370
-1
48
1.0
60
0
100
AcDbLine
10
54.8946990966797
20
-47.1598014831543
30
0.0
11
53.3791999816895
21
-46.2848014831543
31
0.0
39
0.0
210
0.0
220
0.0
230
1.0
0
LINE
5
450
330
17
100
AcDbEntity
67
0
8
0
62
256
6
ByLayer
370
-1
48
1.0
60
0
100
AcDbLine
10
53.3791999816895
20
-46.2848014831543
30
0.0
11
51.8636016845703
21
-47.1598014831543
31
0.0
39
0.0
210
0.0
220
0.0
230
1.0
0
LINE
5
451
330
17
100
AcDbEntity
67
0
8
0
62
256
6
ByLayer
370
-1
48
1.0
60
0
100
AcDbLine
10
51.8636016845703
20
-47.1598014831543
30
0.0
11
51.8636016845703
21
-48.9098014831543
31
0.0
39
0.0
210
0.0
220
0.0
230
1.0
0
LINE
5
452
330
17
100
AcDbEntity
67
0
8
0
62
256
6
ByLayer
370
-1
48
1.0
60
0
100
AcDbLine
10
51.8636016845703
20
-48.9098014831543
30
0.0
11
53.3791999816895
21
-49.7848014831543
31
0.0
39
0.0
210
0.0
220
0.0
230
1.0
0
LINE
5
453
330
17
100
AcDbEntity
67
0
8
0
62
256
6
ByLayer
370
-1
48
1.0
60
0
100
AcDbLine
10
53.3791999816895
20
-49.7848014831543
30
0.0
11
54.8946990966797
21
-48.9098014831543
31
0.0
39
0.0
210
0.0
220
0.0
230
1.0
0
LINE
5
454
330
17
100
AcDbEntity
67
0
8
0
62
256
6
ByLayer
370
-1
48
1.0
60
0
100
AcDbLine
10
54.8946990966797
20
-48.9098014831543
30
0.0
11
54.8946990966797
21
-47.1598014831543
31
0.0
39
0.0
210
0.0
220
0.0
230
1.0
0
LINE
5
455
330
17
100
AcDbEntity
67
0
8
0
62
256
6
ByLayer
370
-1
48
1.0
60
0
100
AcDbLine
10
58.4258003234863
20
-47.1598014831543
30
0.0
11
56.9103012084961
21
-46.2848014831543
31
0.0
39
0.0
210
0.0
220
0.0
230
1.0
0
LINE
5
456
330
17
100
AcDbEntity
67
0
8
0
62
256
6
ByLayer
370
-1
48
1.0
60
0
100
AcDbLine
10
56.9103012084961
20
-46.2848014831543
30
0.0
11
55.3946990966797
21
-47.1598014831543
31
0.0
39
0.0
210
0.0
220
0.0
230
1.0
0
LINE
5
457
330
17
100
AcDbEntity
67
0
8
0
62
256
6
ByLayer
370
-1
48
1.0
60
0
100
AcDbLine
10
55.3946990966797
20
-47.1598014831543
30
0.0
11
55.3946990966797
21
-48.9098014831543
31
0.0
39
0.0
210
0.0
220
0.0
230
1.0
0
LINE
5
458
330
17
100
AcDbEntity
67
0
8
0
62
256
6
ByLayer
370
-1
48
1.0
60
0
100
AcDbLine
10
55.3946990966797
20
-48.9098014831543
30
0.0
11
56.9103012084961
21
-49.7848014831543
31
0.0
39
0.0
210
0.0
220
0.0
230
1.0
0
LINE
5
459
330
17
100
AcDbEntity
67
0
8
0
62
256
6
ByLayer
370
-1
48
1.0
60
0
100
AcDbLine
10
56.9103012084961
20
-49.7848014831543
30
0.0
11
58.4258003234863
21
-48.9098014831543
31
0.0
39
0.0
210
0.0
220
0.0
230
1.0
0
LINE
5
45A
330
17
100
AcDbEntity
67
0
8
0
62
256
6
ByLayer
370
-1
48
1.0
60
0
100
AcDbLine
10
58.4258003234863
20
-48.9098014831543
30
0.0
11
58.4258003234863
21
-47.1598014831543
31
0.0
39
0.0
210
0.0
220
0.0
230
1.0
0
LINE
5
45B
330
17
100
AcDbEntity
67
0
8
0
62
256
6
ByLayer
370
-1
48
1.0
60
0
100
AcDbLine
10
61.9570007324219
20
-47.1598014831543
30
0.0
11
60.4413986206055
21
-46.2848014831543
31
0.0
39
0.0
210
0.0
220
0.0
230
1.0
0
LINE
5
45C
330
17
100
AcDbEntity
67
0
8
0
62
256
6
ByLayer
370
-1
48
1.0
60
0
100
AcDbLine
10
60.4413986206055
20
-46.2848014831543
30
0.0
11
58.9258003234863
21
-47.1598014831543
31
0.0
39
0.0
210
0.0
220
0.0
230
1.0
0
LINE
5
45D
330
17
100
AcDbEntity
67
0
8
0
62
256
6
ByLayer
370
-1
48
1.0
60
0
100
AcDbLine
10
58.9258003234863
20
-47.1598014831543
30
0.0
11
58.9258003234863
21
-48.9098014831543
31
0.0
39
0.0
210
0.0
220
0.0
230
1.0
0
LINE
5
45E
330
17
100
AcDbEntity
67
0
8
0
62
256
6
ByLayer
370
-1
48
1.0
60
0
100
AcDbLine
10
58.9258003234863
20
-48.9098014831543
30
0.0
11
60.4413986206055
21
-49.7848014831543
31
0.0
39
0.0
210
0.0
220
0.0
230
1.0
0
LINE
5
45F
330
17
100
AcDbEntity
67
0
8
0
62
256
6
ByLayer
370
-1
48
1.0
60
0
100
AcDbLine
10
60.4413986206055
20
-49.7848014831543
30
0.0
11
61.9570007324219
21
-48.9098014831543
31
0.0
39
0.0
210
0.0
220
0.0
230
1.0
0
LINE
5
460
330
17
100
AcDbEntity
67
0
8
0
62
256
6
ByLayer
370
-1
48
1.0
60
0
100
AcDbLine
10
61.9570007324219
20
-48.9098014831543
30
0.0
11
61.9570007324219
21
-47.1598014831543
31
0.0
39
0.0
210
0.0
220
0.0
230
1.0
0
LINE
5
461
330
17
100
AcDbEntity
67
0
8
0
62
256
6
ByLayer
370
-1
48
1.0
60
0
100
AcDbLine
10
65.4880981445313
20
-47.1598014831543
30
0.0
11
63.9724998474121
21
-46.2848014831543
31
0.0
39
0.0
210
0.0
220
0.0
230
1.0
0
LINE
5
462
330
17
100
AcDbEntity
67
0
8
0
62
256
6
ByLayer
370
-1
48
1.0
60
0
100
AcDbLine
10
63.9724998474121
20
-46.2848014831543
30
0.0
11
62.4570007324219
21
-47.1598014831543
31
0.0
39
0.0
210
0.0
220
0.0
230
1.0
0
LINE
5
463
330
17
100
AcDbEntity
67
0
8
0
62
256
6
ByLayer
370
-1
48
1.0
60
0
100
AcDbLine
10
62.4570007324219
20
-47.1598014831543
30
0.0
11
62.4570007324219
21
-48.9098014831543
31
0.0
39
0.0
210
0.0
220
0.0
230
1.0
0
LINE
5
464
330
17
100
AcDbEntity
67
0
8
0
62
256
6
ByLayer
370
-1
48
1.0
60
0
100
AcDbLine
10
62.4570007324219
20
-48.9098014831543
30
0.0
11
63.9724998474121
21
-49.7848014831543
31
0.0
39
0.0
210
0.0
220
0.0
230
1.0
0
LINE
5
465
330
17
100
AcDbEntity
67
0
8
0
62
256
6
ByLayer
370
-1
48
1.0
60
0
100
AcDbLine
10
63.9724998474121
20
-49.7848014831543
30
0.0
11
65.4880981445313
21
-48.9098014831543
31
0.0
39
0.0
210
0.0
220
0.0
230
1.0
0
LINE
5
466
330
17
100
AcDbEntity
67
0
8
0
62
256
6
ByLayer
370
-1
48
1.0
60
0
100
AcDbLine
10
65.4880981445313
20
-48.9098014831543
30
0.0
11
65.4880981445313
21
-47.1598014831543
31
0.0
39
0.0
210
0.0
220
0.0
230
1.0
0
LINE
5
467
330
17
100
AcDbEntity
67
0
8
0
62
256
6
ByLayer
370
-1
48
1.0
60
0
100
AcDbLine
10
69.0192031860352
20
-47.1598014831543
30
0.0
11
67.5036010742188
21
-46.2848014831543
31
0.0
39
0.0
210
0.0
220
0.0
230
1.0
0
LINE
5
468
330
17
100
AcDbEntity
67
0
8
0
62
256
6
ByLayer
370
-1
48
1.0
60
0
100
AcDbLine
10
67.5036010742188
20
-46.2848014831543
30
0.0
11
65.9880981445313
21
-47.1598014831543
31
0.0
39
0.0
210
0.0
220
0.0
230
1.0
0
LINE
5
469
330
17
100
AcDbEntity
67
0
8
0
62
256
6
ByLayer
370
-1
48
1.0
60
0
100
AcDbLine
10
65.9880981445313
20
-47.1598014831543
30
0.0
11
65.9880981445313
21
-48.9098014831543
31
0.0
39
0.0
210
0.0
220
0.0
230
1.0
0
LINE
5
46A
330
17
100
AcDbEntity
67
0
8
0
62
256
6
ByLayer
370
-1
48
1.0
60
0
100
AcDbLine
10
65.9880981445313
20
-48.9098014831543
30
0.0
11
67.5036010742188
21
-49.7848014831543
31
0.0
39
0.0
210
0.0
220
0.0
230
1.0
0
LINE
5
46B
330
17
100
AcDbEntity
67
0
8
0
62
256
6
ByLayer
370
-1
48
1.0
60
0
100
AcDbLine
10
67.5036010742188
20
-49.7848014831543
30
0.0
11
69.0192031860352
21
-48.9098014831543
31
0.0
39
0.0
210
0.0
220
0.0
230
1.0
0
LINE
5
46C
330
17
100
AcDbEntity
67
0
8
0
62
256
6
ByLayer
370
-1
48
1.0
60
0
100
AcDbLine
10
69.0192031860352
20
-48.9098014831543
30
0.0
11
69.0192031860352
21
-47.1598014831543
31
0.0
39
0.0
210
0.0
220
0.0
230
1.0
0
LINE
5
46D
330
17
100
AcDbEntity
67
0
8
0
62
256
6
ByLayer
370
-1
48
1.0
60
0
100
AcDbLine
10
72.5503005981445
20
-48.1189002990723
30
0.0
11
72.5503005981445
21
-48.9098014831543
31
0.0
39
0.0
210
0.0
220
0.0
230
1.0
0
LINE
5
46E
330
17
100
AcDbEntity
67
0
8
0
62
256
6
ByLayer
370
-1
48
1.0
60
0
100
AcDbLine
10
72.5503005981445
20
-48.9098014831543
30
0.0
11
71.0346984863281
21
-49.7848014831543
31
0.0
39
0.0
210
0.0
220
0.0
230
1.0
0
LINE
5
46F
330
17
100
AcDbEntity
67
0
8
0
62
256
6
ByLayer
370
-1
48
1.0
60
0
100
AcDbLine
10
71.0346984863281
20
-49.7848014831543
30
0.0
11
69.5192031860352
21
-48.9098014831543
31
0.0
39
0.0
210
0.0
220
0.0
230
1.0
0
LINE
5
470
330
17
100
AcDbEntity
67
0
8
0
62
256
6
ByLayer
370
-1
48
1.0
60
0
100
AcDbLine
10
69.5192031860352
20
-48.9098014831543
30
0.0
11
69.5192031860352
21
-47.1598014831543
31
0.0
39
0.0
210
0.0
220
0.0
230
1.0
0
LINE
5
471
330
17
100
AcDbEntity
67
0
8
0
62
256
6
ByLayer
370
-1
48
1.0
60
0
100
AcDbLine
10
69.5192031860352
20
-47.1598014831543
30
0.0
11
71.0346984863281
21
-46.2848014831543
31
0.0
39
0.0
210
0.0
220
0.0
230
1.0
0
LINE
5
472
330
17
100
AcDbEntity
67
0
8
0
62
256
6
ByLayer
370
-1
48
1.0
60
0
100
AcDbLine
10
71.0346984863281
20
-46.2848014831543
30
0.0
11
72.0466003417969
21
-46.8689994812012
31
0.0
39
0.0
210
0.0
220
0.0
230
1.0
0
LINE
5
473
330
17
100
AcDbEntity
67
0
8
0
62
256
6
ByLayer
370
-1
48
1.0
60
0
100
AcDbLine
10
72.0466003417969
20
-46.8689994812012
30
0.0
11
72.5503005981445
21
-48.1189002990723
31
0.0
39
0.0
210
0.0
220
0.0
230
1.0
0
LINE
5
474
330
17
100
AcDbEntity
67
0
8
0
62
256
6
ByLayer
370
-1
48
1.0
60
0
100
AcDbLine
10
34.317699432373
20
-43.434398651123
30
0.0
11
35.4735984802246
21
-44.1017990112305
31
0.0
39
0.0
210
0.0
220
0.0
230
1.0
0
LINE
5
475
330
17
100
AcDbEntity
67
0
8
0
62
256
6
ByLayer
370
-1
48
1.0
60
0
100
AcDbLine
10
35.4735984802246
20
-44.1017990112305
30
0.0
11
35.4735984802246
21
-45.8517990112305
31
0.0
39
0.0
210
0.0
220
0.0
230
1.0
0
LINE
5
476
330
17
100
AcDbEntity
67
0
8
0
62
256
6
ByLayer
370
-1
48
1.0
60
0
100
AcDbLine
10
35.4735984802246
20
-45.8517990112305
30
0.0
11
35.2918014526367
21
-45.9566993713379
31
0.0
39
0.0
210
0.0
220
0.0
230
1.0
0
LINE
5
477
330
17
100
AcDbEntity
67
0
8
0
62
256
6
ByLayer
370
-1
48
1.0
60
0
100
AcDbLine
10
35.2918014526367
20
-45.9566993713379
30
0.0
11
34.317699432373
21
-43.434398651123
31
0.0
39
0.0
210
0.0
220
0.0
230
1.0
0
LINE
5
478
330
17
100
AcDbEntity
67
0
8
0
62
256
6
ByLayer
370
-1
48
1.0
60
0
100
AcDbLine
10
39.0046997070313
20
-44.1017990112305
30
0.0
11
37.489200592041
21
-43.2266998291016
31
0.0
39
0.0
210
0.0
220
0.0
230
1.0
0
LINE
5
479
330
17
100
AcDbEntity
67
0
8
0
62
256
6
ByLayer
370
-1
48
1.0
60
0
100
AcDbLine
10
37.489200592041
20
-43.2266998291016
30
0.0
11
35.9735984802246
21
-44.1017990112305
31
0.0
39
0.0
210
0.0
220
0.0
230
1.0
0
LINE
5
47A
330
17
100
AcDbEntity
67
0
8
0
62
256
6
ByLayer
370
-1
48
1.0
60
0
100
AcDbLine
10
35.9735984802246
20
-44.1017990112305
30
0.0
11
35.9735984802246
21
-45.8517990112305
31
0.0
39
0.0
210
0.0
220
0.0
230
1.0
0
LINE
5
47B
330
17
100
AcDbEntity
67
0
8
0
62
256
6
ByLayer
370
-1
48
1.0
60
0
100
AcDbLine
10
35.9735984802246
20
-45.8517990112305
30
0.0
11
37.489200592041
21
-46.7267990112305
31
0.0
39
0.0
210
0.0
220
0.0
230
1.0
0
LINE
5
47C
330
17
100
AcDbEntity
67
0
8
0
62
256
6
ByLayer
370
-1
48
1.0
60
0
100
AcDbLine
10
37.489200592041
20
-46.7267990112305
30
0.0
11
39.0046997070313
21
-45.8517990112305
31
0.0
39
0.0
210
0.0
220
0.0
230
1.0
0
LINE
5
47D
330
17
100
AcDbEntity
67
0
8
0
62
256
6
ByLayer
370
-1
48
1.0
60
0
100
AcDbLine
10
39.0046997070313
20
-45.8517990112305
30
0.0
11
39.0046997070313
21
-44.1017990112305
31
0.0
39
0.0
210
0.0
220
0.0
230
1.0
0
LINE
5
47E
330
17
100
AcDbEntity
67
0
8
0
62
256
6
ByLayer
370
-1
48
1.0
60
0
100
AcDbLine
10
42.5358009338379
20
-44.1017990112305
30
0.0
11
41.0203018188477
21
-43.2266998291016
31
0.0
39
0.0
210
0.0
220
0.0
230
1.0
0
LINE
5
47F
330
17
100
AcDbEntity
67
0
8
0
62
256
6
ByLayer
370
-1
48
1.0
60
0
100
AcDbLine
10
41.0203018188477
20
-43.2266998291016
30
0.0
11
39.5046997070313
21
-44.1017990112305
31
0.0
39
0.0
210
0.0
220
0.0
230
1.0
0
LINE
5
480
330
17
100
AcDbEntity
67
0
8
0
62
256
6
ByLayer
370
-1
48
1.0
60
0
100
AcDbLine
10
39.5046997070313
20
-44.1017990112305
30
0.0
11
39.5046997070313
21
-45.8517990112305
31
0.0
39
0.0
210
0.0
220
0.0
230
1.0
0
LINE
5
481
330
17
100
AcDbEntity
67
0
8
0
62
256
6
ByLayer
370
-1
48
1.0
60
0
100
AcDbLine
10
39.5046997070313
20
-45.8517990112305
30
0.0
11
41.0203018188477
21
-46.7267990112305
31
0.0
39
0.0
210
0.0
220
0.0
230
1.0
0
LINE
5
482
330
17
100
AcDbEntity
67
0
8
0
62
256
6
ByLayer
370
-1
48
1.0
60
0
100
AcDbLine
10
41.0203018188477
20
-46.7267990112305
30
0.0
11
42.5358009338379
21
-45.8517990112305
31
0.0
39
0.0
210
0.0
220
0.0
230
1.0
0
LINE
5
483
330
17
100
AcDbEntity
67
0
8
0
62
256
6
ByLayer
370
-1
48
1.0
60
0
100
AcDbLine
10
42.5358009338379
20
-45.8517990112305
30
0.0
11
42.5358009338379
21
-44.1017990112305
31
0.0
39
0.0
210
0.0
220
0.0
230
1.0
0
LINE
5
484
330
17
100
AcDbEntity
67
0
8
0
62
256
6
ByLayer
370
-1
48
1.0
60
0
100
AcDbLine
10
46.0668983459473
20
-44.1017990112305
30
0.0
11
44.551399230957
21
-43.2266998291016
31
0.0
39
0.0
210
0.0
220
0.0
230
1.0
0
LINE
5
485
330
17
100
AcDbEntity
67
0
8
0
62
256
6
ByLayer
370
-1
48
1.0
60
0
100
AcDbLine
10
44.551399230957
20
-43.2266998291016
30
0.0
11
43.0358009338379
21
-44.1017990112305
31
0.0
39
0.0
210
0.0
220
0.0
230
1.0
0
LINE
5
486
330
17
100
AcDbEntity
67
0
8
0
62
256
6
ByLayer
370
-1
48
1.0
60
0
100
AcDbLine
10
43.0358009338379
20
-44.1017990112305
30
0.0
11
43.0358009338379
21
-45.8517990112305
31
0.0
39
0.0
210
0.0
220
0.0
230
1.0
0
LINE
5
487
330
17
100
AcDbEntity
67
0
8
0
62
256
6
ByLayer
370
-1
48
1.0
60
0
100
AcDbLine
10
43.0358009338379
20
-45.8517990112305
30
0.0
11
44.551399230957
21
-46.7267990112305
31
0.0
39
0.0
210
0.0
220
0.0
230
1.0
0
LINE
5
488
330
17
100
AcDbEntity
67
0
8
0
62
256
6
ByLayer
370
-1
48
1.0
60
0
100
AcDbLine
10
44.551399230957
20
-46.7267990112305
30
0.0
11
46.0668983459473
21
-45.8517990112305
31
0.0
39
0.0
210
0.0
220
0.0
230
1.0
0
LINE
5
489
330
17
100
AcDbEntity
67
0
8
0
62
256
6
ByLayer
370
-1
48
1.0
60
0
100
AcDbLine
10
46.0668983459473
20
-45.8517990112305
30
0.0
11
46.0668983459473
21
-44.1017990112305
31
0.0
39
0.0
210
0.0
220
0.0
230
1.0
0
LINE
5
48A
330
17
100
AcDbEntity
67
0
8
0
62
256
6
ByLayer
370
-1
48
1.0
60
0
100
AcDbLine
10
49.5980987548828
20
-44.1017990112305
30
0.0
11
48.0825004577637
21
-43.2266998291016
31
0.0
39
0.0
210
0.0
220
0.0
230
1.0
0
LINE
5
48B
330
17
100
AcDbEntity
67
0
8
0
62
256
6
ByLayer
370
-1
48
1.0
60
0
100
AcDbLine
10
48.0825004577637
20
-43.2266998291016
30
0.0
11
46.5668983459473
21
-44.1017990112305
31
0.0
39
0.0
210
0.0
220
0.0
230
1.0
0
LINE
5
48C
330
17
100
AcDbEntity
67
0
8
0
62
256
6
ByLayer
370
-1
48
1.0
60
0
100
AcDbLine
10
46.5668983459473
20
-44.1017990112305
30
0.0
11
46.5668983459473
21
-45.8517990112305
31
0.0
39
0.0
210
0.0
220
0.0
230
1.0
0
LINE
5
48D
330
17
100
AcDbEntity
67
0
8
0
62
256
6
ByLayer
370
-1
48
1.0
60
0
100
AcDbLine
10
46.5668983459473
20
-45.8517990112305
30
0.0
11
48.0825004577637
21
-46.7267990112305
31
0.0
39
0.0
210
0.0
220
0.0
230
1.0
0
LINE
5
48E
330
17
100
AcDbEntity
67
0
8
0
62
256
6
ByLayer
370
-1
48
1.0
60
0
100
AcDbLine
10
48.0825004577637
20
-46.7267990112305
30
0.0
11
49.5980987548828
21
-45.8517990112305
31
0.0
39
0.0
210
0.0
220
0.0
230
1.0
0
LINE
5
48F
330
17
100
AcDbEntity
67
0
8
0
62
256
6
ByLayer
370
-1
48
1.0
60
0
100
AcDbLine
10
49.5980987548828
20
-45.8517990112305
30
0.0
11
49.5980987548828
21
-44.1017990112305
31
0.0
39
0.0
210
0.0
220
0.0
230
1.0
0
LINE
5
490
330
17
100
AcDbEntity
67
0
8
0
62
256
6
ByLayer
370
-1
48
1.0
60
0
100
AcDbLine
10
53.1291999816895
20
-44.1017990112305
30
0.0
11
51.6136016845703
21
-43.2266998291016
31
0.0
39
0.0
210
0.0
220
0.0
230
1.0
0
LINE
5
491
330
17
100
AcDbEntity
67
0
8
0
62
256
6
ByLayer
370
-1
48
1.0
60
0
100
AcDbLine
10
51.6136016845703
20
-43.2266998291016
30
0.0
11
50.0980987548828
21
-44.1017990112305
31
0.0
39
0.0
210
0.0
220
0.0
230
1.0
0
LINE
5
492
330
17
100
AcDbEntity
67
0
8
0
62
256
6
ByLayer
370
-1
48
1.0
60
0
100
AcDbLine
10
50.0980987548828
20
-44.1017990112305
30
0.0
11
50.0980987548828
21
-45.8517990112305
31
0.0
39
0.0
210
0.0
220
0.0
230
1.0
0
LINE
5
493
330
17
100
AcDbEntity
67
0
8
0
62
256
6
ByLayer
370
-1
48
1.0
60
0
100
AcDbLine
10
50.0980987548828
20
-45.8517990112305
30
0.0
11
51.6136016845703
21
-46.7267990112305
31
0.0
39
0.0
210
0.0
220
0.0
230
1.0
0
LINE
5
494
330
17
100
AcDbEntity
67
0
8
0
62
256
6
ByLayer
370
-1
48
1.0
60
0
100
AcDbLine
10
51.6136016845703
20
-46.7267990112305
30
0.0
11
53.1291999816895
21
-45.8517990112305
31
0.0
39
0.0
210
0.0
220
0.0
230
1.0
0
LINE
5
495
330
17
100
AcDbEntity
67
0
8
0
62
256
6
ByLayer
370
-1
48
1.0
60
0
100
AcDbLine
10
53.1291999816895
20
-45.8517990112305
30
0.0
11
53.1291999816895
21
-44.1017990112305
31
0.0
39
0.0
210
0.0
220
0.0
230
1.0
0
LINE
5
496
330
17
100
AcDbEntity
67
0
8
0
62
256
6
ByLayer
370
-1
48
1.0
60
0
100
AcDbLine
10
56.6603012084961
20
-44.1017990112305
30
0.0
11
55.1446990966797
21
-43.2266998291016
31
0.0
39
0.0
210
0.0
220
0.0
230
1.0
0
LINE
5
497
330
17
100
AcDbEntity
67
0
8
0
62
256
6
ByLayer
370
-1
48
1.0
60
0
100
AcDbLine
10
55.1446990966797
20
-43.2266998291016
30
0.0
11
53.6291999816895
21
-44.1017990112305
31
0.0
39
0.0
210
0.0
220
0.0
230
1.0
0
LINE
5
498
330
17
100
AcDbEntity
67
0
8
0
62
256
6
ByLayer
370
-1
48
1.0
60
0
100
AcDbLine
10
53.6291999816895
20
-44.1017990112305
30
0.0
11
53.6291999816895
21
-45.8517990112305
31
0.0
39
0.0
210
0.0
220
0.0
230
1.0
0
LINE
5
499
330
17
100
AcDbEntity
67
0
8
0
62
256
6
ByLayer
370
-1
48
1.0
60
0
100
AcDbLine
10
53.6291999816895
20
-45.8517990112305
30
0.0
11
55.1446990966797
21
-46.7267990112305
31
0.0
39
0.0
210
0.0
220
0.0
230
1.0
0
LINE
5
49A
330
17
100
AcDbEntity
67
0
8
0
62
256
6
ByLayer
370
-1
48
1.0
60
0
100
AcDbLine
10
55.1446990966797
20
-46.7267990112305
30
0.0
11
56.6603012084961
21
-45.8517990112305
31
0.0
39
0.0
210
0.0
220
0.0
230
1.0
0
LINE
5
49B
330
17
100
AcDbEntity
67
0
8
0
62
256
6
ByLayer
370
-1
48
1.0
60
0
100
AcDbLine
10
56.6603012084961
20
-45.8517990112305
30
0.0
11
56.6603012084961
21
-44.1017990112305
31
0.0
39
0.0
210
0.0
220
0.0
230
1.0
0
LINE
5
49C
330
17
100
AcDbEntity
67
0
8
0
62
256
6
ByLayer
370
-1
48
1.0
60
0
100
AcDbLine
10
60.1913986206055
20
-44.1017990112305
30
0.0
11
58.6758003234863
21
-43.2266998291016
31
0.0
39
0.0
210
0.0
220
0.0
230
1.0
0
LINE
5
49D
330
17
100
AcDbEntity
67
0
8
0
62
256
6
ByLayer
370
-1
48
1.0
60
0
100
AcDbLine
10
58.6758003234863
20
-43.2266998291016
30
0.0
11
57.1603012084961
21
-44.1017990112305
31
0.0
39
0.0
210
0.0
220
0.0
230
1.0
0
LINE
5
49E
330
17
100
AcDbEntity
67
0
8
0
62
256
6
ByLayer
370
-1
48
1.0
60
0
100
AcDbLine
10
57.1603012084961
20
-44.1017990112305
30
0.0
11
57.1603012084961
21
-45.8517990112305
31
0.0
39
0.0
210
0.0
220
0.0
230
1.0
0
LINE
5
49F
330
17
100
AcDbEntity
67
0
8
0
62
256
6
ByLayer
370
-1
48
1.0
60
0
100
AcDbLine
10
57.1603012084961
20
-45.8517990112305
30
0.0
11
58.6758003234863
21
-46.7267990112305
31
0.0
39
0.0
210
0.0
220
0.0
230
1.0
0
LINE
5
4A0
330
17
100
AcDbEntity
67
0
8
0
62
256
6
ByLayer
370
-1
48
1.0
60
0
100
AcDbLine
10
58.6758003234863
20
-46.7267990112305
30
0.0
11
60.1913986206055
21
-45.8517990112305
31
0.0
39
0.0
210
0.0
220
0.0
230
1.0
0
LINE
5
4A1
330
17
100
AcDbEntity
67
0
8
0
62
256
6
ByLayer
370
-1
48
1.0
60
0
100
AcDbLine
10
60.1913986206055
20
-45.8517990112305
30
0.0
11
60.1913986206055
21
-44.1017990112305
31
0.0
39
0.0
210
0.0
220
0.0
230
1.0
0
LINE
5
4A2
330
17
100
AcDbEntity
67
0
8
0
62
256
6
ByLayer
370
-1
48
1.0
60
0
100
AcDbLine
10
63.7224998474121
20
-44.1017990112305
30
0.0
11
62.2070007324219
21
-43.2266998291016
31
0.0
39
0.0
210
0.0
220
0.0
230
1.0
0
LINE
5
4A3
330
17
100
AcDbEntity
67
0
8
0
62
256
6
ByLayer
370
-1
48
1.0
60
0
100
AcDbLine
10
62.2070007324219
20
-43.2266998291016
30
0.0
11
60.6913986206055
21
-44.1017990112305
31
0.0
39
0.0
210
0.0
220
0.0
230
1.0
0
LINE
5
4A4
330
17
100
AcDbEntity
67
0
8
0
62
256
6
ByLayer
370
-1
48
1.0
60
0
100
AcDbLine
10
60.6913986206055
20
-44.1017990112305
30
0.0
11
60.6913986206055
21
-45.8517990112305
31
0.0
39
0.0
210
0.0
220
0.0
230
1.0
0
LINE
5
4A5
330
17
100
AcDbEntity
67
0
8
0
62
256
6
ByLayer
370
-1
48
1.0
60
0
100
AcDbLine
10
60.6913986206055
20
-45.8517990112305
30
0.0
11
62.2070007324219
21
-46.7267990112305
31
0.0
39
0.0
210
0.0
220
0.0
230
1.0
0
LINE
5
4A6
330
17
100
AcDbEntity
67
0
8
0
62
256
6
ByLayer
370
-1
48
1.0
60
0
100
AcDbLine
10
62.2070007324219
20
-46.7267990112305
30
0.0
11
63.7224998474121
21
-45.8517990112305
31
0.0
39
0.0
210
0.0
220
0.0
230
1.0
0
LINE
5
4A7
330
17
100
AcDbEntity
67
0
8
0
62
256
6
ByLayer
370
-1
48
1.0
60
0
100
AcDbLine
10
63.7224998474121
20
-45.8517990112305
30
0.0
11
63.7224998474121
21
-44.1017990112305
31
0.0
39
0.0
210
0.0
220
0.0
230
1.0
0
LINE
5
4A8
330
17
100
AcDbEntity
67
0
8
0
62
256
6
ByLayer
370
-1
48
1.0
60
0
100
AcDbLine
10
67.2536010742188
20
-44.1017990112305
30
0.0
11
65.7380981445313
21
-43.2266998291016
31
0.0
39
0.0
210
0.0
220
0.0
230
1.0
0
LINE
5
4A9
330
17
100
AcDbEntity
67
0
8
0
62
256
6
ByLayer
370
-1
48
1.0
60
0
100
AcDbLine
10
65.7380981445313
20
-43.2266998291016
30
0.0
11
64.2225036621094
21
-44.1017990112305
31
0.0
39
0.0
210
0.0
220
0.0
230
1.0
0
LINE
5
4AA
330
17
100
AcDbEntity
67
0
8
0
62
256
6
ByLayer
370
-1
48
1.0
60
0
100
AcDbLine
10
64.2225036621094
20
-44.1017990112305
30
0.0
11
64.2225036621094
21
-45.8517990112305
31
0.0
39
0.0
210
0.0
220
0.0
230
1.0
0
LINE
5
4AB
330
17
100
AcDbEntity
67
0
8
0
62
256
6
ByLayer
370
-1
48
1.0
60
0
100
AcDbLine
10
64.2225036621094
20
-45.8517990112305
30
0.0
11
65.7380981445313
21
-46.7267990112305
31
0.0
39
0.0
210
0.0
220
0.0
230
1.0
0
LINE
5
4AC
330
17
100
AcDbEntity
67
0
8
0
62
256
6
ByLayer
370
-1
48
1.0
60
0
100
AcDbLine
10
65.7380981445313
20
-46.7267990112305
30
0.0
11
67.2536010742188
21
-45.8517990112305
31
0.0
39
0.0
210
0.0
220
0.0
230
1.0
0
LINE
5
4AD
330
17
100
AcDbEntity
67
0
8
0
62
256
6
ByLayer
370
-1
48
1.0
60
0
100
AcDbLine
10
67.2536010742188
20
-45.8517990112305
30
0.0
11
67.2536010742188
21
-44.1017990112305
31
0.0
39
0.0
210
0.0
220
0.0
230
1.0
0
LINE
5
4AE
330
17
100
AcDbEntity
67
0
8
0
62
256
6
ByLayer
370
-1
48
1.0
60
0
100
AcDbLine
10
70.7846984863281
20
-44.1017990112305
30
0.0
11
69.2692031860352
21
-43.2266998291016
31
0.0
39
0.0
210
0.0
220
0.0
230
1.0
0
LINE
5
4AF
330
17
100
AcDbEntity
67
0
8
0
62
256
6
ByLayer
370
-1
48
1.0
60
0
100
AcDbLine
10
69.2692031860352
20
-43.2266998291016
30
0.0
11
67.7536010742188
21
-44.1017990112305
31
0.0
39
0.0
210
0.0
220
0.0
230
1.0
0
LINE
5
4B0
330
17
100
AcDbEntity
67
0
8
0
62
256
6
ByLayer
370
-1
48
1.0
60
0
100
AcDbLine
10
67.7536010742188
20
-44.1017990112305
30
0.0
11
67.7536010742188
21
-45.8517990112305
31
0.0
39
0.0
210
0.0
220
0.0
230
1.0
0
LINE
5
4B1
330
17
100
AcDbEntity
67
0
8
0
62
256
6
ByLayer
370
-1
48
1.0
60
0
100
AcDbLine
10
67.7536010742188
20
-45.8517990112305
30
0.0
11
69.2692031860352
21
-46.7267990112305
31
0.0
39
0.0
210
0.0
220
0.0
230
1.0
0
LINE
5
4B2
330
17
100
AcDbEntity
67
0
8
0
62
256
6
ByLayer
370
-1
48
1.0
60
0
100
AcDbLine
10
69.2692031860352
20
-46.7267990112305
30
0.0
11
70.7846984863281
21
-45.8517990112305
31
0.0
39
0.0
210
0.0
220
0.0
230
1.0
0
LINE
5
4B3
330
17
100
AcDbEntity
67
0
8
0
62
256
6
ByLayer
370
-1
48
1.0
60
0
100
AcDbLine
10
70.7846984863281
20
-45.8517990112305
30
0.0
11
70.7846984863281
21
-44.1017990112305
31
0.0
39
0.0
210
0.0
220
0.0
230
1.0
0
LINE
5
4B4
330
17
100
AcDbEntity
67
0
8
0
62
256
6
ByLayer
370
-1
48
1.0
60
0
100
AcDbLine
10
71.7434997558594
20
-46.1166000366211
30
0.0
11
71.2846984863281
21
-45.8517990112305
31
0.0
39
0.0
210
0.0
220
0.0
230
1.0
0
LINE
5
4B5
330
17
100
AcDbEntity
67
0
8
0
62
256
6
ByLayer
370
-1
48
1.0
60
0
100
AcDbLine
10
71.2846984863281
20
-45.8517990112305
30
0.0
11
71.2846984863281
21
-44.978199005127
31
0.0
39
0.0
210
0.0
220
0.0
230
1.0
0
LINE
5
4B6
330
17
100
AcDbEntity
67
0
8
0
62
256
6
ByLayer
370
-1
48
1.0
60
0
100
AcDbLine
10
71.2846984863281
20
-44.978199005127
30
0.0
11
71.7434997558594
21
-46.1166000366211
31
0.0
39
0.0
210
0.0
220
0.0
230
1.0
0
LINE
5
4B7
330
17
100
AcDbEntity
67
0
8
0
62
256
6
ByLayer
370
-1
48
1.0
60
0
100
AcDbLine
10
33.304500579834
20
-40.8106994628906
30
0.0
11
33.7080001831055
21
-41.043701171875
31
0.0
39
0.0
210
0.0
220
0.0
230
1.0
0
LINE
5
4B8
330
17
100
AcDbEntity
67
0
8
0
62
256
6
ByLayer
370
-1
48
1.0
60
0
100
AcDbLine
10
33.7080001831055
20
-41.043701171875
30
0.0
11
33.7080001831055
21
-41.8558006286621
31
0.0
39
0.0
210
0.0
220
0.0
230
1.0
0
LINE
5
4B9
330
17
100
AcDbEntity
67
0
8
0
62
256
6
ByLayer
370
-1
48
1.0
60
0
100
AcDbLine
10
33.7080001831055
20
-41.8558006286621
30
0.0
11
33.304500579834
21
-40.8106994628906
31
0.0
39
0.0
210
0.0
220
0.0
230
1.0
0
LINE
5
4BA
330
17
100
AcDbEntity
67
0
8
0
62
256
6
ByLayer
370
-1
48
1.0
60
0
100
AcDbLine
10
37.239200592041
20
-41.043701171875
30
0.0
11
35.7235984802246
21
-40.168701171875
31
0.0
39
0.0
210
0.0
220
0.0
230
1.0
0
LINE
5
4BB
330
17
100
AcDbEntity
67
0
8
0
62
256
6
ByLayer
370
-1
48
1.0
60
0
100
AcDbLine
10
35.7235984802246
20
-40.168701171875
30
0.0
11
34.2080001831055
21
-41.043701171875
31
0.0
39
0.0
210
0.0
220
0.0
230
1.0
0
LINE
5
4BC
330
17
100
AcDbEntity
67
0
8
0
62
256
6
ByLayer
370
-1
48
1.0
60
0
100
AcDbLine
10
34.2080001831055
20
-41.043701171875
30
0.0
11
34.2080001831055
21
-42.793701171875
31
0.0
39
0.0
210
0.0
220
0.0
230
1.0
0
LINE
5
4BD
330
17
100
AcDbEntity
67
0
8
0
62
256
6
ByLayer
370
-1
48
1.0
60
0
100
AcDbLine
10
34.2080001831055
20
-42.793701171875
30
0.0
11
35.7235984802246
21
-43.668701171875
31
0.0
39
0.0
210
0.0
220
0.0
230
1.0
0
LINE
5
4BE
330
17
100
AcDbEntity
67
0
8
0
62
256
6
ByLayer
370
-1
48
1.0
60
0
100
AcDbLine
10
35.7235984802246
20
-43.668701171875
30
0.0
11
37.239200592041
21
-42.793701171875
31
0.0
39
0.0
210
0.0
220
0.0
230
1.0
0
LINE
5
4BF
330
17
100
AcDbEntity
67
0
8
0
62
256
6
ByLayer
370
-1
48
1.0
60
0
100
AcDbLine
10
37.239200592041
20
-42.793701171875
30
0.0
11
37.239200592041
21
-41.043701171875
31
0.0
39
0.0
210
0.0
220
0.0
230
1.0
0
LINE
5
4C0
330
17
100
AcDbEntity
67
0
8
0
62
256
6
ByLayer
370
-1
48
1.0
60
0
100
AcDbLine
10
40.7703018188477
20
-41.043701171875
30
0.0
11
39.2546997070313
21
-40.168701171875
31
0.0
39
0.0
210
0.0
220
0.0
230
1.0
0
LINE
5
4C1
330
17
100
AcDbEntity
67
0
8
0
62
256
6
ByLayer
370
-1
48
1.0
60
0
100
AcDbLine
10
39.2546997070313
20
-40.168701171875
30
0.0
11
37.739200592041
21
-41.043701171875
31
0.0
39
0.0
210
0.0
220
0.0
230
1.0
0
LINE
5
4C2
330
17
100
AcDbEntity
67
0
8
0
62
256
6
ByLayer
370
-1
48
1.0
60
0
100
AcDbLine
10
37.739200592041
20
-41.043701171875
30
0.0
11
37.739200592041
21
-42.793701171875
31
0.0
39
0.0
210
0.0
220
0.0
230
1.0
0
LINE
5
4C3
330
17
100
AcDbEntity
67
0
8
0
62
256
6
ByLayer
370
-1
48
1.0
60
0
100
AcDbLine
10
37.739200592041
20
-42.793701171875
30
0.0
11
39.2546997070313
21
-43.668701171875
31
0.0
39
0.0
210
0.0
220
0.0
230
1.0
0
LINE
5
4C4
330
17
100
AcDbEntity
67
0
8
0
62
256
6
ByLayer
370
-1
48
1.0
60
0
100
AcDbLine
10
39.2546997070313
20
-43.668701171875
30
0.0
11
40.7703018188477
21
-42.793701171875
31
0.0
39
0.0
210
0.0
220
0.0
230
1.0
0
LINE
5
4C5
330
17
100
AcDbEntity
67
0
8
0
62
256
6
ByLayer
370
-1
48
1.0
60
0
100
AcDbLine
10
40.7703018188477
20
-42.793701171875
30
0.0
11
40.7703018188477
21
-41.043701171875
31
0.0
39
0.0
210
0.0
220
0.0
230
1.0
0
LINE
5
4C6
330
17
100
AcDbEntity
67
0
8
0
62
256
6
ByLayer
370
-1
48
1.0
60
0
100
AcDbLine
10
44.301399230957
20
-41.043701171875
30
0.0
11
42.7858009338379
21
-40.168701171875
31
0.0
39
0.0
210
0.0
220
0.0
230
1.0
0
LINE
5
4C7
330
17
100
AcDbEntity
67
0
8
0
62
256
6
ByLayer
370
-1
48
1.0
60
0
100
AcDbLine
10
42.7858009338379
20
-40.168701171875
30
0.0
11
41.2703018188477
21
-41.043701171875
31
0.0
39
0.0
210
0.0
220
0.0
230
1.0
0
LINE
5
4C8
330
17
100
AcDbEntity
67
0
8
0
62
256
6
ByLayer
370
-1
48
1.0
60
0
100
AcDbLine
10
41.2703018188477
20
-41.043701171875
30
0.0
11
41.2703018188477
21
-42.793701171875
31
0.0
39
0.0
210
0.0
220
0.0
230
1.0
0
LINE
5
4C9
330
17
100
AcDbEntity
67
0
8
0
62
256
6
ByLayer
370
-1
48
1.0
60
0
100
AcDbLine
10
41.2703018188477
20
-42.793701171875
30
0.0
11
42.7858009338379
21
-43.668701171875
31
0.0
39
0.0
210
0.0
220
0.0
230
1.0
0
LINE
5
4CA
330
17
100
AcDbEntity
67
0
8
0
62
256
6
ByLayer
370
-1
48
1.0
60
0
100
AcDbLine
10
42.7858009338379
20
-43.668701171875
30
0.0
11
44.301399230957
21
-42.793701171875
31
0.0
39
0.0
210
0.0
220
0.0
230
1.0
0
LINE
5
4CB
330
17
100
AcDbEntity
67
0
8
0
62
256
6
ByLayer
370
-1
48
1.0
60
0
100
AcDbLine
10
44.301399230957
20
-42.793701171875
30
0.0
11
44.301399230957
21
-41.043701171875
31
0.0
39
0.0
210
0.0
220
0.0
230
1.0
0
LINE
5
4CC
330
17
100
AcDbEntity
67
0
8
0
62
256
6
ByLayer
370
-1
48
1.0
60
0
100
AcDbLine
10
47.8325004577637
20
-41.043701171875
30
0.0
11
46.3168983459473
21
-40.168701171875
31
0.0
39
0.0
210
0.0
220
0.0
230
1.0
0
LINE
5
4CD
330
17
100
AcDbEntity
67
0
8
0
62
256
6
ByLayer
370
-1
48
1.0
60
0
100
AcDbLine
10
46.3168983459473
20
-40.168701171875
30
0.0
11
44.801399230957
21
-41.043701171875
31
0.0
39
0.0
210
0.0
220
0.0
230
1.0
0
LINE
5
4CE
330
17
100
AcDbEntity
67
0
8
0
62
256
6
ByLayer
370
-1
48
1.0
60
0
100
AcDbLine
10
44.801399230957
20
-41.043701171875
30
0.0
11
44.801399230957
21
-42.793701171875
31
0.0
39
0.0
210
0.0
220
0.0
230
1.0
0
LINE
5
4CF
330
17
100
AcDbEntity
67
0
8
0
62
256
6
ByLayer
370
-1
48
1.0
60
0
100
AcDbLine
10
44.801399230957
20
-42.793701171875
30
0.0
11
46.3168983459473
21
-43.668701171875
31
0.0
39
0.0
210
0.0
220
0.0
230
1.0
0
LINE
5
4D0
330
17
100
AcDbEntity
67
0
8
0
62
256
6
ByLayer
370
-1
48
1.0
60
0
100
AcDbLine
10
46.3168983459473
20
-43.668701171875
30
0.0
11
47.8325004577637
21
-42.793701171875
31
0.0
39
0.0
210
0.0
220
0.0
230
1.0
0
LINE
5
4D1
330
17
100
AcDbEntity
67
0
8
0
62
256
6
ByLayer
370
-1
48
1.0
60
0
100
AcDbLine
10
47.8325004577637
20
-42.793701171875
30
0.0
11
47.8325004577637
21
-41.043701171875
31
0.0
39
0.0
210
0.0
220
0.0
230
1.0
0
LINE
5
4D2
330
17
100
AcDbEntity
67
0
8
0
62
256
6
ByLayer
370
-1
48
1.0
60
0
100
AcDbLine
10
51.3636016845703
20
-41.043701171875
30
0.0
11
49.8480987548828
21
-40.168701171875
31
0.0
39
0.0
210
0.0
220
0.0
230
1.0
0
LINE
5
4D3
330
17
100
AcDbEntity
67
0
8
0
62
256
6
ByLayer
370
-1
48
1.0
60
0
100
AcDbLine
10
49.8480987548828
20
-40.168701171875
30
0.0
11
48.3325004577637
21
-41.043701171875
31
0.0
39
0.0
210
0.0
220
0.0
230
1.0
0
LINE
5
4D4
330
17
100
AcDbEntity
67
0
8
0
62
256
6
ByLayer
370
-1
48
1.0
60
0
100
AcDbLine
10
48.3325004577637
20
-41.043701171875
30
0.0
11
48.3325004577637
21
-42.793701171875
31
0.0
39
0.0
210
0.0
220
0.0
230
1.0
0
LINE
5
4D5
330
17
100
AcDbEntity
67
0
8
0
62
256
6
ByLayer
370
-1
48
1.0
60
0
100
AcDbLine
10
48.3325004577637
20
-42.793701171875
30
0.0
11
49.8480987548828
21
-43.668701171875
31
0.0
39
0.0
210
0.0
220
0.0
230
1.0
0
LINE
5
4D6
330
17
100
AcDbEntity
67
0
8
0
62
256
6
ByLayer
370
-1
48
1.0
60
0
100
AcDbLine
10
49.8480987548828
20
-43.668701171875
30
0.0
11
51.3636016845703
21
-42.793701171875
31
0.0
39
0.0
210
0.0
220
0.0
230
1.0
0
LINE
5
4D7
330
17
100
AcDbEntity
67
0
8
0
62
256
6
ByLayer
370
-1
48
1.0
60
0
100
AcDbLine
10
51.3636016845703
20
-42.793701171875
30
0.0
11
51.3636016845703
21
-41.043701171875
31
0.0
39
0.0
210
0.0
220
0.0
230
1.0
0
LINE
5
4D8
330
17
100
AcDbEntity
67
0
8
0
62
256
6
ByLayer
370
-1
48
1.0
60
0
100
AcDbLine
10
54.8946990966797
20
-41.043701171875
30
0.0
11
53.3791999816895
21
-40.168701171875
31
0.0
39
0.0
210
0.0
220
0.0
230
1.0
0
LINE
5
4D9
330
17
100
AcDbEntity
67
0
8
0
62
256
6
ByLayer
370
-1
48
1.0
60
0
100
AcDbLine
10
53.3791999816895
20
-40.168701171875
30
0.0
11
51.8636016845703
21
-41.043701171875
31
0.0
39
0.0
210
0.0
220
0.0
230
1.0
0
LINE
5
4DA
330
17
100
AcDbEntity
67
0
8
0
62
256
6
ByLayer
370
-1
48
1.0
60
0
100
AcDbLine
10
51.8636016845703
20
-41.043701171875
30
0.0
11
51.8636016845703
21
-42.793701171875
31
0.0
39
0.0
210
0.0
220
0.0
230
1.0
0
LINE
5
4DB
330
17
100
AcDbEntity
67
0
8
0
62
256
6
ByLayer
370
-1
48
1.0
60
0
100
AcDbLine
10
51.8636016845703
20
-42.793701171875
30
0.0
11
53.3791999816895
21
-43.668701171875
31
0.0
39
0.0
210
0.0
220
0.0
230
1.0
0
LINE
5
4DC
330
17
100
AcDbEntity
67
0
8
0
62
256
6
ByLayer
370
-1
48
1.0
60
0
100
AcDbLine
10
53.3791999816895
20
-43.668701171875
30
0.0
11
54.8946990966797
21
-42.793701171875
31
0.0
39
0.0
210
0.0
220
0.0
230
1.0
0
LINE
5
4DD
330
17
100
AcDbEntity
67
0
8
0
62
256
6
ByLayer
370
-1
48
1.0
60
0
100
AcDbLine
10
54.8946990966797
20
-42.793701171875
30
0.0
11
54.8946990966797
21
-41.043701171875
31
0.0
39
0.0
210
0.0
220
0.0
230
1.0
0
LINE
5
4DE
330
17
100
AcDbEntity
67
0
8
0
62
256
6
ByLayer
370
-1
48
1.0
60
0
100
AcDbLine
10
58.4258003234863
20
-41.043701171875
30
0.0
11
56.9103012084961
21
-40.168701171875
31
0.0
39
0.0
210
0.0
220
0.0
230
1.0
0
LINE
5
4DF
330
17
100
AcDbEntity
67
0
8
0
62
256
6
ByLayer
370
-1
48
1.0
60
0
100
AcDbLine
10
56.9103012084961
20
-40.168701171875
30
0.0
11
55.3946990966797
21
-41.043701171875
31
0.0
39
0.0
210
0.0
220
0.0
230
1.0
0
LINE
5
4E0
330
17
100
AcDbEntity
67
0
8
0
62
256
6
ByLayer
370
-1
48
1.0
60
0
100
AcDbLine
10
55.3946990966797
20
-41.043701171875
30
0.0
11
55.3946990966797
21
-42.793701171875
31
0.0
39
0.0
210
0.0
220
0.0
230
1.0
0
LINE
5
4E1
330
17
100
AcDbEntity
67
0
8
0
62
256
6
ByLayer
370
-1
48
1.0
60
0
100
AcDbLine
10
55.3946990966797
20
-42.793701171875
30
0.0
11
56.9103012084961
21
-43.668701171875
31
0.0
39
0.0
210
0.0
220
0.0
230
1.0
0
LINE
5
4E2
330
17
100
AcDbEntity
67
0
8
0
62
256
6
ByLayer
370
-1
48
1.0
60
0
100
AcDbLine
10
56.9103012084961
20
-43.668701171875
30
0.0
11
58.4258003234863
21
-42.793701171875
31
0.0
39
0.0
210
0.0
220
0.0
230
1.0
0
LINE
5
4E3
330
17
100
AcDbEntity
67
0
8
0
62
256
6
ByLayer
370
-1
48
1.0
60
0
100
AcDbLine
10
58.4258003234863
20
-42.793701171875
30
0.0
11
58.4258003234863
21
-41.043701171875
31
0.0
39
0.0
210
0.0
220
0.0
230
1.0
0
LINE
5
4E4
330
17
100
AcDbEntity
67
0
8
0
62
256
6
ByLayer
370
-1
48
1.0
60
0
100
AcDbLine
10
61.9570007324219
20
-41.043701171875
30
0.0
11
60.4413986206055
21
-40.168701171875
31
0.0
39
0.0
210
0.0
220
0.0
230
1.0
0
LINE
5
4E5
330
17
100
AcDbEntity
67
0
8
0
62
256
6
ByLayer
370
-1
48
1.0
60
0
100
AcDbLine
10
60.4413986206055
20
-40.168701171875
30
0.0
11
58.9258003234863
21
-41.043701171875
31
0.0
39
0.0
210
0.0
220
0.0
230
1.0
0
LINE
5
4E6
330
17
100
AcDbEntity
67
0
8
0
62
256
6
ByLayer
370
-1
48
1.0
60
0
100
AcDbLine
10
58.9258003234863
20
-41.043701171875
30
0.0
11
58.9258003234863
21
-42.793701171875
31
0.0
39
0.0
210
0.0
220
0.0
230
1.0
0
LINE
5
4E7
330
17
100
AcDbEntity
67
0
8
0
62
256
6
ByLayer
370
-1
48
1.0
60
0
100
AcDbLine
10
58.9258003234863
20
-42.793701171875
30
0.0
11
60.4413986206055
21
-43.668701171875
31
0.0
39
0.0
210
0.0
220
0.0
230
1.0
0
LINE
5
4E8
330
17
100
AcDbEntity
67
0
8
0
62
256
6
ByLayer
370
-1
48
1.0
60
0
100
AcDbLine
10
60.4413986206055
20
-43.668701171875
30
0.0
11
61.9570007324219
21
-42.793701171875
31
0.0
39
0.0
210
0.0
220
0.0
230
1.0
0
LINE
5
4E9
330
17
100
AcDbEntity
67
0
8
0
62
256
6
ByLayer
370
-1
48
1.0
60
0
100
AcDbLine
10
61.9570007324219
20
-42.793701171875
30
0.0
11
61.9570007324219
21
-41.043701171875
31
0.0
39
0.0
210
0.0
220
0.0
230
1.0
0
LINE
5
4EA
330
17
100
AcDbEntity
67
0
8
0
62
256
6
ByLayer
370
-1
48
1.0
60
0
100
AcDbLine
10
65.4880981445313
20
-41.043701171875
30
0.0
11
63.9724998474121
21
-40.168701171875
31
0.0
39
0.0
210
0.0
220
0.0
230
1.0
0
LINE
5
4EB
330
17
100
AcDbEntity
67
0
8
0
62
256
6
ByLayer
370
-1
48
1.0
60
0
100
AcDbLine
10
63.9724998474121
20
-40.168701171875
30
0.0
11
62.4570007324219
21
-41.043701171875
31
0.0
39
0.0
210
0.0
220
0.0
230
1.0
0
LINE
5
4EC
330
17
100
AcDbEntity
67
0
8
0
62
256
6
ByLayer
370
-1
48
1.0
60
0
100
AcDbLine
10
62.4570007324219
20
-41.043701171875
30
0.0
11
62.4570007324219
21
-42.793701171875
31
0.0
39
0.0
210
0.0
220
0.0
230
1.0
0
LINE
5
4ED
330
17
100
AcDbEntity
67
0
8
0
62
256
6
ByLayer
370
-1
48
1.0
60
0
100
AcDbLine
10
62.4570007324219
20
-42.793701171875
30
0.0
11
63.9724998474121
21
-43.668701171875
31
0.0
39
0.0
210
0.0
220
0.0
230
1.0
0
LINE
5
4EE
330
17
100
AcDbEntity
67
0
8
0
62
256
6
ByLayer
370
-1
48
1.0
60
0
100
AcDbLine
10
63.9724998474121
20
-43.668701171875
30
0.0
11
65.4880981445313
21
-42.793701171875
31
0.0
39
0.0
210
0.0
220
0.0
230
1.0
0
LINE
5
4EF
330
17
100
AcDbEntity
67
0
8
0
62
256
6
ByLayer
370
-1
48
1.0
60
0
100
AcDbLine
10
65.4880981445313
20
-42.793701171875
30
0.0
11
65.4880981445313
21
-41.043701171875
31
0.0
39
0.0
210
0.0
220
0.0
230
1.0
0
LINE
5
4F0
330
17
100
AcDbEntity
67
0
8
0
62
256
6
ByLayer
370
-1
48
1.0
60
0
100
AcDbLine
10
69.0192031860352
20
-41.043701171875
30
0.0
11
67.5036010742188
21
-40.168701171875
31
0.0
39
0.0
210
0.0
220
0.0
230
1.0
0
LINE
5
4F1
330
17
100
AcDbEntity
67
0
8
0
62
256
6
ByLayer
370
-1
48
1.0
60
0
100
AcDbLine
10
67.5036010742188
20
-40.168701171875
30
0.0
11
65.9880981445313
21
-41.043701171875
31
0.0
39
0.0
210
0.0
220
0.0
230
1.0
0
LINE
5
4F2
330
17
100
AcDbEntity
67
0
8
0
62
256
6
ByLayer
370
-1
48
1.0
60
0
100
AcDbLine
10
65.9880981445313
20
-41.043701171875
30
0.0
11
65.9880981445313
21
-42.793701171875
31
0.0
39
0.0
210
0.0
220
0.0
230
1.0
0
LINE
5
4F3
330
17
100
AcDbEntity
67
0
8
0
62
256
6
ByLayer
370
-1
48
1.0
60
0
100
AcDbLine
10
65.9880981445313
20
-42.793701171875
30
0.0
11
67.5036010742188
21
-43.668701171875
31
0.0
39
0.0
210
0.0
220
0.0
230
1.0
0
LINE
5
4F4
330
17
100
AcDbEntity
67
0
8
0
62
256
6
ByLayer
370
-1
48
1.0
60
0
100
AcDbLine
10
67.5036010742188
20
-43.668701171875
30
0.0
11
69.0192031860352
21
-42.793701171875
31
0.0
39
0.0
210
0.0
220
0.0
230
1.0
0
LINE
5
4F5
330
17
100
AcDbEntity
67
0
8
0
62
256
6
ByLayer
370
-1
48
1.0
60
0
100
AcDbLine
10
69.0192031860352
20
-42.793701171875
30
0.0
11
69.0192031860352
21
-41.043701171875
31
0.0
39
0.0
210
0.0
220
0.0
230
1.0
0
LINE
5
4F6
330
17
100
AcDbEntity
67
0
8
0
62
256
6
ByLayer
370
-1
48
1.0
60
0
100
AcDbLine
10
70.6728973388672
20
-43.4598007202148
30
0.0
11
69.5192031860352
21
-42.793701171875
31
0.0
39
0.0
210
0.0
220
0.0
230
1.0
0
LINE
5
4F7
330
17
100
AcDbEntity
67
0
8
0
62
256
6
ByLayer
370
-1
48
1.0
60
0
100
AcDbLine
10
69.5192031860352
20
-42.793701171875
30
0.0
11
69.5192031860352
21
-41.043701171875
31
0.0
39
0.0
210
0.0
220
0.0
230
1.0
0
LINE
5
4F8
330
17
100
AcDbEntity
67
0
8
0
62
256
6
ByLayer
370
-1
48
1.0
60
0
100
AcDbLine
10
69.5192031860352
20
-41.043701171875
30
0.0
11
69.6652984619141
21
-40.959300994873
31
0.0
39
0.0
210
0.0
220
0.0
230
1.0
0
LINE
5
4F9
330
17
100
AcDbEntity
67
0
8
0
62
256
6
ByLayer
370
-1
48
1.0
60
0
100
AcDbLine
10
69.6652984619141
20
-40.959300994873
30
0.0
11
70.6728973388672
21
-43.4598007202148
31
0.0
39
0.0
210
0.0
220
0.0
230
1.0
0
LINE
5
4FA
330
17
100
AcDbEntity
67
0
8
0
62
256
6
ByLayer
370
-1
48
1.0
60
0
100
AcDbLine
10
32.4425010681152
20
-38.5787010192871
30
0.0
11
32.4425010681152
21
-37.9856986999512
31
0.0
39
0.0
210
0.0
220
0.0
230
1.0
0
LINE
5
4FB
330
17
100
AcDbEntity
67
0
8
0
62
256
6
ByLayer
370
-1
48
1.0
60
0
100
AcDbLine
10
32.4425010681152
20
-37.9856986999512
30
0.0
11
33.9580001831055
21
-37.1106986999512
31
0.0
39
0.0
210
0.0
220
0.0
230
1.0
0
LINE
5
4FC
330
17
100
AcDbEntity
67
0
8
0
62
256
6
ByLayer
370
-1
48
1.0
60
0
100
AcDbLine
10
33.9580001831055
20
-37.1106986999512
30
0.0
11
35.4735984802246
21
-37.9856986999512
31
0.0
39
0.0
210
0.0
220
0.0
230
1.0
0
LINE
5
4FD
330
17
100
AcDbEntity
67
0
8
0
62
256
6
ByLayer
370
-1
48
1.0
60
0
100
AcDbLine
10
35.4735984802246
20
-37.9856986999512
30
0.0
11
35.4735984802246
21
-39.7356986999512
31
0.0
39
0.0
210
0.0
220
0.0
230
1.0
0
LINE
5
4FE
330
17
100
AcDbEntity
67
0
8
0
62
256
6
ByLayer
370
-1
48
1.0
60
0
100
AcDbLine
10
35.4735984802246
20
-39.7356986999512
30
0.0
11
33.9580001831055
21
-40.6106986999512
31
0.0
39
0.0
210
0.0
220
0.0
230
1.0
0
LINE
5
4FF
330
17
100
AcDbEntity
67
0
8
0
62
256
6
ByLayer
370
-1
48
1.0
60
0
100
AcDbLine
10
33.9580001831055
20
-40.6106986999512
30
0.0
11
33.0175018310547
21
-40.067699432373
31
0.0
39
0.0
210
0.0
220
0.0
230
1.0
0
LINE
5
500
330
17
100
AcDbEntity
67
0
8
0
62
256
6
ByLayer
370
-1
48
1.0
60
0
100
AcDbLine
10
33.0175018310547
20
-40.067699432373
30
0.0
11
32.4425010681152
21
-38.5787010192871
31
0.0
39
0.0
210
0.0
220
0.0
230
1.0
0
LINE
5
501
330
17
100
AcDbEntity
67
0
8
0
62
256
6
ByLayer
370
-1
48
1.0
60
0
100
AcDbLine
10
39.0046997070313
20
-37.9856986999512
30
0.0
11
37.489200592041
21
-37.1106986999512
31
0.0
39
0.0
210
0.0
220
0.0
230
1.0
0
LINE
5
502
330
17
100
AcDbEntity
67
0
8
0
62
256
6
ByLayer
370
-1
48
1.0
60
0
100
AcDbLine
10
37.489200592041
20
-37.1106986999512
30
0.0
11
35.9735984802246
21
-37.9856986999512
31
0.0
39
0.0
210
0.0
220
0.0
230
1.0
0
LINE
5
503
330
17
100
AcDbEntity
67
0
8
0
62
256
6
ByLayer
370
-1
48
1.0
60
0
100
AcDbLine
10
35.9735984802246
20
-37.9856986999512
30
0.0
11
35.9735984802246
21
-39.7356986999512
31
0.0
39
0.0
210
0.0
220
0.0
230
1.0
0
LINE
5
504
330
17
100
AcDbEntity
67
0
8
0
62
256
6
ByLayer
370
-1
48
1.0
60
0
100
AcDbLine
10
35.9735984802246
20
-39.7356986999512
30
0.0
11
37.489200592041
21
-40.6106986999512
31
0.0
39
0.0
210
0.0
220
0.0
230
1.0
0
LINE
5
505
330
17
100
AcDbEntity
67
0
8
0
62
256
6
ByLayer
370
-1
48
1.0
60
0
100
AcDbLine
10
37.489200592041
20
-40.6106986999512
30
0.0
11
39.0046997070313
21
-39.7356986999512
31
0.0
39
0.0
210
0.0
220
0.0
230
1.0
0
LINE
5
506
330
17
100
AcDbEntity
67
0
8
0
62
256
6
ByLayer
370
-1
48
1.0
60
0
100
AcDbLine
10
39.0046997070313
20
-39.7356986999512
30
0.0
11
39.0046997070313
21
-37.9856986999512
31
0.0
39
0.0
210
0.0
220
0.0
230
1.0
0
LINE
5
507
330
17
100
AcDbEntity
67
0
8
0
62
256
6
ByLayer
370
-1
48
1.0
60
0
100
AcDbLine
10
42.5358009338379
20
-37.9856986999512
30
0.0
11
41.0203018188477
21
-37.1106986999512
31
0.0
39
0.0
210
0.0
220
0.0
230
1.0
0
LINE
5
508
330
17
100
AcDbEntity
67
0
8
0
62
256
6
ByLayer
370
-1
48
1.0
60
0
100
AcDbLine
10
41.0203018188477
20
-37.1106986999512
30
0.0
11
39.5046997070313
21
-37.9856986999512
31
0.0
39
0.0
210
0.0
220
0.0
230
1.0
0
LINE
5
509
330
17
100
AcDbEntity
67
0
8
0
62
256
6
ByLayer
370
-1
48
1.0
60
0
100
AcDbLine
10
39.5046997070313
20
-37.9856986999512
30
0.0
11
39.5046997070313
21
-39.7356986999512
31
0.0
39
0.0
210
0.0
220
0.0
230
1.0
0
LINE
5
50A
330
17
100
AcDbEntity
67
0
8
0
62
256
6
ByLayer
370
-1
48
1.0
60
0
100
AcDbLine
10
39.5046997070313
20
-39.7356986999512
30
0.0
11
41.0203018188477
21
-40.6106986999512
31
0.0
39
0.0
210
0.0
220
0.0
230
1.0
0
LINE
5
50B
330
17
100
AcDbEntity
67
0
8
0
62
256
6
ByLayer
370
-1
48
1.0
60
0
100
AcDbLine
10
41.0203018188477
20
-40.6106986999512
30
0.0
11
42.5358009338379
21
-39.7356986999512
31
0.0
39
0.0
210
0.0
220
0.0
230
1.0
0
LINE
5
50C
330
17
100
AcDbEntity
67
0
8
0
62
256
6
ByLayer
370
-1
48
1.0
60
0
100
AcDbLine
10
42.5358009338379
20
-39.7356986999512
30
0.0
11
42.5358009338379
21
-37.9856986999512
31
0.0
39
0.0
210
0.0
220
0.0
230
1.0
0
LINE
5
50D
330
17
100
AcDbEntity
67
0
8
0
62
256
6
ByLayer
370
-1
48
1.0
60
0
100
AcDbLine
10
46.0668983459473
20
-37.9856986999512
30
0.0
11
44.551399230957
21
-37.1106986999512
31
0.0
39
0.0
210
0.0
220
0.0
230
1.0
0
LINE
5
50E
330
17
100
AcDbEntity
67
0
8
0
62
256
6
ByLayer
370
-1
48
1.0
60
0
100
AcDbLine
10
44.551399230957
20
-37.1106986999512
30
0.0
11
43.0358009338379
21
-37.9856986999512
31
0.0
39
0.0
210
0.0
220
0.0
230
1.0
0
LINE
5
50F
330
17
100
AcDbEntity
67
0
8
0
62
256
6
ByLayer
370
-1
48
1.0
60
0
100
AcDbLine
10
43.0358009338379
20
-37.9856986999512
30
0.0
11
43.0358009338379
21
-39.7356986999512
31
0.0
39
0.0
210
0.0
220
0.0
230
1.0
0
LINE
5
510
330
17
100
AcDbEntity
67
0
8
0
62
256
6
ByLayer
370
-1
48
1.0
60
0
100
AcDbLine
10
43.0358009338379
20
-39.7356986999512
30
0.0
11
44.551399230957
21
-40.6106986999512
31
0.0
39
0.0
210
0.0
220
0.0
230
1.0
0
LINE
5
511
330
17
100
AcDbEntity
67
0
8
0
62
256
6
ByLayer
370
-1
48
1.0
60
0
100
AcDbLine
10
44.551399230957
20
-40.6106986999512
30
0.0
11
46.0668983459473
21
-39.7356986999512
31
0.0
39
0.0
210
0.0
220
0.0
230
1.0
0
LINE
5
512
330
17
100
AcDbEntity
67
0
8
0
62
256
6
ByLayer
370
-1
48
1.0
60
0
100
AcDbLine
10
46.0668983459473
20
-39.7356986999512
30
0.0
11
46.0668983459473
21
-37.9856986999512
31
0.0
39
0.0
210
0.0
220
0.0
230
1.0
0
LINE
5
513
330
17
100
AcDbEntity
67
0
8
0
62
256
6
ByLayer
370
-1
48
1.0
60
0
100
AcDbLine
10
49.5980987548828
20
-37.9856986999512
30
0.0
11
48.0825004577637
21
-37.1106986999512
31
0.0
39
0.0
210
0.0
220
0.0
230
1.0
0
LINE
5
514
330
17
100
AcDbEntity
67
0
8
0
62
256
6
ByLayer
370
-1
48
1.0
60
0
100
AcDbLine
10
48.0825004577637
20
-37.1106986999512
30
0.0
11
46.5668983459473
21
-37.9856986999512
31
0.0
39
0.0
210
0.0
220
0.0
230
1.0
0
LINE
5
515
330
17
100
AcDbEntity
67
0
8
0
62
256
6
ByLayer
370
-1
48
1.0
60
0
100
AcDbLine
10
46.5668983459473
20
-37.9856986999512
30
0.0
11
46.5668983459473
21
-39.7356986999512
31
0.0
39
0.0
210
0.0
220
0.0
230
1.0
0
LINE
5
516
330
17
100
AcDbEntity
67
0
8
0
62
256
6
ByLayer
370
-1
48
1.0
60
0
100
AcDbLine
10
46.5668983459473
20
-39.7356986999512
30
0.0
11
48.0825004577637
21
-40.6106986999512
31
0.0
39
0.0
210
0.0
220
0.0
230
1.0
0
LINE
5
517
330
17
100
AcDbEntity
67
0
8
0
62
256
6
ByLayer
370
-1
48
1.0
60
0
100
AcDbLine
10
48.0825004577637
20
-40.6106986999512
30
0.0
11
49.5980987548828
21
-39.7356986999512
31
0.0
39
0.0
210
0.0
220
0.0
230
1.0
0
LINE
5
518
330
17
100
AcDbEntity
67
0
8
0
62
256
6
ByLayer
370
-1
48
1.0
60
0
100
AcDbLine
10
49.5980987548828
20
-39.7356986999512
30
0.0
11
49.5980987548828
21
-37.9856986999512
31
0.0
39
0.0
210
0.0
220
0.0
230
1.0
0
LINE
5
519
330
17
100
AcDbEntity
67
0
8
0
62
256
6
ByLayer
370
-1
48
1.0
60
0
100
AcDbLine
10
53.1291999816895
20
-37.9856986999512
30
0.0
11
51.6136016845703
21
-37.1106986999512
31
0.0
39
0.0
210
0.0
220
0.0
230
1.0
0
LINE
5
51A
330
17
100
AcDbEntity
67
0
8
0
62
256
6
ByLayer
370
-1
48
1.0
60
0
100
AcDbLine
10
51.6136016845703
20
-37.1106986999512
30
0.0
11
50.0980987548828
21
-37.9856986999512
31
0.0
39
0.0
210
0.0
220
0.0
230
1.0
0
LINE
5
51B
330
17
100
AcDbEntity
67
0
8
0
62
256
6
ByLayer
370
-1
48
1.0
60
0
100
AcDbLine
10
50.0980987548828
20
-37.9856986999512
30
0.0
11
50.0980987548828
21
-39.7356986999512
31
0.0
39
0.0
210
0.0
220
0.0
230
1.0
0
LINE
5
51C
330
17
100
AcDbEntity
67
0
8
0
62
256
6
ByLayer
370
-1
48
1.0
60
0
100
AcDbLine
10
50.0980987548828
20
-39.7356986999512
30
0.0
11
51.6136016845703
21
-40.6106986999512
31
0.0
39
0.0
210
0.0
220
0.0
230
1.0
0
LINE
5
51D
330
17
100
AcDbEntity
67
0
8
0
62
256
6
ByLayer
370
-1
48
1.0
60
0
100
AcDbLine
10
51.6136016845703
20
-40.6106986999512
30
0.0
11
53.1291999816895
21
-39.7356986999512
31
0.0
39
0.0
210
0.0
220
0.0
230
1.0
0
LINE
5
51E
330
17
100
AcDbEntity
67
0
8
0
62
256
6
ByLayer
370
-1
48
1.0
60
0
100
AcDbLine
10
53.1291999816895
20
-39.7356986999512
30
0.0
11
53.1291999816895
21
-37.9856986999512
31
0.0
39
0.0
210
0.0
220
0.0
230
1.0
0
LINE
5
51F
330
17
100
AcDbEntity
67
0
8
0
62
256
6
ByLayer
370
-1
48
1.0
60
0
100
AcDbLine
10
56.6603012084961
20
-37.9856986999512
30
0.0
11
55.1446990966797
21
-37.1106986999512
31
0.0
39
0.0
210
0.0
220
0.0
230
1.0
0
LINE
5
520
330
17
100
AcDbEntity
67
0
8
0
62
256
6
ByLayer
370
-1
48
1.0
60
0
100
AcDbLine
10
55.1446990966797
20
-37.1106986999512
30
0.0
11
53.6291999816895
21
-37.9856986999512
31
0.0
39
0.0
210
0.0
220
0.0
230
1.0
0
LINE
5
521
330
17
100
AcDbEntity
67
0
8
0
62
256
6
ByLayer
370
-1
48
1.0
60
0
100
AcDbLine
10
53.6291999816895
20
-37.9856986999512
30
0.0
11
53.6291999816895
21
-39.7356986999512
31
0.0
39
0.0
210
0.0
220
0.0
230
1.0
0
LINE
5
522
330
17
100
AcDbEntity
67
0
8
0
62
256
6
ByLayer
370
-1
48
1.0
60
0
100
AcDbLine
10
53.6291999816895
20
-39.7356986999512
30
0.0
11
55.1446990966797
21
-40.6106986999512
31
0.0
39
0.0
210
0.0
220
0.0
230
1.0
0
LINE
5
523
330
17
100
AcDbEntity
67
0
8
0
62
256
6
ByLayer
370
-1
48
1.0
60
0
100
AcDbLine
10
55.1446990966797
20
-40.6106986999512
30
0.0
11
56.6603012084961
21
-39.7356986999512
31
0.0
39
0.0
210
0.0
220
0.0
230
1.0
0
LINE
5
524
330
17
100
AcDbEntity
67
0
8
0
62
256
6
ByLayer
370
-1
48
1.0
60
0
100
AcDbLine
10
56.6603012084961
20
-39.7356986999512
30
0.0
11
56.6603012084961
21
-37.9856986999512
31
0.0
39
0.0
210
0.0
220
0.0
230
1.0
0
LINE
5
525
330
17
100
AcDbEntity
67
0
8
0
62
256
6
ByLayer
370
-1
48
1.0
60
0
100
AcDbLine
10
60.1913986206055
20
-37.9856986999512
30
0.0
11
58.6758003234863
21
-37.1106986999512
31
0.0
39
0.0
210
0.0
220
0.0
230
1.0
0
LINE
5
526
330
17
100
AcDbEntity
67
0
8
0
62
256
6
ByLayer
370
-1
48
1.0
60
0
100
AcDbLine
10
58.6758003234863
20
-37.1106986999512
30
0.0
11
57.1603012084961
21
-37.9856986999512
31
0.0
39
0.0
210
0.0
220
0.0
230
1.0
0
LINE
5
527
330
17
100
AcDbEntity
67
0
8
0
62
256
6
ByLayer
370
-1
48
1.0
60
0
100
AcDbLine
10
57.1603012084961
20
-37.9856986999512
30
0.0
11
57.1603012084961
21
-39.7356986999512
31
0.0
39
0.0
210
0.0
220
0.0
230
1.0
0
LINE
5
528
330
17
100
AcDbEntity
67
0
8
0
62
256
6
ByLayer
370
-1
48
1.0
60
0
100
AcDbLine
10
57.1603012084961
20
-39.7356986999512
30
0.0
11
58.6758003234863
21
-40.6106986999512
31
0.0
39
0.0
210
0.0
220
0.0
230
1.0
0
LINE
5
529
330
17
100
AcDbEntity
67
0
8
0
62
256
6
ByLayer
370
-1
48
1.0
60
0
100
AcDbLine
10
58.6758003234863
20
-40.6106986999512
30
0.0
11
60.1913986206055
21
-39.7356986999512
31
0.0
39
0.0
210
0.0
220
0.0
230
1.0
0
LINE
5
52A
330
17
100
AcDbEntity
67
0
8
0
62
256
6
ByLayer
370
-1
48
1.0
60
0
100
AcDbLine
10
60.1913986206055
20
-39.7356986999512
30
0.0
11
60.1913986206055
21
-37.9856986999512
31
0.0
39
0.0
210
0.0
220
0.0
230
1.0
0
LINE
5
52B
330
17
100
AcDbEntity
67
0
8
0
62
256
6
ByLayer
370
-1
48
1.0
60
0
100
AcDbLine
10
63.7224998474121
20
-37.9856986999512
30
0.0
11
62.2070007324219
21
-37.1106986999512
31
0.0
39
0.0
210
0.0
220
0.0
230
1.0
0
LINE
5
52C
330
17
100
AcDbEntity
67
0
8
0
62
256
6
ByLayer
370
-1
48
1.0
60
0
100
AcDbLine
10
62.2070007324219
20
-37.1106986999512
30
0.0
11
60.6913986206055
21
-37.9856986999512
31
0.0
39
0.0
210
0.0
220
0.0
230
1.0
0
LINE
5
52D
330
17
100
AcDbEntity
67
0
8
0
62
256
6
ByLayer
370
-1
48
1.0
60
0
100
AcDbLine
10
60.6913986206055
20
-37.9856986999512
30
0.0
11
60.6913986206055
21
-39.7356986999512
31
0.0
39
0.0
210
0.0
220
0.0
230
1.0
0
LINE
5
52E
330
17
100
AcDbEntity
67
0
8
0
62
256
6
ByLayer
370
-1
48
1.0
60
0
100
AcDbLine
10
60.6913986206055
20
-39.7356986999512
30
0.0
11
62.2070007324219
21
-40.6106986999512
31
0.0
39
0.0
210
0.0
220
0.0
230
1.0
0
LINE
5
52F
330
17
100
AcDbEntity
67
0
8
0
62
256
6
ByLayer
370
-1
48
1.0
60
0
100
AcDbLine
10
62.2070007324219
20
-40.6106986999512
30
0.0
11
63.7224998474121
21
-39.7356986999512
31
0.0
39
0.0
210
0.0
220
0.0
230
1.0
0
LINE
5
530
330
17
100
AcDbEntity
67
0
8
0
62
256
6
ByLayer
370
-1
48
1.0
60
0
100
AcDbLine
10
63.7224998474121
20
-39.7356986999512
30
0.0
11
63.7224998474121
21
-37.9856986999512
31
0.0
39
0.0
210
0.0
220
0.0
230
1.0
0
LINE
5
531
330
17
100
AcDbEntity
67
0
8
0
62
256
6
ByLayer
370
-1
48
1.0
60
0
100
AcDbLine
10
67.2536010742188
20
-37.9856986999512
30
0.0
11
65.7380981445313
21
-37.1106986999512
31
0.0
39
0.0
210
0.0
220
0.0
230
1.0
0
LINE
5
532
330
17
100
AcDbEntity
67
0
8
0
62
256
6
ByLayer
370
-1
48
1.0
60
0
100
AcDbLine
10
65.7380981445313
20
-37.1106986999512
30
0.0
11
64.2225036621094
21
-37.9856986999512
31
0.0
39
0.0
210
0.0
220
0.0
230
1.0
0
LINE
5
533
330
17
100
AcDbEntity
67
0
8
0
62
256
6
ByLayer
370
-1
48
1.0
60
0
100
AcDbLine
10
64.2225036621094
20
-37.9856986999512
30
0.0
11
64.2225036621094
21
-39.7356986999512
31
0.0
39
0.0
210
0.0
220
0.0
230
1.0
0
LINE
5
534
330
17
100
AcDbEntity
67
0
8
0
62
256
6
ByLayer
370
-1
48
1.0
60
0
100
AcDbLine
10
64.2225036621094
20
-39.7356986999512
30
0.0
11
65.7380981445313
21
-40.6106986999512
31
0.0
39
0.0
210
0.0
220
0.0
230
1.0
0
LINE
5
535
330
17
100
AcDbEntity
67
0
8
0
62
256
6
ByLayer
370
-1
48
1.0
60
0
100
AcDbLine
10
65.7380981445313
20
-40.6106986999512
30
0.0
11
67.2536010742188
21
-39.7356986999512
31
0.0
39
0.0
210
0.0
220
0.0
230
1.0
0
LINE
5
536
330
17
100
AcDbEntity
67
0
8
0
62
256
6
ByLayer
370
-1
48
1.0
60
0
100
AcDbLine
10
67.2536010742188
20
-39.7356986999512
30
0.0
11
67.2536010742188
21
-37.9856986999512
31
0.0
39
0.0
210
0.0
220
0.0
230
1.0
0
LINE
5
537
330
17
100
AcDbEntity
67
0
8
0
62
256
6
ByLayer
370
-1
48
1.0
60
0
100
AcDbLine
10
69.4766006469727
20
-40.4908981323242
30
0.0
11
69.2692031860352
21
-40.6106986999512
31
0.0
39
0.0
210
0.0
220
0.0
230
1.0
0
LINE
5
538
330
17
100
AcDbEntity
67
0
8
0
62
256
6
ByLayer
370
-1
48
1.0
60
0
100
AcDbLine
10
69.2692031860352
20
-40.6106986999512
30
0.0
11
67.7536010742188
21
-39.7356986999512
31
0.0
39
0.0
210
0.0
220
0.0
230
1.0
0
LINE
5
539
330
17
100
AcDbEntity
67
0
8
0
62
256
6
ByLayer
370
-1
48
1.0
60
0
100
AcDbLine
10
67.7536010742188
20
-39.7356986999512
30
0.0
11
67.7536010742188
21
-37.9856986999512
31
0.0
39
0.0
210
0.0
220
0.0
230
1.0
0
LINE
5
53A
330
17
100
AcDbEntity
67
0
8
0
62
256
6
ByLayer
370
-1
48
1.0
60
0
100
AcDbLine
10
67.7536010742188
20
-37.9856986999512
30
0.0
11
68.3323974609375
21
-37.6515007019043
31
0.0
39
0.0
210
0.0
220
0.0
230
1.0
0
LINE
5
53B
330
17
100
AcDbEntity
67
0
8
0
62
256
6
ByLayer
370
-1
48
1.0
60
0
100
AcDbLine
10
68.3323974609375
20
-37.6515007019043
30
0.0
11
69.4766006469727
21
-40.4908981323242
31
0.0
39
0.0
210
0.0
220
0.0
230
1.0
0
LINE
5
53C
330
17
100
AcDbEntity
67
0
8
0
62
256
6
ByLayer
370
-1
48
1.0
60
0
100
AcDbLine
10
31.6278991699219
20
-36.4693984985352
30
0.0
11
33.7080001831055
21
-35.7967987060547
31
0.0
39
0.0
210
0.0
220
0.0
230
1.0
0
LINE
5
53D
330
17
100
AcDbEntity
67
0
8
0
62
256
6
ByLayer
370
-1
48
1.0
60
0
100
AcDbLine
10
33.7080001831055
20
-35.7967987060547
30
0.0
11
33.7080001831055
21
-36.6776008605957
31
0.0
39
0.0
210
0.0
220
0.0
230
1.0
0
LINE
5
53E
330
17
100
AcDbEntity
67
0
8
0
62
256
6
ByLayer
370
-1
48
1.0
60
0
100
AcDbLine
10
33.7080001831055
20
-36.6776008605957
30
0.0
11
32.1925010681152
21
-37.5527000427246
31
0.0
39
0.0
210
0.0
220
0.0
230
1.0
0
LINE
5
53F
330
17
100
AcDbEntity
67
0
8
0
62
256
6
ByLayer
370
-1
48
1.0
60
0
100
AcDbLine
10
32.1925010681152
20
-37.5527000427246
30
0.0
11
32.0042991638184
21
-37.4440002441406
31
0.0
39
0.0
210
0.0
220
0.0
230
1.0
0
LINE
5
540
330
17
100
AcDbEntity
67
0
8
0
62
256
6
ByLayer
370
-1
48
1.0
60
0
100
AcDbLine
10
32.0042991638184
20
-37.4440002441406
30
0.0
11
31.6278991699219
21
-36.4693984985352
31
0.0
39
0.0
210
0.0
220
0.0
230
1.0
0
LINE
5
541
330
17
100
AcDbEntity
67
0
8
0
62
256
6
ByLayer
370
-1
48
1.0
60
0
100
AcDbLine
10
36.9365997314453
20
-34.7528991699219
30
0.0
11
37.239200592041
21
-34.9276008605957
31
0.0
39
0.0
210
0.0
220
0.0
230
1.0
0
LINE
5
542
330
17
100
AcDbEntity
67
0
8
0
62
256
6
ByLayer
370
-1
48
1.0
60
0
100
AcDbLine
10
37.239200592041
20
-34.9276008605957
30
0.0
11
37.239200592041
21
-36.6776008605957
31
0.0
39
0.0
210
0.0
220
0.0
230
1.0
0
LINE
5
543
330
17
100
AcDbEntity
67
0
8
0
62
256
6
ByLayer
370
-1
48
1.0
60
0
100
AcDbLine
10
37.239200592041
20
-36.6776008605957
30
0.0
11
35.7235984802246
21
-37.5527000427246
31
0.0
39
0.0
210
0.0
220
0.0
230
1.0
0
LINE
5
544
330
17
100
AcDbEntity
67
0
8
0
62
256
6
ByLayer
370
-1
48
1.0
60
0
100
AcDbLine
10
35.7235984802246
20
-37.5527000427246
30
0.0
11
34.2080001831055
21
-36.6776008605957
31
0.0
39
0.0
210
0.0
220
0.0
230
1.0
0
LINE
5
545
330
17
100
AcDbEntity
67
0
8
0
62
256
6
ByLayer
370
-1
48
1.0
60
0
100
AcDbLine
10
34.2080001831055
20
-36.6776008605957
30
0.0
11
34.2080001831055
21
-35.6352005004883
31
0.0
39
0.0
210
0.0
220
0.0
230
1.0
0
LINE
5
546
330
17
100
AcDbEntity
67
0
8
0
62
256
6
ByLayer
370
-1
48
1.0
60
0
100
AcDbLine
10
34.2080001831055
20
-35.6352005004883
30
0.0
11
36.9365997314453
21
-34.7528991699219
31
0.0
39
0.0
210
0.0
220
0.0
230
1.0
0
LINE
5
547
330
17
100
AcDbEntity
67
0
8
0
62
256
6
ByLayer
370
-1
48
1.0
60
0
100
AcDbLine
10
40.7703018188477
20
-34.9276008605957
30
0.0
11
39.2546997070313
21
-34.0526008605957
31
0.0
39
0.0
210
0.0
220
0.0
230
1.0
0
LINE
5
548
330
17
100
AcDbEntity
67
0
8
0
62
256
6
ByLayer
370
-1
48
1.0
60
0
100
AcDbLine
10
39.2546997070313
20
-34.0526008605957
30
0.0
11
37.739200592041
21
-34.9276008605957
31
0.0
39
0.0
210
0.0
220
0.0
230
1.0
0
LINE
5
549
330
17
100
AcDbEntity
67
0
8
0
62
256
6
ByLayer
370
-1
48
1.0
60
0
100
AcDbLine
10
37.739200592041
20
-34.9276008605957
30
0.0
11
37.739200592041
21
-36.6776008605957
31
0.0
39
0.0
210
0.0
220
0.0
230
1.0
0
LINE
5
54A
330
17
100
AcDbEntity
67
0
8
0
62
256
6
ByLayer
370
-1
48
1.0
60
0
100
AcDbLine
10
37.739200592041
20
-36.6776008605957
30
0.0
11
39.2546997070313
21
-37.5527000427246
31
0.0
39
0.0
210
0.0
220
0.0
230
1.0
0
LINE
5
54B
330
17
100
AcDbEntity
67
0
8
0
62
256
6
ByLayer
370
-1
48
1.0
60
0
100
AcDbLine
10
39.2546997070313
20
-37.5527000427246
30
0.0
11
40.7703018188477
21
-36.6776008605957
31
0.0
39
0.0
210
0.0
220
0.0
230
1.0
0
LINE
5
54C
330
17
100
AcDbEntity
67
0
8
0
62
256
6
ByLayer
370
-1
48
1.0
60
0
100
AcDbLine
10
40.7703018188477
20
-36.6776008605957
30
0.0
11
40.7703018188477
21
-34.9276008605957
31
0.0
39
0.0
210
0.0
220
0.0
230
1.0
0
LINE
5
54D
330
17
100
AcDbEntity
67
0
8
0
62
256
6
ByLayer
370
-1
48
1.0
60
0
100
AcDbLine
10
44.301399230957
20
-34.9276008605957
30
0.0
11
42.7858009338379
21
-34.0526008605957
31
0.0
39
0.0
210
0.0
220
0.0
230
1.0
0
LINE
5
54E
330
17
100
AcDbEntity
67
0
8
0
62
256
6
ByLayer
370
-1
48
1.0
60
0
100
AcDbLine
10
42.7858009338379
20
-34.0526008605957
30
0.0
11
41.2703018188477
21
-34.9276008605957
31
0.0
39
0.0
210
0.0
220
0.0
230
1.0
0
LINE
5
54F
330
17
100
AcDbEntity
67
0
8
0
62
256
6
ByLayer
370
-1
48
1.0
60
0
100
AcDbLine
10
41.2703018188477
20
-34.9276008605957
30
0.0
11
41.2703018188477
21
-36.6776008605957
31
0.0
39
0.0
210
0.0
220
0.0
230
1.0
0
LINE
5
550
330
17
100
AcDbEntity
67
0
8
0
62
256
6
ByLayer
370
-1
48
1.0
60
0
100
AcDbLine
10
41.2703018188477
20
-36.6776008605957
30
0.0
11
42.7858009338379
21
-37.5527000427246
31
0.0
39
0.0
210
0.0
220
0.0
230
1.0
0
LINE
5
551
330
17
100
AcDbEntity
67
0
8
0
62
256
6
ByLayer
370
-1
48
1.0
60
0
100
AcDbLine
10
42.7858009338379
20
-37.5527000427246
30
0.0
11
44.301399230957
21
-36.6776008605957
31
0.0
39
0.0
210
0.0
220
0.0
230
1.0
0
LINE
5
552
330
17
100
AcDbEntity
67
0
8
0
62
256
6
ByLayer
370
-1
48
1.0
60
0
100
AcDbLine
10
44.301399230957
20
-36.6776008605957
30
0.0
11
44.301399230957
21
-34.9276008605957
31
0.0
39
0.0
210
0.0
220
0.0
230
1.0
0
LINE
5
553
330
17
100
AcDbEntity
67
0
8
0
62
256
6
ByLayer
370
-1
48
1.0
60
0
100
AcDbLine
10
47.8325004577637
20
-34.9276008605957
30
0.0
11
46.3168983459473
21
-34.0526008605957
31
0.0
39
0.0
210
0.0
220
0.0
230
1.0
0
LINE
5
554
330
17
100
AcDbEntity
67
0
8
0
62
256
6
ByLayer
370
-1
48
1.0
60
0
100
AcDbLine
10
46.3168983459473
20
-34.0526008605957
30
0.0
11
44.801399230957
21
-34.9276008605957
31
0.0
39
0.0
210
0.0
220
0.0
230
1.0
0
LINE
5
555
330
17
100
AcDbEntity
67
0
8
0
62
256
6
ByLayer
370
-1
48
1.0
60
0
100
AcDbLine
10
44.801399230957
20
-34.9276008605957
30
0.0
11
44.801399230957
21
-36.6776008605957
31
0.0
39
0.0
210
0.0
220
0.0
230
1.0
0
LINE
5
556
330
17
100
AcDbEntity
67
0
8
0
62
256
6
ByLayer
370
-1
48
1.0
60
0
100
AcDbLine
10
44.801399230957
20
-36.6776008605957
30
0.0
11
46.3168983459473
21
-37.5527000427246
31
0.0
39
0.0
210
0.0
220
0.0
230
1.0
0
LINE
5
557
330
17
100
AcDbEntity
67
0
8
0
62
256
6
ByLayer
370
-1
48
1.0
60
0
100
AcDbLine
10
46.3168983459473
20
-37.5527000427246
30
0.0
11
47.8325004577637
21
-36.6776008605957
31
0.0
39
0.0
210
0.0
220
0.0
230
1.0
0
LINE
5
558
330
17
100
AcDbEntity
67
0
8
0
62
256
6
ByLayer
370
-1
48
1.0
60
0
100
AcDbLine
10
47.8325004577637
20
-36.6776008605957
30
0.0
11
47.8325004577637
21
-34.9276008605957
31
0.0
39
0.0
210
0.0
220
0.0
230
1.0
0
LINE
5
559
330
17
100
AcDbEntity
67
0
8
0
62
256
6
ByLayer
370
-1
48
1.0
60
0
100
AcDbLine
10
51.3636016845703
20
-34.9276008605957
30
0.0
11
49.8480987548828
21
-34.0526008605957
31
0.0
39
0.0
210
0.0
220
0.0
230
1.0
0
LINE
5
55A
330
17
100
AcDbEntity
67
0
8
0
62
256
6
ByLayer
370
-1
48
1.0
60
0
100
AcDbLine
10
49.8480987548828
20
-34.0526008605957
30
0.0
11
48.3325004577637
21
-34.9276008605957
31
0.0
39
0.0
210
0.0
220
0.0
230
1.0
0
LINE
5
55B
330
17
100
AcDbEntity
67
0
8
0
62
256
6
ByLayer
370
-1
48
1.0
60
0
100
AcDbLine
10
48.3325004577637
20
-34.9276008605957
30
0.0
11
48.3325004577637
21
-36.6776008605957
31
0.0
39
0.0
210
0.0
220
0.0
230
1.0
0
LINE
5
55C
330
17
100
AcDbEntity
67
0
8
0
62
256
6
ByLayer
370
-1
48
1.0
60
0
100
AcDbLine
10
48.3325004577637
20
-36.6776008605957
30
0.0
11
49.8480987548828
21
-37.5527000427246
31
0.0
39
0.0
210
0.0
220
0.0
230
1.0
0
LINE
5
55D
330
17
100
AcDbEntity
67
0
8
0
62
256
6
ByLayer
370
-1
48
1.0
60
0
100
AcDbLine
10
49.8480987548828
20
-37.5527000427246
30
0.0
11
51.3636016845703
21
-36.6776008605957
31
0.0
39
0.0
210
0.0
220
0.0
230
1.0
0
LINE
5
55E
330
17
100
AcDbEntity
67
0
8
0
62
256
6
ByLayer
370
-1
48
1.0
60
0
100
AcDbLine
10
51.3636016845703
20
-36.6776008605957
30
0.0
11
51.3636016845703
21
-34.9276008605957
31
0.0
39
0.0
210
0.0
220
0.0
230
1.0
0
LINE
5
55F
330
17
100
AcDbEntity
67
0
8
0
62
256
6
ByLayer
370
-1
48
1.0
60
0
100
AcDbLine
10
54.8946990966797
20
-34.9276008605957
30
0.0
11
53.3791999816895
21
-34.0526008605957
31
0.0
39
0.0
210
0.0
220
0.0
230
1.0
0
LINE
5
560
330
17
100
AcDbEntity
67
0
8
0
62
256
6
ByLayer
370
-1
48
1.0
60
0
100
AcDbLine
10
53.3791999816895
20
-34.0526008605957
30
0.0
11
51.8636016845703
21
-34.9276008605957
31
0.0
39
0.0
210
0.0
220
0.0
230
1.0
0
LINE
5
561
330
17
100
AcDbEntity
67
0
8
0
62
256
6
ByLayer
370
-1
48
1.0
60
0
100
AcDbLine
10
51.8636016845703
20
-34.9276008605957
30
0.0
11
51.8636016845703
21
-36.6776008605957
31
0.0
39
0.0
210
0.0
220
0.0
230
1.0
0
LINE
5
562
330
17
100
AcDbEntity
67
0
8
0
62
256
6
ByLayer
370
-1
48
1.0
60
0
100
AcDbLine
10
51.8636016845703
20
-36.6776008605957
30
0.0
11
53.3791999816895
21
-37.5527000427246
31
0.0
39
0.0
210
0.0
220
0.0
230
1.0
0
LINE
5
563
330
17
100
AcDbEntity
67
0
8
0
62
256
6
ByLayer
370
-1
48
1.0
60
0
100
AcDbLine
10
53.3791999816895
20
-37.5527000427246
30
0.0
11
54.8946990966797
21
-36.6776008605957
31
0.0
39
0.0
210
0.0
220
0.0
230
1.0
0
LINE
5
564
330
17
100
AcDbEntity
67
0
8
0
62
256
6
ByLayer
370
-1
48
1.0
60
0
100
AcDbLine
10
54.8946990966797
20
-36.6776008605957
30
0.0
11
54.8946990966797
21
-34.9276008605957
31
0.0
39
0.0
210
0.0
220
0.0
230
1.0
0
LINE
5
565
330
17
100
AcDbEntity
67
0
8
0
62
256
6
ByLayer
370
-1
48
1.0
60
0
100
AcDbLine
10
58.4258003234863
20
-34.9276008605957
30
0.0
11
56.9103012084961
21
-34.0526008605957
31
0.0
39
0.0
210
0.0
220
0.0
230
1.0
0
LINE
5
566
330
17
100
AcDbEntity
67
0
8
0
62
256
6
ByLayer
370
-1
48
1.0
60
0
100
AcDbLine
10
56.9103012084961
20
-34.0526008605957
30
0.0
11
55.3946990966797
21
-34.9276008605957
31
0.0
39
0.0
210
0.0
220
0.0
230
1.0
0
LINE
5
567
330
17
100
AcDbEntity
67
0
8
0
62
256
6
ByLayer
370
-1
48
1.0
60
0
100
AcDbLine
10
55.3946990966797
20
-34.9276008605957
30
0.0
11
55.3946990966797
21
-36.6776008605957
31
0.0
39
0.0
210
0.0
220
0.0
230
1.0
0
LINE
5
568
330
17
100
AcDbEntity
67
0
8
0
62
256
6
ByLayer
370
-1
48
1.0
60
0
100
AcDbLine
10
55.3946990966797
20
-36.6776008605957
30
0.0
11
56.9103012084961
21
-37.5527000427246
31
0.0
39
0.0
210
0.0
220
0.0
230
1.0
0
LINE
5
569
330
17
100
AcDbEntity
67
0
8
0
62
256
6
ByLayer
370
-1
48
1.0
60
0
100
AcDbLine
10
56.9103012084961
20
-37.5527000427246
30
0.0
11
58.4258003234863
21
-36.6776008605957
31
0.0
39
0.0
210
0.0
220
0.0
230
1.0
0
LINE
5
56A
330
17
100
AcDbEntity
67
0
8
0
62
256
6
ByLayer
370
-1
48
1.0
60
0
100
AcDbLine
10
58.4258003234863
20
-36.6776008605957
30
0.0
11
58.4258003234863
21
-34.9276008605957
31
0.0
39
0.0
210
0.0
220
0.0
230
1.0
0
LINE
5
56B
330
17
100
AcDbEntity
67
0
8
0
62
256
6
ByLayer
370
-1
48
1.0
60
0
100
AcDbLine
10
61.9570007324219
20
-34.9276008605957
30
0.0
11
60.4413986206055
21
-34.0526008605957
31
0.0
39
0.0
210
0.0
220
0.0
230
1.0
0
LINE
5
56C
330
17
100
AcDbEntity
67
0
8
0
62
256
6
ByLayer
370
-1
48
1.0
60
0
100
AcDbLine
10
60.4413986206055
20
-34.0526008605957
30
0.0
11
58.9258003234863
21
-34.9276008605957
31
0.0
39
0.0
210
0.0
220
0.0
230
1.0
0
LINE
5
56D
330
17
100
AcDbEntity
67
0
8
0
62
256
6
ByLayer
370
-1
48
1.0
60
0
100
AcDbLine
10
58.9258003234863
20
-34.9276008605957
30
0.0
11
58.9258003234863
21
-36.6776008605957
31
0.0
39
0.0
210
0.0
220
0.0
230
1.0
0
LINE
5
56E
330
17
100
AcDbEntity
67
0
8
0
62
256
6
ByLayer
370
-1
48
1.0
60
0
100
AcDbLine
10
58.9258003234863
20
-36.6776008605957
30
0.0
11
60.4413986206055
21
-37.5527000427246
31
0.0
39
0.0
210
0.0
220
0.0
230
1.0
0
LINE
5
56F
330
17
100
AcDbEntity
67
0
8
0
62
256
6
ByLayer
370
-1
48
1.0
60
0
100
AcDbLine
10
60.4413986206055
20
-37.5527000427246
30
0.0
11
61.9570007324219
21
-36.6776008605957
31
0.0
39
0.0
210
0.0
220
0.0
230
1.0
0
LINE
5
570
330
17
100
AcDbEntity
67
0
8
0
62
256
6
ByLayer
370
-1
48
1.0
60
0
100
AcDbLine
10
61.9570007324219
20
-36.6776008605957
30
0.0
11
61.9570007324219
21
-34.9276008605957
31
0.0
39
0.0
210
0.0
220
0.0
230
1.0
0
LINE
5
571
330
17
100
AcDbEntity
67
0
8
0
62
256
6
ByLayer
370
-1
48
1.0
60
0
100
AcDbLine
10
65.4880981445313
20
-34.9276008605957
30
0.0
11
63.9724998474121
21
-34.0526008605957
31
0.0
39
0.0
210
0.0
220
0.0
230
1.0
0
LINE
5
572
330
17
100
AcDbEntity
67
0
8
0
62
256
6
ByLayer
370
-1
48
1.0
60
0
100
AcDbLine
10
63.9724998474121
20
-34.0526008605957
30
0.0
11
62.4570007324219
21
-34.9276008605957
31
0.0
39
0.0
210
0.0
220
0.0
230
1.0
0
LINE
5
573
330
17
100
AcDbEntity
67
0
8
0
62
256
6
ByLayer
370
-1
48
1.0
60
0
100
AcDbLine
10
62.4570007324219
20
-34.9276008605957
30
0.0
11
62.4570007324219
21
-36.6776008605957
31
0.0
39
0.0
210
0.0
220
0.0
230
1.0
0
LINE
5
574
330
17
100
AcDbEntity
67
0
8
0
62
256
6
ByLayer
370
-1
48
1.0
60
0
100
AcDbLine
10
62.4570007324219
20
-36.6776008605957
30
0.0
11
63.9724998474121
21
-37.5527000427246
31
0.0
39
0.0
210
0.0
220
0.0
230
1.0
0
LINE
5
575
330
17
100
AcDbEntity
67
0
8
0
62
256
6
ByLayer
370
-1
48
1.0
60
0
100
AcDbLine
10
63.9724998474121
20
-37.5527000427246
30
0.0
11
65.4880981445313
21
-36.6776008605957
31
0.0
39
0.0
210
0.0
220
0.0
230
1.0
0
LINE
5
576
330
17
100
AcDbEntity
67
0
8
0
62
256
6
ByLayer
370
-1
48
1.0
60
0
100
AcDbLine
10
65.4880981445313
20
-36.6776008605957
30
0.0
11
65.4880981445313
21
-34.9276008605957
31
0.0
39
0.0
210
0.0
220
0.0
230
1.0
0
LINE
5
577
330
17
100
AcDbEntity
67
0
8
0
62
256
6
ByLayer
370
-1
48
1.0
60
0
100
AcDbLine
10
67.7391967773438
20
-36.1792984008789
30
0.0
11
68.1436996459961
21
-37.1831016540527
31
0.0
39
0.0
210
0.0
220
0.0
230
1.0
0
LINE
5
578
330
17
100
AcDbEntity
67
0
8
0
62
256
6
ByLayer
370
-1
48
1.0
60
0
100
AcDbLine
10
68.1436996459961
20
-37.1831016540527
30
0.0
11
67.5036010742188
21
-37.5527000427246
31
0.0
39
0.0
210
0.0
220
0.0
230
1.0
0
LINE
5
579
330
17
100
AcDbEntity
67
0
8
0
62
256
6
ByLayer
370
-1
48
1.0
60
0
100
AcDbLine
10
67.5036010742188
20
-37.5527000427246
30
0.0
11
65.9880981445313
21
-36.6776008605957
31
0.0
39
0.0
210
0.0
220
0.0
230
1.0
0
LINE
5
57A
330
17
100
AcDbEntity
67
0
8
0
62
256
6
ByLayer
370
-1
48
1.0
60
0
100
AcDbLine
10
65.9880981445313
20
-36.6776008605957
30
0.0
11
65.9880981445313
21
-34.9276008605957
31
0.0
39
0.0
210
0.0
220
0.0
230
1.0
0
LINE
5
57B
330
17
100
AcDbEntity
67
0
8
0
62
256
6
ByLayer
370
-1
48
1.0
60
0
100
AcDbLine
10
65.9880981445313
20
-34.9276008605957
30
0.0
11
67.1533966064453
21
-34.2547988891602
31
0.0
39
0.0
210
0.0
220
0.0
230
1.0
0
LINE
5
57C
330
17
100
AcDbEntity
67
0
8
0
62
256
6
ByLayer
370
-1
48
1.0
60
0
100
AcDbLine
10
67.1533966064453
20
-34.2547988891602
30
0.0
11
67.7391967773438
21
-36.1792984008789
31
0.0
39
0.0
210
0.0
220
0.0
230
1.0
0
LINE
5
57D
330
17
100
AcDbEntity
67
0
8
0
62
256
6
ByLayer
370
-1
48
1.0
60
0
100
AcDbLine
10
37.7976989746094
20
-34.3008995056152
30
0.0
11
37.8419990539551
21
-34.2355995178223
31
0.0
39
0.0
210
0.0
220
0.0
230
1.0
0
LINE
5
57E
330
17
100
AcDbEntity
67
0
8
0
62
256
6
ByLayer
370
-1
48
1.0
60
0
100
AcDbLine
10
37.8419990539551
20
-34.2355995178223
30
0.0
11
37.880500793457
21
-34.1666984558105
31
0.0
39
0.0
210
0.0
220
0.0
230
1.0
0
LINE
5
57F
330
17
100
AcDbEntity
67
0
8
0
62
256
6
ByLayer
370
-1
48
1.0
60
0
100
AcDbLine
10
37.880500793457
20
-34.1666984558105
30
0.0
11
37.9127998352051
21
-34.0945014953613
31
0.0
39
0.0
210
0.0
220
0.0
230
1.0
0
LINE
5
580
330
17
100
AcDbEntity
67
0
8
0
62
256
6
ByLayer
370
-1
48
1.0
60
0
100
AcDbLine
10
37.9127998352051
20
-34.0945014953613
30
0.0
11
37.9388008117676
21
-34.0197982788086
31
0.0
39
0.0
210
0.0
220
0.0
230
1.0
0
LINE
5
581
330
17
100
AcDbEntity
67
0
8
0
62
256
6
ByLayer
370
-1
48
1.0
60
0
100
AcDbLine
10
37.9388008117676
20
-34.0197982788086
30
0.0
11
37.9584007263184
21
-33.9426002502441
31
0.0
39
0.0
210
0.0
220
0.0
230
1.0
0
LINE
5
582
330
17
100
AcDbEntity
67
0
8
0
62
256
6
ByLayer
370
-1
48
1.0
60
0
100
AcDbLine
10
37.9584007263184
20
-33.9426002502441
30
0.0
11
37.9711990356445
21
-33.8636016845703
31
0.0
39
0.0
210
0.0
220
0.0
230
1.0
0
LINE
5
583
330
17
100
AcDbEntity
67
0
8
0
62
256
6
ByLayer
370
-1
48
1.0
60
0
100
AcDbLine
10
37.9711990356445
20
-33.8636016845703
30
0.0
11
37.9766998291016
21
-33.782901763916
31
0.0
39
0.0
210
0.0
220
0.0
230
1.0
0
LINE
5
584
330
17
100
AcDbEntity
67
0
8
0
62
256
6
ByLayer
370
-1
48
1.0
60
0
100
AcDbLine
10
37.9766998291016
20
-33.782901763916
30
0.0
11
37.9751014709473
21
-33.701301574707
31
0.0
39
0.0
210
0.0
220
0.0
230
1.0
0
LINE
5
585
330
17
100
AcDbEntity
67
0
8
0
62
256
6
ByLayer
370
-1
48
1.0
60
0
100
AcDbLine
10
37.9751014709473
20
-33.701301574707
30
0.0
11
37.9658012390137
21
-33.6188011169434
31
0.0
39
0.0
210
0.0
220
0.0
230
1.0
0
LINE
5
586
330
17
100
AcDbEntity
67
0
8
0
62
256
6
ByLayer
370
-1
48
1.0
60
0
100
AcDbLine
10
37.9658012390137
20
-33.6188011169434
30
0.0
11
37.543399810791
21
-31.4200000762939
31
0.0
39
0.0
210
0.0
220
0.0
230
1.0
0
LINE
5
587
330
17
100
AcDbEntity
67
0
8
0
62
256
6
ByLayer
370
-1
48
1.0
60
0
100
AcDbLine
10
37.543399810791
20
-31.4200000762939
30
0.0
11
37.4362983703613
21
-31.0251007080078
31
0.0
39
0.0
210
0.0
220
0.0
230
1.0
0
LINE
5
588
330
17
100
AcDbEntity
67
0
8
0
62
256
6
ByLayer
370
-1
48
1.0
60
0
100
AcDbLine
10
37.4362983703613
20
-31.0251007080078
30
0.0
11
37.489200592041
21
-30.9946002960205
31
0.0
39
0.0
210
0.0
220
0.0
230
1.0
0
LINE
5
589
330
17
100
AcDbEntity
67
0
8
0
62
256
6
ByLayer
370
-1
48
1.0
60
0
100
AcDbLine
10
37.489200592041
20
-30.9946002960205
30
0.0
11
39.0046997070313
21
-31.8696002960205
31
0.0
39
0.0
210
0.0
220
0.0
230
1.0
0
LINE
5
58A
330
17
100
AcDbEntity
67
0
8
0
62
256
6
ByLayer
370
-1
48
1.0
60
0
100
AcDbLine
10
39.0046997070313
20
-31.8696002960205
30
0.0
11
39.0046997070313
21
-33.6195983886719
31
0.0
39
0.0
210
0.0
220
0.0
230
1.0
0
LINE
5
58B
330
17
100
AcDbEntity
67
0
8
0
62
256
6
ByLayer
370
-1
48
1.0
60
0
100
AcDbLine
10
39.0046997070313
20
-33.6195983886719
30
0.0
11
37.7737998962402
21
-34.3302993774414
31
0.0
39
0.0
210
0.0
220
0.0
230
1.0
0
LINE
5
58C
330
17
100
AcDbEntity
67
0
8
0
62
256
6
ByLayer
370
-1
48
1.0
60
0
100
AcDbLine
10
37.7737998962402
20
-34.3302993774414
30
0.0
11
37.7976989746094
21
-34.3008995056152
31
0.0
39
0.0
210
0.0
220
0.0
230
1.0
0
LINE
5
58D
330
17
100
AcDbEntity
67
0
8
0
62
256
6
ByLayer
370
-1
48
1.0
60
0
100
AcDbLine
10
42.5358009338379
20
-31.8696002960205
30
0.0
11
41.0203018188477
21
-30.9946002960205
31
0.0
39
0.0
210
0.0
220
0.0
230
1.0
0
LINE
5
58E
330
17
100
AcDbEntity
67
0
8
0
62
256
6
ByLayer
370
-1
48
1.0
60
0
100
AcDbLine
10
41.0203018188477
20
-30.9946002960205
30
0.0
11
39.5046997070313
21
-31.8696002960205
31
0.0
39
0.0
210
0.0
220
0.0
230
1.0
0
LINE
5
58F
330
17
100
AcDbEntity
67
0
8
0
62
256
6
ByLayer
370
-1
48
1.0
60
0
100
AcDbLine
10
39.5046997070313
20
-31.8696002960205
30
0.0
11
39.5046997070313
21
-33.6195983886719
31
0.0
39
0.0
210
0.0
220
0.0
230
1.0
0
LINE
5
590
330
17
100
AcDbEntity
67
0
8
0
62
256
6
ByLayer
370
-1
48
1.0
60
0
100
AcDbLine
10
39.5046997070313
20
-33.6195983886719
30
0.0
11
41.0203018188477
21
-34.4945983886719
31
0.0
39
0.0
210
0.0
220
0.0
230
1.0
0
LINE
5
591
330
17
100
AcDbEntity
67
0
8
0
62
256
6
ByLayer
370
-1
48
1.0
60
0
100
AcDbLine
10
41.0203018188477
20
-34.4945983886719
30
0.0
11
42.5358009338379
21
-33.6195983886719
31
0.0
39
0.0
210
0.0
220
0.0
230
1.0
0
LINE
5
592
330
17
100
AcDbEntity
67
0
8
0
62
256
6
ByLayer
370
-1
48
1.0
60
0
100
AcDbLine
10
42.5358009338379
20
-33.6195983886719
30
0.0
11
42.5358009338379
21
-31.8696002960205
31
0.0
39
0.0
210
0.0
220
0.0
230
1.0
0
LINE
5
593
330
17
100
AcDbEntity
67
0
8
0
62
256
6
ByLayer
370
-1
48
1.0
60
0
100
AcDbLine
10
46.0668983459473
20
-31.8696002960205
30
0.0
11
44.551399230957
21
-30.9946002960205
31
0.0
39
0.0
210
0.0
220
0.0
230
1.0
0
LINE
5
594
330
17
100
AcDbEntity
67
0
8
0
62
256
6
ByLayer
370
-1
48
1.0
60
0
100
AcDbLine
10
44.551399230957
20
-30.9946002960205
30
0.0
11
43.0358009338379
21
-31.8696002960205
31
0.0
39
0.0
210
0.0
220
0.0
230
1.0
0
LINE
5
595
330
17
100
AcDbEntity
67
0
8
0
62
256
6
ByLayer
370
-1
48
1.0
60
0
100
AcDbLine
10
43.0358009338379
20
-31.8696002960205
30
0.0
11
43.0358009338379
21
-33.6195983886719
31
0.0
39
0.0
210
0.0
220
0.0
230
1.0
0
LINE
5
596
330
17
100
AcDbEntity
67
0
8
0
62
256
6
ByLayer
370
-1
48
1.0
60
0
100
AcDbLine
10
43.0358009338379
20
-33.6195983886719
30
0.0
11
44.551399230957
21
-34.4945983886719
31
0.0
39
0.0
210
0.0
220
0.0
230
1.0
0
LINE
5
597
330
17
100
AcDbEntity
67
0
8
0
62
256
6
ByLayer
370
-1
48
1.0
60
0
100
AcDbLine
10
44.551399230957
20
-34.4945983886719
30
0.0
11
46.0668983459473
21
-33.6195983886719
31
0.0
39
0.0
210
0.0
220
0.0
230
1.0
0
LINE
5
598
330
17
100
AcDbEntity
67
0
8
0
62
256
6
ByLayer
370
-1
48
1.0
60
0
100
AcDbLine
10
46.0668983459473
20
-33.6195983886719
30
0.0
11
46.0668983459473
21
-31.8696002960205
31
0.0
39
0.0
210
0.0
220
0.0
230
1.0
0
LINE
5
599
330
17
100
AcDbEntity
67
0
8
0
62
256
6
ByLayer
370
-1
48
1.0
60
0
100
AcDbLine
10
49.5980987548828
20
-31.8696002960205
30
0.0
11
48.0825004577637
21
-30.9946002960205
31
0.0
39
0.0
210
0.0
220
0.0
230
1.0
0
LINE
5
59A
330
17
100
AcDbEntity
67
0
8
0
62
256
6
ByLayer
370
-1
48
1.0
60
0
100
AcDbLine
10
48.0825004577637
20
-30.9946002960205
30
0.0
11
46.5668983459473
21
-31.8696002960205
31
0.0
39
0.0
210
0.0
220
0.0
230
1.0
0
LINE
5
59B
330
17
100
AcDbEntity
67
0
8
0
62
256
6
ByLayer
370
-1
48
1.0
60
0
100
AcDbLine
10
46.5668983459473
20
-31.8696002960205
30
0.0
11
46.5668983459473
21
-33.6195983886719
31
0.0
39
0.0
210
0.0
220
0.0
230
1.0
0
LINE
5
59C
330
17
100
AcDbEntity
67
0
8
0
62
256
6
ByLayer
370
-1
48
1.0
60
0
100
AcDbLine
10
46.5668983459473
20
-33.6195983886719
30
0.0
11
48.0825004577637
21
-34.4945983886719
31
0.0
39
0.0
210
0.0
220
0.0
230
1.0
0
LINE
5
59D
330
17
100
AcDbEntity
67
0
8
0
62
256
6
ByLayer
370
-1
48
1.0
60
0
100
AcDbLine
10
48.0825004577637
20
-34.4945983886719
30
0.0
11
49.5980987548828
21
-33.6195983886719
31
0.0
39
0.0
210
0.0
220
0.0
230
1.0
0
LINE
5
59E
330
17
100
AcDbEntity
67
0
8
0
62
256
6
ByLayer
370
-1
48
1.0
60
0
100
AcDbLine
10
49.5980987548828
20
-33.6195983886719
30
0.0
11
49.5980987548828
21
-31.8696002960205
31
0.0
39
0.0
210
0.0
220
0.0
230
1.0
0
LINE
5
59F
330
17
100
AcDbEntity
67
0
8
0
62
256
6
ByLayer
370
-1
48
1.0
60
0
100
AcDbLine
10
53.1291999816895
20
-31.8696002960205
30
0.0
11
51.6136016845703
21
-30.9946002960205
31
0.0
39
0.0
210
0.0
220
0.0
230
1.0
0
LINE
5
5A0
330
17
100
AcDbEntity
67
0
8
0
62
256
6
ByLayer
370
-1
48
1.0
60
0
100
AcDbLine
10
51.6136016845703
20
-30.9946002960205
30
0.0
11
50.0980987548828
21
-31.8696002960205
31
0.0
39
0.0
210
0.0
220
0.0
230
1.0
0
LINE
5
5A1
330
17
100
AcDbEntity
67
0
8
0
62
256
6
ByLayer
370
-1
48
1.0
60
0
100
AcDbLine
10
50.0980987548828
20
-31.8696002960205
30
0.0
11
50.0980987548828
21
-33.6195983886719
31
0.0
39
0.0
210
0.0
220
0.0
230
1.0
0
LINE
5
5A2
330
17
100
AcDbEntity
67
0
8
0
62
256
6
ByLayer
370
-1
48
1.0
60
0
100
AcDbLine
10
50.0980987548828
20
-33.6195983886719
30
0.0
11
51.6136016845703
21
-34.4945983886719
31
0.0
39
0.0
210
0.0
220
0.0
230
1.0
0
LINE
5
5A3
330
17
100
AcDbEntity
67
0
8
0
62
256
6
ByLayer
370
-1
48
1.0
60
0
100
AcDbLine
10
51.6136016845703
20
-34.4945983886719
30
0.0
11
53.1291999816895
21
-33.6195983886719
31
0.0
39
0.0
210
0.0
220
0.0
230
1.0
0
LINE
5
5A4
330
17
100
AcDbEntity
67
0
8
0
62
256
6
ByLayer
370
-1
48
1.0
60
0
100
AcDbLine
10
53.1291999816895
20
-33.6195983886719
30
0.0
11
53.1291999816895
21
-31.8696002960205
31
0.0
39
0.0
210
0.0
220
0.0
230
1.0
0
LINE
5
5A5
330
17
100
AcDbEntity
67
0
8
0
62
256
6
ByLayer
370
-1
48
1.0
60
0
100
AcDbLine
10
56.6603012084961
20
-31.8696002960205
30
0.0
11
55.1446990966797
21
-30.9946002960205
31
0.0
39
0.0
210
0.0
220
0.0
230
1.0
0
LINE
5
5A6
330
17
100
AcDbEntity
67
0
8
0
62
256
6
ByLayer
370
-1
48
1.0
60
0
100
AcDbLine
10
55.1446990966797
20
-30.9946002960205
30
0.0
11
53.6291999816895
21
-31.8696002960205
31
0.0
39
0.0
210
0.0
220
0.0
230
1.0
0
LINE
5
5A7
330
17
100
AcDbEntity
67
0
8
0
62
256
6
ByLayer
370
-1
48
1.0
60
0
100
AcDbLine
10
53.6291999816895
20
-31.8696002960205
30
0.0
11
53.6291999816895
21
-33.6195983886719
31
0.0
39
0.0
210
0.0
220
0.0
230
1.0
0
LINE
5
5A8
330
17
100
AcDbEntity
67
0
8
0
62
256
6
ByLayer
370
-1
48
1.0
60
0
100
AcDbLine
10
53.6291999816895
20
-33.6195983886719
30
0.0
11
55.1446990966797
21
-34.4945983886719
31
0.0
39
0.0
210
0.0
220
0.0
230
1.0
0
LINE
5
5A9
330
17
100
AcDbEntity
67
0
8
0
62
256
6
ByLayer
370
-1
48
1.0
60
0
100
AcDbLine
10
55.1446990966797
20
-34.4945983886719
30
0.0
11
56.6603012084961
21
-33.6195983886719
31
0.0
39
0.0
210
0.0
220
0.0
230
1.0
0
LINE
5
5AA
330
17
100
AcDbEntity
67
0
8
0
62
256
6
ByLayer
370
-1
48
1.0
60
0
100
AcDbLine
10
56.6603012084961
20
-33.6195983886719
30
0.0
11
56.6603012084961
21
-31.8696002960205
31
0.0
39
0.0
210
0.0
220
0.0
230
1.0
0
LINE
5
5AB
330
17
100
AcDbEntity
67
0
8
0
62
256
6
ByLayer
370
-1
48
1.0
60
0
100
AcDbLine
10
60.1913986206055
20
-31.8696002960205
30
0.0
11
58.6758003234863
21
-30.9946002960205
31
0.0
39
0.0
210
0.0
220
0.0
230
1.0
0
LINE
5
5AC
330
17
100
AcDbEntity
67
0
8
0
62
256
6
ByLayer
370
-1
48
1.0
60
0
100
AcDbLine
10
58.6758003234863
20
-30.9946002960205
30
0.0
11
57.1603012084961
21
-31.8696002960205
31
0.0
39
0.0
210
0.0
220
0.0
230
1.0
0
LINE
5
5AD
330
17
100
AcDbEntity
67
0
8
0
62
256
6
ByLayer
370
-1
48
1.0
60
0
100
AcDbLine
10
57.1603012084961
20
-31.8696002960205
30
0.0
11
57.1603012084961
21
-33.6195983886719
31
0.0
39
0.0
210
0.0
220
0.0
230
1.0
0
LINE
5
5AE
330
17
100
AcDbEntity
67
0
8
0
62
256
6
ByLayer
370
-1
48
1.0
60
0
100
AcDbLine
10
57.1603012084961
20
-33.6195983886719
30
0.0
11
58.6758003234863
21
-34.4945983886719
31
0.0
39
0.0
210
0.0
220
0.0
230
1.0
0
LINE
5
5AF
330
17
100
AcDbEntity
67
0
8
0
62
256
6
ByLayer
370
-1
48
1.0
60
0
100
AcDbLine
10
58.6758003234863
20
-34.4945983886719
30
0.0
11
60.1913986206055
21
-33.6195983886719
31
0.0
39
0.0
210
0.0
220
0.0
230
1.0
0
LINE
5
5B0
330
17
100
AcDbEntity
67
0
8
0
62
256
6
ByLayer
370
-1
48
1.0
60
0
100
AcDbLine
10
60.1913986206055
20
-33.6195983886719
30
0.0
11
60.1913986206055
21
-31.8696002960205
31
0.0
39
0.0
210
0.0
220
0.0
230
1.0
0
LINE
5
5B1
330
17
100
AcDbEntity
67
0
8
0
62
256
6
ByLayer
370
-1
48
1.0
60
0
100
AcDbLine
10
63.7224998474121
20
-31.8696002960205
30
0.0
11
62.2070007324219
21
-30.9946002960205
31
0.0
39
0.0
210
0.0
220
0.0
230
1.0
0
LINE
5
5B2
330
17
100
AcDbEntity
67
0
8
0
62
256
6
ByLayer
370
-1
48
1.0
60
0
100
AcDbLine
10
62.2070007324219
20
-30.9946002960205
30
0.0
11
60.6913986206055
21
-31.8696002960205
31
0.0
39
0.0
210
0.0
220
0.0
230
1.0
0
LINE
5
5B3
330
17
100
AcDbEntity
67
0
8
0
62
256
6
ByLayer
370
-1
48
1.0
60
0
100
AcDbLine
10
60.6913986206055
20
-31.8696002960205
30
0.0
11
60.6913986206055
21
-33.6195983886719
31
0.0
39
0.0
210
0.0
220
0.0
230
1.0
0
LINE
5
5B4
330
17
100
AcDbEntity
67
0
8
0
62
256
6
ByLayer
370
-1
48
1.0
60
0
100
AcDbLine
10
60.6913986206055
20
-33.6195983886719
30
0.0
11
62.2070007324219
21
-34.4945983886719
31
0.0
39
0.0
210
0.0
220
0.0
230
1.0
0
LINE
5
5B5
330
17
100
AcDbEntity
67
0
8
0
62
256
6
ByLayer
370
-1
48
1.0
60
0
100
AcDbLine
10
62.2070007324219
20
-34.4945983886719
30
0.0
11
63.7224998474121
21
-33.6195983886719
31
0.0
39
0.0
210
0.0
220
0.0
230
1.0
0
LINE
5
5B6
330
17
100
AcDbEntity
67
0
8
0
62
256
6
ByLayer
370
-1
48
1.0
60
0
100
AcDbLine
10
63.7224998474121
20
-33.6195983886719
30
0.0
11
63.7224998474121
21
-31.8696002960205
31
0.0
39
0.0
210
0.0
220
0.0
230
1.0
0
LINE
5
5B7
330
17
100
AcDbEntity
67
0
8
0
62
256
6
ByLayer
370
-1
48
1.0
60
0
100
AcDbLine
10
67.0039978027344
20
-33.763801574707
30
0.0
11
65.7380981445313
21
-34.4945983886719
31
0.0
39
0.0
210
0.0
220
0.0
230
1.0
0
LINE
5
5B8
330
17
100
AcDbEntity
67
0
8
0
62
256
6
ByLayer
370
-1
48
1.0
60
0
100
AcDbLine
10
65.7380981445313
20
-34.4945983886719
30
0.0
11
64.2225036621094
21
-33.6195983886719
31
0.0
39
0.0
210
0.0
220
0.0
230
1.0
0
LINE
5
5B9
330
17
100
AcDbEntity
67
0
8
0
62
256
6
ByLayer
370
-1
48
1.0
60
0
100
AcDbLine
10
64.2225036621094
20
-33.6195983886719
30
0.0
11
64.2225036621094
21
-31.8696002960205
31
0.0
39
0.0
210
0.0
220
0.0
230
1.0
0
LINE
5
5BA
330
17
100
AcDbEntity
67
0
8
0
62
256
6
ByLayer
370
-1
48
1.0
60
0
100
AcDbLine
10
64.2225036621094
20
-31.8696002960205
30
0.0
11
65.7380981445313
21
-30.9946002960205
31
0.0
39
0.0
210
0.0
220
0.0
230
1.0
0
LINE
5
5BB
330
17
100
AcDbEntity
67
0
8
0
62
256
6
ByLayer
370
-1
48
1.0
60
0
100
AcDbLine
10
65.7380981445313
20
-30.9946002960205
30
0.0
11
66.2512969970703
21
-31.2908992767334
31
0.0
39
0.0
210
0.0
220
0.0
230
1.0
0
LINE
5
5BC
330
17
100
AcDbEntity
67
0
8
0
62
256
6
ByLayer
370
-1
48
1.0
60
0
100
AcDbLine
10
66.2512969970703
20
-31.2908992767334
30
0.0
11
67.0039978027344
21
-33.763801574707
31
0.0
39
0.0
210
0.0
220
0.0
230
1.0
0
LINE
5
5BD
330
17
100
AcDbEntity
67
0
8
0
62
256
6
ByLayer
370
-1
48
1.0
60
0
100
AcDbLine
10
28.5657997131348
20
-27.99169921875
30
0.0
11
28.6613998413086
21
-27.9365005493164
31
0.0
39
0.0
210
0.0
220
0.0
230
1.0
0
LINE
5
5BE
330
17
100
AcDbEntity
67
0
8
0
62
256
6
ByLayer
370
-1
48
1.0
60
0
100
AcDbLine
10
28.6613998413086
20
-27.9365005493164
30
0.0
11
28.6916999816895
21
-27.9540996551514
31
0.0
39
0.0
210
0.0
220
0.0
230
1.0
0
LINE
5
5BF
330
17
100
AcDbEntity
67
0
8
0
62
256
6
ByLayer
370
-1
48
1.0
60
0
100
AcDbLine
10
28.6916999816895
20
-27.9540996551514
30
0.0
11
28.5657997131348
21
-27.99169921875
31
0.0
39
0.0
210
0.0
220
0.0
230
1.0
0
LINE
5
5C0
330
17
100
AcDbEntity
67
0
8
0
62
256
6
ByLayer
370
-1
48
1.0
60
0
100
AcDbLine
10
37.0723991394043
20
-29.6837997436523
30
0.0
11
36.6204986572266
21
-28.4543991088867
31
0.0
39
0.0
210
0.0
220
0.0
230
1.0
0
LINE
5
5C1
330
17
100
AcDbEntity
67
0
8
0
62
256
6
ByLayer
370
-1
48
1.0
60
0
100
AcDbLine
10
36.6204986572266
20
-28.4543991088867
30
0.0
11
37.239200592041
21
-28.8115997314453
31
0.0
39
0.0
210
0.0
220
0.0
230
1.0
0
LINE
5
5C2
330
17
100
AcDbEntity
67
0
8
0
62
256
6
ByLayer
370
-1
48
1.0
60
0
100
AcDbLine
10
37.239200592041
20
-28.8115997314453
30
0.0
11
37.239200592041
21
-30.2985000610352
31
0.0
39
0.0
210
0.0
220
0.0
230
1.0
0
LINE
5
5C3
330
17
100
AcDbEntity
67
0
8
0
62
256
6
ByLayer
370
-1
48
1.0
60
0
100
AcDbLine
10
37.239200592041
20
-30.2985000610352
30
0.0
11
37.0723991394043
21
-29.6837997436523
31
0.0
39
0.0
210
0.0
220
0.0
230
1.0
0
LINE
5
5C4
330
17
100
AcDbEntity
67
0
8
0
62
256
6
ByLayer
370
-1
48
1.0
60
0
100
AcDbLine
10
40.7703018188477
20
-28.8115997314453
30
0.0
11
39.2546997070313
21
-27.9365005493164
31
0.0
39
0.0
210
0.0
220
0.0
230
1.0
0
LINE
5
5C5
330
17
100
AcDbEntity
67
0
8
0
62
256
6
ByLayer
370
-1
48
1.0
60
0
100
AcDbLine
10
39.2546997070313
20
-27.9365005493164
30
0.0
11
37.739200592041
21
-28.8115997314453
31
0.0
39
0.0
210
0.0
220
0.0
230
1.0
0
LINE
5
5C6
330
17
100
AcDbEntity
67
0
8
0
62
256
6
ByLayer
370
-1
48
1.0
60
0
100
AcDbLine
10
37.739200592041
20
-28.8115997314453
30
0.0
11
37.739200592041
21
-30.5615997314453
31
0.0
39
0.0
210
0.0
220
0.0
230
1.0
0
LINE
5
5C7
330
17
100
AcDbEntity
67
0
8
0
62
256
6
ByLayer
370
-1
48
1.0
60
0
100
AcDbLine
10
37.739200592041
20
-30.5615997314453
30
0.0
11
39.2546997070313
21
-31.4365997314453
31
0.0
39
0.0
210
0.0
220
0.0
230
1.0
0
LINE
5
5C8
330
17
100
AcDbEntity
67
0
8
0
62
256
6
ByLayer
370
-1
48
1.0
60
0
100
AcDbLine
10
39.2546997070313
20
-31.4365997314453
30
0.0
11
40.7703018188477
21
-30.5615997314453
31
0.0
39
0.0
210
0.0
220
0.0
230
1.0
0
LINE
5
5C9
330
17
100
AcDbEntity
67
0
8
0
62
256
6
ByLayer
370
-1
48
1.0
60
0
100
AcDbLine
10
40.7703018188477
20
-30.5615997314453
30
0.0
11
40.7703018188477
21
-28.8115997314453
31
0.0
39
0.0
210
0.0
220
0.0
230
1.0
0
LINE
5
5CA
330
17
100
AcDbEntity
67
0
8
0
62
256
6
ByLayer
370
-1
48
1.0
60
0
100
AcDbLine
10
44.301399230957
20
-28.8115997314453
30
0.0
11
42.7858009338379
21
-27.9365005493164
31
0.0
39
0.0
210
0.0
220
0.0
230
1.0
0
LINE
5
5CB
330
17
100
AcDbEntity
67
0
8
0
62
256
6
ByLayer
370
-1
48
1.0
60
0
100
AcDbLine
10
42.7858009338379
20
-27.9365005493164
30
0.0
11
41.2703018188477
21
-28.8115997314453
31
0.0
39
0.0
210
0.0
220
0.0
230
1.0
0
LINE
5
5CC
330
17
100
AcDbEntity
67
0
8
0
62
256
6
ByLayer
370
-1
48
1.0
60
0
100
AcDbLine
10
41.2703018188477
20
-28.8115997314453
30
0.0
11
41.2703018188477
21
-30.5615997314453
31
0.0
39
0.0
210
0.0
220
0.0
230
1.0
0
LINE
5
5CD
330
17
100
AcDbEntity
67
0
8
0
62
256
6
ByLayer
370
-1
48
1.0
60
0
100
AcDbLine
10
41.2703018188477
20
-30.5615997314453
30
0.0
11
42.7858009338379
21
-31.4365997314453
31
0.0
39
0.0
210
0.0
220
0.0
230
1.0
0
LINE
5
5CE
330
17
100
AcDbEntity
67
0
8
0
62
256
6
ByLayer
370
-1
48
1.0
60
0
100
AcDbLine
10
42.7858009338379
20
-31.4365997314453
30
0.0
11
44.301399230957
21
-30.5615997314453
31
0.0
39
0.0
210
0.0
220
0.0
230
1.0
0
LINE
5
5CF
330
17
100
AcDbEntity
67
0
8
0
62
256
6
ByLayer
370
-1
48
1.0
60
0
100
AcDbLine
10
44.301399230957
20
-30.5615997314453
30
0.0
11
44.301399230957
21
-28.8115997314453
31
0.0
39
0.0
210
0.0
220
0.0
230
1.0
0
LINE
5
5D0
330
17
100
AcDbEntity
67
0
8
0
62
256
6
ByLayer
370
-1
48
1.0
60
0
100
AcDbLine
10
47.8325004577637
20
-28.8115997314453
30
0.0
11
46.3168983459473
21
-27.9365005493164
31
0.0
39
0.0
210
0.0
220
0.0
230
1.0
0
LINE
5
5D1
330
17
100
AcDbEntity
67
0
8
0
62
256
6
ByLayer
370
-1
48
1.0
60
0
100
AcDbLine
10
46.3168983459473
20
-27.9365005493164
30
0.0
11
44.801399230957
21
-28.8115997314453
31
0.0
39
0.0
210
0.0
220
0.0
230
1.0
0
LINE
5
5D2
330
17
100
AcDbEntity
67
0
8
0
62
256
6
ByLayer
370
-1
48
1.0
60
0
100
AcDbLine
10
44.801399230957
20
-28.8115997314453
30
0.0
11
44.801399230957
21
-30.5615997314453
31
0.0
39
0.0
210
0.0
220
0.0
230
1.0
0
LINE
5
5D3
330
17
100
AcDbEntity
67
0
8
0
62
256
6
ByLayer
370
-1
48
1.0
60
0
100
AcDbLine
10
44.801399230957
20
-30.5615997314453
30
0.0
11
46.3168983459473
21
-31.4365997314453
31
0.0
39
0.0
210
0.0
220
0.0
230
1.0
0
LINE
5
5D4
330
17
100
AcDbEntity
67
0
8
0
62
256
6
ByLayer
370
-1
48
1.0
60
0
100
AcDbLine
10
46.3168983459473
20
-31.4365997314453
30
0.0
11
47.8325004577637
21
-30.5615997314453
31
0.0
39
0.0
210
0.0
220
0.0
230
1.0
0
LINE
5
5D5
330
17
100
AcDbEntity
67
0
8
0
62
256
6
ByLayer
370
-1
48
1.0
60
0
100
AcDbLine
10
47.8325004577637
20
-30.5615997314453
30
0.0
11
47.8325004577637
21
-28.8115997314453
31
0.0
39
0.0
210
0.0
220
0.0
230
1.0
0
LINE
5
5D6
330
17
100
AcDbEntity
67
0
8
0
62
256
6
ByLayer
370
-1
48
1.0
60
0
100
AcDbLine
10
51.3636016845703
20
-28.8115997314453
30
0.0
11
49.8480987548828
21
-27.9365005493164
31
0.0
39
0.0
210
0.0
220
0.0
230
1.0
0
LINE
5
5D7
330
17
100
AcDbEntity
67
0
8
0
62
256
6
ByLayer
370
-1
48
1.0
60
0
100
AcDbLine
10
49.8480987548828
20
-27.9365005493164
30
0.0
11
48.3325004577637
21
-28.8115997314453
31
0.0
39
0.0
210
0.0
220
0.0
230
1.0
0
LINE
5
5D8
330
17
100
AcDbEntity
67
0
8
0
62
256
6
ByLayer
370
-1
48
1.0
60
0
100
AcDbLine
10
48.3325004577637
20
-28.8115997314453
30
0.0
11
48.3325004577637
21
-30.5615997314453
31
0.0
39
0.0
210
0.0
220
0.0
230
1.0
0
LINE
5
5D9
330
17
100
AcDbEntity
67
0
8
0
62
256
6
ByLayer
370
-1
48
1.0
60
0
100
AcDbLine
10
48.3325004577637
20
-30.5615997314453
30
0.0
11
49.8480987548828
21
-31.4365997314453
31
0.0
39
0.0
210
0.0
220
0.0
230
1.0
0
LINE
5
5DA
330
17
100
AcDbEntity
67
0
8
0
62
256
6
ByLayer
370
-1
48
1.0
60
0
100
AcDbLine
10
49.8480987548828
20
-31.4365997314453
30
0.0
11
51.3636016845703
21
-30.5615997314453
31
0.0
39
0.0
210
0.0
220
0.0
230
1.0
0
LINE
5
5DB
330
17
100
AcDbEntity
67
0
8
0
62
256
6
ByLayer
370
-1
48
1.0
60
0
100
AcDbLine
10
51.3636016845703
20
-30.5615997314453
30
0.0
11
51.3636016845703
21
-28.8115997314453
31
0.0
39
0.0
210
0.0
220
0.0
230
1.0
0
LINE
5
5DC
330
17
100
AcDbEntity
67
0
8
0
62
256
6
ByLayer
370
-1
48
1.0
60
0
100
AcDbLine
10
54.8946990966797
20
-28.8115997314453
30
0.0
11
53.3791999816895
21
-27.9365005493164
31
0.0
39
0.0
210
0.0
220
0.0
230
1.0
0
LINE
5
5DD
330
17
100
AcDbEntity
67
0
8
0
62
256
6
ByLayer
370
-1
48
1.0
60
0
100
AcDbLine
10
53.3791999816895
20
-27.9365005493164
30
0.0
11
51.8636016845703
21
-28.8115997314453
31
0.0
39
0.0
210
0.0
220
0.0
230
1.0
0
LINE
5
5DE
330
17
100
AcDbEntity
67
0
8
0
62
256
6
ByLayer
370
-1
48
1.0
60
0
100
AcDbLine
10
51.8636016845703
20
-28.8115997314453
30
0.0
11
51.8636016845703
21
-30.5615997314453
31
0.0
39
0.0
210
0.0
220
0.0
230
1.0
0
LINE
5
5DF
330
17
100
AcDbEntity
67
0
8
0
62
256
6
ByLayer
370
-1
48
1.0
60
0
100
AcDbLine
10
51.8636016845703
20
-30.5615997314453
30
0.0
11
53.3791999816895
21
-31.4365997314453
31
0.0
39
0.0
210
0.0
220
0.0
230
1.0
0
LINE
5
5E0
330
17
100
AcDbEntity
67
0
8
0
62
256
6
ByLayer
370
-1
48
1.0
60
0
100
AcDbLine
10
53.3791999816895
20
-31.4365997314453
30
0.0
11
54.8946990966797
21
-30.5615997314453
31
0.0
39
0.0
210
0.0
220
0.0
230
1.0
0
LINE
5
5E1
330
17
100
AcDbEntity
67
0
8
0
62
256
6
ByLayer
370
-1
48
1.0
60
0
100
AcDbLine
10
54.8946990966797
20
-30.5615997314453
30
0.0
11
54.8946990966797
21
-28.8115997314453
31
0.0
39
0.0
210
0.0
220
0.0
230
1.0
0
LINE
5
5E2
330
17
100
AcDbEntity
67
0
8
0
62
256
6
ByLayer
370
-1
48
1.0
60
0
100
AcDbLine
10
58.4258003234863
20
-28.8115997314453
30
0.0
11
56.9103012084961
21
-27.9365005493164
31
0.0
39
0.0
210
0.0
220
0.0
230
1.0
0
LINE
5
5E3
330
17
100
AcDbEntity
67
0
8
0
62
256
6
ByLayer
370
-1
48
1.0
60
0
100
AcDbLine
10
56.9103012084961
20
-27.9365005493164
30
0.0
11
55.3946990966797
21
-28.8115997314453
31
0.0
39
0.0
210
0.0
220
0.0
230
1.0
0
LINE
5
5E4
330
17
100
AcDbEntity
67
0
8
0
62
256
6
ByLayer
370
-1
48
1.0
60
0
100
AcDbLine
10
55.3946990966797
20
-28.8115997314453
30
0.0
11
55.3946990966797
21
-30.5615997314453
31
0.0
39
0.0
210
0.0
220
0.0
230
1.0
0
LINE
5
5E5
330
17
100
AcDbEntity
67
0
8
0
62
256
6
ByLayer
370
-1
48
1.0
60
0
100
AcDbLine
10
55.3946990966797
20
-30.5615997314453
30
0.0
11
56.9103012084961
21
-31.4365997314453
31
0.0
39
0.0
210
0.0
220
0.0
230
1.0
0
LINE
5
5E6
330
17
100
AcDbEntity
67
0
8
0
62
256
6
ByLayer
370
-1
48
1.0
60
0
100
AcDbLine
10
56.9103012084961
20
-31.4365997314453
30
0.0
11
58.4258003234863
21
-30.5615997314453
31
0.0
39
0.0
210
0.0
220
0.0
230
1.0
0
LINE
5
5E7
330
17
100
AcDbEntity
67
0
8
0
62
256
6
ByLayer
370
-1
48
1.0
60
0
100
AcDbLine
10
58.4258003234863
20
-30.5615997314453
30
0.0
11
58.4258003234863
21
-28.8115997314453
31
0.0
39
0.0
210
0.0
220
0.0
230
1.0
0
LINE
5
5E8
330
17
100
AcDbEntity
67
0
8
0
62
256
6
ByLayer
370
-1
48
1.0
60
0
100
AcDbLine
10
61.9570007324219
20
-28.8115997314453
30
0.0
11
60.4413986206055
21
-27.9365005493164
31
0.0
39
0.0
210
0.0
220
0.0
230
1.0
0
LINE
5
5E9
330
17
100
AcDbEntity
67
0
8
0
62
256
6
ByLayer
370
-1
48
1.0
60
0
100
AcDbLine
10
60.4413986206055
20
-27.9365005493164
30
0.0
11
58.9258003234863
21
-28.8115997314453
31
0.0
39
0.0
210
0.0
220
0.0
230
1.0
0
LINE
5
5EA
330
17
100
AcDbEntity
67
0
8
0
62
256
6
ByLayer
370
-1
48
1.0
60
0
100
AcDbLine
10
58.9258003234863
20
-28.8115997314453
30
0.0
11
58.9258003234863
21
-30.5615997314453
31
0.0
39
0.0
210
0.0
220
0.0
230
1.0
0
LINE
5
5EB
330
17
100
AcDbEntity
67
0
8
0
62
256
6
ByLayer
370
-1
48
1.0
60
0
100
AcDbLine
10
58.9258003234863
20
-30.5615997314453
30
0.0
11
60.4413986206055
21
-31.4365997314453
31
0.0
39
0.0
210
0.0
220
0.0
230
1.0
0
LINE
5
5EC
330
17
100
AcDbEntity
67
0
8
0
62
256
6
ByLayer
370
-1
48
1.0
60
0
100
AcDbLine
10
60.4413986206055
20
-31.4365997314453
30
0.0
11
61.9570007324219
21
-30.5615997314453
31
0.0
39
0.0
210
0.0
220
0.0
230
1.0
0
LINE
5
5ED
330
17
100
AcDbEntity
67
0
8
0
62
256
6
ByLayer
370
-1
48
1.0
60
0
100
AcDbLine
10
61.9570007324219
20
-30.5615997314453
30
0.0
11
61.9570007324219
21
-28.8115997314453
31
0.0
39
0.0
210
0.0
220
0.0
230
1.0
0
LINE
5
5EE
330
17
100
AcDbEntity
67
0
8
0
62
256
6
ByLayer
370
-1
48
1.0
60
0
100
AcDbLine
10
65.4880981445313
20
-28.8115997314453
30
0.0
11
63.9724998474121
21
-27.9365005493164
31
0.0
39
0.0
210
0.0
220
0.0
230
1.0
0
LINE
5
5EF
330
17
100
AcDbEntity
67
0
8
0
62
256
6
ByLayer
370
-1
48
1.0
60
0
100
AcDbLine
10
63.9724998474121
20
-27.9365005493164
30
0.0
11
62.4570007324219
21
-28.8115997314453
31
0.0
39
0.0
210
0.0
220
0.0
230
1.0
0
LINE
5
5F0
330
17
100
AcDbEntity
67
0
8
0
62
256
6
ByLayer
370
-1
48
1.0
60
0
100
AcDbLine
10
62.4570007324219
20
-28.8115997314453
30
0.0
11
62.4570007324219
21
-30.5615997314453
31
0.0
39
0.0
210
0.0
220
0.0
230
1.0
0
LINE
5
5F1
330
17
100
AcDbEntity
67
0
8
0
62
256
6
ByLayer
370
-1
48
1.0
60
0
100
AcDbLine
10
62.4570007324219
20
-30.5615997314453
30
0.0
11
63.9724998474121
21
-31.4365997314453
31
0.0
39
0.0
210
0.0
220
0.0
230
1.0
0
LINE
5
5F2
330
17
100
AcDbEntity
67
0
8
0
62
256
6
ByLayer
370
-1
48
1.0
60
0
100
AcDbLine
10
63.9724998474121
20
-31.4365997314453
30
0.0
11
65.4880981445313
21
-30.5615997314453
31
0.0
39
0.0
210
0.0
220
0.0
230
1.0
0
LINE
5
5F3
330
17
100
AcDbEntity
67
0
8
0
62
256
6
ByLayer
370
-1
48
1.0
60
0
100
AcDbLine
10
65.4880981445313
20
-30.5615997314453
30
0.0
11
65.4880981445313
21
-28.8115997314453
31
0.0
39
0.0
210
0.0
220
0.0
230
1.0
0
LINE
5
5F4
330
17
100
AcDbEntity
67
0
8
0
62
256
6
ByLayer
370
-1
48
1.0
60
0
100
AcDbLine
10
66.0381011962891
20
-30.5904006958008
30
0.0
11
65.9880981445313
21
-30.5615997314453
31
0.0
39
0.0
210
0.0
220
0.0
230
1.0
0
LINE
5
5F5
330
17
100
AcDbEntity
67
0
8
0
62
256
6
ByLayer
370
-1
48
1.0
60
0
100
AcDbLine
10
65.9880981445313
20
-30.5615997314453
30
0.0
11
65.9880981445313
21
-30.4262008666992
31
0.0
39
0.0
210
0.0
220
0.0
230
1.0
0
LINE
5
5F6
330
17
100
AcDbEntity
67
0
8
0
62
256
6
ByLayer
370
-1
48
1.0
60
0
100
AcDbLine
10
65.9880981445313
20
-30.4262008666992
30
0.0
11
66.0381011962891
21
-30.5904006958008
31
0.0
39
0.0
210
0.0
220
0.0
230
1.0
0
LINE
5
5F7
330
17
100
AcDbEntity
67
0
8
0
62
256
6
ByLayer
370
-1
48
1.0
60
0
100
AcDbLine
10
27.7749004364014
20
-25.8677997589111
30
0.0
11
27.455099105835
21
-25.2014007568359
31
0.0
39
0.0
210
0.0
220
0.0
230
1.0
0
LINE
5
5F8
330
17
100
AcDbEntity
67
0
8
0
62
256
6
ByLayer
370
-1
48
1.0
60
0
100
AcDbLine
10
27.455099105835
20
-25.2014007568359
30
0.0
11
28.4113998413086
21
-25.7534999847412
31
0.0
39
0.0
210
0.0
220
0.0
230
1.0
0
LINE
5
5F9
330
17
100
AcDbEntity
67
0
8
0
62
256
6
ByLayer
370
-1
48
1.0
60
0
100
AcDbLine
10
28.4113998413086
20
-25.7534999847412
30
0.0
11
28.4113998413086
21
-27.5034999847412
31
0.0
39
0.0
210
0.0
220
0.0
230
1.0
0
LINE
5
5FA
330
17
100
AcDbEntity
67
0
8
0
62
256
6
ByLayer
370
-1
48
1.0
60
0
100
AcDbLine
10
28.4113998413086
20
-27.5034999847412
30
0.0
11
28.3766994476318
21
-27.5235996246338
31
0.0
39
0.0
210
0.0
220
0.0
230
1.0
0
LINE
5
5FB
330
17
100
AcDbEntity
67
0
8
0
62
256
6
ByLayer
370
-1
48
1.0
60
0
100
AcDbLine
10
28.3766994476318
20
-27.5235996246338
30
0.0
11
27.7749004364014
21
-25.8677997589111
31
0.0
39
0.0
210
0.0
220
0.0
230
1.0
0
LINE
5
5FC
330
17
100
AcDbEntity
67
0
8
0
62
256
6
ByLayer
370
-1
48
1.0
60
0
100
AcDbLine
10
29.3502998352051
20
-27.7569007873535
30
0.0
11
28.9113998413086
21
-27.5034999847412
31
0.0
39
0.0
210
0.0
220
0.0
230
1.0
0
LINE
5
5FD
330
17
100
AcDbEntity
67
0
8
0
62
256
6
ByLayer
370
-1
48
1.0
60
0
100
AcDbLine
10
28.9113998413086
20
-27.5034999847412
30
0.0
11
28.9113998413086
21
-25.7534999847412
31
0.0
39
0.0
210
0.0
220
0.0
230
1.0
0
LINE
5
5FE
330
17
100
AcDbEntity
67
0
8
0
62
256
6
ByLayer
370
-1
48
1.0
60
0
100
AcDbLine
10
28.9113998413086
20
-25.7534999847412
30
0.0
11
30.4269008636475
21
-24.8784999847412
31
0.0
39
0.0
210
0.0
220
0.0
230
1.0
0
LINE
5
5FF
330
17
100
AcDbEntity
67
0
8
0
62
256
6
ByLayer
370
-1
48
1.0
60
0
100
AcDbLine
10
30.4269008636475
20
-24.8784999847412
30
0.0
11
31.9424991607666
21
-25.7534999847412
31
0.0
39
0.0
210
0.0
220
0.0
230
1.0
0
LINE
5
600
330
17
100
AcDbEntity
67
0
8
0
62
256
6
ByLayer
370
-1
48
1.0
60
0
100
AcDbLine
10
31.9424991607666
20
-25.7534999847412
30
0.0
11
31.9424991607666
21
-26.9810009002686
31
0.0
39
0.0
210
0.0
220
0.0
230
1.0
0
LINE
5
601
330
17
100
AcDbEntity
67
0
8
0
62
256
6
ByLayer
370
-1
48
1.0
60
0
100
AcDbLine
10
31.9424991607666
20
-26.9810009002686
30
0.0
11
29.3502998352051
21
-27.7569007873535
31
0.0
39
0.0
210
0.0
220
0.0
230
1.0
0
LINE
5
602
330
17
100
AcDbEntity
67
0
8
0
62
256
6
ByLayer
370
-1
48
1.0
60
0
100
AcDbLine
10
35.3485984802246
20
-26.3192005157471
30
0.0
11
35.2178993225098
21
-26.1937999725342
31
0.0
39
0.0
210
0.0
220
0.0
230
1.0
0
LINE
5
603
330
17
100
AcDbEntity
67
0
8
0
62
256
6
ByLayer
370
-1
48
1.0
60
0
100
AcDbLine
10
35.2178993225098
20
-26.1937999725342
30
0.0
11
35.119499206543
21
-26.1123008728027
31
0.0
39
0.0
210
0.0
220
0.0
230
1.0
0
LINE
5
604
330
17
100
AcDbEntity
67
0
8
0
62
256
6
ByLayer
370
-1
48
1.0
60
0
100
AcDbLine
10
35.119499206543
20
-26.1123008728027
30
0.0
11
35.0359992980957
21
-26.0550994873047
31
0.0
39
0.0
210
0.0
220
0.0
230
1.0
0
LINE
5
605
330
17
100
AcDbEntity
67
0
8
0
62
256
6
ByLayer
370
-1
48
1.0
60
0
100
AcDbLine
10
35.0359992980957
20
-26.0550994873047
30
0.0
11
32.4425010681152
21
-26.8313007354736
31
0.0
39
0.0
210
0.0
220
0.0
230
1.0
0
LINE
5
606
330
17
100
AcDbEntity
67
0
8
0
62
256
6
ByLayer
370
-1
48
1.0
60
0
100
AcDbLine
10
32.4425010681152
20
-26.8313007354736
30
0.0
11
32.4425010681152
21
-25.7534999847412
31
0.0
39
0.0
210
0.0
220
0.0
230
1.0
0
LINE
5
607
330
17
100
AcDbEntity
67
0
8
0
62
256
6
ByLayer
370
-1
48
1.0
60
0
100
AcDbLine
10
32.4425010681152
20
-25.7534999847412
30
0.0
11
33.9580001831055
21
-24.8784999847412
31
0.0
39
0.0
210
0.0
220
0.0
230
1.0
0
LINE
5
608
330
17
100
AcDbEntity
67
0
8
0
62
256
6
ByLayer
370
-1
48
1.0
60
0
100
AcDbLine
10
33.9580001831055
20
-24.8784999847412
30
0.0
11
35.4735984802246
21
-25.7534999847412
31
0.0
39
0.0
210
0.0
220
0.0
230
1.0
0
LINE
5
609
330
17
100
AcDbEntity
67
0
8
0
62
256
6
ByLayer
370
-1
48
1.0
60
0
100
AcDbLine
10
35.4735984802246
20
-25.7534999847412
30
0.0
11
35.4735984802246
21
-26.4683990478516
31
0.0
39
0.0
210
0.0
220
0.0
230
1.0
0
LINE
5
60A
330
17
100
AcDbEntity
67
0
8
0
62
256
6
ByLayer
370
-1
48
1.0
60
0
100
AcDbLine
10
35.4735984802246
20
-26.4683990478516
30
0.0
11
35.3485984802246
21
-26.3192005157471
31
0.0
39
0.0
210
0.0
220
0.0
230
1.0
0
LINE
5
60B
330
17
100
AcDbEntity
67
0
8
0
62
256
6
ByLayer
370
-1
48
1.0
60
0
100
AcDbLine
10
36.1137008666992
20
-27.389799118042
30
0.0
11
35.9735984802246
21
-27.1704998016357
31
0.0
39
0.0
210
0.0
220
0.0
230
1.0
0
LINE
5
60C
330
17
100
AcDbEntity
67
0
8
0
62
256
6
ByLayer
370
-1
48
1.0
60
0
100
AcDbLine
10
35.9735984802246
20
-27.1704998016357
30
0.0
11
35.9735984802246
21
-25.7534999847412
31
0.0
39
0.0
210
0.0
220
0.0
230
1.0
0
LINE
5
60D
330
17
100
AcDbEntity
67
0
8
0
62
256
6
ByLayer
370
-1
48
1.0
60
0
100
AcDbLine
10
35.9735984802246
20
-25.7534999847412
30
0.0
11
37.489200592041
21
-24.8784999847412
31
0.0
39
0.0
210
0.0
220
0.0
230
1.0
0
LINE
5
60E
330
17
100
AcDbEntity
67
0
8
0
62
256
6
ByLayer
370
-1
48
1.0
60
0
100
AcDbLine
10
37.489200592041
20
-24.8784999847412
30
0.0
11
39.0046997070313
21
-25.7534999847412
31
0.0
39
0.0
210
0.0
220
0.0
230
1.0
0
LINE
5
60F
330
17
100
AcDbEntity
67
0
8
0
62
256
6
ByLayer
370
-1
48
1.0
60
0
100
AcDbLine
10
39.0046997070313
20
-25.7534999847412
30
0.0
11
39.0046997070313
21
-27.5034999847412
31
0.0
39
0.0
210
0.0
220
0.0
230
1.0
0
LINE
5
610
330
17
100
AcDbEntity
67
0
8
0
62
256
6
ByLayer
370
-1
48
1.0
60
0
100
AcDbLine
10
39.0046997070313
20
-27.5034999847412
30
0.0
11
37.489200592041
21
-28.3784999847412
31
0.0
39
0.0
210
0.0
220
0.0
230
1.0
0
LINE
5
611
330
17
100
AcDbEntity
67
0
8
0
62
256
6
ByLayer
370
-1
48
1.0
60
0
100
AcDbLine
10
37.489200592041
20
-28.3784999847412
30
0.0
11
36.2454986572266
21
-27.6604995727539
31
0.0
39
0.0
210
0.0
220
0.0
230
1.0
0
LINE
5
612
330
17
100
AcDbEntity
67
0
8
0
62
256
6
ByLayer
370
-1
48
1.0
60
0
100
AcDbLine
10
36.2454986572266
20
-27.6604995727539
30
0.0
11
36.1137008666992
21
-27.389799118042
31
0.0
39
0.0
210
0.0
220
0.0
230
1.0
0
LINE
5
613
330
17
100
AcDbEntity
67
0
8
0
62
256
6
ByLayer
370
-1
48
1.0
60
0
100
AcDbLine
10
42.5358009338379
20
-25.7534999847412
30
0.0
11
41.0203018188477
21
-24.8784999847412
31
0.0
39
0.0
210
0.0
220
0.0
230
1.0
0
LINE
5
614
330
17
100
AcDbEntity
67
0
8
0
62
256
6
ByLayer
370
-1
48
1.0
60
0
100
AcDbLine
10
41.0203018188477
20
-24.8784999847412
30
0.0
11
39.5046997070313
21
-25.7534999847412
31
0.0
39
0.0
210
0.0
220
0.0
230
1.0
0
LINE
5
615
330
17
100
AcDbEntity
67
0
8
0
62
256
6
ByLayer
370
-1
48
1.0
60
0
100
AcDbLine
10
39.5046997070313
20
-25.7534999847412
30
0.0
11
39.5046997070313
21
-27.5034999847412
31
0.0
39
0.0
210
0.0
220
0.0
230
1.0
0
LINE
5
616
330
17
100
AcDbEntity
67
0
8
0
62
256
6
ByLayer
370
-1
48
1.0
60
0
100
AcDbLine
10
39.5046997070313
20
-27.5034999847412
30
0.0
11
41.0203018188477
21
-28.3784999847412
31
0.0
39
0.0
210
0.0
220
0.0
230
1.0
0
LINE
5
617
330
17
100
AcDbEntity
67
0
8
0
62
256
6
ByLayer
370
-1
48
1.0
60
0
100
AcDbLine
10
41.0203018188477
20
-28.3784999847412
30
0.0
11
42.5358009338379
21
-27.5034999847412
31
0.0
39
0.0
210
0.0
220
0.0
230
1.0
0
LINE
5
618
330
17
100
AcDbEntity
67
0
8
0
62
256
6
ByLayer
370
-1
48
1.0
60
0
100
AcDbLine
10
42.5358009338379
20
-27.5034999847412
30
0.0
11
42.5358009338379
21
-25.7534999847412
31
0.0
39
0.0
210
0.0
220
0.0
230
1.0
0
LINE
5
619
330
17
100
AcDbEntity
67
0
8
0
62
256
6
ByLayer
370
-1
48
1.0
60
0
100
AcDbLine
10
46.0668983459473
20
-25.7534999847412
30
0.0
11
44.551399230957
21
-24.8784999847412
31
0.0
39
0.0
210
0.0
220
0.0
230
1.0
0
LINE
5
61A
330
17
100
AcDbEntity
67
0
8
0
62
256
6
ByLayer
370
-1
48
1.0
60
0
100
AcDbLine
10
44.551399230957
20
-24.8784999847412
30
0.0
11
43.0358009338379
21
-25.7534999847412
31
0.0
39
0.0
210
0.0
220
0.0
230
1.0
0
LINE
5
61B
330
17
100
AcDbEntity
67
0
8
0
62
256
6
ByLayer
370
-1
48
1.0
60
0
100
AcDbLine
10
43.0358009338379
20
-25.7534999847412
30
0.0
11
43.0358009338379
21
-27.5034999847412
31
0.0
39
0.0
210
0.0
220
0.0
230
1.0
0
LINE
5
61C
330
17
100
AcDbEntity
67
0
8
0
62
256
6
ByLayer
370
-1
48
1.0
60
0
100
AcDbLine
10
43.0358009338379
20
-27.5034999847412
30
0.0
11
44.551399230957
21
-28.3784999847412
31
0.0
39
0.0
210
0.0
220
0.0
230
1.0
0
LINE
5
61D
330
17
100
AcDbEntity
67
0
8
0
62
256
6
ByLayer
370
-1
48
1.0
60
0
100
AcDbLine
10
44.551399230957
20
-28.3784999847412
30
0.0
11
46.0668983459473
21
-27.5034999847412
31
0.0
39
0.0
210
0.0
220
0.0
230
1.0
0
LINE
5
61E
330
17
100
AcDbEntity
67
0
8
0
62
256
6
ByLayer
370
-1
48
1.0
60
0
100
AcDbLine
10
46.0668983459473
20
-27.5034999847412
30
0.0
11
46.0668983459473
21
-25.7534999847412
31
0.0
39
0.0
210
0.0
220
0.0
230
1.0
0
LINE
5
61F
330
17
100
AcDbEntity
67
0
8
0
62
256
6
ByLayer
370
-1
48
1.0
60
0
100
AcDbLine
10
49.5980987548828
20
-25.7534999847412
30
0.0
11
48.0825004577637
21
-24.8784999847412
31
0.0
39
0.0
210
0.0
220
0.0
230
1.0
0
LINE
5
620
330
17
100
AcDbEntity
67
0
8
0
62
256
6
ByLayer
370
-1
48
1.0
60
0
100
AcDbLine
10
48.0825004577637
20
-24.8784999847412
30
0.0
11
46.5668983459473
21
-25.7534999847412
31
0.0
39
0.0
210
0.0
220
0.0
230
1.0
0
LINE
5
621
330
17
100
AcDbEntity
67
0
8
0
62
256
6
ByLayer
370
-1
48
1.0
60
0
100
AcDbLine
10
46.5668983459473
20
-25.7534999847412
30
0.0
11
46.5668983459473
21
-27.5034999847412
31
0.0
39
0.0
210
0.0
220
0.0
230
1.0
0
LINE
5
622
330
17
100
AcDbEntity
67
0
8
0
62
256
6
ByLayer
370
-1
48
1.0
60
0
100
AcDbLine
10
46.5668983459473
20
-27.5034999847412
30
0.0
11
48.0825004577637
21
-28.3784999847412
31
0.0
39
0.0
210
0.0
220
0.0
230
1.0
0
LINE
5
623
330
17
100
AcDbEntity
67
0
8
0
62
256
6
ByLayer
370
-1
48
1.0
60
0
100
AcDbLine
10
48.0825004577637
20
-28.3784999847412
30
0.0
11
49.5980987548828
21
-27.5034999847412
31
0.0
39
0.0
210
0.0
220
0.0
230
1.0
0
LINE
5
624
330
17
100
AcDbEntity
67
0
8
0
62
256
6
ByLayer
370
-1
48
1.0
60
0
100
AcDbLine
10
49.5980987548828
20
-27.5034999847412
30
0.0
11
49.5980987548828
21
-25.7534999847412
31
0.0
39
0.0
210
0.0
220
0.0
230
1.0
0
LINE
5
625
330
17
100
AcDbEntity
67
0
8
0
62
256
6
ByLayer
370
-1
48
1.0
60
0
100
AcDbLine
10
53.1291999816895
20
-25.7534999847412
30
0.0
11
51.6136016845703
21
-24.8784999847412
31
0.0
39
0.0
210
0.0
220
0.0
230
1.0
0
LINE
5
626
330
17
100
AcDbEntity
67
0
8
0
62
256
6
ByLayer
370
-1
48
1.0
60
0
100
AcDbLine
10
51.6136016845703
20
-24.8784999847412
30
0.0
11
50.0980987548828
21
-25.7534999847412
31
0.0
39
0.0
210
0.0
220
0.0
230
1.0
0
LINE
5
627
330
17
100
AcDbEntity
67
0
8
0
62
256
6
ByLayer
370
-1
48
1.0
60
0
100
AcDbLine
10
50.0980987548828
20
-25.7534999847412
30
0.0
11
50.0980987548828
21
-27.5034999847412
31
0.0
39
0.0
210
0.0
220
0.0
230
1.0
0
LINE
5
628
330
17
100
AcDbEntity
67
0
8
0
62
256
6
ByLayer
370
-1
48
1.0
60
0
100
AcDbLine
10
50.0980987548828
20
-27.5034999847412
30
0.0
11
51.6136016845703
21
-28.3784999847412
31
0.0
39
0.0
210
0.0
220
0.0
230
1.0
0
LINE
5
629
330
17
100
AcDbEntity
67
0
8
0
62
256
6
ByLayer
370
-1
48
1.0
60
0
100
AcDbLine
10
51.6136016845703
20
-28.3784999847412
30
0.0
11
53.1291999816895
21
-27.5034999847412
31
0.0
39
0.0
210
0.0
220
0.0
230
1.0
0
LINE
5
62A
330
17
100
AcDbEntity
67
0
8
0
62
256
6
ByLayer
370
-1
48
1.0
60
0
100
AcDbLine
10
53.1291999816895
20
-27.5034999847412
30
0.0
11
53.1291999816895
21
-25.7534999847412
31
0.0
39
0.0
210
0.0
220
0.0
230
1.0
0
LINE
5
62B
330
17
100
AcDbEntity
67
0
8
0
62
256
6
ByLayer
370
-1
48
1.0
60
0
100
AcDbLine
10
56.6603012084961
20
-25.7534999847412
30
0.0
11
55.1446990966797
21
-24.8784999847412
31
0.0
39
0.0
210
0.0
220
0.0
230
1.0
0
LINE
5
62C
330
17
100
AcDbEntity
67
0
8
0
62
256
6
ByLayer
370
-1
48
1.0
60
0
100
AcDbLine
10
55.1446990966797
20
-24.8784999847412
30
0.0
11
53.6291999816895
21
-25.7534999847412
31
0.0
39
0.0
210
0.0
220
0.0
230
1.0
0
LINE
5
62D
330
17
100
AcDbEntity
67
0
8
0
62
256
6
ByLayer
370
-1
48
1.0
60
0
100
AcDbLine
10
53.6291999816895
20
-25.7534999847412
30
0.0
11
53.6291999816895
21
-27.5034999847412
31
0.0
39
0.0
210
0.0
220
0.0
230
1.0
0
LINE
5
62E
330
17
100
AcDbEntity
67
0
8
0
62
256
6
ByLayer
370
-1
48
1.0
60
0
100
AcDbLine
10
53.6291999816895
20
-27.5034999847412
30
0.0
11
55.1446990966797
21
-28.3784999847412
31
0.0
39
0.0
210
0.0
220
0.0
230
1.0
0
LINE
5
62F
330
17
100
AcDbEntity
67
0
8
0
62
256
6
ByLayer
370
-1
48
1.0
60
0
100
AcDbLine
10
55.1446990966797
20
-28.3784999847412
30
0.0
11
56.6603012084961
21
-27.5034999847412
31
0.0
39
0.0
210
0.0
220
0.0
230
1.0
0
LINE
5
630
330
17
100
AcDbEntity
67
0
8
0
62
256
6
ByLayer
370
-1
48
1.0
60
0
100
AcDbLine
10
56.6603012084961
20
-27.5034999847412
30
0.0
11
56.6603012084961
21
-25.7534999847412
31
0.0
39
0.0
210
0.0
220
0.0
230
1.0
0
LINE
5
631
330
17
100
AcDbEntity
67
0
8
0
62
256
6
ByLayer
370
-1
48
1.0
60
0
100
AcDbLine
10
60.1913986206055
20
-25.7534999847412
30
0.0
11
58.6758003234863
21
-24.8784999847412
31
0.0
39
0.0
210
0.0
220
0.0
230
1.0
0
LINE
5
632
330
17
100
AcDbEntity
67
0
8
0
62
256
6
ByLayer
370
-1
48
1.0
60
0
100
AcDbLine
10
58.6758003234863
20
-24.8784999847412
30
0.0
11
57.1603012084961
21
-25.7534999847412
31
0.0
39
0.0
210
0.0
220
0.0
230
1.0
0
LINE
5
633
330
17
100
AcDbEntity
67
0
8
0
62
256
6
ByLayer
370
-1
48
1.0
60
0
100
AcDbLine
10
57.1603012084961
20
-25.7534999847412
30
0.0
11
57.1603012084961
21
-27.5034999847412
31
0.0
39
0.0
210
0.0
220
0.0
230
1.0
0
LINE
5
634
330
17
100
AcDbEntity
67
0
8
0
62
256
6
ByLayer
370
-1
48
1.0
60
0
100
AcDbLine
10
57.1603012084961
20
-27.5034999847412
30
0.0
11
58.6758003234863
21
-28.3784999847412
31
0.0
39
0.0
210
0.0
220
0.0
230
1.0
0
LINE
5
635
330
17
100
AcDbEntity
67
0
8
0
62
256
6
ByLayer
370
-1
48
1.0
60
0
100
AcDbLine
10
58.6758003234863
20
-28.3784999847412
30
0.0
11
60.1913986206055
21
-27.5034999847412
31
0.0
39
0.0
210
0.0
220
0.0
230
1.0
0
LINE
5
636
330
17
100
AcDbEntity
67
0
8
0
62
256
6
ByLayer
370
-1
48
1.0
60
0
100
AcDbLine
10
60.1913986206055
20
-27.5034999847412
30
0.0
11
60.1913986206055
21
-25.7534999847412
31
0.0
39
0.0
210
0.0
220
0.0
230
1.0
0
LINE
5
637
330
17
100
AcDbEntity
67
0
8
0
62
256
6
ByLayer
370
-1
48
1.0
60
0
100
AcDbLine
10
63.7224998474121
20
-25.7534999847412
30
0.0
11
62.2070007324219
21
-24.8784999847412
31
0.0
39
0.0
210
0.0
220
0.0
230
1.0
0
LINE
5
638
330
17
100
AcDbEntity
67
0
8
0
62
256
6
ByLayer
370
-1
48
1.0
60
0
100
AcDbLine
10
62.2070007324219
20
-24.8784999847412
30
0.0
11
60.6913986206055
21
-25.7534999847412
31
0.0
39
0.0
210
0.0
220
0.0
230
1.0
0
LINE
5
639
330
17
100
AcDbEntity
67
0
8
0
62
256
6
ByLayer
370
-1
48
1.0
60
0
100
AcDbLine
10
60.6913986206055
20
-25.7534999847412
30
0.0
11
60.6913986206055
21
-27.5034999847412
31
0.0
39
0.0
210
0.0
220
0.0
230
1.0
0
LINE
5
63A
330
17
100
AcDbEntity
67
0
8
0
62
256
6
ByLayer
370
-1
48
1.0
60
0
100
AcDbLine
10
60.6913986206055
20
-27.5034999847412
30
0.0
11
62.2070007324219
21
-28.3784999847412
31
0.0
39
0.0
210
0.0
220
0.0
230
1.0
0
LINE
5
63B
330
17
100
AcDbEntity
67
0
8
0
62
256
6
ByLayer
370
-1
48
1.0
60
0
100
AcDbLine
10
62.2070007324219
20
-28.3784999847412
30
0.0
11
63.7224998474121
21
-27.5034999847412
31
0.0
39
0.0
210
0.0
220
0.0
230
1.0
0
LINE
5
63C
330
17
100
AcDbEntity
67
0
8
0
62
256
6
ByLayer
370
-1
48
1.0
60
0
100
AcDbLine
10
63.7224998474121
20
-27.5034999847412
30
0.0
11
63.7224998474121
21
-25.7534999847412
31
0.0
39
0.0
210
0.0
220
0.0
230
1.0
0
LINE
5
63D
330
17
100
AcDbEntity
67
0
8
0
62
256
6
ByLayer
370
-1
48
1.0
60
0
100
AcDbLine
10
65.3781967163086
20
-28.1707992553711
30
0.0
11
64.2225036621094
21
-27.5034999847412
31
0.0
39
0.0
210
0.0
220
0.0
230
1.0
0
LINE
5
63E
330
17
100
AcDbEntity
67
0
8
0
62
256
6
ByLayer
370
-1
48
1.0
60
0
100
AcDbLine
10
64.2225036621094
20
-27.5034999847412
30
0.0
11
64.2225036621094
21
-25.7534999847412
31
0.0
39
0.0
210
0.0
220
0.0
230
1.0
0
LINE
5
63F
330
17
100
AcDbEntity
67
0
8
0
62
256
6
ByLayer
370
-1
48
1.0
60
0
100
AcDbLine
10
64.2225036621094
20
-25.7534999847412
30
0.0
11
64.779296875
21
-25.4321002960205
31
0.0
39
0.0
210
0.0
220
0.0
230
1.0
0
LINE
5
640
330
17
100
AcDbEntity
67
0
8
0
62
256
6
ByLayer
370
-1
48
1.0
60
0
100
AcDbLine
10
64.779296875
20
-25.4321002960205
30
0.0
11
65.3781967163086
21
-28.1707992553711
31
0.0
39
0.0
210
0.0
220
0.0
230
1.0
0
LINE
5
641
330
17
100
AcDbEntity
67
0
8
0
62
256
6
ByLayer
370
-1
48
1.0
60
0
100
AcDbLine
10
26.2751998901367
20
-23.1749992370605
30
0.0
11
25.2894992828369
21
-21.9669990539551
31
0.0
39
0.0
210
0.0
220
0.0
230
1.0
0
LINE
5
642
330
17
100
AcDbEntity
67
0
8
0
62
256
6
ByLayer
370
-1
48
1.0
60
0
100
AcDbLine
10
25.2894992828369
20
-21.9669990539551
30
0.0
11
25.1567993164063
21
-21.8358001708984
31
0.0
39
0.0
210
0.0
220
0.0
230
1.0
0
LINE
5
643
330
17
100
AcDbEntity
67
0
8
0
62
256
6
ByLayer
370
-1
48
1.0
60
0
100
AcDbLine
10
25.1567993164063
20
-21.8358001708984
30
0.0
11
26.6457996368408
21
-22.695499420166
31
0.0
39
0.0
210
0.0
220
0.0
230
1.0
0
LINE
5
644
330
17
100
AcDbEntity
67
0
8
0
62
256
6
ByLayer
370
-1
48
1.0
60
0
100
AcDbLine
10
26.6457996368408
20
-22.695499420166
30
0.0
11
26.6457996368408
21
-23.7544002532959
31
0.0
39
0.0
210
0.0
220
0.0
230
1.0
0
LINE
5
645
330
17
100
AcDbEntity
67
0
8
0
62
256
6
ByLayer
370
-1
48
1.0
60
0
100
AcDbLine
10
26.6457996368408
20
-23.7544002532959
30
0.0
11
26.2751998901367
21
-23.1749992370605
31
0.0
39
0.0
210
0.0
220
0.0
230
1.0
0
LINE
5
646
330
17
100
AcDbEntity
67
0
8
0
62
256
6
ByLayer
370
-1
48
1.0
60
0
100
AcDbLine
10
30.1769008636475
20
-22.695499420166
30
0.0
11
28.6613998413086
21
-21.820499420166
31
0.0
39
0.0
210
0.0
220
0.0
230
1.0
0
LINE
5
647
330
17
100
AcDbEntity
67
0
8
0
62
256
6
ByLayer
370
-1
48
1.0
60
0
100
AcDbLine
10
28.6613998413086
20
-21.820499420166
30
0.0
11
27.1457996368408
21
-22.695499420166
31
0.0
39
0.0
210
0.0
220
0.0
230
1.0
0
LINE
5
648
330
17
100
AcDbEntity
67
0
8
0
62
256
6
ByLayer
370
-1
48
1.0
60
0
100
AcDbLine
10
27.1457996368408
20
-22.695499420166
30
0.0
11
27.1457996368408
21
-24.445499420166
31
0.0
39
0.0
210
0.0
220
0.0
230
1.0
0
LINE
5
649
330
17
100
AcDbEntity
67
0
8
0
62
256
6
ByLayer
370
-1
48
1.0
60
0
100
AcDbLine
10
27.1457996368408
20
-24.445499420166
30
0.0
11
28.6613998413086
21
-25.320499420166
31
0.0
39
0.0
210
0.0
220
0.0
230
1.0
0
LINE
5
64A
330
17
100
AcDbEntity
67
0
8
0
62
256
6
ByLayer
370
-1
48
1.0
60
0
100
AcDbLine
10
28.6613998413086
20
-25.320499420166
30
0.0
11
30.1769008636475
21
-24.445499420166
31
0.0
39
0.0
210
0.0
220
0.0
230
1.0
0
LINE
5
64B
330
17
100
AcDbEntity
67
0
8
0
62
256
6
ByLayer
370
-1
48
1.0
60
0
100
AcDbLine
10
30.1769008636475
20
-24.445499420166
30
0.0
11
30.1769008636475
21
-22.695499420166
31
0.0
39
0.0
210
0.0
220
0.0
230
1.0
0
LINE
5
64C
330
17
100
AcDbEntity
67
0
8
0
62
256
6
ByLayer
370
-1
48
1.0
60
0
100
AcDbLine
10
33.7080001831055
20
-22.695499420166
30
0.0
11
32.1925010681152
21
-21.820499420166
31
0.0
39
0.0
210
0.0
220
0.0
230
1.0
0
LINE
5
64D
330
17
100
AcDbEntity
67
0
8
0
62
256
6
ByLayer
370
-1
48
1.0
60
0
100
AcDbLine
10
32.1925010681152
20
-21.820499420166
30
0.0
11
30.6769008636475
21
-22.695499420166
31
0.0
39
0.0
210
0.0
220
0.0
230
1.0
0
LINE
5
64E
330
17
100
AcDbEntity
67
0
8
0
62
256
6
ByLayer
370
-1
48
1.0
60
0
100
AcDbLine
10
30.6769008636475
20
-22.695499420166
30
0.0
11
30.6769008636475
21
-24.445499420166
31
0.0
39
0.0
210
0.0
220
0.0
230
1.0
0
LINE
5
64F
330
17
100
AcDbEntity
67
0
8
0
62
256
6
ByLayer
370
-1
48
1.0
60
0
100
AcDbLine
10
30.6769008636475
20
-24.445499420166
30
0.0
11
32.1925010681152
21
-25.320499420166
31
0.0
39
0.0
210
0.0
220
0.0
230
1.0
0
LINE
5
650
330
17
100
AcDbEntity
67
0
8
0
62
256
6
ByLayer
370
-1
48
1.0
60
0
100
AcDbLine
10
32.1925010681152
20
-25.320499420166
30
0.0
11
33.7080001831055
21
-24.445499420166
31
0.0
39
0.0
210
0.0
220
0.0
230
1.0
0
LINE
5
651
330
17
100
AcDbEntity
67
0
8
0
62
256
6
ByLayer
370
-1
48
1.0
60
0
100
AcDbLine
10
33.7080001831055
20
-24.445499420166
30
0.0
11
33.7080001831055
21
-22.695499420166
31
0.0
39
0.0
210
0.0
220
0.0
230
1.0
0
LINE
5
652
330
17
100
AcDbEntity
67
0
8
0
62
256
6
ByLayer
370
-1
48
1.0
60
0
100
AcDbLine
10
37.239200592041
20
-22.695499420166
30
0.0
11
35.7235984802246
21
-21.820499420166
31
0.0
39
0.0
210
0.0
220
0.0
230
1.0
0
LINE
5
653
330
17
100
AcDbEntity
67
0
8
0
62
256
6
ByLayer
370
-1
48
1.0
60
0
100
AcDbLine
10
35.7235984802246
20
-21.820499420166
30
0.0
11
34.2080001831055
21
-22.695499420166
31
0.0
39
0.0
210
0.0
220
0.0
230
1.0
0
LINE
5
654
330
17
100
AcDbEntity
67
0
8
0
62
256
6
ByLayer
370
-1
48
1.0
60
0
100
AcDbLine
10
34.2080001831055
20
-22.695499420166
30
0.0
11
34.2080001831055
21
-24.445499420166
31
0.0
39
0.0
210
0.0
220
0.0
230
1.0
0
LINE
5
655
330
17
100
AcDbEntity
67
0
8
0
62
256
6
ByLayer
370
-1
48
1.0
60
0
100
AcDbLine
10
34.2080001831055
20
-24.445499420166
30
0.0
11
35.7235984802246
21
-25.320499420166
31
0.0
39
0.0
210
0.0
220
0.0
230
1.0
0
LINE
5
656
330
17
100
AcDbEntity
67
0
8
0
62
256
6
ByLayer
370
-1
48
1.0
60
0
100
AcDbLine
10
35.7235984802246
20
-25.320499420166
30
0.0
11
37.239200592041
21
-24.445499420166
31
0.0
39
0.0
210
0.0
220
0.0
230
1.0
0
LINE
5
657
330
17
100
AcDbEntity
67
0
8
0
62
256
6
ByLayer
370
-1
48
1.0
60
0
100
AcDbLine
10
37.239200592041
20
-24.445499420166
30
0.0
11
37.239200592041
21
-22.695499420166
31
0.0
39
0.0
210
0.0
220
0.0
230
1.0
0
LINE
5
658
330
17
100
AcDbEntity
67
0
8
0
62
256
6
ByLayer
370
-1
48
1.0
60
0
100
AcDbLine
10
40.7703018188477
20
-22.695499420166
30
0.0
11
39.2546997070313
21
-21.820499420166
31
0.0
39
0.0
210
0.0
220
0.0
230
1.0
0
LINE
5
659
330
17
100
AcDbEntity
67
0
8
0
62
256
6
ByLayer
370
-1
48
1.0
60
0
100
AcDbLine
10
39.2546997070313
20
-21.820499420166
30
0.0
11
37.739200592041
21
-22.695499420166
31
0.0
39
0.0
210
0.0
220
0.0
230
1.0
0
LINE
5
65A
330
17
100
AcDbEntity
67
0
8
0
62
256
6
ByLayer
370
-1
48
1.0
60
0
100
AcDbLine
10
37.739200592041
20
-22.695499420166
30
0.0
11
37.739200592041
21
-24.445499420166
31
0.0
39
0.0
210
0.0
220
0.0
230
1.0
0
LINE
5
65B
330
17
100
AcDbEntity
67
0
8
0
62
256
6
ByLayer
370
-1
48
1.0
60
0
100
AcDbLine
10
37.739200592041
20
-24.445499420166
30
0.0
11
39.2546997070313
21
-25.320499420166
31
0.0
39
0.0
210
0.0
220
0.0
230
1.0
0
LINE
5
65C
330
17
100
AcDbEntity
67
0
8
0
62
256
6
ByLayer
370
-1
48
1.0
60
0
100
AcDbLine
10
39.2546997070313
20
-25.320499420166
30
0.0
11
40.7703018188477
21
-24.445499420166
31
0.0
39
0.0
210
0.0
220
0.0
230
1.0
0
LINE
5
65D
330
17
100
AcDbEntity
67
0
8
0
62
256
6
ByLayer
370
-1
48
1.0
60
0
100
AcDbLine
10
40.7703018188477
20
-24.445499420166
30
0.0
11
40.7703018188477
21
-22.695499420166
31
0.0
39
0.0
210
0.0
220
0.0
230
1.0
0
LINE
5
65E
330
17
100
AcDbEntity
67
0
8
0
62
256
6
ByLayer
370
-1
48
1.0
60
0
100
AcDbLine
10
44.301399230957
20
-22.695499420166
30
0.0
11
42.7858009338379
21
-21.820499420166
31
0.0
39
0.0
210
0.0
220
0.0
230
1.0
0
LINE
5
65F
330
17
100
AcDbEntity
67
0
8
0
62
256
6
ByLayer
370
-1
48
1.0
60
0
100
AcDbLine
10
42.7858009338379
20
-21.820499420166
30
0.0
11
41.2703018188477
21
-22.695499420166
31
0.0
39
0.0
210
0.0
220
0.0
230
1.0
0
LINE
5
660
330
17
100
AcDbEntity
67
0
8
0
62
256
6
ByLayer
370
-1
48
1.0
60
0
100
AcDbLine
10
41.2703018188477
20
-22.695499420166
30
0.0
11
41.2703018188477
21
-24.445499420166
31
0.0
39
0.0
210
0.0
220
0.0
230
1.0
0
LINE
5
661
330
17
100
AcDbEntity
67
0
8
0
62
256
6
ByLayer
370
-1
48
1.0
60
0
100
AcDbLine
10
41.2703018188477
20
-24.445499420166
30
0.0
11
42.7858009338379
21
-25.320499420166
31
0.0
39
0.0
210
0.0
220
0.0
230
1.0
0
LINE
5
662
330
17
100
AcDbEntity
67
0
8
0
62
256
6
ByLayer
370
-1
48
1.0
60
0
100
AcDbLine
10
42.7858009338379
20
-25.320499420166
30
0.0
11
44.301399230957
21
-24.445499420166
31
0.0
39
0.0
210
0.0
220
0.0
230
1.0
0
LINE
5
663
330
17
100
AcDbEntity
67
0
8
0
62
256
6
ByLayer
370
-1
48
1.0
60
0
100
AcDbLine
10
44.301399230957
20
-24.445499420166
30
0.0
11
44.301399230957
21
-22.695499420166
31
0.0
39
0.0
210
0.0
220
0.0
230
1.0
0
LINE
5
664
330
17
100
AcDbEntity
67
0
8
0
62
256
6
ByLayer
370
-1
48
1.0
60
0
100
AcDbLine
10
47.8325004577637
20
-22.695499420166
30
0.0
11
46.3168983459473
21
-21.820499420166
31
0.0
39
0.0
210
0.0
220
0.0
230
1.0
0
LINE
5
665
330
17
100
AcDbEntity
67
0
8
0
62
256
6
ByLayer
370
-1
48
1.0
60
0
100
AcDbLine
10
46.3168983459473
20
-21.820499420166
30
0.0
11
44.801399230957
21
-22.695499420166
31
0.0
39
0.0
210
0.0
220
0.0
230
1.0
0
LINE
5
666
330
17
100
AcDbEntity
67
0
8
0
62
256
6
ByLayer
370
-1
48
1.0
60
0
100
AcDbLine
10
44.801399230957
20
-22.695499420166
30
0.0
11
44.801399230957
21
-24.445499420166
31
0.0
39
0.0
210
0.0
220
0.0
230
1.0
0
LINE
5
667
330
17
100
AcDbEntity
67
0
8
0
62
256
6
ByLayer
370
-1
48
1.0
60
0
100
AcDbLine
10
44.801399230957
20
-24.445499420166
30
0.0
11
46.3168983459473
21
-25.320499420166
31
0.0
39
0.0
210
0.0
220
0.0
230
1.0
0
LINE
5
668
330
17
100
AcDbEntity
67
0
8
0
62
256
6
ByLayer
370
-1
48
1.0
60
0
100
AcDbLine
10
46.3168983459473
20
-25.320499420166
30
0.0
11
47.8325004577637
21
-24.445499420166
31
0.0
39
0.0
210
0.0
220
0.0
230
1.0
0
LINE
5
669
330
17
100
AcDbEntity
67
0
8
0
62
256
6
ByLayer
370
-1
48
1.0
60
0
100
AcDbLine
10
47.8325004577637
20
-24.445499420166
30
0.0
11
47.8325004577637
21
-22.695499420166
31
0.0
39
0.0
210
0.0
220
0.0
230
1.0
0
LINE
5
66A
330
17
100
AcDbEntity
67
0
8
0
62
256
6
ByLayer
370
-1
48
1.0
60
0
100
AcDbLine
10
51.3636016845703
20
-22.695499420166
30
0.0
11
49.8480987548828
21
-21.820499420166
31
0.0
39
0.0
210
0.0
220
0.0
230
1.0
0
LINE
5
66B
330
17
100
AcDbEntity
67
0
8
0
62
256
6
ByLayer
370
-1
48
1.0
60
0
100
AcDbLine
10
49.8480987548828
20
-21.820499420166
30
0.0
11
48.3325004577637
21
-22.695499420166
31
0.0
39
0.0
210
0.0
220
0.0
230
1.0
0
LINE
5
66C
330
17
100
AcDbEntity
67
0
8
0
62
256
6
ByLayer
370
-1
48
1.0
60
0
100
AcDbLine
10
48.3325004577637
20
-22.695499420166
30
0.0
11
48.3325004577637
21
-24.445499420166
31
0.0
39
0.0
210
0.0
220
0.0
230
1.0
0
LINE
5
66D
330
17
100
AcDbEntity
67
0
8
0
62
256
6
ByLayer
370
-1
48
1.0
60
0
100
AcDbLine
10
48.3325004577637
20
-24.445499420166
30
0.0
11
49.8480987548828
21
-25.320499420166
31
0.0
39
0.0
210
0.0
220
0.0
230
1.0
0
LINE
5
66E
330
17
100
AcDbEntity
67
0
8
0
62
256
6
ByLayer
370
-1
48
1.0
60
0
100
AcDbLine
10
49.8480987548828
20
-25.320499420166
30
0.0
11
51.3636016845703
21
-24.445499420166
31
0.0
39
0.0
210
0.0
220
0.0
230
1.0
0
LINE
5
66F
330
17
100
AcDbEntity
67
0
8
0
62
256
6
ByLayer
370
-1
48
1.0
60
0
100
AcDbLine
10
51.3636016845703
20
-24.445499420166
30
0.0
11
51.3636016845703
21
-22.695499420166
31
0.0
39
0.0
210
0.0
220
0.0
230
1.0
0
LINE
5
670
330
17
100
AcDbEntity
67
0
8
0
62
256
6
ByLayer
370
-1
48
1.0
60
0
100
AcDbLine
10
54.8946990966797
20
-22.695499420166
30
0.0
11
53.3791999816895
21
-21.820499420166
31
0.0
39
0.0
210
0.0
220
0.0
230
1.0
0
LINE
5
671
330
17
100
AcDbEntity
67
0
8
0
62
256
6
ByLayer
370
-1
48
1.0
60
0
100
AcDbLine
10
53.3791999816895
20
-21.820499420166
30
0.0
11
51.8636016845703
21
-22.695499420166
31
0.0
39
0.0
210
0.0
220
0.0
230
1.0
0
LINE
5
672
330
17
100
AcDbEntity
67
0
8
0
62
256
6
ByLayer
370
-1
48
1.0
60
0
100
AcDbLine
10
51.8636016845703
20
-22.695499420166
30
0.0
11
51.8636016845703
21
-24.445499420166
31
0.0
39
0.0
210
0.0
220
0.0
230
1.0
0
LINE
5
673
330
17
100
AcDbEntity
67
0
8
0
62
256
6
ByLayer
370
-1
48
1.0
60
0
100
AcDbLine
10
51.8636016845703
20
-24.445499420166
30
0.0
11
53.3791999816895
21
-25.320499420166
31
0.0
39
0.0
210
0.0
220
0.0
230
1.0
0
LINE
5
674
330
17
100
AcDbEntity
67
0
8
0
62
256
6
ByLayer
370
-1
48
1.0
60
0
100
AcDbLine
10
53.3791999816895
20
-25.320499420166
30
0.0
11
54.8946990966797
21
-24.445499420166
31
0.0
39
0.0
210
0.0
220
0.0
230
1.0
0
LINE
5
675
330
17
100
AcDbEntity
67
0
8
0
62
256
6
ByLayer
370
-1
48
1.0
60
0
100
AcDbLine
10
54.8946990966797
20
-24.445499420166
30
0.0
11
54.8946990966797
21
-22.695499420166
31
0.0
39
0.0
210
0.0
220
0.0
230
1.0
0
LINE
5
676
330
17
100
AcDbEntity
67
0
8
0
62
256
6
ByLayer
370
-1
48
1.0
60
0
100
AcDbLine
10
58.4258003234863
20
-22.695499420166
30
0.0
11
56.9103012084961
21
-21.820499420166
31
0.0
39
0.0
210
0.0
220
0.0
230
1.0
0
LINE
5
677
330
17
100
AcDbEntity
67
0
8
0
62
256
6
ByLayer
370
-1
48
1.0
60
0
100
AcDbLine
10
56.9103012084961
20
-21.820499420166
30
0.0
11
55.3946990966797
21
-22.695499420166
31
0.0
39
0.0
210
0.0
220
0.0
230
1.0
0
LINE
5
678
330
17
100
AcDbEntity
67
0
8
0
62
256
6
ByLayer
370
-1
48
1.0
60
0
100
AcDbLine
10
55.3946990966797
20
-22.695499420166
30
0.0
11
55.3946990966797
21
-24.445499420166
31
0.0
39
0.0
210
0.0
220
0.0
230
1.0
0
LINE
5
679
330
17
100
AcDbEntity
67
0
8
0
62
256
6
ByLayer
370
-1
48
1.0
60
0
100
AcDbLine
10
55.3946990966797
20
-24.445499420166
30
0.0
11
56.9103012084961
21
-25.320499420166
31
0.0
39
0.0
210
0.0
220
0.0
230
1.0
0
LINE
5
67A
330
17
100
AcDbEntity
67
0
8
0
62
256
6
ByLayer
370
-1
48
1.0
60
0
100
AcDbLine
10
56.9103012084961
20
-25.320499420166
30
0.0
11
58.4258003234863
21
-24.445499420166
31
0.0
39
0.0
210
0.0
220
0.0
230
1.0
0
LINE
5
67B
330
17
100
AcDbEntity
67
0
8
0
62
256
6
ByLayer
370
-1
48
1.0
60
0
100
AcDbLine
10
58.4258003234863
20
-24.445499420166
30
0.0
11
58.4258003234863
21
-22.695499420166
31
0.0
39
0.0
210
0.0
220
0.0
230
1.0
0
LINE
5
67C
330
17
100
AcDbEntity
67
0
8
0
62
256
6
ByLayer
370
-1
48
1.0
60
0
100
AcDbLine
10
61.9570007324219
20
-22.695499420166
30
0.0
11
60.4413986206055
21
-21.820499420166
31
0.0
39
0.0
210
0.0
220
0.0
230
1.0
0
LINE
5
67D
330
17
100
AcDbEntity
67
0
8
0
62
256
6
ByLayer
370
-1
48
1.0
60
0
100
AcDbLine
10
60.4413986206055
20
-21.820499420166
30
0.0
11
58.9258003234863
21
-22.695499420166
31
0.0
39
0.0
210
0.0
220
0.0
230
1.0
0
LINE
5
67E
330
17
100
AcDbEntity
67
0
8
0
62
256
6
ByLayer
370
-1
48
1.0
60
0
100
AcDbLine
10
58.9258003234863
20
-22.695499420166
30
0.0
11
58.9258003234863
21
-24.445499420166
31
0.0
39
0.0
210
0.0
220
0.0
230
1.0
0
LINE
5
67F
330
17
100
AcDbEntity
67
0
8
0
62
256
6
ByLayer
370
-1
48
1.0
60
0
100
AcDbLine
10
58.9258003234863
20
-24.445499420166
30
0.0
11
60.4413986206055
21
-25.320499420166
31
0.0
39
0.0
210
0.0
220
0.0
230
1.0
0
LINE
5
680
330
17
100
AcDbEntity
67
0
8
0
62
256
6
ByLayer
370
-1
48
1.0
60
0
100
AcDbLine
10
60.4413986206055
20
-25.320499420166
30
0.0
11
61.9570007324219
21
-24.445499420166
31
0.0
39
0.0
210
0.0
220
0.0
230
1.0
0
LINE
5
681
330
17
100
AcDbEntity
67
0
8
0
62
256
6
ByLayer
370
-1
48
1.0
60
0
100
AcDbLine
10
61.9570007324219
20
-24.445499420166
30
0.0
11
61.9570007324219
21
-22.695499420166
31
0.0
39
0.0
210
0.0
220
0.0
230
1.0
0
LINE
5
682
330
17
100
AcDbEntity
67
0
8
0
62
256
6
ByLayer
370
-1
48
1.0
60
0
100
AcDbLine
10
64.6671981811523
20
-24.9193992614746
30
0.0
11
63.9724998474121
21
-25.320499420166
31
0.0
39
0.0
210
0.0
220
0.0
230
1.0
0
LINE
5
683
330
17
100
AcDbEntity
67
0
8
0
62
256
6
ByLayer
370
-1
48
1.0
60
0
100
AcDbLine
10
63.9724998474121
20
-25.320499420166
30
0.0
11
62.4570007324219
21
-24.445499420166
31
0.0
39
0.0
210
0.0
220
0.0
230
1.0
0
LINE
5
684
330
17
100
AcDbEntity
67
0
8
0
62
256
6
ByLayer
370
-1
48
1.0
60
0
100
AcDbLine
10
62.4570007324219
20
-24.445499420166
30
0.0
11
62.4570007324219
21
-22.695499420166
31
0.0
39
0.0
210
0.0
220
0.0
230
1.0
0
LINE
5
685
330
17
100
AcDbEntity
67
0
8
0
62
256
6
ByLayer
370
-1
48
1.0
60
0
100
AcDbLine
10
62.4570007324219
20
-22.695499420166
30
0.0
11
63.9724998474121
21
-21.820499420166
31
0.0
39
0.0
210
0.0
220
0.0
230
1.0
0
LINE
5
686
330
17
100
AcDbEntity
67
0
8
0
62
256
6
ByLayer
370
-1
48
1.0
60
0
100
AcDbLine
10
63.9724998474121
20
-21.820499420166
30
0.0
11
63.9919013977051
21
-21.8316993713379
31
0.0
39
0.0
210
0.0
220
0.0
230
1.0
0
LINE
5
687
330
17
100
AcDbEntity
67
0
8
0
62
256
6
ByLayer
370
-1
48
1.0
60
0
100
AcDbLine
10
63.9919013977051
20
-21.8316993713379
30
0.0
11
64.6671981811523
21
-24.9193992614746
31
0.0
39
0.0
210
0.0
220
0.0
230
1.0
0
LINE
5
688
330
17
100
AcDbEntity
67
0
8
0
62
256
6
ByLayer
370
-1
48
1.0
60
0
100
AcDbLine
10
24.1564998626709
20
-20.8460006713867
30
0.0
11
22.8838996887207
21
-19.8078002929688
31
0.0
39
0.0
210
0.0
220
0.0
230
1.0
0
LINE
5
689
330
17
100
AcDbEntity
67
0
8
0
62
256
6
ByLayer
370
-1
48
1.0
60
0
100
AcDbLine
10
22.8838996887207
20
-19.8078002929688
30
0.0
11
22.2745990753174
21
-19.3917999267578
31
0.0
39
0.0
210
0.0
220
0.0
230
1.0
0
LINE
5
68A
330
17
100
AcDbEntity
67
0
8
0
62
256
6
ByLayer
370
-1
48
1.0
60
0
100
AcDbLine
10
22.2745990753174
20
-19.3917999267578
30
0.0
11
23.3647003173828
21
-18.7623996734619
31
0.0
39
0.0
210
0.0
220
0.0
230
1.0
0
LINE
5
68B
330
17
100
AcDbEntity
67
0
8
0
62
256
6
ByLayer
370
-1
48
1.0
60
0
100
AcDbLine
10
23.3647003173828
20
-18.7623996734619
30
0.0
11
24.8803005218506
21
-19.6373996734619
31
0.0
39
0.0
210
0.0
220
0.0
230
1.0
0
LINE
5
68C
330
17
100
AcDbEntity
67
0
8
0
62
256
6
ByLayer
370
-1
48
1.0
60
0
100
AcDbLine
10
24.8803005218506
20
-19.6373996734619
30
0.0
11
24.8803005218506
21
-21.3875007629395
31
0.0
39
0.0
210
0.0
220
0.0
230
1.0
0
LINE
5
68D
330
17
100
AcDbEntity
67
0
8
0
62
256
6
ByLayer
370
-1
48
1.0
60
0
100
AcDbLine
10
24.8803005218506
20
-21.3875007629395
30
0.0
11
24.7688007354736
21
-21.4517993927002
31
0.0
39
0.0
210
0.0
220
0.0
230
1.0
0
LINE
5
68E
330
17
100
AcDbEntity
67
0
8
0
62
256
6
ByLayer
370
-1
48
1.0
60
0
100
AcDbLine
10
24.7688007354736
20
-21.4517993927002
30
0.0
11
24.1564998626709
21
-20.8460006713867
31
0.0
39
0.0
210
0.0
220
0.0
230
1.0
0
LINE
5
68F
330
17
100
AcDbEntity
67
0
8
0
62
256
6
ByLayer
370
-1
48
1.0
60
0
100
AcDbLine
10
28.4113998413086
20
-19.6373996734619
30
0.0
11
26.8957996368408
21
-18.7623996734619
31
0.0
39
0.0
210
0.0
220
0.0
230
1.0
0
LINE
5
690
330
17
100
AcDbEntity
67
0
8
0
62
256
6
ByLayer
370
-1
48
1.0
60
0
100
AcDbLine
10
26.8957996368408
20
-18.7623996734619
30
0.0
11
25.3803005218506
21
-19.6373996734619
31
0.0
39
0.0
210
0.0
220
0.0
230
1.0
0
LINE
5
691
330
17
100
AcDbEntity
67
0
8
0
62
256
6
ByLayer
370
-1
48
1.0
60
0
100
AcDbLine
10
25.3803005218506
20
-19.6373996734619
30
0.0
11
25.3803005218506
21
-21.3875007629395
31
0.0
39
0.0
210
0.0
220
0.0
230
1.0
0
LINE
5
692
330
17
100
AcDbEntity
67
0
8
0
62
256
6
ByLayer
370
-1
48
1.0
60
0
100
AcDbLine
10
25.3803005218506
20
-21.3875007629395
30
0.0
11
26.8957996368408
21
-22.2625007629395
31
0.0
39
0.0
210
0.0
220
0.0
230
1.0
0
LINE
5
693
330
17
100
AcDbEntity
67
0
8
0
62
256
6
ByLayer
370
-1
48
1.0
60
0
100
AcDbLine
10
26.8957996368408
20
-22.2625007629395
30
0.0
11
28.4113998413086
21
-21.3875007629395
31
0.0
39
0.0
210
0.0
220
0.0
230
1.0
0
LINE
5
694
330
17
100
AcDbEntity
67
0
8
0
62
256
6
ByLayer
370
-1
48
1.0
60
0
100
AcDbLine
10
28.4113998413086
20
-21.3875007629395
30
0.0
11
28.4113998413086
21
-19.6373996734619
31
0.0
39
0.0
210
0.0
220
0.0
230
1.0
0
LINE
5
695
330
17
100
AcDbEntity
67
0
8
0
62
256
6
ByLayer
370
-1
48
1.0
60
0
100
AcDbLine
10
31.9424991607666
20
-19.6373996734619
30
0.0
11
30.4269008636475
21
-18.7623996734619
31
0.0
39
0.0
210
0.0
220
0.0
230
1.0
0
LINE
5
696
330
17
100
AcDbEntity
67
0
8
0
62
256
6
ByLayer
370
-1
48
1.0
60
0
100
AcDbLine
10
30.4269008636475
20
-18.7623996734619
30
0.0
11
28.9113998413086
21
-19.6373996734619
31
0.0
39
0.0
210
0.0
220
0.0
230
1.0
0
LINE
5
697
330
17
100
AcDbEntity
67
0
8
0
62
256
6
ByLayer
370
-1
48
1.0
60
0
100
AcDbLine
10
28.9113998413086
20
-19.6373996734619
30
0.0
11
28.9113998413086
21
-21.3875007629395
31
0.0
39
0.0
210
0.0
220
0.0
230
1.0
0
LINE
5
698
330
17
100
AcDbEntity
67
0
8
0
62
256
6
ByLayer
370
-1
48
1.0
60
0
100
AcDbLine
10
28.9113998413086
20
-21.3875007629395
30
0.0
11
30.4269008636475
21
-22.2625007629395
31
0.0
39
0.0
210
0.0
220
0.0
230
1.0
0
LINE
5
699
330
17
100
AcDbEntity
67
0
8
0
62
256
6
ByLayer
370
-1
48
1.0
60
0
100
AcDbLine
10
30.4269008636475
20
-22.2625007629395
30
0.0
11
31.9424991607666
21
-21.3875007629395
31
0.0
39
0.0
210
0.0
220
0.0
230
1.0
0
LINE
5
69A
330
17
100
AcDbEntity
67
0
8
0
62
256
6
ByLayer
370
-1
48
1.0
60
0
100
AcDbLine
10
31.9424991607666
20
-21.3875007629395
30
0.0
11
31.9424991607666
21
-19.6373996734619
31
0.0
39
0.0
210
0.0
220
0.0
230
1.0
0
LINE
5
69B
330
17
100
AcDbEntity
67
0
8
0
62
256
6
ByLayer
370
-1
48
1.0
60
0
100
AcDbLine
10
35.4735984802246
20
-19.6373996734619
30
0.0
11
33.9580001831055
21
-18.7623996734619
31
0.0
39
0.0
210
0.0
220
0.0
230
1.0
0
LINE
5
69C
330
17
100
AcDbEntity
67
0
8
0
62
256
6
ByLayer
370
-1
48
1.0
60
0
100
AcDbLine
10
33.9580001831055
20
-18.7623996734619
30
0.0
11
32.4425010681152
21
-19.6373996734619
31
0.0
39
0.0
210
0.0
220
0.0
230
1.0
0
LINE
5
69D
330
17
100
AcDbEntity
67
0
8
0
62
256
6
ByLayer
370
-1
48
1.0
60
0
100
AcDbLine
10
32.4425010681152
20
-19.6373996734619
30
0.0
11
32.4425010681152
21
-21.3875007629395
31
0.0
39
0.0
210
0.0
220
0.0
230
1.0
0
LINE
5
69E
330
17
100
AcDbEntity
67
0
8
0
62
256
6
ByLayer
370
-1
48
1.0
60
0
100
AcDbLine
10
32.4425010681152
20
-21.3875007629395
30
0.0
11
33.9580001831055
21
-22.2625007629395
31
0.0
39
0.0
210
0.0
220
0.0
230
1.0
0
LINE
5
69F
330
17
100
AcDbEntity
67
0
8
0
62
256
6
ByLayer
370
-1
48
1.0
60
0
100
AcDbLine
10
33.9580001831055
20
-22.2625007629395
30
0.0
11
35.4735984802246
21
-21.3875007629395
31
0.0
39
0.0
210
0.0
220
0.0
230
1.0
0
LINE
5
6A0
330
17
100
AcDbEntity
67
0
8
0
62
256
6
ByLayer
370
-1
48
1.0
60
0
100
AcDbLine
10
35.4735984802246
20
-21.3875007629395
30
0.0
11
35.4735984802246
21
-19.6373996734619
31
0.0
39
0.0
210
0.0
220
0.0
230
1.0
0
LINE
5
6A1
330
17
100
AcDbEntity
67
0
8
0
62
256
6
ByLayer
370
-1
48
1.0
60
0
100
AcDbLine
10
39.0046997070313
20
-19.6373996734619
30
0.0
11
37.489200592041
21
-18.7623996734619
31
0.0
39
0.0
210
0.0
220
0.0
230
1.0
0
LINE
5
6A2
330
17
100
AcDbEntity
67
0
8
0
62
256
6
ByLayer
370
-1
48
1.0
60
0
100
AcDbLine
10
37.489200592041
20
-18.7623996734619
30
0.0
11
35.9735984802246
21
-19.6373996734619
31
0.0
39
0.0
210
0.0
220
0.0
230
1.0
0
LINE
5
6A3
330
17
100
AcDbEntity
67
0
8
0
62
256
6
ByLayer
370
-1
48
1.0
60
0
100
AcDbLine
10
35.9735984802246
20
-19.6373996734619
30
0.0
11
35.9735984802246
21
-21.3875007629395
31
0.0
39
0.0
210
0.0
220
0.0
230
1.0
0
LINE
5
6A4
330
17
100
AcDbEntity
67
0
8
0
62
256
6
ByLayer
370
-1
48
1.0
60
0
100
AcDbLine
10
35.9735984802246
20
-21.3875007629395
30
0.0
11
37.489200592041
21
-22.2625007629395
31
0.0
39
0.0
210
0.0
220
0.0
230
1.0
0
LINE
5
6A5
330
17
100
AcDbEntity
67
0
8
0
62
256
6
ByLayer
370
-1
48
1.0
60
0
100
AcDbLine
10
37.489200592041
20
-22.2625007629395
30
0.0
11
39.0046997070313
21
-21.3875007629395
31
0.0
39
0.0
210
0.0
220
0.0
230
1.0
0
LINE
5
6A6
330
17
100
AcDbEntity
67
0
8
0
62
256
6
ByLayer
370
-1
48
1.0
60
0
100
AcDbLine
10
39.0046997070313
20
-21.3875007629395
30
0.0
11
39.0046997070313
21
-19.6373996734619
31
0.0
39
0.0
210
0.0
220
0.0
230
1.0
0
LINE
5
6A7
330
17
100
AcDbEntity
67
0
8
0
62
256
6
ByLayer
370
-1
48
1.0
60
0
100
AcDbLine
10
42.5358009338379
20
-19.6373996734619
30
0.0
11
41.0203018188477
21
-18.7623996734619
31
0.0
39
0.0
210
0.0
220
0.0
230
1.0
0
LINE
5
6A8
330
17
100
AcDbEntity
67
0
8
0
62
256
6
ByLayer
370
-1
48
1.0
60
0
100
AcDbLine
10
41.0203018188477
20
-18.7623996734619
30
0.0
11
39.5046997070313
21
-19.6373996734619
31
0.0
39
0.0
210
0.0
220
0.0
230
1.0
0
LINE
5
6A9
330
17
100
AcDbEntity
67
0
8
0
62
256
6
ByLayer
370
-1
48
1.0
60
0
100
AcDbLine
10
39.5046997070313
20
-19.6373996734619
30
0.0
11
39.5046997070313
21
-21.3875007629395
31
0.0
39
0.0
210
0.0
220
0.0
230
1.0
0
LINE
5
6AA
330
17
100
AcDbEntity
67
0
8
0
62
256
6
ByLayer
370
-1
48
1.0
60
0
100
AcDbLine
10
39.5046997070313
20
-21.3875007629395
30
0.0
11
41.0203018188477
21
-22.2625007629395
31
0.0
39
0.0
210
0.0
220
0.0
230
1.0
0
LINE
5
6AB
330
17
100
AcDbEntity
67
0
8
0
62
256
6
ByLayer
370
-1
48
1.0
60
0
100
AcDbLine
10
41.0203018188477
20
-22.2625007629395
30
0.0
11
42.5358009338379
21
-21.3875007629395
31
0.0
39
0.0
210
0.0
220
0.0
230
1.0
0
LINE
5
6AC
330
17
100
AcDbEntity
67
0
8
0
62
256
6
ByLayer
370
-1
48
1.0
60
0
100
AcDbLine
10
42.5358009338379
20
-21.3875007629395
30
0.0
11
42.5358009338379
21
-19.6373996734619
31
0.0
39
0.0
210
0.0
220
0.0
230
1.0
0
LINE
5
6AD
330
17
100
AcDbEntity
67
0
8
0
62
256
6
ByLayer
370
-1
48
1.0
60
0
100
AcDbLine
10
46.0668983459473
20
-19.6373996734619
30
0.0
11
44.551399230957
21
-18.7623996734619
31
0.0
39
0.0
210
0.0
220
0.0
230
1.0
0
LINE
5
6AE
330
17
100
AcDbEntity
67
0
8
0
62
256
6
ByLayer
370
-1
48
1.0
60
0
100
AcDbLine
10
44.551399230957
20
-18.7623996734619
30
0.0
11
43.0358009338379
21
-19.6373996734619
31
0.0
39
0.0
210
0.0
220
0.0
230
1.0
0
LINE
5
6AF
330
17
100
AcDbEntity
67
0
8
0
62
256
6
ByLayer
370
-1
48
1.0
60
0
100
AcDbLine
10
43.0358009338379
20
-19.6373996734619
30
0.0
11
43.0358009338379
21
-21.3875007629395
31
0.0
39
0.0
210
0.0
220
0.0
230
1.0
0
LINE
5
6B0
330
17
100
AcDbEntity
67
0
8
0
62
256
6
ByLayer
370
-1
48
1.0
60
0
100
AcDbLine
10
43.0358009338379
20
-21.3875007629395
30
0.0
11
44.551399230957
21
-22.2625007629395
31
0.0
39
0.0
210
0.0
220
0.0
230
1.0
0
LINE
5
6B1
330
17
100
AcDbEntity
67
0
8
0
62
256
6
ByLayer
370
-1
48
1.0
60
0
100
AcDbLine
10
44.551399230957
20
-22.2625007629395
30
0.0
11
46.0668983459473
21
-21.3875007629395
31
0.0
39
0.0
210
0.0
220
0.0
230
1.0
0
LINE
5
6B2
330
17
100
AcDbEntity
67
0
8
0
62
256
6
ByLayer
370
-1
48
1.0
60
0
100
AcDbLine
10
46.0668983459473
20
-21.3875007629395
30
0.0
11
46.0668983459473
21
-19.6373996734619
31
0.0
39
0.0
210
0.0
220
0.0
230
1.0
0
LINE
5
6B3
330
17
100
AcDbEntity
67
0
8
0
62
256
6
ByLayer
370
-1
48
1.0
60
0
100
AcDbLine
10
49.5980987548828
20
-19.6373996734619
30
0.0
11
48.0825004577637
21
-18.7623996734619
31
0.0
39
0.0
210
0.0
220
0.0
230
1.0
0
LINE
5
6B4
330
17
100
AcDbEntity
67
0
8
0
62
256
6
ByLayer
370
-1
48
1.0
60
0
100
AcDbLine
10
48.0825004577637
20
-18.7623996734619
30
0.0
11
46.5668983459473
21
-19.6373996734619
31
0.0
39
0.0
210
0.0
220
0.0
230
1.0
0
LINE
5
6B5
330
17
100
AcDbEntity
67
0
8
0
62
256
6
ByLayer
370
-1
48
1.0
60
0
100
AcDbLine
10
46.5668983459473
20
-19.6373996734619
30
0.0
11
46.5668983459473
21
-21.3875007629395
31
0.0
39
0.0
210
0.0
220
0.0
230
1.0
0
LINE
5
6B6
330
17
100
AcDbEntity
67
0
8
0
62
256
6
ByLayer
370
-1
48
1.0
60
0
100
AcDbLine
10
46.5668983459473
20
-21.3875007629395
30
0.0
11
48.0825004577637
21
-22.2625007629395
31
0.0
39
0.0
210
0.0
220
0.0
230
1.0
0
LINE
5
6B7
330
17
100
AcDbEntity
67
0
8
0
62
256
6
ByLayer
370
-1
48
1.0
60
0
100
AcDbLine
10
48.0825004577637
20
-22.2625007629395
30
0.0
11
49.5980987548828
21
-21.3875007629395
31
0.0
39
0.0
210
0.0
220
0.0
230
1.0
0
LINE
5
6B8
330
17
100
AcDbEntity
67
0
8
0
62
256
6
ByLayer
370
-1
48
1.0
60
0
100
AcDbLine
10
49.5980987548828
20
-21.3875007629395
30
0.0
11
49.5980987548828
21
-19.6373996734619
31
0.0
39
0.0
210
0.0
220
0.0
230
1.0
0
LINE
5
6B9
330
17
100
AcDbEntity
67
0
8
0
62
256
6
ByLayer
370
-1
48
1.0
60
0
100
AcDbLine
10
53.1291999816895
20
-19.6373996734619
30
0.0
11
51.6136016845703
21
-18.7623996734619
31
0.0
39
0.0
210
0.0
220
0.0
230
1.0
0
LINE
5
6BA
330
17
100
AcDbEntity
67
0
8
0
62
256
6
ByLayer
370
-1
48
1.0
60
0
100
AcDbLine
10
51.6136016845703
20
-18.7623996734619
30
0.0
11
50.0980987548828
21
-19.6373996734619
31
0.0
39
0.0
210
0.0
220
0.0
230
1.0
0
LINE
5
6BB
330
17
100
AcDbEntity
67
0
8
0
62
256
6
ByLayer
370
-1
48
1.0
60
0
100
AcDbLine
10
50.0980987548828
20
-19.6373996734619
30
0.0
11
50.0980987548828
21
-21.3875007629395
31
0.0
39
0.0
210
0.0
220
0.0
230
1.0
0
LINE
5
6BC
330
17
100
AcDbEntity
67
0
8
0
62
256
6
ByLayer
370
-1
48
1.0
60
0
100
AcDbLine
10
50.0980987548828
20
-21.3875007629395
30
0.0
11
51.6136016845703
21
-22.2625007629395
31
0.0
39
0.0
210
0.0
220
0.0
230
1.0
0
LINE
5
6BD
330
17
100
AcDbEntity
67
0
8
0
62
256
6
ByLayer
370
-1
48
1.0
60
0
100
AcDbLine
10
51.6136016845703
20
-22.2625007629395
30
0.0
11
53.1291999816895
21
-21.3875007629395
31
0.0
39
0.0
210
0.0
220
0.0
230
1.0
0
LINE
5
6BE
330
17
100
AcDbEntity
67
0
8
0
62
256
6
ByLayer
370
-1
48
1.0
60
0
100
AcDbLine
10
53.1291999816895
20
-21.3875007629395
30
0.0
11
53.1291999816895
21
-19.6373996734619
31
0.0
39
0.0
210
0.0
220
0.0
230
1.0
0
LINE
5
6BF
330
17
100
AcDbEntity
67
0
8
0
62
256
6
ByLayer
370
-1
48
1.0
60
0
100
AcDbLine
10
56.6603012084961
20
-19.6373996734619
30
0.0
11
55.1446990966797
21
-18.7623996734619
31
0.0
39
0.0
210
0.0
220
0.0
230
1.0
0
LINE
5
6C0
330
17
100
AcDbEntity
67
0
8
0
62
256
6
ByLayer
370
-1
48
1.0
60
0
100
AcDbLine
10
55.1446990966797
20
-18.7623996734619
30
0.0
11
53.6291999816895
21
-19.6373996734619
31
0.0
39
0.0
210
0.0
220
0.0
230
1.0
0
LINE
5
6C1
330
17
100
AcDbEntity
67
0
8
0
62
256
6
ByLayer
370
-1
48
1.0
60
0
100
AcDbLine
10
53.6291999816895
20
-19.6373996734619
30
0.0
11
53.6291999816895
21
-21.3875007629395
31
0.0
39
0.0
210
0.0
220
0.0
230
1.0
0
LINE
5
6C2
330
17
100
AcDbEntity
67
0
8
0
62
256
6
ByLayer
370
-1
48
1.0
60
0
100
AcDbLine
10
53.6291999816895
20
-21.3875007629395
30
0.0
11
55.1446990966797
21
-22.2625007629395
31
0.0
39
0.0
210
0.0
220
0.0
230
1.0
0
LINE
5
6C3
330
17
100
AcDbEntity
67
0
8
0
62
256
6
ByLayer
370
-1
48
1.0
60
0
100
AcDbLine
10
55.1446990966797
20
-22.2625007629395
30
0.0
11
56.6603012084961
21
-21.3875007629395
31
0.0
39
0.0
210
0.0
220
0.0
230
1.0
0
LINE
5
6C4
330
17
100
AcDbEntity
67
0
8
0
62
256
6
ByLayer
370
-1
48
1.0
60
0
100
AcDbLine
10
56.6603012084961
20
-21.3875007629395
30
0.0
11
56.6603012084961
21
-19.6373996734619
31
0.0
39
0.0
210
0.0
220
0.0
230
1.0
0
LINE
5
6C5
330
17
100
AcDbEntity
67
0
8
0
62
256
6
ByLayer
370
-1
48
1.0
60
0
100
AcDbLine
10
60.1913986206055
20
-19.6373996734619
30
0.0
11
58.6758003234863
21
-18.7623996734619
31
0.0
39
0.0
210
0.0
220
0.0
230
1.0
0
LINE
5
6C6
330
17
100
AcDbEntity
67
0
8
0
62
256
6
ByLayer
370
-1
48
1.0
60
0
100
AcDbLine
10
58.6758003234863
20
-18.7623996734619
30
0.0
11
57.1603012084961
21
-19.6373996734619
31
0.0
39
0.0
210
0.0
220
0.0
230
1.0
0
LINE
5
6C7
330
17
100
AcDbEntity
67
0
8
0
62
256
6
ByLayer
370
-1
48
1.0
60
0
100
AcDbLine
10
57.1603012084961
20
-19.6373996734619
30
0.0
11
57.1603012084961
21
-21.3875007629395
31
0.0
39
0.0
210
0.0
220
0.0
230
1.0
0
LINE
5
6C8
330
17
100
AcDbEntity
67
0
8
0
62
256
6
ByLayer
370
-1
48
1.0
60
0
100
AcDbLine
10
57.1603012084961
20
-21.3875007629395
30
0.0
11
58.6758003234863
21
-22.2625007629395
31
0.0
39
0.0
210
0.0
220
0.0
230
1.0
0
LINE
5
6C9
330
17
100
AcDbEntity
67
0
8
0
62
256
6
ByLayer
370
-1
48
1.0
60
0
100
AcDbLine
10
58.6758003234863
20
-22.2625007629395
30
0.0
11
60.1913986206055
21
-21.3875007629395
31
0.0
39
0.0
210
0.0
220
0.0
230
1.0
0
LINE
5
6CA
330
17
100
AcDbEntity
67
0
8
0
62
256
6
ByLayer
370
-1
48
1.0
60
0
100
AcDbLine
10
60.1913986206055
20
-21.3875007629395
30
0.0
11
60.1913986206055
21
-19.6373996734619
31
0.0
39
0.0
210
0.0
220
0.0
230
1.0
0
LINE
5
6CB
330
17
100
AcDbEntity
67
0
8
0
62
256
6
ByLayer
370
-1
48
1.0
60
0
100
AcDbLine
10
63.7224998474121
20
-19.6373996734619
30
0.0
11
62.2070007324219
21
-18.7623996734619
31
0.0
39
0.0
210
0.0
220
0.0
230
1.0
0
LINE
5
6CC
330
17
100
AcDbEntity
67
0
8
0
62
256
6
ByLayer
370
-1
48
1.0
60
0
100
AcDbLine
10
62.2070007324219
20
-18.7623996734619
30
0.0
11
60.6913986206055
21
-19.6373996734619
31
0.0
39
0.0
210
0.0
220
0.0
230
1.0
0
LINE
5
6CD
330
17
100
AcDbEntity
67
0
8
0
62
256
6
ByLayer
370
-1
48
1.0
60
0
100
AcDbLine
10
60.6913986206055
20
-19.6373996734619
30
0.0
11
60.6913986206055
21
-21.3875007629395
31
0.0
39
0.0
210
0.0
220
0.0
230
1.0
0
LINE
5
6CE
330
17
100
AcDbEntity
67
0
8
0
62
256
6
ByLayer
370
-1
48
1.0
60
0
100
AcDbLine
10
60.6913986206055
20
-21.3875007629395
30
0.0
11
62.2070007324219
21
-22.2625007629395
31
0.0
39
0.0
210
0.0
220
0.0
230
1.0
0
LINE
5
6CF
330
17
100
AcDbEntity
67
0
8
0
62
256
6
ByLayer
370
-1
48
1.0
60
0
100
AcDbLine
10
62.2070007324219
20
-22.2625007629395
30
0.0
11
63.7224998474121
21
-21.3875007629395
31
0.0
39
0.0
210
0.0
220
0.0
230
1.0
0
LINE
5
6D0
330
17
100
AcDbEntity
67
0
8
0
62
256
6
ByLayer
370
-1
48
1.0
60
0
100
AcDbLine
10
63.7224998474121
20
-21.3875007629395
30
0.0
11
63.7224998474121
21
-19.6373996734619
31
0.0
39
0.0
210
0.0
220
0.0
230
1.0
0
LINE
5
6D1
330
17
100
AcDbEntity
67
0
8
0
62
256
6
ByLayer
370
-1
48
1.0
60
0
100
AcDbLine
10
16.720100402832
20
-16.4825992584229
30
0.0
11
18.068000793457
21
-15.704400062561
31
0.0
39
0.0
210
0.0
220
0.0
230
1.0
0
LINE
5
6D2
330
17
100
AcDbEntity
67
0
8
0
62
256
6
ByLayer
370
-1
48
1.0
60
0
100
AcDbLine
10
18.068000793457
20
-15.704400062561
30
0.0
11
19.5835990905762
21
-16.5793991088867
31
0.0
39
0.0
210
0.0
220
0.0
230
1.0
0
LINE
5
6D3
330
17
100
AcDbEntity
67
0
8
0
62
256
6
ByLayer
370
-1
48
1.0
60
0
100
AcDbLine
10
19.5835990905762
20
-16.5793991088867
30
0.0
11
19.5835990905762
21
-17.7961006164551
31
0.0
39
0.0
210
0.0
220
0.0
230
1.0
0
LINE
5
6D4
330
17
100
AcDbEntity
67
0
8
0
62
256
6
ByLayer
370
-1
48
1.0
60
0
100
AcDbLine
10
19.5835990905762
20
-17.7961006164551
30
0.0
11
16.720100402832
21
-16.4825992584229
31
0.0
39
0.0
210
0.0
220
0.0
230
1.0
0
LINE
5
6D5
330
17
100
AcDbEntity
67
0
8
0
62
256
6
ByLayer
370
-1
48
1.0
60
0
100
AcDbLine
10
21.4785995483398
20
-18.8483009338379
30
0.0
11
20.0835990905762
21
-18.0417003631592
31
0.0
39
0.0
210
0.0
220
0.0
230
1.0
0
LINE
5
6D6
330
17
100
AcDbEntity
67
0
8
0
62
256
6
ByLayer
370
-1
48
1.0
60
0
100
AcDbLine
10
20.0835990905762
20
-18.0417003631592
30
0.0
11
20.0835990905762
21
-16.5793991088867
31
0.0
39
0.0
210
0.0
220
0.0
230
1.0
0
LINE
5
6D7
330
17
100
AcDbEntity
67
0
8
0
62
256
6
ByLayer
370
-1
48
1.0
60
0
100
AcDbLine
10
20.0835990905762
20
-16.5793991088867
30
0.0
11
21.5991992950439
21
-15.704400062561
31
0.0
39
0.0
210
0.0
220
0.0
230
1.0
0
LINE
5
6D8
330
17
100
AcDbEntity
67
0
8
0
62
256
6
ByLayer
370
-1
48
1.0
60
0
100
AcDbLine
10
21.5991992950439
20
-15.704400062561
30
0.0
11
23.1147003173828
21
-16.5793991088867
31
0.0
39
0.0
210
0.0
220
0.0
230
1.0
0
LINE
5
6D9
330
17
100
AcDbEntity
67
0
8
0
62
256
6
ByLayer
370
-1
48
1.0
60
0
100
AcDbLine
10
23.1147003173828
20
-16.5793991088867
30
0.0
11
23.1147003173828
21
-18.3293991088867
31
0.0
39
0.0
210
0.0
220
0.0
230
1.0
0
LINE
5
6DA
330
17
100
AcDbEntity
67
0
8
0
62
256
6
ByLayer
370
-1
48
1.0
60
0
100
AcDbLine
10
23.1147003173828
20
-18.3293991088867
30
0.0
11
21.8164005279541
21
-19.0790004730225
31
0.0
39
0.0
210
0.0
220
0.0
230
1.0
0
LINE
5
6DB
330
17
100
AcDbEntity
67
0
8
0
62
256
6
ByLayer
370
-1
48
1.0
60
0
100
AcDbLine
10
21.8164005279541
20
-19.0790004730225
30
0.0
11
21.4785995483398
21
-18.8483009338379
31
0.0
39
0.0
210
0.0
220
0.0
230
1.0
0
LINE
5
6DC
330
17
100
AcDbEntity
67
0
8
0
62
256
6
ByLayer
370
-1
48
1.0
60
0
100
AcDbLine
10
26.6457996368408
20
-16.5793991088867
30
0.0
11
25.1303005218506
21
-15.704400062561
31
0.0
39
0.0
210
0.0
220
0.0
230
1.0
0
LINE
5
6DD
330
17
100
AcDbEntity
67
0
8
0
62
256
6
ByLayer
370
-1
48
1.0
60
0
100
AcDbLine
10
25.1303005218506
20
-15.704400062561
30
0.0
11
23.6147003173828
21
-16.5793991088867
31
0.0
39
0.0
210
0.0
220
0.0
230
1.0
0
LINE
5
6DE
330
17
100
AcDbEntity
67
0
8
0
62
256
6
ByLayer
370
-1
48
1.0
60
0
100
AcDbLine
10
23.6147003173828
20
-16.5793991088867
30
0.0
11
23.6147003173828
21
-18.3293991088867
31
0.0
39
0.0
210
0.0
220
0.0
230
1.0
0
LINE
5
6DF
330
17
100
AcDbEntity
67
0
8
0
62
256
6
ByLayer
370
-1
48
1.0
60
0
100
AcDbLine
10
23.6147003173828
20
-18.3293991088867
30
0.0
11
25.1303005218506
21
-19.2043991088867
31
0.0
39
0.0
210
0.0
220
0.0
230
1.0
0
LINE
5
6E0
330
17
100
AcDbEntity
67
0
8
0
62
256
6
ByLayer
370
-1
48
1.0
60
0
100
AcDbLine
10
25.1303005218506
20
-19.2043991088867
30
0.0
11
26.6457996368408
21
-18.3293991088867
31
0.0
39
0.0
210
0.0
220
0.0
230
1.0
0
LINE
5
6E1
330
17
100
AcDbEntity
67
0
8
0
62
256
6
ByLayer
370
-1
48
1.0
60
0
100
AcDbLine
10
26.6457996368408
20
-18.3293991088867
30
0.0
11
26.6457996368408
21
-16.5793991088867
31
0.0
39
0.0
210
0.0
220
0.0
230
1.0
0
LINE
5
6E2
330
17
100
AcDbEntity
67
0
8
0
62
256
6
ByLayer
370
-1
48
1.0
60
0
100
AcDbLine
10
30.1769008636475
20
-16.5793991088867
30
0.0
11
28.6613998413086
21
-15.704400062561
31
0.0
39
0.0
210
0.0
220
0.0
230
1.0
0
LINE
5
6E3
330
17
100
AcDbEntity
67
0
8
0
62
256
6
ByLayer
370
-1
48
1.0
60
0
100
AcDbLine
10
28.6613998413086
20
-15.704400062561
30
0.0
11
27.1457996368408
21
-16.5793991088867
31
0.0
39
0.0
210
0.0
220
0.0
230
1.0
0
LINE
5
6E4
330
17
100
AcDbEntity
67
0
8
0
62
256
6
ByLayer
370
-1
48
1.0
60
0
100
AcDbLine
10
27.1457996368408
20
-16.5793991088867
30
0.0
11
27.1457996368408
21
-18.3293991088867
31
0.0
39
0.0
210
0.0
220
0.0
230
1.0
0
LINE
5
6E5
330
17
100
AcDbEntity
67
0
8
0
62
256
6
ByLayer
370
-1
48
1.0
60
0
100
AcDbLine
10
27.1457996368408
20
-18.3293991088867
30
0.0
11
28.6613998413086
21
-19.2043991088867
31
0.0
39
0.0
210
0.0
220
0.0
230
1.0
0
LINE
5
6E6
330
17
100
AcDbEntity
67
0
8
0
62
256
6
ByLayer
370
-1
48
1.0
60
0
100
AcDbLine
10
28.6613998413086
20
-19.2043991088867
30
0.0
11
30.1769008636475
21
-18.3293991088867
31
0.0
39
0.0
210
0.0
220
0.0
230
1.0
0
LINE
5
6E7
330
17
100
AcDbEntity
67
0
8
0
62
256
6
ByLayer
370
-1
48
1.0
60
0
100
AcDbLine
10
30.1769008636475
20
-18.3293991088867
30
0.0
11
30.1769008636475
21
-16.5793991088867
31
0.0
39
0.0
210
0.0
220
0.0
230
1.0
0
LINE
5
6E8
330
17
100
AcDbEntity
67
0
8
0
62
256
6
ByLayer
370
-1
48
1.0
60
0
100
AcDbLine
10
33.7080001831055
20
-16.5793991088867
30
0.0
11
32.1925010681152
21
-15.704400062561
31
0.0
39
0.0
210
0.0
220
0.0
230
1.0
0
LINE
5
6E9
330
17
100
AcDbEntity
67
0
8
0
62
256
6
ByLayer
370
-1
48
1.0
60
0
100
AcDbLine
10
32.1925010681152
20
-15.704400062561
30
0.0
11
30.6769008636475
21
-16.5793991088867
31
0.0
39
0.0
210
0.0
220
0.0
230
1.0
0
LINE
5
6EA
330
17
100
AcDbEntity
67
0
8
0
62
256
6
ByLayer
370
-1
48
1.0
60
0
100
AcDbLine
10
30.6769008636475
20
-16.5793991088867
30
0.0
11
30.6769008636475
21
-18.3293991088867
31
0.0
39
0.0
210
0.0
220
0.0
230
1.0
0
LINE
5
6EB
330
17
100
AcDbEntity
67
0
8
0
62
256
6
ByLayer
370
-1
48
1.0
60
0
100
AcDbLine
10
30.6769008636475
20
-18.3293991088867
30
0.0
11
32.1925010681152
21
-19.2043991088867
31
0.0
39
0.0
210
0.0
220
0.0
230
1.0
0
LINE
5
6EC
330
17
100
AcDbEntity
67
0
8
0
62
256
6
ByLayer
370
-1
48
1.0
60
0
100
AcDbLine
10
32.1925010681152
20
-19.2043991088867
30
0.0
11
33.7080001831055
21
-18.3293991088867
31
0.0
39
0.0
210
0.0
220
0.0
230
1.0
0
LINE
5
6ED
330
17
100
AcDbEntity
67
0
8
0
62
256
6
ByLayer
370
-1
48
1.0
60
0
100
AcDbLine
10
33.7080001831055
20
-18.3293991088867
30
0.0
11
33.7080001831055
21
-16.5793991088867
31
0.0
39
0.0
210
0.0
220
0.0
230
1.0
0
LINE
5
6EE
330
17
100
AcDbEntity
67
0
8
0
62
256
6
ByLayer
370
-1
48
1.0
60
0
100
AcDbLine
10
37.239200592041
20
-16.5793991088867
30
0.0
11
35.7235984802246
21
-15.704400062561
31
0.0
39
0.0
210
0.0
220
0.0
230
1.0
0
LINE
5
6EF
330
17
100
AcDbEntity
67
0
8
0
62
256
6
ByLayer
370
-1
48
1.0
60
0
100
AcDbLine
10
35.7235984802246
20
-15.704400062561
30
0.0
11
34.2080001831055
21
-16.5793991088867
31
0.0
39
0.0
210
0.0
220
0.0
230
1.0
0
LINE
5
6F0
330
17
100
AcDbEntity
67
0
8
0
62
256
6
ByLayer
370
-1
48
1.0
60
0
100
AcDbLine
10
34.2080001831055
20
-16.5793991088867
30
0.0
11
34.2080001831055
21
-18.3293991088867
31
0.0
39
0.0
210
0.0
220
0.0
230
1.0
0
LINE
5
6F1
330
17
100
AcDbEntity
67
0
8
0
62
256
6
ByLayer
370
-1
48
1.0
60
0
100
AcDbLine
10
34.2080001831055
20
-18.3293991088867
30
0.0
11
35.7235984802246
21
-19.2043991088867
31
0.0
39
0.0
210
0.0
220
0.0
230
1.0
0
LINE
5
6F2
330
17
100
AcDbEntity
67
0
8
0
62
256
6
ByLayer
370
-1
48
1.0
60
0
100
AcDbLine
10
35.7235984802246
20
-19.2043991088867
30
0.0
11
37.239200592041
21
-18.3293991088867
31
0.0
39
0.0
210
0.0
220
0.0
230
1.0
0
LINE
5
6F3
330
17
100
AcDbEntity
67
0
8
0
62
256
6
ByLayer
370
-1
48
1.0
60
0
100
AcDbLine
10
37.239200592041
20
-18.3293991088867
30
0.0
11
37.239200592041
21
-16.5793991088867
31
0.0
39
0.0
210
0.0
220
0.0
230
1.0
0
LINE
5
6F4
330
17
100
AcDbEntity
67
0
8
0
62
256
6
ByLayer
370
-1
48
1.0
60
0
100
AcDbLine
10
40.7703018188477
20
-16.5793991088867
30
0.0
11
39.2546997070313
21
-15.704400062561
31
0.0
39
0.0
210
0.0
220
0.0
230
1.0
0
LINE
5
6F5
330
17
100
AcDbEntity
67
0
8
0
62
256
6
ByLayer
370
-1
48
1.0
60
0
100
AcDbLine
10
39.2546997070313
20
-15.704400062561
30
0.0
11
37.739200592041
21
-16.5793991088867
31
0.0
39
0.0
210
0.0
220
0.0
230
1.0
0
LINE
5
6F6
330
17
100
AcDbEntity
67
0
8
0
62
256
6
ByLayer
370
-1
48
1.0
60
0
100
AcDbLine
10
37.739200592041
20
-16.5793991088867
30
0.0
11
37.739200592041
21
-18.3293991088867
31
0.0
39
0.0
210
0.0
220
0.0
230
1.0
0
LINE
5
6F7
330
17
100
AcDbEntity
67
0
8
0
62
256
6
ByLayer
370
-1
48
1.0
60
0
100
AcDbLine
10
37.739200592041
20
-18.3293991088867
30
0.0
11
39.2546997070313
21
-19.2043991088867
31
0.0
39
0.0
210
0.0
220
0.0
230
1.0
0
LINE
5
6F8
330
17
100
AcDbEntity
67
0
8
0
62
256
6
ByLayer
370
-1
48
1.0
60
0
100
AcDbLine
10
39.2546997070313
20
-19.2043991088867
30
0.0
11
40.7703018188477
21
-18.3293991088867
31
0.0
39
0.0
210
0.0
220
0.0
230
1.0
0
LINE
5
6F9
330
17
100
AcDbEntity
67
0
8
0
62
256
6
ByLayer
370
-1
48
1.0
60
0
100
AcDbLine
10
40.7703018188477
20
-18.3293991088867
30
0.0
11
40.7703018188477
21
-16.5793991088867
31
0.0
39
0.0
210
0.0
220
0.0
230
1.0
0
LINE
5
6FA
330
17
100
AcDbEntity
67
0
8
0
62
256
6
ByLayer
370
-1
48
1.0
60
0
100
AcDbLine
10
44.301399230957
20
-16.5793991088867
30
0.0
11
42.7858009338379
21
-15.704400062561
31
0.0
39
0.0
210
0.0
220
0.0
230
1.0
0
LINE
5
6FB
330
17
100
AcDbEntity
67
0
8
0
62
256
6
ByLayer
370
-1
48
1.0
60
0
100
AcDbLine
10
42.7858009338379
20
-15.704400062561
30
0.0
11
41.2703018188477
21
-16.5793991088867
31
0.0
39
0.0
210
0.0
220
0.0
230
1.0
0
LINE
5
6FC
330
17
100
AcDbEntity
67
0
8
0
62
256
6
ByLayer
370
-1
48
1.0
60
0
100
AcDbLine
10
41.2703018188477
20
-16.5793991088867
30
0.0
11
41.2703018188477
21
-18.3293991088867
31
0.0
39
0.0
210
0.0
220
0.0
230
1.0
0
LINE
5
6FD
330
17
100
AcDbEntity
67
0
8
0
62
256
6
ByLayer
370
-1
48
1.0
60
0
100
AcDbLine
10
41.2703018188477
20
-18.3293991088867
30
0.0
11
42.7858009338379
21
-19.2043991088867
31
0.0
39
0.0
210
0.0
220
0.0
230
1.0
0
LINE
5
6FE
330
17
100
AcDbEntity
67
0
8
0
62
256
6
ByLayer
370
-1
48
1.0
60
0
100
AcDbLine
10
42.7858009338379
20
-19.2043991088867
30
0.0
11
44.301399230957
21
-18.3293991088867
31
0.0
39
0.0
210
0.0
220
0.0
230
1.0
0
LINE
5
6FF
330
17
100
AcDbEntity
67
0
8
0
62
256
6
ByLayer
370
-1
48
1.0
60
0
100
AcDbLine
10
44.301399230957
20
-18.3293991088867
30
0.0
11
44.301399230957
21
-16.5793991088867
31
0.0
39
0.0
210
0.0
220
0.0
230
1.0
0
LINE
5
700
330
17
100
AcDbEntity
67
0
8
0
62
256
6
ByLayer
370
-1
48
1.0
60
0
100
AcDbLine
10
47.8325004577637
20
-16.5793991088867
30
0.0
11
46.3168983459473
21
-15.704400062561
31
0.0
39
0.0
210
0.0
220
0.0
230
1.0
0
LINE
5
701
330
17
100
AcDbEntity
67
0
8
0
62
256
6
ByLayer
370
-1
48
1.0
60
0
100
AcDbLine
10
46.3168983459473
20
-15.704400062561
30
0.0
11
44.801399230957
21
-16.5793991088867
31
0.0
39
0.0
210
0.0
220
0.0
230
1.0
0
LINE
5
702
330
17
100
AcDbEntity
67
0
8
0
62
256
6
ByLayer
370
-1
48
1.0
60
0
100
AcDbLine
10
44.801399230957
20
-16.5793991088867
30
0.0
11
44.801399230957
21
-18.3293991088867
31
0.0
39
0.0
210
0.0
220
0.0
230
1.0
0
LINE
5
703
330
17
100
AcDbEntity
67
0
8
0
62
256
6
ByLayer
370
-1
48
1.0
60
0
100
AcDbLine
10
44.801399230957
20
-18.3293991088867
30
0.0
11
46.3168983459473
21
-19.2043991088867
31
0.0
39
0.0
210
0.0
220
0.0
230
1.0
0
LINE
5
704
330
17
100
AcDbEntity
67
0
8
0
62
256
6
ByLayer
370
-1
48
1.0
60
0
100
AcDbLine
10
46.3168983459473
20
-19.2043991088867
30
0.0
11
47.8325004577637
21
-18.3293991088867
31
0.0
39
0.0
210
0.0
220
0.0
230
1.0
0
LINE
5
705
330
17
100
AcDbEntity
67
0
8
0
62
256
6
ByLayer
370
-1
48
1.0
60
0
100
AcDbLine
10
47.8325004577637
20
-18.3293991088867
30
0.0
11
47.8325004577637
21
-16.5793991088867
31
0.0
39
0.0
210
0.0
220
0.0
230
1.0
0
LINE
5
706
330
17
100
AcDbEntity
67
0
8
0
62
256
6
ByLayer
370
-1
48
1.0
60
0
100
AcDbLine
10
51.3636016845703
20
-16.5793991088867
30
0.0
11
49.8480987548828
21
-15.704400062561
31
0.0
39
0.0
210
0.0
220
0.0
230
1.0
0
LINE
5
707
330
17
100
AcDbEntity
67
0
8
0
62
256
6
ByLayer
370
-1
48
1.0
60
0
100
AcDbLine
10
49.8480987548828
20
-15.704400062561
30
0.0
11
48.3325004577637
21
-16.5793991088867
31
0.0
39
0.0
210
0.0
220
0.0
230
1.0
0
LINE
5
708
330
17
100
AcDbEntity
67
0
8
0
62
256
6
ByLayer
370
-1
48
1.0
60
0
100
AcDbLine
10
48.3325004577637
20
-16.5793991088867
30
0.0
11
48.3325004577637
21
-18.3293991088867
31
0.0
39
0.0
210
0.0
220
0.0
230
1.0
0
LINE
5
709
330
17
100
AcDbEntity
67
0
8
0
62
256
6
ByLayer
370
-1
48
1.0
60
0
100
AcDbLine
10
48.3325004577637
20
-18.3293991088867
30
0.0
11
49.8480987548828
21
-19.2043991088867
31
0.0
39
0.0
210
0.0
220
0.0
230
1.0
0
LINE
5
70A
330
17
100
AcDbEntity
67
0
8
0
62
256
6
ByLayer
370
-1
48
1.0
60
0
100
AcDbLine
10
49.8480987548828
20
-19.2043991088867
30
0.0
11
51.3636016845703
21
-18.3293991088867
31
0.0
39
0.0
210
0.0
220
0.0
230
1.0
0
LINE
5
70B
330
17
100
AcDbEntity
67
0
8
0
62
256
6
ByLayer
370
-1
48
1.0
60
0
100
AcDbLine
10
51.3636016845703
20
-18.3293991088867
30
0.0
11
51.3636016845703
21
-16.5793991088867
31
0.0
39
0.0
210
0.0
220
0.0
230
1.0
0
LINE
5
70C
330
17
100
AcDbEntity
67
0
8
0
62
256
6
ByLayer
370
-1
48
1.0
60
0
100
AcDbLine
10
54.8946990966797
20
-16.5793991088867
30
0.0
11
53.3791999816895
21
-15.704400062561
31
0.0
39
0.0
210
0.0
220
0.0
230
1.0
0
LINE
5
70D
330
17
100
AcDbEntity
67
0
8
0
62
256
6
ByLayer
370
-1
48
1.0
60
0
100
AcDbLine
10
53.3791999816895
20
-15.704400062561
30
0.0
11
51.8636016845703
21
-16.5793991088867
31
0.0
39
0.0
210
0.0
220
0.0
230
1.0
0
LINE
5
70E
330
17
100
AcDbEntity
67
0
8
0
62
256
6
ByLayer
370
-1
48
1.0
60
0
100
AcDbLine
10
51.8636016845703
20
-16.5793991088867
30
0.0
11
51.8636016845703
21
-18.3293991088867
31
0.0
39
0.0
210
0.0
220
0.0
230
1.0
0
LINE
5
70F
330
17
100
AcDbEntity
67
0
8
0
62
256
6
ByLayer
370
-1
48
1.0
60
0
100
AcDbLine
10
51.8636016845703
20
-18.3293991088867
30
0.0
11
53.3791999816895
21
-19.2043991088867
31
0.0
39
0.0
210
0.0
220
0.0
230
1.0
0
LINE
5
710
330
17
100
AcDbEntity
67
0
8
0
62
256
6
ByLayer
370
-1
48
1.0
60
0
100
AcDbLine
10
53.3791999816895
20
-19.2043991088867
30
0.0
11
54.8946990966797
21
-18.3293991088867
31
0.0
39
0.0
210
0.0
220
0.0
230
1.0
0
LINE
5
711
330
17
100
AcDbEntity
67
0
8
0
62
256
6
ByLayer
370
-1
48
1.0
60
0
100
AcDbLine
10
54.8946990966797
20
-18.3293991088867
30
0.0
11
54.8946990966797
21
-16.5793991088867
31
0.0
39
0.0
210
0.0
220
0.0
230
1.0
0
LINE
5
712
330
17
100
AcDbEntity
67
0
8
0
62
256
6
ByLayer
370
-1
48
1.0
60
0
100
AcDbLine
10
58.4258003234863
20
-16.5793991088867
30
0.0
11
56.9103012084961
21
-15.704400062561
31
0.0
39
0.0
210
0.0
220
0.0
230
1.0
0
LINE
5
713
330
17
100
AcDbEntity
67
0
8
0
62
256
6
ByLayer
370
-1
48
1.0
60
0
100
AcDbLine
10
56.9103012084961
20
-15.704400062561
30
0.0
11
55.3946990966797
21
-16.5793991088867
31
0.0
39
0.0
210
0.0
220
0.0
230
1.0
0
LINE
5
714
330
17
100
AcDbEntity
67
0
8
0
62
256
6
ByLayer
370
-1
48
1.0
60
0
100
AcDbLine
10
55.3946990966797
20
-16.5793991088867
30
0.0
11
55.3946990966797
21
-18.3293991088867
31
0.0
39
0.0
210
0.0
220
0.0
230
1.0
0
LINE
5
715
330
17
100
AcDbEntity
67
0
8
0
62
256
6
ByLayer
370
-1
48
1.0
60
0
100
AcDbLine
10
55.3946990966797
20
-18.3293991088867
30
0.0
11
56.9103012084961
21
-19.2043991088867
31
0.0
39
0.0
210
0.0
220
0.0
230
1.0
0
LINE
5
716
330
17
100
AcDbEntity
67
0
8
0
62
256
6
ByLayer
370
-1
48
1.0
60
0
100
AcDbLine
10
56.9103012084961
20
-19.2043991088867
30
0.0
11
58.4258003234863
21
-18.3293991088867
31
0.0
39
0.0
210
0.0
220
0.0
230
1.0
0
LINE
5
717
330
17
100
AcDbEntity
67
0
8
0
62
256
6
ByLayer
370
-1
48
1.0
60
0
100
AcDbLine
10
58.4258003234863
20
-18.3293991088867
30
0.0
11
58.4258003234863
21
-16.5793991088867
31
0.0
39
0.0
210
0.0
220
0.0
230
1.0
0
LINE
5
718
330
17
100
AcDbEntity
67
0
8
0
62
256
6
ByLayer
370
-1
48
1.0
60
0
100
AcDbLine
10
61.9570007324219
20
-16.5793991088867
30
0.0
11
60.4413986206055
21
-15.704400062561
31
0.0
39
0.0
210
0.0
220
0.0
230
1.0
0
LINE
5
719
330
17
100
AcDbEntity
67
0
8
0
62
256
6
ByLayer
370
-1
48
1.0
60
0
100
AcDbLine
10
60.4413986206055
20
-15.704400062561
30
0.0
11
58.9258003234863
21
-16.5793991088867
31
0.0
39
0.0
210
0.0
220
0.0
230
1.0
0
LINE
5
71A
330
17
100
AcDbEntity
67
0
8
0
62
256
6
ByLayer
370
-1
48
1.0
60
0
100
AcDbLine
10
58.9258003234863
20
-16.5793991088867
30
0.0
11
58.9258003234863
21
-18.3293991088867
31
0.0
39
0.0
210
0.0
220
0.0
230
1.0
0
LINE
5
71B
330
17
100
AcDbEntity
67
0
8
0
62
256
6
ByLayer
370
-1
48
1.0
60
0
100
AcDbLine
10
58.9258003234863
20
-18.3293991088867
30
0.0
11
60.4413986206055
21
-19.2043991088867
31
0.0
39
0.0
210
0.0
220
0.0
230
1.0
0
LINE
5
71C
330
17
100
AcDbEntity
67
0
8
0
62
256
6
ByLayer
370
-1
48
1.0
60
0
100
AcDbLine
10
60.4413986206055
20
-19.2043991088867
30
0.0
11
61.9570007324219
21
-18.3293991088867
31
0.0
39
0.0
210
0.0
220
0.0
230
1.0
0
LINE
5
71D
330
17
100
AcDbEntity
67
0
8
0
62
256
6
ByLayer
370
-1
48
1.0
60
0
100
AcDbLine
10
61.9570007324219
20
-18.3293991088867
30
0.0
11
61.9570007324219
21
-16.5793991088867
31
0.0
39
0.0
210
0.0
220
0.0
230
1.0
0
LINE
5
71E
330
17
100
AcDbEntity
67
0
8
0
62
256
6
ByLayer
370
-1
48
1.0
60
0
100
AcDbLine
10
64.5717010498047
20
-17.4451007843018
30
0.0
11
64.152099609375
21
-18.8059005737305
31
0.0
39
0.0
210
0.0
220
0.0
230
1.0
0
LINE
5
71F
330
17
100
AcDbEntity
67
0
8
0
62
256
6
ByLayer
370
-1
48
1.0
60
0
100
AcDbLine
10
64.152099609375
20
-18.8059005737305
30
0.0
11
64.0871963500977
21
-19.1382007598877
31
0.0
39
0.0
210
0.0
220
0.0
230
1.0
0
LINE
5
720
330
17
100
AcDbEntity
67
0
8
0
62
256
6
ByLayer
370
-1
48
1.0
60
0
100
AcDbLine
10
64.0871963500977
20
-19.1382007598877
30
0.0
11
63.9724998474121
21
-19.2043991088867
31
0.0
39
0.0
210
0.0
220
0.0
230
1.0
0
LINE
5
721
330
17
100
AcDbEntity
67
0
8
0
62
256
6
ByLayer
370
-1
48
1.0
60
0
100
AcDbLine
10
63.9724998474121
20
-19.2043991088867
30
0.0
11
62.4570007324219
21
-18.3293991088867
31
0.0
39
0.0
210
0.0
220
0.0
230
1.0
0
LINE
5
722
330
17
100
AcDbEntity
67
0
8
0
62
256
6
ByLayer
370
-1
48
1.0
60
0
100
AcDbLine
10
62.4570007324219
20
-18.3293991088867
30
0.0
11
62.4570007324219
21
-16.5793991088867
31
0.0
39
0.0
210
0.0
220
0.0
230
1.0
0
LINE
5
723
330
17
100
AcDbEntity
67
0
8
0
62
256
6
ByLayer
370
-1
48
1.0
60
0
100
AcDbLine
10
62.4570007324219
20
-16.5793991088867
30
0.0
11
63.9724998474121
21
-15.704400062561
31
0.0
39
0.0
210
0.0
220
0.0
230
1.0
0
LINE
5
724
330
17
100
AcDbEntity
67
0
8
0
62
256
6
ByLayer
370
-1
48
1.0
60
0
100
AcDbLine
10
63.9724998474121
20
-15.704400062561
30
0.0
11
65.0544967651367
21
-16.3290996551514
31
0.0
39
0.0
210
0.0
220
0.0
230
1.0
0
LINE
5
725
330
17
100
AcDbEntity
67
0
8
0
62
256
6
ByLayer
370
-1
48
1.0
60
0
100
AcDbLine
10
65.0544967651367
20
-16.3290996551514
30
0.0
11
64.5717010498047
21
-17.4451007843018
31
0.0
39
0.0
210
0.0
220
0.0
230
1.0
0
LINE
5
726
330
17
100
AcDbEntity
67
0
8
0
62
256
6
ByLayer
370
-1
48
1.0
60
0
100
AcDbLine
10
2.01799988746643
20
-12.7386999130249
30
0.0
11
2.17799997329712
21
-12.6463003158569
31
0.0
39
0.0
210
0.0
220
0.0
230
1.0
0
LINE
5
727
330
17
100
AcDbEntity
67
0
8
0
62
256
6
ByLayer
370
-1
48
1.0
60
0
100
AcDbLine
10
2.17799997329712
20
-12.6463003158569
30
0.0
11
2.53419995307922
21
-12.8520002365112
31
0.0
39
0.0
210
0.0
220
0.0
230
1.0
0
LINE
5
728
330
17
100
AcDbEntity
67
0
8
0
62
256
6
ByLayer
370
-1
48
1.0
60
0
100
AcDbLine
10
2.53419995307922
20
-12.8520002365112
30
0.0
11
2.01799988746643
21
-12.7386999130249
31
0.0
39
0.0
210
0.0
220
0.0
230
1.0
0
LINE
5
729
330
17
100
AcDbEntity
67
0
8
0
62
256
6
ByLayer
370
-1
48
1.0
60
0
100
AcDbLine
10
4.57679986953735
20
-13.3001003265381
30
0.0
11
5.70909976959229
21
-12.6463003158569
31
0.0
39
0.0
210
0.0
220
0.0
230
1.0
0
LINE
5
72A
330
17
100
AcDbEntity
67
0
8
0
62
256
6
ByLayer
370
-1
48
1.0
60
0
100
AcDbLine
10
5.70909976959229
20
-12.6463003158569
30
0.0
11
7.22469997406006
21
-13.5214004516602
31
0.0
39
0.0
210
0.0
220
0.0
230
1.0
0
LINE
5
72B
330
17
100
AcDbEntity
67
0
8
0
62
256
6
ByLayer
370
-1
48
1.0
60
0
100
AcDbLine
10
7.22469997406006
20
-13.5214004516602
30
0.0
11
7.22469997406006
21
-13.8810997009277
31
0.0
39
0.0
210
0.0
220
0.0
230
1.0
0
LINE
5
72C
330
17
100
AcDbEntity
67
0
8
0
62
256
6
ByLayer
370
-1
48
1.0
60
0
100
AcDbLine
10
7.22469997406006
20
-13.8810997009277
30
0.0
11
4.57679986953735
21
-13.3001003265381
31
0.0
39
0.0
210
0.0
220
0.0
230
1.0
0
LINE
5
72D
330
17
100
AcDbEntity
67
0
8
0
62
256
6
ByLayer
370
-1
48
1.0
60
0
100
AcDbLine
10
7.72469997406006
20
-13.9907999038696
30
0.0
11
7.72469997406006
21
-13.5214004516602
31
0.0
39
0.0
210
0.0
220
0.0
230
1.0
0
LINE
5
72E
330
17
100
AcDbEntity
67
0
8
0
62
256
6
ByLayer
370
-1
48
1.0
60
0
100
AcDbLine
10
7.72469997406006
20
-13.5214004516602
30
0.0
11
9.24030017852783
21
-12.6463003158569
31
0.0
39
0.0
210
0.0
220
0.0
230
1.0
0
LINE
5
72F
330
17
100
AcDbEntity
67
0
8
0
62
256
6
ByLayer
370
-1
48
1.0
60
0
100
AcDbLine
10
9.24030017852783
20
-12.6463003158569
30
0.0
11
10.7558002471924
21
-13.5214004516602
31
0.0
39
0.0
210
0.0
220
0.0
230
1.0
0
LINE
5
730
330
17
100
AcDbEntity
67
0
8
0
62
256
6
ByLayer
370
-1
48
1.0
60
0
100
AcDbLine
10
10.7558002471924
20
-13.5214004516602
30
0.0
11
10.7558002471924
21
-14.6557998657227
31
0.0
39
0.0
210
0.0
220
0.0
230
1.0
0
LINE
5
731
330
17
100
AcDbEntity
67
0
8
0
62
256
6
ByLayer
370
-1
48
1.0
60
0
100
AcDbLine
10
10.7558002471924
20
-14.6557998657227
30
0.0
11
7.72469997406006
21
-13.9907999038696
31
0.0
39
0.0
210
0.0
220
0.0
230
1.0
0
LINE
5
732
330
17
100
AcDbEntity
67
0
8
0
62
256
6
ByLayer
370
-1
48
1.0
60
0
100
AcDbLine
10
12.7236003875732
20
-15.0874996185303
30
0.0
11
11.2558002471924
21
-14.7655000686646
31
0.0
39
0.0
210
0.0
220
0.0
230
1.0
0
LINE
5
733
330
17
100
AcDbEntity
67
0
8
0
62
256
6
ByLayer
370
-1
48
1.0
60
0
100
AcDbLine
10
11.2558002471924
20
-14.7655000686646
30
0.0
11
11.2558002471924
21
-13.5214004516602
31
0.0
39
0.0
210
0.0
220
0.0
230
1.0
0
LINE
5
734
330
17
100
AcDbEntity
67
0
8
0
62
256
6
ByLayer
370
-1
48
1.0
60
0
100
AcDbLine
10
11.2558002471924
20
-13.5214004516602
30
0.0
11
12.7714004516602
21
-12.6463003158569
31
0.0
39
0.0
210
0.0
220
0.0
230
1.0
0
LINE
5
735
330
17
100
AcDbEntity
67
0
8
0
62
256
6
ByLayer
370
-1
48
1.0
60
0
100
AcDbLine
10
12.7714004516602
20
-12.6463003158569
30
0.0
11
14.2868995666504
21
-13.5214004516602
31
0.0
39
0.0
210
0.0
220
0.0
230
1.0
0
LINE
5
736
330
17
100
AcDbEntity
67
0
8
0
62
256
6
ByLayer
370
-1
48
1.0
60
0
100
AcDbLine
10
14.2868995666504
20
-13.5214004516602
30
0.0
11
14.2868995666504
21
-15.2714004516602
31
0.0
39
0.0
210
0.0
220
0.0
230
1.0
0
LINE
5
737
330
17
100
AcDbEntity
67
0
8
0
62
256
6
ByLayer
370
-1
48
1.0
60
0
100
AcDbLine
10
14.2868995666504
20
-15.2714004516602
30
0.0
11
13.9027996063232
21
-15.4931001663208
31
0.0
39
0.0
210
0.0
220
0.0
230
1.0
0
LINE
5
738
330
17
100
AcDbEntity
67
0
8
0
62
256
6
ByLayer
370
-1
48
1.0
60
0
100
AcDbLine
10
13.9027996063232
20
-15.4931001663208
30
0.0
11
12.7236003875732
21
-15.0874996185303
31
0.0
39
0.0
210
0.0
220
0.0
230
1.0
0
LINE
5
739
330
17
100
AcDbEntity
67
0
8
0
62
256
6
ByLayer
370
-1
48
1.0
60
0
100
AcDbLine
10
17.818000793457
20
-13.5214004516602
30
0.0
11
16.3024997711182
21
-12.6463003158569
31
0.0
39
0.0
210
0.0
220
0.0
230
1.0
0
LINE
5
73A
330
17
100
AcDbEntity
67
0
8
0
62
256
6
ByLayer
370
-1
48
1.0
60
0
100
AcDbLine
10
16.3024997711182
20
-12.6463003158569
30
0.0
11
14.7868995666504
21
-13.5214004516602
31
0.0
39
0.0
210
0.0
220
0.0
230
1.0
0
LINE
5
73B
330
17
100
AcDbEntity
67
0
8
0
62
256
6
ByLayer
370
-1
48
1.0
60
0
100
AcDbLine
10
14.7868995666504
20
-13.5214004516602
30
0.0
11
14.7868995666504
21
-15.2714004516602
31
0.0
39
0.0
210
0.0
220
0.0
230
1.0
0
LINE
5
73C
330
17
100
AcDbEntity
67
0
8
0
62
256
6
ByLayer
370
-1
48
1.0
60
0
100
AcDbLine
10
14.7868995666504
20
-15.2714004516602
30
0.0
11
16.3024997711182
21
-16.1464004516602
31
0.0
39
0.0
210
0.0
220
0.0
230
1.0
0
LINE
5
73D
330
17
100
AcDbEntity
67
0
8
0
62
256
6
ByLayer
370
-1
48
1.0
60
0
100
AcDbLine
10
16.3024997711182
20
-16.1464004516602
30
0.0
11
17.818000793457
21
-15.2714004516602
31
0.0
39
0.0
210
0.0
220
0.0
230
1.0
0
LINE
5
73E
330
17
100
AcDbEntity
67
0
8
0
62
256
6
ByLayer
370
-1
48
1.0
60
0
100
AcDbLine
10
17.818000793457
20
-15.2714004516602
30
0.0
11
17.818000793457
21
-13.5214004516602
31
0.0
39
0.0
210
0.0
220
0.0
230
1.0
0
LINE
5
73F
330
17
100
AcDbEntity
67
0
8
0
62
256
6
ByLayer
370
-1
48
1.0
60
0
100
AcDbLine
10
21.349100112915
20
-13.5214004516602
30
0.0
11
19.8335990905762
21
-12.6463003158569
31
0.0
39
0.0
210
0.0
220
0.0
230
1.0
0
LINE
5
740
330
17
100
AcDbEntity
67
0
8
0
62
256
6
ByLayer
370
-1
48
1.0
60
0
100
AcDbLine
10
19.8335990905762
20
-12.6463003158569
30
0.0
11
18.318000793457
21
-13.5214004516602
31
0.0
39
0.0
210
0.0
220
0.0
230
1.0
0
LINE
5
741
330
17
100
AcDbEntity
67
0
8
0
62
256
6
ByLayer
370
-1
48
1.0
60
0
100
AcDbLine
10
18.318000793457
20
-13.5214004516602
30
0.0
11
18.318000793457
21
-15.2714004516602
31
0.0
39
0.0
210
0.0
220
0.0
230
1.0
0
LINE
5
742
330
17
100
AcDbEntity
67
0
8
0
62
256
6
ByLayer
370
-1
48
1.0
60
0
100
AcDbLine
10
18.318000793457
20
-15.2714004516602
30
0.0
11
19.8335990905762
21
-16.1464004516602
31
0.0
39
0.0
210
0.0
220
0.0
230
1.0
0
LINE
5
743
330
17
100
AcDbEntity
67
0
8
0
62
256
6
ByLayer
370
-1
48
1.0
60
0
100
AcDbLine
10
19.8335990905762
20
-16.1464004516602
30
0.0
11
21.349100112915
21
-15.2714004516602
31
0.0
39
0.0
210
0.0
220
0.0
230
1.0
0
LINE
5
744
330
17
100
AcDbEntity
67
0
8
0
62
256
6
ByLayer
370
-1
48
1.0
60
0
100
AcDbLine
10
21.349100112915
20
-15.2714004516602
30
0.0
11
21.349100112915
21
-13.5214004516602
31
0.0
39
0.0
210
0.0
220
0.0
230
1.0
0
LINE
5
745
330
17
100
AcDbEntity
67
0
8
0
62
256
6
ByLayer
370
-1
48
1.0
60
0
100
AcDbLine
10
24.8803005218506
20
-13.5214004516602
30
0.0
11
23.3647003173828
21
-12.6463003158569
31
0.0
39
0.0
210
0.0
220
0.0
230
1.0
0
LINE
5
746
330
17
100
AcDbEntity
67
0
8
0
62
256
6
ByLayer
370
-1
48
1.0
60
0
100
AcDbLine
10
23.3647003173828
20
-12.6463003158569
30
0.0
11
21.8491992950439
21
-13.5214004516602
31
0.0
39
0.0
210
0.0
220
0.0
230
1.0
0
LINE
5
747
330
17
100
AcDbEntity
67
0
8
0
62
256
6
ByLayer
370
-1
48
1.0
60
0
100
AcDbLine
10
21.8491992950439
20
-13.5214004516602
30
0.0
11
21.8491992950439
21
-15.2714004516602
31
0.0
39
0.0
210
0.0
220
0.0
230
1.0
0
LINE
5
748
330
17
100
AcDbEntity
67
0
8
0
62
256
6
ByLayer
370
-1
48
1.0
60
0
100
AcDbLine
10
21.8491992950439
20
-15.2714004516602
30
0.0
11
23.3647003173828
21
-16.1464004516602
31
0.0
39
0.0
210
0.0
220
0.0
230
1.0
0
LINE
5
749
330
17
100
AcDbEntity
67
0
8
0
62
256
6
ByLayer
370
-1
48
1.0
60
0
100
AcDbLine
10
23.3647003173828
20
-16.1464004516602
30
0.0
11
24.8803005218506
21
-15.2714004516602
31
0.0
39
0.0
210
0.0
220
0.0
230
1.0
0
LINE
5
74A
330
17
100
AcDbEntity
67
0
8
0
62
256
6
ByLayer
370
-1
48
1.0
60
0
100
AcDbLine
10
24.8803005218506
20
-15.2714004516602
30
0.0
11
24.8803005218506
21
-13.5214004516602
31
0.0
39
0.0
210
0.0
220
0.0
230
1.0
0
LINE
5
74B
330
17
100
AcDbEntity
67
0
8
0
62
256
6
ByLayer
370
-1
48
1.0
60
0
100
AcDbLine
10
28.4113998413086
20
-13.5214004516602
30
0.0
11
26.8957996368408
21
-12.6463003158569
31
0.0
39
0.0
210
0.0
220
0.0
230
1.0
0
LINE
5
74C
330
17
100
AcDbEntity
67
0
8
0
62
256
6
ByLayer
370
-1
48
1.0
60
0
100
AcDbLine
10
26.8957996368408
20
-12.6463003158569
30
0.0
11
25.3803005218506
21
-13.5214004516602
31
0.0
39
0.0
210
0.0
220
0.0
230
1.0
0
LINE
5
74D
330
17
100
AcDbEntity
67
0
8
0
62
256
6
ByLayer
370
-1
48
1.0
60
0
100
AcDbLine
10
25.3803005218506
20
-13.5214004516602
30
0.0
11
25.3803005218506
21
-15.2714004516602
31
0.0
39
0.0
210
0.0
220
0.0
230
1.0
0
LINE
5
74E
330
17
100
AcDbEntity
67
0
8
0
62
256
6
ByLayer
370
-1
48
1.0
60
0
100
AcDbLine
10
25.3803005218506
20
-15.2714004516602
30
0.0
11
26.8957996368408
21
-16.1464004516602
31
0.0
39
0.0
210
0.0
220
0.0
230
1.0
0
LINE
5
74F
330
17
100
AcDbEntity
67
0
8
0
62
256
6
ByLayer
370
-1
48
1.0
60
0
100
AcDbLine
10
26.8957996368408
20
-16.1464004516602
30
0.0
11
28.4113998413086
21
-15.2714004516602
31
0.0
39
0.0
210
0.0
220
0.0
230
1.0
0
LINE
5
750
330
17
100
AcDbEntity
67
0
8
0
62
256
6
ByLayer
370
-1
48
1.0
60
0
100
AcDbLine
10
28.4113998413086
20
-15.2714004516602
30
0.0
11
28.4113998413086
21
-13.5214004516602
31
0.0
39
0.0
210
0.0
220
0.0
230
1.0
0
LINE
5
751
330
17
100
AcDbEntity
67
0
8
0
62
256
6
ByLayer
370
-1
48
1.0
60
0
100
AcDbLine
10
31.9424991607666
20
-13.5214004516602
30
0.0
11
30.4269008636475
21
-12.6463003158569
31
0.0
39
0.0
210
0.0
220
0.0
230
1.0
0
LINE
5
752
330
17
100
AcDbEntity
67
0
8
0
62
256
6
ByLayer
370
-1
48
1.0
60
0
100
AcDbLine
10
30.4269008636475
20
-12.6463003158569
30
0.0
11
28.9113998413086
21
-13.5214004516602
31
0.0
39
0.0
210
0.0
220
0.0
230
1.0
0
LINE
5
753
330
17
100
AcDbEntity
67
0
8
0
62
256
6
ByLayer
370
-1
48
1.0
60
0
100
AcDbLine
10
28.9113998413086
20
-13.5214004516602
30
0.0
11
28.9113998413086
21
-15.2714004516602
31
0.0
39
0.0
210
0.0
220
0.0
230
1.0
0
LINE
5
754
330
17
100
AcDbEntity
67
0
8
0
62
256
6
ByLayer
370
-1
48
1.0
60
0
100
AcDbLine
10
28.9113998413086
20
-15.2714004516602
30
0.0
11
30.4269008636475
21
-16.1464004516602
31
0.0
39
0.0
210
0.0
220
0.0
230
1.0
0
LINE
5
755
330
17
100
AcDbEntity
67
0
8
0
62
256
6
ByLayer
370
-1
48
1.0
60
0
100
AcDbLine
10
30.4269008636475
20
-16.1464004516602
30
0.0
11
31.9424991607666
21
-15.2714004516602
31
0.0
39
0.0
210
0.0
220
0.0
230
1.0
0
LINE
5
756
330
17
100
AcDbEntity
67
0
8
0
62
256
6
ByLayer
370
-1
48
1.0
60
0
100
AcDbLine
10
31.9424991607666
20
-15.2714004516602
30
0.0
11
31.9424991607666
21
-13.5214004516602
31
0.0
39
0.0
210
0.0
220
0.0
230
1.0
0
LINE
5
757
330
17
100
AcDbEntity
67
0
8
0
62
256
6
ByLayer
370
-1
48
1.0
60
0
100
AcDbLine
10
35.4735984802246
20
-13.5214004516602
30
0.0
11
33.9580001831055
21
-12.6463003158569
31
0.0
39
0.0
210
0.0
220
0.0
230
1.0
0
LINE
5
758
330
17
100
AcDbEntity
67
0
8
0
62
256
6
ByLayer
370
-1
48
1.0
60
0
100
AcDbLine
10
33.9580001831055
20
-12.6463003158569
30
0.0
11
32.4425010681152
21
-13.5214004516602
31
0.0
39
0.0
210
0.0
220
0.0
230
1.0
0
LINE
5
759
330
17
100
AcDbEntity
67
0
8
0
62
256
6
ByLayer
370
-1
48
1.0
60
0
100
AcDbLine
10
32.4425010681152
20
-13.5214004516602
30
0.0
11
32.4425010681152
21
-15.2714004516602
31
0.0
39
0.0
210
0.0
220
0.0
230
1.0
0
LINE
5
75A
330
17
100
AcDbEntity
67
0
8
0
62
256
6
ByLayer
370
-1
48
1.0
60
0
100
AcDbLine
10
32.4425010681152
20
-15.2714004516602
30
0.0
11
33.9580001831055
21
-16.1464004516602
31
0.0
39
0.0
210
0.0
220
0.0
230
1.0
0
LINE
5
75B
330
17
100
AcDbEntity
67
0
8
0
62
256
6
ByLayer
370
-1
48
1.0
60
0
100
AcDbLine
10
33.9580001831055
20
-16.1464004516602
30
0.0
11
35.4735984802246
21
-15.2714004516602
31
0.0
39
0.0
210
0.0
220
0.0
230
1.0
0
LINE
5
75C
330
17
100
AcDbEntity
67
0
8
0
62
256
6
ByLayer
370
-1
48
1.0
60
0
100
AcDbLine
10
35.4735984802246
20
-15.2714004516602
30
0.0
11
35.4735984802246
21
-13.5214004516602
31
0.0
39
0.0
210
0.0
220
0.0
230
1.0
0
LINE
5
75D
330
17
100
AcDbEntity
67
0
8
0
62
256
6
ByLayer
370
-1
48
1.0
60
0
100
AcDbLine
10
39.0046997070313
20
-13.5214004516602
30
0.0
11
37.489200592041
21
-12.6463003158569
31
0.0
39
0.0
210
0.0
220
0.0
230
1.0
0
LINE
5
75E
330
17
100
AcDbEntity
67
0
8
0
62
256
6
ByLayer
370
-1
48
1.0
60
0
100
AcDbLine
10
37.489200592041
20
-12.6463003158569
30
0.0
11
35.9735984802246
21
-13.5214004516602
31
0.0
39
0.0
210
0.0
220
0.0
230
1.0
0
LINE
5
75F
330
17
100
AcDbEntity
67
0
8
0
62
256
6
ByLayer
370
-1
48
1.0
60
0
100
AcDbLine
10
35.9735984802246
20
-13.5214004516602
30
0.0
11
35.9735984802246
21
-15.2714004516602
31
0.0
39
0.0
210
0.0
220
0.0
230
1.0
0
LINE
5
760
330
17
100
AcDbEntity
67
0
8
0
62
256
6
ByLayer
370
-1
48
1.0
60
0
100
AcDbLine
10
35.9735984802246
20
-15.2714004516602
30
0.0
11
37.489200592041
21
-16.1464004516602
31
0.0
39
0.0
210
0.0
220
0.0
230
1.0
0
LINE
5
761
330
17
100
AcDbEntity
67
0
8
0
62
256
6
ByLayer
370
-1
48
1.0
60
0
100
AcDbLine
10
37.489200592041
20
-16.1464004516602
30
0.0
11
39.0046997070313
21
-15.2714004516602
31
0.0
39
0.0
210
0.0
220
0.0
230
1.0
0
LINE
5
762
330
17
100
AcDbEntity
67
0
8
0
62
256
6
ByLayer
370
-1
48
1.0
60
0
100
AcDbLine
10
39.0046997070313
20
-15.2714004516602
30
0.0
11
39.0046997070313
21
-13.5214004516602
31
0.0
39
0.0
210
0.0
220
0.0
230
1.0
0
LINE
5
763
330
17
100
AcDbEntity
67
0
8
0
62
256
6
ByLayer
370
-1
48
1.0
60
0
100
AcDbLine
10
42.5358009338379
20
-13.5214004516602
30
0.0
11
41.0203018188477
21
-12.6463003158569
31
0.0
39
0.0
210
0.0
220
0.0
230
1.0
0
LINE
5
764
330
17
100
AcDbEntity
67
0
8
0
62
256
6
ByLayer
370
-1
48
1.0
60
0
100
AcDbLine
10
41.0203018188477
20
-12.6463003158569
30
0.0
11
39.5046997070313
21
-13.5214004516602
31
0.0
39
0.0
210
0.0
220
0.0
230
1.0
0
LINE
5
765
330
17
100
AcDbEntity
67
0
8
0
62
256
6
ByLayer
370
-1
48
1.0
60
0
100
AcDbLine
10
39.5046997070313
20
-13.5214004516602
30
0.0
11
39.5046997070313
21
-15.2714004516602
31
0.0
39
0.0
210
0.0
220
0.0
230
1.0
0
LINE
5
766
330
17
100
AcDbEntity
67
0
8
0
62
256
6
ByLayer
370
-1
48
1.0
60
0
100
AcDbLine
10
39.5046997070313
20
-15.2714004516602
30
0.0
11
41.0203018188477
21
-16.1464004516602
31
0.0
39
0.0
210
0.0
220
0.0
230
1.0
0
LINE
5
767
330
17
100
AcDbEntity
67
0
8
0
62
256
6
ByLayer
370
-1
48
1.0
60
0
100
AcDbLine
10
41.0203018188477
20
-16.1464004516602
30
0.0
11
42.5358009338379
21
-15.2714004516602
31
0.0
39
0.0
210
0.0
220
0.0
230
1.0
0
LINE
5
768
330
17
100
AcDbEntity
67
0
8
0
62
256
6
ByLayer
370
-1
48
1.0
60
0
100
AcDbLine
10
42.5358009338379
20
-15.2714004516602
30
0.0
11
42.5358009338379
21
-13.5214004516602
31
0.0
39
0.0
210
0.0
220
0.0
230
1.0
0
LINE
5
769
330
17
100
AcDbEntity
67
0
8
0
62
256
6
ByLayer
370
-1
48
1.0
60
0
100
AcDbLine
10
46.0668983459473
20
-13.5214004516602
30
0.0
11
44.551399230957
21
-12.6463003158569
31
0.0
39
0.0
210
0.0
220
0.0
230
1.0
0
LINE
5
76A
330
17
100
AcDbEntity
67
0
8
0
62
256
6
ByLayer
370
-1
48
1.0
60
0
100
AcDbLine
10
44.551399230957
20
-12.6463003158569
30
0.0
11
43.0358009338379
21
-13.5214004516602
31
0.0
39
0.0
210
0.0
220
0.0
230
1.0
0
LINE
5
76B
330
17
100
AcDbEntity
67
0
8
0
62
256
6
ByLayer
370
-1
48
1.0
60
0
100
AcDbLine
10
43.0358009338379
20
-13.5214004516602
30
0.0
11
43.0358009338379
21
-15.2714004516602
31
0.0
39
0.0
210
0.0
220
0.0
230
1.0
0
LINE
5
76C
330
17
100
AcDbEntity
67
0
8
0
62
256
6
ByLayer
370
-1
48
1.0
60
0
100
AcDbLine
10
43.0358009338379
20
-15.2714004516602
30
0.0
11
44.551399230957
21
-16.1464004516602
31
0.0
39
0.0
210
0.0
220
0.0
230
1.0
0
LINE
5
76D
330
17
100
AcDbEntity
67
0
8
0
62
256
6
ByLayer
370
-1
48
1.0
60
0
100
AcDbLine
10
44.551399230957
20
-16.1464004516602
30
0.0
11
46.0668983459473
21
-15.2714004516602
31
0.0
39
0.0
210
0.0
220
0.0
230
1.0
0
LINE
5
76E
330
17
100
AcDbEntity
67
0
8
0
62
256
6
ByLayer
370
-1
48
1.0
60
0
100
AcDbLine
10
46.0668983459473
20
-15.2714004516602
30
0.0
11
46.0668983459473
21
-13.5214004516602
31
0.0
39
0.0
210
0.0
220
0.0
230
1.0
0
LINE
5
76F
330
17
100
AcDbEntity
67
0
8
0
62
256
6
ByLayer
370
-1
48
1.0
60
0
100
AcDbLine
10
49.5980987548828
20
-13.5214004516602
30
0.0
11
48.0825004577637
21
-12.6463003158569
31
0.0
39
0.0
210
0.0
220
0.0
230
1.0
0
LINE
5
770
330
17
100
AcDbEntity
67
0
8
0
62
256
6
ByLayer
370
-1
48
1.0
60
0
100
AcDbLine
10
48.0825004577637
20
-12.6463003158569
30
0.0
11
46.5668983459473
21
-13.5214004516602
31
0.0
39
0.0
210
0.0
220
0.0
230
1.0
0
LINE
5
771
330
17
100
AcDbEntity
67
0
8
0
62
256
6
ByLayer
370
-1
48
1.0
60
0
100
AcDbLine
10
46.5668983459473
20
-13.5214004516602
30
0.0
11
46.5668983459473
21
-15.2714004516602
31
0.0
39
0.0
210
0.0
220
0.0
230
1.0
0
LINE
5
772
330
17
100
AcDbEntity
67
0
8
0
62
256
6
ByLayer
370
-1
48
1.0
60
0
100
AcDbLine
10
46.5668983459473
20
-15.2714004516602
30
0.0
11
48.0825004577637
21
-16.1464004516602
31
0.0
39
0.0
210
0.0
220
0.0
230
1.0
0
LINE
5
773
330
17
100
AcDbEntity
67
0
8
0
62
256
6
ByLayer
370
-1
48
1.0
60
0
100
AcDbLine
10
48.0825004577637
20
-16.1464004516602
30
0.0
11
49.5980987548828
21
-15.2714004516602
31
0.0
39
0.0
210
0.0
220
0.0
230
1.0
0
LINE
5
774
330
17
100
AcDbEntity
67
0
8
0
62
256
6
ByLayer
370
-1
48
1.0
60
0
100
AcDbLine
10
49.5980987548828
20
-15.2714004516602
30
0.0
11
49.5980987548828
21
-13.5214004516602
31
0.0
39
0.0
210
0.0
220
0.0
230
1.0
0
LINE
5
775
330
17
100
AcDbEntity
67
0
8
0
62
256
6
ByLayer
370
-1
48
1.0
60
0
100
AcDbLine
10
53.1291999816895
20
-13.5214004516602
30
0.0
11
51.6136016845703
21
-12.6463003158569
31
0.0
39
0.0
210
0.0
220
0.0
230
1.0
0
LINE
5
776
330
17
100
AcDbEntity
67
0
8
0
62
256
6
ByLayer
370
-1
48
1.0
60
0
100
AcDbLine
10
51.6136016845703
20
-12.6463003158569
30
0.0
11
50.0980987548828
21
-13.5214004516602
31
0.0
39
0.0
210
0.0
220
0.0
230
1.0
0
LINE
5
777
330
17
100
AcDbEntity
67
0
8
0
62
256
6
ByLayer
370
-1
48
1.0
60
0
100
AcDbLine
10
50.0980987548828
20
-13.5214004516602
30
0.0
11
50.0980987548828
21
-15.2714004516602
31
0.0
39
0.0
210
0.0
220
0.0
230
1.0
0
LINE
5
778
330
17
100
AcDbEntity
67
0
8
0
62
256
6
ByLayer
370
-1
48
1.0
60
0
100
AcDbLine
10
50.0980987548828
20
-15.2714004516602
30
0.0
11
51.6136016845703
21
-16.1464004516602
31
0.0
39
0.0
210
0.0
220
0.0
230
1.0
0
LINE
5
779
330
17
100
AcDbEntity
67
0
8
0
62
256
6
ByLayer
370
-1
48
1.0
60
0
100
AcDbLine
10
51.6136016845703
20
-16.1464004516602
30
0.0
11
53.1291999816895
21
-15.2714004516602
31
0.0
39
0.0
210
0.0
220
0.0
230
1.0
0
LINE
5
77A
330
17
100
AcDbEntity
67
0
8
0
62
256
6
ByLayer
370
-1
48
1.0
60
0
100
AcDbLine
10
53.1291999816895
20
-15.2714004516602
30
0.0
11
53.1291999816895
21
-13.5214004516602
31
0.0
39
0.0
210
0.0
220
0.0
230
1.0
0
LINE
5
77B
330
17
100
AcDbEntity
67
0
8
0
62
256
6
ByLayer
370
-1
48
1.0
60
0
100
AcDbLine
10
56.6603012084961
20
-13.5214004516602
30
0.0
11
55.1446990966797
21
-12.6463003158569
31
0.0
39
0.0
210
0.0
220
0.0
230
1.0
0
LINE
5
77C
330
17
100
AcDbEntity
67
0
8
0
62
256
6
ByLayer
370
-1
48
1.0
60
0
100
AcDbLine
10
55.1446990966797
20
-12.6463003158569
30
0.0
11
53.6291999816895
21
-13.5214004516602
31
0.0
39
0.0
210
0.0
220
0.0
230
1.0
0
LINE
5
77D
330
17
100
AcDbEntity
67
0
8
0
62
256
6
ByLayer
370
-1
48
1.0
60
0
100
AcDbLine
10
53.6291999816895
20
-13.5214004516602
30
0.0
11
53.6291999816895
21
-15.2714004516602
31
0.0
39
0.0
210
0.0
220
0.0
230
1.0
0
LINE
5
77E
330
17
100
AcDbEntity
67
0
8
0
62
256
6
ByLayer
370
-1
48
1.0
60
0
100
AcDbLine
10
53.6291999816895
20
-15.2714004516602
30
0.0
11
55.1446990966797
21
-16.1464004516602
31
0.0
39
0.0
210
0.0
220
0.0
230
1.0
0
LINE
5
77F
330
17
100
AcDbEntity
67
0
8
0
62
256
6
ByLayer
370
-1
48
1.0
60
0
100
AcDbLine
10
55.1446990966797
20
-16.1464004516602
30
0.0
11
56.6603012084961
21
-15.2714004516602
31
0.0
39
0.0
210
0.0
220
0.0
230
1.0
0
LINE
5
780
330
17
100
AcDbEntity
67
0
8
0
62
256
6
ByLayer
370
-1
48
1.0
60
0
100
AcDbLine
10
56.6603012084961
20
-15.2714004516602
30
0.0
11
56.6603012084961
21
-13.5214004516602
31
0.0
39
0.0
210
0.0
220
0.0
230
1.0
0
LINE
5
781
330
17
100
AcDbEntity
67
0
8
0
62
256
6
ByLayer
370
-1
48
1.0
60
0
100
AcDbLine
10
60.1913986206055
20
-13.5214004516602
30
0.0
11
58.6758003234863
21
-12.6463003158569
31
0.0
39
0.0
210
0.0
220
0.0
230
1.0
0
LINE
5
782
330
17
100
AcDbEntity
67
0
8
0
62
256
6
ByLayer
370
-1
48
1.0
60
0
100
AcDbLine
10
58.6758003234863
20
-12.6463003158569
30
0.0
11
57.1603012084961
21
-13.5214004516602
31
0.0
39
0.0
210
0.0
220
0.0
230
1.0
0
LINE
5
783
330
17
100
AcDbEntity
67
0
8
0
62
256
6
ByLayer
370
-1
48
1.0
60
0
100
AcDbLine
10
57.1603012084961
20
-13.5214004516602
30
0.0
11
57.1603012084961
21
-15.2714004516602
31
0.0
39
0.0
210
0.0
220
0.0
230
1.0
0
LINE
5
784
330
17
100
AcDbEntity
67
0
8
0
62
256
6
ByLayer
370
-1
48
1.0
60
0
100
AcDbLine
10
57.1603012084961
20
-15.2714004516602
30
0.0
11
58.6758003234863
21
-16.1464004516602
31
0.0
39
0.0
210
0.0
220
0.0
230
1.0
0
LINE
5
785
330
17
100
AcDbEntity
67
0
8
0
62
256
6
ByLayer
370
-1
48
1.0
60
0
100
AcDbLine
10
58.6758003234863
20
-16.1464004516602
30
0.0
11
60.1913986206055
21
-15.2714004516602
31
0.0
39
0.0
210
0.0
220
0.0
230
1.0
0
LINE
5
786
330
17
100
AcDbEntity
67
0
8
0
62
256
6
ByLayer
370
-1
48
1.0
60
0
100
AcDbLine
10
60.1913986206055
20
-15.2714004516602
30
0.0
11
60.1913986206055
21
-13.5214004516602
31
0.0
39
0.0
210
0.0
220
0.0
230
1.0
0
LINE
5
787
330
17
100
AcDbEntity
67
0
8
0
62
256
6
ByLayer
370
-1
48
1.0
60
0
100
AcDbLine
10
63.7224998474121
20
-13.5214004516602
30
0.0
11
62.2070007324219
21
-12.6463003158569
31
0.0
39
0.0
210
0.0
220
0.0
230
1.0
0
LINE
5
788
330
17
100
AcDbEntity
67
0
8
0
62
256
6
ByLayer
370
-1
48
1.0
60
0
100
AcDbLine
10
62.2070007324219
20
-12.6463003158569
30
0.0
11
60.6913986206055
21
-13.5214004516602
31
0.0
39
0.0
210
0.0
220
0.0
230
1.0
0
LINE
5
789
330
17
100
AcDbEntity
67
0
8
0
62
256
6
ByLayer
370
-1
48
1.0
60
0
100
AcDbLine
10
60.6913986206055
20
-13.5214004516602
30
0.0
11
60.6913986206055
21
-15.2714004516602
31
0.0
39
0.0
210
0.0
220
0.0
230
1.0
0
LINE
5
78A
330
17
100
AcDbEntity
67
0
8
0
62
256
6
ByLayer
370
-1
48
1.0
60
0
100
AcDbLine
10
60.6913986206055
20
-15.2714004516602
30
0.0
11
62.2070007324219
21
-16.1464004516602
31
0.0
39
0.0
210
0.0
220
0.0
230
1.0
0
LINE
5
78B
330
17
100
AcDbEntity
67
0
8
0
62
256
6
ByLayer
370
-1
48
1.0
60
0
100
AcDbLine
10
62.2070007324219
20
-16.1464004516602
30
0.0
11
63.7224998474121
21
-15.2714004516602
31
0.0
39
0.0
210
0.0
220
0.0
230
1.0
0
LINE
5
78C
330
17
100
AcDbEntity
67
0
8
0
62
256
6
ByLayer
370
-1
48
1.0
60
0
100
AcDbLine
10
63.7224998474121
20
-15.2714004516602
30
0.0
11
63.7224998474121
21
-13.5214004516602
31
0.0
39
0.0
210
0.0
220
0.0
230
1.0
0
LINE
5
78D
330
17
100
AcDbEntity
67
0
8
0
62
256
6
ByLayer
370
-1
48
1.0
60
0
100
AcDbLine
10
66.2973022460938
20
-13.9619998931885
30
0.0
11
65.2791976928711
21
-15.809700012207
31
0.0
39
0.0
210
0.0
220
0.0
230
1.0
0
LINE
5
78E
330
17
100
AcDbEntity
67
0
8
0
62
256
6
ByLayer
370
-1
48
1.0
60
0
100
AcDbLine
10
65.2791976928711
20
-15.809700012207
30
0.0
11
65.2544021606445
21
-15.8670997619629
31
0.0
39
0.0
210
0.0
220
0.0
230
1.0
0
LINE
5
78F
330
17
100
AcDbEntity
67
0
8
0
62
256
6
ByLayer
370
-1
48
1.0
60
0
100
AcDbLine
10
65.2544021606445
20
-15.8670997619629
30
0.0
11
64.2225036621094
21
-15.2714004516602
31
0.0
39
0.0
210
0.0
220
0.0
230
1.0
0
LINE
5
790
330
17
100
AcDbEntity
67
0
8
0
62
256
6
ByLayer
370
-1
48
1.0
60
0
100
AcDbLine
10
64.2225036621094
20
-15.2714004516602
30
0.0
11
64.2225036621094
21
-13.5214004516602
31
0.0
39
0.0
210
0.0
220
0.0
230
1.0
0
LINE
5
791
330
17
100
AcDbEntity
67
0
8
0
62
256
6
ByLayer
370
-1
48
1.0
60
0
100
AcDbLine
10
64.2225036621094
20
-13.5214004516602
30
0.0
11
65.7380981445313
21
-12.6463003158569
31
0.0
39
0.0
210
0.0
220
0.0
230
1.0
0
LINE
5
792
330
17
100
AcDbEntity
67
0
8
0
62
256
6
ByLayer
370
-1
48
1.0
60
0
100
AcDbLine
10
65.7380981445313
20
-12.6463003158569
30
0.0
11
66.7805023193359
21
-13.2482004165649
31
0.0
39
0.0
210
0.0
220
0.0
230
1.0
0
LINE
5
793
330
17
100
AcDbEntity
67
0
8
0
62
256
6
ByLayer
370
-1
48
1.0
60
0
100
AcDbLine
10
66.7805023193359
20
-13.2482004165649
30
0.0
11
66.2973022460938
21
-13.9619998931885
31
0.0
39
0.0
210
0.0
220
0.0
230
1.0
0
LINE
5
794
330
17
100
AcDbEntity
67
0
8
0
62
256
6
ByLayer
370
-1
48
1.0
60
0
100
AcDbLine
10
-37.057201385498
20
-10.4661998748779
30
0.0
11
-37.1889991760254
21
-10.4447002410889
31
0.0
39
0.0
210
0.0
220
0.0
230
1.0
0
LINE
5
795
330
17
100
AcDbEntity
67
0
8
0
62
256
6
ByLayer
370
-1
48
1.0
60
0
100
AcDbLine
10
-37.1889991760254
20
-10.4447002410889
30
0.0
11
-37.3157005310059
21
-10.4102001190186
31
0.0
39
0.0
210
0.0
220
0.0
230
1.0
0
LINE
5
796
330
17
100
AcDbEntity
67
0
8
0
62
256
6
ByLayer
370
-1
48
1.0
60
0
100
AcDbLine
10
-37.3157005310059
20
-10.4102001190186
30
0.0
11
-37.4366989135742
21
-10.3635997772217
31
0.0
39
0.0
210
0.0
220
0.0
230
1.0
0
LINE
5
797
330
17
100
AcDbEntity
67
0
8
0
62
256
6
ByLayer
370
-1
48
1.0
60
0
100
AcDbLine
10
-37.4366989135742
20
-10.3635997772217
30
0.0
11
-37.5512008666992
21
-10.3051996231079
31
0.0
39
0.0
210
0.0
220
0.0
230
1.0
0
LINE
5
798
330
17
100
AcDbEntity
67
0
8
0
62
256
6
ByLayer
370
-1
48
1.0
60
0
100
AcDbLine
10
-37.5512008666992
20
-10.3051996231079
30
0.0
11
-37.6585998535156
21
-10.2360000610352
31
0.0
39
0.0
210
0.0
220
0.0
230
1.0
0
LINE
5
799
330
17
100
AcDbEntity
67
0
8
0
62
256
6
ByLayer
370
-1
48
1.0
60
0
100
AcDbLine
10
-37.6585998535156
20
-10.2360000610352
30
0.0
11
-37.7583999633789
21
-10.1567001342773
31
0.0
39
0.0
210
0.0
220
0.0
230
1.0
0
LINE
5
79A
330
17
100
AcDbEntity
67
0
8
0
62
256
6
ByLayer
370
-1
48
1.0
60
0
100
AcDbLine
10
-37.7583999633789
20
-10.1567001342773
30
0.0
11
-37.8496017456055
21
-10.0680999755859
31
0.0
39
0.0
210
0.0
220
0.0
230
1.0
0
LINE
5
79B
330
17
100
AcDbEntity
67
0
8
0
62
256
6
ByLayer
370
-1
48
1.0
60
0
100
AcDbLine
10
-37.8496017456055
20
-10.0680999755859
30
0.0
11
-37.9314994812012
21
-9.97109985351563
31
0.0
39
0.0
210
0.0
220
0.0
230
1.0
0
LINE
5
79C
330
17
100
AcDbEntity
67
0
8
0
62
256
6
ByLayer
370
-1
48
1.0
60
0
100
AcDbLine
10
-37.9314994812012
20
-9.97109985351563
30
0.0
11
-38.0037002563477
21
-9.86600017547607
31
0.0
39
0.0
210
0.0
220
0.0
230
1.0
0
LINE
5
79D
330
17
100
AcDbEntity
67
0
8
0
62
256
6
ByLayer
370
-1
48
1.0
60
0
100
AcDbLine
10
-38.0037002563477
20
-9.86600017547607
30
0.0
11
-38.0293006896973
21
-9.81949996948242
31
0.0
39
0.0
210
0.0
220
0.0
230
1.0
0
LINE
5
79E
330
17
100
AcDbEntity
67
0
8
0
62
256
6
ByLayer
370
-1
48
1.0
60
0
100
AcDbLine
10
-38.0293006896973
20
-9.81949996948242
30
0.0
11
-36.9141998291016
21
-10.4632997512817
31
0.0
39
0.0
210
0.0
220
0.0
230
1.0
0
LINE
5
79F
330
17
100
AcDbEntity
67
0
8
0
62
256
6
ByLayer
370
-1
48
1.0
60
0
100
AcDbLine
10
-36.9141998291016
20
-10.4632997512817
30
0.0
11
-36.9141998291016
21
-10.4661998748779
31
0.0
39
0.0
210
0.0
220
0.0
230
1.0
0
LINE
5
7A0
330
17
100
AcDbEntity
67
0
8
0
62
256
6
ByLayer
370
-1
48
1.0
60
0
100
AcDbLine
10
-36.9141998291016
20
-10.4661998748779
30
0.0
11
-37.057201385498
21
-10.4661998748779
31
0.0
39
0.0
210
0.0
220
0.0
230
1.0
0
LINE
5
7A1
330
17
100
AcDbEntity
67
0
8
0
62
256
6
ByLayer
370
-1
48
1.0
60
0
100
AcDbLine
10
-36.4141998291016
20
-10.4663000106812
30
0.0
11
-36.4141998291016
21
-10.4632997512817
31
0.0
39
0.0
210
0.0
220
0.0
230
1.0
0
LINE
5
7A2
330
17
100
AcDbEntity
67
0
8
0
62
256
6
ByLayer
370
-1
48
1.0
60
0
100
AcDbLine
10
-36.4141998291016
20
-10.4632997512817
30
0.0
11
-34.8987007141113
21
-9.58829975128174
31
0.0
39
0.0
210
0.0
220
0.0
230
1.0
0
LINE
5
7A3
330
17
100
AcDbEntity
67
0
8
0
62
256
6
ByLayer
370
-1
48
1.0
60
0
100
AcDbLine
10
-34.8987007141113
20
-9.58829975128174
30
0.0
11
-33.3830986022949
21
-10.4632997512817
31
0.0
39
0.0
210
0.0
220
0.0
230
1.0
0
LINE
5
7A4
330
17
100
AcDbEntity
67
0
8
0
62
256
6
ByLayer
370
-1
48
1.0
60
0
100
AcDbLine
10
-33.3830986022949
20
-10.4632997512817
30
0.0
11
-33.3830986022949
21
-10.4666996002197
31
0.0
39
0.0
210
0.0
220
0.0
230
1.0
0
LINE
5
7A5
330
17
100
AcDbEntity
67
0
8
0
62
256
6
ByLayer
370
-1
48
1.0
60
0
100
AcDbLine
10
-33.3830986022949
20
-10.4666996002197
30
0.0
11
-36.4141998291016
21
-10.4663000106812
31
0.0
39
0.0
210
0.0
220
0.0
230
1.0
0
LINE
5
7A6
330
17
100
AcDbEntity
67
0
8
0
62
256
6
ByLayer
370
-1
48
1.0
60
0
100
AcDbLine
10
-32.8830986022949
20
-10.4666996002197
30
0.0
11
-32.8830986022949
21
-10.4632997512817
31
0.0
39
0.0
210
0.0
220
0.0
230
1.0
0
LINE
5
7A7
330
17
100
AcDbEntity
67
0
8
0
62
256
6
ByLayer
370
-1
48
1.0
60
0
100
AcDbLine
10
-32.8830986022949
20
-10.4632997512817
30
0.0
11
-31.3675994873047
21
-9.58829975128174
31
0.0
39
0.0
210
0.0
220
0.0
230
1.0
0
LINE
5
7A8
330
17
100
AcDbEntity
67
0
8
0
62
256
6
ByLayer
370
-1
48
1.0
60
0
100
AcDbLine
10
-31.3675994873047
20
-9.58829975128174
30
0.0
11
-29.8519992828369
21
-10.4632997512817
31
0.0
39
0.0
210
0.0
220
0.0
230
1.0
0
LINE
5
7A9
330
17
100
AcDbEntity
67
0
8
0
62
256
6
ByLayer
370
-1
48
1.0
60
0
100
AcDbLine
10
-29.8519992828369
20
-10.4632997512817
30
0.0
11
-29.8519992828369
21
-10.4671001434326
31
0.0
39
0.0
210
0.0
220
0.0
230
1.0
0
LINE
5
7AA
330
17
100
AcDbEntity
67
0
8
0
62
256
6
ByLayer
370
-1
48
1.0
60
0
100
AcDbLine
10
-29.8519992828369
20
-10.4671001434326
30
0.0
11
-32.8830986022949
21
-10.4666996002197
31
0.0
39
0.0
210
0.0
220
0.0
230
1.0
0
LINE
5
7AB
330
17
100
AcDbEntity
67
0
8
0
62
256
6
ByLayer
370
-1
48
1.0
60
0
100
AcDbLine
10
-29.3519992828369
20
-10.4672002792358
30
0.0
11
-29.3519992828369
21
-10.4632997512817
31
0.0
39
0.0
210
0.0
220
0.0
230
1.0
0
LINE
5
7AC
330
17
100
AcDbEntity
67
0
8
0
62
256
6
ByLayer
370
-1
48
1.0
60
0
100
AcDbLine
10
-29.3519992828369
20
-10.4632997512817
30
0.0
11
-27.8363990783691
21
-9.58829975128174
31
0.0
39
0.0
210
0.0
220
0.0
230
1.0
0
LINE
5
7AD
330
17
100
AcDbEntity
67
0
8
0
62
256
6
ByLayer
370
-1
48
1.0
60
0
100
AcDbLine
10
-27.8363990783691
20
-9.58829975128174
30
0.0
11
-26.3208999633789
21
-10.4632997512817
31
0.0
39
0.0
210
0.0
220
0.0
230
1.0
0
LINE
5
7AE
330
17
100
AcDbEntity
67
0
8
0
62
256
6
ByLayer
370
-1
48
1.0
60
0
100
AcDbLine
10
-26.3208999633789
20
-10.4632997512817
30
0.0
11
-26.3208999633789
21
-10.4675998687744
31
0.0
39
0.0
210
0.0
220
0.0
230
1.0
0
LINE
5
7AF
330
17
100
AcDbEntity
67
0
8
0
62
256
6
ByLayer
370
-1
48
1.0
60
0
100
AcDbLine
10
-26.3208999633789
20
-10.4675998687744
30
0.0
11
-29.3519992828369
21
-10.4672002792358
31
0.0
39
0.0
210
0.0
220
0.0
230
1.0
0
LINE
5
7B0
330
17
100
AcDbEntity
67
0
8
0
62
256
6
ByLayer
370
-1
48
1.0
60
0
100
AcDbLine
10
-25.8208999633789
20
-10.4675998687744
30
0.0
11
-25.8208999633789
21
-10.4632997512817
31
0.0
39
0.0
210
0.0
220
0.0
230
1.0
0
LINE
5
7B1
330
17
100
AcDbEntity
67
0
8
0
62
256
6
ByLayer
370
-1
48
1.0
60
0
100
AcDbLine
10
-25.8208999633789
20
-10.4632997512817
30
0.0
11
-24.3052997589111
21
-9.58829975128174
31
0.0
39
0.0
210
0.0
220
0.0
230
1.0
0
LINE
5
7B2
330
17
100
AcDbEntity
67
0
8
0
62
256
6
ByLayer
370
-1
48
1.0
60
0
100
AcDbLine
10
-24.3052997589111
20
-9.58829975128174
30
0.0
11
-22.7898006439209
21
-10.4632997512817
31
0.0
39
0.0
210
0.0
220
0.0
230
1.0
0
LINE
5
7B3
330
17
100
AcDbEntity
67
0
8
0
62
256
6
ByLayer
370
-1
48
1.0
60
0
100
AcDbLine
10
-22.7898006439209
20
-10.4632997512817
30
0.0
11
-22.7898006439209
21
-10.4680004119873
31
0.0
39
0.0
210
0.0
220
0.0
230
1.0
0
LINE
5
7B4
330
17
100
AcDbEntity
67
0
8
0
62
256
6
ByLayer
370
-1
48
1.0
60
0
100
AcDbLine
10
-22.7898006439209
20
-10.4680004119873
30
0.0
11
-25.8208999633789
21
-10.4675998687744
31
0.0
39
0.0
210
0.0
220
0.0
230
1.0
0
LINE
5
7B5
330
17
100
AcDbEntity
67
0
8
0
62
256
6
ByLayer
370
-1
48
1.0
60
0
100
AcDbLine
10
-22.2898006439209
20
-10.4680995941162
30
0.0
11
-22.2898006439209
21
-10.4632997512817
31
0.0
39
0.0
210
0.0
220
0.0
230
1.0
0
LINE
5
7B6
330
17
100
AcDbEntity
67
0
8
0
62
256
6
ByLayer
370
-1
48
1.0
60
0
100
AcDbLine
10
-22.2898006439209
20
-10.4632997512817
30
0.0
11
-20.7742004394531
21
-9.58829975128174
31
0.0
39
0.0
210
0.0
220
0.0
230
1.0
0
LINE
5
7B7
330
17
100
AcDbEntity
67
0
8
0
62
256
6
ByLayer
370
-1
48
1.0
60
0
100
AcDbLine
10
-20.7742004394531
20
-9.58829975128174
30
0.0
11
-19.2586994171143
21
-10.4632997512817
31
0.0
39
0.0
210
0.0
220
0.0
230
1.0
0
LINE
5
7B8
330
17
100
AcDbEntity
67
0
8
0
62
256
6
ByLayer
370
-1
48
1.0
60
0
100
AcDbLine
10
-19.2586994171143
20
-10.4632997512817
30
0.0
11
-19.2586994171143
21
-10.4685001373291
31
0.0
39
0.0
210
0.0
220
0.0
230
1.0
0
LINE
5
7B9
330
17
100
AcDbEntity
67
0
8
0
62
256
6
ByLayer
370
-1
48
1.0
60
0
100
AcDbLine
10
-19.2586994171143
20
-10.4685001373291
30
0.0
11
-22.2898006439209
21
-10.4680995941162
31
0.0
39
0.0
210
0.0
220
0.0
230
1.0
0
LINE
5
7BA
330
17
100
AcDbEntity
67
0
8
0
62
256
6
ByLayer
370
-1
48
1.0
60
0
100
AcDbLine
10
-17.4209995269775
20
-9.75520038604736
30
0.0
11
-17.5347003936768
21
-9.90950012207031
31
0.0
39
0.0
210
0.0
220
0.0
230
1.0
0
LINE
5
7BB
330
17
100
AcDbEntity
67
0
8
0
62
256
6
ByLayer
370
-1
48
1.0
60
0
100
AcDbLine
10
-17.5347003936768
20
-9.90950012207031
30
0.0
11
-17.6662998199463
21
-10.049599647522
31
0.0
39
0.0
210
0.0
220
0.0
230
1.0
0
LINE
5
7BC
330
17
100
AcDbEntity
67
0
8
0
62
256
6
ByLayer
370
-1
48
1.0
60
0
100
AcDbLine
10
-17.6662998199463
20
-10.049599647522
30
0.0
11
-17.8143005371094
21
-10.1733999252319
31
0.0
39
0.0
210
0.0
220
0.0
230
1.0
0
LINE
5
7BD
330
17
100
AcDbEntity
67
0
8
0
62
256
6
ByLayer
370
-1
48
1.0
60
0
100
AcDbLine
10
-17.8143005371094
20
-10.1733999252319
30
0.0
11
-17.9773998260498
21
-10.2791996002197
31
0.0
39
0.0
210
0.0
220
0.0
230
1.0
0
LINE
5
7BE
330
17
100
AcDbEntity
67
0
8
0
62
256
6
ByLayer
370
-1
48
1.0
60
0
100
AcDbLine
10
-17.9773998260498
20
-10.2791996002197
30
0.0
11
-18.1544990539551
21
-10.3648996353149
31
0.0
39
0.0
210
0.0
220
0.0
230
1.0
0
LINE
5
7BF
330
17
100
AcDbEntity
67
0
8
0
62
256
6
ByLayer
370
-1
48
1.0
60
0
100
AcDbLine
10
-18.1544990539551
20
-10.3648996353149
30
0.0
11
-18.3444004058838
21
-10.4287996292114
31
0.0
39
0.0
210
0.0
220
0.0
230
1.0
0
LINE
5
7C0
330
17
100
AcDbEntity
67
0
8
0
62
256
6
ByLayer
370
-1
48
1.0
60
0
100
AcDbLine
10
-18.3444004058838
20
-10.4287996292114
30
0.0
11
-18.5457000732422
21
-10.4686002731323
31
0.0
39
0.0
210
0.0
220
0.0
230
1.0
0
LINE
5
7C1
330
17
100
AcDbEntity
67
0
8
0
62
256
6
ByLayer
370
-1
48
1.0
60
0
100
AcDbLine
10
-18.5457000732422
20
-10.4686002731323
30
0.0
11
-18.7586994171143
21
-10.4685001373291
31
0.0
39
0.0
210
0.0
220
0.0
230
1.0
0
LINE
5
7C2
330
17
100
AcDbEntity
67
0
8
0
62
256
6
ByLayer
370
-1
48
1.0
60
0
100
AcDbLine
10
-18.7586994171143
20
-10.4685001373291
30
0.0
11
-18.7586994171143
21
-10.4632997512817
31
0.0
39
0.0
210
0.0
220
0.0
230
1.0
0
LINE
5
7C3
330
17
100
AcDbEntity
67
0
8
0
62
256
6
ByLayer
370
-1
48
1.0
60
0
100
AcDbLine
10
-18.7586994171143
20
-10.4632997512817
30
0.0
11
-17.3668003082275
21
-9.65970039367676
31
0.0
39
0.0
210
0.0
220
0.0
230
1.0
0
LINE
5
7C4
330
17
100
AcDbEntity
67
0
8
0
62
256
6
ByLayer
370
-1
48
1.0
60
0
100
AcDbLine
10
-17.3668003082275
20
-9.65970039367676
30
0.0
11
-17.4209995269775
21
-9.75520038604736
31
0.0
39
0.0
210
0.0
220
0.0
230
1.0
0
LINE
5
7C5
330
17
100
AcDbEntity
67
0
8
0
62
256
6
ByLayer
370
-1
48
1.0
60
0
100
AcDbLine
10
1.05079996585846
20
-12.4949998855591
30
0.0
11
0.70550000667572
21
-12.354700088501
31
0.0
39
0.0
210
0.0
220
0.0
230
1.0
0
LINE
5
7C6
330
17
100
AcDbEntity
67
0
8
0
62
256
6
ByLayer
370
-1
48
1.0
60
0
100
AcDbLine
10
0.70550000667572
20
-12.354700088501
30
0.0
11
0.369700014591217
21
-12.1859998703003
31
0.0
39
0.0
210
0.0
220
0.0
230
1.0
0
LINE
5
7C7
330
17
100
AcDbEntity
67
0
8
0
62
256
6
ByLayer
370
-1
48
1.0
60
0
100
AcDbLine
10
0.369700014591217
20
-12.1859998703003
30
0.0
11
0.0443000011146069
21
-11.9907999038696
31
0.0
39
0.0
210
0.0
220
0.0
230
1.0
0
LINE
5
7C8
330
17
100
AcDbEntity
67
0
8
0
62
256
6
ByLayer
370
-1
48
1.0
60
0
100
AcDbLine
10
0.0443000011146069
20
-11.9907999038696
30
0.0
11
-0.572000026702881
21
-11.529899597168
31
0.0
39
0.0
210
0.0
220
0.0
230
1.0
0
LINE
5
7C9
330
17
100
AcDbEntity
67
0
8
0
62
256
6
ByLayer
370
-1
48
1.0
60
0
100
AcDbLine
10
-0.572000026702881
20
-11.529899597168
30
0.0
11
-1.10309994220734
21
-11.0216999053955
31
0.0
39
0.0
210
0.0
220
0.0
230
1.0
0
LINE
5
7CA
330
17
100
AcDbEntity
67
0
8
0
62
256
6
ByLayer
370
-1
48
1.0
60
0
100
AcDbLine
10
-1.10309994220734
20
-11.0216999053955
30
0.0
11
-1.10309994220734
21
-10.4632997512817
31
0.0
39
0.0
210
0.0
220
0.0
230
1.0
0
LINE
5
7CB
330
17
100
AcDbEntity
67
0
8
0
62
256
6
ByLayer
370
-1
48
1.0
60
0
100
AcDbLine
10
-1.10309994220734
20
-10.4632997512817
30
0.0
11
0.412499994039536
21
-9.58829975128174
31
0.0
39
0.0
210
0.0
220
0.0
230
1.0
0
LINE
5
7CC
330
17
100
AcDbEntity
67
0
8
0
62
256
6
ByLayer
370
-1
48
1.0
60
0
100
AcDbLine
10
0.412499994039536
20
-9.58829975128174
30
0.0
11
1.92799997329712
21
-10.4632997512817
31
0.0
39
0.0
210
0.0
220
0.0
230
1.0
0
LINE
5
7CD
330
17
100
AcDbEntity
67
0
8
0
62
256
6
ByLayer
370
-1
48
1.0
60
0
100
AcDbLine
10
1.92799997329712
20
-10.4632997512817
30
0.0
11
1.92799997329712
21
-12.2132997512817
31
0.0
39
0.0
210
0.0
220
0.0
230
1.0
0
LINE
5
7CE
330
17
100
AcDbEntity
67
0
8
0
62
256
6
ByLayer
370
-1
48
1.0
60
0
100
AcDbLine
10
1.92799997329712
20
-12.2132997512817
30
0.0
11
1.30460000038147
21
-12.5733003616333
31
0.0
39
0.0
210
0.0
220
0.0
230
1.0
0
LINE
5
7CF
330
17
100
AcDbEntity
67
0
8
0
62
256
6
ByLayer
370
-1
48
1.0
60
0
100
AcDbLine
10
1.30460000038147
20
-12.5733003616333
30
0.0
11
1.05079996585846
21
-12.4949998855591
31
0.0
39
0.0
210
0.0
220
0.0
230
1.0
0
LINE
5
7D0
330
17
100
AcDbEntity
67
0
8
0
62
256
6
ByLayer
370
-1
48
1.0
60
0
100
AcDbLine
10
5.45909976959229
20
-10.4632997512817
30
0.0
11
3.94359993934631
21
-9.58829975128174
31
0.0
39
0.0
210
0.0
220
0.0
230
1.0
0
LINE
5
7D1
330
17
100
AcDbEntity
67
0
8
0
62
256
6
ByLayer
370
-1
48
1.0
60
0
100
AcDbLine
10
3.94359993934631
20
-9.58829975128174
30
0.0
11
2.42799997329712
21
-10.4632997512817
31
0.0
39
0.0
210
0.0
220
0.0
230
1.0
0
LINE
5
7D2
330
17
100
AcDbEntity
67
0
8
0
62
256
6
ByLayer
370
-1
48
1.0
60
0
100
AcDbLine
10
2.42799997329712
20
-10.4632997512817
30
0.0
11
2.42799997329712
21
-12.2132997512817
31
0.0
39
0.0
210
0.0
220
0.0
230
1.0
0
LINE
5
7D3
330
17
100
AcDbEntity
67
0
8
0
62
256
6
ByLayer
370
-1
48
1.0
60
0
100
AcDbLine
10
2.42799997329712
20
-12.2132997512817
30
0.0
11
3.94359993934631
21
-13.0882997512817
31
0.0
39
0.0
210
0.0
220
0.0
230
1.0
0
LINE
5
7D4
330
17
100
AcDbEntity
67
0
8
0
62
256
6
ByLayer
370
-1
48
1.0
60
0
100
AcDbLine
10
3.94359993934631
20
-13.0882997512817
30
0.0
11
5.45909976959229
21
-12.2132997512817
31
0.0
39
0.0
210
0.0
220
0.0
230
1.0
0
LINE
5
7D5
330
17
100
AcDbEntity
67
0
8
0
62
256
6
ByLayer
370
-1
48
1.0
60
0
100
AcDbLine
10
5.45909976959229
20
-12.2132997512817
30
0.0
11
5.45909976959229
21
-10.4632997512817
31
0.0
39
0.0
210
0.0
220
0.0
230
1.0
0
LINE
5
7D6
330
17
100
AcDbEntity
67
0
8
0
62
256
6
ByLayer
370
-1
48
1.0
60
0
100
AcDbLine
10
8.99030017852783
20
-10.4632997512817
30
0.0
11
7.47469997406006
21
-9.58829975128174
31
0.0
39
0.0
210
0.0
220
0.0
230
1.0
0
LINE
5
7D7
330
17
100
AcDbEntity
67
0
8
0
62
256
6
ByLayer
370
-1
48
1.0
60
0
100
AcDbLine
10
7.47469997406006
20
-9.58829975128174
30
0.0
11
5.95909976959229
21
-10.4632997512817
31
0.0
39
0.0
210
0.0
220
0.0
230
1.0
0
LINE
5
7D8
330
17
100
AcDbEntity
67
0
8
0
62
256
6
ByLayer
370
-1
48
1.0
60
0
100
AcDbLine
10
5.95909976959229
20
-10.4632997512817
30
0.0
11
5.95909976959229
21
-12.2132997512817
31
0.0
39
0.0
210
0.0
220
0.0
230
1.0
0
LINE
5
7D9
330
17
100
AcDbEntity
67
0
8
0
62
256
6
ByLayer
370
-1
48
1.0
60
0
100
AcDbLine
10
5.95909976959229
20
-12.2132997512817
30
0.0
11
7.47469997406006
21
-13.0882997512817
31
0.0
39
0.0
210
0.0
220
0.0
230
1.0
0
LINE
5
7DA
330
17
100
AcDbEntity
67
0
8
0
62
256
6
ByLayer
370
-1
48
1.0
60
0
100
AcDbLine
10
7.47469997406006
20
-13.0882997512817
30
0.0
11
8.99030017852783
21
-12.2132997512817
31
0.0
39
0.0
210
0.0
220
0.0
230
1.0
0
LINE
5
7DB
330
17
100
AcDbEntity
67
0
8
0
62
256
6
ByLayer
370
-1
48
1.0
60
0
100
AcDbLine
10
8.99030017852783
20
-12.2132997512817
30
0.0
11
8.99030017852783
21
-10.4632997512817
31
0.0
39
0.0
210
0.0
220
0.0
230
1.0
0
LINE
5
7DC
330
17
100
AcDbEntity
67
0
8
0
62
256
6
ByLayer
370
-1
48
1.0
60
0
100
AcDbLine
10
12.5214004516602
20
-10.4632997512817
30
0.0
11
11.0058002471924
21
-9.58829975128174
31
0.0
39
0.0
210
0.0
220
0.0
230
1.0
0
LINE
5
7DD
330
17
100
AcDbEntity
67
0
8
0
62
256
6
ByLayer
370
-1
48
1.0
60
0
100
AcDbLine
10
11.0058002471924
20
-9.58829975128174
30
0.0
11
9.49030017852783
21
-10.4632997512817
31
0.0
39
0.0
210
0.0
220
0.0
230
1.0
0
LINE
5
7DE
330
17
100
AcDbEntity
67
0
8
0
62
256
6
ByLayer
370
-1
48
1.0
60
0
100
AcDbLine
10
9.49030017852783
20
-10.4632997512817
30
0.0
11
9.49030017852783
21
-12.2132997512817
31
0.0
39
0.0
210
0.0
220
0.0
230
1.0
0
LINE
5
7DF
330
17
100
AcDbEntity
67
0
8
0
62
256
6
ByLayer
370
-1
48
1.0
60
0
100
AcDbLine
10
9.49030017852783
20
-12.2132997512817
30
0.0
11
11.0058002471924
21
-13.0882997512817
31
0.0
39
0.0
210
0.0
220
0.0
230
1.0
0
LINE
5
7E0
330
17
100
AcDbEntity
67
0
8
0
62
256
6
ByLayer
370
-1
48
1.0
60
0
100
AcDbLine
10
11.0058002471924
20
-13.0882997512817
30
0.0
11
12.5214004516602
21
-12.2132997512817
31
0.0
39
0.0
210
0.0
220
0.0
230
1.0
0
LINE
5
7E1
330
17
100
AcDbEntity
67
0
8
0
62
256
6
ByLayer
370
-1
48
1.0
60
0
100
AcDbLine
10
12.5214004516602
20
-12.2132997512817
30
0.0
11
12.5214004516602
21
-10.4632997512817
31
0.0
39
0.0
210
0.0
220
0.0
230
1.0
0
LINE
5
7E2
330
17
100
AcDbEntity
67
0
8
0
62
256
6
ByLayer
370
-1
48
1.0
60
0
100
AcDbLine
10
16.0524997711182
20
-10.4632997512817
30
0.0
11
14.5368995666504
21
-9.58829975128174
31
0.0
39
0.0
210
0.0
220
0.0
230
1.0
0
LINE
5
7E3
330
17
100
AcDbEntity
67
0
8
0
62
256
6
ByLayer
370
-1
48
1.0
60
0
100
AcDbLine
10
14.5368995666504
20
-9.58829975128174
30
0.0
11
13.0214004516602
21
-10.4632997512817
31
0.0
39
0.0
210
0.0
220
0.0
230
1.0
0
LINE
5
7E4
330
17
100
AcDbEntity
67
0
8
0
62
256
6
ByLayer
370
-1
48
1.0
60
0
100
AcDbLine
10
13.0214004516602
20
-10.4632997512817
30
0.0
11
13.0214004516602
21
-12.2132997512817
31
0.0
39
0.0
210
0.0
220
0.0
230
1.0
0
LINE
5
7E5
330
17
100
AcDbEntity
67
0
8
0
62
256
6
ByLayer
370
-1
48
1.0
60
0
100
AcDbLine
10
13.0214004516602
20
-12.2132997512817
30
0.0
11
14.5368995666504
21
-13.0882997512817
31
0.0
39
0.0
210
0.0
220
0.0
230
1.0
0
LINE
5
7E6
330
17
100
AcDbEntity
67
0
8
0
62
256
6
ByLayer
370
-1
48
1.0
60
0
100
AcDbLine
10
14.5368995666504
20
-13.0882997512817
30
0.0
11
16.0524997711182
21
-12.2132997512817
31
0.0
39
0.0
210
0.0
220
0.0
230
1.0
0
LINE
5
7E7
330
17
100
AcDbEntity
67
0
8
0
62
256
6
ByLayer
370
-1
48
1.0
60
0
100
AcDbLine
10
16.0524997711182
20
-12.2132997512817
30
0.0
11
16.0524997711182
21
-10.4632997512817
31
0.0
39
0.0
210
0.0
220
0.0
230
1.0
0
LINE
5
7E8
330
17
100
AcDbEntity
67
0
8
0
62
256
6
ByLayer
370
-1
48
1.0
60
0
100
AcDbLine
10
19.5835990905762
20
-10.4632997512817
30
0.0
11
18.068000793457
21
-9.58829975128174
31
0.0
39
0.0
210
0.0
220
0.0
230
1.0
0
LINE
5
7E9
330
17
100
AcDbEntity
67
0
8
0
62
256
6
ByLayer
370
-1
48
1.0
60
0
100
AcDbLine
10
18.068000793457
20
-9.58829975128174
30
0.0
11
16.5524997711182
21
-10.4632997512817
31
0.0
39
0.0
210
0.0
220
0.0
230
1.0
0
LINE
5
7EA
330
17
100
AcDbEntity
67
0
8
0
62
256
6
ByLayer
370
-1
48
1.0
60
0
100
AcDbLine
10
16.5524997711182
20
-10.4632997512817
30
0.0
11
16.5524997711182
21
-12.2132997512817
31
0.0
39
0.0
210
0.0
220
0.0
230
1.0
0
LINE
5
7EB
330
17
100
AcDbEntity
67
0
8
0
62
256
6
ByLayer
370
-1
48
1.0
60
0
100
AcDbLine
10
16.5524997711182
20
-12.2132997512817
30
0.0
11
18.068000793457
21
-13.0882997512817
31
0.0
39
0.0
210
0.0
220
0.0
230
1.0
0
LINE
5
7EC
330
17
100
AcDbEntity
67
0
8
0
62
256
6
ByLayer
370
-1
48
1.0
60
0
100
AcDbLine
10
18.068000793457
20
-13.0882997512817
30
0.0
11
19.5835990905762
21
-12.2132997512817
31
0.0
39
0.0
210
0.0
220
0.0
230
1.0
0
LINE
5
7ED
330
17
100
AcDbEntity
67
0
8
0
62
256
6
ByLayer
370
-1
48
1.0
60
0
100
AcDbLine
10
19.5835990905762
20
-12.2132997512817
30
0.0
11
19.5835990905762
21
-10.4632997512817
31
0.0
39
0.0
210
0.0
220
0.0
230
1.0
0
LINE
5
7EE
330
17
100
AcDbEntity
67
0
8
0
62
256
6
ByLayer
370
-1
48
1.0
60
0
100
AcDbLine
10
23.1147003173828
20
-10.4632997512817
30
0.0
11
21.5991992950439
21
-9.58829975128174
31
0.0
39
0.0
210
0.0
220
0.0
230
1.0
0
LINE
5
7EF
330
17
100
AcDbEntity
67
0
8
0
62
256
6
ByLayer
370
-1
48
1.0
60
0
100
AcDbLine
10
21.5991992950439
20
-9.58829975128174
30
0.0
11
20.0835990905762
21
-10.4632997512817
31
0.0
39
0.0
210
0.0
220
0.0
230
1.0
0
LINE
5
7F0
330
17
100
AcDbEntity
67
0
8
0
62
256
6
ByLayer
370
-1
48
1.0
60
0
100
AcDbLine
10
20.0835990905762
20
-10.4632997512817
30
0.0
11
20.0835990905762
21
-12.2132997512817
31
0.0
39
0.0
210
0.0
220
0.0
230
1.0
0
LINE
5
7F1
330
17
100
AcDbEntity
67
0
8
0
62
256
6
ByLayer
370
-1
48
1.0
60
0
100
AcDbLine
10
20.0835990905762
20
-12.2132997512817
30
0.0
11
21.5991992950439
21
-13.0882997512817
31
0.0
39
0.0
210
0.0
220
0.0
230
1.0
0
LINE
5
7F2
330
17
100
AcDbEntity
67
0
8
0
62
256
6
ByLayer
370
-1
48
1.0
60
0
100
AcDbLine
10
21.5991992950439
20
-13.0882997512817
30
0.0
11
23.1147003173828
21
-12.2132997512817
31
0.0
39
0.0
210
0.0
220
0.0
230
1.0
0
LINE
5
7F3
330
17
100
AcDbEntity
67
0
8
0
62
256
6
ByLayer
370
-1
48
1.0
60
0
100
AcDbLine
10
23.1147003173828
20
-12.2132997512817
30
0.0
11
23.1147003173828
21
-10.4632997512817
31
0.0
39
0.0
210
0.0
220
0.0
230
1.0
0
LINE
5
7F4
330
17
100
AcDbEntity
67
0
8
0
62
256
6
ByLayer
370
-1
48
1.0
60
0
100
AcDbLine
10
26.6457996368408
20
-10.4632997512817
30
0.0
11
25.1303005218506
21
-9.58829975128174
31
0.0
39
0.0
210
0.0
220
0.0
230
1.0
0
LINE
5
7F5
330
17
100
AcDbEntity
67
0
8
0
62
256
6
ByLayer
370
-1
48
1.0
60
0
100
AcDbLine
10
25.1303005218506
20
-9.58829975128174
30
0.0
11
23.6147003173828
21
-10.4632997512817
31
0.0
39
0.0
210
0.0
220
0.0
230
1.0
0
LINE
5
7F6
330
17
100
AcDbEntity
67
0
8
0
62
256
6
ByLayer
370
-1
48
1.0
60
0
100
AcDbLine
10
23.6147003173828
20
-10.4632997512817
30
0.0
11
23.6147003173828
21
-12.2132997512817
31
0.0
39
0.0
210
0.0
220
0.0
230
1.0
0
LINE
5
7F7
330
17
100
AcDbEntity
67
0
8
0
62
256
6
ByLayer
370
-1
48
1.0
60
0
100
AcDbLine
10
23.6147003173828
20
-12.2132997512817
30
0.0
11
25.1303005218506
21
-13.0882997512817
31
0.0
39
0.0
210
0.0
220
0.0
230
1.0
0
LINE
5
7F8
330
17
100
AcDbEntity
67
0
8
0
62
256
6
ByLayer
370
-1
48
1.0
60
0
100
AcDbLine
10
25.1303005218506
20
-13.0882997512817
30
0.0
11
26.6457996368408
21
-12.2132997512817
31
0.0
39
0.0
210
0.0
220
0.0
230
1.0
0
LINE
5
7F9
330
17
100
AcDbEntity
67
0
8
0
62
256
6
ByLayer
370
-1
48
1.0
60
0
100
AcDbLine
10
26.6457996368408
20
-12.2132997512817
30
0.0
11
26.6457996368408
21
-10.4632997512817
31
0.0
39
0.0
210
0.0
220
0.0
230
1.0
0
LINE
5
7FA
330
17
100
AcDbEntity
67
0
8
0
62
256
6
ByLayer
370
-1
48
1.0
60
0
100
AcDbLine
10
30.1769008636475
20
-10.4632997512817
30
0.0
11
28.6613998413086
21
-9.58829975128174
31
0.0
39
0.0
210
0.0
220
0.0
230
1.0
0
LINE
5
7FB
330
17
100
AcDbEntity
67
0
8
0
62
256
6
ByLayer
370
-1
48
1.0
60
0
100
AcDbLine
10
28.6613998413086
20
-9.58829975128174
30
0.0
11
27.1457996368408
21
-10.4632997512817
31
0.0
39
0.0
210
0.0
220
0.0
230
1.0
0
LINE
5
7FC
330
17
100
AcDbEntity
67
0
8
0
62
256
6
ByLayer
370
-1
48
1.0
60
0
100
AcDbLine
10
27.1457996368408
20
-10.4632997512817
30
0.0
11
27.1457996368408
21
-12.2132997512817
31
0.0
39
0.0
210
0.0
220
0.0
230
1.0
0
LINE
5
7FD
330
17
100
AcDbEntity
67
0
8
0
62
256
6
ByLayer
370
-1
48
1.0
60
0
100
AcDbLine
10
27.1457996368408
20
-12.2132997512817
30
0.0
11
28.6613998413086
21
-13.0882997512817
31
0.0
39
0.0
210
0.0
220
0.0
230
1.0
0
LINE
5
7FE
330
17
100
AcDbEntity
67
0
8
0
62
256
6
ByLayer
370
-1
48
1.0
60
0
100
AcDbLine
10
28.6613998413086
20
-13.0882997512817
30
0.0
11
30.1769008636475
21
-12.2132997512817
31
0.0
39
0.0
210
0.0
220
0.0
230
1.0
0
LINE
5
7FF
330
17
100
AcDbEntity
67
0
8
0
62
256
6
ByLayer
370
-1
48
1.0
60
0
100
AcDbLine
10
30.1769008636475
20
-12.2132997512817
30
0.0
11
30.1769008636475
21
-10.4632997512817
31
0.0
39
0.0
210
0.0
220
0.0
230
1.0
0
LINE
5
800
330
17
100
AcDbEntity
67
0
8
0
62
256
6
ByLayer
370
-1
48
1.0
60
0
100
AcDbLine
10
33.7080001831055
20
-10.4632997512817
30
0.0
11
32.1925010681152
21
-9.58829975128174
31
0.0
39
0.0
210
0.0
220
0.0
230
1.0
0
LINE
5
801
330
17
100
AcDbEntity
67
0
8
0
62
256
6
ByLayer
370
-1
48
1.0
60
0
100
AcDbLine
10
32.1925010681152
20
-9.58829975128174
30
0.0
11
30.6769008636475
21
-10.4632997512817
31
0.0
39
0.0
210
0.0
220
0.0
230
1.0
0
LINE
5
802
330
17
100
AcDbEntity
67
0
8
0
62
256
6
ByLayer
370
-1
48
1.0
60
0
100
AcDbLine
10
30.6769008636475
20
-10.4632997512817
30
0.0
11
30.6769008636475
21
-12.2132997512817
31
0.0
39
0.0
210
0.0
220
0.0
230
1.0
0
LINE
5
803
330
17
100
AcDbEntity
67
0
8
0
62
256
6
ByLayer
370
-1
48
1.0
60
0
100
AcDbLine
10
30.6769008636475
20
-12.2132997512817
30
0.0
11
32.1925010681152
21
-13.0882997512817
31
0.0
39
0.0
210
0.0
220
0.0
230
1.0
0
LINE
5
804
330
17
100
AcDbEntity
67
0
8
0
62
256
6
ByLayer
370
-1
48
1.0
60
0
100
AcDbLine
10
32.1925010681152
20
-13.0882997512817
30
0.0
11
33.7080001831055
21
-12.2132997512817
31
0.0
39
0.0
210
0.0
220
0.0
230
1.0
0
LINE
5
805
330
17
100
AcDbEntity
67
0
8
0
62
256
6
ByLayer
370
-1
48
1.0
60
0
100
AcDbLine
10
33.7080001831055
20
-12.2132997512817
30
0.0
11
33.7080001831055
21
-10.4632997512817
31
0.0
39
0.0
210
0.0
220
0.0
230
1.0
0
LINE
5
806
330
17
100
AcDbEntity
67
0
8
0
62
256
6
ByLayer
370
-1
48
1.0
60
0
100
AcDbLine
10
37.239200592041
20
-10.4632997512817
30
0.0
11
35.7235984802246
21
-9.58829975128174
31
0.0
39
0.0
210
0.0
220
0.0
230
1.0
0
LINE
5
807
330
17
100
AcDbEntity
67
0
8
0
62
256
6
ByLayer
370
-1
48
1.0
60
0
100
AcDbLine
10
35.7235984802246
20
-9.58829975128174
30
0.0
11
34.2080001831055
21
-10.4632997512817
31
0.0
39
0.0
210
0.0
220
0.0
230
1.0
0
LINE
5
808
330
17
100
AcDbEntity
67
0
8
0
62
256
6
ByLayer
370
-1
48
1.0
60
0
100
AcDbLine
10
34.2080001831055
20
-10.4632997512817
30
0.0
11
34.2080001831055
21
-12.2132997512817
31
0.0
39
0.0
210
0.0
220
0.0
230
1.0
0
LINE
5
809
330
17
100
AcDbEntity
67
0
8
0
62
256
6
ByLayer
370
-1
48
1.0
60
0
100
AcDbLine
10
34.2080001831055
20
-12.2132997512817
30
0.0
11
35.7235984802246
21
-13.0882997512817
31
0.0
39
0.0
210
0.0
220
0.0
230
1.0
0
LINE
5
80A
330
17
100
AcDbEntity
67
0
8
0
62
256
6
ByLayer
370
-1
48
1.0
60
0
100
AcDbLine
10
35.7235984802246
20
-13.0882997512817
30
0.0
11
37.239200592041
21
-12.2132997512817
31
0.0
39
0.0
210
0.0
220
0.0
230
1.0
0
LINE
5
80B
330
17
100
AcDbEntity
67
0
8
0
62
256
6
ByLayer
370
-1
48
1.0
60
0
100
AcDbLine
10
37.239200592041
20
-12.2132997512817
30
0.0
11
37.239200592041
21
-10.4632997512817
31
0.0
39
0.0
210
0.0
220
0.0
230
1.0
0
LINE
5
80C
330
17
100
AcDbEntity
67
0
8
0
62
256
6
ByLayer
370
-1
48
1.0
60
0
100
AcDbLine
10
40.7703018188477
20
-10.4632997512817
30
0.0
11
39.2546997070313
21
-9.58829975128174
31
0.0
39
0.0
210
0.0
220
0.0
230
1.0
0
LINE
5
80D
330
17
100
AcDbEntity
67
0
8
0
62
256
6
ByLayer
370
-1
48
1.0
60
0
100
AcDbLine
10
39.2546997070313
20
-9.58829975128174
30
0.0
11
37.739200592041
21
-10.4632997512817
31
0.0
39
0.0
210
0.0
220
0.0
230
1.0
0
LINE
5
80E
330
17
100
AcDbEntity
67
0
8
0
62
256
6
ByLayer
370
-1
48
1.0
60
0
100
AcDbLine
10
37.739200592041
20
-10.4632997512817
30
0.0
11
37.739200592041
21
-12.2132997512817
31
0.0
39
0.0
210
0.0
220
0.0
230
1.0
0
LINE
5
80F
330
17
100
AcDbEntity
67
0
8
0
62
256
6
ByLayer
370
-1
48
1.0
60
0
100
AcDbLine
10
37.739200592041
20
-12.2132997512817
30
0.0
11
39.2546997070313
21
-13.0882997512817
31
0.0
39
0.0
210
0.0
220
0.0
230
1.0
0
LINE
5
810
330
17
100
AcDbEntity
67
0
8
0
62
256
6
ByLayer
370
-1
48
1.0
60
0
100
AcDbLine
10
39.2546997070313
20
-13.0882997512817
30
0.0
11
40.7703018188477
21
-12.2132997512817
31
0.0
39
0.0
210
0.0
220
0.0
230
1.0
0
LINE
5
811
330
17
100
AcDbEntity
67
0
8
0
62
256
6
ByLayer
370
-1
48
1.0
60
0
100
AcDbLine
10
40.7703018188477
20
-12.2132997512817
30
0.0
11
40.7703018188477
21
-10.4632997512817
31
0.0
39
0.0
210
0.0
220
0.0
230
1.0
0
LINE
5
812
330
17
100
AcDbEntity
67
0
8
0
62
256
6
ByLayer
370
-1
48
1.0
60
0
100
AcDbLine
10
44.301399230957
20
-10.4632997512817
30
0.0
11
42.7858009338379
21
-9.58829975128174
31
0.0
39
0.0
210
0.0
220
0.0
230
1.0
0
LINE
5
813
330
17
100
AcDbEntity
67
0
8
0
62
256
6
ByLayer
370
-1
48
1.0
60
0
100
AcDbLine
10
42.7858009338379
20
-9.58829975128174
30
0.0
11
41.2703018188477
21
-10.4632997512817
31
0.0
39
0.0
210
0.0
220
0.0
230
1.0
0
LINE
5
814
330
17
100
AcDbEntity
67
0
8
0
62
256
6
ByLayer
370
-1
48
1.0
60
0
100
AcDbLine
10
41.2703018188477
20
-10.4632997512817
30
0.0
11
41.2703018188477
21
-12.2132997512817
31
0.0
39
0.0
210
0.0
220
0.0
230
1.0
0
LINE
5
815
330
17
100
AcDbEntity
67
0
8
0
62
256
6
ByLayer
370
-1
48
1.0
60
0
100
AcDbLine
10
41.2703018188477
20
-12.2132997512817
30
0.0
11
42.7858009338379
21
-13.0882997512817
31
0.0
39
0.0
210
0.0
220
0.0
230
1.0
0
LINE
5
816
330
17
100
AcDbEntity
67
0
8
0
62
256
6
ByLayer
370
-1
48
1.0
60
0
100
AcDbLine
10
42.7858009338379
20
-13.0882997512817
30
0.0
11
44.301399230957
21
-12.2132997512817
31
0.0
39
0.0
210
0.0
220
0.0
230
1.0
0
LINE
5
817
330
17
100
AcDbEntity
67
0
8
0
62
256
6
ByLayer
370
-1
48
1.0
60
0
100
AcDbLine
10
44.301399230957
20
-12.2132997512817
30
0.0
11
44.301399230957
21
-10.4632997512817
31
0.0
39
0.0
210
0.0
220
0.0
230
1.0
0
LINE
5
818
330
17
100
AcDbEntity
67
0
8
0
62
256
6
ByLayer
370
-1
48
1.0
60
0
100
AcDbLine
10
47.8325004577637
20
-10.4632997512817
30
0.0
11
46.3168983459473
21
-9.58829975128174
31
0.0
39
0.0
210
0.0
220
0.0
230
1.0
0
LINE
5
819
330
17
100
AcDbEntity
67
0
8
0
62
256
6
ByLayer
370
-1
48
1.0
60
0
100
AcDbLine
10
46.3168983459473
20
-9.58829975128174
30
0.0
11
44.801399230957
21
-10.4632997512817
31
0.0
39
0.0
210
0.0
220
0.0
230
1.0
0
LINE
5
81A
330
17
100
AcDbEntity
67
0
8
0
62
256
6
ByLayer
370
-1
48
1.0
60
0
100
AcDbLine
10
44.801399230957
20
-10.4632997512817
30
0.0
11
44.801399230957
21
-12.2132997512817
31
0.0
39
0.0
210
0.0
220
0.0
230
1.0
0
LINE
5
81B
330
17
100
AcDbEntity
67
0
8
0
62
256
6
ByLayer
370
-1
48
1.0
60
0
100
AcDbLine
10
44.801399230957
20
-12.2132997512817
30
0.0
11
46.3168983459473
21
-13.0882997512817
31
0.0
39
0.0
210
0.0
220
0.0
230
1.0
0
LINE
5
81C
330
17
100
AcDbEntity
67
0
8
0
62
256
6
ByLayer
370
-1
48
1.0
60
0
100
AcDbLine
10
46.3168983459473
20
-13.0882997512817
30
0.0
11
47.8325004577637
21
-12.2132997512817
31
0.0
39
0.0
210
0.0
220
0.0
230
1.0
0
LINE
5
81D
330
17
100
AcDbEntity
67
0
8
0
62
256
6
ByLayer
370
-1
48
1.0
60
0
100
AcDbLine
10
47.8325004577637
20
-12.2132997512817
30
0.0
11
47.8325004577637
21
-10.4632997512817
31
0.0
39
0.0
210
0.0
220
0.0
230
1.0
0
LINE
5
81E
330
17
100
AcDbEntity
67
0
8
0
62
256
6
ByLayer
370
-1
48
1.0
60
0
100
AcDbLine
10
51.3636016845703
20
-10.4632997512817
30
0.0
11
49.8480987548828
21
-9.58829975128174
31
0.0
39
0.0
210
0.0
220
0.0
230
1.0
0
LINE
5
81F
330
17
100
AcDbEntity
67
0
8
0
62
256
6
ByLayer
370
-1
48
1.0
60
0
100
AcDbLine
10
49.8480987548828
20
-9.58829975128174
30
0.0
11
48.3325004577637
21
-10.4632997512817
31
0.0
39
0.0
210
0.0
220
0.0
230
1.0
0
LINE
5
820
330
17
100
AcDbEntity
67
0
8
0
62
256
6
ByLayer
370
-1
48
1.0
60
0
100
AcDbLine
10
48.3325004577637
20
-10.4632997512817
30
0.0
11
48.3325004577637
21
-12.2132997512817
31
0.0
39
0.0
210
0.0
220
0.0
230
1.0
0
LINE
5
821
330
17
100
AcDbEntity
67
0
8
0
62
256
6
ByLayer
370
-1
48
1.0
60
0
100
AcDbLine
10
48.3325004577637
20
-12.2132997512817
30
0.0
11
49.8480987548828
21
-13.0882997512817
31
0.0
39
0.0
210
0.0
220
0.0
230
1.0
0
LINE
5
822
330
17
100
AcDbEntity
67
0
8
0
62
256
6
ByLayer
370
-1
48
1.0
60
0
100
AcDbLine
10
49.8480987548828
20
-13.0882997512817
30
0.0
11
51.3636016845703
21
-12.2132997512817
31
0.0
39
0.0
210
0.0
220
0.0
230
1.0
0
LINE
5
823
330
17
100
AcDbEntity
67
0
8
0
62
256
6
ByLayer
370
-1
48
1.0
60
0
100
AcDbLine
10
51.3636016845703
20
-12.2132997512817
30
0.0
11
51.3636016845703
21
-10.4632997512817
31
0.0
39
0.0
210
0.0
220
0.0
230
1.0
0
LINE
5
824
330
17
100
AcDbEntity
67
0
8
0
62
256
6
ByLayer
370
-1
48
1.0
60
0
100
AcDbLine
10
54.8946990966797
20
-10.4632997512817
30
0.0
11
53.3791999816895
21
-9.58829975128174
31
0.0
39
0.0
210
0.0
220
0.0
230
1.0
0
LINE
5
825
330
17
100
AcDbEntity
67
0
8
0
62
256
6
ByLayer
370
-1
48
1.0
60
0
100
AcDbLine
10
53.3791999816895
20
-9.58829975128174
30
0.0
11
51.8636016845703
21
-10.4632997512817
31
0.0
39
0.0
210
0.0
220
0.0
230
1.0
0
LINE
5
826
330
17
100
AcDbEntity
67
0
8
0
62
256
6
ByLayer
370
-1
48
1.0
60
0
100
AcDbLine
10
51.8636016845703
20
-10.4632997512817
30
0.0
11
51.8636016845703
21
-12.2132997512817
31
0.0
39
0.0
210
0.0
220
0.0
230
1.0
0
LINE
5
827
330
17
100
AcDbEntity
67
0
8
0
62
256
6
ByLayer
370
-1
48
1.0
60
0
100
AcDbLine
10
51.8636016845703
20
-12.2132997512817
30
0.0
11
53.3791999816895
21
-13.0882997512817
31
0.0
39
0.0
210
0.0
220
0.0
230
1.0
0
LINE
5
828
330
17
100
AcDbEntity
67
0
8
0
62
256
6
ByLayer
370
-1
48
1.0
60
0
100
AcDbLine
10
53.3791999816895
20
-13.0882997512817
30
0.0
11
54.8946990966797
21
-12.2132997512817
31
0.0
39
0.0
210
0.0
220
0.0
230
1.0
0
LINE
5
829
330
17
100
AcDbEntity
67
0
8
0
62
256
6
ByLayer
370
-1
48
1.0
60
0
100
AcDbLine
10
54.8946990966797
20
-12.2132997512817
30
0.0
11
54.8946990966797
21
-10.4632997512817
31
0.0
39
0.0
210
0.0
220
0.0
230
1.0
0
LINE
5
82A
330
17
100
AcDbEntity
67
0
8
0
62
256
6
ByLayer
370
-1
48
1.0
60
0
100
AcDbLine
10
58.4258003234863
20
-10.4632997512817
30
0.0
11
56.9103012084961
21
-9.58829975128174
31
0.0
39
0.0
210
0.0
220
0.0
230
1.0
0
LINE
5
82B
330
17
100
AcDbEntity
67
0
8
0
62
256
6
ByLayer
370
-1
48
1.0
60
0
100
AcDbLine
10
56.9103012084961
20
-9.58829975128174
30
0.0
11
55.3946990966797
21
-10.4632997512817
31
0.0
39
0.0
210
0.0
220
0.0
230
1.0
0
LINE
5
82C
330
17
100
AcDbEntity
67
0
8
0
62
256
6
ByLayer
370
-1
48
1.0
60
0
100
AcDbLine
10
55.3946990966797
20
-10.4632997512817
30
0.0
11
55.3946990966797
21
-12.2132997512817
31
0.0
39
0.0
210
0.0
220
0.0
230
1.0
0
LINE
5
82D
330
17
100
AcDbEntity
67
0
8
0
62
256
6
ByLayer
370
-1
48
1.0
60
0
100
AcDbLine
10
55.3946990966797
20
-12.2132997512817
30
0.0
11
56.9103012084961
21
-13.0882997512817
31
0.0
39
0.0
210
0.0
220
0.0
230
1.0
0
LINE
5
82E
330
17
100
AcDbEntity
67
0
8
0
62
256
6
ByLayer
370
-1
48
1.0
60
0
100
AcDbLine
10
56.9103012084961
20
-13.0882997512817
30
0.0
11
58.4258003234863
21
-12.2132997512817
31
0.0
39
0.0
210
0.0
220
0.0
230
1.0
0
LINE
5
82F
330
17
100
AcDbEntity
67
0
8
0
62
256
6
ByLayer
370
-1
48
1.0
60
0
100
AcDbLine
10
58.4258003234863
20
-12.2132997512817
30
0.0
11
58.4258003234863
21
-10.4632997512817
31
0.0
39
0.0
210
0.0
220
0.0
230
1.0
0
LINE
5
830
330
17
100
AcDbEntity
67
0
8
0
62
256
6
ByLayer
370
-1
48
1.0
60
0
100
AcDbLine
10
61.9570007324219
20
-10.4632997512817
30
0.0
11
60.4413986206055
21
-9.58829975128174
31
0.0
39
0.0
210
0.0
220
0.0
230
1.0
0
LINE
5
831
330
17
100
AcDbEntity
67
0
8
0
62
256
6
ByLayer
370
-1
48
1.0
60
0
100
AcDbLine
10
60.4413986206055
20
-9.58829975128174
30
0.0
11
58.9258003234863
21
-10.4632997512817
31
0.0
39
0.0
210
0.0
220
0.0
230
1.0
0
LINE
5
832
330
17
100
AcDbEntity
67
0
8
0
62
256
6
ByLayer
370
-1
48
1.0
60
0
100
AcDbLine
10
58.9258003234863
20
-10.4632997512817
30
0.0
11
58.9258003234863
21
-12.2132997512817
31
0.0
39
0.0
210
0.0
220
0.0
230
1.0
0
LINE
5
833
330
17
100
AcDbEntity
67
0
8
0
62
256
6
ByLayer
370
-1
48
1.0
60
0
100
AcDbLine
10
58.9258003234863
20
-12.2132997512817
30
0.0
11
60.4413986206055
21
-13.0882997512817
31
0.0
39
0.0
210
0.0
220
0.0
230
1.0
0
LINE
5
834
330
17
100
AcDbEntity
67
0
8
0
62
256
6
ByLayer
370
-1
48
1.0
60
0
100
AcDbLine
10
60.4413986206055
20
-13.0882997512817
30
0.0
11
61.9570007324219
21
-12.2132997512817
31
0.0
39
0.0
210
0.0
220
0.0
230
1.0
0
LINE
5
835
330
17
100
AcDbEntity
67
0
8
0
62
256
6
ByLayer
370
-1
48
1.0
60
0
100
AcDbLine
10
61.9570007324219
20
-12.2132997512817
30
0.0
11
61.9570007324219
21
-10.4632997512817
31
0.0
39
0.0
210
0.0
220
0.0
230
1.0
0
LINE
5
836
330
17
100
AcDbEntity
67
0
8
0
62
256
6
ByLayer
370
-1
48
1.0
60
0
100
AcDbLine
10
65.4880981445313
20
-10.4632997512817
30
0.0
11
63.9724998474121
21
-9.58829975128174
31
0.0
39
0.0
210
0.0
220
0.0
230
1.0
0
LINE
5
837
330
17
100
AcDbEntity
67
0
8
0
62
256
6
ByLayer
370
-1
48
1.0
60
0
100
AcDbLine
10
63.9724998474121
20
-9.58829975128174
30
0.0
11
62.4570007324219
21
-10.4632997512817
31
0.0
39
0.0
210
0.0
220
0.0
230
1.0
0
LINE
5
838
330
17
100
AcDbEntity
67
0
8
0
62
256
6
ByLayer
370
-1
48
1.0
60
0
100
AcDbLine
10
62.4570007324219
20
-10.4632997512817
30
0.0
11
62.4570007324219
21
-12.2132997512817
31
0.0
39
0.0
210
0.0
220
0.0
230
1.0
0
LINE
5
839
330
17
100
AcDbEntity
67
0
8
0
62
256
6
ByLayer
370
-1
48
1.0
60
0
100
AcDbLine
10
62.4570007324219
20
-12.2132997512817
30
0.0
11
63.9724998474121
21
-13.0882997512817
31
0.0
39
0.0
210
0.0
220
0.0
230
1.0
0
LINE
5
83A
330
17
100
AcDbEntity
67
0
8
0
62
256
6
ByLayer
370
-1
48
1.0
60
0
100
AcDbLine
10
63.9724998474121
20
-13.0882997512817
30
0.0
11
65.4880981445313
21
-12.2132997512817
31
0.0
39
0.0
210
0.0
220
0.0
230
1.0
0
LINE
5
83B
330
17
100
AcDbEntity
67
0
8
0
62
256
6
ByLayer
370
-1
48
1.0
60
0
100
AcDbLine
10
65.4880981445313
20
-12.2132997512817
30
0.0
11
65.4880981445313
21
-10.4632997512817
31
0.0
39
0.0
210
0.0
220
0.0
230
1.0
0
LINE
5
83C
330
17
100
AcDbEntity
67
0
8
0
62
256
6
ByLayer
370
-1
48
1.0
60
0
100
AcDbLine
10
67.649299621582
20
-11.964599609375
30
0.0
11
67.0615005493164
21
-12.8331003189087
31
0.0
39
0.0
210
0.0
220
0.0
230
1.0
0
LINE
5
83D
330
17
100
AcDbEntity
67
0
8
0
62
256
6
ByLayer
370
-1
48
1.0
60
0
100
AcDbLine
10
67.0615005493164
20
-12.8331003189087
30
0.0
11
65.9880981445313
21
-12.2132997512817
31
0.0
39
0.0
210
0.0
220
0.0
230
1.0
0
LINE
5
83E
330
17
100
AcDbEntity
67
0
8
0
62
256
6
ByLayer
370
-1
48
1.0
60
0
100
AcDbLine
10
65.9880981445313
20
-12.2132997512817
30
0.0
11
65.9880981445313
21
-10.4632997512817
31
0.0
39
0.0
210
0.0
220
0.0
230
1.0
0
LINE
5
83F
330
17
100
AcDbEntity
67
0
8
0
62
256
6
ByLayer
370
-1
48
1.0
60
0
100
AcDbLine
10
65.9880981445313
20
-10.4632997512817
30
0.0
11
67.5036010742188
21
-9.58829975128174
31
0.0
39
0.0
210
0.0
220
0.0
230
1.0
0
LINE
5
840
330
17
100
AcDbEntity
67
0
8
0
62
256
6
ByLayer
370
-1
48
1.0
60
0
100
AcDbLine
10
67.5036010742188
20
-9.58829975128174
30
0.0
11
68.9243011474609
21
-10.4084997177124
31
0.0
39
0.0
210
0.0
220
0.0
230
1.0
0
LINE
5
841
330
17
100
AcDbEntity
67
0
8
0
62
256
6
ByLayer
370
-1
48
1.0
60
0
100
AcDbLine
10
68.9243011474609
20
-10.4084997177124
30
0.0
11
67.649299621582
21
-11.964599609375
31
0.0
39
0.0
210
0.0
220
0.0
230
1.0
0
LINE
5
842
330
17
100
AcDbEntity
67
0
8
0
62
256
6
ByLayer
370
-1
48
1.0
60
0
100
AcDbLine
10
-35.1487007141113
20
-7.40530014038086
30
0.0
11
-36.6641998291016
21
-6.53030014038086
31
0.0
39
0.0
210
0.0
220
0.0
230
1.0
0
LINE
5
843
330
17
100
AcDbEntity
67
0
8
0
62
256
6
ByLayer
370
-1
48
1.0
60
0
100
AcDbLine
10
-36.6641998291016
20
-6.53030014038086
30
0.0
11
-38.1797981262207
21
-7.40530014038086
31
0.0
39
0.0
210
0.0
220
0.0
230
1.0
0
LINE
5
844
330
17
100
AcDbEntity
67
0
8
0
62
256
6
ByLayer
370
-1
48
1.0
60
0
100
AcDbLine
10
-38.1797981262207
20
-7.40530014038086
30
0.0
11
-38.1797981262207
21
-9.15530014038086
31
0.0
39
0.0
210
0.0
220
0.0
230
1.0
0
LINE
5
845
330
17
100
AcDbEntity
67
0
8
0
62
256
6
ByLayer
370
-1
48
1.0
60
0
100
AcDbLine
10
-38.1797981262207
20
-9.15530014038086
30
0.0
11
-36.6641998291016
21
-10.0303001403809
31
0.0
39
0.0
210
0.0
220
0.0
230
1.0
0
LINE
5
846
330
17
100
AcDbEntity
67
0
8
0
62
256
6
ByLayer
370
-1
48
1.0
60
0
100
AcDbLine
10
-36.6641998291016
20
-10.0303001403809
30
0.0
11
-35.1487007141113
21
-9.15530014038086
31
0.0
39
0.0
210
0.0
220
0.0
230
1.0
0
LINE
5
847
330
17
100
AcDbEntity
67
0
8
0
62
256
6
ByLayer
370
-1
48
1.0
60
0
100
AcDbLine
10
-35.1487007141113
20
-9.15530014038086
30
0.0
11
-35.1487007141113
21
-7.40530014038086
31
0.0
39
0.0
210
0.0
220
0.0
230
1.0
0
LINE
5
848
330
17
100
AcDbEntity
67
0
8
0
62
256
6
ByLayer
370
-1
48
1.0
60
0
100
AcDbLine
10
-31.6175994873047
20
-7.40530014038086
30
0.0
11
-33.1330986022949
21
-6.53030014038086
31
0.0
39
0.0
210
0.0
220
0.0
230
1.0
0
LINE
5
849
330
17
100
AcDbEntity
67
0
8
0
62
256
6
ByLayer
370
-1
48
1.0
60
0
100
AcDbLine
10
-33.1330986022949
20
-6.53030014038086
30
0.0
11
-34.6487007141113
21
-7.40530014038086
31
0.0
39
0.0
210
0.0
220
0.0
230
1.0
0
LINE
5
84A
330
17
100
AcDbEntity
67
0
8
0
62
256
6
ByLayer
370
-1
48
1.0
60
0
100
AcDbLine
10
-34.6487007141113
20
-7.40530014038086
30
0.0
11
-34.6487007141113
21
-9.15530014038086
31
0.0
39
0.0
210
0.0
220
0.0
230
1.0
0
LINE
5
84B
330
17
100
AcDbEntity
67
0
8
0
62
256
6
ByLayer
370
-1
48
1.0
60
0
100
AcDbLine
10
-34.6487007141113
20
-9.15530014038086
30
0.0
11
-33.1330986022949
21
-10.0303001403809
31
0.0
39
0.0
210
0.0
220
0.0
230
1.0
0
LINE
5
84C
330
17
100
AcDbEntity
67
0
8
0
62
256
6
ByLayer
370
-1
48
1.0
60
0
100
AcDbLine
10
-33.1330986022949
20
-10.0303001403809
30
0.0
11
-31.6175994873047
21
-9.15530014038086
31
0.0
39
0.0
210
0.0
220
0.0
230
1.0
0
LINE
5
84D
330
17
100
AcDbEntity
67
0
8
0
62
256
6
ByLayer
370
-1
48
1.0
60
0
100
AcDbLine
10
-31.6175994873047
20
-9.15530014038086
30
0.0
11
-31.6175994873047
21
-7.40530014038086
31
0.0
39
0.0
210
0.0
220
0.0
230
1.0
0
LINE
5
84E
330
17
100
AcDbEntity
67
0
8
0
62
256
6
ByLayer
370
-1
48
1.0
60
0
100
AcDbLine
10
-28.0863990783691
20
-7.40530014038086
30
0.0
11
-29.6019992828369
21
-6.53030014038086
31
0.0
39
0.0
210
0.0
220
0.0
230
1.0
0
LINE
5
84F
330
17
100
AcDbEntity
67
0
8
0
62
256
6
ByLayer
370
-1
48
1.0
60
0
100
AcDbLine
10
-29.6019992828369
20
-6.53030014038086
30
0.0
11
-31.1175003051758
21
-7.40530014038086
31
0.0
39
0.0
210
0.0
220
0.0
230
1.0
0
LINE
5
850
330
17
100
AcDbEntity
67
0
8
0
62
256
6
ByLayer
370
-1
48
1.0
60
0
100
AcDbLine
10
-31.1175003051758
20
-7.40530014038086
30
0.0
11
-31.1175003051758
21
-9.15530014038086
31
0.0
39
0.0
210
0.0
220
0.0
230
1.0
0
LINE
5
851
330
17
100
AcDbEntity
67
0
8
0
62
256
6
ByLayer
370
-1
48
1.0
60
0
100
AcDbLine
10
-31.1175003051758
20
-9.15530014038086
30
0.0
11
-29.6019992828369
21
-10.0303001403809
31
0.0
39
0.0
210
0.0
220
0.0
230
1.0
0
LINE
5
852
330
17
100
AcDbEntity
67
0
8
0
62
256
6
ByLayer
370
-1
48
1.0
60
0
100
AcDbLine
10
-29.6019992828369
20
-10.0303001403809
30
0.0
11
-28.0863990783691
21
-9.15530014038086
31
0.0
39
0.0
210
0.0
220
0.0
230
1.0
0
LINE
5
853
330
17
100
AcDbEntity
67
0
8
0
62
256
6
ByLayer
370
-1
48
1.0
60
0
100
AcDbLine
10
-28.0863990783691
20
-9.15530014038086
30
0.0
11
-28.0863990783691
21
-7.40530014038086
31
0.0
39
0.0
210
0.0
220
0.0
230
1.0
0
LINE
5
854
330
17
100
AcDbEntity
67
0
8
0
62
256
6
ByLayer
370
-1
48
1.0
60
0
100
AcDbLine
10
-24.5552997589111
20
-7.40530014038086
30
0.0
11
-26.0708999633789
21
-6.53030014038086
31
0.0
39
0.0
210
0.0
220
0.0
230
1.0
0
LINE
5
855
330
17
100
AcDbEntity
67
0
8
0
62
256
6
ByLayer
370
-1
48
1.0
60
0
100
AcDbLine
10
-26.0708999633789
20
-6.53030014038086
30
0.0
11
-27.5863990783691
21
-7.40530014038086
31
0.0
39
0.0
210
0.0
220
0.0
230
1.0
0
LINE
5
856
330
17
100
AcDbEntity
67
0
8
0
62
256
6
ByLayer
370
-1
48
1.0
60
0
100
AcDbLine
10
-27.5863990783691
20
-7.40530014038086
30
0.0
11
-27.5863990783691
21
-9.15530014038086
31
0.0
39
0.0
210
0.0
220
0.0
230
1.0
0
LINE
5
857
330
17
100
AcDbEntity
67
0
8
0
62
256
6
ByLayer
370
-1
48
1.0
60
0
100
AcDbLine
10
-27.5863990783691
20
-9.15530014038086
30
0.0
11
-26.0708999633789
21
-10.0303001403809
31
0.0
39
0.0
210
0.0
220
0.0
230
1.0
0
LINE
5
858
330
17
100
AcDbEntity
67
0
8
0
62
256
6
ByLayer
370
-1
48
1.0
60
0
100
AcDbLine
10
-26.0708999633789
20
-10.0303001403809
30
0.0
11
-24.5552997589111
21
-9.15530014038086
31
0.0
39
0.0
210
0.0
220
0.0
230
1.0
0
LINE
5
859
330
17
100
AcDbEntity
67
0
8
0
62
256
6
ByLayer
370
-1
48
1.0
60
0
100
AcDbLine
10
-24.5552997589111
20
-9.15530014038086
30
0.0
11
-24.5552997589111
21
-7.40530014038086
31
0.0
39
0.0
210
0.0
220
0.0
230
1.0
0
LINE
5
85A
330
17
100
AcDbEntity
67
0
8
0
62
256
6
ByLayer
370
-1
48
1.0
60
0
100
AcDbLine
10
-21.0242004394531
20
-7.40530014038086
30
0.0
11
-22.5398006439209
21
-6.53030014038086
31
0.0
39
0.0
210
0.0
220
0.0
230
1.0
0
LINE
5
85B
330
17
100
AcDbEntity
67
0
8
0
62
256
6
ByLayer
370
-1
48
1.0
60
0
100
AcDbLine
10
-22.5398006439209
20
-6.53030014038086
30
0.0
11
-24.0552997589111
21
-7.40530014038086
31
0.0
39
0.0
210
0.0
220
0.0
230
1.0
0
LINE
5
85C
330
17
100
AcDbEntity
67
0
8
0
62
256
6
ByLayer
370
-1
48
1.0
60
0
100
AcDbLine
10
-24.0552997589111
20
-7.40530014038086
30
0.0
11
-24.0552997589111
21
-9.15530014038086
31
0.0
39
0.0
210
0.0
220
0.0
230
1.0
0
LINE
5
85D
330
17
100
AcDbEntity
67
0
8
0
62
256
6
ByLayer
370
-1
48
1.0
60
0
100
AcDbLine
10
-24.0552997589111
20
-9.15530014038086
30
0.0
11
-22.5398006439209
21
-10.0303001403809
31
0.0
39
0.0
210
0.0
220
0.0
230
1.0
0
LINE
5
85E
330
17
100
AcDbEntity
67
0
8
0
62
256
6
ByLayer
370
-1
48
1.0
60
0
100
AcDbLine
10
-22.5398006439209
20
-10.0303001403809
30
0.0
11
-21.0242004394531
21
-9.15530014038086
31
0.0
39
0.0
210
0.0
220
0.0
230
1.0
0
LINE
5
85F
330
17
100
AcDbEntity
67
0
8
0
62
256
6
ByLayer
370
-1
48
1.0
60
0
100
AcDbLine
10
-21.0242004394531
20
-9.15530014038086
30
0.0
11
-21.0242004394531
21
-7.40530014038086
31
0.0
39
0.0
210
0.0
220
0.0
230
1.0
0
LINE
5
860
330
17
100
AcDbEntity
67
0
8
0
62
256
6
ByLayer
370
-1
48
1.0
60
0
100
AcDbLine
10
-17.6236000061035
20
-7.416100025177
30
0.0
11
-17.4930992126465
21
-7.75360012054443
31
0.0
39
0.0
210
0.0
220
0.0
230
1.0
0
LINE
5
861
330
17
100
AcDbEntity
67
0
8
0
62
256
6
ByLayer
370
-1
48
1.0
60
0
100
AcDbLine
10
-17.4930992126465
20
-7.75360012054443
30
0.0
11
-17.4930992126465
21
-9.15530014038086
31
0.0
39
0.0
210
0.0
220
0.0
230
1.0
0
LINE
5
862
330
17
100
AcDbEntity
67
0
8
0
62
256
6
ByLayer
370
-1
48
1.0
60
0
100
AcDbLine
10
-17.4930992126465
20
-9.15530014038086
30
0.0
11
-19.0086994171143
21
-10.0303001403809
31
0.0
39
0.0
210
0.0
220
0.0
230
1.0
0
LINE
5
863
330
17
100
AcDbEntity
67
0
8
0
62
256
6
ByLayer
370
-1
48
1.0
60
0
100
AcDbLine
10
-19.0086994171143
20
-10.0303001403809
30
0.0
11
-20.5242004394531
21
-9.15530014038086
31
0.0
39
0.0
210
0.0
220
0.0
230
1.0
0
LINE
5
864
330
17
100
AcDbEntity
67
0
8
0
62
256
6
ByLayer
370
-1
48
1.0
60
0
100
AcDbLine
10
-20.5242004394531
20
-9.15530014038086
30
0.0
11
-20.5242004394531
21
-7.40530014038086
31
0.0
39
0.0
210
0.0
220
0.0
230
1.0
0
LINE
5
865
330
17
100
AcDbEntity
67
0
8
0
62
256
6
ByLayer
370
-1
48
1.0
60
0
100
AcDbLine
10
-20.5242004394531
20
-7.40530014038086
30
0.0
11
-19.0086994171143
21
-6.53030014038086
31
0.0
39
0.0
210
0.0
220
0.0
230
1.0
0
LINE
5
866
330
17
100
AcDbEntity
67
0
8
0
62
256
6
ByLayer
370
-1
48
1.0
60
0
100
AcDbLine
10
-19.0086994171143
20
-6.53030014038086
30
0.0
11
-17.6594009399414
21
-7.3092999458313
31
0.0
39
0.0
210
0.0
220
0.0
230
1.0
0
LINE
5
867
330
17
100
AcDbEntity
67
0
8
0
62
256
6
ByLayer
370
-1
48
1.0
60
0
100
AcDbLine
10
-17.6594009399414
20
-7.3092999458313
30
0.0
11
-17.6236000061035
21
-7.416100025177
31
0.0
39
0.0
210
0.0
220
0.0
230
1.0
0
LINE
5
868
330
17
100
AcDbEntity
67
0
8
0
62
256
6
ByLayer
370
-1
48
1.0
60
0
100
AcDbLine
10
-2.44959998130798
20
-9.07040023803711
30
0.0
11
-2.8685998916626
21
-8.08250045776367
31
0.0
39
0.0
210
0.0
220
0.0
230
1.0
0
LINE
5
869
330
17
100
AcDbEntity
67
0
8
0
62
256
6
ByLayer
370
-1
48
1.0
60
0
100
AcDbLine
10
-2.8685998916626
20
-8.08250045776367
30
0.0
11
-2.8685998916626
21
-7.40530014038086
31
0.0
39
0.0
210
0.0
220
0.0
230
1.0
0
LINE
5
86A
330
17
100
AcDbEntity
67
0
8
0
62
256
6
ByLayer
370
-1
48
1.0
60
0
100
AcDbLine
10
-2.8685998916626
20
-7.40530014038086
30
0.0
11
-1.35309994220734
21
-6.53030014038086
31
0.0
39
0.0
210
0.0
220
0.0
230
1.0
0
LINE
5
86B
330
17
100
AcDbEntity
67
0
8
0
62
256
6
ByLayer
370
-1
48
1.0
60
0
100
AcDbLine
10
-1.35309994220734
20
-6.53030014038086
30
0.0
11
0.162499994039536
21
-7.40530014038086
31
0.0
39
0.0
210
0.0
220
0.0
230
1.0
0
LINE
5
86C
330
17
100
AcDbEntity
67
0
8
0
62
256
6
ByLayer
370
-1
48
1.0
60
0
100
AcDbLine
10
0.162499994039536
20
-7.40530014038086
30
0.0
11
0.162499994039536
21
-9.15530014038086
31
0.0
39
0.0
210
0.0
220
0.0
230
1.0
0
LINE
5
86D
330
17
100
AcDbEntity
67
0
8
0
62
256
6
ByLayer
370
-1
48
1.0
60
0
100
AcDbLine
10
0.162499994039536
20
-9.15530014038086
30
0.0
11
-1.35309994220734
21
-10.0303001403809
31
0.0
39
0.0
210
0.0
220
0.0
230
1.0
0
LINE
5
86E
330
17
100
AcDbEntity
67
0
8
0
62
256
6
ByLayer
370
-1
48
1.0
60
0
100
AcDbLine
10
-1.35309994220734
20
-10.0303001403809
30
0.0
11
-2.18829989433289
21
-9.54810047149658
31
0.0
39
0.0
210
0.0
220
0.0
230
1.0
0
LINE
5
86F
330
17
100
AcDbEntity
67
0
8
0
62
256
6
ByLayer
370
-1
48
1.0
60
0
100
AcDbLine
10
-2.18829989433289
20
-9.54810047149658
30
0.0
11
-2.44959998130798
21
-9.07040023803711
31
0.0
39
0.0
210
0.0
220
0.0
230
1.0
0
LINE
5
870
330
17
100
AcDbEntity
67
0
8
0
62
256
6
ByLayer
370
-1
48
1.0
60
0
100
AcDbLine
10
3.69359993934631
20
-7.40530014038086
30
0.0
11
2.17799997329712
21
-6.53030014038086
31
0.0
39
0.0
210
0.0
220
0.0
230
1.0
0
LINE
5
871
330
17
100
AcDbEntity
67
0
8
0
62
256
6
ByLayer
370
-1
48
1.0
60
0
100
AcDbLine
10
2.17799997329712
20
-6.53030014038086
30
0.0
11
0.662500023841858
21
-7.40530014038086
31
0.0
39
0.0
210
0.0
220
0.0
230
1.0
0
LINE
5
872
330
17
100
AcDbEntity
67
0
8
0
62
256
6
ByLayer
370
-1
48
1.0
60
0
100
AcDbLine
10
0.662500023841858
20
-7.40530014038086
30
0.0
11
0.662500023841858
21
-9.15530014038086
31
0.0
39
0.0
210
0.0
220
0.0
230
1.0
0
LINE
5
873
330
17
100
AcDbEntity
67
0
8
0
62
256
6
ByLayer
370
-1
48
1.0
60
0
100
AcDbLine
10
0.662500023841858
20
-9.15530014038086
30
0.0
11
2.17799997329712
21
-10.0303001403809
31
0.0
39
0.0
210
0.0
220
0.0
230
1.0
0
LINE
5
874
330
17
100
AcDbEntity
67
0
8
0
62
256
6
ByLayer
370
-1
48
1.0
60
0
100
AcDbLine
10
2.17799997329712
20
-10.0303001403809
30
0.0
11
3.69359993934631
21
-9.15530014038086
31
0.0
39
0.0
210
0.0
220
0.0
230
1.0
0
LINE
5
875
330
17
100
AcDbEntity
67
0
8
0
62
256
6
ByLayer
370
-1
48
1.0
60
0
100
AcDbLine
10
3.69359993934631
20
-9.15530014038086
30
0.0
11
3.69359993934631
21
-7.40530014038086
31
0.0
39
0.0
210
0.0
220
0.0
230
1.0
0
LINE
5
876
330
17
100
AcDbEntity
67
0
8
0
62
256
6
ByLayer
370
-1
48
1.0
60
0
100
AcDbLine
10
7.22469997406006
20
-7.40530014038086
30
0.0
11
5.70909976959229
21
-6.53030014038086
31
0.0
39
0.0
210
0.0
220
0.0
230
1.0
0
LINE
5
877
330
17
100
AcDbEntity
67
0
8
0
62
256
6
ByLayer
370
-1
48
1.0
60
0
100
AcDbLine
10
5.70909976959229
20
-6.53030014038086
30
0.0
11
4.19360017776489
21
-7.40530014038086
31
0.0
39
0.0
210
0.0
220
0.0
230
1.0
0
LINE
5
878
330
17
100
AcDbEntity
67
0
8
0
62
256
6
ByLayer
370
-1
48
1.0
60
0
100
AcDbLine
10
4.19360017776489
20
-7.40530014038086
30
0.0
11
4.19360017776489
21
-9.15530014038086
31
0.0
39
0.0
210
0.0
220
0.0
230
1.0
0
LINE
5
879
330
17
100
AcDbEntity
67
0
8
0
62
256
6
ByLayer
370
-1
48
1.0
60
0
100
AcDbLine
10
4.19360017776489
20
-9.15530014038086
30
0.0
11
5.70909976959229
21
-10.0303001403809
31
0.0
39
0.0
210
0.0
220
0.0
230
1.0
0
LINE
5
87A
330
17
100
AcDbEntity
67
0
8
0
62
256
6
ByLayer
370
-1
48
1.0
60
0
100
AcDbLine
10
5.70909976959229
20
-10.0303001403809
30
0.0
11
7.22469997406006
21
-9.15530014038086
31
0.0
39
0.0
210
0.0
220
0.0
230
1.0
0
LINE
5
87B
330
17
100
AcDbEntity
67
0
8
0
62
256
6
ByLayer
370
-1
48
1.0
60
0
100
AcDbLine
10
7.22469997406006
20
-9.15530014038086
30
0.0
11
7.22469997406006
21
-7.40530014038086
31
0.0
39
0.0
210
0.0
220
0.0
230
1.0
0
LINE
5
87C
330
17
100
AcDbEntity
67
0
8
0
62
256
6
ByLayer
370
-1
48
1.0
60
0
100
AcDbLine
10
10.7558002471924
20
-7.40530014038086
30
0.0
11
9.24030017852783
21
-6.53030014038086
31
0.0
39
0.0
210
0.0
220
0.0
230
1.0
0
LINE
5
87D
330
17
100
AcDbEntity
67
0
8
0
62
256
6
ByLayer
370
-1
48
1.0
60
0
100
AcDbLine
10
9.24030017852783
20
-6.53030014038086
30
0.0
11
7.72469997406006
21
-7.40530014038086
31
0.0
39
0.0
210
0.0
220
0.0
230
1.0
0
LINE
5
87E
330
17
100
AcDbEntity
67
0
8
0
62
256
6
ByLayer
370
-1
48
1.0
60
0
100
AcDbLine
10
7.72469997406006
20
-7.40530014038086
30
0.0
11
7.72469997406006
21
-9.15530014038086
31
0.0
39
0.0
210
0.0
220
0.0
230
1.0
0
LINE
5
87F
330
17
100
AcDbEntity
67
0
8
0
62
256
6
ByLayer
370
-1
48
1.0
60
0
100
AcDbLine
10
7.72469997406006
20
-9.15530014038086
30
0.0
11
9.24030017852783
21
-10.0303001403809
31
0.0
39
0.0
210
0.0
220
0.0
230
1.0
0
LINE
5
880
330
17
100
AcDbEntity
67
0
8
0
62
256
6
ByLayer
370
-1
48
1.0
60
0
100
AcDbLine
10
9.24030017852783
20
-10.0303001403809
30
0.0
11
10.7558002471924
21
-9.15530014038086
31
0.0
39
0.0
210
0.0
220
0.0
230
1.0
0
LINE
5
881
330
17
100
AcDbEntity
67
0
8
0
62
256
6
ByLayer
370
-1
48
1.0
60
0
100
AcDbLine
10
10.7558002471924
20
-9.15530014038086
30
0.0
11
10.7558002471924
21
-7.40530014038086
31
0.0
39
0.0
210
0.0
220
0.0
230
1.0
0
LINE
5
882
330
17
100
AcDbEntity
67
0
8
0
62
256
6
ByLayer
370
-1
48
1.0
60
0
100
AcDbLine
10
14.2868995666504
20
-7.40530014038086
30
0.0
11
12.7714004516602
21
-6.53030014038086
31
0.0
39
0.0
210
0.0
220
0.0
230
1.0
0
LINE
5
883
330
17
100
AcDbEntity
67
0
8
0
62
256
6
ByLayer
370
-1
48
1.0
60
0
100
AcDbLine
10
12.7714004516602
20
-6.53030014038086
30
0.0
11
11.2558002471924
21
-7.40530014038086
31
0.0
39
0.0
210
0.0
220
0.0
230
1.0
0
LINE
5
884
330
17
100
AcDbEntity
67
0
8
0
62
256
6
ByLayer
370
-1
48
1.0
60
0
100
AcDbLine
10
11.2558002471924
20
-7.40530014038086
30
0.0
11
11.2558002471924
21
-9.15530014038086
31
0.0
39
0.0
210
0.0
220
0.0
230
1.0
0
LINE
5
885
330
17
100
AcDbEntity
67
0
8
0
62
256
6
ByLayer
370
-1
48
1.0
60
0
100
AcDbLine
10
11.2558002471924
20
-9.15530014038086
30
0.0
11
12.7714004516602
21
-10.0303001403809
31
0.0
39
0.0
210
0.0
220
0.0
230
1.0
0
LINE
5
886
330
17
100
AcDbEntity
67
0
8
0
62
256
6
ByLayer
370
-1
48
1.0
60
0
100
AcDbLine
10
12.7714004516602
20
-10.0303001403809
30
0.0
11
14.2868995666504
21
-9.15530014038086
31
0.0
39
0.0
210
0.0
220
0.0
230
1.0
0
LINE
5
887
330
17
100
AcDbEntity
67
0
8
0
62
256
6
ByLayer
370
-1
48
1.0
60
0
100
AcDbLine
10
14.2868995666504
20
-9.15530014038086
30
0.0
11
14.2868995666504
21
-7.40530014038086
31
0.0
39
0.0
210
0.0
220
0.0
230
1.0
0
LINE
5
888
330
17
100
AcDbEntity
67
0
8
0
62
256
6
ByLayer
370
-1
48
1.0
60
0
100
AcDbLine
10
17.818000793457
20
-7.40530014038086
30
0.0
11
16.3024997711182
21
-6.53030014038086
31
0.0
39
0.0
210
0.0
220
0.0
230
1.0
0
LINE
5
889
330
17
100
AcDbEntity
67
0
8
0
62
256
6
ByLayer
370
-1
48
1.0
60
0
100
AcDbLine
10
16.3024997711182
20
-6.53030014038086
30
0.0
11
14.7868995666504
21
-7.40530014038086
31
0.0
39
0.0
210
0.0
220
0.0
230
1.0
0
LINE
5
88A
330
17
100
AcDbEntity
67
0
8
0
62
256
6
ByLayer
370
-1
48
1.0
60
0
100
AcDbLine
10
14.7868995666504
20
-7.40530014038086
30
0.0
11
14.7868995666504
21
-9.15530014038086
31
0.0
39
0.0
210
0.0
220
0.0
230
1.0
0
LINE
5
88B
330
17
100
AcDbEntity
67
0
8
0
62
256
6
ByLayer
370
-1
48
1.0
60
0
100
AcDbLine
10
14.7868995666504
20
-9.15530014038086
30
0.0
11
16.3024997711182
21
-10.0303001403809
31
0.0
39
0.0
210
0.0
220
0.0
230
1.0
0
LINE
5
88C
330
17
100
AcDbEntity
67
0
8
0
62
256
6
ByLayer
370
-1
48
1.0
60
0
100
AcDbLine
10
16.3024997711182
20
-10.0303001403809
30
0.0
11
17.818000793457
21
-9.15530014038086
31
0.0
39
0.0
210
0.0
220
0.0
230
1.0
0
LINE
5
88D
330
17
100
AcDbEntity
67
0
8
0
62
256
6
ByLayer
370
-1
48
1.0
60
0
100
AcDbLine
10
17.818000793457
20
-9.15530014038086
30
0.0
11
17.818000793457
21
-7.40530014038086
31
0.0
39
0.0
210
0.0
220
0.0
230
1.0
0
LINE
5
88E
330
17
100
AcDbEntity
67
0
8
0
62
256
6
ByLayer
370
-1
48
1.0
60
0
100
AcDbLine
10
21.349100112915
20
-7.40530014038086
30
0.0
11
19.8335990905762
21
-6.53030014038086
31
0.0
39
0.0
210
0.0
220
0.0
230
1.0
0
LINE
5
88F
330
17
100
AcDbEntity
67
0
8
0
62
256
6
ByLayer
370
-1
48
1.0
60
0
100
AcDbLine
10
19.8335990905762
20
-6.53030014038086
30
0.0
11
18.318000793457
21
-7.40530014038086
31
0.0
39
0.0
210
0.0
220
0.0
230
1.0
0
LINE
5
890
330
17
100
AcDbEntity
67
0
8
0
62
256
6
ByLayer
370
-1
48
1.0
60
0
100
AcDbLine
10
18.318000793457
20
-7.40530014038086
30
0.0
11
18.318000793457
21
-9.15530014038086
31
0.0
39
0.0
210
0.0
220
0.0
230
1.0
0
LINE
5
891
330
17
100
AcDbEntity
67
0
8
0
62
256
6
ByLayer
370
-1
48
1.0
60
0
100
AcDbLine
10
18.318000793457
20
-9.15530014038086
30
0.0
11
19.8335990905762
21
-10.0303001403809
31
0.0
39
0.0
210
0.0
220
0.0
230
1.0
0
LINE
5
892
330
17
100
AcDbEntity
67
0
8
0
62
256
6
ByLayer
370
-1
48
1.0
60
0
100
AcDbLine
10
19.8335990905762
20
-10.0303001403809
30
0.0
11
21.349100112915
21
-9.15530014038086
31
0.0
39
0.0
210
0.0
220
0.0
230
1.0
0
LINE
5
893
330
17
100
AcDbEntity
67
0
8
0
62
256
6
ByLayer
370
-1
48
1.0
60
0
100
AcDbLine
10
21.349100112915
20
-9.15530014038086
30
0.0
11
21.349100112915
21
-7.40530014038086
31
0.0
39
0.0
210
0.0
220
0.0
230
1.0
0
LINE
5
894
330
17
100
AcDbEntity
67
0
8
0
62
256
6
ByLayer
370
-1
48
1.0
60
0
100
AcDbLine
10
23.0048007965088
20
-7.46630001068115
30
0.0
11
23.0284004211426
21
-7.62489986419678
31
0.0
39
0.0
210
0.0
220
0.0
230
1.0
0
LINE
5
895
330
17
100
AcDbEntity
67
0
8
0
62
256
6
ByLayer
370
-1
48
1.0
60
0
100
AcDbLine
10
23.0284004211426
20
-7.62489986419678
30
0.0
11
23.0673999786377
21
-7.77790021896362
31
0.0
39
0.0
210
0.0
220
0.0
230
1.0
0
LINE
5
896
330
17
100
AcDbEntity
67
0
8
0
62
256
6
ByLayer
370
-1
48
1.0
60
0
100
AcDbLine
10
23.0673999786377
20
-7.77790021896362
30
0.0
11
23.1207008361816
21
-7.92449998855591
31
0.0
39
0.0
210
0.0
220
0.0
230
1.0
0
LINE
5
897
330
17
100
AcDbEntity
67
0
8
0
62
256
6
ByLayer
370
-1
48
1.0
60
0
100
AcDbLine
10
23.1207008361816
20
-7.92449998855591
30
0.0
11
23.1877994537354
21
-8.06400012969971
31
0.0
39
0.0
210
0.0
220
0.0
230
1.0
0
LINE
5
898
330
17
100
AcDbEntity
67
0
8
0
62
256
6
ByLayer
370
-1
48
1.0
60
0
100
AcDbLine
10
23.1877994537354
20
-8.06400012969971
30
0.0
11
23.267599105835
21
-8.19559955596924
31
0.0
39
0.0
210
0.0
220
0.0
230
1.0
0
LINE
5
899
330
17
100
AcDbEntity
67
0
8
0
62
256
6
ByLayer
370
-1
48
1.0
60
0
100
AcDbLine
10
23.267599105835
20
-8.19559955596924
30
0.0
11
23.3593997955322
21
-8.31830024719238
31
0.0
39
0.0
210
0.0
220
0.0
230
1.0
0
LINE
5
89A
330
17
100
AcDbEntity
67
0
8
0
62
256
6
ByLayer
370
-1
48
1.0
60
0
100
AcDbLine
10
23.3593997955322
20
-8.31830024719238
30
0.0
11
23.4624996185303
21
-8.43159961700439
31
0.0
39
0.0
210
0.0
220
0.0
230
1.0
0
LINE
5
89B
330
17
100
AcDbEntity
67
0
8
0
62
256
6
ByLayer
370
-1
48
1.0
60
0
100
AcDbLine
10
23.4624996185303
20
-8.43159961700439
30
0.0
11
23.576000213623
21
-8.53419971466064
31
0.0
39
0.0
210
0.0
220
0.0
230
1.0
0
LINE
5
89C
330
17
100
AcDbEntity
67
0
8
0
62
256
6
ByLayer
370
-1
48
1.0
60
0
100
AcDbLine
10
23.576000213623
20
-8.53419971466064
30
0.0
11
23.6991004943848
21
-8.62569999694824
31
0.0
39
0.0
210
0.0
220
0.0
230
1.0
0
LINE
5
89D
330
17
100
AcDbEntity
67
0
8
0
62
256
6
ByLayer
370
-1
48
1.0
60
0
100
AcDbLine
10
23.6991004943848
20
-8.62569999694824
30
0.0
11
23.8309001922607
21
-8.70530033111572
31
0.0
39
0.0
210
0.0
220
0.0
230
1.0
0
LINE
5
89E
330
17
100
AcDbEntity
67
0
8
0
62
256
6
ByLayer
370
-1
48
1.0
60
0
100
AcDbLine
10
23.8309001922607
20
-8.70530033111572
30
0.0
11
23.9706001281738
21
-8.77180004119873
31
0.0
39
0.0
210
0.0
220
0.0
230
1.0
0
LINE
5
89F
330
17
100
AcDbEntity
67
0
8
0
62
256
6
ByLayer
370
-1
48
1.0
60
0
100
AcDbLine
10
23.9706001281738
20
-8.77180004119873
30
0.0
11
24.1175994873047
21
-8.82489967346191
31
0.0
39
0.0
210
0.0
220
0.0
230
1.0
0
LINE
5
8A0
330
17
100
AcDbEntity
67
0
8
0
62
256
6
ByLayer
370
-1
48
1.0
60
0
100
AcDbLine
10
24.1175994873047
20
-8.82489967346191
30
0.0
11
24.2705993652344
21
-8.86330032348633
31
0.0
39
0.0
210
0.0
220
0.0
230
1.0
0
LINE
5
8A1
330
17
100
AcDbEntity
67
0
8
0
62
256
6
ByLayer
370
-1
48
1.0
60
0
100
AcDbLine
10
24.2705993652344
20
-8.86330032348633
30
0.0
11
24.42919921875
21
-8.88640022277832
31
0.0
39
0.0
210
0.0
220
0.0
230
1.0
0
LINE
5
8A2
330
17
100
AcDbEntity
67
0
8
0
62
256
6
ByLayer
370
-1
48
1.0
60
0
100
AcDbLine
10
24.42919921875
20
-8.88640022277832
30
0.0
11
24.8803005218506
21
-8.88300037384033
31
0.0
39
0.0
210
0.0
220
0.0
230
1.0
0
LINE
5
8A3
330
17
100
AcDbEntity
67
0
8
0
62
256
6
ByLayer
370
-1
48
1.0
60
0
100
AcDbLine
10
24.8803005218506
20
-8.88300037384033
30
0.0
11
24.8803005218506
21
-9.15530014038086
31
0.0
39
0.0
210
0.0
220
0.0
230
1.0
0
LINE
5
8A4
330
17
100
AcDbEntity
67
0
8
0
62
256
6
ByLayer
370
-1
48
1.0
60
0
100
AcDbLine
10
24.8803005218506
20
-9.15530014038086
30
0.0
11
23.3647003173828
21
-10.0303001403809
31
0.0
39
0.0
210
0.0
220
0.0
230
1.0
0
LINE
5
8A5
330
17
100
AcDbEntity
67
0
8
0
62
256
6
ByLayer
370
-1
48
1.0
60
0
100
AcDbLine
10
23.3647003173828
20
-10.0303001403809
30
0.0
11
21.8491992950439
21
-9.15530014038086
31
0.0
39
0.0
210
0.0
220
0.0
230
1.0
0
LINE
5
8A6
330
17
100
AcDbEntity
67
0
8
0
62
256
6
ByLayer
370
-1
48
1.0
60
0
100
AcDbLine
10
21.8491992950439
20
-9.15530014038086
30
0.0
11
21.8491992950439
21
-7.40530014038086
31
0.0
39
0.0
210
0.0
220
0.0
230
1.0
0
LINE
5
8A7
330
17
100
AcDbEntity
67
0
8
0
62
256
6
ByLayer
370
-1
48
1.0
60
0
100
AcDbLine
10
21.8491992950439
20
-7.40530014038086
30
0.0
11
23.0072002410889
21
-6.7367000579834
31
0.0
39
0.0
210
0.0
220
0.0
230
1.0
0
LINE
5
8A8
330
17
100
AcDbEntity
67
0
8
0
62
256
6
ByLayer
370
-1
48
1.0
60
0
100
AcDbLine
10
23.0072002410889
20
-6.7367000579834
30
0.0
11
23.0048007965088
21
-7.46630001068115
31
0.0
39
0.0
210
0.0
220
0.0
230
1.0
0
LINE
5
8A9
330
17
100
AcDbEntity
67
0
8
0
62
256
6
ByLayer
370
-1
48
1.0
60
0
100
AcDbLine
10
28.4113998413086
20
-8.85620021820068
30
0.0
11
28.4113998413086
21
-9.15530014038086
31
0.0
39
0.0
210
0.0
220
0.0
230
1.0
0
LINE
5
8AA
330
17
100
AcDbEntity
67
0
8
0
62
256
6
ByLayer
370
-1
48
1.0
60
0
100
AcDbLine
10
28.4113998413086
20
-9.15530014038086
30
0.0
11
26.8957996368408
21
-10.0303001403809
31
0.0
39
0.0
210
0.0
220
0.0
230
1.0
0
LINE
5
8AB
330
17
100
AcDbEntity
67
0
8
0
62
256
6
ByLayer
370
-1
48
1.0
60
0
100
AcDbLine
10
26.8957996368408
20
-10.0303001403809
30
0.0
11
25.3803005218506
21
-9.15530014038086
31
0.0
39
0.0
210
0.0
220
0.0
230
1.0
0
LINE
5
8AC
330
17
100
AcDbEntity
67
0
8
0
62
256
6
ByLayer
370
-1
48
1.0
60
0
100
AcDbLine
10
25.3803005218506
20
-9.15530014038086
30
0.0
11
25.3803005218506
21
-8.87919998168945
31
0.0
39
0.0
210
0.0
220
0.0
230
1.0
0
LINE
5
8AD
330
17
100
AcDbEntity
67
0
8
0
62
256
6
ByLayer
370
-1
48
1.0
60
0
100
AcDbLine
10
25.3803005218506
20
-8.87919998168945
30
0.0
11
28.4113998413086
21
-8.85620021820068
31
0.0
39
0.0
210
0.0
220
0.0
230
1.0
0
LINE
5
8AE
330
17
100
AcDbEntity
67
0
8
0
62
256
6
ByLayer
370
-1
48
1.0
60
0
100
AcDbLine
10
31.9424991607666
20
-8.82940006256104
30
0.0
11
31.9424991607666
21
-9.15530014038086
31
0.0
39
0.0
210
0.0
220
0.0
230
1.0
0
LINE
5
8AF
330
17
100
AcDbEntity
67
0
8
0
62
256
6
ByLayer
370
-1
48
1.0
60
0
100
AcDbLine
10
31.9424991607666
20
-9.15530014038086
30
0.0
11
30.4269008636475
21
-10.0303001403809
31
0.0
39
0.0
210
0.0
220
0.0
230
1.0
0
LINE
5
8B0
330
17
100
AcDbEntity
67
0
8
0
62
256
6
ByLayer
370
-1
48
1.0
60
0
100
AcDbLine
10
30.4269008636475
20
-10.0303001403809
30
0.0
11
28.9113998413086
21
-9.15530014038086
31
0.0
39
0.0
210
0.0
220
0.0
230
1.0
0
LINE
5
8B1
330
17
100
AcDbEntity
67
0
8
0
62
256
6
ByLayer
370
-1
48
1.0
60
0
100
AcDbLine
10
28.9113998413086
20
-9.15530014038086
30
0.0
11
28.9113998413086
21
-8.8523998260498
31
0.0
39
0.0
210
0.0
220
0.0
230
1.0
0
LINE
5
8B2
330
17
100
AcDbEntity
67
0
8
0
62
256
6
ByLayer
370
-1
48
1.0
60
0
100
AcDbLine
10
28.9113998413086
20
-8.8523998260498
30
0.0
11
31.9424991607666
21
-8.82940006256104
31
0.0
39
0.0
210
0.0
220
0.0
230
1.0
0
LINE
5
8B3
330
17
100
AcDbEntity
67
0
8
0
62
256
6
ByLayer
370
-1
48
1.0
60
0
100
AcDbLine
10
35.4735984802246
20
-8.80259990692139
30
0.0
11
35.4735984802246
21
-9.15530014038086
31
0.0
39
0.0
210
0.0
220
0.0
230
1.0
0
LINE
5
8B4
330
17
100
AcDbEntity
67
0
8
0
62
256
6
ByLayer
370
-1
48
1.0
60
0
100
AcDbLine
10
35.4735984802246
20
-9.15530014038086
30
0.0
11
33.9580001831055
21
-10.0303001403809
31
0.0
39
0.0
210
0.0
220
0.0
230
1.0
0
LINE
5
8B5
330
17
100
AcDbEntity
67
0
8
0
62
256
6
ByLayer
370
-1
48
1.0
60
0
100
AcDbLine
10
33.9580001831055
20
-10.0303001403809
30
0.0
11
32.4425010681152
21
-9.15530014038086
31
0.0
39
0.0
210
0.0
220
0.0
230
1.0
0
LINE
5
8B6
330
17
100
AcDbEntity
67
0
8
0
62
256
6
ByLayer
370
-1
48
1.0
60
0
100
AcDbLine
10
32.4425010681152
20
-9.15530014038086
30
0.0
11
32.4425010681152
21
-8.82559967041016
31
0.0
39
0.0
210
0.0
220
0.0
230
1.0
0
LINE
5
8B7
330
17
100
AcDbEntity
67
0
8
0
62
256
6
ByLayer
370
-1
48
1.0
60
0
100
AcDbLine
10
32.4425010681152
20
-8.82559967041016
30
0.0
11
35.4735984802246
21
-8.80259990692139
31
0.0
39
0.0
210
0.0
220
0.0
230
1.0
0
LINE
5
8B8
330
17
100
AcDbEntity
67
0
8
0
62
256
6
ByLayer
370
-1
48
1.0
60
0
100
AcDbLine
10
39.0046997070313
20
-8.77579975128174
30
0.0
11
39.0046997070313
21
-9.15530014038086
31
0.0
39
0.0
210
0.0
220
0.0
230
1.0
0
LINE
5
8B9
330
17
100
AcDbEntity
67
0
8
0
62
256
6
ByLayer
370
-1
48
1.0
60
0
100
AcDbLine
10
39.0046997070313
20
-9.15530014038086
30
0.0
11
37.489200592041
21
-10.0303001403809
31
0.0
39
0.0
210
0.0
220
0.0
230
1.0
0
LINE
5
8BA
330
17
100
AcDbEntity
67
0
8
0
62
256
6
ByLayer
370
-1
48
1.0
60
0
100
AcDbLine
10
37.489200592041
20
-10.0303001403809
30
0.0
11
35.9735984802246
21
-9.15530014038086
31
0.0
39
0.0
210
0.0
220
0.0
230
1.0
0
LINE
5
8BB
330
17
100
AcDbEntity
67
0
8
0
62
256
6
ByLayer
370
-1
48
1.0
60
0
100
AcDbLine
10
35.9735984802246
20
-9.15530014038086
30
0.0
11
35.9735984802246
21
-8.79880046844482
31
0.0
39
0.0
210
0.0
220
0.0
230
1.0
0
LINE
5
8BC
330
17
100
AcDbEntity
67
0
8
0
62
256
6
ByLayer
370
-1
48
1.0
60
0
100
AcDbLine
10
35.9735984802246
20
-8.79880046844482
30
0.0
11
39.0046997070313
21
-8.77579975128174
31
0.0
39
0.0
210
0.0
220
0.0
230
1.0
0
LINE
5
8BD
330
17
100
AcDbEntity
67
0
8
0
62
256
6
ByLayer
370
-1
48
1.0
60
0
100
AcDbLine
10
39.6293983459473
20
-8.77099990844727
30
0.0
11
39.780101776123
21
-8.74720001220703
31
0.0
39
0.0
210
0.0
220
0.0
230
1.0
0
LINE
5
8BE
330
17
100
AcDbEntity
67
0
8
0
62
256
6
ByLayer
370
-1
48
1.0
60
0
100
AcDbLine
10
39.780101776123
20
-8.74720001220703
30
0.0
11
39.9253997802734
21
-8.70899963378906
31
0.0
39
0.0
210
0.0
220
0.0
230
1.0
0
LINE
5
8BF
330
17
100
AcDbEntity
67
0
8
0
62
256
6
ByLayer
370
-1
48
1.0
60
0
100
AcDbLine
10
39.9253997802734
20
-8.70899963378906
30
0.0
11
40.0646018981934
21
-8.65729999542236
31
0.0
39
0.0
210
0.0
220
0.0
230
1.0
0
LINE
5
8C0
330
17
100
AcDbEntity
67
0
8
0
62
256
6
ByLayer
370
-1
48
1.0
60
0
100
AcDbLine
10
40.0646018981934
20
-8.65729999542236
30
0.0
11
40.1972007751465
21
-8.59280014038086
31
0.0
39
0.0
210
0.0
220
0.0
230
1.0
0
LINE
5
8C1
330
17
100
AcDbEntity
67
0
8
0
62
256
6
ByLayer
370
-1
48
1.0
60
0
100
AcDbLine
10
40.1972007751465
20
-8.59280014038086
30
0.0
11
40.3221015930176
21
-8.51620006561279
31
0.0
39
0.0
210
0.0
220
0.0
230
1.0
0
LINE
5
8C2
330
17
100
AcDbEntity
67
0
8
0
62
256
6
ByLayer
370
-1
48
1.0
60
0
100
AcDbLine
10
40.3221015930176
20
-8.51620006561279
30
0.0
11
40.4388008117676
21
-8.42840003967285
31
0.0
39
0.0
210
0.0
220
0.0
230
1.0
0
LINE
5
8C3
330
17
100
AcDbEntity
67
0
8
0
62
256
6
ByLayer
370
-1
48
1.0
60
0
100
AcDbLine
10
40.4388008117676
20
-8.42840003967285
30
0.0
11
40.546501159668
21
-8.32999992370605
31
0.0
39
0.0
210
0.0
220
0.0
230
1.0
0
LINE
5
8C4
330
17
100
AcDbEntity
67
0
8
0
62
256
6
ByLayer
370
-1
48
1.0
60
0
100
AcDbLine
10
40.546501159668
20
-8.32999992370605
30
0.0
11
40.6442985534668
21
-8.22210025787354
31
0.0
39
0.0
210
0.0
220
0.0
230
1.0
0
LINE
5
8C5
330
17
100
AcDbEntity
67
0
8
0
62
256
6
ByLayer
370
-1
48
1.0
60
0
100
AcDbLine
10
40.6442985534668
20
-8.22210025787354
30
0.0
11
40.7318000793457
21
-8.10509967803955
31
0.0
39
0.0
210
0.0
220
0.0
230
1.0
0
LINE
5
8C6
330
17
100
AcDbEntity
67
0
8
0
62
256
6
ByLayer
370
-1
48
1.0
60
0
100
AcDbLine
10
40.7318000793457
20
-8.10509967803955
30
0.0
11
40.8079986572266
21
-7.98000001907349
31
0.0
39
0.0
210
0.0
220
0.0
230
1.0
0
LINE
5
8C7
330
17
100
AcDbEntity
67
0
8
0
62
256
6
ByLayer
370
-1
48
1.0
60
0
100
AcDbLine
10
40.8079986572266
20
-7.98000001907349
30
0.0
11
40.8721008300781
21
-7.84740018844604
31
0.0
39
0.0
210
0.0
220
0.0
230
1.0
0
LINE
5
8C8
330
17
100
AcDbEntity
67
0
8
0
62
256
6
ByLayer
370
-1
48
1.0
60
0
100
AcDbLine
10
40.8721008300781
20
-7.84740018844604
30
0.0
11
40.9233016967773
21
-7.70790004730225
31
0.0
39
0.0
210
0.0
220
0.0
230
1.0
0
LINE
5
8C9
330
17
100
AcDbEntity
67
0
8
0
62
256
6
ByLayer
370
-1
48
1.0
60
0
100
AcDbLine
10
40.9233016967773
20
-7.70790004730225
30
0.0
11
40.9612007141113
21
-7.5625
31
0.0
39
0.0
210
0.0
220
0.0
230
1.0
0
LINE
5
8CA
330
17
100
AcDbEntity
67
0
8
0
62
256
6
ByLayer
370
-1
48
1.0
60
0
100
AcDbLine
10
40.9612007141113
20
-7.5625
30
0.0
11
40.9847984313965
21
-7.41190004348755
31
0.0
39
0.0
210
0.0
220
0.0
230
1.0
0
LINE
5
8CB
330
17
100
AcDbEntity
67
0
8
0
62
256
6
ByLayer
370
-1
48
1.0
60
0
100
AcDbLine
10
40.9847984313965
20
-7.41190004348755
30
0.0
11
40.9901008605957
21
-6.54769992828369
31
0.0
39
0.0
210
0.0
220
0.0
230
1.0
0
LINE
5
8CC
330
17
100
AcDbEntity
67
0
8
0
62
256
6
ByLayer
370
-1
48
1.0
60
0
100
AcDbLine
10
40.9901008605957
20
-6.54769992828369
30
0.0
11
41.0203018188477
21
-6.53030014038086
31
0.0
39
0.0
210
0.0
220
0.0
230
1.0
0
LINE
5
8CD
330
17
100
AcDbEntity
67
0
8
0
62
256
6
ByLayer
370
-1
48
1.0
60
0
100
AcDbLine
10
41.0203018188477
20
-6.53030014038086
30
0.0
11
42.5358009338379
21
-7.40530014038086
31
0.0
39
0.0
210
0.0
220
0.0
230
1.0
0
LINE
5
8CE
330
17
100
AcDbEntity
67
0
8
0
62
256
6
ByLayer
370
-1
48
1.0
60
0
100
AcDbLine
10
42.5358009338379
20
-7.40530014038086
30
0.0
11
42.5358009338379
21
-9.15530014038086
31
0.0
39
0.0
210
0.0
220
0.0
230
1.0
0
LINE
5
8CF
330
17
100
AcDbEntity
67
0
8
0
62
256
6
ByLayer
370
-1
48
1.0
60
0
100
AcDbLine
10
42.5358009338379
20
-9.15530014038086
30
0.0
11
41.0203018188477
21
-10.0303001403809
31
0.0
39
0.0
210
0.0
220
0.0
230
1.0
0
LINE
5
8D0
330
17
100
AcDbEntity
67
0
8
0
62
256
6
ByLayer
370
-1
48
1.0
60
0
100
AcDbLine
10
41.0203018188477
20
-10.0303001403809
30
0.0
11
39.5046997070313
21
-9.15530014038086
31
0.0
39
0.0
210
0.0
220
0.0
230
1.0
0
LINE
5
8D1
330
17
100
AcDbEntity
67
0
8
0
62
256
6
ByLayer
370
-1
48
1.0
60
0
100
AcDbLine
10
39.5046997070313
20
-9.15530014038086
30
0.0
11
39.5046997070313
21
-8.77200031280518
31
0.0
39
0.0
210
0.0
220
0.0
230
1.0
0
LINE
5
8D2
330
17
100
AcDbEntity
67
0
8
0
62
256
6
ByLayer
370
-1
48
1.0
60
0
100
AcDbLine
10
39.5046997070313
20
-8.77200031280518
30
0.0
11
39.6293983459473
21
-8.77099990844727
31
0.0
39
0.0
210
0.0
220
0.0
230
1.0
0
LINE
5
8D3
330
17
100
AcDbEntity
67
0
8
0
62
256
6
ByLayer
370
-1
48
1.0
60
0
100
AcDbLine
10
46.0668983459473
20
-7.40530014038086
30
0.0
11
44.551399230957
21
-6.53030014038086
31
0.0
39
0.0
210
0.0
220
0.0
230
1.0
0
LINE
5
8D4
330
17
100
AcDbEntity
67
0
8
0
62
256
6
ByLayer
370
-1
48
1.0
60
0
100
AcDbLine
10
44.551399230957
20
-6.53030014038086
30
0.0
11
43.0358009338379
21
-7.40530014038086
31
0.0
39
0.0
210
0.0
220
0.0
230
1.0
0
LINE
5
8D5
330
17
100
AcDbEntity
67
0
8
0
62
256
6
ByLayer
370
-1
48
1.0
60
0
100
AcDbLine
10
43.0358009338379
20
-7.40530014038086
30
0.0
11
43.0358009338379
21
-9.15530014038086
31
0.0
39
0.0
210
0.0
220
0.0
230
1.0
0
LINE
5
8D6
330
17
100
AcDbEntity
67
0
8
0
62
256
6
ByLayer
370
-1
48
1.0
60
0
100
AcDbLine
10
43.0358009338379
20
-9.15530014038086
30
0.0
11
44.551399230957
21
-10.0303001403809
31
0.0
39
0.0
210
0.0
220
0.0
230
1.0
0
LINE
5
8D7
330
17
100
AcDbEntity
67
0
8
0
62
256
6
ByLayer
370
-1
48
1.0
60
0
100
AcDbLine
10
44.551399230957
20
-10.0303001403809
30
0.0
11
46.0668983459473
21
-9.15530014038086
31
0.0
39
0.0
210
0.0
220
0.0
230
1.0
0
LINE
5
8D8
330
17
100
AcDbEntity
67
0
8
0
62
256
6
ByLayer
370
-1
48
1.0
60
0
100
AcDbLine
10
46.0668983459473
20
-9.15530014038086
30
0.0
11
46.0668983459473
21
-7.40530014038086
31
0.0
39
0.0
210
0.0
220
0.0
230
1.0
0
LINE
5
8D9
330
17
100
AcDbEntity
67
0
8
0
62
256
6
ByLayer
370
-1
48
1.0
60
0
100
AcDbLine
10
49.5980987548828
20
-7.40530014038086
30
0.0
11
48.0825004577637
21
-6.53030014038086
31
0.0
39
0.0
210
0.0
220
0.0
230
1.0
0
LINE
5
8DA
330
17
100
AcDbEntity
67
0
8
0
62
256
6
ByLayer
370
-1
48
1.0
60
0
100
AcDbLine
10
48.0825004577637
20
-6.53030014038086
30
0.0
11
46.5668983459473
21
-7.40530014038086
31
0.0
39
0.0
210
0.0
220
0.0
230
1.0
0
LINE
5
8DB
330
17
100
AcDbEntity
67
0
8
0
62
256
6
ByLayer
370
-1
48
1.0
60
0
100
AcDbLine
10
46.5668983459473
20
-7.40530014038086
30
0.0
11
46.5668983459473
21
-9.15530014038086
31
0.0
39
0.0
210
0.0
220
0.0
230
1.0
0
LINE
5
8DC
330
17
100
AcDbEntity
67
0
8
0
62
256
6
ByLayer
370
-1
48
1.0
60
0
100
AcDbLine
10
46.5668983459473
20
-9.15530014038086
30
0.0
11
48.0825004577637
21
-10.0303001403809
31
0.0
39
0.0
210
0.0
220
0.0
230
1.0
0
LINE
5
8DD
330
17
100
AcDbEntity
67
0
8
0
62
256
6
ByLayer
370
-1
48
1.0
60
0
100
AcDbLine
10
48.0825004577637
20
-10.0303001403809
30
0.0
11
49.5980987548828
21
-9.15530014038086
31
0.0
39
0.0
210
0.0
220
0.0
230
1.0
0
LINE
5
8DE
330
17
100
AcDbEntity
67
0
8
0
62
256
6
ByLayer
370
-1
48
1.0
60
0
100
AcDbLine
10
49.5980987548828
20
-9.15530014038086
30
0.0
11
49.5980987548828
21
-7.40530014038086
31
0.0
39
0.0
210
0.0
220
0.0
230
1.0
0
LINE
5
8DF
330
17
100
AcDbEntity
67
0
8
0
62
256
6
ByLayer
370
-1
48
1.0
60
0
100
AcDbLine
10
53.1291999816895
20
-7.40530014038086
30
0.0
11
51.6136016845703
21
-6.53030014038086
31
0.0
39
0.0
210
0.0
220
0.0
230
1.0
0
LINE
5
8E0
330
17
100
AcDbEntity
67
0
8
0
62
256
6
ByLayer
370
-1
48
1.0
60
0
100
AcDbLine
10
51.6136016845703
20
-6.53030014038086
30
0.0
11
50.0980987548828
21
-7.40530014038086
31
0.0
39
0.0
210
0.0
220
0.0
230
1.0
0
LINE
5
8E1
330
17
100
AcDbEntity
67
0
8
0
62
256
6
ByLayer
370
-1
48
1.0
60
0
100
AcDbLine
10
50.0980987548828
20
-7.40530014038086
30
0.0
11
50.0980987548828
21
-9.15530014038086
31
0.0
39
0.0
210
0.0
220
0.0
230
1.0
0
LINE
5
8E2
330
17
100
AcDbEntity
67
0
8
0
62
256
6
ByLayer
370
-1
48
1.0
60
0
100
AcDbLine
10
50.0980987548828
20
-9.15530014038086
30
0.0
11
51.6136016845703
21
-10.0303001403809
31
0.0
39
0.0
210
0.0
220
0.0
230
1.0
0
LINE
5
8E3
330
17
100
AcDbEntity
67
0
8
0
62
256
6
ByLayer
370
-1
48
1.0
60
0
100
AcDbLine
10
51.6136016845703
20
-10.0303001403809
30
0.0
11
53.1291999816895
21
-9.15530014038086
31
0.0
39
0.0
210
0.0
220
0.0
230
1.0
0
LINE
5
8E4
330
17
100
AcDbEntity
67
0
8
0
62
256
6
ByLayer
370
-1
48
1.0
60
0
100
AcDbLine
10
53.1291999816895
20
-9.15530014038086
30
0.0
11
53.1291999816895
21
-7.40530014038086
31
0.0
39
0.0
210
0.0
220
0.0
230
1.0
0
LINE
5
8E5
330
17
100
AcDbEntity
67
0
8
0
62
256
6
ByLayer
370
-1
48
1.0
60
0
100
AcDbLine
10
56.6603012084961
20
-7.40530014038086
30
0.0
11
55.1446990966797
21
-6.53030014038086
31
0.0
39
0.0
210
0.0
220
0.0
230
1.0
0
LINE
5
8E6
330
17
100
AcDbEntity
67
0
8
0
62
256
6
ByLayer
370
-1
48
1.0
60
0
100
AcDbLine
10
55.1446990966797
20
-6.53030014038086
30
0.0
11
53.6291999816895
21
-7.40530014038086
31
0.0
39
0.0
210
0.0
220
0.0
230
1.0
0
LINE
5
8E7
330
17
100
AcDbEntity
67
0
8
0
62
256
6
ByLayer
370
-1
48
1.0
60
0
100
AcDbLine
10
53.6291999816895
20
-7.40530014038086
30
0.0
11
53.6291999816895
21
-9.15530014038086
31
0.0
39
0.0
210
0.0
220
0.0
230
1.0
0
LINE
5
8E8
330
17
100
AcDbEntity
67
0
8
0
62
256
6
ByLayer
370
-1
48
1.0
60
0
100
AcDbLine
10
53.6291999816895
20
-9.15530014038086
30
0.0
11
55.1446990966797
21
-10.0303001403809
31
0.0
39
0.0
210
0.0
220
0.0
230
1.0
0
LINE
5
8E9
330
17
100
AcDbEntity
67
0
8
0
62
256
6
ByLayer
370
-1
48
1.0
60
0
100
AcDbLine
10
55.1446990966797
20
-10.0303001403809
30
0.0
11
56.6603012084961
21
-9.15530014038086
31
0.0
39
0.0
210
0.0
220
0.0
230
1.0
0
LINE
5
8EA
330
17
100
AcDbEntity
67
0
8
0
62
256
6
ByLayer
370
-1
48
1.0
60
0
100
AcDbLine
10
56.6603012084961
20
-9.15530014038086
30
0.0
11
56.6603012084961
21
-7.40530014038086
31
0.0
39
0.0
210
0.0
220
0.0
230
1.0
0
LINE
5
8EB
330
17
100
AcDbEntity
67
0
8
0
62
256
6
ByLayer
370
-1
48
1.0
60
0
100
AcDbLine
10
60.1913986206055
20
-7.40530014038086
30
0.0
11
58.6758003234863
21
-6.53030014038086
31
0.0
39
0.0
210
0.0
220
0.0
230
1.0
0
LINE
5
8EC
330
17
100
AcDbEntity
67
0
8
0
62
256
6
ByLayer
370
-1
48
1.0
60
0
100
AcDbLine
10
58.6758003234863
20
-6.53030014038086
30
0.0
11
57.1603012084961
21
-7.40530014038086
31
0.0
39
0.0
210
0.0
220
0.0
230
1.0
0
LINE
5
8ED
330
17
100
AcDbEntity
67
0
8
0
62
256
6
ByLayer
370
-1
48
1.0
60
0
100
AcDbLine
10
57.1603012084961
20
-7.40530014038086
30
0.0
11
57.1603012084961
21
-9.15530014038086
31
0.0
39
0.0
210
0.0
220
0.0
230
1.0
0
LINE
5
8EE
330
17
100
AcDbEntity
67
0
8
0
62
256
6
ByLayer
370
-1
48
1.0
60
0
100
AcDbLine
10
57.1603012084961
20
-9.15530014038086
30
0.0
11
58.6758003234863
21
-10.0303001403809
31
0.0
39
0.0
210
0.0
220
0.0
230
1.0
0
LINE
5
8EF
330
17
100
AcDbEntity
67
0
8
0
62
256
6
ByLayer
370
-1
48
1.0
60
0
100
AcDbLine
10
58.6758003234863
20
-10.0303001403809
30
0.0
11
60.1913986206055
21
-9.15530014038086
31
0.0
39
0.0
210
0.0
220
0.0
230
1.0
0
LINE
5
8F0
330
17
100
AcDbEntity
67
0
8
0
62
256
6
ByLayer
370
-1
48
1.0
60
0
100
AcDbLine
10
60.1913986206055
20
-9.15530014038086
30
0.0
11
60.1913986206055
21
-7.40530014038086
31
0.0
39
0.0
210
0.0
220
0.0
230
1.0
0
LINE
5
8F1
330
17
100
AcDbEntity
67
0
8
0
62
256
6
ByLayer
370
-1
48
1.0
60
0
100
AcDbLine
10
63.7224998474121
20
-7.40530014038086
30
0.0
11
62.2070007324219
21
-6.53030014038086
31
0.0
39
0.0
210
0.0
220
0.0
230
1.0
0
LINE
5
8F2
330
17
100
AcDbEntity
67
0
8
0
62
256
6
ByLayer
370
-1
48
1.0
60
0
100
AcDbLine
10
62.2070007324219
20
-6.53030014038086
30
0.0
11
60.6913986206055
21
-7.40530014038086
31
0.0
39
0.0
210
0.0
220
0.0
230
1.0
0
LINE
5
8F3
330
17
100
AcDbEntity
67
0
8
0
62
256
6
ByLayer
370
-1
48
1.0
60
0
100
AcDbLine
10
60.6913986206055
20
-7.40530014038086
30
0.0
11
60.6913986206055
21
-9.15530014038086
31
0.0
39
0.0
210
0.0
220
0.0
230
1.0
0
LINE
5
8F4
330
17
100
AcDbEntity
67
0
8
0
62
256
6
ByLayer
370
-1
48
1.0
60
0
100
AcDbLine
10
60.6913986206055
20
-9.15530014038086
30
0.0
11
62.2070007324219
21
-10.0303001403809
31
0.0
39
0.0
210
0.0
220
0.0
230
1.0
0
LINE
5
8F5
330
17
100
AcDbEntity
67
0
8
0
62
256
6
ByLayer
370
-1
48
1.0
60
0
100
AcDbLine
10
62.2070007324219
20
-10.0303001403809
30
0.0
11
63.7224998474121
21
-9.15530014038086
31
0.0
39
0.0
210
0.0
220
0.0
230
1.0
0
LINE
5
8F6
330
17
100
AcDbEntity
67
0
8
0
62
256
6
ByLayer
370
-1
48
1.0
60
0
100
AcDbLine
10
63.7224998474121
20
-9.15530014038086
30
0.0
11
63.7224998474121
21
-7.40530014038086
31
0.0
39
0.0
210
0.0
220
0.0
230
1.0
0
LINE
5
8F7
330
17
100
AcDbEntity
67
0
8
0
62
256
6
ByLayer
370
-1
48
1.0
60
0
100
AcDbLine
10
67.2536010742188
20
-7.40530014038086
30
0.0
11
65.7380981445313
21
-6.53030014038086
31
0.0
39
0.0
210
0.0
220
0.0
230
1.0
0
LINE
5
8F8
330
17
100
AcDbEntity
67
0
8
0
62
256
6
ByLayer
370
-1
48
1.0
60
0
100
AcDbLine
10
65.7380981445313
20
-6.53030014038086
30
0.0
11
64.2225036621094
21
-7.40530014038086
31
0.0
39
0.0
210
0.0
220
0.0
230
1.0
0
LINE
5
8F9
330
17
100
AcDbEntity
67
0
8
0
62
256
6
ByLayer
370
-1
48
1.0
60
0
100
AcDbLine
10
64.2225036621094
20
-7.40530014038086
30
0.0
11
64.2225036621094
21
-9.15530014038086
31
0.0
39
0.0
210
0.0
220
0.0
230
1.0
0
LINE
5
8FA
330
17
100
AcDbEntity
67
0
8
0
62
256
6
ByLayer
370
-1
48
1.0
60
0
100
AcDbLine
10
64.2225036621094
20
-9.15530014038086
30
0.0
11
65.7380981445313
21
-10.0303001403809
31
0.0
39
0.0
210
0.0
220
0.0
230
1.0
0
LINE
5
8FB
330
17
100
AcDbEntity
67
0
8
0
62
256
6
ByLayer
370
-1
48
1.0
60
0
100
AcDbLine
10
65.7380981445313
20
-10.0303001403809
30
0.0
11
67.2536010742188
21
-9.15530014038086
31
0.0
39
0.0
210
0.0
220
0.0
230
1.0
0
LINE
5
8FC
330
17
100
AcDbEntity
67
0
8
0
62
256
6
ByLayer
370
-1
48
1.0
60
0
100
AcDbLine
10
67.2536010742188
20
-9.15530014038086
30
0.0
11
67.2536010742188
21
-7.40530014038086
31
0.0
39
0.0
210
0.0
220
0.0
230
1.0
0
LINE
5
8FD
330
17
100
AcDbEntity
67
0
8
0
62
256
6
ByLayer
370
-1
48
1.0
60
0
100
AcDbLine
10
69.3576965332031
20
-9.87959957122803
30
0.0
11
69.2453994750977
21
-10.0165996551514
31
0.0
39
0.0
210
0.0
220
0.0
230
1.0
0
LINE
5
8FE
330
17
100
AcDbEntity
67
0
8
0
62
256
6
ByLayer
370
-1
48
1.0
60
0
100
AcDbLine
10
69.2453994750977
20
-10.0165996551514
30
0.0
11
67.7536010742188
21
-9.15530014038086
31
0.0
39
0.0
210
0.0
220
0.0
230
1.0
0
LINE
5
8FF
330
17
100
AcDbEntity
67
0
8
0
62
256
6
ByLayer
370
-1
48
1.0
60
0
100
AcDbLine
10
67.7536010742188
20
-9.15530014038086
30
0.0
11
67.7536010742188
21
-7.40530014038086
31
0.0
39
0.0
210
0.0
220
0.0
230
1.0
0
LINE
5
900
330
17
100
AcDbEntity
67
0
8
0
62
256
6
ByLayer
370
-1
48
1.0
60
0
100
AcDbLine
10
67.7536010742188
20
-7.40530014038086
30
0.0
11
69.2692031860352
21
-6.53030014038086
31
0.0
39
0.0
210
0.0
220
0.0
230
1.0
0
LINE
5
901
330
17
100
AcDbEntity
67
0
8
0
62
256
6
ByLayer
370
-1
48
1.0
60
0
100
AcDbLine
10
69.2692031860352
20
-6.53030014038086
30
0.0
11
70.7846984863281
21
-7.40530014038086
31
0.0
39
0.0
210
0.0
220
0.0
230
1.0
0
LINE
5
902
330
17
100
AcDbEntity
67
0
8
0
62
256
6
ByLayer
370
-1
48
1.0
60
0
100
AcDbLine
10
70.7846984863281
20
-7.40530014038086
30
0.0
11
70.7846984863281
21
-8.43729972839355
31
0.0
39
0.0
210
0.0
220
0.0
230
1.0
0
LINE
5
903
330
17
100
AcDbEntity
67
0
8
0
62
256
6
ByLayer
370
-1
48
1.0
60
0
100
AcDbLine
10
70.7846984863281
20
-8.43729972839355
30
0.0
11
69.3576965332031
21
-9.87959957122803
31
0.0
39
0.0
210
0.0
220
0.0
230
1.0
0
LINE
5
904
330
17
100
AcDbEntity
67
0
8
0
62
256
6
ByLayer
370
-1
48
1.0
60
0
100
AcDbLine
10
71.4456024169922
20
-7.76940011978149
30
0.0
11
71.2846984863281
21
-7.93190002441406
31
0.0
39
0.0
210
0.0
220
0.0
230
1.0
0
LINE
5
905
330
17
100
AcDbEntity
67
0
8
0
62
256
6
ByLayer
370
-1
48
1.0
60
0
100
AcDbLine
10
71.2846984863281
20
-7.93190002441406
30
0.0
11
71.2846984863281
21
-7.40530014038086
31
0.0
39
0.0
210
0.0
220
0.0
230
1.0
0
LINE
5
906
330
17
100
AcDbEntity
67
0
8
0
62
256
6
ByLayer
370
-1
48
1.0
60
0
100
AcDbLine
10
71.2846984863281
20
-7.40530014038086
30
0.0
11
72.8003005981445
21
-6.53030014038086
31
0.0
39
0.0
210
0.0
220
0.0
230
1.0
0
LINE
5
907
330
17
100
AcDbEntity
67
0
8
0
62
256
6
ByLayer
370
-1
48
1.0
60
0
100
AcDbLine
10
72.8003005981445
20
-6.53030014038086
30
0.0
11
72.8794021606445
21
-6.57590007781982
31
0.0
39
0.0
210
0.0
220
0.0
230
1.0
0
LINE
5
908
330
17
100
AcDbEntity
67
0
8
0
62
256
6
ByLayer
370
-1
48
1.0
60
0
100
AcDbLine
10
72.8794021606445
20
-6.57590007781982
30
0.0
11
71.4456024169922
21
-7.76940011978149
31
0.0
39
0.0
210
0.0
220
0.0
230
1.0
0
LINE
5
909
330
17
100
AcDbEntity
67
0
8
0
62
256
6
ByLayer
370
-1
48
1.0
60
0
100
AcDbLine
10
-38.2270011901855
20
-5.59709978103638
30
0.0
11
-38.4463996887207
21
-3.4818000793457
31
0.0
39
0.0
210
0.0
220
0.0
230
1.0
0
LINE
5
90A
330
17
100
AcDbEntity
67
0
8
0
62
256
6
ByLayer
370
-1
48
1.0
60
0
100
AcDbLine
10
-38.4463996887207
20
-3.4818000793457
30
0.0
11
-38.4297981262207
21
-3.4721999168396
31
0.0
39
0.0
210
0.0
220
0.0
230
1.0
0
LINE
5
90B
330
17
100
AcDbEntity
67
0
8
0
62
256
6
ByLayer
370
-1
48
1.0
60
0
100
AcDbLine
10
-38.4297981262207
20
-3.4721999168396
30
0.0
11
-36.9141998291016
21
-4.3471999168396
31
0.0
39
0.0
210
0.0
220
0.0
230
1.0
0
LINE
5
90C
330
17
100
AcDbEntity
67
0
8
0
62
256
6
ByLayer
370
-1
48
1.0
60
0
100
AcDbLine
10
-36.9141998291016
20
-4.3471999168396
30
0.0
11
-36.9141998291016
21
-6.09730005264282
31
0.0
39
0.0
210
0.0
220
0.0
230
1.0
0
LINE
5
90D
330
17
100
AcDbEntity
67
0
8
0
62
256
6
ByLayer
370
-1
48
1.0
60
0
100
AcDbLine
10
-36.9141998291016
20
-6.09730005264282
30
0.0
11
-38.2155990600586
21
-6.84859991073608
31
0.0
39
0.0
210
0.0
220
0.0
230
1.0
0
LINE
5
90E
330
17
100
AcDbEntity
67
0
8
0
62
256
6
ByLayer
370
-1
48
1.0
60
0
100
AcDbLine
10
-38.2155990600586
20
-6.84859991073608
30
0.0
11
-38.2270011901855
21
-5.59709978103638
31
0.0
39
0.0
210
0.0
220
0.0
230
1.0
0
LINE
5
90F
330
17
100
AcDbEntity
67
0
8
0
62
256
6
ByLayer
370
-1
48
1.0
60
0
100
AcDbLine
10
-33.3830986022949
20
-4.3471999168396
30
0.0
11
-34.8987007141113
21
-3.4721999168396
31
0.0
39
0.0
210
0.0
220
0.0
230
1.0
0
LINE
5
910
330
17
100
AcDbEntity
67
0
8
0
62
256
6
ByLayer
370
-1
48
1.0
60
0
100
AcDbLine
10
-34.8987007141113
20
-3.4721999168396
30
0.0
11
-36.4141998291016
21
-4.3471999168396
31
0.0
39
0.0
210
0.0
220
0.0
230
1.0
0
LINE
5
911
330
17
100
AcDbEntity
67
0
8
0
62
256
6
ByLayer
370
-1
48
1.0
60
0
100
AcDbLine
10
-36.4141998291016
20
-4.3471999168396
30
0.0
11
-36.4141998291016
21
-6.09730005264282
31
0.0
39
0.0
210
0.0
220
0.0
230
1.0
0
LINE
5
912
330
17
100
AcDbEntity
67
0
8
0
62
256
6
ByLayer
370
-1
48
1.0
60
0
100
AcDbLine
10
-36.4141998291016
20
-6.09730005264282
30
0.0
11
-34.8987007141113
21
-6.97230005264282
31
0.0
39
0.0
210
0.0
220
0.0
230
1.0
0
LINE
5
913
330
17
100
AcDbEntity
67
0
8
0
62
256
6
ByLayer
370
-1
48
1.0
60
0
100
AcDbLine
10
-34.8987007141113
20
-6.97230005264282
30
0.0
11
-33.3830986022949
21
-6.09730005264282
31
0.0
39
0.0
210
0.0
220
0.0
230
1.0
0
LINE
5
914
330
17
100
AcDbEntity
67
0
8
0
62
256
6
ByLayer
370
-1
48
1.0
60
0
100
AcDbLine
10
-33.3830986022949
20
-6.09730005264282
30
0.0
11
-33.3830986022949
21
-4.3471999168396
31
0.0
39
0.0
210
0.0
220
0.0
230
1.0
0
LINE
5
915
330
17
100
AcDbEntity
67
0
8
0
62
256
6
ByLayer
370
-1
48
1.0
60
0
100
AcDbLine
10
-29.8519992828369
20
-4.3471999168396
30
0.0
11
-31.3675994873047
21
-3.4721999168396
31
0.0
39
0.0
210
0.0
220
0.0
230
1.0
0
LINE
5
916
330
17
100
AcDbEntity
67
0
8
0
62
256
6
ByLayer
370
-1
48
1.0
60
0
100
AcDbLine
10
-31.3675994873047
20
-3.4721999168396
30
0.0
11
-32.8830986022949
21
-4.3471999168396
31
0.0
39
0.0
210
0.0
220
0.0
230
1.0
0
LINE
5
917
330
17
100
AcDbEntity
67
0
8
0
62
256
6
ByLayer
370
-1
48
1.0
60
0
100
AcDbLine
10
-32.8830986022949
20
-4.3471999168396
30
0.0
11
-32.8830986022949
21
-6.09730005264282
31
0.0
39
0.0
210
0.0
220
0.0
230
1.0
0
LINE
5
918
330
17
100
AcDbEntity
67
0
8
0
62
256
6
ByLayer
370
-1
48
1.0
60
0
100
AcDbLine
10
-32.8830986022949
20
-6.09730005264282
30
0.0
11
-31.3675994873047
21
-6.97230005264282
31
0.0
39
0.0
210
0.0
220
0.0
230
1.0
0
LINE
5
919
330
17
100
AcDbEntity
67
0
8
0
62
256
6
ByLayer
370
-1
48
1.0
60
0
100
AcDbLine
10
-31.3675994873047
20
-6.97230005264282
30
0.0
11
-29.8519992828369
21
-6.09730005264282
31
0.0
39
0.0
210
0.0
220
0.0
230
1.0
0
LINE
5
91A
330
17
100
AcDbEntity
67
0
8
0
62
256
6
ByLayer
370
-1
48
1.0
60
0
100
AcDbLine
10
-29.8519992828369
20
-6.09730005264282
30
0.0
11
-29.8519992828369
21
-4.3471999168396
31
0.0
39
0.0
210
0.0
220
0.0
230
1.0
0
LINE
5
91B
330
17
100
AcDbEntity
67
0
8
0
62
256
6
ByLayer
370
-1
48
1.0
60
0
100
AcDbLine
10
-26.3208999633789
20
-4.3471999168396
30
0.0
11
-27.8363990783691
21
-3.4721999168396
31
0.0
39
0.0
210
0.0
220
0.0
230
1.0
0
LINE
5
91C
330
17
100
AcDbEntity
67
0
8
0
62
256
6
ByLayer
370
-1
48
1.0
60
0
100
AcDbLine
10
-27.8363990783691
20
-3.4721999168396
30
0.0
11
-29.3519992828369
21
-4.3471999168396
31
0.0
39
0.0
210
0.0
220
0.0
230
1.0
0
LINE
5
91D
330
17
100
AcDbEntity
67
0
8
0
62
256
6
ByLayer
370
-1
48
1.0
60
0
100
AcDbLine
10
-29.3519992828369
20
-4.3471999168396
30
0.0
11
-29.3519992828369
21
-6.09730005264282
31
0.0
39
0.0
210
0.0
220
0.0
230
1.0
0
LINE
5
91E
330
17
100
AcDbEntity
67
0
8
0
62
256
6
ByLayer
370
-1
48
1.0
60
0
100
AcDbLine
10
-29.3519992828369
20
-6.09730005264282
30
0.0
11
-27.8363990783691
21
-6.97230005264282
31
0.0
39
0.0
210
0.0
220
0.0
230
1.0
0
LINE
5
91F
330
17
100
AcDbEntity
67
0
8
0
62
256
6
ByLayer
370
-1
48
1.0
60
0
100
AcDbLine
10
-27.8363990783691
20
-6.97230005264282
30
0.0
11
-26.3208999633789
21
-6.09730005264282
31
0.0
39
0.0
210
0.0
220
0.0
230
1.0
0
LINE
5
920
330
17
100
AcDbEntity
67
0
8
0
62
256
6
ByLayer
370
-1
48
1.0
60
0
100
AcDbLine
10
-26.3208999633789
20
-6.09730005264282
30
0.0
11
-26.3208999633789
21
-4.3471999168396
31
0.0
39
0.0
210
0.0
220
0.0
230
1.0
0
LINE
5
921
330
17
100
AcDbEntity
67
0
8
0
62
256
6
ByLayer
370
-1
48
1.0
60
0
100
AcDbLine
10
-22.7898006439209
20
-4.3471999168396
30
0.0
11
-24.3052997589111
21
-3.4721999168396
31
0.0
39
0.0
210
0.0
220
0.0
230
1.0
0
LINE
5
922
330
17
100
AcDbEntity
67
0
8
0
62
256
6
ByLayer
370
-1
48
1.0
60
0
100
AcDbLine
10
-24.3052997589111
20
-3.4721999168396
30
0.0
11
-25.8208999633789
21
-4.3471999168396
31
0.0
39
0.0
210
0.0
220
0.0
230
1.0
0
LINE
5
923
330
17
100
AcDbEntity
67
0
8
0
62
256
6
ByLayer
370
-1
48
1.0
60
0
100
AcDbLine
10
-25.8208999633789
20
-4.3471999168396
30
0.0
11
-25.8208999633789
21
-6.09730005264282
31
0.0
39
0.0
210
0.0
220
0.0
230
1.0
0
LINE
5
924
330
17
100
AcDbEntity
67
0
8
0
62
256
6
ByLayer
370
-1
48
1.0
60
0
100
AcDbLine
10
-25.8208999633789
20
-6.09730005264282
30
0.0
11
-24.3052997589111
21
-6.97230005264282
31
0.0
39
0.0
210
0.0
220
0.0
230
1.0
0
LINE
5
925
330
17
100
AcDbEntity
67
0
8
0
62
256
6
ByLayer
370
-1
48
1.0
60
0
100
AcDbLine
10
-24.3052997589111
20
-6.97230005264282
30
0.0
11
-22.7898006439209
21
-6.09730005264282
31
0.0
39
0.0
210
0.0
220
0.0
230
1.0
0
LINE
5
926
330
17
100
AcDbEntity
67
0
8
0
62
256
6
ByLayer
370
-1
48
1.0
60
0
100
AcDbLine
10
-22.7898006439209
20
-6.09730005264282
30
0.0
11
-22.7898006439209
21
-4.3471999168396
31
0.0
39
0.0
210
0.0
220
0.0
230
1.0
0
LINE
5
927
330
17
100
AcDbEntity
67
0
8
0
62
256
6
ByLayer
370
-1
48
1.0
60
0
100
AcDbLine
10
-19.2586994171143
20
-4.3471999168396
30
0.0
11
-20.7742004394531
21
-3.4721999168396
31
0.0
39
0.0
210
0.0
220
0.0
230
1.0
0
LINE
5
928
330
17
100
AcDbEntity
67
0
8
0
62
256
6
ByLayer
370
-1
48
1.0
60
0
100
AcDbLine
10
-20.7742004394531
20
-3.4721999168396
30
0.0
11
-22.2898006439209
21
-4.3471999168396
31
0.0
39
0.0
210
0.0
220
0.0
230
1.0
0
LINE
5
929
330
17
100
AcDbEntity
67
0
8
0
62
256
6
ByLayer
370
-1
48
1.0
60
0
100
AcDbLine
10
-22.2898006439209
20
-4.3471999168396
30
0.0
11
-22.2898006439209
21
-6.09730005264282
31
0.0
39
0.0
210
0.0
220
0.0
230
1.0
0
LINE
5
92A
330
17
100
AcDbEntity
67
0
8
0
62
256
6
ByLayer
370
-1
48
1.0
60
0
100
AcDbLine
10
-22.2898006439209
20
-6.09730005264282
30
0.0
11
-20.7742004394531
21
-6.97230005264282
31
0.0
39
0.0
210
0.0
220
0.0
230
1.0
0
LINE
5
92B
330
17
100
AcDbEntity
67
0
8
0
62
256
6
ByLayer
370
-1
48
1.0
60
0
100
AcDbLine
10
-20.7742004394531
20
-6.97230005264282
30
0.0
11
-19.2586994171143
21
-6.09730005264282
31
0.0
39
0.0
210
0.0
220
0.0
230
1.0
0
LINE
5
92C
330
17
100
AcDbEntity
67
0
8
0
62
256
6
ByLayer
370
-1
48
1.0
60
0
100
AcDbLine
10
-19.2586994171143
20
-6.09730005264282
30
0.0
11
-19.2586994171143
21
-4.3471999168396
31
0.0
39
0.0
210
0.0
220
0.0
230
1.0
0
LINE
5
92D
330
17
100
AcDbEntity
67
0
8
0
62
256
6
ByLayer
370
-1
48
1.0
60
0
100
AcDbLine
10
-17.899299621582
20
-6.59340000152588
30
0.0
11
-18.7586994171143
21
-6.09730005264282
31
0.0
39
0.0
210
0.0
220
0.0
230
1.0
0
LINE
5
92E
330
17
100
AcDbEntity
67
0
8
0
62
256
6
ByLayer
370
-1
48
1.0
60
0
100
AcDbLine
10
-18.7586994171143
20
-6.09730005264282
30
0.0
11
-18.7586994171143
21
-4.3471999168396
31
0.0
39
0.0
210
0.0
220
0.0
230
1.0
0
LINE
5
92F
330
17
100
AcDbEntity
67
0
8
0
62
256
6
ByLayer
370
-1
48
1.0
60
0
100
AcDbLine
10
-18.7586994171143
20
-4.3471999168396
30
0.0
11
-18.6693992614746
21
-4.29570007324219
31
0.0
39
0.0
210
0.0
220
0.0
230
1.0
0
LINE
5
930
330
17
100
AcDbEntity
67
0
8
0
62
256
6
ByLayer
370
-1
48
1.0
60
0
100
AcDbLine
10
-18.6693992614746
20
-4.29570007324219
30
0.0
11
-17.899299621582
21
-6.59340000152588
31
0.0
39
0.0
210
0.0
220
0.0
230
1.0
0
LINE
5
931
330
17
100
AcDbEntity
67
0
8
0
62
256
6
ByLayer
370
-1
48
1.0
60
0
100
AcDbLine
10
-4.4886999130249
20
-4.26319980621338
30
0.0
11
-3.1185998916626
21
-3.4721999168396
31
0.0
39
0.0
210
0.0
220
0.0
230
1.0
0
LINE
5
932
330
17
100
AcDbEntity
67
0
8
0
62
256
6
ByLayer
370
-1
48
1.0
60
0
100
AcDbLine
10
-3.1185998916626
20
-3.4721999168396
30
0.0
11
-1.60309994220734
21
-4.3471999168396
31
0.0
39
0.0
210
0.0
220
0.0
230
1.0
0
LINE
5
933
330
17
100
AcDbEntity
67
0
8
0
62
256
6
ByLayer
370
-1
48
1.0
60
0
100
AcDbLine
10
-1.60309994220734
20
-4.3471999168396
30
0.0
11
-1.60309994220734
21
-6.09730005264282
31
0.0
39
0.0
210
0.0
220
0.0
230
1.0
0
LINE
5
934
330
17
100
AcDbEntity
67
0
8
0
62
256
6
ByLayer
370
-1
48
1.0
60
0
100
AcDbLine
10
-1.60309994220734
20
-6.09730005264282
30
0.0
11
-3.1185998916626
21
-6.97230005264282
31
0.0
39
0.0
210
0.0
220
0.0
230
1.0
0
LINE
5
935
330
17
100
AcDbEntity
67
0
8
0
62
256
6
ByLayer
370
-1
48
1.0
60
0
100
AcDbLine
10
-3.1185998916626
20
-6.97230005264282
30
0.0
11
-3.41120004653931
21
-6.80329990386963
31
0.0
39
0.0
210
0.0
220
0.0
230
1.0
0
LINE
5
936
330
17
100
AcDbEntity
67
0
8
0
62
256
6
ByLayer
370
-1
48
1.0
60
0
100
AcDbLine
10
-3.41120004653931
20
-6.80329990386963
30
0.0
11
-4.4886999130249
21
-4.26319980621338
31
0.0
39
0.0
210
0.0
220
0.0
230
1.0
0
LINE
5
937
330
17
100
AcDbEntity
67
0
8
0
62
256
6
ByLayer
370
-1
48
1.0
60
0
100
AcDbLine
10
1.92799997329712
20
-4.3471999168396
30
0.0
11
0.412499994039536
21
-3.4721999168396
31
0.0
39
0.0
210
0.0
220
0.0
230
1.0
0
LINE
5
938
330
17
100
AcDbEntity
67
0
8
0
62
256
6
ByLayer
370
-1
48
1.0
60
0
100
AcDbLine
10
0.412499994039536
20
-3.4721999168396
30
0.0
11
-1.10309994220734
21
-4.3471999168396
31
0.0
39
0.0
210
0.0
220
0.0
230
1.0
0
LINE
5
939
330
17
100
AcDbEntity
67
0
8
0
62
256
6
ByLayer
370
-1
48
1.0
60
0
100
AcDbLine
10
-1.10309994220734
20
-4.3471999168396
30
0.0
11
-1.10309994220734
21
-6.09730005264282
31
0.0
39
0.0
210
0.0
220
0.0
230
1.0
0
LINE
5
93A
330
17
100
AcDbEntity
67
0
8
0
62
256
6
ByLayer
370
-1
48
1.0
60
0
100
AcDbLine
10
-1.10309994220734
20
-6.09730005264282
30
0.0
11
0.412499994039536
21
-6.97230005264282
31
0.0
39
0.0
210
0.0
220
0.0
230
1.0
0
LINE
5
93B
330
17
100
AcDbEntity
67
0
8
0
62
256
6
ByLayer
370
-1
48
1.0
60
0
100
AcDbLine
10
0.412499994039536
20
-6.97230005264282
30
0.0
11
1.92799997329712
21
-6.09730005264282
31
0.0
39
0.0
210
0.0
220
0.0
230
1.0
0
LINE
5
93C
330
17
100
AcDbEntity
67
0
8
0
62
256
6
ByLayer
370
-1
48
1.0
60
0
100
AcDbLine
10
1.92799997329712
20
-6.09730005264282
30
0.0
11
1.92799997329712
21
-4.3471999168396
31
0.0
39
0.0
210
0.0
220
0.0
230
1.0
0
LINE
5
93D
330
17
100
AcDbEntity
67
0
8
0
62
256
6
ByLayer
370
-1
48
1.0
60
0
100
AcDbLine
10
5.45909976959229
20
-4.3471999168396
30
0.0
11
3.94359993934631
21
-3.4721999168396
31
0.0
39
0.0
210
0.0
220
0.0
230
1.0
0
LINE
5
93E
330
17
100
AcDbEntity
67
0
8
0
62
256
6
ByLayer
370
-1
48
1.0
60
0
100
AcDbLine
10
3.94359993934631
20
-3.4721999168396
30
0.0
11
2.42799997329712
21
-4.3471999168396
31
0.0
39
0.0
210
0.0
220
0.0
230
1.0
0
LINE
5
93F
330
17
100
AcDbEntity
67
0
8
0
62
256
6
ByLayer
370
-1
48
1.0
60
0
100
AcDbLine
10
2.42799997329712
20
-4.3471999168396
30
0.0
11
2.42799997329712
21
-6.09730005264282
31
0.0
39
0.0
210
0.0
220
0.0
230
1.0
0
LINE
5
940
330
17
100
AcDbEntity
67
0
8
0
62
256
6
ByLayer
370
-1
48
1.0
60
0
100
AcDbLine
10
2.42799997329712
20
-6.09730005264282
30
0.0
11
3.94359993934631
21
-6.97230005264282
31
0.0
39
0.0
210
0.0
220
0.0
230
1.0
0
LINE
5
941
330
17
100
AcDbEntity
67
0
8
0
62
256
6
ByLayer
370
-1
48
1.0
60
0
100
AcDbLine
10
3.94359993934631
20
-6.97230005264282
30
0.0
11
5.45909976959229
21
-6.09730005264282
31
0.0
39
0.0
210
0.0
220
0.0
230
1.0
0
LINE
5
942
330
17
100
AcDbEntity
67
0
8
0
62
256
6
ByLayer
370
-1
48
1.0
60
0
100
AcDbLine
10
5.45909976959229
20
-6.09730005264282
30
0.0
11
5.45909976959229
21
-4.3471999168396
31
0.0
39
0.0
210
0.0
220
0.0
230
1.0
0
LINE
5
943
330
17
100
AcDbEntity
67
0
8
0
62
256
6
ByLayer
370
-1
48
1.0
60
0
100
AcDbLine
10
8.99030017852783
20
-4.3471999168396
30
0.0
11
7.47469997406006
21
-3.4721999168396
31
0.0
39
0.0
210
0.0
220
0.0
230
1.0
0
LINE
5
944
330
17
100
AcDbEntity
67
0
8
0
62
256
6
ByLayer
370
-1
48
1.0
60
0
100
AcDbLine
10
7.47469997406006
20
-3.4721999168396
30
0.0
11
5.95909976959229
21
-4.3471999168396
31
0.0
39
0.0
210
0.0
220
0.0
230
1.0
0
LINE
5
945
330
17
100
AcDbEntity
67
0
8
0
62
256
6
ByLayer
370
-1
48
1.0
60
0
100
AcDbLine
10
5.95909976959229
20
-4.3471999168396
30
0.0
11
5.95909976959229
21
-6.09730005264282
31
0.0
39
0.0
210
0.0
220
0.0
230
1.0
0
LINE
5
946
330
17
100
AcDbEntity
67
0
8
0
62
256
6
ByLayer
370
-1
48
1.0
60
0
100
AcDbLine
10
5.95909976959229
20
-6.09730005264282
30
0.0
11
7.47469997406006
21
-6.97230005264282
31
0.0
39
0.0
210
0.0
220
0.0
230
1.0
0
LINE
5
947
330
17
100
AcDbEntity
67
0
8
0
62
256
6
ByLayer
370
-1
48
1.0
60
0
100
AcDbLine
10
7.47469997406006
20
-6.97230005264282
30
0.0
11
8.99030017852783
21
-6.09730005264282
31
0.0
39
0.0
210
0.0
220
0.0
230
1.0
0
LINE
5
948
330
17
100
AcDbEntity
67
0
8
0
62
256
6
ByLayer
370
-1
48
1.0
60
0
100
AcDbLine
10
8.99030017852783
20
-6.09730005264282
30
0.0
11
8.99030017852783
21
-4.3471999168396
31
0.0
39
0.0
210
0.0
220
0.0
230
1.0
0
LINE
5
949
330
17
100
AcDbEntity
67
0
8
0
62
256
6
ByLayer
370
-1
48
1.0
60
0
100
AcDbLine
10
12.5214004516602
20
-4.3471999168396
30
0.0
11
11.0058002471924
21
-3.4721999168396
31
0.0
39
0.0
210
0.0
220
0.0
230
1.0
0
LINE
5
94A
330
17
100
AcDbEntity
67
0
8
0
62
256
6
ByLayer
370
-1
48
1.0
60
0
100
AcDbLine
10
11.0058002471924
20
-3.4721999168396
30
0.0
11
9.49030017852783
21
-4.3471999168396
31
0.0
39
0.0
210
0.0
220
0.0
230
1.0
0
LINE
5
94B
330
17
100
AcDbEntity
67
0
8
0
62
256
6
ByLayer
370
-1
48
1.0
60
0
100
AcDbLine
10
9.49030017852783
20
-4.3471999168396
30
0.0
11
9.49030017852783
21
-6.09730005264282
31
0.0
39
0.0
210
0.0
220
0.0
230
1.0
0
LINE
5
94C
330
17
100
AcDbEntity
67
0
8
0
62
256
6
ByLayer
370
-1
48
1.0
60
0
100
AcDbLine
10
9.49030017852783
20
-6.09730005264282
30
0.0
11
11.0058002471924
21
-6.97230005264282
31
0.0
39
0.0
210
0.0
220
0.0
230
1.0
0
LINE
5
94D
330
17
100
AcDbEntity
67
0
8
0
62
256
6
ByLayer
370
-1
48
1.0
60
0
100
AcDbLine
10
11.0058002471924
20
-6.97230005264282
30
0.0
11
12.5214004516602
21
-6.09730005264282
31
0.0
39
0.0
210
0.0
220
0.0
230
1.0
0
LINE
5
94E
330
17
100
AcDbEntity
67
0
8
0
62
256
6
ByLayer
370
-1
48
1.0
60
0
100
AcDbLine
10
12.5214004516602
20
-6.09730005264282
30
0.0
11
12.5214004516602
21
-4.3471999168396
31
0.0
39
0.0
210
0.0
220
0.0
230
1.0
0
LINE
5
94F
330
17
100
AcDbEntity
67
0
8
0
62
256
6
ByLayer
370
-1
48
1.0
60
0
100
AcDbLine
10
16.0524997711182
20
-4.3471999168396
30
0.0
11
14.5368995666504
21
-3.4721999168396
31
0.0
39
0.0
210
0.0
220
0.0
230
1.0
0
LINE
5
950
330
17
100
AcDbEntity
67
0
8
0
62
256
6
ByLayer
370
-1
48
1.0
60
0
100
AcDbLine
10
14.5368995666504
20
-3.4721999168396
30
0.0
11
13.0214004516602
21
-4.3471999168396
31
0.0
39
0.0
210
0.0
220
0.0
230
1.0
0
LINE
5
951
330
17
100
AcDbEntity
67
0
8
0
62
256
6
ByLayer
370
-1
48
1.0
60
0
100
AcDbLine
10
13.0214004516602
20
-4.3471999168396
30
0.0
11
13.0214004516602
21
-6.09730005264282
31
0.0
39
0.0
210
0.0
220
0.0
230
1.0
0
LINE
5
952
330
17
100
AcDbEntity
67
0
8
0
62
256
6
ByLayer
370
-1
48
1.0
60
0
100
AcDbLine
10
13.0214004516602
20
-6.09730005264282
30
0.0
11
14.5368995666504
21
-6.97230005264282
31
0.0
39
0.0
210
0.0
220
0.0
230
1.0
0
LINE
5
953
330
17
100
AcDbEntity
67
0
8
0
62
256
6
ByLayer
370
-1
48
1.0
60
0
100
AcDbLine
10
14.5368995666504
20
-6.97230005264282
30
0.0
11
16.0524997711182
21
-6.09730005264282
31
0.0
39
0.0
210
0.0
220
0.0
230
1.0
0
LINE
5
954
330
17
100
AcDbEntity
67
0
8
0
62
256
6
ByLayer
370
-1
48
1.0
60
0
100
AcDbLine
10
16.0524997711182
20
-6.09730005264282
30
0.0
11
16.0524997711182
21
-4.3471999168396
31
0.0
39
0.0
210
0.0
220
0.0
230
1.0
0
LINE
5
955
330
17
100
AcDbEntity
67
0
8
0
62
256
6
ByLayer
370
-1
48
1.0
60
0
100
AcDbLine
10
19.5835990905762
20
-4.3471999168396
30
0.0
11
18.068000793457
21
-3.4721999168396
31
0.0
39
0.0
210
0.0
220
0.0
230
1.0
0
LINE
5
956
330
17
100
AcDbEntity
67
0
8
0
62
256
6
ByLayer
370
-1
48
1.0
60
0
100
AcDbLine
10
18.068000793457
20
-3.4721999168396
30
0.0
11
16.5524997711182
21
-4.3471999168396
31
0.0
39
0.0
210
0.0
220
0.0
230
1.0
0
LINE
5
957
330
17
100
AcDbEntity
67
0
8
0
62
256
6
ByLayer
370
-1
48
1.0
60
0
100
AcDbLine
10
16.5524997711182
20
-4.3471999168396
30
0.0
11
16.5524997711182
21
-6.09730005264282
31
0.0
39
0.0
210
0.0
220
0.0
230
1.0
0
LINE
5
958
330
17
100
AcDbEntity
67
0
8
0
62
256
6
ByLayer
370
-1
48
1.0
60
0
100
AcDbLine
10
16.5524997711182
20
-6.09730005264282
30
0.0
11
18.068000793457
21
-6.97230005264282
31
0.0
39
0.0
210
0.0
220
0.0
230
1.0
0
LINE
5
959
330
17
100
AcDbEntity
67
0
8
0
62
256
6
ByLayer
370
-1
48
1.0
60
0
100
AcDbLine
10
18.068000793457
20
-6.97230005264282
30
0.0
11
19.5835990905762
21
-6.09730005264282
31
0.0
39
0.0
210
0.0
220
0.0
230
1.0
0
LINE
5
95A
330
17
100
AcDbEntity
67
0
8
0
62
256
6
ByLayer
370
-1
48
1.0
60
0
100
AcDbLine
10
19.5835990905762
20
-6.09730005264282
30
0.0
11
19.5835990905762
21
-4.3471999168396
31
0.0
39
0.0
210
0.0
220
0.0
230
1.0
0
LINE
5
95B
330
17
100
AcDbEntity
67
0
8
0
62
256
6
ByLayer
370
-1
48
1.0
60
0
100
AcDbLine
10
23.0090999603271
20
-6.15819978713989
30
0.0
11
21.5991992950439
21
-6.97230005264282
31
0.0
39
0.0
210
0.0
220
0.0
230
1.0
0
LINE
5
95C
330
17
100
AcDbEntity
67
0
8
0
62
256
6
ByLayer
370
-1
48
1.0
60
0
100
AcDbLine
10
21.5991992950439
20
-6.97230005264282
30
0.0
11
20.0835990905762
21
-6.09730005264282
31
0.0
39
0.0
210
0.0
220
0.0
230
1.0
0
LINE
5
95D
330
17
100
AcDbEntity
67
0
8
0
62
256
6
ByLayer
370
-1
48
1.0
60
0
100
AcDbLine
10
20.0835990905762
20
-6.09730005264282
30
0.0
11
20.0835990905762
21
-4.3471999168396
31
0.0
39
0.0
210
0.0
220
0.0
230
1.0
0
LINE
5
95E
330
17
100
AcDbEntity
67
0
8
0
62
256
6
ByLayer
370
-1
48
1.0
60
0
100
AcDbLine
10
20.0835990905762
20
-4.3471999168396
30
0.0
11
21.5991992950439
21
-3.4721999168396
31
0.0
39
0.0
210
0.0
220
0.0
230
1.0
0
LINE
5
95F
330
17
100
AcDbEntity
67
0
8
0
62
256
6
ByLayer
370
-1
48
1.0
60
0
100
AcDbLine
10
21.5991992950439
20
-3.4721999168396
30
0.0
11
23.0151996612549
21
-4.28980016708374
31
0.0
39
0.0
210
0.0
220
0.0
230
1.0
0
LINE
5
960
330
17
100
AcDbEntity
67
0
8
0
62
256
6
ByLayer
370
-1
48
1.0
60
0
100
AcDbLine
10
23.0151996612549
20
-4.28980016708374
30
0.0
11
23.0090999603271
21
-6.15819978713989
31
0.0
39
0.0
210
0.0
220
0.0
230
1.0
0
LINE
5
961
330
17
100
AcDbEntity
67
0
8
0
62
256
6
ByLayer
370
-1
48
1.0
60
0
100
AcDbLine
10
44.301399230957
20
-4.3471999168396
30
0.0
11
42.7858009338379
21
-3.4721999168396
31
0.0
39
0.0
210
0.0
220
0.0
230
1.0
0
LINE
5
962
330
17
100
AcDbEntity
67
0
8
0
62
256
6
ByLayer
370
-1
48
1.0
60
0
100
AcDbLine
10
42.7858009338379
20
-3.4721999168396
30
0.0
11
41.2703018188477
21
-4.3471999168396
31
0.0
39
0.0
210
0.0
220
0.0
230
1.0
0
LINE
5
963
330
17
100
AcDbEntity
67
0
8
0
62
256
6
ByLayer
370
-1
48
1.0
60
0
100
AcDbLine
10
41.2703018188477
20
-4.3471999168396
30
0.0
11
41.2703018188477
21
-6.09730005264282
31
0.0
39
0.0
210
0.0
220
0.0
230
1.0
0
LINE
5
964
330
17
100
AcDbEntity
67
0
8
0
62
256
6
ByLayer
370
-1
48
1.0
60
0
100
AcDbLine
10
41.2703018188477
20
-6.09730005264282
30
0.0
11
42.7858009338379
21
-6.97230005264282
31
0.0
39
0.0
210
0.0
220
0.0
230
1.0
0
LINE
5
965
330
17
100
AcDbEntity
67
0
8
0
62
256
6
ByLayer
370
-1
48
1.0
60
0
100
AcDbLine
10
42.7858009338379
20
-6.97230005264282
30
0.0
11
44.301399230957
21
-6.09730005264282
31
0.0
39
0.0
210
0.0
220
0.0
230
1.0
0
LINE
5
966
330
17
100
AcDbEntity
67
0
8
0
62
256
6
ByLayer
370
-1
48
1.0
60
0
100
AcDbLine
10
44.301399230957
20
-6.09730005264282
30
0.0
11
44.301399230957
21
-4.3471999168396
31
0.0
39
0.0
210
0.0
220
0.0
230
1.0
0
LINE
5
967
330
17
100
AcDbEntity
67
0
8
0
62
256
6
ByLayer
370
-1
48
1.0
60
0
100
AcDbLine
10
47.8325004577637
20
-4.3471999168396
30
0.0
11
46.3168983459473
21
-3.4721999168396
31
0.0
39
0.0
210
0.0
220
0.0
230
1.0
0
LINE
5
968
330
17
100
AcDbEntity
67
0
8
0
62
256
6
ByLayer
370
-1
48
1.0
60
0
100
AcDbLine
10
46.3168983459473
20
-3.4721999168396
30
0.0
11
44.801399230957
21
-4.3471999168396
31
0.0
39
0.0
210
0.0
220
0.0
230
1.0
0
LINE
5
969
330
17
100
AcDbEntity
67
0
8
0
62
256
6
ByLayer
370
-1
48
1.0
60
0
100
AcDbLine
10
44.801399230957
20
-4.3471999168396
30
0.0
11
44.801399230957
21
-6.09730005264282
31
0.0
39
0.0
210
0.0
220
0.0
230
1.0
0
LINE
5
96A
330
17
100
AcDbEntity
67
0
8
0
62
256
6
ByLayer
370
-1
48
1.0
60
0
100
AcDbLine
10
44.801399230957
20
-6.09730005264282
30
0.0
11
46.3168983459473
21
-6.97230005264282
31
0.0
39
0.0
210
0.0
220
0.0
230
1.0
0
LINE
5
96B
330
17
100
AcDbEntity
67
0
8
0
62
256
6
ByLayer
370
-1
48
1.0
60
0
100
AcDbLine
10
46.3168983459473
20
-6.97230005264282
30
0.0
11
47.8325004577637
21
-6.09730005264282
31
0.0
39
0.0
210
0.0
220
0.0
230
1.0
0
LINE
5
96C
330
17
100
AcDbEntity
67
0
8
0
62
256
6
ByLayer
370
-1
48
1.0
60
0
100
AcDbLine
10
47.8325004577637
20
-6.09730005264282
30
0.0
11
47.8325004577637
21
-4.3471999168396
31
0.0
39
0.0
210
0.0
220
0.0
230
1.0
0
LINE
5
96D
330
17
100
AcDbEntity
67
0
8
0
62
256
6
ByLayer
370
-1
48
1.0
60
0
100
AcDbLine
10
51.3636016845703
20
-4.3471999168396
30
0.0
11
49.8480987548828
21
-3.4721999168396
31
0.0
39
0.0
210
0.0
220
0.0
230
1.0
0
LINE
5
96E
330
17
100
AcDbEntity
67
0
8
0
62
256
6
ByLayer
370
-1
48
1.0
60
0
100
AcDbLine
10
49.8480987548828
20
-3.4721999168396
30
0.0
11
48.3325004577637
21
-4.3471999168396
31
0.0
39
0.0
210
0.0
220
0.0
230
1.0
0
LINE
5
96F
330
17
100
AcDbEntity
67
0
8
0
62
256
6
ByLayer
370
-1
48
1.0
60
0
100
AcDbLine
10
48.3325004577637
20
-4.3471999168396
30
0.0
11
48.3325004577637
21
-6.09730005264282
31
0.0
39
0.0
210
0.0
220
0.0
230
1.0
0
LINE
5
970
330
17
100
AcDbEntity
67
0
8
0
62
256
6
ByLayer
370
-1
48
1.0
60
0
100
AcDbLine
10
48.3325004577637
20
-6.09730005264282
30
0.0
11
49.8480987548828
21
-6.97230005264282
31
0.0
39
0.0
210
0.0
220
0.0
230
1.0
0
LINE
5
971
330
17
100
AcDbEntity
67
0
8
0
62
256
6
ByLayer
370
-1
48
1.0
60
0
100
AcDbLine
10
49.8480987548828
20
-6.97230005264282
30
0.0
11
51.3636016845703
21
-6.09730005264282
31
0.0
39
0.0
210
0.0
220
0.0
230
1.0
0
LINE
5
972
330
17
100
AcDbEntity
67
0
8
0
62
256
6
ByLayer
370
-1
48
1.0
60
0
100
AcDbLine
10
51.3636016845703
20
-6.09730005264282
30
0.0
11
51.3636016845703
21
-4.3471999168396
31
0.0
39
0.0
210
0.0
220
0.0
230
1.0
0
LINE
5
973
330
17
100
AcDbEntity
67
0
8
0
62
256
6
ByLayer
370
-1
48
1.0
60
0
100
AcDbLine
10
54.8946990966797
20
-4.3471999168396
30
0.0
11
53.3791999816895
21
-3.4721999168396
31
0.0
39
0.0
210
0.0
220
0.0
230
1.0
0
LINE
5
974
330
17
100
AcDbEntity
67
0
8
0
62
256
6
ByLayer
370
-1
48
1.0
60
0
100
AcDbLine
10
53.3791999816895
20
-3.4721999168396
30
0.0
11
51.8636016845703
21
-4.3471999168396
31
0.0
39
0.0
210
0.0
220
0.0
230
1.0
0
LINE
5
975
330
17
100
AcDbEntity
67
0
8
0
62
256
6
ByLayer
370
-1
48
1.0
60
0
100
AcDbLine
10
51.8636016845703
20
-4.3471999168396
30
0.0
11
51.8636016845703
21
-6.09730005264282
31
0.0
39
0.0
210
0.0
220
0.0
230
1.0
0
LINE
5
976
330
17
100
AcDbEntity
67
0
8
0
62
256
6
ByLayer
370
-1
48
1.0
60
0
100
AcDbLine
10
51.8636016845703
20
-6.09730005264282
30
0.0
11
53.3791999816895
21
-6.97230005264282
31
0.0
39
0.0
210
0.0
220
0.0
230
1.0
0
LINE
5
977
330
17
100
AcDbEntity
67
0
8
0
62
256
6
ByLayer
370
-1
48
1.0
60
0
100
AcDbLine
10
53.3791999816895
20
-6.97230005264282
30
0.0
11
54.8946990966797
21
-6.09730005264282
31
0.0
39
0.0
210
0.0
220
0.0
230
1.0
0
LINE
5
978
330
17
100
AcDbEntity
67
0
8
0
62
256
6
ByLayer
370
-1
48
1.0
60
0
100
AcDbLine
10
54.8946990966797
20
-6.09730005264282
30
0.0
11
54.8946990966797
21
-4.3471999168396
31
0.0
39
0.0
210
0.0
220
0.0
230
1.0
0
LINE
5
979
330
17
100
AcDbEntity
67
0
8
0
62
256
6
ByLayer
370
-1
48
1.0
60
0
100
AcDbLine
10
58.4258003234863
20
-4.3471999168396
30
0.0
11
56.9103012084961
21
-3.4721999168396
31
0.0
39
0.0
210
0.0
220
0.0
230
1.0
0
LINE
5
97A
330
17
100
AcDbEntity
67
0
8
0
62
256
6
ByLayer
370
-1
48
1.0
60
0
100
AcDbLine
10
56.9103012084961
20
-3.4721999168396
30
0.0
11
55.3946990966797
21
-4.3471999168396
31
0.0
39
0.0
210
0.0
220
0.0
230
1.0
0
LINE
5
97B
330
17
100
AcDbEntity
67
0
8
0
62
256
6
ByLayer
370
-1
48
1.0
60
0
100
AcDbLine
10
55.3946990966797
20
-4.3471999168396
30
0.0
11
55.3946990966797
21
-6.09730005264282
31
0.0
39
0.0
210
0.0
220
0.0
230
1.0
0
LINE
5
97C
330
17
100
AcDbEntity
67
0
8
0
62
256
6
ByLayer
370
-1
48
1.0
60
0
100
AcDbLine
10
55.3946990966797
20
-6.09730005264282
30
0.0
11
56.9103012084961
21
-6.97230005264282
31
0.0
39
0.0
210
0.0
220
0.0
230
1.0
0
LINE
5
97D
330
17
100
AcDbEntity
67
0
8
0
62
256
6
ByLayer
370
-1
48
1.0
60
0
100
AcDbLine
10
56.9103012084961
20
-6.97230005264282
30
0.0
11
58.4258003234863
21
-6.09730005264282
31
0.0
39
0.0
210
0.0
220
0.0
230
1.0
0
LINE
5
97E
330
17
100
AcDbEntity
67
0
8
0
62
256
6
ByLayer
370
-1
48
1.0
60
0
100
AcDbLine
10
58.4258003234863
20
-6.09730005264282
30
0.0
11
58.4258003234863
21
-4.3471999168396
31
0.0
39
0.0
210
0.0
220
0.0
230
1.0
0
LINE
5
97F
330
17
100
AcDbEntity
67
0
8
0
62
256
6
ByLayer
370
-1
48
1.0
60
0
100
AcDbLine
10
61.9570007324219
20
-4.3471999168396
30
0.0
11
60.4413986206055
21
-3.4721999168396
31
0.0
39
0.0
210
0.0
220
0.0
230
1.0
0
LINE
5
980
330
17
100
AcDbEntity
67
0
8
0
62
256
6
ByLayer
370
-1
48
1.0
60
0
100
AcDbLine
10
60.4413986206055
20
-3.4721999168396
30
0.0
11
58.9258003234863
21
-4.3471999168396
31
0.0
39
0.0
210
0.0
220
0.0
230
1.0
0
LINE
5
981
330
17
100
AcDbEntity
67
0
8
0
62
256
6
ByLayer
370
-1
48
1.0
60
0
100
AcDbLine
10
58.9258003234863
20
-4.3471999168396
30
0.0
11
58.9258003234863
21
-6.09730005264282
31
0.0
39
0.0
210
0.0
220
0.0
230
1.0
0
LINE
5
982
330
17
100
AcDbEntity
67
0
8
0
62
256
6
ByLayer
370
-1
48
1.0
60
0
100
AcDbLine
10
58.9258003234863
20
-6.09730005264282
30
0.0
11
60.4413986206055
21
-6.97230005264282
31
0.0
39
0.0
210
0.0
220
0.0
230
1.0
0
LINE
5
983
330
17
100
AcDbEntity
67
0
8
0
62
256
6
ByLayer
370
-1
48
1.0
60
0
100
AcDbLine
10
60.4413986206055
20
-6.97230005264282
30
0.0
11
61.9570007324219
21
-6.09730005264282
31
0.0
39
0.0
210
0.0
220
0.0
230
1.0
0
LINE
5
984
330
17
100
AcDbEntity
67
0
8
0
62
256
6
ByLayer
370
-1
48
1.0
60
0
100
AcDbLine
10
61.9570007324219
20
-6.09730005264282
30
0.0
11
61.9570007324219
21
-4.3471999168396
31
0.0
39
0.0
210
0.0
220
0.0
230
1.0
0
LINE
5
985
330
17
100
AcDbEntity
67
0
8
0
62
256
6
ByLayer
370
-1
48
1.0
60
0
100
AcDbLine
10
65.4880981445313
20
-4.3471999168396
30
0.0
11
63.9724998474121
21
-3.4721999168396
31
0.0
39
0.0
210
0.0
220
0.0
230
1.0
0
LINE
5
986
330
17
100
AcDbEntity
67
0
8
0
62
256
6
ByLayer
370
-1
48
1.0
60
0
100
AcDbLine
10
63.9724998474121
20
-3.4721999168396
30
0.0
11
62.4570007324219
21
-4.3471999168396
31
0.0
39
0.0
210
0.0
220
0.0
230
1.0
0
LINE
5
987
330
17
100
AcDbEntity
67
0
8
0
62
256
6
ByLayer
370
-1
48
1.0
60
0
100
AcDbLine
10
62.4570007324219
20
-4.3471999168396
30
0.0
11
62.4570007324219
21
-6.09730005264282
31
0.0
39
0.0
210
0.0
220
0.0
230
1.0
0
LINE
5
988
330
17
100
AcDbEntity
67
0
8
0
62
256
6
ByLayer
370
-1
48
1.0
60
0
100
AcDbLine
10
62.4570007324219
20
-6.09730005264282
30
0.0
11
63.9724998474121
21
-6.97230005264282
31
0.0
39
0.0
210
0.0
220
0.0
230
1.0
0
LINE
5
989
330
17
100
AcDbEntity
67
0
8
0
62
256
6
ByLayer
370
-1
48
1.0
60
0
100
AcDbLine
10
63.9724998474121
20
-6.97230005264282
30
0.0
11
65.4880981445313
21
-6.09730005264282
31
0.0
39
0.0
210
0.0
220
0.0
230
1.0
0
LINE
5
98A
330
17
100
AcDbEntity
67
0
8
0
62
256
6
ByLayer
370
-1
48
1.0
60
0
100
AcDbLine
10
65.4880981445313
20
-6.09730005264282
30
0.0
11
65.4880981445313
21
-4.3471999168396
31
0.0
39
0.0
210
0.0
220
0.0
230
1.0
0
LINE
5
98B
330
17
100
AcDbEntity
67
0
8
0
62
256
6
ByLayer
370
-1
48
1.0
60
0
100
AcDbLine
10
69.0192031860352
20
-4.3471999168396
30
0.0
11
67.5036010742188
21
-3.4721999168396
31
0.0
39
0.0
210
0.0
220
0.0
230
1.0
0
LINE
5
98C
330
17
100
AcDbEntity
67
0
8
0
62
256
6
ByLayer
370
-1
48
1.0
60
0
100
AcDbLine
10
67.5036010742188
20
-3.4721999168396
30
0.0
11
65.9880981445313
21
-4.3471999168396
31
0.0
39
0.0
210
0.0
220
0.0
230
1.0
0
LINE
5
98D
330
17
100
AcDbEntity
67
0
8
0
62
256
6
ByLayer
370
-1
48
1.0
60
0
100
AcDbLine
10
65.9880981445313
20
-4.3471999168396
30
0.0
11
65.9880981445313
21
-6.09730005264282
31
0.0
39
0.0
210
0.0
220
0.0
230
1.0
0
LINE
5
98E
330
17
100
AcDbEntity
67
0
8
0
62
256
6
ByLayer
370
-1
48
1.0
60
0
100
AcDbLine
10
65.9880981445313
20
-6.09730005264282
30
0.0
11
67.5036010742188
21
-6.97230005264282
31
0.0
39
0.0
210
0.0
220
0.0
230
1.0
0
LINE
5
98F
330
17
100
AcDbEntity
67
0
8
0
62
256
6
ByLayer
370
-1
48
1.0
60
0
100
AcDbLine
10
67.5036010742188
20
-6.97230005264282
30
0.0
11
69.0192031860352
21
-6.09730005264282
31
0.0
39
0.0
210
0.0
220
0.0
230
1.0
0
LINE
5
990
330
17
100
AcDbEntity
67
0
8
0
62
256
6
ByLayer
370
-1
48
1.0
60
0
100
AcDbLine
10
69.0192031860352
20
-6.09730005264282
30
0.0
11
69.0192031860352
21
-4.3471999168396
31
0.0
39
0.0
210
0.0
220
0.0
230
1.0
0
LINE
5
991
330
17
100
AcDbEntity
67
0
8
0
62
256
6
ByLayer
370
-1
48
1.0
60
0
100
AcDbLine
10
72.5503005981445
20
-4.3471999168396
30
0.0
11
71.0346984863281
21
-3.4721999168396
31
0.0
39
0.0
210
0.0
220
0.0
230
1.0
0
LINE
5
992
330
17
100
AcDbEntity
67
0
8
0
62
256
6
ByLayer
370
-1
48
1.0
60
0
100
AcDbLine
10
71.0346984863281
20
-3.4721999168396
30
0.0
11
69.5192031860352
21
-4.3471999168396
31
0.0
39
0.0
210
0.0
220
0.0
230
1.0
0
LINE
5
993
330
17
100
AcDbEntity
67
0
8
0
62
256
6
ByLayer
370
-1
48
1.0
60
0
100
AcDbLine
10
69.5192031860352
20
-4.3471999168396
30
0.0
11
69.5192031860352
21
-6.09730005264282
31
0.0
39
0.0
210
0.0
220
0.0
230
1.0
0
LINE
5
994
330
17
100
AcDbEntity
67
0
8
0
62
256
6
ByLayer
370
-1
48
1.0
60
0
100
AcDbLine
10
69.5192031860352
20
-6.09730005264282
30
0.0
11
71.0346984863281
21
-6.97230005264282
31
0.0
39
0.0
210
0.0
220
0.0
230
1.0
0
LINE
5
995
330
17
100
AcDbEntity
67
0
8
0
62
256
6
ByLayer
370
-1
48
1.0
60
0
100
AcDbLine
10
71.0346984863281
20
-6.97230005264282
30
0.0
11
72.5503005981445
21
-6.09730005264282
31
0.0
39
0.0
210
0.0
220
0.0
230
1.0
0
LINE
5
996
330
17
100
AcDbEntity
67
0
8
0
62
256
6
ByLayer
370
-1
48
1.0
60
0
100
AcDbLine
10
72.5503005981445
20
-6.09730005264282
30
0.0
11
72.5503005981445
21
-4.3471999168396
31
0.0
39
0.0
210
0.0
220
0.0
230
1.0
0
LINE
5
997
330
17
100
AcDbEntity
67
0
8
0
62
256
6
ByLayer
370
-1
48
1.0
60
0
100
AcDbLine
10
75.7745971679688
20
-4.24490022659302
30
0.0
11
75.7072982788086
21
-4.34380006790161
31
0.0
39
0.0
210
0.0
220
0.0
230
1.0
0
LINE
5
998
330
17
100
AcDbEntity
67
0
8
0
62
256
6
ByLayer
370
-1
48
1.0
60
0
100
AcDbLine
10
75.7072982788086
20
-4.34380006790161
30
0.0
11
75.6304016113281
21
-4.43879985809326
31
0.0
39
0.0
210
0.0
220
0.0
230
1.0
0
LINE
5
999
330
17
100
AcDbEntity
67
0
8
0
62
256
6
ByLayer
370
-1
48
1.0
60
0
100
AcDbLine
10
75.6304016113281
20
-4.43879985809326
30
0.0
11
75.5434036254883
21
-4.52890014648438
31
0.0
39
0.0
210
0.0
220
0.0
230
1.0
0
LINE
5
99A
330
17
100
AcDbEntity
67
0
8
0
62
256
6
ByLayer
370
-1
48
1.0
60
0
100
AcDbLine
10
75.5434036254883
20
-4.52890014648438
30
0.0
11
75.4462966918945
21
-4.61409997940063
31
0.0
39
0.0
210
0.0
220
0.0
230
1.0
0
LINE
5
99B
330
17
100
AcDbEntity
67
0
8
0
62
256
6
ByLayer
370
-1
48
1.0
60
0
100
AcDbLine
10
75.4462966918945
20
-4.61409997940063
30
0.0
11
73.9357986450195
21
-5.69659996032715
31
0.0
39
0.0
210
0.0
220
0.0
230
1.0
0
LINE
5
99C
330
17
100
AcDbEntity
67
0
8
0
62
256
6
ByLayer
370
-1
48
1.0
60
0
100
AcDbLine
10
73.9357986450195
20
-5.69659996032715
30
0.0
11
73.2889022827148
21
-6.2350001335144
31
0.0
39
0.0
210
0.0
220
0.0
230
1.0
0
LINE
5
99D
330
17
100
AcDbEntity
67
0
8
0
62
256
6
ByLayer
370
-1
48
1.0
60
0
100
AcDbLine
10
73.2889022827148
20
-6.2350001335144
30
0.0
11
73.0503005981445
21
-6.09730005264282
31
0.0
39
0.0
210
0.0
220
0.0
230
1.0
0
LINE
5
99E
330
17
100
AcDbEntity
67
0
8
0
62
256
6
ByLayer
370
-1
48
1.0
60
0
100
AcDbLine
10
73.0503005981445
20
-6.09730005264282
30
0.0
11
73.0503005981445
21
-4.3471999168396
31
0.0
39
0.0
210
0.0
220
0.0
230
1.0
0
LINE
5
99F
330
17
100
AcDbEntity
67
0
8
0
62
256
6
ByLayer
370
-1
48
1.0
60
0
100
AcDbLine
10
73.0503005981445
20
-4.3471999168396
30
0.0
11
74.5659027099609
21
-3.4721999168396
31
0.0
39
0.0
210
0.0
220
0.0
230
1.0
0
LINE
5
9A0
330
17
100
AcDbEntity
67
0
8
0
62
256
6
ByLayer
370
-1
48
1.0
60
0
100
AcDbLine
10
74.5659027099609
20
-3.4721999168396
30
0.0
11
75.806396484375
21
-4.18849992752075
31
0.0
39
0.0
210
0.0
220
0.0
230
1.0
0
LINE
5
9A1
330
17
100
AcDbEntity
67
0
8
0
62
256
6
ByLayer
370
-1
48
1.0
60
0
100
AcDbLine
10
75.806396484375
20
-4.18849992752075
30
0.0
11
75.7745971679688
21
-4.24490022659302
31
0.0
39
0.0
210
0.0
220
0.0
230
1.0
0
LINE
5
9A2
330
17
100
AcDbEntity
67
0
8
0
62
256
6
ByLayer
370
-1
48
1.0
60
0
100
AcDbLine
10
-38.1617012023926
20
-2.51500010490417
30
0.0
11
-38.0736999511719
21
-2.42429995536804
31
0.0
39
0.0
210
0.0
220
0.0
230
1.0
0
LINE
5
9A3
330
17
100
AcDbEntity
67
0
8
0
62
256
6
ByLayer
370
-1
48
1.0
60
0
100
AcDbLine
10
-38.0736999511719
20
-2.42429995536804
30
0.0
11
-37.9766006469727
21
-2.3429000377655
31
0.0
39
0.0
210
0.0
220
0.0
230
1.0
0
LINE
5
9A4
330
17
100
AcDbEntity
67
0
8
0
62
256
6
ByLayer
370
-1
48
1.0
60
0
100
AcDbLine
10
-37.9766006469727
20
-2.3429000377655
30
0.0
11
-37.8712997436523
21
-2.27180004119873
31
0.0
39
0.0
210
0.0
220
0.0
230
1.0
0
LINE
5
9A5
330
17
100
AcDbEntity
67
0
8
0
62
256
6
ByLayer
370
-1
48
1.0
60
0
100
AcDbLine
10
-37.8712997436523
20
-2.27180004119873
30
0.0
11
-37.7583999633789
21
-2.21189999580383
31
0.0
39
0.0
210
0.0
220
0.0
230
1.0
0
LINE
5
9A6
330
17
100
AcDbEntity
67
0
8
0
62
256
6
ByLayer
370
-1
48
1.0
60
0
100
AcDbLine
10
-37.7583999633789
20
-2.21189999580383
30
0.0
11
-37.638500213623
21
-2.16359996795654
31
0.0
39
0.0
210
0.0
220
0.0
230
1.0
0
LINE
5
9A7
330
17
100
AcDbEntity
67
0
8
0
62
256
6
ByLayer
370
-1
48
1.0
60
0
100
AcDbLine
10
-37.638500213623
20
-2.16359996795654
30
0.0
11
-37.5125007629395
21
-2.12809991836548
31
0.0
39
0.0
210
0.0
220
0.0
230
1.0
0
LINE
5
9A8
330
17
100
AcDbEntity
67
0
8
0
62
256
6
ByLayer
370
-1
48
1.0
60
0
100
AcDbLine
10
-37.5125007629395
20
-2.12809991836548
30
0.0
11
-37.3810005187988
21
-2.10630011558533
31
0.0
39
0.0
210
0.0
220
0.0
230
1.0
0
LINE
5
9A9
330
17
100
AcDbEntity
67
0
8
0
62
256
6
ByLayer
370
-1
48
1.0
60
0
100
AcDbLine
10
-37.3810005187988
20
-2.10630011558533
30
0.0
11
-35.1487007141113
21
-2.10610008239746
31
0.0
39
0.0
210
0.0
220
0.0
230
1.0
0
LINE
5
9AA
330
17
100
AcDbEntity
67
0
8
0
62
256
6
ByLayer
370
-1
48
1.0
60
0
100
AcDbLine
10
-35.1487007141113
20
-2.10610008239746
30
0.0
11
-35.1487007141113
21
-3.03920006752014
31
0.0
39
0.0
210
0.0
220
0.0
230
1.0
0
LINE
5
9AB
330
17
100
AcDbEntity
67
0
8
0
62
256
6
ByLayer
370
-1
48
1.0
60
0
100
AcDbLine
10
-35.1487007141113
20
-3.03920006752014
30
0.0
11
-36.6641998291016
21
-3.91420006752014
31
0.0
39
0.0
210
0.0
220
0.0
230
1.0
0
LINE
5
9AC
330
17
100
AcDbEntity
67
0
8
0
62
256
6
ByLayer
370
-1
48
1.0
60
0
100
AcDbLine
10
-36.6641998291016
20
-3.91420006752014
30
0.0
11
-38.1797981262207
21
-3.03920006752014
31
0.0
39
0.0
210
0.0
220
0.0
230
1.0
0
LINE
5
9AD
330
17
100
AcDbEntity
67
0
8
0
62
256
6
ByLayer
370
-1
48
1.0
60
0
100
AcDbLine
10
-38.1797981262207
20
-3.03920006752014
30
0.0
11
-38.1797981262207
21
-2.53800010681152
31
0.0
39
0.0
210
0.0
220
0.0
230
1.0
0
LINE
5
9AE
330
17
100
AcDbEntity
67
0
8
0
62
256
6
ByLayer
370
-1
48
1.0
60
0
100
AcDbLine
10
-38.1797981262207
20
-2.53800010681152
30
0.0
11
-38.1617012023926
21
-2.51500010490417
31
0.0
39
0.0
210
0.0
220
0.0
230
1.0
0
LINE
5
9AF
330
17
100
AcDbEntity
67
0
8
0
62
256
6
ByLayer
370
-1
48
1.0
60
0
100
AcDbLine
10
-31.6175994873047
20
-2.10579991340637
30
0.0
11
-31.6175994873047
21
-3.03920006752014
31
0.0
39
0.0
210
0.0
220
0.0
230
1.0
0
LINE
5
9B0
330
17
100
AcDbEntity
67
0
8
0
62
256
6
ByLayer
370
-1
48
1.0
60
0
100
AcDbLine
10
-31.6175994873047
20
-3.03920006752014
30
0.0
11
-33.1330986022949
21
-3.91420006752014
31
0.0
39
0.0
210
0.0
220
0.0
230
1.0
0
LINE
5
9B1
330
17
100
AcDbEntity
67
0
8
0
62
256
6
ByLayer
370
-1
48
1.0
60
0
100
AcDbLine
10
-33.1330986022949
20
-3.91420006752014
30
0.0
11
-34.6487007141113
21
-3.03920006752014
31
0.0
39
0.0
210
0.0
220
0.0
230
1.0
0
LINE
5
9B2
330
17
100
AcDbEntity
67
0
8
0
62
256
6
ByLayer
370
-1
48
1.0
60
0
100
AcDbLine
10
-34.6487007141113
20
-3.03920006752014
30
0.0
11
-34.6487007141113
21
-2.10610008239746
31
0.0
39
0.0
210
0.0
220
0.0
230
1.0
0
LINE
5
9B3
330
17
100
AcDbEntity
67
0
8
0
62
256
6
ByLayer
370
-1
48
1.0
60
0
100
AcDbLine
10
-34.6487007141113
20
-2.10610008239746
30
0.0
11
-31.6175994873047
21
-2.10579991340637
31
0.0
39
0.0
210
0.0
220
0.0
230
1.0
0
LINE
5
9B4
330
17
100
AcDbEntity
67
0
8
0
62
256
6
ByLayer
370
-1
48
1.0
60
0
100
AcDbLine
10
-28.0863990783691
20
-2.10549998283386
30
0.0
11
-28.0863990783691
21
-3.03920006752014
31
0.0
39
0.0
210
0.0
220
0.0
230
1.0
0
LINE
5
9B5
330
17
100
AcDbEntity
67
0
8
0
62
256
6
ByLayer
370
-1
48
1.0
60
0
100
AcDbLine
10
-28.0863990783691
20
-3.03920006752014
30
0.0
11
-29.6019992828369
21
-3.91420006752014
31
0.0
39
0.0
210
0.0
220
0.0
230
1.0
0
LINE
5
9B6
330
17
100
AcDbEntity
67
0
8
0
62
256
6
ByLayer
370
-1
48
1.0
60
0
100
AcDbLine
10
-29.6019992828369
20
-3.91420006752014
30
0.0
11
-31.1175003051758
21
-3.03920006752014
31
0.0
39
0.0
210
0.0
220
0.0
230
1.0
0
LINE
5
9B7
330
17
100
AcDbEntity
67
0
8
0
62
256
6
ByLayer
370
-1
48
1.0
60
0
100
AcDbLine
10
-31.1175003051758
20
-3.03920006752014
30
0.0
11
-31.1175003051758
21
-2.10579991340637
31
0.0
39
0.0
210
0.0
220
0.0
230
1.0
0
LINE
5
9B8
330
17
100
AcDbEntity
67
0
8
0
62
256
6
ByLayer
370
-1
48
1.0
60
0
100
AcDbLine
10
-31.1175003051758
20
-2.10579991340637
30
0.0
11
-28.0863990783691
21
-2.10549998283386
31
0.0
39
0.0
210
0.0
220
0.0
230
1.0
0
LINE
5
9B9
330
17
100
AcDbEntity
67
0
8
0
62
256
6
ByLayer
370
-1
48
1.0
60
0
100
AcDbLine
10
-24.5552997589111
20
-2.10509991645813
30
0.0
11
-24.5552997589111
21
-3.03920006752014
31
0.0
39
0.0
210
0.0
220
0.0
230
1.0
0
LINE
5
9BA
330
17
100
AcDbEntity
67
0
8
0
62
256
6
ByLayer
370
-1
48
1.0
60
0
100
AcDbLine
10
-24.5552997589111
20
-3.03920006752014
30
0.0
11
-26.0708999633789
21
-3.91420006752014
31
0.0
39
0.0
210
0.0
220
0.0
230
1.0
0
LINE
5
9BB
330
17
100
AcDbEntity
67
0
8
0
62
256
6
ByLayer
370
-1
48
1.0
60
0
100
AcDbLine
10
-26.0708999633789
20
-3.91420006752014
30
0.0
11
-27.5863990783691
21
-3.03920006752014
31
0.0
39
0.0
210
0.0
220
0.0
230
1.0
0
LINE
5
9BC
330
17
100
AcDbEntity
67
0
8
0
62
256
6
ByLayer
370
-1
48
1.0
60
0
100
AcDbLine
10
-27.5863990783691
20
-3.03920006752014
30
0.0
11
-27.5863990783691
21
-2.10540008544922
31
0.0
39
0.0
210
0.0
220
0.0
230
1.0
0
LINE
5
9BD
330
17
100
AcDbEntity
67
0
8
0
62
256
6
ByLayer
370
-1
48
1.0
60
0
100
AcDbLine
10
-27.5863990783691
20
-2.10540008544922
30
0.0
11
-24.5552997589111
21
-2.10509991645813
31
0.0
39
0.0
210
0.0
220
0.0
230
1.0
0
LINE
5
9BE
330
17
100
AcDbEntity
67
0
8
0
62
256
6
ByLayer
370
-1
48
1.0
60
0
100
AcDbLine
10
-21.0242004394531
20
-2.10479998588562
30
0.0
11
-21.0242004394531
21
-3.03920006752014
31
0.0
39
0.0
210
0.0
220
0.0
230
1.0
0
LINE
5
9BF
330
17
100
AcDbEntity
67
0
8
0
62
256
6
ByLayer
370
-1
48
1.0
60
0
100
AcDbLine
10
-21.0242004394531
20
-3.03920006752014
30
0.0
11
-22.5398006439209
21
-3.91420006752014
31
0.0
39
0.0
210
0.0
220
0.0
230
1.0
0
LINE
5
9C0
330
17
100
AcDbEntity
67
0
8
0
62
256
6
ByLayer
370
-1
48
1.0
60
0
100
AcDbLine
10
-22.5398006439209
20
-3.91420006752014
30
0.0
11
-24.0552997589111
21
-3.03920006752014
31
0.0
39
0.0
210
0.0
220
0.0
230
1.0
0
LINE
5
9C1
330
17
100
AcDbEntity
67
0
8
0
62
256
6
ByLayer
370
-1
48
1.0
60
0
100
AcDbLine
10
-24.0552997589111
20
-3.03920006752014
30
0.0
11
-24.0552997589111
21
-2.10509991645813
31
0.0
39
0.0
210
0.0
220
0.0
230
1.0
0
LINE
5
9C2
330
17
100
AcDbEntity
67
0
8
0
62
256
6
ByLayer
370
-1
48
1.0
60
0
100
AcDbLine
10
-24.0552997589111
20
-2.10509991645813
30
0.0
11
-21.0242004394531
21
-2.10479998588562
31
0.0
39
0.0
210
0.0
220
0.0
230
1.0
0
LINE
5
9C3
330
17
100
AcDbEntity
67
0
8
0
62
256
6
ByLayer
370
-1
48
1.0
60
0
100
AcDbLine
10
-20.49169921875
20
-2.10479998588562
30
0.0
11
-20.3575000762939
21
-2.12089991569519
31
0.0
39
0.0
210
0.0
220
0.0
230
1.0
0
LINE
5
9C4
330
17
100
AcDbEntity
67
0
8
0
62
256
6
ByLayer
370
-1
48
1.0
60
0
100
AcDbLine
10
-20.3575000762939
20
-2.12089991569519
30
0.0
11
-20.2262001037598
21
-2.14750003814697
31
0.0
39
0.0
210
0.0
220
0.0
230
1.0
0
LINE
5
9C5
330
17
100
AcDbEntity
67
0
8
0
62
256
6
ByLayer
370
-1
48
1.0
60
0
100
AcDbLine
10
-20.2262001037598
20
-2.14750003814697
30
0.0
11
-20.0981006622314
21
-2.18379998207092
31
0.0
39
0.0
210
0.0
220
0.0
230
1.0
0
LINE
5
9C6
330
17
100
AcDbEntity
67
0
8
0
62
256
6
ByLayer
370
-1
48
1.0
60
0
100
AcDbLine
10
-20.0981006622314
20
-2.18379998207092
30
0.0
11
-19.9740009307861
21
-2.22970008850098
31
0.0
39
0.0
210
0.0
220
0.0
230
1.0
0
LINE
5
9C7
330
17
100
AcDbEntity
67
0
8
0
62
256
6
ByLayer
370
-1
48
1.0
60
0
100
AcDbLine
10
-19.9740009307861
20
-2.22970008850098
30
0.0
11
-19.8544006347656
21
-2.28480005264282
31
0.0
39
0.0
210
0.0
220
0.0
230
1.0
0
LINE
5
9C8
330
17
100
AcDbEntity
67
0
8
0
62
256
6
ByLayer
370
-1
48
1.0
60
0
100
AcDbLine
10
-19.8544006347656
20
-2.28480005264282
30
0.0
11
-19.7395992279053
21
-2.34899997711182
31
0.0
39
0.0
210
0.0
220
0.0
230
1.0
0
LINE
5
9C9
330
17
100
AcDbEntity
67
0
8
0
62
256
6
ByLayer
370
-1
48
1.0
60
0
100
AcDbLine
10
-19.7395992279053
20
-2.34899997711182
30
0.0
11
-19.6303005218506
21
-2.42170000076294
31
0.0
39
0.0
210
0.0
220
0.0
230
1.0
0
LINE
5
9CA
330
17
100
AcDbEntity
67
0
8
0
62
256
6
ByLayer
370
-1
48
1.0
60
0
100
AcDbLine
10
-19.6303005218506
20
-2.42170000076294
30
0.0
11
-19.5268993377686
21
-2.5025999546051
31
0.0
39
0.0
210
0.0
220
0.0
230
1.0
0
LINE
5
9CB
330
17
100
AcDbEntity
67
0
8
0
62
256
6
ByLayer
370
-1
48
1.0
60
0
100
AcDbLine
10
-19.5268993377686
20
-2.5025999546051
30
0.0
11
-19.4298000335693
21
-2.59109997749329
31
0.0
39
0.0
210
0.0
220
0.0
230
1.0
0
LINE
5
9CC
330
17
100
AcDbEntity
67
0
8
0
62
256
6
ByLayer
370
-1
48
1.0
60
0
100
AcDbLine
10
-19.4298000335693
20
-2.59109997749329
30
0.0
11
-19.3397006988525
21
-2.68709993362427
31
0.0
39
0.0
210
0.0
220
0.0
230
1.0
0
LINE
5
9CD
330
17
100
AcDbEntity
67
0
8
0
62
256
6
ByLayer
370
-1
48
1.0
60
0
100
AcDbLine
10
-19.3397006988525
20
-2.68709993362427
30
0.0
11
-19.2567005157471
21
-2.79029989242554
31
0.0
39
0.0
210
0.0
220
0.0
230
1.0
0
LINE
5
9CE
330
17
100
AcDbEntity
67
0
8
0
62
256
6
ByLayer
370
-1
48
1.0
60
0
100
AcDbLine
10
-19.2567005157471
20
-2.79029989242554
30
0.0
11
-19.1816005706787
21
-2.90009999275208
31
0.0
39
0.0
210
0.0
220
0.0
230
1.0
0
LINE
5
9CF
330
17
100
AcDbEntity
67
0
8
0
62
256
6
ByLayer
370
-1
48
1.0
60
0
100
AcDbLine
10
-19.1816005706787
20
-2.90009999275208
30
0.0
11
-19.1149997711182
21
-3.01620006561279
31
0.0
39
0.0
210
0.0
220
0.0
230
1.0
0
LINE
5
9D0
330
17
100
AcDbEntity
67
0
8
0
62
256
6
ByLayer
370
-1
48
1.0
60
0
100
AcDbLine
10
-19.1149997711182
20
-3.01620006561279
30
0.0
11
-19.0571994781494
21
-3.13849997520447
31
0.0
39
0.0
210
0.0
220
0.0
230
1.0
0
LINE
5
9D1
330
17
100
AcDbEntity
67
0
8
0
62
256
6
ByLayer
370
-1
48
1.0
60
0
100
AcDbLine
10
-19.0571994781494
20
-3.13849997520447
30
0.0
11
-18.8314990997314
21
-3.81200003623962
31
0.0
39
0.0
210
0.0
220
0.0
230
1.0
0
LINE
5
9D2
330
17
100
AcDbEntity
67
0
8
0
62
256
6
ByLayer
370
-1
48
1.0
60
0
100
AcDbLine
10
-18.8314990997314
20
-3.81200003623962
30
0.0
11
-19.0086994171143
21
-3.91420006752014
31
0.0
39
0.0
210
0.0
220
0.0
230
1.0
0
LINE
5
9D3
330
17
100
AcDbEntity
67
0
8
0
62
256
6
ByLayer
370
-1
48
1.0
60
0
100
AcDbLine
10
-19.0086994171143
20
-3.91420006752014
30
0.0
11
-20.5242004394531
21
-3.03920006752014
31
0.0
39
0.0
210
0.0
220
0.0
230
1.0
0
LINE
5
9D4
330
17
100
AcDbEntity
67
0
8
0
62
256
6
ByLayer
370
-1
48
1.0
60
0
100
AcDbLine
10
-20.5242004394531
20
-3.03920006752014
30
0.0
11
-20.5242004394531
21
-2.10479998588562
31
0.0
39
0.0
210
0.0
220
0.0
230
1.0
0
LINE
5
9D5
330
17
100
AcDbEntity
67
0
8
0
62
256
6
ByLayer
370
-1
48
1.0
60
0
100
AcDbLine
10
-20.5242004394531
20
-2.10479998588562
30
0.0
11
-20.49169921875
21
-2.10479998588562
31
0.0
39
0.0
210
0.0
220
0.0
230
1.0
0
LINE
5
9D6
330
17
100
AcDbEntity
67
0
8
0
62
256
6
ByLayer
370
-1
48
1.0
60
0
100
AcDbLine
10
-4.83629989624023
20
-3.44370007514954
30
0.0
11
-4.86420011520386
21
-3.3118999004364
31
0.0
39
0.0
210
0.0
220
0.0
230
1.0
0
LINE
5
9D7
330
17
100
AcDbEntity
67
0
8
0
62
256
6
ByLayer
370
-1
48
1.0
60
0
100
AcDbLine
10
-4.86420011520386
20
-3.3118999004364
30
0.0
11
-4.87480020523071
21
-3.18090009689331
31
0.0
39
0.0
210
0.0
220
0.0
230
1.0
0
LINE
5
9D8
330
17
100
AcDbEntity
67
0
8
0
62
256
6
ByLayer
370
-1
48
1.0
60
0
100
AcDbLine
10
-4.87480020523071
20
-3.18090009689331
30
0.0
11
-4.86899995803833
21
-3.05200004577637
31
0.0
39
0.0
210
0.0
220
0.0
230
1.0
0
LINE
5
9D9
330
17
100
AcDbEntity
67
0
8
0
62
256
6
ByLayer
370
-1
48
1.0
60
0
100
AcDbLine
10
-4.86899995803833
20
-3.05200004577637
30
0.0
11
-4.84770011901855
21
-2.92630004882813
31
0.0
39
0.0
210
0.0
220
0.0
230
1.0
0
LINE
5
9DA
330
17
100
AcDbEntity
67
0
8
0
62
256
6
ByLayer
370
-1
48
1.0
60
0
100
AcDbLine
10
-4.84770011901855
20
-2.92630004882813
30
0.0
11
-4.81169986724854
21
-2.80489993095398
31
0.0
39
0.0
210
0.0
220
0.0
230
1.0
0
LINE
5
9DB
330
17
100
AcDbEntity
67
0
8
0
62
256
6
ByLayer
370
-1
48
1.0
60
0
100
AcDbLine
10
-4.81169986724854
20
-2.80489993095398
30
0.0
11
-4.76160001754761
21
-2.68930006027222
31
0.0
39
0.0
210
0.0
220
0.0
230
1.0
0
LINE
5
9DC
330
17
100
AcDbEntity
67
0
8
0
62
256
6
ByLayer
370
-1
48
1.0
60
0
100
AcDbLine
10
-4.76160001754761
20
-2.68930006027222
30
0.0
11
-4.69840002059937
21
-2.58049988746643
31
0.0
39
0.0
210
0.0
220
0.0
230
1.0
0
LINE
5
9DD
330
17
100
AcDbEntity
67
0
8
0
62
256
6
ByLayer
370
-1
48
1.0
60
0
100
AcDbLine
10
-4.69840002059937
20
-2.58049988746643
30
0.0
11
-4.62290000915527
21
-2.47970008850098
31
0.0
39
0.0
210
0.0
220
0.0
230
1.0
0
LINE
5
9DE
330
17
100
AcDbEntity
67
0
8
0
62
256
6
ByLayer
370
-1
48
1.0
60
0
100
AcDbLine
10
-4.62290000915527
20
-2.47970008850098
30
0.0
11
-4.5359001159668
21
-2.38849997520447
31
0.0
39
0.0
210
0.0
220
0.0
230
1.0
0
LINE
5
9DF
330
17
100
AcDbEntity
67
0
8
0
62
256
6
ByLayer
370
-1
48
1.0
60
0
100
AcDbLine
10
-4.5359001159668
20
-2.38849997520447
30
0.0
11
-4.43830013275146
21
-2.30789995193481
31
0.0
39
0.0
210
0.0
220
0.0
230
1.0
0
LINE
5
9E0
330
17
100
AcDbEntity
67
0
8
0
62
256
6
ByLayer
370
-1
48
1.0
60
0
100
AcDbLine
10
-4.43830013275146
20
-2.30789995193481
30
0.0
11
-4.33090019226074
21
-2.23920011520386
31
0.0
39
0.0
210
0.0
220
0.0
230
1.0
0
LINE
5
9E1
330
17
100
AcDbEntity
67
0
8
0
62
256
6
ByLayer
370
-1
48
1.0
60
0
100
AcDbLine
10
-4.33090019226074
20
-2.23920011520386
30
0.0
11
-4.21449995040894
21
-2.18350005149841
31
0.0
39
0.0
210
0.0
220
0.0
230
1.0
0
LINE
5
9E2
330
17
100
AcDbEntity
67
0
8
0
62
256
6
ByLayer
370
-1
48
1.0
60
0
100
AcDbLine
10
-4.21449995040894
20
-2.18350005149841
30
0.0
11
-4.08979988098145
21
-2.1421000957489
31
0.0
39
0.0
210
0.0
220
0.0
230
1.0
0
LINE
5
9E3
330
17
100
AcDbEntity
67
0
8
0
62
256
6
ByLayer
370
-1
48
1.0
60
0
100
AcDbLine
10
-4.08979988098145
20
-2.1421000957489
30
0.0
11
-3.95770001411438
21
-2.11640000343323
31
0.0
39
0.0
210
0.0
220
0.0
230
1.0
0
LINE
5
9E4
330
17
100
AcDbEntity
67
0
8
0
62
256
6
ByLayer
370
-1
48
1.0
60
0
100
AcDbLine
10
-3.95770001411438
20
-2.11640000343323
30
0.0
11
-3.81900000572205
21
-2.10770010948181
31
0.0
39
0.0
210
0.0
220
0.0
230
1.0
0
LINE
5
9E5
330
17
100
AcDbEntity
67
0
8
0
62
256
6
ByLayer
370
-1
48
1.0
60
0
100
AcDbLine
10
-3.81900000572205
20
-2.10770010948181
30
0.0
11
-3.3685998916626
21
-2.11209988594055
31
0.0
39
0.0
210
0.0
220
0.0
230
1.0
0
LINE
5
9E6
330
17
100
AcDbEntity
67
0
8
0
62
256
6
ByLayer
370
-1
48
1.0
60
0
100
AcDbLine
10
-3.3685998916626
20
-2.11209988594055
30
0.0
11
-3.3685998916626
21
-3.03920006752014
31
0.0
39
0.0
210
0.0
220
0.0
230
1.0
0
LINE
5
9E7
330
17
100
AcDbEntity
67
0
8
0
62
256
6
ByLayer
370
-1
48
1.0
60
0
100
AcDbLine
10
-3.3685998916626
20
-3.03920006752014
30
0.0
11
-4.68540000915527
21
-3.79949998855591
31
0.0
39
0.0
210
0.0
220
0.0
230
1.0
0
LINE
5
9E8
330
17
100
AcDbEntity
67
0
8
0
62
256
6
ByLayer
370
-1
48
1.0
60
0
100
AcDbLine
10
-4.68540000915527
20
-3.79949998855591
30
0.0
11
-4.83629989624023
21
-3.44370007514954
31
0.0
39
0.0
210
0.0
220
0.0
230
1.0
0
LINE
5
9E9
330
17
100
AcDbEntity
67
0
8
0
62
256
6
ByLayer
370
-1
48
1.0
60
0
100
AcDbLine
10
0.162499994039536
20
-2.14720010757446
30
0.0
11
0.162499994039536
21
-3.03920006752014
31
0.0
39
0.0
210
0.0
220
0.0
230
1.0
0
LINE
5
9EA
330
17
100
AcDbEntity
67
0
8
0
62
256
6
ByLayer
370
-1
48
1.0
60
0
100
AcDbLine
10
0.162499994039536
20
-3.03920006752014
30
0.0
11
-1.35309994220734
21
-3.91420006752014
31
0.0
39
0.0
210
0.0
220
0.0
230
1.0
0
LINE
5
9EB
330
17
100
AcDbEntity
67
0
8
0
62
256
6
ByLayer
370
-1
48
1.0
60
0
100
AcDbLine
10
-1.35309994220734
20
-3.91420006752014
30
0.0
11
-2.8685998916626
21
-3.03920006752014
31
0.0
39
0.0
210
0.0
220
0.0
230
1.0
0
LINE
5
9EC
330
17
100
AcDbEntity
67
0
8
0
62
256
6
ByLayer
370
-1
48
1.0
60
0
100
AcDbLine
10
-2.8685998916626
20
-3.03920006752014
30
0.0
11
-2.8685998916626
21
-2.11710000038147
31
0.0
39
0.0
210
0.0
220
0.0
230
1.0
0
LINE
5
9ED
330
17
100
AcDbEntity
67
0
8
0
62
256
6
ByLayer
370
-1
48
1.0
60
0
100
AcDbLine
10
-2.8685998916626
20
-2.11710000038147
30
0.0
11
0.162499994039536
21
-2.14720010757446
31
0.0
39
0.0
210
0.0
220
0.0
230
1.0
0
LINE
5
9EE
330
17
100
AcDbEntity
67
0
8
0
62
256
6
ByLayer
370
-1
48
1.0
60
0
100
AcDbLine
10
3.69359993934631
20
-2.18219995498657
30
0.0
11
3.69359993934631
21
-3.03920006752014
31
0.0
39
0.0
210
0.0
220
0.0
230
1.0
0
LINE
5
9EF
330
17
100
AcDbEntity
67
0
8
0
62
256
6
ByLayer
370
-1
48
1.0
60
0
100
AcDbLine
10
3.69359993934631
20
-3.03920006752014
30
0.0
11
2.17799997329712
21
-3.91420006752014
31
0.0
39
0.0
210
0.0
220
0.0
230
1.0
0
LINE
5
9F0
330
17
100
AcDbEntity
67
0
8
0
62
256
6
ByLayer
370
-1
48
1.0
60
0
100
AcDbLine
10
2.17799997329712
20
-3.91420006752014
30
0.0
11
0.662500023841858
21
-3.03920006752014
31
0.0
39
0.0
210
0.0
220
0.0
230
1.0
0
LINE
5
9F1
330
17
100
AcDbEntity
67
0
8
0
62
256
6
ByLayer
370
-1
48
1.0
60
0
100
AcDbLine
10
0.662500023841858
20
-3.03920006752014
30
0.0
11
0.662500023841858
21
-2.15210008621216
31
0.0
39
0.0
210
0.0
220
0.0
230
1.0
0
LINE
5
9F2
330
17
100
AcDbEntity
67
0
8
0
62
256
6
ByLayer
370
-1
48
1.0
60
0
100
AcDbLine
10
0.662500023841858
20
-2.15210008621216
30
0.0
11
3.69359993934631
21
-2.18219995498657
31
0.0
39
0.0
210
0.0
220
0.0
230
1.0
0
LINE
5
9F3
330
17
100
AcDbEntity
67
0
8
0
62
256
6
ByLayer
370
-1
48
1.0
60
0
100
AcDbLine
10
7.22469997406006
20
-2.21720004081726
30
0.0
11
7.22469997406006
21
-3.03920006752014
31
0.0
39
0.0
210
0.0
220
0.0
230
1.0
0
LINE
5
9F4
330
17
100
AcDbEntity
67
0
8
0
62
256
6
ByLayer
370
-1
48
1.0
60
0
100
AcDbLine
10
7.22469997406006
20
-3.03920006752014
30
0.0
11
5.70909976959229
21
-3.91420006752014
31
0.0
39
0.0
210
0.0
220
0.0
230
1.0
0
LINE
5
9F5
330
17
100
AcDbEntity
67
0
8
0
62
256
6
ByLayer
370
-1
48
1.0
60
0
100
AcDbLine
10
5.70909976959229
20
-3.91420006752014
30
0.0
11
4.19360017776489
21
-3.03920006752014
31
0.0
39
0.0
210
0.0
220
0.0
230
1.0
0
LINE
5
9F6
330
17
100
AcDbEntity
67
0
8
0
62
256
6
ByLayer
370
-1
48
1.0
60
0
100
AcDbLine
10
4.19360017776489
20
-3.03920006752014
30
0.0
11
4.19360017776489
21
-2.18720006942749
31
0.0
39
0.0
210
0.0
220
0.0
230
1.0
0
LINE
5
9F7
330
17
100
AcDbEntity
67
0
8
0
62
256
6
ByLayer
370
-1
48
1.0
60
0
100
AcDbLine
10
4.19360017776489
20
-2.18720006942749
30
0.0
11
7.22469997406006
21
-2.21720004081726
31
0.0
39
0.0
210
0.0
220
0.0
230
1.0
0
LINE
5
9F8
330
17
100
AcDbEntity
67
0
8
0
62
256
6
ByLayer
370
-1
48
1.0
60
0
100
AcDbLine
10
10.7558002471924
20
-2.25230002403259
30
0.0
11
10.7558002471924
21
-3.03920006752014
31
0.0
39
0.0
210
0.0
220
0.0
230
1.0
0
LINE
5
9F9
330
17
100
AcDbEntity
67
0
8
0
62
256
6
ByLayer
370
-1
48
1.0
60
0
100
AcDbLine
10
10.7558002471924
20
-3.03920006752014
30
0.0
11
9.24030017852783
21
-3.91420006752014
31
0.0
39
0.0
210
0.0
220
0.0
230
1.0
0
LINE
5
9FA
330
17
100
AcDbEntity
67
0
8
0
62
256
6
ByLayer
370
-1
48
1.0
60
0
100
AcDbLine
10
9.24030017852783
20
-3.91420006752014
30
0.0
11
7.72469997406006
21
-3.03920006752014
31
0.0
39
0.0
210
0.0
220
0.0
230
1.0
0
LINE
5
9FB
330
17
100
AcDbEntity
67
0
8
0
62
256
6
ByLayer
370
-1
48
1.0
60
0
100
AcDbLine
10
7.72469997406006
20
-3.03920006752014
30
0.0
11
7.72469997406006
21
-2.2221999168396
31
0.0
39
0.0
210
0.0
220
0.0
230
1.0
0
LINE
5
9FC
330
17
100
AcDbEntity
67
0
8
0
62
256
6
ByLayer
370
-1
48
1.0
60
0
100
AcDbLine
10
7.72469997406006
20
-2.2221999168396
30
0.0
11
10.7558002471924
21
-2.25230002403259
31
0.0
39
0.0
210
0.0
220
0.0
230
1.0
0
LINE
5
9FD
330
17
100
AcDbEntity
67
0
8
0
62
256
6
ByLayer
370
-1
48
1.0
60
0
100
AcDbLine
10
14.2868995666504
20
-2.28730010986328
30
0.0
11
14.2868995666504
21
-3.03920006752014
31
0.0
39
0.0
210
0.0
220
0.0
230
1.0
0
LINE
5
9FE
330
17
100
AcDbEntity
67
0
8
0
62
256
6
ByLayer
370
-1
48
1.0
60
0
100
AcDbLine
10
14.2868995666504
20
-3.03920006752014
30
0.0
11
12.7714004516602
21
-3.91420006752014
31
0.0
39
0.0
210
0.0
220
0.0
230
1.0
0
LINE
5
9FF
330
17
100
AcDbEntity
67
0
8
0
62
256
6
ByLayer
370
-1
48
1.0
60
0
100
AcDbLine
10
12.7714004516602
20
-3.91420006752014
30
0.0
11
11.2558002471924
21
-3.03920006752014
31
0.0
39
0.0
210
0.0
220
0.0
230
1.0
0
LINE
5
A00
330
17
100
AcDbEntity
67
0
8
0
62
256
6
ByLayer
370
-1
48
1.0
60
0
100
AcDbLine
10
11.2558002471924
20
-3.03920006752014
30
0.0
11
11.2558002471924
21
-2.25720000267029
31
0.0
39
0.0
210
0.0
220
0.0
230
1.0
0
LINE
5
A01
330
17
100
AcDbEntity
67
0
8
0
62
256
6
ByLayer
370
-1
48
1.0
60
0
100
AcDbLine
10
11.2558002471924
20
-2.25720000267029
30
0.0
11
14.2868995666504
21
-2.28730010986328
31
0.0
39
0.0
210
0.0
220
0.0
230
1.0
0
LINE
5
A02
330
17
100
AcDbEntity
67
0
8
0
62
256
6
ByLayer
370
-1
48
1.0
60
0
100
AcDbLine
10
17.818000793457
20
-2.32229995727539
30
0.0
11
17.818000793457
21
-3.03920006752014
31
0.0
39
0.0
210
0.0
220
0.0
230
1.0
0
LINE
5
A03
330
17
100
AcDbEntity
67
0
8
0
62
256
6
ByLayer
370
-1
48
1.0
60
0
100
AcDbLine
10
17.818000793457
20
-3.03920006752014
30
0.0
11
16.3024997711182
21
-3.91420006752014
31
0.0
39
0.0
210
0.0
220
0.0
230
1.0
0
LINE
5
A04
330
17
100
AcDbEntity
67
0
8
0
62
256
6
ByLayer
370
-1
48
1.0
60
0
100
AcDbLine
10
16.3024997711182
20
-3.91420006752014
30
0.0
11
14.7868995666504
21
-3.03920006752014
31
0.0
39
0.0
210
0.0
220
0.0
230
1.0
0
LINE
5
A05
330
17
100
AcDbEntity
67
0
8
0
62
256
6
ByLayer
370
-1
48
1.0
60
0
100
AcDbLine
10
14.7868995666504
20
-3.03920006752014
30
0.0
11
14.7868995666504
21
-2.29220008850098
31
0.0
39
0.0
210
0.0
220
0.0
230
1.0
0
LINE
5
A06
330
17
100
AcDbEntity
67
0
8
0
62
256
6
ByLayer
370
-1
48
1.0
60
0
100
AcDbLine
10
14.7868995666504
20
-2.29220008850098
30
0.0
11
17.818000793457
21
-2.32229995727539
31
0.0
39
0.0
210
0.0
220
0.0
230
1.0
0
LINE
5
A07
330
17
100
AcDbEntity
67
0
8
0
62
256
6
ByLayer
370
-1
48
1.0
60
0
100
AcDbLine
10
21.349100112915
20
-2.35730004310608
30
0.0
11
21.349100112915
21
-3.03920006752014
31
0.0
39
0.0
210
0.0
220
0.0
230
1.0
0
LINE
5
A08
330
17
100
AcDbEntity
67
0
8
0
62
256
6
ByLayer
370
-1
48
1.0
60
0
100
AcDbLine
10
21.349100112915
20
-3.03920006752014
30
0.0
11
19.8335990905762
21
-3.91420006752014
31
0.0
39
0.0
210
0.0
220
0.0
230
1.0
0
LINE
5
A09
330
17
100
AcDbEntity
67
0
8
0
62
256
6
ByLayer
370
-1
48
1.0
60
0
100
AcDbLine
10
19.8335990905762
20
-3.91420006752014
30
0.0
11
18.318000793457
21
-3.03920006752014
31
0.0
39
0.0
210
0.0
220
0.0
230
1.0
0
LINE
5
A0A
330
17
100
AcDbEntity
67
0
8
0
62
256
6
ByLayer
370
-1
48
1.0
60
0
100
AcDbLine
10
18.318000793457
20
-3.03920006752014
30
0.0
11
18.318000793457
21
-2.32730007171631
31
0.0
39
0.0
210
0.0
220
0.0
230
1.0
0
LINE
5
A0B
330
17
100
AcDbEntity
67
0
8
0
62
256
6
ByLayer
370
-1
48
1.0
60
0
100
AcDbLine
10
18.318000793457
20
-2.32730007171631
30
0.0
11
21.349100112915
21
-2.35730004310608
31
0.0
39
0.0
210
0.0
220
0.0
230
1.0
0
LINE
5
A0C
330
17
100
AcDbEntity
67
0
8
0
62
256
6
ByLayer
370
-1
48
1.0
60
0
100
AcDbLine
10
23.0214996337891
20
-2.37389993667603
30
0.0
11
23.0170993804932
21
-3.71350002288818
31
0.0
39
0.0
210
0.0
220
0.0
230
1.0
0
LINE
5
A0D
330
17
100
AcDbEntity
67
0
8
0
62
256
6
ByLayer
370
-1
48
1.0
60
0
100
AcDbLine
10
23.0170993804932
20
-3.71350002288818
30
0.0
11
21.8491992950439
21
-3.03920006752014
31
0.0
39
0.0
210
0.0
220
0.0
230
1.0
0
LINE
5
A0E
330
17
100
AcDbEntity
67
0
8
0
62
256
6
ByLayer
370
-1
48
1.0
60
0
100
AcDbLine
10
21.8491992950439
20
-3.03920006752014
30
0.0
11
21.8491992950439
21
-2.36229991912842
31
0.0
39
0.0
210
0.0
220
0.0
230
1.0
0
LINE
5
A0F
330
17
100
AcDbEntity
67
0
8
0
62
256
6
ByLayer
370
-1
48
1.0
60
0
100
AcDbLine
10
21.8491992950439
20
-2.36229991912842
30
0.0
11
23.0214996337891
21
-2.37389993667603
31
0.0
39
0.0
210
0.0
220
0.0
230
1.0
0
LINE
5
A10
330
17
100
AcDbEntity
67
0
8
0
62
256
6
ByLayer
370
-1
48
1.0
60
0
100
AcDbLine
10
41.0177001953125
20
-2.0
30
0.0
11
42.5358009338379
21
-2.00079989433289
31
0.0
39
0.0
210
0.0
220
0.0
230
1.0
0
LINE
5
A11
330
17
100
AcDbEntity
67
0
8
0
62
256
6
ByLayer
370
-1
48
1.0
60
0
100
AcDbLine
10
42.5358009338379
20
-2.00079989433289
30
0.0
11
42.5358009338379
21
-3.03920006752014
31
0.0
39
0.0
210
0.0
220
0.0
230
1.0
0
LINE
5
A12
330
17
100
AcDbEntity
67
0
8
0
62
256
6
ByLayer
370
-1
48
1.0
60
0
100
AcDbLine
10
42.5358009338379
20
-3.03920006752014
30
0.0
11
41.0203018188477
21
-3.91420006752014
31
0.0
39
0.0
210
0.0
220
0.0
230
1.0
0
LINE
5
A13
330
17
100
AcDbEntity
67
0
8
0
62
256
6
ByLayer
370
-1
48
1.0
60
0
100
AcDbLine
10
41.0203018188477
20
-3.91420006752014
30
0.0
11
41.0060997009277
21
-3.90610003471375
31
0.0
39
0.0
210
0.0
220
0.0
230
1.0
0
LINE
5
A14
330
17
100
AcDbEntity
67
0
8
0
62
256
6
ByLayer
370
-1
48
1.0
60
0
100
AcDbLine
10
41.0060997009277
20
-3.90610003471375
30
0.0
11
41.0177001953125
21
-2.0
31
0.0
39
0.0
210
0.0
220
0.0
230
1.0
0
LINE
5
A15
330
17
100
AcDbEntity
67
0
8
0
62
256
6
ByLayer
370
-1
48
1.0
60
0
100
AcDbLine
10
46.0668983459473
20
-2.0025999546051
30
0.0
11
46.0668983459473
21
-3.03920006752014
31
0.0
39
0.0
210
0.0
220
0.0
230
1.0
0
LINE
5
A16
330
17
100
AcDbEntity
67
0
8
0
62
256
6
ByLayer
370
-1
48
1.0
60
0
100
AcDbLine
10
46.0668983459473
20
-3.03920006752014
30
0.0
11
44.551399230957
21
-3.91420006752014
31
0.0
39
0.0
210
0.0
220
0.0
230
1.0
0
LINE
5
A17
330
17
100
AcDbEntity
67
0
8
0
62
256
6
ByLayer
370
-1
48
1.0
60
0
100
AcDbLine
10
44.551399230957
20
-3.91420006752014
30
0.0
11
43.0358009338379
21
-3.03920006752014
31
0.0
39
0.0
210
0.0
220
0.0
230
1.0
0
LINE
5
A18
330
17
100
AcDbEntity
67
0
8
0
62
256
6
ByLayer
370
-1
48
1.0
60
0
100
AcDbLine
10
43.0358009338379
20
-3.03920006752014
30
0.0
11
43.0358009338379
21
-2.00099992752075
31
0.0
39
0.0
210
0.0
220
0.0
230
1.0
0
LINE
5
A19
330
17
100
AcDbEntity
67
0
8
0
62
256
6
ByLayer
370
-1
48
1.0
60
0
100
AcDbLine
10
43.0358009338379
20
-2.00099992752075
30
0.0
11
46.0668983459473
21
-2.0025999546051
31
0.0
39
0.0
210
0.0
220
0.0
230
1.0
0
LINE
5
A1A
330
17
100
AcDbEntity
67
0
8
0
62
256
6
ByLayer
370
-1
48
1.0
60
0
100
AcDbLine
10
49.5980987548828
20
-2.00440001487732
30
0.0
11
49.5980987548828
21
-3.03920006752014
31
0.0
39
0.0
210
0.0
220
0.0
230
1.0
0
LINE
5
A1B
330
17
100
AcDbEntity
67
0
8
0
62
256
6
ByLayer
370
-1
48
1.0
60
0
100
AcDbLine
10
49.5980987548828
20
-3.03920006752014
30
0.0
11
48.0825004577637
21
-3.91420006752014
31
0.0
39
0.0
210
0.0
220
0.0
230
1.0
0
LINE
5
A1C
330
17
100
AcDbEntity
67
0
8
0
62
256
6
ByLayer
370
-1
48
1.0
60
0
100
AcDbLine
10
48.0825004577637
20
-3.91420006752014
30
0.0
11
46.5668983459473
21
-3.03920006752014
31
0.0
39
0.0
210
0.0
220
0.0
230
1.0
0
LINE
5
A1D
330
17
100
AcDbEntity
67
0
8
0
62
256
6
ByLayer
370
-1
48
1.0
60
0
100
AcDbLine
10
46.5668983459473
20
-3.03920006752014
30
0.0
11
46.5668983459473
21
-2.00279998779297
31
0.0
39
0.0
210
0.0
220
0.0
230
1.0
0
LINE
5
A1E
330
17
100
AcDbEntity
67
0
8
0
62
256
6
ByLayer
370
-1
48
1.0
60
0
100
AcDbLine
10
46.5668983459473
20
-2.00279998779297
30
0.0
11
49.5980987548828
21
-2.00440001487732
31
0.0
39
0.0
210
0.0
220
0.0
230
1.0
0
LINE
5
A1F
330
17
100
AcDbEntity
67
0
8
0
62
256
6
ByLayer
370
-1
48
1.0
60
0
100
AcDbLine
10
53.1291999816895
20
-2.00620007514954
30
0.0
11
53.1291999816895
21
-3.03920006752014
31
0.0
39
0.0
210
0.0
220
0.0
230
1.0
0
LINE
5
A20
330
17
100
AcDbEntity
67
0
8
0
62
256
6
ByLayer
370
-1
48
1.0
60
0
100
AcDbLine
10
53.1291999816895
20
-3.03920006752014
30
0.0
11
51.6136016845703
21
-3.91420006752014
31
0.0
39
0.0
210
0.0
220
0.0
230
1.0
0
LINE
5
A21
330
17
100
AcDbEntity
67
0
8
0
62
256
6
ByLayer
370
-1
48
1.0
60
0
100
AcDbLine
10
51.6136016845703
20
-3.91420006752014
30
0.0
11
50.0980987548828
21
-3.03920006752014
31
0.0
39
0.0
210
0.0
220
0.0
230
1.0
0
LINE
5
A22
330
17
100
AcDbEntity
67
0
8
0
62
256
6
ByLayer
370
-1
48
1.0
60
0
100
AcDbLine
10
50.0980987548828
20
-3.03920006752014
30
0.0
11
50.0980987548828
21
-2.00469994544983
31
0.0
39
0.0
210
0.0
220
0.0
230
1.0
0
LINE
5
A23
330
17
100
AcDbEntity
67
0
8
0
62
256
6
ByLayer
370
-1
48
1.0
60
0
100
AcDbLine
10
50.0980987548828
20
-2.00469994544983
30
0.0
11
53.1291999816895
21
-2.00620007514954
31
0.0
39
0.0
210
0.0
220
0.0
230
1.0
0
LINE
5
A24
330
17
100
AcDbEntity
67
0
8
0
62
256
6
ByLayer
370
-1
48
1.0
60
0
100
AcDbLine
10
56.6603012084961
20
-2.00799989700317
30
0.0
11
56.6603012084961
21
-3.03920006752014
31
0.0
39
0.0
210
0.0
220
0.0
230
1.0
0
LINE
5
A25
330
17
100
AcDbEntity
67
0
8
0
62
256
6
ByLayer
370
-1
48
1.0
60
0
100
AcDbLine
10
56.6603012084961
20
-3.03920006752014
30
0.0
11
55.1446990966797
21
-3.91420006752014
31
0.0
39
0.0
210
0.0
220
0.0
230
1.0
0
LINE
5
A26
330
17
100
AcDbEntity
67
0
8
0
62
256
6
ByLayer
370
-1
48
1.0
60
0
100
AcDbLine
10
55.1446990966797
20
-3.91420006752014
30
0.0
11
53.6291999816895
21
-3.03920006752014
31
0.0
39
0.0
210
0.0
220
0.0
230
1.0
0
LINE
5
A27
330
17
100
AcDbEntity
67
0
8
0
62
256
6
ByLayer
370
-1
48
1.0
60
0
100
AcDbLine
10
53.6291999816895
20
-3.03920006752014
30
0.0
11
53.6291999816895
21
-2.00650000572205
31
0.0
39
0.0
210
0.0
220
0.0
230
1.0
0
LINE
5
A28
330
17
100
AcDbEntity
67
0
8
0
62
256
6
ByLayer
370
-1
48
1.0
60
0
100
AcDbLine
10
53.6291999816895
20
-2.00650000572205
30
0.0
11
56.6603012084961
21
-2.00799989700317
31
0.0
39
0.0
210
0.0
220
0.0
230
1.0
0
LINE
5
A29
330
17
100
AcDbEntity
67
0
8
0
62
256
6
ByLayer
370
-1
48
1.0
60
0
100
AcDbLine
10
60.1913986206055
20
-2.00979995727539
30
0.0
11
60.1913986206055
21
-3.03920006752014
31
0.0
39
0.0
210
0.0
220
0.0
230
1.0
0
LINE
5
A2A
330
17
100
AcDbEntity
67
0
8
0
62
256
6
ByLayer
370
-1
48
1.0
60
0
100
AcDbLine
10
60.1913986206055
20
-3.03920006752014
30
0.0
11
58.6758003234863
21
-3.91420006752014
31
0.0
39
0.0
210
0.0
220
0.0
230
1.0
0
LINE
5
A2B
330
17
100
AcDbEntity
67
0
8
0
62
256
6
ByLayer
370
-1
48
1.0
60
0
100
AcDbLine
10
58.6758003234863
20
-3.91420006752014
30
0.0
11
57.1603012084961
21
-3.03920006752014
31
0.0
39
0.0
210
0.0
220
0.0
230
1.0
0
LINE
5
A2C
330
17
100
AcDbEntity
67
0
8
0
62
256
6
ByLayer
370
-1
48
1.0
60
0
100
AcDbLine
10
57.1603012084961
20
-3.03920006752014
30
0.0
11
57.1603012084961
21
-2.00830006599426
31
0.0
39
0.0
210
0.0
220
0.0
230
1.0
0
LINE
5
A2D
330
17
100
AcDbEntity
67
0
8
0
62
256
6
ByLayer
370
-1
48
1.0
60
0
100
AcDbLine
10
57.1603012084961
20
-2.00830006599426
30
0.0
11
60.1913986206055
21
-2.00979995727539
31
0.0
39
0.0
210
0.0
220
0.0
230
1.0
0
LINE
5
A2E
330
17
100
AcDbEntity
67
0
8
0
62
256
6
ByLayer
370
-1
48
1.0
60
0
100
AcDbLine
10
63.7224998474121
20
-2.01160001754761
30
0.0
11
63.7224998474121
21
-3.03920006752014
31
0.0
39
0.0
210
0.0
220
0.0
230
1.0
0
LINE
5
A2F
330
17
100
AcDbEntity
67
0
8
0
62
256
6
ByLayer
370
-1
48
1.0
60
0
100
AcDbLine
10
63.7224998474121
20
-3.03920006752014
30
0.0
11
62.2070007324219
21
-3.91420006752014
31
0.0
39
0.0
210
0.0
220
0.0
230
1.0
0
LINE
5
A30
330
17
100
AcDbEntity
67
0
8
0
62
256
6
ByLayer
370
-1
48
1.0
60
0
100
AcDbLine
10
62.2070007324219
20
-3.91420006752014
30
0.0
11
60.6913986206055
21
-3.03920006752014
31
0.0
39
0.0
210
0.0
220
0.0
230
1.0
0
LINE
5
A31
330
17
100
AcDbEntity
67
0
8
0
62
256
6
ByLayer
370
-1
48
1.0
60
0
100
AcDbLine
10
60.6913986206055
20
-3.03920006752014
30
0.0
11
60.6913986206055
21
-2.0100998878479
31
0.0
39
0.0
210
0.0
220
0.0
230
1.0
0
LINE
5
A32
330
17
100
AcDbEntity
67
0
8
0
62
256
6
ByLayer
370
-1
48
1.0
60
0
100
AcDbLine
10
60.6913986206055
20
-2.0100998878479
30
0.0
11
63.7224998474121
21
-2.01160001754761
31
0.0
39
0.0
210
0.0
220
0.0
230
1.0
0
LINE
5
A33
330
17
100
AcDbEntity
67
0
8
0
62
256
6
ByLayer
370
-1
48
1.0
60
0
100
AcDbLine
10
67.2536010742188
20
-2.01349997520447
30
0.0
11
67.2536010742188
21
-3.03920006752014
31
0.0
39
0.0
210
0.0
220
0.0
230
1.0
0
LINE
5
A34
330
17
100
AcDbEntity
67
0
8
0
62
256
6
ByLayer
370
-1
48
1.0
60
0
100
AcDbLine
10
67.2536010742188
20
-3.03920006752014
30
0.0
11
65.7380981445313
21
-3.91420006752014
31
0.0
39
0.0
210
0.0
220
0.0
230
1.0
0
LINE
5
A35
330
17
100
AcDbEntity
67
0
8
0
62
256
6
ByLayer
370
-1
48
1.0
60
0
100
AcDbLine
10
65.7380981445313
20
-3.91420006752014
30
0.0
11
64.2225036621094
21
-3.03920006752014
31
0.0
39
0.0
210
0.0
220
0.0
230
1.0
0
LINE
5
A36
330
17
100
AcDbEntity
67
0
8
0
62
256
6
ByLayer
370
-1
48
1.0
60
0
100
AcDbLine
10
64.2225036621094
20
-3.03920006752014
30
0.0
11
64.2225036621094
21
-2.01189994812012
31
0.0
39
0.0
210
0.0
220
0.0
230
1.0
0
LINE
5
A37
330
17
100
AcDbEntity
67
0
8
0
62
256
6
ByLayer
370
-1
48
1.0
60
0
100
AcDbLine
10
64.2225036621094
20
-2.01189994812012
30
0.0
11
67.2536010742188
21
-2.01349997520447
31
0.0
39
0.0
210
0.0
220
0.0
230
1.0
0
LINE
5
A38
330
17
100
AcDbEntity
67
0
8
0
62
256
6
ByLayer
370
-1
48
1.0
60
0
100
AcDbLine
10
70.7846984863281
20
-2.01530003547668
30
0.0
11
70.7846984863281
21
-3.03920006752014
31
0.0
39
0.0
210
0.0
220
0.0
230
1.0
0
LINE
5
A39
330
17
100
AcDbEntity
67
0
8
0
62
256
6
ByLayer
370
-1
48
1.0
60
0
100
AcDbLine
10
70.7846984863281
20
-3.03920006752014
30
0.0
11
69.2692031860352
21
-3.91420006752014
31
0.0
39
0.0
210
0.0
220
0.0
230
1.0
0
LINE
5
A3A
330
17
100
AcDbEntity
67
0
8
0
62
256
6
ByLayer
370
-1
48
1.0
60
0
100
AcDbLine
10
69.2692031860352
20
-3.91420006752014
30
0.0
11
67.7536010742188
21
-3.03920006752014
31
0.0
39
0.0
210
0.0
220
0.0
230
1.0
0
LINE
5
A3B
330
17
100
AcDbEntity
67
0
8
0
62
256
6
ByLayer
370
-1
48
1.0
60
0
100
AcDbLine
10
67.7536010742188
20
-3.03920006752014
30
0.0
11
67.7536010742188
21
-2.01370000839233
31
0.0
39
0.0
210
0.0
220
0.0
230
1.0
0
LINE
5
A3C
330
17
100
AcDbEntity
67
0
8
0
62
256
6
ByLayer
370
-1
48
1.0
60
0
100
AcDbLine
10
67.7536010742188
20
-2.01370000839233
30
0.0
11
70.7846984863281
21
-2.01530003547668
31
0.0
39
0.0
210
0.0
220
0.0
230
1.0
0
LINE
5
A3D
330
17
100
AcDbEntity
67
0
8
0
62
256
6
ByLayer
370
-1
48
1.0
60
0
100
AcDbLine
10
74.3159027099609
20
-2.0171000957489
30
0.0
11
74.3159027099609
21
-3.03920006752014
31
0.0
39
0.0
210
0.0
220
0.0
230
1.0
0
LINE
5
A3E
330
17
100
AcDbEntity
67
0
8
0
62
256
6
ByLayer
370
-1
48
1.0
60
0
100
AcDbLine
10
74.3159027099609
20
-3.03920006752014
30
0.0
11
72.8003005981445
21
-3.91420006752014
31
0.0
39
0.0
210
0.0
220
0.0
230
1.0
0
LINE
5
A3F
330
17
100
AcDbEntity
67
0
8
0
62
256
6
ByLayer
370
-1
48
1.0
60
0
100
AcDbLine
10
72.8003005981445
20
-3.91420006752014
30
0.0
11
71.2846984863281
21
-3.03920006752014
31
0.0
39
0.0
210
0.0
220
0.0
230
1.0
0
LINE
5
A40
330
17
100
AcDbEntity
67
0
8
0
62
256
6
ByLayer
370
-1
48
1.0
60
0
100
AcDbLine
10
71.2846984863281
20
-3.03920006752014
30
0.0
11
71.2846984863281
21
-2.01550006866455
31
0.0
39
0.0
210
0.0
220
0.0
230
1.0
0
LINE
5
A41
330
17
100
AcDbEntity
67
0
8
0
62
256
6
ByLayer
370
-1
48
1.0
60
0
100
AcDbLine
10
71.2846984863281
20
-2.01550006866455
30
0.0
11
74.3159027099609
21
-2.0171000957489
31
0.0
39
0.0
210
0.0
220
0.0
230
1.0
0
LINE
5
A42
330
17
100
AcDbEntity
67
0
8
0
62
256
6
ByLayer
370
-1
48
1.0
60
0
100
AcDbLine
10
74.8886032104492
20
-2.05699992179871
30
0.0
11
75.0057983398438
21
-2.09120011329651
31
0.0
39
0.0
210
0.0
220
0.0
230
1.0
0
LINE
5
A43
330
17
100
AcDbEntity
67
0
8
0
62
256
6
ByLayer
370
-1
48
1.0
60
0
100
AcDbLine
10
75.0057983398438
20
-2.09120011329651
30
0.0
11
75.1172027587891
21
-2.13450002670288
31
0.0
39
0.0
210
0.0
220
0.0
230
1.0
0
LINE
5
A44
330
17
100
AcDbEntity
67
0
8
0
62
256
6
ByLayer
370
-1
48
1.0
60
0
100
AcDbLine
10
75.1172027587891
20
-2.13450002670288
30
0.0
11
75.2228012084961
21
-2.18619990348816
31
0.0
39
0.0
210
0.0
220
0.0
230
1.0
0
LINE
5
A45
330
17
100
AcDbEntity
67
0
8
0
62
256
6
ByLayer
370
-1
48
1.0
60
0
100
AcDbLine
10
75.2228012084961
20
-2.18619990348816
30
0.0
11
75.3221969604492
21
-2.24559998512268
31
0.0
39
0.0
210
0.0
220
0.0
230
1.0
0
LINE
5
A46
330
17
100
AcDbEntity
67
0
8
0
62
256
6
ByLayer
370
-1
48
1.0
60
0
100
AcDbLine
10
75.3221969604492
20
-2.24559998512268
30
0.0
11
75.4156036376953
21
-2.31240010261536
31
0.0
39
0.0
210
0.0
220
0.0
230
1.0
0
LINE
5
A47
330
17
100
AcDbEntity
67
0
8
0
62
256
6
ByLayer
370
-1
48
1.0
60
0
100
AcDbLine
10
75.4156036376953
20
-2.31240010261536
30
0.0
11
75.5022964477539
21
-2.38590002059937
31
0.0
39
0.0
210
0.0
220
0.0
230
1.0
0
LINE
5
A48
330
17
100
AcDbEntity
67
0
8
0
62
256
6
ByLayer
370
-1
48
1.0
60
0
100
AcDbLine
10
75.5022964477539
20
-2.38590002059937
30
0.0
11
75.5823974609375
21
-2.46539998054504
31
0.0
39
0.0
210
0.0
220
0.0
230
1.0
0
LINE
5
A49
330
17
100
AcDbEntity
67
0
8
0
62
256
6
ByLayer
370
-1
48
1.0
60
0
100
AcDbLine
10
75.5823974609375
20
-2.46539998054504
30
0.0
11
75.6557998657227
21
-2.55080008506775
31
0.0
39
0.0
210
0.0
220
0.0
230
1.0
0
LINE
5
A4A
330
17
100
AcDbEntity
67
0
8
0
62
256
6
ByLayer
370
-1
48
1.0
60
0
100
AcDbLine
10
75.6557998657227
20
-2.55080008506775
30
0.0
11
75.7223968505859
21
-2.64120006561279
31
0.0
39
0.0
210
0.0
220
0.0
230
1.0
0
LINE
5
A4B
330
17
100
AcDbEntity
67
0
8
0
62
256
6
ByLayer
370
-1
48
1.0
60
0
100
AcDbLine
10
75.7223968505859
20
-2.64120006561279
30
0.0
11
75.7817993164063
21
-2.73620009422302
31
0.0
39
0.0
210
0.0
220
0.0
230
1.0
0
LINE
5
A4C
330
17
100
AcDbEntity
67
0
8
0
62
256
6
ByLayer
370
-1
48
1.0
60
0
100
AcDbLine
10
75.7817993164063
20
-2.73620009422302
30
0.0
11
75.834098815918
21
-2.83540010452271
31
0.0
39
0.0
210
0.0
220
0.0
230
1.0
0
LINE
5
A4D
330
17
100
AcDbEntity
67
0
8
0
62
256
6
ByLayer
370
-1
48
1.0
60
0
100
AcDbLine
10
75.834098815918
20
-2.83540010452271
30
0.0
11
75.8788986206055
21
-2.93799996376038
31
0.0
39
0.0
210
0.0
220
0.0
230
1.0
0
LINE
5
A4E
330
17
100
AcDbEntity
67
0
8
0
62
256
6
ByLayer
370
-1
48
1.0
60
0
100
AcDbLine
10
75.8788986206055
20
-2.93799996376038
30
0.0
11
75.9160003662109
21
-3.04360008239746
31
0.0
39
0.0
210
0.0
220
0.0
230
1.0
0
LINE
5
A4F
330
17
100
AcDbEntity
67
0
8
0
62
256
6
ByLayer
370
-1
48
1.0
60
0
100
AcDbLine
10
75.9160003662109
20
-3.04360008239746
30
0.0
11
75.9453964233398
21
-3.15149998664856
31
0.0
39
0.0
210
0.0
220
0.0
230
1.0
0
LINE
5
A50
330
17
100
AcDbEntity
67
0
8
0
62
256
6
ByLayer
370
-1
48
1.0
60
0
100
AcDbLine
10
75.9453964233398
20
-3.15149998664856
30
0.0
11
75.9669036865234
21
-3.2613000869751
31
0.0
39
0.0
210
0.0
220
0.0
230
1.0
0
LINE
5
A51
330
17
100
AcDbEntity
67
0
8
0
62
256
6
ByLayer
370
-1
48
1.0
60
0
100
AcDbLine
10
75.9669036865234
20
-3.2613000869751
30
0.0
11
75.9802017211914
21
-3.3724000453949
31
0.0
39
0.0
210
0.0
220
0.0
230
1.0
0
LINE
5
A52
330
17
100
AcDbEntity
67
0
8
0
62
256
6
ByLayer
370
-1
48
1.0
60
0
100
AcDbLine
10
75.9802017211914
20
-3.3724000453949
30
0.0
11
75.9851989746094
21
-3.48429989814758
31
0.0
39
0.0
210
0.0
220
0.0
230
1.0
0
LINE
5
A53
330
17
100
AcDbEntity
67
0
8
0
62
256
6
ByLayer
370
-1
48
1.0
60
0
100
AcDbLine
10
75.9851989746094
20
-3.48429989814758
30
0.0
11
75.9817962646484
21
-3.59649991989136
31
0.0
39
0.0
210
0.0
220
0.0
230
1.0
0
LINE
5
A54
330
17
100
AcDbEntity
67
0
8
0
62
256
6
ByLayer
370
-1
48
1.0
60
0
100
AcDbLine
10
75.9817962646484
20
-3.59649991989136
30
0.0
11
75.970100402832
21
-3.70560002326965
31
0.0
39
0.0
210
0.0
220
0.0
230
1.0
0
LINE
5
A55
330
17
100
AcDbEntity
67
0
8
0
62
256
6
ByLayer
370
-1
48
1.0
60
0
100
AcDbLine
10
75.970100402832
20
-3.70560002326965
30
0.0
11
74.8159027099609
21
-3.03920006752014
31
0.0
39
0.0
210
0.0
220
0.0
230
1.0
0
LINE
5
A56
330
17
100
AcDbEntity
67
0
8
0
62
256
6
ByLayer
370
-1
48
1.0
60
0
100
AcDbLine
10
74.8159027099609
20
-3.03920006752014
30
0.0
11
74.8159027099609
21
-2.04220008850098
31
0.0
39
0.0
210
0.0
220
0.0
230
1.0
0
LINE
5
A57
330
17
100
AcDbEntity
67
0
8
0
62
256
6
ByLayer
370
-1
48
1.0
60
0
100
AcDbLine
10
74.8159027099609
20
-2.04220008850098
30
0.0
11
74.8886032104492
21
-2.05699992179871
31
0.0
39
0.0
210
0.0
220
0.0
230
1.0
0
LINE
5
A58
330
17
100
AcDbEntity
67
0
8
0
62
256
6
ByLayer
370
-1
48
1.0
60
0
100
AcDbLine
10
-17.6236000061035
20
-7.416100025177
30
0.0
11
-19.0571994781494
21
-3.13849997520447
31
0.0
39
0.0
210
0.0
220
0.0
230
1.0
0
LINE
5
A59
330
17
100
AcDbEntity
67
0
8
0
62
256
6
ByLayer
370
-1
48
1.0
60
0
100
AcDbLine
10
-19.0571994781494
20
-3.13849997520447
30
0.0
11
-19.1149997711182
21
-3.01620006561279
31
0.0
39
0.0
210
0.0
220
0.0
230
1.0
0
LINE
5
A5A
330
17
100
AcDbEntity
67
0
8
0
62
256
6
ByLayer
370
-1
48
1.0
60
0
100
AcDbLine
10
-19.1149997711182
20
-3.01620006561279
30
0.0
11
-19.1816005706787
21
-2.90009999275208
31
0.0
39
0.0
210
0.0
220
0.0
230
1.0
0
LINE
5
A5B
330
17
100
AcDbEntity
67
0
8
0
62
256
6
ByLayer
370
-1
48
1.0
60
0
100
AcDbLine
10
-19.1816005706787
20
-2.90009999275208
30
0.0
11
-19.2567005157471
21
-2.79029989242554
31
0.0
39
0.0
210
0.0
220
0.0
230
1.0
0
LINE
5
A5C
330
17
100
AcDbEntity
67
0
8
0
62
256
6
ByLayer
370
-1
48
1.0
60
0
100
AcDbLine
10
-19.2567005157471
20
-2.79029989242554
30
0.0
11
-19.3397006988525
21
-2.68709993362427
31
0.0
39
0.0
210
0.0
220
0.0
230
1.0
0
LINE
5
A5D
330
17
100
AcDbEntity
67
0
8
0
62
256
6
ByLayer
370
-1
48
1.0
60
0
100
AcDbLine
10
-19.3397006988525
20
-2.68709993362427
30
0.0
11
-19.4298000335693
21
-2.59109997749329
31
0.0
39
0.0
210
0.0
220
0.0
230
1.0
0
LINE
5
A5E
330
17
100
AcDbEntity
67
0
8
0
62
256
6
ByLayer
370
-1
48
1.0
60
0
100
AcDbLine
10
-19.4298000335693
20
-2.59109997749329
30
0.0
11
-19.5268993377686
21
-2.5025999546051
31
0.0
39
0.0
210
0.0
220
0.0
230
1.0
0
LINE
5
A5F
330
17
100
AcDbEntity
67
0
8
0
62
256
6
ByLayer
370
-1
48
1.0
60
0
100
AcDbLine
10
-19.5268993377686
20
-2.5025999546051
30
0.0
11
-19.6303005218506
21
-2.42170000076294
31
0.0
39
0.0
210
0.0
220
0.0
230
1.0
0
LINE
5
A60
330
17
100
AcDbEntity
67
0
8
0
62
256
6
ByLayer
370
-1
48
1.0
60
0
100
AcDbLine
10
-19.6303005218506
20
-2.42170000076294
30
0.0
11
-19.7395992279053
21
-2.34899997711182
31
0.0
39
0.0
210
0.0
220
0.0
230
1.0
0
LINE
5
A61
330
17
100
AcDbEntity
67
0
8
0
62
256
6
ByLayer
370
-1
48
1.0
60
0
100
AcDbLine
10
-19.7395992279053
20
-2.34899997711182
30
0.0
11
-19.8544006347656
21
-2.28480005264282
31
0.0
39
0.0
210
0.0
220
0.0
230
1.0
0
LINE
5
A62
330
17
100
AcDbEntity
67
0
8
0
62
256
6
ByLayer
370
-1
48
1.0
60
0
100
AcDbLine
10
-19.8544006347656
20
-2.28480005264282
30
0.0
11
-19.9740009307861
21
-2.22970008850098
31
0.0
39
0.0
210
0.0
220
0.0
230
1.0
0
LINE
5
A63
330
17
100
AcDbEntity
67
0
8
0
62
256
6
ByLayer
370
-1
48
1.0
60
0
100
AcDbLine
10
-19.9740009307861
20
-2.22970008850098
30
0.0
11
-20.0981006622314
21
-2.18379998207092
31
0.0
39
0.0
210
0.0
220
0.0
230
1.0
0
LINE
5
A64
330
17
100
AcDbEntity
67
0
8
0
62
256
6
ByLayer
370
-1
48
1.0
60
0
100
AcDbLine
10
-20.0981006622314
20
-2.18379998207092
30
0.0
11
-20.2262001037598
21
-2.14750003814697
31
0.0
39
0.0
210
0.0
220
0.0
230
1.0
0
LINE
5
A65
330
17
100
AcDbEntity
67
0
8
0
62
256
6
ByLayer
370
-1
48
1.0
60
0
100
AcDbLine
10
-20.2262001037598
20
-2.14750003814697
30
0.0
11
-20.3575000762939
21
-2.12089991569519
31
0.0
39
0.0
210
0.0
220
0.0
230
1.0
0
LINE
5
A66
330
17
100
AcDbEntity
67
0
8
0
62
256
6
ByLayer
370
-1
48
1.0
60
0
100
AcDbLine
10
-20.3575000762939
20
-2.12089991569519
30
0.0
11
-20.49169921875
21
-2.10479998588562
31
0.0
39
0.0
210
0.0
220
0.0
230
1.0
0
LINE
5
A67
330
17
100
AcDbEntity
67
0
8
0
62
256
6
ByLayer
370
-1
48
1.0
60
0
100
AcDbLine
10
-20.49169921875
20
-2.10479998588562
30
0.0
11
-37.3810005187988
21
-2.10630011558533
31
0.0
39
0.0
210
0.0
220
0.0
230
1.0
0
LINE
5
A68
330
17
100
AcDbEntity
67
0
8
0
62
256
6
ByLayer
370
-1
48
1.0
60
0
100
AcDbLine
10
-37.3810005187988
20
-2.10630011558533
30
0.0
11
-37.5125007629395
21
-2.12809991836548
31
0.0
39
0.0
210
0.0
220
0.0
230
1.0
0
LINE
5
A69
330
17
100
AcDbEntity
67
0
8
0
62
256
6
ByLayer
370
-1
48
1.0
60
0
100
AcDbLine
10
-37.5125007629395
20
-2.12809991836548
30
0.0
11
-37.638500213623
21
-2.16359996795654
31
0.0
39
0.0
210
0.0
220
0.0
230
1.0
0
LINE
5
A6A
330
17
100
AcDbEntity
67
0
8
0
62
256
6
ByLayer
370
-1
48
1.0
60
0
100
AcDbLine
10
-37.638500213623
20
-2.16359996795654
30
0.0
11
-37.7583999633789
21
-2.21189999580383
31
0.0
39
0.0
210
0.0
220
0.0
230
1.0
0
LINE
5
A6B
330
17
100
AcDbEntity
67
0
8
0
62
256
6
ByLayer
370
-1
48
1.0
60
0
100
AcDbLine
10
-37.7583999633789
20
-2.21189999580383
30
0.0
11
-37.8712997436523
21
-2.27180004119873
31
0.0
39
0.0
210
0.0
220
0.0
230
1.0
0
LINE
5
A6C
330
17
100
AcDbEntity
67
0
8
0
62
256
6
ByLayer
370
-1
48
1.0
60
0
100
AcDbLine
10
-37.8712997436523
20
-2.27180004119873
30
0.0
11
-37.9766006469727
21
-2.3429000377655
31
0.0
39
0.0
210
0.0
220
0.0
230
1.0
0
LINE
5
A6D
330
17
100
AcDbEntity
67
0
8
0
62
256
6
ByLayer
370
-1
48
1.0
60
0
100
AcDbLine
10
-37.9766006469727
20
-2.3429000377655
30
0.0
11
-38.0736999511719
21
-2.42429995536804
31
0.0
39
0.0
210
0.0
220
0.0
230
1.0
0
LINE
5
A6E
330
17
100
AcDbEntity
67
0
8
0
62
256
6
ByLayer
370
-1
48
1.0
60
0
100
AcDbLine
10
-38.0736999511719
20
-2.42429995536804
30
0.0
11
-38.1617012023926
21
-2.51500010490417
31
0.0
39
0.0
210
0.0
220
0.0
230
1.0
0
LINE
5
A6F
330
17
100
AcDbEntity
67
0
8
0
62
256
6
ByLayer
370
-1
48
1.0
60
0
100
AcDbLine
10
-38.1617012023926
20
-2.51500010490417
30
0.0
11
-38.2397003173828
21
-2.61420011520386
31
0.0
39
0.0
210
0.0
220
0.0
230
1.0
0
LINE
5
A70
330
17
100
AcDbEntity
67
0
8
0
62
256
6
ByLayer
370
-1
48
1.0
60
0
100
AcDbLine
10
-38.2397003173828
20
-2.61420011520386
30
0.0
11
-38.307300567627
21
-2.7211000919342
31
0.0
39
0.0
210
0.0
220
0.0
230
1.0
0
LINE
5
A71
330
17
100
AcDbEntity
67
0
8
0
62
256
6
ByLayer
370
-1
48
1.0
60
0
100
AcDbLine
10
-38.307300567627
20
-2.7211000919342
30
0.0
11
-38.3634986877441
21
-2.83480000495911
31
0.0
39
0.0
210
0.0
220
0.0
230
1.0
0
LINE
5
A72
330
17
100
AcDbEntity
67
0
8
0
62
256
6
ByLayer
370
-1
48
1.0
60
0
100
AcDbLine
10
-38.3634986877441
20
-2.83480000495911
30
0.0
11
-38.4077987670898
21
-2.95469999313354
31
0.0
39
0.0
210
0.0
220
0.0
230
1.0
0
LINE
5
A73
330
17
100
AcDbEntity
67
0
8
0
62
256
6
ByLayer
370
-1
48
1.0
60
0
100
AcDbLine
10
-38.4077987670898
20
-2.95469999313354
30
0.0
11
-38.4390983581543
21
-3.07990002632141
31
0.0
39
0.0
210
0.0
220
0.0
230
1.0
0
LINE
5
A74
330
17
100
AcDbEntity
67
0
8
0
62
256
6
ByLayer
370
-1
48
1.0
60
0
100
AcDbLine
10
-38.4390983581543
20
-3.07990002632141
30
0.0
11
-38.4571990966797
21
-3.20959997177124
31
0.0
39
0.0
210
0.0
220
0.0
230
1.0
0
LINE
5
A75
330
17
100
AcDbEntity
67
0
8
0
62
256
6
ByLayer
370
-1
48
1.0
60
0
100
AcDbLine
10
-38.4571990966797
20
-3.20959997177124
30
0.0
11
-38.4608993530273
21
-3.34270000457764
31
0.0
39
0.0
210
0.0
220
0.0
230
1.0
0
LINE
5
A76
330
17
100
AcDbEntity
67
0
8
0
62
256
6
ByLayer
370
-1
48
1.0
60
0
100
AcDbLine
10
-38.4608993530273
20
-3.34270000457764
30
0.0
11
-38.2270011901855
21
-5.59709978103638
31
0.0
39
0.0
210
0.0
220
0.0
230
1.0
0
LINE
5
A77
330
17
100
AcDbEntity
67
0
8
0
62
256
6
ByLayer
370
-1
48
1.0
60
0
100
AcDbLine
10
-38.2270011901855
20
-5.59709978103638
30
0.0
11
-38.1938018798828
21
-9.24919986724854
31
0.0
39
0.0
210
0.0
220
0.0
230
1.0
0
LINE
5
A78
330
17
100
AcDbEntity
67
0
8
0
62
256
6
ByLayer
370
-1
48
1.0
60
0
100
AcDbLine
10
-38.1938018798828
20
-9.24919986724854
30
0.0
11
-38.1808013916016
21
-9.38230037689209
31
0.0
39
0.0
210
0.0
220
0.0
230
1.0
0
LINE
5
A79
330
17
100
AcDbEntity
67
0
8
0
62
256
6
ByLayer
370
-1
48
1.0
60
0
100
AcDbLine
10
-38.1808013916016
20
-9.38230037689209
30
0.0
11
-38.154598236084
21
-9.51119995117188
31
0.0
39
0.0
210
0.0
220
0.0
230
1.0
0
LINE
5
A7A
330
17
100
AcDbEntity
67
0
8
0
62
256
6
ByLayer
370
-1
48
1.0
60
0
100
AcDbLine
10
-38.154598236084
20
-9.51119995117188
30
0.0
11
-38.1157989501953
21
-9.63529968261719
31
0.0
39
0.0
210
0.0
220
0.0
230
1.0
0
LINE
5
A7B
330
17
100
AcDbEntity
67
0
8
0
62
256
6
ByLayer
370
-1
48
1.0
60
0
100
AcDbLine
10
-38.1157989501953
20
-9.63529968261719
30
0.0
11
-38.0654983520508
21
-9.75389957427979
31
0.0
39
0.0
210
0.0
220
0.0
230
1.0
0
LINE
5
A7C
330
17
100
AcDbEntity
67
0
8
0
62
256
6
ByLayer
370
-1
48
1.0
60
0
100
AcDbLine
10
-38.0654983520508
20
-9.75389957427979
30
0.0
11
-38.0037002563477
21
-9.86600017547607
31
0.0
39
0.0
210
0.0
220
0.0
230
1.0
0
LINE
5
A7D
330
17
100
AcDbEntity
67
0
8
0
62
256
6
ByLayer
370
-1
48
1.0
60
0
100
AcDbLine
10
-38.0037002563477
20
-9.86600017547607
30
0.0
11
-37.9314994812012
21
-9.97109985351563
31
0.0
39
0.0
210
0.0
220
0.0
230
1.0
0
LINE
5
A7E
330
17
100
AcDbEntity
67
0
8
0
62
256
6
ByLayer
370
-1
48
1.0
60
0
100
AcDbLine
10
-37.9314994812012
20
-9.97109985351563
30
0.0
11
-37.8496017456055
21
-10.0680999755859
31
0.0
39
0.0
210
0.0
220
0.0
230
1.0
0
LINE
5
A7F
330
17
100
AcDbEntity
67
0
8
0
62
256
6
ByLayer
370
-1
48
1.0
60
0
100
AcDbLine
10
-37.8496017456055
20
-10.0680999755859
30
0.0
11
-37.7583999633789
21
-10.1567001342773
31
0.0
39
0.0
210
0.0
220
0.0
230
1.0
0
LINE
5
A80
330
17
100
AcDbEntity
67
0
8
0
62
256
6
ByLayer
370
-1
48
1.0
60
0
100
AcDbLine
10
-37.7583999633789
20
-10.1567001342773
30
0.0
11
-37.6585998535156
21
-10.2360000610352
31
0.0
39
0.0
210
0.0
220
0.0
230
1.0
0
LINE
5
A81
330
17
100
AcDbEntity
67
0
8
0
62
256
6
ByLayer
370
-1
48
1.0
60
0
100
AcDbLine
10
-37.6585998535156
20
-10.2360000610352
30
0.0
11
-37.5512008666992
21
-10.3051996231079
31
0.0
39
0.0
210
0.0
220
0.0
230
1.0
0
LINE
5
A82
330
17
100
AcDbEntity
67
0
8
0
62
256
6
ByLayer
370
-1
48
1.0
60
0
100
AcDbLine
10
-37.5512008666992
20
-10.3051996231079
30
0.0
11
-37.4366989135742
21
-10.3635997772217
31
0.0
39
0.0
210
0.0
220
0.0
230
1.0
0
LINE
5
A83
330
17
100
AcDbEntity
67
0
8
0
62
256
6
ByLayer
370
-1
48
1.0
60
0
100
AcDbLine
10
-37.4366989135742
20
-10.3635997772217
30
0.0
11
-37.3157005310059
21
-10.4102001190186
31
0.0
39
0.0
210
0.0
220
0.0
230
1.0
0
LINE
5
A84
330
17
100
AcDbEntity
67
0
8
0
62
256
6
ByLayer
370
-1
48
1.0
60
0
100
AcDbLine
10
-37.3157005310059
20
-10.4102001190186
30
0.0
11
-37.1889991760254
21
-10.4447002410889
31
0.0
39
0.0
210
0.0
220
0.0
230
1.0
0
LINE
5
A85
330
17
100
AcDbEntity
67
0
8
0
62
256
6
ByLayer
370
-1
48
1.0
60
0
100
AcDbLine
10
-37.1889991760254
20
-10.4447002410889
30
0.0
11
-37.057201385498
21
-10.4661998748779
31
0.0
39
0.0
210
0.0
220
0.0
230
1.0
0
LINE
5
A86
330
17
100
AcDbEntity
67
0
8
0
62
256
6
ByLayer
370
-1
48
1.0
60
0
100
AcDbLine
10
-37.057201385498
20
-10.4661998748779
30
0.0
11
-18.5457000732422
21
-10.4686002731323
31
0.0
39
0.0
210
0.0
220
0.0
230
1.0
0
LINE
5
A87
330
17
100
AcDbEntity
67
0
8
0
62
256
6
ByLayer
370
-1
48
1.0
60
0
100
AcDbLine
10
-18.5457000732422
20
-10.4686002731323
30
0.0
11
-18.3444004058838
21
-10.4287996292114
31
0.0
39
0.0
210
0.0
220
0.0
230
1.0
0
LINE
5
A88
330
17
100
AcDbEntity
67
0
8
0
62
256
6
ByLayer
370
-1
48
1.0
60
0
100
AcDbLine
10
-18.3444004058838
20
-10.4287996292114
30
0.0
11
-18.1544990539551
21
-10.3648996353149
31
0.0
39
0.0
210
0.0
220
0.0
230
1.0
0
LINE
5
A89
330
17
100
AcDbEntity
67
0
8
0
62
256
6
ByLayer
370
-1
48
1.0
60
0
100
AcDbLine
10
-18.1544990539551
20
-10.3648996353149
30
0.0
11
-17.9773998260498
21
-10.2791996002197
31
0.0
39
0.0
210
0.0
220
0.0
230
1.0
0
LINE
5
A8A
330
17
100
AcDbEntity
67
0
8
0
62
256
6
ByLayer
370
-1
48
1.0
60
0
100
AcDbLine
10
-17.9773998260498
20
-10.2791996002197
30
0.0
11
-17.8143005371094
21
-10.1733999252319
31
0.0
39
0.0
210
0.0
220
0.0
230
1.0
0
LINE
5
A8B
330
17
100
AcDbEntity
67
0
8
0
62
256
6
ByLayer
370
-1
48
1.0
60
0
100
AcDbLine
10
-17.8143005371094
20
-10.1733999252319
30
0.0
11
-17.6662998199463
21
-10.049599647522
31
0.0
39
0.0
210
0.0
220
0.0
230
1.0
0
LINE
5
A8C
330
17
100
AcDbEntity
67
0
8
0
62
256
6
ByLayer
370
-1
48
1.0
60
0
100
AcDbLine
10
-17.6662998199463
20
-10.049599647522
30
0.0
11
-17.5347003936768
21
-9.90950012207031
31
0.0
39
0.0
210
0.0
220
0.0
230
1.0
0
LINE
5
A8D
330
17
100
AcDbEntity
67
0
8
0
62
256
6
ByLayer
370
-1
48
1.0
60
0
100
AcDbLine
10
-17.5347003936768
20
-9.90950012207031
30
0.0
11
-17.4209995269775
21
-9.75520038604736
31
0.0
39
0.0
210
0.0
220
0.0
230
1.0
0
LINE
5
A8E
330
17
100
AcDbEntity
67
0
8
0
62
256
6
ByLayer
370
-1
48
1.0
60
0
100
AcDbLine
10
-17.4209995269775
20
-9.75520038604736
30
0.0
11
-17.3262996673584
21
-9.58839988708496
31
0.0
39
0.0
210
0.0
220
0.0
230
1.0
0
LINE
5
A8F
330
17
100
AcDbEntity
67
0
8
0
62
256
6
ByLayer
370
-1
48
1.0
60
0
100
AcDbLine
10
-17.3262996673584
20
-9.58839988708496
30
0.0
11
-17.2520008087158
21
-9.41119956970215
31
0.0
39
0.0
210
0.0
220
0.0
230
1.0
0
LINE
5
A90
330
17
100
AcDbEntity
67
0
8
0
62
256
6
ByLayer
370
-1
48
1.0
60
0
100
AcDbLine
10
-17.2520008087158
20
-9.41119956970215
30
0.0
11
-17.1993007659912
21
-9.22560024261475
31
0.0
39
0.0
210
0.0
220
0.0
230
1.0
0
LINE
5
A91
330
17
100
AcDbEntity
67
0
8
0
62
256
6
ByLayer
370
-1
48
1.0
60
0
100
AcDbLine
10
-17.1993007659912
20
-9.22560024261475
30
0.0
11
-17.1693000793457
21
-9.03359985351563
31
0.0
39
0.0
210
0.0
220
0.0
230
1.0
0
LINE
5
A92
330
17
100
AcDbEntity
67
0
8
0
62
256
6
ByLayer
370
-1
48
1.0
60
0
100
AcDbLine
10
-17.1693000793457
20
-9.03359985351563
30
0.0
11
-17.163200378418
21
-8.8371000289917
31
0.0
39
0.0
210
0.0
220
0.0
230
1.0
0
LINE
5
A93
330
17
100
AcDbEntity
67
0
8
0
62
256
6
ByLayer
370
-1
48
1.0
60
0
100
AcDbLine
10
-17.163200378418
20
-8.8371000289917
30
0.0
11
-17.1826000213623
21
-8.63790035247803
31
0.0
39
0.0
210
0.0
220
0.0
230
1.0
0
LINE
5
A94
330
17
100
AcDbEntity
67
0
8
0
62
256
6
ByLayer
370
-1
48
1.0
60
0
100
AcDbLine
10
-17.1826000213623
20
-8.63790035247803
30
0.0
11
-17.2283992767334
21
-8.4379997253418
31
0.0
39
0.0
210
0.0
220
0.0
230
1.0
0
LINE
5
A95
330
17
100
AcDbEntity
67
0
8
0
62
256
6
ByLayer
370
-1
48
1.0
60
0
100
AcDbLine
10
-17.2283992767334
20
-8.4379997253418
30
0.0
11
-17.6236000061035
21
-7.416100025177
31
0.0
39
0.0
210
0.0
220
0.0
230
1.0
0
LINE
5
A96
330
17
100
AcDbEntity
67
0
8
0
62
256
6
ByLayer
370
-1
48
1.0
60
0
100
AcDbLine
10
90.1095962524414
20
-86.5157012939453
30
0.0
11
89.7571029663086
21
-84.6967010498047
31
0.0
39
0.0
210
0.0
220
0.0
230
1.0
0
LINE
5
A97
330
17
100
AcDbEntity
67
0
8
0
62
256
6
ByLayer
370
-1
48
1.0
60
0
100
AcDbLine
10
89.7571029663086
20
-84.6967010498047
30
0.0
11
89.2273025512695
21
-82.8868026733398
31
0.0
39
0.0
210
0.0
220
0.0
230
1.0
0
LINE
5
A98
330
17
100
AcDbEntity
67
0
8
0
62
256
6
ByLayer
370
-1
48
1.0
60
0
100
AcDbLine
10
89.2273025512695
20
-82.8868026733398
30
0.0
11
87.7818984985352
21
-79.3087005615234
31
0.0
39
0.0
210
0.0
220
0.0
230
1.0
0
LINE
5
A99
330
17
100
AcDbEntity
67
0
8
0
62
256
6
ByLayer
370
-1
48
1.0
60
0
100
AcDbLine
10
87.7818984985352
20
-79.3087005615234
30
0.0
11
73.1942977905273
21
-49.717098236084
31
0.0
39
0.0
210
0.0
220
0.0
230
1.0
0
LINE
5
A9A
330
17
100
AcDbEntity
67
0
8
0
62
256
6
ByLayer
370
-1
48
1.0
60
0
100
AcDbLine
10
73.1942977905273
20
-49.717098236084
30
0.0
11
67.7391967773438
21
-36.1792984008789
31
0.0
39
0.0
210
0.0
220
0.0
230
1.0
0
LINE
5
A9B
330
17
100
AcDbEntity
67
0
8
0
62
256
6
ByLayer
370
-1
48
1.0
60
0
100
AcDbLine
10
67.7391967773438
20
-36.1792984008789
30
0.0
11
65.5738983154297
21
-29.065299987793
31
0.0
39
0.0
210
0.0
220
0.0
230
1.0
0
LINE
5
A9C
330
17
100
AcDbEntity
67
0
8
0
62
256
6
ByLayer
370
-1
48
1.0
60
0
100
AcDbLine
10
65.5738983154297
20
-29.065299987793
30
0.0
11
63.9845008850098
21
-21.7978000640869
31
0.0
39
0.0
210
0.0
220
0.0
230
1.0
0
LINE
5
A9D
330
17
100
AcDbEntity
67
0
8
0
62
256
6
ByLayer
370
-1
48
1.0
60
0
100
AcDbLine
10
63.9845008850098
20
-21.7978000640869
30
0.0
11
63.9269981384277
21
-21.2162990570068
31
0.0
39
0.0
210
0.0
220
0.0
230
1.0
0
LINE
5
A9E
330
17
100
AcDbEntity
67
0
8
0
62
256
6
ByLayer
370
-1
48
1.0
60
0
100
AcDbLine
10
63.9269981384277
20
-21.2162990570068
30
0.0
11
63.9712982177734
21
-19.9468002319336
31
0.0
39
0.0
210
0.0
220
0.0
230
1.0
0
LINE
5
A9F
330
17
100
AcDbEntity
67
0
8
0
62
256
6
ByLayer
370
-1
48
1.0
60
0
100
AcDbLine
10
63.9712982177734
20
-19.9468002319336
30
0.0
11
64.043098449707
21
-19.363899230957
31
0.0
39
0.0
210
0.0
220
0.0
230
1.0
0
LINE
5
AA0
330
17
100
AcDbEntity
67
0
8
0
62
256
6
ByLayer
370
-1
48
1.0
60
0
100
AcDbLine
10
64.043098449707
20
-19.363899230957
30
0.0
11
64.152099609375
21
-18.8059005737305
31
0.0
39
0.0
210
0.0
220
0.0
230
1.0
0
LINE
5
AA1
330
17
100
AcDbEntity
67
0
8
0
62
256
6
ByLayer
370
-1
48
1.0
60
0
100
AcDbLine
10
64.152099609375
20
-18.8059005737305
30
0.0
11
64.5717010498047
21
-17.4451007843018
31
0.0
39
0.0
210
0.0
220
0.0
230
1.0
0
LINE
5
AA2
330
17
100
AcDbEntity
67
0
8
0
62
256
6
ByLayer
370
-1
48
1.0
60
0
100
AcDbLine
10
64.5717010498047
20
-17.4451007843018
30
0.0
11
65.2791976928711
21
-15.809700012207
31
0.0
39
0.0
210
0.0
220
0.0
230
1.0
0
LINE
5
AA3
330
17
100
AcDbEntity
67
0
8
0
62
256
6
ByLayer
370
-1
48
1.0
60
0
100
AcDbLine
10
65.2791976928711
20
-15.809700012207
30
0.0
11
66.2973022460938
21
-13.9619998931885
31
0.0
39
0.0
210
0.0
220
0.0
230
1.0
0
LINE
5
AA4
330
17
100
AcDbEntity
67
0
8
0
62
256
6
ByLayer
370
-1
48
1.0
60
0
100
AcDbLine
10
66.2973022460938
20
-13.9619998931885
30
0.0
11
67.649299621582
21
-11.964599609375
31
0.0
39
0.0
210
0.0
220
0.0
230
1.0
0
LINE
5
AA5
330
17
100
AcDbEntity
67
0
8
0
62
256
6
ByLayer
370
-1
48
1.0
60
0
100
AcDbLine
10
67.649299621582
20
-11.964599609375
30
0.0
11
69.3576965332031
21
-9.87959957122803
31
0.0
39
0.0
210
0.0
220
0.0
230
1.0
0
LINE
5
AA6
330
17
100
AcDbEntity
67
0
8
0
62
256
6
ByLayer
370
-1
48
1.0
60
0
100
AcDbLine
10
69.3576965332031
20
-9.87959957122803
30
0.0
11
71.4456024169922
21
-7.76940011978149
31
0.0
39
0.0
210
0.0
220
0.0
230
1.0
0
LINE
5
AA7
330
17
100
AcDbEntity
67
0
8
0
62
256
6
ByLayer
370
-1
48
1.0
60
0
100
AcDbLine
10
71.4456024169922
20
-7.76940011978149
30
0.0
11
73.9357986450195
21
-5.69659996032715
31
0.0
39
0.0
210
0.0
220
0.0
230
1.0
0
LINE
5
AA8
330
17
100
AcDbEntity
67
0
8
0
62
256
6
ByLayer
370
-1
48
1.0
60
0
100
AcDbLine
10
73.9357986450195
20
-5.69659996032715
30
0.0
11
75.4462966918945
21
-4.61409997940063
31
0.0
39
0.0
210
0.0
220
0.0
230
1.0
0
LINE
5
AA9
330
17
100
AcDbEntity
67
0
8
0
62
256
6
ByLayer
370
-1
48
1.0
60
0
100
AcDbLine
10
75.4462966918945
20
-4.61409997940063
30
0.0
11
75.5434036254883
21
-4.52890014648438
31
0.0
39
0.0
210
0.0
220
0.0
230
1.0
0
LINE
5
AAA
330
17
100
AcDbEntity
67
0
8
0
62
256
6
ByLayer
370
-1
48
1.0
60
0
100
AcDbLine
10
75.5434036254883
20
-4.52890014648438
30
0.0
11
75.6304016113281
21
-4.43879985809326
31
0.0
39
0.0
210
0.0
220
0.0
230
1.0
0
LINE
5
AAB
330
17
100
AcDbEntity
67
0
8
0
62
256
6
ByLayer
370
-1
48
1.0
60
0
100
AcDbLine
10
75.6304016113281
20
-4.43879985809326
30
0.0
11
75.7072982788086
21
-4.34380006790161
31
0.0
39
0.0
210
0.0
220
0.0
230
1.0
0
LINE
5
AAC
330
17
100
AcDbEntity
67
0
8
0
62
256
6
ByLayer
370
-1
48
1.0
60
0
100
AcDbLine
10
75.7072982788086
20
-4.34380006790161
30
0.0
11
75.7745971679688
21
-4.24490022659302
31
0.0
39
0.0
210
0.0
220
0.0
230
1.0
0
LINE
5
AAD
330
17
100
AcDbEntity
67
0
8
0
62
256
6
ByLayer
370
-1
48
1.0
60
0
100
AcDbLine
10
75.7745971679688
20
-4.24490022659302
30
0.0
11
75.8321990966797
21
-4.14249992370605
31
0.0
39
0.0
210
0.0
220
0.0
230
1.0
0
LINE
5
AAE
330
17
100
AcDbEntity
67
0
8
0
62
256
6
ByLayer
370
-1
48
1.0
60
0
100
AcDbLine
10
75.8321990966797
20
-4.14249992370605
30
0.0
11
75.880500793457
21
-4.03730010986328
31
0.0
39
0.0
210
0.0
220
0.0
230
1.0
0
LINE
5
AAF
330
17
100
AcDbEntity
67
0
8
0
62
256
6
ByLayer
370
-1
48
1.0
60
0
100
AcDbLine
10
75.880500793457
20
-4.03730010986328
30
0.0
11
75.9194030761719
21
-3.92930006980896
31
0.0
39
0.0
210
0.0
220
0.0
230
1.0
0
LINE
5
AB0
330
17
100
AcDbEntity
67
0
8
0
62
256
6
ByLayer
370
-1
48
1.0
60
0
100
AcDbLine
10
75.9194030761719
20
-3.92930006980896
30
0.0
11
75.9490966796875
21
-3.81949996948242
31
0.0
39
0.0
210
0.0
220
0.0
230
1.0
0
LINE
5
AB1
330
17
100
AcDbEntity
67
0
8
0
62
256
6
ByLayer
370
-1
48
1.0
60
0
100
AcDbLine
10
75.9490966796875
20
-3.81949996948242
30
0.0
11
75.9698028564453
21
-3.70840001106262
31
0.0
39
0.0
210
0.0
220
0.0
230
1.0
0
LINE
5
AB2
330
17
100
AcDbEntity
67
0
8
0
62
256
6
ByLayer
370
-1
48
1.0
60
0
100
AcDbLine
10
75.9698028564453
20
-3.70840001106262
30
0.0
11
75.9817962646484
21
-3.59649991989136
31
0.0
39
0.0
210
0.0
220
0.0
230
1.0
0
LINE
5
AB3
330
17
100
AcDbEntity
67
0
8
0
62
256
6
ByLayer
370
-1
48
1.0
60
0
100
AcDbLine
10
75.9817962646484
20
-3.59649991989136
30
0.0
11
75.9851989746094
21
-3.48429989814758
31
0.0
39
0.0
210
0.0
220
0.0
230
1.0
0
LINE
5
AB4
330
17
100
AcDbEntity
67
0
8
0
62
256
6
ByLayer
370
-1
48
1.0
60
0
100
AcDbLine
10
75.9851989746094
20
-3.48429989814758
30
0.0
11
75.9802017211914
21
-3.3724000453949
31
0.0
39
0.0
210
0.0
220
0.0
230
1.0
0
LINE
5
AB5
330
17
100
AcDbEntity
67
0
8
0
62
256
6
ByLayer
370
-1
48
1.0
60
0
100
AcDbLine
10
75.9802017211914
20
-3.3724000453949
30
0.0
11
75.9669036865234
21
-3.2613000869751
31
0.0
39
0.0
210
0.0
220
0.0
230
1.0
0
LINE
5
AB6
330
17
100
AcDbEntity
67
0
8
0
62
256
6
ByLayer
370
-1
48
1.0
60
0
100
AcDbLine
10
75.9669036865234
20
-3.2613000869751
30
0.0
11
75.9453964233398
21
-3.15149998664856
31
0.0
39
0.0
210
0.0
220
0.0
230
1.0
0
LINE
5
AB7
330
17
100
AcDbEntity
67
0
8
0
62
256
6
ByLayer
370
-1
48
1.0
60
0
100
AcDbLine
10
75.9453964233398
20
-3.15149998664856
30
0.0
11
75.9160003662109
21
-3.04360008239746
31
0.0
39
0.0
210
0.0
220
0.0
230
1.0
0
LINE
5
AB8
330
17
100
AcDbEntity
67
0
8
0
62
256
6
ByLayer
370
-1
48
1.0
60
0
100
AcDbLine
10
75.9160003662109
20
-3.04360008239746
30
0.0
11
75.8788986206055
21
-2.93799996376038
31
0.0
39
0.0
210
0.0
220
0.0
230
1.0
0
LINE
5
AB9
330
17
100
AcDbEntity
67
0
8
0
62
256
6
ByLayer
370
-1
48
1.0
60
0
100
AcDbLine
10
75.8788986206055
20
-2.93799996376038
30
0.0
11
75.834098815918
21
-2.83540010452271
31
0.0
39
0.0
210
0.0
220
0.0
230
1.0
0
LINE
5
ABA
330
17
100
AcDbEntity
67
0
8
0
62
256
6
ByLayer
370
-1
48
1.0
60
0
100
AcDbLine
10
75.834098815918
20
-2.83540010452271
30
0.0
11
75.7817993164063
21
-2.73620009422302
31
0.0
39
0.0
210
0.0
220
0.0
230
1.0
0
LINE
5
ABB
330
17
100
AcDbEntity
67
0
8
0
62
256
6
ByLayer
370
-1
48
1.0
60
0
100
AcDbLine
10
75.7817993164063
20
-2.73620009422302
30
0.0
11
75.7223968505859
21
-2.64120006561279
31
0.0
39
0.0
210
0.0
220
0.0
230
1.0
0
LINE
5
ABC
330
17
100
AcDbEntity
67
0
8
0
62
256
6
ByLayer
370
-1
48
1.0
60
0
100
AcDbLine
10
75.7223968505859
20
-2.64120006561279
30
0.0
11
75.6557998657227
21
-2.55080008506775
31
0.0
39
0.0
210
0.0
220
0.0
230
1.0
0
LINE
5
ABD
330
17
100
AcDbEntity
67
0
8
0
62
256
6
ByLayer
370
-1
48
1.0
60
0
100
AcDbLine
10
75.6557998657227
20
-2.55080008506775
30
0.0
11
75.5823974609375
21
-2.46539998054504
31
0.0
39
0.0
210
0.0
220
0.0
230
1.0
0
LINE
5
ABE
330
17
100
AcDbEntity
67
0
8
0
62
256
6
ByLayer
370
-1
48
1.0
60
0
100
AcDbLine
10
75.5823974609375
20
-2.46539998054504
30
0.0
11
75.5022964477539
21
-2.38590002059937
31
0.0
39
0.0
210
0.0
220
0.0
230
1.0
0
LINE
5
ABF
330
17
100
AcDbEntity
67
0
8
0
62
256
6
ByLayer
370
-1
48
1.0
60
0
100
AcDbLine
10
75.5022964477539
20
-2.38590002059937
30
0.0
11
75.4156036376953
21
-2.31240010261536
31
0.0
39
0.0
210
0.0
220
0.0
230
1.0
0
LINE
5
AC0
330
17
100
AcDbEntity
67
0
8
0
62
256
6
ByLayer
370
-1
48
1.0
60
0
100
AcDbLine
10
75.4156036376953
20
-2.31240010261536
30
0.0
11
75.3221969604492
21
-2.24559998512268
31
0.0
39
0.0
210
0.0
220
0.0
230
1.0
0
LINE
5
AC1
330
17
100
AcDbEntity
67
0
8
0
62
256
6
ByLayer
370
-1
48
1.0
60
0
100
AcDbLine
10
75.3221969604492
20
-2.24559998512268
30
0.0
11
75.2228012084961
21
-2.18619990348816
31
0.0
39
0.0
210
0.0
220
0.0
230
1.0
0
LINE
5
AC2
330
17
100
AcDbEntity
67
0
8
0
62
256
6
ByLayer
370
-1
48
1.0
60
0
100
AcDbLine
10
75.2228012084961
20
-2.18619990348816
30
0.0
11
75.1172027587891
21
-2.13450002670288
31
0.0
39
0.0
210
0.0
220
0.0
230
1.0
0
LINE
5
AC3
330
17
100
AcDbEntity
67
0
8
0
62
256
6
ByLayer
370
-1
48
1.0
60
0
100
AcDbLine
10
75.1172027587891
20
-2.13450002670288
30
0.0
11
75.0057983398438
21
-2.09120011329651
31
0.0
39
0.0
210
0.0
220
0.0
230
1.0
0
LINE
5
AC4
330
17
100
AcDbEntity
67
0
8
0
62
256
6
ByLayer
370
-1
48
1.0
60
0
100
AcDbLine
10
75.0057983398438
20
-2.09120011329651
30
0.0
11
74.8886032104492
21
-2.05699992179871
31
0.0
39
0.0
210
0.0
220
0.0
230
1.0
0
LINE
5
AC5
330
17
100
AcDbEntity
67
0
8
0
62
256
6
ByLayer
370
-1
48
1.0
60
0
100
AcDbLine
10
74.8886032104492
20
-2.05699992179871
30
0.0
11
74.7658004760742
21
-2.0320999622345
31
0.0
39
0.0
210
0.0
220
0.0
230
1.0
0
LINE
5
AC6
330
17
100
AcDbEntity
67
0
8
0
62
256
6
ByLayer
370
-1
48
1.0
60
0
100
AcDbLine
10
74.7658004760742
20
-2.0320999622345
30
0.0
11
74.6374969482422
21
-2.01719999313354
31
0.0
39
0.0
210
0.0
220
0.0
230
1.0
0
LINE
5
AC7
330
17
100
AcDbEntity
67
0
8
0
62
256
6
ByLayer
370
-1
48
1.0
60
0
100
AcDbLine
10
74.6374969482422
20
-2.01719999313354
30
0.0
11
41.0177001953125
21
-2.0
31
0.0
39
0.0
210
0.0
220
0.0
230
1.0
0
LINE
5
AC8
330
17
100
AcDbEntity
67
0
8
0
62
256
6
ByLayer
370
-1
48
1.0
60
0
100
AcDbLine
10
41.0177001953125
20
-2.0
30
0.0
11
40.9847984313965
21
-7.41190004348755
31
0.0
39
0.0
210
0.0
220
0.0
230
1.0
0
LINE
5
AC9
330
17
100
AcDbEntity
67
0
8
0
62
256
6
ByLayer
370
-1
48
1.0
60
0
100
AcDbLine
10
40.9847984313965
20
-7.41190004348755
30
0.0
11
40.9612007141113
21
-7.5625
31
0.0
39
0.0
210
0.0
220
0.0
230
1.0
0
LINE
5
ACA
330
17
100
AcDbEntity
67
0
8
0
62
256
6
ByLayer
370
-1
48
1.0
60
0
100
AcDbLine
10
40.9612007141113
20
-7.5625
30
0.0
11
40.9233016967773
21
-7.70790004730225
31
0.0
39
0.0
210
0.0
220
0.0
230
1.0
0
LINE
5
ACB
330
17
100
AcDbEntity
67
0
8
0
62
256
6
ByLayer
370
-1
48
1.0
60
0
100
AcDbLine
10
40.9233016967773
20
-7.70790004730225
30
0.0
11
40.8721008300781
21
-7.84740018844604
31
0.0
39
0.0
210
0.0
220
0.0
230
1.0
0
LINE
5
ACC
330
17
100
AcDbEntity
67
0
8
0
62
256
6
ByLayer
370
-1
48
1.0
60
0
100
AcDbLine
10
40.8721008300781
20
-7.84740018844604
30
0.0
11
40.8079986572266
21
-7.98000001907349
31
0.0
39
0.0
210
0.0
220
0.0
230
1.0
0
LINE
5
ACD
330
17
100
AcDbEntity
67
0
8
0
62
256
6
ByLayer
370
-1
48
1.0
60
0
100
AcDbLine
10
40.8079986572266
20
-7.98000001907349
30
0.0
11
40.7318000793457
21
-8.10509967803955
31
0.0
39
0.0
210
0.0
220
0.0
230
1.0
0
LINE
5
ACE
330
17
100
AcDbEntity
67
0
8
0
62
256
6
ByLayer
370
-1
48
1.0
60
0
100
AcDbLine
10
40.7318000793457
20
-8.10509967803955
30
0.0
11
40.6442985534668
21
-8.22210025787354
31
0.0
39
0.0
210
0.0
220
0.0
230
1.0
0
LINE
5
ACF
330
17
100
AcDbEntity
67
0
8
0
62
256
6
ByLayer
370
-1
48
1.0
60
0
100
AcDbLine
10
40.6442985534668
20
-8.22210025787354
30
0.0
11
40.546501159668
21
-8.32999992370605
31
0.0
39
0.0
210
0.0
220
0.0
230
1.0
0
LINE
5
AD0
330
17
100
AcDbEntity
67
0
8
0
62
256
6
ByLayer
370
-1
48
1.0
60
0
100
AcDbLine
10
40.546501159668
20
-8.32999992370605
30
0.0
11
40.4388008117676
21
-8.42840003967285
31
0.0
39
0.0
210
0.0
220
0.0
230
1.0
0
LINE
5
AD1
330
17
100
AcDbEntity
67
0
8
0
62
256
6
ByLayer
370
-1
48
1.0
60
0
100
AcDbLine
10
40.4388008117676
20
-8.42840003967285
30
0.0
11
40.3221015930176
21
-8.51620006561279
31
0.0
39
0.0
210
0.0
220
0.0
230
1.0
0
LINE
5
AD2
330
17
100
AcDbEntity
67
0
8
0
62
256
6
ByLayer
370
-1
48
1.0
60
0
100
AcDbLine
10
40.3221015930176
20
-8.51620006561279
30
0.0
11
40.1972007751465
21
-8.59280014038086
31
0.0
39
0.0
210
0.0
220
0.0
230
1.0
0
LINE
5
AD3
330
17
100
AcDbEntity
67
0
8
0
62
256
6
ByLayer
370
-1
48
1.0
60
0
100
AcDbLine
10
40.1972007751465
20
-8.59280014038086
30
0.0
11
40.0646018981934
21
-8.65729999542236
31
0.0
39
0.0
210
0.0
220
0.0
230
1.0
0
LINE
5
AD4
330
17
100
AcDbEntity
67
0
8
0
62
256
6
ByLayer
370
-1
48
1.0
60
0
100
AcDbLine
10
40.0646018981934
20
-8.65729999542236
30
0.0
11
39.9253997802734
21
-8.70899963378906
31
0.0
39
0.0
210
0.0
220
0.0
230
1.0
0
LINE
5
AD5
330
17
100
AcDbEntity
67
0
8
0
62
256
6
ByLayer
370
-1
48
1.0
60
0
100
AcDbLine
10
39.9253997802734
20
-8.70899963378906
30
0.0
11
39.780101776123
21
-8.74720001220703
31
0.0
39
0.0
210
0.0
220
0.0
230
1.0
0
LINE
5
AD6
330
17
100
AcDbEntity
67
0
8
0
62
256
6
ByLayer
370
-1
48
1.0
60
0
100
AcDbLine
10
39.780101776123
20
-8.74720001220703
30
0.0
11
39.6293983459473
21
-8.77099990844727
31
0.0
39
0.0
210
0.0
220
0.0
230
1.0
0
LINE
5
AD7
330
17
100
AcDbEntity
67
0
8
0
62
256
6
ByLayer
370
-1
48
1.0
60
0
100
AcDbLine
10
39.6293983459473
20
-8.77099990844727
30
0.0
11
24.42919921875
21
-8.88640022277832
31
0.0
39
0.0
210
0.0
220
0.0
230
1.0
0
LINE
5
AD8
330
17
100
AcDbEntity
67
0
8
0
62
256
6
ByLayer
370
-1
48
1.0
60
0
100
AcDbLine
10
24.42919921875
20
-8.88640022277832
30
0.0
11
24.2705993652344
21
-8.86330032348633
31
0.0
39
0.0
210
0.0
220
0.0
230
1.0
0
LINE
5
AD9
330
17
100
AcDbEntity
67
0
8
0
62
256
6
ByLayer
370
-1
48
1.0
60
0
100
AcDbLine
10
24.2705993652344
20
-8.86330032348633
30
0.0
11
24.1175994873047
21
-8.82489967346191
31
0.0
39
0.0
210
0.0
220
0.0
230
1.0
0
LINE
5
ADA
330
17
100
AcDbEntity
67
0
8
0
62
256
6
ByLayer
370
-1
48
1.0
60
0
100
AcDbLine
10
24.1175994873047
20
-8.82489967346191
30
0.0
11
23.9706001281738
21
-8.77180004119873
31
0.0
39
0.0
210
0.0
220
0.0
230
1.0
0
LINE
5
ADB
330
17
100
AcDbEntity
67
0
8
0
62
256
6
ByLayer
370
-1
48
1.0
60
0
100
AcDbLine
10
23.9706001281738
20
-8.77180004119873
30
0.0
11
23.8309001922607
21
-8.70530033111572
31
0.0
39
0.0
210
0.0
220
0.0
230
1.0
0
LINE
5
ADC
330
17
100
AcDbEntity
67
0
8
0
62
256
6
ByLayer
370
-1
48
1.0
60
0
100
AcDbLine
10
23.8309001922607
20
-8.70530033111572
30
0.0
11
23.6991004943848
21
-8.62569999694824
31
0.0
39
0.0
210
0.0
220
0.0
230
1.0
0
LINE
5
ADD
330
17
100
AcDbEntity
67
0
8
0
62
256
6
ByLayer
370
-1
48
1.0
60
0
100
AcDbLine
10
23.6991004943848
20
-8.62569999694824
30
0.0
11
23.576000213623
21
-8.53419971466064
31
0.0
39
0.0
210
0.0
220
0.0
230
1.0
0
LINE
5
ADE
330
17
100
AcDbEntity
67
0
8
0
62
256
6
ByLayer
370
-1
48
1.0
60
0
100
AcDbLine
10
23.576000213623
20
-8.53419971466064
30
0.0
11
23.4624996185303
21
-8.43159961700439
31
0.0
39
0.0
210
0.0
220
0.0
230
1.0
0
LINE
5
ADF
330
17
100
AcDbEntity
67
0
8
0
62
256
6
ByLayer
370
-1
48
1.0
60
0
100
AcDbLine
10
23.4624996185303
20
-8.43159961700439
30
0.0
11
23.3593997955322
21
-8.31830024719238
31
0.0
39
0.0
210
0.0
220
0.0
230
1.0
0
LINE
5
AE0
330
17
100
AcDbEntity
67
0
8
0
62
256
6
ByLayer
370
-1
48
1.0
60
0
100
AcDbLine
10
23.3593997955322
20
-8.31830024719238
30
0.0
11
23.267599105835
21
-8.19559955596924
31
0.0
39
0.0
210
0.0
220
0.0
230
1.0
0
LINE
5
AE1
330
17
100
AcDbEntity
67
0
8
0
62
256
6
ByLayer
370
-1
48
1.0
60
0
100
AcDbLine
10
23.267599105835
20
-8.19559955596924
30
0.0
11
23.1877994537354
21
-8.06400012969971
31
0.0
39
0.0
210
0.0
220
0.0
230
1.0
0
LINE
5
AE2
330
17
100
AcDbEntity
67
0
8
0
62
256
6
ByLayer
370
-1
48
1.0
60
0
100
AcDbLine
10
23.1877994537354
20
-8.06400012969971
30
0.0
11
23.1207008361816
21
-7.92449998855591
31
0.0
39
0.0
210
0.0
220
0.0
230
1.0
0
LINE
5
AE3
330
17
100
AcDbEntity
67
0
8
0
62
256
6
ByLayer
370
-1
48
1.0
60
0
100
AcDbLine
10
23.1207008361816
20
-7.92449998855591
30
0.0
11
23.0673999786377
21
-7.77790021896362
31
0.0
39
0.0
210
0.0
220
0.0
230
1.0
0
LINE
5
AE4
330
17
100
AcDbEntity
67
0
8
0
62
256
6
ByLayer
370
-1
48
1.0
60
0
100
AcDbLine
10
23.0673999786377
20
-7.77790021896362
30
0.0
11
23.0284004211426
21
-7.62489986419678
31
0.0
39
0.0
210
0.0
220
0.0
230
1.0
0
LINE
5
AE5
330
17
100
AcDbEntity
67
0
8
0
62
256
6
ByLayer
370
-1
48
1.0
60
0
100
AcDbLine
10
23.0284004211426
20
-7.62489986419678
30
0.0
11
23.0048007965088
21
-7.46630001068115
31
0.0
39
0.0
210
0.0
220
0.0
230
1.0
0
LINE
5
AE6
330
17
100
AcDbEntity
67
0
8
0
62
256
6
ByLayer
370
-1
48
1.0
60
0
100
AcDbLine
10
23.0048007965088
20
-7.46630001068115
30
0.0
11
23.0214996337891
21
-2.37389993667603
31
0.0
39
0.0
210
0.0
220
0.0
230
1.0
0
LINE
5
AE7
330
17
100
AcDbEntity
67
0
8
0
62
256
6
ByLayer
370
-1
48
1.0
60
0
100
AcDbLine
10
23.0214996337891
20
-2.37389993667603
30
0.0
11
-3.81900000572205
21
-2.10770010948181
31
0.0
39
0.0
210
0.0
220
0.0
230
1.0
0
LINE
5
AE8
330
17
100
AcDbEntity
67
0
8
0
62
256
6
ByLayer
370
-1
48
1.0
60
0
100
AcDbLine
10
-3.81900000572205
20
-2.10770010948181
30
0.0
11
-3.95770001411438
21
-2.11640000343323
31
0.0
39
0.0
210
0.0
220
0.0
230
1.0
0
LINE
5
AE9
330
17
100
AcDbEntity
67
0
8
0
62
256
6
ByLayer
370
-1
48
1.0
60
0
100
AcDbLine
10
-3.95770001411438
20
-2.11640000343323
30
0.0
11
-4.08979988098145
21
-2.1421000957489
31
0.0
39
0.0
210
0.0
220
0.0
230
1.0
0
LINE
5
AEA
330
17
100
AcDbEntity
67
0
8
0
62
256
6
ByLayer
370
-1
48
1.0
60
0
100
AcDbLine
10
-4.08979988098145
20
-2.1421000957489
30
0.0
11
-4.21449995040894
21
-2.18350005149841
31
0.0
39
0.0
210
0.0
220
0.0
230
1.0
0
LINE
5
AEB
330
17
100
AcDbEntity
67
0
8
0
62
256
6
ByLayer
370
-1
48
1.0
60
0
100
AcDbLine
10
-4.21449995040894
20
-2.18350005149841
30
0.0
11
-4.33090019226074
21
-2.23920011520386
31
0.0
39
0.0
210
0.0
220
0.0
230
1.0
0
LINE
5
AEC
330
17
100
AcDbEntity
67
0
8
0
62
256
6
ByLayer
370
-1
48
1.0
60
0
100
AcDbLine
10
-4.33090019226074
20
-2.23920011520386
30
0.0
11
-4.43830013275146
21
-2.30789995193481
31
0.0
39
0.0
210
0.0
220
0.0
230
1.0
0
LINE
5
AED
330
17
100
AcDbEntity
67
0
8
0
62
256
6
ByLayer
370
-1
48
1.0
60
0
100
AcDbLine
10
-4.43830013275146
20
-2.30789995193481
30
0.0
11
-4.5359001159668
21
-2.38849997520447
31
0.0
39
0.0
210
0.0
220
0.0
230
1.0
0
LINE
5
AEE
330
17
100
AcDbEntity
67
0
8
0
62
256
6
ByLayer
370
-1
48
1.0
60
0
100
AcDbLine
10
-4.5359001159668
20
-2.38849997520447
30
0.0
11
-4.62290000915527
21
-2.47970008850098
31
0.0
39
0.0
210
0.0
220
0.0
230
1.0
0
LINE
5
AEF
330
17
100
AcDbEntity
67
0
8
0
62
256
6
ByLayer
370
-1
48
1.0
60
0
100
AcDbLine
10
-4.62290000915527
20
-2.47970008850098
30
0.0
11
-4.69840002059937
21
-2.58049988746643
31
0.0
39
0.0
210
0.0
220
0.0
230
1.0
0
LINE
5
AF0
330
17
100
AcDbEntity
67
0
8
0
62
256
6
ByLayer
370
-1
48
1.0
60
0
100
AcDbLine
10
-4.69840002059937
20
-2.58049988746643
30
0.0
11
-4.76160001754761
21
-2.68930006027222
31
0.0
39
0.0
210
0.0
220
0.0
230
1.0
0
LINE
5
AF1
330
17
100
AcDbEntity
67
0
8
0
62
256
6
ByLayer
370
-1
48
1.0
60
0
100
AcDbLine
10
-4.76160001754761
20
-2.68930006027222
30
0.0
11
-4.81169986724854
21
-2.80489993095398
31
0.0
39
0.0
210
0.0
220
0.0
230
1.0
0
LINE
5
AF2
330
17
100
AcDbEntity
67
0
8
0
62
256
6
ByLayer
370
-1
48
1.0
60
0
100
AcDbLine
10
-4.81169986724854
20
-2.80489993095398
30
0.0
11
-4.84770011901855
21
-2.92630004882813
31
0.0
39
0.0
210
0.0
220
0.0
230
1.0
0
LINE
5
AF3
330
17
100
AcDbEntity
67
0
8
0
62
256
6
ByLayer
370
-1
48
1.0
60
0
100
AcDbLine
10
-4.84770011901855
20
-2.92630004882813
30
0.0
11
-4.86899995803833
21
-3.05200004577637
31
0.0
39
0.0
210
0.0
220
0.0
230
1.0
0
LINE
5
AF4
330
17
100
AcDbEntity
67
0
8
0
62
256
6
ByLayer
370
-1
48
1.0
60
0
100
AcDbLine
10
-4.86899995803833
20
-3.05200004577637
30
0.0
11
-4.87480020523071
21
-3.18090009689331
31
0.0
39
0.0
210
0.0
220
0.0
230
1.0
0
LINE
5
AF5
330
17
100
AcDbEntity
67
0
8
0
62
256
6
ByLayer
370
-1
48
1.0
60
0
100
AcDbLine
10
-4.87480020523071
20
-3.18090009689331
30
0.0
11
-4.86420011520386
21
-3.3118999004364
31
0.0
39
0.0
210
0.0
220
0.0
230
1.0
0
LINE
5
AF6
330
17
100
AcDbEntity
67
0
8
0
62
256
6
ByLayer
370
-1
48
1.0
60
0
100
AcDbLine
10
-4.86420011520386
20
-3.3118999004364
30
0.0
11
-4.83629989624023
21
-3.44370007514954
31
0.0
39
0.0
210
0.0
220
0.0
230
1.0
0
LINE
5
AF7
330
17
100
AcDbEntity
67
0
8
0
62
256
6
ByLayer
370
-1
48
1.0
60
0
100
AcDbLine
10
-4.83629989624023
20
-3.44370007514954
30
0.0
11
-2.44959998130798
21
-9.07040023803711
31
0.0
39
0.0
210
0.0
220
0.0
230
1.0
0
LINE
5
AF8
330
17
100
AcDbEntity
67
0
8
0
62
256
6
ByLayer
370
-1
48
1.0
60
0
100
AcDbLine
10
-2.44959998130798
20
-9.07040023803711
30
0.0
11
-2.08200001716614
21
-9.74250030517578
31
0.0
39
0.0
210
0.0
220
0.0
230
1.0
0
LINE
5
AF9
330
17
100
AcDbEntity
67
0
8
0
62
256
6
ByLayer
370
-1
48
1.0
60
0
100
AcDbLine
10
-2.08200001716614
20
-9.74250030517578
30
0.0
11
-1.64199995994568
21
-10.3881998062134
31
0.0
39
0.0
210
0.0
220
0.0
230
1.0
0
LINE
5
AFA
330
17
100
AcDbEntity
67
0
8
0
62
256
6
ByLayer
370
-1
48
1.0
60
0
100
AcDbLine
10
-1.64199995994568
20
-10.3881998062134
30
0.0
11
-1.13629996776581
21
-10.9899997711182
31
0.0
39
0.0
210
0.0
220
0.0
230
1.0
0
LINE
5
AFB
330
17
100
AcDbEntity
67
0
8
0
62
256
6
ByLayer
370
-1
48
1.0
60
0
100
AcDbLine
10
-1.13629996776581
20
-10.9899997711182
30
0.0
11
-0.572000026702881
21
-11.529899597168
31
0.0
39
0.0
210
0.0
220
0.0
230
1.0
0
LINE
5
AFC
330
17
100
AcDbEntity
67
0
8
0
62
256
6
ByLayer
370
-1
48
1.0
60
0
100
AcDbLine
10
-0.572000026702881
20
-11.529899597168
30
0.0
11
0.0443000011146069
21
-11.9907999038696
31
0.0
39
0.0
210
0.0
220
0.0
230
1.0
0
LINE
5
AFD
330
17
100
AcDbEntity
67
0
8
0
62
256
6
ByLayer
370
-1
48
1.0
60
0
100
AcDbLine
10
0.0443000011146069
20
-11.9907999038696
30
0.0
11
0.369700014591217
21
-12.1859998703003
31
0.0
39
0.0
210
0.0
220
0.0
230
1.0
0
LINE
5
AFE
330
17
100
AcDbEntity
67
0
8
0
62
256
6
ByLayer
370
-1
48
1.0
60
0
100
AcDbLine
10
0.369700014591217
20
-12.1859998703003
30
0.0
11
0.70550000667572
21
-12.354700088501
31
0.0
39
0.0
210
0.0
220
0.0
230
1.0
0
LINE
5
AFF
330
17
100
AcDbEntity
67
0
8
0
62
256
6
ByLayer
370
-1
48
1.0
60
0
100
AcDbLine
10
0.70550000667572
20
-12.354700088501
30
0.0
11
1.05079996585846
21
-12.4949998855591
31
0.0
39
0.0
210
0.0
220
0.0
230
1.0
0
LINE
5
B00
330
17
100
AcDbEntity
67
0
8
0
62
256
6
ByLayer
370
-1
48
1.0
60
0
100
AcDbLine
10
1.05079996585846
20
-12.4949998855591
30
0.0
11
1.40480005741119
21
-12.6042003631592
31
0.0
39
0.0
210
0.0
220
0.0
230
1.0
0
LINE
5
B01
330
17
100
AcDbEntity
67
0
8
0
62
256
6
ByLayer
370
-1
48
1.0
60
0
100
AcDbLine
10
1.40480005741119
20
-12.6042003631592
30
0.0
11
12.7236003875732
21
-15.0874996185303
31
0.0
39
0.0
210
0.0
220
0.0
230
1.0
0
LINE
5
B02
330
17
100
AcDbEntity
67
0
8
0
62
256
6
ByLayer
370
-1
48
1.0
60
0
100
AcDbLine
10
12.7236003875732
20
-15.0874996185303
30
0.0
11
16.5417003631592
21
-16.4008007049561
31
0.0
39
0.0
210
0.0
220
0.0
230
1.0
0
LINE
5
B03
330
17
100
AcDbEntity
67
0
8
0
62
256
6
ByLayer
370
-1
48
1.0
60
0
100
AcDbLine
10
16.5417003631592
20
-16.4008007049561
30
0.0
11
19.9480991363525
21
-17.9633007049561
31
0.0
39
0.0
210
0.0
220
0.0
230
1.0
0
LINE
5
B04
330
17
100
AcDbEntity
67
0
8
0
62
256
6
ByLayer
370
-1
48
1.0
60
0
100
AcDbLine
10
19.9480991363525
20
-17.9633007049561
30
0.0
11
21.4785995483398
21
-18.8483009338379
31
0.0
39
0.0
210
0.0
220
0.0
230
1.0
0
LINE
5
B05
330
17
100
AcDbEntity
67
0
8
0
62
256
6
ByLayer
370
-1
48
1.0
60
0
100
AcDbLine
10
21.4785995483398
20
-18.8483009338379
30
0.0
11
22.8838996887207
21
-19.8078002929688
31
0.0
39
0.0
210
0.0
220
0.0
230
1.0
0
LINE
5
B06
330
17
100
AcDbEntity
67
0
8
0
62
256
6
ByLayer
370
-1
48
1.0
60
0
100
AcDbLine
10
22.8838996887207
20
-19.8078002929688
30
0.0
11
24.1564998626709
21
-20.8460006713867
31
0.0
39
0.0
210
0.0
220
0.0
230
1.0
0
LINE
5
B07
330
17
100
AcDbEntity
67
0
8
0
62
256
6
ByLayer
370
-1
48
1.0
60
0
100
AcDbLine
10
24.1564998626709
20
-20.8460006713867
30
0.0
11
25.2894992828369
21
-21.9669990539551
31
0.0
39
0.0
210
0.0
220
0.0
230
1.0
0
LINE
5
B08
330
17
100
AcDbEntity
67
0
8
0
62
256
6
ByLayer
370
-1
48
1.0
60
0
100
AcDbLine
10
25.2894992828369
20
-21.9669990539551
30
0.0
11
26.2751998901367
21
-23.1749992370605
31
0.0
39
0.0
210
0.0
220
0.0
230
1.0
0
LINE
5
B09
330
17
100
AcDbEntity
67
0
8
0
62
256
6
ByLayer
370
-1
48
1.0
60
0
100
AcDbLine
10
26.2751998901367
20
-23.1749992370605
30
0.0
11
27.1061000823975
21
-24.4740009307861
31
0.0
39
0.0
210
0.0
220
0.0
230
1.0
0
LINE
5
B0A
330
17
100
AcDbEntity
67
0
8
0
62
256
6
ByLayer
370
-1
48
1.0
60
0
100
AcDbLine
10
27.1061000823975
20
-24.4740009307861
30
0.0
11
27.7749004364014
21
-25.8677997589111
31
0.0
39
0.0
210
0.0
220
0.0
230
1.0
0
LINE
5
B0B
330
17
100
AcDbEntity
67
0
8
0
62
256
6
ByLayer
370
-1
48
1.0
60
0
100
AcDbLine
10
27.7749004364014
20
-25.8677997589111
30
0.0
11
28.5487003326416
21
-27.9967994689941
31
0.0
39
0.0
210
0.0
220
0.0
230
1.0
0
LINE
5
B0C
330
17
100
AcDbEntity
67
0
8
0
62
256
6
ByLayer
370
-1
48
1.0
60
0
100
AcDbLine
10
28.5487003326416
20
-27.9967994689941
30
0.0
11
35.0359992980957
21
-26.0550994873047
31
0.0
39
0.0
210
0.0
220
0.0
230
1.0
0
LINE
5
B0D
330
17
100
AcDbEntity
67
0
8
0
62
256
6
ByLayer
370
-1
48
1.0
60
0
100
AcDbLine
10
35.0359992980957
20
-26.0550994873047
30
0.0
11
35.119499206543
21
-26.1123008728027
31
0.0
39
0.0
210
0.0
220
0.0
230
1.0
0
LINE
5
B0E
330
17
100
AcDbEntity
67
0
8
0
62
256
6
ByLayer
370
-1
48
1.0
60
0
100
AcDbLine
10
35.119499206543
20
-26.1123008728027
30
0.0
11
35.2178993225098
21
-26.1937999725342
31
0.0
39
0.0
210
0.0
220
0.0
230
1.0
0
LINE
5
B0F
330
17
100
AcDbEntity
67
0
8
0
62
256
6
ByLayer
370
-1
48
1.0
60
0
100
AcDbLine
10
35.2178993225098
20
-26.1937999725342
30
0.0
11
35.3485984802246
21
-26.3192005157471
31
0.0
39
0.0
210
0.0
220
0.0
230
1.0
0
LINE
5
B10
330
17
100
AcDbEntity
67
0
8
0
62
256
6
ByLayer
370
-1
48
1.0
60
0
100
AcDbLine
10
35.3485984802246
20
-26.3192005157471
30
0.0
11
35.6907005310059
21
-26.7276000976563
31
0.0
39
0.0
210
0.0
220
0.0
230
1.0
0
LINE
5
B11
330
17
100
AcDbEntity
67
0
8
0
62
256
6
ByLayer
370
-1
48
1.0
60
0
100
AcDbLine
10
35.6907005310059
20
-26.7276000976563
30
0.0
11
36.1137008666992
21
-27.389799118042
31
0.0
39
0.0
210
0.0
220
0.0
230
1.0
0
LINE
5
B12
330
17
100
AcDbEntity
67
0
8
0
62
256
6
ByLayer
370
-1
48
1.0
60
0
100
AcDbLine
10
36.1137008666992
20
-27.389799118042
30
0.0
11
36.5849990844727
21
-28.3577995300293
31
0.0
39
0.0
210
0.0
220
0.0
230
1.0
0
LINE
5
B13
330
17
100
AcDbEntity
67
0
8
0
62
256
6
ByLayer
370
-1
48
1.0
60
0
100
AcDbLine
10
36.5849990844727
20
-28.3577995300293
30
0.0
11
37.0723991394043
21
-29.6837997436523
31
0.0
39
0.0
210
0.0
220
0.0
230
1.0
0
LINE
5
B14
330
17
100
AcDbEntity
67
0
8
0
62
256
6
ByLayer
370
-1
48
1.0
60
0
100
AcDbLine
10
37.0723991394043
20
-29.6837997436523
30
0.0
11
37.543399810791
21
-31.4200000762939
31
0.0
39
0.0
210
0.0
220
0.0
230
1.0
0
LINE
5
B15
330
17
100
AcDbEntity
67
0
8
0
62
256
6
ByLayer
370
-1
48
1.0
60
0
100
AcDbLine
10
37.543399810791
20
-31.4200000762939
30
0.0
11
37.9658012390137
21
-33.6188011169434
31
0.0
39
0.0
210
0.0
220
0.0
230
1.0
0
LINE
5
B16
330
17
100
AcDbEntity
67
0
8
0
62
256
6
ByLayer
370
-1
48
1.0
60
0
100
AcDbLine
10
37.9658012390137
20
-33.6188011169434
30
0.0
11
37.9751014709473
21
-33.701301574707
31
0.0
39
0.0
210
0.0
220
0.0
230
1.0
0
LINE
5
B17
330
17
100
AcDbEntity
67
0
8
0
62
256
6
ByLayer
370
-1
48
1.0
60
0
100
AcDbLine
10
37.9751014709473
20
-33.701301574707
30
0.0
11
37.9766998291016
21
-33.782901763916
31
0.0
39
0.0
210
0.0
220
0.0
230
1.0
0
LINE
5
B18
330
17
100
AcDbEntity
67
0
8
0
62
256
6
ByLayer
370
-1
48
1.0
60
0
100
AcDbLine
10
37.9766998291016
20
-33.782901763916
30
0.0
11
37.9711990356445
21
-33.8636016845703
31
0.0
39
0.0
210
0.0
220
0.0
230
1.0
0
LINE
5
B19
330
17
100
AcDbEntity
67
0
8
0
62
256
6
ByLayer
370
-1
48
1.0
60
0
100
AcDbLine
10
37.9711990356445
20
-33.8636016845703
30
0.0
11
37.9584007263184
21
-33.9426002502441
31
0.0
39
0.0
210
0.0
220
0.0
230
1.0
0
LINE
5
B1A
330
17
100
AcDbEntity
67
0
8
0
62
256
6
ByLayer
370
-1
48
1.0
60
0
100
AcDbLine
10
37.9584007263184
20
-33.9426002502441
30
0.0
11
37.9388008117676
21
-34.0197982788086
31
0.0
39
0.0
210
0.0
220
0.0
230
1.0
0
LINE
5
B1B
330
17
100
AcDbEntity
67
0
8
0
62
256
6
ByLayer
370
-1
48
1.0
60
0
100
AcDbLine
10
37.9388008117676
20
-34.0197982788086
30
0.0
11
37.9127998352051
21
-34.0945014953613
31
0.0
39
0.0
210
0.0
220
0.0
230
1.0
0
LINE
5
B1C
330
17
100
AcDbEntity
67
0
8
0
62
256
6
ByLayer
370
-1
48
1.0
60
0
100
AcDbLine
10
37.9127998352051
20
-34.0945014953613
30
0.0
11
37.880500793457
21
-34.1666984558105
31
0.0
39
0.0
210
0.0
220
0.0
230
1.0
0
LINE
5
B1D
330
17
100
AcDbEntity
67
0
8
0
62
256
6
ByLayer
370
-1
48
1.0
60
0
100
AcDbLine
10
37.880500793457
20
-34.1666984558105
30
0.0
11
37.8419990539551
21
-34.2355995178223
31
0.0
39
0.0
210
0.0
220
0.0
230
1.0
0
LINE
5
B1E
330
17
100
AcDbEntity
67
0
8
0
62
256
6
ByLayer
370
-1
48
1.0
60
0
100
AcDbLine
10
37.8419990539551
20
-34.2355995178223
30
0.0
11
37.7976989746094
21
-34.3008995056152
31
0.0
39
0.0
210
0.0
220
0.0
230
1.0
0
LINE
5
B1F
330
17
100
AcDbEntity
67
0
8
0
62
256
6
ByLayer
370
-1
48
1.0
60
0
100
AcDbLine
10
37.7976989746094
20
-34.3008995056152
30
0.0
11
37.7478981018066
21
-34.3620986938477
31
0.0
39
0.0
210
0.0
220
0.0
230
1.0
0
LINE
5
B20
330
17
100
AcDbEntity
67
0
8
0
62
256
6
ByLayer
370
-1
48
1.0
60
0
100
AcDbLine
10
37.7478981018066
20
-34.3620986938477
30
0.0
11
37.692699432373
21
-34.4192008972168
31
0.0
39
0.0
210
0.0
220
0.0
230
1.0
0
LINE
5
B21
330
17
100
AcDbEntity
67
0
8
0
62
256
6
ByLayer
370
-1
48
1.0
60
0
100
AcDbLine
10
37.692699432373
20
-34.4192008972168
30
0.0
11
37.6324996948242
21
-34.4714012145996
31
0.0
39
0.0
210
0.0
220
0.0
230
1.0
0
LINE
5
B22
330
17
100
AcDbEntity
67
0
8
0
62
256
6
ByLayer
370
-1
48
1.0
60
0
100
AcDbLine
10
37.6324996948242
20
-34.4714012145996
30
0.0
11
37.5675010681152
21
-34.5182991027832
31
0.0
39
0.0
210
0.0
220
0.0
230
1.0
0
LINE
5
B23
330
17
100
AcDbEntity
67
0
8
0
62
256
6
ByLayer
370
-1
48
1.0
60
0
100
AcDbLine
10
37.5675010681152
20
-34.5182991027832
30
0.0
11
37.4980010986328
21
-34.559700012207
31
0.0
39
0.0
210
0.0
220
0.0
230
1.0
0
LINE
5
B24
330
17
100
AcDbEntity
67
0
8
0
62
256
6
ByLayer
370
-1
48
1.0
60
0
100
AcDbLine
10
37.4980010986328
20
-34.559700012207
30
0.0
11
37.4243011474609
21
-34.5951995849609
31
0.0
39
0.0
210
0.0
220
0.0
230
1.0
0
LINE
5
B25
330
17
100
AcDbEntity
67
0
8
0
62
256
6
ByLayer
370
-1
48
1.0
60
0
100
AcDbLine
10
37.4243011474609
20
-34.5951995849609
30
0.0
11
31.6278991699219
21
-36.4693984985352
31
0.0
39
0.0
210
0.0
220
0.0
230
1.0
0
LINE
5
B26
330
17
100
AcDbEntity
67
0
8
0
62
256
6
ByLayer
370
-1
48
1.0
60
0
100
AcDbLine
10
31.6278991699219
20
-36.4693984985352
30
0.0
11
52.7373008728027
21
-91.1309967041016
31
0.0
39
0.0
210
0.0
220
0.0
230
1.0
0
LINE
5
B27
330
17
100
AcDbEntity
67
0
8
0
62
256
6
ByLayer
370
-1
48
1.0
60
0
100
AcDbLine
10
52.7373008728027
20
-91.1309967041016
30
0.0
11
52.8739013671875
21
-91.3788986206055
31
0.0
39
0.0
210
0.0
220
0.0
230
1.0
0
LINE
5
B28
330
17
100
AcDbEntity
67
0
8
0
62
256
6
ByLayer
370
-1
48
1.0
60
0
100
AcDbLine
10
52.8739013671875
20
-91.3788986206055
30
0.0
11
53.0279006958008
21
-91.6136016845703
31
0.0
39
0.0
210
0.0
220
0.0
230
1.0
0
LINE
5
B29
330
17
100
AcDbEntity
67
0
8
0
62
256
6
ByLayer
370
-1
48
1.0
60
0
100
AcDbLine
10
53.0279006958008
20
-91.6136016845703
30
0.0
11
53.1985015869141
21
-91.834602355957
31
0.0
39
0.0
210
0.0
220
0.0
230
1.0
0
LINE
5
B2A
330
17
100
AcDbEntity
67
0
8
0
62
256
6
ByLayer
370
-1
48
1.0
60
0
100
AcDbLine
10
53.1985015869141
20
-91.834602355957
30
0.0
11
53.3843994140625
21
-92.040901184082
31
0.0
39
0.0
210
0.0
220
0.0
230
1.0
0
LINE
5
B2B
330
17
100
AcDbEntity
67
0
8
0
62
256
6
ByLayer
370
-1
48
1.0
60
0
100
AcDbLine
10
53.3843994140625
20
-92.040901184082
30
0.0
11
53.5845985412598
21
-92.2321014404297
31
0.0
39
0.0
210
0.0
220
0.0
230
1.0
0
LINE
5
B2C
330
17
100
AcDbEntity
67
0
8
0
62
256
6
ByLayer
370
-1
48
1.0
60
0
100
AcDbLine
10
53.5845985412598
20
-92.2321014404297
30
0.0
11
53.7983016967773
21
-92.4074020385742
31
0.0
39
0.0
210
0.0
220
0.0
230
1.0
0
LINE
5
B2D
330
17
100
AcDbEntity
67
0
8
0
62
256
6
ByLayer
370
-1
48
1.0
60
0
100
AcDbLine
10
53.7983016967773
20
-92.4074020385742
30
0.0
11
54.024600982666
21
-92.5660018920898
31
0.0
39
0.0
210
0.0
220
0.0
230
1.0
0
LINE
5
B2E
330
17
100
AcDbEntity
67
0
8
0
62
256
6
ByLayer
370
-1
48
1.0
60
0
100
AcDbLine
10
54.024600982666
20
-92.5660018920898
30
0.0
11
54.2621994018555
21
-92.7072982788086
31
0.0
39
0.0
210
0.0
220
0.0
230
1.0
0
LINE
5
B2F
330
17
100
AcDbEntity
67
0
8
0
62
256
6
ByLayer
370
-1
48
1.0
60
0
100
AcDbLine
10
54.2621994018555
20
-92.7072982788086
30
0.0
11
54.5101013183594
21
-92.8305969238281
31
0.0
39
0.0
210
0.0
220
0.0
230
1.0
0
LINE
5
B30
330
17
100
AcDbEntity
67
0
8
0
62
256
6
ByLayer
370
-1
48
1.0
60
0
100
AcDbLine
10
54.5101013183594
20
-92.8305969238281
30
0.0
11
54.7673988342285
21
-92.9350967407227
31
0.0
39
0.0
210
0.0
220
0.0
230
1.0
0
LINE
5
B31
330
17
100
AcDbEntity
67
0
8
0
62
256
6
ByLayer
370
-1
48
1.0
60
0
100
AcDbLine
10
54.7673988342285
20
-92.9350967407227
30
0.0
11
55.0331001281738
21
-93.0203018188477
31
0.0
39
0.0
210
0.0
220
0.0
230
1.0
0
LINE
5
B32
330
17
100
AcDbEntity
67
0
8
0
62
256
6
ByLayer
370
-1
48
1.0
60
0
100
AcDbLine
10
55.0331001281738
20
-93.0203018188477
30
0.0
11
55.3063011169434
21
-93.0851974487305
31
0.0
39
0.0
210
0.0
220
0.0
230
1.0
0
LINE
5
B33
330
17
100
AcDbEntity
67
0
8
0
62
256
6
ByLayer
370
-1
48
1.0
60
0
100
AcDbLine
10
55.3063011169434
20
-93.0851974487305
30
0.0
11
55.5858001708984
21
-93.1295013427734
31
0.0
39
0.0
210
0.0
220
0.0
230
1.0
0
LINE
5
B34
330
17
100
AcDbEntity
67
0
8
0
62
256
6
ByLayer
370
-1
48
1.0
60
0
100
AcDbLine
10
55.5858001708984
20
-93.1295013427734
30
0.0
11
84.2158966064453
21
-93.4634017944336
31
0.0
39
0.0
210
0.0
220
0.0
230
1.0
0
LINE
5
B35
330
17
100
AcDbEntity
67
0
8
0
62
256
6
ByLayer
370
-1
48
1.0
60
0
100
AcDbLine
10
84.2158966064453
20
-93.4634017944336
30
0.0
11
85.1377029418945
21
-93.3843994140625
31
0.0
39
0.0
210
0.0
220
0.0
230
1.0
0
LINE
5
B36
330
17
100
AcDbEntity
67
0
8
0
62
256
6
ByLayer
370
-1
48
1.0
60
0
100
AcDbLine
10
85.1377029418945
20
-93.3843994140625
30
0.0
11
85.7138977050781
21
-93.2846984863281
31
0.0
39
0.0
210
0.0
220
0.0
230
1.0
0
LINE
5
B37
330
17
100
AcDbEntity
67
0
8
0
62
256
6
ByLayer
370
-1
48
1.0
60
0
100
AcDbLine
10
85.7138977050781
20
-93.2846984863281
30
0.0
11
86.3360977172852
21
-93.1287002563477
31
0.0
39
0.0
210
0.0
220
0.0
230
1.0
0
LINE
5
B38
330
17
100
AcDbEntity
67
0
8
0
62
256
6
ByLayer
370
-1
48
1.0
60
0
100
AcDbLine
10
86.3360977172852
20
-93.1287002563477
30
0.0
11
86.9811019897461
21
-92.9044036865234
31
0.0
39
0.0
210
0.0
220
0.0
230
1.0
0
LINE
5
B39
330
17
100
AcDbEntity
67
0
8
0
62
256
6
ByLayer
370
-1
48
1.0
60
0
100
AcDbLine
10
86.9811019897461
20
-92.9044036865234
30
0.0
11
87.6255035400391
21
-92.5994033813477
31
0.0
39
0.0
210
0.0
220
0.0
230
1.0
0
LINE
5
B3A
330
17
100
AcDbEntity
67
0
8
0
62
256
6
ByLayer
370
-1
48
1.0
60
0
100
AcDbLine
10
87.6255035400391
20
-92.5994033813477
30
0.0
11
88.2462997436523
21
-92.2015991210938
31
0.0
39
0.0
210
0.0
220
0.0
230
1.0
0
LINE
5
B3B
330
17
100
AcDbEntity
67
0
8
0
62
256
6
ByLayer
370
-1
48
1.0
60
0
100
AcDbLine
10
88.2462997436523
20
-92.2015991210938
30
0.0
11
88.5407028198242
21
-91.963996887207
31
0.0
39
0.0
210
0.0
220
0.0
230
1.0
0
LINE
5
B3C
330
17
100
AcDbEntity
67
0
8
0
62
256
6
ByLayer
370
-1
48
1.0
60
0
100
AcDbLine
10
88.5407028198242
20
-91.963996887207
30
0.0
11
88.8205032348633
21
-91.6987991333008
31
0.0
39
0.0
210
0.0
220
0.0
230
1.0
0
LINE
5
B3D
330
17
100
AcDbEntity
67
0
8
0
62
256
6
ByLayer
370
-1
48
1.0
60
0
100
AcDbLine
10
88.8205032348633
20
-91.6987991333008
30
0.0
11
89.0827026367188
21
-91.4040985107422
31
0.0
39
0.0
210
0.0
220
0.0
230
1.0
0
LINE
5
B3E
330
17
100
AcDbEntity
67
0
8
0
62
256
6
ByLayer
370
-1
48
1.0
60
0
100
AcDbLine
10
89.0827026367188
20
-91.4040985107422
30
0.0
11
89.3248977661133
21
-91.0786972045898
31
0.0
39
0.0
210
0.0
220
0.0
230
1.0
0
LINE
5
B3F
330
17
100
AcDbEntity
67
0
8
0
62
256
6
ByLayer
370
-1
48
1.0
60
0
100
AcDbLine
10
89.3248977661133
20
-91.0786972045898
30
0.0
11
89.5436019897461
21
-90.7210006713867
31
0.0
39
0.0
210
0.0
220
0.0
230
1.0
0
LINE
5
B40
330
17
100
AcDbEntity
67
0
8
0
62
256
6
ByLayer
370
-1
48
1.0
60
0
100
AcDbLine
10
89.5436019897461
20
-90.7210006713867
30
0.0
11
89.736198425293
21
-90.3295974731445
31
0.0
39
0.0
210
0.0
220
0.0
230
1.0
0
LINE
5
B41
330
17
100
AcDbEntity
67
0
8
0
62
256
6
ByLayer
370
-1
48
1.0
60
0
100
AcDbLine
10
89.736198425293
20
-90.3295974731445
30
0.0
11
89.8998031616211
21
-89.9029006958008
31
0.0
39
0.0
210
0.0
220
0.0
230
1.0
0
LINE
5
B42
330
17
100
AcDbEntity
67
0
8
0
62
256
6
ByLayer
370
-1
48
1.0
60
0
100
AcDbLine
10
89.8998031616211
20
-89.9029006958008
30
0.0
11
90.0313034057617
21
-89.4393005371094
31
0.0
39
0.0
210
0.0
220
0.0
230
1.0
0
LINE
5
B43
330
17
100
AcDbEntity
67
0
8
0
62
256
6
ByLayer
370
-1
48
1.0
60
0
100
AcDbLine
10
90.0313034057617
20
-89.4393005371094
30
0.0
11
90.1280975341797
21
-88.9373016357422
31
0.0
39
0.0
210
0.0
220
0.0
230
1.0
0
LINE
5
B44
330
17
100
AcDbEntity
67
0
8
0
62
256
6
ByLayer
370
-1
48
1.0
60
0
100
AcDbLine
10
90.1280975341797
20
-88.9373016357422
30
0.0
11
90.1873016357422
21
-88.3952026367188
31
0.0
39
0.0
210
0.0
220
0.0
230
1.0
0
LINE
5
B45
330
17
100
AcDbEntity
67
0
8
0
62
256
6
ByLayer
370
-1
48
1.0
60
0
100
AcDbLine
10
90.1873016357422
20
-88.3952026367188
30
0.0
11
90.2055969238281
21
-87.8117980957031
31
0.0
39
0.0
210
0.0
220
0.0
230
1.0
0
LINE
5
B46
330
17
100
AcDbEntity
67
0
8
0
62
256
6
ByLayer
370
-1
48
1.0
60
0
100
AcDbLine
10
90.2055969238281
20
-87.8117980957031
30
0.0
11
90.1095962524414
21
-86.5157012939453
31
0.0
39
0.0
210
0.0
220
0.0
230
1.0
0
VIEWPORT
5
B4B
330
B47
100
AcDbEntity
67
1
8
0
62
256
6
ByLayer
370
-1
48
1.0
60
0
100
AcDbViewport
10
0.0
20
0.0
30
0.0
40
297.0
41
210.0
68
1
69
1
12
50.0
22
100.0
13
0.0
23
0.0
14
10.0
24
10.0
15
10.0
25
10.0
16
0.0
26
0.0
36
1.0
17
0.0
27
0.0
37
0.0
42
50.0
43
0.0
44
0.0
45
250.0
50
0.0
51
0.0
72
1000
90
819232
110
0.0
120
0.0
130
0.0
111
1.0
121
0.0
131
0.0
112
0.0
122
1.0
132
0.0
0
ENDSEC
0
SECTION
2
OBJECTS
0
DICTIONARY
5
B4E
330
0
100
AcDbDictionary
280
0
281
1
3
ACAD_GROUP
350
B4F
3
ACAD_LAYOUT
350
B50
3
ACAD_MLINESTYLE
350
B51
0
DICTIONARY
5
B4F
330
B4E
100
AcDbDictionary
280
0
281
1
0
DICTIONARY
5
B50
330
B4E
100
AcDbDictionary
280
0
281
1
3
Model
350
1B
3
Layout1
350
B4C
0
DICTIONARY
5
B51
330
B4E
100
AcDbDictionary
280
0
281
1
3
Standard
350
16
0
LAYOUT
5
1B
330
B50
100
AcDbPlotSettings
1

2
none_device
4
ISO_A4_(210.00_x_297.00_MM)
6

40
7.5
41
20.0
42
7.5
43
20.0
44
210.0
45
297.0
46
0.0
47
0.0
48
0.0
49
0.0
140
0.0
141
0.0
142
1.0
143
1.0
70
11952
72
1
73
1
74
5
7

75
16
147
1.0
148
0.0
149
0.0
100
AcDbLayout
1
Model
70
1
71
0
10
-20.0
20
-7.5
11
277.0
21
202.5
12
0.0
22
0.0
32
0.0
14
25.7
24
19.5
34
0.0
15
231.3
25
175.5
35
0.0
146
0.0
13
0.0
23
0.0
33
0.0
16
1.0
26
0.0
36
0.0
17
0.0
27
1.0
37
0.0
76
0
330
17
0
LAYOUT
5
B4C
330
B50
100
AcDbPlotSettings
1

2
none_device
4
ISO_A4_(210.00_x_297.00_MM)
6

40
7.5
41
20.0
42
7.5
43
20.0
44
210.0
45
297.0
46
0.0
47
0.0
48
0.0
49
0.0
140
0.0
141
0.0
142
1.0
143
1.0
70
688
72
1
73
1
74
5
7

75
16
147
1.0
148
0.0
149
0.0
100
AcDbLayout
1
Layout1
70
1
71
1
10
-20.0
20
-7.5
11
277.0
21
202.5
12
0.0
22
0.0
32
0.0
14
25.7
24
19.5
34
0.0
15
231.3
25
175.5
35
0.0
146
0.0
13
0.0
23
0.0
33
0.0
16
1.0
26
0.0
36
0.0
17
0.0
27
1.0
37
0.0
76
0
330
B47
0
MLINESTYLE
5
16
330
B51
100
AcDbMlineStyle
2
Standard
70
0
3

62
256
51
90.0
52
90.0
71
2
49
0.5
62
256
6
ByLayer
49
-0.5
62
256
6
ByLayer
0
ENDSEC
0
EOF
