999
Dxf file generated by netDxf http://netdxf.codeplex.com, Copyright(C) 2015 Daniel Carvajal, Licensed under LGPL
0
SECTION
2
HEADER
9
$ACADVER
1
AC1015
9
$DWGCODEPAGE
3
ANSI_1252
9
$HANDSEED
5
BC5
9
$ANGBASE
50
0.0
9
$ANGDIR
70
0
9
$ATTMODE
70
1
9
$AUNITS
70
0
9
$AUPREC
70
0
9
$CECOLOR
62
256
9
$CELTSCALE
40
1.0
9
$CELTYPE
6
ByLayer
9
$CELWEIGHT
370
-1
9
$CLAYER
8
0
9
$CMLJUST
70
0
9
$CMLSCALE
40
20.0
9
$CMLSTYLE
2
Standard
9
$DIMSTYLE
2
Standard
9
$TEXTSIZE
40
2.5
9
$TEXTSTYLE
7
Standard
9
$LUNITS
70
2
9
$LUPREC
70
4
9
$EXTNAMES
290
1
9
$INSBASE
10
0.0
20
0.0
30
0.0
9
$INSUNITS
70
0
9
$LTSCALE
40
1.0
9
$LWDISPLAY
290
0
9
$PDMODE
70
0
9
$PDSIZE
40
0.0
9
$PLINEGEN
70
0
9
$TDCREATE
40
2461141.55564907
9
$TDUCREATE
40
2461141.84731574
9
$TDUPDATE
40
2461141.55564907
9
$TDUUPDATE
40
2461141.84731574
9
$TDINDWG
40
0.0
0
ENDSEC
0
SECTION
2
CLASSES
0
CLASS
1
RASTERVARIABLES
2
AcDbRasterVariables
3
ISM
90
0
280
0
281
0
0
ENDSEC
0
SECTION
2
TABLES
0
TABLE
2
APPID
5
3
330
0
100
AcDbSymbolTable
70
2
0
APPID
5
14
330
3
100
AcDbSymbolTableRecord
100
AcDbRegAppTableRecord
2
ACAD
70
0
0
APPID
5
BBF
330
3
100
AcDbSymbolTableRecord
100
AcDbRegAppTableRecord
2
AcCmTransparency
70
0
0
ENDTAB
0
TABLE
2
VPORT
5
1
330
0
100
AcDbSymbolTable
70
1
0
VPORT
5
E
330
1
100
AcDbSymbolTableRecord
100
AcDbViewportTableRecord
2
*Active
70
0
10
0.0
20
0.0
11
1.0
21
1.0
12
-1.0
22
1.0
13
0.0
23
0.0
14
0.5
24
0.5
15
10.0
25
10.0
16
0.0
26
0.0
36
1.0
17
0.0
27
0.0
37
0.0
0
ENDTAB
0
TABLE
2
LTYPE
5
5
330
0
100
AcDbSymbolTable
70
3
0
LTYPE
5
10
330
5
100
AcDbSymbolTableRecord
100
AcDbLinetypeTableRecord
70
0
2
Continuous
3
Solid line
72
65
73
0
40
0.0
0
LTYPE
5
11
330
5
100
AcDbSymbolTableRecord
100
AcDbLinetypeTableRecord
70
0
2
ByLayer
3

72
65
73
0
40
0.0
0
LTYPE
5
12
330
5
100
AcDbSymbolTableRecord
100
AcDbLinetypeTableRecord
70
0
2
ByBlock
3

72
65
73
0
40
0.0
0
ENDTAB
0
TABLE
2
LAYER
5
4
330
0
100
AcDbSymbolTable
70
1
0
LAYER
5
F
330
4
100
AcDbSymbolTableRecord
100
AcDbLayerTableRecord
2
0
70
0
62
5
6
Continuous
290
1
370
-3
390
0
0
ENDTAB
0
TABLE
2
STYLE
5
6
330
0
100
AcDbSymbolTable
70
1
0
STYLE
5
13
330
6
100
AcDbSymbolTableRecord
100
AcDbTextStyleTableRecord
2
Standard
3
simplex.shx
70
0
71
0
40
0.0
41
1.0
42
0.0
50
0.0
0
ENDTAB
0
TABLE
2
DIMSTYLE
5
7
330
0
100
AcDbSymbolTable
70
1
100
AcDbDimStyleTable
0
DIMSTYLE
105
15
330
7
100
AcDbSymbolTableRecord
100
AcDbDimStyleTableRecord
2
Standard
70
0
3
<>
40
1.0
41
0.18
42
0.0625
43
0.38
44
0.18
46
0.0
73
0
74
0
75
0
76
0
77
1
140
0.18
141
0.09
147
0.09
173
0
176
0
177
0
178
0
179
0
271
2
275
0
278
46
280
0
340
13
345
12
346
12
347
12
371
-2
372
-2
0
ENDTAB
0
TABLE
2
VIEW
5
2
330
0
100
AcDbSymbolTable
70
0
0
ENDTAB
0
TABLE
2
UCS
5
9
330
0
100
AcDbSymbolTable
70
0
0
ENDTAB
0
TABLE
2
BLOCK_RECORD
5
A
330
0
100
AcDbSymbolTable
70
2
0
BLOCK_RECORD
5
17
330
A
100
AcDbSymbolTableRecord
100
AcDbBlockTableRecord
2
*Model_Space
340
1B
0
BLOCK_RECORD
5
BB9
330
A
100
AcDbSymbolTableRecord
100
AcDbBlockTableRecord
2
*Paper_Space
340
BBE
0
ENDTAB
0
ENDSEC
0
SECTION
2
BLOCKS
0
BLOCK
5
19
330
17
100
AcDbEntity
8
0
100
AcDbBlockBegin
2
*Model_Space
70
0
10
0.0
20
0.0
30
0.0
3
*Model_Space
0
ENDBLK
5
18
330
17
100
AcDbEntity
8
0
100
AcDbBlockEnd
0
BLOCK
5
BBB
330
BB9
100
AcDbEntity
8
0
100
AcDbBlockBegin
2
*Paper_Space
70
0
10
0.0
20
0.0
30
0.0
3
*Paper_Space
0
ENDBLK
5
BBA
330
BB9
100
AcDbEntity
8
0
100
AcDbBlockEnd
0
ENDSEC
0
SECTION
2
ENTITIES
0
LINE
5
1D
330
17
100
AcDbEntity
67
0
8
0
62
256
6
ByLayer
370
-1
48
1.0
60
0
100
AcDbLine
10
154.996994018555
20
165.264007568359
30
0.0
11
154.59700012207
21
165.136001586914
31
0.0
39
0.0
210
0.0
220
0.0
230
1.0
0
LINE
5
1E
330
17
100
AcDbEntity
67
0
8
0
62
256
6
ByLayer
370
-1
48
1.0
60
0
100
AcDbLine
10
154.59700012207
20
165.136001586914
30
0.0
11
154.218002319336
21
164.962997436523
31
0.0
39
0.0
210
0.0
220
0.0
230
1.0
0
LINE
5
1F
330
17
100
AcDbEntity
67
0
8
0
62
256
6
ByLayer
370
-1
48
1.0
60
0
100
AcDbLine
10
154.218002319336
20
164.962997436523
30
0.0
11
153.865997314453
21
164.746994018555
31
0.0
39
0.0
210
0.0
220
0.0
230
1.0
0
LINE
5
20
330
17
100
AcDbEntity
67
0
8
0
62
256
6
ByLayer
370
-1
48
1.0
60
0
100
AcDbLine
10
153.865997314453
20
164.746994018555
30
0.0
11
153.505004882813
21
164.455001831055
31
0.0
39
0.0
210
0.0
220
0.0
230
1.0
0
LINE
5
21
330
17
100
AcDbEntity
67
0
8
0
62
256
6
ByLayer
370
-1
48
1.0
60
0
100
AcDbLine
10
153.505004882813
20
164.455001831055
30
0.0
11
153.746994018555
21
164.315994262695
31
0.0
39
0.0
210
0.0
220
0.0
230
1.0
0
LINE
5
22
330
17
100
AcDbEntity
67
0
8
0
62
256
6
ByLayer
370
-1
48
1.0
60
0
100
AcDbLine
10
153.746994018555
20
164.315994262695
30
0.0
11
155.263000488281
21
165.190994262695
31
0.0
39
0.0
210
0.0
220
0.0
230
1.0
0
LINE
5
23
330
17
100
AcDbEntity
67
0
8
0
62
256
6
ByLayer
370
-1
48
1.0
60
0
100
AcDbLine
10
155.263000488281
20
165.190994262695
30
0.0
11
155.263000488281
21
165.311996459961
31
0.0
39
0.0
210
0.0
220
0.0
230
1.0
0
LINE
5
24
330
17
100
AcDbEntity
67
0
8
0
62
256
6
ByLayer
370
-1
48
1.0
60
0
100
AcDbLine
10
155.263000488281
20
165.311996459961
30
0.0
11
154.996994018555
21
165.264007568359
31
0.0
39
0.0
210
0.0
220
0.0
230
1.0
0
LINE
5
25
330
17
100
AcDbEntity
67
0
8
0
62
256
6
ByLayer
370
-1
48
1.0
60
0
100
AcDbLine
10
157.0
20
165.623992919922
30
0.0
11
155.763000488281
21
165.401000976563
31
0.0
39
0.0
210
0.0
220
0.0
230
1.0
0
LINE
5
26
330
17
100
AcDbEntity
67
0
8
0
62
256
6
ByLayer
370
-1
48
1.0
60
0
100
AcDbLine
10
155.763000488281
20
165.401000976563
30
0.0
11
155.763000488281
21
165.190994262695
31
0.0
39
0.0
210
0.0
220
0.0
230
1.0
0
LINE
5
27
330
17
100
AcDbEntity
67
0
8
0
62
256
6
ByLayer
370
-1
48
1.0
60
0
100
AcDbLine
10
155.763000488281
20
165.190994262695
30
0.0
11
157.27799987793
21
164.315994262695
31
0.0
39
0.0
210
0.0
220
0.0
230
1.0
0
LINE
5
28
330
17
100
AcDbEntity
67
0
8
0
62
256
6
ByLayer
370
-1
48
1.0
60
0
100
AcDbLine
10
157.27799987793
20
164.315994262695
30
0.0
11
158.794006347656
21
165.190994262695
31
0.0
39
0.0
210
0.0
220
0.0
230
1.0
0
LINE
5
29
330
17
100
AcDbEntity
67
0
8
0
62
256
6
ByLayer
370
-1
48
1.0
60
0
100
AcDbLine
10
158.794006347656
20
165.190994262695
30
0.0
11
158.794006347656
21
165.615005493164
31
0.0
39
0.0
210
0.0
220
0.0
230
1.0
0
LINE
5
2A
330
17
100
AcDbEntity
67
0
8
0
62
256
6
ByLayer
370
-1
48
1.0
60
0
100
AcDbLine
10
158.794006347656
20
165.615005493164
30
0.0
11
157.0
21
165.623992919922
31
0.0
39
0.0
210
0.0
220
0.0
230
1.0
0
LINE
5
2B
330
17
100
AcDbEntity
67
0
8
0
62
256
6
ByLayer
370
-1
48
1.0
60
0
100
AcDbLine
10
159.294006347656
20
165.613006591797
30
0.0
11
159.294006347656
21
165.190994262695
31
0.0
39
0.0
210
0.0
220
0.0
230
1.0
0
LINE
5
2C
330
17
100
AcDbEntity
67
0
8
0
62
256
6
ByLayer
370
-1
48
1.0
60
0
100
AcDbLine
10
159.294006347656
20
165.190994262695
30
0.0
11
160.809005737305
21
164.315994262695
31
0.0
39
0.0
210
0.0
220
0.0
230
1.0
0
LINE
5
2D
330
17
100
AcDbEntity
67
0
8
0
62
256
6
ByLayer
370
-1
48
1.0
60
0
100
AcDbLine
10
160.809005737305
20
164.315994262695
30
0.0
11
162.324996948242
21
165.190994262695
31
0.0
39
0.0
210
0.0
220
0.0
230
1.0
0
LINE
5
2E
330
17
100
AcDbEntity
67
0
8
0
62
256
6
ByLayer
370
-1
48
1.0
60
0
100
AcDbLine
10
162.324996948242
20
165.190994262695
30
0.0
11
162.324996948242
21
165.598999023438
31
0.0
39
0.0
210
0.0
220
0.0
230
1.0
0
LINE
5
2F
330
17
100
AcDbEntity
67
0
8
0
62
256
6
ByLayer
370
-1
48
1.0
60
0
100
AcDbLine
10
162.324996948242
20
165.598999023438
30
0.0
11
159.294006347656
21
165.613006591797
31
0.0
39
0.0
210
0.0
220
0.0
230
1.0
0
LINE
5
30
330
17
100
AcDbEntity
67
0
8
0
62
256
6
ByLayer
370
-1
48
1.0
60
0
100
AcDbLine
10
162.824996948242
20
165.59700012207
30
0.0
11
162.824996948242
21
165.190994262695
31
0.0
39
0.0
210
0.0
220
0.0
230
1.0
0
LINE
5
31
330
17
100
AcDbEntity
67
0
8
0
62
256
6
ByLayer
370
-1
48
1.0
60
0
100
AcDbLine
10
162.824996948242
20
165.190994262695
30
0.0
11
164.341003417969
21
164.315994262695
31
0.0
39
0.0
210
0.0
220
0.0
230
1.0
0
LINE
5
32
330
17
100
AcDbEntity
67
0
8
0
62
256
6
ByLayer
370
-1
48
1.0
60
0
100
AcDbLine
10
164.341003417969
20
164.315994262695
30
0.0
11
165.856002807617
21
165.190994262695
31
0.0
39
0.0
210
0.0
220
0.0
230
1.0
0
LINE
5
33
330
17
100
AcDbEntity
67
0
8
0
62
256
6
ByLayer
370
-1
48
1.0
60
0
100
AcDbLine
10
165.856002807617
20
165.190994262695
30
0.0
11
165.856002807617
21
165.582992553711
31
0.0
39
0.0
210
0.0
220
0.0
230
1.0
0
LINE
5
34
330
17
100
AcDbEntity
67
0
8
0
62
256
6
ByLayer
370
-1
48
1.0
60
0
100
AcDbLine
10
165.856002807617
20
165.582992553711
30
0.0
11
162.824996948242
21
165.59700012207
31
0.0
39
0.0
210
0.0
220
0.0
230
1.0
0
LINE
5
35
330
17
100
AcDbEntity
67
0
8
0
62
256
6
ByLayer
370
-1
48
1.0
60
0
100
AcDbLine
10
166.356002807617
20
165.580001831055
30
0.0
11
166.356002807617
21
165.190994262695
31
0.0
39
0.0
210
0.0
220
0.0
230
1.0
0
LINE
5
36
330
17
100
AcDbEntity
67
0
8
0
62
256
6
ByLayer
370
-1
48
1.0
60
0
100
AcDbLine
10
166.356002807617
20
165.190994262695
30
0.0
11
167.871994018555
21
164.315994262695
31
0.0
39
0.0
210
0.0
220
0.0
230
1.0
0
LINE
5
37
330
17
100
AcDbEntity
67
0
8
0
62
256
6
ByLayer
370
-1
48
1.0
60
0
100
AcDbLine
10
167.871994018555
20
164.315994262695
30
0.0
11
169.386993408203
21
165.190994262695
31
0.0
39
0.0
210
0.0
220
0.0
230
1.0
0
LINE
5
38
330
17
100
AcDbEntity
67
0
8
0
62
256
6
ByLayer
370
-1
48
1.0
60
0
100
AcDbLine
10
169.386993408203
20
165.190994262695
30
0.0
11
169.386993408203
21
165.565994262695
31
0.0
39
0.0
210
0.0
220
0.0
230
1.0
0
LINE
5
39
330
17
100
AcDbEntity
67
0
8
0
62
256
6
ByLayer
370
-1
48
1.0
60
0
100
AcDbLine
10
169.386993408203
20
165.565994262695
30
0.0
11
166.356002807617
21
165.580001831055
31
0.0
39
0.0
210
0.0
220
0.0
230
1.0
0
LINE
5
3A
330
17
100
AcDbEntity
67
0
8
0
62
256
6
ByLayer
370
-1
48
1.0
60
0
100
AcDbLine
10
169.886993408203
20
165.563995361328
30
0.0
11
169.886993408203
21
165.190994262695
31
0.0
39
0.0
210
0.0
220
0.0
230
1.0
0
LINE
5
3B
330
17
100
AcDbEntity
67
0
8
0
62
256
6
ByLayer
370
-1
48
1.0
60
0
100
AcDbLine
10
169.886993408203
20
165.190994262695
30
0.0
11
171.40299987793
21
164.315994262695
31
0.0
39
0.0
210
0.0
220
0.0
230
1.0
0
LINE
5
3C
330
17
100
AcDbEntity
67
0
8
0
62
256
6
ByLayer
370
-1
48
1.0
60
0
100
AcDbLine
10
171.40299987793
20
164.315994262695
30
0.0
11
172.917999267578
21
165.190994262695
31
0.0
39
0.0
210
0.0
220
0.0
230
1.0
0
LINE
5
3D
330
17
100
AcDbEntity
67
0
8
0
62
256
6
ByLayer
370
-1
48
1.0
60
0
100
AcDbLine
10
172.917999267578
20
165.190994262695
30
0.0
11
172.917999267578
21
165.550003051758
31
0.0
39
0.0
210
0.0
220
0.0
230
1.0
0
LINE
5
3E
330
17
100
AcDbEntity
67
0
8
0
62
256
6
ByLayer
370
-1
48
1.0
60
0
100
AcDbLine
10
172.917999267578
20
165.550003051758
30
0.0
11
169.886993408203
21
165.563995361328
31
0.0
39
0.0
210
0.0
220
0.0
230
1.0
0
LINE
5
3F
330
17
100
AcDbEntity
67
0
8
0
62
256
6
ByLayer
370
-1
48
1.0
60
0
100
AcDbLine
10
173.417999267578
20
165.548004150391
30
0.0
11
173.417999267578
21
165.190994262695
31
0.0
39
0.0
210
0.0
220
0.0
230
1.0
0
LINE
5
40
330
17
100
AcDbEntity
67
0
8
0
62
256
6
ByLayer
370
-1
48
1.0
60
0
100
AcDbLine
10
173.417999267578
20
165.190994262695
30
0.0
11
174.934005737305
21
164.315994262695
31
0.0
39
0.0
210
0.0
220
0.0
230
1.0
0
LINE
5
41
330
17
100
AcDbEntity
67
0
8
0
62
256
6
ByLayer
370
-1
48
1.0
60
0
100
AcDbLine
10
174.934005737305
20
164.315994262695
30
0.0
11
176.449005126953
21
165.190994262695
31
0.0
39
0.0
210
0.0
220
0.0
230
1.0
0
LINE
5
42
330
17
100
AcDbEntity
67
0
8
0
62
256
6
ByLayer
370
-1
48
1.0
60
0
100
AcDbLine
10
176.449005126953
20
165.190994262695
30
0.0
11
176.449005126953
21
165.533996582031
31
0.0
39
0.0
210
0.0
220
0.0
230
1.0
0
LINE
5
43
330
17
100
AcDbEntity
67
0
8
0
62
256
6
ByLayer
370
-1
48
1.0
60
0
100
AcDbLine
10
176.449005126953
20
165.533996582031
30
0.0
11
173.417999267578
21
165.548004150391
31
0.0
39
0.0
210
0.0
220
0.0
230
1.0
0
LINE
5
44
330
17
100
AcDbEntity
67
0
8
0
62
256
6
ByLayer
370
-1
48
1.0
60
0
100
AcDbLine
10
176.949005126953
20
165.531005859375
30
0.0
11
176.949005126953
21
165.190994262695
31
0.0
39
0.0
210
0.0
220
0.0
230
1.0
0
LINE
5
45
330
17
100
AcDbEntity
67
0
8
0
62
256
6
ByLayer
370
-1
48
1.0
60
0
100
AcDbLine
10
176.949005126953
20
165.190994262695
30
0.0
11
178.464996337891
21
164.315994262695
31
0.0
39
0.0
210
0.0
220
0.0
230
1.0
0
LINE
5
46
330
17
100
AcDbEntity
67
0
8
0
62
256
6
ByLayer
370
-1
48
1.0
60
0
100
AcDbLine
10
178.464996337891
20
164.315994262695
30
0.0
11
179.979995727539
21
165.190994262695
31
0.0
39
0.0
210
0.0
220
0.0
230
1.0
0
LINE
5
47
330
17
100
AcDbEntity
67
0
8
0
62
256
6
ByLayer
370
-1
48
1.0
60
0
100
AcDbLine
10
179.979995727539
20
165.190994262695
30
0.0
11
179.979995727539
21
165.516998291016
31
0.0
39
0.0
210
0.0
220
0.0
230
1.0
0
LINE
5
48
330
17
100
AcDbEntity
67
0
8
0
62
256
6
ByLayer
370
-1
48
1.0
60
0
100
AcDbLine
10
179.979995727539
20
165.516998291016
30
0.0
11
176.949005126953
21
165.531005859375
31
0.0
39
0.0
210
0.0
220
0.0
230
1.0
0
LINE
5
49
330
17
100
AcDbEntity
67
0
8
0
62
256
6
ByLayer
370
-1
48
1.0
60
0
100
AcDbLine
10
180.479995727539
20
165.514999389648
30
0.0
11
180.479995727539
21
165.190994262695
31
0.0
39
0.0
210
0.0
220
0.0
230
1.0
0
LINE
5
4A
330
17
100
AcDbEntity
67
0
8
0
62
256
6
ByLayer
370
-1
48
1.0
60
0
100
AcDbLine
10
180.479995727539
20
165.190994262695
30
0.0
11
181.996002197266
21
164.315994262695
31
0.0
39
0.0
210
0.0
220
0.0
230
1.0
0
LINE
5
4B
330
17
100
AcDbEntity
67
0
8
0
62
256
6
ByLayer
370
-1
48
1.0
60
0
100
AcDbLine
10
181.996002197266
20
164.315994262695
30
0.0
11
183.511993408203
21
165.190994262695
31
0.0
39
0.0
210
0.0
220
0.0
230
1.0
0
LINE
5
4C
330
17
100
AcDbEntity
67
0
8
0
62
256
6
ByLayer
370
-1
48
1.0
60
0
100
AcDbLine
10
183.511993408203
20
165.190994262695
30
0.0
11
183.511993408203
21
165.501007080078
31
0.0
39
0.0
210
0.0
220
0.0
230
1.0
0
LINE
5
4D
330
17
100
AcDbEntity
67
0
8
0
62
256
6
ByLayer
370
-1
48
1.0
60
0
100
AcDbLine
10
183.511993408203
20
165.501007080078
30
0.0
11
180.479995727539
21
165.514999389648
31
0.0
39
0.0
210
0.0
220
0.0
230
1.0
0
LINE
5
4E
330
17
100
AcDbEntity
67
0
8
0
62
256
6
ByLayer
370
-1
48
1.0
60
0
100
AcDbLine
10
184.011993408203
20
165.498001098633
30
0.0
11
184.011993408203
21
165.190994262695
31
0.0
39
0.0
210
0.0
220
0.0
230
1.0
0
LINE
5
4F
330
17
100
AcDbEntity
67
0
8
0
62
256
6
ByLayer
370
-1
48
1.0
60
0
100
AcDbLine
10
184.011993408203
20
165.190994262695
30
0.0
11
185.526992797852
21
164.315994262695
31
0.0
39
0.0
210
0.0
220
0.0
230
1.0
0
LINE
5
50
330
17
100
AcDbEntity
67
0
8
0
62
256
6
ByLayer
370
-1
48
1.0
60
0
100
AcDbLine
10
185.526992797852
20
164.315994262695
30
0.0
11
187.042999267578
21
165.190994262695
31
0.0
39
0.0
210
0.0
220
0.0
230
1.0
0
LINE
5
51
330
17
100
AcDbEntity
67
0
8
0
62
256
6
ByLayer
370
-1
48
1.0
60
0
100
AcDbLine
10
187.042999267578
20
165.190994262695
30
0.0
11
187.042999267578
21
165.483993530273
31
0.0
39
0.0
210
0.0
220
0.0
230
1.0
0
LINE
5
52
330
17
100
AcDbEntity
67
0
8
0
62
256
6
ByLayer
370
-1
48
1.0
60
0
100
AcDbLine
10
187.042999267578
20
165.483993530273
30
0.0
11
184.011993408203
21
165.498001098633
31
0.0
39
0.0
210
0.0
220
0.0
230
1.0
0
LINE
5
53
330
17
100
AcDbEntity
67
0
8
0
62
256
6
ByLayer
370
-1
48
1.0
60
0
100
AcDbLine
10
190.384002685547
20
165.423004150391
30
0.0
11
189.977005004883
21
165.470993041992
31
0.0
39
0.0
210
0.0
220
0.0
230
1.0
0
LINE
5
54
330
17
100
AcDbEntity
67
0
8
0
62
256
6
ByLayer
370
-1
48
1.0
60
0
100
AcDbLine
10
189.977005004883
20
165.470993041992
30
0.0
11
187.542999267578
21
165.481994628906
31
0.0
39
0.0
210
0.0
220
0.0
230
1.0
0
LINE
5
55
330
17
100
AcDbEntity
67
0
8
0
62
256
6
ByLayer
370
-1
48
1.0
60
0
100
AcDbLine
10
187.542999267578
20
165.481994628906
30
0.0
11
187.542999267578
21
165.190994262695
31
0.0
39
0.0
210
0.0
220
0.0
230
1.0
0
LINE
5
56
330
17
100
AcDbEntity
67
0
8
0
62
256
6
ByLayer
370
-1
48
1.0
60
0
100
AcDbLine
10
187.542999267578
20
165.190994262695
30
0.0
11
189.057998657227
21
164.315994262695
31
0.0
39
0.0
210
0.0
220
0.0
230
1.0
0
LINE
5
57
330
17
100
AcDbEntity
67
0
8
0
62
256
6
ByLayer
370
-1
48
1.0
60
0
100
AcDbLine
10
189.057998657227
20
164.315994262695
30
0.0
11
190.574005126953
21
165.190994262695
31
0.0
39
0.0
210
0.0
220
0.0
230
1.0
0
LINE
5
58
330
17
100
AcDbEntity
67
0
8
0
62
256
6
ByLayer
370
-1
48
1.0
60
0
100
AcDbLine
10
190.574005126953
20
165.190994262695
30
0.0
11
190.574005126953
21
165.375
31
0.0
39
0.0
210
0.0
220
0.0
230
1.0
0
LINE
5
59
330
17
100
AcDbEntity
67
0
8
0
62
256
6
ByLayer
370
-1
48
1.0
60
0
100
AcDbLine
10
190.574005126953
20
165.375
30
0.0
11
190.384002685547
21
165.423004150391
31
0.0
39
0.0
210
0.0
220
0.0
230
1.0
0
LINE
5
5A
330
17
100
AcDbEntity
67
0
8
0
62
256
6
ByLayer
370
-1
48
1.0
60
0
100
AcDbLine
10
191.47200012207
20
164.99299621582
30
0.0
11
191.132995605469
21
165.179992675781
31
0.0
39
0.0
210
0.0
220
0.0
230
1.0
0
LINE
5
5B
330
17
100
AcDbEntity
67
0
8
0
62
256
6
ByLayer
370
-1
48
1.0
60
0
100
AcDbLine
10
191.132995605469
20
165.179992675781
30
0.0
11
191.074005126953
21
165.203994750977
31
0.0
39
0.0
210
0.0
220
0.0
230
1.0
0
LINE
5
5C
330
17
100
AcDbEntity
67
0
8
0
62
256
6
ByLayer
370
-1
48
1.0
60
0
100
AcDbLine
10
191.074005126953
20
165.203994750977
30
0.0
11
191.074005126953
21
165.190994262695
31
0.0
39
0.0
210
0.0
220
0.0
230
1.0
0
LINE
5
5D
330
17
100
AcDbEntity
67
0
8
0
62
256
6
ByLayer
370
-1
48
1.0
60
0
100
AcDbLine
10
191.074005126953
20
165.190994262695
30
0.0
11
191.688003540039
21
164.835998535156
31
0.0
39
0.0
210
0.0
220
0.0
230
1.0
0
LINE
5
5E
330
17
100
AcDbEntity
67
0
8
0
62
256
6
ByLayer
370
-1
48
1.0
60
0
100
AcDbLine
10
191.688003540039
20
164.835998535156
30
0.0
11
191.47200012207
21
164.99299621582
31
0.0
39
0.0
210
0.0
220
0.0
230
1.0
0
LINE
5
5F
330
17
100
AcDbEntity
67
0
8
0
62
256
6
ByLayer
370
-1
48
1.0
60
0
100
AcDbLine
10
152.994995117188
20
163.876998901367
30
0.0
11
152.77799987793
21
163.522003173828
31
0.0
39
0.0
210
0.0
220
0.0
230
1.0
0
LINE
5
60
330
17
100
AcDbEntity
67
0
8
0
62
256
6
ByLayer
370
-1
48
1.0
60
0
100
AcDbLine
10
152.77799987793
20
163.522003173828
30
0.0
11
152.602005004883
21
163.139999389648
31
0.0
39
0.0
210
0.0
220
0.0
230
1.0
0
LINE
5
61
330
17
100
AcDbEntity
67
0
8
0
62
256
6
ByLayer
370
-1
48
1.0
60
0
100
AcDbLine
10
152.602005004883
20
163.139999389648
30
0.0
11
151.951995849609
21
161.274993896484
31
0.0
39
0.0
210
0.0
220
0.0
230
1.0
0
LINE
5
62
330
17
100
AcDbEntity
67
0
8
0
62
256
6
ByLayer
370
-1
48
1.0
60
0
100
AcDbLine
10
151.951995849609
20
161.274993896484
30
0.0
11
151.981994628906
21
161.257995605469
31
0.0
39
0.0
210
0.0
220
0.0
230
1.0
0
LINE
5
63
330
17
100
AcDbEntity
67
0
8
0
62
256
6
ByLayer
370
-1
48
1.0
60
0
100
AcDbLine
10
151.981994628906
20
161.257995605469
30
0.0
11
153.496994018555
21
162.132995605469
31
0.0
39
0.0
210
0.0
220
0.0
230
1.0
0
LINE
5
64
330
17
100
AcDbEntity
67
0
8
0
62
256
6
ByLayer
370
-1
48
1.0
60
0
100
AcDbLine
10
153.496994018555
20
162.132995605469
30
0.0
11
153.496994018555
21
163.882995605469
31
0.0
39
0.0
210
0.0
220
0.0
230
1.0
0
LINE
5
65
330
17
100
AcDbEntity
67
0
8
0
62
256
6
ByLayer
370
-1
48
1.0
60
0
100
AcDbLine
10
153.496994018555
20
163.882995605469
30
0.0
11
153.154998779297
21
164.080001831055
31
0.0
39
0.0
210
0.0
220
0.0
230
1.0
0
LINE
5
66
330
17
100
AcDbEntity
67
0
8
0
62
256
6
ByLayer
370
-1
48
1.0
60
0
100
AcDbLine
10
153.154998779297
20
164.080001831055
30
0.0
11
152.994995117188
21
163.876998901367
31
0.0
39
0.0
210
0.0
220
0.0
230
1.0
0
LINE
5
67
330
17
100
AcDbEntity
67
0
8
0
62
256
6
ByLayer
370
-1
48
1.0
60
0
100
AcDbLine
10
157.02799987793
20
162.132995605469
30
0.0
11
155.513000488281
21
161.257995605469
31
0.0
39
0.0
210
0.0
220
0.0
230
1.0
0
LINE
5
68
330
17
100
AcDbEntity
67
0
8
0
62
256
6
ByLayer
370
-1
48
1.0
60
0
100
AcDbLine
10
155.513000488281
20
161.257995605469
30
0.0
11
153.996994018555
21
162.132995605469
31
0.0
39
0.0
210
0.0
220
0.0
230
1.0
0
LINE
5
69
330
17
100
AcDbEntity
67
0
8
0
62
256
6
ByLayer
370
-1
48
1.0
60
0
100
AcDbLine
10
153.996994018555
20
162.132995605469
30
0.0
11
153.996994018555
21
163.882995605469
31
0.0
39
0.0
210
0.0
220
0.0
230
1.0
0
LINE
5
6A
330
17
100
AcDbEntity
67
0
8
0
62
256
6
ByLayer
370
-1
48
1.0
60
0
100
AcDbLine
10
153.996994018555
20
163.882995605469
30
0.0
11
155.513000488281
21
164.757995605469
31
0.0
39
0.0
210
0.0
220
0.0
230
1.0
0
LINE
5
6B
330
17
100
AcDbEntity
67
0
8
0
62
256
6
ByLayer
370
-1
48
1.0
60
0
100
AcDbLine
10
155.513000488281
20
164.757995605469
30
0.0
11
157.02799987793
21
163.882995605469
31
0.0
39
0.0
210
0.0
220
0.0
230
1.0
0
LINE
5
6C
330
17
100
AcDbEntity
67
0
8
0
62
256
6
ByLayer
370
-1
48
1.0
60
0
100
AcDbLine
10
157.02799987793
20
163.882995605469
30
0.0
11
157.02799987793
21
162.132995605469
31
0.0
39
0.0
210
0.0
220
0.0
230
1.0
0
LINE
5
6D
330
17
100
AcDbEntity
67
0
8
0
62
256
6
ByLayer
370
-1
48
1.0
60
0
100
AcDbLine
10
160.559005737305
20
162.132995605469
30
0.0
11
159.044006347656
21
161.257995605469
31
0.0
39
0.0
210
0.0
220
0.0
230
1.0
0
LINE
5
6E
330
17
100
AcDbEntity
67
0
8
0
62
256
6
ByLayer
370
-1
48
1.0
60
0
100
AcDbLine
10
159.044006347656
20
161.257995605469
30
0.0
11
157.52799987793
21
162.132995605469
31
0.0
39
0.0
210
0.0
220
0.0
230
1.0
0
LINE
5
6F
330
17
100
AcDbEntity
67
0
8
0
62
256
6
ByLayer
370
-1
48
1.0
60
0
100
AcDbLine
10
157.52799987793
20
162.132995605469
30
0.0
11
157.52799987793
21
163.882995605469
31
0.0
39
0.0
210
0.0
220
0.0
230
1.0
0
LINE
5
70
330
17
100
AcDbEntity
67
0
8
0
62
256
6
ByLayer
370
-1
48
1.0
60
0
100
AcDbLine
10
157.52799987793
20
163.882995605469
30
0.0
11
159.044006347656
21
164.757995605469
31
0.0
39
0.0
210
0.0
220
0.0
230
1.0
0
LINE
5
71
330
17
100
AcDbEntity
67
0
8
0
62
256
6
ByLayer
370
-1
48
1.0
60
0
100
AcDbLine
10
159.044006347656
20
164.757995605469
30
0.0
11
160.559005737305
21
163.882995605469
31
0.0
39
0.0
210
0.0
220
0.0
230
1.0
0
LINE
5
72
330
17
100
AcDbEntity
67
0
8
0
62
256
6
ByLayer
370
-1
48
1.0
60
0
100
AcDbLine
10
160.559005737305
20
163.882995605469
30
0.0
11
160.559005737305
21
162.132995605469
31
0.0
39
0.0
210
0.0
220
0.0
230
1.0
0
LINE
5
73
330
17
100
AcDbEntity
67
0
8
0
62
256
6
ByLayer
370
-1
48
1.0
60
0
100
AcDbLine
10
164.091003417969
20
162.132995605469
30
0.0
11
162.574996948242
21
161.257995605469
31
0.0
39
0.0
210
0.0
220
0.0
230
1.0
0
LINE
5
74
330
17
100
AcDbEntity
67
0
8
0
62
256
6
ByLayer
370
-1
48
1.0
60
0
100
AcDbLine
10
162.574996948242
20
161.257995605469
30
0.0
11
161.059005737305
21
162.132995605469
31
0.0
39
0.0
210
0.0
220
0.0
230
1.0
0
LINE
5
75
330
17
100
AcDbEntity
67
0
8
0
62
256
6
ByLayer
370
-1
48
1.0
60
0
100
AcDbLine
10
161.059005737305
20
162.132995605469
30
0.0
11
161.059005737305
21
163.882995605469
31
0.0
39
0.0
210
0.0
220
0.0
230
1.0
0
LINE
5
76
330
17
100
AcDbEntity
67
0
8
0
62
256
6
ByLayer
370
-1
48
1.0
60
0
100
AcDbLine
10
161.059005737305
20
163.882995605469
30
0.0
11
162.574996948242
21
164.757995605469
31
0.0
39
0.0
210
0.0
220
0.0
230
1.0
0
LINE
5
77
330
17
100
AcDbEntity
67
0
8
0
62
256
6
ByLayer
370
-1
48
1.0
60
0
100
AcDbLine
10
162.574996948242
20
164.757995605469
30
0.0
11
164.091003417969
21
163.882995605469
31
0.0
39
0.0
210
0.0
220
0.0
230
1.0
0
LINE
5
78
330
17
100
AcDbEntity
67
0
8
0
62
256
6
ByLayer
370
-1
48
1.0
60
0
100
AcDbLine
10
164.091003417969
20
163.882995605469
30
0.0
11
164.091003417969
21
162.132995605469
31
0.0
39
0.0
210
0.0
220
0.0
230
1.0
0
LINE
5
79
330
17
100
AcDbEntity
67
0
8
0
62
256
6
ByLayer
370
-1
48
1.0
60
0
100
AcDbLine
10
167.621994018555
20
162.132995605469
30
0.0
11
166.106002807617
21
161.257995605469
31
0.0
39
0.0
210
0.0
220
0.0
230
1.0
0
LINE
5
7A
330
17
100
AcDbEntity
67
0
8
0
62
256
6
ByLayer
370
-1
48
1.0
60
0
100
AcDbLine
10
166.106002807617
20
161.257995605469
30
0.0
11
164.591003417969
21
162.132995605469
31
0.0
39
0.0
210
0.0
220
0.0
230
1.0
0
LINE
5
7B
330
17
100
AcDbEntity
67
0
8
0
62
256
6
ByLayer
370
-1
48
1.0
60
0
100
AcDbLine
10
164.591003417969
20
162.132995605469
30
0.0
11
164.591003417969
21
163.882995605469
31
0.0
39
0.0
210
0.0
220
0.0
230
1.0
0
LINE
5
7C
330
17
100
AcDbEntity
67
0
8
0
62
256
6
ByLayer
370
-1
48
1.0
60
0
100
AcDbLine
10
164.591003417969
20
163.882995605469
30
0.0
11
166.106002807617
21
164.757995605469
31
0.0
39
0.0
210
0.0
220
0.0
230
1.0
0
LINE
5
7D
330
17
100
AcDbEntity
67
0
8
0
62
256
6
ByLayer
370
-1
48
1.0
60
0
100
AcDbLine
10
166.106002807617
20
164.757995605469
30
0.0
11
167.621994018555
21
163.882995605469
31
0.0
39
0.0
210
0.0
220
0.0
230
1.0
0
LINE
5
7E
330
17
100
AcDbEntity
67
0
8
0
62
256
6
ByLayer
370
-1
48
1.0
60
0
100
AcDbLine
10
167.621994018555
20
163.882995605469
30
0.0
11
167.621994018555
21
162.132995605469
31
0.0
39
0.0
210
0.0
220
0.0
230
1.0
0
LINE
5
7F
330
17
100
AcDbEntity
67
0
8
0
62
256
6
ByLayer
370
-1
48
1.0
60
0
100
AcDbLine
10
171.15299987793
20
162.132995605469
30
0.0
11
169.636993408203
21
161.257995605469
31
0.0
39
0.0
210
0.0
220
0.0
230
1.0
0
LINE
5
80
330
17
100
AcDbEntity
67
0
8
0
62
256
6
ByLayer
370
-1
48
1.0
60
0
100
AcDbLine
10
169.636993408203
20
161.257995605469
30
0.0
11
168.121994018555
21
162.132995605469
31
0.0
39
0.0
210
0.0
220
0.0
230
1.0
0
LINE
5
81
330
17
100
AcDbEntity
67
0
8
0
62
256
6
ByLayer
370
-1
48
1.0
60
0
100
AcDbLine
10
168.121994018555
20
162.132995605469
30
0.0
11
168.121994018555
21
163.882995605469
31
0.0
39
0.0
210
0.0
220
0.0
230
1.0
0
LINE
5
82
330
17
100
AcDbEntity
67
0
8
0
62
256
6
ByLayer
370
-1
48
1.0
60
0
100
AcDbLine
10
168.121994018555
20
163.882995605469
30
0.0
11
169.636993408203
21
164.757995605469
31
0.0
39
0.0
210
0.0
220
0.0
230
1.0
0
LINE
5
83
330
17
100
AcDbEntity
67
0
8
0
62
256
6
ByLayer
370
-1
48
1.0
60
0
100
AcDbLine
10
169.636993408203
20
164.757995605469
30
0.0
11
171.15299987793
21
163.882995605469
31
0.0
39
0.0
210
0.0
220
0.0
230
1.0
0
LINE
5
84
330
17
100
AcDbEntity
67
0
8
0
62
256
6
ByLayer
370
-1
48
1.0
60
0
100
AcDbLine
10
171.15299987793
20
163.882995605469
30
0.0
11
171.15299987793
21
162.132995605469
31
0.0
39
0.0
210
0.0
220
0.0
230
1.0
0
LINE
5
85
330
17
100
AcDbEntity
67
0
8
0
62
256
6
ByLayer
370
-1
48
1.0
60
0
100
AcDbLine
10
174.684005737305
20
162.132995605469
30
0.0
11
173.167999267578
21
161.257995605469
31
0.0
39
0.0
210
0.0
220
0.0
230
1.0
0
LINE
5
86
330
17
100
AcDbEntity
67
0
8
0
62
256
6
ByLayer
370
-1
48
1.0
60
0
100
AcDbLine
10
173.167999267578
20
161.257995605469
30
0.0
11
171.65299987793
21
162.132995605469
31
0.0
39
0.0
210
0.0
220
0.0
230
1.0
0
LINE
5
87
330
17
100
AcDbEntity
67
0
8
0
62
256
6
ByLayer
370
-1
48
1.0
60
0
100
AcDbLine
10
171.65299987793
20
162.132995605469
30
0.0
11
171.65299987793
21
163.882995605469
31
0.0
39
0.0
210
0.0
220
0.0
230
1.0
0
LINE
5
88
330
17
100
AcDbEntity
67
0
8
0
62
256
6
ByLayer
370
-1
48
1.0
60
0
100
AcDbLine
10
171.65299987793
20
163.882995605469
30
0.0
11
173.167999267578
21
164.757995605469
31
0.0
39
0.0
210
0.0
220
0.0
230
1.0
0
LINE
5
89
330
17
100
AcDbEntity
67
0
8
0
62
256
6
ByLayer
370
-1
48
1.0
60
0
100
AcDbLine
10
173.167999267578
20
164.757995605469
30
0.0
11
174.684005737305
21
163.882995605469
31
0.0
39
0.0
210
0.0
220
0.0
230
1.0
0
LINE
5
8A
330
17
100
AcDbEntity
67
0
8
0
62
256
6
ByLayer
370
-1
48
1.0
60
0
100
AcDbLine
10
174.684005737305
20
163.882995605469
30
0.0
11
174.684005737305
21
162.132995605469
31
0.0
39
0.0
210
0.0
220
0.0
230
1.0
0
LINE
5
8B
330
17
100
AcDbEntity
67
0
8
0
62
256
6
ByLayer
370
-1
48
1.0
60
0
100
AcDbLine
10
178.214996337891
20
162.132995605469
30
0.0
11
176.699005126953
21
161.257995605469
31
0.0
39
0.0
210
0.0
220
0.0
230
1.0
0
LINE
5
8C
330
17
100
AcDbEntity
67
0
8
0
62
256
6
ByLayer
370
-1
48
1.0
60
0
100
AcDbLine
10
176.699005126953
20
161.257995605469
30
0.0
11
175.184005737305
21
162.132995605469
31
0.0
39
0.0
210
0.0
220
0.0
230
1.0
0
LINE
5
8D
330
17
100
AcDbEntity
67
0
8
0
62
256
6
ByLayer
370
-1
48
1.0
60
0
100
AcDbLine
10
175.184005737305
20
162.132995605469
30
0.0
11
175.184005737305
21
163.882995605469
31
0.0
39
0.0
210
0.0
220
0.0
230
1.0
0
LINE
5
8E
330
17
100
AcDbEntity
67
0
8
0
62
256
6
ByLayer
370
-1
48
1.0
60
0
100
AcDbLine
10
175.184005737305
20
163.882995605469
30
0.0
11
176.699005126953
21
164.757995605469
31
0.0
39
0.0
210
0.0
220
0.0
230
1.0
0
LINE
5
8F
330
17
100
AcDbEntity
67
0
8
0
62
256
6
ByLayer
370
-1
48
1.0
60
0
100
AcDbLine
10
176.699005126953
20
164.757995605469
30
0.0
11
178.214996337891
21
163.882995605469
31
0.0
39
0.0
210
0.0
220
0.0
230
1.0
0
LINE
5
90
330
17
100
AcDbEntity
67
0
8
0
62
256
6
ByLayer
370
-1
48
1.0
60
0
100
AcDbLine
10
178.214996337891
20
163.882995605469
30
0.0
11
178.214996337891
21
162.132995605469
31
0.0
39
0.0
210
0.0
220
0.0
230
1.0
0
LINE
5
91
330
17
100
AcDbEntity
67
0
8
0
62
256
6
ByLayer
370
-1
48
1.0
60
0
100
AcDbLine
10
181.746002197266
20
162.132995605469
30
0.0
11
180.229995727539
21
161.257995605469
31
0.0
39
0.0
210
0.0
220
0.0
230
1.0
0
LINE
5
92
330
17
100
AcDbEntity
67
0
8
0
62
256
6
ByLayer
370
-1
48
1.0
60
0
100
AcDbLine
10
180.229995727539
20
161.257995605469
30
0.0
11
178.714996337891
21
162.132995605469
31
0.0
39
0.0
210
0.0
220
0.0
230
1.0
0
LINE
5
93
330
17
100
AcDbEntity
67
0
8
0
62
256
6
ByLayer
370
-1
48
1.0
60
0
100
AcDbLine
10
178.714996337891
20
162.132995605469
30
0.0
11
178.714996337891
21
163.882995605469
31
0.0
39
0.0
210
0.0
220
0.0
230
1.0
0
LINE
5
94
330
17
100
AcDbEntity
67
0
8
0
62
256
6
ByLayer
370
-1
48
1.0
60
0
100
AcDbLine
10
178.714996337891
20
163.882995605469
30
0.0
11
180.229995727539
21
164.757995605469
31
0.0
39
0.0
210
0.0
220
0.0
230
1.0
0
LINE
5
95
330
17
100
AcDbEntity
67
0
8
0
62
256
6
ByLayer
370
-1
48
1.0
60
0
100
AcDbLine
10
180.229995727539
20
164.757995605469
30
0.0
11
181.746002197266
21
163.882995605469
31
0.0
39
0.0
210
0.0
220
0.0
230
1.0
0
LINE
5
96
330
17
100
AcDbEntity
67
0
8
0
62
256
6
ByLayer
370
-1
48
1.0
60
0
100
AcDbLine
10
181.746002197266
20
163.882995605469
30
0.0
11
181.746002197266
21
162.132995605469
31
0.0
39
0.0
210
0.0
220
0.0
230
1.0
0
LINE
5
97
330
17
100
AcDbEntity
67
0
8
0
62
256
6
ByLayer
370
-1
48
1.0
60
0
100
AcDbLine
10
185.276992797852
20
162.132995605469
30
0.0
11
183.761993408203
21
161.257995605469
31
0.0
39
0.0
210
0.0
220
0.0
230
1.0
0
LINE
5
98
330
17
100
AcDbEntity
67
0
8
0
62
256
6
ByLayer
370
-1
48
1.0
60
0
100
AcDbLine
10
183.761993408203
20
161.257995605469
30
0.0
11
182.246002197266
21
162.132995605469
31
0.0
39
0.0
210
0.0
220
0.0
230
1.0
0
LINE
5
99
330
17
100
AcDbEntity
67
0
8
0
62
256
6
ByLayer
370
-1
48
1.0
60
0
100
AcDbLine
10
182.246002197266
20
162.132995605469
30
0.0
11
182.246002197266
21
163.882995605469
31
0.0
39
0.0
210
0.0
220
0.0
230
1.0
0
LINE
5
9A
330
17
100
AcDbEntity
67
0
8
0
62
256
6
ByLayer
370
-1
48
1.0
60
0
100
AcDbLine
10
182.246002197266
20
163.882995605469
30
0.0
11
183.761993408203
21
164.757995605469
31
0.0
39
0.0
210
0.0
220
0.0
230
1.0
0
LINE
5
9B
330
17
100
AcDbEntity
67
0
8
0
62
256
6
ByLayer
370
-1
48
1.0
60
0
100
AcDbLine
10
183.761993408203
20
164.757995605469
30
0.0
11
185.276992797852
21
163.882995605469
31
0.0
39
0.0
210
0.0
220
0.0
230
1.0
0
LINE
5
9C
330
17
100
AcDbEntity
67
0
8
0
62
256
6
ByLayer
370
-1
48
1.0
60
0
100
AcDbLine
10
185.276992797852
20
163.882995605469
30
0.0
11
185.276992797852
21
162.132995605469
31
0.0
39
0.0
210
0.0
220
0.0
230
1.0
0
LINE
5
9D
330
17
100
AcDbEntity
67
0
8
0
62
256
6
ByLayer
370
-1
48
1.0
60
0
100
AcDbLine
10
188.807998657227
20
162.132995605469
30
0.0
11
187.292999267578
21
161.257995605469
31
0.0
39
0.0
210
0.0
220
0.0
230
1.0
0
LINE
5
9E
330
17
100
AcDbEntity
67
0
8
0
62
256
6
ByLayer
370
-1
48
1.0
60
0
100
AcDbLine
10
187.292999267578
20
161.257995605469
30
0.0
11
185.776992797852
21
162.132995605469
31
0.0
39
0.0
210
0.0
220
0.0
230
1.0
0
LINE
5
9F
330
17
100
AcDbEntity
67
0
8
0
62
256
6
ByLayer
370
-1
48
1.0
60
0
100
AcDbLine
10
185.776992797852
20
162.132995605469
30
0.0
11
185.776992797852
21
163.882995605469
31
0.0
39
0.0
210
0.0
220
0.0
230
1.0
0
LINE
5
A0
330
17
100
AcDbEntity
67
0
8
0
62
256
6
ByLayer
370
-1
48
1.0
60
0
100
AcDbLine
10
185.776992797852
20
163.882995605469
30
0.0
11
187.292999267578
21
164.757995605469
31
0.0
39
0.0
210
0.0
220
0.0
230
1.0
0
LINE
5
A1
330
17
100
AcDbEntity
67
0
8
0
62
256
6
ByLayer
370
-1
48
1.0
60
0
100
AcDbLine
10
187.292999267578
20
164.757995605469
30
0.0
11
188.807998657227
21
163.882995605469
31
0.0
39
0.0
210
0.0
220
0.0
230
1.0
0
LINE
5
A2
330
17
100
AcDbEntity
67
0
8
0
62
256
6
ByLayer
370
-1
48
1.0
60
0
100
AcDbLine
10
188.807998657227
20
163.882995605469
30
0.0
11
188.807998657227
21
162.132995605469
31
0.0
39
0.0
210
0.0
220
0.0
230
1.0
0
LINE
5
A3
330
17
100
AcDbEntity
67
0
8
0
62
256
6
ByLayer
370
-1
48
1.0
60
0
100
AcDbLine
10
192.339004516602
20
162.132995605469
30
0.0
11
190.824005126953
21
161.257995605469
31
0.0
39
0.0
210
0.0
220
0.0
230
1.0
0
LINE
5
A4
330
17
100
AcDbEntity
67
0
8
0
62
256
6
ByLayer
370
-1
48
1.0
60
0
100
AcDbLine
10
190.824005126953
20
161.257995605469
30
0.0
11
189.307998657227
21
162.132995605469
31
0.0
39
0.0
210
0.0
220
0.0
230
1.0
0
LINE
5
A5
330
17
100
AcDbEntity
67
0
8
0
62
256
6
ByLayer
370
-1
48
1.0
60
0
100
AcDbLine
10
189.307998657227
20
162.132995605469
30
0.0
11
189.307998657227
21
163.882995605469
31
0.0
39
0.0
210
0.0
220
0.0
230
1.0
0
LINE
5
A6
330
17
100
AcDbEntity
67
0
8
0
62
256
6
ByLayer
370
-1
48
1.0
60
0
100
AcDbLine
10
189.307998657227
20
163.882995605469
30
0.0
11
190.824005126953
21
164.757995605469
31
0.0
39
0.0
210
0.0
220
0.0
230
1.0
0
LINE
5
A7
330
17
100
AcDbEntity
67
0
8
0
62
256
6
ByLayer
370
-1
48
1.0
60
0
100
AcDbLine
10
190.824005126953
20
164.757995605469
30
0.0
11
192.339004516602
21
163.882995605469
31
0.0
39
0.0
210
0.0
220
0.0
230
1.0
0
LINE
5
A8
330
17
100
AcDbEntity
67
0
8
0
62
256
6
ByLayer
370
-1
48
1.0
60
0
100
AcDbLine
10
192.339004516602
20
163.882995605469
30
0.0
11
192.339004516602
21
162.132995605469
31
0.0
39
0.0
210
0.0
220
0.0
230
1.0
0
LINE
5
A9
330
17
100
AcDbEntity
67
0
8
0
62
256
6
ByLayer
370
-1
48
1.0
60
0
100
AcDbLine
10
193.151000976563
20
161.953002929688
30
0.0
11
193.104995727539
21
162.404006958008
31
0.0
39
0.0
210
0.0
220
0.0
230
1.0
0
LINE
5
AA
330
17
100
AcDbEntity
67
0
8
0
62
256
6
ByLayer
370
-1
48
1.0
60
0
100
AcDbLine
10
193.104995727539
20
162.404006958008
30
0.0
11
193.020004272461
21
162.79899597168
31
0.0
39
0.0
210
0.0
220
0.0
230
1.0
0
LINE
5
AB
330
17
100
AcDbEntity
67
0
8
0
62
256
6
ByLayer
370
-1
48
1.0
60
0
100
AcDbLine
10
193.020004272461
20
162.79899597168
30
0.0
11
192.897994995117
21
163.179992675781
31
0.0
39
0.0
210
0.0
220
0.0
230
1.0
0
LINE
5
AC
330
17
100
AcDbEntity
67
0
8
0
62
256
6
ByLayer
370
-1
48
1.0
60
0
100
AcDbLine
10
192.897994995117
20
163.179992675781
30
0.0
11
192.839004516602
21
163.315994262695
31
0.0
39
0.0
210
0.0
220
0.0
230
1.0
0
LINE
5
AD
330
17
100
AcDbEntity
67
0
8
0
62
256
6
ByLayer
370
-1
48
1.0
60
0
100
AcDbLine
10
192.839004516602
20
163.315994262695
30
0.0
11
192.839004516602
21
162.132995605469
31
0.0
39
0.0
210
0.0
220
0.0
230
1.0
0
LINE
5
AE
330
17
100
AcDbEntity
67
0
8
0
62
256
6
ByLayer
370
-1
48
1.0
60
0
100
AcDbLine
10
192.839004516602
20
162.132995605469
30
0.0
11
193.151000976563
21
161.953002929688
31
0.0
39
0.0
210
0.0
220
0.0
230
1.0
0
LINE
5
AF
330
17
100
AcDbEntity
67
0
8
0
62
256
6
ByLayer
370
-1
48
1.0
60
0
100
AcDbLine
10
151.048004150391
20
158.679992675781
30
0.0
11
151.731994628906
21
159.074996948242
31
0.0
39
0.0
210
0.0
220
0.0
230
1.0
0
LINE
5
B0
330
17
100
AcDbEntity
67
0
8
0
62
256
6
ByLayer
370
-1
48
1.0
60
0
100
AcDbLine
10
151.731994628906
20
159.074996948242
30
0.0
11
151.731994628906
21
160.641998291016
31
0.0
39
0.0
210
0.0
220
0.0
230
1.0
0
LINE
5
B1
330
17
100
AcDbEntity
67
0
8
0
62
256
6
ByLayer
370
-1
48
1.0
60
0
100
AcDbLine
10
151.731994628906
20
160.641998291016
30
0.0
11
151.048004150391
21
158.679992675781
31
0.0
39
0.0
210
0.0
220
0.0
230
1.0
0
LINE
5
B2
330
17
100
AcDbEntity
67
0
8
0
62
256
6
ByLayer
370
-1
48
1.0
60
0
100
AcDbLine
10
155.263000488281
20
159.074996948242
30
0.0
11
153.746994018555
21
158.199996948242
31
0.0
39
0.0
210
0.0
220
0.0
230
1.0
0
LINE
5
B3
330
17
100
AcDbEntity
67
0
8
0
62
256
6
ByLayer
370
-1
48
1.0
60
0
100
AcDbLine
10
153.746994018555
20
158.199996948242
30
0.0
11
152.231994628906
21
159.074996948242
31
0.0
39
0.0
210
0.0
220
0.0
230
1.0
0
LINE
5
B4
330
17
100
AcDbEntity
67
0
8
0
62
256
6
ByLayer
370
-1
48
1.0
60
0
100
AcDbLine
10
152.231994628906
20
159.074996948242
30
0.0
11
152.231994628906
21
160.824996948242
31
0.0
39
0.0
210
0.0
220
0.0
230
1.0
0
LINE
5
B5
330
17
100
AcDbEntity
67
0
8
0
62
256
6
ByLayer
370
-1
48
1.0
60
0
100
AcDbLine
10
152.231994628906
20
160.824996948242
30
0.0
11
153.746994018555
21
161.699996948242
31
0.0
39
0.0
210
0.0
220
0.0
230
1.0
0
LINE
5
B6
330
17
100
AcDbEntity
67
0
8
0
62
256
6
ByLayer
370
-1
48
1.0
60
0
100
AcDbLine
10
153.746994018555
20
161.699996948242
30
0.0
11
155.263000488281
21
160.824996948242
31
0.0
39
0.0
210
0.0
220
0.0
230
1.0
0
LINE
5
B7
330
17
100
AcDbEntity
67
0
8
0
62
256
6
ByLayer
370
-1
48
1.0
60
0
100
AcDbLine
10
155.263000488281
20
160.824996948242
30
0.0
11
155.263000488281
21
159.074996948242
31
0.0
39
0.0
210
0.0
220
0.0
230
1.0
0
LINE
5
B8
330
17
100
AcDbEntity
67
0
8
0
62
256
6
ByLayer
370
-1
48
1.0
60
0
100
AcDbLine
10
158.794006347656
20
159.074996948242
30
0.0
11
157.27799987793
21
158.199996948242
31
0.0
39
0.0
210
0.0
220
0.0
230
1.0
0
LINE
5
B9
330
17
100
AcDbEntity
67
0
8
0
62
256
6
ByLayer
370
-1
48
1.0
60
0
100
AcDbLine
10
157.27799987793
20
158.199996948242
30
0.0
11
155.763000488281
21
159.074996948242
31
0.0
39
0.0
210
0.0
220
0.0
230
1.0
0
LINE
5
BA
330
17
100
AcDbEntity
67
0
8
0
62
256
6
ByLayer
370
-1
48
1.0
60
0
100
AcDbLine
10
155.763000488281
20
159.074996948242
30
0.0
11
155.763000488281
21
160.824996948242
31
0.0
39
0.0
210
0.0
220
0.0
230
1.0
0
LINE
5
BB
330
17
100
AcDbEntity
67
0
8
0
62
256
6
ByLayer
370
-1
48
1.0
60
0
100
AcDbLine
10
155.763000488281
20
160.824996948242
30
0.0
11
157.27799987793
21
161.699996948242
31
0.0
39
0.0
210
0.0
220
0.0
230
1.0
0
LINE
5
BC
330
17
100
AcDbEntity
67
0
8
0
62
256
6
ByLayer
370
-1
48
1.0
60
0
100
AcDbLine
10
157.27799987793
20
161.699996948242
30
0.0
11
158.794006347656
21
160.824996948242
31
0.0
39
0.0
210
0.0
220
0.0
230
1.0
0
LINE
5
BD
330
17
100
AcDbEntity
67
0
8
0
62
256
6
ByLayer
370
-1
48
1.0
60
0
100
AcDbLine
10
158.794006347656
20
160.824996948242
30
0.0
11
158.794006347656
21
159.074996948242
31
0.0
39
0.0
210
0.0
220
0.0
230
1.0
0
LINE
5
BE
330
17
100
AcDbEntity
67
0
8
0
62
256
6
ByLayer
370
-1
48
1.0
60
0
100
AcDbLine
10
162.324996948242
20
159.074996948242
30
0.0
11
160.809005737305
21
158.199996948242
31
0.0
39
0.0
210
0.0
220
0.0
230
1.0
0
LINE
5
BF
330
17
100
AcDbEntity
67
0
8
0
62
256
6
ByLayer
370
-1
48
1.0
60
0
100
AcDbLine
10
160.809005737305
20
158.199996948242
30
0.0
11
159.294006347656
21
159.074996948242
31
0.0
39
0.0
210
0.0
220
0.0
230
1.0
0
LINE
5
C0
330
17
100
AcDbEntity
67
0
8
0
62
256
6
ByLayer
370
-1
48
1.0
60
0
100
AcDbLine
10
159.294006347656
20
159.074996948242
30
0.0
11
159.294006347656
21
160.824996948242
31
0.0
39
0.0
210
0.0
220
0.0
230
1.0
0
LINE
5
C1
330
17
100
AcDbEntity
67
0
8
0
62
256
6
ByLayer
370
-1
48
1.0
60
0
100
AcDbLine
10
159.294006347656
20
160.824996948242
30
0.0
11
160.809005737305
21
161.699996948242
31
0.0
39
0.0
210
0.0
220
0.0
230
1.0
0
LINE
5
C2
330
17
100
AcDbEntity
67
0
8
0
62
256
6
ByLayer
370
-1
48
1.0
60
0
100
AcDbLine
10
160.809005737305
20
161.699996948242
30
0.0
11
162.324996948242
21
160.824996948242
31
0.0
39
0.0
210
0.0
220
0.0
230
1.0
0
LINE
5
C3
330
17
100
AcDbEntity
67
0
8
0
62
256
6
ByLayer
370
-1
48
1.0
60
0
100
AcDbLine
10
162.324996948242
20
160.824996948242
30
0.0
11
162.324996948242
21
159.074996948242
31
0.0
39
0.0
210
0.0
220
0.0
230
1.0
0
LINE
5
C4
330
17
100
AcDbEntity
67
0
8
0
62
256
6
ByLayer
370
-1
48
1.0
60
0
100
AcDbLine
10
165.856002807617
20
159.074996948242
30
0.0
11
164.341003417969
21
158.199996948242
31
0.0
39
0.0
210
0.0
220
0.0
230
1.0
0
LINE
5
C5
330
17
100
AcDbEntity
67
0
8
0
62
256
6
ByLayer
370
-1
48
1.0
60
0
100
AcDbLine
10
164.341003417969
20
158.199996948242
30
0.0
11
162.824996948242
21
159.074996948242
31
0.0
39
0.0
210
0.0
220
0.0
230
1.0
0
LINE
5
C6
330
17
100
AcDbEntity
67
0
8
0
62
256
6
ByLayer
370
-1
48
1.0
60
0
100
AcDbLine
10
162.824996948242
20
159.074996948242
30
0.0
11
162.824996948242
21
160.824996948242
31
0.0
39
0.0
210
0.0
220
0.0
230
1.0
0
LINE
5
C7
330
17
100
AcDbEntity
67
0
8
0
62
256
6
ByLayer
370
-1
48
1.0
60
0
100
AcDbLine
10
162.824996948242
20
160.824996948242
30
0.0
11
164.341003417969
21
161.699996948242
31
0.0
39
0.0
210
0.0
220
0.0
230
1.0
0
LINE
5
C8
330
17
100
AcDbEntity
67
0
8
0
62
256
6
ByLayer
370
-1
48
1.0
60
0
100
AcDbLine
10
164.341003417969
20
161.699996948242
30
0.0
11
165.856002807617
21
160.824996948242
31
0.0
39
0.0
210
0.0
220
0.0
230
1.0
0
LINE
5
C9
330
17
100
AcDbEntity
67
0
8
0
62
256
6
ByLayer
370
-1
48
1.0
60
0
100
AcDbLine
10
165.856002807617
20
160.824996948242
30
0.0
11
165.856002807617
21
159.074996948242
31
0.0
39
0.0
210
0.0
220
0.0
230
1.0
0
LINE
5
CA
330
17
100
AcDbEntity
67
0
8
0
62
256
6
ByLayer
370
-1
48
1.0
60
0
100
AcDbLine
10
169.386993408203
20
159.074996948242
30
0.0
11
167.871994018555
21
158.199996948242
31
0.0
39
0.0
210
0.0
220
0.0
230
1.0
0
LINE
5
CB
330
17
100
AcDbEntity
67
0
8
0
62
256
6
ByLayer
370
-1
48
1.0
60
0
100
AcDbLine
10
167.871994018555
20
158.199996948242
30
0.0
11
166.356002807617
21
159.074996948242
31
0.0
39
0.0
210
0.0
220
0.0
230
1.0
0
LINE
5
CC
330
17
100
AcDbEntity
67
0
8
0
62
256
6
ByLayer
370
-1
48
1.0
60
0
100
AcDbLine
10
166.356002807617
20
159.074996948242
30
0.0
11
166.356002807617
21
160.824996948242
31
0.0
39
0.0
210
0.0
220
0.0
230
1.0
0
LINE
5
CD
330
17
100
AcDbEntity
67
0
8
0
62
256
6
ByLayer
370
-1
48
1.0
60
0
100
AcDbLine
10
166.356002807617
20
160.824996948242
30
0.0
11
167.871994018555
21
161.699996948242
31
0.0
39
0.0
210
0.0
220
0.0
230
1.0
0
LINE
5
CE
330
17
100
AcDbEntity
67
0
8
0
62
256
6
ByLayer
370
-1
48
1.0
60
0
100
AcDbLine
10
167.871994018555
20
161.699996948242
30
0.0
11
169.386993408203
21
160.824996948242
31
0.0
39
0.0
210
0.0
220
0.0
230
1.0
0
LINE
5
CF
330
17
100
AcDbEntity
67
0
8
0
62
256
6
ByLayer
370
-1
48
1.0
60
0
100
AcDbLine
10
169.386993408203
20
160.824996948242
30
0.0
11
169.386993408203
21
159.074996948242
31
0.0
39
0.0
210
0.0
220
0.0
230
1.0
0
LINE
5
D0
330
17
100
AcDbEntity
67
0
8
0
62
256
6
ByLayer
370
-1
48
1.0
60
0
100
AcDbLine
10
172.917999267578
20
159.074996948242
30
0.0
11
171.40299987793
21
158.199996948242
31
0.0
39
0.0
210
0.0
220
0.0
230
1.0
0
LINE
5
D1
330
17
100
AcDbEntity
67
0
8
0
62
256
6
ByLayer
370
-1
48
1.0
60
0
100
AcDbLine
10
171.40299987793
20
158.199996948242
30
0.0
11
169.886993408203
21
159.074996948242
31
0.0
39
0.0
210
0.0
220
0.0
230
1.0
0
LINE
5
D2
330
17
100
AcDbEntity
67
0
8
0
62
256
6
ByLayer
370
-1
48
1.0
60
0
100
AcDbLine
10
169.886993408203
20
159.074996948242
30
0.0
11
169.886993408203
21
160.824996948242
31
0.0
39
0.0
210
0.0
220
0.0
230
1.0
0
LINE
5
D3
330
17
100
AcDbEntity
67
0
8
0
62
256
6
ByLayer
370
-1
48
1.0
60
0
100
AcDbLine
10
169.886993408203
20
160.824996948242
30
0.0
11
171.40299987793
21
161.699996948242
31
0.0
39
0.0
210
0.0
220
0.0
230
1.0
0
LINE
5
D4
330
17
100
AcDbEntity
67
0
8
0
62
256
6
ByLayer
370
-1
48
1.0
60
0
100
AcDbLine
10
171.40299987793
20
161.699996948242
30
0.0
11
172.917999267578
21
160.824996948242
31
0.0
39
0.0
210
0.0
220
0.0
230
1.0
0
LINE
5
D5
330
17
100
AcDbEntity
67
0
8
0
62
256
6
ByLayer
370
-1
48
1.0
60
0
100
AcDbLine
10
172.917999267578
20
160.824996948242
30
0.0
11
172.917999267578
21
159.074996948242
31
0.0
39
0.0
210
0.0
220
0.0
230
1.0
0
LINE
5
D6
330
17
100
AcDbEntity
67
0
8
0
62
256
6
ByLayer
370
-1
48
1.0
60
0
100
AcDbLine
10
176.449005126953
20
159.074996948242
30
0.0
11
174.934005737305
21
158.199996948242
31
0.0
39
0.0
210
0.0
220
0.0
230
1.0
0
LINE
5
D7
330
17
100
AcDbEntity
67
0
8
0
62
256
6
ByLayer
370
-1
48
1.0
60
0
100
AcDbLine
10
174.934005737305
20
158.199996948242
30
0.0
11
173.417999267578
21
159.074996948242
31
0.0
39
0.0
210
0.0
220
0.0
230
1.0
0
LINE
5
D8
330
17
100
AcDbEntity
67
0
8
0
62
256
6
ByLayer
370
-1
48
1.0
60
0
100
AcDbLine
10
173.417999267578
20
159.074996948242
30
0.0
11
173.417999267578
21
160.824996948242
31
0.0
39
0.0
210
0.0
220
0.0
230
1.0
0
LINE
5
D9
330
17
100
AcDbEntity
67
0
8
0
62
256
6
ByLayer
370
-1
48
1.0
60
0
100
AcDbLine
10
173.417999267578
20
160.824996948242
30
0.0
11
174.934005737305
21
161.699996948242
31
0.0
39
0.0
210
0.0
220
0.0
230
1.0
0
LINE
5
DA
330
17
100
AcDbEntity
67
0
8
0
62
256
6
ByLayer
370
-1
48
1.0
60
0
100
AcDbLine
10
174.934005737305
20
161.699996948242
30
0.0
11
176.449005126953
21
160.824996948242
31
0.0
39
0.0
210
0.0
220
0.0
230
1.0
0
LINE
5
DB
330
17
100
AcDbEntity
67
0
8
0
62
256
6
ByLayer
370
-1
48
1.0
60
0
100
AcDbLine
10
176.449005126953
20
160.824996948242
30
0.0
11
176.449005126953
21
159.074996948242
31
0.0
39
0.0
210
0.0
220
0.0
230
1.0
0
LINE
5
DC
330
17
100
AcDbEntity
67
0
8
0
62
256
6
ByLayer
370
-1
48
1.0
60
0
100
AcDbLine
10
179.979995727539
20
159.074996948242
30
0.0
11
178.464996337891
21
158.199996948242
31
0.0
39
0.0
210
0.0
220
0.0
230
1.0
0
LINE
5
DD
330
17
100
AcDbEntity
67
0
8
0
62
256
6
ByLayer
370
-1
48
1.0
60
0
100
AcDbLine
10
178.464996337891
20
158.199996948242
30
0.0
11
176.949005126953
21
159.074996948242
31
0.0
39
0.0
210
0.0
220
0.0
230
1.0
0
LINE
5
DE
330
17
100
AcDbEntity
67
0
8
0
62
256
6
ByLayer
370
-1
48
1.0
60
0
100
AcDbLine
10
176.949005126953
20
159.074996948242
30
0.0
11
176.949005126953
21
160.824996948242
31
0.0
39
0.0
210
0.0
220
0.0
230
1.0
0
LINE
5
DF
330
17
100
AcDbEntity
67
0
8
0
62
256
6
ByLayer
370
-1
48
1.0
60
0
100
AcDbLine
10
176.949005126953
20
160.824996948242
30
0.0
11
178.464996337891
21
161.699996948242
31
0.0
39
0.0
210
0.0
220
0.0
230
1.0
0
LINE
5
E0
330
17
100
AcDbEntity
67
0
8
0
62
256
6
ByLayer
370
-1
48
1.0
60
0
100
AcDbLine
10
178.464996337891
20
161.699996948242
30
0.0
11
179.979995727539
21
160.824996948242
31
0.0
39
0.0
210
0.0
220
0.0
230
1.0
0
LINE
5
E1
330
17
100
AcDbEntity
67
0
8
0
62
256
6
ByLayer
370
-1
48
1.0
60
0
100
AcDbLine
10
179.979995727539
20
160.824996948242
30
0.0
11
179.979995727539
21
159.074996948242
31
0.0
39
0.0
210
0.0
220
0.0
230
1.0
0
LINE
5
E2
330
17
100
AcDbEntity
67
0
8
0
62
256
6
ByLayer
370
-1
48
1.0
60
0
100
AcDbLine
10
183.511993408203
20
159.074996948242
30
0.0
11
181.996002197266
21
158.199996948242
31
0.0
39
0.0
210
0.0
220
0.0
230
1.0
0
LINE
5
E3
330
17
100
AcDbEntity
67
0
8
0
62
256
6
ByLayer
370
-1
48
1.0
60
0
100
AcDbLine
10
181.996002197266
20
158.199996948242
30
0.0
11
180.479995727539
21
159.074996948242
31
0.0
39
0.0
210
0.0
220
0.0
230
1.0
0
LINE
5
E4
330
17
100
AcDbEntity
67
0
8
0
62
256
6
ByLayer
370
-1
48
1.0
60
0
100
AcDbLine
10
180.479995727539
20
159.074996948242
30
0.0
11
180.479995727539
21
160.824996948242
31
0.0
39
0.0
210
0.0
220
0.0
230
1.0
0
LINE
5
E5
330
17
100
AcDbEntity
67
0
8
0
62
256
6
ByLayer
370
-1
48
1.0
60
0
100
AcDbLine
10
180.479995727539
20
160.824996948242
30
0.0
11
181.996002197266
21
161.699996948242
31
0.0
39
0.0
210
0.0
220
0.0
230
1.0
0
LINE
5
E6
330
17
100
AcDbEntity
67
0
8
0
62
256
6
ByLayer
370
-1
48
1.0
60
0
100
AcDbLine
10
181.996002197266
20
161.699996948242
30
0.0
11
183.511993408203
21
160.824996948242
31
0.0
39
0.0
210
0.0
220
0.0
230
1.0
0
LINE
5
E7
330
17
100
AcDbEntity
67
0
8
0
62
256
6
ByLayer
370
-1
48
1.0
60
0
100
AcDbLine
10
183.511993408203
20
160.824996948242
30
0.0
11
183.511993408203
21
159.074996948242
31
0.0
39
0.0
210
0.0
220
0.0
230
1.0
0
LINE
5
E8
330
17
100
AcDbEntity
67
0
8
0
62
256
6
ByLayer
370
-1
48
1.0
60
0
100
AcDbLine
10
187.042999267578
20
159.074996948242
30
0.0
11
185.526992797852
21
158.199996948242
31
0.0
39
0.0
210
0.0
220
0.0
230
1.0
0
LINE
5
E9
330
17
100
AcDbEntity
67
0
8
0
62
256
6
ByLayer
370
-1
48
1.0
60
0
100
AcDbLine
10
185.526992797852
20
158.199996948242
30
0.0
11
184.011993408203
21
159.074996948242
31
0.0
39
0.0
210
0.0
220
0.0
230
1.0
0
LINE
5
EA
330
17
100
AcDbEntity
67
0
8
0
62
256
6
ByLayer
370
-1
48
1.0
60
0
100
AcDbLine
10
184.011993408203
20
159.074996948242
30
0.0
11
184.011993408203
21
160.824996948242
31
0.0
39
0.0
210
0.0
220
0.0
230
1.0
0
LINE
5
EB
330
17
100
AcDbEntity
67
0
8
0
62
256
6
ByLayer
370
-1
48
1.0
60
0
100
AcDbLine
10
184.011993408203
20
160.824996948242
30
0.0
11
185.526992797852
21
161.699996948242
31
0.0
39
0.0
210
0.0
220
0.0
230
1.0
0
LINE
5
EC
330
17
100
AcDbEntity
67
0
8
0
62
256
6
ByLayer
370
-1
48
1.0
60
0
100
AcDbLine
10
185.526992797852
20
161.699996948242
30
0.0
11
187.042999267578
21
160.824996948242
31
0.0
39
0.0
210
0.0
220
0.0
230
1.0
0
LINE
5
ED
330
17
100
AcDbEntity
67
0
8
0
62
256
6
ByLayer
370
-1
48
1.0
60
0
100
AcDbLine
10
187.042999267578
20
160.824996948242
30
0.0
11
187.042999267578
21
159.074996948242
31
0.0
39
0.0
210
0.0
220
0.0
230
1.0
0
LINE
5
EE
330
17
100
AcDbEntity
67
0
8
0
62
256
6
ByLayer
370
-1
48
1.0
60
0
100
AcDbLine
10
190.574005126953
20
159.074996948242
30
0.0
11
189.057998657227
21
158.199996948242
31
0.0
39
0.0
210
0.0
220
0.0
230
1.0
0
LINE
5
EF
330
17
100
AcDbEntity
67
0
8
0
62
256
6
ByLayer
370
-1
48
1.0
60
0
100
AcDbLine
10
189.057998657227
20
158.199996948242
30
0.0
11
187.542999267578
21
159.074996948242
31
0.0
39
0.0
210
0.0
220
0.0
230
1.0
0
LINE
5
F0
330
17
100
AcDbEntity
67
0
8
0
62
256
6
ByLayer
370
-1
48
1.0
60
0
100
AcDbLine
10
187.542999267578
20
159.074996948242
30
0.0
11
187.542999267578
21
160.824996948242
31
0.0
39
0.0
210
0.0
220
0.0
230
1.0
0
LINE
5
F1
330
17
100
AcDbEntity
67
0
8
0
62
256
6
ByLayer
370
-1
48
1.0
60
0
100
AcDbLine
10
187.542999267578
20
160.824996948242
30
0.0
11
189.057998657227
21
161.699996948242
31
0.0
39
0.0
210
0.0
220
0.0
230
1.0
0
LINE
5
F2
330
17
100
AcDbEntity
67
0
8
0
62
256
6
ByLayer
370
-1
48
1.0
60
0
100
AcDbLine
10
189.057998657227
20
161.699996948242
30
0.0
11
190.574005126953
21
160.824996948242
31
0.0
39
0.0
210
0.0
220
0.0
230
1.0
0
LINE
5
F3
330
17
100
AcDbEntity
67
0
8
0
62
256
6
ByLayer
370
-1
48
1.0
60
0
100
AcDbLine
10
190.574005126953
20
160.824996948242
30
0.0
11
190.574005126953
21
159.074996948242
31
0.0
39
0.0
210
0.0
220
0.0
230
1.0
0
LINE
5
F4
330
17
100
AcDbEntity
67
0
8
0
62
256
6
ByLayer
370
-1
48
1.0
60
0
100
AcDbLine
10
193.11799621582
20
161.182006835938
30
0.0
11
193.136001586914
21
161.384002685547
31
0.0
39
0.0
210
0.0
220
0.0
230
1.0
0
LINE
5
F5
330
17
100
AcDbEntity
67
0
8
0
62
256
6
ByLayer
370
-1
48
1.0
60
0
100
AcDbLine
10
193.136001586914
20
161.384002685547
30
0.0
11
192.589004516602
21
161.699996948242
31
0.0
39
0.0
210
0.0
220
0.0
230
1.0
0
LINE
5
F6
330
17
100
AcDbEntity
67
0
8
0
62
256
6
ByLayer
370
-1
48
1.0
60
0
100
AcDbLine
10
192.589004516602
20
161.699996948242
30
0.0
11
191.074005126953
21
160.824996948242
31
0.0
39
0.0
210
0.0
220
0.0
230
1.0
0
LINE
5
F7
330
17
100
AcDbEntity
67
0
8
0
62
256
6
ByLayer
370
-1
48
1.0
60
0
100
AcDbLine
10
191.074005126953
20
160.824996948242
30
0.0
11
191.074005126953
21
159.074996948242
31
0.0
39
0.0
210
0.0
220
0.0
230
1.0
0
LINE
5
F8
330
17
100
AcDbEntity
67
0
8
0
62
256
6
ByLayer
370
-1
48
1.0
60
0
100
AcDbLine
10
191.074005126953
20
159.074996948242
30
0.0
11
192.238006591797
21
158.40299987793
31
0.0
39
0.0
210
0.0
220
0.0
230
1.0
0
LINE
5
F9
330
17
100
AcDbEntity
67
0
8
0
62
256
6
ByLayer
370
-1
48
1.0
60
0
100
AcDbLine
10
192.238006591797
20
158.40299987793
30
0.0
11
193.037002563477
21
160.774993896484
31
0.0
39
0.0
210
0.0
220
0.0
230
1.0
0
LINE
5
FA
330
17
100
AcDbEntity
67
0
8
0
62
256
6
ByLayer
370
-1
48
1.0
60
0
100
AcDbLine
10
193.037002563477
20
160.774993896484
30
0.0
11
193.11799621582
21
161.182006835938
31
0.0
39
0.0
210
0.0
220
0.0
230
1.0
0
LINE
5
FB
330
17
100
AcDbEntity
67
0
8
0
62
256
6
ByLayer
370
-1
48
1.0
60
0
100
AcDbLine
10
150.466003417969
20
157.009994506836
30
0.0
11
150.466003417969
21
156.016998291016
31
0.0
39
0.0
210
0.0
220
0.0
230
1.0
0
LINE
5
FC
330
17
100
AcDbEntity
67
0
8
0
62
256
6
ByLayer
370
-1
48
1.0
60
0
100
AcDbLine
10
150.466003417969
20
156.016998291016
30
0.0
11
151.981994628906
21
155.141998291016
31
0.0
39
0.0
210
0.0
220
0.0
230
1.0
0
LINE
5
FD
330
17
100
AcDbEntity
67
0
8
0
62
256
6
ByLayer
370
-1
48
1.0
60
0
100
AcDbLine
10
151.981994628906
20
155.141998291016
30
0.0
11
153.496994018555
21
156.016998291016
31
0.0
39
0.0
210
0.0
220
0.0
230
1.0
0
LINE
5
FE
330
17
100
AcDbEntity
67
0
8
0
62
256
6
ByLayer
370
-1
48
1.0
60
0
100
AcDbLine
10
153.496994018555
20
156.016998291016
30
0.0
11
153.496994018555
21
157.766998291016
31
0.0
39
0.0
210
0.0
220
0.0
230
1.0
0
LINE
5
FF
330
17
100
AcDbEntity
67
0
8
0
62
256
6
ByLayer
370
-1
48
1.0
60
0
100
AcDbLine
10
153.496994018555
20
157.766998291016
30
0.0
11
151.981994628906
21
158.641998291016
31
0.0
39
0.0
210
0.0
220
0.0
230
1.0
0
LINE
5
100
330
17
100
AcDbEntity
67
0
8
0
62
256
6
ByLayer
370
-1
48
1.0
60
0
100
AcDbLine
10
151.981994628906
20
158.641998291016
30
0.0
11
150.796005249023
21
157.957000732422
31
0.0
39
0.0
210
0.0
220
0.0
230
1.0
0
LINE
5
101
330
17
100
AcDbEntity
67
0
8
0
62
256
6
ByLayer
370
-1
48
1.0
60
0
100
AcDbLine
10
150.796005249023
20
157.957000732422
30
0.0
11
150.466003417969
21
157.009994506836
31
0.0
39
0.0
210
0.0
220
0.0
230
1.0
0
LINE
5
102
330
17
100
AcDbEntity
67
0
8
0
62
256
6
ByLayer
370
-1
48
1.0
60
0
100
AcDbLine
10
157.02799987793
20
156.016998291016
30
0.0
11
155.513000488281
21
155.141998291016
31
0.0
39
0.0
210
0.0
220
0.0
230
1.0
0
LINE
5
103
330
17
100
AcDbEntity
67
0
8
0
62
256
6
ByLayer
370
-1
48
1.0
60
0
100
AcDbLine
10
155.513000488281
20
155.141998291016
30
0.0
11
153.996994018555
21
156.016998291016
31
0.0
39
0.0
210
0.0
220
0.0
230
1.0
0
LINE
5
104
330
17
100
AcDbEntity
67
0
8
0
62
256
6
ByLayer
370
-1
48
1.0
60
0
100
AcDbLine
10
153.996994018555
20
156.016998291016
30
0.0
11
153.996994018555
21
157.766998291016
31
0.0
39
0.0
210
0.0
220
0.0
230
1.0
0
LINE
5
105
330
17
100
AcDbEntity
67
0
8
0
62
256
6
ByLayer
370
-1
48
1.0
60
0
100
AcDbLine
10
153.996994018555
20
157.766998291016
30
0.0
11
155.513000488281
21
158.641998291016
31
0.0
39
0.0
210
0.0
220
0.0
230
1.0
0
LINE
5
106
330
17
100
AcDbEntity
67
0
8
0
62
256
6
ByLayer
370
-1
48
1.0
60
0
100
AcDbLine
10
155.513000488281
20
158.641998291016
30
0.0
11
157.02799987793
21
157.766998291016
31
0.0
39
0.0
210
0.0
220
0.0
230
1.0
0
LINE
5
107
330
17
100
AcDbEntity
67
0
8
0
62
256
6
ByLayer
370
-1
48
1.0
60
0
100
AcDbLine
10
157.02799987793
20
157.766998291016
30
0.0
11
157.02799987793
21
156.016998291016
31
0.0
39
0.0
210
0.0
220
0.0
230
1.0
0
LINE
5
108
330
17
100
AcDbEntity
67
0
8
0
62
256
6
ByLayer
370
-1
48
1.0
60
0
100
AcDbLine
10
160.559005737305
20
156.016998291016
30
0.0
11
159.044006347656
21
155.141998291016
31
0.0
39
0.0
210
0.0
220
0.0
230
1.0
0
LINE
5
109
330
17
100
AcDbEntity
67
0
8
0
62
256
6
ByLayer
370
-1
48
1.0
60
0
100
AcDbLine
10
159.044006347656
20
155.141998291016
30
0.0
11
157.52799987793
21
156.016998291016
31
0.0
39
0.0
210
0.0
220
0.0
230
1.0
0
LINE
5
10A
330
17
100
AcDbEntity
67
0
8
0
62
256
6
ByLayer
370
-1
48
1.0
60
0
100
AcDbLine
10
157.52799987793
20
156.016998291016
30
0.0
11
157.52799987793
21
157.766998291016
31
0.0
39
0.0
210
0.0
220
0.0
230
1.0
0
LINE
5
10B
330
17
100
AcDbEntity
67
0
8
0
62
256
6
ByLayer
370
-1
48
1.0
60
0
100
AcDbLine
10
157.52799987793
20
157.766998291016
30
0.0
11
159.044006347656
21
158.641998291016
31
0.0
39
0.0
210
0.0
220
0.0
230
1.0
0
LINE
5
10C
330
17
100
AcDbEntity
67
0
8
0
62
256
6
ByLayer
370
-1
48
1.0
60
0
100
AcDbLine
10
159.044006347656
20
158.641998291016
30
0.0
11
160.559005737305
21
157.766998291016
31
0.0
39
0.0
210
0.0
220
0.0
230
1.0
0
LINE
5
10D
330
17
100
AcDbEntity
67
0
8
0
62
256
6
ByLayer
370
-1
48
1.0
60
0
100
AcDbLine
10
160.559005737305
20
157.766998291016
30
0.0
11
160.559005737305
21
156.016998291016
31
0.0
39
0.0
210
0.0
220
0.0
230
1.0
0
LINE
5
10E
330
17
100
AcDbEntity
67
0
8
0
62
256
6
ByLayer
370
-1
48
1.0
60
0
100
AcDbLine
10
164.091003417969
20
156.016998291016
30
0.0
11
162.574996948242
21
155.141998291016
31
0.0
39
0.0
210
0.0
220
0.0
230
1.0
0
LINE
5
10F
330
17
100
AcDbEntity
67
0
8
0
62
256
6
ByLayer
370
-1
48
1.0
60
0
100
AcDbLine
10
162.574996948242
20
155.141998291016
30
0.0
11
161.059005737305
21
156.016998291016
31
0.0
39
0.0
210
0.0
220
0.0
230
1.0
0
LINE
5
110
330
17
100
AcDbEntity
67
0
8
0
62
256
6
ByLayer
370
-1
48
1.0
60
0
100
AcDbLine
10
161.059005737305
20
156.016998291016
30
0.0
11
161.059005737305
21
157.766998291016
31
0.0
39
0.0
210
0.0
220
0.0
230
1.0
0
LINE
5
111
330
17
100
AcDbEntity
67
0
8
0
62
256
6
ByLayer
370
-1
48
1.0
60
0
100
AcDbLine
10
161.059005737305
20
157.766998291016
30
0.0
11
162.574996948242
21
158.641998291016
31
0.0
39
0.0
210
0.0
220
0.0
230
1.0
0
LINE
5
112
330
17
100
AcDbEntity
67
0
8
0
62
256
6
ByLayer
370
-1
48
1.0
60
0
100
AcDbLine
10
162.574996948242
20
158.641998291016
30
0.0
11
164.091003417969
21
157.766998291016
31
0.0
39
0.0
210
0.0
220
0.0
230
1.0
0
LINE
5
113
330
17
100
AcDbEntity
67
0
8
0
62
256
6
ByLayer
370
-1
48
1.0
60
0
100
AcDbLine
10
164.091003417969
20
157.766998291016
30
0.0
11
164.091003417969
21
156.016998291016
31
0.0
39
0.0
210
0.0
220
0.0
230
1.0
0
LINE
5
114
330
17
100
AcDbEntity
67
0
8
0
62
256
6
ByLayer
370
-1
48
1.0
60
0
100
AcDbLine
10
167.621994018555
20
156.016998291016
30
0.0
11
166.106002807617
21
155.141998291016
31
0.0
39
0.0
210
0.0
220
0.0
230
1.0
0
LINE
5
115
330
17
100
AcDbEntity
67
0
8
0
62
256
6
ByLayer
370
-1
48
1.0
60
0
100
AcDbLine
10
166.106002807617
20
155.141998291016
30
0.0
11
164.591003417969
21
156.016998291016
31
0.0
39
0.0
210
0.0
220
0.0
230
1.0
0
LINE
5
116
330
17
100
AcDbEntity
67
0
8
0
62
256
6
ByLayer
370
-1
48
1.0
60
0
100
AcDbLine
10
164.591003417969
20
156.016998291016
30
0.0
11
164.591003417969
21
157.766998291016
31
0.0
39
0.0
210
0.0
220
0.0
230
1.0
0
LINE
5
117
330
17
100
AcDbEntity
67
0
8
0
62
256
6
ByLayer
370
-1
48
1.0
60
0
100
AcDbLine
10
164.591003417969
20
157.766998291016
30
0.0
11
166.106002807617
21
158.641998291016
31
0.0
39
0.0
210
0.0
220
0.0
230
1.0
0
LINE
5
118
330
17
100
AcDbEntity
67
0
8
0
62
256
6
ByLayer
370
-1
48
1.0
60
0
100
AcDbLine
10
166.106002807617
20
158.641998291016
30
0.0
11
167.621994018555
21
157.766998291016
31
0.0
39
0.0
210
0.0
220
0.0
230
1.0
0
LINE
5
119
330
17
100
AcDbEntity
67
0
8
0
62
256
6
ByLayer
370
-1
48
1.0
60
0
100
AcDbLine
10
167.621994018555
20
157.766998291016
30
0.0
11
167.621994018555
21
156.016998291016
31
0.0
39
0.0
210
0.0
220
0.0
230
1.0
0
LINE
5
11A
330
17
100
AcDbEntity
67
0
8
0
62
256
6
ByLayer
370
-1
48
1.0
60
0
100
AcDbLine
10
171.15299987793
20
156.016998291016
30
0.0
11
169.636993408203
21
155.141998291016
31
0.0
39
0.0
210
0.0
220
0.0
230
1.0
0
LINE
5
11B
330
17
100
AcDbEntity
67
0
8
0
62
256
6
ByLayer
370
-1
48
1.0
60
0
100
AcDbLine
10
169.636993408203
20
155.141998291016
30
0.0
11
168.121994018555
21
156.016998291016
31
0.0
39
0.0
210
0.0
220
0.0
230
1.0
0
LINE
5
11C
330
17
100
AcDbEntity
67
0
8
0
62
256
6
ByLayer
370
-1
48
1.0
60
0
100
AcDbLine
10
168.121994018555
20
156.016998291016
30
0.0
11
168.121994018555
21
157.766998291016
31
0.0
39
0.0
210
0.0
220
0.0
230
1.0
0
LINE
5
11D
330
17
100
AcDbEntity
67
0
8
0
62
256
6
ByLayer
370
-1
48
1.0
60
0
100
AcDbLine
10
168.121994018555
20
157.766998291016
30
0.0
11
169.636993408203
21
158.641998291016
31
0.0
39
0.0
210
0.0
220
0.0
230
1.0
0
LINE
5
11E
330
17
100
AcDbEntity
67
0
8
0
62
256
6
ByLayer
370
-1
48
1.0
60
0
100
AcDbLine
10
169.636993408203
20
158.641998291016
30
0.0
11
171.15299987793
21
157.766998291016
31
0.0
39
0.0
210
0.0
220
0.0
230
1.0
0
LINE
5
11F
330
17
100
AcDbEntity
67
0
8
0
62
256
6
ByLayer
370
-1
48
1.0
60
0
100
AcDbLine
10
171.15299987793
20
157.766998291016
30
0.0
11
171.15299987793
21
156.016998291016
31
0.0
39
0.0
210
0.0
220
0.0
230
1.0
0
LINE
5
120
330
17
100
AcDbEntity
67
0
8
0
62
256
6
ByLayer
370
-1
48
1.0
60
0
100
AcDbLine
10
174.684005737305
20
156.016998291016
30
0.0
11
173.167999267578
21
155.141998291016
31
0.0
39
0.0
210
0.0
220
0.0
230
1.0
0
LINE
5
121
330
17
100
AcDbEntity
67
0
8
0
62
256
6
ByLayer
370
-1
48
1.0
60
0
100
AcDbLine
10
173.167999267578
20
155.141998291016
30
0.0
11
171.65299987793
21
156.016998291016
31
0.0
39
0.0
210
0.0
220
0.0
230
1.0
0
LINE
5
122
330
17
100
AcDbEntity
67
0
8
0
62
256
6
ByLayer
370
-1
48
1.0
60
0
100
AcDbLine
10
171.65299987793
20
156.016998291016
30
0.0
11
171.65299987793
21
157.766998291016
31
0.0
39
0.0
210
0.0
220
0.0
230
1.0
0
LINE
5
123
330
17
100
AcDbEntity
67
0
8
0
62
256
6
ByLayer
370
-1
48
1.0
60
0
100
AcDbLine
10
171.65299987793
20
157.766998291016
30
0.0
11
173.167999267578
21
158.641998291016
31
0.0
39
0.0
210
0.0
220
0.0
230
1.0
0
LINE
5
124
330
17
100
AcDbEntity
67
0
8
0
62
256
6
ByLayer
370
-1
48
1.0
60
0
100
AcDbLine
10
173.167999267578
20
158.641998291016
30
0.0
11
174.684005737305
21
157.766998291016
31
0.0
39
0.0
210
0.0
220
0.0
230
1.0
0
LINE
5
125
330
17
100
AcDbEntity
67
0
8
0
62
256
6
ByLayer
370
-1
48
1.0
60
0
100
AcDbLine
10
174.684005737305
20
157.766998291016
30
0.0
11
174.684005737305
21
156.016998291016
31
0.0
39
0.0
210
0.0
220
0.0
230
1.0
0
LINE
5
126
330
17
100
AcDbEntity
67
0
8
0
62
256
6
ByLayer
370
-1
48
1.0
60
0
100
AcDbLine
10
178.214996337891
20
156.016998291016
30
0.0
11
176.699005126953
21
155.141998291016
31
0.0
39
0.0
210
0.0
220
0.0
230
1.0
0
LINE
5
127
330
17
100
AcDbEntity
67
0
8
0
62
256
6
ByLayer
370
-1
48
1.0
60
0
100
AcDbLine
10
176.699005126953
20
155.141998291016
30
0.0
11
175.184005737305
21
156.016998291016
31
0.0
39
0.0
210
0.0
220
0.0
230
1.0
0
LINE
5
128
330
17
100
AcDbEntity
67
0
8
0
62
256
6
ByLayer
370
-1
48
1.0
60
0
100
AcDbLine
10
175.184005737305
20
156.016998291016
30
0.0
11
175.184005737305
21
157.766998291016
31
0.0
39
0.0
210
0.0
220
0.0
230
1.0
0
LINE
5
129
330
17
100
AcDbEntity
67
0
8
0
62
256
6
ByLayer
370
-1
48
1.0
60
0
100
AcDbLine
10
175.184005737305
20
157.766998291016
30
0.0
11
176.699005126953
21
158.641998291016
31
0.0
39
0.0
210
0.0
220
0.0
230
1.0
0
LINE
5
12A
330
17
100
AcDbEntity
67
0
8
0
62
256
6
ByLayer
370
-1
48
1.0
60
0
100
AcDbLine
10
176.699005126953
20
158.641998291016
30
0.0
11
178.214996337891
21
157.766998291016
31
0.0
39
0.0
210
0.0
220
0.0
230
1.0
0
LINE
5
12B
330
17
100
AcDbEntity
67
0
8
0
62
256
6
ByLayer
370
-1
48
1.0
60
0
100
AcDbLine
10
178.214996337891
20
157.766998291016
30
0.0
11
178.214996337891
21
156.016998291016
31
0.0
39
0.0
210
0.0
220
0.0
230
1.0
0
LINE
5
12C
330
17
100
AcDbEntity
67
0
8
0
62
256
6
ByLayer
370
-1
48
1.0
60
0
100
AcDbLine
10
181.746002197266
20
156.016998291016
30
0.0
11
180.229995727539
21
155.141998291016
31
0.0
39
0.0
210
0.0
220
0.0
230
1.0
0
LINE
5
12D
330
17
100
AcDbEntity
67
0
8
0
62
256
6
ByLayer
370
-1
48
1.0
60
0
100
AcDbLine
10
180.229995727539
20
155.141998291016
30
0.0
11
178.714996337891
21
156.016998291016
31
0.0
39
0.0
210
0.0
220
0.0
230
1.0
0
LINE
5
12E
330
17
100
AcDbEntity
67
0
8
0
62
256
6
ByLayer
370
-1
48
1.0
60
0
100
AcDbLine
10
178.714996337891
20
156.016998291016
30
0.0
11
178.714996337891
21
157.766998291016
31
0.0
39
0.0
210
0.0
220
0.0
230
1.0
0
LINE
5
12F
330
17
100
AcDbEntity
67
0
8
0
62
256
6
ByLayer
370
-1
48
1.0
60
0
100
AcDbLine
10
178.714996337891
20
157.766998291016
30
0.0
11
180.229995727539
21
158.641998291016
31
0.0
39
0.0
210
0.0
220
0.0
230
1.0
0
LINE
5
130
330
17
100
AcDbEntity
67
0
8
0
62
256
6
ByLayer
370
-1
48
1.0
60
0
100
AcDbLine
10
180.229995727539
20
158.641998291016
30
0.0
11
181.746002197266
21
157.766998291016
31
0.0
39
0.0
210
0.0
220
0.0
230
1.0
0
LINE
5
131
330
17
100
AcDbEntity
67
0
8
0
62
256
6
ByLayer
370
-1
48
1.0
60
0
100
AcDbLine
10
181.746002197266
20
157.766998291016
30
0.0
11
181.746002197266
21
156.016998291016
31
0.0
39
0.0
210
0.0
220
0.0
230
1.0
0
LINE
5
132
330
17
100
AcDbEntity
67
0
8
0
62
256
6
ByLayer
370
-1
48
1.0
60
0
100
AcDbLine
10
185.276992797852
20
156.016998291016
30
0.0
11
183.761993408203
21
155.141998291016
31
0.0
39
0.0
210
0.0
220
0.0
230
1.0
0
LINE
5
133
330
17
100
AcDbEntity
67
0
8
0
62
256
6
ByLayer
370
-1
48
1.0
60
0
100
AcDbLine
10
183.761993408203
20
155.141998291016
30
0.0
11
182.246002197266
21
156.016998291016
31
0.0
39
0.0
210
0.0
220
0.0
230
1.0
0
LINE
5
134
330
17
100
AcDbEntity
67
0
8
0
62
256
6
ByLayer
370
-1
48
1.0
60
0
100
AcDbLine
10
182.246002197266
20
156.016998291016
30
0.0
11
182.246002197266
21
157.766998291016
31
0.0
39
0.0
210
0.0
220
0.0
230
1.0
0
LINE
5
135
330
17
100
AcDbEntity
67
0
8
0
62
256
6
ByLayer
370
-1
48
1.0
60
0
100
AcDbLine
10
182.246002197266
20
157.766998291016
30
0.0
11
183.761993408203
21
158.641998291016
31
0.0
39
0.0
210
0.0
220
0.0
230
1.0
0
LINE
5
136
330
17
100
AcDbEntity
67
0
8
0
62
256
6
ByLayer
370
-1
48
1.0
60
0
100
AcDbLine
10
183.761993408203
20
158.641998291016
30
0.0
11
185.276992797852
21
157.766998291016
31
0.0
39
0.0
210
0.0
220
0.0
230
1.0
0
LINE
5
137
330
17
100
AcDbEntity
67
0
8
0
62
256
6
ByLayer
370
-1
48
1.0
60
0
100
AcDbLine
10
185.276992797852
20
157.766998291016
30
0.0
11
185.276992797852
21
156.016998291016
31
0.0
39
0.0
210
0.0
220
0.0
230
1.0
0
LINE
5
138
330
17
100
AcDbEntity
67
0
8
0
62
256
6
ByLayer
370
-1
48
1.0
60
0
100
AcDbLine
10
188.807998657227
20
156.016998291016
30
0.0
11
187.292999267578
21
155.141998291016
31
0.0
39
0.0
210
0.0
220
0.0
230
1.0
0
LINE
5
139
330
17
100
AcDbEntity
67
0
8
0
62
256
6
ByLayer
370
-1
48
1.0
60
0
100
AcDbLine
10
187.292999267578
20
155.141998291016
30
0.0
11
185.776992797852
21
156.016998291016
31
0.0
39
0.0
210
0.0
220
0.0
230
1.0
0
LINE
5
13A
330
17
100
AcDbEntity
67
0
8
0
62
256
6
ByLayer
370
-1
48
1.0
60
0
100
AcDbLine
10
185.776992797852
20
156.016998291016
30
0.0
11
185.776992797852
21
157.766998291016
31
0.0
39
0.0
210
0.0
220
0.0
230
1.0
0
LINE
5
13B
330
17
100
AcDbEntity
67
0
8
0
62
256
6
ByLayer
370
-1
48
1.0
60
0
100
AcDbLine
10
185.776992797852
20
157.766998291016
30
0.0
11
187.292999267578
21
158.641998291016
31
0.0
39
0.0
210
0.0
220
0.0
230
1.0
0
LINE
5
13C
330
17
100
AcDbEntity
67
0
8
0
62
256
6
ByLayer
370
-1
48
1.0
60
0
100
AcDbLine
10
187.292999267578
20
158.641998291016
30
0.0
11
188.807998657227
21
157.766998291016
31
0.0
39
0.0
210
0.0
220
0.0
230
1.0
0
LINE
5
13D
330
17
100
AcDbEntity
67
0
8
0
62
256
6
ByLayer
370
-1
48
1.0
60
0
100
AcDbLine
10
188.807998657227
20
157.766998291016
30
0.0
11
188.807998657227
21
156.016998291016
31
0.0
39
0.0
210
0.0
220
0.0
230
1.0
0
LINE
5
13E
330
17
100
AcDbEntity
67
0
8
0
62
256
6
ByLayer
370
-1
48
1.0
60
0
100
AcDbLine
10
192.074996948242
20
157.919006347656
30
0.0
11
190.824005126953
21
158.641998291016
31
0.0
39
0.0
210
0.0
220
0.0
230
1.0
0
LINE
5
13F
330
17
100
AcDbEntity
67
0
8
0
62
256
6
ByLayer
370
-1
48
1.0
60
0
100
AcDbLine
10
190.824005126953
20
158.641998291016
30
0.0
11
189.307998657227
21
157.766998291016
31
0.0
39
0.0
210
0.0
220
0.0
230
1.0
0
LINE
5
140
330
17
100
AcDbEntity
67
0
8
0
62
256
6
ByLayer
370
-1
48
1.0
60
0
100
AcDbLine
10
189.307998657227
20
157.766998291016
30
0.0
11
189.307998657227
21
156.016998291016
31
0.0
39
0.0
210
0.0
220
0.0
230
1.0
0
LINE
5
141
330
17
100
AcDbEntity
67
0
8
0
62
256
6
ByLayer
370
-1
48
1.0
60
0
100
AcDbLine
10
189.307998657227
20
156.016998291016
30
0.0
11
190.824005126953
21
155.141998291016
31
0.0
39
0.0
210
0.0
220
0.0
230
1.0
0
LINE
5
142
330
17
100
AcDbEntity
67
0
8
0
62
256
6
ByLayer
370
-1
48
1.0
60
0
100
AcDbLine
10
190.824005126953
20
155.141998291016
30
0.0
11
191.218002319336
21
155.369003295898
31
0.0
39
0.0
210
0.0
220
0.0
230
1.0
0
LINE
5
143
330
17
100
AcDbEntity
67
0
8
0
62
256
6
ByLayer
370
-1
48
1.0
60
0
100
AcDbLine
10
191.218002319336
20
155.369003295898
30
0.0
11
192.074996948242
21
157.919006347656
31
0.0
39
0.0
210
0.0
220
0.0
230
1.0
0
LINE
5
144
330
17
100
AcDbEntity
67
0
8
0
62
256
6
ByLayer
370
-1
48
1.0
60
0
100
AcDbLine
10
148.994995117188
20
152.789001464844
30
0.0
11
150.216003417969
21
152.083999633789
31
0.0
39
0.0
210
0.0
220
0.0
230
1.0
0
LINE
5
145
330
17
100
AcDbEntity
67
0
8
0
62
256
6
ByLayer
370
-1
48
1.0
60
0
100
AcDbLine
10
150.216003417969
20
152.083999633789
30
0.0
11
151.731994628906
21
152.958999633789
31
0.0
39
0.0
210
0.0
220
0.0
230
1.0
0
LINE
5
146
330
17
100
AcDbEntity
67
0
8
0
62
256
6
ByLayer
370
-1
48
1.0
60
0
100
AcDbLine
10
151.731994628906
20
152.958999633789
30
0.0
11
151.731994628906
21
154.708999633789
31
0.0
39
0.0
210
0.0
220
0.0
230
1.0
0
LINE
5
147
330
17
100
AcDbEntity
67
0
8
0
62
256
6
ByLayer
370
-1
48
1.0
60
0
100
AcDbLine
10
151.731994628906
20
154.708999633789
30
0.0
11
150.216003417969
21
155.583999633789
31
0.0
39
0.0
210
0.0
220
0.0
230
1.0
0
LINE
5
148
330
17
100
AcDbEntity
67
0
8
0
62
256
6
ByLayer
370
-1
48
1.0
60
0
100
AcDbLine
10
150.216003417969
20
155.583999633789
30
0.0
11
149.906997680664
21
155.404998779297
31
0.0
39
0.0
210
0.0
220
0.0
230
1.0
0
LINE
5
149
330
17
100
AcDbEntity
67
0
8
0
62
256
6
ByLayer
370
-1
48
1.0
60
0
100
AcDbLine
10
149.906997680664
20
155.404998779297
30
0.0
11
148.994995117188
21
152.789001464844
31
0.0
39
0.0
210
0.0
220
0.0
230
1.0
0
LINE
5
14A
330
17
100
AcDbEntity
67
0
8
0
62
256
6
ByLayer
370
-1
48
1.0
60
0
100
AcDbLine
10
155.263000488281
20
152.958999633789
30
0.0
11
153.746994018555
21
152.083999633789
31
0.0
39
0.0
210
0.0
220
0.0
230
1.0
0
LINE
5
14B
330
17
100
AcDbEntity
67
0
8
0
62
256
6
ByLayer
370
-1
48
1.0
60
0
100
AcDbLine
10
153.746994018555
20
152.083999633789
30
0.0
11
152.231994628906
21
152.958999633789
31
0.0
39
0.0
210
0.0
220
0.0
230
1.0
0
LINE
5
14C
330
17
100
AcDbEntity
67
0
8
0
62
256
6
ByLayer
370
-1
48
1.0
60
0
100
AcDbLine
10
152.231994628906
20
152.958999633789
30
0.0
11
152.231994628906
21
154.708999633789
31
0.0
39
0.0
210
0.0
220
0.0
230
1.0
0
LINE
5
14D
330
17
100
AcDbEntity
67
0
8
0
62
256
6
ByLayer
370
-1
48
1.0
60
0
100
AcDbLine
10
152.231994628906
20
154.708999633789
30
0.0
11
153.746994018555
21
155.583999633789
31
0.0
39
0.0
210
0.0
220
0.0
230
1.0
0
LINE
5
14E
330
17
100
AcDbEntity
67
0
8
0
62
256
6
ByLayer
370
-1
48
1.0
60
0
100
AcDbLine
10
153.746994018555
20
155.583999633789
30
0.0
11
155.263000488281
21
154.708999633789
31
0.0
39
0.0
210
0.0
220
0.0
230
1.0
0
LINE
5
14F
330
17
100
AcDbEntity
67
0
8
0
62
256
6
ByLayer
370
-1
48
1.0
60
0
100
AcDbLine
10
155.263000488281
20
154.708999633789
30
0.0
11
155.263000488281
21
152.958999633789
31
0.0
39
0.0
210
0.0
220
0.0
230
1.0
0
LINE
5
150
330
17
100
AcDbEntity
67
0
8
0
62
256
6
ByLayer
370
-1
48
1.0
60
0
100
AcDbLine
10
158.794006347656
20
152.958999633789
30
0.0
11
157.27799987793
21
152.083999633789
31
0.0
39
0.0
210
0.0
220
0.0
230
1.0
0
LINE
5
151
330
17
100
AcDbEntity
67
0
8
0
62
256
6
ByLayer
370
-1
48
1.0
60
0
100
AcDbLine
10
157.27799987793
20
152.083999633789
30
0.0
11
155.763000488281
21
152.958999633789
31
0.0
39
0.0
210
0.0
220
0.0
230
1.0
0
LINE
5
152
330
17
100
AcDbEntity
67
0
8
0
62
256
6
ByLayer
370
-1
48
1.0
60
0
100
AcDbLine
10
155.763000488281
20
152.958999633789
30
0.0
11
155.763000488281
21
154.708999633789
31
0.0
39
0.0
210
0.0
220
0.0
230
1.0
0
LINE
5
153
330
17
100
AcDbEntity
67
0
8
0
62
256
6
ByLayer
370
-1
48
1.0
60
0
100
AcDbLine
10
155.763000488281
20
154.708999633789
30
0.0
11
157.27799987793
21
155.583999633789
31
0.0
39
0.0
210
0.0
220
0.0
230
1.0
0
LINE
5
154
330
17
100
AcDbEntity
67
0
8
0
62
256
6
ByLayer
370
-1
48
1.0
60
0
100
AcDbLine
10
157.27799987793
20
155.583999633789
30
0.0
11
158.794006347656
21
154.708999633789
31
0.0
39
0.0
210
0.0
220
0.0
230
1.0
0
LINE
5
155
330
17
100
AcDbEntity
67
0
8
0
62
256
6
ByLayer
370
-1
48
1.0
60
0
100
AcDbLine
10
158.794006347656
20
154.708999633789
30
0.0
11
158.794006347656
21
152.958999633789
31
0.0
39
0.0
210
0.0
220
0.0
230
1.0
0
LINE
5
156
330
17
100
AcDbEntity
67
0
8
0
62
256
6
ByLayer
370
-1
48
1.0
60
0
100
AcDbLine
10
162.324996948242
20
152.958999633789
30
0.0
11
160.809005737305
21
152.083999633789
31
0.0
39
0.0
210
0.0
220
0.0
230
1.0
0
LINE
5
157
330
17
100
AcDbEntity
67
0
8
0
62
256
6
ByLayer
370
-1
48
1.0
60
0
100
AcDbLine
10
160.809005737305
20
152.083999633789
30
0.0
11
159.294006347656
21
152.958999633789
31
0.0
39
0.0
210
0.0
220
0.0
230
1.0
0
LINE
5
158
330
17
100
AcDbEntity
67
0
8
0
62
256
6
ByLayer
370
-1
48
1.0
60
0
100
AcDbLine
10
159.294006347656
20
152.958999633789
30
0.0
11
159.294006347656
21
154.708999633789
31
0.0
39
0.0
210
0.0
220
0.0
230
1.0
0
LINE
5
159
330
17
100
AcDbEntity
67
0
8
0
62
256
6
ByLayer
370
-1
48
1.0
60
0
100
AcDbLine
10
159.294006347656
20
154.708999633789
30
0.0
11
160.809005737305
21
155.583999633789
31
0.0
39
0.0
210
0.0
220
0.0
230
1.0
0
LINE
5
15A
330
17
100
AcDbEntity
67
0
8
0
62
256
6
ByLayer
370
-1
48
1.0
60
0
100
AcDbLine
10
160.809005737305
20
155.583999633789
30
0.0
11
162.324996948242
21
154.708999633789
31
0.0
39
0.0
210
0.0
220
0.0
230
1.0
0
LINE
5
15B
330
17
100
AcDbEntity
67
0
8
0
62
256
6
ByLayer
370
-1
48
1.0
60
0
100
AcDbLine
10
162.324996948242
20
154.708999633789
30
0.0
11
162.324996948242
21
152.958999633789
31
0.0
39
0.0
210
0.0
220
0.0
230
1.0
0
LINE
5
15C
330
17
100
AcDbEntity
67
0
8
0
62
256
6
ByLayer
370
-1
48
1.0
60
0
100
AcDbLine
10
165.856002807617
20
152.958999633789
30
0.0
11
164.341003417969
21
152.083999633789
31
0.0
39
0.0
210
0.0
220
0.0
230
1.0
0
LINE
5
15D
330
17
100
AcDbEntity
67
0
8
0
62
256
6
ByLayer
370
-1
48
1.0
60
0
100
AcDbLine
10
164.341003417969
20
152.083999633789
30
0.0
11
162.824996948242
21
152.958999633789
31
0.0
39
0.0
210
0.0
220
0.0
230
1.0
0
LINE
5
15E
330
17
100
AcDbEntity
67
0
8
0
62
256
6
ByLayer
370
-1
48
1.0
60
0
100
AcDbLine
10
162.824996948242
20
152.958999633789
30
0.0
11
162.824996948242
21
154.708999633789
31
0.0
39
0.0
210
0.0
220
0.0
230
1.0
0
LINE
5
15F
330
17
100
AcDbEntity
67
0
8
0
62
256
6
ByLayer
370
-1
48
1.0
60
0
100
AcDbLine
10
162.824996948242
20
154.708999633789
30
0.0
11
164.341003417969
21
155.583999633789
31
0.0
39
0.0
210
0.0
220
0.0
230
1.0
0
LINE
5
160
330
17
100
AcDbEntity
67
0
8
0
62
256
6
ByLayer
370
-1
48
1.0
60
0
100
AcDbLine
10
164.341003417969
20
155.583999633789
30
0.0
11
165.856002807617
21
154.708999633789
31
0.0
39
0.0
210
0.0
220
0.0
230
1.0
0
LINE
5
161
330
17
100
AcDbEntity
67
0
8
0
62
256
6
ByLayer
370
-1
48
1.0
60
0
100
AcDbLine
10
165.856002807617
20
154.708999633789
30
0.0
11
165.856002807617
21
152.958999633789
31
0.0
39
0.0
210
0.0
220
0.0
230
1.0
0
LINE
5
162
330
17
100
AcDbEntity
67
0
8
0
62
256
6
ByLayer
370
-1
48
1.0
60
0
100
AcDbLine
10
169.386993408203
20
152.958999633789
30
0.0
11
167.871994018555
21
152.083999633789
31
0.0
39
0.0
210
0.0
220
0.0
230
1.0
0
LINE
5
163
330
17
100
AcDbEntity
67
0
8
0
62
256
6
ByLayer
370
-1
48
1.0
60
0
100
AcDbLine
10
167.871994018555
20
152.083999633789
30
0.0
11
166.356002807617
21
152.958999633789
31
0.0
39
0.0
210
0.0
220
0.0
230
1.0
0
LINE
5
164
330
17
100
AcDbEntity
67
0
8
0
62
256
6
ByLayer
370
-1
48
1.0
60
0
100
AcDbLine
10
166.356002807617
20
152.958999633789
30
0.0
11
166.356002807617
21
154.708999633789
31
0.0
39
0.0
210
0.0
220
0.0
230
1.0
0
LINE
5
165
330
17
100
AcDbEntity
67
0
8
0
62
256
6
ByLayer
370
-1
48
1.0
60
0
100
AcDbLine
10
166.356002807617
20
154.708999633789
30
0.0
11
167.871994018555
21
155.583999633789
31
0.0
39
0.0
210
0.0
220
0.0
230
1.0
0
LINE
5
166
330
17
100
AcDbEntity
67
0
8
0
62
256
6
ByLayer
370
-1
48
1.0
60
0
100
AcDbLine
10
167.871994018555
20
155.583999633789
30
0.0
11
169.386993408203
21
154.708999633789
31
0.0
39
0.0
210
0.0
220
0.0
230
1.0
0
LINE
5
167
330
17
100
AcDbEntity
67
0
8
0
62
256
6
ByLayer
370
-1
48
1.0
60
0
100
AcDbLine
10
169.386993408203
20
154.708999633789
30
0.0
11
169.386993408203
21
152.958999633789
31
0.0
39
0.0
210
0.0
220
0.0
230
1.0
0
LINE
5
168
330
17
100
AcDbEntity
67
0
8
0
62
256
6
ByLayer
370
-1
48
1.0
60
0
100
AcDbLine
10
172.917999267578
20
152.958999633789
30
0.0
11
171.40299987793
21
152.083999633789
31
0.0
39
0.0
210
0.0
220
0.0
230
1.0
0
LINE
5
169
330
17
100
AcDbEntity
67
0
8
0
62
256
6
ByLayer
370
-1
48
1.0
60
0
100
AcDbLine
10
171.40299987793
20
152.083999633789
30
0.0
11
169.886993408203
21
152.958999633789
31
0.0
39
0.0
210
0.0
220
0.0
230
1.0
0
LINE
5
16A
330
17
100
AcDbEntity
67
0
8
0
62
256
6
ByLayer
370
-1
48
1.0
60
0
100
AcDbLine
10
169.886993408203
20
152.958999633789
30
0.0
11
169.886993408203
21
154.708999633789
31
0.0
39
0.0
210
0.0
220
0.0
230
1.0
0
LINE
5
16B
330
17
100
AcDbEntity
67
0
8
0
62
256
6
ByLayer
370
-1
48
1.0
60
0
100
AcDbLine
10
169.886993408203
20
154.708999633789
30
0.0
11
171.40299987793
21
155.583999633789
31
0.0
39
0.0
210
0.0
220
0.0
230
1.0
0
LINE
5
16C
330
17
100
AcDbEntity
67
0
8
0
62
256
6
ByLayer
370
-1
48
1.0
60
0
100
AcDbLine
10
171.40299987793
20
155.583999633789
30
0.0
11
172.917999267578
21
154.708999633789
31
0.0
39
0.0
210
0.0
220
0.0
230
1.0
0
LINE
5
16D
330
17
100
AcDbEntity
67
0
8
0
62
256
6
ByLayer
370
-1
48
1.0
60
0
100
AcDbLine
10
172.917999267578
20
154.708999633789
30
0.0
11
172.917999267578
21
152.958999633789
31
0.0
39
0.0
210
0.0
220
0.0
230
1.0
0
LINE
5
16E
330
17
100
AcDbEntity
67
0
8
0
62
256
6
ByLayer
370
-1
48
1.0
60
0
100
AcDbLine
10
176.449005126953
20
152.958999633789
30
0.0
11
174.934005737305
21
152.083999633789
31
0.0
39
0.0
210
0.0
220
0.0
230
1.0
0
LINE
5
16F
330
17
100
AcDbEntity
67
0
8
0
62
256
6
ByLayer
370
-1
48
1.0
60
0
100
AcDbLine
10
174.934005737305
20
152.083999633789
30
0.0
11
173.417999267578
21
152.958999633789
31
0.0
39
0.0
210
0.0
220
0.0
230
1.0
0
LINE
5
170
330
17
100
AcDbEntity
67
0
8
0
62
256
6
ByLayer
370
-1
48
1.0
60
0
100
AcDbLine
10
173.417999267578
20
152.958999633789
30
0.0
11
173.417999267578
21
154.708999633789
31
0.0
39
0.0
210
0.0
220
0.0
230
1.0
0
LINE
5
171
330
17
100
AcDbEntity
67
0
8
0
62
256
6
ByLayer
370
-1
48
1.0
60
0
100
AcDbLine
10
173.417999267578
20
154.708999633789
30
0.0
11
174.934005737305
21
155.583999633789
31
0.0
39
0.0
210
0.0
220
0.0
230
1.0
0
LINE
5
172
330
17
100
AcDbEntity
67
0
8
0
62
256
6
ByLayer
370
-1
48
1.0
60
0
100
AcDbLine
10
174.934005737305
20
155.583999633789
30
0.0
11
176.449005126953
21
154.708999633789
31
0.0
39
0.0
210
0.0
220
0.0
230
1.0
0
LINE
5
173
330
17
100
AcDbEntity
67
0
8
0
62
256
6
ByLayer
370
-1
48
1.0
60
0
100
AcDbLine
10
176.449005126953
20
154.708999633789
30
0.0
11
176.449005126953
21
152.958999633789
31
0.0
39
0.0
210
0.0
220
0.0
230
1.0
0
LINE
5
174
330
17
100
AcDbEntity
67
0
8
0
62
256
6
ByLayer
370
-1
48
1.0
60
0
100
AcDbLine
10
179.979995727539
20
152.958999633789
30
0.0
11
178.464996337891
21
152.083999633789
31
0.0
39
0.0
210
0.0
220
0.0
230
1.0
0
LINE
5
175
330
17
100
AcDbEntity
67
0
8
0
62
256
6
ByLayer
370
-1
48
1.0
60
0
100
AcDbLine
10
178.464996337891
20
152.083999633789
30
0.0
11
176.949005126953
21
152.958999633789
31
0.0
39
0.0
210
0.0
220
0.0
230
1.0
0
LINE
5
176
330
17
100
AcDbEntity
67
0
8
0
62
256
6
ByLayer
370
-1
48
1.0
60
0
100
AcDbLine
10
176.949005126953
20
152.958999633789
30
0.0
11
176.949005126953
21
154.708999633789
31
0.0
39
0.0
210
0.0
220
0.0
230
1.0
0
LINE
5
177
330
17
100
AcDbEntity
67
0
8
0
62
256
6
ByLayer
370
-1
48
1.0
60
0
100
AcDbLine
10
176.949005126953
20
154.708999633789
30
0.0
11
178.464996337891
21
155.583999633789
31
0.0
39
0.0
210
0.0
220
0.0
230
1.0
0
LINE
5
178
330
17
100
AcDbEntity
67
0
8
0
62
256
6
ByLayer
370
-1
48
1.0
60
0
100
AcDbLine
10
178.464996337891
20
155.583999633789
30
0.0
11
179.979995727539
21
154.708999633789
31
0.0
39
0.0
210
0.0
220
0.0
230
1.0
0
LINE
5
179
330
17
100
AcDbEntity
67
0
8
0
62
256
6
ByLayer
370
-1
48
1.0
60
0
100
AcDbLine
10
179.979995727539
20
154.708999633789
30
0.0
11
179.979995727539
21
152.958999633789
31
0.0
39
0.0
210
0.0
220
0.0
230
1.0
0
LINE
5
17A
330
17
100
AcDbEntity
67
0
8
0
62
256
6
ByLayer
370
-1
48
1.0
60
0
100
AcDbLine
10
183.511993408203
20
152.958999633789
30
0.0
11
181.996002197266
21
152.083999633789
31
0.0
39
0.0
210
0.0
220
0.0
230
1.0
0
LINE
5
17B
330
17
100
AcDbEntity
67
0
8
0
62
256
6
ByLayer
370
-1
48
1.0
60
0
100
AcDbLine
10
181.996002197266
20
152.083999633789
30
0.0
11
180.479995727539
21
152.958999633789
31
0.0
39
0.0
210
0.0
220
0.0
230
1.0
0
LINE
5
17C
330
17
100
AcDbEntity
67
0
8
0
62
256
6
ByLayer
370
-1
48
1.0
60
0
100
AcDbLine
10
180.479995727539
20
152.958999633789
30
0.0
11
180.479995727539
21
154.708999633789
31
0.0
39
0.0
210
0.0
220
0.0
230
1.0
0
LINE
5
17D
330
17
100
AcDbEntity
67
0
8
0
62
256
6
ByLayer
370
-1
48
1.0
60
0
100
AcDbLine
10
180.479995727539
20
154.708999633789
30
0.0
11
181.996002197266
21
155.583999633789
31
0.0
39
0.0
210
0.0
220
0.0
230
1.0
0
LINE
5
17E
330
17
100
AcDbEntity
67
0
8
0
62
256
6
ByLayer
370
-1
48
1.0
60
0
100
AcDbLine
10
181.996002197266
20
155.583999633789
30
0.0
11
183.511993408203
21
154.708999633789
31
0.0
39
0.0
210
0.0
220
0.0
230
1.0
0
LINE
5
17F
330
17
100
AcDbEntity
67
0
8
0
62
256
6
ByLayer
370
-1
48
1.0
60
0
100
AcDbLine
10
183.511993408203
20
154.708999633789
30
0.0
11
183.511993408203
21
152.958999633789
31
0.0
39
0.0
210
0.0
220
0.0
230
1.0
0
LINE
5
180
330
17
100
AcDbEntity
67
0
8
0
62
256
6
ByLayer
370
-1
48
1.0
60
0
100
AcDbLine
10
187.042999267578
20
152.958999633789
30
0.0
11
185.526992797852
21
152.083999633789
31
0.0
39
0.0
210
0.0
220
0.0
230
1.0
0
LINE
5
181
330
17
100
AcDbEntity
67
0
8
0
62
256
6
ByLayer
370
-1
48
1.0
60
0
100
AcDbLine
10
185.526992797852
20
152.083999633789
30
0.0
11
184.011993408203
21
152.958999633789
31
0.0
39
0.0
210
0.0
220
0.0
230
1.0
0
LINE
5
182
330
17
100
AcDbEntity
67
0
8
0
62
256
6
ByLayer
370
-1
48
1.0
60
0
100
AcDbLine
10
184.011993408203
20
152.958999633789
30
0.0
11
184.011993408203
21
154.708999633789
31
0.0
39
0.0
210
0.0
220
0.0
230
1.0
0
LINE
5
183
330
17
100
AcDbEntity
67
0
8
0
62
256
6
ByLayer
370
-1
48
1.0
60
0
100
AcDbLine
10
184.011993408203
20
154.708999633789
30
0.0
11
185.526992797852
21
155.583999633789
31
0.0
39
0.0
210
0.0
220
0.0
230
1.0
0
LINE
5
184
330
17
100
AcDbEntity
67
0
8
0
62
256
6
ByLayer
370
-1
48
1.0
60
0
100
AcDbLine
10
185.526992797852
20
155.583999633789
30
0.0
11
187.042999267578
21
154.708999633789
31
0.0
39
0.0
210
0.0
220
0.0
230
1.0
0
LINE
5
185
330
17
100
AcDbEntity
67
0
8
0
62
256
6
ByLayer
370
-1
48
1.0
60
0
100
AcDbLine
10
187.042999267578
20
154.708999633789
30
0.0
11
187.042999267578
21
152.958999633789
31
0.0
39
0.0
210
0.0
220
0.0
230
1.0
0
LINE
5
186
330
17
100
AcDbEntity
67
0
8
0
62
256
6
ByLayer
370
-1
48
1.0
60
0
100
AcDbLine
10
190.574005126953
20
153.453994750977
30
0.0
11
190.574005126953
21
154.708999633789
31
0.0
39
0.0
210
0.0
220
0.0
230
1.0
0
LINE
5
187
330
17
100
AcDbEntity
67
0
8
0
62
256
6
ByLayer
370
-1
48
1.0
60
0
100
AcDbLine
10
190.574005126953
20
154.708999633789
30
0.0
11
189.057998657227
21
155.583999633789
31
0.0
39
0.0
210
0.0
220
0.0
230
1.0
0
LINE
5
188
330
17
100
AcDbEntity
67
0
8
0
62
256
6
ByLayer
370
-1
48
1.0
60
0
100
AcDbLine
10
189.057998657227
20
155.583999633789
30
0.0
11
187.542999267578
21
154.708999633789
31
0.0
39
0.0
210
0.0
220
0.0
230
1.0
0
LINE
5
189
330
17
100
AcDbEntity
67
0
8
0
62
256
6
ByLayer
370
-1
48
1.0
60
0
100
AcDbLine
10
187.542999267578
20
154.708999633789
30
0.0
11
187.542999267578
21
152.958999633789
31
0.0
39
0.0
210
0.0
220
0.0
230
1.0
0
LINE
5
18A
330
17
100
AcDbEntity
67
0
8
0
62
256
6
ByLayer
370
-1
48
1.0
60
0
100
AcDbLine
10
187.542999267578
20
152.958999633789
30
0.0
11
189.057998657227
21
152.083999633789
31
0.0
39
0.0
210
0.0
220
0.0
230
1.0
0
LINE
5
18B
330
17
100
AcDbEntity
67
0
8
0
62
256
6
ByLayer
370
-1
48
1.0
60
0
100
AcDbLine
10
189.057998657227
20
152.083999633789
30
0.0
11
190.367004394531
21
152.839004516602
31
0.0
39
0.0
210
0.0
220
0.0
230
1.0
0
LINE
5
18C
330
17
100
AcDbEntity
67
0
8
0
62
256
6
ByLayer
370
-1
48
1.0
60
0
100
AcDbLine
10
190.367004394531
20
152.839004516602
30
0.0
11
190.574005126953
21
153.453994750977
31
0.0
39
0.0
210
0.0
220
0.0
230
1.0
0
LINE
5
18D
330
17
100
AcDbEntity
67
0
8
0
62
256
6
ByLayer
370
-1
48
1.0
60
0
100
AcDbLine
10
147.811996459961
20
149.393997192383
30
0.0
11
148.45100402832
21
149.026000976563
31
0.0
39
0.0
210
0.0
220
0.0
230
1.0
0
LINE
5
18E
330
17
100
AcDbEntity
67
0
8
0
62
256
6
ByLayer
370
-1
48
1.0
60
0
100
AcDbLine
10
148.45100402832
20
149.026000976563
30
0.0
11
149.966003417969
21
149.901000976563
31
0.0
39
0.0
210
0.0
220
0.0
230
1.0
0
LINE
5
18F
330
17
100
AcDbEntity
67
0
8
0
62
256
6
ByLayer
370
-1
48
1.0
60
0
100
AcDbLine
10
149.966003417969
20
149.901000976563
30
0.0
11
149.966003417969
21
151.651000976563
31
0.0
39
0.0
210
0.0
220
0.0
230
1.0
0
LINE
5
190
330
17
100
AcDbEntity
67
0
8
0
62
256
6
ByLayer
370
-1
48
1.0
60
0
100
AcDbLine
10
149.966003417969
20
151.651000976563
30
0.0
11
148.828002929688
21
152.307998657227
31
0.0
39
0.0
210
0.0
220
0.0
230
1.0
0
LINE
5
191
330
17
100
AcDbEntity
67
0
8
0
62
256
6
ByLayer
370
-1
48
1.0
60
0
100
AcDbLine
10
148.828002929688
20
152.307998657227
30
0.0
11
147.811996459961
21
149.393997192383
31
0.0
39
0.0
210
0.0
220
0.0
230
1.0
0
LINE
5
192
330
17
100
AcDbEntity
67
0
8
0
62
256
6
ByLayer
370
-1
48
1.0
60
0
100
AcDbLine
10
153.496994018555
20
149.901000976563
30
0.0
11
151.981994628906
21
149.026000976563
31
0.0
39
0.0
210
0.0
220
0.0
230
1.0
0
LINE
5
193
330
17
100
AcDbEntity
67
0
8
0
62
256
6
ByLayer
370
-1
48
1.0
60
0
100
AcDbLine
10
151.981994628906
20
149.026000976563
30
0.0
11
150.466003417969
21
149.901000976563
31
0.0
39
0.0
210
0.0
220
0.0
230
1.0
0
LINE
5
194
330
17
100
AcDbEntity
67
0
8
0
62
256
6
ByLayer
370
-1
48
1.0
60
0
100
AcDbLine
10
150.466003417969
20
149.901000976563
30
0.0
11
150.466003417969
21
151.651000976563
31
0.0
39
0.0
210
0.0
220
0.0
230
1.0
0
LINE
5
195
330
17
100
AcDbEntity
67
0
8
0
62
256
6
ByLayer
370
-1
48
1.0
60
0
100
AcDbLine
10
150.466003417969
20
151.651000976563
30
0.0
11
151.981994628906
21
152.526000976563
31
0.0
39
0.0
210
0.0
220
0.0
230
1.0
0
LINE
5
196
330
17
100
AcDbEntity
67
0
8
0
62
256
6
ByLayer
370
-1
48
1.0
60
0
100
AcDbLine
10
151.981994628906
20
152.526000976563
30
0.0
11
153.496994018555
21
151.651000976563
31
0.0
39
0.0
210
0.0
220
0.0
230
1.0
0
LINE
5
197
330
17
100
AcDbEntity
67
0
8
0
62
256
6
ByLayer
370
-1
48
1.0
60
0
100
AcDbLine
10
153.496994018555
20
151.651000976563
30
0.0
11
153.496994018555
21
149.901000976563
31
0.0
39
0.0
210
0.0
220
0.0
230
1.0
0
LINE
5
198
330
17
100
AcDbEntity
67
0
8
0
62
256
6
ByLayer
370
-1
48
1.0
60
0
100
AcDbLine
10
157.02799987793
20
149.901000976563
30
0.0
11
155.513000488281
21
149.026000976563
31
0.0
39
0.0
210
0.0
220
0.0
230
1.0
0
LINE
5
199
330
17
100
AcDbEntity
67
0
8
0
62
256
6
ByLayer
370
-1
48
1.0
60
0
100
AcDbLine
10
155.513000488281
20
149.026000976563
30
0.0
11
153.996994018555
21
149.901000976563
31
0.0
39
0.0
210
0.0
220
0.0
230
1.0
0
LINE
5
19A
330
17
100
AcDbEntity
67
0
8
0
62
256
6
ByLayer
370
-1
48
1.0
60
0
100
AcDbLine
10
153.996994018555
20
149.901000976563
30
0.0
11
153.996994018555
21
151.651000976563
31
0.0
39
0.0
210
0.0
220
0.0
230
1.0
0
LINE
5
19B
330
17
100
AcDbEntity
67
0
8
0
62
256
6
ByLayer
370
-1
48
1.0
60
0
100
AcDbLine
10
153.996994018555
20
151.651000976563
30
0.0
11
155.513000488281
21
152.526000976563
31
0.0
39
0.0
210
0.0
220
0.0
230
1.0
0
LINE
5
19C
330
17
100
AcDbEntity
67
0
8
0
62
256
6
ByLayer
370
-1
48
1.0
60
0
100
AcDbLine
10
155.513000488281
20
152.526000976563
30
0.0
11
157.02799987793
21
151.651000976563
31
0.0
39
0.0
210
0.0
220
0.0
230
1.0
0
LINE
5
19D
330
17
100
AcDbEntity
67
0
8
0
62
256
6
ByLayer
370
-1
48
1.0
60
0
100
AcDbLine
10
157.02799987793
20
151.651000976563
30
0.0
11
157.02799987793
21
149.901000976563
31
0.0
39
0.0
210
0.0
220
0.0
230
1.0
0
LINE
5
19E
330
17
100
AcDbEntity
67
0
8
0
62
256
6
ByLayer
370
-1
48
1.0
60
0
100
AcDbLine
10
160.559005737305
20
149.901000976563
30
0.0
11
159.044006347656
21
149.026000976563
31
0.0
39
0.0
210
0.0
220
0.0
230
1.0
0
LINE
5
19F
330
17
100
AcDbEntity
67
0
8
0
62
256
6
ByLayer
370
-1
48
1.0
60
0
100
AcDbLine
10
159.044006347656
20
149.026000976563
30
0.0
11
157.52799987793
21
149.901000976563
31
0.0
39
0.0
210
0.0
220
0.0
230
1.0
0
LINE
5
1A0
330
17
100
AcDbEntity
67
0
8
0
62
256
6
ByLayer
370
-1
48
1.0
60
0
100
AcDbLine
10
157.52799987793
20
149.901000976563
30
0.0
11
157.52799987793
21
151.651000976563
31
0.0
39
0.0
210
0.0
220
0.0
230
1.0
0
LINE
5
1A1
330
17
100
AcDbEntity
67
0
8
0
62
256
6
ByLayer
370
-1
48
1.0
60
0
100
AcDbLine
10
157.52799987793
20
151.651000976563
30
0.0
11
159.044006347656
21
152.526000976563
31
0.0
39
0.0
210
0.0
220
0.0
230
1.0
0
LINE
5
1A2
330
17
100
AcDbEntity
67
0
8
0
62
256
6
ByLayer
370
-1
48
1.0
60
0
100
AcDbLine
10
159.044006347656
20
152.526000976563
30
0.0
11
160.559005737305
21
151.651000976563
31
0.0
39
0.0
210
0.0
220
0.0
230
1.0
0
LINE
5
1A3
330
17
100
AcDbEntity
67
0
8
0
62
256
6
ByLayer
370
-1
48
1.0
60
0
100
AcDbLine
10
160.559005737305
20
151.651000976563
30
0.0
11
160.559005737305
21
149.901000976563
31
0.0
39
0.0
210
0.0
220
0.0
230
1.0
0
LINE
5
1A4
330
17
100
AcDbEntity
67
0
8
0
62
256
6
ByLayer
370
-1
48
1.0
60
0
100
AcDbLine
10
164.091003417969
20
149.901000976563
30
0.0
11
162.574996948242
21
149.026000976563
31
0.0
39
0.0
210
0.0
220
0.0
230
1.0
0
LINE
5
1A5
330
17
100
AcDbEntity
67
0
8
0
62
256
6
ByLayer
370
-1
48
1.0
60
0
100
AcDbLine
10
162.574996948242
20
149.026000976563
30
0.0
11
161.059005737305
21
149.901000976563
31
0.0
39
0.0
210
0.0
220
0.0
230
1.0
0
LINE
5
1A6
330
17
100
AcDbEntity
67
0
8
0
62
256
6
ByLayer
370
-1
48
1.0
60
0
100
AcDbLine
10
161.059005737305
20
149.901000976563
30
0.0
11
161.059005737305
21
151.651000976563
31
0.0
39
0.0
210
0.0
220
0.0
230
1.0
0
LINE
5
1A7
330
17
100
AcDbEntity
67
0
8
0
62
256
6
ByLayer
370
-1
48
1.0
60
0
100
AcDbLine
10
161.059005737305
20
151.651000976563
30
0.0
11
162.574996948242
21
152.526000976563
31
0.0
39
0.0
210
0.0
220
0.0
230
1.0
0
LINE
5
1A8
330
17
100
AcDbEntity
67
0
8
0
62
256
6
ByLayer
370
-1
48
1.0
60
0
100
AcDbLine
10
162.574996948242
20
152.526000976563
30
0.0
11
164.091003417969
21
151.651000976563
31
0.0
39
0.0
210
0.0
220
0.0
230
1.0
0
LINE
5
1A9
330
17
100
AcDbEntity
67
0
8
0
62
256
6
ByLayer
370
-1
48
1.0
60
0
100
AcDbLine
10
164.091003417969
20
151.651000976563
30
0.0
11
164.091003417969
21
149.901000976563
31
0.0
39
0.0
210
0.0
220
0.0
230
1.0
0
LINE
5
1AA
330
17
100
AcDbEntity
67
0
8
0
62
256
6
ByLayer
370
-1
48
1.0
60
0
100
AcDbLine
10
167.621994018555
20
149.901000976563
30
0.0
11
166.106002807617
21
149.026000976563
31
0.0
39
0.0
210
0.0
220
0.0
230
1.0
0
LINE
5
1AB
330
17
100
AcDbEntity
67
0
8
0
62
256
6
ByLayer
370
-1
48
1.0
60
0
100
AcDbLine
10
166.106002807617
20
149.026000976563
30
0.0
11
164.591003417969
21
149.901000976563
31
0.0
39
0.0
210
0.0
220
0.0
230
1.0
0
LINE
5
1AC
330
17
100
AcDbEntity
67
0
8
0
62
256
6
ByLayer
370
-1
48
1.0
60
0
100
AcDbLine
10
164.591003417969
20
149.901000976563
30
0.0
11
164.591003417969
21
151.651000976563
31
0.0
39
0.0
210
0.0
220
0.0
230
1.0
0
LINE
5
1AD
330
17
100
AcDbEntity
67
0
8
0
62
256
6
ByLayer
370
-1
48
1.0
60
0
100
AcDbLine
10
164.591003417969
20
151.651000976563
30
0.0
11
166.106002807617
21
152.526000976563
31
0.0
39
0.0
210
0.0
220
0.0
230
1.0
0
LINE
5
1AE
330
17
100
AcDbEntity
67
0
8
0
62
256
6
ByLayer
370
-1
48
1.0
60
0
100
AcDbLine
10
166.106002807617
20
152.526000976563
30
0.0
11
167.621994018555
21
151.651000976563
31
0.0
39
0.0
210
0.0
220
0.0
230
1.0
0
LINE
5
1AF
330
17
100
AcDbEntity
67
0
8
0
62
256
6
ByLayer
370
-1
48
1.0
60
0
100
AcDbLine
10
167.621994018555
20
151.651000976563
30
0.0
11
167.621994018555
21
149.901000976563
31
0.0
39
0.0
210
0.0
220
0.0
230
1.0
0
LINE
5
1B0
330
17
100
AcDbEntity
67
0
8
0
62
256
6
ByLayer
370
-1
48
1.0
60
0
100
AcDbLine
10
171.15299987793
20
149.901000976563
30
0.0
11
169.636993408203
21
149.026000976563
31
0.0
39
0.0
210
0.0
220
0.0
230
1.0
0
LINE
5
1B1
330
17
100
AcDbEntity
67
0
8
0
62
256
6
ByLayer
370
-1
48
1.0
60
0
100
AcDbLine
10
169.636993408203
20
149.026000976563
30
0.0
11
168.121994018555
21
149.901000976563
31
0.0
39
0.0
210
0.0
220
0.0
230
1.0
0
LINE
5
1B2
330
17
100
AcDbEntity
67
0
8
0
62
256
6
ByLayer
370
-1
48
1.0
60
0
100
AcDbLine
10
168.121994018555
20
149.901000976563
30
0.0
11
168.121994018555
21
151.651000976563
31
0.0
39
0.0
210
0.0
220
0.0
230
1.0
0
LINE
5
1B3
330
17
100
AcDbEntity
67
0
8
0
62
256
6
ByLayer
370
-1
48
1.0
60
0
100
AcDbLine
10
168.121994018555
20
151.651000976563
30
0.0
11
169.636993408203
21
152.526000976563
31
0.0
39
0.0
210
0.0
220
0.0
230
1.0
0
LINE
5
1B4
330
17
100
AcDbEntity
67
0
8
0
62
256
6
ByLayer
370
-1
48
1.0
60
0
100
AcDbLine
10
169.636993408203
20
152.526000976563
30
0.0
11
171.15299987793
21
151.651000976563
31
0.0
39
0.0
210
0.0
220
0.0
230
1.0
0
LINE
5
1B5
330
17
100
AcDbEntity
67
0
8
0
62
256
6
ByLayer
370
-1
48
1.0
60
0
100
AcDbLine
10
171.15299987793
20
151.651000976563
30
0.0
11
171.15299987793
21
149.901000976563
31
0.0
39
0.0
210
0.0
220
0.0
230
1.0
0
LINE
5
1B6
330
17
100
AcDbEntity
67
0
8
0
62
256
6
ByLayer
370
-1
48
1.0
60
0
100
AcDbLine
10
174.684005737305
20
149.901000976563
30
0.0
11
173.167999267578
21
149.026000976563
31
0.0
39
0.0
210
0.0
220
0.0
230
1.0
0
LINE
5
1B7
330
17
100
AcDbEntity
67
0
8
0
62
256
6
ByLayer
370
-1
48
1.0
60
0
100
AcDbLine
10
173.167999267578
20
149.026000976563
30
0.0
11
171.65299987793
21
149.901000976563
31
0.0
39
0.0
210
0.0
220
0.0
230
1.0
0
LINE
5
1B8
330
17
100
AcDbEntity
67
0
8
0
62
256
6
ByLayer
370
-1
48
1.0
60
0
100
AcDbLine
10
171.65299987793
20
149.901000976563
30
0.0
11
171.65299987793
21
151.651000976563
31
0.0
39
0.0
210
0.0
220
0.0
230
1.0
0
LINE
5
1B9
330
17
100
AcDbEntity
67
0
8
0
62
256
6
ByLayer
370
-1
48
1.0
60
0
100
AcDbLine
10
171.65299987793
20
151.651000976563
30
0.0
11
173.167999267578
21
152.526000976563
31
0.0
39
0.0
210
0.0
220
0.0
230
1.0
0
LINE
5
1BA
330
17
100
AcDbEntity
67
0
8
0
62
256
6
ByLayer
370
-1
48
1.0
60
0
100
AcDbLine
10
173.167999267578
20
152.526000976563
30
0.0
11
174.684005737305
21
151.651000976563
31
0.0
39
0.0
210
0.0
220
0.0
230
1.0
0
LINE
5
1BB
330
17
100
AcDbEntity
67
0
8
0
62
256
6
ByLayer
370
-1
48
1.0
60
0
100
AcDbLine
10
174.684005737305
20
151.651000976563
30
0.0
11
174.684005737305
21
149.901000976563
31
0.0
39
0.0
210
0.0
220
0.0
230
1.0
0
LINE
5
1BC
330
17
100
AcDbEntity
67
0
8
0
62
256
6
ByLayer
370
-1
48
1.0
60
0
100
AcDbLine
10
178.214996337891
20
149.901000976563
30
0.0
11
176.699005126953
21
149.026000976563
31
0.0
39
0.0
210
0.0
220
0.0
230
1.0
0
LINE
5
1BD
330
17
100
AcDbEntity
67
0
8
0
62
256
6
ByLayer
370
-1
48
1.0
60
0
100
AcDbLine
10
176.699005126953
20
149.026000976563
30
0.0
11
175.184005737305
21
149.901000976563
31
0.0
39
0.0
210
0.0
220
0.0
230
1.0
0
LINE
5
1BE
330
17
100
AcDbEntity
67
0
8
0
62
256
6
ByLayer
370
-1
48
1.0
60
0
100
AcDbLine
10
175.184005737305
20
149.901000976563
30
0.0
11
175.184005737305
21
151.651000976563
31
0.0
39
0.0
210
0.0
220
0.0
230
1.0
0
LINE
5
1BF
330
17
100
AcDbEntity
67
0
8
0
62
256
6
ByLayer
370
-1
48
1.0
60
0
100
AcDbLine
10
175.184005737305
20
151.651000976563
30
0.0
11
176.699005126953
21
152.526000976563
31
0.0
39
0.0
210
0.0
220
0.0
230
1.0
0
LINE
5
1C0
330
17
100
AcDbEntity
67
0
8
0
62
256
6
ByLayer
370
-1
48
1.0
60
0
100
AcDbLine
10
176.699005126953
20
152.526000976563
30
0.0
11
178.214996337891
21
151.651000976563
31
0.0
39
0.0
210
0.0
220
0.0
230
1.0
0
LINE
5
1C1
330
17
100
AcDbEntity
67
0
8
0
62
256
6
ByLayer
370
-1
48
1.0
60
0
100
AcDbLine
10
178.214996337891
20
151.651000976563
30
0.0
11
178.214996337891
21
149.901000976563
31
0.0
39
0.0
210
0.0
220
0.0
230
1.0
0
LINE
5
1C2
330
17
100
AcDbEntity
67
0
8
0
62
256
6
ByLayer
370
-1
48
1.0
60
0
100
AcDbLine
10
181.746002197266
20
149.901000976563
30
0.0
11
180.229995727539
21
149.026000976563
31
0.0
39
0.0
210
0.0
220
0.0
230
1.0
0
LINE
5
1C3
330
17
100
AcDbEntity
67
0
8
0
62
256
6
ByLayer
370
-1
48
1.0
60
0
100
AcDbLine
10
180.229995727539
20
149.026000976563
30
0.0
11
178.714996337891
21
149.901000976563
31
0.0
39
0.0
210
0.0
220
0.0
230
1.0
0
LINE
5
1C4
330
17
100
AcDbEntity
67
0
8
0
62
256
6
ByLayer
370
-1
48
1.0
60
0
100
AcDbLine
10
178.714996337891
20
149.901000976563
30
0.0
11
178.714996337891
21
151.651000976563
31
0.0
39
0.0
210
0.0
220
0.0
230
1.0
0
LINE
5
1C5
330
17
100
AcDbEntity
67
0
8
0
62
256
6
ByLayer
370
-1
48
1.0
60
0
100
AcDbLine
10
178.714996337891
20
151.651000976563
30
0.0
11
180.229995727539
21
152.526000976563
31
0.0
39
0.0
210
0.0
220
0.0
230
1.0
0
LINE
5
1C6
330
17
100
AcDbEntity
67
0
8
0
62
256
6
ByLayer
370
-1
48
1.0
60
0
100
AcDbLine
10
180.229995727539
20
152.526000976563
30
0.0
11
181.746002197266
21
151.651000976563
31
0.0
39
0.0
210
0.0
220
0.0
230
1.0
0
LINE
5
1C7
330
17
100
AcDbEntity
67
0
8
0
62
256
6
ByLayer
370
-1
48
1.0
60
0
100
AcDbLine
10
181.746002197266
20
151.651000976563
30
0.0
11
181.746002197266
21
149.901000976563
31
0.0
39
0.0
210
0.0
220
0.0
230
1.0
0
LINE
5
1C8
330
17
100
AcDbEntity
67
0
8
0
62
256
6
ByLayer
370
-1
48
1.0
60
0
100
AcDbLine
10
185.276992797852
20
149.901000976563
30
0.0
11
183.761993408203
21
149.026000976563
31
0.0
39
0.0
210
0.0
220
0.0
230
1.0
0
LINE
5
1C9
330
17
100
AcDbEntity
67
0
8
0
62
256
6
ByLayer
370
-1
48
1.0
60
0
100
AcDbLine
10
183.761993408203
20
149.026000976563
30
0.0
11
182.246002197266
21
149.901000976563
31
0.0
39
0.0
210
0.0
220
0.0
230
1.0
0
LINE
5
1CA
330
17
100
AcDbEntity
67
0
8
0
62
256
6
ByLayer
370
-1
48
1.0
60
0
100
AcDbLine
10
182.246002197266
20
149.901000976563
30
0.0
11
182.246002197266
21
151.651000976563
31
0.0
39
0.0
210
0.0
220
0.0
230
1.0
0
LINE
5
1CB
330
17
100
AcDbEntity
67
0
8
0
62
256
6
ByLayer
370
-1
48
1.0
60
0
100
AcDbLine
10
182.246002197266
20
151.651000976563
30
0.0
11
183.761993408203
21
152.526000976563
31
0.0
39
0.0
210
0.0
220
0.0
230
1.0
0
LINE
5
1CC
330
17
100
AcDbEntity
67
0
8
0
62
256
6
ByLayer
370
-1
48
1.0
60
0
100
AcDbLine
10
183.761993408203
20
152.526000976563
30
0.0
11
185.276992797852
21
151.651000976563
31
0.0
39
0.0
210
0.0
220
0.0
230
1.0
0
LINE
5
1CD
330
17
100
AcDbEntity
67
0
8
0
62
256
6
ByLayer
370
-1
48
1.0
60
0
100
AcDbLine
10
185.276992797852
20
151.651000976563
30
0.0
11
185.276992797852
21
149.901000976563
31
0.0
39
0.0
210
0.0
220
0.0
230
1.0
0
LINE
5
1CE
330
17
100
AcDbEntity
67
0
8
0
62
256
6
ByLayer
370
-1
48
1.0
60
0
100
AcDbLine
10
188.807998657227
20
149.901000976563
30
0.0
11
187.292999267578
21
149.026000976563
31
0.0
39
0.0
210
0.0
220
0.0
230
1.0
0
LINE
5
1CF
330
17
100
AcDbEntity
67
0
8
0
62
256
6
ByLayer
370
-1
48
1.0
60
0
100
AcDbLine
10
187.292999267578
20
149.026000976563
30
0.0
11
185.776992797852
21
149.901000976563
31
0.0
39
0.0
210
0.0
220
0.0
230
1.0
0
LINE
5
1D0
330
17
100
AcDbEntity
67
0
8
0
62
256
6
ByLayer
370
-1
48
1.0
60
0
100
AcDbLine
10
185.776992797852
20
149.901000976563
30
0.0
11
185.776992797852
21
151.651000976563
31
0.0
39
0.0
210
0.0
220
0.0
230
1.0
0
LINE
5
1D1
330
17
100
AcDbEntity
67
0
8
0
62
256
6
ByLayer
370
-1
48
1.0
60
0
100
AcDbLine
10
185.776992797852
20
151.651000976563
30
0.0
11
187.292999267578
21
152.526000976563
31
0.0
39
0.0
210
0.0
220
0.0
230
1.0
0
LINE
5
1D2
330
17
100
AcDbEntity
67
0
8
0
62
256
6
ByLayer
370
-1
48
1.0
60
0
100
AcDbLine
10
187.292999267578
20
152.526000976563
30
0.0
11
188.807998657227
21
151.651000976563
31
0.0
39
0.0
210
0.0
220
0.0
230
1.0
0
LINE
5
1D3
330
17
100
AcDbEntity
67
0
8
0
62
256
6
ByLayer
370
-1
48
1.0
60
0
100
AcDbLine
10
188.807998657227
20
151.651000976563
30
0.0
11
188.807998657227
21
149.901000976563
31
0.0
39
0.0
210
0.0
220
0.0
230
1.0
0
LINE
5
1D4
330
17
100
AcDbEntity
67
0
8
0
62
256
6
ByLayer
370
-1
48
1.0
60
0
100
AcDbLine
10
190.126007080078
20
152.123001098633
30
0.0
11
189.307998657227
21
151.651000976563
31
0.0
39
0.0
210
0.0
220
0.0
230
1.0
0
LINE
5
1D5
330
17
100
AcDbEntity
67
0
8
0
62
256
6
ByLayer
370
-1
48
1.0
60
0
100
AcDbLine
10
189.307998657227
20
151.651000976563
30
0.0
11
189.307998657227
21
149.901000976563
31
0.0
39
0.0
210
0.0
220
0.0
230
1.0
0
LINE
5
1D6
330
17
100
AcDbEntity
67
0
8
0
62
256
6
ByLayer
370
-1
48
1.0
60
0
100
AcDbLine
10
189.307998657227
20
149.901000976563
30
0.0
11
189.367004394531
21
149.867004394531
31
0.0
39
0.0
210
0.0
220
0.0
230
1.0
0
LINE
5
1D7
330
17
100
AcDbEntity
67
0
8
0
62
256
6
ByLayer
370
-1
48
1.0
60
0
100
AcDbLine
10
189.367004394531
20
149.867004394531
30
0.0
11
190.126007080078
21
152.123001098633
31
0.0
39
0.0
210
0.0
220
0.0
230
1.0
0
LINE
5
1D8
330
17
100
AcDbEntity
67
0
8
0
62
256
6
ByLayer
370
-1
48
1.0
60
0
100
AcDbLine
10
147.582992553711
20
148.735992431641
30
0.0
11
147.001007080078
21
147.541000366211
31
0.0
39
0.0
210
0.0
220
0.0
230
1.0
0
LINE
5
1D9
330
17
100
AcDbEntity
67
0
8
0
62
256
6
ByLayer
370
-1
48
1.0
60
0
100
AcDbLine
10
147.001007080078
20
147.541000366211
30
0.0
11
146.194000244141
21
146.251007080078
31
0.0
39
0.0
210
0.0
220
0.0
230
1.0
0
LINE
5
1DA
330
17
100
AcDbEntity
67
0
8
0
62
256
6
ByLayer
370
-1
48
1.0
60
0
100
AcDbLine
10
146.194000244141
20
146.251007080078
30
0.0
11
146.684997558594
21
145.968002319336
31
0.0
39
0.0
210
0.0
220
0.0
230
1.0
0
LINE
5
1DB
330
17
100
AcDbEntity
67
0
8
0
62
256
6
ByLayer
370
-1
48
1.0
60
0
100
AcDbLine
10
146.684997558594
20
145.968002319336
30
0.0
11
148.20100402832
21
146.843002319336
31
0.0
39
0.0
210
0.0
220
0.0
230
1.0
0
LINE
5
1DC
330
17
100
AcDbEntity
67
0
8
0
62
256
6
ByLayer
370
-1
48
1.0
60
0
100
AcDbLine
10
148.20100402832
20
146.843002319336
30
0.0
11
148.20100402832
21
148.593002319336
31
0.0
39
0.0
210
0.0
220
0.0
230
1.0
0
LINE
5
1DD
330
17
100
AcDbEntity
67
0
8
0
62
256
6
ByLayer
370
-1
48
1.0
60
0
100
AcDbLine
10
148.20100402832
20
148.593002319336
30
0.0
11
147.645004272461
21
148.914001464844
31
0.0
39
0.0
210
0.0
220
0.0
230
1.0
0
LINE
5
1DE
330
17
100
AcDbEntity
67
0
8
0
62
256
6
ByLayer
370
-1
48
1.0
60
0
100
AcDbLine
10
147.645004272461
20
148.914001464844
30
0.0
11
147.582992553711
21
148.735992431641
31
0.0
39
0.0
210
0.0
220
0.0
230
1.0
0
LINE
5
1DF
330
17
100
AcDbEntity
67
0
8
0
62
256
6
ByLayer
370
-1
48
1.0
60
0
100
AcDbLine
10
151.731994628906
20
146.843002319336
30
0.0
11
150.216003417969
21
145.968002319336
31
0.0
39
0.0
210
0.0
220
0.0
230
1.0
0
LINE
5
1E0
330
17
100
AcDbEntity
67
0
8
0
62
256
6
ByLayer
370
-1
48
1.0
60
0
100
AcDbLine
10
150.216003417969
20
145.968002319336
30
0.0
11
148.70100402832
21
146.843002319336
31
0.0
39
0.0
210
0.0
220
0.0
230
1.0
0
LINE
5
1E1
330
17
100
AcDbEntity
67
0
8
0
62
256
6
ByLayer
370
-1
48
1.0
60
0
100
AcDbLine
10
148.70100402832
20
146.843002319336
30
0.0
11
148.70100402832
21
148.593002319336
31
0.0
39
0.0
210
0.0
220
0.0
230
1.0
0
LINE
5
1E2
330
17
100
AcDbEntity
67
0
8
0
62
256
6
ByLayer
370
-1
48
1.0
60
0
100
AcDbLine
10
148.70100402832
20
148.593002319336
30
0.0
11
150.216003417969
21
149.468002319336
31
0.0
39
0.0
210
0.0
220
0.0
230
1.0
0
LINE
5
1E3
330
17
100
AcDbEntity
67
0
8
0
62
256
6
ByLayer
370
-1
48
1.0
60
0
100
AcDbLine
10
150.216003417969
20
149.468002319336
30
0.0
11
151.731994628906
21
148.593002319336
31
0.0
39
0.0
210
0.0
220
0.0
230
1.0
0
LINE
5
1E4
330
17
100
AcDbEntity
67
0
8
0
62
256
6
ByLayer
370
-1
48
1.0
60
0
100
AcDbLine
10
151.731994628906
20
148.593002319336
30
0.0
11
151.731994628906
21
146.843002319336
31
0.0
39
0.0
210
0.0
220
0.0
230
1.0
0
LINE
5
1E5
330
17
100
AcDbEntity
67
0
8
0
62
256
6
ByLayer
370
-1
48
1.0
60
0
100
AcDbLine
10
155.263000488281
20
146.843002319336
30
0.0
11
153.746994018555
21
145.968002319336
31
0.0
39
0.0
210
0.0
220
0.0
230
1.0
0
LINE
5
1E6
330
17
100
AcDbEntity
67
0
8
0
62
256
6
ByLayer
370
-1
48
1.0
60
0
100
AcDbLine
10
153.746994018555
20
145.968002319336
30
0.0
11
152.231994628906
21
146.843002319336
31
0.0
39
0.0
210
0.0
220
0.0
230
1.0
0
LINE
5
1E7
330
17
100
AcDbEntity
67
0
8
0
62
256
6
ByLayer
370
-1
48
1.0
60
0
100
AcDbLine
10
152.231994628906
20
146.843002319336
30
0.0
11
152.231994628906
21
148.593002319336
31
0.0
39
0.0
210
0.0
220
0.0
230
1.0
0
LINE
5
1E8
330
17
100
AcDbEntity
67
0
8
0
62
256
6
ByLayer
370
-1
48
1.0
60
0
100
AcDbLine
10
152.231994628906
20
148.593002319336
30
0.0
11
153.746994018555
21
149.468002319336
31
0.0
39
0.0
210
0.0
220
0.0
230
1.0
0
LINE
5
1E9
330
17
100
AcDbEntity
67
0
8
0
62
256
6
ByLayer
370
-1
48
1.0
60
0
100
AcDbLine
10
153.746994018555
20
149.468002319336
30
0.0
11
155.263000488281
21
148.593002319336
31
0.0
39
0.0
210
0.0
220
0.0
230
1.0
0
LINE
5
1EA
330
17
100
AcDbEntity
67
0
8
0
62
256
6
ByLayer
370
-1
48
1.0
60
0
100
AcDbLine
10
155.263000488281
20
148.593002319336
30
0.0
11
155.263000488281
21
146.843002319336
31
0.0
39
0.0
210
0.0
220
0.0
230
1.0
0
LINE
5
1EB
330
17
100
AcDbEntity
67
0
8
0
62
256
6
ByLayer
370
-1
48
1.0
60
0
100
AcDbLine
10
158.794006347656
20
146.843002319336
30
0.0
11
157.27799987793
21
145.968002319336
31
0.0
39
0.0
210
0.0
220
0.0
230
1.0
0
LINE
5
1EC
330
17
100
AcDbEntity
67
0
8
0
62
256
6
ByLayer
370
-1
48
1.0
60
0
100
AcDbLine
10
157.27799987793
20
145.968002319336
30
0.0
11
155.763000488281
21
146.843002319336
31
0.0
39
0.0
210
0.0
220
0.0
230
1.0
0
LINE
5
1ED
330
17
100
AcDbEntity
67
0
8
0
62
256
6
ByLayer
370
-1
48
1.0
60
0
100
AcDbLine
10
155.763000488281
20
146.843002319336
30
0.0
11
155.763000488281
21
148.593002319336
31
0.0
39
0.0
210
0.0
220
0.0
230
1.0
0
LINE
5
1EE
330
17
100
AcDbEntity
67
0
8
0
62
256
6
ByLayer
370
-1
48
1.0
60
0
100
AcDbLine
10
155.763000488281
20
148.593002319336
30
0.0
11
157.27799987793
21
149.468002319336
31
0.0
39
0.0
210
0.0
220
0.0
230
1.0
0
LINE
5
1EF
330
17
100
AcDbEntity
67
0
8
0
62
256
6
ByLayer
370
-1
48
1.0
60
0
100
AcDbLine
10
157.27799987793
20
149.468002319336
30
0.0
11
158.794006347656
21
148.593002319336
31
0.0
39
0.0
210
0.0
220
0.0
230
1.0
0
LINE
5
1F0
330
17
100
AcDbEntity
67
0
8
0
62
256
6
ByLayer
370
-1
48
1.0
60
0
100
AcDbLine
10
158.794006347656
20
148.593002319336
30
0.0
11
158.794006347656
21
146.843002319336
31
0.0
39
0.0
210
0.0
220
0.0
230
1.0
0
LINE
5
1F1
330
17
100
AcDbEntity
67
0
8
0
62
256
6
ByLayer
370
-1
48
1.0
60
0
100
AcDbLine
10
162.324996948242
20
146.843002319336
30
0.0
11
160.809005737305
21
145.968002319336
31
0.0
39
0.0
210
0.0
220
0.0
230
1.0
0
LINE
5
1F2
330
17
100
AcDbEntity
67
0
8
0
62
256
6
ByLayer
370
-1
48
1.0
60
0
100
AcDbLine
10
160.809005737305
20
145.968002319336
30
0.0
11
159.294006347656
21
146.843002319336
31
0.0
39
0.0
210
0.0
220
0.0
230
1.0
0
LINE
5
1F3
330
17
100
AcDbEntity
67
0
8
0
62
256
6
ByLayer
370
-1
48
1.0
60
0
100
AcDbLine
10
159.294006347656
20
146.843002319336
30
0.0
11
159.294006347656
21
148.593002319336
31
0.0
39
0.0
210
0.0
220
0.0
230
1.0
0
LINE
5
1F4
330
17
100
AcDbEntity
67
0
8
0
62
256
6
ByLayer
370
-1
48
1.0
60
0
100
AcDbLine
10
159.294006347656
20
148.593002319336
30
0.0
11
160.809005737305
21
149.468002319336
31
0.0
39
0.0
210
0.0
220
0.0
230
1.0
0
LINE
5
1F5
330
17
100
AcDbEntity
67
0
8
0
62
256
6
ByLayer
370
-1
48
1.0
60
0
100
AcDbLine
10
160.809005737305
20
149.468002319336
30
0.0
11
162.324996948242
21
148.593002319336
31
0.0
39
0.0
210
0.0
220
0.0
230
1.0
0
LINE
5
1F6
330
17
100
AcDbEntity
67
0
8
0
62
256
6
ByLayer
370
-1
48
1.0
60
0
100
AcDbLine
10
162.324996948242
20
148.593002319336
30
0.0
11
162.324996948242
21
146.843002319336
31
0.0
39
0.0
210
0.0
220
0.0
230
1.0
0
LINE
5
1F7
330
17
100
AcDbEntity
67
0
8
0
62
256
6
ByLayer
370
-1
48
1.0
60
0
100
AcDbLine
10
165.856002807617
20
146.843002319336
30
0.0
11
164.341003417969
21
145.968002319336
31
0.0
39
0.0
210
0.0
220
0.0
230
1.0
0
LINE
5
1F8
330
17
100
AcDbEntity
67
0
8
0
62
256
6
ByLayer
370
-1
48
1.0
60
0
100
AcDbLine
10
164.341003417969
20
145.968002319336
30
0.0
11
162.824996948242
21
146.843002319336
31
0.0
39
0.0
210
0.0
220
0.0
230
1.0
0
LINE
5
1F9
330
17
100
AcDbEntity
67
0
8
0
62
256
6
ByLayer
370
-1
48
1.0
60
0
100
AcDbLine
10
162.824996948242
20
146.843002319336
30
0.0
11
162.824996948242
21
148.593002319336
31
0.0
39
0.0
210
0.0
220
0.0
230
1.0
0
LINE
5
1FA
330
17
100
AcDbEntity
67
0
8
0
62
256
6
ByLayer
370
-1
48
1.0
60
0
100
AcDbLine
10
162.824996948242
20
148.593002319336
30
0.0
11
164.341003417969
21
149.468002319336
31
0.0
39
0.0
210
0.0
220
0.0
230
1.0
0
LINE
5
1FB
330
17
100
AcDbEntity
67
0
8
0
62
256
6
ByLayer
370
-1
48
1.0
60
0
100
AcDbLine
10
164.341003417969
20
149.468002319336
30
0.0
11
165.856002807617
21
148.593002319336
31
0.0
39
0.0
210
0.0
220
0.0
230
1.0
0
LINE
5
1FC
330
17
100
AcDbEntity
67
0
8
0
62
256
6
ByLayer
370
-1
48
1.0
60
0
100
AcDbLine
10
165.856002807617
20
148.593002319336
30
0.0
11
165.856002807617
21
146.843002319336
31
0.0
39
0.0
210
0.0
220
0.0
230
1.0
0
LINE
5
1FD
330
17
100
AcDbEntity
67
0
8
0
62
256
6
ByLayer
370
-1
48
1.0
60
0
100
AcDbLine
10
169.386993408203
20
146.843002319336
30
0.0
11
167.871994018555
21
145.968002319336
31
0.0
39
0.0
210
0.0
220
0.0
230
1.0
0
LINE
5
1FE
330
17
100
AcDbEntity
67
0
8
0
62
256
6
ByLayer
370
-1
48
1.0
60
0
100
AcDbLine
10
167.871994018555
20
145.968002319336
30
0.0
11
166.356002807617
21
146.843002319336
31
0.0
39
0.0
210
0.0
220
0.0
230
1.0
0
LINE
5
1FF
330
17
100
AcDbEntity
67
0
8
0
62
256
6
ByLayer
370
-1
48
1.0
60
0
100
AcDbLine
10
166.356002807617
20
146.843002319336
30
0.0
11
166.356002807617
21
148.593002319336
31
0.0
39
0.0
210
0.0
220
0.0
230
1.0
0
LINE
5
200
330
17
100
AcDbEntity
67
0
8
0
62
256
6
ByLayer
370
-1
48
1.0
60
0
100
AcDbLine
10
166.356002807617
20
148.593002319336
30
0.0
11
167.871994018555
21
149.468002319336
31
0.0
39
0.0
210
0.0
220
0.0
230
1.0
0
LINE
5
201
330
17
100
AcDbEntity
67
0
8
0
62
256
6
ByLayer
370
-1
48
1.0
60
0
100
AcDbLine
10
167.871994018555
20
149.468002319336
30
0.0
11
169.386993408203
21
148.593002319336
31
0.0
39
0.0
210
0.0
220
0.0
230
1.0
0
LINE
5
202
330
17
100
AcDbEntity
67
0
8
0
62
256
6
ByLayer
370
-1
48
1.0
60
0
100
AcDbLine
10
169.386993408203
20
148.593002319336
30
0.0
11
169.386993408203
21
146.843002319336
31
0.0
39
0.0
210
0.0
220
0.0
230
1.0
0
LINE
5
203
330
17
100
AcDbEntity
67
0
8
0
62
256
6
ByLayer
370
-1
48
1.0
60
0
100
AcDbLine
10
172.917999267578
20
146.843002319336
30
0.0
11
171.40299987793
21
145.968002319336
31
0.0
39
0.0
210
0.0
220
0.0
230
1.0
0
LINE
5
204
330
17
100
AcDbEntity
67
0
8
0
62
256
6
ByLayer
370
-1
48
1.0
60
0
100
AcDbLine
10
171.40299987793
20
145.968002319336
30
0.0
11
169.886993408203
21
146.843002319336
31
0.0
39
0.0
210
0.0
220
0.0
230
1.0
0
LINE
5
205
330
17
100
AcDbEntity
67
0
8
0
62
256
6
ByLayer
370
-1
48
1.0
60
0
100
AcDbLine
10
169.886993408203
20
146.843002319336
30
0.0
11
169.886993408203
21
148.593002319336
31
0.0
39
0.0
210
0.0
220
0.0
230
1.0
0
LINE
5
206
330
17
100
AcDbEntity
67
0
8
0
62
256
6
ByLayer
370
-1
48
1.0
60
0
100
AcDbLine
10
169.886993408203
20
148.593002319336
30
0.0
11
171.40299987793
21
149.468002319336
31
0.0
39
0.0
210
0.0
220
0.0
230
1.0
0
LINE
5
207
330
17
100
AcDbEntity
67
0
8
0
62
256
6
ByLayer
370
-1
48
1.0
60
0
100
AcDbLine
10
171.40299987793
20
149.468002319336
30
0.0
11
172.917999267578
21
148.593002319336
31
0.0
39
0.0
210
0.0
220
0.0
230
1.0
0
LINE
5
208
330
17
100
AcDbEntity
67
0
8
0
62
256
6
ByLayer
370
-1
48
1.0
60
0
100
AcDbLine
10
172.917999267578
20
148.593002319336
30
0.0
11
172.917999267578
21
146.843002319336
31
0.0
39
0.0
210
0.0
220
0.0
230
1.0
0
LINE
5
209
330
17
100
AcDbEntity
67
0
8
0
62
256
6
ByLayer
370
-1
48
1.0
60
0
100
AcDbLine
10
176.449005126953
20
146.843002319336
30
0.0
11
174.934005737305
21
145.968002319336
31
0.0
39
0.0
210
0.0
220
0.0
230
1.0
0
LINE
5
20A
330
17
100
AcDbEntity
67
0
8
0
62
256
6
ByLayer
370
-1
48
1.0
60
0
100
AcDbLine
10
174.934005737305
20
145.968002319336
30
0.0
11
173.417999267578
21
146.843002319336
31
0.0
39
0.0
210
0.0
220
0.0
230
1.0
0
LINE
5
20B
330
17
100
AcDbEntity
67
0
8
0
62
256
6
ByLayer
370
-1
48
1.0
60
0
100
AcDbLine
10
173.417999267578
20
146.843002319336
30
0.0
11
173.417999267578
21
148.593002319336
31
0.0
39
0.0
210
0.0
220
0.0
230
1.0
0
LINE
5
20C
330
17
100
AcDbEntity
67
0
8
0
62
256
6
ByLayer
370
-1
48
1.0
60
0
100
AcDbLine
10
173.417999267578
20
148.593002319336
30
0.0
11
174.934005737305
21
149.468002319336
31
0.0
39
0.0
210
0.0
220
0.0
230
1.0
0
LINE
5
20D
330
17
100
AcDbEntity
67
0
8
0
62
256
6
ByLayer
370
-1
48
1.0
60
0
100
AcDbLine
10
174.934005737305
20
149.468002319336
30
0.0
11
176.449005126953
21
148.593002319336
31
0.0
39
0.0
210
0.0
220
0.0
230
1.0
0
LINE
5
20E
330
17
100
AcDbEntity
67
0
8
0
62
256
6
ByLayer
370
-1
48
1.0
60
0
100
AcDbLine
10
176.449005126953
20
148.593002319336
30
0.0
11
176.449005126953
21
146.843002319336
31
0.0
39
0.0
210
0.0
220
0.0
230
1.0
0
LINE
5
20F
330
17
100
AcDbEntity
67
0
8
0
62
256
6
ByLayer
370
-1
48
1.0
60
0
100
AcDbLine
10
179.979995727539
20
146.843002319336
30
0.0
11
178.464996337891
21
145.968002319336
31
0.0
39
0.0
210
0.0
220
0.0
230
1.0
0
LINE
5
210
330
17
100
AcDbEntity
67
0
8
0
62
256
6
ByLayer
370
-1
48
1.0
60
0
100
AcDbLine
10
178.464996337891
20
145.968002319336
30
0.0
11
176.949005126953
21
146.843002319336
31
0.0
39
0.0
210
0.0
220
0.0
230
1.0
0
LINE
5
211
330
17
100
AcDbEntity
67
0
8
0
62
256
6
ByLayer
370
-1
48
1.0
60
0
100
AcDbLine
10
176.949005126953
20
146.843002319336
30
0.0
11
176.949005126953
21
148.593002319336
31
0.0
39
0.0
210
0.0
220
0.0
230
1.0
0
LINE
5
212
330
17
100
AcDbEntity
67
0
8
0
62
256
6
ByLayer
370
-1
48
1.0
60
0
100
AcDbLine
10
176.949005126953
20
148.593002319336
30
0.0
11
178.464996337891
21
149.468002319336
31
0.0
39
0.0
210
0.0
220
0.0
230
1.0
0
LINE
5
213
330
17
100
AcDbEntity
67
0
8
0
62
256
6
ByLayer
370
-1
48
1.0
60
0
100
AcDbLine
10
178.464996337891
20
149.468002319336
30
0.0
11
179.979995727539
21
148.593002319336
31
0.0
39
0.0
210
0.0
220
0.0
230
1.0
0
LINE
5
214
330
17
100
AcDbEntity
67
0
8
0
62
256
6
ByLayer
370
-1
48
1.0
60
0
100
AcDbLine
10
179.979995727539
20
148.593002319336
30
0.0
11
179.979995727539
21
146.843002319336
31
0.0
39
0.0
210
0.0
220
0.0
230
1.0
0
LINE
5
215
330
17
100
AcDbEntity
67
0
8
0
62
256
6
ByLayer
370
-1
48
1.0
60
0
100
AcDbLine
10
183.511993408203
20
146.843002319336
30
0.0
11
181.996002197266
21
145.968002319336
31
0.0
39
0.0
210
0.0
220
0.0
230
1.0
0
LINE
5
216
330
17
100
AcDbEntity
67
0
8
0
62
256
6
ByLayer
370
-1
48
1.0
60
0
100
AcDbLine
10
181.996002197266
20
145.968002319336
30
0.0
11
180.479995727539
21
146.843002319336
31
0.0
39
0.0
210
0.0
220
0.0
230
1.0
0
LINE
5
217
330
17
100
AcDbEntity
67
0
8
0
62
256
6
ByLayer
370
-1
48
1.0
60
0
100
AcDbLine
10
180.479995727539
20
146.843002319336
30
0.0
11
180.479995727539
21
148.593002319336
31
0.0
39
0.0
210
0.0
220
0.0
230
1.0
0
LINE
5
218
330
17
100
AcDbEntity
67
0
8
0
62
256
6
ByLayer
370
-1
48
1.0
60
0
100
AcDbLine
10
180.479995727539
20
148.593002319336
30
0.0
11
181.996002197266
21
149.468002319336
31
0.0
39
0.0
210
0.0
220
0.0
230
1.0
0
LINE
5
219
330
17
100
AcDbEntity
67
0
8
0
62
256
6
ByLayer
370
-1
48
1.0
60
0
100
AcDbLine
10
181.996002197266
20
149.468002319336
30
0.0
11
183.511993408203
21
148.593002319336
31
0.0
39
0.0
210
0.0
220
0.0
230
1.0
0
LINE
5
21A
330
17
100
AcDbEntity
67
0
8
0
62
256
6
ByLayer
370
-1
48
1.0
60
0
100
AcDbLine
10
183.511993408203
20
148.593002319336
30
0.0
11
183.511993408203
21
146.843002319336
31
0.0
39
0.0
210
0.0
220
0.0
230
1.0
0
LINE
5
21B
330
17
100
AcDbEntity
67
0
8
0
62
256
6
ByLayer
370
-1
48
1.0
60
0
100
AcDbLine
10
187.042999267578
20
146.843002319336
30
0.0
11
185.526992797852
21
145.968002319336
31
0.0
39
0.0
210
0.0
220
0.0
230
1.0
0
LINE
5
21C
330
17
100
AcDbEntity
67
0
8
0
62
256
6
ByLayer
370
-1
48
1.0
60
0
100
AcDbLine
10
185.526992797852
20
145.968002319336
30
0.0
11
184.011993408203
21
146.843002319336
31
0.0
39
0.0
210
0.0
220
0.0
230
1.0
0
LINE
5
21D
330
17
100
AcDbEntity
67
0
8
0
62
256
6
ByLayer
370
-1
48
1.0
60
0
100
AcDbLine
10
184.011993408203
20
146.843002319336
30
0.0
11
184.011993408203
21
148.593002319336
31
0.0
39
0.0
210
0.0
220
0.0
230
1.0
0
LINE
5
21E
330
17
100
AcDbEntity
67
0
8
0
62
256
6
ByLayer
370
-1
48
1.0
60
0
100
AcDbLine
10
184.011993408203
20
148.593002319336
30
0.0
11
185.526992797852
21
149.468002319336
31
0.0
39
0.0
210
0.0
220
0.0
230
1.0
0
LINE
5
21F
330
17
100
AcDbEntity
67
0
8
0
62
256
6
ByLayer
370
-1
48
1.0
60
0
100
AcDbLine
10
185.526992797852
20
149.468002319336
30
0.0
11
187.042999267578
21
148.593002319336
31
0.0
39
0.0
210
0.0
220
0.0
230
1.0
0
LINE
5
220
330
17
100
AcDbEntity
67
0
8
0
62
256
6
ByLayer
370
-1
48
1.0
60
0
100
AcDbLine
10
187.042999267578
20
148.593002319336
30
0.0
11
187.042999267578
21
146.843002319336
31
0.0
39
0.0
210
0.0
220
0.0
230
1.0
0
LINE
5
221
330
17
100
AcDbEntity
67
0
8
0
62
256
6
ByLayer
370
-1
48
1.0
60
0
100
AcDbLine
10
189.205001831055
20
149.382995605469
30
0.0
11
189.057998657227
21
149.468002319336
31
0.0
39
0.0
210
0.0
220
0.0
230
1.0
0
LINE
5
222
330
17
100
AcDbEntity
67
0
8
0
62
256
6
ByLayer
370
-1
48
1.0
60
0
100
AcDbLine
10
189.057998657227
20
149.468002319336
30
0.0
11
187.542999267578
21
148.593002319336
31
0.0
39
0.0
210
0.0
220
0.0
230
1.0
0
LINE
5
223
330
17
100
AcDbEntity
67
0
8
0
62
256
6
ByLayer
370
-1
48
1.0
60
0
100
AcDbLine
10
187.542999267578
20
148.593002319336
30
0.0
11
187.542999267578
21
146.843002319336
31
0.0
39
0.0
210
0.0
220
0.0
230
1.0
0
LINE
5
224
330
17
100
AcDbEntity
67
0
8
0
62
256
6
ByLayer
370
-1
48
1.0
60
0
100
AcDbLine
10
187.542999267578
20
146.843002319336
30
0.0
11
188.218994140625
21
146.451995849609
31
0.0
39
0.0
210
0.0
220
0.0
230
1.0
0
LINE
5
225
330
17
100
AcDbEntity
67
0
8
0
62
256
6
ByLayer
370
-1
48
1.0
60
0
100
AcDbLine
10
188.218994140625
20
146.451995849609
30
0.0
11
189.205001831055
21
149.382995605469
31
0.0
39
0.0
210
0.0
220
0.0
230
1.0
0
LINE
5
226
330
17
100
AcDbEntity
67
0
8
0
62
256
6
ByLayer
370
-1
48
1.0
60
0
100
AcDbLine
10
145.395004272461
20
145.274002075195
30
0.0
11
144.988998413086
21
144.882995605469
31
0.0
39
0.0
210
0.0
220
0.0
230
1.0
0
LINE
5
227
330
17
100
AcDbEntity
67
0
8
0
62
256
6
ByLayer
370
-1
48
1.0
60
0
100
AcDbLine
10
144.988998413086
20
144.882995605469
30
0.0
11
144.561004638672
21
144.535003662109
31
0.0
39
0.0
210
0.0
220
0.0
230
1.0
0
LINE
5
228
330
17
100
AcDbEntity
67
0
8
0
62
256
6
ByLayer
370
-1
48
1.0
60
0
100
AcDbLine
10
144.561004638672
20
144.535003662109
30
0.0
11
144.110992431641
21
144.235000610352
31
0.0
39
0.0
210
0.0
220
0.0
230
1.0
0
LINE
5
229
330
17
100
AcDbEntity
67
0
8
0
62
256
6
ByLayer
370
-1
48
1.0
60
0
100
AcDbLine
10
144.110992431641
20
144.235000610352
30
0.0
11
143.639007568359
21
143.988998413086
31
0.0
39
0.0
210
0.0
220
0.0
230
1.0
0
LINE
5
22A
330
17
100
AcDbEntity
67
0
8
0
62
256
6
ByLayer
370
-1
48
1.0
60
0
100
AcDbLine
10
143.639007568359
20
143.988998413086
30
0.0
11
143.404006958008
21
143.888000488281
31
0.0
39
0.0
210
0.0
220
0.0
230
1.0
0
LINE
5
22B
330
17
100
AcDbEntity
67
0
8
0
62
256
6
ByLayer
370
-1
48
1.0
60
0
100
AcDbLine
10
143.404006958008
20
143.888000488281
30
0.0
11
143.404006958008
21
143.785003662109
31
0.0
39
0.0
210
0.0
220
0.0
230
1.0
0
LINE
5
22C
330
17
100
AcDbEntity
67
0
8
0
62
256
6
ByLayer
370
-1
48
1.0
60
0
100
AcDbLine
10
143.404006958008
20
143.785003662109
30
0.0
11
144.919998168945
21
142.910003662109
31
0.0
39
0.0
210
0.0
220
0.0
230
1.0
0
LINE
5
22D
330
17
100
AcDbEntity
67
0
8
0
62
256
6
ByLayer
370
-1
48
1.0
60
0
100
AcDbLine
10
144.919998168945
20
142.910003662109
30
0.0
11
146.434997558594
21
143.785003662109
31
0.0
39
0.0
210
0.0
220
0.0
230
1.0
0
LINE
5
22E
330
17
100
AcDbEntity
67
0
8
0
62
256
6
ByLayer
370
-1
48
1.0
60
0
100
AcDbLine
10
146.434997558594
20
143.785003662109
30
0.0
11
146.434997558594
21
145.535003662109
31
0.0
39
0.0
210
0.0
220
0.0
230
1.0
0
LINE
5
22F
330
17
100
AcDbEntity
67
0
8
0
62
256
6
ByLayer
370
-1
48
1.0
60
0
100
AcDbLine
10
146.434997558594
20
145.535003662109
30
0.0
11
145.880996704102
21
145.854995727539
31
0.0
39
0.0
210
0.0
220
0.0
230
1.0
0
LINE
5
230
330
17
100
AcDbEntity
67
0
8
0
62
256
6
ByLayer
370
-1
48
1.0
60
0
100
AcDbLine
10
145.880996704102
20
145.854995727539
30
0.0
11
145.395004272461
21
145.274002075195
31
0.0
39
0.0
210
0.0
220
0.0
230
1.0
0
LINE
5
231
330
17
100
AcDbEntity
67
0
8
0
62
256
6
ByLayer
370
-1
48
1.0
60
0
100
AcDbLine
10
149.966003417969
20
143.785003662109
30
0.0
11
148.45100402832
21
142.910003662109
31
0.0
39
0.0
210
0.0
220
0.0
230
1.0
0
LINE
5
232
330
17
100
AcDbEntity
67
0
8
0
62
256
6
ByLayer
370
-1
48
1.0
60
0
100
AcDbLine
10
148.45100402832
20
142.910003662109
30
0.0
11
146.934997558594
21
143.785003662109
31
0.0
39
0.0
210
0.0
220
0.0
230
1.0
0
LINE
5
233
330
17
100
AcDbEntity
67
0
8
0
62
256
6
ByLayer
370
-1
48
1.0
60
0
100
AcDbLine
10
146.934997558594
20
143.785003662109
30
0.0
11
146.934997558594
21
145.535003662109
31
0.0
39
0.0
210
0.0
220
0.0
230
1.0
0
LINE
5
234
330
17
100
AcDbEntity
67
0
8
0
62
256
6
ByLayer
370
-1
48
1.0
60
0
100
AcDbLine
10
146.934997558594
20
145.535003662109
30
0.0
11
148.45100402832
21
146.410003662109
31
0.0
39
0.0
210
0.0
220
0.0
230
1.0
0
LINE
5
235
330
17
100
AcDbEntity
67
0
8
0
62
256
6
ByLayer
370
-1
48
1.0
60
0
100
AcDbLine
10
148.45100402832
20
146.410003662109
30
0.0
11
149.966003417969
21
145.535003662109
31
0.0
39
0.0
210
0.0
220
0.0
230
1.0
0
LINE
5
236
330
17
100
AcDbEntity
67
0
8
0
62
256
6
ByLayer
370
-1
48
1.0
60
0
100
AcDbLine
10
149.966003417969
20
145.535003662109
30
0.0
11
149.966003417969
21
143.785003662109
31
0.0
39
0.0
210
0.0
220
0.0
230
1.0
0
LINE
5
237
330
17
100
AcDbEntity
67
0
8
0
62
256
6
ByLayer
370
-1
48
1.0
60
0
100
AcDbLine
10
153.496994018555
20
143.785003662109
30
0.0
11
151.981994628906
21
142.910003662109
31
0.0
39
0.0
210
0.0
220
0.0
230
1.0
0
LINE
5
238
330
17
100
AcDbEntity
67
0
8
0
62
256
6
ByLayer
370
-1
48
1.0
60
0
100
AcDbLine
10
151.981994628906
20
142.910003662109
30
0.0
11
150.466003417969
21
143.785003662109
31
0.0
39
0.0
210
0.0
220
0.0
230
1.0
0
LINE
5
239
330
17
100
AcDbEntity
67
0
8
0
62
256
6
ByLayer
370
-1
48
1.0
60
0
100
AcDbLine
10
150.466003417969
20
143.785003662109
30
0.0
11
150.466003417969
21
145.535003662109
31
0.0
39
0.0
210
0.0
220
0.0
230
1.0
0
LINE
5
23A
330
17
100
AcDbEntity
67
0
8
0
62
256
6
ByLayer
370
-1
48
1.0
60
0
100
AcDbLine
10
150.466003417969
20
145.535003662109
30
0.0
11
151.981994628906
21
146.410003662109
31
0.0
39
0.0
210
0.0
220
0.0
230
1.0
0
LINE
5
23B
330
17
100
AcDbEntity
67
0
8
0
62
256
6
ByLayer
370
-1
48
1.0
60
0
100
AcDbLine
10
151.981994628906
20
146.410003662109
30
0.0
11
153.496994018555
21
145.535003662109
31
0.0
39
0.0
210
0.0
220
0.0
230
1.0
0
LINE
5
23C
330
17
100
AcDbEntity
67
0
8
0
62
256
6
ByLayer
370
-1
48
1.0
60
0
100
AcDbLine
10
153.496994018555
20
145.535003662109
30
0.0
11
153.496994018555
21
143.785003662109
31
0.0
39
0.0
210
0.0
220
0.0
230
1.0
0
LINE
5
23D
330
17
100
AcDbEntity
67
0
8
0
62
256
6
ByLayer
370
-1
48
1.0
60
0
100
AcDbLine
10
157.02799987793
20
143.785003662109
30
0.0
11
155.513000488281
21
142.910003662109
31
0.0
39
0.0
210
0.0
220
0.0
230
1.0
0
LINE
5
23E
330
17
100
AcDbEntity
67
0
8
0
62
256
6
ByLayer
370
-1
48
1.0
60
0
100
AcDbLine
10
155.513000488281
20
142.910003662109
30
0.0
11
153.996994018555
21
143.785003662109
31
0.0
39
0.0
210
0.0
220
0.0
230
1.0
0
LINE
5
23F
330
17
100
AcDbEntity
67
0
8
0
62
256
6
ByLayer
370
-1
48
1.0
60
0
100
AcDbLine
10
153.996994018555
20
143.785003662109
30
0.0
11
153.996994018555
21
145.535003662109
31
0.0
39
0.0
210
0.0
220
0.0
230
1.0
0
LINE
5
240
330
17
100
AcDbEntity
67
0
8
0
62
256
6
ByLayer
370
-1
48
1.0
60
0
100
AcDbLine
10
153.996994018555
20
145.535003662109
30
0.0
11
155.513000488281
21
146.410003662109
31
0.0
39
0.0
210
0.0
220
0.0
230
1.0
0
LINE
5
241
330
17
100
AcDbEntity
67
0
8
0
62
256
6
ByLayer
370
-1
48
1.0
60
0
100
AcDbLine
10
155.513000488281
20
146.410003662109
30
0.0
11
157.02799987793
21
145.535003662109
31
0.0
39
0.0
210
0.0
220
0.0
230
1.0
0
LINE
5
242
330
17
100
AcDbEntity
67
0
8
0
62
256
6
ByLayer
370
-1
48
1.0
60
0
100
AcDbLine
10
157.02799987793
20
145.535003662109
30
0.0
11
157.02799987793
21
143.785003662109
31
0.0
39
0.0
210
0.0
220
0.0
230
1.0
0
LINE
5
243
330
17
100
AcDbEntity
67
0
8
0
62
256
6
ByLayer
370
-1
48
1.0
60
0
100
AcDbLine
10
160.559005737305
20
143.785003662109
30
0.0
11
159.044006347656
21
142.910003662109
31
0.0
39
0.0
210
0.0
220
0.0
230
1.0
0
LINE
5
244
330
17
100
AcDbEntity
67
0
8
0
62
256
6
ByLayer
370
-1
48
1.0
60
0
100
AcDbLine
10
159.044006347656
20
142.910003662109
30
0.0
11
157.52799987793
21
143.785003662109
31
0.0
39
0.0
210
0.0
220
0.0
230
1.0
0
LINE
5
245
330
17
100
AcDbEntity
67
0
8
0
62
256
6
ByLayer
370
-1
48
1.0
60
0
100
AcDbLine
10
157.52799987793
20
143.785003662109
30
0.0
11
157.52799987793
21
145.535003662109
31
0.0
39
0.0
210
0.0
220
0.0
230
1.0
0
LINE
5
246
330
17
100
AcDbEntity
67
0
8
0
62
256
6
ByLayer
370
-1
48
1.0
60
0
100
AcDbLine
10
157.52799987793
20
145.535003662109
30
0.0
11
159.044006347656
21
146.410003662109
31
0.0
39
0.0
210
0.0
220
0.0
230
1.0
0
LINE
5
247
330
17
100
AcDbEntity
67
0
8
0
62
256
6
ByLayer
370
-1
48
1.0
60
0
100
AcDbLine
10
159.044006347656
20
146.410003662109
30
0.0
11
160.559005737305
21
145.535003662109
31
0.0
39
0.0
210
0.0
220
0.0
230
1.0
0
LINE
5
248
330
17
100
AcDbEntity
67
0
8
0
62
256
6
ByLayer
370
-1
48
1.0
60
0
100
AcDbLine
10
160.559005737305
20
145.535003662109
30
0.0
11
160.559005737305
21
143.785003662109
31
0.0
39
0.0
210
0.0
220
0.0
230
1.0
0
LINE
5
249
330
17
100
AcDbEntity
67
0
8
0
62
256
6
ByLayer
370
-1
48
1.0
60
0
100
AcDbLine
10
164.091003417969
20
143.785003662109
30
0.0
11
162.574996948242
21
142.910003662109
31
0.0
39
0.0
210
0.0
220
0.0
230
1.0
0
LINE
5
24A
330
17
100
AcDbEntity
67
0
8
0
62
256
6
ByLayer
370
-1
48
1.0
60
0
100
AcDbLine
10
162.574996948242
20
142.910003662109
30
0.0
11
161.059005737305
21
143.785003662109
31
0.0
39
0.0
210
0.0
220
0.0
230
1.0
0
LINE
5
24B
330
17
100
AcDbEntity
67
0
8
0
62
256
6
ByLayer
370
-1
48
1.0
60
0
100
AcDbLine
10
161.059005737305
20
143.785003662109
30
0.0
11
161.059005737305
21
145.535003662109
31
0.0
39
0.0
210
0.0
220
0.0
230
1.0
0
LINE
5
24C
330
17
100
AcDbEntity
67
0
8
0
62
256
6
ByLayer
370
-1
48
1.0
60
0
100
AcDbLine
10
161.059005737305
20
145.535003662109
30
0.0
11
162.574996948242
21
146.410003662109
31
0.0
39
0.0
210
0.0
220
0.0
230
1.0
0
LINE
5
24D
330
17
100
AcDbEntity
67
0
8
0
62
256
6
ByLayer
370
-1
48
1.0
60
0
100
AcDbLine
10
162.574996948242
20
146.410003662109
30
0.0
11
164.091003417969
21
145.535003662109
31
0.0
39
0.0
210
0.0
220
0.0
230
1.0
0
LINE
5
24E
330
17
100
AcDbEntity
67
0
8
0
62
256
6
ByLayer
370
-1
48
1.0
60
0
100
AcDbLine
10
164.091003417969
20
145.535003662109
30
0.0
11
164.091003417969
21
143.785003662109
31
0.0
39
0.0
210
0.0
220
0.0
230
1.0
0
LINE
5
24F
330
17
100
AcDbEntity
67
0
8
0
62
256
6
ByLayer
370
-1
48
1.0
60
0
100
AcDbLine
10
167.621994018555
20
143.785003662109
30
0.0
11
166.106002807617
21
142.910003662109
31
0.0
39
0.0
210
0.0
220
0.0
230
1.0
0
LINE
5
250
330
17
100
AcDbEntity
67
0
8
0
62
256
6
ByLayer
370
-1
48
1.0
60
0
100
AcDbLine
10
166.106002807617
20
142.910003662109
30
0.0
11
164.591003417969
21
143.785003662109
31
0.0
39
0.0
210
0.0
220
0.0
230
1.0
0
LINE
5
251
330
17
100
AcDbEntity
67
0
8
0
62
256
6
ByLayer
370
-1
48
1.0
60
0
100
AcDbLine
10
164.591003417969
20
143.785003662109
30
0.0
11
164.591003417969
21
145.535003662109
31
0.0
39
0.0
210
0.0
220
0.0
230
1.0
0
LINE
5
252
330
17
100
AcDbEntity
67
0
8
0
62
256
6
ByLayer
370
-1
48
1.0
60
0
100
AcDbLine
10
164.591003417969
20
145.535003662109
30
0.0
11
166.106002807617
21
146.410003662109
31
0.0
39
0.0
210
0.0
220
0.0
230
1.0
0
LINE
5
253
330
17
100
AcDbEntity
67
0
8
0
62
256
6
ByLayer
370
-1
48
1.0
60
0
100
AcDbLine
10
166.106002807617
20
146.410003662109
30
0.0
11
167.621994018555
21
145.535003662109
31
0.0
39
0.0
210
0.0
220
0.0
230
1.0
0
LINE
5
254
330
17
100
AcDbEntity
67
0
8
0
62
256
6
ByLayer
370
-1
48
1.0
60
0
100
AcDbLine
10
167.621994018555
20
145.535003662109
30
0.0
11
167.621994018555
21
143.785003662109
31
0.0
39
0.0
210
0.0
220
0.0
230
1.0
0
LINE
5
255
330
17
100
AcDbEntity
67
0
8
0
62
256
6
ByLayer
370
-1
48
1.0
60
0
100
AcDbLine
10
171.15299987793
20
143.785003662109
30
0.0
11
169.636993408203
21
142.910003662109
31
0.0
39
0.0
210
0.0
220
0.0
230
1.0
0
LINE
5
256
330
17
100
AcDbEntity
67
0
8
0
62
256
6
ByLayer
370
-1
48
1.0
60
0
100
AcDbLine
10
169.636993408203
20
142.910003662109
30
0.0
11
168.121994018555
21
143.785003662109
31
0.0
39
0.0
210
0.0
220
0.0
230
1.0
0
LINE
5
257
330
17
100
AcDbEntity
67
0
8
0
62
256
6
ByLayer
370
-1
48
1.0
60
0
100
AcDbLine
10
168.121994018555
20
143.785003662109
30
0.0
11
168.121994018555
21
145.535003662109
31
0.0
39
0.0
210
0.0
220
0.0
230
1.0
0
LINE
5
258
330
17
100
AcDbEntity
67
0
8
0
62
256
6
ByLayer
370
-1
48
1.0
60
0
100
AcDbLine
10
168.121994018555
20
145.535003662109
30
0.0
11
169.636993408203
21
146.410003662109
31
0.0
39
0.0
210
0.0
220
0.0
230
1.0
0
LINE
5
259
330
17
100
AcDbEntity
67
0
8
0
62
256
6
ByLayer
370
-1
48
1.0
60
0
100
AcDbLine
10
169.636993408203
20
146.410003662109
30
0.0
11
171.15299987793
21
145.535003662109
31
0.0
39
0.0
210
0.0
220
0.0
230
1.0
0
LINE
5
25A
330
17
100
AcDbEntity
67
0
8
0
62
256
6
ByLayer
370
-1
48
1.0
60
0
100
AcDbLine
10
171.15299987793
20
145.535003662109
30
0.0
11
171.15299987793
21
143.785003662109
31
0.0
39
0.0
210
0.0
220
0.0
230
1.0
0
LINE
5
25B
330
17
100
AcDbEntity
67
0
8
0
62
256
6
ByLayer
370
-1
48
1.0
60
0
100
AcDbLine
10
174.684005737305
20
143.785003662109
30
0.0
11
173.167999267578
21
142.910003662109
31
0.0
39
0.0
210
0.0
220
0.0
230
1.0
0
LINE
5
25C
330
17
100
AcDbEntity
67
0
8
0
62
256
6
ByLayer
370
-1
48
1.0
60
0
100
AcDbLine
10
173.167999267578
20
142.910003662109
30
0.0
11
171.65299987793
21
143.785003662109
31
0.0
39
0.0
210
0.0
220
0.0
230
1.0
0
LINE
5
25D
330
17
100
AcDbEntity
67
0
8
0
62
256
6
ByLayer
370
-1
48
1.0
60
0
100
AcDbLine
10
171.65299987793
20
143.785003662109
30
0.0
11
171.65299987793
21
145.535003662109
31
0.0
39
0.0
210
0.0
220
0.0
230
1.0
0
LINE
5
25E
330
17
100
AcDbEntity
67
0
8
0
62
256
6
ByLayer
370
-1
48
1.0
60
0
100
AcDbLine
10
171.65299987793
20
145.535003662109
30
0.0
11
173.167999267578
21
146.410003662109
31
0.0
39
0.0
210
0.0
220
0.0
230
1.0
0
LINE
5
25F
330
17
100
AcDbEntity
67
0
8
0
62
256
6
ByLayer
370
-1
48
1.0
60
0
100
AcDbLine
10
173.167999267578
20
146.410003662109
30
0.0
11
174.684005737305
21
145.535003662109
31
0.0
39
0.0
210
0.0
220
0.0
230
1.0
0
LINE
5
260
330
17
100
AcDbEntity
67
0
8
0
62
256
6
ByLayer
370
-1
48
1.0
60
0
100
AcDbLine
10
174.684005737305
20
145.535003662109
30
0.0
11
174.684005737305
21
143.785003662109
31
0.0
39
0.0
210
0.0
220
0.0
230
1.0
0
LINE
5
261
330
17
100
AcDbEntity
67
0
8
0
62
256
6
ByLayer
370
-1
48
1.0
60
0
100
AcDbLine
10
178.214996337891
20
143.785003662109
30
0.0
11
176.699005126953
21
142.910003662109
31
0.0
39
0.0
210
0.0
220
0.0
230
1.0
0
LINE
5
262
330
17
100
AcDbEntity
67
0
8
0
62
256
6
ByLayer
370
-1
48
1.0
60
0
100
AcDbLine
10
176.699005126953
20
142.910003662109
30
0.0
11
175.184005737305
21
143.785003662109
31
0.0
39
0.0
210
0.0
220
0.0
230
1.0
0
LINE
5
263
330
17
100
AcDbEntity
67
0
8
0
62
256
6
ByLayer
370
-1
48
1.0
60
0
100
AcDbLine
10
175.184005737305
20
143.785003662109
30
0.0
11
175.184005737305
21
145.535003662109
31
0.0
39
0.0
210
0.0
220
0.0
230
1.0
0
LINE
5
264
330
17
100
AcDbEntity
67
0
8
0
62
256
6
ByLayer
370
-1
48
1.0
60
0
100
AcDbLine
10
175.184005737305
20
145.535003662109
30
0.0
11
176.699005126953
21
146.410003662109
31
0.0
39
0.0
210
0.0
220
0.0
230
1.0
0
LINE
5
265
330
17
100
AcDbEntity
67
0
8
0
62
256
6
ByLayer
370
-1
48
1.0
60
0
100
AcDbLine
10
176.699005126953
20
146.410003662109
30
0.0
11
178.214996337891
21
145.535003662109
31
0.0
39
0.0
210
0.0
220
0.0
230
1.0
0
LINE
5
266
330
17
100
AcDbEntity
67
0
8
0
62
256
6
ByLayer
370
-1
48
1.0
60
0
100
AcDbLine
10
178.214996337891
20
145.535003662109
30
0.0
11
178.214996337891
21
143.785003662109
31
0.0
39
0.0
210
0.0
220
0.0
230
1.0
0
LINE
5
267
330
17
100
AcDbEntity
67
0
8
0
62
256
6
ByLayer
370
-1
48
1.0
60
0
100
AcDbLine
10
181.746002197266
20
143.785003662109
30
0.0
11
180.229995727539
21
142.910003662109
31
0.0
39
0.0
210
0.0
220
0.0
230
1.0
0
LINE
5
268
330
17
100
AcDbEntity
67
0
8
0
62
256
6
ByLayer
370
-1
48
1.0
60
0
100
AcDbLine
10
180.229995727539
20
142.910003662109
30
0.0
11
178.714996337891
21
143.785003662109
31
0.0
39
0.0
210
0.0
220
0.0
230
1.0
0
LINE
5
269
330
17
100
AcDbEntity
67
0
8
0
62
256
6
ByLayer
370
-1
48
1.0
60
0
100
AcDbLine
10
178.714996337891
20
143.785003662109
30
0.0
11
178.714996337891
21
145.535003662109
31
0.0
39
0.0
210
0.0
220
0.0
230
1.0
0
LINE
5
26A
330
17
100
AcDbEntity
67
0
8
0
62
256
6
ByLayer
370
-1
48
1.0
60
0
100
AcDbLine
10
178.714996337891
20
145.535003662109
30
0.0
11
180.229995727539
21
146.410003662109
31
0.0
39
0.0
210
0.0
220
0.0
230
1.0
0
LINE
5
26B
330
17
100
AcDbEntity
67
0
8
0
62
256
6
ByLayer
370
-1
48
1.0
60
0
100
AcDbLine
10
180.229995727539
20
146.410003662109
30
0.0
11
181.746002197266
21
145.535003662109
31
0.0
39
0.0
210
0.0
220
0.0
230
1.0
0
LINE
5
26C
330
17
100
AcDbEntity
67
0
8
0
62
256
6
ByLayer
370
-1
48
1.0
60
0
100
AcDbLine
10
181.746002197266
20
145.535003662109
30
0.0
11
181.746002197266
21
143.785003662109
31
0.0
39
0.0
210
0.0
220
0.0
230
1.0
0
LINE
5
26D
330
17
100
AcDbEntity
67
0
8
0
62
256
6
ByLayer
370
-1
48
1.0
60
0
100
AcDbLine
10
185.276992797852
20
143.785003662109
30
0.0
11
183.761993408203
21
142.910003662109
31
0.0
39
0.0
210
0.0
220
0.0
230
1.0
0
LINE
5
26E
330
17
100
AcDbEntity
67
0
8
0
62
256
6
ByLayer
370
-1
48
1.0
60
0
100
AcDbLine
10
183.761993408203
20
142.910003662109
30
0.0
11
182.246002197266
21
143.785003662109
31
0.0
39
0.0
210
0.0
220
0.0
230
1.0
0
LINE
5
26F
330
17
100
AcDbEntity
67
0
8
0
62
256
6
ByLayer
370
-1
48
1.0
60
0
100
AcDbLine
10
182.246002197266
20
143.785003662109
30
0.0
11
182.246002197266
21
145.535003662109
31
0.0
39
0.0
210
0.0
220
0.0
230
1.0
0
LINE
5
270
330
17
100
AcDbEntity
67
0
8
0
62
256
6
ByLayer
370
-1
48
1.0
60
0
100
AcDbLine
10
182.246002197266
20
145.535003662109
30
0.0
11
183.761993408203
21
146.410003662109
31
0.0
39
0.0
210
0.0
220
0.0
230
1.0
0
LINE
5
271
330
17
100
AcDbEntity
67
0
8
0
62
256
6
ByLayer
370
-1
48
1.0
60
0
100
AcDbLine
10
183.761993408203
20
146.410003662109
30
0.0
11
185.276992797852
21
145.535003662109
31
0.0
39
0.0
210
0.0
220
0.0
230
1.0
0
LINE
5
272
330
17
100
AcDbEntity
67
0
8
0
62
256
6
ByLayer
370
-1
48
1.0
60
0
100
AcDbLine
10
185.276992797852
20
145.535003662109
30
0.0
11
185.276992797852
21
143.785003662109
31
0.0
39
0.0
210
0.0
220
0.0
230
1.0
0
LINE
5
273
330
17
100
AcDbEntity
67
0
8
0
62
256
6
ByLayer
370
-1
48
1.0
60
0
100
AcDbLine
10
188.054992675781
20
145.970001220703
30
0.0
11
187.292999267578
21
146.410003662109
31
0.0
39
0.0
210
0.0
220
0.0
230
1.0
0
LINE
5
274
330
17
100
AcDbEntity
67
0
8
0
62
256
6
ByLayer
370
-1
48
1.0
60
0
100
AcDbLine
10
187.292999267578
20
146.410003662109
30
0.0
11
185.776992797852
21
145.535003662109
31
0.0
39
0.0
210
0.0
220
0.0
230
1.0
0
LINE
5
275
330
17
100
AcDbEntity
67
0
8
0
62
256
6
ByLayer
370
-1
48
1.0
60
0
100
AcDbLine
10
185.776992797852
20
145.535003662109
30
0.0
11
185.776992797852
21
143.785003662109
31
0.0
39
0.0
210
0.0
220
0.0
230
1.0
0
LINE
5
276
330
17
100
AcDbEntity
67
0
8
0
62
256
6
ByLayer
370
-1
48
1.0
60
0
100
AcDbLine
10
185.776992797852
20
143.785003662109
30
0.0
11
186.755996704102
21
143.220001220703
31
0.0
39
0.0
210
0.0
220
0.0
230
1.0
0
LINE
5
277
330
17
100
AcDbEntity
67
0
8
0
62
256
6
ByLayer
370
-1
48
1.0
60
0
100
AcDbLine
10
186.755996704102
20
143.220001220703
30
0.0
11
188.054992675781
21
145.970001220703
31
0.0
39
0.0
210
0.0
220
0.0
230
1.0
0
LINE
5
278
330
17
100
AcDbEntity
67
0
8
0
62
256
6
ByLayer
370
-1
48
1.0
60
0
100
AcDbLine
10
141.138000488281
20
142.160003662109
30
0.0
11
141.067001342773
21
141.869995117188
31
0.0
39
0.0
210
0.0
220
0.0
230
1.0
0
LINE
5
279
330
17
100
AcDbEntity
67
0
8
0
62
256
6
ByLayer
370
-1
48
1.0
60
0
100
AcDbLine
10
141.067001342773
20
141.869995117188
30
0.0
11
141.033996582031
21
141.481994628906
31
0.0
39
0.0
210
0.0
220
0.0
230
1.0
0
LINE
5
27A
330
17
100
AcDbEntity
67
0
8
0
62
256
6
ByLayer
370
-1
48
1.0
60
0
100
AcDbLine
10
141.033996582031
20
141.481994628906
30
0.0
11
141.039993286133
21
141.285003662109
31
0.0
39
0.0
210
0.0
220
0.0
230
1.0
0
LINE
5
27B
330
17
100
AcDbEntity
67
0
8
0
62
256
6
ByLayer
370
-1
48
1.0
60
0
100
AcDbLine
10
141.039993286133
20
141.285003662109
30
0.0
11
141.087005615234
21
140.889999389648
31
0.0
39
0.0
210
0.0
220
0.0
230
1.0
0
LINE
5
27C
330
17
100
AcDbEntity
67
0
8
0
62
256
6
ByLayer
370
-1
48
1.0
60
0
100
AcDbLine
10
141.087005615234
20
140.889999389648
30
0.0
11
141.130996704102
21
140.72200012207
31
0.0
39
0.0
210
0.0
220
0.0
230
1.0
0
LINE
5
27D
330
17
100
AcDbEntity
67
0
8
0
62
256
6
ByLayer
370
-1
48
1.0
60
0
100
AcDbLine
10
141.130996704102
20
140.72200012207
30
0.0
11
141.138000488281
21
142.160003662109
31
0.0
39
0.0
210
0.0
220
0.0
230
1.0
0
LINE
5
27E
330
17
100
AcDbEntity
67
0
8
0
62
256
6
ByLayer
370
-1
48
1.0
60
0
100
AcDbLine
10
144.669998168945
20
140.727005004883
30
0.0
11
143.154006958008
21
139.852005004883
31
0.0
39
0.0
210
0.0
220
0.0
230
1.0
0
LINE
5
27F
330
17
100
AcDbEntity
67
0
8
0
62
256
6
ByLayer
370
-1
48
1.0
60
0
100
AcDbLine
10
143.154006958008
20
139.852005004883
30
0.0
11
141.638000488281
21
140.727005004883
31
0.0
39
0.0
210
0.0
220
0.0
230
1.0
0
LINE
5
280
330
17
100
AcDbEntity
67
0
8
0
62
256
6
ByLayer
370
-1
48
1.0
60
0
100
AcDbLine
10
141.638000488281
20
140.727005004883
30
0.0
11
141.638000488281
21
142.477005004883
31
0.0
39
0.0
210
0.0
220
0.0
230
1.0
0
LINE
5
281
330
17
100
AcDbEntity
67
0
8
0
62
256
6
ByLayer
370
-1
48
1.0
60
0
100
AcDbLine
10
141.638000488281
20
142.477005004883
30
0.0
11
143.154006958008
21
143.352005004883
31
0.0
39
0.0
210
0.0
220
0.0
230
1.0
0
LINE
5
282
330
17
100
AcDbEntity
67
0
8
0
62
256
6
ByLayer
370
-1
48
1.0
60
0
100
AcDbLine
10
143.154006958008
20
143.352005004883
30
0.0
11
144.669998168945
21
142.477005004883
31
0.0
39
0.0
210
0.0
220
0.0
230
1.0
0
LINE
5
283
330
17
100
AcDbEntity
67
0
8
0
62
256
6
ByLayer
370
-1
48
1.0
60
0
100
AcDbLine
10
144.669998168945
20
142.477005004883
30
0.0
11
144.669998168945
21
140.727005004883
31
0.0
39
0.0
210
0.0
220
0.0
230
1.0
0
LINE
5
284
330
17
100
AcDbEntity
67
0
8
0
62
256
6
ByLayer
370
-1
48
1.0
60
0
100
AcDbLine
10
148.20100402832
20
140.727005004883
30
0.0
11
146.684997558594
21
139.852005004883
31
0.0
39
0.0
210
0.0
220
0.0
230
1.0
0
LINE
5
285
330
17
100
AcDbEntity
67
0
8
0
62
256
6
ByLayer
370
-1
48
1.0
60
0
100
AcDbLine
10
146.684997558594
20
139.852005004883
30
0.0
11
145.169998168945
21
140.727005004883
31
0.0
39
0.0
210
0.0
220
0.0
230
1.0
0
LINE
5
286
330
17
100
AcDbEntity
67
0
8
0
62
256
6
ByLayer
370
-1
48
1.0
60
0
100
AcDbLine
10
145.169998168945
20
140.727005004883
30
0.0
11
145.169998168945
21
142.477005004883
31
0.0
39
0.0
210
0.0
220
0.0
230
1.0
0
LINE
5
287
330
17
100
AcDbEntity
67
0
8
0
62
256
6
ByLayer
370
-1
48
1.0
60
0
100
AcDbLine
10
145.169998168945
20
142.477005004883
30
0.0
11
146.684997558594
21
143.352005004883
31
0.0
39
0.0
210
0.0
220
0.0
230
1.0
0
LINE
5
288
330
17
100
AcDbEntity
67
0
8
0
62
256
6
ByLayer
370
-1
48
1.0
60
0
100
AcDbLine
10
146.684997558594
20
143.352005004883
30
0.0
11
148.20100402832
21
142.477005004883
31
0.0
39
0.0
210
0.0
220
0.0
230
1.0
0
LINE
5
289
330
17
100
AcDbEntity
67
0
8
0
62
256
6
ByLayer
370
-1
48
1.0
60
0
100
AcDbLine
10
148.20100402832
20
142.477005004883
30
0.0
11
148.20100402832
21
140.727005004883
31
0.0
39
0.0
210
0.0
220
0.0
230
1.0
0
LINE
5
28A
330
17
100
AcDbEntity
67
0
8
0
62
256
6
ByLayer
370
-1
48
1.0
60
0
100
AcDbLine
10
151.731994628906
20
140.727005004883
30
0.0
11
150.216003417969
21
139.852005004883
31
0.0
39
0.0
210
0.0
220
0.0
230
1.0
0
LINE
5
28B
330
17
100
AcDbEntity
67
0
8
0
62
256
6
ByLayer
370
-1
48
1.0
60
0
100
AcDbLine
10
150.216003417969
20
139.852005004883
30
0.0
11
148.70100402832
21
140.727005004883
31
0.0
39
0.0
210
0.0
220
0.0
230
1.0
0
LINE
5
28C
330
17
100
AcDbEntity
67
0
8
0
62
256
6
ByLayer
370
-1
48
1.0
60
0
100
AcDbLine
10
148.70100402832
20
140.727005004883
30
0.0
11
148.70100402832
21
142.477005004883
31
0.0
39
0.0
210
0.0
220
0.0
230
1.0
0
LINE
5
28D
330
17
100
AcDbEntity
67
0
8
0
62
256
6
ByLayer
370
-1
48
1.0
60
0
100
AcDbLine
10
148.70100402832
20
142.477005004883
30
0.0
11
150.216003417969
21
143.352005004883
31
0.0
39
0.0
210
0.0
220
0.0
230
1.0
0
LINE
5
28E
330
17
100
AcDbEntity
67
0
8
0
62
256
6
ByLayer
370
-1
48
1.0
60
0
100
AcDbLine
10
150.216003417969
20
143.352005004883
30
0.0
11
151.731994628906
21
142.477005004883
31
0.0
39
0.0
210
0.0
220
0.0
230
1.0
0
LINE
5
28F
330
17
100
AcDbEntity
67
0
8
0
62
256
6
ByLayer
370
-1
48
1.0
60
0
100
AcDbLine
10
151.731994628906
20
142.477005004883
30
0.0
11
151.731994628906
21
140.727005004883
31
0.0
39
0.0
210
0.0
220
0.0
230
1.0
0
LINE
5
290
330
17
100
AcDbEntity
67
0
8
0
62
256
6
ByLayer
370
-1
48
1.0
60
0
100
AcDbLine
10
155.263000488281
20
140.727005004883
30
0.0
11
153.746994018555
21
139.852005004883
31
0.0
39
0.0
210
0.0
220
0.0
230
1.0
0
LINE
5
291
330
17
100
AcDbEntity
67
0
8
0
62
256
6
ByLayer
370
-1
48
1.0
60
0
100
AcDbLine
10
153.746994018555
20
139.852005004883
30
0.0
11
152.231994628906
21
140.727005004883
31
0.0
39
0.0
210
0.0
220
0.0
230
1.0
0
LINE
5
292
330
17
100
AcDbEntity
67
0
8
0
62
256
6
ByLayer
370
-1
48
1.0
60
0
100
AcDbLine
10
152.231994628906
20
140.727005004883
30
0.0
11
152.231994628906
21
142.477005004883
31
0.0
39
0.0
210
0.0
220
0.0
230
1.0
0
LINE
5
293
330
17
100
AcDbEntity
67
0
8
0
62
256
6
ByLayer
370
-1
48
1.0
60
0
100
AcDbLine
10
152.231994628906
20
142.477005004883
30
0.0
11
153.746994018555
21
143.352005004883
31
0.0
39
0.0
210
0.0
220
0.0
230
1.0
0
LINE
5
294
330
17
100
AcDbEntity
67
0
8
0
62
256
6
ByLayer
370
-1
48
1.0
60
0
100
AcDbLine
10
153.746994018555
20
143.352005004883
30
0.0
11
155.263000488281
21
142.477005004883
31
0.0
39
0.0
210
0.0
220
0.0
230
1.0
0
LINE
5
295
330
17
100
AcDbEntity
67
0
8
0
62
256
6
ByLayer
370
-1
48
1.0
60
0
100
AcDbLine
10
155.263000488281
20
142.477005004883
30
0.0
11
155.263000488281
21
140.727005004883
31
0.0
39
0.0
210
0.0
220
0.0
230
1.0
0
LINE
5
296
330
17
100
AcDbEntity
67
0
8
0
62
256
6
ByLayer
370
-1
48
1.0
60
0
100
AcDbLine
10
158.794006347656
20
140.727005004883
30
0.0
11
157.27799987793
21
139.852005004883
31
0.0
39
0.0
210
0.0
220
0.0
230
1.0
0
LINE
5
297
330
17
100
AcDbEntity
67
0
8
0
62
256
6
ByLayer
370
-1
48
1.0
60
0
100
AcDbLine
10
157.27799987793
20
139.852005004883
30
0.0
11
155.763000488281
21
140.727005004883
31
0.0
39
0.0
210
0.0
220
0.0
230
1.0
0
LINE
5
298
330
17
100
AcDbEntity
67
0
8
0
62
256
6
ByLayer
370
-1
48
1.0
60
0
100
AcDbLine
10
155.763000488281
20
140.727005004883
30
0.0
11
155.763000488281
21
142.477005004883
31
0.0
39
0.0
210
0.0
220
0.0
230
1.0
0
LINE
5
299
330
17
100
AcDbEntity
67
0
8
0
62
256
6
ByLayer
370
-1
48
1.0
60
0
100
AcDbLine
10
155.763000488281
20
142.477005004883
30
0.0
11
157.27799987793
21
143.352005004883
31
0.0
39
0.0
210
0.0
220
0.0
230
1.0
0
LINE
5
29A
330
17
100
AcDbEntity
67
0
8
0
62
256
6
ByLayer
370
-1
48
1.0
60
0
100
AcDbLine
10
157.27799987793
20
143.352005004883
30
0.0
11
158.794006347656
21
142.477005004883
31
0.0
39
0.0
210
0.0
220
0.0
230
1.0
0
LINE
5
29B
330
17
100
AcDbEntity
67
0
8
0
62
256
6
ByLayer
370
-1
48
1.0
60
0
100
AcDbLine
10
158.794006347656
20
142.477005004883
30
0.0
11
158.794006347656
21
140.727005004883
31
0.0
39
0.0
210
0.0
220
0.0
230
1.0
0
LINE
5
29C
330
17
100
AcDbEntity
67
0
8
0
62
256
6
ByLayer
370
-1
48
1.0
60
0
100
AcDbLine
10
162.324996948242
20
140.727005004883
30
0.0
11
160.809005737305
21
139.852005004883
31
0.0
39
0.0
210
0.0
220
0.0
230
1.0
0
LINE
5
29D
330
17
100
AcDbEntity
67
0
8
0
62
256
6
ByLayer
370
-1
48
1.0
60
0
100
AcDbLine
10
160.809005737305
20
139.852005004883
30
0.0
11
159.294006347656
21
140.727005004883
31
0.0
39
0.0
210
0.0
220
0.0
230
1.0
0
LINE
5
29E
330
17
100
AcDbEntity
67
0
8
0
62
256
6
ByLayer
370
-1
48
1.0
60
0
100
AcDbLine
10
159.294006347656
20
140.727005004883
30
0.0
11
159.294006347656
21
142.477005004883
31
0.0
39
0.0
210
0.0
220
0.0
230
1.0
0
LINE
5
29F
330
17
100
AcDbEntity
67
0
8
0
62
256
6
ByLayer
370
-1
48
1.0
60
0
100
AcDbLine
10
159.294006347656
20
142.477005004883
30
0.0
11
160.809005737305
21
143.352005004883
31
0.0
39
0.0
210
0.0
220
0.0
230
1.0
0
LINE
5
2A0
330
17
100
AcDbEntity
67
0
8
0
62
256
6
ByLayer
370
-1
48
1.0
60
0
100
AcDbLine
10
160.809005737305
20
143.352005004883
30
0.0
11
162.324996948242
21
142.477005004883
31
0.0
39
0.0
210
0.0
220
0.0
230
1.0
0
LINE
5
2A1
330
17
100
AcDbEntity
67
0
8
0
62
256
6
ByLayer
370
-1
48
1.0
60
0
100
AcDbLine
10
162.324996948242
20
142.477005004883
30
0.0
11
162.324996948242
21
140.727005004883
31
0.0
39
0.0
210
0.0
220
0.0
230
1.0
0
LINE
5
2A2
330
17
100
AcDbEntity
67
0
8
0
62
256
6
ByLayer
370
-1
48
1.0
60
0
100
AcDbLine
10
165.856002807617
20
140.727005004883
30
0.0
11
164.341003417969
21
139.852005004883
31
0.0
39
0.0
210
0.0
220
0.0
230
1.0
0
LINE
5
2A3
330
17
100
AcDbEntity
67
0
8
0
62
256
6
ByLayer
370
-1
48
1.0
60
0
100
AcDbLine
10
164.341003417969
20
139.852005004883
30
0.0
11
162.824996948242
21
140.727005004883
31
0.0
39
0.0
210
0.0
220
0.0
230
1.0
0
LINE
5
2A4
330
17
100
AcDbEntity
67
0
8
0
62
256
6
ByLayer
370
-1
48
1.0
60
0
100
AcDbLine
10
162.824996948242
20
140.727005004883
30
0.0
11
162.824996948242
21
142.477005004883
31
0.0
39
0.0
210
0.0
220
0.0
230
1.0
0
LINE
5
2A5
330
17
100
AcDbEntity
67
0
8
0
62
256
6
ByLayer
370
-1
48
1.0
60
0
100
AcDbLine
10
162.824996948242
20
142.477005004883
30
0.0
11
164.341003417969
21
143.352005004883
31
0.0
39
0.0
210
0.0
220
0.0
230
1.0
0
LINE
5
2A6
330
17
100
AcDbEntity
67
0
8
0
62
256
6
ByLayer
370
-1
48
1.0
60
0
100
AcDbLine
10
164.341003417969
20
143.352005004883
30
0.0
11
165.856002807617
21
142.477005004883
31
0.0
39
0.0
210
0.0
220
0.0
230
1.0
0
LINE
5
2A7
330
17
100
AcDbEntity
67
0
8
0
62
256
6
ByLayer
370
-1
48
1.0
60
0
100
AcDbLine
10
165.856002807617
20
142.477005004883
30
0.0
11
165.856002807617
21
140.727005004883
31
0.0
39
0.0
210
0.0
220
0.0
230
1.0
0
LINE
5
2A8
330
17
100
AcDbEntity
67
0
8
0
62
256
6
ByLayer
370
-1
48
1.0
60
0
100
AcDbLine
10
169.386993408203
20
140.727005004883
30
0.0
11
167.871994018555
21
139.852005004883
31
0.0
39
0.0
210
0.0
220
0.0
230
1.0
0
LINE
5
2A9
330
17
100
AcDbEntity
67
0
8
0
62
256
6
ByLayer
370
-1
48
1.0
60
0
100
AcDbLine
10
167.871994018555
20
139.852005004883
30
0.0
11
166.356002807617
21
140.727005004883
31
0.0
39
0.0
210
0.0
220
0.0
230
1.0
0
LINE
5
2AA
330
17
100
AcDbEntity
67
0
8
0
62
256
6
ByLayer
370
-1
48
1.0
60
0
100
AcDbLine
10
166.356002807617
20
140.727005004883
30
0.0
11
166.356002807617
21
142.477005004883
31
0.0
39
0.0
210
0.0
220
0.0
230
1.0
0
LINE
5
2AB
330
17
100
AcDbEntity
67
0
8
0
62
256
6
ByLayer
370
-1
48
1.0
60
0
100
AcDbLine
10
166.356002807617
20
142.477005004883
30
0.0
11
167.871994018555
21
143.352005004883
31
0.0
39
0.0
210
0.0
220
0.0
230
1.0
0
LINE
5
2AC
330
17
100
AcDbEntity
67
0
8
0
62
256
6
ByLayer
370
-1
48
1.0
60
0
100
AcDbLine
10
167.871994018555
20
143.352005004883
30
0.0
11
169.386993408203
21
142.477005004883
31
0.0
39
0.0
210
0.0
220
0.0
230
1.0
0
LINE
5
2AD
330
17
100
AcDbEntity
67
0
8
0
62
256
6
ByLayer
370
-1
48
1.0
60
0
100
AcDbLine
10
169.386993408203
20
142.477005004883
30
0.0
11
169.386993408203
21
140.727005004883
31
0.0
39
0.0
210
0.0
220
0.0
230
1.0
0
LINE
5
2AE
330
17
100
AcDbEntity
67
0
8
0
62
256
6
ByLayer
370
-1
48
1.0
60
0
100
AcDbLine
10
172.917999267578
20
140.727005004883
30
0.0
11
171.40299987793
21
139.852005004883
31
0.0
39
0.0
210
0.0
220
0.0
230
1.0
0
LINE
5
2AF
330
17
100
AcDbEntity
67
0
8
0
62
256
6
ByLayer
370
-1
48
1.0
60
0
100
AcDbLine
10
171.40299987793
20
139.852005004883
30
0.0
11
169.886993408203
21
140.727005004883
31
0.0
39
0.0
210
0.0
220
0.0
230
1.0
0
LINE
5
2B0
330
17
100
AcDbEntity
67
0
8
0
62
256
6
ByLayer
370
-1
48
1.0
60
0
100
AcDbLine
10
169.886993408203
20
140.727005004883
30
0.0
11
169.886993408203
21
142.477005004883
31
0.0
39
0.0
210
0.0
220
0.0
230
1.0
0
LINE
5
2B1
330
17
100
AcDbEntity
67
0
8
0
62
256
6
ByLayer
370
-1
48
1.0
60
0
100
AcDbLine
10
169.886993408203
20
142.477005004883
30
0.0
11
171.40299987793
21
143.352005004883
31
0.0
39
0.0
210
0.0
220
0.0
230
1.0
0
LINE
5
2B2
330
17
100
AcDbEntity
67
0
8
0
62
256
6
ByLayer
370
-1
48
1.0
60
0
100
AcDbLine
10
171.40299987793
20
143.352005004883
30
0.0
11
172.917999267578
21
142.477005004883
31
0.0
39
0.0
210
0.0
220
0.0
230
1.0
0
LINE
5
2B3
330
17
100
AcDbEntity
67
0
8
0
62
256
6
ByLayer
370
-1
48
1.0
60
0
100
AcDbLine
10
172.917999267578
20
142.477005004883
30
0.0
11
172.917999267578
21
140.727005004883
31
0.0
39
0.0
210
0.0
220
0.0
230
1.0
0
LINE
5
2B4
330
17
100
AcDbEntity
67
0
8
0
62
256
6
ByLayer
370
-1
48
1.0
60
0
100
AcDbLine
10
176.449005126953
20
140.727005004883
30
0.0
11
174.934005737305
21
139.852005004883
31
0.0
39
0.0
210
0.0
220
0.0
230
1.0
0
LINE
5
2B5
330
17
100
AcDbEntity
67
0
8
0
62
256
6
ByLayer
370
-1
48
1.0
60
0
100
AcDbLine
10
174.934005737305
20
139.852005004883
30
0.0
11
173.417999267578
21
140.727005004883
31
0.0
39
0.0
210
0.0
220
0.0
230
1.0
0
LINE
5
2B6
330
17
100
AcDbEntity
67
0
8
0
62
256
6
ByLayer
370
-1
48
1.0
60
0
100
AcDbLine
10
173.417999267578
20
140.727005004883
30
0.0
11
173.417999267578
21
142.477005004883
31
0.0
39
0.0
210
0.0
220
0.0
230
1.0
0
LINE
5
2B7
330
17
100
AcDbEntity
67
0
8
0
62
256
6
ByLayer
370
-1
48
1.0
60
0
100
AcDbLine
10
173.417999267578
20
142.477005004883
30
0.0
11
174.934005737305
21
143.352005004883
31
0.0
39
0.0
210
0.0
220
0.0
230
1.0
0
LINE
5
2B8
330
17
100
AcDbEntity
67
0
8
0
62
256
6
ByLayer
370
-1
48
1.0
60
0
100
AcDbLine
10
174.934005737305
20
143.352005004883
30
0.0
11
176.449005126953
21
142.477005004883
31
0.0
39
0.0
210
0.0
220
0.0
230
1.0
0
LINE
5
2B9
330
17
100
AcDbEntity
67
0
8
0
62
256
6
ByLayer
370
-1
48
1.0
60
0
100
AcDbLine
10
176.449005126953
20
142.477005004883
30
0.0
11
176.449005126953
21
140.727005004883
31
0.0
39
0.0
210
0.0
220
0.0
230
1.0
0
LINE
5
2BA
330
17
100
AcDbEntity
67
0
8
0
62
256
6
ByLayer
370
-1
48
1.0
60
0
100
AcDbLine
10
179.979995727539
20
140.727005004883
30
0.0
11
178.464996337891
21
139.852005004883
31
0.0
39
0.0
210
0.0
220
0.0
230
1.0
0
LINE
5
2BB
330
17
100
AcDbEntity
67
0
8
0
62
256
6
ByLayer
370
-1
48
1.0
60
0
100
AcDbLine
10
178.464996337891
20
139.852005004883
30
0.0
11
176.949005126953
21
140.727005004883
31
0.0
39
0.0
210
0.0
220
0.0
230
1.0
0
LINE
5
2BC
330
17
100
AcDbEntity
67
0
8
0
62
256
6
ByLayer
370
-1
48
1.0
60
0
100
AcDbLine
10
176.949005126953
20
140.727005004883
30
0.0
11
176.949005126953
21
142.477005004883
31
0.0
39
0.0
210
0.0
220
0.0
230
1.0
0
LINE
5
2BD
330
17
100
AcDbEntity
67
0
8
0
62
256
6
ByLayer
370
-1
48
1.0
60
0
100
AcDbLine
10
176.949005126953
20
142.477005004883
30
0.0
11
178.464996337891
21
143.352005004883
31
0.0
39
0.0
210
0.0
220
0.0
230
1.0
0
LINE
5
2BE
330
17
100
AcDbEntity
67
0
8
0
62
256
6
ByLayer
370
-1
48
1.0
60
0
100
AcDbLine
10
178.464996337891
20
143.352005004883
30
0.0
11
179.979995727539
21
142.477005004883
31
0.0
39
0.0
210
0.0
220
0.0
230
1.0
0
LINE
5
2BF
330
17
100
AcDbEntity
67
0
8
0
62
256
6
ByLayer
370
-1
48
1.0
60
0
100
AcDbLine
10
179.979995727539
20
142.477005004883
30
0.0
11
179.979995727539
21
140.727005004883
31
0.0
39
0.0
210
0.0
220
0.0
230
1.0
0
LINE
5
2C0
330
17
100
AcDbEntity
67
0
8
0
62
256
6
ByLayer
370
-1
48
1.0
60
0
100
AcDbLine
10
183.511993408203
20
140.727005004883
30
0.0
11
181.996002197266
21
139.852005004883
31
0.0
39
0.0
210
0.0
220
0.0
230
1.0
0
LINE
5
2C1
330
17
100
AcDbEntity
67
0
8
0
62
256
6
ByLayer
370
-1
48
1.0
60
0
100
AcDbLine
10
181.996002197266
20
139.852005004883
30
0.0
11
180.479995727539
21
140.727005004883
31
0.0
39
0.0
210
0.0
220
0.0
230
1.0
0
LINE
5
2C2
330
17
100
AcDbEntity
67
0
8
0
62
256
6
ByLayer
370
-1
48
1.0
60
0
100
AcDbLine
10
180.479995727539
20
140.727005004883
30
0.0
11
180.479995727539
21
142.477005004883
31
0.0
39
0.0
210
0.0
220
0.0
230
1.0
0
LINE
5
2C3
330
17
100
AcDbEntity
67
0
8
0
62
256
6
ByLayer
370
-1
48
1.0
60
0
100
AcDbLine
10
180.479995727539
20
142.477005004883
30
0.0
11
181.996002197266
21
143.352005004883
31
0.0
39
0.0
210
0.0
220
0.0
230
1.0
0
LINE
5
2C4
330
17
100
AcDbEntity
67
0
8
0
62
256
6
ByLayer
370
-1
48
1.0
60
0
100
AcDbLine
10
181.996002197266
20
143.352005004883
30
0.0
11
183.511993408203
21
142.477005004883
31
0.0
39
0.0
210
0.0
220
0.0
230
1.0
0
LINE
5
2C5
330
17
100
AcDbEntity
67
0
8
0
62
256
6
ByLayer
370
-1
48
1.0
60
0
100
AcDbLine
10
183.511993408203
20
142.477005004883
30
0.0
11
183.511993408203
21
140.727005004883
31
0.0
39
0.0
210
0.0
220
0.0
230
1.0
0
LINE
5
2C6
330
17
100
AcDbEntity
67
0
8
0
62
256
6
ByLayer
370
-1
48
1.0
60
0
100
AcDbLine
10
186.541000366211
20
142.766006469727
30
0.0
11
185.526992797852
21
143.352005004883
31
0.0
39
0.0
210
0.0
220
0.0
230
1.0
0
LINE
5
2C7
330
17
100
AcDbEntity
67
0
8
0
62
256
6
ByLayer
370
-1
48
1.0
60
0
100
AcDbLine
10
185.526992797852
20
143.352005004883
30
0.0
11
184.011993408203
21
142.477005004883
31
0.0
39
0.0
210
0.0
220
0.0
230
1.0
0
LINE
5
2C8
330
17
100
AcDbEntity
67
0
8
0
62
256
6
ByLayer
370
-1
48
1.0
60
0
100
AcDbLine
10
184.011993408203
20
142.477005004883
30
0.0
11
184.011993408203
21
140.727005004883
31
0.0
39
0.0
210
0.0
220
0.0
230
1.0
0
LINE
5
2C9
330
17
100
AcDbEntity
67
0
8
0
62
256
6
ByLayer
370
-1
48
1.0
60
0
100
AcDbLine
10
184.011993408203
20
140.727005004883
30
0.0
11
185.24299621582
21
140.016006469727
31
0.0
39
0.0
210
0.0
220
0.0
230
1.0
0
LINE
5
2CA
330
17
100
AcDbEntity
67
0
8
0
62
256
6
ByLayer
370
-1
48
1.0
60
0
100
AcDbLine
10
185.24299621582
20
140.016006469727
30
0.0
11
186.541000366211
21
142.766006469727
31
0.0
39
0.0
210
0.0
220
0.0
230
1.0
0
LINE
5
2CB
330
17
100
AcDbEntity
67
0
8
0
62
256
6
ByLayer
370
-1
48
1.0
60
0
100
AcDbLine
10
141.740005493164
20
138.421005249023
30
0.0
11
141.850997924805
21
137.70100402832
31
0.0
39
0.0
210
0.0
220
0.0
230
1.0
0
LINE
5
2CC
330
17
100
AcDbEntity
67
0
8
0
62
256
6
ByLayer
370
-1
48
1.0
60
0
100
AcDbLine
10
141.850997924805
20
137.70100402832
30
0.0
11
141.899002075195
21
137.087997436523
31
0.0
39
0.0
210
0.0
220
0.0
230
1.0
0
LINE
5
2CD
330
17
100
AcDbEntity
67
0
8
0
62
256
6
ByLayer
370
-1
48
1.0
60
0
100
AcDbLine
10
141.899002075195
20
137.087997436523
30
0.0
11
142.904006958008
21
137.669006347656
31
0.0
39
0.0
210
0.0
220
0.0
230
1.0
0
LINE
5
2CE
330
17
100
AcDbEntity
67
0
8
0
62
256
6
ByLayer
370
-1
48
1.0
60
0
100
AcDbLine
10
142.904006958008
20
137.669006347656
30
0.0
11
142.904006958008
21
139.419006347656
31
0.0
39
0.0
210
0.0
220
0.0
230
1.0
0
LINE
5
2CF
330
17
100
AcDbEntity
67
0
8
0
62
256
6
ByLayer
370
-1
48
1.0
60
0
100
AcDbLine
10
142.904006958008
20
139.419006347656
30
0.0
11
141.388000488281
21
140.294006347656
31
0.0
39
0.0
210
0.0
220
0.0
230
1.0
0
LINE
5
2D0
330
17
100
AcDbEntity
67
0
8
0
62
256
6
ByLayer
370
-1
48
1.0
60
0
100
AcDbLine
10
141.388000488281
20
140.294006347656
30
0.0
11
141.264007568359
21
140.22200012207
31
0.0
39
0.0
210
0.0
220
0.0
230
1.0
0
LINE
5
2D1
330
17
100
AcDbEntity
67
0
8
0
62
256
6
ByLayer
370
-1
48
1.0
60
0
100
AcDbLine
10
141.264007568359
20
140.22200012207
30
0.0
11
141.740005493164
21
138.421005249023
31
0.0
39
0.0
210
0.0
220
0.0
230
1.0
0
LINE
5
2D2
330
17
100
AcDbEntity
67
0
8
0
62
256
6
ByLayer
370
-1
48
1.0
60
0
100
AcDbLine
10
146.434997558594
20
137.669006347656
30
0.0
11
144.919998168945
21
136.794006347656
31
0.0
39
0.0
210
0.0
220
0.0
230
1.0
0
LINE
5
2D3
330
17
100
AcDbEntity
67
0
8
0
62
256
6
ByLayer
370
-1
48
1.0
60
0
100
AcDbLine
10
144.919998168945
20
136.794006347656
30
0.0
11
143.404006958008
21
137.669006347656
31
0.0
39
0.0
210
0.0
220
0.0
230
1.0
0
LINE
5
2D4
330
17
100
AcDbEntity
67
0
8
0
62
256
6
ByLayer
370
-1
48
1.0
60
0
100
AcDbLine
10
143.404006958008
20
137.669006347656
30
0.0
11
143.404006958008
21
139.419006347656
31
0.0
39
0.0
210
0.0
220
0.0
230
1.0
0
LINE
5
2D5
330
17
100
AcDbEntity
67
0
8
0
62
256
6
ByLayer
370
-1
48
1.0
60
0
100
AcDbLine
10
143.404006958008
20
139.419006347656
30
0.0
11
144.919998168945
21
140.294006347656
31
0.0
39
0.0
210
0.0
220
0.0
230
1.0
0
LINE
5
2D6
330
17
100
AcDbEntity
67
0
8
0
62
256
6
ByLayer
370
-1
48
1.0
60
0
100
AcDbLine
10
144.919998168945
20
140.294006347656
30
0.0
11
146.434997558594
21
139.419006347656
31
0.0
39
0.0
210
0.0
220
0.0
230
1.0
0
LINE
5
2D7
330
17
100
AcDbEntity
67
0
8
0
62
256
6
ByLayer
370
-1
48
1.0
60
0
100
AcDbLine
10
146.434997558594
20
139.419006347656
30
0.0
11
146.434997558594
21
137.669006347656
31
0.0
39
0.0
210
0.0
220
0.0
230
1.0
0
LINE
5
2D8
330
17
100
AcDbEntity
67
0
8
0
62
256
6
ByLayer
370
-1
48
1.0
60
0
100
AcDbLine
10
149.966003417969
20
137.669006347656
30
0.0
11
148.45100402832
21
136.794006347656
31
0.0
39
0.0
210
0.0
220
0.0
230
1.0
0
LINE
5
2D9
330
17
100
AcDbEntity
67
0
8
0
62
256
6
ByLayer
370
-1
48
1.0
60
0
100
AcDbLine
10
148.45100402832
20
136.794006347656
30
0.0
11
146.934997558594
21
137.669006347656
31
0.0
39
0.0
210
0.0
220
0.0
230
1.0
0
LINE
5
2DA
330
17
100
AcDbEntity
67
0
8
0
62
256
6
ByLayer
370
-1
48
1.0
60
0
100
AcDbLine
10
146.934997558594
20
137.669006347656
30
0.0
11
146.934997558594
21
139.419006347656
31
0.0
39
0.0
210
0.0
220
0.0
230
1.0
0
LINE
5
2DB
330
17
100
AcDbEntity
67
0
8
0
62
256
6
ByLayer
370
-1
48
1.0
60
0
100
AcDbLine
10
146.934997558594
20
139.419006347656
30
0.0
11
148.45100402832
21
140.294006347656
31
0.0
39
0.0
210
0.0
220
0.0
230
1.0
0
LINE
5
2DC
330
17
100
AcDbEntity
67
0
8
0
62
256
6
ByLayer
370
-1
48
1.0
60
0
100
AcDbLine
10
148.45100402832
20
140.294006347656
30
0.0
11
149.966003417969
21
139.419006347656
31
0.0
39
0.0
210
0.0
220
0.0
230
1.0
0
LINE
5
2DD
330
17
100
AcDbEntity
67
0
8
0
62
256
6
ByLayer
370
-1
48
1.0
60
0
100
AcDbLine
10
149.966003417969
20
139.419006347656
30
0.0
11
149.966003417969
21
137.669006347656
31
0.0
39
0.0
210
0.0
220
0.0
230
1.0
0
LINE
5
2DE
330
17
100
AcDbEntity
67
0
8
0
62
256
6
ByLayer
370
-1
48
1.0
60
0
100
AcDbLine
10
153.496994018555
20
137.669006347656
30
0.0
11
151.981994628906
21
136.794006347656
31
0.0
39
0.0
210
0.0
220
0.0
230
1.0
0
LINE
5
2DF
330
17
100
AcDbEntity
67
0
8
0
62
256
6
ByLayer
370
-1
48
1.0
60
0
100
AcDbLine
10
151.981994628906
20
136.794006347656
30
0.0
11
150.466003417969
21
137.669006347656
31
0.0
39
0.0
210
0.0
220
0.0
230
1.0
0
LINE
5
2E0
330
17
100
AcDbEntity
67
0
8
0
62
256
6
ByLayer
370
-1
48
1.0
60
0
100
AcDbLine
10
150.466003417969
20
137.669006347656
30
0.0
11
150.466003417969
21
139.419006347656
31
0.0
39
0.0
210
0.0
220
0.0
230
1.0
0
LINE
5
2E1
330
17
100
AcDbEntity
67
0
8
0
62
256
6
ByLayer
370
-1
48
1.0
60
0
100
AcDbLine
10
150.466003417969
20
139.419006347656
30
0.0
11
151.981994628906
21
140.294006347656
31
0.0
39
0.0
210
0.0
220
0.0
230
1.0
0
LINE
5
2E2
330
17
100
AcDbEntity
67
0
8
0
62
256
6
ByLayer
370
-1
48
1.0
60
0
100
AcDbLine
10
151.981994628906
20
140.294006347656
30
0.0
11
153.496994018555
21
139.419006347656
31
0.0
39
0.0
210
0.0
220
0.0
230
1.0
0
LINE
5
2E3
330
17
100
AcDbEntity
67
0
8
0
62
256
6
ByLayer
370
-1
48
1.0
60
0
100
AcDbLine
10
153.496994018555
20
139.419006347656
30
0.0
11
153.496994018555
21
137.669006347656
31
0.0
39
0.0
210
0.0
220
0.0
230
1.0
0
LINE
5
2E4
330
17
100
AcDbEntity
67
0
8
0
62
256
6
ByLayer
370
-1
48
1.0
60
0
100
AcDbLine
10
157.02799987793
20
137.669006347656
30
0.0
11
155.513000488281
21
136.794006347656
31
0.0
39
0.0
210
0.0
220
0.0
230
1.0
0
LINE
5
2E5
330
17
100
AcDbEntity
67
0
8
0
62
256
6
ByLayer
370
-1
48
1.0
60
0
100
AcDbLine
10
155.513000488281
20
136.794006347656
30
0.0
11
153.996994018555
21
137.669006347656
31
0.0
39
0.0
210
0.0
220
0.0
230
1.0
0
LINE
5
2E6
330
17
100
AcDbEntity
67
0
8
0
62
256
6
ByLayer
370
-1
48
1.0
60
0
100
AcDbLine
10
153.996994018555
20
137.669006347656
30
0.0
11
153.996994018555
21
139.419006347656
31
0.0
39
0.0
210
0.0
220
0.0
230
1.0
0
LINE
5
2E7
330
17
100
AcDbEntity
67
0
8
0
62
256
6
ByLayer
370
-1
48
1.0
60
0
100
AcDbLine
10
153.996994018555
20
139.419006347656
30
0.0
11
155.513000488281
21
140.294006347656
31
0.0
39
0.0
210
0.0
220
0.0
230
1.0
0
LINE
5
2E8
330
17
100
AcDbEntity
67
0
8
0
62
256
6
ByLayer
370
-1
48
1.0
60
0
100
AcDbLine
10
155.513000488281
20
140.294006347656
30
0.0
11
157.02799987793
21
139.419006347656
31
0.0
39
0.0
210
0.0
220
0.0
230
1.0
0
LINE
5
2E9
330
17
100
AcDbEntity
67
0
8
0
62
256
6
ByLayer
370
-1
48
1.0
60
0
100
AcDbLine
10
157.02799987793
20
139.419006347656
30
0.0
11
157.02799987793
21
137.669006347656
31
0.0
39
0.0
210
0.0
220
0.0
230
1.0
0
LINE
5
2EA
330
17
100
AcDbEntity
67
0
8
0
62
256
6
ByLayer
370
-1
48
1.0
60
0
100
AcDbLine
10
160.559005737305
20
137.669006347656
30
0.0
11
159.044006347656
21
136.794006347656
31
0.0
39
0.0
210
0.0
220
0.0
230
1.0
0
LINE
5
2EB
330
17
100
AcDbEntity
67
0
8
0
62
256
6
ByLayer
370
-1
48
1.0
60
0
100
AcDbLine
10
159.044006347656
20
136.794006347656
30
0.0
11
157.52799987793
21
137.669006347656
31
0.0
39
0.0
210
0.0
220
0.0
230
1.0
0
LINE
5
2EC
330
17
100
AcDbEntity
67
0
8
0
62
256
6
ByLayer
370
-1
48
1.0
60
0
100
AcDbLine
10
157.52799987793
20
137.669006347656
30
0.0
11
157.52799987793
21
139.419006347656
31
0.0
39
0.0
210
0.0
220
0.0
230
1.0
0
LINE
5
2ED
330
17
100
AcDbEntity
67
0
8
0
62
256
6
ByLayer
370
-1
48
1.0
60
0
100
AcDbLine
10
157.52799987793
20
139.419006347656
30
0.0
11
159.044006347656
21
140.294006347656
31
0.0
39
0.0
210
0.0
220
0.0
230
1.0
0
LINE
5
2EE
330
17
100
AcDbEntity
67
0
8
0
62
256
6
ByLayer
370
-1
48
1.0
60
0
100
AcDbLine
10
159.044006347656
20
140.294006347656
30
0.0
11
160.559005737305
21
139.419006347656
31
0.0
39
0.0
210
0.0
220
0.0
230
1.0
0
LINE
5
2EF
330
17
100
AcDbEntity
67
0
8
0
62
256
6
ByLayer
370
-1
48
1.0
60
0
100
AcDbLine
10
160.559005737305
20
139.419006347656
30
0.0
11
160.559005737305
21
137.669006347656
31
0.0
39
0.0
210
0.0
220
0.0
230
1.0
0
LINE
5
2F0
330
17
100
AcDbEntity
67
0
8
0
62
256
6
ByLayer
370
-1
48
1.0
60
0
100
AcDbLine
10
164.091003417969
20
137.669006347656
30
0.0
11
162.574996948242
21
136.794006347656
31
0.0
39
0.0
210
0.0
220
0.0
230
1.0
0
LINE
5
2F1
330
17
100
AcDbEntity
67
0
8
0
62
256
6
ByLayer
370
-1
48
1.0
60
0
100
AcDbLine
10
162.574996948242
20
136.794006347656
30
0.0
11
161.059005737305
21
137.669006347656
31
0.0
39
0.0
210
0.0
220
0.0
230
1.0
0
LINE
5
2F2
330
17
100
AcDbEntity
67
0
8
0
62
256
6
ByLayer
370
-1
48
1.0
60
0
100
AcDbLine
10
161.059005737305
20
137.669006347656
30
0.0
11
161.059005737305
21
139.419006347656
31
0.0
39
0.0
210
0.0
220
0.0
230
1.0
0
LINE
5
2F3
330
17
100
AcDbEntity
67
0
8
0
62
256
6
ByLayer
370
-1
48
1.0
60
0
100
AcDbLine
10
161.059005737305
20
139.419006347656
30
0.0
11
162.574996948242
21
140.294006347656
31
0.0
39
0.0
210
0.0
220
0.0
230
1.0
0
LINE
5
2F4
330
17
100
AcDbEntity
67
0
8
0
62
256
6
ByLayer
370
-1
48
1.0
60
0
100
AcDbLine
10
162.574996948242
20
140.294006347656
30
0.0
11
164.091003417969
21
139.419006347656
31
0.0
39
0.0
210
0.0
220
0.0
230
1.0
0
LINE
5
2F5
330
17
100
AcDbEntity
67
0
8
0
62
256
6
ByLayer
370
-1
48
1.0
60
0
100
AcDbLine
10
164.091003417969
20
139.419006347656
30
0.0
11
164.091003417969
21
137.669006347656
31
0.0
39
0.0
210
0.0
220
0.0
230
1.0
0
LINE
5
2F6
330
17
100
AcDbEntity
67
0
8
0
62
256
6
ByLayer
370
-1
48
1.0
60
0
100
AcDbLine
10
167.621994018555
20
137.669006347656
30
0.0
11
166.106002807617
21
136.794006347656
31
0.0
39
0.0
210
0.0
220
0.0
230
1.0
0
LINE
5
2F7
330
17
100
AcDbEntity
67
0
8
0
62
256
6
ByLayer
370
-1
48
1.0
60
0
100
AcDbLine
10
166.106002807617
20
136.794006347656
30
0.0
11
164.591003417969
21
137.669006347656
31
0.0
39
0.0
210
0.0
220
0.0
230
1.0
0
LINE
5
2F8
330
17
100
AcDbEntity
67
0
8
0
62
256
6
ByLayer
370
-1
48
1.0
60
0
100
AcDbLine
10
164.591003417969
20
137.669006347656
30
0.0
11
164.591003417969
21
139.419006347656
31
0.0
39
0.0
210
0.0
220
0.0
230
1.0
0
LINE
5
2F9
330
17
100
AcDbEntity
67
0
8
0
62
256
6
ByLayer
370
-1
48
1.0
60
0
100
AcDbLine
10
164.591003417969
20
139.419006347656
30
0.0
11
166.106002807617
21
140.294006347656
31
0.0
39
0.0
210
0.0
220
0.0
230
1.0
0
LINE
5
2FA
330
17
100
AcDbEntity
67
0
8
0
62
256
6
ByLayer
370
-1
48
1.0
60
0
100
AcDbLine
10
166.106002807617
20
140.294006347656
30
0.0
11
167.621994018555
21
139.419006347656
31
0.0
39
0.0
210
0.0
220
0.0
230
1.0
0
LINE
5
2FB
330
17
100
AcDbEntity
67
0
8
0
62
256
6
ByLayer
370
-1
48
1.0
60
0
100
AcDbLine
10
167.621994018555
20
139.419006347656
30
0.0
11
167.621994018555
21
137.669006347656
31
0.0
39
0.0
210
0.0
220
0.0
230
1.0
0
LINE
5
2FC
330
17
100
AcDbEntity
67
0
8
0
62
256
6
ByLayer
370
-1
48
1.0
60
0
100
AcDbLine
10
171.15299987793
20
137.669006347656
30
0.0
11
169.636993408203
21
136.794006347656
31
0.0
39
0.0
210
0.0
220
0.0
230
1.0
0
LINE
5
2FD
330
17
100
AcDbEntity
67
0
8
0
62
256
6
ByLayer
370
-1
48
1.0
60
0
100
AcDbLine
10
169.636993408203
20
136.794006347656
30
0.0
11
168.121994018555
21
137.669006347656
31
0.0
39
0.0
210
0.0
220
0.0
230
1.0
0
LINE
5
2FE
330
17
100
AcDbEntity
67
0
8
0
62
256
6
ByLayer
370
-1
48
1.0
60
0
100
AcDbLine
10
168.121994018555
20
137.669006347656
30
0.0
11
168.121994018555
21
139.419006347656
31
0.0
39
0.0
210
0.0
220
0.0
230
1.0
0
LINE
5
2FF
330
17
100
AcDbEntity
67
0
8
0
62
256
6
ByLayer
370
-1
48
1.0
60
0
100
AcDbLine
10
168.121994018555
20
139.419006347656
30
0.0
11
169.636993408203
21
140.294006347656
31
0.0
39
0.0
210
0.0
220
0.0
230
1.0
0
LINE
5
300
330
17
100
AcDbEntity
67
0
8
0
62
256
6
ByLayer
370
-1
48
1.0
60
0
100
AcDbLine
10
169.636993408203
20
140.294006347656
30
0.0
11
171.15299987793
21
139.419006347656
31
0.0
39
0.0
210
0.0
220
0.0
230
1.0
0
LINE
5
301
330
17
100
AcDbEntity
67
0
8
0
62
256
6
ByLayer
370
-1
48
1.0
60
0
100
AcDbLine
10
171.15299987793
20
139.419006347656
30
0.0
11
171.15299987793
21
137.669006347656
31
0.0
39
0.0
210
0.0
220
0.0
230
1.0
0
LINE
5
302
330
17
100
AcDbEntity
67
0
8
0
62
256
6
ByLayer
370
-1
48
1.0
60
0
100
AcDbLine
10
174.684005737305
20
137.669006347656
30
0.0
11
173.167999267578
21
136.794006347656
31
0.0
39
0.0
210
0.0
220
0.0
230
1.0
0
LINE
5
303
330
17
100
AcDbEntity
67
0
8
0
62
256
6
ByLayer
370
-1
48
1.0
60
0
100
AcDbLine
10
173.167999267578
20
136.794006347656
30
0.0
11
171.65299987793
21
137.669006347656
31
0.0
39
0.0
210
0.0
220
0.0
230
1.0
0
LINE
5
304
330
17
100
AcDbEntity
67
0
8
0
62
256
6
ByLayer
370
-1
48
1.0
60
0
100
AcDbLine
10
171.65299987793
20
137.669006347656
30
0.0
11
171.65299987793
21
139.419006347656
31
0.0
39
0.0
210
0.0
220
0.0
230
1.0
0
LINE
5
305
330
17
100
AcDbEntity
67
0
8
0
62
256
6
ByLayer
370
-1
48
1.0
60
0
100
AcDbLine
10
171.65299987793
20
139.419006347656
30
0.0
11
173.167999267578
21
140.294006347656
31
0.0
39
0.0
210
0.0
220
0.0
230
1.0
0
LINE
5
306
330
17
100
AcDbEntity
67
0
8
0
62
256
6
ByLayer
370
-1
48
1.0
60
0
100
AcDbLine
10
173.167999267578
20
140.294006347656
30
0.0
11
174.684005737305
21
139.419006347656
31
0.0
39
0.0
210
0.0
220
0.0
230
1.0
0
LINE
5
307
330
17
100
AcDbEntity
67
0
8
0
62
256
6
ByLayer
370
-1
48
1.0
60
0
100
AcDbLine
10
174.684005737305
20
139.419006347656
30
0.0
11
174.684005737305
21
137.669006347656
31
0.0
39
0.0
210
0.0
220
0.0
230
1.0
0
LINE
5
308
330
17
100
AcDbEntity
67
0
8
0
62
256
6
ByLayer
370
-1
48
1.0
60
0
100
AcDbLine
10
178.214996337891
20
137.669006347656
30
0.0
11
176.699005126953
21
136.794006347656
31
0.0
39
0.0
210
0.0
220
0.0
230
1.0
0
LINE
5
309
330
17
100
AcDbEntity
67
0
8
0
62
256
6
ByLayer
370
-1
48
1.0
60
0
100
AcDbLine
10
176.699005126953
20
136.794006347656
30
0.0
11
175.184005737305
21
137.669006347656
31
0.0
39
0.0
210
0.0
220
0.0
230
1.0
0
LINE
5
30A
330
17
100
AcDbEntity
67
0
8
0
62
256
6
ByLayer
370
-1
48
1.0
60
0
100
AcDbLine
10
175.184005737305
20
137.669006347656
30
0.0
11
175.184005737305
21
139.419006347656
31
0.0
39
0.0
210
0.0
220
0.0
230
1.0
0
LINE
5
30B
330
17
100
AcDbEntity
67
0
8
0
62
256
6
ByLayer
370
-1
48
1.0
60
0
100
AcDbLine
10
175.184005737305
20
139.419006347656
30
0.0
11
176.699005126953
21
140.294006347656
31
0.0
39
0.0
210
0.0
220
0.0
230
1.0
0
LINE
5
30C
330
17
100
AcDbEntity
67
0
8
0
62
256
6
ByLayer
370
-1
48
1.0
60
0
100
AcDbLine
10
176.699005126953
20
140.294006347656
30
0.0
11
178.214996337891
21
139.419006347656
31
0.0
39
0.0
210
0.0
220
0.0
230
1.0
0
LINE
5
30D
330
17
100
AcDbEntity
67
0
8
0
62
256
6
ByLayer
370
-1
48
1.0
60
0
100
AcDbLine
10
178.214996337891
20
139.419006347656
30
0.0
11
178.214996337891
21
137.669006347656
31
0.0
39
0.0
210
0.0
220
0.0
230
1.0
0
LINE
5
30E
330
17
100
AcDbEntity
67
0
8
0
62
256
6
ByLayer
370
-1
48
1.0
60
0
100
AcDbLine
10
181.746002197266
20
137.669006347656
30
0.0
11
180.229995727539
21
136.794006347656
31
0.0
39
0.0
210
0.0
220
0.0
230
1.0
0
LINE
5
30F
330
17
100
AcDbEntity
67
0
8
0
62
256
6
ByLayer
370
-1
48
1.0
60
0
100
AcDbLine
10
180.229995727539
20
136.794006347656
30
0.0
11
178.714996337891
21
137.669006347656
31
0.0
39
0.0
210
0.0
220
0.0
230
1.0
0
LINE
5
310
330
17
100
AcDbEntity
67
0
8
0
62
256
6
ByLayer
370
-1
48
1.0
60
0
100
AcDbLine
10
178.714996337891
20
137.669006347656
30
0.0
11
178.714996337891
21
139.419006347656
31
0.0
39
0.0
210
0.0
220
0.0
230
1.0
0
LINE
5
311
330
17
100
AcDbEntity
67
0
8
0
62
256
6
ByLayer
370
-1
48
1.0
60
0
100
AcDbLine
10
178.714996337891
20
139.419006347656
30
0.0
11
180.229995727539
21
140.294006347656
31
0.0
39
0.0
210
0.0
220
0.0
230
1.0
0
LINE
5
312
330
17
100
AcDbEntity
67
0
8
0
62
256
6
ByLayer
370
-1
48
1.0
60
0
100
AcDbLine
10
180.229995727539
20
140.294006347656
30
0.0
11
181.746002197266
21
139.419006347656
31
0.0
39
0.0
210
0.0
220
0.0
230
1.0
0
LINE
5
313
330
17
100
AcDbEntity
67
0
8
0
62
256
6
ByLayer
370
-1
48
1.0
60
0
100
AcDbLine
10
181.746002197266
20
139.419006347656
30
0.0
11
181.746002197266
21
137.669006347656
31
0.0
39
0.0
210
0.0
220
0.0
230
1.0
0
LINE
5
314
330
17
100
AcDbEntity
67
0
8
0
62
256
6
ByLayer
370
-1
48
1.0
60
0
100
AcDbLine
10
185.02799987793
20
139.561996459961
30
0.0
11
183.761993408203
21
140.294006347656
31
0.0
39
0.0
210
0.0
220
0.0
230
1.0
0
LINE
5
315
330
17
100
AcDbEntity
67
0
8
0
62
256
6
ByLayer
370
-1
48
1.0
60
0
100
AcDbLine
10
183.761993408203
20
140.294006347656
30
0.0
11
182.246002197266
21
139.419006347656
31
0.0
39
0.0
210
0.0
220
0.0
230
1.0
0
LINE
5
316
330
17
100
AcDbEntity
67
0
8
0
62
256
6
ByLayer
370
-1
48
1.0
60
0
100
AcDbLine
10
182.246002197266
20
139.419006347656
30
0.0
11
182.246002197266
21
137.669006347656
31
0.0
39
0.0
210
0.0
220
0.0
230
1.0
0
LINE
5
317
330
17
100
AcDbEntity
67
0
8
0
62
256
6
ByLayer
370
-1
48
1.0
60
0
100
AcDbLine
10
182.246002197266
20
137.669006347656
30
0.0
11
183.72900390625
21
136.811996459961
31
0.0
39
0.0
210
0.0
220
0.0
230
1.0
0
LINE
5
318
330
17
100
AcDbEntity
67
0
8
0
62
256
6
ByLayer
370
-1
48
1.0
60
0
100
AcDbLine
10
183.72900390625
20
136.811996459961
30
0.0
11
185.02799987793
21
139.561996459961
31
0.0
39
0.0
210
0.0
220
0.0
230
1.0
0
LINE
5
319
330
17
100
AcDbEntity
67
0
8
0
62
256
6
ByLayer
370
-1
48
1.0
60
0
100
AcDbLine
10
141.912994384766
20
136.212997436523
30
0.0
11
141.863006591797
21
135.457992553711
31
0.0
39
0.0
210
0.0
220
0.0
230
1.0
0
LINE
5
31A
330
17
100
AcDbEntity
67
0
8
0
62
256
6
ByLayer
370
-1
48
1.0
60
0
100
AcDbLine
10
141.863006591797
20
135.457992553711
30
0.0
11
141.727005004883
21
134.559005737305
31
0.0
39
0.0
210
0.0
220
0.0
230
1.0
0
LINE
5
31B
330
17
100
AcDbEntity
67
0
8
0
62
256
6
ByLayer
370
-1
48
1.0
60
0
100
AcDbLine
10
141.727005004883
20
134.559005737305
30
0.0
11
143.154006958008
21
133.735992431641
31
0.0
39
0.0
210
0.0
220
0.0
230
1.0
0
LINE
5
31C
330
17
100
AcDbEntity
67
0
8
0
62
256
6
ByLayer
370
-1
48
1.0
60
0
100
AcDbLine
10
143.154006958008
20
133.735992431641
30
0.0
11
144.669998168945
21
134.610992431641
31
0.0
39
0.0
210
0.0
220
0.0
230
1.0
0
LINE
5
31D
330
17
100
AcDbEntity
67
0
8
0
62
256
6
ByLayer
370
-1
48
1.0
60
0
100
AcDbLine
10
144.669998168945
20
134.610992431641
30
0.0
11
144.669998168945
21
136.360992431641
31
0.0
39
0.0
210
0.0
220
0.0
230
1.0
0
LINE
5
31E
330
17
100
AcDbEntity
67
0
8
0
62
256
6
ByLayer
370
-1
48
1.0
60
0
100
AcDbLine
10
144.669998168945
20
136.360992431641
30
0.0
11
143.154006958008
21
137.235992431641
31
0.0
39
0.0
210
0.0
220
0.0
230
1.0
0
LINE
5
31F
330
17
100
AcDbEntity
67
0
8
0
62
256
6
ByLayer
370
-1
48
1.0
60
0
100
AcDbLine
10
143.154006958008
20
137.235992431641
30
0.0
11
141.910995483398
21
136.518005371094
31
0.0
39
0.0
210
0.0
220
0.0
230
1.0
0
LINE
5
320
330
17
100
AcDbEntity
67
0
8
0
62
256
6
ByLayer
370
-1
48
1.0
60
0
100
AcDbLine
10
141.910995483398
20
136.518005371094
30
0.0
11
141.912994384766
21
136.212997436523
31
0.0
39
0.0
210
0.0
220
0.0
230
1.0
0
LINE
5
321
330
17
100
AcDbEntity
67
0
8
0
62
256
6
ByLayer
370
-1
48
1.0
60
0
100
AcDbLine
10
148.20100402832
20
134.610992431641
30
0.0
11
146.684997558594
21
133.735992431641
31
0.0
39
0.0
210
0.0
220
0.0
230
1.0
0
LINE
5
322
330
17
100
AcDbEntity
67
0
8
0
62
256
6
ByLayer
370
-1
48
1.0
60
0
100
AcDbLine
10
146.684997558594
20
133.735992431641
30
0.0
11
145.169998168945
21
134.610992431641
31
0.0
39
0.0
210
0.0
220
0.0
230
1.0
0
LINE
5
323
330
17
100
AcDbEntity
67
0
8
0
62
256
6
ByLayer
370
-1
48
1.0
60
0
100
AcDbLine
10
145.169998168945
20
134.610992431641
30
0.0
11
145.169998168945
21
136.360992431641
31
0.0
39
0.0
210
0.0
220
0.0
230
1.0
0
LINE
5
324
330
17
100
AcDbEntity
67
0
8
0
62
256
6
ByLayer
370
-1
48
1.0
60
0
100
AcDbLine
10
145.169998168945
20
136.360992431641
30
0.0
11
146.684997558594
21
137.235992431641
31
0.0
39
0.0
210
0.0
220
0.0
230
1.0
0
LINE
5
325
330
17
100
AcDbEntity
67
0
8
0
62
256
6
ByLayer
370
-1
48
1.0
60
0
100
AcDbLine
10
146.684997558594
20
137.235992431641
30
0.0
11
148.20100402832
21
136.360992431641
31
0.0
39
0.0
210
0.0
220
0.0
230
1.0
0
LINE
5
326
330
17
100
AcDbEntity
67
0
8
0
62
256
6
ByLayer
370
-1
48
1.0
60
0
100
AcDbLine
10
148.20100402832
20
136.360992431641
30
0.0
11
148.20100402832
21
134.610992431641
31
0.0
39
0.0
210
0.0
220
0.0
230
1.0
0
LINE
5
327
330
17
100
AcDbEntity
67
0
8
0
62
256
6
ByLayer
370
-1
48
1.0
60
0
100
AcDbLine
10
151.731994628906
20
134.610992431641
30
0.0
11
150.216003417969
21
133.735992431641
31
0.0
39
0.0
210
0.0
220
0.0
230
1.0
0
LINE
5
328
330
17
100
AcDbEntity
67
0
8
0
62
256
6
ByLayer
370
-1
48
1.0
60
0
100
AcDbLine
10
150.216003417969
20
133.735992431641
30
0.0
11
148.70100402832
21
134.610992431641
31
0.0
39
0.0
210
0.0
220
0.0
230
1.0
0
LINE
5
329
330
17
100
AcDbEntity
67
0
8
0
62
256
6
ByLayer
370
-1
48
1.0
60
0
100
AcDbLine
10
148.70100402832
20
134.610992431641
30
0.0
11
148.70100402832
21
136.360992431641
31
0.0
39
0.0
210
0.0
220
0.0
230
1.0
0
LINE
5
32A
330
17
100
AcDbEntity
67
0
8
0
62
256
6
ByLayer
370
-1
48
1.0
60
0
100
AcDbLine
10
148.70100402832
20
136.360992431641
30
0.0
11
150.216003417969
21
137.235992431641
31
0.0
39
0.0
210
0.0
220
0.0
230
1.0
0
LINE
5
32B
330
17
100
AcDbEntity
67
0
8
0
62
256
6
ByLayer
370
-1
48
1.0
60
0
100
AcDbLine
10
150.216003417969
20
137.235992431641
30
0.0
11
151.731994628906
21
136.360992431641
31
0.0
39
0.0
210
0.0
220
0.0
230
1.0
0
LINE
5
32C
330
17
100
AcDbEntity
67
0
8
0
62
256
6
ByLayer
370
-1
48
1.0
60
0
100
AcDbLine
10
151.731994628906
20
136.360992431641
30
0.0
11
151.731994628906
21
134.610992431641
31
0.0
39
0.0
210
0.0
220
0.0
230
1.0
0
LINE
5
32D
330
17
100
AcDbEntity
67
0
8
0
62
256
6
ByLayer
370
-1
48
1.0
60
0
100
AcDbLine
10
155.263000488281
20
134.610992431641
30
0.0
11
153.746994018555
21
133.735992431641
31
0.0
39
0.0
210
0.0
220
0.0
230
1.0
0
LINE
5
32E
330
17
100
AcDbEntity
67
0
8
0
62
256
6
ByLayer
370
-1
48
1.0
60
0
100
AcDbLine
10
153.746994018555
20
133.735992431641
30
0.0
11
152.231994628906
21
134.610992431641
31
0.0
39
0.0
210
0.0
220
0.0
230
1.0
0
LINE
5
32F
330
17
100
AcDbEntity
67
0
8
0
62
256
6
ByLayer
370
-1
48
1.0
60
0
100
AcDbLine
10
152.231994628906
20
134.610992431641
30
0.0
11
152.231994628906
21
136.360992431641
31
0.0
39
0.0
210
0.0
220
0.0
230
1.0
0
LINE
5
330
330
17
100
AcDbEntity
67
0
8
0
62
256
6
ByLayer
370
-1
48
1.0
60
0
100
AcDbLine
10
152.231994628906
20
136.360992431641
30
0.0
11
153.746994018555
21
137.235992431641
31
0.0
39
0.0
210
0.0
220
0.0
230
1.0
0
LINE
5
331
330
17
100
AcDbEntity
67
0
8
0
62
256
6
ByLayer
370
-1
48
1.0
60
0
100
AcDbLine
10
153.746994018555
20
137.235992431641
30
0.0
11
155.263000488281
21
136.360992431641
31
0.0
39
0.0
210
0.0
220
0.0
230
1.0
0
LINE
5
332
330
17
100
AcDbEntity
67
0
8
0
62
256
6
ByLayer
370
-1
48
1.0
60
0
100
AcDbLine
10
155.263000488281
20
136.360992431641
30
0.0
11
155.263000488281
21
134.610992431641
31
0.0
39
0.0
210
0.0
220
0.0
230
1.0
0
LINE
5
333
330
17
100
AcDbEntity
67
0
8
0
62
256
6
ByLayer
370
-1
48
1.0
60
0
100
AcDbLine
10
158.794006347656
20
134.610992431641
30
0.0
11
157.27799987793
21
133.735992431641
31
0.0
39
0.0
210
0.0
220
0.0
230
1.0
0
LINE
5
334
330
17
100
AcDbEntity
67
0
8
0
62
256
6
ByLayer
370
-1
48
1.0
60
0
100
AcDbLine
10
157.27799987793
20
133.735992431641
30
0.0
11
155.763000488281
21
134.610992431641
31
0.0
39
0.0
210
0.0
220
0.0
230
1.0
0
LINE
5
335
330
17
100
AcDbEntity
67
0
8
0
62
256
6
ByLayer
370
-1
48
1.0
60
0
100
AcDbLine
10
155.763000488281
20
134.610992431641
30
0.0
11
155.763000488281
21
136.360992431641
31
0.0
39
0.0
210
0.0
220
0.0
230
1.0
0
LINE
5
336
330
17
100
AcDbEntity
67
0
8
0
62
256
6
ByLayer
370
-1
48
1.0
60
0
100
AcDbLine
10
155.763000488281
20
136.360992431641
30
0.0
11
157.27799987793
21
137.235992431641
31
0.0
39
0.0
210
0.0
220
0.0
230
1.0
0
LINE
5
337
330
17
100
AcDbEntity
67
0
8
0
62
256
6
ByLayer
370
-1
48
1.0
60
0
100
AcDbLine
10
157.27799987793
20
137.235992431641
30
0.0
11
158.794006347656
21
136.360992431641
31
0.0
39
0.0
210
0.0
220
0.0
230
1.0
0
LINE
5
338
330
17
100
AcDbEntity
67
0
8
0
62
256
6
ByLayer
370
-1
48
1.0
60
0
100
AcDbLine
10
158.794006347656
20
136.360992431641
30
0.0
11
158.794006347656
21
134.610992431641
31
0.0
39
0.0
210
0.0
220
0.0
230
1.0
0
LINE
5
339
330
17
100
AcDbEntity
67
0
8
0
62
256
6
ByLayer
370
-1
48
1.0
60
0
100
AcDbLine
10
162.324996948242
20
134.610992431641
30
0.0
11
160.809005737305
21
133.735992431641
31
0.0
39
0.0
210
0.0
220
0.0
230
1.0
0
LINE
5
33A
330
17
100
AcDbEntity
67
0
8
0
62
256
6
ByLayer
370
-1
48
1.0
60
0
100
AcDbLine
10
160.809005737305
20
133.735992431641
30
0.0
11
159.294006347656
21
134.610992431641
31
0.0
39
0.0
210
0.0
220
0.0
230
1.0
0
LINE
5
33B
330
17
100
AcDbEntity
67
0
8
0
62
256
6
ByLayer
370
-1
48
1.0
60
0
100
AcDbLine
10
159.294006347656
20
134.610992431641
30
0.0
11
159.294006347656
21
136.360992431641
31
0.0
39
0.0
210
0.0
220
0.0
230
1.0
0
LINE
5
33C
330
17
100
AcDbEntity
67
0
8
0
62
256
6
ByLayer
370
-1
48
1.0
60
0
100
AcDbLine
10
159.294006347656
20
136.360992431641
30
0.0
11
160.809005737305
21
137.235992431641
31
0.0
39
0.0
210
0.0
220
0.0
230
1.0
0
LINE
5
33D
330
17
100
AcDbEntity
67
0
8
0
62
256
6
ByLayer
370
-1
48
1.0
60
0
100
AcDbLine
10
160.809005737305
20
137.235992431641
30
0.0
11
162.324996948242
21
136.360992431641
31
0.0
39
0.0
210
0.0
220
0.0
230
1.0
0
LINE
5
33E
330
17
100
AcDbEntity
67
0
8
0
62
256
6
ByLayer
370
-1
48
1.0
60
0
100
AcDbLine
10
162.324996948242
20
136.360992431641
30
0.0
11
162.324996948242
21
134.610992431641
31
0.0
39
0.0
210
0.0
220
0.0
230
1.0
0
LINE
5
33F
330
17
100
AcDbEntity
67
0
8
0
62
256
6
ByLayer
370
-1
48
1.0
60
0
100
AcDbLine
10
165.856002807617
20
134.610992431641
30
0.0
11
164.341003417969
21
133.735992431641
31
0.0
39
0.0
210
0.0
220
0.0
230
1.0
0
LINE
5
340
330
17
100
AcDbEntity
67
0
8
0
62
256
6
ByLayer
370
-1
48
1.0
60
0
100
AcDbLine
10
164.341003417969
20
133.735992431641
30
0.0
11
162.824996948242
21
134.610992431641
31
0.0
39
0.0
210
0.0
220
0.0
230
1.0
0
LINE
5
341
330
17
100
AcDbEntity
67
0
8
0
62
256
6
ByLayer
370
-1
48
1.0
60
0
100
AcDbLine
10
162.824996948242
20
134.610992431641
30
0.0
11
162.824996948242
21
136.360992431641
31
0.0
39
0.0
210
0.0
220
0.0
230
1.0
0
LINE
5
342
330
17
100
AcDbEntity
67
0
8
0
62
256
6
ByLayer
370
-1
48
1.0
60
0
100
AcDbLine
10
162.824996948242
20
136.360992431641
30
0.0
11
164.341003417969
21
137.235992431641
31
0.0
39
0.0
210
0.0
220
0.0
230
1.0
0
LINE
5
343
330
17
100
AcDbEntity
67
0
8
0
62
256
6
ByLayer
370
-1
48
1.0
60
0
100
AcDbLine
10
164.341003417969
20
137.235992431641
30
0.0
11
165.856002807617
21
136.360992431641
31
0.0
39
0.0
210
0.0
220
0.0
230
1.0
0
LINE
5
344
330
17
100
AcDbEntity
67
0
8
0
62
256
6
ByLayer
370
-1
48
1.0
60
0
100
AcDbLine
10
165.856002807617
20
136.360992431641
30
0.0
11
165.856002807617
21
134.610992431641
31
0.0
39
0.0
210
0.0
220
0.0
230
1.0
0
LINE
5
345
330
17
100
AcDbEntity
67
0
8
0
62
256
6
ByLayer
370
-1
48
1.0
60
0
100
AcDbLine
10
169.386993408203
20
134.610992431641
30
0.0
11
167.871994018555
21
133.735992431641
31
0.0
39
0.0
210
0.0
220
0.0
230
1.0
0
LINE
5
346
330
17
100
AcDbEntity
67
0
8
0
62
256
6
ByLayer
370
-1
48
1.0
60
0
100
AcDbLine
10
167.871994018555
20
133.735992431641
30
0.0
11
166.356002807617
21
134.610992431641
31
0.0
39
0.0
210
0.0
220
0.0
230
1.0
0
LINE
5
347
330
17
100
AcDbEntity
67
0
8
0
62
256
6
ByLayer
370
-1
48
1.0
60
0
100
AcDbLine
10
166.356002807617
20
134.610992431641
30
0.0
11
166.356002807617
21
136.360992431641
31
0.0
39
0.0
210
0.0
220
0.0
230
1.0
0
LINE
5
348
330
17
100
AcDbEntity
67
0
8
0
62
256
6
ByLayer
370
-1
48
1.0
60
0
100
AcDbLine
10
166.356002807617
20
136.360992431641
30
0.0
11
167.871994018555
21
137.235992431641
31
0.0
39
0.0
210
0.0
220
0.0
230
1.0
0
LINE
5
349
330
17
100
AcDbEntity
67
0
8
0
62
256
6
ByLayer
370
-1
48
1.0
60
0
100
AcDbLine
10
167.871994018555
20
137.235992431641
30
0.0
11
169.386993408203
21
136.360992431641
31
0.0
39
0.0
210
0.0
220
0.0
230
1.0
0
LINE
5
34A
330
17
100
AcDbEntity
67
0
8
0
62
256
6
ByLayer
370
-1
48
1.0
60
0
100
AcDbLine
10
169.386993408203
20
136.360992431641
30
0.0
11
169.386993408203
21
134.610992431641
31
0.0
39
0.0
210
0.0
220
0.0
230
1.0
0
LINE
5
34B
330
17
100
AcDbEntity
67
0
8
0
62
256
6
ByLayer
370
-1
48
1.0
60
0
100
AcDbLine
10
172.917999267578
20
134.610992431641
30
0.0
11
171.40299987793
21
133.735992431641
31
0.0
39
0.0
210
0.0
220
0.0
230
1.0
0
LINE
5
34C
330
17
100
AcDbEntity
67
0
8
0
62
256
6
ByLayer
370
-1
48
1.0
60
0
100
AcDbLine
10
171.40299987793
20
133.735992431641
30
0.0
11
169.886993408203
21
134.610992431641
31
0.0
39
0.0
210
0.0
220
0.0
230
1.0
0
LINE
5
34D
330
17
100
AcDbEntity
67
0
8
0
62
256
6
ByLayer
370
-1
48
1.0
60
0
100
AcDbLine
10
169.886993408203
20
134.610992431641
30
0.0
11
169.886993408203
21
136.360992431641
31
0.0
39
0.0
210
0.0
220
0.0
230
1.0
0
LINE
5
34E
330
17
100
AcDbEntity
67
0
8
0
62
256
6
ByLayer
370
-1
48
1.0
60
0
100
AcDbLine
10
169.886993408203
20
136.360992431641
30
0.0
11
171.40299987793
21
137.235992431641
31
0.0
39
0.0
210
0.0
220
0.0
230
1.0
0
LINE
5
34F
330
17
100
AcDbEntity
67
0
8
0
62
256
6
ByLayer
370
-1
48
1.0
60
0
100
AcDbLine
10
171.40299987793
20
137.235992431641
30
0.0
11
172.917999267578
21
136.360992431641
31
0.0
39
0.0
210
0.0
220
0.0
230
1.0
0
LINE
5
350
330
17
100
AcDbEntity
67
0
8
0
62
256
6
ByLayer
370
-1
48
1.0
60
0
100
AcDbLine
10
172.917999267578
20
136.360992431641
30
0.0
11
172.917999267578
21
134.610992431641
31
0.0
39
0.0
210
0.0
220
0.0
230
1.0
0
LINE
5
351
330
17
100
AcDbEntity
67
0
8
0
62
256
6
ByLayer
370
-1
48
1.0
60
0
100
AcDbLine
10
176.449005126953
20
134.610992431641
30
0.0
11
174.934005737305
21
133.735992431641
31
0.0
39
0.0
210
0.0
220
0.0
230
1.0
0
LINE
5
352
330
17
100
AcDbEntity
67
0
8
0
62
256
6
ByLayer
370
-1
48
1.0
60
0
100
AcDbLine
10
174.934005737305
20
133.735992431641
30
0.0
11
173.417999267578
21
134.610992431641
31
0.0
39
0.0
210
0.0
220
0.0
230
1.0
0
LINE
5
353
330
17
100
AcDbEntity
67
0
8
0
62
256
6
ByLayer
370
-1
48
1.0
60
0
100
AcDbLine
10
173.417999267578
20
134.610992431641
30
0.0
11
173.417999267578
21
136.360992431641
31
0.0
39
0.0
210
0.0
220
0.0
230
1.0
0
LINE
5
354
330
17
100
AcDbEntity
67
0
8
0
62
256
6
ByLayer
370
-1
48
1.0
60
0
100
AcDbLine
10
173.417999267578
20
136.360992431641
30
0.0
11
174.934005737305
21
137.235992431641
31
0.0
39
0.0
210
0.0
220
0.0
230
1.0
0
LINE
5
355
330
17
100
AcDbEntity
67
0
8
0
62
256
6
ByLayer
370
-1
48
1.0
60
0
100
AcDbLine
10
174.934005737305
20
137.235992431641
30
0.0
11
176.449005126953
21
136.360992431641
31
0.0
39
0.0
210
0.0
220
0.0
230
1.0
0
LINE
5
356
330
17
100
AcDbEntity
67
0
8
0
62
256
6
ByLayer
370
-1
48
1.0
60
0
100
AcDbLine
10
176.449005126953
20
136.360992431641
30
0.0
11
176.449005126953
21
134.610992431641
31
0.0
39
0.0
210
0.0
220
0.0
230
1.0
0
LINE
5
357
330
17
100
AcDbEntity
67
0
8
0
62
256
6
ByLayer
370
-1
48
1.0
60
0
100
AcDbLine
10
179.979995727539
20
134.610992431641
30
0.0
11
178.464996337891
21
133.735992431641
31
0.0
39
0.0
210
0.0
220
0.0
230
1.0
0
LINE
5
358
330
17
100
AcDbEntity
67
0
8
0
62
256
6
ByLayer
370
-1
48
1.0
60
0
100
AcDbLine
10
178.464996337891
20
133.735992431641
30
0.0
11
176.949005126953
21
134.610992431641
31
0.0
39
0.0
210
0.0
220
0.0
230
1.0
0
LINE
5
359
330
17
100
AcDbEntity
67
0
8
0
62
256
6
ByLayer
370
-1
48
1.0
60
0
100
AcDbLine
10
176.949005126953
20
134.610992431641
30
0.0
11
176.949005126953
21
136.360992431641
31
0.0
39
0.0
210
0.0
220
0.0
230
1.0
0
LINE
5
35A
330
17
100
AcDbEntity
67
0
8
0
62
256
6
ByLayer
370
-1
48
1.0
60
0
100
AcDbLine
10
176.949005126953
20
136.360992431641
30
0.0
11
178.464996337891
21
137.235992431641
31
0.0
39
0.0
210
0.0
220
0.0
230
1.0
0
LINE
5
35B
330
17
100
AcDbEntity
67
0
8
0
62
256
6
ByLayer
370
-1
48
1.0
60
0
100
AcDbLine
10
178.464996337891
20
137.235992431641
30
0.0
11
179.979995727539
21
136.360992431641
31
0.0
39
0.0
210
0.0
220
0.0
230
1.0
0
LINE
5
35C
330
17
100
AcDbEntity
67
0
8
0
62
256
6
ByLayer
370
-1
48
1.0
60
0
100
AcDbLine
10
179.979995727539
20
136.360992431641
30
0.0
11
179.979995727539
21
134.610992431641
31
0.0
39
0.0
210
0.0
220
0.0
230
1.0
0
LINE
5
35D
330
17
100
AcDbEntity
67
0
8
0
62
256
6
ByLayer
370
-1
48
1.0
60
0
100
AcDbLine
10
183.511993408203
20
136.350997924805
30
0.0
11
181.996002197266
21
137.235992431641
31
0.0
39
0.0
210
0.0
220
0.0
230
1.0
0
LINE
5
35E
330
17
100
AcDbEntity
67
0
8
0
62
256
6
ByLayer
370
-1
48
1.0
60
0
100
AcDbLine
10
181.996002197266
20
137.235992431641
30
0.0
11
180.479995727539
21
136.360992431641
31
0.0
39
0.0
210
0.0
220
0.0
230
1.0
0
LINE
5
35F
330
17
100
AcDbEntity
67
0
8
0
62
256
6
ByLayer
370
-1
48
1.0
60
0
100
AcDbLine
10
180.479995727539
20
136.360992431641
30
0.0
11
180.479995727539
21
134.610992431641
31
0.0
39
0.0
210
0.0
220
0.0
230
1.0
0
LINE
5
360
330
17
100
AcDbEntity
67
0
8
0
62
256
6
ByLayer
370
-1
48
1.0
60
0
100
AcDbLine
10
180.479995727539
20
134.610992431641
30
0.0
11
181.996002197266
21
133.735992431641
31
0.0
39
0.0
210
0.0
220
0.0
230
1.0
0
LINE
5
361
330
17
100
AcDbEntity
67
0
8
0
62
256
6
ByLayer
370
-1
48
1.0
60
0
100
AcDbLine
10
181.996002197266
20
133.735992431641
30
0.0
11
182.380996704102
21
133.957992553711
31
0.0
39
0.0
210
0.0
220
0.0
230
1.0
0
LINE
5
362
330
17
100
AcDbEntity
67
0
8
0
62
256
6
ByLayer
370
-1
48
1.0
60
0
100
AcDbLine
10
182.380996704102
20
133.957992553711
30
0.0
11
183.511993408203
21
136.350997924805
31
0.0
39
0.0
210
0.0
220
0.0
230
1.0
0
LINE
5
363
330
17
100
AcDbEntity
67
0
8
0
62
256
6
ByLayer
370
-1
48
1.0
60
0
100
AcDbLine
10
141.61799621582
20
134.044998168945
30
0.0
11
141.386993408203
21
133.238006591797
31
0.0
39
0.0
210
0.0
220
0.0
230
1.0
0
LINE
5
364
330
17
100
AcDbEntity
67
0
8
0
62
256
6
ByLayer
370
-1
48
1.0
60
0
100
AcDbLine
10
141.386993408203
20
133.238006591797
30
0.0
11
141.119003295898
21
132.535003662109
31
0.0
39
0.0
210
0.0
220
0.0
230
1.0
0
LINE
5
365
330
17
100
AcDbEntity
67
0
8
0
62
256
6
ByLayer
370
-1
48
1.0
60
0
100
AcDbLine
10
141.119003295898
20
132.535003662109
30
0.0
11
140.794998168945
21
131.861999511719
31
0.0
39
0.0
210
0.0
220
0.0
230
1.0
0
LINE
5
366
330
17
100
AcDbEntity
67
0
8
0
62
256
6
ByLayer
370
-1
48
1.0
60
0
100
AcDbLine
10
140.794998168945
20
131.861999511719
30
0.0
11
140.421005249023
21
131.235992431641
31
0.0
39
0.0
210
0.0
220
0.0
230
1.0
0
LINE
5
367
330
17
100
AcDbEntity
67
0
8
0
62
256
6
ByLayer
370
-1
48
1.0
60
0
100
AcDbLine
10
140.421005249023
20
131.235992431641
30
0.0
11
141.388000488281
21
130.677993774414
31
0.0
39
0.0
210
0.0
220
0.0
230
1.0
0
LINE
5
368
330
17
100
AcDbEntity
67
0
8
0
62
256
6
ByLayer
370
-1
48
1.0
60
0
100
AcDbLine
10
141.388000488281
20
130.677993774414
30
0.0
11
142.904006958008
21
131.552993774414
31
0.0
39
0.0
210
0.0
220
0.0
230
1.0
0
LINE
5
369
330
17
100
AcDbEntity
67
0
8
0
62
256
6
ByLayer
370
-1
48
1.0
60
0
100
AcDbLine
10
142.904006958008
20
131.552993774414
30
0.0
11
142.904006958008
21
133.302993774414
31
0.0
39
0.0
210
0.0
220
0.0
230
1.0
0
LINE
5
36A
330
17
100
AcDbEntity
67
0
8
0
62
256
6
ByLayer
370
-1
48
1.0
60
0
100
AcDbLine
10
142.904006958008
20
133.302993774414
30
0.0
11
141.61799621582
21
134.044998168945
31
0.0
39
0.0
210
0.0
220
0.0
230
1.0
0
LINE
5
36B
330
17
100
AcDbEntity
67
0
8
0
62
256
6
ByLayer
370
-1
48
1.0
60
0
100
AcDbLine
10
146.434997558594
20
131.552993774414
30
0.0
11
144.919998168945
21
130.677993774414
31
0.0
39
0.0
210
0.0
220
0.0
230
1.0
0
LINE
5
36C
330
17
100
AcDbEntity
67
0
8
0
62
256
6
ByLayer
370
-1
48
1.0
60
0
100
AcDbLine
10
144.919998168945
20
130.677993774414
30
0.0
11
143.404006958008
21
131.552993774414
31
0.0
39
0.0
210
0.0
220
0.0
230
1.0
0
LINE
5
36D
330
17
100
AcDbEntity
67
0
8
0
62
256
6
ByLayer
370
-1
48
1.0
60
0
100
AcDbLine
10
143.404006958008
20
131.552993774414
30
0.0
11
143.404006958008
21
133.302993774414
31
0.0
39
0.0
210
0.0
220
0.0
230
1.0
0
LINE
5
36E
330
17
100
AcDbEntity
67
0
8
0
62
256
6
ByLayer
370
-1
48
1.0
60
0
100
AcDbLine
10
143.404006958008
20
133.302993774414
30
0.0
11
144.919998168945
21
134.177993774414
31
0.0
39
0.0
210
0.0
220
0.0
230
1.0
0
LINE
5
36F
330
17
100
AcDbEntity
67
0
8
0
62
256
6
ByLayer
370
-1
48
1.0
60
0
100
AcDbLine
10
144.919998168945
20
134.177993774414
30
0.0
11
146.434997558594
21
133.302993774414
31
0.0
39
0.0
210
0.0
220
0.0
230
1.0
0
LINE
5
370
330
17
100
AcDbEntity
67
0
8
0
62
256
6
ByLayer
370
-1
48
1.0
60
0
100
AcDbLine
10
146.434997558594
20
133.302993774414
30
0.0
11
146.434997558594
21
131.552993774414
31
0.0
39
0.0
210
0.0
220
0.0
230
1.0
0
LINE
5
371
330
17
100
AcDbEntity
67
0
8
0
62
256
6
ByLayer
370
-1
48
1.0
60
0
100
AcDbLine
10
149.966003417969
20
131.552993774414
30
0.0
11
148.45100402832
21
130.677993774414
31
0.0
39
0.0
210
0.0
220
0.0
230
1.0
0
LINE
5
372
330
17
100
AcDbEntity
67
0
8
0
62
256
6
ByLayer
370
-1
48
1.0
60
0
100
AcDbLine
10
148.45100402832
20
130.677993774414
30
0.0
11
146.934997558594
21
131.552993774414
31
0.0
39
0.0
210
0.0
220
0.0
230
1.0
0
LINE
5
373
330
17
100
AcDbEntity
67
0
8
0
62
256
6
ByLayer
370
-1
48
1.0
60
0
100
AcDbLine
10
146.934997558594
20
131.552993774414
30
0.0
11
146.934997558594
21
133.302993774414
31
0.0
39
0.0
210
0.0
220
0.0
230
1.0
0
LINE
5
374
330
17
100
AcDbEntity
67
0
8
0
62
256
6
ByLayer
370
-1
48
1.0
60
0
100
AcDbLine
10
146.934997558594
20
133.302993774414
30
0.0
11
148.45100402832
21
134.177993774414
31
0.0
39
0.0
210
0.0
220
0.0
230
1.0
0
LINE
5
375
330
17
100
AcDbEntity
67
0
8
0
62
256
6
ByLayer
370
-1
48
1.0
60
0
100
AcDbLine
10
148.45100402832
20
134.177993774414
30
0.0
11
149.966003417969
21
133.302993774414
31
0.0
39
0.0
210
0.0
220
0.0
230
1.0
0
LINE
5
376
330
17
100
AcDbEntity
67
0
8
0
62
256
6
ByLayer
370
-1
48
1.0
60
0
100
AcDbLine
10
149.966003417969
20
133.302993774414
30
0.0
11
149.966003417969
21
131.552993774414
31
0.0
39
0.0
210
0.0
220
0.0
230
1.0
0
LINE
5
377
330
17
100
AcDbEntity
67
0
8
0
62
256
6
ByLayer
370
-1
48
1.0
60
0
100
AcDbLine
10
153.496994018555
20
131.552993774414
30
0.0
11
151.981994628906
21
130.677993774414
31
0.0
39
0.0
210
0.0
220
0.0
230
1.0
0
LINE
5
378
330
17
100
AcDbEntity
67
0
8
0
62
256
6
ByLayer
370
-1
48
1.0
60
0
100
AcDbLine
10
151.981994628906
20
130.677993774414
30
0.0
11
150.466003417969
21
131.552993774414
31
0.0
39
0.0
210
0.0
220
0.0
230
1.0
0
LINE
5
379
330
17
100
AcDbEntity
67
0
8
0
62
256
6
ByLayer
370
-1
48
1.0
60
0
100
AcDbLine
10
150.466003417969
20
131.552993774414
30
0.0
11
150.466003417969
21
133.302993774414
31
0.0
39
0.0
210
0.0
220
0.0
230
1.0
0
LINE
5
37A
330
17
100
AcDbEntity
67
0
8
0
62
256
6
ByLayer
370
-1
48
1.0
60
0
100
AcDbLine
10
150.466003417969
20
133.302993774414
30
0.0
11
151.981994628906
21
134.177993774414
31
0.0
39
0.0
210
0.0
220
0.0
230
1.0
0
LINE
5
37B
330
17
100
AcDbEntity
67
0
8
0
62
256
6
ByLayer
370
-1
48
1.0
60
0
100
AcDbLine
10
151.981994628906
20
134.177993774414
30
0.0
11
153.496994018555
21
133.302993774414
31
0.0
39
0.0
210
0.0
220
0.0
230
1.0
0
LINE
5
37C
330
17
100
AcDbEntity
67
0
8
0
62
256
6
ByLayer
370
-1
48
1.0
60
0
100
AcDbLine
10
153.496994018555
20
133.302993774414
30
0.0
11
153.496994018555
21
131.552993774414
31
0.0
39
0.0
210
0.0
220
0.0
230
1.0
0
LINE
5
37D
330
17
100
AcDbEntity
67
0
8
0
62
256
6
ByLayer
370
-1
48
1.0
60
0
100
AcDbLine
10
157.02799987793
20
131.552993774414
30
0.0
11
155.513000488281
21
130.677993774414
31
0.0
39
0.0
210
0.0
220
0.0
230
1.0
0
LINE
5
37E
330
17
100
AcDbEntity
67
0
8
0
62
256
6
ByLayer
370
-1
48
1.0
60
0
100
AcDbLine
10
155.513000488281
20
130.677993774414
30
0.0
11
153.996994018555
21
131.552993774414
31
0.0
39
0.0
210
0.0
220
0.0
230
1.0
0
LINE
5
37F
330
17
100
AcDbEntity
67
0
8
0
62
256
6
ByLayer
370
-1
48
1.0
60
0
100
AcDbLine
10
153.996994018555
20
131.552993774414
30
0.0
11
153.996994018555
21
133.302993774414
31
0.0
39
0.0
210
0.0
220
0.0
230
1.0
0
LINE
5
380
330
17
100
AcDbEntity
67
0
8
0
62
256
6
ByLayer
370
-1
48
1.0
60
0
100
AcDbLine
10
153.996994018555
20
133.302993774414
30
0.0
11
155.513000488281
21
134.177993774414
31
0.0
39
0.0
210
0.0
220
0.0
230
1.0
0
LINE
5
381
330
17
100
AcDbEntity
67
0
8
0
62
256
6
ByLayer
370
-1
48
1.0
60
0
100
AcDbLine
10
155.513000488281
20
134.177993774414
30
0.0
11
157.02799987793
21
133.302993774414
31
0.0
39
0.0
210
0.0
220
0.0
230
1.0
0
LINE
5
382
330
17
100
AcDbEntity
67
0
8
0
62
256
6
ByLayer
370
-1
48
1.0
60
0
100
AcDbLine
10
157.02799987793
20
133.302993774414
30
0.0
11
157.02799987793
21
131.552993774414
31
0.0
39
0.0
210
0.0
220
0.0
230
1.0
0
LINE
5
383
330
17
100
AcDbEntity
67
0
8
0
62
256
6
ByLayer
370
-1
48
1.0
60
0
100
AcDbLine
10
160.559005737305
20
131.552993774414
30
0.0
11
159.044006347656
21
130.677993774414
31
0.0
39
0.0
210
0.0
220
0.0
230
1.0
0
LINE
5
384
330
17
100
AcDbEntity
67
0
8
0
62
256
6
ByLayer
370
-1
48
1.0
60
0
100
AcDbLine
10
159.044006347656
20
130.677993774414
30
0.0
11
157.52799987793
21
131.552993774414
31
0.0
39
0.0
210
0.0
220
0.0
230
1.0
0
LINE
5
385
330
17
100
AcDbEntity
67
0
8
0
62
256
6
ByLayer
370
-1
48
1.0
60
0
100
AcDbLine
10
157.52799987793
20
131.552993774414
30
0.0
11
157.52799987793
21
133.302993774414
31
0.0
39
0.0
210
0.0
220
0.0
230
1.0
0
LINE
5
386
330
17
100
AcDbEntity
67
0
8
0
62
256
6
ByLayer
370
-1
48
1.0
60
0
100
AcDbLine
10
157.52799987793
20
133.302993774414
30
0.0
11
159.044006347656
21
134.177993774414
31
0.0
39
0.0
210
0.0
220
0.0
230
1.0
0
LINE
5
387
330
17
100
AcDbEntity
67
0
8
0
62
256
6
ByLayer
370
-1
48
1.0
60
0
100
AcDbLine
10
159.044006347656
20
134.177993774414
30
0.0
11
160.559005737305
21
133.302993774414
31
0.0
39
0.0
210
0.0
220
0.0
230
1.0
0
LINE
5
388
330
17
100
AcDbEntity
67
0
8
0
62
256
6
ByLayer
370
-1
48
1.0
60
0
100
AcDbLine
10
160.559005737305
20
133.302993774414
30
0.0
11
160.559005737305
21
131.552993774414
31
0.0
39
0.0
210
0.0
220
0.0
230
1.0
0
LINE
5
389
330
17
100
AcDbEntity
67
0
8
0
62
256
6
ByLayer
370
-1
48
1.0
60
0
100
AcDbLine
10
164.091003417969
20
131.552993774414
30
0.0
11
162.574996948242
21
130.677993774414
31
0.0
39
0.0
210
0.0
220
0.0
230
1.0
0
LINE
5
38A
330
17
100
AcDbEntity
67
0
8
0
62
256
6
ByLayer
370
-1
48
1.0
60
0
100
AcDbLine
10
162.574996948242
20
130.677993774414
30
0.0
11
161.059005737305
21
131.552993774414
31
0.0
39
0.0
210
0.0
220
0.0
230
1.0
0
LINE
5
38B
330
17
100
AcDbEntity
67
0
8
0
62
256
6
ByLayer
370
-1
48
1.0
60
0
100
AcDbLine
10
161.059005737305
20
131.552993774414
30
0.0
11
161.059005737305
21
133.302993774414
31
0.0
39
0.0
210
0.0
220
0.0
230
1.0
0
LINE
5
38C
330
17
100
AcDbEntity
67
0
8
0
62
256
6
ByLayer
370
-1
48
1.0
60
0
100
AcDbLine
10
161.059005737305
20
133.302993774414
30
0.0
11
162.574996948242
21
134.177993774414
31
0.0
39
0.0
210
0.0
220
0.0
230
1.0
0
LINE
5
38D
330
17
100
AcDbEntity
67
0
8
0
62
256
6
ByLayer
370
-1
48
1.0
60
0
100
AcDbLine
10
162.574996948242
20
134.177993774414
30
0.0
11
164.091003417969
21
133.302993774414
31
0.0
39
0.0
210
0.0
220
0.0
230
1.0
0
LINE
5
38E
330
17
100
AcDbEntity
67
0
8
0
62
256
6
ByLayer
370
-1
48
1.0
60
0
100
AcDbLine
10
164.091003417969
20
133.302993774414
30
0.0
11
164.091003417969
21
131.552993774414
31
0.0
39
0.0
210
0.0
220
0.0
230
1.0
0
LINE
5
38F
330
17
100
AcDbEntity
67
0
8
0
62
256
6
ByLayer
370
-1
48
1.0
60
0
100
AcDbLine
10
167.621994018555
20
131.552993774414
30
0.0
11
166.106002807617
21
130.677993774414
31
0.0
39
0.0
210
0.0
220
0.0
230
1.0
0
LINE
5
390
330
17
100
AcDbEntity
67
0
8
0
62
256
6
ByLayer
370
-1
48
1.0
60
0
100
AcDbLine
10
166.106002807617
20
130.677993774414
30
0.0
11
164.591003417969
21
131.552993774414
31
0.0
39
0.0
210
0.0
220
0.0
230
1.0
0
LINE
5
391
330
17
100
AcDbEntity
67
0
8
0
62
256
6
ByLayer
370
-1
48
1.0
60
0
100
AcDbLine
10
164.591003417969
20
131.552993774414
30
0.0
11
164.591003417969
21
133.302993774414
31
0.0
39
0.0
210
0.0
220
0.0
230
1.0
0
LINE
5
392
330
17
100
AcDbEntity
67
0
8
0
62
256
6
ByLayer
370
-1
48
1.0
60
0
100
AcDbLine
10
164.591003417969
20
133.302993774414
30
0.0
11
166.106002807617
21
134.177993774414
31
0.0
39
0.0
210
0.0
220
0.0
230
1.0
0
LINE
5
393
330
17
100
AcDbEntity
67
0
8
0
62
256
6
ByLayer
370
-1
48
1.0
60
0
100
AcDbLine
10
166.106002807617
20
134.177993774414
30
0.0
11
167.621994018555
21
133.302993774414
31
0.0
39
0.0
210
0.0
220
0.0
230
1.0
0
LINE
5
394
330
17
100
AcDbEntity
67
0
8
0
62
256
6
ByLayer
370
-1
48
1.0
60
0
100
AcDbLine
10
167.621994018555
20
133.302993774414
30
0.0
11
167.621994018555
21
131.552993774414
31
0.0
39
0.0
210
0.0
220
0.0
230
1.0
0
LINE
5
395
330
17
100
AcDbEntity
67
0
8
0
62
256
6
ByLayer
370
-1
48
1.0
60
0
100
AcDbLine
10
171.15299987793
20
131.552993774414
30
0.0
11
169.636993408203
21
130.677993774414
31
0.0
39
0.0
210
0.0
220
0.0
230
1.0
0
LINE
5
396
330
17
100
AcDbEntity
67
0
8
0
62
256
6
ByLayer
370
-1
48
1.0
60
0
100
AcDbLine
10
169.636993408203
20
130.677993774414
30
0.0
11
168.121994018555
21
131.552993774414
31
0.0
39
0.0
210
0.0
220
0.0
230
1.0
0
LINE
5
397
330
17
100
AcDbEntity
67
0
8
0
62
256
6
ByLayer
370
-1
48
1.0
60
0
100
AcDbLine
10
168.121994018555
20
131.552993774414
30
0.0
11
168.121994018555
21
133.302993774414
31
0.0
39
0.0
210
0.0
220
0.0
230
1.0
0
LINE
5
398
330
17
100
AcDbEntity
67
0
8
0
62
256
6
ByLayer
370
-1
48
1.0
60
0
100
AcDbLine
10
168.121994018555
20
133.302993774414
30
0.0
11
169.636993408203
21
134.177993774414
31
0.0
39
0.0
210
0.0
220
0.0
230
1.0
0
LINE
5
399
330
17
100
AcDbEntity
67
0
8
0
62
256
6
ByLayer
370
-1
48
1.0
60
0
100
AcDbLine
10
169.636993408203
20
134.177993774414
30
0.0
11
171.15299987793
21
133.302993774414
31
0.0
39
0.0
210
0.0
220
0.0
230
1.0
0
LINE
5
39A
330
17
100
AcDbEntity
67
0
8
0
62
256
6
ByLayer
370
-1
48
1.0
60
0
100
AcDbLine
10
171.15299987793
20
133.302993774414
30
0.0
11
171.15299987793
21
131.552993774414
31
0.0
39
0.0
210
0.0
220
0.0
230
1.0
0
LINE
5
39B
330
17
100
AcDbEntity
67
0
8
0
62
256
6
ByLayer
370
-1
48
1.0
60
0
100
AcDbLine
10
174.684005737305
20
131.552993774414
30
0.0
11
173.167999267578
21
130.677993774414
31
0.0
39
0.0
210
0.0
220
0.0
230
1.0
0
LINE
5
39C
330
17
100
AcDbEntity
67
0
8
0
62
256
6
ByLayer
370
-1
48
1.0
60
0
100
AcDbLine
10
173.167999267578
20
130.677993774414
30
0.0
11
171.65299987793
21
131.552993774414
31
0.0
39
0.0
210
0.0
220
0.0
230
1.0
0
LINE
5
39D
330
17
100
AcDbEntity
67
0
8
0
62
256
6
ByLayer
370
-1
48
1.0
60
0
100
AcDbLine
10
171.65299987793
20
131.552993774414
30
0.0
11
171.65299987793
21
133.302993774414
31
0.0
39
0.0
210
0.0
220
0.0
230
1.0
0
LINE
5
39E
330
17
100
AcDbEntity
67
0
8
0
62
256
6
ByLayer
370
-1
48
1.0
60
0
100
AcDbLine
10
171.65299987793
20
133.302993774414
30
0.0
11
173.167999267578
21
134.177993774414
31
0.0
39
0.0
210
0.0
220
0.0
230
1.0
0
LINE
5
39F
330
17
100
AcDbEntity
67
0
8
0
62
256
6
ByLayer
370
-1
48
1.0
60
0
100
AcDbLine
10
173.167999267578
20
134.177993774414
30
0.0
11
174.684005737305
21
133.302993774414
31
0.0
39
0.0
210
0.0
220
0.0
230
1.0
0
LINE
5
3A0
330
17
100
AcDbEntity
67
0
8
0
62
256
6
ByLayer
370
-1
48
1.0
60
0
100
AcDbLine
10
174.684005737305
20
133.302993774414
30
0.0
11
174.684005737305
21
131.552993774414
31
0.0
39
0.0
210
0.0
220
0.0
230
1.0
0
LINE
5
3A1
330
17
100
AcDbEntity
67
0
8
0
62
256
6
ByLayer
370
-1
48
1.0
60
0
100
AcDbLine
10
178.214996337891
20
131.552993774414
30
0.0
11
176.699005126953
21
130.677993774414
31
0.0
39
0.0
210
0.0
220
0.0
230
1.0
0
LINE
5
3A2
330
17
100
AcDbEntity
67
0
8
0
62
256
6
ByLayer
370
-1
48
1.0
60
0
100
AcDbLine
10
176.699005126953
20
130.677993774414
30
0.0
11
175.184005737305
21
131.552993774414
31
0.0
39
0.0
210
0.0
220
0.0
230
1.0
0
LINE
5
3A3
330
17
100
AcDbEntity
67
0
8
0
62
256
6
ByLayer
370
-1
48
1.0
60
0
100
AcDbLine
10
175.184005737305
20
131.552993774414
30
0.0
11
175.184005737305
21
133.302993774414
31
0.0
39
0.0
210
0.0
220
0.0
230
1.0
0
LINE
5
3A4
330
17
100
AcDbEntity
67
0
8
0
62
256
6
ByLayer
370
-1
48
1.0
60
0
100
AcDbLine
10
175.184005737305
20
133.302993774414
30
0.0
11
176.699005126953
21
134.177993774414
31
0.0
39
0.0
210
0.0
220
0.0
230
1.0
0
LINE
5
3A5
330
17
100
AcDbEntity
67
0
8
0
62
256
6
ByLayer
370
-1
48
1.0
60
0
100
AcDbLine
10
176.699005126953
20
134.177993774414
30
0.0
11
178.214996337891
21
133.302993774414
31
0.0
39
0.0
210
0.0
220
0.0
230
1.0
0
LINE
5
3A6
330
17
100
AcDbEntity
67
0
8
0
62
256
6
ByLayer
370
-1
48
1.0
60
0
100
AcDbLine
10
178.214996337891
20
133.302993774414
30
0.0
11
178.214996337891
21
131.552993774414
31
0.0
39
0.0
210
0.0
220
0.0
230
1.0
0
LINE
5
3A7
330
17
100
AcDbEntity
67
0
8
0
62
256
6
ByLayer
370
-1
48
1.0
60
0
100
AcDbLine
10
181.746002197266
20
132.613006591797
30
0.0
11
181.746002197266
21
133.302993774414
31
0.0
39
0.0
210
0.0
220
0.0
230
1.0
0
LINE
5
3A8
330
17
100
AcDbEntity
67
0
8
0
62
256
6
ByLayer
370
-1
48
1.0
60
0
100
AcDbLine
10
181.746002197266
20
133.302993774414
30
0.0
11
180.229995727539
21
134.177993774414
31
0.0
39
0.0
210
0.0
220
0.0
230
1.0
0
LINE
5
3A9
330
17
100
AcDbEntity
67
0
8
0
62
256
6
ByLayer
370
-1
48
1.0
60
0
100
AcDbLine
10
180.229995727539
20
134.177993774414
30
0.0
11
178.714996337891
21
133.302993774414
31
0.0
39
0.0
210
0.0
220
0.0
230
1.0
0
LINE
5
3AA
330
17
100
AcDbEntity
67
0
8
0
62
256
6
ByLayer
370
-1
48
1.0
60
0
100
AcDbLine
10
178.714996337891
20
133.302993774414
30
0.0
11
178.714996337891
21
131.552993774414
31
0.0
39
0.0
210
0.0
220
0.0
230
1.0
0
LINE
5
3AB
330
17
100
AcDbEntity
67
0
8
0
62
256
6
ByLayer
370
-1
48
1.0
60
0
100
AcDbLine
10
178.714996337891
20
131.552993774414
30
0.0
11
180.229995727539
21
130.677993774414
31
0.0
39
0.0
210
0.0
220
0.0
230
1.0
0
LINE
5
3AC
330
17
100
AcDbEntity
67
0
8
0
62
256
6
ByLayer
370
-1
48
1.0
60
0
100
AcDbLine
10
180.229995727539
20
130.677993774414
30
0.0
11
181.057006835938
21
131.154998779297
31
0.0
39
0.0
210
0.0
220
0.0
230
1.0
0
LINE
5
3AD
330
17
100
AcDbEntity
67
0
8
0
62
256
6
ByLayer
370
-1
48
1.0
60
0
100
AcDbLine
10
181.057006835938
20
131.154998779297
30
0.0
11
181.746002197266
21
132.613006591797
31
0.0
39
0.0
210
0.0
220
0.0
230
1.0
0
LINE
5
3AE
330
17
100
AcDbEntity
67
0
8
0
62
256
6
ByLayer
370
-1
48
1.0
60
0
100
AcDbLine
10
136.240997314453
20
128.22200012207
30
0.0
11
135.914993286133
21
128.020004272461
31
0.0
39
0.0
210
0.0
220
0.0
230
1.0
0
LINE
5
3AF
330
17
100
AcDbEntity
67
0
8
0
62
256
6
ByLayer
370
-1
48
1.0
60
0
100
AcDbLine
10
135.914993286133
20
128.020004272461
30
0.0
11
135.701995849609
21
127.84400177002
31
0.0
39
0.0
210
0.0
220
0.0
230
1.0
0
LINE
5
3B0
330
17
100
AcDbEntity
67
0
8
0
62
256
6
ByLayer
370
-1
48
1.0
60
0
100
AcDbLine
10
135.701995849609
20
127.84400177002
30
0.0
11
136.091995239258
21
127.620002746582
31
0.0
39
0.0
210
0.0
220
0.0
230
1.0
0
LINE
5
3B1
330
17
100
AcDbEntity
67
0
8
0
62
256
6
ByLayer
370
-1
48
1.0
60
0
100
AcDbLine
10
136.091995239258
20
127.620002746582
30
0.0
11
137.606994628906
21
128.494995117188
31
0.0
39
0.0
210
0.0
220
0.0
230
1.0
0
LINE
5
3B2
330
17
100
AcDbEntity
67
0
8
0
62
256
6
ByLayer
370
-1
48
1.0
60
0
100
AcDbLine
10
137.606994628906
20
128.494995117188
30
0.0
11
137.606994628906
21
128.807006835938
31
0.0
39
0.0
210
0.0
220
0.0
230
1.0
0
LINE
5
3B3
330
17
100
AcDbEntity
67
0
8
0
62
256
6
ByLayer
370
-1
48
1.0
60
0
100
AcDbLine
10
137.606994628906
20
128.807006835938
30
0.0
11
136.240997314453
21
128.22200012207
31
0.0
39
0.0
210
0.0
220
0.0
230
1.0
0
LINE
5
3B4
330
17
100
AcDbEntity
67
0
8
0
62
256
6
ByLayer
370
-1
48
1.0
60
0
100
AcDbLine
10
139.97900390625
20
130.632995605469
30
0.0
11
139.486999511719
21
130.089996337891
31
0.0
39
0.0
210
0.0
220
0.0
230
1.0
0
LINE
5
3B5
330
17
100
AcDbEntity
67
0
8
0
62
256
6
ByLayer
370
-1
48
1.0
60
0
100
AcDbLine
10
139.486999511719
20
130.089996337891
30
0.0
11
138.938003540039
21
129.604995727539
31
0.0
39
0.0
210
0.0
220
0.0
230
1.0
0
LINE
5
3B6
330
17
100
AcDbEntity
67
0
8
0
62
256
6
ByLayer
370
-1
48
1.0
60
0
100
AcDbLine
10
138.938003540039
20
129.604995727539
30
0.0
11
138.332000732422
21
129.184005737305
31
0.0
39
0.0
210
0.0
220
0.0
230
1.0
0
LINE
5
3B7
330
17
100
AcDbEntity
67
0
8
0
62
256
6
ByLayer
370
-1
48
1.0
60
0
100
AcDbLine
10
138.332000732422
20
129.184005737305
30
0.0
11
138.106994628906
21
129.065002441406
31
0.0
39
0.0
210
0.0
220
0.0
230
1.0
0
LINE
5
3B8
330
17
100
AcDbEntity
67
0
8
0
62
256
6
ByLayer
370
-1
48
1.0
60
0
100
AcDbLine
10
138.106994628906
20
129.065002441406
30
0.0
11
138.106994628906
21
128.494995117188
31
0.0
39
0.0
210
0.0
220
0.0
230
1.0
0
LINE
5
3B9
330
17
100
AcDbEntity
67
0
8
0
62
256
6
ByLayer
370
-1
48
1.0
60
0
100
AcDbLine
10
138.106994628906
20
128.494995117188
30
0.0
11
139.623001098633
21
127.620002746582
31
0.0
39
0.0
210
0.0
220
0.0
230
1.0
0
LINE
5
3BA
330
17
100
AcDbEntity
67
0
8
0
62
256
6
ByLayer
370
-1
48
1.0
60
0
100
AcDbLine
10
139.623001098633
20
127.620002746582
30
0.0
11
141.138000488281
21
128.494995117188
31
0.0
39
0.0
210
0.0
220
0.0
230
1.0
0
LINE
5
3BB
330
17
100
AcDbEntity
67
0
8
0
62
256
6
ByLayer
370
-1
48
1.0
60
0
100
AcDbLine
10
141.138000488281
20
128.494995117188
30
0.0
11
141.138000488281
21
130.244995117188
31
0.0
39
0.0
210
0.0
220
0.0
230
1.0
0
LINE
5
3BC
330
17
100
AcDbEntity
67
0
8
0
62
256
6
ByLayer
370
-1
48
1.0
60
0
100
AcDbLine
10
141.138000488281
20
130.244995117188
30
0.0
11
140.123992919922
21
130.830001831055
31
0.0
39
0.0
210
0.0
220
0.0
230
1.0
0
LINE
5
3BD
330
17
100
AcDbEntity
67
0
8
0
62
256
6
ByLayer
370
-1
48
1.0
60
0
100
AcDbLine
10
140.123992919922
20
130.830001831055
30
0.0
11
139.97900390625
21
130.632995605469
31
0.0
39
0.0
210
0.0
220
0.0
230
1.0
0
LINE
5
3BE
330
17
100
AcDbEntity
67
0
8
0
62
256
6
ByLayer
370
-1
48
1.0
60
0
100
AcDbLine
10
144.669998168945
20
128.494995117188
30
0.0
11
143.154006958008
21
127.620002746582
31
0.0
39
0.0
210
0.0
220
0.0
230
1.0
0
LINE
5
3BF
330
17
100
AcDbEntity
67
0
8
0
62
256
6
ByLayer
370
-1
48
1.0
60
0
100
AcDbLine
10
143.154006958008
20
127.620002746582
30
0.0
11
141.638000488281
21
128.494995117188
31
0.0
39
0.0
210
0.0
220
0.0
230
1.0
0
LINE
5
3C0
330
17
100
AcDbEntity
67
0
8
0
62
256
6
ByLayer
370
-1
48
1.0
60
0
100
AcDbLine
10
141.638000488281
20
128.494995117188
30
0.0
11
141.638000488281
21
130.244995117188
31
0.0
39
0.0
210
0.0
220
0.0
230
1.0
0
LINE
5
3C1
330
17
100
AcDbEntity
67
0
8
0
62
256
6
ByLayer
370
-1
48
1.0
60
0
100
AcDbLine
10
141.638000488281
20
130.244995117188
30
0.0
11
143.154006958008
21
131.119995117188
31
0.0
39
0.0
210
0.0
220
0.0
230
1.0
0
LINE
5
3C2
330
17
100
AcDbEntity
67
0
8
0
62
256
6
ByLayer
370
-1
48
1.0
60
0
100
AcDbLine
10
143.154006958008
20
131.119995117188
30
0.0
11
144.669998168945
21
130.244995117188
31
0.0
39
0.0
210
0.0
220
0.0
230
1.0
0
LINE
5
3C3
330
17
100
AcDbEntity
67
0
8
0
62
256
6
ByLayer
370
-1
48
1.0
60
0
100
AcDbLine
10
144.669998168945
20
130.244995117188
30
0.0
11
144.669998168945
21
128.494995117188
31
0.0
39
0.0
210
0.0
220
0.0
230
1.0
0
LINE
5
3C4
330
17
100
AcDbEntity
67
0
8
0
62
256
6
ByLayer
370
-1
48
1.0
60
0
100
AcDbLine
10
148.20100402832
20
128.494995117188
30
0.0
11
146.684997558594
21
127.620002746582
31
0.0
39
0.0
210
0.0
220
0.0
230
1.0
0
LINE
5
3C5
330
17
100
AcDbEntity
67
0
8
0
62
256
6
ByLayer
370
-1
48
1.0
60
0
100
AcDbLine
10
146.684997558594
20
127.620002746582
30
0.0
11
145.169998168945
21
128.494995117188
31
0.0
39
0.0
210
0.0
220
0.0
230
1.0
0
LINE
5
3C6
330
17
100
AcDbEntity
67
0
8
0
62
256
6
ByLayer
370
-1
48
1.0
60
0
100
AcDbLine
10
145.169998168945
20
128.494995117188
30
0.0
11
145.169998168945
21
130.244995117188
31
0.0
39
0.0
210
0.0
220
0.0
230
1.0
0
LINE
5
3C7
330
17
100
AcDbEntity
67
0
8
0
62
256
6
ByLayer
370
-1
48
1.0
60
0
100
AcDbLine
10
145.169998168945
20
130.244995117188
30
0.0
11
146.684997558594
21
131.119995117188
31
0.0
39
0.0
210
0.0
220
0.0
230
1.0
0
LINE
5
3C8
330
17
100
AcDbEntity
67
0
8
0
62
256
6
ByLayer
370
-1
48
1.0
60
0
100
AcDbLine
10
146.684997558594
20
131.119995117188
30
0.0
11
148.20100402832
21
130.244995117188
31
0.0
39
0.0
210
0.0
220
0.0
230
1.0
0
LINE
5
3C9
330
17
100
AcDbEntity
67
0
8
0
62
256
6
ByLayer
370
-1
48
1.0
60
0
100
AcDbLine
10
148.20100402832
20
130.244995117188
30
0.0
11
148.20100402832
21
128.494995117188
31
0.0
39
0.0
210
0.0
220
0.0
230
1.0
0
LINE
5
3CA
330
17
100
AcDbEntity
67
0
8
0
62
256
6
ByLayer
370
-1
48
1.0
60
0
100
AcDbLine
10
151.731994628906
20
128.494995117188
30
0.0
11
150.216003417969
21
127.620002746582
31
0.0
39
0.0
210
0.0
220
0.0
230
1.0
0
LINE
5
3CB
330
17
100
AcDbEntity
67
0
8
0
62
256
6
ByLayer
370
-1
48
1.0
60
0
100
AcDbLine
10
150.216003417969
20
127.620002746582
30
0.0
11
148.70100402832
21
128.494995117188
31
0.0
39
0.0
210
0.0
220
0.0
230
1.0
0
LINE
5
3CC
330
17
100
AcDbEntity
67
0
8
0
62
256
6
ByLayer
370
-1
48
1.0
60
0
100
AcDbLine
10
148.70100402832
20
128.494995117188
30
0.0
11
148.70100402832
21
130.244995117188
31
0.0
39
0.0
210
0.0
220
0.0
230
1.0
0
LINE
5
3CD
330
17
100
AcDbEntity
67
0
8
0
62
256
6
ByLayer
370
-1
48
1.0
60
0
100
AcDbLine
10
148.70100402832
20
130.244995117188
30
0.0
11
150.216003417969
21
131.119995117188
31
0.0
39
0.0
210
0.0
220
0.0
230
1.0
0
LINE
5
3CE
330
17
100
AcDbEntity
67
0
8
0
62
256
6
ByLayer
370
-1
48
1.0
60
0
100
AcDbLine
10
150.216003417969
20
131.119995117188
30
0.0
11
151.731994628906
21
130.244995117188
31
0.0
39
0.0
210
0.0
220
0.0
230
1.0
0
LINE
5
3CF
330
17
100
AcDbEntity
67
0
8
0
62
256
6
ByLayer
370
-1
48
1.0
60
0
100
AcDbLine
10
151.731994628906
20
130.244995117188
30
0.0
11
151.731994628906
21
128.494995117188
31
0.0
39
0.0
210
0.0
220
0.0
230
1.0
0
LINE
5
3D0
330
17
100
AcDbEntity
67
0
8
0
62
256
6
ByLayer
370
-1
48
1.0
60
0
100
AcDbLine
10
155.263000488281
20
128.494995117188
30
0.0
11
153.746994018555
21
127.620002746582
31
0.0
39
0.0
210
0.0
220
0.0
230
1.0
0
LINE
5
3D1
330
17
100
AcDbEntity
67
0
8
0
62
256
6
ByLayer
370
-1
48
1.0
60
0
100
AcDbLine
10
153.746994018555
20
127.620002746582
30
0.0
11
152.231994628906
21
128.494995117188
31
0.0
39
0.0
210
0.0
220
0.0
230
1.0
0
LINE
5
3D2
330
17
100
AcDbEntity
67
0
8
0
62
256
6
ByLayer
370
-1
48
1.0
60
0
100
AcDbLine
10
152.231994628906
20
128.494995117188
30
0.0
11
152.231994628906
21
130.244995117188
31
0.0
39
0.0
210
0.0
220
0.0
230
1.0
0
LINE
5
3D3
330
17
100
AcDbEntity
67
0
8
0
62
256
6
ByLayer
370
-1
48
1.0
60
0
100
AcDbLine
10
152.231994628906
20
130.244995117188
30
0.0
11
153.746994018555
21
131.119995117188
31
0.0
39
0.0
210
0.0
220
0.0
230
1.0
0
LINE
5
3D4
330
17
100
AcDbEntity
67
0
8
0
62
256
6
ByLayer
370
-1
48
1.0
60
0
100
AcDbLine
10
153.746994018555
20
131.119995117188
30
0.0
11
155.263000488281
21
130.244995117188
31
0.0
39
0.0
210
0.0
220
0.0
230
1.0
0
LINE
5
3D5
330
17
100
AcDbEntity
67
0
8
0
62
256
6
ByLayer
370
-1
48
1.0
60
0
100
AcDbLine
10
155.263000488281
20
130.244995117188
30
0.0
11
155.263000488281
21
128.494995117188
31
0.0
39
0.0
210
0.0
220
0.0
230
1.0
0
LINE
5
3D6
330
17
100
AcDbEntity
67
0
8
0
62
256
6
ByLayer
370
-1
48
1.0
60
0
100
AcDbLine
10
158.794006347656
20
128.494995117188
30
0.0
11
157.27799987793
21
127.620002746582
31
0.0
39
0.0
210
0.0
220
0.0
230
1.0
0
LINE
5
3D7
330
17
100
AcDbEntity
67
0
8
0
62
256
6
ByLayer
370
-1
48
1.0
60
0
100
AcDbLine
10
157.27799987793
20
127.620002746582
30
0.0
11
155.763000488281
21
128.494995117188
31
0.0
39
0.0
210
0.0
220
0.0
230
1.0
0
LINE
5
3D8
330
17
100
AcDbEntity
67
0
8
0
62
256
6
ByLayer
370
-1
48
1.0
60
0
100
AcDbLine
10
155.763000488281
20
128.494995117188
30
0.0
11
155.763000488281
21
130.244995117188
31
0.0
39
0.0
210
0.0
220
0.0
230
1.0
0
LINE
5
3D9
330
17
100
AcDbEntity
67
0
8
0
62
256
6
ByLayer
370
-1
48
1.0
60
0
100
AcDbLine
10
155.763000488281
20
130.244995117188
30
0.0
11
157.27799987793
21
131.119995117188
31
0.0
39
0.0
210
0.0
220
0.0
230
1.0
0
LINE
5
3DA
330
17
100
AcDbEntity
67
0
8
0
62
256
6
ByLayer
370
-1
48
1.0
60
0
100
AcDbLine
10
157.27799987793
20
131.119995117188
30
0.0
11
158.794006347656
21
130.244995117188
31
0.0
39
0.0
210
0.0
220
0.0
230
1.0
0
LINE
5
3DB
330
17
100
AcDbEntity
67
0
8
0
62
256
6
ByLayer
370
-1
48
1.0
60
0
100
AcDbLine
10
158.794006347656
20
130.244995117188
30
0.0
11
158.794006347656
21
128.494995117188
31
0.0
39
0.0
210
0.0
220
0.0
230
1.0
0
LINE
5
3DC
330
17
100
AcDbEntity
67
0
8
0
62
256
6
ByLayer
370
-1
48
1.0
60
0
100
AcDbLine
10
162.324996948242
20
128.494995117188
30
0.0
11
160.809005737305
21
127.620002746582
31
0.0
39
0.0
210
0.0
220
0.0
230
1.0
0
LINE
5
3DD
330
17
100
AcDbEntity
67
0
8
0
62
256
6
ByLayer
370
-1
48
1.0
60
0
100
AcDbLine
10
160.809005737305
20
127.620002746582
30
0.0
11
159.294006347656
21
128.494995117188
31
0.0
39
0.0
210
0.0
220
0.0
230
1.0
0
LINE
5
3DE
330
17
100
AcDbEntity
67
0
8
0
62
256
6
ByLayer
370
-1
48
1.0
60
0
100
AcDbLine
10
159.294006347656
20
128.494995117188
30
0.0
11
159.294006347656
21
130.244995117188
31
0.0
39
0.0
210
0.0
220
0.0
230
1.0
0
LINE
5
3DF
330
17
100
AcDbEntity
67
0
8
0
62
256
6
ByLayer
370
-1
48
1.0
60
0
100
AcDbLine
10
159.294006347656
20
130.244995117188
30
0.0
11
160.809005737305
21
131.119995117188
31
0.0
39
0.0
210
0.0
220
0.0
230
1.0
0
LINE
5
3E0
330
17
100
AcDbEntity
67
0
8
0
62
256
6
ByLayer
370
-1
48
1.0
60
0
100
AcDbLine
10
160.809005737305
20
131.119995117188
30
0.0
11
162.324996948242
21
130.244995117188
31
0.0
39
0.0
210
0.0
220
0.0
230
1.0
0
LINE
5
3E1
330
17
100
AcDbEntity
67
0
8
0
62
256
6
ByLayer
370
-1
48
1.0
60
0
100
AcDbLine
10
162.324996948242
20
130.244995117188
30
0.0
11
162.324996948242
21
128.494995117188
31
0.0
39
0.0
210
0.0
220
0.0
230
1.0
0
LINE
5
3E2
330
17
100
AcDbEntity
67
0
8
0
62
256
6
ByLayer
370
-1
48
1.0
60
0
100
AcDbLine
10
165.856002807617
20
128.494995117188
30
0.0
11
164.341003417969
21
127.620002746582
31
0.0
39
0.0
210
0.0
220
0.0
230
1.0
0
LINE
5
3E3
330
17
100
AcDbEntity
67
0
8
0
62
256
6
ByLayer
370
-1
48
1.0
60
0
100
AcDbLine
10
164.341003417969
20
127.620002746582
30
0.0
11
162.824996948242
21
128.494995117188
31
0.0
39
0.0
210
0.0
220
0.0
230
1.0
0
LINE
5
3E4
330
17
100
AcDbEntity
67
0
8
0
62
256
6
ByLayer
370
-1
48
1.0
60
0
100
AcDbLine
10
162.824996948242
20
128.494995117188
30
0.0
11
162.824996948242
21
130.244995117188
31
0.0
39
0.0
210
0.0
220
0.0
230
1.0
0
LINE
5
3E5
330
17
100
AcDbEntity
67
0
8
0
62
256
6
ByLayer
370
-1
48
1.0
60
0
100
AcDbLine
10
162.824996948242
20
130.244995117188
30
0.0
11
164.341003417969
21
131.119995117188
31
0.0
39
0.0
210
0.0
220
0.0
230
1.0
0
LINE
5
3E6
330
17
100
AcDbEntity
67
0
8
0
62
256
6
ByLayer
370
-1
48
1.0
60
0
100
AcDbLine
10
164.341003417969
20
131.119995117188
30
0.0
11
165.856002807617
21
130.244995117188
31
0.0
39
0.0
210
0.0
220
0.0
230
1.0
0
LINE
5
3E7
330
17
100
AcDbEntity
67
0
8
0
62
256
6
ByLayer
370
-1
48
1.0
60
0
100
AcDbLine
10
165.856002807617
20
130.244995117188
30
0.0
11
165.856002807617
21
128.494995117188
31
0.0
39
0.0
210
0.0
220
0.0
230
1.0
0
LINE
5
3E8
330
17
100
AcDbEntity
67
0
8
0
62
256
6
ByLayer
370
-1
48
1.0
60
0
100
AcDbLine
10
169.386993408203
20
128.494995117188
30
0.0
11
167.871994018555
21
127.620002746582
31
0.0
39
0.0
210
0.0
220
0.0
230
1.0
0
LINE
5
3E9
330
17
100
AcDbEntity
67
0
8
0
62
256
6
ByLayer
370
-1
48
1.0
60
0
100
AcDbLine
10
167.871994018555
20
127.620002746582
30
0.0
11
166.356002807617
21
128.494995117188
31
0.0
39
0.0
210
0.0
220
0.0
230
1.0
0
LINE
5
3EA
330
17
100
AcDbEntity
67
0
8
0
62
256
6
ByLayer
370
-1
48
1.0
60
0
100
AcDbLine
10
166.356002807617
20
128.494995117188
30
0.0
11
166.356002807617
21
130.244995117188
31
0.0
39
0.0
210
0.0
220
0.0
230
1.0
0
LINE
5
3EB
330
17
100
AcDbEntity
67
0
8
0
62
256
6
ByLayer
370
-1
48
1.0
60
0
100
AcDbLine
10
166.356002807617
20
130.244995117188
30
0.0
11
167.871994018555
21
131.119995117188
31
0.0
39
0.0
210
0.0
220
0.0
230
1.0
0
LINE
5
3EC
330
17
100
AcDbEntity
67
0
8
0
62
256
6
ByLayer
370
-1
48
1.0
60
0
100
AcDbLine
10
167.871994018555
20
131.119995117188
30
0.0
11
169.386993408203
21
130.244995117188
31
0.0
39
0.0
210
0.0
220
0.0
230
1.0
0
LINE
5
3ED
330
17
100
AcDbEntity
67
0
8
0
62
256
6
ByLayer
370
-1
48
1.0
60
0
100
AcDbLine
10
169.386993408203
20
130.244995117188
30
0.0
11
169.386993408203
21
128.494995117188
31
0.0
39
0.0
210
0.0
220
0.0
230
1.0
0
LINE
5
3EE
330
17
100
AcDbEntity
67
0
8
0
62
256
6
ByLayer
370
-1
48
1.0
60
0
100
AcDbLine
10
172.917999267578
20
128.494995117188
30
0.0
11
171.40299987793
21
127.620002746582
31
0.0
39
0.0
210
0.0
220
0.0
230
1.0
0
LINE
5
3EF
330
17
100
AcDbEntity
67
0
8
0
62
256
6
ByLayer
370
-1
48
1.0
60
0
100
AcDbLine
10
171.40299987793
20
127.620002746582
30
0.0
11
169.886993408203
21
128.494995117188
31
0.0
39
0.0
210
0.0
220
0.0
230
1.0
0
LINE
5
3F0
330
17
100
AcDbEntity
67
0
8
0
62
256
6
ByLayer
370
-1
48
1.0
60
0
100
AcDbLine
10
169.886993408203
20
128.494995117188
30
0.0
11
169.886993408203
21
130.244995117188
31
0.0
39
0.0
210
0.0
220
0.0
230
1.0
0
LINE
5
3F1
330
17
100
AcDbEntity
67
0
8
0
62
256
6
ByLayer
370
-1
48
1.0
60
0
100
AcDbLine
10
169.886993408203
20
130.244995117188
30
0.0
11
171.40299987793
21
131.119995117188
31
0.0
39
0.0
210
0.0
220
0.0
230
1.0
0
LINE
5
3F2
330
17
100
AcDbEntity
67
0
8
0
62
256
6
ByLayer
370
-1
48
1.0
60
0
100
AcDbLine
10
171.40299987793
20
131.119995117188
30
0.0
11
172.917999267578
21
130.244995117188
31
0.0
39
0.0
210
0.0
220
0.0
230
1.0
0
LINE
5
3F3
330
17
100
AcDbEntity
67
0
8
0
62
256
6
ByLayer
370
-1
48
1.0
60
0
100
AcDbLine
10
172.917999267578
20
130.244995117188
30
0.0
11
172.917999267578
21
128.494995117188
31
0.0
39
0.0
210
0.0
220
0.0
230
1.0
0
LINE
5
3F4
330
17
100
AcDbEntity
67
0
8
0
62
256
6
ByLayer
370
-1
48
1.0
60
0
100
AcDbLine
10
176.449005126953
20
128.494995117188
30
0.0
11
174.934005737305
21
127.620002746582
31
0.0
39
0.0
210
0.0
220
0.0
230
1.0
0
LINE
5
3F5
330
17
100
AcDbEntity
67
0
8
0
62
256
6
ByLayer
370
-1
48
1.0
60
0
100
AcDbLine
10
174.934005737305
20
127.620002746582
30
0.0
11
173.417999267578
21
128.494995117188
31
0.0
39
0.0
210
0.0
220
0.0
230
1.0
0
LINE
5
3F6
330
17
100
AcDbEntity
67
0
8
0
62
256
6
ByLayer
370
-1
48
1.0
60
0
100
AcDbLine
10
173.417999267578
20
128.494995117188
30
0.0
11
173.417999267578
21
130.244995117188
31
0.0
39
0.0
210
0.0
220
0.0
230
1.0
0
LINE
5
3F7
330
17
100
AcDbEntity
67
0
8
0
62
256
6
ByLayer
370
-1
48
1.0
60
0
100
AcDbLine
10
173.417999267578
20
130.244995117188
30
0.0
11
174.934005737305
21
131.119995117188
31
0.0
39
0.0
210
0.0
220
0.0
230
1.0
0
LINE
5
3F8
330
17
100
AcDbEntity
67
0
8
0
62
256
6
ByLayer
370
-1
48
1.0
60
0
100
AcDbLine
10
174.934005737305
20
131.119995117188
30
0.0
11
176.449005126953
21
130.244995117188
31
0.0
39
0.0
210
0.0
220
0.0
230
1.0
0
LINE
5
3F9
330
17
100
AcDbEntity
67
0
8
0
62
256
6
ByLayer
370
-1
48
1.0
60
0
100
AcDbLine
10
176.449005126953
20
130.244995117188
30
0.0
11
176.449005126953
21
128.494995117188
31
0.0
39
0.0
210
0.0
220
0.0
230
1.0
0
LINE
5
3FA
330
17
100
AcDbEntity
67
0
8
0
62
256
6
ByLayer
370
-1
48
1.0
60
0
100
AcDbLine
10
179.979995727539
20
128.876007080078
30
0.0
11
179.979995727539
21
130.244995117188
31
0.0
39
0.0
210
0.0
220
0.0
230
1.0
0
LINE
5
3FB
330
17
100
AcDbEntity
67
0
8
0
62
256
6
ByLayer
370
-1
48
1.0
60
0
100
AcDbLine
10
179.979995727539
20
130.244995117188
30
0.0
11
178.464996337891
21
131.119995117188
31
0.0
39
0.0
210
0.0
220
0.0
230
1.0
0
LINE
5
3FC
330
17
100
AcDbEntity
67
0
8
0
62
256
6
ByLayer
370
-1
48
1.0
60
0
100
AcDbLine
10
178.464996337891
20
131.119995117188
30
0.0
11
176.949005126953
21
130.244995117188
31
0.0
39
0.0
210
0.0
220
0.0
230
1.0
0
LINE
5
3FD
330
17
100
AcDbEntity
67
0
8
0
62
256
6
ByLayer
370
-1
48
1.0
60
0
100
AcDbLine
10
176.949005126953
20
130.244995117188
30
0.0
11
176.949005126953
21
128.494995117188
31
0.0
39
0.0
210
0.0
220
0.0
230
1.0
0
LINE
5
3FE
330
17
100
AcDbEntity
67
0
8
0
62
256
6
ByLayer
370
-1
48
1.0
60
0
100
AcDbLine
10
176.949005126953
20
128.494995117188
30
0.0
11
178.464996337891
21
127.620002746582
31
0.0
39
0.0
210
0.0
220
0.0
230
1.0
0
LINE
5
3FF
330
17
100
AcDbEntity
67
0
8
0
62
256
6
ByLayer
370
-1
48
1.0
60
0
100
AcDbLine
10
178.464996337891
20
127.620002746582
30
0.0
11
179.733001708984
21
128.352005004883
31
0.0
39
0.0
210
0.0
220
0.0
230
1.0
0
LINE
5
400
330
17
100
AcDbEntity
67
0
8
0
62
256
6
ByLayer
370
-1
48
1.0
60
0
100
AcDbLine
10
179.733001708984
20
128.352005004883
30
0.0
11
179.979995727539
21
128.876007080078
31
0.0
39
0.0
210
0.0
220
0.0
230
1.0
0
LINE
5
401
330
17
100
AcDbEntity
67
0
8
0
62
256
6
ByLayer
370
-1
48
1.0
60
0
100
AcDbLine
10
180.682006835938
20
130.360992431641
30
0.0
11
180.479995727539
21
130.244995117188
31
0.0
39
0.0
210
0.0
220
0.0
230
1.0
0
LINE
5
402
330
17
100
AcDbEntity
67
0
8
0
62
256
6
ByLayer
370
-1
48
1.0
60
0
100
AcDbLine
10
180.479995727539
20
130.244995117188
30
0.0
11
180.479995727539
21
129.934005737305
31
0.0
39
0.0
210
0.0
220
0.0
230
1.0
0
LINE
5
403
330
17
100
AcDbEntity
67
0
8
0
62
256
6
ByLayer
370
-1
48
1.0
60
0
100
AcDbLine
10
180.479995727539
20
129.934005737305
30
0.0
11
180.682006835938
21
130.360992431641
31
0.0
39
0.0
210
0.0
220
0.0
230
1.0
0
LINE
5
404
330
17
100
AcDbEntity
67
0
8
0
62
256
6
ByLayer
370
-1
48
1.0
60
0
100
AcDbLine
10
135.281005859375
20
127.291999816895
30
0.0
11
135.195999145508
21
127.095001220703
31
0.0
39
0.0
210
0.0
220
0.0
230
1.0
0
LINE
5
405
330
17
100
AcDbEntity
67
0
8
0
62
256
6
ByLayer
370
-1
48
1.0
60
0
100
AcDbLine
10
135.195999145508
20
127.095001220703
30
0.0
11
135.136993408203
21
126.90599822998
31
0.0
39
0.0
210
0.0
220
0.0
230
1.0
0
LINE
5
406
330
17
100
AcDbEntity
67
0
8
0
62
256
6
ByLayer
370
-1
48
1.0
60
0
100
AcDbLine
10
135.136993408203
20
126.90599822998
30
0.0
11
135.095993041992
21
126.713996887207
31
0.0
39
0.0
210
0.0
220
0.0
230
1.0
0
LINE
5
407
330
17
100
AcDbEntity
67
0
8
0
62
256
6
ByLayer
370
-1
48
1.0
60
0
100
AcDbLine
10
135.095993041992
20
126.713996887207
30
0.0
11
135.063003540039
21
126.325996398926
31
0.0
39
0.0
210
0.0
220
0.0
230
1.0
0
LINE
5
408
330
17
100
AcDbEntity
67
0
8
0
62
256
6
ByLayer
370
-1
48
1.0
60
0
100
AcDbLine
10
135.063003540039
20
126.325996398926
30
0.0
11
135.087005615234
21
125.931999206543
31
0.0
39
0.0
210
0.0
220
0.0
230
1.0
0
LINE
5
409
330
17
100
AcDbEntity
67
0
8
0
62
256
6
ByLayer
370
-1
48
1.0
60
0
100
AcDbLine
10
135.087005615234
20
125.931999206543
30
0.0
11
135.154998779297
21
125.536003112793
31
0.0
39
0.0
210
0.0
220
0.0
230
1.0
0
LINE
5
40A
330
17
100
AcDbEntity
67
0
8
0
62
256
6
ByLayer
370
-1
48
1.0
60
0
100
AcDbLine
10
135.154998779297
20
125.536003112793
30
0.0
11
135.27099609375
21
125.107002258301
31
0.0
39
0.0
210
0.0
220
0.0
230
1.0
0
LINE
5
40B
330
17
100
AcDbEntity
67
0
8
0
62
256
6
ByLayer
370
-1
48
1.0
60
0
100
AcDbLine
10
135.27099609375
20
125.107002258301
30
0.0
11
135.841995239258
21
125.436996459961
31
0.0
39
0.0
210
0.0
220
0.0
230
1.0
0
LINE
5
40C
330
17
100
AcDbEntity
67
0
8
0
62
256
6
ByLayer
370
-1
48
1.0
60
0
100
AcDbLine
10
135.841995239258
20
125.436996459961
30
0.0
11
135.841995239258
21
127.186996459961
31
0.0
39
0.0
210
0.0
220
0.0
230
1.0
0
LINE
5
40D
330
17
100
AcDbEntity
67
0
8
0
62
256
6
ByLayer
370
-1
48
1.0
60
0
100
AcDbLine
10
135.841995239258
20
127.186996459961
30
0.0
11
135.373992919922
21
127.456001281738
31
0.0
39
0.0
210
0.0
220
0.0
230
1.0
0
LINE
5
40E
330
17
100
AcDbEntity
67
0
8
0
62
256
6
ByLayer
370
-1
48
1.0
60
0
100
AcDbLine
10
135.373992919922
20
127.456001281738
30
0.0
11
135.281005859375
21
127.291999816895
31
0.0
39
0.0
210
0.0
220
0.0
230
1.0
0
LINE
5
40F
330
17
100
AcDbEntity
67
0
8
0
62
256
6
ByLayer
370
-1
48
1.0
60
0
100
AcDbLine
10
139.373001098633
20
125.436996459961
30
0.0
11
137.856994628906
21
124.561996459961
31
0.0
39
0.0
210
0.0
220
0.0
230
1.0
0
LINE
5
410
330
17
100
AcDbEntity
67
0
8
0
62
256
6
ByLayer
370
-1
48
1.0
60
0
100
AcDbLine
10
137.856994628906
20
124.561996459961
30
0.0
11
136.341995239258
21
125.436996459961
31
0.0
39
0.0
210
0.0
220
0.0
230
1.0
0
LINE
5
411
330
17
100
AcDbEntity
67
0
8
0
62
256
6
ByLayer
370
-1
48
1.0
60
0
100
AcDbLine
10
136.341995239258
20
125.436996459961
30
0.0
11
136.341995239258
21
127.186996459961
31
0.0
39
0.0
210
0.0
220
0.0
230
1.0
0
LINE
5
412
330
17
100
AcDbEntity
67
0
8
0
62
256
6
ByLayer
370
-1
48
1.0
60
0
100
AcDbLine
10
136.341995239258
20
127.186996459961
30
0.0
11
137.856994628906
21
128.061996459961
31
0.0
39
0.0
210
0.0
220
0.0
230
1.0
0
LINE
5
413
330
17
100
AcDbEntity
67
0
8
0
62
256
6
ByLayer
370
-1
48
1.0
60
0
100
AcDbLine
10
137.856994628906
20
128.061996459961
30
0.0
11
139.373001098633
21
127.186996459961
31
0.0
39
0.0
210
0.0
220
0.0
230
1.0
0
LINE
5
414
330
17
100
AcDbEntity
67
0
8
0
62
256
6
ByLayer
370
-1
48
1.0
60
0
100
AcDbLine
10
139.373001098633
20
127.186996459961
30
0.0
11
139.373001098633
21
125.436996459961
31
0.0
39
0.0
210
0.0
220
0.0
230
1.0
0
LINE
5
415
330
17
100
AcDbEntity
67
0
8
0
62
256
6
ByLayer
370
-1
48
1.0
60
0
100
AcDbLine
10
142.904006958008
20
125.436996459961
30
0.0
11
141.388000488281
21
124.561996459961
31
0.0
39
0.0
210
0.0
220
0.0
230
1.0
0
LINE
5
416
330
17
100
AcDbEntity
67
0
8
0
62
256
6
ByLayer
370
-1
48
1.0
60
0
100
AcDbLine
10
141.388000488281
20
124.561996459961
30
0.0
11
139.873001098633
21
125.436996459961
31
0.0
39
0.0
210
0.0
220
0.0
230
1.0
0
LINE
5
417
330
17
100
AcDbEntity
67
0
8
0
62
256
6
ByLayer
370
-1
48
1.0
60
0
100
AcDbLine
10
139.873001098633
20
125.436996459961
30
0.0
11
139.873001098633
21
127.186996459961
31
0.0
39
0.0
210
0.0
220
0.0
230
1.0
0
LINE
5
418
330
17
100
AcDbEntity
67
0
8
0
62
256
6
ByLayer
370
-1
48
1.0
60
0
100
AcDbLine
10
139.873001098633
20
127.186996459961
30
0.0
11
141.388000488281
21
128.061996459961
31
0.0
39
0.0
210
0.0
220
0.0
230
1.0
0
LINE
5
419
330
17
100
AcDbEntity
67
0
8
0
62
256
6
ByLayer
370
-1
48
1.0
60
0
100
AcDbLine
10
141.388000488281
20
128.061996459961
30
0.0
11
142.904006958008
21
127.186996459961
31
0.0
39
0.0
210
0.0
220
0.0
230
1.0
0
LINE
5
41A
330
17
100
AcDbEntity
67
0
8
0
62
256
6
ByLayer
370
-1
48
1.0
60
0
100
AcDbLine
10
142.904006958008
20
127.186996459961
30
0.0
11
142.904006958008
21
125.436996459961
31
0.0
39
0.0
210
0.0
220
0.0
230
1.0
0
LINE
5
41B
330
17
100
AcDbEntity
67
0
8
0
62
256
6
ByLayer
370
-1
48
1.0
60
0
100
AcDbLine
10
146.434997558594
20
125.436996459961
30
0.0
11
144.919998168945
21
124.561996459961
31
0.0
39
0.0
210
0.0
220
0.0
230
1.0
0
LINE
5
41C
330
17
100
AcDbEntity
67
0
8
0
62
256
6
ByLayer
370
-1
48
1.0
60
0
100
AcDbLine
10
144.919998168945
20
124.561996459961
30
0.0
11
143.404006958008
21
125.436996459961
31
0.0
39
0.0
210
0.0
220
0.0
230
1.0
0
LINE
5
41D
330
17
100
AcDbEntity
67
0
8
0
62
256
6
ByLayer
370
-1
48
1.0
60
0
100
AcDbLine
10
143.404006958008
20
125.436996459961
30
0.0
11
143.404006958008
21
127.186996459961
31
0.0
39
0.0
210
0.0
220
0.0
230
1.0
0
LINE
5
41E
330
17
100
AcDbEntity
67
0
8
0
62
256
6
ByLayer
370
-1
48
1.0
60
0
100
AcDbLine
10
143.404006958008
20
127.186996459961
30
0.0
11
144.919998168945
21
128.061996459961
31
0.0
39
0.0
210
0.0
220
0.0
230
1.0
0
LINE
5
41F
330
17
100
AcDbEntity
67
0
8
0
62
256
6
ByLayer
370
-1
48
1.0
60
0
100
AcDbLine
10
144.919998168945
20
128.061996459961
30
0.0
11
146.434997558594
21
127.186996459961
31
0.0
39
0.0
210
0.0
220
0.0
230
1.0
0
LINE
5
420
330
17
100
AcDbEntity
67
0
8
0
62
256
6
ByLayer
370
-1
48
1.0
60
0
100
AcDbLine
10
146.434997558594
20
127.186996459961
30
0.0
11
146.434997558594
21
125.436996459961
31
0.0
39
0.0
210
0.0
220
0.0
230
1.0
0
LINE
5
421
330
17
100
AcDbEntity
67
0
8
0
62
256
6
ByLayer
370
-1
48
1.0
60
0
100
AcDbLine
10
149.966003417969
20
125.436996459961
30
0.0
11
148.45100402832
21
124.561996459961
31
0.0
39
0.0
210
0.0
220
0.0
230
1.0
0
LINE
5
422
330
17
100
AcDbEntity
67
0
8
0
62
256
6
ByLayer
370
-1
48
1.0
60
0
100
AcDbLine
10
148.45100402832
20
124.561996459961
30
0.0
11
146.934997558594
21
125.436996459961
31
0.0
39
0.0
210
0.0
220
0.0
230
1.0
0
LINE
5
423
330
17
100
AcDbEntity
67
0
8
0
62
256
6
ByLayer
370
-1
48
1.0
60
0
100
AcDbLine
10
146.934997558594
20
125.436996459961
30
0.0
11
146.934997558594
21
127.186996459961
31
0.0
39
0.0
210
0.0
220
0.0
230
1.0
0
LINE
5
424
330
17
100
AcDbEntity
67
0
8
0
62
256
6
ByLayer
370
-1
48
1.0
60
0
100
AcDbLine
10
146.934997558594
20
127.186996459961
30
0.0
11
148.45100402832
21
128.061996459961
31
0.0
39
0.0
210
0.0
220
0.0
230
1.0
0
LINE
5
425
330
17
100
AcDbEntity
67
0
8
0
62
256
6
ByLayer
370
-1
48
1.0
60
0
100
AcDbLine
10
148.45100402832
20
128.061996459961
30
0.0
11
149.966003417969
21
127.186996459961
31
0.0
39
0.0
210
0.0
220
0.0
230
1.0
0
LINE
5
426
330
17
100
AcDbEntity
67
0
8
0
62
256
6
ByLayer
370
-1
48
1.0
60
0
100
AcDbLine
10
149.966003417969
20
127.186996459961
30
0.0
11
149.966003417969
21
125.436996459961
31
0.0
39
0.0
210
0.0
220
0.0
230
1.0
0
LINE
5
427
330
17
100
AcDbEntity
67
0
8
0
62
256
6
ByLayer
370
-1
48
1.0
60
0
100
AcDbLine
10
153.496994018555
20
125.436996459961
30
0.0
11
151.981994628906
21
124.561996459961
31
0.0
39
0.0
210
0.0
220
0.0
230
1.0
0
LINE
5
428
330
17
100
AcDbEntity
67
0
8
0
62
256
6
ByLayer
370
-1
48
1.0
60
0
100
AcDbLine
10
151.981994628906
20
124.561996459961
30
0.0
11
150.466003417969
21
125.436996459961
31
0.0
39
0.0
210
0.0
220
0.0
230
1.0
0
LINE
5
429
330
17
100
AcDbEntity
67
0
8
0
62
256
6
ByLayer
370
-1
48
1.0
60
0
100
AcDbLine
10
150.466003417969
20
125.436996459961
30
0.0
11
150.466003417969
21
127.186996459961
31
0.0
39
0.0
210
0.0
220
0.0
230
1.0
0
LINE
5
42A
330
17
100
AcDbEntity
67
0
8
0
62
256
6
ByLayer
370
-1
48
1.0
60
0
100
AcDbLine
10
150.466003417969
20
127.186996459961
30
0.0
11
151.981994628906
21
128.061996459961
31
0.0
39
0.0
210
0.0
220
0.0
230
1.0
0
LINE
5
42B
330
17
100
AcDbEntity
67
0
8
0
62
256
6
ByLayer
370
-1
48
1.0
60
0
100
AcDbLine
10
151.981994628906
20
128.061996459961
30
0.0
11
153.496994018555
21
127.186996459961
31
0.0
39
0.0
210
0.0
220
0.0
230
1.0
0
LINE
5
42C
330
17
100
AcDbEntity
67
0
8
0
62
256
6
ByLayer
370
-1
48
1.0
60
0
100
AcDbLine
10
153.496994018555
20
127.186996459961
30
0.0
11
153.496994018555
21
125.436996459961
31
0.0
39
0.0
210
0.0
220
0.0
230
1.0
0
LINE
5
42D
330
17
100
AcDbEntity
67
0
8
0
62
256
6
ByLayer
370
-1
48
1.0
60
0
100
AcDbLine
10
157.02799987793
20
125.436996459961
30
0.0
11
155.513000488281
21
124.561996459961
31
0.0
39
0.0
210
0.0
220
0.0
230
1.0
0
LINE
5
42E
330
17
100
AcDbEntity
67
0
8
0
62
256
6
ByLayer
370
-1
48
1.0
60
0
100
AcDbLine
10
155.513000488281
20
124.561996459961
30
0.0
11
153.996994018555
21
125.436996459961
31
0.0
39
0.0
210
0.0
220
0.0
230
1.0
0
LINE
5
42F
330
17
100
AcDbEntity
67
0
8
0
62
256
6
ByLayer
370
-1
48
1.0
60
0
100
AcDbLine
10
153.996994018555
20
125.436996459961
30
0.0
11
153.996994018555
21
127.186996459961
31
0.0
39
0.0
210
0.0
220
0.0
230
1.0
0
LINE
5
430
330
17
100
AcDbEntity
67
0
8
0
62
256
6
ByLayer
370
-1
48
1.0
60
0
100
AcDbLine
10
153.996994018555
20
127.186996459961
30
0.0
11
155.513000488281
21
128.061996459961
31
0.0
39
0.0
210
0.0
220
0.0
230
1.0
0
LINE
5
431
330
17
100
AcDbEntity
67
0
8
0
62
256
6
ByLayer
370
-1
48
1.0
60
0
100
AcDbLine
10
155.513000488281
20
128.061996459961
30
0.0
11
157.02799987793
21
127.186996459961
31
0.0
39
0.0
210
0.0
220
0.0
230
1.0
0
LINE
5
432
330
17
100
AcDbEntity
67
0
8
0
62
256
6
ByLayer
370
-1
48
1.0
60
0
100
AcDbLine
10
157.02799987793
20
127.186996459961
30
0.0
11
157.02799987793
21
125.436996459961
31
0.0
39
0.0
210
0.0
220
0.0
230
1.0
0
LINE
5
433
330
17
100
AcDbEntity
67
0
8
0
62
256
6
ByLayer
370
-1
48
1.0
60
0
100
AcDbLine
10
160.559005737305
20
125.436996459961
30
0.0
11
159.044006347656
21
124.561996459961
31
0.0
39
0.0
210
0.0
220
0.0
230
1.0
0
LINE
5
434
330
17
100
AcDbEntity
67
0
8
0
62
256
6
ByLayer
370
-1
48
1.0
60
0
100
AcDbLine
10
159.044006347656
20
124.561996459961
30
0.0
11
157.52799987793
21
125.436996459961
31
0.0
39
0.0
210
0.0
220
0.0
230
1.0
0
LINE
5
435
330
17
100
AcDbEntity
67
0
8
0
62
256
6
ByLayer
370
-1
48
1.0
60
0
100
AcDbLine
10
157.52799987793
20
125.436996459961
30
0.0
11
157.52799987793
21
127.186996459961
31
0.0
39
0.0
210
0.0
220
0.0
230
1.0
0
LINE
5
436
330
17
100
AcDbEntity
67
0
8
0
62
256
6
ByLayer
370
-1
48
1.0
60
0
100
AcDbLine
10
157.52799987793
20
127.186996459961
30
0.0
11
159.044006347656
21
128.061996459961
31
0.0
39
0.0
210
0.0
220
0.0
230
1.0
0
LINE
5
437
330
17
100
AcDbEntity
67
0
8
0
62
256
6
ByLayer
370
-1
48
1.0
60
0
100
AcDbLine
10
159.044006347656
20
128.061996459961
30
0.0
11
160.559005737305
21
127.186996459961
31
0.0
39
0.0
210
0.0
220
0.0
230
1.0
0
LINE
5
438
330
17
100
AcDbEntity
67
0
8
0
62
256
6
ByLayer
370
-1
48
1.0
60
0
100
AcDbLine
10
160.559005737305
20
127.186996459961
30
0.0
11
160.559005737305
21
125.436996459961
31
0.0
39
0.0
210
0.0
220
0.0
230
1.0
0
LINE
5
439
330
17
100
AcDbEntity
67
0
8
0
62
256
6
ByLayer
370
-1
48
1.0
60
0
100
AcDbLine
10
164.091003417969
20
125.436996459961
30
0.0
11
162.574996948242
21
124.561996459961
31
0.0
39
0.0
210
0.0
220
0.0
230
1.0
0
LINE
5
43A
330
17
100
AcDbEntity
67
0
8
0
62
256
6
ByLayer
370
-1
48
1.0
60
0
100
AcDbLine
10
162.574996948242
20
124.561996459961
30
0.0
11
161.059005737305
21
125.436996459961
31
0.0
39
0.0
210
0.0
220
0.0
230
1.0
0
LINE
5
43B
330
17
100
AcDbEntity
67
0
8
0
62
256
6
ByLayer
370
-1
48
1.0
60
0
100
AcDbLine
10
161.059005737305
20
125.436996459961
30
0.0
11
161.059005737305
21
127.186996459961
31
0.0
39
0.0
210
0.0
220
0.0
230
1.0
0
LINE
5
43C
330
17
100
AcDbEntity
67
0
8
0
62
256
6
ByLayer
370
-1
48
1.0
60
0
100
AcDbLine
10
161.059005737305
20
127.186996459961
30
0.0
11
162.574996948242
21
128.061996459961
31
0.0
39
0.0
210
0.0
220
0.0
230
1.0
0
LINE
5
43D
330
17
100
AcDbEntity
67
0
8
0
62
256
6
ByLayer
370
-1
48
1.0
60
0
100
AcDbLine
10
162.574996948242
20
128.061996459961
30
0.0
11
164.091003417969
21
127.186996459961
31
0.0
39
0.0
210
0.0
220
0.0
230
1.0
0
LINE
5
43E
330
17
100
AcDbEntity
67
0
8
0
62
256
6
ByLayer
370
-1
48
1.0
60
0
100
AcDbLine
10
164.091003417969
20
127.186996459961
30
0.0
11
164.091003417969
21
125.436996459961
31
0.0
39
0.0
210
0.0
220
0.0
230
1.0
0
LINE
5
43F
330
17
100
AcDbEntity
67
0
8
0
62
256
6
ByLayer
370
-1
48
1.0
60
0
100
AcDbLine
10
167.621994018555
20
125.436996459961
30
0.0
11
166.106002807617
21
124.561996459961
31
0.0
39
0.0
210
0.0
220
0.0
230
1.0
0
LINE
5
440
330
17
100
AcDbEntity
67
0
8
0
62
256
6
ByLayer
370
-1
48
1.0
60
0
100
AcDbLine
10
166.106002807617
20
124.561996459961
30
0.0
11
164.591003417969
21
125.436996459961
31
0.0
39
0.0
210
0.0
220
0.0
230
1.0
0
LINE
5
441
330
17
100
AcDbEntity
67
0
8
0
62
256
6
ByLayer
370
-1
48
1.0
60
0
100
AcDbLine
10
164.591003417969
20
125.436996459961
30
0.0
11
164.591003417969
21
127.186996459961
31
0.0
39
0.0
210
0.0
220
0.0
230
1.0
0
LINE
5
442
330
17
100
AcDbEntity
67
0
8
0
62
256
6
ByLayer
370
-1
48
1.0
60
0
100
AcDbLine
10
164.591003417969
20
127.186996459961
30
0.0
11
166.106002807617
21
128.061996459961
31
0.0
39
0.0
210
0.0
220
0.0
230
1.0
0
LINE
5
443
330
17
100
AcDbEntity
67
0
8
0
62
256
6
ByLayer
370
-1
48
1.0
60
0
100
AcDbLine
10
166.106002807617
20
128.061996459961
30
0.0
11
167.621994018555
21
127.186996459961
31
0.0
39
0.0
210
0.0
220
0.0
230
1.0
0
LINE
5
444
330
17
100
AcDbEntity
67
0
8
0
62
256
6
ByLayer
370
-1
48
1.0
60
0
100
AcDbLine
10
167.621994018555
20
127.186996459961
30
0.0
11
167.621994018555
21
125.436996459961
31
0.0
39
0.0
210
0.0
220
0.0
230
1.0
0
LINE
5
445
330
17
100
AcDbEntity
67
0
8
0
62
256
6
ByLayer
370
-1
48
1.0
60
0
100
AcDbLine
10
171.15299987793
20
125.436996459961
30
0.0
11
169.636993408203
21
124.561996459961
31
0.0
39
0.0
210
0.0
220
0.0
230
1.0
0
LINE
5
446
330
17
100
AcDbEntity
67
0
8
0
62
256
6
ByLayer
370
-1
48
1.0
60
0
100
AcDbLine
10
169.636993408203
20
124.561996459961
30
0.0
11
168.121994018555
21
125.436996459961
31
0.0
39
0.0
210
0.0
220
0.0
230
1.0
0
LINE
5
447
330
17
100
AcDbEntity
67
0
8
0
62
256
6
ByLayer
370
-1
48
1.0
60
0
100
AcDbLine
10
168.121994018555
20
125.436996459961
30
0.0
11
168.121994018555
21
127.186996459961
31
0.0
39
0.0
210
0.0
220
0.0
230
1.0
0
LINE
5
448
330
17
100
AcDbEntity
67
0
8
0
62
256
6
ByLayer
370
-1
48
1.0
60
0
100
AcDbLine
10
168.121994018555
20
127.186996459961
30
0.0
11
169.636993408203
21
128.061996459961
31
0.0
39
0.0
210
0.0
220
0.0
230
1.0
0
LINE
5
449
330
17
100
AcDbEntity
67
0
8
0
62
256
6
ByLayer
370
-1
48
1.0
60
0
100
AcDbLine
10
169.636993408203
20
128.061996459961
30
0.0
11
171.15299987793
21
127.186996459961
31
0.0
39
0.0
210
0.0
220
0.0
230
1.0
0
LINE
5
44A
330
17
100
AcDbEntity
67
0
8
0
62
256
6
ByLayer
370
-1
48
1.0
60
0
100
AcDbLine
10
171.15299987793
20
127.186996459961
30
0.0
11
171.15299987793
21
125.436996459961
31
0.0
39
0.0
210
0.0
220
0.0
230
1.0
0
LINE
5
44B
330
17
100
AcDbEntity
67
0
8
0
62
256
6
ByLayer
370
-1
48
1.0
60
0
100
AcDbLine
10
174.684005737305
20
125.436996459961
30
0.0
11
173.167999267578
21
124.561996459961
31
0.0
39
0.0
210
0.0
220
0.0
230
1.0
0
LINE
5
44C
330
17
100
AcDbEntity
67
0
8
0
62
256
6
ByLayer
370
-1
48
1.0
60
0
100
AcDbLine
10
173.167999267578
20
124.561996459961
30
0.0
11
171.65299987793
21
125.436996459961
31
0.0
39
0.0
210
0.0
220
0.0
230
1.0
0
LINE
5
44D
330
17
100
AcDbEntity
67
0
8
0
62
256
6
ByLayer
370
-1
48
1.0
60
0
100
AcDbLine
10
171.65299987793
20
125.436996459961
30
0.0
11
171.65299987793
21
127.186996459961
31
0.0
39
0.0
210
0.0
220
0.0
230
1.0
0
LINE
5
44E
330
17
100
AcDbEntity
67
0
8
0
62
256
6
ByLayer
370
-1
48
1.0
60
0
100
AcDbLine
10
171.65299987793
20
127.186996459961
30
0.0
11
173.167999267578
21
128.061996459961
31
0.0
39
0.0
210
0.0
220
0.0
230
1.0
0
LINE
5
44F
330
17
100
AcDbEntity
67
0
8
0
62
256
6
ByLayer
370
-1
48
1.0
60
0
100
AcDbLine
10
173.167999267578
20
128.061996459961
30
0.0
11
174.684005737305
21
127.186996459961
31
0.0
39
0.0
210
0.0
220
0.0
230
1.0
0
LINE
5
450
330
17
100
AcDbEntity
67
0
8
0
62
256
6
ByLayer
370
-1
48
1.0
60
0
100
AcDbLine
10
174.684005737305
20
127.186996459961
30
0.0
11
174.684005737305
21
125.436996459961
31
0.0
39
0.0
210
0.0
220
0.0
230
1.0
0
LINE
5
451
330
17
100
AcDbEntity
67
0
8
0
62
256
6
ByLayer
370
-1
48
1.0
60
0
100
AcDbLine
10
178.214996337891
20
125.436996459961
30
0.0
11
176.699005126953
21
124.561996459961
31
0.0
39
0.0
210
0.0
220
0.0
230
1.0
0
LINE
5
452
330
17
100
AcDbEntity
67
0
8
0
62
256
6
ByLayer
370
-1
48
1.0
60
0
100
AcDbLine
10
176.699005126953
20
124.561996459961
30
0.0
11
175.184005737305
21
125.436996459961
31
0.0
39
0.0
210
0.0
220
0.0
230
1.0
0
LINE
5
453
330
17
100
AcDbEntity
67
0
8
0
62
256
6
ByLayer
370
-1
48
1.0
60
0
100
AcDbLine
10
175.184005737305
20
125.436996459961
30
0.0
11
175.184005737305
21
127.186996459961
31
0.0
39
0.0
210
0.0
220
0.0
230
1.0
0
LINE
5
454
330
17
100
AcDbEntity
67
0
8
0
62
256
6
ByLayer
370
-1
48
1.0
60
0
100
AcDbLine
10
175.184005737305
20
127.186996459961
30
0.0
11
176.699005126953
21
128.061996459961
31
0.0
39
0.0
210
0.0
220
0.0
230
1.0
0
LINE
5
455
330
17
100
AcDbEntity
67
0
8
0
62
256
6
ByLayer
370
-1
48
1.0
60
0
100
AcDbLine
10
176.699005126953
20
128.061996459961
30
0.0
11
178.214996337891
21
127.186996459961
31
0.0
39
0.0
210
0.0
220
0.0
230
1.0
0
LINE
5
456
330
17
100
AcDbEntity
67
0
8
0
62
256
6
ByLayer
370
-1
48
1.0
60
0
100
AcDbLine
10
178.214996337891
20
127.186996459961
30
0.0
11
178.214996337891
21
125.436996459961
31
0.0
39
0.0
210
0.0
220
0.0
230
1.0
0
LINE
5
457
330
17
100
AcDbEntity
67
0
8
0
62
256
6
ByLayer
370
-1
48
1.0
60
0
100
AcDbLine
10
179.358001708984
20
127.557998657227
30
0.0
11
178.714996337891
21
127.186996459961
31
0.0
39
0.0
210
0.0
220
0.0
230
1.0
0
LINE
5
458
330
17
100
AcDbEntity
67
0
8
0
62
256
6
ByLayer
370
-1
48
1.0
60
0
100
AcDbLine
10
178.714996337891
20
127.186996459961
30
0.0
11
178.714996337891
21
126.195999145508
31
0.0
39
0.0
210
0.0
220
0.0
230
1.0
0
LINE
5
459
330
17
100
AcDbEntity
67
0
8
0
62
256
6
ByLayer
370
-1
48
1.0
60
0
100
AcDbLine
10
178.714996337891
20
126.195999145508
30
0.0
11
179.358001708984
21
127.557998657227
31
0.0
39
0.0
210
0.0
220
0.0
230
1.0
0
LINE
5
45A
330
17
100
AcDbEntity
67
0
8
0
62
256
6
ByLayer
370
-1
48
1.0
60
0
100
AcDbLine
10
135.755996704102
20
123.322998046875
30
0.0
11
135.856002807617
21
122.669998168945
31
0.0
39
0.0
210
0.0
220
0.0
230
1.0
0
LINE
5
45B
330
17
100
AcDbEntity
67
0
8
0
62
256
6
ByLayer
370
-1
48
1.0
60
0
100
AcDbLine
10
135.856002807617
20
122.669998168945
30
0.0
11
135.904998779297
21
121.611000061035
31
0.0
39
0.0
210
0.0
220
0.0
230
1.0
0
LINE
5
45C
330
17
100
AcDbEntity
67
0
8
0
62
256
6
ByLayer
370
-1
48
1.0
60
0
100
AcDbLine
10
135.904998779297
20
121.611000061035
30
0.0
11
136.091995239258
21
121.503997802734
31
0.0
39
0.0
210
0.0
220
0.0
230
1.0
0
LINE
5
45D
330
17
100
AcDbEntity
67
0
8
0
62
256
6
ByLayer
370
-1
48
1.0
60
0
100
AcDbLine
10
136.091995239258
20
121.503997802734
30
0.0
11
137.606994628906
21
122.378997802734
31
0.0
39
0.0
210
0.0
220
0.0
230
1.0
0
LINE
5
45E
330
17
100
AcDbEntity
67
0
8
0
62
256
6
ByLayer
370
-1
48
1.0
60
0
100
AcDbLine
10
137.606994628906
20
122.378997802734
30
0.0
11
137.606994628906
21
124.128997802734
31
0.0
39
0.0
210
0.0
220
0.0
230
1.0
0
LINE
5
45F
330
17
100
AcDbEntity
67
0
8
0
62
256
6
ByLayer
370
-1
48
1.0
60
0
100
AcDbLine
10
137.606994628906
20
124.128997802734
30
0.0
11
136.091995239258
21
125.003997802734
31
0.0
39
0.0
210
0.0
220
0.0
230
1.0
0
LINE
5
460
330
17
100
AcDbEntity
67
0
8
0
62
256
6
ByLayer
370
-1
48
1.0
60
0
100
AcDbLine
10
136.091995239258
20
125.003997802734
30
0.0
11
135.406997680664
21
124.608001708984
31
0.0
39
0.0
210
0.0
220
0.0
230
1.0
0
LINE
5
461
330
17
100
AcDbEntity
67
0
8
0
62
256
6
ByLayer
370
-1
48
1.0
60
0
100
AcDbLine
10
135.406997680664
20
124.608001708984
30
0.0
11
135.755996704102
21
123.322998046875
31
0.0
39
0.0
210
0.0
220
0.0
230
1.0
0
LINE
5
462
330
17
100
AcDbEntity
67
0
8
0
62
256
6
ByLayer
370
-1
48
1.0
60
0
100
AcDbLine
10
141.138000488281
20
122.378997802734
30
0.0
11
139.623001098633
21
121.503997802734
31
0.0
39
0.0
210
0.0
220
0.0
230
1.0
0
LINE
5
463
330
17
100
AcDbEntity
67
0
8
0
62
256
6
ByLayer
370
-1
48
1.0
60
0
100
AcDbLine
10
139.623001098633
20
121.503997802734
30
0.0
11
138.106994628906
21
122.378997802734
31
0.0
39
0.0
210
0.0
220
0.0
230
1.0
0
LINE
5
464
330
17
100
AcDbEntity
67
0
8
0
62
256
6
ByLayer
370
-1
48
1.0
60
0
100
AcDbLine
10
138.106994628906
20
122.378997802734
30
0.0
11
138.106994628906
21
124.128997802734
31
0.0
39
0.0
210
0.0
220
0.0
230
1.0
0
LINE
5
465
330
17
100
AcDbEntity
67
0
8
0
62
256
6
ByLayer
370
-1
48
1.0
60
0
100
AcDbLine
10
138.106994628906
20
124.128997802734
30
0.0
11
139.623001098633
21
125.003997802734
31
0.0
39
0.0
210
0.0
220
0.0
230
1.0
0
LINE
5
466
330
17
100
AcDbEntity
67
0
8
0
62
256
6
ByLayer
370
-1
48
1.0
60
0
100
AcDbLine
10
139.623001098633
20
125.003997802734
30
0.0
11
141.138000488281
21
124.128997802734
31
0.0
39
0.0
210
0.0
220
0.0
230
1.0
0
LINE
5
467
330
17
100
AcDbEntity
67
0
8
0
62
256
6
ByLayer
370
-1
48
1.0
60
0
100
AcDbLine
10
141.138000488281
20
124.128997802734
30
0.0
11
141.138000488281
21
122.378997802734
31
0.0
39
0.0
210
0.0
220
0.0
230
1.0
0
LINE
5
468
330
17
100
AcDbEntity
67
0
8
0
62
256
6
ByLayer
370
-1
48
1.0
60
0
100
AcDbLine
10
144.669998168945
20
122.378997802734
30
0.0
11
143.154006958008
21
121.503997802734
31
0.0
39
0.0
210
0.0
220
0.0
230
1.0
0
LINE
5
469
330
17
100
AcDbEntity
67
0
8
0
62
256
6
ByLayer
370
-1
48
1.0
60
0
100
AcDbLine
10
143.154006958008
20
121.503997802734
30
0.0
11
141.638000488281
21
122.378997802734
31
0.0
39
0.0
210
0.0
220
0.0
230
1.0
0
LINE
5
46A
330
17
100
AcDbEntity
67
0
8
0
62
256
6
ByLayer
370
-1
48
1.0
60
0
100
AcDbLine
10
141.638000488281
20
122.378997802734
30
0.0
11
141.638000488281
21
124.128997802734
31
0.0
39
0.0
210
0.0
220
0.0
230
1.0
0
LINE
5
46B
330
17
100
AcDbEntity
67
0
8
0
62
256
6
ByLayer
370
-1
48
1.0
60
0
100
AcDbLine
10
141.638000488281
20
124.128997802734
30
0.0
11
143.154006958008
21
125.003997802734
31
0.0
39
0.0
210
0.0
220
0.0
230
1.0
0
LINE
5
46C
330
17
100
AcDbEntity
67
0
8
0
62
256
6
ByLayer
370
-1
48
1.0
60
0
100
AcDbLine
10
143.154006958008
20
125.003997802734
30
0.0
11
144.669998168945
21
124.128997802734
31
0.0
39
0.0
210
0.0
220
0.0
230
1.0
0
LINE
5
46D
330
17
100
AcDbEntity
67
0
8
0
62
256
6
ByLayer
370
-1
48
1.0
60
0
100
AcDbLine
10
144.669998168945
20
124.128997802734
30
0.0
11
144.669998168945
21
122.378997802734
31
0.0
39
0.0
210
0.0
220
0.0
230
1.0
0
LINE
5
46E
330
17
100
AcDbEntity
67
0
8
0
62
256
6
ByLayer
370
-1
48
1.0
60
0
100
AcDbLine
10
148.20100402832
20
122.378997802734
30
0.0
11
146.684997558594
21
121.503997802734
31
0.0
39
0.0
210
0.0
220
0.0
230
1.0
0
LINE
5
46F
330
17
100
AcDbEntity
67
0
8
0
62
256
6
ByLayer
370
-1
48
1.0
60
0
100
AcDbLine
10
146.684997558594
20
121.503997802734
30
0.0
11
145.169998168945
21
122.378997802734
31
0.0
39
0.0
210
0.0
220
0.0
230
1.0
0
LINE
5
470
330
17
100
AcDbEntity
67
0
8
0
62
256
6
ByLayer
370
-1
48
1.0
60
0
100
AcDbLine
10
145.169998168945
20
122.378997802734
30
0.0
11
145.169998168945
21
124.128997802734
31
0.0
39
0.0
210
0.0
220
0.0
230
1.0
0
LINE
5
471
330
17
100
AcDbEntity
67
0
8
0
62
256
6
ByLayer
370
-1
48
1.0
60
0
100
AcDbLine
10
145.169998168945
20
124.128997802734
30
0.0
11
146.684997558594
21
125.003997802734
31
0.0
39
0.0
210
0.0
220
0.0
230
1.0
0
LINE
5
472
330
17
100
AcDbEntity
67
0
8
0
62
256
6
ByLayer
370
-1
48
1.0
60
0
100
AcDbLine
10
146.684997558594
20
125.003997802734
30
0.0
11
148.20100402832
21
124.128997802734
31
0.0
39
0.0
210
0.0
220
0.0
230
1.0
0
LINE
5
473
330
17
100
AcDbEntity
67
0
8
0
62
256
6
ByLayer
370
-1
48
1.0
60
0
100
AcDbLine
10
148.20100402832
20
124.128997802734
30
0.0
11
148.20100402832
21
122.378997802734
31
0.0
39
0.0
210
0.0
220
0.0
230
1.0
0
LINE
5
474
330
17
100
AcDbEntity
67
0
8
0
62
256
6
ByLayer
370
-1
48
1.0
60
0
100
AcDbLine
10
151.731994628906
20
122.378997802734
30
0.0
11
150.216003417969
21
121.503997802734
31
0.0
39
0.0
210
0.0
220
0.0
230
1.0
0
LINE
5
475
330
17
100
AcDbEntity
67
0
8
0
62
256
6
ByLayer
370
-1
48
1.0
60
0
100
AcDbLine
10
150.216003417969
20
121.503997802734
30
0.0
11
148.70100402832
21
122.378997802734
31
0.0
39
0.0
210
0.0
220
0.0
230
1.0
0
LINE
5
476
330
17
100
AcDbEntity
67
0
8
0
62
256
6
ByLayer
370
-1
48
1.0
60
0
100
AcDbLine
10
148.70100402832
20
122.378997802734
30
0.0
11
148.70100402832
21
124.128997802734
31
0.0
39
0.0
210
0.0
220
0.0
230
1.0
0
LINE
5
477
330
17
100
AcDbEntity
67
0
8
0
62
256
6
ByLayer
370
-1
48
1.0
60
0
100
AcDbLine
10
148.70100402832
20
124.128997802734
30
0.0
11
150.216003417969
21
125.003997802734
31
0.0
39
0.0
210
0.0
220
0.0
230
1.0
0
LINE
5
478
330
17
100
AcDbEntity
67
0
8
0
62
256
6
ByLayer
370
-1
48
1.0
60
0
100
AcDbLine
10
150.216003417969
20
125.003997802734
30
0.0
11
151.731994628906
21
124.128997802734
31
0.0
39
0.0
210
0.0
220
0.0
230
1.0
0
LINE
5
479
330
17
100
AcDbEntity
67
0
8
0
62
256
6
ByLayer
370
-1
48
1.0
60
0
100
AcDbLine
10
151.731994628906
20
124.128997802734
30
0.0
11
151.731994628906
21
122.378997802734
31
0.0
39
0.0
210
0.0
220
0.0
230
1.0
0
LINE
5
47A
330
17
100
AcDbEntity
67
0
8
0
62
256
6
ByLayer
370
-1
48
1.0
60
0
100
AcDbLine
10
155.263000488281
20
122.378997802734
30
0.0
11
153.746994018555
21
121.503997802734
31
0.0
39
0.0
210
0.0
220
0.0
230
1.0
0
LINE
5
47B
330
17
100
AcDbEntity
67
0
8
0
62
256
6
ByLayer
370
-1
48
1.0
60
0
100
AcDbLine
10
153.746994018555
20
121.503997802734
30
0.0
11
152.231994628906
21
122.378997802734
31
0.0
39
0.0
210
0.0
220
0.0
230
1.0
0
LINE
5
47C
330
17
100
AcDbEntity
67
0
8
0
62
256
6
ByLayer
370
-1
48
1.0
60
0
100
AcDbLine
10
152.231994628906
20
122.378997802734
30
0.0
11
152.231994628906
21
124.128997802734
31
0.0
39
0.0
210
0.0
220
0.0
230
1.0
0
LINE
5
47D
330
17
100
AcDbEntity
67
0
8
0
62
256
6
ByLayer
370
-1
48
1.0
60
0
100
AcDbLine
10
152.231994628906
20
124.128997802734
30
0.0
11
153.746994018555
21
125.003997802734
31
0.0
39
0.0
210
0.0
220
0.0
230
1.0
0
LINE
5
47E
330
17
100
AcDbEntity
67
0
8
0
62
256
6
ByLayer
370
-1
48
1.0
60
0
100
AcDbLine
10
153.746994018555
20
125.003997802734
30
0.0
11
155.263000488281
21
124.128997802734
31
0.0
39
0.0
210
0.0
220
0.0
230
1.0
0
LINE
5
47F
330
17
100
AcDbEntity
67
0
8
0
62
256
6
ByLayer
370
-1
48
1.0
60
0
100
AcDbLine
10
155.263000488281
20
124.128997802734
30
0.0
11
155.263000488281
21
122.378997802734
31
0.0
39
0.0
210
0.0
220
0.0
230
1.0
0
LINE
5
480
330
17
100
AcDbEntity
67
0
8
0
62
256
6
ByLayer
370
-1
48
1.0
60
0
100
AcDbLine
10
158.794006347656
20
122.378997802734
30
0.0
11
157.27799987793
21
121.503997802734
31
0.0
39
0.0
210
0.0
220
0.0
230
1.0
0
LINE
5
481
330
17
100
AcDbEntity
67
0
8
0
62
256
6
ByLayer
370
-1
48
1.0
60
0
100
AcDbLine
10
157.27799987793
20
121.503997802734
30
0.0
11
155.763000488281
21
122.378997802734
31
0.0
39
0.0
210
0.0
220
0.0
230
1.0
0
LINE
5
482
330
17
100
AcDbEntity
67
0
8
0
62
256
6
ByLayer
370
-1
48
1.0
60
0
100
AcDbLine
10
155.763000488281
20
122.378997802734
30
0.0
11
155.763000488281
21
124.128997802734
31
0.0
39
0.0
210
0.0
220
0.0
230
1.0
0
LINE
5
483
330
17
100
AcDbEntity
67
0
8
0
62
256
6
ByLayer
370
-1
48
1.0
60
0
100
AcDbLine
10
155.763000488281
20
124.128997802734
30
0.0
11
157.27799987793
21
125.003997802734
31
0.0
39
0.0
210
0.0
220
0.0
230
1.0
0
LINE
5
484
330
17
100
AcDbEntity
67
0
8
0
62
256
6
ByLayer
370
-1
48
1.0
60
0
100
AcDbLine
10
157.27799987793
20
125.003997802734
30
0.0
11
158.794006347656
21
124.128997802734
31
0.0
39
0.0
210
0.0
220
0.0
230
1.0
0
LINE
5
485
330
17
100
AcDbEntity
67
0
8
0
62
256
6
ByLayer
370
-1
48
1.0
60
0
100
AcDbLine
10
158.794006347656
20
124.128997802734
30
0.0
11
158.794006347656
21
122.378997802734
31
0.0
39
0.0
210
0.0
220
0.0
230
1.0
0
LINE
5
486
330
17
100
AcDbEntity
67
0
8
0
62
256
6
ByLayer
370
-1
48
1.0
60
0
100
AcDbLine
10
162.324996948242
20
122.378997802734
30
0.0
11
160.809005737305
21
121.503997802734
31
0.0
39
0.0
210
0.0
220
0.0
230
1.0
0
LINE
5
487
330
17
100
AcDbEntity
67
0
8
0
62
256
6
ByLayer
370
-1
48
1.0
60
0
100
AcDbLine
10
160.809005737305
20
121.503997802734
30
0.0
11
159.294006347656
21
122.378997802734
31
0.0
39
0.0
210
0.0
220
0.0
230
1.0
0
LINE
5
488
330
17
100
AcDbEntity
67
0
8
0
62
256
6
ByLayer
370
-1
48
1.0
60
0
100
AcDbLine
10
159.294006347656
20
122.378997802734
30
0.0
11
159.294006347656
21
124.128997802734
31
0.0
39
0.0
210
0.0
220
0.0
230
1.0
0
LINE
5
489
330
17
100
AcDbEntity
67
0
8
0
62
256
6
ByLayer
370
-1
48
1.0
60
0
100
AcDbLine
10
159.294006347656
20
124.128997802734
30
0.0
11
160.809005737305
21
125.003997802734
31
0.0
39
0.0
210
0.0
220
0.0
230
1.0
0
LINE
5
48A
330
17
100
AcDbEntity
67
0
8
0
62
256
6
ByLayer
370
-1
48
1.0
60
0
100
AcDbLine
10
160.809005737305
20
125.003997802734
30
0.0
11
162.324996948242
21
124.128997802734
31
0.0
39
0.0
210
0.0
220
0.0
230
1.0
0
LINE
5
48B
330
17
100
AcDbEntity
67
0
8
0
62
256
6
ByLayer
370
-1
48
1.0
60
0
100
AcDbLine
10
162.324996948242
20
124.128997802734
30
0.0
11
162.324996948242
21
122.378997802734
31
0.0
39
0.0
210
0.0
220
0.0
230
1.0
0
LINE
5
48C
330
17
100
AcDbEntity
67
0
8
0
62
256
6
ByLayer
370
-1
48
1.0
60
0
100
AcDbLine
10
165.856002807617
20
122.378997802734
30
0.0
11
164.341003417969
21
121.503997802734
31
0.0
39
0.0
210
0.0
220
0.0
230
1.0
0
LINE
5
48D
330
17
100
AcDbEntity
67
0
8
0
62
256
6
ByLayer
370
-1
48
1.0
60
0
100
AcDbLine
10
164.341003417969
20
121.503997802734
30
0.0
11
162.824996948242
21
122.378997802734
31
0.0
39
0.0
210
0.0
220
0.0
230
1.0
0
LINE
5
48E
330
17
100
AcDbEntity
67
0
8
0
62
256
6
ByLayer
370
-1
48
1.0
60
0
100
AcDbLine
10
162.824996948242
20
122.378997802734
30
0.0
11
162.824996948242
21
124.128997802734
31
0.0
39
0.0
210
0.0
220
0.0
230
1.0
0
LINE
5
48F
330
17
100
AcDbEntity
67
0
8
0
62
256
6
ByLayer
370
-1
48
1.0
60
0
100
AcDbLine
10
162.824996948242
20
124.128997802734
30
0.0
11
164.341003417969
21
125.003997802734
31
0.0
39
0.0
210
0.0
220
0.0
230
1.0
0
LINE
5
490
330
17
100
AcDbEntity
67
0
8
0
62
256
6
ByLayer
370
-1
48
1.0
60
0
100
AcDbLine
10
164.341003417969
20
125.003997802734
30
0.0
11
165.856002807617
21
124.128997802734
31
0.0
39
0.0
210
0.0
220
0.0
230
1.0
0
LINE
5
491
330
17
100
AcDbEntity
67
0
8
0
62
256
6
ByLayer
370
-1
48
1.0
60
0
100
AcDbLine
10
165.856002807617
20
124.128997802734
30
0.0
11
165.856002807617
21
122.378997802734
31
0.0
39
0.0
210
0.0
220
0.0
230
1.0
0
LINE
5
492
330
17
100
AcDbEntity
67
0
8
0
62
256
6
ByLayer
370
-1
48
1.0
60
0
100
AcDbLine
10
169.386993408203
20
122.378997802734
30
0.0
11
167.871994018555
21
121.503997802734
31
0.0
39
0.0
210
0.0
220
0.0
230
1.0
0
LINE
5
493
330
17
100
AcDbEntity
67
0
8
0
62
256
6
ByLayer
370
-1
48
1.0
60
0
100
AcDbLine
10
167.871994018555
20
121.503997802734
30
0.0
11
166.356002807617
21
122.378997802734
31
0.0
39
0.0
210
0.0
220
0.0
230
1.0
0
LINE
5
494
330
17
100
AcDbEntity
67
0
8
0
62
256
6
ByLayer
370
-1
48
1.0
60
0
100
AcDbLine
10
166.356002807617
20
122.378997802734
30
0.0
11
166.356002807617
21
124.128997802734
31
0.0
39
0.0
210
0.0
220
0.0
230
1.0
0
LINE
5
495
330
17
100
AcDbEntity
67
0
8
0
62
256
6
ByLayer
370
-1
48
1.0
60
0
100
AcDbLine
10
166.356002807617
20
124.128997802734
30
0.0
11
167.871994018555
21
125.003997802734
31
0.0
39
0.0
210
0.0
220
0.0
230
1.0
0
LINE
5
496
330
17
100
AcDbEntity
67
0
8
0
62
256
6
ByLayer
370
-1
48
1.0
60
0
100
AcDbLine
10
167.871994018555
20
125.003997802734
30
0.0
11
169.386993408203
21
124.128997802734
31
0.0
39
0.0
210
0.0
220
0.0
230
1.0
0
LINE
5
497
330
17
100
AcDbEntity
67
0
8
0
62
256
6
ByLayer
370
-1
48
1.0
60
0
100
AcDbLine
10
169.386993408203
20
124.128997802734
30
0.0
11
169.386993408203
21
122.378997802734
31
0.0
39
0.0
210
0.0
220
0.0
230
1.0
0
LINE
5
498
330
17
100
AcDbEntity
67
0
8
0
62
256
6
ByLayer
370
-1
48
1.0
60
0
100
AcDbLine
10
172.917999267578
20
122.378997802734
30
0.0
11
171.40299987793
21
121.503997802734
31
0.0
39
0.0
210
0.0
220
0.0
230
1.0
0
LINE
5
499
330
17
100
AcDbEntity
67
0
8
0
62
256
6
ByLayer
370
-1
48
1.0
60
0
100
AcDbLine
10
171.40299987793
20
121.503997802734
30
0.0
11
169.886993408203
21
122.378997802734
31
0.0
39
0.0
210
0.0
220
0.0
230
1.0
0
LINE
5
49A
330
17
100
AcDbEntity
67
0
8
0
62
256
6
ByLayer
370
-1
48
1.0
60
0
100
AcDbLine
10
169.886993408203
20
122.378997802734
30
0.0
11
169.886993408203
21
124.128997802734
31
0.0
39
0.0
210
0.0
220
0.0
230
1.0
0
LINE
5
49B
330
17
100
AcDbEntity
67
0
8
0
62
256
6
ByLayer
370
-1
48
1.0
60
0
100
AcDbLine
10
169.886993408203
20
124.128997802734
30
0.0
11
171.40299987793
21
125.003997802734
31
0.0
39
0.0
210
0.0
220
0.0
230
1.0
0
LINE
5
49C
330
17
100
AcDbEntity
67
0
8
0
62
256
6
ByLayer
370
-1
48
1.0
60
0
100
AcDbLine
10
171.40299987793
20
125.003997802734
30
0.0
11
172.917999267578
21
124.128997802734
31
0.0
39
0.0
210
0.0
220
0.0
230
1.0
0
LINE
5
49D
330
17
100
AcDbEntity
67
0
8
0
62
256
6
ByLayer
370
-1
48
1.0
60
0
100
AcDbLine
10
172.917999267578
20
124.128997802734
30
0.0
11
172.917999267578
21
122.378997802734
31
0.0
39
0.0
210
0.0
220
0.0
230
1.0
0
LINE
5
49E
330
17
100
AcDbEntity
67
0
8
0
62
256
6
ByLayer
370
-1
48
1.0
60
0
100
AcDbLine
10
176.449005126953
20
122.378997802734
30
0.0
11
174.934005737305
21
121.503997802734
31
0.0
39
0.0
210
0.0
220
0.0
230
1.0
0
LINE
5
49F
330
17
100
AcDbEntity
67
0
8
0
62
256
6
ByLayer
370
-1
48
1.0
60
0
100
AcDbLine
10
174.934005737305
20
121.503997802734
30
0.0
11
173.417999267578
21
122.378997802734
31
0.0
39
0.0
210
0.0
220
0.0
230
1.0
0
LINE
5
4A0
330
17
100
AcDbEntity
67
0
8
0
62
256
6
ByLayer
370
-1
48
1.0
60
0
100
AcDbLine
10
173.417999267578
20
122.378997802734
30
0.0
11
173.417999267578
21
124.128997802734
31
0.0
39
0.0
210
0.0
220
0.0
230
1.0
0
LINE
5
4A1
330
17
100
AcDbEntity
67
0
8
0
62
256
6
ByLayer
370
-1
48
1.0
60
0
100
AcDbLine
10
173.417999267578
20
124.128997802734
30
0.0
11
174.934005737305
21
125.003997802734
31
0.0
39
0.0
210
0.0
220
0.0
230
1.0
0
LINE
5
4A2
330
17
100
AcDbEntity
67
0
8
0
62
256
6
ByLayer
370
-1
48
1.0
60
0
100
AcDbLine
10
174.934005737305
20
125.003997802734
30
0.0
11
176.449005126953
21
124.128997802734
31
0.0
39
0.0
210
0.0
220
0.0
230
1.0
0
LINE
5
4A3
330
17
100
AcDbEntity
67
0
8
0
62
256
6
ByLayer
370
-1
48
1.0
60
0
100
AcDbLine
10
176.449005126953
20
124.128997802734
30
0.0
11
176.449005126953
21
122.378997802734
31
0.0
39
0.0
210
0.0
220
0.0
230
1.0
0
LINE
5
4A4
330
17
100
AcDbEntity
67
0
8
0
62
256
6
ByLayer
370
-1
48
1.0
60
0
100
AcDbLine
10
178.033996582031
20
124.754997253418
30
0.0
11
176.949005126953
21
124.128997802734
31
0.0
39
0.0
210
0.0
220
0.0
230
1.0
0
LINE
5
4A5
330
17
100
AcDbEntity
67
0
8
0
62
256
6
ByLayer
370
-1
48
1.0
60
0
100
AcDbLine
10
176.949005126953
20
124.128997802734
30
0.0
11
176.949005126953
21
122.458000183105
31
0.0
39
0.0
210
0.0
220
0.0
230
1.0
0
LINE
5
4A6
330
17
100
AcDbEntity
67
0
8
0
62
256
6
ByLayer
370
-1
48
1.0
60
0
100
AcDbLine
10
176.949005126953
20
122.458000183105
30
0.0
11
178.033996582031
21
124.754997253418
31
0.0
39
0.0
210
0.0
220
0.0
230
1.0
0
LINE
5
4A7
330
17
100
AcDbEntity
67
0
8
0
62
256
6
ByLayer
370
-1
48
1.0
60
0
100
AcDbLine
10
135.819000244141
20
119.99299621582
30
0.0
11
135.684997558594
21
119.230003356934
31
0.0
39
0.0
210
0.0
220
0.0
230
1.0
0
LINE
5
4A8
330
17
100
AcDbEntity
67
0
8
0
62
256
6
ByLayer
370
-1
48
1.0
60
0
100
AcDbLine
10
135.684997558594
20
119.230003356934
30
0.0
11
135.841995239258
21
119.320999145508
31
0.0
39
0.0
210
0.0
220
0.0
230
1.0
0
LINE
5
4A9
330
17
100
AcDbEntity
67
0
8
0
62
256
6
ByLayer
370
-1
48
1.0
60
0
100
AcDbLine
10
135.841995239258
20
119.320999145508
30
0.0
11
135.841995239258
21
120.299003601074
31
0.0
39
0.0
210
0.0
220
0.0
230
1.0
0
LINE
5
4AA
330
17
100
AcDbEntity
67
0
8
0
62
256
6
ByLayer
370
-1
48
1.0
60
0
100
AcDbLine
10
135.841995239258
20
120.299003601074
30
0.0
11
135.819000244141
21
119.99299621582
31
0.0
39
0.0
210
0.0
220
0.0
230
1.0
0
LINE
5
4AB
330
17
100
AcDbEntity
67
0
8
0
62
256
6
ByLayer
370
-1
48
1.0
60
0
100
AcDbLine
10
139.373001098633
20
119.320999145508
30
0.0
11
137.856994628906
21
118.445999145508
31
0.0
39
0.0
210
0.0
220
0.0
230
1.0
0
LINE
5
4AC
330
17
100
AcDbEntity
67
0
8
0
62
256
6
ByLayer
370
-1
48
1.0
60
0
100
AcDbLine
10
137.856994628906
20
118.445999145508
30
0.0
11
136.341995239258
21
119.320999145508
31
0.0
39
0.0
210
0.0
220
0.0
230
1.0
0
LINE
5
4AD
330
17
100
AcDbEntity
67
0
8
0
62
256
6
ByLayer
370
-1
48
1.0
60
0
100
AcDbLine
10
136.341995239258
20
119.320999145508
30
0.0
11
136.341995239258
21
121.070999145508
31
0.0
39
0.0
210
0.0
220
0.0
230
1.0
0
LINE
5
4AE
330
17
100
AcDbEntity
67
0
8
0
62
256
6
ByLayer
370
-1
48
1.0
60
0
100
AcDbLine
10
136.341995239258
20
121.070999145508
30
0.0
11
137.856994628906
21
121.945999145508
31
0.0
39
0.0
210
0.0
220
0.0
230
1.0
0
LINE
5
4AF
330
17
100
AcDbEntity
67
0
8
0
62
256
6
ByLayer
370
-1
48
1.0
60
0
100
AcDbLine
10
137.856994628906
20
121.945999145508
30
0.0
11
139.373001098633
21
121.070999145508
31
0.0
39
0.0
210
0.0
220
0.0
230
1.0
0
LINE
5
4B0
330
17
100
AcDbEntity
67
0
8
0
62
256
6
ByLayer
370
-1
48
1.0
60
0
100
AcDbLine
10
139.373001098633
20
121.070999145508
30
0.0
11
139.373001098633
21
119.320999145508
31
0.0
39
0.0
210
0.0
220
0.0
230
1.0
0
LINE
5
4B1
330
17
100
AcDbEntity
67
0
8
0
62
256
6
ByLayer
370
-1
48
1.0
60
0
100
AcDbLine
10
142.904006958008
20
119.320999145508
30
0.0
11
141.388000488281
21
118.445999145508
31
0.0
39
0.0
210
0.0
220
0.0
230
1.0
0
LINE
5
4B2
330
17
100
AcDbEntity
67
0
8
0
62
256
6
ByLayer
370
-1
48
1.0
60
0
100
AcDbLine
10
141.388000488281
20
118.445999145508
30
0.0
11
139.873001098633
21
119.320999145508
31
0.0
39
0.0
210
0.0
220
0.0
230
1.0
0
LINE
5
4B3
330
17
100
AcDbEntity
67
0
8
0
62
256
6
ByLayer
370
-1
48
1.0
60
0
100
AcDbLine
10
139.873001098633
20
119.320999145508
30
0.0
11
139.873001098633
21
121.070999145508
31
0.0
39
0.0
210
0.0
220
0.0
230
1.0
0
LINE
5
4B4
330
17
100
AcDbEntity
67
0
8
0
62
256
6
ByLayer
370
-1
48
1.0
60
0
100
AcDbLine
10
139.873001098633
20
121.070999145508
30
0.0
11
141.388000488281
21
121.945999145508
31
0.0
39
0.0
210
0.0
220
0.0
230
1.0
0
LINE
5
4B5
330
17
100
AcDbEntity
67
0
8
0
62
256
6
ByLayer
370
-1
48
1.0
60
0
100
AcDbLine
10
141.388000488281
20
121.945999145508
30
0.0
11
142.904006958008
21
121.070999145508
31
0.0
39
0.0
210
0.0
220
0.0
230
1.0
0
LINE
5
4B6
330
17
100
AcDbEntity
67
0
8
0
62
256
6
ByLayer
370
-1
48
1.0
60
0
100
AcDbLine
10
142.904006958008
20
121.070999145508
30
0.0
11
142.904006958008
21
119.320999145508
31
0.0
39
0.0
210
0.0
220
0.0
230
1.0
0
LINE
5
4B7
330
17
100
AcDbEntity
67
0
8
0
62
256
6
ByLayer
370
-1
48
1.0
60
0
100
AcDbLine
10
146.434997558594
20
119.320999145508
30
0.0
11
144.919998168945
21
118.445999145508
31
0.0
39
0.0
210
0.0
220
0.0
230
1.0
0
LINE
5
4B8
330
17
100
AcDbEntity
67
0
8
0
62
256
6
ByLayer
370
-1
48
1.0
60
0
100
AcDbLine
10
144.919998168945
20
118.445999145508
30
0.0
11
143.404006958008
21
119.320999145508
31
0.0
39
0.0
210
0.0
220
0.0
230
1.0
0
LINE
5
4B9
330
17
100
AcDbEntity
67
0
8
0
62
256
6
ByLayer
370
-1
48
1.0
60
0
100
AcDbLine
10
143.404006958008
20
119.320999145508
30
0.0
11
143.404006958008
21
121.070999145508
31
0.0
39
0.0
210
0.0
220
0.0
230
1.0
0
LINE
5
4BA
330
17
100
AcDbEntity
67
0
8
0
62
256
6
ByLayer
370
-1
48
1.0
60
0
100
AcDbLine
10
143.404006958008
20
121.070999145508
30
0.0
11
144.919998168945
21
121.945999145508
31
0.0
39
0.0
210
0.0
220
0.0
230
1.0
0
LINE
5
4BB
330
17
100
AcDbEntity
67
0
8
0
62
256
6
ByLayer
370
-1
48
1.0
60
0
100
AcDbLine
10
144.919998168945
20
121.945999145508
30
0.0
11
146.434997558594
21
121.070999145508
31
0.0
39
0.0
210
0.0
220
0.0
230
1.0
0
LINE
5
4BC
330
17
100
AcDbEntity
67
0
8
0
62
256
6
ByLayer
370
-1
48
1.0
60
0
100
AcDbLine
10
146.434997558594
20
121.070999145508
30
0.0
11
146.434997558594
21
119.320999145508
31
0.0
39
0.0
210
0.0
220
0.0
230
1.0
0
LINE
5
4BD
330
17
100
AcDbEntity
67
0
8
0
62
256
6
ByLayer
370
-1
48
1.0
60
0
100
AcDbLine
10
149.966003417969
20
119.320999145508
30
0.0
11
148.45100402832
21
118.445999145508
31
0.0
39
0.0
210
0.0
220
0.0
230
1.0
0
LINE
5
4BE
330
17
100
AcDbEntity
67
0
8
0
62
256
6
ByLayer
370
-1
48
1.0
60
0
100
AcDbLine
10
148.45100402832
20
118.445999145508
30
0.0
11
146.934997558594
21
119.320999145508
31
0.0
39
0.0
210
0.0
220
0.0
230
1.0
0
LINE
5
4BF
330
17
100
AcDbEntity
67
0
8
0
62
256
6
ByLayer
370
-1
48
1.0
60
0
100
AcDbLine
10
146.934997558594
20
119.320999145508
30
0.0
11
146.934997558594
21
121.070999145508
31
0.0
39
0.0
210
0.0
220
0.0
230
1.0
0
LINE
5
4C0
330
17
100
AcDbEntity
67
0
8
0
62
256
6
ByLayer
370
-1
48
1.0
60
0
100
AcDbLine
10
146.934997558594
20
121.070999145508
30
0.0
11
148.45100402832
21
121.945999145508
31
0.0
39
0.0
210
0.0
220
0.0
230
1.0
0
LINE
5
4C1
330
17
100
AcDbEntity
67
0
8
0
62
256
6
ByLayer
370
-1
48
1.0
60
0
100
AcDbLine
10
148.45100402832
20
121.945999145508
30
0.0
11
149.966003417969
21
121.070999145508
31
0.0
39
0.0
210
0.0
220
0.0
230
1.0
0
LINE
5
4C2
330
17
100
AcDbEntity
67
0
8
0
62
256
6
ByLayer
370
-1
48
1.0
60
0
100
AcDbLine
10
149.966003417969
20
121.070999145508
30
0.0
11
149.966003417969
21
119.320999145508
31
0.0
39
0.0
210
0.0
220
0.0
230
1.0
0
LINE
5
4C3
330
17
100
AcDbEntity
67
0
8
0
62
256
6
ByLayer
370
-1
48
1.0
60
0
100
AcDbLine
10
153.496994018555
20
119.320999145508
30
0.0
11
151.981994628906
21
118.445999145508
31
0.0
39
0.0
210
0.0
220
0.0
230
1.0
0
LINE
5
4C4
330
17
100
AcDbEntity
67
0
8
0
62
256
6
ByLayer
370
-1
48
1.0
60
0
100
AcDbLine
10
151.981994628906
20
118.445999145508
30
0.0
11
150.466003417969
21
119.320999145508
31
0.0
39
0.0
210
0.0
220
0.0
230
1.0
0
LINE
5
4C5
330
17
100
AcDbEntity
67
0
8
0
62
256
6
ByLayer
370
-1
48
1.0
60
0
100
AcDbLine
10
150.466003417969
20
119.320999145508
30
0.0
11
150.466003417969
21
121.070999145508
31
0.0
39
0.0
210
0.0
220
0.0
230
1.0
0
LINE
5
4C6
330
17
100
AcDbEntity
67
0
8
0
62
256
6
ByLayer
370
-1
48
1.0
60
0
100
AcDbLine
10
150.466003417969
20
121.070999145508
30
0.0
11
151.981994628906
21
121.945999145508
31
0.0
39
0.0
210
0.0
220
0.0
230
1.0
0
LINE
5
4C7
330
17
100
AcDbEntity
67
0
8
0
62
256
6
ByLayer
370
-1
48
1.0
60
0
100
AcDbLine
10
151.981994628906
20
121.945999145508
30
0.0
11
153.496994018555
21
121.070999145508
31
0.0
39
0.0
210
0.0
220
0.0
230
1.0
0
LINE
5
4C8
330
17
100
AcDbEntity
67
0
8
0
62
256
6
ByLayer
370
-1
48
1.0
60
0
100
AcDbLine
10
153.496994018555
20
121.070999145508
30
0.0
11
153.496994018555
21
119.320999145508
31
0.0
39
0.0
210
0.0
220
0.0
230
1.0
0
LINE
5
4C9
330
17
100
AcDbEntity
67
0
8
0
62
256
6
ByLayer
370
-1
48
1.0
60
0
100
AcDbLine
10
157.02799987793
20
119.320999145508
30
0.0
11
155.513000488281
21
118.445999145508
31
0.0
39
0.0
210
0.0
220
0.0
230
1.0
0
LINE
5
4CA
330
17
100
AcDbEntity
67
0
8
0
62
256
6
ByLayer
370
-1
48
1.0
60
0
100
AcDbLine
10
155.513000488281
20
118.445999145508
30
0.0
11
153.996994018555
21
119.320999145508
31
0.0
39
0.0
210
0.0
220
0.0
230
1.0
0
LINE
5
4CB
330
17
100
AcDbEntity
67
0
8
0
62
256
6
ByLayer
370
-1
48
1.0
60
0
100
AcDbLine
10
153.996994018555
20
119.320999145508
30
0.0
11
153.996994018555
21
121.070999145508
31
0.0
39
0.0
210
0.0
220
0.0
230
1.0
0
LINE
5
4CC
330
17
100
AcDbEntity
67
0
8
0
62
256
6
ByLayer
370
-1
48
1.0
60
0
100
AcDbLine
10
153.996994018555
20
121.070999145508
30
0.0
11
155.513000488281
21
121.945999145508
31
0.0
39
0.0
210
0.0
220
0.0
230
1.0
0
LINE
5
4CD
330
17
100
AcDbEntity
67
0
8
0
62
256
6
ByLayer
370
-1
48
1.0
60
0
100
AcDbLine
10
155.513000488281
20
121.945999145508
30
0.0
11
157.02799987793
21
121.070999145508
31
0.0
39
0.0
210
0.0
220
0.0
230
1.0
0
LINE
5
4CE
330
17
100
AcDbEntity
67
0
8
0
62
256
6
ByLayer
370
-1
48
1.0
60
0
100
AcDbLine
10
157.02799987793
20
121.070999145508
30
0.0
11
157.02799987793
21
119.320999145508
31
0.0
39
0.0
210
0.0
220
0.0
230
1.0
0
LINE
5
4CF
330
17
100
AcDbEntity
67
0
8
0
62
256
6
ByLayer
370
-1
48
1.0
60
0
100
AcDbLine
10
160.559005737305
20
119.320999145508
30
0.0
11
159.044006347656
21
118.445999145508
31
0.0
39
0.0
210
0.0
220
0.0
230
1.0
0
LINE
5
4D0
330
17
100
AcDbEntity
67
0
8
0
62
256
6
ByLayer
370
-1
48
1.0
60
0
100
AcDbLine
10
159.044006347656
20
118.445999145508
30
0.0
11
157.52799987793
21
119.320999145508
31
0.0
39
0.0
210
0.0
220
0.0
230
1.0
0
LINE
5
4D1
330
17
100
AcDbEntity
67
0
8
0
62
256
6
ByLayer
370
-1
48
1.0
60
0
100
AcDbLine
10
157.52799987793
20
119.320999145508
30
0.0
11
157.52799987793
21
121.070999145508
31
0.0
39
0.0
210
0.0
220
0.0
230
1.0
0
LINE
5
4D2
330
17
100
AcDbEntity
67
0
8
0
62
256
6
ByLayer
370
-1
48
1.0
60
0
100
AcDbLine
10
157.52799987793
20
121.070999145508
30
0.0
11
159.044006347656
21
121.945999145508
31
0.0
39
0.0
210
0.0
220
0.0
230
1.0
0
LINE
5
4D3
330
17
100
AcDbEntity
67
0
8
0
62
256
6
ByLayer
370
-1
48
1.0
60
0
100
AcDbLine
10
159.044006347656
20
121.945999145508
30
0.0
11
160.559005737305
21
121.070999145508
31
0.0
39
0.0
210
0.0
220
0.0
230
1.0
0
LINE
5
4D4
330
17
100
AcDbEntity
67
0
8
0
62
256
6
ByLayer
370
-1
48
1.0
60
0
100
AcDbLine
10
160.559005737305
20
121.070999145508
30
0.0
11
160.559005737305
21
119.320999145508
31
0.0
39
0.0
210
0.0
220
0.0
230
1.0
0
LINE
5
4D5
330
17
100
AcDbEntity
67
0
8
0
62
256
6
ByLayer
370
-1
48
1.0
60
0
100
AcDbLine
10
164.091003417969
20
119.320999145508
30
0.0
11
162.574996948242
21
118.445999145508
31
0.0
39
0.0
210
0.0
220
0.0
230
1.0
0
LINE
5
4D6
330
17
100
AcDbEntity
67
0
8
0
62
256
6
ByLayer
370
-1
48
1.0
60
0
100
AcDbLine
10
162.574996948242
20
118.445999145508
30
0.0
11
161.059005737305
21
119.320999145508
31
0.0
39
0.0
210
0.0
220
0.0
230
1.0
0
LINE
5
4D7
330
17
100
AcDbEntity
67
0
8
0
62
256
6
ByLayer
370
-1
48
1.0
60
0
100
AcDbLine
10
161.059005737305
20
119.320999145508
30
0.0
11
161.059005737305
21
121.070999145508
31
0.0
39
0.0
210
0.0
220
0.0
230
1.0
0
LINE
5
4D8
330
17
100
AcDbEntity
67
0
8
0
62
256
6
ByLayer
370
-1
48
1.0
60
0
100
AcDbLine
10
161.059005737305
20
121.070999145508
30
0.0
11
162.574996948242
21
121.945999145508
31
0.0
39
0.0
210
0.0
220
0.0
230
1.0
0
LINE
5
4D9
330
17
100
AcDbEntity
67
0
8
0
62
256
6
ByLayer
370
-1
48
1.0
60
0
100
AcDbLine
10
162.574996948242
20
121.945999145508
30
0.0
11
164.091003417969
21
121.070999145508
31
0.0
39
0.0
210
0.0
220
0.0
230
1.0
0
LINE
5
4DA
330
17
100
AcDbEntity
67
0
8
0
62
256
6
ByLayer
370
-1
48
1.0
60
0
100
AcDbLine
10
164.091003417969
20
121.070999145508
30
0.0
11
164.091003417969
21
119.320999145508
31
0.0
39
0.0
210
0.0
220
0.0
230
1.0
0
LINE
5
4DB
330
17
100
AcDbEntity
67
0
8
0
62
256
6
ByLayer
370
-1
48
1.0
60
0
100
AcDbLine
10
167.621994018555
20
119.320999145508
30
0.0
11
166.106002807617
21
118.445999145508
31
0.0
39
0.0
210
0.0
220
0.0
230
1.0
0
LINE
5
4DC
330
17
100
AcDbEntity
67
0
8
0
62
256
6
ByLayer
370
-1
48
1.0
60
0
100
AcDbLine
10
166.106002807617
20
118.445999145508
30
0.0
11
164.591003417969
21
119.320999145508
31
0.0
39
0.0
210
0.0
220
0.0
230
1.0
0
LINE
5
4DD
330
17
100
AcDbEntity
67
0
8
0
62
256
6
ByLayer
370
-1
48
1.0
60
0
100
AcDbLine
10
164.591003417969
20
119.320999145508
30
0.0
11
164.591003417969
21
121.070999145508
31
0.0
39
0.0
210
0.0
220
0.0
230
1.0
0
LINE
5
4DE
330
17
100
AcDbEntity
67
0
8
0
62
256
6
ByLayer
370
-1
48
1.0
60
0
100
AcDbLine
10
164.591003417969
20
121.070999145508
30
0.0
11
166.106002807617
21
121.945999145508
31
0.0
39
0.0
210
0.0
220
0.0
230
1.0
0
LINE
5
4DF
330
17
100
AcDbEntity
67
0
8
0
62
256
6
ByLayer
370
-1
48
1.0
60
0
100
AcDbLine
10
166.106002807617
20
121.945999145508
30
0.0
11
167.621994018555
21
121.070999145508
31
0.0
39
0.0
210
0.0
220
0.0
230
1.0
0
LINE
5
4E0
330
17
100
AcDbEntity
67
0
8
0
62
256
6
ByLayer
370
-1
48
1.0
60
0
100
AcDbLine
10
167.621994018555
20
121.070999145508
30
0.0
11
167.621994018555
21
119.320999145508
31
0.0
39
0.0
210
0.0
220
0.0
230
1.0
0
LINE
5
4E1
330
17
100
AcDbEntity
67
0
8
0
62
256
6
ByLayer
370
-1
48
1.0
60
0
100
AcDbLine
10
171.15299987793
20
119.320999145508
30
0.0
11
169.636993408203
21
118.445999145508
31
0.0
39
0.0
210
0.0
220
0.0
230
1.0
0
LINE
5
4E2
330
17
100
AcDbEntity
67
0
8
0
62
256
6
ByLayer
370
-1
48
1.0
60
0
100
AcDbLine
10
169.636993408203
20
118.445999145508
30
0.0
11
168.121994018555
21
119.320999145508
31
0.0
39
0.0
210
0.0
220
0.0
230
1.0
0
LINE
5
4E3
330
17
100
AcDbEntity
67
0
8
0
62
256
6
ByLayer
370
-1
48
1.0
60
0
100
AcDbLine
10
168.121994018555
20
119.320999145508
30
0.0
11
168.121994018555
21
121.070999145508
31
0.0
39
0.0
210
0.0
220
0.0
230
1.0
0
LINE
5
4E4
330
17
100
AcDbEntity
67
0
8
0
62
256
6
ByLayer
370
-1
48
1.0
60
0
100
AcDbLine
10
168.121994018555
20
121.070999145508
30
0.0
11
169.636993408203
21
121.945999145508
31
0.0
39
0.0
210
0.0
220
0.0
230
1.0
0
LINE
5
4E5
330
17
100
AcDbEntity
67
0
8
0
62
256
6
ByLayer
370
-1
48
1.0
60
0
100
AcDbLine
10
169.636993408203
20
121.945999145508
30
0.0
11
171.15299987793
21
121.070999145508
31
0.0
39
0.0
210
0.0
220
0.0
230
1.0
0
LINE
5
4E6
330
17
100
AcDbEntity
67
0
8
0
62
256
6
ByLayer
370
-1
48
1.0
60
0
100
AcDbLine
10
171.15299987793
20
121.070999145508
30
0.0
11
171.15299987793
21
119.320999145508
31
0.0
39
0.0
210
0.0
220
0.0
230
1.0
0
LINE
5
4E7
330
17
100
AcDbEntity
67
0
8
0
62
256
6
ByLayer
370
-1
48
1.0
60
0
100
AcDbLine
10
174.684005737305
20
119.320999145508
30
0.0
11
173.167999267578
21
118.445999145508
31
0.0
39
0.0
210
0.0
220
0.0
230
1.0
0
LINE
5
4E8
330
17
100
AcDbEntity
67
0
8
0
62
256
6
ByLayer
370
-1
48
1.0
60
0
100
AcDbLine
10
173.167999267578
20
118.445999145508
30
0.0
11
171.65299987793
21
119.320999145508
31
0.0
39
0.0
210
0.0
220
0.0
230
1.0
0
LINE
5
4E9
330
17
100
AcDbEntity
67
0
8
0
62
256
6
ByLayer
370
-1
48
1.0
60
0
100
AcDbLine
10
171.65299987793
20
119.320999145508
30
0.0
11
171.65299987793
21
121.070999145508
31
0.0
39
0.0
210
0.0
220
0.0
230
1.0
0
LINE
5
4EA
330
17
100
AcDbEntity
67
0
8
0
62
256
6
ByLayer
370
-1
48
1.0
60
0
100
AcDbLine
10
171.65299987793
20
121.070999145508
30
0.0
11
173.167999267578
21
121.945999145508
31
0.0
39
0.0
210
0.0
220
0.0
230
1.0
0
LINE
5
4EB
330
17
100
AcDbEntity
67
0
8
0
62
256
6
ByLayer
370
-1
48
1.0
60
0
100
AcDbLine
10
173.167999267578
20
121.945999145508
30
0.0
11
174.684005737305
21
121.070999145508
31
0.0
39
0.0
210
0.0
220
0.0
230
1.0
0
LINE
5
4EC
330
17
100
AcDbEntity
67
0
8
0
62
256
6
ByLayer
370
-1
48
1.0
60
0
100
AcDbLine
10
174.684005737305
20
121.070999145508
30
0.0
11
174.684005737305
21
119.320999145508
31
0.0
39
0.0
210
0.0
220
0.0
230
1.0
0
LINE
5
4ED
330
17
100
AcDbEntity
67
0
8
0
62
256
6
ByLayer
370
-1
48
1.0
60
0
100
AcDbLine
10
176.705001831055
20
121.942001342773
30
0.0
11
175.184005737305
21
121.070999145508
31
0.0
39
0.0
210
0.0
220
0.0
230
1.0
0
LINE
5
4EE
330
17
100
AcDbEntity
67
0
8
0
62
256
6
ByLayer
370
-1
48
1.0
60
0
100
AcDbLine
10
175.184005737305
20
121.070999145508
30
0.0
11
175.184005737305
21
119.320999145508
31
0.0
39
0.0
210
0.0
220
0.0
230
1.0
0
LINE
5
4EF
330
17
100
AcDbEntity
67
0
8
0
62
256
6
ByLayer
370
-1
48
1.0
60
0
100
AcDbLine
10
175.184005737305
20
119.320999145508
30
0.0
11
175.406005859375
21
119.192001342773
31
0.0
39
0.0
210
0.0
220
0.0
230
1.0
0
LINE
5
4F0
330
17
100
AcDbEntity
67
0
8
0
62
256
6
ByLayer
370
-1
48
1.0
60
0
100
AcDbLine
10
175.406005859375
20
119.192001342773
30
0.0
11
176.705001831055
21
121.942001342773
31
0.0
39
0.0
210
0.0
220
0.0
230
1.0
0
LINE
5
4F1
330
17
100
AcDbEntity
67
0
8
0
62
256
6
ByLayer
370
-1
48
1.0
60
0
100
AcDbLine
10
135.289993286133
20
117.636001586914
30
0.0
11
134.72200012207
21
116.178001403809
31
0.0
39
0.0
210
0.0
220
0.0
230
1.0
0
LINE
5
4F2
330
17
100
AcDbEntity
67
0
8
0
62
256
6
ByLayer
370
-1
48
1.0
60
0
100
AcDbLine
10
134.72200012207
20
116.178001403809
30
0.0
11
136.091995239258
21
115.388000488281
31
0.0
39
0.0
210
0.0
220
0.0
230
1.0
0
LINE
5
4F3
330
17
100
AcDbEntity
67
0
8
0
62
256
6
ByLayer
370
-1
48
1.0
60
0
100
AcDbLine
10
136.091995239258
20
115.388000488281
30
0.0
11
137.606994628906
21
116.263000488281
31
0.0
39
0.0
210
0.0
220
0.0
230
1.0
0
LINE
5
4F4
330
17
100
AcDbEntity
67
0
8
0
62
256
6
ByLayer
370
-1
48
1.0
60
0
100
AcDbLine
10
137.606994628906
20
116.263000488281
30
0.0
11
137.606994628906
21
118.013000488281
31
0.0
39
0.0
210
0.0
220
0.0
230
1.0
0
LINE
5
4F5
330
17
100
AcDbEntity
67
0
8
0
62
256
6
ByLayer
370
-1
48
1.0
60
0
100
AcDbLine
10
137.606994628906
20
118.013000488281
30
0.0
11
136.091995239258
21
118.888000488281
31
0.0
39
0.0
210
0.0
220
0.0
230
1.0
0
LINE
5
4F6
330
17
100
AcDbEntity
67
0
8
0
62
256
6
ByLayer
370
-1
48
1.0
60
0
100
AcDbLine
10
136.091995239258
20
118.888000488281
30
0.0
11
135.561004638672
21
118.581001281738
31
0.0
39
0.0
210
0.0
220
0.0
230
1.0
0
LINE
5
4F7
330
17
100
AcDbEntity
67
0
8
0
62
256
6
ByLayer
370
-1
48
1.0
60
0
100
AcDbLine
10
135.561004638672
20
118.581001281738
30
0.0
11
135.289993286133
21
117.636001586914
31
0.0
39
0.0
210
0.0
220
0.0
230
1.0
0
LINE
5
4F8
330
17
100
AcDbEntity
67
0
8
0
62
256
6
ByLayer
370
-1
48
1.0
60
0
100
AcDbLine
10
141.138000488281
20
116.263000488281
30
0.0
11
139.623001098633
21
115.388000488281
31
0.0
39
0.0
210
0.0
220
0.0
230
1.0
0
LINE
5
4F9
330
17
100
AcDbEntity
67
0
8
0
62
256
6
ByLayer
370
-1
48
1.0
60
0
100
AcDbLine
10
139.623001098633
20
115.388000488281
30
0.0
11
138.106994628906
21
116.263000488281
31
0.0
39
0.0
210
0.0
220
0.0
230
1.0
0
LINE
5
4FA
330
17
100
AcDbEntity
67
0
8
0
62
256
6
ByLayer
370
-1
48
1.0
60
0
100
AcDbLine
10
138.106994628906
20
116.263000488281
30
0.0
11
138.106994628906
21
118.013000488281
31
0.0
39
0.0
210
0.0
220
0.0
230
1.0
0
LINE
5
4FB
330
17
100
AcDbEntity
67
0
8
0
62
256
6
ByLayer
370
-1
48
1.0
60
0
100
AcDbLine
10
138.106994628906
20
118.013000488281
30
0.0
11
139.623001098633
21
118.888000488281
31
0.0
39
0.0
210
0.0
220
0.0
230
1.0
0
LINE
5
4FC
330
17
100
AcDbEntity
67
0
8
0
62
256
6
ByLayer
370
-1
48
1.0
60
0
100
AcDbLine
10
139.623001098633
20
118.888000488281
30
0.0
11
141.138000488281
21
118.013000488281
31
0.0
39
0.0
210
0.0
220
0.0
230
1.0
0
LINE
5
4FD
330
17
100
AcDbEntity
67
0
8
0
62
256
6
ByLayer
370
-1
48
1.0
60
0
100
AcDbLine
10
141.138000488281
20
118.013000488281
30
0.0
11
141.138000488281
21
116.263000488281
31
0.0
39
0.0
210
0.0
220
0.0
230
1.0
0
LINE
5
4FE
330
17
100
AcDbEntity
67
0
8
0
62
256
6
ByLayer
370
-1
48
1.0
60
0
100
AcDbLine
10
144.669998168945
20
116.263000488281
30
0.0
11
143.154006958008
21
115.388000488281
31
0.0
39
0.0
210
0.0
220
0.0
230
1.0
0
LINE
5
4FF
330
17
100
AcDbEntity
67
0
8
0
62
256
6
ByLayer
370
-1
48
1.0
60
0
100
AcDbLine
10
143.154006958008
20
115.388000488281
30
0.0
11
141.638000488281
21
116.263000488281
31
0.0
39
0.0
210
0.0
220
0.0
230
1.0
0
LINE
5
500
330
17
100
AcDbEntity
67
0
8
0
62
256
6
ByLayer
370
-1
48
1.0
60
0
100
AcDbLine
10
141.638000488281
20
116.263000488281
30
0.0
11
141.638000488281
21
118.013000488281
31
0.0
39
0.0
210
0.0
220
0.0
230
1.0
0
LINE
5
501
330
17
100
AcDbEntity
67
0
8
0
62
256
6
ByLayer
370
-1
48
1.0
60
0
100
AcDbLine
10
141.638000488281
20
118.013000488281
30
0.0
11
143.154006958008
21
118.888000488281
31
0.0
39
0.0
210
0.0
220
0.0
230
1.0
0
LINE
5
502
330
17
100
AcDbEntity
67
0
8
0
62
256
6
ByLayer
370
-1
48
1.0
60
0
100
AcDbLine
10
143.154006958008
20
118.888000488281
30
0.0
11
144.669998168945
21
118.013000488281
31
0.0
39
0.0
210
0.0
220
0.0
230
1.0
0
LINE
5
503
330
17
100
AcDbEntity
67
0
8
0
62
256
6
ByLayer
370
-1
48
1.0
60
0
100
AcDbLine
10
144.669998168945
20
118.013000488281
30
0.0
11
144.669998168945
21
116.263000488281
31
0.0
39
0.0
210
0.0
220
0.0
230
1.0
0
LINE
5
504
330
17
100
AcDbEntity
67
0
8
0
62
256
6
ByLayer
370
-1
48
1.0
60
0
100
AcDbLine
10
148.20100402832
20
116.263000488281
30
0.0
11
146.684997558594
21
115.388000488281
31
0.0
39
0.0
210
0.0
220
0.0
230
1.0
0
LINE
5
505
330
17
100
AcDbEntity
67
0
8
0
62
256
6
ByLayer
370
-1
48
1.0
60
0
100
AcDbLine
10
146.684997558594
20
115.388000488281
30
0.0
11
145.169998168945
21
116.263000488281
31
0.0
39
0.0
210
0.0
220
0.0
230
1.0
0
LINE
5
506
330
17
100
AcDbEntity
67
0
8
0
62
256
6
ByLayer
370
-1
48
1.0
60
0
100
AcDbLine
10
145.169998168945
20
116.263000488281
30
0.0
11
145.169998168945
21
118.013000488281
31
0.0
39
0.0
210
0.0
220
0.0
230
1.0
0
LINE
5
507
330
17
100
AcDbEntity
67
0
8
0
62
256
6
ByLayer
370
-1
48
1.0
60
0
100
AcDbLine
10
145.169998168945
20
118.013000488281
30
0.0
11
146.684997558594
21
118.888000488281
31
0.0
39
0.0
210
0.0
220
0.0
230
1.0
0
LINE
5
508
330
17
100
AcDbEntity
67
0
8
0
62
256
6
ByLayer
370
-1
48
1.0
60
0
100
AcDbLine
10
146.684997558594
20
118.888000488281
30
0.0
11
148.20100402832
21
118.013000488281
31
0.0
39
0.0
210
0.0
220
0.0
230
1.0
0
LINE
5
509
330
17
100
AcDbEntity
67
0
8
0
62
256
6
ByLayer
370
-1
48
1.0
60
0
100
AcDbLine
10
148.20100402832
20
118.013000488281
30
0.0
11
148.20100402832
21
116.263000488281
31
0.0
39
0.0
210
0.0
220
0.0
230
1.0
0
LINE
5
50A
330
17
100
AcDbEntity
67
0
8
0
62
256
6
ByLayer
370
-1
48
1.0
60
0
100
AcDbLine
10
151.731994628906
20
116.263000488281
30
0.0
11
150.216003417969
21
115.388000488281
31
0.0
39
0.0
210
0.0
220
0.0
230
1.0
0
LINE
5
50B
330
17
100
AcDbEntity
67
0
8
0
62
256
6
ByLayer
370
-1
48
1.0
60
0
100
AcDbLine
10
150.216003417969
20
115.388000488281
30
0.0
11
148.70100402832
21
116.263000488281
31
0.0
39
0.0
210
0.0
220
0.0
230
1.0
0
LINE
5
50C
330
17
100
AcDbEntity
67
0
8
0
62
256
6
ByLayer
370
-1
48
1.0
60
0
100
AcDbLine
10
148.70100402832
20
116.263000488281
30
0.0
11
148.70100402832
21
118.013000488281
31
0.0
39
0.0
210
0.0
220
0.0
230
1.0
0
LINE
5
50D
330
17
100
AcDbEntity
67
0
8
0
62
256
6
ByLayer
370
-1
48
1.0
60
0
100
AcDbLine
10
148.70100402832
20
118.013000488281
30
0.0
11
150.216003417969
21
118.888000488281
31
0.0
39
0.0
210
0.0
220
0.0
230
1.0
0
LINE
5
50E
330
17
100
AcDbEntity
67
0
8
0
62
256
6
ByLayer
370
-1
48
1.0
60
0
100
AcDbLine
10
150.216003417969
20
118.888000488281
30
0.0
11
151.731994628906
21
118.013000488281
31
0.0
39
0.0
210
0.0
220
0.0
230
1.0
0
LINE
5
50F
330
17
100
AcDbEntity
67
0
8
0
62
256
6
ByLayer
370
-1
48
1.0
60
0
100
AcDbLine
10
151.731994628906
20
118.013000488281
30
0.0
11
151.731994628906
21
116.263000488281
31
0.0
39
0.0
210
0.0
220
0.0
230
1.0
0
LINE
5
510
330
17
100
AcDbEntity
67
0
8
0
62
256
6
ByLayer
370
-1
48
1.0
60
0
100
AcDbLine
10
155.263000488281
20
116.263000488281
30
0.0
11
153.746994018555
21
115.388000488281
31
0.0
39
0.0
210
0.0
220
0.0
230
1.0
0
LINE
5
511
330
17
100
AcDbEntity
67
0
8
0
62
256
6
ByLayer
370
-1
48
1.0
60
0
100
AcDbLine
10
153.746994018555
20
115.388000488281
30
0.0
11
152.231994628906
21
116.263000488281
31
0.0
39
0.0
210
0.0
220
0.0
230
1.0
0
LINE
5
512
330
17
100
AcDbEntity
67
0
8
0
62
256
6
ByLayer
370
-1
48
1.0
60
0
100
AcDbLine
10
152.231994628906
20
116.263000488281
30
0.0
11
152.231994628906
21
118.013000488281
31
0.0
39
0.0
210
0.0
220
0.0
230
1.0
0
LINE
5
513
330
17
100
AcDbEntity
67
0
8
0
62
256
6
ByLayer
370
-1
48
1.0
60
0
100
AcDbLine
10
152.231994628906
20
118.013000488281
30
0.0
11
153.746994018555
21
118.888000488281
31
0.0
39
0.0
210
0.0
220
0.0
230
1.0
0
LINE
5
514
330
17
100
AcDbEntity
67
0
8
0
62
256
6
ByLayer
370
-1
48
1.0
60
0
100
AcDbLine
10
153.746994018555
20
118.888000488281
30
0.0
11
155.263000488281
21
118.013000488281
31
0.0
39
0.0
210
0.0
220
0.0
230
1.0
0
LINE
5
515
330
17
100
AcDbEntity
67
0
8
0
62
256
6
ByLayer
370
-1
48
1.0
60
0
100
AcDbLine
10
155.263000488281
20
118.013000488281
30
0.0
11
155.263000488281
21
116.263000488281
31
0.0
39
0.0
210
0.0
220
0.0
230
1.0
0
LINE
5
516
330
17
100
AcDbEntity
67
0
8
0
62
256
6
ByLayer
370
-1
48
1.0
60
0
100
AcDbLine
10
158.794006347656
20
116.263000488281
30
0.0
11
157.27799987793
21
115.388000488281
31
0.0
39
0.0
210
0.0
220
0.0
230
1.0
0
LINE
5
517
330
17
100
AcDbEntity
67
0
8
0
62
256
6
ByLayer
370
-1
48
1.0
60
0
100
AcDbLine
10
157.27799987793
20
115.388000488281
30
0.0
11
155.763000488281
21
116.263000488281
31
0.0
39
0.0
210
0.0
220
0.0
230
1.0
0
LINE
5
518
330
17
100
AcDbEntity
67
0
8
0
62
256
6
ByLayer
370
-1
48
1.0
60
0
100
AcDbLine
10
155.763000488281
20
116.263000488281
30
0.0
11
155.763000488281
21
118.013000488281
31
0.0
39
0.0
210
0.0
220
0.0
230
1.0
0
LINE
5
519
330
17
100
AcDbEntity
67
0
8
0
62
256
6
ByLayer
370
-1
48
1.0
60
0
100
AcDbLine
10
155.763000488281
20
118.013000488281
30
0.0
11
157.27799987793
21
118.888000488281
31
0.0
39
0.0
210
0.0
220
0.0
230
1.0
0
LINE
5
51A
330
17
100
AcDbEntity
67
0
8
0
62
256
6
ByLayer
370
-1
48
1.0
60
0
100
AcDbLine
10
157.27799987793
20
118.888000488281
30
0.0
11
158.794006347656
21
118.013000488281
31
0.0
39
0.0
210
0.0
220
0.0
230
1.0
0
LINE
5
51B
330
17
100
AcDbEntity
67
0
8
0
62
256
6
ByLayer
370
-1
48
1.0
60
0
100
AcDbLine
10
158.794006347656
20
118.013000488281
30
0.0
11
158.794006347656
21
116.263000488281
31
0.0
39
0.0
210
0.0
220
0.0
230
1.0
0
LINE
5
51C
330
17
100
AcDbEntity
67
0
8
0
62
256
6
ByLayer
370
-1
48
1.0
60
0
100
AcDbLine
10
162.324996948242
20
116.263000488281
30
0.0
11
160.809005737305
21
115.388000488281
31
0.0
39
0.0
210
0.0
220
0.0
230
1.0
0
LINE
5
51D
330
17
100
AcDbEntity
67
0
8
0
62
256
6
ByLayer
370
-1
48
1.0
60
0
100
AcDbLine
10
160.809005737305
20
115.388000488281
30
0.0
11
159.294006347656
21
116.263000488281
31
0.0
39
0.0
210
0.0
220
0.0
230
1.0
0
LINE
5
51E
330
17
100
AcDbEntity
67
0
8
0
62
256
6
ByLayer
370
-1
48
1.0
60
0
100
AcDbLine
10
159.294006347656
20
116.263000488281
30
0.0
11
159.294006347656
21
118.013000488281
31
0.0
39
0.0
210
0.0
220
0.0
230
1.0
0
LINE
5
51F
330
17
100
AcDbEntity
67
0
8
0
62
256
6
ByLayer
370
-1
48
1.0
60
0
100
AcDbLine
10
159.294006347656
20
118.013000488281
30
0.0
11
160.809005737305
21
118.888000488281
31
0.0
39
0.0
210
0.0
220
0.0
230
1.0
0
LINE
5
520
330
17
100
AcDbEntity
67
0
8
0
62
256
6
ByLayer
370
-1
48
1.0
60
0
100
AcDbLine
10
160.809005737305
20
118.888000488281
30
0.0
11
162.324996948242
21
118.013000488281
31
0.0
39
0.0
210
0.0
220
0.0
230
1.0
0
LINE
5
521
330
17
100
AcDbEntity
67
0
8
0
62
256
6
ByLayer
370
-1
48
1.0
60
0
100
AcDbLine
10
162.324996948242
20
118.013000488281
30
0.0
11
162.324996948242
21
116.263000488281
31
0.0
39
0.0
210
0.0
220
0.0
230
1.0
0
LINE
5
522
330
17
100
AcDbEntity
67
0
8
0
62
256
6
ByLayer
370
-1
48
1.0
60
0
100
AcDbLine
10
165.856002807617
20
116.263000488281
30
0.0
11
164.341003417969
21
115.388000488281
31
0.0
39
0.0
210
0.0
220
0.0
230
1.0
0
LINE
5
523
330
17
100
AcDbEntity
67
0
8
0
62
256
6
ByLayer
370
-1
48
1.0
60
0
100
AcDbLine
10
164.341003417969
20
115.388000488281
30
0.0
11
162.824996948242
21
116.263000488281
31
0.0
39
0.0
210
0.0
220
0.0
230
1.0
0
LINE
5
524
330
17
100
AcDbEntity
67
0
8
0
62
256
6
ByLayer
370
-1
48
1.0
60
0
100
AcDbLine
10
162.824996948242
20
116.263000488281
30
0.0
11
162.824996948242
21
118.013000488281
31
0.0
39
0.0
210
0.0
220
0.0
230
1.0
0
LINE
5
525
330
17
100
AcDbEntity
67
0
8
0
62
256
6
ByLayer
370
-1
48
1.0
60
0
100
AcDbLine
10
162.824996948242
20
118.013000488281
30
0.0
11
164.341003417969
21
118.888000488281
31
0.0
39
0.0
210
0.0
220
0.0
230
1.0
0
LINE
5
526
330
17
100
AcDbEntity
67
0
8
0
62
256
6
ByLayer
370
-1
48
1.0
60
0
100
AcDbLine
10
164.341003417969
20
118.888000488281
30
0.0
11
165.856002807617
21
118.013000488281
31
0.0
39
0.0
210
0.0
220
0.0
230
1.0
0
LINE
5
527
330
17
100
AcDbEntity
67
0
8
0
62
256
6
ByLayer
370
-1
48
1.0
60
0
100
AcDbLine
10
165.856002807617
20
118.013000488281
30
0.0
11
165.856002807617
21
116.263000488281
31
0.0
39
0.0
210
0.0
220
0.0
230
1.0
0
LINE
5
528
330
17
100
AcDbEntity
67
0
8
0
62
256
6
ByLayer
370
-1
48
1.0
60
0
100
AcDbLine
10
169.386993408203
20
116.263000488281
30
0.0
11
167.871994018555
21
115.388000488281
31
0.0
39
0.0
210
0.0
220
0.0
230
1.0
0
LINE
5
529
330
17
100
AcDbEntity
67
0
8
0
62
256
6
ByLayer
370
-1
48
1.0
60
0
100
AcDbLine
10
167.871994018555
20
115.388000488281
30
0.0
11
166.356002807617
21
116.263000488281
31
0.0
39
0.0
210
0.0
220
0.0
230
1.0
0
LINE
5
52A
330
17
100
AcDbEntity
67
0
8
0
62
256
6
ByLayer
370
-1
48
1.0
60
0
100
AcDbLine
10
166.356002807617
20
116.263000488281
30
0.0
11
166.356002807617
21
118.013000488281
31
0.0
39
0.0
210
0.0
220
0.0
230
1.0
0
LINE
5
52B
330
17
100
AcDbEntity
67
0
8
0
62
256
6
ByLayer
370
-1
48
1.0
60
0
100
AcDbLine
10
166.356002807617
20
118.013000488281
30
0.0
11
167.871994018555
21
118.888000488281
31
0.0
39
0.0
210
0.0
220
0.0
230
1.0
0
LINE
5
52C
330
17
100
AcDbEntity
67
0
8
0
62
256
6
ByLayer
370
-1
48
1.0
60
0
100
AcDbLine
10
167.871994018555
20
118.888000488281
30
0.0
11
169.386993408203
21
118.013000488281
31
0.0
39
0.0
210
0.0
220
0.0
230
1.0
0
LINE
5
52D
330
17
100
AcDbEntity
67
0
8
0
62
256
6
ByLayer
370
-1
48
1.0
60
0
100
AcDbLine
10
169.386993408203
20
118.013000488281
30
0.0
11
169.386993408203
21
116.263000488281
31
0.0
39
0.0
210
0.0
220
0.0
230
1.0
0
LINE
5
52E
330
17
100
AcDbEntity
67
0
8
0
62
256
6
ByLayer
370
-1
48
1.0
60
0
100
AcDbLine
10
172.917999267578
20
116.263000488281
30
0.0
11
171.40299987793
21
115.388000488281
31
0.0
39
0.0
210
0.0
220
0.0
230
1.0
0
LINE
5
52F
330
17
100
AcDbEntity
67
0
8
0
62
256
6
ByLayer
370
-1
48
1.0
60
0
100
AcDbLine
10
171.40299987793
20
115.388000488281
30
0.0
11
169.886993408203
21
116.263000488281
31
0.0
39
0.0
210
0.0
220
0.0
230
1.0
0
LINE
5
530
330
17
100
AcDbEntity
67
0
8
0
62
256
6
ByLayer
370
-1
48
1.0
60
0
100
AcDbLine
10
169.886993408203
20
116.263000488281
30
0.0
11
169.886993408203
21
118.013000488281
31
0.0
39
0.0
210
0.0
220
0.0
230
1.0
0
LINE
5
531
330
17
100
AcDbEntity
67
0
8
0
62
256
6
ByLayer
370
-1
48
1.0
60
0
100
AcDbLine
10
169.886993408203
20
118.013000488281
30
0.0
11
171.40299987793
21
118.888000488281
31
0.0
39
0.0
210
0.0
220
0.0
230
1.0
0
LINE
5
532
330
17
100
AcDbEntity
67
0
8
0
62
256
6
ByLayer
370
-1
48
1.0
60
0
100
AcDbLine
10
171.40299987793
20
118.888000488281
30
0.0
11
172.917999267578
21
118.013000488281
31
0.0
39
0.0
210
0.0
220
0.0
230
1.0
0
LINE
5
533
330
17
100
AcDbEntity
67
0
8
0
62
256
6
ByLayer
370
-1
48
1.0
60
0
100
AcDbLine
10
172.917999267578
20
118.013000488281
30
0.0
11
172.917999267578
21
116.263000488281
31
0.0
39
0.0
210
0.0
220
0.0
230
1.0
0
LINE
5
534
330
17
100
AcDbEntity
67
0
8
0
62
256
6
ByLayer
370
-1
48
1.0
60
0
100
AcDbLine
10
174.296997070313
20
116.843002319336
30
0.0
11
175.192001342773
21
118.737998962402
31
0.0
39
0.0
210
0.0
220
0.0
230
1.0
0
LINE
5
535
330
17
100
AcDbEntity
67
0
8
0
62
256
6
ByLayer
370
-1
48
1.0
60
0
100
AcDbLine
10
175.192001342773
20
118.737998962402
30
0.0
11
174.934005737305
21
118.888000488281
31
0.0
39
0.0
210
0.0
220
0.0
230
1.0
0
LINE
5
536
330
17
100
AcDbEntity
67
0
8
0
62
256
6
ByLayer
370
-1
48
1.0
60
0
100
AcDbLine
10
174.934005737305
20
118.888000488281
30
0.0
11
173.417999267578
21
118.013000488281
31
0.0
39
0.0
210
0.0
220
0.0
230
1.0
0
LINE
5
537
330
17
100
AcDbEntity
67
0
8
0
62
256
6
ByLayer
370
-1
48
1.0
60
0
100
AcDbLine
10
173.417999267578
20
118.013000488281
30
0.0
11
173.417999267578
21
116.263000488281
31
0.0
39
0.0
210
0.0
220
0.0
230
1.0
0
LINE
5
538
330
17
100
AcDbEntity
67
0
8
0
62
256
6
ByLayer
370
-1
48
1.0
60
0
100
AcDbLine
10
173.417999267578
20
116.263000488281
30
0.0
11
173.955001831055
21
115.953002929688
31
0.0
39
0.0
210
0.0
220
0.0
230
1.0
0
LINE
5
539
330
17
100
AcDbEntity
67
0
8
0
62
256
6
ByLayer
370
-1
48
1.0
60
0
100
AcDbLine
10
173.955001831055
20
115.953002929688
30
0.0
11
174.296997070313
21
116.843002319336
31
0.0
39
0.0
210
0.0
220
0.0
230
1.0
0
LINE
5
53A
330
17
100
AcDbEntity
67
0
8
0
62
256
6
ByLayer
370
-1
48
1.0
60
0
100
AcDbLine
10
133.425003051758
20
112.849998474121
30
0.0
11
134.32600402832
21
112.330001831055
31
0.0
39
0.0
210
0.0
220
0.0
230
1.0
0
LINE
5
53B
330
17
100
AcDbEntity
67
0
8
0
62
256
6
ByLayer
370
-1
48
1.0
60
0
100
AcDbLine
10
134.32600402832
20
112.330001831055
30
0.0
11
135.841995239258
21
113.205001831055
31
0.0
39
0.0
210
0.0
220
0.0
230
1.0
0
LINE
5
53C
330
17
100
AcDbEntity
67
0
8
0
62
256
6
ByLayer
370
-1
48
1.0
60
0
100
AcDbLine
10
135.841995239258
20
113.205001831055
30
0.0
11
135.841995239258
21
114.955001831055
31
0.0
39
0.0
210
0.0
220
0.0
230
1.0
0
LINE
5
53D
330
17
100
AcDbEntity
67
0
8
0
62
256
6
ByLayer
370
-1
48
1.0
60
0
100
AcDbLine
10
135.841995239258
20
114.955001831055
30
0.0
11
134.537994384766
21
115.707000732422
31
0.0
39
0.0
210
0.0
220
0.0
230
1.0
0
LINE
5
53E
330
17
100
AcDbEntity
67
0
8
0
62
256
6
ByLayer
370
-1
48
1.0
60
0
100
AcDbLine
10
134.537994384766
20
115.707000732422
30
0.0
11
133.425003051758
21
112.849998474121
31
0.0
39
0.0
210
0.0
220
0.0
230
1.0
0
LINE
5
53F
330
17
100
AcDbEntity
67
0
8
0
62
256
6
ByLayer
370
-1
48
1.0
60
0
100
AcDbLine
10
139.373001098633
20
113.205001831055
30
0.0
11
137.856994628906
21
112.330001831055
31
0.0
39
0.0
210
0.0
220
0.0
230
1.0
0
LINE
5
540
330
17
100
AcDbEntity
67
0
8
0
62
256
6
ByLayer
370
-1
48
1.0
60
0
100
AcDbLine
10
137.856994628906
20
112.330001831055
30
0.0
11
136.341995239258
21
113.205001831055
31
0.0
39
0.0
210
0.0
220
0.0
230
1.0
0
LINE
5
541
330
17
100
AcDbEntity
67
0
8
0
62
256
6
ByLayer
370
-1
48
1.0
60
0
100
AcDbLine
10
136.341995239258
20
113.205001831055
30
0.0
11
136.341995239258
21
114.955001831055
31
0.0
39
0.0
210
0.0
220
0.0
230
1.0
0
LINE
5
542
330
17
100
AcDbEntity
67
0
8
0
62
256
6
ByLayer
370
-1
48
1.0
60
0
100
AcDbLine
10
136.341995239258
20
114.955001831055
30
0.0
11
137.856994628906
21
115.830001831055
31
0.0
39
0.0
210
0.0
220
0.0
230
1.0
0
LINE
5
543
330
17
100
AcDbEntity
67
0
8
0
62
256
6
ByLayer
370
-1
48
1.0
60
0
100
AcDbLine
10
137.856994628906
20
115.830001831055
30
0.0
11
139.373001098633
21
114.955001831055
31
0.0
39
0.0
210
0.0
220
0.0
230
1.0
0
LINE
5
544
330
17
100
AcDbEntity
67
0
8
0
62
256
6
ByLayer
370
-1
48
1.0
60
0
100
AcDbLine
10
139.373001098633
20
114.955001831055
30
0.0
11
139.373001098633
21
113.205001831055
31
0.0
39
0.0
210
0.0
220
0.0
230
1.0
0
LINE
5
545
330
17
100
AcDbEntity
67
0
8
0
62
256
6
ByLayer
370
-1
48
1.0
60
0
100
AcDbLine
10
142.904006958008
20
113.205001831055
30
0.0
11
141.388000488281
21
112.330001831055
31
0.0
39
0.0
210
0.0
220
0.0
230
1.0
0
LINE
5
546
330
17
100
AcDbEntity
67
0
8
0
62
256
6
ByLayer
370
-1
48
1.0
60
0
100
AcDbLine
10
141.388000488281
20
112.330001831055
30
0.0
11
139.873001098633
21
113.205001831055
31
0.0
39
0.0
210
0.0
220
0.0
230
1.0
0
LINE
5
547
330
17
100
AcDbEntity
67
0
8
0
62
256
6
ByLayer
370
-1
48
1.0
60
0
100
AcDbLine
10
139.873001098633
20
113.205001831055
30
0.0
11
139.873001098633
21
114.955001831055
31
0.0
39
0.0
210
0.0
220
0.0
230
1.0
0
LINE
5
548
330
17
100
AcDbEntity
67
0
8
0
62
256
6
ByLayer
370
-1
48
1.0
60
0
100
AcDbLine
10
139.873001098633
20
114.955001831055
30
0.0
11
141.388000488281
21
115.830001831055
31
0.0
39
0.0
210
0.0
220
0.0
230
1.0
0
LINE
5
549
330
17
100
AcDbEntity
67
0
8
0
62
256
6
ByLayer
370
-1
48
1.0
60
0
100
AcDbLine
10
141.388000488281
20
115.830001831055
30
0.0
11
142.904006958008
21
114.955001831055
31
0.0
39
0.0
210
0.0
220
0.0
230
1.0
0
LINE
5
54A
330
17
100
AcDbEntity
67
0
8
0
62
256
6
ByLayer
370
-1
48
1.0
60
0
100
AcDbLine
10
142.904006958008
20
114.955001831055
30
0.0
11
142.904006958008
21
113.205001831055
31
0.0
39
0.0
210
0.0
220
0.0
230
1.0
0
LINE
5
54B
330
17
100
AcDbEntity
67
0
8
0
62
256
6
ByLayer
370
-1
48
1.0
60
0
100
AcDbLine
10
146.434997558594
20
113.205001831055
30
0.0
11
144.919998168945
21
112.330001831055
31
0.0
39
0.0
210
0.0
220
0.0
230
1.0
0
LINE
5
54C
330
17
100
AcDbEntity
67
0
8
0
62
256
6
ByLayer
370
-1
48
1.0
60
0
100
AcDbLine
10
144.919998168945
20
112.330001831055
30
0.0
11
143.404006958008
21
113.205001831055
31
0.0
39
0.0
210
0.0
220
0.0
230
1.0
0
LINE
5
54D
330
17
100
AcDbEntity
67
0
8
0
62
256
6
ByLayer
370
-1
48
1.0
60
0
100
AcDbLine
10
143.404006958008
20
113.205001831055
30
0.0
11
143.404006958008
21
114.955001831055
31
0.0
39
0.0
210
0.0
220
0.0
230
1.0
0
LINE
5
54E
330
17
100
AcDbEntity
67
0
8
0
62
256
6
ByLayer
370
-1
48
1.0
60
0
100
AcDbLine
10
143.404006958008
20
114.955001831055
30
0.0
11
144.919998168945
21
115.830001831055
31
0.0
39
0.0
210
0.0
220
0.0
230
1.0
0
LINE
5
54F
330
17
100
AcDbEntity
67
0
8
0
62
256
6
ByLayer
370
-1
48
1.0
60
0
100
AcDbLine
10
144.919998168945
20
115.830001831055
30
0.0
11
146.434997558594
21
114.955001831055
31
0.0
39
0.0
210
0.0
220
0.0
230
1.0
0
LINE
5
550
330
17
100
AcDbEntity
67
0
8
0
62
256
6
ByLayer
370
-1
48
1.0
60
0
100
AcDbLine
10
146.434997558594
20
114.955001831055
30
0.0
11
146.434997558594
21
113.205001831055
31
0.0
39
0.0
210
0.0
220
0.0
230
1.0
0
LINE
5
551
330
17
100
AcDbEntity
67
0
8
0
62
256
6
ByLayer
370
-1
48
1.0
60
0
100
AcDbLine
10
149.966003417969
20
113.205001831055
30
0.0
11
148.45100402832
21
112.330001831055
31
0.0
39
0.0
210
0.0
220
0.0
230
1.0
0
LINE
5
552
330
17
100
AcDbEntity
67
0
8
0
62
256
6
ByLayer
370
-1
48
1.0
60
0
100
AcDbLine
10
148.45100402832
20
112.330001831055
30
0.0
11
146.934997558594
21
113.205001831055
31
0.0
39
0.0
210
0.0
220
0.0
230
1.0
0
LINE
5
553
330
17
100
AcDbEntity
67
0
8
0
62
256
6
ByLayer
370
-1
48
1.0
60
0
100
AcDbLine
10
146.934997558594
20
113.205001831055
30
0.0
11
146.934997558594
21
114.955001831055
31
0.0
39
0.0
210
0.0
220
0.0
230
1.0
0
LINE
5
554
330
17
100
AcDbEntity
67
0
8
0
62
256
6
ByLayer
370
-1
48
1.0
60
0
100
AcDbLine
10
146.934997558594
20
114.955001831055
30
0.0
11
148.45100402832
21
115.830001831055
31
0.0
39
0.0
210
0.0
220
0.0
230
1.0
0
LINE
5
555
330
17
100
AcDbEntity
67
0
8
0
62
256
6
ByLayer
370
-1
48
1.0
60
0
100
AcDbLine
10
148.45100402832
20
115.830001831055
30
0.0
11
149.966003417969
21
114.955001831055
31
0.0
39
0.0
210
0.0
220
0.0
230
1.0
0
LINE
5
556
330
17
100
AcDbEntity
67
0
8
0
62
256
6
ByLayer
370
-1
48
1.0
60
0
100
AcDbLine
10
149.966003417969
20
114.955001831055
30
0.0
11
149.966003417969
21
113.205001831055
31
0.0
39
0.0
210
0.0
220
0.0
230
1.0
0
LINE
5
557
330
17
100
AcDbEntity
67
0
8
0
62
256
6
ByLayer
370
-1
48
1.0
60
0
100
AcDbLine
10
153.496994018555
20
113.205001831055
30
0.0
11
151.981994628906
21
112.330001831055
31
0.0
39
0.0
210
0.0
220
0.0
230
1.0
0
LINE
5
558
330
17
100
AcDbEntity
67
0
8
0
62
256
6
ByLayer
370
-1
48
1.0
60
0
100
AcDbLine
10
151.981994628906
20
112.330001831055
30
0.0
11
150.466003417969
21
113.205001831055
31
0.0
39
0.0
210
0.0
220
0.0
230
1.0
0
LINE
5
559
330
17
100
AcDbEntity
67
0
8
0
62
256
6
ByLayer
370
-1
48
1.0
60
0
100
AcDbLine
10
150.466003417969
20
113.205001831055
30
0.0
11
150.466003417969
21
114.955001831055
31
0.0
39
0.0
210
0.0
220
0.0
230
1.0
0
LINE
5
55A
330
17
100
AcDbEntity
67
0
8
0
62
256
6
ByLayer
370
-1
48
1.0
60
0
100
AcDbLine
10
150.466003417969
20
114.955001831055
30
0.0
11
151.981994628906
21
115.830001831055
31
0.0
39
0.0
210
0.0
220
0.0
230
1.0
0
LINE
5
55B
330
17
100
AcDbEntity
67
0
8
0
62
256
6
ByLayer
370
-1
48
1.0
60
0
100
AcDbLine
10
151.981994628906
20
115.830001831055
30
0.0
11
153.496994018555
21
114.955001831055
31
0.0
39
0.0
210
0.0
220
0.0
230
1.0
0
LINE
5
55C
330
17
100
AcDbEntity
67
0
8
0
62
256
6
ByLayer
370
-1
48
1.0
60
0
100
AcDbLine
10
153.496994018555
20
114.955001831055
30
0.0
11
153.496994018555
21
113.205001831055
31
0.0
39
0.0
210
0.0
220
0.0
230
1.0
0
LINE
5
55D
330
17
100
AcDbEntity
67
0
8
0
62
256
6
ByLayer
370
-1
48
1.0
60
0
100
AcDbLine
10
157.02799987793
20
113.205001831055
30
0.0
11
155.513000488281
21
112.330001831055
31
0.0
39
0.0
210
0.0
220
0.0
230
1.0
0
LINE
5
55E
330
17
100
AcDbEntity
67
0
8
0
62
256
6
ByLayer
370
-1
48
1.0
60
0
100
AcDbLine
10
155.513000488281
20
112.330001831055
30
0.0
11
153.996994018555
21
113.205001831055
31
0.0
39
0.0
210
0.0
220
0.0
230
1.0
0
LINE
5
55F
330
17
100
AcDbEntity
67
0
8
0
62
256
6
ByLayer
370
-1
48
1.0
60
0
100
AcDbLine
10
153.996994018555
20
113.205001831055
30
0.0
11
153.996994018555
21
114.955001831055
31
0.0
39
0.0
210
0.0
220
0.0
230
1.0
0
LINE
5
560
330
17
100
AcDbEntity
67
0
8
0
62
256
6
ByLayer
370
-1
48
1.0
60
0
100
AcDbLine
10
153.996994018555
20
114.955001831055
30
0.0
11
155.513000488281
21
115.830001831055
31
0.0
39
0.0
210
0.0
220
0.0
230
1.0
0
LINE
5
561
330
17
100
AcDbEntity
67
0
8
0
62
256
6
ByLayer
370
-1
48
1.0
60
0
100
AcDbLine
10
155.513000488281
20
115.830001831055
30
0.0
11
157.02799987793
21
114.955001831055
31
0.0
39
0.0
210
0.0
220
0.0
230
1.0
0
LINE
5
562
330
17
100
AcDbEntity
67
0
8
0
62
256
6
ByLayer
370
-1
48
1.0
60
0
100
AcDbLine
10
157.02799987793
20
114.955001831055
30
0.0
11
157.02799987793
21
113.205001831055
31
0.0
39
0.0
210
0.0
220
0.0
230
1.0
0
LINE
5
563
330
17
100
AcDbEntity
67
0
8
0
62
256
6
ByLayer
370
-1
48
1.0
60
0
100
AcDbLine
10
160.559005737305
20
113.205001831055
30
0.0
11
159.044006347656
21
112.330001831055
31
0.0
39
0.0
210
0.0
220
0.0
230
1.0
0
LINE
5
564
330
17
100
AcDbEntity
67
0
8
0
62
256
6
ByLayer
370
-1
48
1.0
60
0
100
AcDbLine
10
159.044006347656
20
112.330001831055
30
0.0
11
157.52799987793
21
113.205001831055
31
0.0
39
0.0
210
0.0
220
0.0
230
1.0
0
LINE
5
565
330
17
100
AcDbEntity
67
0
8
0
62
256
6
ByLayer
370
-1
48
1.0
60
0
100
AcDbLine
10
157.52799987793
20
113.205001831055
30
0.0
11
157.52799987793
21
114.955001831055
31
0.0
39
0.0
210
0.0
220
0.0
230
1.0
0
LINE
5
566
330
17
100
AcDbEntity
67
0
8
0
62
256
6
ByLayer
370
-1
48
1.0
60
0
100
AcDbLine
10
157.52799987793
20
114.955001831055
30
0.0
11
159.044006347656
21
115.830001831055
31
0.0
39
0.0
210
0.0
220
0.0
230
1.0
0
LINE
5
567
330
17
100
AcDbEntity
67
0
8
0
62
256
6
ByLayer
370
-1
48
1.0
60
0
100
AcDbLine
10
159.044006347656
20
115.830001831055
30
0.0
11
160.559005737305
21
114.955001831055
31
0.0
39
0.0
210
0.0
220
0.0
230
1.0
0
LINE
5
568
330
17
100
AcDbEntity
67
0
8
0
62
256
6
ByLayer
370
-1
48
1.0
60
0
100
AcDbLine
10
160.559005737305
20
114.955001831055
30
0.0
11
160.559005737305
21
113.205001831055
31
0.0
39
0.0
210
0.0
220
0.0
230
1.0
0
LINE
5
569
330
17
100
AcDbEntity
67
0
8
0
62
256
6
ByLayer
370
-1
48
1.0
60
0
100
AcDbLine
10
164.091003417969
20
113.205001831055
30
0.0
11
162.574996948242
21
112.330001831055
31
0.0
39
0.0
210
0.0
220
0.0
230
1.0
0
LINE
5
56A
330
17
100
AcDbEntity
67
0
8
0
62
256
6
ByLayer
370
-1
48
1.0
60
0
100
AcDbLine
10
162.574996948242
20
112.330001831055
30
0.0
11
161.059005737305
21
113.205001831055
31
0.0
39
0.0
210
0.0
220
0.0
230
1.0
0
LINE
5
56B
330
17
100
AcDbEntity
67
0
8
0
62
256
6
ByLayer
370
-1
48
1.0
60
0
100
AcDbLine
10
161.059005737305
20
113.205001831055
30
0.0
11
161.059005737305
21
114.955001831055
31
0.0
39
0.0
210
0.0
220
0.0
230
1.0
0
LINE
5
56C
330
17
100
AcDbEntity
67
0
8
0
62
256
6
ByLayer
370
-1
48
1.0
60
0
100
AcDbLine
10
161.059005737305
20
114.955001831055
30
0.0
11
162.574996948242
21
115.830001831055
31
0.0
39
0.0
210
0.0
220
0.0
230
1.0
0
LINE
5
56D
330
17
100
AcDbEntity
67
0
8
0
62
256
6
ByLayer
370
-1
48
1.0
60
0
100
AcDbLine
10
162.574996948242
20
115.830001831055
30
0.0
11
164.091003417969
21
114.955001831055
31
0.0
39
0.0
210
0.0
220
0.0
230
1.0
0
LINE
5
56E
330
17
100
AcDbEntity
67
0
8
0
62
256
6
ByLayer
370
-1
48
1.0
60
0
100
AcDbLine
10
164.091003417969
20
114.955001831055
30
0.0
11
164.091003417969
21
113.205001831055
31
0.0
39
0.0
210
0.0
220
0.0
230
1.0
0
LINE
5
56F
330
17
100
AcDbEntity
67
0
8
0
62
256
6
ByLayer
370
-1
48
1.0
60
0
100
AcDbLine
10
167.621994018555
20
113.205001831055
30
0.0
11
166.106002807617
21
112.330001831055
31
0.0
39
0.0
210
0.0
220
0.0
230
1.0
0
LINE
5
570
330
17
100
AcDbEntity
67
0
8
0
62
256
6
ByLayer
370
-1
48
1.0
60
0
100
AcDbLine
10
166.106002807617
20
112.330001831055
30
0.0
11
164.591003417969
21
113.205001831055
31
0.0
39
0.0
210
0.0
220
0.0
230
1.0
0
LINE
5
571
330
17
100
AcDbEntity
67
0
8
0
62
256
6
ByLayer
370
-1
48
1.0
60
0
100
AcDbLine
10
164.591003417969
20
113.205001831055
30
0.0
11
164.591003417969
21
114.955001831055
31
0.0
39
0.0
210
0.0
220
0.0
230
1.0
0
LINE
5
572
330
17
100
AcDbEntity
67
0
8
0
62
256
6
ByLayer
370
-1
48
1.0
60
0
100
AcDbLine
10
164.591003417969
20
114.955001831055
30
0.0
11
166.106002807617
21
115.830001831055
31
0.0
39
0.0
210
0.0
220
0.0
230
1.0
0
LINE
5
573
330
17
100
AcDbEntity
67
0
8
0
62
256
6
ByLayer
370
-1
48
1.0
60
0
100
AcDbLine
10
166.106002807617
20
115.830001831055
30
0.0
11
167.621994018555
21
114.955001831055
31
0.0
39
0.0
210
0.0
220
0.0
230
1.0
0
LINE
5
574
330
17
100
AcDbEntity
67
0
8
0
62
256
6
ByLayer
370
-1
48
1.0
60
0
100
AcDbLine
10
167.621994018555
20
114.955001831055
30
0.0
11
167.621994018555
21
113.205001831055
31
0.0
39
0.0
210
0.0
220
0.0
230
1.0
0
LINE
5
575
330
17
100
AcDbEntity
67
0
8
0
62
256
6
ByLayer
370
-1
48
1.0
60
0
100
AcDbLine
10
171.15299987793
20
113.205001831055
30
0.0
11
169.636993408203
21
112.330001831055
31
0.0
39
0.0
210
0.0
220
0.0
230
1.0
0
LINE
5
576
330
17
100
AcDbEntity
67
0
8
0
62
256
6
ByLayer
370
-1
48
1.0
60
0
100
AcDbLine
10
169.636993408203
20
112.330001831055
30
0.0
11
168.121994018555
21
113.205001831055
31
0.0
39
0.0
210
0.0
220
0.0
230
1.0
0
LINE
5
577
330
17
100
AcDbEntity
67
0
8
0
62
256
6
ByLayer
370
-1
48
1.0
60
0
100
AcDbLine
10
168.121994018555
20
113.205001831055
30
0.0
11
168.121994018555
21
114.955001831055
31
0.0
39
0.0
210
0.0
220
0.0
230
1.0
0
LINE
5
578
330
17
100
AcDbEntity
67
0
8
0
62
256
6
ByLayer
370
-1
48
1.0
60
0
100
AcDbLine
10
168.121994018555
20
114.955001831055
30
0.0
11
169.636993408203
21
115.830001831055
31
0.0
39
0.0
210
0.0
220
0.0
230
1.0
0
LINE
5
579
330
17
100
AcDbEntity
67
0
8
0
62
256
6
ByLayer
370
-1
48
1.0
60
0
100
AcDbLine
10
169.636993408203
20
115.830001831055
30
0.0
11
171.15299987793
21
114.955001831055
31
0.0
39
0.0
210
0.0
220
0.0
230
1.0
0
LINE
5
57A
330
17
100
AcDbEntity
67
0
8
0
62
256
6
ByLayer
370
-1
48
1.0
60
0
100
AcDbLine
10
171.15299987793
20
114.955001831055
30
0.0
11
171.15299987793
21
113.205001831055
31
0.0
39
0.0
210
0.0
220
0.0
230
1.0
0
LINE
5
57B
330
17
100
AcDbEntity
67
0
8
0
62
256
6
ByLayer
370
-1
48
1.0
60
0
100
AcDbLine
10
173.774002075195
20
115.480003356934
30
0.0
11
173.167999267578
21
115.830001831055
31
0.0
39
0.0
210
0.0
220
0.0
230
1.0
0
LINE
5
57C
330
17
100
AcDbEntity
67
0
8
0
62
256
6
ByLayer
370
-1
48
1.0
60
0
100
AcDbLine
10
173.167999267578
20
115.830001831055
30
0.0
11
171.65299987793
21
114.955001831055
31
0.0
39
0.0
210
0.0
220
0.0
230
1.0
0
LINE
5
57D
330
17
100
AcDbEntity
67
0
8
0
62
256
6
ByLayer
370
-1
48
1.0
60
0
100
AcDbLine
10
171.65299987793
20
114.955001831055
30
0.0
11
171.65299987793
21
113.205001831055
31
0.0
39
0.0
210
0.0
220
0.0
230
1.0
0
LINE
5
57E
330
17
100
AcDbEntity
67
0
8
0
62
256
6
ByLayer
370
-1
48
1.0
60
0
100
AcDbLine
10
171.65299987793
20
113.205001831055
30
0.0
11
172.67399597168
21
112.61499786377
31
0.0
39
0.0
210
0.0
220
0.0
230
1.0
0
LINE
5
57F
330
17
100
AcDbEntity
67
0
8
0
62
256
6
ByLayer
370
-1
48
1.0
60
0
100
AcDbLine
10
172.67399597168
20
112.61499786377
30
0.0
11
173.774002075195
21
115.480003356934
31
0.0
39
0.0
210
0.0
220
0.0
230
1.0
0
LINE
5
580
330
17
100
AcDbEntity
67
0
8
0
62
256
6
ByLayer
370
-1
48
1.0
60
0
100
AcDbLine
10
132.126998901367
20
109.522003173828
30
0.0
11
132.561004638672
21
109.272003173828
31
0.0
39
0.0
210
0.0
220
0.0
230
1.0
0
LINE
5
581
330
17
100
AcDbEntity
67
0
8
0
62
256
6
ByLayer
370
-1
48
1.0
60
0
100
AcDbLine
10
132.561004638672
20
109.272003173828
30
0.0
11
134.07600402832
21
110.147003173828
31
0.0
39
0.0
210
0.0
220
0.0
230
1.0
0
LINE
5
582
330
17
100
AcDbEntity
67
0
8
0
62
256
6
ByLayer
370
-1
48
1.0
60
0
100
AcDbLine
10
134.07600402832
20
110.147003173828
30
0.0
11
134.07600402832
21
111.897003173828
31
0.0
39
0.0
210
0.0
220
0.0
230
1.0
0
LINE
5
583
330
17
100
AcDbEntity
67
0
8
0
62
256
6
ByLayer
370
-1
48
1.0
60
0
100
AcDbLine
10
134.07600402832
20
111.897003173828
30
0.0
11
133.240997314453
21
112.378997802734
31
0.0
39
0.0
210
0.0
220
0.0
230
1.0
0
LINE
5
584
330
17
100
AcDbEntity
67
0
8
0
62
256
6
ByLayer
370
-1
48
1.0
60
0
100
AcDbLine
10
133.240997314453
20
112.378997802734
30
0.0
11
132.126998901367
21
109.522003173828
31
0.0
39
0.0
210
0.0
220
0.0
230
1.0
0
LINE
5
585
330
17
100
AcDbEntity
67
0
8
0
62
256
6
ByLayer
370
-1
48
1.0
60
0
100
AcDbLine
10
137.606994628906
20
110.147003173828
30
0.0
11
136.091995239258
21
109.272003173828
31
0.0
39
0.0
210
0.0
220
0.0
230
1.0
0
LINE
5
586
330
17
100
AcDbEntity
67
0
8
0
62
256
6
ByLayer
370
-1
48
1.0
60
0
100
AcDbLine
10
136.091995239258
20
109.272003173828
30
0.0
11
134.57600402832
21
110.147003173828
31
0.0
39
0.0
210
0.0
220
0.0
230
1.0
0
LINE
5
587
330
17
100
AcDbEntity
67
0
8
0
62
256
6
ByLayer
370
-1
48
1.0
60
0
100
AcDbLine
10
134.57600402832
20
110.147003173828
30
0.0
11
134.57600402832
21
111.897003173828
31
0.0
39
0.0
210
0.0
220
0.0
230
1.0
0
LINE
5
588
330
17
100
AcDbEntity
67
0
8
0
62
256
6
ByLayer
370
-1
48
1.0
60
0
100
AcDbLine
10
134.57600402832
20
111.897003173828
30
0.0
11
136.091995239258
21
112.772003173828
31
0.0
39
0.0
210
0.0
220
0.0
230
1.0
0
LINE
5
589
330
17
100
AcDbEntity
67
0
8
0
62
256
6
ByLayer
370
-1
48
1.0
60
0
100
AcDbLine
10
136.091995239258
20
112.772003173828
30
0.0
11
137.606994628906
21
111.897003173828
31
0.0
39
0.0
210
0.0
220
0.0
230
1.0
0
LINE
5
58A
330
17
100
AcDbEntity
67
0
8
0
62
256
6
ByLayer
370
-1
48
1.0
60
0
100
AcDbLine
10
137.606994628906
20
111.897003173828
30
0.0
11
137.606994628906
21
110.147003173828
31
0.0
39
0.0
210
0.0
220
0.0
230
1.0
0
LINE
5
58B
330
17
100
AcDbEntity
67
0
8
0
62
256
6
ByLayer
370
-1
48
1.0
60
0
100
AcDbLine
10
141.138000488281
20
110.147003173828
30
0.0
11
139.623001098633
21
109.272003173828
31
0.0
39
0.0
210
0.0
220
0.0
230
1.0
0
LINE
5
58C
330
17
100
AcDbEntity
67
0
8
0
62
256
6
ByLayer
370
-1
48
1.0
60
0
100
AcDbLine
10
139.623001098633
20
109.272003173828
30
0.0
11
138.106994628906
21
110.147003173828
31
0.0
39
0.0
210
0.0
220
0.0
230
1.0
0
LINE
5
58D
330
17
100
AcDbEntity
67
0
8
0
62
256
6
ByLayer
370
-1
48
1.0
60
0
100
AcDbLine
10
138.106994628906
20
110.147003173828
30
0.0
11
138.106994628906
21
111.897003173828
31
0.0
39
0.0
210
0.0
220
0.0
230
1.0
0
LINE
5
58E
330
17
100
AcDbEntity
67
0
8
0
62
256
6
ByLayer
370
-1
48
1.0
60
0
100
AcDbLine
10
138.106994628906
20
111.897003173828
30
0.0
11
139.623001098633
21
112.772003173828
31
0.0
39
0.0
210
0.0
220
0.0
230
1.0
0
LINE
5
58F
330
17
100
AcDbEntity
67
0
8
0
62
256
6
ByLayer
370
-1
48
1.0
60
0
100
AcDbLine
10
139.623001098633
20
112.772003173828
30
0.0
11
141.138000488281
21
111.897003173828
31
0.0
39
0.0
210
0.0
220
0.0
230
1.0
0
LINE
5
590
330
17
100
AcDbEntity
67
0
8
0
62
256
6
ByLayer
370
-1
48
1.0
60
0
100
AcDbLine
10
141.138000488281
20
111.897003173828
30
0.0
11
141.138000488281
21
110.147003173828
31
0.0
39
0.0
210
0.0
220
0.0
230
1.0
0
LINE
5
591
330
17
100
AcDbEntity
67
0
8
0
62
256
6
ByLayer
370
-1
48
1.0
60
0
100
AcDbLine
10
144.669998168945
20
110.147003173828
30
0.0
11
143.154006958008
21
109.272003173828
31
0.0
39
0.0
210
0.0
220
0.0
230
1.0
0
LINE
5
592
330
17
100
AcDbEntity
67
0
8
0
62
256
6
ByLayer
370
-1
48
1.0
60
0
100
AcDbLine
10
143.154006958008
20
109.272003173828
30
0.0
11
141.638000488281
21
110.147003173828
31
0.0
39
0.0
210
0.0
220
0.0
230
1.0
0
LINE
5
593
330
17
100
AcDbEntity
67
0
8
0
62
256
6
ByLayer
370
-1
48
1.0
60
0
100
AcDbLine
10
141.638000488281
20
110.147003173828
30
0.0
11
141.638000488281
21
111.897003173828
31
0.0
39
0.0
210
0.0
220
0.0
230
1.0
0
LINE
5
594
330
17
100
AcDbEntity
67
0
8
0
62
256
6
ByLayer
370
-1
48
1.0
60
0
100
AcDbLine
10
141.638000488281
20
111.897003173828
30
0.0
11
143.154006958008
21
112.772003173828
31
0.0
39
0.0
210
0.0
220
0.0
230
1.0
0
LINE
5
595
330
17
100
AcDbEntity
67
0
8
0
62
256
6
ByLayer
370
-1
48
1.0
60
0
100
AcDbLine
10
143.154006958008
20
112.772003173828
30
0.0
11
144.669998168945
21
111.897003173828
31
0.0
39
0.0
210
0.0
220
0.0
230
1.0
0
LINE
5
596
330
17
100
AcDbEntity
67
0
8
0
62
256
6
ByLayer
370
-1
48
1.0
60
0
100
AcDbLine
10
144.669998168945
20
111.897003173828
30
0.0
11
144.669998168945
21
110.147003173828
31
0.0
39
0.0
210
0.0
220
0.0
230
1.0
0
LINE
5
597
330
17
100
AcDbEntity
67
0
8
0
62
256
6
ByLayer
370
-1
48
1.0
60
0
100
AcDbLine
10
148.20100402832
20
110.147003173828
30
0.0
11
146.684997558594
21
109.272003173828
31
0.0
39
0.0
210
0.0
220
0.0
230
1.0
0
LINE
5
598
330
17
100
AcDbEntity
67
0
8
0
62
256
6
ByLayer
370
-1
48
1.0
60
0
100
AcDbLine
10
146.684997558594
20
109.272003173828
30
0.0
11
145.169998168945
21
110.147003173828
31
0.0
39
0.0
210
0.0
220
0.0
230
1.0
0
LINE
5
599
330
17
100
AcDbEntity
67
0
8
0
62
256
6
ByLayer
370
-1
48
1.0
60
0
100
AcDbLine
10
145.169998168945
20
110.147003173828
30
0.0
11
145.169998168945
21
111.897003173828
31
0.0
39
0.0
210
0.0
220
0.0
230
1.0
0
LINE
5
59A
330
17
100
AcDbEntity
67
0
8
0
62
256
6
ByLayer
370
-1
48
1.0
60
0
100
AcDbLine
10
145.169998168945
20
111.897003173828
30
0.0
11
146.684997558594
21
112.772003173828
31
0.0
39
0.0
210
0.0
220
0.0
230
1.0
0
LINE
5
59B
330
17
100
AcDbEntity
67
0
8
0
62
256
6
ByLayer
370
-1
48
1.0
60
0
100
AcDbLine
10
146.684997558594
20
112.772003173828
30
0.0
11
148.20100402832
21
111.897003173828
31
0.0
39
0.0
210
0.0
220
0.0
230
1.0
0
LINE
5
59C
330
17
100
AcDbEntity
67
0
8
0
62
256
6
ByLayer
370
-1
48
1.0
60
0
100
AcDbLine
10
148.20100402832
20
111.897003173828
30
0.0
11
148.20100402832
21
110.147003173828
31
0.0
39
0.0
210
0.0
220
0.0
230
1.0
0
LINE
5
59D
330
17
100
AcDbEntity
67
0
8
0
62
256
6
ByLayer
370
-1
48
1.0
60
0
100
AcDbLine
10
151.731994628906
20
110.147003173828
30
0.0
11
150.216003417969
21
109.272003173828
31
0.0
39
0.0
210
0.0
220
0.0
230
1.0
0
LINE
5
59E
330
17
100
AcDbEntity
67
0
8
0
62
256
6
ByLayer
370
-1
48
1.0
60
0
100
AcDbLine
10
150.216003417969
20
109.272003173828
30
0.0
11
148.70100402832
21
110.147003173828
31
0.0
39
0.0
210
0.0
220
0.0
230
1.0
0
LINE
5
59F
330
17
100
AcDbEntity
67
0
8
0
62
256
6
ByLayer
370
-1
48
1.0
60
0
100
AcDbLine
10
148.70100402832
20
110.147003173828
30
0.0
11
148.70100402832
21
111.897003173828
31
0.0
39
0.0
210
0.0
220
0.0
230
1.0
0
LINE
5
5A0
330
17
100
AcDbEntity
67
0
8
0
62
256
6
ByLayer
370
-1
48
1.0
60
0
100
AcDbLine
10
148.70100402832
20
111.897003173828
30
0.0
11
150.216003417969
21
112.772003173828
31
0.0
39
0.0
210
0.0
220
0.0
230
1.0
0
LINE
5
5A1
330
17
100
AcDbEntity
67
0
8
0
62
256
6
ByLayer
370
-1
48
1.0
60
0
100
AcDbLine
10
150.216003417969
20
112.772003173828
30
0.0
11
151.731994628906
21
111.897003173828
31
0.0
39
0.0
210
0.0
220
0.0
230
1.0
0
LINE
5
5A2
330
17
100
AcDbEntity
67
0
8
0
62
256
6
ByLayer
370
-1
48
1.0
60
0
100
AcDbLine
10
151.731994628906
20
111.897003173828
30
0.0
11
151.731994628906
21
110.147003173828
31
0.0
39
0.0
210
0.0
220
0.0
230
1.0
0
LINE
5
5A3
330
17
100
AcDbEntity
67
0
8
0
62
256
6
ByLayer
370
-1
48
1.0
60
0
100
AcDbLine
10
155.263000488281
20
110.147003173828
30
0.0
11
153.746994018555
21
109.272003173828
31
0.0
39
0.0
210
0.0
220
0.0
230
1.0
0
LINE
5
5A4
330
17
100
AcDbEntity
67
0
8
0
62
256
6
ByLayer
370
-1
48
1.0
60
0
100
AcDbLine
10
153.746994018555
20
109.272003173828
30
0.0
11
152.231994628906
21
110.147003173828
31
0.0
39
0.0
210
0.0
220
0.0
230
1.0
0
LINE
5
5A5
330
17
100
AcDbEntity
67
0
8
0
62
256
6
ByLayer
370
-1
48
1.0
60
0
100
AcDbLine
10
152.231994628906
20
110.147003173828
30
0.0
11
152.231994628906
21
111.897003173828
31
0.0
39
0.0
210
0.0
220
0.0
230
1.0
0
LINE
5
5A6
330
17
100
AcDbEntity
67
0
8
0
62
256
6
ByLayer
370
-1
48
1.0
60
0
100
AcDbLine
10
152.231994628906
20
111.897003173828
30
0.0
11
153.746994018555
21
112.772003173828
31
0.0
39
0.0
210
0.0
220
0.0
230
1.0
0
LINE
5
5A7
330
17
100
AcDbEntity
67
0
8
0
62
256
6
ByLayer
370
-1
48
1.0
60
0
100
AcDbLine
10
153.746994018555
20
112.772003173828
30
0.0
11
155.263000488281
21
111.897003173828
31
0.0
39
0.0
210
0.0
220
0.0
230
1.0
0
LINE
5
5A8
330
17
100
AcDbEntity
67
0
8
0
62
256
6
ByLayer
370
-1
48
1.0
60
0
100
AcDbLine
10
155.263000488281
20
111.897003173828
30
0.0
11
155.263000488281
21
110.147003173828
31
0.0
39
0.0
210
0.0
220
0.0
230
1.0
0
LINE
5
5A9
330
17
100
AcDbEntity
67
0
8
0
62
256
6
ByLayer
370
-1
48
1.0
60
0
100
AcDbLine
10
158.794006347656
20
110.147003173828
30
0.0
11
157.27799987793
21
109.272003173828
31
0.0
39
0.0
210
0.0
220
0.0
230
1.0
0
LINE
5
5AA
330
17
100
AcDbEntity
67
0
8
0
62
256
6
ByLayer
370
-1
48
1.0
60
0
100
AcDbLine
10
157.27799987793
20
109.272003173828
30
0.0
11
155.763000488281
21
110.147003173828
31
0.0
39
0.0
210
0.0
220
0.0
230
1.0
0
LINE
5
5AB
330
17
100
AcDbEntity
67
0
8
0
62
256
6
ByLayer
370
-1
48
1.0
60
0
100
AcDbLine
10
155.763000488281
20
110.147003173828
30
0.0
11
155.763000488281
21
111.897003173828
31
0.0
39
0.0
210
0.0
220
0.0
230
1.0
0
LINE
5
5AC
330
17
100
AcDbEntity
67
0
8
0
62
256
6
ByLayer
370
-1
48
1.0
60
0
100
AcDbLine
10
155.763000488281
20
111.897003173828
30
0.0
11
157.27799987793
21
112.772003173828
31
0.0
39
0.0
210
0.0
220
0.0
230
1.0
0
LINE
5
5AD
330
17
100
AcDbEntity
67
0
8
0
62
256
6
ByLayer
370
-1
48
1.0
60
0
100
AcDbLine
10
157.27799987793
20
112.772003173828
30
0.0
11
158.794006347656
21
111.897003173828
31
0.0
39
0.0
210
0.0
220
0.0
230
1.0
0
LINE
5
5AE
330
17
100
AcDbEntity
67
0
8
0
62
256
6
ByLayer
370
-1
48
1.0
60
0
100
AcDbLine
10
158.794006347656
20
111.897003173828
30
0.0
11
158.794006347656
21
110.147003173828
31
0.0
39
0.0
210
0.0
220
0.0
230
1.0
0
LINE
5
5AF
330
17
100
AcDbEntity
67
0
8
0
62
256
6
ByLayer
370
-1
48
1.0
60
0
100
AcDbLine
10
162.324996948242
20
110.147003173828
30
0.0
11
160.809005737305
21
109.272003173828
31
0.0
39
0.0
210
0.0
220
0.0
230
1.0
0
LINE
5
5B0
330
17
100
AcDbEntity
67
0
8
0
62
256
6
ByLayer
370
-1
48
1.0
60
0
100
AcDbLine
10
160.809005737305
20
109.272003173828
30
0.0
11
159.294006347656
21
110.147003173828
31
0.0
39
0.0
210
0.0
220
0.0
230
1.0
0
LINE
5
5B1
330
17
100
AcDbEntity
67
0
8
0
62
256
6
ByLayer
370
-1
48
1.0
60
0
100
AcDbLine
10
159.294006347656
20
110.147003173828
30
0.0
11
159.294006347656
21
111.897003173828
31
0.0
39
0.0
210
0.0
220
0.0
230
1.0
0
LINE
5
5B2
330
17
100
AcDbEntity
67
0
8
0
62
256
6
ByLayer
370
-1
48
1.0
60
0
100
AcDbLine
10
159.294006347656
20
111.897003173828
30
0.0
11
160.809005737305
21
112.772003173828
31
0.0
39
0.0
210
0.0
220
0.0
230
1.0
0
LINE
5
5B3
330
17
100
AcDbEntity
67
0
8
0
62
256
6
ByLayer
370
-1
48
1.0
60
0
100
AcDbLine
10
160.809005737305
20
112.772003173828
30
0.0
11
162.324996948242
21
111.897003173828
31
0.0
39
0.0
210
0.0
220
0.0
230
1.0
0
LINE
5
5B4
330
17
100
AcDbEntity
67
0
8
0
62
256
6
ByLayer
370
-1
48
1.0
60
0
100
AcDbLine
10
162.324996948242
20
111.897003173828
30
0.0
11
162.324996948242
21
110.147003173828
31
0.0
39
0.0
210
0.0
220
0.0
230
1.0
0
LINE
5
5B5
330
17
100
AcDbEntity
67
0
8
0
62
256
6
ByLayer
370
-1
48
1.0
60
0
100
AcDbLine
10
165.856002807617
20
110.147003173828
30
0.0
11
164.341003417969
21
109.272003173828
31
0.0
39
0.0
210
0.0
220
0.0
230
1.0
0
LINE
5
5B6
330
17
100
AcDbEntity
67
0
8
0
62
256
6
ByLayer
370
-1
48
1.0
60
0
100
AcDbLine
10
164.341003417969
20
109.272003173828
30
0.0
11
162.824996948242
21
110.147003173828
31
0.0
39
0.0
210
0.0
220
0.0
230
1.0
0
LINE
5
5B7
330
17
100
AcDbEntity
67
0
8
0
62
256
6
ByLayer
370
-1
48
1.0
60
0
100
AcDbLine
10
162.824996948242
20
110.147003173828
30
0.0
11
162.824996948242
21
111.897003173828
31
0.0
39
0.0
210
0.0
220
0.0
230
1.0
0
LINE
5
5B8
330
17
100
AcDbEntity
67
0
8
0
62
256
6
ByLayer
370
-1
48
1.0
60
0
100
AcDbLine
10
162.824996948242
20
111.897003173828
30
0.0
11
164.341003417969
21
112.772003173828
31
0.0
39
0.0
210
0.0
220
0.0
230
1.0
0
LINE
5
5B9
330
17
100
AcDbEntity
67
0
8
0
62
256
6
ByLayer
370
-1
48
1.0
60
0
100
AcDbLine
10
164.341003417969
20
112.772003173828
30
0.0
11
165.856002807617
21
111.897003173828
31
0.0
39
0.0
210
0.0
220
0.0
230
1.0
0
LINE
5
5BA
330
17
100
AcDbEntity
67
0
8
0
62
256
6
ByLayer
370
-1
48
1.0
60
0
100
AcDbLine
10
165.856002807617
20
111.897003173828
30
0.0
11
165.856002807617
21
110.147003173828
31
0.0
39
0.0
210
0.0
220
0.0
230
1.0
0
LINE
5
5BB
330
17
100
AcDbEntity
67
0
8
0
62
256
6
ByLayer
370
-1
48
1.0
60
0
100
AcDbLine
10
169.386993408203
20
110.147003173828
30
0.0
11
167.871994018555
21
109.272003173828
31
0.0
39
0.0
210
0.0
220
0.0
230
1.0
0
LINE
5
5BC
330
17
100
AcDbEntity
67
0
8
0
62
256
6
ByLayer
370
-1
48
1.0
60
0
100
AcDbLine
10
167.871994018555
20
109.272003173828
30
0.0
11
166.356002807617
21
110.147003173828
31
0.0
39
0.0
210
0.0
220
0.0
230
1.0
0
LINE
5
5BD
330
17
100
AcDbEntity
67
0
8
0
62
256
6
ByLayer
370
-1
48
1.0
60
0
100
AcDbLine
10
166.356002807617
20
110.147003173828
30
0.0
11
166.356002807617
21
111.897003173828
31
0.0
39
0.0
210
0.0
220
0.0
230
1.0
0
LINE
5
5BE
330
17
100
AcDbEntity
67
0
8
0
62
256
6
ByLayer
370
-1
48
1.0
60
0
100
AcDbLine
10
166.356002807617
20
111.897003173828
30
0.0
11
167.871994018555
21
112.772003173828
31
0.0
39
0.0
210
0.0
220
0.0
230
1.0
0
LINE
5
5BF
330
17
100
AcDbEntity
67
0
8
0
62
256
6
ByLayer
370
-1
48
1.0
60
0
100
AcDbLine
10
167.871994018555
20
112.772003173828
30
0.0
11
169.386993408203
21
111.897003173828
31
0.0
39
0.0
210
0.0
220
0.0
230
1.0
0
LINE
5
5C0
330
17
100
AcDbEntity
67
0
8
0
62
256
6
ByLayer
370
-1
48
1.0
60
0
100
AcDbLine
10
169.386993408203
20
111.897003173828
30
0.0
11
169.386993408203
21
110.147003173828
31
0.0
39
0.0
210
0.0
220
0.0
230
1.0
0
LINE
5
5C1
330
17
100
AcDbEntity
67
0
8
0
62
256
6
ByLayer
370
-1
48
1.0
60
0
100
AcDbLine
10
172.49299621582
20
112.141998291016
30
0.0
11
171.40299987793
21
112.772003173828
31
0.0
39
0.0
210
0.0
220
0.0
230
1.0
0
LINE
5
5C2
330
17
100
AcDbEntity
67
0
8
0
62
256
6
ByLayer
370
-1
48
1.0
60
0
100
AcDbLine
10
171.40299987793
20
112.772003173828
30
0.0
11
169.886993408203
21
111.897003173828
31
0.0
39
0.0
210
0.0
220
0.0
230
1.0
0
LINE
5
5C3
330
17
100
AcDbEntity
67
0
8
0
62
256
6
ByLayer
370
-1
48
1.0
60
0
100
AcDbLine
10
169.886993408203
20
111.897003173828
30
0.0
11
169.886993408203
21
110.147003173828
31
0.0
39
0.0
210
0.0
220
0.0
230
1.0
0
LINE
5
5C4
330
17
100
AcDbEntity
67
0
8
0
62
256
6
ByLayer
370
-1
48
1.0
60
0
100
AcDbLine
10
169.886993408203
20
110.147003173828
30
0.0
11
171.393005371094
21
109.277000427246
31
0.0
39
0.0
210
0.0
220
0.0
230
1.0
0
LINE
5
5C5
330
17
100
AcDbEntity
67
0
8
0
62
256
6
ByLayer
370
-1
48
1.0
60
0
100
AcDbLine
10
171.393005371094
20
109.277000427246
30
0.0
11
172.49299621582
21
112.141998291016
31
0.0
39
0.0
210
0.0
220
0.0
230
1.0
0
LINE
5
5C6
330
17
100
AcDbEntity
67
0
8
0
62
256
6
ByLayer
370
-1
48
1.0
60
0
100
AcDbLine
10
131.283004760742
20
107.356002807617
30
0.0
11
132.266006469727
21
107.063003540039
31
0.0
39
0.0
210
0.0
220
0.0
230
1.0
0
LINE
5
5C7
330
17
100
AcDbEntity
67
0
8
0
62
256
6
ByLayer
370
-1
48
1.0
60
0
100
AcDbLine
10
132.266006469727
20
107.063003540039
30
0.0
11
132.311004638672
21
107.087997436523
31
0.0
39
0.0
210
0.0
220
0.0
230
1.0
0
LINE
5
5C8
330
17
100
AcDbEntity
67
0
8
0
62
256
6
ByLayer
370
-1
48
1.0
60
0
100
AcDbLine
10
132.311004638672
20
107.087997436523
30
0.0
11
132.311004638672
21
108.837997436523
31
0.0
39
0.0
210
0.0
220
0.0
230
1.0
0
LINE
5
5C9
330
17
100
AcDbEntity
67
0
8
0
62
256
6
ByLayer
370
-1
48
1.0
60
0
100
AcDbLine
10
132.311004638672
20
108.837997436523
30
0.0
11
131.942993164063
21
109.051002502441
31
0.0
39
0.0
210
0.0
220
0.0
230
1.0
0
LINE
5
5CA
330
17
100
AcDbEntity
67
0
8
0
62
256
6
ByLayer
370
-1
48
1.0
60
0
100
AcDbLine
10
131.942993164063
20
109.051002502441
30
0.0
11
131.283004760742
21
107.356002807617
31
0.0
39
0.0
210
0.0
220
0.0
230
1.0
0
LINE
5
5CB
330
17
100
AcDbEntity
67
0
8
0
62
256
6
ByLayer
370
-1
48
1.0
60
0
100
AcDbLine
10
134.593994140625
20
106.36799621582
30
0.0
11
135.841995239258
21
107.087997436523
31
0.0
39
0.0
210
0.0
220
0.0
230
1.0
0
LINE
5
5CC
330
17
100
AcDbEntity
67
0
8
0
62
256
6
ByLayer
370
-1
48
1.0
60
0
100
AcDbLine
10
135.841995239258
20
107.087997436523
30
0.0
11
135.841995239258
21
108.837997436523
31
0.0
39
0.0
210
0.0
220
0.0
230
1.0
0
LINE
5
5CD
330
17
100
AcDbEntity
67
0
8
0
62
256
6
ByLayer
370
-1
48
1.0
60
0
100
AcDbLine
10
135.841995239258
20
108.837997436523
30
0.0
11
134.32600402832
21
109.712997436523
31
0.0
39
0.0
210
0.0
220
0.0
230
1.0
0
LINE
5
5CE
330
17
100
AcDbEntity
67
0
8
0
62
256
6
ByLayer
370
-1
48
1.0
60
0
100
AcDbLine
10
134.32600402832
20
109.712997436523
30
0.0
11
132.811004638672
21
108.837997436523
31
0.0
39
0.0
210
0.0
220
0.0
230
1.0
0
LINE
5
5CF
330
17
100
AcDbEntity
67
0
8
0
62
256
6
ByLayer
370
-1
48
1.0
60
0
100
AcDbLine
10
132.811004638672
20
108.837997436523
30
0.0
11
132.811004638672
21
107.087997436523
31
0.0
39
0.0
210
0.0
220
0.0
230
1.0
0
LINE
5
5D0
330
17
100
AcDbEntity
67
0
8
0
62
256
6
ByLayer
370
-1
48
1.0
60
0
100
AcDbLine
10
132.811004638672
20
107.087997436523
30
0.0
11
133.485992431641
21
106.698997497559
31
0.0
39
0.0
210
0.0
220
0.0
230
1.0
0
LINE
5
5D1
330
17
100
AcDbEntity
67
0
8
0
62
256
6
ByLayer
370
-1
48
1.0
60
0
100
AcDbLine
10
133.485992431641
20
106.698997497559
30
0.0
11
134.593994140625
21
106.36799621582
31
0.0
39
0.0
210
0.0
220
0.0
230
1.0
0
LINE
5
5D2
330
17
100
AcDbEntity
67
0
8
0
62
256
6
ByLayer
370
-1
48
1.0
60
0
100
AcDbLine
10
139.373001098633
20
107.087997436523
30
0.0
11
137.856994628906
21
106.212997436523
31
0.0
39
0.0
210
0.0
220
0.0
230
1.0
0
LINE
5
5D3
330
17
100
AcDbEntity
67
0
8
0
62
256
6
ByLayer
370
-1
48
1.0
60
0
100
AcDbLine
10
137.856994628906
20
106.212997436523
30
0.0
11
136.341995239258
21
107.087997436523
31
0.0
39
0.0
210
0.0
220
0.0
230
1.0
0
LINE
5
5D4
330
17
100
AcDbEntity
67
0
8
0
62
256
6
ByLayer
370
-1
48
1.0
60
0
100
AcDbLine
10
136.341995239258
20
107.087997436523
30
0.0
11
136.341995239258
21
108.837997436523
31
0.0
39
0.0
210
0.0
220
0.0
230
1.0
0
LINE
5
5D5
330
17
100
AcDbEntity
67
0
8
0
62
256
6
ByLayer
370
-1
48
1.0
60
0
100
AcDbLine
10
136.341995239258
20
108.837997436523
30
0.0
11
137.856994628906
21
109.712997436523
31
0.0
39
0.0
210
0.0
220
0.0
230
1.0
0
LINE
5
5D6
330
17
100
AcDbEntity
67
0
8
0
62
256
6
ByLayer
370
-1
48
1.0
60
0
100
AcDbLine
10
137.856994628906
20
109.712997436523
30
0.0
11
139.373001098633
21
108.837997436523
31
0.0
39
0.0
210
0.0
220
0.0
230
1.0
0
LINE
5
5D7
330
17
100
AcDbEntity
67
0
8
0
62
256
6
ByLayer
370
-1
48
1.0
60
0
100
AcDbLine
10
139.373001098633
20
108.837997436523
30
0.0
11
139.373001098633
21
107.087997436523
31
0.0
39
0.0
210
0.0
220
0.0
230
1.0
0
LINE
5
5D8
330
17
100
AcDbEntity
67
0
8
0
62
256
6
ByLayer
370
-1
48
1.0
60
0
100
AcDbLine
10
142.904006958008
20
107.087997436523
30
0.0
11
141.388000488281
21
106.212997436523
31
0.0
39
0.0
210
0.0
220
0.0
230
1.0
0
LINE
5
5D9
330
17
100
AcDbEntity
67
0
8
0
62
256
6
ByLayer
370
-1
48
1.0
60
0
100
AcDbLine
10
141.388000488281
20
106.212997436523
30
0.0
11
139.873001098633
21
107.087997436523
31
0.0
39
0.0
210
0.0
220
0.0
230
1.0
0
LINE
5
5DA
330
17
100
AcDbEntity
67
0
8
0
62
256
6
ByLayer
370
-1
48
1.0
60
0
100
AcDbLine
10
139.873001098633
20
107.087997436523
30
0.0
11
139.873001098633
21
108.837997436523
31
0.0
39
0.0
210
0.0
220
0.0
230
1.0
0
LINE
5
5DB
330
17
100
AcDbEntity
67
0
8
0
62
256
6
ByLayer
370
-1
48
1.0
60
0
100
AcDbLine
10
139.873001098633
20
108.837997436523
30
0.0
11
141.388000488281
21
109.712997436523
31
0.0
39
0.0
210
0.0
220
0.0
230
1.0
0
LINE
5
5DC
330
17
100
AcDbEntity
67
0
8
0
62
256
6
ByLayer
370
-1
48
1.0
60
0
100
AcDbLine
10
141.388000488281
20
109.712997436523
30
0.0
11
142.904006958008
21
108.837997436523
31
0.0
39
0.0
210
0.0
220
0.0
230
1.0
0
LINE
5
5DD
330
17
100
AcDbEntity
67
0
8
0
62
256
6
ByLayer
370
-1
48
1.0
60
0
100
AcDbLine
10
142.904006958008
20
108.837997436523
30
0.0
11
142.904006958008
21
107.087997436523
31
0.0
39
0.0
210
0.0
220
0.0
230
1.0
0
LINE
5
5DE
330
17
100
AcDbEntity
67
0
8
0
62
256
6
ByLayer
370
-1
48
1.0
60
0
100
AcDbLine
10
146.434997558594
20
107.087997436523
30
0.0
11
144.919998168945
21
106.212997436523
31
0.0
39
0.0
210
0.0
220
0.0
230
1.0
0
LINE
5
5DF
330
17
100
AcDbEntity
67
0
8
0
62
256
6
ByLayer
370
-1
48
1.0
60
0
100
AcDbLine
10
144.919998168945
20
106.212997436523
30
0.0
11
143.404006958008
21
107.087997436523
31
0.0
39
0.0
210
0.0
220
0.0
230
1.0
0
LINE
5
5E0
330
17
100
AcDbEntity
67
0
8
0
62
256
6
ByLayer
370
-1
48
1.0
60
0
100
AcDbLine
10
143.404006958008
20
107.087997436523
30
0.0
11
143.404006958008
21
108.837997436523
31
0.0
39
0.0
210
0.0
220
0.0
230
1.0
0
LINE
5
5E1
330
17
100
AcDbEntity
67
0
8
0
62
256
6
ByLayer
370
-1
48
1.0
60
0
100
AcDbLine
10
143.404006958008
20
108.837997436523
30
0.0
11
144.919998168945
21
109.712997436523
31
0.0
39
0.0
210
0.0
220
0.0
230
1.0
0
LINE
5
5E2
330
17
100
AcDbEntity
67
0
8
0
62
256
6
ByLayer
370
-1
48
1.0
60
0
100
AcDbLine
10
144.919998168945
20
109.712997436523
30
0.0
11
146.434997558594
21
108.837997436523
31
0.0
39
0.0
210
0.0
220
0.0
230
1.0
0
LINE
5
5E3
330
17
100
AcDbEntity
67
0
8
0
62
256
6
ByLayer
370
-1
48
1.0
60
0
100
AcDbLine
10
146.434997558594
20
108.837997436523
30
0.0
11
146.434997558594
21
107.087997436523
31
0.0
39
0.0
210
0.0
220
0.0
230
1.0
0
LINE
5
5E4
330
17
100
AcDbEntity
67
0
8
0
62
256
6
ByLayer
370
-1
48
1.0
60
0
100
AcDbLine
10
149.966003417969
20
107.087997436523
30
0.0
11
148.45100402832
21
106.212997436523
31
0.0
39
0.0
210
0.0
220
0.0
230
1.0
0
LINE
5
5E5
330
17
100
AcDbEntity
67
0
8
0
62
256
6
ByLayer
370
-1
48
1.0
60
0
100
AcDbLine
10
148.45100402832
20
106.212997436523
30
0.0
11
146.934997558594
21
107.087997436523
31
0.0
39
0.0
210
0.0
220
0.0
230
1.0
0
LINE
5
5E6
330
17
100
AcDbEntity
67
0
8
0
62
256
6
ByLayer
370
-1
48
1.0
60
0
100
AcDbLine
10
146.934997558594
20
107.087997436523
30
0.0
11
146.934997558594
21
108.837997436523
31
0.0
39
0.0
210
0.0
220
0.0
230
1.0
0
LINE
5
5E7
330
17
100
AcDbEntity
67
0
8
0
62
256
6
ByLayer
370
-1
48
1.0
60
0
100
AcDbLine
10
146.934997558594
20
108.837997436523
30
0.0
11
148.45100402832
21
109.712997436523
31
0.0
39
0.0
210
0.0
220
0.0
230
1.0
0
LINE
5
5E8
330
17
100
AcDbEntity
67
0
8
0
62
256
6
ByLayer
370
-1
48
1.0
60
0
100
AcDbLine
10
148.45100402832
20
109.712997436523
30
0.0
11
149.966003417969
21
108.837997436523
31
0.0
39
0.0
210
0.0
220
0.0
230
1.0
0
LINE
5
5E9
330
17
100
AcDbEntity
67
0
8
0
62
256
6
ByLayer
370
-1
48
1.0
60
0
100
AcDbLine
10
149.966003417969
20
108.837997436523
30
0.0
11
149.966003417969
21
107.087997436523
31
0.0
39
0.0
210
0.0
220
0.0
230
1.0
0
LINE
5
5EA
330
17
100
AcDbEntity
67
0
8
0
62
256
6
ByLayer
370
-1
48
1.0
60
0
100
AcDbLine
10
153.496994018555
20
107.087997436523
30
0.0
11
151.981994628906
21
106.212997436523
31
0.0
39
0.0
210
0.0
220
0.0
230
1.0
0
LINE
5
5EB
330
17
100
AcDbEntity
67
0
8
0
62
256
6
ByLayer
370
-1
48
1.0
60
0
100
AcDbLine
10
151.981994628906
20
106.212997436523
30
0.0
11
150.466003417969
21
107.087997436523
31
0.0
39
0.0
210
0.0
220
0.0
230
1.0
0
LINE
5
5EC
330
17
100
AcDbEntity
67
0
8
0
62
256
6
ByLayer
370
-1
48
1.0
60
0
100
AcDbLine
10
150.466003417969
20
107.087997436523
30
0.0
11
150.466003417969
21
108.837997436523
31
0.0
39
0.0
210
0.0
220
0.0
230
1.0
0
LINE
5
5ED
330
17
100
AcDbEntity
67
0
8
0
62
256
6
ByLayer
370
-1
48
1.0
60
0
100
AcDbLine
10
150.466003417969
20
108.837997436523
30
0.0
11
151.981994628906
21
109.712997436523
31
0.0
39
0.0
210
0.0
220
0.0
230
1.0
0
LINE
5
5EE
330
17
100
AcDbEntity
67
0
8
0
62
256
6
ByLayer
370
-1
48
1.0
60
0
100
AcDbLine
10
151.981994628906
20
109.712997436523
30
0.0
11
153.496994018555
21
108.837997436523
31
0.0
39
0.0
210
0.0
220
0.0
230
1.0
0
LINE
5
5EF
330
17
100
AcDbEntity
67
0
8
0
62
256
6
ByLayer
370
-1
48
1.0
60
0
100
AcDbLine
10
153.496994018555
20
108.837997436523
30
0.0
11
153.496994018555
21
107.087997436523
31
0.0
39
0.0
210
0.0
220
0.0
230
1.0
0
LINE
5
5F0
330
17
100
AcDbEntity
67
0
8
0
62
256
6
ByLayer
370
-1
48
1.0
60
0
100
AcDbLine
10
157.02799987793
20
107.087997436523
30
0.0
11
155.513000488281
21
106.212997436523
31
0.0
39
0.0
210
0.0
220
0.0
230
1.0
0
LINE
5
5F1
330
17
100
AcDbEntity
67
0
8
0
62
256
6
ByLayer
370
-1
48
1.0
60
0
100
AcDbLine
10
155.513000488281
20
106.212997436523
30
0.0
11
153.996994018555
21
107.087997436523
31
0.0
39
0.0
210
0.0
220
0.0
230
1.0
0
LINE
5
5F2
330
17
100
AcDbEntity
67
0
8
0
62
256
6
ByLayer
370
-1
48
1.0
60
0
100
AcDbLine
10
153.996994018555
20
107.087997436523
30
0.0
11
153.996994018555
21
108.837997436523
31
0.0
39
0.0
210
0.0
220
0.0
230
1.0
0
LINE
5
5F3
330
17
100
AcDbEntity
67
0
8
0
62
256
6
ByLayer
370
-1
48
1.0
60
0
100
AcDbLine
10
153.996994018555
20
108.837997436523
30
0.0
11
155.513000488281
21
109.712997436523
31
0.0
39
0.0
210
0.0
220
0.0
230
1.0
0
LINE
5
5F4
330
17
100
AcDbEntity
67
0
8
0
62
256
6
ByLayer
370
-1
48
1.0
60
0
100
AcDbLine
10
155.513000488281
20
109.712997436523
30
0.0
11
157.02799987793
21
108.837997436523
31
0.0
39
0.0
210
0.0
220
0.0
230
1.0
0
LINE
5
5F5
330
17
100
AcDbEntity
67
0
8
0
62
256
6
ByLayer
370
-1
48
1.0
60
0
100
AcDbLine
10
157.02799987793
20
108.837997436523
30
0.0
11
157.02799987793
21
107.087997436523
31
0.0
39
0.0
210
0.0
220
0.0
230
1.0
0
LINE
5
5F6
330
17
100
AcDbEntity
67
0
8
0
62
256
6
ByLayer
370
-1
48
1.0
60
0
100
AcDbLine
10
160.559005737305
20
107.087997436523
30
0.0
11
159.044006347656
21
106.212997436523
31
0.0
39
0.0
210
0.0
220
0.0
230
1.0
0
LINE
5
5F7
330
17
100
AcDbEntity
67
0
8
0
62
256
6
ByLayer
370
-1
48
1.0
60
0
100
AcDbLine
10
159.044006347656
20
106.212997436523
30
0.0
11
157.52799987793
21
107.087997436523
31
0.0
39
0.0
210
0.0
220
0.0
230
1.0
0
LINE
5
5F8
330
17
100
AcDbEntity
67
0
8
0
62
256
6
ByLayer
370
-1
48
1.0
60
0
100
AcDbLine
10
157.52799987793
20
107.087997436523
30
0.0
11
157.52799987793
21
108.837997436523
31
0.0
39
0.0
210
0.0
220
0.0
230
1.0
0
LINE
5
5F9
330
17
100
AcDbEntity
67
0
8
0
62
256
6
ByLayer
370
-1
48
1.0
60
0
100
AcDbLine
10
157.52799987793
20
108.837997436523
30
0.0
11
159.044006347656
21
109.712997436523
31
0.0
39
0.0
210
0.0
220
0.0
230
1.0
0
LINE
5
5FA
330
17
100
AcDbEntity
67
0
8
0
62
256
6
ByLayer
370
-1
48
1.0
60
0
100
AcDbLine
10
159.044006347656
20
109.712997436523
30
0.0
11
160.559005737305
21
108.837997436523
31
0.0
39
0.0
210
0.0
220
0.0
230
1.0
0
LINE
5
5FB
330
17
100
AcDbEntity
67
0
8
0
62
256
6
ByLayer
370
-1
48
1.0
60
0
100
AcDbLine
10
160.559005737305
20
108.837997436523
30
0.0
11
160.559005737305
21
107.087997436523
31
0.0
39
0.0
210
0.0
220
0.0
230
1.0
0
LINE
5
5FC
330
17
100
AcDbEntity
67
0
8
0
62
256
6
ByLayer
370
-1
48
1.0
60
0
100
AcDbLine
10
164.091003417969
20
107.087997436523
30
0.0
11
162.574996948242
21
106.212997436523
31
0.0
39
0.0
210
0.0
220
0.0
230
1.0
0
LINE
5
5FD
330
17
100
AcDbEntity
67
0
8
0
62
256
6
ByLayer
370
-1
48
1.0
60
0
100
AcDbLine
10
162.574996948242
20
106.212997436523
30
0.0
11
161.059005737305
21
107.087997436523
31
0.0
39
0.0
210
0.0
220
0.0
230
1.0
0
LINE
5
5FE
330
17
100
AcDbEntity
67
0
8
0
62
256
6
ByLayer
370
-1
48
1.0
60
0
100
AcDbLine
10
161.059005737305
20
107.087997436523
30
0.0
11
161.059005737305
21
108.837997436523
31
0.0
39
0.0
210
0.0
220
0.0
230
1.0
0
LINE
5
5FF
330
17
100
AcDbEntity
67
0
8
0
62
256
6
ByLayer
370
-1
48
1.0
60
0
100
AcDbLine
10
161.059005737305
20
108.837997436523
30
0.0
11
162.574996948242
21
109.712997436523
31
0.0
39
0.0
210
0.0
220
0.0
230
1.0
0
LINE
5
600
330
17
100
AcDbEntity
67
0
8
0
62
256
6
ByLayer
370
-1
48
1.0
60
0
100
AcDbLine
10
162.574996948242
20
109.712997436523
30
0.0
11
164.091003417969
21
108.837997436523
31
0.0
39
0.0
210
0.0
220
0.0
230
1.0
0
LINE
5
601
330
17
100
AcDbEntity
67
0
8
0
62
256
6
ByLayer
370
-1
48
1.0
60
0
100
AcDbLine
10
164.091003417969
20
108.837997436523
30
0.0
11
164.091003417969
21
107.087997436523
31
0.0
39
0.0
210
0.0
220
0.0
230
1.0
0
LINE
5
602
330
17
100
AcDbEntity
67
0
8
0
62
256
6
ByLayer
370
-1
48
1.0
60
0
100
AcDbLine
10
167.621994018555
20
107.087997436523
30
0.0
11
166.106002807617
21
106.212997436523
31
0.0
39
0.0
210
0.0
220
0.0
230
1.0
0
LINE
5
603
330
17
100
AcDbEntity
67
0
8
0
62
256
6
ByLayer
370
-1
48
1.0
60
0
100
AcDbLine
10
166.106002807617
20
106.212997436523
30
0.0
11
164.591003417969
21
107.087997436523
31
0.0
39
0.0
210
0.0
220
0.0
230
1.0
0
LINE
5
604
330
17
100
AcDbEntity
67
0
8
0
62
256
6
ByLayer
370
-1
48
1.0
60
0
100
AcDbLine
10
164.591003417969
20
107.087997436523
30
0.0
11
164.591003417969
21
108.837997436523
31
0.0
39
0.0
210
0.0
220
0.0
230
1.0
0
LINE
5
605
330
17
100
AcDbEntity
67
0
8
0
62
256
6
ByLayer
370
-1
48
1.0
60
0
100
AcDbLine
10
164.591003417969
20
108.837997436523
30
0.0
11
166.106002807617
21
109.712997436523
31
0.0
39
0.0
210
0.0
220
0.0
230
1.0
0
LINE
5
606
330
17
100
AcDbEntity
67
0
8
0
62
256
6
ByLayer
370
-1
48
1.0
60
0
100
AcDbLine
10
166.106002807617
20
109.712997436523
30
0.0
11
167.621994018555
21
108.837997436523
31
0.0
39
0.0
210
0.0
220
0.0
230
1.0
0
LINE
5
607
330
17
100
AcDbEntity
67
0
8
0
62
256
6
ByLayer
370
-1
48
1.0
60
0
100
AcDbLine
10
167.621994018555
20
108.837997436523
30
0.0
11
167.621994018555
21
107.087997436523
31
0.0
39
0.0
210
0.0
220
0.0
230
1.0
0
LINE
5
608
330
17
100
AcDbEntity
67
0
8
0
62
256
6
ByLayer
370
-1
48
1.0
60
0
100
AcDbLine
10
170.804992675781
20
107.74299621582
30
0.0
11
171.15299987793
21
108.650001525879
31
0.0
39
0.0
210
0.0
220
0.0
230
1.0
0
LINE
5
609
330
17
100
AcDbEntity
67
0
8
0
62
256
6
ByLayer
370
-1
48
1.0
60
0
100
AcDbLine
10
171.15299987793
20
108.650001525879
30
0.0
11
171.15299987793
21
108.837997436523
31
0.0
39
0.0
210
0.0
220
0.0
230
1.0
0
LINE
5
60A
330
17
100
AcDbEntity
67
0
8
0
62
256
6
ByLayer
370
-1
48
1.0
60
0
100
AcDbLine
10
171.15299987793
20
108.837997436523
30
0.0
11
169.636993408203
21
109.712997436523
31
0.0
39
0.0
210
0.0
220
0.0
230
1.0
0
LINE
5
60B
330
17
100
AcDbEntity
67
0
8
0
62
256
6
ByLayer
370
-1
48
1.0
60
0
100
AcDbLine
10
169.636993408203
20
109.712997436523
30
0.0
11
168.121994018555
21
108.837997436523
31
0.0
39
0.0
210
0.0
220
0.0
230
1.0
0
LINE
5
60C
330
17
100
AcDbEntity
67
0
8
0
62
256
6
ByLayer
370
-1
48
1.0
60
0
100
AcDbLine
10
168.121994018555
20
108.837997436523
30
0.0
11
168.121994018555
21
107.087997436523
31
0.0
39
0.0
210
0.0
220
0.0
230
1.0
0
LINE
5
60D
330
17
100
AcDbEntity
67
0
8
0
62
256
6
ByLayer
370
-1
48
1.0
60
0
100
AcDbLine
10
168.121994018555
20
107.087997436523
30
0.0
11
169.636993408203
21
106.212997436523
31
0.0
39
0.0
210
0.0
220
0.0
230
1.0
0
LINE
5
60E
330
17
100
AcDbEntity
67
0
8
0
62
256
6
ByLayer
370
-1
48
1.0
60
0
100
AcDbLine
10
169.636993408203
20
106.212997436523
30
0.0
11
170.529998779297
21
106.728996276855
31
0.0
39
0.0
210
0.0
220
0.0
230
1.0
0
LINE
5
60F
330
17
100
AcDbEntity
67
0
8
0
62
256
6
ByLayer
370
-1
48
1.0
60
0
100
AcDbLine
10
170.529998779297
20
106.728996276855
30
0.0
11
170.804992675781
21
107.74299621582
31
0.0
39
0.0
210
0.0
220
0.0
230
1.0
0
LINE
5
610
330
17
100
AcDbEntity
67
0
8
0
62
256
6
ByLayer
370
-1
48
1.0
60
0
100
AcDbLine
10
137.606994628906
20
105.468002319336
30
0.0
11
137.606994628906
21
105.779998779297
31
0.0
39
0.0
210
0.0
220
0.0
230
1.0
0
LINE
5
611
330
17
100
AcDbEntity
67
0
8
0
62
256
6
ByLayer
370
-1
48
1.0
60
0
100
AcDbLine
10
137.606994628906
20
105.779998779297
30
0.0
11
136.091995239258
21
106.654998779297
31
0.0
39
0.0
210
0.0
220
0.0
230
1.0
0
LINE
5
612
330
17
100
AcDbEntity
67
0
8
0
62
256
6
ByLayer
370
-1
48
1.0
60
0
100
AcDbLine
10
136.091995239258
20
106.654998779297
30
0.0
11
135.253005981445
21
106.170997619629
31
0.0
39
0.0
210
0.0
220
0.0
230
1.0
0
LINE
5
613
330
17
100
AcDbEntity
67
0
8
0
62
256
6
ByLayer
370
-1
48
1.0
60
0
100
AcDbLine
10
135.253005981445
20
106.170997619629
30
0.0
11
137.606994628906
21
105.468002319336
31
0.0
39
0.0
210
0.0
220
0.0
230
1.0
0
LINE
5
614
330
17
100
AcDbEntity
67
0
8
0
62
256
6
ByLayer
370
-1
48
1.0
60
0
100
AcDbLine
10
139.145004272461
20
105.009002685547
30
0.0
11
139.093994140625
21
103.722999572754
31
0.0
39
0.0
210
0.0
220
0.0
230
1.0
0
LINE
5
615
330
17
100
AcDbEntity
67
0
8
0
62
256
6
ByLayer
370
-1
48
1.0
60
0
100
AcDbLine
10
139.093994140625
20
103.722999572754
30
0.0
11
139.065994262695
21
103.476997375488
31
0.0
39
0.0
210
0.0
220
0.0
230
1.0
0
LINE
5
616
330
17
100
AcDbEntity
67
0
8
0
62
256
6
ByLayer
370
-1
48
1.0
60
0
100
AcDbLine
10
139.065994262695
20
103.476997375488
30
0.0
11
139.623001098633
21
103.154998779297
31
0.0
39
0.0
210
0.0
220
0.0
230
1.0
0
LINE
5
617
330
17
100
AcDbEntity
67
0
8
0
62
256
6
ByLayer
370
-1
48
1.0
60
0
100
AcDbLine
10
139.623001098633
20
103.154998779297
30
0.0
11
141.138000488281
21
104.029998779297
31
0.0
39
0.0
210
0.0
220
0.0
230
1.0
0
LINE
5
618
330
17
100
AcDbEntity
67
0
8
0
62
256
6
ByLayer
370
-1
48
1.0
60
0
100
AcDbLine
10
141.138000488281
20
104.029998779297
30
0.0
11
141.138000488281
21
105.779998779297
31
0.0
39
0.0
210
0.0
220
0.0
230
1.0
0
LINE
5
619
330
17
100
AcDbEntity
67
0
8
0
62
256
6
ByLayer
370
-1
48
1.0
60
0
100
AcDbLine
10
141.138000488281
20
105.779998779297
30
0.0
11
139.623001098633
21
106.654998779297
31
0.0
39
0.0
210
0.0
220
0.0
230
1.0
0
LINE
5
61A
330
17
100
AcDbEntity
67
0
8
0
62
256
6
ByLayer
370
-1
48
1.0
60
0
100
AcDbLine
10
139.623001098633
20
106.654998779297
30
0.0
11
138.106994628906
21
105.779998779297
31
0.0
39
0.0
210
0.0
220
0.0
230
1.0
0
LINE
5
61B
330
17
100
AcDbEntity
67
0
8
0
62
256
6
ByLayer
370
-1
48
1.0
60
0
100
AcDbLine
10
138.106994628906
20
105.779998779297
30
0.0
11
138.106994628906
21
105.319000244141
31
0.0
39
0.0
210
0.0
220
0.0
230
1.0
0
LINE
5
61C
330
17
100
AcDbEntity
67
0
8
0
62
256
6
ByLayer
370
-1
48
1.0
60
0
100
AcDbLine
10
138.106994628906
20
105.319000244141
30
0.0
11
139.145004272461
21
105.009002685547
31
0.0
39
0.0
210
0.0
220
0.0
230
1.0
0
LINE
5
61D
330
17
100
AcDbEntity
67
0
8
0
62
256
6
ByLayer
370
-1
48
1.0
60
0
100
AcDbLine
10
144.669998168945
20
104.029998779297
30
0.0
11
143.154006958008
21
103.154998779297
31
0.0
39
0.0
210
0.0
220
0.0
230
1.0
0
LINE
5
61E
330
17
100
AcDbEntity
67
0
8
0
62
256
6
ByLayer
370
-1
48
1.0
60
0
100
AcDbLine
10
143.154006958008
20
103.154998779297
30
0.0
11
141.638000488281
21
104.029998779297
31
0.0
39
0.0
210
0.0
220
0.0
230
1.0
0
LINE
5
61F
330
17
100
AcDbEntity
67
0
8
0
62
256
6
ByLayer
370
-1
48
1.0
60
0
100
AcDbLine
10
141.638000488281
20
104.029998779297
30
0.0
11
141.638000488281
21
105.779998779297
31
0.0
39
0.0
210
0.0
220
0.0
230
1.0
0
LINE
5
620
330
17
100
AcDbEntity
67
0
8
0
62
256
6
ByLayer
370
-1
48
1.0
60
0
100
AcDbLine
10
141.638000488281
20
105.779998779297
30
0.0
11
143.154006958008
21
106.654998779297
31
0.0
39
0.0
210
0.0
220
0.0
230
1.0
0
LINE
5
621
330
17
100
AcDbEntity
67
0
8
0
62
256
6
ByLayer
370
-1
48
1.0
60
0
100
AcDbLine
10
143.154006958008
20
106.654998779297
30
0.0
11
144.669998168945
21
105.779998779297
31
0.0
39
0.0
210
0.0
220
0.0
230
1.0
0
LINE
5
622
330
17
100
AcDbEntity
67
0
8
0
62
256
6
ByLayer
370
-1
48
1.0
60
0
100
AcDbLine
10
144.669998168945
20
105.779998779297
30
0.0
11
144.669998168945
21
104.029998779297
31
0.0
39
0.0
210
0.0
220
0.0
230
1.0
0
LINE
5
623
330
17
100
AcDbEntity
67
0
8
0
62
256
6
ByLayer
370
-1
48
1.0
60
0
100
AcDbLine
10
148.20100402832
20
104.029998779297
30
0.0
11
146.684997558594
21
103.154998779297
31
0.0
39
0.0
210
0.0
220
0.0
230
1.0
0
LINE
5
624
330
17
100
AcDbEntity
67
0
8
0
62
256
6
ByLayer
370
-1
48
1.0
60
0
100
AcDbLine
10
146.684997558594
20
103.154998779297
30
0.0
11
145.169998168945
21
104.029998779297
31
0.0
39
0.0
210
0.0
220
0.0
230
1.0
0
LINE
5
625
330
17
100
AcDbEntity
67
0
8
0
62
256
6
ByLayer
370
-1
48
1.0
60
0
100
AcDbLine
10
145.169998168945
20
104.029998779297
30
0.0
11
145.169998168945
21
105.779998779297
31
0.0
39
0.0
210
0.0
220
0.0
230
1.0
0
LINE
5
626
330
17
100
AcDbEntity
67
0
8
0
62
256
6
ByLayer
370
-1
48
1.0
60
0
100
AcDbLine
10
145.169998168945
20
105.779998779297
30
0.0
11
146.684997558594
21
106.654998779297
31
0.0
39
0.0
210
0.0
220
0.0
230
1.0
0
LINE
5
627
330
17
100
AcDbEntity
67
0
8
0
62
256
6
ByLayer
370
-1
48
1.0
60
0
100
AcDbLine
10
146.684997558594
20
106.654998779297
30
0.0
11
148.20100402832
21
105.779998779297
31
0.0
39
0.0
210
0.0
220
0.0
230
1.0
0
LINE
5
628
330
17
100
AcDbEntity
67
0
8
0
62
256
6
ByLayer
370
-1
48
1.0
60
0
100
AcDbLine
10
148.20100402832
20
105.779998779297
30
0.0
11
148.20100402832
21
104.029998779297
31
0.0
39
0.0
210
0.0
220
0.0
230
1.0
0
LINE
5
629
330
17
100
AcDbEntity
67
0
8
0
62
256
6
ByLayer
370
-1
48
1.0
60
0
100
AcDbLine
10
151.731994628906
20
104.029998779297
30
0.0
11
150.216003417969
21
103.154998779297
31
0.0
39
0.0
210
0.0
220
0.0
230
1.0
0
LINE
5
62A
330
17
100
AcDbEntity
67
0
8
0
62
256
6
ByLayer
370
-1
48
1.0
60
0
100
AcDbLine
10
150.216003417969
20
103.154998779297
30
0.0
11
148.70100402832
21
104.029998779297
31
0.0
39
0.0
210
0.0
220
0.0
230
1.0
0
LINE
5
62B
330
17
100
AcDbEntity
67
0
8
0
62
256
6
ByLayer
370
-1
48
1.0
60
0
100
AcDbLine
10
148.70100402832
20
104.029998779297
30
0.0
11
148.70100402832
21
105.779998779297
31
0.0
39
0.0
210
0.0
220
0.0
230
1.0
0
LINE
5
62C
330
17
100
AcDbEntity
67
0
8
0
62
256
6
ByLayer
370
-1
48
1.0
60
0
100
AcDbLine
10
148.70100402832
20
105.779998779297
30
0.0
11
150.216003417969
21
106.654998779297
31
0.0
39
0.0
210
0.0
220
0.0
230
1.0
0
LINE
5
62D
330
17
100
AcDbEntity
67
0
8
0
62
256
6
ByLayer
370
-1
48
1.0
60
0
100
AcDbLine
10
150.216003417969
20
106.654998779297
30
0.0
11
151.731994628906
21
105.779998779297
31
0.0
39
0.0
210
0.0
220
0.0
230
1.0
0
LINE
5
62E
330
17
100
AcDbEntity
67
0
8
0
62
256
6
ByLayer
370
-1
48
1.0
60
0
100
AcDbLine
10
151.731994628906
20
105.779998779297
30
0.0
11
151.731994628906
21
104.029998779297
31
0.0
39
0.0
210
0.0
220
0.0
230
1.0
0
LINE
5
62F
330
17
100
AcDbEntity
67
0
8
0
62
256
6
ByLayer
370
-1
48
1.0
60
0
100
AcDbLine
10
155.263000488281
20
104.029998779297
30
0.0
11
153.746994018555
21
103.154998779297
31
0.0
39
0.0
210
0.0
220
0.0
230
1.0
0
LINE
5
630
330
17
100
AcDbEntity
67
0
8
0
62
256
6
ByLayer
370
-1
48
1.0
60
0
100
AcDbLine
10
153.746994018555
20
103.154998779297
30
0.0
11
152.231994628906
21
104.029998779297
31
0.0
39
0.0
210
0.0
220
0.0
230
1.0
0
LINE
5
631
330
17
100
AcDbEntity
67
0
8
0
62
256
6
ByLayer
370
-1
48
1.0
60
0
100
AcDbLine
10
152.231994628906
20
104.029998779297
30
0.0
11
152.231994628906
21
105.779998779297
31
0.0
39
0.0
210
0.0
220
0.0
230
1.0
0
LINE
5
632
330
17
100
AcDbEntity
67
0
8
0
62
256
6
ByLayer
370
-1
48
1.0
60
0
100
AcDbLine
10
152.231994628906
20
105.779998779297
30
0.0
11
153.746994018555
21
106.654998779297
31
0.0
39
0.0
210
0.0
220
0.0
230
1.0
0
LINE
5
633
330
17
100
AcDbEntity
67
0
8
0
62
256
6
ByLayer
370
-1
48
1.0
60
0
100
AcDbLine
10
153.746994018555
20
106.654998779297
30
0.0
11
155.263000488281
21
105.779998779297
31
0.0
39
0.0
210
0.0
220
0.0
230
1.0
0
LINE
5
634
330
17
100
AcDbEntity
67
0
8
0
62
256
6
ByLayer
370
-1
48
1.0
60
0
100
AcDbLine
10
155.263000488281
20
105.779998779297
30
0.0
11
155.263000488281
21
104.029998779297
31
0.0
39
0.0
210
0.0
220
0.0
230
1.0
0
LINE
5
635
330
17
100
AcDbEntity
67
0
8
0
62
256
6
ByLayer
370
-1
48
1.0
60
0
100
AcDbLine
10
158.794006347656
20
104.029998779297
30
0.0
11
157.27799987793
21
103.154998779297
31
0.0
39
0.0
210
0.0
220
0.0
230
1.0
0
LINE
5
636
330
17
100
AcDbEntity
67
0
8
0
62
256
6
ByLayer
370
-1
48
1.0
60
0
100
AcDbLine
10
157.27799987793
20
103.154998779297
30
0.0
11
155.763000488281
21
104.029998779297
31
0.0
39
0.0
210
0.0
220
0.0
230
1.0
0
LINE
5
637
330
17
100
AcDbEntity
67
0
8
0
62
256
6
ByLayer
370
-1
48
1.0
60
0
100
AcDbLine
10
155.763000488281
20
104.029998779297
30
0.0
11
155.763000488281
21
105.779998779297
31
0.0
39
0.0
210
0.0
220
0.0
230
1.0
0
LINE
5
638
330
17
100
AcDbEntity
67
0
8
0
62
256
6
ByLayer
370
-1
48
1.0
60
0
100
AcDbLine
10
155.763000488281
20
105.779998779297
30
0.0
11
157.27799987793
21
106.654998779297
31
0.0
39
0.0
210
0.0
220
0.0
230
1.0
0
LINE
5
639
330
17
100
AcDbEntity
67
0
8
0
62
256
6
ByLayer
370
-1
48
1.0
60
0
100
AcDbLine
10
157.27799987793
20
106.654998779297
30
0.0
11
158.794006347656
21
105.779998779297
31
0.0
39
0.0
210
0.0
220
0.0
230
1.0
0
LINE
5
63A
330
17
100
AcDbEntity
67
0
8
0
62
256
6
ByLayer
370
-1
48
1.0
60
0
100
AcDbLine
10
158.794006347656
20
105.779998779297
30
0.0
11
158.794006347656
21
104.029998779297
31
0.0
39
0.0
210
0.0
220
0.0
230
1.0
0
LINE
5
63B
330
17
100
AcDbEntity
67
0
8
0
62
256
6
ByLayer
370
-1
48
1.0
60
0
100
AcDbLine
10
162.324996948242
20
104.029998779297
30
0.0
11
160.809005737305
21
103.154998779297
31
0.0
39
0.0
210
0.0
220
0.0
230
1.0
0
LINE
5
63C
330
17
100
AcDbEntity
67
0
8
0
62
256
6
ByLayer
370
-1
48
1.0
60
0
100
AcDbLine
10
160.809005737305
20
103.154998779297
30
0.0
11
159.294006347656
21
104.029998779297
31
0.0
39
0.0
210
0.0
220
0.0
230
1.0
0
LINE
5
63D
330
17
100
AcDbEntity
67
0
8
0
62
256
6
ByLayer
370
-1
48
1.0
60
0
100
AcDbLine
10
159.294006347656
20
104.029998779297
30
0.0
11
159.294006347656
21
105.779998779297
31
0.0
39
0.0
210
0.0
220
0.0
230
1.0
0
LINE
5
63E
330
17
100
AcDbEntity
67
0
8
0
62
256
6
ByLayer
370
-1
48
1.0
60
0
100
AcDbLine
10
159.294006347656
20
105.779998779297
30
0.0
11
160.809005737305
21
106.654998779297
31
0.0
39
0.0
210
0.0
220
0.0
230
1.0
0
LINE
5
63F
330
17
100
AcDbEntity
67
0
8
0
62
256
6
ByLayer
370
-1
48
1.0
60
0
100
AcDbLine
10
160.809005737305
20
106.654998779297
30
0.0
11
162.324996948242
21
105.779998779297
31
0.0
39
0.0
210
0.0
220
0.0
230
1.0
0
LINE
5
640
330
17
100
AcDbEntity
67
0
8
0
62
256
6
ByLayer
370
-1
48
1.0
60
0
100
AcDbLine
10
162.324996948242
20
105.779998779297
30
0.0
11
162.324996948242
21
104.029998779297
31
0.0
39
0.0
210
0.0
220
0.0
230
1.0
0
LINE
5
641
330
17
100
AcDbEntity
67
0
8
0
62
256
6
ByLayer
370
-1
48
1.0
60
0
100
AcDbLine
10
165.856002807617
20
104.029998779297
30
0.0
11
164.341003417969
21
103.154998779297
31
0.0
39
0.0
210
0.0
220
0.0
230
1.0
0
LINE
5
642
330
17
100
AcDbEntity
67
0
8
0
62
256
6
ByLayer
370
-1
48
1.0
60
0
100
AcDbLine
10
164.341003417969
20
103.154998779297
30
0.0
11
162.824996948242
21
104.029998779297
31
0.0
39
0.0
210
0.0
220
0.0
230
1.0
0
LINE
5
643
330
17
100
AcDbEntity
67
0
8
0
62
256
6
ByLayer
370
-1
48
1.0
60
0
100
AcDbLine
10
162.824996948242
20
104.029998779297
30
0.0
11
162.824996948242
21
105.779998779297
31
0.0
39
0.0
210
0.0
220
0.0
230
1.0
0
LINE
5
644
330
17
100
AcDbEntity
67
0
8
0
62
256
6
ByLayer
370
-1
48
1.0
60
0
100
AcDbLine
10
162.824996948242
20
105.779998779297
30
0.0
11
164.341003417969
21
106.654998779297
31
0.0
39
0.0
210
0.0
220
0.0
230
1.0
0
LINE
5
645
330
17
100
AcDbEntity
67
0
8
0
62
256
6
ByLayer
370
-1
48
1.0
60
0
100
AcDbLine
10
164.341003417969
20
106.654998779297
30
0.0
11
165.856002807617
21
105.779998779297
31
0.0
39
0.0
210
0.0
220
0.0
230
1.0
0
LINE
5
646
330
17
100
AcDbEntity
67
0
8
0
62
256
6
ByLayer
370
-1
48
1.0
60
0
100
AcDbLine
10
165.856002807617
20
105.779998779297
30
0.0
11
165.856002807617
21
104.029998779297
31
0.0
39
0.0
210
0.0
220
0.0
230
1.0
0
LINE
5
647
330
17
100
AcDbEntity
67
0
8
0
62
256
6
ByLayer
370
-1
48
1.0
60
0
100
AcDbLine
10
169.386993408203
20
104.029998779297
30
0.0
11
167.871994018555
21
103.154998779297
31
0.0
39
0.0
210
0.0
220
0.0
230
1.0
0
LINE
5
648
330
17
100
AcDbEntity
67
0
8
0
62
256
6
ByLayer
370
-1
48
1.0
60
0
100
AcDbLine
10
167.871994018555
20
103.154998779297
30
0.0
11
166.356002807617
21
104.029998779297
31
0.0
39
0.0
210
0.0
220
0.0
230
1.0
0
LINE
5
649
330
17
100
AcDbEntity
67
0
8
0
62
256
6
ByLayer
370
-1
48
1.0
60
0
100
AcDbLine
10
166.356002807617
20
104.029998779297
30
0.0
11
166.356002807617
21
105.779998779297
31
0.0
39
0.0
210
0.0
220
0.0
230
1.0
0
LINE
5
64A
330
17
100
AcDbEntity
67
0
8
0
62
256
6
ByLayer
370
-1
48
1.0
60
0
100
AcDbLine
10
166.356002807617
20
105.779998779297
30
0.0
11
167.871994018555
21
106.654998779297
31
0.0
39
0.0
210
0.0
220
0.0
230
1.0
0
LINE
5
64B
330
17
100
AcDbEntity
67
0
8
0
62
256
6
ByLayer
370
-1
48
1.0
60
0
100
AcDbLine
10
167.871994018555
20
106.654998779297
30
0.0
11
169.386993408203
21
105.779998779297
31
0.0
39
0.0
210
0.0
220
0.0
230
1.0
0
LINE
5
64C
330
17
100
AcDbEntity
67
0
8
0
62
256
6
ByLayer
370
-1
48
1.0
60
0
100
AcDbLine
10
169.386993408203
20
105.779998779297
30
0.0
11
169.386993408203
21
104.029998779297
31
0.0
39
0.0
210
0.0
220
0.0
230
1.0
0
LINE
5
64D
330
17
100
AcDbEntity
67
0
8
0
62
256
6
ByLayer
370
-1
48
1.0
60
0
100
AcDbLine
10
170.343994140625
20
106.043998718262
30
0.0
11
169.886993408203
21
105.779998779297
31
0.0
39
0.0
210
0.0
220
0.0
230
1.0
0
LINE
5
64E
330
17
100
AcDbEntity
67
0
8
0
62
256
6
ByLayer
370
-1
48
1.0
60
0
100
AcDbLine
10
169.886993408203
20
105.779998779297
30
0.0
11
169.886993408203
21
104.358001708984
31
0.0
39
0.0
210
0.0
220
0.0
230
1.0
0
LINE
5
64F
330
17
100
AcDbEntity
67
0
8
0
62
256
6
ByLayer
370
-1
48
1.0
60
0
100
AcDbLine
10
169.886993408203
20
104.358001708984
30
0.0
11
170.343994140625
21
106.043998718262
31
0.0
39
0.0
210
0.0
220
0.0
230
1.0
0
LINE
5
650
330
17
100
AcDbEntity
67
0
8
0
62
256
6
ByLayer
370
-1
48
1.0
60
0
100
AcDbLine
10
138.841995239258
20
101.522003173828
30
0.0
11
138.615005493164
21
100.535003662109
31
0.0
39
0.0
210
0.0
220
0.0
230
1.0
0
LINE
5
651
330
17
100
AcDbEntity
67
0
8
0
62
256
6
ByLayer
370
-1
48
1.0
60
0
100
AcDbLine
10
138.615005493164
20
100.535003662109
30
0.0
11
139.373001098633
21
100.97200012207
31
0.0
39
0.0
210
0.0
220
0.0
230
1.0
0
LINE
5
652
330
17
100
AcDbEntity
67
0
8
0
62
256
6
ByLayer
370
-1
48
1.0
60
0
100
AcDbLine
10
139.373001098633
20
100.97200012207
30
0.0
11
139.373001098633
21
102.72200012207
31
0.0
39
0.0
210
0.0
220
0.0
230
1.0
0
LINE
5
653
330
17
100
AcDbEntity
67
0
8
0
62
256
6
ByLayer
370
-1
48
1.0
60
0
100
AcDbLine
10
139.373001098633
20
102.72200012207
30
0.0
11
139.003997802734
21
102.934997558594
31
0.0
39
0.0
210
0.0
220
0.0
230
1.0
0
LINE
5
654
330
17
100
AcDbEntity
67
0
8
0
62
256
6
ByLayer
370
-1
48
1.0
60
0
100
AcDbLine
10
139.003997802734
20
102.934997558594
30
0.0
11
138.841995239258
21
101.522003173828
31
0.0
39
0.0
210
0.0
220
0.0
230
1.0
0
LINE
5
655
330
17
100
AcDbEntity
67
0
8
0
62
256
6
ByLayer
370
-1
48
1.0
60
0
100
AcDbLine
10
142.904006958008
20
100.97200012207
30
0.0
11
141.388000488281
21
100.09700012207
31
0.0
39
0.0
210
0.0
220
0.0
230
1.0
0
LINE
5
656
330
17
100
AcDbEntity
67
0
8
0
62
256
6
ByLayer
370
-1
48
1.0
60
0
100
AcDbLine
10
141.388000488281
20
100.09700012207
30
0.0
11
139.873001098633
21
100.97200012207
31
0.0
39
0.0
210
0.0
220
0.0
230
1.0
0
LINE
5
657
330
17
100
AcDbEntity
67
0
8
0
62
256
6
ByLayer
370
-1
48
1.0
60
0
100
AcDbLine
10
139.873001098633
20
100.97200012207
30
0.0
11
139.873001098633
21
102.72200012207
31
0.0
39
0.0
210
0.0
220
0.0
230
1.0
0
LINE
5
658
330
17
100
AcDbEntity
67
0
8
0
62
256
6
ByLayer
370
-1
48
1.0
60
0
100
AcDbLine
10
139.873001098633
20
102.72200012207
30
0.0
11
141.388000488281
21
103.59700012207
31
0.0
39
0.0
210
0.0
220
0.0
230
1.0
0
LINE
5
659
330
17
100
AcDbEntity
67
0
8
0
62
256
6
ByLayer
370
-1
48
1.0
60
0
100
AcDbLine
10
141.388000488281
20
103.59700012207
30
0.0
11
142.904006958008
21
102.72200012207
31
0.0
39
0.0
210
0.0
220
0.0
230
1.0
0
LINE
5
65A
330
17
100
AcDbEntity
67
0
8
0
62
256
6
ByLayer
370
-1
48
1.0
60
0
100
AcDbLine
10
142.904006958008
20
102.72200012207
30
0.0
11
142.904006958008
21
100.97200012207
31
0.0
39
0.0
210
0.0
220
0.0
230
1.0
0
LINE
5
65B
330
17
100
AcDbEntity
67
0
8
0
62
256
6
ByLayer
370
-1
48
1.0
60
0
100
AcDbLine
10
146.434997558594
20
100.97200012207
30
0.0
11
144.919998168945
21
100.09700012207
31
0.0
39
0.0
210
0.0
220
0.0
230
1.0
0
LINE
5
65C
330
17
100
AcDbEntity
67
0
8
0
62
256
6
ByLayer
370
-1
48
1.0
60
0
100
AcDbLine
10
144.919998168945
20
100.09700012207
30
0.0
11
143.404006958008
21
100.97200012207
31
0.0
39
0.0
210
0.0
220
0.0
230
1.0
0
LINE
5
65D
330
17
100
AcDbEntity
67
0
8
0
62
256
6
ByLayer
370
-1
48
1.0
60
0
100
AcDbLine
10
143.404006958008
20
100.97200012207
30
0.0
11
143.404006958008
21
102.72200012207
31
0.0
39
0.0
210
0.0
220
0.0
230
1.0
0
LINE
5
65E
330
17
100
AcDbEntity
67
0
8
0
62
256
6
ByLayer
370
-1
48
1.0
60
0
100
AcDbLine
10
143.404006958008
20
102.72200012207
30
0.0
11
144.919998168945
21
103.59700012207
31
0.0
39
0.0
210
0.0
220
0.0
230
1.0
0
LINE
5
65F
330
17
100
AcDbEntity
67
0
8
0
62
256
6
ByLayer
370
-1
48
1.0
60
0
100
AcDbLine
10
144.919998168945
20
103.59700012207
30
0.0
11
146.434997558594
21
102.72200012207
31
0.0
39
0.0
210
0.0
220
0.0
230
1.0
0
LINE
5
660
330
17
100
AcDbEntity
67
0
8
0
62
256
6
ByLayer
370
-1
48
1.0
60
0
100
AcDbLine
10
146.434997558594
20
102.72200012207
30
0.0
11
146.434997558594
21
100.97200012207
31
0.0
39
0.0
210
0.0
220
0.0
230
1.0
0
LINE
5
661
330
17
100
AcDbEntity
67
0
8
0
62
256
6
ByLayer
370
-1
48
1.0
60
0
100
AcDbLine
10
149.966003417969
20
100.97200012207
30
0.0
11
148.45100402832
21
100.09700012207
31
0.0
39
0.0
210
0.0
220
0.0
230
1.0
0
LINE
5
662
330
17
100
AcDbEntity
67
0
8
0
62
256
6
ByLayer
370
-1
48
1.0
60
0
100
AcDbLine
10
148.45100402832
20
100.09700012207
30
0.0
11
146.934997558594
21
100.97200012207
31
0.0
39
0.0
210
0.0
220
0.0
230
1.0
0
LINE
5
663
330
17
100
AcDbEntity
67
0
8
0
62
256
6
ByLayer
370
-1
48
1.0
60
0
100
AcDbLine
10
146.934997558594
20
100.97200012207
30
0.0
11
146.934997558594
21
102.72200012207
31
0.0
39
0.0
210
0.0
220
0.0
230
1.0
0
LINE
5
664
330
17
100
AcDbEntity
67
0
8
0
62
256
6
ByLayer
370
-1
48
1.0
60
0
100
AcDbLine
10
146.934997558594
20
102.72200012207
30
0.0
11
148.45100402832
21
103.59700012207
31
0.0
39
0.0
210
0.0
220
0.0
230
1.0
0
LINE
5
665
330
17
100
AcDbEntity
67
0
8
0
62
256
6
ByLayer
370
-1
48
1.0
60
0
100
AcDbLine
10
148.45100402832
20
103.59700012207
30
0.0
11
149.966003417969
21
102.72200012207
31
0.0
39
0.0
210
0.0
220
0.0
230
1.0
0
LINE
5
666
330
17
100
AcDbEntity
67
0
8
0
62
256
6
ByLayer
370
-1
48
1.0
60
0
100
AcDbLine
10
149.966003417969
20
102.72200012207
30
0.0
11
149.966003417969
21
100.97200012207
31
0.0
39
0.0
210
0.0
220
0.0
230
1.0
0
LINE
5
667
330
17
100
AcDbEntity
67
0
8
0
62
256
6
ByLayer
370
-1
48
1.0
60
0
100
AcDbLine
10
153.496994018555
20
100.97200012207
30
0.0
11
151.981994628906
21
100.09700012207
31
0.0
39
0.0
210
0.0
220
0.0
230
1.0
0
LINE
5
668
330
17
100
AcDbEntity
67
0
8
0
62
256
6
ByLayer
370
-1
48
1.0
60
0
100
AcDbLine
10
151.981994628906
20
100.09700012207
30
0.0
11
150.466003417969
21
100.97200012207
31
0.0
39
0.0
210
0.0
220
0.0
230
1.0
0
LINE
5
669
330
17
100
AcDbEntity
67
0
8
0
62
256
6
ByLayer
370
-1
48
1.0
60
0
100
AcDbLine
10
150.466003417969
20
100.97200012207
30
0.0
11
150.466003417969
21
102.72200012207
31
0.0
39
0.0
210
0.0
220
0.0
230
1.0
0
LINE
5
66A
330
17
100
AcDbEntity
67
0
8
0
62
256
6
ByLayer
370
-1
48
1.0
60
0
100
AcDbLine
10
150.466003417969
20
102.72200012207
30
0.0
11
151.981994628906
21
103.59700012207
31
0.0
39
0.0
210
0.0
220
0.0
230
1.0
0
LINE
5
66B
330
17
100
AcDbEntity
67
0
8
0
62
256
6
ByLayer
370
-1
48
1.0
60
0
100
AcDbLine
10
151.981994628906
20
103.59700012207
30
0.0
11
153.496994018555
21
102.72200012207
31
0.0
39
0.0
210
0.0
220
0.0
230
1.0
0
LINE
5
66C
330
17
100
AcDbEntity
67
0
8
0
62
256
6
ByLayer
370
-1
48
1.0
60
0
100
AcDbLine
10
153.496994018555
20
102.72200012207
30
0.0
11
153.496994018555
21
100.97200012207
31
0.0
39
0.0
210
0.0
220
0.0
230
1.0
0
LINE
5
66D
330
17
100
AcDbEntity
67
0
8
0
62
256
6
ByLayer
370
-1
48
1.0
60
0
100
AcDbLine
10
157.02799987793
20
100.97200012207
30
0.0
11
155.513000488281
21
100.09700012207
31
0.0
39
0.0
210
0.0
220
0.0
230
1.0
0
LINE
5
66E
330
17
100
AcDbEntity
67
0
8
0
62
256
6
ByLayer
370
-1
48
1.0
60
0
100
AcDbLine
10
155.513000488281
20
100.09700012207
30
0.0
11
153.996994018555
21
100.97200012207
31
0.0
39
0.0
210
0.0
220
0.0
230
1.0
0
LINE
5
66F
330
17
100
AcDbEntity
67
0
8
0
62
256
6
ByLayer
370
-1
48
1.0
60
0
100
AcDbLine
10
153.996994018555
20
100.97200012207
30
0.0
11
153.996994018555
21
102.72200012207
31
0.0
39
0.0
210
0.0
220
0.0
230
1.0
0
LINE
5
670
330
17
100
AcDbEntity
67
0
8
0
62
256
6
ByLayer
370
-1
48
1.0
60
0
100
AcDbLine
10
153.996994018555
20
102.72200012207
30
0.0
11
155.513000488281
21
103.59700012207
31
0.0
39
0.0
210
0.0
220
0.0
230
1.0
0
LINE
5
671
330
17
100
AcDbEntity
67
0
8
0
62
256
6
ByLayer
370
-1
48
1.0
60
0
100
AcDbLine
10
155.513000488281
20
103.59700012207
30
0.0
11
157.02799987793
21
102.72200012207
31
0.0
39
0.0
210
0.0
220
0.0
230
1.0
0
LINE
5
672
330
17
100
AcDbEntity
67
0
8
0
62
256
6
ByLayer
370
-1
48
1.0
60
0
100
AcDbLine
10
157.02799987793
20
102.72200012207
30
0.0
11
157.02799987793
21
100.97200012207
31
0.0
39
0.0
210
0.0
220
0.0
230
1.0
0
LINE
5
673
330
17
100
AcDbEntity
67
0
8
0
62
256
6
ByLayer
370
-1
48
1.0
60
0
100
AcDbLine
10
160.559005737305
20
100.97200012207
30
0.0
11
159.044006347656
21
100.09700012207
31
0.0
39
0.0
210
0.0
220
0.0
230
1.0
0
LINE
5
674
330
17
100
AcDbEntity
67
0
8
0
62
256
6
ByLayer
370
-1
48
1.0
60
0
100
AcDbLine
10
159.044006347656
20
100.09700012207
30
0.0
11
157.52799987793
21
100.97200012207
31
0.0
39
0.0
210
0.0
220
0.0
230
1.0
0
LINE
5
675
330
17
100
AcDbEntity
67
0
8
0
62
256
6
ByLayer
370
-1
48
1.0
60
0
100
AcDbLine
10
157.52799987793
20
100.97200012207
30
0.0
11
157.52799987793
21
102.72200012207
31
0.0
39
0.0
210
0.0
220
0.0
230
1.0
0
LINE
5
676
330
17
100
AcDbEntity
67
0
8
0
62
256
6
ByLayer
370
-1
48
1.0
60
0
100
AcDbLine
10
157.52799987793
20
102.72200012207
30
0.0
11
159.044006347656
21
103.59700012207
31
0.0
39
0.0
210
0.0
220
0.0
230
1.0
0
LINE
5
677
330
17
100
AcDbEntity
67
0
8
0
62
256
6
ByLayer
370
-1
48
1.0
60
0
100
AcDbLine
10
159.044006347656
20
103.59700012207
30
0.0
11
160.559005737305
21
102.72200012207
31
0.0
39
0.0
210
0.0
220
0.0
230
1.0
0
LINE
5
678
330
17
100
AcDbEntity
67
0
8
0
62
256
6
ByLayer
370
-1
48
1.0
60
0
100
AcDbLine
10
160.559005737305
20
102.72200012207
30
0.0
11
160.559005737305
21
100.97200012207
31
0.0
39
0.0
210
0.0
220
0.0
230
1.0
0
LINE
5
679
330
17
100
AcDbEntity
67
0
8
0
62
256
6
ByLayer
370
-1
48
1.0
60
0
100
AcDbLine
10
164.091003417969
20
100.97200012207
30
0.0
11
162.574996948242
21
100.09700012207
31
0.0
39
0.0
210
0.0
220
0.0
230
1.0
0
LINE
5
67A
330
17
100
AcDbEntity
67
0
8
0
62
256
6
ByLayer
370
-1
48
1.0
60
0
100
AcDbLine
10
162.574996948242
20
100.09700012207
30
0.0
11
161.059005737305
21
100.97200012207
31
0.0
39
0.0
210
0.0
220
0.0
230
1.0
0
LINE
5
67B
330
17
100
AcDbEntity
67
0
8
0
62
256
6
ByLayer
370
-1
48
1.0
60
0
100
AcDbLine
10
161.059005737305
20
100.97200012207
30
0.0
11
161.059005737305
21
102.72200012207
31
0.0
39
0.0
210
0.0
220
0.0
230
1.0
0
LINE
5
67C
330
17
100
AcDbEntity
67
0
8
0
62
256
6
ByLayer
370
-1
48
1.0
60
0
100
AcDbLine
10
161.059005737305
20
102.72200012207
30
0.0
11
162.574996948242
21
103.59700012207
31
0.0
39
0.0
210
0.0
220
0.0
230
1.0
0
LINE
5
67D
330
17
100
AcDbEntity
67
0
8
0
62
256
6
ByLayer
370
-1
48
1.0
60
0
100
AcDbLine
10
162.574996948242
20
103.59700012207
30
0.0
11
164.091003417969
21
102.72200012207
31
0.0
39
0.0
210
0.0
220
0.0
230
1.0
0
LINE
5
67E
330
17
100
AcDbEntity
67
0
8
0
62
256
6
ByLayer
370
-1
48
1.0
60
0
100
AcDbLine
10
164.091003417969
20
102.72200012207
30
0.0
11
164.091003417969
21
100.97200012207
31
0.0
39
0.0
210
0.0
220
0.0
230
1.0
0
LINE
5
67F
330
17
100
AcDbEntity
67
0
8
0
62
256
6
ByLayer
370
-1
48
1.0
60
0
100
AcDbLine
10
167.621994018555
20
100.97200012207
30
0.0
11
166.106002807617
21
100.09700012207
31
0.0
39
0.0
210
0.0
220
0.0
230
1.0
0
LINE
5
680
330
17
100
AcDbEntity
67
0
8
0
62
256
6
ByLayer
370
-1
48
1.0
60
0
100
AcDbLine
10
166.106002807617
20
100.09700012207
30
0.0
11
164.591003417969
21
100.97200012207
31
0.0
39
0.0
210
0.0
220
0.0
230
1.0
0
LINE
5
681
330
17
100
AcDbEntity
67
0
8
0
62
256
6
ByLayer
370
-1
48
1.0
60
0
100
AcDbLine
10
164.591003417969
20
100.97200012207
30
0.0
11
164.591003417969
21
102.72200012207
31
0.0
39
0.0
210
0.0
220
0.0
230
1.0
0
LINE
5
682
330
17
100
AcDbEntity
67
0
8
0
62
256
6
ByLayer
370
-1
48
1.0
60
0
100
AcDbLine
10
164.591003417969
20
102.72200012207
30
0.0
11
166.106002807617
21
103.59700012207
31
0.0
39
0.0
210
0.0
220
0.0
230
1.0
0
LINE
5
683
330
17
100
AcDbEntity
67
0
8
0
62
256
6
ByLayer
370
-1
48
1.0
60
0
100
AcDbLine
10
166.106002807617
20
103.59700012207
30
0.0
11
167.621994018555
21
102.72200012207
31
0.0
39
0.0
210
0.0
220
0.0
230
1.0
0
LINE
5
684
330
17
100
AcDbEntity
67
0
8
0
62
256
6
ByLayer
370
-1
48
1.0
60
0
100
AcDbLine
10
167.621994018555
20
102.72200012207
30
0.0
11
167.621994018555
21
100.97200012207
31
0.0
39
0.0
210
0.0
220
0.0
230
1.0
0
LINE
5
685
330
17
100
AcDbEntity
67
0
8
0
62
256
6
ByLayer
370
-1
48
1.0
60
0
100
AcDbLine
10
169.675003051758
20
103.575996398926
30
0.0
11
169.636993408203
21
103.59700012207
31
0.0
39
0.0
210
0.0
220
0.0
230
1.0
0
LINE
5
686
330
17
100
AcDbEntity
67
0
8
0
62
256
6
ByLayer
370
-1
48
1.0
60
0
100
AcDbLine
10
169.636993408203
20
103.59700012207
30
0.0
11
168.121994018555
21
102.72200012207
31
0.0
39
0.0
210
0.0
220
0.0
230
1.0
0
LINE
5
687
330
17
100
AcDbEntity
67
0
8
0
62
256
6
ByLayer
370
-1
48
1.0
60
0
100
AcDbLine
10
168.121994018555
20
102.72200012207
30
0.0
11
168.121994018555
21
100.97200012207
31
0.0
39
0.0
210
0.0
220
0.0
230
1.0
0
LINE
5
688
330
17
100
AcDbEntity
67
0
8
0
62
256
6
ByLayer
370
-1
48
1.0
60
0
100
AcDbLine
10
168.121994018555
20
100.97200012207
30
0.0
11
168.854995727539
21
100.549003601074
31
0.0
39
0.0
210
0.0
220
0.0
230
1.0
0
LINE
5
689
330
17
100
AcDbEntity
67
0
8
0
62
256
6
ByLayer
370
-1
48
1.0
60
0
100
AcDbLine
10
168.854995727539
20
100.549003601074
30
0.0
11
169.675003051758
21
103.575996398926
31
0.0
39
0.0
210
0.0
220
0.0
230
1.0
0
LINE
5
68A
330
17
100
AcDbEntity
67
0
8
0
62
256
6
ByLayer
370
-1
48
1.0
60
0
100
AcDbLine
10
128.542999267578
20
98.556999206543
30
0.0
11
128.223999023438
21
97.5039978027344
31
0.0
39
0.0
210
0.0
220
0.0
230
1.0
0
LINE
5
68B
330
17
100
AcDbEntity
67
0
8
0
62
256
6
ByLayer
370
-1
48
1.0
60
0
100
AcDbLine
10
128.223999023438
20
97.5039978027344
30
0.0
11
129.029998779297
21
97.0390014648438
31
0.0
39
0.0
210
0.0
220
0.0
230
1.0
0
LINE
5
68C
330
17
100
AcDbEntity
67
0
8
0
62
256
6
ByLayer
370
-1
48
1.0
60
0
100
AcDbLine
10
129.029998779297
20
97.0390014648438
30
0.0
11
130.544998168945
21
97.9140014648438
31
0.0
39
0.0
210
0.0
220
0.0
230
1.0
0
LINE
5
68D
330
17
100
AcDbEntity
67
0
8
0
62
256
6
ByLayer
370
-1
48
1.0
60
0
100
AcDbLine
10
130.544998168945
20
97.9140014648438
30
0.0
11
130.544998168945
21
97.9509963989258
31
0.0
39
0.0
210
0.0
220
0.0
230
1.0
0
LINE
5
68E
330
17
100
AcDbEntity
67
0
8
0
62
256
6
ByLayer
370
-1
48
1.0
60
0
100
AcDbLine
10
130.544998168945
20
97.9509963989258
30
0.0
11
128.542999267578
21
98.556999206543
31
0.0
39
0.0
210
0.0
220
0.0
230
1.0
0
LINE
5
68F
330
17
100
AcDbEntity
67
0
8
0
62
256
6
ByLayer
370
-1
48
1.0
60
0
100
AcDbLine
10
131.460006713867
20
97.6750030517578
30
0.0
11
132.561004638672
21
97.0390014648438
31
0.0
39
0.0
210
0.0
220
0.0
230
1.0
0
LINE
5
690
330
17
100
AcDbEntity
67
0
8
0
62
256
6
ByLayer
370
-1
48
1.0
60
0
100
AcDbLine
10
132.561004638672
20
97.0390014648438
30
0.0
11
132.904998779297
21
97.2379989624023
31
0.0
39
0.0
210
0.0
220
0.0
230
1.0
0
LINE
5
691
330
17
100
AcDbEntity
67
0
8
0
62
256
6
ByLayer
370
-1
48
1.0
60
0
100
AcDbLine
10
132.904998779297
20
97.2379989624023
30
0.0
11
131.460006713867
21
97.6750030517578
31
0.0
39
0.0
210
0.0
220
0.0
230
1.0
0
LINE
5
692
330
17
100
AcDbEntity
67
0
8
0
62
256
6
ByLayer
370
-1
48
1.0
60
0
100
AcDbLine
10
138.440002441406
20
99.7750015258789
30
0.0
11
138.106994628906
21
98.8629989624023
31
0.0
39
0.0
210
0.0
220
0.0
230
1.0
0
LINE
5
693
330
17
100
AcDbEntity
67
0
8
0
62
256
6
ByLayer
370
-1
48
1.0
60
0
100
AcDbLine
10
138.106994628906
20
98.8629989624023
30
0.0
11
138.106994628906
21
97.9140014648438
31
0.0
39
0.0
210
0.0
220
0.0
230
1.0
0
LINE
5
694
330
17
100
AcDbEntity
67
0
8
0
62
256
6
ByLayer
370
-1
48
1.0
60
0
100
AcDbLine
10
138.106994628906
20
97.9140014648438
30
0.0
11
139.623001098633
21
97.0390014648438
31
0.0
39
0.0
210
0.0
220
0.0
230
1.0
0
LINE
5
695
330
17
100
AcDbEntity
67
0
8
0
62
256
6
ByLayer
370
-1
48
1.0
60
0
100
AcDbLine
10
139.623001098633
20
97.0390014648438
30
0.0
11
141.138000488281
21
97.9140014648438
31
0.0
39
0.0
210
0.0
220
0.0
230
1.0
0
LINE
5
696
330
17
100
AcDbEntity
67
0
8
0
62
256
6
ByLayer
370
-1
48
1.0
60
0
100
AcDbLine
10
141.138000488281
20
97.9140014648438
30
0.0
11
141.138000488281
21
99.6640014648438
31
0.0
39
0.0
210
0.0
220
0.0
230
1.0
0
LINE
5
697
330
17
100
AcDbEntity
67
0
8
0
62
256
6
ByLayer
370
-1
48
1.0
60
0
100
AcDbLine
10
141.138000488281
20
99.6640014648438
30
0.0
11
139.623001098633
21
100.539001464844
31
0.0
39
0.0
210
0.0
220
0.0
230
1.0
0
LINE
5
698
330
17
100
AcDbEntity
67
0
8
0
62
256
6
ByLayer
370
-1
48
1.0
60
0
100
AcDbLine
10
139.623001098633
20
100.539001464844
30
0.0
11
138.462005615234
21
99.8690032958984
31
0.0
39
0.0
210
0.0
220
0.0
230
1.0
0
LINE
5
699
330
17
100
AcDbEntity
67
0
8
0
62
256
6
ByLayer
370
-1
48
1.0
60
0
100
AcDbLine
10
138.462005615234
20
99.8690032958984
30
0.0
11
138.440002441406
21
99.7750015258789
31
0.0
39
0.0
210
0.0
220
0.0
230
1.0
0
LINE
5
69A
330
17
100
AcDbEntity
67
0
8
0
62
256
6
ByLayer
370
-1
48
1.0
60
0
100
AcDbLine
10
144.669998168945
20
97.9140014648438
30
0.0
11
143.154006958008
21
97.0390014648438
31
0.0
39
0.0
210
0.0
220
0.0
230
1.0
0
LINE
5
69B
330
17
100
AcDbEntity
67
0
8
0
62
256
6
ByLayer
370
-1
48
1.0
60
0
100
AcDbLine
10
143.154006958008
20
97.0390014648438
30
0.0
11
141.638000488281
21
97.9140014648438
31
0.0
39
0.0
210
0.0
220
0.0
230
1.0
0
LINE
5
69C
330
17
100
AcDbEntity
67
0
8
0
62
256
6
ByLayer
370
-1
48
1.0
60
0
100
AcDbLine
10
141.638000488281
20
97.9140014648438
30
0.0
11
141.638000488281
21
99.6640014648438
31
0.0
39
0.0
210
0.0
220
0.0
230
1.0
0
LINE
5
69D
330
17
100
AcDbEntity
67
0
8
0
62
256
6
ByLayer
370
-1
48
1.0
60
0
100
AcDbLine
10
141.638000488281
20
99.6640014648438
30
0.0
11
143.154006958008
21
100.539001464844
31
0.0
39
0.0
210
0.0
220
0.0
230
1.0
0
LINE
5
69E
330
17
100
AcDbEntity
67
0
8
0
62
256
6
ByLayer
370
-1
48
1.0
60
0
100
AcDbLine
10
143.154006958008
20
100.539001464844
30
0.0
11
144.669998168945
21
99.6640014648438
31
0.0
39
0.0
210
0.0
220
0.0
230
1.0
0
LINE
5
69F
330
17
100
AcDbEntity
67
0
8
0
62
256
6
ByLayer
370
-1
48
1.0
60
0
100
AcDbLine
10
144.669998168945
20
99.6640014648438
30
0.0
11
144.669998168945
21
97.9140014648438
31
0.0
39
0.0
210
0.0
220
0.0
230
1.0
0
LINE
5
6A0
330
17
100
AcDbEntity
67
0
8
0
62
256
6
ByLayer
370
-1
48
1.0
60
0
100
AcDbLine
10
148.20100402832
20
97.9140014648438
30
0.0
11
146.684997558594
21
97.0390014648438
31
0.0
39
0.0
210
0.0
220
0.0
230
1.0
0
LINE
5
6A1
330
17
100
AcDbEntity
67
0
8
0
62
256
6
ByLayer
370
-1
48
1.0
60
0
100
AcDbLine
10
146.684997558594
20
97.0390014648438
30
0.0
11
145.169998168945
21
97.9140014648438
31
0.0
39
0.0
210
0.0
220
0.0
230
1.0
0
LINE
5
6A2
330
17
100
AcDbEntity
67
0
8
0
62
256
6
ByLayer
370
-1
48
1.0
60
0
100
AcDbLine
10
145.169998168945
20
97.9140014648438
30
0.0
11
145.169998168945
21
99.6640014648438
31
0.0
39
0.0
210
0.0
220
0.0
230
1.0
0
LINE
5
6A3
330
17
100
AcDbEntity
67
0
8
0
62
256
6
ByLayer
370
-1
48
1.0
60
0
100
AcDbLine
10
145.169998168945
20
99.6640014648438
30
0.0
11
146.684997558594
21
100.539001464844
31
0.0
39
0.0
210
0.0
220
0.0
230
1.0
0
LINE
5
6A4
330
17
100
AcDbEntity
67
0
8
0
62
256
6
ByLayer
370
-1
48
1.0
60
0
100
AcDbLine
10
146.684997558594
20
100.539001464844
30
0.0
11
148.20100402832
21
99.6640014648438
31
0.0
39
0.0
210
0.0
220
0.0
230
1.0
0
LINE
5
6A5
330
17
100
AcDbEntity
67
0
8
0
62
256
6
ByLayer
370
-1
48
1.0
60
0
100
AcDbLine
10
148.20100402832
20
99.6640014648438
30
0.0
11
148.20100402832
21
97.9140014648438
31
0.0
39
0.0
210
0.0
220
0.0
230
1.0
0
LINE
5
6A6
330
17
100
AcDbEntity
67
0
8
0
62
256
6
ByLayer
370
-1
48
1.0
60
0
100
AcDbLine
10
151.731994628906
20
97.9140014648438
30
0.0
11
150.216003417969
21
97.0390014648438
31
0.0
39
0.0
210
0.0
220
0.0
230
1.0
0
LINE
5
6A7
330
17
100
AcDbEntity
67
0
8
0
62
256
6
ByLayer
370
-1
48
1.0
60
0
100
AcDbLine
10
150.216003417969
20
97.0390014648438
30
0.0
11
148.70100402832
21
97.9140014648438
31
0.0
39
0.0
210
0.0
220
0.0
230
1.0
0
LINE
5
6A8
330
17
100
AcDbEntity
67
0
8
0
62
256
6
ByLayer
370
-1
48
1.0
60
0
100
AcDbLine
10
148.70100402832
20
97.9140014648438
30
0.0
11
148.70100402832
21
99.6640014648438
31
0.0
39
0.0
210
0.0
220
0.0
230
1.0
0
LINE
5
6A9
330
17
100
AcDbEntity
67
0
8
0
62
256
6
ByLayer
370
-1
48
1.0
60
0
100
AcDbLine
10
148.70100402832
20
99.6640014648438
30
0.0
11
150.216003417969
21
100.539001464844
31
0.0
39
0.0
210
0.0
220
0.0
230
1.0
0
LINE
5
6AA
330
17
100
AcDbEntity
67
0
8
0
62
256
6
ByLayer
370
-1
48
1.0
60
0
100
AcDbLine
10
150.216003417969
20
100.539001464844
30
0.0
11
151.731994628906
21
99.6640014648438
31
0.0
39
0.0
210
0.0
220
0.0
230
1.0
0
LINE
5
6AB
330
17
100
AcDbEntity
67
0
8
0
62
256
6
ByLayer
370
-1
48
1.0
60
0
100
AcDbLine
10
151.731994628906
20
99.6640014648438
30
0.0
11
151.731994628906
21
97.9140014648438
31
0.0
39
0.0
210
0.0
220
0.0
230
1.0
0
LINE
5
6AC
330
17
100
AcDbEntity
67
0
8
0
62
256
6
ByLayer
370
-1
48
1.0
60
0
100
AcDbLine
10
155.263000488281
20
97.9140014648438
30
0.0
11
153.746994018555
21
97.0390014648438
31
0.0
39
0.0
210
0.0
220
0.0
230
1.0
0
LINE
5
6AD
330
17
100
AcDbEntity
67
0
8
0
62
256
6
ByLayer
370
-1
48
1.0
60
0
100
AcDbLine
10
153.746994018555
20
97.0390014648438
30
0.0
11
152.231994628906
21
97.9140014648438
31
0.0
39
0.0
210
0.0
220
0.0
230
1.0
0
LINE
5
6AE
330
17
100
AcDbEntity
67
0
8
0
62
256
6
ByLayer
370
-1
48
1.0
60
0
100
AcDbLine
10
152.231994628906
20
97.9140014648438
30
0.0
11
152.231994628906
21
99.6640014648438
31
0.0
39
0.0
210
0.0
220
0.0
230
1.0
0
LINE
5
6AF
330
17
100
AcDbEntity
67
0
8
0
62
256
6
ByLayer
370
-1
48
1.0
60
0
100
AcDbLine
10
152.231994628906
20
99.6640014648438
30
0.0
11
153.746994018555
21
100.539001464844
31
0.0
39
0.0
210
0.0
220
0.0
230
1.0
0
LINE
5
6B0
330
17
100
AcDbEntity
67
0
8
0
62
256
6
ByLayer
370
-1
48
1.0
60
0
100
AcDbLine
10
153.746994018555
20
100.539001464844
30
0.0
11
155.263000488281
21
99.6640014648438
31
0.0
39
0.0
210
0.0
220
0.0
230
1.0
0
LINE
5
6B1
330
17
100
AcDbEntity
67
0
8
0
62
256
6
ByLayer
370
-1
48
1.0
60
0
100
AcDbLine
10
155.263000488281
20
99.6640014648438
30
0.0
11
155.263000488281
21
97.9140014648438
31
0.0
39
0.0
210
0.0
220
0.0
230
1.0
0
LINE
5
6B2
330
17
100
AcDbEntity
67
0
8
0
62
256
6
ByLayer
370
-1
48
1.0
60
0
100
AcDbLine
10
158.794006347656
20
97.9140014648438
30
0.0
11
157.27799987793
21
97.0390014648438
31
0.0
39
0.0
210
0.0
220
0.0
230
1.0
0
LINE
5
6B3
330
17
100
AcDbEntity
67
0
8
0
62
256
6
ByLayer
370
-1
48
1.0
60
0
100
AcDbLine
10
157.27799987793
20
97.0390014648438
30
0.0
11
155.763000488281
21
97.9140014648438
31
0.0
39
0.0
210
0.0
220
0.0
230
1.0
0
LINE
5
6B4
330
17
100
AcDbEntity
67
0
8
0
62
256
6
ByLayer
370
-1
48
1.0
60
0
100
AcDbLine
10
155.763000488281
20
97.9140014648438
30
0.0
11
155.763000488281
21
99.6640014648438
31
0.0
39
0.0
210
0.0
220
0.0
230
1.0
0
LINE
5
6B5
330
17
100
AcDbEntity
67
0
8
0
62
256
6
ByLayer
370
-1
48
1.0
60
0
100
AcDbLine
10
155.763000488281
20
99.6640014648438
30
0.0
11
157.27799987793
21
100.539001464844
31
0.0
39
0.0
210
0.0
220
0.0
230
1.0
0
LINE
5
6B6
330
17
100
AcDbEntity
67
0
8
0
62
256
6
ByLayer
370
-1
48
1.0
60
0
100
AcDbLine
10
157.27799987793
20
100.539001464844
30
0.0
11
158.794006347656
21
99.6640014648438
31
0.0
39
0.0
210
0.0
220
0.0
230
1.0
0
LINE
5
6B7
330
17
100
AcDbEntity
67
0
8
0
62
256
6
ByLayer
370
-1
48
1.0
60
0
100
AcDbLine
10
158.794006347656
20
99.6640014648438
30
0.0
11
158.794006347656
21
97.9140014648438
31
0.0
39
0.0
210
0.0
220
0.0
230
1.0
0
LINE
5
6B8
330
17
100
AcDbEntity
67
0
8
0
62
256
6
ByLayer
370
-1
48
1.0
60
0
100
AcDbLine
10
162.324996948242
20
97.9140014648438
30
0.0
11
160.809005737305
21
97.0390014648438
31
0.0
39
0.0
210
0.0
220
0.0
230
1.0
0
LINE
5
6B9
330
17
100
AcDbEntity
67
0
8
0
62
256
6
ByLayer
370
-1
48
1.0
60
0
100
AcDbLine
10
160.809005737305
20
97.0390014648438
30
0.0
11
159.294006347656
21
97.9140014648438
31
0.0
39
0.0
210
0.0
220
0.0
230
1.0
0
LINE
5
6BA
330
17
100
AcDbEntity
67
0
8
0
62
256
6
ByLayer
370
-1
48
1.0
60
0
100
AcDbLine
10
159.294006347656
20
97.9140014648438
30
0.0
11
159.294006347656
21
99.6640014648438
31
0.0
39
0.0
210
0.0
220
0.0
230
1.0
0
LINE
5
6BB
330
17
100
AcDbEntity
67
0
8
0
62
256
6
ByLayer
370
-1
48
1.0
60
0
100
AcDbLine
10
159.294006347656
20
99.6640014648438
30
0.0
11
160.809005737305
21
100.539001464844
31
0.0
39
0.0
210
0.0
220
0.0
230
1.0
0
LINE
5
6BC
330
17
100
AcDbEntity
67
0
8
0
62
256
6
ByLayer
370
-1
48
1.0
60
0
100
AcDbLine
10
160.809005737305
20
100.539001464844
30
0.0
11
162.324996948242
21
99.6640014648438
31
0.0
39
0.0
210
0.0
220
0.0
230
1.0
0
LINE
5
6BD
330
17
100
AcDbEntity
67
0
8
0
62
256
6
ByLayer
370
-1
48
1.0
60
0
100
AcDbLine
10
162.324996948242
20
99.6640014648438
30
0.0
11
162.324996948242
21
97.9140014648438
31
0.0
39
0.0
210
0.0
220
0.0
230
1.0
0
LINE
5
6BE
330
17
100
AcDbEntity
67
0
8
0
62
256
6
ByLayer
370
-1
48
1.0
60
0
100
AcDbLine
10
165.856002807617
20
97.9140014648438
30
0.0
11
164.341003417969
21
97.0390014648438
31
0.0
39
0.0
210
0.0
220
0.0
230
1.0
0
LINE
5
6BF
330
17
100
AcDbEntity
67
0
8
0
62
256
6
ByLayer
370
-1
48
1.0
60
0
100
AcDbLine
10
164.341003417969
20
97.0390014648438
30
0.0
11
162.824996948242
21
97.9140014648438
31
0.0
39
0.0
210
0.0
220
0.0
230
1.0
0
LINE
5
6C0
330
17
100
AcDbEntity
67
0
8
0
62
256
6
ByLayer
370
-1
48
1.0
60
0
100
AcDbLine
10
162.824996948242
20
97.9140014648438
30
0.0
11
162.824996948242
21
99.6640014648438
31
0.0
39
0.0
210
0.0
220
0.0
230
1.0
0
LINE
5
6C1
330
17
100
AcDbEntity
67
0
8
0
62
256
6
ByLayer
370
-1
48
1.0
60
0
100
AcDbLine
10
162.824996948242
20
99.6640014648438
30
0.0
11
164.341003417969
21
100.539001464844
31
0.0
39
0.0
210
0.0
220
0.0
230
1.0
0
LINE
5
6C2
330
17
100
AcDbEntity
67
0
8
0
62
256
6
ByLayer
370
-1
48
1.0
60
0
100
AcDbLine
10
164.341003417969
20
100.539001464844
30
0.0
11
165.856002807617
21
99.6640014648438
31
0.0
39
0.0
210
0.0
220
0.0
230
1.0
0
LINE
5
6C3
330
17
100
AcDbEntity
67
0
8
0
62
256
6
ByLayer
370
-1
48
1.0
60
0
100
AcDbLine
10
165.856002807617
20
99.6640014648438
30
0.0
11
165.856002807617
21
97.9140014648438
31
0.0
39
0.0
210
0.0
220
0.0
230
1.0
0
LINE
5
6C4
330
17
100
AcDbEntity
67
0
8
0
62
256
6
ByLayer
370
-1
48
1.0
60
0
100
AcDbLine
10
168.039993286133
20
97.5410003662109
30
0.0
11
168.718994140625
21
100.050003051758
31
0.0
39
0.0
210
0.0
220
0.0
230
1.0
0
LINE
5
6C5
330
17
100
AcDbEntity
67
0
8
0
62
256
6
ByLayer
370
-1
48
1.0
60
0
100
AcDbLine
10
168.718994140625
20
100.050003051758
30
0.0
11
167.871994018555
21
100.539001464844
31
0.0
39
0.0
210
0.0
220
0.0
230
1.0
0
LINE
5
6C6
330
17
100
AcDbEntity
67
0
8
0
62
256
6
ByLayer
370
-1
48
1.0
60
0
100
AcDbLine
10
167.871994018555
20
100.539001464844
30
0.0
11
166.356002807617
21
99.6640014648438
31
0.0
39
0.0
210
0.0
220
0.0
230
1.0
0
LINE
5
6C7
330
17
100
AcDbEntity
67
0
8
0
62
256
6
ByLayer
370
-1
48
1.0
60
0
100
AcDbLine
10
166.356002807617
20
99.6640014648438
30
0.0
11
166.356002807617
21
97.9140014648438
31
0.0
39
0.0
210
0.0
220
0.0
230
1.0
0
LINE
5
6C8
330
17
100
AcDbEntity
67
0
8
0
62
256
6
ByLayer
370
-1
48
1.0
60
0
100
AcDbLine
10
166.356002807617
20
97.9140014648438
30
0.0
11
167.871994018555
21
97.0390014648438
31
0.0
39
0.0
210
0.0
220
0.0
230
1.0
0
LINE
5
6C9
330
17
100
AcDbEntity
67
0
8
0
62
256
6
ByLayer
370
-1
48
1.0
60
0
100
AcDbLine
10
167.871994018555
20
97.0390014648438
30
0.0
11
167.975997924805
21
97.0999984741211
31
0.0
39
0.0
210
0.0
220
0.0
230
1.0
0
LINE
5
6CA
330
17
100
AcDbEntity
67
0
8
0
62
256
6
ByLayer
370
-1
48
1.0
60
0
100
AcDbLine
10
167.975997924805
20
97.0999984741211
30
0.0
11
168.039993286133
21
97.5410003662109
31
0.0
39
0.0
210
0.0
220
0.0
230
1.0
0
LINE
5
6CB
330
17
100
AcDbEntity
67
0
8
0
62
256
6
ByLayer
370
-1
48
1.0
60
0
100
AcDbLine
10
127.721000671387
20
95.8369979858398
30
0.0
11
127.012001037598
21
94.1269989013672
31
0.0
39
0.0
210
0.0
220
0.0
230
1.0
0
LINE
5
6CC
330
17
100
AcDbEntity
67
0
8
0
62
256
6
ByLayer
370
-1
48
1.0
60
0
100
AcDbLine
10
127.012001037598
20
94.1269989013672
30
0.0
11
127.263999938965
21
93.9810028076172
31
0.0
39
0.0
210
0.0
220
0.0
230
1.0
0
LINE
5
6CD
330
17
100
AcDbEntity
67
0
8
0
62
256
6
ByLayer
370
-1
48
1.0
60
0
100
AcDbLine
10
127.263999938965
20
93.9810028076172
30
0.0
11
128.779998779297
21
94.8560028076172
31
0.0
39
0.0
210
0.0
220
0.0
230
1.0
0
LINE
5
6CE
330
17
100
AcDbEntity
67
0
8
0
62
256
6
ByLayer
370
-1
48
1.0
60
0
100
AcDbLine
10
128.779998779297
20
94.8560028076172
30
0.0
11
128.779998779297
21
96.6060028076172
31
0.0
39
0.0
210
0.0
220
0.0
230
1.0
0
LINE
5
6CF
330
17
100
AcDbEntity
67
0
8
0
62
256
6
ByLayer
370
-1
48
1.0
60
0
100
AcDbLine
10
128.779998779297
20
96.6060028076172
30
0.0
11
128.07600402832
21
97.0130004882813
31
0.0
39
0.0
210
0.0
220
0.0
230
1.0
0
LINE
5
6D0
330
17
100
AcDbEntity
67
0
8
0
62
256
6
ByLayer
370
-1
48
1.0
60
0
100
AcDbLine
10
128.07600402832
20
97.0130004882813
30
0.0
11
127.721000671387
21
95.8369979858398
31
0.0
39
0.0
210
0.0
220
0.0
230
1.0
0
LINE
5
6D1
330
17
100
AcDbEntity
67
0
8
0
62
256
6
ByLayer
370
-1
48
1.0
60
0
100
AcDbLine
10
132.311004638672
20
94.8560028076172
30
0.0
11
130.794998168945
21
93.9810028076172
31
0.0
39
0.0
210
0.0
220
0.0
230
1.0
0
LINE
5
6D2
330
17
100
AcDbEntity
67
0
8
0
62
256
6
ByLayer
370
-1
48
1.0
60
0
100
AcDbLine
10
130.794998168945
20
93.9810028076172
30
0.0
11
129.279998779297
21
94.8560028076172
31
0.0
39
0.0
210
0.0
220
0.0
230
1.0
0
LINE
5
6D3
330
17
100
AcDbEntity
67
0
8
0
62
256
6
ByLayer
370
-1
48
1.0
60
0
100
AcDbLine
10
129.279998779297
20
94.8560028076172
30
0.0
11
129.279998779297
21
96.6060028076172
31
0.0
39
0.0
210
0.0
220
0.0
230
1.0
0
LINE
5
6D4
330
17
100
AcDbEntity
67
0
8
0
62
256
6
ByLayer
370
-1
48
1.0
60
0
100
AcDbLine
10
129.279998779297
20
96.6060028076172
30
0.0
11
130.794998168945
21
97.4810028076172
31
0.0
39
0.0
210
0.0
220
0.0
230
1.0
0
LINE
5
6D5
330
17
100
AcDbEntity
67
0
8
0
62
256
6
ByLayer
370
-1
48
1.0
60
0
100
AcDbLine
10
130.794998168945
20
97.4810028076172
30
0.0
11
132.311004638672
21
96.6060028076172
31
0.0
39
0.0
210
0.0
220
0.0
230
1.0
0
LINE
5
6D6
330
17
100
AcDbEntity
67
0
8
0
62
256
6
ByLayer
370
-1
48
1.0
60
0
100
AcDbLine
10
132.311004638672
20
96.6060028076172
30
0.0
11
132.311004638672
21
94.8560028076172
31
0.0
39
0.0
210
0.0
220
0.0
230
1.0
0
LINE
5
6D7
330
17
100
AcDbEntity
67
0
8
0
62
256
6
ByLayer
370
-1
48
1.0
60
0
100
AcDbLine
10
133.561004638672
20
97.0400009155273
30
0.0
11
132.811004638672
21
96.6060028076172
31
0.0
39
0.0
210
0.0
220
0.0
230
1.0
0
LINE
5
6D8
330
17
100
AcDbEntity
67
0
8
0
62
256
6
ByLayer
370
-1
48
1.0
60
0
100
AcDbLine
10
132.811004638672
20
96.6060028076172
30
0.0
11
132.811004638672
21
94.8560028076172
31
0.0
39
0.0
210
0.0
220
0.0
230
1.0
0
LINE
5
6D9
330
17
100
AcDbEntity
67
0
8
0
62
256
6
ByLayer
370
-1
48
1.0
60
0
100
AcDbLine
10
132.811004638672
20
94.8560028076172
30
0.0
11
134.32600402832
21
93.9810028076172
31
0.0
39
0.0
210
0.0
220
0.0
230
1.0
0
LINE
5
6DA
330
17
100
AcDbEntity
67
0
8
0
62
256
6
ByLayer
370
-1
48
1.0
60
0
100
AcDbLine
10
134.32600402832
20
93.9810028076172
30
0.0
11
135.841995239258
21
94.8560028076172
31
0.0
39
0.0
210
0.0
220
0.0
230
1.0
0
LINE
5
6DB
330
17
100
AcDbEntity
67
0
8
0
62
256
6
ByLayer
370
-1
48
1.0
60
0
100
AcDbLine
10
135.841995239258
20
94.8560028076172
30
0.0
11
135.841995239258
21
96.3499984741211
31
0.0
39
0.0
210
0.0
220
0.0
230
1.0
0
LINE
5
6DC
330
17
100
AcDbEntity
67
0
8
0
62
256
6
ByLayer
370
-1
48
1.0
60
0
100
AcDbLine
10
135.841995239258
20
96.3499984741211
30
0.0
11
133.561004638672
21
97.0400009155273
31
0.0
39
0.0
210
0.0
220
0.0
230
1.0
0
LINE
5
6DD
330
17
100
AcDbEntity
67
0
8
0
62
256
6
ByLayer
370
-1
48
1.0
60
0
100
AcDbLine
10
137.188995361328
20
97.0899963378906
30
0.0
11
136.958999633789
21
96.7949981689453
31
0.0
39
0.0
210
0.0
220
0.0
230
1.0
0
LINE
5
6DE
330
17
100
AcDbEntity
67
0
8
0
62
256
6
ByLayer
370
-1
48
1.0
60
0
100
AcDbLine
10
136.958999633789
20
96.7949981689453
30
0.0
11
136.753005981445
21
96.5660018920898
31
0.0
39
0.0
210
0.0
220
0.0
230
1.0
0
LINE
5
6DF
330
17
100
AcDbEntity
67
0
8
0
62
256
6
ByLayer
370
-1
48
1.0
60
0
100
AcDbLine
10
136.753005981445
20
96.5660018920898
30
0.0
11
136.445007324219
21
96.286003112793
31
0.0
39
0.0
210
0.0
220
0.0
230
1.0
0
LINE
5
6E0
330
17
100
AcDbEntity
67
0
8
0
62
256
6
ByLayer
370
-1
48
1.0
60
0
100
AcDbLine
10
136.445007324219
20
96.286003112793
30
0.0
11
136.341995239258
21
96.2119979858398
31
0.0
39
0.0
210
0.0
220
0.0
230
1.0
0
LINE
5
6E1
330
17
100
AcDbEntity
67
0
8
0
62
256
6
ByLayer
370
-1
48
1.0
60
0
100
AcDbLine
10
136.341995239258
20
96.2119979858398
30
0.0
11
136.341995239258
21
94.8560028076172
31
0.0
39
0.0
210
0.0
220
0.0
230
1.0
0
LINE
5
6E2
330
17
100
AcDbEntity
67
0
8
0
62
256
6
ByLayer
370
-1
48
1.0
60
0
100
AcDbLine
10
136.341995239258
20
94.8560028076172
30
0.0
11
137.856994628906
21
93.9810028076172
31
0.0
39
0.0
210
0.0
220
0.0
230
1.0
0
LINE
5
6E3
330
17
100
AcDbEntity
67
0
8
0
62
256
6
ByLayer
370
-1
48
1.0
60
0
100
AcDbLine
10
137.856994628906
20
93.9810028076172
30
0.0
11
139.373001098633
21
94.8560028076172
31
0.0
39
0.0
210
0.0
220
0.0
230
1.0
0
LINE
5
6E4
330
17
100
AcDbEntity
67
0
8
0
62
256
6
ByLayer
370
-1
48
1.0
60
0
100
AcDbLine
10
139.373001098633
20
94.8560028076172
30
0.0
11
139.373001098633
21
96.6060028076172
31
0.0
39
0.0
210
0.0
220
0.0
230
1.0
0
LINE
5
6E5
330
17
100
AcDbEntity
67
0
8
0
62
256
6
ByLayer
370
-1
48
1.0
60
0
100
AcDbLine
10
139.373001098633
20
96.6060028076172
30
0.0
11
137.856994628906
21
97.4810028076172
31
0.0
39
0.0
210
0.0
220
0.0
230
1.0
0
LINE
5
6E6
330
17
100
AcDbEntity
67
0
8
0
62
256
6
ByLayer
370
-1
48
1.0
60
0
100
AcDbLine
10
137.856994628906
20
97.4810028076172
30
0.0
11
137.188995361328
21
97.0899963378906
31
0.0
39
0.0
210
0.0
220
0.0
230
1.0
0
LINE
5
6E7
330
17
100
AcDbEntity
67
0
8
0
62
256
6
ByLayer
370
-1
48
1.0
60
0
100
AcDbLine
10
142.904006958008
20
94.8560028076172
30
0.0
11
141.388000488281
21
93.9810028076172
31
0.0
39
0.0
210
0.0
220
0.0
230
1.0
0
LINE
5
6E8
330
17
100
AcDbEntity
67
0
8
0
62
256
6
ByLayer
370
-1
48
1.0
60
0
100
AcDbLine
10
141.388000488281
20
93.9810028076172
30
0.0
11
139.873001098633
21
94.8560028076172
31
0.0
39
0.0
210
0.0
220
0.0
230
1.0
0
LINE
5
6E9
330
17
100
AcDbEntity
67
0
8
0
62
256
6
ByLayer
370
-1
48
1.0
60
0
100
AcDbLine
10
139.873001098633
20
94.8560028076172
30
0.0
11
139.873001098633
21
96.6060028076172
31
0.0
39
0.0
210
0.0
220
0.0
230
1.0
0
LINE
5
6EA
330
17
100
AcDbEntity
67
0
8
0
62
256
6
ByLayer
370
-1
48
1.0
60
0
100
AcDbLine
10
139.873001098633
20
96.6060028076172
30
0.0
11
141.388000488281
21
97.4810028076172
31
0.0
39
0.0
210
0.0
220
0.0
230
1.0
0
LINE
5
6EB
330
17
100
AcDbEntity
67
0
8
0
62
256
6
ByLayer
370
-1
48
1.0
60
0
100
AcDbLine
10
141.388000488281
20
97.4810028076172
30
0.0
11
142.904006958008
21
96.6060028076172
31
0.0
39
0.0
210
0.0
220
0.0
230
1.0
0
LINE
5
6EC
330
17
100
AcDbEntity
67
0
8
0
62
256
6
ByLayer
370
-1
48
1.0
60
0
100
AcDbLine
10
142.904006958008
20
96.6060028076172
30
0.0
11
142.904006958008
21
94.8560028076172
31
0.0
39
0.0
210
0.0
220
0.0
230
1.0
0
LINE
5
6ED
330
17
100
AcDbEntity
67
0
8
0
62
256
6
ByLayer
370
-1
48
1.0
60
0
100
AcDbLine
10
146.434997558594
20
94.8560028076172
30
0.0
11
144.919998168945
21
93.9810028076172
31
0.0
39
0.0
210
0.0
220
0.0
230
1.0
0
LINE
5
6EE
330
17
100
AcDbEntity
67
0
8
0
62
256
6
ByLayer
370
-1
48
1.0
60
0
100
AcDbLine
10
144.919998168945
20
93.9810028076172
30
0.0
11
143.404006958008
21
94.8560028076172
31
0.0
39
0.0
210
0.0
220
0.0
230
1.0
0
LINE
5
6EF
330
17
100
AcDbEntity
67
0
8
0
62
256
6
ByLayer
370
-1
48
1.0
60
0
100
AcDbLine
10
143.404006958008
20
94.8560028076172
30
0.0
11
143.404006958008
21
96.6060028076172
31
0.0
39
0.0
210
0.0
220
0.0
230
1.0
0
LINE
5
6F0
330
17
100
AcDbEntity
67
0
8
0
62
256
6
ByLayer
370
-1
48
1.0
60
0
100
AcDbLine
10
143.404006958008
20
96.6060028076172
30
0.0
11
144.919998168945
21
97.4810028076172
31
0.0
39
0.0
210
0.0
220
0.0
230
1.0
0
LINE
5
6F1
330
17
100
AcDbEntity
67
0
8
0
62
256
6
ByLayer
370
-1
48
1.0
60
0
100
AcDbLine
10
144.919998168945
20
97.4810028076172
30
0.0
11
146.434997558594
21
96.6060028076172
31
0.0
39
0.0
210
0.0
220
0.0
230
1.0
0
LINE
5
6F2
330
17
100
AcDbEntity
67
0
8
0
62
256
6
ByLayer
370
-1
48
1.0
60
0
100
AcDbLine
10
146.434997558594
20
96.6060028076172
30
0.0
11
146.434997558594
21
94.8560028076172
31
0.0
39
0.0
210
0.0
220
0.0
230
1.0
0
LINE
5
6F3
330
17
100
AcDbEntity
67
0
8
0
62
256
6
ByLayer
370
-1
48
1.0
60
0
100
AcDbLine
10
149.966003417969
20
94.8560028076172
30
0.0
11
148.45100402832
21
93.9810028076172
31
0.0
39
0.0
210
0.0
220
0.0
230
1.0
0
LINE
5
6F4
330
17
100
AcDbEntity
67
0
8
0
62
256
6
ByLayer
370
-1
48
1.0
60
0
100
AcDbLine
10
148.45100402832
20
93.9810028076172
30
0.0
11
146.934997558594
21
94.8560028076172
31
0.0
39
0.0
210
0.0
220
0.0
230
1.0
0
LINE
5
6F5
330
17
100
AcDbEntity
67
0
8
0
62
256
6
ByLayer
370
-1
48
1.0
60
0
100
AcDbLine
10
146.934997558594
20
94.8560028076172
30
0.0
11
146.934997558594
21
96.6060028076172
31
0.0
39
0.0
210
0.0
220
0.0
230
1.0
0
LINE
5
6F6
330
17
100
AcDbEntity
67
0
8
0
62
256
6
ByLayer
370
-1
48
1.0
60
0
100
AcDbLine
10
146.934997558594
20
96.6060028076172
30
0.0
11
148.45100402832
21
97.4810028076172
31
0.0
39
0.0
210
0.0
220
0.0
230
1.0
0
LINE
5
6F7
330
17
100
AcDbEntity
67
0
8
0
62
256
6
ByLayer
370
-1
48
1.0
60
0
100
AcDbLine
10
148.45100402832
20
97.4810028076172
30
0.0
11
149.966003417969
21
96.6060028076172
31
0.0
39
0.0
210
0.0
220
0.0
230
1.0
0
LINE
5
6F8
330
17
100
AcDbEntity
67
0
8
0
62
256
6
ByLayer
370
-1
48
1.0
60
0
100
AcDbLine
10
149.966003417969
20
96.6060028076172
30
0.0
11
149.966003417969
21
94.8560028076172
31
0.0
39
0.0
210
0.0
220
0.0
230
1.0
0
LINE
5
6F9
330
17
100
AcDbEntity
67
0
8
0
62
256
6
ByLayer
370
-1
48
1.0
60
0
100
AcDbLine
10
153.496994018555
20
94.8560028076172
30
0.0
11
151.981994628906
21
93.9810028076172
31
0.0
39
0.0
210
0.0
220
0.0
230
1.0
0
LINE
5
6FA
330
17
100
AcDbEntity
67
0
8
0
62
256
6
ByLayer
370
-1
48
1.0
60
0
100
AcDbLine
10
151.981994628906
20
93.9810028076172
30
0.0
11
150.466003417969
21
94.8560028076172
31
0.0
39
0.0
210
0.0
220
0.0
230
1.0
0
LINE
5
6FB
330
17
100
AcDbEntity
67
0
8
0
62
256
6
ByLayer
370
-1
48
1.0
60
0
100
AcDbLine
10
150.466003417969
20
94.8560028076172
30
0.0
11
150.466003417969
21
96.6060028076172
31
0.0
39
0.0
210
0.0
220
0.0
230
1.0
0
LINE
5
6FC
330
17
100
AcDbEntity
67
0
8
0
62
256
6
ByLayer
370
-1
48
1.0
60
0
100
AcDbLine
10
150.466003417969
20
96.6060028076172
30
0.0
11
151.981994628906
21
97.4810028076172
31
0.0
39
0.0
210
0.0
220
0.0
230
1.0
0
LINE
5
6FD
330
17
100
AcDbEntity
67
0
8
0
62
256
6
ByLayer
370
-1
48
1.0
60
0
100
AcDbLine
10
151.981994628906
20
97.4810028076172
30
0.0
11
153.496994018555
21
96.6060028076172
31
0.0
39
0.0
210
0.0
220
0.0
230
1.0
0
LINE
5
6FE
330
17
100
AcDbEntity
67
0
8
0
62
256
6
ByLayer
370
-1
48
1.0
60
0
100
AcDbLine
10
153.496994018555
20
96.6060028076172
30
0.0
11
153.496994018555
21
94.8560028076172
31
0.0
39
0.0
210
0.0
220
0.0
230
1.0
0
LINE
5
6FF
330
17
100
AcDbEntity
67
0
8
0
62
256
6
ByLayer
370
-1
48
1.0
60
0
100
AcDbLine
10
157.02799987793
20
94.8560028076172
30
0.0
11
155.513000488281
21
93.9810028076172
31
0.0
39
0.0
210
0.0
220
0.0
230
1.0
0
LINE
5
700
330
17
100
AcDbEntity
67
0
8
0
62
256
6
ByLayer
370
-1
48
1.0
60
0
100
AcDbLine
10
155.513000488281
20
93.9810028076172
30
0.0
11
153.996994018555
21
94.8560028076172
31
0.0
39
0.0
210
0.0
220
0.0
230
1.0
0
LINE
5
701
330
17
100
AcDbEntity
67
0
8
0
62
256
6
ByLayer
370
-1
48
1.0
60
0
100
AcDbLine
10
153.996994018555
20
94.8560028076172
30
0.0
11
153.996994018555
21
96.6060028076172
31
0.0
39
0.0
210
0.0
220
0.0
230
1.0
0
LINE
5
702
330
17
100
AcDbEntity
67
0
8
0
62
256
6
ByLayer
370
-1
48
1.0
60
0
100
AcDbLine
10
153.996994018555
20
96.6060028076172
30
0.0
11
155.513000488281
21
97.4810028076172
31
0.0
39
0.0
210
0.0
220
0.0
230
1.0
0
LINE
5
703
330
17
100
AcDbEntity
67
0
8
0
62
256
6
ByLayer
370
-1
48
1.0
60
0
100
AcDbLine
10
155.513000488281
20
97.4810028076172
30
0.0
11
157.02799987793
21
96.6060028076172
31
0.0
39
0.0
210
0.0
220
0.0
230
1.0
0
LINE
5
704
330
17
100
AcDbEntity
67
0
8
0
62
256
6
ByLayer
370
-1
48
1.0
60
0
100
AcDbLine
10
157.02799987793
20
96.6060028076172
30
0.0
11
157.02799987793
21
94.8560028076172
31
0.0
39
0.0
210
0.0
220
0.0
230
1.0
0
LINE
5
705
330
17
100
AcDbEntity
67
0
8
0
62
256
6
ByLayer
370
-1
48
1.0
60
0
100
AcDbLine
10
160.559005737305
20
94.8560028076172
30
0.0
11
159.044006347656
21
93.9810028076172
31
0.0
39
0.0
210
0.0
220
0.0
230
1.0
0
LINE
5
706
330
17
100
AcDbEntity
67
0
8
0
62
256
6
ByLayer
370
-1
48
1.0
60
0
100
AcDbLine
10
159.044006347656
20
93.9810028076172
30
0.0
11
157.52799987793
21
94.8560028076172
31
0.0
39
0.0
210
0.0
220
0.0
230
1.0
0
LINE
5
707
330
17
100
AcDbEntity
67
0
8
0
62
256
6
ByLayer
370
-1
48
1.0
60
0
100
AcDbLine
10
157.52799987793
20
94.8560028076172
30
0.0
11
157.52799987793
21
96.6060028076172
31
0.0
39
0.0
210
0.0
220
0.0
230
1.0
0
LINE
5
708
330
17
100
AcDbEntity
67
0
8
0
62
256
6
ByLayer
370
-1
48
1.0
60
0
100
AcDbLine
10
157.52799987793
20
96.6060028076172
30
0.0
11
159.044006347656
21
97.4810028076172
31
0.0
39
0.0
210
0.0
220
0.0
230
1.0
0
LINE
5
709
330
17
100
AcDbEntity
67
0
8
0
62
256
6
ByLayer
370
-1
48
1.0
60
0
100
AcDbLine
10
159.044006347656
20
97.4810028076172
30
0.0
11
160.559005737305
21
96.6060028076172
31
0.0
39
0.0
210
0.0
220
0.0
230
1.0
0
LINE
5
70A
330
17
100
AcDbEntity
67
0
8
0
62
256
6
ByLayer
370
-1
48
1.0
60
0
100
AcDbLine
10
160.559005737305
20
96.6060028076172
30
0.0
11
160.559005737305
21
94.8560028076172
31
0.0
39
0.0
210
0.0
220
0.0
230
1.0
0
LINE
5
70B
330
17
100
AcDbEntity
67
0
8
0
62
256
6
ByLayer
370
-1
48
1.0
60
0
100
AcDbLine
10
164.091003417969
20
94.8560028076172
30
0.0
11
162.574996948242
21
93.9810028076172
31
0.0
39
0.0
210
0.0
220
0.0
230
1.0
0
LINE
5
70C
330
17
100
AcDbEntity
67
0
8
0
62
256
6
ByLayer
370
-1
48
1.0
60
0
100
AcDbLine
10
162.574996948242
20
93.9810028076172
30
0.0
11
161.059005737305
21
94.8560028076172
31
0.0
39
0.0
210
0.0
220
0.0
230
1.0
0
LINE
5
70D
330
17
100
AcDbEntity
67
0
8
0
62
256
6
ByLayer
370
-1
48
1.0
60
0
100
AcDbLine
10
161.059005737305
20
94.8560028076172
30
0.0
11
161.059005737305
21
96.6060028076172
31
0.0
39
0.0
210
0.0
220
0.0
230
1.0
0
LINE
5
70E
330
17
100
AcDbEntity
67
0
8
0
62
256
6
ByLayer
370
-1
48
1.0
60
0
100
AcDbLine
10
161.059005737305
20
96.6060028076172
30
0.0
11
162.574996948242
21
97.4810028076172
31
0.0
39
0.0
210
0.0
220
0.0
230
1.0
0
LINE
5
70F
330
17
100
AcDbEntity
67
0
8
0
62
256
6
ByLayer
370
-1
48
1.0
60
0
100
AcDbLine
10
162.574996948242
20
97.4810028076172
30
0.0
11
164.091003417969
21
96.6060028076172
31
0.0
39
0.0
210
0.0
220
0.0
230
1.0
0
LINE
5
710
330
17
100
AcDbEntity
67
0
8
0
62
256
6
ByLayer
370
-1
48
1.0
60
0
100
AcDbLine
10
164.091003417969
20
96.6060028076172
30
0.0
11
164.091003417969
21
94.8560028076172
31
0.0
39
0.0
210
0.0
220
0.0
230
1.0
0
LINE
5
711
330
17
100
AcDbEntity
67
0
8
0
62
256
6
ByLayer
370
-1
48
1.0
60
0
100
AcDbLine
10
167.621994018555
20
94.8560028076172
30
0.0
11
166.106002807617
21
93.9810028076172
31
0.0
39
0.0
210
0.0
220
0.0
230
1.0
0
LINE
5
712
330
17
100
AcDbEntity
67
0
8
0
62
256
6
ByLayer
370
-1
48
1.0
60
0
100
AcDbLine
10
166.106002807617
20
93.9810028076172
30
0.0
11
164.591003417969
21
94.8560028076172
31
0.0
39
0.0
210
0.0
220
0.0
230
1.0
0
LINE
5
713
330
17
100
AcDbEntity
67
0
8
0
62
256
6
ByLayer
370
-1
48
1.0
60
0
100
AcDbLine
10
164.591003417969
20
94.8560028076172
30
0.0
11
164.591003417969
21
96.6060028076172
31
0.0
39
0.0
210
0.0
220
0.0
230
1.0
0
LINE
5
714
330
17
100
AcDbEntity
67
0
8
0
62
256
6
ByLayer
370
-1
48
1.0
60
0
100
AcDbLine
10
164.591003417969
20
96.6060028076172
30
0.0
11
166.106002807617
21
97.4810028076172
31
0.0
39
0.0
210
0.0
220
0.0
230
1.0
0
LINE
5
715
330
17
100
AcDbEntity
67
0
8
0
62
256
6
ByLayer
370
-1
48
1.0
60
0
100
AcDbLine
10
166.106002807617
20
97.4810028076172
30
0.0
11
167.621994018555
21
96.6060028076172
31
0.0
39
0.0
210
0.0
220
0.0
230
1.0
0
LINE
5
716
330
17
100
AcDbEntity
67
0
8
0
62
256
6
ByLayer
370
-1
48
1.0
60
0
100
AcDbLine
10
167.621994018555
20
96.6060028076172
30
0.0
11
167.621994018555
21
94.8560028076172
31
0.0
39
0.0
210
0.0
220
0.0
230
1.0
0
LINE
5
717
330
17
100
AcDbEntity
67
0
8
0
62
256
6
ByLayer
370
-1
48
1.0
60
0
100
AcDbLine
10
126.733001708984
20
93.4530029296875
30
0.0
11
125.585998535156
21
91.379997253418
31
0.0
39
0.0
210
0.0
220
0.0
230
1.0
0
LINE
5
718
330
17
100
AcDbEntity
67
0
8
0
62
256
6
ByLayer
370
-1
48
1.0
60
0
100
AcDbLine
10
125.585998535156
20
91.379997253418
30
0.0
11
125.325996398926
21
91.0230026245117
31
0.0
39
0.0
210
0.0
220
0.0
230
1.0
0
LINE
5
719
330
17
100
AcDbEntity
67
0
8
0
62
256
6
ByLayer
370
-1
48
1.0
60
0
100
AcDbLine
10
125.325996398926
20
91.0230026245117
30
0.0
11
125.499000549316
21
90.9229965209961
31
0.0
39
0.0
210
0.0
220
0.0
230
1.0
0
LINE
5
71A
330
17
100
AcDbEntity
67
0
8
0
62
256
6
ByLayer
370
-1
48
1.0
60
0
100
AcDbLine
10
125.499000549316
20
90.9229965209961
30
0.0
11
127.013999938965
21
91.7979965209961
31
0.0
39
0.0
210
0.0
220
0.0
230
1.0
0
LINE
5
71B
330
17
100
AcDbEntity
67
0
8
0
62
256
6
ByLayer
370
-1
48
1.0
60
0
100
AcDbLine
10
127.013999938965
20
91.7979965209961
30
0.0
11
127.013999938965
21
93.5479965209961
31
0.0
39
0.0
210
0.0
220
0.0
230
1.0
0
LINE
5
71C
330
17
100
AcDbEntity
67
0
8
0
62
256
6
ByLayer
370
-1
48
1.0
60
0
100
AcDbLine
10
127.013999938965
20
93.5479965209961
30
0.0
11
126.819000244141
21
93.661003112793
31
0.0
39
0.0
210
0.0
220
0.0
230
1.0
0
LINE
5
71D
330
17
100
AcDbEntity
67
0
8
0
62
256
6
ByLayer
370
-1
48
1.0
60
0
100
AcDbLine
10
126.819000244141
20
93.661003112793
30
0.0
11
126.733001708984
21
93.4530029296875
31
0.0
39
0.0
210
0.0
220
0.0
230
1.0
0
LINE
5
71E
330
17
100
AcDbEntity
67
0
8
0
62
256
6
ByLayer
370
-1
48
1.0
60
0
100
AcDbLine
10
130.544998168945
20
91.7979965209961
30
0.0
11
129.029998779297
21
90.9229965209961
31
0.0
39
0.0
210
0.0
220
0.0
230
1.0
0
LINE
5
71F
330
17
100
AcDbEntity
67
0
8
0
62
256
6
ByLayer
370
-1
48
1.0
60
0
100
AcDbLine
10
129.029998779297
20
90.9229965209961
30
0.0
11
127.513999938965
21
91.7979965209961
31
0.0
39
0.0
210
0.0
220
0.0
230
1.0
0
LINE
5
720
330
17
100
AcDbEntity
67
0
8
0
62
256
6
ByLayer
370
-1
48
1.0
60
0
100
AcDbLine
10
127.513999938965
20
91.7979965209961
30
0.0
11
127.513999938965
21
93.5479965209961
31
0.0
39
0.0
210
0.0
220
0.0
230
1.0
0
LINE
5
721
330
17
100
AcDbEntity
67
0
8
0
62
256
6
ByLayer
370
-1
48
1.0
60
0
100
AcDbLine
10
127.513999938965
20
93.5479965209961
30
0.0
11
129.029998779297
21
94.4229965209961
31
0.0
39
0.0
210
0.0
220
0.0
230
1.0
0
LINE
5
722
330
17
100
AcDbEntity
67
0
8
0
62
256
6
ByLayer
370
-1
48
1.0
60
0
100
AcDbLine
10
129.029998779297
20
94.4229965209961
30
0.0
11
130.544998168945
21
93.5479965209961
31
0.0
39
0.0
210
0.0
220
0.0
230
1.0
0
LINE
5
723
330
17
100
AcDbEntity
67
0
8
0
62
256
6
ByLayer
370
-1
48
1.0
60
0
100
AcDbLine
10
130.544998168945
20
93.5479965209961
30
0.0
11
130.544998168945
21
91.7979965209961
31
0.0
39
0.0
210
0.0
220
0.0
230
1.0
0
LINE
5
724
330
17
100
AcDbEntity
67
0
8
0
62
256
6
ByLayer
370
-1
48
1.0
60
0
100
AcDbLine
10
134.07600402832
20
91.7979965209961
30
0.0
11
132.561004638672
21
90.9229965209961
31
0.0
39
0.0
210
0.0
220
0.0
230
1.0
0
LINE
5
725
330
17
100
AcDbEntity
67
0
8
0
62
256
6
ByLayer
370
-1
48
1.0
60
0
100
AcDbLine
10
132.561004638672
20
90.9229965209961
30
0.0
11
131.044998168945
21
91.7979965209961
31
0.0
39
0.0
210
0.0
220
0.0
230
1.0
0
LINE
5
726
330
17
100
AcDbEntity
67
0
8
0
62
256
6
ByLayer
370
-1
48
1.0
60
0
100
AcDbLine
10
131.044998168945
20
91.7979965209961
30
0.0
11
131.044998168945
21
93.5479965209961
31
0.0
39
0.0
210
0.0
220
0.0
230
1.0
0
LINE
5
727
330
17
100
AcDbEntity
67
0
8
0
62
256
6
ByLayer
370
-1
48
1.0
60
0
100
AcDbLine
10
131.044998168945
20
93.5479965209961
30
0.0
11
132.561004638672
21
94.4229965209961
31
0.0
39
0.0
210
0.0
220
0.0
230
1.0
0
LINE
5
728
330
17
100
AcDbEntity
67
0
8
0
62
256
6
ByLayer
370
-1
48
1.0
60
0
100
AcDbLine
10
132.561004638672
20
94.4229965209961
30
0.0
11
134.07600402832
21
93.5479965209961
31
0.0
39
0.0
210
0.0
220
0.0
230
1.0
0
LINE
5
729
330
17
100
AcDbEntity
67
0
8
0
62
256
6
ByLayer
370
-1
48
1.0
60
0
100
AcDbLine
10
134.07600402832
20
93.5479965209961
30
0.0
11
134.07600402832
21
91.7979965209961
31
0.0
39
0.0
210
0.0
220
0.0
230
1.0
0
LINE
5
72A
330
17
100
AcDbEntity
67
0
8
0
62
256
6
ByLayer
370
-1
48
1.0
60
0
100
AcDbLine
10
137.606994628906
20
91.7979965209961
30
0.0
11
136.091995239258
21
90.9229965209961
31
0.0
39
0.0
210
0.0
220
0.0
230
1.0
0
LINE
5
72B
330
17
100
AcDbEntity
67
0
8
0
62
256
6
ByLayer
370
-1
48
1.0
60
0
100
AcDbLine
10
136.091995239258
20
90.9229965209961
30
0.0
11
134.57600402832
21
91.7979965209961
31
0.0
39
0.0
210
0.0
220
0.0
230
1.0
0
LINE
5
72C
330
17
100
AcDbEntity
67
0
8
0
62
256
6
ByLayer
370
-1
48
1.0
60
0
100
AcDbLine
10
134.57600402832
20
91.7979965209961
30
0.0
11
134.57600402832
21
93.5479965209961
31
0.0
39
0.0
210
0.0
220
0.0
230
1.0
0
LINE
5
72D
330
17
100
AcDbEntity
67
0
8
0
62
256
6
ByLayer
370
-1
48
1.0
60
0
100
AcDbLine
10
134.57600402832
20
93.5479965209961
30
0.0
11
136.091995239258
21
94.4229965209961
31
0.0
39
0.0
210
0.0
220
0.0
230
1.0
0
LINE
5
72E
330
17
100
AcDbEntity
67
0
8
0
62
256
6
ByLayer
370
-1
48
1.0
60
0
100
AcDbLine
10
136.091995239258
20
94.4229965209961
30
0.0
11
137.606994628906
21
93.5479965209961
31
0.0
39
0.0
210
0.0
220
0.0
230
1.0
0
LINE
5
72F
330
17
100
AcDbEntity
67
0
8
0
62
256
6
ByLayer
370
-1
48
1.0
60
0
100
AcDbLine
10
137.606994628906
20
93.5479965209961
30
0.0
11
137.606994628906
21
91.7979965209961
31
0.0
39
0.0
210
0.0
220
0.0
230
1.0
0
LINE
5
730
330
17
100
AcDbEntity
67
0
8
0
62
256
6
ByLayer
370
-1
48
1.0
60
0
100
AcDbLine
10
141.138000488281
20
91.7979965209961
30
0.0
11
139.623001098633
21
90.9229965209961
31
0.0
39
0.0
210
0.0
220
0.0
230
1.0
0
LINE
5
731
330
17
100
AcDbEntity
67
0
8
0
62
256
6
ByLayer
370
-1
48
1.0
60
0
100
AcDbLine
10
139.623001098633
20
90.9229965209961
30
0.0
11
138.106994628906
21
91.7979965209961
31
0.0
39
0.0
210
0.0
220
0.0
230
1.0
0
LINE
5
732
330
17
100
AcDbEntity
67
0
8
0
62
256
6
ByLayer
370
-1
48
1.0
60
0
100
AcDbLine
10
138.106994628906
20
91.7979965209961
30
0.0
11
138.106994628906
21
93.5479965209961
31
0.0
39
0.0
210
0.0
220
0.0
230
1.0
0
LINE
5
733
330
17
100
AcDbEntity
67
0
8
0
62
256
6
ByLayer
370
-1
48
1.0
60
0
100
AcDbLine
10
138.106994628906
20
93.5479965209961
30
0.0
11
139.623001098633
21
94.4229965209961
31
0.0
39
0.0
210
0.0
220
0.0
230
1.0
0
LINE
5
734
330
17
100
AcDbEntity
67
0
8
0
62
256
6
ByLayer
370
-1
48
1.0
60
0
100
AcDbLine
10
139.623001098633
20
94.4229965209961
30
0.0
11
141.138000488281
21
93.5479965209961
31
0.0
39
0.0
210
0.0
220
0.0
230
1.0
0
LINE
5
735
330
17
100
AcDbEntity
67
0
8
0
62
256
6
ByLayer
370
-1
48
1.0
60
0
100
AcDbLine
10
141.138000488281
20
93.5479965209961
30
0.0
11
141.138000488281
21
91.7979965209961
31
0.0
39
0.0
210
0.0
220
0.0
230
1.0
0
LINE
5
736
330
17
100
AcDbEntity
67
0
8
0
62
256
6
ByLayer
370
-1
48
1.0
60
0
100
AcDbLine
10
144.669998168945
20
91.7979965209961
30
0.0
11
143.154006958008
21
90.9229965209961
31
0.0
39
0.0
210
0.0
220
0.0
230
1.0
0
LINE
5
737
330
17
100
AcDbEntity
67
0
8
0
62
256
6
ByLayer
370
-1
48
1.0
60
0
100
AcDbLine
10
143.154006958008
20
90.9229965209961
30
0.0
11
141.638000488281
21
91.7979965209961
31
0.0
39
0.0
210
0.0
220
0.0
230
1.0
0
LINE
5
738
330
17
100
AcDbEntity
67
0
8
0
62
256
6
ByLayer
370
-1
48
1.0
60
0
100
AcDbLine
10
141.638000488281
20
91.7979965209961
30
0.0
11
141.638000488281
21
93.5479965209961
31
0.0
39
0.0
210
0.0
220
0.0
230
1.0
0
LINE
5
739
330
17
100
AcDbEntity
67
0
8
0
62
256
6
ByLayer
370
-1
48
1.0
60
0
100
AcDbLine
10
141.638000488281
20
93.5479965209961
30
0.0
11
143.154006958008
21
94.4229965209961
31
0.0
39
0.0
210
0.0
220
0.0
230
1.0
0
LINE
5
73A
330
17
100
AcDbEntity
67
0
8
0
62
256
6
ByLayer
370
-1
48
1.0
60
0
100
AcDbLine
10
143.154006958008
20
94.4229965209961
30
0.0
11
144.669998168945
21
93.5479965209961
31
0.0
39
0.0
210
0.0
220
0.0
230
1.0
0
LINE
5
73B
330
17
100
AcDbEntity
67
0
8
0
62
256
6
ByLayer
370
-1
48
1.0
60
0
100
AcDbLine
10
144.669998168945
20
93.5479965209961
30
0.0
11
144.669998168945
21
91.7979965209961
31
0.0
39
0.0
210
0.0
220
0.0
230
1.0
0
LINE
5
73C
330
17
100
AcDbEntity
67
0
8
0
62
256
6
ByLayer
370
-1
48
1.0
60
0
100
AcDbLine
10
148.20100402832
20
91.7979965209961
30
0.0
11
146.684997558594
21
90.9229965209961
31
0.0
39
0.0
210
0.0
220
0.0
230
1.0
0
LINE
5
73D
330
17
100
AcDbEntity
67
0
8
0
62
256
6
ByLayer
370
-1
48
1.0
60
0
100
AcDbLine
10
146.684997558594
20
90.9229965209961
30
0.0
11
145.169998168945
21
91.7979965209961
31
0.0
39
0.0
210
0.0
220
0.0
230
1.0
0
LINE
5
73E
330
17
100
AcDbEntity
67
0
8
0
62
256
6
ByLayer
370
-1
48
1.0
60
0
100
AcDbLine
10
145.169998168945
20
91.7979965209961
30
0.0
11
145.169998168945
21
93.5479965209961
31
0.0
39
0.0
210
0.0
220
0.0
230
1.0
0
LINE
5
73F
330
17
100
AcDbEntity
67
0
8
0
62
256
6
ByLayer
370
-1
48
1.0
60
0
100
AcDbLine
10
145.169998168945
20
93.5479965209961
30
0.0
11
146.684997558594
21
94.4229965209961
31
0.0
39
0.0
210
0.0
220
0.0
230
1.0
0
LINE
5
740
330
17
100
AcDbEntity
67
0
8
0
62
256
6
ByLayer
370
-1
48
1.0
60
0
100
AcDbLine
10
146.684997558594
20
94.4229965209961
30
0.0
11
148.20100402832
21
93.5479965209961
31
0.0
39
0.0
210
0.0
220
0.0
230
1.0
0
LINE
5
741
330
17
100
AcDbEntity
67
0
8
0
62
256
6
ByLayer
370
-1
48
1.0
60
0
100
AcDbLine
10
148.20100402832
20
93.5479965209961
30
0.0
11
148.20100402832
21
91.7979965209961
31
0.0
39
0.0
210
0.0
220
0.0
230
1.0
0
LINE
5
742
330
17
100
AcDbEntity
67
0
8
0
62
256
6
ByLayer
370
-1
48
1.0
60
0
100
AcDbLine
10
151.731994628906
20
91.7979965209961
30
0.0
11
150.216003417969
21
90.9229965209961
31
0.0
39
0.0
210
0.0
220
0.0
230
1.0
0
LINE
5
743
330
17
100
AcDbEntity
67
0
8
0
62
256
6
ByLayer
370
-1
48
1.0
60
0
100
AcDbLine
10
150.216003417969
20
90.9229965209961
30
0.0
11
148.70100402832
21
91.7979965209961
31
0.0
39
0.0
210
0.0
220
0.0
230
1.0
0
LINE
5
744
330
17
100
AcDbEntity
67
0
8
0
62
256
6
ByLayer
370
-1
48
1.0
60
0
100
AcDbLine
10
148.70100402832
20
91.7979965209961
30
0.0
11
148.70100402832
21
93.5479965209961
31
0.0
39
0.0
210
0.0
220
0.0
230
1.0
0
LINE
5
745
330
17
100
AcDbEntity
67
0
8
0
62
256
6
ByLayer
370
-1
48
1.0
60
0
100
AcDbLine
10
148.70100402832
20
93.5479965209961
30
0.0
11
150.216003417969
21
94.4229965209961
31
0.0
39
0.0
210
0.0
220
0.0
230
1.0
0
LINE
5
746
330
17
100
AcDbEntity
67
0
8
0
62
256
6
ByLayer
370
-1
48
1.0
60
0
100
AcDbLine
10
150.216003417969
20
94.4229965209961
30
0.0
11
151.731994628906
21
93.5479965209961
31
0.0
39
0.0
210
0.0
220
0.0
230
1.0
0
LINE
5
747
330
17
100
AcDbEntity
67
0
8
0
62
256
6
ByLayer
370
-1
48
1.0
60
0
100
AcDbLine
10
151.731994628906
20
93.5479965209961
30
0.0
11
151.731994628906
21
91.7979965209961
31
0.0
39
0.0
210
0.0
220
0.0
230
1.0
0
LINE
5
748
330
17
100
AcDbEntity
67
0
8
0
62
256
6
ByLayer
370
-1
48
1.0
60
0
100
AcDbLine
10
155.263000488281
20
91.7979965209961
30
0.0
11
153.746994018555
21
90.9229965209961
31
0.0
39
0.0
210
0.0
220
0.0
230
1.0
0
LINE
5
749
330
17
100
AcDbEntity
67
0
8
0
62
256
6
ByLayer
370
-1
48
1.0
60
0
100
AcDbLine
10
153.746994018555
20
90.9229965209961
30
0.0
11
152.231994628906
21
91.7979965209961
31
0.0
39
0.0
210
0.0
220
0.0
230
1.0
0
LINE
5
74A
330
17
100
AcDbEntity
67
0
8
0
62
256
6
ByLayer
370
-1
48
1.0
60
0
100
AcDbLine
10
152.231994628906
20
91.7979965209961
30
0.0
11
152.231994628906
21
93.5479965209961
31
0.0
39
0.0
210
0.0
220
0.0
230
1.0
0
LINE
5
74B
330
17
100
AcDbEntity
67
0
8
0
62
256
6
ByLayer
370
-1
48
1.0
60
0
100
AcDbLine
10
152.231994628906
20
93.5479965209961
30
0.0
11
153.746994018555
21
94.4229965209961
31
0.0
39
0.0
210
0.0
220
0.0
230
1.0
0
LINE
5
74C
330
17
100
AcDbEntity
67
0
8
0
62
256
6
ByLayer
370
-1
48
1.0
60
0
100
AcDbLine
10
153.746994018555
20
94.4229965209961
30
0.0
11
155.263000488281
21
93.5479965209961
31
0.0
39
0.0
210
0.0
220
0.0
230
1.0
0
LINE
5
74D
330
17
100
AcDbEntity
67
0
8
0
62
256
6
ByLayer
370
-1
48
1.0
60
0
100
AcDbLine
10
155.263000488281
20
93.5479965209961
30
0.0
11
155.263000488281
21
91.7979965209961
31
0.0
39
0.0
210
0.0
220
0.0
230
1.0
0
LINE
5
74E
330
17
100
AcDbEntity
67
0
8
0
62
256
6
ByLayer
370
-1
48
1.0
60
0
100
AcDbLine
10
158.794006347656
20
91.7979965209961
30
0.0
11
157.27799987793
21
90.9229965209961
31
0.0
39
0.0
210
0.0
220
0.0
230
1.0
0
LINE
5
74F
330
17
100
AcDbEntity
67
0
8
0
62
256
6
ByLayer
370
-1
48
1.0
60
0
100
AcDbLine
10
157.27799987793
20
90.9229965209961
30
0.0
11
155.763000488281
21
91.7979965209961
31
0.0
39
0.0
210
0.0
220
0.0
230
1.0
0
LINE
5
750
330
17
100
AcDbEntity
67
0
8
0
62
256
6
ByLayer
370
-1
48
1.0
60
0
100
AcDbLine
10
155.763000488281
20
91.7979965209961
30
0.0
11
155.763000488281
21
93.5479965209961
31
0.0
39
0.0
210
0.0
220
0.0
230
1.0
0
LINE
5
751
330
17
100
AcDbEntity
67
0
8
0
62
256
6
ByLayer
370
-1
48
1.0
60
0
100
AcDbLine
10
155.763000488281
20
93.5479965209961
30
0.0
11
157.27799987793
21
94.4229965209961
31
0.0
39
0.0
210
0.0
220
0.0
230
1.0
0
LINE
5
752
330
17
100
AcDbEntity
67
0
8
0
62
256
6
ByLayer
370
-1
48
1.0
60
0
100
AcDbLine
10
157.27799987793
20
94.4229965209961
30
0.0
11
158.794006347656
21
93.5479965209961
31
0.0
39
0.0
210
0.0
220
0.0
230
1.0
0
LINE
5
753
330
17
100
AcDbEntity
67
0
8
0
62
256
6
ByLayer
370
-1
48
1.0
60
0
100
AcDbLine
10
158.794006347656
20
93.5479965209961
30
0.0
11
158.794006347656
21
91.7979965209961
31
0.0
39
0.0
210
0.0
220
0.0
230
1.0
0
LINE
5
754
330
17
100
AcDbEntity
67
0
8
0
62
256
6
ByLayer
370
-1
48
1.0
60
0
100
AcDbLine
10
162.324996948242
20
91.7979965209961
30
0.0
11
160.809005737305
21
90.9229965209961
31
0.0
39
0.0
210
0.0
220
0.0
230
1.0
0
LINE
5
755
330
17
100
AcDbEntity
67
0
8
0
62
256
6
ByLayer
370
-1
48
1.0
60
0
100
AcDbLine
10
160.809005737305
20
90.9229965209961
30
0.0
11
159.294006347656
21
91.7979965209961
31
0.0
39
0.0
210
0.0
220
0.0
230
1.0
0
LINE
5
756
330
17
100
AcDbEntity
67
0
8
0
62
256
6
ByLayer
370
-1
48
1.0
60
0
100
AcDbLine
10
159.294006347656
20
91.7979965209961
30
0.0
11
159.294006347656
21
93.5479965209961
31
0.0
39
0.0
210
0.0
220
0.0
230
1.0
0
LINE
5
757
330
17
100
AcDbEntity
67
0
8
0
62
256
6
ByLayer
370
-1
48
1.0
60
0
100
AcDbLine
10
159.294006347656
20
93.5479965209961
30
0.0
11
160.809005737305
21
94.4229965209961
31
0.0
39
0.0
210
0.0
220
0.0
230
1.0
0
LINE
5
758
330
17
100
AcDbEntity
67
0
8
0
62
256
6
ByLayer
370
-1
48
1.0
60
0
100
AcDbLine
10
160.809005737305
20
94.4229965209961
30
0.0
11
162.324996948242
21
93.5479965209961
31
0.0
39
0.0
210
0.0
220
0.0
230
1.0
0
LINE
5
759
330
17
100
AcDbEntity
67
0
8
0
62
256
6
ByLayer
370
-1
48
1.0
60
0
100
AcDbLine
10
162.324996948242
20
93.5479965209961
30
0.0
11
162.324996948242
21
91.7979965209961
31
0.0
39
0.0
210
0.0
220
0.0
230
1.0
0
LINE
5
75A
330
17
100
AcDbEntity
67
0
8
0
62
256
6
ByLayer
370
-1
48
1.0
60
0
100
AcDbLine
10
165.856002807617
20
91.7979965209961
30
0.0
11
164.341003417969
21
90.9229965209961
31
0.0
39
0.0
210
0.0
220
0.0
230
1.0
0
LINE
5
75B
330
17
100
AcDbEntity
67
0
8
0
62
256
6
ByLayer
370
-1
48
1.0
60
0
100
AcDbLine
10
164.341003417969
20
90.9229965209961
30
0.0
11
162.824996948242
21
91.7979965209961
31
0.0
39
0.0
210
0.0
220
0.0
230
1.0
0
LINE
5
75C
330
17
100
AcDbEntity
67
0
8
0
62
256
6
ByLayer
370
-1
48
1.0
60
0
100
AcDbLine
10
162.824996948242
20
91.7979965209961
30
0.0
11
162.824996948242
21
93.5479965209961
31
0.0
39
0.0
210
0.0
220
0.0
230
1.0
0
LINE
5
75D
330
17
100
AcDbEntity
67
0
8
0
62
256
6
ByLayer
370
-1
48
1.0
60
0
100
AcDbLine
10
162.824996948242
20
93.5479965209961
30
0.0
11
164.341003417969
21
94.4229965209961
31
0.0
39
0.0
210
0.0
220
0.0
230
1.0
0
LINE
5
75E
330
17
100
AcDbEntity
67
0
8
0
62
256
6
ByLayer
370
-1
48
1.0
60
0
100
AcDbLine
10
164.341003417969
20
94.4229965209961
30
0.0
11
165.856002807617
21
93.5479965209961
31
0.0
39
0.0
210
0.0
220
0.0
230
1.0
0
LINE
5
75F
330
17
100
AcDbEntity
67
0
8
0
62
256
6
ByLayer
370
-1
48
1.0
60
0
100
AcDbLine
10
165.856002807617
20
93.5479965209961
30
0.0
11
165.856002807617
21
91.7979965209961
31
0.0
39
0.0
210
0.0
220
0.0
230
1.0
0
LINE
5
760
330
17
100
AcDbEntity
67
0
8
0
62
256
6
ByLayer
370
-1
48
1.0
60
0
100
AcDbLine
10
167.483993530273
20
91.4250030517578
30
0.0
11
167.580001831055
21
94.254997253418
31
0.0
39
0.0
210
0.0
220
0.0
230
1.0
0
LINE
5
761
330
17
100
AcDbEntity
67
0
8
0
62
256
6
ByLayer
370
-1
48
1.0
60
0
100
AcDbLine
10
167.580001831055
20
94.254997253418
30
0.0
11
166.356002807617
21
93.5479965209961
31
0.0
39
0.0
210
0.0
220
0.0
230
1.0
0
LINE
5
762
330
17
100
AcDbEntity
67
0
8
0
62
256
6
ByLayer
370
-1
48
1.0
60
0
100
AcDbLine
10
166.356002807617
20
93.5479965209961
30
0.0
11
166.356002807617
21
91.7979965209961
31
0.0
39
0.0
210
0.0
220
0.0
230
1.0
0
LINE
5
763
330
17
100
AcDbEntity
67
0
8
0
62
256
6
ByLayer
370
-1
48
1.0
60
0
100
AcDbLine
10
166.356002807617
20
91.7979965209961
30
0.0
11
167.509002685547
21
91.1330032348633
31
0.0
39
0.0
210
0.0
220
0.0
230
1.0
0
LINE
5
764
330
17
100
AcDbEntity
67
0
8
0
62
256
6
ByLayer
370
-1
48
1.0
60
0
100
AcDbLine
10
167.509002685547
20
91.1330032348633
30
0.0
11
167.483993530273
21
91.4250030517578
31
0.0
39
0.0
210
0.0
220
0.0
230
1.0
0
LINE
5
765
330
17
100
AcDbEntity
67
0
8
0
62
256
6
ByLayer
370
-1
48
1.0
60
0
100
AcDbLine
10
124.287002563477
20
89.5970001220703
30
0.0
11
123.026000976563
21
88.2730026245117
31
0.0
39
0.0
210
0.0
220
0.0
230
1.0
0
LINE
5
766
330
17
100
AcDbEntity
67
0
8
0
62
256
6
ByLayer
370
-1
48
1.0
60
0
100
AcDbLine
10
123.026000976563
20
88.2730026245117
30
0.0
11
123.733001708984
21
87.8649978637695
31
0.0
39
0.0
210
0.0
220
0.0
230
1.0
0
LINE
5
767
330
17
100
AcDbEntity
67
0
8
0
62
256
6
ByLayer
370
-1
48
1.0
60
0
100
AcDbLine
10
123.733001708984
20
87.8649978637695
30
0.0
11
125.249000549316
21
88.7399978637695
31
0.0
39
0.0
210
0.0
220
0.0
230
1.0
0
LINE
5
768
330
17
100
AcDbEntity
67
0
8
0
62
256
6
ByLayer
370
-1
48
1.0
60
0
100
AcDbLine
10
125.249000549316
20
88.7399978637695
30
0.0
11
125.249000549316
21
90.4899978637695
31
0.0
39
0.0
210
0.0
220
0.0
230
1.0
0
LINE
5
769
330
17
100
AcDbEntity
67
0
8
0
62
256
6
ByLayer
370
-1
48
1.0
60
0
100
AcDbLine
10
125.249000549316
20
90.4899978637695
30
0.0
11
125.029998779297
21
90.6169967651367
31
0.0
39
0.0
210
0.0
220
0.0
230
1.0
0
LINE
5
76A
330
17
100
AcDbEntity
67
0
8
0
62
256
6
ByLayer
370
-1
48
1.0
60
0
100
AcDbLine
10
125.029998779297
20
90.6169967651367
30
0.0
11
124.287002563477
21
89.5970001220703
31
0.0
39
0.0
210
0.0
220
0.0
230
1.0
0
LINE
5
76B
330
17
100
AcDbEntity
67
0
8
0
62
256
6
ByLayer
370
-1
48
1.0
60
0
100
AcDbLine
10
128.779998779297
20
88.7399978637695
30
0.0
11
127.263999938965
21
87.8649978637695
31
0.0
39
0.0
210
0.0
220
0.0
230
1.0
0
LINE
5
76C
330
17
100
AcDbEntity
67
0
8
0
62
256
6
ByLayer
370
-1
48
1.0
60
0
100
AcDbLine
10
127.263999938965
20
87.8649978637695
30
0.0
11
125.749000549316
21
88.7399978637695
31
0.0
39
0.0
210
0.0
220
0.0
230
1.0
0
LINE
5
76D
330
17
100
AcDbEntity
67
0
8
0
62
256
6
ByLayer
370
-1
48
1.0
60
0
100
AcDbLine
10
125.749000549316
20
88.7399978637695
30
0.0
11
125.749000549316
21
90.4899978637695
31
0.0
39
0.0
210
0.0
220
0.0
230
1.0
0
LINE
5
76E
330
17
100
AcDbEntity
67
0
8
0
62
256
6
ByLayer
370
-1
48
1.0
60
0
100
AcDbLine
10
125.749000549316
20
90.4899978637695
30
0.0
11
127.263999938965
21
91.3649978637695
31
0.0
39
0.0
210
0.0
220
0.0
230
1.0
0
LINE
5
76F
330
17
100
AcDbEntity
67
0
8
0
62
256
6
ByLayer
370
-1
48
1.0
60
0
100
AcDbLine
10
127.263999938965
20
91.3649978637695
30
0.0
11
128.779998779297
21
90.4899978637695
31
0.0
39
0.0
210
0.0
220
0.0
230
1.0
0
LINE
5
770
330
17
100
AcDbEntity
67
0
8
0
62
256
6
ByLayer
370
-1
48
1.0
60
0
100
AcDbLine
10
128.779998779297
20
90.4899978637695
30
0.0
11
128.779998779297
21
88.7399978637695
31
0.0
39
0.0
210
0.0
220
0.0
230
1.0
0
LINE
5
771
330
17
100
AcDbEntity
67
0
8
0
62
256
6
ByLayer
370
-1
48
1.0
60
0
100
AcDbLine
10
132.311004638672
20
88.7399978637695
30
0.0
11
130.794998168945
21
87.8649978637695
31
0.0
39
0.0
210
0.0
220
0.0
230
1.0
0
LINE
5
772
330
17
100
AcDbEntity
67
0
8
0
62
256
6
ByLayer
370
-1
48
1.0
60
0
100
AcDbLine
10
130.794998168945
20
87.8649978637695
30
0.0
11
129.279998779297
21
88.7399978637695
31
0.0
39
0.0
210
0.0
220
0.0
230
1.0
0
LINE
5
773
330
17
100
AcDbEntity
67
0
8
0
62
256
6
ByLayer
370
-1
48
1.0
60
0
100
AcDbLine
10
129.279998779297
20
88.7399978637695
30
0.0
11
129.279998779297
21
90.4899978637695
31
0.0
39
0.0
210
0.0
220
0.0
230
1.0
0
LINE
5
774
330
17
100
AcDbEntity
67
0
8
0
62
256
6
ByLayer
370
-1
48
1.0
60
0
100
AcDbLine
10
129.279998779297
20
90.4899978637695
30
0.0
11
130.794998168945
21
91.3649978637695
31
0.0
39
0.0
210
0.0
220
0.0
230
1.0
0
LINE
5
775
330
17
100
AcDbEntity
67
0
8
0
62
256
6
ByLayer
370
-1
48
1.0
60
0
100
AcDbLine
10
130.794998168945
20
91.3649978637695
30
0.0
11
132.311004638672
21
90.4899978637695
31
0.0
39
0.0
210
0.0
220
0.0
230
1.0
0
LINE
5
776
330
17
100
AcDbEntity
67
0
8
0
62
256
6
ByLayer
370
-1
48
1.0
60
0
100
AcDbLine
10
132.311004638672
20
90.4899978637695
30
0.0
11
132.311004638672
21
88.7399978637695
31
0.0
39
0.0
210
0.0
220
0.0
230
1.0
0
LINE
5
777
330
17
100
AcDbEntity
67
0
8
0
62
256
6
ByLayer
370
-1
48
1.0
60
0
100
AcDbLine
10
135.841995239258
20
88.7399978637695
30
0.0
11
134.32600402832
21
87.8649978637695
31
0.0
39
0.0
210
0.0
220
0.0
230
1.0
0
LINE
5
778
330
17
100
AcDbEntity
67
0
8
0
62
256
6
ByLayer
370
-1
48
1.0
60
0
100
AcDbLine
10
134.32600402832
20
87.8649978637695
30
0.0
11
132.811004638672
21
88.7399978637695
31
0.0
39
0.0
210
0.0
220
0.0
230
1.0
0
LINE
5
779
330
17
100
AcDbEntity
67
0
8
0
62
256
6
ByLayer
370
-1
48
1.0
60
0
100
AcDbLine
10
132.811004638672
20
88.7399978637695
30
0.0
11
132.811004638672
21
90.4899978637695
31
0.0
39
0.0
210
0.0
220
0.0
230
1.0
0
LINE
5
77A
330
17
100
AcDbEntity
67
0
8
0
62
256
6
ByLayer
370
-1
48
1.0
60
0
100
AcDbLine
10
132.811004638672
20
90.4899978637695
30
0.0
11
134.32600402832
21
91.3649978637695
31
0.0
39
0.0
210
0.0
220
0.0
230
1.0
0
LINE
5
77B
330
17
100
AcDbEntity
67
0
8
0
62
256
6
ByLayer
370
-1
48
1.0
60
0
100
AcDbLine
10
134.32600402832
20
91.3649978637695
30
0.0
11
135.841995239258
21
90.4899978637695
31
0.0
39
0.0
210
0.0
220
0.0
230
1.0
0
LINE
5
77C
330
17
100
AcDbEntity
67
0
8
0
62
256
6
ByLayer
370
-1
48
1.0
60
0
100
AcDbLine
10
135.841995239258
20
90.4899978637695
30
0.0
11
135.841995239258
21
88.7399978637695
31
0.0
39
0.0
210
0.0
220
0.0
230
1.0
0
LINE
5
77D
330
17
100
AcDbEntity
67
0
8
0
62
256
6
ByLayer
370
-1
48
1.0
60
0
100
AcDbLine
10
139.373001098633
20
88.7399978637695
30
0.0
11
137.856994628906
21
87.8649978637695
31
0.0
39
0.0
210
0.0
220
0.0
230
1.0
0
LINE
5
77E
330
17
100
AcDbEntity
67
0
8
0
62
256
6
ByLayer
370
-1
48
1.0
60
0
100
AcDbLine
10
137.856994628906
20
87.8649978637695
30
0.0
11
136.341995239258
21
88.7399978637695
31
0.0
39
0.0
210
0.0
220
0.0
230
1.0
0
LINE
5
77F
330
17
100
AcDbEntity
67
0
8
0
62
256
6
ByLayer
370
-1
48
1.0
60
0
100
AcDbLine
10
136.341995239258
20
88.7399978637695
30
0.0
11
136.341995239258
21
90.4899978637695
31
0.0
39
0.0
210
0.0
220
0.0
230
1.0
0
LINE
5
780
330
17
100
AcDbEntity
67
0
8
0
62
256
6
ByLayer
370
-1
48
1.0
60
0
100
AcDbLine
10
136.341995239258
20
90.4899978637695
30
0.0
11
137.856994628906
21
91.3649978637695
31
0.0
39
0.0
210
0.0
220
0.0
230
1.0
0
LINE
5
781
330
17
100
AcDbEntity
67
0
8
0
62
256
6
ByLayer
370
-1
48
1.0
60
0
100
AcDbLine
10
137.856994628906
20
91.3649978637695
30
0.0
11
139.373001098633
21
90.4899978637695
31
0.0
39
0.0
210
0.0
220
0.0
230
1.0
0
LINE
5
782
330
17
100
AcDbEntity
67
0
8
0
62
256
6
ByLayer
370
-1
48
1.0
60
0
100
AcDbLine
10
139.373001098633
20
90.4899978637695
30
0.0
11
139.373001098633
21
88.7399978637695
31
0.0
39
0.0
210
0.0
220
0.0
230
1.0
0
LINE
5
783
330
17
100
AcDbEntity
67
0
8
0
62
256
6
ByLayer
370
-1
48
1.0
60
0
100
AcDbLine
10
142.904006958008
20
88.7399978637695
30
0.0
11
141.388000488281
21
87.8649978637695
31
0.0
39
0.0
210
0.0
220
0.0
230
1.0
0
LINE
5
784
330
17
100
AcDbEntity
67
0
8
0
62
256
6
ByLayer
370
-1
48
1.0
60
0
100
AcDbLine
10
141.388000488281
20
87.8649978637695
30
0.0
11
139.873001098633
21
88.7399978637695
31
0.0
39
0.0
210
0.0
220
0.0
230
1.0
0
LINE
5
785
330
17
100
AcDbEntity
67
0
8
0
62
256
6
ByLayer
370
-1
48
1.0
60
0
100
AcDbLine
10
139.873001098633
20
88.7399978637695
30
0.0
11
139.873001098633
21
90.4899978637695
31
0.0
39
0.0
210
0.0
220
0.0
230
1.0
0
LINE
5
786
330
17
100
AcDbEntity
67
0
8
0
62
256
6
ByLayer
370
-1
48
1.0
60
0
100
AcDbLine
10
139.873001098633
20
90.4899978637695
30
0.0
11
141.388000488281
21
91.3649978637695
31
0.0
39
0.0
210
0.0
220
0.0
230
1.0
0
LINE
5
787
330
17
100
AcDbEntity
67
0
8
0
62
256
6
ByLayer
370
-1
48
1.0
60
0
100
AcDbLine
10
141.388000488281
20
91.3649978637695
30
0.0
11
142.904006958008
21
90.4899978637695
31
0.0
39
0.0
210
0.0
220
0.0
230
1.0
0
LINE
5
788
330
17
100
AcDbEntity
67
0
8
0
62
256
6
ByLayer
370
-1
48
1.0
60
0
100
AcDbLine
10
142.904006958008
20
90.4899978637695
30
0.0
11
142.904006958008
21
88.7399978637695
31
0.0
39
0.0
210
0.0
220
0.0
230
1.0
0
LINE
5
789
330
17
100
AcDbEntity
67
0
8
0
62
256
6
ByLayer
370
-1
48
1.0
60
0
100
AcDbLine
10
146.434997558594
20
88.7399978637695
30
0.0
11
144.919998168945
21
87.8649978637695
31
0.0
39
0.0
210
0.0
220
0.0
230
1.0
0
LINE
5
78A
330
17
100
AcDbEntity
67
0
8
0
62
256
6
ByLayer
370
-1
48
1.0
60
0
100
AcDbLine
10
144.919998168945
20
87.8649978637695
30
0.0
11
143.404006958008
21
88.7399978637695
31
0.0
39
0.0
210
0.0
220
0.0
230
1.0
0
LINE
5
78B
330
17
100
AcDbEntity
67
0
8
0
62
256
6
ByLayer
370
-1
48
1.0
60
0
100
AcDbLine
10
143.404006958008
20
88.7399978637695
30
0.0
11
143.404006958008
21
90.4899978637695
31
0.0
39
0.0
210
0.0
220
0.0
230
1.0
0
LINE
5
78C
330
17
100
AcDbEntity
67
0
8
0
62
256
6
ByLayer
370
-1
48
1.0
60
0
100
AcDbLine
10
143.404006958008
20
90.4899978637695
30
0.0
11
144.919998168945
21
91.3649978637695
31
0.0
39
0.0
210
0.0
220
0.0
230
1.0
0
LINE
5
78D
330
17
100
AcDbEntity
67
0
8
0
62
256
6
ByLayer
370
-1
48
1.0
60
0
100
AcDbLine
10
144.919998168945
20
91.3649978637695
30
0.0
11
146.434997558594
21
90.4899978637695
31
0.0
39
0.0
210
0.0
220
0.0
230
1.0
0
LINE
5
78E
330
17
100
AcDbEntity
67
0
8
0
62
256
6
ByLayer
370
-1
48
1.0
60
0
100
AcDbLine
10
146.434997558594
20
90.4899978637695
30
0.0
11
146.434997558594
21
88.7399978637695
31
0.0
39
0.0
210
0.0
220
0.0
230
1.0
0
LINE
5
78F
330
17
100
AcDbEntity
67
0
8
0
62
256
6
ByLayer
370
-1
48
1.0
60
0
100
AcDbLine
10
149.966003417969
20
88.7399978637695
30
0.0
11
148.45100402832
21
87.8649978637695
31
0.0
39
0.0
210
0.0
220
0.0
230
1.0
0
LINE
5
790
330
17
100
AcDbEntity
67
0
8
0
62
256
6
ByLayer
370
-1
48
1.0
60
0
100
AcDbLine
10
148.45100402832
20
87.8649978637695
30
0.0
11
146.934997558594
21
88.7399978637695
31
0.0
39
0.0
210
0.0
220
0.0
230
1.0
0
LINE
5
791
330
17
100
AcDbEntity
67
0
8
0
62
256
6
ByLayer
370
-1
48
1.0
60
0
100
AcDbLine
10
146.934997558594
20
88.7399978637695
30
0.0
11
146.934997558594
21
90.4899978637695
31
0.0
39
0.0
210
0.0
220
0.0
230
1.0
0
LINE
5
792
330
17
100
AcDbEntity
67
0
8
0
62
256
6
ByLayer
370
-1
48
1.0
60
0
100
AcDbLine
10
146.934997558594
20
90.4899978637695
30
0.0
11
148.45100402832
21
91.3649978637695
31
0.0
39
0.0
210
0.0
220
0.0
230
1.0
0
LINE
5
793
330
17
100
AcDbEntity
67
0
8
0
62
256
6
ByLayer
370
-1
48
1.0
60
0
100
AcDbLine
10
148.45100402832
20
91.3649978637695
30
0.0
11
149.966003417969
21
90.4899978637695
31
0.0
39
0.0
210
0.0
220
0.0
230
1.0
0
LINE
5
794
330
17
100
AcDbEntity
67
0
8
0
62
256
6
ByLayer
370
-1
48
1.0
60
0
100
AcDbLine
10
149.966003417969
20
90.4899978637695
30
0.0
11
149.966003417969
21
88.7399978637695
31
0.0
39
0.0
210
0.0
220
0.0
230
1.0
0
LINE
5
795
330
17
100
AcDbEntity
67
0
8
0
62
256
6
ByLayer
370
-1
48
1.0
60
0
100
AcDbLine
10
153.496994018555
20
88.7399978637695
30
0.0
11
151.981994628906
21
87.8649978637695
31
0.0
39
0.0
210
0.0
220
0.0
230
1.0
0
LINE
5
796
330
17
100
AcDbEntity
67
0
8
0
62
256
6
ByLayer
370
-1
48
1.0
60
0
100
AcDbLine
10
151.981994628906
20
87.8649978637695
30
0.0
11
150.466003417969
21
88.7399978637695
31
0.0
39
0.0
210
0.0
220
0.0
230
1.0
0
LINE
5
797
330
17
100
AcDbEntity
67
0
8
0
62
256
6
ByLayer
370
-1
48
1.0
60
0
100
AcDbLine
10
150.466003417969
20
88.7399978637695
30
0.0
11
150.466003417969
21
90.4899978637695
31
0.0
39
0.0
210
0.0
220
0.0
230
1.0
0
LINE
5
798
330
17
100
AcDbEntity
67
0
8
0
62
256
6
ByLayer
370
-1
48
1.0
60
0
100
AcDbLine
10
150.466003417969
20
90.4899978637695
30
0.0
11
151.981994628906
21
91.3649978637695
31
0.0
39
0.0
210
0.0
220
0.0
230
1.0
0
LINE
5
799
330
17
100
AcDbEntity
67
0
8
0
62
256
6
ByLayer
370
-1
48
1.0
60
0
100
AcDbLine
10
151.981994628906
20
91.3649978637695
30
0.0
11
153.496994018555
21
90.4899978637695
31
0.0
39
0.0
210
0.0
220
0.0
230
1.0
0
LINE
5
79A
330
17
100
AcDbEntity
67
0
8
0
62
256
6
ByLayer
370
-1
48
1.0
60
0
100
AcDbLine
10
153.496994018555
20
90.4899978637695
30
0.0
11
153.496994018555
21
88.7399978637695
31
0.0
39
0.0
210
0.0
220
0.0
230
1.0
0
LINE
5
79B
330
17
100
AcDbEntity
67
0
8
0
62
256
6
ByLayer
370
-1
48
1.0
60
0
100
AcDbLine
10
157.02799987793
20
88.7399978637695
30
0.0
11
155.513000488281
21
87.8649978637695
31
0.0
39
0.0
210
0.0
220
0.0
230
1.0
0
LINE
5
79C
330
17
100
AcDbEntity
67
0
8
0
62
256
6
ByLayer
370
-1
48
1.0
60
0
100
AcDbLine
10
155.513000488281
20
87.8649978637695
30
0.0
11
153.996994018555
21
88.7399978637695
31
0.0
39
0.0
210
0.0
220
0.0
230
1.0
0
LINE
5
79D
330
17
100
AcDbEntity
67
0
8
0
62
256
6
ByLayer
370
-1
48
1.0
60
0
100
AcDbLine
10
153.996994018555
20
88.7399978637695
30
0.0
11
153.996994018555
21
90.4899978637695
31
0.0
39
0.0
210
0.0
220
0.0
230
1.0
0
LINE
5
79E
330
17
100
AcDbEntity
67
0
8
0
62
256
6
ByLayer
370
-1
48
1.0
60
0
100
AcDbLine
10
153.996994018555
20
90.4899978637695
30
0.0
11
155.513000488281
21
91.3649978637695
31
0.0
39
0.0
210
0.0
220
0.0
230
1.0
0
LINE
5
79F
330
17
100
AcDbEntity
67
0
8
0
62
256
6
ByLayer
370
-1
48
1.0
60
0
100
AcDbLine
10
155.513000488281
20
91.3649978637695
30
0.0
11
157.02799987793
21
90.4899978637695
31
0.0
39
0.0
210
0.0
220
0.0
230
1.0
0
LINE
5
7A0
330
17
100
AcDbEntity
67
0
8
0
62
256
6
ByLayer
370
-1
48
1.0
60
0
100
AcDbLine
10
157.02799987793
20
90.4899978637695
30
0.0
11
157.02799987793
21
88.7399978637695
31
0.0
39
0.0
210
0.0
220
0.0
230
1.0
0
LINE
5
7A1
330
17
100
AcDbEntity
67
0
8
0
62
256
6
ByLayer
370
-1
48
1.0
60
0
100
AcDbLine
10
160.559005737305
20
88.7399978637695
30
0.0
11
159.044006347656
21
87.8649978637695
31
0.0
39
0.0
210
0.0
220
0.0
230
1.0
0
LINE
5
7A2
330
17
100
AcDbEntity
67
0
8
0
62
256
6
ByLayer
370
-1
48
1.0
60
0
100
AcDbLine
10
159.044006347656
20
87.8649978637695
30
0.0
11
157.52799987793
21
88.7399978637695
31
0.0
39
0.0
210
0.0
220
0.0
230
1.0
0
LINE
5
7A3
330
17
100
AcDbEntity
67
0
8
0
62
256
6
ByLayer
370
-1
48
1.0
60
0
100
AcDbLine
10
157.52799987793
20
88.7399978637695
30
0.0
11
157.52799987793
21
90.4899978637695
31
0.0
39
0.0
210
0.0
220
0.0
230
1.0
0
LINE
5
7A4
330
17
100
AcDbEntity
67
0
8
0
62
256
6
ByLayer
370
-1
48
1.0
60
0
100
AcDbLine
10
157.52799987793
20
90.4899978637695
30
0.0
11
159.044006347656
21
91.3649978637695
31
0.0
39
0.0
210
0.0
220
0.0
230
1.0
0
LINE
5
7A5
330
17
100
AcDbEntity
67
0
8
0
62
256
6
ByLayer
370
-1
48
1.0
60
0
100
AcDbLine
10
159.044006347656
20
91.3649978637695
30
0.0
11
160.559005737305
21
90.4899978637695
31
0.0
39
0.0
210
0.0
220
0.0
230
1.0
0
LINE
5
7A6
330
17
100
AcDbEntity
67
0
8
0
62
256
6
ByLayer
370
-1
48
1.0
60
0
100
AcDbLine
10
160.559005737305
20
90.4899978637695
30
0.0
11
160.559005737305
21
88.7399978637695
31
0.0
39
0.0
210
0.0
220
0.0
230
1.0
0
LINE
5
7A7
330
17
100
AcDbEntity
67
0
8
0
62
256
6
ByLayer
370
-1
48
1.0
60
0
100
AcDbLine
10
164.091003417969
20
88.7399978637695
30
0.0
11
162.574996948242
21
87.8649978637695
31
0.0
39
0.0
210
0.0
220
0.0
230
1.0
0
LINE
5
7A8
330
17
100
AcDbEntity
67
0
8
0
62
256
6
ByLayer
370
-1
48
1.0
60
0
100
AcDbLine
10
162.574996948242
20
87.8649978637695
30
0.0
11
161.059005737305
21
88.7399978637695
31
0.0
39
0.0
210
0.0
220
0.0
230
1.0
0
LINE
5
7A9
330
17
100
AcDbEntity
67
0
8
0
62
256
6
ByLayer
370
-1
48
1.0
60
0
100
AcDbLine
10
161.059005737305
20
88.7399978637695
30
0.0
11
161.059005737305
21
90.4899978637695
31
0.0
39
0.0
210
0.0
220
0.0
230
1.0
0
LINE
5
7AA
330
17
100
AcDbEntity
67
0
8
0
62
256
6
ByLayer
370
-1
48
1.0
60
0
100
AcDbLine
10
161.059005737305
20
90.4899978637695
30
0.0
11
162.574996948242
21
91.3649978637695
31
0.0
39
0.0
210
0.0
220
0.0
230
1.0
0
LINE
5
7AB
330
17
100
AcDbEntity
67
0
8
0
62
256
6
ByLayer
370
-1
48
1.0
60
0
100
AcDbLine
10
162.574996948242
20
91.3649978637695
30
0.0
11
164.091003417969
21
90.4899978637695
31
0.0
39
0.0
210
0.0
220
0.0
230
1.0
0
LINE
5
7AC
330
17
100
AcDbEntity
67
0
8
0
62
256
6
ByLayer
370
-1
48
1.0
60
0
100
AcDbLine
10
164.091003417969
20
90.4899978637695
30
0.0
11
164.091003417969
21
88.7399978637695
31
0.0
39
0.0
210
0.0
220
0.0
230
1.0
0
LINE
5
7AD
330
17
100
AcDbEntity
67
0
8
0
62
256
6
ByLayer
370
-1
48
1.0
60
0
100
AcDbLine
10
167.559997558594
20
90.5260009765625
30
0.0
11
166.106002807617
21
91.3649978637695
31
0.0
39
0.0
210
0.0
220
0.0
230
1.0
0
LINE
5
7AE
330
17
100
AcDbEntity
67
0
8
0
62
256
6
ByLayer
370
-1
48
1.0
60
0
100
AcDbLine
10
166.106002807617
20
91.3649978637695
30
0.0
11
164.591003417969
21
90.4899978637695
31
0.0
39
0.0
210
0.0
220
0.0
230
1.0
0
LINE
5
7AF
330
17
100
AcDbEntity
67
0
8
0
62
256
6
ByLayer
370
-1
48
1.0
60
0
100
AcDbLine
10
164.591003417969
20
90.4899978637695
30
0.0
11
164.591003417969
21
88.7399978637695
31
0.0
39
0.0
210
0.0
220
0.0
230
1.0
0
LINE
5
7B0
330
17
100
AcDbEntity
67
0
8
0
62
256
6
ByLayer
370
-1
48
1.0
60
0
100
AcDbLine
10
164.591003417969
20
88.7399978637695
30
0.0
11
166.106002807617
21
87.8649978637695
31
0.0
39
0.0
210
0.0
220
0.0
230
1.0
0
LINE
5
7B1
330
17
100
AcDbEntity
67
0
8
0
62
256
6
ByLayer
370
-1
48
1.0
60
0
100
AcDbLine
10
166.106002807617
20
87.8649978637695
30
0.0
11
167.621994018555
21
88.7399978637695
31
0.0
39
0.0
210
0.0
220
0.0
230
1.0
0
LINE
5
7B2
330
17
100
AcDbEntity
67
0
8
0
62
256
6
ByLayer
370
-1
48
1.0
60
0
100
AcDbLine
10
167.621994018555
20
88.7399978637695
30
0.0
11
167.621994018555
21
89.7919998168945
31
0.0
39
0.0
210
0.0
220
0.0
230
1.0
0
LINE
5
7B3
330
17
100
AcDbEntity
67
0
8
0
62
256
6
ByLayer
370
-1
48
1.0
60
0
100
AcDbLine
10
167.621994018555
20
89.7919998168945
30
0.0
11
167.559997558594
21
90.5260009765625
31
0.0
39
0.0
210
0.0
220
0.0
230
1.0
0
LINE
5
7B4
330
17
100
AcDbEntity
67
0
8
0
62
256
6
ByLayer
370
-1
48
1.0
60
0
100
AcDbLine
10
119.535003662109
20
85.7480010986328
30
0.0
11
118.024002075195
21
85.0449981689453
31
0.0
39
0.0
210
0.0
220
0.0
230
1.0
0
LINE
5
7B5
330
17
100
AcDbEntity
67
0
8
0
62
256
6
ByLayer
370
-1
48
1.0
60
0
100
AcDbLine
10
118.024002075195
20
85.0449981689453
30
0.0
11
118.435997009277
21
84.806999206543
31
0.0
39
0.0
210
0.0
220
0.0
230
1.0
0
LINE
5
7B6
330
17
100
AcDbEntity
67
0
8
0
62
256
6
ByLayer
370
-1
48
1.0
60
0
100
AcDbLine
10
118.435997009277
20
84.806999206543
30
0.0
11
119.952003479004
21
85.681999206543
31
0.0
39
0.0
210
0.0
220
0.0
230
1.0
0
LINE
5
7B7
330
17
100
AcDbEntity
67
0
8
0
62
256
6
ByLayer
370
-1
48
1.0
60
0
100
AcDbLine
10
119.952003479004
20
85.681999206543
30
0.0
11
119.952003479004
21
86.0039978027344
31
0.0
39
0.0
210
0.0
220
0.0
230
1.0
0
LINE
5
7B8
330
17
100
AcDbEntity
67
0
8
0
62
256
6
ByLayer
370
-1
48
1.0
60
0
100
AcDbLine
10
119.952003479004
20
86.0039978027344
30
0.0
11
119.535003662109
21
85.7480010986328
31
0.0
39
0.0
210
0.0
220
0.0
230
1.0
0
LINE
5
7B9
330
17
100
AcDbEntity
67
0
8
0
62
256
6
ByLayer
370
-1
48
1.0
60
0
100
AcDbLine
10
121.254997253418
20
86.8030014038086
30
0.0
11
120.452003479004
21
86.3109970092773
31
0.0
39
0.0
210
0.0
220
0.0
230
1.0
0
LINE
5
7BA
330
17
100
AcDbEntity
67
0
8
0
62
256
6
ByLayer
370
-1
48
1.0
60
0
100
AcDbLine
10
120.452003479004
20
86.3109970092773
30
0.0
11
120.452003479004
21
85.681999206543
31
0.0
39
0.0
210
0.0
220
0.0
230
1.0
0
LINE
5
7BB
330
17
100
AcDbEntity
67
0
8
0
62
256
6
ByLayer
370
-1
48
1.0
60
0
100
AcDbLine
10
120.452003479004
20
85.681999206543
30
0.0
11
121.967002868652
21
84.806999206543
31
0.0
39
0.0
210
0.0
220
0.0
230
1.0
0
LINE
5
7BC
330
17
100
AcDbEntity
67
0
8
0
62
256
6
ByLayer
370
-1
48
1.0
60
0
100
AcDbLine
10
121.967002868652
20
84.806999206543
30
0.0
11
123.483001708984
21
85.681999206543
31
0.0
39
0.0
210
0.0
220
0.0
230
1.0
0
LINE
5
7BD
330
17
100
AcDbEntity
67
0
8
0
62
256
6
ByLayer
370
-1
48
1.0
60
0
100
AcDbLine
10
123.483001708984
20
85.681999206543
30
0.0
11
123.483001708984
21
87.431999206543
31
0.0
39
0.0
210
0.0
220
0.0
230
1.0
0
LINE
5
7BE
330
17
100
AcDbEntity
67
0
8
0
62
256
6
ByLayer
370
-1
48
1.0
60
0
100
AcDbLine
10
123.483001708984
20
87.431999206543
30
0.0
11
122.640998840332
21
87.9179992675781
31
0.0
39
0.0
210
0.0
220
0.0
230
1.0
0
LINE
5
7BF
330
17
100
AcDbEntity
67
0
8
0
62
256
6
ByLayer
370
-1
48
1.0
60
0
100
AcDbLine
10
122.640998840332
20
87.9179992675781
30
0.0
11
121.254997253418
21
86.8030014038086
31
0.0
39
0.0
210
0.0
220
0.0
230
1.0
0
LINE
5
7C0
330
17
100
AcDbEntity
67
0
8
0
62
256
6
ByLayer
370
-1
48
1.0
60
0
100
AcDbLine
10
127.013999938965
20
85.681999206543
30
0.0
11
125.499000549316
21
84.806999206543
31
0.0
39
0.0
210
0.0
220
0.0
230
1.0
0
LINE
5
7C1
330
17
100
AcDbEntity
67
0
8
0
62
256
6
ByLayer
370
-1
48
1.0
60
0
100
AcDbLine
10
125.499000549316
20
84.806999206543
30
0.0
11
123.983001708984
21
85.681999206543
31
0.0
39
0.0
210
0.0
220
0.0
230
1.0
0
LINE
5
7C2
330
17
100
AcDbEntity
67
0
8
0
62
256
6
ByLayer
370
-1
48
1.0
60
0
100
AcDbLine
10
123.983001708984
20
85.681999206543
30
0.0
11
123.983001708984
21
87.431999206543
31
0.0
39
0.0
210
0.0
220
0.0
230
1.0
0
LINE
5
7C3
330
17
100
AcDbEntity
67
0
8
0
62
256
6
ByLayer
370
-1
48
1.0
60
0
100
AcDbLine
10
123.983001708984
20
87.431999206543
30
0.0
11
125.499000549316
21
88.306999206543
31
0.0
39
0.0
210
0.0
220
0.0
230
1.0
0
LINE
5
7C4
330
17
100
AcDbEntity
67
0
8
0
62
256
6
ByLayer
370
-1
48
1.0
60
0
100
AcDbLine
10
125.499000549316
20
88.306999206543
30
0.0
11
127.013999938965
21
87.431999206543
31
0.0
39
0.0
210
0.0
220
0.0
230
1.0
0
LINE
5
7C5
330
17
100
AcDbEntity
67
0
8
0
62
256
6
ByLayer
370
-1
48
1.0
60
0
100
AcDbLine
10
127.013999938965
20
87.431999206543
30
0.0
11
127.013999938965
21
85.681999206543
31
0.0
39
0.0
210
0.0
220
0.0
230
1.0
0
LINE
5
7C6
330
17
100
AcDbEntity
67
0
8
0
62
256
6
ByLayer
370
-1
48
1.0
60
0
100
AcDbLine
10
130.544998168945
20
85.681999206543
30
0.0
11
129.029998779297
21
84.806999206543
31
0.0
39
0.0
210
0.0
220
0.0
230
1.0
0
LINE
5
7C7
330
17
100
AcDbEntity
67
0
8
0
62
256
6
ByLayer
370
-1
48
1.0
60
0
100
AcDbLine
10
129.029998779297
20
84.806999206543
30
0.0
11
127.513999938965
21
85.681999206543
31
0.0
39
0.0
210
0.0
220
0.0
230
1.0
0
LINE
5
7C8
330
17
100
AcDbEntity
67
0
8
0
62
256
6
ByLayer
370
-1
48
1.0
60
0
100
AcDbLine
10
127.513999938965
20
85.681999206543
30
0.0
11
127.513999938965
21
87.431999206543
31
0.0
39
0.0
210
0.0
220
0.0
230
1.0
0
LINE
5
7C9
330
17
100
AcDbEntity
67
0
8
0
62
256
6
ByLayer
370
-1
48
1.0
60
0
100
AcDbLine
10
127.513999938965
20
87.431999206543
30
0.0
11
129.029998779297
21
88.306999206543
31
0.0
39
0.0
210
0.0
220
0.0
230
1.0
0
LINE
5
7CA
330
17
100
AcDbEntity
67
0
8
0
62
256
6
ByLayer
370
-1
48
1.0
60
0
100
AcDbLine
10
129.029998779297
20
88.306999206543
30
0.0
11
130.544998168945
21
87.431999206543
31
0.0
39
0.0
210
0.0
220
0.0
230
1.0
0
LINE
5
7CB
330
17
100
AcDbEntity
67
0
8
0
62
256
6
ByLayer
370
-1
48
1.0
60
0
100
AcDbLine
10
130.544998168945
20
87.431999206543
30
0.0
11
130.544998168945
21
85.681999206543
31
0.0
39
0.0
210
0.0
220
0.0
230
1.0
0
LINE
5
7CC
330
17
100
AcDbEntity
67
0
8
0
62
256
6
ByLayer
370
-1
48
1.0
60
0
100
AcDbLine
10
134.07600402832
20
85.681999206543
30
0.0
11
132.561004638672
21
84.806999206543
31
0.0
39
0.0
210
0.0
220
0.0
230
1.0
0
LINE
5
7CD
330
17
100
AcDbEntity
67
0
8
0
62
256
6
ByLayer
370
-1
48
1.0
60
0
100
AcDbLine
10
132.561004638672
20
84.806999206543
30
0.0
11
131.044998168945
21
85.681999206543
31
0.0
39
0.0
210
0.0
220
0.0
230
1.0
0
LINE
5
7CE
330
17
100
AcDbEntity
67
0
8
0
62
256
6
ByLayer
370
-1
48
1.0
60
0
100
AcDbLine
10
131.044998168945
20
85.681999206543
30
0.0
11
131.044998168945
21
87.431999206543
31
0.0
39
0.0
210
0.0
220
0.0
230
1.0
0
LINE
5
7CF
330
17
100
AcDbEntity
67
0
8
0
62
256
6
ByLayer
370
-1
48
1.0
60
0
100
AcDbLine
10
131.044998168945
20
87.431999206543
30
0.0
11
132.561004638672
21
88.306999206543
31
0.0
39
0.0
210
0.0
220
0.0
230
1.0
0
LINE
5
7D0
330
17
100
AcDbEntity
67
0
8
0
62
256
6
ByLayer
370
-1
48
1.0
60
0
100
AcDbLine
10
132.561004638672
20
88.306999206543
30
0.0
11
134.07600402832
21
87.431999206543
31
0.0
39
0.0
210
0.0
220
0.0
230
1.0
0
LINE
5
7D1
330
17
100
AcDbEntity
67
0
8
0
62
256
6
ByLayer
370
-1
48
1.0
60
0
100
AcDbLine
10
134.07600402832
20
87.431999206543
30
0.0
11
134.07600402832
21
85.681999206543
31
0.0
39
0.0
210
0.0
220
0.0
230
1.0
0
LINE
5
7D2
330
17
100
AcDbEntity
67
0
8
0
62
256
6
ByLayer
370
-1
48
1.0
60
0
100
AcDbLine
10
137.606994628906
20
85.681999206543
30
0.0
11
136.091995239258
21
84.806999206543
31
0.0
39
0.0
210
0.0
220
0.0
230
1.0
0
LINE
5
7D3
330
17
100
AcDbEntity
67
0
8
0
62
256
6
ByLayer
370
-1
48
1.0
60
0
100
AcDbLine
10
136.091995239258
20
84.806999206543
30
0.0
11
134.57600402832
21
85.681999206543
31
0.0
39
0.0
210
0.0
220
0.0
230
1.0
0
LINE
5
7D4
330
17
100
AcDbEntity
67
0
8
0
62
256
6
ByLayer
370
-1
48
1.0
60
0
100
AcDbLine
10
134.57600402832
20
85.681999206543
30
0.0
11
134.57600402832
21
87.431999206543
31
0.0
39
0.0
210
0.0
220
0.0
230
1.0
0
LINE
5
7D5
330
17
100
AcDbEntity
67
0
8
0
62
256
6
ByLayer
370
-1
48
1.0
60
0
100
AcDbLine
10
134.57600402832
20
87.431999206543
30
0.0
11
136.091995239258
21
88.306999206543
31
0.0
39
0.0
210
0.0
220
0.0
230
1.0
0
LINE
5
7D6
330
17
100
AcDbEntity
67
0
8
0
62
256
6
ByLayer
370
-1
48
1.0
60
0
100
AcDbLine
10
136.091995239258
20
88.306999206543
30
0.0
11
137.606994628906
21
87.431999206543
31
0.0
39
0.0
210
0.0
220
0.0
230
1.0
0
LINE
5
7D7
330
17
100
AcDbEntity
67
0
8
0
62
256
6
ByLayer
370
-1
48
1.0
60
0
100
AcDbLine
10
137.606994628906
20
87.431999206543
30
0.0
11
137.606994628906
21
85.681999206543
31
0.0
39
0.0
210
0.0
220
0.0
230
1.0
0
LINE
5
7D8
330
17
100
AcDbEntity
67
0
8
0
62
256
6
ByLayer
370
-1
48
1.0
60
0
100
AcDbLine
10
141.138000488281
20
85.681999206543
30
0.0
11
139.623001098633
21
84.806999206543
31
0.0
39
0.0
210
0.0
220
0.0
230
1.0
0
LINE
5
7D9
330
17
100
AcDbEntity
67
0
8
0
62
256
6
ByLayer
370
-1
48
1.0
60
0
100
AcDbLine
10
139.623001098633
20
84.806999206543
30
0.0
11
138.106994628906
21
85.681999206543
31
0.0
39
0.0
210
0.0
220
0.0
230
1.0
0
LINE
5
7DA
330
17
100
AcDbEntity
67
0
8
0
62
256
6
ByLayer
370
-1
48
1.0
60
0
100
AcDbLine
10
138.106994628906
20
85.681999206543
30
0.0
11
138.106994628906
21
87.431999206543
31
0.0
39
0.0
210
0.0
220
0.0
230
1.0
0
LINE
5
7DB
330
17
100
AcDbEntity
67
0
8
0
62
256
6
ByLayer
370
-1
48
1.0
60
0
100
AcDbLine
10
138.106994628906
20
87.431999206543
30
0.0
11
139.623001098633
21
88.306999206543
31
0.0
39
0.0
210
0.0
220
0.0
230
1.0
0
LINE
5
7DC
330
17
100
AcDbEntity
67
0
8
0
62
256
6
ByLayer
370
-1
48
1.0
60
0
100
AcDbLine
10
139.623001098633
20
88.306999206543
30
0.0
11
141.138000488281
21
87.431999206543
31
0.0
39
0.0
210
0.0
220
0.0
230
1.0
0
LINE
5
7DD
330
17
100
AcDbEntity
67
0
8
0
62
256
6
ByLayer
370
-1
48
1.0
60
0
100
AcDbLine
10
141.138000488281
20
87.431999206543
30
0.0
11
141.138000488281
21
85.681999206543
31
0.0
39
0.0
210
0.0
220
0.0
230
1.0
0
LINE
5
7DE
330
17
100
AcDbEntity
67
0
8
0
62
256
6
ByLayer
370
-1
48
1.0
60
0
100
AcDbLine
10
144.669998168945
20
85.681999206543
30
0.0
11
143.154006958008
21
84.806999206543
31
0.0
39
0.0
210
0.0
220
0.0
230
1.0
0
LINE
5
7DF
330
17
100
AcDbEntity
67
0
8
0
62
256
6
ByLayer
370
-1
48
1.0
60
0
100
AcDbLine
10
143.154006958008
20
84.806999206543
30
0.0
11
141.638000488281
21
85.681999206543
31
0.0
39
0.0
210
0.0
220
0.0
230
1.0
0
LINE
5
7E0
330
17
100
AcDbEntity
67
0
8
0
62
256
6
ByLayer
370
-1
48
1.0
60
0
100
AcDbLine
10
141.638000488281
20
85.681999206543
30
0.0
11
141.638000488281
21
87.431999206543
31
0.0
39
0.0
210
0.0
220
0.0
230
1.0
0
LINE
5
7E1
330
17
100
AcDbEntity
67
0
8
0
62
256
6
ByLayer
370
-1
48
1.0
60
0
100
AcDbLine
10
141.638000488281
20
87.431999206543
30
0.0
11
143.154006958008
21
88.306999206543
31
0.0
39
0.0
210
0.0
220
0.0
230
1.0
0
LINE
5
7E2
330
17
100
AcDbEntity
67
0
8
0
62
256
6
ByLayer
370
-1
48
1.0
60
0
100
AcDbLine
10
143.154006958008
20
88.306999206543
30
0.0
11
144.669998168945
21
87.431999206543
31
0.0
39
0.0
210
0.0
220
0.0
230
1.0
0
LINE
5
7E3
330
17
100
AcDbEntity
67
0
8
0
62
256
6
ByLayer
370
-1
48
1.0
60
0
100
AcDbLine
10
144.669998168945
20
87.431999206543
30
0.0
11
144.669998168945
21
85.681999206543
31
0.0
39
0.0
210
0.0
220
0.0
230
1.0
0
LINE
5
7E4
330
17
100
AcDbEntity
67
0
8
0
62
256
6
ByLayer
370
-1
48
1.0
60
0
100
AcDbLine
10
148.20100402832
20
85.681999206543
30
0.0
11
146.684997558594
21
84.806999206543
31
0.0
39
0.0
210
0.0
220
0.0
230
1.0
0
LINE
5
7E5
330
17
100
AcDbEntity
67
0
8
0
62
256
6
ByLayer
370
-1
48
1.0
60
0
100
AcDbLine
10
146.684997558594
20
84.806999206543
30
0.0
11
145.169998168945
21
85.681999206543
31
0.0
39
0.0
210
0.0
220
0.0
230
1.0
0
LINE
5
7E6
330
17
100
AcDbEntity
67
0
8
0
62
256
6
ByLayer
370
-1
48
1.0
60
0
100
AcDbLine
10
145.169998168945
20
85.681999206543
30
0.0
11
145.169998168945
21
87.431999206543
31
0.0
39
0.0
210
0.0
220
0.0
230
1.0
0
LINE
5
7E7
330
17
100
AcDbEntity
67
0
8
0
62
256
6
ByLayer
370
-1
48
1.0
60
0
100
AcDbLine
10
145.169998168945
20
87.431999206543
30
0.0
11
146.684997558594
21
88.306999206543
31
0.0
39
0.0
210
0.0
220
0.0
230
1.0
0
LINE
5
7E8
330
17
100
AcDbEntity
67
0
8
0
62
256
6
ByLayer
370
-1
48
1.0
60
0
100
AcDbLine
10
146.684997558594
20
88.306999206543
30
0.0
11
148.20100402832
21
87.431999206543
31
0.0
39
0.0
210
0.0
220
0.0
230
1.0
0
LINE
5
7E9
330
17
100
AcDbEntity
67
0
8
0
62
256
6
ByLayer
370
-1
48
1.0
60
0
100
AcDbLine
10
148.20100402832
20
87.431999206543
30
0.0
11
148.20100402832
21
85.681999206543
31
0.0
39
0.0
210
0.0
220
0.0
230
1.0
0
LINE
5
7EA
330
17
100
AcDbEntity
67
0
8
0
62
256
6
ByLayer
370
-1
48
1.0
60
0
100
AcDbLine
10
151.731994628906
20
85.681999206543
30
0.0
11
150.216003417969
21
84.806999206543
31
0.0
39
0.0
210
0.0
220
0.0
230
1.0
0
LINE
5
7EB
330
17
100
AcDbEntity
67
0
8
0
62
256
6
ByLayer
370
-1
48
1.0
60
0
100
AcDbLine
10
150.216003417969
20
84.806999206543
30
0.0
11
148.70100402832
21
85.681999206543
31
0.0
39
0.0
210
0.0
220
0.0
230
1.0
0
LINE
5
7EC
330
17
100
AcDbEntity
67
0
8
0
62
256
6
ByLayer
370
-1
48
1.0
60
0
100
AcDbLine
10
148.70100402832
20
85.681999206543
30
0.0
11
148.70100402832
21
87.431999206543
31
0.0
39
0.0
210
0.0
220
0.0
230
1.0
0
LINE
5
7ED
330
17
100
AcDbEntity
67
0
8
0
62
256
6
ByLayer
370
-1
48
1.0
60
0
100
AcDbLine
10
148.70100402832
20
87.431999206543
30
0.0
11
150.216003417969
21
88.306999206543
31
0.0
39
0.0
210
0.0
220
0.0
230
1.0
0
LINE
5
7EE
330
17
100
AcDbEntity
67
0
8
0
62
256
6
ByLayer
370
-1
48
1.0
60
0
100
AcDbLine
10
150.216003417969
20
88.306999206543
30
0.0
11
151.731994628906
21
87.431999206543
31
0.0
39
0.0
210
0.0
220
0.0
230
1.0
0
LINE
5
7EF
330
17
100
AcDbEntity
67
0
8
0
62
256
6
ByLayer
370
-1
48
1.0
60
0
100
AcDbLine
10
151.731994628906
20
87.431999206543
30
0.0
11
151.731994628906
21
85.681999206543
31
0.0
39
0.0
210
0.0
220
0.0
230
1.0
0
LINE
5
7F0
330
17
100
AcDbEntity
67
0
8
0
62
256
6
ByLayer
370
-1
48
1.0
60
0
100
AcDbLine
10
155.263000488281
20
85.681999206543
30
0.0
11
153.746994018555
21
84.806999206543
31
0.0
39
0.0
210
0.0
220
0.0
230
1.0
0
LINE
5
7F1
330
17
100
AcDbEntity
67
0
8
0
62
256
6
ByLayer
370
-1
48
1.0
60
0
100
AcDbLine
10
153.746994018555
20
84.806999206543
30
0.0
11
152.231994628906
21
85.681999206543
31
0.0
39
0.0
210
0.0
220
0.0
230
1.0
0
LINE
5
7F2
330
17
100
AcDbEntity
67
0
8
0
62
256
6
ByLayer
370
-1
48
1.0
60
0
100
AcDbLine
10
152.231994628906
20
85.681999206543
30
0.0
11
152.231994628906
21
87.431999206543
31
0.0
39
0.0
210
0.0
220
0.0
230
1.0
0
LINE
5
7F3
330
17
100
AcDbEntity
67
0
8
0
62
256
6
ByLayer
370
-1
48
1.0
60
0
100
AcDbLine
10
152.231994628906
20
87.431999206543
30
0.0
11
153.746994018555
21
88.306999206543
31
0.0
39
0.0
210
0.0
220
0.0
230
1.0
0
LINE
5
7F4
330
17
100
AcDbEntity
67
0
8
0
62
256
6
ByLayer
370
-1
48
1.0
60
0
100
AcDbLine
10
153.746994018555
20
88.306999206543
30
0.0
11
155.263000488281
21
87.431999206543
31
0.0
39
0.0
210
0.0
220
0.0
230
1.0
0
LINE
5
7F5
330
17
100
AcDbEntity
67
0
8
0
62
256
6
ByLayer
370
-1
48
1.0
60
0
100
AcDbLine
10
155.263000488281
20
87.431999206543
30
0.0
11
155.263000488281
21
85.681999206543
31
0.0
39
0.0
210
0.0
220
0.0
230
1.0
0
LINE
5
7F6
330
17
100
AcDbEntity
67
0
8
0
62
256
6
ByLayer
370
-1
48
1.0
60
0
100
AcDbLine
10
158.794006347656
20
85.681999206543
30
0.0
11
157.27799987793
21
84.806999206543
31
0.0
39
0.0
210
0.0
220
0.0
230
1.0
0
LINE
5
7F7
330
17
100
AcDbEntity
67
0
8
0
62
256
6
ByLayer
370
-1
48
1.0
60
0
100
AcDbLine
10
157.27799987793
20
84.806999206543
30
0.0
11
155.763000488281
21
85.681999206543
31
0.0
39
0.0
210
0.0
220
0.0
230
1.0
0
LINE
5
7F8
330
17
100
AcDbEntity
67
0
8
0
62
256
6
ByLayer
370
-1
48
1.0
60
0
100
AcDbLine
10
155.763000488281
20
85.681999206543
30
0.0
11
155.763000488281
21
87.431999206543
31
0.0
39
0.0
210
0.0
220
0.0
230
1.0
0
LINE
5
7F9
330
17
100
AcDbEntity
67
0
8
0
62
256
6
ByLayer
370
-1
48
1.0
60
0
100
AcDbLine
10
155.763000488281
20
87.431999206543
30
0.0
11
157.27799987793
21
88.306999206543
31
0.0
39
0.0
210
0.0
220
0.0
230
1.0
0
LINE
5
7FA
330
17
100
AcDbEntity
67
0
8
0
62
256
6
ByLayer
370
-1
48
1.0
60
0
100
AcDbLine
10
157.27799987793
20
88.306999206543
30
0.0
11
158.794006347656
21
87.431999206543
31
0.0
39
0.0
210
0.0
220
0.0
230
1.0
0
LINE
5
7FB
330
17
100
AcDbEntity
67
0
8
0
62
256
6
ByLayer
370
-1
48
1.0
60
0
100
AcDbLine
10
158.794006347656
20
87.431999206543
30
0.0
11
158.794006347656
21
85.681999206543
31
0.0
39
0.0
210
0.0
220
0.0
230
1.0
0
LINE
5
7FC
330
17
100
AcDbEntity
67
0
8
0
62
256
6
ByLayer
370
-1
48
1.0
60
0
100
AcDbLine
10
162.324996948242
20
85.681999206543
30
0.0
11
160.809005737305
21
84.806999206543
31
0.0
39
0.0
210
0.0
220
0.0
230
1.0
0
LINE
5
7FD
330
17
100
AcDbEntity
67
0
8
0
62
256
6
ByLayer
370
-1
48
1.0
60
0
100
AcDbLine
10
160.809005737305
20
84.806999206543
30
0.0
11
159.294006347656
21
85.681999206543
31
0.0
39
0.0
210
0.0
220
0.0
230
1.0
0
LINE
5
7FE
330
17
100
AcDbEntity
67
0
8
0
62
256
6
ByLayer
370
-1
48
1.0
60
0
100
AcDbLine
10
159.294006347656
20
85.681999206543
30
0.0
11
159.294006347656
21
87.431999206543
31
0.0
39
0.0
210
0.0
220
0.0
230
1.0
0
LINE
5
7FF
330
17
100
AcDbEntity
67
0
8
0
62
256
6
ByLayer
370
-1
48
1.0
60
0
100
AcDbLine
10
159.294006347656
20
87.431999206543
30
0.0
11
160.809005737305
21
88.306999206543
31
0.0
39
0.0
210
0.0
220
0.0
230
1.0
0
LINE
5
800
330
17
100
AcDbEntity
67
0
8
0
62
256
6
ByLayer
370
-1
48
1.0
60
0
100
AcDbLine
10
160.809005737305
20
88.306999206543
30
0.0
11
162.324996948242
21
87.431999206543
31
0.0
39
0.0
210
0.0
220
0.0
230
1.0
0
LINE
5
801
330
17
100
AcDbEntity
67
0
8
0
62
256
6
ByLayer
370
-1
48
1.0
60
0
100
AcDbLine
10
162.324996948242
20
87.431999206543
30
0.0
11
162.324996948242
21
85.681999206543
31
0.0
39
0.0
210
0.0
220
0.0
230
1.0
0
LINE
5
802
330
17
100
AcDbEntity
67
0
8
0
62
256
6
ByLayer
370
-1
48
1.0
60
0
100
AcDbLine
10
165.856002807617
20
85.681999206543
30
0.0
11
164.341003417969
21
84.806999206543
31
0.0
39
0.0
210
0.0
220
0.0
230
1.0
0
LINE
5
803
330
17
100
AcDbEntity
67
0
8
0
62
256
6
ByLayer
370
-1
48
1.0
60
0
100
AcDbLine
10
164.341003417969
20
84.806999206543
30
0.0
11
162.824996948242
21
85.681999206543
31
0.0
39
0.0
210
0.0
220
0.0
230
1.0
0
LINE
5
804
330
17
100
AcDbEntity
67
0
8
0
62
256
6
ByLayer
370
-1
48
1.0
60
0
100
AcDbLine
10
162.824996948242
20
85.681999206543
30
0.0
11
162.824996948242
21
87.431999206543
31
0.0
39
0.0
210
0.0
220
0.0
230
1.0
0
LINE
5
805
330
17
100
AcDbEntity
67
0
8
0
62
256
6
ByLayer
370
-1
48
1.0
60
0
100
AcDbLine
10
162.824996948242
20
87.431999206543
30
0.0
11
164.341003417969
21
88.306999206543
31
0.0
39
0.0
210
0.0
220
0.0
230
1.0
0
LINE
5
806
330
17
100
AcDbEntity
67
0
8
0
62
256
6
ByLayer
370
-1
48
1.0
60
0
100
AcDbLine
10
164.341003417969
20
88.306999206543
30
0.0
11
165.856002807617
21
87.431999206543
31
0.0
39
0.0
210
0.0
220
0.0
230
1.0
0
LINE
5
807
330
17
100
AcDbEntity
67
0
8
0
62
256
6
ByLayer
370
-1
48
1.0
60
0
100
AcDbLine
10
165.856002807617
20
87.431999206543
30
0.0
11
165.856002807617
21
85.681999206543
31
0.0
39
0.0
210
0.0
220
0.0
230
1.0
0
LINE
5
808
330
17
100
AcDbEntity
67
0
8
0
62
256
6
ByLayer
370
-1
48
1.0
60
0
100
AcDbLine
10
168.216995239258
20
86.3580017089844
30
0.0
11
167.811996459961
21
88.2730026245117
31
0.0
39
0.0
210
0.0
220
0.0
230
1.0
0
LINE
5
809
330
17
100
AcDbEntity
67
0
8
0
62
256
6
ByLayer
370
-1
48
1.0
60
0
100
AcDbLine
10
167.811996459961
20
88.2730026245117
30
0.0
11
166.356002807617
21
87.431999206543
31
0.0
39
0.0
210
0.0
220
0.0
230
1.0
0
LINE
5
80A
330
17
100
AcDbEntity
67
0
8
0
62
256
6
ByLayer
370
-1
48
1.0
60
0
100
AcDbLine
10
166.356002807617
20
87.431999206543
30
0.0
11
166.356002807617
21
85.681999206543
31
0.0
39
0.0
210
0.0
220
0.0
230
1.0
0
LINE
5
80B
330
17
100
AcDbEntity
67
0
8
0
62
256
6
ByLayer
370
-1
48
1.0
60
0
100
AcDbLine
10
166.356002807617
20
85.681999206543
30
0.0
11
167.871994018555
21
84.806999206543
31
0.0
39
0.0
210
0.0
220
0.0
230
1.0
0
LINE
5
80C
330
17
100
AcDbEntity
67
0
8
0
62
256
6
ByLayer
370
-1
48
1.0
60
0
100
AcDbLine
10
167.871994018555
20
84.806999206543
30
0.0
11
168.610992431641
21
85.234001159668
31
0.0
39
0.0
210
0.0
220
0.0
230
1.0
0
LINE
5
80D
330
17
100
AcDbEntity
67
0
8
0
62
256
6
ByLayer
370
-1
48
1.0
60
0
100
AcDbLine
10
168.610992431641
20
85.234001159668
30
0.0
11
168.216995239258
21
86.3580017089844
31
0.0
39
0.0
210
0.0
220
0.0
230
1.0
0
LINE
5
80E
330
17
100
AcDbEntity
67
0
8
0
62
256
6
ByLayer
370
-1
48
1.0
60
0
100
AcDbLine
10
98.411003112793
20
82.2990036010742
30
0.0
11
98.3730010986328
21
82.1210021972656
31
0.0
39
0.0
210
0.0
220
0.0
230
1.0
0
LINE
5
80F
330
17
100
AcDbEntity
67
0
8
0
62
256
6
ByLayer
370
-1
48
1.0
60
0
100
AcDbLine
10
98.3730010986328
20
82.1210021972656
30
0.0
11
99.0149993896484
21
81.7490005493164
31
0.0
39
0.0
210
0.0
220
0.0
230
1.0
0
LINE
5
810
330
17
100
AcDbEntity
67
0
8
0
62
256
6
ByLayer
370
-1
48
1.0
60
0
100
AcDbLine
10
99.0149993896484
20
81.7490005493164
30
0.0
11
100.152000427246
21
82.4049987792969
31
0.0
39
0.0
210
0.0
220
0.0
230
1.0
0
LINE
5
811
330
17
100
AcDbEntity
67
0
8
0
62
256
6
ByLayer
370
-1
48
1.0
60
0
100
AcDbLine
10
100.152000427246
20
82.4049987792969
30
0.0
11
98.411003112793
21
82.2990036010742
31
0.0
39
0.0
210
0.0
220
0.0
230
1.0
0
LINE
5
812
330
17
100
AcDbEntity
67
0
8
0
62
256
6
ByLayer
370
-1
48
1.0
60
0
100
AcDbLine
10
101.290000915527
20
82.4749984741211
30
0.0
11
102.545997619629
21
81.7490005493164
31
0.0
39
0.0
210
0.0
220
0.0
230
1.0
0
LINE
5
813
330
17
100
AcDbEntity
67
0
8
0
62
256
6
ByLayer
370
-1
48
1.0
60
0
100
AcDbLine
10
102.545997619629
20
81.7490005493164
30
0.0
11
104.061996459961
21
82.6240005493164
31
0.0
39
0.0
210
0.0
220
0.0
230
1.0
0
LINE
5
814
330
17
100
AcDbEntity
67
0
8
0
62
256
6
ByLayer
370
-1
48
1.0
60
0
100
AcDbLine
10
104.061996459961
20
82.6240005493164
30
0.0
11
104.061996459961
21
82.6439971923828
31
0.0
39
0.0
210
0.0
220
0.0
230
1.0
0
LINE
5
815
330
17
100
AcDbEntity
67
0
8
0
62
256
6
ByLayer
370
-1
48
1.0
60
0
100
AcDbLine
10
104.061996459961
20
82.6439971923828
30
0.0
11
101.290000915527
21
82.4749984741211
31
0.0
39
0.0
210
0.0
220
0.0
230
1.0
0
LINE
5
816
330
17
100
AcDbEntity
67
0
8
0
62
256
6
ByLayer
370
-1
48
1.0
60
0
100
AcDbLine
10
104.561996459961
20
82.6740036010742
30
0.0
11
104.561996459961
21
82.6240005493164
31
0.0
39
0.0
210
0.0
220
0.0
230
1.0
0
LINE
5
817
330
17
100
AcDbEntity
67
0
8
0
62
256
6
ByLayer
370
-1
48
1.0
60
0
100
AcDbLine
10
104.561996459961
20
82.6240005493164
30
0.0
11
106.078002929688
21
81.7490005493164
31
0.0
39
0.0
210
0.0
220
0.0
230
1.0
0
LINE
5
818
330
17
100
AcDbEntity
67
0
8
0
62
256
6
ByLayer
370
-1
48
1.0
60
0
100
AcDbLine
10
106.078002929688
20
81.7490005493164
30
0.0
11
107.593002319336
21
82.6240005493164
31
0.0
39
0.0
210
0.0
220
0.0
230
1.0
0
LINE
5
819
330
17
100
AcDbEntity
67
0
8
0
62
256
6
ByLayer
370
-1
48
1.0
60
0
100
AcDbLine
10
107.593002319336
20
82.6240005493164
30
0.0
11
107.593002319336
21
82.859001159668
31
0.0
39
0.0
210
0.0
220
0.0
230
1.0
0
LINE
5
81A
330
17
100
AcDbEntity
67
0
8
0
62
256
6
ByLayer
370
-1
48
1.0
60
0
100
AcDbLine
10
107.593002319336
20
82.859001159668
30
0.0
11
104.561996459961
21
82.6740036010742
31
0.0
39
0.0
210
0.0
220
0.0
230
1.0
0
LINE
5
81B
330
17
100
AcDbEntity
67
0
8
0
62
256
6
ByLayer
370
-1
48
1.0
60
0
100
AcDbLine
10
109.146003723145
20
82.9530029296875
30
0.0
11
108.093002319336
21
82.8889999389648
31
0.0
39
0.0
210
0.0
220
0.0
230
1.0
0
LINE
5
81C
330
17
100
AcDbEntity
67
0
8
0
62
256
6
ByLayer
370
-1
48
1.0
60
0
100
AcDbLine
10
108.093002319336
20
82.8889999389648
30
0.0
11
108.093002319336
21
82.6240005493164
31
0.0
39
0.0
210
0.0
220
0.0
230
1.0
0
LINE
5
81D
330
17
100
AcDbEntity
67
0
8
0
62
256
6
ByLayer
370
-1
48
1.0
60
0
100
AcDbLine
10
108.093002319336
20
82.6240005493164
30
0.0
11
109.609001159668
21
81.7490005493164
31
0.0
39
0.0
210
0.0
220
0.0
230
1.0
0
LINE
5
81E
330
17
100
AcDbEntity
67
0
8
0
62
256
6
ByLayer
370
-1
48
1.0
60
0
100
AcDbLine
10
109.609001159668
20
81.7490005493164
30
0.0
11
111.124000549316
21
82.6240005493164
31
0.0
39
0.0
210
0.0
220
0.0
230
1.0
0
LINE
5
81F
330
17
100
AcDbEntity
67
0
8
0
62
256
6
ByLayer
370
-1
48
1.0
60
0
100
AcDbLine
10
111.124000549316
20
82.6240005493164
30
0.0
11
111.124000549316
21
83.2679977416992
31
0.0
39
0.0
210
0.0
220
0.0
230
1.0
0
LINE
5
820
330
17
100
AcDbEntity
67
0
8
0
62
256
6
ByLayer
370
-1
48
1.0
60
0
100
AcDbLine
10
111.124000549316
20
83.2679977416992
30
0.0
11
109.146003723145
21
82.9530029296875
31
0.0
39
0.0
210
0.0
220
0.0
230
1.0
0
LINE
5
821
330
17
100
AcDbEntity
67
0
8
0
62
256
6
ByLayer
370
-1
48
1.0
60
0
100
AcDbLine
10
113.634002685547
20
83.6669998168945
30
0.0
11
111.624000549316
21
83.3470001220703
31
0.0
39
0.0
210
0.0
220
0.0
230
1.0
0
LINE
5
822
330
17
100
AcDbEntity
67
0
8
0
62
256
6
ByLayer
370
-1
48
1.0
60
0
100
AcDbLine
10
111.624000549316
20
83.3470001220703
30
0.0
11
111.624000549316
21
82.6240005493164
31
0.0
39
0.0
210
0.0
220
0.0
230
1.0
0
LINE
5
823
330
17
100
AcDbEntity
67
0
8
0
62
256
6
ByLayer
370
-1
48
1.0
60
0
100
AcDbLine
10
111.624000549316
20
82.6240005493164
30
0.0
11
113.139999389648
21
81.7490005493164
31
0.0
39
0.0
210
0.0
220
0.0
230
1.0
0
LINE
5
824
330
17
100
AcDbEntity
67
0
8
0
62
256
6
ByLayer
370
-1
48
1.0
60
0
100
AcDbLine
10
113.139999389648
20
81.7490005493164
30
0.0
11
114.654998779297
21
82.6240005493164
31
0.0
39
0.0
210
0.0
220
0.0
230
1.0
0
LINE
5
825
330
17
100
AcDbEntity
67
0
8
0
62
256
6
ByLayer
370
-1
48
1.0
60
0
100
AcDbLine
10
114.654998779297
20
82.6240005493164
30
0.0
11
114.654998779297
21
83.9290008544922
31
0.0
39
0.0
210
0.0
220
0.0
230
1.0
0
LINE
5
826
330
17
100
AcDbEntity
67
0
8
0
62
256
6
ByLayer
370
-1
48
1.0
60
0
100
AcDbLine
10
114.654998779297
20
83.9290008544922
30
0.0
11
113.634002685547
21
83.6669998168945
31
0.0
39
0.0
210
0.0
220
0.0
230
1.0
0
LINE
5
827
330
17
100
AcDbEntity
67
0
8
0
62
256
6
ByLayer
370
-1
48
1.0
60
0
100
AcDbLine
10
115.718002319336
20
84.2030029296875
30
0.0
11
115.154998779297
21
84.0579986572266
31
0.0
39
0.0
210
0.0
220
0.0
230
1.0
0
LINE
5
828
330
17
100
AcDbEntity
67
0
8
0
62
256
6
ByLayer
370
-1
48
1.0
60
0
100
AcDbLine
10
115.154998779297
20
84.0579986572266
30
0.0
11
115.154998779297
21
82.6240005493164
31
0.0
39
0.0
210
0.0
220
0.0
230
1.0
0
LINE
5
829
330
17
100
AcDbEntity
67
0
8
0
62
256
6
ByLayer
370
-1
48
1.0
60
0
100
AcDbLine
10
115.154998779297
20
82.6240005493164
30
0.0
11
116.670997619629
21
81.7490005493164
31
0.0
39
0.0
210
0.0
220
0.0
230
1.0
0
LINE
5
82A
330
17
100
AcDbEntity
67
0
8
0
62
256
6
ByLayer
370
-1
48
1.0
60
0
100
AcDbLine
10
116.670997619629
20
81.7490005493164
30
0.0
11
118.185997009277
21
82.6240005493164
31
0.0
39
0.0
210
0.0
220
0.0
230
1.0
0
LINE
5
82B
330
17
100
AcDbEntity
67
0
8
0
62
256
6
ByLayer
370
-1
48
1.0
60
0
100
AcDbLine
10
118.185997009277
20
82.6240005493164
30
0.0
11
118.185997009277
21
84.3740005493164
31
0.0
39
0.0
210
0.0
220
0.0
230
1.0
0
LINE
5
82C
330
17
100
AcDbEntity
67
0
8
0
62
256
6
ByLayer
370
-1
48
1.0
60
0
100
AcDbLine
10
118.185997009277
20
84.3740005493164
30
0.0
11
117.443000793457
21
84.8040008544922
31
0.0
39
0.0
210
0.0
220
0.0
230
1.0
0
LINE
5
82D
330
17
100
AcDbEntity
67
0
8
0
62
256
6
ByLayer
370
-1
48
1.0
60
0
100
AcDbLine
10
117.443000793457
20
84.8040008544922
30
0.0
11
115.718002319336
21
84.2030029296875
31
0.0
39
0.0
210
0.0
220
0.0
230
1.0
0
LINE
5
82E
330
17
100
AcDbEntity
67
0
8
0
62
256
6
ByLayer
370
-1
48
1.0
60
0
100
AcDbLine
10
121.717002868652
20
82.6240005493164
30
0.0
11
120.202003479004
21
81.7490005493164
31
0.0
39
0.0
210
0.0
220
0.0
230
1.0
0
LINE
5
82F
330
17
100
AcDbEntity
67
0
8
0
62
256
6
ByLayer
370
-1
48
1.0
60
0
100
AcDbLine
10
120.202003479004
20
81.7490005493164
30
0.0
11
118.685997009277
21
82.6240005493164
31
0.0
39
0.0
210
0.0
220
0.0
230
1.0
0
LINE
5
830
330
17
100
AcDbEntity
67
0
8
0
62
256
6
ByLayer
370
-1
48
1.0
60
0
100
AcDbLine
10
118.685997009277
20
82.6240005493164
30
0.0
11
118.685997009277
21
84.3740005493164
31
0.0
39
0.0
210
0.0
220
0.0
230
1.0
0
LINE
5
831
330
17
100
AcDbEntity
67
0
8
0
62
256
6
ByLayer
370
-1
48
1.0
60
0
100
AcDbLine
10
118.685997009277
20
84.3740005493164
30
0.0
11
120.202003479004
21
85.2490005493164
31
0.0
39
0.0
210
0.0
220
0.0
230
1.0
0
LINE
5
832
330
17
100
AcDbEntity
67
0
8
0
62
256
6
ByLayer
370
-1
48
1.0
60
0
100
AcDbLine
10
120.202003479004
20
85.2490005493164
30
0.0
11
121.717002868652
21
84.3740005493164
31
0.0
39
0.0
210
0.0
220
0.0
230
1.0
0
LINE
5
833
330
17
100
AcDbEntity
67
0
8
0
62
256
6
ByLayer
370
-1
48
1.0
60
0
100
AcDbLine
10
121.717002868652
20
84.3740005493164
30
0.0
11
121.717002868652
21
82.6240005493164
31
0.0
39
0.0
210
0.0
220
0.0
230
1.0
0
LINE
5
834
330
17
100
AcDbEntity
67
0
8
0
62
256
6
ByLayer
370
-1
48
1.0
60
0
100
AcDbLine
10
125.249000549316
20
82.6240005493164
30
0.0
11
123.733001708984
21
81.7490005493164
31
0.0
39
0.0
210
0.0
220
0.0
230
1.0
0
LINE
5
835
330
17
100
AcDbEntity
67
0
8
0
62
256
6
ByLayer
370
-1
48
1.0
60
0
100
AcDbLine
10
123.733001708984
20
81.7490005493164
30
0.0
11
122.217002868652
21
82.6240005493164
31
0.0
39
0.0
210
0.0
220
0.0
230
1.0
0
LINE
5
836
330
17
100
AcDbEntity
67
0
8
0
62
256
6
ByLayer
370
-1
48
1.0
60
0
100
AcDbLine
10
122.217002868652
20
82.6240005493164
30
0.0
11
122.217002868652
21
84.3740005493164
31
0.0
39
0.0
210
0.0
220
0.0
230
1.0
0
LINE
5
837
330
17
100
AcDbEntity
67
0
8
0
62
256
6
ByLayer
370
-1
48
1.0
60
0
100
AcDbLine
10
122.217002868652
20
84.3740005493164
30
0.0
11
123.733001708984
21
85.2490005493164
31
0.0
39
0.0
210
0.0
220
0.0
230
1.0
0
LINE
5
838
330
17
100
AcDbEntity
67
0
8
0
62
256
6
ByLayer
370
-1
48
1.0
60
0
100
AcDbLine
10
123.733001708984
20
85.2490005493164
30
0.0
11
125.249000549316
21
84.3740005493164
31
0.0
39
0.0
210
0.0
220
0.0
230
1.0
0
LINE
5
839
330
17
100
AcDbEntity
67
0
8
0
62
256
6
ByLayer
370
-1
48
1.0
60
0
100
AcDbLine
10
125.249000549316
20
84.3740005493164
30
0.0
11
125.249000549316
21
82.6240005493164
31
0.0
39
0.0
210
0.0
220
0.0
230
1.0
0
LINE
5
83A
330
17
100
AcDbEntity
67
0
8
0
62
256
6
ByLayer
370
-1
48
1.0
60
0
100
AcDbLine
10
128.779998779297
20
82.6240005493164
30
0.0
11
127.263999938965
21
81.7490005493164
31
0.0
39
0.0
210
0.0
220
0.0
230
1.0
0
LINE
5
83B
330
17
100
AcDbEntity
67
0
8
0
62
256
6
ByLayer
370
-1
48
1.0
60
0
100
AcDbLine
10
127.263999938965
20
81.7490005493164
30
0.0
11
125.749000549316
21
82.6240005493164
31
0.0
39
0.0
210
0.0
220
0.0
230
1.0
0
LINE
5
83C
330
17
100
AcDbEntity
67
0
8
0
62
256
6
ByLayer
370
-1
48
1.0
60
0
100
AcDbLine
10
125.749000549316
20
82.6240005493164
30
0.0
11
125.749000549316
21
84.3740005493164
31
0.0
39
0.0
210
0.0
220
0.0
230
1.0
0
LINE
5
83D
330
17
100
AcDbEntity
67
0
8
0
62
256
6
ByLayer
370
-1
48
1.0
60
0
100
AcDbLine
10
125.749000549316
20
84.3740005493164
30
0.0
11
127.263999938965
21
85.2490005493164
31
0.0
39
0.0
210
0.0
220
0.0
230
1.0
0
LINE
5
83E
330
17
100
AcDbEntity
67
0
8
0
62
256
6
ByLayer
370
-1
48
1.0
60
0
100
AcDbLine
10
127.263999938965
20
85.2490005493164
30
0.0
11
128.779998779297
21
84.3740005493164
31
0.0
39
0.0
210
0.0
220
0.0
230
1.0
0
LINE
5
83F
330
17
100
AcDbEntity
67
0
8
0
62
256
6
ByLayer
370
-1
48
1.0
60
0
100
AcDbLine
10
128.779998779297
20
84.3740005493164
30
0.0
11
128.779998779297
21
82.6240005493164
31
0.0
39
0.0
210
0.0
220
0.0
230
1.0
0
LINE
5
840
330
17
100
AcDbEntity
67
0
8
0
62
256
6
ByLayer
370
-1
48
1.0
60
0
100
AcDbLine
10
132.311004638672
20
82.6240005493164
30
0.0
11
130.794998168945
21
81.7490005493164
31
0.0
39
0.0
210
0.0
220
0.0
230
1.0
0
LINE
5
841
330
17
100
AcDbEntity
67
0
8
0
62
256
6
ByLayer
370
-1
48
1.0
60
0
100
AcDbLine
10
130.794998168945
20
81.7490005493164
30
0.0
11
129.279998779297
21
82.6240005493164
31
0.0
39
0.0
210
0.0
220
0.0
230
1.0
0
LINE
5
842
330
17
100
AcDbEntity
67
0
8
0
62
256
6
ByLayer
370
-1
48
1.0
60
0
100
AcDbLine
10
129.279998779297
20
82.6240005493164
30
0.0
11
129.279998779297
21
84.3740005493164
31
0.0
39
0.0
210
0.0
220
0.0
230
1.0
0
LINE
5
843
330
17
100
AcDbEntity
67
0
8
0
62
256
6
ByLayer
370
-1
48
1.0
60
0
100
AcDbLine
10
129.279998779297
20
84.3740005493164
30
0.0
11
130.794998168945
21
85.2490005493164
31
0.0
39
0.0
210
0.0
220
0.0
230
1.0
0
LINE
5
844
330
17
100
AcDbEntity
67
0
8
0
62
256
6
ByLayer
370
-1
48
1.0
60
0
100
AcDbLine
10
130.794998168945
20
85.2490005493164
30
0.0
11
132.311004638672
21
84.3740005493164
31
0.0
39
0.0
210
0.0
220
0.0
230
1.0
0
LINE
5
845
330
17
100
AcDbEntity
67
0
8
0
62
256
6
ByLayer
370
-1
48
1.0
60
0
100
AcDbLine
10
132.311004638672
20
84.3740005493164
30
0.0
11
132.311004638672
21
82.6240005493164
31
0.0
39
0.0
210
0.0
220
0.0
230
1.0
0
LINE
5
846
330
17
100
AcDbEntity
67
0
8
0
62
256
6
ByLayer
370
-1
48
1.0
60
0
100
AcDbLine
10
135.841995239258
20
82.6240005493164
30
0.0
11
134.32600402832
21
81.7490005493164
31
0.0
39
0.0
210
0.0
220
0.0
230
1.0
0
LINE
5
847
330
17
100
AcDbEntity
67
0
8
0
62
256
6
ByLayer
370
-1
48
1.0
60
0
100
AcDbLine
10
134.32600402832
20
81.7490005493164
30
0.0
11
132.811004638672
21
82.6240005493164
31
0.0
39
0.0
210
0.0
220
0.0
230
1.0
0
LINE
5
848
330
17
100
AcDbEntity
67
0
8
0
62
256
6
ByLayer
370
-1
48
1.0
60
0
100
AcDbLine
10
132.811004638672
20
82.6240005493164
30
0.0
11
132.811004638672
21
84.3740005493164
31
0.0
39
0.0
210
0.0
220
0.0
230
1.0
0
LINE
5
849
330
17
100
AcDbEntity
67
0
8
0
62
256
6
ByLayer
370
-1
48
1.0
60
0
100
AcDbLine
10
132.811004638672
20
84.3740005493164
30
0.0
11
134.32600402832
21
85.2490005493164
31
0.0
39
0.0
210
0.0
220
0.0
230
1.0
0
LINE
5
84A
330
17
100
AcDbEntity
67
0
8
0
62
256
6
ByLayer
370
-1
48
1.0
60
0
100
AcDbLine
10
134.32600402832
20
85.2490005493164
30
0.0
11
135.841995239258
21
84.3740005493164
31
0.0
39
0.0
210
0.0
220
0.0
230
1.0
0
LINE
5
84B
330
17
100
AcDbEntity
67
0
8
0
62
256
6
ByLayer
370
-1
48
1.0
60
0
100
AcDbLine
10
135.841995239258
20
84.3740005493164
30
0.0
11
135.841995239258
21
82.6240005493164
31
0.0
39
0.0
210
0.0
220
0.0
230
1.0
0
LINE
5
84C
330
17
100
AcDbEntity
67
0
8
0
62
256
6
ByLayer
370
-1
48
1.0
60
0
100
AcDbLine
10
139.373001098633
20
82.6240005493164
30
0.0
11
137.856994628906
21
81.7490005493164
31
0.0
39
0.0
210
0.0
220
0.0
230
1.0
0
LINE
5
84D
330
17
100
AcDbEntity
67
0
8
0
62
256
6
ByLayer
370
-1
48
1.0
60
0
100
AcDbLine
10
137.856994628906
20
81.7490005493164
30
0.0
11
136.341995239258
21
82.6240005493164
31
0.0
39
0.0
210
0.0
220
0.0
230
1.0
0
LINE
5
84E
330
17
100
AcDbEntity
67
0
8
0
62
256
6
ByLayer
370
-1
48
1.0
60
0
100
AcDbLine
10
136.341995239258
20
82.6240005493164
30
0.0
11
136.341995239258
21
84.3740005493164
31
0.0
39
0.0
210
0.0
220
0.0
230
1.0
0
LINE
5
84F
330
17
100
AcDbEntity
67
0
8
0
62
256
6
ByLayer
370
-1
48
1.0
60
0
100
AcDbLine
10
136.341995239258
20
84.3740005493164
30
0.0
11
137.856994628906
21
85.2490005493164
31
0.0
39
0.0
210
0.0
220
0.0
230
1.0
0
LINE
5
850
330
17
100
AcDbEntity
67
0
8
0
62
256
6
ByLayer
370
-1
48
1.0
60
0
100
AcDbLine
10
137.856994628906
20
85.2490005493164
30
0.0
11
139.373001098633
21
84.3740005493164
31
0.0
39
0.0
210
0.0
220
0.0
230
1.0
0
LINE
5
851
330
17
100
AcDbEntity
67
0
8
0
62
256
6
ByLayer
370
-1
48
1.0
60
0
100
AcDbLine
10
139.373001098633
20
84.3740005493164
30
0.0
11
139.373001098633
21
82.6240005493164
31
0.0
39
0.0
210
0.0
220
0.0
230
1.0
0
LINE
5
852
330
17
100
AcDbEntity
67
0
8
0
62
256
6
ByLayer
370
-1
48
1.0
60
0
100
AcDbLine
10
142.904006958008
20
82.6240005493164
30
0.0
11
141.388000488281
21
81.7490005493164
31
0.0
39
0.0
210
0.0
220
0.0
230
1.0
0
LINE
5
853
330
17
100
AcDbEntity
67
0
8
0
62
256
6
ByLayer
370
-1
48
1.0
60
0
100
AcDbLine
10
141.388000488281
20
81.7490005493164
30
0.0
11
139.873001098633
21
82.6240005493164
31
0.0
39
0.0
210
0.0
220
0.0
230
1.0
0
LINE
5
854
330
17
100
AcDbEntity
67
0
8
0
62
256
6
ByLayer
370
-1
48
1.0
60
0
100
AcDbLine
10
139.873001098633
20
82.6240005493164
30
0.0
11
139.873001098633
21
84.3740005493164
31
0.0
39
0.0
210
0.0
220
0.0
230
1.0
0
LINE
5
855
330
17
100
AcDbEntity
67
0
8
0
62
256
6
ByLayer
370
-1
48
1.0
60
0
100
AcDbLine
10
139.873001098633
20
84.3740005493164
30
0.0
11
141.388000488281
21
85.2490005493164
31
0.0
39
0.0
210
0.0
220
0.0
230
1.0
0
LINE
5
856
330
17
100
AcDbEntity
67
0
8
0
62
256
6
ByLayer
370
-1
48
1.0
60
0
100
AcDbLine
10
141.388000488281
20
85.2490005493164
30
0.0
11
142.904006958008
21
84.3740005493164
31
0.0
39
0.0
210
0.0
220
0.0
230
1.0
0
LINE
5
857
330
17
100
AcDbEntity
67
0
8
0
62
256
6
ByLayer
370
-1
48
1.0
60
0
100
AcDbLine
10
142.904006958008
20
84.3740005493164
30
0.0
11
142.904006958008
21
82.6240005493164
31
0.0
39
0.0
210
0.0
220
0.0
230
1.0
0
LINE
5
858
330
17
100
AcDbEntity
67
0
8
0
62
256
6
ByLayer
370
-1
48
1.0
60
0
100
AcDbLine
10
146.434997558594
20
82.6240005493164
30
0.0
11
144.919998168945
21
81.7490005493164
31
0.0
39
0.0
210
0.0
220
0.0
230
1.0
0
LINE
5
859
330
17
100
AcDbEntity
67
0
8
0
62
256
6
ByLayer
370
-1
48
1.0
60
0
100
AcDbLine
10
144.919998168945
20
81.7490005493164
30
0.0
11
143.404006958008
21
82.6240005493164
31
0.0
39
0.0
210
0.0
220
0.0
230
1.0
0
LINE
5
85A
330
17
100
AcDbEntity
67
0
8
0
62
256
6
ByLayer
370
-1
48
1.0
60
0
100
AcDbLine
10
143.404006958008
20
82.6240005493164
30
0.0
11
143.404006958008
21
84.3740005493164
31
0.0
39
0.0
210
0.0
220
0.0
230
1.0
0
LINE
5
85B
330
17
100
AcDbEntity
67
0
8
0
62
256
6
ByLayer
370
-1
48
1.0
60
0
100
AcDbLine
10
143.404006958008
20
84.3740005493164
30
0.0
11
144.919998168945
21
85.2490005493164
31
0.0
39
0.0
210
0.0
220
0.0
230
1.0
0
LINE
5
85C
330
17
100
AcDbEntity
67
0
8
0
62
256
6
ByLayer
370
-1
48
1.0
60
0
100
AcDbLine
10
144.919998168945
20
85.2490005493164
30
0.0
11
146.434997558594
21
84.3740005493164
31
0.0
39
0.0
210
0.0
220
0.0
230
1.0
0
LINE
5
85D
330
17
100
AcDbEntity
67
0
8
0
62
256
6
ByLayer
370
-1
48
1.0
60
0
100
AcDbLine
10
146.434997558594
20
84.3740005493164
30
0.0
11
146.434997558594
21
82.6240005493164
31
0.0
39
0.0
210
0.0
220
0.0
230
1.0
0
LINE
5
85E
330
17
100
AcDbEntity
67
0
8
0
62
256
6
ByLayer
370
-1
48
1.0
60
0
100
AcDbLine
10
149.966003417969
20
82.6240005493164
30
0.0
11
148.45100402832
21
81.7490005493164
31
0.0
39
0.0
210
0.0
220
0.0
230
1.0
0
LINE
5
85F
330
17
100
AcDbEntity
67
0
8
0
62
256
6
ByLayer
370
-1
48
1.0
60
0
100
AcDbLine
10
148.45100402832
20
81.7490005493164
30
0.0
11
146.934997558594
21
82.6240005493164
31
0.0
39
0.0
210
0.0
220
0.0
230
1.0
0
LINE
5
860
330
17
100
AcDbEntity
67
0
8
0
62
256
6
ByLayer
370
-1
48
1.0
60
0
100
AcDbLine
10
146.934997558594
20
82.6240005493164
30
0.0
11
146.934997558594
21
84.3740005493164
31
0.0
39
0.0
210
0.0
220
0.0
230
1.0
0
LINE
5
861
330
17
100
AcDbEntity
67
0
8
0
62
256
6
ByLayer
370
-1
48
1.0
60
0
100
AcDbLine
10
146.934997558594
20
84.3740005493164
30
0.0
11
148.45100402832
21
85.2490005493164
31
0.0
39
0.0
210
0.0
220
0.0
230
1.0
0
LINE
5
862
330
17
100
AcDbEntity
67
0
8
0
62
256
6
ByLayer
370
-1
48
1.0
60
0
100
AcDbLine
10
148.45100402832
20
85.2490005493164
30
0.0
11
149.966003417969
21
84.3740005493164
31
0.0
39
0.0
210
0.0
220
0.0
230
1.0
0
LINE
5
863
330
17
100
AcDbEntity
67
0
8
0
62
256
6
ByLayer
370
-1
48
1.0
60
0
100
AcDbLine
10
149.966003417969
20
84.3740005493164
30
0.0
11
149.966003417969
21
82.6240005493164
31
0.0
39
0.0
210
0.0
220
0.0
230
1.0
0
LINE
5
864
330
17
100
AcDbEntity
67
0
8
0
62
256
6
ByLayer
370
-1
48
1.0
60
0
100
AcDbLine
10
153.496994018555
20
82.6240005493164
30
0.0
11
151.981994628906
21
81.7490005493164
31
0.0
39
0.0
210
0.0
220
0.0
230
1.0
0
LINE
5
865
330
17
100
AcDbEntity
67
0
8
0
62
256
6
ByLayer
370
-1
48
1.0
60
0
100
AcDbLine
10
151.981994628906
20
81.7490005493164
30
0.0
11
150.466003417969
21
82.6240005493164
31
0.0
39
0.0
210
0.0
220
0.0
230
1.0
0
LINE
5
866
330
17
100
AcDbEntity
67
0
8
0
62
256
6
ByLayer
370
-1
48
1.0
60
0
100
AcDbLine
10
150.466003417969
20
82.6240005493164
30
0.0
11
150.466003417969
21
84.3740005493164
31
0.0
39
0.0
210
0.0
220
0.0
230
1.0
0
LINE
5
867
330
17
100
AcDbEntity
67
0
8
0
62
256
6
ByLayer
370
-1
48
1.0
60
0
100
AcDbLine
10
150.466003417969
20
84.3740005493164
30
0.0
11
151.981994628906
21
85.2490005493164
31
0.0
39
0.0
210
0.0
220
0.0
230
1.0
0
LINE
5
868
330
17
100
AcDbEntity
67
0
8
0
62
256
6
ByLayer
370
-1
48
1.0
60
0
100
AcDbLine
10
151.981994628906
20
85.2490005493164
30
0.0
11
153.496994018555
21
84.3740005493164
31
0.0
39
0.0
210
0.0
220
0.0
230
1.0
0
LINE
5
869
330
17
100
AcDbEntity
67
0
8
0
62
256
6
ByLayer
370
-1
48
1.0
60
0
100
AcDbLine
10
153.496994018555
20
84.3740005493164
30
0.0
11
153.496994018555
21
82.6240005493164
31
0.0
39
0.0
210
0.0
220
0.0
230
1.0
0
LINE
5
86A
330
17
100
AcDbEntity
67
0
8
0
62
256
6
ByLayer
370
-1
48
1.0
60
0
100
AcDbLine
10
157.02799987793
20
82.6240005493164
30
0.0
11
155.513000488281
21
81.7490005493164
31
0.0
39
0.0
210
0.0
220
0.0
230
1.0
0
LINE
5
86B
330
17
100
AcDbEntity
67
0
8
0
62
256
6
ByLayer
370
-1
48
1.0
60
0
100
AcDbLine
10
155.513000488281
20
81.7490005493164
30
0.0
11
153.996994018555
21
82.6240005493164
31
0.0
39
0.0
210
0.0
220
0.0
230
1.0
0
LINE
5
86C
330
17
100
AcDbEntity
67
0
8
0
62
256
6
ByLayer
370
-1
48
1.0
60
0
100
AcDbLine
10
153.996994018555
20
82.6240005493164
30
0.0
11
153.996994018555
21
84.3740005493164
31
0.0
39
0.0
210
0.0
220
0.0
230
1.0
0
LINE
5
86D
330
17
100
AcDbEntity
67
0
8
0
62
256
6
ByLayer
370
-1
48
1.0
60
0
100
AcDbLine
10
153.996994018555
20
84.3740005493164
30
0.0
11
155.513000488281
21
85.2490005493164
31
0.0
39
0.0
210
0.0
220
0.0
230
1.0
0
LINE
5
86E
330
17
100
AcDbEntity
67
0
8
0
62
256
6
ByLayer
370
-1
48
1.0
60
0
100
AcDbLine
10
155.513000488281
20
85.2490005493164
30
0.0
11
157.02799987793
21
84.3740005493164
31
0.0
39
0.0
210
0.0
220
0.0
230
1.0
0
LINE
5
86F
330
17
100
AcDbEntity
67
0
8
0
62
256
6
ByLayer
370
-1
48
1.0
60
0
100
AcDbLine
10
157.02799987793
20
84.3740005493164
30
0.0
11
157.02799987793
21
82.6240005493164
31
0.0
39
0.0
210
0.0
220
0.0
230
1.0
0
LINE
5
870
330
17
100
AcDbEntity
67
0
8
0
62
256
6
ByLayer
370
-1
48
1.0
60
0
100
AcDbLine
10
160.559005737305
20
82.6240005493164
30
0.0
11
159.044006347656
21
81.7490005493164
31
0.0
39
0.0
210
0.0
220
0.0
230
1.0
0
LINE
5
871
330
17
100
AcDbEntity
67
0
8
0
62
256
6
ByLayer
370
-1
48
1.0
60
0
100
AcDbLine
10
159.044006347656
20
81.7490005493164
30
0.0
11
157.52799987793
21
82.6240005493164
31
0.0
39
0.0
210
0.0
220
0.0
230
1.0
0
LINE
5
872
330
17
100
AcDbEntity
67
0
8
0
62
256
6
ByLayer
370
-1
48
1.0
60
0
100
AcDbLine
10
157.52799987793
20
82.6240005493164
30
0.0
11
157.52799987793
21
84.3740005493164
31
0.0
39
0.0
210
0.0
220
0.0
230
1.0
0
LINE
5
873
330
17
100
AcDbEntity
67
0
8
0
62
256
6
ByLayer
370
-1
48
1.0
60
0
100
AcDbLine
10
157.52799987793
20
84.3740005493164
30
0.0
11
159.044006347656
21
85.2490005493164
31
0.0
39
0.0
210
0.0
220
0.0
230
1.0
0
LINE
5
874
330
17
100
AcDbEntity
67
0
8
0
62
256
6
ByLayer
370
-1
48
1.0
60
0
100
AcDbLine
10
159.044006347656
20
85.2490005493164
30
0.0
11
160.559005737305
21
84.3740005493164
31
0.0
39
0.0
210
0.0
220
0.0
230
1.0
0
LINE
5
875
330
17
100
AcDbEntity
67
0
8
0
62
256
6
ByLayer
370
-1
48
1.0
60
0
100
AcDbLine
10
160.559005737305
20
84.3740005493164
30
0.0
11
160.559005737305
21
82.6240005493164
31
0.0
39
0.0
210
0.0
220
0.0
230
1.0
0
LINE
5
876
330
17
100
AcDbEntity
67
0
8
0
62
256
6
ByLayer
370
-1
48
1.0
60
0
100
AcDbLine
10
164.091003417969
20
82.6240005493164
30
0.0
11
162.574996948242
21
81.7490005493164
31
0.0
39
0.0
210
0.0
220
0.0
230
1.0
0
LINE
5
877
330
17
100
AcDbEntity
67
0
8
0
62
256
6
ByLayer
370
-1
48
1.0
60
0
100
AcDbLine
10
162.574996948242
20
81.7490005493164
30
0.0
11
161.059005737305
21
82.6240005493164
31
0.0
39
0.0
210
0.0
220
0.0
230
1.0
0
LINE
5
878
330
17
100
AcDbEntity
67
0
8
0
62
256
6
ByLayer
370
-1
48
1.0
60
0
100
AcDbLine
10
161.059005737305
20
82.6240005493164
30
0.0
11
161.059005737305
21
84.3740005493164
31
0.0
39
0.0
210
0.0
220
0.0
230
1.0
0
LINE
5
879
330
17
100
AcDbEntity
67
0
8
0
62
256
6
ByLayer
370
-1
48
1.0
60
0
100
AcDbLine
10
161.059005737305
20
84.3740005493164
30
0.0
11
162.574996948242
21
85.2490005493164
31
0.0
39
0.0
210
0.0
220
0.0
230
1.0
0
LINE
5
87A
330
17
100
AcDbEntity
67
0
8
0
62
256
6
ByLayer
370
-1
48
1.0
60
0
100
AcDbLine
10
162.574996948242
20
85.2490005493164
30
0.0
11
164.091003417969
21
84.3740005493164
31
0.0
39
0.0
210
0.0
220
0.0
230
1.0
0
LINE
5
87B
330
17
100
AcDbEntity
67
0
8
0
62
256
6
ByLayer
370
-1
48
1.0
60
0
100
AcDbLine
10
164.091003417969
20
84.3740005493164
30
0.0
11
164.091003417969
21
82.6240005493164
31
0.0
39
0.0
210
0.0
220
0.0
230
1.0
0
LINE
5
87C
330
17
100
AcDbEntity
67
0
8
0
62
256
6
ByLayer
370
-1
48
1.0
60
0
100
AcDbLine
10
167.621994018555
20
82.6240005493164
30
0.0
11
166.106002807617
21
81.7490005493164
31
0.0
39
0.0
210
0.0
220
0.0
230
1.0
0
LINE
5
87D
330
17
100
AcDbEntity
67
0
8
0
62
256
6
ByLayer
370
-1
48
1.0
60
0
100
AcDbLine
10
166.106002807617
20
81.7490005493164
30
0.0
11
164.591003417969
21
82.6240005493164
31
0.0
39
0.0
210
0.0
220
0.0
230
1.0
0
LINE
5
87E
330
17
100
AcDbEntity
67
0
8
0
62
256
6
ByLayer
370
-1
48
1.0
60
0
100
AcDbLine
10
164.591003417969
20
82.6240005493164
30
0.0
11
164.591003417969
21
84.3740005493164
31
0.0
39
0.0
210
0.0
220
0.0
230
1.0
0
LINE
5
87F
330
17
100
AcDbEntity
67
0
8
0
62
256
6
ByLayer
370
-1
48
1.0
60
0
100
AcDbLine
10
164.591003417969
20
84.3740005493164
30
0.0
11
166.106002807617
21
85.2490005493164
31
0.0
39
0.0
210
0.0
220
0.0
230
1.0
0
LINE
5
880
330
17
100
AcDbEntity
67
0
8
0
62
256
6
ByLayer
370
-1
48
1.0
60
0
100
AcDbLine
10
166.106002807617
20
85.2490005493164
30
0.0
11
167.621994018555
21
84.3740005493164
31
0.0
39
0.0
210
0.0
220
0.0
230
1.0
0
LINE
5
881
330
17
100
AcDbEntity
67
0
8
0
62
256
6
ByLayer
370
-1
48
1.0
60
0
100
AcDbLine
10
167.621994018555
20
84.3740005493164
30
0.0
11
167.621994018555
21
82.6240005493164
31
0.0
39
0.0
210
0.0
220
0.0
230
1.0
0
LINE
5
882
330
17
100
AcDbEntity
67
0
8
0
62
256
6
ByLayer
370
-1
48
1.0
60
0
100
AcDbLine
10
169.949996948242
20
82.2419967651367
30
0.0
11
168.977005004883
21
84.1880035400391
31
0.0
39
0.0
210
0.0
220
0.0
230
1.0
0
LINE
5
883
330
17
100
AcDbEntity
67
0
8
0
62
256
6
ByLayer
370
-1
48
1.0
60
0
100
AcDbLine
10
168.977005004883
20
84.1880035400391
30
0.0
11
168.779006958008
21
84.7539978027344
31
0.0
39
0.0
210
0.0
220
0.0
230
1.0
0
LINE
5
884
330
17
100
AcDbEntity
67
0
8
0
62
256
6
ByLayer
370
-1
48
1.0
60
0
100
AcDbLine
10
168.779006958008
20
84.7539978027344
30
0.0
11
168.121994018555
21
84.3740005493164
31
0.0
39
0.0
210
0.0
220
0.0
230
1.0
0
LINE
5
885
330
17
100
AcDbEntity
67
0
8
0
62
256
6
ByLayer
370
-1
48
1.0
60
0
100
AcDbLine
10
168.121994018555
20
84.3740005493164
30
0.0
11
168.121994018555
21
82.6240005493164
31
0.0
39
0.0
210
0.0
220
0.0
230
1.0
0
LINE
5
886
330
17
100
AcDbEntity
67
0
8
0
62
256
6
ByLayer
370
-1
48
1.0
60
0
100
AcDbLine
10
168.121994018555
20
82.6240005493164
30
0.0
11
169.636993408203
21
81.7490005493164
31
0.0
39
0.0
210
0.0
220
0.0
230
1.0
0
LINE
5
887
330
17
100
AcDbEntity
67
0
8
0
62
256
6
ByLayer
370
-1
48
1.0
60
0
100
AcDbLine
10
169.636993408203
20
81.7490005493164
30
0.0
11
170.100006103516
21
82.0169982910156
31
0.0
39
0.0
210
0.0
220
0.0
230
1.0
0
LINE
5
888
330
17
100
AcDbEntity
67
0
8
0
62
256
6
ByLayer
370
-1
48
1.0
60
0
100
AcDbLine
10
170.100006103516
20
82.0169982910156
30
0.0
11
169.949996948242
21
82.2419967651367
31
0.0
39
0.0
210
0.0
220
0.0
230
1.0
0
LINE
5
889
330
17
100
AcDbEntity
67
0
8
0
62
256
6
ByLayer
370
-1
48
1.0
60
0
100
AcDbLine
10
60.4230003356934
20
81.1019973754883
30
0.0
11
60.4230003356934
21
79.5660018920898
31
0.0
39
0.0
210
0.0
220
0.0
230
1.0
0
LINE
5
88A
330
17
100
AcDbEntity
67
0
8
0
62
256
6
ByLayer
370
-1
48
1.0
60
0
100
AcDbLine
10
60.4230003356934
20
79.5660018920898
30
0.0
11
61.9389991760254
21
78.6910018920898
31
0.0
39
0.0
210
0.0
220
0.0
230
1.0
0
LINE
5
88B
330
17
100
AcDbEntity
67
0
8
0
62
256
6
ByLayer
370
-1
48
1.0
60
0
100
AcDbLine
10
61.9389991760254
20
78.6910018920898
30
0.0
11
63.4550018310547
21
79.5660018920898
31
0.0
39
0.0
210
0.0
220
0.0
230
1.0
0
LINE
5
88C
330
17
100
AcDbEntity
67
0
8
0
62
256
6
ByLayer
370
-1
48
1.0
60
0
100
AcDbLine
10
63.4550018310547
20
79.5660018920898
30
0.0
11
63.4550018310547
21
81.1039962768555
31
0.0
39
0.0
210
0.0
220
0.0
230
1.0
0
LINE
5
88D
330
17
100
AcDbEntity
67
0
8
0
62
256
6
ByLayer
370
-1
48
1.0
60
0
100
AcDbLine
10
63.4550018310547
20
81.1039962768555
30
0.0
11
60.4230003356934
21
81.1019973754883
31
0.0
39
0.0
210
0.0
220
0.0
230
1.0
0
LINE
5
88E
330
17
100
AcDbEntity
67
0
8
0
62
256
6
ByLayer
370
-1
48
1.0
60
0
100
AcDbLine
10
63.9550018310547
20
81.1039962768555
30
0.0
11
63.9550018310547
21
79.5660018920898
31
0.0
39
0.0
210
0.0
220
0.0
230
1.0
0
LINE
5
88F
330
17
100
AcDbEntity
67
0
8
0
62
256
6
ByLayer
370
-1
48
1.0
60
0
100
AcDbLine
10
63.9550018310547
20
79.5660018920898
30
0.0
11
65.4700012207031
21
78.6910018920898
31
0.0
39
0.0
210
0.0
220
0.0
230
1.0
0
LINE
5
890
330
17
100
AcDbEntity
67
0
8
0
62
256
6
ByLayer
370
-1
48
1.0
60
0
100
AcDbLine
10
65.4700012207031
20
78.6910018920898
30
0.0
11
66.9860000610352
21
79.5660018920898
31
0.0
39
0.0
210
0.0
220
0.0
230
1.0
0
LINE
5
891
330
17
100
AcDbEntity
67
0
8
0
62
256
6
ByLayer
370
-1
48
1.0
60
0
100
AcDbLine
10
66.9860000610352
20
79.5660018920898
30
0.0
11
66.9860000610352
21
81.1070022583008
31
0.0
39
0.0
210
0.0
220
0.0
230
1.0
0
LINE
5
892
330
17
100
AcDbEntity
67
0
8
0
62
256
6
ByLayer
370
-1
48
1.0
60
0
100
AcDbLine
10
66.9860000610352
20
81.1070022583008
30
0.0
11
63.9550018310547
21
81.1039962768555
31
0.0
39
0.0
210
0.0
220
0.0
230
1.0
0
LINE
5
893
330
17
100
AcDbEntity
67
0
8
0
62
256
6
ByLayer
370
-1
48
1.0
60
0
100
AcDbLine
10
67.4860000610352
20
81.1070022583008
30
0.0
11
67.4860000610352
21
79.5660018920898
31
0.0
39
0.0
210
0.0
220
0.0
230
1.0
0
LINE
5
894
330
17
100
AcDbEntity
67
0
8
0
62
256
6
ByLayer
370
-1
48
1.0
60
0
100
AcDbLine
10
67.4860000610352
20
79.5660018920898
30
0.0
11
69.0009994506836
21
78.6910018920898
31
0.0
39
0.0
210
0.0
220
0.0
230
1.0
0
LINE
5
895
330
17
100
AcDbEntity
67
0
8
0
62
256
6
ByLayer
370
-1
48
1.0
60
0
100
AcDbLine
10
69.0009994506836
20
78.6910018920898
30
0.0
11
70.5169982910156
21
79.5660018920898
31
0.0
39
0.0
210
0.0
220
0.0
230
1.0
0
LINE
5
896
330
17
100
AcDbEntity
67
0
8
0
62
256
6
ByLayer
370
-1
48
1.0
60
0
100
AcDbLine
10
70.5169982910156
20
79.5660018920898
30
0.0
11
70.5169982910156
21
81.109001159668
31
0.0
39
0.0
210
0.0
220
0.0
230
1.0
0
LINE
5
897
330
17
100
AcDbEntity
67
0
8
0
62
256
6
ByLayer
370
-1
48
1.0
60
0
100
AcDbLine
10
70.5169982910156
20
81.109001159668
30
0.0
11
67.4860000610352
21
81.1070022583008
31
0.0
39
0.0
210
0.0
220
0.0
230
1.0
0
LINE
5
898
330
17
100
AcDbEntity
67
0
8
0
62
256
6
ByLayer
370
-1
48
1.0
60
0
100
AcDbLine
10
71.0169982910156
20
81.1100006103516
30
0.0
11
71.0169982910156
21
79.5660018920898
31
0.0
39
0.0
210
0.0
220
0.0
230
1.0
0
LINE
5
899
330
17
100
AcDbEntity
67
0
8
0
62
256
6
ByLayer
370
-1
48
1.0
60
0
100
AcDbLine
10
71.0169982910156
20
79.5660018920898
30
0.0
11
72.5319976806641
21
78.6910018920898
31
0.0
39
0.0
210
0.0
220
0.0
230
1.0
0
LINE
5
89A
330
17
100
AcDbEntity
67
0
8
0
62
256
6
ByLayer
370
-1
48
1.0
60
0
100
AcDbLine
10
72.5319976806641
20
78.6910018920898
30
0.0
11
74.0479965209961
21
79.5660018920898
31
0.0
39
0.0
210
0.0
220
0.0
230
1.0
0
LINE
5
89B
330
17
100
AcDbEntity
67
0
8
0
62
256
6
ByLayer
370
-1
48
1.0
60
0
100
AcDbLine
10
74.0479965209961
20
79.5660018920898
30
0.0
11
74.0479965209961
21
81.1119995117188
31
0.0
39
0.0
210
0.0
220
0.0
230
1.0
0
LINE
5
89C
330
17
100
AcDbEntity
67
0
8
0
62
256
6
ByLayer
370
-1
48
1.0
60
0
100
AcDbLine
10
74.0479965209961
20
81.1119995117188
30
0.0
11
71.0169982910156
21
81.1100006103516
31
0.0
39
0.0
210
0.0
220
0.0
230
1.0
0
LINE
5
89D
330
17
100
AcDbEntity
67
0
8
0
62
256
6
ByLayer
370
-1
48
1.0
60
0
100
AcDbLine
10
74.5479965209961
20
81.1119995117188
30
0.0
11
74.5479965209961
21
79.5660018920898
31
0.0
39
0.0
210
0.0
220
0.0
230
1.0
0
LINE
5
89E
330
17
100
AcDbEntity
67
0
8
0
62
256
6
ByLayer
370
-1
48
1.0
60
0
100
AcDbLine
10
74.5479965209961
20
79.5660018920898
30
0.0
11
76.0630035400391
21
78.6910018920898
31
0.0
39
0.0
210
0.0
220
0.0
230
1.0
0
LINE
5
89F
330
17
100
AcDbEntity
67
0
8
0
62
256
6
ByLayer
370
-1
48
1.0
60
0
100
AcDbLine
10
76.0630035400391
20
78.6910018920898
30
0.0
11
77.5790023803711
21
79.5660018920898
31
0.0
39
0.0
210
0.0
220
0.0
230
1.0
0
LINE
5
8A0
330
17
100
AcDbEntity
67
0
8
0
62
256
6
ByLayer
370
-1
48
1.0
60
0
100
AcDbLine
10
77.5790023803711
20
79.5660018920898
30
0.0
11
77.5790023803711
21
81.1139984130859
31
0.0
39
0.0
210
0.0
220
0.0
230
1.0
0
LINE
5
8A1
330
17
100
AcDbEntity
67
0
8
0
62
256
6
ByLayer
370
-1
48
1.0
60
0
100
AcDbLine
10
77.5790023803711
20
81.1139984130859
30
0.0
11
74.5479965209961
21
81.1119995117188
31
0.0
39
0.0
210
0.0
220
0.0
230
1.0
0
LINE
5
8A2
330
17
100
AcDbEntity
67
0
8
0
62
256
6
ByLayer
370
-1
48
1.0
60
0
100
AcDbLine
10
78.0790023803711
20
81.1149978637695
30
0.0
11
78.0790023803711
21
79.5660018920898
31
0.0
39
0.0
210
0.0
220
0.0
230
1.0
0
LINE
5
8A3
330
17
100
AcDbEntity
67
0
8
0
62
256
6
ByLayer
370
-1
48
1.0
60
0
100
AcDbLine
10
78.0790023803711
20
79.5660018920898
30
0.0
11
79.5940017700195
21
78.6910018920898
31
0.0
39
0.0
210
0.0
220
0.0
230
1.0
0
LINE
5
8A4
330
17
100
AcDbEntity
67
0
8
0
62
256
6
ByLayer
370
-1
48
1.0
60
0
100
AcDbLine
10
79.5940017700195
20
78.6910018920898
30
0.0
11
81.1100006103516
21
79.5660018920898
31
0.0
39
0.0
210
0.0
220
0.0
230
1.0
0
LINE
5
8A5
330
17
100
AcDbEntity
67
0
8
0
62
256
6
ByLayer
370
-1
48
1.0
60
0
100
AcDbLine
10
81.1100006103516
20
79.5660018920898
30
0.0
11
81.1100006103516
21
81.1169967651367
31
0.0
39
0.0
210
0.0
220
0.0
230
1.0
0
LINE
5
8A6
330
17
100
AcDbEntity
67
0
8
0
62
256
6
ByLayer
370
-1
48
1.0
60
0
100
AcDbLine
10
81.1100006103516
20
81.1169967651367
30
0.0
11
78.0790023803711
21
81.1149978637695
31
0.0
39
0.0
210
0.0
220
0.0
230
1.0
0
LINE
5
8A7
330
17
100
AcDbEntity
67
0
8
0
62
256
6
ByLayer
370
-1
48
1.0
60
0
100
AcDbLine
10
83.1859970092773
20
79.2779998779297
30
0.0
11
83.6480026245117
21
80.1330032348633
31
0.0
39
0.0
210
0.0
220
0.0
230
1.0
0
LINE
5
8A8
330
17
100
AcDbEntity
67
0
8
0
62
256
6
ByLayer
370
-1
48
1.0
60
0
100
AcDbLine
10
83.6480026245117
20
80.1330032348633
30
0.0
11
84.0240020751953
21
80.7030029296875
31
0.0
39
0.0
210
0.0
220
0.0
230
1.0
0
LINE
5
8A9
330
17
100
AcDbEntity
67
0
8
0
62
256
6
ByLayer
370
-1
48
1.0
60
0
100
AcDbLine
10
84.0240020751953
20
80.7030029296875
30
0.0
11
84.370002746582
21
81.1190032958984
31
0.0
39
0.0
210
0.0
220
0.0
230
1.0
0
LINE
5
8AA
330
17
100
AcDbEntity
67
0
8
0
62
256
6
ByLayer
370
-1
48
1.0
60
0
100
AcDbLine
10
84.370002746582
20
81.1190032958984
30
0.0
11
81.6100006103516
21
81.1169967651367
31
0.0
39
0.0
210
0.0
220
0.0
230
1.0
0
LINE
5
8AB
330
17
100
AcDbEntity
67
0
8
0
62
256
6
ByLayer
370
-1
48
1.0
60
0
100
AcDbLine
10
81.6100006103516
20
81.1169967651367
30
0.0
11
81.6100006103516
21
79.5660018920898
31
0.0
39
0.0
210
0.0
220
0.0
230
1.0
0
LINE
5
8AC
330
17
100
AcDbEntity
67
0
8
0
62
256
6
ByLayer
370
-1
48
1.0
60
0
100
AcDbLine
10
81.6100006103516
20
79.5660018920898
30
0.0
11
82.9690017700195
21
78.7819976806641
31
0.0
39
0.0
210
0.0
220
0.0
230
1.0
0
LINE
5
8AD
330
17
100
AcDbEntity
67
0
8
0
62
256
6
ByLayer
370
-1
48
1.0
60
0
100
AcDbLine
10
82.9690017700195
20
78.7819976806641
30
0.0
11
83.1859970092773
21
79.2779998779297
31
0.0
39
0.0
210
0.0
220
0.0
230
1.0
0
LINE
5
8AE
330
17
100
AcDbEntity
67
0
8
0
62
256
6
ByLayer
370
-1
48
1.0
60
0
100
AcDbLine
10
97.6959991455078
20
78.9489974975586
30
0.0
11
98.7649993896484
21
79.5660018920898
31
0.0
39
0.0
210
0.0
220
0.0
230
1.0
0
LINE
5
8AF
330
17
100
AcDbEntity
67
0
8
0
62
256
6
ByLayer
370
-1
48
1.0
60
0
100
AcDbLine
10
98.7649993896484
20
79.5660018920898
30
0.0
11
98.7649993896484
21
81.3160018920898
31
0.0
39
0.0
210
0.0
220
0.0
230
1.0
0
LINE
5
8B0
330
17
100
AcDbEntity
67
0
8
0
62
256
6
ByLayer
370
-1
48
1.0
60
0
100
AcDbLine
10
98.7649993896484
20
81.3160018920898
30
0.0
11
98.2630004882813
21
81.6060028076172
31
0.0
39
0.0
210
0.0
220
0.0
230
1.0
0
LINE
5
8B1
330
17
100
AcDbEntity
67
0
8
0
62
256
6
ByLayer
370
-1
48
1.0
60
0
100
AcDbLine
10
98.2630004882813
20
81.6060028076172
30
0.0
11
97.6959991455078
21
78.9489974975586
31
0.0
39
0.0
210
0.0
220
0.0
230
1.0
0
LINE
5
8B2
330
17
100
AcDbEntity
67
0
8
0
62
256
6
ByLayer
370
-1
48
1.0
60
0
100
AcDbLine
10
102.295997619629
20
79.5660018920898
30
0.0
11
100.78099822998
21
78.6910018920898
31
0.0
39
0.0
210
0.0
220
0.0
230
1.0
0
LINE
5
8B3
330
17
100
AcDbEntity
67
0
8
0
62
256
6
ByLayer
370
-1
48
1.0
60
0
100
AcDbLine
10
100.78099822998
20
78.6910018920898
30
0.0
11
99.2649993896484
21
79.5660018920898
31
0.0
39
0.0
210
0.0
220
0.0
230
1.0
0
LINE
5
8B4
330
17
100
AcDbEntity
67
0
8
0
62
256
6
ByLayer
370
-1
48
1.0
60
0
100
AcDbLine
10
99.2649993896484
20
79.5660018920898
30
0.0
11
99.2649993896484
21
81.3160018920898
31
0.0
39
0.0
210
0.0
220
0.0
230
1.0
0
LINE
5
8B5
330
17
100
AcDbEntity
67
0
8
0
62
256
6
ByLayer
370
-1
48
1.0
60
0
100
AcDbLine
10
99.2649993896484
20
81.3160018920898
30
0.0
11
100.78099822998
21
82.1910018920898
31
0.0
39
0.0
210
0.0
220
0.0
230
1.0
0
LINE
5
8B6
330
17
100
AcDbEntity
67
0
8
0
62
256
6
ByLayer
370
-1
48
1.0
60
0
100
AcDbLine
10
100.78099822998
20
82.1910018920898
30
0.0
11
102.295997619629
21
81.3160018920898
31
0.0
39
0.0
210
0.0
220
0.0
230
1.0
0
LINE
5
8B7
330
17
100
AcDbEntity
67
0
8
0
62
256
6
ByLayer
370
-1
48
1.0
60
0
100
AcDbLine
10
102.295997619629
20
81.3160018920898
30
0.0
11
102.295997619629
21
79.5660018920898
31
0.0
39
0.0
210
0.0
220
0.0
230
1.0
0
LINE
5
8B8
330
17
100
AcDbEntity
67
0
8
0
62
256
6
ByLayer
370
-1
48
1.0
60
0
100
AcDbLine
10
105.828002929688
20
79.5660018920898
30
0.0
11
104.311996459961
21
78.6910018920898
31
0.0
39
0.0
210
0.0
220
0.0
230
1.0
0
LINE
5
8B9
330
17
100
AcDbEntity
67
0
8
0
62
256
6
ByLayer
370
-1
48
1.0
60
0
100
AcDbLine
10
104.311996459961
20
78.6910018920898
30
0.0
11
102.795997619629
21
79.5660018920898
31
0.0
39
0.0
210
0.0
220
0.0
230
1.0
0
LINE
5
8BA
330
17
100
AcDbEntity
67
0
8
0
62
256
6
ByLayer
370
-1
48
1.0
60
0
100
AcDbLine
10
102.795997619629
20
79.5660018920898
30
0.0
11
102.795997619629
21
81.3160018920898
31
0.0
39
0.0
210
0.0
220
0.0
230
1.0
0
LINE
5
8BB
330
17
100
AcDbEntity
67
0
8
0
62
256
6
ByLayer
370
-1
48
1.0
60
0
100
AcDbLine
10
102.795997619629
20
81.3160018920898
30
0.0
11
104.311996459961
21
82.1910018920898
31
0.0
39
0.0
210
0.0
220
0.0
230
1.0
0
LINE
5
8BC
330
17
100
AcDbEntity
67
0
8
0
62
256
6
ByLayer
370
-1
48
1.0
60
0
100
AcDbLine
10
104.311996459961
20
82.1910018920898
30
0.0
11
105.828002929688
21
81.3160018920898
31
0.0
39
0.0
210
0.0
220
0.0
230
1.0
0
LINE
5
8BD
330
17
100
AcDbEntity
67
0
8
0
62
256
6
ByLayer
370
-1
48
1.0
60
0
100
AcDbLine
10
105.828002929688
20
81.3160018920898
30
0.0
11
105.828002929688
21
79.5660018920898
31
0.0
39
0.0
210
0.0
220
0.0
230
1.0
0
LINE
5
8BE
330
17
100
AcDbEntity
67
0
8
0
62
256
6
ByLayer
370
-1
48
1.0
60
0
100
AcDbLine
10
109.359001159668
20
79.5660018920898
30
0.0
11
107.843002319336
21
78.6910018920898
31
0.0
39
0.0
210
0.0
220
0.0
230
1.0
0
LINE
5
8BF
330
17
100
AcDbEntity
67
0
8
0
62
256
6
ByLayer
370
-1
48
1.0
60
0
100
AcDbLine
10
107.843002319336
20
78.6910018920898
30
0.0
11
106.328002929688
21
79.5660018920898
31
0.0
39
0.0
210
0.0
220
0.0
230
1.0
0
LINE
5
8C0
330
17
100
AcDbEntity
67
0
8
0
62
256
6
ByLayer
370
-1
48
1.0
60
0
100
AcDbLine
10
106.328002929688
20
79.5660018920898
30
0.0
11
106.328002929688
21
81.3160018920898
31
0.0
39
0.0
210
0.0
220
0.0
230
1.0
0
LINE
5
8C1
330
17
100
AcDbEntity
67
0
8
0
62
256
6
ByLayer
370
-1
48
1.0
60
0
100
AcDbLine
10
106.328002929688
20
81.3160018920898
30
0.0
11
107.843002319336
21
82.1910018920898
31
0.0
39
0.0
210
0.0
220
0.0
230
1.0
0
LINE
5
8C2
330
17
100
AcDbEntity
67
0
8
0
62
256
6
ByLayer
370
-1
48
1.0
60
0
100
AcDbLine
10
107.843002319336
20
82.1910018920898
30
0.0
11
109.359001159668
21
81.3160018920898
31
0.0
39
0.0
210
0.0
220
0.0
230
1.0
0
LINE
5
8C3
330
17
100
AcDbEntity
67
0
8
0
62
256
6
ByLayer
370
-1
48
1.0
60
0
100
AcDbLine
10
109.359001159668
20
81.3160018920898
30
0.0
11
109.359001159668
21
79.5660018920898
31
0.0
39
0.0
210
0.0
220
0.0
230
1.0
0
LINE
5
8C4
330
17
100
AcDbEntity
67
0
8
0
62
256
6
ByLayer
370
-1
48
1.0
60
0
100
AcDbLine
10
112.889999389648
20
79.5660018920898
30
0.0
11
111.374000549316
21
78.6910018920898
31
0.0
39
0.0
210
0.0
220
0.0
230
1.0
0
LINE
5
8C5
330
17
100
AcDbEntity
67
0
8
0
62
256
6
ByLayer
370
-1
48
1.0
60
0
100
AcDbLine
10
111.374000549316
20
78.6910018920898
30
0.0
11
109.859001159668
21
79.5660018920898
31
0.0
39
0.0
210
0.0
220
0.0
230
1.0
0
LINE
5
8C6
330
17
100
AcDbEntity
67
0
8
0
62
256
6
ByLayer
370
-1
48
1.0
60
0
100
AcDbLine
10
109.859001159668
20
79.5660018920898
30
0.0
11
109.859001159668
21
81.3160018920898
31
0.0
39
0.0
210
0.0
220
0.0
230
1.0
0
LINE
5
8C7
330
17
100
AcDbEntity
67
0
8
0
62
256
6
ByLayer
370
-1
48
1.0
60
0
100
AcDbLine
10
109.859001159668
20
81.3160018920898
30
0.0
11
111.374000549316
21
82.1910018920898
31
0.0
39
0.0
210
0.0
220
0.0
230
1.0
0
LINE
5
8C8
330
17
100
AcDbEntity
67
0
8
0
62
256
6
ByLayer
370
-1
48
1.0
60
0
100
AcDbLine
10
111.374000549316
20
82.1910018920898
30
0.0
11
112.889999389648
21
81.3160018920898
31
0.0
39
0.0
210
0.0
220
0.0
230
1.0
0
LINE
5
8C9
330
17
100
AcDbEntity
67
0
8
0
62
256
6
ByLayer
370
-1
48
1.0
60
0
100
AcDbLine
10
112.889999389648
20
81.3160018920898
30
0.0
11
112.889999389648
21
79.5660018920898
31
0.0
39
0.0
210
0.0
220
0.0
230
1.0
0
LINE
5
8CA
330
17
100
AcDbEntity
67
0
8
0
62
256
6
ByLayer
370
-1
48
1.0
60
0
100
AcDbLine
10
116.420997619629
20
79.5660018920898
30
0.0
11
114.904998779297
21
78.6910018920898
31
0.0
39
0.0
210
0.0
220
0.0
230
1.0
0
LINE
5
8CB
330
17
100
AcDbEntity
67
0
8
0
62
256
6
ByLayer
370
-1
48
1.0
60
0
100
AcDbLine
10
114.904998779297
20
78.6910018920898
30
0.0
11
113.389999389648
21
79.5660018920898
31
0.0
39
0.0
210
0.0
220
0.0
230
1.0
0
LINE
5
8CC
330
17
100
AcDbEntity
67
0
8
0
62
256
6
ByLayer
370
-1
48
1.0
60
0
100
AcDbLine
10
113.389999389648
20
79.5660018920898
30
0.0
11
113.389999389648
21
81.3160018920898
31
0.0
39
0.0
210
0.0
220
0.0
230
1.0
0
LINE
5
8CD
330
17
100
AcDbEntity
67
0
8
0
62
256
6
ByLayer
370
-1
48
1.0
60
0
100
AcDbLine
10
113.389999389648
20
81.3160018920898
30
0.0
11
114.904998779297
21
82.1910018920898
31
0.0
39
0.0
210
0.0
220
0.0
230
1.0
0
LINE
5
8CE
330
17
100
AcDbEntity
67
0
8
0
62
256
6
ByLayer
370
-1
48
1.0
60
0
100
AcDbLine
10
114.904998779297
20
82.1910018920898
30
0.0
11
116.420997619629
21
81.3160018920898
31
0.0
39
0.0
210
0.0
220
0.0
230
1.0
0
LINE
5
8CF
330
17
100
AcDbEntity
67
0
8
0
62
256
6
ByLayer
370
-1
48
1.0
60
0
100
AcDbLine
10
116.420997619629
20
81.3160018920898
30
0.0
11
116.420997619629
21
79.5660018920898
31
0.0
39
0.0
210
0.0
220
0.0
230
1.0
0
LINE
5
8D0
330
17
100
AcDbEntity
67
0
8
0
62
256
6
ByLayer
370
-1
48
1.0
60
0
100
AcDbLine
10
119.952003479004
20
79.5660018920898
30
0.0
11
118.435997009277
21
78.6910018920898
31
0.0
39
0.0
210
0.0
220
0.0
230
1.0
0
LINE
5
8D1
330
17
100
AcDbEntity
67
0
8
0
62
256
6
ByLayer
370
-1
48
1.0
60
0
100
AcDbLine
10
118.435997009277
20
78.6910018920898
30
0.0
11
116.920997619629
21
79.5660018920898
31
0.0
39
0.0
210
0.0
220
0.0
230
1.0
0
LINE
5
8D2
330
17
100
AcDbEntity
67
0
8
0
62
256
6
ByLayer
370
-1
48
1.0
60
0
100
AcDbLine
10
116.920997619629
20
79.5660018920898
30
0.0
11
116.920997619629
21
81.3160018920898
31
0.0
39
0.0
210
0.0
220
0.0
230
1.0
0
LINE
5
8D3
330
17
100
AcDbEntity
67
0
8
0
62
256
6
ByLayer
370
-1
48
1.0
60
0
100
AcDbLine
10
116.920997619629
20
81.3160018920898
30
0.0
11
118.435997009277
21
82.1910018920898
31
0.0
39
0.0
210
0.0
220
0.0
230
1.0
0
LINE
5
8D4
330
17
100
AcDbEntity
67
0
8
0
62
256
6
ByLayer
370
-1
48
1.0
60
0
100
AcDbLine
10
118.435997009277
20
82.1910018920898
30
0.0
11
119.952003479004
21
81.3160018920898
31
0.0
39
0.0
210
0.0
220
0.0
230
1.0
0
LINE
5
8D5
330
17
100
AcDbEntity
67
0
8
0
62
256
6
ByLayer
370
-1
48
1.0
60
0
100
AcDbLine
10
119.952003479004
20
81.3160018920898
30
0.0
11
119.952003479004
21
79.5660018920898
31
0.0
39
0.0
210
0.0
220
0.0
230
1.0
0
LINE
5
8D6
330
17
100
AcDbEntity
67
0
8
0
62
256
6
ByLayer
370
-1
48
1.0
60
0
100
AcDbLine
10
123.483001708984
20
79.5660018920898
30
0.0
11
121.967002868652
21
78.6910018920898
31
0.0
39
0.0
210
0.0
220
0.0
230
1.0
0
LINE
5
8D7
330
17
100
AcDbEntity
67
0
8
0
62
256
6
ByLayer
370
-1
48
1.0
60
0
100
AcDbLine
10
121.967002868652
20
78.6910018920898
30
0.0
11
120.452003479004
21
79.5660018920898
31
0.0
39
0.0
210
0.0
220
0.0
230
1.0
0
LINE
5
8D8
330
17
100
AcDbEntity
67
0
8
0
62
256
6
ByLayer
370
-1
48
1.0
60
0
100
AcDbLine
10
120.452003479004
20
79.5660018920898
30
0.0
11
120.452003479004
21
81.3160018920898
31
0.0
39
0.0
210
0.0
220
0.0
230
1.0
0
LINE
5
8D9
330
17
100
AcDbEntity
67
0
8
0
62
256
6
ByLayer
370
-1
48
1.0
60
0
100
AcDbLine
10
120.452003479004
20
81.3160018920898
30
0.0
11
121.967002868652
21
82.1910018920898
31
0.0
39
0.0
210
0.0
220
0.0
230
1.0
0
LINE
5
8DA
330
17
100
AcDbEntity
67
0
8
0
62
256
6
ByLayer
370
-1
48
1.0
60
0
100
AcDbLine
10
121.967002868652
20
82.1910018920898
30
0.0
11
123.483001708984
21
81.3160018920898
31
0.0
39
0.0
210
0.0
220
0.0
230
1.0
0
LINE
5
8DB
330
17
100
AcDbEntity
67
0
8
0
62
256
6
ByLayer
370
-1
48
1.0
60
0
100
AcDbLine
10
123.483001708984
20
81.3160018920898
30
0.0
11
123.483001708984
21
79.5660018920898
31
0.0
39
0.0
210
0.0
220
0.0
230
1.0
0
LINE
5
8DC
330
17
100
AcDbEntity
67
0
8
0
62
256
6
ByLayer
370
-1
48
1.0
60
0
100
AcDbLine
10
125.083999633789
20
78.9309997558594
30
0.0
11
125.153999328613
21
79.2089996337891
31
0.0
39
0.0
210
0.0
220
0.0
230
1.0
0
LINE
5
8DD
330
17
100
AcDbEntity
67
0
8
0
62
256
6
ByLayer
370
-1
48
1.0
60
0
100
AcDbLine
10
125.153999328613
20
79.2089996337891
30
0.0
11
125.269996643066
21
79.4499969482422
31
0.0
39
0.0
210
0.0
220
0.0
230
1.0
0
LINE
5
8DE
330
17
100
AcDbEntity
67
0
8
0
62
256
6
ByLayer
370
-1
48
1.0
60
0
100
AcDbLine
10
125.269996643066
20
79.4499969482422
30
0.0
11
125.429000854492
21
79.6630020141602
31
0.0
39
0.0
210
0.0
220
0.0
230
1.0
0
LINE
5
8DF
330
17
100
AcDbEntity
67
0
8
0
62
256
6
ByLayer
370
-1
48
1.0
60
0
100
AcDbLine
10
125.429000854492
20
79.6630020141602
30
0.0
11
125.625
21
79.8410034179688
31
0.0
39
0.0
210
0.0
220
0.0
230
1.0
0
LINE
5
8E0
330
17
100
AcDbEntity
67
0
8
0
62
256
6
ByLayer
370
-1
48
1.0
60
0
100
AcDbLine
10
125.625
20
79.8410034179688
30
0.0
11
125.735000610352
21
79.9160003662109
31
0.0
39
0.0
210
0.0
220
0.0
230
1.0
0
LINE
5
8E1
330
17
100
AcDbEntity
67
0
8
0
62
256
6
ByLayer
370
-1
48
1.0
60
0
100
AcDbLine
10
125.735000610352
20
79.9160003662109
30
0.0
11
125.976997375488
21
80.0319976806641
31
0.0
39
0.0
210
0.0
220
0.0
230
1.0
0
LINE
5
8E2
330
17
100
AcDbEntity
67
0
8
0
62
256
6
ByLayer
370
-1
48
1.0
60
0
100
AcDbLine
10
125.976997375488
20
80.0319976806641
30
0.0
11
126.240997314453
21
80.0999984741211
31
0.0
39
0.0
210
0.0
220
0.0
230
1.0
0
LINE
5
8E3
330
17
100
AcDbEntity
67
0
8
0
62
256
6
ByLayer
370
-1
48
1.0
60
0
100
AcDbLine
10
126.240997314453
20
80.0999984741211
30
0.0
11
126.380996704102
21
80.1139984130859
31
0.0
39
0.0
210
0.0
220
0.0
230
1.0
0
LINE
5
8E4
330
17
100
AcDbEntity
67
0
8
0
62
256
6
ByLayer
370
-1
48
1.0
60
0
100
AcDbLine
10
126.380996704102
20
80.1139984130859
30
0.0
11
127.013999938965
21
80.1139984130859
31
0.0
39
0.0
210
0.0
220
0.0
230
1.0
0
LINE
5
8E5
330
17
100
AcDbEntity
67
0
8
0
62
256
6
ByLayer
370
-1
48
1.0
60
0
100
AcDbLine
10
127.013999938965
20
80.1139984130859
30
0.0
11
127.013999938965
21
81.3160018920898
31
0.0
39
0.0
210
0.0
220
0.0
230
1.0
0
LINE
5
8E6
330
17
100
AcDbEntity
67
0
8
0
62
256
6
ByLayer
370
-1
48
1.0
60
0
100
AcDbLine
10
127.013999938965
20
81.3160018920898
30
0.0
11
125.499000549316
21
82.1910018920898
31
0.0
39
0.0
210
0.0
220
0.0
230
1.0
0
LINE
5
8E7
330
17
100
AcDbEntity
67
0
8
0
62
256
6
ByLayer
370
-1
48
1.0
60
0
100
AcDbLine
10
125.499000549316
20
82.1910018920898
30
0.0
11
123.983001708984
21
81.3160018920898
31
0.0
39
0.0
210
0.0
220
0.0
230
1.0
0
LINE
5
8E8
330
17
100
AcDbEntity
67
0
8
0
62
256
6
ByLayer
370
-1
48
1.0
60
0
100
AcDbLine
10
123.983001708984
20
81.3160018920898
30
0.0
11
123.983001708984
21
79.5660018920898
31
0.0
39
0.0
210
0.0
220
0.0
230
1.0
0
LINE
5
8E9
330
17
100
AcDbEntity
67
0
8
0
62
256
6
ByLayer
370
-1
48
1.0
60
0
100
AcDbLine
10
123.983001708984
20
79.5660018920898
30
0.0
11
125.083999633789
21
78.9309997558594
31
0.0
39
0.0
210
0.0
220
0.0
230
1.0
0
LINE
5
8EA
330
17
100
AcDbEntity
67
0
8
0
62
256
6
ByLayer
370
-1
48
1.0
60
0
100
AcDbLine
10
130.544998168945
20
80.1139984130859
30
0.0
11
130.544998168945
21
81.3160018920898
31
0.0
39
0.0
210
0.0
220
0.0
230
1.0
0
LINE
5
8EB
330
17
100
AcDbEntity
67
0
8
0
62
256
6
ByLayer
370
-1
48
1.0
60
0
100
AcDbLine
10
130.544998168945
20
81.3160018920898
30
0.0
11
129.029998779297
21
82.1910018920898
31
0.0
39
0.0
210
0.0
220
0.0
230
1.0
0
LINE
5
8EC
330
17
100
AcDbEntity
67
0
8
0
62
256
6
ByLayer
370
-1
48
1.0
60
0
100
AcDbLine
10
129.029998779297
20
82.1910018920898
30
0.0
11
127.513999938965
21
81.3160018920898
31
0.0
39
0.0
210
0.0
220
0.0
230
1.0
0
LINE
5
8ED
330
17
100
AcDbEntity
67
0
8
0
62
256
6
ByLayer
370
-1
48
1.0
60
0
100
AcDbLine
10
127.513999938965
20
81.3160018920898
30
0.0
11
127.513999938965
21
80.1139984130859
31
0.0
39
0.0
210
0.0
220
0.0
230
1.0
0
LINE
5
8EE
330
17
100
AcDbEntity
67
0
8
0
62
256
6
ByLayer
370
-1
48
1.0
60
0
100
AcDbLine
10
127.513999938965
20
80.1139984130859
30
0.0
11
130.544998168945
21
80.1139984130859
31
0.0
39
0.0
210
0.0
220
0.0
230
1.0
0
LINE
5
8EF
330
17
100
AcDbEntity
67
0
8
0
62
256
6
ByLayer
370
-1
48
1.0
60
0
100
AcDbLine
10
134.07600402832
20
80.1139984130859
30
0.0
11
134.07600402832
21
81.3160018920898
31
0.0
39
0.0
210
0.0
220
0.0
230
1.0
0
LINE
5
8F0
330
17
100
AcDbEntity
67
0
8
0
62
256
6
ByLayer
370
-1
48
1.0
60
0
100
AcDbLine
10
134.07600402832
20
81.3160018920898
30
0.0
11
132.561004638672
21
82.1910018920898
31
0.0
39
0.0
210
0.0
220
0.0
230
1.0
0
LINE
5
8F1
330
17
100
AcDbEntity
67
0
8
0
62
256
6
ByLayer
370
-1
48
1.0
60
0
100
AcDbLine
10
132.561004638672
20
82.1910018920898
30
0.0
11
131.044998168945
21
81.3160018920898
31
0.0
39
0.0
210
0.0
220
0.0
230
1.0
0
LINE
5
8F2
330
17
100
AcDbEntity
67
0
8
0
62
256
6
ByLayer
370
-1
48
1.0
60
0
100
AcDbLine
10
131.044998168945
20
81.3160018920898
30
0.0
11
131.044998168945
21
80.1139984130859
31
0.0
39
0.0
210
0.0
220
0.0
230
1.0
0
LINE
5
8F3
330
17
100
AcDbEntity
67
0
8
0
62
256
6
ByLayer
370
-1
48
1.0
60
0
100
AcDbLine
10
131.044998168945
20
80.1139984130859
30
0.0
11
134.07600402832
21
80.1139984130859
31
0.0
39
0.0
210
0.0
220
0.0
230
1.0
0
LINE
5
8F4
330
17
100
AcDbEntity
67
0
8
0
62
256
6
ByLayer
370
-1
48
1.0
60
0
100
AcDbLine
10
137.606994628906
20
80.1139984130859
30
0.0
11
137.606994628906
21
81.3160018920898
31
0.0
39
0.0
210
0.0
220
0.0
230
1.0
0
LINE
5
8F5
330
17
100
AcDbEntity
67
0
8
0
62
256
6
ByLayer
370
-1
48
1.0
60
0
100
AcDbLine
10
137.606994628906
20
81.3160018920898
30
0.0
11
136.091995239258
21
82.1910018920898
31
0.0
39
0.0
210
0.0
220
0.0
230
1.0
0
LINE
5
8F6
330
17
100
AcDbEntity
67
0
8
0
62
256
6
ByLayer
370
-1
48
1.0
60
0
100
AcDbLine
10
136.091995239258
20
82.1910018920898
30
0.0
11
134.57600402832
21
81.3160018920898
31
0.0
39
0.0
210
0.0
220
0.0
230
1.0
0
LINE
5
8F7
330
17
100
AcDbEntity
67
0
8
0
62
256
6
ByLayer
370
-1
48
1.0
60
0
100
AcDbLine
10
134.57600402832
20
81.3160018920898
30
0.0
11
134.57600402832
21
80.1139984130859
31
0.0
39
0.0
210
0.0
220
0.0
230
1.0
0
LINE
5
8F8
330
17
100
AcDbEntity
67
0
8
0
62
256
6
ByLayer
370
-1
48
1.0
60
0
100
AcDbLine
10
134.57600402832
20
80.1139984130859
30
0.0
11
137.606994628906
21
80.1139984130859
31
0.0
39
0.0
210
0.0
220
0.0
230
1.0
0
LINE
5
8F9
330
17
100
AcDbEntity
67
0
8
0
62
256
6
ByLayer
370
-1
48
1.0
60
0
100
AcDbLine
10
141.138000488281
20
80.1139984130859
30
0.0
11
141.138000488281
21
81.3160018920898
31
0.0
39
0.0
210
0.0
220
0.0
230
1.0
0
LINE
5
8FA
330
17
100
AcDbEntity
67
0
8
0
62
256
6
ByLayer
370
-1
48
1.0
60
0
100
AcDbLine
10
141.138000488281
20
81.3160018920898
30
0.0
11
139.623001098633
21
82.1910018920898
31
0.0
39
0.0
210
0.0
220
0.0
230
1.0
0
LINE
5
8FB
330
17
100
AcDbEntity
67
0
8
0
62
256
6
ByLayer
370
-1
48
1.0
60
0
100
AcDbLine
10
139.623001098633
20
82.1910018920898
30
0.0
11
138.106994628906
21
81.3160018920898
31
0.0
39
0.0
210
0.0
220
0.0
230
1.0
0
LINE
5
8FC
330
17
100
AcDbEntity
67
0
8
0
62
256
6
ByLayer
370
-1
48
1.0
60
0
100
AcDbLine
10
138.106994628906
20
81.3160018920898
30
0.0
11
138.106994628906
21
80.1139984130859
31
0.0
39
0.0
210
0.0
220
0.0
230
1.0
0
LINE
5
8FD
330
17
100
AcDbEntity
67
0
8
0
62
256
6
ByLayer
370
-1
48
1.0
60
0
100
AcDbLine
10
138.106994628906
20
80.1139984130859
30
0.0
11
141.138000488281
21
80.1139984130859
31
0.0
39
0.0
210
0.0
220
0.0
230
1.0
0
LINE
5
8FE
330
17
100
AcDbEntity
67
0
8
0
62
256
6
ByLayer
370
-1
48
1.0
60
0
100
AcDbLine
10
141.746994018555
20
80.1139984130859
30
0.0
11
142.02099609375
21
80.0719985961914
31
0.0
39
0.0
210
0.0
220
0.0
230
1.0
0
LINE
5
8FF
330
17
100
AcDbEntity
67
0
8
0
62
256
6
ByLayer
370
-1
48
1.0
60
0
100
AcDbLine
10
142.02099609375
20
80.0719985961914
30
0.0
11
142.274993896484
21
79.9789962768555
31
0.0
39
0.0
210
0.0
220
0.0
230
1.0
0
LINE
5
900
330
17
100
AcDbEntity
67
0
8
0
62
256
6
ByLayer
370
-1
48
1.0
60
0
100
AcDbLine
10
142.274993896484
20
79.9789962768555
30
0.0
11
142.503005981445
21
79.8410034179688
31
0.0
39
0.0
210
0.0
220
0.0
230
1.0
0
LINE
5
901
330
17
100
AcDbEntity
67
0
8
0
62
256
6
ByLayer
370
-1
48
1.0
60
0
100
AcDbLine
10
142.503005981445
20
79.8410034179688
30
0.0
11
142.699005126953
21
79.6630020141602
31
0.0
39
0.0
210
0.0
220
0.0
230
1.0
0
LINE
5
902
330
17
100
AcDbEntity
67
0
8
0
62
256
6
ByLayer
370
-1
48
1.0
60
0
100
AcDbLine
10
142.699005126953
20
79.6630020141602
30
0.0
11
142.858001708984
21
79.4499969482422
31
0.0
39
0.0
210
0.0
220
0.0
230
1.0
0
LINE
5
903
330
17
100
AcDbEntity
67
0
8
0
62
256
6
ByLayer
370
-1
48
1.0
60
0
100
AcDbLine
10
142.858001708984
20
79.4499969482422
30
0.0
11
142.973999023438
21
79.2089996337891
31
0.0
39
0.0
210
0.0
220
0.0
230
1.0
0
LINE
5
904
330
17
100
AcDbEntity
67
0
8
0
62
256
6
ByLayer
370
-1
48
1.0
60
0
100
AcDbLine
10
142.973999023438
20
79.2089996337891
30
0.0
11
143.042007446289
21
78.9440002441406
31
0.0
39
0.0
210
0.0
220
0.0
230
1.0
0
LINE
5
905
330
17
100
AcDbEntity
67
0
8
0
62
256
6
ByLayer
370
-1
48
1.0
60
0
100
AcDbLine
10
143.042007446289
20
78.9440002441406
30
0.0
11
143.055999755859
21
78.7480010986328
31
0.0
39
0.0
210
0.0
220
0.0
230
1.0
0
LINE
5
906
330
17
100
AcDbEntity
67
0
8
0
62
256
6
ByLayer
370
-1
48
1.0
60
0
100
AcDbLine
10
143.055999755859
20
78.7480010986328
30
0.0
11
143.154006958008
21
78.6910018920898
31
0.0
39
0.0
210
0.0
220
0.0
230
1.0
0
LINE
5
907
330
17
100
AcDbEntity
67
0
8
0
62
256
6
ByLayer
370
-1
48
1.0
60
0
100
AcDbLine
10
143.154006958008
20
78.6910018920898
30
0.0
11
144.669998168945
21
79.5660018920898
31
0.0
39
0.0
210
0.0
220
0.0
230
1.0
0
LINE
5
908
330
17
100
AcDbEntity
67
0
8
0
62
256
6
ByLayer
370
-1
48
1.0
60
0
100
AcDbLine
10
144.669998168945
20
79.5660018920898
30
0.0
11
144.669998168945
21
81.3160018920898
31
0.0
39
0.0
210
0.0
220
0.0
230
1.0
0
LINE
5
909
330
17
100
AcDbEntity
67
0
8
0
62
256
6
ByLayer
370
-1
48
1.0
60
0
100
AcDbLine
10
144.669998168945
20
81.3160018920898
30
0.0
11
143.154006958008
21
82.1910018920898
31
0.0
39
0.0
210
0.0
220
0.0
230
1.0
0
LINE
5
90A
330
17
100
AcDbEntity
67
0
8
0
62
256
6
ByLayer
370
-1
48
1.0
60
0
100
AcDbLine
10
143.154006958008
20
82.1910018920898
30
0.0
11
141.638000488281
21
81.3160018920898
31
0.0
39
0.0
210
0.0
220
0.0
230
1.0
0
LINE
5
90B
330
17
100
AcDbEntity
67
0
8
0
62
256
6
ByLayer
370
-1
48
1.0
60
0
100
AcDbLine
10
141.638000488281
20
81.3160018920898
30
0.0
11
141.638000488281
21
80.1139984130859
31
0.0
39
0.0
210
0.0
220
0.0
230
1.0
0
LINE
5
90C
330
17
100
AcDbEntity
67
0
8
0
62
256
6
ByLayer
370
-1
48
1.0
60
0
100
AcDbLine
10
141.638000488281
20
80.1139984130859
30
0.0
11
141.746994018555
21
80.1139984130859
31
0.0
39
0.0
210
0.0
220
0.0
230
1.0
0
LINE
5
90D
330
17
100
AcDbEntity
67
0
8
0
62
256
6
ByLayer
370
-1
48
1.0
60
0
100
AcDbLine
10
148.20100402832
20
79.5660018920898
30
0.0
11
146.684997558594
21
78.6910018920898
31
0.0
39
0.0
210
0.0
220
0.0
230
1.0
0
LINE
5
90E
330
17
100
AcDbEntity
67
0
8
0
62
256
6
ByLayer
370
-1
48
1.0
60
0
100
AcDbLine
10
146.684997558594
20
78.6910018920898
30
0.0
11
145.169998168945
21
79.5660018920898
31
0.0
39
0.0
210
0.0
220
0.0
230
1.0
0
LINE
5
90F
330
17
100
AcDbEntity
67
0
8
0
62
256
6
ByLayer
370
-1
48
1.0
60
0
100
AcDbLine
10
145.169998168945
20
79.5660018920898
30
0.0
11
145.169998168945
21
81.3160018920898
31
0.0
39
0.0
210
0.0
220
0.0
230
1.0
0
LINE
5
910
330
17
100
AcDbEntity
67
0
8
0
62
256
6
ByLayer
370
-1
48
1.0
60
0
100
AcDbLine
10
145.169998168945
20
81.3160018920898
30
0.0
11
146.684997558594
21
82.1910018920898
31
0.0
39
0.0
210
0.0
220
0.0
230
1.0
0
LINE
5
911
330
17
100
AcDbEntity
67
0
8
0
62
256
6
ByLayer
370
-1
48
1.0
60
0
100
AcDbLine
10
146.684997558594
20
82.1910018920898
30
0.0
11
148.20100402832
21
81.3160018920898
31
0.0
39
0.0
210
0.0
220
0.0
230
1.0
0
LINE
5
912
330
17
100
AcDbEntity
67
0
8
0
62
256
6
ByLayer
370
-1
48
1.0
60
0
100
AcDbLine
10
148.20100402832
20
81.3160018920898
30
0.0
11
148.20100402832
21
79.5660018920898
31
0.0
39
0.0
210
0.0
220
0.0
230
1.0
0
LINE
5
913
330
17
100
AcDbEntity
67
0
8
0
62
256
6
ByLayer
370
-1
48
1.0
60
0
100
AcDbLine
10
151.731994628906
20
79.5660018920898
30
0.0
11
150.216003417969
21
78.6910018920898
31
0.0
39
0.0
210
0.0
220
0.0
230
1.0
0
LINE
5
914
330
17
100
AcDbEntity
67
0
8
0
62
256
6
ByLayer
370
-1
48
1.0
60
0
100
AcDbLine
10
150.216003417969
20
78.6910018920898
30
0.0
11
148.70100402832
21
79.5660018920898
31
0.0
39
0.0
210
0.0
220
0.0
230
1.0
0
LINE
5
915
330
17
100
AcDbEntity
67
0
8
0
62
256
6
ByLayer
370
-1
48
1.0
60
0
100
AcDbLine
10
148.70100402832
20
79.5660018920898
30
0.0
11
148.70100402832
21
81.3160018920898
31
0.0
39
0.0
210
0.0
220
0.0
230
1.0
0
LINE
5
916
330
17
100
AcDbEntity
67
0
8
0
62
256
6
ByLayer
370
-1
48
1.0
60
0
100
AcDbLine
10
148.70100402832
20
81.3160018920898
30
0.0
11
150.216003417969
21
82.1910018920898
31
0.0
39
0.0
210
0.0
220
0.0
230
1.0
0
LINE
5
917
330
17
100
AcDbEntity
67
0
8
0
62
256
6
ByLayer
370
-1
48
1.0
60
0
100
AcDbLine
10
150.216003417969
20
82.1910018920898
30
0.0
11
151.731994628906
21
81.3160018920898
31
0.0
39
0.0
210
0.0
220
0.0
230
1.0
0
LINE
5
918
330
17
100
AcDbEntity
67
0
8
0
62
256
6
ByLayer
370
-1
48
1.0
60
0
100
AcDbLine
10
151.731994628906
20
81.3160018920898
30
0.0
11
151.731994628906
21
79.5660018920898
31
0.0
39
0.0
210
0.0
220
0.0
230
1.0
0
LINE
5
919
330
17
100
AcDbEntity
67
0
8
0
62
256
6
ByLayer
370
-1
48
1.0
60
0
100
AcDbLine
10
155.263000488281
20
79.5660018920898
30
0.0
11
153.746994018555
21
78.6910018920898
31
0.0
39
0.0
210
0.0
220
0.0
230
1.0
0
LINE
5
91A
330
17
100
AcDbEntity
67
0
8
0
62
256
6
ByLayer
370
-1
48
1.0
60
0
100
AcDbLine
10
153.746994018555
20
78.6910018920898
30
0.0
11
152.231994628906
21
79.5660018920898
31
0.0
39
0.0
210
0.0
220
0.0
230
1.0
0
LINE
5
91B
330
17
100
AcDbEntity
67
0
8
0
62
256
6
ByLayer
370
-1
48
1.0
60
0
100
AcDbLine
10
152.231994628906
20
79.5660018920898
30
0.0
11
152.231994628906
21
81.3160018920898
31
0.0
39
0.0
210
0.0
220
0.0
230
1.0
0
LINE
5
91C
330
17
100
AcDbEntity
67
0
8
0
62
256
6
ByLayer
370
-1
48
1.0
60
0
100
AcDbLine
10
152.231994628906
20
81.3160018920898
30
0.0
11
153.746994018555
21
82.1910018920898
31
0.0
39
0.0
210
0.0
220
0.0
230
1.0
0
LINE
5
91D
330
17
100
AcDbEntity
67
0
8
0
62
256
6
ByLayer
370
-1
48
1.0
60
0
100
AcDbLine
10
153.746994018555
20
82.1910018920898
30
0.0
11
155.263000488281
21
81.3160018920898
31
0.0
39
0.0
210
0.0
220
0.0
230
1.0
0
LINE
5
91E
330
17
100
AcDbEntity
67
0
8
0
62
256
6
ByLayer
370
-1
48
1.0
60
0
100
AcDbLine
10
155.263000488281
20
81.3160018920898
30
0.0
11
155.263000488281
21
79.5660018920898
31
0.0
39
0.0
210
0.0
220
0.0
230
1.0
0
LINE
5
91F
330
17
100
AcDbEntity
67
0
8
0
62
256
6
ByLayer
370
-1
48
1.0
60
0
100
AcDbLine
10
158.794006347656
20
79.5660018920898
30
0.0
11
157.27799987793
21
78.6910018920898
31
0.0
39
0.0
210
0.0
220
0.0
230
1.0
0
LINE
5
920
330
17
100
AcDbEntity
67
0
8
0
62
256
6
ByLayer
370
-1
48
1.0
60
0
100
AcDbLine
10
157.27799987793
20
78.6910018920898
30
0.0
11
155.763000488281
21
79.5660018920898
31
0.0
39
0.0
210
0.0
220
0.0
230
1.0
0
LINE
5
921
330
17
100
AcDbEntity
67
0
8
0
62
256
6
ByLayer
370
-1
48
1.0
60
0
100
AcDbLine
10
155.763000488281
20
79.5660018920898
30
0.0
11
155.763000488281
21
81.3160018920898
31
0.0
39
0.0
210
0.0
220
0.0
230
1.0
0
LINE
5
922
330
17
100
AcDbEntity
67
0
8
0
62
256
6
ByLayer
370
-1
48
1.0
60
0
100
AcDbLine
10
155.763000488281
20
81.3160018920898
30
0.0
11
157.27799987793
21
82.1910018920898
31
0.0
39
0.0
210
0.0
220
0.0
230
1.0
0
LINE
5
923
330
17
100
AcDbEntity
67
0
8
0
62
256
6
ByLayer
370
-1
48
1.0
60
0
100
AcDbLine
10
157.27799987793
20
82.1910018920898
30
0.0
11
158.794006347656
21
81.3160018920898
31
0.0
39
0.0
210
0.0
220
0.0
230
1.0
0
LINE
5
924
330
17
100
AcDbEntity
67
0
8
0
62
256
6
ByLayer
370
-1
48
1.0
60
0
100
AcDbLine
10
158.794006347656
20
81.3160018920898
30
0.0
11
158.794006347656
21
79.5660018920898
31
0.0
39
0.0
210
0.0
220
0.0
230
1.0
0
LINE
5
925
330
17
100
AcDbEntity
67
0
8
0
62
256
6
ByLayer
370
-1
48
1.0
60
0
100
AcDbLine
10
162.324996948242
20
79.5660018920898
30
0.0
11
160.809005737305
21
78.6910018920898
31
0.0
39
0.0
210
0.0
220
0.0
230
1.0
0
LINE
5
926
330
17
100
AcDbEntity
67
0
8
0
62
256
6
ByLayer
370
-1
48
1.0
60
0
100
AcDbLine
10
160.809005737305
20
78.6910018920898
30
0.0
11
159.294006347656
21
79.5660018920898
31
0.0
39
0.0
210
0.0
220
0.0
230
1.0
0
LINE
5
927
330
17
100
AcDbEntity
67
0
8
0
62
256
6
ByLayer
370
-1
48
1.0
60
0
100
AcDbLine
10
159.294006347656
20
79.5660018920898
30
0.0
11
159.294006347656
21
81.3160018920898
31
0.0
39
0.0
210
0.0
220
0.0
230
1.0
0
LINE
5
928
330
17
100
AcDbEntity
67
0
8
0
62
256
6
ByLayer
370
-1
48
1.0
60
0
100
AcDbLine
10
159.294006347656
20
81.3160018920898
30
0.0
11
160.809005737305
21
82.1910018920898
31
0.0
39
0.0
210
0.0
220
0.0
230
1.0
0
LINE
5
929
330
17
100
AcDbEntity
67
0
8
0
62
256
6
ByLayer
370
-1
48
1.0
60
0
100
AcDbLine
10
160.809005737305
20
82.1910018920898
30
0.0
11
162.324996948242
21
81.3160018920898
31
0.0
39
0.0
210
0.0
220
0.0
230
1.0
0
LINE
5
92A
330
17
100
AcDbEntity
67
0
8
0
62
256
6
ByLayer
370
-1
48
1.0
60
0
100
AcDbLine
10
162.324996948242
20
81.3160018920898
30
0.0
11
162.324996948242
21
79.5660018920898
31
0.0
39
0.0
210
0.0
220
0.0
230
1.0
0
LINE
5
92B
330
17
100
AcDbEntity
67
0
8
0
62
256
6
ByLayer
370
-1
48
1.0
60
0
100
AcDbLine
10
165.856002807617
20
79.5660018920898
30
0.0
11
164.341003417969
21
78.6910018920898
31
0.0
39
0.0
210
0.0
220
0.0
230
1.0
0
LINE
5
92C
330
17
100
AcDbEntity
67
0
8
0
62
256
6
ByLayer
370
-1
48
1.0
60
0
100
AcDbLine
10
164.341003417969
20
78.6910018920898
30
0.0
11
162.824996948242
21
79.5660018920898
31
0.0
39
0.0
210
0.0
220
0.0
230
1.0
0
LINE
5
92D
330
17
100
AcDbEntity
67
0
8
0
62
256
6
ByLayer
370
-1
48
1.0
60
0
100
AcDbLine
10
162.824996948242
20
79.5660018920898
30
0.0
11
162.824996948242
21
81.3160018920898
31
0.0
39
0.0
210
0.0
220
0.0
230
1.0
0
LINE
5
92E
330
17
100
AcDbEntity
67
0
8
0
62
256
6
ByLayer
370
-1
48
1.0
60
0
100
AcDbLine
10
162.824996948242
20
81.3160018920898
30
0.0
11
164.341003417969
21
82.1910018920898
31
0.0
39
0.0
210
0.0
220
0.0
230
1.0
0
LINE
5
92F
330
17
100
AcDbEntity
67
0
8
0
62
256
6
ByLayer
370
-1
48
1.0
60
0
100
AcDbLine
10
164.341003417969
20
82.1910018920898
30
0.0
11
165.856002807617
21
81.3160018920898
31
0.0
39
0.0
210
0.0
220
0.0
230
1.0
0
LINE
5
930
330
17
100
AcDbEntity
67
0
8
0
62
256
6
ByLayer
370
-1
48
1.0
60
0
100
AcDbLine
10
165.856002807617
20
81.3160018920898
30
0.0
11
165.856002807617
21
79.5660018920898
31
0.0
39
0.0
210
0.0
220
0.0
230
1.0
0
LINE
5
931
330
17
100
AcDbEntity
67
0
8
0
62
256
6
ByLayer
370
-1
48
1.0
60
0
100
AcDbLine
10
169.386993408203
20
79.5660018920898
30
0.0
11
167.871994018555
21
78.6910018920898
31
0.0
39
0.0
210
0.0
220
0.0
230
1.0
0
LINE
5
932
330
17
100
AcDbEntity
67
0
8
0
62
256
6
ByLayer
370
-1
48
1.0
60
0
100
AcDbLine
10
167.871994018555
20
78.6910018920898
30
0.0
11
166.356002807617
21
79.5660018920898
31
0.0
39
0.0
210
0.0
220
0.0
230
1.0
0
LINE
5
933
330
17
100
AcDbEntity
67
0
8
0
62
256
6
ByLayer
370
-1
48
1.0
60
0
100
AcDbLine
10
166.356002807617
20
79.5660018920898
30
0.0
11
166.356002807617
21
81.3160018920898
31
0.0
39
0.0
210
0.0
220
0.0
230
1.0
0
LINE
5
934
330
17
100
AcDbEntity
67
0
8
0
62
256
6
ByLayer
370
-1
48
1.0
60
0
100
AcDbLine
10
166.356002807617
20
81.3160018920898
30
0.0
11
167.871994018555
21
82.1910018920898
31
0.0
39
0.0
210
0.0
220
0.0
230
1.0
0
LINE
5
935
330
17
100
AcDbEntity
67
0
8
0
62
256
6
ByLayer
370
-1
48
1.0
60
0
100
AcDbLine
10
167.871994018555
20
82.1910018920898
30
0.0
11
169.386993408203
21
81.3160018920898
31
0.0
39
0.0
210
0.0
220
0.0
230
1.0
0
LINE
5
936
330
17
100
AcDbEntity
67
0
8
0
62
256
6
ByLayer
370
-1
48
1.0
60
0
100
AcDbLine
10
169.386993408203
20
81.3160018920898
30
0.0
11
169.386993408203
21
79.5660018920898
31
0.0
39
0.0
210
0.0
220
0.0
230
1.0
0
LINE
5
937
330
17
100
AcDbEntity
67
0
8
0
62
256
6
ByLayer
370
-1
48
1.0
60
0
100
AcDbLine
10
171.102005004883
20
80.5090026855469
30
0.0
11
170.376998901367
21
81.5989990234375
31
0.0
39
0.0
210
0.0
220
0.0
230
1.0
0
LINE
5
938
330
17
100
AcDbEntity
67
0
8
0
62
256
6
ByLayer
370
-1
48
1.0
60
0
100
AcDbLine
10
170.376998901367
20
81.5989990234375
30
0.0
11
169.886993408203
21
81.3160018920898
31
0.0
39
0.0
210
0.0
220
0.0
230
1.0
0
LINE
5
939
330
17
100
AcDbEntity
67
0
8
0
62
256
6
ByLayer
370
-1
48
1.0
60
0
100
AcDbLine
10
169.886993408203
20
81.3160018920898
30
0.0
11
169.886993408203
21
79.5660018920898
31
0.0
39
0.0
210
0.0
220
0.0
230
1.0
0
LINE
5
93A
330
17
100
AcDbEntity
67
0
8
0
62
256
6
ByLayer
370
-1
48
1.0
60
0
100
AcDbLine
10
169.886993408203
20
79.5660018920898
30
0.0
11
171.40299987793
21
78.6910018920898
31
0.0
39
0.0
210
0.0
220
0.0
230
1.0
0
LINE
5
93B
330
17
100
AcDbEntity
67
0
8
0
62
256
6
ByLayer
370
-1
48
1.0
60
0
100
AcDbLine
10
171.40299987793
20
78.6910018920898
30
0.0
11
172.231994628906
21
79.1699981689453
31
0.0
39
0.0
210
0.0
220
0.0
230
1.0
0
LINE
5
93C
330
17
100
AcDbEntity
67
0
8
0
62
256
6
ByLayer
370
-1
48
1.0
60
0
100
AcDbLine
10
172.231994628906
20
79.1699981689453
30
0.0
11
171.102005004883
21
80.5090026855469
31
0.0
39
0.0
210
0.0
220
0.0
230
1.0
0
LINE
5
93D
330
17
100
AcDbEntity
67
0
8
0
62
256
6
ByLayer
370
-1
48
1.0
60
0
100
AcDbLine
10
10.9219999313354
20
76.1880035400391
30
0.0
11
10.5290002822876
21
76.1139984130859
31
0.0
39
0.0
210
0.0
220
0.0
230
1.0
0
LINE
5
93E
330
17
100
AcDbEntity
67
0
8
0
62
256
6
ByLayer
370
-1
48
1.0
60
0
100
AcDbLine
10
10.5290002822876
20
76.1139984130859
30
0.0
11
10.1300001144409
21
75.9850006103516
31
0.0
39
0.0
210
0.0
220
0.0
230
1.0
0
LINE
5
93F
330
17
100
AcDbEntity
67
0
8
0
62
256
6
ByLayer
370
-1
48
1.0
60
0
100
AcDbLine
10
10.1300001144409
20
75.9850006103516
30
0.0
11
10.7379999160767
21
75.6330032348633
31
0.0
39
0.0
210
0.0
220
0.0
230
1.0
0
LINE
5
940
330
17
100
AcDbEntity
67
0
8
0
62
256
6
ByLayer
370
-1
48
1.0
60
0
100
AcDbLine
10
10.7379999160767
20
75.6330032348633
30
0.0
11
11.7130002975464
21
76.1959991455078
31
0.0
39
0.0
210
0.0
220
0.0
230
1.0
0
LINE
5
941
330
17
100
AcDbEntity
67
0
8
0
62
256
6
ByLayer
370
-1
48
1.0
60
0
100
AcDbLine
10
11.7130002975464
20
76.1959991455078
30
0.0
11
10.9219999313354
21
76.1880035400391
31
0.0
39
0.0
210
0.0
220
0.0
230
1.0
0
LINE
5
942
330
17
100
AcDbEntity
67
0
8
0
62
256
6
ByLayer
370
-1
48
1.0
60
0
100
AcDbLine
10
13.2690000534058
20
76.2109985351563
30
0.0
11
14.2690000534058
21
75.6330032348633
31
0.0
39
0.0
210
0.0
220
0.0
230
1.0
0
LINE
5
943
330
17
100
AcDbEntity
67
0
8
0
62
256
6
ByLayer
370
-1
48
1.0
60
0
100
AcDbLine
10
14.2690000534058
20
75.6330032348633
30
0.0
11
15.3039999008179
21
76.2310028076172
31
0.0
39
0.0
210
0.0
220
0.0
230
1.0
0
LINE
5
944
330
17
100
AcDbEntity
67
0
8
0
62
256
6
ByLayer
370
-1
48
1.0
60
0
100
AcDbLine
10
15.3039999008179
20
76.2310028076172
30
0.0
11
13.2690000534058
21
76.2109985351563
31
0.0
39
0.0
210
0.0
220
0.0
230
1.0
0
LINE
5
945
330
17
100
AcDbEntity
67
0
8
0
62
256
6
ByLayer
370
-1
48
1.0
60
0
100
AcDbLine
10
16.742000579834
20
76.2440032958984
30
0.0
11
17.7999992370605
21
75.6330032348633
31
0.0
39
0.0
210
0.0
220
0.0
230
1.0
0
LINE
5
946
330
17
100
AcDbEntity
67
0
8
0
62
256
6
ByLayer
370
-1
48
1.0
60
0
100
AcDbLine
10
17.7999992370605
20
75.6330032348633
30
0.0
11
18.8950004577637
21
76.2649993896484
31
0.0
39
0.0
210
0.0
220
0.0
230
1.0
0
LINE
5
947
330
17
100
AcDbEntity
67
0
8
0
62
256
6
ByLayer
370
-1
48
1.0
60
0
100
AcDbLine
10
18.8950004577637
20
76.2649993896484
30
0.0
11
16.742000579834
21
76.2440032958984
31
0.0
39
0.0
210
0.0
220
0.0
230
1.0
0
LINE
5
948
330
17
100
AcDbEntity
67
0
8
0
62
256
6
ByLayer
370
-1
48
1.0
60
0
100
AcDbLine
10
20.2150001525879
20
76.2779998779297
30
0.0
11
21.3309993743896
21
75.6330032348633
31
0.0
39
0.0
210
0.0
220
0.0
230
1.0
0
LINE
5
949
330
17
100
AcDbEntity
67
0
8
0
62
256
6
ByLayer
370
-1
48
1.0
60
0
100
AcDbLine
10
21.3309993743896
20
75.6330032348633
30
0.0
11
22.4860000610352
21
76.3000030517578
31
0.0
39
0.0
210
0.0
220
0.0
230
1.0
0
LINE
5
94A
330
17
100
AcDbEntity
67
0
8
0
62
256
6
ByLayer
370
-1
48
1.0
60
0
100
AcDbLine
10
22.4860000610352
20
76.3000030517578
30
0.0
11
20.2150001525879
21
76.2779998779297
31
0.0
39
0.0
210
0.0
220
0.0
230
1.0
0
LINE
5
94B
330
17
100
AcDbEntity
67
0
8
0
62
256
6
ByLayer
370
-1
48
1.0
60
0
100
AcDbLine
10
23.6879997253418
20
76.3109970092773
30
0.0
11
24.863000869751
21
75.6330032348633
31
0.0
39
0.0
210
0.0
220
0.0
230
1.0
0
LINE
5
94C
330
17
100
AcDbEntity
67
0
8
0
62
256
6
ByLayer
370
-1
48
1.0
60
0
100
AcDbLine
10
24.863000869751
20
75.6330032348633
30
0.0
11
26.0769996643066
21
76.3339996337891
31
0.0
39
0.0
210
0.0
220
0.0
230
1.0
0
LINE
5
94D
330
17
100
AcDbEntity
67
0
8
0
62
256
6
ByLayer
370
-1
48
1.0
60
0
100
AcDbLine
10
26.0769996643066
20
76.3339996337891
30
0.0
11
23.6879997253418
21
76.3109970092773
31
0.0
39
0.0
210
0.0
220
0.0
230
1.0
0
LINE
5
94E
330
17
100
AcDbEntity
67
0
8
0
62
256
6
ByLayer
370
-1
48
1.0
60
0
100
AcDbLine
10
27.1609992980957
20
76.3450012207031
30
0.0
11
28.3939990997314
21
75.6330032348633
31
0.0
39
0.0
210
0.0
220
0.0
230
1.0
0
LINE
5
94F
330
17
100
AcDbEntity
67
0
8
0
62
256
6
ByLayer
370
-1
48
1.0
60
0
100
AcDbLine
10
28.3939990997314
20
75.6330032348633
30
0.0
11
29.6679992675781
21
76.3690032958984
31
0.0
39
0.0
210
0.0
220
0.0
230
1.0
0
LINE
5
950
330
17
100
AcDbEntity
67
0
8
0
62
256
6
ByLayer
370
-1
48
1.0
60
0
100
AcDbLine
10
29.6679992675781
20
76.3690032958984
30
0.0
11
27.1609992980957
21
76.3450012207031
31
0.0
39
0.0
210
0.0
220
0.0
230
1.0
0
LINE
5
951
330
17
100
AcDbEntity
67
0
8
0
62
256
6
ByLayer
370
-1
48
1.0
60
0
100
AcDbLine
10
30.6340007781982
20
76.3779983520508
30
0.0
11
31.9249992370605
21
75.6330032348633
31
0.0
39
0.0
210
0.0
220
0.0
230
1.0
0
LINE
5
952
330
17
100
AcDbEntity
67
0
8
0
62
256
6
ByLayer
370
-1
48
1.0
60
0
100
AcDbLine
10
31.9249992370605
20
75.6330032348633
30
0.0
11
33.2589988708496
21
76.4039993286133
31
0.0
39
0.0
210
0.0
220
0.0
230
1.0
0
LINE
5
953
330
17
100
AcDbEntity
67
0
8
0
62
256
6
ByLayer
370
-1
48
1.0
60
0
100
AcDbLine
10
33.2589988708496
20
76.4039993286133
30
0.0
11
30.6340007781982
21
76.3779983520508
31
0.0
39
0.0
210
0.0
220
0.0
230
1.0
0
LINE
5
954
330
17
100
AcDbEntity
67
0
8
0
62
256
6
ByLayer
370
-1
48
1.0
60
0
100
AcDbLine
10
34.1069984436035
20
76.4120025634766
30
0.0
11
35.4560012817383
21
75.6330032348633
31
0.0
39
0.0
210
0.0
220
0.0
230
1.0
0
LINE
5
955
330
17
100
AcDbEntity
67
0
8
0
62
256
6
ByLayer
370
-1
48
1.0
60
0
100
AcDbLine
10
35.4560012817383
20
75.6330032348633
30
0.0
11
36.8499984741211
21
76.4380035400391
31
0.0
39
0.0
210
0.0
220
0.0
230
1.0
0
LINE
5
956
330
17
100
AcDbEntity
67
0
8
0
62
256
6
ByLayer
370
-1
48
1.0
60
0
100
AcDbLine
10
36.8499984741211
20
76.4380035400391
30
0.0
11
34.1069984436035
21
76.4120025634766
31
0.0
39
0.0
210
0.0
220
0.0
230
1.0
0
LINE
5
957
330
17
100
AcDbEntity
67
0
8
0
62
256
6
ByLayer
370
-1
48
1.0
60
0
100
AcDbLine
10
37.5800018310547
20
76.4449996948242
30
0.0
11
38.9869995117188
21
75.6330032348633
31
0.0
39
0.0
210
0.0
220
0.0
230
1.0
0
LINE
5
958
330
17
100
AcDbEntity
67
0
8
0
62
256
6
ByLayer
370
-1
48
1.0
60
0
100
AcDbLine
10
38.9869995117188
20
75.6330032348633
30
0.0
11
40.4410018920898
21
76.4729995727539
31
0.0
39
0.0
210
0.0
220
0.0
230
1.0
0
LINE
5
959
330
17
100
AcDbEntity
67
0
8
0
62
256
6
ByLayer
370
-1
48
1.0
60
0
100
AcDbLine
10
40.4410018920898
20
76.4729995727539
30
0.0
11
37.5800018310547
21
76.4449996948242
31
0.0
39
0.0
210
0.0
220
0.0
230
1.0
0
LINE
5
95A
330
17
100
AcDbEntity
67
0
8
0
62
256
6
ByLayer
370
-1
48
1.0
60
0
100
AcDbLine
10
41.0540008544922
20
76.4789962768555
30
0.0
11
42.5180015563965
21
75.6330032348633
31
0.0
39
0.0
210
0.0
220
0.0
230
1.0
0
LINE
5
95B
330
17
100
AcDbEntity
67
0
8
0
62
256
6
ByLayer
370
-1
48
1.0
60
0
100
AcDbLine
10
42.5180015563965
20
75.6330032348633
30
0.0
11
44.0320014953613
21
76.5080032348633
31
0.0
39
0.0
210
0.0
220
0.0
230
1.0
0
LINE
5
95C
330
17
100
AcDbEntity
67
0
8
0
62
256
6
ByLayer
370
-1
48
1.0
60
0
100
AcDbLine
10
44.0320014953613
20
76.5080032348633
30
0.0
11
41.0540008544922
21
76.4789962768555
31
0.0
39
0.0
210
0.0
220
0.0
230
1.0
0
LINE
5
95D
330
17
100
AcDbEntity
67
0
8
0
62
256
6
ByLayer
370
-1
48
1.0
60
0
100
AcDbLine
10
44.5340003967285
20
76.5120010375977
30
0.0
11
46.048999786377
21
75.6330032348633
31
0.0
39
0.0
210
0.0
220
0.0
230
1.0
0
LINE
5
95E
330
17
100
AcDbEntity
67
0
8
0
62
256
6
ByLayer
370
-1
48
1.0
60
0
100
AcDbLine
10
46.048999786377
20
75.6330032348633
30
0.0
11
47.564998626709
21
76.5080032348633
31
0.0
39
0.0
210
0.0
220
0.0
230
1.0
0
LINE
5
95F
330
17
100
AcDbEntity
67
0
8
0
62
256
6
ByLayer
370
-1
48
1.0
60
0
100
AcDbLine
10
47.564998626709
20
76.5080032348633
30
0.0
11
47.564998626709
21
76.5419998168945
31
0.0
39
0.0
210
0.0
220
0.0
230
1.0
0
LINE
5
960
330
17
100
AcDbEntity
67
0
8
0
62
256
6
ByLayer
370
-1
48
1.0
60
0
100
AcDbLine
10
47.564998626709
20
76.5419998168945
30
0.0
11
44.5340003967285
21
76.5120010375977
31
0.0
39
0.0
210
0.0
220
0.0
230
1.0
0
LINE
5
961
330
17
100
AcDbEntity
67
0
8
0
62
256
6
ByLayer
370
-1
48
1.0
60
0
100
AcDbLine
10
48.064998626709
20
76.5459976196289
30
0.0
11
48.064998626709
21
76.5080032348633
31
0.0
39
0.0
210
0.0
220
0.0
230
1.0
0
LINE
5
962
330
17
100
AcDbEntity
67
0
8
0
62
256
6
ByLayer
370
-1
48
1.0
60
0
100
AcDbLine
10
48.064998626709
20
76.5080032348633
30
0.0
11
49.5800018310547
21
75.6330032348633
31
0.0
39
0.0
210
0.0
220
0.0
230
1.0
0
LINE
5
963
330
17
100
AcDbEntity
67
0
8
0
62
256
6
ByLayer
370
-1
48
1.0
60
0
100
AcDbLine
10
49.5800018310547
20
75.6330032348633
30
0.0
11
51.0960006713867
21
76.5080032348633
31
0.0
39
0.0
210
0.0
220
0.0
230
1.0
0
LINE
5
964
330
17
100
AcDbEntity
67
0
8
0
62
256
6
ByLayer
370
-1
48
1.0
60
0
100
AcDbLine
10
51.0960006713867
20
76.5080032348633
30
0.0
11
51.0960006713867
21
76.5759963989258
31
0.0
39
0.0
210
0.0
220
0.0
230
1.0
0
LINE
5
965
330
17
100
AcDbEntity
67
0
8
0
62
256
6
ByLayer
370
-1
48
1.0
60
0
100
AcDbLine
10
51.0960006713867
20
76.5759963989258
30
0.0
11
48.064998626709
21
76.5459976196289
31
0.0
39
0.0
210
0.0
220
0.0
230
1.0
0
LINE
5
966
330
17
100
AcDbEntity
67
0
8
0
62
256
6
ByLayer
370
-1
48
1.0
60
0
100
AcDbLine
10
51.5960006713867
20
76.5810012817383
30
0.0
11
51.5960006713867
21
76.5080032348633
31
0.0
39
0.0
210
0.0
220
0.0
230
1.0
0
LINE
5
967
330
17
100
AcDbEntity
67
0
8
0
62
256
6
ByLayer
370
-1
48
1.0
60
0
100
AcDbLine
10
51.5960006713867
20
76.5080032348633
30
0.0
11
53.1110000610352
21
75.6330032348633
31
0.0
39
0.0
210
0.0
220
0.0
230
1.0
0
LINE
5
968
330
17
100
AcDbEntity
67
0
8
0
62
256
6
ByLayer
370
-1
48
1.0
60
0
100
AcDbLine
10
53.1110000610352
20
75.6330032348633
30
0.0
11
54.6269989013672
21
76.5080032348633
31
0.0
39
0.0
210
0.0
220
0.0
230
1.0
0
LINE
5
969
330
17
100
AcDbEntity
67
0
8
0
62
256
6
ByLayer
370
-1
48
1.0
60
0
100
AcDbLine
10
54.6269989013672
20
76.5080032348633
30
0.0
11
54.6269989013672
21
76.6100006103516
31
0.0
39
0.0
210
0.0
220
0.0
230
1.0
0
LINE
5
96A
330
17
100
AcDbEntity
67
0
8
0
62
256
6
ByLayer
370
-1
48
1.0
60
0
100
AcDbLine
10
54.6269989013672
20
76.6100006103516
30
0.0
11
51.5960006713867
21
76.5810012817383
31
0.0
39
0.0
210
0.0
220
0.0
230
1.0
0
LINE
5
96B
330
17
100
AcDbEntity
67
0
8
0
62
256
6
ByLayer
370
-1
48
1.0
60
0
100
AcDbLine
10
55.2019996643066
20
76.6149978637695
30
0.0
11
55.1269989013672
21
76.6149978637695
31
0.0
39
0.0
210
0.0
220
0.0
230
1.0
0
LINE
5
96C
330
17
100
AcDbEntity
67
0
8
0
62
256
6
ByLayer
370
-1
48
1.0
60
0
100
AcDbLine
10
55.1269989013672
20
76.6149978637695
30
0.0
11
55.1269989013672
21
76.5080032348633
31
0.0
39
0.0
210
0.0
220
0.0
230
1.0
0
LINE
5
96D
330
17
100
AcDbEntity
67
0
8
0
62
256
6
ByLayer
370
-1
48
1.0
60
0
100
AcDbLine
10
55.1269989013672
20
76.5080032348633
30
0.0
11
55.2019996643066
21
76.4649963378906
31
0.0
39
0.0
210
0.0
220
0.0
230
1.0
0
LINE
5
96E
330
17
100
AcDbEntity
67
0
8
0
62
256
6
ByLayer
370
-1
48
1.0
60
0
100
AcDbLine
10
55.2019996643066
20
76.4649963378906
30
0.0
11
55.2019996643066
21
76.6149978637695
31
0.0
39
0.0
210
0.0
220
0.0
230
1.0
0
LINE
5
96F
330
17
100
AcDbEntity
67
0
8
0
62
256
6
ByLayer
370
-1
48
1.0
60
0
100
AcDbLine
10
60.1829986572266
20
79.1279983520508
30
0.0
11
60.0579986572266
21
77.3399963378906
31
0.0
39
0.0
210
0.0
220
0.0
230
1.0
0
LINE
5
970
330
17
100
AcDbEntity
67
0
8
0
62
256
6
ByLayer
370
-1
48
1.0
60
0
100
AcDbLine
10
60.0579986572266
20
77.3399963378906
30
0.0
11
59.7980003356934
21
75.8499984741211
31
0.0
39
0.0
210
0.0
220
0.0
230
1.0
0
LINE
5
971
330
17
100
AcDbEntity
67
0
8
0
62
256
6
ByLayer
370
-1
48
1.0
60
0
100
AcDbLine
10
59.7980003356934
20
75.8499984741211
30
0.0
11
60.1730003356934
21
75.6330032348633
31
0.0
39
0.0
210
0.0
220
0.0
230
1.0
0
LINE
5
972
330
17
100
AcDbEntity
67
0
8
0
62
256
6
ByLayer
370
-1
48
1.0
60
0
100
AcDbLine
10
60.1730003356934
20
75.6330032348633
30
0.0
11
61.6889991760254
21
76.5080032348633
31
0.0
39
0.0
210
0.0
220
0.0
230
1.0
0
LINE
5
973
330
17
100
AcDbEntity
67
0
8
0
62
256
6
ByLayer
370
-1
48
1.0
60
0
100
AcDbLine
10
61.6889991760254
20
76.5080032348633
30
0.0
11
61.6889991760254
21
78.2580032348633
31
0.0
39
0.0
210
0.0
220
0.0
230
1.0
0
LINE
5
974
330
17
100
AcDbEntity
67
0
8
0
62
256
6
ByLayer
370
-1
48
1.0
60
0
100
AcDbLine
10
61.6889991760254
20
78.2580032348633
30
0.0
11
60.1829986572266
21
79.1279983520508
31
0.0
39
0.0
210
0.0
220
0.0
230
1.0
0
LINE
5
975
330
17
100
AcDbEntity
67
0
8
0
62
256
6
ByLayer
370
-1
48
1.0
60
0
100
AcDbLine
10
65.2200012207031
20
76.5080032348633
30
0.0
11
63.7050018310547
21
75.6330032348633
31
0.0
39
0.0
210
0.0
220
0.0
230
1.0
0
LINE
5
976
330
17
100
AcDbEntity
67
0
8
0
62
256
6
ByLayer
370
-1
48
1.0
60
0
100
AcDbLine
10
63.7050018310547
20
75.6330032348633
30
0.0
11
62.1889991760254
21
76.5080032348633
31
0.0
39
0.0
210
0.0
220
0.0
230
1.0
0
LINE
5
977
330
17
100
AcDbEntity
67
0
8
0
62
256
6
ByLayer
370
-1
48
1.0
60
0
100
AcDbLine
10
62.1889991760254
20
76.5080032348633
30
0.0
11
62.1889991760254
21
78.2580032348633
31
0.0
39
0.0
210
0.0
220
0.0
230
1.0
0
LINE
5
978
330
17
100
AcDbEntity
67
0
8
0
62
256
6
ByLayer
370
-1
48
1.0
60
0
100
AcDbLine
10
62.1889991760254
20
78.2580032348633
30
0.0
11
63.7050018310547
21
79.1330032348633
31
0.0
39
0.0
210
0.0
220
0.0
230
1.0
0
LINE
5
979
330
17
100
AcDbEntity
67
0
8
0
62
256
6
ByLayer
370
-1
48
1.0
60
0
100
AcDbLine
10
63.7050018310547
20
79.1330032348633
30
0.0
11
65.2200012207031
21
78.2580032348633
31
0.0
39
0.0
210
0.0
220
0.0
230
1.0
0
LINE
5
97A
330
17
100
AcDbEntity
67
0
8
0
62
256
6
ByLayer
370
-1
48
1.0
60
0
100
AcDbLine
10
65.2200012207031
20
78.2580032348633
30
0.0
11
65.2200012207031
21
76.5080032348633
31
0.0
39
0.0
210
0.0
220
0.0
230
1.0
0
LINE
5
97B
330
17
100
AcDbEntity
67
0
8
0
62
256
6
ByLayer
370
-1
48
1.0
60
0
100
AcDbLine
10
68.7509994506836
20
76.5080032348633
30
0.0
11
67.2360000610352
21
75.6330032348633
31
0.0
39
0.0
210
0.0
220
0.0
230
1.0
0
LINE
5
97C
330
17
100
AcDbEntity
67
0
8
0
62
256
6
ByLayer
370
-1
48
1.0
60
0
100
AcDbLine
10
67.2360000610352
20
75.6330032348633
30
0.0
11
65.7200012207031
21
76.5080032348633
31
0.0
39
0.0
210
0.0
220
0.0
230
1.0
0
LINE
5
97D
330
17
100
AcDbEntity
67
0
8
0
62
256
6
ByLayer
370
-1
48
1.0
60
0
100
AcDbLine
10
65.7200012207031
20
76.5080032348633
30
0.0
11
65.7200012207031
21
78.2580032348633
31
0.0
39
0.0
210
0.0
220
0.0
230
1.0
0
LINE
5
97E
330
17
100
AcDbEntity
67
0
8
0
62
256
6
ByLayer
370
-1
48
1.0
60
0
100
AcDbLine
10
65.7200012207031
20
78.2580032348633
30
0.0
11
67.2360000610352
21
79.1330032348633
31
0.0
39
0.0
210
0.0
220
0.0
230
1.0
0
LINE
5
97F
330
17
100
AcDbEntity
67
0
8
0
62
256
6
ByLayer
370
-1
48
1.0
60
0
100
AcDbLine
10
67.2360000610352
20
79.1330032348633
30
0.0
11
68.7509994506836
21
78.2580032348633
31
0.0
39
0.0
210
0.0
220
0.0
230
1.0
0
LINE
5
980
330
17
100
AcDbEntity
67
0
8
0
62
256
6
ByLayer
370
-1
48
1.0
60
0
100
AcDbLine
10
68.7509994506836
20
78.2580032348633
30
0.0
11
68.7509994506836
21
76.5080032348633
31
0.0
39
0.0
210
0.0
220
0.0
230
1.0
0
LINE
5
981
330
17
100
AcDbEntity
67
0
8
0
62
256
6
ByLayer
370
-1
48
1.0
60
0
100
AcDbLine
10
72.2819976806641
20
76.5080032348633
30
0.0
11
70.7669982910156
21
75.6330032348633
31
0.0
39
0.0
210
0.0
220
0.0
230
1.0
0
LINE
5
982
330
17
100
AcDbEntity
67
0
8
0
62
256
6
ByLayer
370
-1
48
1.0
60
0
100
AcDbLine
10
70.7669982910156
20
75.6330032348633
30
0.0
11
69.2509994506836
21
76.5080032348633
31
0.0
39
0.0
210
0.0
220
0.0
230
1.0
0
LINE
5
983
330
17
100
AcDbEntity
67
0
8
0
62
256
6
ByLayer
370
-1
48
1.0
60
0
100
AcDbLine
10
69.2509994506836
20
76.5080032348633
30
0.0
11
69.2509994506836
21
78.2580032348633
31
0.0
39
0.0
210
0.0
220
0.0
230
1.0
0
LINE
5
984
330
17
100
AcDbEntity
67
0
8
0
62
256
6
ByLayer
370
-1
48
1.0
60
0
100
AcDbLine
10
69.2509994506836
20
78.2580032348633
30
0.0
11
70.7669982910156
21
79.1330032348633
31
0.0
39
0.0
210
0.0
220
0.0
230
1.0
0
LINE
5
985
330
17
100
AcDbEntity
67
0
8
0
62
256
6
ByLayer
370
-1
48
1.0
60
0
100
AcDbLine
10
70.7669982910156
20
79.1330032348633
30
0.0
11
72.2819976806641
21
78.2580032348633
31
0.0
39
0.0
210
0.0
220
0.0
230
1.0
0
LINE
5
986
330
17
100
AcDbEntity
67
0
8
0
62
256
6
ByLayer
370
-1
48
1.0
60
0
100
AcDbLine
10
72.2819976806641
20
78.2580032348633
30
0.0
11
72.2819976806641
21
76.5080032348633
31
0.0
39
0.0
210
0.0
220
0.0
230
1.0
0
LINE
5
987
330
17
100
AcDbEntity
67
0
8
0
62
256
6
ByLayer
370
-1
48
1.0
60
0
100
AcDbLine
10
75.8130035400391
20
76.5080032348633
30
0.0
11
74.2979965209961
21
75.6330032348633
31
0.0
39
0.0
210
0.0
220
0.0
230
1.0
0
LINE
5
988
330
17
100
AcDbEntity
67
0
8
0
62
256
6
ByLayer
370
-1
48
1.0
60
0
100
AcDbLine
10
74.2979965209961
20
75.6330032348633
30
0.0
11
72.7819976806641
21
76.5080032348633
31
0.0
39
0.0
210
0.0
220
0.0
230
1.0
0
LINE
5
989
330
17
100
AcDbEntity
67
0
8
0
62
256
6
ByLayer
370
-1
48
1.0
60
0
100
AcDbLine
10
72.7819976806641
20
76.5080032348633
30
0.0
11
72.7819976806641
21
78.2580032348633
31
0.0
39
0.0
210
0.0
220
0.0
230
1.0
0
LINE
5
98A
330
17
100
AcDbEntity
67
0
8
0
62
256
6
ByLayer
370
-1
48
1.0
60
0
100
AcDbLine
10
72.7819976806641
20
78.2580032348633
30
0.0
11
74.2979965209961
21
79.1330032348633
31
0.0
39
0.0
210
0.0
220
0.0
230
1.0
0
LINE
5
98B
330
17
100
AcDbEntity
67
0
8
0
62
256
6
ByLayer
370
-1
48
1.0
60
0
100
AcDbLine
10
74.2979965209961
20
79.1330032348633
30
0.0
11
75.8130035400391
21
78.2580032348633
31
0.0
39
0.0
210
0.0
220
0.0
230
1.0
0
LINE
5
98C
330
17
100
AcDbEntity
67
0
8
0
62
256
6
ByLayer
370
-1
48
1.0
60
0
100
AcDbLine
10
75.8130035400391
20
78.2580032348633
30
0.0
11
75.8130035400391
21
76.5080032348633
31
0.0
39
0.0
210
0.0
220
0.0
230
1.0
0
LINE
5
98D
330
17
100
AcDbEntity
67
0
8
0
62
256
6
ByLayer
370
-1
48
1.0
60
0
100
AcDbLine
10
79.3440017700195
20
76.5080032348633
30
0.0
11
77.8290023803711
21
75.6330032348633
31
0.0
39
0.0
210
0.0
220
0.0
230
1.0
0
LINE
5
98E
330
17
100
AcDbEntity
67
0
8
0
62
256
6
ByLayer
370
-1
48
1.0
60
0
100
AcDbLine
10
77.8290023803711
20
75.6330032348633
30
0.0
11
76.3130035400391
21
76.5080032348633
31
0.0
39
0.0
210
0.0
220
0.0
230
1.0
0
LINE
5
98F
330
17
100
AcDbEntity
67
0
8
0
62
256
6
ByLayer
370
-1
48
1.0
60
0
100
AcDbLine
10
76.3130035400391
20
76.5080032348633
30
0.0
11
76.3130035400391
21
78.2580032348633
31
0.0
39
0.0
210
0.0
220
0.0
230
1.0
0
LINE
5
990
330
17
100
AcDbEntity
67
0
8
0
62
256
6
ByLayer
370
-1
48
1.0
60
0
100
AcDbLine
10
76.3130035400391
20
78.2580032348633
30
0.0
11
77.8290023803711
21
79.1330032348633
31
0.0
39
0.0
210
0.0
220
0.0
230
1.0
0
LINE
5
991
330
17
100
AcDbEntity
67
0
8
0
62
256
6
ByLayer
370
-1
48
1.0
60
0
100
AcDbLine
10
77.8290023803711
20
79.1330032348633
30
0.0
11
79.3440017700195
21
78.2580032348633
31
0.0
39
0.0
210
0.0
220
0.0
230
1.0
0
LINE
5
992
330
17
100
AcDbEntity
67
0
8
0
62
256
6
ByLayer
370
-1
48
1.0
60
0
100
AcDbLine
10
79.3440017700195
20
78.2580032348633
30
0.0
11
79.3440017700195
21
76.5080032348633
31
0.0
39
0.0
210
0.0
220
0.0
230
1.0
0
LINE
5
993
330
17
100
AcDbEntity
67
0
8
0
62
256
6
ByLayer
370
-1
48
1.0
60
0
100
AcDbLine
10
82.1510009765625
20
76.5830001831055
30
0.0
11
82.6750030517578
21
78.1060028076172
31
0.0
39
0.0
210
0.0
220
0.0
230
1.0
0
LINE
5
994
330
17
100
AcDbEntity
67
0
8
0
62
256
6
ByLayer
370
-1
48
1.0
60
0
100
AcDbLine
10
82.6750030517578
20
78.1060028076172
30
0.0
11
82.7679977416992
21
78.3199996948242
31
0.0
39
0.0
210
0.0
220
0.0
230
1.0
0
LINE
5
995
330
17
100
AcDbEntity
67
0
8
0
62
256
6
ByLayer
370
-1
48
1.0
60
0
100
AcDbLine
10
82.7679977416992
20
78.3199996948242
30
0.0
11
81.3600006103516
21
79.1330032348633
31
0.0
39
0.0
210
0.0
220
0.0
230
1.0
0
LINE
5
996
330
17
100
AcDbEntity
67
0
8
0
62
256
6
ByLayer
370
-1
48
1.0
60
0
100
AcDbLine
10
81.3600006103516
20
79.1330032348633
30
0.0
11
79.8440017700195
21
78.2580032348633
31
0.0
39
0.0
210
0.0
220
0.0
230
1.0
0
LINE
5
997
330
17
100
AcDbEntity
67
0
8
0
62
256
6
ByLayer
370
-1
48
1.0
60
0
100
AcDbLine
10
79.8440017700195
20
78.2580032348633
30
0.0
11
79.8440017700195
21
76.5080032348633
31
0.0
39
0.0
210
0.0
220
0.0
230
1.0
0
LINE
5
998
330
17
100
AcDbEntity
67
0
8
0
62
256
6
ByLayer
370
-1
48
1.0
60
0
100
AcDbLine
10
79.8440017700195
20
76.5080032348633
30
0.0
11
81.3600006103516
21
75.6330032348633
31
0.0
39
0.0
210
0.0
220
0.0
230
1.0
0
LINE
5
999
330
17
100
AcDbEntity
67
0
8
0
62
256
6
ByLayer
370
-1
48
1.0
60
0
100
AcDbLine
10
81.3600006103516
20
75.6330032348633
30
0.0
11
82.0
21
76.0029983520508
31
0.0
39
0.0
210
0.0
220
0.0
230
1.0
0
LINE
5
99A
330
17
100
AcDbEntity
67
0
8
0
62
256
6
ByLayer
370
-1
48
1.0
60
0
100
AcDbLine
10
82.0
20
76.0029983520508
30
0.0
11
82.1510009765625
21
76.5830001831055
31
0.0
39
0.0
210
0.0
220
0.0
230
1.0
0
LINE
5
99B
330
17
100
AcDbEntity
67
0
8
0
62
256
6
ByLayer
370
-1
48
1.0
60
0
100
AcDbLine
10
96.9459991455078
20
76.4769973754883
30
0.0
11
97.0
21
76.5080032348633
31
0.0
39
0.0
210
0.0
220
0.0
230
1.0
0
LINE
5
99C
330
17
100
AcDbEntity
67
0
8
0
62
256
6
ByLayer
370
-1
48
1.0
60
0
100
AcDbLine
10
97.0
20
76.5080032348633
30
0.0
11
97.0
21
76.6320037841797
31
0.0
39
0.0
210
0.0
220
0.0
230
1.0
0
LINE
5
99D
330
17
100
AcDbEntity
67
0
8
0
62
256
6
ByLayer
370
-1
48
1.0
60
0
100
AcDbLine
10
97.0
20
76.6320037841797
30
0.0
11
96.9459991455078
21
76.4769973754883
31
0.0
39
0.0
210
0.0
220
0.0
230
1.0
0
LINE
5
99E
330
17
100
AcDbEntity
67
0
8
0
62
256
6
ByLayer
370
-1
48
1.0
60
0
100
AcDbLine
10
97.5550003051758
20
78.2900009155273
30
0.0
11
97.5
21
78.0609970092773
31
0.0
39
0.0
210
0.0
220
0.0
230
1.0
0
LINE
5
99F
330
17
100
AcDbEntity
67
0
8
0
62
256
6
ByLayer
370
-1
48
1.0
60
0
100
AcDbLine
10
97.5
20
78.0609970092773
30
0.0
11
97.5
21
76.5080032348633
31
0.0
39
0.0
210
0.0
220
0.0
230
1.0
0
LINE
5
9A0
330
17
100
AcDbEntity
67
0
8
0
62
256
6
ByLayer
370
-1
48
1.0
60
0
100
AcDbLine
10
97.5
20
76.5080032348633
30
0.0
11
99.0149993896484
21
75.6330032348633
31
0.0
39
0.0
210
0.0
220
0.0
230
1.0
0
LINE
5
9A1
330
17
100
AcDbEntity
67
0
8
0
62
256
6
ByLayer
370
-1
48
1.0
60
0
100
AcDbLine
10
99.0149993896484
20
75.6330032348633
30
0.0
11
100.53099822998
21
76.5080032348633
31
0.0
39
0.0
210
0.0
220
0.0
230
1.0
0
LINE
5
9A2
330
17
100
AcDbEntity
67
0
8
0
62
256
6
ByLayer
370
-1
48
1.0
60
0
100
AcDbLine
10
100.53099822998
20
76.5080032348633
30
0.0
11
100.53099822998
21
78.2580032348633
31
0.0
39
0.0
210
0.0
220
0.0
230
1.0
0
LINE
5
9A3
330
17
100
AcDbEntity
67
0
8
0
62
256
6
ByLayer
370
-1
48
1.0
60
0
100
AcDbLine
10
100.53099822998
20
78.2580032348633
30
0.0
11
99.0149993896484
21
79.1330032348633
31
0.0
39
0.0
210
0.0
220
0.0
230
1.0
0
LINE
5
9A4
330
17
100
AcDbEntity
67
0
8
0
62
256
6
ByLayer
370
-1
48
1.0
60
0
100
AcDbLine
10
99.0149993896484
20
79.1330032348633
30
0.0
11
97.5550003051758
21
78.2900009155273
31
0.0
39
0.0
210
0.0
220
0.0
230
1.0
0
LINE
5
9A5
330
17
100
AcDbEntity
67
0
8
0
62
256
6
ByLayer
370
-1
48
1.0
60
0
100
AcDbLine
10
104.061996459961
20
76.5080032348633
30
0.0
11
102.545997619629
21
75.6330032348633
31
0.0
39
0.0
210
0.0
220
0.0
230
1.0
0
LINE
5
9A6
330
17
100
AcDbEntity
67
0
8
0
62
256
6
ByLayer
370
-1
48
1.0
60
0
100
AcDbLine
10
102.545997619629
20
75.6330032348633
30
0.0
11
101.03099822998
21
76.5080032348633
31
0.0
39
0.0
210
0.0
220
0.0
230
1.0
0
LINE
5
9A7
330
17
100
AcDbEntity
67
0
8
0
62
256
6
ByLayer
370
-1
48
1.0
60
0
100
AcDbLine
10
101.03099822998
20
76.5080032348633
30
0.0
11
101.03099822998
21
78.2580032348633
31
0.0
39
0.0
210
0.0
220
0.0
230
1.0
0
LINE
5
9A8
330
17
100
AcDbEntity
67
0
8
0
62
256
6
ByLayer
370
-1
48
1.0
60
0
100
AcDbLine
10
101.03099822998
20
78.2580032348633
30
0.0
11
102.545997619629
21
79.1330032348633
31
0.0
39
0.0
210
0.0
220
0.0
230
1.0
0
LINE
5
9A9
330
17
100
AcDbEntity
67
0
8
0
62
256
6
ByLayer
370
-1
48
1.0
60
0
100
AcDbLine
10
102.545997619629
20
79.1330032348633
30
0.0
11
104.061996459961
21
78.2580032348633
31
0.0
39
0.0
210
0.0
220
0.0
230
1.0
0
LINE
5
9AA
330
17
100
AcDbEntity
67
0
8
0
62
256
6
ByLayer
370
-1
48
1.0
60
0
100
AcDbLine
10
104.061996459961
20
78.2580032348633
30
0.0
11
104.061996459961
21
76.5080032348633
31
0.0
39
0.0
210
0.0
220
0.0
230
1.0
0
LINE
5
9AB
330
17
100
AcDbEntity
67
0
8
0
62
256
6
ByLayer
370
-1
48
1.0
60
0
100
AcDbLine
10
107.593002319336
20
76.5080032348633
30
0.0
11
106.078002929688
21
75.6330032348633
31
0.0
39
0.0
210
0.0
220
0.0
230
1.0
0
LINE
5
9AC
330
17
100
AcDbEntity
67
0
8
0
62
256
6
ByLayer
370
-1
48
1.0
60
0
100
AcDbLine
10
106.078002929688
20
75.6330032348633
30
0.0
11
104.561996459961
21
76.5080032348633
31
0.0
39
0.0
210
0.0
220
0.0
230
1.0
0
LINE
5
9AD
330
17
100
AcDbEntity
67
0
8
0
62
256
6
ByLayer
370
-1
48
1.0
60
0
100
AcDbLine
10
104.561996459961
20
76.5080032348633
30
0.0
11
104.561996459961
21
78.2580032348633
31
0.0
39
0.0
210
0.0
220
0.0
230
1.0
0
LINE
5
9AE
330
17
100
AcDbEntity
67
0
8
0
62
256
6
ByLayer
370
-1
48
1.0
60
0
100
AcDbLine
10
104.561996459961
20
78.2580032348633
30
0.0
11
106.078002929688
21
79.1330032348633
31
0.0
39
0.0
210
0.0
220
0.0
230
1.0
0
LINE
5
9AF
330
17
100
AcDbEntity
67
0
8
0
62
256
6
ByLayer
370
-1
48
1.0
60
0
100
AcDbLine
10
106.078002929688
20
79.1330032348633
30
0.0
11
107.593002319336
21
78.2580032348633
31
0.0
39
0.0
210
0.0
220
0.0
230
1.0
0
LINE
5
9B0
330
17
100
AcDbEntity
67
0
8
0
62
256
6
ByLayer
370
-1
48
1.0
60
0
100
AcDbLine
10
107.593002319336
20
78.2580032348633
30
0.0
11
107.593002319336
21
76.5080032348633
31
0.0
39
0.0
210
0.0
220
0.0
230
1.0
0
LINE
5
9B1
330
17
100
AcDbEntity
67
0
8
0
62
256
6
ByLayer
370
-1
48
1.0
60
0
100
AcDbLine
10
111.124000549316
20
76.5080032348633
30
0.0
11
109.609001159668
21
75.6330032348633
31
0.0
39
0.0
210
0.0
220
0.0
230
1.0
0
LINE
5
9B2
330
17
100
AcDbEntity
67
0
8
0
62
256
6
ByLayer
370
-1
48
1.0
60
0
100
AcDbLine
10
109.609001159668
20
75.6330032348633
30
0.0
11
108.093002319336
21
76.5080032348633
31
0.0
39
0.0
210
0.0
220
0.0
230
1.0
0
LINE
5
9B3
330
17
100
AcDbEntity
67
0
8
0
62
256
6
ByLayer
370
-1
48
1.0
60
0
100
AcDbLine
10
108.093002319336
20
76.5080032348633
30
0.0
11
108.093002319336
21
78.2580032348633
31
0.0
39
0.0
210
0.0
220
0.0
230
1.0
0
LINE
5
9B4
330
17
100
AcDbEntity
67
0
8
0
62
256
6
ByLayer
370
-1
48
1.0
60
0
100
AcDbLine
10
108.093002319336
20
78.2580032348633
30
0.0
11
109.609001159668
21
79.1330032348633
31
0.0
39
0.0
210
0.0
220
0.0
230
1.0
0
LINE
5
9B5
330
17
100
AcDbEntity
67
0
8
0
62
256
6
ByLayer
370
-1
48
1.0
60
0
100
AcDbLine
10
109.609001159668
20
79.1330032348633
30
0.0
11
111.124000549316
21
78.2580032348633
31
0.0
39
0.0
210
0.0
220
0.0
230
1.0
0
LINE
5
9B6
330
17
100
AcDbEntity
67
0
8
0
62
256
6
ByLayer
370
-1
48
1.0
60
0
100
AcDbLine
10
111.124000549316
20
78.2580032348633
30
0.0
11
111.124000549316
21
76.5080032348633
31
0.0
39
0.0
210
0.0
220
0.0
230
1.0
0
LINE
5
9B7
330
17
100
AcDbEntity
67
0
8
0
62
256
6
ByLayer
370
-1
48
1.0
60
0
100
AcDbLine
10
114.654998779297
20
76.5080032348633
30
0.0
11
113.139999389648
21
75.6330032348633
31
0.0
39
0.0
210
0.0
220
0.0
230
1.0
0
LINE
5
9B8
330
17
100
AcDbEntity
67
0
8
0
62
256
6
ByLayer
370
-1
48
1.0
60
0
100
AcDbLine
10
113.139999389648
20
75.6330032348633
30
0.0
11
111.624000549316
21
76.5080032348633
31
0.0
39
0.0
210
0.0
220
0.0
230
1.0
0
LINE
5
9B9
330
17
100
AcDbEntity
67
0
8
0
62
256
6
ByLayer
370
-1
48
1.0
60
0
100
AcDbLine
10
111.624000549316
20
76.5080032348633
30
0.0
11
111.624000549316
21
78.2580032348633
31
0.0
39
0.0
210
0.0
220
0.0
230
1.0
0
LINE
5
9BA
330
17
100
AcDbEntity
67
0
8
0
62
256
6
ByLayer
370
-1
48
1.0
60
0
100
AcDbLine
10
111.624000549316
20
78.2580032348633
30
0.0
11
113.139999389648
21
79.1330032348633
31
0.0
39
0.0
210
0.0
220
0.0
230
1.0
0
LINE
5
9BB
330
17
100
AcDbEntity
67
0
8
0
62
256
6
ByLayer
370
-1
48
1.0
60
0
100
AcDbLine
10
113.139999389648
20
79.1330032348633
30
0.0
11
114.654998779297
21
78.2580032348633
31
0.0
39
0.0
210
0.0
220
0.0
230
1.0
0
LINE
5
9BC
330
17
100
AcDbEntity
67
0
8
0
62
256
6
ByLayer
370
-1
48
1.0
60
0
100
AcDbLine
10
114.654998779297
20
78.2580032348633
30
0.0
11
114.654998779297
21
76.5080032348633
31
0.0
39
0.0
210
0.0
220
0.0
230
1.0
0
LINE
5
9BD
330
17
100
AcDbEntity
67
0
8
0
62
256
6
ByLayer
370
-1
48
1.0
60
0
100
AcDbLine
10
118.185997009277
20
76.5080032348633
30
0.0
11
116.670997619629
21
75.6330032348633
31
0.0
39
0.0
210
0.0
220
0.0
230
1.0
0
LINE
5
9BE
330
17
100
AcDbEntity
67
0
8
0
62
256
6
ByLayer
370
-1
48
1.0
60
0
100
AcDbLine
10
116.670997619629
20
75.6330032348633
30
0.0
11
115.154998779297
21
76.5080032348633
31
0.0
39
0.0
210
0.0
220
0.0
230
1.0
0
LINE
5
9BF
330
17
100
AcDbEntity
67
0
8
0
62
256
6
ByLayer
370
-1
48
1.0
60
0
100
AcDbLine
10
115.154998779297
20
76.5080032348633
30
0.0
11
115.154998779297
21
78.2580032348633
31
0.0
39
0.0
210
0.0
220
0.0
230
1.0
0
LINE
5
9C0
330
17
100
AcDbEntity
67
0
8
0
62
256
6
ByLayer
370
-1
48
1.0
60
0
100
AcDbLine
10
115.154998779297
20
78.2580032348633
30
0.0
11
116.670997619629
21
79.1330032348633
31
0.0
39
0.0
210
0.0
220
0.0
230
1.0
0
LINE
5
9C1
330
17
100
AcDbEntity
67
0
8
0
62
256
6
ByLayer
370
-1
48
1.0
60
0
100
AcDbLine
10
116.670997619629
20
79.1330032348633
30
0.0
11
118.185997009277
21
78.2580032348633
31
0.0
39
0.0
210
0.0
220
0.0
230
1.0
0
LINE
5
9C2
330
17
100
AcDbEntity
67
0
8
0
62
256
6
ByLayer
370
-1
48
1.0
60
0
100
AcDbLine
10
118.185997009277
20
78.2580032348633
30
0.0
11
118.185997009277
21
76.5080032348633
31
0.0
39
0.0
210
0.0
220
0.0
230
1.0
0
LINE
5
9C3
330
17
100
AcDbEntity
67
0
8
0
62
256
6
ByLayer
370
-1
48
1.0
60
0
100
AcDbLine
10
121.717002868652
20
76.5080032348633
30
0.0
11
120.202003479004
21
75.6330032348633
31
0.0
39
0.0
210
0.0
220
0.0
230
1.0
0
LINE
5
9C4
330
17
100
AcDbEntity
67
0
8
0
62
256
6
ByLayer
370
-1
48
1.0
60
0
100
AcDbLine
10
120.202003479004
20
75.6330032348633
30
0.0
11
118.685997009277
21
76.5080032348633
31
0.0
39
0.0
210
0.0
220
0.0
230
1.0
0
LINE
5
9C5
330
17
100
AcDbEntity
67
0
8
0
62
256
6
ByLayer
370
-1
48
1.0
60
0
100
AcDbLine
10
118.685997009277
20
76.5080032348633
30
0.0
11
118.685997009277
21
78.2580032348633
31
0.0
39
0.0
210
0.0
220
0.0
230
1.0
0
LINE
5
9C6
330
17
100
AcDbEntity
67
0
8
0
62
256
6
ByLayer
370
-1
48
1.0
60
0
100
AcDbLine
10
118.685997009277
20
78.2580032348633
30
0.0
11
120.202003479004
21
79.1330032348633
31
0.0
39
0.0
210
0.0
220
0.0
230
1.0
0
LINE
5
9C7
330
17
100
AcDbEntity
67
0
8
0
62
256
6
ByLayer
370
-1
48
1.0
60
0
100
AcDbLine
10
120.202003479004
20
79.1330032348633
30
0.0
11
121.717002868652
21
78.2580032348633
31
0.0
39
0.0
210
0.0
220
0.0
230
1.0
0
LINE
5
9C8
330
17
100
AcDbEntity
67
0
8
0
62
256
6
ByLayer
370
-1
48
1.0
60
0
100
AcDbLine
10
121.717002868652
20
78.2580032348633
30
0.0
11
121.717002868652
21
76.5080032348633
31
0.0
39
0.0
210
0.0
220
0.0
230
1.0
0
LINE
5
9C9
330
17
100
AcDbEntity
67
0
8
0
62
256
6
ByLayer
370
-1
48
1.0
60
0
100
AcDbLine
10
125.070999145508
20
78.3610000610352
30
0.0
11
123.733001708984
21
79.1330032348633
31
0.0
39
0.0
210
0.0
220
0.0
230
1.0
0
LINE
5
9CA
330
17
100
AcDbEntity
67
0
8
0
62
256
6
ByLayer
370
-1
48
1.0
60
0
100
AcDbLine
10
123.733001708984
20
79.1330032348633
30
0.0
11
122.217002868652
21
78.2580032348633
31
0.0
39
0.0
210
0.0
220
0.0
230
1.0
0
LINE
5
9CB
330
17
100
AcDbEntity
67
0
8
0
62
256
6
ByLayer
370
-1
48
1.0
60
0
100
AcDbLine
10
122.217002868652
20
78.2580032348633
30
0.0
11
122.217002868652
21
76.5080032348633
31
0.0
39
0.0
210
0.0
220
0.0
230
1.0
0
LINE
5
9CC
330
17
100
AcDbEntity
67
0
8
0
62
256
6
ByLayer
370
-1
48
1.0
60
0
100
AcDbLine
10
122.217002868652
20
76.5080032348633
30
0.0
11
123.733001708984
21
75.6330032348633
31
0.0
39
0.0
210
0.0
220
0.0
230
1.0
0
LINE
5
9CD
330
17
100
AcDbEntity
67
0
8
0
62
256
6
ByLayer
370
-1
48
1.0
60
0
100
AcDbLine
10
123.733001708984
20
75.6330032348633
30
0.0
11
125.069000244141
21
76.4049987792969
31
0.0
39
0.0
210
0.0
220
0.0
230
1.0
0
LINE
5
9CE
330
17
100
AcDbEntity
67
0
8
0
62
256
6
ByLayer
370
-1
48
1.0
60
0
100
AcDbLine
10
125.069000244141
20
76.4049987792969
30
0.0
11
125.070999145508
21
78.3610000610352
31
0.0
39
0.0
210
0.0
220
0.0
230
1.0
0
LINE
5
9CF
330
17
100
AcDbEntity
67
0
8
0
62
256
6
ByLayer
370
-1
48
1.0
60
0
100
AcDbLine
10
146.434997558594
20
76.5080032348633
30
0.0
11
144.919998168945
21
75.6330032348633
31
0.0
39
0.0
210
0.0
220
0.0
230
1.0
0
LINE
5
9D0
330
17
100
AcDbEntity
67
0
8
0
62
256
6
ByLayer
370
-1
48
1.0
60
0
100
AcDbLine
10
144.919998168945
20
75.6330032348633
30
0.0
11
143.404006958008
21
76.5080032348633
31
0.0
39
0.0
210
0.0
220
0.0
230
1.0
0
LINE
5
9D1
330
17
100
AcDbEntity
67
0
8
0
62
256
6
ByLayer
370
-1
48
1.0
60
0
100
AcDbLine
10
143.404006958008
20
76.5080032348633
30
0.0
11
143.404006958008
21
78.2580032348633
31
0.0
39
0.0
210
0.0
220
0.0
230
1.0
0
LINE
5
9D2
330
17
100
AcDbEntity
67
0
8
0
62
256
6
ByLayer
370
-1
48
1.0
60
0
100
AcDbLine
10
143.404006958008
20
78.2580032348633
30
0.0
11
144.919998168945
21
79.1330032348633
31
0.0
39
0.0
210
0.0
220
0.0
230
1.0
0
LINE
5
9D3
330
17
100
AcDbEntity
67
0
8
0
62
256
6
ByLayer
370
-1
48
1.0
60
0
100
AcDbLine
10
144.919998168945
20
79.1330032348633
30
0.0
11
146.434997558594
21
78.2580032348633
31
0.0
39
0.0
210
0.0
220
0.0
230
1.0
0
LINE
5
9D4
330
17
100
AcDbEntity
67
0
8
0
62
256
6
ByLayer
370
-1
48
1.0
60
0
100
AcDbLine
10
146.434997558594
20
78.2580032348633
30
0.0
11
146.434997558594
21
76.5080032348633
31
0.0
39
0.0
210
0.0
220
0.0
230
1.0
0
LINE
5
9D5
330
17
100
AcDbEntity
67
0
8
0
62
256
6
ByLayer
370
-1
48
1.0
60
0
100
AcDbLine
10
149.966003417969
20
76.5080032348633
30
0.0
11
148.45100402832
21
75.6330032348633
31
0.0
39
0.0
210
0.0
220
0.0
230
1.0
0
LINE
5
9D6
330
17
100
AcDbEntity
67
0
8
0
62
256
6
ByLayer
370
-1
48
1.0
60
0
100
AcDbLine
10
148.45100402832
20
75.6330032348633
30
0.0
11
146.934997558594
21
76.5080032348633
31
0.0
39
0.0
210
0.0
220
0.0
230
1.0
0
LINE
5
9D7
330
17
100
AcDbEntity
67
0
8
0
62
256
6
ByLayer
370
-1
48
1.0
60
0
100
AcDbLine
10
146.934997558594
20
76.5080032348633
30
0.0
11
146.934997558594
21
78.2580032348633
31
0.0
39
0.0
210
0.0
220
0.0
230
1.0
0
LINE
5
9D8
330
17
100
AcDbEntity
67
0
8
0
62
256
6
ByLayer
370
-1
48
1.0
60
0
100
AcDbLine
10
146.934997558594
20
78.2580032348633
30
0.0
11
148.45100402832
21
79.1330032348633
31
0.0
39
0.0
210
0.0
220
0.0
230
1.0
0
LINE
5
9D9
330
17
100
AcDbEntity
67
0
8
0
62
256
6
ByLayer
370
-1
48
1.0
60
0
100
AcDbLine
10
148.45100402832
20
79.1330032348633
30
0.0
11
149.966003417969
21
78.2580032348633
31
0.0
39
0.0
210
0.0
220
0.0
230
1.0
0
LINE
5
9DA
330
17
100
AcDbEntity
67
0
8
0
62
256
6
ByLayer
370
-1
48
1.0
60
0
100
AcDbLine
10
149.966003417969
20
78.2580032348633
30
0.0
11
149.966003417969
21
76.5080032348633
31
0.0
39
0.0
210
0.0
220
0.0
230
1.0
0
LINE
5
9DB
330
17
100
AcDbEntity
67
0
8
0
62
256
6
ByLayer
370
-1
48
1.0
60
0
100
AcDbLine
10
153.496994018555
20
76.5080032348633
30
0.0
11
151.981994628906
21
75.6330032348633
31
0.0
39
0.0
210
0.0
220
0.0
230
1.0
0
LINE
5
9DC
330
17
100
AcDbEntity
67
0
8
0
62
256
6
ByLayer
370
-1
48
1.0
60
0
100
AcDbLine
10
151.981994628906
20
75.6330032348633
30
0.0
11
150.466003417969
21
76.5080032348633
31
0.0
39
0.0
210
0.0
220
0.0
230
1.0
0
LINE
5
9DD
330
17
100
AcDbEntity
67
0
8
0
62
256
6
ByLayer
370
-1
48
1.0
60
0
100
AcDbLine
10
150.466003417969
20
76.5080032348633
30
0.0
11
150.466003417969
21
78.2580032348633
31
0.0
39
0.0
210
0.0
220
0.0
230
1.0
0
LINE
5
9DE
330
17
100
AcDbEntity
67
0
8
0
62
256
6
ByLayer
370
-1
48
1.0
60
0
100
AcDbLine
10
150.466003417969
20
78.2580032348633
30
0.0
11
151.981994628906
21
79.1330032348633
31
0.0
39
0.0
210
0.0
220
0.0
230
1.0
0
LINE
5
9DF
330
17
100
AcDbEntity
67
0
8
0
62
256
6
ByLayer
370
-1
48
1.0
60
0
100
AcDbLine
10
151.981994628906
20
79.1330032348633
30
0.0
11
153.496994018555
21
78.2580032348633
31
0.0
39
0.0
210
0.0
220
0.0
230
1.0
0
LINE
5
9E0
330
17
100
AcDbEntity
67
0
8
0
62
256
6
ByLayer
370
-1
48
1.0
60
0
100
AcDbLine
10
153.496994018555
20
78.2580032348633
30
0.0
11
153.496994018555
21
76.5080032348633
31
0.0
39
0.0
210
0.0
220
0.0
230
1.0
0
LINE
5
9E1
330
17
100
AcDbEntity
67
0
8
0
62
256
6
ByLayer
370
-1
48
1.0
60
0
100
AcDbLine
10
157.02799987793
20
76.5080032348633
30
0.0
11
155.513000488281
21
75.6330032348633
31
0.0
39
0.0
210
0.0
220
0.0
230
1.0
0
LINE
5
9E2
330
17
100
AcDbEntity
67
0
8
0
62
256
6
ByLayer
370
-1
48
1.0
60
0
100
AcDbLine
10
155.513000488281
20
75.6330032348633
30
0.0
11
153.996994018555
21
76.5080032348633
31
0.0
39
0.0
210
0.0
220
0.0
230
1.0
0
LINE
5
9E3
330
17
100
AcDbEntity
67
0
8
0
62
256
6
ByLayer
370
-1
48
1.0
60
0
100
AcDbLine
10
153.996994018555
20
76.5080032348633
30
0.0
11
153.996994018555
21
78.2580032348633
31
0.0
39
0.0
210
0.0
220
0.0
230
1.0
0
LINE
5
9E4
330
17
100
AcDbEntity
67
0
8
0
62
256
6
ByLayer
370
-1
48
1.0
60
0
100
AcDbLine
10
153.996994018555
20
78.2580032348633
30
0.0
11
155.513000488281
21
79.1330032348633
31
0.0
39
0.0
210
0.0
220
0.0
230
1.0
0
LINE
5
9E5
330
17
100
AcDbEntity
67
0
8
0
62
256
6
ByLayer
370
-1
48
1.0
60
0
100
AcDbLine
10
155.513000488281
20
79.1330032348633
30
0.0
11
157.02799987793
21
78.2580032348633
31
0.0
39
0.0
210
0.0
220
0.0
230
1.0
0
LINE
5
9E6
330
17
100
AcDbEntity
67
0
8
0
62
256
6
ByLayer
370
-1
48
1.0
60
0
100
AcDbLine
10
157.02799987793
20
78.2580032348633
30
0.0
11
157.02799987793
21
76.5080032348633
31
0.0
39
0.0
210
0.0
220
0.0
230
1.0
0
LINE
5
9E7
330
17
100
AcDbEntity
67
0
8
0
62
256
6
ByLayer
370
-1
48
1.0
60
0
100
AcDbLine
10
160.559005737305
20
76.5080032348633
30
0.0
11
159.044006347656
21
75.6330032348633
31
0.0
39
0.0
210
0.0
220
0.0
230
1.0
0
LINE
5
9E8
330
17
100
AcDbEntity
67
0
8
0
62
256
6
ByLayer
370
-1
48
1.0
60
0
100
AcDbLine
10
159.044006347656
20
75.6330032348633
30
0.0
11
157.52799987793
21
76.5080032348633
31
0.0
39
0.0
210
0.0
220
0.0
230
1.0
0
LINE
5
9E9
330
17
100
AcDbEntity
67
0
8
0
62
256
6
ByLayer
370
-1
48
1.0
60
0
100
AcDbLine
10
157.52799987793
20
76.5080032348633
30
0.0
11
157.52799987793
21
78.2580032348633
31
0.0
39
0.0
210
0.0
220
0.0
230
1.0
0
LINE
5
9EA
330
17
100
AcDbEntity
67
0
8
0
62
256
6
ByLayer
370
-1
48
1.0
60
0
100
AcDbLine
10
157.52799987793
20
78.2580032348633
30
0.0
11
159.044006347656
21
79.1330032348633
31
0.0
39
0.0
210
0.0
220
0.0
230
1.0
0
LINE
5
9EB
330
17
100
AcDbEntity
67
0
8
0
62
256
6
ByLayer
370
-1
48
1.0
60
0
100
AcDbLine
10
159.044006347656
20
79.1330032348633
30
0.0
11
160.559005737305
21
78.2580032348633
31
0.0
39
0.0
210
0.0
220
0.0
230
1.0
0
LINE
5
9EC
330
17
100
AcDbEntity
67
0
8
0
62
256
6
ByLayer
370
-1
48
1.0
60
0
100
AcDbLine
10
160.559005737305
20
78.2580032348633
30
0.0
11
160.559005737305
21
76.5080032348633
31
0.0
39
0.0
210
0.0
220
0.0
230
1.0
0
LINE
5
9ED
330
17
100
AcDbEntity
67
0
8
0
62
256
6
ByLayer
370
-1
48
1.0
60
0
100
AcDbLine
10
164.091003417969
20
76.5080032348633
30
0.0
11
162.574996948242
21
75.6330032348633
31
0.0
39
0.0
210
0.0
220
0.0
230
1.0
0
LINE
5
9EE
330
17
100
AcDbEntity
67
0
8
0
62
256
6
ByLayer
370
-1
48
1.0
60
0
100
AcDbLine
10
162.574996948242
20
75.6330032348633
30
0.0
11
161.059005737305
21
76.5080032348633
31
0.0
39
0.0
210
0.0
220
0.0
230
1.0
0
LINE
5
9EF
330
17
100
AcDbEntity
67
0
8
0
62
256
6
ByLayer
370
-1
48
1.0
60
0
100
AcDbLine
10
161.059005737305
20
76.5080032348633
30
0.0
11
161.059005737305
21
78.2580032348633
31
0.0
39
0.0
210
0.0
220
0.0
230
1.0
0
LINE
5
9F0
330
17
100
AcDbEntity
67
0
8
0
62
256
6
ByLayer
370
-1
48
1.0
60
0
100
AcDbLine
10
161.059005737305
20
78.2580032348633
30
0.0
11
162.574996948242
21
79.1330032348633
31
0.0
39
0.0
210
0.0
220
0.0
230
1.0
0
LINE
5
9F1
330
17
100
AcDbEntity
67
0
8
0
62
256
6
ByLayer
370
-1
48
1.0
60
0
100
AcDbLine
10
162.574996948242
20
79.1330032348633
30
0.0
11
164.091003417969
21
78.2580032348633
31
0.0
39
0.0
210
0.0
220
0.0
230
1.0
0
LINE
5
9F2
330
17
100
AcDbEntity
67
0
8
0
62
256
6
ByLayer
370
-1
48
1.0
60
0
100
AcDbLine
10
164.091003417969
20
78.2580032348633
30
0.0
11
164.091003417969
21
76.5080032348633
31
0.0
39
0.0
210
0.0
220
0.0
230
1.0
0
LINE
5
9F3
330
17
100
AcDbEntity
67
0
8
0
62
256
6
ByLayer
370
-1
48
1.0
60
0
100
AcDbLine
10
167.621994018555
20
76.5080032348633
30
0.0
11
166.106002807617
21
75.6330032348633
31
0.0
39
0.0
210
0.0
220
0.0
230
1.0
0
LINE
5
9F4
330
17
100
AcDbEntity
67
0
8
0
62
256
6
ByLayer
370
-1
48
1.0
60
0
100
AcDbLine
10
166.106002807617
20
75.6330032348633
30
0.0
11
164.591003417969
21
76.5080032348633
31
0.0
39
0.0
210
0.0
220
0.0
230
1.0
0
LINE
5
9F5
330
17
100
AcDbEntity
67
0
8
0
62
256
6
ByLayer
370
-1
48
1.0
60
0
100
AcDbLine
10
164.591003417969
20
76.5080032348633
30
0.0
11
164.591003417969
21
78.2580032348633
31
0.0
39
0.0
210
0.0
220
0.0
230
1.0
0
LINE
5
9F6
330
17
100
AcDbEntity
67
0
8
0
62
256
6
ByLayer
370
-1
48
1.0
60
0
100
AcDbLine
10
164.591003417969
20
78.2580032348633
30
0.0
11
166.106002807617
21
79.1330032348633
31
0.0
39
0.0
210
0.0
220
0.0
230
1.0
0
LINE
5
9F7
330
17
100
AcDbEntity
67
0
8
0
62
256
6
ByLayer
370
-1
48
1.0
60
0
100
AcDbLine
10
166.106002807617
20
79.1330032348633
30
0.0
11
167.621994018555
21
78.2580032348633
31
0.0
39
0.0
210
0.0
220
0.0
230
1.0
0
LINE
5
9F8
330
17
100
AcDbEntity
67
0
8
0
62
256
6
ByLayer
370
-1
48
1.0
60
0
100
AcDbLine
10
167.621994018555
20
78.2580032348633
30
0.0
11
167.621994018555
21
76.5080032348633
31
0.0
39
0.0
210
0.0
220
0.0
230
1.0
0
LINE
5
9F9
330
17
100
AcDbEntity
67
0
8
0
62
256
6
ByLayer
370
-1
48
1.0
60
0
100
AcDbLine
10
171.15299987793
20
76.5080032348633
30
0.0
11
169.636993408203
21
75.6330032348633
31
0.0
39
0.0
210
0.0
220
0.0
230
1.0
0
LINE
5
9FA
330
17
100
AcDbEntity
67
0
8
0
62
256
6
ByLayer
370
-1
48
1.0
60
0
100
AcDbLine
10
169.636993408203
20
75.6330032348633
30
0.0
11
168.121994018555
21
76.5080032348633
31
0.0
39
0.0
210
0.0
220
0.0
230
1.0
0
LINE
5
9FB
330
17
100
AcDbEntity
67
0
8
0
62
256
6
ByLayer
370
-1
48
1.0
60
0
100
AcDbLine
10
168.121994018555
20
76.5080032348633
30
0.0
11
168.121994018555
21
78.2580032348633
31
0.0
39
0.0
210
0.0
220
0.0
230
1.0
0
LINE
5
9FC
330
17
100
AcDbEntity
67
0
8
0
62
256
6
ByLayer
370
-1
48
1.0
60
0
100
AcDbLine
10
168.121994018555
20
78.2580032348633
30
0.0
11
169.636993408203
21
79.1330032348633
31
0.0
39
0.0
210
0.0
220
0.0
230
1.0
0
LINE
5
9FD
330
17
100
AcDbEntity
67
0
8
0
62
256
6
ByLayer
370
-1
48
1.0
60
0
100
AcDbLine
10
169.636993408203
20
79.1330032348633
30
0.0
11
171.15299987793
21
78.2580032348633
31
0.0
39
0.0
210
0.0
220
0.0
230
1.0
0
LINE
5
9FE
330
17
100
AcDbEntity
67
0
8
0
62
256
6
ByLayer
370
-1
48
1.0
60
0
100
AcDbLine
10
171.15299987793
20
78.2580032348633
30
0.0
11
171.15299987793
21
76.5080032348633
31
0.0
39
0.0
210
0.0
220
0.0
230
1.0
0
LINE
5
9FF
330
17
100
AcDbEntity
67
0
8
0
62
256
6
ByLayer
370
-1
48
1.0
60
0
100
AcDbLine
10
173.794006347656
20
77.6350021362305
30
0.0
11
172.583999633789
21
78.7959976196289
31
0.0
39
0.0
210
0.0
220
0.0
230
1.0
0
LINE
5
A00
330
17
100
AcDbEntity
67
0
8
0
62
256
6
ByLayer
370
-1
48
1.0
60
0
100
AcDbLine
10
172.583999633789
20
78.7959976196289
30
0.0
11
171.65299987793
21
78.2580032348633
31
0.0
39
0.0
210
0.0
220
0.0
230
1.0
0
LINE
5
A01
330
17
100
AcDbEntity
67
0
8
0
62
256
6
ByLayer
370
-1
48
1.0
60
0
100
AcDbLine
10
171.65299987793
20
78.2580032348633
30
0.0
11
171.65299987793
21
76.5080032348633
31
0.0
39
0.0
210
0.0
220
0.0
230
1.0
0
LINE
5
A02
330
17
100
AcDbEntity
67
0
8
0
62
256
6
ByLayer
370
-1
48
1.0
60
0
100
AcDbLine
10
171.65299987793
20
76.5080032348633
30
0.0
11
173.167999267578
21
75.6330032348633
31
0.0
39
0.0
210
0.0
220
0.0
230
1.0
0
LINE
5
A03
330
17
100
AcDbEntity
67
0
8
0
62
256
6
ByLayer
370
-1
48
1.0
60
0
100
AcDbLine
10
173.167999267578
20
75.6330032348633
30
0.0
11
174.684005737305
21
76.5080032348633
31
0.0
39
0.0
210
0.0
220
0.0
230
1.0
0
LINE
5
A04
330
17
100
AcDbEntity
67
0
8
0
62
256
6
ByLayer
370
-1
48
1.0
60
0
100
AcDbLine
10
174.684005737305
20
76.5080032348633
30
0.0
11
174.684005737305
21
76.9280014038086
31
0.0
39
0.0
210
0.0
220
0.0
230
1.0
0
LINE
5
A05
330
17
100
AcDbEntity
67
0
8
0
62
256
6
ByLayer
370
-1
48
1.0
60
0
100
AcDbLine
10
174.684005737305
20
76.9280014038086
30
0.0
11
173.794006347656
21
77.6350021362305
31
0.0
39
0.0
210
0.0
220
0.0
230
1.0
0
LINE
5
A06
330
17
100
AcDbEntity
67
0
8
0
62
256
6
ByLayer
370
-1
48
1.0
60
0
100
AcDbLine
10
175.317993164063
20
76.4309997558594
30
0.0
11
175.184005737305
21
76.5299987792969
31
0.0
39
0.0
210
0.0
220
0.0
230
1.0
0
LINE
5
A07
330
17
100
AcDbEntity
67
0
8
0
62
256
6
ByLayer
370
-1
48
1.0
60
0
100
AcDbLine
10
175.184005737305
20
76.5299987792969
30
0.0
11
175.184005737305
21
76.5080032348633
31
0.0
39
0.0
210
0.0
220
0.0
230
1.0
0
LINE
5
A08
330
17
100
AcDbEntity
67
0
8
0
62
256
6
ByLayer
370
-1
48
1.0
60
0
100
AcDbLine
10
175.184005737305
20
76.5080032348633
30
0.0
11
175.317993164063
21
76.4309997558594
31
0.0
39
0.0
210
0.0
220
0.0
230
1.0
0
LINE
5
A09
330
17
100
AcDbEntity
67
0
8
0
62
256
6
ByLayer
370
-1
48
1.0
60
0
100
AcDbLine
10
9.44999980926514
20
75.6269989013672
30
0.0
11
9.13500022888184
21
75.3840026855469
31
0.0
39
0.0
210
0.0
220
0.0
230
1.0
0
LINE
5
A0A
330
17
100
AcDbEntity
67
0
8
0
62
256
6
ByLayer
370
-1
48
1.0
60
0
100
AcDbLine
10
9.13500022888184
20
75.3840026855469
30
0.0
11
8.85000038146973
21
75.1029968261719
31
0.0
39
0.0
210
0.0
220
0.0
230
1.0
0
LINE
5
A0B
330
17
100
AcDbEntity
67
0
8
0
62
256
6
ByLayer
370
-1
48
1.0
60
0
100
AcDbLine
10
8.85000038146973
20
75.1029968261719
30
0.0
11
7.60099983215332
21
73.3669967651367
31
0.0
39
0.0
210
0.0
220
0.0
230
1.0
0
LINE
5
A0C
330
17
100
AcDbEntity
67
0
8
0
62
256
6
ByLayer
370
-1
48
1.0
60
0
100
AcDbLine
10
7.60099983215332
20
73.3669967651367
30
0.0
11
8.97299957275391
21
72.5749969482422
31
0.0
39
0.0
210
0.0
220
0.0
230
1.0
0
LINE
5
A0D
330
17
100
AcDbEntity
67
0
8
0
62
256
6
ByLayer
370
-1
48
1.0
60
0
100
AcDbLine
10
8.97299957275391
20
72.5749969482422
30
0.0
11
10.4879999160767
21
73.4499969482422
31
0.0
39
0.0
210
0.0
220
0.0
230
1.0
0
LINE
5
A0E
330
17
100
AcDbEntity
67
0
8
0
62
256
6
ByLayer
370
-1
48
1.0
60
0
100
AcDbLine
10
10.4879999160767
20
73.4499969482422
30
0.0
11
10.4879999160767
21
75.1999969482422
31
0.0
39
0.0
210
0.0
220
0.0
230
1.0
0
LINE
5
A0F
330
17
100
AcDbEntity
67
0
8
0
62
256
6
ByLayer
370
-1
48
1.0
60
0
100
AcDbLine
10
10.4879999160767
20
75.1999969482422
30
0.0
11
9.5959997177124
21
75.7149963378906
31
0.0
39
0.0
210
0.0
220
0.0
230
1.0
0
LINE
5
A10
330
17
100
AcDbEntity
67
0
8
0
62
256
6
ByLayer
370
-1
48
1.0
60
0
100
AcDbLine
10
9.5959997177124
20
75.7149963378906
30
0.0
11
9.44999980926514
21
75.6269989013672
31
0.0
39
0.0
210
0.0
220
0.0
230
1.0
0
LINE
5
A11
330
17
100
AcDbEntity
67
0
8
0
62
256
6
ByLayer
370
-1
48
1.0
60
0
100
AcDbLine
10
14.0190000534058
20
73.4499969482422
30
0.0
11
12.503999710083
21
72.5749969482422
31
0.0
39
0.0
210
0.0
220
0.0
230
1.0
0
LINE
5
A12
330
17
100
AcDbEntity
67
0
8
0
62
256
6
ByLayer
370
-1
48
1.0
60
0
100
AcDbLine
10
12.503999710083
20
72.5749969482422
30
0.0
11
10.9879999160767
21
73.4499969482422
31
0.0
39
0.0
210
0.0
220
0.0
230
1.0
0
LINE
5
A13
330
17
100
AcDbEntity
67
0
8
0
62
256
6
ByLayer
370
-1
48
1.0
60
0
100
AcDbLine
10
10.9879999160767
20
73.4499969482422
30
0.0
11
10.9879999160767
21
75.1999969482422
31
0.0
39
0.0
210
0.0
220
0.0
230
1.0
0
LINE
5
A14
330
17
100
AcDbEntity
67
0
8
0
62
256
6
ByLayer
370
-1
48
1.0
60
0
100
AcDbLine
10
10.9879999160767
20
75.1999969482422
30
0.0
11
12.503999710083
21
76.0749969482422
31
0.0
39
0.0
210
0.0
220
0.0
230
1.0
0
LINE
5
A15
330
17
100
AcDbEntity
67
0
8
0
62
256
6
ByLayer
370
-1
48
1.0
60
0
100
AcDbLine
10
12.503999710083
20
76.0749969482422
30
0.0
11
14.0190000534058
21
75.1999969482422
31
0.0
39
0.0
210
0.0
220
0.0
230
1.0
0
LINE
5
A16
330
17
100
AcDbEntity
67
0
8
0
62
256
6
ByLayer
370
-1
48
1.0
60
0
100
AcDbLine
10
14.0190000534058
20
75.1999969482422
30
0.0
11
14.0190000534058
21
73.4499969482422
31
0.0
39
0.0
210
0.0
220
0.0
230
1.0
0
LINE
5
A17
330
17
100
AcDbEntity
67
0
8
0
62
256
6
ByLayer
370
-1
48
1.0
60
0
100
AcDbLine
10
17.5499992370605
20
73.4499969482422
30
0.0
11
16.0349998474121
21
72.5749969482422
31
0.0
39
0.0
210
0.0
220
0.0
230
1.0
0
LINE
5
A18
330
17
100
AcDbEntity
67
0
8
0
62
256
6
ByLayer
370
-1
48
1.0
60
0
100
AcDbLine
10
16.0349998474121
20
72.5749969482422
30
0.0
11
14.5190000534058
21
73.4499969482422
31
0.0
39
0.0
210
0.0
220
0.0
230
1.0
0
LINE
5
A19
330
17
100
AcDbEntity
67
0
8
0
62
256
6
ByLayer
370
-1
48
1.0
60
0
100
AcDbLine
10
14.5190000534058
20
73.4499969482422
30
0.0
11
14.5190000534058
21
75.1999969482422
31
0.0
39
0.0
210
0.0
220
0.0
230
1.0
0
LINE
5
A1A
330
17
100
AcDbEntity
67
0
8
0
62
256
6
ByLayer
370
-1
48
1.0
60
0
100
AcDbLine
10
14.5190000534058
20
75.1999969482422
30
0.0
11
16.0349998474121
21
76.0749969482422
31
0.0
39
0.0
210
0.0
220
0.0
230
1.0
0
LINE
5
A1B
330
17
100
AcDbEntity
67
0
8
0
62
256
6
ByLayer
370
-1
48
1.0
60
0
100
AcDbLine
10
16.0349998474121
20
76.0749969482422
30
0.0
11
17.5499992370605
21
75.1999969482422
31
0.0
39
0.0
210
0.0
220
0.0
230
1.0
0
LINE
5
A1C
330
17
100
AcDbEntity
67
0
8
0
62
256
6
ByLayer
370
-1
48
1.0
60
0
100
AcDbLine
10
17.5499992370605
20
75.1999969482422
30
0.0
11
17.5499992370605
21
73.4499969482422
31
0.0
39
0.0
210
0.0
220
0.0
230
1.0
0
LINE
5
A1D
330
17
100
AcDbEntity
67
0
8
0
62
256
6
ByLayer
370
-1
48
1.0
60
0
100
AcDbLine
10
21.0809993743896
20
73.4499969482422
30
0.0
11
19.5659999847412
21
72.5749969482422
31
0.0
39
0.0
210
0.0
220
0.0
230
1.0
0
LINE
5
A1E
330
17
100
AcDbEntity
67
0
8
0
62
256
6
ByLayer
370
-1
48
1.0
60
0
100
AcDbLine
10
19.5659999847412
20
72.5749969482422
30
0.0
11
18.0499992370605
21
73.4499969482422
31
0.0
39
0.0
210
0.0
220
0.0
230
1.0
0
LINE
5
A1F
330
17
100
AcDbEntity
67
0
8
0
62
256
6
ByLayer
370
-1
48
1.0
60
0
100
AcDbLine
10
18.0499992370605
20
73.4499969482422
30
0.0
11
18.0499992370605
21
75.1999969482422
31
0.0
39
0.0
210
0.0
220
0.0
230
1.0
0
LINE
5
A20
330
17
100
AcDbEntity
67
0
8
0
62
256
6
ByLayer
370
-1
48
1.0
60
0
100
AcDbLine
10
18.0499992370605
20
75.1999969482422
30
0.0
11
19.5659999847412
21
76.0749969482422
31
0.0
39
0.0
210
0.0
220
0.0
230
1.0
0
LINE
5
A21
330
17
100
AcDbEntity
67
0
8
0
62
256
6
ByLayer
370
-1
48
1.0
60
0
100
AcDbLine
10
19.5659999847412
20
76.0749969482422
30
0.0
11
21.0809993743896
21
75.1999969482422
31
0.0
39
0.0
210
0.0
220
0.0
230
1.0
0
LINE
5
A22
330
17
100
AcDbEntity
67
0
8
0
62
256
6
ByLayer
370
-1
48
1.0
60
0
100
AcDbLine
10
21.0809993743896
20
75.1999969482422
30
0.0
11
21.0809993743896
21
73.4499969482422
31
0.0
39
0.0
210
0.0
220
0.0
230
1.0
0
LINE
5
A23
330
17
100
AcDbEntity
67
0
8
0
62
256
6
ByLayer
370
-1
48
1.0
60
0
100
AcDbLine
10
24.613000869751
20
73.4499969482422
30
0.0
11
23.0970001220703
21
72.5749969482422
31
0.0
39
0.0
210
0.0
220
0.0
230
1.0
0
LINE
5
A24
330
17
100
AcDbEntity
67
0
8
0
62
256
6
ByLayer
370
-1
48
1.0
60
0
100
AcDbLine
10
23.0970001220703
20
72.5749969482422
30
0.0
11
21.5809993743896
21
73.4499969482422
31
0.0
39
0.0
210
0.0
220
0.0
230
1.0
0
LINE
5
A25
330
17
100
AcDbEntity
67
0
8
0
62
256
6
ByLayer
370
-1
48
1.0
60
0
100
AcDbLine
10
21.5809993743896
20
73.4499969482422
30
0.0
11
21.5809993743896
21
75.1999969482422
31
0.0
39
0.0
210
0.0
220
0.0
230
1.0
0
LINE
5
A26
330
17
100
AcDbEntity
67
0
8
0
62
256
6
ByLayer
370
-1
48
1.0
60
0
100
AcDbLine
10
21.5809993743896
20
75.1999969482422
30
0.0
11
23.0970001220703
21
76.0749969482422
31
0.0
39
0.0
210
0.0
220
0.0
230
1.0
0
LINE
5
A27
330
17
100
AcDbEntity
67
0
8
0
62
256
6
ByLayer
370
-1
48
1.0
60
0
100
AcDbLine
10
23.0970001220703
20
76.0749969482422
30
0.0
11
24.613000869751
21
75.1999969482422
31
0.0
39
0.0
210
0.0
220
0.0
230
1.0
0
LINE
5
A28
330
17
100
AcDbEntity
67
0
8
0
62
256
6
ByLayer
370
-1
48
1.0
60
0
100
AcDbLine
10
24.613000869751
20
75.1999969482422
30
0.0
11
24.613000869751
21
73.4499969482422
31
0.0
39
0.0
210
0.0
220
0.0
230
1.0
0
LINE
5
A29
330
17
100
AcDbEntity
67
0
8
0
62
256
6
ByLayer
370
-1
48
1.0
60
0
100
AcDbLine
10
28.1439990997314
20
73.4499969482422
30
0.0
11
26.6280002593994
21
72.5749969482422
31
0.0
39
0.0
210
0.0
220
0.0
230
1.0
0
LINE
5
A2A
330
17
100
AcDbEntity
67
0
8
0
62
256
6
ByLayer
370
-1
48
1.0
60
0
100
AcDbLine
10
26.6280002593994
20
72.5749969482422
30
0.0
11
25.113000869751
21
73.4499969482422
31
0.0
39
0.0
210
0.0
220
0.0
230
1.0
0
LINE
5
A2B
330
17
100
AcDbEntity
67
0
8
0
62
256
6
ByLayer
370
-1
48
1.0
60
0
100
AcDbLine
10
25.113000869751
20
73.4499969482422
30
0.0
11
25.113000869751
21
75.1999969482422
31
0.0
39
0.0
210
0.0
220
0.0
230
1.0
0
LINE
5
A2C
330
17
100
AcDbEntity
67
0
8
0
62
256
6
ByLayer
370
-1
48
1.0
60
0
100
AcDbLine
10
25.113000869751
20
75.1999969482422
30
0.0
11
26.6280002593994
21
76.0749969482422
31
0.0
39
0.0
210
0.0
220
0.0
230
1.0
0
LINE
5
A2D
330
17
100
AcDbEntity
67
0
8
0
62
256
6
ByLayer
370
-1
48
1.0
60
0
100
AcDbLine
10
26.6280002593994
20
76.0749969482422
30
0.0
11
28.1439990997314
21
75.1999969482422
31
0.0
39
0.0
210
0.0
220
0.0
230
1.0
0
LINE
5
A2E
330
17
100
AcDbEntity
67
0
8
0
62
256
6
ByLayer
370
-1
48
1.0
60
0
100
AcDbLine
10
28.1439990997314
20
75.1999969482422
30
0.0
11
28.1439990997314
21
73.4499969482422
31
0.0
39
0.0
210
0.0
220
0.0
230
1.0
0
LINE
5
A2F
330
17
100
AcDbEntity
67
0
8
0
62
256
6
ByLayer
370
-1
48
1.0
60
0
100
AcDbLine
10
31.6749992370605
20
73.4499969482422
30
0.0
11
30.1590003967285
21
72.5749969482422
31
0.0
39
0.0
210
0.0
220
0.0
230
1.0
0
LINE
5
A30
330
17
100
AcDbEntity
67
0
8
0
62
256
6
ByLayer
370
-1
48
1.0
60
0
100
AcDbLine
10
30.1590003967285
20
72.5749969482422
30
0.0
11
28.6439990997314
21
73.4499969482422
31
0.0
39
0.0
210
0.0
220
0.0
230
1.0
0
LINE
5
A31
330
17
100
AcDbEntity
67
0
8
0
62
256
6
ByLayer
370
-1
48
1.0
60
0
100
AcDbLine
10
28.6439990997314
20
73.4499969482422
30
0.0
11
28.6439990997314
21
75.1999969482422
31
0.0
39
0.0
210
0.0
220
0.0
230
1.0
0
LINE
5
A32
330
17
100
AcDbEntity
67
0
8
0
62
256
6
ByLayer
370
-1
48
1.0
60
0
100
AcDbLine
10
28.6439990997314
20
75.1999969482422
30
0.0
11
30.1590003967285
21
76.0749969482422
31
0.0
39
0.0
210
0.0
220
0.0
230
1.0
0
LINE
5
A33
330
17
100
AcDbEntity
67
0
8
0
62
256
6
ByLayer
370
-1
48
1.0
60
0
100
AcDbLine
10
30.1590003967285
20
76.0749969482422
30
0.0
11
31.6749992370605
21
75.1999969482422
31
0.0
39
0.0
210
0.0
220
0.0
230
1.0
0
LINE
5
A34
330
17
100
AcDbEntity
67
0
8
0
62
256
6
ByLayer
370
-1
48
1.0
60
0
100
AcDbLine
10
31.6749992370605
20
75.1999969482422
30
0.0
11
31.6749992370605
21
73.4499969482422
31
0.0
39
0.0
210
0.0
220
0.0
230
1.0
0
LINE
5
A35
330
17
100
AcDbEntity
67
0
8
0
62
256
6
ByLayer
370
-1
48
1.0
60
0
100
AcDbLine
10
35.2060012817383
20
73.4499969482422
30
0.0
11
33.689998626709
21
72.5749969482422
31
0.0
39
0.0
210
0.0
220
0.0
230
1.0
0
LINE
5
A36
330
17
100
AcDbEntity
67
0
8
0
62
256
6
ByLayer
370
-1
48
1.0
60
0
100
AcDbLine
10
33.689998626709
20
72.5749969482422
30
0.0
11
32.1749992370605
21
73.4499969482422
31
0.0
39
0.0
210
0.0
220
0.0
230
1.0
0
LINE
5
A37
330
17
100
AcDbEntity
67
0
8
0
62
256
6
ByLayer
370
-1
48
1.0
60
0
100
AcDbLine
10
32.1749992370605
20
73.4499969482422
30
0.0
11
32.1749992370605
21
75.1999969482422
31
0.0
39
0.0
210
0.0
220
0.0
230
1.0
0
LINE
5
A38
330
17
100
AcDbEntity
67
0
8
0
62
256
6
ByLayer
370
-1
48
1.0
60
0
100
AcDbLine
10
32.1749992370605
20
75.1999969482422
30
0.0
11
33.689998626709
21
76.0749969482422
31
0.0
39
0.0
210
0.0
220
0.0
230
1.0
0
LINE
5
A39
330
17
100
AcDbEntity
67
0
8
0
62
256
6
ByLayer
370
-1
48
1.0
60
0
100
AcDbLine
10
33.689998626709
20
76.0749969482422
30
0.0
11
35.2060012817383
21
75.1999969482422
31
0.0
39
0.0
210
0.0
220
0.0
230
1.0
0
LINE
5
A3A
330
17
100
AcDbEntity
67
0
8
0
62
256
6
ByLayer
370
-1
48
1.0
60
0
100
AcDbLine
10
35.2060012817383
20
75.1999969482422
30
0.0
11
35.2060012817383
21
73.4499969482422
31
0.0
39
0.0
210
0.0
220
0.0
230
1.0
0
LINE
5
A3B
330
17
100
AcDbEntity
67
0
8
0
62
256
6
ByLayer
370
-1
48
1.0
60
0
100
AcDbLine
10
38.7369995117188
20
73.4499969482422
30
0.0
11
37.2210006713867
21
72.5749969482422
31
0.0
39
0.0
210
0.0
220
0.0
230
1.0
0
LINE
5
A3C
330
17
100
AcDbEntity
67
0
8
0
62
256
6
ByLayer
370
-1
48
1.0
60
0
100
AcDbLine
10
37.2210006713867
20
72.5749969482422
30
0.0
11
35.7060012817383
21
73.4499969482422
31
0.0
39
0.0
210
0.0
220
0.0
230
1.0
0
LINE
5
A3D
330
17
100
AcDbEntity
67
0
8
0
62
256
6
ByLayer
370
-1
48
1.0
60
0
100
AcDbLine
10
35.7060012817383
20
73.4499969482422
30
0.0
11
35.7060012817383
21
75.1999969482422
31
0.0
39
0.0
210
0.0
220
0.0
230
1.0
0
LINE
5
A3E
330
17
100
AcDbEntity
67
0
8
0
62
256
6
ByLayer
370
-1
48
1.0
60
0
100
AcDbLine
10
35.7060012817383
20
75.1999969482422
30
0.0
11
37.2210006713867
21
76.0749969482422
31
0.0
39
0.0
210
0.0
220
0.0
230
1.0
0
LINE
5
A3F
330
17
100
AcDbEntity
67
0
8
0
62
256
6
ByLayer
370
-1
48
1.0
60
0
100
AcDbLine
10
37.2210006713867
20
76.0749969482422
30
0.0
11
38.7369995117188
21
75.1999969482422
31
0.0
39
0.0
210
0.0
220
0.0
230
1.0
0
LINE
5
A40
330
17
100
AcDbEntity
67
0
8
0
62
256
6
ByLayer
370
-1
48
1.0
60
0
100
AcDbLine
10
38.7369995117188
20
75.1999969482422
30
0.0
11
38.7369995117188
21
73.4499969482422
31
0.0
39
0.0
210
0.0
220
0.0
230
1.0
0
LINE
5
A41
330
17
100
AcDbEntity
67
0
8
0
62
256
6
ByLayer
370
-1
48
1.0
60
0
100
AcDbLine
10
42.2680015563965
20
73.4499969482422
30
0.0
11
40.7519989013672
21
72.5749969482422
31
0.0
39
0.0
210
0.0
220
0.0
230
1.0
0
LINE
5
A42
330
17
100
AcDbEntity
67
0
8
0
62
256
6
ByLayer
370
-1
48
1.0
60
0
100
AcDbLine
10
40.7519989013672
20
72.5749969482422
30
0.0
11
39.2369995117188
21
73.4499969482422
31
0.0
39
0.0
210
0.0
220
0.0
230
1.0
0
LINE
5
A43
330
17
100
AcDbEntity
67
0
8
0
62
256
6
ByLayer
370
-1
48
1.0
60
0
100
AcDbLine
10
39.2369995117188
20
73.4499969482422
30
0.0
11
39.2369995117188
21
75.1999969482422
31
0.0
39
0.0
210
0.0
220
0.0
230
1.0
0
LINE
5
A44
330
17
100
AcDbEntity
67
0
8
0
62
256
6
ByLayer
370
-1
48
1.0
60
0
100
AcDbLine
10
39.2369995117188
20
75.1999969482422
30
0.0
11
40.7519989013672
21
76.0749969482422
31
0.0
39
0.0
210
0.0
220
0.0
230
1.0
0
LINE
5
A45
330
17
100
AcDbEntity
67
0
8
0
62
256
6
ByLayer
370
-1
48
1.0
60
0
100
AcDbLine
10
40.7519989013672
20
76.0749969482422
30
0.0
11
42.2680015563965
21
75.1999969482422
31
0.0
39
0.0
210
0.0
220
0.0
230
1.0
0
LINE
5
A46
330
17
100
AcDbEntity
67
0
8
0
62
256
6
ByLayer
370
-1
48
1.0
60
0
100
AcDbLine
10
42.2680015563965
20
75.1999969482422
30
0.0
11
42.2680015563965
21
73.4499969482422
31
0.0
39
0.0
210
0.0
220
0.0
230
1.0
0
LINE
5
A47
330
17
100
AcDbEntity
67
0
8
0
62
256
6
ByLayer
370
-1
48
1.0
60
0
100
AcDbLine
10
45.798999786377
20
73.4499969482422
30
0.0
11
44.2840003967285
21
72.5749969482422
31
0.0
39
0.0
210
0.0
220
0.0
230
1.0
0
LINE
5
A48
330
17
100
AcDbEntity
67
0
8
0
62
256
6
ByLayer
370
-1
48
1.0
60
0
100
AcDbLine
10
44.2840003967285
20
72.5749969482422
30
0.0
11
42.7680015563965
21
73.4499969482422
31
0.0
39
0.0
210
0.0
220
0.0
230
1.0
0
LINE
5
A49
330
17
100
AcDbEntity
67
0
8
0
62
256
6
ByLayer
370
-1
48
1.0
60
0
100
AcDbLine
10
42.7680015563965
20
73.4499969482422
30
0.0
11
42.7680015563965
21
75.1999969482422
31
0.0
39
0.0
210
0.0
220
0.0
230
1.0
0
LINE
5
A4A
330
17
100
AcDbEntity
67
0
8
0
62
256
6
ByLayer
370
-1
48
1.0
60
0
100
AcDbLine
10
42.7680015563965
20
75.1999969482422
30
0.0
11
44.2840003967285
21
76.0749969482422
31
0.0
39
0.0
210
0.0
220
0.0
230
1.0
0
LINE
5
A4B
330
17
100
AcDbEntity
67
0
8
0
62
256
6
ByLayer
370
-1
48
1.0
60
0
100
AcDbLine
10
44.2840003967285
20
76.0749969482422
30
0.0
11
45.798999786377
21
75.1999969482422
31
0.0
39
0.0
210
0.0
220
0.0
230
1.0
0
LINE
5
A4C
330
17
100
AcDbEntity
67
0
8
0
62
256
6
ByLayer
370
-1
48
1.0
60
0
100
AcDbLine
10
45.798999786377
20
75.1999969482422
30
0.0
11
45.798999786377
21
73.4499969482422
31
0.0
39
0.0
210
0.0
220
0.0
230
1.0
0
LINE
5
A4D
330
17
100
AcDbEntity
67
0
8
0
62
256
6
ByLayer
370
-1
48
1.0
60
0
100
AcDbLine
10
49.3300018310547
20
73.4499969482422
30
0.0
11
47.814998626709
21
72.5749969482422
31
0.0
39
0.0
210
0.0
220
0.0
230
1.0
0
LINE
5
A4E
330
17
100
AcDbEntity
67
0
8
0
62
256
6
ByLayer
370
-1
48
1.0
60
0
100
AcDbLine
10
47.814998626709
20
72.5749969482422
30
0.0
11
46.298999786377
21
73.4499969482422
31
0.0
39
0.0
210
0.0
220
0.0
230
1.0
0
LINE
5
A4F
330
17
100
AcDbEntity
67
0
8
0
62
256
6
ByLayer
370
-1
48
1.0
60
0
100
AcDbLine
10
46.298999786377
20
73.4499969482422
30
0.0
11
46.298999786377
21
75.1999969482422
31
0.0
39
0.0
210
0.0
220
0.0
230
1.0
0
LINE
5
A50
330
17
100
AcDbEntity
67
0
8
0
62
256
6
ByLayer
370
-1
48
1.0
60
0
100
AcDbLine
10
46.298999786377
20
75.1999969482422
30
0.0
11
47.814998626709
21
76.0749969482422
31
0.0
39
0.0
210
0.0
220
0.0
230
1.0
0
LINE
5
A51
330
17
100
AcDbEntity
67
0
8
0
62
256
6
ByLayer
370
-1
48
1.0
60
0
100
AcDbLine
10
47.814998626709
20
76.0749969482422
30
0.0
11
49.3300018310547
21
75.1999969482422
31
0.0
39
0.0
210
0.0
220
0.0
230
1.0
0
LINE
5
A52
330
17
100
AcDbEntity
67
0
8
0
62
256
6
ByLayer
370
-1
48
1.0
60
0
100
AcDbLine
10
49.3300018310547
20
75.1999969482422
30
0.0
11
49.3300018310547
21
73.4499969482422
31
0.0
39
0.0
210
0.0
220
0.0
230
1.0
0
LINE
5
A53
330
17
100
AcDbEntity
67
0
8
0
62
256
6
ByLayer
370
-1
48
1.0
60
0
100
AcDbLine
10
51.3660011291504
20
72.5869979858398
30
0.0
11
52.8610000610352
21
73.4499969482422
31
0.0
39
0.0
210
0.0
220
0.0
230
1.0
0
LINE
5
A54
330
17
100
AcDbEntity
67
0
8
0
62
256
6
ByLayer
370
-1
48
1.0
60
0
100
AcDbLine
10
52.8610000610352
20
73.4499969482422
30
0.0
11
52.8610000610352
21
75.1999969482422
31
0.0
39
0.0
210
0.0
220
0.0
230
1.0
0
LINE
5
A55
330
17
100
AcDbEntity
67
0
8
0
62
256
6
ByLayer
370
-1
48
1.0
60
0
100
AcDbLine
10
52.8610000610352
20
75.1999969482422
30
0.0
11
51.3460006713867
21
76.0749969482422
31
0.0
39
0.0
210
0.0
220
0.0
230
1.0
0
LINE
5
A56
330
17
100
AcDbEntity
67
0
8
0
62
256
6
ByLayer
370
-1
48
1.0
60
0
100
AcDbLine
10
51.3460006713867
20
76.0749969482422
30
0.0
11
49.8300018310547
21
75.1999969482422
31
0.0
39
0.0
210
0.0
220
0.0
230
1.0
0
LINE
5
A57
330
17
100
AcDbEntity
67
0
8
0
62
256
6
ByLayer
370
-1
48
1.0
60
0
100
AcDbLine
10
49.8300018310547
20
75.1999969482422
30
0.0
11
49.8300018310547
21
73.4499969482422
31
0.0
39
0.0
210
0.0
220
0.0
230
1.0
0
LINE
5
A58
330
17
100
AcDbEntity
67
0
8
0
62
256
6
ByLayer
370
-1
48
1.0
60
0
100
AcDbLine
10
49.8300018310547
20
73.4499969482422
30
0.0
11
51.3250007629395
21
72.5869979858398
31
0.0
39
0.0
210
0.0
220
0.0
230
1.0
0
LINE
5
A59
330
17
100
AcDbEntity
67
0
8
0
62
256
6
ByLayer
370
-1
48
1.0
60
0
100
AcDbLine
10
51.3250007629395
20
72.5869979858398
30
0.0
11
51.3660011291504
21
72.5869979858398
31
0.0
39
0.0
210
0.0
220
0.0
230
1.0
0
LINE
5
A5A
330
17
100
AcDbEntity
67
0
8
0
62
256
6
ByLayer
370
-1
48
1.0
60
0
100
AcDbLine
10
54.9300003051758
20
72.6060028076172
30
0.0
11
55.2019996643066
21
72.7630004882813
31
0.0
39
0.0
210
0.0
220
0.0
230
1.0
0
LINE
5
A5B
330
17
100
AcDbEntity
67
0
8
0
62
256
6
ByLayer
370
-1
48
1.0
60
0
100
AcDbLine
10
55.2019996643066
20
72.7630004882813
30
0.0
11
55.2019996643066
21
75.8880004882813
31
0.0
39
0.0
210
0.0
220
0.0
230
1.0
0
LINE
5
A5C
330
17
100
AcDbEntity
67
0
8
0
62
256
6
ByLayer
370
-1
48
1.0
60
0
100
AcDbLine
10
55.2019996643066
20
75.8880004882813
30
0.0
11
54.8769989013672
21
76.0749969482422
31
0.0
39
0.0
210
0.0
220
0.0
230
1.0
0
LINE
5
A5D
330
17
100
AcDbEntity
67
0
8
0
62
256
6
ByLayer
370
-1
48
1.0
60
0
100
AcDbLine
10
54.8769989013672
20
76.0749969482422
30
0.0
11
53.3610000610352
21
75.1999969482422
31
0.0
39
0.0
210
0.0
220
0.0
230
1.0
0
LINE
5
A5E
330
17
100
AcDbEntity
67
0
8
0
62
256
6
ByLayer
370
-1
48
1.0
60
0
100
AcDbLine
10
53.3610000610352
20
75.1999969482422
30
0.0
11
53.3610000610352
21
73.4499969482422
31
0.0
39
0.0
210
0.0
220
0.0
230
1.0
0
LINE
5
A5F
330
17
100
AcDbEntity
67
0
8
0
62
256
6
ByLayer
370
-1
48
1.0
60
0
100
AcDbLine
10
53.3610000610352
20
73.4499969482422
30
0.0
11
54.8250007629395
21
72.6050033569336
31
0.0
39
0.0
210
0.0
220
0.0
230
1.0
0
LINE
5
A60
330
17
100
AcDbEntity
67
0
8
0
62
256
6
ByLayer
370
-1
48
1.0
60
0
100
AcDbLine
10
54.8250007629395
20
72.6050033569336
30
0.0
11
54.9300003051758
21
72.6060028076172
31
0.0
39
0.0
210
0.0
220
0.0
230
1.0
0
LINE
5
A61
330
17
100
AcDbEntity
67
0
8
0
62
256
6
ByLayer
370
-1
48
1.0
60
0
100
AcDbLine
10
59.5789985656738
20
74.5989990234375
30
0.0
11
59.0730018615723
21
72.9589996337891
31
0.0
39
0.0
210
0.0
220
0.0
230
1.0
0
LINE
5
A62
330
17
100
AcDbEntity
67
0
8
0
62
256
6
ByLayer
370
-1
48
1.0
60
0
100
AcDbLine
10
59.0730018615723
20
72.9589996337891
30
0.0
11
59.9230003356934
21
73.4499969482422
31
0.0
39
0.0
210
0.0
220
0.0
230
1.0
0
LINE
5
A63
330
17
100
AcDbEntity
67
0
8
0
62
256
6
ByLayer
370
-1
48
1.0
60
0
100
AcDbLine
10
59.9230003356934
20
73.4499969482422
30
0.0
11
59.9230003356934
21
75.1999969482422
31
0.0
39
0.0
210
0.0
220
0.0
230
1.0
0
LINE
5
A64
330
17
100
AcDbEntity
67
0
8
0
62
256
6
ByLayer
370
-1
48
1.0
60
0
100
AcDbLine
10
59.9230003356934
20
75.1999969482422
30
0.0
11
59.7060012817383
21
75.3259963989258
31
0.0
39
0.0
210
0.0
220
0.0
230
1.0
0
LINE
5
A65
330
17
100
AcDbEntity
67
0
8
0
62
256
6
ByLayer
370
-1
48
1.0
60
0
100
AcDbLine
10
59.7060012817383
20
75.3259963989258
30
0.0
11
59.5789985656738
21
74.5989990234375
31
0.0
39
0.0
210
0.0
220
0.0
230
1.0
0
LINE
5
A66
330
17
100
AcDbEntity
67
0
8
0
62
256
6
ByLayer
370
-1
48
1.0
60
0
100
AcDbLine
10
63.4550018310547
20
73.4499969482422
30
0.0
11
61.9389991760254
21
72.5749969482422
31
0.0
39
0.0
210
0.0
220
0.0
230
1.0
0
LINE
5
A67
330
17
100
AcDbEntity
67
0
8
0
62
256
6
ByLayer
370
-1
48
1.0
60
0
100
AcDbLine
10
61.9389991760254
20
72.5749969482422
30
0.0
11
60.4230003356934
21
73.4499969482422
31
0.0
39
0.0
210
0.0
220
0.0
230
1.0
0
LINE
5
A68
330
17
100
AcDbEntity
67
0
8
0
62
256
6
ByLayer
370
-1
48
1.0
60
0
100
AcDbLine
10
60.4230003356934
20
73.4499969482422
30
0.0
11
60.4230003356934
21
75.1999969482422
31
0.0
39
0.0
210
0.0
220
0.0
230
1.0
0
LINE
5
A69
330
17
100
AcDbEntity
67
0
8
0
62
256
6
ByLayer
370
-1
48
1.0
60
0
100
AcDbLine
10
60.4230003356934
20
75.1999969482422
30
0.0
11
61.9389991760254
21
76.0749969482422
31
0.0
39
0.0
210
0.0
220
0.0
230
1.0
0
LINE
5
A6A
330
17
100
AcDbEntity
67
0
8
0
62
256
6
ByLayer
370
-1
48
1.0
60
0
100
AcDbLine
10
61.9389991760254
20
76.0749969482422
30
0.0
11
63.4550018310547
21
75.1999969482422
31
0.0
39
0.0
210
0.0
220
0.0
230
1.0
0
LINE
5
A6B
330
17
100
AcDbEntity
67
0
8
0
62
256
6
ByLayer
370
-1
48
1.0
60
0
100
AcDbLine
10
63.4550018310547
20
75.1999969482422
30
0.0
11
63.4550018310547
21
73.4499969482422
31
0.0
39
0.0
210
0.0
220
0.0
230
1.0
0
LINE
5
A6C
330
17
100
AcDbEntity
67
0
8
0
62
256
6
ByLayer
370
-1
48
1.0
60
0
100
AcDbLine
10
66.9860000610352
20
73.4499969482422
30
0.0
11
65.4700012207031
21
72.5749969482422
31
0.0
39
0.0
210
0.0
220
0.0
230
1.0
0
LINE
5
A6D
330
17
100
AcDbEntity
67
0
8
0
62
256
6
ByLayer
370
-1
48
1.0
60
0
100
AcDbLine
10
65.4700012207031
20
72.5749969482422
30
0.0
11
63.9550018310547
21
73.4499969482422
31
0.0
39
0.0
210
0.0
220
0.0
230
1.0
0
LINE
5
A6E
330
17
100
AcDbEntity
67
0
8
0
62
256
6
ByLayer
370
-1
48
1.0
60
0
100
AcDbLine
10
63.9550018310547
20
73.4499969482422
30
0.0
11
63.9550018310547
21
75.1999969482422
31
0.0
39
0.0
210
0.0
220
0.0
230
1.0
0
LINE
5
A6F
330
17
100
AcDbEntity
67
0
8
0
62
256
6
ByLayer
370
-1
48
1.0
60
0
100
AcDbLine
10
63.9550018310547
20
75.1999969482422
30
0.0
11
65.4700012207031
21
76.0749969482422
31
0.0
39
0.0
210
0.0
220
0.0
230
1.0
0
LINE
5
A70
330
17
100
AcDbEntity
67
0
8
0
62
256
6
ByLayer
370
-1
48
1.0
60
0
100
AcDbLine
10
65.4700012207031
20
76.0749969482422
30
0.0
11
66.9860000610352
21
75.1999969482422
31
0.0
39
0.0
210
0.0
220
0.0
230
1.0
0
LINE
5
A71
330
17
100
AcDbEntity
67
0
8
0
62
256
6
ByLayer
370
-1
48
1.0
60
0
100
AcDbLine
10
66.9860000610352
20
75.1999969482422
30
0.0
11
66.9860000610352
21
73.4499969482422
31
0.0
39
0.0
210
0.0
220
0.0
230
1.0
0
LINE
5
A72
330
17
100
AcDbEntity
67
0
8
0
62
256
6
ByLayer
370
-1
48
1.0
60
0
100
AcDbLine
10
70.5169982910156
20
73.4499969482422
30
0.0
11
69.0009994506836
21
72.5749969482422
31
0.0
39
0.0
210
0.0
220
0.0
230
1.0
0
LINE
5
A73
330
17
100
AcDbEntity
67
0
8
0
62
256
6
ByLayer
370
-1
48
1.0
60
0
100
AcDbLine
10
69.0009994506836
20
72.5749969482422
30
0.0
11
67.4860000610352
21
73.4499969482422
31
0.0
39
0.0
210
0.0
220
0.0
230
1.0
0
LINE
5
A74
330
17
100
AcDbEntity
67
0
8
0
62
256
6
ByLayer
370
-1
48
1.0
60
0
100
AcDbLine
10
67.4860000610352
20
73.4499969482422
30
0.0
11
67.4860000610352
21
75.1999969482422
31
0.0
39
0.0
210
0.0
220
0.0
230
1.0
0
LINE
5
A75
330
17
100
AcDbEntity
67
0
8
0
62
256
6
ByLayer
370
-1
48
1.0
60
0
100
AcDbLine
10
67.4860000610352
20
75.1999969482422
30
0.0
11
69.0009994506836
21
76.0749969482422
31
0.0
39
0.0
210
0.0
220
0.0
230
1.0
0
LINE
5
A76
330
17
100
AcDbEntity
67
0
8
0
62
256
6
ByLayer
370
-1
48
1.0
60
0
100
AcDbLine
10
69.0009994506836
20
76.0749969482422
30
0.0
11
70.5169982910156
21
75.1999969482422
31
0.0
39
0.0
210
0.0
220
0.0
230
1.0
0
LINE
5
A77
330
17
100
AcDbEntity
67
0
8
0
62
256
6
ByLayer
370
-1
48
1.0
60
0
100
AcDbLine
10
70.5169982910156
20
75.1999969482422
30
0.0
11
70.5169982910156
21
73.4499969482422
31
0.0
39
0.0
210
0.0
220
0.0
230
1.0
0
LINE
5
A78
330
17
100
AcDbEntity
67
0
8
0
62
256
6
ByLayer
370
-1
48
1.0
60
0
100
AcDbLine
10
74.0479965209961
20
73.4499969482422
30
0.0
11
72.5319976806641
21
72.5749969482422
31
0.0
39
0.0
210
0.0
220
0.0
230
1.0
0
LINE
5
A79
330
17
100
AcDbEntity
67
0
8
0
62
256
6
ByLayer
370
-1
48
1.0
60
0
100
AcDbLine
10
72.5319976806641
20
72.5749969482422
30
0.0
11
71.0169982910156
21
73.4499969482422
31
0.0
39
0.0
210
0.0
220
0.0
230
1.0
0
LINE
5
A7A
330
17
100
AcDbEntity
67
0
8
0
62
256
6
ByLayer
370
-1
48
1.0
60
0
100
AcDbLine
10
71.0169982910156
20
73.4499969482422
30
0.0
11
71.0169982910156
21
75.1999969482422
31
0.0
39
0.0
210
0.0
220
0.0
230
1.0
0
LINE
5
A7B
330
17
100
AcDbEntity
67
0
8
0
62
256
6
ByLayer
370
-1
48
1.0
60
0
100
AcDbLine
10
71.0169982910156
20
75.1999969482422
30
0.0
11
72.5319976806641
21
76.0749969482422
31
0.0
39
0.0
210
0.0
220
0.0
230
1.0
0
LINE
5
A7C
330
17
100
AcDbEntity
67
0
8
0
62
256
6
ByLayer
370
-1
48
1.0
60
0
100
AcDbLine
10
72.5319976806641
20
76.0749969482422
30
0.0
11
74.0479965209961
21
75.1999969482422
31
0.0
39
0.0
210
0.0
220
0.0
230
1.0
0
LINE
5
A7D
330
17
100
AcDbEntity
67
0
8
0
62
256
6
ByLayer
370
-1
48
1.0
60
0
100
AcDbLine
10
74.0479965209961
20
75.1999969482422
30
0.0
11
74.0479965209961
21
73.4499969482422
31
0.0
39
0.0
210
0.0
220
0.0
230
1.0
0
LINE
5
A7E
330
17
100
AcDbEntity
67
0
8
0
62
256
6
ByLayer
370
-1
48
1.0
60
0
100
AcDbLine
10
77.5790023803711
20
73.4499969482422
30
0.0
11
76.0630035400391
21
72.5749969482422
31
0.0
39
0.0
210
0.0
220
0.0
230
1.0
0
LINE
5
A7F
330
17
100
AcDbEntity
67
0
8
0
62
256
6
ByLayer
370
-1
48
1.0
60
0
100
AcDbLine
10
76.0630035400391
20
72.5749969482422
30
0.0
11
74.5479965209961
21
73.4499969482422
31
0.0
39
0.0
210
0.0
220
0.0
230
1.0
0
LINE
5
A80
330
17
100
AcDbEntity
67
0
8
0
62
256
6
ByLayer
370
-1
48
1.0
60
0
100
AcDbLine
10
74.5479965209961
20
73.4499969482422
30
0.0
11
74.5479965209961
21
75.1999969482422
31
0.0
39
0.0
210
0.0
220
0.0
230
1.0
0
LINE
5
A81
330
17
100
AcDbEntity
67
0
8
0
62
256
6
ByLayer
370
-1
48
1.0
60
0
100
AcDbLine
10
74.5479965209961
20
75.1999969482422
30
0.0
11
76.0630035400391
21
76.0749969482422
31
0.0
39
0.0
210
0.0
220
0.0
230
1.0
0
LINE
5
A82
330
17
100
AcDbEntity
67
0
8
0
62
256
6
ByLayer
370
-1
48
1.0
60
0
100
AcDbLine
10
76.0630035400391
20
76.0749969482422
30
0.0
11
77.5790023803711
21
75.1999969482422
31
0.0
39
0.0
210
0.0
220
0.0
230
1.0
0
LINE
5
A83
330
17
100
AcDbEntity
67
0
8
0
62
256
6
ByLayer
370
-1
48
1.0
60
0
100
AcDbLine
10
77.5790023803711
20
75.1999969482422
30
0.0
11
77.5790023803711
21
73.4499969482422
31
0.0
39
0.0
210
0.0
220
0.0
230
1.0
0
LINE
5
A84
330
17
100
AcDbEntity
67
0
8
0
62
256
6
ByLayer
370
-1
48
1.0
60
0
100
AcDbLine
10
81.1100006103516
20
73.4499969482422
30
0.0
11
79.5940017700195
21
72.5749969482422
31
0.0
39
0.0
210
0.0
220
0.0
230
1.0
0
LINE
5
A85
330
17
100
AcDbEntity
67
0
8
0
62
256
6
ByLayer
370
-1
48
1.0
60
0
100
AcDbLine
10
79.5940017700195
20
72.5749969482422
30
0.0
11
78.0790023803711
21
73.4499969482422
31
0.0
39
0.0
210
0.0
220
0.0
230
1.0
0
LINE
5
A86
330
17
100
AcDbEntity
67
0
8
0
62
256
6
ByLayer
370
-1
48
1.0
60
0
100
AcDbLine
10
78.0790023803711
20
73.4499969482422
30
0.0
11
78.0790023803711
21
75.1999969482422
31
0.0
39
0.0
210
0.0
220
0.0
230
1.0
0
LINE
5
A87
330
17
100
AcDbEntity
67
0
8
0
62
256
6
ByLayer
370
-1
48
1.0
60
0
100
AcDbLine
10
78.0790023803711
20
75.1999969482422
30
0.0
11
79.5940017700195
21
76.0749969482422
31
0.0
39
0.0
210
0.0
220
0.0
230
1.0
0
LINE
5
A88
330
17
100
AcDbEntity
67
0
8
0
62
256
6
ByLayer
370
-1
48
1.0
60
0
100
AcDbLine
10
79.5940017700195
20
76.0749969482422
30
0.0
11
81.1100006103516
21
75.1999969482422
31
0.0
39
0.0
210
0.0
220
0.0
230
1.0
0
LINE
5
A89
330
17
100
AcDbEntity
67
0
8
0
62
256
6
ByLayer
370
-1
48
1.0
60
0
100
AcDbLine
10
81.1100006103516
20
75.1999969482422
30
0.0
11
81.1100006103516
21
73.4499969482422
31
0.0
39
0.0
210
0.0
220
0.0
230
1.0
0
LINE
5
A8A
330
17
100
AcDbEntity
67
0
8
0
62
256
6
ByLayer
370
-1
48
1.0
60
0
100
AcDbLine
10
81.8219985961914
20
75.322998046875
30
0.0
11
81.6100006103516
21
75.1999969482422
31
0.0
39
0.0
210
0.0
220
0.0
230
1.0
0
LINE
5
A8B
330
17
100
AcDbEntity
67
0
8
0
62
256
6
ByLayer
370
-1
48
1.0
60
0
100
AcDbLine
10
81.6100006103516
20
75.1999969482422
30
0.0
11
81.6100006103516
21
74.447998046875
31
0.0
39
0.0
210
0.0
220
0.0
230
1.0
0
LINE
5
A8C
330
17
100
AcDbEntity
67
0
8
0
62
256
6
ByLayer
370
-1
48
1.0
60
0
100
AcDbLine
10
81.6100006103516
20
74.447998046875
30
0.0
11
81.6529998779297
21
74.677001953125
31
0.0
39
0.0
210
0.0
220
0.0
230
1.0
0
LINE
5
A8D
330
17
100
AcDbEntity
67
0
8
0
62
256
6
ByLayer
370
-1
48
1.0
60
0
100
AcDbLine
10
81.6529998779297
20
74.677001953125
30
0.0
11
81.8219985961914
21
75.322998046875
31
0.0
39
0.0
210
0.0
220
0.0
230
1.0
0
LINE
5
A8E
330
17
100
AcDbEntity
67
0
8
0
62
256
6
ByLayer
370
-1
48
1.0
60
0
100
AcDbLine
10
96.4179992675781
20
74.9680023193359
30
0.0
11
95.734001159668
21
73.5220031738281
31
0.0
39
0.0
210
0.0
220
0.0
230
1.0
0
LINE
5
A8F
330
17
100
AcDbEntity
67
0
8
0
62
256
6
ByLayer
370
-1
48
1.0
60
0
100
AcDbLine
10
95.734001159668
20
73.5220031738281
30
0.0
11
95.734001159668
21
73.4499969482422
31
0.0
39
0.0
210
0.0
220
0.0
230
1.0
0
LINE
5
A90
330
17
100
AcDbEntity
67
0
8
0
62
256
6
ByLayer
370
-1
48
1.0
60
0
100
AcDbLine
10
95.734001159668
20
73.4499969482422
30
0.0
11
97.25
21
72.5749969482422
31
0.0
39
0.0
210
0.0
220
0.0
230
1.0
0
LINE
5
A91
330
17
100
AcDbEntity
67
0
8
0
62
256
6
ByLayer
370
-1
48
1.0
60
0
100
AcDbLine
10
97.25
20
72.5749969482422
30
0.0
11
98.7649993896484
21
73.4499969482422
31
0.0
39
0.0
210
0.0
220
0.0
230
1.0
0
LINE
5
A92
330
17
100
AcDbEntity
67
0
8
0
62
256
6
ByLayer
370
-1
48
1.0
60
0
100
AcDbLine
10
98.7649993896484
20
73.4499969482422
30
0.0
11
98.7649993896484
21
75.1999969482422
31
0.0
39
0.0
210
0.0
220
0.0
230
1.0
0
LINE
5
A93
330
17
100
AcDbEntity
67
0
8
0
62
256
6
ByLayer
370
-1
48
1.0
60
0
100
AcDbLine
10
98.7649993896484
20
75.1999969482422
30
0.0
11
97.25
21
76.0749969482422
31
0.0
39
0.0
210
0.0
220
0.0
230
1.0
0
LINE
5
A94
330
17
100
AcDbEntity
67
0
8
0
62
256
6
ByLayer
370
-1
48
1.0
60
0
100
AcDbLine
10
97.25
20
76.0749969482422
30
0.0
11
96.693000793457
21
75.7539978027344
31
0.0
39
0.0
210
0.0
220
0.0
230
1.0
0
LINE
5
A95
330
17
100
AcDbEntity
67
0
8
0
62
256
6
ByLayer
370
-1
48
1.0
60
0
100
AcDbLine
10
96.693000793457
20
75.7539978027344
30
0.0
11
96.4179992675781
21
74.9680023193359
31
0.0
39
0.0
210
0.0
220
0.0
230
1.0
0
LINE
5
A96
330
17
100
AcDbEntity
67
0
8
0
62
256
6
ByLayer
370
-1
48
1.0
60
0
100
AcDbLine
10
102.295997619629
20
73.4499969482422
30
0.0
11
100.78099822998
21
72.5749969482422
31
0.0
39
0.0
210
0.0
220
0.0
230
1.0
0
LINE
5
A97
330
17
100
AcDbEntity
67
0
8
0
62
256
6
ByLayer
370
-1
48
1.0
60
0
100
AcDbLine
10
100.78099822998
20
72.5749969482422
30
0.0
11
99.2649993896484
21
73.4499969482422
31
0.0
39
0.0
210
0.0
220
0.0
230
1.0
0
LINE
5
A98
330
17
100
AcDbEntity
67
0
8
0
62
256
6
ByLayer
370
-1
48
1.0
60
0
100
AcDbLine
10
99.2649993896484
20
73.4499969482422
30
0.0
11
99.2649993896484
21
75.1999969482422
31
0.0
39
0.0
210
0.0
220
0.0
230
1.0
0
LINE
5
A99
330
17
100
AcDbEntity
67
0
8
0
62
256
6
ByLayer
370
-1
48
1.0
60
0
100
AcDbLine
10
99.2649993896484
20
75.1999969482422
30
0.0
11
100.78099822998
21
76.0749969482422
31
0.0
39
0.0
210
0.0
220
0.0
230
1.0
0
LINE
5
A9A
330
17
100
AcDbEntity
67
0
8
0
62
256
6
ByLayer
370
-1
48
1.0
60
0
100
AcDbLine
10
100.78099822998
20
76.0749969482422
30
0.0
11
102.295997619629
21
75.1999969482422
31
0.0
39
0.0
210
0.0
220
0.0
230
1.0
0
LINE
5
A9B
330
17
100
AcDbEntity
67
0
8
0
62
256
6
ByLayer
370
-1
48
1.0
60
0
100
AcDbLine
10
102.295997619629
20
75.1999969482422
30
0.0
11
102.295997619629
21
73.4499969482422
31
0.0
39
0.0
210
0.0
220
0.0
230
1.0
0
LINE
5
A9C
330
17
100
AcDbEntity
67
0
8
0
62
256
6
ByLayer
370
-1
48
1.0
60
0
100
AcDbLine
10
105.828002929688
20
73.4499969482422
30
0.0
11
104.311996459961
21
72.5749969482422
31
0.0
39
0.0
210
0.0
220
0.0
230
1.0
0
LINE
5
A9D
330
17
100
AcDbEntity
67
0
8
0
62
256
6
ByLayer
370
-1
48
1.0
60
0
100
AcDbLine
10
104.311996459961
20
72.5749969482422
30
0.0
11
102.795997619629
21
73.4499969482422
31
0.0
39
0.0
210
0.0
220
0.0
230
1.0
0
LINE
5
A9E
330
17
100
AcDbEntity
67
0
8
0
62
256
6
ByLayer
370
-1
48
1.0
60
0
100
AcDbLine
10
102.795997619629
20
73.4499969482422
30
0.0
11
102.795997619629
21
75.1999969482422
31
0.0
39
0.0
210
0.0
220
0.0
230
1.0
0
LINE
5
A9F
330
17
100
AcDbEntity
67
0
8
0
62
256
6
ByLayer
370
-1
48
1.0
60
0
100
AcDbLine
10
102.795997619629
20
75.1999969482422
30
0.0
11
104.311996459961
21
76.0749969482422
31
0.0
39
0.0
210
0.0
220
0.0
230
1.0
0
LINE
5
AA0
330
17
100
AcDbEntity
67
0
8
0
62
256
6
ByLayer
370
-1
48
1.0
60
0
100
AcDbLine
10
104.311996459961
20
76.0749969482422
30
0.0
11
105.828002929688
21
75.1999969482422
31
0.0
39
0.0
210
0.0
220
0.0
230
1.0
0
LINE
5
AA1
330
17
100
AcDbEntity
67
0
8
0
62
256
6
ByLayer
370
-1
48
1.0
60
0
100
AcDbLine
10
105.828002929688
20
75.1999969482422
30
0.0
11
105.828002929688
21
73.4499969482422
31
0.0
39
0.0
210
0.0
220
0.0
230
1.0
0
LINE
5
AA2
330
17
100
AcDbEntity
67
0
8
0
62
256
6
ByLayer
370
-1
48
1.0
60
0
100
AcDbLine
10
109.359001159668
20
73.4499969482422
30
0.0
11
107.843002319336
21
72.5749969482422
31
0.0
39
0.0
210
0.0
220
0.0
230
1.0
0
LINE
5
AA3
330
17
100
AcDbEntity
67
0
8
0
62
256
6
ByLayer
370
-1
48
1.0
60
0
100
AcDbLine
10
107.843002319336
20
72.5749969482422
30
0.0
11
106.328002929688
21
73.4499969482422
31
0.0
39
0.0
210
0.0
220
0.0
230
1.0
0
LINE
5
AA4
330
17
100
AcDbEntity
67
0
8
0
62
256
6
ByLayer
370
-1
48
1.0
60
0
100
AcDbLine
10
106.328002929688
20
73.4499969482422
30
0.0
11
106.328002929688
21
75.1999969482422
31
0.0
39
0.0
210
0.0
220
0.0
230
1.0
0
LINE
5
AA5
330
17
100
AcDbEntity
67
0
8
0
62
256
6
ByLayer
370
-1
48
1.0
60
0
100
AcDbLine
10
106.328002929688
20
75.1999969482422
30
0.0
11
107.843002319336
21
76.0749969482422
31
0.0
39
0.0
210
0.0
220
0.0
230
1.0
0
LINE
5
AA6
330
17
100
AcDbEntity
67
0
8
0
62
256
6
ByLayer
370
-1
48
1.0
60
0
100
AcDbLine
10
107.843002319336
20
76.0749969482422
30
0.0
11
109.359001159668
21
75.1999969482422
31
0.0
39
0.0
210
0.0
220
0.0
230
1.0
0
LINE
5
AA7
330
17
100
AcDbEntity
67
0
8
0
62
256
6
ByLayer
370
-1
48
1.0
60
0
100
AcDbLine
10
109.359001159668
20
75.1999969482422
30
0.0
11
109.359001159668
21
73.4499969482422
31
0.0
39
0.0
210
0.0
220
0.0
230
1.0
0
LINE
5
AA8
330
17
100
AcDbEntity
67
0
8
0
62
256
6
ByLayer
370
-1
48
1.0
60
0
100
AcDbLine
10
112.889999389648
20
73.4499969482422
30
0.0
11
111.374000549316
21
72.5749969482422
31
0.0
39
0.0
210
0.0
220
0.0
230
1.0
0
LINE
5
AA9
330
17
100
AcDbEntity
67
0
8
0
62
256
6
ByLayer
370
-1
48
1.0
60
0
100
AcDbLine
10
111.374000549316
20
72.5749969482422
30
0.0
11
109.859001159668
21
73.4499969482422
31
0.0
39
0.0
210
0.0
220
0.0
230
1.0
0
LINE
5
AAA
330
17
100
AcDbEntity
67
0
8
0
62
256
6
ByLayer
370
-1
48
1.0
60
0
100
AcDbLine
10
109.859001159668
20
73.4499969482422
30
0.0
11
109.859001159668
21
75.1999969482422
31
0.0
39
0.0
210
0.0
220
0.0
230
1.0
0
LINE
5
AAB
330
17
100
AcDbEntity
67
0
8
0
62
256
6
ByLayer
370
-1
48
1.0
60
0
100
AcDbLine
10
109.859001159668
20
75.1999969482422
30
0.0
11
111.374000549316
21
76.0749969482422
31
0.0
39
0.0
210
0.0
220
0.0
230
1.0
0
LINE
5
AAC
330
17
100
AcDbEntity
67
0
8
0
62
256
6
ByLayer
370
-1
48
1.0
60
0
100
AcDbLine
10
111.374000549316
20
76.0749969482422
30
0.0
11
112.889999389648
21
75.1999969482422
31
0.0
39
0.0
210
0.0
220
0.0
230
1.0
0
LINE
5
AAD
330
17
100
AcDbEntity
67
0
8
0
62
256
6
ByLayer
370
-1
48
1.0
60
0
100
AcDbLine
10
112.889999389648
20
75.1999969482422
30
0.0
11
112.889999389648
21
73.4499969482422
31
0.0
39
0.0
210
0.0
220
0.0
230
1.0
0
LINE
5
AAE
330
17
100
AcDbEntity
67
0
8
0
62
256
6
ByLayer
370
-1
48
1.0
60
0
100
AcDbLine
10
116.420997619629
20
73.4499969482422
30
0.0
11
114.904998779297
21
72.5749969482422
31
0.0
39
0.0
210
0.0
220
0.0
230
1.0
0
LINE
5
AAF
330
17
100
AcDbEntity
67
0
8
0
62
256
6
ByLayer
370
-1
48
1.0
60
0
100
AcDbLine
10
114.904998779297
20
72.5749969482422
30
0.0
11
113.389999389648
21
73.4499969482422
31
0.0
39
0.0
210
0.0
220
0.0
230
1.0
0
LINE
5
AB0
330
17
100
AcDbEntity
67
0
8
0
62
256
6
ByLayer
370
-1
48
1.0
60
0
100
AcDbLine
10
113.389999389648
20
73.4499969482422
30
0.0
11
113.389999389648
21
75.1999969482422
31
0.0
39
0.0
210
0.0
220
0.0
230
1.0
0
LINE
5
AB1
330
17
100
AcDbEntity
67
0
8
0
62
256
6
ByLayer
370
-1
48
1.0
60
0
100
AcDbLine
10
113.389999389648
20
75.1999969482422
30
0.0
11
114.904998779297
21
76.0749969482422
31
0.0
39
0.0
210
0.0
220
0.0
230
1.0
0
LINE
5
AB2
330
17
100
AcDbEntity
67
0
8
0
62
256
6
ByLayer
370
-1
48
1.0
60
0
100
AcDbLine
10
114.904998779297
20
76.0749969482422
30
0.0
11
116.420997619629
21
75.1999969482422
31
0.0
39
0.0
210
0.0
220
0.0
230
1.0
0
LINE
5
AB3
330
17
100
AcDbEntity
67
0
8
0
62
256
6
ByLayer
370
-1
48
1.0
60
0
100
AcDbLine
10
116.420997619629
20
75.1999969482422
30
0.0
11
116.420997619629
21
73.4499969482422
31
0.0
39
0.0
210
0.0
220
0.0
230
1.0
0
LINE
5
AB4
330
17
100
AcDbEntity
67
0
8
0
62
256
6
ByLayer
370
-1
48
1.0
60
0
100
AcDbLine
10
119.952003479004
20
73.4499969482422
30
0.0
11
118.435997009277
21
72.5749969482422
31
0.0
39
0.0
210
0.0
220
0.0
230
1.0
0
LINE
5
AB5
330
17
100
AcDbEntity
67
0
8
0
62
256
6
ByLayer
370
-1
48
1.0
60
0
100
AcDbLine
10
118.435997009277
20
72.5749969482422
30
0.0
11
116.920997619629
21
73.4499969482422
31
0.0
39
0.0
210
0.0
220
0.0
230
1.0
0
LINE
5
AB6
330
17
100
AcDbEntity
67
0
8
0
62
256
6
ByLayer
370
-1
48
1.0
60
0
100
AcDbLine
10
116.920997619629
20
73.4499969482422
30
0.0
11
116.920997619629
21
75.1999969482422
31
0.0
39
0.0
210
0.0
220
0.0
230
1.0
0
LINE
5
AB7
330
17
100
AcDbEntity
67
0
8
0
62
256
6
ByLayer
370
-1
48
1.0
60
0
100
AcDbLine
10
116.920997619629
20
75.1999969482422
30
0.0
11
118.435997009277
21
76.0749969482422
31
0.0
39
0.0
210
0.0
220
0.0
230
1.0
0
LINE
5
AB8
330
17
100
AcDbEntity
67
0
8
0
62
256
6
ByLayer
370
-1
48
1.0
60
0
100
AcDbLine
10
118.435997009277
20
76.0749969482422
30
0.0
11
119.952003479004
21
75.1999969482422
31
0.0
39
0.0
210
0.0
220
0.0
230
1.0
0
LINE
5
AB9
330
17
100
AcDbEntity
67
0
8
0
62
256
6
ByLayer
370
-1
48
1.0
60
0
100
AcDbLine
10
119.952003479004
20
75.1999969482422
30
0.0
11
119.952003479004
21
73.4499969482422
31
0.0
39
0.0
210
0.0
220
0.0
230
1.0
0
LINE
5
ABA
330
17
100
AcDbEntity
67
0
8
0
62
256
6
ByLayer
370
-1
48
1.0
60
0
100
AcDbLine
10
123.483001708984
20
73.4499969482422
30
0.0
11
121.967002868652
21
72.5749969482422
31
0.0
39
0.0
210
0.0
220
0.0
230
1.0
0
LINE
5
ABB
330
17
100
AcDbEntity
67
0
8
0
62
256
6
ByLayer
370
-1
48
1.0
60
0
100
AcDbLine
10
121.967002868652
20
72.5749969482422
30
0.0
11
120.452003479004
21
73.4499969482422
31
0.0
39
0.0
210
0.0
220
0.0
230
1.0
0
LINE
5
ABC
330
17
100
AcDbEntity
67
0
8
0
62
256
6
ByLayer
370
-1
48
1.0
60
0
100
AcDbLine
10
120.452003479004
20
73.4499969482422
30
0.0
11
120.452003479004
21
75.1999969482422
31
0.0
39
0.0
210
0.0
220
0.0
230
1.0
0
LINE
5
ABD
330
17
100
AcDbEntity
67
0
8
0
62
256
6
ByLayer
370
-1
48
1.0
60
0
100
AcDbLine
10
120.452003479004
20
75.1999969482422
30
0.0
11
121.967002868652
21
76.0749969482422
31
0.0
39
0.0
210
0.0
220
0.0
230
1.0
0
LINE
5
ABE
330
17
100
AcDbEntity
67
0
8
0
62
256
6
ByLayer
370
-1
48
1.0
60
0
100
AcDbLine
10
121.967002868652
20
76.0749969482422
30
0.0
11
123.483001708984
21
75.1999969482422
31
0.0
39
0.0
210
0.0
220
0.0
230
1.0
0
LINE
5
ABF
330
17
100
AcDbEntity
67
0
8
0
62
256
6
ByLayer
370
-1
48
1.0
60
0
100
AcDbLine
10
123.483001708984
20
75.1999969482422
30
0.0
11
123.483001708984
21
73.4499969482422
31
0.0
39
0.0
210
0.0
220
0.0
230
1.0
0
LINE
5
AC0
330
17
100
AcDbEntity
67
0
8
0
62
256
6
ByLayer
370
-1
48
1.0
60
0
100
AcDbLine
10
124.801002502441
20
72.9779968261719
30
0.0
11
124.962997436523
21
73.3040008544922
31
0.0
39
0.0
210
0.0
220
0.0
230
1.0
0
LINE
5
AC1
330
17
100
AcDbEntity
67
0
8
0
62
256
6
ByLayer
370
-1
48
1.0
60
0
100
AcDbLine
10
124.962997436523
20
73.3040008544922
30
0.0
11
125.013999938965
21
73.4690017700195
31
0.0
39
0.0
210
0.0
220
0.0
230
1.0
0
LINE
5
AC2
330
17
100
AcDbEntity
67
0
8
0
62
256
6
ByLayer
370
-1
48
1.0
60
0
100
AcDbLine
10
125.013999938965
20
73.4690017700195
30
0.0
11
125.067001342773
21
73.8160018920898
31
0.0
39
0.0
210
0.0
220
0.0
230
1.0
0
LINE
5
AC3
330
17
100
AcDbEntity
67
0
8
0
62
256
6
ByLayer
370
-1
48
1.0
60
0
100
AcDbLine
10
125.067001342773
20
73.8160018920898
30
0.0
11
125.069000244141
21
75.8270034790039
31
0.0
39
0.0
210
0.0
220
0.0
230
1.0
0
LINE
5
AC4
330
17
100
AcDbEntity
67
0
8
0
62
256
6
ByLayer
370
-1
48
1.0
60
0
100
AcDbLine
10
125.069000244141
20
75.8270034790039
30
0.0
11
123.983001708984
21
75.1999969482422
31
0.0
39
0.0
210
0.0
220
0.0
230
1.0
0
LINE
5
AC5
330
17
100
AcDbEntity
67
0
8
0
62
256
6
ByLayer
370
-1
48
1.0
60
0
100
AcDbLine
10
123.983001708984
20
75.1999969482422
30
0.0
11
123.983001708984
21
73.4499969482422
31
0.0
39
0.0
210
0.0
220
0.0
230
1.0
0
LINE
5
AC6
330
17
100
AcDbEntity
67
0
8
0
62
256
6
ByLayer
370
-1
48
1.0
60
0
100
AcDbLine
10
123.983001708984
20
73.4499969482422
30
0.0
11
124.801002502441
21
72.9779968261719
31
0.0
39
0.0
210
0.0
220
0.0
230
1.0
0
LINE
5
AC7
330
17
100
AcDbEntity
67
0
8
0
62
256
6
ByLayer
370
-1
48
1.0
60
0
100
AcDbLine
10
143.059997558594
20
73.713996887207
30
0.0
11
143.078002929688
21
73.5380020141602
31
0.0
39
0.0
210
0.0
220
0.0
230
1.0
0
LINE
5
AC8
330
17
100
AcDbEntity
67
0
8
0
62
256
6
ByLayer
370
-1
48
1.0
60
0
100
AcDbLine
10
143.078002929688
20
73.5380020141602
30
0.0
11
143.164001464844
21
73.2030029296875
31
0.0
39
0.0
210
0.0
220
0.0
230
1.0
0
LINE
5
AC9
330
17
100
AcDbEntity
67
0
8
0
62
256
6
ByLayer
370
-1
48
1.0
60
0
100
AcDbLine
10
143.164001464844
20
73.2030029296875
30
0.0
11
143.309997558594
21
72.8980026245117
31
0.0
39
0.0
210
0.0
220
0.0
230
1.0
0
LINE
5
ACA
330
17
100
AcDbEntity
67
0
8
0
62
256
6
ByLayer
370
-1
48
1.0
60
0
100
AcDbLine
10
143.309997558594
20
72.8980026245117
30
0.0
11
143.425994873047
21
72.7320022583008
31
0.0
39
0.0
210
0.0
220
0.0
230
1.0
0
LINE
5
ACB
330
17
100
AcDbEntity
67
0
8
0
62
256
6
ByLayer
370
-1
48
1.0
60
0
100
AcDbLine
10
143.425994873047
20
72.7320022583008
30
0.0
11
144.669998168945
21
73.4499969482422
31
0.0
39
0.0
210
0.0
220
0.0
230
1.0
0
LINE
5
ACC
330
17
100
AcDbEntity
67
0
8
0
62
256
6
ByLayer
370
-1
48
1.0
60
0
100
AcDbLine
10
144.669998168945
20
73.4499969482422
30
0.0
11
144.669998168945
21
75.1999969482422
31
0.0
39
0.0
210
0.0
220
0.0
230
1.0
0
LINE
5
ACD
330
17
100
AcDbEntity
67
0
8
0
62
256
6
ByLayer
370
-1
48
1.0
60
0
100
AcDbLine
10
144.669998168945
20
75.1999969482422
30
0.0
11
143.154006958008
21
76.0749969482422
31
0.0
39
0.0
210
0.0
220
0.0
230
1.0
0
LINE
5
ACE
330
17
100
AcDbEntity
67
0
8
0
62
256
6
ByLayer
370
-1
48
1.0
60
0
100
AcDbLine
10
143.154006958008
20
76.0749969482422
30
0.0
11
143.057998657227
21
76.0199966430664
31
0.0
39
0.0
210
0.0
220
0.0
230
1.0
0
LINE
5
ACF
330
17
100
AcDbEntity
67
0
8
0
62
256
6
ByLayer
370
-1
48
1.0
60
0
100
AcDbLine
10
143.057998657227
20
76.0199966430664
30
0.0
11
143.059997558594
21
73.713996887207
31
0.0
39
0.0
210
0.0
220
0.0
230
1.0
0
LINE
5
AD0
330
17
100
AcDbEntity
67
0
8
0
62
256
6
ByLayer
370
-1
48
1.0
60
0
100
AcDbLine
10
148.20100402832
20
73.4499969482422
30
0.0
11
146.684997558594
21
72.5749969482422
31
0.0
39
0.0
210
0.0
220
0.0
230
1.0
0
LINE
5
AD1
330
17
100
AcDbEntity
67
0
8
0
62
256
6
ByLayer
370
-1
48
1.0
60
0
100
AcDbLine
10
146.684997558594
20
72.5749969482422
30
0.0
11
145.169998168945
21
73.4499969482422
31
0.0
39
0.0
210
0.0
220
0.0
230
1.0
0
LINE
5
AD2
330
17
100
AcDbEntity
67
0
8
0
62
256
6
ByLayer
370
-1
48
1.0
60
0
100
AcDbLine
10
145.169998168945
20
73.4499969482422
30
0.0
11
145.169998168945
21
75.1999969482422
31
0.0
39
0.0
210
0.0
220
0.0
230
1.0
0
LINE
5
AD3
330
17
100
AcDbEntity
67
0
8
0
62
256
6
ByLayer
370
-1
48
1.0
60
0
100
AcDbLine
10
145.169998168945
20
75.1999969482422
30
0.0
11
146.684997558594
21
76.0749969482422
31
0.0
39
0.0
210
0.0
220
0.0
230
1.0
0
LINE
5
AD4
330
17
100
AcDbEntity
67
0
8
0
62
256
6
ByLayer
370
-1
48
1.0
60
0
100
AcDbLine
10
146.684997558594
20
76.0749969482422
30
0.0
11
148.20100402832
21
75.1999969482422
31
0.0
39
0.0
210
0.0
220
0.0
230
1.0
0
LINE
5
AD5
330
17
100
AcDbEntity
67
0
8
0
62
256
6
ByLayer
370
-1
48
1.0
60
0
100
AcDbLine
10
148.20100402832
20
75.1999969482422
30
0.0
11
148.20100402832
21
73.4499969482422
31
0.0
39
0.0
210
0.0
220
0.0
230
1.0
0
LINE
5
AD6
330
17
100
AcDbEntity
67
0
8
0
62
256
6
ByLayer
370
-1
48
1.0
60
0
100
AcDbLine
10
151.731994628906
20
73.4499969482422
30
0.0
11
150.216003417969
21
72.5749969482422
31
0.0
39
0.0
210
0.0
220
0.0
230
1.0
0
LINE
5
AD7
330
17
100
AcDbEntity
67
0
8
0
62
256
6
ByLayer
370
-1
48
1.0
60
0
100
AcDbLine
10
150.216003417969
20
72.5749969482422
30
0.0
11
148.70100402832
21
73.4499969482422
31
0.0
39
0.0
210
0.0
220
0.0
230
1.0
0
LINE
5
AD8
330
17
100
AcDbEntity
67
0
8
0
62
256
6
ByLayer
370
-1
48
1.0
60
0
100
AcDbLine
10
148.70100402832
20
73.4499969482422
30
0.0
11
148.70100402832
21
75.1999969482422
31
0.0
39
0.0
210
0.0
220
0.0
230
1.0
0
LINE
5
AD9
330
17
100
AcDbEntity
67
0
8
0
62
256
6
ByLayer
370
-1
48
1.0
60
0
100
AcDbLine
10
148.70100402832
20
75.1999969482422
30
0.0
11
150.216003417969
21
76.0749969482422
31
0.0
39
0.0
210
0.0
220
0.0
230
1.0
0
LINE
5
ADA
330
17
100
AcDbEntity
67
0
8
0
62
256
6
ByLayer
370
-1
48
1.0
60
0
100
AcDbLine
10
150.216003417969
20
76.0749969482422
30
0.0
11
151.731994628906
21
75.1999969482422
31
0.0
39
0.0
210
0.0
220
0.0
230
1.0
0
LINE
5
ADB
330
17
100
AcDbEntity
67
0
8
0
62
256
6
ByLayer
370
-1
48
1.0
60
0
100
AcDbLine
10
151.731994628906
20
75.1999969482422
30
0.0
11
151.731994628906
21
73.4499969482422
31
0.0
39
0.0
210
0.0
220
0.0
230
1.0
0
LINE
5
ADC
330
17
100
AcDbEntity
67
0
8
0
62
256
6
ByLayer
370
-1
48
1.0
60
0
100
AcDbLine
10
155.263000488281
20
73.4499969482422
30
0.0
11
153.746994018555
21
72.5749969482422
31
0.0
39
0.0
210
0.0
220
0.0
230
1.0
0
LINE
5
ADD
330
17
100
AcDbEntity
67
0
8
0
62
256
6
ByLayer
370
-1
48
1.0
60
0
100
AcDbLine
10
153.746994018555
20
72.5749969482422
30
0.0
11
152.231994628906
21
73.4499969482422
31
0.0
39
0.0
210
0.0
220
0.0
230
1.0
0
LINE
5
ADE
330
17
100
AcDbEntity
67
0
8
0
62
256
6
ByLayer
370
-1
48
1.0
60
0
100
AcDbLine
10
152.231994628906
20
73.4499969482422
30
0.0
11
152.231994628906
21
75.1999969482422
31
0.0
39
0.0
210
0.0
220
0.0
230
1.0
0
LINE
5
ADF
330
17
100
AcDbEntity
67
0
8
0
62
256
6
ByLayer
370
-1
48
1.0
60
0
100
AcDbLine
10
152.231994628906
20
75.1999969482422
30
0.0
11
153.746994018555
21
76.0749969482422
31
0.0
39
0.0
210
0.0
220
0.0
230
1.0
0
LINE
5
AE0
330
17
100
AcDbEntity
67
0
8
0
62
256
6
ByLayer
370
-1
48
1.0
60
0
100
AcDbLine
10
153.746994018555
20
76.0749969482422
30
0.0
11
155.263000488281
21
75.1999969482422
31
0.0
39
0.0
210
0.0
220
0.0
230
1.0
0
LINE
5
AE1
330
17
100
AcDbEntity
67
0
8
0
62
256
6
ByLayer
370
-1
48
1.0
60
0
100
AcDbLine
10
155.263000488281
20
75.1999969482422
30
0.0
11
155.263000488281
21
73.4499969482422
31
0.0
39
0.0
210
0.0
220
0.0
230
1.0
0
LINE
5
AE2
330
17
100
AcDbEntity
67
0
8
0
62
256
6
ByLayer
370
-1
48
1.0
60
0
100
AcDbLine
10
158.794006347656
20
73.4499969482422
30
0.0
11
157.27799987793
21
72.5749969482422
31
0.0
39
0.0
210
0.0
220
0.0
230
1.0
0
LINE
5
AE3
330
17
100
AcDbEntity
67
0
8
0
62
256
6
ByLayer
370
-1
48
1.0
60
0
100
AcDbLine
10
157.27799987793
20
72.5749969482422
30
0.0
11
155.763000488281
21
73.4499969482422
31
0.0
39
0.0
210
0.0
220
0.0
230
1.0
0
LINE
5
AE4
330
17
100
AcDbEntity
67
0
8
0
62
256
6
ByLayer
370
-1
48
1.0
60
0
100
AcDbLine
10
155.763000488281
20
73.4499969482422
30
0.0
11
155.763000488281
21
75.1999969482422
31
0.0
39
0.0
210
0.0
220
0.0
230
1.0
0
LINE
5
AE5
330
17
100
AcDbEntity
67
0
8
0
62
256
6
ByLayer
370
-1
48
1.0
60
0
100
AcDbLine
10
155.763000488281
20
75.1999969482422
30
0.0
11
157.27799987793
21
76.0749969482422
31
0.0
39
0.0
210
0.0
220
0.0
230
1.0
0
LINE
5
AE6
330
17
100
AcDbEntity
67
0
8
0
62
256
6
ByLayer
370
-1
48
1.0
60
0
100
AcDbLine
10
157.27799987793
20
76.0749969482422
30
0.0
11
158.794006347656
21
75.1999969482422
31
0.0
39
0.0
210
0.0
220
0.0
230
1.0
0
LINE
5
AE7
330
17
100
AcDbEntity
67
0
8
0
62
256
6
ByLayer
370
-1
48
1.0
60
0
100
AcDbLine
10
158.794006347656
20
75.1999969482422
30
0.0
11
158.794006347656
21
73.4499969482422
31
0.0
39
0.0
210
0.0
220
0.0
230
1.0
0
LINE
5
AE8
330
17
100
AcDbEntity
67
0
8
0
62
256
6
ByLayer
370
-1
48
1.0
60
0
100
AcDbLine
10
162.324996948242
20
73.4499969482422
30
0.0
11
160.809005737305
21
72.5749969482422
31
0.0
39
0.0
210
0.0
220
0.0
230
1.0
0
LINE
5
AE9
330
17
100
AcDbEntity
67
0
8
0
62
256
6
ByLayer
370
-1
48
1.0
60
0
100
AcDbLine
10
160.809005737305
20
72.5749969482422
30
0.0
11
159.294006347656
21
73.4499969482422
31
0.0
39
0.0
210
0.0
220
0.0
230
1.0
0
LINE
5
AEA
330
17
100
AcDbEntity
67
0
8
0
62
256
6
ByLayer
370
-1
48
1.0
60
0
100
AcDbLine
10
159.294006347656
20
73.4499969482422
30
0.0
11
159.294006347656
21
75.1999969482422
31
0.0
39
0.0
210
0.0
220
0.0
230
1.0
0
LINE
5
AEB
330
17
100
AcDbEntity
67
0
8
0
62
256
6
ByLayer
370
-1
48
1.0
60
0
100
AcDbLine
10
159.294006347656
20
75.1999969482422
30
0.0
11
160.809005737305
21
76.0749969482422
31
0.0
39
0.0
210
0.0
220
0.0
230
1.0
0
LINE
5
AEC
330
17
100
AcDbEntity
67
0
8
0
62
256
6
ByLayer
370
-1
48
1.0
60
0
100
AcDbLine
10
160.809005737305
20
76.0749969482422
30
0.0
11
162.324996948242
21
75.1999969482422
31
0.0
39
0.0
210
0.0
220
0.0
230
1.0
0
LINE
5
AED
330
17
100
AcDbEntity
67
0
8
0
62
256
6
ByLayer
370
-1
48
1.0
60
0
100
AcDbLine
10
162.324996948242
20
75.1999969482422
30
0.0
11
162.324996948242
21
73.4499969482422
31
0.0
39
0.0
210
0.0
220
0.0
230
1.0
0
LINE
5
AEE
330
17
100
AcDbEntity
67
0
8
0
62
256
6
ByLayer
370
-1
48
1.0
60
0
100
AcDbLine
10
165.856002807617
20
73.4499969482422
30
0.0
11
164.341003417969
21
72.5749969482422
31
0.0
39
0.0
210
0.0
220
0.0
230
1.0
0
LINE
5
AEF
330
17
100
AcDbEntity
67
0
8
0
62
256
6
ByLayer
370
-1
48
1.0
60
0
100
AcDbLine
10
164.341003417969
20
72.5749969482422
30
0.0
11
162.824996948242
21
73.4499969482422
31
0.0
39
0.0
210
0.0
220
0.0
230
1.0
0
LINE
5
AF0
330
17
100
AcDbEntity
67
0
8
0
62
256
6
ByLayer
370
-1
48
1.0
60
0
100
AcDbLine
10
162.824996948242
20
73.4499969482422
30
0.0
11
162.824996948242
21
75.1999969482422
31
0.0
39
0.0
210
0.0
220
0.0
230
1.0
0
LINE
5
AF1
330
17
100
AcDbEntity
67
0
8
0
62
256
6
ByLayer
370
-1
48
1.0
60
0
100
AcDbLine
10
162.824996948242
20
75.1999969482422
30
0.0
11
164.341003417969
21
76.0749969482422
31
0.0
39
0.0
210
0.0
220
0.0
230
1.0
0
LINE
5
AF2
330
17
100
AcDbEntity
67
0
8
0
62
256
6
ByLayer
370
-1
48
1.0
60
0
100
AcDbLine
10
164.341003417969
20
76.0749969482422
30
0.0
11
165.856002807617
21
75.1999969482422
31
0.0
39
0.0
210
0.0
220
0.0
230
1.0
0
LINE
5
AF3
330
17
100
AcDbEntity
67
0
8
0
62
256
6
ByLayer
370
-1
48
1.0
60
0
100
AcDbLine
10
165.856002807617
20
75.1999969482422
30
0.0
11
165.856002807617
21
73.4499969482422
31
0.0
39
0.0
210
0.0
220
0.0
230
1.0
0
LINE
5
AF4
330
17
100
AcDbEntity
67
0
8
0
62
256
6
ByLayer
370
-1
48
1.0
60
0
100
AcDbLine
10
169.386993408203
20
73.4499969482422
30
0.0
11
167.871994018555
21
72.5749969482422
31
0.0
39
0.0
210
0.0
220
0.0
230
1.0
0
LINE
5
AF5
330
17
100
AcDbEntity
67
0
8
0
62
256
6
ByLayer
370
-1
48
1.0
60
0
100
AcDbLine
10
167.871994018555
20
72.5749969482422
30
0.0
11
166.356002807617
21
73.4499969482422
31
0.0
39
0.0
210
0.0
220
0.0
230
1.0
0
LINE
5
AF6
330
17
100
AcDbEntity
67
0
8
0
62
256
6
ByLayer
370
-1
48
1.0
60
0
100
AcDbLine
10
166.356002807617
20
73.4499969482422
30
0.0
11
166.356002807617
21
75.1999969482422
31
0.0
39
0.0
210
0.0
220
0.0
230
1.0
0
LINE
5
AF7
330
17
100
AcDbEntity
67
0
8
0
62
256
6
ByLayer
370
-1
48
1.0
60
0
100
AcDbLine
10
166.356002807617
20
75.1999969482422
30
0.0
11
167.871994018555
21
76.0749969482422
31
0.0
39
0.0
210
0.0
220
0.0
230
1.0
0
LINE
5
AF8
330
17
100
AcDbEntity
67
0
8
0
62
256
6
ByLayer
370
-1
48
1.0
60
0
100
AcDbLine
10
167.871994018555
20
76.0749969482422
30
0.0
11
169.386993408203
21
75.1999969482422
31
0.0
39
0.0
210
0.0
220
0.0
230
1.0
0
LINE
5
AF9
330
17
100
AcDbEntity
67
0
8
0
62
256
6
ByLayer
370
-1
48
1.0
60
0
100
AcDbLine
10
169.386993408203
20
75.1999969482422
30
0.0
11
169.386993408203
21
73.4499969482422
31
0.0
39
0.0
210
0.0
220
0.0
230
1.0
0
LINE
5
AFA
330
17
100
AcDbEntity
67
0
8
0
62
256
6
ByLayer
370
-1
48
1.0
60
0
100
AcDbLine
10
172.917999267578
20
73.4499969482422
30
0.0
11
171.40299987793
21
72.5749969482422
31
0.0
39
0.0
210
0.0
220
0.0
230
1.0
0
LINE
5
AFB
330
17
100
AcDbEntity
67
0
8
0
62
256
6
ByLayer
370
-1
48
1.0
60
0
100
AcDbLine
10
171.40299987793
20
72.5749969482422
30
0.0
11
169.886993408203
21
73.4499969482422
31
0.0
39
0.0
210
0.0
220
0.0
230
1.0
0
LINE
5
AFC
330
17
100
AcDbEntity
67
0
8
0
62
256
6
ByLayer
370
-1
48
1.0
60
0
100
AcDbLine
10
169.886993408203
20
73.4499969482422
30
0.0
11
169.886993408203
21
75.1999969482422
31
0.0
39
0.0
210
0.0
220
0.0
230
1.0
0
LINE
5
AFD
330
17
100
AcDbEntity
67
0
8
0
62
256
6
ByLayer
370
-1
48
1.0
60
0
100
AcDbLine
10
169.886993408203
20
75.1999969482422
30
0.0
11
171.40299987793
21
76.0749969482422
31
0.0
39
0.0
210
0.0
220
0.0
230
1.0
0
LINE
5
AFE
330
17
100
AcDbEntity
67
0
8
0
62
256
6
ByLayer
370
-1
48
1.0
60
0
100
AcDbLine
10
171.40299987793
20
76.0749969482422
30
0.0
11
172.917999267578
21
75.1999969482422
31
0.0
39
0.0
210
0.0
220
0.0
230
1.0
0
LINE
5
AFF
330
17
100
AcDbEntity
67
0
8
0
62
256
6
ByLayer
370
-1
48
1.0
60
0
100
AcDbLine
10
172.917999267578
20
75.1999969482422
30
0.0
11
172.917999267578
21
73.4499969482422
31
0.0
39
0.0
210
0.0
220
0.0
230
1.0
0
LINE
5
B00
330
17
100
AcDbEntity
67
0
8
0
62
256
6
ByLayer
370
-1
48
1.0
60
0
100
AcDbLine
10
176.449005126953
20
73.4499969482422
30
0.0
11
174.934005737305
21
72.5749969482422
31
0.0
39
0.0
210
0.0
220
0.0
230
1.0
0
LINE
5
B01
330
17
100
AcDbEntity
67
0
8
0
62
256
6
ByLayer
370
-1
48
1.0
60
0
100
AcDbLine
10
174.934005737305
20
72.5749969482422
30
0.0
11
173.417999267578
21
73.4499969482422
31
0.0
39
0.0
210
0.0
220
0.0
230
1.0
0
LINE
5
B02
330
17
100
AcDbEntity
67
0
8
0
62
256
6
ByLayer
370
-1
48
1.0
60
0
100
AcDbLine
10
173.417999267578
20
73.4499969482422
30
0.0
11
173.417999267578
21
75.1999969482422
31
0.0
39
0.0
210
0.0
220
0.0
230
1.0
0
LINE
5
B03
330
17
100
AcDbEntity
67
0
8
0
62
256
6
ByLayer
370
-1
48
1.0
60
0
100
AcDbLine
10
173.417999267578
20
75.1999969482422
30
0.0
11
174.934005737305
21
76.0749969482422
31
0.0
39
0.0
210
0.0
220
0.0
230
1.0
0
LINE
5
B04
330
17
100
AcDbEntity
67
0
8
0
62
256
6
ByLayer
370
-1
48
1.0
60
0
100
AcDbLine
10
174.934005737305
20
76.0749969482422
30
0.0
11
176.449005126953
21
75.1999969482422
31
0.0
39
0.0
210
0.0
220
0.0
230
1.0
0
LINE
5
B05
330
17
100
AcDbEntity
67
0
8
0
62
256
6
ByLayer
370
-1
48
1.0
60
0
100
AcDbLine
10
176.449005126953
20
75.1999969482422
30
0.0
11
176.449005126953
21
73.4499969482422
31
0.0
39
0.0
210
0.0
220
0.0
230
1.0
0
LINE
5
B06
330
17
100
AcDbEntity
67
0
8
0
62
256
6
ByLayer
370
-1
48
1.0
60
0
100
AcDbLine
10
179.727005004883
20
73.9010009765625
30
0.0
11
177.100997924805
21
75.2880020141602
31
0.0
39
0.0
210
0.0
220
0.0
230
1.0
0
LINE
5
B07
330
17
100
AcDbEntity
67
0
8
0
62
256
6
ByLayer
370
-1
48
1.0
60
0
100
AcDbLine
10
177.100997924805
20
75.2880020141602
30
0.0
11
176.949005126953
21
75.1999969482422
31
0.0
39
0.0
210
0.0
220
0.0
230
1.0
0
LINE
5
B08
330
17
100
AcDbEntity
67
0
8
0
62
256
6
ByLayer
370
-1
48
1.0
60
0
100
AcDbLine
10
176.949005126953
20
75.1999969482422
30
0.0
11
176.949005126953
21
73.4499969482422
31
0.0
39
0.0
210
0.0
220
0.0
230
1.0
0
LINE
5
B09
330
17
100
AcDbEntity
67
0
8
0
62
256
6
ByLayer
370
-1
48
1.0
60
0
100
AcDbLine
10
176.949005126953
20
73.4499969482422
30
0.0
11
178.464996337891
21
72.5749969482422
31
0.0
39
0.0
210
0.0
220
0.0
230
1.0
0
LINE
5
B0A
330
17
100
AcDbEntity
67
0
8
0
62
256
6
ByLayer
370
-1
48
1.0
60
0
100
AcDbLine
10
178.464996337891
20
72.5749969482422
30
0.0
11
179.979995727539
21
73.4499969482422
31
0.0
39
0.0
210
0.0
220
0.0
230
1.0
0
LINE
5
B0B
330
17
100
AcDbEntity
67
0
8
0
62
256
6
ByLayer
370
-1
48
1.0
60
0
100
AcDbLine
10
179.979995727539
20
73.4499969482422
30
0.0
11
179.979995727539
21
73.8059997558594
31
0.0
39
0.0
210
0.0
220
0.0
230
1.0
0
LINE
5
B0C
330
17
100
AcDbEntity
67
0
8
0
62
256
6
ByLayer
370
-1
48
1.0
60
0
100
AcDbLine
10
179.979995727539
20
73.8059997558594
30
0.0
11
179.727005004883
21
73.9010009765625
31
0.0
39
0.0
210
0.0
220
0.0
230
1.0
0
LINE
5
B0D
330
17
100
AcDbEntity
67
0
8
0
62
256
6
ByLayer
370
-1
48
1.0
60
0
100
AcDbLine
10
180.479995727539
20
73.6190032958984
30
0.0
11
180.479995727539
21
73.4499969482422
31
0.0
39
0.0
210
0.0
220
0.0
230
1.0
0
LINE
5
B0E
330
17
100
AcDbEntity
67
0
8
0
62
256
6
ByLayer
370
-1
48
1.0
60
0
100
AcDbLine
10
180.479995727539
20
73.4499969482422
30
0.0
11
181.996002197266
21
72.5749969482422
31
0.0
39
0.0
210
0.0
220
0.0
230
1.0
0
LINE
5
B0F
330
17
100
AcDbEntity
67
0
8
0
62
256
6
ByLayer
370
-1
48
1.0
60
0
100
AcDbLine
10
181.996002197266
20
72.5749969482422
30
0.0
11
182.494995117188
21
72.8639984130859
31
0.0
39
0.0
210
0.0
220
0.0
230
1.0
0
LINE
5
B10
330
17
100
AcDbEntity
67
0
8
0
62
256
6
ByLayer
370
-1
48
1.0
60
0
100
AcDbLine
10
182.494995117188
20
72.8639984130859
30
0.0
11
180.479995727539
21
73.6190032958984
31
0.0
39
0.0
210
0.0
220
0.0
230
1.0
0
LINE
5
B11
330
17
100
AcDbEntity
67
0
8
0
62
256
6
ByLayer
370
-1
48
1.0
60
0
100
AcDbLine
10
7.21000003814697
20
72.818000793457
30
0.0
11
7.17600011825562
21
72.6900024414063
31
0.0
39
0.0
210
0.0
220
0.0
230
1.0
0
LINE
5
B12
330
17
100
AcDbEntity
67
0
8
0
62
256
6
ByLayer
370
-1
48
1.0
60
0
100
AcDbLine
10
7.17600011825562
20
72.6900024414063
30
0.0
11
7.19500017166138
21
72.5660018920898
31
0.0
39
0.0
210
0.0
220
0.0
230
1.0
0
LINE
5
B13
330
17
100
AcDbEntity
67
0
8
0
62
256
6
ByLayer
370
-1
48
1.0
60
0
100
AcDbLine
10
7.19500017166138
20
72.5660018920898
30
0.0
11
7.26000022888184
21
72.4589996337891
31
0.0
39
0.0
210
0.0
220
0.0
230
1.0
0
LINE
5
B14
330
17
100
AcDbEntity
67
0
8
0
62
256
6
ByLayer
370
-1
48
1.0
60
0
100
AcDbLine
10
7.26000022888184
20
72.4589996337891
30
0.0
11
7.38299989700317
21
72.3759994506836
31
0.0
39
0.0
210
0.0
220
0.0
230
1.0
0
LINE
5
B15
330
17
100
AcDbEntity
67
0
8
0
62
256
6
ByLayer
370
-1
48
1.0
60
0
100
AcDbLine
10
7.38299989700317
20
72.3759994506836
30
0.0
11
7.47200012207031
21
72.3570022583008
31
0.0
39
0.0
210
0.0
220
0.0
230
1.0
0
LINE
5
B16
330
17
100
AcDbEntity
67
0
8
0
62
256
6
ByLayer
370
-1
48
1.0
60
0
100
AcDbLine
10
7.47200012207031
20
72.3570022583008
30
0.0
11
8.34200000762939
21
72.3619995117188
31
0.0
39
0.0
210
0.0
220
0.0
230
1.0
0
LINE
5
B17
330
17
100
AcDbEntity
67
0
8
0
62
256
6
ByLayer
370
-1
48
1.0
60
0
100
AcDbLine
10
8.34200000762939
20
72.3619995117188
30
0.0
11
7.30700016021729
21
72.9589996337891
31
0.0
39
0.0
210
0.0
220
0.0
230
1.0
0
LINE
5
B18
330
17
100
AcDbEntity
67
0
8
0
62
256
6
ByLayer
370
-1
48
1.0
60
0
100
AcDbLine
10
7.30700016021729
20
72.9589996337891
30
0.0
11
7.21000003814697
21
72.818000793457
31
0.0
39
0.0
210
0.0
220
0.0
230
1.0
0
LINE
5
B19
330
17
100
AcDbEntity
67
0
8
0
62
256
6
ByLayer
370
-1
48
1.0
60
0
100
AcDbLine
10
11.8409996032715
20
72.379997253418
30
0.0
11
10.7379999160767
21
73.0169982910156
31
0.0
39
0.0
210
0.0
220
0.0
230
1.0
0
LINE
5
B1A
330
17
100
AcDbEntity
67
0
8
0
62
256
6
ByLayer
370
-1
48
1.0
60
0
100
AcDbLine
10
10.7379999160767
20
73.0169982910156
30
0.0
11
9.61499977111816
21
72.3690032958984
31
0.0
39
0.0
210
0.0
220
0.0
230
1.0
0
LINE
5
B1B
330
17
100
AcDbEntity
67
0
8
0
62
256
6
ByLayer
370
-1
48
1.0
60
0
100
AcDbLine
10
9.61499977111816
20
72.3690032958984
30
0.0
11
11.8409996032715
21
72.379997253418
31
0.0
39
0.0
210
0.0
220
0.0
230
1.0
0
LINE
5
B1C
330
17
100
AcDbEntity
67
0
8
0
62
256
6
ByLayer
370
-1
48
1.0
60
0
100
AcDbLine
10
15.3409996032715
20
72.3990020751953
30
0.0
11
14.2690000534058
21
73.0169982910156
31
0.0
39
0.0
210
0.0
220
0.0
230
1.0
0
LINE
5
B1D
330
17
100
AcDbEntity
67
0
8
0
62
256
6
ByLayer
370
-1
48
1.0
60
0
100
AcDbLine
10
14.2690000534058
20
73.0169982910156
30
0.0
11
13.1780004501343
21
72.3870010375977
31
0.0
39
0.0
210
0.0
220
0.0
230
1.0
0
LINE
5
B1E
330
17
100
AcDbEntity
67
0
8
0
62
256
6
ByLayer
370
-1
48
1.0
60
0
100
AcDbLine
10
13.1780004501343
20
72.3870010375977
30
0.0
11
15.3409996032715
21
72.3990020751953
31
0.0
39
0.0
210
0.0
220
0.0
230
1.0
0
LINE
5
B1F
330
17
100
AcDbEntity
67
0
8
0
62
256
6
ByLayer
370
-1
48
1.0
60
0
100
AcDbLine
10
18.8400001525879
20
72.4169998168945
30
0.0
11
17.7999992370605
21
73.0169982910156
31
0.0
39
0.0
210
0.0
220
0.0
230
1.0
0
LINE
5
B20
330
17
100
AcDbEntity
67
0
8
0
62
256
6
ByLayer
370
-1
48
1.0
60
0
100
AcDbLine
10
17.7999992370605
20
73.0169982910156
30
0.0
11
16.742000579834
21
72.4059982299805
31
0.0
39
0.0
210
0.0
220
0.0
230
1.0
0
LINE
5
B21
330
17
100
AcDbEntity
67
0
8
0
62
256
6
ByLayer
370
-1
48
1.0
60
0
100
AcDbLine
10
16.742000579834
20
72.4059982299805
30
0.0
11
18.8400001525879
21
72.4169998168945
31
0.0
39
0.0
210
0.0
220
0.0
230
1.0
0
LINE
5
B22
330
17
100
AcDbEntity
67
0
8
0
62
256
6
ByLayer
370
-1
48
1.0
60
0
100
AcDbLine
10
22.3400001525879
20
72.4349975585938
30
0.0
11
21.3309993743896
21
73.0169982910156
31
0.0
39
0.0
210
0.0
220
0.0
230
1.0
0
LINE
5
B23
330
17
100
AcDbEntity
67
0
8
0
62
256
6
ByLayer
370
-1
48
1.0
60
0
100
AcDbLine
10
21.3309993743896
20
73.0169982910156
30
0.0
11
20.3050003051758
21
72.4250030517578
31
0.0
39
0.0
210
0.0
220
0.0
230
1.0
0
LINE
5
B24
330
17
100
AcDbEntity
67
0
8
0
62
256
6
ByLayer
370
-1
48
1.0
60
0
100
AcDbLine
10
20.3050003051758
20
72.4250030517578
30
0.0
11
22.3400001525879
21
72.4349975585938
31
0.0
39
0.0
210
0.0
220
0.0
230
1.0
0
LINE
5
B25
330
17
100
AcDbEntity
67
0
8
0
62
256
6
ByLayer
370
-1
48
1.0
60
0
100
AcDbLine
10
25.8390007019043
20
72.4540023803711
30
0.0
11
24.863000869751
21
73.0169982910156
31
0.0
39
0.0
210
0.0
220
0.0
230
1.0
0
LINE
5
B26
330
17
100
AcDbEntity
67
0
8
0
62
256
6
ByLayer
370
-1
48
1.0
60
0
100
AcDbLine
10
24.863000869751
20
73.0169982910156
30
0.0
11
23.8680000305176
21
72.443000793457
31
0.0
39
0.0
210
0.0
220
0.0
230
1.0
0
LINE
5
B27
330
17
100
AcDbEntity
67
0
8
0
62
256
6
ByLayer
370
-1
48
1.0
60
0
100
AcDbLine
10
23.8680000305176
20
72.443000793457
30
0.0
11
25.8390007019043
21
72.4540023803711
31
0.0
39
0.0
210
0.0
220
0.0
230
1.0
0
LINE
5
B28
330
17
100
AcDbEntity
67
0
8
0
62
256
6
ByLayer
370
-1
48
1.0
60
0
100
AcDbLine
10
29.3379993438721
20
72.4720001220703
30
0.0
11
28.3939990997314
21
73.0169982910156
31
0.0
39
0.0
210
0.0
220
0.0
230
1.0
0
LINE
5
B29
330
17
100
AcDbEntity
67
0
8
0
62
256
6
ByLayer
370
-1
48
1.0
60
0
100
AcDbLine
10
28.3939990997314
20
73.0169982910156
30
0.0
11
27.431999206543
21
72.4619979858398
31
0.0
39
0.0
210
0.0
220
0.0
230
1.0
0
LINE
5
B2A
330
17
100
AcDbEntity
67
0
8
0
62
256
6
ByLayer
370
-1
48
1.0
60
0
100
AcDbLine
10
27.431999206543
20
72.4619979858398
30
0.0
11
29.3379993438721
21
72.4720001220703
31
0.0
39
0.0
210
0.0
220
0.0
230
1.0
0
LINE
5
B2B
330
17
100
AcDbEntity
67
0
8
0
62
256
6
ByLayer
370
-1
48
1.0
60
0
100
AcDbLine
10
32.8380012512207
20
72.4899978637695
30
0.0
11
31.9249992370605
21
73.0169982910156
31
0.0
39
0.0
210
0.0
220
0.0
230
1.0
0
LINE
5
B2C
330
17
100
AcDbEntity
67
0
8
0
62
256
6
ByLayer
370
-1
48
1.0
60
0
100
AcDbLine
10
31.9249992370605
20
73.0169982910156
30
0.0
11
30.9950008392334
21
72.4810028076172
31
0.0
39
0.0
210
0.0
220
0.0
230
1.0
0
LINE
5
B2D
330
17
100
AcDbEntity
67
0
8
0
62
256
6
ByLayer
370
-1
48
1.0
60
0
100
AcDbLine
10
30.9950008392334
20
72.4810028076172
30
0.0
11
32.8380012512207
21
72.4899978637695
31
0.0
39
0.0
210
0.0
220
0.0
230
1.0
0
LINE
5
B2E
330
17
100
AcDbEntity
67
0
8
0
62
256
6
ByLayer
370
-1
48
1.0
60
0
100
AcDbLine
10
36.3370018005371
20
72.5090026855469
30
0.0
11
35.4560012817383
21
73.0169982910156
31
0.0
39
0.0
210
0.0
220
0.0
230
1.0
0
LINE
5
B2F
330
17
100
AcDbEntity
67
0
8
0
62
256
6
ByLayer
370
-1
48
1.0
60
0
100
AcDbLine
10
35.4560012817383
20
73.0169982910156
30
0.0
11
34.5589981079102
21
72.4990005493164
31
0.0
39
0.0
210
0.0
220
0.0
230
1.0
0
LINE
5
B30
330
17
100
AcDbEntity
67
0
8
0
62
256
6
ByLayer
370
-1
48
1.0
60
0
100
AcDbLine
10
34.5589981079102
20
72.4990005493164
30
0.0
11
36.3370018005371
21
72.5090026855469
31
0.0
39
0.0
210
0.0
220
0.0
230
1.0
0
LINE
5
B31
330
17
100
AcDbEntity
67
0
8
0
62
256
6
ByLayer
370
-1
48
1.0
60
0
100
AcDbLine
10
39.8359985351563
20
72.5270004272461
30
0.0
11
38.9869995117188
21
73.0169982910156
31
0.0
39
0.0
210
0.0
220
0.0
230
1.0
0
LINE
5
B32
330
17
100
AcDbEntity
67
0
8
0
62
256
6
ByLayer
370
-1
48
1.0
60
0
100
AcDbLine
10
38.9869995117188
20
73.0169982910156
30
0.0
11
38.1220016479492
21
72.5179977416992
31
0.0
39
0.0
210
0.0
220
0.0
230
1.0
0
LINE
5
B33
330
17
100
AcDbEntity
67
0
8
0
62
256
6
ByLayer
370
-1
48
1.0
60
0
100
AcDbLine
10
38.1220016479492
20
72.5179977416992
30
0.0
11
39.8359985351563
21
72.5270004272461
31
0.0
39
0.0
210
0.0
220
0.0
230
1.0
0
LINE
5
B34
330
17
100
AcDbEntity
67
0
8
0
62
256
6
ByLayer
370
-1
48
1.0
60
0
100
AcDbLine
10
43.3359985351563
20
72.5449981689453
30
0.0
11
42.5180015563965
21
73.0169982910156
31
0.0
39
0.0
210
0.0
220
0.0
230
1.0
0
LINE
5
B35
330
17
100
AcDbEntity
67
0
8
0
62
256
6
ByLayer
370
-1
48
1.0
60
0
100
AcDbLine
10
42.5180015563965
20
73.0169982910156
30
0.0
11
41.685001373291
21
72.5370025634766
31
0.0
39
0.0
210
0.0
220
0.0
230
1.0
0
LINE
5
B36
330
17
100
AcDbEntity
67
0
8
0
62
256
6
ByLayer
370
-1
48
1.0
60
0
100
AcDbLine
10
41.685001373291
20
72.5370025634766
30
0.0
11
43.3359985351563
21
72.5449981689453
31
0.0
39
0.0
210
0.0
220
0.0
230
1.0
0
LINE
5
B37
330
17
100
AcDbEntity
67
0
8
0
62
256
6
ByLayer
370
-1
48
1.0
60
0
100
AcDbLine
10
46.8349990844727
20
72.5640029907227
30
0.0
11
46.048999786377
21
73.0169982910156
31
0.0
39
0.0
210
0.0
220
0.0
230
1.0
0
LINE
5
B38
330
17
100
AcDbEntity
67
0
8
0
62
256
6
ByLayer
370
-1
48
1.0
60
0
100
AcDbLine
10
46.048999786377
20
73.0169982910156
30
0.0
11
45.2490005493164
21
72.5550003051758
31
0.0
39
0.0
210
0.0
220
0.0
230
1.0
0
LINE
5
B39
330
17
100
AcDbEntity
67
0
8
0
62
256
6
ByLayer
370
-1
48
1.0
60
0
100
AcDbLine
10
45.2490005493164
20
72.5550003051758
30
0.0
11
46.8349990844727
21
72.5640029907227
31
0.0
39
0.0
210
0.0
220
0.0
230
1.0
0
LINE
5
B3A
330
17
100
AcDbEntity
67
0
8
0
62
256
6
ByLayer
370
-1
48
1.0
60
0
100
AcDbLine
10
50.3339996337891
20
72.5820007324219
30
0.0
11
49.5800018310547
21
73.0169982910156
31
0.0
39
0.0
210
0.0
220
0.0
230
1.0
0
LINE
5
B3B
330
17
100
AcDbEntity
67
0
8
0
62
256
6
ByLayer
370
-1
48
1.0
60
0
100
AcDbLine
10
49.5800018310547
20
73.0169982910156
30
0.0
11
48.8120002746582
21
72.5739974975586
31
0.0
39
0.0
210
0.0
220
0.0
230
1.0
0
LINE
5
B3C
330
17
100
AcDbEntity
67
0
8
0
62
256
6
ByLayer
370
-1
48
1.0
60
0
100
AcDbLine
10
48.8120002746582
20
72.5739974975586
30
0.0
11
50.3339996337891
21
72.5820007324219
31
0.0
39
0.0
210
0.0
220
0.0
230
1.0
0
LINE
5
B3D
330
17
100
AcDbEntity
67
0
8
0
62
256
6
ByLayer
370
-1
48
1.0
60
0
100
AcDbLine
10
53.8339996337891
20
72.5999984741211
30
0.0
11
53.1110000610352
21
73.0169982910156
31
0.0
39
0.0
210
0.0
220
0.0
230
1.0
0
LINE
5
B3E
330
17
100
AcDbEntity
67
0
8
0
62
256
6
ByLayer
370
-1
48
1.0
60
0
100
AcDbLine
10
53.1110000610352
20
73.0169982910156
30
0.0
11
52.3759994506836
21
72.5930023193359
31
0.0
39
0.0
210
0.0
220
0.0
230
1.0
0
LINE
5
B3F
330
17
100
AcDbEntity
67
0
8
0
62
256
6
ByLayer
370
-1
48
1.0
60
0
100
AcDbLine
10
52.3759994506836
20
72.5930023193359
30
0.0
11
53.8339996337891
21
72.5999984741211
31
0.0
39
0.0
210
0.0
220
0.0
230
1.0
0
LINE
5
B40
330
17
100
AcDbEntity
67
0
8
0
62
256
6
ByLayer
370
-1
48
1.0
60
0
100
AcDbLine
10
61.3230018615723
20
72.3529968261719
30
0.0
11
60.1730003356934
21
73.0169982910156
31
0.0
39
0.0
210
0.0
220
0.0
230
1.0
0
LINE
5
B41
330
17
100
AcDbEntity
67
0
8
0
62
256
6
ByLayer
370
-1
48
1.0
60
0
100
AcDbLine
10
60.1730003356934
20
73.0169982910156
30
0.0
11
59.0229988098145
21
72.3529968261719
31
0.0
39
0.0
210
0.0
220
0.0
230
1.0
0
LINE
5
B42
330
17
100
AcDbEntity
67
0
8
0
62
256
6
ByLayer
370
-1
48
1.0
60
0
100
AcDbLine
10
59.0229988098145
20
72.3529968261719
30
0.0
11
61.3230018615723
21
72.3529968261719
31
0.0
39
0.0
210
0.0
220
0.0
230
1.0
0
LINE
5
B43
330
17
100
AcDbEntity
67
0
8
0
62
256
6
ByLayer
370
-1
48
1.0
60
0
100
AcDbLine
10
64.8539962768555
20
72.3529968261719
30
0.0
11
63.7050018310547
21
73.0169982910156
31
0.0
39
0.0
210
0.0
220
0.0
230
1.0
0
LINE
5
B44
330
17
100
AcDbEntity
67
0
8
0
62
256
6
ByLayer
370
-1
48
1.0
60
0
100
AcDbLine
10
63.7050018310547
20
73.0169982910156
30
0.0
11
62.5550003051758
21
72.3529968261719
31
0.0
39
0.0
210
0.0
220
0.0
230
1.0
0
LINE
5
B45
330
17
100
AcDbEntity
67
0
8
0
62
256
6
ByLayer
370
-1
48
1.0
60
0
100
AcDbLine
10
62.5550003051758
20
72.3529968261719
30
0.0
11
64.8539962768555
21
72.3529968261719
31
0.0
39
0.0
210
0.0
220
0.0
230
1.0
0
LINE
5
B46
330
17
100
AcDbEntity
67
0
8
0
62
256
6
ByLayer
370
-1
48
1.0
60
0
100
AcDbLine
10
68.3860015869141
20
72.3529968261719
30
0.0
11
67.2360000610352
21
73.0169982910156
31
0.0
39
0.0
210
0.0
220
0.0
230
1.0
0
LINE
5
B47
330
17
100
AcDbEntity
67
0
8
0
62
256
6
ByLayer
370
-1
48
1.0
60
0
100
AcDbLine
10
67.2360000610352
20
73.0169982910156
30
0.0
11
66.0859985351563
21
72.3529968261719
31
0.0
39
0.0
210
0.0
220
0.0
230
1.0
0
LINE
5
B48
330
17
100
AcDbEntity
67
0
8
0
62
256
6
ByLayer
370
-1
48
1.0
60
0
100
AcDbLine
10
66.0859985351563
20
72.3529968261719
30
0.0
11
68.3860015869141
21
72.3529968261719
31
0.0
39
0.0
210
0.0
220
0.0
230
1.0
0
LINE
5
B49
330
17
100
AcDbEntity
67
0
8
0
62
256
6
ByLayer
370
-1
48
1.0
60
0
100
AcDbLine
10
71.9169998168945
20
72.3529968261719
30
0.0
11
70.7669982910156
21
73.0169982910156
31
0.0
39
0.0
210
0.0
220
0.0
230
1.0
0
LINE
5
B4A
330
17
100
AcDbEntity
67
0
8
0
62
256
6
ByLayer
370
-1
48
1.0
60
0
100
AcDbLine
10
70.7669982910156
20
73.0169982910156
30
0.0
11
69.6169967651367
21
72.3529968261719
31
0.0
39
0.0
210
0.0
220
0.0
230
1.0
0
LINE
5
B4B
330
17
100
AcDbEntity
67
0
8
0
62
256
6
ByLayer
370
-1
48
1.0
60
0
100
AcDbLine
10
69.6169967651367
20
72.3529968261719
30
0.0
11
71.9169998168945
21
72.3529968261719
31
0.0
39
0.0
210
0.0
220
0.0
230
1.0
0
LINE
5
B4C
330
17
100
AcDbEntity
67
0
8
0
62
256
6
ByLayer
370
-1
48
1.0
60
0
100
AcDbLine
10
75.447998046875
20
72.3529968261719
30
0.0
11
74.2979965209961
21
73.0169982910156
31
0.0
39
0.0
210
0.0
220
0.0
230
1.0
0
LINE
5
B4D
330
17
100
AcDbEntity
67
0
8
0
62
256
6
ByLayer
370
-1
48
1.0
60
0
100
AcDbLine
10
74.2979965209961
20
73.0169982910156
30
0.0
11
73.1480026245117
21
72.3529968261719
31
0.0
39
0.0
210
0.0
220
0.0
230
1.0
0
LINE
5
B4E
330
17
100
AcDbEntity
67
0
8
0
62
256
6
ByLayer
370
-1
48
1.0
60
0
100
AcDbLine
10
73.1480026245117
20
72.3529968261719
30
0.0
11
75.447998046875
21
72.3529968261719
31
0.0
39
0.0
210
0.0
220
0.0
230
1.0
0
LINE
5
B4F
330
17
100
AcDbEntity
67
0
8
0
62
256
6
ByLayer
370
-1
48
1.0
60
0
100
AcDbLine
10
78.9789962768555
20
72.3529968261719
30
0.0
11
77.8290023803711
21
73.0169982910156
31
0.0
39
0.0
210
0.0
220
0.0
230
1.0
0
LINE
5
B50
330
17
100
AcDbEntity
67
0
8
0
62
256
6
ByLayer
370
-1
48
1.0
60
0
100
AcDbLine
10
77.8290023803711
20
73.0169982910156
30
0.0
11
76.6790008544922
21
72.3529968261719
31
0.0
39
0.0
210
0.0
220
0.0
230
1.0
0
LINE
5
B51
330
17
100
AcDbEntity
67
0
8
0
62
256
6
ByLayer
370
-1
48
1.0
60
0
100
AcDbLine
10
76.6790008544922
20
72.3529968261719
30
0.0
11
78.9789962768555
21
72.3529968261719
31
0.0
39
0.0
210
0.0
220
0.0
230
1.0
0
LINE
5
B52
330
17
100
AcDbEntity
67
0
8
0
62
256
6
ByLayer
370
-1
48
1.0
60
0
100
AcDbLine
10
81.2170028686523
20
72.3529968261719
30
0.0
11
81.338996887207
21
73.004997253418
31
0.0
39
0.0
210
0.0
220
0.0
230
1.0
0
LINE
5
B53
330
17
100
AcDbEntity
67
0
8
0
62
256
6
ByLayer
370
-1
48
1.0
60
0
100
AcDbLine
10
81.338996887207
20
73.004997253418
30
0.0
11
80.2099990844727
21
72.3529968261719
31
0.0
39
0.0
210
0.0
220
0.0
230
1.0
0
LINE
5
B54
330
17
100
AcDbEntity
67
0
8
0
62
256
6
ByLayer
370
-1
48
1.0
60
0
100
AcDbLine
10
80.2099990844727
20
72.3529968261719
30
0.0
11
81.2170028686523
21
72.3529968261719
31
0.0
39
0.0
210
0.0
220
0.0
230
1.0
0
LINE
5
B55
330
17
100
AcDbEntity
67
0
8
0
62
256
6
ByLayer
370
-1
48
1.0
60
0
100
AcDbLine
10
95.4940032958984
20
73.0120010375977
30
0.0
11
95.0920028686523
21
72.3099975585938
31
0.0
39
0.0
210
0.0
220
0.0
230
1.0
0
LINE
5
B56
330
17
100
AcDbEntity
67
0
8
0
62
256
6
ByLayer
370
-1
48
1.0
60
0
100
AcDbLine
10
95.0920028686523
20
72.3099975585938
30
0.0
11
96.7229995727539
21
72.302001953125
31
0.0
39
0.0
210
0.0
220
0.0
230
1.0
0
LINE
5
B57
330
17
100
AcDbEntity
67
0
8
0
62
256
6
ByLayer
370
-1
48
1.0
60
0
100
AcDbLine
10
96.7229995727539
20
72.302001953125
30
0.0
11
95.4940032958984
21
73.0120010375977
31
0.0
39
0.0
210
0.0
220
0.0
230
1.0
0
LINE
5
B58
330
17
100
AcDbEntity
67
0
8
0
62
256
6
ByLayer
370
-1
48
1.0
60
0
100
AcDbLine
10
100.286003112793
20
72.2839965820313
30
0.0
11
99.0149993896484
21
73.0169982910156
31
0.0
39
0.0
210
0.0
220
0.0
230
1.0
0
LINE
5
B59
330
17
100
AcDbEntity
67
0
8
0
62
256
6
ByLayer
370
-1
48
1.0
60
0
100
AcDbLine
10
99.0149993896484
20
73.0169982910156
30
0.0
11
97.7669982910156
21
72.2969970703125
31
0.0
39
0.0
210
0.0
220
0.0
230
1.0
0
LINE
5
B5A
330
17
100
AcDbEntity
67
0
8
0
62
256
6
ByLayer
370
-1
48
1.0
60
0
100
AcDbLine
10
97.7669982910156
20
72.2969970703125
30
0.0
11
100.286003112793
21
72.2839965820313
31
0.0
39
0.0
210
0.0
220
0.0
230
1.0
0
LINE
5
B5B
330
17
100
AcDbEntity
67
0
8
0
62
256
6
ByLayer
370
-1
48
1.0
60
0
100
AcDbLine
10
103.848999023438
20
72.2649993896484
30
0.0
11
102.545997619629
21
73.0169982910156
31
0.0
39
0.0
210
0.0
220
0.0
230
1.0
0
LINE
5
B5C
330
17
100
AcDbEntity
67
0
8
0
62
256
6
ByLayer
370
-1
48
1.0
60
0
100
AcDbLine
10
102.545997619629
20
73.0169982910156
30
0.0
11
101.266998291016
21
72.2779998779297
31
0.0
39
0.0
210
0.0
220
0.0
230
1.0
0
LINE
5
B5D
330
17
100
AcDbEntity
67
0
8
0
62
256
6
ByLayer
370
-1
48
1.0
60
0
100
AcDbLine
10
101.266998291016
20
72.2779998779297
30
0.0
11
103.848999023438
21
72.2649993896484
31
0.0
39
0.0
210
0.0
220
0.0
230
1.0
0
LINE
5
B5E
330
17
100
AcDbEntity
67
0
8
0
62
256
6
ByLayer
370
-1
48
1.0
60
0
100
AcDbLine
10
107.41300201416
20
72.2470016479492
30
0.0
11
106.078002929688
21
73.0169982910156
31
0.0
39
0.0
210
0.0
220
0.0
230
1.0
0
LINE
5
B5F
330
17
100
AcDbEntity
67
0
8
0
62
256
6
ByLayer
370
-1
48
1.0
60
0
100
AcDbLine
10
106.078002929688
20
73.0169982910156
30
0.0
11
104.765998840332
21
72.2600021362305
31
0.0
39
0.0
210
0.0
220
0.0
230
1.0
0
LINE
5
B60
330
17
100
AcDbEntity
67
0
8
0
62
256
6
ByLayer
370
-1
48
1.0
60
0
100
AcDbLine
10
104.765998840332
20
72.2600021362305
30
0.0
11
107.41300201416
21
72.2470016479492
31
0.0
39
0.0
210
0.0
220
0.0
230
1.0
0
LINE
5
B61
330
17
100
AcDbEntity
67
0
8
0
62
256
6
ByLayer
370
-1
48
1.0
60
0
100
AcDbLine
10
110.975997924805
20
72.2279968261719
30
0.0
11
109.609001159668
21
73.0169982910156
31
0.0
39
0.0
210
0.0
220
0.0
230
1.0
0
LINE
5
B62
330
17
100
AcDbEntity
67
0
8
0
62
256
6
ByLayer
370
-1
48
1.0
60
0
100
AcDbLine
10
109.609001159668
20
73.0169982910156
30
0.0
11
108.265998840332
21
72.2419967651367
31
0.0
39
0.0
210
0.0
220
0.0
230
1.0
0
LINE
5
B63
330
17
100
AcDbEntity
67
0
8
0
62
256
6
ByLayer
370
-1
48
1.0
60
0
100
AcDbLine
10
108.265998840332
20
72.2419967651367
30
0.0
11
110.975997924805
21
72.2279968261719
31
0.0
39
0.0
210
0.0
220
0.0
230
1.0
0
LINE
5
B64
330
17
100
AcDbEntity
67
0
8
0
62
256
6
ByLayer
370
-1
48
1.0
60
0
100
AcDbLine
10
114.539001464844
20
72.2099990844727
30
0.0
11
113.139999389648
21
73.0169982910156
31
0.0
39
0.0
210
0.0
220
0.0
230
1.0
0
LINE
5
B65
330
17
100
AcDbEntity
67
0
8
0
62
256
6
ByLayer
370
-1
48
1.0
60
0
100
AcDbLine
10
113.139999389648
20
73.0169982910156
30
0.0
11
111.765998840332
21
72.2239990234375
31
0.0
39
0.0
210
0.0
220
0.0
230
1.0
0
LINE
5
B66
330
17
100
AcDbEntity
67
0
8
0
62
256
6
ByLayer
370
-1
48
1.0
60
0
100
AcDbLine
10
111.765998840332
20
72.2239990234375
30
0.0
11
114.539001464844
21
72.2099990844727
31
0.0
39
0.0
210
0.0
220
0.0
230
1.0
0
LINE
5
B67
330
17
100
AcDbEntity
67
0
8
0
62
256
6
ByLayer
370
-1
48
1.0
60
0
100
AcDbLine
10
118.101997375488
20
72.1910018920898
30
0.0
11
116.670997619629
21
73.0169982910156
31
0.0
39
0.0
210
0.0
220
0.0
230
1.0
0
LINE
5
B68
330
17
100
AcDbEntity
67
0
8
0
62
256
6
ByLayer
370
-1
48
1.0
60
0
100
AcDbLine
10
116.670997619629
20
73.0169982910156
30
0.0
11
115.264999389648
21
72.2060012817383
31
0.0
39
0.0
210
0.0
220
0.0
230
1.0
0
LINE
5
B69
330
17
100
AcDbEntity
67
0
8
0
62
256
6
ByLayer
370
-1
48
1.0
60
0
100
AcDbLine
10
115.264999389648
20
72.2060012817383
30
0.0
11
118.101997375488
21
72.1910018920898
31
0.0
39
0.0
210
0.0
220
0.0
230
1.0
0
LINE
5
B6A
330
17
100
AcDbEntity
67
0
8
0
62
256
6
ByLayer
370
-1
48
1.0
60
0
100
AcDbLine
10
121.665000915527
20
72.1729965209961
30
0.0
11
120.202003479004
21
73.0169982910156
31
0.0
39
0.0
210
0.0
220
0.0
230
1.0
0
LINE
5
B6B
330
17
100
AcDbEntity
67
0
8
0
62
256
6
ByLayer
370
-1
48
1.0
60
0
100
AcDbLine
10
120.202003479004
20
73.0169982910156
30
0.0
11
118.764999389648
21
72.1880035400391
31
0.0
39
0.0
210
0.0
220
0.0
230
1.0
0
LINE
5
B6C
330
17
100
AcDbEntity
67
0
8
0
62
256
6
ByLayer
370
-1
48
1.0
60
0
100
AcDbLine
10
118.764999389648
20
72.1880035400391
30
0.0
11
121.665000915527
21
72.1729965209961
31
0.0
39
0.0
210
0.0
220
0.0
230
1.0
0
LINE
5
B6D
330
17
100
AcDbEntity
67
0
8
0
62
256
6
ByLayer
370
-1
48
1.0
60
0
100
AcDbLine
10
123.40599822998
20
72.1640014648438
30
0.0
11
123.582000732422
21
72.1809997558594
31
0.0
39
0.0
210
0.0
220
0.0
230
1.0
0
LINE
5
B6E
330
17
100
AcDbEntity
67
0
8
0
62
256
6
ByLayer
370
-1
48
1.0
60
0
100
AcDbLine
10
123.582000732422
20
72.1809997558594
30
0.0
11
123.917999267578
21
72.2649993896484
31
0.0
39
0.0
210
0.0
220
0.0
230
1.0
0
LINE
5
B6F
330
17
100
AcDbEntity
67
0
8
0
62
256
6
ByLayer
370
-1
48
1.0
60
0
100
AcDbLine
10
123.917999267578
20
72.2649993896484
30
0.0
11
124.224998474121
21
72.411003112793
31
0.0
39
0.0
210
0.0
220
0.0
230
1.0
0
LINE
5
B70
330
17
100
AcDbEntity
67
0
8
0
62
256
6
ByLayer
370
-1
48
1.0
60
0
100
AcDbLine
10
124.224998474121
20
72.411003112793
30
0.0
11
124.470001220703
21
72.5920028686523
31
0.0
39
0.0
210
0.0
220
0.0
230
1.0
0
LINE
5
B71
330
17
100
AcDbEntity
67
0
8
0
62
256
6
ByLayer
370
-1
48
1.0
60
0
100
AcDbLine
10
124.470001220703
20
72.5920028686523
30
0.0
11
123.733001708984
21
73.0169982910156
31
0.0
39
0.0
210
0.0
220
0.0
230
1.0
0
LINE
5
B72
330
17
100
AcDbEntity
67
0
8
0
62
256
6
ByLayer
370
-1
48
1.0
60
0
100
AcDbLine
10
123.733001708984
20
73.0169982910156
30
0.0
11
122.264999389648
21
72.1699981689453
31
0.0
39
0.0
210
0.0
220
0.0
230
1.0
0
LINE
5
B73
330
17
100
AcDbEntity
67
0
8
0
62
256
6
ByLayer
370
-1
48
1.0
60
0
100
AcDbLine
10
122.264999389648
20
72.1699981689453
30
0.0
11
123.40599822998
21
72.1640014648438
31
0.0
39
0.0
210
0.0
220
0.0
230
1.0
0
LINE
5
B74
330
17
100
AcDbEntity
67
0
8
0
62
256
6
ByLayer
370
-1
48
1.0
60
0
100
AcDbLine
10
143.897003173828
20
72.3079986572266
30
0.0
11
144.20100402832
21
72.1600036621094
31
0.0
39
0.0
210
0.0
220
0.0
230
1.0
0
LINE
5
B75
330
17
100
AcDbEntity
67
0
8
0
62
256
6
ByLayer
370
-1
48
1.0
60
0
100
AcDbLine
10
144.20100402832
20
72.1600036621094
30
0.0
11
144.365005493164
21
72.109001159668
31
0.0
39
0.0
210
0.0
220
0.0
230
1.0
0
LINE
5
B76
330
17
100
AcDbEntity
67
0
8
0
62
256
6
ByLayer
370
-1
48
1.0
60
0
100
AcDbLine
10
144.365005493164
20
72.109001159668
30
0.0
11
144.710998535156
21
72.0540008544922
31
0.0
39
0.0
210
0.0
220
0.0
230
1.0
0
LINE
5
B77
330
17
100
AcDbEntity
67
0
8
0
62
256
6
ByLayer
370
-1
48
1.0
60
0
100
AcDbLine
10
144.710998535156
20
72.0540008544922
30
0.0
11
146.434997558594
21
72.0449981689453
31
0.0
39
0.0
210
0.0
220
0.0
230
1.0
0
LINE
5
B78
330
17
100
AcDbEntity
67
0
8
0
62
256
6
ByLayer
370
-1
48
1.0
60
0
100
AcDbLine
10
146.434997558594
20
72.0449981689453
30
0.0
11
146.434997558594
21
72.1419982910156
31
0.0
39
0.0
210
0.0
220
0.0
230
1.0
0
LINE
5
B79
330
17
100
AcDbEntity
67
0
8
0
62
256
6
ByLayer
370
-1
48
1.0
60
0
100
AcDbLine
10
146.434997558594
20
72.1419982910156
30
0.0
11
144.919998168945
21
73.0169982910156
31
0.0
39
0.0
210
0.0
220
0.0
230
1.0
0
LINE
5
B7A
330
17
100
AcDbEntity
67
0
8
0
62
256
6
ByLayer
370
-1
48
1.0
60
0
100
AcDbLine
10
144.919998168945
20
73.0169982910156
30
0.0
11
143.802993774414
21
72.3720016479492
31
0.0
39
0.0
210
0.0
220
0.0
230
1.0
0
LINE
5
B7B
330
17
100
AcDbEntity
67
0
8
0
62
256
6
ByLayer
370
-1
48
1.0
60
0
100
AcDbLine
10
143.802993774414
20
72.3720016479492
30
0.0
11
143.897003173828
21
72.3079986572266
31
0.0
39
0.0
210
0.0
220
0.0
230
1.0
0
LINE
5
B7C
330
17
100
AcDbEntity
67
0
8
0
62
256
6
ByLayer
370
-1
48
1.0
60
0
100
AcDbLine
10
149.966003417969
20
72.0260009765625
30
0.0
11
149.966003417969
21
72.1419982910156
31
0.0
39
0.0
210
0.0
220
0.0
230
1.0
0
LINE
5
B7D
330
17
100
AcDbEntity
67
0
8
0
62
256
6
ByLayer
370
-1
48
1.0
60
0
100
AcDbLine
10
149.966003417969
20
72.1419982910156
30
0.0
11
148.45100402832
21
73.0169982910156
31
0.0
39
0.0
210
0.0
220
0.0
230
1.0
0
LINE
5
B7E
330
17
100
AcDbEntity
67
0
8
0
62
256
6
ByLayer
370
-1
48
1.0
60
0
100
AcDbLine
10
148.45100402832
20
73.0169982910156
30
0.0
11
146.934997558594
21
72.1419982910156
31
0.0
39
0.0
210
0.0
220
0.0
230
1.0
0
LINE
5
B7F
330
17
100
AcDbEntity
67
0
8
0
62
256
6
ByLayer
370
-1
48
1.0
60
0
100
AcDbLine
10
146.934997558594
20
72.1419982910156
30
0.0
11
146.934997558594
21
72.0419998168945
31
0.0
39
0.0
210
0.0
220
0.0
230
1.0
0
LINE
5
B80
330
17
100
AcDbEntity
67
0
8
0
62
256
6
ByLayer
370
-1
48
1.0
60
0
100
AcDbLine
10
146.934997558594
20
72.0419998168945
30
0.0
11
149.966003417969
21
72.0260009765625
31
0.0
39
0.0
210
0.0
220
0.0
230
1.0
0
LINE
5
B81
330
17
100
AcDbEntity
67
0
8
0
62
256
6
ByLayer
370
-1
48
1.0
60
0
100
AcDbLine
10
153.496994018555
20
72.0070037841797
30
0.0
11
153.496994018555
21
72.1419982910156
31
0.0
39
0.0
210
0.0
220
0.0
230
1.0
0
LINE
5
B82
330
17
100
AcDbEntity
67
0
8
0
62
256
6
ByLayer
370
-1
48
1.0
60
0
100
AcDbLine
10
153.496994018555
20
72.1419982910156
30
0.0
11
151.981994628906
21
73.0169982910156
31
0.0
39
0.0
210
0.0
220
0.0
230
1.0
0
LINE
5
B83
330
17
100
AcDbEntity
67
0
8
0
62
256
6
ByLayer
370
-1
48
1.0
60
0
100
AcDbLine
10
151.981994628906
20
73.0169982910156
30
0.0
11
150.466003417969
21
72.1419982910156
31
0.0
39
0.0
210
0.0
220
0.0
230
1.0
0
LINE
5
B84
330
17
100
AcDbEntity
67
0
8
0
62
256
6
ByLayer
370
-1
48
1.0
60
0
100
AcDbLine
10
150.466003417969
20
72.1419982910156
30
0.0
11
150.466003417969
21
72.0230026245117
31
0.0
39
0.0
210
0.0
220
0.0
230
1.0
0
LINE
5
B85
330
17
100
AcDbEntity
67
0
8
0
62
256
6
ByLayer
370
-1
48
1.0
60
0
100
AcDbLine
10
150.466003417969
20
72.0230026245117
30
0.0
11
153.496994018555
21
72.0070037841797
31
0.0
39
0.0
210
0.0
220
0.0
230
1.0
0
LINE
5
B86
330
17
100
AcDbEntity
67
0
8
0
62
256
6
ByLayer
370
-1
48
1.0
60
0
100
AcDbLine
10
157.02799987793
20
71.9879989624023
30
0.0
11
157.02799987793
21
72.1419982910156
31
0.0
39
0.0
210
0.0
220
0.0
230
1.0
0
LINE
5
B87
330
17
100
AcDbEntity
67
0
8
0
62
256
6
ByLayer
370
-1
48
1.0
60
0
100
AcDbLine
10
157.02799987793
20
72.1419982910156
30
0.0
11
155.513000488281
21
73.0169982910156
31
0.0
39
0.0
210
0.0
220
0.0
230
1.0
0
LINE
5
B88
330
17
100
AcDbEntity
67
0
8
0
62
256
6
ByLayer
370
-1
48
1.0
60
0
100
AcDbLine
10
155.513000488281
20
73.0169982910156
30
0.0
11
153.996994018555
21
72.1419982910156
31
0.0
39
0.0
210
0.0
220
0.0
230
1.0
0
LINE
5
B89
330
17
100
AcDbEntity
67
0
8
0
62
256
6
ByLayer
370
-1
48
1.0
60
0
100
AcDbLine
10
153.996994018555
20
72.1419982910156
30
0.0
11
153.996994018555
21
72.0039978027344
31
0.0
39
0.0
210
0.0
220
0.0
230
1.0
0
LINE
5
B8A
330
17
100
AcDbEntity
67
0
8
0
62
256
6
ByLayer
370
-1
48
1.0
60
0
100
AcDbLine
10
153.996994018555
20
72.0039978027344
30
0.0
11
157.02799987793
21
71.9879989624023
31
0.0
39
0.0
210
0.0
220
0.0
230
1.0
0
LINE
5
B8B
330
17
100
AcDbEntity
67
0
8
0
62
256
6
ByLayer
370
-1
48
1.0
60
0
100
AcDbLine
10
160.559005737305
20
71.9690017700195
30
0.0
11
160.559005737305
21
72.1419982910156
31
0.0
39
0.0
210
0.0
220
0.0
230
1.0
0
LINE
5
B8C
330
17
100
AcDbEntity
67
0
8
0
62
256
6
ByLayer
370
-1
48
1.0
60
0
100
AcDbLine
10
160.559005737305
20
72.1419982910156
30
0.0
11
159.044006347656
21
73.0169982910156
31
0.0
39
0.0
210
0.0
220
0.0
230
1.0
0
LINE
5
B8D
330
17
100
AcDbEntity
67
0
8
0
62
256
6
ByLayer
370
-1
48
1.0
60
0
100
AcDbLine
10
159.044006347656
20
73.0169982910156
30
0.0
11
157.52799987793
21
72.1419982910156
31
0.0
39
0.0
210
0.0
220
0.0
230
1.0
0
LINE
5
B8E
330
17
100
AcDbEntity
67
0
8
0
62
256
6
ByLayer
370
-1
48
1.0
60
0
100
AcDbLine
10
157.52799987793
20
72.1419982910156
30
0.0
11
157.52799987793
21
71.9860000610352
31
0.0
39
0.0
210
0.0
220
0.0
230
1.0
0
LINE
5
B8F
330
17
100
AcDbEntity
67
0
8
0
62
256
6
ByLayer
370
-1
48
1.0
60
0
100
AcDbLine
10
157.52799987793
20
71.9860000610352
30
0.0
11
160.559005737305
21
71.9690017700195
31
0.0
39
0.0
210
0.0
220
0.0
230
1.0
0
LINE
5
B90
330
17
100
AcDbEntity
67
0
8
0
62
256
6
ByLayer
370
-1
48
1.0
60
0
100
AcDbLine
10
164.091003417969
20
71.9499969482422
30
0.0
11
164.091003417969
21
72.1419982910156
31
0.0
39
0.0
210
0.0
220
0.0
230
1.0
0
LINE
5
B91
330
17
100
AcDbEntity
67
0
8
0
62
256
6
ByLayer
370
-1
48
1.0
60
0
100
AcDbLine
10
164.091003417969
20
72.1419982910156
30
0.0
11
162.574996948242
21
73.0169982910156
31
0.0
39
0.0
210
0.0
220
0.0
230
1.0
0
LINE
5
B92
330
17
100
AcDbEntity
67
0
8
0
62
256
6
ByLayer
370
-1
48
1.0
60
0
100
AcDbLine
10
162.574996948242
20
73.0169982910156
30
0.0
11
161.059005737305
21
72.1419982910156
31
0.0
39
0.0
210
0.0
220
0.0
230
1.0
0
LINE
5
B93
330
17
100
AcDbEntity
67
0
8
0
62
256
6
ByLayer
370
-1
48
1.0
60
0
100
AcDbLine
10
161.059005737305
20
72.1419982910156
30
0.0
11
161.059005737305
21
71.9670028686523
31
0.0
39
0.0
210
0.0
220
0.0
230
1.0
0
LINE
5
B94
330
17
100
AcDbEntity
67
0
8
0
62
256
6
ByLayer
370
-1
48
1.0
60
0
100
AcDbLine
10
161.059005737305
20
71.9670028686523
30
0.0
11
164.091003417969
21
71.9499969482422
31
0.0
39
0.0
210
0.0
220
0.0
230
1.0
0
LINE
5
B95
330
17
100
AcDbEntity
67
0
8
0
62
256
6
ByLayer
370
-1
48
1.0
60
0
100
AcDbLine
10
167.621994018555
20
71.931999206543
30
0.0
11
167.621994018555
21
72.1419982910156
31
0.0
39
0.0
210
0.0
220
0.0
230
1.0
0
LINE
5
B96
330
17
100
AcDbEntity
67
0
8
0
62
256
6
ByLayer
370
-1
48
1.0
60
0
100
AcDbLine
10
167.621994018555
20
72.1419982910156
30
0.0
11
166.106002807617
21
73.0169982910156
31
0.0
39
0.0
210
0.0
220
0.0
230
1.0
0
LINE
5
B97
330
17
100
AcDbEntity
67
0
8
0
62
256
6
ByLayer
370
-1
48
1.0
60
0
100
AcDbLine
10
166.106002807617
20
73.0169982910156
30
0.0
11
164.591003417969
21
72.1419982910156
31
0.0
39
0.0
210
0.0
220
0.0
230
1.0
0
LINE
5
B98
330
17
100
AcDbEntity
67
0
8
0
62
256
6
ByLayer
370
-1
48
1.0
60
0
100
AcDbLine
10
164.591003417969
20
72.1419982910156
30
0.0
11
164.591003417969
21
71.947998046875
31
0.0
39
0.0
210
0.0
220
0.0
230
1.0
0
LINE
5
B99
330
17
100
AcDbEntity
67
0
8
0
62
256
6
ByLayer
370
-1
48
1.0
60
0
100
AcDbLine
10
164.591003417969
20
71.947998046875
30
0.0
11
167.621994018555
21
71.931999206543
31
0.0
39
0.0
210
0.0
220
0.0
230
1.0
0
LINE
5
B9A
330
17
100
AcDbEntity
67
0
8
0
62
256
6
ByLayer
370
-1
48
1.0
60
0
100
AcDbLine
10
171.15299987793
20
71.9130020141602
30
0.0
11
171.15299987793
21
72.1419982910156
31
0.0
39
0.0
210
0.0
220
0.0
230
1.0
0
LINE
5
B9B
330
17
100
AcDbEntity
67
0
8
0
62
256
6
ByLayer
370
-1
48
1.0
60
0
100
AcDbLine
10
171.15299987793
20
72.1419982910156
30
0.0
11
169.636993408203
21
73.0169982910156
31
0.0
39
0.0
210
0.0
220
0.0
230
1.0
0
LINE
5
B9C
330
17
100
AcDbEntity
67
0
8
0
62
256
6
ByLayer
370
-1
48
1.0
60
0
100
AcDbLine
10
169.636993408203
20
73.0169982910156
30
0.0
11
168.121994018555
21
72.1419982910156
31
0.0
39
0.0
210
0.0
220
0.0
230
1.0
0
LINE
5
B9D
330
17
100
AcDbEntity
67
0
8
0
62
256
6
ByLayer
370
-1
48
1.0
60
0
100
AcDbLine
10
168.121994018555
20
72.1419982910156
30
0.0
11
168.121994018555
21
71.9290008544922
31
0.0
39
0.0
210
0.0
220
0.0
230
1.0
0
LINE
5
B9E
330
17
100
AcDbEntity
67
0
8
0
62
256
6
ByLayer
370
-1
48
1.0
60
0
100
AcDbLine
10
168.121994018555
20
71.9290008544922
30
0.0
11
171.15299987793
21
71.9130020141602
31
0.0
39
0.0
210
0.0
220
0.0
230
1.0
0
LINE
5
B9F
330
17
100
AcDbEntity
67
0
8
0
62
256
6
ByLayer
370
-1
48
1.0
60
0
100
AcDbLine
10
174.684005737305
20
71.8939971923828
30
0.0
11
174.684005737305
21
72.1419982910156
31
0.0
39
0.0
210
0.0
220
0.0
230
1.0
0
LINE
5
BA0
330
17
100
AcDbEntity
67
0
8
0
62
256
6
ByLayer
370
-1
48
1.0
60
0
100
AcDbLine
10
174.684005737305
20
72.1419982910156
30
0.0
11
173.167999267578
21
73.0169982910156
31
0.0
39
0.0
210
0.0
220
0.0
230
1.0
0
LINE
5
BA1
330
17
100
AcDbEntity
67
0
8
0
62
256
6
ByLayer
370
-1
48
1.0
60
0
100
AcDbLine
10
173.167999267578
20
73.0169982910156
30
0.0
11
171.65299987793
21
72.1419982910156
31
0.0
39
0.0
210
0.0
220
0.0
230
1.0
0
LINE
5
BA2
330
17
100
AcDbEntity
67
0
8
0
62
256
6
ByLayer
370
-1
48
1.0
60
0
100
AcDbLine
10
171.65299987793
20
72.1419982910156
30
0.0
11
171.65299987793
21
71.9100036621094
31
0.0
39
0.0
210
0.0
220
0.0
230
1.0
0
LINE
5
BA3
330
17
100
AcDbEntity
67
0
8
0
62
256
6
ByLayer
370
-1
48
1.0
60
0
100
AcDbLine
10
171.65299987793
20
71.9100036621094
30
0.0
11
174.684005737305
21
71.8939971923828
31
0.0
39
0.0
210
0.0
220
0.0
230
1.0
0
LINE
5
BA4
330
17
100
AcDbEntity
67
0
8
0
62
256
6
ByLayer
370
-1
48
1.0
60
0
100
AcDbLine
10
178.214996337891
20
71.875
30
0.0
11
178.214996337891
21
72.1419982910156
31
0.0
39
0.0
210
0.0
220
0.0
230
1.0
0
LINE
5
BA5
330
17
100
AcDbEntity
67
0
8
0
62
256
6
ByLayer
370
-1
48
1.0
60
0
100
AcDbLine
10
178.214996337891
20
72.1419982910156
30
0.0
11
176.699005126953
21
73.0169982910156
31
0.0
39
0.0
210
0.0
220
0.0
230
1.0
0
LINE
5
BA6
330
17
100
AcDbEntity
67
0
8
0
62
256
6
ByLayer
370
-1
48
1.0
60
0
100
AcDbLine
10
176.699005126953
20
73.0169982910156
30
0.0
11
175.184005737305
21
72.1419982910156
31
0.0
39
0.0
210
0.0
220
0.0
230
1.0
0
LINE
5
BA7
330
17
100
AcDbEntity
67
0
8
0
62
256
6
ByLayer
370
-1
48
1.0
60
0
100
AcDbLine
10
175.184005737305
20
72.1419982910156
30
0.0
11
175.184005737305
21
71.890998840332
31
0.0
39
0.0
210
0.0
220
0.0
230
1.0
0
LINE
5
BA8
330
17
100
AcDbEntity
67
0
8
0
62
256
6
ByLayer
370
-1
48
1.0
60
0
100
AcDbLine
10
175.184005737305
20
71.890998840332
30
0.0
11
178.214996337891
21
71.875
31
0.0
39
0.0
210
0.0
220
0.0
230
1.0
0
LINE
5
BA9
330
17
100
AcDbEntity
67
0
8
0
62
256
6
ByLayer
370
-1
48
1.0
60
0
100
AcDbLine
10
181.746002197266
20
71.8560028076172
30
0.0
11
181.746002197266
21
72.1419982910156
31
0.0
39
0.0
210
0.0
220
0.0
230
1.0
0
LINE
5
BAA
330
17
100
AcDbEntity
67
0
8
0
62
256
6
ByLayer
370
-1
48
1.0
60
0
100
AcDbLine
10
181.746002197266
20
72.1419982910156
30
0.0
11
180.229995727539
21
73.0169982910156
31
0.0
39
0.0
210
0.0
220
0.0
230
1.0
0
LINE
5
BAB
330
17
100
AcDbEntity
67
0
8
0
62
256
6
ByLayer
370
-1
48
1.0
60
0
100
AcDbLine
10
180.229995727539
20
73.0169982910156
30
0.0
11
178.714996337891
21
72.1419982910156
31
0.0
39
0.0
210
0.0
220
0.0
230
1.0
0
LINE
5
BAC
330
17
100
AcDbEntity
67
0
8
0
62
256
6
ByLayer
370
-1
48
1.0
60
0
100
AcDbLine
10
178.714996337891
20
72.1419982910156
30
0.0
11
178.714996337891
21
71.8720016479492
31
0.0
39
0.0
210
0.0
220
0.0
230
1.0
0
LINE
5
BAD
330
17
100
AcDbEntity
67
0
8
0
62
256
6
ByLayer
370
-1
48
1.0
60
0
100
AcDbLine
10
178.714996337891
20
71.8720016479492
30
0.0
11
181.746002197266
21
71.8560028076172
31
0.0
39
0.0
210
0.0
220
0.0
230
1.0
0
LINE
5
BAE
330
17
100
AcDbEntity
67
0
8
0
62
256
6
ByLayer
370
-1
48
1.0
60
0
100
AcDbLine
10
183.457000732422
20
71.8470001220703
30
0.0
11
183.600997924805
21
71.8939971923828
31
0.0
39
0.0
210
0.0
220
0.0
230
1.0
0
LINE
5
BAF
330
17
100
AcDbEntity
67
0
8
0
62
256
6
ByLayer
370
-1
48
1.0
60
0
100
AcDbLine
10
183.600997924805
20
71.8939971923828
30
0.0
11
183.697998046875
21
71.9919967651367
31
0.0
39
0.0
210
0.0
220
0.0
230
1.0
0
LINE
5
BB0
330
17
100
AcDbEntity
67
0
8
0
62
256
6
ByLayer
370
-1
48
1.0
60
0
100
AcDbLine
10
183.697998046875
20
71.9919967651367
30
0.0
11
183.748001098633
21
72.1470031738281
31
0.0
39
0.0
210
0.0
220
0.0
230
1.0
0
LINE
5
BB1
330
17
100
AcDbEntity
67
0
8
0
62
256
6
ByLayer
370
-1
48
1.0
60
0
100
AcDbLine
10
183.748001098633
20
72.1470031738281
30
0.0
11
183.744995117188
21
72.2289962768555
31
0.0
39
0.0
210
0.0
220
0.0
230
1.0
0
LINE
5
BB2
330
17
100
AcDbEntity
67
0
8
0
62
256
6
ByLayer
370
-1
48
1.0
60
0
100
AcDbLine
10
183.744995117188
20
72.2289962768555
30
0.0
11
183.720993041992
21
72.3079986572266
31
0.0
39
0.0
210
0.0
220
0.0
230
1.0
0
LINE
5
BB3
330
17
100
AcDbEntity
67
0
8
0
62
256
6
ByLayer
370
-1
48
1.0
60
0
100
AcDbLine
10
183.720993041992
20
72.3079986572266
30
0.0
11
183.656997680664
21
72.4000015258789
31
0.0
39
0.0
210
0.0
220
0.0
230
1.0
0
LINE
5
BB4
330
17
100
AcDbEntity
67
0
8
0
62
256
6
ByLayer
370
-1
48
1.0
60
0
100
AcDbLine
10
183.656997680664
20
72.4000015258789
30
0.0
11
183.582992553711
21
72.4530029296875
31
0.0
39
0.0
210
0.0
220
0.0
230
1.0
0
LINE
5
BB5
330
17
100
AcDbEntity
67
0
8
0
62
256
6
ByLayer
370
-1
48
1.0
60
0
100
AcDbLine
10
183.582992553711
20
72.4530029296875
30
0.0
11
183.102005004883
21
72.6360015869141
31
0.0
39
0.0
210
0.0
220
0.0
230
1.0
0
LINE
5
BB6
330
17
100
AcDbEntity
67
0
8
0
62
256
6
ByLayer
370
-1
48
1.0
60
0
100
AcDbLine
10
183.102005004883
20
72.6360015869141
30
0.0
11
182.246002197266
21
72.1419982910156
31
0.0
39
0.0
210
0.0
220
0.0
230
1.0
0
LINE
5
BB7
330
17
100
AcDbEntity
67
0
8
0
62
256
6
ByLayer
370
-1
48
1.0
60
0
100
AcDbLine
10
182.246002197266
20
72.1419982910156
30
0.0
11
182.246002197266
21
71.8529968261719
31
0.0
39
0.0
210
0.0
220
0.0
230
1.0
0
LINE
5
BB8
330
17
100
AcDbEntity
67
0
8
0
62
256
6
ByLayer
370
-1
48
1.0
60
0
100
AcDbLine
10
182.246002197266
20
71.8529968261719
30
0.0
11
183.457000732422
21
71.8470001220703
31
0.0
39
0.0
210
0.0
220
0.0
230
1.0
0
VIEWPORT
5
BBD
330
BB9
100
AcDbEntity
67
1
8
0
62
256
6
ByLayer
370
-1
48
1.0
60
0
100
AcDbViewport
10
0.0
20
0.0
30
0.0
40
297.0
41
210.0
68
1
69
1
12
50.0
22
100.0
13
0.0
23
0.0
14
10.0
24
10.0
15
10.0
25
10.0
16
0.0
26
0.0
36
1.0
17
0.0
27
0.0
37
0.0
42
50.0
43
0.0
44
0.0
45
250.0
50
0.0
51
0.0
72
1000
90
819232
110
0.0
120
0.0
130
0.0
111
1.0
121
0.0
131
0.0
112
0.0
122
1.0
132
0.0
0
ENDSEC
0
SECTION
2
OBJECTS
0
DICTIONARY
5
BC0
330
0
100
AcDbDictionary
280
0
281
1
3
ACAD_GROUP
350
BC1
3
ACAD_LAYOUT
350
BC2
3
ACAD_MLINESTYLE
350
BC3
0
DICTIONARY
5
BC1
330
BC0
100
AcDbDictionary
280
0
281
1
0
DICTIONARY
5
BC2
330
BC0
100
AcDbDictionary
280
0
281
1
3
Model
350
1B
3
Layout1
350
BBE
0
DICTIONARY
5
BC3
330
BC0
100
AcDbDictionary
280
0
281
1
3
Standard
350
16
0
LAYOUT
5
1B
330
BC2
100
AcDbPlotSettings
1

2
none_device
4
ISO_A4_(210.00_x_297.00_MM)
6

40
7.5
41
20.0
42
7.5
43
20.0
44
210.0
45
297.0
46
0.0
47
0.0
48
0.0
49
0.0
140
0.0
141
0.0
142
1.0
143
1.0
70
11952
72
1
73
1
74
5
7

75
16
147
1.0
148
0.0
149
0.0
100
AcDbLayout
1
Model
70
1
71
0
10
-20.0
20
-7.5
11
277.0
21
202.5
12
0.0
22
0.0
32
0.0
14
25.7
24
19.5
34
0.0
15
231.3
25
175.5
35
0.0
146
0.0
13
0.0
23
0.0
33
0.0
16
1.0
26
0.0
36
0.0
17
0.0
27
1.0
37
0.0
76
0
330
17
0
LAYOUT
5
BBE
330
BC2
100
AcDbPlotSettings
1

2
none_device
4
ISO_A4_(210.00_x_297.00_MM)
6

40
7.5
41
20.0
42
7.5
43
20.0
44
210.0
45
297.0
46
0.0
47
0.0
48
0.0
49
0.0
140
0.0
141
0.0
142
1.0
143
1.0
70
688
72
1
73
1
74
5
7

75
16
147
1.0
148
0.0
149
0.0
100
AcDbLayout
1
Layout1
70
1
71
1
10
-20.0
20
-7.5
11
277.0
21
202.5
12
0.0
22
0.0
32
0.0
14
25.7
24
19.5
34
0.0
15
231.3
25
175.5
35
0.0
146
0.0
13
0.0
23
0.0
33
0.0
16
1.0
26
0.0
36
0.0
17
0.0
27
1.0
37
0.0
76
0
330
BB9
0
MLINESTYLE
5
16
330
BC3
100
AcDbMlineStyle
2
Standard
70
0
3

62
256
51
90.0
52
90.0
71
2
49
0.5
62
256
6
ByLayer
49
-0.5
62
256
6
ByLayer
0
ENDSEC
0
EOF
