999
Dxf file generated by netDxf http://netdxf.codeplex.com, Copyright(C) 2015 Daniel Carvajal, Licensed under LGPL
0
SECTION
2
HEADER
9
$ACADVER
1
AC1015
9
$DWGCODEPAGE
3
ANSI_1252
9
$HANDSEED
5
118
9
$ANGBASE
50
0.0
9
$ANGDIR
70
0
9
$ATTMODE
70
1
9
$AUNITS
70
0
9
$AUPREC
70
0
9
$CECOLOR
62
256
9
$CELTSCALE
40
1.0
9
$CELTYPE
6
ByLayer
9
$CELWEIGHT
370
-1
9
$CLAYER
8
0
9
$CMLJUST
70
0
9
$CMLSCALE
40
20.0
9
$CMLSTYLE
2
Standard
9
$DIMSTYLE
2
Standard
9
$TEXTSIZE
40
2.5
9
$TEXTSTYLE
7
Standard
9
$LUNITS
70
2
9
$LUPREC
70
4
9
$EXTNAMES
290
1
9
$INSBASE
10
0.0
20
0.0
30
0.0
9
$INSUNITS
70
0
9
$LTSCALE
40
1.0
9
$LWDISPLAY
290
0
9
$PDMODE
70
0
9
$PDSIZE
40
0.0
9
$PLINEGEN
70
0
9
$TDCREATE
40
2461141.69355571
9
$TDUCREATE
40
2461141.98522237
9
$TDUPDATE
40
2461141.69355571
9
$TDUUPDATE
40
2461141.98522237
9
$TDINDWG
40
0.0
0
ENDSEC
0
SECTION
2
CLASSES
0
CLASS
1
RASTERVARIABLES
2
AcDbRasterVariables
3
ISM
90
0
280
0
281
0
0
ENDSEC
0
SECTION
2
TABLES
0
TABLE
2
APPID
5
3
330
0
100
AcDbSymbolTable
70
2
0
APPID
5
14
330
3
100
AcDbSymbolTableRecord
100
AcDbRegAppTableRecord
2
ACAD
70
0
0
APPID
5
112
330
3
100
AcDbSymbolTableRecord
100
AcDbRegAppTableRecord
2
AcCmTransparency
70
0
0
ENDTAB
0
TABLE
2
VPORT
5
1
330
0
100
AcDbSymbolTable
70
1
0
VPORT
5
E
330
1
100
AcDbSymbolTableRecord
100
AcDbViewportTableRecord
2
*Active
70
0
10
0.0
20
0.0
11
1.0
21
1.0
12
-1.0
22
1.0
13
0.0
23
0.0
14
0.5
24
0.5
15
10.0
25
10.0
16
0.0
26
0.0
36
1.0
17
0.0
27
0.0
37
0.0
0
ENDTAB
0
TABLE
2
LTYPE
5
5
330
0
100
AcDbSymbolTable
70
3
0
LTYPE
5
10
330
5
100
AcDbSymbolTableRecord
100
AcDbLinetypeTableRecord
70
0
2
Continuous
3
Solid line
72
65
73
0
40
0.0
0
LTYPE
5
11
330
5
100
AcDbSymbolTableRecord
100
AcDbLinetypeTableRecord
70
0
2
ByLayer
3

72
65
73
0
40
0.0
0
LTYPE
5
12
330
5
100
AcDbSymbolTableRecord
100
AcDbLinetypeTableRecord
70
0
2
ByBlock
3

72
65
73
0
40
0.0
0
ENDTAB
0
TABLE
2
LAYER
5
4
330
0
100
AcDbSymbolTable
70
3
0
LAYER
5
F
330
4
100
AcDbSymbolTableRecord
100
AcDbLayerTableRecord
2
0
70
0
62
7
6
Continuous
290
1
370
-3
390
0
0
LAYER
5
1D
330
4
100
AcDbSymbolTableRecord
100
AcDbLayerTableRecord
2
Group_757_Red
70
0
62
1
6
Continuous
290
1
370
-3
390
0
0
LAYER
5
1E
330
4
100
AcDbSymbolTableRecord
100
AcDbLayerTableRecord
2
Add_Red
70
0
62
1
6
Continuous
290
1
370
-3
390
0
0
ENDTAB
0
TABLE
2
STYLE
5
6
330
0
100
AcDbSymbolTable
70
1
0
STYLE
5
13
330
6
100
AcDbSymbolTableRecord
100
AcDbTextStyleTableRecord
2
Standard
3
simplex.shx
70
0
71
0
40
0.0
41
1.0
42
0.0
50
0.0
0
ENDTAB
0
TABLE
2
DIMSTYLE
5
7
330
0
100
AcDbSymbolTable
70
1
100
AcDbDimStyleTable
0
DIMSTYLE
105
15
330
7
100
AcDbSymbolTableRecord
100
AcDbDimStyleTableRecord
2
Standard
70
0
3
<>
40
1.0
41
0.18
42
0.0625
43
0.38
44
0.18
46
0.0
73
0
74
0
75
0
76
0
77
1
140
0.18
141
0.09
147
0.09
173
0
176
0
177
0
178
0
179
0
271
2
275
0
278
46
280
0
340
13
345
12
346
12
347
12
371
-2
372
-2
0
ENDTAB
0
TABLE
2
VIEW
5
2
330
0
100
AcDbSymbolTable
70
0
0
ENDTAB
0
TABLE
2
UCS
5
9
330
0
100
AcDbSymbolTable
70
0
0
ENDTAB
0
TABLE
2
BLOCK_RECORD
5
A
330
0
100
AcDbSymbolTable
70
2
0
BLOCK_RECORD
5
17
330
A
100
AcDbSymbolTableRecord
100
AcDbBlockTableRecord
2
*Model_Space
340
1B
0
BLOCK_RECORD
5
10C
330
A
100
AcDbSymbolTableRecord
100
AcDbBlockTableRecord
2
*Paper_Space
340
111
0
ENDTAB
0
ENDSEC
0
SECTION
2
BLOCKS
0
BLOCK
5
19
330
17
100
AcDbEntity
8
0
100
AcDbBlockBegin
2
*Model_Space
70
0
10
0.0
20
0.0
30
0.0
3
*Model_Space
0
ENDBLK
5
18
330
17
100
AcDbEntity
8
0
100
AcDbBlockEnd
0
BLOCK
5
10E
330
10C
100
AcDbEntity
8
0
100
AcDbBlockBegin
2
*Paper_Space
70
0
10
0.0
20
0.0
30
0.0
3
*Paper_Space
0
ENDBLK
5
10D
330
10C
100
AcDbEntity
8
0
100
AcDbBlockEnd
0
ENDSEC
0
SECTION
2
ENTITIES
0
LWPOLYLINE
5
1F
330
17
100
AcDbEntity
67
0
8
Group_757_Red
62
256
6
ByLayer
370
-1
48
1.0
60
0
100
AcDbPolyline
90
38
70
0
38
0.0
39
0.0
10
-49.6716344007378
20
43.0846199483112
40
0.0
41
0.0
42
0.0
10
-45.6990282124298
20
40.9394102938849
40
0.0
41
0.0
42
0.0
10
-43.0771082313986
20
38.7942006394587
40
0.0
41
0.0
42
0.0
10
-40.8524487753327
20
35.0599466401259
40
0.0
41
0.0
42
0.0
10
-37.6736913254719
20
21.6711439286409
40
0.0
41
0.0
42
0.0
10
-41.0677475519973
20
11.8071571662042
40
0.0
41
0.0
42
0.0
10
-46.9012818893352
20
0.458268514662726
40
0.0
41
0.0
42
0.0
10
-53.2651374020691
20
-10.1481696616543
40
0.0
41
0.0
42
0.0
10
-58.6744147990903
20
-20.5424791307643
40
0.0
41
0.0
42
0.0
10
-61.6442140852988
20
-28.9215649427521
40
0.0
41
0.0
42
0.0
10
-64.2958206662698
20
-36.240007218705
40
0.0
41
0.0
42
0.0
10
-64.8084645669291
20
-38.0749017159961
40
0.0
41
0.0
42
0.0
10
-62.882206984138
20
-39.4618087582931
40
0.0
41
0.0
42
0.0
10
-58.0665630271602
20
-40.5405142617089
40
0.0
41
0.0
42
0.0
10
-50.4385831119459
20
-41.5036441293784
40
0.0
41
0.0
42
0.0
10
-27.8085626244026
20
-44.0
40
0.0
41
0.0
42
0.0
10
-27.7978024827919
20
-41.7307603541434
40
0.0
41
0.0
42
0.0
10
-27.5872111331618
20
-38.0454075073264
40
0.0
41
0.0
42
0.0
10
-26.165719497492
20
-33.8335757494396
40
0.0
41
0.0
42
0.0
10
-8.89953472127705
20
7.86603656421947
40
0.0
41
0.0
42
0.0
10
-16.9532452648066
20
10.4231957432181
40
0.0
41
0.0
42
0.0
10
-14.1483730884579
20
18.5009923797477
40
0.0
41
0.0
42
0.0
10
-5.8121377179888
20
15.6554317113603
40
0.0
41
0.0
42
0.0
10
-0.725669091833338
20
25.6147402353642
40
0.0
41
0.0
42
0.0
10
2.06658786742407
20
30.0025774696881
40
0.0
41
0.0
42
0.0
10
5.45718562042691
20
32.4624254953155
40
0.0
41
0.0
42
0.0
10
8.91426570991964
20
33.1272493098091
40
0.0
41
0.0
42
0.0
10
12.5043102377285
20
33.1937316912585
40
0.0
41
0.0
42
0.0
10
20.0521306693485
20
33.3140278332754
40
0.0
41
0.0
42
0.0
10
23.6736897009389
20
43.6893050589127
40
0.0
41
0.0
42
0.0
10
-3.59017290122432
20
43.9675495993082
40
0.0
41
0.0
42
0.0
10
-8.41515741187902
20
31.3286380877726
40
0.0
41
0.0
42
0.0
10
-32.0041226371535
20
31.3545990950848
40
0.0
41
0.0
42
0.0
10
-33.9061059034438
20
32.345216442602
40
0.0
41
0.0
42
0.0
10
-34.8174728705415
20
34.2868264859753
40
0.0
41
0.0
42
0.0
10
-31.1592913925361
20
43.8791409089452
40
0.0
41
0.0
42
0.0
10
-53.2469815554782
20
43.9585931159239
40
0.0
41
0.0
42
0.0
10
-49.6716361267992
20
43.0846187731581
40
0.0
41
0.0
42
0.0
210
0.0
220
0.0
230
1.0
0
LWPOLYLINE
5
20
330
17
100
AcDbEntity
67
0
8
Group_757_Red
62
256
6
ByLayer
370
-1
48
1.0
60
0
100
AcDbPolyline
90
10
70
0
38
0.0
39
0.0
10
29.6125529133696
20
35.2022930901644
40
0.0
41
0.0
42
0.0
10
33.0532365812336
20
43.956446996712
40
0.0
41
0.0
42
0.0
10
64.8084645669291
20
44.0
40
0.0
41
0.0
42
0.0
10
62.4566049515271
20
37.4234961625191
40
0.0
41
0.0
42
0.0
10
51.0457298954732
20
37.2928371489885
40
0.0
41
0.0
42
0.0
10
47.3872816048478
20
36.4217770392294
40
0.0
41
0.0
42
0.0
10
44.0772568045062
20
34.5489978061807
40
0.0
41
0.0
42
0.0
10
42.2044796642421
20
32.8068775866626
40
0.0
41
0.0
42
0.0
10
28.0497683902192
20
32.1535825190098
40
0.0
41
0.0
42
0.0
10
29.6125509187282
20
35.2022929911655
40
0.0
41
0.0
42
0.0
210
0.0
220
0.0
230
1.0
0
LWPOLYLINE
5
21
330
17
100
AcDbEntity
67
0
8
Add_Red
62
256
6
ByLayer
370
-1
48
1.0
60
0
100
AcDbPolyline
90
8
70
0
38
0.0
39
0.0
10
0.615861
20
41.526281
40
0.0
41
0.0
42
0.0
10
0.615861
20
43.526282
40
0.0
41
0.0
42
0.0
10
-0.068867
20
43.92161
40
0.0
41
0.0
42
0.0
10
-2.127129
20
43.942616
40
0.0
41
0.0
42
0.0
10
-2.84824
20
43.526282
40
0.0
41
0.0
42
0.0
10
-2.84824
20
41.526281
40
0.0
41
0.0
42
0.0
10
-1.116189
20
40.526281
40
0.0
41
0.0
42
0.0
10
0.615861
20
41.526281
40
0.0
41
0.0
42
0.0
210
0.0
220
0.0
230
1.0
0
LWPOLYLINE
5
22
330
17
100
AcDbEntity
67
0
8
Add_Red
62
256
6
ByLayer
370
-1
48
1.0
60
0
100
AcDbPolyline
90
7
70
0
38
0.0
39
0.0
10
-48.48925
20
43.526282
40
0.0
41
0.0
42
0.0
10
-49.195469
20
43.934018
40
0.0
41
0.0
42
0.0
10
-51.23443
20
43.941352
40
0.0
41
0.0
42
0.0
10
-51.799561
20
43.615073
40
0.0
41
0.0
42
0.0
10
-49.668012
20
43.09403
40
0.0
41
0.0
42
0.0
10
-48.48925
20
42.457498
40
0.0
41
0.0
42
0.0
10
-48.48925
20
43.526282
40
0.0
41
0.0
42
0.0
210
0.0
220
0.0
230
1.0
0
LWPOLYLINE
5
23
330
17
100
AcDbEntity
67
0
8
Add_Red
62
256
6
ByLayer
370
-1
48
1.0
60
0
100
AcDbPolyline
90
9
70
0
38
0.0
39
0.0
10
-44.025149
20
41.526281
40
0.0
41
0.0
42
0.0
10
-44.025149
20
43.526282
40
0.0
41
0.0
42
0.0
10
-44.703381
20
43.91786
40
0.0
41
0.0
42
0.0
10
-46.797968
20
43.925394
40
0.0
41
0.0
42
0.0
10
-47.48925
20
43.526282
40
0.0
41
0.0
42
0.0
10
-47.48925
20
41.917497
40
0.0
41
0.0
42
0.0
10
-45.693435
20
40.947756
40
0.0
41
0.0
42
0.0
10
-45.417798
20
40.722234
40
0.0
41
0.0
42
0.0
10
-44.025149
20
41.526281
40
0.0
41
0.0
42
0.0
210
0.0
220
0.0
230
1.0
0
LWPOLYLINE
5
24
330
17
100
AcDbEntity
67
0
8
Add_Red
62
256
6
ByLayer
370
-1
48
1.0
60
0
100
AcDbPolyline
90
8
70
0
38
0.0
39
0.0
10
-39.561048
20
41.526281
40
0.0
41
0.0
42
0.0
10
-39.561048
20
43.526282
40
0.0
41
0.0
42
0.0
10
-40.211294
20
43.901702
40
0.0
41
0.0
42
0.0
10
-42.361507
20
43.909436
40
0.0
41
0.0
42
0.0
10
-43.02515
20
43.526282
40
0.0
41
0.0
42
0.0
10
-43.02515
20
41.526281
40
0.0
41
0.0
42
0.0
10
-41.293099
20
40.526281
40
0.0
41
0.0
42
0.0
10
-39.561048
20
41.526281
40
0.0
41
0.0
42
0.0
210
0.0
220
0.0
230
1.0
0
LWPOLYLINE
5
25
330
17
100
AcDbEntity
67
0
8
Add_Red
62
256
6
ByLayer
370
-1
48
1.0
60
0
100
AcDbPolyline
90
8
70
0
38
0.0
39
0.0
10
5.079961
20
41.526281
40
0.0
41
0.0
42
0.0
10
5.079961
20
43.526282
40
0.0
41
0.0
42
0.0
10
4.475563
20
43.875232
40
0.0
41
0.0
42
0.0
10
2.259432
20
43.897848
40
0.0
41
0.0
42
0.0
10
1.61586
20
43.526282
40
0.0
41
0.0
42
0.0
10
1.61586
20
41.526281
40
0.0
41
0.0
42
0.0
10
3.34791
20
40.526281
40
0.0
41
0.0
42
0.0
10
5.079961
20
41.526281
40
0.0
41
0.0
42
0.0
210
0.0
220
0.0
230
1.0
0
LWPOLYLINE
5
26
330
17
100
AcDbEntity
67
0
8
Add_Red
62
256
6
ByLayer
370
-1
48
1.0
60
0
100
AcDbPolyline
90
8
70
0
38
0.0
39
0.0
10
-35.096947
20
41.526281
40
0.0
41
0.0
42
0.0
10
-35.096947
20
43.526282
40
0.0
41
0.0
42
0.0
10
-35.719207
20
43.885544
40
0.0
41
0.0
42
0.0
10
-37.925046
20
43.893478
40
0.0
41
0.0
42
0.0
10
-38.561048
20
43.526282
40
0.0
41
0.0
42
0.0
10
-38.561048
20
41.526281
40
0.0
41
0.0
42
0.0
10
-36.828998
20
40.526281
40
0.0
41
0.0
42
0.0
10
-35.096947
20
41.526281
40
0.0
41
0.0
42
0.0
210
0.0
220
0.0
230
1.0
0
LWPOLYLINE
5
27
330
17
100
AcDbEntity
67
0
8
Add_Red
62
256
6
ByLayer
370
-1
48
1.0
60
0
100
AcDbPolyline
90
7
70
0
38
0.0
39
0.0
10
-31.183351
20
43.844116
40
0.0
41
0.0
42
0.0
10
-31.227119
20
43.869386
40
0.0
41
0.0
42
0.0
10
-33.488585
20
43.87752
40
0.0
41
0.0
42
0.0
10
-34.096947
20
43.526282
40
0.0
41
0.0
42
0.0
10
-34.096947
20
41.526281
40
0.0
41
0.0
42
0.0
10
-32.433545
20
40.565915
40
0.0
41
0.0
42
0.0
10
-31.183351
20
43.844116
40
0.0
41
0.0
42
0.0
210
0.0
220
0.0
230
1.0
0
LWPOLYLINE
5
28
330
17
100
AcDbEntity
67
0
8
Add_Red
62
256
6
ByLayer
370
-1
48
1.0
60
0
100
AcDbPolyline
90
8
70
0
38
0.0
39
0.0
10
9.544062
20
41.526281
40
0.0
41
0.0
42
0.0
10
9.544062
20
43.526282
40
0.0
41
0.0
42
0.0
10
9.019993
20
43.828853
40
0.0
41
0.0
42
0.0
10
6.645993
20
43.853081
40
0.0
41
0.0
42
0.0
10
6.079961
20
43.526282
40
0.0
41
0.0
42
0.0
10
6.079961
20
41.526281
40
0.0
41
0.0
42
0.0
10
7.812011
20
40.526281
40
0.0
41
0.0
42
0.0
10
9.544062
20
41.526281
40
0.0
41
0.0
42
0.0
210
0.0
220
0.0
230
1.0
0
LWPOLYLINE
5
29
330
17
100
AcDbEntity
67
0
8
Add_Red
62
256
6
ByLayer
370
-1
48
1.0
60
0
100
AcDbPolyline
90
8
70
0
38
0.0
39
0.0
10
14.008163
20
41.526281
40
0.0
41
0.0
42
0.0
10
14.008163
20
43.526282
40
0.0
41
0.0
42
0.0
10
13.564425
20
43.782475
40
0.0
41
0.0
42
0.0
10
11.032555
20
43.808314
40
0.0
41
0.0
42
0.0
10
10.544062
20
43.526282
40
0.0
41
0.0
42
0.0
10
10.544062
20
41.526281
40
0.0
41
0.0
42
0.0
10
12.276113
20
40.526281
40
0.0
41
0.0
42
0.0
10
14.008163
20
41.526281
40
0.0
41
0.0
42
0.0
210
0.0
220
0.0
230
1.0
0
LWPOLYLINE
5
2A
330
17
100
AcDbEntity
67
0
8
Add_Red
62
256
6
ByLayer
370
-1
48
1.0
60
0
100
AcDbPolyline
90
8
70
0
38
0.0
39
0.0
10
18.472264
20
41.526281
40
0.0
41
0.0
42
0.0
10
18.472264
20
43.526282
40
0.0
41
0.0
42
0.0
10
18.108855
20
43.736096
40
0.0
41
0.0
42
0.0
10
15.419116
20
43.763546
40
0.0
41
0.0
42
0.0
10
15.008162
20
43.526282
40
0.0
41
0.0
42
0.0
10
15.008162
20
41.526281
40
0.0
41
0.0
42
0.0
10
16.740213
20
40.526281
40
0.0
41
0.0
42
0.0
10
18.472264
20
41.526281
40
0.0
41
0.0
42
0.0
210
0.0
220
0.0
230
1.0
0
LWPOLYLINE
5
2B
330
17
100
AcDbEntity
67
0
8
Add_Red
62
256
6
ByLayer
370
-1
48
1.0
60
0
100
AcDbPolyline
90
9
70
0
38
0.0
39
0.0
10
22.90094
20
41.505828
40
0.0
41
0.0
42
0.0
10
22.936366
20
41.607319
40
0.0
41
0.0
42
0.0
10
22.936366
20
43.526282
40
0.0
41
0.0
42
0.0
10
22.653287
20
43.689718
40
0.0
41
0.0
42
0.0
10
19.805679
20
43.718779
40
0.0
41
0.0
42
0.0
10
19.472264
20
43.526282
40
0.0
41
0.0
42
0.0
10
19.472264
20
41.526281
40
0.0
41
0.0
42
0.0
10
21.204315
20
40.526281
40
0.0
41
0.0
42
0.0
10
22.90094
20
41.505828
40
0.0
41
0.0
42
0.0
210
0.0
220
0.0
230
1.0
0
LWPOLYLINE
5
2C
330
17
100
AcDbEntity
67
0
8
Add_Red
62
256
6
ByLayer
370
-1
48
1.0
60
0
100
AcDbPolyline
90
4
70
0
38
0.0
39
0.0
10
-3.84824
20
41.526281
40
0.0
41
0.0
42
0.0
10
-3.84824
20
43.263508
40
0.0
41
0.0
42
0.0
10
-4.698937
20
41.035131
40
0.0
41
0.0
42
0.0
10
-3.84824
20
41.526281
40
0.0
41
0.0
42
0.0
210
0.0
220
0.0
230
1.0
0
LWPOLYLINE
5
2D
330
17
100
AcDbEntity
67
0
8
Add_Red
62
256
6
ByLayer
370
-1
48
1.0
60
0
100
AcDbPolyline
90
7
70
0
38
0.0
39
0.0
10
20.704321
20
37.660256
40
0.0
41
0.0
42
0.0
10
20.704321
20
39.660256
40
0.0
41
0.0
42
0.0
10
18.97227
20
40.660256
40
0.0
41
0.0
42
0.0
10
17.240219
20
39.660256
40
0.0
41
0.0
42
0.0
10
17.240219
20
37.660256
40
0.0
41
0.0
42
0.0
10
18.97227
20
36.660256
40
0.0
41
0.0
42
0.0
10
20.704321
20
37.660256
40
0.0
41
0.0
42
0.0
210
0.0
220
0.0
230
1.0
0
LWPOLYLINE
5
2E
330
17
100
AcDbEntity
67
0
8
Add_Red
62
256
6
ByLayer
370
-1
48
1.0
60
0
100
AcDbPolyline
90
7
70
0
38
0.0
39
0.0
10
16.240219
20
37.660256
40
0.0
41
0.0
42
0.0
10
16.240219
20
39.660256
40
0.0
41
0.0
42
0.0
10
14.508168
20
40.660256
40
0.0
41
0.0
42
0.0
10
12.776119
20
39.660256
40
0.0
41
0.0
42
0.0
10
12.776119
20
37.660256
40
0.0
41
0.0
42
0.0
10
14.508168
20
36.660256
40
0.0
41
0.0
42
0.0
10
16.240219
20
37.660256
40
0.0
41
0.0
42
0.0
210
0.0
220
0.0
230
1.0
0
LWPOLYLINE
5
2F
330
17
100
AcDbEntity
67
0
8
Add_Red
62
256
6
ByLayer
370
-1
48
1.0
60
0
100
AcDbPolyline
90
7
70
0
38
0.0
39
0.0
10
11.776119
20
37.660256
40
0.0
41
0.0
42
0.0
10
11.776119
20
39.660256
40
0.0
41
0.0
42
0.0
10
10.044068
20
40.660256
40
0.0
41
0.0
42
0.0
10
8.312017
20
39.660256
40
0.0
41
0.0
42
0.0
10
8.312017
20
37.660256
40
0.0
41
0.0
42
0.0
10
10.044068
20
36.660256
40
0.0
41
0.0
42
0.0
10
11.776119
20
37.660256
40
0.0
41
0.0
42
0.0
210
0.0
220
0.0
230
1.0
0
LWPOLYLINE
5
30
330
17
100
AcDbEntity
67
0
8
Add_Red
62
256
6
ByLayer
370
-1
48
1.0
60
0
100
AcDbPolyline
90
7
70
0
38
0.0
39
0.0
10
7.312017
20
37.660256
40
0.0
41
0.0
42
0.0
10
7.312017
20
39.660256
40
0.0
41
0.0
42
0.0
10
5.579966
20
40.660256
40
0.0
41
0.0
42
0.0
10
3.847916
20
39.660256
40
0.0
41
0.0
42
0.0
10
3.847916
20
37.660256
40
0.0
41
0.0
42
0.0
10
5.579966
20
36.660256
40
0.0
41
0.0
42
0.0
10
7.312017
20
37.660256
40
0.0
41
0.0
42
0.0
210
0.0
220
0.0
230
1.0
0
LWPOLYLINE
5
31
330
17
100
AcDbEntity
67
0
8
Add_Red
62
256
6
ByLayer
370
-1
48
1.0
60
0
100
AcDbPolyline
90
7
70
0
38
0.0
39
0.0
10
2.847916
20
37.660256
40
0.0
41
0.0
42
0.0
10
2.847916
20
39.660256
40
0.0
41
0.0
42
0.0
10
1.115866
20
40.660256
40
0.0
41
0.0
42
0.0
10
-0.616184
20
39.660256
40
0.0
41
0.0
42
0.0
10
-0.616184
20
37.660256
40
0.0
41
0.0
42
0.0
10
1.115866
20
36.660256
40
0.0
41
0.0
42
0.0
10
2.847916
20
37.660256
40
0.0
41
0.0
42
0.0
210
0.0
220
0.0
230
1.0
0
LWPOLYLINE
5
32
330
17
100
AcDbEntity
67
0
8
Add_Red
62
256
6
ByLayer
370
-1
48
1.0
60
0
100
AcDbPolyline
90
7
70
0
38
0.0
39
0.0
10
-1.616183
20
37.660256
40
0.0
41
0.0
42
0.0
10
-1.616183
20
39.660256
40
0.0
41
0.0
42
0.0
10
-3.348234
20
40.660256
40
0.0
41
0.0
42
0.0
10
-5.080285
20
39.660256
40
0.0
41
0.0
42
0.0
10
-5.080285
20
37.660256
40
0.0
41
0.0
42
0.0
10
-3.348234
20
36.660256
40
0.0
41
0.0
42
0.0
10
-1.616183
20
37.660256
40
0.0
41
0.0
42
0.0
210
0.0
220
0.0
230
1.0
0
LWPOLYLINE
5
33
330
17
100
AcDbEntity
67
0
8
Add_Red
62
256
6
ByLayer
370
-1
48
1.0
60
0
100
AcDbPolyline
90
8
70
0
38
0.0
39
0.0
10
-33.732753
20
37.159196
40
0.0
41
0.0
42
0.0
10
-32.864891
20
39.434861
40
0.0
41
0.0
42
0.0
10
-32.864891
20
39.660256
40
0.0
41
0.0
42
0.0
10
-34.596941
20
40.660256
40
0.0
41
0.0
42
0.0
10
-36.328992
20
39.660256
40
0.0
41
0.0
42
0.0
10
-36.328992
20
37.660256
40
0.0
41
0.0
42
0.0
10
-34.596941
20
36.660256
40
0.0
41
0.0
42
0.0
10
-33.732753
20
37.159196
40
0.0
41
0.0
42
0.0
210
0.0
220
0.0
230
1.0
0
LWPOLYLINE
5
34
330
17
100
AcDbEntity
67
0
8
Add_Red
62
256
6
ByLayer
370
-1
48
1.0
60
0
100
AcDbPolyline
90
7
70
0
38
0.0
39
0.0
10
-37.328992
20
37.660256
40
0.0
41
0.0
42
0.0
10
-37.328992
20
39.660256
40
0.0
41
0.0
42
0.0
10
-39.061043
20
40.660256
40
0.0
41
0.0
42
0.0
10
-40.793093
20
39.660256
40
0.0
41
0.0
42
0.0
10
-40.793093
20
37.660256
40
0.0
41
0.0
42
0.0
10
-39.061043
20
36.660256
40
0.0
41
0.0
42
0.0
10
-37.328992
20
37.660256
40
0.0
41
0.0
42
0.0
210
0.0
220
0.0
230
1.0
0
LWPOLYLINE
5
35
330
17
100
AcDbEntity
67
0
8
Add_Red
62
256
6
ByLayer
370
-1
48
1.0
60
0
100
AcDbPolyline
90
7
70
0
38
0.0
39
0.0
10
-41.793093
20
37.660256
40
0.0
41
0.0
42
0.0
10
-41.793093
20
39.660256
40
0.0
41
0.0
42
0.0
10
-43.525144
20
40.660256
40
0.0
41
0.0
42
0.0
10
-44.59037
20
40.045247
40
0.0
41
0.0
42
0.0
10
-43.069414
20
38.800827
40
0.0
41
0.0
42
0.0
10
-42.23718
20
37.403862
40
0.0
41
0.0
42
0.0
10
-41.793093
20
37.660256
40
0.0
41
0.0
42
0.0
210
0.0
220
0.0
230
1.0
0
LWPOLYLINE
5
36
330
17
100
AcDbEntity
67
0
8
Add_Red
62
256
6
ByLayer
370
-1
48
1.0
60
0
100
AcDbPolyline
90
4
70
0
38
0.0
39
0.0
10
22.396154
20
40.059687
40
0.0
41
0.0
42
0.0
10
21.70432
20
39.660256
40
0.0
41
0.0
42
0.0
10
21.70432
20
38.077675
40
0.0
41
0.0
42
0.0
10
22.396154
20
40.059687
40
0.0
41
0.0
42
0.0
210
0.0
220
0.0
230
1.0
0
LWPOLYLINE
5
37
330
17
100
AcDbEntity
67
0
8
Add_Red
62
256
6
ByLayer
370
-1
48
1.0
60
0
100
AcDbPolyline
90
6
70
0
38
0.0
39
0.0
10
21.247607
20
36.769255
40
0.0
41
0.0
42
0.0
10
21.204347
20
36.794231
40
0.0
41
0.0
42
0.0
10
19.472296
20
35.794231
40
0.0
41
0.0
42
0.0
10
19.472296
20
33.794231
40
0.0
41
0.0
42
0.0
10
20.085565
20
33.44016
40
0.0
41
0.0
42
0.0
10
21.247607
20
36.769255
40
0.0
41
0.0
42
0.0
210
0.0
220
0.0
230
1.0
0
LWPOLYLINE
5
38
330
17
100
AcDbEntity
67
0
8
Add_Red
62
256
6
ByLayer
370
-1
48
1.0
60
0
100
AcDbPolyline
90
8
70
0
38
0.0
39
0.0
10
17.589916
20
33.284788
40
0.0
41
0.0
42
0.0
10
18.472297
20
33.794231
40
0.0
41
0.0
42
0.0
10
18.472297
20
35.794231
40
0.0
41
0.0
42
0.0
10
16.740246
20
36.794231
40
0.0
41
0.0
42
0.0
10
15.008195
20
35.794231
40
0.0
41
0.0
42
0.0
10
15.008195
20
33.794231
40
0.0
41
0.0
42
0.0
10
15.936227
20
33.258432
40
0.0
41
0.0
42
0.0
10
17.589916
20
33.284788
40
0.0
41
0.0
42
0.0
210
0.0
220
0.0
230
1.0
0
LWPOLYLINE
5
39
330
17
100
AcDbEntity
67
0
8
Add_Red
62
256
6
ByLayer
370
-1
48
1.0
60
0
100
AcDbPolyline
90
9
70
0
38
0.0
39
0.0
10
12.504138
20
33.203731
40
0.0
41
0.0
42
0.0
10
12.999083
20
33.211619
40
0.0
41
0.0
42
0.0
10
14.008195
20
33.794231
40
0.0
41
0.0
42
0.0
10
14.008195
20
35.794231
40
0.0
41
0.0
42
0.0
10
12.276145
20
36.794231
40
0.0
41
0.0
42
0.0
10
10.544095
20
35.794231
40
0.0
41
0.0
42
0.0
10
10.544095
20
33.794231
40
0.0
41
0.0
42
0.0
10
11.595999
20
33.186914
40
0.0
41
0.0
42
0.0
10
12.504138
20
33.203731
40
0.0
41
0.0
42
0.0
210
0.0
220
0.0
230
1.0
0
LWPOLYLINE
5
3A
330
17
100
AcDbEntity
67
0
8
Add_Red
62
256
6
ByLayer
370
-1
48
1.0
60
0
100
AcDbPolyline
90
8
70
0
38
0.0
39
0.0
10
8.152881
20
32.991013
40
0.0
41
0.0
42
0.0
10
9.544095
20
33.794231
40
0.0
41
0.0
42
0.0
10
9.544095
20
35.794231
40
0.0
41
0.0
42
0.0
10
7.812044
20
36.794231
40
0.0
41
0.0
42
0.0
10
6.079993
20
35.794231
40
0.0
41
0.0
42
0.0
10
6.079993
20
33.794231
40
0.0
41
0.0
42
0.0
10
7.641532
20
32.892676
40
0.0
41
0.0
42
0.0
10
8.152881
20
32.991013
40
0.0
41
0.0
42
0.0
210
0.0
220
0.0
230
1.0
0
LWPOLYLINE
5
3B
330
17
100
AcDbEntity
67
0
8
Add_Red
62
256
6
ByLayer
370
-1
48
1.0
60
0
100
AcDbPolyline
90
7
70
0
38
0.0
39
0.0
10
5.079993
20
33.794231
40
0.0
41
0.0
42
0.0
10
5.079993
20
35.794231
40
0.0
41
0.0
42
0.0
10
3.347942
20
36.794231
40
0.0
41
0.0
42
0.0
10
1.615893
20
35.794231
40
0.0
41
0.0
42
0.0
10
1.615893
20
33.794231
40
0.0
41
0.0
42
0.0
10
3.347942
20
32.794231
40
0.0
41
0.0
42
0.0
10
5.079993
20
33.794231
40
0.0
41
0.0
42
0.0
210
0.0
220
0.0
230
1.0
0
LWPOLYLINE
5
3C
330
17
100
AcDbEntity
67
0
8
Add_Red
62
256
6
ByLayer
370
-1
48
1.0
60
0
100
AcDbPolyline
90
7
70
0
38
0.0
39
0.0
10
0.615893
20
33.794231
40
0.0
41
0.0
42
0.0
10
0.615893
20
35.794231
40
0.0
41
0.0
42
0.0
10
-1.116157
20
36.794231
40
0.0
41
0.0
42
0.0
10
-2.848208
20
35.794231
40
0.0
41
0.0
42
0.0
10
-2.848208
20
33.794231
40
0.0
41
0.0
42
0.0
10
-1.116157
20
32.794231
40
0.0
41
0.0
42
0.0
10
0.615893
20
33.794231
40
0.0
41
0.0
42
0.0
210
0.0
220
0.0
230
1.0
0
LWPOLYLINE
5
3D
330
17
100
AcDbEntity
67
0
8
Add_Red
62
256
6
ByLayer
370
-1
48
1.0
60
0
100
AcDbPolyline
90
8
70
0
38
0.0
39
0.0
10
-3.848207
20
33.794231
40
0.0
41
0.0
42
0.0
10
-3.848207
20
35.794231
40
0.0
41
0.0
42
0.0
10
-5.580258
20
36.794231
40
0.0
41
0.0
42
0.0
10
-6.526483
20
36.247928
40
0.0
41
0.0
42
0.0
10
-7.312309
20
34.189479
40
0.0
41
0.0
42
0.0
10
-7.312309
20
33.794231
40
0.0
41
0.0
42
0.0
10
-5.580258
20
32.794231
40
0.0
41
0.0
42
0.0
10
-3.848207
20
33.794231
40
0.0
41
0.0
42
0.0
210
0.0
220
0.0
230
1.0
0
LWPOLYLINE
5
3E
330
17
100
AcDbEntity
67
0
8
Add_Red
62
256
6
ByLayer
370
-1
48
1.0
60
0
100
AcDbPolyline
90
7
70
0
38
0.0
39
0.0
10
-35.096914
20
33.794231
40
0.0
41
0.0
42
0.0
10
-35.096914
20
35.794231
40
0.0
41
0.0
42
0.0
10
-36.828965
20
36.794231
40
0.0
41
0.0
42
0.0
10
-38.561016
20
35.794231
40
0.0
41
0.0
42
0.0
10
-38.561016
20
33.794231
40
0.0
41
0.0
42
0.0
10
-36.828965
20
32.794231
40
0.0
41
0.0
42
0.0
10
-35.096914
20
33.794231
40
0.0
41
0.0
42
0.0
210
0.0
220
0.0
230
1.0
0
LWPOLYLINE
5
3F
330
17
100
AcDbEntity
67
0
8
Add_Red
62
256
6
ByLayer
370
-1
48
1.0
60
0
100
AcDbPolyline
90
7
70
0
38
0.0
39
0.0
10
-39.561016
20
33.794231
40
0.0
41
0.0
42
0.0
10
-39.561016
20
35.794231
40
0.0
41
0.0
42
0.0
10
-41.293067
20
36.794231
40
0.0
41
0.0
42
0.0
10
-41.725321
20
36.544669
40
0.0
41
0.0
42
0.0
10
-40.843071
20
35.063749
40
0.0
41
0.0
42
0.0
10
-40.423447
20
33.296307
40
0.0
41
0.0
42
0.0
10
-39.561016
20
33.794231
40
0.0
41
0.0
42
0.0
210
0.0
220
0.0
230
1.0
0
LWPOLYLINE
5
40
330
17
100
AcDbEntity
67
0
8
Add_Red
62
256
6
ByLayer
370
-1
48
1.0
60
0
100
AcDbPolyline
90
6
70
0
38
0.0
39
0.0
10
5.453113
20
32.471825
40
0.0
41
0.0
42
0.0
10
6.141259
20
32.604161
40
0.0
41
0.0
42
0.0
10
5.579999
20
32.928205
40
0.0
41
0.0
42
0.0
10
3.847948
20
31.928205
40
0.0
41
0.0
42
0.0
10
3.847948
20
31.307292
40
0.0
41
0.0
42
0.0
10
5.453113
20
32.471825
40
0.0
41
0.0
42
0.0
210
0.0
220
0.0
230
1.0
0
LWPOLYLINE
5
41
330
17
100
AcDbEntity
67
0
8
Add_Red
62
256
6
ByLayer
370
-1
48
1.0
60
0
100
AcDbPolyline
90
9
70
0
38
0.0
39
0.0
10
1.519229
20
29.161067
40
0.0
41
0.0
42
0.0
10
2.059173
20
30.009552
40
0.0
41
0.0
42
0.0
10
2.847948
20
30.581801
40
0.0
41
0.0
42
0.0
10
2.847948
20
31.928205
40
0.0
41
0.0
42
0.0
10
1.115899
20
32.928205
40
0.0
41
0.0
42
0.0
10
-0.616151
20
31.928205
40
0.0
41
0.0
42
0.0
10
-0.616151
20
29.928205
40
0.0
41
0.0
42
0.0
10
1.115899
20
28.928204
40
0.0
41
0.0
42
0.0
10
1.519229
20
29.161067
40
0.0
41
0.0
42
0.0
210
0.0
220
0.0
230
1.0
0
LWPOLYLINE
5
42
330
17
100
AcDbEntity
67
0
8
Add_Red
62
256
6
ByLayer
370
-1
48
1.0
60
0
100
AcDbPolyline
90
7
70
0
38
0.0
39
0.0
10
-1.616151
20
29.928205
40
0.0
41
0.0
42
0.0
10
-1.616151
20
31.928205
40
0.0
41
0.0
42
0.0
10
-3.348202
20
32.928205
40
0.0
41
0.0
42
0.0
10
-5.080253
20
31.928205
40
0.0
41
0.0
42
0.0
10
-5.080253
20
29.928205
40
0.0
41
0.0
42
0.0
10
-3.348202
20
28.928204
40
0.0
41
0.0
42
0.0
10
-1.616151
20
29.928205
40
0.0
41
0.0
42
0.0
210
0.0
220
0.0
230
1.0
0
LWPOLYLINE
5
43
330
17
100
AcDbEntity
67
0
8
Add_Red
62
256
6
ByLayer
370
-1
48
1.0
60
0
100
AcDbPolyline
90
9
70
0
38
0.0
39
0.0
10
-32.864859
20
29.928205
40
0.0
41
0.0
42
0.0
10
-32.864859
20
31.791624
40
0.0
41
0.0
42
0.0
10
-33.913721
20
32.337906
40
0.0
41
0.0
42
0.0
10
-34.039831
20
32.606576
40
0.0
41
0.0
42
0.0
10
-34.596909
20
32.928205
40
0.0
41
0.0
42
0.0
10
-36.328959
20
31.928205
40
0.0
41
0.0
42
0.0
10
-36.328959
20
29.928205
40
0.0
41
0.0
42
0.0
10
-34.596909
20
28.928204
40
0.0
41
0.0
42
0.0
10
-32.864859
20
29.928205
40
0.0
41
0.0
42
0.0
210
0.0
220
0.0
230
1.0
0
LWPOLYLINE
5
44
330
17
100
AcDbEntity
67
0
8
Add_Red
62
256
6
ByLayer
370
-1
48
1.0
60
0
100
AcDbPolyline
90
7
70
0
38
0.0
39
0.0
10
-37.328959
20
29.928205
40
0.0
41
0.0
42
0.0
10
-37.328959
20
31.928205
40
0.0
41
0.0
42
0.0
10
-39.06101
20
32.928205
40
0.0
41
0.0
42
0.0
10
-40.182346
20
32.280801
40
0.0
41
0.0
42
0.0
10
-39.43806
20
29.145894
40
0.0
41
0.0
42
0.0
10
-39.06101
20
28.928204
40
0.0
41
0.0
42
0.0
10
-37.328959
20
29.928205
40
0.0
41
0.0
42
0.0
210
0.0
220
0.0
230
1.0
0
LWPOLYLINE
5
45
330
17
100
AcDbEntity
67
0
8
Add_Red
62
256
6
ByLayer
370
-1
48
1.0
60
0
100
AcDbPolyline
90
8
70
0
38
0.0
39
0.0
10
-6.080252
20
29.928205
40
0.0
41
0.0
42
0.0
10
-6.080252
20
31.928205
40
0.0
41
0.0
42
0.0
10
-7.797149
20
32.919456
40
0.0
41
0.0
42
0.0
10
-8.408274
20
31.31863
40
0.0
41
0.0
42
0.0
10
-9.544353
20
31.31988
40
0.0
41
0.0
42
0.0
10
-9.544353
20
29.928205
40
0.0
41
0.0
42
0.0
10
-7.812303
20
28.928204
40
0.0
41
0.0
42
0.0
10
-6.080252
20
29.928205
40
0.0
41
0.0
42
0.0
210
0.0
220
0.0
230
1.0
0
LWPOLYLINE
5
46
330
17
100
AcDbEntity
67
0
8
Add_Red
62
256
6
ByLayer
370
-1
48
1.0
60
0
100
AcDbPolyline
90
6
70
0
38
0.0
39
0.0
10
-28.400757
20
29.928205
40
0.0
41
0.0
42
0.0
10
-28.400757
20
31.340633
40
0.0
41
0.0
42
0.0
10
-31.864859
20
31.344445
40
0.0
41
0.0
42
0.0
10
-31.864859
20
29.928205
40
0.0
41
0.0
42
0.0
10
-30.132808
20
28.928204
40
0.0
41
0.0
42
0.0
10
-28.400757
20
29.928205
40
0.0
41
0.0
42
0.0
210
0.0
220
0.0
230
1.0
0
LWPOLYLINE
5
47
330
17
100
AcDbEntity
67
0
8
Add_Red
62
256
6
ByLayer
370
-1
48
1.0
60
0
100
AcDbPolyline
90
6
70
0
38
0.0
39
0.0
10
-23.936656
20
29.928205
40
0.0
41
0.0
42
0.0
10
-23.936656
20
31.33572
40
0.0
41
0.0
42
0.0
10
-27.400758
20
31.339532
40
0.0
41
0.0
42
0.0
10
-27.400758
20
29.928205
40
0.0
41
0.0
42
0.0
10
-25.668707
20
28.928204
40
0.0
41
0.0
42
0.0
10
-23.936656
20
29.928205
40
0.0
41
0.0
42
0.0
210
0.0
220
0.0
230
1.0
0
LWPOLYLINE
5
48
330
17
100
AcDbEntity
67
0
8
Add_Red
62
256
6
ByLayer
370
-1
48
1.0
60
0
100
AcDbPolyline
90
6
70
0
38
0.0
39
0.0
10
-19.472556
20
29.928205
40
0.0
41
0.0
42
0.0
10
-19.472556
20
31.330807
40
0.0
41
0.0
42
0.0
10
-22.936656
20
31.334619
40
0.0
41
0.0
42
0.0
10
-22.936656
20
29.928205
40
0.0
41
0.0
42
0.0
10
-21.204606
20
28.928204
40
0.0
41
0.0
42
0.0
10
-19.472556
20
29.928205
40
0.0
41
0.0
42
0.0
210
0.0
220
0.0
230
1.0
0
LWPOLYLINE
5
49
330
17
100
AcDbEntity
67
0
8
Add_Red
62
256
6
ByLayer
370
-1
48
1.0
60
0
100
AcDbPolyline
90
6
70
0
38
0.0
39
0.0
10
-15.008454
20
29.928205
40
0.0
41
0.0
42
0.0
10
-15.008454
20
31.325894
40
0.0
41
0.0
42
0.0
10
-18.472556
20
31.329706
40
0.0
41
0.0
42
0.0
10
-18.472556
20
29.928205
40
0.0
41
0.0
42
0.0
10
-16.740505
20
28.928204
40
0.0
41
0.0
42
0.0
10
-15.008454
20
29.928205
40
0.0
41
0.0
42
0.0
210
0.0
220
0.0
230
1.0
0
LWPOLYLINE
5
4A
330
17
100
AcDbEntity
67
0
8
Add_Red
62
256
6
ByLayer
370
-1
48
1.0
60
0
100
AcDbPolyline
90
6
70
0
38
0.0
39
0.0
10
-10.544353
20
29.928205
40
0.0
41
0.0
42
0.0
10
-10.544353
20
31.320981
40
0.0
41
0.0
42
0.0
10
-14.008455
20
31.324793
40
0.0
41
0.0
42
0.0
10
-14.008455
20
29.928205
40
0.0
41
0.0
42
0.0
10
-12.276404
20
28.928204
40
0.0
41
0.0
42
0.0
10
-10.544353
20
29.928205
40
0.0
41
0.0
42
0.0
210
0.0
220
0.0
230
1.0
0
LWPOLYLINE
5
4B
330
17
100
AcDbEntity
67
0
8
Add_Red
62
256
6
ByLayer
370
-1
48
1.0
60
0
100
AcDbPolyline
90
9
70
0
38
0.0
39
0.0
10
-0.978532
20
25.141619
40
0.0
41
0.0
42
0.0
10
-0.734359
20
25.619709
40
0.0
41
0.0
42
0.0
10
0.615925
20
27.741587
40
0.0
41
0.0
42
0.0
10
0.615925
20
28.062179
40
0.0
41
0.0
42
0.0
10
-1.116125
20
29.06218
40
0.0
41
0.0
42
0.0
10
-2.848175
20
28.062179
40
0.0
41
0.0
42
0.0
10
-2.848175
20
26.062179
40
0.0
41
0.0
42
0.0
10
-1.116125
20
25.062179
40
0.0
41
0.0
42
0.0
10
-0.978532
20
25.141619
40
0.0
41
0.0
42
0.0
210
0.0
220
0.0
230
1.0
0
LWPOLYLINE
5
4C
330
17
100
AcDbEntity
67
0
8
Add_Red
62
256
6
ByLayer
370
-1
48
1.0
60
0
100
AcDbPolyline
90
7
70
0
38
0.0
39
0.0
10
-3.848175
20
26.062179
40
0.0
41
0.0
42
0.0
10
-3.848175
20
28.062179
40
0.0
41
0.0
42
0.0
10
-5.580226
20
29.06218
40
0.0
41
0.0
42
0.0
10
-7.312277
20
28.062179
40
0.0
41
0.0
42
0.0
10
-7.312277
20
26.062179
40
0.0
41
0.0
42
0.0
10
-5.580226
20
25.062179
40
0.0
41
0.0
42
0.0
10
-3.848175
20
26.062179
40
0.0
41
0.0
42
0.0
210
0.0
220
0.0
230
1.0
0
LWPOLYLINE
5
4D
330
17
100
AcDbEntity
67
0
8
Add_Red
62
256
6
ByLayer
370
-1
48
1.0
60
0
100
AcDbPolyline
90
7
70
0
38
0.0
39
0.0
10
-8.312276
20
26.062179
40
0.0
41
0.0
42
0.0
10
-8.312276
20
28.062179
40
0.0
41
0.0
42
0.0
10
-10.044326
20
29.06218
40
0.0
41
0.0
42
0.0
10
-11.776377
20
28.062179
40
0.0
41
0.0
42
0.0
10
-11.776377
20
26.062179
40
0.0
41
0.0
42
0.0
10
-10.044326
20
25.062179
40
0.0
41
0.0
42
0.0
10
-8.312276
20
26.062179
40
0.0
41
0.0
42
0.0
210
0.0
220
0.0
230
1.0
0
LWPOLYLINE
5
4E
330
17
100
AcDbEntity
67
0
8
Add_Red
62
256
6
ByLayer
370
-1
48
1.0
60
0
100
AcDbPolyline
90
7
70
0
38
0.0
39
0.0
10
-12.776377
20
26.062179
40
0.0
41
0.0
42
0.0
10
-12.776377
20
28.062179
40
0.0
41
0.0
42
0.0
10
-14.508428
20
29.06218
40
0.0
41
0.0
42
0.0
10
-16.240479
20
28.062179
40
0.0
41
0.0
42
0.0
10
-16.240479
20
26.062179
40
0.0
41
0.0
42
0.0
10
-14.508428
20
25.062179
40
0.0
41
0.0
42
0.0
10
-12.776377
20
26.062179
40
0.0
41
0.0
42
0.0
210
0.0
220
0.0
230
1.0
0
LWPOLYLINE
5
4F
330
17
100
AcDbEntity
67
0
8
Add_Red
62
256
6
ByLayer
370
-1
48
1.0
60
0
100
AcDbPolyline
90
7
70
0
38
0.0
39
0.0
10
-17.240478
20
26.062179
40
0.0
41
0.0
42
0.0
10
-17.240478
20
28.062179
40
0.0
41
0.0
42
0.0
10
-18.972529
20
29.06218
40
0.0
41
0.0
42
0.0
10
-20.70458
20
28.062179
40
0.0
41
0.0
42
0.0
10
-20.70458
20
26.062179
40
0.0
41
0.0
42
0.0
10
-18.972529
20
25.062179
40
0.0
41
0.0
42
0.0
10
-17.240478
20
26.062179
40
0.0
41
0.0
42
0.0
210
0.0
220
0.0
230
1.0
0
LWPOLYLINE
5
50
330
17
100
AcDbEntity
67
0
8
Add_Red
62
256
6
ByLayer
370
-1
48
1.0
60
0
100
AcDbPolyline
90
7
70
0
38
0.0
39
0.0
10
-21.70458
20
26.062179
40
0.0
41
0.0
42
0.0
10
-21.70458
20
28.062179
40
0.0
41
0.0
42
0.0
10
-23.436629
20
29.06218
40
0.0
41
0.0
42
0.0
10
-25.16868
20
28.062179
40
0.0
41
0.0
42
0.0
10
-25.16868
20
26.062179
40
0.0
41
0.0
42
0.0
10
-23.436629
20
25.062179
40
0.0
41
0.0
42
0.0
10
-21.70458
20
26.062179
40
0.0
41
0.0
42
0.0
210
0.0
220
0.0
230
1.0
0
LWPOLYLINE
5
51
330
17
100
AcDbEntity
67
0
8
Add_Red
62
256
6
ByLayer
370
-1
48
1.0
60
0
100
AcDbPolyline
90
7
70
0
38
0.0
39
0.0
10
-26.16868
20
26.062179
40
0.0
41
0.0
42
0.0
10
-26.16868
20
28.062179
40
0.0
41
0.0
42
0.0
10
-27.900731
20
29.06218
40
0.0
41
0.0
42
0.0
10
-29.632782
20
28.062179
40
0.0
41
0.0
42
0.0
10
-29.632782
20
26.062179
40
0.0
41
0.0
42
0.0
10
-27.900731
20
25.062179
40
0.0
41
0.0
42
0.0
10
-26.16868
20
26.062179
40
0.0
41
0.0
42
0.0
210
0.0
220
0.0
230
1.0
0
LWPOLYLINE
5
52
330
17
100
AcDbEntity
67
0
8
Add_Red
62
256
6
ByLayer
370
-1
48
1.0
60
0
100
AcDbPolyline
90
7
70
0
38
0.0
39
0.0
10
-30.632781
20
26.062179
40
0.0
41
0.0
42
0.0
10
-30.632781
20
28.062179
40
0.0
41
0.0
42
0.0
10
-32.364832
20
29.06218
40
0.0
41
0.0
42
0.0
10
-34.096882
20
28.062179
40
0.0
41
0.0
42
0.0
10
-34.096882
20
26.062179
40
0.0
41
0.0
42
0.0
10
-32.364832
20
25.062179
40
0.0
41
0.0
42
0.0
10
-30.632781
20
26.062179
40
0.0
41
0.0
42
0.0
210
0.0
220
0.0
230
1.0
0
LWPOLYLINE
5
53
330
17
100
AcDbEntity
67
0
8
Add_Red
62
256
6
ByLayer
370
-1
48
1.0
60
0
100
AcDbPolyline
90
7
70
0
38
0.0
39
0.0
10
-35.096882
20
26.062179
40
0.0
41
0.0
42
0.0
10
-35.096882
20
28.062179
40
0.0
41
0.0
42
0.0
10
-36.828933
20
29.06218
40
0.0
41
0.0
42
0.0
10
-38.560984
20
28.062179
40
0.0
41
0.0
42
0.0
10
-38.560984
20
26.062179
40
0.0
41
0.0
42
0.0
10
-36.828933
20
25.062179
40
0.0
41
0.0
42
0.0
10
-35.096882
20
26.062179
40
0.0
41
0.0
42
0.0
210
0.0
220
0.0
230
1.0
0
LWPOLYLINE
5
54
330
17
100
AcDbEntity
67
0
8
Add_Red
62
256
6
ByLayer
370
-1
48
1.0
60
0
100
AcDbPolyline
90
8
70
0
38
0.0
39
0.0
10
-2.8453
20
21.486484
40
0.0
41
0.0
42
0.0
10
-1.616119
20
23.893222
40
0.0
41
0.0
42
0.0
10
-1.616119
20
24.196153
40
0.0
41
0.0
42
0.0
10
-3.348169
20
25.196153
40
0.0
41
0.0
42
0.0
10
-5.08022
20
24.196153
40
0.0
41
0.0
42
0.0
10
-5.08022
20
22.196153
40
0.0
41
0.0
42
0.0
10
-3.348169
20
21.196153
40
0.0
41
0.0
42
0.0
10
-2.8453
20
21.486484
40
0.0
41
0.0
42
0.0
210
0.0
220
0.0
230
1.0
0
LWPOLYLINE
5
55
330
17
100
AcDbEntity
67
0
8
Add_Red
62
256
6
ByLayer
370
-1
48
1.0
60
0
100
AcDbPolyline
90
7
70
0
38
0.0
39
0.0
10
-6.08022
20
22.196153
40
0.0
41
0.0
42
0.0
10
-6.08022
20
24.196153
40
0.0
41
0.0
42
0.0
10
-7.812271
20
25.196153
40
0.0
41
0.0
42
0.0
10
-9.544321
20
24.196153
40
0.0
41
0.0
42
0.0
10
-9.544321
20
22.196153
40
0.0
41
0.0
42
0.0
10
-7.812271
20
21.196153
40
0.0
41
0.0
42
0.0
10
-6.08022
20
22.196153
40
0.0
41
0.0
42
0.0
210
0.0
220
0.0
230
1.0
0
LWPOLYLINE
5
56
330
17
100
AcDbEntity
67
0
8
Add_Red
62
256
6
ByLayer
370
-1
48
1.0
60
0
100
AcDbPolyline
90
7
70
0
38
0.0
39
0.0
10
-10.54432
20
22.196153
40
0.0
41
0.0
42
0.0
10
-10.54432
20
24.196153
40
0.0
41
0.0
42
0.0
10
-12.276371
20
25.196153
40
0.0
41
0.0
42
0.0
10
-14.008422
20
24.196153
40
0.0
41
0.0
42
0.0
10
-14.008422
20
22.196153
40
0.0
41
0.0
42
0.0
10
-12.276371
20
21.196153
40
0.0
41
0.0
42
0.0
10
-10.54432
20
22.196153
40
0.0
41
0.0
42
0.0
210
0.0
220
0.0
230
1.0
0
LWPOLYLINE
5
57
330
17
100
AcDbEntity
67
0
8
Add_Red
62
256
6
ByLayer
370
-1
48
1.0
60
0
100
AcDbPolyline
90
7
70
0
38
0.0
39
0.0
10
-15.008422
20
22.196153
40
0.0
41
0.0
42
0.0
10
-15.008422
20
24.196153
40
0.0
41
0.0
42
0.0
10
-16.740473
20
25.196153
40
0.0
41
0.0
42
0.0
10
-18.472524
20
24.196153
40
0.0
41
0.0
42
0.0
10
-18.472524
20
22.196153
40
0.0
41
0.0
42
0.0
10
-16.740473
20
21.196153
40
0.0
41
0.0
42
0.0
10
-15.008422
20
22.196153
40
0.0
41
0.0
42
0.0
210
0.0
220
0.0
230
1.0
0
LWPOLYLINE
5
58
330
17
100
AcDbEntity
67
0
8
Add_Red
62
256
6
ByLayer
370
-1
48
1.0
60
0
100
AcDbPolyline
90
7
70
0
38
0.0
39
0.0
10
-19.472523
20
22.196153
40
0.0
41
0.0
42
0.0
10
-19.472523
20
24.196153
40
0.0
41
0.0
42
0.0
10
-21.204574
20
25.196153
40
0.0
41
0.0
42
0.0
10
-22.936624
20
24.196153
40
0.0
41
0.0
42
0.0
10
-22.936624
20
22.196153
40
0.0
41
0.0
42
0.0
10
-21.204574
20
21.196153
40
0.0
41
0.0
42
0.0
10
-19.472523
20
22.196153
40
0.0
41
0.0
42
0.0
210
0.0
220
0.0
230
1.0
0
LWPOLYLINE
5
59
330
17
100
AcDbEntity
67
0
8
Add_Red
62
256
6
ByLayer
370
-1
48
1.0
60
0
100
AcDbPolyline
90
7
70
0
38
0.0
39
0.0
10
-23.936624
20
22.196153
40
0.0
41
0.0
42
0.0
10
-23.936624
20
24.196153
40
0.0
41
0.0
42
0.0
10
-25.668674
20
25.196153
40
0.0
41
0.0
42
0.0
10
-27.400725
20
24.196153
40
0.0
41
0.0
42
0.0
10
-27.400725
20
22.196153
40
0.0
41
0.0
42
0.0
10
-25.668674
20
21.196153
40
0.0
41
0.0
42
0.0
10
-23.936624
20
22.196153
40
0.0
41
0.0
42
0.0
210
0.0
220
0.0
230
1.0
0
LWPOLYLINE
5
5A
330
17
100
AcDbEntity
67
0
8
Add_Red
62
256
6
ByLayer
370
-1
48
1.0
60
0
100
AcDbPolyline
90
7
70
0
38
0.0
39
0.0
10
-28.400725
20
22.196153
40
0.0
41
0.0
42
0.0
10
-28.400725
20
24.196153
40
0.0
41
0.0
42
0.0
10
-30.132776
20
25.196153
40
0.0
41
0.0
42
0.0
10
-31.864827
20
24.196153
40
0.0
41
0.0
42
0.0
10
-31.864827
20
22.196153
40
0.0
41
0.0
42
0.0
10
-30.132776
20
21.196153
40
0.0
41
0.0
42
0.0
10
-28.400725
20
22.196153
40
0.0
41
0.0
42
0.0
210
0.0
220
0.0
230
1.0
0
LWPOLYLINE
5
5B
330
17
100
AcDbEntity
67
0
8
Add_Red
62
256
6
ByLayer
370
-1
48
1.0
60
0
100
AcDbPolyline
90
7
70
0
38
0.0
39
0.0
10
-32.864826
20
22.196153
40
0.0
41
0.0
42
0.0
10
-32.864826
20
24.196153
40
0.0
41
0.0
42
0.0
10
-34.596876
20
25.196153
40
0.0
41
0.0
42
0.0
10
-36.328927
20
24.196153
40
0.0
41
0.0
42
0.0
10
-36.328927
20
22.196153
40
0.0
41
0.0
42
0.0
10
-34.596876
20
21.196153
40
0.0
41
0.0
42
0.0
10
-32.864826
20
22.196153
40
0.0
41
0.0
42
0.0
210
0.0
220
0.0
230
1.0
0
LWPOLYLINE
5
5C
330
17
100
AcDbEntity
67
0
8
Add_Red
62
256
6
ByLayer
370
-1
48
1.0
60
0
100
AcDbPolyline
90
5
70
0
38
0.0
39
0.0
10
-37.328927
20
22.196153
40
0.0
41
0.0
42
0.0
10
-37.328927
20
24.196153
40
0.0
41
0.0
42
0.0
10
-38.411257
20
24.821036
40
0.0
41
0.0
42
0.0
10
-37.732711
20
21.963028
40
0.0
41
0.0
42
0.0
10
-37.328927
20
22.196153
40
0.0
41
0.0
42
0.0
210
0.0
220
0.0
230
1.0
0
LWPOLYLINE
5
5D
330
17
100
AcDbEntity
67
0
8
Add_Red
62
256
6
ByLayer
370
-1
48
1.0
60
0
100
AcDbPolyline
90
8
70
0
38
0.0
39
0.0
10
-4.712077
20
17.831336
40
0.0
41
0.0
42
0.0
10
-3.848143
20
19.522918
40
0.0
41
0.0
42
0.0
10
-3.848143
20
20.330128
40
0.0
41
0.0
42
0.0
10
-5.580193
20
21.330128
40
0.0
41
0.0
42
0.0
10
-7.312244
20
20.330128
40
0.0
41
0.0
42
0.0
10
-7.312244
20
18.330128
40
0.0
41
0.0
42
0.0
10
-5.580193
20
17.330128
40
0.0
41
0.0
42
0.0
10
-4.712077
20
17.831336
40
0.0
41
0.0
42
0.0
210
0.0
220
0.0
230
1.0
0
LWPOLYLINE
5
5E
330
17
100
AcDbEntity
67
0
8
Add_Red
62
256
6
ByLayer
370
-1
48
1.0
60
0
100
AcDbPolyline
90
7
70
0
38
0.0
39
0.0
10
-8.312244
20
18.330128
40
0.0
41
0.0
42
0.0
10
-8.312244
20
20.330128
40
0.0
41
0.0
42
0.0
10
-10.044294
20
21.330128
40
0.0
41
0.0
42
0.0
10
-11.776345
20
20.330128
40
0.0
41
0.0
42
0.0
10
-11.776345
20
18.330128
40
0.0
41
0.0
42
0.0
10
-10.044294
20
17.330128
40
0.0
41
0.0
42
0.0
10
-8.312244
20
18.330128
40
0.0
41
0.0
42
0.0
210
0.0
220
0.0
230
1.0
0
LWPOLYLINE
5
5F
330
17
100
AcDbEntity
67
0
8
Add_Red
62
256
6
ByLayer
370
-1
48
1.0
60
0
100
AcDbPolyline
90
9
70
0
38
0.0
39
0.0
10
-14.154556
20
18.513669
40
0.0
41
0.0
42
0.0
10
-13.088644
20
18.149822
40
0.0
41
0.0
42
0.0
10
-12.776344
20
18.330128
40
0.0
41
0.0
42
0.0
10
-12.776344
20
20.330128
40
0.0
41
0.0
42
0.0
10
-14.508395
20
21.330128
40
0.0
41
0.0
42
0.0
10
-16.240446
20
20.330128
40
0.0
41
0.0
42
0.0
10
-16.240446
20
18.330128
40
0.0
41
0.0
42
0.0
10
-14.55598
20
17.357601
40
0.0
41
0.0
42
0.0
10
-14.154556
20
18.513669
40
0.0
41
0.0
42
0.0
210
0.0
220
0.0
230
1.0
0
LWPOLYLINE
5
60
330
17
100
AcDbEntity
67
0
8
Add_Red
62
256
6
ByLayer
370
-1
48
1.0
60
0
100
AcDbPolyline
90
7
70
0
38
0.0
39
0.0
10
-17.240446
20
18.330128
40
0.0
41
0.0
42
0.0
10
-17.240446
20
20.330128
40
0.0
41
0.0
42
0.0
10
-18.972497
20
21.330128
40
0.0
41
0.0
42
0.0
10
-20.704548
20
20.330128
40
0.0
41
0.0
42
0.0
10
-20.704548
20
18.330128
40
0.0
41
0.0
42
0.0
10
-18.972497
20
17.330128
40
0.0
41
0.0
42
0.0
10
-17.240446
20
18.330128
40
0.0
41
0.0
42
0.0
210
0.0
220
0.0
230
1.0
0
LWPOLYLINE
5
61
330
17
100
AcDbEntity
67
0
8
Add_Red
62
256
6
ByLayer
370
-1
48
1.0
60
0
100
AcDbPolyline
90
7
70
0
38
0.0
39
0.0
10
-21.704547
20
18.330128
40
0.0
41
0.0
42
0.0
10
-21.704547
20
20.330128
40
0.0
41
0.0
42
0.0
10
-23.436597
20
21.330128
40
0.0
41
0.0
42
0.0
10
-25.168648
20
20.330128
40
0.0
41
0.0
42
0.0
10
-25.168648
20
18.330128
40
0.0
41
0.0
42
0.0
10
-23.436597
20
17.330128
40
0.0
41
0.0
42
0.0
10
-21.704547
20
18.330128
40
0.0
41
0.0
42
0.0
210
0.0
220
0.0
230
1.0
0
LWPOLYLINE
5
62
330
17
100
AcDbEntity
67
0
8
Add_Red
62
256
6
ByLayer
370
-1
48
1.0
60
0
100
AcDbPolyline
90
7
70
0
38
0.0
39
0.0
10
-26.168648
20
18.330128
40
0.0
41
0.0
42
0.0
10
-26.168648
20
20.330128
40
0.0
41
0.0
42
0.0
10
-27.900698
20
21.330128
40
0.0
41
0.0
42
0.0
10
-29.632749
20
20.330128
40
0.0
41
0.0
42
0.0
10
-29.632749
20
18.330128
40
0.0
41
0.0
42
0.0
10
-27.900698
20
17.330128
40
0.0
41
0.0
42
0.0
10
-26.168648
20
18.330128
40
0.0
41
0.0
42
0.0
210
0.0
220
0.0
230
1.0
0
LWPOLYLINE
5
63
330
17
100
AcDbEntity
67
0
8
Add_Red
62
256
6
ByLayer
370
-1
48
1.0
60
0
100
AcDbPolyline
90
7
70
0
38
0.0
39
0.0
10
-30.632749
20
18.330128
40
0.0
41
0.0
42
0.0
10
-30.632749
20
20.330128
40
0.0
41
0.0
42
0.0
10
-32.3648
20
21.330128
40
0.0
41
0.0
42
0.0
10
-34.09685
20
20.330128
40
0.0
41
0.0
42
0.0
10
-34.09685
20
18.330128
40
0.0
41
0.0
42
0.0
10
-32.3648
20
17.330128
40
0.0
41
0.0
42
0.0
10
-30.632749
20
18.330128
40
0.0
41
0.0
42
0.0
210
0.0
220
0.0
230
1.0
0
LWPOLYLINE
5
64
330
17
100
AcDbEntity
67
0
8
Add_Red
62
256
6
ByLayer
370
-1
48
1.0
60
0
100
AcDbPolyline
90
8
70
0
38
0.0
39
0.0
10
-35.096849
20
18.330128
40
0.0
41
0.0
42
0.0
10
-35.096849
20
20.330128
40
0.0
41
0.0
42
0.0
10
-36.8289
20
21.330128
40
0.0
41
0.0
42
0.0
10
-38.01635
20
20.644553
40
0.0
41
0.0
42
0.0
10
-38.560951
20
19.061807
40
0.0
41
0.0
42
0.0
10
-38.560951
20
18.330128
40
0.0
41
0.0
42
0.0
10
-36.8289
20
17.330128
40
0.0
41
0.0
42
0.0
10
-35.096849
20
18.330128
40
0.0
41
0.0
42
0.0
210
0.0
220
0.0
230
1.0
0
LWPOLYLINE
5
65
330
17
100
AcDbEntity
67
0
8
Add_Red
62
256
6
ByLayer
370
-1
48
1.0
60
0
100
AcDbPolyline
90
5
70
0
38
0.0
39
0.0
10
-6.080188
20
16.464103
40
0.0
41
0.0
42
0.0
10
-7.812238
20
17.464103
40
0.0
41
0.0
42
0.0
10
-9.026318
20
16.763153
40
0.0
41
0.0
42
0.0
10
-6.080188
20
15.757497
40
0.0
41
0.0
42
0.0
10
-6.080188
20
16.464103
40
0.0
41
0.0
42
0.0
210
0.0
220
0.0
230
1.0
0
LWPOLYLINE
5
66
330
17
100
AcDbEntity
67
0
8
Add_Red
62
256
6
ByLayer
370
-1
48
1.0
60
0
100
AcDbPolyline
90
8
70
0
38
0.0
39
0.0
10
-15.699184
20
14.065271
40
0.0
41
0.0
42
0.0
10
-15.008389
20
16.054702
40
0.0
41
0.0
42
0.0
10
-15.008389
20
16.464103
40
0.0
41
0.0
42
0.0
10
-16.74044
20
17.464103
40
0.0
41
0.0
42
0.0
10
-18.472491
20
16.464103
40
0.0
41
0.0
42
0.0
10
-18.472491
20
14.464102
40
0.0
41
0.0
42
0.0
10
-16.74044
20
13.464102
40
0.0
41
0.0
42
0.0
10
-15.699184
20
14.065271
40
0.0
41
0.0
42
0.0
210
0.0
220
0.0
230
1.0
0
LWPOLYLINE
5
67
330
17
100
AcDbEntity
67
0
8
Add_Red
62
256
6
ByLayer
370
-1
48
1.0
60
0
100
AcDbPolyline
90
7
70
0
38
0.0
39
0.0
10
-19.472491
20
14.464102
40
0.0
41
0.0
42
0.0
10
-19.472491
20
16.464103
40
0.0
41
0.0
42
0.0
10
-21.204542
20
17.464103
40
0.0
41
0.0
42
0.0
10
-22.936591
20
16.464103
40
0.0
41
0.0
42
0.0
10
-22.936591
20
14.464102
40
0.0
41
0.0
42
0.0
10
-21.204542
20
13.464102
40
0.0
41
0.0
42
0.0
10
-19.472491
20
14.464102
40
0.0
41
0.0
42
0.0
210
0.0
220
0.0
230
1.0
0
LWPOLYLINE
5
68
330
17
100
AcDbEntity
67
0
8
Add_Red
62
256
6
ByLayer
370
-1
48
1.0
60
0
100
AcDbPolyline
90
7
70
0
38
0.0
39
0.0
10
-23.936591
20
14.464102
40
0.0
41
0.0
42
0.0
10
-23.936591
20
16.464103
40
0.0
41
0.0
42
0.0
10
-25.668642
20
17.464103
40
0.0
41
0.0
42
0.0
10
-27.400693
20
16.464103
40
0.0
41
0.0
42
0.0
10
-27.400693
20
14.464102
40
0.0
41
0.0
42
0.0
10
-25.668642
20
13.464102
40
0.0
41
0.0
42
0.0
10
-23.936591
20
14.464102
40
0.0
41
0.0
42
0.0
210
0.0
220
0.0
230
1.0
0
LWPOLYLINE
5
69
330
17
100
AcDbEntity
67
0
8
Add_Red
62
256
6
ByLayer
370
-1
48
1.0
60
0
100
AcDbPolyline
90
7
70
0
38
0.0
39
0.0
10
-28.400693
20
14.464102
40
0.0
41
0.0
42
0.0
10
-28.400693
20
16.464103
40
0.0
41
0.0
42
0.0
10
-30.132743
20
17.464103
40
0.0
41
0.0
42
0.0
10
-31.864794
20
16.464103
40
0.0
41
0.0
42
0.0
10
-31.864794
20
14.464102
40
0.0
41
0.0
42
0.0
10
-30.132743
20
13.464102
40
0.0
41
0.0
42
0.0
10
-28.400693
20
14.464102
40
0.0
41
0.0
42
0.0
210
0.0
220
0.0
230
1.0
0
LWPOLYLINE
5
6A
330
17
100
AcDbEntity
67
0
8
Add_Red
62
256
6
ByLayer
370
-1
48
1.0
60
0
100
AcDbPolyline
90
7
70
0
38
0.0
39
0.0
10
-32.864794
20
14.464102
40
0.0
41
0.0
42
0.0
10
-32.864794
20
16.464103
40
0.0
41
0.0
42
0.0
10
-34.596844
20
17.464103
40
0.0
41
0.0
42
0.0
10
-36.328895
20
16.464103
40
0.0
41
0.0
42
0.0
10
-36.328895
20
14.464102
40
0.0
41
0.0
42
0.0
10
-34.596844
20
13.464102
40
0.0
41
0.0
42
0.0
10
-32.864794
20
14.464102
40
0.0
41
0.0
42
0.0
210
0.0
220
0.0
230
1.0
0
LWPOLYLINE
5
6B
330
17
100
AcDbEntity
67
0
8
Add_Red
62
256
6
ByLayer
370
-1
48
1.0
60
0
100
AcDbPolyline
90
7
70
0
38
0.0
39
0.0
10
-37.328894
20
14.464102
40
0.0
41
0.0
42
0.0
10
-37.328894
20
16.464103
40
0.0
41
0.0
42
0.0
10
-39.060945
20
17.464103
40
0.0
41
0.0
42
0.0
10
-39.123032
20
17.428257
40
0.0
41
0.0
42
0.0
10
-40.250689
20
14.151001
40
0.0
41
0.0
42
0.0
10
-39.060945
20
13.464102
40
0.0
41
0.0
42
0.0
10
-37.328894
20
14.464102
40
0.0
41
0.0
42
0.0
210
0.0
220
0.0
230
1.0
0
LWPOLYLINE
5
6C
330
17
100
AcDbEntity
67
0
8
Add_Red
62
256
6
ByLayer
370
-1
48
1.0
60
0
100
AcDbPolyline
90
7
70
0
38
0.0
39
0.0
10
-17.240413
20
10.598076
40
0.0
41
0.0
42
0.0
10
-17.240413
20
12.598076
40
0.0
41
0.0
42
0.0
10
-18.972464
20
13.598076
40
0.0
41
0.0
42
0.0
10
-20.704515
20
12.598076
40
0.0
41
0.0
42
0.0
10
-20.704515
20
10.598076
40
0.0
41
0.0
42
0.0
10
-18.972464
20
9.598076
40
0.0
41
0.0
42
0.0
10
-17.240413
20
10.598076
40
0.0
41
0.0
42
0.0
210
0.0
220
0.0
230
1.0
0
LWPOLYLINE
5
6D
330
17
100
AcDbEntity
67
0
8
Add_Red
62
256
6
ByLayer
370
-1
48
1.0
60
0
100
AcDbPolyline
90
7
70
0
38
0.0
39
0.0
10
-21.704515
20
10.598076
40
0.0
41
0.0
42
0.0
10
-21.704515
20
12.598076
40
0.0
41
0.0
42
0.0
10
-23.436565
20
13.598076
40
0.0
41
0.0
42
0.0
10
-25.168615
20
12.598076
40
0.0
41
0.0
42
0.0
10
-25.168615
20
10.598076
40
0.0
41
0.0
42
0.0
10
-23.436565
20
9.598076
40
0.0
41
0.0
42
0.0
10
-21.704515
20
10.598076
40
0.0
41
0.0
42
0.0
210
0.0
220
0.0
230
1.0
0
LWPOLYLINE
5
6E
330
17
100
AcDbEntity
67
0
8
Add_Red
62
256
6
ByLayer
370
-1
48
1.0
60
0
100
AcDbPolyline
90
7
70
0
38
0.0
39
0.0
10
-26.168615
20
10.598076
40
0.0
41
0.0
42
0.0
10
-26.168615
20
12.598076
40
0.0
41
0.0
42
0.0
10
-27.900666
20
13.598076
40
0.0
41
0.0
42
0.0
10
-29.632717
20
12.598076
40
0.0
41
0.0
42
0.0
10
-29.632717
20
10.598076
40
0.0
41
0.0
42
0.0
10
-27.900666
20
9.598076
40
0.0
41
0.0
42
0.0
10
-26.168615
20
10.598076
40
0.0
41
0.0
42
0.0
210
0.0
220
0.0
230
1.0
0
LWPOLYLINE
5
6F
330
17
100
AcDbEntity
67
0
8
Add_Red
62
256
6
ByLayer
370
-1
48
1.0
60
0
100
AcDbPolyline
90
7
70
0
38
0.0
39
0.0
10
-30.632717
20
10.598076
40
0.0
41
0.0
42
0.0
10
-30.632717
20
12.598076
40
0.0
41
0.0
42
0.0
10
-32.364767
20
13.598076
40
0.0
41
0.0
42
0.0
10
-34.096817
20
12.598076
40
0.0
41
0.0
42
0.0
10
-34.096817
20
10.598076
40
0.0
41
0.0
42
0.0
10
-32.364767
20
9.598076
40
0.0
41
0.0
42
0.0
10
-30.632717
20
10.598076
40
0.0
41
0.0
42
0.0
210
0.0
220
0.0
230
1.0
0
LWPOLYLINE
5
70
330
17
100
AcDbEntity
67
0
8
Add_Red
62
256
6
ByLayer
370
-1
48
1.0
60
0
100
AcDbPolyline
90
7
70
0
38
0.0
39
0.0
10
-35.096817
20
10.598076
40
0.0
41
0.0
42
0.0
10
-35.096817
20
12.598076
40
0.0
41
0.0
42
0.0
10
-36.828868
20
13.598076
40
0.0
41
0.0
42
0.0
10
-38.560919
20
12.598076
40
0.0
41
0.0
42
0.0
10
-38.560919
20
10.598076
40
0.0
41
0.0
42
0.0
10
-36.828868
20
9.598076
40
0.0
41
0.0
42
0.0
10
-35.096817
20
10.598076
40
0.0
41
0.0
42
0.0
210
0.0
220
0.0
230
1.0
0
LWPOLYLINE
5
71
330
17
100
AcDbEntity
67
0
8
Add_Red
62
256
6
ByLayer
370
-1
48
1.0
60
0
100
AcDbPolyline
90
7
70
0
38
0.0
39
0.0
10
-39.560918
20
10.598076
40
0.0
41
0.0
42
0.0
10
-39.560918
20
12.598076
40
0.0
41
0.0
42
0.0
10
-40.582152
20
13.187686
40
0.0
41
0.0
42
0.0
10
-41.058526
20
11.803224
40
0.0
41
0.0
42
0.0
10
-41.986264
20
9.99835
40
0.0
41
0.0
42
0.0
10
-41.292969
20
9.598076
40
0.0
41
0.0
42
0.0
10
-39.560918
20
10.598076
40
0.0
41
0.0
42
0.0
210
0.0
220
0.0
230
1.0
0
LWPOLYLINE
5
72
330
17
100
AcDbEntity
67
0
8
Add_Red
62
256
6
ByLayer
370
-1
48
1.0
60
0
100
AcDbPolyline
90
4
70
0
38
0.0
39
0.0
10
-16.200675
20
12.621019
40
0.0
41
0.0
42
0.0
10
-16.240414
20
12.598076
40
0.0
41
0.0
42
0.0
10
-16.240414
20
12.506575
40
0.0
41
0.0
42
0.0
10
-16.200675
20
12.621019
40
0.0
41
0.0
42
0.0
210
0.0
220
0.0
230
1.0
0
LWPOLYLINE
5
73
330
17
100
AcDbEntity
67
0
8
Add_Red
62
256
6
ByLayer
370
-1
48
1.0
60
0
100
AcDbPolyline
90
7
70
0
38
0.0
39
0.0
10
-15.008357
20
6.732051
40
0.0
41
0.0
42
0.0
10
-15.008357
20
8.732051
40
0.0
41
0.0
42
0.0
10
-16.740408
20
9.732051
40
0.0
41
0.0
42
0.0
10
-18.472459
20
8.732051
40
0.0
41
0.0
42
0.0
10
-18.472459
20
6.732051
40
0.0
41
0.0
42
0.0
10
-16.740408
20
5.732051
40
0.0
41
0.0
42
0.0
10
-15.008357
20
6.732051
40
0.0
41
0.0
42
0.0
210
0.0
220
0.0
230
1.0
0
LWPOLYLINE
5
74
330
17
100
AcDbEntity
67
0
8
Add_Red
62
256
6
ByLayer
370
-1
48
1.0
60
0
100
AcDbPolyline
90
7
70
0
38
0.0
39
0.0
10
-19.472458
20
6.732051
40
0.0
41
0.0
42
0.0
10
-19.472458
20
8.732051
40
0.0
41
0.0
42
0.0
10
-21.204509
20
9.732051
40
0.0
41
0.0
42
0.0
10
-22.936559
20
8.732051
40
0.0
41
0.0
42
0.0
10
-22.936559
20
6.732051
40
0.0
41
0.0
42
0.0
10
-21.204509
20
5.732051
40
0.0
41
0.0
42
0.0
10
-19.472458
20
6.732051
40
0.0
41
0.0
42
0.0
210
0.0
220
0.0
230
1.0
0
LWPOLYLINE
5
75
330
17
100
AcDbEntity
67
0
8
Add_Red
62
256
6
ByLayer
370
-1
48
1.0
60
0
100
AcDbPolyline
90
7
70
0
38
0.0
39
0.0
10
-23.936559
20
6.732051
40
0.0
41
0.0
42
0.0
10
-23.936559
20
8.732051
40
0.0
41
0.0
42
0.0
10
-25.66861
20
9.732051
40
0.0
41
0.0
42
0.0
10
-27.40066
20
8.732051
40
0.0
41
0.0
42
0.0
10
-27.40066
20
6.732051
40
0.0
41
0.0
42
0.0
10
-25.66861
20
5.732051
40
0.0
41
0.0
42
0.0
10
-23.936559
20
6.732051
40
0.0
41
0.0
42
0.0
210
0.0
220
0.0
230
1.0
0
LWPOLYLINE
5
76
330
17
100
AcDbEntity
67
0
8
Add_Red
62
256
6
ByLayer
370
-1
48
1.0
60
0
100
AcDbPolyline
90
7
70
0
38
0.0
39
0.0
10
-28.40066
20
6.732051
40
0.0
41
0.0
42
0.0
10
-28.40066
20
8.732051
40
0.0
41
0.0
42
0.0
10
-30.132711
20
9.732051
40
0.0
41
0.0
42
0.0
10
-31.864762
20
8.732051
40
0.0
41
0.0
42
0.0
10
-31.864762
20
6.732051
40
0.0
41
0.0
42
0.0
10
-30.132711
20
5.732051
40
0.0
41
0.0
42
0.0
10
-28.40066
20
6.732051
40
0.0
41
0.0
42
0.0
210
0.0
220
0.0
230
1.0
0
LWPOLYLINE
5
77
330
17
100
AcDbEntity
67
0
8
Add_Red
62
256
6
ByLayer
370
-1
48
1.0
60
0
100
AcDbPolyline
90
7
70
0
38
0.0
39
0.0
10
-32.864762
20
6.732051
40
0.0
41
0.0
42
0.0
10
-32.864762
20
8.732051
40
0.0
41
0.0
42
0.0
10
-34.596811
20
9.732051
40
0.0
41
0.0
42
0.0
10
-36.328862
20
8.732051
40
0.0
41
0.0
42
0.0
10
-36.328862
20
6.732051
40
0.0
41
0.0
42
0.0
10
-34.596811
20
5.732051
40
0.0
41
0.0
42
0.0
10
-32.864762
20
6.732051
40
0.0
41
0.0
42
0.0
210
0.0
220
0.0
230
1.0
0
LWPOLYLINE
5
78
330
17
100
AcDbEntity
67
0
8
Add_Red
62
256
6
ByLayer
370
-1
48
1.0
60
0
100
AcDbPolyline
90
7
70
0
38
0.0
39
0.0
10
-37.328862
20
6.732051
40
0.0
41
0.0
42
0.0
10
-37.328862
20
8.732051
40
0.0
41
0.0
42
0.0
10
-39.060913
20
9.732051
40
0.0
41
0.0
42
0.0
10
-40.792964
20
8.732051
40
0.0
41
0.0
42
0.0
10
-40.792964
20
6.732051
40
0.0
41
0.0
42
0.0
10
-39.060913
20
5.732051
40
0.0
41
0.0
42
0.0
10
-37.328862
20
6.732051
40
0.0
41
0.0
42
0.0
210
0.0
220
0.0
230
1.0
0
LWPOLYLINE
5
79
330
17
100
AcDbEntity
67
0
8
Add_Red
62
256
6
ByLayer
370
-1
48
1.0
60
0
100
AcDbPolyline
90
4
70
0
38
0.0
39
0.0
10
-14.465513
20
9.622816
40
0.0
41
0.0
42
0.0
10
-14.655937
20
9.683278
40
0.0
41
0.0
42
0.0
10
-14.508363
20
9.598076
40
0.0
41
0.0
42
0.0
10
-14.465513
20
9.622816
40
0.0
41
0.0
42
0.0
210
0.0
220
0.0
230
1.0
0
LWPOLYLINE
5
7A
330
17
100
AcDbEntity
67
0
8
Add_Red
62
256
6
ByLayer
370
-1
48
1.0
60
0
100
AcDbPolyline
90
7
70
0
38
0.0
39
0.0
10
-10.544256
20
6.732051
40
0.0
41
0.0
42
0.0
10
-10.544256
20
8.377765
40
0.0
41
0.0
42
0.0
10
-13.175144
20
9.213107
40
0.0
41
0.0
42
0.0
10
-14.008357
20
8.732051
40
0.0
41
0.0
42
0.0
10
-14.008357
20
6.732051
40
0.0
41
0.0
42
0.0
10
-12.276306
20
5.732051
40
0.0
41
0.0
42
0.0
10
-10.544256
20
6.732051
40
0.0
41
0.0
42
0.0
210
0.0
220
0.0
230
1.0
0
LWPOLYLINE
5
7B
330
17
100
AcDbEntity
67
0
8
Add_Red
62
256
6
ByLayer
370
-1
48
1.0
60
0
100
AcDbPolyline
90
6
70
0
38
0.0
39
0.0
10
-41.792963
20
6.732051
40
0.0
41
0.0
42
0.0
10
-41.792963
20
8.732051
40
0.0
41
0.0
42
0.0
10
-42.443967
20
9.107908
40
0.0
41
0.0
42
0.0
10
-44.029503
20
6.023318
40
0.0
41
0.0
42
0.0
10
-43.525014
20
5.732051
40
0.0
41
0.0
42
0.0
10
-41.792963
20
6.732051
40
0.0
41
0.0
42
0.0
210
0.0
220
0.0
230
1.0
0
LWPOLYLINE
5
7C
330
17
100
AcDbEntity
67
0
8
Add_Red
62
256
6
ByLayer
370
-1
48
1.0
60
0
100
AcDbPolyline
90
5
70
0
38
0.0
39
0.0
10
-8.91294
20
7.8598
40
0.0
41
0.0
42
0.0
10
-9.544256
20
8.060251
40
0.0
41
0.0
42
0.0
10
-9.544256
20
6.732051
40
0.0
41
0.0
42
0.0
10
-9.411608
20
6.655466
40
0.0
41
0.0
42
0.0
10
-8.91294
20
7.8598
40
0.0
41
0.0
42
0.0
210
0.0
220
0.0
230
1.0
0
LWPOLYLINE
5
7D
330
17
100
AcDbEntity
67
0
8
Add_Red
62
256
6
ByLayer
370
-1
48
1.0
60
0
100
AcDbPolyline
90
6
70
0
38
0.0
39
0.0
10
-9.797474
20
5.723561
40
0.0
41
0.0
42
0.0
10
-10.044229
20
5.866025
40
0.0
41
0.0
42
0.0
10
-11.77628
20
4.866025
40
0.0
41
0.0
42
0.0
10
-11.77628
20
2.866025
40
0.0
41
0.0
42
0.0
10
-11.13417
20
2.495302
40
0.0
41
0.0
42
0.0
10
-9.797474
20
5.723561
40
0.0
41
0.0
42
0.0
210
0.0
220
0.0
230
1.0
0
LWPOLYLINE
5
7E
330
17
100
AcDbEntity
67
0
8
Add_Red
62
256
6
ByLayer
370
-1
48
1.0
60
0
100
AcDbPolyline
90
7
70
0
38
0.0
39
0.0
10
-12.77628
20
2.866025
40
0.0
41
0.0
42
0.0
10
-12.77628
20
4.866025
40
0.0
41
0.0
42
0.0
10
-14.50833
20
5.866025
40
0.0
41
0.0
42
0.0
10
-16.240381
20
4.866025
40
0.0
41
0.0
42
0.0
10
-16.240381
20
2.866025
40
0.0
41
0.0
42
0.0
10
-14.50833
20
1.866025
40
0.0
41
0.0
42
0.0
10
-12.77628
20
2.866025
40
0.0
41
0.0
42
0.0
210
0.0
220
0.0
230
1.0
0
LWPOLYLINE
5
7F
330
17
100
AcDbEntity
67
0
8
Add_Red
62
256
6
ByLayer
370
-1
48
1.0
60
0
100
AcDbPolyline
90
7
70
0
38
0.0
39
0.0
10
-17.240381
20
2.866025
40
0.0
41
0.0
42
0.0
10
-17.240381
20
4.866025
40
0.0
41
0.0
42
0.0
10
-18.972432
20
5.866025
40
0.0
41
0.0
42
0.0
10
-20.704483
20
4.866025
40
0.0
41
0.0
42
0.0
10
-20.704483
20
2.866025
40
0.0
41
0.0
42
0.0
10
-18.972432
20
1.866025
40
0.0
41
0.0
42
0.0
10
-17.240381
20
2.866025
40
0.0
41
0.0
42
0.0
210
0.0
220
0.0
230
1.0
0
LWPOLYLINE
5
80
330
17
100
AcDbEntity
67
0
8
Add_Red
62
256
6
ByLayer
370
-1
48
1.0
60
0
100
AcDbPolyline
90
7
70
0
38
0.0
39
0.0
10
-21.704482
20
2.866025
40
0.0
41
0.0
42
0.0
10
-21.704482
20
4.866025
40
0.0
41
0.0
42
0.0
10
-23.436532
20
5.866025
40
0.0
41
0.0
42
0.0
10
-25.168583
20
4.866025
40
0.0
41
0.0
42
0.0
10
-25.168583
20
2.866025
40
0.0
41
0.0
42
0.0
10
-23.436532
20
1.866025
40
0.0
41
0.0
42
0.0
10
-21.704482
20
2.866025
40
0.0
41
0.0
42
0.0
210
0.0
220
0.0
230
1.0
0
LWPOLYLINE
5
81
330
17
100
AcDbEntity
67
0
8
Add_Red
62
256
6
ByLayer
370
-1
48
1.0
60
0
100
AcDbPolyline
90
7
70
0
38
0.0
39
0.0
10
-26.168583
20
2.866025
40
0.0
41
0.0
42
0.0
10
-26.168583
20
4.866025
40
0.0
41
0.0
42
0.0
10
-27.900634
20
5.866025
40
0.0
41
0.0
42
0.0
10
-29.632684
20
4.866025
40
0.0
41
0.0
42
0.0
10
-29.632684
20
2.866025
40
0.0
41
0.0
42
0.0
10
-27.900634
20
1.866025
40
0.0
41
0.0
42
0.0
10
-26.168583
20
2.866025
40
0.0
41
0.0
42
0.0
210
0.0
220
0.0
230
1.0
0
LWPOLYLINE
5
82
330
17
100
AcDbEntity
67
0
8
Add_Red
62
256
6
ByLayer
370
-1
48
1.0
60
0
100
AcDbPolyline
90
7
70
0
38
0.0
39
0.0
10
-30.632684
20
2.866025
40
0.0
41
0.0
42
0.0
10
-30.632684
20
4.866025
40
0.0
41
0.0
42
0.0
10
-32.364735
20
5.866025
40
0.0
41
0.0
42
0.0
10
-34.096785
20
4.866025
40
0.0
41
0.0
42
0.0
10
-34.096785
20
2.866025
40
0.0
41
0.0
42
0.0
10
-32.364735
20
1.866025
40
0.0
41
0.0
42
0.0
10
-30.632684
20
2.866025
40
0.0
41
0.0
42
0.0
210
0.0
220
0.0
230
1.0
0
LWPOLYLINE
5
83
330
17
100
AcDbEntity
67
0
8
Add_Red
62
256
6
ByLayer
370
-1
48
1.0
60
0
100
AcDbPolyline
90
7
70
0
38
0.0
39
0.0
10
-35.096785
20
2.866025
40
0.0
41
0.0
42
0.0
10
-35.096785
20
4.866025
40
0.0
41
0.0
42
0.0
10
-36.828835
20
5.866025
40
0.0
41
0.0
42
0.0
10
-38.560886
20
4.866025
40
0.0
41
0.0
42
0.0
10
-38.560886
20
2.866025
40
0.0
41
0.0
42
0.0
10
-36.828835
20
1.866025
40
0.0
41
0.0
42
0.0
10
-35.096785
20
2.866025
40
0.0
41
0.0
42
0.0
210
0.0
220
0.0
230
1.0
0
LWPOLYLINE
5
84
330
17
100
AcDbEntity
67
0
8
Add_Red
62
256
6
ByLayer
370
-1
48
1.0
60
0
100
AcDbPolyline
90
7
70
0
38
0.0
39
0.0
10
-39.560886
20
2.866025
40
0.0
41
0.0
42
0.0
10
-39.560886
20
4.866025
40
0.0
41
0.0
42
0.0
10
-41.292937
20
5.866025
40
0.0
41
0.0
42
0.0
10
-43.024988
20
4.866025
40
0.0
41
0.0
42
0.0
10
-43.024988
20
2.866025
40
0.0
41
0.0
42
0.0
10
-41.292937
20
1.866025
40
0.0
41
0.0
42
0.0
10
-39.560886
20
2.866025
40
0.0
41
0.0
42
0.0
210
0.0
220
0.0
230
1.0
0
LWPOLYLINE
5
85
330
17
100
AcDbEntity
67
0
8
Add_Red
62
256
6
ByLayer
370
-1
48
1.0
60
0
100
AcDbPolyline
90
6
70
0
38
0.0
39
0.0
10
-44.024987
20
2.866025
40
0.0
41
0.0
42
0.0
10
-44.024987
20
4.866025
40
0.0
41
0.0
42
0.0
10
-44.487201
20
5.132885
40
0.0
41
0.0
42
0.0
10
-46.072737
20
2.048294
40
0.0
41
0.0
42
0.0
10
-45.757037
20
1.866025
40
0.0
41
0.0
42
0.0
10
-44.024987
20
2.866025
40
0.0
41
0.0
42
0.0
210
0.0
220
0.0
230
1.0
0
LWPOLYLINE
5
86
330
17
100
AcDbEntity
67
0
8
Add_Red
62
256
6
ByLayer
370
-1
48
1.0
60
0
100
AcDbPolyline
90
6
70
0
38
0.0
39
0.0
10
-11.520039
20
1.563388
40
0.0
41
0.0
42
0.0
10
-12.276274
20
2.0
40
0.0
41
0.0
42
0.0
10
-14.008325
20
1.0
40
0.0
41
0.0
42
0.0
10
-14.008325
20
-1.0
40
0.0
41
0.0
42
0.0
10
-12.856735
20
-1.664871
40
0.0
41
0.0
42
0.0
10
-11.520039
20
1.563388
40
0.0
41
0.0
42
0.0
210
0.0
220
0.0
230
1.0
0
LWPOLYLINE
5
87
330
17
100
AcDbEntity
67
0
8
Add_Red
62
256
6
ByLayer
370
-1
48
1.0
60
0
100
AcDbPolyline
90
7
70
0
38
0.0
39
0.0
10
-15.008325
20
-1.0
40
0.0
41
0.0
42
0.0
10
-15.008325
20
1.0
40
0.0
41
0.0
42
0.0
10
-16.740375
20
2.0
40
0.0
41
0.0
42
0.0
10
-18.472426
20
1.0
40
0.0
41
0.0
42
0.0
10
-18.472426
20
-1.0
40
0.0
41
0.0
42
0.0
10
-16.740375
20
-2.0
40
0.0
41
0.0
42
0.0
10
-15.008325
20
-1.0
40
0.0
41
0.0
42
0.0
210
0.0
220
0.0
230
1.0
0
LWPOLYLINE
5
88
330
17
100
AcDbEntity
67
0
8
Add_Red
62
256
6
ByLayer
370
-1
48
1.0
60
0
100
AcDbPolyline
90
7
70
0
38
0.0
39
0.0
10
-19.472426
20
-1.0
40
0.0
41
0.0
42
0.0
10
-19.472426
20
1.0
40
0.0
41
0.0
42
0.0
10
-21.204477
20
2.0
40
0.0
41
0.0
42
0.0
10
-22.936527
20
1.0
40
0.0
41
0.0
42
0.0
10
-22.936527
20
-1.0
40
0.0
41
0.0
42
0.0
10
-21.204477
20
-2.0
40
0.0
41
0.0
42
0.0
10
-19.472426
20
-1.0
40
0.0
41
0.0
42
0.0
210
0.0
220
0.0
230
1.0
0
LWPOLYLINE
5
89
330
17
100
AcDbEntity
67
0
8
Add_Red
62
256
6
ByLayer
370
-1
48
1.0
60
0
100
AcDbPolyline
90
7
70
0
38
0.0
39
0.0
10
-23.936526
20
-1.0
40
0.0
41
0.0
42
0.0
10
-23.936526
20
1.0
40
0.0
41
0.0
42
0.0
10
-25.668577
20
2.0
40
0.0
41
0.0
42
0.0
10
-27.400628
20
1.0
40
0.0
41
0.0
42
0.0
10
-27.400628
20
-1.0
40
0.0
41
0.0
42
0.0
10
-25.668577
20
-2.0
40
0.0
41
0.0
42
0.0
10
-23.936526
20
-1.0
40
0.0
41
0.0
42
0.0
210
0.0
220
0.0
230
1.0
0
LWPOLYLINE
5
8A
330
17
100
AcDbEntity
67
0
8
Add_Red
62
256
6
ByLayer
370
-1
48
1.0
60
0
100
AcDbPolyline
90
7
70
0
38
0.0
39
0.0
10
-28.400628
20
-1.0
40
0.0
41
0.0
42
0.0
10
-28.400628
20
1.0
40
0.0
41
0.0
42
0.0
10
-30.132679
20
2.0
40
0.0
41
0.0
42
0.0
10
-31.864729
20
1.0
40
0.0
41
0.0
42
0.0
10
-31.864729
20
-1.0
40
0.0
41
0.0
42
0.0
10
-30.132679
20
-2.0
40
0.0
41
0.0
42
0.0
10
-28.400628
20
-1.0
40
0.0
41
0.0
42
0.0
210
0.0
220
0.0
230
1.0
0
LWPOLYLINE
5
8B
330
17
100
AcDbEntity
67
0
8
Add_Red
62
256
6
ByLayer
370
-1
48
1.0
60
0
100
AcDbPolyline
90
7
70
0
38
0.0
39
0.0
10
-32.864729
20
-1.0
40
0.0
41
0.0
42
0.0
10
-32.864729
20
1.0
40
0.0
41
0.0
42
0.0
10
-34.596779
20
2.0
40
0.0
41
0.0
42
0.0
10
-36.32883
20
1.0
40
0.0
41
0.0
42
0.0
10
-36.32883
20
-1.0
40
0.0
41
0.0
42
0.0
10
-34.596779
20
-2.0
40
0.0
41
0.0
42
0.0
10
-32.864729
20
-1.0
40
0.0
41
0.0
42
0.0
210
0.0
220
0.0
230
1.0
0
LWPOLYLINE
5
8C
330
17
100
AcDbEntity
67
0
8
Add_Red
62
256
6
ByLayer
370
-1
48
1.0
60
0
100
AcDbPolyline
90
7
70
0
38
0.0
39
0.0
10
-37.32883
20
-1.0
40
0.0
41
0.0
42
0.0
10
-37.32883
20
1.0
40
0.0
41
0.0
42
0.0
10
-39.06088
20
2.0
40
0.0
41
0.0
42
0.0
10
-40.792931
20
1.0
40
0.0
41
0.0
42
0.0
10
-40.792931
20
-1.0
40
0.0
41
0.0
42
0.0
10
-39.06088
20
-2.0
40
0.0
41
0.0
42
0.0
10
-37.32883
20
-1.0
40
0.0
41
0.0
42
0.0
210
0.0
220
0.0
230
1.0
0
LWPOLYLINE
5
8D
330
17
100
AcDbEntity
67
0
8
Add_Red
62
256
6
ByLayer
370
-1
48
1.0
60
0
100
AcDbPolyline
90
7
70
0
38
0.0
39
0.0
10
-41.792931
20
-1.0
40
0.0
41
0.0
42
0.0
10
-41.792931
20
1.0
40
0.0
41
0.0
42
0.0
10
-43.524982
20
2.0
40
0.0
41
0.0
42
0.0
10
-45.257032
20
1.0
40
0.0
41
0.0
42
0.0
10
-45.257032
20
-1.0
40
0.0
41
0.0
42
0.0
10
-43.524982
20
-2.0
40
0.0
41
0.0
42
0.0
10
-41.792931
20
-1.0
40
0.0
41
0.0
42
0.0
210
0.0
220
0.0
230
1.0
0
LWPOLYLINE
5
8E
330
17
100
AcDbEntity
67
0
8
Add_Red
62
256
6
ByLayer
370
-1
48
1.0
60
0
100
AcDbPolyline
90
7
70
0
38
0.0
39
0.0
10
-46.257031
20
-1.0
40
0.0
41
0.0
42
0.0
10
-46.257031
20
1.0
40
0.0
41
0.0
42
0.0
10
-46.53044
20
1.157853
40
0.0
41
0.0
42
0.0
10
-46.892539
20
0.453405
40
0.0
41
0.0
42
0.0
10
-48.26797
20
-1.838984
40
0.0
41
0.0
42
0.0
10
-47.989082
20
-2.0
40
0.0
41
0.0
42
0.0
10
-46.257031
20
-1.0
40
0.0
41
0.0
42
0.0
210
0.0
220
0.0
230
1.0
0
LWPOLYLINE
5
8F
330
17
100
AcDbEntity
67
0
8
Add_Red
62
256
6
ByLayer
370
-1
48
1.0
60
0
100
AcDbPolyline
90
6
70
0
38
0.0
39
0.0
10
-13.242601
20
-2.596776
40
0.0
41
0.0
42
0.0
10
-14.508298
20
-1.866025
40
0.0
41
0.0
42
0.0
10
-16.240349
20
-2.866025
40
0.0
41
0.0
42
0.0
10
-16.240349
20
-4.866025
40
0.0
41
0.0
42
0.0
10
-14.579297
20
-5.825034
40
0.0
41
0.0
42
0.0
10
-13.242601
20
-2.596776
40
0.0
41
0.0
42
0.0
210
0.0
220
0.0
230
1.0
0
LWPOLYLINE
5
90
330
17
100
AcDbEntity
67
0
8
Add_Red
62
256
6
ByLayer
370
-1
48
1.0
60
0
100
AcDbPolyline
90
7
70
0
38
0.0
39
0.0
10
-17.240349
20
-4.866025
40
0.0
41
0.0
42
0.0
10
-17.240349
20
-2.866025
40
0.0
41
0.0
42
0.0
10
-18.972399
20
-1.866025
40
0.0
41
0.0
42
0.0
10
-20.70445
20
-2.866025
40
0.0
41
0.0
42
0.0
10
-20.70445
20
-4.866025
40
0.0
41
0.0
42
0.0
10
-18.972399
20
-5.866025
40
0.0
41
0.0
42
0.0
10
-17.240349
20
-4.866025
40
0.0
41
0.0
42
0.0
210
0.0
220
0.0
230
1.0
0
LWPOLYLINE
5
91
330
17
100
AcDbEntity
67
0
8
Add_Red
62
256
6
ByLayer
370
-1
48
1.0
60
0
100
AcDbPolyline
90
7
70
0
38
0.0
39
0.0
10
-21.70445
20
-4.866025
40
0.0
41
0.0
42
0.0
10
-21.70445
20
-2.866025
40
0.0
41
0.0
42
0.0
10
-23.4365
20
-1.866025
40
0.0
41
0.0
42
0.0
10
-25.168551
20
-2.866025
40
0.0
41
0.0
42
0.0
10
-25.168551
20
-4.866025
40
0.0
41
0.0
42
0.0
10
-23.4365
20
-5.866025
40
0.0
41
0.0
42
0.0
10
-21.70445
20
-4.866025
40
0.0
41
0.0
42
0.0
210
0.0
220
0.0
230
1.0
0
LWPOLYLINE
5
92
330
17
100
AcDbEntity
67
0
8
Add_Red
62
256
6
ByLayer
370
-1
48
1.0
60
0
100
AcDbPolyline
90
7
70
0
38
0.0
39
0.0
10
-26.16855
20
-4.866025
40
0.0
41
0.0
42
0.0
10
-26.16855
20
-2.866025
40
0.0
41
0.0
42
0.0
10
-27.900601
20
-1.866025
40
0.0
41
0.0
42
0.0
10
-29.632652
20
-2.866025
40
0.0
41
0.0
42
0.0
10
-29.632652
20
-4.866025
40
0.0
41
0.0
42
0.0
10
-27.900601
20
-5.866025
40
0.0
41
0.0
42
0.0
10
-26.16855
20
-4.866025
40
0.0
41
0.0
42
0.0
210
0.0
220
0.0
230
1.0
0
LWPOLYLINE
5
93
330
17
100
AcDbEntity
67
0
8
Add_Red
62
256
6
ByLayer
370
-1
48
1.0
60
0
100
AcDbPolyline
90
7
70
0
38
0.0
39
0.0
10
-30.632652
20
-4.866025
40
0.0
41
0.0
42
0.0
10
-30.632652
20
-2.866025
40
0.0
41
0.0
42
0.0
10
-32.364703
20
-1.866025
40
0.0
41
0.0
42
0.0
10
-34.096752
20
-2.866025
40
0.0
41
0.0
42
0.0
10
-34.096752
20
-4.866025
40
0.0
41
0.0
42
0.0
10
-32.364703
20
-5.866025
40
0.0
41
0.0
42
0.0
10
-30.632652
20
-4.866025
40
0.0
41
0.0
42
0.0
210
0.0
220
0.0
230
1.0
0
LWPOLYLINE
5
94
330
17
100
AcDbEntity
67
0
8
Add_Red
62
256
6
ByLayer
370
-1
48
1.0
60
0
100
AcDbPolyline
90
7
70
0
38
0.0
39
0.0
10
-35.096752
20
-4.866025
40
0.0
41
0.0
42
0.0
10
-35.096752
20
-2.866025
40
0.0
41
0.0
42
0.0
10
-36.828803
20
-1.866025
40
0.0
41
0.0
42
0.0
10
-38.560854
20
-2.866025
40
0.0
41
0.0
42
0.0
10
-38.560854
20
-4.866025
40
0.0
41
0.0
42
0.0
10
-36.828803
20
-5.866025
40
0.0
41
0.0
42
0.0
10
-35.096752
20
-4.866025
40
0.0
41
0.0
42
0.0
210
0.0
220
0.0
230
1.0
0
LWPOLYLINE
5
95
330
17
100
AcDbEntity
67
0
8
Add_Red
62
256
6
ByLayer
370
-1
48
1.0
60
0
100
AcDbPolyline
90
7
70
0
38
0.0
39
0.0
10
-39.560854
20
-4.866025
40
0.0
41
0.0
42
0.0
10
-39.560854
20
-2.866025
40
0.0
41
0.0
42
0.0
10
-41.292904
20
-1.866025
40
0.0
41
0.0
42
0.0
10
-43.024955
20
-2.866025
40
0.0
41
0.0
42
0.0
10
-43.024955
20
-4.866025
40
0.0
41
0.0
42
0.0
10
-41.292904
20
-5.866025
40
0.0
41
0.0
42
0.0
10
-39.560854
20
-4.866025
40
0.0
41
0.0
42
0.0
210
0.0
220
0.0
230
1.0
0
LWPOLYLINE
5
96
330
17
100
AcDbEntity
67
0
8
Add_Red
62
256
6
ByLayer
370
-1
48
1.0
60
0
100
AcDbPolyline
90
7
70
0
38
0.0
39
0.0
10
-44.024955
20
-4.866025
40
0.0
41
0.0
42
0.0
10
-44.024955
20
-2.866025
40
0.0
41
0.0
42
0.0
10
-45.757005
20
-1.866025
40
0.0
41
0.0
42
0.0
10
-47.489056
20
-2.866025
40
0.0
41
0.0
42
0.0
10
-47.489056
20
-4.866025
40
0.0
41
0.0
42
0.0
10
-45.757005
20
-5.866025
40
0.0
41
0.0
42
0.0
10
-44.024955
20
-4.866025
40
0.0
41
0.0
42
0.0
210
0.0
220
0.0
230
1.0
0
LWPOLYLINE
5
97
330
17
100
AcDbEntity
67
0
8
Add_Red
62
256
6
ByLayer
370
-1
48
1.0
60
0
100
AcDbPolyline
90
6
70
0
38
0.0
39
0.0
10
-48.489055
20
-4.866025
40
0.0
41
0.0
42
0.0
10
-48.489055
20
-2.866025
40
0.0
41
0.0
42
0.0
10
-48.782531
20
-2.696586
40
0.0
41
0.0
42
0.0
10
-50.565047
20
-5.66745
40
0.0
41
0.0
42
0.0
10
-50.221106
20
-5.866025
40
0.0
41
0.0
42
0.0
10
-48.489055
20
-4.866025
40
0.0
41
0.0
42
0.0
210
0.0
220
0.0
230
1.0
0
LWPOLYLINE
5
98
330
17
100
AcDbEntity
67
0
8
Add_Red
62
256
6
ByLayer
370
-1
48
1.0
60
0
100
AcDbPolyline
90
8
70
0
38
0.0
39
0.0
10
-16.026356
20
-9.319831
40
0.0
41
0.0
42
0.0
10
-15.008292
20
-6.861101
40
0.0
41
0.0
42
0.0
10
-15.008292
20
-6.732051
40
0.0
41
0.0
42
0.0
10
-16.740343
20
-5.732051
40
0.0
41
0.0
42
0.0
10
-18.472394
20
-6.732051
40
0.0
41
0.0
42
0.0
10
-18.472394
20
-8.732051
40
0.0
41
0.0
42
0.0
10
-16.740343
20
-9.732051
40
0.0
41
0.0
42
0.0
10
-16.026356
20
-9.319831
40
0.0
41
0.0
42
0.0
210
0.0
220
0.0
230
1.0
0
LWPOLYLINE
5
99
330
17
100
AcDbEntity
67
0
8
Add_Red
62
256
6
ByLayer
370
-1
48
1.0
60
0
100
AcDbPolyline
90
7
70
0
38
0.0
39
0.0
10
-19.472393
20
-8.732051
40
0.0
41
0.0
42
0.0
10
-19.472393
20
-6.732051
40
0.0
41
0.0
42
0.0
10
-21.204444
20
-5.732051
40
0.0
41
0.0
42
0.0
10
-22.936494
20
-6.732051
40
0.0
41
0.0
42
0.0
10
-22.936494
20
-8.732051
40
0.0
41
0.0
42
0.0
10
-21.204444
20
-9.732051
40
0.0
41
0.0
42
0.0
10
-19.472393
20
-8.732051
40
0.0
41
0.0
42
0.0
210
0.0
220
0.0
230
1.0
0
LWPOLYLINE
5
9A
330
17
100
AcDbEntity
67
0
8
Add_Red
62
256
6
ByLayer
370
-1
48
1.0
60
0
100
AcDbPolyline
90
7
70
0
38
0.0
39
0.0
10
-23.936494
20
-8.732051
40
0.0
41
0.0
42
0.0
10
-23.936494
20
-6.732051
40
0.0
41
0.0
42
0.0
10
-25.668545
20
-5.732051
40
0.0
41
0.0
42
0.0
10
-27.400596
20
-6.732051
40
0.0
41
0.0
42
0.0
10
-27.400596
20
-8.732051
40
0.0
41
0.0
42
0.0
10
-25.668545
20
-9.732051
40
0.0
41
0.0
42
0.0
10
-23.936494
20
-8.732051
40
0.0
41
0.0
42
0.0
210
0.0
220
0.0
230
1.0
0
LWPOLYLINE
5
9B
330
17
100
AcDbEntity
67
0
8
Add_Red
62
256
6
ByLayer
370
-1
48
1.0
60
0
100
AcDbPolyline
90
7
70
0
38
0.0
39
0.0
10
-28.400595
20
-8.732051
40
0.0
41
0.0
42
0.0
10
-28.400595
20
-6.732051
40
0.0
41
0.0
42
0.0
10
-30.132646
20
-5.732051
40
0.0
41
0.0
42
0.0
10
-31.864697
20
-6.732051
40
0.0
41
0.0
42
0.0
10
-31.864697
20
-8.732051
40
0.0
41
0.0
42
0.0
10
-30.132646
20
-9.732051
40
0.0
41
0.0
42
0.0
10
-28.400595
20
-8.732051
40
0.0
41
0.0
42
0.0
210
0.0
220
0.0
230
1.0
0
LWPOLYLINE
5
9C
330
17
100
AcDbEntity
67
0
8
Add_Red
62
256
6
ByLayer
370
-1
48
1.0
60
0
100
AcDbPolyline
90
7
70
0
38
0.0
39
0.0
10
-32.864697
20
-8.732051
40
0.0
41
0.0
42
0.0
10
-32.864697
20
-6.732051
40
0.0
41
0.0
42
0.0
10
-34.596746
20
-5.732051
40
0.0
41
0.0
42
0.0
10
-36.328797
20
-6.732051
40
0.0
41
0.0
42
0.0
10
-36.328797
20
-8.732051
40
0.0
41
0.0
42
0.0
10
-34.596746
20
-9.732051
40
0.0
41
0.0
42
0.0
10
-32.864697
20
-8.732051
40
0.0
41
0.0
42
0.0
210
0.0
220
0.0
230
1.0
0
LWPOLYLINE
5
9D
330
17
100
AcDbEntity
67
0
8
Add_Red
62
256
6
ByLayer
370
-1
48
1.0
60
0
100
AcDbPolyline
90
7
70
0
38
0.0
39
0.0
10
-37.328797
20
-8.732051
40
0.0
41
0.0
42
0.0
10
-37.328797
20
-6.732051
40
0.0
41
0.0
42
0.0
10
-39.060848
20
-5.732051
40
0.0
41
0.0
42
0.0
10
-40.792899
20
-6.732051
40
0.0
41
0.0
42
0.0
10
-40.792899
20
-8.732051
40
0.0
41
0.0
42
0.0
10
-39.060848
20
-9.732051
40
0.0
41
0.0
42
0.0
10
-37.328797
20
-8.732051
40
0.0
41
0.0
42
0.0
210
0.0
220
0.0
230
1.0
0
LWPOLYLINE
5
9E
330
17
100
AcDbEntity
67
0
8
Add_Red
62
256
6
ByLayer
370
-1
48
1.0
60
0
100
AcDbPolyline
90
7
70
0
38
0.0
39
0.0
10
-41.792898
20
-8.732051
40
0.0
41
0.0
42
0.0
10
-41.792898
20
-6.732051
40
0.0
41
0.0
42
0.0
10
-43.524949
20
-5.732051
40
0.0
41
0.0
42
0.0
10
-45.256999
20
-6.732051
40
0.0
41
0.0
42
0.0
10
-45.256999
20
-8.732051
40
0.0
41
0.0
42
0.0
10
-43.524949
20
-9.732051
40
0.0
41
0.0
42
0.0
10
-41.792898
20
-8.732051
40
0.0
41
0.0
42
0.0
210
0.0
220
0.0
230
1.0
0
LWPOLYLINE
5
9F
330
17
100
AcDbEntity
67
0
8
Add_Red
62
256
6
ByLayer
370
-1
48
1.0
60
0
100
AcDbPolyline
90
7
70
0
38
0.0
39
0.0
10
-46.256999
20
-8.732051
40
0.0
41
0.0
42
0.0
10
-46.256999
20
-6.732051
40
0.0
41
0.0
42
0.0
10
-47.98905
20
-5.732051
40
0.0
41
0.0
42
0.0
10
-49.721101
20
-6.732051
40
0.0
41
0.0
42
0.0
10
-49.721101
20
-8.732051
40
0.0
41
0.0
42
0.0
10
-47.98905
20
-9.732051
40
0.0
41
0.0
42
0.0
10
-46.256999
20
-8.732051
40
0.0
41
0.0
42
0.0
210
0.0
220
0.0
230
1.0
0
LWPOLYLINE
5
A0
330
17
100
AcDbEntity
67
0
8
Add_Red
62
256
6
ByLayer
370
-1
48
1.0
60
0
100
AcDbPolyline
90
6
70
0
38
0.0
39
0.0
10
-50.7211
20
-8.732051
40
0.0
41
0.0
42
0.0
10
-50.7211
20
-6.732051
40
0.0
41
0.0
42
0.0
10
-51.079614
20
-6.525063
40
0.0
41
0.0
42
0.0
10
-52.86213
20
-9.495927
40
0.0
41
0.0
42
0.0
10
-52.453151
20
-9.732051
40
0.0
41
0.0
42
0.0
10
-50.7211
20
-8.732051
40
0.0
41
0.0
42
0.0
210
0.0
220
0.0
230
1.0
0
LWPOLYLINE
5
A1
330
17
100
AcDbEntity
67
0
8
Add_Red
62
256
6
ByLayer
370
-1
48
1.0
60
0
100
AcDbPolyline
90
8
70
0
38
0.0
39
0.0
10
-17.428811
20
-12.706904
40
0.0
41
0.0
42
0.0
10
-17.240316
20
-12.251668
40
0.0
41
0.0
42
0.0
10
-17.240316
20
-10.598076
40
0.0
41
0.0
42
0.0
10
-18.972367
20
-9.598076
40
0.0
41
0.0
42
0.0
10
-20.704418
20
-10.598076
40
0.0
41
0.0
42
0.0
10
-20.704418
20
-12.598076
40
0.0
41
0.0
42
0.0
10
-18.972367
20
-13.598076
40
0.0
41
0.0
42
0.0
10
-17.428811
20
-12.706904
40
0.0
41
0.0
42
0.0
210
0.0
220
0.0
230
1.0
0
LWPOLYLINE
5
A2
330
17
100
AcDbEntity
67
0
8
Add_Red
62
256
6
ByLayer
370
-1
48
1.0
60
0
100
AcDbPolyline
90
7
70
0
38
0.0
39
0.0
10
-21.704417
20
-12.598076
40
0.0
41
0.0
42
0.0
10
-21.704417
20
-10.598076
40
0.0
41
0.0
42
0.0
10
-23.436467
20
-9.598076
40
0.0
41
0.0
42
0.0
10
-25.168518
20
-10.598076
40
0.0
41
0.0
42
0.0
10
-25.168518
20
-12.598076
40
0.0
41
0.0
42
0.0
10
-23.436467
20
-13.598076
40
0.0
41
0.0
42
0.0
10
-21.704417
20
-12.598076
40
0.0
41
0.0
42
0.0
210
0.0
220
0.0
230
1.0
0
LWPOLYLINE
5
A3
330
17
100
AcDbEntity
67
0
8
Add_Red
62
256
6
ByLayer
370
-1
48
1.0
60
0
100
AcDbPolyline
90
7
70
0
38
0.0
39
0.0
10
-26.168518
20
-12.598076
40
0.0
41
0.0
42
0.0
10
-26.168518
20
-10.598076
40
0.0
41
0.0
42
0.0
10
-27.900569
20
-9.598076
40
0.0
41
0.0
42
0.0
10
-29.63262
20
-10.598076
40
0.0
41
0.0
42
0.0
10
-29.63262
20
-12.598076
40
0.0
41
0.0
42
0.0
10
-27.900569
20
-13.598076
40
0.0
41
0.0
42
0.0
10
-26.168518
20
-12.598076
40
0.0
41
0.0
42
0.0
210
0.0
220
0.0
230
1.0
0
LWPOLYLINE
5
A4
330
17
100
AcDbEntity
67
0
8
Add_Red
62
256
6
ByLayer
370
-1
48
1.0
60
0
100
AcDbPolyline
90
7
70
0
38
0.0
39
0.0
10
-30.632619
20
-12.598076
40
0.0
41
0.0
42
0.0
10
-30.632619
20
-10.598076
40
0.0
41
0.0
42
0.0
10
-32.36467
20
-9.598076
40
0.0
41
0.0
42
0.0
10
-34.09672
20
-10.598076
40
0.0
41
0.0
42
0.0
10
-34.09672
20
-12.598076
40
0.0
41
0.0
42
0.0
10
-32.36467
20
-13.598076
40
0.0
41
0.0
42
0.0
10
-30.632619
20
-12.598076
40
0.0
41
0.0
42
0.0
210
0.0
220
0.0
230
1.0
0
LWPOLYLINE
5
A5
330
17
100
AcDbEntity
67
0
8
Add_Red
62
256
6
ByLayer
370
-1
48
1.0
60
0
100
AcDbPolyline
90
7
70
0
38
0.0
39
0.0
10
-35.09672
20
-12.598076
40
0.0
41
0.0
42
0.0
10
-35.09672
20
-10.598076
40
0.0
41
0.0
42
0.0
10
-36.828771
20
-9.598076
40
0.0
41
0.0
42
0.0
10
-38.560821
20
-10.598076
40
0.0
41
0.0
42
0.0
10
-38.560821
20
-12.598076
40
0.0
41
0.0
42
0.0
10
-36.828771
20
-13.598076
40
0.0
41
0.0
42
0.0
10
-35.09672
20
-12.598076
40
0.0
41
0.0
42
0.0
210
0.0
220
0.0
230
1.0
0
LWPOLYLINE
5
A6
330
17
100
AcDbEntity
67
0
8
Add_Red
62
256
6
ByLayer
370
-1
48
1.0
60
0
100
AcDbPolyline
90
7
70
0
38
0.0
39
0.0
10
-39.560821
20
-12.598076
40
0.0
41
0.0
42
0.0
10
-39.560821
20
-10.598076
40
0.0
41
0.0
42
0.0
10
-41.292872
20
-9.598076
40
0.0
41
0.0
42
0.0
10
-43.024923
20
-10.598076
40
0.0
41
0.0
42
0.0
10
-43.024923
20
-12.598076
40
0.0
41
0.0
42
0.0
10
-41.292872
20
-13.598076
40
0.0
41
0.0
42
0.0
10
-39.560821
20
-12.598076
40
0.0
41
0.0
42
0.0
210
0.0
220
0.0
230
1.0
0
LWPOLYLINE
5
A7
330
17
100
AcDbEntity
67
0
8
Add_Red
62
256
6
ByLayer
370
-1
48
1.0
60
0
100
AcDbPolyline
90
7
70
0
38
0.0
39
0.0
10
-44.024922
20
-12.598076
40
0.0
41
0.0
42
0.0
10
-44.024922
20
-10.598076
40
0.0
41
0.0
42
0.0
10
-45.756972
20
-9.598076
40
0.0
41
0.0
42
0.0
10
-47.489023
20
-10.598076
40
0.0
41
0.0
42
0.0
10
-47.489023
20
-12.598076
40
0.0
41
0.0
42
0.0
10
-45.756972
20
-13.598076
40
0.0
41
0.0
42
0.0
10
-44.024922
20
-12.598076
40
0.0
41
0.0
42
0.0
210
0.0
220
0.0
230
1.0
0
LWPOLYLINE
5
A8
330
17
100
AcDbEntity
67
0
8
Add_Red
62
256
6
ByLayer
370
-1
48
1.0
60
0
100
AcDbPolyline
90
7
70
0
38
0.0
39
0.0
10
-48.489023
20
-12.598076
40
0.0
41
0.0
42
0.0
10
-48.489023
20
-10.598076
40
0.0
41
0.0
42
0.0
10
-50.221074
20
-9.598076
40
0.0
41
0.0
42
0.0
10
-51.953125
20
-10.598076
40
0.0
41
0.0
42
0.0
10
-51.953125
20
-12.598076
40
0.0
41
0.0
42
0.0
10
-50.221074
20
-13.598076
40
0.0
41
0.0
42
0.0
10
-48.489023
20
-12.598076
40
0.0
41
0.0
42
0.0
210
0.0
220
0.0
230
1.0
0
LWPOLYLINE
5
A9
330
17
100
AcDbEntity
67
0
8
Add_Red
62
256
6
ByLayer
370
-1
48
1.0
60
0
100
AcDbPolyline
90
6
70
0
38
0.0
39
0.0
10
-52.953124
20
-12.598076
40
0.0
41
0.0
42
0.0
10
-52.953124
20
-10.598076
40
0.0
41
0.0
42
0.0
10
-53.364421
20
-10.360613
40
0.0
41
0.0
42
0.0
10
-54.965112
20
-13.436454
40
0.0
41
0.0
42
0.0
10
-54.685175
20
-13.598076
40
0.0
41
0.0
42
0.0
10
-52.953124
20
-12.598076
40
0.0
41
0.0
42
0.0
210
0.0
220
0.0
230
1.0
0
LWPOLYLINE
5
AA
330
17
100
AcDbEntity
67
0
8
Add_Red
62
256
6
ByLayer
370
-1
48
1.0
60
0
100
AcDbPolyline
90
7
70
0
38
0.0
39
0.0
10
-19.472361
20
-16.464103
40
0.0
41
0.0
42
0.0
10
-19.472361
20
-14.464102
40
0.0
41
0.0
42
0.0
10
-21.204412
20
-13.464102
40
0.0
41
0.0
42
0.0
10
-22.936462
20
-14.464102
40
0.0
41
0.0
42
0.0
10
-22.936462
20
-16.464103
40
0.0
41
0.0
42
0.0
10
-21.204412
20
-17.464103
40
0.0
41
0.0
42
0.0
10
-19.472361
20
-16.464103
40
0.0
41
0.0
42
0.0
210
0.0
220
0.0
230
1.0
0
LWPOLYLINE
5
AB
330
17
100
AcDbEntity
67
0
8
Add_Red
62
256
6
ByLayer
370
-1
48
1.0
60
0
100
AcDbPolyline
90
7
70
0
38
0.0
39
0.0
10
-23.936461
20
-16.464103
40
0.0
41
0.0
42
0.0
10
-23.936461
20
-14.464102
40
0.0
41
0.0
42
0.0
10
-25.668512
20
-13.464102
40
0.0
41
0.0
42
0.0
10
-27.400563
20
-14.464102
40
0.0
41
0.0
42
0.0
10
-27.400563
20
-16.464103
40
0.0
41
0.0
42
0.0
10
-25.668512
20
-17.464103
40
0.0
41
0.0
42
0.0
10
-23.936461
20
-16.464103
40
0.0
41
0.0
42
0.0
210
0.0
220
0.0
230
1.0
0
LWPOLYLINE
5
AC
330
17
100
AcDbEntity
67
0
8
Add_Red
62
256
6
ByLayer
370
-1
48
1.0
60
0
100
AcDbPolyline
90
7
70
0
38
0.0
39
0.0
10
-28.400563
20
-16.464103
40
0.0
41
0.0
42
0.0
10
-28.400563
20
-14.464102
40
0.0
41
0.0
42
0.0
10
-30.132614
20
-13.464102
40
0.0
41
0.0
42
0.0
10
-31.864665
20
-14.464102
40
0.0
41
0.0
42
0.0
10
-31.864665
20
-16.464103
40
0.0
41
0.0
42
0.0
10
-30.132614
20
-17.464103
40
0.0
41
0.0
42
0.0
10
-28.400563
20
-16.464103
40
0.0
41
0.0
42
0.0
210
0.0
220
0.0
230
1.0
0
LWPOLYLINE
5
AD
330
17
100
AcDbEntity
67
0
8
Add_Red
62
256
6
ByLayer
370
-1
48
1.0
60
0
100
AcDbPolyline
90
7
70
0
38
0.0
39
0.0
10
-32.864664
20
-16.464103
40
0.0
41
0.0
42
0.0
10
-32.864664
20
-14.464102
40
0.0
41
0.0
42
0.0
10
-34.596714
20
-13.464102
40
0.0
41
0.0
42
0.0
10
-36.328765
20
-14.464102
40
0.0
41
0.0
42
0.0
10
-36.328765
20
-16.464103
40
0.0
41
0.0
42
0.0
10
-34.596714
20
-17.464103
40
0.0
41
0.0
42
0.0
10
-32.864664
20
-16.464103
40
0.0
41
0.0
42
0.0
210
0.0
220
0.0
230
1.0
0
LWPOLYLINE
5
AE
330
17
100
AcDbEntity
67
0
8
Add_Red
62
256
6
ByLayer
370
-1
48
1.0
60
0
100
AcDbPolyline
90
7
70
0
38
0.0
39
0.0
10
-37.328765
20
-16.464103
40
0.0
41
0.0
42
0.0
10
-37.328765
20
-14.464102
40
0.0
41
0.0
42
0.0
10
-39.060816
20
-13.464102
40
0.0
41
0.0
42
0.0
10
-40.792866
20
-14.464102
40
0.0
41
0.0
42
0.0
10
-40.792866
20
-16.464103
40
0.0
41
0.0
42
0.0
10
-39.060816
20
-17.464103
40
0.0
41
0.0
42
0.0
10
-37.328765
20
-16.464103
40
0.0
41
0.0
42
0.0
210
0.0
220
0.0
230
1.0
0
LWPOLYLINE
5
AF
330
17
100
AcDbEntity
67
0
8
Add_Red
62
256
6
ByLayer
370
-1
48
1.0
60
0
100
AcDbPolyline
90
7
70
0
38
0.0
39
0.0
10
-41.792866
20
-16.464103
40
0.0
41
0.0
42
0.0
10
-41.792866
20
-14.464102
40
0.0
41
0.0
42
0.0
10
-43.524917
20
-13.464102
40
0.0
41
0.0
42
0.0
10
-45.256967
20
-14.464102
40
0.0
41
0.0
42
0.0
10
-45.256967
20
-16.464103
40
0.0
41
0.0
42
0.0
10
-43.524917
20
-17.464103
40
0.0
41
0.0
42
0.0
10
-41.792866
20
-16.464103
40
0.0
41
0.0
42
0.0
210
0.0
220
0.0
230
1.0
0
LWPOLYLINE
5
B0
330
17
100
AcDbEntity
67
0
8
Add_Red
62
256
6
ByLayer
370
-1
48
1.0
60
0
100
AcDbPolyline
90
7
70
0
38
0.0
39
0.0
10
-46.256966
20
-16.464103
40
0.0
41
0.0
42
0.0
10
-46.256966
20
-14.464102
40
0.0
41
0.0
42
0.0
10
-47.989017
20
-13.464102
40
0.0
41
0.0
42
0.0
10
-49.721068
20
-14.464102
40
0.0
41
0.0
42
0.0
10
-49.721068
20
-16.464103
40
0.0
41
0.0
42
0.0
10
-47.989017
20
-17.464103
40
0.0
41
0.0
42
0.0
10
-46.256966
20
-16.464103
40
0.0
41
0.0
42
0.0
210
0.0
220
0.0
230
1.0
0
LWPOLYLINE
5
B1
330
17
100
AcDbEntity
67
0
8
Add_Red
62
256
6
ByLayer
370
-1
48
1.0
60
0
100
AcDbPolyline
90
7
70
0
38
0.0
39
0.0
10
-50.721068
20
-16.464103
40
0.0
41
0.0
42
0.0
10
-50.721068
20
-14.464102
40
0.0
41
0.0
42
0.0
10
-52.453119
20
-13.464102
40
0.0
41
0.0
42
0.0
10
-54.18517
20
-14.464102
40
0.0
41
0.0
42
0.0
10
-54.18517
20
-16.464103
40
0.0
41
0.0
42
0.0
10
-52.453119
20
-17.464103
40
0.0
41
0.0
42
0.0
10
-50.721068
20
-16.464103
40
0.0
41
0.0
42
0.0
210
0.0
220
0.0
230
1.0
0
LWPOLYLINE
5
B2
330
17
100
AcDbEntity
67
0
8
Add_Red
62
256
6
ByLayer
370
-1
48
1.0
60
0
100
AcDbPolyline
90
4
70
0
38
0.0
39
0.0
10
-18.057136
20
-14.224371
40
0.0
41
0.0
42
0.0
10
-18.472361
20
-14.464102
40
0.0
41
0.0
42
0.0
10
-18.472361
20
-15.227183
40
0.0
41
0.0
42
0.0
10
-18.057136
20
-14.224371
40
0.0
41
0.0
42
0.0
210
0.0
220
0.0
230
1.0
0
LWPOLYLINE
5
B3
330
17
100
AcDbEntity
67
0
8
Add_Red
62
256
6
ByLayer
370
-1
48
1.0
60
0
100
AcDbPolyline
90
6
70
0
38
0.0
39
0.0
10
-55.185169
20
-16.464103
40
0.0
41
0.0
42
0.0
10
-55.185169
20
-14.464102
40
0.0
41
0.0
42
0.0
10
-55.427191
20
-14.324371
40
0.0
41
0.0
42
0.0
10
-57.027882
20
-17.400212
40
0.0
41
0.0
42
0.0
10
-56.917219
20
-17.464103
40
0.0
41
0.0
42
0.0
10
-55.185169
20
-16.464103
40
0.0
41
0.0
42
0.0
210
0.0
220
0.0
230
1.0
0
LWPOLYLINE
5
B4
330
17
100
AcDbEntity
67
0
8
Add_Red
62
256
6
ByLayer
370
-1
48
1.0
60
0
100
AcDbPolyline
90
7
70
0
38
0.0
39
0.0
10
-21.704385
20
-20.330128
40
0.0
41
0.0
42
0.0
10
-21.704385
20
-18.330128
40
0.0
41
0.0
42
0.0
10
-23.436435
20
-17.330128
40
0.0
41
0.0
42
0.0
10
-25.168486
20
-18.330128
40
0.0
41
0.0
42
0.0
10
-25.168486
20
-20.330128
40
0.0
41
0.0
42
0.0
10
-23.436435
20
-21.330128
40
0.0
41
0.0
42
0.0
10
-21.704385
20
-20.330128
40
0.0
41
0.0
42
0.0
210
0.0
220
0.0
230
1.0
0
LWPOLYLINE
5
B5
330
17
100
AcDbEntity
67
0
8
Add_Red
62
256
6
ByLayer
370
-1
48
1.0
60
0
100
AcDbPolyline
90
7
70
0
38
0.0
39
0.0
10
-26.168485
20
-20.330128
40
0.0
41
0.0
42
0.0
10
-26.168485
20
-18.330128
40
0.0
41
0.0
42
0.0
10
-27.900536
20
-17.330128
40
0.0
41
0.0
42
0.0
10
-29.632587
20
-18.330128
40
0.0
41
0.0
42
0.0
10
-29.632587
20
-20.330128
40
0.0
41
0.0
42
0.0
10
-27.900536
20
-21.330128
40
0.0
41
0.0
42
0.0
10
-26.168485
20
-20.330128
40
0.0
41
0.0
42
0.0
210
0.0
220
0.0
230
1.0
0
LWPOLYLINE
5
B6
330
17
100
AcDbEntity
67
0
8
Add_Red
62
256
6
ByLayer
370
-1
48
1.0
60
0
100
AcDbPolyline
90
7
70
0
38
0.0
39
0.0
10
-30.632587
20
-20.330128
40
0.0
41
0.0
42
0.0
10
-30.632587
20
-18.330128
40
0.0
41
0.0
42
0.0
10
-32.364638
20
-17.330128
40
0.0
41
0.0
42
0.0
10
-34.096688
20
-18.330128
40
0.0
41
0.0
42
0.0
10
-34.096688
20
-20.330128
40
0.0
41
0.0
42
0.0
10
-32.364638
20
-21.330128
40
0.0
41
0.0
42
0.0
10
-30.632587
20
-20.330128
40
0.0
41
0.0
42
0.0
210
0.0
220
0.0
230
1.0
0
LWPOLYLINE
5
B7
330
17
100
AcDbEntity
67
0
8
Add_Red
62
256
6
ByLayer
370
-1
48
1.0
60
0
100
AcDbPolyline
90
7
70
0
38
0.0
39
0.0
10
-35.096687
20
-20.330128
40
0.0
41
0.0
42
0.0
10
-35.096687
20
-18.330128
40
0.0
41
0.0
42
0.0
10
-36.828738
20
-17.330128
40
0.0
41
0.0
42
0.0
10
-38.560789
20
-18.330128
40
0.0
41
0.0
42
0.0
10
-38.560789
20
-20.330128
40
0.0
41
0.0
42
0.0
10
-36.828738
20
-21.330128
40
0.0
41
0.0
42
0.0
10
-35.096687
20
-20.330128
40
0.0
41
0.0
42
0.0
210
0.0
220
0.0
230
1.0
0
LWPOLYLINE
5
B8
330
17
100
AcDbEntity
67
0
8
Add_Red
62
256
6
ByLayer
370
-1
48
1.0
60
0
100
AcDbPolyline
90
7
70
0
38
0.0
39
0.0
10
-39.560789
20
-20.330128
40
0.0
41
0.0
42
0.0
10
-39.560789
20
-18.330128
40
0.0
41
0.0
42
0.0
10
-41.29284
20
-17.330128
40
0.0
41
0.0
42
0.0
10
-43.02489
20
-18.330128
40
0.0
41
0.0
42
0.0
10
-43.02489
20
-20.330128
40
0.0
41
0.0
42
0.0
10
-41.29284
20
-21.330128
40
0.0
41
0.0
42
0.0
10
-39.560789
20
-20.330128
40
0.0
41
0.0
42
0.0
210
0.0
220
0.0
230
1.0
0
LWPOLYLINE
5
B9
330
17
100
AcDbEntity
67
0
8
Add_Red
62
256
6
ByLayer
370
-1
48
1.0
60
0
100
AcDbPolyline
90
7
70
0
38
0.0
39
0.0
10
-44.02489
20
-20.330128
40
0.0
41
0.0
42
0.0
10
-44.02489
20
-18.330128
40
0.0
41
0.0
42
0.0
10
-45.75694
20
-17.330128
40
0.0
41
0.0
42
0.0
10
-47.488991
20
-18.330128
40
0.0
41
0.0
42
0.0
10
-47.488991
20
-20.330128
40
0.0
41
0.0
42
0.0
10
-45.75694
20
-21.330128
40
0.0
41
0.0
42
0.0
10
-44.02489
20
-20.330128
40
0.0
41
0.0
42
0.0
210
0.0
220
0.0
230
1.0
0
LWPOLYLINE
5
BA
330
17
100
AcDbEntity
67
0
8
Add_Red
62
256
6
ByLayer
370
-1
48
1.0
60
0
100
AcDbPolyline
90
7
70
0
38
0.0
39
0.0
10
-48.48899
20
-20.330128
40
0.0
41
0.0
42
0.0
10
-48.48899
20
-18.330128
40
0.0
41
0.0
42
0.0
10
-50.221041
20
-17.330128
40
0.0
41
0.0
42
0.0
10
-51.953092
20
-18.330128
40
0.0
41
0.0
42
0.0
10
-51.953092
20
-20.330128
40
0.0
41
0.0
42
0.0
10
-50.221041
20
-21.330128
40
0.0
41
0.0
42
0.0
10
-48.48899
20
-20.330128
40
0.0
41
0.0
42
0.0
210
0.0
220
0.0
230
1.0
0
LWPOLYLINE
5
BB
330
17
100
AcDbEntity
67
0
8
Add_Red
62
256
6
ByLayer
370
-1
48
1.0
60
0
100
AcDbPolyline
90
7
70
0
38
0.0
39
0.0
10
-52.953092
20
-20.330128
40
0.0
41
0.0
42
0.0
10
-52.953092
20
-18.330128
40
0.0
41
0.0
42
0.0
10
-54.685143
20
-17.330128
40
0.0
41
0.0
42
0.0
10
-56.417193
20
-18.330128
40
0.0
41
0.0
42
0.0
10
-56.417193
20
-20.330128
40
0.0
41
0.0
42
0.0
10
-54.685143
20
-21.330128
40
0.0
41
0.0
42
0.0
10
-52.953092
20
-20.330128
40
0.0
41
0.0
42
0.0
210
0.0
220
0.0
230
1.0
0
LWPOLYLINE
5
BC
330
17
100
AcDbEntity
67
0
8
Add_Red
62
256
6
ByLayer
370
-1
48
1.0
60
0
100
AcDbPolyline
90
5
70
0
38
0.0
39
0.0
10
-19.459591
20
-17.611446
40
0.0
41
0.0
42
0.0
10
-20.704385
20
-18.330128
40
0.0
41
0.0
42
0.0
10
-20.704385
20
-20.330128
40
0.0
41
0.0
42
0.0
10
-20.608269
20
-20.385621
40
0.0
41
0.0
42
0.0
10
-19.459591
20
-17.611446
40
0.0
41
0.0
42
0.0
210
0.0
220
0.0
230
1.0
0
LWPOLYLINE
5
BD
330
17
100
AcDbEntity
67
0
8
Add_Red
62
256
6
ByLayer
370
-1
48
1.0
60
0
100
AcDbPolyline
90
6
70
0
38
0.0
39
0.0
10
-57.417192
20
-20.330128
40
0.0
41
0.0
42
0.0
10
-57.417192
20
-18.330128
40
0.0
41
0.0
42
0.0
10
-57.489955
20
-18.288118
40
0.0
41
0.0
42
0.0
10
-58.665222
20
-20.546476
40
0.0
41
0.0
42
0.0
10
-58.889903
20
-21.180398
40
0.0
41
0.0
42
0.0
10
-57.417192
20
-20.330128
40
0.0
41
0.0
42
0.0
210
0.0
220
0.0
230
1.0
0
LWPOLYLINE
5
BE
330
17
100
AcDbEntity
67
0
8
Add_Red
62
256
6
ByLayer
370
-1
48
1.0
60
0
100
AcDbPolyline
90
6
70
0
38
0.0
39
0.0
10
-20.994139
20
-21.317535
40
0.0
41
0.0
42
0.0
10
-21.204379
20
-21.196153
40
0.0
41
0.0
42
0.0
10
-22.936429
20
-22.196153
40
0.0
41
0.0
42
0.0
10
-22.936429
20
-24.196153
40
0.0
41
0.0
42
0.0
10
-22.330835
20
-24.545793
40
0.0
41
0.0
42
0.0
10
-20.994139
20
-21.317535
40
0.0
41
0.0
42
0.0
210
0.0
220
0.0
230
1.0
0
LWPOLYLINE
5
BF
330
17
100
AcDbEntity
67
0
8
Add_Red
62
256
6
ByLayer
370
-1
48
1.0
60
0
100
AcDbPolyline
90
7
70
0
38
0.0
39
0.0
10
-23.936429
20
-24.196153
40
0.0
41
0.0
42
0.0
10
-23.936429
20
-22.196153
40
0.0
41
0.0
42
0.0
10
-25.66848
20
-21.196153
40
0.0
41
0.0
42
0.0
10
-27.400531
20
-22.196153
40
0.0
41
0.0
42
0.0
10
-27.400531
20
-24.196153
40
0.0
41
0.0
42
0.0
10
-25.66848
20
-25.196153
40
0.0
41
0.0
42
0.0
10
-23.936429
20
-24.196153
40
0.0
41
0.0
42
0.0
210
0.0
220
0.0
230
1.0
0
LWPOLYLINE
5
C0
330
17
100
AcDbEntity
67
0
8
Add_Red
62
256
6
ByLayer
370
-1
48
1.0
60
0
100
AcDbPolyline
90
7
70
0
38
0.0
39
0.0
10
-28.40053
20
-24.196153
40
0.0
41
0.0
42
0.0
10
-28.40053
20
-22.196153
40
0.0
41
0.0
42
0.0
10
-30.132581
20
-21.196153
40
0.0
41
0.0
42
0.0
10
-31.864632
20
-22.196153
40
0.0
41
0.0
42
0.0
10
-31.864632
20
-24.196153
40
0.0
41
0.0
42
0.0
10
-30.132581
20
-25.196153
40
0.0
41
0.0
42
0.0
10
-28.40053
20
-24.196153
40
0.0
41
0.0
42
0.0
210
0.0
220
0.0
230
1.0
0
LWPOLYLINE
5
C1
330
17
100
AcDbEntity
67
0
8
Add_Red
62
256
6
ByLayer
370
-1
48
1.0
60
0
100
AcDbPolyline
90
7
70
0
38
0.0
39
0.0
10
-32.864632
20
-24.196153
40
0.0
41
0.0
42
0.0
10
-32.864632
20
-22.196153
40
0.0
41
0.0
42
0.0
10
-34.596682
20
-21.196153
40
0.0
41
0.0
42
0.0
10
-36.328732
20
-22.196153
40
0.0
41
0.0
42
0.0
10
-36.328732
20
-24.196153
40
0.0
41
0.0
42
0.0
10
-34.596682
20
-25.196153
40
0.0
41
0.0
42
0.0
10
-32.864632
20
-24.196153
40
0.0
41
0.0
42
0.0
210
0.0
220
0.0
230
1.0
0
LWPOLYLINE
5
C2
330
17
100
AcDbEntity
67
0
8
Add_Red
62
256
6
ByLayer
370
-1
48
1.0
60
0
100
AcDbPolyline
90
7
70
0
38
0.0
39
0.0
10
-37.328732
20
-24.196153
40
0.0
41
0.0
42
0.0
10
-37.328732
20
-22.196153
40
0.0
41
0.0
42
0.0
10
-39.060783
20
-21.196153
40
0.0
41
0.0
42
0.0
10
-40.792834
20
-22.196153
40
0.0
41
0.0
42
0.0
10
-40.792834
20
-24.196153
40
0.0
41
0.0
42
0.0
10
-39.060783
20
-25.196153
40
0.0
41
0.0
42
0.0
10
-37.328732
20
-24.196153
40
0.0
41
0.0
42
0.0
210
0.0
220
0.0
230
1.0
0
LWPOLYLINE
5
C3
330
17
100
AcDbEntity
67
0
8
Add_Red
62
256
6
ByLayer
370
-1
48
1.0
60
0
100
AcDbPolyline
90
7
70
0
38
0.0
39
0.0
10
-41.792834
20
-24.196153
40
0.0
41
0.0
42
0.0
10
-41.792834
20
-22.196153
40
0.0
41
0.0
42
0.0
10
-43.524884
20
-21.196153
40
0.0
41
0.0
42
0.0
10
-45.256934
20
-22.196153
40
0.0
41
0.0
42
0.0
10
-45.256934
20
-24.196153
40
0.0
41
0.0
42
0.0
10
-43.524884
20
-25.196153
40
0.0
41
0.0
42
0.0
10
-41.792834
20
-24.196153
40
0.0
41
0.0
42
0.0
210
0.0
220
0.0
230
1.0
0
LWPOLYLINE
5
C4
330
17
100
AcDbEntity
67
0
8
Add_Red
62
256
6
ByLayer
370
-1
48
1.0
60
0
100
AcDbPolyline
90
7
70
0
38
0.0
39
0.0
10
-46.256934
20
-24.196153
40
0.0
41
0.0
42
0.0
10
-46.256934
20
-22.196153
40
0.0
41
0.0
42
0.0
10
-47.988985
20
-21.196153
40
0.0
41
0.0
42
0.0
10
-49.721036
20
-22.196153
40
0.0
41
0.0
42
0.0
10
-49.721036
20
-24.196153
40
0.0
41
0.0
42
0.0
10
-47.988985
20
-25.196153
40
0.0
41
0.0
42
0.0
10
-46.256934
20
-24.196153
40
0.0
41
0.0
42
0.0
210
0.0
220
0.0
230
1.0
0
LWPOLYLINE
5
C5
330
17
100
AcDbEntity
67
0
8
Add_Red
62
256
6
ByLayer
370
-1
48
1.0
60
0
100
AcDbPolyline
90
7
70
0
38
0.0
39
0.0
10
-50.721035
20
-24.196153
40
0.0
41
0.0
42
0.0
10
-50.721035
20
-22.196153
40
0.0
41
0.0
42
0.0
10
-52.453086
20
-21.196153
40
0.0
41
0.0
42
0.0
10
-54.185137
20
-22.196153
40
0.0
41
0.0
42
0.0
10
-54.185137
20
-24.196153
40
0.0
41
0.0
42
0.0
10
-52.453086
20
-25.196153
40
0.0
41
0.0
42
0.0
10
-50.721035
20
-24.196153
40
0.0
41
0.0
42
0.0
210
0.0
220
0.0
230
1.0
0
LWPOLYLINE
5
C6
330
17
100
AcDbEntity
67
0
8
Add_Red
62
256
6
ByLayer
370
-1
48
1.0
60
0
100
AcDbPolyline
90
7
70
0
38
0.0
39
0.0
10
-55.185137
20
-24.196153
40
0.0
41
0.0
42
0.0
10
-55.185137
20
-22.196153
40
0.0
41
0.0
42
0.0
10
-56.917187
20
-21.196153
40
0.0
41
0.0
42
0.0
10
-58.649237
20
-22.196153
40
0.0
41
0.0
42
0.0
10
-58.649237
20
-24.196153
40
0.0
41
0.0
42
0.0
10
-56.917187
20
-25.196153
40
0.0
41
0.0
42
0.0
10
-55.185137
20
-24.196153
40
0.0
41
0.0
42
0.0
210
0.0
220
0.0
230
1.0
0
LWPOLYLINE
5
C7
330
17
100
AcDbEntity
67
0
8
Add_Red
62
256
6
ByLayer
370
-1
48
1.0
60
0
100
AcDbPolyline
90
4
70
0
38
0.0
39
0.0
10
-59.649237
20
-24.196153
40
0.0
41
0.0
42
0.0
10
-59.649237
20
-23.322807
40
0.0
41
0.0
42
0.0
10
-60.038415
20
-24.420845
40
0.0
41
0.0
42
0.0
10
-59.649237
20
-24.196153
40
0.0
41
0.0
42
0.0
210
0.0
220
0.0
230
1.0
0
LWPOLYLINE
5
C8
330
17
100
AcDbEntity
67
0
8
Add_Red
62
256
6
ByLayer
370
-1
48
1.0
60
0
100
AcDbPolyline
90
6
70
0
38
0.0
39
0.0
10
-22.716701
20
-25.477699
40
0.0
41
0.0
42
0.0
10
-23.436402
20
-25.062179
40
0.0
41
0.0
42
0.0
10
-25.168453
20
-26.062179
40
0.0
41
0.0
42
0.0
10
-25.168453
20
-28.062179
40
0.0
41
0.0
42
0.0
10
-24.053397
20
-28.705958
40
0.0
41
0.0
42
0.0
10
-22.716701
20
-25.477699
40
0.0
41
0.0
42
0.0
210
0.0
220
0.0
230
1.0
0
LWPOLYLINE
5
C9
330
17
100
AcDbEntity
67
0
8
Add_Red
62
256
6
ByLayer
370
-1
48
1.0
60
0
100
AcDbPolyline
90
7
70
0
38
0.0
39
0.0
10
-26.168453
20
-28.062179
40
0.0
41
0.0
42
0.0
10
-26.168453
20
-26.062179
40
0.0
41
0.0
42
0.0
10
-27.900504
20
-25.062179
40
0.0
41
0.0
42
0.0
10
-29.632555
20
-26.062179
40
0.0
41
0.0
42
0.0
10
-29.632555
20
-28.062179
40
0.0
41
0.0
42
0.0
10
-27.900504
20
-29.06218
40
0.0
41
0.0
42
0.0
10
-26.168453
20
-28.062179
40
0.0
41
0.0
42
0.0
210
0.0
220
0.0
230
1.0
0
LWPOLYLINE
5
CA
330
17
100
AcDbEntity
67
0
8
Add_Red
62
256
6
ByLayer
370
-1
48
1.0
60
0
100
AcDbPolyline
90
7
70
0
38
0.0
39
0.0
10
-30.632554
20
-28.062179
40
0.0
41
0.0
42
0.0
10
-30.632554
20
-26.062179
40
0.0
41
0.0
42
0.0
10
-32.364605
20
-25.062179
40
0.0
41
0.0
42
0.0
10
-34.096655
20
-26.062179
40
0.0
41
0.0
42
0.0
10
-34.096655
20
-28.062179
40
0.0
41
0.0
42
0.0
10
-32.364605
20
-29.06218
40
0.0
41
0.0
42
0.0
10
-30.632554
20
-28.062179
40
0.0
41
0.0
42
0.0
210
0.0
220
0.0
230
1.0
0
LWPOLYLINE
5
CB
330
17
100
AcDbEntity
67
0
8
Add_Red
62
256
6
ByLayer
370
-1
48
1.0
60
0
100
AcDbPolyline
90
7
70
0
38
0.0
39
0.0
10
-35.096655
20
-28.062179
40
0.0
41
0.0
42
0.0
10
-35.096655
20
-26.062179
40
0.0
41
0.0
42
0.0
10
-36.828706
20
-25.062179
40
0.0
41
0.0
42
0.0
10
-38.560757
20
-26.062179
40
0.0
41
0.0
42
0.0
10
-38.560757
20
-28.062179
40
0.0
41
0.0
42
0.0
10
-36.828706
20
-29.06218
40
0.0
41
0.0
42
0.0
10
-35.096655
20
-28.062179
40
0.0
41
0.0
42
0.0
210
0.0
220
0.0
230
1.0
0
LWPOLYLINE
5
CC
330
17
100
AcDbEntity
67
0
8
Add_Red
62
256
6
ByLayer
370
-1
48
1.0
60
0
100
AcDbPolyline
90
7
70
0
38
0.0
39
0.0
10
-39.560756
20
-28.062179
40
0.0
41
0.0
42
0.0
10
-39.560756
20
-26.062179
40
0.0
41
0.0
42
0.0
10
-41.292807
20
-25.062179
40
0.0
41
0.0
42
0.0
10
-43.024858
20
-26.062179
40
0.0
41
0.0
42
0.0
10
-43.024858
20
-28.062179
40
0.0
41
0.0
42
0.0
10
-41.292807
20
-29.06218
40
0.0
41
0.0
42
0.0
10
-39.560756
20
-28.062179
40
0.0
41
0.0
42
0.0
210
0.0
220
0.0
230
1.0
0
LWPOLYLINE
5
CD
330
17
100
AcDbEntity
67
0
8
Add_Red
62
256
6
ByLayer
370
-1
48
1.0
60
0
100
AcDbPolyline
90
7
70
0
38
0.0
39
0.0
10
-44.024858
20
-28.062179
40
0.0
41
0.0
42
0.0
10
-44.024858
20
-26.062179
40
0.0
41
0.0
42
0.0
10
-45.756907
20
-25.062179
40
0.0
41
0.0
42
0.0
10
-47.488958
20
-26.062179
40
0.0
41
0.0
42
0.0
10
-47.488958
20
-28.062179
40
0.0
41
0.0
42
0.0
10
-45.756907
20
-29.06218
40
0.0
41
0.0
42
0.0
10
-44.024858
20
-28.062179
40
0.0
41
0.0
42
0.0
210
0.0
220
0.0
230
1.0
0
LWPOLYLINE
5
CE
330
17
100
AcDbEntity
67
0
8
Add_Red
62
256
6
ByLayer
370
-1
48
1.0
60
0
100
AcDbPolyline
90
7
70
0
38
0.0
39
0.0
10
-48.488958
20
-28.062179
40
0.0
41
0.0
42
0.0
10
-48.488958
20
-26.062179
40
0.0
41
0.0
42
0.0
10
-50.221009
20
-25.062179
40
0.0
41
0.0
42
0.0
10
-51.95306
20
-26.062179
40
0.0
41
0.0
42
0.0
10
-51.95306
20
-28.062179
40
0.0
41
0.0
42
0.0
10
-50.221009
20
-29.06218
40
0.0
41
0.0
42
0.0
10
-48.488958
20
-28.062179
40
0.0
41
0.0
42
0.0
210
0.0
220
0.0
230
1.0
0
LWPOLYLINE
5
CF
330
17
100
AcDbEntity
67
0
8
Add_Red
62
256
6
ByLayer
370
-1
48
1.0
60
0
100
AcDbPolyline
90
7
70
0
38
0.0
39
0.0
10
-52.953059
20
-28.062179
40
0.0
41
0.0
42
0.0
10
-52.953059
20
-26.062179
40
0.0
41
0.0
42
0.0
10
-54.68511
20
-25.062179
40
0.0
41
0.0
42
0.0
10
-56.41716
20
-26.062179
40
0.0
41
0.0
42
0.0
10
-56.41716
20
-28.062179
40
0.0
41
0.0
42
0.0
10
-54.68511
20
-29.06218
40
0.0
41
0.0
42
0.0
10
-52.953059
20
-28.062179
40
0.0
41
0.0
42
0.0
210
0.0
220
0.0
230
1.0
0
LWPOLYLINE
5
D0
330
17
100
AcDbEntity
67
0
8
Add_Red
62
256
6
ByLayer
370
-1
48
1.0
60
0
100
AcDbPolyline
90
8
70
0
38
0.0
39
0.0
10
-57.41716
20
-28.062179
40
0.0
41
0.0
42
0.0
10
-57.41716
20
-26.062179
40
0.0
41
0.0
42
0.0
10
-59.149211
20
-25.062179
40
0.0
41
0.0
42
0.0
10
-60.552975
20
-25.872643
40
0.0
41
0.0
42
0.0
10
-60.881262
20
-26.798881
40
0.0
41
0.0
42
0.0
10
-60.881262
20
-28.062179
40
0.0
41
0.0
42
0.0
10
-59.149211
20
-29.06218
40
0.0
41
0.0
42
0.0
10
-57.41716
20
-28.062179
40
0.0
41
0.0
42
0.0
210
0.0
220
0.0
230
1.0
0
LWPOLYLINE
5
D1
330
17
100
AcDbEntity
67
0
8
Add_Red
62
256
6
ByLayer
370
-1
48
1.0
60
0
100
AcDbPolyline
90
6
70
0
38
0.0
39
0.0
10
-24.439266
20
-29.637873
40
0.0
41
0.0
42
0.0
10
-25.668447
20
-28.928204
40
0.0
41
0.0
42
0.0
10
-27.400498
20
-29.928205
40
0.0
41
0.0
42
0.0
10
-27.400498
20
-31.928205
40
0.0
41
0.0
42
0.0
10
-25.775962
20
-32.866131
40
0.0
41
0.0
42
0.0
10
-24.439266
20
-29.637873
40
0.0
41
0.0
42
0.0
210
0.0
220
0.0
230
1.0
0
LWPOLYLINE
5
D2
330
17
100
AcDbEntity
67
0
8
Add_Red
62
256
6
ByLayer
370
-1
48
1.0
60
0
100
AcDbPolyline
90
7
70
0
38
0.0
39
0.0
10
-28.400498
20
-31.928205
40
0.0
41
0.0
42
0.0
10
-28.400498
20
-29.928205
40
0.0
41
0.0
42
0.0
10
-30.132549
20
-28.928204
40
0.0
41
0.0
42
0.0
10
-31.8646
20
-29.928205
40
0.0
41
0.0
42
0.0
10
-31.8646
20
-31.928205
40
0.0
41
0.0
42
0.0
10
-30.132549
20
-32.928205
40
0.0
41
0.0
42
0.0
10
-28.400498
20
-31.928205
40
0.0
41
0.0
42
0.0
210
0.0
220
0.0
230
1.0
0
LWPOLYLINE
5
D3
330
17
100
AcDbEntity
67
0
8
Add_Red
62
256
6
ByLayer
370
-1
48
1.0
60
0
100
AcDbPolyline
90
7
70
0
38
0.0
39
0.0
10
-32.864599
20
-31.928205
40
0.0
41
0.0
42
0.0
10
-32.864599
20
-29.928205
40
0.0
41
0.0
42
0.0
10
-34.596649
20
-28.928204
40
0.0
41
0.0
42
0.0
10
-36.3287
20
-29.928205
40
0.0
41
0.0
42
0.0
10
-36.3287
20
-31.928205
40
0.0
41
0.0
42
0.0
10
-34.596649
20
-32.928205
40
0.0
41
0.0
42
0.0
10
-32.864599
20
-31.928205
40
0.0
41
0.0
42
0.0
210
0.0
220
0.0
230
1.0
0
LWPOLYLINE
5
D4
330
17
100
AcDbEntity
67
0
8
Add_Red
62
256
6
ByLayer
370
-1
48
1.0
60
0
100
AcDbPolyline
90
7
70
0
38
0.0
39
0.0
10
-37.3287
20
-31.928205
40
0.0
41
0.0
42
0.0
10
-37.3287
20
-29.928205
40
0.0
41
0.0
42
0.0
10
-39.060751
20
-28.928204
40
0.0
41
0.0
42
0.0
10
-40.792802
20
-29.928205
40
0.0
41
0.0
42
0.0
10
-40.792802
20
-31.928205
40
0.0
41
0.0
42
0.0
10
-39.060751
20
-32.928205
40
0.0
41
0.0
42
0.0
10
-37.3287
20
-31.928205
40
0.0
41
0.0
42
0.0
210
0.0
220
0.0
230
1.0
0
LWPOLYLINE
5
D5
330
17
100
AcDbEntity
67
0
8
Add_Red
62
256
6
ByLayer
370
-1
48
1.0
60
0
100
AcDbPolyline
90
7
70
0
38
0.0
39
0.0
10
-41.792801
20
-31.928205
40
0.0
41
0.0
42
0.0
10
-41.792801
20
-29.928205
40
0.0
41
0.0
42
0.0
10
-43.524852
20
-28.928204
40
0.0
41
0.0
42
0.0
10
-45.256902
20
-29.928205
40
0.0
41
0.0
42
0.0
10
-45.256902
20
-31.928205
40
0.0
41
0.0
42
0.0
10
-43.524852
20
-32.928205
40
0.0
41
0.0
42
0.0
10
-41.792801
20
-31.928205
40
0.0
41
0.0
42
0.0
210
0.0
220
0.0
230
1.0
0
LWPOLYLINE
5
D6
330
17
100
AcDbEntity
67
0
8
Add_Red
62
256
6
ByLayer
370
-1
48
1.0
60
0
100
AcDbPolyline
90
7
70
0
38
0.0
39
0.0
10
-46.256902
20
-31.928205
40
0.0
41
0.0
42
0.0
10
-46.256902
20
-29.928205
40
0.0
41
0.0
42
0.0
10
-47.988952
20
-28.928204
40
0.0
41
0.0
42
0.0
10
-49.721003
20
-29.928205
40
0.0
41
0.0
42
0.0
10
-49.721003
20
-31.928205
40
0.0
41
0.0
42
0.0
10
-47.988952
20
-32.928205
40
0.0
41
0.0
42
0.0
10
-46.256902
20
-31.928205
40
0.0
41
0.0
42
0.0
210
0.0
220
0.0
230
1.0
0
LWPOLYLINE
5
D7
330
17
100
AcDbEntity
67
0
8
Add_Red
62
256
6
ByLayer
370
-1
48
1.0
60
0
100
AcDbPolyline
90
7
70
0
38
0.0
39
0.0
10
-50.721003
20
-31.928205
40
0.0
41
0.0
42
0.0
10
-50.721003
20
-29.928205
40
0.0
41
0.0
42
0.0
10
-52.453054
20
-28.928204
40
0.0
41
0.0
42
0.0
10
-54.185105
20
-29.928205
40
0.0
41
0.0
42
0.0
10
-54.185105
20
-31.928205
40
0.0
41
0.0
42
0.0
10
-52.453054
20
-32.928205
40
0.0
41
0.0
42
0.0
10
-50.721003
20
-31.928205
40
0.0
41
0.0
42
0.0
210
0.0
220
0.0
230
1.0
0
LWPOLYLINE
5
D8
330
17
100
AcDbEntity
67
0
8
Add_Red
62
256
6
ByLayer
370
-1
48
1.0
60
0
100
AcDbPolyline
90
7
70
0
38
0.0
39
0.0
10
-55.185104
20
-31.928205
40
0.0
41
0.0
42
0.0
10
-55.185104
20
-29.928205
40
0.0
41
0.0
42
0.0
10
-56.917154
20
-28.928204
40
0.0
41
0.0
42
0.0
10
-58.649205
20
-29.928205
40
0.0
41
0.0
42
0.0
10
-58.649205
20
-31.928205
40
0.0
41
0.0
42
0.0
10
-56.917154
20
-32.928205
40
0.0
41
0.0
42
0.0
10
-55.185104
20
-31.928205
40
0.0
41
0.0
42
0.0
210
0.0
220
0.0
230
1.0
0
LWPOLYLINE
5
D9
330
17
100
AcDbEntity
67
0
8
Add_Red
62
256
6
ByLayer
370
-1
48
1.0
60
0
100
AcDbPolyline
90
7
70
0
38
0.0
39
0.0
10
-59.649205
20
-31.928205
40
0.0
41
0.0
42
0.0
10
-59.649205
20
-29.928205
40
0.0
41
0.0
42
0.0
10
-61.381256
20
-28.928204
40
0.0
41
0.0
42
0.0
10
-61.703364
20
-29.114173
40
0.0
41
0.0
42
0.0
10
-62.790472
20
-32.114594
40
0.0
41
0.0
42
0.0
10
-61.381256
20
-32.928205
40
0.0
41
0.0
42
0.0
10
-59.649205
20
-31.928205
40
0.0
41
0.0
42
0.0
210
0.0
220
0.0
230
1.0
0
LWPOLYLINE
5
DA
330
17
100
AcDbEntity
67
0
8
Add_Red
62
256
6
ByLayer
370
-1
48
1.0
60
0
100
AcDbPolyline
90
9
70
0
38
0.0
39
0.0
10
-27.00004
20
-36.274367
40
0.0
41
0.0
42
0.0
10
-26.175088
20
-33.83006
40
0.0
41
0.0
42
0.0
10
-26.168421
20
-33.813959
40
0.0
41
0.0
42
0.0
10
-26.168421
20
-33.794231
40
0.0
41
0.0
42
0.0
10
-27.900471
20
-32.794231
40
0.0
41
0.0
42
0.0
10
-29.632522
20
-33.794231
40
0.0
41
0.0
42
0.0
10
-29.632522
20
-35.794231
40
0.0
41
0.0
42
0.0
10
-27.900471
20
-36.794231
40
0.0
41
0.0
42
0.0
10
-27.00004
20
-36.274367
40
0.0
41
0.0
42
0.0
210
0.0
220
0.0
230
1.0
0
LWPOLYLINE
5
DB
330
17
100
AcDbEntity
67
0
8
Add_Red
62
256
6
ByLayer
370
-1
48
1.0
60
0
100
AcDbPolyline
90
7
70
0
38
0.0
39
0.0
10
-30.632522
20
-35.794231
40
0.0
41
0.0
42
0.0
10
-30.632522
20
-33.794231
40
0.0
41
0.0
42
0.0
10
-32.364573
20
-32.794231
40
0.0
41
0.0
42
0.0
10
-34.096623
20
-33.794231
40
0.0
41
0.0
42
0.0
10
-34.096623
20
-35.794231
40
0.0
41
0.0
42
0.0
10
-32.364573
20
-36.794231
40
0.0
41
0.0
42
0.0
10
-30.632522
20
-35.794231
40
0.0
41
0.0
42
0.0
210
0.0
220
0.0
230
1.0
0
LWPOLYLINE
5
DC
330
17
100
AcDbEntity
67
0
8
Add_Red
62
256
6
ByLayer
370
-1
48
1.0
60
0
100
AcDbPolyline
90
7
70
0
38
0.0
39
0.0
10
-35.096622
20
-35.794231
40
0.0
41
0.0
42
0.0
10
-35.096622
20
-33.794231
40
0.0
41
0.0
42
0.0
10
-36.828673
20
-32.794231
40
0.0
41
0.0
42
0.0
10
-38.560724
20
-33.794231
40
0.0
41
0.0
42
0.0
10
-38.560724
20
-35.794231
40
0.0
41
0.0
42
0.0
10
-36.828673
20
-36.794231
40
0.0
41
0.0
42
0.0
10
-35.096622
20
-35.794231
40
0.0
41
0.0
42
0.0
210
0.0
220
0.0
230
1.0
0
LWPOLYLINE
5
DD
330
17
100
AcDbEntity
67
0
8
Add_Red
62
256
6
ByLayer
370
-1
48
1.0
60
0
100
AcDbPolyline
90
7
70
0
38
0.0
39
0.0
10
-39.560724
20
-35.794231
40
0.0
41
0.0
42
0.0
10
-39.560724
20
-33.794231
40
0.0
41
0.0
42
0.0
10
-41.292775
20
-32.794231
40
0.0
41
0.0
42
0.0
10
-43.024826
20
-33.794231
40
0.0
41
0.0
42
0.0
10
-43.024826
20
-35.794231
40
0.0
41
0.0
42
0.0
10
-41.292775
20
-36.794231
40
0.0
41
0.0
42
0.0
10
-39.560724
20
-35.794231
40
0.0
41
0.0
42
0.0
210
0.0
220
0.0
230
1.0
0
LWPOLYLINE
5
DE
330
17
100
AcDbEntity
67
0
8
Add_Red
62
256
6
ByLayer
370
-1
48
1.0
60
0
100
AcDbPolyline
90
7
70
0
38
0.0
39
0.0
10
-44.024825
20
-35.794231
40
0.0
41
0.0
42
0.0
10
-44.024825
20
-33.794231
40
0.0
41
0.0
42
0.0
10
-45.756875
20
-32.794231
40
0.0
41
0.0
42
0.0
10
-47.488926
20
-33.794231
40
0.0
41
0.0
42
0.0
10
-47.488926
20
-35.794231
40
0.0
41
0.0
42
0.0
10
-45.756875
20
-36.794231
40
0.0
41
0.0
42
0.0
10
-44.024825
20
-35.794231
40
0.0
41
0.0
42
0.0
210
0.0
220
0.0
230
1.0
0
LWPOLYLINE
5
DF
330
17
100
AcDbEntity
67
0
8
Add_Red
62
256
6
ByLayer
370
-1
48
1.0
60
0
100
AcDbPolyline
90
7
70
0
38
0.0
39
0.0
10
-48.488926
20
-35.794231
40
0.0
41
0.0
42
0.0
10
-48.488926
20
-33.794231
40
0.0
41
0.0
42
0.0
10
-50.220976
20
-32.794231
40
0.0
41
0.0
42
0.0
10
-51.953027
20
-33.794231
40
0.0
41
0.0
42
0.0
10
-51.953027
20
-35.794231
40
0.0
41
0.0
42
0.0
10
-50.220976
20
-36.794231
40
0.0
41
0.0
42
0.0
10
-48.488926
20
-35.794231
40
0.0
41
0.0
42
0.0
210
0.0
220
0.0
230
1.0
0
LWPOLYLINE
5
E0
330
17
100
AcDbEntity
67
0
8
Add_Red
62
256
6
ByLayer
370
-1
48
1.0
60
0
100
AcDbPolyline
90
7
70
0
38
0.0
39
0.0
10
-52.953027
20
-35.794231
40
0.0
41
0.0
42
0.0
10
-52.953027
20
-33.794231
40
0.0
41
0.0
42
0.0
10
-54.685078
20
-32.794231
40
0.0
41
0.0
42
0.0
10
-56.417128
20
-33.794231
40
0.0
41
0.0
42
0.0
10
-56.417128
20
-35.794231
40
0.0
41
0.0
42
0.0
10
-54.685078
20
-36.794231
40
0.0
41
0.0
42
0.0
10
-52.953027
20
-35.794231
40
0.0
41
0.0
42
0.0
210
0.0
220
0.0
230
1.0
0
LWPOLYLINE
5
E1
330
17
100
AcDbEntity
67
0
8
Add_Red
62
256
6
ByLayer
370
-1
48
1.0
60
0
100
AcDbPolyline
90
7
70
0
38
0.0
39
0.0
10
-57.417127
20
-35.794231
40
0.0
41
0.0
42
0.0
10
-57.417127
20
-33.794231
40
0.0
41
0.0
42
0.0
10
-59.149178
20
-32.794231
40
0.0
41
0.0
42
0.0
10
-60.881229
20
-33.794231
40
0.0
41
0.0
42
0.0
10
-60.881229
20
-35.794231
40
0.0
41
0.0
42
0.0
10
-59.149178
20
-36.794231
40
0.0
41
0.0
42
0.0
10
-57.417127
20
-35.794231
40
0.0
41
0.0
42
0.0
210
0.0
220
0.0
230
1.0
0
LWPOLYLINE
5
E2
330
17
100
AcDbEntity
67
0
8
Add_Red
62
256
6
ByLayer
370
-1
48
1.0
60
0
100
AcDbPolyline
90
7
70
0
38
0.0
39
0.0
10
-61.881229
20
-35.794231
40
0.0
41
0.0
42
0.0
10
-61.881229
20
-33.794231
40
0.0
41
0.0
42
0.0
10
-63.136461
20
-33.069523
40
0.0
41
0.0
42
0.0
10
-64.286292
20
-36.243058
40
0.0
41
0.0
42
0.0
10
-64.325412
20
-36.383081
40
0.0
41
0.0
42
0.0
10
-63.61328
20
-36.794231
40
0.0
41
0.0
42
0.0
10
-61.881229
20
-35.794231
40
0.0
41
0.0
42
0.0
210
0.0
220
0.0
230
1.0
0
LWPOLYLINE
5
E3
330
17
100
AcDbEntity
67
0
8
Add_Red
62
256
6
ByLayer
370
-1
48
1.0
60
0
100
AcDbPolyline
90
7
70
0
38
0.0
39
0.0
10
-28.400466
20
-39.660256
40
0.0
41
0.0
42
0.0
10
-28.400466
20
-37.660256
40
0.0
41
0.0
42
0.0
10
-30.132516
20
-36.660256
40
0.0
41
0.0
42
0.0
10
-31.864567
20
-37.660256
40
0.0
41
0.0
42
0.0
10
-31.864567
20
-39.660256
40
0.0
41
0.0
42
0.0
10
-30.132516
20
-40.660256
40
0.0
41
0.0
42
0.0
10
-28.400466
20
-39.660256
40
0.0
41
0.0
42
0.0
210
0.0
220
0.0
230
1.0
0
LWPOLYLINE
5
E4
330
17
100
AcDbEntity
67
0
8
Add_Red
62
256
6
ByLayer
370
-1
48
1.0
60
0
100
AcDbPolyline
90
7
70
0
38
0.0
39
0.0
10
-32.864567
20
-39.660256
40
0.0
41
0.0
42
0.0
10
-32.864567
20
-37.660256
40
0.0
41
0.0
42
0.0
10
-34.596617
20
-36.660256
40
0.0
41
0.0
42
0.0
10
-36.328668
20
-37.660256
40
0.0
41
0.0
42
0.0
10
-36.328668
20
-39.660256
40
0.0
41
0.0
42
0.0
10
-34.596617
20
-40.660256
40
0.0
41
0.0
42
0.0
10
-32.864567
20
-39.660256
40
0.0
41
0.0
42
0.0
210
0.0
220
0.0
230
1.0
0
LWPOLYLINE
5
E5
330
17
100
AcDbEntity
67
0
8
Add_Red
62
256
6
ByLayer
370
-1
48
1.0
60
0
100
AcDbPolyline
90
7
70
0
38
0.0
39
0.0
10
-37.328667
20
-39.660256
40
0.0
41
0.0
42
0.0
10
-37.328667
20
-37.660256
40
0.0
41
0.0
42
0.0
10
-39.060718
20
-36.660256
40
0.0
41
0.0
42
0.0
10
-40.792769
20
-37.660256
40
0.0
41
0.0
42
0.0
10
-40.792769
20
-39.660256
40
0.0
41
0.0
42
0.0
10
-39.060718
20
-40.660256
40
0.0
41
0.0
42
0.0
10
-37.328667
20
-39.660256
40
0.0
41
0.0
42
0.0
210
0.0
220
0.0
230
1.0
0
LWPOLYLINE
5
E6
330
17
100
AcDbEntity
67
0
8
Add_Red
62
256
6
ByLayer
370
-1
48
1.0
60
0
100
AcDbPolyline
90
7
70
0
38
0.0
39
0.0
10
-41.792769
20
-39.660256
40
0.0
41
0.0
42
0.0
10
-41.792769
20
-37.660256
40
0.0
41
0.0
42
0.0
10
-43.52482
20
-36.660256
40
0.0
41
0.0
42
0.0
10
-45.256869
20
-37.660256
40
0.0
41
0.0
42
0.0
10
-45.256869
20
-39.660256
40
0.0
41
0.0
42
0.0
10
-43.52482
20
-40.660256
40
0.0
41
0.0
42
0.0
10
-41.792769
20
-39.660256
40
0.0
41
0.0
42
0.0
210
0.0
220
0.0
230
1.0
0
LWPOLYLINE
5
E7
330
17
100
AcDbEntity
67
0
8
Add_Red
62
256
6
ByLayer
370
-1
48
1.0
60
0
100
AcDbPolyline
90
7
70
0
38
0.0
39
0.0
10
-46.256869
20
-39.660256
40
0.0
41
0.0
42
0.0
10
-46.256869
20
-37.660256
40
0.0
41
0.0
42
0.0
10
-47.98892
20
-36.660256
40
0.0
41
0.0
42
0.0
10
-49.720971
20
-37.660256
40
0.0
41
0.0
42
0.0
10
-49.720971
20
-39.660256
40
0.0
41
0.0
42
0.0
10
-47.98892
20
-40.660256
40
0.0
41
0.0
42
0.0
10
-46.256869
20
-39.660256
40
0.0
41
0.0
42
0.0
210
0.0
220
0.0
230
1.0
0
LWPOLYLINE
5
E8
330
17
100
AcDbEntity
67
0
8
Add_Red
62
256
6
ByLayer
370
-1
48
1.0
60
0
100
AcDbPolyline
90
7
70
0
38
0.0
39
0.0
10
-50.720971
20
-39.660256
40
0.0
41
0.0
42
0.0
10
-50.720971
20
-37.660256
40
0.0
41
0.0
42
0.0
10
-52.453021
20
-36.660256
40
0.0
41
0.0
42
0.0
10
-54.185072
20
-37.660256
40
0.0
41
0.0
42
0.0
10
-54.185072
20
-39.660256
40
0.0
41
0.0
42
0.0
10
-52.453021
20
-40.660256
40
0.0
41
0.0
42
0.0
10
-50.720971
20
-39.660256
40
0.0
41
0.0
42
0.0
210
0.0
220
0.0
230
1.0
0
LWPOLYLINE
5
E9
330
17
100
AcDbEntity
67
0
8
Add_Red
62
256
6
ByLayer
370
-1
48
1.0
60
0
100
AcDbPolyline
90
7
70
0
38
0.0
39
0.0
10
-55.185072
20
-39.660256
40
0.0
41
0.0
42
0.0
10
-55.185072
20
-37.660256
40
0.0
41
0.0
42
0.0
10
-56.917122
20
-36.660256
40
0.0
41
0.0
42
0.0
10
-58.649173
20
-37.660256
40
0.0
41
0.0
42
0.0
10
-58.649173
20
-39.660256
40
0.0
41
0.0
42
0.0
10
-56.917122
20
-40.660256
40
0.0
41
0.0
42
0.0
10
-55.185072
20
-39.660256
40
0.0
41
0.0
42
0.0
210
0.0
220
0.0
230
1.0
0
LWPOLYLINE
5
EA
330
17
100
AcDbEntity
67
0
8
Add_Red
62
256
6
ByLayer
370
-1
48
1.0
60
0
100
AcDbPolyline
90
8
70
0
38
0.0
39
0.0
10
-59.649172
20
-39.660256
40
0.0
41
0.0
42
0.0
10
-59.649172
20
-37.660256
40
0.0
41
0.0
42
0.0
10
-61.381223
20
-36.660256
40
0.0
41
0.0
42
0.0
10
-63.113274
20
-37.660256
40
0.0
41
0.0
42
0.0
10
-63.113274
20
-39.283115
40
0.0
41
0.0
42
0.0
10
-62.878023
20
-39.452496
40
0.0
41
0.0
42
0.0
10
-60.292468
20
-40.031663
40
0.0
41
0.0
42
0.0
10
-59.649172
20
-39.660256
40
0.0
41
0.0
42
0.0
210
0.0
220
0.0
230
1.0
0
LWPOLYLINE
5
EB
330
17
100
AcDbEntity
67
0
8
Add_Red
62
256
6
ByLayer
370
-1
48
1.0
60
0
100
AcDbPolyline
90
7
70
0
38
0.0
39
0.0
10
-64.113274
20
-37.660256
40
0.0
41
0.0
42
0.0
10
-64.603207
20
-37.377393
40
0.0
41
0.0
42
0.0
10
-64.796951
20
-38.070865
40
0.0
41
0.0
42
0.0
10
-64.796956
20
-38.070867
40
0.0
41
0.0
42
0.0
10
-64.796953
20
-38.070866
40
0.0
41
0.0
42
0.0
10
-64.113274
20
-38.563115
40
0.0
41
0.0
42
0.0
10
-64.113274
20
-37.660256
40
0.0
41
0.0
42
0.0
210
0.0
220
0.0
230
1.0
0
LWPOLYLINE
5
EC
330
17
100
AcDbEntity
67
0
8
Add_Red
62
256
6
ByLayer
370
-1
48
1.0
60
0
100
AcDbPolyline
90
8
70
0
38
0.0
39
0.0
10
-27.8078
20
-41.730449
40
0.0
41
0.0
42
0.0
10
-27.744147
20
-40.616517
40
0.0
41
0.0
42
0.0
10
-27.900439
20
-40.526282
40
0.0
41
0.0
42
0.0
10
-29.63249
20
-41.526282
40
0.0
41
0.0
42
0.0
10
-29.63249
20
-43.526282
40
0.0
41
0.0
42
0.0
10
-29.070531
20
-43.850729
40
0.0
41
0.0
42
0.0
10
-27.81851
20
-43.988842
40
0.0
41
0.0
42
0.0
10
-27.8078
20
-41.730449
40
0.0
41
0.0
42
0.0
210
0.0
220
0.0
230
1.0
0
LWPOLYLINE
5
ED
330
17
100
AcDbEntity
67
0
8
Add_Red
62
256
6
ByLayer
370
-1
48
1.0
60
0
100
AcDbPolyline
90
7
70
0
38
0.0
39
0.0
10
-30.63249
20
-43.526282
40
0.0
41
0.0
42
0.0
10
-30.63249
20
-41.526282
40
0.0
41
0.0
42
0.0
10
-32.36454
20
-40.526282
40
0.0
41
0.0
42
0.0
10
-34.09659
20
-41.526282
40
0.0
41
0.0
42
0.0
10
-34.09659
20
-43.296296
40
0.0
41
0.0
42
0.0
10
-30.853739
20
-43.65402
40
0.0
41
0.0
42
0.0
10
-30.63249
20
-43.526282
40
0.0
41
0.0
42
0.0
210
0.0
220
0.0
230
1.0
0
LWPOLYLINE
5
EE
330
17
100
AcDbEntity
67
0
8
Add_Red
62
256
6
ByLayer
370
-1
48
1.0
60
0
100
AcDbPolyline
90
6
70
0
38
0.0
39
0.0
10
-35.09659
20
-41.526282
40
0.0
41
0.0
42
0.0
10
-36.828641
20
-40.526282
40
0.0
41
0.0
42
0.0
10
-38.560692
20
-41.526282
40
0.0
41
0.0
42
0.0
10
-38.560692
20
-42.803853
40
0.0
41
0.0
42
0.0
10
-35.09659
20
-43.185984
40
0.0
41
0.0
42
0.0
10
-35.09659
20
-41.526282
40
0.0
41
0.0
42
0.0
210
0.0
220
0.0
230
1.0
0
LWPOLYLINE
5
EF
330
17
100
AcDbEntity
67
0
8
Add_Red
62
256
6
ByLayer
370
-1
48
1.0
60
0
100
AcDbPolyline
90
6
70
0
38
0.0
39
0.0
10
-39.560691
20
-41.526282
40
0.0
41
0.0
42
0.0
10
-41.292742
20
-40.526282
40
0.0
41
0.0
42
0.0
10
-43.024793
20
-41.526282
40
0.0
41
0.0
42
0.0
10
-43.024793
20
-42.31141
40
0.0
41
0.0
42
0.0
10
-39.560691
20
-42.693541
40
0.0
41
0.0
42
0.0
10
-39.560691
20
-41.526282
40
0.0
41
0.0
42
0.0
210
0.0
220
0.0
230
1.0
0
LWPOLYLINE
5
F0
330
17
100
AcDbEntity
67
0
8
Add_Red
62
256
6
ByLayer
370
-1
48
1.0
60
0
100
AcDbPolyline
90
6
70
0
38
0.0
39
0.0
10
-44.024793
20
-41.526282
40
0.0
41
0.0
42
0.0
10
-45.756843
20
-40.526282
40
0.0
41
0.0
42
0.0
10
-47.488893
20
-41.526282
40
0.0
41
0.0
42
0.0
10
-47.488893
20
-41.818967
40
0.0
41
0.0
42
0.0
10
-44.024793
20
-42.201098
40
0.0
41
0.0
42
0.0
10
-44.024793
20
-41.526282
40
0.0
41
0.0
42
0.0
210
0.0
220
0.0
230
1.0
0
LWPOLYLINE
5
F1
330
17
100
AcDbEntity
67
0
8
Add_Red
62
256
6
ByLayer
370
-1
48
1.0
60
0
100
AcDbPolyline
90
6
70
0
38
0.0
39
0.0
10
-48.488893
20
-41.526282
40
0.0
41
0.0
42
0.0
10
-50.220944
20
-40.526282
40
0.0
41
0.0
42
0.0
10
-51.634734
20
-41.342534
40
0.0
41
0.0
42
0.0
10
-50.437408
20
-41.493711
40
0.0
41
0.0
42
0.0
10
-48.488893
20
-41.708655
40
0.0
41
0.0
42
0.0
10
-48.488893
20
-41.526282
40
0.0
41
0.0
42
0.0
210
0.0
220
0.0
230
1.0
0
LWPOLYLINE
5
F2
330
17
100
AcDbEntity
67
0
8
Add_Red
62
256
6
ByLayer
370
-1
48
1.0
60
0
100
AcDbPolyline
90
4
70
0
38
0.0
39
0.0
10
-54.685045
20
-40.526282
40
0.0
41
0.0
42
0.0
10
-55.297758
20
-40.880032
40
0.0
41
0.0
42
0.0
10
-53.729328
20
-41.078066
40
0.0
41
0.0
42
0.0
10
-54.685045
20
-40.526282
40
0.0
41
0.0
42
0.0
210
0.0
220
0.0
230
1.0
0
LWPOLYLINE
5
F3
330
17
100
AcDbEntity
67
0
8
Add_Red
62
256
6
ByLayer
370
-1
48
1.0
60
0
100
AcDbPolyline
90
8
70
0
38
0.0
39
0.0
10
63.113274
20
41.526281
40
0.0
41
0.0
42
0.0
10
63.113274
20
43.526282
40
0.0
41
0.0
42
0.0
10
62.316013
20
43.986581
40
0.0
41
0.0
42
0.0
10
60.441982
20
43.984011
40
0.0
41
0.0
42
0.0
10
59.649173
20
43.526282
40
0.0
41
0.0
42
0.0
10
59.649173
20
41.526281
40
0.0
41
0.0
42
0.0
10
61.381223
20
40.526281
40
0.0
41
0.0
42
0.0
10
63.113274
20
41.526281
40
0.0
41
0.0
42
0.0
210
0.0
220
0.0
230
1.0
0
LWPOLYLINE
5
F4
330
17
100
AcDbEntity
67
0
8
Add_Red
62
256
6
ByLayer
370
-1
48
1.0
60
0
100
AcDbPolyline
90
8
70
0
38
0.0
39
0.0
10
58.649174
20
41.526281
40
0.0
41
0.0
42
0.0
10
58.649174
20
43.526282
40
0.0
41
0.0
42
0.0
10
57.862492
20
43.980473
40
0.0
41
0.0
42
0.0
10
55.967252
20
43.977874
40
0.0
41
0.0
42
0.0
10
55.185072
20
43.526282
40
0.0
41
0.0
42
0.0
10
55.185072
20
41.526281
40
0.0
41
0.0
42
0.0
10
56.917123
20
40.526281
40
0.0
41
0.0
42
0.0
10
58.649174
20
41.526281
40
0.0
41
0.0
42
0.0
210
0.0
220
0.0
230
1.0
0
LWPOLYLINE
5
F5
330
17
100
AcDbEntity
67
0
8
Add_Red
62
256
6
ByLayer
370
-1
48
1.0
60
0
100
AcDbPolyline
90
8
70
0
38
0.0
39
0.0
10
54.185072
20
41.526281
40
0.0
41
0.0
42
0.0
10
54.185072
20
43.526282
40
0.0
41
0.0
42
0.0
10
53.40897
20
43.974365
40
0.0
41
0.0
42
0.0
10
51.49252
20
43.971736
40
0.0
41
0.0
42
0.0
10
50.720971
20
43.526282
40
0.0
41
0.0
42
0.0
10
50.720971
20
41.526281
40
0.0
41
0.0
42
0.0
10
52.453021
20
40.526281
40
0.0
41
0.0
42
0.0
10
54.185072
20
41.526281
40
0.0
41
0.0
42
0.0
210
0.0
220
0.0
230
1.0
0
LWPOLYLINE
5
F6
330
17
100
AcDbEntity
67
0
8
Add_Red
62
256
6
ByLayer
370
-1
48
1.0
60
0
100
AcDbPolyline
90
8
70
0
38
0.0
39
0.0
10
49.720971
20
41.526281
40
0.0
41
0.0
42
0.0
10
49.720971
20
43.526282
40
0.0
41
0.0
42
0.0
10
48.955449
20
43.968257
40
0.0
41
0.0
42
0.0
10
47.01779
20
43.965599
40
0.0
41
0.0
42
0.0
10
46.25687
20
43.526282
40
0.0
41
0.0
42
0.0
10
46.25687
20
41.526281
40
0.0
41
0.0
42
0.0
10
47.988921
20
40.526281
40
0.0
41
0.0
42
0.0
10
49.720971
20
41.526281
40
0.0
41
0.0
42
0.0
210
0.0
220
0.0
230
1.0
0
LWPOLYLINE
5
F7
330
17
100
AcDbEntity
67
0
8
Add_Red
62
256
6
ByLayer
370
-1
48
1.0
60
0
100
AcDbPolyline
90
8
70
0
38
0.0
39
0.0
10
45.256871
20
41.526281
40
0.0
41
0.0
42
0.0
10
45.256871
20
43.526282
40
0.0
41
0.0
42
0.0
10
44.501928
20
43.962149
40
0.0
41
0.0
42
0.0
10
42.543059
20
43.959462
40
0.0
41
0.0
42
0.0
10
41.792769
20
43.526282
40
0.0
41
0.0
42
0.0
10
41.792769
20
41.526281
40
0.0
41
0.0
42
0.0
10
43.52482
20
40.526281
40
0.0
41
0.0
42
0.0
10
45.256871
20
41.526281
40
0.0
41
0.0
42
0.0
210
0.0
220
0.0
230
1.0
0
LWPOLYLINE
5
F8
330
17
100
AcDbEntity
67
0
8
Add_Red
62
256
6
ByLayer
370
-1
48
1.0
60
0
100
AcDbPolyline
90
8
70
0
38
0.0
39
0.0
10
40.792769
20
41.526281
40
0.0
41
0.0
42
0.0
10
40.792769
20
43.526282
40
0.0
41
0.0
42
0.0
10
40.048405
20
43.956041
40
0.0
41
0.0
42
0.0
10
38.068327
20
43.953325
40
0.0
41
0.0
42
0.0
10
37.328667
20
43.526282
40
0.0
41
0.0
42
0.0
10
37.328667
20
41.526281
40
0.0
41
0.0
42
0.0
10
39.060718
20
40.526281
40
0.0
41
0.0
42
0.0
10
40.792769
20
41.526281
40
0.0
41
0.0
42
0.0
210
0.0
220
0.0
230
1.0
0
LWPOLYLINE
5
F9
330
17
100
AcDbEntity
67
0
8
Add_Red
62
256
6
ByLayer
370
-1
48
1.0
60
0
100
AcDbPolyline
90
9
70
0
38
0.0
39
0.0
10
36.328668
20
41.526281
40
0.0
41
0.0
42
0.0
10
36.328668
20
43.526282
40
0.0
41
0.0
42
0.0
10
35.594884
20
43.949933
40
0.0
41
0.0
42
0.0
10
33.593597
20
43.947188
40
0.0
41
0.0
42
0.0
10
32.903819
20
43.548944
40
0.0
41
0.0
42
0.0
10
32.864567
20
43.449075
40
0.0
41
0.0
42
0.0
10
32.864567
20
41.526281
40
0.0
41
0.0
42
0.0
10
34.596618
20
40.526281
40
0.0
41
0.0
42
0.0
10
36.328668
20
41.526281
40
0.0
41
0.0
42
0.0
210
0.0
220
0.0
230
1.0
0
LWPOLYLINE
5
FA
330
17
100
AcDbEntity
67
0
8
Add_Red
62
256
6
ByLayer
370
-1
48
1.0
60
0
100
AcDbPolyline
90
4
70
0
38
0.0
39
0.0
10
64.762476
20
43.901099
40
0.0
41
0.0
42
0.0
10
64.113274
20
43.526282
40
0.0
41
0.0
42
0.0
10
64.113274
20
42.085737
40
0.0
41
0.0
42
0.0
10
64.762476
20
43.901099
40
0.0
41
0.0
42
0.0
210
0.0
220
0.0
230
1.0
0
LWPOLYLINE
5
FB
330
17
100
AcDbEntity
67
0
8
Add_Red
62
256
6
ByLayer
370
-1
48
1.0
60
0
100
AcDbPolyline
90
8
70
0
38
0.0
39
0.0
10
60.448647
20
37.410504
40
0.0
41
0.0
42
0.0
10
60.881229
20
37.660256
40
0.0
41
0.0
42
0.0
10
60.881229
20
39.660256
40
0.0
41
0.0
42
0.0
10
59.149179
20
40.660256
40
0.0
41
0.0
42
0.0
10
57.417129
20
39.660256
40
0.0
41
0.0
42
0.0
10
57.417129
20
37.660256
40
0.0
41
0.0
42
0.0
10
57.900252
20
37.381325
40
0.0
41
0.0
42
0.0
10
60.448647
20
37.410504
40
0.0
41
0.0
42
0.0
210
0.0
220
0.0
230
1.0
0
LWPOLYLINE
5
FC
330
17
100
AcDbEntity
67
0
8
Add_Red
62
256
6
ByLayer
370
-1
48
1.0
60
0
100
AcDbPolyline
90
8
70
0
38
0.0
39
0.0
10
55.894222
20
37.358355
40
0.0
41
0.0
42
0.0
10
56.417129
20
37.660256
40
0.0
41
0.0
42
0.0
10
56.417129
20
39.660256
40
0.0
41
0.0
42
0.0
10
54.685078
20
40.660256
40
0.0
41
0.0
42
0.0
10
52.953027
20
39.660256
40
0.0
41
0.0
42
0.0
10
52.953027
20
37.660256
40
0.0
41
0.0
42
0.0
10
53.522962
20
37.331204
40
0.0
41
0.0
42
0.0
10
55.894222
20
37.358355
40
0.0
41
0.0
42
0.0
210
0.0
220
0.0
230
1.0
0
LWPOLYLINE
5
FD
330
17
100
AcDbEntity
67
0
8
Add_Red
62
256
6
ByLayer
370
-1
48
1.0
60
0
100
AcDbPolyline
90
9
70
0
38
0.0
39
0.0
10
51.044499
20
37.302825
40
0.0
41
0.0
42
0.0
10
51.339795
20
37.306206
40
0.0
41
0.0
42
0.0
10
51.953027
20
37.660256
40
0.0
41
0.0
42
0.0
10
51.953027
20
39.660256
40
0.0
41
0.0
42
0.0
10
50.220976
20
40.660256
40
0.0
41
0.0
42
0.0
10
48.488927
20
39.660256
40
0.0
41
0.0
42
0.0
10
48.488927
20
37.660256
40
0.0
41
0.0
42
0.0
10
49.673434
20
36.97638
40
0.0
41
0.0
42
0.0
10
51.044499
20
37.302825
40
0.0
41
0.0
42
0.0
210
0.0
220
0.0
230
1.0
0
LWPOLYLINE
5
FE
330
17
100
AcDbEntity
67
0
8
Add_Red
62
256
6
ByLayer
370
-1
48
1.0
60
0
100
AcDbPolyline
90
7
70
0
38
0.0
39
0.0
10
47.488927
20
37.660256
40
0.0
41
0.0
42
0.0
10
47.488927
20
39.660256
40
0.0
41
0.0
42
0.0
10
45.756876
20
40.660256
40
0.0
41
0.0
42
0.0
10
44.024825
20
39.660256
40
0.0
41
0.0
42
0.0
10
44.024825
20
37.660256
40
0.0
41
0.0
42
0.0
10
45.756876
20
36.660256
40
0.0
41
0.0
42
0.0
10
47.488927
20
37.660256
40
0.0
41
0.0
42
0.0
210
0.0
220
0.0
230
1.0
0
LWPOLYLINE
5
FF
330
17
100
AcDbEntity
67
0
8
Add_Red
62
256
6
ByLayer
370
-1
48
1.0
60
0
100
AcDbPolyline
90
7
70
0
38
0.0
39
0.0
10
43.024826
20
37.660256
40
0.0
41
0.0
42
0.0
10
43.024826
20
39.660256
40
0.0
41
0.0
42
0.0
10
41.292775
20
40.660256
40
0.0
41
0.0
42
0.0
10
39.560724
20
39.660256
40
0.0
41
0.0
42
0.0
10
39.560724
20
37.660256
40
0.0
41
0.0
42
0.0
10
41.292775
20
36.660256
40
0.0
41
0.0
42
0.0
10
43.024826
20
37.660256
40
0.0
41
0.0
42
0.0
210
0.0
220
0.0
230
1.0
0
LWPOLYLINE
5
100
330
17
100
AcDbEntity
67
0
8
Add_Red
62
256
6
ByLayer
370
-1
48
1.0
60
0
100
AcDbPolyline
90
7
70
0
38
0.0
39
0.0
10
38.560724
20
37.660256
40
0.0
41
0.0
42
0.0
10
38.560724
20
39.660256
40
0.0
41
0.0
42
0.0
10
36.828673
20
40.660256
40
0.0
41
0.0
42
0.0
10
35.096624
20
39.660256
40
0.0
41
0.0
42
0.0
10
35.096624
20
37.660256
40
0.0
41
0.0
42
0.0
10
36.828673
20
36.660256
40
0.0
41
0.0
42
0.0
10
38.560724
20
37.660256
40
0.0
41
0.0
42
0.0
210
0.0
220
0.0
230
1.0
0
LWPOLYLINE
5
101
330
17
100
AcDbEntity
67
0
8
Add_Red
62
256
6
ByLayer
370
-1
48
1.0
60
0
100
AcDbPolyline
90
8
70
0
38
0.0
39
0.0
10
34.096624
20
37.660256
40
0.0
41
0.0
42
0.0
10
34.096624
20
39.660256
40
0.0
41
0.0
42
0.0
10
32.364573
20
40.660256
40
0.0
41
0.0
42
0.0
10
31.593492
20
40.215072
40
0.0
41
0.0
42
0.0
10
30.632522
20
37.770071
40
0.0
41
0.0
42
0.0
10
30.632522
20
37.660256
40
0.0
41
0.0
42
0.0
10
32.364573
20
36.660256
40
0.0
41
0.0
42
0.0
10
34.096624
20
37.660256
40
0.0
41
0.0
42
0.0
210
0.0
220
0.0
230
1.0
0
LWPOLYLINE
5
102
330
17
100
AcDbEntity
67
0
8
Add_Red
62
256
6
ByLayer
370
-1
48
1.0
60
0
100
AcDbPolyline
90
6
70
0
38
0.0
39
0.0
10
62.449531
20
37.433415
40
0.0
41
0.0
42
0.0
10
63.600955
20
40.65314
40
0.0
41
0.0
42
0.0
10
61.881229
20
39.660256
40
0.0
41
0.0
42
0.0
10
61.881229
20
37.660256
40
0.0
41
0.0
42
0.0
10
62.27754
20
37.431446
40
0.0
41
0.0
42
0.0
10
62.449531
20
37.433415
40
0.0
41
0.0
42
0.0
210
0.0
220
0.0
230
1.0
0
LWPOLYLINE
5
103
330
17
100
AcDbEntity
67
0
8
Add_Red
62
256
6
ByLayer
370
-1
48
1.0
60
0
100
AcDbPolyline
90
6
70
0
38
0.0
39
0.0
10
47.38359
20
36.431176
40
0.0
41
0.0
42
0.0
10
48.25742
20
36.639232
40
0.0
41
0.0
42
0.0
10
47.988954
20
36.794231
40
0.0
41
0.0
42
0.0
10
46.256903
20
35.794231
40
0.0
41
0.0
42
0.0
10
46.256903
20
35.793708
40
0.0
41
0.0
42
0.0
10
47.38359
20
36.431176
40
0.0
41
0.0
42
0.0
210
0.0
220
0.0
230
1.0
0
LWPOLYLINE
5
104
330
17
100
AcDbEntity
67
0
8
Add_Red
62
256
6
ByLayer
370
-1
48
1.0
60
0
100
AcDbPolyline
90
8
70
0
38
0.0
39
0.0
10
44.071306
20
34.557119
40
0.0
41
0.0
42
0.0
10
45.256903
20
35.227918
40
0.0
41
0.0
42
0.0
10
45.256903
20
35.794231
40
0.0
41
0.0
42
0.0
10
43.524852
20
36.794231
40
0.0
41
0.0
42
0.0
10
41.792801
20
35.794231
40
0.0
41
0.0
42
0.0
10
41.792801
20
33.794231
40
0.0
41
0.0
42
0.0
10
42.692687
20
33.274682
40
0.0
41
0.0
42
0.0
10
44.071306
20
34.557119
40
0.0
41
0.0
42
0.0
210
0.0
220
0.0
230
1.0
0
LWPOLYLINE
5
105
330
17
100
AcDbEntity
67
0
8
Add_Red
62
256
6
ByLayer
370
-1
48
1.0
60
0
100
AcDbPolyline
90
7
70
0
38
0.0
39
0.0
10
40.792802
20
33.794231
40
0.0
41
0.0
42
0.0
10
40.792802
20
35.794231
40
0.0
41
0.0
42
0.0
10
39.060751
20
36.794231
40
0.0
41
0.0
42
0.0
10
37.3287
20
35.794231
40
0.0
41
0.0
42
0.0
10
37.3287
20
33.794231
40
0.0
41
0.0
42
0.0
10
39.060751
20
32.794231
40
0.0
41
0.0
42
0.0
10
40.792802
20
33.794231
40
0.0
41
0.0
42
0.0
210
0.0
220
0.0
230
1.0
0
LWPOLYLINE
5
106
330
17
100
AcDbEntity
67
0
8
Add_Red
62
256
6
ByLayer
370
-1
48
1.0
60
0
100
AcDbPolyline
90
7
70
0
38
0.0
39
0.0
10
36.3287
20
33.794231
40
0.0
41
0.0
42
0.0
10
36.3287
20
35.794231
40
0.0
41
0.0
42
0.0
10
34.59665
20
36.794231
40
0.0
41
0.0
42
0.0
10
32.8646
20
35.794231
40
0.0
41
0.0
42
0.0
10
32.8646
20
33.794231
40
0.0
41
0.0
42
0.0
10
34.59665
20
32.794231
40
0.0
41
0.0
42
0.0
10
36.3287
20
33.794231
40
0.0
41
0.0
42
0.0
210
0.0
220
0.0
230
1.0
0
LWPOLYLINE
5
107
330
17
100
AcDbEntity
67
0
8
Add_Red
62
256
6
ByLayer
370
-1
48
1.0
60
0
100
AcDbPolyline
90
7
70
0
38
0.0
39
0.0
10
31.8646
20
33.794231
40
0.0
41
0.0
42
0.0
10
31.8646
20
35.794231
40
0.0
41
0.0
42
0.0
10
30.227449
20
36.739441
40
0.0
41
0.0
42
0.0
10
29.621677
20
35.198173
40
0.0
41
0.0
42
0.0
10
28.78748
20
33.570807
40
0.0
41
0.0
42
0.0
10
30.132549
20
32.794231
40
0.0
41
0.0
42
0.0
10
31.8646
20
33.794231
40
0.0
41
0.0
42
0.0
210
0.0
220
0.0
230
1.0
0
LWPOLYLINE
5
108
330
17
100
AcDbEntity
67
0
8
Add_Red
62
256
6
ByLayer
370
-1
48
1.0
60
0
100
AcDbPolyline
90
4
70
0
38
0.0
39
0.0
10
41.538827
20
32.786165
40
0.0
41
0.0
42
0.0
10
41.292807
20
32.928205
40
0.0
41
0.0
42
0.0
10
41.004035
20
32.761482
40
0.0
41
0.0
42
0.0
10
41.538827
20
32.786165
40
0.0
41
0.0
42
0.0
210
0.0
220
0.0
230
1.0
0
LWPOLYLINE
5
109
330
17
100
AcDbEntity
67
0
8
Add_Red
62
256
6
ByLayer
370
-1
48
1.0
60
0
100
AcDbPolyline
90
4
70
0
38
0.0
39
0.0
10
37.405174
20
32.595381
40
0.0
41
0.0
42
0.0
10
36.828706
20
32.928205
40
0.0
41
0.0
42
0.0
10
36.152064
20
32.537545
40
0.0
41
0.0
42
0.0
10
37.405174
20
32.595381
40
0.0
41
0.0
42
0.0
210
0.0
220
0.0
230
1.0
0
LWPOLYLINE
5
10A
330
17
100
AcDbEntity
67
0
8
Add_Red
62
256
6
ByLayer
370
-1
48
1.0
60
0
100
AcDbPolyline
90
4
70
0
38
0.0
39
0.0
10
33.271521
20
32.404597
40
0.0
41
0.0
42
0.0
10
32.364605
20
32.928205
40
0.0
41
0.0
42
0.0
10
31.300092
20
32.313608
40
0.0
41
0.0
42
0.0
10
33.271521
20
32.404597
40
0.0
41
0.0
42
0.0
210
0.0
220
0.0
230
1.0
0
LWPOLYLINE
5
10B
330
17
100
AcDbEntity
67
0
8
Add_Red
62
256
6
ByLayer
370
-1
48
1.0
60
0
100
AcDbPolyline
90
5
70
0
38
0.0
39
0.0
10
29.137867
20
32.213813
40
0.0
41
0.0
42
0.0
10
28.330747
20
32.679804
40
0.0
41
0.0
42
0.0
10
28.066533
20
32.16437
40
0.0
41
0.0
42
0.0
10
28.066533
20
32.164367
40
0.0
41
0.0
42
0.0
10
29.137867
20
32.213813
40
0.0
41
0.0
42
0.0
210
0.0
220
0.0
230
1.0
0
VIEWPORT
5
110
330
10C
100
AcDbEntity
67
1
8
0
62
256
6
ByLayer
370
-1
48
1.0
60
0
100
AcDbViewport
10
0.0
20
0.0
30
0.0
40
297.0
41
210.0
68
1
69
1
12
50.0
22
100.0
13
0.0
23
0.0
14
10.0
24
10.0
15
10.0
25
10.0
16
0.0
26
0.0
36
1.0
17
0.0
27
0.0
37
0.0
42
50.0
43
0.0
44
0.0
45
250.0
50
0.0
51
0.0
72
1000
90
819232
110
0.0
120
0.0
130
0.0
111
1.0
121
0.0
131
0.0
112
0.0
122
1.0
132
0.0
0
ENDSEC
0
SECTION
2
OBJECTS
0
DICTIONARY
5
113
330
0
100
AcDbDictionary
280
0
281
1
3
ACAD_GROUP
350
114
3
ACAD_LAYOUT
350
115
3
ACAD_MLINESTYLE
350
116
0
DICTIONARY
5
114
330
113
100
AcDbDictionary
280
0
281
1
0
DICTIONARY
5
115
330
113
100
AcDbDictionary
280
0
281
1
3
Model
350
1B
3
Layout1
350
111
0
DICTIONARY
5
116
330
113
100
AcDbDictionary
280
0
281
1
3
Standard
350
16
0
LAYOUT
5
1B
330
115
100
AcDbPlotSettings
1

2
none_device
4
ISO_A4_(210.00_x_297.00_MM)
6

40
7.5
41
20.0
42
7.5
43
20.0
44
210.0
45
297.0
46
0.0
47
0.0
48
0.0
49
0.0
140
0.0
141
0.0
142
1.0
143
1.0
70
11952
72
1
73
1
74
5
7

75
16
147
1.0
148
0.0
149
0.0
100
AcDbLayout
1
Model
70
1
71
0
10
-20.0
20
-7.5
11
277.0
21
202.5
12
0.0
22
0.0
32
0.0
14
25.7
24
19.5
34
0.0
15
231.3
25
175.5
35
0.0
146
0.0
13
0.0
23
0.0
33
0.0
16
1.0
26
0.0
36
0.0
17
0.0
27
1.0
37
0.0
76
0
330
17
0
LAYOUT
5
111
330
115
100
AcDbPlotSettings
1

2
none_device
4
ISO_A4_(210.00_x_297.00_MM)
6

40
7.5
41
20.0
42
7.5
43
20.0
44
210.0
45
297.0
46
0.0
47
0.0
48
0.0
49
0.0
140
0.0
141
0.0
142
1.0
143
1.0
70
688
72
1
73
1
74
5
7

75
16
147
1.0
148
0.0
149
0.0
100
AcDbLayout
1
Layout1
70
1
71
1
10
-20.0
20
-7.5
11
277.0
21
202.5
12
0.0
22
0.0
32
0.0
14
25.7
24
19.5
34
0.0
15
231.3
25
175.5
35
0.0
146
0.0
13
0.0
23
0.0
33
0.0
16
1.0
26
0.0
36
0.0
17
0.0
27
1.0
37
0.0
76
0
330
10C
0
MLINESTYLE
5
16
330
116
100
AcDbMlineStyle
2
Standard
70
0
3

62
256
51
90.0
52
90.0
71
2
49
0.5
62
256
6
ByLayer
49
-0.5
62
256
6
ByLayer
0
ENDSEC
0
EOF
