  0
SECTION
  2
HEADER
  9
$ACADVER
  1
AC1024
  9
$ACADMAINTVER
 70
6
  9
$DWGCODEPAGE
  3
ANSI_1252
  9
$LASTSAVEDBY
  1
ezdxf
  9
$INSBASE
 10
0.0
 20
0.0
 30
0.0
  9
$EXTMIN
 10
1e+20
 20
1e+20
 30
1e+20
  9
$EXTMAX
 10
-1e+20
 20
-1e+20
 30
-1e+20
  9
$LIMMIN
 10
0.0
 20
0.0
  9
$LIMMAX
 10
420.0
 20
297.0
  9
$ORTHOMODE
 70
0
  9
$REGENMODE
 70
1
  9
$FILLMODE
 70
1
  9
$QTEXTMODE
 70
0
  9
$MIRRTEXT
 70
1
  9
$LTSCALE
 40
1.0
  9
$ATTMODE
 70
1
  9
$TEXTSIZE
 40
2.5
  9
$TRACEWID
 40
1.0
  9
$TEXTSTYLE
  7
Standard
  9
$CLAYER
  8
0
  9
$CELTYPE
  6
ByLayer
  9
$CECOLOR
 62
256
  9
$CELTSCALE
 40
1.0
  9
$DISPSILH
 70
0
  9
$DIMSCALE
 40
1.0
  9
$DIMASZ
 40
2.5
  9
$DIMEXO
 40
0.625
  9
$DIMDLI
 40
3.75
  9
$DIMRND
 40
0.0
  9
$DIMDLE
 40
0.0
  9
$DIMEXE
 40
1.25
  9
$DIMTP
 40
0.0
  9
$DIMTM
 40
0.0
  9
$DIMTXT
 40
2.5
  9
$DIMCEN
 40
2.5
  9
$DIMTSZ
 40
0.0
  9
$DIMTOL
 70
0
  9
$DIMLIM
 70
0
  9
$DIMTIH
 70
0
  9
$DIMTOH
 70
0
  9
$DIMSE1
 70
0
  9
$DIMSE2
 70
0
  9
$DIMTAD
 70
1
  9
$DIMZIN
 70
8
  9
$DIMBLK
  1

  9
$DIMASO
 70
1
  9
$DIMSHO
 70
1
  9
$DIMPOST
  1

  9
$DIMAPOST
  1

  9
$DIMALT
 70
0
  9
$DIMALTD
 70
3
  9
$DIMALTF
 40
0.03937007874
  9
$DIMLFAC
 40
1.0
  9
$DIMTOFL
 70
1
  9
$DIMTVP
 40
0.0
  9
$DIMTIX
 70
0
  9
$DIMSOXD
 70
0
  9
$DIMSAH
 70
0
  9
$DIMBLK1
  1

  9
$DIMBLK2
  1

  9
$DIMSTYLE
  2
ISO-25
  9
$DIMCLRD
 70
0
  9
$DIMCLRE
 70
0
  9
$DIMCLRT
 70
0
  9
$DIMTFAC
 40
1.0
  9
$DIMGAP
 40
0.625
  9
$DIMJUST
 70
0
  9
$DIMSD1
 70
0
  9
$DIMSD2
 70
0
  9
$DIMTOLJ
 70
0
  9
$DIMTZIN
 70
8
  9
$DIMALTZ
 70
0
  9
$DIMALTTZ
 70
0
  9
$DIMUPT
 70
0
  9
$DIMDEC
 70
2
  9
$DIMTDEC
 70
2
  9
$DIMALTU
 70
2
  9
$DIMALTTD
 70
3
  9
$DIMTXSTY
  7
Standard
  9
$DIMAUNIT
 70
0
  9
$DIMADEC
 70
0
  9
$DIMALTRND
 40
0.0
  9
$DIMAZIN
 70
0
  9
$DIMDSEP
 70
44
  9
$DIMATFIT
 70
3
  9
$DIMFRAC
 70
0
  9
$DIMLDRBLK
  1

  9
$DIMLUNIT
 70
2
  9
$DIMLWD
 70
-2
  9
$DIMLWE
 70
-2
  9
$DIMTMOVE
 70
0
  9
$DIMFXL
 40
1.0
  9
$DIMFXLON
 70
0
  9
$DIMJOGANG
 40
0.785398163397
  9
$DIMTFILL
 70
0
  9
$DIMTFILLCLR
 70
0
  9
$DIMARCSYM
 70
0
  9
$DIMLTYPE
  6

  9
$DIMLTEX1
  6

  9
$DIMLTEX2
  6

  9
$DIMTXTDIRECTION
 70
0
  9
$LUNITS
 70
2
  9
$LUPREC
 70
4
  9
$SKETCHINC
 40
1.0
  9
$FILLETRAD
 40
10.0
  9
$AUNITS
 70
0
  9
$AUPREC
 70
2
  9
$MENU
  1
.
  9
$ELEVATION
 40
0.0
  9
$PELEVATION
 40
0.0
  9
$THICKNESS
 40
0.0
  9
$LIMCHECK
 70
0
  9
$CHAMFERA
 40
0.0
  9
$CHAMFERB
 40
0.0
  9
$CHAMFERC
 40
0.0
  9
$CHAMFERD
 40
0.0
  9
$SKPOLY
 70
0
  9
$TDCREATE
 40
2461138.721064815
  9
$TDUCREATE
 40
2458532.153996898
  9
$TDUPDATE
 40
2461138.721064815
  9
$TDUUPDATE
 40
2458532.1544311
  9
$TDINDWG
 40
0.0
  9
$TDUSRTIMER
 40
0.0
  9
$USRTIMER
 70
1
  9
$ANGBASE
 50
0.0
  9
$ANGDIR
 70
0
  9
$PDMODE
 70
0
  9
$PDSIZE
 40
0.0
  9
$PLINEWID
 40
0.0
  9
$SPLFRAME
 70
0
  9
$SPLINETYPE
 70
6
  9
$SPLINESEGS
 70
8
  9
$HANDSEED
  5
1132
  9
$SURFTAB1
 70
6
  9
$SURFTAB2
 70
6
  9
$SURFTYPE
 70
6
  9
$SURFU
 70
6
  9
$SURFV
 70
6
  9
$UCSBASE
  2

  9
$UCSNAME
  2

  9
$UCSORG
 10
0.0
 20
0.0
 30
0.0
  9
$UCSXDIR
 10
1.0
 20
0.0
 30
0.0
  9
$UCSYDIR
 10
0.0
 20
1.0
 30
0.0
  9
$UCSORTHOREF
  2

  9
$UCSORTHOVIEW
 70
0
  9
$UCSORGTOP
 10
0.0
 20
0.0
 30
0.0
  9
$UCSORGBOTTOM
 10
0.0
 20
0.0
 30
0.0
  9
$UCSORGLEFT
 10
0.0
 20
0.0
 30
0.0
  9
$UCSORGRIGHT
 10
0.0
 20
0.0
 30
0.0
  9
$UCSORGFRONT
 10
0.0
 20
0.0
 30
0.0
  9
$UCSORGBACK
 10
0.0
 20
0.0
 30
0.0
  9
$PUCSBASE
  2

  9
$PUCSNAME
  2

  9
$PUCSORG
 10
0.0
 20
0.0
 30
0.0
  9
$PUCSXDIR
 10
1.0
 20
0.0
 30
0.0
  9
$PUCSYDIR
 10
0.0
 20
1.0
 30
0.0
  9
$PUCSORTHOREF
  2

  9
$PUCSORTHOVIEW
 70
0
  9
$PUCSORGTOP
 10
0.0
 20
0.0
 30
0.0
  9
$PUCSORGBOTTOM
 10
0.0
 20
0.0
 30
0.0
  9
$PUCSORGLEFT
 10
0.0
 20
0.0
 30
0.0
  9
$PUCSORGRIGHT
 10
0.0
 20
0.0
 30
0.0
  9
$PUCSORGFRONT
 10
0.0
 20
0.0
 30
0.0
  9
$PUCSORGBACK
 10
0.0
 20
0.0
 30
0.0
  9
$USERI1
 70
0
  9
$USERI2
 70
0
  9
$USERI3
 70
0
  9
$USERI4
 70
0
  9
$USERI5
 70
0
  9
$USERR1
 40
0.0
  9
$USERR2
 40
0.0
  9
$USERR3
 40
0.0
  9
$USERR4
 40
0.0
  9
$USERR5
 40
0.0
  9
$WORLDVIEW
 70
1
  9
$SHADEDGE
 70
3
  9
$SHADEDIF
 70
70
  9
$TILEMODE
 70
1
  9
$MAXACTVP
 70
64
  9
$PINSBASE
 10
0.0
 20
0.0
 30
0.0
  9
$PLIMCHECK
 70
0
  9
$PEXTMIN
 10
1e+20
 20
1e+20
 30
1e+20
  9
$PEXTMAX
 10
-1e+20
 20
-1e+20
 30
-1e+20
  9
$PLIMMIN
 10
0.0
 20
0.0
  9
$PLIMMAX
 10
420.0
 20
297.0
  9
$UNITMODE
 70
0
  9
$VISRETAIN
 70
1
  9
$PLINEGEN
 70
0
  9
$PSLTSCALE
 70
1
  9
$TREEDEPTH
 70
3020
  9
$CMLSTYLE
  2
Standard
  9
$CMLJUST
 70
0
  9
$CMLSCALE
 40
20.0
  9
$PROXYGRAPHICS
 70
1
  9
$MEASUREMENT
 70
1
  9
$CELWEIGHT
370
-1
  9
$ENDCAPS
280
0
  9
$JOINSTYLE
280
0
  9
$LWDISPLAY
290
0
  9
$INSUNITS
 70
6
  9
$HYPERLINKBASE
  1

  9
$STYLESHEET
  1

  9
$XEDIT
290
1
  9
$CEPSNTYPE
380
0
  9
$PSTYLEMODE
290
1
  9
$FINGERPRINTGUID
  2
{73F852EA-6F8D-4402-8443-218561797129}
  9
$VERSIONGUID
  2
{DDFE13B6-1DB1-42B8-A3F3-7687F9BDE9F6}
  9
$EXTNAMES
290
1
  9
$PSVPSCALE
 40
0.0
  9
$OLESTARTUP
290
0
  9
$SORTENTS
280
127
  9
$INDEXCTL
280
0
  9
$HIDETEXT
280
1
  9
$XCLIPFRAME
280
1
  9
$HALOGAP
280
0
  9
$OBSCOLOR
 70
257
  9
$OBSLTYPE
280
0
  9
$INTERSECTIONDISPLAY
280
0
  9
$INTERSECTIONCOLOR
 70
257
  9
$DIMASSOC
280
2
  9
$PROJECTNAME
  1

  9
$CAMERADISPLAY
290
0
  9
$LENSLENGTH
 40
50.0
  9
$CAMERAHEIGHT
 40
0.0
  9
$STEPSPERSEC
 40
24.0
  9
$STEPSIZE
 40
100.0
  9
$3DDWFPREC
 40
2.0
  9
$PSOLWIDTH
 40
0.005
  9
$PSOLHEIGHT
 40
0.08
  9
$LOFTANG1
 40
1.570796326795
  9
$LOFTANG2
 40
1.570796326795
  9
$LOFTMAG1
 40
0.0
  9
$LOFTMAG2
 40
0.0
  9
$LOFTPARAM
 70
7
  9
$LOFTNORMALS
280
1
  9
$LATITUDE
 40
37.795
  9
$LONGITUDE
 40
-122.394
  9
$NORTHDIRECTION
 40
0.0
  9
$TIMEZONE
 70
-8000
  9
$LIGHTGLYPHDISPLAY
280
1
  9
$TILEMODELIGHTSYNCH
280
1
  9
$CMATERIAL
347
20
  9
$SOLIDHIST
280
0
  9
$SHOWHIST
280
1
  9
$DWFFRAME
280
2
  9
$DGNFRAME
280
2
  9
$REALWORLDSCALE
290
1
  9
$INTERFERECOLOR
 62
256
  9
$CSHADOW
280
0
  9
$SHADOWPLANELOCATION
 40
0.0
  0
ENDSEC
  0
SECTION
  2
CLASSES
  0
CLASS
  1
ACDBDICTIONARYWDFLT
  2
AcDbDictionaryWithDefault
  3
ObjectDBX Classes
 90
0
 91
0
280
0
281
0
  0
CLASS
  1
SUN
  2
AcDbSun
  3
SCENEOE
 90
1153
 91
0
280
0
281
0
  0
CLASS
  1
VISUALSTYLE
  2
AcDbVisualStyle
  3
ObjectDBX Classes
 90
4095
 91
0
280
0
281
0
  0
CLASS
  1
MATERIAL
  2
AcDbMaterial
  3
ObjectDBX Classes
 90
1153
 91
0
280
0
281
0
  0
CLASS
  1
SCALE
  2
AcDbScale
  3
ObjectDBX Classes
 90
1153
 91
0
280
0
281
0
  0
CLASS
  1
TABLESTYLE
  2
AcDbTableStyle
  3
ObjectDBX Classes
 90
4095
 91
0
280
0
281
0
  0
CLASS
  1
MLEADERSTYLE
  2
AcDbMLeaderStyle
  3
ACDB_MLEADERSTYLE_CLASS
 90
4095
 91
0
280
0
281
0
  0
CLASS
  1
DICTIONARYVAR
  2
AcDbDictionaryVar
  3
ObjectDBX Classes
 90
0
 91
0
280
0
281
0
  0
CLASS
  1
CELLSTYLEMAP
  2
AcDbCellStyleMap
  3
ObjectDBX Classes
 90
1152
 91
0
280
0
281
0
  0
CLASS
  1
MENTALRAYRENDERSETTINGS
  2
AcDbMentalRayRenderSettings
  3
SCENEOE
 90
1024
 91
0
280
0
281
0
  0
CLASS
  1
ACDBDETAILVIEWSTYLE
  2
AcDbDetailViewStyle
  3
ObjectDBX Classes
 90
1025
 91
0
280
0
281
0
  0
CLASS
  1
ACDBSECTIONVIEWSTYLE
  2
AcDbSectionViewStyle
  3
ObjectDBX Classes
 90
1025
 91
0
280
0
281
0
  0
CLASS
  1
RASTERVARIABLES
  2
AcDbRasterVariables
  3
ISM
 90
0
 91
0
280
0
281
0
  0
CLASS
  1
ACDBPLACEHOLDER
  2
AcDbPlaceHolder
  3
ObjectDBX Classes
 90
0
 91
0
280
0
281
0
  0
CLASS
  1
LAYOUT
  2
AcDbLayout
  3
ObjectDBX Classes
 90
0
 91
0
280
0
281
0
  0
ENDSEC
  0
SECTION
  2
TABLES
  0
TABLE
  2
VPORT
  5
8
330
0
100
AcDbSymbolTable
 70
1
  0
VPORT
  5
23
330
8
100
AcDbSymbolTableRecord
100
AcDbViewportTableRecord
  2
*Active
 70
0
 10
0.0
 20
0.0
 11
1.0
 21
1.0
 12
0.0
 22
0.0
 13
0.0
 23
0.0
 14
0.5
 24
0.5
 15
0.5
 25
0.5
 16
0.0
 26
0.0
 36
1.0
 17
0.0
 27
0.0
 37
0.0
 40
1000.0
 41
1.34
 42
50.0
 43
0.0
 44
0.0
 50
0.0
 51
0.0
 71
0
 72
1000
 73
1
 74
3
 75
0
 76
0
 77
0
 78
0
281
0
 65
0
146
0.0
  0
ENDTAB
  0
TABLE
  2
LTYPE
  5
2
330
0
100
AcDbSymbolTable
 70
3
  0
LTYPE
  5
24
330
2
100
AcDbSymbolTableRecord
100
AcDbLinetypeTableRecord
  2
ByBlock
 70
0
  3

 72
65
 73
0
 40
0.0
  0
LTYPE
  5
25
330
2
100
AcDbSymbolTableRecord
100
AcDbLinetypeTableRecord
  2
ByLayer
 70
0
  3

 72
65
 73
0
 40
0.0
  0
LTYPE
  5
26
330
2
100
AcDbSymbolTableRecord
100
AcDbLinetypeTableRecord
  2
Continuous
 70
0
  3

 72
65
 73
0
 40
0.0
  0
ENDTAB
  0
TABLE
  2
LAYER
  5
1
330
0
100
AcDbSymbolTable
 70
2
  0
LAYER
  5
27
330
1
100
AcDbSymbolTableRecord
100
AcDbLayerTableRecord
  2
0
 70
0
 62
7
  6
Continuous
370
-3
390
13
347
21
  0
LAYER
  5
28
330
1
100
AcDbSymbolTableRecord
100
AcDbLayerTableRecord
  2
Defpoints
 70
0
 62
7
  6
Continuous
290
0
370
-3
390
13
347
21
  0
ENDTAB
  0
TABLE
  2
STYLE
  5
5
330
0
100
AcDbSymbolTable
 70
1
  0
STYLE
  5
29
330
5
100
AcDbSymbolTableRecord
100
AcDbTextStyleTableRecord
  2
Standard
 70
0
 40
0.0
 41
1.0
 50
0.0
 71
0
 42
2.5
  3
txt
  4

  0
ENDTAB
  0
TABLE
  2
VIEW
  5
7
330
0
100
AcDbSymbolTable
 70
0
  0
ENDTAB
  0
TABLE
  2
UCS
  5
6
330
0
100
AcDbSymbolTable
 70
0
  0
ENDTAB
  0
TABLE
  2
APPID
  5
3
330
0
100
AcDbSymbolTable
 70
3
  0
APPID
  5
2A
330
3
100
AcDbSymbolTableRecord
100
AcDbRegAppTableRecord
  2
ACAD
 70
0
  0
APPID
  5
112F
330
3
100
AcDbSymbolTableRecord
100
AcDbRegAppTableRecord
  2
HATCHBACKGROUNDCOLOR
 70
0
  0
APPID
  5
1130
330
3
100
AcDbSymbolTableRecord
100
AcDbRegAppTableRecord
  2
EZDXF
 70
0
  0
ENDTAB
  0
TABLE
  2
DIMSTYLE
  5
4
330
0
100
AcDbSymbolTable
 70
1
100
AcDbDimStyleTable
  0
DIMSTYLE
105
2B
330
4
100
AcDbSymbolTableRecord
100
AcDbDimStyleTableRecord
  2
Standard
 70
0
 40
1.0
 41
2.5
 42
0.625
 43
3.75
 44
1.25
 45
0.0
 46
0.0
 47
0.0
 48
0.0
 49
2.5
140
2.5
141
2.5
142
0.0
143
0.03937007874
144
1.0
145
0.0
146
1.0
147
0.625
148
0.0
 69
0
 70
0
 71
0
 72
0
 73
0
 74
0
 75
0
 76
0
 77
1
 78
8
 79
3
170
0
171
3
172
1
173
0
174
0
175
0
176
0
177
0
178
0
179
2
271
2
272
2
273
2
274
3
275
0
276
0
277
2
278
44
279
0
280
0
281
0
282
0
283
0
284
8
285
0
286
0
288
0
289
3
290
0
371
-2
372
-2
  0
ENDTAB
  0
TABLE
  2
BLOCK_RECORD
  5
9
330
0
100
AcDbSymbolTable
 70
2
  0
BLOCK_RECORD
  5
17
330
9
100
AcDbSymbolTableRecord
100
AcDbBlockTableRecord
  2
*Model_Space
340
1A
 70
0
280
1
281
0
  0
BLOCK_RECORD
  5
1B
330
9
100
AcDbSymbolTableRecord
100
AcDbBlockTableRecord
  2
*Paper_Space
340
1E
 70
0
280
1
281
0
  0
ENDTAB
  0
ENDSEC
  0
SECTION
  2
BLOCKS
  0
BLOCK
  5
18
330
17
100
AcDbEntity
  8
0
100
AcDbBlockBegin
  2
*Model_Space
 70
0
 10
0.0
 20
0.0
 30
0.0
  3
*Model_Space
  1

  0
ENDBLK
  5
19
330
17
100
AcDbEntity
  8
0
100
AcDbBlockEnd
  0
BLOCK
  5
1C
330
1B
100
AcDbEntity
  8
0
100
AcDbBlockBegin
  2
*Paper_Space
 70
0
 10
0.0
 20
0.0
 30
0.0
  3
*Paper_Space
  1

  0
ENDBLK
  5
1D
330
1B
100
AcDbEntity
  8
0
100
AcDbBlockEnd
  0
ENDSEC
  0
SECTION
  2
ENTITIES
  0
LINE
  5
2F
330
17
100
AcDbEntity
  8
0
100
AcDbLine
 10
208.247488
 20
-96.930972
 30
0.0
 11
208.22310399999998
 21
-96.985836
 31
0.0
  0
LINE
  5
30
330
17
100
AcDbEntity
  8
0
100
AcDbLine
 10
208.22310399999998
 20
-96.985836
 30
0.0
 11
208.17738400000002
 21
-97.031048
 31
0.0
  0
LINE
  5
31
330
17
100
AcDbEntity
  8
0
100
AcDbLine
 10
208.17738400000002
 20
-97.031048
 30
0.0
 11
208.11109000000002
 21
-97.066862
 31
0.0
  0
LINE
  5
32
330
17
100
AcDbEntity
  8
0
100
AcDbLine
 10
208.11109000000002
 20
-97.066862
 30
0.0
 11
208.02473
 21
-97.09353200000001
 31
0.0
  0
LINE
  5
33
330
17
100
AcDbEntity
  8
0
100
AcDbLine
 10
208.02473
 20
-97.09353200000001
 30
0.0
 11
207.919066
 21
-97.11156600000002
 31
0.0
  0
LINE
  5
34
330
17
100
AcDbEntity
  8
0
100
AcDbLine
 10
207.919066
 20
-97.11156600000002
 30
0.0
 11
207.79485999999997
 21
-97.12096400000001
 31
0.0
  0
LINE
  5
35
330
17
100
AcDbEntity
  8
0
100
AcDbLine
 10
207.79485999999997
 20
-97.12096400000001
 30
0.0
 11
207.65261999999998
 21
-97.122234
 31
0.0
  0
LINE
  5
36
330
17
100
AcDbEntity
  8
0
100
AcDbLine
 10
207.65261999999998
 20
-97.122234
 30
0.0
 11
207.49310799999998
 21
-97.11563000000001
 31
0.0
  0
LINE
  5
37
330
17
100
AcDbEntity
  8
0
100
AcDbLine
 10
207.49310799999998
 20
-97.11563000000001
 30
0.0
 11
207.316832
 21
-97.101152
 31
0.0
  0
LINE
  5
38
330
17
100
AcDbEntity
  8
0
100
AcDbLine
 10
207.316832
 20
-97.101152
 30
0.0
 11
207.12455400000002
 21
-97.079308
 31
0.0
  0
LINE
  5
39
330
17
100
AcDbEntity
  8
0
100
AcDbLine
 10
207.12455400000002
 20
-97.079308
 30
0.0
 11
206.917036
 21
-97.050352
 31
0.0
  0
LINE
  5
3A
330
17
100
AcDbEntity
  8
0
100
AcDbLine
 10
206.917036
 20
-97.050352
 30
0.0
 11
206.694786
 21
-97.014538
 31
0.0
  0
LINE
  5
3B
330
17
100
AcDbEntity
  8
0
100
AcDbLine
 10
206.694786
 20
-97.014538
 30
0.0
 11
206.458312
 21
-96.97212
 31
0.0
  0
LINE
  5
3C
330
17
100
AcDbEntity
  8
0
100
AcDbLine
 10
206.458312
 20
-96.97212
 30
0.0
 11
206.208376
 21
-96.92360600000002
 31
0.0
  0
LINE
  5
3D
330
17
100
AcDbEntity
  8
0
100
AcDbLine
 10
206.208376
 20
-96.92360600000002
 30
0.0
 11
205.94574
 21
-96.86899600000002
 31
0.0
  0
LINE
  5
3E
330
17
100
AcDbEntity
  8
0
100
AcDbLine
 10
205.94574
 20
-96.86899600000002
 30
0.0
 11
205.670912
 21
-96.80854400000003
 31
0.0
  0
LINE
  5
3F
330
17
100
AcDbEntity
  8
0
100
AcDbLine
 10
205.670912
 20
-96.80854400000003
 30
0.0
 11
205.384654
 21
-96.74275800000002
 31
0.0
  0
LINE
  5
40
330
17
100
AcDbEntity
  8
0
100
AcDbLine
 10
205.384654
 20
-96.74275800000002
 30
0.0
 11
205.087728
 21
-96.67189200000001
 31
0.0
  0
LINE
  5
41
330
17
100
AcDbEntity
  8
0
100
AcDbLine
 10
205.087728
 20
-96.67189200000001
 30
0.0
 11
204.78064200000003
 21
-96.59620000000002
 31
0.0
  0
LINE
  5
42
330
17
100
AcDbEntity
  8
0
100
AcDbLine
 10
204.78064200000003
 20
-96.59620000000002
 30
0.0
 11
204.46390400000004
 21
-96.51568200000001
 31
0.0
  0
LINE
  5
43
330
17
100
AcDbEntity
  8
0
100
AcDbLine
 10
204.46390400000004
 20
-96.51568200000001
 30
0.0
 11
204.13827600000002
 21
-96.43084600000002
 31
0.0
  0
LINE
  5
44
330
17
100
AcDbEntity
  8
0
100
AcDbLine
 10
204.13827600000002
 20
-96.43084600000002
 30
0.0
 11
203.80452000000002
 21
-96.34194600000001
 31
0.0
  0
LINE
  5
45
330
17
100
AcDbEntity
  8
0
100
AcDbLine
 10
203.80452000000002
 20
-96.34194600000001
 30
0.0
 11
203.46314400000003
 21
-96.24949000000002
 31
0.0
  0
LINE
  5
46
330
17
100
AcDbEntity
  8
0
100
AcDbLine
 10
203.46314400000003
 20
-96.24949000000002
 30
0.0
 11
203.11491
 21
-96.15347800000002
 31
0.0
  0
LINE
  5
47
330
17
100
AcDbEntity
  8
0
100
AcDbLine
 10
203.11491
 20
-96.15347800000002
 30
0.0
 11
202.76032600000002
 21
-96.05416400000001
 31
0.0
  0
LINE
  5
48
330
17
100
AcDbEntity
  8
0
100
AcDbLine
 10
202.76032600000002
 20
-96.05416400000001
 30
0.0
 11
202.40040800000003
 21
-95.95205600000001
 31
0.0
  0
LINE
  5
49
330
17
100
AcDbEntity
  8
0
100
AcDbLine
 10
202.40040800000003
 20
-95.95205600000001
 30
0.0
 11
202.03541
 21
-95.84715400000002
 31
0.0
  0
LINE
  5
4A
330
17
100
AcDbEntity
  8
0
100
AcDbLine
 10
202.03541
 20
-95.84715400000002
 30
0.0
 11
201.66609400000004
 21
-95.73996600000001
 31
0.0
  0
LINE
  5
4B
330
17
100
AcDbEntity
  8
0
100
AcDbLine
 10
201.66609400000004
 20
-95.73996600000001
 30
0.0
 11
201.29322200000004
 21
-95.630746
 31
0.0
  0
LINE
  5
4C
330
17
100
AcDbEntity
  8
0
100
AcDbLine
 10
201.29322200000004
 20
-95.630746
 30
0.0
 11
200.91730200000003
 21
-95.519748
 31
0.0
  0
LINE
  5
4D
330
17
100
AcDbEntity
  8
0
100
AcDbLine
 10
200.91730200000003
 20
-95.519748
 30
0.0
 11
200.53909600000003
 21
-95.40722600000001
 31
0.0
  0
LINE
  5
4E
330
17
100
AcDbEntity
  8
0
100
AcDbLine
 10
200.53909600000003
 20
-95.40722600000001
 30
0.0
 11
200.15911200000005
 21
-95.29343400000002
 31
0.0
  0
LINE
  5
4F
330
17
100
AcDbEntity
  8
0
100
AcDbLine
 10
200.15911200000005
 20
-95.29343400000002
 30
0.0
 11
199.77811200000005
 21
-95.17862600000001
 31
0.0
  0
LINE
  5
50
330
17
100
AcDbEntity
  8
0
100
AcDbLine
 10
199.77811200000005
 20
-95.17862600000001
 30
0.0
 11
199.39685800000004
 21
-95.06305600000002
 31
0.0
  0
LINE
  5
51
330
17
100
AcDbEntity
  8
0
100
AcDbLine
 10
199.39685800000004
 20
-95.06305600000002
 30
0.0
 11
199.01585800000004
 21
-94.94723200000001
 31
0.0
  0
LINE
  5
52
330
17
100
AcDbEntity
  8
0
100
AcDbLine
 10
199.01585800000004
 20
-94.94723200000001
 30
0.0
 11
198.63587400000006
 21
-94.83115400000001
 31
0.0
  0
LINE
  5
53
330
17
100
AcDbEntity
  8
0
100
AcDbLine
 10
198.63587400000006
 20
-94.83115400000001
 30
0.0
 11
198.25741400000004
 21
-94.71533000000001
 31
0.0
  0
LINE
  5
54
330
17
100
AcDbEntity
  8
0
100
AcDbLine
 10
198.25741400000004
 20
-94.71533000000001
 30
0.0
 11
197.88124000000005
 21
-94.60001400000002
 31
0.0
  0
LINE
  5
55
330
17
100
AcDbEntity
  8
0
100
AcDbLine
 10
197.88124000000005
 20
-94.60001400000002
 30
0.0
 11
197.50786000000005
 21
-94.485206
 31
0.0
  0
LINE
  5
56
330
17
100
AcDbEntity
  8
0
100
AcDbLine
 10
197.50786000000005
 20
-94.485206
 30
0.0
 11
197.13803600000003
 21
-94.37141400000002
 31
0.0
  0
LINE
  5
57
330
17
100
AcDbEntity
  8
0
100
AcDbLine
 10
197.13803600000003
 20
-94.37141400000002
 30
0.0
 11
196.77253000000005
 21
-94.25889200000002
 31
0.0
  0
LINE
  5
58
330
17
100
AcDbEntity
  8
0
100
AcDbLine
 10
196.77253000000005
 20
-94.25889200000002
 30
0.0
 11
196.41185000000004
 21
-94.14789400000002
 31
0.0
  0
LINE
  5
59
330
17
100
AcDbEntity
  8
0
100
AcDbLine
 10
196.41185000000004
 20
-94.14789400000002
 30
0.0
 11
196.05650400000005
 21
-94.03892800000003
 31
0.0
  0
LINE
  5
5A
330
17
100
AcDbEntity
  8
0
100
AcDbLine
 10
196.05650400000005
 20
-94.03892800000003
 30
0.0
 11
195.70725400000006
 21
-93.93199400000003
 31
0.0
  0
LINE
  5
5B
330
17
100
AcDbEntity
  8
0
100
AcDbLine
 10
195.70725400000006
 20
-93.93199400000003
 30
0.0
 11
195.36486200000007
 21
-93.82734600000003
 31
0.0
  0
LINE
  5
5C
330
17
100
AcDbEntity
  8
0
100
AcDbLine
 10
195.36486200000007
 20
-93.82734600000003
 30
0.0
 11
195.03009000000006
 21
-93.72549200000003
 31
0.0
  0
LINE
  5
5D
330
17
100
AcDbEntity
  8
0
100
AcDbLine
 10
195.03009000000006
 20
-93.72549200000003
 30
0.0
 11
194.70344600000007
 21
-93.62643200000004
 31
0.0
  0
LINE
  5
5E
330
17
100
AcDbEntity
  8
0
100
AcDbLine
 10
194.70344600000007
 20
-93.62643200000004
 30
0.0
 11
194.3854380000001
 21
-93.53067400000003
 31
0.0
  0
LINE
  5
5F
330
17
100
AcDbEntity
  8
0
100
AcDbLine
 10
194.3854380000001
 20
-93.53067400000003
 30
0.0
 11
194.0768280000001
 21
-93.43847200000003
 31
0.0
  0
LINE
  5
60
330
17
100
AcDbEntity
  8
0
100
AcDbLine
 10
194.0768280000001
 20
-93.43847200000003
 30
0.0
 11
193.7783780000001
 21
-93.35008000000002
 31
0.0
  0
LINE
  5
61
330
17
100
AcDbEntity
  8
0
100
AcDbLine
 10
193.7783780000001
 20
-93.35008000000002
 30
0.0
 11
193.4905960000001
 21
-93.26575200000002
 31
0.0
  0
LINE
  5
62
330
17
100
AcDbEntity
  8
0
100
AcDbLine
 10
193.4905960000001
 20
-93.26575200000002
 30
0.0
 11
193.2142440000001
 21
-93.18574200000003
 31
0.0
  0
LINE
  5
63
330
17
100
AcDbEntity
  8
0
100
AcDbLine
 10
193.2142440000001
 20
-93.18574200000003
 30
0.0
 11
192.94983000000008
 21
-93.11030400000003
 31
0.0
  0
LINE
  5
64
330
17
100
AcDbEntity
  8
0
100
AcDbLine
 10
192.94983000000008
 20
-93.11030400000003
 30
0.0
 11
192.69811600000008
 21
-93.03994600000003
 31
0.0
  0
LINE
  5
65
330
17
100
AcDbEntity
  8
0
100
AcDbLine
 10
192.69811600000008
 20
-93.03994600000003
 30
0.0
 11
192.4598640000001
 21
-92.97466800000002
 31
0.0
  0
LINE
  5
66
330
17
100
AcDbEntity
  8
0
100
AcDbLine
 10
192.4598640000001
 20
-92.97466800000002
 30
0.0
 11
192.23558200000008
 21
-92.91472400000002
 31
0.0
  0
LINE
  5
67
330
17
100
AcDbEntity
  8
0
100
AcDbLine
 10
192.23558200000008
 20
-92.91472400000002
 30
0.0
 11
192.0257780000001
 21
-92.86062200000002
 31
0.0
  0
LINE
  5
68
330
17
100
AcDbEntity
  8
0
100
AcDbLine
 10
192.0257780000001
 20
-92.86062200000002
 30
0.0
 11
191.8314680000001
 21
-92.81261600000002
 31
0.0
  0
LINE
  5
69
330
17
100
AcDbEntity
  8
0
100
AcDbLine
 10
191.8314680000001
 20
-92.81261600000002
 30
0.0
 11
191.6529060000001
 21
-92.77096000000002
 31
0.0
  0
LINE
  5
6A
330
17
100
AcDbEntity
  8
0
100
AcDbLine
 10
191.6529060000001
 20
-92.77096000000002
 30
0.0
 11
191.4911080000001
 21
-92.73590800000002
 31
0.0
  0
LINE
  5
6B
330
17
100
AcDbEntity
  8
0
100
AcDbLine
 10
191.4911080000001
 20
-92.73590800000002
 30
0.0
 11
191.3465820000001
 21
-92.70771400000002
 31
0.0
  0
LINE
  5
6C
330
17
100
AcDbEntity
  8
0
100
AcDbLine
 10
191.3465820000001
 20
-92.70771400000002
 30
0.0
 11
191.2198360000001
 21
-92.68663200000002
 31
0.0
  0
LINE
  5
6D
330
17
100
AcDbEntity
  8
0
100
AcDbLine
 10
191.2198360000001
 20
-92.68663200000002
 30
0.0
 11
191.1116320000001
 21
-92.67291600000003
 31
0.0
  0
LINE
  5
6E
330
17
100
AcDbEntity
  8
0
100
AcDbLine
 10
191.1116320000001
 20
-92.67291600000003
 30
0.0
 11
191.02273200000008
 21
-92.66682000000003
 31
0.0
  0
LINE
  5
6F
330
17
100
AcDbEntity
  8
0
100
AcDbLine
 10
191.02273200000008
 20
-92.66682000000003
 30
0.0
 11
190.86677600000007
 21
-92.62999000000003
 31
0.0
  0
LINE
  5
70
330
17
100
AcDbEntity
  8
0
100
AcDbLine
 10
190.86677600000007
 20
-92.62999000000003
 30
0.0
 11
190.72021800000007
 21
-92.57741200000004
 31
0.0
  0
LINE
  5
71
330
17
100
AcDbEntity
  8
0
100
AcDbLine
 10
190.72021800000007
 20
-92.57741200000004
 30
0.0
 11
190.58280400000007
 21
-92.50984800000003
 31
0.0
  0
LINE
  5
72
330
17
100
AcDbEntity
  8
0
100
AcDbLine
 10
190.58280400000007
 20
-92.50984800000003
 30
0.0
 11
190.45453400000008
 21
-92.42780600000003
 31
0.0
  0
LINE
  5
73
330
17
100
AcDbEntity
  8
0
100
AcDbLine
 10
190.45453400000008
 20
-92.42780600000003
 30
0.0
 11
190.33515400000007
 21
-92.33154000000003
 31
0.0
  0
LINE
  5
74
330
17
100
AcDbEntity
  8
0
100
AcDbLine
 10
190.33515400000007
 20
-92.33154000000003
 30
0.0
 11
190.22441000000006
 21
-92.22181200000003
 31
0.0
  0
LINE
  5
75
330
17
100
AcDbEntity
  8
0
100
AcDbLine
 10
190.22441000000006
 20
-92.22181200000003
 30
0.0
 11
190.12230200000005
 21
-92.09913000000002
 31
0.0
  0
LINE
  5
76
330
17
100
AcDbEntity
  8
0
100
AcDbLine
 10
190.12230200000005
 20
-92.09913000000002
 30
0.0
 11
190.02857600000004
 21
-91.96400200000002
 31
0.0
  0
LINE
  5
77
330
17
100
AcDbEntity
  8
0
100
AcDbLine
 10
190.02857600000004
 20
-91.96400200000002
 30
0.0
 11
189.94323200000002
 21
-91.81668200000003
 31
0.0
  0
LINE
  5
78
330
17
100
AcDbEntity
  8
0
100
AcDbLine
 10
189.94323200000002
 20
-91.81668200000003
 30
0.0
 11
189.86601600000003
 21
-91.65793200000003
 31
0.0
  0
LINE
  5
79
330
17
100
AcDbEntity
  8
0
100
AcDbLine
 10
189.86601600000003
 20
-91.65793200000003
 30
0.0
 11
189.79667400000002
 21
-91.48826000000003
 31
0.0
  0
LINE
  5
7A
330
17
100
AcDbEntity
  8
0
100
AcDbLine
 10
189.79667400000002
 20
-91.48826000000003
 30
0.0
 11
189.73520600000003
 21
-91.30817400000002
 31
0.0
  0
LINE
  5
7B
330
17
100
AcDbEntity
  8
0
100
AcDbLine
 10
189.73520600000003
 20
-91.30817400000002
 30
0.0
 11
189.68135800000005
 21
-91.11792800000002
 31
0.0
  0
LINE
  5
7C
330
17
100
AcDbEntity
  8
0
100
AcDbLine
 10
189.68135800000005
 20
-91.11792800000002
 30
0.0
 11
189.63513000000003
 21
-90.91828400000003
 31
0.0
  0
LINE
  5
7D
330
17
100
AcDbEntity
  8
0
100
AcDbLine
 10
189.63513000000003
 20
-90.91828400000003
 30
0.0
 11
189.59626800000004
 21
-90.70975000000001
 31
0.0
  0
LINE
  5
7E
330
17
100
AcDbEntity
  8
0
100
AcDbLine
 10
189.59626800000004
 20
-90.70975000000001
 30
0.0
 11
189.56451800000002
 21
-90.49283400000002
 31
0.0
  0
LINE
  5
7F
330
17
100
AcDbEntity
  8
0
100
AcDbLine
 10
189.56451800000002
 20
-90.49283400000002
 30
0.0
 11
189.53988000000004
 21
-90.26804400000002
 31
0.0
  0
LINE
  5
80
330
17
100
AcDbEntity
  8
0
100
AcDbLine
 10
189.53988000000004
 20
-90.26804400000002
 30
0.0
 11
189.52210000000002
 21
-90.03563400000002
 31
0.0
  0
LINE
  5
81
330
17
100
AcDbEntity
  8
0
100
AcDbLine
 10
189.52210000000002
 20
-90.03563400000002
 30
0.0
 11
189.51117800000003
 21
-89.79636600000002
 31
0.0
  0
LINE
  5
82
330
17
100
AcDbEntity
  8
0
100
AcDbLine
 10
189.51117800000003
 20
-89.79636600000002
 30
0.0
 11
189.50686000000002
 21
-89.55074800000001
 31
0.0
  0
LINE
  5
83
330
17
100
AcDbEntity
  8
0
100
AcDbLine
 10
189.50686000000002
 20
-89.55074800000001
 30
0.0
 11
189.50889200000003
 21
-89.29928800000002
 31
0.0
  0
LINE
  5
84
330
17
100
AcDbEntity
  8
0
100
AcDbLine
 10
189.50889200000003
 20
-89.29928800000002
 30
0.0
 11
189.51727400000001
 21
-89.042494
 31
0.0
  0
LINE
  5
85
330
17
100
AcDbEntity
  8
0
100
AcDbLine
 10
189.51727400000001
 20
-89.042494
 30
0.0
 11
189.53175200000004
 21
-88.78087400000001
 31
0.0
  0
LINE
  5
86
330
17
100
AcDbEntity
  8
0
100
AcDbLine
 10
189.53175200000004
 20
-88.78087400000001
 30
0.0
 11
189.55207200000004
 21
-88.51468200000002
 31
0.0
  0
LINE
  5
87
330
17
100
AcDbEntity
  8
0
100
AcDbLine
 10
189.55207200000004
 20
-88.51468200000002
 30
0.0
 11
189.57823400000004
 21
-88.24468000000002
 31
0.0
  0
LINE
  5
88
330
17
100
AcDbEntity
  8
0
100
AcDbLine
 10
189.57823400000004
 20
-88.24468000000002
 30
0.0
 11
189.60998400000003
 21
-87.97137600000002
 31
0.0
  0
LINE
  5
89
330
17
100
AcDbEntity
  8
0
100
AcDbLine
 10
189.60998400000003
 20
-87.97137600000002
 30
0.0
 11
189.64732200000003
 21
-87.69527800000002
 31
0.0
  0
LINE
  5
8A
330
17
100
AcDbEntity
  8
0
100
AcDbLine
 10
189.64732200000003
 20
-87.69527800000002
 30
0.0
 11
189.68999400000004
 21
-87.41689400000001
 31
0.0
  0
LINE
  5
8B
330
17
100
AcDbEntity
  8
0
100
AcDbLine
 10
189.68999400000004
 20
-87.41689400000001
 30
0.0
 11
189.73774600000004
 21
-87.13673200000001
 31
0.0
  0
LINE
  5
8C
330
17
100
AcDbEntity
  8
0
100
AcDbLine
 10
189.73774600000004
 20
-87.13673200000001
 30
0.0
 11
189.79057800000004
 21
-86.85530000000001
 31
0.0
  0
LINE
  5
8D
330
17
100
AcDbEntity
  8
0
100
AcDbLine
 10
189.79057800000004
 20
-86.85530000000001
 30
0.0
 11
189.848236
 21
-86.57310600000001
 31
0.0
  0
LINE
  5
8E
330
17
100
AcDbEntity
  8
0
100
AcDbLine
 10
189.848236
 20
-86.57310600000001
 30
0.0
 11
189.91072000000003
 21
-86.29040400000001
 31
0.0
  0
LINE
  5
8F
330
17
100
AcDbEntity
  8
0
100
AcDbLine
 10
189.91072000000003
 20
-86.29040400000001
 30
0.0
 11
189.97777600000003
 21
-86.00795600000001
 31
0.0
  0
LINE
  5
90
330
17
100
AcDbEntity
  8
0
100
AcDbLine
 10
189.97777600000003
 20
-86.00795600000001
 30
0.0
 11
190.04915
 21
-85.72627000000001
 31
0.0
  0
LINE
  5
91
330
17
100
AcDbEntity
  8
0
100
AcDbLine
 10
190.04915
 20
-85.72627000000001
 30
0.0
 11
190.124842
 21
-85.44585400000001
 31
0.0
  0
LINE
  5
92
330
17
100
AcDbEntity
  8
0
100
AcDbLine
 10
190.124842
 20
-85.44585400000001
 30
0.0
 11
190.204598
 21
-85.16721600000002
 31
0.0
  0
LINE
  5
93
330
17
100
AcDbEntity
  8
0
100
AcDbLine
 10
190.204598
 20
-85.16721600000002
 30
0.0
 11
190.288418
 21
-84.89086400000002
 31
0.0
  0
LINE
  5
94
330
17
100
AcDbEntity
  8
0
100
AcDbLine
 10
190.288418
 20
-84.89086400000002
 30
0.0
 11
190.37604800000003
 21
-84.61730600000001
 31
0.0
  0
LINE
  5
95
330
17
100
AcDbEntity
  8
0
100
AcDbLine
 10
190.37604800000003
 20
-84.61730600000001
 30
0.0
 11
190.46723400000002
 21
-84.34705000000001
 31
0.0
  0
LINE
  5
96
330
17
100
AcDbEntity
  8
0
100
AcDbLine
 10
190.46723400000002
 20
-84.34705000000001
 30
0.0
 11
190.56197600000004
 21
-84.08060400000002
 31
0.0
  0
LINE
  5
97
330
17
100
AcDbEntity
  8
0
100
AcDbLine
 10
190.56197600000004
 20
-84.08060400000002
 30
0.0
 11
190.66002000000003
 21
-83.81847600000002
 31
0.0
  0
LINE
  5
98
330
17
100
AcDbEntity
  8
0
100
AcDbLine
 10
190.66002000000003
 20
-83.81847600000002
 30
0.0
 11
190.76111200000003
 21
-83.56117400000002
 31
0.0
  0
LINE
  5
99
330
17
100
AcDbEntity
  8
0
100
AcDbLine
 10
190.76111200000003
 20
-83.56117400000002
 30
0.0
 11
190.86525200000003
 21
-83.30920600000002
 31
0.0
  0
LINE
  5
9A
330
17
100
AcDbEntity
  8
0
100
AcDbLine
 10
190.86525200000003
 20
-83.30920600000002
 30
0.0
 11
190.97218600000005
 21
-83.06308000000003
 31
0.0
  0
LINE
  5
9B
330
17
100
AcDbEntity
  8
0
100
AcDbLine
 10
190.97218600000005
 20
-83.06308000000003
 30
0.0
 11
191.08191400000004
 21
-82.82330400000002
 31
0.0
  0
LINE
  5
9C
330
17
100
AcDbEntity
  8
0
100
AcDbLine
 10
191.08191400000004
 20
-82.82330400000002
 30
0.0
 11
191.19418200000004
 21
-82.59038600000002
 31
0.0
  0
LINE
  5
9D
330
17
100
AcDbEntity
  8
0
100
AcDbLine
 10
191.19418200000004
 20
-82.59038600000002
 30
0.0
 11
191.30899000000005
 21
-82.36483400000003
 31
0.0
  0
LINE
  5
9E
330
17
100
AcDbEntity
  8
0
100
AcDbLine
 10
191.30899000000005
 20
-82.36483400000003
 30
0.0
 11
191.42583000000005
 21
-82.14715600000002
 31
0.0
  0
LINE
  5
9F
330
17
100
AcDbEntity
  8
0
100
AcDbLine
 10
191.42583000000005
 20
-82.14715600000002
 30
0.0
 11
191.54495600000007
 21
-81.93786000000003
 31
0.0
  0
LINE
  5
A0
330
17
100
AcDbEntity
  8
0
100
AcDbLine
 10
191.54495600000007
 20
-81.93786000000003
 30
0.0
 11
191.66586000000007
 21
-81.73745400000003
 31
0.0
  0
LINE
  5
A1
330
17
100
AcDbEntity
  8
0
100
AcDbLine
 10
191.66586000000007
 20
-81.73745400000003
 30
0.0
 11
191.78854200000006
 21
-81.54644600000003
 31
0.0
  0
LINE
  5
A2
330
17
100
AcDbEntity
  8
0
100
AcDbLine
 10
191.78854200000006
 20
-81.54644600000003
 30
0.0
 11
191.91300200000006
 21
-81.36534400000002
 31
0.0
  0
LINE
  5
A3
330
17
100
AcDbEntity
  8
0
100
AcDbLine
 10
191.91300200000006
 20
-81.36534400000002
 30
0.0
 11
192.03873200000007
 21
-81.19465600000001
 31
0.0
  0
LINE
  5
A4
330
17
100
AcDbEntity
  8
0
100
AcDbLine
 10
192.03873200000007
 20
-81.19465600000001
 30
0.0
 11
192.16573200000005
 21
-81.03489
 31
0.0
  0
LINE
  5
A5
330
17
100
AcDbEntity
  8
0
100
AcDbLine
 10
192.16573200000005
 20
-81.03489
 30
0.0
 11
192.29400200000006
 21
-80.886554
 31
0.0
  0
LINE
  5
A6
330
17
100
AcDbEntity
  8
0
100
AcDbLine
 10
192.29400200000006
 20
-80.886554
 30
0.0
 11
192.42328800000007
 21
-80.75041
 31
0.0
  0
LINE
  5
A7
330
17
100
AcDbEntity
  8
0
100
AcDbLine
 10
192.42328800000007
 20
-80.75041
 30
0.0
 11
192.55333600000006
 21
-80.626712
 31
0.0
  0
LINE
  5
A8
330
17
100
AcDbEntity
  8
0
100
AcDbLine
 10
192.55333600000006
 20
-80.626712
 30
0.0
 11
192.68414600000006
 21
-80.515968
 31
0.0
  0
LINE
  5
A9
330
17
100
AcDbEntity
  8
0
100
AcDbLine
 10
192.68414600000006
 20
-80.515968
 30
0.0
 11
192.81546400000005
 21
-80.41868600000001
 31
0.0
  0
LINE
  5
AA
330
17
100
AcDbEntity
  8
0
100
AcDbLine
 10
192.81546400000005
 20
-80.41868600000001
 30
0.0
 11
192.94729000000007
 21
-80.33537400000002
 31
0.0
  0
LINE
  5
AB
330
17
100
AcDbEntity
  8
0
100
AcDbLine
 10
192.94729000000007
 20
-80.33537400000002
 30
0.0
 11
193.07911600000006
 21
-80.26654
 31
0.0
  0
LINE
  5
AC
330
17
100
AcDbEntity
  8
0
100
AcDbLine
 10
193.07911600000006
 20
-80.26654
 30
0.0
 11
193.21119600000006
 21
-80.21269200000002
 31
0.0
  0
LINE
  5
AD
330
17
100
AcDbEntity
  8
0
100
AcDbLine
 10
193.21119600000006
 20
-80.21269200000002
 30
0.0
 11
193.34302200000005
 21
-80.17433800000002
 31
0.0
  0
LINE
  5
AE
330
17
100
AcDbEntity
  8
0
100
AcDbLine
 10
193.34302200000005
 20
-80.17433800000002
 30
0.0
 11
193.47459400000005
 21
-80.15198600000001
 31
0.0
  0
LINE
  5
AF
330
17
100
AcDbEntity
  8
0
100
AcDbLine
 10
193.47459400000005
 20
-80.15198600000001
 30
0.0
 11
193.59321200000005
 21
-80.154526
 31
0.0
  0
LINE
  5
B0
330
17
100
AcDbEntity
  8
0
100
AcDbLine
 10
193.59321200000005
 20
-80.154526
 30
0.0
 11
193.74713600000007
 21
-80.15757400000001
 31
0.0
  0
LINE
  5
B1
330
17
100
AcDbEntity
  8
0
100
AcDbLine
 10
193.74713600000007
 20
-80.15757400000001
 30
0.0
 11
193.93509600000007
 21
-80.161384
 31
0.0
  0
LINE
  5
B2
330
17
100
AcDbEntity
  8
0
100
AcDbLine
 10
193.93509600000007
 20
-80.161384
 30
0.0
 11
194.15582200000006
 21
-80.165956
 31
0.0
  0
LINE
  5
B3
330
17
100
AcDbEntity
  8
0
100
AcDbLine
 10
194.15582200000006
 20
-80.165956
 30
0.0
 11
194.4082980000001
 21
-80.17103599999999
 31
0.0
  0
LINE
  5
B4
330
17
100
AcDbEntity
  8
0
100
AcDbLine
 10
194.4082980000001
 20
-80.17103599999999
 30
0.0
 11
194.69125400000007
 21
-80.176878
 31
0.0
  0
LINE
  5
B5
330
17
100
AcDbEntity
  8
0
100
AcDbLine
 10
194.69125400000007
 20
-80.176878
 30
0.0
 11
195.0034200000001
 21
-80.18322799999999
 31
0.0
  0
LINE
  5
B6
330
17
100
AcDbEntity
  8
0
100
AcDbLine
 10
195.0034200000001
 20
-80.18322799999999
 30
0.0
 11
195.3437800000001
 21
-80.190086
 31
0.0
  0
LINE
  5
B7
330
17
100
AcDbEntity
  8
0
100
AcDbLine
 10
195.3437800000001
 20
-80.190086
 30
0.0
 11
195.7110640000001
 21
-80.19770599999998
 31
0.0
  0
LINE
  5
B8
330
17
100
AcDbEntity
  8
0
100
AcDbLine
 10
195.7110640000001
 20
-80.19770599999998
 30
0.0
 11
196.10400200000012
 21
-80.20583399999998
 31
0.0
  0
LINE
  5
B9
330
17
100
AcDbEntity
  8
0
100
AcDbLine
 10
196.10400200000012
 20
-80.20583399999998
 30
0.0
 11
196.52157800000012
 21
-80.21446999999998
 31
0.0
  0
LINE
  5
BA
330
17
100
AcDbEntity
  8
0
100
AcDbLine
 10
196.52157800000012
 20
-80.21446999999998
 30
0.0
 11
196.96252200000012
 21
-80.22335999999999
 31
0.0
  0
LINE
  5
BB
330
17
100
AcDbEntity
  8
0
100
AcDbLine
 10
196.96252200000012
 20
-80.22335999999999
 30
0.0
 11
197.42556400000012
 21
-80.23275799999998
 31
0.0
  0
LINE
  5
BC
330
17
100
AcDbEntity
  8
0
100
AcDbLine
 10
197.42556400000012
 20
-80.23275799999998
 30
0.0
 11
197.9096880000001
 21
-80.24266399999998
 31
0.0
  0
LINE
  5
BD
330
17
100
AcDbEntity
  8
0
100
AcDbLine
 10
197.9096880000001
 20
-80.24266399999998
 30
0.0
 11
198.4136240000001
 21
-80.25307799999997
 31
0.0
  0
LINE
  5
BE
330
17
100
AcDbEntity
  8
0
100
AcDbLine
 10
198.4136240000001
 20
-80.25307799999997
 30
0.0
 11
198.93610200000012
 21
-80.26374599999997
 31
0.0
  0
LINE
  5
BF
330
17
100
AcDbEntity
  8
0
100
AcDbLine
 10
198.93610200000012
 20
-80.26374599999997
 30
0.0
 11
199.47585200000012
 21
-80.27466799999996
 31
0.0
  0
LINE
  5
C0
330
17
100
AcDbEntity
  8
0
100
AcDbLine
 10
199.47585200000012
 20
-80.27466799999996
 30
0.0
 11
200.0318580000001
 21
-80.28609799999997
 31
0.0
  0
LINE
  5
C1
330
17
100
AcDbEntity
  8
0
100
AcDbLine
 10
200.0318580000001
 20
-80.28609799999997
 30
0.0
 11
200.60310400000012
 21
-80.29778199999997
 31
0.0
  0
LINE
  5
C2
330
17
100
AcDbEntity
  8
0
100
AcDbLine
 10
200.60310400000012
 20
-80.29778199999997
 30
0.0
 11
201.1880660000001
 21
-80.30971999999997
 31
0.0
  0
LINE
  5
C3
330
17
100
AcDbEntity
  8
0
100
AcDbLine
 10
201.1880660000001
 20
-80.30971999999997
 30
0.0
 11
201.7857280000001
 21
-80.32191199999997
 31
0.0
  0
LINE
  5
C4
330
17
100
AcDbEntity
  8
0
100
AcDbLine
 10
201.7857280000001
 20
-80.32191199999997
 30
0.0
 11
202.3948200000001
 21
-80.33435799999997
 31
0.0
  0
LINE
  5
C5
330
17
100
AcDbEntity
  8
0
100
AcDbLine
 10
202.3948200000001
 20
-80.33435799999997
 30
0.0
 11
203.0143260000001
 21
-80.34705799999998
 31
0.0
  0
LINE
  5
C6
330
17
100
AcDbEntity
  8
0
100
AcDbLine
 10
203.0143260000001
 20
-80.34705799999998
 30
0.0
 11
203.6429760000001
 21
-80.36001199999997
 31
0.0
  0
LINE
  5
C7
330
17
100
AcDbEntity
  8
0
100
AcDbLine
 10
203.6429760000001
 20
-80.36001199999997
 30
0.0
 11
204.2795000000001
 21
-80.37296599999996
 31
0.0
  0
LINE
  5
C8
330
17
100
AcDbEntity
  8
0
100
AcDbLine
 10
204.2795000000001
 20
-80.37296599999996
 30
0.0
 11
204.9228820000001
 21
-80.38617399999997
 31
0.0
  0
LINE
  5
C9
330
17
100
AcDbEntity
  8
0
100
AcDbLine
 10
204.9228820000001
 20
-80.38617399999997
 30
0.0
 11
205.5718520000001
 21
-80.39938199999997
 31
0.0
  0
LINE
  5
CA
330
17
100
AcDbEntity
  8
0
100
AcDbLine
 10
205.5718520000001
 20
-80.39938199999997
 30
0.0
 11
206.2251400000001
 21
-80.41284399999998
 31
0.0
  0
LINE
  5
CB
330
17
100
AcDbEntity
  8
0
100
AcDbLine
 10
206.2251400000001
 20
-80.41284399999998
 30
0.0
 11
206.8817300000001
 21
-80.42630599999997
 31
0.0
  0
LINE
  5
CC
330
17
100
AcDbEntity
  8
0
100
AcDbLine
 10
206.8817300000001
 20
-80.42630599999997
 30
0.0
 11
207.54009800000009
 21
-80.43976799999997
 31
0.0
  0
LINE
  5
CD
330
17
100
AcDbEntity
  8
0
100
AcDbLine
 10
207.54009800000009
 20
-80.43976799999997
 30
0.0
 11
208.19948200000007
 21
-80.45322999999998
 31
0.0
  0
LINE
  5
CE
330
17
100
AcDbEntity
  8
0
100
AcDbLine
 10
208.19948200000007
 20
-80.45322999999998
 30
0.0
 11
208.8583580000001
 21
-80.46669199999997
 31
0.0
  0
LINE
  5
CF
330
17
100
AcDbEntity
  8
0
100
AcDbLine
 10
208.8583580000001
 20
-80.46669199999997
 30
0.0
 11
209.5157100000001
 21
-80.48015399999997
 31
0.0
  0
LINE
  5
D0
330
17
100
AcDbEntity
  8
0
100
AcDbLine
 10
209.5157100000001
 20
-80.48015399999997
 30
0.0
 11
210.17026800000008
 21
-80.49361599999997
 31
0.0
  0
LINE
  5
D1
330
17
100
AcDbEntity
  8
0
100
AcDbLine
 10
210.17026800000008
 20
-80.49361599999997
 30
0.0
 11
210.8210160000001
 21
-80.50682399999998
 31
0.0
  0
LINE
  5
D2
330
17
100
AcDbEntity
  8
0
100
AcDbLine
 10
210.8210160000001
 20
-80.50682399999998
 30
0.0
 11
211.4666840000001
 21
-80.52003199999999
 31
0.0
  0
LINE
  5
D3
330
17
100
AcDbEntity
  8
0
100
AcDbLine
 10
211.4666840000001
 20
-80.52003199999999
 30
0.0
 11
212.1060020000001
 21
-80.53298599999998
 31
0.0
  0
LINE
  5
D4
330
17
100
AcDbEntity
  8
0
100
AcDbLine
 10
212.1060020000001
 20
-80.53298599999998
 30
0.0
 11
212.7377000000001
 21
-80.54593999999997
 31
0.0
  0
LINE
  5
D5
330
17
100
AcDbEntity
  8
0
100
AcDbLine
 10
212.7377000000001
 20
-80.54593999999997
 30
0.0
 11
213.3607620000001
 21
-80.55863999999998
 31
0.0
  0
LINE
  5
D6
330
17
100
AcDbEntity
  8
0
100
AcDbLine
 10
213.3607620000001
 20
-80.55863999999998
 30
0.0
 11
213.9739180000001
 21
-80.57108599999998
 31
0.0
  0
LINE
  5
D7
330
17
100
AcDbEntity
  8
0
100
AcDbLine
 10
213.9739180000001
 20
-80.57108599999998
 30
0.0
 11
214.5761520000001
 21
-80.58327799999998
 31
0.0
  0
LINE
  5
D8
330
17
100
AcDbEntity
  8
0
100
AcDbLine
 10
214.5761520000001
 20
-80.58327799999998
 30
0.0
 11
215.16619400000008
 21
-80.59521599999998
 31
0.0
  0
LINE
  5
D9
330
17
100
AcDbEntity
  8
0
100
AcDbLine
 10
215.16619400000008
 20
-80.59521599999998
 30
0.0
 11
215.74277400000008
 21
-80.60689999999998
 31
0.0
  0
LINE
  5
DA
330
17
100
AcDbEntity
  8
0
100
AcDbLine
 10
215.74277400000008
 20
-80.60689999999998
 30
0.0
 11
216.30487600000006
 21
-80.61832999999999
 31
0.0
  0
LINE
  5
DB
330
17
100
AcDbEntity
  8
0
100
AcDbLine
 10
216.30487600000006
 20
-80.61832999999999
 30
0.0
 11
216.85097600000006
 21
-80.62950599999998
 31
0.0
  0
LINE
  5
DC
330
17
100
AcDbEntity
  8
0
100
AcDbLine
 10
216.85097600000006
 20
-80.62950599999998
 30
0.0
 11
217.38031200000006
 21
-80.64042799999999
 31
0.0
  0
LINE
  5
DD
330
17
100
AcDbEntity
  8
0
100
AcDbLine
 10
217.38031200000006
 20
-80.64042799999999
 30
0.0
 11
217.89136000000005
 21
-80.65084199999998
 31
0.0
  0
LINE
  5
DE
330
17
100
AcDbEntity
  8
0
100
AcDbLine
 10
217.89136000000005
 20
-80.65084199999998
 30
0.0
 11
218.38310400000006
 21
-80.66100199999998
 31
0.0
  0
LINE
  5
DF
330
17
100
AcDbEntity
  8
0
100
AcDbLine
 10
218.38310400000006
 20
-80.66100199999998
 30
0.0
 11
218.85427400000006
 21
-80.67065399999998
 31
0.0
  0
LINE
  5
E0
330
17
100
AcDbEntity
  8
0
100
AcDbLine
 10
218.85427400000006
 20
-80.67065399999998
 30
0.0
 11
219.30385400000006
 21
-80.67979799999999
 31
0.0
  0
LINE
  5
E1
330
17
100
AcDbEntity
  8
0
100
AcDbLine
 10
219.30385400000006
 20
-80.67979799999999
 30
0.0
 11
219.73032000000003
 21
-80.68843399999999
 31
0.0
  0
LINE
  5
E2
330
17
100
AcDbEntity
  8
0
100
AcDbLine
 10
219.73032000000003
 20
-80.68843399999999
 30
0.0
 11
220.13265600000003
 21
-80.69656199999999
 31
0.0
  0
LINE
  5
E3
330
17
100
AcDbEntity
  8
0
100
AcDbLine
 10
220.13265600000003
 20
-80.69656199999999
 30
0.0
 11
220.50984600000004
 21
-80.70418199999997
 31
0.0
  0
LINE
  5
E4
330
17
100
AcDbEntity
  8
0
100
AcDbLine
 10
220.50984600000004
 20
-80.70418199999997
 30
0.0
 11
220.86062
 21
-80.71129399999998
 31
0.0
  0
LINE
  5
E5
330
17
100
AcDbEntity
  8
0
100
AcDbLine
 10
220.86062
 20
-80.71129399999998
 30
0.0
 11
221.18370800000002
 21
-80.71789799999998
 31
0.0
  0
LINE
  5
E6
330
17
100
AcDbEntity
  8
0
100
AcDbLine
 10
221.18370800000002
 20
-80.71789799999998
 30
0.0
 11
221.47784000000004
 21
-80.72399399999998
 31
0.0
  0
LINE
  5
E7
330
17
100
AcDbEntity
  8
0
100
AcDbLine
 10
221.47784000000004
 20
-80.72399399999998
 30
0.0
 11
221.74200000000002
 21
-80.72932799999998
 31
0.0
  0
LINE
  5
E8
330
17
100
AcDbEntity
  8
0
100
AcDbLine
 10
221.74200000000002
 20
-80.72932799999998
 30
0.0
 11
221.97491800000003
 21
-80.73415399999999
 31
0.0
  0
LINE
  5
E9
330
17
100
AcDbEntity
  8
0
100
AcDbLine
 10
221.97491800000003
 20
-80.73415399999999
 30
0.0
 11
222.17557800000003
 21
-80.73821799999999
 31
0.0
  0
LINE
  5
EA
330
17
100
AcDbEntity
  8
0
100
AcDbLine
 10
222.17557800000003
 20
-80.73821799999999
 30
0.0
 11
222.34245600000003
 21
-80.74151999999998
 31
0.0
  0
LINE
  5
EB
330
17
100
AcDbEntity
  8
0
100
AcDbLine
 10
222.34245600000003
 20
-80.74151999999998
 30
0.0
 11
222.47479000000004
 21
-80.74431399999999
 31
0.0
  0
LINE
  5
EC
330
17
100
AcDbEntity
  8
0
100
AcDbLine
 10
222.47479000000004
 20
-80.74431399999999
 30
0.0
 11
222.57105600000003
 21
-80.74634599999999
 31
0.0
  0
LINE
  5
ED
330
17
100
AcDbEntity
  8
0
100
AcDbLine
 10
222.57105600000003
 20
-80.74634599999999
 30
0.0
 11
222.63023800000002
 21
-80.74761599999998
 31
0.0
  0
LINE
  5
EE
330
17
100
AcDbEntity
  8
0
100
AcDbLine
 10
222.63023800000002
 20
-80.74761599999998
 30
0.0
 11
222.65106600000001
 21
-80.74812399999999
 31
0.0
  0
LINE
  5
EF
330
17
100
AcDbEntity
  8
0
100
AcDbLine
 10
222.65106600000001
 20
-80.74812399999999
 30
0.0
 11
222.64344600000004
 21
-80.74786999999999
 31
0.0
  0
LINE
  5
F0
330
17
100
AcDbEntity
  8
0
100
AcDbLine
 10
222.64344600000004
 20
-80.74786999999999
 30
0.0
 11
222.62109400000003
 21
-80.747362
 31
0.0
  0
LINE
  5
F1
330
17
100
AcDbEntity
  8
0
100
AcDbLine
 10
222.62109400000003
 20
-80.747362
 30
0.0
 11
222.58451800000003
 21
-80.747108
 31
0.0
  0
LINE
  5
F2
330
17
100
AcDbEntity
  8
0
100
AcDbLine
 10
222.58451800000003
 20
-80.747108
 30
0.0
 11
222.53422600000005
 21
-80.747362
 31
0.0
  0
LINE
  5
F3
330
17
100
AcDbEntity
  8
0
100
AcDbLine
 10
222.53422600000005
 20
-80.747362
 30
0.0
 11
222.47098000000003
 21
-80.748378
 31
0.0
  0
LINE
  5
F4
330
17
100
AcDbEntity
  8
0
100
AcDbLine
 10
222.47098000000003
 20
-80.748378
 30
0.0
 11
222.39503400000004
 21
-80.75040999999999
 31
0.0
  0
LINE
  5
F5
330
17
100
AcDbEntity
  8
0
100
AcDbLine
 10
222.39503400000004
 20
-80.75040999999999
 30
0.0
 11
222.30689600000005
 21
-80.75396599999999
 31
0.0
  0
LINE
  5
F6
330
17
100
AcDbEntity
  8
0
100
AcDbLine
 10
222.30689600000005
 20
-80.75396599999999
 30
0.0
 11
222.20707400000003
 21
-80.75904599999998
 31
0.0
  0
LINE
  5
F7
330
17
100
AcDbEntity
  8
0
100
AcDbLine
 10
222.20707400000003
 20
-80.75904599999998
 30
0.0
 11
222.09633000000002
 21
-80.76615799999999
 31
0.0
  0
LINE
  5
F8
330
17
100
AcDbEntity
  8
0
100
AcDbLine
 10
222.09633000000002
 20
-80.76615799999999
 30
0.0
 11
221.97491800000003
 21
-80.77580999999999
 31
0.0
  0
LINE
  5
F9
330
17
100
AcDbEntity
  8
0
100
AcDbLine
 10
221.97491800000003
 20
-80.77580999999999
 30
0.0
 11
221.84360000000004
 21
-80.78800199999999
 31
0.0
  0
LINE
  5
FA
330
17
100
AcDbEntity
  8
0
100
AcDbLine
 10
221.84360000000004
 20
-80.78800199999999
 30
0.0
 11
221.70263000000003
 21
-80.803242
 31
0.0
  0
LINE
  5
FB
330
17
100
AcDbEntity
  8
0
100
AcDbLine
 10
221.70263000000003
 20
-80.803242
 30
0.0
 11
221.55277000000004
 21
-80.821784
 31
0.0
  0
LINE
  5
FC
330
17
100
AcDbEntity
  8
0
100
AcDbLine
 10
221.55277000000004
 20
-80.821784
 30
0.0
 11
221.39427400000002
 21
-80.843882
 31
0.0
  0
LINE
  5
FD
330
17
100
AcDbEntity
  8
0
100
AcDbLine
 10
221.39427400000002
 20
-80.843882
 30
0.0
 11
221.22790400000002
 21
-80.870044
 31
0.0
  0
LINE
  5
FE
330
17
100
AcDbEntity
  8
0
100
AcDbLine
 10
221.22790400000002
 20
-80.870044
 30
0.0
 11
221.05416800000003
 21
-80.90052399999999
 31
0.0
  0
LINE
  5
FF
330
17
100
AcDbEntity
  8
0
100
AcDbLine
 10
221.05416800000003
 20
-80.90052399999999
 30
0.0
 11
220.87332000000004
 21
-80.93557599999998
 31
0.0
  0
LINE
  5
100
330
17
100
AcDbEntity
  8
0
100
AcDbLine
 10
220.87332000000004
 20
-80.93557599999998
 30
0.0
 11
220.68612200000004
 21
-80.97545399999998
 31
0.0
  0
LINE
  5
101
330
17
100
AcDbEntity
  8
0
100
AcDbLine
 10
220.68612200000004
 20
-80.97545399999998
 30
0.0
 11
220.49308200000004
 21
-81.02066599999998
 31
0.0
  0
LINE
  5
102
330
17
100
AcDbEntity
  8
0
100
AcDbLine
 10
220.49308200000004
 20
-81.02066599999998
 30
0.0
 11
220.29470800000007
 21
-81.07146599999999
 31
0.0
  0
LINE
  5
103
330
17
100
AcDbEntity
  8
0
100
AcDbLine
 10
220.29470800000007
 20
-81.07146599999999
 30
0.0
 11
220.0915080000001
 21
-81.12810799999998
 31
0.0
  0
LINE
  5
104
330
17
100
AcDbEntity
  8
0
100
AcDbLine
 10
220.0915080000001
 20
-81.12810799999998
 30
0.0
 11
219.88399000000007
 21
-81.190846
 31
0.0
  0
LINE
  5
105
330
17
100
AcDbEntity
  8
0
100
AcDbLine
 10
219.88399000000007
 20
-81.190846
 30
0.0
 11
219.6726620000001
 21
-81.260188
 31
0.0
  0
LINE
  5
106
330
17
100
AcDbEntity
  8
0
100
AcDbLine
 10
219.6726620000001
 20
-81.260188
 30
0.0
 11
219.45803200000006
 21
-81.336388
 31
0.0
  0
LINE
  5
107
330
17
100
AcDbEntity
  8
0
100
AcDbLine
 10
219.45803200000006
 20
-81.336388
 30
0.0
 11
219.24060800000007
 21
-81.41969999999999
 31
0.0
  0
LINE
  5
108
330
17
100
AcDbEntity
  8
0
100
AcDbLine
 10
219.24060800000007
 20
-81.41969999999999
 30
0.0
 11
219.02115200000006
 21
-81.510378
 31
0.0
  0
LINE
  5
109
330
17
100
AcDbEntity
  8
0
100
AcDbLine
 10
219.02115200000006
 20
-81.510378
 30
0.0
 11
218.79991800000008
 21
-81.60892999999999
 31
0.0
  0
LINE
  5
10A
330
17
100
AcDbEntity
  8
0
100
AcDbLine
 10
218.79991800000008
 20
-81.60892999999999
 30
0.0
 11
218.57741400000006
 21
-81.71561
 31
0.0
  0
LINE
  5
10B
330
17
100
AcDbEntity
  8
0
100
AcDbLine
 10
218.57741400000006
 20
-81.71561
 30
0.0
 11
218.35440200000005
 21
-81.83067199999999
 31
0.0
  0
LINE
  5
10C
330
17
100
AcDbEntity
  8
0
100
AcDbLine
 10
218.35440200000005
 20
-81.83067199999999
 30
0.0
 11
218.13113600000005
 21
-81.95437
 31
0.0
  0
LINE
  5
10D
330
17
100
AcDbEntity
  8
0
100
AcDbLine
 10
218.13113600000005
 20
-81.95437
 30
0.0
 11
217.90812400000004
 21
-82.087212
 31
0.0
  0
LINE
  5
10E
330
17
100
AcDbEntity
  8
0
100
AcDbLine
 10
217.90812400000004
 20
-82.087212
 30
0.0
 11
217.68612800000005
 21
-82.229452
 31
0.0
  0
LINE
  5
10F
330
17
100
AcDbEntity
  8
0
100
AcDbLine
 10
217.68612800000005
 20
-82.229452
 30
0.0
 11
217.46565600000002
 21
-82.381344
 31
0.0
  0
LINE
  5
110
330
17
100
AcDbEntity
  8
0
100
AcDbLine
 10
217.46565600000002
 20
-82.381344
 30
0.0
 11
217.24696200000002
 21
-82.543142
 31
0.0
  0
LINE
  5
111
330
17
100
AcDbEntity
  8
0
100
AcDbLine
 10
217.24696200000002
 20
-82.543142
 30
0.0
 11
217.03080800000004
 21
-82.715354
 31
0.0
  0
LINE
  5
112
330
17
100
AcDbEntity
  8
0
100
AcDbLine
 10
217.03080800000004
 20
-82.715354
 30
0.0
 11
216.81770200000003
 21
-82.89823400000002
 31
0.0
  0
LINE
  5
113
330
17
100
AcDbEntity
  8
0
100
AcDbLine
 10
216.81770200000003
 20
-82.89823400000002
 30
0.0
 11
216.607898
 21
-83.09203600000001
 31
0.0
  0
LINE
  5
114
330
17
100
AcDbEntity
  8
0
100
AcDbLine
 10
216.607898
 20
-83.09203600000001
 30
0.0
 11
216.40215800000001
 21
-83.297268
 31
0.0
  0
LINE
  5
115
330
17
100
AcDbEntity
  8
0
100
AcDbLine
 10
216.40215800000001
 20
-83.297268
 30
0.0
 11
216.20099000000002
 21
-83.51393
 31
0.0
  0
LINE
  5
116
330
17
100
AcDbEntity
  8
0
100
AcDbLine
 10
216.20099000000002
 20
-83.51393
 30
0.0
 11
216.00490200000002
 21
-83.74253
 31
0.0
  0
LINE
  5
117
330
17
100
AcDbEntity
  8
0
100
AcDbLine
 10
216.00490200000002
 20
-83.74253
 30
0.0
 11
215.814402
 21
-83.983576
 31
0.0
  0
LINE
  5
118
330
17
100
AcDbEntity
  8
0
100
AcDbLine
 10
215.814402
 20
-83.983576
 30
0.0
 11
215.629998
 21
-84.237068
 31
0.0
  0
LINE
  5
119
330
17
100
AcDbEntity
  8
0
100
AcDbLine
 10
215.629998
 20
-84.237068
 30
0.0
 11
215.45219799999998
 21
-84.503514
 31
0.0
  0
LINE
  5
11A
330
17
100
AcDbEntity
  8
0
100
AcDbLine
 10
215.45219799999998
 20
-84.503514
 30
0.0
 11
215.28151
 21
-84.78316799999999
 31
0.0
  0
LINE
  5
11B
330
17
100
AcDbEntity
  8
0
100
AcDbLine
 10
215.28151
 20
-84.78316799999999
 30
0.0
 11
215.118442
 21
-85.07628399999999
 31
0.0
  0
LINE
  5
11C
330
17
100
AcDbEntity
  8
0
100
AcDbLine
 10
215.118442
 20
-85.07628399999999
 30
0.0
 11
214.96375599999996
 21
-85.383116
 31
0.0
  0
LINE
  5
11D
330
17
100
AcDbEntity
  8
0
100
AcDbLine
 10
214.96375599999996
 20
-85.383116
 30
0.0
 11
214.81770599999996
 21
-85.704172
 31
0.0
  0
LINE
  5
11E
330
17
100
AcDbEntity
  8
0
100
AcDbLine
 10
214.81770599999996
 20
-85.704172
 30
0.0
 11
214.68079999999995
 21
-86.03970600000001
 31
0.0
  0
LINE
  5
11F
330
17
100
AcDbEntity
  8
0
100
AcDbLine
 10
214.68079999999995
 20
-86.03970600000001
 30
0.0
 11
214.55379999999997
 21
-86.38997200000001
 31
0.0
  0
LINE
  5
120
330
17
100
AcDbEntity
  8
0
100
AcDbLine
 10
214.55379999999997
 20
-86.38997200000001
 30
0.0
 11
214.43695999999994
 21
-86.75547800000002
 31
0.0
  0
LINE
  5
121
330
17
100
AcDbEntity
  8
0
100
AcDbLine
 10
214.43695999999994
 20
-86.75547800000002
 30
0.0
 11
214.33104199999994
 21
-87.13647800000003
 31
0.0
  0
LINE
  5
122
330
17
100
AcDbEntity
  8
0
100
AcDbLine
 10
214.33104199999994
 20
-87.13647800000003
 30
0.0
 11
214.23629999999991
 21
-87.53322600000003
 31
0.0
  0
LINE
  5
123
330
17
100
AcDbEntity
  8
0
100
AcDbLine
 10
214.23629999999991
 20
-87.53322600000003
 30
0.0
 11
214.15349599999993
 21
-87.94597600000002
 31
0.0
  0
LINE
  5
124
330
17
100
AcDbEntity
  8
0
100
AcDbLine
 10
214.15349599999993
 20
-87.94597600000002
 30
0.0
 11
214.08288399999992
 21
-88.37523600000002
 31
0.0
  0
LINE
  5
125
330
17
100
AcDbEntity
  8
0
100
AcDbLine
 10
214.08288399999992
 20
-88.37523600000002
 30
0.0
 11
214.02522599999992
 21
-88.82100600000003
 31
0.0
  0
LINE
  5
126
330
17
100
AcDbEntity
  8
0
100
AcDbLine
 10
214.02522599999992
 20
-88.82100600000003
 30
0.0
 11
213.98102999999992
 21
-89.28404800000001
 31
0.0
  0
LINE
  5
127
330
17
100
AcDbEntity
  8
0
100
AcDbLine
 10
213.98102999999992
 20
-89.28404800000001
 30
0.0
 11
213.95080399999992
 21
-89.76436200000002
 31
0.0
  0
LINE
  5
128
330
17
100
AcDbEntity
  8
0
100
AcDbLine
 10
213.95080399999992
 20
-89.76436200000002
 30
0.0
 11
213.93480199999993
 21
-90.26220200000002
 31
0.0
  0
LINE
  5
129
330
17
100
AcDbEntity
  8
0
100
AcDbLine
 10
213.93480199999993
 20
-90.26220200000002
 30
0.0
 11
213.9337859999999
 21
-90.77807600000001
 31
0.0
  0
LINE
  5
12A
330
17
100
AcDbEntity
  8
0
100
AcDbLine
 10
213.9337859999999
 20
-90.77807600000001
 30
0.0
 11
213.94826399999994
 21
-91.31223800000002
 31
0.0
  0
LINE
  5
12B
330
17
100
AcDbEntity
  8
0
100
AcDbLine
 10
213.94826399999994
 20
-91.31223800000002
 30
0.0
 11
213.97874399999992
 21
-91.86519600000003
 31
0.0
  0
LINE
  5
12C
330
17
100
AcDbEntity
  8
0
100
AcDbLine
 10
213.97874399999992
 20
-91.86519600000003
 30
0.0
 11
214.02573399999991
 21
-92.43695000000002
 31
0.0
  0
LINE
  5
12D
330
17
100
AcDbEntity
  8
0
100
AcDbLine
 10
214.02573399999991
 20
-92.43695000000002
 30
0.0
 11
214.08999599999993
 21
-93.02800800000001
 31
0.0
  0
LINE
  5
12E
330
17
100
AcDbEntity
  8
0
100
AcDbLine
 10
214.08999599999993
 20
-93.02800800000001
 30
0.0
 11
214.17178399999992
 21
-93.63862400000002
 31
0.0
  0
LINE
  5
12F
330
17
100
AcDbEntity
  8
0
100
AcDbLine
 10
214.17178399999992
 20
-93.63862400000002
 30
0.0
 11
214.16848199999993
 21
-93.63735400000002
 31
0.0
  0
LINE
  5
130
330
17
100
AcDbEntity
  8
0
100
AcDbLine
 10
214.16848199999993
 20
-93.63735400000002
 30
0.0
 11
214.1588299999999
 21
-93.63354400000003
 31
0.0
  0
LINE
  5
131
330
17
100
AcDbEntity
  8
0
100
AcDbLine
 10
214.1588299999999
 20
-93.63354400000003
 30
0.0
 11
214.1430819999999
 21
-93.62770200000001
 31
0.0
  0
LINE
  5
132
330
17
100
AcDbEntity
  8
0
100
AcDbLine
 10
214.1430819999999
 20
-93.62770200000001
 30
0.0
 11
214.1214919999999
 21
-93.61982800000001
 31
0.0
  0
LINE
  5
133
330
17
100
AcDbEntity
  8
0
100
AcDbLine
 10
214.1214919999999
 20
-93.61982800000001
 30
0.0
 11
214.0940599999999
 21
-93.61017600000001
 31
0.0
  0
LINE
  5
134
330
17
100
AcDbEntity
  8
0
100
AcDbLine
 10
214.0940599999999
 20
-93.61017600000001
 30
0.0
 11
214.0610399999999
 21
-93.598746
 31
0.0
  0
LINE
  5
135
330
17
100
AcDbEntity
  8
0
100
AcDbLine
 10
214.0610399999999
 20
-93.598746
 30
0.0
 11
214.0224319999999
 21
-93.58604600000001
 31
0.0
  0
LINE
  5
136
330
17
100
AcDbEntity
  8
0
100
AcDbLine
 10
214.0224319999999
 20
-93.58604600000001
 30
0.0
 11
213.9784899999999
 21
-93.57207600000001
 31
0.0
  0
LINE
  5
137
330
17
100
AcDbEntity
  8
0
100
AcDbLine
 10
213.9784899999999
 20
-93.57207600000001
 30
0.0
 11
213.9294679999999
 21
-93.55709
 31
0.0
  0
LINE
  5
138
330
17
100
AcDbEntity
  8
0
100
AcDbLine
 10
213.9294679999999
 20
-93.55709
 30
0.0
 11
213.87536599999993
 21
-93.541088
 31
0.0
  0
LINE
  5
139
330
17
100
AcDbEntity
  8
0
100
AcDbLine
 10
213.87536599999993
 20
-93.541088
 30
0.0
 11
213.81643799999992
 21
-93.524578
 31
0.0
  0
LINE
  5
13A
330
17
100
AcDbEntity
  8
0
100
AcDbLine
 10
213.81643799999992
 20
-93.524578
 30
0.0
 11
213.75293799999992
 21
-93.50756
 31
0.0
  0
LINE
  5
13B
330
17
100
AcDbEntity
  8
0
100
AcDbLine
 10
213.75293799999992
 20
-93.50756
 30
0.0
 11
213.68486599999991
 21
-93.490288
 31
0.0
  0
LINE
  5
13C
330
17
100
AcDbEntity
  8
0
100
AcDbLine
 10
213.68486599999991
 20
-93.490288
 30
0.0
 11
213.6127299999999
 21
-93.473016
 31
0.0
  0
LINE
  5
13D
330
17
100
AcDbEntity
  8
0
100
AcDbLine
 10
213.6127299999999
 20
-93.473016
 30
0.0
 11
213.5362759999999
 21
-93.45599800000001
 31
0.0
  0
LINE
  5
13E
330
17
100
AcDbEntity
  8
0
100
AcDbLine
 10
213.5362759999999
 20
-93.45599800000001
 30
0.0
 11
213.4560119999999
 21
-93.43923400000001
 31
0.0
  0
LINE
  5
13F
330
17
100
AcDbEntity
  8
0
100
AcDbLine
 10
213.4560119999999
 20
-93.43923400000001
 30
0.0
 11
213.3719379999999
 21
-93.422978
 31
0.0
  0
LINE
  5
140
330
17
100
AcDbEntity
  8
0
100
AcDbLine
 10
213.3719379999999
 20
-93.422978
 30
0.0
 11
213.28405399999988
 21
-93.40748400000001
 31
0.0
  0
LINE
  5
141
330
17
100
AcDbEntity
  8
0
100
AcDbLine
 10
213.28405399999988
 20
-93.40748400000001
 30
0.0
 11
213.1928679999999
 21
-93.393006
 31
0.0
  0
LINE
  5
142
330
17
100
AcDbEntity
  8
0
100
AcDbLine
 10
213.1928679999999
 20
-93.393006
 30
0.0
 11
213.0983799999999
 21
-93.37954400000001
 31
0.0
  0
LINE
  5
143
330
17
100
AcDbEntity
  8
0
100
AcDbLine
 10
213.0983799999999
 20
-93.37954400000001
 30
0.0
 11
213.0008439999999
 21
-93.367606
 31
0.0
  0
LINE
  5
144
330
17
100
AcDbEntity
  8
0
100
AcDbLine
 10
213.0008439999999
 20
-93.367606
 30
0.0
 11
212.9002599999999
 21
-93.357192
 31
0.0
  0
LINE
  5
145
330
17
100
AcDbEntity
  8
0
100
AcDbLine
 10
212.9002599999999
 20
-93.357192
 30
0.0
 11
212.7968819999999
 21
-93.348556
 31
0.0
  0
LINE
  5
146
330
17
100
AcDbEntity
  8
0
100
AcDbLine
 10
212.7968819999999
 20
-93.348556
 30
0.0
 11
212.6909639999999
 21
-93.34169800000001
 31
0.0
  0
LINE
  5
147
330
17
100
AcDbEntity
  8
0
100
AcDbLine
 10
212.6909639999999
 20
-93.34169800000001
 30
0.0
 11
212.58250599999988
 21
-93.33712600000001
 31
0.0
  0
LINE
  5
148
330
17
100
AcDbEntity
  8
0
100
AcDbLine
 10
212.58250599999988
 20
-93.33712600000001
 30
0.0
 11
212.47176199999987
 21
-93.33484000000001
 31
0.0
  0
LINE
  5
149
330
17
100
AcDbEntity
  8
0
100
AcDbLine
 10
212.47176199999987
 20
-93.33484000000001
 30
0.0
 11
212.35898599999987
 21
-93.335094
 31
0.0
  0
LINE
  5
14A
330
17
100
AcDbEntity
  8
0
100
AcDbLine
 10
212.35898599999987
 20
-93.335094
 30
0.0
 11
212.2441779999999
 21
-93.338142
 31
0.0
  0
LINE
  5
14B
330
17
100
AcDbEntity
  8
0
100
AcDbLine
 10
212.2441779999999
 20
-93.338142
 30
0.0
 11
212.1275919999999
 21
-93.343984
 31
0.0
  0
LINE
  5
14C
330
17
100
AcDbEntity
  8
0
100
AcDbLine
 10
212.1275919999999
 20
-93.343984
 30
0.0
 11
212.00948199999988
 21
-93.35287400000001
 31
0.0
  0
LINE
  5
14D
330
17
100
AcDbEntity
  8
0
100
AcDbLine
 10
212.00948199999988
 20
-93.35287400000001
 30
0.0
 11
211.8898479999999
 21
-93.36506600000001
 31
0.0
  0
LINE
  5
14E
330
17
100
AcDbEntity
  8
0
100
AcDbLine
 10
211.8898479999999
 20
-93.36506600000001
 30
0.0
 11
211.7689439999999
 21
-93.38081400000002
 31
0.0
  0
LINE
  5
14F
330
17
100
AcDbEntity
  8
0
100
AcDbLine
 10
211.7689439999999
 20
-93.38081400000002
 30
0.0
 11
211.64702399999987
 21
-93.40037200000002
 31
0.0
  0
LINE
  5
150
330
17
100
AcDbEntity
  8
0
100
AcDbLine
 10
211.64702399999987
 20
-93.40037200000002
 30
0.0
 11
211.52408799999986
 21
-93.42374000000001
 31
0.0
  0
LINE
  5
151
330
17
100
AcDbEntity
  8
0
100
AcDbLine
 10
211.52408799999986
 20
-93.42374000000001
 30
0.0
 11
211.40038999999987
 21
-93.45142600000001
 31
0.0
  0
LINE
  5
152
330
17
100
AcDbEntity
  8
0
100
AcDbLine
 10
211.40038999999987
 20
-93.45142600000001
 30
0.0
 11
211.27618399999986
 21
-93.48343
 31
0.0
  0
LINE
  5
153
330
17
100
AcDbEntity
  8
0
100
AcDbLine
 10
211.27618399999986
 20
-93.48343
 30
0.0
 11
211.15146999999988
 21
-93.519752
 31
0.0
  0
LINE
  5
154
330
17
100
AcDbEntity
  8
0
100
AcDbLine
 10
211.15146999999988
 20
-93.519752
 30
0.0
 11
211.0267559999999
 21
-93.56089999999999
 31
0.0
  0
LINE
  5
155
330
17
100
AcDbEntity
  8
0
100
AcDbLine
 10
211.0267559999999
 20
-93.56089999999999
 30
0.0
 11
210.9017879999999
 21
-93.60687399999999
 31
0.0
  0
LINE
  5
156
330
17
100
AcDbEntity
  8
0
100
AcDbLine
 10
210.9017879999999
 20
-93.60687399999999
 30
0.0
 11
210.7768199999999
 21
-93.657928
 31
0.0
  0
LINE
  5
157
330
17
100
AcDbEntity
  8
0
100
AcDbLine
 10
210.7768199999999
 20
-93.657928
 30
0.0
 11
210.6523599999999
 21
-93.71431599999998
 31
0.0
  0
LINE
  5
158
330
17
100
AcDbEntity
  8
0
100
AcDbLine
 10
210.6523599999999
 20
-93.71431599999998
 30
0.0
 11
210.5281539999999
 21
-93.776292
 31
0.0
  0
LINE
  5
159
330
17
100
AcDbEntity
  8
0
100
AcDbLine
 10
210.5281539999999
 20
-93.776292
 30
0.0
 11
210.4044559999999
 21
-93.843856
 31
0.0
  0
LINE
  5
15A
330
17
100
AcDbEntity
  8
0
100
AcDbLine
 10
210.4044559999999
 20
-93.843856
 30
0.0
 11
210.2815199999999
 21
-93.917262
 31
0.0
  0
LINE
  5
15B
330
17
100
AcDbEntity
  8
0
100
AcDbLine
 10
210.2815199999999
 20
-93.917262
 30
0.0
 11
210.15959999999987
 21
-93.996764
 31
0.0
  0
LINE
  5
15C
330
17
100
AcDbEntity
  8
0
100
AcDbLine
 10
210.15959999999987
 20
-93.996764
 30
0.0
 11
210.03869599999987
 21
-94.082616
 31
0.0
  0
LINE
  5
15D
330
17
100
AcDbEntity
  8
0
100
AcDbLine
 10
210.03869599999987
 20
-94.082616
 30
0.0
 11
209.91906199999988
 21
-94.175072
 31
0.0
  0
LINE
  5
15E
330
17
100
AcDbEntity
  8
0
100
AcDbLine
 10
209.91906199999988
 20
-94.175072
 30
0.0
 11
209.80095199999988
 21
-94.274132
 31
0.0
  0
LINE
  5
15F
330
17
100
AcDbEntity
  8
0
100
AcDbLine
 10
209.80095199999988
 20
-94.274132
 30
0.0
 11
209.6843659999999
 21
-94.38004999999998
 31
0.0
  0
LINE
  5
160
330
17
100
AcDbEntity
  8
0
100
AcDbLine
 10
209.6843659999999
 20
-94.38004999999998
 30
0.0
 11
209.5695579999999
 21
-94.49307999999998
 31
0.0
  0
LINE
  5
161
330
17
100
AcDbEntity
  8
0
100
AcDbLine
 10
209.5695579999999
 20
-94.49307999999998
 30
0.0
 11
209.4567819999999
 21
-94.61347599999998
 31
0.0
  0
LINE
  5
162
330
17
100
AcDbEntity
  8
0
100
AcDbLine
 10
209.4567819999999
 20
-94.61347599999998
 30
0.0
 11
209.34603799999988
 21
-94.74123799999998
 31
0.0
  0
LINE
  5
163
330
17
100
AcDbEntity
  8
0
100
AcDbLine
 10
209.34603799999988
 20
-94.74123799999998
 30
0.0
 11
209.2375799999999
 21
-94.87687399999997
 31
0.0
  0
LINE
  5
164
330
17
100
AcDbEntity
  8
0
100
AcDbLine
 10
209.2375799999999
 20
-94.87687399999997
 30
0.0
 11
209.13166199999986
 21
-95.02038399999998
 31
0.0
  0
LINE
  5
165
330
17
100
AcDbEntity
  8
0
100
AcDbLine
 10
209.13166199999986
 20
-95.02038399999998
 30
0.0
 11
209.02828399999987
 21
-95.17176799999997
 31
0.0
  0
LINE
  5
166
330
17
100
AcDbEntity
  8
0
100
AcDbLine
 10
209.02828399999987
 20
-95.17176799999997
 30
0.0
 11
208.92769999999987
 21
-95.33153399999998
 31
0.0
  0
LINE
  5
167
330
17
100
AcDbEntity
  8
0
100
AcDbLine
 10
208.92769999999987
 20
-95.33153399999998
 30
0.0
 11
208.83016399999988
 21
-95.49968199999998
 31
0.0
  0
LINE
  5
168
330
17
100
AcDbEntity
  8
0
100
AcDbLine
 10
208.83016399999988
 20
-95.49968199999998
 30
0.0
 11
208.73567599999987
 21
-95.67646599999998
 31
0.0
  0
LINE
  5
169
330
17
100
AcDbEntity
  8
0
100
AcDbLine
 10
208.73567599999987
 20
-95.67646599999998
 30
0.0
 11
208.64448999999988
 21
-95.86213999999998
 31
0.0
  0
LINE
  5
16A
330
17
100
AcDbEntity
  8
0
100
AcDbLine
 10
208.64448999999988
 20
-95.86213999999998
 30
0.0
 11
208.55685999999986
 21
-96.05695799999998
 31
0.0
  0
LINE
  5
16B
330
17
100
AcDbEntity
  8
0
100
AcDbLine
 10
208.55685999999986
 20
-96.05695799999998
 30
0.0
 11
208.47278599999987
 21
-96.26091999999997
 31
0.0
  0
LINE
  5
16C
330
17
100
AcDbEntity
  8
0
100
AcDbLine
 10
208.47278599999987
 20
-96.26091999999997
 30
0.0
 11
208.39252199999984
 21
-96.47453399999998
 31
0.0
  0
LINE
  5
16D
330
17
100
AcDbEntity
  8
0
100
AcDbLine
 10
208.39252199999984
 20
-96.47453399999998
 30
0.0
 11
208.31606799999983
 21
-96.69779999999999
 31
0.0
  0
LINE
  5
16E
330
17
100
AcDbEntity
  8
0
100
AcDbLine
 10
208.31606799999983
 20
-96.69779999999999
 30
0.0
 11
208.24393199999986
 21
-96.93071799999997
 31
0.0
  0
LINE
  5
16F
330
17
100
AcDbEntity
  8
0
100
AcDbLine
 10
220.24187599999985
 20
-69.68693199999997
 30
0.0
 11
220.15780199999983
 21
-69.74382799999997
 31
0.0
  0
LINE
  5
170
330
17
100
AcDbEntity
  8
0
100
AcDbLine
 10
220.15780199999983
 20
-69.74382799999997
 30
0.0
 11
220.07880799999984
 21
-69.80300999999997
 31
0.0
  0
LINE
  5
171
330
17
100
AcDbEntity
  8
0
100
AcDbLine
 10
220.07880799999984
 20
-69.80300999999997
 30
0.0
 11
220.00463999999982
 21
-69.86422399999996
 31
0.0
  0
LINE
  5
172
330
17
100
AcDbEntity
  8
0
100
AcDbLine
 10
220.00463999999982
 20
-69.86422399999996
 30
0.0
 11
219.93529799999982
 21
-69.92721599999996
 31
0.0
  0
LINE
  5
173
330
17
100
AcDbEntity
  8
0
100
AcDbLine
 10
219.93529799999982
 20
-69.92721599999996
 30
0.0
 11
219.8705279999998
 21
-69.99198599999997
 31
0.0
  0
LINE
  5
174
330
17
100
AcDbEntity
  8
0
100
AcDbLine
 10
219.8705279999998
 20
-69.99198599999997
 30
0.0
 11
219.8100759999998
 21
-70.05853399999997
 31
0.0
  0
LINE
  5
175
330
17
100
AcDbEntity
  8
0
100
AcDbLine
 10
219.8100759999998
 20
-70.05853399999997
 30
0.0
 11
219.7536879999998
 21
-70.12660599999995
 31
0.0
  0
LINE
  5
176
330
17
100
AcDbEntity
  8
0
100
AcDbLine
 10
219.7536879999998
 20
-70.12660599999995
 30
0.0
 11
219.7013639999998
 21
-70.19620199999996
 31
0.0
  0
LINE
  5
177
330
17
100
AcDbEntity
  8
0
100
AcDbLine
 10
219.7013639999998
 20
-70.19620199999996
 30
0.0
 11
219.6528499999998
 21
-70.26732199999995
 31
0.0
  0
LINE
  5
178
330
17
100
AcDbEntity
  8
0
100
AcDbLine
 10
219.6528499999998
 20
-70.26732199999995
 30
0.0
 11
219.6078919999998
 21
-70.33971199999996
 31
0.0
  0
LINE
  5
179
330
17
100
AcDbEntity
  8
0
100
AcDbLine
 10
219.6078919999998
 20
-70.33971199999996
 30
0.0
 11
219.5664899999998
 21
-70.41311799999995
 31
0.0
  0
LINE
  5
17A
330
17
100
AcDbEntity
  8
0
100
AcDbLine
 10
219.5664899999998
 20
-70.41311799999995
 30
0.0
 11
219.5283899999998
 21
-70.48753999999995
 31
0.0
  0
LINE
  5
17B
330
17
100
AcDbEntity
  8
0
100
AcDbLine
 10
219.5283899999998
 20
-70.48753999999995
 30
0.0
 11
219.4933379999998
 21
-70.56297799999996
 31
0.0
  0
LINE
  5
17C
330
17
100
AcDbEntity
  8
0
100
AcDbLine
 10
219.4933379999998
 20
-70.56297799999996
 30
0.0
 11
219.4613339999998
 21
-70.63943199999996
 31
0.0
  0
LINE
  5
17D
330
17
100
AcDbEntity
  8
0
100
AcDbLine
 10
219.4613339999998
 20
-70.63943199999996
 30
0.0
 11
219.4321239999998
 21
-70.71639399999995
 31
0.0
  0
LINE
  5
17E
330
17
100
AcDbEntity
  8
0
100
AcDbLine
 10
219.4321239999998
 20
-70.71639399999995
 30
0.0
 11
219.4054539999998
 21
-70.79411799999995
 31
0.0
  0
LINE
  5
17F
330
17
100
AcDbEntity
  8
0
100
AcDbLine
 10
219.4054539999998
 20
-70.79411799999995
 30
0.0
 11
219.38132399999978
 21
-70.87234999999995
 31
0.0
  0
LINE
  5
180
330
17
100
AcDbEntity
  8
0
100
AcDbLine
 10
219.38132399999978
 20
-70.87234999999995
 30
0.0
 11
219.35947999999976
 21
-70.95108999999995
 31
0.0
  0
LINE
  5
181
330
17
100
AcDbEntity
  8
0
100
AcDbLine
 10
219.35947999999976
 20
-70.95108999999995
 30
0.0
 11
219.3396679999998
 21
-71.03008399999995
 31
0.0
  0
LINE
  5
182
330
17
100
AcDbEntity
  8
0
100
AcDbLine
 10
219.3396679999998
 20
-71.03008399999995
 30
0.0
 11
219.32163399999976
 21
-71.10933199999995
 31
0.0
  0
LINE
  5
183
330
17
100
AcDbEntity
  8
0
100
AcDbLine
 10
219.32163399999976
 20
-71.10933199999995
 30
0.0
 11
219.3053779999998
 21
-71.18857999999996
 31
0.0
  0
LINE
  5
184
330
17
100
AcDbEntity
  8
0
100
AcDbLine
 10
219.3053779999998
 20
-71.18857999999996
 30
0.0
 11
219.29064599999978
 21
-71.26782799999995
 31
0.0
  0
LINE
  5
185
330
17
100
AcDbEntity
  8
0
100
AcDbLine
 10
219.29064599999978
 20
-71.26782799999995
 30
0.0
 11
219.2774379999998
 21
-71.34707599999996
 31
0.0
  0
LINE
  5
186
330
17
100
AcDbEntity
  8
0
100
AcDbLine
 10
219.2774379999998
 20
-71.34707599999996
 30
0.0
 11
219.26549999999978
 21
-71.42606999999995
 31
0.0
  0
LINE
  5
187
330
17
100
AcDbEntity
  8
0
100
AcDbLine
 10
219.26549999999978
 20
-71.42606999999995
 30
0.0
 11
219.25457799999978
 21
-71.50480999999995
 31
0.0
  0
LINE
  5
188
330
17
100
AcDbEntity
  8
0
100
AcDbLine
 10
219.25457799999978
 20
-71.50480999999995
 30
0.0
 11
219.24441799999977
 21
-71.58304199999995
 31
0.0
  0
LINE
  5
189
330
17
100
AcDbEntity
  8
0
100
AcDbLine
 10
219.24441799999977
 20
-71.58304199999995
 30
0.0
 11
219.23501999999976
 21
-71.66076599999995
 31
0.0
  0
LINE
  5
18A
330
17
100
AcDbEntity
  8
0
100
AcDbLine
 10
219.23501999999976
 20
-71.66076599999995
 30
0.0
 11
219.22612999999978
 21
-71.73798199999995
 31
0.0
  0
LINE
  5
18B
330
17
100
AcDbEntity
  8
0
100
AcDbLine
 10
219.22612999999978
 20
-71.73798199999995
 30
0.0
 11
219.2174939999998
 21
-71.81443599999994
 31
0.0
  0
LINE
  5
18C
330
17
100
AcDbEntity
  8
0
100
AcDbLine
 10
219.2174939999998
 20
-71.81443599999994
 30
0.0
 11
219.20911199999978
 21
-71.88987399999995
 31
0.0
  0
LINE
  5
18D
330
17
100
AcDbEntity
  8
0
100
AcDbLine
 10
219.20911199999978
 20
-71.88987399999995
 30
0.0
 11
219.20072999999977
 21
-71.96454999999995
 31
0.0
  0
LINE
  5
18E
330
17
100
AcDbEntity
  8
0
100
AcDbLine
 10
219.20072999999977
 20
-71.96454999999995
 30
0.0
 11
219.19209399999977
 21
-72.03795599999994
 31
0.0
  0
LINE
  5
18F
330
17
100
AcDbEntity
  8
0
100
AcDbLine
 10
219.19209399999977
 20
-72.03795599999994
 30
0.0
 11
219.1832039999998
 21
-72.11034599999995
 31
0.0
  0
LINE
  5
190
330
17
100
AcDbEntity
  8
0
100
AcDbLine
 10
219.1832039999998
 20
-72.11034599999995
 30
0.0
 11
219.1738059999998
 21
-72.18146599999994
 31
0.0
  0
LINE
  5
191
330
17
100
AcDbEntity
  8
0
100
AcDbLine
 10
219.1738059999998
 20
-72.18146599999994
 30
0.0
 11
219.16364599999977
 21
-72.25106199999993
 31
0.0
  0
LINE
  5
192
330
17
100
AcDbEntity
  8
0
100
AcDbLine
 10
219.16364599999977
 20
-72.25106199999993
 30
0.0
 11
219.15272399999978
 21
-72.31913399999993
 31
0.0
  0
LINE
  5
193
330
17
100
AcDbEntity
  8
0
100
AcDbLine
 10
219.15272399999978
 20
-72.31913399999993
 30
0.0
 11
219.14078599999976
 21
-72.38568199999993
 31
0.0
  0
LINE
  5
194
330
17
100
AcDbEntity
  8
0
100
AcDbLine
 10
219.14078599999976
 20
-72.38568199999993
 30
0.0
 11
219.12757799999977
 21
-72.45045199999993
 31
0.0
  0
LINE
  5
195
330
17
100
AcDbEntity
  8
0
100
AcDbLine
 10
219.12757799999977
 20
-72.45045199999993
 30
0.0
 11
219.11309999999978
 21
-72.51344399999992
 31
0.0
  0
LINE
  5
196
330
17
100
AcDbEntity
  8
0
100
AcDbLine
 10
219.11309999999978
 20
-72.51344399999992
 30
0.0
 11
219.09709799999976
 21
-72.57465799999993
 31
0.0
  0
LINE
  5
197
330
17
100
AcDbEntity
  8
0
100
AcDbLine
 10
219.09709799999976
 20
-72.57465799999993
 30
0.0
 11
219.07931799999974
 21
-72.63383999999992
 31
0.0
  0
LINE
  5
198
330
17
100
AcDbEntity
  8
0
100
AcDbLine
 10
219.07931799999974
 20
-72.63383999999992
 30
0.0
 11
219.05950599999977
 21
-72.69073599999992
 31
0.0
  0
LINE
  5
199
330
17
100
AcDbEntity
  8
0
100
AcDbLine
 10
219.05950599999977
 20
-72.69073599999992
 30
0.0
 11
219.03766199999976
 21
-72.74559999999992
 31
0.0
  0
LINE
  5
19A
330
17
100
AcDbEntity
  8
0
100
AcDbLine
 10
219.03766199999976
 20
-72.74559999999992
 30
0.0
 11
219.01353199999974
 21
-72.79792399999992
 31
0.0
  0
LINE
  5
19B
330
17
100
AcDbEntity
  8
0
100
AcDbLine
 10
219.01353199999974
 20
-72.79792399999992
 30
0.0
 11
218.98711599999973
 21
-72.84796199999992
 31
0.0
  0
LINE
  5
19C
330
17
100
AcDbEntity
  8
0
100
AcDbLine
 10
218.98711599999973
 20
-72.84796199999992
 30
0.0
 11
218.95815999999974
 21
-72.89545999999993
 31
0.0
  0
LINE
  5
19D
330
17
100
AcDbEntity
  8
0
100
AcDbLine
 10
218.95815999999974
 20
-72.89545999999993
 30
0.0
 11
218.92640999999972
 21
-72.94016399999992
 31
0.0
  0
LINE
  5
19E
330
17
100
AcDbEntity
  8
0
100
AcDbLine
 10
218.92640999999972
 20
-72.94016399999992
 30
0.0
 11
218.89161199999975
 21
-72.98207399999993
 31
0.0
  0
LINE
  5
19F
330
17
100
AcDbEntity
  8
0
100
AcDbLine
 10
218.89161199999975
 20
-72.98207399999993
 30
0.0
 11
218.85376599999975
 21
-73.02118999999993
 31
0.0
  0
LINE
  5
1A0
330
17
100
AcDbEntity
  8
0
100
AcDbLine
 10
218.85376599999975
 20
-73.02118999999993
 30
0.0
 11
218.81261799999973
 21
-73.05725799999993
 31
0.0
  0
LINE
  5
1A1
330
17
100
AcDbEntity
  8
0
100
AcDbLine
 10
218.81261799999973
 20
-73.05725799999993
 30
0.0
 11
218.76791399999973
 21
-73.09027799999993
 31
0.0
  0
LINE
  5
1A2
330
17
100
AcDbEntity
  8
0
100
AcDbLine
 10
218.76791399999973
 20
-73.09027799999993
 30
0.0
 11
218.7196539999997
 21
-73.12024999999993
 31
0.0
  0
LINE
  5
1A3
330
17
100
AcDbEntity
  8
0
100
AcDbLine
 10
218.7196539999997
 20
-73.12024999999993
 30
0.0
 11
218.6675839999997
 21
-73.14691999999994
 31
0.0
  0
LINE
  5
1A4
330
17
100
AcDbEntity
  8
0
100
AcDbLine
 10
218.6675839999997
 20
-73.14691999999994
 30
0.0
 11
218.6117039999997
 21
-73.17003399999993
 31
0.0
  0
LINE
  5
1A5
330
17
100
AcDbEntity
  8
0
100
AcDbLine
 10
218.6117039999997
 20
-73.17003399999993
 30
0.0
 11
218.5515059999997
 21
-73.18959199999993
 31
0.0
  0
LINE
  5
1A6
330
17
100
AcDbEntity
  8
0
100
AcDbLine
 10
218.5515059999997
 20
-73.18959199999993
 30
0.0
 11
218.4869899999997
 21
-73.20559399999993
 31
0.0
  0
LINE
  5
1A7
330
17
100
AcDbEntity
  8
0
100
AcDbLine
 10
218.4869899999997
 20
-73.20559399999993
 30
0.0
 11
218.41790199999969
 21
-73.21803999999993
 31
0.0
  0
LINE
  5
1A8
330
17
100
AcDbEntity
  8
0
100
AcDbLine
 10
218.41790199999969
 20
-73.21803999999993
 30
0.0
 11
218.3442419999997
 21
-73.22642199999993
 31
0.0
  0
LINE
  5
1A9
330
17
100
AcDbEntity
  8
0
100
AcDbLine
 10
218.3442419999997
 20
-73.22642199999993
 30
0.0
 11
218.2657559999997
 21
-73.23099399999992
 31
0.0
  0
LINE
  5
1AA
330
17
100
AcDbEntity
  8
0
100
AcDbLine
 10
218.2657559999997
 20
-73.23099399999992
 30
0.0
 11
218.1821899999997
 21
-73.23150199999992
 31
0.0
  0
LINE
  5
1AB
330
17
100
AcDbEntity
  8
0
100
AcDbLine
 10
218.1821899999997
 20
-73.23150199999992
 30
0.0
 11
218.0935439999997
 21
-73.22794599999992
 31
0.0
  0
LINE
  5
1AC
330
17
100
AcDbEntity
  8
0
100
AcDbLine
 10
218.0935439999997
 20
-73.22794599999992
 30
0.0
 11
217.9995639999997
 21
-73.22007199999992
 31
0.0
  0
LINE
  5
1AD
330
17
100
AcDbEntity
  8
0
100
AcDbLine
 10
217.9995639999997
 20
-73.22007199999992
 30
0.0
 11
217.8999959999997
 21
-73.20787999999992
 31
0.0
  0
LINE
  5
1AE
330
17
100
AcDbEntity
  8
0
100
AcDbLine
 10
217.8999959999997
 20
-73.20787999999992
 30
0.0
 11
217.7945859999997
 21
-73.19111599999992
 31
0.0
  0
LINE
  5
1AF
330
17
100
AcDbEntity
  8
0
100
AcDbLine
 10
217.7945859999997
 20
-73.19111599999992
 30
0.0
 11
217.5329659999997
 21
-73.15631799999993
 31
0.0
  0
LINE
  5
1B0
330
17
100
AcDbEntity
  8
0
100
AcDbLine
 10
217.5329659999997
 20
-73.15631799999993
 30
0.0
 11
217.26448799999972
 21
-73.12736199999993
 31
0.0
  0
LINE
  5
1B1
330
17
100
AcDbEntity
  8
0
100
AcDbLine
 10
217.26448799999972
 20
-73.12736199999993
 30
0.0
 11
216.9896599999997
 21
-73.10373999999993
 31
0.0
  0
LINE
  5
1B2
330
17
100
AcDbEntity
  8
0
100
AcDbLine
 10
216.9896599999997
 20
-73.10373999999993
 30
0.0
 11
216.7087359999997
 21
-73.08519799999993
 31
0.0
  0
LINE
  5
1B3
330
17
100
AcDbEntity
  8
0
100
AcDbLine
 10
216.7087359999997
 20
-73.08519799999993
 30
0.0
 11
216.4222239999997
 21
-73.07148199999995
 31
0.0
  0
LINE
  5
1B4
330
17
100
AcDbEntity
  8
0
100
AcDbLine
 10
216.4222239999997
 20
-73.07148199999995
 30
0.0
 11
216.13063199999968
 21
-73.06208399999994
 31
0.0
  0
LINE
  5
1B5
330
17
100
AcDbEntity
  8
0
100
AcDbLine
 10
216.13063199999968
 20
-73.06208399999994
 30
0.0
 11
215.83446799999967
 21
-73.05700399999995
 31
0.0
  0
LINE
  5
1B6
330
17
100
AcDbEntity
  8
0
100
AcDbLine
 10
215.83446799999967
 20
-73.05700399999995
 30
0.0
 11
215.5339859999997
 21
-73.05573399999996
 31
0.0
  0
LINE
  5
1B7
330
17
100
AcDbEntity
  8
0
100
AcDbLine
 10
215.5339859999997
 20
-73.05573399999996
 30
0.0
 11
215.22969399999968
 21
-73.05801999999996
 31
0.0
  0
LINE
  5
1B8
330
17
100
AcDbEntity
  8
0
100
AcDbLine
 10
215.22969399999968
 20
-73.05801999999996
 30
0.0
 11
214.9220999999997
 21
-73.06360799999996
 31
0.0
  0
LINE
  5
1B9
330
17
100
AcDbEntity
  8
0
100
AcDbLine
 10
214.9220999999997
 20
-73.06360799999996
 30
0.0
 11
214.6114579999997
 21
-73.07224399999996
 31
0.0
  0
LINE
  5
1BA
330
17
100
AcDbEntity
  8
0
100
AcDbLine
 10
214.6114579999997
 20
-73.07224399999996
 30
0.0
 11
214.2985299999997
 21
-73.08341999999995
 31
0.0
  0
LINE
  5
1BB
330
17
100
AcDbEntity
  8
0
100
AcDbLine
 10
214.2985299999997
 20
-73.08341999999995
 30
0.0
 11
213.9835699999997
 21
-73.09713599999994
 31
0.0
  0
LINE
  5
1BC
330
17
100
AcDbEntity
  8
0
100
AcDbLine
 10
213.9835699999997
 20
-73.09713599999994
 30
0.0
 11
213.6670859999997
 21
-73.11288399999994
 31
0.0
  0
LINE
  5
1BD
330
17
100
AcDbEntity
  8
0
100
AcDbLine
 10
213.6670859999997
 20
-73.11288399999994
 30
0.0
 11
213.34933199999972
 21
-73.13040999999996
 31
0.0
  0
LINE
  5
1BE
330
17
100
AcDbEntity
  8
0
100
AcDbLine
 10
213.34933199999972
 20
-73.13040999999996
 30
0.0
 11
213.0308159999997
 21
-73.14945999999995
 31
0.0
  0
LINE
  5
1BF
330
17
100
AcDbEntity
  8
0
100
AcDbLine
 10
213.0308159999997
 20
-73.14945999999995
 30
0.0
 11
212.7120459999997
 21
-73.16952599999995
 31
0.0
  0
LINE
  5
1C0
330
17
100
AcDbEntity
  8
0
100
AcDbLine
 10
212.7120459999997
 20
-73.16952599999995
 30
0.0
 11
212.39352999999969
 21
-73.19060799999995
 31
0.0
  0
LINE
  5
1C1
330
17
100
AcDbEntity
  8
0
100
AcDbLine
 10
212.39352999999969
 20
-73.19060799999995
 30
0.0
 11
212.0757759999997
 21
-73.21219799999994
 31
0.0
  0
LINE
  5
1C2
330
17
100
AcDbEntity
  8
0
100
AcDbLine
 10
212.0757759999997
 20
-73.21219799999994
 30
0.0
 11
211.75903799999972
 21
-73.23404199999995
 31
0.0
  0
LINE
  5
1C3
330
17
100
AcDbEntity
  8
0
100
AcDbLine
 10
211.75903799999972
 20
-73.23404199999995
 30
0.0
 11
211.44382399999972
 21
-73.25588599999996
 31
0.0
  0
LINE
  5
1C4
330
17
100
AcDbEntity
  8
0
100
AcDbLine
 10
211.44382399999972
 20
-73.25588599999996
 30
0.0
 11
211.1303879999997
 21
-73.27747599999995
 31
0.0
  0
LINE
  5
1C5
330
17
100
AcDbEntity
  8
0
100
AcDbLine
 10
211.1303879999997
 20
-73.27747599999995
 30
0.0
 11
210.81949199999968
 21
-73.29830399999994
 31
0.0
  0
LINE
  5
1C6
330
17
100
AcDbEntity
  8
0
100
AcDbLine
 10
210.81949199999968
 20
-73.29830399999994
 30
0.0
 11
210.5113899999997
 21
-73.31811599999995
 31
0.0
  0
LINE
  5
1C7
330
17
100
AcDbEntity
  8
0
100
AcDbLine
 10
210.5113899999997
 20
-73.31811599999995
 30
0.0
 11
210.2065899999997
 21
-73.33665799999994
 31
0.0
  0
LINE
  5
1C8
330
17
100
AcDbEntity
  8
0
100
AcDbLine
 10
210.2065899999997
 20
-73.33665799999994
 30
0.0
 11
209.9055999999997
 21
-73.35367599999994
 31
0.0
  0
LINE
  5
1C9
330
17
100
AcDbEntity
  8
0
100
AcDbLine
 10
209.9055999999997
 20
-73.35367599999994
 30
0.0
 11
209.60867399999972
 21
-73.36891599999994
 31
0.0
  0
LINE
  5
1CA
330
17
100
AcDbEntity
  8
0
100
AcDbLine
 10
209.60867399999972
 20
-73.36891599999994
 30
0.0
 11
209.31631999999973
 21
-73.38212399999995
 31
0.0
  0
LINE
  5
1CB
330
17
100
AcDbEntity
  8
0
100
AcDbLine
 10
209.31631999999973
 20
-73.38212399999995
 30
0.0
 11
209.02904599999974
 21
-73.39279199999994
 31
0.0
  0
LINE
  5
1CC
330
17
100
AcDbEntity
  8
0
100
AcDbLine
 10
209.02904599999974
 20
-73.39279199999994
 30
0.0
 11
208.74710599999972
 21
-73.40066599999994
 31
0.0
  0
LINE
  5
1CD
330
17
100
AcDbEntity
  8
0
100
AcDbLine
 10
208.74710599999972
 20
-73.40066599999994
 30
0.0
 11
208.4712619999997
 21
-73.40549199999994
 31
0.0
  0
LINE
  5
1CE
330
17
100
AcDbEntity
  8
0
100
AcDbLine
 10
208.4712619999997
 20
-73.40549199999994
 30
0.0
 11
208.2017679999997
 21
-73.40701599999993
 31
0.0
  0
LINE
  5
1CF
330
17
100
AcDbEntity
  8
0
100
AcDbLine
 10
208.2017679999997
 20
-73.40701599999993
 30
0.0
 11
207.93913199999972
 21
-73.40498399999994
 31
0.0
  0
LINE
  5
1D0
330
17
100
AcDbEntity
  8
0
100
AcDbLine
 10
207.93913199999972
 20
-73.40498399999994
 30
0.0
 11
207.68360799999974
 21
-73.39888799999994
 31
0.0
  0
LINE
  5
1D1
330
17
100
AcDbEntity
  8
0
100
AcDbLine
 10
207.68360799999974
 20
-73.39888799999994
 30
0.0
 11
207.43595799999972
 21
-73.38847399999995
 31
0.0
  0
LINE
  5
1D2
330
17
100
AcDbEntity
  8
0
100
AcDbLine
 10
207.43595799999972
 20
-73.38847399999995
 30
0.0
 11
207.19643599999972
 21
-73.37348799999994
 31
0.0
  0
LINE
  5
1D3
330
17
100
AcDbEntity
  8
0
100
AcDbLine
 10
207.19643599999972
 20
-73.37348799999994
 30
0.0
 11
206.96529599999974
 21
-73.35367599999994
 31
0.0
  0
LINE
  5
1D4
330
17
100
AcDbEntity
  8
0
100
AcDbLine
 10
206.96529599999974
 20
-73.35367599999994
 30
0.0
 11
206.74329999999972
 21
-73.32878399999994
 31
0.0
  0
LINE
  5
1D5
330
17
100
AcDbEntity
  8
0
100
AcDbLine
 10
206.74329999999972
 20
-73.32878399999994
 30
0.0
 11
206.53070199999974
 21
-73.29830399999993
 31
0.0
  0
LINE
  5
1D6
330
17
100
AcDbEntity
  8
0
100
AcDbLine
 10
206.53070199999974
 20
-73.29830399999993
 30
0.0
 11
206.32800999999972
 21
-73.26223599999993
 31
0.0
  0
LINE
  5
1D7
330
17
100
AcDbEntity
  8
0
100
AcDbLine
 10
206.32800999999972
 20
-73.26223599999993
 30
0.0
 11
206.13573199999973
 21
-73.22007199999993
 31
0.0
  0
LINE
  5
1D8
330
17
100
AcDbEntity
  8
0
100
AcDbLine
 10
206.13573199999973
 20
-73.22007199999993
 30
0.0
 11
205.95412199999973
 21
-73.17155799999995
 31
0.0
  0
LINE
  5
1D9
330
17
100
AcDbEntity
  8
0
100
AcDbLine
 10
205.95412199999973
 20
-73.17155799999995
 30
0.0
 11
205.78394199999974
 21
-73.11643999999994
 31
0.0
  0
LINE
  5
1DA
330
17
100
AcDbEntity
  8
0
100
AcDbLine
 10
205.78394199999974
 20
-73.11643999999994
 30
0.0
 11
205.62544599999973
 21
-73.05420999999994
 31
0.0
  0
LINE
  5
1DB
330
17
100
AcDbEntity
  8
0
100
AcDbLine
 10
205.62544599999973
 20
-73.05420999999994
 30
0.0
 11
205.47888799999973
 21
-72.98461399999995
 31
0.0
  0
LINE
  5
1DC
330
17
100
AcDbEntity
  8
0
100
AcDbLine
 10
205.47888799999973
 20
-72.98461399999995
 30
0.0
 11
205.34502999999972
 21
-72.90765199999994
 31
0.0
  0
LINE
  5
1DD
330
17
100
AcDbEntity
  8
0
100
AcDbLine
 10
205.34502999999972
 20
-72.90765199999994
 30
0.0
 11
205.22412599999973
 21
-72.82281599999995
 31
0.0
  0
LINE
  5
1DE
330
17
100
AcDbEntity
  8
0
100
AcDbLine
 10
205.22412599999973
 20
-72.82281599999995
 30
0.0
 11
205.11668399999974
 21
-72.72985199999995
 31
0.0
  0
LINE
  5
1DF
330
17
100
AcDbEntity
  8
0
100
AcDbLine
 10
205.11668399999974
 20
-72.72985199999995
 30
0.0
 11
205.02321199999972
 21
-72.62825199999996
 31
0.0
  0
LINE
  5
1E0
330
17
100
AcDbEntity
  8
0
100
AcDbLine
 10
205.02321199999972
 20
-72.62825199999996
 30
0.0
 11
204.9439639999997
 21
-72.51801599999995
 31
0.0
  0
LINE
  5
1E1
330
17
100
AcDbEntity
  8
0
100
AcDbLine
 10
204.9439639999997
 20
-72.51801599999995
 30
0.0
 11
204.8794479999997
 21
-72.39863599999994
 31
0.0
  0
LINE
  5
1E2
330
17
100
AcDbEntity
  8
0
100
AcDbLine
 10
204.8794479999997
 20
-72.39863599999994
 30
0.0
 11
204.83017199999972
 21
-72.26985799999994
 31
0.0
  0
LINE
  5
1E3
330
17
100
AcDbEntity
  8
0
100
AcDbLine
 10
204.83017199999972
 20
-72.26985799999994
 30
0.0
 11
204.79664399999973
 21
-72.13142799999994
 31
0.0
  0
LINE
  5
1E4
330
17
100
AcDbEntity
  8
0
100
AcDbLine
 10
204.79664399999973
 20
-72.13142799999994
 30
0.0
 11
204.77911799999973
 21
-71.98309199999993
 31
0.0
  0
LINE
  5
1E5
330
17
100
AcDbEntity
  8
0
100
AcDbLine
 10
204.77911799999973
 20
-71.98309199999993
 30
0.0
 11
204.77810199999973
 21
-71.82434199999993
 31
0.0
  0
LINE
  5
1E6
330
17
100
AcDbEntity
  8
0
100
AcDbLine
 10
204.77810199999973
 20
-71.82434199999993
 30
0.0
 11
204.79410399999972
 21
-71.65492399999994
 31
0.0
  0
LINE
  5
1E7
330
17
100
AcDbEntity
  8
0
100
AcDbLine
 10
204.79410399999972
 20
-71.65492399999994
 30
0.0
 11
204.8276319999997
 21
-71.47458399999995
 31
0.0
  0
LINE
  5
1E8
330
17
100
AcDbEntity
  8
0
100
AcDbLine
 10
204.8276319999997
 20
-71.47458399999995
 30
0.0
 11
204.87893999999972
 21
-71.28306799999994
 31
0.0
  0
LINE
  5
1E9
330
17
100
AcDbEntity
  8
0
100
AcDbLine
 10
204.87893999999972
 20
-71.28306799999994
 30
0.0
 11
204.9485359999997
 21
-71.08012199999995
 31
0.0
  0
LINE
  5
1EA
330
17
100
AcDbEntity
  8
0
100
AcDbLine
 10
204.9485359999997
 20
-71.08012199999995
 30
0.0
 11
205.0369279999997
 21
-70.86549199999995
 31
0.0
  0
LINE
  5
1EB
330
17
100
AcDbEntity
  8
0
100
AcDbLine
 10
205.0369279999997
 20
-70.86549199999995
 30
0.0
 11
205.1443699999997
 21
-70.63866999999995
 31
0.0
  0
LINE
  5
1EC
330
17
100
AcDbEntity
  8
0
100
AcDbLine
 10
205.1443699999997
 20
-70.63866999999995
 30
0.0
 11
205.2716239999997
 21
-70.39940199999995
 31
0.0
  0
LINE
  5
1ED
330
17
100
AcDbEntity
  8
0
100
AcDbLine
 10
205.2716239999997
 20
-70.39940199999995
 30
0.0
 11
205.4189439999997
 21
-70.14743399999995
 31
0.0
  0
LINE
  5
1EE
330
17
100
AcDbEntity
  8
0
100
AcDbLine
 10
205.4189439999997
 20
-70.14743399999995
 30
0.0
 11
205.5865839999997
 21
-69.88251199999993
 31
0.0
  0
LINE
  5
1EF
330
17
100
AcDbEntity
  8
0
100
AcDbLine
 10
205.5865839999997
 20
-69.88251199999993
 30
0.0
 11
205.0008599999997
 21
-69.88403599999994
 31
0.0
  0
LINE
  5
1F0
330
17
100
AcDbEntity
  8
0
100
AcDbLine
 10
205.0008599999997
 20
-69.88403599999994
 30
0.0
 11
204.41513599999968
 21
-69.88555999999993
 31
0.0
  0
LINE
  5
1F1
330
17
100
AcDbEntity
  8
0
100
AcDbLine
 10
204.41513599999968
 20
-69.88555999999993
 30
0.0
 11
203.82941199999968
 21
-69.88708399999992
 31
0.0
  0
LINE
  5
1F2
330
17
100
AcDbEntity
  8
0
100
AcDbLine
 10
203.82941199999968
 20
-69.88708399999992
 30
0.0
 11
203.24368799999965
 21
-69.8886079999999
 31
0.0
  0
LINE
  5
1F3
330
17
100
AcDbEntity
  8
0
100
AcDbLine
 10
203.24368799999965
 20
-69.8886079999999
 30
0.0
 11
202.65796399999965
 21
-69.89013199999991
 31
0.0
  0
LINE
  5
1F4
330
17
100
AcDbEntity
  8
0
100
AcDbLine
 10
202.65796399999965
 20
-69.89013199999991
 30
0.0
 11
202.07223999999965
 21
-69.8916559999999
 31
0.0
  0
LINE
  5
1F5
330
17
100
AcDbEntity
  8
0
100
AcDbLine
 10
202.07223999999965
 20
-69.8916559999999
 30
0.0
 11
201.48651599999963
 21
-69.89317999999989
 31
0.0
  0
LINE
  5
1F6
330
17
100
AcDbEntity
  8
0
100
AcDbLine
 10
201.48651599999963
 20
-69.89317999999989
 30
0.0
 11
200.90079199999963
 21
-69.89470399999988
 31
0.0
  0
LINE
  5
1F7
330
17
100
AcDbEntity
  8
0
100
AcDbLine
 10
200.90079199999963
 20
-69.89470399999988
 30
0.0
 11
200.3150679999996
 21
-69.89622799999988
 31
0.0
  0
LINE
  5
1F8
330
17
100
AcDbEntity
  8
0
100
AcDbLine
 10
200.3150679999996
 20
-69.89622799999988
 30
0.0
 11
199.7293439999996
 21
-69.89775199999987
 31
0.0
  0
LINE
  5
1F9
330
17
100
AcDbEntity
  8
0
100
AcDbLine
 10
199.7293439999996
 20
-69.89775199999987
 30
0.0
 11
199.1436199999996
 21
-69.89927599999986
 31
0.0
  0
LINE
  5
1FA
330
17
100
AcDbEntity
  8
0
100
AcDbLine
 10
199.1436199999996
 20
-69.89927599999986
 30
0.0
 11
198.55789599999957
 21
-69.90079999999985
 31
0.0
  0
LINE
  5
1FB
330
17
100
AcDbEntity
  8
0
100
AcDbLine
 10
198.55789599999957
 20
-69.90079999999985
 30
0.0
 11
197.97217199999957
 21
-69.90232399999985
 31
0.0
  0
LINE
  5
1FC
330
17
100
AcDbEntity
  8
0
100
AcDbLine
 10
197.97217199999957
 20
-69.90232399999985
 30
0.0
 11
197.38644799999958
 21
-69.90384799999984
 31
0.0
  0
LINE
  5
1FD
330
17
100
AcDbEntity
  8
0
100
AcDbLine
 10
197.38644799999958
 20
-69.90384799999984
 30
0.0
 11
196.80072399999955
 21
-69.90537199999983
 31
0.0
  0
LINE
  5
1FE
330
17
100
AcDbEntity
  8
0
100
AcDbLine
 10
196.80072399999955
 20
-69.90537199999983
 30
0.0
 11
196.21499999999955
 21
-69.90689599999982
 31
0.0
  0
LINE
  5
1FF
330
17
100
AcDbEntity
  8
0
100
AcDbLine
 10
196.21499999999955
 20
-69.90689599999982
 30
0.0
 11
195.62927599999952
 21
-69.90841999999982
 31
0.0
  0
LINE
  5
200
330
17
100
AcDbEntity
  8
0
100
AcDbLine
 10
195.62927599999952
 20
-69.90841999999982
 30
0.0
 11
195.04355199999952
 21
-69.90994399999981
 31
0.0
  0
LINE
  5
201
330
17
100
AcDbEntity
  8
0
100
AcDbLine
 10
195.04355199999952
 20
-69.90994399999981
 30
0.0
 11
194.45782799999952
 21
-69.9114679999998
 31
0.0
  0
LINE
  5
202
330
17
100
AcDbEntity
  8
0
100
AcDbLine
 10
194.45782799999952
 20
-69.9114679999998
 30
0.0
 11
193.8721039999995
 21
-69.91299199999979
 31
0.0
  0
LINE
  5
203
330
17
100
AcDbEntity
  8
0
100
AcDbLine
 10
193.8721039999995
 20
-69.91299199999979
 30
0.0
 11
193.2863799999995
 21
-69.9145159999998
 31
0.0
  0
LINE
  5
204
330
17
100
AcDbEntity
  8
0
100
AcDbLine
 10
193.2863799999995
 20
-69.9145159999998
 30
0.0
 11
192.70065599999947
 21
-69.91603999999978
 31
0.0
  0
LINE
  5
205
330
17
100
AcDbEntity
  8
0
100
AcDbLine
 10
192.70065599999947
 20
-69.91603999999978
 30
0.0
 11
192.11493199999947
 21
-69.91756399999977
 31
0.0
  0
LINE
  5
206
330
17
100
AcDbEntity
  8
0
100
AcDbLine
 10
192.11493199999947
 20
-69.91756399999977
 30
0.0
 11
191.52920799999947
 21
-69.91908799999977
 31
0.0
  0
LINE
  5
207
330
17
100
AcDbEntity
  8
0
100
AcDbLine
 10
191.52920799999947
 20
-69.91908799999977
 30
0.0
 11
190.94348399999944
 21
-69.92061199999976
 31
0.0
  0
LINE
  5
208
330
17
100
AcDbEntity
  8
0
100
AcDbLine
 10
190.94348399999944
 20
-69.92061199999976
 30
0.0
 11
190.35775999999944
 21
-69.92213599999975
 31
0.0
  0
LINE
  5
209
330
17
100
AcDbEntity
  8
0
100
AcDbLine
 10
190.35775999999944
 20
-69.92213599999975
 30
0.0
 11
189.77203599999942
 21
-69.92365999999974
 31
0.0
  0
LINE
  5
20A
330
17
100
AcDbEntity
  8
0
100
AcDbLine
 10
189.77203599999942
 20
-69.92365999999974
 30
0.0
 11
189.18631199999942
 21
-69.92518399999975
 31
0.0
  0
LINE
  5
20B
330
17
100
AcDbEntity
  8
0
100
AcDbLine
 10
189.18631199999942
 20
-69.92518399999975
 30
0.0
 11
188.60058799999942
 21
-69.92670799999973
 31
0.0
  0
LINE
  5
20C
330
17
100
AcDbEntity
  8
0
100
AcDbLine
 10
188.60058799999942
 20
-69.92670799999973
 30
0.0
 11
188.0148639999994
 21
-69.92823199999972
 31
0.0
  0
LINE
  5
20D
330
17
100
AcDbEntity
  8
0
100
AcDbLine
 10
188.0148639999994
 20
-69.92823199999972
 30
0.0
 11
187.4291399999994
 21
-69.92975599999971
 31
0.0
  0
LINE
  5
20E
330
17
100
AcDbEntity
  8
0
100
AcDbLine
 10
187.4291399999994
 20
-69.92975599999971
 30
0.0
 11
186.84341599999937
 21
-69.93127999999972
 31
0.0
  0
LINE
  5
20F
330
17
100
AcDbEntity
  8
0
100
AcDbLine
 10
186.84341599999937
 20
-69.93127999999972
 30
0.0
 11
186.25769199999937
 21
-69.9328039999997
 31
0.0
  0
LINE
  5
210
330
17
100
AcDbEntity
  8
0
100
AcDbLine
 10
186.25769199999937
 20
-69.9328039999997
 30
0.0
 11
185.67196799999937
 21
-69.9343279999997
 31
0.0
  0
LINE
  5
211
330
17
100
AcDbEntity
  8
0
100
AcDbLine
 10
185.67196799999937
 20
-69.9343279999997
 30
0.0
 11
185.08624399999934
 21
-69.93585199999968
 31
0.0
  0
LINE
  5
212
330
17
100
AcDbEntity
  8
0
100
AcDbLine
 10
185.08624399999934
 20
-69.93585199999968
 30
0.0
 11
184.50051999999934
 21
-69.93737599999969
 31
0.0
  0
LINE
  5
213
330
17
100
AcDbEntity
  8
0
100
AcDbLine
 10
184.50051999999934
 20
-69.93737599999969
 30
0.0
 11
183.9147959999993
 21
-69.93889999999968
 31
0.0
  0
LINE
  5
214
330
17
100
AcDbEntity
  8
0
100
AcDbLine
 10
183.9147959999993
 20
-69.93889999999968
 30
0.0
 11
183.32907199999931
 21
-69.94042399999967
 31
0.0
  0
LINE
  5
215
330
17
100
AcDbEntity
  8
0
100
AcDbLine
 10
183.32907199999931
 20
-69.94042399999967
 30
0.0
 11
182.74334799999932
 21
-69.94194799999966
 31
0.0
  0
LINE
  5
216
330
17
100
AcDbEntity
  8
0
100
AcDbLine
 10
182.74334799999932
 20
-69.94194799999966
 30
0.0
 11
182.1576239999993
 21
-69.94347199999966
 31
0.0
  0
LINE
  5
217
330
17
100
AcDbEntity
  8
0
100
AcDbLine
 10
182.1576239999993
 20
-69.94347199999966
 30
0.0
 11
181.5718999999993
 21
-69.94499599999965
 31
0.0
  0
LINE
  5
218
330
17
100
AcDbEntity
  8
0
100
AcDbLine
 10
181.5718999999993
 20
-69.94499599999965
 30
0.0
 11
180.9861759999993
 21
-69.94651999999964
 31
0.0
  0
LINE
  5
219
330
17
100
AcDbEntity
  8
0
100
AcDbLine
 10
180.9861759999993
 20
-69.94651999999964
 30
0.0
 11
180.40045199999926
 21
-69.94804399999963
 31
0.0
  0
LINE
  5
21A
330
17
100
AcDbEntity
  8
0
100
AcDbLine
 10
180.40045199999926
 20
-69.94804399999963
 30
0.0
 11
179.81472799999926
 21
-69.94956799999963
 31
0.0
  0
LINE
  5
21B
330
17
100
AcDbEntity
  8
0
100
AcDbLine
 10
179.81472799999926
 20
-69.94956799999963
 30
0.0
 11
179.22900399999924
 21
-69.95109199999962
 31
0.0
  0
LINE
  5
21C
330
17
100
AcDbEntity
  8
0
100
AcDbLine
 10
179.22900399999924
 20
-69.95109199999962
 30
0.0
 11
178.64327999999924
 21
-69.95261599999961
 31
0.0
  0
LINE
  5
21D
330
17
100
AcDbEntity
  8
0
100
AcDbLine
 10
178.64327999999924
 20
-69.95261599999961
 30
0.0
 11
178.05755599999924
 21
-69.9541399999996
 31
0.0
  0
LINE
  5
21E
330
17
100
AcDbEntity
  8
0
100
AcDbLine
 10
178.05755599999924
 20
-69.9541399999996
 30
0.0
 11
177.4718319999992
 21
-69.9556639999996
 31
0.0
  0
LINE
  5
21F
330
17
100
AcDbEntity
  8
0
100
AcDbLine
 10
177.4718319999992
 20
-69.9556639999996
 30
0.0
 11
176.8861079999992
 21
-69.95718799999959
 31
0.0
  0
LINE
  5
220
330
17
100
AcDbEntity
  8
0
100
AcDbLine
 10
176.8861079999992
 20
-69.95718799999959
 30
0.0
 11
176.30038399999918
 21
-69.95871199999958
 31
0.0
  0
LINE
  5
221
330
17
100
AcDbEntity
  8
0
100
AcDbLine
 10
176.30038399999918
 20
-69.95871199999958
 30
0.0
 11
175.71465999999918
 21
-69.96023599999957
 31
0.0
  0
LINE
  5
222
330
17
100
AcDbEntity
  8
0
100
AcDbLine
 10
175.71465999999918
 20
-69.96023599999957
 30
0.0
 11
175.1289359999992
 21
-69.96175999999957
 31
0.0
  0
LINE
  5
223
330
17
100
AcDbEntity
  8
0
100
AcDbLine
 10
175.1289359999992
 20
-69.96175999999957
 30
0.0
 11
174.54321199999916
 21
-69.96328399999956
 31
0.0
  0
LINE
  5
224
330
17
100
AcDbEntity
  8
0
100
AcDbLine
 10
174.54321199999916
 20
-69.96328399999956
 30
0.0
 11
173.95748799999916
 21
-69.96480799999955
 31
0.0
  0
LINE
  5
225
330
17
100
AcDbEntity
  8
0
100
AcDbLine
 10
173.95748799999916
 20
-69.96480799999955
 30
0.0
 11
173.37176399999913
 21
-69.96633199999954
 31
0.0
  0
LINE
  5
226
330
17
100
AcDbEntity
  8
0
100
AcDbLine
 10
173.37176399999913
 20
-69.96633199999954
 30
0.0
 11
172.78603999999913
 21
-69.96785599999954
 31
0.0
  0
LINE
  5
227
330
17
100
AcDbEntity
  8
0
100
AcDbLine
 10
172.78603999999913
 20
-69.96785599999954
 30
0.0
 11
172.20031599999913
 21
-69.96937999999953
 31
0.0
  0
LINE
  5
228
330
17
100
AcDbEntity
  8
0
100
AcDbLine
 10
172.20031599999913
 20
-69.96937999999953
 30
0.0
 11
171.6145919999991
 21
-69.97090399999952
 31
0.0
  0
LINE
  5
229
330
17
100
AcDbEntity
  8
0
100
AcDbLine
 10
171.6145919999991
 20
-69.97090399999952
 30
0.0
 11
171.0288679999991
 21
-69.97242799999951
 31
0.0
  0
LINE
  5
22A
330
17
100
AcDbEntity
  8
0
100
AcDbLine
 10
171.0288679999991
 20
-69.97242799999951
 30
0.0
 11
170.44314399999908
 21
-69.97395199999951
 31
0.0
  0
LINE
  5
22B
330
17
100
AcDbEntity
  8
0
100
AcDbLine
 10
170.44314399999908
 20
-69.97395199999951
 30
0.0
 11
169.85741999999908
 21
-69.9754759999995
 31
0.0
  0
LINE
  5
22C
330
17
100
AcDbEntity
  8
0
100
AcDbLine
 10
169.85741999999908
 20
-69.9754759999995
 30
0.0
 11
169.27169599999908
 21
-69.97699999999949
 31
0.0
  0
LINE
  5
22D
330
17
100
AcDbEntity
  8
0
100
AcDbLine
 10
169.27169599999908
 20
-69.97699999999949
 30
0.0
 11
168.68597199999905
 21
-69.97852399999948
 31
0.0
  0
LINE
  5
22E
330
17
100
AcDbEntity
  8
0
100
AcDbLine
 10
168.68597199999905
 20
-69.97852399999948
 30
0.0
 11
168.10024799999906
 21
-69.98004799999948
 31
0.0
  0
LINE
  5
22F
330
17
100
AcDbEntity
  8
0
100
AcDbLine
 10
168.10024799999906
 20
-69.98004799999948
 30
0.0
 11
168.14596799999904
 21
-70.03211799999947
 31
0.0
  0
LINE
  5
230
330
17
100
AcDbEntity
  8
0
100
AcDbLine
 10
168.14596799999904
 20
-70.03211799999947
 30
0.0
 11
168.19067199999904
 21
-70.08596599999947
 31
0.0
  0
LINE
  5
231
330
17
100
AcDbEntity
  8
0
100
AcDbLine
 10
168.19067199999904
 20
-70.08596599999947
 30
0.0
 11
168.23461399999906
 21
-70.14133799999948
 31
0.0
  0
LINE
  5
232
330
17
100
AcDbEntity
  8
0
100
AcDbLine
 10
168.23461399999906
 20
-70.14133799999948
 30
0.0
 11
168.27779399999903
 21
-70.19823399999947
 31
0.0
  0
LINE
  5
233
330
17
100
AcDbEntity
  8
0
100
AcDbLine
 10
168.27779399999903
 20
-70.19823399999947
 30
0.0
 11
168.31995799999905
 21
-70.25665399999949
 31
0.0
  0
LINE
  5
234
330
17
100
AcDbEntity
  8
0
100
AcDbLine
 10
168.31995799999905
 20
-70.25665399999949
 30
0.0
 11
168.36110599999907
 21
-70.31659799999947
 31
0.0
  0
LINE
  5
235
330
17
100
AcDbEntity
  8
0
100
AcDbLine
 10
168.36110599999907
 20
-70.31659799999947
 30
0.0
 11
168.40149199999905
 21
-70.37806599999948
 31
0.0
  0
LINE
  5
236
330
17
100
AcDbEntity
  8
0
100
AcDbLine
 10
168.40149199999905
 20
-70.37806599999948
 30
0.0
 11
168.44086199999904
 21
-70.44080399999949
 31
0.0
  0
LINE
  5
237
330
17
100
AcDbEntity
  8
0
100
AcDbLine
 10
168.44086199999904
 20
-70.44080399999949
 30
0.0
 11
168.47921599999904
 21
-70.50506599999949
 31
0.0
  0
LINE
  5
238
330
17
100
AcDbEntity
  8
0
100
AcDbLine
 10
168.47921599999904
 20
-70.50506599999949
 30
0.0
 11
168.51655399999905
 21
-70.57059799999948
 31
0.0
  0
LINE
  5
239
330
17
100
AcDbEntity
  8
0
100
AcDbLine
 10
168.51655399999905
 20
-70.57059799999948
 30
0.0
 11
168.55287599999906
 21
-70.63739999999947
 31
0.0
  0
LINE
  5
23A
330
17
100
AcDbEntity
  8
0
100
AcDbLine
 10
168.55287599999906
 20
-70.63739999999947
 30
0.0
 11
168.58818199999905
 21
-70.70547199999946
 31
0.0
  0
LINE
  5
23B
330
17
100
AcDbEntity
  8
0
100
AcDbLine
 10
168.58818199999905
 20
-70.70547199999946
 30
0.0
 11
168.62247199999905
 21
-70.77481399999947
 31
0.0
  0
LINE
  5
23C
330
17
100
AcDbEntity
  8
0
100
AcDbLine
 10
168.62247199999905
 20
-70.77481399999947
 30
0.0
 11
168.65574599999906
 21
-70.84542599999948
 31
0.0
  0
LINE
  5
23D
330
17
100
AcDbEntity
  8
0
100
AcDbLine
 10
168.65574599999906
 20
-70.84542599999948
 30
0.0
 11
168.68774999999906
 21
-70.91705399999947
 31
0.0
  0
LINE
  5
23E
330
17
100
AcDbEntity
  8
0
100
AcDbLine
 10
168.68774999999906
 20
-70.91705399999947
 30
0.0
 11
168.71873799999904
 21
-70.98969799999948
 31
0.0
  0
LINE
  5
23F
330
17
100
AcDbEntity
  8
0
100
AcDbLine
 10
168.71873799999904
 20
-70.98969799999948
 30
0.0
 11
168.74845599999904
 21
-71.06361199999947
 31
0.0
  0
LINE
  5
240
330
17
100
AcDbEntity
  8
0
100
AcDbLine
 10
168.74845599999904
 20
-71.06361199999947
 30
0.0
 11
168.77715799999905
 21
-71.13854199999948
 31
0.0
  0
LINE
  5
241
330
17
100
AcDbEntity
  8
0
100
AcDbLine
 10
168.77715799999905
 20
-71.13854199999948
 30
0.0
 11
168.80458999999902
 21
-71.21448799999948
 31
0.0
  0
LINE
  5
242
330
17
100
AcDbEntity
  8
0
100
AcDbLine
 10
168.80458999999902
 20
-71.21448799999948
 30
0.0
 11
168.83100599999904
 21
-71.29119599999947
 31
0.0
  0
LINE
  5
243
330
17
100
AcDbEntity
  8
0
100
AcDbLine
 10
168.83100599999904
 20
-71.29119599999947
 30
0.0
 11
168.85615199999904
 21
-71.36891999999948
 31
0.0
  0
LINE
  5
244
330
17
100
AcDbEntity
  8
0
100
AcDbLine
 10
168.85615199999904
 20
-71.36891999999948
 30
0.0
 11
168.88002799999907
 21
-71.44765999999947
 31
0.0
  0
LINE
  5
245
330
17
100
AcDbEntity
  8
0
100
AcDbLine
 10
168.88002799999907
 20
-71.44765999999947
 30
0.0
 11
168.90263399999907
 21
-71.52716199999946
 31
0.0
  0
LINE
  5
246
330
17
100
AcDbEntity
  8
0
100
AcDbLine
 10
168.90263399999907
 20
-71.52716199999946
 30
0.0
 11
168.92396999999906
 21
-71.60742599999946
 31
0.0
  0
LINE
  5
247
330
17
100
AcDbEntity
  8
0
100
AcDbLine
 10
168.92396999999906
 20
-71.60742599999946
 30
0.0
 11
168.94403599999904
 21
-71.68845199999947
 31
0.0
  0
LINE
  5
248
330
17
100
AcDbEntity
  8
0
100
AcDbLine
 10
168.94403599999904
 20
-71.68845199999947
 30
0.0
 11
168.96257799999904
 21
-71.77023999999946
 31
0.0
  0
LINE
  5
249
330
17
100
AcDbEntity
  8
0
100
AcDbLine
 10
168.96257799999904
 20
-71.77023999999946
 30
0.0
 11
168.97984999999903
 21
-71.85278999999946
 31
0.0
  0
LINE
  5
24A
330
17
100
AcDbEntity
  8
0
100
AcDbLine
 10
168.97984999999903
 20
-71.85278999999946
 30
0.0
 11
168.99585199999905
 21
-71.93584799999947
 31
0.0
  0
LINE
  5
24B
330
17
100
AcDbEntity
  8
0
100
AcDbLine
 10
168.99585199999905
 20
-71.93584799999947
 30
0.0
 11
169.01032999999904
 21
-72.01966799999946
 31
0.0
  0
LINE
  5
24C
330
17
100
AcDbEntity
  8
0
100
AcDbLine
 10
169.01032999999904
 20
-72.01966799999946
 30
0.0
 11
169.02353799999906
 21
-72.10399599999946
 31
0.0
  0
LINE
  5
24D
330
17
100
AcDbEntity
  8
0
100
AcDbLine
 10
169.02353799999906
 20
-72.10399599999946
 30
0.0
 11
169.03522199999907
 21
-72.18883199999946
 31
0.0
  0
LINE
  5
24E
330
17
100
AcDbEntity
  8
0
100
AcDbLine
 10
169.03522199999907
 20
-72.18883199999946
 30
0.0
 11
169.04563599999906
 21
-72.27417599999946
 31
0.0
  0
LINE
  5
24F
330
17
100
AcDbEntity
  8
0
100
AcDbLine
 10
169.04563599999906
 20
-72.27417599999946
 30
0.0
 11
169.05452599999907
 21
-72.36002799999947
 31
0.0
  0
LINE
  5
250
330
17
100
AcDbEntity
  8
0
100
AcDbLine
 10
169.05452599999907
 20
-72.36002799999947
 30
0.0
 11
169.06189199999906
 21
-72.44638799999946
 31
0.0
  0
LINE
  5
251
330
17
100
AcDbEntity
  8
0
100
AcDbLine
 10
169.06189199999906
 20
-72.44638799999946
 30
0.0
 11
169.06773399999906
 21
-72.53300199999947
 31
0.0
  0
LINE
  5
252
330
17
100
AcDbEntity
  8
0
100
AcDbLine
 10
169.06773399999906
 20
-72.53300199999947
 30
0.0
 11
169.07205199999908
 21
-72.61986999999947
 31
0.0
  0
LINE
  5
253
330
17
100
AcDbEntity
  8
0
100
AcDbLine
 10
169.07205199999908
 20
-72.61986999999947
 30
0.0
 11
169.07484599999907
 21
-72.70724599999946
 31
0.0
  0
LINE
  5
254
330
17
100
AcDbEntity
  8
0
100
AcDbLine
 10
169.07484599999907
 20
-72.70724599999946
 30
0.0
 11
169.07611599999908
 21
-72.79487599999946
 31
0.0
  0
LINE
  5
255
330
17
100
AcDbEntity
  8
0
100
AcDbLine
 10
169.07611599999908
 20
-72.79487599999946
 30
0.0
 11
169.07560799999908
 21
-72.88275999999946
 31
0.0
  0
LINE
  5
256
330
17
100
AcDbEntity
  8
0
100
AcDbLine
 10
169.07560799999908
 20
-72.88275999999946
 30
0.0
 11
169.0735759999991
 21
-72.97064399999947
 31
0.0
  0
LINE
  5
257
330
17
100
AcDbEntity
  8
0
100
AcDbLine
 10
169.0735759999991
 20
-72.97064399999947
 30
0.0
 11
169.0700199999991
 21
-73.05878199999947
 31
0.0
  0
LINE
  5
258
330
17
100
AcDbEntity
  8
0
100
AcDbLine
 10
169.0700199999991
 20
-73.05878199999947
 30
0.0
 11
169.06468599999909
 21
-73.14717399999947
 31
0.0
  0
LINE
  5
259
330
17
100
AcDbEntity
  8
0
100
AcDbLine
 10
169.06468599999909
 20
-73.14717399999947
 30
0.0
 11
169.05782799999906
 21
-73.23556599999947
 31
0.0
  0
LINE
  5
25A
330
17
100
AcDbEntity
  8
0
100
AcDbLine
 10
169.05782799999906
 20
-73.23556599999947
 30
0.0
 11
169.04919199999907
 21
-73.32395799999948
 31
0.0
  0
LINE
  5
25B
330
17
100
AcDbEntity
  8
0
100
AcDbLine
 10
169.04919199999907
 20
-73.32395799999948
 30
0.0
 11
169.03877799999907
 21
-73.41234999999948
 31
0.0
  0
LINE
  5
25C
330
17
100
AcDbEntity
  8
0
100
AcDbLine
 10
169.03877799999907
 20
-73.41234999999948
 30
0.0
 11
169.02658599999907
 21
-73.50074199999948
 31
0.0
  0
LINE
  5
25D
330
17
100
AcDbEntity
  8
0
100
AcDbLine
 10
169.02658599999907
 20
-73.50074199999948
 30
0.0
 11
169.01261599999907
 21
-73.58913399999948
 31
0.0
  0
LINE
  5
25E
330
17
100
AcDbEntity
  8
0
100
AcDbLine
 10
169.01261599999907
 20
-73.58913399999948
 30
0.0
 11
168.99686799999907
 21
-73.67727199999948
 31
0.0
  0
LINE
  5
25F
330
17
100
AcDbEntity
  8
0
100
AcDbLine
 10
168.99686799999907
 20
-73.67727199999948
 30
0.0
 11
168.9793419999991
 21
-73.76540999999948
 31
0.0
  0
LINE
  5
260
330
17
100
AcDbEntity
  8
0
100
AcDbLine
 10
168.9793419999991
 20
-73.76540999999948
 30
0.0
 11
168.9600379999991
 21
-73.85329399999948
 31
0.0
  0
LINE
  5
261
330
17
100
AcDbEntity
  8
0
100
AcDbLine
 10
168.9600379999991
 20
-73.85329399999948
 30
0.0
 11
168.93895599999908
 21
-73.94092399999948
 31
0.0
  0
LINE
  5
262
330
17
100
AcDbEntity
  8
0
100
AcDbLine
 10
168.93895599999908
 20
-73.94092399999948
 30
0.0
 11
168.91609599999907
 21
-74.02829999999948
 31
0.0
  0
LINE
  5
263
330
17
100
AcDbEntity
  8
0
100
AcDbLine
 10
168.91609599999907
 20
-74.02829999999948
 30
0.0
 11
168.89120399999908
 21
-74.11542199999948
 31
0.0
  0
LINE
  5
264
330
17
100
AcDbEntity
  8
0
100
AcDbLine
 10
168.89120399999908
 20
-74.11542199999948
 30
0.0
 11
168.86453399999908
 21
-74.20228999999948
 31
0.0
  0
LINE
  5
265
330
17
100
AcDbEntity
  8
0
100
AcDbLine
 10
168.86453399999908
 20
-74.20228999999948
 30
0.0
 11
168.83583199999907
 21
-74.28864999999948
 31
0.0
  0
LINE
  5
266
330
17
100
AcDbEntity
  8
0
100
AcDbLine
 10
168.83583199999907
 20
-74.28864999999948
 30
0.0
 11
168.80535199999906
 21
-74.37475599999948
 31
0.0
  0
LINE
  5
267
330
17
100
AcDbEntity
  8
0
100
AcDbLine
 10
168.80535199999906
 20
-74.37475599999948
 30
0.0
 11
168.77283999999906
 21
-74.46035399999947
 31
0.0
  0
LINE
  5
268
330
17
100
AcDbEntity
  8
0
100
AcDbLine
 10
168.77283999999906
 20
-74.46035399999947
 30
0.0
 11
168.73829599999905
 21
-74.54544399999946
 31
0.0
  0
LINE
  5
269
330
17
100
AcDbEntity
  8
0
100
AcDbLine
 10
168.73829599999905
 20
-74.54544399999946
 30
0.0
 11
168.70171999999906
 21
-74.63002599999948
 31
0.0
  0
LINE
  5
26A
330
17
100
AcDbEntity
  8
0
100
AcDbLine
 10
168.70171999999906
 20
-74.63002599999948
 30
0.0
 11
168.66311199999905
 21
-74.71409999999948
 31
0.0
  0
LINE
  5
26B
330
17
100
AcDbEntity
  8
0
100
AcDbLine
 10
168.66311199999905
 20
-74.71409999999948
 30
0.0
 11
168.62247199999905
 21
-74.79741199999947
 31
0.0
  0
LINE
  5
26C
330
17
100
AcDbEntity
  8
0
100
AcDbLine
 10
168.62247199999905
 20
-74.79741199999947
 30
0.0
 11
168.57979999999907
 21
-74.88021599999948
 31
0.0
  0
LINE
  5
26D
330
17
100
AcDbEntity
  8
0
100
AcDbLine
 10
168.57979999999907
 20
-74.88021599999948
 30
0.0
 11
168.53509599999904
 21
-74.96225799999947
 31
0.0
  0
LINE
  5
26E
330
17
100
AcDbEntity
  8
0
100
AcDbLine
 10
168.53509599999904
 20
-74.96225799999947
 30
0.0
 11
168.48835999999906
 21
-75.04353799999947
 31
0.0
  0
LINE
  5
26F
330
17
100
AcDbEntity
  8
0
100
AcDbLine
 10
168.48835999999906
 20
-75.04353799999947
 30
0.0
 11
169.57395599999907
 21
-75.25664399999947
 31
0.0
  0
LINE
  5
270
330
17
100
AcDbEntity
  8
0
100
AcDbLine
 10
169.57395599999907
 20
-75.25664399999947
 30
0.0
 11
170.60519599999904
 21
-75.48016399999946
 31
0.0
  0
LINE
  5
271
330
17
100
AcDbEntity
  8
0
100
AcDbLine
 10
170.60519599999904
 20
-75.48016399999946
 30
0.0
 11
171.58385799999903
 21
-75.71384399999947
 31
0.0
  0
LINE
  5
272
330
17
100
AcDbEntity
  8
0
100
AcDbLine
 10
171.58385799999903
 20
-75.71384399999947
 30
0.0
 11
172.51121199999903
 21
-75.95717599999948
 31
0.0
  0
LINE
  5
273
330
17
100
AcDbEntity
  8
0
100
AcDbLine
 10
172.51121199999903
 20
-75.95717599999948
 30
0.0
 11
173.38878199999903
 21
-76.20965199999948
 31
0.0
  0
LINE
  5
274
330
17
100
AcDbEntity
  8
0
100
AcDbLine
 10
173.38878199999903
 20
-76.20965199999948
 30
0.0
 11
174.21783799999903
 21
-76.47076399999949
 31
0.0
  0
LINE
  5
275
330
17
100
AcDbEntity
  8
0
100
AcDbLine
 10
174.21783799999903
 20
-76.47076399999949
 30
0.0
 11
174.99990399999902
 21
-76.74025799999949
 31
0.0
  0
LINE
  5
276
330
17
100
AcDbEntity
  8
0
100
AcDbLine
 10
174.99990399999902
 20
-76.74025799999949
 30
0.0
 11
175.736503999999
 21
-77.01762599999948
 31
0.0
  0
LINE
  5
277
330
17
100
AcDbEntity
  8
0
100
AcDbLine
 10
175.736503999999
 20
-77.01762599999948
 30
0.0
 11
176.429161999999
 21
-77.30261399999948
 31
0.0
  0
LINE
  5
278
330
17
100
AcDbEntity
  8
0
100
AcDbLine
 10
176.429161999999
 20
-77.30261399999948
 30
0.0
 11
177.079147999999
 21
-77.59445999999949
 31
0.0
  0
LINE
  5
279
330
17
100
AcDbEntity
  8
0
100
AcDbLine
 10
177.079147999999
 20
-77.59445999999949
 30
0.0
 11
177.687731999999
 21
-77.89290999999949
 31
0.0
  0
LINE
  5
27A
330
17
100
AcDbEntity
  8
0
100
AcDbLine
 10
177.687731999999
 20
-77.89290999999949
 30
0.0
 11
178.256691999999
 21
-78.19770999999949
 31
0.0
  0
LINE
  5
27B
330
17
100
AcDbEntity
  8
0
100
AcDbLine
 10
178.256691999999
 20
-78.19770999999949
 30
0.0
 11
178.787297999999
 21
-78.50809799999948
 31
0.0
  0
LINE
  5
27C
330
17
100
AcDbEntity
  8
0
100
AcDbLine
 10
178.787297999999
 20
-78.50809799999948
 30
0.0
 11
179.280819999999
 21
-78.82381999999947
 31
0.0
  0
LINE
  5
27D
330
17
100
AcDbEntity
  8
0
100
AcDbLine
 10
179.280819999999
 20
-78.82381999999947
 30
0.0
 11
179.739035999999
 21
-79.14436799999947
 31
0.0
  0
LINE
  5
27E
330
17
100
AcDbEntity
  8
0
100
AcDbLine
 10
179.739035999999
 20
-79.14436799999947
 30
0.0
 11
180.16321599999898
 21
-79.46923399999947
 31
0.0
  0
LINE
  5
27F
330
17
100
AcDbEntity
  8
0
100
AcDbLine
 10
180.16321599999898
 20
-79.46923399999947
 30
0.0
 11
180.554629999999
 21
-79.79816399999947
 31
0.0
  0
LINE
  5
280
330
17
100
AcDbEntity
  8
0
100
AcDbLine
 10
180.554629999999
 20
-79.79816399999947
 30
0.0
 11
180.915055999999
 21
-80.13064999999949
 31
0.0
  0
LINE
  5
281
330
17
100
AcDbEntity
  8
0
100
AcDbLine
 10
180.915055999999
 20
-80.13064999999949
 30
0.0
 11
181.245763999999
 21
-80.46618399999949
 31
0.0
  0
LINE
  5
282
330
17
100
AcDbEntity
  8
0
100
AcDbLine
 10
181.245763999999
 20
-80.46618399999949
 30
0.0
 11
181.548023999999
 21
-80.80451199999949
 31
0.0
  0
LINE
  5
283
330
17
100
AcDbEntity
  8
0
100
AcDbLine
 10
181.548023999999
 20
-80.80451199999949
 30
0.0
 11
181.82361399999903
 21
-81.1451259999995
 31
0.0
  0
LINE
  5
284
330
17
100
AcDbEntity
  8
0
100
AcDbLine
 10
181.82361399999903
 20
-81.1451259999995
 30
0.0
 11
182.07380399999903
 21
-81.4875179999995
 31
0.0
  0
LINE
  5
285
330
17
100
AcDbEntity
  8
0
100
AcDbLine
 10
182.07380399999903
 20
-81.4875179999995
 30
0.0
 11
182.29986399999902
 21
-81.8311799999995
 31
0.0
  0
LINE
  5
286
330
17
100
AcDbEntity
  8
0
100
AcDbLine
 10
182.29986399999902
 20
-81.8311799999995
 30
0.0
 11
182.50331799999904
 21
-82.17585799999951
 31
0.0
  0
LINE
  5
287
330
17
100
AcDbEntity
  8
0
100
AcDbLine
 10
182.50331799999904
 20
-82.17585799999951
 30
0.0
 11
182.68568999999903
 21
-82.5210439999995
 31
0.0
  0
LINE
  5
288
330
17
100
AcDbEntity
  8
0
100
AcDbLine
 10
182.68568999999903
 20
-82.5210439999995
 30
0.0
 11
182.84850399999902
 21
-82.86622999999949
 31
0.0
  0
LINE
  5
289
330
17
100
AcDbEntity
  8
0
100
AcDbLine
 10
182.84850399999902
 20
-82.86622999999949
 30
0.0
 11
182.993029999999
 21
-83.2111619999995
 31
0.0
  0
LINE
  5
28A
330
17
100
AcDbEntity
  8
0
100
AcDbLine
 10
182.993029999999
 20
-83.2111619999995
 30
0.0
 11
183.12079199999903
 21
-83.55533199999951
 31
0.0
  0
LINE
  5
28B
330
17
100
AcDbEntity
  8
0
100
AcDbLine
 10
183.12079199999903
 20
-83.55533199999951
 30
0.0
 11
183.23305999999903
 21
-83.89823199999951
 31
0.0
  0
LINE
  5
28C
330
17
100
AcDbEntity
  8
0
100
AcDbLine
 10
183.23305999999903
 20
-83.89823199999951
 30
0.0
 11
183.331611999999
 21
-84.23935399999951
 31
0.0
  0
LINE
  5
28D
330
17
100
AcDbEntity
  8
0
100
AcDbLine
 10
183.331611999999
 20
-84.23935399999951
 30
0.0
 11
183.41771799999904
 21
-84.57844399999951
 31
0.0
  0
LINE
  5
28E
330
17
100
AcDbEntity
  8
0
100
AcDbLine
 10
183.41771799999904
 20
-84.57844399999951
 30
0.0
 11
183.49264799999904
 21
-84.91499399999951
 31
0.0
  0
LINE
  5
28F
330
17
100
AcDbEntity
  8
0
100
AcDbLine
 10
183.49264799999904
 20
-84.91499399999951
 30
0.0
 11
183.55792599999901
 21
-85.2484959999995
 31
0.0
  0
LINE
  5
290
330
17
100
AcDbEntity
  8
0
100
AcDbLine
 10
183.55792599999901
 20
-85.2484959999995
 30
0.0
 11
183.61507599999902
 21
-85.57869599999951
 31
0.0
  0
LINE
  5
291
330
17
100
AcDbEntity
  8
0
100
AcDbLine
 10
183.61507599999902
 20
-85.57869599999951
 30
0.0
 11
183.665367999999
 21
-85.90508599999951
 31
0.0
  0
LINE
  5
292
330
17
100
AcDbEntity
  8
0
100
AcDbLine
 10
183.665367999999
 20
-85.90508599999951
 30
0.0
 11
183.71032599999901
 21
-86.2271579999995
 31
0.0
  0
LINE
  5
293
330
17
100
AcDbEntity
  8
0
100
AcDbLine
 10
183.71032599999901
 20
-86.2271579999995
 30
0.0
 11
183.75147399999904
 21
-86.54440399999952
 31
0.0
  0
LINE
  5
294
330
17
100
AcDbEntity
  8
0
100
AcDbLine
 10
183.75147399999904
 20
-86.54440399999952
 30
0.0
 11
183.79033599999903
 21
-86.85656999999951
 31
0.0
  0
LINE
  5
295
330
17
100
AcDbEntity
  8
0
100
AcDbLine
 10
183.79033599999903
 20
-86.85656999999951
 30
0.0
 11
183.82818199999903
 21
-87.16314799999951
 31
0.0
  0
LINE
  5
296
330
17
100
AcDbEntity
  8
0
100
AcDbLine
 10
183.82818199999903
 20
-87.16314799999951
 30
0.0
 11
183.86653599999903
 21
-87.4636299999995
 31
0.0
  0
LINE
  5
297
330
17
100
AcDbEntity
  8
0
100
AcDbLine
 10
183.86653599999903
 20
-87.4636299999995
 30
0.0
 11
183.90666799999903
 21
-87.7577619999995
 31
0.0
  0
LINE
  5
298
330
17
100
AcDbEntity
  8
0
100
AcDbLine
 10
183.90666799999903
 20
-87.7577619999995
 30
0.0
 11
183.95010199999905
 21
-88.0450359999995
 31
0.0
  0
LINE
  5
299
330
17
100
AcDbEntity
  8
0
100
AcDbLine
 10
183.95010199999905
 20
-88.0450359999995
 30
0.0
 11
183.99836199999905
 21
-88.32494399999949
 31
0.0
  0
LINE
  5
29A
330
17
100
AcDbEntity
  8
0
100
AcDbLine
 10
183.99836199999905
 20
-88.32494399999949
 30
0.0
 11
184.05271799999906
 21
-88.5969779999995
 31
0.0
  0
LINE
  5
29B
330
17
100
AcDbEntity
  8
0
100
AcDbLine
 10
184.05271799999906
 20
-88.5969779999995
 30
0.0
 11
184.11469399999908
 21
-88.8608839999995
 31
0.0
  0
LINE
  5
29C
330
17
100
AcDbEntity
  8
0
100
AcDbLine
 10
184.11469399999908
 20
-88.8608839999995
 30
0.0
 11
184.18581399999906
 21
-89.1161539999995
 31
0.0
  0
LINE
  5
29D
330
17
100
AcDbEntity
  8
0
100
AcDbLine
 10
184.18581399999906
 20
-89.1161539999995
 30
0.0
 11
184.2673479999991
 21
-89.3622799999995
 31
0.0
  0
LINE
  5
29E
330
17
100
AcDbEntity
  8
0
100
AcDbLine
 10
184.2673479999991
 20
-89.3622799999995
 30
0.0
 11
184.36081999999908
 21
-89.5990079999995
 31
0.0
  0
LINE
  5
29F
330
17
100
AcDbEntity
  8
0
100
AcDbLine
 10
184.36081999999908
 20
-89.5990079999995
 30
0.0
 11
184.4677539999991
 21
-89.82582999999948
 31
0.0
  0
LINE
  5
2A0
330
17
100
AcDbEntity
  8
0
100
AcDbLine
 10
184.4677539999991
 20
-89.82582999999948
 30
0.0
 11
184.5894199999991
 21
-90.04223799999949
 31
0.0
  0
LINE
  5
2A1
330
17
100
AcDbEntity
  8
0
100
AcDbLine
 10
184.5894199999991
 20
-90.04223799999949
 30
0.0
 11
184.7273419999991
 21
-90.2477239999995
 31
0.0
  0
LINE
  5
2A2
330
17
100
AcDbEntity
  8
0
100
AcDbLine
 10
184.7273419999991
 20
-90.2477239999995
 30
0.0
 11
184.88278999999912
 21
-90.4420339999995
 31
0.0
  0
LINE
  5
2A3
330
17
100
AcDbEntity
  8
0
100
AcDbLine
 10
184.88278999999912
 20
-90.4420339999995
 30
0.0
 11
185.0575419999991
 21
-90.62465999999948
 31
0.0
  0
LINE
  5
2A4
330
17
100
AcDbEntity
  8
0
100
AcDbLine
 10
185.0575419999991
 20
-90.62465999999948
 30
0.0
 11
185.2528679999991
 21
-90.79509399999948
 31
0.0
  0
LINE
  5
2A5
330
17
100
AcDbEntity
  8
0
100
AcDbLine
 10
185.2528679999991
 20
-90.79509399999948
 30
0.0
 11
185.4700379999991
 21
-90.95308199999948
 31
0.0
  0
LINE
  5
2A6
330
17
100
AcDbEntity
  8
0
100
AcDbLine
 10
185.4700379999991
 20
-90.95308199999948
 30
0.0
 11
185.71057599999912
 21
-91.0981159999995
 31
0.0
  0
LINE
  5
2A7
330
17
100
AcDbEntity
  8
0
100
AcDbLine
 10
185.71057599999912
 20
-91.0981159999995
 30
0.0
 11
185.9760059999991
 21
-91.22968799999948
 31
0.0
  0
LINE
  5
2A8
330
17
100
AcDbEntity
  8
0
100
AcDbLine
 10
185.9760059999991
 20
-91.22968799999948
 30
0.0
 11
186.2678519999991
 21
-91.34754399999949
 31
0.0
  0
LINE
  5
2A9
330
17
100
AcDbEntity
  8
0
100
AcDbLine
 10
186.2678519999991
 20
-91.34754399999949
 30
0.0
 11
186.5873839999991
 21
-91.45092199999948
 31
0.0
  0
LINE
  5
2AA
330
17
100
AcDbEntity
  8
0
100
AcDbLine
 10
186.5873839999991
 20
-91.45092199999948
 30
0.0
 11
186.93612599999912
 21
-91.53956799999948
 31
0.0
  0
LINE
  5
2AB
330
17
100
AcDbEntity
  8
0
100
AcDbLine
 10
186.93612599999912
 20
-91.53956799999948
 30
0.0
 11
187.31534799999915
 21
-91.61322799999948
 31
0.0
  0
LINE
  5
2AC
330
17
100
AcDbEntity
  8
0
100
AcDbLine
 10
187.31534799999915
 20
-91.61322799999948
 30
0.0
 11
187.72682799999913
 21
-91.67113999999948
 31
0.0
  0
LINE
  5
2AD
330
17
100
AcDbEntity
  8
0
100
AcDbLine
 10
187.72682799999913
 20
-91.67113999999948
 30
0.0
 11
188.17158199999912
 21
-91.7130499999995
 31
0.0
  0
LINE
  5
2AE
330
17
100
AcDbEntity
  8
0
100
AcDbLine
 10
188.17158199999912
 20
-91.7130499999995
 30
0.0
 11
188.65138799999914
 21
-91.7384499999995
 31
0.0
  0
LINE
  5
2AF
330
17
100
AcDbEntity
  8
0
100
AcDbLine
 10
188.65138799999914
 20
-91.7384499999995
 30
0.0
 11
188.66713599999915
 21
-91.1588219999995
 31
0.0
  0
LINE
  5
2B0
330
17
100
AcDbEntity
  8
0
100
AcDbLine
 10
188.66713599999915
 20
-91.1588219999995
 30
0.0
 11
188.68796399999914
 21
-90.5967199999995
 31
0.0
  0
LINE
  5
2B1
330
17
100
AcDbEntity
  8
0
100
AcDbLine
 10
188.68796399999914
 20
-90.5967199999995
 30
0.0
 11
188.71361799999914
 21
-90.0518899999995
 31
0.0
  0
LINE
  5
2B2
330
17
100
AcDbEntity
  8
0
100
AcDbLine
 10
188.71361799999914
 20
-90.0518899999995
 30
0.0
 11
188.74409799999913
 21
-89.5240779999995
 31
0.0
  0
LINE
  5
2B3
330
17
100
AcDbEntity
  8
0
100
AcDbLine
 10
188.74409799999913
 20
-89.5240779999995
 30
0.0
 11
188.77940399999915
 21
-89.01277599999952
 31
0.0
  0
LINE
  5
2B4
330
17
100
AcDbEntity
  8
0
100
AcDbLine
 10
188.77940399999915
 20
-89.01277599999952
 30
0.0
 11
188.81928199999913
 21
-88.51798399999952
 31
0.0
  0
LINE
  5
2B5
330
17
100
AcDbEntity
  8
0
100
AcDbLine
 10
188.81928199999913
 20
-88.51798399999952
 30
0.0
 11
188.86373199999915
 21
-88.03944799999951
 31
0.0
  0
LINE
  5
2B6
330
17
100
AcDbEntity
  8
0
100
AcDbLine
 10
188.86373199999915
 20
-88.03944799999951
 30
0.0
 11
188.91249999999914
 21
-87.5769139999995
 31
0.0
  0
LINE
  5
2B7
330
17
100
AcDbEntity
  8
0
100
AcDbLine
 10
188.91249999999914
 20
-87.5769139999995
 30
0.0
 11
188.96558599999912
 21
-87.12987399999952
 31
0.0
  0
LINE
  5
2B8
330
17
100
AcDbEntity
  8
0
100
AcDbLine
 10
188.96558599999912
 20
-87.12987399999952
 30
0.0
 11
189.02273599999913
 21
-86.6983279999995
 31
0.0
  0
LINE
  5
2B9
330
17
100
AcDbEntity
  8
0
100
AcDbLine
 10
189.02273599999913
 20
-86.6983279999995
 30
0.0
 11
189.08394999999913
 21
-86.2820219999995
 31
0.0
  0
LINE
  5
2BA
330
17
100
AcDbEntity
  8
0
100
AcDbLine
 10
189.08394999999913
 20
-86.2820219999995
 30
0.0
 11
189.14897399999913
 21
-85.88070199999952
 31
0.0
  0
LINE
  5
2BB
330
17
100
AcDbEntity
  8
0
100
AcDbLine
 10
189.14897399999913
 20
-85.88070199999952
 30
0.0
 11
189.2178079999991
 21
-85.4938599999995
 31
0.0
  0
LINE
  5
2BC
330
17
100
AcDbEntity
  8
0
100
AcDbLine
 10
189.2178079999991
 20
-85.4938599999995
 30
0.0
 11
189.2901979999991
 21
-85.1214959999995
 31
0.0
  0
LINE
  5
2BD
330
17
100
AcDbEntity
  8
0
100
AcDbLine
 10
189.2901979999991
 20
-85.1214959999995
 30
0.0
 11
189.36614399999908
 21
-84.7631019999995
 31
0.0
  0
LINE
  5
2BE
330
17
100
AcDbEntity
  8
0
100
AcDbLine
 10
189.36614399999908
 20
-84.7631019999995
 30
0.0
 11
189.4456459999991
 21
-84.4186779999995
 31
0.0
  0
LINE
  5
2BF
330
17
100
AcDbEntity
  8
0
100
AcDbLine
 10
189.4456459999991
 20
-84.4186779999995
 30
0.0
 11
189.52844999999908
 21
-84.0879699999995
 31
0.0
  0
LINE
  5
2C0
330
17
100
AcDbEntity
  8
0
100
AcDbLine
 10
189.52844999999908
 20
-84.0879699999995
 30
0.0
 11
189.6145559999991
 21
-83.77046999999949
 31
0.0
  0
LINE
  5
2C1
330
17
100
AcDbEntity
  8
0
100
AcDbLine
 10
189.6145559999991
 20
-83.77046999999949
 30
0.0
 11
189.70370999999912
 21
-83.4661779999995
 31
0.0
  0
LINE
  5
2C2
330
17
100
AcDbEntity
  8
0
100
AcDbLine
 10
189.70370999999912
 20
-83.4661779999995
 30
0.0
 11
189.7956579999991
 21
-83.1745859999995
 31
0.0
  0
LINE
  5
2C3
330
17
100
AcDbEntity
  8
0
100
AcDbLine
 10
189.7956579999991
 20
-83.1745859999995
 30
0.0
 11
189.8906539999991
 21
-82.8954399999995
 31
0.0
  0
LINE
  5
2C4
330
17
100
AcDbEntity
  8
0
100
AcDbLine
 10
189.8906539999991
 20
-82.8954399999995
 30
0.0
 11
189.98818999999912
 21
-82.6287399999995
 31
0.0
  0
LINE
  5
2C5
330
17
100
AcDbEntity
  8
0
100
AcDbLine
 10
189.98818999999912
 20
-82.6287399999995
 30
0.0
 11
190.0885199999991
 21
-82.3739779999995
 31
0.0
  0
LINE
  5
2C6
330
17
100
AcDbEntity
  8
0
100
AcDbLine
 10
190.0885199999991
 20
-82.3739779999995
 30
0.0
 11
190.19113599999912
 21
-82.1311539999995
 31
0.0
  0
LINE
  5
2C7
330
17
100
AcDbEntity
  8
0
100
AcDbLine
 10
190.19113599999912
 20
-82.1311539999995
 30
0.0
 11
190.2962919999991
 21
-81.89975999999949
 31
0.0
  0
LINE
  5
2C8
330
17
100
AcDbEntity
  8
0
100
AcDbLine
 10
190.2962919999991
 20
-81.89975999999949
 30
0.0
 11
190.4037339999991
 21
-81.67954199999949
 31
0.0
  0
LINE
  5
2C9
330
17
100
AcDbEntity
  8
0
100
AcDbLine
 10
190.4037339999991
 20
-81.67954199999949
 30
0.0
 11
190.5132079999991
 21
-81.47049999999949
 31
0.0
  0
LINE
  5
2CA
330
17
100
AcDbEntity
  8
0
100
AcDbLine
 10
190.5132079999991
 20
-81.47049999999949
 30
0.0
 11
190.6247139999991
 21
-81.27212599999949
 31
0.0
  0
LINE
  5
2CB
330
17
100
AcDbEntity
  8
0
100
AcDbLine
 10
190.6247139999991
 20
-81.27212599999949
 30
0.0
 11
190.7382519999991
 21
-81.0841659999995
 31
0.0
  0
LINE
  5
2CC
330
17
100
AcDbEntity
  8
0
100
AcDbLine
 10
190.7382519999991
 20
-81.0841659999995
 30
0.0
 11
190.8535679999991
 21
-80.9063659999995
 31
0.0
  0
LINE
  5
2CD
330
17
100
AcDbEntity
  8
0
100
AcDbLine
 10
190.8535679999991
 20
-80.9063659999995
 30
0.0
 11
190.9704079999991
 21
-80.73872599999949
 31
0.0
  0
LINE
  5
2CE
330
17
100
AcDbEntity
  8
0
100
AcDbLine
 10
190.9704079999991
 20
-80.73872599999949
 30
0.0
 11
191.0887719999991
 21
-80.58073799999949
 31
0.0
  0
LINE
  5
2CF
330
17
100
AcDbEntity
  8
0
100
AcDbLine
 10
191.0887719999991
 20
-80.58073799999949
 30
0.0
 11
191.2086599999991
 21
-80.43214799999949
 31
0.0
  0
LINE
  5
2D0
330
17
100
AcDbEntity
  8
0
100
AcDbLine
 10
191.2086599999991
 20
-80.43214799999949
 30
0.0
 11
191.32981799999908
 21
-80.2927019999995
 31
0.0
  0
LINE
  5
2D1
330
17
100
AcDbEntity
  8
0
100
AcDbLine
 10
191.32981799999908
 20
-80.2927019999995
 30
0.0
 11
191.4522459999991
 21
-80.1621459999995
 31
0.0
  0
LINE
  5
2D2
330
17
100
AcDbEntity
  8
0
100
AcDbLine
 10
191.4522459999991
 20
-80.1621459999995
 30
0.0
 11
191.57568999999907
 21
-80.04022599999949
 31
0.0
  0
LINE
  5
2D3
330
17
100
AcDbEntity
  8
0
100
AcDbLine
 10
191.57568999999907
 20
-80.04022599999949
 30
0.0
 11
191.7001499999991
 21
-79.92668799999949
 31
0.0
  0
LINE
  5
2D4
330
17
100
AcDbEntity
  8
0
100
AcDbLine
 10
191.7001499999991
 20
-79.92668799999949
 30
0.0
 11
191.8253719999991
 21
-79.82127799999948
 31
0.0
  0
LINE
  5
2D5
330
17
100
AcDbEntity
  8
0
100
AcDbLine
 10
191.8253719999991
 20
-79.82127799999948
 30
0.0
 11
191.9513559999991
 21
-79.72374199999948
 31
0.0
  0
LINE
  5
2D6
330
17
100
AcDbEntity
  8
0
100
AcDbLine
 10
191.9513559999991
 20
-79.72374199999948
 30
0.0
 11
192.0781019999991
 21
-79.63382599999949
 31
0.0
  0
LINE
  5
2D7
330
17
100
AcDbEntity
  8
0
100
AcDbLine
 10
192.0781019999991
 20
-79.63382599999949
 30
0.0
 11
192.20535599999909
 21
-79.55127599999949
 31
0.0
  0
LINE
  5
2D8
330
17
100
AcDbEntity
  8
0
100
AcDbLine
 10
192.20535599999909
 20
-79.55127599999949
 30
0.0
 11
192.3328639999991
 21
-79.47583799999948
 31
0.0
  0
LINE
  5
2D9
330
17
100
AcDbEntity
  8
0
100
AcDbLine
 10
192.3328639999991
 20
-79.47583799999948
 30
0.0
 11
192.46062599999908
 21
-79.40725799999949
 31
0.0
  0
LINE
  5
2DA
330
17
100
AcDbEntity
  8
0
100
AcDbLine
 10
192.46062599999908
 20
-79.40725799999949
 30
0.0
 11
192.58864199999908
 21
-79.34528199999947
 31
0.0
  0
LINE
  5
2DB
330
17
100
AcDbEntity
  8
0
100
AcDbLine
 10
192.58864199999908
 20
-79.34528199999947
 30
0.0
 11
192.71665799999911
 21
-79.28965599999948
 31
0.0
  0
LINE
  5
2DC
330
17
100
AcDbEntity
  8
0
100
AcDbLine
 10
192.71665799999911
 20
-79.28965599999948
 30
0.0
 11
192.84467399999912
 21
-79.23987199999947
 31
0.0
  0
LINE
  5
2DD
330
17
100
AcDbEntity
  8
0
100
AcDbLine
 10
192.84467399999912
 20
-79.23987199999947
 30
0.0
 11
192.9724359999991
 21
-79.19592999999946
 31
0.0
  0
LINE
  5
2DE
330
17
100
AcDbEntity
  8
0
100
AcDbLine
 10
192.9724359999991
 20
-79.19592999999946
 30
0.0
 11
193.0999439999991
 21
-79.15757599999947
 31
0.0
  0
LINE
  5
2DF
330
17
100
AcDbEntity
  8
0
100
AcDbLine
 10
193.0999439999991
 20
-79.15757599999947
 30
0.0
 11
193.2269439999991
 21
-79.12455599999947
 31
0.0
  0
LINE
  5
2E0
330
17
100
AcDbEntity
  8
0
100
AcDbLine
 10
193.2269439999991
 20
-79.12455599999947
 30
0.0
 11
193.3534359999991
 21
-79.09636199999947
 31
0.0
  0
LINE
  5
2E1
330
17
100
AcDbEntity
  8
0
100
AcDbLine
 10
193.3534359999991
 20
-79.09636199999947
 30
0.0
 11
193.4791659999991
 21
-79.07299399999948
 31
0.0
  0
LINE
  5
2E2
330
17
100
AcDbEntity
  8
0
100
AcDbLine
 10
193.4791659999991
 20
-79.07299399999948
 30
0.0
 11
193.6041339999991
 21
-79.05419799999947
 31
0.0
  0
LINE
  5
2E3
330
17
100
AcDbEntity
  8
0
100
AcDbLine
 10
193.6041339999991
 20
-79.05419799999947
 30
0.0
 11
193.72833999999912
 21
-79.03946599999948
 31
0.0
  0
LINE
  5
2E4
330
17
100
AcDbEntity
  8
0
100
AcDbLine
 10
193.72833999999912
 20
-79.03946599999948
 30
0.0
 11
193.85152999999912
 21
-79.02879799999948
 31
0.0
  0
LINE
  5
2E5
330
17
100
AcDbEntity
  8
0
100
AcDbLine
 10
193.85152999999912
 20
-79.02879799999948
 30
0.0
 11
193.97344999999913
 21
-79.02193999999949
 31
0.0
  0
LINE
  5
2E6
330
17
100
AcDbEntity
  8
0
100
AcDbLine
 10
193.97344999999913
 20
-79.02193999999949
 30
0.0
 11
194.09409999999914
 21
-79.01838399999949
 31
0.0
  0
LINE
  5
2E7
330
17
100
AcDbEntity
  8
0
100
AcDbLine
 10
194.09409999999914
 20
-79.01838399999949
 30
0.0
 11
194.21347999999915
 21
-79.01812999999949
 31
0.0
  0
LINE
  5
2E8
330
17
100
AcDbEntity
  8
0
100
AcDbLine
 10
194.21347999999915
 20
-79.01812999999949
 30
0.0
 11
194.33133599999914
 21
-79.02066999999948
 31
0.0
  0
LINE
  5
2E9
330
17
100
AcDbEntity
  8
0
100
AcDbLine
 10
194.33133599999914
 20
-79.02066999999948
 30
0.0
 11
194.44766799999914
 21
-79.02600399999949
 31
0.0
  0
LINE
  5
2EA
330
17
100
AcDbEntity
  8
0
100
AcDbLine
 10
194.44766799999914
 20
-79.02600399999949
 30
0.0
 11
194.56222199999914
 21
-79.03362399999948
 31
0.0
  0
LINE
  5
2EB
330
17
100
AcDbEntity
  8
0
100
AcDbLine
 10
194.56222199999914
 20
-79.03362399999948
 30
0.0
 11
194.67499799999914
 21
-79.04352999999948
 31
0.0
  0
LINE
  5
2EC
330
17
100
AcDbEntity
  8
0
100
AcDbLine
 10
194.67499799999914
 20
-79.04352999999948
 30
0.0
 11
194.78574199999915
 21
-79.05521399999948
 31
0.0
  0
LINE
  5
2ED
330
17
100
AcDbEntity
  8
0
100
AcDbLine
 10
194.78574199999915
 20
-79.05521399999948
 30
0.0
 11
194.89445399999914
 21
-79.06842199999949
 31
0.0
  0
LINE
  5
2EE
330
17
100
AcDbEntity
  8
0
100
AcDbLine
 10
194.89445399999914
 20
-79.06842199999949
 30
0.0
 11
195.00087999999914
 21
-79.08315399999948
 31
0.0
  0
LINE
  5
2EF
330
17
100
AcDbEntity
  8
0
100
AcDbLine
 10
195.00087999999914
 20
-79.08315399999948
 30
0.0
 11
195.46493799999914
 21
-79.08518599999948
 31
0.0
  0
LINE
  5
2F0
330
17
100
AcDbEntity
  8
0
100
AcDbLine
 10
195.46493799999914
 20
-79.08518599999948
 30
0.0
 11
195.97217599999914
 21
-79.08721799999947
 31
0.0
  0
LINE
  5
2F1
330
17
100
AcDbEntity
  8
0
100
AcDbLine
 10
195.97217599999914
 20
-79.08721799999947
 30
0.0
 11
196.52106999999913
 21
-79.08950399999948
 31
0.0
  0
LINE
  5
2F2
330
17
100
AcDbEntity
  8
0
100
AcDbLine
 10
196.52106999999913
 20
-79.08950399999948
 30
0.0
 11
197.11009599999912
 21
-79.09204399999948
 31
0.0
  0
LINE
  5
2F3
330
17
100
AcDbEntity
  8
0
100
AcDbLine
 10
197.11009599999912
 20
-79.09204399999948
 30
0.0
 11
197.73772999999912
 21
-79.09483799999948
 31
0.0
  0
LINE
  5
2F4
330
17
100
AcDbEntity
  8
0
100
AcDbLine
 10
197.73772999999912
 20
-79.09483799999948
 30
0.0
 11
198.4024479999991
 21
-79.09763199999948
 31
0.0
  0
LINE
  5
2F5
330
17
100
AcDbEntity
  8
0
100
AcDbLine
 10
198.4024479999991
 20
-79.09763199999948
 30
0.0
 11
199.10272599999908
 21
-79.10067999999949
 31
0.0
  0
LINE
  5
2F6
330
17
100
AcDbEntity
  8
0
100
AcDbLine
 10
199.10272599999908
 20
-79.10067999999949
 30
0.0
 11
199.8372939999991
 21
-79.10372799999949
 31
0.0
  0
LINE
  5
2F7
330
17
100
AcDbEntity
  8
0
100
AcDbLine
 10
199.8372939999991
 20
-79.10372799999949
 30
0.0
 11
200.6043739999991
 21
-79.10702999999948
 31
0.0
  0
LINE
  5
2F8
330
17
100
AcDbEntity
  8
0
100
AcDbLine
 10
200.6043739999991
 20
-79.10702999999948
 30
0.0
 11
201.4026959999991
 21
-79.11033199999947
 31
0.0
  0
LINE
  5
2F9
330
17
100
AcDbEntity
  8
0
100
AcDbLine
 10
201.4026959999991
 20
-79.11033199999947
 30
0.0
 11
202.2307359999991
 21
-79.11388799999948
 31
0.0
  0
LINE
  5
2FA
330
17
100
AcDbEntity
  8
0
100
AcDbLine
 10
202.2307359999991
 20
-79.11388799999948
 30
0.0
 11
203.0869699999991
 21
-79.11744399999948
 31
0.0
  0
LINE
  5
2FB
330
17
100
AcDbEntity
  8
0
100
AcDbLine
 10
203.0869699999991
 20
-79.11744399999948
 30
0.0
 11
203.9698739999991
 21
-79.12125399999948
 31
0.0
  0
LINE
  5
2FC
330
17
100
AcDbEntity
  8
0
100
AcDbLine
 10
203.9698739999991
 20
-79.12125399999948
 30
0.0
 11
204.8779239999991
 21
-79.12506399999947
 31
0.0
  0
LINE
  5
2FD
330
17
100
AcDbEntity
  8
0
100
AcDbLine
 10
204.8779239999991
 20
-79.12506399999947
 30
0.0
 11
205.80959599999912
 21
-79.12912799999948
 31
0.0
  0
LINE
  5
2FE
330
17
100
AcDbEntity
  8
0
100
AcDbLine
 10
205.80959599999912
 20
-79.12912799999948
 30
0.0
 11
206.7636199999991
 21
-79.13319199999948
 31
0.0
  0
LINE
  5
2FF
330
17
100
AcDbEntity
  8
0
100
AcDbLine
 10
206.7636199999991
 20
-79.13319199999948
 30
0.0
 11
207.7382179999991
 21
-79.13725599999948
 31
0.0
  0
LINE
  5
300
330
17
100
AcDbEntity
  8
0
100
AcDbLine
 10
207.7382179999991
 20
-79.13725599999948
 30
0.0
 11
208.7321199999991
 21
-79.14157399999948
 31
0.0
  0
LINE
  5
301
330
17
100
AcDbEntity
  8
0
100
AcDbLine
 10
208.7321199999991
 20
-79.14157399999948
 30
0.0
 11
209.7435479999991
 21
-79.14589199999948
 31
0.0
  0
LINE
  5
302
330
17
100
AcDbEntity
  8
0
100
AcDbLine
 10
209.7435479999991
 20
-79.14589199999948
 30
0.0
 11
210.77123199999912
 21
-79.15020999999949
 31
0.0
  0
LINE
  5
303
330
17
100
AcDbEntity
  8
0
100
AcDbLine
 10
210.77123199999912
 20
-79.15020999999949
 30
0.0
 11
211.81364799999912
 21
-79.15452799999949
 31
0.0
  0
LINE
  5
304
330
17
100
AcDbEntity
  8
0
100
AcDbLine
 10
211.81364799999912
 20
-79.15452799999949
 30
0.0
 11
212.8692719999991
 21
-79.15909999999947
 31
0.0
  0
LINE
  5
305
330
17
100
AcDbEntity
  8
0
100
AcDbLine
 10
212.8692719999991
 20
-79.15909999999947
 30
0.0
 11
213.9365799999991
 21
-79.16367199999947
 31
0.0
  0
LINE
  5
306
330
17
100
AcDbEntity
  8
0
100
AcDbLine
 10
213.9365799999991
 20
-79.16367199999947
 30
0.0
 11
215.0143019999991
 21
-79.16824399999946
 31
0.0
  0
LINE
  5
307
330
17
100
AcDbEntity
  8
0
100
AcDbLine
 10
215.0143019999991
 20
-79.16824399999946
 30
0.0
 11
216.10065999999912
 21
-79.17281599999946
 31
0.0
  0
LINE
  5
308
330
17
100
AcDbEntity
  8
0
100
AcDbLine
 10
216.10065999999912
 20
-79.17281599999946
 30
0.0
 11
217.19438399999913
 21
-79.17738799999945
 31
0.0
  0
LINE
  5
309
330
17
100
AcDbEntity
  8
0
100
AcDbLine
 10
217.19438399999913
 20
-79.17738799999945
 30
0.0
 11
218.29369599999913
 21
-79.18195999999944
 31
0.0
  0
LINE
  5
30A
330
17
100
AcDbEntity
  8
0
100
AcDbLine
 10
218.29369599999913
 20
-79.18195999999944
 30
0.0
 11
219.39732599999914
 21
-79.18678599999944
 31
0.0
  0
LINE
  5
30B
330
17
100
AcDbEntity
  8
0
100
AcDbLine
 10
219.39732599999914
 20
-79.18678599999944
 30
0.0
 11
220.50374999999914
 21
-79.19161199999944
 31
0.0
  0
LINE
  5
30C
330
17
100
AcDbEntity
  8
0
100
AcDbLine
 10
220.50374999999914
 20
-79.19161199999944
 30
0.0
 11
221.61144399999912
 21
-79.19643799999945
 31
0.0
  0
LINE
  5
30D
330
17
100
AcDbEntity
  8
0
100
AcDbLine
 10
221.61144399999912
 20
-79.19643799999945
 30
0.0
 11
222.71888399999915
 21
-79.20126399999944
 31
0.0
  0
LINE
  5
30E
330
17
100
AcDbEntity
  8
0
100
AcDbLine
 10
222.71888399999915
 20
-79.20126399999944
 30
0.0
 11
223.82454599999912
 21
-79.20608999999945
 31
0.0
  0
LINE
  5
30F
330
17
100
AcDbEntity
  8
0
100
AcDbLine
 10
223.82454599999912
 20
-79.20608999999945
 30
0.0
 11
224.92690599999912
 21
-79.21091599999944
 31
0.0
  0
LINE
  5
310
330
17
100
AcDbEntity
  8
0
100
AcDbLine
 10
224.92690599999912
 20
-79.21091599999944
 30
0.0
 11
226.02469399999913
 21
-79.21548799999944
 31
0.0
  0
LINE
  5
311
330
17
100
AcDbEntity
  8
0
100
AcDbLine
 10
226.02469399999913
 20
-79.21548799999944
 30
0.0
 11
227.11613199999914
 21
-79.22005999999944
 31
0.0
  0
LINE
  5
312
330
17
100
AcDbEntity
  8
0
100
AcDbLine
 10
227.11613199999914
 20
-79.22005999999944
 30
0.0
 11
228.19994999999915
 21
-79.22463199999943
 31
0.0
  0
LINE
  5
313
330
17
100
AcDbEntity
  8
0
100
AcDbLine
 10
228.19994999999915
 20
-79.22463199999943
 30
0.0
 11
229.27462399999916
 21
-79.22920399999943
 31
0.0
  0
LINE
  5
314
330
17
100
AcDbEntity
  8
0
100
AcDbLine
 10
229.27462399999916
 20
-79.22920399999943
 30
0.0
 11
230.33837599999916
 21
-79.23377599999941
 31
0.0
  0
LINE
  5
315
330
17
100
AcDbEntity
  8
0
100
AcDbLine
 10
230.33837599999916
 20
-79.23377599999941
 30
0.0
 11
231.38993599999915
 21
-79.2383479999994
 31
0.0
  0
LINE
  5
316
330
17
100
AcDbEntity
  8
0
100
AcDbLine
 10
231.38993599999915
 20
-79.2383479999994
 30
0.0
 11
232.42777999999916
 21
-79.2426659999994
 31
0.0
  0
LINE
  5
317
330
17
100
AcDbEntity
  8
0
100
AcDbLine
 10
232.42777999999916
 20
-79.2426659999994
 30
0.0
 11
233.45063799999917
 21
-79.2469839999994
 31
0.0
  0
LINE
  5
318
330
17
100
AcDbEntity
  8
0
100
AcDbLine
 10
233.45063799999917
 20
-79.2469839999994
 30
0.0
 11
234.45673199999916
 21
-79.2513019999994
 31
0.0
  0
LINE
  5
319
330
17
100
AcDbEntity
  8
0
100
AcDbLine
 10
234.45673199999916
 20
-79.2513019999994
 30
0.0
 11
235.44453799999917
 21
-79.2556199999994
 31
0.0
  0
LINE
  5
31A
330
17
100
AcDbEntity
  8
0
100
AcDbLine
 10
235.44453799999917
 20
-79.2556199999994
 30
0.0
 11
236.41278599999916
 21
-79.25968399999941
 31
0.0
  0
LINE
  5
31B
330
17
100
AcDbEntity
  8
0
100
AcDbLine
 10
236.41278599999916
 20
-79.25968399999941
 30
0.0
 11
237.35995199999917
 21
-79.26374799999941
 31
0.0
  0
LINE
  5
31C
330
17
100
AcDbEntity
  8
0
100
AcDbLine
 10
237.35995199999917
 20
-79.26374799999941
 30
0.0
 11
238.28425799999917
 21
-79.26781199999942
 31
0.0
  0
LINE
  5
31D
330
17
100
AcDbEntity
  8
0
100
AcDbLine
 10
238.28425799999917
 20
-79.26781199999942
 30
0.0
 11
239.1844339999992
 21
-79.27162199999941
 31
0.0
  0
LINE
  5
31E
330
17
100
AcDbEntity
  8
0
100
AcDbLine
 10
239.1844339999992
 20
-79.27162199999941
 30
0.0
 11
240.05895599999917
 21
-79.27543199999941
 31
0.0
  0
LINE
  5
31F
330
17
100
AcDbEntity
  8
0
100
AcDbLine
 10
240.05895599999917
 20
-79.27543199999941
 30
0.0
 11
240.9062999999992
 21
-79.27898799999942
 31
0.0
  0
LINE
  5
320
330
17
100
AcDbEntity
  8
0
100
AcDbLine
 10
240.9062999999992
 20
-79.27898799999942
 30
0.0
 11
241.7251959999992
 21
-79.28254399999942
 31
0.0
  0
LINE
  5
321
330
17
100
AcDbEntity
  8
0
100
AcDbLine
 10
241.7251959999992
 20
-79.28254399999942
 30
0.0
 11
242.51386599999918
 21
-79.28584599999941
 31
0.0
  0
LINE
  5
322
330
17
100
AcDbEntity
  8
0
100
AcDbLine
 10
242.51386599999918
 20
-79.28584599999941
 30
0.0
 11
243.2710399999992
 21
-79.2891479999994
 31
0.0
  0
LINE
  5
323
330
17
100
AcDbEntity
  8
0
100
AcDbLine
 10
243.2710399999992
 20
-79.2891479999994
 30
0.0
 11
243.9949399999992
 21
-79.29219599999941
 31
0.0
  0
LINE
  5
324
330
17
100
AcDbEntity
  8
0
100
AcDbLine
 10
243.9949399999992
 20
-79.29219599999941
 30
0.0
 11
244.68429599999922
 21
-79.2952439999994
 31
0.0
  0
LINE
  5
325
330
17
100
AcDbEntity
  8
0
100
AcDbLine
 10
244.68429599999922
 20
-79.2952439999994
 30
0.0
 11
245.33758399999923
 21
-79.29803799999941
 31
0.0
  0
LINE
  5
326
330
17
100
AcDbEntity
  8
0
100
AcDbLine
 10
245.33758399999923
 20
-79.29803799999941
 30
0.0
 11
245.9532799999992
 21
-79.3005779999994
 31
0.0
  0
LINE
  5
327
330
17
100
AcDbEntity
  8
0
100
AcDbLine
 10
245.9532799999992
 20
-79.3005779999994
 30
0.0
 11
246.5298599999992
 21
-79.3031179999994
 31
0.0
  0
LINE
  5
328
330
17
100
AcDbEntity
  8
0
100
AcDbLine
 10
246.5298599999992
 20
-79.3031179999994
 30
0.0
 11
247.0657999999992
 21
-79.30540399999941
 31
0.0
  0
LINE
  5
329
330
17
100
AcDbEntity
  8
0
100
AcDbLine
 10
247.0657999999992
 20
-79.30540399999941
 30
0.0
 11
247.5595759999992
 21
-79.3074359999994
 31
0.0
  0
LINE
  5
32A
330
17
100
AcDbEntity
  8
0
100
AcDbLine
 10
247.5595759999992
 20
-79.3074359999994
 30
0.0
 11
248.00966399999922
 21
-79.3094679999994
 31
0.0
  0
LINE
  5
32B
330
17
100
AcDbEntity
  8
0
100
AcDbLine
 10
248.00966399999922
 20
-79.3094679999994
 30
0.0
 11
248.4147939999992
 21
-79.3112459999994
 31
0.0
  0
LINE
  5
32C
330
17
100
AcDbEntity
  8
0
100
AcDbLine
 10
248.4147939999992
 20
-79.3112459999994
 30
0.0
 11
248.7731879999992
 21
-79.31276999999939
 31
0.0
  0
LINE
  5
32D
330
17
100
AcDbEntity
  8
0
100
AcDbLine
 10
248.7731879999992
 20
-79.31276999999939
 30
0.0
 11
249.0835759999992
 21
-79.3140399999994
 31
0.0
  0
LINE
  5
32E
330
17
100
AcDbEntity
  8
0
100
AcDbLine
 10
249.0835759999992
 20
-79.3140399999994
 30
0.0
 11
249.3444339999992
 21
-79.3150559999994
 31
0.0
  0
LINE
  5
32F
330
17
100
AcDbEntity
  8
0
100
AcDbLine
 10
249.3444339999992
 20
-79.3150559999994
 30
0.0
 11
249.3591659999992
 21
-79.3150559999994
 31
0.0
  0
LINE
  5
330
330
17
100
AcDbEntity
  8
0
100
AcDbLine
 10
249.3591659999992
 20
-79.3150559999994
 30
0.0
 11
249.37364399999922
 21
-79.3150559999994
 31
0.0
  0
LINE
  5
331
330
17
100
AcDbEntity
  8
0
100
AcDbLine
 10
249.37364399999922
 20
-79.3150559999994
 30
0.0
 11
249.38786799999923
 21
-79.3150559999994
 31
0.0
  0
LINE
  5
332
330
17
100
AcDbEntity
  8
0
100
AcDbLine
 10
249.38786799999923
 20
-79.3150559999994
 30
0.0
 11
249.4018379999992
 21
-79.3150559999994
 31
0.0
  0
LINE
  5
333
330
17
100
AcDbEntity
  8
0
100
AcDbLine
 10
249.4018379999992
 20
-79.3150559999994
 30
0.0
 11
249.4155539999992
 21
-79.3150559999994
 31
0.0
  0
LINE
  5
334
330
17
100
AcDbEntity
  8
0
100
AcDbLine
 10
249.4155539999992
 20
-79.3150559999994
 30
0.0
 11
249.4290159999992
 21
-79.3150559999994
 31
0.0
  0
LINE
  5
335
330
17
100
AcDbEntity
  8
0
100
AcDbLine
 10
249.4290159999992
 20
-79.3150559999994
 30
0.0
 11
249.44222399999921
 21
-79.3150559999994
 31
0.0
  0
LINE
  5
336
330
17
100
AcDbEntity
  8
0
100
AcDbLine
 10
249.44222399999921
 20
-79.3150559999994
 30
0.0
 11
249.45517799999922
 21
-79.3150559999994
 31
0.0
  0
LINE
  5
337
330
17
100
AcDbEntity
  8
0
100
AcDbLine
 10
249.45517799999922
 20
-79.3150559999994
 30
0.0
 11
249.46787799999922
 21
-79.3150559999994
 31
0.0
  0
LINE
  5
338
330
17
100
AcDbEntity
  8
0
100
AcDbLine
 10
249.46787799999922
 20
-79.3150559999994
 30
0.0
 11
249.4803239999992
 21
-79.3150559999994
 31
0.0
  0
LINE
  5
339
330
17
100
AcDbEntity
  8
0
100
AcDbLine
 10
249.4803239999992
 20
-79.3150559999994
 30
0.0
 11
249.49276999999918
 21
-79.3150559999994
 31
0.0
  0
LINE
  5
33A
330
17
100
AcDbEntity
  8
0
100
AcDbLine
 10
249.49276999999918
 20
-79.3150559999994
 30
0.0
 11
249.50496199999918
 21
-79.3150559999994
 31
0.0
  0
LINE
  5
33B
330
17
100
AcDbEntity
  8
0
100
AcDbLine
 10
249.50496199999918
 20
-79.3150559999994
 30
0.0
 11
249.5168999999992
 21
-79.3150559999994
 31
0.0
  0
LINE
  5
33C
330
17
100
AcDbEntity
  8
0
100
AcDbLine
 10
249.5168999999992
 20
-79.3150559999994
 30
0.0
 11
249.5285839999992
 21
-79.3150559999994
 31
0.0
  0
LINE
  5
33D
330
17
100
AcDbEntity
  8
0
100
AcDbLine
 10
249.5285839999992
 20
-79.3150559999994
 30
0.0
 11
249.5400139999992
 21
-79.3150559999994
 31
0.0
  0
LINE
  5
33E
330
17
100
AcDbEntity
  8
0
100
AcDbLine
 10
249.5400139999992
 20
-79.3150559999994
 30
0.0
 11
249.5511899999992
 21
-79.3150559999994
 31
0.0
  0
LINE
  5
33F
330
17
100
AcDbEntity
  8
0
100
AcDbLine
 10
249.5511899999992
 20
-79.3150559999994
 30
0.0
 11
249.5621119999992
 21
-79.3150559999994
 31
0.0
  0
LINE
  5
340
330
17
100
AcDbEntity
  8
0
100
AcDbLine
 10
249.5621119999992
 20
-79.3150559999994
 30
0.0
 11
249.5727799999992
 21
-79.3150559999994
 31
0.0
  0
LINE
  5
341
330
17
100
AcDbEntity
  8
0
100
AcDbLine
 10
249.5727799999992
 20
-79.3150559999994
 30
0.0
 11
249.5834479999992
 21
-79.3150559999994
 31
0.0
  0
LINE
  5
342
330
17
100
AcDbEntity
  8
0
100
AcDbLine
 10
249.5834479999992
 20
-79.3150559999994
 30
0.0
 11
249.59386199999923
 21
-79.3150559999994
 31
0.0
  0
LINE
  5
343
330
17
100
AcDbEntity
  8
0
100
AcDbLine
 10
249.59386199999923
 20
-79.3150559999994
 30
0.0
 11
249.60402199999922
 21
-79.3150559999994
 31
0.0
  0
LINE
  5
344
330
17
100
AcDbEntity
  8
0
100
AcDbLine
 10
249.60402199999922
 20
-79.3150559999994
 30
0.0
 11
249.61392799999922
 21
-79.3150559999994
 31
0.0
  0
LINE
  5
345
330
17
100
AcDbEntity
  8
0
100
AcDbLine
 10
249.61392799999922
 20
-79.3150559999994
 30
0.0
 11
249.6235799999992
 21
-79.3150559999994
 31
0.0
  0
LINE
  5
346
330
17
100
AcDbEntity
  8
0
100
AcDbLine
 10
249.6235799999992
 20
-79.3150559999994
 30
0.0
 11
249.63297799999924
 21
-79.3150559999994
 31
0.0
  0
LINE
  5
347
330
17
100
AcDbEntity
  8
0
100
AcDbLine
 10
249.63297799999924
 20
-79.3150559999994
 30
0.0
 11
249.64237599999925
 21
-79.3150559999994
 31
0.0
  0
LINE
  5
348
330
17
100
AcDbEntity
  8
0
100
AcDbLine
 10
249.64237599999925
 20
-79.3150559999994
 30
0.0
 11
249.6515199999992
 21
-79.3150559999994
 31
0.0
  0
LINE
  5
349
330
17
100
AcDbEntity
  8
0
100
AcDbLine
 10
249.6515199999992
 20
-79.3150559999994
 30
0.0
 11
249.66040999999922
 21
-79.3150559999994
 31
0.0
  0
LINE
  5
34A
330
17
100
AcDbEntity
  8
0
100
AcDbLine
 10
249.66040999999922
 20
-79.3150559999994
 30
0.0
 11
249.6690459999992
 21
-79.3150559999994
 31
0.0
  0
LINE
  5
34B
330
17
100
AcDbEntity
  8
0
100
AcDbLine
 10
249.6690459999992
 20
-79.3150559999994
 30
0.0
 11
249.67742799999922
 21
-79.3150559999994
 31
0.0
  0
LINE
  5
34C
330
17
100
AcDbEntity
  8
0
100
AcDbLine
 10
249.67742799999922
 20
-79.3150559999994
 30
0.0
 11
249.6858099999992
 21
-79.3150559999994
 31
0.0
  0
LINE
  5
34D
330
17
100
AcDbEntity
  8
0
100
AcDbLine
 10
249.6858099999992
 20
-79.3150559999994
 30
0.0
 11
249.69393799999924
 21
-79.3150559999994
 31
0.0
  0
LINE
  5
34E
330
17
100
AcDbEntity
  8
0
100
AcDbLine
 10
249.69393799999924
 20
-79.3150559999994
 30
0.0
 11
249.70181199999922
 21
-79.3150559999994
 31
0.0
  0
LINE
  5
34F
330
17
100
AcDbEntity
  8
0
100
AcDbLine
 10
249.70181199999922
 20
-79.3150559999994
 30
0.0
 11
249.7094319999992
 21
-79.3150559999994
 31
0.0
  0
LINE
  5
350
330
17
100
AcDbEntity
  8
0
100
AcDbLine
 10
249.7094319999992
 20
-79.3150559999994
 30
0.0
 11
249.7170519999992
 21
-79.3150559999994
 31
0.0
  0
LINE
  5
351
330
17
100
AcDbEntity
  8
0
100
AcDbLine
 10
249.7170519999992
 20
-79.3150559999994
 30
0.0
 11
249.7244179999992
 21
-79.3150559999994
 31
0.0
  0
LINE
  5
352
330
17
100
AcDbEntity
  8
0
100
AcDbLine
 10
249.7244179999992
 20
-79.3150559999994
 30
0.0
 11
249.7315299999992
 21
-79.3150559999994
 31
0.0
  0
LINE
  5
353
330
17
100
AcDbEntity
  8
0
100
AcDbLine
 10
249.7315299999992
 20
-79.3150559999994
 30
0.0
 11
249.73838799999922
 21
-79.3150559999994
 31
0.0
  0
LINE
  5
354
330
17
100
AcDbEntity
  8
0
100
AcDbLine
 10
249.73838799999922
 20
-79.3150559999994
 30
0.0
 11
249.74524599999924
 21
-79.3150559999994
 31
0.0
  0
LINE
  5
355
330
17
100
AcDbEntity
  8
0
100
AcDbLine
 10
249.74524599999924
 20
-79.3150559999994
 30
0.0
 11
249.75184999999922
 21
-79.3150559999994
 31
0.0
  0
LINE
  5
356
330
17
100
AcDbEntity
  8
0
100
AcDbLine
 10
249.75184999999922
 20
-79.3150559999994
 30
0.0
 11
249.75819999999922
 21
-79.3150559999994
 31
0.0
  0
LINE
  5
357
330
17
100
AcDbEntity
  8
0
100
AcDbLine
 10
249.75819999999922
 20
-79.3150559999994
 30
0.0
 11
249.7642959999992
 21
-79.3150559999994
 31
0.0
  0
LINE
  5
358
330
17
100
AcDbEntity
  8
0
100
AcDbLine
 10
249.7642959999992
 20
-79.3150559999994
 30
0.0
 11
249.77039199999922
 21
-79.3150559999994
 31
0.0
  0
LINE
  5
359
330
17
100
AcDbEntity
  8
0
100
AcDbLine
 10
249.77039199999922
 20
-79.3150559999994
 30
0.0
 11
249.77623399999922
 21
-79.3150559999994
 31
0.0
  0
LINE
  5
35A
330
17
100
AcDbEntity
  8
0
100
AcDbLine
 10
249.77623399999922
 20
-79.3150559999994
 30
0.0
 11
249.78182199999924
 21
-79.3150559999994
 31
0.0
  0
LINE
  5
35B
330
17
100
AcDbEntity
  8
0
100
AcDbLine
 10
249.78182199999924
 20
-79.3150559999994
 30
0.0
 11
249.78715599999921
 21
-79.3150559999994
 31
0.0
  0
LINE
  5
35C
330
17
100
AcDbEntity
  8
0
100
AcDbLine
 10
249.78715599999921
 20
-79.3150559999994
 30
0.0
 11
249.79248999999922
 21
-79.3150559999994
 31
0.0
  0
LINE
  5
35D
330
17
100
AcDbEntity
  8
0
100
AcDbLine
 10
249.79248999999922
 20
-79.3150559999994
 30
0.0
 11
249.7975699999992
 21
-79.3150559999994
 31
0.0
  0
LINE
  5
35E
330
17
100
AcDbEntity
  8
0
100
AcDbLine
 10
249.7975699999992
 20
-79.3150559999994
 30
0.0
 11
249.80239599999922
 21
-79.3150559999994
 31
0.0
  0
LINE
  5
35F
330
17
100
AcDbEntity
  8
0
100
AcDbLine
 10
249.80239599999922
 20
-79.3150559999994
 30
0.0
 11
249.8072219999992
 21
-79.3150559999994
 31
0.0
  0
LINE
  5
360
330
17
100
AcDbEntity
  8
0
100
AcDbLine
 10
249.8072219999992
 20
-79.3150559999994
 30
0.0
 11
249.81179399999922
 21
-79.3150559999994
 31
0.0
  0
LINE
  5
361
330
17
100
AcDbEntity
  8
0
100
AcDbLine
 10
249.81179399999922
 20
-79.3150559999994
 30
0.0
 11
249.81611199999924
 21
-79.3150559999994
 31
0.0
  0
LINE
  5
362
330
17
100
AcDbEntity
  8
0
100
AcDbLine
 10
249.81611199999924
 20
-79.3150559999994
 30
0.0
 11
249.8201759999992
 21
-79.3150559999994
 31
0.0
  0
LINE
  5
363
330
17
100
AcDbEntity
  8
0
100
AcDbLine
 10
249.8201759999992
 20
-79.3150559999994
 30
0.0
 11
249.8242399999992
 21
-79.3150559999994
 31
0.0
  0
LINE
  5
364
330
17
100
AcDbEntity
  8
0
100
AcDbLine
 10
249.8242399999992
 20
-79.3150559999994
 30
0.0
 11
249.8280499999992
 21
-79.3150559999994
 31
0.0
  0
LINE
  5
365
330
17
100
AcDbEntity
  8
0
100
AcDbLine
 10
249.8280499999992
 20
-79.3150559999994
 30
0.0
 11
249.8316059999992
 21
-79.3150559999994
 31
0.0
  0
LINE
  5
366
330
17
100
AcDbEntity
  8
0
100
AcDbLine
 10
249.8316059999992
 20
-79.3150559999994
 30
0.0
 11
249.8351619999992
 21
-79.3150559999994
 31
0.0
  0
LINE
  5
367
330
17
100
AcDbEntity
  8
0
100
AcDbLine
 10
249.8351619999992
 20
-79.3150559999994
 30
0.0
 11
249.83846399999922
 21
-79.3150559999994
 31
0.0
  0
LINE
  5
368
330
17
100
AcDbEntity
  8
0
100
AcDbLine
 10
249.83846399999922
 20
-79.3150559999994
 30
0.0
 11
249.84176599999924
 21
-79.3150559999994
 31
0.0
  0
LINE
  5
369
330
17
100
AcDbEntity
  8
0
100
AcDbLine
 10
249.84176599999924
 20
-79.3150559999994
 30
0.0
 11
249.84481399999922
 21
-79.3150559999994
 31
0.0
  0
LINE
  5
36A
330
17
100
AcDbEntity
  8
0
100
AcDbLine
 10
249.84481399999922
 20
-79.3150559999994
 30
0.0
 11
249.8476079999992
 21
-79.3150559999994
 31
0.0
  0
LINE
  5
36B
330
17
100
AcDbEntity
  8
0
100
AcDbLine
 10
249.8476079999992
 20
-79.3150559999994
 30
0.0
 11
249.8504019999992
 21
-79.3150559999994
 31
0.0
  0
LINE
  5
36C
330
17
100
AcDbEntity
  8
0
100
AcDbLine
 10
249.8504019999992
 20
-79.3150559999994
 30
0.0
 11
249.8529419999992
 21
-79.3150559999994
 31
0.0
  0
LINE
  5
36D
330
17
100
AcDbEntity
  8
0
100
AcDbLine
 10
249.8529419999992
 20
-79.3150559999994
 30
0.0
 11
249.8552279999992
 21
-79.3150559999994
 31
0.0
  0
LINE
  5
36E
330
17
100
AcDbEntity
  8
0
100
AcDbLine
 10
249.8552279999992
 20
-79.3150559999994
 30
0.0
 11
249.8575139999992
 21
-79.3150559999994
 31
0.0
  0
LINE
  5
36F
330
17
100
AcDbEntity
  8
0
100
AcDbLine
 10
249.8575139999992
 20
-79.3150559999994
 30
0.0
 11
249.9136479999992
 21
-79.3158179999994
 31
0.0
  0
LINE
  5
370
330
17
100
AcDbEntity
  8
0
100
AcDbLine
 10
249.9136479999992
 20
-79.3158179999994
 30
0.0
 11
249.9687659999992
 21
-79.30692799999939
 31
0.0
  0
LINE
  5
371
330
17
100
AcDbEntity
  8
0
100
AcDbLine
 10
249.9687659999992
 20
-79.30692799999939
 30
0.0
 11
250.0231219999992
 21
-79.28863999999939
 31
0.0
  0
LINE
  5
372
330
17
100
AcDbEntity
  8
0
100
AcDbLine
 10
250.0231219999992
 20
-79.28863999999939
 30
0.0
 11
250.07646199999922
 21
-79.26120799999939
 31
0.0
  0
LINE
  5
373
330
17
100
AcDbEntity
  8
0
100
AcDbLine
 10
250.07646199999922
 20
-79.26120799999939
 30
0.0
 11
250.1290399999992
 21
-79.22513999999939
 31
0.0
  0
LINE
  5
374
330
17
100
AcDbEntity
  8
0
100
AcDbLine
 10
250.1290399999992
 20
-79.22513999999939
 30
0.0
 11
250.1808559999992
 21
-79.18068999999939
 31
0.0
  0
LINE
  5
375
330
17
100
AcDbEntity
  8
0
100
AcDbLine
 10
250.1808559999992
 20
-79.18068999999939
 30
0.0
 11
250.23165599999922
 21
-79.12836599999937
 31
0.0
  0
LINE
  5
376
330
17
100
AcDbEntity
  8
0
100
AcDbLine
 10
250.23165599999922
 20
-79.12836599999937
 30
0.0
 11
250.28169399999922
 21
-79.06842199999939
 31
0.0
  0
LINE
  5
377
330
17
100
AcDbEntity
  8
0
100
AcDbLine
 10
250.28169399999922
 20
-79.06842199999939
 30
0.0
 11
250.3309699999992
 21
-79.00111199999938
 31
0.0
  0
LINE
  5
378
330
17
100
AcDbEntity
  8
0
100
AcDbLine
 10
250.3309699999992
 20
-79.00111199999938
 30
0.0
 11
250.37948399999922
 21
-78.92668999999938
 31
0.0
  0
LINE
  5
379
330
17
100
AcDbEntity
  8
0
100
AcDbLine
 10
250.37948399999922
 20
-78.92668999999938
 30
0.0
 11
250.42723599999923
 21
-78.84566399999937
 31
0.0
  0
LINE
  5
37A
330
17
100
AcDbEntity
  8
0
100
AcDbLine
 10
250.42723599999923
 20
-78.84566399999937
 30
0.0
 11
250.47447999999923
 21
-78.75828799999938
 31
0.0
  0
LINE
  5
37B
330
17
100
AcDbEntity
  8
0
100
AcDbLine
 10
250.47447999999923
 20
-78.75828799999938
 30
0.0
 11
250.52096199999923
 21
-78.66506999999937
 31
0.0
  0
LINE
  5
37C
330
17
100
AcDbEntity
  8
0
100
AcDbLine
 10
250.52096199999923
 20
-78.66506999999937
 30
0.0
 11
250.56668199999922
 21
-78.56600999999938
 31
0.0
  0
LINE
  5
37D
330
17
100
AcDbEntity
  8
0
100
AcDbLine
 10
250.56668199999922
 20
-78.56600999999938
 30
0.0
 11
250.6118939999992
 21
-78.46161599999938
 31
0.0
  0
LINE
  5
37E
330
17
100
AcDbEntity
  8
0
100
AcDbLine
 10
250.6118939999992
 20
-78.46161599999938
 30
0.0
 11
250.6563439999992
 21
-78.35239599999937
 31
0.0
  0
LINE
  5
37F
330
17
100
AcDbEntity
  8
0
100
AcDbLine
 10
250.6563439999992
 20
-78.35239599999937
 30
0.0
 11
250.7002859999992
 21
-78.23834999999937
 31
0.0
  0
LINE
  5
380
330
17
100
AcDbEntity
  8
0
100
AcDbLine
 10
250.7002859999992
 20
-78.23834999999937
 30
0.0
 11
250.7434659999992
 21
-78.11998599999937
 31
0.0
  0
LINE
  5
381
330
17
100
AcDbEntity
  8
0
100
AcDbLine
 10
250.7434659999992
 20
-78.11998599999937
 30
0.0
 11
250.7861379999992
 21
-77.99781199999937
 31
0.0
  0
LINE
  5
382
330
17
100
AcDbEntity
  8
0
100
AcDbLine
 10
250.7861379999992
 20
-77.99781199999937
 30
0.0
 11
250.8283019999992
 21
-77.87182799999938
 31
0.0
  0
LINE
  5
383
330
17
100
AcDbEntity
  8
0
100
AcDbLine
 10
250.8283019999992
 20
-77.87182799999938
 30
0.0
 11
250.8699579999992
 21
-77.74254199999937
 31
0.0
  0
LINE
  5
384
330
17
100
AcDbEntity
  8
0
100
AcDbLine
 10
250.8699579999992
 20
-77.74254199999937
 30
0.0
 11
250.91110599999922
 21
-77.61020799999937
 31
0.0
  0
LINE
  5
385
330
17
100
AcDbEntity
  8
0
100
AcDbLine
 10
250.91110599999922
 20
-77.61020799999937
 30
0.0
 11
250.9517459999992
 21
-77.47533399999936
 31
0.0
  0
LINE
  5
386
330
17
100
AcDbEntity
  8
0
100
AcDbLine
 10
250.9517459999992
 20
-77.47533399999936
 30
0.0
 11
250.99187799999922
 21
-77.33817399999937
 31
0.0
  0
LINE
  5
387
330
17
100
AcDbEntity
  8
0
100
AcDbLine
 10
250.99187799999922
 20
-77.33817399999937
 30
0.0
 11
251.0315019999992
 21
-77.19898199999936
 31
0.0
  0
LINE
  5
388
330
17
100
AcDbEntity
  8
0
100
AcDbLine
 10
251.0315019999992
 20
-77.19898199999936
 30
0.0
 11
251.0706179999992
 21
-77.05801199999937
 31
0.0
  0
LINE
  5
389
330
17
100
AcDbEntity
  8
0
100
AcDbLine
 10
251.0706179999992
 20
-77.05801199999937
 30
0.0
 11
251.1094799999992
 21
-76.91577199999936
 31
0.0
  0
LINE
  5
38A
330
17
100
AcDbEntity
  8
0
100
AcDbLine
 10
251.1094799999992
 20
-76.91577199999936
 30
0.0
 11
251.1478339999992
 21
-76.77251599999936
 31
0.0
  0
LINE
  5
38B
330
17
100
AcDbEntity
  8
0
100
AcDbLine
 10
251.1478339999992
 20
-76.77251599999936
 30
0.0
 11
251.1856799999992
 21
-76.62849799999935
 31
0.0
  0
LINE
  5
38C
330
17
100
AcDbEntity
  8
0
100
AcDbLine
 10
251.1856799999992
 20
-76.62849799999935
 30
0.0
 11
251.22327199999918
 21
-76.48422599999935
 31
0.0
  0
LINE
  5
38D
330
17
100
AcDbEntity
  8
0
100
AcDbLine
 10
251.22327199999918
 20
-76.48422599999935
 30
0.0
 11
251.2606099999992
 21
-76.33995399999937
 31
0.0
  0
LINE
  5
38E
330
17
100
AcDbEntity
  8
0
100
AcDbLine
 10
251.2606099999992
 20
-76.33995399999937
 30
0.0
 11
251.2974399999992
 21
-76.19593599999936
 31
0.0
  0
LINE
  5
38F
330
17
100
AcDbEntity
  8
0
100
AcDbLine
 10
251.2974399999992
 20
-76.19593599999936
 30
0.0
 11
251.3340159999992
 21
-76.05267999999936
 31
0.0
  0
LINE
  5
390
330
17
100
AcDbEntity
  8
0
100
AcDbLine
 10
251.3340159999992
 20
-76.05267999999936
 30
0.0
 11
251.3703379999992
 21
-75.91043999999935
 31
0.0
  0
LINE
  5
391
330
17
100
AcDbEntity
  8
0
100
AcDbLine
 10
251.3703379999992
 20
-75.91043999999935
 30
0.0
 11
251.4064059999992
 21
-75.76946999999936
 31
0.0
  0
LINE
  5
392
330
17
100
AcDbEntity
  8
0
100
AcDbLine
 10
251.4064059999992
 20
-75.76946999999936
 30
0.0
 11
251.44221999999922
 21
-75.63027799999935
 31
0.0
  0
LINE
  5
393
330
17
100
AcDbEntity
  8
0
100
AcDbLine
 10
251.44221999999922
 20
-75.63027799999935
 30
0.0
 11
251.4777799999992
 21
-75.49311799999934
 31
0.0
  0
LINE
  5
394
330
17
100
AcDbEntity
  8
0
100
AcDbLine
 10
251.4777799999992
 20
-75.49311799999934
 30
0.0
 11
251.51308599999922
 21
-75.35824399999935
 31
0.0
  0
LINE
  5
395
330
17
100
AcDbEntity
  8
0
100
AcDbLine
 10
251.51308599999922
 20
-75.35824399999935
 30
0.0
 11
251.54813799999923
 21
-75.22616399999934
 31
0.0
  0
LINE
  5
396
330
17
100
AcDbEntity
  8
0
100
AcDbLine
 10
251.54813799999923
 20
-75.22616399999934
 30
0.0
 11
251.58318999999923
 21
-75.09687799999935
 31
0.0
  0
LINE
  5
397
330
17
100
AcDbEntity
  8
0
100
AcDbLine
 10
251.58318999999923
 20
-75.09687799999935
 30
0.0
 11
251.6179879999992
 21
-74.97114799999935
 31
0.0
  0
LINE
  5
398
330
17
100
AcDbEntity
  8
0
100
AcDbLine
 10
251.6179879999992
 20
-74.97114799999935
 30
0.0
 11
251.6527859999992
 21
-74.84897399999934
 31
0.0
  0
LINE
  5
399
330
17
100
AcDbEntity
  8
0
100
AcDbLine
 10
251.6527859999992
 20
-74.84897399999934
 30
0.0
 11
251.68732999999918
 21
-74.73086399999936
 31
0.0
  0
LINE
  5
39A
330
17
100
AcDbEntity
  8
0
100
AcDbLine
 10
251.68732999999918
 20
-74.73086399999936
 30
0.0
 11
251.7218739999992
 21
-74.61707199999935
 31
0.0
  0
LINE
  5
39B
330
17
100
AcDbEntity
  8
0
100
AcDbLine
 10
251.7218739999992
 20
-74.61707199999935
 30
0.0
 11
251.7561639999992
 21
-74.50785199999936
 31
0.0
  0
LINE
  5
39C
330
17
100
AcDbEntity
  8
0
100
AcDbLine
 10
251.7561639999992
 20
-74.50785199999936
 30
0.0
 11
251.7904539999992
 21
-74.40371199999935
 31
0.0
  0
LINE
  5
39D
330
17
100
AcDbEntity
  8
0
100
AcDbLine
 10
251.7904539999992
 20
-74.40371199999935
 30
0.0
 11
251.82474399999919
 21
-74.30490599999935
 31
0.0
  0
LINE
  5
39E
330
17
100
AcDbEntity
  8
0
100
AcDbLine
 10
251.82474399999919
 20
-74.30490599999935
 30
0.0
 11
251.85903399999918
 21
-74.21168799999934
 31
0.0
  0
LINE
  5
39F
330
17
100
AcDbEntity
  8
0
100
AcDbLine
 10
251.85903399999918
 20
-74.21168799999934
 30
0.0
 11
251.89332399999918
 21
-74.12456599999933
 31
0.0
  0
LINE
  5
3A0
330
17
100
AcDbEntity
  8
0
100
AcDbLine
 10
251.89332399999918
 20
-74.12456599999933
 30
0.0
 11
251.92761399999918
 21
-74.04379399999934
 31
0.0
  0
LINE
  5
3A1
330
17
100
AcDbEntity
  8
0
100
AcDbLine
 10
251.92761399999918
 20
-74.04379399999934
 30
0.0
 11
251.96190399999918
 21
-73.96962599999935
 31
0.0
  0
LINE
  5
3A2
330
17
100
AcDbEntity
  8
0
100
AcDbLine
 10
251.96190399999918
 20
-73.96962599999935
 30
0.0
 11
251.99619399999915
 21
-73.90256999999934
 31
0.0
  0
LINE
  5
3A3
330
17
100
AcDbEntity
  8
0
100
AcDbLine
 10
251.99619399999915
 20
-73.90256999999934
 30
0.0
 11
252.03073799999916
 21
-73.84287999999934
 31
0.0
  0
LINE
  5
3A4
330
17
100
AcDbEntity
  8
0
100
AcDbLine
 10
252.03073799999916
 20
-73.84287999999934
 30
0.0
 11
252.06528199999914
 21
-73.79080999999935
 31
0.0
  0
LINE
  5
3A5
330
17
100
AcDbEntity
  8
0
100
AcDbLine
 10
252.06528199999914
 20
-73.79080999999935
 30
0.0
 11
252.09982599999913
 21
-73.74661399999935
 31
0.0
  0
LINE
  5
3A6
330
17
100
AcDbEntity
  8
0
100
AcDbLine
 10
252.09982599999913
 20
-73.74661399999935
 30
0.0
 11
252.13462399999912
 21
-73.71079999999935
 31
0.0
  0
LINE
  5
3A7
330
17
100
AcDbEntity
  8
0
100
AcDbLine
 10
252.13462399999912
 20
-73.71079999999935
 30
0.0
 11
252.16967599999913
 21
-73.68362199999935
 31
0.0
  0
LINE
  5
3A8
330
17
100
AcDbEntity
  8
0
100
AcDbLine
 10
252.16967599999913
 20
-73.68362199999935
 30
0.0
 11
252.20472799999914
 21
-73.66558799999933
 31
0.0
  0
LINE
  5
3A9
330
17
100
AcDbEntity
  8
0
100
AcDbLine
 10
252.20472799999914
 20
-73.66558799999933
 30
0.0
 11
252.24003399999916
 21
-73.65695199999934
 31
0.0
  0
LINE
  5
3AA
330
17
100
AcDbEntity
  8
0
100
AcDbLine
 10
252.24003399999916
 20
-73.65695199999934
 30
0.0
 11
252.27559399999913
 21
-73.65796799999934
 31
0.0
  0
LINE
  5
3AB
330
17
100
AcDbEntity
  8
0
100
AcDbLine
 10
252.27559399999913
 20
-73.65796799999934
 30
0.0
 11
252.31140799999912
 21
-73.66888999999934
 31
0.0
  0
LINE
  5
3AC
330
17
100
AcDbEntity
  8
0
100
AcDbLine
 10
252.31140799999912
 20
-73.66888999999934
 30
0.0
 11
252.34747599999915
 21
-73.69022599999934
 31
0.0
  0
LINE
  5
3AD
330
17
100
AcDbEntity
  8
0
100
AcDbLine
 10
252.34747599999915
 20
-73.69022599999934
 30
0.0
 11
252.38379799999916
 21
-73.72222999999934
 31
0.0
  0
LINE
  5
3AE
330
17
100
AcDbEntity
  8
0
100
AcDbLine
 10
252.38379799999916
 20
-73.72222999999934
 30
0.0
 11
252.42037399999916
 21
-73.76515599999934
 31
0.0
  0
LINE
  5
3AF
330
17
100
AcDbEntity
  8
0
100
AcDbLine
 10
252.42037399999916
 20
-73.76515599999934
 30
0.0
 11
252.53568999999914
 21
-73.76464799999933
 31
0.0
  0
LINE
  5
3B0
330
17
100
AcDbEntity
  8
0
100
AcDbLine
 10
252.53568999999914
 20
-73.76464799999933
 30
0.0
 11
252.69088399999913
 21
-73.76388599999933
 31
0.0
  0
LINE
  5
3B1
330
17
100
AcDbEntity
  8
0
100
AcDbLine
 10
252.69088399999913
 20
-73.76388599999933
 30
0.0
 11
252.88468599999914
 21
-73.76286999999932
 31
0.0
  0
LINE
  5
3B2
330
17
100
AcDbEntity
  8
0
100
AcDbLine
 10
252.88468599999914
 20
-73.76286999999932
 30
0.0
 11
253.11582599999915
 21
-73.76185399999933
 31
0.0
  0
LINE
  5
3B3
330
17
100
AcDbEntity
  8
0
100
AcDbLine
 10
253.11582599999915
 20
-73.76185399999933
 30
0.0
 11
253.38328799999914
 21
-73.76058399999933
 31
0.0
  0
LINE
  5
3B4
330
17
100
AcDbEntity
  8
0
100
AcDbLine
 10
253.38328799999914
 20
-73.76058399999933
 30
0.0
 11
253.68554799999916
 21
-73.75905999999934
 31
0.0
  0
LINE
  5
3B5
330
17
100
AcDbEntity
  8
0
100
AcDbLine
 10
253.68554799999916
 20
-73.75905999999934
 30
0.0
 11
254.02158999999915
 21
-73.75728199999934
 31
0.0
  0
LINE
  5
3B6
330
17
100
AcDbEntity
  8
0
100
AcDbLine
 10
254.02158999999915
 20
-73.75728199999934
 30
0.0
 11
254.39014399999914
 21
-73.75550399999933
 31
0.0
  0
LINE
  5
3B7
330
17
100
AcDbEntity
  8
0
100
AcDbLine
 10
254.39014399999914
 20
-73.75550399999933
 30
0.0
 11
254.78993999999915
 21
-73.75347199999933
 31
0.0
  0
LINE
  5
3B8
330
17
100
AcDbEntity
  8
0
100
AcDbLine
 10
254.78993999999915
 20
-73.75347199999933
 30
0.0
 11
255.21970799999914
 21
-73.75143999999933
 31
0.0
  0
LINE
  5
3B9
330
17
100
AcDbEntity
  8
0
100
AcDbLine
 10
255.21970799999914
 20
-73.75143999999933
 30
0.0
 11
255.67843199999916
 21
-73.74915399999934
 31
0.0
  0
LINE
  5
3BA
330
17
100
AcDbEntity
  8
0
100
AcDbLine
 10
255.67843199999916
 20
-73.74915399999934
 30
0.0
 11
256.1645879999991
 21
-73.74686799999934
 31
0.0
  0
LINE
  5
3BB
330
17
100
AcDbEntity
  8
0
100
AcDbLine
 10
256.1645879999991
 20
-73.74686799999934
 30
0.0
 11
256.67715999999916
 21
-73.74432799999934
 31
0.0
  0
LINE
  5
3BC
330
17
100
AcDbEntity
  8
0
100
AcDbLine
 10
256.67715999999916
 20
-73.74432799999934
 30
0.0
 11
257.21487799999915
 21
-73.74178799999933
 31
0.0
  0
LINE
  5
3BD
330
17
100
AcDbEntity
  8
0
100
AcDbLine
 10
257.21487799999915
 20
-73.74178799999933
 30
0.0
 11
257.77647199999916
 21
-73.73899399999934
 31
0.0
  0
LINE
  5
3BE
330
17
100
AcDbEntity
  8
0
100
AcDbLine
 10
257.77647199999916
 20
-73.73899399999934
 30
0.0
 11
258.3606719999991
 21
-73.73619999999933
 31
0.0
  0
LINE
  5
3BF
330
17
100
AcDbEntity
  8
0
100
AcDbLine
 10
258.3606719999991
 20
-73.73619999999933
 30
0.0
 11
258.96620799999914
 21
-73.73315199999932
 31
0.0
  0
LINE
  5
3C0
330
17
100
AcDbEntity
  8
0
100
AcDbLine
 10
258.96620799999914
 20
-73.73315199999932
 30
0.0
 11
259.59206399999914
 21
-73.73010399999933
 31
0.0
  0
LINE
  5
3C1
330
17
100
AcDbEntity
  8
0
100
AcDbLine
 10
259.59206399999914
 20
-73.73010399999933
 30
0.0
 11
260.23671599999915
 21
-73.72705599999932
 31
0.0
  0
LINE
  5
3C2
330
17
100
AcDbEntity
  8
0
100
AcDbLine
 10
260.23671599999915
 20
-73.72705599999932
 30
0.0
 11
260.8991479999992
 21
-73.72375399999933
 31
0.0
  0
LINE
  5
3C3
330
17
100
AcDbEntity
  8
0
100
AcDbLine
 10
260.8991479999992
 20
-73.72375399999933
 30
0.0
 11
261.5780899999991
 21
-73.72045199999934
 31
0.0
  0
LINE
  5
3C4
330
17
100
AcDbEntity
  8
0
100
AcDbLine
 10
261.5780899999991
 20
-73.72045199999934
 30
0.0
 11
262.27227199999913
 21
-73.71714999999934
 31
0.0
  0
LINE
  5
3C5
330
17
100
AcDbEntity
  8
0
100
AcDbLine
 10
262.27227199999913
 20
-73.71714999999934
 30
0.0
 11
262.9804239999991
 21
-73.71359399999935
 31
0.0
  0
LINE
  5
3C6
330
17
100
AcDbEntity
  8
0
100
AcDbLine
 10
262.9804239999991
 20
-73.71359399999935
 30
0.0
 11
263.70152999999914
 21
-73.71003799999934
 31
0.0
  0
LINE
  5
3C7
330
17
100
AcDbEntity
  8
0
100
AcDbLine
 10
263.70152999999914
 20
-73.71003799999934
 30
0.0
 11
264.4340659999991
 21
-73.70648199999934
 31
0.0
  0
LINE
  5
3C8
330
17
100
AcDbEntity
  8
0
100
AcDbLine
 10
264.4340659999991
 20
-73.70648199999934
 30
0.0
 11
265.1770159999991
 21
-73.70292599999934
 31
0.0
  0
LINE
  5
3C9
330
17
100
AcDbEntity
  8
0
100
AcDbLine
 10
265.1770159999991
 20
-73.70292599999934
 30
0.0
 11
265.9291099999991
 21
-73.69936999999933
 31
0.0
  0
LINE
  5
3CA
330
17
100
AcDbEntity
  8
0
100
AcDbLine
 10
265.9291099999991
 20
-73.69936999999933
 30
0.0
 11
266.6890779999991
 21
-73.69555999999933
 31
0.0
  0
LINE
  5
3CB
330
17
100
AcDbEntity
  8
0
100
AcDbLine
 10
266.6890779999991
 20
-73.69555999999933
 30
0.0
 11
267.45564999999914
 21
-73.69174999999933
 31
0.0
  0
LINE
  5
3CC
330
17
100
AcDbEntity
  8
0
100
AcDbLine
 10
267.45564999999914
 20
-73.69174999999933
 30
0.0
 11
268.2275559999991
 21
-73.68793999999934
 31
0.0
  0
LINE
  5
3CD
330
17
100
AcDbEntity
  8
0
100
AcDbLine
 10
268.2275559999991
 20
-73.68793999999934
 30
0.0
 11
269.0037799999991
 21
-73.68412999999934
 31
0.0
  0
LINE
  5
3CE
330
17
100
AcDbEntity
  8
0
100
AcDbLine
 10
269.0037799999991
 20
-73.68412999999934
 30
0.0
 11
269.7827979999991
 21
-73.68031999999934
 31
0.0
  0
LINE
  5
3CF
330
17
100
AcDbEntity
  8
0
100
AcDbLine
 10
269.7827979999991
 20
-73.68031999999934
 30
0.0
 11
270.5635939999991
 21
-73.67650999999935
 31
0.0
  0
LINE
  5
3D0
330
17
100
AcDbEntity
  8
0
100
AcDbLine
 10
270.5635939999991
 20
-73.67650999999935
 30
0.0
 11
271.34489799999915
 21
-73.67269999999935
 31
0.0
  0
LINE
  5
3D1
330
17
100
AcDbEntity
  8
0
100
AcDbLine
 10
271.34489799999915
 20
-73.67269999999935
 30
0.0
 11
272.1254399999992
 21
-73.66888999999935
 31
0.0
  0
LINE
  5
3D2
330
17
100
AcDbEntity
  8
0
100
AcDbLine
 10
272.1254399999992
 20
-73.66888999999935
 30
0.0
 11
272.90394999999916
 21
-73.66507999999936
 31
0.0
  0
LINE
  5
3D3
330
17
100
AcDbEntity
  8
0
100
AcDbLine
 10
272.90394999999916
 20
-73.66507999999936
 30
0.0
 11
273.6791579999992
 21
-73.66126999999936
 31
0.0
  0
LINE
  5
3D4
330
17
100
AcDbEntity
  8
0
100
AcDbLine
 10
273.6791579999992
 20
-73.66126999999936
 30
0.0
 11
274.4500479999992
 21
-73.65745999999938
 31
0.0
  0
LINE
  5
3D5
330
17
100
AcDbEntity
  8
0
100
AcDbLine
 10
274.4500479999992
 20
-73.65745999999938
 30
0.0
 11
275.21534999999915
 21
-73.65364999999937
 31
0.0
  0
LINE
  5
3D6
330
17
100
AcDbEntity
  8
0
100
AcDbLine
 10
275.21534999999915
 20
-73.65364999999937
 30
0.0
 11
275.9737939999992
 21
-73.64983999999937
 31
0.0
  0
LINE
  5
3D7
330
17
100
AcDbEntity
  8
0
100
AcDbLine
 10
275.9737939999992
 20
-73.64983999999937
 30
0.0
 11
276.7241099999992
 21
-73.64628399999937
 31
0.0
  0
LINE
  5
3D8
330
17
100
AcDbEntity
  8
0
100
AcDbLine
 10
276.7241099999992
 20
-73.64628399999937
 30
0.0
 11
277.46502799999917
 21
-73.64272799999937
 31
0.0
  0
LINE
  5
3D9
330
17
100
AcDbEntity
  8
0
100
AcDbLine
 10
277.46502799999917
 20
-73.64272799999937
 30
0.0
 11
278.1952779999992
 21
-73.63917199999936
 31
0.0
  0
LINE
  5
3DA
330
17
100
AcDbEntity
  8
0
100
AcDbLine
 10
278.1952779999992
 20
-73.63917199999936
 30
0.0
 11
278.91384399999913
 21
-73.63561599999936
 31
0.0
  0
LINE
  5
3DB
330
17
100
AcDbEntity
  8
0
100
AcDbLine
 10
278.91384399999913
 20
-73.63561599999936
 30
0.0
 11
279.6192019999992
 21
-73.63231399999937
 31
0.0
  0
LINE
  5
3DC
330
17
100
AcDbEntity
  8
0
100
AcDbLine
 10
279.6192019999992
 20
-73.63231399999937
 30
0.0
 11
280.31033599999915
 21
-73.62901199999938
 31
0.0
  0
LINE
  5
3DD
330
17
100
AcDbEntity
  8
0
100
AcDbLine
 10
280.31033599999915
 20
-73.62901199999938
 30
0.0
 11
280.9859759999992
 21
-73.62570999999939
 31
0.0
  0
LINE
  5
3DE
330
17
100
AcDbEntity
  8
0
100
AcDbLine
 10
280.9859759999992
 20
-73.62570999999939
 30
0.0
 11
281.64485199999916
 21
-73.62240799999938
 31
0.0
  0
LINE
  5
3DF
330
17
100
AcDbEntity
  8
0
100
AcDbLine
 10
281.64485199999916
 20
-73.62240799999938
 30
0.0
 11
282.2856939999992
 21
-73.61935999999939
 31
0.0
  0
LINE
  5
3E0
330
17
100
AcDbEntity
  8
0
100
AcDbLine
 10
282.2856939999992
 20
-73.61935999999939
 30
0.0
 11
282.9074859999992
 21
-73.61631199999938
 31
0.0
  0
LINE
  5
3E1
330
17
100
AcDbEntity
  8
0
100
AcDbLine
 10
282.9074859999992
 20
-73.61631199999938
 30
0.0
 11
283.50870399999917
 21
-73.61351799999939
 31
0.0
  0
LINE
  5
3E2
330
17
100
AcDbEntity
  8
0
100
AcDbLine
 10
283.50870399999917
 20
-73.61351799999939
 30
0.0
 11
284.0883319999992
 21
-73.61072399999938
 31
0.0
  0
LINE
  5
3E3
330
17
100
AcDbEntity
  8
0
100
AcDbLine
 10
284.0883319999992
 20
-73.61072399999938
 30
0.0
 11
284.64509999999916
 21
-73.60792999999937
 31
0.0
  0
LINE
  5
3E4
330
17
100
AcDbEntity
  8
0
100
AcDbLine
 10
284.64509999999916
 20
-73.60792999999937
 30
0.0
 11
285.1777379999992
 21
-73.60538999999937
 31
0.0
  0
LINE
  5
3E5
330
17
100
AcDbEntity
  8
0
100
AcDbLine
 10
285.1777379999992
 20
-73.60538999999937
 30
0.0
 11
285.68497599999915
 21
-73.60284999999938
 31
0.0
  0
LINE
  5
3E6
330
17
100
AcDbEntity
  8
0
100
AcDbLine
 10
285.68497599999915
 20
-73.60284999999938
 30
0.0
 11
286.1657979999992
 21
-73.60056399999937
 31
0.0
  0
LINE
  5
3E7
330
17
100
AcDbEntity
  8
0
100
AcDbLine
 10
286.1657979999992
 20
-73.60056399999937
 30
0.0
 11
286.61867999999913
 21
-73.59827799999937
 31
0.0
  0
LINE
  5
3E8
330
17
100
AcDbEntity
  8
0
100
AcDbLine
 10
286.61867999999913
 20
-73.59827799999937
 30
0.0
 11
287.0426059999992
 21
-73.59624599999937
 31
0.0
  0
LINE
  5
3E9
330
17
100
AcDbEntity
  8
0
100
AcDbLine
 10
287.0426059999992
 20
-73.59624599999937
 30
0.0
 11
287.43630599999915
 21
-73.59421399999938
 31
0.0
  0
LINE
  5
3EA
330
17
100
AcDbEntity
  8
0
100
AcDbLine
 10
287.43630599999915
 20
-73.59421399999938
 30
0.0
 11
287.79850999999917
 21
-73.59243599999938
 31
0.0
  0
LINE
  5
3EB
330
17
100
AcDbEntity
  8
0
100
AcDbLine
 10
287.79850999999917
 20
-73.59243599999938
 30
0.0
 11
288.12794799999915
 21
-73.59091199999938
 31
0.0
  0
LINE
  5
3EC
330
17
100
AcDbEntity
  8
0
100
AcDbLine
 10
288.12794799999915
 20
-73.59091199999938
 30
0.0
 11
288.4233499999992
 21
-73.58938799999939
 31
0.0
  0
LINE
  5
3ED
330
17
100
AcDbEntity
  8
0
100
AcDbLine
 10
288.4233499999992
 20
-73.58938799999939
 30
0.0
 11
288.68344599999915
 21
-73.5881179999994
 31
0.0
  0
LINE
  5
3EE
330
17
100
AcDbEntity
  8
0
100
AcDbLine
 10
288.68344599999915
 20
-73.5881179999994
 30
0.0
 11
288.90721999999914
 21
-73.58710199999939
 31
0.0
  0
LINE
  5
3EF
330
17
100
AcDbEntity
  8
0
100
AcDbLine
 10
288.90721999999914
 20
-73.58710199999939
 30
0.0
 11
288.93693799999915
 21
-73.5766879999994
 31
0.0
  0
LINE
  5
3F0
330
17
100
AcDbEntity
  8
0
100
AcDbLine
 10
288.93693799999915
 20
-73.5766879999994
 30
0.0
 11
288.96665599999915
 21
-73.56728999999939
 31
0.0
  0
LINE
  5
3F1
330
17
100
AcDbEntity
  8
0
100
AcDbLine
 10
288.96665599999915
 20
-73.56728999999939
 30
0.0
 11
288.9961199999991
 21
-73.55890799999939
 31
0.0
  0
LINE
  5
3F2
330
17
100
AcDbEntity
  8
0
100
AcDbLine
 10
288.9961199999991
 20
-73.55890799999939
 30
0.0
 11
289.0255839999991
 21
-73.55154199999939
 31
0.0
  0
LINE
  5
3F3
330
17
100
AcDbEntity
  8
0
100
AcDbLine
 10
289.0255839999991
 20
-73.55154199999939
 30
0.0
 11
289.0547939999991
 21
-73.54519199999939
 31
0.0
  0
LINE
  5
3F4
330
17
100
AcDbEntity
  8
0
100
AcDbLine
 10
289.0547939999991
 20
-73.54519199999939
 30
0.0
 11
289.08400399999914
 21
-73.53985799999938
 31
0.0
  0
LINE
  5
3F5
330
17
100
AcDbEntity
  8
0
100
AcDbLine
 10
289.08400399999914
 20
-73.53985799999938
 30
0.0
 11
289.11295999999913
 21
-73.53553999999939
 31
0.0
  0
LINE
  5
3F6
330
17
100
AcDbEntity
  8
0
100
AcDbLine
 10
289.11295999999913
 20
-73.53553999999939
 30
0.0
 11
289.14166199999914
 21
-73.5324919999994
 31
0.0
  0
LINE
  5
3F7
330
17
100
AcDbEntity
  8
0
100
AcDbLine
 10
289.14166199999914
 20
-73.5324919999994
 30
0.0
 11
289.17010999999917
 21
-73.53071399999939
 31
0.0
  0
LINE
  5
3F8
330
17
100
AcDbEntity
  8
0
100
AcDbLine
 10
289.17010999999917
 20
-73.53071399999939
 30
0.0
 11
289.1983039999992
 21
-73.5299519999994
 31
0.0
  0
LINE
  5
3F9
330
17
100
AcDbEntity
  8
0
100
AcDbLine
 10
289.1983039999992
 20
-73.5299519999994
 30
0.0
 11
289.22649799999925
 21
-73.5304599999994
 31
0.0
  0
LINE
  5
3FA
330
17
100
AcDbEntity
  8
0
100
AcDbLine
 10
289.22649799999925
 20
-73.5304599999994
 30
0.0
 11
289.2544379999992
 21
-73.5324919999994
 31
0.0
  0
LINE
  5
3FB
330
17
100
AcDbEntity
  8
0
100
AcDbLine
 10
289.2544379999992
 20
-73.5324919999994
 30
0.0
 11
289.28212399999916
 21
-73.53579399999938
 31
0.0
  0
LINE
  5
3FC
330
17
100
AcDbEntity
  8
0
100
AcDbLine
 10
289.28212399999916
 20
-73.53579399999938
 30
0.0
 11
289.30930199999915
 21
-73.54036599999938
 31
0.0
  0
LINE
  5
3FD
330
17
100
AcDbEntity
  8
0
100
AcDbLine
 10
289.30930199999915
 20
-73.54036599999938
 30
0.0
 11
289.33622599999916
 21
-73.54646199999938
 31
0.0
  0
LINE
  5
3FE
330
17
100
AcDbEntity
  8
0
100
AcDbLine
 10
289.33622599999916
 20
-73.54646199999938
 30
0.0
 11
289.3628959999992
 21
-73.55408199999937
 31
0.0
  0
LINE
  5
3FF
330
17
100
AcDbEntity
  8
0
100
AcDbLine
 10
289.3628959999992
 20
-73.55408199999937
 30
0.0
 11
289.38931199999917
 21
-73.56322599999937
 31
0.0
  0
LINE
  5
400
330
17
100
AcDbEntity
  8
0
100
AcDbLine
 10
289.38931199999917
 20
-73.56322599999937
 30
0.0
 11
289.41521999999924
 21
-73.57389399999937
 31
0.0
  0
LINE
  5
401
330
17
100
AcDbEntity
  8
0
100
AcDbLine
 10
289.41521999999924
 20
-73.57389399999937
 30
0.0
 11
289.4408739999992
 21
-73.58608599999937
 31
0.0
  0
LINE
  5
402
330
17
100
AcDbEntity
  8
0
100
AcDbLine
 10
289.4408739999992
 20
-73.58608599999937
 30
0.0
 11
289.4662739999992
 21
-73.59980199999936
 31
0.0
  0
LINE
  5
403
330
17
100
AcDbEntity
  8
0
100
AcDbLine
 10
289.4662739999992
 20
-73.59980199999936
 30
0.0
 11
289.4911659999992
 21
-73.61529599999936
 31
0.0
  0
LINE
  5
404
330
17
100
AcDbEntity
  8
0
100
AcDbLine
 10
289.4911659999992
 20
-73.61529599999936
 30
0.0
 11
289.5155499999992
 21
-73.63231399999935
 31
0.0
  0
LINE
  5
405
330
17
100
AcDbEntity
  8
0
100
AcDbLine
 10
289.5155499999992
 20
-73.63231399999935
 30
0.0
 11
289.53967999999924
 21
-73.65110999999936
 31
0.0
  0
LINE
  5
406
330
17
100
AcDbEntity
  8
0
100
AcDbLine
 10
289.53967999999924
 20
-73.65110999999936
 30
0.0
 11
289.5633019999992
 21
-73.67168399999936
 31
0.0
  0
LINE
  5
407
330
17
100
AcDbEntity
  8
0
100
AcDbLine
 10
289.5633019999992
 20
-73.67168399999936
 30
0.0
 11
289.5864159999992
 21
-73.69403599999937
 31
0.0
  0
LINE
  5
408
330
17
100
AcDbEntity
  8
0
100
AcDbLine
 10
289.5864159999992
 20
-73.69403599999937
 30
0.0
 11
289.60927599999917
 21
-73.71841999999937
 31
0.0
  0
LINE
  5
409
330
17
100
AcDbEntity
  8
0
100
AcDbLine
 10
289.60927599999917
 20
-73.71841999999937
 30
0.0
 11
289.6316279999992
 21
-73.74458199999937
 31
0.0
  0
LINE
  5
40A
330
17
100
AcDbEntity
  8
0
100
AcDbLine
 10
289.6316279999992
 20
-73.74458199999937
 30
0.0
 11
289.65347199999917
 21
-73.77277599999937
 31
0.0
  0
LINE
  5
40B
330
17
100
AcDbEntity
  8
0
100
AcDbLine
 10
289.65347199999917
 20
-73.77277599999937
 30
0.0
 11
289.6748079999992
 21
-73.80274799999937
 31
0.0
  0
LINE
  5
40C
330
17
100
AcDbEntity
  8
0
100
AcDbLine
 10
289.6748079999992
 20
-73.80274799999937
 30
0.0
 11
289.69563599999924
 21
-73.83475199999937
 31
0.0
  0
LINE
  5
40D
330
17
100
AcDbEntity
  8
0
100
AcDbLine
 10
289.69563599999924
 20
-73.83475199999937
 30
0.0
 11
289.7159559999992
 21
-73.86878799999937
 31
0.0
  0
LINE
  5
40E
330
17
100
AcDbEntity
  8
0
100
AcDbLine
 10
289.7159559999992
 20
-73.86878799999937
 30
0.0
 11
289.7357679999992
 21
-73.90510999999935
 31
0.0
  0
LINE
  5
40F
330
17
100
AcDbEntity
  8
0
100
AcDbLine
 10
289.7357679999992
 20
-73.90510999999935
 30
0.0
 11
289.7548179999992
 21
-73.94346399999937
 31
0.0
  0
LINE
  5
410
330
17
100
AcDbEntity
  8
0
100
AcDbLine
 10
289.7548179999992
 20
-73.94346399999937
 30
0.0
 11
289.77335999999923
 21
-73.98384999999936
 31
0.0
  0
LINE
  5
411
330
17
100
AcDbEntity
  8
0
100
AcDbLine
 10
289.77335999999923
 20
-73.98384999999936
 30
0.0
 11
289.79139399999923
 21
-74.02652199999936
 31
0.0
  0
LINE
  5
412
330
17
100
AcDbEntity
  8
0
100
AcDbLine
 10
289.79139399999923
 20
-74.02652199999936
 30
0.0
 11
289.8086659999992
 21
-74.07147999999937
 31
0.0
  0
LINE
  5
413
330
17
100
AcDbEntity
  8
0
100
AcDbLine
 10
289.8086659999992
 20
-74.07147999999937
 30
0.0
 11
289.8254299999992
 21
-74.11872399999936
 31
0.0
  0
LINE
  5
414
330
17
100
AcDbEntity
  8
0
100
AcDbLine
 10
289.8254299999992
 20
-74.11872399999936
 30
0.0
 11
289.84143199999926
 21
-74.16825399999937
 31
0.0
  0
LINE
  5
415
330
17
100
AcDbEntity
  8
0
100
AcDbLine
 10
289.84143199999926
 20
-74.16825399999937
 30
0.0
 11
289.8566719999992
 21
-74.22006999999937
 31
0.0
  0
LINE
  5
416
330
17
100
AcDbEntity
  8
0
100
AcDbLine
 10
289.8566719999992
 20
-74.22006999999937
 30
0.0
 11
289.87140399999925
 21
-74.27442599999937
 31
0.0
  0
LINE
  5
417
330
17
100
AcDbEntity
  8
0
100
AcDbLine
 10
289.87140399999925
 20
-74.27442599999937
 30
0.0
 11
289.8853739999992
 21
-74.33106799999936
 31
0.0
  0
LINE
  5
418
330
17
100
AcDbEntity
  8
0
100
AcDbLine
 10
289.8853739999992
 20
-74.33106799999936
 30
0.0
 11
289.89858199999924
 21
-74.39024999999937
 31
0.0
  0
LINE
  5
419
330
17
100
AcDbEntity
  8
0
100
AcDbLine
 10
289.89858199999924
 20
-74.39024999999937
 30
0.0
 11
289.9110279999992
 21
-74.45197199999936
 31
0.0
  0
LINE
  5
41A
330
17
100
AcDbEntity
  8
0
100
AcDbLine
 10
289.9110279999992
 20
-74.45197199999936
 30
0.0
 11
289.92296599999924
 21
-74.51623399999936
 31
0.0
  0
LINE
  5
41B
330
17
100
AcDbEntity
  8
0
100
AcDbLine
 10
289.92296599999924
 20
-74.51623399999936
 30
0.0
 11
289.93414199999927
 21
-74.58303599999935
 31
0.0
  0
LINE
  5
41C
330
17
100
AcDbEntity
  8
0
100
AcDbLine
 10
289.93414199999927
 20
-74.58303599999935
 30
0.0
 11
289.94455599999924
 21
-74.65263199999936
 31
0.0
  0
LINE
  5
41D
330
17
100
AcDbEntity
  8
0
100
AcDbLine
 10
289.94455599999924
 20
-74.65263199999936
 30
0.0
 11
289.9539539999992
 21
-74.72476799999936
 31
0.0
  0
LINE
  5
41E
330
17
100
AcDbEntity
  8
0
100
AcDbLine
 10
289.9539539999992
 20
-74.72476799999936
 30
0.0
 11
289.96258999999924
 21
-74.79969799999935
 31
0.0
  0
LINE
  5
41F
330
17
100
AcDbEntity
  8
0
100
AcDbLine
 10
289.96258999999924
 20
-74.79969799999935
 30
0.0
 11
289.97046399999925
 21
-74.87742199999936
 31
0.0
  0
LINE
  5
420
330
17
100
AcDbEntity
  8
0
100
AcDbLine
 10
289.97046399999925
 20
-74.87742199999936
 30
0.0
 11
289.97757599999926
 21
-74.95793999999935
 31
0.0
  0
LINE
  5
421
330
17
100
AcDbEntity
  8
0
100
AcDbLine
 10
289.97757599999926
 20
-74.95793999999935
 30
0.0
 11
289.9836719999992
 21
-75.04125199999935
 31
0.0
  0
LINE
  5
422
330
17
100
AcDbEntity
  8
0
100
AcDbLine
 10
289.9836719999992
 20
-75.04125199999935
 30
0.0
 11
289.9890059999992
 21
-75.12735799999935
 31
0.0
  0
LINE
  5
423
330
17
100
AcDbEntity
  8
0
100
AcDbLine
 10
289.9890059999992
 20
-75.12735799999935
 30
0.0
 11
289.9935779999992
 21
-75.21625799999936
 31
0.0
  0
LINE
  5
424
330
17
100
AcDbEntity
  8
0
100
AcDbLine
 10
289.9935779999992
 20
-75.21625799999936
 30
0.0
 11
289.9971339999992
 21
-75.30820599999936
 31
0.0
  0
LINE
  5
425
330
17
100
AcDbEntity
  8
0
100
AcDbLine
 10
289.9971339999992
 20
-75.30820599999936
 30
0.0
 11
289.9996739999992
 21
-75.40320199999937
 31
0.0
  0
LINE
  5
426
330
17
100
AcDbEntity
  8
0
100
AcDbLine
 10
289.9996739999992
 20
-75.40320199999937
 30
0.0
 11
290.00145199999923
 21
-75.50124599999937
 31
0.0
  0
LINE
  5
427
330
17
100
AcDbEntity
  8
0
100
AcDbLine
 10
290.00145199999923
 20
-75.50124599999937
 30
0.0
 11
290.0022139999992
 21
-75.60233799999938
 31
0.0
  0
LINE
  5
428
330
17
100
AcDbEntity
  8
0
100
AcDbLine
 10
290.0022139999992
 20
-75.60233799999938
 30
0.0
 11
290.0022139999992
 21
-75.70647799999938
 31
0.0
  0
LINE
  5
429
330
17
100
AcDbEntity
  8
0
100
AcDbLine
 10
290.0022139999992
 20
-75.70647799999938
 30
0.0
 11
290.0011979999992
 21
-75.81366599999939
 31
0.0
  0
LINE
  5
42A
330
17
100
AcDbEntity
  8
0
100
AcDbLine
 10
290.0011979999992
 20
-75.81366599999939
 30
0.0
 11
289.9991659999992
 21
-75.92415599999939
 31
0.0
  0
LINE
  5
42B
330
17
100
AcDbEntity
  8
0
100
AcDbLine
 10
289.9991659999992
 20
-75.92415599999939
 30
0.0
 11
289.9961179999992
 21
-76.03769399999939
 31
0.0
  0
LINE
  5
42C
330
17
100
AcDbEntity
  8
0
100
AcDbLine
 10
289.9961179999992
 20
-76.03769399999939
 30
0.0
 11
289.9920539999992
 21
-76.15453399999939
 31
0.0
  0
LINE
  5
42D
330
17
100
AcDbEntity
  8
0
100
AcDbLine
 10
289.9920539999992
 20
-76.15453399999939
 30
0.0
 11
289.9869739999992
 21
-76.27467599999939
 31
0.0
  0
LINE
  5
42E
330
17
100
AcDbEntity
  8
0
100
AcDbLine
 10
289.9869739999992
 20
-76.27467599999939
 30
0.0
 11
289.9808779999992
 21
-76.3981199999994
 31
0.0
  0
LINE
  5
42F
330
17
100
AcDbEntity
  8
0
100
AcDbLine
 10
289.9808779999992
 20
-76.3981199999994
 30
0.0
 11
290.28643999999923
 21
-76.60893999999938
 31
0.0
  0
LINE
  5
430
330
17
100
AcDbEntity
  8
0
100
AcDbLine
 10
290.28643999999923
 20
-76.60893999999938
 30
0.0
 11
290.5787939999992
 21
-76.80020199999937
 31
0.0
  0
LINE
  5
431
330
17
100
AcDbEntity
  8
0
100
AcDbLine
 10
290.5787939999992
 20
-76.80020199999937
 30
0.0
 11
290.85844799999927
 21
-76.97241399999938
 31
0.0
  0
LINE
  5
432
330
17
100
AcDbEntity
  8
0
100
AcDbLine
 10
290.85844799999927
 20
-76.97241399999938
 30
0.0
 11
291.12540199999927
 21
-77.12608399999938
 31
0.0
  0
LINE
  5
433
330
17
100
AcDbEntity
  8
0
100
AcDbLine
 10
291.12540199999927
 20
-77.12608399999938
 30
0.0
 11
291.38016399999924
 21
-77.26146599999939
 31
0.0
  0
LINE
  5
434
330
17
100
AcDbEntity
  8
0
100
AcDbLine
 10
291.38016399999924
 20
-77.26146599999939
 30
0.0
 11
291.62273399999924
 21
-77.37906799999939
 31
0.0
  0
LINE
  5
435
330
17
100
AcDbEntity
  8
0
100
AcDbLine
 10
291.62273399999924
 20
-77.37906799999939
 30
0.0
 11
291.85361999999924
 21
-77.47939799999939
 31
0.0
  0
LINE
  5
436
330
17
100
AcDbEntity
  8
0
100
AcDbLine
 10
291.85361999999924
 20
-77.47939799999939
 30
0.0
 11
292.0730759999993
 21
-77.5629639999994
 31
0.0
  0
LINE
  5
437
330
17
100
AcDbEntity
  8
0
100
AcDbLine
 10
292.0730759999993
 20
-77.5629639999994
 30
0.0
 11
292.2813559999992
 21
-77.63027399999939
 31
0.0
  0
LINE
  5
438
330
17
100
AcDbEntity
  8
0
100
AcDbLine
 10
292.2813559999992
 20
-77.63027399999939
 30
0.0
 11
292.47871399999923
 21
-77.68158199999938
 31
0.0
  0
LINE
  5
439
330
17
100
AcDbEntity
  8
0
100
AcDbLine
 10
292.47871399999923
 20
-77.68158199999938
 30
0.0
 11
292.6654039999992
 21
-77.7173959999994
 31
0.0
  0
LINE
  5
43A
330
17
100
AcDbEntity
  8
0
100
AcDbLine
 10
292.6654039999992
 20
-77.7173959999994
 30
0.0
 11
292.8419339999992
 21
-77.73822399999939
 31
0.0
  0
LINE
  5
43B
330
17
100
AcDbEntity
  8
0
100
AcDbLine
 10
292.8419339999992
 20
-77.73822399999939
 30
0.0
 11
293.0083039999992
 21
-77.74457399999939
 31
0.0
  0
LINE
  5
43C
330
17
100
AcDbEntity
  8
0
100
AcDbLine
 10
293.0083039999992
 20
-77.74457399999939
 30
0.0
 11
293.16502199999917
 21
-77.73695399999939
 31
0.0
  0
LINE
  5
43D
330
17
100
AcDbEntity
  8
0
100
AcDbLine
 10
293.16502199999917
 20
-77.73695399999939
 30
0.0
 11
293.31208799999916
 21
-77.7156179999994
 31
0.0
  0
LINE
  5
43E
330
17
100
AcDbEntity
  8
0
100
AcDbLine
 10
293.31208799999916
 20
-77.7156179999994
 30
0.0
 11
293.45000999999917
 21
-77.68107399999938
 31
0.0
  0
LINE
  5
43F
330
17
100
AcDbEntity
  8
0
100
AcDbLine
 10
293.45000999999917
 20
-77.68107399999938
 30
0.0
 11
293.57904199999916
 21
-77.63382999999939
 31
0.0
  0
LINE
  5
440
330
17
100
AcDbEntity
  8
0
100
AcDbLine
 10
293.57904199999916
 20
-77.63382999999939
 30
0.0
 11
293.69943799999913
 21
-77.5743939999994
 31
0.0
  0
LINE
  5
441
330
17
100
AcDbEntity
  8
0
100
AcDbLine
 10
293.69943799999913
 20
-77.5743939999994
 30
0.0
 11
293.8114519999992
 21
-77.50327399999941
 31
0.0
  0
LINE
  5
442
330
17
100
AcDbEntity
  8
0
100
AcDbLine
 10
293.8114519999992
 20
-77.50327399999941
 30
0.0
 11
293.91559199999915
 21
-77.42072399999941
 31
0.0
  0
LINE
  5
443
330
17
100
AcDbEntity
  8
0
100
AcDbLine
 10
293.91559199999915
 20
-77.42072399999941
 30
0.0
 11
294.01185799999917
 21
-77.3272519999994
 31
0.0
  0
LINE
  5
444
330
17
100
AcDbEntity
  8
0
100
AcDbLine
 10
294.01185799999917
 20
-77.3272519999994
 30
0.0
 11
294.10050399999915
 21
-77.2233659999994
 31
0.0
  0
LINE
  5
445
330
17
100
AcDbEntity
  8
0
100
AcDbLine
 10
294.10050399999915
 20
-77.2233659999994
 30
0.0
 11
294.1820379999991
 21
-77.10957399999941
 31
0.0
  0
LINE
  5
446
330
17
100
AcDbEntity
  8
0
100
AcDbLine
 10
294.1820379999991
 20
-77.10957399999941
 30
0.0
 11
294.25671399999914
 21
-76.98612999999942
 31
0.0
  0
LINE
  5
447
330
17
100
AcDbEntity
  8
0
100
AcDbLine
 10
294.25671399999914
 20
-76.98612999999942
 30
0.0
 11
294.3245319999991
 21
-76.8537959999994
 31
0.0
  0
LINE
  5
448
330
17
100
AcDbEntity
  8
0
100
AcDbLine
 10
294.3245319999991
 20
-76.8537959999994
 30
0.0
 11
294.3859999999991
 21
-76.71282599999941
 31
0.0
  0
LINE
  5
449
330
17
100
AcDbEntity
  8
0
100
AcDbLine
 10
294.3859999999991
 20
-76.71282599999941
 30
0.0
 11
294.44137199999915
 21
-76.56372799999941
 31
0.0
  0
LINE
  5
44A
330
17
100
AcDbEntity
  8
0
100
AcDbLine
 10
294.44137199999915
 20
-76.56372799999941
 30
0.0
 11
294.49090199999915
 21
-76.4070099999994
 31
0.0
  0
LINE
  5
44B
330
17
100
AcDbEntity
  8
0
100
AcDbLine
 10
294.49090199999915
 20
-76.4070099999994
 30
0.0
 11
294.53509799999915
 21
-76.2429259999994
 31
0.0
  0
LINE
  5
44C
330
17
100
AcDbEntity
  8
0
100
AcDbLine
 10
294.53509799999915
 20
-76.2429259999994
 30
0.0
 11
294.57395999999915
 21
-76.0719839999994
 31
0.0
  0
LINE
  5
44D
330
17
100
AcDbEntity
  8
0
100
AcDbLine
 10
294.57395999999915
 20
-76.0719839999994
 30
0.0
 11
294.60799599999916
 21
-75.89494599999941
 31
0.0
  0
LINE
  5
44E
330
17
100
AcDbEntity
  8
0
100
AcDbLine
 10
294.60799599999916
 20
-75.89494599999941
 30
0.0
 11
294.63720599999914
 21
-75.7118119999994
 31
0.0
  0
LINE
  5
44F
330
17
100
AcDbEntity
  8
0
100
AcDbLine
 10
294.63720599999914
 20
-75.7118119999994
 30
0.0
 11
294.66209799999916
 21
-75.5233439999994
 31
0.0
  0
LINE
  5
450
330
17
100
AcDbEntity
  8
0
100
AcDbLine
 10
294.66209799999916
 20
-75.5233439999994
 30
0.0
 11
294.68292599999916
 21
-75.33004999999939
 31
0.0
  0
LINE
  5
451
330
17
100
AcDbEntity
  8
0
100
AcDbLine
 10
294.68292599999916
 20
-75.33004999999939
 30
0.0
 11
294.69994399999916
 21
-75.1321839999994
 31
0.0
  0
LINE
  5
452
330
17
100
AcDbEntity
  8
0
100
AcDbLine
 10
294.69994399999916
 20
-75.1321839999994
 30
0.0
 11
294.71340599999917
 21
-74.9302539999994
 31
0.0
  0
LINE
  5
453
330
17
100
AcDbEntity
  8
0
100
AcDbLine
 10
294.71340599999917
 20
-74.9302539999994
 30
0.0
 11
294.7235659999992
 21
-74.72476799999939
 31
0.0
  0
LINE
  5
454
330
17
100
AcDbEntity
  8
0
100
AcDbLine
 10
294.7235659999992
 20
-74.72476799999939
 30
0.0
 11
294.7306779999992
 21
-74.51623399999937
 31
0.0
  0
LINE
  5
455
330
17
100
AcDbEntity
  8
0
100
AcDbLine
 10
294.7306779999992
 20
-74.51623399999937
 30
0.0
 11
294.7352499999992
 21
-74.30490599999938
 31
0.0
  0
LINE
  5
456
330
17
100
AcDbEntity
  8
0
100
AcDbLine
 10
294.7352499999992
 20
-74.30490599999938
 30
0.0
 11
294.7372819999992
 21
-74.09154599999938
 31
0.0
  0
LINE
  5
457
330
17
100
AcDbEntity
  8
0
100
AcDbLine
 10
294.7372819999992
 20
-74.09154599999938
 30
0.0
 11
294.7372819999992
 21
-73.87640799999939
 31
0.0
  0
LINE
  5
458
330
17
100
AcDbEntity
  8
0
100
AcDbLine
 10
294.7372819999992
 20
-73.87640799999939
 30
0.0
 11
294.7355039999992
 21
-73.6599999999994
 31
0.0
  0
LINE
  5
459
330
17
100
AcDbEntity
  8
0
100
AcDbLine
 10
294.7355039999992
 20
-73.6599999999994
 30
0.0
 11
294.7319479999992
 21
-73.44257599999939
 31
0.0
  0
LINE
  5
45A
330
17
100
AcDbEntity
  8
0
100
AcDbLine
 10
294.7319479999992
 20
-73.44257599999939
 30
0.0
 11
294.7271219999992
 21
-73.22489799999938
 31
0.0
  0
LINE
  5
45B
330
17
100
AcDbEntity
  8
0
100
AcDbLine
 10
294.7271219999992
 20
-73.22489799999938
 30
0.0
 11
294.72127999999924
 21
-73.00721999999938
 31
0.0
  0
LINE
  5
45C
330
17
100
AcDbEntity
  8
0
100
AcDbLine
 10
294.72127999999924
 20
-73.00721999999938
 30
0.0
 11
294.71492999999924
 21
-72.79004999999938
 31
0.0
  0
LINE
  5
45D
330
17
100
AcDbEntity
  8
0
100
AcDbLine
 10
294.71492999999924
 20
-72.79004999999938
 30
0.0
 11
294.7080719999992
 21
-72.57389599999938
 31
0.0
  0
LINE
  5
45E
330
17
100
AcDbEntity
  8
0
100
AcDbLine
 10
294.7080719999992
 20
-72.57389599999938
 30
0.0
 11
294.7009599999992
 21
-72.35926599999937
 31
0.0
  0
LINE
  5
45F
330
17
100
AcDbEntity
  8
0
100
AcDbLine
 10
294.7009599999992
 20
-72.35926599999937
 30
0.0
 11
294.6941019999992
 21
-72.14641399999937
 31
0.0
  0
LINE
  5
460
330
17
100
AcDbEntity
  8
0
100
AcDbLine
 10
294.6941019999992
 20
-72.14641399999937
 30
0.0
 11
294.68775199999914
 21
-71.93584799999937
 31
0.0
  0
LINE
  5
461
330
17
100
AcDbEntity
  8
0
100
AcDbLine
 10
294.68775199999914
 20
-71.93584799999937
 30
0.0
 11
294.68190999999916
 21
-71.72832999999936
 31
0.0
  0
LINE
  5
462
330
17
100
AcDbEntity
  8
0
100
AcDbLine
 10
294.68190999999916
 20
-71.72832999999936
 30
0.0
 11
294.6770839999992
 21
-71.52385999999936
 31
0.0
  0
LINE
  5
463
330
17
100
AcDbEntity
  8
0
100
AcDbLine
 10
294.6770839999992
 20
-71.52385999999936
 30
0.0
 11
294.67352799999924
 21
-71.32319999999936
 31
0.0
  0
LINE
  5
464
330
17
100
AcDbEntity
  8
0
100
AcDbLine
 10
294.67352799999924
 20
-71.32319999999936
 30
0.0
 11
294.6714959999992
 21
-71.12685799999934
 31
0.0
  0
LINE
  5
465
330
17
100
AcDbEntity
  8
0
100
AcDbLine
 10
294.6714959999992
 20
-71.12685799999934
 30
0.0
 11
294.6714959999992
 21
-70.93508799999935
 31
0.0
  0
LINE
  5
466
330
17
100
AcDbEntity
  8
0
100
AcDbLine
 10
294.6714959999992
 20
-70.93508799999935
 30
0.0
 11
294.67352799999924
 21
-70.74839799999934
 31
0.0
  0
LINE
  5
467
330
17
100
AcDbEntity
  8
0
100
AcDbLine
 10
294.67352799999924
 20
-70.74839799999934
 30
0.0
 11
294.67784599999925
 21
-70.56729599999935
 31
0.0
  0
LINE
  5
468
330
17
100
AcDbEntity
  8
0
100
AcDbLine
 10
294.67784599999925
 20
-70.56729599999935
 30
0.0
 11
294.68495799999926
 21
-70.39203599999934
 31
0.0
  0
LINE
  5
469
330
17
100
AcDbEntity
  8
0
100
AcDbLine
 10
294.68495799999926
 20
-70.39203599999934
 30
0.0
 11
294.69511799999924
 21
-70.22337999999934
 31
0.0
  0
LINE
  5
46A
330
17
100
AcDbEntity
  8
0
100
AcDbLine
 10
294.69511799999924
 20
-70.22337999999934
 30
0.0
 11
294.7083259999992
 21
-70.06158199999935
 31
0.0
  0
LINE
  5
46B
330
17
100
AcDbEntity
  8
0
100
AcDbLine
 10
294.7083259999992
 20
-70.06158199999935
 30
0.0
 11
294.7250899999992
 21
-69.90714999999935
 31
0.0
  0
LINE
  5
46C
330
17
100
AcDbEntity
  8
0
100
AcDbLine
 10
294.7250899999992
 20
-69.90714999999935
 30
0.0
 11
294.7456639999992
 21
-69.76059199999935
 31
0.0
  0
LINE
  5
46D
330
17
100
AcDbEntity
  8
0
100
AcDbLine
 10
294.7456639999992
 20
-69.76059199999935
 30
0.0
 11
294.77055599999915
 21
-69.62241599999935
 31
0.0
  0
LINE
  5
46E
330
17
100
AcDbEntity
  8
0
100
AcDbLine
 10
294.77055599999915
 20
-69.62241599999935
 30
0.0
 11
294.7997659999992
 21
-69.49287599999936
 31
0.0
  0
LINE
  5
46F
330
17
100
AcDbEntity
  8
0
100
AcDbLine
 10
294.7997659999992
 20
-69.49287599999936
 30
0.0
 11
293.6346679999992
 21
-69.49592399999935
 31
0.0
  0
LINE
  5
470
330
17
100
AcDbEntity
  8
0
100
AcDbLine
 10
293.6346679999992
 20
-69.49592399999935
 30
0.0
 11
292.4695699999992
 21
-69.49897199999936
 31
0.0
  0
LINE
  5
471
330
17
100
AcDbEntity
  8
0
100
AcDbLine
 10
292.4695699999992
 20
-69.49897199999936
 30
0.0
 11
291.3044719999992
 21
-69.50201999999935
 31
0.0
  0
LINE
  5
472
330
17
100
AcDbEntity
  8
0
100
AcDbLine
 10
291.3044719999992
 20
-69.50201999999935
 30
0.0
 11
290.1393739999992
 21
-69.50506799999935
 31
0.0
  0
LINE
  5
473
330
17
100
AcDbEntity
  8
0
100
AcDbLine
 10
290.1393739999992
 20
-69.50506799999935
 30
0.0
 11
288.9742759999992
 21
-69.50811599999935
 31
0.0
  0
LINE
  5
474
330
17
100
AcDbEntity
  8
0
100
AcDbLine
 10
288.9742759999992
 20
-69.50811599999935
 30
0.0
 11
287.8091779999992
 21
-69.51116399999935
 31
0.0
  0
LINE
  5
475
330
17
100
AcDbEntity
  8
0
100
AcDbLine
 10
287.8091779999992
 20
-69.51116399999935
 30
0.0
 11
286.6440799999992
 21
-69.51421199999935
 31
0.0
  0
LINE
  5
476
330
17
100
AcDbEntity
  8
0
100
AcDbLine
 10
286.6440799999992
 20
-69.51421199999935
 30
0.0
 11
285.4789819999992
 21
-69.51725999999935
 31
0.0
  0
LINE
  5
477
330
17
100
AcDbEntity
  8
0
100
AcDbLine
 10
285.4789819999992
 20
-69.51725999999935
 30
0.0
 11
284.3138839999992
 21
-69.52030799999935
 31
0.0
  0
LINE
  5
478
330
17
100
AcDbEntity
  8
0
100
AcDbLine
 10
284.3138839999992
 20
-69.52030799999935
 30
0.0
 11
283.1487859999992
 21
-69.52335599999935
 31
0.0
  0
LINE
  5
479
330
17
100
AcDbEntity
  8
0
100
AcDbLine
 10
283.1487859999992
 20
-69.52335599999935
 30
0.0
 11
281.9836879999992
 21
-69.52640399999935
 31
0.0
  0
LINE
  5
47A
330
17
100
AcDbEntity
  8
0
100
AcDbLine
 10
281.9836879999992
 20
-69.52640399999935
 30
0.0
 11
280.81858999999923
 21
-69.52945199999935
 31
0.0
  0
LINE
  5
47B
330
17
100
AcDbEntity
  8
0
100
AcDbLine
 10
280.81858999999923
 20
-69.52945199999935
 30
0.0
 11
279.65349199999923
 21
-69.53249999999935
 31
0.0
  0
LINE
  5
47C
330
17
100
AcDbEntity
  8
0
100
AcDbLine
 10
279.65349199999923
 20
-69.53249999999935
 30
0.0
 11
278.48839399999923
 21
-69.53554799999935
 31
0.0
  0
LINE
  5
47D
330
17
100
AcDbEntity
  8
0
100
AcDbLine
 10
278.48839399999923
 20
-69.53554799999935
 30
0.0
 11
277.32329599999923
 21
-69.53859599999934
 31
0.0
  0
LINE
  5
47E
330
17
100
AcDbEntity
  8
0
100
AcDbLine
 10
277.32329599999923
 20
-69.53859599999934
 30
0.0
 11
276.15819799999923
 21
-69.54164399999935
 31
0.0
  0
LINE
  5
47F
330
17
100
AcDbEntity
  8
0
100
AcDbLine
 10
276.15819799999923
 20
-69.54164399999935
 30
0.0
 11
274.99309999999923
 21
-69.54469199999936
 31
0.0
  0
LINE
  5
480
330
17
100
AcDbEntity
  8
0
100
AcDbLine
 10
274.99309999999923
 20
-69.54469199999936
 30
0.0
 11
273.82800199999923
 21
-69.54773999999935
 31
0.0
  0
LINE
  5
481
330
17
100
AcDbEntity
  8
0
100
AcDbLine
 10
273.82800199999923
 20
-69.54773999999935
 30
0.0
 11
272.66290399999923
 21
-69.55078799999936
 31
0.0
  0
LINE
  5
482
330
17
100
AcDbEntity
  8
0
100
AcDbLine
 10
272.66290399999923
 20
-69.55078799999936
 30
0.0
 11
271.49780599999923
 21
-69.55383599999935
 31
0.0
  0
LINE
  5
483
330
17
100
AcDbEntity
  8
0
100
AcDbLine
 10
271.49780599999923
 20
-69.55383599999935
 30
0.0
 11
270.33270799999923
 21
-69.55688399999936
 31
0.0
  0
LINE
  5
484
330
17
100
AcDbEntity
  8
0
100
AcDbLine
 10
270.33270799999923
 20
-69.55688399999936
 30
0.0
 11
269.16760999999923
 21
-69.55993199999935
 31
0.0
  0
LINE
  5
485
330
17
100
AcDbEntity
  8
0
100
AcDbLine
 10
269.16760999999923
 20
-69.55993199999935
 30
0.0
 11
268.00251199999923
 21
-69.56297999999936
 31
0.0
  0
LINE
  5
486
330
17
100
AcDbEntity
  8
0
100
AcDbLine
 10
268.00251199999923
 20
-69.56297999999936
 30
0.0
 11
266.8374139999992
 21
-69.56602799999935
 31
0.0
  0
LINE
  5
487
330
17
100
AcDbEntity
  8
0
100
AcDbLine
 10
266.8374139999992
 20
-69.56602799999935
 30
0.0
 11
265.6723159999992
 21
-69.56907599999936
 31
0.0
  0
LINE
  5
488
330
17
100
AcDbEntity
  8
0
100
AcDbLine
 10
265.6723159999992
 20
-69.56907599999936
 30
0.0
 11
264.5072179999992
 21
-69.57212399999935
 31
0.0
  0
LINE
  5
489
330
17
100
AcDbEntity
  8
0
100
AcDbLine
 10
264.5072179999992
 20
-69.57212399999935
 30
0.0
 11
263.3421199999992
 21
-69.57517199999936
 31
0.0
  0
LINE
  5
48A
330
17
100
AcDbEntity
  8
0
100
AcDbLine
 10
263.3421199999992
 20
-69.57517199999936
 30
0.0
 11
262.1770219999992
 21
-69.57821999999935
 31
0.0
  0
LINE
  5
48B
330
17
100
AcDbEntity
  8
0
100
AcDbLine
 10
262.1770219999992
 20
-69.57821999999935
 30
0.0
 11
261.0119239999992
 21
-69.58126799999935
 31
0.0
  0
LINE
  5
48C
330
17
100
AcDbEntity
  8
0
100
AcDbLine
 10
261.0119239999992
 20
-69.58126799999935
 30
0.0
 11
259.8468259999993
 21
-69.58431599999935
 31
0.0
  0
LINE
  5
48D
330
17
100
AcDbEntity
  8
0
100
AcDbLine
 10
259.8468259999993
 20
-69.58431599999935
 30
0.0
 11
258.6817279999993
 21
-69.58736399999935
 31
0.0
  0
LINE
  5
48E
330
17
100
AcDbEntity
  8
0
100
AcDbLine
 10
258.6817279999993
 20
-69.58736399999935
 30
0.0
 11
257.5166299999993
 21
-69.59041199999935
 31
0.0
  0
LINE
  5
48F
330
17
100
AcDbEntity
  8
0
100
AcDbLine
 10
257.5166299999993
 20
-69.59041199999935
 30
0.0
 11
256.3515319999993
 21
-69.59345999999935
 31
0.0
  0
LINE
  5
490
330
17
100
AcDbEntity
  8
0
100
AcDbLine
 10
256.3515319999993
 20
-69.59345999999935
 30
0.0
 11
255.18643399999925
 21
-69.59650799999936
 31
0.0
  0
LINE
  5
491
330
17
100
AcDbEntity
  8
0
100
AcDbLine
 10
255.18643399999925
 20
-69.59650799999936
 30
0.0
 11
254.02133599999928
 21
-69.59955599999935
 31
0.0
  0
LINE
  5
492
330
17
100
AcDbEntity
  8
0
100
AcDbLine
 10
254.02133599999928
 20
-69.59955599999935
 30
0.0
 11
252.85623799999928
 21
-69.60260399999936
 31
0.0
  0
LINE
  5
493
330
17
100
AcDbEntity
  8
0
100
AcDbLine
 10
252.85623799999928
 20
-69.60260399999936
 30
0.0
 11
251.69113999999928
 21
-69.60565199999935
 31
0.0
  0
LINE
  5
494
330
17
100
AcDbEntity
  8
0
100
AcDbLine
 10
251.69113999999928
 20
-69.60565199999935
 30
0.0
 11
250.52604199999928
 21
-69.60869999999936
 31
0.0
  0
LINE
  5
495
330
17
100
AcDbEntity
  8
0
100
AcDbLine
 10
250.52604199999928
 20
-69.60869999999936
 30
0.0
 11
249.36094399999928
 21
-69.61174799999935
 31
0.0
  0
LINE
  5
496
330
17
100
AcDbEntity
  8
0
100
AcDbLine
 10
249.36094399999928
 20
-69.61174799999935
 30
0.0
 11
248.19584599999928
 21
-69.61479599999936
 31
0.0
  0
LINE
  5
497
330
17
100
AcDbEntity
  8
0
100
AcDbLine
 10
248.19584599999928
 20
-69.61479599999936
 30
0.0
 11
247.03074799999928
 21
-69.61784399999935
 31
0.0
  0
LINE
  5
498
330
17
100
AcDbEntity
  8
0
100
AcDbLine
 10
247.03074799999928
 20
-69.61784399999935
 30
0.0
 11
245.86564999999928
 21
-69.62089199999936
 31
0.0
  0
LINE
  5
499
330
17
100
AcDbEntity
  8
0
100
AcDbLine
 10
245.86564999999928
 20
-69.62089199999936
 30
0.0
 11
244.70055199999928
 21
-69.62393999999935
 31
0.0
  0
LINE
  5
49A
330
17
100
AcDbEntity
  8
0
100
AcDbLine
 10
244.70055199999928
 20
-69.62393999999935
 30
0.0
 11
243.5354539999993
 21
-69.62698799999936
 31
0.0
  0
LINE
  5
49B
330
17
100
AcDbEntity
  8
0
100
AcDbLine
 10
243.5354539999993
 20
-69.62698799999936
 30
0.0
 11
242.3703559999993
 21
-69.63003599999935
 31
0.0
  0
LINE
  5
49C
330
17
100
AcDbEntity
  8
0
100
AcDbLine
 10
242.3703559999993
 20
-69.63003599999935
 30
0.0
 11
241.2052579999993
 21
-69.63308399999936
 31
0.0
  0
LINE
  5
49D
330
17
100
AcDbEntity
  8
0
100
AcDbLine
 10
241.2052579999993
 20
-69.63308399999936
 30
0.0
 11
240.0401599999993
 21
-69.63613199999935
 31
0.0
  0
LINE
  5
49E
330
17
100
AcDbEntity
  8
0
100
AcDbLine
 10
240.0401599999993
 20
-69.63613199999935
 30
0.0
 11
238.8750619999993
 21
-69.63917999999936
 31
0.0
  0
LINE
  5
49F
330
17
100
AcDbEntity
  8
0
100
AcDbLine
 10
238.8750619999993
 20
-69.63917999999936
 30
0.0
 11
237.7099639999993
 21
-69.64222799999935
 31
0.0
  0
LINE
  5
4A0
330
17
100
AcDbEntity
  8
0
100
AcDbLine
 10
237.7099639999993
 20
-69.64222799999935
 30
0.0
 11
236.5448659999993
 21
-69.64527599999936
 31
0.0
  0
LINE
  5
4A1
330
17
100
AcDbEntity
  8
0
100
AcDbLine
 10
236.5448659999993
 20
-69.64527599999936
 30
0.0
 11
235.3797679999993
 21
-69.64832399999935
 31
0.0
  0
LINE
  5
4A2
330
17
100
AcDbEntity
  8
0
100
AcDbLine
 10
235.3797679999993
 20
-69.64832399999935
 30
0.0
 11
234.2146699999993
 21
-69.65137199999936
 31
0.0
  0
LINE
  5
4A3
330
17
100
AcDbEntity
  8
0
100
AcDbLine
 10
234.2146699999993
 20
-69.65137199999936
 30
0.0
 11
233.04957199999933
 21
-69.65441999999936
 31
0.0
  0
LINE
  5
4A4
330
17
100
AcDbEntity
  8
0
100
AcDbLine
 10
233.04957199999933
 20
-69.65441999999936
 30
0.0
 11
231.88447399999933
 21
-69.65746799999935
 31
0.0
  0
LINE
  5
4A5
330
17
100
AcDbEntity
  8
0
100
AcDbLine
 10
231.88447399999933
 20
-69.65746799999935
 30
0.0
 11
230.71937599999933
 21
-69.66051599999936
 31
0.0
  0
LINE
  5
4A6
330
17
100
AcDbEntity
  8
0
100
AcDbLine
 10
230.71937599999933
 20
-69.66051599999936
 30
0.0
 11
229.55427799999933
 21
-69.66356399999935
 31
0.0
  0
LINE
  5
4A7
330
17
100
AcDbEntity
  8
0
100
AcDbLine
 10
229.55427799999933
 20
-69.66356399999935
 30
0.0
 11
228.38917999999933
 21
-69.66661199999936
 31
0.0
  0
LINE
  5
4A8
330
17
100
AcDbEntity
  8
0
100
AcDbLine
 10
228.38917999999933
 20
-69.66661199999936
 30
0.0
 11
227.22408199999933
 21
-69.66965999999935
 31
0.0
  0
LINE
  5
4A9
330
17
100
AcDbEntity
  8
0
100
AcDbLine
 10
227.22408199999933
 20
-69.66965999999935
 30
0.0
 11
226.05898399999933
 21
-69.67270799999936
 31
0.0
  0
LINE
  5
4AA
330
17
100
AcDbEntity
  8
0
100
AcDbLine
 10
226.05898399999933
 20
-69.67270799999936
 30
0.0
 11
224.89388599999933
 21
-69.67575599999935
 31
0.0
  0
LINE
  5
4AB
330
17
100
AcDbEntity
  8
0
100
AcDbLine
 10
224.89388599999933
 20
-69.67575599999935
 30
0.0
 11
223.72878799999933
 21
-69.67880399999936
 31
0.0
  0
LINE
  5
4AC
330
17
100
AcDbEntity
  8
0
100
AcDbLine
 10
223.72878799999933
 20
-69.67880399999936
 30
0.0
 11
222.56368999999935
 21
-69.68185199999935
 31
0.0
  0
LINE
  5
4AD
330
17
100
AcDbEntity
  8
0
100
AcDbLine
 10
222.56368999999935
 20
-69.68185199999935
 30
0.0
 11
221.39859199999935
 21
-69.68489999999936
 31
0.0
  0
LINE
  5
4AE
330
17
100
AcDbEntity
  8
0
100
AcDbLine
 10
221.39859199999935
 20
-69.68489999999936
 30
0.0
 11
220.23349399999935
 21
-69.68794799999935
 31
0.0
  0
LINE
  5
4AF
330
17
100
AcDbEntity
  8
0
100
AcDbLine
 10
243.57406199999937
 20
-73.55458999999937
 30
0.0
 11
243.55704399999937
 21
-73.55433599999937
 31
0.0
  0
LINE
  5
4B0
330
17
100
AcDbEntity
  8
0
100
AcDbLine
 10
243.55704399999937
 20
-73.55433599999937
 30
0.0
 11
243.50954599999935
 21
-73.55433599999937
 31
0.0
  0
LINE
  5
4B1
330
17
100
AcDbEntity
  8
0
100
AcDbLine
 10
243.50954599999935
 20
-73.55433599999937
 30
0.0
 11
243.43258399999937
 21
-73.55433599999937
 31
0.0
  0
LINE
  5
4B2
330
17
100
AcDbEntity
  8
0
100
AcDbLine
 10
243.43258399999937
 20
-73.55433599999937
 30
0.0
 11
243.32691999999935
 21
-73.55458999999937
 31
0.0
  0
LINE
  5
4B3
330
17
100
AcDbEntity
  8
0
100
AcDbLine
 10
243.32691999999935
 20
-73.55458999999937
 30
0.0
 11
243.19356999999934
 21
-73.55484399999935
 31
0.0
  0
LINE
  5
4B4
330
17
100
AcDbEntity
  8
0
100
AcDbLine
 10
243.19356999999934
 20
-73.55484399999935
 30
0.0
 11
243.03354999999934
 21
-73.55535199999936
 31
0.0
  0
LINE
  5
4B5
330
17
100
AcDbEntity
  8
0
100
AcDbLine
 10
243.03354999999934
 20
-73.55535199999936
 30
0.0
 11
242.84787599999936
 21
-73.55585999999936
 31
0.0
  0
LINE
  5
4B6
330
17
100
AcDbEntity
  8
0
100
AcDbLine
 10
242.84787599999936
 20
-73.55585999999936
 30
0.0
 11
242.63730999999936
 21
-73.55662199999935
 31
0.0
  0
LINE
  5
4B7
330
17
100
AcDbEntity
  8
0
100
AcDbLine
 10
242.63730999999936
 20
-73.55662199999935
 30
0.0
 11
242.40312199999937
 21
-73.55738399999935
 31
0.0
  0
LINE
  5
4B8
330
17
100
AcDbEntity
  8
0
100
AcDbLine
 10
242.40312199999937
 20
-73.55738399999935
 30
0.0
 11
242.14607399999937
 21
-73.55839999999935
 31
0.0
  0
LINE
  5
4B9
330
17
100
AcDbEntity
  8
0
100
AcDbLine
 10
242.14607399999937
 20
-73.55839999999935
 30
0.0
 11
241.86692799999935
 21
-73.55941599999936
 31
0.0
  0
LINE
  5
4BA
330
17
100
AcDbEntity
  8
0
100
AcDbLine
 10
241.86692799999935
 20
-73.55941599999936
 30
0.0
 11
241.56695399999936
 21
-73.56043199999937
 31
0.0
  0
LINE
  5
4BB
330
17
100
AcDbEntity
  8
0
100
AcDbLine
 10
241.56695399999936
 20
-73.56043199999937
 30
0.0
 11
241.24691399999935
 21
-73.56170199999937
 31
0.0
  0
LINE
  5
4BC
330
17
100
AcDbEntity
  8
0
100
AcDbLine
 10
241.24691399999935
 20
-73.56170199999937
 30
0.0
 11
240.90782399999935
 21
-73.56297199999936
 31
0.0
  0
LINE
  5
4BD
330
17
100
AcDbEntity
  8
0
100
AcDbLine
 10
240.90782399999935
 20
-73.56297199999936
 30
0.0
 11
240.55069999999935
 21
-73.56424199999937
 31
0.0
  0
LINE
  5
4BE
330
17
100
AcDbEntity
  8
0
100
AcDbLine
 10
240.55069999999935
 20
-73.56424199999937
 30
0.0
 11
240.17655799999937
 21
-73.56576599999936
 31
0.0
  0
LINE
  5
4BF
330
17
100
AcDbEntity
  8
0
100
AcDbLine
 10
240.17655799999937
 20
-73.56576599999936
 30
0.0
 11
239.78615999999937
 21
-73.56728999999935
 31
0.0
  0
LINE
  5
4C0
330
17
100
AcDbEntity
  8
0
100
AcDbLine
 10
239.78615999999937
 20
-73.56728999999935
 30
0.0
 11
239.38077599999937
 21
-73.56881399999934
 31
0.0
  0
LINE
  5
4C1
330
17
100
AcDbEntity
  8
0
100
AcDbLine
 10
239.38077599999937
 20
-73.56881399999934
 30
0.0
 11
238.96116799999933
 21
-73.57059199999934
 31
0.0
  0
LINE
  5
4C2
330
17
100
AcDbEntity
  8
0
100
AcDbLine
 10
238.96116799999933
 20
-73.57059199999934
 30
0.0
 11
238.52809799999935
 21
-73.57236999999934
 31
0.0
  0
LINE
  5
4C3
330
17
100
AcDbEntity
  8
0
100
AcDbLine
 10
238.52809799999935
 20
-73.57236999999934
 30
0.0
 11
238.08283599999933
 21
-73.57414799999934
 31
0.0
  0
LINE
  5
4C4
330
17
100
AcDbEntity
  8
0
100
AcDbLine
 10
238.08283599999933
 20
-73.57414799999934
 30
0.0
 11
237.62614399999933
 21
-73.57592599999934
 31
0.0
  0
LINE
  5
4C5
330
17
100
AcDbEntity
  8
0
100
AcDbLine
 10
237.62614399999933
 20
-73.57592599999934
 30
0.0
 11
237.1590379999993
 21
-73.57770399999934
 31
0.0
  0
LINE
  5
4C6
330
17
100
AcDbEntity
  8
0
100
AcDbLine
 10
237.1590379999993
 20
-73.57770399999934
 30
0.0
 11
236.68253399999932
 21
-73.57973599999934
 31
0.0
  0
LINE
  5
4C7
330
17
100
AcDbEntity
  8
0
100
AcDbLine
 10
236.68253399999932
 20
-73.57973599999934
 30
0.0
 11
236.19764799999933
 21
-73.58176799999934
 31
0.0
  0
LINE
  5
4C8
330
17
100
AcDbEntity
  8
0
100
AcDbLine
 10
236.19764799999933
 20
-73.58176799999934
 30
0.0
 11
235.70514199999934
 21
-73.58379999999933
 31
0.0
  0
LINE
  5
4C9
330
17
100
AcDbEntity
  8
0
100
AcDbLine
 10
235.70514199999934
 20
-73.58379999999933
 30
0.0
 11
235.2060319999993
 21
-73.58583199999933
 31
0.0
  0
LINE
  5
4CA
330
17
100
AcDbEntity
  8
0
100
AcDbLine
 10
235.2060319999993
 20
-73.58583199999933
 30
0.0
 11
234.70133399999932
 21
-73.58786399999933
 31
0.0
  0
LINE
  5
4CB
330
17
100
AcDbEntity
  8
0
100
AcDbLine
 10
234.70133399999932
 20
-73.58786399999933
 30
0.0
 11
234.19206399999933
 21
-73.58989599999931
 31
0.0
  0
LINE
  5
4CC
330
17
100
AcDbEntity
  8
0
100
AcDbLine
 10
234.19206399999933
 20
-73.58989599999931
 30
0.0
 11
233.67923799999932
 21
-73.59192799999931
 31
0.0
  0
LINE
  5
4CD
330
17
100
AcDbEntity
  8
0
100
AcDbLine
 10
233.67923799999932
 20
-73.59192799999931
 30
0.0
 11
233.16361799999933
 21
-73.59395999999931
 31
0.0
  0
LINE
  5
4CE
330
17
100
AcDbEntity
  8
0
100
AcDbLine
 10
233.16361799999933
 20
-73.59395999999931
 30
0.0
 11
232.64621999999932
 21
-73.5959919999993
 31
0.0
  0
LINE
  5
4CF
330
17
100
AcDbEntity
  8
0
100
AcDbLine
 10
232.64621999999932
 20
-73.5959919999993
 30
0.0
 11
232.12805999999932
 21
-73.5980239999993
 31
0.0
  0
LINE
  5
4D0
330
17
100
AcDbEntity
  8
0
100
AcDbLine
 10
232.12805999999932
 20
-73.5980239999993
 30
0.0
 11
231.60989999999936
 21
-73.6000559999993
 31
0.0
  0
LINE
  5
4D1
330
17
100
AcDbEntity
  8
0
100
AcDbLine
 10
231.60989999999936
 20
-73.6000559999993
 30
0.0
 11
231.09300999999934
 21
-73.60208799999928
 31
0.0
  0
LINE
  5
4D2
330
17
100
AcDbEntity
  8
0
100
AcDbLine
 10
231.09300999999934
 20
-73.60208799999928
 30
0.0
 11
230.57815199999933
 21
-73.60411999999928
 31
0.0
  0
LINE
  5
4D3
330
17
100
AcDbEntity
  8
0
100
AcDbLine
 10
230.57815199999933
 20
-73.60411999999928
 30
0.0
 11
230.06634199999934
 21
-73.60615199999928
 31
0.0
  0
LINE
  5
4D4
330
17
100
AcDbEntity
  8
0
100
AcDbLine
 10
230.06634199999934
 20
-73.60615199999928
 30
0.0
 11
229.55859599999934
 21
-73.60818399999928
 31
0.0
  0
LINE
  5
4D5
330
17
100
AcDbEntity
  8
0
100
AcDbLine
 10
229.55859599999934
 20
-73.60818399999928
 30
0.0
 11
229.05567599999932
 21
-73.61021599999927
 31
0.0
  0
LINE
  5
4D6
330
17
100
AcDbEntity
  8
0
100
AcDbLine
 10
229.05567599999932
 20
-73.61021599999927
 30
0.0
 11
228.55859799999934
 21
-73.61224799999927
 31
0.0
  0
LINE
  5
4D7
330
17
100
AcDbEntity
  8
0
100
AcDbLine
 10
228.55859799999934
 20
-73.61224799999927
 30
0.0
 11
228.06837799999934
 21
-73.61427999999927
 31
0.0
  0
LINE
  5
4D8
330
17
100
AcDbEntity
  8
0
100
AcDbLine
 10
228.06837799999934
 20
-73.61427999999927
 30
0.0
 11
227.58603199999934
 21
-73.61631199999925
 31
0.0
  0
LINE
  5
4D9
330
17
100
AcDbEntity
  8
0
100
AcDbLine
 10
227.58603199999934
 20
-73.61631199999925
 30
0.0
 11
227.11257599999934
 21
-73.61834399999925
 31
0.0
  0
LINE
  5
4DA
330
17
100
AcDbEntity
  8
0
100
AcDbLine
 10
227.11257599999934
 20
-73.61834399999925
 30
0.0
 11
226.64877199999933
 21
-73.62012199999926
 31
0.0
  0
LINE
  5
4DB
330
17
100
AcDbEntity
  8
0
100
AcDbLine
 10
226.64877199999933
 20
-73.62012199999926
 30
0.0
 11
226.19563599999933
 21
-73.62189999999926
 31
0.0
  0
LINE
  5
4DC
330
17
100
AcDbEntity
  8
0
100
AcDbLine
 10
226.19563599999933
 20
-73.62189999999926
 30
0.0
 11
225.75418399999933
 21
-73.62367799999926
 31
0.0
  0
LINE
  5
4DD
330
17
100
AcDbEntity
  8
0
100
AcDbLine
 10
225.75418399999933
 20
-73.62367799999926
 30
0.0
 11
225.32543199999932
 21
-73.62545599999926
 31
0.0
  0
LINE
  5
4DE
330
17
100
AcDbEntity
  8
0
100
AcDbLine
 10
225.32543199999932
 20
-73.62545599999926
 30
0.0
 11
224.91014199999933
 21
-73.62723399999926
 31
0.0
  0
LINE
  5
4DF
330
17
100
AcDbEntity
  8
0
100
AcDbLine
 10
224.91014199999933
 20
-73.62723399999926
 30
0.0
 11
224.50932999999932
 21
-73.62875799999925
 31
0.0
  0
LINE
  5
4E0
330
17
100
AcDbEntity
  8
0
100
AcDbLine
 10
224.50932999999932
 20
-73.62875799999925
 30
0.0
 11
224.1240119999993
 21
-73.63028199999924
 31
0.0
  0
LINE
  5
4E1
330
17
100
AcDbEntity
  8
0
100
AcDbLine
 10
224.1240119999993
 20
-73.63028199999924
 30
0.0
 11
223.7552039999993
 21
-73.63180599999924
 31
0.0
  0
LINE
  5
4E2
330
17
100
AcDbEntity
  8
0
100
AcDbLine
 10
223.7552039999993
 20
-73.63180599999924
 30
0.0
 11
223.4039219999993
 21
-73.63307599999924
 31
0.0
  0
LINE
  5
4E3
330
17
100
AcDbEntity
  8
0
100
AcDbLine
 10
223.4039219999993
 20
-73.63307599999924
 30
0.0
 11
223.0709279999993
 21
-73.63434599999924
 31
0.0
  0
LINE
  5
4E4
330
17
100
AcDbEntity
  8
0
100
AcDbLine
 10
223.0709279999993
 20
-73.63434599999924
 30
0.0
 11
222.7572379999993
 21
-73.63561599999923
 31
0.0
  0
LINE
  5
4E5
330
17
100
AcDbEntity
  8
0
100
AcDbLine
 10
222.7572379999993
 20
-73.63561599999923
 30
0.0
 11
222.4638679999993
 21
-73.63663199999924
 31
0.0
  0
LINE
  5
4E6
330
17
100
AcDbEntity
  8
0
100
AcDbLine
 10
222.4638679999993
 20
-73.63663199999924
 30
0.0
 11
222.1918339999993
 21
-73.63764799999925
 31
0.0
  0
LINE
  5
4E7
330
17
100
AcDbEntity
  8
0
100
AcDbLine
 10
222.1918339999993
 20
-73.63764799999925
 30
0.0
 11
221.9418979999993
 21
-73.63866399999925
 31
0.0
  0
LINE
  5
4E8
330
17
100
AcDbEntity
  8
0
100
AcDbLine
 10
221.9418979999993
 20
-73.63866399999925
 30
0.0
 11
221.71507599999927
 21
-73.63942599999925
 31
0.0
  0
LINE
  5
4E9
330
17
100
AcDbEntity
  8
0
100
AcDbLine
 10
221.71507599999927
 20
-73.63942599999925
 30
0.0
 11
221.5123839999993
 21
-73.64018799999924
 31
0.0
  0
LINE
  5
4EA
330
17
100
AcDbEntity
  8
0
100
AcDbLine
 10
221.5123839999993
 20
-73.64018799999924
 30
0.0
 11
221.33483799999928
 21
-73.64069599999924
 31
0.0
  0
LINE
  5
4EB
330
17
100
AcDbEntity
  8
0
100
AcDbLine
 10
221.33483799999928
 20
-73.64069599999924
 30
0.0
 11
221.1831999999993
 21
-73.64120399999925
 31
0.0
  0
LINE
  5
4EC
330
17
100
AcDbEntity
  8
0
100
AcDbLine
 10
221.1831999999993
 20
-73.64120399999925
 30
0.0
 11
221.0587399999993
 21
-73.64145799999925
 31
0.0
  0
LINE
  5
4ED
330
17
100
AcDbEntity
  8
0
100
AcDbLine
 10
221.0587399999993
 20
-73.64145799999925
 30
0.0
 11
220.9622199999993
 21
-73.64171199999923
 31
0.0
  0
LINE
  5
4EE
330
17
100
AcDbEntity
  8
0
100
AcDbLine
 10
220.9622199999993
 20
-73.64171199999923
 30
0.0
 11
220.89465599999932
 21
-73.64171199999923
 31
0.0
  0
LINE
  5
4EF
330
17
100
AcDbEntity
  8
0
100
AcDbLine
 10
220.89465599999932
 20
-73.64171199999923
 30
0.0
 11
220.78238799999932
 21
-73.42377999999924
 31
0.0
  0
LINE
  5
4F0
330
17
100
AcDbEntity
  8
0
100
AcDbLine
 10
220.78238799999932
 20
-73.42377999999924
 30
0.0
 11
220.6838359999993
 21
-73.21575399999924
 31
0.0
  0
LINE
  5
4F1
330
17
100
AcDbEntity
  8
0
100
AcDbLine
 10
220.6838359999993
 20
-73.21575399999924
 30
0.0
 11
220.5989999999993
 21
-73.01712599999924
 31
0.0
  0
LINE
  5
4F2
330
17
100
AcDbEntity
  8
0
100
AcDbLine
 10
220.5989999999993
 20
-73.01712599999924
 30
0.0
 11
220.52762599999932
 21
-72.82789599999923
 31
0.0
  0
LINE
  5
4F3
330
17
100
AcDbEntity
  8
0
100
AcDbLine
 10
220.52762599999932
 20
-72.82789599999923
 30
0.0
 11
220.46945999999932
 21
-72.64780999999923
 31
0.0
  0
LINE
  5
4F4
330
17
100
AcDbEntity
  8
0
100
AcDbLine
 10
220.46945999999932
 20
-72.64780999999923
 30
0.0
 11
220.42424799999932
 21
-72.47686799999923
 31
0.0
  0
LINE
  5
4F5
330
17
100
AcDbEntity
  8
0
100
AcDbLine
 10
220.42424799999932
 20
-72.47686799999923
 30
0.0
 11
220.39198999999934
 21
-72.31456199999923
 31
0.0
  0
LINE
  5
4F6
330
17
100
AcDbEntity
  8
0
100
AcDbLine
 10
220.39198999999934
 20
-72.31456199999923
 30
0.0
 11
220.37243199999932
 21
-72.16089199999922
 31
0.0
  0
LINE
  5
4F7
330
17
100
AcDbEntity
  8
0
100
AcDbLine
 10
220.37243199999932
 20
-72.16089199999922
 30
0.0
 11
220.36531999999931
 21
-72.01534999999923
 31
0.0
  0
LINE
  5
4F8
330
17
100
AcDbEntity
  8
0
100
AcDbLine
 10
220.36531999999931
 20
-72.01534999999923
 30
0.0
 11
220.3703999999993
 21
-71.87793599999922
 31
0.0
  0
LINE
  5
4F9
330
17
100
AcDbEntity
  8
0
100
AcDbLine
 10
220.3703999999993
 20
-71.87793599999922
 30
0.0
 11
220.3876719999993
 21
-71.74839599999923
 31
0.0
  0
LINE
  5
4FA
330
17
100
AcDbEntity
  8
0
100
AcDbLine
 10
220.3876719999993
 20
-71.74839599999923
 30
0.0
 11
220.4168819999993
 21
-71.62672999999924
 31
0.0
  0
LINE
  5
4FB
330
17
100
AcDbEntity
  8
0
100
AcDbLine
 10
220.4168819999993
 20
-71.62672999999924
 30
0.0
 11
220.45802999999933
 21
-71.51242999999924
 31
0.0
  0
LINE
  5
4FC
330
17
100
AcDbEntity
  8
0
100
AcDbLine
 10
220.45802999999933
 20
-71.51242999999924
 30
0.0
 11
220.5106079999993
 21
-71.40524199999923
 31
0.0
  0
LINE
  5
4FD
330
17
100
AcDbEntity
  8
0
100
AcDbLine
 10
220.5106079999993
 20
-71.40524199999923
 30
0.0
 11
220.5746159999993
 21
-71.30516599999923
 31
0.0
  0
LINE
  5
4FE
330
17
100
AcDbEntity
  8
0
100
AcDbLine
 10
220.5746159999993
 20
-71.30516599999923
 30
0.0
 11
220.64979999999932
 21
-71.21194799999923
 31
0.0
  0
LINE
  5
4FF
330
17
100
AcDbEntity
  8
0
100
AcDbLine
 10
220.64979999999932
 20
-71.21194799999923
 30
0.0
 11
220.73615999999933
 21
-71.12533399999923
 31
0.0
  0
LINE
  5
500
330
17
100
AcDbEntity
  8
0
100
AcDbLine
 10
220.73615999999933
 20
-71.12533399999923
 30
0.0
 11
220.83344199999934
 21
-71.04506999999923
 31
0.0
  0
LINE
  5
501
330
17
100
AcDbEntity
  8
0
100
AcDbLine
 10
220.83344199999934
 20
-71.04506999999923
 30
0.0
 11
220.94139199999933
 21
-70.97090199999924
 31
0.0
  0
LINE
  5
502
330
17
100
AcDbEntity
  8
0
100
AcDbLine
 10
220.94139199999933
 20
-70.97090199999924
 30
0.0
 11
221.05975599999934
 21
-70.90282999999924
 31
0.0
  0
LINE
  5
503
330
17
100
AcDbEntity
  8
0
100
AcDbLine
 10
221.05975599999934
 20
-70.90282999999924
 30
0.0
 11
221.1882799999993
 21
-70.84034599999924
 31
0.0
  0
LINE
  5
504
330
17
100
AcDbEntity
  8
0
100
AcDbLine
 10
221.1882799999993
 20
-70.84034599999924
 30
0.0
 11
221.32696399999932
 21
-70.78344999999925
 31
0.0
  0
LINE
  5
505
330
17
100
AcDbEntity
  8
0
100
AcDbLine
 10
221.32696399999932
 20
-70.78344999999925
 30
0.0
 11
221.47555399999933
 21
-70.73188799999926
 31
0.0
  0
LINE
  5
506
330
17
100
AcDbEntity
  8
0
100
AcDbLine
 10
221.47555399999933
 20
-70.73188799999926
 30
0.0
 11
221.63404999999935
 21
-70.68540599999926
 31
0.0
  0
LINE
  5
507
330
17
100
AcDbEntity
  8
0
100
AcDbLine
 10
221.63404999999935
 20
-70.68540599999926
 30
0.0
 11
221.80194399999934
 21
-70.64400399999926
 31
0.0
  0
LINE
  5
508
330
17
100
AcDbEntity
  8
0
100
AcDbLine
 10
221.80194399999934
 20
-70.64400399999926
 30
0.0
 11
221.97923599999933
 21
-70.60717399999926
 31
0.0
  0
LINE
  5
509
330
17
100
AcDbEntity
  8
0
100
AcDbLine
 10
221.97923599999933
 20
-70.60717399999926
 30
0.0
 11
222.16592599999933
 21
-70.57491599999926
 31
0.0
  0
LINE
  5
50A
330
17
100
AcDbEntity
  8
0
100
AcDbLine
 10
222.16592599999933
 20
-70.57491599999926
 30
0.0
 11
222.36150599999934
 21
-70.54672199999926
 31
0.0
  0
LINE
  5
50B
330
17
100
AcDbEntity
  8
0
100
AcDbLine
 10
222.36150599999934
 20
-70.54672199999926
 30
0.0
 11
222.56597599999932
 21
-70.52259199999925
 31
0.0
  0
LINE
  5
50C
330
17
100
AcDbEntity
  8
0
100
AcDbLine
 10
222.56597599999932
 20
-70.52259199999925
 30
0.0
 11
222.77908199999933
 21
-70.50227199999927
 31
0.0
  0
LINE
  5
50D
330
17
100
AcDbEntity
  8
0
100
AcDbLine
 10
222.77908199999933
 20
-70.50227199999927
 30
0.0
 11
223.00056999999933
 21
-70.48550799999927
 31
0.0
  0
LINE
  5
50E
330
17
100
AcDbEntity
  8
0
100
AcDbLine
 10
223.00056999999933
 20
-70.48550799999927
 30
0.0
 11
223.2304399999993
 21
-70.47229999999927
 31
0.0
  0
LINE
  5
50F
330
17
100
AcDbEntity
  8
0
100
AcDbLine
 10
223.2304399999993
 20
-70.47229999999927
 30
0.0
 11
223.4684379999993
 21
-70.46213999999925
 31
0.0
  0
LINE
  5
510
330
17
100
AcDbEntity
  8
0
100
AcDbLine
 10
223.4684379999993
 20
-70.46213999999925
 30
0.0
 11
223.7143099999993
 21
-70.45502799999925
 31
0.0
  0
LINE
  5
511
330
17
100
AcDbEntity
  8
0
100
AcDbLine
 10
223.7143099999993
 20
-70.45502799999925
 30
0.0
 11
223.9680559999993
 21
-70.45070999999925
 31
0.0
  0
LINE
  5
512
330
17
100
AcDbEntity
  8
0
100
AcDbLine
 10
223.9680559999993
 20
-70.45070999999925
 30
0.0
 11
224.22942199999932
 21
-70.44893199999925
 31
0.0
  0
LINE
  5
513
330
17
100
AcDbEntity
  8
0
100
AcDbLine
 10
224.22942199999932
 20
-70.44893199999925
 30
0.0
 11
224.4978999999993
 21
-70.44943999999926
 31
0.0
  0
LINE
  5
514
330
17
100
AcDbEntity
  8
0
100
AcDbLine
 10
224.4978999999993
 20
-70.44943999999926
 30
0.0
 11
224.7737439999993
 21
-70.45197999999925
 31
0.0
  0
LINE
  5
515
330
17
100
AcDbEntity
  8
0
100
AcDbLine
 10
224.7737439999993
 20
-70.45197999999925
 30
0.0
 11
225.05644599999934
 21
-70.45655199999925
 31
0.0
  0
LINE
  5
516
330
17
100
AcDbEntity
  8
0
100
AcDbLine
 10
225.05644599999934
 20
-70.45655199999925
 30
0.0
 11
225.34600599999933
 21
-70.46264799999925
 31
0.0
  0
LINE
  5
517
330
17
100
AcDbEntity
  8
0
100
AcDbLine
 10
225.34600599999933
 20
-70.46264799999925
 30
0.0
 11
225.64216999999934
 21
-70.47026799999924
 31
0.0
  0
LINE
  5
518
330
17
100
AcDbEntity
  8
0
100
AcDbLine
 10
225.64216999999934
 20
-70.47026799999924
 30
0.0
 11
225.94493799999935
 21
-70.47915799999925
 31
0.0
  0
LINE
  5
519
330
17
100
AcDbEntity
  8
0
100
AcDbLine
 10
225.94493799999935
 20
-70.47915799999925
 30
0.0
 11
226.25405599999934
 21
-70.48906399999925
 31
0.0
  0
LINE
  5
51A
330
17
100
AcDbEntity
  8
0
100
AcDbLine
 10
226.25405599999934
 20
-70.48906399999925
 30
0.0
 11
226.56926999999934
 21
-70.49973199999923
 31
0.0
  0
LINE
  5
51B
330
17
100
AcDbEntity
  8
0
100
AcDbLine
 10
226.56926999999934
 20
-70.49973199999923
 30
0.0
 11
226.89032599999933
 21
-70.51116199999923
 31
0.0
  0
LINE
  5
51C
330
17
100
AcDbEntity
  8
0
100
AcDbLine
 10
226.89032599999933
 20
-70.51116199999923
 30
0.0
 11
227.21696999999932
 21
-70.52284599999923
 31
0.0
  0
LINE
  5
51D
330
17
100
AcDbEntity
  8
0
100
AcDbLine
 10
227.21696999999932
 20
-70.52284599999923
 30
0.0
 11
227.54920199999933
 21
-70.53478399999925
 31
0.0
  0
LINE
  5
51E
330
17
100
AcDbEntity
  8
0
100
AcDbLine
 10
227.54920199999933
 20
-70.53478399999925
 30
0.0
 11
227.8867679999993
 21
-70.54672199999925
 31
0.0
  0
LINE
  5
51F
330
17
100
AcDbEntity
  8
0
100
AcDbLine
 10
227.8867679999993
 20
-70.54672199999925
 30
0.0
 11
228.22966799999932
 21
-70.55840599999925
 31
0.0
  0
LINE
  5
520
330
17
100
AcDbEntity
  8
0
100
AcDbLine
 10
228.22966799999932
 20
-70.55840599999925
 30
0.0
 11
228.57739399999932
 21
-70.56958199999924
 31
0.0
  0
LINE
  5
521
330
17
100
AcDbEntity
  8
0
100
AcDbLine
 10
228.57739399999932
 20
-70.56958199999924
 30
0.0
 11
228.92994599999935
 21
-70.57999599999924
 31
0.0
  0
LINE
  5
522
330
17
100
AcDbEntity
  8
0
100
AcDbLine
 10
228.92994599999935
 20
-70.57999599999924
 30
0.0
 11
229.28732399999933
 21
-70.58964799999924
 31
0.0
  0
LINE
  5
523
330
17
100
AcDbEntity
  8
0
100
AcDbLine
 10
229.28732399999933
 20
-70.58964799999924
 30
0.0
 11
229.64901999999933
 21
-70.59828399999924
 31
0.0
  0
LINE
  5
524
330
17
100
AcDbEntity
  8
0
100
AcDbLine
 10
229.64901999999933
 20
-70.59828399999924
 30
0.0
 11
230.01503399999933
 21
-70.60539599999925
 31
0.0
  0
LINE
  5
525
330
17
100
AcDbEntity
  8
0
100
AcDbLine
 10
230.01503399999933
 20
-70.60539599999925
 30
0.0
 11
230.38511199999934
 21
-70.61098399999925
 31
0.0
  0
LINE
  5
526
330
17
100
AcDbEntity
  8
0
100
AcDbLine
 10
230.38511199999934
 20
-70.61098399999925
 30
0.0
 11
230.75899999999933
 21
-70.61504799999925
 31
0.0
  0
LINE
  5
527
330
17
100
AcDbEntity
  8
0
100
AcDbLine
 10
230.75899999999933
 20
-70.61504799999925
 30
0.0
 11
231.13669799999934
 21
-70.61707999999925
 31
0.0
  0
LINE
  5
528
330
17
100
AcDbEntity
  8
0
100
AcDbLine
 10
231.13669799999934
 20
-70.61707999999925
 30
0.0
 11
231.51795199999933
 21
-70.61682599999925
 31
0.0
  0
LINE
  5
529
330
17
100
AcDbEntity
  8
0
100
AcDbLine
 10
231.51795199999933
 20
-70.61682599999925
 30
0.0
 11
231.90250799999933
 21
-70.61428599999925
 31
0.0
  0
LINE
  5
52A
330
17
100
AcDbEntity
  8
0
100
AcDbLine
 10
231.90250799999933
 20
-70.61428599999925
 30
0.0
 11
232.2901119999993
 21
-70.60920599999926
 31
0.0
  0
LINE
  5
52B
330
17
100
AcDbEntity
  8
0
100
AcDbLine
 10
232.2901119999993
 20
-70.60920599999926
 30
0.0
 11
232.68076399999933
 21
-70.60133199999926
 31
0.0
  0
LINE
  5
52C
330
17
100
AcDbEntity
  8
0
100
AcDbLine
 10
232.68076399999933
 20
-70.60133199999926
 30
0.0
 11
233.0742099999993
 21
-70.59040999999925
 31
0.0
  0
LINE
  5
52D
330
17
100
AcDbEntity
  8
0
100
AcDbLine
 10
233.0742099999993
 20
-70.59040999999925
 30
0.0
 11
233.4701959999993
 21
-70.57618599999925
 31
0.0
  0
LINE
  5
52E
330
17
100
AcDbEntity
  8
0
100
AcDbLine
 10
233.4701959999993
 20
-70.57618599999925
 30
0.0
 11
233.86872199999928
 21
-70.55840599999927
 31
0.0
  0
LINE
  5
52F
330
17
100
AcDbEntity
  8
0
100
AcDbLine
 10
233.86872199999928
 20
-70.55840599999927
 30
0.0
 11
234.20019199999928
 21
-70.57415399999927
 31
0.0
  0
LINE
  5
530
330
17
100
AcDbEntity
  8
0
100
AcDbLine
 10
234.20019199999928
 20
-70.57415399999927
 30
0.0
 11
234.53064599999928
 21
-70.58659999999927
 31
0.0
  0
LINE
  5
531
330
17
100
AcDbEntity
  8
0
100
AcDbLine
 10
234.53064599999928
 20
-70.58659999999927
 30
0.0
 11
234.8600839999993
 21
-70.59599799999926
 31
0.0
  0
LINE
  5
532
330
17
100
AcDbEntity
  8
0
100
AcDbLine
 10
234.8600839999993
 20
-70.59599799999926
 30
0.0
 11
235.1879979999993
 21
-70.60260199999925
 31
0.0
  0
LINE
  5
533
330
17
100
AcDbEntity
  8
0
100
AcDbLine
 10
235.1879979999993
 20
-70.60260199999925
 30
0.0
 11
235.5141339999993
 21
-70.60666599999927
 31
0.0
  0
LINE
  5
534
330
17
100
AcDbEntity
  8
0
100
AcDbLine
 10
235.5141339999993
 20
-70.60666599999927
 30
0.0
 11
235.83849199999932
 21
-70.60844399999927
 31
0.0
  0
LINE
  5
535
330
17
100
AcDbEntity
  8
0
100
AcDbLine
 10
235.83849199999932
 20
-70.60844399999927
 30
0.0
 11
236.16081799999932
 21
-70.60793599999926
 31
0.0
  0
LINE
  5
536
330
17
100
AcDbEntity
  8
0
100
AcDbLine
 10
236.16081799999932
 20
-70.60793599999926
 30
0.0
 11
236.48085799999933
 21
-70.60539599999926
 31
0.0
  0
LINE
  5
537
330
17
100
AcDbEntity
  8
0
100
AcDbLine
 10
236.48085799999933
 20
-70.60539599999926
 30
0.0
 11
236.79835799999933
 21
-70.60107799999926
 31
0.0
  0
LINE
  5
538
330
17
100
AcDbEntity
  8
0
100
AcDbLine
 10
236.79835799999933
 20
-70.60107799999926
 30
0.0
 11
237.11306399999933
 21
-70.59523599999926
 31
0.0
  0
LINE
  5
539
330
17
100
AcDbEntity
  8
0
100
AcDbLine
 10
237.11306399999933
 20
-70.59523599999926
 30
0.0
 11
237.42472199999932
 21
-70.58812399999925
 31
0.0
  0
LINE
  5
53A
330
17
100
AcDbEntity
  8
0
100
AcDbLine
 10
237.42472199999932
 20
-70.58812399999925
 30
0.0
 11
237.73307799999932
 21
-70.57974199999924
 31
0.0
  0
LINE
  5
53B
330
17
100
AcDbEntity
  8
0
100
AcDbLine
 10
237.73307799999932
 20
-70.57974199999924
 30
0.0
 11
238.03787799999935
 21
-70.57034399999925
 31
0.0
  0
LINE
  5
53C
330
17
100
AcDbEntity
  8
0
100
AcDbLine
 10
238.03787799999935
 20
-70.57034399999925
 30
0.0
 11
238.33886799999934
 21
-70.56018399999925
 31
0.0
  0
LINE
  5
53D
330
17
100
AcDbEntity
  8
0
100
AcDbLine
 10
238.33886799999934
 20
-70.56018399999925
 30
0.0
 11
238.63604799999933
 21
-70.54951599999926
 31
0.0
  0
LINE
  5
53E
330
17
100
AcDbEntity
  8
0
100
AcDbLine
 10
238.63604799999933
 20
-70.54951599999926
 30
0.0
 11
238.92890999999932
 21
-70.53859399999925
 31
0.0
  0
LINE
  5
53F
330
17
100
AcDbEntity
  8
0
100
AcDbLine
 10
238.92890999999932
 20
-70.53859399999925
 30
0.0
 11
239.21745399999932
 21
-70.52741799999926
 31
0.0
  0
LINE
  5
540
330
17
100
AcDbEntity
  8
0
100
AcDbLine
 10
239.21745399999932
 20
-70.52741799999926
 30
0.0
 11
239.50142599999933
 21
-70.51624199999927
 31
0.0
  0
LINE
  5
541
330
17
100
AcDbEntity
  8
0
100
AcDbLine
 10
239.50142599999933
 20
-70.51624199999927
 30
0.0
 11
239.78057199999935
 21
-70.50531999999926
 31
0.0
  0
LINE
  5
542
330
17
100
AcDbEntity
  8
0
100
AcDbLine
 10
239.78057199999935
 20
-70.50531999999926
 30
0.0
 11
240.05463799999933
 21
-70.49490599999926
 31
0.0
  0
LINE
  5
543
330
17
100
AcDbEntity
  8
0
100
AcDbLine
 10
240.05463799999933
 20
-70.49490599999926
 30
0.0
 11
240.32336999999933
 21
-70.48525399999926
 31
0.0
  0
LINE
  5
544
330
17
100
AcDbEntity
  8
0
100
AcDbLine
 10
240.32336999999933
 20
-70.48525399999926
 30
0.0
 11
240.5865139999993
 21
-70.47636399999925
 31
0.0
  0
LINE
  5
545
330
17
100
AcDbEntity
  8
0
100
AcDbLine
 10
240.5865139999993
 20
-70.47636399999925
 30
0.0
 11
240.84381599999932
 21
-70.46848999999925
 31
0.0
  0
LINE
  5
546
330
17
100
AcDbEntity
  8
0
100
AcDbLine
 10
240.84381599999932
 20
-70.46848999999925
 30
0.0
 11
241.09502199999935
 21
-70.46188599999925
 31
0.0
  0
LINE
  5
547
330
17
100
AcDbEntity
  8
0
100
AcDbLine
 10
241.09502199999935
 20
-70.46188599999925
 30
0.0
 11
241.34013199999933
 21
-70.45680599999925
 31
0.0
  0
LINE
  5
548
330
17
100
AcDbEntity
  8
0
100
AcDbLine
 10
241.34013199999933
 20
-70.45680599999925
 30
0.0
 11
241.57863799999933
 21
-70.45324999999924
 31
0.0
  0
LINE
  5
549
330
17
100
AcDbEntity
  8
0
100
AcDbLine
 10
241.57863799999933
 20
-70.45324999999924
 30
0.0
 11
241.81053999999935
 21
-70.45172599999925
 31
0.0
  0
LINE
  5
54A
330
17
100
AcDbEntity
  8
0
100
AcDbLine
 10
241.81053999999935
 20
-70.45172599999925
 30
0.0
 11
242.03558399999932
 21
-70.45223399999927
 31
0.0
  0
LINE
  5
54B
330
17
100
AcDbEntity
  8
0
100
AcDbLine
 10
242.03558399999932
 20
-70.45223399999927
 30
0.0
 11
242.25326199999932
 21
-70.45502799999926
 31
0.0
  0
LINE
  5
54C
330
17
100
AcDbEntity
  8
0
100
AcDbLine
 10
242.25326199999932
 20
-70.45502799999926
 30
0.0
 11
242.4635739999993
 21
-70.46036199999926
 31
0.0
  0
LINE
  5
54D
330
17
100
AcDbEntity
  8
0
100
AcDbLine
 10
242.4635739999993
 20
-70.46036199999926
 30
0.0
 11
242.66626599999933
 21
-70.46823599999927
 31
0.0
  0
LINE
  5
54E
330
17
100
AcDbEntity
  8
0
100
AcDbLine
 10
242.66626599999933
 20
-70.46823599999927
 30
0.0
 11
242.86108399999932
 21
-70.47890399999926
 31
0.0
  0
LINE
  5
54F
330
17
100
AcDbEntity
  8
0
100
AcDbLine
 10
242.86108399999932
 20
-70.47890399999926
 30
0.0
 11
243.04777399999932
 21
-70.49287399999926
 31
0.0
  0
LINE
  5
550
330
17
100
AcDbEntity
  8
0
100
AcDbLine
 10
243.04777399999932
 20
-70.49287399999926
 30
0.0
 11
243.22633599999932
 21
-70.50989199999927
 31
0.0
  0
LINE
  5
551
330
17
100
AcDbEntity
  8
0
100
AcDbLine
 10
243.22633599999932
 20
-70.50989199999927
 30
0.0
 11
243.39626199999933
 21
-70.53046599999928
 31
0.0
  0
LINE
  5
552
330
17
100
AcDbEntity
  8
0
100
AcDbLine
 10
243.39626199999933
 20
-70.53046599999928
 30
0.0
 11
243.5575519999993
 21
-70.55484999999928
 31
0.0
  0
LINE
  5
553
330
17
100
AcDbEntity
  8
0
100
AcDbLine
 10
243.5575519999993
 20
-70.55484999999928
 30
0.0
 11
243.70969799999932
 21
-70.58304399999928
 31
0.0
  0
LINE
  5
554
330
17
100
AcDbEntity
  8
0
100
AcDbLine
 10
243.70969799999932
 20
-70.58304399999928
 30
0.0
 11
243.85269999999932
 21
-70.61530199999928
 31
0.0
  0
LINE
  5
555
330
17
100
AcDbEntity
  8
0
100
AcDbLine
 10
243.85269999999932
 20
-70.61530199999928
 30
0.0
 11
243.98604999999932
 21
-70.65187799999927
 31
0.0
  0
LINE
  5
556
330
17
100
AcDbEntity
  8
0
100
AcDbLine
 10
243.98604999999932
 20
-70.65187799999927
 30
0.0
 11
244.1097479999993
 21
-70.69302599999926
 31
0.0
  0
LINE
  5
557
330
17
100
AcDbEntity
  8
0
100
AcDbLine
 10
244.1097479999993
 20
-70.69302599999926
 30
0.0
 11
244.2235399999993
 21
-70.73874599999927
 31
0.0
  0
LINE
  5
558
330
17
100
AcDbEntity
  8
0
100
AcDbLine
 10
244.2235399999993
 20
-70.73874599999927
 30
0.0
 11
244.3271719999993
 21
-70.78929199999928
 31
0.0
  0
LINE
  5
559
330
17
100
AcDbEntity
  8
0
100
AcDbLine
 10
244.3271719999993
 20
-70.78929199999928
 30
0.0
 11
244.42038999999932
 21
-70.84517199999928
 31
0.0
  0
LINE
  5
55A
330
17
100
AcDbEntity
  8
0
100
AcDbLine
 10
244.42038999999932
 20
-70.84517199999928
 30
0.0
 11
244.5031939999993
 21
-70.90613199999929
 31
0.0
  0
LINE
  5
55B
330
17
100
AcDbEntity
  8
0
100
AcDbLine
 10
244.5031939999993
 20
-70.90613199999929
 30
0.0
 11
244.5750759999993
 21
-70.97267999999929
 31
0.0
  0
LINE
  5
55C
330
17
100
AcDbEntity
  8
0
100
AcDbLine
 10
244.5750759999993
 20
-70.97267999999929
 30
0.0
 11
244.63578199999932
 21
-71.04506999999928
 31
0.0
  0
LINE
  5
55D
330
17
100
AcDbEntity
  8
0
100
AcDbLine
 10
244.63578199999932
 20
-71.04506999999928
 30
0.0
 11
244.68531199999933
 21
-71.12330199999928
 31
0.0
  0
LINE
  5
55E
330
17
100
AcDbEntity
  8
0
100
AcDbLine
 10
244.68531199999933
 20
-71.12330199999928
 30
0.0
 11
244.72315799999933
 21
-71.20762999999928
 31
0.0
  0
LINE
  5
55F
330
17
100
AcDbEntity
  8
0
100
AcDbLine
 10
244.72315799999933
 20
-71.20762999999928
 30
0.0
 11
244.74931999999933
 21
-71.2983079999993
 31
0.0
  0
LINE
  5
560
330
17
100
AcDbEntity
  8
0
100
AcDbLine
 10
244.74931999999933
 20
-71.2983079999993
 30
0.0
 11
244.76354399999934
 21
-71.39533599999929
 31
0.0
  0
LINE
  5
561
330
17
100
AcDbEntity
  8
0
100
AcDbLine
 10
244.76354399999934
 20
-71.39533599999929
 30
0.0
 11
244.76557599999933
 21
-71.49922199999929
 31
0.0
  0
LINE
  5
562
330
17
100
AcDbEntity
  8
0
100
AcDbLine
 10
244.76557599999933
 20
-71.49922199999929
 30
0.0
 11
244.75516199999933
 21
-71.60996599999929
 31
0.0
  0
LINE
  5
563
330
17
100
AcDbEntity
  8
0
100
AcDbLine
 10
244.75516199999933
 20
-71.60996599999929
 30
0.0
 11
244.73204799999934
 21
-71.72782199999929
 31
0.0
  0
LINE
  5
564
330
17
100
AcDbEntity
  8
0
100
AcDbLine
 10
244.73204799999934
 20
-71.72782199999929
 30
0.0
 11
244.6959799999993
 21
-71.85304399999929
 31
0.0
  0
LINE
  5
565
330
17
100
AcDbEntity
  8
0
100
AcDbLine
 10
244.6959799999993
 20
-71.85304399999929
 30
0.0
 11
244.64670399999932
 21
-71.9858859999993
 31
0.0
  0
LINE
  5
566
330
17
100
AcDbEntity
  8
0
100
AcDbLine
 10
244.64670399999932
 20
-71.9858859999993
 30
0.0
 11
244.58396599999932
 21
-72.1263479999993
 31
0.0
  0
LINE
  5
567
330
17
100
AcDbEntity
  8
0
100
AcDbLine
 10
244.58396599999932
 20
-72.1263479999993
 30
0.0
 11
244.50776599999935
 21
-72.2746839999993
 31
0.0
  0
LINE
  5
568
330
17
100
AcDbEntity
  8
0
100
AcDbLine
 10
244.50776599999935
 20
-72.2746839999993
 30
0.0
 11
244.41759599999935
 21
-72.43114799999928
 31
0.0
  0
LINE
  5
569
330
17
100
AcDbEntity
  8
0
100
AcDbLine
 10
244.41759599999935
 20
-72.43114799999928
 30
0.0
 11
244.31345599999935
 21
-72.5959939999993
 31
0.0
  0
LINE
  5
56A
330
17
100
AcDbEntity
  8
0
100
AcDbLine
 10
244.31345599999935
 20
-72.5959939999993
 30
0.0
 11
244.19509199999933
 21
-72.76947599999929
 31
0.0
  0
LINE
  5
56B
330
17
100
AcDbEntity
  8
0
100
AcDbLine
 10
244.19509199999933
 20
-72.76947599999929
 30
0.0
 11
244.06224999999935
 21
-72.95159399999928
 31
0.0
  0
LINE
  5
56C
330
17
100
AcDbEntity
  8
0
100
AcDbLine
 10
244.06224999999935
 20
-72.95159399999928
 30
0.0
 11
243.91442199999935
 21
-73.14260199999929
 31
0.0
  0
LINE
  5
56D
330
17
100
AcDbEntity
  8
0
100
AcDbLine
 10
243.91442199999935
 20
-73.14260199999929
 30
0.0
 11
243.75160799999935
 21
-73.34275399999929
 31
0.0
  0
LINE
  5
56E
330
17
100
AcDbEntity
  8
0
100
AcDbLine
 10
243.75160799999935
 20
-73.34275399999929
 30
0.0
 11
243.57380799999933
 21
-73.55230399999928
 31
0.0
  0
LINE
  5
56F
330
17
100
AcDbEntity
  8
0
100
AcDbLine
 10
207.75548999999936
 20
-99.41204399999928
 30
0.0
 11
207.79943199999934
 21
-99.32441399999928
 31
0.0
  0
LINE
  5
570
330
17
100
AcDbEntity
  8
0
100
AcDbLine
 10
207.79943199999934
 20
-99.32441399999928
 30
0.0
 11
207.80730599999933
 21
-99.23170399999928
 31
0.0
  0
LINE
  5
571
330
17
100
AcDbEntity
  8
0
100
AcDbLine
 10
207.80730599999933
 20
-99.23170399999928
 30
0.0
 11
207.78038199999935
 21
-99.13416799999928
 31
0.0
  0
LINE
  5
572
330
17
100
AcDbEntity
  8
0
100
AcDbLine
 10
207.78038199999935
 20
-99.13416799999928
 30
0.0
 11
207.71967599999934
 21
-99.03205999999928
 31
0.0
  0
LINE
  5
573
330
17
100
AcDbEntity
  8
0
100
AcDbLine
 10
207.71967599999934
 20
-99.03205999999928
 30
0.0
 11
207.62620399999932
 21
-98.92563399999928
 31
0.0
  0
LINE
  5
574
330
17
100
AcDbEntity
  8
0
100
AcDbLine
 10
207.62620399999932
 20
-98.92563399999928
 30
0.0
 11
207.50123599999932
 21
-98.81488999999928
 31
0.0
  0
LINE
  5
575
330
17
100
AcDbEntity
  8
0
100
AcDbLine
 10
207.50123599999932
 20
-98.81488999999928
 30
0.0
 11
207.34578799999935
 21
-98.70008199999928
 31
0.0
  0
LINE
  5
576
330
17
100
AcDbEntity
  8
0
100
AcDbLine
 10
207.34578799999935
 20
-98.70008199999928
 30
0.0
 11
207.16087599999935
 21
-98.58146399999929
 31
0.0
  0
LINE
  5
577
330
17
100
AcDbEntity
  8
0
100
AcDbLine
 10
207.16087599999935
 20
-98.58146399999929
 30
0.0
 11
206.94776999999934
 21
-98.45903599999929
 31
0.0
  0
LINE
  5
578
330
17
100
AcDbEntity
  8
0
100
AcDbLine
 10
206.94776999999934
 20
-98.45903599999929
 30
0.0
 11
206.70748599999934
 21
-98.33330599999928
 31
0.0
  0
LINE
  5
579
330
17
100
AcDbEntity
  8
0
100
AcDbLine
 10
206.70748599999934
 20
-98.33330599999928
 30
0.0
 11
206.44103999999933
 21
-98.20427399999929
 31
0.0
  0
LINE
  5
57A
330
17
100
AcDbEntity
  8
0
100
AcDbLine
 10
206.44103999999933
 20
-98.20427399999929
 30
0.0
 11
206.14970199999934
 21
-98.07193999999929
 31
0.0
  0
LINE
  5
57B
330
17
100
AcDbEntity
  8
0
100
AcDbLine
 10
206.14970199999934
 20
-98.07193999999929
 30
0.0
 11
205.83448799999934
 21
-97.93681199999929
 31
0.0
  0
LINE
  5
57C
330
17
100
AcDbEntity
  8
0
100
AcDbLine
 10
205.83448799999934
 20
-97.93681199999929
 30
0.0
 11
205.49641399999933
 21
-97.79888999999929
 31
0.0
  0
LINE
  5
57D
330
17
100
AcDbEntity
  8
0
100
AcDbLine
 10
205.49641399999933
 20
-97.79888999999929
 30
0.0
 11
205.1364959999993
 21
-97.65842799999929
 31
0.0
  0
LINE
  5
57E
330
17
100
AcDbEntity
  8
0
100
AcDbLine
 10
205.1364959999993
 20
-97.65842799999929
 30
0.0
 11
204.7560039999993
 21
-97.51567999999928
 31
0.0
  0
LINE
  5
57F
330
17
100
AcDbEntity
  8
0
100
AcDbLine
 10
204.7560039999993
 20
-97.51567999999928
 30
0.0
 11
204.3559539999993
 21
-97.37064599999928
 31
0.0
  0
LINE
  5
580
330
17
100
AcDbEntity
  8
0
100
AcDbLine
 10
204.3559539999993
 20
-97.37064599999928
 30
0.0
 11
203.93761599999928
 21
-97.22357999999927
 31
0.0
  0
LINE
  5
581
330
17
100
AcDbEntity
  8
0
100
AcDbLine
 10
203.93761599999928
 20
-97.22357999999927
 30
0.0
 11
203.50175199999927
 21
-97.07473599999928
 31
0.0
  0
LINE
  5
582
330
17
100
AcDbEntity
  8
0
100
AcDbLine
 10
203.50175199999927
 20
-97.07473599999928
 30
0.0
 11
203.0496319999993
 21
-96.92436799999928
 31
0.0
  0
LINE
  5
583
330
17
100
AcDbEntity
  8
0
100
AcDbLine
 10
203.0496319999993
 20
-96.92436799999928
 30
0.0
 11
202.58227199999928
 21
-96.77247599999927
 31
0.0
  0
LINE
  5
584
330
17
100
AcDbEntity
  8
0
100
AcDbLine
 10
202.58227199999928
 20
-96.77247599999927
 30
0.0
 11
202.1009419999993
 21
-96.61931399999926
 31
0.0
  0
LINE
  5
585
330
17
100
AcDbEntity
  8
0
100
AcDbLine
 10
202.1009419999993
 20
-96.61931399999926
 30
0.0
 11
201.60665799999927
 21
-96.46513599999926
 31
0.0
  0
LINE
  5
586
330
17
100
AcDbEntity
  8
0
100
AcDbLine
 10
201.60665799999927
 20
-96.46513599999926
 30
0.0
 11
201.10043599999926
 21
-96.30994199999927
 31
0.0
  0
LINE
  5
587
330
17
100
AcDbEntity
  8
0
100
AcDbLine
 10
201.10043599999926
 20
-96.30994199999927
 30
0.0
 11
200.58354599999927
 21
-96.15423999999926
 31
0.0
  0
LINE
  5
588
330
17
100
AcDbEntity
  8
0
100
AcDbLine
 10
200.58354599999927
 20
-96.15423999999926
 30
0.0
 11
200.05700399999927
 21
-95.99802999999926
 31
0.0
  0
LINE
  5
589
330
17
100
AcDbEntity
  8
0
100
AcDbLine
 10
200.05700399999927
 20
-95.99802999999926
 30
0.0
 11
199.5218259999993
 21
-95.84156599999926
 31
0.0
  0
LINE
  5
58A
330
17
100
AcDbEntity
  8
0
100
AcDbLine
 10
199.5218259999993
 20
-95.84156599999926
 30
0.0
 11
198.9790279999993
 21
-95.68484799999926
 31
0.0
  0
LINE
  5
58B
330
17
100
AcDbEntity
  8
0
100
AcDbLine
 10
198.9790279999993
 20
-95.68484799999926
 30
0.0
 11
198.4298799999993
 21
-95.52812999999925
 31
0.0
  0
LINE
  5
58C
330
17
100
AcDbEntity
  8
0
100
AcDbLine
 10
198.4298799999993
 20
-95.52812999999925
 30
0.0
 11
197.87539799999928
 21
-95.37166599999927
 31
0.0
  0
LINE
  5
58D
330
17
100
AcDbEntity
  8
0
100
AcDbLine
 10
197.87539799999928
 20
-95.37166599999927
 30
0.0
 11
197.3165979999993
 21
-95.21570999999926
 31
0.0
  0
LINE
  5
58E
330
17
100
AcDbEntity
  8
0
100
AcDbLine
 10
197.3165979999993
 20
-95.21570999999926
 30
0.0
 11
196.7547499999993
 21
-95.06026199999926
 31
0.0
  0
LINE
  5
58F
330
17
100
AcDbEntity
  8
0
100
AcDbLine
 10
196.7547499999993
 20
-95.06026199999926
 30
0.0
 11
196.19086999999928
 21
-94.90582999999926
 31
0.0
  0
LINE
  5
590
330
17
100
AcDbEntity
  8
0
100
AcDbLine
 10
196.19086999999928
 20
-94.90582999999926
 30
0.0
 11
195.62597399999927
 21
-94.75241399999926
 31
0.0
  0
LINE
  5
591
330
17
100
AcDbEntity
  8
0
100
AcDbLine
 10
195.62597399999927
 20
-94.75241399999926
 30
0.0
 11
195.06133199999928
 21
-94.60001399999926
 31
0.0
  0
LINE
  5
592
330
17
100
AcDbEntity
  8
0
100
AcDbLine
 10
195.06133199999928
 20
-94.60001399999926
 30
0.0
 11
194.49770599999925
 21
-94.44913799999927
 31
0.0
  0
LINE
  5
593
330
17
100
AcDbEntity
  8
0
100
AcDbLine
 10
194.49770599999925
 20
-94.44913799999927
 30
0.0
 11
193.93661999999927
 21
-94.29978599999926
 31
0.0
  0
LINE
  5
594
330
17
100
AcDbEntity
  8
0
100
AcDbLine
 10
193.93661999999927
 20
-94.29978599999926
 30
0.0
 11
193.37883599999927
 21
-94.15221199999925
 31
0.0
  0
LINE
  5
595
330
17
100
AcDbEntity
  8
0
100
AcDbLine
 10
193.37883599999927
 20
-94.15221199999925
 30
0.0
 11
192.82562399999927
 21
-94.00641599999925
 31
0.0
  0
LINE
  5
596
330
17
100
AcDbEntity
  8
0
100
AcDbLine
 10
192.82562399999927
 20
-94.00641599999925
 30
0.0
 11
192.27799999999928
 21
-93.86290599999924
 31
0.0
  0
LINE
  5
597
330
17
100
AcDbEntity
  8
0
100
AcDbLine
 10
192.27799999999928
 20
-93.86290599999924
 30
0.0
 11
191.73697999999928
 21
-93.72168199999925
 31
0.0
  0
LINE
  5
598
330
17
100
AcDbEntity
  8
0
100
AcDbLine
 10
191.73697999999928
 20
-93.72168199999925
 30
0.0
 11
191.20383399999926
 21
-93.58274399999925
 31
0.0
  0
LINE
  5
599
330
17
100
AcDbEntity
  8
0
100
AcDbLine
 10
191.20383399999926
 20
-93.58274399999925
 30
0.0
 11
190.67957799999928
 21
-93.44659999999925
 31
0.0
  0
LINE
  5
59A
330
17
100
AcDbEntity
  8
0
100
AcDbLine
 10
190.67957799999928
 20
-93.44659999999925
 30
0.0
 11
190.16522799999927
 21
-93.31324999999926
 31
0.0
  0
LINE
  5
59B
330
17
100
AcDbEntity
  8
0
100
AcDbLine
 10
190.16522799999927
 20
-93.31324999999926
 30
0.0
 11
189.66205399999927
 21
-93.18294799999926
 31
0.0
  0
LINE
  5
59C
330
17
100
AcDbEntity
  8
0
100
AcDbLine
 10
189.66205399999927
 20
-93.18294799999926
 30
0.0
 11
189.1710719999993
 21
-93.05594799999926
 31
0.0
  0
LINE
  5
59D
330
17
100
AcDbEntity
  8
0
100
AcDbLine
 10
189.1710719999993
 20
-93.05594799999926
 30
0.0
 11
188.6932979999993
 21
-92.93250399999926
 31
0.0
  0
LINE
  5
59E
330
17
100
AcDbEntity
  8
0
100
AcDbLine
 10
188.6932979999993
 20
-92.93250399999926
 30
0.0
 11
188.2300019999993
 21
-92.81261599999927
 31
0.0
  0
LINE
  5
59F
330
17
100
AcDbEntity
  8
0
100
AcDbLine
 10
188.2300019999993
 20
-92.81261599999927
 30
0.0
 11
187.7819459999993
 21
-92.69653799999926
 31
0.0
  0
LINE
  5
5A0
330
17
100
AcDbEntity
  8
0
100
AcDbLine
 10
187.7819459999993
 20
-92.69653799999926
 30
0.0
 11
187.3506539999993
 21
-92.58426999999926
 31
0.0
  0
LINE
  5
5A1
330
17
100
AcDbEntity
  8
0
100
AcDbLine
 10
187.3506539999993
 20
-92.58426999999926
 30
0.0
 11
186.9368879999993
 21
-92.47631999999926
 31
0.0
  0
LINE
  5
5A2
330
17
100
AcDbEntity
  8
0
100
AcDbLine
 10
186.9368879999993
 20
-92.47631999999926
 30
0.0
 11
186.54191799999933
 21
-92.37268799999926
 31
0.0
  0
LINE
  5
5A3
330
17
100
AcDbEntity
  8
0
100
AcDbLine
 10
186.54191799999933
 20
-92.37268799999926
 30
0.0
 11
186.16675999999933
 21
-92.27362799999926
 31
0.0
  0
LINE
  5
5A4
330
17
100
AcDbEntity
  8
0
100
AcDbLine
 10
186.16675999999933
 20
-92.27362799999926
 30
0.0
 11
185.81242999999932
 21
-92.17939399999926
 31
0.0
  0
LINE
  5
5A5
330
17
100
AcDbEntity
  8
0
100
AcDbLine
 10
185.81242999999932
 20
-92.17939399999926
 30
0.0
 11
185.48019799999932
 21
-92.08998599999927
 31
0.0
  0
LINE
  5
5A6
330
17
100
AcDbEntity
  8
0
100
AcDbLine
 10
185.48019799999932
 20
-92.08998599999927
 30
0.0
 11
185.17107999999934
 21
-92.00565799999927
 31
0.0
  0
LINE
  5
5A7
330
17
100
AcDbEntity
  8
0
100
AcDbLine
 10
185.17107999999934
 20
-92.00565799999927
 30
0.0
 11
184.88609199999934
 21
-91.92666399999928
 31
0.0
  0
LINE
  5
5A8
330
17
100
AcDbEntity
  8
0
100
AcDbLine
 10
184.88609199999934
 20
-91.92666399999928
 30
0.0
 11
184.62650399999933
 21
-91.85325799999929
 31
0.0
  0
LINE
  5
5A9
330
17
100
AcDbEntity
  8
0
100
AcDbLine
 10
184.62650399999933
 20
-91.85325799999929
 30
0.0
 11
184.39307799999935
 21
-91.78543999999928
 31
0.0
  0
LINE
  5
5AA
330
17
100
AcDbEntity
  8
0
100
AcDbLine
 10
184.39307799999935
 20
-91.78543999999928
 30
0.0
 11
184.18733799999936
 21
-91.72346399999928
 31
0.0
  0
LINE
  5
5AB
330
17
100
AcDbEntity
  8
0
100
AcDbLine
 10
184.18733799999936
 20
-91.72346399999928
 30
0.0
 11
184.01004599999936
 21
-91.66758399999927
 31
0.0
  0
LINE
  5
5AC
330
17
100
AcDbEntity
  8
0
100
AcDbLine
 10
184.01004599999936
 20
-91.66758399999927
 30
0.0
 11
183.86247199999934
 21
-91.61779999999926
 31
0.0
  0
LINE
  5
5AD
330
17
100
AcDbEntity
  8
0
100
AcDbLine
 10
183.86247199999934
 20
-91.61779999999926
 30
0.0
 11
183.74563199999935
 21
-91.57461999999926
 31
0.0
  0
LINE
  5
5AE
330
17
100
AcDbEntity
  8
0
100
AcDbLine
 10
183.74563199999935
 20
-91.57461999999926
 30
0.0
 11
183.66054199999934
 21
-91.53804399999926
 31
0.0
  0
LINE
  5
5AF
330
17
100
AcDbEntity
  8
0
100
AcDbLine
 10
183.66054199999934
 20
-91.53804399999926
 30
0.0
 11
183.54725799999932
 21
-91.54413999999926
 31
0.0
  0
LINE
  5
5B0
330
17
100
AcDbEntity
  8
0
100
AcDbLine
 10
183.54725799999932
 20
-91.54413999999926
 30
0.0
 11
183.43854599999932
 21
-91.55937999999925
 31
0.0
  0
LINE
  5
5B1
330
17
100
AcDbEntity
  8
0
100
AcDbLine
 10
183.43854599999932
 20
-91.55937999999925
 30
0.0
 11
183.33440599999935
 21
-91.58376399999926
 31
0.0
  0
LINE
  5
5B2
330
17
100
AcDbEntity
  8
0
100
AcDbLine
 10
183.33440599999935
 20
-91.58376399999926
 30
0.0
 11
183.2348379999993
 21
-91.61678399999926
 31
0.0
  0
LINE
  5
5B3
330
17
100
AcDbEntity
  8
0
100
AcDbLine
 10
183.2348379999993
 20
-91.61678399999926
 30
0.0
 11
183.13958799999932
 21
-91.65843999999926
 31
0.0
  0
LINE
  5
5B4
330
17
100
AcDbEntity
  8
0
100
AcDbLine
 10
183.13958799999932
 20
-91.65843999999926
 30
0.0
 11
183.0484019999993
 21
-91.70847799999926
 31
0.0
  0
LINE
  5
5B5
330
17
100
AcDbEntity
  8
0
100
AcDbLine
 10
183.0484019999993
 20
-91.70847799999926
 30
0.0
 11
182.96127999999933
 21
-91.76638999999926
 31
0.0
  0
LINE
  5
5B6
330
17
100
AcDbEntity
  8
0
100
AcDbLine
 10
182.96127999999933
 20
-91.76638999999926
 30
0.0
 11
182.8782219999993
 21
-91.83217599999927
 31
0.0
  0
LINE
  5
5B7
330
17
100
AcDbEntity
  8
0
100
AcDbLine
 10
182.8782219999993
 20
-91.83217599999927
 30
0.0
 11
182.79897399999933
 21
-91.90532799999926
 31
0.0
  0
LINE
  5
5B8
330
17
100
AcDbEntity
  8
0
100
AcDbLine
 10
182.79897399999933
 20
-91.90532799999926
 30
0.0
 11
182.7235359999993
 21
-91.98559199999926
 31
0.0
  0
LINE
  5
5B9
330
17
100
AcDbEntity
  8
0
100
AcDbLine
 10
182.7235359999993
 20
-91.98559199999926
 30
0.0
 11
182.6516539999993
 21
-92.07296799999925
 31
0.0
  0
LINE
  5
5BA
330
17
100
AcDbEntity
  8
0
100
AcDbLine
 10
182.6516539999993
 20
-92.07296799999925
 30
0.0
 11
182.5830739999993
 21
-92.16694799999925
 31
0.0
  0
LINE
  5
5BB
330
17
100
AcDbEntity
  8
0
100
AcDbLine
 10
182.5830739999993
 20
-92.16694799999925
 30
0.0
 11
182.51804999999933
 21
-92.26753199999926
 31
0.0
  0
LINE
  5
5BC
330
17
100
AcDbEntity
  8
0
100
AcDbLine
 10
182.51804999999933
 20
-92.26753199999926
 30
0.0
 11
182.45607399999932
 21
-92.37421199999926
 31
0.0
  0
LINE
  5
5BD
330
17
100
AcDbEntity
  8
0
100
AcDbLine
 10
182.45607399999932
 20
-92.37421199999926
 30
0.0
 11
182.3971459999993
 21
-92.48698799999927
 31
0.0
  0
LINE
  5
5BE
330
17
100
AcDbEntity
  8
0
100
AcDbLine
 10
182.3971459999993
 20
-92.48698799999927
 30
0.0
 11
182.3412659999993
 21
-92.60535199999927
 31
0.0
  0
LINE
  5
5BF
330
17
100
AcDbEntity
  8
0
100
AcDbLine
 10
182.3412659999993
 20
-92.60535199999927
 30
0.0
 11
182.28817999999933
 21
-92.72904999999928
 31
0.0
  0
LINE
  5
5C0
330
17
100
AcDbEntity
  8
0
100
AcDbLine
 10
182.28817999999933
 20
-92.72904999999928
 30
0.0
 11
182.23788799999934
 21
-92.85808199999927
 31
0.0
  0
LINE
  5
5C1
330
17
100
AcDbEntity
  8
0
100
AcDbLine
 10
182.23788799999934
 20
-92.85808199999927
 30
0.0
 11
182.19013599999934
 21
-92.99193999999927
 31
0.0
  0
LINE
  5
5C2
330
17
100
AcDbEntity
  8
0
100
AcDbLine
 10
182.19013599999934
 20
-92.99193999999927
 30
0.0
 11
182.14466999999934
 21
-93.13062399999927
 31
0.0
  0
LINE
  5
5C3
330
17
100
AcDbEntity
  8
0
100
AcDbLine
 10
182.14466999999934
 20
-93.13062399999927
 30
0.0
 11
182.10174399999934
 21
-93.27362599999927
 31
0.0
  0
LINE
  5
5C4
330
17
100
AcDbEntity
  8
0
100
AcDbLine
 10
182.10174399999934
 20
-93.27362599999927
 30
0.0
 11
182.06084999999936
 21
-93.42069199999926
 31
0.0
  0
LINE
  5
5C5
330
17
100
AcDbEntity
  8
0
100
AcDbLine
 10
182.06084999999936
 20
-93.42069199999926
 30
0.0
 11
182.02224199999935
 21
-93.57182199999927
 31
0.0
  0
LINE
  5
5C6
330
17
100
AcDbEntity
  8
0
100
AcDbLine
 10
182.02224199999935
 20
-93.57182199999927
 30
0.0
 11
181.98541199999934
 21
-93.72650799999927
 31
0.0
  0
LINE
  5
5C7
330
17
100
AcDbEntity
  8
0
100
AcDbLine
 10
181.98541199999934
 20
-93.72650799999927
 30
0.0
 11
181.95035999999934
 21
-93.88449599999927
 31
0.0
  0
LINE
  5
5C8
330
17
100
AcDbEntity
  8
0
100
AcDbLine
 10
181.95035999999934
 20
-93.88449599999927
 30
0.0
 11
181.91708599999936
 21
-94.04553199999927
 31
0.0
  0
LINE
  5
5C9
330
17
100
AcDbEntity
  8
0
100
AcDbLine
 10
181.91708599999936
 20
-94.04553199999927
 30
0.0
 11
181.88533599999934
 21
-94.20961599999927
 31
0.0
  0
LINE
  5
5CA
330
17
100
AcDbEntity
  8
0
100
AcDbLine
 10
181.88533599999934
 20
-94.20961599999927
 30
0.0
 11
181.85510999999934
 21
-94.37623999999929
 31
0.0
  0
LINE
  5
5CB
330
17
100
AcDbEntity
  8
0
100
AcDbLine
 10
181.85510999999934
 20
-94.37623999999929
 30
0.0
 11
181.82615399999935
 21
-94.54514999999928
 31
0.0
  0
LINE
  5
5CC
330
17
100
AcDbEntity
  8
0
100
AcDbLine
 10
181.82615399999935
 20
-94.54514999999928
 30
0.0
 11
181.79846799999933
 21
-94.71609199999929
 31
0.0
  0
LINE
  5
5CD
330
17
100
AcDbEntity
  8
0
100
AcDbLine
 10
181.79846799999933
 20
-94.71609199999929
 30
0.0
 11
181.77179799999934
 21
-94.88906599999927
 31
0.0
  0
LINE
  5
5CE
330
17
100
AcDbEntity
  8
0
100
AcDbLine
 10
181.77179799999934
 20
-94.88906599999927
 30
0.0
 11
181.74614399999933
 21
-95.06356399999929
 31
0.0
  0
LINE
  5
5CF
330
17
100
AcDbEntity
  8
0
100
AcDbLine
 10
181.74614399999933
 20
-95.06356399999929
 30
0.0
 11
181.72125199999934
 21
-95.23933199999928
 31
0.0
  0
LINE
  5
5D0
330
17
100
AcDbEntity
  8
0
100
AcDbLine
 10
181.72125199999934
 20
-95.23933199999928
 30
0.0
 11
181.69712199999933
 21
-95.41611599999929
 31
0.0
  0
LINE
  5
5D1
330
17
100
AcDbEntity
  8
0
100
AcDbLine
 10
181.69712199999933
 20
-95.41611599999929
 30
0.0
 11
181.67349999999934
 21
-95.5936619999993
 31
0.0
  0
LINE
  5
5D2
330
17
100
AcDbEntity
  8
0
100
AcDbLine
 10
181.67349999999934
 20
-95.5936619999993
 30
0.0
 11
181.65038599999934
 21
-95.7719699999993
 31
0.0
  0
LINE
  5
5D3
330
17
100
AcDbEntity
  8
0
100
AcDbLine
 10
181.65038599999934
 20
-95.7719699999993
 30
0.0
 11
181.62752599999934
 21
-95.95053199999928
 31
0.0
  0
LINE
  5
5D4
330
17
100
AcDbEntity
  8
0
100
AcDbLine
 10
181.62752599999934
 20
-95.95053199999928
 30
0.0
 11
181.6049199999993
 21
-96.12909399999928
 31
0.0
  0
LINE
  5
5D5
330
17
100
AcDbEntity
  8
0
100
AcDbLine
 10
181.6049199999993
 20
-96.12909399999928
 30
0.0
 11
181.58256799999933
 21
-96.30740199999929
 31
0.0
  0
LINE
  5
5D6
330
17
100
AcDbEntity
  8
0
100
AcDbLine
 10
181.58256799999933
 20
-96.30740199999929
 30
0.0
 11
181.5599619999993
 21
-96.48520199999928
 31
0.0
  0
LINE
  5
5D7
330
17
100
AcDbEntity
  8
0
100
AcDbLine
 10
181.5599619999993
 20
-96.48520199999928
 30
0.0
 11
181.5373559999993
 21
-96.66223999999929
 31
0.0
  0
LINE
  5
5D8
330
17
100
AcDbEntity
  8
0
100
AcDbLine
 10
181.5373559999993
 20
-96.66223999999929
 30
0.0
 11
181.5144959999993
 21
-96.83826199999928
 31
0.0
  0
LINE
  5
5D9
330
17
100
AcDbEntity
  8
0
100
AcDbLine
 10
181.5144959999993
 20
-96.83826199999928
 30
0.0
 11
181.4911279999993
 21
-97.01301399999927
 31
0.0
  0
LINE
  5
5DA
330
17
100
AcDbEntity
  8
0
100
AcDbLine
 10
181.4911279999993
 20
-97.01301399999927
 30
0.0
 11
181.4672519999993
 21
-97.18624199999928
 31
0.0
  0
LINE
  5
5DB
330
17
100
AcDbEntity
  8
0
100
AcDbLine
 10
181.4672519999993
 20
-97.18624199999928
 30
0.0
 11
181.44261399999928
 21
-97.35769199999928
 31
0.0
  0
LINE
  5
5DC
330
17
100
AcDbEntity
  8
0
100
AcDbLine
 10
181.44261399999928
 20
-97.35769199999928
 30
0.0
 11
181.4172139999993
 21
-97.52710999999927
 31
0.0
  0
LINE
  5
5DD
330
17
100
AcDbEntity
  8
0
100
AcDbLine
 10
181.4172139999993
 20
-97.52710999999927
 30
0.0
 11
181.39079799999928
 21
-97.69424199999928
 31
0.0
  0
LINE
  5
5DE
330
17
100
AcDbEntity
  8
0
100
AcDbLine
 10
181.39079799999928
 20
-97.69424199999928
 30
0.0
 11
181.36336599999927
 21
-97.85883399999928
 31
0.0
  0
LINE
  5
5DF
330
17
100
AcDbEntity
  8
0
100
AcDbLine
 10
181.36336599999927
 20
-97.85883399999928
 30
0.0
 11
181.33491799999928
 21
-98.02063199999928
 31
0.0
  0
LINE
  5
5E0
330
17
100
AcDbEntity
  8
0
100
AcDbLine
 10
181.33491799999928
 20
-98.02063199999928
 30
0.0
 11
181.3051999999993
 21
-98.17938199999928
 31
0.0
  0
LINE
  5
5E1
330
17
100
AcDbEntity
  8
0
100
AcDbLine
 10
181.3051999999993
 20
-98.17938199999928
 30
0.0
 11
181.27395799999928
 21
-98.33482999999929
 31
0.0
  0
LINE
  5
5E2
330
17
100
AcDbEntity
  8
0
100
AcDbLine
 10
181.27395799999928
 20
-98.33482999999929
 30
0.0
 11
181.24119199999927
 21
-98.48672199999929
 31
0.0
  0
LINE
  5
5E3
330
17
100
AcDbEntity
  8
0
100
AcDbLine
 10
181.24119199999927
 20
-98.48672199999929
 30
0.0
 11
181.2066479999993
 21
-98.6348039999993
 31
0.0
  0
LINE
  5
5E4
330
17
100
AcDbEntity
  8
0
100
AcDbLine
 10
181.2066479999993
 20
-98.6348039999993
 30
0.0
 11
181.17032599999928
 21
-98.7788219999993
 31
0.0
  0
LINE
  5
5E5
330
17
100
AcDbEntity
  8
0
100
AcDbLine
 10
181.17032599999928
 20
-98.7788219999993
 30
0.0
 11
181.1322259999993
 21
-98.9185219999993
 31
0.0
  0
LINE
  5
5E6
330
17
100
AcDbEntity
  8
0
100
AcDbLine
 10
181.1322259999993
 20
-98.9185219999993
 30
0.0
 11
181.0920939999993
 21
-99.0536499999993
 31
0.0
  0
LINE
  5
5E7
330
17
100
AcDbEntity
  8
0
100
AcDbLine
 10
181.0920939999993
 20
-99.0536499999993
 30
0.0
 11
181.04967599999927
 21
-99.1839519999993
 31
0.0
  0
LINE
  5
5E8
330
17
100
AcDbEntity
  8
0
100
AcDbLine
 10
181.04967599999927
 20
-99.1839519999993
 30
0.0
 11
181.00497199999927
 21
-99.30917399999929
 31
0.0
  0
LINE
  5
5E9
330
17
100
AcDbEntity
  8
0
100
AcDbLine
 10
181.00497199999927
 20
-99.30917399999929
 30
0.0
 11
180.95798199999928
 21
-99.42906199999929
 31
0.0
  0
LINE
  5
5EA
330
17
100
AcDbEntity
  8
0
100
AcDbLine
 10
180.95798199999928
 20
-99.42906199999929
 30
0.0
 11
180.90845199999927
 21
-99.54336199999929
 31
0.0
  0
LINE
  5
5EB
330
17
100
AcDbEntity
  8
0
100
AcDbLine
 10
180.90845199999927
 20
-99.54336199999929
 30
0.0
 11
180.85612799999927
 21
-99.65156599999928
 31
0.0
  0
LINE
  5
5EC
330
17
100
AcDbEntity
  8
0
100
AcDbLine
 10
180.85612799999927
 20
-99.65156599999928
 30
0.0
 11
180.80100999999925
 21
-99.75367399999928
 31
0.0
  0
LINE
  5
5ED
330
17
100
AcDbEntity
  8
0
100
AcDbLine
 10
180.80100999999925
 20
-99.75367399999928
 30
0.0
 11
180.74309799999926
 21
-99.84943199999928
 31
0.0
  0
LINE
  5
5EE
330
17
100
AcDbEntity
  8
0
100
AcDbLine
 10
180.74309799999926
 20
-99.84943199999928
 30
0.0
 11
180.68213799999927
 21
-99.93858599999928
 31
0.0
  0
LINE
  5
5EF
330
17
100
AcDbEntity
  8
0
100
AcDbLine
 10
180.68213799999927
 20
-99.93858599999928
 30
0.0
 11
180.4568399999993
 21
-100.43464799999927
 31
0.0
  0
LINE
  5
5F0
330
17
100
AcDbEntity
  8
0
100
AcDbLine
 10
180.4568399999993
 20
-100.43464799999927
 30
0.0
 11
180.2307799999993
 21
-100.93858399999927
 31
0.0
  0
LINE
  5
5F1
330
17
100
AcDbEntity
  8
0
100
AcDbLine
 10
180.2307799999993
 20
-100.93858399999927
 30
0.0
 11
180.00421199999928
 21
-101.45039399999926
 31
0.0
  0
LINE
  5
5F2
330
17
100
AcDbEntity
  8
0
100
AcDbLine
 10
180.00421199999928
 20
-101.45039399999926
 30
0.0
 11
179.77713599999927
 21
-101.96956999999927
 31
0.0
  0
LINE
  5
5F3
330
17
100
AcDbEntity
  8
0
100
AcDbLine
 10
179.77713599999927
 20
-101.96956999999927
 30
0.0
 11
179.54980599999928
 21
-102.49585799999926
 31
0.0
  0
LINE
  5
5F4
330
17
100
AcDbEntity
  8
0
100
AcDbLine
 10
179.54980599999928
 20
-102.49585799999926
 30
0.0
 11
179.32247599999928
 21
-103.02874999999926
 31
0.0
  0
LINE
  5
5F5
330
17
100
AcDbEntity
  8
0
100
AcDbLine
 10
179.32247599999928
 20
-103.02874999999926
 30
0.0
 11
179.09539999999927
 21
-103.56824599999928
 31
0.0
  0
LINE
  5
5F6
330
17
100
AcDbEntity
  8
0
100
AcDbLine
 10
179.09539999999927
 20
-103.56824599999928
 30
0.0
 11
178.86857799999927
 21
-104.11383799999928
 31
0.0
  0
LINE
  5
5F7
330
17
100
AcDbEntity
  8
0
100
AcDbLine
 10
178.86857799999927
 20
-104.11383799999928
 30
0.0
 11
178.64251799999928
 21
-104.66501799999928
 31
0.0
  0
LINE
  5
5F8
330
17
100
AcDbEntity
  8
0
100
AcDbLine
 10
178.64251799999928
 20
-104.66501799999928
 30
0.0
 11
178.41696599999926
 21
-105.22178599999928
 31
0.0
  0
LINE
  5
5F9
330
17
100
AcDbEntity
  8
0
100
AcDbLine
 10
178.41696599999926
 20
-105.22178599999928
 30
0.0
 11
178.19242999999926
 21
-105.78363399999928
 31
0.0
  0
LINE
  5
5FA
330
17
100
AcDbEntity
  8
0
100
AcDbLine
 10
178.19242999999926
 20
-105.78363399999928
 30
0.0
 11
177.96890999999928
 21
-106.35030799999927
 31
0.0
  0
LINE
  5
5FB
330
17
100
AcDbEntity
  8
0
100
AcDbLine
 10
177.96890999999928
 20
-106.35030799999927
 30
0.0
 11
177.74665999999928
 21
-106.92155399999929
 31
0.0
  0
LINE
  5
5FC
330
17
100
AcDbEntity
  8
0
100
AcDbLine
 10
177.74665999999928
 20
-106.92155399999929
 30
0.0
 11
177.52593399999927
 21
-107.49711799999929
 31
0.0
  0
LINE
  5
5FD
330
17
100
AcDbEntity
  8
0
100
AcDbLine
 10
177.52593399999927
 20
-107.49711799999929
 30
0.0
 11
177.30673199999924
 21
-108.07649199999929
 31
0.0
  0
LINE
  5
5FE
330
17
100
AcDbEntity
  8
0
100
AcDbLine
 10
177.30673199999924
 20
-108.07649199999929
 30
0.0
 11
177.08930799999925
 21
-108.6594219999993
 31
0.0
  0
LINE
  5
5FF
330
17
100
AcDbEntity
  8
0
100
AcDbLine
 10
177.08930799999925
 20
-108.6594219999993
 30
0.0
 11
176.87391599999927
 21
-109.24565399999929
 31
0.0
  0
LINE
  5
600
330
17
100
AcDbEntity
  8
0
100
AcDbLine
 10
176.87391599999927
 20
-109.24565399999929
 30
0.0
 11
176.66080999999926
 21
-109.8346799999993
 31
0.0
  0
LINE
  5
601
330
17
100
AcDbEntity
  8
0
100
AcDbLine
 10
176.66080999999926
 20
-109.8346799999993
 30
0.0
 11
176.44998999999925
 21
-110.4262459999993
 31
0.0
  0
LINE
  5
602
330
17
100
AcDbEntity
  8
0
100
AcDbLine
 10
176.44998999999925
 20
-110.4262459999993
 30
0.0
 11
176.24170999999922
 21
-111.02009799999931
 31
0.0
  0
LINE
  5
603
330
17
100
AcDbEntity
  8
0
100
AcDbLine
 10
176.24170999999922
 20
-111.02009799999931
 30
0.0
 11
176.03596999999925
 21
-111.6159819999993
 31
0.0
  0
LINE
  5
604
330
17
100
AcDbEntity
  8
0
100
AcDbLine
 10
176.03596999999925
 20
-111.6159819999993
 30
0.0
 11
175.83327799999924
 21
-112.2136439999993
 31
0.0
  0
LINE
  5
605
330
17
100
AcDbEntity
  8
0
100
AcDbLine
 10
175.83327799999924
 20
-112.2136439999993
 30
0.0
 11
175.63363399999926
 21
-112.81257599999931
 31
0.0
  0
LINE
  5
606
330
17
100
AcDbEntity
  8
0
100
AcDbLine
 10
175.63363399999926
 20
-112.81257599999931
 30
0.0
 11
175.43729199999925
 21
-113.41252399999932
 31
0.0
  0
LINE
  5
607
330
17
100
AcDbEntity
  8
0
100
AcDbLine
 10
175.43729199999925
 20
-113.41252399999932
 30
0.0
 11
175.24425199999925
 21
-114.01297999999932
 31
0.0
  0
LINE
  5
608
330
17
100
AcDbEntity
  8
0
100
AcDbLine
 10
175.24425199999925
 20
-114.01297999999932
 30
0.0
 11
175.05502199999924
 21
-114.61394399999931
 31
0.0
  0
LINE
  5
609
330
17
100
AcDbEntity
  8
0
100
AcDbLine
 10
175.05502199999924
 20
-114.61394399999931
 30
0.0
 11
174.86934799999923
 21
-115.2149079999993
 31
0.0
  0
LINE
  5
60A
330
17
100
AcDbEntity
  8
0
100
AcDbLine
 10
174.86934799999923
 20
-115.2149079999993
 30
0.0
 11
174.68773799999923
 21
-115.8156179999993
 31
0.0
  0
LINE
  5
60B
330
17
100
AcDbEntity
  8
0
100
AcDbLine
 10
174.68773799999923
 20
-115.8156179999993
 30
0.0
 11
174.51044599999923
 21
-116.41556599999932
 31
0.0
  0
LINE
  5
60C
330
17
100
AcDbEntity
  8
0
100
AcDbLine
 10
174.51044599999923
 20
-116.41556599999932
 30
0.0
 11
174.33747199999922
 21
-117.0147519999993
 31
0.0
  0
LINE
  5
60D
330
17
100
AcDbEntity
  8
0
100
AcDbLine
 10
174.33747199999922
 20
-117.0147519999993
 30
0.0
 11
174.16881599999923
 21
-117.6126679999993
 31
0.0
  0
LINE
  5
60E
330
17
100
AcDbEntity
  8
0
100
AcDbLine
 10
174.16881599999923
 20
-117.6126679999993
 30
0.0
 11
174.00498599999923
 21
-118.20905999999931
 31
0.0
  0
LINE
  5
60F
330
17
100
AcDbEntity
  8
0
100
AcDbLine
 10
174.00498599999923
 20
-118.20905999999931
 30
0.0
 11
173.84598199999925
 21
-118.80341999999929
 31
0.0
  0
LINE
  5
610
330
17
100
AcDbEntity
  8
0
100
AcDbLine
 10
173.84598199999925
 20
-118.80341999999929
 30
0.0
 11
173.69205799999926
 21
-119.3957479999993
 31
0.0
  0
LINE
  5
611
330
17
100
AcDbEntity
  8
0
100
AcDbLine
 10
173.69205799999926
 20
-119.3957479999993
 30
0.0
 11
173.54346799999925
 21
-119.9855359999993
 31
0.0
  0
LINE
  5
612
330
17
100
AcDbEntity
  8
0
100
AcDbLine
 10
173.54346799999925
 20
-119.9855359999993
 30
0.0
 11
173.40021199999924
 21
-120.57227599999929
 31
0.0
  0
LINE
  5
613
330
17
100
AcDbEntity
  8
0
100
AcDbLine
 10
173.40021199999924
 20
-120.57227599999929
 30
0.0
 11
173.26254399999925
 21
-121.1559679999993
 31
0.0
  0
LINE
  5
614
330
17
100
AcDbEntity
  8
0
100
AcDbLine
 10
173.26254399999925
 20
-121.1559679999993
 30
0.0
 11
173.13071799999923
 21
-121.7361039999993
 31
0.0
  0
LINE
  5
615
330
17
100
AcDbEntity
  8
0
100
AcDbLine
 10
173.13071799999923
 20
-121.7361039999993
 30
0.0
 11
173.00473399999925
 21
-122.3124299999993
 31
0.0
  0
LINE
  5
616
330
17
100
AcDbEntity
  8
0
100
AcDbLine
 10
173.00473399999925
 20
-122.3124299999993
 30
0.0
 11
172.88509999999926
 21
-122.88469199999929
 31
0.0
  0
LINE
  5
617
330
17
100
AcDbEntity
  8
0
100
AcDbLine
 10
172.88509999999926
 20
-122.88469199999929
 30
0.0
 11
172.77181599999923
 21
-123.45263599999929
 31
0.0
  0
LINE
  5
618
330
17
100
AcDbEntity
  8
0
100
AcDbLine
 10
172.77181599999923
 20
-123.45263599999929
 30
0.0
 11
172.66488199999924
 21
-124.01575399999929
 31
0.0
  0
LINE
  5
619
330
17
100
AcDbEntity
  8
0
100
AcDbLine
 10
172.66488199999924
 20
-124.01575399999929
 30
0.0
 11
172.56480599999924
 21
-124.57379199999929
 31
0.0
  0
LINE
  5
61A
330
17
100
AcDbEntity
  8
0
100
AcDbLine
 10
172.56480599999924
 20
-124.57379199999929
 30
0.0
 11
172.47158799999923
 21
-125.12649599999929
 31
0.0
  0
LINE
  5
61B
330
17
100
AcDbEntity
  8
0
100
AcDbLine
 10
172.47158799999923
 20
-125.12649599999929
 30
0.0
 11
172.38522799999922
 21
-125.6733579999993
 31
0.0
  0
LINE
  5
61C
330
17
100
AcDbEntity
  8
0
100
AcDbLine
 10
172.38522799999922
 20
-125.6733579999993
 30
0.0
 11
172.30623399999922
 21
-126.2141239999993
 31
0.0
  0
LINE
  5
61D
330
17
100
AcDbEntity
  8
0
100
AcDbLine
 10
172.30623399999922
 20
-126.2141239999993
 30
0.0
 11
172.23460599999922
 21
-126.7485399999993
 31
0.0
  0
LINE
  5
61E
330
17
100
AcDbEntity
  8
0
100
AcDbLine
 10
172.23460599999922
 20
-126.7485399999993
 30
0.0
 11
172.17059799999922
 21
-127.27635199999929
 31
0.0
  0
LINE
  5
61F
330
17
100
AcDbEntity
  8
0
100
AcDbLine
 10
172.17059799999922
 20
-127.27635199999929
 30
0.0
 11
172.11446399999923
 21
-127.79705199999928
 31
0.0
  0
LINE
  5
620
330
17
100
AcDbEntity
  8
0
100
AcDbLine
 10
172.11446399999923
 20
-127.79705199999928
 30
0.0
 11
172.0662039999992
 21
-128.3106399999993
 31
0.0
  0
LINE
  5
621
330
17
100
AcDbEntity
  8
0
100
AcDbLine
 10
172.0662039999992
 20
-128.3106399999993
 30
0.0
 11
172.0260719999992
 21
-128.81635399999928
 31
0.0
  0
LINE
  5
622
330
17
100
AcDbEntity
  8
0
100
AcDbLine
 10
172.0260719999992
 20
-128.81635399999928
 30
0.0
 11
171.99432199999922
 21
-129.31419399999928
 31
0.0
  0
LINE
  5
623
330
17
100
AcDbEntity
  8
0
100
AcDbLine
 10
171.99432199999922
 20
-129.31419399999928
 30
0.0
 11
171.9709539999992
 21
-129.80390599999927
 31
0.0
  0
LINE
  5
624
330
17
100
AcDbEntity
  8
0
100
AcDbLine
 10
171.9709539999992
 20
-129.80390599999927
 30
0.0
 11
171.9562219999992
 21
-130.28498199999927
 31
0.0
  0
LINE
  5
625
330
17
100
AcDbEntity
  8
0
100
AcDbLine
 10
171.9562219999992
 20
-130.28498199999927
 30
0.0
 11
171.9503799999992
 21
-130.7571679999993
 31
0.0
  0
LINE
  5
626
330
17
100
AcDbEntity
  8
0
100
AcDbLine
 10
171.9503799999992
 20
-130.7571679999993
 30
0.0
 11
171.95368199999922
 21
-131.21995599999929
 31
0.0
  0
LINE
  5
627
330
17
100
AcDbEntity
  8
0
100
AcDbLine
 10
171.95368199999922
 20
-131.21995599999929
 30
0.0
 11
171.9661279999992
 21
-131.67334599999927
 31
0.0
  0
LINE
  5
628
330
17
100
AcDbEntity
  8
0
100
AcDbLine
 10
171.9661279999992
 20
-131.67334599999927
 30
0.0
 11
171.98797199999922
 21
-132.11682999999928
 31
0.0
  0
LINE
  5
629
330
17
100
AcDbEntity
  8
0
100
AcDbLine
 10
171.98797199999922
 20
-132.11682999999928
 30
0.0
 11
172.01946799999922
 21
-132.55015399999928
 31
0.0
  0
LINE
  5
62A
330
17
100
AcDbEntity
  8
0
100
AcDbLine
 10
172.01946799999922
 20
-132.55015399999928
 30
0.0
 11
172.06086999999923
 21
-132.97280999999927
 31
0.0
  0
LINE
  5
62B
330
17
100
AcDbEntity
  8
0
100
AcDbLine
 10
172.06086999999923
 20
-132.97280999999927
 30
0.0
 11
172.1121779999992
 21
-133.38454399999927
 31
0.0
  0
LINE
  5
62C
330
17
100
AcDbEntity
  8
0
100
AcDbLine
 10
172.1121779999992
 20
-133.38454399999927
 30
0.0
 11
172.1736459999992
 21
-133.78510199999928
 31
0.0
  0
LINE
  5
62D
330
17
100
AcDbEntity
  8
0
100
AcDbLine
 10
172.1736459999992
 20
-133.78510199999928
 30
0.0
 11
172.24527399999923
 21
-134.17422999999928
 31
0.0
  0
LINE
  5
62E
330
17
100
AcDbEntity
  8
0
100
AcDbLine
 10
172.24527399999923
 20
-134.17422999999928
 30
0.0
 11
172.3275699999992
 21
-134.55167399999928
 31
0.0
  0
LINE
  5
62F
330
17
100
AcDbEntity
  8
0
100
AcDbLine
 10
172.3275699999992
 20
-134.55167399999928
 30
0.0
 11
172.4606659999992
 21
-134.42137199999928
 31
0.0
  0
LINE
  5
630
330
17
100
AcDbEntity
  8
0
100
AcDbLine
 10
172.4606659999992
 20
-134.42137199999928
 30
0.0
 11
172.5896979999992
 21
-134.28954599999926
 31
0.0
  0
LINE
  5
631
330
17
100
AcDbEntity
  8
0
100
AcDbLine
 10
172.5896979999992
 20
-134.28954599999926
 30
0.0
 11
172.71491999999924
 21
-134.15644999999927
 31
0.0
  0
LINE
  5
632
330
17
100
AcDbEntity
  8
0
100
AcDbLine
 10
172.71491999999924
 20
-134.15644999999927
 30
0.0
 11
172.8363319999992
 21
-134.02233799999925
 31
0.0
  0
LINE
  5
633
330
17
100
AcDbEntity
  8
0
100
AcDbLine
 10
172.8363319999992
 20
-134.02233799999925
 30
0.0
 11
172.95418799999922
 21
-133.88720999999924
 31
0.0
  0
LINE
  5
634
330
17
100
AcDbEntity
  8
0
100
AcDbLine
 10
172.95418799999922
 20
-133.88720999999924
 30
0.0
 11
173.06874199999925
 21
-133.75131999999925
 31
0.0
  0
LINE
  5
635
330
17
100
AcDbEntity
  8
0
100
AcDbLine
 10
173.06874199999925
 20
-133.75131999999925
 30
0.0
 11
173.17999399999923
 21
-133.61466799999926
 31
0.0
  0
LINE
  5
636
330
17
100
AcDbEntity
  8
0
100
AcDbLine
 10
173.17999399999923
 20
-133.61466799999926
 30
0.0
 11
173.28794399999921
 21
-133.47750799999926
 31
0.0
  0
LINE
  5
637
330
17
100
AcDbEntity
  8
0
100
AcDbLine
 10
173.28794399999921
 20
-133.47750799999926
 30
0.0
 11
173.3930999999992
 21
-133.33983999999927
 31
0.0
  0
LINE
  5
638
330
17
100
AcDbEntity
  8
0
100
AcDbLine
 10
173.3930999999992
 20
-133.33983999999927
 30
0.0
 11
173.49546199999924
 21
-133.20191799999927
 31
0.0
  0
LINE
  5
639
330
17
100
AcDbEntity
  8
0
100
AcDbLine
 10
173.49546199999924
 20
-133.20191799999927
 30
0.0
 11
173.59502999999924
 21
-133.06399599999926
 31
0.0
  0
LINE
  5
63A
330
17
100
AcDbEntity
  8
0
100
AcDbLine
 10
173.59502999999924
 20
-133.06399599999926
 30
0.0
 11
173.69205799999924
 21
-132.92607399999926
 31
0.0
  0
LINE
  5
63B
330
17
100
AcDbEntity
  8
0
100
AcDbLine
 10
173.69205799999924
 20
-132.92607399999926
 30
0.0
 11
173.78679999999923
 21
-132.78815199999926
 31
0.0
  0
LINE
  5
63C
330
17
100
AcDbEntity
  8
0
100
AcDbLine
 10
173.78679999999923
 20
-132.78815199999926
 30
0.0
 11
173.87925599999923
 21
-132.65048399999924
 31
0.0
  0
LINE
  5
63D
330
17
100
AcDbEntity
  8
0
100
AcDbLine
 10
173.87925599999923
 20
-132.65048399999924
 30
0.0
 11
173.96967999999924
 21
-132.51332399999924
 31
0.0
  0
LINE
  5
63E
330
17
100
AcDbEntity
  8
0
100
AcDbLine
 10
173.96967999999924
 20
-132.51332399999924
 30
0.0
 11
174.05807199999924
 21
-132.37667199999925
 31
0.0
  0
LINE
  5
63F
330
17
100
AcDbEntity
  8
0
100
AcDbLine
 10
174.05807199999924
 20
-132.37667199999925
 30
0.0
 11
174.14468599999924
 21
-132.24078199999926
 31
0.0
  0
LINE
  5
640
330
17
100
AcDbEntity
  8
0
100
AcDbLine
 10
174.14468599999924
 20
-132.24078199999926
 30
0.0
 11
174.22977599999925
 21
-132.10565399999925
 31
0.0
  0
LINE
  5
641
330
17
100
AcDbEntity
  8
0
100
AcDbLine
 10
174.22977599999925
 20
-132.10565399999925
 30
0.0
 11
174.31334199999924
 21
-131.97154199999923
 31
0.0
  0
LINE
  5
642
330
17
100
AcDbEntity
  8
0
100
AcDbLine
 10
174.31334199999924
 20
-131.97154199999923
 30
0.0
 11
174.39563799999922
 21
-131.83869999999925
 31
0.0
  0
LINE
  5
643
330
17
100
AcDbEntity
  8
0
100
AcDbLine
 10
174.39563799999922
 20
-131.83869999999925
 30
0.0
 11
174.47691799999924
 21
-131.70712799999924
 31
0.0
  0
LINE
  5
644
330
17
100
AcDbEntity
  8
0
100
AcDbLine
 10
174.47691799999924
 20
-131.70712799999924
 30
0.0
 11
174.55718199999924
 21
-131.57682599999922
 31
0.0
  0
LINE
  5
645
330
17
100
AcDbEntity
  8
0
100
AcDbLine
 10
174.55718199999924
 20
-131.57682599999922
 30
0.0
 11
174.63642999999925
 21
-131.44804799999923
 31
0.0
  0
LINE
  5
646
330
17
100
AcDbEntity
  8
0
100
AcDbLine
 10
174.63642999999925
 20
-131.44804799999923
 30
0.0
 11
174.71491599999922
 21
-131.32104799999922
 31
0.0
  0
LINE
  5
647
330
17
100
AcDbEntity
  8
0
100
AcDbLine
 10
174.71491599999922
 20
-131.32104799999922
 30
0.0
 11
174.79289399999925
 21
-131.19582599999922
 31
0.0
  0
LINE
  5
648
330
17
100
AcDbEntity
  8
0
100
AcDbLine
 10
174.79289399999925
 20
-131.19582599999922
 30
0.0
 11
174.87061799999924
 21
-131.07263599999922
 31
0.0
  0
LINE
  5
649
330
17
100
AcDbEntity
  8
0
100
AcDbLine
 10
174.87061799999924
 20
-131.07263599999922
 30
0.0
 11
174.94808799999925
 21
-130.9514779999992
 31
0.0
  0
LINE
  5
64A
330
17
100
AcDbEntity
  8
0
100
AcDbLine
 10
174.94808799999925
 20
-130.9514779999992
 30
0.0
 11
175.02530399999924
 21
-130.83260599999923
 31
0.0
  0
LINE
  5
64B
330
17
100
AcDbEntity
  8
0
100
AcDbLine
 10
175.02530399999924
 20
-130.83260599999923
 30
0.0
 11
175.10277399999921
 21
-130.71601999999925
 31
0.0
  0
LINE
  5
64C
330
17
100
AcDbEntity
  8
0
100
AcDbLine
 10
175.10277399999921
 20
-130.71601999999925
 30
0.0
 11
175.18049799999923
 21
-130.60197399999927
 31
0.0
  0
LINE
  5
64D
330
17
100
AcDbEntity
  8
0
100
AcDbLine
 10
175.18049799999923
 20
-130.60197399999927
 30
0.0
 11
175.25847599999923
 21
-130.49072199999927
 31
0.0
  0
LINE
  5
64E
330
17
100
AcDbEntity
  8
0
100
AcDbLine
 10
175.25847599999923
 20
-130.49072199999927
 30
0.0
 11
175.33696199999923
 21
-130.38226399999925
 31
0.0
  0
LINE
  5
64F
330
17
100
AcDbEntity
  8
0
100
AcDbLine
 10
175.33696199999923
 20
-130.38226399999925
 30
0.0
 11
175.41620999999924
 21
-130.27659999999923
 31
0.0
  0
LINE
  5
650
330
17
100
AcDbEntity
  8
0
100
AcDbLine
 10
175.41620999999924
 20
-130.27659999999923
 30
0.0
 11
175.49621999999923
 21
-130.17398399999925
 31
0.0
  0
LINE
  5
651
330
17
100
AcDbEntity
  8
0
100
AcDbLine
 10
175.49621999999923
 20
-130.17398399999925
 30
0.0
 11
175.57724599999923
 21
-130.07466999999926
 31
0.0
  0
LINE
  5
652
330
17
100
AcDbEntity
  8
0
100
AcDbLine
 10
175.57724599999923
 20
-130.07466999999926
 30
0.0
 11
175.65928799999924
 21
-129.97865799999926
 31
0.0
  0
LINE
  5
653
330
17
100
AcDbEntity
  8
0
100
AcDbLine
 10
175.65928799999924
 20
-129.97865799999926
 30
0.0
 11
175.74259999999921
 21
-129.88620199999926
 31
0.0
  0
LINE
  5
654
330
17
100
AcDbEntity
  8
0
100
AcDbLine
 10
175.74259999999921
 20
-129.88620199999926
 30
0.0
 11
175.8274359999992
 21
-129.79730199999926
 31
0.0
  0
LINE
  5
655
330
17
100
AcDbEntity
  8
0
100
AcDbLine
 10
175.8274359999992
 20
-129.79730199999926
 30
0.0
 11
175.91379599999922
 21
-129.71221199999925
 31
0.0
  0
LINE
  5
656
330
17
100
AcDbEntity
  8
0
100
AcDbLine
 10
175.91379599999922
 20
-129.71221199999925
 30
0.0
 11
176.0019339999992
 21
-129.63118599999925
 31
0.0
  0
LINE
  5
657
330
17
100
AcDbEntity
  8
0
100
AcDbLine
 10
176.0019339999992
 20
-129.63118599999925
 30
0.0
 11
176.09184999999923
 21
-129.55422399999927
 31
0.0
  0
LINE
  5
658
330
17
100
AcDbEntity
  8
0
100
AcDbLine
 10
176.09184999999923
 20
-129.55422399999927
 30
0.0
 11
176.1837979999992
 21
-129.48132599999926
 31
0.0
  0
LINE
  5
659
330
17
100
AcDbEntity
  8
0
100
AcDbLine
 10
176.1837979999992
 20
-129.48132599999926
 30
0.0
 11
176.2780319999992
 21
-129.41274599999926
 31
0.0
  0
LINE
  5
65A
330
17
100
AcDbEntity
  8
0
100
AcDbLine
 10
176.2780319999992
 20
-129.41274599999926
 30
0.0
 11
176.3745519999992
 21
-129.34873799999926
 31
0.0
  0
LINE
  5
65B
330
17
100
AcDbEntity
  8
0
100
AcDbLine
 10
176.3745519999992
 20
-129.34873799999926
 30
0.0
 11
176.4736119999992
 21
-129.28930199999928
 31
0.0
  0
LINE
  5
65C
330
17
100
AcDbEntity
  8
0
100
AcDbLine
 10
176.4736119999992
 20
-129.28930199999928
 30
0.0
 11
176.5752119999992
 21
-129.23469199999928
 31
0.0
  0
LINE
  5
65D
330
17
100
AcDbEntity
  8
0
100
AcDbLine
 10
176.5752119999992
 20
-129.23469199999928
 30
0.0
 11
176.67960599999918
 21
-129.18490799999927
 31
0.0
  0
LINE
  5
65E
330
17
100
AcDbEntity
  8
0
100
AcDbLine
 10
176.67960599999918
 20
-129.18490799999927
 30
0.0
 11
176.78704799999917
 21
-129.14020399999927
 31
0.0
  0
LINE
  5
65F
330
17
100
AcDbEntity
  8
0
100
AcDbLine
 10
176.78704799999917
 20
-129.14020399999927
 30
0.0
 11
176.89753799999917
 21
-129.10057999999927
 31
0.0
  0
LINE
  5
660
330
17
100
AcDbEntity
  8
0
100
AcDbLine
 10
176.89753799999917
 20
-129.10057999999927
 30
0.0
 11
177.01132999999916
 21
-129.06628999999927
 31
0.0
  0
LINE
  5
661
330
17
100
AcDbEntity
  8
0
100
AcDbLine
 10
177.01132999999916
 20
-129.06628999999927
 30
0.0
 11
177.12842399999917
 21
-129.0375879999993
 31
0.0
  0
LINE
  5
662
330
17
100
AcDbEntity
  8
0
100
AcDbLine
 10
177.12842399999917
 20
-129.0375879999993
 30
0.0
 11
177.24907399999918
 21
-129.01447399999927
 31
0.0
  0
LINE
  5
663
330
17
100
AcDbEntity
  8
0
100
AcDbLine
 10
177.24907399999918
 20
-129.01447399999927
 30
0.0
 11
177.37353399999918
 21
-128.99694799999926
 31
0.0
  0
LINE
  5
664
330
17
100
AcDbEntity
  8
0
100
AcDbLine
 10
177.37353399999918
 20
-128.99694799999926
 30
0.0
 11
177.50180399999917
 21
-128.98526399999926
 31
0.0
  0
LINE
  5
665
330
17
100
AcDbEntity
  8
0
100
AcDbLine
 10
177.50180399999917
 20
-128.98526399999926
 30
0.0
 11
177.63413799999915
 21
-128.97967599999927
 31
0.0
  0
LINE
  5
666
330
17
100
AcDbEntity
  8
0
100
AcDbLine
 10
177.63413799999915
 20
-128.97967599999927
 30
0.0
 11
177.77053599999917
 21
-128.98018399999927
 31
0.0
  0
LINE
  5
667
330
17
100
AcDbEntity
  8
0
100
AcDbLine
 10
177.77053599999917
 20
-128.98018399999927
 30
0.0
 11
177.91125199999917
 21
-128.98704199999926
 31
0.0
  0
LINE
  5
668
330
17
100
AcDbEntity
  8
0
100
AcDbLine
 10
177.91125199999917
 20
-128.98704199999926
 30
0.0
 11
178.05653999999916
 21
-129.00024999999928
 31
0.0
  0
LINE
  5
669
330
17
100
AcDbEntity
  8
0
100
AcDbLine
 10
178.05653999999916
 20
-129.00024999999928
 30
0.0
 11
178.20639999999918
 21
-129.02006199999929
 31
0.0
  0
LINE
  5
66A
330
17
100
AcDbEntity
  8
0
100
AcDbLine
 10
178.20639999999918
 20
-129.02006199999929
 30
0.0
 11
178.36108599999918
 21
-129.04673199999928
 31
0.0
  0
LINE
  5
66B
330
17
100
AcDbEntity
  8
0
100
AcDbLine
 10
178.36108599999918
 20
-129.04673199999928
 30
0.0
 11
178.52059799999918
 21
-129.08025999999927
 31
0.0
  0
LINE
  5
66C
330
17
100
AcDbEntity
  8
0
100
AcDbLine
 10
178.52059799999918
 20
-129.08025999999927
 30
0.0
 11
178.6851899999992
 21
-129.12064599999928
 31
0.0
  0
LINE
  5
66D
330
17
100
AcDbEntity
  8
0
100
AcDbLine
 10
178.6851899999992
 20
-129.12064599999928
 30
0.0
 11
178.85511599999919
 21
-129.16814399999927
 31
0.0
  0
LINE
  5
66E
330
17
100
AcDbEntity
  8
0
100
AcDbLine
 10
178.85511599999919
 20
-129.16814399999927
 30
0.0
 11
179.0303759999992
 21
-129.22300799999928
 31
0.0
  0
LINE
  5
66F
330
17
100
AcDbEntity
  8
0
100
AcDbLine
 10
179.0303759999992
 20
-129.22300799999928
 30
0.0
 11
179.1787119999992
 21
-129.27533199999928
 31
0.0
  0
LINE
  5
670
330
17
100
AcDbEntity
  8
0
100
AcDbLine
 10
179.1787119999992
 20
-129.27533199999928
 30
0.0
 11
179.3402559999992
 21
-129.3291799999993
 31
0.0
  0
LINE
  5
671
330
17
100
AcDbEntity
  8
0
100
AcDbLine
 10
179.3402559999992
 20
-129.3291799999993
 30
0.0
 11
179.5144999999992
 21
-129.3842979999993
 31
0.0
  0
LINE
  5
672
330
17
100
AcDbEntity
  8
0
100
AcDbLine
 10
179.5144999999992
 20
-129.3842979999993
 30
0.0
 11
179.7011899999992
 21
-129.4406859999993
 31
0.0
  0
LINE
  5
673
330
17
100
AcDbEntity
  8
0
100
AcDbLine
 10
179.7011899999992
 20
-129.4406859999993
 30
0.0
 11
179.89956399999917
 21
-129.49859799999928
 31
0.0
  0
LINE
  5
674
330
17
100
AcDbEntity
  8
0
100
AcDbLine
 10
179.89956399999917
 20
-129.49859799999928
 30
0.0
 11
180.1093679999992
 21
-129.55777999999927
 31
0.0
  0
LINE
  5
675
330
17
100
AcDbEntity
  8
0
100
AcDbLine
 10
180.1093679999992
 20
-129.55777999999927
 30
0.0
 11
180.3300939999992
 21
-129.61797799999928
 31
0.0
  0
LINE
  5
676
330
17
100
AcDbEntity
  8
0
100
AcDbLine
 10
180.3300939999992
 20
-129.61797799999928
 30
0.0
 11
180.5612339999992
 21
-129.6794459999993
 31
0.0
  0
LINE
  5
677
330
17
100
AcDbEntity
  8
0
100
AcDbLine
 10
180.5612339999992
 20
-129.6794459999993
 30
0.0
 11
180.8020259999992
 21
-129.7421839999993
 31
0.0
  0
LINE
  5
678
330
17
100
AcDbEntity
  8
0
100
AcDbLine
 10
180.8020259999992
 20
-129.7421839999993
 30
0.0
 11
181.0522159999992
 21
-129.8059379999993
 31
0.0
  0
LINE
  5
679
330
17
100
AcDbEntity
  8
0
100
AcDbLine
 10
181.0522159999992
 20
-129.8059379999993
 30
0.0
 11
181.3115499999992
 21
-129.87096199999928
 31
0.0
  0
LINE
  5
67A
330
17
100
AcDbEntity
  8
0
100
AcDbLine
 10
181.3115499999992
 20
-129.87096199999928
 30
0.0
 11
181.57926599999917
 21
-129.93700199999927
 31
0.0
  0
LINE
  5
67B
330
17
100
AcDbEntity
  8
0
100
AcDbLine
 10
181.57926599999917
 20
-129.93700199999927
 30
0.0
 11
181.8548559999992
 21
-130.00405799999928
 31
0.0
  0
LINE
  5
67C
330
17
100
AcDbEntity
  8
0
100
AcDbLine
 10
181.8548559999992
 20
-130.00405799999928
 30
0.0
 11
182.1378119999992
 21
-130.07212999999928
 31
0.0
  0
LINE
  5
67D
330
17
100
AcDbEntity
  8
0
100
AcDbLine
 10
182.1378119999992
 20
-130.07212999999928
 30
0.0
 11
182.4278799999992
 21
-130.1412179999993
 31
0.0
  0
LINE
  5
67E
330
17
100
AcDbEntity
  8
0
100
AcDbLine
 10
182.4278799999992
 20
-130.1412179999993
 30
0.0
 11
182.7242979999992
 21
-130.2110679999993
 31
0.0
  0
LINE
  5
67F
330
17
100
AcDbEntity
  8
0
100
AcDbLine
 10
182.7242979999992
 20
-130.2110679999993
 30
0.0
 11
183.0268119999992
 21
-130.2819339999993
 31
0.0
  0
LINE
  5
680
330
17
100
AcDbEntity
  8
0
100
AcDbLine
 10
183.0268119999992
 20
-130.2819339999993
 30
0.0
 11
183.3349139999992
 21
-130.3535619999993
 31
0.0
  0
LINE
  5
681
330
17
100
AcDbEntity
  8
0
100
AcDbLine
 10
183.3349139999992
 20
-130.3535619999993
 30
0.0
 11
183.6478419999992
 21
-130.4262059999993
 31
0.0
  0
LINE
  5
682
330
17
100
AcDbEntity
  8
0
100
AcDbLine
 10
183.6478419999992
 20
-130.4262059999993
 30
0.0
 11
183.9653419999992
 21
-130.49961199999927
 31
0.0
  0
LINE
  5
683
330
17
100
AcDbEntity
  8
0
100
AcDbLine
 10
183.9653419999992
 20
-130.49961199999927
 30
0.0
 11
184.2869059999992
 21
-130.5737799999993
 31
0.0
  0
LINE
  5
684
330
17
100
AcDbEntity
  8
0
100
AcDbLine
 10
184.2869059999992
 20
-130.5737799999993
 30
0.0
 11
184.6120259999992
 21
-130.64870999999928
 31
0.0
  0
LINE
  5
685
330
17
100
AcDbEntity
  8
0
100
AcDbLine
 10
184.6120259999992
 20
-130.64870999999928
 30
0.0
 11
184.9401939999992
 21
-130.7244019999993
 31
0.0
  0
LINE
  5
686
330
17
100
AcDbEntity
  8
0
100
AcDbLine
 10
184.9401939999992
 20
-130.7244019999993
 30
0.0
 11
185.2711559999992
 21
-130.80060199999926
 31
0.0
  0
LINE
  5
687
330
17
100
AcDbEntity
  8
0
100
AcDbLine
 10
185.2711559999992
 20
-130.80060199999926
 30
0.0
 11
185.6041499999992
 21
-130.87756399999927
 31
0.0
  0
LINE
  5
688
330
17
100
AcDbEntity
  8
0
100
AcDbLine
 10
185.6041499999992
 20
-130.87756399999927
 30
0.0
 11
185.9386679999992
 21
-130.95503399999924
 31
0.0
  0
LINE
  5
689
330
17
100
AcDbEntity
  8
0
100
AcDbLine
 10
185.9386679999992
 20
-130.95503399999924
 30
0.0
 11
186.2744559999992
 21
-131.03326599999926
 31
0.0
  0
LINE
  5
68A
330
17
100
AcDbEntity
  8
0
100
AcDbLine
 10
186.2744559999992
 20
-131.03326599999926
 30
0.0
 11
186.6107519999992
 21
-131.11200599999924
 31
0.0
  0
LINE
  5
68B
330
17
100
AcDbEntity
  8
0
100
AcDbLine
 10
186.6107519999992
 20
-131.11200599999924
 30
0.0
 11
186.9473019999992
 21
-131.19125399999925
 31
0.0
  0
LINE
  5
68C
330
17
100
AcDbEntity
  8
0
100
AcDbLine
 10
186.9473019999992
 20
-131.19125399999925
 30
0.0
 11
187.2835979999992
 21
-131.27100999999922
 31
0.0
  0
LINE
  5
68D
330
17
100
AcDbEntity
  8
0
100
AcDbLine
 10
187.2835979999992
 20
-131.27100999999922
 30
0.0
 11
187.6191319999992
 21
-131.35101999999924
 31
0.0
  0
LINE
  5
68E
330
17
100
AcDbEntity
  8
0
100
AcDbLine
 10
187.6191319999992
 20
-131.35101999999924
 30
0.0
 11
187.9533959999992
 21
-131.43153799999925
 31
0.0
  0
LINE
  5
68F
330
17
100
AcDbEntity
  8
0
100
AcDbLine
 10
187.9533959999992
 20
-131.43153799999925
 30
0.0
 11
188.2858819999992
 21
-131.51256399999923
 31
0.0
  0
LINE
  5
690
330
17
100
AcDbEntity
  8
0
100
AcDbLine
 10
188.2858819999992
 20
-131.51256399999923
 30
0.0
 11
188.61608199999918
 21
-131.59384399999925
 31
0.0
  0
LINE
  5
691
330
17
100
AcDbEntity
  8
0
100
AcDbLine
 10
188.61608199999918
 20
-131.59384399999925
 30
0.0
 11
188.94348799999918
 21
-131.67537799999926
 31
0.0
  0
LINE
  5
692
330
17
100
AcDbEntity
  8
0
100
AcDbLine
 10
188.94348799999918
 20
-131.67537799999926
 30
0.0
 11
189.26759199999918
 21
-131.75716599999927
 31
0.0
  0
LINE
  5
693
330
17
100
AcDbEntity
  8
0
100
AcDbLine
 10
189.26759199999918
 20
-131.75716599999927
 30
0.0
 11
189.58813999999916
 21
-131.83920799999925
 31
0.0
  0
LINE
  5
694
330
17
100
AcDbEntity
  8
0
100
AcDbLine
 10
189.58813999999916
 20
-131.83920799999925
 30
0.0
 11
189.90436999999915
 21
-131.92150399999923
 31
0.0
  0
LINE
  5
695
330
17
100
AcDbEntity
  8
0
100
AcDbLine
 10
189.90436999999915
 20
-131.92150399999923
 30
0.0
 11
190.21602799999914
 21
-132.00405399999926
 31
0.0
  0
LINE
  5
696
330
17
100
AcDbEntity
  8
0
100
AcDbLine
 10
190.21602799999914
 20
-132.00405399999926
 30
0.0
 11
190.52235199999916
 21
-132.08685799999927
 31
0.0
  0
LINE
  5
697
330
17
100
AcDbEntity
  8
0
100
AcDbLine
 10
190.52235199999916
 20
-132.08685799999927
 30
0.0
 11
190.82308799999916
 21
-132.16966199999928
 31
0.0
  0
LINE
  5
698
330
17
100
AcDbEntity
  8
0
100
AcDbLine
 10
190.82308799999916
 20
-132.16966199999928
 30
0.0
 11
191.11772799999915
 21
-132.25271999999927
 31
0.0
  0
LINE
  5
699
330
17
100
AcDbEntity
  8
0
100
AcDbLine
 10
191.11772799999915
 20
-132.25271999999927
 30
0.0
 11
191.40576399999915
 21
-132.33577799999927
 31
0.0
  0
LINE
  5
69A
330
17
100
AcDbEntity
  8
0
100
AcDbLine
 10
191.40576399999915
 20
-132.33577799999927
 30
0.0
 11
191.68668799999915
 21
-132.41883599999926
 31
0.0
  0
LINE
  5
69B
330
17
100
AcDbEntity
  8
0
100
AcDbLine
 10
191.68668799999915
 20
-132.41883599999926
 30
0.0
 11
191.95999199999915
 21
-132.50189399999925
 31
0.0
  0
LINE
  5
69C
330
17
100
AcDbEntity
  8
0
100
AcDbLine
 10
191.95999199999915
 20
-132.50189399999925
 30
0.0
 11
192.22516799999914
 21
-132.58495199999928
 31
0.0
  0
LINE
  5
69D
330
17
100
AcDbEntity
  8
0
100
AcDbLine
 10
192.22516799999914
 20
-132.58495199999928
 30
0.0
 11
192.48170799999914
 21
-132.66775599999926
 31
0.0
  0
LINE
  5
69E
330
17
100
AcDbEntity
  8
0
100
AcDbLine
 10
192.48170799999914
 20
-132.66775599999926
 30
0.0
 11
192.72910399999915
 21
-132.75055999999927
 31
0.0
  0
LINE
  5
69F
330
17
100
AcDbEntity
  8
0
100
AcDbLine
 10
192.72910399999915
 20
-132.75055999999927
 30
0.0
 11
192.96710199999916
 21
-132.83336399999928
 31
0.0
  0
LINE
  5
6A0
330
17
100
AcDbEntity
  8
0
100
AcDbLine
 10
192.96710199999916
 20
-132.83336399999928
 30
0.0
 11
193.19493999999918
 21
-132.9159139999993
 31
0.0
  0
LINE
  5
6A1
330
17
100
AcDbEntity
  8
0
100
AcDbLine
 10
193.19493999999918
 20
-132.9159139999993
 30
0.0
 11
193.41236399999917
 21
-132.9982099999993
 31
0.0
  0
LINE
  5
6A2
330
17
100
AcDbEntity
  8
0
100
AcDbLine
 10
193.41236399999917
 20
-132.9982099999993
 30
0.0
 11
193.61886599999917
 21
-133.0802519999993
 31
0.0
  0
LINE
  5
6A3
330
17
100
AcDbEntity
  8
0
100
AcDbLine
 10
193.61886599999917
 20
-133.0802519999993
 30
0.0
 11
193.81368399999917
 21
-133.16203999999928
 31
0.0
  0
LINE
  5
6A4
330
17
100
AcDbEntity
  8
0
100
AcDbLine
 10
193.81368399999917
 20
-133.16203999999928
 30
0.0
 11
193.99656399999918
 21
-133.24357399999928
 31
0.0
  0
LINE
  5
6A5
330
17
100
AcDbEntity
  8
0
100
AcDbLine
 10
193.99656399999918
 20
-133.24357399999928
 30
0.0
 11
194.1669979999992
 21
-133.3248539999993
 31
0.0
  0
LINE
  5
6A6
330
17
100
AcDbEntity
  8
0
100
AcDbLine
 10
194.1669979999992
 20
-133.3248539999993
 30
0.0
 11
194.3244779999992
 21
-133.4056259999993
 31
0.0
  0
LINE
  5
6A7
330
17
100
AcDbEntity
  8
0
100
AcDbLine
 10
194.3244779999992
 20
-133.4056259999993
 30
0.0
 11
194.4684959999992
 21
-133.48614399999929
 31
0.0
  0
LINE
  5
6A8
330
17
100
AcDbEntity
  8
0
100
AcDbLine
 10
194.4684959999992
 20
-133.48614399999929
 30
0.0
 11
194.59879799999922
 21
-133.5661539999993
 31
0.0
  0
LINE
  5
6A9
330
17
100
AcDbEntity
  8
0
100
AcDbLine
 10
194.59879799999922
 20
-133.5661539999993
 30
0.0
 11
194.71462199999922
 21
-133.6456559999993
 31
0.0
  0
LINE
  5
6AA
330
17
100
AcDbEntity
  8
0
100
AcDbLine
 10
194.71462199999922
 20
-133.6456559999993
 30
0.0
 11
194.81545999999923
 21
-133.72464999999931
 31
0.0
  0
LINE
  5
6AB
330
17
100
AcDbEntity
  8
0
100
AcDbLine
 10
194.81545999999923
 20
-133.72464999999931
 30
0.0
 11
194.9010579999992
 21
-133.8031359999993
 31
0.0
  0
LINE
  5
6AC
330
17
100
AcDbEntity
  8
0
100
AcDbLine
 10
194.9010579999992
 20
-133.8031359999993
 30
0.0
 11
194.97065399999923
 21
-133.88111399999931
 31
0.0
  0
LINE
  5
6AD
330
17
100
AcDbEntity
  8
0
100
AcDbLine
 10
194.97065399999923
 20
-133.88111399999931
 30
0.0
 11
195.02399399999922
 21
-133.9585839999993
 31
0.0
  0
LINE
  5
6AE
330
17
100
AcDbEntity
  8
0
100
AcDbLine
 10
195.02399399999922
 20
-133.9585839999993
 30
0.0
 11
195.06056999999925
 21
-134.03529199999932
 31
0.0
  0
LINE
  5
6AF
330
17
100
AcDbEntity
  8
0
100
AcDbLine
 10
195.06056999999925
 20
-134.03529199999932
 30
0.0
 11
195.1012099999992
 21
-134.0675499999993
 31
0.0
  0
LINE
  5
6B0
330
17
100
AcDbEntity
  8
0
100
AcDbLine
 10
195.1012099999992
 20
-134.0675499999993
 30
0.0
 11
195.13930999999923
 21
-134.1028559999993
 31
0.0
  0
LINE
  5
6B1
330
17
100
AcDbEntity
  8
0
100
AcDbLine
 10
195.13930999999923
 20
-134.1028559999993
 30
0.0
 11
195.17537799999923
 21
-134.14095599999928
 31
0.0
  0
LINE
  5
6B2
330
17
100
AcDbEntity
  8
0
100
AcDbLine
 10
195.17537799999923
 20
-134.14095599999928
 30
0.0
 11
195.20915999999923
 21
-134.1818499999993
 31
0.0
  0
LINE
  5
6B3
330
17
100
AcDbEntity
  8
0
100
AcDbLine
 10
195.20915999999923
 20
-134.1818499999993
 30
0.0
 11
195.24090999999925
 21
-134.22528399999928
 31
0.0
  0
LINE
  5
6B4
330
17
100
AcDbEntity
  8
0
100
AcDbLine
 10
195.24090999999925
 20
-134.22528399999928
 30
0.0
 11
195.27062799999922
 21
-134.2712579999993
 31
0.0
  0
LINE
  5
6B5
330
17
100
AcDbEntity
  8
0
100
AcDbLine
 10
195.27062799999922
 20
-134.2712579999993
 30
0.0
 11
195.29856799999925
 21
-134.31977199999932
 31
0.0
  0
LINE
  5
6B6
330
17
100
AcDbEntity
  8
0
100
AcDbLine
 10
195.29856799999925
 20
-134.31977199999932
 30
0.0
 11
195.32472999999922
 21
-134.37057199999933
 31
0.0
  0
LINE
  5
6B7
330
17
100
AcDbEntity
  8
0
100
AcDbLine
 10
195.32472999999922
 20
-134.37057199999933
 30
0.0
 11
195.34911399999922
 21
-134.4236579999993
 31
0.0
  0
LINE
  5
6B8
330
17
100
AcDbEntity
  8
0
100
AcDbLine
 10
195.34911399999922
 20
-134.4236579999993
 30
0.0
 11
195.37171999999924
 21
-134.4787759999993
 31
0.0
  0
LINE
  5
6B9
330
17
100
AcDbEntity
  8
0
100
AcDbLine
 10
195.37171999999924
 20
-134.4787759999993
 30
0.0
 11
195.39280199999922
 21
-134.5361799999993
 31
0.0
  0
LINE
  5
6BA
330
17
100
AcDbEntity
  8
0
100
AcDbLine
 10
195.39280199999922
 20
-134.5361799999993
 30
0.0
 11
195.41261399999922
 21
-134.59536199999928
 31
0.0
  0
LINE
  5
6BB
330
17
100
AcDbEntity
  8
0
100
AcDbLine
 10
195.41261399999922
 20
-134.59536199999928
 30
0.0
 11
195.43090199999924
 21
-134.6565759999993
 31
0.0
  0
LINE
  5
6BC
330
17
100
AcDbEntity
  8
0
100
AcDbLine
 10
195.43090199999924
 20
-134.6565759999993
 30
0.0
 11
195.44791999999921
 21
-134.71931399999926
 31
0.0
  0
LINE
  5
6BD
330
17
100
AcDbEntity
  8
0
100
AcDbLine
 10
195.44791999999921
 20
-134.71931399999926
 30
0.0
 11
195.46366799999922
 21
-134.78382999999928
 31
0.0
  0
LINE
  5
6BE
330
17
100
AcDbEntity
  8
0
100
AcDbLine
 10
195.46366799999922
 20
-134.78382999999928
 30
0.0
 11
195.47839999999923
 21
-134.84986999999927
 31
0.0
  0
LINE
  5
6BF
330
17
100
AcDbEntity
  8
0
100
AcDbLine
 10
195.47839999999923
 20
-134.84986999999927
 30
0.0
 11
195.49186199999923
 21
-134.91743399999928
 31
0.0
  0
LINE
  5
6C0
330
17
100
AcDbEntity
  8
0
100
AcDbLine
 10
195.49186199999923
 20
-134.91743399999928
 30
0.0
 11
195.50456199999923
 21
-134.98626799999926
 31
0.0
  0
LINE
  5
6C1
330
17
100
AcDbEntity
  8
0
100
AcDbLine
 10
195.50456199999923
 20
-134.98626799999926
 30
0.0
 11
195.51624599999923
 21
-135.05637199999924
 31
0.0
  0
LINE
  5
6C2
330
17
100
AcDbEntity
  8
0
100
AcDbLine
 10
195.51624599999923
 20
-135.05637199999924
 30
0.0
 11
195.52716799999922
 21
-135.12774599999923
 31
0.0
  0
LINE
  5
6C3
330
17
100
AcDbEntity
  8
0
100
AcDbLine
 10
195.52716799999922
 20
-135.12774599999923
 30
0.0
 11
195.53732799999923
 21
-135.20013599999922
 31
0.0
  0
LINE
  5
6C4
330
17
100
AcDbEntity
  8
0
100
AcDbLine
 10
195.53732799999923
 20
-135.20013599999922
 30
0.0
 11
195.54697999999922
 21
-135.2732879999992
 31
0.0
  0
LINE
  5
6C5
330
17
100
AcDbEntity
  8
0
100
AcDbLine
 10
195.54697999999922
 20
-135.2732879999992
 30
0.0
 11
195.55612399999922
 21
-135.34745599999923
 31
0.0
  0
LINE
  5
6C6
330
17
100
AcDbEntity
  8
0
100
AcDbLine
 10
195.55612399999922
 20
-135.34745599999923
 30
0.0
 11
195.5647599999992
 21
-135.42238599999922
 31
0.0
  0
LINE
  5
6C7
330
17
100
AcDbEntity
  8
0
100
AcDbLine
 10
195.5647599999992
 20
-135.42238599999922
 30
0.0
 11
195.5728879999992
 21
-135.4978239999992
 31
0.0
  0
LINE
  5
6C8
330
17
100
AcDbEntity
  8
0
100
AcDbLine
 10
195.5728879999992
 20
-135.4978239999992
 30
0.0
 11
195.5807619999992
 21
-135.5740239999992
 31
0.0
  0
LINE
  5
6C9
330
17
100
AcDbEntity
  8
0
100
AcDbLine
 10
195.5807619999992
 20
-135.5740239999992
 30
0.0
 11
195.5883819999992
 21
-135.65047799999923
 31
0.0
  0
LINE
  5
6CA
330
17
100
AcDbEntity
  8
0
100
AcDbLine
 10
195.5883819999992
 20
-135.65047799999923
 30
0.0
 11
195.5960019999992
 21
-135.72743999999923
 31
0.0
  0
LINE
  5
6CB
330
17
100
AcDbEntity
  8
0
100
AcDbLine
 10
195.5960019999992
 20
-135.72743999999923
 30
0.0
 11
195.60362199999918
 21
-135.80465599999923
 31
0.0
  0
LINE
  5
6CC
330
17
100
AcDbEntity
  8
0
100
AcDbLine
 10
195.60362199999918
 20
-135.80465599999923
 30
0.0
 11
195.61124199999918
 21
-135.88187199999922
 31
0.0
  0
LINE
  5
6CD
330
17
100
AcDbEntity
  8
0
100
AcDbLine
 10
195.61124199999918
 20
-135.88187199999922
 30
0.0
 11
195.61911599999917
 21
-135.9593419999992
 31
0.0
  0
LINE
  5
6CE
330
17
100
AcDbEntity
  8
0
100
AcDbLine
 10
195.61911599999917
 20
-135.9593419999992
 30
0.0
 11
195.62698999999915
 21
-136.0365579999992
 31
0.0
  0
LINE
  5
6CF
330
17
100
AcDbEntity
  8
0
100
AcDbLine
 10
195.62698999999915
 20
-136.0365579999992
 30
0.0
 11
195.63537199999917
 21
-136.11377399999918
 31
0.0
  0
LINE
  5
6D0
330
17
100
AcDbEntity
  8
0
100
AcDbLine
 10
195.63537199999917
 20
-136.11377399999918
 30
0.0
 11
195.64400799999916
 21
-136.1907359999992
 31
0.0
  0
LINE
  5
6D1
330
17
100
AcDbEntity
  8
0
100
AcDbLine
 10
195.64400799999916
 20
-136.1907359999992
 30
0.0
 11
195.65315199999915
 21
-136.2671899999992
 31
0.0
  0
LINE
  5
6D2
330
17
100
AcDbEntity
  8
0
100
AcDbLine
 10
195.65315199999915
 20
-136.2671899999992
 30
0.0
 11
195.66280399999914
 21
-136.34338999999918
 31
0.0
  0
LINE
  5
6D3
330
17
100
AcDbEntity
  8
0
100
AcDbLine
 10
195.66280399999914
 20
-136.34338999999918
 30
0.0
 11
195.67321799999917
 21
-136.4188279999992
 31
0.0
  0
LINE
  5
6D4
330
17
100
AcDbEntity
  8
0
100
AcDbLine
 10
195.67321799999917
 20
-136.4188279999992
 30
0.0
 11
195.68439399999914
 21
-136.4937579999992
 31
0.0
  0
LINE
  5
6D5
330
17
100
AcDbEntity
  8
0
100
AcDbLine
 10
195.68439399999914
 20
-136.4937579999992
 30
0.0
 11
195.69633199999916
 21
-136.56792599999918
 31
0.0
  0
LINE
  5
6D6
330
17
100
AcDbEntity
  8
0
100
AcDbLine
 10
195.69633199999916
 20
-136.56792599999918
 30
0.0
 11
195.70903199999916
 21
-136.64133199999918
 31
0.0
  0
LINE
  5
6D7
330
17
100
AcDbEntity
  8
0
100
AcDbLine
 10
195.70903199999916
 20
-136.64133199999918
 30
0.0
 11
195.72274799999914
 21
-136.71372199999917
 31
0.0
  0
LINE
  5
6D8
330
17
100
AcDbEntity
  8
0
100
AcDbLine
 10
195.72274799999914
 20
-136.71372199999917
 30
0.0
 11
195.73747999999912
 21
-136.78509599999916
 31
0.0
  0
LINE
  5
6D9
330
17
100
AcDbEntity
  8
0
100
AcDbLine
 10
195.73747999999912
 20
-136.78509599999916
 30
0.0
 11
195.75348199999914
 21
-136.85519999999914
 31
0.0
  0
LINE
  5
6DA
330
17
100
AcDbEntity
  8
0
100
AcDbLine
 10
195.75348199999914
 20
-136.85519999999914
 30
0.0
 11
195.77075399999913
 21
-136.92403399999915
 31
0.0
  0
LINE
  5
6DB
330
17
100
AcDbEntity
  8
0
100
AcDbLine
 10
195.77075399999913
 20
-136.92403399999915
 30
0.0
 11
195.78929599999913
 21
-136.99159799999913
 31
0.0
  0
LINE
  5
6DC
330
17
100
AcDbEntity
  8
0
100
AcDbLine
 10
195.78929599999913
 20
-136.99159799999913
 30
0.0
 11
195.80910799999913
 21
-137.05763799999914
 31
0.0
  0
LINE
  5
6DD
330
17
100
AcDbEntity
  8
0
100
AcDbLine
 10
195.80910799999913
 20
-137.05763799999914
 30
0.0
 11
195.83044399999912
 21
-137.12215399999914
 31
0.0
  0
LINE
  5
6DE
330
17
100
AcDbEntity
  8
0
100
AcDbLine
 10
195.83044399999912
 20
-137.12215399999914
 30
0.0
 11
195.8533039999991
 21
-137.18514599999915
 31
0.0
  0
LINE
  5
6DF
330
17
100
AcDbEntity
  8
0
100
AcDbLine
 10
195.8533039999991
 20
-137.18514599999915
 30
0.0
 11
195.8779419999991
 21
-137.24635999999916
 31
0.0
  0
LINE
  5
6E0
330
17
100
AcDbEntity
  8
0
100
AcDbLine
 10
195.8779419999991
 20
-137.24635999999916
 30
0.0
 11
195.90435799999912
 21
-137.30579599999916
 31
0.0
  0
LINE
  5
6E1
330
17
100
AcDbEntity
  8
0
100
AcDbLine
 10
195.90435799999912
 20
-137.30579599999916
 30
0.0
 11
195.9325519999991
 21
-137.36319999999915
 31
0.0
  0
LINE
  5
6E2
330
17
100
AcDbEntity
  8
0
100
AcDbLine
 10
195.9325519999991
 20
-137.36319999999915
 30
0.0
 11
195.96252399999912
 21
-137.41857199999913
 31
0.0
  0
LINE
  5
6E3
330
17
100
AcDbEntity
  8
0
100
AcDbLine
 10
195.96252399999912
 20
-137.41857199999913
 30
0.0
 11
195.99452799999912
 21
-137.47165799999914
 31
0.0
  0
LINE
  5
6E4
330
17
100
AcDbEntity
  8
0
100
AcDbLine
 10
195.99452799999912
 20
-137.47165799999914
 30
0.0
 11
196.02856399999914
 21
-137.52271199999913
 31
0.0
  0
LINE
  5
6E5
330
17
100
AcDbEntity
  8
0
100
AcDbLine
 10
196.02856399999914
 20
-137.52271199999913
 30
0.0
 11
196.06488599999912
 21
-137.57122599999914
 31
0.0
  0
LINE
  5
6E6
330
17
100
AcDbEntity
  8
0
100
AcDbLine
 10
196.06488599999912
 20
-137.57122599999914
 30
0.0
 11
196.10349399999916
 21
-137.61745399999916
 31
0.0
  0
LINE
  5
6E7
330
17
100
AcDbEntity
  8
0
100
AcDbLine
 10
196.10349399999916
 20
-137.61745399999916
 30
0.0
 11
196.14438799999914
 21
-137.66114199999916
 31
0.0
  0
LINE
  5
6E8
330
17
100
AcDbEntity
  8
0
100
AcDbLine
 10
196.14438799999914
 20
-137.66114199999916
 30
0.0
 11
196.18756799999912
 21
-137.70203599999914
 31
0.0
  0
LINE
  5
6E9
330
17
100
AcDbEntity
  8
0
100
AcDbLine
 10
196.18756799999912
 20
-137.70203599999914
 30
0.0
 11
196.2332879999991
 21
-137.74013599999913
 31
0.0
  0
LINE
  5
6EA
330
17
100
AcDbEntity
  8
0
100
AcDbLine
 10
196.2332879999991
 20
-137.74013599999913
 30
0.0
 11
196.28154799999913
 21
-137.77544199999915
 31
0.0
  0
LINE
  5
6EB
330
17
100
AcDbEntity
  8
0
100
AcDbLine
 10
196.28154799999913
 20
-137.77544199999915
 30
0.0
 11
196.33260199999913
 21
-137.80795399999914
 31
0.0
  0
LINE
  5
6EC
330
17
100
AcDbEntity
  8
0
100
AcDbLine
 10
196.33260199999913
 20
-137.80795399999914
 30
0.0
 11
196.38644999999912
 21
-137.83741799999913
 31
0.0
  0
LINE
  5
6ED
330
17
100
AcDbEntity
  8
0
100
AcDbLine
 10
196.38644999999912
 20
-137.83741799999913
 30
0.0
 11
196.44309199999913
 21
-137.86357999999913
 31
0.0
  0
LINE
  5
6EE
330
17
100
AcDbEntity
  8
0
100
AcDbLine
 10
196.44309199999913
 20
-137.86357999999913
 30
0.0
 11
196.50252799999913
 21
-137.88643999999914
 31
0.0
  0
LINE
  5
6EF
330
17
100
AcDbEntity
  8
0
100
AcDbLine
 10
196.50252799999913
 20
-137.88643999999914
 30
0.0
 11
196.65543599999913
 21
-137.89761599999915
 31
0.0
  0
LINE
  5
6F0
330
17
100
AcDbEntity
  8
0
100
AcDbLine
 10
196.65543599999913
 20
-137.89761599999915
 30
0.0
 11
196.8068199999991
 21
-137.91209399999914
 31
0.0
  0
LINE
  5
6F1
330
17
100
AcDbEntity
  8
0
100
AcDbLine
 10
196.8068199999991
 20
-137.91209399999914
 30
0.0
 11
196.95642599999914
 21
-137.92961999999912
 31
0.0
  0
LINE
  5
6F2
330
17
100
AcDbEntity
  8
0
100
AcDbLine
 10
196.95642599999914
 20
-137.92961999999912
 30
0.0
 11
197.10425399999912
 21
-137.9496859999991
 31
0.0
  0
LINE
  5
6F3
330
17
100
AcDbEntity
  8
0
100
AcDbLine
 10
197.10425399999912
 20
-137.9496859999991
 30
0.0
 11
197.25030399999915
 21
-137.9725459999991
 31
0.0
  0
LINE
  5
6F4
330
17
100
AcDbEntity
  8
0
100
AcDbLine
 10
197.25030399999915
 20
-137.9725459999991
 30
0.0
 11
197.39457599999915
 21
-137.99769199999915
 31
0.0
  0
LINE
  5
6F5
330
17
100
AcDbEntity
  8
0
100
AcDbLine
 10
197.39457599999915
 20
-137.99769199999915
 30
0.0
 11
197.53706999999915
 21
-138.02486999999914
 31
0.0
  0
LINE
  5
6F6
330
17
100
AcDbEntity
  8
0
100
AcDbLine
 10
197.53706999999915
 20
-138.02486999999914
 30
0.0
 11
197.67753199999913
 21
-138.05407999999912
 31
0.0
  0
LINE
  5
6F7
330
17
100
AcDbEntity
  8
0
100
AcDbLine
 10
197.67753199999913
 20
-138.05407999999912
 30
0.0
 11
197.81621599999914
 21
-138.0848139999991
 31
0.0
  0
LINE
  5
6F8
330
17
100
AcDbEntity
  8
0
100
AcDbLine
 10
197.81621599999914
 20
-138.0848139999991
 30
0.0
 11
197.95286799999917
 21
-138.11707199999913
 31
0.0
  0
LINE
  5
6F9
330
17
100
AcDbEntity
  8
0
100
AcDbLine
 10
197.95286799999917
 20
-138.11707199999913
 30
0.0
 11
198.08748799999915
 21
-138.1505999999991
 31
0.0
  0
LINE
  5
6FA
330
17
100
AcDbEntity
  8
0
100
AcDbLine
 10
198.08748799999915
 20
-138.1505999999991
 30
0.0
 11
198.22007599999915
 21
-138.1851439999991
 31
0.0
  0
LINE
  5
6FB
330
17
100
AcDbEntity
  8
0
100
AcDbLine
 10
198.22007599999915
 20
-138.1851439999991
 30
0.0
 11
198.35063199999917
 21
-138.2204499999991
 31
0.0
  0
LINE
  5
6FC
330
17
100
AcDbEntity
  8
0
100
AcDbLine
 10
198.35063199999917
 20
-138.2204499999991
 30
0.0
 11
198.47915599999916
 21
-138.25651799999912
 31
0.0
  0
LINE
  5
6FD
330
17
100
AcDbEntity
  8
0
100
AcDbLine
 10
198.47915599999916
 20
-138.25651799999912
 30
0.0
 11
198.60539399999914
 21
-138.2928399999991
 31
0.0
  0
LINE
  5
6FE
330
17
100
AcDbEntity
  8
0
100
AcDbLine
 10
198.60539399999914
 20
-138.2928399999991
 30
0.0
 11
198.72959999999915
 21
-138.32941599999913
 31
0.0
  0
LINE
  5
6FF
330
17
100
AcDbEntity
  8
0
100
AcDbLine
 10
198.72959999999915
 20
-138.32941599999913
 30
0.0
 11
198.85151999999917
 21
-138.36599199999912
 31
0.0
  0
LINE
  5
700
330
17
100
AcDbEntity
  8
0
100
AcDbLine
 10
198.85151999999917
 20
-138.36599199999912
 30
0.0
 11
198.97115399999916
 21
-138.40231399999914
 31
0.0
  0
LINE
  5
701
330
17
100
AcDbEntity
  8
0
100
AcDbLine
 10
198.97115399999916
 20
-138.40231399999914
 30
0.0
 11
199.08850199999915
 21
-138.43812799999912
 31
0.0
  0
LINE
  5
702
330
17
100
AcDbEntity
  8
0
100
AcDbLine
 10
199.08850199999915
 20
-138.43812799999912
 30
0.0
 11
199.20356399999915
 21
-138.47317999999913
 31
0.0
  0
LINE
  5
703
330
17
100
AcDbEntity
  8
0
100
AcDbLine
 10
199.20356399999915
 20
-138.47317999999913
 30
0.0
 11
199.31608599999916
 21
-138.50721599999912
 31
0.0
  0
LINE
  5
704
330
17
100
AcDbEntity
  8
0
100
AcDbLine
 10
199.31608599999916
 20
-138.50721599999912
 30
0.0
 11
199.42632199999915
 21
-138.54023599999914
 31
0.0
  0
LINE
  5
705
330
17
100
AcDbEntity
  8
0
100
AcDbLine
 10
199.42632199999915
 20
-138.54023599999914
 30
0.0
 11
199.53401799999915
 21
-138.57198599999913
 31
0.0
  0
LINE
  5
706
330
17
100
AcDbEntity
  8
0
100
AcDbLine
 10
199.53401799999915
 20
-138.57198599999913
 30
0.0
 11
199.63942799999913
 21
-138.60221199999913
 31
0.0
  0
LINE
  5
707
330
17
100
AcDbEntity
  8
0
100
AcDbLine
 10
199.63942799999913
 20
-138.60221199999913
 30
0.0
 11
199.74229799999912
 21
-138.63065999999912
 31
0.0
  0
LINE
  5
708
330
17
100
AcDbEntity
  8
0
100
AcDbLine
 10
199.74229799999912
 20
-138.63065999999912
 30
0.0
 11
199.8426279999991
 21
-138.65707599999914
 31
0.0
  0
LINE
  5
709
330
17
100
AcDbEntity
  8
0
100
AcDbLine
 10
199.8426279999991
 20
-138.65707599999914
 30
0.0
 11
199.94016399999913
 21
-138.68120599999915
 31
0.0
  0
LINE
  5
70A
330
17
100
AcDbEntity
  8
0
100
AcDbLine
 10
199.94016399999913
 20
-138.68120599999915
 30
0.0
 11
200.03515999999914
 21
-138.70304999999914
 31
0.0
  0
LINE
  5
70B
330
17
100
AcDbEntity
  8
0
100
AcDbLine
 10
200.03515999999914
 20
-138.70304999999914
 30
0.0
 11
200.12736199999915
 21
-138.72209999999916
 31
0.0
  0
LINE
  5
70C
330
17
100
AcDbEntity
  8
0
100
AcDbLine
 10
200.12736199999915
 20
-138.72209999999916
 30
0.0
 11
200.21702399999913
 21
-138.73835599999916
 31
0.0
  0
LINE
  5
70D
330
17
100
AcDbEntity
  8
0
100
AcDbLine
 10
200.21702399999913
 20
-138.73835599999916
 30
0.0
 11
200.30389199999914
 21
-138.75156399999915
 31
0.0
  0
LINE
  5
70E
330
17
100
AcDbEntity
  8
0
100
AcDbLine
 10
200.30389199999914
 20
-138.75156399999915
 30
0.0
 11
200.38796599999912
 21
-138.76146999999915
 31
0.0
  0
LINE
  5
70F
330
17
100
AcDbEntity
  8
0
100
AcDbLine
 10
200.38796599999912
 20
-138.76146999999915
 30
0.0
 11
200.46924599999915
 21
-138.76781999999915
 31
0.0
  0
LINE
  5
710
330
17
100
AcDbEntity
  8
0
100
AcDbLine
 10
200.46924599999915
 20
-138.76781999999915
 30
0.0
 11
200.54747799999913
 21
-138.77061399999914
 31
0.0
  0
LINE
  5
711
330
17
100
AcDbEntity
  8
0
100
AcDbLine
 10
200.54747799999913
 20
-138.77061399999914
 30
0.0
 11
200.62291599999915
 21
-138.76934399999914
 31
0.0
  0
LINE
  5
712
330
17
100
AcDbEntity
  8
0
100
AcDbLine
 10
200.62291599999915
 20
-138.76934399999914
 30
0.0
 11
200.69530599999914
 21
-138.76400999999916
 31
0.0
  0
LINE
  5
713
330
17
100
AcDbEntity
  8
0
100
AcDbLine
 10
200.69530599999914
 20
-138.76400999999916
 30
0.0
 11
200.76490199999913
 21
-138.75435799999914
 31
0.0
  0
LINE
  5
714
330
17
100
AcDbEntity
  8
0
100
AcDbLine
 10
200.76490199999913
 20
-138.75435799999914
 30
0.0
 11
200.83144999999914
 21
-138.74013399999913
 31
0.0
  0
LINE
  5
715
330
17
100
AcDbEntity
  8
0
100
AcDbLine
 10
200.83144999999914
 20
-138.74013399999913
 30
0.0
 11
200.8949499999991
 21
-138.72108399999914
 31
0.0
  0
LINE
  5
716
330
17
100
AcDbEntity
  8
0
100
AcDbLine
 10
200.8949499999991
 20
-138.72108399999914
 30
0.0
 11
200.95514799999913
 21
-138.69695399999912
 31
0.0
  0
LINE
  5
717
330
17
100
AcDbEntity
  8
0
100
AcDbLine
 10
200.95514799999913
 20
-138.69695399999912
 30
0.0
 11
201.01229799999913
 21
-138.66748999999913
 31
0.0
  0
LINE
  5
718
330
17
100
AcDbEntity
  8
0
100
AcDbLine
 10
201.01229799999913
 20
-138.66748999999913
 30
0.0
 11
201.0663999999991
 21
-138.63269199999914
 31
0.0
  0
LINE
  5
719
330
17
100
AcDbEntity
  8
0
100
AcDbLine
 10
201.0663999999991
 20
-138.63269199999914
 30
0.0
 11
201.11719999999912
 21
-138.59230599999913
 31
0.0
  0
LINE
  5
71A
330
17
100
AcDbEntity
  8
0
100
AcDbLine
 10
201.11719999999912
 20
-138.59230599999913
 30
0.0
 11
201.16469799999913
 21
-138.54607799999914
 31
0.0
  0
LINE
  5
71B
330
17
100
AcDbEntity
  8
0
100
AcDbLine
 10
201.16469799999913
 20
-138.54607799999914
 30
0.0
 11
201.20889399999913
 21
-138.49375399999914
 31
0.0
  0
LINE
  5
71C
330
17
100
AcDbEntity
  8
0
100
AcDbLine
 10
201.20889399999913
 20
-138.49375399999914
 30
0.0
 11
201.2497879999991
 21
-138.43507999999912
 31
0.0
  0
LINE
  5
71D
330
17
100
AcDbEntity
  8
0
100
AcDbLine
 10
201.2497879999991
 20
-138.43507999999912
 30
0.0
 11
201.2873799999991
 21
-138.36980199999914
 31
0.0
  0
LINE
  5
71E
330
17
100
AcDbEntity
  8
0
100
AcDbLine
 10
201.2873799999991
 20
-138.36980199999914
 30
0.0
 11
201.3216699999991
 21
-138.29791999999915
 31
0.0
  0
LINE
  5
71F
330
17
100
AcDbEntity
  8
0
100
AcDbLine
 10
201.3216699999991
 20
-138.29791999999915
 30
0.0
 11
201.3524039999991
 21
-138.21892599999913
 31
0.0
  0
LINE
  5
720
330
17
100
AcDbEntity
  8
0
100
AcDbLine
 10
201.3524039999991
 20
-138.21892599999913
 30
0.0
 11
201.3795819999991
 21
-138.13281999999913
 31
0.0
  0
LINE
  5
721
330
17
100
AcDbEntity
  8
0
100
AcDbLine
 10
201.3795819999991
 20
-138.13281999999913
 30
0.0
 11
201.40345799999912
 21
-138.0393479999991
 31
0.0
  0
LINE
  5
722
330
17
100
AcDbEntity
  8
0
100
AcDbLine
 10
201.40345799999912
 20
-138.0393479999991
 30
0.0
 11
201.42377799999912
 21
-137.9382559999991
 31
0.0
  0
LINE
  5
723
330
17
100
AcDbEntity
  8
0
100
AcDbLine
 10
201.42377799999912
 20
-137.9382559999991
 30
0.0
 11
201.44028799999913
 21
-137.8292899999991
 31
0.0
  0
LINE
  5
724
330
17
100
AcDbEntity
  8
0
100
AcDbLine
 10
201.44028799999913
 20
-137.8292899999991
 30
0.0
 11
201.45324199999914
 21
-137.7121959999991
 31
0.0
  0
LINE
  5
725
330
17
100
AcDbEntity
  8
0
100
AcDbLine
 10
201.45324199999914
 20
-137.7121959999991
 30
0.0
 11
201.46263999999917
 21
-137.5869739999991
 31
0.0
  0
LINE
  5
726
330
17
100
AcDbEntity
  8
0
100
AcDbLine
 10
201.46263999999917
 20
-137.5869739999991
 30
0.0
 11
201.46822799999916
 21
-137.4533699999991
 31
0.0
  0
LINE
  5
727
330
17
100
AcDbEntity
  8
0
100
AcDbLine
 10
201.46822799999916
 20
-137.4533699999991
 30
0.0
 11
201.47000599999916
 21
-137.3108759999991
 31
0.0
  0
LINE
  5
728
330
17
100
AcDbEntity
  8
0
100
AcDbLine
 10
201.47000599999916
 20
-137.3108759999991
 30
0.0
 11
201.46822799999916
 21
-137.1594919999991
 31
0.0
  0
LINE
  5
729
330
17
100
AcDbEntity
  8
0
100
AcDbLine
 10
201.46822799999916
 20
-137.1594919999991
 30
0.0
 11
201.46263999999917
 21
-136.9989639999991
 31
0.0
  0
LINE
  5
72A
330
17
100
AcDbEntity
  8
0
100
AcDbLine
 10
201.46263999999917
 20
-136.9989639999991
 30
0.0
 11
201.45298799999915
 21
-136.8292919999991
 31
0.0
  0
LINE
  5
72B
330
17
100
AcDbEntity
  8
0
100
AcDbLine
 10
201.45298799999915
 20
-136.8292919999991
 30
0.0
 11
201.43952599999915
 21
-136.6499679999991
 31
0.0
  0
LINE
  5
72C
330
17
100
AcDbEntity
  8
0
100
AcDbLine
 10
201.43952599999915
 20
-136.6499679999991
 30
0.0
 11
201.42225399999916
 21
-136.4609919999991
 31
0.0
  0
LINE
  5
72D
330
17
100
AcDbEntity
  8
0
100
AcDbLine
 10
201.42225399999916
 20
-136.4609919999991
 30
0.0
 11
201.40091799999917
 21
-136.26185599999909
 31
0.0
  0
LINE
  5
72E
330
17
100
AcDbEntity
  8
0
100
AcDbLine
 10
201.40091799999917
 20
-136.26185599999909
 30
0.0
 11
201.37551799999918
 21
-136.0525599999991
 31
0.0
  0
LINE
  5
72F
330
17
100
AcDbEntity
  8
0
100
AcDbLine
 10
201.37551799999918
 20
-136.0525599999991
 30
0.0
 11
201.36942199999916
 21
-135.7571579999991
 31
0.0
  0
LINE
  5
730
330
17
100
AcDbEntity
  8
0
100
AcDbLine
 10
201.36942199999916
 20
-135.7571579999991
 30
0.0
 11
201.36789799999917
 21
-135.46226399999912
 31
0.0
  0
LINE
  5
731
330
17
100
AcDbEntity
  8
0
100
AcDbLine
 10
201.36789799999917
 20
-135.46226399999912
 30
0.0
 11
201.37069199999917
 21
-135.16762399999914
 31
0.0
  0
LINE
  5
732
330
17
100
AcDbEntity
  8
0
100
AcDbLine
 10
201.37069199999917
 20
-135.16762399999914
 30
0.0
 11
201.37780399999917
 21
-134.87349199999912
 31
0.0
  0
LINE
  5
733
330
17
100
AcDbEntity
  8
0
100
AcDbLine
 10
201.37780399999917
 20
-134.87349199999912
 30
0.0
 11
201.38923399999916
 21
-134.5796139999991
 31
0.0
  0
LINE
  5
734
330
17
100
AcDbEntity
  8
0
100
AcDbLine
 10
201.38923399999916
 20
-134.5796139999991
 30
0.0
 11
201.40472799999918
 21
-134.28598999999912
 31
0.0
  0
LINE
  5
735
330
17
100
AcDbEntity
  8
0
100
AcDbLine
 10
201.40472799999918
 20
-134.28598999999912
 30
0.0
 11
201.42428599999917
 21
-133.99261999999914
 31
0.0
  0
LINE
  5
736
330
17
100
AcDbEntity
  8
0
100
AcDbLine
 10
201.42428599999917
 20
-133.99261999999914
 30
0.0
 11
201.44765399999918
 21
-133.69950399999914
 31
0.0
  0
LINE
  5
737
330
17
100
AcDbEntity
  8
0
100
AcDbLine
 10
201.44765399999918
 20
-133.69950399999914
 30
0.0
 11
201.47483199999917
 21
-133.40638799999914
 31
0.0
  0
LINE
  5
738
330
17
100
AcDbEntity
  8
0
100
AcDbLine
 10
201.47483199999917
 20
-133.40638799999914
 30
0.0
 11
201.50581999999915
 21
-133.11352599999913
 31
0.0
  0
LINE
  5
739
330
17
100
AcDbEntity
  8
0
100
AcDbLine
 10
201.50581999999915
 20
-133.11352599999913
 30
0.0
 11
201.54036399999913
 21
-132.8206639999991
 31
0.0
  0
LINE
  5
73A
330
17
100
AcDbEntity
  8
0
100
AcDbLine
 10
201.54036399999913
 20
-132.8206639999991
 30
0.0
 11
201.57846399999914
 21
-132.52780199999913
 31
0.0
  0
LINE
  5
73B
330
17
100
AcDbEntity
  8
0
100
AcDbLine
 10
201.57846399999914
 20
-132.52780199999913
 30
0.0
 11
201.61986599999915
 21
-132.23468599999913
 31
0.0
  0
LINE
  5
73C
330
17
100
AcDbEntity
  8
0
100
AcDbLine
 10
201.61986599999915
 20
-132.23468599999913
 30
0.0
 11
201.66456999999915
 21
-131.9415699999991
 31
0.0
  0
LINE
  5
73D
330
17
100
AcDbEntity
  8
0
100
AcDbLine
 10
201.66456999999915
 20
-131.9415699999991
 30
0.0
 11
201.71257599999913
 21
-131.64819999999912
 31
0.0
  0
LINE
  5
73E
330
17
100
AcDbEntity
  8
0
100
AcDbLine
 10
201.71257599999913
 20
-131.64819999999912
 30
0.0
 11
201.76362999999915
 21
-131.35457599999913
 31
0.0
  0
LINE
  5
73F
330
17
100
AcDbEntity
  8
0
100
AcDbLine
 10
201.76362999999915
 20
-131.35457599999913
 30
0.0
 11
201.81773199999913
 21
-131.06069799999912
 31
0.0
  0
LINE
  5
740
330
17
100
AcDbEntity
  8
0
100
AcDbLine
 10
201.81773199999913
 20
-131.06069799999912
 30
0.0
 11
201.87462799999915
 21
-130.76656599999913
 31
0.0
  0
LINE
  5
741
330
17
100
AcDbEntity
  8
0
100
AcDbLine
 10
201.87462799999915
 20
-130.76656599999913
 30
0.0
 11
201.93431799999914
 21
-130.47217999999913
 31
0.0
  0
LINE
  5
742
330
17
100
AcDbEntity
  8
0
100
AcDbLine
 10
201.93431799999914
 20
-130.47217999999913
 30
0.0
 11
201.99654799999914
 21
-130.17728599999913
 31
0.0
  0
LINE
  5
743
330
17
100
AcDbEntity
  8
0
100
AcDbLine
 10
201.99654799999914
 20
-130.17728599999913
 30
0.0
 11
202.06157199999913
 21
-129.88188399999913
 31
0.0
  0
LINE
  5
744
330
17
100
AcDbEntity
  8
0
100
AcDbLine
 10
202.06157199999913
 20
-129.88188399999913
 30
0.0
 11
202.12888199999915
 21
-129.58597399999914
 31
0.0
  0
LINE
  5
745
330
17
100
AcDbEntity
  8
0
100
AcDbLine
 10
202.12888199999915
 20
-129.58597399999914
 30
0.0
 11
202.19873199999913
 21
-129.28955599999915
 31
0.0
  0
LINE
  5
746
330
17
100
AcDbEntity
  8
0
100
AcDbLine
 10
202.19873199999913
 20
-129.28955599999915
 30
0.0
 11
202.27086799999913
 21
-128.99237599999913
 31
0.0
  0
LINE
  5
747
330
17
100
AcDbEntity
  8
0
100
AcDbLine
 10
202.27086799999913
 20
-128.99237599999913
 30
0.0
 11
202.34503599999914
 21
-128.69468799999913
 31
0.0
  0
LINE
  5
748
330
17
100
AcDbEntity
  8
0
100
AcDbLine
 10
202.34503599999914
 20
-128.69468799999913
 30
0.0
 11
202.42123599999914
 21
-128.39623799999913
 31
0.0
  0
LINE
  5
749
330
17
100
AcDbEntity
  8
0
100
AcDbLine
 10
202.42123599999914
 20
-128.39623799999913
 30
0.0
 11
202.49946799999913
 21
-128.09702599999912
 31
0.0
  0
LINE
  5
74A
330
17
100
AcDbEntity
  8
0
100
AcDbLine
 10
202.49946799999913
 20
-128.09702599999912
 30
0.0
 11
202.57973199999913
 21
-127.79705199999913
 31
0.0
  0
LINE
  5
74B
330
17
100
AcDbEntity
  8
0
100
AcDbLine
 10
202.57973199999913
 20
-127.79705199999913
 30
0.0
 11
202.66151999999914
 21
-127.49606199999913
 31
0.0
  0
LINE
  5
74C
330
17
100
AcDbEntity
  8
0
100
AcDbLine
 10
202.66151999999914
 20
-127.49606199999913
 30
0.0
 11
202.74508599999913
 21
-127.19405599999912
 31
0.0
  0
LINE
  5
74D
330
17
100
AcDbEntity
  8
0
100
AcDbLine
 10
202.74508599999913
 20
-127.19405599999912
 30
0.0
 11
202.83017599999914
 21
-126.89128799999912
 31
0.0
  0
LINE
  5
74E
330
17
100
AcDbEntity
  8
0
100
AcDbLine
 10
202.83017599999914
 20
-126.89128799999912
 30
0.0
 11
202.91678999999914
 21
-126.58750399999911
 31
0.0
  0
LINE
  5
74F
330
17
100
AcDbEntity
  8
0
100
AcDbLine
 10
202.91678999999914
 20
-126.58750399999911
 30
0.0
 11
203.00467399999914
 21
-126.28244999999912
 31
0.0
  0
LINE
  5
750
330
17
100
AcDbEntity
  8
0
100
AcDbLine
 10
203.00467399999914
 20
-126.28244999999912
 30
0.0
 11
203.09382799999912
 21
-125.97637999999911
 31
0.0
  0
LINE
  5
751
330
17
100
AcDbEntity
  8
0
100
AcDbLine
 10
203.09382799999912
 20
-125.97637999999911
 30
0.0
 11
203.18425199999913
 21
-125.66903999999911
 31
0.0
  0
LINE
  5
752
330
17
100
AcDbEntity
  8
0
100
AcDbLine
 10
203.18425199999913
 20
-125.66903999999911
 30
0.0
 11
203.27569199999914
 21
-125.36068399999913
 31
0.0
  0
LINE
  5
753
330
17
100
AcDbEntity
  8
0
100
AcDbLine
 10
203.27569199999914
 20
-125.36068399999913
 30
0.0
 11
203.36814799999914
 21
-125.05105799999912
 31
0.0
  0
LINE
  5
754
330
17
100
AcDbEntity
  8
0
100
AcDbLine
 10
203.36814799999914
 20
-125.05105799999912
 30
0.0
 11
203.46136599999915
 21
-124.73990799999912
 31
0.0
  0
LINE
  5
755
330
17
100
AcDbEntity
  8
0
100
AcDbLine
 10
203.46136599999915
 20
-124.73990799999912
 30
0.0
 11
203.55534599999913
 21
-124.42748799999912
 31
0.0
  0
LINE
  5
756
330
17
100
AcDbEntity
  8
0
100
AcDbLine
 10
203.55534599999913
 20
-124.42748799999912
 30
0.0
 11
203.65008799999916
 21
-124.11354399999911
 31
0.0
  0
LINE
  5
757
330
17
100
AcDbEntity
  8
0
100
AcDbLine
 10
203.65008799999916
 20
-124.11354399999911
 30
0.0
 11
203.74533799999915
 21
-123.79832999999911
 31
0.0
  0
LINE
  5
758
330
17
100
AcDbEntity
  8
0
100
AcDbLine
 10
203.74533799999915
 20
-123.79832999999911
 30
0.0
 11
203.84084199999916
 21
-123.48159199999911
 31
0.0
  0
LINE
  5
759
330
17
100
AcDbEntity
  8
0
100
AcDbLine
 10
203.84084199999916
 20
-123.48159199999911
 30
0.0
 11
203.93685399999916
 21
-123.16307599999911
 31
0.0
  0
LINE
  5
75A
330
17
100
AcDbEntity
  8
0
100
AcDbLine
 10
203.93685399999916
 20
-123.16307599999911
 30
0.0
 11
204.03311999999917
 21
-122.84303599999912
 31
0.0
  0
LINE
  5
75B
330
17
100
AcDbEntity
  8
0
100
AcDbLine
 10
204.03311999999917
 20
-122.84303599999912
 30
0.0
 11
204.12938599999916
 21
-122.52121799999911
 31
0.0
  0
LINE
  5
75C
330
17
100
AcDbEntity
  8
0
100
AcDbLine
 10
204.12938599999916
 20
-122.52121799999911
 30
0.0
 11
204.22590599999916
 21
-122.1978759999991
 31
0.0
  0
LINE
  5
75D
330
17
100
AcDbEntity
  8
0
100
AcDbLine
 10
204.22590599999916
 20
-122.1978759999991
 30
0.0
 11
204.32217199999917
 21
-121.87275599999911
 31
0.0
  0
LINE
  5
75E
330
17
100
AcDbEntity
  8
0
100
AcDbLine
 10
204.32217199999917
 20
-121.87275599999911
 30
0.0
 11
204.41843799999918
 21
-121.54560399999912
 31
0.0
  0
LINE
  5
75F
330
17
100
AcDbEntity
  8
0
100
AcDbLine
 10
204.41843799999918
 20
-121.54560399999912
 30
0.0
 11
204.5144499999992
 21
-121.2166739999991
 31
0.0
  0
LINE
  5
760
330
17
100
AcDbEntity
  8
0
100
AcDbLine
 10
204.5144499999992
 20
-121.2166739999991
 30
0.0
 11
204.60995399999916
 21
-120.8859659999991
 31
0.0
  0
LINE
  5
761
330
17
100
AcDbEntity
  8
0
100
AcDbLine
 10
204.60995399999916
 20
-120.8859659999991
 30
0.0
 11
204.70494999999917
 21
-120.5532259999991
 31
0.0
  0
LINE
  5
762
330
17
100
AcDbEntity
  8
0
100
AcDbLine
 10
204.70494999999917
 20
-120.5532259999991
 30
0.0
 11
204.79943799999918
 21
-120.2184539999991
 31
0.0
  0
LINE
  5
763
330
17
100
AcDbEntity
  8
0
100
AcDbLine
 10
204.79943799999918
 20
-120.2184539999991
 30
0.0
 11
204.8931639999992
 21
-119.8816499999991
 31
0.0
  0
LINE
  5
764
330
17
100
AcDbEntity
  8
0
100
AcDbLine
 10
204.8931639999992
 20
-119.8816499999991
 30
0.0
 11
204.98612799999918
 21
-119.5425599999991
 31
0.0
  0
LINE
  5
765
330
17
100
AcDbEntity
  8
0
100
AcDbLine
 10
204.98612799999918
 20
-119.5425599999991
 30
0.0
 11
205.0783299999992
 21
-119.2014379999991
 31
0.0
  0
LINE
  5
766
330
17
100
AcDbEntity
  8
0
100
AcDbLine
 10
205.0783299999992
 20
-119.2014379999991
 30
0.0
 11
205.1695159999992
 21
-118.8580299999991
 31
0.0
  0
LINE
  5
767
330
17
100
AcDbEntity
  8
0
100
AcDbLine
 10
205.1695159999992
 20
-118.8580299999991
 30
0.0
 11
205.2596859999992
 21
-118.51233599999911
 31
0.0
  0
LINE
  5
768
330
17
100
AcDbEntity
  8
0
100
AcDbLine
 10
205.2596859999992
 20
-118.51233599999911
 30
0.0
 11
205.34858599999922
 21
-118.1643559999991
 31
0.0
  0
LINE
  5
769
330
17
100
AcDbEntity
  8
0
100
AcDbLine
 10
205.34858599999922
 20
-118.1643559999991
 30
0.0
 11
205.4362159999992
 21
-117.8140899999991
 31
0.0
  0
LINE
  5
76A
330
17
100
AcDbEntity
  8
0
100
AcDbLine
 10
205.4362159999992
 20
-117.8140899999991
 30
0.0
 11
205.52232199999924
 21
-117.4612839999991
 31
0.0
  0
LINE
  5
76B
330
17
100
AcDbEntity
  8
0
100
AcDbLine
 10
205.52232199999924
 20
-117.4612839999991
 30
0.0
 11
205.60690399999922
 21
-117.1059379999991
 31
0.0
  0
LINE
  5
76C
330
17
100
AcDbEntity
  8
0
100
AcDbLine
 10
205.60690399999922
 20
-117.1059379999991
 30
0.0
 11
205.6899619999992
 21
-116.7480519999991
 31
0.0
  0
LINE
  5
76D
330
17
100
AcDbEntity
  8
0
100
AcDbLine
 10
205.6899619999992
 20
-116.7480519999991
 30
0.0
 11
205.77149599999922
 21
-116.3876259999991
 31
0.0
  0
LINE
  5
76E
330
17
100
AcDbEntity
  8
0
100
AcDbLine
 10
205.77149599999922
 20
-116.3876259999991
 30
0.0
 11
205.85125199999922
 21
-116.02465999999912
 31
0.0
  0
LINE
  5
76F
330
17
100
AcDbEntity
  8
0
100
AcDbLine
 10
205.85125199999922
 20
-116.02465999999912
 30
0.0
 11
205.89493999999922
 21
-115.85651199999911
 31
0.0
  0
LINE
  5
770
330
17
100
AcDbEntity
  8
0
100
AcDbLine
 10
205.89493999999922
 20
-115.85651199999911
 30
0.0
 11
205.9365959999992
 21
-115.68836399999913
 31
0.0
  0
LINE
  5
771
330
17
100
AcDbEntity
  8
0
100
AcDbLine
 10
205.9365959999992
 20
-115.68836399999913
 30
0.0
 11
205.9759659999992
 21
-115.52046999999912
 31
0.0
  0
LINE
  5
772
330
17
100
AcDbEntity
  8
0
100
AcDbLine
 10
205.9759659999992
 20
-115.52046999999912
 30
0.0
 11
206.01330399999924
 21
-115.35257599999912
 31
0.0
  0
LINE
  5
773
330
17
100
AcDbEntity
  8
0
100
AcDbLine
 10
206.01330399999924
 20
-115.35257599999912
 30
0.0
 11
206.0488639999992
 21
-115.18468199999913
 31
0.0
  0
LINE
  5
774
330
17
100
AcDbEntity
  8
0
100
AcDbLine
 10
206.0488639999992
 20
-115.18468199999913
 30
0.0
 11
206.08264599999924
 21
-115.01704199999912
 31
0.0
  0
LINE
  5
775
330
17
100
AcDbEntity
  8
0
100
AcDbLine
 10
206.08264599999924
 20
-115.01704199999912
 30
0.0
 11
206.11490399999923
 21
-114.8494019999991
 31
0.0
  0
LINE
  5
776
330
17
100
AcDbEntity
  8
0
100
AcDbLine
 10
206.11490399999923
 20
-114.8494019999991
 30
0.0
 11
206.14563799999922
 21
-114.6817619999991
 31
0.0
  0
LINE
  5
777
330
17
100
AcDbEntity
  8
0
100
AcDbLine
 10
206.14563799999922
 20
-114.6817619999991
 30
0.0
 11
206.17484799999923
 21
-114.51412199999909
 31
0.0
  0
LINE
  5
778
330
17
100
AcDbEntity
  8
0
100
AcDbLine
 10
206.17484799999923
 20
-114.51412199999909
 30
0.0
 11
206.20278799999923
 21
-114.34648199999909
 31
0.0
  0
LINE
  5
779
330
17
100
AcDbEntity
  8
0
100
AcDbLine
 10
206.20278799999923
 20
-114.34648199999909
 30
0.0
 11
206.2297119999992
 21
-114.1785879999991
 31
0.0
  0
LINE
  5
77A
330
17
100
AcDbEntity
  8
0
100
AcDbLine
 10
206.2297119999992
 20
-114.1785879999991
 30
0.0
 11
206.25561999999923
 21
-114.01069399999909
 31
0.0
  0
LINE
  5
77B
330
17
100
AcDbEntity
  8
0
100
AcDbLine
 10
206.25561999999923
 20
-114.01069399999909
 30
0.0
 11
206.28076599999923
 21
-113.84279999999909
 31
0.0
  0
LINE
  5
77C
330
17
100
AcDbEntity
  8
0
100
AcDbLine
 10
206.28076599999923
 20
-113.84279999999909
 30
0.0
 11
206.30514999999923
 21
-113.67490599999908
 31
0.0
  0
LINE
  5
77D
330
17
100
AcDbEntity
  8
0
100
AcDbLine
 10
206.30514999999923
 20
-113.67490599999908
 30
0.0
 11
206.32877199999922
 21
-113.5067579999991
 31
0.0
  0
LINE
  5
77E
330
17
100
AcDbEntity
  8
0
100
AcDbLine
 10
206.32877199999922
 20
-113.5067579999991
 30
0.0
 11
206.3518859999992
 21
-113.3386099999991
 31
0.0
  0
LINE
  5
77F
330
17
100
AcDbEntity
  8
0
100
AcDbLine
 10
206.3518859999992
 20
-113.3386099999991
 30
0.0
 11
206.37474599999922
 21
-113.17020799999909
 31
0.0
  0
LINE
  5
780
330
17
100
AcDbEntity
  8
0
100
AcDbLine
 10
206.37474599999922
 20
-113.17020799999909
 30
0.0
 11
206.39735199999924
 21
-113.00180599999909
 31
0.0
  0
LINE
  5
781
330
17
100
AcDbEntity
  8
0
100
AcDbLine
 10
206.39735199999924
 20
-113.00180599999909
 30
0.0
 11
206.41970399999923
 21
-112.8331499999991
 31
0.0
  0
LINE
  5
782
330
17
100
AcDbEntity
  8
0
100
AcDbLine
 10
206.41970399999923
 20
-112.8331499999991
 30
0.0
 11
206.4420559999992
 21
-112.6642399999991
 31
0.0
  0
LINE
  5
783
330
17
100
AcDbEntity
  8
0
100
AcDbLine
 10
206.4420559999992
 20
-112.6642399999991
 30
0.0
 11
206.46466199999924
 21
-112.49532999999909
 31
0.0
  0
LINE
  5
784
330
17
100
AcDbEntity
  8
0
100
AcDbLine
 10
206.46466199999924
 20
-112.49532999999909
 30
0.0
 11
206.48752199999925
 21
-112.32616599999909
 31
0.0
  0
LINE
  5
785
330
17
100
AcDbEntity
  8
0
100
AcDbLine
 10
206.48752199999925
 20
-112.32616599999909
 30
0.0
 11
206.51063599999924
 21
-112.1567479999991
 31
0.0
  0
LINE
  5
786
330
17
100
AcDbEntity
  8
0
100
AcDbLine
 10
206.51063599999924
 20
-112.1567479999991
 30
0.0
 11
206.53425799999923
 21
-111.98707599999909
 31
0.0
  0
LINE
  5
787
330
17
100
AcDbEntity
  8
0
100
AcDbLine
 10
206.53425799999923
 20
-111.98707599999909
 30
0.0
 11
206.55864199999925
 21
-111.8171499999991
 31
0.0
  0
LINE
  5
788
330
17
100
AcDbEntity
  8
0
100
AcDbLine
 10
206.55864199999925
 20
-111.8171499999991
 30
0.0
 11
206.58378799999926
 21
-111.6469699999991
 31
0.0
  0
LINE
  5
789
330
17
100
AcDbEntity
  8
0
100
AcDbLine
 10
206.58378799999926
 20
-111.6469699999991
 30
0.0
 11
206.60969599999925
 21
-111.4765359999991
 31
0.0
  0
LINE
  5
78A
330
17
100
AcDbEntity
  8
0
100
AcDbLine
 10
206.60969599999925
 20
-111.4765359999991
 30
0.0
 11
206.63661999999925
 21
-111.30584799999909
 31
0.0
  0
LINE
  5
78B
330
17
100
AcDbEntity
  8
0
100
AcDbLine
 10
206.63661999999925
 20
-111.30584799999909
 30
0.0
 11
206.66481399999924
 21
-111.13490599999909
 31
0.0
  0
LINE
  5
78C
330
17
100
AcDbEntity
  8
0
100
AcDbLine
 10
206.66481399999924
 20
-111.13490599999909
 30
0.0
 11
206.69402399999925
 21
-110.96345599999908
 31
0.0
  0
LINE
  5
78D
330
17
100
AcDbEntity
  8
0
100
AcDbLine
 10
206.69402399999925
 20
-110.96345599999908
 30
0.0
 11
206.72475799999924
 21
-110.7917519999991
 31
0.0
  0
LINE
  5
78E
330
17
100
AcDbEntity
  8
0
100
AcDbLine
 10
206.72475799999924
 20
-110.7917519999991
 30
0.0
 11
206.75701599999923
 21
-110.61953999999909
 31
0.0
  0
LINE
  5
78F
330
17
100
AcDbEntity
  8
0
100
AcDbLine
 10
206.75701599999923
 20
-110.61953999999909
 30
0.0
 11
206.79079799999923
 21
-110.44707399999909
 31
0.0
  0
LINE
  5
790
330
17
100
AcDbEntity
  8
0
100
AcDbLine
 10
206.79079799999923
 20
-110.44707399999909
 30
0.0
 11
206.82635799999923
 21
-110.2740999999991
 31
0.0
  0
LINE
  5
791
330
17
100
AcDbEntity
  8
0
100
AcDbLine
 10
206.82635799999923
 20
-110.2740999999991
 30
0.0
 11
206.86394999999925
 21
-110.1008719999991
 31
0.0
  0
LINE
  5
792
330
17
100
AcDbEntity
  8
0
100
AcDbLine
 10
206.86394999999925
 20
-110.1008719999991
 30
0.0
 11
206.90331999999924
 21
-109.9271359999991
 31
0.0
  0
LINE
  5
793
330
17
100
AcDbEntity
  8
0
100
AcDbLine
 10
206.90331999999924
 20
-109.9271359999991
 30
0.0
 11
206.94497599999923
 21
-109.7528919999991
 31
0.0
  0
LINE
  5
794
330
17
100
AcDbEntity
  8
0
100
AcDbLine
 10
206.94497599999923
 20
-109.7528919999991
 30
0.0
 11
206.98891799999925
 21
-109.5783939999991
 31
0.0
  0
LINE
  5
795
330
17
100
AcDbEntity
  8
0
100
AcDbLine
 10
206.98891799999925
 20
-109.5783939999991
 30
0.0
 11
207.03514599999923
 21
-109.40338799999908
 31
0.0
  0
LINE
  5
796
330
17
100
AcDbEntity
  8
0
100
AcDbLine
 10
207.03514599999923
 20
-109.40338799999908
 30
0.0
 11
207.08391399999923
 21
-109.22787399999909
 31
0.0
  0
LINE
  5
797
330
17
100
AcDbEntity
  8
0
100
AcDbLine
 10
207.08391399999923
 20
-109.22787399999909
 30
0.0
 11
207.13522199999923
 21
-109.0518519999991
 31
0.0
  0
LINE
  5
798
330
17
100
AcDbEntity
  8
0
100
AcDbLine
 10
207.13522199999923
 20
-109.0518519999991
 30
0.0
 11
207.18932399999923
 21
-108.8753219999991
 31
0.0
  0
LINE
  5
799
330
17
100
AcDbEntity
  8
0
100
AcDbLine
 10
207.18932399999923
 20
-108.8753219999991
 30
0.0
 11
207.24621999999923
 21
-108.69828399999909
 31
0.0
  0
LINE
  5
79A
330
17
100
AcDbEntity
  8
0
100
AcDbLine
 10
207.24621999999923
 20
-108.69828399999909
 30
0.0
 11
207.30616399999923
 21
-108.5207379999991
 31
0.0
  0
LINE
  5
79B
330
17
100
AcDbEntity
  8
0
100
AcDbLine
 10
207.30616399999923
 20
-108.5207379999991
 30
0.0
 11
207.36940999999925
 21
-108.3424299999991
 31
0.0
  0
LINE
  5
79C
330
17
100
AcDbEntity
  8
0
100
AcDbLine
 10
207.36940999999925
 20
-108.3424299999991
 30
0.0
 11
207.43570399999925
 21
-108.1636139999991
 31
0.0
  0
LINE
  5
79D
330
17
100
AcDbEntity
  8
0
100
AcDbLine
 10
207.43570399999925
 20
-108.1636139999991
 30
0.0
 11
207.50555399999922
 21
-107.98428999999909
 31
0.0
  0
LINE
  5
79E
330
17
100
AcDbEntity
  8
0
100
AcDbLine
 10
207.50555399999922
 20
-107.98428999999909
 30
0.0
 11
207.57870599999924
 21
-107.80420399999909
 31
0.0
  0
LINE
  5
79F
330
17
100
AcDbEntity
  8
0
100
AcDbLine
 10
207.57870599999924
 20
-107.80420399999909
 30
0.0
 11
207.65566799999922
 21
-107.62360999999909
 31
0.0
  0
LINE
  5
7A0
330
17
100
AcDbEntity
  8
0
100
AcDbLine
 10
207.65566799999922
 20
-107.62360999999909
 30
0.0
 11
207.73643999999922
 21
-107.44225399999908
 31
0.0
  0
LINE
  5
7A1
330
17
100
AcDbEntity
  8
0
100
AcDbLine
 10
207.73643999999922
 20
-107.44225399999908
 30
0.0
 11
207.82102199999923
 21
-107.26038999999908
 31
0.0
  0
LINE
  5
7A2
330
17
100
AcDbEntity
  8
0
100
AcDbLine
 10
207.82102199999923
 20
-107.26038999999908
 30
0.0
 11
207.90966799999924
 21
-107.07776399999908
 31
0.0
  0
LINE
  5
7A3
330
17
100
AcDbEntity
  8
0
100
AcDbLine
 10
207.90966799999924
 20
-107.07776399999908
 30
0.0
 11
208.00237799999923
 21
-106.89462999999908
 31
0.0
  0
LINE
  5
7A4
330
17
100
AcDbEntity
  8
0
100
AcDbLine
 10
208.00237799999923
 20
-106.89462999999908
 30
0.0
 11
208.09940599999922
 21
-106.71073399999909
 31
0.0
  0
LINE
  5
7A5
330
17
100
AcDbEntity
  8
0
100
AcDbLine
 10
208.09940599999922
 20
-106.71073399999909
 30
0.0
 11
208.20075199999923
 21
-106.5260759999991
 31
0.0
  0
LINE
  5
7A6
330
17
100
AcDbEntity
  8
0
100
AcDbLine
 10
208.20075199999923
 20
-106.5260759999991
 30
0.0
 11
208.30666999999923
 21
-106.34065599999909
 31
0.0
  0
LINE
  5
7A7
330
17
100
AcDbEntity
  8
0
100
AcDbLine
 10
208.30666999999923
 20
-106.34065599999909
 30
0.0
 11
208.41715999999923
 21
-106.15447399999908
 31
0.0
  0
LINE
  5
7A8
330
17
100
AcDbEntity
  8
0
100
AcDbLine
 10
208.41715999999923
 20
-106.15447399999908
 30
0.0
 11
208.5324759999992
 21
-105.96752999999909
 31
0.0
  0
LINE
  5
7A9
330
17
100
AcDbEntity
  8
0
100
AcDbLine
 10
208.5324759999992
 20
-105.96752999999909
 30
0.0
 11
208.6526179999992
 21
-105.7798239999991
 31
0.0
  0
LINE
  5
7AA
330
17
100
AcDbEntity
  8
0
100
AcDbLine
 10
208.6526179999992
 20
-105.7798239999991
 30
0.0
 11
208.7778399999992
 21
-105.5913559999991
 31
0.0
  0
LINE
  5
7AB
330
17
100
AcDbEntity
  8
0
100
AcDbLine
 10
208.7778399999992
 20
-105.5913559999991
 30
0.0
 11
208.9081419999992
 21
-105.40212599999909
 31
0.0
  0
LINE
  5
7AC
330
17
100
AcDbEntity
  8
0
100
AcDbLine
 10
208.9081419999992
 20
-105.40212599999909
 30
0.0
 11
209.04352399999922
 21
-105.21187999999908
 31
0.0
  0
LINE
  5
7AD
330
17
100
AcDbEntity
  8
0
100
AcDbLine
 10
209.04352399999922
 20
-105.21187999999908
 30
0.0
 11
209.1844939999992
 21
-105.02087199999909
 31
0.0
  0
LINE
  5
7AE
330
17
100
AcDbEntity
  8
0
100
AcDbLine
 10
209.1844939999992
 20
-105.02087199999909
 30
0.0
 11
209.33079799999922
 21
-104.82910199999908
 31
0.0
  0
LINE
  5
7AF
330
17
100
AcDbEntity
  8
0
100
AcDbLine
 10
209.33079799999922
 20
-104.82910199999908
 30
0.0
 11
209.2675519999992
 21
-104.74782199999909
 31
0.0
  0
LINE
  5
7B0
330
17
100
AcDbEntity
  8
0
100
AcDbLine
 10
209.2675519999992
 20
-104.74782199999909
 30
0.0
 11
209.2045599999992
 21
-104.66679599999908
 31
0.0
  0
LINE
  5
7B1
330
17
100
AcDbEntity
  8
0
100
AcDbLine
 10
209.2045599999992
 20
-104.66679599999908
 30
0.0
 11
209.1418219999992
 21
-104.58627799999908
 31
0.0
  0
LINE
  5
7B2
330
17
100
AcDbEntity
  8
0
100
AcDbLine
 10
209.1418219999992
 20
-104.58627799999908
 30
0.0
 11
209.0793379999992
 21
-104.50626799999908
 31
0.0
  0
LINE
  5
7B3
330
17
100
AcDbEntity
  8
0
100
AcDbLine
 10
209.0793379999992
 20
-104.50626799999908
 30
0.0
 11
209.0171079999992
 21
-104.42651199999908
 31
0.0
  0
LINE
  5
7B4
330
17
100
AcDbEntity
  8
0
100
AcDbLine
 10
209.0171079999992
 20
-104.42651199999908
 30
0.0
 11
208.95538599999918
 21
-104.34700999999907
 31
0.0
  0
LINE
  5
7B5
330
17
100
AcDbEntity
  8
0
100
AcDbLine
 10
208.95538599999918
 20
-104.34700999999907
 30
0.0
 11
208.8939179999992
 21
-104.26801599999908
 31
0.0
  0
LINE
  5
7B6
330
17
100
AcDbEntity
  8
0
100
AcDbLine
 10
208.8939179999992
 20
-104.26801599999908
 30
0.0
 11
208.8329579999992
 21
-104.18927599999908
 31
0.0
  0
LINE
  5
7B7
330
17
100
AcDbEntity
  8
0
100
AcDbLine
 10
208.8329579999992
 20
-104.18927599999908
 30
0.0
 11
208.7727599999992
 21
-104.11078999999907
 31
0.0
  0
LINE
  5
7B8
330
17
100
AcDbEntity
  8
0
100
AcDbLine
 10
208.7727599999992
 20
-104.11078999999907
 30
0.0
 11
208.7130699999992
 21
-104.03255799999907
 31
0.0
  0
LINE
  5
7B9
330
17
100
AcDbEntity
  8
0
100
AcDbLine
 10
208.7130699999992
 20
-104.03255799999907
 30
0.0
 11
208.65388799999923
 21
-103.95457999999907
 31
0.0
  0
LINE
  5
7BA
330
17
100
AcDbEntity
  8
0
100
AcDbLine
 10
208.65388799999923
 20
-103.95457999999907
 30
0.0
 11
208.59546799999922
 21
-103.87660199999907
 31
0.0
  0
LINE
  5
7BB
330
17
100
AcDbEntity
  8
0
100
AcDbLine
 10
208.59546799999922
 20
-103.87660199999907
 30
0.0
 11
208.5378099999992
 21
-103.79887799999908
 31
0.0
  0
LINE
  5
7BC
330
17
100
AcDbEntity
  8
0
100
AcDbLine
 10
208.5378099999992
 20
-103.79887799999908
 30
0.0
 11
208.48091399999922
 21
-103.72115399999907
 31
0.0
  0
LINE
  5
7BD
330
17
100
AcDbEntity
  8
0
100
AcDbLine
 10
208.48091399999922
 20
-103.72115399999907
 30
0.0
 11
208.4247799999992
 21
-103.64368399999907
 31
0.0
  0
LINE
  5
7BE
330
17
100
AcDbEntity
  8
0
100
AcDbLine
 10
208.4247799999992
 20
-103.64368399999907
 30
0.0
 11
208.3696619999992
 21
-103.56621399999908
 31
0.0
  0
LINE
  5
7BF
330
17
100
AcDbEntity
  8
0
100
AcDbLine
 10
208.3696619999992
 20
-103.56621399999908
 30
0.0
 11
208.3155599999992
 21
-103.48874399999907
 31
0.0
  0
LINE
  5
7C0
330
17
100
AcDbEntity
  8
0
100
AcDbLine
 10
208.3155599999992
 20
-103.48874399999907
 30
0.0
 11
208.26247399999923
 21
-103.41127399999907
 31
0.0
  0
LINE
  5
7C1
330
17
100
AcDbEntity
  8
0
100
AcDbLine
 10
208.26247399999923
 20
-103.41127399999907
 30
0.0
 11
208.21040399999922
 21
-103.33380399999906
 31
0.0
  0
LINE
  5
7C2
330
17
100
AcDbEntity
  8
0
100
AcDbLine
 10
208.21040399999922
 20
-103.33380399999906
 30
0.0
 11
208.15934999999922
 21
-103.25633399999907
 31
0.0
  0
LINE
  5
7C3
330
17
100
AcDbEntity
  8
0
100
AcDbLine
 10
208.15934999999922
 20
-103.25633399999907
 30
0.0
 11
208.10931199999922
 21
-103.17886399999907
 31
0.0
  0
LINE
  5
7C4
330
17
100
AcDbEntity
  8
0
100
AcDbLine
 10
208.10931199999922
 20
-103.17886399999907
 30
0.0
 11
208.06054399999923
 21
-103.10139399999906
 31
0.0
  0
LINE
  5
7C5
330
17
100
AcDbEntity
  8
0
100
AcDbLine
 10
208.06054399999923
 20
-103.10139399999906
 30
0.0
 11
208.0130459999992
 21
-103.02366999999907
 31
0.0
  0
LINE
  5
7C6
330
17
100
AcDbEntity
  8
0
100
AcDbLine
 10
208.0130459999992
 20
-103.02366999999907
 30
0.0
 11
207.96681799999922
 21
-102.94594599999907
 31
0.0
  0
LINE
  5
7C7
330
17
100
AcDbEntity
  8
0
100
AcDbLine
 10
207.96681799999922
 20
-102.94594599999907
 30
0.0
 11
207.9218599999992
 21
-102.86796799999907
 31
0.0
  0
LINE
  5
7C8
330
17
100
AcDbEntity
  8
0
100
AcDbLine
 10
207.9218599999992
 20
-102.86796799999907
 30
0.0
 11
207.8784259999992
 21
-102.78973599999907
 31
0.0
  0
LINE
  5
7C9
330
17
100
AcDbEntity
  8
0
100
AcDbLine
 10
207.8784259999992
 20
-102.78973599999907
 30
0.0
 11
207.8365159999992
 21
-102.71124999999907
 31
0.0
  0
LINE
  5
7CA
330
17
100
AcDbEntity
  8
0
100
AcDbLine
 10
207.8365159999992
 20
-102.71124999999907
 30
0.0
 11
207.7961299999992
 21
-102.63250999999906
 31
0.0
  0
LINE
  5
7CB
330
17
100
AcDbEntity
  8
0
100
AcDbLine
 10
207.7961299999992
 20
-102.63250999999906
 30
0.0
 11
207.7572679999992
 21
-102.55351599999906
 31
0.0
  0
LINE
  5
7CC
330
17
100
AcDbEntity
  8
0
100
AcDbLine
 10
207.7572679999992
 20
-102.55351599999906
 30
0.0
 11
207.71992999999918
 21
-102.47426799999907
 31
0.0
  0
LINE
  5
7CD
330
17
100
AcDbEntity
  8
0
100
AcDbLine
 10
207.71992999999918
 20
-102.47426799999907
 30
0.0
 11
207.6841159999992
 21
-102.39476599999907
 31
0.0
  0
LINE
  5
7CE
330
17
100
AcDbEntity
  8
0
100
AcDbLine
 10
207.6841159999992
 20
-102.39476599999907
 30
0.0
 11
207.65007999999918
 21
-102.31475599999906
 31
0.0
  0
LINE
  5
7CF
330
17
100
AcDbEntity
  8
0
100
AcDbLine
 10
207.65007999999918
 20
-102.31475599999906
 30
0.0
 11
207.6178219999992
 21
-102.23449199999908
 31
0.0
  0
LINE
  5
7D0
330
17
100
AcDbEntity
  8
0
100
AcDbLine
 10
207.6178219999992
 20
-102.23449199999908
 30
0.0
 11
207.5873419999992
 21
-102.15371999999908
 31
0.0
  0
LINE
  5
7D1
330
17
100
AcDbEntity
  8
0
100
AcDbLine
 10
207.5873419999992
 20
-102.15371999999908
 30
0.0
 11
207.55863999999917
 21
-102.07269399999907
 31
0.0
  0
LINE
  5
7D2
330
17
100
AcDbEntity
  8
0
100
AcDbLine
 10
207.55863999999917
 20
-102.07269399999907
 30
0.0
 11
207.53196999999918
 21
-101.99115999999907
 31
0.0
  0
LINE
  5
7D3
330
17
100
AcDbEntity
  8
0
100
AcDbLine
 10
207.53196999999918
 20
-101.99115999999907
 30
0.0
 11
207.50707799999918
 21
-101.90911799999907
 31
0.0
  0
LINE
  5
7D4
330
17
100
AcDbEntity
  8
0
100
AcDbLine
 10
207.50707799999918
 20
-101.90911799999907
 30
0.0
 11
207.48421799999917
 21
-101.82656799999907
 31
0.0
  0
LINE
  5
7D5
330
17
100
AcDbEntity
  8
0
100
AcDbLine
 10
207.48421799999917
 20
-101.82656799999907
 30
0.0
 11
207.46338999999918
 21
-101.74350999999908
 31
0.0
  0
LINE
  5
7D6
330
17
100
AcDbEntity
  8
0
100
AcDbLine
 10
207.46338999999918
 20
-101.74350999999908
 30
0.0
 11
207.44484799999918
 21
-101.65994399999907
 31
0.0
  0
LINE
  5
7D7
330
17
100
AcDbEntity
  8
0
100
AcDbLine
 10
207.44484799999918
 20
-101.65994399999907
 30
0.0
 11
207.42833799999917
 21
-101.57561599999907
 31
0.0
  0
LINE
  5
7D8
330
17
100
AcDbEntity
  8
0
100
AcDbLine
 10
207.42833799999917
 20
-101.57561599999907
 30
0.0
 11
207.41411399999916
 21
-101.49077999999908
 31
0.0
  0
LINE
  5
7D9
330
17
100
AcDbEntity
  8
0
100
AcDbLine
 10
207.41411399999916
 20
-101.49077999999908
 30
0.0
 11
207.40217599999917
 21
-101.40518199999907
 31
0.0
  0
LINE
  5
7DA
330
17
100
AcDbEntity
  8
0
100
AcDbLine
 10
207.40217599999917
 20
-101.40518199999907
 30
0.0
 11
207.39252399999916
 21
-101.31907599999907
 31
0.0
  0
LINE
  5
7DB
330
17
100
AcDbEntity
  8
0
100
AcDbLine
 10
207.39252399999916
 20
-101.31907599999907
 30
0.0
 11
207.38515799999917
 21
-101.23220799999908
 31
0.0
  0
LINE
  5
7DC
330
17
100
AcDbEntity
  8
0
100
AcDbLine
 10
207.38515799999917
 20
-101.23220799999908
 30
0.0
 11
207.38007799999917
 21
-101.14457799999907
 31
0.0
  0
LINE
  5
7DD
330
17
100
AcDbEntity
  8
0
100
AcDbLine
 10
207.38007799999917
 20
-101.14457799999907
 30
0.0
 11
207.37753799999916
 21
-101.05618599999907
 31
0.0
  0
LINE
  5
7DE
330
17
100
AcDbEntity
  8
0
100
AcDbLine
 10
207.37753799999916
 20
-101.05618599999907
 30
0.0
 11
207.37753799999916
 21
-100.96703199999908
 31
0.0
  0
LINE
  5
7DF
330
17
100
AcDbEntity
  8
0
100
AcDbLine
 10
207.37753799999916
 20
-100.96703199999908
 30
0.0
 11
207.38007799999917
 21
-100.87711599999908
 31
0.0
  0
LINE
  5
7E0
330
17
100
AcDbEntity
  8
0
100
AcDbLine
 10
207.38007799999917
 20
-100.87711599999908
 30
0.0
 11
207.38515799999917
 21
-100.78643799999907
 31
0.0
  0
LINE
  5
7E1
330
17
100
AcDbEntity
  8
0
100
AcDbLine
 10
207.38515799999917
 20
-100.78643799999907
 30
0.0
 11
207.39303199999915
 21
-100.69474399999908
 31
0.0
  0
LINE
  5
7E2
330
17
100
AcDbEntity
  8
0
100
AcDbLine
 10
207.39303199999915
 20
-100.69474399999908
 30
0.0
 11
207.40344599999915
 21
-100.60228799999908
 31
0.0
  0
LINE
  5
7E3
330
17
100
AcDbEntity
  8
0
100
AcDbLine
 10
207.40344599999915
 20
-100.60228799999908
 30
0.0
 11
207.41665399999917
 21
-100.50881599999907
 31
0.0
  0
LINE
  5
7E4
330
17
100
AcDbEntity
  8
0
100
AcDbLine
 10
207.41665399999917
 20
-100.50881599999907
 30
0.0
 11
207.43265599999916
 21
-100.41458199999909
 31
0.0
  0
LINE
  5
7E5
330
17
100
AcDbEntity
  8
0
100
AcDbLine
 10
207.43265599999916
 20
-100.41458199999909
 30
0.0
 11
207.45145199999916
 21
-100.31933199999908
 31
0.0
  0
LINE
  5
7E6
330
17
100
AcDbEntity
  8
0
100
AcDbLine
 10
207.45145199999916
 20
-100.31933199999908
 30
0.0
 11
207.47329599999915
 21
-100.22306599999908
 31
0.0
  0
LINE
  5
7E7
330
17
100
AcDbEntity
  8
0
100
AcDbLine
 10
207.47329599999915
 20
-100.22306599999908
 30
0.0
 11
207.49793399999916
 21
-100.12578399999909
 31
0.0
  0
LINE
  5
7E8
330
17
100
AcDbEntity
  8
0
100
AcDbLine
 10
207.49793399999916
 20
-100.12578399999909
 30
0.0
 11
207.52561999999915
 21
-100.02748599999909
 31
0.0
  0
LINE
  5
7E9
330
17
100
AcDbEntity
  8
0
100
AcDbLine
 10
207.52561999999915
 20
-100.02748599999909
 30
0.0
 11
207.55635399999915
 21
-99.92817199999908
 31
0.0
  0
LINE
  5
7EA
330
17
100
AcDbEntity
  8
0
100
AcDbLine
 10
207.55635399999915
 20
-99.92817199999908
 30
0.0
 11
207.59013599999918
 21
-99.82758799999908
 31
0.0
  0
LINE
  5
7EB
330
17
100
AcDbEntity
  8
0
100
AcDbLine
 10
207.59013599999918
 20
-99.82758799999908
 30
0.0
 11
207.62721999999914
 21
-99.72598799999908
 31
0.0
  0
LINE
  5
7EC
330
17
100
AcDbEntity
  8
0
100
AcDbLine
 10
207.62721999999914
 20
-99.72598799999908
 30
0.0
 11
207.66735199999917
 21
-99.62311799999908
 31
0.0
  0
LINE
  5
7ED
330
17
100
AcDbEntity
  8
0
100
AcDbLine
 10
207.66735199999917
 20
-99.62311799999908
 30
0.0
 11
207.71078599999916
 21
-99.51923199999909
 31
0.0
  0
LINE
  5
7EE
330
17
100
AcDbEntity
  8
0
100
AcDbLine
 10
207.71078599999916
 20
-99.51923199999909
 30
0.0
 11
207.75752199999917
 21
-99.4140759999991
 31
0.0
  0
LINE
  5
7EF
330
17
100
AcDbEntity
  8
0
100
AcDbLine
 10
173.55108799999917
 20
-137.45717999999908
 30
0.0
 11
173.6034119999992
 21
-137.3690419999991
 31
0.0
  0
LINE
  5
7F0
330
17
100
AcDbEntity
  8
0
100
AcDbLine
 10
173.6034119999992
 20
-137.3690419999991
 30
0.0
 11
173.6542119999992
 21
-137.2831899999991
 31
0.0
  0
LINE
  5
7F1
330
17
100
AcDbEntity
  8
0
100
AcDbLine
 10
173.6542119999992
 20
-137.2831899999991
 30
0.0
 11
173.70323399999918
 21
-137.1993699999991
 31
0.0
  0
LINE
  5
7F2
330
17
100
AcDbEntity
  8
0
100
AcDbLine
 10
173.70323399999918
 20
-137.1993699999991
 30
0.0
 11
173.7507319999992
 21
-137.1178359999991
 31
0.0
  0
LINE
  5
7F3
330
17
100
AcDbEntity
  8
0
100
AcDbLine
 10
173.7507319999992
 20
-137.1178359999991
 30
0.0
 11
173.7969599999992
 21
-137.03833399999908
 31
0.0
  0
LINE
  5
7F4
330
17
100
AcDbEntity
  8
0
100
AcDbLine
 10
173.7969599999992
 20
-137.03833399999908
 30
0.0
 11
173.8416639999992
 21
-136.9611179999991
 31
0.0
  0
LINE
  5
7F5
330
17
100
AcDbEntity
  8
0
100
AcDbLine
 10
173.8416639999992
 20
-136.9611179999991
 30
0.0
 11
173.88509799999923
 21
-136.88593399999908
 31
0.0
  0
LINE
  5
7F6
330
17
100
AcDbEntity
  8
0
100
AcDbLine
 10
173.88509799999923
 20
-136.88593399999908
 30
0.0
 11
173.9270079999992
 21
-136.8127819999991
 31
0.0
  0
LINE
  5
7F7
330
17
100
AcDbEntity
  8
0
100
AcDbLine
 10
173.9270079999992
 20
-136.8127819999991
 30
0.0
 11
173.96790199999919
 21
-136.7419159999991
 31
0.0
  0
LINE
  5
7F8
330
17
100
AcDbEntity
  8
0
100
AcDbLine
 10
173.96790199999919
 20
-136.7419159999991
 30
0.0
 11
174.0075259999992
 21
-136.6730819999991
 31
0.0
  0
LINE
  5
7F9
330
17
100
AcDbEntity
  8
0
100
AcDbLine
 10
174.0075259999992
 20
-136.6730819999991
 30
0.0
 11
174.04587999999916
 21
-136.6062799999991
 31
0.0
  0
LINE
  5
7FA
330
17
100
AcDbEntity
  8
0
100
AcDbLine
 10
174.04587999999916
 20
-136.6062799999991
 30
0.0
 11
174.0832179999992
 21
-136.54150999999908
 31
0.0
  0
LINE
  5
7FB
330
17
100
AcDbEntity
  8
0
100
AcDbLine
 10
174.0832179999992
 20
-136.54150999999908
 30
0.0
 11
174.1195399999992
 21
-136.4787719999991
 31
0.0
  0
LINE
  5
7FC
330
17
100
AcDbEntity
  8
0
100
AcDbLine
 10
174.1195399999992
 20
-136.4787719999991
 30
0.0
 11
174.15509999999918
 21
-136.4178119999991
 31
0.0
  0
LINE
  5
7FD
330
17
100
AcDbEntity
  8
0
100
AcDbLine
 10
174.15509999999918
 20
-136.4178119999991
 30
0.0
 11
174.1896439999992
 21
-136.3588839999991
 31
0.0
  0
LINE
  5
7FE
330
17
100
AcDbEntity
  8
0
100
AcDbLine
 10
174.1896439999992
 20
-136.3588839999991
 30
0.0
 11
174.2234259999992
 21
-136.30198799999908
 31
0.0
  0
LINE
  5
7FF
330
17
100
AcDbEntity
  8
0
100
AcDbLine
 10
174.2234259999992
 20
-136.30198799999908
 30
0.0
 11
174.2564459999992
 21
-136.2468699999991
 31
0.0
  0
LINE
  5
800
330
17
100
AcDbEntity
  8
0
100
AcDbLine
 10
174.2564459999992
 20
-136.2468699999991
 30
0.0
 11
174.28870399999917
 21
-136.1937839999991
 31
0.0
  0
LINE
  5
801
330
17
100
AcDbEntity
  8
0
100
AcDbLine
 10
174.28870399999917
 20
-136.1937839999991
 30
0.0
 11
174.32019999999918
 21
-136.1424759999991
 31
0.0
  0
LINE
  5
802
330
17
100
AcDbEntity
  8
0
100
AcDbLine
 10
174.32019999999918
 20
-136.1424759999991
 30
0.0
 11
174.35118799999918
 21
-136.0929459999991
 31
0.0
  0
LINE
  5
803
330
17
100
AcDbEntity
  8
0
100
AcDbLine
 10
174.35118799999918
 20
-136.0929459999991
 30
0.0
 11
174.38166799999917
 21
-136.0454479999991
 31
0.0
  0
LINE
  5
804
330
17
100
AcDbEntity
  8
0
100
AcDbLine
 10
174.38166799999917
 20
-136.0454479999991
 30
0.0
 11
174.41163999999918
 21
-135.99972799999912
 31
0.0
  0
LINE
  5
805
330
17
100
AcDbEntity
  8
0
100
AcDbLine
 10
174.41163999999918
 20
-135.99972799999912
 30
0.0
 11
174.44110399999917
 21
-135.9557859999991
 31
0.0
  0
LINE
  5
806
330
17
100
AcDbEntity
  8
0
100
AcDbLine
 10
174.44110399999917
 20
-135.9557859999991
 30
0.0
 11
174.4700599999992
 21
-135.9136219999991
 31
0.0
  0
LINE
  5
807
330
17
100
AcDbEntity
  8
0
100
AcDbLine
 10
174.4700599999992
 20
-135.9136219999991
 30
0.0
 11
174.4987619999992
 21
-135.8732359999991
 31
0.0
  0
LINE
  5
808
330
17
100
AcDbEntity
  8
0
100
AcDbLine
 10
174.4987619999992
 20
-135.8732359999991
 30
0.0
 11
174.5272099999992
 21
-135.8346279999991
 31
0.0
  0
LINE
  5
809
330
17
100
AcDbEntity
  8
0
100
AcDbLine
 10
174.5272099999992
 20
-135.8346279999991
 30
0.0
 11
174.55540399999919
 21
-135.7975439999991
 31
0.0
  0
LINE
  5
80A
330
17
100
AcDbEntity
  8
0
100
AcDbLine
 10
174.55540399999919
 20
-135.7975439999991
 30
0.0
 11
174.5835979999992
 21
-135.7622379999991
 31
0.0
  0
LINE
  5
80B
330
17
100
AcDbEntity
  8
0
100
AcDbLine
 10
174.5835979999992
 20
-135.7622379999991
 30
0.0
 11
174.6115379999992
 21
-135.7287099999991
 31
0.0
  0
LINE
  5
80C
330
17
100
AcDbEntity
  8
0
100
AcDbLine
 10
174.6115379999992
 20
-135.7287099999991
 30
0.0
 11
174.6394779999992
 21
-135.69670599999912
 31
0.0
  0
LINE
  5
80D
330
17
100
AcDbEntity
  8
0
100
AcDbLine
 10
174.6394779999992
 20
-135.69670599999912
 30
0.0
 11
174.6674179999992
 21
-135.6664799999991
 31
0.0
  0
LINE
  5
80E
330
17
100
AcDbEntity
  8
0
100
AcDbLine
 10
174.6674179999992
 20
-135.6664799999991
 30
0.0
 11
174.6956119999992
 21
-135.6377779999991
 31
0.0
  0
LINE
  5
80F
330
17
100
AcDbEntity
  8
0
100
AcDbLine
 10
174.6956119999992
 20
-135.6377779999991
 30
0.0
 11
174.7238059999992
 21
-135.6108539999991
 31
0.0
  0
LINE
  5
810
330
17
100
AcDbEntity
  8
0
100
AcDbLine
 10
174.7238059999992
 20
-135.6108539999991
 30
0.0
 11
174.7522539999992
 21
-135.5854539999991
 31
0.0
  0
LINE
  5
811
330
17
100
AcDbEntity
  8
0
100
AcDbLine
 10
174.7522539999992
 20
-135.5854539999991
 30
0.0
 11
174.7809559999992
 21
-135.5615779999991
 31
0.0
  0
LINE
  5
812
330
17
100
AcDbEntity
  8
0
100
AcDbLine
 10
174.7809559999992
 20
-135.5615779999991
 30
0.0
 11
174.8099119999992
 21
-135.53922599999908
 31
0.0
  0
LINE
  5
813
330
17
100
AcDbEntity
  8
0
100
AcDbLine
 10
174.8099119999992
 20
-135.53922599999908
 30
0.0
 11
174.83937599999922
 21
-135.51839799999908
 31
0.0
  0
LINE
  5
814
330
17
100
AcDbEntity
  8
0
100
AcDbLine
 10
174.83937599999922
 20
-135.51839799999908
 30
0.0
 11
174.8690939999992
 21
-135.49909399999908
 31
0.0
  0
LINE
  5
815
330
17
100
AcDbEntity
  8
0
100
AcDbLine
 10
174.8690939999992
 20
-135.49909399999908
 30
0.0
 11
174.8993199999992
 21
-135.48131399999906
 31
0.0
  0
LINE
  5
816
330
17
100
AcDbEntity
  8
0
100
AcDbLine
 10
174.8993199999992
 20
-135.48131399999906
 30
0.0
 11
174.9300539999992
 21
-135.4650579999991
 31
0.0
  0
LINE
  5
817
330
17
100
AcDbEntity
  8
0
100
AcDbLine
 10
174.9300539999992
 20
-135.4650579999991
 30
0.0
 11
174.9615499999992
 21
-135.45032599999908
 31
0.0
  0
LINE
  5
818
330
17
100
AcDbEntity
  8
0
100
AcDbLine
 10
174.9615499999992
 20
-135.45032599999908
 30
0.0
 11
174.9935539999992
 21
-135.43686399999908
 31
0.0
  0
LINE
  5
819
330
17
100
AcDbEntity
  8
0
100
AcDbLine
 10
174.9935539999992
 20
-135.43686399999908
 30
0.0
 11
175.0263199999992
 21
-135.42492599999906
 31
0.0
  0
LINE
  5
81A
330
17
100
AcDbEntity
  8
0
100
AcDbLine
 10
175.0263199999992
 20
-135.42492599999906
 30
0.0
 11
175.0598479999992
 21
-135.41425799999905
 31
0.0
  0
LINE
  5
81B
330
17
100
AcDbEntity
  8
0
100
AcDbLine
 10
175.0598479999992
 20
-135.41425799999905
 30
0.0
 11
175.09439199999917
 21
-135.4051139999991
 31
0.0
  0
LINE
  5
81C
330
17
100
AcDbEntity
  8
0
100
AcDbLine
 10
175.09439199999917
 20
-135.4051139999991
 30
0.0
 11
175.1296979999992
 21
-135.3972399999991
 31
0.0
  0
LINE
  5
81D
330
17
100
AcDbEntity
  8
0
100
AcDbLine
 10
175.1296979999992
 20
-135.3972399999991
 30
0.0
 11
175.16601999999918
 21
-135.3906359999991
 31
0.0
  0
LINE
  5
81E
330
17
100
AcDbEntity
  8
0
100
AcDbLine
 10
175.16601999999918
 20
-135.3906359999991
 30
0.0
 11
175.2033579999992
 21
-135.3855559999991
 31
0.0
  0
LINE
  5
81F
330
17
100
AcDbEntity
  8
0
100
AcDbLine
 10
175.2033579999992
 20
-135.3855559999991
 30
0.0
 11
175.24171199999918
 21
-135.3817459999991
 31
0.0
  0
LINE
  5
820
330
17
100
AcDbEntity
  8
0
100
AcDbLine
 10
175.24171199999918
 20
-135.3817459999991
 30
0.0
 11
175.2813359999992
 21
-135.3792059999991
 31
0.0
  0
LINE
  5
821
330
17
100
AcDbEntity
  8
0
100
AcDbLine
 10
175.2813359999992
 20
-135.3792059999991
 30
0.0
 11
175.32197599999918
 21
-135.37793599999912
 31
0.0
  0
LINE
  5
822
330
17
100
AcDbEntity
  8
0
100
AcDbLine
 10
175.32197599999918
 20
-135.37793599999912
 30
0.0
 11
175.36388599999916
 21
-135.37793599999912
 31
0.0
  0
LINE
  5
823
330
17
100
AcDbEntity
  8
0
100
AcDbLine
 10
175.36388599999916
 20
-135.37793599999912
 30
0.0
 11
175.40706599999916
 21
-135.37895199999912
 31
0.0
  0
LINE
  5
824
330
17
100
AcDbEntity
  8
0
100
AcDbLine
 10
175.40706599999916
 20
-135.37895199999912
 30
0.0
 11
175.45151599999915
 21
-135.38123799999912
 31
0.0
  0
LINE
  5
825
330
17
100
AcDbEntity
  8
0
100
AcDbLine
 10
175.45151599999915
 20
-135.38123799999912
 30
0.0
 11
175.49748999999915
 21
-135.38479399999912
 31
0.0
  0
LINE
  5
826
330
17
100
AcDbEntity
  8
0
100
AcDbLine
 10
175.49748999999915
 20
-135.38479399999912
 30
0.0
 11
175.54498799999917
 21
-135.38936599999914
 31
0.0
  0
LINE
  5
827
330
17
100
AcDbEntity
  8
0
100
AcDbLine
 10
175.54498799999917
 20
-135.38936599999914
 30
0.0
 11
175.59400999999914
 21
-135.39520799999914
 31
0.0
  0
LINE
  5
828
330
17
100
AcDbEntity
  8
0
100
AcDbLine
 10
175.59400999999914
 20
-135.39520799999914
 30
0.0
 11
175.64455599999914
 21
-135.40206599999914
 31
0.0
  0
LINE
  5
829
330
17
100
AcDbEntity
  8
0
100
AcDbLine
 10
175.64455599999914
 20
-135.40206599999914
 30
0.0
 11
175.69687999999914
 21
-135.41019399999917
 31
0.0
  0
LINE
  5
82A
330
17
100
AcDbEntity
  8
0
100
AcDbLine
 10
175.69687999999914
 20
-135.41019399999917
 30
0.0
 11
175.75072799999913
 21
-135.41933799999916
 31
0.0
  0
LINE
  5
82B
330
17
100
AcDbEntity
  8
0
100
AcDbLine
 10
175.75072799999913
 20
-135.41933799999916
 30
0.0
 11
175.80635399999915
 21
-135.42949799999914
 31
0.0
  0
LINE
  5
82C
330
17
100
AcDbEntity
  8
0
100
AcDbLine
 10
175.80635399999915
 20
-135.42949799999914
 30
0.0
 11
175.86375799999917
 21
-135.44067399999912
 31
0.0
  0
LINE
  5
82D
330
17
100
AcDbEntity
  8
0
100
AcDbLine
 10
175.86375799999917
 20
-135.44067399999912
 30
0.0
 11
175.92319399999917
 21
-135.45286599999915
 31
0.0
  0
LINE
  5
82E
330
17
100
AcDbEntity
  8
0
100
AcDbLine
 10
175.92319399999917
 20
-135.45286599999915
 30
0.0
 11
175.98440799999915
 21
-135.46607399999914
 31
0.0
  0
LINE
  5
82F
330
17
100
AcDbEntity
  8
0
100
AcDbLine
 10
175.98440799999915
 20
-135.46607399999914
 30
0.0
 11
176.13706199999916
 21
-135.50315799999913
 31
0.0
  0
LINE
  5
830
330
17
100
AcDbEntity
  8
0
100
AcDbLine
 10
176.13706199999916
 20
-135.50315799999913
 30
0.0
 11
176.30952799999915
 21
-135.54506799999913
 31
0.0
  0
LINE
  5
831
330
17
100
AcDbEntity
  8
0
100
AcDbLine
 10
176.30952799999915
 20
-135.54506799999913
 30
0.0
 11
176.50155199999915
 21
-135.59180399999912
 31
0.0
  0
LINE
  5
832
330
17
100
AcDbEntity
  8
0
100
AcDbLine
 10
176.50155199999915
 20
-135.59180399999912
 30
0.0
 11
176.71237199999916
 21
-135.64311199999912
 31
0.0
  0
LINE
  5
833
330
17
100
AcDbEntity
  8
0
100
AcDbLine
 10
176.71237199999916
 20
-135.64311199999912
 30
0.0
 11
176.94122599999915
 21
-135.6987379999991
 31
0.0
  0
LINE
  5
834
330
17
100
AcDbEntity
  8
0
100
AcDbLine
 10
176.94122599999915
 20
-135.6987379999991
 30
0.0
 11
177.18735199999915
 21
-135.7586819999991
 31
0.0
  0
LINE
  5
835
330
17
100
AcDbEntity
  8
0
100
AcDbLine
 10
177.18735199999915
 20
-135.7586819999991
 30
0.0
 11
177.45049599999913
 21
-135.8226899999991
 31
0.0
  0
LINE
  5
836
330
17
100
AcDbEntity
  8
0
100
AcDbLine
 10
177.45049599999913
 20
-135.8226899999991
 30
0.0
 11
177.72964199999916
 21
-135.89050799999913
 31
0.0
  0
LINE
  5
837
330
17
100
AcDbEntity
  8
0
100
AcDbLine
 10
177.72964199999916
 20
-135.89050799999913
 30
0.0
 11
178.02428199999915
 21
-135.96213599999913
 31
0.0
  0
LINE
  5
838
330
17
100
AcDbEntity
  8
0
100
AcDbLine
 10
178.02428199999915
 20
-135.96213599999913
 30
0.0
 11
178.33390799999916
 21
-136.03731999999914
 31
0.0
  0
LINE
  5
839
330
17
100
AcDbEntity
  8
0
100
AcDbLine
 10
178.33390799999916
 20
-136.03731999999914
 30
0.0
 11
178.65775799999915
 21
-136.11605999999912
 31
0.0
  0
LINE
  5
83A
330
17
100
AcDbEntity
  8
0
100
AcDbLine
 10
178.65775799999915
 20
-136.11605999999912
 30
0.0
 11
178.99506999999915
 21
-136.19810199999912
 31
0.0
  0
LINE
  5
83B
330
17
100
AcDbEntity
  8
0
100
AcDbLine
 10
178.99506999999915
 20
-136.19810199999912
 30
0.0
 11
179.34533599999915
 21
-136.28319199999913
 31
0.0
  0
LINE
  5
83C
330
17
100
AcDbEntity
  8
0
100
AcDbLine
 10
179.34533599999915
 20
-136.28319199999913
 30
0.0
 11
179.70779399999915
 21
-136.37132999999912
 31
0.0
  0
LINE
  5
83D
330
17
100
AcDbEntity
  8
0
100
AcDbLine
 10
179.70779399999915
 20
-136.37132999999912
 30
0.0
 11
180.08193599999913
 21
-136.46226199999913
 31
0.0
  0
LINE
  5
83E
330
17
100
AcDbEntity
  8
0
100
AcDbLine
 10
180.08193599999913
 20
-136.46226199999913
 30
0.0
 11
180.46725399999917
 21
-136.55598799999913
 31
0.0
  0
LINE
  5
83F
330
17
100
AcDbEntity
  8
0
100
AcDbLine
 10
180.46725399999917
 20
-136.55598799999913
 30
0.0
 11
180.86273199999917
 21
-136.65225399999912
 31
0.0
  0
LINE
  5
840
330
17
100
AcDbEntity
  8
0
100
AcDbLine
 10
180.86273199999917
 20
-136.65225399999912
 30
0.0
 11
181.26786199999918
 21
-136.75080599999913
 31
0.0
  0
LINE
  5
841
330
17
100
AcDbEntity
  8
0
100
AcDbLine
 10
181.26786199999918
 20
-136.75080599999913
 30
0.0
 11
181.68213599999916
 21
-136.85138999999913
 31
0.0
  0
LINE
  5
842
330
17
100
AcDbEntity
  8
0
100
AcDbLine
 10
181.68213599999916
 20
-136.85138999999913
 30
0.0
 11
182.10479199999915
 21
-136.95400599999914
 31
0.0
  0
LINE
  5
843
330
17
100
AcDbEntity
  8
0
100
AcDbLine
 10
182.10479199999915
 20
-136.95400599999914
 30
0.0
 11
182.53532199999918
 21
-137.05865399999914
 31
0.0
  0
LINE
  5
844
330
17
100
AcDbEntity
  8
0
100
AcDbLine
 10
182.53532199999918
 20
-137.05865399999914
 30
0.0
 11
182.97296399999917
 21
-137.16507999999914
 31
0.0
  0
LINE
  5
845
330
17
100
AcDbEntity
  8
0
100
AcDbLine
 10
182.97296399999917
 20
-137.16507999999914
 30
0.0
 11
183.41695599999917
 21
-137.27302999999912
 31
0.0
  0
LINE
  5
846
330
17
100
AcDbEntity
  8
0
100
AcDbLine
 10
183.41695599999917
 20
-137.27302999999912
 30
0.0
 11
183.86678999999916
 21
-137.38250399999913
 31
0.0
  0
LINE
  5
847
330
17
100
AcDbEntity
  8
0
100
AcDbLine
 10
183.86678999999916
 20
-137.38250399999913
 30
0.0
 11
184.32195799999917
 21
-137.49299399999913
 31
0.0
  0
LINE
  5
848
330
17
100
AcDbEntity
  8
0
100
AcDbLine
 10
184.32195799999917
 20
-137.49299399999913
 30
0.0
 11
184.78144399999917
 21
-137.60475399999913
 31
0.0
  0
LINE
  5
849
330
17
100
AcDbEntity
  8
0
100
AcDbLine
 10
184.78144399999917
 20
-137.60475399999913
 30
0.0
 11
185.24499399999917
 21
-137.71752999999913
 31
0.0
  0
LINE
  5
84A
330
17
100
AcDbEntity
  8
0
100
AcDbLine
 10
185.24499399999917
 20
-137.71752999999913
 30
0.0
 11
185.71159199999917
 21
-137.8310679999991
 31
0.0
  0
LINE
  5
84B
330
17
100
AcDbEntity
  8
0
100
AcDbLine
 10
185.71159199999917
 20
-137.8310679999991
 30
0.0
 11
186.18098399999917
 21
-137.9451139999991
 31
0.0
  0
LINE
  5
84C
330
17
100
AcDbEntity
  8
0
100
AcDbLine
 10
186.18098399999917
 20
-137.9451139999991
 30
0.0
 11
186.65215399999917
 21
-138.0596679999991
 31
0.0
  0
LINE
  5
84D
330
17
100
AcDbEntity
  8
0
100
AcDbLine
 10
186.65215399999917
 20
-138.0596679999991
 30
0.0
 11
187.12459399999918
 21
-138.17447599999912
 31
0.0
  0
LINE
  5
84E
330
17
100
AcDbEntity
  8
0
100
AcDbLine
 10
187.12459399999918
 20
-138.17447599999912
 30
0.0
 11
187.5977959999992
 21
-138.2895379999991
 31
0.0
  0
LINE
  5
84F
330
17
100
AcDbEntity
  8
0
100
AcDbLine
 10
187.5977959999992
 20
-138.2895379999991
 30
0.0
 11
188.0709979999992
 21
-138.4045999999991
 31
0.0
  0
LINE
  5
850
330
17
100
AcDbEntity
  8
0
100
AcDbLine
 10
188.0709979999992
 20
-138.4045999999991
 30
0.0
 11
188.5436919999992
 21
-138.5194079999991
 31
0.0
  0
LINE
  5
851
330
17
100
AcDbEntity
  8
0
100
AcDbLine
 10
188.5436919999992
 20
-138.5194079999991
 30
0.0
 11
189.01511599999918
 21
-138.63396199999912
 31
0.0
  0
LINE
  5
852
330
17
100
AcDbEntity
  8
0
100
AcDbLine
 10
189.01511599999918
 20
-138.63396199999912
 30
0.0
 11
189.48450799999918
 21
-138.7480079999991
 31
0.0
  0
LINE
  5
853
330
17
100
AcDbEntity
  8
0
100
AcDbLine
 10
189.48450799999918
 20
-138.7480079999991
 30
0.0
 11
189.95135999999917
 21
-138.8615459999991
 31
0.0
  0
LINE
  5
854
330
17
100
AcDbEntity
  8
0
100
AcDbLine
 10
189.95135999999917
 20
-138.8615459999991
 30
0.0
 11
190.4149099999992
 21
-138.9743219999991
 31
0.0
  0
LINE
  5
855
330
17
100
AcDbEntity
  8
0
100
AcDbLine
 10
190.4149099999992
 20
-138.9743219999991
 30
0.0
 11
190.87464999999918
 21
-139.0860819999991
 31
0.0
  0
LINE
  5
856
330
17
100
AcDbEntity
  8
0
100
AcDbLine
 10
190.87464999999918
 20
-139.0860819999991
 30
0.0
 11
191.32981799999916
 21
-139.1968259999991
 31
0.0
  0
LINE
  5
857
330
17
100
AcDbEntity
  8
0
100
AcDbLine
 10
191.32981799999916
 20
-139.1968259999991
 30
0.0
 11
191.7799059999992
 21
-139.3062999999991
 31
0.0
  0
LINE
  5
858
330
17
100
AcDbEntity
  8
0
100
AcDbLine
 10
191.7799059999992
 20
-139.3062999999991
 30
0.0
 11
192.2241519999992
 21
-139.4142499999991
 31
0.0
  0
LINE
  5
859
330
17
100
AcDbEntity
  8
0
100
AcDbLine
 10
192.2241519999992
 20
-139.4142499999991
 30
0.0
 11
192.6620479999992
 21
-139.5206759999991
 31
0.0
  0
LINE
  5
85A
330
17
100
AcDbEntity
  8
0
100
AcDbLine
 10
192.6620479999992
 20
-139.5206759999991
 30
0.0
 11
193.09283199999922
 21
-139.62532399999913
 31
0.0
  0
LINE
  5
85B
330
17
100
AcDbEntity
  8
0
100
AcDbLine
 10
193.09283199999922
 20
-139.62532399999913
 30
0.0
 11
193.5157419999992
 21
-139.7281939999991
 31
0.0
  0
LINE
  5
85C
330
17
100
AcDbEntity
  8
0
100
AcDbLine
 10
193.5157419999992
 20
-139.7281939999991
 30
0.0
 11
193.93052399999922
 21
-139.8290319999991
 31
0.0
  0
LINE
  5
85D
330
17
100
AcDbEntity
  8
0
100
AcDbLine
 10
193.93052399999922
 20
-139.8290319999991
 30
0.0
 11
194.3361619999992
 21
-139.92758399999911
 31
0.0
  0
LINE
  5
85E
330
17
100
AcDbEntity
  8
0
100
AcDbLine
 10
194.3361619999992
 20
-139.92758399999911
 30
0.0
 11
194.7321479999992
 21
-140.02384999999913
 31
0.0
  0
LINE
  5
85F
330
17
100
AcDbEntity
  8
0
100
AcDbLine
 10
194.7321479999992
 20
-140.02384999999913
 30
0.0
 11
195.11771999999922
 21
-140.11757599999913
 31
0.0
  0
LINE
  5
860
330
17
100
AcDbEntity
  8
0
100
AcDbLine
 10
195.11771999999922
 20
-140.11757599999913
 30
0.0
 11
195.49236999999923
 21
-140.20876199999915
 31
0.0
  0
LINE
  5
861
330
17
100
AcDbEntity
  8
0
100
AcDbLine
 10
195.49236999999923
 20
-140.20876199999915
 30
0.0
 11
195.8553359999992
 21
-140.29689999999914
 31
0.0
  0
LINE
  5
862
330
17
100
AcDbEntity
  8
0
100
AcDbLine
 10
195.8553359999992
 20
-140.29689999999914
 30
0.0
 11
196.2061099999992
 21
-140.38224399999913
 31
0.0
  0
LINE
  5
863
330
17
100
AcDbEntity
  8
0
100
AcDbLine
 10
196.2061099999992
 20
-140.38224399999913
 30
0.0
 11
196.54392999999922
 21
-140.46428599999913
 31
0.0
  0
LINE
  5
864
330
17
100
AcDbEntity
  8
0
100
AcDbLine
 10
196.54392999999922
 20
-140.46428599999913
 30
0.0
 11
196.8682879999992
 21
-140.54302599999912
 31
0.0
  0
LINE
  5
865
330
17
100
AcDbEntity
  8
0
100
AcDbLine
 10
196.8682879999992
 20
-140.54302599999912
 30
0.0
 11
197.17842199999922
 21
-140.61846399999914
 31
0.0
  0
LINE
  5
866
330
17
100
AcDbEntity
  8
0
100
AcDbLine
 10
197.17842199999922
 20
-140.61846399999914
 30
0.0
 11
197.47382399999924
 21
-140.69034599999912
 31
0.0
  0
LINE
  5
867
330
17
100
AcDbEntity
  8
0
100
AcDbLine
 10
197.47382399999924
 20
-140.69034599999912
 30
0.0
 11
197.75373199999922
 21
-140.75841799999915
 31
0.0
  0
LINE
  5
868
330
17
100
AcDbEntity
  8
0
100
AcDbLine
 10
197.75373199999922
 20
-140.75841799999915
 30
0.0
 11
198.01738399999923
 21
-140.82242599999913
 31
0.0
  0
LINE
  5
869
330
17
100
AcDbEntity
  8
0
100
AcDbLine
 10
198.01738399999923
 20
-140.82242599999913
 30
0.0
 11
198.2642719999992
 21
-140.88236999999913
 31
0.0
  0
LINE
  5
86A
330
17
100
AcDbEntity
  8
0
100
AcDbLine
 10
198.2642719999992
 20
-140.88236999999913
 30
0.0
 11
198.49388799999923
 21
-140.93824999999913
 31
0.0
  0
LINE
  5
86B
330
17
100
AcDbEntity
  8
0
100
AcDbLine
 10
198.49388799999923
 20
-140.93824999999913
 30
0.0
 11
198.70546999999922
 21
-140.98955799999914
 31
0.0
  0
LINE
  5
86C
330
17
100
AcDbEntity
  8
0
100
AcDbLine
 10
198.70546999999922
 20
-140.98955799999914
 30
0.0
 11
198.8982559999992
 21
-141.03629399999912
 31
0.0
  0
LINE
  5
86D
330
17
100
AcDbEntity
  8
0
100
AcDbLine
 10
198.8982559999992
 20
-141.03629399999912
 30
0.0
 11
199.07173799999921
 21
-141.07845799999913
 31
0.0
  0
LINE
  5
86E
330
17
100
AcDbEntity
  8
0
100
AcDbLine
 10
199.07173799999921
 20
-141.07845799999913
 30
0.0
 11
199.22515399999924
 21
-141.11579599999916
 31
0.0
  0
LINE
  5
86F
330
17
100
AcDbEntity
  8
0
100
AcDbLine
 10
199.22515399999924
 20
-141.11579599999916
 30
0.0
 11
199.3209119999992
 21
-141.08912599999914
 31
0.0
  0
LINE
  5
870
330
17
100
AcDbEntity
  8
0
100
AcDbLine
 10
199.3209119999992
 20
-141.08912599999914
 30
0.0
 11
199.4141299999992
 21
-141.07769599999915
 31
0.0
  0
LINE
  5
871
330
17
100
AcDbEntity
  8
0
100
AcDbLine
 10
199.4141299999992
 20
-141.07769599999915
 30
0.0
 11
199.50506199999919
 21
-141.08074399999916
 31
0.0
  0
LINE
  5
872
330
17
100
AcDbEntity
  8
0
100
AcDbLine
 10
199.50506199999919
 20
-141.08074399999916
 30
0.0
 11
199.5937079999992
 21
-141.09801599999915
 31
0.0
  0
LINE
  5
873
330
17
100
AcDbEntity
  8
0
100
AcDbLine
 10
199.5937079999992
 20
-141.09801599999915
 30
0.0
 11
199.67981399999923
 21
-141.12874999999914
 31
0.0
  0
LINE
  5
874
330
17
100
AcDbEntity
  8
0
100
AcDbLine
 10
199.67981399999923
 20
-141.12874999999914
 30
0.0
 11
199.76363399999923
 21
-141.17269199999913
 31
0.0
  0
LINE
  5
875
330
17
100
AcDbEntity
  8
0
100
AcDbLine
 10
199.76363399999923
 20
-141.17269199999913
 30
0.0
 11
199.84491399999925
 21
-141.2293339999991
 31
0.0
  0
LINE
  5
876
330
17
100
AcDbEntity
  8
0
100
AcDbLine
 10
199.84491399999925
 20
-141.2293339999991
 30
0.0
 11
199.92365399999923
 21
-141.2979139999991
 31
0.0
  0
LINE
  5
877
330
17
100
AcDbEntity
  8
0
100
AcDbLine
 10
199.92365399999923
 20
-141.2979139999991
 30
0.0
 11
199.9998539999992
 21
-141.37817799999914
 31
0.0
  0
LINE
  5
878
330
17
100
AcDbEntity
  8
0
100
AcDbLine
 10
199.9998539999992
 20
-141.37817799999914
 30
0.0
 11
200.0735139999992
 21
-141.46961799999914
 31
0.0
  0
LINE
  5
879
330
17
100
AcDbEntity
  8
0
100
AcDbLine
 10
200.0735139999992
 20
-141.46961799999914
 30
0.0
 11
200.1446339999992
 21
-141.57147199999912
 31
0.0
  0
LINE
  5
87A
330
17
100
AcDbEntity
  8
0
100
AcDbLine
 10
200.1446339999992
 20
-141.57147199999912
 30
0.0
 11
200.2132139999992
 21
-141.68348599999914
 31
0.0
  0
LINE
  5
87B
330
17
100
AcDbEntity
  8
0
100
AcDbLine
 10
200.2132139999992
 20
-141.68348599999914
 30
0.0
 11
200.27925399999918
 21
-141.80515199999914
 31
0.0
  0
LINE
  5
87C
330
17
100
AcDbEntity
  8
0
100
AcDbLine
 10
200.27925399999918
 20
-141.80515199999914
 30
0.0
 11
200.3424999999992
 21
-141.93596199999914
 31
0.0
  0
LINE
  5
87D
330
17
100
AcDbEntity
  8
0
100
AcDbLine
 10
200.3424999999992
 20
-141.93596199999914
 30
0.0
 11
200.40320599999922
 21
-142.07540799999913
 31
0.0
  0
LINE
  5
87E
330
17
100
AcDbEntity
  8
0
100
AcDbLine
 10
200.40320599999922
 20
-142.07540799999913
 30
0.0
 11
200.4611179999992
 21
-142.22298199999912
 31
0.0
  0
LINE
  5
87F
330
17
100
AcDbEntity
  8
0
100
AcDbLine
 10
200.4611179999992
 20
-142.22298199999912
 30
0.0
 11
200.5162359999992
 21
-142.37817599999914
 31
0.0
  0
LINE
  5
880
330
17
100
AcDbEntity
  8
0
100
AcDbLine
 10
200.5162359999992
 20
-142.37817599999914
 30
0.0
 11
200.56881399999918
 21
-142.54048199999914
 31
0.0
  0
LINE
  5
881
330
17
100
AcDbEntity
  8
0
100
AcDbLine
 10
200.56881399999918
 20
-142.54048199999914
 30
0.0
 11
200.6185979999992
 21
-142.70939199999913
 31
0.0
  0
LINE
  5
882
330
17
100
AcDbEntity
  8
0
100
AcDbLine
 10
200.6185979999992
 20
-142.70939199999913
 30
0.0
 11
200.6655879999992
 21
-142.88439799999912
 31
0.0
  0
LINE
  5
883
330
17
100
AcDbEntity
  8
0
100
AcDbLine
 10
200.6655879999992
 20
-142.88439799999912
 30
0.0
 11
200.70978399999916
 21
-143.0649919999991
 31
0.0
  0
LINE
  5
884
330
17
100
AcDbEntity
  8
0
100
AcDbLine
 10
200.70978399999916
 20
-143.0649919999991
 30
0.0
 11
200.75118599999917
 21
-143.25066599999911
 31
0.0
  0
LINE
  5
885
330
17
100
AcDbEntity
  8
0
100
AcDbLine
 10
200.75118599999917
 20
-143.25066599999911
 30
0.0
 11
200.78953999999916
 21
-143.44116599999913
 31
0.0
  0
LINE
  5
886
330
17
100
AcDbEntity
  8
0
100
AcDbLine
 10
200.78953999999916
 20
-143.44116599999913
 30
0.0
 11
200.82509999999917
 21
-143.6357299999991
 31
0.0
  0
LINE
  5
887
330
17
100
AcDbEntity
  8
0
100
AcDbLine
 10
200.82509999999917
 20
-143.6357299999991
 30
0.0
 11
200.85761199999916
 21
-143.8338499999991
 31
0.0
  0
LINE
  5
888
330
17
100
AcDbEntity
  8
0
100
AcDbLine
 10
200.85761199999916
 20
-143.8338499999991
 30
0.0
 11
200.88732999999917
 21
-144.0350179999991
 31
0.0
  0
LINE
  5
889
330
17
100
AcDbEntity
  8
0
100
AcDbLine
 10
200.88732999999917
 20
-144.0350179999991
 30
0.0
 11
200.91399999999916
 21
-144.23897999999912
 31
0.0
  0
LINE
  5
88A
330
17
100
AcDbEntity
  8
0
100
AcDbLine
 10
200.91399999999916
 20
-144.23897999999912
 30
0.0
 11
200.93762199999915
 21
-144.44497399999912
 31
0.0
  0
LINE
  5
88B
330
17
100
AcDbEntity
  8
0
100
AcDbLine
 10
200.93762199999915
 20
-144.44497399999912
 30
0.0
 11
200.95844999999915
 21
-144.65274599999913
 31
0.0
  0
LINE
  5
88C
330
17
100
AcDbEntity
  8
0
100
AcDbLine
 10
200.95844999999915
 20
-144.65274599999913
 30
0.0
 11
200.97622999999916
 21
-144.86153399999912
 31
0.0
  0
LINE
  5
88D
330
17
100
AcDbEntity
  8
0
100
AcDbLine
 10
200.97622999999916
 20
-144.86153399999912
 30
0.0
 11
200.99096199999917
 21
-145.0708299999991
 31
0.0
  0
LINE
  5
88E
330
17
100
AcDbEntity
  8
0
100
AcDbLine
 10
200.99096199999917
 20
-145.0708299999991
 30
0.0
 11
201.00239199999916
 21
-145.28037999999913
 31
0.0
  0
LINE
  5
88F
330
17
100
AcDbEntity
  8
0
100
AcDbLine
 10
201.00239199999916
 20
-145.28037999999913
 30
0.0
 11
201.01077399999915
 21
-145.4896759999991
 31
0.0
  0
LINE
  5
890
330
17
100
AcDbEntity
  8
0
100
AcDbLine
 10
201.01077399999915
 20
-145.4896759999991
 30
0.0
 11
201.01610799999915
 21
-145.69795599999912
 31
0.0
  0
LINE
  5
891
330
17
100
AcDbEntity
  8
0
100
AcDbLine
 10
201.01610799999915
 20
-145.69795599999912
 30
0.0
 11
201.01813999999916
 21
-145.90496599999912
 31
0.0
  0
LINE
  5
892
330
17
100
AcDbEntity
  8
0
100
AcDbLine
 10
201.01813999999916
 20
-145.90496599999912
 30
0.0
 11
201.01712399999914
 21
-146.10994399999913
 31
0.0
  0
LINE
  5
893
330
17
100
AcDbEntity
  8
0
100
AcDbLine
 10
201.01712399999914
 20
-146.10994399999913
 30
0.0
 11
201.01280599999913
 21
-146.31263599999915
 31
0.0
  0
LINE
  5
894
330
17
100
AcDbEntity
  8
0
100
AcDbLine
 10
201.01280599999913
 20
-146.31263599999915
 30
0.0
 11
201.00518599999916
 21
-146.51253399999914
 31
0.0
  0
LINE
  5
895
330
17
100
AcDbEntity
  8
0
100
AcDbLine
 10
201.00518599999916
 20
-146.51253399999914
 30
0.0
 11
200.99451799999915
 21
-146.70912999999913
 31
0.0
  0
LINE
  5
896
330
17
100
AcDbEntity
  8
0
100
AcDbLine
 10
200.99451799999915
 20
-146.70912999999913
 30
0.0
 11
200.98054799999915
 21
-146.90166199999916
 31
0.0
  0
LINE
  5
897
330
17
100
AcDbEntity
  8
0
100
AcDbLine
 10
200.98054799999915
 20
-146.90166199999916
 30
0.0
 11
200.96327599999915
 21
-147.08987599999915
 31
0.0
  0
LINE
  5
898
330
17
100
AcDbEntity
  8
0
100
AcDbLine
 10
200.96327599999915
 20
-147.08987599999915
 30
0.0
 11
200.94270199999914
 21
-147.27326399999913
 31
0.0
  0
LINE
  5
899
330
17
100
AcDbEntity
  8
0
100
AcDbLine
 10
200.94270199999914
 20
-147.27326399999913
 30
0.0
 11
200.91857199999913
 21
-147.45131799999916
 31
0.0
  0
LINE
  5
89A
330
17
100
AcDbEntity
  8
0
100
AcDbLine
 10
200.91857199999913
 20
-147.45131799999916
 30
0.0
 11
200.89113999999915
 21
-147.62352999999914
 31
0.0
  0
LINE
  5
89B
330
17
100
AcDbEntity
  8
0
100
AcDbLine
 10
200.89113999999915
 20
-147.62352999999914
 30
0.0
 11
200.86040599999916
 21
-147.78939199999914
 31
0.0
  0
LINE
  5
89C
330
17
100
AcDbEntity
  8
0
100
AcDbLine
 10
200.86040599999916
 20
-147.78939199999914
 30
0.0
 11
200.82611599999916
 21
-147.94839599999915
 31
0.0
  0
LINE
  5
89D
330
17
100
AcDbEntity
  8
0
100
AcDbLine
 10
200.82611599999916
 20
-147.94839599999915
 30
0.0
 11
200.78852399999917
 21
-148.10003399999914
 31
0.0
  0
LINE
  5
89E
330
17
100
AcDbEntity
  8
0
100
AcDbLine
 10
200.78852399999917
 20
-148.10003399999914
 30
0.0
 11
200.74737599999915
 21
-148.24379799999915
 31
0.0
  0
LINE
  5
89F
330
17
100
AcDbEntity
  8
0
100
AcDbLine
 10
200.74737599999915
 20
-148.24379799999915
 30
0.0
 11
200.70267199999913
 21
-148.37917999999917
 31
0.0
  0
LINE
  5
8A0
330
17
100
AcDbEntity
  8
0
100
AcDbLine
 10
200.70267199999913
 20
-148.37917999999917
 30
0.0
 11
200.65441199999913
 21
-148.50567199999918
 31
0.0
  0
LINE
  5
8A1
330
17
100
AcDbEntity
  8
0
100
AcDbLine
 10
200.65441199999913
 20
-148.50567199999918
 30
0.0
 11
200.60259599999912
 21
-148.62276599999916
 31
0.0
  0
LINE
  5
8A2
330
17
100
AcDbEntity
  8
0
100
AcDbLine
 10
200.60259599999912
 20
-148.62276599999916
 30
0.0
 11
200.54722399999915
 21
-148.73020799999918
 31
0.0
  0
LINE
  5
8A3
330
17
100
AcDbEntity
  8
0
100
AcDbLine
 10
200.54722399999915
 20
-148.73020799999918
 30
0.0
 11
200.48829599999917
 21
-148.82723599999915
 31
0.0
  0
LINE
  5
8A4
330
17
100
AcDbEntity
  8
0
100
AcDbLine
 10
200.48829599999917
 20
-148.82723599999915
 30
0.0
 11
200.42555799999917
 21
-148.91334199999918
 31
0.0
  0
LINE
  5
8A5
330
17
100
AcDbEntity
  8
0
100
AcDbLine
 10
200.42555799999917
 20
-148.91334199999918
 30
0.0
 11
200.35926399999917
 21
-148.98801799999916
 31
0.0
  0
LINE
  5
8A6
330
17
100
AcDbEntity
  8
0
100
AcDbLine
 10
200.35926399999917
 20
-148.98801799999916
 30
0.0
 11
200.28941399999917
 21
-149.05100999999917
 31
0.0
  0
LINE
  5
8A7
330
17
100
AcDbEntity
  8
0
100
AcDbLine
 10
200.28941399999917
 20
-149.05100999999917
 30
0.0
 11
200.21575399999918
 21
-149.10155599999916
 31
0.0
  0
LINE
  5
8A8
330
17
100
AcDbEntity
  8
0
100
AcDbLine
 10
200.21575399999918
 20
-149.10155599999916
 30
0.0
 11
200.1382839999992
 21
-149.13940199999917
 31
0.0
  0
LINE
  5
8A9
330
17
100
AcDbEntity
  8
0
100
AcDbLine
 10
200.1382839999992
 20
-149.13940199999917
 30
0.0
 11
200.05700399999918
 21
-149.16378599999916
 31
0.0
  0
LINE
  5
8AA
330
17
100
AcDbEntity
  8
0
100
AcDbLine
 10
200.05700399999918
 20
-149.16378599999916
 30
0.0
 11
199.97216799999921
 21
-149.17445399999917
 31
0.0
  0
LINE
  5
8AB
330
17
100
AcDbEntity
  8
0
100
AcDbLine
 10
199.97216799999921
 20
-149.17445399999917
 30
0.0
 11
199.8835219999992
 21
-149.17064399999919
 31
0.0
  0
LINE
  5
8AC
330
17
100
AcDbEntity
  8
0
100
AcDbLine
 10
199.8835219999992
 20
-149.17064399999919
 30
0.0
 11
199.7908119999992
 21
-149.1521019999992
 31
0.0
  0
LINE
  5
8AD
330
17
100
AcDbEntity
  8
0
100
AcDbLine
 10
199.7908119999992
 20
-149.1521019999992
 30
0.0
 11
199.6942919999992
 21
-149.11806599999917
 31
0.0
  0
LINE
  5
8AE
330
17
100
AcDbEntity
  8
0
100
AcDbLine
 10
199.6942919999992
 20
-149.11806599999917
 30
0.0
 11
199.59396199999918
 21
-149.0682819999992
 31
0.0
  0
LINE
  5
8AF
330
17
100
AcDbEntity
  8
0
100
AcDbLine
 10
199.59396199999918
 20
-149.0682819999992
 30
0.0
 11
199.4740739999992
 21
-148.99741599999916
 31
0.0
  0
LINE
  5
8B0
330
17
100
AcDbEntity
  8
0
100
AcDbLine
 10
199.4740739999992
 20
-148.99741599999916
 30
0.0
 11
199.32294399999918
 21
-148.91562799999917
 31
0.0
  0
LINE
  5
8B1
330
17
100
AcDbEntity
  8
0
100
AcDbLine
 10
199.32294399999918
 20
-148.91562799999917
 30
0.0
 11
199.1415879999992
 21
-148.82317199999918
 31
0.0
  0
LINE
  5
8B2
330
17
100
AcDbEntity
  8
0
100
AcDbLine
 10
199.1415879999992
 20
-148.82317199999918
 30
0.0
 11
198.9310219999992
 21
-148.72030199999918
 31
0.0
  0
LINE
  5
8B3
330
17
100
AcDbEntity
  8
0
100
AcDbLine
 10
198.9310219999992
 20
-148.72030199999918
 30
0.0
 11
198.6925159999992
 21
-148.60752599999918
 31
0.0
  0
LINE
  5
8B4
330
17
100
AcDbEntity
  8
0
100
AcDbLine
 10
198.6925159999992
 20
-148.60752599999918
 30
0.0
 11
198.4270859999992
 21
-148.48535199999918
 31
0.0
  0
LINE
  5
8B5
330
17
100
AcDbEntity
  8
0
100
AcDbLine
 10
198.4270859999992
 20
-148.48535199999918
 30
0.0
 11
198.1354939999992
 21
-148.35403399999916
 31
0.0
  0
LINE
  5
8B6
330
17
100
AcDbEntity
  8
0
100
AcDbLine
 10
198.1354939999992
 20
-148.35403399999916
 30
0.0
 11
197.8192639999992
 21
-148.21382599999916
 31
0.0
  0
LINE
  5
8B7
330
17
100
AcDbEntity
  8
0
100
AcDbLine
 10
197.8192639999992
 20
-148.21382599999916
 30
0.0
 11
197.4791579999992
 21
-148.06523599999915
 31
0.0
  0
LINE
  5
8B8
330
17
100
AcDbEntity
  8
0
100
AcDbLine
 10
197.4791579999992
 20
-148.06523599999915
 30
0.0
 11
197.1164459999992
 21
-147.90851799999916
 31
0.0
  0
LINE
  5
8B9
330
17
100
AcDbEntity
  8
0
100
AcDbLine
 10
197.1164459999992
 20
-147.90851799999916
 30
0.0
 11
196.7318899999992
 21
-147.74392599999916
 31
0.0
  0
LINE
  5
8BA
330
17
100
AcDbEntity
  8
0
100
AcDbLine
 10
196.7318899999992
 20
-147.74392599999916
 30
0.0
 11
196.32675999999918
 21
-147.57196799999915
 31
0.0
  0
LINE
  5
8BB
330
17
100
AcDbEntity
  8
0
100
AcDbLine
 10
196.32675999999918
 20
-147.57196799999915
 30
0.0
 11
195.90232599999916
 21
-147.39315199999916
 31
0.0
  0
LINE
  5
8BC
330
17
100
AcDbEntity
  8
0
100
AcDbLine
 10
195.90232599999916
 20
-147.39315199999916
 30
0.0
 11
195.45934999999915
 21
-147.20773199999917
 31
0.0
  0
LINE
  5
8BD
330
17
100
AcDbEntity
  8
0
100
AcDbLine
 10
195.45934999999915
 20
-147.20773199999917
 30
0.0
 11
194.99910199999917
 21
-147.01596199999918
 31
0.0
  0
LINE
  5
8BE
330
17
100
AcDbEntity
  8
0
100
AcDbLine
 10
194.99910199999917
 20
-147.01596199999918
 30
0.0
 11
194.52259799999916
 21
-146.81834999999916
 31
0.0
  0
LINE
  5
8BF
330
17
100
AcDbEntity
  8
0
100
AcDbLine
 10
194.52259799999916
 20
-146.81834999999916
 30
0.0
 11
194.03085399999915
 21
-146.61514999999918
 31
0.0
  0
LINE
  5
8C0
330
17
100
AcDbEntity
  8
0
100
AcDbLine
 10
194.03085399999915
 20
-146.61514999999918
 30
0.0
 11
193.52488599999916
 21
-146.40661599999916
 31
0.0
  0
LINE
  5
8C1
330
17
100
AcDbEntity
  8
0
100
AcDbLine
 10
193.52488599999916
 20
-146.40661599999916
 30
0.0
 11
193.00596399999915
 21
-146.19325599999917
 31
0.0
  0
LINE
  5
8C2
330
17
100
AcDbEntity
  8
0
100
AcDbLine
 10
193.00596399999915
 20
-146.19325599999917
 30
0.0
 11
192.47510399999916
 21
-145.97557799999916
 31
0.0
  0
LINE
  5
8C3
330
17
100
AcDbEntity
  8
0
100
AcDbLine
 10
192.47510399999916
 20
-145.97557799999916
 30
0.0
 11
191.93332199999915
 21
-145.75358199999917
 31
0.0
  0
LINE
  5
8C4
330
17
100
AcDbEntity
  8
0
100
AcDbLine
 10
191.93332199999915
 20
-145.75358199999917
 30
0.0
 11
191.38163399999914
 21
-145.52802999999915
 31
0.0
  0
LINE
  5
8C5
330
17
100
AcDbEntity
  8
0
100
AcDbLine
 10
191.38163399999914
 20
-145.52802999999915
 30
0.0
 11
190.82130999999913
 21
-145.29892199999912
 31
0.0
  0
LINE
  5
8C6
330
17
100
AcDbEntity
  8
0
100
AcDbLine
 10
190.82130999999913
 20
-145.29892199999912
 30
0.0
 11
190.25336599999915
 21
-145.06676599999915
 31
0.0
  0
LINE
  5
8C7
330
17
100
AcDbEntity
  8
0
100
AcDbLine
 10
190.25336599999915
 20
-145.06676599999915
 30
0.0
 11
189.67881799999915
 21
-144.83206999999913
 31
0.0
  0
LINE
  5
8C8
330
17
100
AcDbEntity
  8
0
100
AcDbLine
 10
189.67881799999915
 20
-144.83206999999913
 30
0.0
 11
189.09868199999914
 21
-144.59508799999915
 31
0.0
  0
LINE
  5
8C9
330
17
100
AcDbEntity
  8
0
100
AcDbLine
 10
189.09868199999914
 20
-144.59508799999915
 30
0.0
 11
188.51397399999914
 21
-144.35607399999915
 31
0.0
  0
LINE
  5
8CA
330
17
100
AcDbEntity
  8
0
100
AcDbLine
 10
188.51397399999914
 20
-144.35607399999915
 30
0.0
 11
187.92596399999914
 21
-144.11553599999914
 31
0.0
  0
LINE
  5
8CB
330
17
100
AcDbEntity
  8
0
100
AcDbLine
 10
187.92596399999914
 20
-144.11553599999914
 30
0.0
 11
187.33566799999915
 21
-143.87372799999915
 31
0.0
  0
LINE
  5
8CC
330
17
100
AcDbEntity
  8
0
100
AcDbLine
 10
187.33566799999915
 20
-143.87372799999915
 30
0.0
 11
186.74410199999915
 21
-143.63115799999912
 31
0.0
  0
LINE
  5
8CD
330
17
100
AcDbEntity
  8
0
100
AcDbLine
 10
186.74410199999915
 20
-143.63115799999912
 30
0.0
 11
186.15228199999913
 21
-143.38807999999912
 31
0.0
  0
LINE
  5
8CE
330
17
100
AcDbEntity
  8
0
100
AcDbLine
 10
186.15228199999913
 20
-143.38807999999912
 30
0.0
 11
185.56147799999914
 21
-143.14474799999914
 31
0.0
  0
LINE
  5
8CF
330
17
100
AcDbEntity
  8
0
100
AcDbLine
 10
185.56147799999914
 20
-143.14474799999914
 30
0.0
 11
184.97245199999915
 21
-142.90166999999914
 31
0.0
  0
LINE
  5
8D0
330
17
100
AcDbEntity
  8
0
100
AcDbLine
 10
184.97245199999915
 20
-142.90166999999914
 30
0.0
 11
184.38647399999914
 21
-142.65935399999915
 31
0.0
  0
LINE
  5
8D1
330
17
100
AcDbEntity
  8
0
100
AcDbLine
 10
184.38647399999914
 20
-142.65935399999915
 30
0.0
 11
183.80481399999917
 21
-142.41779999999915
 31
0.0
  0
LINE
  5
8D2
330
17
100
AcDbEntity
  8
0
100
AcDbLine
 10
183.80481399999917
 20
-142.41779999999915
 30
0.0
 11
183.22823399999916
 21
-142.17776999999913
 31
0.0
  0
LINE
  5
8D3
330
17
100
AcDbEntity
  8
0
100
AcDbLine
 10
183.22823399999916
 20
-142.17776999999913
 30
0.0
 11
182.65800399999915
 21
-141.93926399999916
 31
0.0
  0
LINE
  5
8D4
330
17
100
AcDbEntity
  8
0
100
AcDbLine
 10
182.65800399999915
 20
-141.93926399999916
 30
0.0
 11
182.09513999999916
 21
-141.70278999999914
 31
0.0
  0
LINE
  5
8D5
330
17
100
AcDbEntity
  8
0
100
AcDbLine
 10
182.09513999999916
 20
-141.70278999999914
 30
0.0
 11
181.54065799999915
 21
-141.4688559999991
 31
0.0
  0
LINE
  5
8D6
330
17
100
AcDbEntity
  8
0
100
AcDbLine
 10
181.54065799999915
 20
-141.4688559999991
 30
0.0
 11
180.99557399999918
 21
-141.23771599999912
 31
0.0
  0
LINE
  5
8D7
330
17
100
AcDbEntity
  8
0
100
AcDbLine
 10
180.99557399999918
 20
-141.23771599999912
 30
0.0
 11
180.46115799999916
 21
-141.00962399999912
 31
0.0
  0
LINE
  5
8D8
330
17
100
AcDbEntity
  8
0
100
AcDbLine
 10
180.46115799999916
 20
-141.00962399999912
 30
0.0
 11
179.93842599999917
 21
-140.78508799999912
 31
0.0
  0
LINE
  5
8D9
330
17
100
AcDbEntity
  8
0
100
AcDbLine
 10
179.93842599999917
 20
-140.78508799999912
 30
0.0
 11
179.42839399999914
 21
-140.5643619999991
 31
0.0
  0
LINE
  5
8DA
330
17
100
AcDbEntity
  8
0
100
AcDbLine
 10
179.42839399999914
 20
-140.5643619999991
 30
0.0
 11
178.93207799999917
 21
-140.34769999999912
 31
0.0
  0
LINE
  5
8DB
330
17
100
AcDbEntity
  8
0
100
AcDbLine
 10
178.93207799999917
 20
-140.34769999999912
 30
0.0
 11
178.45049399999917
 21
-140.1356099999991
 31
0.0
  0
LINE
  5
8DC
330
17
100
AcDbEntity
  8
0
100
AcDbLine
 10
178.45049399999917
 20
-140.1356099999991
 30
0.0
 11
177.98491199999918
 21
-139.9285999999991
 31
0.0
  0
LINE
  5
8DD
330
17
100
AcDbEntity
  8
0
100
AcDbLine
 10
177.98491199999918
 20
-139.9285999999991
 30
0.0
 11
177.53634799999918
 21
-139.72692399999912
 31
0.0
  0
LINE
  5
8DE
330
17
100
AcDbEntity
  8
0
100
AcDbLine
 10
177.53634799999918
 20
-139.72692399999912
 30
0.0
 11
177.10581799999918
 21
-139.53083599999908
 31
0.0
  0
LINE
  5
8DF
330
17
100
AcDbEntity
  8
0
100
AcDbLine
 10
177.10581799999918
 20
-139.53083599999908
 30
0.0
 11
176.69459199999918
 21
-139.3408439999991
 31
0.0
  0
LINE
  5
8E0
330
17
100
AcDbEntity
  8
0
100
AcDbLine
 10
176.69459199999918
 20
-139.3408439999991
 30
0.0
 11
176.3034319999992
 21
-139.1572019999991
 31
0.0
  0
LINE
  5
8E1
330
17
100
AcDbEntity
  8
0
100
AcDbLine
 10
176.3034319999992
 20
-139.1572019999991
 30
0.0
 11
175.93360799999917
 21
-138.9801639999991
 31
0.0
  0
LINE
  5
8E2
330
17
100
AcDbEntity
  8
0
100
AcDbLine
 10
175.93360799999917
 20
-138.9801639999991
 30
0.0
 11
175.58613599999916
 21
-138.8102379999991
 31
0.0
  0
LINE
  5
8E3
330
17
100
AcDbEntity
  8
0
100
AcDbLine
 10
175.58613599999916
 20
-138.8102379999991
 30
0.0
 11
175.26203199999918
 21
-138.6479319999991
 31
0.0
  0
LINE
  5
8E4
330
17
100
AcDbEntity
  8
0
100
AcDbLine
 10
175.26203199999918
 20
-138.6479319999991
 30
0.0
 11
174.96256599999919
 21
-138.4934999999991
 31
0.0
  0
LINE
  5
8E5
330
17
100
AcDbEntity
  8
0
100
AcDbLine
 10
174.96256599999919
 20
-138.4934999999991
 30
0.0
 11
174.6887539999992
 21
-138.3471959999991
 31
0.0
  0
LINE
  5
8E6
330
17
100
AcDbEntity
  8
0
100
AcDbLine
 10
174.6887539999992
 20
-138.3471959999991
 30
0.0
 11
174.4416119999992
 21
-138.2092739999991
 31
0.0
  0
LINE
  5
8E7
330
17
100
AcDbEntity
  8
0
100
AcDbLine
 10
174.4416119999992
 20
-138.2092739999991
 30
0.0
 11
174.2221559999992
 21
-138.0804959999991
 31
0.0
  0
LINE
  5
8E8
330
17
100
AcDbEntity
  8
0
100
AcDbLine
 10
174.2221559999992
 20
-138.0804959999991
 30
0.0
 11
174.0314019999992
 21
-137.9608619999991
 31
0.0
  0
LINE
  5
8E9
330
17
100
AcDbEntity
  8
0
100
AcDbLine
 10
174.0314019999992
 20
-137.9608619999991
 30
0.0
 11
173.87061999999918
 21
-137.8508799999991
 31
0.0
  0
LINE
  5
8EA
330
17
100
AcDbEntity
  8
0
100
AcDbLine
 10
173.87061999999918
 20
-137.8508799999991
 30
0.0
 11
173.7408259999992
 21
-137.7508039999991
 31
0.0
  0
LINE
  5
8EB
330
17
100
AcDbEntity
  8
0
100
AcDbLine
 10
173.7408259999992
 20
-137.7508039999991
 30
0.0
 11
173.6430359999992
 21
-137.66114199999913
 31
0.0
  0
LINE
  5
8EC
330
17
100
AcDbEntity
  8
0
100
AcDbLine
 10
173.6430359999992
 20
-137.66114199999913
 30
0.0
 11
173.5782659999992
 21
-137.5821479999991
 31
0.0
  0
LINE
  5
8ED
330
17
100
AcDbEntity
  8
0
100
AcDbLine
 10
173.5782659999992
 20
-137.5821479999991
 30
0.0
 11
173.5477859999992
 21
-137.5143299999991
 31
0.0
  0
LINE
  5
8EE
330
17
100
AcDbEntity
  8
0
100
AcDbLine
 10
173.5477859999992
 20
-137.5143299999991
 30
0.0
 11
173.5523579999992
 21
-137.4579419999991
 31
0.0
  0
LINE
  5
8EF
330
17
100
AcDbEntity
  8
0
100
AcDbLine
 10
279.0982479999992
 20
-57.843419999999114
 30
0.0
 11
279.0527819999992
 21
-58.01334599999911
 31
0.0
  0
LINE
  5
8F0
330
17
100
AcDbEntity
  8
0
100
AcDbLine
 10
279.0527819999992
 20
-58.01334599999911
 30
0.0
 11
279.0073159999992
 21
-58.183271999999114
 31
0.0
  0
LINE
  5
8F1
330
17
100
AcDbEntity
  8
0
100
AcDbLine
 10
279.0073159999992
 20
-58.183271999999114
 30
0.0
 11
278.9618499999992
 21
-58.35319799999912
 31
0.0
  0
LINE
  5
8F2
330
17
100
AcDbEntity
  8
0
100
AcDbLine
 10
278.9618499999992
 20
-58.35319799999912
 30
0.0
 11
278.91638399999914
 21
-58.52312399999912
 31
0.0
  0
LINE
  5
8F3
330
17
100
AcDbEntity
  8
0
100
AcDbLine
 10
278.91638399999914
 20
-58.52312399999912
 30
0.0
 11
278.8709179999991
 21
-58.693049999999126
 31
0.0
  0
LINE
  5
8F4
330
17
100
AcDbEntity
  8
0
100
AcDbLine
 10
278.8709179999991
 20
-58.693049999999126
 30
0.0
 11
278.8254519999991
 21
-58.86297599999913
 31
0.0
  0
LINE
  5
8F5
330
17
100
AcDbEntity
  8
0
100
AcDbLine
 10
278.8254519999991
 20
-58.86297599999913
 30
0.0
 11
278.7799859999991
 21
-59.03290199999913
 31
0.0
  0
LINE
  5
8F6
330
17
100
AcDbEntity
  8
0
100
AcDbLine
 10
278.7799859999991
 20
-59.03290199999913
 30
0.0
 11
278.73451999999907
 21
-59.20282799999913
 31
0.0
  0
LINE
  5
8F7
330
17
100
AcDbEntity
  8
0
100
AcDbLine
 10
278.73451999999907
 20
-59.20282799999913
 30
0.0
 11
278.68905399999903
 21
-59.372753999999134
 31
0.0
  0
LINE
  5
8F8
330
17
100
AcDbEntity
  8
0
100
AcDbLine
 10
278.68905399999903
 20
-59.372753999999134
 30
0.0
 11
278.643587999999
 21
-59.54267999999914
 31
0.0
  0
LINE
  5
8F9
330
17
100
AcDbEntity
  8
0
100
AcDbLine
 10
278.643587999999
 20
-59.54267999999914
 30
0.0
 11
278.59812199999897
 21
-59.71260599999914
 31
0.0
  0
LINE
  5
8FA
330
17
100
AcDbEntity
  8
0
100
AcDbLine
 10
278.59812199999897
 20
-59.71260599999914
 30
0.0
 11
278.55265599999893
 21
-59.882531999999145
 31
0.0
  0
LINE
  5
8FB
330
17
100
AcDbEntity
  8
0
100
AcDbLine
 10
278.55265599999893
 20
-59.882531999999145
 30
0.0
 11
278.50718999999896
 21
-60.05245799999915
 31
0.0
  0
LINE
  5
8FC
330
17
100
AcDbEntity
  8
0
100
AcDbLine
 10
278.50718999999896
 20
-60.05245799999915
 30
0.0
 11
278.4617239999989
 21
-60.22238399999915
 31
0.0
  0
LINE
  5
8FD
330
17
100
AcDbEntity
  8
0
100
AcDbLine
 10
278.4617239999989
 20
-60.22238399999915
 30
0.0
 11
278.4162579999989
 21
-60.39230999999915
 31
0.0
  0
LINE
  5
8FE
330
17
100
AcDbEntity
  8
0
100
AcDbLine
 10
278.4162579999989
 20
-60.39230999999915
 30
0.0
 11
278.37079199999886
 21
-60.56223599999915
 31
0.0
  0
LINE
  5
8FF
330
17
100
AcDbEntity
  8
0
100
AcDbLine
 10
278.37079199999886
 20
-60.56223599999915
 30
0.0
 11
278.3253259999988
 21
-60.73216199999916
 31
0.0
  0
LINE
  5
900
330
17
100
AcDbEntity
  8
0
100
AcDbLine
 10
278.3253259999988
 20
-60.73216199999916
 30
0.0
 11
278.27985999999885
 21
-60.90208799999916
 31
0.0
  0
LINE
  5
901
330
17
100
AcDbEntity
  8
0
100
AcDbLine
 10
278.27985999999885
 20
-60.90208799999916
 30
0.0
 11
278.2343939999988
 21
-61.072013999999164
 31
0.0
  0
LINE
  5
902
330
17
100
AcDbEntity
  8
0
100
AcDbLine
 10
278.2343939999988
 20
-61.072013999999164
 30
0.0
 11
278.1889279999988
 21
-61.24193999999917
 31
0.0
  0
LINE
  5
903
330
17
100
AcDbEntity
  8
0
100
AcDbLine
 10
278.1889279999988
 20
-61.24193999999917
 30
0.0
 11
278.14346199999875
 21
-61.41186599999917
 31
0.0
  0
LINE
  5
904
330
17
100
AcDbEntity
  8
0
100
AcDbLine
 10
278.14346199999875
 20
-61.41186599999917
 30
0.0
 11
278.0979959999987
 21
-61.581791999999176
 31
0.0
  0
LINE
  5
905
330
17
100
AcDbEntity
  8
0
100
AcDbLine
 10
278.0979959999987
 20
-61.581791999999176
 30
0.0
 11
278.05252999999874
 21
-61.75171799999917
 31
0.0
  0
LINE
  5
906
330
17
100
AcDbEntity
  8
0
100
AcDbLine
 10
278.05252999999874
 20
-61.75171799999917
 30
0.0
 11
278.0070639999987
 21
-61.921643999999176
 31
0.0
  0
LINE
  5
907
330
17
100
AcDbEntity
  8
0
100
AcDbLine
 10
278.0070639999987
 20
-61.921643999999176
 30
0.0
 11
277.9615979999987
 21
-62.09156999999918
 31
0.0
  0
LINE
  5
908
330
17
100
AcDbEntity
  8
0
100
AcDbLine
 10
277.9615979999987
 20
-62.09156999999918
 30
0.0
 11
277.91613199999864
 21
-62.261495999999184
 31
0.0
  0
LINE
  5
909
330
17
100
AcDbEntity
  8
0
100
AcDbLine
 10
277.91613199999864
 20
-62.261495999999184
 30
0.0
 11
277.8706659999986
 21
-62.43142199999919
 31
0.0
  0
LINE
  5
90A
330
17
100
AcDbEntity
  8
0
100
AcDbLine
 10
277.8706659999986
 20
-62.43142199999919
 30
0.0
 11
277.82519999999863
 21
-62.60134799999919
 31
0.0
  0
LINE
  5
90B
330
17
100
AcDbEntity
  8
0
100
AcDbLine
 10
277.82519999999863
 20
-62.60134799999919
 30
0.0
 11
277.7797339999986
 21
-62.771273999999195
 31
0.0
  0
LINE
  5
90C
330
17
100
AcDbEntity
  8
0
100
AcDbLine
 10
277.7797339999986
 20
-62.771273999999195
 30
0.0
 11
277.73426799999856
 21
-62.94119999999919
 31
0.0
  0
LINE
  5
90D
330
17
100
AcDbEntity
  8
0
100
AcDbLine
 10
277.73426799999856
 20
-62.94119999999919
 30
0.0
 11
277.68880199999853
 21
-63.111125999999196
 31
0.0
  0
LINE
  5
90E
330
17
100
AcDbEntity
  8
0
100
AcDbLine
 10
277.68880199999853
 20
-63.111125999999196
 30
0.0
 11
277.6433359999985
 21
-63.2810519999992
 31
0.0
  0
LINE
  5
90F
330
17
100
AcDbEntity
  8
0
100
AcDbLine
 10
277.6433359999985
 20
-63.2810519999992
 30
0.0
 11
277.5978699999985
 21
-63.4509779999992
 31
0.0
  0
LINE
  5
910
330
17
100
AcDbEntity
  8
0
100
AcDbLine
 10
277.5978699999985
 20
-63.4509779999992
 30
0.0
 11
277.5524039999985
 21
-63.62090399999921
 31
0.0
  0
LINE
  5
911
330
17
100
AcDbEntity
  8
0
100
AcDbLine
 10
277.5524039999985
 20
-63.62090399999921
 30
0.0
 11
277.50693799999846
 21
-63.79082999999921
 31
0.0
  0
LINE
  5
912
330
17
100
AcDbEntity
  8
0
100
AcDbLine
 10
277.50693799999846
 20
-63.79082999999921
 30
0.0
 11
277.4614719999984
 21
-63.960755999999215
 31
0.0
  0
LINE
  5
913
330
17
100
AcDbEntity
  8
0
100
AcDbLine
 10
277.4614719999984
 20
-63.960755999999215
 30
0.0
 11
277.4160059999984
 21
-64.13068199999921
 31
0.0
  0
LINE
  5
914
330
17
100
AcDbEntity
  8
0
100
AcDbLine
 10
277.4160059999984
 20
-64.13068199999921
 30
0.0
 11
277.37053999999836
 21
-64.30060799999922
 31
0.0
  0
LINE
  5
915
330
17
100
AcDbEntity
  8
0
100
AcDbLine
 10
277.37053999999836
 20
-64.30060799999922
 30
0.0
 11
277.3250739999984
 21
-64.47053399999922
 31
0.0
  0
LINE
  5
916
330
17
100
AcDbEntity
  8
0
100
AcDbLine
 10
277.3250739999984
 20
-64.47053399999922
 30
0.0
 11
277.27960799999835
 21
-64.64045999999922
 31
0.0
  0
LINE
  5
917
330
17
100
AcDbEntity
  8
0
100
AcDbLine
 10
277.27960799999835
 20
-64.64045999999922
 30
0.0
 11
277.2341419999983
 21
-64.81038599999923
 31
0.0
  0
LINE
  5
918
330
17
100
AcDbEntity
  8
0
100
AcDbLine
 10
277.2341419999983
 20
-64.81038599999923
 30
0.0
 11
277.1886759999983
 21
-64.98031199999923
 31
0.0
  0
LINE
  5
919
330
17
100
AcDbEntity
  8
0
100
AcDbLine
 10
277.1886759999983
 20
-64.98031199999923
 30
0.0
 11
277.14320999999825
 21
-65.15023799999922
 31
0.0
  0
LINE
  5
91A
330
17
100
AcDbEntity
  8
0
100
AcDbLine
 10
277.14320999999825
 20
-65.15023799999922
 30
0.0
 11
277.0977439999983
 21
-65.32016399999922
 31
0.0
  0
LINE
  5
91B
330
17
100
AcDbEntity
  8
0
100
AcDbLine
 10
277.0977439999983
 20
-65.32016399999922
 30
0.0
 11
277.05227799999824
 21
-65.49008999999921
 31
0.0
  0
LINE
  5
91C
330
17
100
AcDbEntity
  8
0
100
AcDbLine
 10
277.05227799999824
 20
-65.49008999999921
 30
0.0
 11
277.0068119999982
 21
-65.66001599999922
 31
0.0
  0
LINE
  5
91D
330
17
100
AcDbEntity
  8
0
100
AcDbLine
 10
277.0068119999982
 20
-65.66001599999922
 30
0.0
 11
276.9613459999982
 21
-65.8299419999992
 31
0.0
  0
LINE
  5
91E
330
17
100
AcDbEntity
  8
0
100
AcDbLine
 10
276.9613459999982
 20
-65.8299419999992
 30
0.0
 11
276.91587999999814
 21
-65.9998679999992
 31
0.0
  0
LINE
  5
91F
330
17
100
AcDbEntity
  8
0
100
AcDbLine
 10
276.91587999999814
 20
-65.9998679999992
 30
0.0
 11
276.87041399999816
 21
-66.1697939999992
 31
0.0
  0
LINE
  5
920
330
17
100
AcDbEntity
  8
0
100
AcDbLine
 10
276.87041399999816
 20
-66.1697939999992
 30
0.0
 11
276.82494799999813
 21
-66.33971999999919
 31
0.0
  0
LINE
  5
921
330
17
100
AcDbEntity
  8
0
100
AcDbLine
 10
276.82494799999813
 20
-66.33971999999919
 30
0.0
 11
276.7794819999981
 21
-66.5096459999992
 31
0.0
  0
LINE
  5
922
330
17
100
AcDbEntity
  8
0
100
AcDbLine
 10
276.7794819999981
 20
-66.5096459999992
 30
0.0
 11
276.73401599999806
 21
-66.67957199999918
 31
0.0
  0
LINE
  5
923
330
17
100
AcDbEntity
  8
0
100
AcDbLine
 10
276.73401599999806
 20
-66.67957199999918
 30
0.0
 11
276.68854999999803
 21
-66.84949799999919
 31
0.0
  0
LINE
  5
924
330
17
100
AcDbEntity
  8
0
100
AcDbLine
 10
276.68854999999803
 20
-66.84949799999919
 30
0.0
 11
276.64308399999805
 21
-67.01942399999918
 31
0.0
  0
LINE
  5
925
330
17
100
AcDbEntity
  8
0
100
AcDbLine
 10
276.64308399999805
 20
-67.01942399999918
 30
0.0
 11
276.597617999998
 21
-67.18934999999917
 31
0.0
  0
LINE
  5
926
330
17
100
AcDbEntity
  8
0
100
AcDbLine
 10
276.597617999998
 20
-67.18934999999917
 30
0.0
 11
276.552151999998
 21
-67.35927599999917
 31
0.0
  0
LINE
  5
927
330
17
100
AcDbEntity
  8
0
100
AcDbLine
 10
276.552151999998
 20
-67.35927599999917
 30
0.0
 11
276.50668599999796
 21
-67.52920199999916
 31
0.0
  0
LINE
  5
928
330
17
100
AcDbEntity
  8
0
100
AcDbLine
 10
276.50668599999796
 20
-67.52920199999916
 30
0.0
 11
276.4612199999979
 21
-67.69912799999916
 31
0.0
  0
LINE
  5
929
330
17
100
AcDbEntity
  8
0
100
AcDbLine
 10
276.4612199999979
 20
-67.69912799999916
 30
0.0
 11
276.41575399999795
 21
-67.86905399999915
 31
0.0
  0
LINE
  5
92A
330
17
100
AcDbEntity
  8
0
100
AcDbLine
 10
276.41575399999795
 20
-67.86905399999915
 30
0.0
 11
276.3702879999979
 21
-68.03897999999916
 31
0.0
  0
LINE
  5
92B
330
17
100
AcDbEntity
  8
0
100
AcDbLine
 10
276.3702879999979
 20
-68.03897999999916
 30
0.0
 11
276.3248219999979
 21
-68.20890599999915
 31
0.0
  0
LINE
  5
92C
330
17
100
AcDbEntity
  8
0
100
AcDbLine
 10
276.3248219999979
 20
-68.20890599999915
 30
0.0
 11
276.27935599999785
 21
-68.37883199999914
 31
0.0
  0
LINE
  5
92D
330
17
100
AcDbEntity
  8
0
100
AcDbLine
 10
276.27935599999785
 20
-68.37883199999914
 30
0.0
 11
276.2338899999978
 21
-68.54875799999914
 31
0.0
  0
LINE
  5
92E
330
17
100
AcDbEntity
  8
0
100
AcDbLine
 10
276.2338899999978
 20
-68.54875799999914
 30
0.0
 11
276.1884239999978
 21
-68.71868399999913
 31
0.0
  0
LINE
  5
92F
330
17
100
AcDbEntity
  8
0
100
AcDbLine
 10
276.1884239999978
 20
-68.71868399999913
 30
0.0
 11
276.4038159999978
 21
-68.71868399999913
 31
0.0
  0
LINE
  5
930
330
17
100
AcDbEntity
  8
0
100
AcDbLine
 10
276.4038159999978
 20
-68.71868399999913
 30
0.0
 11
276.6192079999978
 21
-68.71868399999913
 31
0.0
  0
LINE
  5
931
330
17
100
AcDbEntity
  8
0
100
AcDbLine
 10
276.6192079999978
 20
-68.71868399999913
 30
0.0
 11
276.83459999999775
 21
-68.71868399999913
 31
0.0
  0
LINE
  5
932
330
17
100
AcDbEntity
  8
0
100
AcDbLine
 10
276.83459999999775
 20
-68.71868399999913
 30
0.0
 11
277.04999199999776
 21
-68.71868399999913
 31
0.0
  0
LINE
  5
933
330
17
100
AcDbEntity
  8
0
100
AcDbLine
 10
277.04999199999776
 20
-68.71868399999913
 30
0.0
 11
277.26538399999777
 21
-68.71868399999913
 31
0.0
  0
LINE
  5
934
330
17
100
AcDbEntity
  8
0
100
AcDbLine
 10
277.26538399999777
 20
-68.71868399999913
 30
0.0
 11
277.4807759999977
 21
-68.71868399999913
 31
0.0
  0
LINE
  5
935
330
17
100
AcDbEntity
  8
0
100
AcDbLine
 10
277.4807759999977
 20
-68.71868399999913
 30
0.0
 11
277.6961679999977
 21
-68.71868399999913
 31
0.0
  0
LINE
  5
936
330
17
100
AcDbEntity
  8
0
100
AcDbLine
 10
277.6961679999977
 20
-68.71868399999913
 30
0.0
 11
277.91155999999773
 21
-68.71868399999913
 31
0.0
  0
LINE
  5
937
330
17
100
AcDbEntity
  8
0
100
AcDbLine
 10
277.91155999999773
 20
-68.71868399999913
 30
0.0
 11
278.1269519999977
 21
-68.71868399999913
 31
0.0
  0
LINE
  5
938
330
17
100
AcDbEntity
  8
0
100
AcDbLine
 10
278.1269519999977
 20
-68.71868399999913
 30
0.0
 11
278.3423439999977
 21
-68.71868399999913
 31
0.0
  0
LINE
  5
939
330
17
100
AcDbEntity
  8
0
100
AcDbLine
 10
278.3423439999977
 20
-68.71868399999913
 30
0.0
 11
278.5577359999977
 21
-68.71868399999913
 31
0.0
  0
LINE
  5
93A
330
17
100
AcDbEntity
  8
0
100
AcDbLine
 10
278.5577359999977
 20
-68.71868399999913
 30
0.0
 11
278.77312799999766
 21
-68.71868399999913
 31
0.0
  0
LINE
  5
93B
330
17
100
AcDbEntity
  8
0
100
AcDbLine
 10
278.77312799999766
 20
-68.71868399999913
 30
0.0
 11
278.98851999999766
 21
-68.71868399999913
 31
0.0
  0
LINE
  5
93C
330
17
100
AcDbEntity
  8
0
100
AcDbLine
 10
278.98851999999766
 20
-68.71868399999913
 30
0.0
 11
279.2039119999977
 21
-68.71868399999913
 31
0.0
  0
LINE
  5
93D
330
17
100
AcDbEntity
  8
0
100
AcDbLine
 10
279.2039119999977
 20
-68.71868399999913
 30
0.0
 11
279.4193039999976
 21
-68.71868399999913
 31
0.0
  0
LINE
  5
93E
330
17
100
AcDbEntity
  8
0
100
AcDbLine
 10
279.4193039999976
 20
-68.71868399999913
 30
0.0
 11
279.63469599999763
 21
-68.71868399999913
 31
0.0
  0
LINE
  5
93F
330
17
100
AcDbEntity
  8
0
100
AcDbLine
 10
279.63469599999763
 20
-68.71868399999913
 30
0.0
 11
279.85008799999764
 21
-68.71868399999913
 31
0.0
  0
LINE
  5
940
330
17
100
AcDbEntity
  8
0
100
AcDbLine
 10
279.85008799999764
 20
-68.71868399999913
 30
0.0
 11
280.0654799999976
 21
-68.71868399999913
 31
0.0
  0
LINE
  5
941
330
17
100
AcDbEntity
  8
0
100
AcDbLine
 10
280.0654799999976
 20
-68.71868399999913
 30
0.0
 11
280.2808719999976
 21
-68.71868399999913
 31
0.0
  0
LINE
  5
942
330
17
100
AcDbEntity
  8
0
100
AcDbLine
 10
280.2808719999976
 20
-68.71868399999913
 30
0.0
 11
280.4962639999976
 21
-68.71868399999913
 31
0.0
  0
LINE
  5
943
330
17
100
AcDbEntity
  8
0
100
AcDbLine
 10
280.4962639999976
 20
-68.71868399999913
 30
0.0
 11
280.71165599999756
 21
-68.71868399999913
 31
0.0
  0
LINE
  5
944
330
17
100
AcDbEntity
  8
0
100
AcDbLine
 10
280.71165599999756
 20
-68.71868399999913
 30
0.0
 11
280.92704799999757
 21
-68.71868399999913
 31
0.0
  0
LINE
  5
945
330
17
100
AcDbEntity
  8
0
100
AcDbLine
 10
280.92704799999757
 20
-68.71868399999913
 30
0.0
 11
281.1424399999976
 21
-68.71868399999913
 31
0.0
  0
LINE
  5
946
330
17
100
AcDbEntity
  8
0
100
AcDbLine
 10
281.1424399999976
 20
-68.71868399999913
 30
0.0
 11
281.35783199999753
 21
-68.71868399999913
 31
0.0
  0
LINE
  5
947
330
17
100
AcDbEntity
  8
0
100
AcDbLine
 10
281.35783199999753
 20
-68.71868399999913
 30
0.0
 11
281.57322399999754
 21
-68.71868399999913
 31
0.0
  0
LINE
  5
948
330
17
100
AcDbEntity
  8
0
100
AcDbLine
 10
281.57322399999754
 20
-68.71868399999913
 30
0.0
 11
281.78861599999755
 21
-68.71868399999913
 31
0.0
  0
LINE
  5
949
330
17
100
AcDbEntity
  8
0
100
AcDbLine
 10
281.78861599999755
 20
-68.71868399999913
 30
0.0
 11
282.0040079999975
 21
-68.71868399999913
 31
0.0
  0
LINE
  5
94A
330
17
100
AcDbEntity
  8
0
100
AcDbLine
 10
282.0040079999975
 20
-68.71868399999913
 30
0.0
 11
282.2193999999975
 21
-68.71868399999913
 31
0.0
  0
LINE
  5
94B
330
17
100
AcDbEntity
  8
0
100
AcDbLine
 10
282.2193999999975
 20
-68.71868399999913
 30
0.0
 11
282.4347919999975
 21
-68.71868399999913
 31
0.0
  0
LINE
  5
94C
330
17
100
AcDbEntity
  8
0
100
AcDbLine
 10
282.4347919999975
 20
-68.71868399999913
 30
0.0
 11
282.65018399999747
 21
-68.71868399999913
 31
0.0
  0
LINE
  5
94D
330
17
100
AcDbEntity
  8
0
100
AcDbLine
 10
282.65018399999747
 20
-68.71868399999913
 30
0.0
 11
282.8655759999975
 21
-68.71868399999913
 31
0.0
  0
LINE
  5
94E
330
17
100
AcDbEntity
  8
0
100
AcDbLine
 10
282.8655759999975
 20
-68.71868399999913
 30
0.0
 11
283.0809679999974
 21
-68.71868399999913
 31
0.0
  0
LINE
  5
94F
330
17
100
AcDbEntity
  8
0
100
AcDbLine
 10
283.0809679999974
 20
-68.71868399999913
 30
0.0
 11
283.29635999999743
 21
-68.71868399999913
 31
0.0
  0
LINE
  5
950
330
17
100
AcDbEntity
  8
0
100
AcDbLine
 10
283.29635999999743
 20
-68.71868399999913
 30
0.0
 11
283.51175199999744
 21
-68.71868399999913
 31
0.0
  0
LINE
  5
951
330
17
100
AcDbEntity
  8
0
100
AcDbLine
 10
283.51175199999744
 20
-68.71868399999913
 30
0.0
 11
283.7271439999974
 21
-68.71868399999913
 31
0.0
  0
LINE
  5
952
330
17
100
AcDbEntity
  8
0
100
AcDbLine
 10
283.7271439999974
 20
-68.71868399999913
 30
0.0
 11
283.9425359999974
 21
-68.71868399999913
 31
0.0
  0
LINE
  5
953
330
17
100
AcDbEntity
  8
0
100
AcDbLine
 10
283.9425359999974
 20
-68.71868399999913
 30
0.0
 11
284.1579279999974
 21
-68.71868399999913
 31
0.0
  0
LINE
  5
954
330
17
100
AcDbEntity
  8
0
100
AcDbLine
 10
284.1579279999974
 20
-68.71868399999913
 30
0.0
 11
284.37331999999736
 21
-68.71868399999913
 31
0.0
  0
LINE
  5
955
330
17
100
AcDbEntity
  8
0
100
AcDbLine
 10
284.37331999999736
 20
-68.71868399999913
 30
0.0
 11
284.5887119999974
 21
-68.71868399999913
 31
0.0
  0
LINE
  5
956
330
17
100
AcDbEntity
  8
0
100
AcDbLine
 10
284.5887119999974
 20
-68.71868399999913
 30
0.0
 11
284.8041039999974
 21
-68.71868399999913
 31
0.0
  0
LINE
  5
957
330
17
100
AcDbEntity
  8
0
100
AcDbLine
 10
284.8041039999974
 20
-68.71868399999913
 30
0.0
 11
285.01949599999733
 21
-68.71868399999913
 31
0.0
  0
LINE
  5
958
330
17
100
AcDbEntity
  8
0
100
AcDbLine
 10
285.01949599999733
 20
-68.71868399999913
 30
0.0
 11
285.23488799999734
 21
-68.71868399999913
 31
0.0
  0
LINE
  5
959
330
17
100
AcDbEntity
  8
0
100
AcDbLine
 10
285.23488799999734
 20
-68.71868399999913
 30
0.0
 11
285.45027999999735
 21
-68.71868399999913
 31
0.0
  0
LINE
  5
95A
330
17
100
AcDbEntity
  8
0
100
AcDbLine
 10
285.45027999999735
 20
-68.71868399999913
 30
0.0
 11
285.6656719999973
 21
-68.71868399999913
 31
0.0
  0
LINE
  5
95B
330
17
100
AcDbEntity
  8
0
100
AcDbLine
 10
285.6656719999973
 20
-68.71868399999913
 30
0.0
 11
285.8810639999973
 21
-68.71868399999913
 31
0.0
  0
LINE
  5
95C
330
17
100
AcDbEntity
  8
0
100
AcDbLine
 10
285.8810639999973
 20
-68.71868399999913
 30
0.0
 11
286.0964559999973
 21
-68.71868399999913
 31
0.0
  0
LINE
  5
95D
330
17
100
AcDbEntity
  8
0
100
AcDbLine
 10
286.0964559999973
 20
-68.71868399999913
 30
0.0
 11
286.31184799999727
 21
-68.71868399999913
 31
0.0
  0
LINE
  5
95E
330
17
100
AcDbEntity
  8
0
100
AcDbLine
 10
286.31184799999727
 20
-68.71868399999913
 30
0.0
 11
286.5272399999973
 21
-68.71868399999913
 31
0.0
  0
LINE
  5
95F
330
17
100
AcDbEntity
  8
0
100
AcDbLine
 10
286.5272399999973
 20
-68.71868399999913
 30
0.0
 11
286.7426319999973
 21
-68.71868399999913
 31
0.0
  0
LINE
  5
960
330
17
100
AcDbEntity
  8
0
100
AcDbLine
 10
286.7426319999973
 20
-68.71868399999913
 30
0.0
 11
286.95802399999724
 21
-68.71868399999913
 31
0.0
  0
LINE
  5
961
330
17
100
AcDbEntity
  8
0
100
AcDbLine
 10
286.95802399999724
 20
-68.71868399999913
 30
0.0
 11
287.17341599999725
 21
-68.71868399999913
 31
0.0
  0
LINE
  5
962
330
17
100
AcDbEntity
  8
0
100
AcDbLine
 10
287.17341599999725
 20
-68.71868399999913
 30
0.0
 11
287.38880799999725
 21
-68.71868399999913
 31
0.0
  0
LINE
  5
963
330
17
100
AcDbEntity
  8
0
100
AcDbLine
 10
287.38880799999725
 20
-68.71868399999913
 30
0.0
 11
287.6041999999972
 21
-68.71868399999913
 31
0.0
  0
LINE
  5
964
330
17
100
AcDbEntity
  8
0
100
AcDbLine
 10
287.6041999999972
 20
-68.71868399999913
 30
0.0
 11
287.8195919999972
 21
-68.71868399999913
 31
0.0
  0
LINE
  5
965
330
17
100
AcDbEntity
  8
0
100
AcDbLine
 10
287.8195919999972
 20
-68.71868399999913
 30
0.0
 11
288.0349839999972
 21
-68.71868399999913
 31
0.0
  0
LINE
  5
966
330
17
100
AcDbEntity
  8
0
100
AcDbLine
 10
288.0349839999972
 20
-68.71868399999913
 30
0.0
 11
288.2503759999972
 21
-68.71868399999913
 31
0.0
  0
LINE
  5
967
330
17
100
AcDbEntity
  8
0
100
AcDbLine
 10
288.2503759999972
 20
-68.71868399999913
 30
0.0
 11
288.4657679999972
 21
-68.71868399999913
 31
0.0
  0
LINE
  5
968
330
17
100
AcDbEntity
  8
0
100
AcDbLine
 10
288.4657679999972
 20
-68.71868399999913
 30
0.0
 11
288.6811599999972
 21
-68.71868399999913
 31
0.0
  0
LINE
  5
969
330
17
100
AcDbEntity
  8
0
100
AcDbLine
 10
288.6811599999972
 20
-68.71868399999913
 30
0.0
 11
288.89655199999714
 21
-68.71868399999913
 31
0.0
  0
LINE
  5
96A
330
17
100
AcDbEntity
  8
0
100
AcDbLine
 10
288.89655199999714
 20
-68.71868399999913
 30
0.0
 11
289.11194399999715
 21
-68.71868399999913
 31
0.0
  0
LINE
  5
96B
330
17
100
AcDbEntity
  8
0
100
AcDbLine
 10
289.11194399999715
 20
-68.71868399999913
 30
0.0
 11
289.3273359999971
 21
-68.71868399999913
 31
0.0
  0
LINE
  5
96C
330
17
100
AcDbEntity
  8
0
100
AcDbLine
 10
289.3273359999971
 20
-68.71868399999913
 30
0.0
 11
289.5427279999971
 21
-68.71868399999913
 31
0.0
  0
LINE
  5
96D
330
17
100
AcDbEntity
  8
0
100
AcDbLine
 10
289.5427279999971
 20
-68.71868399999913
 30
0.0
 11
289.7581199999971
 21
-68.71868399999913
 31
0.0
  0
LINE
  5
96E
330
17
100
AcDbEntity
  8
0
100
AcDbLine
 10
289.7581199999971
 20
-68.71868399999913
 30
0.0
 11
289.9735119999971
 21
-68.71868399999913
 31
0.0
  0
LINE
  5
96F
330
17
100
AcDbEntity
  8
0
100
AcDbLine
 10
289.9735119999971
 20
-68.71868399999913
 30
0.0
 11
289.9732579999971
 21
-68.55409199999913
 31
0.0
  0
LINE
  5
970
330
17
100
AcDbEntity
  8
0
100
AcDbLine
 10
289.9732579999971
 20
-68.55409199999913
 30
0.0
 11
289.9730039999971
 21
-68.38949999999912
 31
0.0
  0
LINE
  5
971
330
17
100
AcDbEntity
  8
0
100
AcDbLine
 10
289.9730039999971
 20
-68.38949999999912
 30
0.0
 11
289.9727499999971
 21
-68.22490799999912
 31
0.0
  0
LINE
  5
972
330
17
100
AcDbEntity
  8
0
100
AcDbLine
 10
289.9727499999971
 20
-68.22490799999912
 30
0.0
 11
289.97249599999714
 21
-68.0603159999991
 31
0.0
  0
LINE
  5
973
330
17
100
AcDbEntity
  8
0
100
AcDbLine
 10
289.97249599999714
 20
-68.0603159999991
 30
0.0
 11
289.97224199999715
 21
-67.8957239999991
 31
0.0
  0
LINE
  5
974
330
17
100
AcDbEntity
  8
0
100
AcDbLine
 10
289.97224199999715
 20
-67.8957239999991
 30
0.0
 11
289.9719879999971
 21
-67.73113199999909
 31
0.0
  0
LINE
  5
975
330
17
100
AcDbEntity
  8
0
100
AcDbLine
 10
289.9719879999971
 20
-67.73113199999909
 30
0.0
 11
289.9717339999971
 21
-67.5665399999991
 31
0.0
  0
LINE
  5
976
330
17
100
AcDbEntity
  8
0
100
AcDbLine
 10
289.9717339999971
 20
-67.5665399999991
 30
0.0
 11
289.97147999999714
 21
-67.40194799999908
 31
0.0
  0
LINE
  5
977
330
17
100
AcDbEntity
  8
0
100
AcDbLine
 10
289.97147999999714
 20
-67.40194799999908
 30
0.0
 11
289.97122599999716
 21
-67.23735599999908
 31
0.0
  0
LINE
  5
978
330
17
100
AcDbEntity
  8
0
100
AcDbLine
 10
289.97122599999716
 20
-67.23735599999908
 30
0.0
 11
289.9709719999972
 21
-67.07276399999907
 31
0.0
  0
LINE
  5
979
330
17
100
AcDbEntity
  8
0
100
AcDbLine
 10
289.9709719999972
 20
-67.07276399999907
 30
0.0
 11
289.9707179999972
 21
-66.90817199999907
 31
0.0
  0
LINE
  5
97A
330
17
100
AcDbEntity
  8
0
100
AcDbLine
 10
289.9707179999972
 20
-66.90817199999907
 30
0.0
 11
289.97046399999715
 21
-66.74357999999906
 31
0.0
  0
LINE
  5
97B
330
17
100
AcDbEntity
  8
0
100
AcDbLine
 10
289.97046399999715
 20
-66.74357999999906
 30
0.0
 11
289.97020999999717
 21
-66.57898799999906
 31
0.0
  0
LINE
  5
97C
330
17
100
AcDbEntity
  8
0
100
AcDbLine
 10
289.97020999999717
 20
-66.57898799999906
 30
0.0
 11
289.9699559999972
 21
-66.41439599999904
 31
0.0
  0
LINE
  5
97D
330
17
100
AcDbEntity
  8
0
100
AcDbLine
 10
289.9699559999972
 20
-66.41439599999904
 30
0.0
 11
289.9697019999972
 21
-66.24980399999905
 31
0.0
  0
LINE
  5
97E
330
17
100
AcDbEntity
  8
0
100
AcDbLine
 10
289.9697019999972
 20
-66.24980399999905
 30
0.0
 11
289.9694479999972
 21
-66.08521199999903
 31
0.0
  0
LINE
  5
97F
330
17
100
AcDbEntity
  8
0
100
AcDbLine
 10
289.9694479999972
 20
-66.08521199999903
 30
0.0
 11
289.9691939999972
 21
-65.92061999999903
 31
0.0
  0
LINE
  5
980
330
17
100
AcDbEntity
  8
0
100
AcDbLine
 10
289.9691939999972
 20
-65.92061999999903
 30
0.0
 11
289.9689399999972
 21
-65.75602799999902
 31
0.0
  0
LINE
  5
981
330
17
100
AcDbEntity
  8
0
100
AcDbLine
 10
289.9689399999972
 20
-65.75602799999902
 30
0.0
 11
289.9686859999972
 21
-65.59143599999902
 31
0.0
  0
LINE
  5
982
330
17
100
AcDbEntity
  8
0
100
AcDbLine
 10
289.9686859999972
 20
-65.59143599999902
 30
0.0
 11
289.9684319999972
 21
-65.42684399999901
 31
0.0
  0
LINE
  5
983
330
17
100
AcDbEntity
  8
0
100
AcDbLine
 10
289.9684319999972
 20
-65.42684399999901
 30
0.0
 11
289.96817799999724
 21
-65.262251999999
 31
0.0
  0
LINE
  5
984
330
17
100
AcDbEntity
  8
0
100
AcDbLine
 10
289.96817799999724
 20
-65.262251999999
 30
0.0
 11
289.96792399999725
 21
-65.097659999999
 31
0.0
  0
LINE
  5
985
330
17
100
AcDbEntity
  8
0
100
AcDbLine
 10
289.96792399999725
 20
-65.097659999999
 30
0.0
 11
289.9676699999972
 21
-64.933067999999
 31
0.0
  0
LINE
  5
986
330
17
100
AcDbEntity
  8
0
100
AcDbLine
 10
289.9676699999972
 20
-64.933067999999
 30
0.0
 11
289.96741599999723
 21
-64.768475999999
 31
0.0
  0
LINE
  5
987
330
17
100
AcDbEntity
  8
0
100
AcDbLine
 10
289.96741599999723
 20
-64.768475999999
 30
0.0
 11
289.96716199999724
 21
-64.603883999999
 31
0.0
  0
LINE
  5
988
330
17
100
AcDbEntity
  8
0
100
AcDbLine
 10
289.96716199999724
 20
-64.603883999999
 30
0.0
 11
289.96690799999726
 21
-64.439291999999
 31
0.0
  0
LINE
  5
989
330
17
100
AcDbEntity
  8
0
100
AcDbLine
 10
289.96690799999726
 20
-64.439291999999
 30
0.0
 11
289.9666539999973
 21
-64.274699999999
 31
0.0
  0
LINE
  5
98A
330
17
100
AcDbEntity
  8
0
100
AcDbLine
 10
289.9666539999973
 20
-64.274699999999
 30
0.0
 11
289.9663999999973
 21
-64.110107999999
 31
0.0
  0
LINE
  5
98B
330
17
100
AcDbEntity
  8
0
100
AcDbLine
 10
289.9663999999973
 20
-64.110107999999
 30
0.0
 11
289.96614599999725
 21
-63.945515999999
 31
0.0
  0
LINE
  5
98C
330
17
100
AcDbEntity
  8
0
100
AcDbLine
 10
289.96614599999725
 20
-63.945515999999
 30
0.0
 11
289.96589199999727
 21
-63.780923999999004
 31
0.0
  0
LINE
  5
98D
330
17
100
AcDbEntity
  8
0
100
AcDbLine
 10
289.96589199999727
 20
-63.780923999999004
 30
0.0
 11
289.9656379999973
 21
-63.616331999999005
 31
0.0
  0
LINE
  5
98E
330
17
100
AcDbEntity
  8
0
100
AcDbLine
 10
289.9656379999973
 20
-63.616331999999005
 30
0.0
 11
289.9653839999973
 21
-63.451739999999006
 31
0.0
  0
LINE
  5
98F
330
17
100
AcDbEntity
  8
0
100
AcDbLine
 10
289.9653839999973
 20
-63.451739999999006
 30
0.0
 11
289.9651299999973
 21
-63.28714799999901
 31
0.0
  0
LINE
  5
990
330
17
100
AcDbEntity
  8
0
100
AcDbLine
 10
289.9651299999973
 20
-63.28714799999901
 30
0.0
 11
289.9648759999973
 21
-63.12255599999901
 31
0.0
  0
LINE
  5
991
330
17
100
AcDbEntity
  8
0
100
AcDbLine
 10
289.9648759999973
 20
-63.12255599999901
 30
0.0
 11
289.9646219999973
 21
-62.95796399999901
 31
0.0
  0
LINE
  5
992
330
17
100
AcDbEntity
  8
0
100
AcDbLine
 10
289.9646219999973
 20
-62.95796399999901
 30
0.0
 11
289.9643679999973
 21
-62.79337199999901
 31
0.0
  0
LINE
  5
993
330
17
100
AcDbEntity
  8
0
100
AcDbLine
 10
289.9643679999973
 20
-62.79337199999901
 30
0.0
 11
289.9641139999973
 21
-62.62877999999901
 31
0.0
  0
LINE
  5
994
330
17
100
AcDbEntity
  8
0
100
AcDbLine
 10
289.9641139999973
 20
-62.62877999999901
 30
0.0
 11
289.96385999999734
 21
-62.46418799999901
 31
0.0
  0
LINE
  5
995
330
17
100
AcDbEntity
  8
0
100
AcDbLine
 10
289.96385999999734
 20
-62.46418799999901
 30
0.0
 11
289.96360599999736
 21
-62.29959599999901
 31
0.0
  0
LINE
  5
996
330
17
100
AcDbEntity
  8
0
100
AcDbLine
 10
289.96360599999736
 20
-62.29959599999901
 30
0.0
 11
289.9633519999973
 21
-62.135003999999014
 31
0.0
  0
LINE
  5
997
330
17
100
AcDbEntity
  8
0
100
AcDbLine
 10
289.9633519999973
 20
-62.135003999999014
 30
0.0
 11
289.96309799999733
 21
-61.970411999999016
 31
0.0
  0
LINE
  5
998
330
17
100
AcDbEntity
  8
0
100
AcDbLine
 10
289.96309799999733
 20
-61.970411999999016
 30
0.0
 11
289.96284399999735
 21
-61.80581999999902
 31
0.0
  0
LINE
  5
999
330
17
100
AcDbEntity
  8
0
100
AcDbLine
 10
289.96284399999735
 20
-61.80581999999902
 30
0.0
 11
289.96258999999736
 21
-61.64122799999902
 31
0.0
  0
LINE
  5
99A
330
17
100
AcDbEntity
  8
0
100
AcDbLine
 10
289.96258999999736
 20
-61.64122799999902
 30
0.0
 11
289.9623359999974
 21
-61.47663599999902
 31
0.0
  0
LINE
  5
99B
330
17
100
AcDbEntity
  8
0
100
AcDbLine
 10
289.9623359999974
 20
-61.47663599999902
 30
0.0
 11
289.9620819999974
 21
-61.31204399999902
 31
0.0
  0
LINE
  5
99C
330
17
100
AcDbEntity
  8
0
100
AcDbLine
 10
289.9620819999974
 20
-61.31204399999902
 30
0.0
 11
289.96182799999735
 21
-61.14745199999902
 31
0.0
  0
LINE
  5
99D
330
17
100
AcDbEntity
  8
0
100
AcDbLine
 10
289.96182799999735
 20
-61.14745199999902
 30
0.0
 11
289.96157399999737
 21
-60.98285999999902
 31
0.0
  0
LINE
  5
99E
330
17
100
AcDbEntity
  8
0
100
AcDbLine
 10
289.96157399999737
 20
-60.98285999999902
 30
0.0
 11
289.9613199999974
 21
-60.81826799999902
 31
0.0
  0
LINE
  5
99F
330
17
100
AcDbEntity
  8
0
100
AcDbLine
 10
289.9613199999974
 20
-60.81826799999902
 30
0.0
 11
289.9610659999974
 21
-60.653675999999024
 31
0.0
  0
LINE
  5
9A0
330
17
100
AcDbEntity
  8
0
100
AcDbLine
 10
289.9610659999974
 20
-60.653675999999024
 30
0.0
 11
289.9608119999974
 21
-60.489083999999025
 31
0.0
  0
LINE
  5
9A1
330
17
100
AcDbEntity
  8
0
100
AcDbLine
 10
289.9608119999974
 20
-60.489083999999025
 30
0.0
 11
289.9605579999974
 21
-60.324491999999026
 31
0.0
  0
LINE
  5
9A2
330
17
100
AcDbEntity
  8
0
100
AcDbLine
 10
289.9605579999974
 20
-60.324491999999026
 30
0.0
 11
289.9603039999974
 21
-60.15989999999903
 31
0.0
  0
LINE
  5
9A3
330
17
100
AcDbEntity
  8
0
100
AcDbLine
 10
289.9603039999974
 20
-60.15989999999903
 30
0.0
 11
289.9600499999974
 21
-59.99530799999903
 31
0.0
  0
LINE
  5
9A4
330
17
100
AcDbEntity
  8
0
100
AcDbLine
 10
289.9600499999974
 20
-59.99530799999903
 30
0.0
 11
289.9597959999974
 21
-59.83071599999903
 31
0.0
  0
LINE
  5
9A5
330
17
100
AcDbEntity
  8
0
100
AcDbLine
 10
289.9597959999974
 20
-59.83071599999903
 30
0.0
 11
289.95954199999744
 21
-59.66612399999903
 31
0.0
  0
LINE
  5
9A6
330
17
100
AcDbEntity
  8
0
100
AcDbLine
 10
289.95954199999744
 20
-59.66612399999903
 30
0.0
 11
289.95928799999746
 21
-59.50153199999903
 31
0.0
  0
LINE
  5
9A7
330
17
100
AcDbEntity
  8
0
100
AcDbLine
 10
289.95928799999746
 20
-59.50153199999903
 30
0.0
 11
289.9590339999974
 21
-59.33693999999903
 31
0.0
  0
LINE
  5
9A8
330
17
100
AcDbEntity
  8
0
100
AcDbLine
 10
289.9590339999974
 20
-59.33693999999903
 30
0.0
 11
289.95877999999743
 21
-59.17234799999903
 31
0.0
  0
LINE
  5
9A9
330
17
100
AcDbEntity
  8
0
100
AcDbLine
 10
289.95877999999743
 20
-59.17234799999903
 30
0.0
 11
289.95852599999745
 21
-59.007755999999034
 31
0.0
  0
LINE
  5
9AA
330
17
100
AcDbEntity
  8
0
100
AcDbLine
 10
289.95852599999745
 20
-59.007755999999034
 30
0.0
 11
289.95827199999746
 21
-58.843163999999035
 31
0.0
  0
LINE
  5
9AB
330
17
100
AcDbEntity
  8
0
100
AcDbLine
 10
289.95827199999746
 20
-58.843163999999035
 30
0.0
 11
289.9580179999975
 21
-58.678571999999036
 31
0.0
  0
LINE
  5
9AC
330
17
100
AcDbEntity
  8
0
100
AcDbLine
 10
289.9580179999975
 20
-58.678571999999036
 30
0.0
 11
289.9577639999975
 21
-58.51397999999904
 31
0.0
  0
LINE
  5
9AD
330
17
100
AcDbEntity
  8
0
100
AcDbLine
 10
289.9577639999975
 20
-58.51397999999904
 30
0.0
 11
289.95750999999746
 21
-58.34938799999904
 31
0.0
  0
LINE
  5
9AE
330
17
100
AcDbEntity
  8
0
100
AcDbLine
 10
289.95750999999746
 20
-58.34938799999904
 30
0.0
 11
289.95725599999747
 21
-58.18479599999904
 31
0.0
  0
LINE
  5
9AF
330
17
100
AcDbEntity
  8
0
100
AcDbLine
 10
289.95725599999747
 20
-58.18479599999904
 30
0.0
 11
289.78758399999754
 21
-58.17946199999904
 31
0.0
  0
LINE
  5
9B0
330
17
100
AcDbEntity
  8
0
100
AcDbLine
 10
289.78758399999754
 20
-58.17946199999904
 30
0.0
 11
289.61791199999755
 21
-58.174127999999044
 31
0.0
  0
LINE
  5
9B1
330
17
100
AcDbEntity
  8
0
100
AcDbLine
 10
289.61791199999755
 20
-58.174127999999044
 30
0.0
 11
289.44823999999755
 21
-58.168793999999046
 31
0.0
  0
LINE
  5
9B2
330
17
100
AcDbEntity
  8
0
100
AcDbLine
 10
289.44823999999755
 20
-58.168793999999046
 30
0.0
 11
289.2785679999976
 21
-58.16345999999905
 31
0.0
  0
LINE
  5
9B3
330
17
100
AcDbEntity
  8
0
100
AcDbLine
 10
289.2785679999976
 20
-58.16345999999905
 30
0.0
 11
289.1088959999976
 21
-58.15812599999905
 31
0.0
  0
LINE
  5
9B4
330
17
100
AcDbEntity
  8
0
100
AcDbLine
 10
289.1088959999976
 20
-58.15812599999905
 30
0.0
 11
288.93922399999764
 21
-58.15279199999906
 31
0.0
  0
LINE
  5
9B5
330
17
100
AcDbEntity
  8
0
100
AcDbLine
 10
288.93922399999764
 20
-58.15279199999906
 30
0.0
 11
288.76955199999765
 21
-58.14745799999906
 31
0.0
  0
LINE
  5
9B6
330
17
100
AcDbEntity
  8
0
100
AcDbLine
 10
288.76955199999765
 20
-58.14745799999906
 30
0.0
 11
288.5998799999977
 21
-58.142123999999065
 31
0.0
  0
LINE
  5
9B7
330
17
100
AcDbEntity
  8
0
100
AcDbLine
 10
288.5998799999977
 20
-58.142123999999065
 30
0.0
 11
288.4302079999977
 21
-58.13678999999907
 31
0.0
  0
LINE
  5
9B8
330
17
100
AcDbEntity
  8
0
100
AcDbLine
 10
288.4302079999977
 20
-58.13678999999907
 30
0.0
 11
288.2605359999977
 21
-58.13145599999907
 31
0.0
  0
LINE
  5
9B9
330
17
100
AcDbEntity
  8
0
100
AcDbLine
 10
288.2605359999977
 20
-58.13145599999907
 30
0.0
 11
288.0908639999978
 21
-58.12612199999907
 31
0.0
  0
LINE
  5
9BA
330
17
100
AcDbEntity
  8
0
100
AcDbLine
 10
288.0908639999978
 20
-58.12612199999907
 30
0.0
 11
287.9211919999978
 21
-58.12078799999908
 31
0.0
  0
LINE
  5
9BB
330
17
100
AcDbEntity
  8
0
100
AcDbLine
 10
287.9211919999978
 20
-58.12078799999908
 30
0.0
 11
287.7515199999978
 21
-58.11545399999908
 31
0.0
  0
LINE
  5
9BC
330
17
100
AcDbEntity
  8
0
100
AcDbLine
 10
287.7515199999978
 20
-58.11545399999908
 30
0.0
 11
287.5818479999979
 21
-58.110119999999085
 31
0.0
  0
LINE
  5
9BD
330
17
100
AcDbEntity
  8
0
100
AcDbLine
 10
287.5818479999979
 20
-58.110119999999085
 30
0.0
 11
287.4121759999979
 21
-58.10478599999909
 31
0.0
  0
LINE
  5
9BE
330
17
100
AcDbEntity
  8
0
100
AcDbLine
 10
287.4121759999979
 20
-58.10478599999909
 30
0.0
 11
287.2425039999979
 21
-58.09945199999909
 31
0.0
  0
LINE
  5
9BF
330
17
100
AcDbEntity
  8
0
100
AcDbLine
 10
287.2425039999979
 20
-58.09945199999909
 30
0.0
 11
287.07283199999796
 21
-58.09411799999909
 31
0.0
  0
LINE
  5
9C0
330
17
100
AcDbEntity
  8
0
100
AcDbLine
 10
287.07283199999796
 20
-58.09411799999909
 30
0.0
 11
286.90315999999797
 21
-58.088783999999094
 31
0.0
  0
LINE
  5
9C1
330
17
100
AcDbEntity
  8
0
100
AcDbLine
 10
286.90315999999797
 20
-58.088783999999094
 30
0.0
 11
286.733487999998
 21
-58.083449999999104
 31
0.0
  0
LINE
  5
9C2
330
17
100
AcDbEntity
  8
0
100
AcDbLine
 10
286.733487999998
 20
-58.083449999999104
 30
0.0
 11
286.56381599999804
 21
-58.078115999999106
 31
0.0
  0
LINE
  5
9C3
330
17
100
AcDbEntity
  8
0
100
AcDbLine
 10
286.56381599999804
 20
-58.078115999999106
 30
0.0
 11
286.39414399999805
 21
-58.07278199999911
 31
0.0
  0
LINE
  5
9C4
330
17
100
AcDbEntity
  8
0
100
AcDbLine
 10
286.39414399999805
 20
-58.07278199999911
 30
0.0
 11
286.22447199999806
 21
-58.06744799999911
 31
0.0
  0
LINE
  5
9C5
330
17
100
AcDbEntity
  8
0
100
AcDbLine
 10
286.22447199999806
 20
-58.06744799999911
 30
0.0
 11
286.0547999999981
 21
-58.06211399999911
 31
0.0
  0
LINE
  5
9C6
330
17
100
AcDbEntity
  8
0
100
AcDbLine
 10
286.0547999999981
 20
-58.06211399999911
 30
0.0
 11
285.88512799999813
 21
-58.056779999999115
 31
0.0
  0
LINE
  5
9C7
330
17
100
AcDbEntity
  8
0
100
AcDbLine
 10
285.88512799999813
 20
-58.056779999999115
 30
0.0
 11
285.71545599999814
 21
-58.051445999999125
 31
0.0
  0
LINE
  5
9C8
330
17
100
AcDbEntity
  8
0
100
AcDbLine
 10
285.71545599999814
 20
-58.051445999999125
 30
0.0
 11
285.5457839999982
 21
-58.04611199999913
 31
0.0
  0
LINE
  5
9C9
330
17
100
AcDbEntity
  8
0
100
AcDbLine
 10
285.5457839999982
 20
-58.04611199999913
 30
0.0
 11
285.3761119999982
 21
-58.04077799999913
 31
0.0
  0
LINE
  5
9CA
330
17
100
AcDbEntity
  8
0
100
AcDbLine
 10
285.3761119999982
 20
-58.04077799999913
 30
0.0
 11
285.2064399999982
 21
-58.03544399999913
 31
0.0
  0
LINE
  5
9CB
330
17
100
AcDbEntity
  8
0
100
AcDbLine
 10
285.2064399999982
 20
-58.03544399999913
 30
0.0
 11
285.0367679999983
 21
-58.030109999999134
 31
0.0
  0
LINE
  5
9CC
330
17
100
AcDbEntity
  8
0
100
AcDbLine
 10
285.0367679999983
 20
-58.030109999999134
 30
0.0
 11
284.8670959999983
 21
-58.024775999999136
 31
0.0
  0
LINE
  5
9CD
330
17
100
AcDbEntity
  8
0
100
AcDbLine
 10
284.8670959999983
 20
-58.024775999999136
 30
0.0
 11
284.6974239999983
 21
-58.019441999999145
 31
0.0
  0
LINE
  5
9CE
330
17
100
AcDbEntity
  8
0
100
AcDbLine
 10
284.6974239999983
 20
-58.019441999999145
 30
0.0
 11
284.5277519999984
 21
-58.01410799999915
 31
0.0
  0
LINE
  5
9CF
330
17
100
AcDbEntity
  8
0
100
AcDbLine
 10
284.5277519999984
 20
-58.01410799999915
 30
0.0
 11
284.3580799999984
 21
-58.00877399999915
 31
0.0
  0
LINE
  5
9D0
330
17
100
AcDbEntity
  8
0
100
AcDbLine
 10
284.3580799999984
 20
-58.00877399999915
 30
0.0
 11
284.1884079999984
 21
-58.00343999999915
 31
0.0
  0
LINE
  5
9D1
330
17
100
AcDbEntity
  8
0
100
AcDbLine
 10
284.1884079999984
 20
-58.00343999999915
 30
0.0
 11
284.01873599999846
 21
-57.998105999999154
 31
0.0
  0
LINE
  5
9D2
330
17
100
AcDbEntity
  8
0
100
AcDbLine
 10
284.01873599999846
 20
-57.998105999999154
 30
0.0
 11
283.84906399999846
 21
-57.99277199999916
 31
0.0
  0
LINE
  5
9D3
330
17
100
AcDbEntity
  8
0
100
AcDbLine
 10
283.84906399999846
 20
-57.99277199999916
 30
0.0
 11
283.6793919999985
 21
-57.987437999999166
 31
0.0
  0
LINE
  5
9D4
330
17
100
AcDbEntity
  8
0
100
AcDbLine
 10
283.6793919999985
 20
-57.987437999999166
 30
0.0
 11
283.50971999999854
 21
-57.98210399999917
 31
0.0
  0
LINE
  5
9D5
330
17
100
AcDbEntity
  8
0
100
AcDbLine
 10
283.50971999999854
 20
-57.98210399999917
 30
0.0
 11
283.34004799999855
 21
-57.97676999999917
 31
0.0
  0
LINE
  5
9D6
330
17
100
AcDbEntity
  8
0
100
AcDbLine
 10
283.34004799999855
 20
-57.97676999999917
 30
0.0
 11
283.17037599999856
 21
-57.97143599999917
 31
0.0
  0
LINE
  5
9D7
330
17
100
AcDbEntity
  8
0
100
AcDbLine
 10
283.17037599999856
 20
-57.97143599999917
 30
0.0
 11
283.0007039999986
 21
-57.966101999999175
 31
0.0
  0
LINE
  5
9D8
330
17
100
AcDbEntity
  8
0
100
AcDbLine
 10
283.0007039999986
 20
-57.966101999999175
 30
0.0
 11
282.83103199999863
 21
-57.96076799999918
 31
0.0
  0
LINE
  5
9D9
330
17
100
AcDbEntity
  8
0
100
AcDbLine
 10
282.83103199999863
 20
-57.96076799999918
 30
0.0
 11
282.66135999999864
 21
-57.95543399999918
 31
0.0
  0
LINE
  5
9DA
330
17
100
AcDbEntity
  8
0
100
AcDbLine
 10
282.66135999999864
 20
-57.95543399999918
 30
0.0
 11
282.4916879999987
 21
-57.95009999999919
 31
0.0
  0
LINE
  5
9DB
330
17
100
AcDbEntity
  8
0
100
AcDbLine
 10
282.4916879999987
 20
-57.95009999999919
 30
0.0
 11
282.3220159999987
 21
-57.94476599999919
 31
0.0
  0
LINE
  5
9DC
330
17
100
AcDbEntity
  8
0
100
AcDbLine
 10
282.3220159999987
 20
-57.94476599999919
 30
0.0
 11
282.1523439999987
 21
-57.939431999999194
 31
0.0
  0
LINE
  5
9DD
330
17
100
AcDbEntity
  8
0
100
AcDbLine
 10
282.1523439999987
 20
-57.939431999999194
 30
0.0
 11
281.9826719999988
 21
-57.934097999999196
 31
0.0
  0
LINE
  5
9DE
330
17
100
AcDbEntity
  8
0
100
AcDbLine
 10
281.9826719999988
 20
-57.934097999999196
 30
0.0
 11
281.8129999999988
 21
-57.9287639999992
 31
0.0
  0
LINE
  5
9DF
330
17
100
AcDbEntity
  8
0
100
AcDbLine
 10
281.8129999999988
 20
-57.9287639999992
 30
0.0
 11
281.6433279999988
 21
-57.9234299999992
 31
0.0
  0
LINE
  5
9E0
330
17
100
AcDbEntity
  8
0
100
AcDbLine
 10
281.6433279999988
 20
-57.9234299999992
 30
0.0
 11
281.47365599999887
 21
-57.91809599999921
 31
0.0
  0
LINE
  5
9E1
330
17
100
AcDbEntity
  8
0
100
AcDbLine
 10
281.47365599999887
 20
-57.91809599999921
 30
0.0
 11
281.3039839999989
 21
-57.91276199999921
 31
0.0
  0
LINE
  5
9E2
330
17
100
AcDbEntity
  8
0
100
AcDbLine
 10
281.3039839999989
 20
-57.91276199999921
 30
0.0
 11
281.1343119999989
 21
-57.907427999999214
 31
0.0
  0
LINE
  5
9E3
330
17
100
AcDbEntity
  8
0
100
AcDbLine
 10
281.1343119999989
 20
-57.907427999999214
 30
0.0
 11
280.96463999999895
 21
-57.90209399999922
 31
0.0
  0
LINE
  5
9E4
330
17
100
AcDbEntity
  8
0
100
AcDbLine
 10
280.96463999999895
 20
-57.90209399999922
 30
0.0
 11
280.79496799999896
 21
-57.89675999999922
 31
0.0
  0
LINE
  5
9E5
330
17
100
AcDbEntity
  8
0
100
AcDbLine
 10
280.79496799999896
 20
-57.89675999999922
 30
0.0
 11
280.62529599999897
 21
-57.89142599999922
 31
0.0
  0
LINE
  5
9E6
330
17
100
AcDbEntity
  8
0
100
AcDbLine
 10
280.62529599999897
 20
-57.89142599999922
 30
0.0
 11
280.45562399999903
 21
-57.88609199999923
 31
0.0
  0
LINE
  5
9E7
330
17
100
AcDbEntity
  8
0
100
AcDbLine
 10
280.45562399999903
 20
-57.88609199999923
 30
0.0
 11
280.28595199999904
 21
-57.88075799999923
 31
0.0
  0
LINE
  5
9E8
330
17
100
AcDbEntity
  8
0
100
AcDbLine
 10
280.28595199999904
 20
-57.88075799999923
 30
0.0
 11
280.11627999999905
 21
-57.875423999999235
 31
0.0
  0
LINE
  5
9E9
330
17
100
AcDbEntity
  8
0
100
AcDbLine
 10
280.11627999999905
 20
-57.875423999999235
 30
0.0
 11
279.9466079999991
 21
-57.87008999999924
 31
0.0
  0
LINE
  5
9EA
330
17
100
AcDbEntity
  8
0
100
AcDbLine
 10
279.9466079999991
 20
-57.87008999999924
 30
0.0
 11
279.7769359999991
 21
-57.86475599999924
 31
0.0
  0
LINE
  5
9EB
330
17
100
AcDbEntity
  8
0
100
AcDbLine
 10
279.7769359999991
 20
-57.86475599999924
 30
0.0
 11
279.60726399999913
 21
-57.85942199999924
 31
0.0
  0
LINE
  5
9EC
330
17
100
AcDbEntity
  8
0
100
AcDbLine
 10
279.60726399999913
 20
-57.85942199999924
 30
0.0
 11
279.4375919999992
 21
-57.85408799999925
 31
0.0
  0
LINE
  5
9ED
330
17
100
AcDbEntity
  8
0
100
AcDbLine
 10
279.4375919999992
 20
-57.85408799999925
 30
0.0
 11
279.2679199999992
 21
-57.84875399999925
 31
0.0
  0
LINE
  5
9EE
330
17
100
AcDbEntity
  8
0
100
AcDbLine
 10
279.2679199999992
 20
-57.84875399999925
 30
0.0
 11
279.0982479999992
 21
-57.843419999999256
 31
0.0
  0
LINE
  5
9EF
330
17
100
AcDbEntity
  8
0
100
AcDbLine
 10
251.68809199999922
 20
-56.78500199999925
 30
0.0
 11
251.58496799999924
 21
-57.13094999999925
 31
0.0
  0
LINE
  5
9F0
330
17
100
AcDbEntity
  8
0
100
AcDbLine
 10
251.58496799999924
 20
-57.13094999999925
 30
0.0
 11
251.48082799999926
 21
-57.46470599999925
 31
0.0
  0
LINE
  5
9F1
330
17
100
AcDbEntity
  8
0
100
AcDbLine
 10
251.48082799999926
 20
-57.46470599999925
 30
0.0
 11
251.37567199999924
 21
-57.78652399999925
 31
0.0
  0
LINE
  5
9F2
330
17
100
AcDbEntity
  8
0
100
AcDbLine
 10
251.37567199999924
 20
-57.78652399999925
 30
0.0
 11
251.26949999999925
 21
-58.09665799999925
 31
0.0
  0
LINE
  5
9F3
330
17
100
AcDbEntity
  8
0
100
AcDbLine
 10
251.26949999999925
 20
-58.09665799999925
 30
0.0
 11
251.16205799999926
 21
-58.395107999999254
 31
0.0
  0
LINE
  5
9F4
330
17
100
AcDbEntity
  8
0
100
AcDbLine
 10
251.16205799999926
 20
-58.395107999999254
 30
0.0
 11
251.05334599999927
 21
-58.68212799999925
 31
0.0
  0
LINE
  5
9F5
330
17
100
AcDbEntity
  8
0
100
AcDbLine
 10
251.05334599999927
 20
-58.68212799999925
 30
0.0
 11
250.94310999999925
 21
-58.95822599999925
 31
0.0
  0
LINE
  5
9F6
330
17
100
AcDbEntity
  8
0
100
AcDbLine
 10
250.94310999999925
 20
-58.95822599999925
 30
0.0
 11
250.83160399999926
 21
-59.223401999999254
 31
0.0
  0
LINE
  5
9F7
330
17
100
AcDbEntity
  8
0
100
AcDbLine
 10
250.83160399999926
 20
-59.223401999999254
 30
0.0
 11
250.71857399999925
 21
-59.477909999999255
 31
0.0
  0
LINE
  5
9F8
330
17
100
AcDbEntity
  8
0
100
AcDbLine
 10
250.71857399999925
 20
-59.477909999999255
 30
0.0
 11
250.60401999999925
 21
-59.721749999999254
 31
0.0
  0
LINE
  5
9F9
330
17
100
AcDbEntity
  8
0
100
AcDbLine
 10
250.60401999999925
 20
-59.721749999999254
 30
0.0
 11
250.48768799999925
 21
-59.955429999999254
 31
0.0
  0
LINE
  5
9FA
330
17
100
AcDbEntity
  8
0
100
AcDbLine
 10
250.48768799999925
 20
-59.955429999999254
 30
0.0
 11
250.36957799999925
 21
-60.178949999999254
 31
0.0
  0
LINE
  5
9FB
330
17
100
AcDbEntity
  8
0
100
AcDbLine
 10
250.36957799999925
 20
-60.178949999999254
 30
0.0
 11
250.24968999999925
 21
-60.39281799999926
 31
0.0
  0
LINE
  5
9FC
330
17
100
AcDbEntity
  8
0
100
AcDbLine
 10
250.24968999999925
 20
-60.39281799999926
 30
0.0
 11
250.12802399999924
 21
-60.597033999999255
 31
0.0
  0
LINE
  5
9FD
330
17
100
AcDbEntity
  8
0
100
AcDbLine
 10
250.12802399999924
 20
-60.597033999999255
 30
0.0
 11
250.00432599999925
 21
-60.79185199999925
 31
0.0
  0
LINE
  5
9FE
330
17
100
AcDbEntity
  8
0
100
AcDbLine
 10
250.00432599999925
 20
-60.79185199999925
 30
0.0
 11
249.87884999999926
 21
-60.97752599999925
 31
0.0
  0
LINE
  5
9FF
330
17
100
AcDbEntity
  8
0
100
AcDbLine
 10
249.87884999999926
 20
-60.97752599999925
 30
0.0
 11
249.75108799999924
 21
-61.154309999999256
 31
0.0
  0
LINE
  5
A00
330
17
100
AcDbEntity
  8
0
100
AcDbLine
 10
249.75108799999924
 20
-61.154309999999256
 30
0.0
 11
249.62129399999924
 21
-61.32220399999925
 31
0.0
  0
LINE
  5
A01
330
17
100
AcDbEntity
  8
0
100
AcDbLine
 10
249.62129399999924
 20
-61.32220399999925
 30
0.0
 11
249.48921399999924
 21
-61.48171599999925
 31
0.0
  0
LINE
  5
A02
330
17
100
AcDbEntity
  8
0
100
AcDbLine
 10
249.48921399999924
 20
-61.48171599999925
 30
0.0
 11
249.35484799999924
 21
-61.63284599999925
 31
0.0
  0
LINE
  5
A03
330
17
100
AcDbEntity
  8
0
100
AcDbLine
 10
249.35484799999924
 20
-61.63284599999925
 30
0.0
 11
249.21819599999924
 21
-61.77584799999925
 31
0.0
  0
LINE
  5
A04
330
17
100
AcDbEntity
  8
0
100
AcDbLine
 10
249.21819599999924
 20
-61.77584799999925
 30
0.0
 11
249.07925799999924
 21
-61.91097599999925
 31
0.0
  0
LINE
  5
A05
330
17
100
AcDbEntity
  8
0
100
AcDbLine
 10
249.07925799999924
 20
-61.91097599999925
 30
0.0
 11
248.93777999999924
 21
-62.03848399999925
 31
0.0
  0
LINE
  5
A06
330
17
100
AcDbEntity
  8
0
100
AcDbLine
 10
248.93777999999924
 20
-62.03848399999925
 30
0.0
 11
248.79376199999925
 21
-62.15862599999926
 31
0.0
  0
LINE
  5
A07
330
17
100
AcDbEntity
  8
0
100
AcDbLine
 10
248.79376199999925
 20
-62.15862599999926
 30
0.0
 11
248.64694999999924
 21
-62.271401999999256
 31
0.0
  0
LINE
  5
A08
330
17
100
AcDbEntity
  8
0
100
AcDbLine
 10
248.64694999999924
 20
-62.271401999999256
 30
0.0
 11
248.49759799999924
 21
-62.37731999999925
 31
0.0
  0
LINE
  5
A09
330
17
100
AcDbEntity
  8
0
100
AcDbLine
 10
248.49759799999924
 20
-62.37731999999925
 30
0.0
 11
248.34545199999923
 21
-62.47637999999925
 31
0.0
  0
LINE
  5
A0A
330
17
100
AcDbEntity
  8
0
100
AcDbLine
 10
248.34545199999923
 20
-62.47637999999925
 30
0.0
 11
248.19051199999925
 21
-62.56883599999925
 31
0.0
  0
LINE
  5
A0B
330
17
100
AcDbEntity
  8
0
100
AcDbLine
 10
248.19051199999925
 20
-62.56883599999925
 30
0.0
 11
248.03252399999926
 21
-62.65494199999925
 31
0.0
  0
LINE
  5
A0C
330
17
100
AcDbEntity
  8
0
100
AcDbLine
 10
248.03252399999926
 20
-62.65494199999925
 30
0.0
 11
247.87148799999923
 21
-62.73495199999925
 31
0.0
  0
LINE
  5
A0D
330
17
100
AcDbEntity
  8
0
100
AcDbLine
 10
247.87148799999923
 20
-62.73495199999925
 30
0.0
 11
247.70740399999926
 21
-62.80911999999925
 31
0.0
  0
LINE
  5
A0E
330
17
100
AcDbEntity
  8
0
100
AcDbLine
 10
247.70740399999926
 20
-62.80911999999925
 30
0.0
 11
247.54027199999925
 21
-62.87744599999925
 31
0.0
  0
LINE
  5
A0F
330
17
100
AcDbEntity
  8
0
100
AcDbLine
 10
247.54027199999925
 20
-62.87744599999925
 30
0.0
 11
247.36983799999925
 21
-62.94043799999925
 31
0.0
  0
LINE
  5
A10
330
17
100
AcDbEntity
  8
0
100
AcDbLine
 10
247.36983799999925
 20
-62.94043799999925
 30
0.0
 11
247.19635599999924
 21
-62.99809599999925
 31
0.0
  0
LINE
  5
A11
330
17
100
AcDbEntity
  8
0
100
AcDbLine
 10
247.19635599999924
 20
-62.99809599999925
 30
0.0
 11
247.01957199999924
 21
-63.05067399999925
 31
0.0
  0
LINE
  5
A12
330
17
100
AcDbEntity
  8
0
100
AcDbLine
 10
247.01957199999924
 20
-63.05067399999925
 30
0.0
 11
246.8392319999992
 21
-63.09842599999924
 31
0.0
  0
LINE
  5
A13
330
17
100
AcDbEntity
  8
0
100
AcDbLine
 10
246.8392319999992
 20
-63.09842599999924
 30
0.0
 11
246.6553359999992
 21
-63.14160599999924
 31
0.0
  0
LINE
  5
A14
330
17
100
AcDbEntity
  8
0
100
AcDbLine
 10
246.6553359999992
 20
-63.14160599999924
 30
0.0
 11
246.4678839999992
 21
-63.18046799999924
 31
0.0
  0
LINE
  5
A15
330
17
100
AcDbEntity
  8
0
100
AcDbLine
 10
246.4678839999992
 20
-63.18046799999924
 30
0.0
 11
246.27687599999922
 21
-63.21501199999924
 31
0.0
  0
LINE
  5
A16
330
17
100
AcDbEntity
  8
0
100
AcDbLine
 10
246.27687599999922
 20
-63.21501199999924
 30
0.0
 11
246.0823119999992
 21
-63.245745999999244
 31
0.0
  0
LINE
  5
A17
330
17
100
AcDbEntity
  8
0
100
AcDbLine
 10
246.0823119999992
 20
-63.245745999999244
 30
0.0
 11
245.88393799999923
 21
-63.27266999999924
 31
0.0
  0
LINE
  5
A18
330
17
100
AcDbEntity
  8
0
100
AcDbLine
 10
245.88393799999923
 20
-63.27266999999924
 30
0.0
 11
245.68175399999922
 21
-63.29603799999924
 31
0.0
  0
LINE
  5
A19
330
17
100
AcDbEntity
  8
0
100
AcDbLine
 10
245.68175399999922
 20
-63.29603799999924
 30
0.0
 11
245.47550599999923
 21
-63.31610399999924
 31
0.0
  0
LINE
  5
A1A
330
17
100
AcDbEntity
  8
0
100
AcDbLine
 10
245.47550599999923
 20
-63.31610399999924
 30
0.0
 11
245.26544799999922
 21
-63.33312199999925
 31
0.0
  0
LINE
  5
A1B
330
17
100
AcDbEntity
  8
0
100
AcDbLine
 10
245.26544799999922
 20
-63.33312199999925
 30
0.0
 11
245.05132599999922
 21
-63.34709199999925
 31
0.0
  0
LINE
  5
A1C
330
17
100
AcDbEntity
  8
0
100
AcDbLine
 10
245.05132599999922
 20
-63.34709199999925
 30
0.0
 11
244.83313999999922
 21
-63.35852199999925
 31
0.0
  0
LINE
  5
A1D
330
17
100
AcDbEntity
  8
0
100
AcDbLine
 10
244.83313999999922
 20
-63.35852199999925
 30
0.0
 11
244.61063599999923
 21
-63.36741199999925
 31
0.0
  0
LINE
  5
A1E
330
17
100
AcDbEntity
  8
0
100
AcDbLine
 10
244.61063599999923
 20
-63.36741199999925
 30
0.0
 11
244.3838139999992
 21
-63.374015999999244
 31
0.0
  0
LINE
  5
A1F
330
17
100
AcDbEntity
  8
0
100
AcDbLine
 10
244.3838139999992
 20
-63.374015999999244
 30
0.0
 11
244.15267399999922
 21
-63.378841999999246
 31
0.0
  0
LINE
  5
A20
330
17
100
AcDbEntity
  8
0
100
AcDbLine
 10
244.15267399999922
 20
-63.378841999999246
 30
0.0
 11
243.91721599999923
 21
-63.38188999999925
 31
0.0
  0
LINE
  5
A21
330
17
100
AcDbEntity
  8
0
100
AcDbLine
 10
243.91721599999923
 20
-63.38188999999925
 30
0.0
 11
243.6771859999992
 21
-63.38315999999925
 31
0.0
  0
LINE
  5
A22
330
17
100
AcDbEntity
  8
0
100
AcDbLine
 10
243.6771859999992
 20
-63.38315999999925
 30
0.0
 11
243.4328379999992
 21
-63.38315999999925
 31
0.0
  0
LINE
  5
A23
330
17
100
AcDbEntity
  8
0
100
AcDbLine
 10
243.4328379999992
 20
-63.38315999999925
 30
0.0
 11
243.1836639999992
 21
-63.38188999999925
 31
0.0
  0
LINE
  5
A24
330
17
100
AcDbEntity
  8
0
100
AcDbLine
 10
243.1836639999992
 20
-63.38188999999925
 30
0.0
 11
242.9299179999992
 21
-63.379857999999246
 31
0.0
  0
LINE
  5
A25
330
17
100
AcDbEntity
  8
0
100
AcDbLine
 10
242.9299179999992
 20
-63.379857999999246
 30
0.0
 11
242.6713459999992
 21
-63.37706399999925
 31
0.0
  0
LINE
  5
A26
330
17
100
AcDbEntity
  8
0
100
AcDbLine
 10
242.6713459999992
 20
-63.37706399999925
 30
0.0
 11
242.40794799999918
 21
-63.373761999999246
 31
0.0
  0
LINE
  5
A27
330
17
100
AcDbEntity
  8
0
100
AcDbLine
 10
242.40794799999918
 20
-63.373761999999246
 30
0.0
 11
242.13972399999918
 21
-63.37020599999924
 31
0.0
  0
LINE
  5
A28
330
17
100
AcDbEntity
  8
0
100
AcDbLine
 10
242.13972399999918
 20
-63.37020599999924
 30
0.0
 11
241.86641999999918
 21
-63.36664999999924
 31
0.0
  0
LINE
  5
A29
330
17
100
AcDbEntity
  8
0
100
AcDbLine
 10
241.86641999999918
 20
-63.36664999999924
 30
0.0
 11
241.58828999999918
 21
-63.363093999999236
 31
0.0
  0
LINE
  5
A2A
330
17
100
AcDbEntity
  8
0
100
AcDbLine
 10
241.58828999999918
 20
-63.363093999999236
 30
0.0
 11
241.30507999999915
 21
-63.36004599999924
 31
0.0
  0
LINE
  5
A2B
330
17
100
AcDbEntity
  8
0
100
AcDbLine
 10
241.30507999999915
 20
-63.36004599999924
 30
0.0
 11
241.01653599999918
 21
-63.35750599999924
 31
0.0
  0
LINE
  5
A2C
330
17
100
AcDbEntity
  8
0
100
AcDbLine
 10
241.01653599999918
 20
-63.35750599999924
 30
0.0
 11
240.72291199999918
 21
-63.35572799999924
 31
0.0
  0
LINE
  5
A2D
330
17
100
AcDbEntity
  8
0
100
AcDbLine
 10
240.72291199999918
 20
-63.35572799999924
 30
0.0
 11
240.42395399999918
 21
-63.354965999999244
 31
0.0
  0
LINE
  5
A2E
330
17
100
AcDbEntity
  8
0
100
AcDbLine
 10
240.42395399999918
 20
-63.354965999999244
 30
0.0
 11
240.1194079999992
 21
-63.35547399999925
 31
0.0
  0
LINE
  5
A2F
330
17
100
AcDbEntity
  8
0
100
AcDbLine
 10
240.1194079999992
 20
-63.35547399999925
 30
0.0
 11
239.72596199999919
 21
-63.34912399999924
 31
0.0
  0
LINE
  5
A30
330
17
100
AcDbEntity
  8
0
100
AcDbLine
 10
239.72596199999919
 20
-63.34912399999924
 30
0.0
 11
239.34140599999918
 21
-63.34404399999924
 31
0.0
  0
LINE
  5
A31
330
17
100
AcDbEntity
  8
0
100
AcDbLine
 10
239.34140599999918
 20
-63.34404399999924
 30
0.0
 11
238.96548599999917
 21
-63.34023399999924
 31
0.0
  0
LINE
  5
A32
330
17
100
AcDbEntity
  8
0
100
AcDbLine
 10
238.96548599999917
 20
-63.34023399999924
 30
0.0
 11
238.5982019999992
 21
-63.337693999999246
 31
0.0
  0
LINE
  5
A33
330
17
100
AcDbEntity
  8
0
100
AcDbLine
 10
238.5982019999992
 20
-63.337693999999246
 30
0.0
 11
238.2392999999992
 21
-63.33616999999925
 31
0.0
  0
LINE
  5
A34
330
17
100
AcDbEntity
  8
0
100
AcDbLine
 10
238.2392999999992
 20
-63.33616999999925
 30
0.0
 11
237.8885259999992
 21
-63.335661999999246
 31
0.0
  0
LINE
  5
A35
330
17
100
AcDbEntity
  8
0
100
AcDbLine
 10
237.8885259999992
 20
-63.335661999999246
 30
0.0
 11
237.54562599999917
 21
-63.33616999999925
 31
0.0
  0
LINE
  5
A36
330
17
100
AcDbEntity
  8
0
100
AcDbLine
 10
237.54562599999917
 20
-63.33616999999925
 30
0.0
 11
237.21059999999918
 21
-63.33743999999925
 31
0.0
  0
LINE
  5
A37
330
17
100
AcDbEntity
  8
0
100
AcDbLine
 10
237.21059999999918
 20
-63.33743999999925
 30
0.0
 11
236.88319399999918
 21
-63.33921799999925
 31
0.0
  0
LINE
  5
A38
330
17
100
AcDbEntity
  8
0
100
AcDbLine
 10
236.88319399999918
 20
-63.33921799999925
 30
0.0
 11
236.5631539999992
 21
-63.341757999999245
 31
0.0
  0
LINE
  5
A39
330
17
100
AcDbEntity
  8
0
100
AcDbLine
 10
236.5631539999992
 20
-63.341757999999245
 30
0.0
 11
236.2502259999992
 21
-63.344805999999245
 31
0.0
  0
LINE
  5
A3A
330
17
100
AcDbEntity
  8
0
100
AcDbLine
 10
236.2502259999992
 20
-63.344805999999245
 30
0.0
 11
235.9444099999992
 21
-63.34810799999925
 31
0.0
  0
LINE
  5
A3B
330
17
100
AcDbEntity
  8
0
100
AcDbLine
 10
235.9444099999992
 20
-63.34810799999925
 30
0.0
 11
235.6454519999992
 21
-63.351917999999245
 31
0.0
  0
LINE
  5
A3C
330
17
100
AcDbEntity
  8
0
100
AcDbLine
 10
235.6454519999992
 20
-63.351917999999245
 30
0.0
 11
235.35309799999922
 21
-63.35572799999924
 31
0.0
  0
LINE
  5
A3D
330
17
100
AcDbEntity
  8
0
100
AcDbLine
 10
235.35309799999922
 20
-63.35572799999924
 30
0.0
 11
235.0673479999992
 21
-63.35979199999924
 31
0.0
  0
LINE
  5
A3E
330
17
100
AcDbEntity
  8
0
100
AcDbLine
 10
235.0673479999992
 20
-63.35979199999924
 30
0.0
 11
234.78769399999922
 21
-63.36385599999924
 31
0.0
  0
LINE
  5
A3F
330
17
100
AcDbEntity
  8
0
100
AcDbLine
 10
234.78769399999922
 20
-63.36385599999924
 30
0.0
 11
234.5141359999992
 21
-63.36791999999923
 31
0.0
  0
LINE
  5
A40
330
17
100
AcDbEntity
  8
0
100
AcDbLine
 10
234.5141359999992
 20
-63.36791999999923
 30
0.0
 11
234.24641999999923
 21
-63.37172999999923
 31
0.0
  0
LINE
  5
A41
330
17
100
AcDbEntity
  8
0
100
AcDbLine
 10
234.24641999999923
 20
-63.37172999999923
 30
0.0
 11
233.98454599999923
 21
-63.375285999999235
 31
0.0
  0
LINE
  5
A42
330
17
100
AcDbEntity
  8
0
100
AcDbLine
 10
233.98454599999923
 20
-63.375285999999235
 30
0.0
 11
233.72825999999924
 21
-63.37858799999923
 31
0.0
  0
LINE
  5
A43
330
17
100
AcDbEntity
  8
0
100
AcDbLine
 10
233.72825999999924
 20
-63.37858799999923
 30
0.0
 11
233.47730799999923
 21
-63.381381999999235
 31
0.0
  0
LINE
  5
A44
330
17
100
AcDbEntity
  8
0
100
AcDbLine
 10
233.47730799999923
 20
-63.381381999999235
 30
0.0
 11
233.23143599999923
 21
-63.383667999999226
 31
0.0
  0
LINE
  5
A45
330
17
100
AcDbEntity
  8
0
100
AcDbLine
 10
233.23143599999923
 20
-63.383667999999226
 30
0.0
 11
232.99038999999925
 21
-63.38544599999923
 31
0.0
  0
LINE
  5
A46
330
17
100
AcDbEntity
  8
0
100
AcDbLine
 10
232.99038999999925
 20
-63.38544599999923
 30
0.0
 11
232.75416999999925
 21
-63.38646199999923
 31
0.0
  0
LINE
  5
A47
330
17
100
AcDbEntity
  8
0
100
AcDbLine
 10
232.75416999999925
 20
-63.38646199999923
 30
0.0
 11
232.52252199999924
 21
-63.38671599999923
 31
0.0
  0
LINE
  5
A48
330
17
100
AcDbEntity
  8
0
100
AcDbLine
 10
232.52252199999924
 20
-63.38671599999923
 30
0.0
 11
232.29519199999925
 21
-63.38595399999923
 31
0.0
  0
LINE
  5
A49
330
17
100
AcDbEntity
  8
0
100
AcDbLine
 10
232.29519199999925
 20
-63.38595399999923
 30
0.0
 11
232.07217999999924
 21
-63.38417599999923
 31
0.0
  0
LINE
  5
A4A
330
17
100
AcDbEntity
  8
0
100
AcDbLine
 10
232.07217999999924
 20
-63.38417599999923
 30
0.0
 11
231.85323199999925
 21
-63.381381999999235
 31
0.0
  0
LINE
  5
A4B
330
17
100
AcDbEntity
  8
0
100
AcDbLine
 10
231.85323199999925
 20
-63.381381999999235
 30
0.0
 11
231.63809399999926
 21
-63.377317999999235
 31
0.0
  0
LINE
  5
A4C
330
17
100
AcDbEntity
  8
0
100
AcDbLine
 10
231.63809399999926
 20
-63.377317999999235
 30
0.0
 11
231.42651199999926
 21
-63.37198399999924
 31
0.0
  0
LINE
  5
A4D
330
17
100
AcDbEntity
  8
0
100
AcDbLine
 10
231.42651199999926
 20
-63.37198399999924
 30
0.0
 11
231.21848599999927
 21
-63.365379999999234
 31
0.0
  0
LINE
  5
A4E
330
17
100
AcDbEntity
  8
0
100
AcDbLine
 10
231.21848599999927
 20
-63.365379999999234
 30
0.0
 11
231.01350799999926
 21
-63.357251999999235
 31
0.0
  0
LINE
  5
A4F
330
17
100
AcDbEntity
  8
0
100
AcDbLine
 10
231.01350799999926
 20
-63.357251999999235
 30
0.0
 11
230.8115779999993
 21
-63.34759999999923
 31
0.0
  0
LINE
  5
A50
330
17
100
AcDbEntity
  8
0
100
AcDbLine
 10
230.8115779999993
 20
-63.34759999999923
 30
0.0
 11
230.6126959999993
 21
-63.336169999999235
 31
0.0
  0
LINE
  5
A51
330
17
100
AcDbEntity
  8
0
100
AcDbLine
 10
230.6126959999993
 20
-63.336169999999235
 30
0.0
 11
230.41635399999927
 21
-63.32296199999924
 31
0.0
  0
LINE
  5
A52
330
17
100
AcDbEntity
  8
0
100
AcDbLine
 10
230.41635399999927
 20
-63.32296199999924
 30
0.0
 11
230.22255199999927
 21
-63.307975999999236
 31
0.0
  0
LINE
  5
A53
330
17
100
AcDbEntity
  8
0
100
AcDbLine
 10
230.22255199999927
 20
-63.307975999999236
 30
0.0
 11
230.03103599999926
 21
-63.290957999999236
 31
0.0
  0
LINE
  5
A54
330
17
100
AcDbEntity
  8
0
100
AcDbLine
 10
230.03103599999926
 20
-63.290957999999236
 30
0.0
 11
229.84155199999927
 21
-63.271907999999236
 31
0.0
  0
LINE
  5
A55
330
17
100
AcDbEntity
  8
0
100
AcDbLine
 10
229.84155199999927
 20
-63.271907999999236
 30
0.0
 11
229.65409999999926
 21
-63.250825999999236
 31
0.0
  0
LINE
  5
A56
330
17
100
AcDbEntity
  8
0
100
AcDbLine
 10
229.65409999999926
 20
-63.250825999999236
 30
0.0
 11
229.46842599999925
 21
-63.22745799999923
 31
0.0
  0
LINE
  5
A57
330
17
100
AcDbEntity
  8
0
100
AcDbLine
 10
229.46842599999925
 20
-63.22745799999923
 30
0.0
 11
229.28427599999924
 21
-63.201803999999235
 31
0.0
  0
LINE
  5
A58
330
17
100
AcDbEntity
  8
0
100
AcDbLine
 10
229.28427599999924
 20
-63.201803999999235
 30
0.0
 11
229.10139599999923
 21
-63.173609999999236
 31
0.0
  0
LINE
  5
A59
330
17
100
AcDbEntity
  8
0
100
AcDbLine
 10
229.10139599999923
 20
-63.173609999999236
 30
0.0
 11
228.91978599999922
 21
-63.142875999999234
 31
0.0
  0
LINE
  5
A5A
330
17
100
AcDbEntity
  8
0
100
AcDbLine
 10
228.91978599999922
 20
-63.142875999999234
 30
0.0
 11
228.73919199999924
 21
-63.109601999999235
 31
0.0
  0
LINE
  5
A5B
330
17
100
AcDbEntity
  8
0
100
AcDbLine
 10
228.73919199999924
 20
-63.109601999999235
 30
0.0
 11
228.55935999999923
 21
-63.07378799999923
 31
0.0
  0
LINE
  5
A5C
330
17
100
AcDbEntity
  8
0
100
AcDbLine
 10
228.55935999999923
 20
-63.07378799999923
 30
0.0
 11
228.38003599999922
 21
-63.03517999999924
 31
0.0
  0
LINE
  5
A5D
330
17
100
AcDbEntity
  8
0
100
AcDbLine
 10
228.38003599999922
 20
-63.03517999999924
 30
0.0
 11
228.20121999999924
 21
-62.99352399999924
 31
0.0
  0
LINE
  5
A5E
330
17
100
AcDbEntity
  8
0
100
AcDbLine
 10
228.20121999999924
 20
-62.99352399999924
 30
0.0
 11
228.02265799999924
 21
-62.948819999999245
 31
0.0
  0
LINE
  5
A5F
330
17
100
AcDbEntity
  8
0
100
AcDbLine
 10
228.02265799999924
 20
-62.948819999999245
 30
0.0
 11
227.84409599999924
 21
-62.90106799999925
 31
0.0
  0
LINE
  5
A60
330
17
100
AcDbEntity
  8
0
100
AcDbLine
 10
227.84409599999924
 20
-62.90106799999925
 30
0.0
 11
227.66527999999926
 21
-62.850267999999254
 31
0.0
  0
LINE
  5
A61
330
17
100
AcDbEntity
  8
0
100
AcDbLine
 10
227.66527999999926
 20
-62.850267999999254
 30
0.0
 11
227.48620999999926
 21
-62.79616599999925
 31
0.0
  0
LINE
  5
A62
330
17
100
AcDbEntity
  8
0
100
AcDbLine
 10
227.48620999999926
 20
-62.79616599999925
 30
0.0
 11
227.30663199999927
 21
-62.738761999999255
 31
0.0
  0
LINE
  5
A63
330
17
100
AcDbEntity
  8
0
100
AcDbLine
 10
227.30663199999927
 20
-62.738761999999255
 30
0.0
 11
227.12629199999924
 21
-62.677801999999254
 31
0.0
  0
LINE
  5
A64
330
17
100
AcDbEntity
  8
0
100
AcDbLine
 10
227.12629199999924
 20
-62.677801999999254
 30
0.0
 11
226.94493599999925
 21
-62.613285999999256
 31
0.0
  0
LINE
  5
A65
330
17
100
AcDbEntity
  8
0
100
AcDbLine
 10
226.94493599999925
 20
-62.613285999999256
 30
0.0
 11
226.76256399999923
 21
-62.545213999999255
 31
0.0
  0
LINE
  5
A66
330
17
100
AcDbEntity
  8
0
100
AcDbLine
 10
226.76256399999923
 20
-62.545213999999255
 30
0.0
 11
226.57892199999927
 21
-62.47333199999926
 31
0.0
  0
LINE
  5
A67
330
17
100
AcDbEntity
  8
0
100
AcDbLine
 10
226.57892199999927
 20
-62.47333199999926
 30
0.0
 11
226.39375599999926
 21
-62.39763999999926
 31
0.0
  0
LINE
  5
A68
330
17
100
AcDbEntity
  8
0
100
AcDbLine
 10
226.39375599999926
 20
-62.39763999999926
 30
0.0
 11
226.20706599999923
 21
-62.31788399999926
 31
0.0
  0
LINE
  5
A69
330
17
100
AcDbEntity
  8
0
100
AcDbLine
 10
226.20706599999923
 20
-62.31788399999926
 30
0.0
 11
226.01834399999922
 21
-62.234317999999256
 31
0.0
  0
LINE
  5
A6A
330
17
100
AcDbEntity
  8
0
100
AcDbLine
 10
226.01834399999922
 20
-62.234317999999256
 30
0.0
 11
225.82758999999922
 21
-62.14643399999925
 31
0.0
  0
LINE
  5
A6B
330
17
100
AcDbEntity
  8
0
100
AcDbLine
 10
225.82758999999922
 20
-62.14643399999925
 30
0.0
 11
225.63480399999924
 21
-62.05448599999926
 31
0.0
  0
LINE
  5
A6C
330
17
100
AcDbEntity
  8
0
100
AcDbLine
 10
225.63480399999924
 20
-62.05448599999926
 30
0.0
 11
225.43947799999924
 21
-61.95821999999926
 31
0.0
  0
LINE
  5
A6D
330
17
100
AcDbEntity
  8
0
100
AcDbLine
 10
225.43947799999924
 20
-61.95821999999926
 30
0.0
 11
225.24161199999924
 21
-61.85763599999926
 31
0.0
  0
LINE
  5
A6E
330
17
100
AcDbEntity
  8
0
100
AcDbLine
 10
225.24161199999924
 20
-61.85763599999926
 30
0.0
 11
225.04095199999924
 21
-61.75247999999927
 31
0.0
  0
LINE
  5
A6F
330
17
100
AcDbEntity
  8
0
100
AcDbLine
 10
225.04095199999924
 20
-61.75247999999927
 30
0.0
 11
224.69373399999924
 21
-61.75324199999926
 31
0.0
  0
LINE
  5
A70
330
17
100
AcDbEntity
  8
0
100
AcDbLine
 10
224.69373399999924
 20
-61.75324199999926
 30
0.0
 11
224.34651599999927
 21
-61.754003999999256
 31
0.0
  0
LINE
  5
A71
330
17
100
AcDbEntity
  8
0
100
AcDbLine
 10
224.34651599999927
 20
-61.754003999999256
 30
0.0
 11
223.99929799999927
 21
-61.75476599999926
 31
0.0
  0
LINE
  5
A72
330
17
100
AcDbEntity
  8
0
100
AcDbLine
 10
223.99929799999927
 20
-61.75476599999926
 30
0.0
 11
223.65207999999927
 21
-61.75552799999925
 31
0.0
  0
LINE
  5
A73
330
17
100
AcDbEntity
  8
0
100
AcDbLine
 10
223.65207999999927
 20
-61.75552799999925
 30
0.0
 11
223.30486199999928
 21
-61.75628999999925
 31
0.0
  0
LINE
  5
A74
330
17
100
AcDbEntity
  8
0
100
AcDbLine
 10
223.30486199999928
 20
-61.75628999999925
 30
0.0
 11
222.9576439999993
 21
-61.75705199999924
 31
0.0
  0
LINE
  5
A75
330
17
100
AcDbEntity
  8
0
100
AcDbLine
 10
222.9576439999993
 20
-61.75705199999924
 30
0.0
 11
222.6104259999993
 21
-61.75781399999924
 31
0.0
  0
LINE
  5
A76
330
17
100
AcDbEntity
  8
0
100
AcDbLine
 10
222.6104259999993
 20
-61.75781399999924
 30
0.0
 11
222.2632079999993
 21
-61.75857599999924
 31
0.0
  0
LINE
  5
A77
330
17
100
AcDbEntity
  8
0
100
AcDbLine
 10
222.2632079999993
 20
-61.75857599999924
 30
0.0
 11
221.9159899999993
 21
-61.75933799999923
 31
0.0
  0
LINE
  5
A78
330
17
100
AcDbEntity
  8
0
100
AcDbLine
 10
221.9159899999993
 20
-61.75933799999923
 30
0.0
 11
221.56877199999934
 21
-61.76009999999923
 31
0.0
  0
LINE
  5
A79
330
17
100
AcDbEntity
  8
0
100
AcDbLine
 10
221.56877199999934
 20
-61.76009999999923
 30
0.0
 11
221.22155399999934
 21
-61.76086199999923
 31
0.0
  0
LINE
  5
A7A
330
17
100
AcDbEntity
  8
0
100
AcDbLine
 10
221.22155399999934
 20
-61.76086199999923
 30
0.0
 11
220.87433599999935
 21
-61.76162399999922
 31
0.0
  0
LINE
  5
A7B
330
17
100
AcDbEntity
  8
0
100
AcDbLine
 10
220.87433599999935
 20
-61.76162399999922
 30
0.0
 11
220.52711799999938
 21
-61.76238599999922
 31
0.0
  0
LINE
  5
A7C
330
17
100
AcDbEntity
  8
0
100
AcDbLine
 10
220.52711799999938
 20
-61.76238599999922
 30
0.0
 11
220.17989999999938
 21
-61.76314799999921
 31
0.0
  0
LINE
  5
A7D
330
17
100
AcDbEntity
  8
0
100
AcDbLine
 10
220.17989999999938
 20
-61.76314799999921
 30
0.0
 11
219.83268199999938
 21
-61.763909999999214
 31
0.0
  0
LINE
  5
A7E
330
17
100
AcDbEntity
  8
0
100
AcDbLine
 10
219.83268199999938
 20
-61.763909999999214
 30
0.0
 11
219.48546399999938
 21
-61.76467199999921
 31
0.0
  0
LINE
  5
A7F
330
17
100
AcDbEntity
  8
0
100
AcDbLine
 10
219.48546399999938
 20
-61.76467199999921
 30
0.0
 11
219.1382459999994
 21
-61.7654339999992
 31
0.0
  0
LINE
  5
A80
330
17
100
AcDbEntity
  8
0
100
AcDbLine
 10
219.1382459999994
 20
-61.7654339999992
 30
0.0
 11
218.79102799999941
 21
-61.7661959999992
 31
0.0
  0
LINE
  5
A81
330
17
100
AcDbEntity
  8
0
100
AcDbLine
 10
218.79102799999941
 20
-61.7661959999992
 30
0.0
 11
218.44380999999942
 21
-61.7669579999992
 31
0.0
  0
LINE
  5
A82
330
17
100
AcDbEntity
  8
0
100
AcDbLine
 10
218.44380999999942
 20
-61.7669579999992
 30
0.0
 11
218.09659199999942
 21
-61.767719999999194
 31
0.0
  0
LINE
  5
A83
330
17
100
AcDbEntity
  8
0
100
AcDbLine
 10
218.09659199999942
 20
-61.767719999999194
 30
0.0
 11
217.74937399999945
 21
-61.76848199999919
 31
0.0
  0
LINE
  5
A84
330
17
100
AcDbEntity
  8
0
100
AcDbLine
 10
217.74937399999945
 20
-61.76848199999919
 30
0.0
 11
217.40215599999945
 21
-61.76924399999918
 31
0.0
  0
LINE
  5
A85
330
17
100
AcDbEntity
  8
0
100
AcDbLine
 10
217.40215599999945
 20
-61.76924399999918
 30
0.0
 11
217.05493799999945
 21
-61.770005999999185
 31
0.0
  0
LINE
  5
A86
330
17
100
AcDbEntity
  8
0
100
AcDbLine
 10
217.05493799999945
 20
-61.770005999999185
 30
0.0
 11
216.70771999999948
 21
-61.77076799999918
 31
0.0
  0
LINE
  5
A87
330
17
100
AcDbEntity
  8
0
100
AcDbLine
 10
216.70771999999948
 20
-61.77076799999918
 30
0.0
 11
216.36050199999949
 21
-61.771529999999174
 31
0.0
  0
LINE
  5
A88
330
17
100
AcDbEntity
  8
0
100
AcDbLine
 10
216.36050199999949
 20
-61.771529999999174
 30
0.0
 11
216.0132839999995
 21
-61.772291999999176
 31
0.0
  0
LINE
  5
A89
330
17
100
AcDbEntity
  8
0
100
AcDbLine
 10
216.0132839999995
 20
-61.772291999999176
 30
0.0
 11
215.6660659999995
 21
-61.77305399999917
 31
0.0
  0
LINE
  5
A8A
330
17
100
AcDbEntity
  8
0
100
AcDbLine
 10
215.6660659999995
 20
-61.77305399999917
 30
0.0
 11
215.31884799999952
 21
-61.773815999999165
 31
0.0
  0
LINE
  5
A8B
330
17
100
AcDbEntity
  8
0
100
AcDbLine
 10
215.31884799999952
 20
-61.773815999999165
 30
0.0
 11
214.97162999999952
 21
-61.77457799999916
 31
0.0
  0
LINE
  5
A8C
330
17
100
AcDbEntity
  8
0
100
AcDbLine
 10
214.97162999999952
 20
-61.77457799999916
 30
0.0
 11
214.62441199999952
 21
-61.77533999999916
 31
0.0
  0
LINE
  5
A8D
330
17
100
AcDbEntity
  8
0
100
AcDbLine
 10
214.62441199999952
 20
-61.77533999999916
 30
0.0
 11
214.27719399999953
 21
-61.776101999999156
 31
0.0
  0
LINE
  5
A8E
330
17
100
AcDbEntity
  8
0
100
AcDbLine
 10
214.27719399999953
 20
-61.776101999999156
 30
0.0
 11
213.92997599999956
 21
-61.77686399999915
 31
0.0
  0
LINE
  5
A8F
330
17
100
AcDbEntity
  8
0
100
AcDbLine
 10
213.92997599999956
 20
-61.77686399999915
 30
0.0
 11
213.58275799999956
 21
-61.777625999999145
 31
0.0
  0
LINE
  5
A90
330
17
100
AcDbEntity
  8
0
100
AcDbLine
 10
213.58275799999956
 20
-61.777625999999145
 30
0.0
 11
213.23553999999956
 21
-61.77838799999915
 31
0.0
  0
LINE
  5
A91
330
17
100
AcDbEntity
  8
0
100
AcDbLine
 10
213.23553999999956
 20
-61.77838799999915
 30
0.0
 11
212.8883219999996
 21
-61.77914999999914
 31
0.0
  0
LINE
  5
A92
330
17
100
AcDbEntity
  8
0
100
AcDbLine
 10
212.8883219999996
 20
-61.77914999999914
 30
0.0
 11
212.5411039999996
 21
-61.779911999999136
 31
0.0
  0
LINE
  5
A93
330
17
100
AcDbEntity
  8
0
100
AcDbLine
 10
212.5411039999996
 20
-61.779911999999136
 30
0.0
 11
212.1938859999996
 21
-61.78067399999913
 31
0.0
  0
LINE
  5
A94
330
17
100
AcDbEntity
  8
0
100
AcDbLine
 10
212.1938859999996
 20
-61.78067399999913
 30
0.0
 11
211.8466679999996
 21
-61.78143599999913
 31
0.0
  0
LINE
  5
A95
330
17
100
AcDbEntity
  8
0
100
AcDbLine
 10
211.8466679999996
 20
-61.78143599999913
 30
0.0
 11
211.49944999999963
 21
-61.78219799999913
 31
0.0
  0
LINE
  5
A96
330
17
100
AcDbEntity
  8
0
100
AcDbLine
 10
211.49944999999963
 20
-61.78219799999913
 30
0.0
 11
211.15223199999963
 21
-61.78295999999912
 31
0.0
  0
LINE
  5
A97
330
17
100
AcDbEntity
  8
0
100
AcDbLine
 10
211.15223199999963
 20
-61.78295999999912
 30
0.0
 11
210.80501399999963
 21
-61.783721999999116
 31
0.0
  0
LINE
  5
A98
330
17
100
AcDbEntity
  8
0
100
AcDbLine
 10
210.80501399999963
 20
-61.783721999999116
 30
0.0
 11
210.45779599999963
 21
-61.78448399999912
 31
0.0
  0
LINE
  5
A99
330
17
100
AcDbEntity
  8
0
100
AcDbLine
 10
210.45779599999963
 20
-61.78448399999912
 30
0.0
 11
210.11057799999966
 21
-61.78524599999911
 31
0.0
  0
LINE
  5
A9A
330
17
100
AcDbEntity
  8
0
100
AcDbLine
 10
210.11057799999966
 20
-61.78524599999911
 30
0.0
 11
209.76335999999966
 21
-61.78600799999911
 31
0.0
  0
LINE
  5
A9B
330
17
100
AcDbEntity
  8
0
100
AcDbLine
 10
209.76335999999966
 20
-61.78600799999911
 30
0.0
 11
209.41614199999967
 21
-61.7867699999991
 31
0.0
  0
LINE
  5
A9C
330
17
100
AcDbEntity
  8
0
100
AcDbLine
 10
209.41614199999967
 20
-61.7867699999991
 30
0.0
 11
209.0689239999997
 21
-61.7875319999991
 31
0.0
  0
LINE
  5
A9D
330
17
100
AcDbEntity
  8
0
100
AcDbLine
 10
209.0689239999997
 20
-61.7875319999991
 30
0.0
 11
208.7217059999997
 21
-61.7882939999991
 31
0.0
  0
LINE
  5
A9E
330
17
100
AcDbEntity
  8
0
100
AcDbLine
 10
208.7217059999997
 20
-61.7882939999991
 30
0.0
 11
208.3744879999997
 21
-61.78905599999909
 31
0.0
  0
LINE
  5
A9F
330
17
100
AcDbEntity
  8
0
100
AcDbLine
 10
208.3744879999997
 20
-61.78905599999909
 30
0.0
 11
208.0272699999997
 21
-61.78981799999909
 31
0.0
  0
LINE
  5
AA0
330
17
100
AcDbEntity
  8
0
100
AcDbLine
 10
208.0272699999997
 20
-61.78981799999909
 30
0.0
 11
207.68005199999973
 21
-61.79057999999909
 31
0.0
  0
LINE
  5
AA1
330
17
100
AcDbEntity
  8
0
100
AcDbLine
 10
207.68005199999973
 20
-61.79057999999909
 30
0.0
 11
207.33283399999974
 21
-61.791341999999084
 31
0.0
  0
LINE
  5
AA2
330
17
100
AcDbEntity
  8
0
100
AcDbLine
 10
207.33283399999974
 20
-61.791341999999084
 30
0.0
 11
206.98561599999974
 21
-61.79210399999908
 31
0.0
  0
LINE
  5
AA3
330
17
100
AcDbEntity
  8
0
100
AcDbLine
 10
206.98561599999974
 20
-61.79210399999908
 30
0.0
 11
206.63839799999974
 21
-61.79286599999907
 31
0.0
  0
LINE
  5
AA4
330
17
100
AcDbEntity
  8
0
100
AcDbLine
 10
206.63839799999974
 20
-61.79286599999907
 30
0.0
 11
206.29117999999977
 21
-61.793627999999075
 31
0.0
  0
LINE
  5
AA5
330
17
100
AcDbEntity
  8
0
100
AcDbLine
 10
206.29117999999977
 20
-61.793627999999075
 30
0.0
 11
205.94396199999977
 21
-61.79438999999907
 31
0.0
  0
LINE
  5
AA6
330
17
100
AcDbEntity
  8
0
100
AcDbLine
 10
205.94396199999977
 20
-61.79438999999907
 30
0.0
 11
205.59674399999977
 21
-61.795151999999064
 31
0.0
  0
LINE
  5
AA7
330
17
100
AcDbEntity
  8
0
100
AcDbLine
 10
205.59674399999977
 20
-61.795151999999064
 30
0.0
 11
205.2495259999998
 21
-61.79591399999906
 31
0.0
  0
LINE
  5
AA8
330
17
100
AcDbEntity
  8
0
100
AcDbLine
 10
205.2495259999998
 20
-61.79591399999906
 30
0.0
 11
204.9023079999998
 21
-61.79667599999906
 31
0.0
  0
LINE
  5
AA9
330
17
100
AcDbEntity
  8
0
100
AcDbLine
 10
204.9023079999998
 20
-61.79667599999906
 30
0.0
 11
204.5550899999998
 21
-61.797437999999055
 31
0.0
  0
LINE
  5
AAA
330
17
100
AcDbEntity
  8
0
100
AcDbLine
 10
204.5550899999998
 20
-61.797437999999055
 30
0.0
 11
204.2078719999998
 21
-61.79819999999905
 31
0.0
  0
LINE
  5
AAB
330
17
100
AcDbEntity
  8
0
100
AcDbLine
 10
204.2078719999998
 20
-61.79819999999905
 30
0.0
 11
203.86065399999984
 21
-61.798961999999044
 31
0.0
  0
LINE
  5
AAC
330
17
100
AcDbEntity
  8
0
100
AcDbLine
 10
203.86065399999984
 20
-61.798961999999044
 30
0.0
 11
203.51343599999984
 21
-61.799723999999046
 31
0.0
  0
LINE
  5
AAD
330
17
100
AcDbEntity
  8
0
100
AcDbLine
 10
203.51343599999984
 20
-61.799723999999046
 30
0.0
 11
203.16621799999984
 21
-61.80048599999904
 31
0.0
  0
LINE
  5
AAE
330
17
100
AcDbEntity
  8
0
100
AcDbLine
 10
203.16621799999984
 20
-61.80048599999904
 30
0.0
 11
202.81899999999985
 21
-61.801247999999035
 31
0.0
  0
LINE
  5
AAF
330
17
100
AcDbEntity
  8
0
100
AcDbLine
 10
202.81899999999985
 20
-61.801247999999035
 30
0.0
 11
202.69707999999986
 21
-61.876431999999035
 31
0.0
  0
LINE
  5
AB0
330
17
100
AcDbEntity
  8
0
100
AcDbLine
 10
202.69707999999986
 20
-61.876431999999035
 30
0.0
 11
202.57592199999985
 21
-61.94399599999903
 31
0.0
  0
LINE
  5
AB1
330
17
100
AcDbEntity
  8
0
100
AcDbLine
 10
202.57592199999985
 20
-61.94399599999903
 30
0.0
 11
202.45552599999985
 21
-62.00419399999903
 31
0.0
  0
LINE
  5
AB2
330
17
100
AcDbEntity
  8
0
100
AcDbLine
 10
202.45552599999985
 20
-62.00419399999903
 30
0.0
 11
202.33614599999984
 21
-62.05727999999903
 31
0.0
  0
LINE
  5
AB3
330
17
100
AcDbEntity
  8
0
100
AcDbLine
 10
202.33614599999984
 20
-62.05727999999903
 30
0.0
 11
202.21778199999983
 21
-62.10350799999903
 31
0.0
  0
LINE
  5
AB4
330
17
100
AcDbEntity
  8
0
100
AcDbLine
 10
202.21778199999983
 20
-62.10350799999903
 30
0.0
 11
202.10068799999985
 21
-62.14287799999903
 31
0.0
  0
LINE
  5
AB5
330
17
100
AcDbEntity
  8
0
100
AcDbLine
 10
202.10068799999985
 20
-62.14287799999903
 30
0.0
 11
201.98486399999985
 21
-62.175643999999025
 31
0.0
  0
LINE
  5
AB6
330
17
100
AcDbEntity
  8
0
100
AcDbLine
 10
201.98486399999985
 20
-62.175643999999025
 30
0.0
 11
201.87030999999982
 21
-62.20180599999903
 31
0.0
  0
LINE
  5
AB7
330
17
100
AcDbEntity
  8
0
100
AcDbLine
 10
201.87030999999982
 20
-62.20180599999903
 30
0.0
 11
201.75702599999983
 21
-62.22161799999903
 31
0.0
  0
LINE
  5
AB8
330
17
100
AcDbEntity
  8
0
100
AcDbLine
 10
201.75702599999983
 20
-62.22161799999903
 30
0.0
 11
201.6452659999998
 21
-62.23533399999903
 31
0.0
  0
LINE
  5
AB9
330
17
100
AcDbEntity
  8
0
100
AcDbLine
 10
201.6452659999998
 20
-62.23533399999903
 30
0.0
 11
201.5350299999998
 21
-62.24295399999903
 31
0.0
  0
LINE
  5
ABA
330
17
100
AcDbEntity
  8
0
100
AcDbLine
 10
201.5350299999998
 20
-62.24295399999903
 30
0.0
 11
201.4263179999998
 21
-62.24473199999903
 31
0.0
  0
LINE
  5
ABB
330
17
100
AcDbEntity
  8
0
100
AcDbLine
 10
201.4263179999998
 20
-62.24473199999903
 30
0.0
 11
201.31938399999981
 21
-62.24092199999904
 31
0.0
  0
LINE
  5
ABC
330
17
100
AcDbEntity
  8
0
100
AcDbLine
 10
201.31938399999981
 20
-62.24092199999904
 30
0.0
 11
201.2142279999998
 21
-62.231523999999034
 31
0.0
  0
LINE
  5
ABD
330
17
100
AcDbEntity
  8
0
100
AcDbLine
 10
201.2142279999998
 20
-62.231523999999034
 30
0.0
 11
201.1108499999998
 21
-62.21679199999904
 31
0.0
  0
LINE
  5
ABE
330
17
100
AcDbEntity
  8
0
100
AcDbLine
 10
201.1108499999998
 20
-62.21679199999904
 30
0.0
 11
201.0095039999998
 21
-62.19672599999903
 31
0.0
  0
LINE
  5
ABF
330
17
100
AcDbEntity
  8
0
100
AcDbLine
 10
201.0095039999998
 20
-62.19672599999903
 30
0.0
 11
200.9101899999998
 21
-62.17157999999904
 31
0.0
  0
LINE
  5
AC0
330
17
100
AcDbEntity
  8
0
100
AcDbLine
 10
200.9101899999998
 20
-62.17157999999904
 30
0.0
 11
200.8129079999998
 21
-62.14160799999904
 31
0.0
  0
LINE
  5
AC1
330
17
100
AcDbEntity
  8
0
100
AcDbLine
 10
200.8129079999998
 20
-62.14160799999904
 30
0.0
 11
200.71791199999979
 21
-62.10680999999904
 31
0.0
  0
LINE
  5
AC2
330
17
100
AcDbEntity
  8
0
100
AcDbLine
 10
200.71791199999979
 20
-62.10680999999904
 30
0.0
 11
200.62520199999977
 21
-62.06743999999904
 31
0.0
  0
LINE
  5
AC3
330
17
100
AcDbEntity
  8
0
100
AcDbLine
 10
200.62520199999977
 20
-62.06743999999904
 30
0.0
 11
200.5347779999998
 21
-62.023751999999035
 31
0.0
  0
LINE
  5
AC4
330
17
100
AcDbEntity
  8
0
100
AcDbLine
 10
200.5347779999998
 20
-62.023751999999035
 30
0.0
 11
200.4466399999998
 21
-61.97574599999904
 31
0.0
  0
LINE
  5
AC5
330
17
100
AcDbEntity
  8
0
100
AcDbLine
 10
200.4466399999998
 20
-61.97574599999904
 30
0.0
 11
200.3610419999998
 21
-61.923675999999034
 31
0.0
  0
LINE
  5
AC6
330
17
100
AcDbEntity
  8
0
100
AcDbLine
 10
200.3610419999998
 20
-61.923675999999034
 30
0.0
 11
200.2779839999998
 21
-61.867541999999034
 31
0.0
  0
LINE
  5
AC7
330
17
100
AcDbEntity
  8
0
100
AcDbLine
 10
200.2779839999998
 20
-61.867541999999034
 30
0.0
 11
200.19771999999978
 21
-61.80759799999904
 31
0.0
  0
LINE
  5
AC8
330
17
100
AcDbEntity
  8
0
100
AcDbLine
 10
200.19771999999978
 20
-61.80759799999904
 30
0.0
 11
200.1202499999998
 21
-61.744097999999035
 31
0.0
  0
LINE
  5
AC9
330
17
100
AcDbEntity
  8
0
100
AcDbLine
 10
200.1202499999998
 20
-61.744097999999035
 30
0.0
 11
200.04557399999982
 21
-61.677041999999034
 31
0.0
  0
LINE
  5
ACA
330
17
100
AcDbEntity
  8
0
100
AcDbLine
 10
200.04557399999982
 20
-61.677041999999034
 30
0.0
 11
199.9736919999998
 21
-61.60668399999904
 31
0.0
  0
LINE
  5
ACB
330
17
100
AcDbEntity
  8
0
100
AcDbLine
 10
199.9736919999998
 20
-61.60668399999904
 30
0.0
 11
199.90485799999982
 21
-61.533277999999044
 31
0.0
  0
LINE
  5
ACC
330
17
100
AcDbEntity
  8
0
100
AcDbLine
 10
199.90485799999982
 20
-61.533277999999044
 30
0.0
 11
199.83907199999982
 21
-61.456823999999045
 31
0.0
  0
LINE
  5
ACD
330
17
100
AcDbEntity
  8
0
100
AcDbLine
 10
199.83907199999982
 20
-61.456823999999045
 30
0.0
 11
199.77633399999982
 21
-61.377575999999046
 31
0.0
  0
LINE
  5
ACE
330
17
100
AcDbEntity
  8
0
100
AcDbLine
 10
199.77633399999982
 20
-61.377575999999046
 30
0.0
 11
199.71689799999982
 21
-61.29553399999904
 31
0.0
  0
LINE
  5
ACF
330
17
100
AcDbEntity
  8
0
100
AcDbLine
 10
199.71689799999982
 20
-61.29553399999904
 30
0.0
 11
199.6607639999998
 21
-61.211205999999045
 31
0.0
  0
LINE
  5
AD0
330
17
100
AcDbEntity
  8
0
100
AcDbLine
 10
199.6607639999998
 20
-61.211205999999045
 30
0.0
 11
199.6079319999998
 21
-61.124337999999035
 31
0.0
  0
LINE
  5
AD1
330
17
100
AcDbEntity
  8
0
100
AcDbLine
 10
199.6079319999998
 20
-61.124337999999035
 30
0.0
 11
199.55865599999981
 21
-61.03543799999904
 31
0.0
  0
LINE
  5
AD2
330
17
100
AcDbEntity
  8
0
100
AcDbLine
 10
199.55865599999981
 20
-61.03543799999904
 30
0.0
 11
199.51293599999983
 21
-60.94450599999904
 31
0.0
  0
LINE
  5
AD3
330
17
100
AcDbEntity
  8
0
100
AcDbLine
 10
199.51293599999983
 20
-60.94450599999904
 30
0.0
 11
199.4707719999998
 21
-60.851541999999036
 31
0.0
  0
LINE
  5
AD4
330
17
100
AcDbEntity
  8
0
100
AcDbLine
 10
199.4707719999998
 20
-60.851541999999036
 30
0.0
 11
199.43241799999984
 21
-60.75679999999904
 31
0.0
  0
LINE
  5
AD5
330
17
100
AcDbEntity
  8
0
100
AcDbLine
 10
199.43241799999984
 20
-60.75679999999904
 30
0.0
 11
199.39787399999986
 21
-60.66053399999904
 31
0.0
  0
LINE
  5
AD6
330
17
100
AcDbEntity
  8
0
100
AcDbLine
 10
199.39787399999986
 20
-60.66053399999904
 30
0.0
 11
199.36713999999986
 21
-60.56299799999904
 31
0.0
  0
LINE
  5
AD7
330
17
100
AcDbEntity
  8
0
100
AcDbLine
 10
199.36713999999986
 20
-60.56299799999904
 30
0.0
 11
199.34021599999986
 21
-60.46419199999904
 31
0.0
  0
LINE
  5
AD8
330
17
100
AcDbEntity
  8
0
100
AcDbLine
 10
199.34021599999986
 20
-60.46419199999904
 30
0.0
 11
199.31735599999985
 21
-60.36436999999904
 31
0.0
  0
LINE
  5
AD9
330
17
100
AcDbEntity
  8
0
100
AcDbLine
 10
199.31735599999985
 20
-60.36436999999904
 30
0.0
 11
199.29855999999987
 21
-60.263531999999046
 31
0.0
  0
LINE
  5
ADA
330
17
100
AcDbEntity
  8
0
100
AcDbLine
 10
199.29855999999987
 20
-60.263531999999046
 30
0.0
 11
199.28408199999984
 21
-60.16193199999904
 31
0.0
  0
LINE
  5
ADB
330
17
100
AcDbEntity
  8
0
100
AcDbLine
 10
199.28408199999984
 20
-60.16193199999904
 30
0.0
 11
199.27392199999986
 21
-60.05956999999904
 31
0.0
  0
LINE
  5
ADC
330
17
100
AcDbEntity
  8
0
100
AcDbLine
 10
199.27392199999986
 20
-60.05956999999904
 30
0.0
 11
199.26807999999986
 21
-59.956953999999044
 31
0.0
  0
LINE
  5
ADD
330
17
100
AcDbEntity
  8
0
100
AcDbLine
 10
199.26807999999986
 20
-59.956953999999044
 30
0.0
 11
199.26655599999987
 21
-59.85408399999904
 31
0.0
  0
LINE
  5
ADE
330
17
100
AcDbEntity
  8
0
100
AcDbLine
 10
199.26655599999987
 20
-59.85408399999904
 30
0.0
 11
199.26960399999984
 21
-59.75095999999904
 31
0.0
  0
LINE
  5
ADF
330
17
100
AcDbEntity
  8
0
100
AcDbLine
 10
199.26960399999984
 20
-59.75095999999904
 30
0.0
 11
199.27722399999985
 21
-59.64783599999904
 31
0.0
  0
LINE
  5
AE0
330
17
100
AcDbEntity
  8
0
100
AcDbLine
 10
199.27722399999985
 20
-59.64783599999904
 30
0.0
 11
199.28941599999985
 21
-59.54496599999904
 31
0.0
  0
LINE
  5
AE1
330
17
100
AcDbEntity
  8
0
100
AcDbLine
 10
199.28941599999985
 20
-59.54496599999904
 30
0.0
 11
199.30643399999985
 21
-59.442349999999045
 31
0.0
  0
LINE
  5
AE2
330
17
100
AcDbEntity
  8
0
100
AcDbLine
 10
199.30643399999985
 20
-59.442349999999045
 30
0.0
 11
199.32827799999984
 21
-59.340241999999044
 31
0.0
  0
LINE
  5
AE3
330
17
100
AcDbEntity
  8
0
100
AcDbLine
 10
199.32827799999984
 20
-59.340241999999044
 30
0.0
 11
199.35494799999984
 21
-59.238895999999045
 31
0.0
  0
LINE
  5
AE4
330
17
100
AcDbEntity
  8
0
100
AcDbLine
 10
199.35494799999984
 20
-59.238895999999045
 30
0.0
 11
199.38669799999985
 21
-59.13831199999905
 31
0.0
  0
LINE
  5
AE5
330
17
100
AcDbEntity
  8
0
100
AcDbLine
 10
199.38669799999985
 20
-59.13831199999905
 30
0.0
 11
199.42352799999983
 21
-59.03874399999905
 31
0.0
  0
LINE
  5
AE6
330
17
100
AcDbEntity
  8
0
100
AcDbLine
 10
199.42352799999983
 20
-59.03874399999905
 30
0.0
 11
199.46543799999984
 21
-58.94044599999905
 31
0.0
  0
LINE
  5
AE7
330
17
100
AcDbEntity
  8
0
100
AcDbLine
 10
199.46543799999984
 20
-58.94044599999905
 30
0.0
 11
199.51268199999984
 21
-58.84341799999905
 31
0.0
  0
LINE
  5
AE8
330
17
100
AcDbEntity
  8
0
100
AcDbLine
 10
199.51268199999984
 20
-58.84341799999905
 30
0.0
 11
199.56500599999984
 21
-58.747659999999044
 31
0.0
  0
LINE
  5
AE9
330
17
100
AcDbEntity
  8
0
100
AcDbLine
 10
199.56500599999984
 20
-58.747659999999044
 30
0.0
 11
199.62291799999983
 21
-58.65367999999904
 31
0.0
  0
LINE
  5
AEA
330
17
100
AcDbEntity
  8
0
100
AcDbLine
 10
199.62291799999983
 20
-58.65367999999904
 30
0.0
 11
199.68616399999985
 21
-58.56147799999904
 31
0.0
  0
LINE
  5
AEB
330
17
100
AcDbEntity
  8
0
100
AcDbLine
 10
199.68616399999985
 20
-58.56147799999904
 30
0.0
 11
199.75499799999983
 21
-58.47105399999904
 31
0.0
  0
LINE
  5
AEC
330
17
100
AcDbEntity
  8
0
100
AcDbLine
 10
199.75499799999983
 20
-58.47105399999904
 30
0.0
 11
199.82941999999983
 21
-58.38291599999904
 31
0.0
  0
LINE
  5
AED
330
17
100
AcDbEntity
  8
0
100
AcDbLine
 10
199.82941999999983
 20
-58.38291599999904
 30
0.0
 11
199.90968399999983
 21
-58.29706399999905
 31
0.0
  0
LINE
  5
AEE
330
17
100
AcDbEntity
  8
0
100
AcDbLine
 10
199.90968399999983
 20
-58.29706399999905
 30
0.0
 11
199.99553599999984
 21
-58.21349799999904
 31
0.0
  0
LINE
  5
AEF
330
17
100
AcDbEntity
  8
0
100
AcDbLine
 10
199.99553599999984
 20
-58.21349799999904
 30
0.0
 11
200.03236599999983
 21
-58.17031799999905
 31
0.0
  0
LINE
  5
AF0
330
17
100
AcDbEntity
  8
0
100
AcDbLine
 10
200.03236599999983
 20
-58.17031799999905
 30
0.0
 11
200.0976439999998
 21
-58.12993199999905
 31
0.0
  0
LINE
  5
AF1
330
17
100
AcDbEntity
  8
0
100
AcDbLine
 10
200.0976439999998
 20
-58.12993199999905
 30
0.0
 11
200.1906079999998
 21
-58.09233999999905
 31
0.0
  0
LINE
  5
AF2
330
17
100
AcDbEntity
  8
0
100
AcDbLine
 10
200.1906079999998
 20
-58.09233999999905
 30
0.0
 11
200.31024199999982
 21
-58.05754199999905
 31
0.0
  0
LINE
  5
AF3
330
17
100
AcDbEntity
  8
0
100
AcDbLine
 10
200.31024199999982
 20
-58.05754199999905
 30
0.0
 11
200.4555299999998
 21
-58.02528399999905
 31
0.0
  0
LINE
  5
AF4
330
17
100
AcDbEntity
  8
0
100
AcDbLine
 10
200.4555299999998
 20
-58.02528399999905
 30
0.0
 11
200.6257099999998
 21
-57.99556599999905
 31
0.0
  0
LINE
  5
AF5
330
17
100
AcDbEntity
  8
0
100
AcDbLine
 10
200.6257099999998
 20
-57.99556599999905
 30
0.0
 11
200.8200199999998
 21
-57.96838799999905
 31
0.0
  0
LINE
  5
AF6
330
17
100
AcDbEntity
  8
0
100
AcDbLine
 10
200.8200199999998
 20
-57.96838799999905
 30
0.0
 11
201.0374439999998
 21
-57.943495999999044
 31
0.0
  0
LINE
  5
AF7
330
17
100
AcDbEntity
  8
0
100
AcDbLine
 10
201.0374439999998
 20
-57.943495999999044
 30
0.0
 11
201.2769659999998
 21
-57.92088999999905
 31
0.0
  0
LINE
  5
AF8
330
17
100
AcDbEntity
  8
0
100
AcDbLine
 10
201.2769659999998
 20
-57.92088999999905
 30
0.0
 11
201.5378239999998
 21
-57.90056999999904
 31
0.0
  0
LINE
  5
AF9
330
17
100
AcDbEntity
  8
0
100
AcDbLine
 10
201.5378239999998
 20
-57.90056999999904
 30
0.0
 11
201.81900199999978
 21
-57.882281999999044
 31
0.0
  0
LINE
  5
AFA
330
17
100
AcDbEntity
  8
0
100
AcDbLine
 10
201.81900199999978
 20
-57.882281999999044
 30
0.0
 11
202.11973799999978
 21
-57.866025999999046
 31
0.0
  0
LINE
  5
AFB
330
17
100
AcDbEntity
  8
0
100
AcDbLine
 10
202.11973799999978
 20
-57.866025999999046
 30
0.0
 11
202.43901599999978
 21
-57.85180199999904
 31
0.0
  0
LINE
  5
AFC
330
17
100
AcDbEntity
  8
0
100
AcDbLine
 10
202.43901599999978
 20
-57.85180199999904
 30
0.0
 11
202.77607399999977
 21
-57.83960999999904
 31
0.0
  0
LINE
  5
AFD
330
17
100
AcDbEntity
  8
0
100
AcDbLine
 10
202.77607399999977
 20
-57.83960999999904
 30
0.0
 11
203.12989599999977
 21
-57.829195999999044
 31
0.0
  0
LINE
  5
AFE
330
17
100
AcDbEntity
  8
0
100
AcDbLine
 10
203.12989599999977
 20
-57.829195999999044
 30
0.0
 11
203.49946599999979
 21
-57.82055999999904
 31
0.0
  0
LINE
  5
AFF
330
17
100
AcDbEntity
  8
0
100
AcDbLine
 10
203.49946599999979
 20
-57.82055999999904
 30
0.0
 11
203.8840219999998
 21
-57.81344799999905
 31
0.0
  0
LINE
  5
B00
330
17
100
AcDbEntity
  8
0
100
AcDbLine
 10
203.8840219999998
 20
-57.81344799999905
 30
0.0
 11
204.2828019999998
 21
-57.80811399999905
 31
0.0
  0
LINE
  5
B01
330
17
100
AcDbEntity
  8
0
100
AcDbLine
 10
204.2828019999998
 20
-57.80811399999905
 30
0.0
 11
204.69478999999978
 21
-57.80430399999906
 31
0.0
  0
LINE
  5
B02
330
17
100
AcDbEntity
  8
0
100
AcDbLine
 10
204.69478999999978
 20
-57.80430399999906
 30
0.0
 11
205.1189699999998
 21
-57.801763999999054
 31
0.0
  0
LINE
  5
B03
330
17
100
AcDbEntity
  8
0
100
AcDbLine
 10
205.1189699999998
 20
-57.801763999999054
 30
0.0
 11
205.5545799999998
 21
-57.80074799999906
 31
0.0
  0
LINE
  5
B04
330
17
100
AcDbEntity
  8
0
100
AcDbLine
 10
205.5545799999998
 20
-57.80074799999906
 30
0.0
 11
206.00060399999978
 21
-57.80100199999906
 31
0.0
  0
LINE
  5
B05
330
17
100
AcDbEntity
  8
0
100
AcDbLine
 10
206.00060399999978
 20
-57.80100199999906
 30
0.0
 11
206.4562799999998
 21
-57.80252599999906
 31
0.0
  0
LINE
  5
B06
330
17
100
AcDbEntity
  8
0
100
AcDbLine
 10
206.4562799999998
 20
-57.80252599999906
 30
0.0
 11
206.92059199999977
 21
-57.80506599999906
 31
0.0
  0
LINE
  5
B07
330
17
100
AcDbEntity
  8
0
100
AcDbLine
 10
206.92059199999977
 20
-57.80506599999906
 30
0.0
 11
207.3927779999998
 21
-57.80862199999906
 31
0.0
  0
LINE
  5
B08
330
17
100
AcDbEntity
  8
0
100
AcDbLine
 10
207.3927779999998
 20
-57.80862199999906
 30
0.0
 11
207.87182199999978
 21
-57.81319399999906
 31
0.0
  0
LINE
  5
B09
330
17
100
AcDbEntity
  8
0
100
AcDbLine
 10
207.87182199999978
 20
-57.81319399999906
 30
0.0
 11
208.35670799999977
 21
-57.81878199999906
 31
0.0
  0
LINE
  5
B0A
330
17
100
AcDbEntity
  8
0
100
AcDbLine
 10
208.35670799999977
 20
-57.81878199999906
 30
0.0
 11
208.84667399999978
 21
-57.82513199999906
 31
0.0
  0
LINE
  5
B0B
330
17
100
AcDbEntity
  8
0
100
AcDbLine
 10
208.84667399999978
 20
-57.82513199999906
 30
0.0
 11
209.3407039999998
 21
-57.83224399999906
 31
0.0
  0
LINE
  5
B0C
330
17
100
AcDbEntity
  8
0
100
AcDbLine
 10
209.3407039999998
 20
-57.83224399999906
 30
0.0
 11
209.8380359999998
 21
-57.83986399999906
 31
0.0
  0
LINE
  5
B0D
330
17
100
AcDbEntity
  8
0
100
AcDbLine
 10
209.8380359999998
 20
-57.83986399999906
 30
0.0
 11
210.33790799999977
 21
-57.84824599999905
 31
0.0
  0
LINE
  5
B0E
330
17
100
AcDbEntity
  8
0
100
AcDbLine
 10
210.33790799999977
 20
-57.84824599999905
 30
0.0
 11
210.83904999999976
 21
-57.85713599999905
 31
0.0
  0
LINE
  5
B0F
330
17
100
AcDbEntity
  8
0
100
AcDbLine
 10
210.83904999999976
 20
-57.85713599999905
 30
0.0
 11
211.34095399999975
 21
-57.86653399999906
 31
0.0
  0
LINE
  5
B10
330
17
100
AcDbEntity
  8
0
100
AcDbLine
 10
211.34095399999975
 20
-57.86653399999906
 30
0.0
 11
211.84234999999975
 21
-57.87618599999906
 31
0.0
  0
LINE
  5
B11
330
17
100
AcDbEntity
  8
0
100
AcDbLine
 10
211.84234999999975
 20
-57.87618599999906
 30
0.0
 11
212.34247599999978
 21
-57.88609199999905
 31
0.0
  0
LINE
  5
B12
330
17
100
AcDbEntity
  8
0
100
AcDbLine
 10
212.34247599999978
 20
-57.88609199999905
 30
0.0
 11
212.8405699999998
 21
-57.89625199999905
 31
0.0
  0
LINE
  5
B13
330
17
100
AcDbEntity
  8
0
100
AcDbLine
 10
212.8405699999998
 20
-57.89625199999905
 30
0.0
 11
213.33561599999976
 21
-57.90641199999905
 31
0.0
  0
LINE
  5
B14
330
17
100
AcDbEntity
  8
0
100
AcDbLine
 10
213.33561599999976
 20
-57.90641199999905
 30
0.0
 11
213.82659799999976
 21
-57.91682599999905
 31
0.0
  0
LINE
  5
B15
330
17
100
AcDbEntity
  8
0
100
AcDbLine
 10
213.82659799999976
 20
-57.91682599999905
 30
0.0
 11
214.31275399999976
 21
-57.927239999999045
 31
0.0
  0
LINE
  5
B16
330
17
100
AcDbEntity
  8
0
100
AcDbLine
 10
214.31275399999976
 20
-57.927239999999045
 30
0.0
 11
214.7933219999998
 21
-57.937399999999045
 31
0.0
  0
LINE
  5
B17
330
17
100
AcDbEntity
  8
0
100
AcDbLine
 10
214.7933219999998
 20
-57.937399999999045
 30
0.0
 11
215.26728599999979
 21
-57.947305999999045
 31
0.0
  0
LINE
  5
B18
330
17
100
AcDbEntity
  8
0
100
AcDbLine
 10
215.26728599999979
 20
-57.947305999999045
 30
0.0
 11
215.73362999999978
 21
-57.95695799999905
 31
0.0
  0
LINE
  5
B19
330
17
100
AcDbEntity
  8
0
100
AcDbLine
 10
215.73362999999978
 20
-57.95695799999905
 30
0.0
 11
216.19133799999977
 21
-57.966355999999045
 31
0.0
  0
LINE
  5
B1A
330
17
100
AcDbEntity
  8
0
100
AcDbLine
 10
216.19133799999977
 20
-57.966355999999045
 30
0.0
 11
216.63990199999978
 21
-57.975499999999045
 31
0.0
  0
LINE
  5
B1B
330
17
100
AcDbEntity
  8
0
100
AcDbLine
 10
216.63990199999978
 20
-57.975499999999045
 30
0.0
 11
217.0780519999998
 21
-57.98413599999905
 31
0.0
  0
LINE
  5
B1C
330
17
100
AcDbEntity
  8
0
100
AcDbLine
 10
217.0780519999998
 20
-57.98413599999905
 30
0.0
 11
217.5050259999998
 21
-57.99200999999905
 31
0.0
  0
LINE
  5
B1D
330
17
100
AcDbEntity
  8
0
100
AcDbLine
 10
217.5050259999998
 20
-57.99200999999905
 30
0.0
 11
217.9200619999998
 21
-57.999375999999046
 31
0.0
  0
LINE
  5
B1E
330
17
100
AcDbEntity
  8
0
100
AcDbLine
 10
217.9200619999998
 20
-57.999375999999046
 30
0.0
 11
218.32214399999978
 21
-58.00597999999905
 31
0.0
  0
LINE
  5
B1F
330
17
100
AcDbEntity
  8
0
100
AcDbLine
 10
218.32214399999978
 20
-58.00597999999905
 30
0.0
 11
218.7102559999998
 21
-58.01182199999905
 31
0.0
  0
LINE
  5
B20
330
17
100
AcDbEntity
  8
0
100
AcDbLine
 10
218.7102559999998
 20
-58.01182199999905
 30
0.0
 11
219.08363599999979
 21
-58.01690199999905
 31
0.0
  0
LINE
  5
B21
330
17
100
AcDbEntity
  8
0
100
AcDbLine
 10
219.08363599999979
 20
-58.01690199999905
 30
0.0
 11
219.4415219999998
 21
-58.02096599999905
 31
0.0
  0
LINE
  5
B22
330
17
100
AcDbEntity
  8
0
100
AcDbLine
 10
219.4415219999998
 20
-58.02096599999905
 30
0.0
 11
219.78264399999978
 21
-58.02401399999905
 31
0.0
  0
LINE
  5
B23
330
17
100
AcDbEntity
  8
0
100
AcDbLine
 10
219.78264399999978
 20
-58.02401399999905
 30
0.0
 11
220.10649399999977
 21
-58.02579199999905
 31
0.0
  0
LINE
  5
B24
330
17
100
AcDbEntity
  8
0
100
AcDbLine
 10
220.10649399999977
 20
-58.02579199999905
 30
0.0
 11
220.41180199999977
 21
-58.026553999999045
 31
0.0
  0
LINE
  5
B25
330
17
100
AcDbEntity
  8
0
100
AcDbLine
 10
220.41180199999977
 20
-58.026553999999045
 30
0.0
 11
220.6978059999998
 21
-58.02604599999904
 31
0.0
  0
LINE
  5
B26
330
17
100
AcDbEntity
  8
0
100
AcDbLine
 10
220.6978059999998
 20
-58.02604599999904
 30
0.0
 11
220.9637439999998
 21
-58.02426799999904
 31
0.0
  0
LINE
  5
B27
330
17
100
AcDbEntity
  8
0
100
AcDbLine
 10
220.9637439999998
 20
-58.02426799999904
 30
0.0
 11
221.2085999999998
 21
-58.02096599999904
 31
0.0
  0
LINE
  5
B28
330
17
100
AcDbEntity
  8
0
100
AcDbLine
 10
221.2085999999998
 20
-58.02096599999904
 30
0.0
 11
221.4316119999998
 21
-58.01613999999904
 31
0.0
  0
LINE
  5
B29
330
17
100
AcDbEntity
  8
0
100
AcDbLine
 10
221.4316119999998
 20
-58.01613999999904
 30
0.0
 11
221.63150999999982
 21
-58.009789999999036
 31
0.0
  0
LINE
  5
B2A
330
17
100
AcDbEntity
  8
0
100
AcDbLine
 10
221.63150999999982
 20
-58.009789999999036
 30
0.0
 11
221.8077859999998
 21
-58.00166199999904
 31
0.0
  0
LINE
  5
B2B
330
17
100
AcDbEntity
  8
0
100
AcDbLine
 10
221.8077859999998
 20
-58.00166199999904
 30
0.0
 11
221.9594239999998
 21
-57.992009999999034
 31
0.0
  0
LINE
  5
B2C
330
17
100
AcDbEntity
  8
0
100
AcDbLine
 10
221.9594239999998
 20
-57.992009999999034
 30
0.0
 11
222.0854079999998
 21
-57.98057999999904
 31
0.0
  0
LINE
  5
B2D
330
17
100
AcDbEntity
  8
0
100
AcDbLine
 10
222.0854079999998
 20
-57.98057999999904
 30
0.0
 11
222.1849759999998
 21
-57.96711799999904
 31
0.0
  0
LINE
  5
B2E
330
17
100
AcDbEntity
  8
0
100
AcDbLine
 10
222.1849759999998
 20
-57.96711799999904
 30
0.0
 11
222.2571119999998
 21
-57.951623999999036
 31
0.0
  0
LINE
  5
B2F
330
17
100
AcDbEntity
  8
0
100
AcDbLine
 10
222.2571119999998
 20
-57.951623999999036
 30
0.0
 11
222.25025399999979
 21
-57.935621999999036
 31
0.0
  0
LINE
  5
B30
330
17
100
AcDbEntity
  8
0
100
AcDbLine
 10
222.25025399999979
 20
-57.935621999999036
 30
0.0
 11
222.2433959999998
 21
-57.918603999999036
 31
0.0
  0
LINE
  5
B31
330
17
100
AcDbEntity
  8
0
100
AcDbLine
 10
222.2433959999998
 20
-57.918603999999036
 30
0.0
 11
222.23628399999978
 21
-57.900569999999036
 31
0.0
  0
LINE
  5
B32
330
17
100
AcDbEntity
  8
0
100
AcDbLine
 10
222.23628399999978
 20
-57.900569999999036
 30
0.0
 11
222.22917199999978
 21
-57.88151999999904
 31
0.0
  0
LINE
  5
B33
330
17
100
AcDbEntity
  8
0
100
AcDbLine
 10
222.22917199999978
 20
-57.88151999999904
 30
0.0
 11
222.22205999999977
 21
-57.861453999999036
 31
0.0
  0
LINE
  5
B34
330
17
100
AcDbEntity
  8
0
100
AcDbLine
 10
222.22205999999977
 20
-57.861453999999036
 30
0.0
 11
222.21494799999977
 21
-57.84062599999904
 31
0.0
  0
LINE
  5
B35
330
17
100
AcDbEntity
  8
0
100
AcDbLine
 10
222.21494799999977
 20
-57.84062599999904
 30
0.0
 11
222.20783599999976
 21
-57.81878199999903
 31
0.0
  0
LINE
  5
B36
330
17
100
AcDbEntity
  8
0
100
AcDbLine
 10
222.20783599999976
 20
-57.81878199999903
 30
0.0
 11
222.20072399999975
 21
-57.79592199999904
 31
0.0
  0
LINE
  5
B37
330
17
100
AcDbEntity
  8
0
100
AcDbLine
 10
222.20072399999975
 20
-57.79592199999904
 30
0.0
 11
222.19361199999975
 21
-57.772299999999035
 31
0.0
  0
LINE
  5
B38
330
17
100
AcDbEntity
  8
0
100
AcDbLine
 10
222.19361199999975
 20
-57.772299999999035
 30
0.0
 11
222.18649999999974
 21
-57.74766199999904
 31
0.0
  0
LINE
  5
B39
330
17
100
AcDbEntity
  8
0
100
AcDbLine
 10
222.18649999999974
 20
-57.74766199999904
 30
0.0
 11
222.17938799999973
 21
-57.722261999999034
 31
0.0
  0
LINE
  5
B3A
330
17
100
AcDbEntity
  8
0
100
AcDbLine
 10
222.17938799999973
 20
-57.722261999999034
 30
0.0
 11
222.17202199999974
 21
-57.696099999999035
 31
0.0
  0
LINE
  5
B3B
330
17
100
AcDbEntity
  8
0
100
AcDbLine
 10
222.17202199999974
 20
-57.696099999999035
 30
0.0
 11
222.16490999999974
 21
-57.669175999999034
 31
0.0
  0
LINE
  5
B3C
330
17
100
AcDbEntity
  8
0
100
AcDbLine
 10
222.16490999999974
 20
-57.669175999999034
 30
0.0
 11
222.15779799999973
 21
-57.64148999999903
 31
0.0
  0
LINE
  5
B3D
330
17
100
AcDbEntity
  8
0
100
AcDbLine
 10
222.15779799999973
 20
-57.64148999999903
 30
0.0
 11
222.15068599999972
 21
-57.613041999999034
 31
0.0
  0
LINE
  5
B3E
330
17
100
AcDbEntity
  8
0
100
AcDbLine
 10
222.15068599999972
 20
-57.613041999999034
 30
0.0
 11
222.14357399999972
 21
-57.583831999999035
 31
0.0
  0
LINE
  5
B3F
330
17
100
AcDbEntity
  8
0
100
AcDbLine
 10
222.14357399999972
 20
-57.583831999999035
 30
0.0
 11
222.1364619999997
 21
-57.553859999999034
 31
0.0
  0
LINE
  5
B40
330
17
100
AcDbEntity
  8
0
100
AcDbLine
 10
222.1364619999997
 20
-57.553859999999034
 30
0.0
 11
222.1293499999997
 21
-57.52312599999903
 31
0.0
  0
LINE
  5
B41
330
17
100
AcDbEntity
  8
0
100
AcDbLine
 10
222.1293499999997
 20
-57.52312599999903
 30
0.0
 11
222.1222379999997
 21
-57.491629999999034
 31
0.0
  0
LINE
  5
B42
330
17
100
AcDbEntity
  8
0
100
AcDbLine
 10
222.1222379999997
 20
-57.491629999999034
 30
0.0
 11
222.1151259999997
 21
-57.459625999999034
 31
0.0
  0
LINE
  5
B43
330
17
100
AcDbEntity
  8
0
100
AcDbLine
 10
222.1151259999997
 20
-57.459625999999034
 30
0.0
 11
222.10801399999968
 21
-57.42685999999903
 31
0.0
  0
LINE
  5
B44
330
17
100
AcDbEntity
  8
0
100
AcDbLine
 10
222.10801399999968
 20
-57.42685999999903
 30
0.0
 11
222.10090199999968
 21
-57.393331999999035
 31
0.0
  0
LINE
  5
B45
330
17
100
AcDbEntity
  8
0
100
AcDbLine
 10
222.10090199999968
 20
-57.393331999999035
 30
0.0
 11
222.09404399999968
 21
-57.359295999999034
 31
0.0
  0
LINE
  5
B46
330
17
100
AcDbEntity
  8
0
100
AcDbLine
 10
222.09404399999968
 20
-57.359295999999034
 30
0.0
 11
222.08718599999966
 21
-57.32475199999904
 31
0.0
  0
LINE
  5
B47
330
17
100
AcDbEntity
  8
0
100
AcDbLine
 10
222.08718599999966
 20
-57.32475199999904
 30
0.0
 11
222.08032799999967
 21
-57.28944599999903
 31
0.0
  0
LINE
  5
B48
330
17
100
AcDbEntity
  8
0
100
AcDbLine
 10
222.08032799999967
 20
-57.28944599999903
 30
0.0
 11
222.07346999999965
 21
-57.25363199999904
 31
0.0
  0
LINE
  5
B49
330
17
100
AcDbEntity
  8
0
100
AcDbLine
 10
222.07346999999965
 20
-57.25363199999904
 30
0.0
 11
222.06686599999966
 21
-57.21730999999904
 31
0.0
  0
LINE
  5
B4A
330
17
100
AcDbEntity
  8
0
100
AcDbLine
 10
222.06686599999966
 20
-57.21730999999904
 30
0.0
 11
222.06026199999965
 21
-57.18047999999904
 31
0.0
  0
LINE
  5
B4B
330
17
100
AcDbEntity
  8
0
100
AcDbLine
 10
222.06026199999965
 20
-57.18047999999904
 30
0.0
 11
222.05365799999967
 21
-57.14314199999904
 31
0.0
  0
LINE
  5
B4C
330
17
100
AcDbEntity
  8
0
100
AcDbLine
 10
222.05365799999967
 20
-57.14314199999904
 30
0.0
 11
222.0470539999997
 21
-57.105295999999036
 31
0.0
  0
LINE
  5
B4D
330
17
100
AcDbEntity
  8
0
100
AcDbLine
 10
222.0470539999997
 20
-57.105295999999036
 30
0.0
 11
222.0407039999997
 21
-57.06694199999903
 31
0.0
  0
LINE
  5
B4E
330
17
100
AcDbEntity
  8
0
100
AcDbLine
 10
222.0407039999997
 20
-57.06694199999903
 30
0.0
 11
222.0343539999997
 21
-57.028079999999036
 31
0.0
  0
LINE
  5
B4F
330
17
100
AcDbEntity
  8
0
100
AcDbLine
 10
222.0343539999997
 20
-57.028079999999036
 30
0.0
 11
222.0282579999997
 21
-56.98896399999904
 31
0.0
  0
LINE
  5
B50
330
17
100
AcDbEntity
  8
0
100
AcDbLine
 10
222.0282579999997
 20
-56.98896399999904
 30
0.0
 11
222.0221619999997
 21
-56.94933999999903
 31
0.0
  0
LINE
  5
B51
330
17
100
AcDbEntity
  8
0
100
AcDbLine
 10
222.0221619999997
 20
-56.94933999999903
 30
0.0
 11
222.0163199999997
 21
-56.90920799999904
 31
0.0
  0
LINE
  5
B52
330
17
100
AcDbEntity
  8
0
100
AcDbLine
 10
222.0163199999997
 20
-56.90920799999904
 30
0.0
 11
222.0104779999997
 21
-56.86882199999904
 31
0.0
  0
LINE
  5
B53
330
17
100
AcDbEntity
  8
0
100
AcDbLine
 10
222.0104779999997
 20
-56.86882199999904
 30
0.0
 11
222.0046359999997
 21
-56.82792799999904
 31
0.0
  0
LINE
  5
B54
330
17
100
AcDbEntity
  8
0
100
AcDbLine
 10
222.0046359999997
 20
-56.82792799999904
 30
0.0
 11
221.99904799999968
 21
-56.78677999999904
 31
0.0
  0
LINE
  5
B55
330
17
100
AcDbEntity
  8
0
100
AcDbLine
 10
221.99904799999968
 20
-56.78677999999904
 30
0.0
 11
221.99345999999966
 21
-56.745377999999036
 31
0.0
  0
LINE
  5
B56
330
17
100
AcDbEntity
  8
0
100
AcDbLine
 10
221.99345999999966
 20
-56.745377999999036
 30
0.0
 11
221.98812599999968
 21
-56.70372199999904
 31
0.0
  0
LINE
  5
B57
330
17
100
AcDbEntity
  8
0
100
AcDbLine
 10
221.98812599999968
 20
-56.70372199999904
 30
0.0
 11
221.98304599999966
 21
-56.66181199999904
 31
0.0
  0
LINE
  5
B58
330
17
100
AcDbEntity
  8
0
100
AcDbLine
 10
221.98304599999966
 20
-56.66181199999904
 30
0.0
 11
221.97796599999967
 21
-56.61939399999904
 31
0.0
  0
LINE
  5
B59
330
17
100
AcDbEntity
  8
0
100
AcDbLine
 10
221.97796599999967
 20
-56.61939399999904
 30
0.0
 11
221.9731399999997
 21
-56.57697599999904
 31
0.0
  0
LINE
  5
B5A
330
17
100
AcDbEntity
  8
0
100
AcDbLine
 10
221.9731399999997
 20
-56.57697599999904
 30
0.0
 11
221.96831399999968
 21
-56.53430399999904
 31
0.0
  0
LINE
  5
B5B
330
17
100
AcDbEntity
  8
0
100
AcDbLine
 10
221.96831399999968
 20
-56.53430399999904
 30
0.0
 11
221.96374199999966
 21
-56.49137799999904
 31
0.0
  0
LINE
  5
B5C
330
17
100
AcDbEntity
  8
0
100
AcDbLine
 10
221.96374199999966
 20
-56.49137799999904
 30
0.0
 11
221.95942399999964
 21
-56.44819799999904
 31
0.0
  0
LINE
  5
B5D
330
17
100
AcDbEntity
  8
0
100
AcDbLine
 10
221.95942399999964
 20
-56.44819799999904
 30
0.0
 11
221.95510599999963
 21
-56.40476399999904
 31
0.0
  0
LINE
  5
B5E
330
17
100
AcDbEntity
  8
0
100
AcDbLine
 10
221.95510599999963
 20
-56.40476399999904
 30
0.0
 11
221.95104199999966
 21
-56.36132999999904
 31
0.0
  0
LINE
  5
B5F
330
17
100
AcDbEntity
  8
0
100
AcDbLine
 10
221.95104199999966
 20
-56.36132999999904
 30
0.0
 11
221.94723199999964
 21
-56.31764199999905
 31
0.0
  0
LINE
  5
B60
330
17
100
AcDbEntity
  8
0
100
AcDbLine
 10
221.94723199999964
 20
-56.31764199999905
 30
0.0
 11
221.94342199999966
 21
-56.273953999999044
 31
0.0
  0
LINE
  5
B61
330
17
100
AcDbEntity
  8
0
100
AcDbLine
 10
221.94342199999966
 20
-56.273953999999044
 30
0.0
 11
221.93986599999965
 21
-56.23001199999904
 31
0.0
  0
LINE
  5
B62
330
17
100
AcDbEntity
  8
0
100
AcDbLine
 10
221.93986599999965
 20
-56.23001199999904
 30
0.0
 11
221.93656399999963
 21
-56.18606999999904
 31
0.0
  0
LINE
  5
B63
330
17
100
AcDbEntity
  8
0
100
AcDbLine
 10
221.93656399999963
 20
-56.18606999999904
 30
0.0
 11
221.93351599999966
 21
-56.14212799999904
 31
0.0
  0
LINE
  5
B64
330
17
100
AcDbEntity
  8
0
100
AcDbLine
 10
221.93351599999966
 20
-56.14212799999904
 30
0.0
 11
221.93072199999966
 21
-56.098185999999046
 31
0.0
  0
LINE
  5
B65
330
17
100
AcDbEntity
  8
0
100
AcDbLine
 10
221.93072199999966
 20
-56.098185999999046
 30
0.0
 11
221.92792799999967
 21
-56.054243999999045
 31
0.0
  0
LINE
  5
B66
330
17
100
AcDbEntity
  8
0
100
AcDbLine
 10
221.92792799999967
 20
-56.054243999999045
 30
0.0
 11
221.92538799999969
 21
-56.010301999999044
 31
0.0
  0
LINE
  5
B67
330
17
100
AcDbEntity
  8
0
100
AcDbLine
 10
221.92538799999969
 20
-56.010301999999044
 30
0.0
 11
221.9231019999997
 21
-55.96635999999904
 31
0.0
  0
LINE
  5
B68
330
17
100
AcDbEntity
  8
0
100
AcDbLine
 10
221.9231019999997
 20
-55.96635999999904
 30
0.0
 11
221.92106999999967
 21
-55.92241799999904
 31
0.0
  0
LINE
  5
B69
330
17
100
AcDbEntity
  8
0
100
AcDbLine
 10
221.92106999999967
 20
-55.92241799999904
 30
0.0
 11
221.91929199999967
 21
-55.87847599999904
 31
0.0
  0
LINE
  5
B6A
330
17
100
AcDbEntity
  8
0
100
AcDbLine
 10
221.91929199999967
 20
-55.87847599999904
 30
0.0
 11
221.91776799999968
 21
-55.83453399999904
 31
0.0
  0
LINE
  5
B6B
330
17
100
AcDbEntity
  8
0
100
AcDbLine
 10
221.91776799999968
 20
-55.83453399999904
 30
0.0
 11
221.91649799999968
 21
-55.79084599999904
 31
0.0
  0
LINE
  5
B6C
330
17
100
AcDbEntity
  8
0
100
AcDbLine
 10
221.91649799999968
 20
-55.79084599999904
 30
0.0
 11
221.91548199999968
 21
-55.74715799999904
 31
0.0
  0
LINE
  5
B6D
330
17
100
AcDbEntity
  8
0
100
AcDbLine
 10
221.91548199999968
 20
-55.74715799999904
 30
0.0
 11
221.91471999999968
 21
-55.70372399999904
 31
0.0
  0
LINE
  5
B6E
330
17
100
AcDbEntity
  8
0
100
AcDbLine
 10
221.91471999999968
 20
-55.70372399999904
 30
0.0
 11
221.91421199999968
 21
-55.660289999999044
 31
0.0
  0
LINE
  5
B6F
330
17
100
AcDbEntity
  8
0
100
AcDbLine
 10
221.91421199999968
 20
-55.660289999999044
 30
0.0
 11
221.5278779999997
 21
-55.646065999999045
 31
0.0
  0
LINE
  5
B70
330
17
100
AcDbEntity
  8
0
100
AcDbLine
 10
221.5278779999997
 20
-55.646065999999045
 30
0.0
 11
221.1415439999997
 21
-55.63184199999904
 31
0.0
  0
LINE
  5
B71
330
17
100
AcDbEntity
  8
0
100
AcDbLine
 10
221.1415439999997
 20
-55.63184199999904
 30
0.0
 11
220.75520999999972
 21
-55.617617999999034
 31
0.0
  0
LINE
  5
B72
330
17
100
AcDbEntity
  8
0
100
AcDbLine
 10
220.75520999999972
 20
-55.617617999999034
 30
0.0
 11
220.36887599999972
 21
-55.603393999999035
 31
0.0
  0
LINE
  5
B73
330
17
100
AcDbEntity
  8
0
100
AcDbLine
 10
220.36887599999972
 20
-55.603393999999035
 30
0.0
 11
219.98254199999974
 21
-55.58916999999903
 31
0.0
  0
LINE
  5
B74
330
17
100
AcDbEntity
  8
0
100
AcDbLine
 10
219.98254199999974
 20
-55.58916999999903
 30
0.0
 11
219.59620799999976
 21
-55.57494599999903
 31
0.0
  0
LINE
  5
B75
330
17
100
AcDbEntity
  8
0
100
AcDbLine
 10
219.59620799999976
 20
-55.57494599999903
 30
0.0
 11
219.20987399999976
 21
-55.560721999999025
 31
0.0
  0
LINE
  5
B76
330
17
100
AcDbEntity
  8
0
100
AcDbLine
 10
219.20987399999976
 20
-55.560721999999025
 30
0.0
 11
218.82353999999978
 21
-55.54649799999902
 31
0.0
  0
LINE
  5
B77
330
17
100
AcDbEntity
  8
0
100
AcDbLine
 10
218.82353999999978
 20
-55.54649799999902
 30
0.0
 11
218.43720599999978
 21
-55.53227399999902
 31
0.0
  0
LINE
  5
B78
330
17
100
AcDbEntity
  8
0
100
AcDbLine
 10
218.43720599999978
 20
-55.53227399999902
 30
0.0
 11
218.0508719999998
 21
-55.518049999999015
 31
0.0
  0
LINE
  5
B79
330
17
100
AcDbEntity
  8
0
100
AcDbLine
 10
218.0508719999998
 20
-55.518049999999015
 30
0.0
 11
217.6645379999998
 21
-55.503825999999016
 31
0.0
  0
LINE
  5
B7A
330
17
100
AcDbEntity
  8
0
100
AcDbLine
 10
217.6645379999998
 20
-55.503825999999016
 30
0.0
 11
217.27820399999982
 21
-55.48960199999901
 31
0.0
  0
LINE
  5
B7B
330
17
100
AcDbEntity
  8
0
100
AcDbLine
 10
217.27820399999982
 20
-55.48960199999901
 30
0.0
 11
216.8918699999998
 21
-55.475377999999004
 31
0.0
  0
LINE
  5
B7C
330
17
100
AcDbEntity
  8
0
100
AcDbLine
 10
216.8918699999998
 20
-55.475377999999004
 30
0.0
 11
216.50553599999984
 21
-55.461153999999006
 31
0.0
  0
LINE
  5
B7D
330
17
100
AcDbEntity
  8
0
100
AcDbLine
 10
216.50553599999984
 20
-55.461153999999006
 30
0.0
 11
216.11920199999983
 21
-55.446929999999
 31
0.0
  0
LINE
  5
B7E
330
17
100
AcDbEntity
  8
0
100
AcDbLine
 10
216.11920199999983
 20
-55.446929999999
 30
0.0
 11
215.73286799999985
 21
-55.432705999999
 31
0.0
  0
LINE
  5
B7F
330
17
100
AcDbEntity
  8
0
100
AcDbLine
 10
215.73286799999985
 20
-55.432705999999
 30
0.0
 11
215.34653399999988
 21
-55.418481999998995
 31
0.0
  0
LINE
  5
B80
330
17
100
AcDbEntity
  8
0
100
AcDbLine
 10
215.34653399999988
 20
-55.418481999998995
 30
0.0
 11
214.96019999999987
 21
-55.40425799999899
 31
0.0
  0
LINE
  5
B81
330
17
100
AcDbEntity
  8
0
100
AcDbLine
 10
214.96019999999987
 20
-55.40425799999899
 30
0.0
 11
214.5738659999999
 21
-55.39003399999899
 31
0.0
  0
LINE
  5
B82
330
17
100
AcDbEntity
  8
0
100
AcDbLine
 10
214.5738659999999
 20
-55.39003399999899
 30
0.0
 11
214.1875319999999
 21
-55.375809999998985
 31
0.0
  0
LINE
  5
B83
330
17
100
AcDbEntity
  8
0
100
AcDbLine
 10
214.1875319999999
 20
-55.375809999998985
 30
0.0
 11
213.8011979999999
 21
-55.36158599999899
 31
0.0
  0
LINE
  5
B84
330
17
100
AcDbEntity
  8
0
100
AcDbLine
 10
213.8011979999999
 20
-55.36158599999899
 30
0.0
 11
213.4148639999999
 21
-55.34736199999898
 31
0.0
  0
LINE
  5
B85
330
17
100
AcDbEntity
  8
0
100
AcDbLine
 10
213.4148639999999
 20
-55.34736199999898
 30
0.0
 11
213.02852999999993
 21
-55.333137999998975
 31
0.0
  0
LINE
  5
B86
330
17
100
AcDbEntity
  8
0
100
AcDbLine
 10
213.02852999999993
 20
-55.333137999998975
 30
0.0
 11
212.64219599999993
 21
-55.318913999998976
 31
0.0
  0
LINE
  5
B87
330
17
100
AcDbEntity
  8
0
100
AcDbLine
 10
212.64219599999993
 20
-55.318913999998976
 30
0.0
 11
212.25586199999995
 21
-55.30468999999897
 31
0.0
  0
LINE
  5
B88
330
17
100
AcDbEntity
  8
0
100
AcDbLine
 10
212.25586199999995
 20
-55.30468999999897
 30
0.0
 11
211.86952799999997
 21
-55.29046599999897
 31
0.0
  0
LINE
  5
B89
330
17
100
AcDbEntity
  8
0
100
AcDbLine
 10
211.86952799999997
 20
-55.29046599999897
 30
0.0
 11
211.48319399999997
 21
-55.276241999998966
 31
0.0
  0
LINE
  5
B8A
330
17
100
AcDbEntity
  8
0
100
AcDbLine
 10
211.48319399999997
 20
-55.276241999998966
 30
0.0
 11
211.09686
 21
-55.26201799999896
 31
0.0
  0
LINE
  5
B8B
330
17
100
AcDbEntity
  8
0
100
AcDbLine
 10
211.09686
 20
-55.26201799999896
 30
0.0
 11
210.710526
 21
-55.24779399999896
 31
0.0
  0
LINE
  5
B8C
330
17
100
AcDbEntity
  8
0
100
AcDbLine
 10
210.710526
 20
-55.24779399999896
 30
0.0
 11
210.324192
 21
-55.233569999998956
 31
0.0
  0
LINE
  5
B8D
330
17
100
AcDbEntity
  8
0
100
AcDbLine
 10
210.324192
 20
-55.233569999998956
 30
0.0
 11
209.937858
 21
-55.21934599999896
 31
0.0
  0
LINE
  5
B8E
330
17
100
AcDbEntity
  8
0
100
AcDbLine
 10
209.937858
 20
-55.21934599999896
 30
0.0
 11
209.55152400000003
 21
-55.20512199999895
 31
0.0
  0
LINE
  5
B8F
330
17
100
AcDbEntity
  8
0
100
AcDbLine
 10
209.55152400000003
 20
-55.20512199999895
 30
0.0
 11
209.16519000000002
 21
-55.190897999998946
 31
0.0
  0
LINE
  5
B90
330
17
100
AcDbEntity
  8
0
100
AcDbLine
 10
209.16519000000002
 20
-55.190897999998946
 30
0.0
 11
208.77885600000005
 21
-55.17667399999895
 31
0.0
  0
LINE
  5
B91
330
17
100
AcDbEntity
  8
0
100
AcDbLine
 10
208.77885600000005
 20
-55.17667399999895
 30
0.0
 11
208.39252200000007
 21
-55.16244999999894
 31
0.0
  0
LINE
  5
B92
330
17
100
AcDbEntity
  8
0
100
AcDbLine
 10
208.39252200000007
 20
-55.16244999999894
 30
0.0
 11
208.00618800000007
 21
-55.14822599999894
 31
0.0
  0
LINE
  5
B93
330
17
100
AcDbEntity
  8
0
100
AcDbLine
 10
208.00618800000007
 20
-55.14822599999894
 30
0.0
 11
207.6198540000001
 21
-55.13400199999894
 31
0.0
  0
LINE
  5
B94
330
17
100
AcDbEntity
  8
0
100
AcDbLine
 10
207.6198540000001
 20
-55.13400199999894
 30
0.0
 11
207.23352000000008
 21
-55.11977799999893
 31
0.0
  0
LINE
  5
B95
330
17
100
AcDbEntity
  8
0
100
AcDbLine
 10
207.23352000000008
 20
-55.11977799999893
 30
0.0
 11
206.8471860000001
 21
-55.10555399999893
 31
0.0
  0
LINE
  5
B96
330
17
100
AcDbEntity
  8
0
100
AcDbLine
 10
206.8471860000001
 20
-55.10555399999893
 30
0.0
 11
206.4608520000001
 21
-55.091329999998926
 31
0.0
  0
LINE
  5
B97
330
17
100
AcDbEntity
  8
0
100
AcDbLine
 10
206.4608520000001
 20
-55.091329999998926
 30
0.0
 11
206.07451800000013
 21
-55.07710599999893
 31
0.0
  0
LINE
  5
B98
330
17
100
AcDbEntity
  8
0
100
AcDbLine
 10
206.07451800000013
 20
-55.07710599999893
 30
0.0
 11
205.68818400000012
 21
-55.06288199999892
 31
0.0
  0
LINE
  5
B99
330
17
100
AcDbEntity
  8
0
100
AcDbLine
 10
205.68818400000012
 20
-55.06288199999892
 30
0.0
 11
205.30185000000014
 21
-55.048657999998916
 31
0.0
  0
LINE
  5
B9A
330
17
100
AcDbEntity
  8
0
100
AcDbLine
 10
205.30185000000014
 20
-55.048657999998916
 30
0.0
 11
204.91551600000014
 21
-55.03443399999892
 31
0.0
  0
LINE
  5
B9B
330
17
100
AcDbEntity
  8
0
100
AcDbLine
 10
204.91551600000014
 20
-55.03443399999892
 30
0.0
 11
204.52918200000016
 21
-55.02020999999891
 31
0.0
  0
LINE
  5
B9C
330
17
100
AcDbEntity
  8
0
100
AcDbLine
 10
204.52918200000016
 20
-55.02020999999891
 30
0.0
 11
204.14284800000019
 21
-55.00598599999891
 31
0.0
  0
LINE
  5
B9D
330
17
100
AcDbEntity
  8
0
100
AcDbLine
 10
204.14284800000019
 20
-55.00598599999891
 30
0.0
 11
203.75651400000018
 21
-54.99176199999891
 31
0.0
  0
LINE
  5
B9E
330
17
100
AcDbEntity
  8
0
100
AcDbLine
 10
203.75651400000018
 20
-54.99176199999891
 30
0.0
 11
203.3701800000002
 21
-54.9775379999989
 31
0.0
  0
LINE
  5
B9F
330
17
100
AcDbEntity
  8
0
100
AcDbLine
 10
203.3701800000002
 20
-54.9775379999989
 30
0.0
 11
202.9838460000002
 21
-54.9633139999989
 31
0.0
  0
LINE
  5
BA0
330
17
100
AcDbEntity
  8
0
100
AcDbLine
 10
202.9838460000002
 20
-54.9633139999989
 30
0.0
 11
202.59751200000022
 21
-54.9490899999989
 31
0.0
  0
LINE
  5
BA1
330
17
100
AcDbEntity
  8
0
100
AcDbLine
 10
202.59751200000022
 20
-54.9490899999989
 30
0.0
 11
202.21117800000022
 21
-54.9348659999989
 31
0.0
  0
LINE
  5
BA2
330
17
100
AcDbEntity
  8
0
100
AcDbLine
 10
202.21117800000022
 20
-54.9348659999989
 30
0.0
 11
201.82484400000024
 21
-54.92064199999889
 31
0.0
  0
LINE
  5
BA3
330
17
100
AcDbEntity
  8
0
100
AcDbLine
 10
201.82484400000024
 20
-54.92064199999889
 30
0.0
 11
201.43851000000024
 21
-54.90641799999889
 31
0.0
  0
LINE
  5
BA4
330
17
100
AcDbEntity
  8
0
100
AcDbLine
 10
201.43851000000024
 20
-54.90641799999889
 30
0.0
 11
201.05217600000026
 21
-54.89219399999889
 31
0.0
  0
LINE
  5
BA5
330
17
100
AcDbEntity
  8
0
100
AcDbLine
 10
201.05217600000026
 20
-54.89219399999889
 30
0.0
 11
200.66584200000028
 21
-54.87796999999888
 31
0.0
  0
LINE
  5
BA6
330
17
100
AcDbEntity
  8
0
100
AcDbLine
 10
200.66584200000028
 20
-54.87796999999888
 30
0.0
 11
200.27950800000028
 21
-54.86374599999888
 31
0.0
  0
LINE
  5
BA7
330
17
100
AcDbEntity
  8
0
100
AcDbLine
 10
200.27950800000028
 20
-54.86374599999888
 30
0.0
 11
199.8931740000003
 21
-54.84952199999888
 31
0.0
  0
LINE
  5
BA8
330
17
100
AcDbEntity
  8
0
100
AcDbLine
 10
199.8931740000003
 20
-54.84952199999888
 30
0.0
 11
199.5068400000003
 21
-54.83529799999887
 31
0.0
  0
LINE
  5
BA9
330
17
100
AcDbEntity
  8
0
100
AcDbLine
 10
199.5068400000003
 20
-54.83529799999887
 30
0.0
 11
199.12050600000032
 21
-54.82107399999887
 31
0.0
  0
LINE
  5
BAA
330
17
100
AcDbEntity
  8
0
100
AcDbLine
 10
199.12050600000032
 20
-54.82107399999887
 30
0.0
 11
198.7341720000003
 21
-54.80684999999887
 31
0.0
  0
LINE
  5
BAB
330
17
100
AcDbEntity
  8
0
100
AcDbLine
 10
198.7341720000003
 20
-54.80684999999887
 30
0.0
 11
198.34783800000034
 21
-54.79262599999887
 31
0.0
  0
LINE
  5
BAC
330
17
100
AcDbEntity
  8
0
100
AcDbLine
 10
198.34783800000034
 20
-54.79262599999887
 30
0.0
 11
197.96150400000033
 21
-54.77840199999886
 31
0.0
  0
LINE
  5
BAD
330
17
100
AcDbEntity
  8
0
100
AcDbLine
 10
197.96150400000033
 20
-54.77840199999886
 30
0.0
 11
197.57517000000036
 21
-54.76417799999886
 31
0.0
  0
LINE
  5
BAE
330
17
100
AcDbEntity
  8
0
100
AcDbLine
 10
197.57517000000036
 20
-54.76417799999886
 30
0.0
 11
197.18883600000038
 21
-54.74995399999886
 31
0.0
  0
LINE
  5
BAF
330
17
100
AcDbEntity
  8
0
100
AcDbLine
 10
197.18883600000038
 20
-54.74995399999886
 30
0.0
 11
197.13117800000038
 21
-54.97575999999886
 31
0.0
  0
LINE
  5
BB0
330
17
100
AcDbEntity
  8
0
100
AcDbLine
 10
197.13117800000038
 20
-54.97575999999886
 30
0.0
 11
197.07352000000037
 21
-55.20156599999886
 31
0.0
  0
LINE
  5
BB1
330
17
100
AcDbEntity
  8
0
100
AcDbLine
 10
197.07352000000037
 20
-55.20156599999886
 30
0.0
 11
197.0158620000004
 21
-55.42737199999886
 31
0.0
  0
LINE
  5
BB2
330
17
100
AcDbEntity
  8
0
100
AcDbLine
 10
197.0158620000004
 20
-55.42737199999886
 30
0.0
 11
196.9582040000004
 21
-55.65317799999887
 31
0.0
  0
LINE
  5
BB3
330
17
100
AcDbEntity
  8
0
100
AcDbLine
 10
196.9582040000004
 20
-55.65317799999887
 30
0.0
 11
196.9005460000004
 21
-55.87898399999887
 31
0.0
  0
LINE
  5
BB4
330
17
100
AcDbEntity
  8
0
100
AcDbLine
 10
196.9005460000004
 20
-55.87898399999887
 30
0.0
 11
196.8428880000004
 21
-56.10478999999887
 31
0.0
  0
LINE
  5
BB5
330
17
100
AcDbEntity
  8
0
100
AcDbLine
 10
196.8428880000004
 20
-56.10478999999887
 30
0.0
 11
196.7852300000004
 21
-56.33059599999888
 31
0.0
  0
LINE
  5
BB6
330
17
100
AcDbEntity
  8
0
100
AcDbLine
 10
196.7852300000004
 20
-56.33059599999888
 30
0.0
 11
196.7275720000004
 21
-56.556401999998876
 31
0.0
  0
LINE
  5
BB7
330
17
100
AcDbEntity
  8
0
100
AcDbLine
 10
196.7275720000004
 20
-56.556401999998876
 30
0.0
 11
196.66991400000043
 21
-56.78220799999888
 31
0.0
  0
LINE
  5
BB8
330
17
100
AcDbEntity
  8
0
100
AcDbLine
 10
196.66991400000043
 20
-56.78220799999888
 30
0.0
 11
196.61225600000043
 21
-57.00801399999888
 31
0.0
  0
LINE
  5
BB9
330
17
100
AcDbEntity
  8
0
100
AcDbLine
 10
196.61225600000043
 20
-57.00801399999888
 30
0.0
 11
196.55459800000042
 21
-57.233819999998886
 31
0.0
  0
LINE
  5
BBA
330
17
100
AcDbEntity
  8
0
100
AcDbLine
 10
196.55459800000042
 20
-57.233819999998886
 30
0.0
 11
196.49694000000045
 21
-57.459625999998885
 31
0.0
  0
LINE
  5
BBB
330
17
100
AcDbEntity
  8
0
100
AcDbLine
 10
196.49694000000045
 20
-57.459625999998885
 30
0.0
 11
196.43928200000045
 21
-57.68543199999889
 31
0.0
  0
LINE
  5
BBC
330
17
100
AcDbEntity
  8
0
100
AcDbLine
 10
196.43928200000045
 20
-57.68543199999889
 30
0.0
 11
196.38162400000044
 21
-57.911237999998896
 31
0.0
  0
LINE
  5
BBD
330
17
100
AcDbEntity
  8
0
100
AcDbLine
 10
196.38162400000044
 20
-57.911237999998896
 30
0.0
 11
196.32396600000047
 21
-58.137043999998895
 31
0.0
  0
LINE
  5
BBE
330
17
100
AcDbEntity
  8
0
100
AcDbLine
 10
196.32396600000047
 20
-58.137043999998895
 30
0.0
 11
196.26630800000046
 21
-58.3628499999989
 31
0.0
  0
LINE
  5
BBF
330
17
100
AcDbEntity
  8
0
100
AcDbLine
 10
196.26630800000046
 20
-58.3628499999989
 30
0.0
 11
196.20865000000046
 21
-58.5886559999989
 31
0.0
  0
LINE
  5
BC0
330
17
100
AcDbEntity
  8
0
100
AcDbLine
 10
196.20865000000046
 20
-58.5886559999989
 30
0.0
 11
196.15099200000049
 21
-58.814461999998905
 31
0.0
  0
LINE
  5
BC1
330
17
100
AcDbEntity
  8
0
100
AcDbLine
 10
196.15099200000049
 20
-58.814461999998905
 30
0.0
 11
196.09333400000048
 21
-59.0402679999989
 31
0.0
  0
LINE
  5
BC2
330
17
100
AcDbEntity
  8
0
100
AcDbLine
 10
196.09333400000048
 20
-59.0402679999989
 30
0.0
 11
196.03567600000048
 21
-59.26607399999891
 31
0.0
  0
LINE
  5
BC3
330
17
100
AcDbEntity
  8
0
100
AcDbLine
 10
196.03567600000048
 20
-59.26607399999891
 30
0.0
 11
195.9780180000005
 21
-59.49187999999891
 31
0.0
  0
LINE
  5
BC4
330
17
100
AcDbEntity
  8
0
100
AcDbLine
 10
195.9780180000005
 20
-59.49187999999891
 30
0.0
 11
195.9203600000005
 21
-59.71768599999891
 31
0.0
  0
LINE
  5
BC5
330
17
100
AcDbEntity
  8
0
100
AcDbLine
 10
195.9203600000005
 20
-59.71768599999891
 30
0.0
 11
195.8627020000005
 21
-59.94349199999892
 31
0.0
  0
LINE
  5
BC6
330
17
100
AcDbEntity
  8
0
100
AcDbLine
 10
195.8627020000005
 20
-59.94349199999892
 30
0.0
 11
195.80504400000052
 21
-60.16929799999892
 31
0.0
  0
LINE
  5
BC7
330
17
100
AcDbEntity
  8
0
100
AcDbLine
 10
195.80504400000052
 20
-60.16929799999892
 30
0.0
 11
195.74738600000052
 21
-60.39510399999892
 31
0.0
  0
LINE
  5
BC8
330
17
100
AcDbEntity
  8
0
100
AcDbLine
 10
195.74738600000052
 20
-60.39510399999892
 30
0.0
 11
195.6897280000005
 21
-60.62090999999892
 31
0.0
  0
LINE
  5
BC9
330
17
100
AcDbEntity
  8
0
100
AcDbLine
 10
195.6897280000005
 20
-60.62090999999892
 30
0.0
 11
195.63207000000054
 21
-60.84671599999893
 31
0.0
  0
LINE
  5
BCA
330
17
100
AcDbEntity
  8
0
100
AcDbLine
 10
195.63207000000054
 20
-60.84671599999893
 30
0.0
 11
195.57441200000054
 21
-61.072521999998926
 31
0.0
  0
LINE
  5
BCB
330
17
100
AcDbEntity
  8
0
100
AcDbLine
 10
195.57441200000054
 20
-61.072521999998926
 30
0.0
 11
195.51675400000053
 21
-61.29832799999893
 31
0.0
  0
LINE
  5
BCC
330
17
100
AcDbEntity
  8
0
100
AcDbLine
 10
195.51675400000053
 20
-61.29832799999893
 30
0.0
 11
195.45909600000056
 21
-61.52413399999893
 31
0.0
  0
LINE
  5
BCD
330
17
100
AcDbEntity
  8
0
100
AcDbLine
 10
195.45909600000056
 20
-61.52413399999893
 30
0.0
 11
195.40143800000055
 21
-61.74993999999894
 31
0.0
  0
LINE
  5
BCE
330
17
100
AcDbEntity
  8
0
100
AcDbLine
 10
195.40143800000055
 20
-61.74993999999894
 30
0.0
 11
195.34378000000058
 21
-61.975745999998935
 31
0.0
  0
LINE
  5
BCF
330
17
100
AcDbEntity
  8
0
100
AcDbLine
 10
195.34378000000058
 20
-61.975745999998935
 30
0.0
 11
195.28612200000057
 21
-62.20155199999894
 31
0.0
  0
LINE
  5
BD0
330
17
100
AcDbEntity
  8
0
100
AcDbLine
 10
195.28612200000057
 20
-62.20155199999894
 30
0.0
 11
195.22846400000057
 21
-62.42735799999895
 31
0.0
  0
LINE
  5
BD1
330
17
100
AcDbEntity
  8
0
100
AcDbLine
 10
195.22846400000057
 20
-62.42735799999895
 30
0.0
 11
195.1708060000006
 21
-62.653163999998945
 31
0.0
  0
LINE
  5
BD2
330
17
100
AcDbEntity
  8
0
100
AcDbLine
 10
195.1708060000006
 20
-62.653163999998945
 30
0.0
 11
195.1131480000006
 21
-62.87896999999895
 31
0.0
  0
LINE
  5
BD3
330
17
100
AcDbEntity
  8
0
100
AcDbLine
 10
195.1131480000006
 20
-62.87896999999895
 30
0.0
 11
195.0554900000006
 21
-63.10477599999895
 31
0.0
  0
LINE
  5
BD4
330
17
100
AcDbEntity
  8
0
100
AcDbLine
 10
195.0554900000006
 20
-63.10477599999895
 30
0.0
 11
194.9978320000006
 21
-63.330581999998955
 31
0.0
  0
LINE
  5
BD5
330
17
100
AcDbEntity
  8
0
100
AcDbLine
 10
194.9978320000006
 20
-63.330581999998955
 30
0.0
 11
194.9401740000006
 21
-63.556387999998954
 31
0.0
  0
LINE
  5
BD6
330
17
100
AcDbEntity
  8
0
100
AcDbLine
 10
194.9401740000006
 20
-63.556387999998954
 30
0.0
 11
194.8825160000006
 21
-63.78219399999896
 31
0.0
  0
LINE
  5
BD7
330
17
100
AcDbEntity
  8
0
100
AcDbLine
 10
194.8825160000006
 20
-63.78219399999896
 30
0.0
 11
194.82485800000063
 21
-64.00799999999896
 31
0.0
  0
LINE
  5
BD8
330
17
100
AcDbEntity
  8
0
100
AcDbLine
 10
194.82485800000063
 20
-64.00799999999896
 30
0.0
 11
194.76720000000063
 21
-64.23380599999896
 31
0.0
  0
LINE
  5
BD9
330
17
100
AcDbEntity
  8
0
100
AcDbLine
 10
194.76720000000063
 20
-64.23380599999896
 30
0.0
 11
194.70954200000062
 21
-64.45961199999897
 31
0.0
  0
LINE
  5
BDA
330
17
100
AcDbEntity
  8
0
100
AcDbLine
 10
194.70954200000062
 20
-64.45961199999897
 30
0.0
 11
194.65188400000065
 21
-64.68541799999898
 31
0.0
  0
LINE
  5
BDB
330
17
100
AcDbEntity
  8
0
100
AcDbLine
 10
194.65188400000065
 20
-64.68541799999898
 30
0.0
 11
194.59422600000065
 21
-64.91122399999897
 31
0.0
  0
LINE
  5
BDC
330
17
100
AcDbEntity
  8
0
100
AcDbLine
 10
194.59422600000065
 20
-64.91122399999897
 30
0.0
 11
194.53656800000064
 21
-65.13702999999897
 31
0.0
  0
LINE
  5
BDD
330
17
100
AcDbEntity
  8
0
100
AcDbLine
 10
194.53656800000064
 20
-65.13702999999897
 30
0.0
 11
194.47891000000067
 21
-65.36283599999898
 31
0.0
  0
LINE
  5
BDE
330
17
100
AcDbEntity
  8
0
100
AcDbLine
 10
194.47891000000067
 20
-65.36283599999898
 30
0.0
 11
194.42125200000066
 21
-65.58864199999898
 31
0.0
  0
LINE
  5
BDF
330
17
100
AcDbEntity
  8
0
100
AcDbLine
 10
194.42125200000066
 20
-65.58864199999898
 30
0.0
 11
194.36359400000066
 21
-65.81444799999898
 31
0.0
  0
LINE
  5
BE0
330
17
100
AcDbEntity
  8
0
100
AcDbLine
 10
194.36359400000066
 20
-65.81444799999898
 30
0.0
 11
194.30593600000068
 21
-66.04025399999898
 31
0.0
  0
LINE
  5
BE1
330
17
100
AcDbEntity
  8
0
100
AcDbLine
 10
194.30593600000068
 20
-66.04025399999898
 30
0.0
 11
194.24827800000068
 21
-66.26605999999899
 31
0.0
  0
LINE
  5
BE2
330
17
100
AcDbEntity
  8
0
100
AcDbLine
 10
194.24827800000068
 20
-66.26605999999899
 30
0.0
 11
194.19062000000068
 21
-66.49186599999899
 31
0.0
  0
LINE
  5
BE3
330
17
100
AcDbEntity
  8
0
100
AcDbLine
 10
194.19062000000068
 20
-66.49186599999899
 30
0.0
 11
194.1329620000007
 21
-66.717671999999
 31
0.0
  0
LINE
  5
BE4
330
17
100
AcDbEntity
  8
0
100
AcDbLine
 10
194.1329620000007
 20
-66.717671999999
 30
0.0
 11
194.0753040000007
 21
-66.94347799999899
 31
0.0
  0
LINE
  5
BE5
330
17
100
AcDbEntity
  8
0
100
AcDbLine
 10
194.0753040000007
 20
-66.94347799999899
 30
0.0
 11
194.0176460000007
 21
-67.169283999999
 31
0.0
  0
LINE
  5
BE6
330
17
100
AcDbEntity
  8
0
100
AcDbLine
 10
194.0176460000007
 20
-67.169283999999
 30
0.0
 11
193.95998800000072
 21
-67.395089999999
 31
0.0
  0
LINE
  5
BE7
330
17
100
AcDbEntity
  8
0
100
AcDbLine
 10
193.95998800000072
 20
-67.395089999999
 30
0.0
 11
193.90233000000072
 21
-67.62089599999901
 31
0.0
  0
LINE
  5
BE8
330
17
100
AcDbEntity
  8
0
100
AcDbLine
 10
193.90233000000072
 20
-67.62089599999901
 30
0.0
 11
193.8446720000007
 21
-67.846701999999
 31
0.0
  0
LINE
  5
BE9
330
17
100
AcDbEntity
  8
0
100
AcDbLine
 10
193.8446720000007
 20
-67.846701999999
 30
0.0
 11
193.78701400000074
 21
-68.072507999999
 31
0.0
  0
LINE
  5
BEA
330
17
100
AcDbEntity
  8
0
100
AcDbLine
 10
193.78701400000074
 20
-68.072507999999
 30
0.0
 11
193.72935600000073
 21
-68.29831399999901
 31
0.0
  0
LINE
  5
BEB
330
17
100
AcDbEntity
  8
0
100
AcDbLine
 10
193.72935600000073
 20
-68.29831399999901
 30
0.0
 11
193.67169800000073
 21
-68.52411999999902
 31
0.0
  0
LINE
  5
BEC
330
17
100
AcDbEntity
  8
0
100
AcDbLine
 10
193.67169800000073
 20
-68.52411999999902
 30
0.0
 11
193.61404000000076
 21
-68.74992599999902
 31
0.0
  0
LINE
  5
BED
330
17
100
AcDbEntity
  8
0
100
AcDbLine
 10
193.61404000000076
 20
-68.74992599999902
 30
0.0
 11
193.55638200000075
 21
-68.97573199999901
 31
0.0
  0
LINE
  5
BEE
330
17
100
AcDbEntity
  8
0
100
AcDbLine
 10
193.55638200000075
 20
-68.97573199999901
 30
0.0
 11
193.49872400000078
 21
-69.20153799999902
 31
0.0
  0
LINE
  5
BEF
330
17
100
AcDbEntity
  8
0
100
AcDbLine
 10
193.49872400000078
 20
-69.20153799999902
 30
0.0
 11
194.49618200000077
 21
-69.19671199999902
 31
0.0
  0
LINE
  5
BF0
330
17
100
AcDbEntity
  8
0
100
AcDbLine
 10
194.49618200000077
 20
-69.19671199999902
 30
0.0
 11
195.49364000000077
 21
-69.19188599999902
 31
0.0
  0
LINE
  5
BF1
330
17
100
AcDbEntity
  8
0
100
AcDbLine
 10
195.49364000000077
 20
-69.19188599999902
 30
0.0
 11
196.4910980000008
 21
-69.18705999999902
 31
0.0
  0
LINE
  5
BF2
330
17
100
AcDbEntity
  8
0
100
AcDbLine
 10
196.4910980000008
 20
-69.18705999999902
 30
0.0
 11
197.48855600000078
 21
-69.18223399999901
 31
0.0
  0
LINE
  5
BF3
330
17
100
AcDbEntity
  8
0
100
AcDbLine
 10
197.48855600000078
 20
-69.18223399999901
 30
0.0
 11
198.48601400000078
 21
-69.17740799999902
 31
0.0
  0
LINE
  5
BF4
330
17
100
AcDbEntity
  8
0
100
AcDbLine
 10
198.48601400000078
 20
-69.17740799999902
 30
0.0
 11
199.4834720000008
 21
-69.17258199999901
 31
0.0
  0
LINE
  5
BF5
330
17
100
AcDbEntity
  8
0
100
AcDbLine
 10
199.4834720000008
 20
-69.17258199999901
 30
0.0
 11
200.4809300000008
 21
-69.16775599999902
 31
0.0
  0
LINE
  5
BF6
330
17
100
AcDbEntity
  8
0
100
AcDbLine
 10
200.4809300000008
 20
-69.16775599999902
 30
0.0
 11
201.47838800000082
 21
-69.16292999999901
 31
0.0
  0
LINE
  5
BF7
330
17
100
AcDbEntity
  8
0
100
AcDbLine
 10
201.47838800000082
 20
-69.16292999999901
 30
0.0
 11
202.47584600000081
 21
-69.15810399999901
 31
0.0
  0
LINE
  5
BF8
330
17
100
AcDbEntity
  8
0
100
AcDbLine
 10
202.47584600000081
 20
-69.15810399999901
 30
0.0
 11
203.4733040000008
 21
-69.153277999999
 31
0.0
  0
LINE
  5
BF9
330
17
100
AcDbEntity
  8
0
100
AcDbLine
 10
203.4733040000008
 20
-69.153277999999
 30
0.0
 11
204.47076200000083
 21
-69.14845199999901
 31
0.0
  0
LINE
  5
BFA
330
17
100
AcDbEntity
  8
0
100
AcDbLine
 10
204.47076200000083
 20
-69.14845199999901
 30
0.0
 11
205.46822000000083
 21
-69.143625999999
 31
0.0
  0
LINE
  5
BFB
330
17
100
AcDbEntity
  8
0
100
AcDbLine
 10
205.46822000000083
 20
-69.143625999999
 30
0.0
 11
206.46567800000082
 21
-69.13879999999901
 31
0.0
  0
LINE
  5
BFC
330
17
100
AcDbEntity
  8
0
100
AcDbLine
 10
206.46567800000082
 20
-69.13879999999901
 30
0.0
 11
207.46313600000084
 21
-69.133973999999
 31
0.0
  0
LINE
  5
BFD
330
17
100
AcDbEntity
  8
0
100
AcDbLine
 10
207.46313600000084
 20
-69.133973999999
 30
0.0
 11
208.46059400000084
 21
-69.129147999999
 31
0.0
  0
LINE
  5
BFE
330
17
100
AcDbEntity
  8
0
100
AcDbLine
 10
208.46059400000084
 20
-69.129147999999
 30
0.0
 11
209.45805200000086
 21
-69.124321999999
 31
0.0
  0
LINE
  5
BFF
330
17
100
AcDbEntity
  8
0
100
AcDbLine
 10
209.45805200000086
 20
-69.124321999999
 30
0.0
 11
210.45551000000086
 21
-69.119495999999
 31
0.0
  0
LINE
  5
C00
330
17
100
AcDbEntity
  8
0
100
AcDbLine
 10
210.45551000000086
 20
-69.119495999999
 30
0.0
 11
211.45296800000085
 21
-69.114669999999
 31
0.0
  0
LINE
  5
C01
330
17
100
AcDbEntity
  8
0
100
AcDbLine
 10
211.45296800000085
 20
-69.114669999999
 30
0.0
 11
212.45042600000087
 21
-69.109843999999
 31
0.0
  0
LINE
  5
C02
330
17
100
AcDbEntity
  8
0
100
AcDbLine
 10
212.45042600000087
 20
-69.109843999999
 30
0.0
 11
213.44788400000087
 21
-69.10501799999899
 31
0.0
  0
LINE
  5
C03
330
17
100
AcDbEntity
  8
0
100
AcDbLine
 10
213.44788400000087
 20
-69.10501799999899
 30
0.0
 11
214.44534200000086
 21
-69.10019199999898
 31
0.0
  0
LINE
  5
C04
330
17
100
AcDbEntity
  8
0
100
AcDbLine
 10
214.44534200000086
 20
-69.10019199999898
 30
0.0
 11
215.4428000000009
 21
-69.09536599999899
 31
0.0
  0
LINE
  5
C05
330
17
100
AcDbEntity
  8
0
100
AcDbLine
 10
215.4428000000009
 20
-69.09536599999899
 30
0.0
 11
216.44025800000088
 21
-69.09053999999898
 31
0.0
  0
LINE
  5
C06
330
17
100
AcDbEntity
  8
0
100
AcDbLine
 10
216.44025800000088
 20
-69.09053999999898
 30
0.0
 11
217.4377160000009
 21
-69.08571399999899
 31
0.0
  0
LINE
  5
C07
330
17
100
AcDbEntity
  8
0
100
AcDbLine
 10
217.4377160000009
 20
-69.08571399999899
 30
0.0
 11
218.4351740000009
 21
-69.08088799999898
 31
0.0
  0
LINE
  5
C08
330
17
100
AcDbEntity
  8
0
100
AcDbLine
 10
218.4351740000009
 20
-69.08088799999898
 30
0.0
 11
219.4326320000009
 21
-69.07606199999898
 31
0.0
  0
LINE
  5
C09
330
17
100
AcDbEntity
  8
0
100
AcDbLine
 10
219.4326320000009
 20
-69.07606199999898
 30
0.0
 11
220.43009000000092
 21
-69.07123599999898
 31
0.0
  0
LINE
  5
C0A
330
17
100
AcDbEntity
  8
0
100
AcDbLine
 10
220.43009000000092
 20
-69.07123599999898
 30
0.0
 11
221.4275480000009
 21
-69.06640999999898
 31
0.0
  0
LINE
  5
C0B
330
17
100
AcDbEntity
  8
0
100
AcDbLine
 10
221.4275480000009
 20
-69.06640999999898
 30
0.0
 11
222.4250060000009
 21
-69.06158399999897
 31
0.0
  0
LINE
  5
C0C
330
17
100
AcDbEntity
  8
0
100
AcDbLine
 10
222.4250060000009
 20
-69.06158399999897
 30
0.0
 11
223.42246400000093
 21
-69.05675799999898
 31
0.0
  0
LINE
  5
C0D
330
17
100
AcDbEntity
  8
0
100
AcDbLine
 10
223.42246400000093
 20
-69.05675799999898
 30
0.0
 11
224.41992200000092
 21
-69.05193199999897
 31
0.0
  0
LINE
  5
C0E
330
17
100
AcDbEntity
  8
0
100
AcDbLine
 10
224.41992200000092
 20
-69.05193199999897
 30
0.0
 11
225.41738000000095
 21
-69.04710599999898
 31
0.0
  0
LINE
  5
C0F
330
17
100
AcDbEntity
  8
0
100
AcDbLine
 10
225.41738000000095
 20
-69.04710599999898
 30
0.0
 11
226.41483800000094
 21
-69.04227999999897
 31
0.0
  0
LINE
  5
C10
330
17
100
AcDbEntity
  8
0
100
AcDbLine
 10
226.41483800000094
 20
-69.04227999999897
 30
0.0
 11
227.41229600000094
 21
-69.03745399999897
 31
0.0
  0
LINE
  5
C11
330
17
100
AcDbEntity
  8
0
100
AcDbLine
 10
227.41229600000094
 20
-69.03745399999897
 30
0.0
 11
228.40975400000096
 21
-69.03262799999897
 31
0.0
  0
LINE
  5
C12
330
17
100
AcDbEntity
  8
0
100
AcDbLine
 10
228.40975400000096
 20
-69.03262799999897
 30
0.0
 11
229.40721200000095
 21
-69.02780199999897
 31
0.0
  0
LINE
  5
C13
330
17
100
AcDbEntity
  8
0
100
AcDbLine
 10
229.40721200000095
 20
-69.02780199999897
 30
0.0
 11
230.40467000000095
 21
-69.02297599999896
 31
0.0
  0
LINE
  5
C14
330
17
100
AcDbEntity
  8
0
100
AcDbLine
 10
230.40467000000095
 20
-69.02297599999896
 30
0.0
 11
231.40212800000097
 21
-69.01814999999897
 31
0.0
  0
LINE
  5
C15
330
17
100
AcDbEntity
  8
0
100
AcDbLine
 10
231.40212800000097
 20
-69.01814999999897
 30
0.0
 11
232.39958600000097
 21
-69.01332399999896
 31
0.0
  0
LINE
  5
C16
330
17
100
AcDbEntity
  8
0
100
AcDbLine
 10
232.39958600000097
 20
-69.01332399999896
 30
0.0
 11
233.397044000001
 21
-69.00849799999897
 31
0.0
  0
LINE
  5
C17
330
17
100
AcDbEntity
  8
0
100
AcDbLine
 10
233.397044000001
 20
-69.00849799999897
 30
0.0
 11
234.39450200000098
 21
-69.00367199999896
 31
0.0
  0
LINE
  5
C18
330
17
100
AcDbEntity
  8
0
100
AcDbLine
 10
234.39450200000098
 20
-69.00367199999896
 30
0.0
 11
235.39196000000098
 21
-68.99884599999896
 31
0.0
  0
LINE
  5
C19
330
17
100
AcDbEntity
  8
0
100
AcDbLine
 10
235.39196000000098
 20
-68.99884599999896
 30
0.0
 11
236.389418000001
 21
-68.99401999999895
 31
0.0
  0
LINE
  5
C1A
330
17
100
AcDbEntity
  8
0
100
AcDbLine
 10
236.389418000001
 20
-68.99401999999895
 30
0.0
 11
237.386876000001
 21
-68.98919399999896
 31
0.0
  0
LINE
  5
C1B
330
17
100
AcDbEntity
  8
0
100
AcDbLine
 10
237.386876000001
 20
-68.98919399999896
 30
0.0
 11
238.384334000001
 21
-68.98436799999895
 31
0.0
  0
LINE
  5
C1C
330
17
100
AcDbEntity
  8
0
100
AcDbLine
 10
238.384334000001
 20
-68.98436799999895
 30
0.0
 11
239.381792000001
 21
-68.97954199999896
 31
0.0
  0
LINE
  5
C1D
330
17
100
AcDbEntity
  8
0
100
AcDbLine
 10
239.381792000001
 20
-68.97954199999896
 30
0.0
 11
240.379250000001
 21
-68.97471599999895
 31
0.0
  0
LINE
  5
C1E
330
17
100
AcDbEntity
  8
0
100
AcDbLine
 10
240.379250000001
 20
-68.97471599999895
 30
0.0
 11
241.37670800000103
 21
-68.96988999999895
 31
0.0
  0
LINE
  5
C1F
330
17
100
AcDbEntity
  8
0
100
AcDbLine
 10
241.37670800000103
 20
-68.96988999999895
 30
0.0
 11
242.37416600000103
 21
-68.96506399999895
 31
0.0
  0
LINE
  5
C20
330
17
100
AcDbEntity
  8
0
100
AcDbLine
 10
242.37416600000103
 20
-68.96506399999895
 30
0.0
 11
243.37162400000102
 21
-68.96023799999895
 31
0.0
  0
LINE
  5
C21
330
17
100
AcDbEntity
  8
0
100
AcDbLine
 10
243.37162400000102
 20
-68.96023799999895
 30
0.0
 11
244.36908200000104
 21
-68.95541199999894
 31
0.0
  0
LINE
  5
C22
330
17
100
AcDbEntity
  8
0
100
AcDbLine
 10
244.36908200000104
 20
-68.95541199999894
 30
0.0
 11
245.36654000000104
 21
-68.95058599999895
 31
0.0
  0
LINE
  5
C23
330
17
100
AcDbEntity
  8
0
100
AcDbLine
 10
245.36654000000104
 20
-68.95058599999895
 30
0.0
 11
246.36399800000103
 21
-68.94575999999894
 31
0.0
  0
LINE
  5
C24
330
17
100
AcDbEntity
  8
0
100
AcDbLine
 10
246.36399800000103
 20
-68.94575999999894
 30
0.0
 11
247.36145600000106
 21
-68.94093399999895
 31
0.0
  0
LINE
  5
C25
330
17
100
AcDbEntity
  8
0
100
AcDbLine
 10
247.36145600000106
 20
-68.94093399999895
 30
0.0
 11
248.35891400000105
 21
-68.93610799999894
 31
0.0
  0
LINE
  5
C26
330
17
100
AcDbEntity
  8
0
100
AcDbLine
 10
248.35891400000105
 20
-68.93610799999894
 30
0.0
 11
249.35637200000107
 21
-68.93128199999894
 31
0.0
  0
LINE
  5
C27
330
17
100
AcDbEntity
  8
0
100
AcDbLine
 10
249.35637200000107
 20
-68.93128199999894
 30
0.0
 11
250.35383000000107
 21
-68.92645599999894
 31
0.0
  0
LINE
  5
C28
330
17
100
AcDbEntity
  8
0
100
AcDbLine
 10
250.35383000000107
 20
-68.92645599999894
 30
0.0
 11
251.35128800000106
 21
-68.92162999999894
 31
0.0
  0
LINE
  5
C29
330
17
100
AcDbEntity
  8
0
100
AcDbLine
 10
251.35128800000106
 20
-68.92162999999894
 30
0.0
 11
252.34874600000109
 21
-68.91680399999893
 31
0.0
  0
LINE
  5
C2A
330
17
100
AcDbEntity
  8
0
100
AcDbLine
 10
252.34874600000109
 20
-68.91680399999893
 30
0.0
 11
253.34620400000108
 21
-68.91197799999894
 31
0.0
  0
LINE
  5
C2B
330
17
100
AcDbEntity
  8
0
100
AcDbLine
 10
253.34620400000108
 20
-68.91197799999894
 30
0.0
 11
254.34366200000107
 21
-68.90715199999893
 31
0.0
  0
LINE
  5
C2C
330
17
100
AcDbEntity
  8
0
100
AcDbLine
 10
254.34366200000107
 20
-68.90715199999893
 30
0.0
 11
255.3411200000011
 21
-68.90232599999894
 31
0.0
  0
LINE
  5
C2D
330
17
100
AcDbEntity
  8
0
100
AcDbLine
 10
255.3411200000011
 20
-68.90232599999894
 30
0.0
 11
256.3385780000011
 21
-68.89749999999893
 31
0.0
  0
LINE
  5
C2E
330
17
100
AcDbEntity
  8
0
100
AcDbLine
 10
256.3385780000011
 20
-68.89749999999893
 30
0.0
 11
257.3360360000011
 21
-68.89267399999893
 31
0.0
  0
LINE
  5
C2F
330
17
100
AcDbEntity
  8
0
100
AcDbLine
 10
257.3360360000011
 20
-68.89267399999893
 30
0.0
 11
257.38353400000113
 21
-68.70826999999893
 31
0.0
  0
LINE
  5
C30
330
17
100
AcDbEntity
  8
0
100
AcDbLine
 10
257.38353400000113
 20
-68.70826999999893
 30
0.0
 11
257.4310320000011
 21
-68.52386599999893
 31
0.0
  0
LINE
  5
C31
330
17
100
AcDbEntity
  8
0
100
AcDbLine
 10
257.4310320000011
 20
-68.52386599999893
 30
0.0
 11
257.4785300000011
 21
-68.33946199999893
 31
0.0
  0
LINE
  5
C32
330
17
100
AcDbEntity
  8
0
100
AcDbLine
 10
257.4785300000011
 20
-68.33946199999893
 30
0.0
 11
257.52602800000113
 21
-68.15505799999893
 31
0.0
  0
LINE
  5
C33
330
17
100
AcDbEntity
  8
0
100
AcDbLine
 10
257.52602800000113
 20
-68.15505799999893
 30
0.0
 11
257.5735260000011
 21
-67.97065399999893
 31
0.0
  0
LINE
  5
C34
330
17
100
AcDbEntity
  8
0
100
AcDbLine
 10
257.5735260000011
 20
-67.97065399999893
 30
0.0
 11
257.6210240000011
 21
-67.78624999999893
 31
0.0
  0
LINE
  5
C35
330
17
100
AcDbEntity
  8
0
100
AcDbLine
 10
257.6210240000011
 20
-67.78624999999893
 30
0.0
 11
257.66852200000113
 21
-67.60184599999893
 31
0.0
  0
LINE
  5
C36
330
17
100
AcDbEntity
  8
0
100
AcDbLine
 10
257.66852200000113
 20
-67.60184599999893
 30
0.0
 11
257.71602000000115
 21
-67.41744199999893
 31
0.0
  0
LINE
  5
C37
330
17
100
AcDbEntity
  8
0
100
AcDbLine
 10
257.71602000000115
 20
-67.41744199999893
 30
0.0
 11
257.7635180000011
 21
-67.23303799999893
 31
0.0
  0
LINE
  5
C38
330
17
100
AcDbEntity
  8
0
100
AcDbLine
 10
257.7635180000011
 20
-67.23303799999893
 30
0.0
 11
257.81101600000113
 21
-67.04863399999893
 31
0.0
  0
LINE
  5
C39
330
17
100
AcDbEntity
  8
0
100
AcDbLine
 10
257.81101600000113
 20
-67.04863399999893
 30
0.0
 11
257.85851400000115
 21
-66.86422999999894
 31
0.0
  0
LINE
  5
C3A
330
17
100
AcDbEntity
  8
0
100
AcDbLine
 10
257.85851400000115
 20
-66.86422999999894
 30
0.0
 11
257.9060120000011
 21
-66.67982599999894
 31
0.0
  0
LINE
  5
C3B
330
17
100
AcDbEntity
  8
0
100
AcDbLine
 10
257.9060120000011
 20
-66.67982599999894
 30
0.0
 11
257.95351000000113
 21
-66.49542199999894
 31
0.0
  0
LINE
  5
C3C
330
17
100
AcDbEntity
  8
0
100
AcDbLine
 10
257.95351000000113
 20
-66.49542199999894
 30
0.0
 11
258.00100800000115
 21
-66.31101799999894
 31
0.0
  0
LINE
  5
C3D
330
17
100
AcDbEntity
  8
0
100
AcDbLine
 10
258.00100800000115
 20
-66.31101799999894
 30
0.0
 11
258.04850600000117
 21
-66.12661399999894
 31
0.0
  0
LINE
  5
C3E
330
17
100
AcDbEntity
  8
0
100
AcDbLine
 10
258.04850600000117
 20
-66.12661399999894
 30
0.0
 11
258.09600400000113
 21
-65.94220999999894
 31
0.0
  0
LINE
  5
C3F
330
17
100
AcDbEntity
  8
0
100
AcDbLine
 10
258.09600400000113
 20
-65.94220999999894
 30
0.0
 11
258.14350200000115
 21
-65.75780599999894
 31
0.0
  0
LINE
  5
C40
330
17
100
AcDbEntity
  8
0
100
AcDbLine
 10
258.14350200000115
 20
-65.75780599999894
 30
0.0
 11
258.19100000000117
 21
-65.57340199999894
 31
0.0
  0
LINE
  5
C41
330
17
100
AcDbEntity
  8
0
100
AcDbLine
 10
258.19100000000117
 20
-65.57340199999894
 30
0.0
 11
258.2384980000012
 21
-65.38899799999894
 31
0.0
  0
LINE
  5
C42
330
17
100
AcDbEntity
  8
0
100
AcDbLine
 10
258.2384980000012
 20
-65.38899799999894
 30
0.0
 11
258.28599600000115
 21
-65.20459399999893
 31
0.0
  0
LINE
  5
C43
330
17
100
AcDbEntity
  8
0
100
AcDbLine
 10
258.28599600000115
 20
-65.20459399999893
 30
0.0
 11
258.33349400000117
 21
-65.02018999999893
 31
0.0
  0
LINE
  5
C44
330
17
100
AcDbEntity
  8
0
100
AcDbLine
 10
258.33349400000117
 20
-65.02018999999893
 30
0.0
 11
258.3809920000012
 21
-64.83578599999893
 31
0.0
  0
LINE
  5
C45
330
17
100
AcDbEntity
  8
0
100
AcDbLine
 10
258.3809920000012
 20
-64.83578599999893
 30
0.0
 11
258.42849000000115
 21
-64.65138199999893
 31
0.0
  0
LINE
  5
C46
330
17
100
AcDbEntity
  8
0
100
AcDbLine
 10
258.42849000000115
 20
-64.65138199999893
 30
0.0
 11
258.47598800000117
 21
-64.46697799999893
 31
0.0
  0
LINE
  5
C47
330
17
100
AcDbEntity
  8
0
100
AcDbLine
 10
258.47598800000117
 20
-64.46697799999893
 30
0.0
 11
258.5234860000012
 21
-64.28257399999893
 31
0.0
  0
LINE
  5
C48
330
17
100
AcDbEntity
  8
0
100
AcDbLine
 10
258.5234860000012
 20
-64.28257399999893
 30
0.0
 11
258.5709840000012
 21
-64.09816999999893
 31
0.0
  0
LINE
  5
C49
330
17
100
AcDbEntity
  8
0
100
AcDbLine
 10
258.5709840000012
 20
-64.09816999999893
 30
0.0
 11
258.61848200000117
 21
-63.91376599999894
 31
0.0
  0
LINE
  5
C4A
330
17
100
AcDbEntity
  8
0
100
AcDbLine
 10
258.61848200000117
 20
-63.91376599999894
 30
0.0
 11
258.6659800000012
 21
-63.729361999998936
 31
0.0
  0
LINE
  5
C4B
330
17
100
AcDbEntity
  8
0
100
AcDbLine
 10
258.6659800000012
 20
-63.729361999998936
 30
0.0
 11
258.7134780000012
 21
-63.544957999998935
 31
0.0
  0
LINE
  5
C4C
330
17
100
AcDbEntity
  8
0
100
AcDbLine
 10
258.7134780000012
 20
-63.544957999998935
 30
0.0
 11
258.7609760000012
 21
-63.360553999998935
 31
0.0
  0
LINE
  5
C4D
330
17
100
AcDbEntity
  8
0
100
AcDbLine
 10
258.7609760000012
 20
-63.360553999998935
 30
0.0
 11
258.8084740000012
 21
-63.17614999999894
 31
0.0
  0
LINE
  5
C4E
330
17
100
AcDbEntity
  8
0
100
AcDbLine
 10
258.8084740000012
 20
-63.17614999999894
 30
0.0
 11
258.8559720000012
 21
-62.99174599999894
 31
0.0
  0
LINE
  5
C4F
330
17
100
AcDbEntity
  8
0
100
AcDbLine
 10
258.8559720000012
 20
-62.99174599999894
 30
0.0
 11
258.9034700000012
 21
-62.80734199999894
 31
0.0
  0
LINE
  5
C50
330
17
100
AcDbEntity
  8
0
100
AcDbLine
 10
258.9034700000012
 20
-62.80734199999894
 30
0.0
 11
258.9509680000012
 21
-62.62293799999894
 31
0.0
  0
LINE
  5
C51
330
17
100
AcDbEntity
  8
0
100
AcDbLine
 10
258.9509680000012
 20
-62.62293799999894
 30
0.0
 11
258.9984660000012
 21
-62.43853399999894
 31
0.0
  0
LINE
  5
C52
330
17
100
AcDbEntity
  8
0
100
AcDbLine
 10
258.9984660000012
 20
-62.43853399999894
 30
0.0
 11
259.0459640000012
 21
-62.25412999999894
 31
0.0
  0
LINE
  5
C53
330
17
100
AcDbEntity
  8
0
100
AcDbLine
 10
259.0459640000012
 20
-62.25412999999894
 30
0.0
 11
259.09346200000124
 21
-62.06972599999894
 31
0.0
  0
LINE
  5
C54
330
17
100
AcDbEntity
  8
0
100
AcDbLine
 10
259.09346200000124
 20
-62.06972599999894
 30
0.0
 11
259.1409600000012
 21
-61.885321999998936
 31
0.0
  0
LINE
  5
C55
330
17
100
AcDbEntity
  8
0
100
AcDbLine
 10
259.1409600000012
 20
-61.885321999998936
 30
0.0
 11
259.1884580000012
 21
-61.70091799999894
 31
0.0
  0
LINE
  5
C56
330
17
100
AcDbEntity
  8
0
100
AcDbLine
 10
259.1884580000012
 20
-61.70091799999894
 30
0.0
 11
259.23595600000124
 21
-61.51651399999894
 31
0.0
  0
LINE
  5
C57
330
17
100
AcDbEntity
  8
0
100
AcDbLine
 10
259.23595600000124
 20
-61.51651399999894
 30
0.0
 11
259.2834540000012
 21
-61.33210999999894
 31
0.0
  0
LINE
  5
C58
330
17
100
AcDbEntity
  8
0
100
AcDbLine
 10
259.2834540000012
 20
-61.33210999999894
 30
0.0
 11
259.3309520000012
 21
-61.14770599999894
 31
0.0
  0
LINE
  5
C59
330
17
100
AcDbEntity
  8
0
100
AcDbLine
 10
259.3309520000012
 20
-61.14770599999894
 30
0.0
 11
259.37845000000124
 21
-60.96330199999894
 31
0.0
  0
LINE
  5
C5A
330
17
100
AcDbEntity
  8
0
100
AcDbLine
 10
259.37845000000124
 20
-60.96330199999894
 30
0.0
 11
259.42594800000126
 21
-60.77889799999894
 31
0.0
  0
LINE
  5
C5B
330
17
100
AcDbEntity
  8
0
100
AcDbLine
 10
259.42594800000126
 20
-60.77889799999894
 30
0.0
 11
259.4734460000012
 21
-60.59449399999894
 31
0.0
  0
LINE
  5
C5C
330
17
100
AcDbEntity
  8
0
100
AcDbLine
 10
259.4734460000012
 20
-60.59449399999894
 30
0.0
 11
259.52094400000124
 21
-60.410089999998945
 31
0.0
  0
LINE
  5
C5D
330
17
100
AcDbEntity
  8
0
100
AcDbLine
 10
259.52094400000124
 20
-60.410089999998945
 30
0.0
 11
259.56844200000126
 21
-60.225685999998944
 31
0.0
  0
LINE
  5
C5E
330
17
100
AcDbEntity
  8
0
100
AcDbLine
 10
259.56844200000126
 20
-60.225685999998944
 30
0.0
 11
259.6159400000013
 21
-60.041281999998944
 31
0.0
  0
LINE
  5
C5F
330
17
100
AcDbEntity
  8
0
100
AcDbLine
 10
259.6159400000013
 20
-60.041281999998944
 30
0.0
 11
259.66343800000124
 21
-59.85687799999894
 31
0.0
  0
LINE
  5
C60
330
17
100
AcDbEntity
  8
0
100
AcDbLine
 10
259.66343800000124
 20
-59.85687799999894
 30
0.0
 11
259.71093600000125
 21
-59.67247399999894
 31
0.0
  0
LINE
  5
C61
330
17
100
AcDbEntity
  8
0
100
AcDbLine
 10
259.71093600000125
 20
-59.67247399999894
 30
0.0
 11
259.7584340000013
 21
-59.48806999999894
 31
0.0
  0
LINE
  5
C62
330
17
100
AcDbEntity
  8
0
100
AcDbLine
 10
259.7584340000013
 20
-59.48806999999894
 30
0.0
 11
259.80593200000123
 21
-59.30366599999894
 31
0.0
  0
LINE
  5
C63
330
17
100
AcDbEntity
  8
0
100
AcDbLine
 10
259.80593200000123
 20
-59.30366599999894
 30
0.0
 11
259.85343000000125
 21
-59.11926199999894
 31
0.0
  0
LINE
  5
C64
330
17
100
AcDbEntity
  8
0
100
AcDbLine
 10
259.85343000000125
 20
-59.11926199999894
 30
0.0
 11
259.9009280000013
 21
-58.93485799999895
 31
0.0
  0
LINE
  5
C65
330
17
100
AcDbEntity
  8
0
100
AcDbLine
 10
259.9009280000013
 20
-58.93485799999895
 30
0.0
 11
259.9484260000013
 21
-58.750453999998946
 31
0.0
  0
LINE
  5
C66
330
17
100
AcDbEntity
  8
0
100
AcDbLine
 10
259.9484260000013
 20
-58.750453999998946
 30
0.0
 11
259.99592400000125
 21
-58.566049999998945
 31
0.0
  0
LINE
  5
C67
330
17
100
AcDbEntity
  8
0
100
AcDbLine
 10
259.99592400000125
 20
-58.566049999998945
 30
0.0
 11
260.04342200000127
 21
-58.381645999998945
 31
0.0
  0
LINE
  5
C68
330
17
100
AcDbEntity
  8
0
100
AcDbLine
 10
260.04342200000127
 20
-58.381645999998945
 30
0.0
 11
260.0909200000013
 21
-58.197241999998944
 31
0.0
  0
LINE
  5
C69
330
17
100
AcDbEntity
  8
0
100
AcDbLine
 10
260.0909200000013
 20
-58.197241999998944
 30
0.0
 11
260.13841800000125
 21
-58.01283799999894
 31
0.0
  0
LINE
  5
C6A
330
17
100
AcDbEntity
  8
0
100
AcDbLine
 10
260.13841800000125
 20
-58.01283799999894
 30
0.0
 11
260.1859160000012
 21
-57.82843399999894
 31
0.0
  0
LINE
  5
C6B
330
17
100
AcDbEntity
  8
0
100
AcDbLine
 10
260.1859160000012
 20
-57.82843399999894
 30
0.0
 11
260.2334140000012
 21
-57.64402999999894
 31
0.0
  0
LINE
  5
C6C
330
17
100
AcDbEntity
  8
0
100
AcDbLine
 10
260.2334140000012
 20
-57.64402999999894
 30
0.0
 11
260.2809120000012
 21
-57.45962599999895
 31
0.0
  0
LINE
  5
C6D
330
17
100
AcDbEntity
  8
0
100
AcDbLine
 10
260.2809120000012
 20
-57.45962599999895
 30
0.0
 11
260.32841000000116
 21
-57.27522199999895
 31
0.0
  0
LINE
  5
C6E
330
17
100
AcDbEntity
  8
0
100
AcDbLine
 10
260.32841000000116
 20
-57.27522199999895
 30
0.0
 11
260.3759080000011
 21
-57.09081799999895
 31
0.0
  0
LINE
  5
C6F
330
17
100
AcDbEntity
  8
0
100
AcDbLine
 10
260.3759080000011
 20
-57.09081799999895
 30
0.0
 11
260.2400180000011
 21
-57.085991999998946
 31
0.0
  0
LINE
  5
C70
330
17
100
AcDbEntity
  8
0
100
AcDbLine
 10
260.2400180000011
 20
-57.085991999998946
 30
0.0
 11
260.10438200000107
 21
-57.081165999998944
 31
0.0
  0
LINE
  5
C71
330
17
100
AcDbEntity
  8
0
100
AcDbLine
 10
260.10438200000107
 20
-57.081165999998944
 30
0.0
 11
259.9684920000011
 21
-57.07633999999894
 31
0.0
  0
LINE
  5
C72
330
17
100
AcDbEntity
  8
0
100
AcDbLine
 10
259.9684920000011
 20
-57.07633999999894
 30
0.0
 11
259.8328560000011
 21
-57.07151399999894
 31
0.0
  0
LINE
  5
C73
330
17
100
AcDbEntity
  8
0
100
AcDbLine
 10
259.8328560000011
 20
-57.07151399999894
 30
0.0
 11
259.6969660000011
 21
-57.06668799999894
 31
0.0
  0
LINE
  5
C74
330
17
100
AcDbEntity
  8
0
100
AcDbLine
 10
259.6969660000011
 20
-57.06668799999894
 30
0.0
 11
259.5613300000011
 21
-57.06186199999894
 31
0.0
  0
LINE
  5
C75
330
17
100
AcDbEntity
  8
0
100
AcDbLine
 10
259.5613300000011
 20
-57.06186199999894
 30
0.0
 11
259.4256940000011
 21
-57.05703599999894
 31
0.0
  0
LINE
  5
C76
330
17
100
AcDbEntity
  8
0
100
AcDbLine
 10
259.4256940000011
 20
-57.05703599999894
 30
0.0
 11
259.2900580000011
 21
-57.05220999999894
 31
0.0
  0
LINE
  5
C77
330
17
100
AcDbEntity
  8
0
100
AcDbLine
 10
259.2900580000011
 20
-57.05220999999894
 30
0.0
 11
259.1541680000011
 21
-57.047383999998935
 31
0.0
  0
LINE
  5
C78
330
17
100
AcDbEntity
  8
0
100
AcDbLine
 10
259.1541680000011
 20
-57.047383999998935
 30
0.0
 11
259.01853200000113
 21
-57.042557999998934
 31
0.0
  0
LINE
  5
C79
330
17
100
AcDbEntity
  8
0
100
AcDbLine
 10
259.01853200000113
 20
-57.042557999998934
 30
0.0
 11
258.8828960000011
 21
-57.03773199999893
 31
0.0
  0
LINE
  5
C7A
330
17
100
AcDbEntity
  8
0
100
AcDbLine
 10
258.8828960000011
 20
-57.03773199999893
 30
0.0
 11
258.7472600000011
 21
-57.03290599999893
 31
0.0
  0
LINE
  5
C7B
330
17
100
AcDbEntity
  8
0
100
AcDbLine
 10
258.7472600000011
 20
-57.03290599999893
 30
0.0
 11
258.6113700000011
 21
-57.02807999999893
 31
0.0
  0
LINE
  5
C7C
330
17
100
AcDbEntity
  8
0
100
AcDbLine
 10
258.6113700000011
 20
-57.02807999999893
 30
0.0
 11
258.4757340000011
 21
-57.02325399999893
 31
0.0
  0
LINE
  5
C7D
330
17
100
AcDbEntity
  8
0
100
AcDbLine
 10
258.4757340000011
 20
-57.02325399999893
 30
0.0
 11
258.34009800000115
 21
-57.01842799999893
 31
0.0
  0
LINE
  5
C7E
330
17
100
AcDbEntity
  8
0
100
AcDbLine
 10
258.34009800000115
 20
-57.01842799999893
 30
0.0
 11
258.2044620000011
 21
-57.013601999998926
 31
0.0
  0
LINE
  5
C7F
330
17
100
AcDbEntity
  8
0
100
AcDbLine
 10
258.2044620000011
 20
-57.013601999998926
 30
0.0
 11
258.06857200000115
 21
-57.008775999998925
 31
0.0
  0
LINE
  5
C80
330
17
100
AcDbEntity
  8
0
100
AcDbLine
 10
258.06857200000115
 20
-57.008775999998925
 30
0.0
 11
257.9329360000011
 21
-57.00394999999892
 31
0.0
  0
LINE
  5
C81
330
17
100
AcDbEntity
  8
0
100
AcDbLine
 10
257.9329360000011
 20
-57.00394999999892
 30
0.0
 11
257.79730000000114
 21
-56.99912399999892
 31
0.0
  0
LINE
  5
C82
330
17
100
AcDbEntity
  8
0
100
AcDbLine
 10
257.79730000000114
 20
-56.99912399999892
 30
0.0
 11
257.66166400000117
 21
-56.99429799999892
 31
0.0
  0
LINE
  5
C83
330
17
100
AcDbEntity
  8
0
100
AcDbLine
 10
257.66166400000117
 20
-56.99429799999892
 30
0.0
 11
257.52602800000113
 21
-56.98947199999892
 31
0.0
  0
LINE
  5
C84
330
17
100
AcDbEntity
  8
0
100
AcDbLine
 10
257.52602800000113
 20
-56.98947199999892
 30
0.0
 11
257.3901380000012
 21
-56.98464599999892
 31
0.0
  0
LINE
  5
C85
330
17
100
AcDbEntity
  8
0
100
AcDbLine
 10
257.3901380000012
 20
-56.98464599999892
 30
0.0
 11
257.25450200000114
 21
-56.97981999999892
 31
0.0
  0
LINE
  5
C86
330
17
100
AcDbEntity
  8
0
100
AcDbLine
 10
257.25450200000114
 20
-56.97981999999892
 30
0.0
 11
257.11886600000116
 21
-56.974993999998915
 31
0.0
  0
LINE
  5
C87
330
17
100
AcDbEntity
  8
0
100
AcDbLine
 10
257.11886600000116
 20
-56.974993999998915
 30
0.0
 11
256.9832300000012
 21
-56.970167999998914
 31
0.0
  0
LINE
  5
C88
330
17
100
AcDbEntity
  8
0
100
AcDbLine
 10
256.9832300000012
 20
-56.970167999998914
 30
0.0
 11
256.84734000000117
 21
-56.96534199999891
 31
0.0
  0
LINE
  5
C89
330
17
100
AcDbEntity
  8
0
100
AcDbLine
 10
256.84734000000117
 20
-56.96534199999891
 30
0.0
 11
256.7117040000012
 21
-56.96051599999891
 31
0.0
  0
LINE
  5
C8A
330
17
100
AcDbEntity
  8
0
100
AcDbLine
 10
256.7117040000012
 20
-56.96051599999891
 30
0.0
 11
256.57606800000116
 21
-56.95568999999891
 31
0.0
  0
LINE
  5
C8B
330
17
100
AcDbEntity
  8
0
100
AcDbLine
 10
256.57606800000116
 20
-56.95568999999891
 30
0.0
 11
256.4404320000012
 21
-56.95086399999891
 31
0.0
  0
LINE
  5
C8C
330
17
100
AcDbEntity
  8
0
100
AcDbLine
 10
256.4404320000012
 20
-56.95086399999891
 30
0.0
 11
256.30454200000116
 21
-56.94603799999891
 31
0.0
  0
LINE
  5
C8D
330
17
100
AcDbEntity
  8
0
100
AcDbLine
 10
256.30454200000116
 20
-56.94603799999891
 30
0.0
 11
256.1689060000012
 21
-56.941211999998906
 31
0.0
  0
LINE
  5
C8E
330
17
100
AcDbEntity
  8
0
100
AcDbLine
 10
256.1689060000012
 20
-56.941211999998906
 30
0.0
 11
256.0332700000012
 21
-56.936385999998905
 31
0.0
  0
LINE
  5
C8F
330
17
100
AcDbEntity
  8
0
100
AcDbLine
 10
256.0332700000012
 20
-56.936385999998905
 30
0.0
 11
255.89763400000118
 21
-56.9315599999989
 31
0.0
  0
LINE
  5
C90
330
17
100
AcDbEntity
  8
0
100
AcDbLine
 10
255.89763400000118
 20
-56.9315599999989
 30
0.0
 11
255.7617440000012
 21
-56.9267339999989
 31
0.0
  0
LINE
  5
C91
330
17
100
AcDbEntity
  8
0
100
AcDbLine
 10
255.7617440000012
 20
-56.9267339999989
 30
0.0
 11
255.6261080000012
 21
-56.9219079999989
 31
0.0
  0
LINE
  5
C92
330
17
100
AcDbEntity
  8
0
100
AcDbLine
 10
255.6261080000012
 20
-56.9219079999989
 30
0.0
 11
255.4904720000012
 21
-56.9170819999989
 31
0.0
  0
LINE
  5
C93
330
17
100
AcDbEntity
  8
0
100
AcDbLine
 10
255.4904720000012
 20
-56.9170819999989
 30
0.0
 11
255.3548360000012
 21
-56.9122559999989
 31
0.0
  0
LINE
  5
C94
330
17
100
AcDbEntity
  8
0
100
AcDbLine
 10
255.3548360000012
 20
-56.9122559999989
 30
0.0
 11
255.2189460000012
 21
-56.9074299999989
 31
0.0
  0
LINE
  5
C95
330
17
100
AcDbEntity
  8
0
100
AcDbLine
 10
255.2189460000012
 20
-56.9074299999989
 30
0.0
 11
255.0833100000012
 21
-56.90260399999889
 31
0.0
  0
LINE
  5
C96
330
17
100
AcDbEntity
  8
0
100
AcDbLine
 10
255.0833100000012
 20
-56.90260399999889
 30
0.0
 11
254.94767400000123
 21
-56.89777799999889
 31
0.0
  0
LINE
  5
C97
330
17
100
AcDbEntity
  8
0
100
AcDbLine
 10
254.94767400000123
 20
-56.89777799999889
 30
0.0
 11
254.81203800000122
 21
-56.892951999998886
 31
0.0
  0
LINE
  5
C98
330
17
100
AcDbEntity
  8
0
100
AcDbLine
 10
254.81203800000122
 20
-56.892951999998886
 30
0.0
 11
254.67614800000123
 21
-56.888125999998884
 31
0.0
  0
LINE
  5
C99
330
17
100
AcDbEntity
  8
0
100
AcDbLine
 10
254.67614800000123
 20
-56.888125999998884
 30
0.0
 11
254.54051200000123
 21
-56.88329999999888
 31
0.0
  0
LINE
  5
C9A
330
17
100
AcDbEntity
  8
0
100
AcDbLine
 10
254.54051200000123
 20
-56.88329999999888
 30
0.0
 11
254.40487600000122
 21
-56.87847399999888
 31
0.0
  0
LINE
  5
C9B
330
17
100
AcDbEntity
  8
0
100
AcDbLine
 10
254.40487600000122
 20
-56.87847399999888
 30
0.0
 11
254.26924000000122
 21
-56.87364799999888
 31
0.0
  0
LINE
  5
C9C
330
17
100
AcDbEntity
  8
0
100
AcDbLine
 10
254.26924000000122
 20
-56.87364799999888
 30
0.0
 11
254.13335000000123
 21
-56.86882199999888
 31
0.0
  0
LINE
  5
C9D
330
17
100
AcDbEntity
  8
0
100
AcDbLine
 10
254.13335000000123
 20
-56.86882199999888
 30
0.0
 11
253.99771400000125
 21
-56.86399599999888
 31
0.0
  0
LINE
  5
C9E
330
17
100
AcDbEntity
  8
0
100
AcDbLine
 10
253.99771400000125
 20
-56.86399599999888
 30
0.0
 11
253.86207800000125
 21
-56.859169999998876
 31
0.0
  0
LINE
  5
C9F
330
17
100
AcDbEntity
  8
0
100
AcDbLine
 10
253.86207800000125
 20
-56.859169999998876
 30
0.0
 11
253.72644200000124
 21
-56.854343999998875
 31
0.0
  0
LINE
  5
CA0
330
17
100
AcDbEntity
  8
0
100
AcDbLine
 10
253.72644200000124
 20
-56.854343999998875
 30
0.0
 11
253.59055200000125
 21
-56.849517999998874
 31
0.0
  0
LINE
  5
CA1
330
17
100
AcDbEntity
  8
0
100
AcDbLine
 10
253.59055200000125
 20
-56.849517999998874
 30
0.0
 11
253.45491600000125
 21
-56.84469199999887
 31
0.0
  0
LINE
  5
CA2
330
17
100
AcDbEntity
  8
0
100
AcDbLine
 10
253.45491600000125
 20
-56.84469199999887
 30
0.0
 11
253.31928000000127
 21
-56.83986599999887
 31
0.0
  0
LINE
  5
CA3
330
17
100
AcDbEntity
  8
0
100
AcDbLine
 10
253.31928000000127
 20
-56.83986599999887
 30
0.0
 11
253.18364400000127
 21
-56.83503999999887
 31
0.0
  0
LINE
  5
CA4
330
17
100
AcDbEntity
  8
0
100
AcDbLine
 10
253.18364400000127
 20
-56.83503999999887
 30
0.0
 11
253.04800800000126
 21
-56.83021399999887
 31
0.0
  0
LINE
  5
CA5
330
17
100
AcDbEntity
  8
0
100
AcDbLine
 10
253.04800800000126
 20
-56.83021399999887
 30
0.0
 11
252.91211800000127
 21
-56.82538799999887
 31
0.0
  0
LINE
  5
CA6
330
17
100
AcDbEntity
  8
0
100
AcDbLine
 10
252.91211800000127
 20
-56.82538799999887
 30
0.0
 11
252.77648200000127
 21
-56.820561999998866
 31
0.0
  0
LINE
  5
CA7
330
17
100
AcDbEntity
  8
0
100
AcDbLine
 10
252.77648200000127
 20
-56.820561999998866
 30
0.0
 11
252.64084600000126
 21
-56.815735999998864
 31
0.0
  0
LINE
  5
CA8
330
17
100
AcDbEntity
  8
0
100
AcDbLine
 10
252.64084600000126
 20
-56.815735999998864
 30
0.0
 11
252.50521000000128
 21
-56.81090999999886
 31
0.0
  0
LINE
  5
CA9
330
17
100
AcDbEntity
  8
0
100
AcDbLine
 10
252.50521000000128
 20
-56.81090999999886
 30
0.0
 11
252.3693200000013
 21
-56.80608399999886
 31
0.0
  0
LINE
  5
CAA
330
17
100
AcDbEntity
  8
0
100
AcDbLine
 10
252.3693200000013
 20
-56.80608399999886
 30
0.0
 11
252.2336840000013
 21
-56.80125799999886
 31
0.0
  0
LINE
  5
CAB
330
17
100
AcDbEntity
  8
0
100
AcDbLine
 10
252.2336840000013
 20
-56.80125799999886
 30
0.0
 11
252.09804800000128
 21
-56.79643199999886
 31
0.0
  0
LINE
  5
CAC
330
17
100
AcDbEntity
  8
0
100
AcDbLine
 10
252.09804800000128
 20
-56.79643199999886
 30
0.0
 11
251.96241200000128
 21
-56.79160599999886
 31
0.0
  0
LINE
  5
CAD
330
17
100
AcDbEntity
  8
0
100
AcDbLine
 10
251.96241200000128
 20
-56.79160599999886
 30
0.0
 11
251.8265220000013
 21
-56.786779999998856
 31
0.0
  0
LINE
  5
CAE
330
17
100
AcDbEntity
  8
0
100
AcDbLine
 10
251.8265220000013
 20
-56.786779999998856
 30
0.0
 11
251.6908860000013
 21
-56.781953999998855
 31
0.0
  0
LINE
  5
CAF
330
17
100
AcDbEntity
  8
0
100
AcDbLine
 10
170.3664360000013
 20
-69.32472799999886
 30
0.0
 11
170.4243480000013
 21
-69.08342799999885
 31
0.0
  0
LINE
  5
CB0
330
17
100
AcDbEntity
  8
0
100
AcDbLine
 10
170.4243480000013
 20
-69.08342799999885
 30
0.0
 11
170.48226000000128
 21
-68.84212799999885
 31
0.0
  0
LINE
  5
CB1
330
17
100
AcDbEntity
  8
0
100
AcDbLine
 10
170.48226000000128
 20
-68.84212799999885
 30
0.0
 11
170.54017200000126
 21
-68.60082799999886
 31
0.0
  0
LINE
  5
CB2
330
17
100
AcDbEntity
  8
0
100
AcDbLine
 10
170.54017200000126
 20
-68.60082799999886
 30
0.0
 11
170.59808400000125
 21
-68.35952799999886
 31
0.0
  0
LINE
  5
CB3
330
17
100
AcDbEntity
  8
0
100
AcDbLine
 10
170.59808400000125
 20
-68.35952799999886
 30
0.0
 11
170.65599600000124
 21
-68.11822799999887
 31
0.0
  0
LINE
  5
CB4
330
17
100
AcDbEntity
  8
0
100
AcDbLine
 10
170.65599600000124
 20
-68.11822799999887
 30
0.0
 11
170.71390800000123
 21
-67.87692799999887
 31
0.0
  0
LINE
  5
CB5
330
17
100
AcDbEntity
  8
0
100
AcDbLine
 10
170.71390800000123
 20
-67.87692799999887
 30
0.0
 11
170.7718200000012
 21
-67.63562799999887
 31
0.0
  0
LINE
  5
CB6
330
17
100
AcDbEntity
  8
0
100
AcDbLine
 10
170.7718200000012
 20
-67.63562799999887
 30
0.0
 11
170.8297320000012
 21
-67.39432799999888
 31
0.0
  0
LINE
  5
CB7
330
17
100
AcDbEntity
  8
0
100
AcDbLine
 10
170.8297320000012
 20
-67.39432799999888
 30
0.0
 11
170.8876440000012
 21
-67.15302799999887
 31
0.0
  0
LINE
  5
CB8
330
17
100
AcDbEntity
  8
0
100
AcDbLine
 10
170.8876440000012
 20
-67.15302799999887
 30
0.0
 11
170.94555600000118
 21
-66.91172799999887
 31
0.0
  0
LINE
  5
CB9
330
17
100
AcDbEntity
  8
0
100
AcDbLine
 10
170.94555600000118
 20
-66.91172799999887
 30
0.0
 11
171.00346800000116
 21
-66.67042799999888
 31
0.0
  0
LINE
  5
CBA
330
17
100
AcDbEntity
  8
0
100
AcDbLine
 10
171.00346800000116
 20
-66.67042799999888
 30
0.0
 11
171.06138000000115
 21
-66.42912799999888
 31
0.0
  0
LINE
  5
CBB
330
17
100
AcDbEntity
  8
0
100
AcDbLine
 10
171.06138000000115
 20
-66.42912799999888
 30
0.0
 11
171.11929200000114
 21
-66.18782799999889
 31
0.0
  0
LINE
  5
CBC
330
17
100
AcDbEntity
  8
0
100
AcDbLine
 10
171.11929200000114
 20
-66.18782799999889
 30
0.0
 11
171.17720400000113
 21
-65.94652799999889
 31
0.0
  0
LINE
  5
CBD
330
17
100
AcDbEntity
  8
0
100
AcDbLine
 10
171.17720400000113
 20
-65.94652799999889
 30
0.0
 11
171.23511600000114
 21
-65.7052279999989
 31
0.0
  0
LINE
  5
CBE
330
17
100
AcDbEntity
  8
0
100
AcDbLine
 10
171.23511600000114
 20
-65.7052279999989
 30
0.0
 11
171.29302800000113
 21
-65.4639279999989
 31
0.0
  0
LINE
  5
CBF
330
17
100
AcDbEntity
  8
0
100
AcDbLine
 10
171.29302800000113
 20
-65.4639279999989
 30
0.0
 11
171.35094000000112
 21
-65.2226279999989
 31
0.0
  0
LINE
  5
CC0
330
17
100
AcDbEntity
  8
0
100
AcDbLine
 10
171.35094000000112
 20
-65.2226279999989
 30
0.0
 11
171.4088520000011
 21
-64.9813279999989
 31
0.0
  0
LINE
  5
CC1
330
17
100
AcDbEntity
  8
0
100
AcDbLine
 10
171.4088520000011
 20
-64.9813279999989
 30
0.0
 11
171.4667640000011
 21
-64.7400279999989
 31
0.0
  0
LINE
  5
CC2
330
17
100
AcDbEntity
  8
0
100
AcDbLine
 10
171.4667640000011
 20
-64.7400279999989
 30
0.0
 11
171.52467600000108
 21
-64.4987279999989
 31
0.0
  0
LINE
  5
CC3
330
17
100
AcDbEntity
  8
0
100
AcDbLine
 10
171.52467600000108
 20
-64.4987279999989
 30
0.0
 11
171.58258800000107
 21
-64.25742799999891
 31
0.0
  0
LINE
  5
CC4
330
17
100
AcDbEntity
  8
0
100
AcDbLine
 10
171.58258800000107
 20
-64.25742799999891
 30
0.0
 11
171.64050000000105
 21
-64.01612799999891
 31
0.0
  0
LINE
  5
CC5
330
17
100
AcDbEntity
  8
0
100
AcDbLine
 10
171.64050000000105
 20
-64.01612799999891
 30
0.0
 11
171.69841200000104
 21
-63.77482799999892
 31
0.0
  0
LINE
  5
CC6
330
17
100
AcDbEntity
  8
0
100
AcDbLine
 10
171.69841200000104
 20
-63.77482799999892
 30
0.0
 11
171.75632400000103
 21
-63.53352799999892
 31
0.0
  0
LINE
  5
CC7
330
17
100
AcDbEntity
  8
0
100
AcDbLine
 10
171.75632400000103
 20
-63.53352799999892
 30
0.0
 11
171.81423600000102
 21
-63.29222799999892
 31
0.0
  0
LINE
  5
CC8
330
17
100
AcDbEntity
  8
0
100
AcDbLine
 10
171.81423600000102
 20
-63.29222799999892
 30
0.0
 11
171.872148000001
 21
-63.050927999998926
 31
0.0
  0
LINE
  5
CC9
330
17
100
AcDbEntity
  8
0
100
AcDbLine
 10
171.872148000001
 20
-63.050927999998926
 30
0.0
 11
171.930060000001
 21
-62.80962799999893
 31
0.0
  0
LINE
  5
CCA
330
17
100
AcDbEntity
  8
0
100
AcDbLine
 10
171.930060000001
 20
-62.80962799999893
 30
0.0
 11
171.98797200000098
 21
-62.56832799999893
 31
0.0
  0
LINE
  5
CCB
330
17
100
AcDbEntity
  8
0
100
AcDbLine
 10
171.98797200000098
 20
-62.56832799999893
 30
0.0
 11
172.04588400000097
 21
-62.32702799999893
 31
0.0
  0
LINE
  5
CCC
330
17
100
AcDbEntity
  8
0
100
AcDbLine
 10
172.04588400000097
 20
-62.32702799999893
 30
0.0
 11
172.10379600000095
 21
-62.08572799999894
 31
0.0
  0
LINE
  5
CCD
330
17
100
AcDbEntity
  8
0
100
AcDbLine
 10
172.10379600000095
 20
-62.08572799999894
 30
0.0
 11
172.16170800000094
 21
-61.84442799999894
 31
0.0
  0
LINE
  5
CCE
330
17
100
AcDbEntity
  8
0
100
AcDbLine
 10
172.16170800000094
 20
-61.84442799999894
 30
0.0
 11
172.21962000000093
 21
-61.60312799999894
 31
0.0
  0
LINE
  5
CCF
330
17
100
AcDbEntity
  8
0
100
AcDbLine
 10
172.21962000000093
 20
-61.60312799999894
 30
0.0
 11
172.27753200000092
 21
-61.361827999998944
 31
0.0
  0
LINE
  5
CD0
330
17
100
AcDbEntity
  8
0
100
AcDbLine
 10
172.27753200000092
 20
-61.361827999998944
 30
0.0
 11
172.3354440000009
 21
-61.12052799999895
 31
0.0
  0
LINE
  5
CD1
330
17
100
AcDbEntity
  8
0
100
AcDbLine
 10
172.3354440000009
 20
-61.12052799999895
 30
0.0
 11
172.3933560000009
 21
-60.87922799999895
 31
0.0
  0
LINE
  5
CD2
330
17
100
AcDbEntity
  8
0
100
AcDbLine
 10
172.3933560000009
 20
-60.87922799999895
 30
0.0
 11
172.45126800000088
 21
-60.63792799999895
 31
0.0
  0
LINE
  5
CD3
330
17
100
AcDbEntity
  8
0
100
AcDbLine
 10
172.45126800000088
 20
-60.63792799999895
 30
0.0
 11
172.50918000000087
 21
-60.396627999998955
 31
0.0
  0
LINE
  5
CD4
330
17
100
AcDbEntity
  8
0
100
AcDbLine
 10
172.50918000000087
 20
-60.396627999998955
 30
0.0
 11
172.56709200000086
 21
-60.15532799999896
 31
0.0
  0
LINE
  5
CD5
330
17
100
AcDbEntity
  8
0
100
AcDbLine
 10
172.56709200000086
 20
-60.15532799999896
 30
0.0
 11
172.62500400000084
 21
-59.914027999998964
 31
0.0
  0
LINE
  5
CD6
330
17
100
AcDbEntity
  8
0
100
AcDbLine
 10
172.62500400000084
 20
-59.914027999998964
 30
0.0
 11
172.68291600000083
 21
-59.67272799999896
 31
0.0
  0
LINE
  5
CD7
330
17
100
AcDbEntity
  8
0
100
AcDbLine
 10
172.68291600000083
 20
-59.67272799999896
 30
0.0
 11
172.74082800000082
 21
-59.43142799999897
 31
0.0
  0
LINE
  5
CD8
330
17
100
AcDbEntity
  8
0
100
AcDbLine
 10
172.74082800000082
 20
-59.43142799999897
 30
0.0
 11
172.7987400000008
 21
-59.19012799999897
 31
0.0
  0
LINE
  5
CD9
330
17
100
AcDbEntity
  8
0
100
AcDbLine
 10
172.7987400000008
 20
-59.19012799999897
 30
0.0
 11
172.8566520000008
 21
-58.948827999998976
 31
0.0
  0
LINE
  5
CDA
330
17
100
AcDbEntity
  8
0
100
AcDbLine
 10
172.8566520000008
 20
-58.948827999998976
 30
0.0
 11
172.91456400000078
 21
-58.70752799999898
 31
0.0
  0
LINE
  5
CDB
330
17
100
AcDbEntity
  8
0
100
AcDbLine
 10
172.91456400000078
 20
-58.70752799999898
 30
0.0
 11
172.97247600000077
 21
-58.46622799999898
 31
0.0
  0
LINE
  5
CDC
330
17
100
AcDbEntity
  8
0
100
AcDbLine
 10
172.97247600000077
 20
-58.46622799999898
 30
0.0
 11
173.03038800000076
 21
-58.22492799999898
 31
0.0
  0
LINE
  5
CDD
330
17
100
AcDbEntity
  8
0
100
AcDbLine
 10
173.03038800000076
 20
-58.22492799999898
 30
0.0
 11
173.08830000000074
 21
-57.98362799999899
 31
0.0
  0
LINE
  5
CDE
330
17
100
AcDbEntity
  8
0
100
AcDbLine
 10
173.08830000000074
 20
-57.98362799999899
 30
0.0
 11
173.14621200000073
 21
-57.74232799999899
 31
0.0
  0
LINE
  5
CDF
330
17
100
AcDbEntity
  8
0
100
AcDbLine
 10
173.14621200000073
 20
-57.74232799999899
 30
0.0
 11
173.20412400000072
 21
-57.50102799999899
 31
0.0
  0
LINE
  5
CE0
330
17
100
AcDbEntity
  8
0
100
AcDbLine
 10
173.20412400000072
 20
-57.50102799999899
 30
0.0
 11
173.2620360000007
 21
-57.259727999998994
 31
0.0
  0
LINE
  5
CE1
330
17
100
AcDbEntity
  8
0
100
AcDbLine
 10
173.2620360000007
 20
-57.259727999998994
 30
0.0
 11
173.3199480000007
 21
-57.018427999999
 31
0.0
  0
LINE
  5
CE2
330
17
100
AcDbEntity
  8
0
100
AcDbLine
 10
173.3199480000007
 20
-57.018427999999
 30
0.0
 11
173.37786000000068
 21
-56.777127999999
 31
0.0
  0
LINE
  5
CE3
330
17
100
AcDbEntity
  8
0
100
AcDbLine
 10
173.37786000000068
 20
-56.777127999999
 30
0.0
 11
173.43577200000067
 21
-56.535827999999
 31
0.0
  0
LINE
  5
CE4
330
17
100
AcDbEntity
  8
0
100
AcDbLine
 10
173.43577200000067
 20
-56.535827999999
 30
0.0
 11
173.49368400000066
 21
-56.294527999999005
 31
0.0
  0
LINE
  5
CE5
330
17
100
AcDbEntity
  8
0
100
AcDbLine
 10
173.49368400000066
 20
-56.294527999999005
 30
0.0
 11
173.55159600000064
 21
-56.05322799999901
 31
0.0
  0
LINE
  5
CE6
330
17
100
AcDbEntity
  8
0
100
AcDbLine
 10
173.55159600000064
 20
-56.05322799999901
 30
0.0
 11
173.60950800000063
 21
-55.811927999999014
 31
0.0
  0
LINE
  5
CE7
330
17
100
AcDbEntity
  8
0
100
AcDbLine
 10
173.60950800000063
 20
-55.811927999999014
 30
0.0
 11
173.66742000000062
 21
-55.57062799999901
 31
0.0
  0
LINE
  5
CE8
330
17
100
AcDbEntity
  8
0
100
AcDbLine
 10
173.66742000000062
 20
-55.57062799999901
 30
0.0
 11
173.7253320000006
 21
-55.329327999999016
 31
0.0
  0
LINE
  5
CE9
330
17
100
AcDbEntity
  8
0
100
AcDbLine
 10
173.7253320000006
 20
-55.329327999999016
 30
0.0
 11
173.7832440000006
 21
-55.08802799999902
 31
0.0
  0
LINE
  5
CEA
330
17
100
AcDbEntity
  8
0
100
AcDbLine
 10
173.7832440000006
 20
-55.08802799999902
 30
0.0
 11
173.84115600000058
 21
-54.846727999999025
 31
0.0
  0
LINE
  5
CEB
330
17
100
AcDbEntity
  8
0
100
AcDbLine
 10
173.84115600000058
 20
-54.846727999999025
 30
0.0
 11
173.89906800000057
 21
-54.60542799999902
 31
0.0
  0
LINE
  5
CEC
330
17
100
AcDbEntity
  8
0
100
AcDbLine
 10
173.89906800000057
 20
-54.60542799999902
 30
0.0
 11
173.95698000000056
 21
-54.36412799999903
 31
0.0
  0
LINE
  5
CED
330
17
100
AcDbEntity
  8
0
100
AcDbLine
 10
173.95698000000056
 20
-54.36412799999903
 30
0.0
 11
174.01489200000054
 21
-54.12282799999903
 31
0.0
  0
LINE
  5
CEE
330
17
100
AcDbEntity
  8
0
100
AcDbLine
 10
174.01489200000054
 20
-54.12282799999903
 30
0.0
 11
174.07280400000053
 21
-53.88152799999904
 31
0.0
  0
LINE
  5
CEF
330
17
100
AcDbEntity
  8
0
100
AcDbLine
 10
174.07280400000053
 20
-53.88152799999904
 30
0.0
 11
173.9902540000005
 21
-53.87847999999904
 31
0.0
  0
LINE
  5
CF0
330
17
100
AcDbEntity
  8
0
100
AcDbLine
 10
173.9902540000005
 20
-53.87847999999904
 30
0.0
 11
173.9077040000005
 21
-53.87543199999904
 31
0.0
  0
LINE
  5
CF1
330
17
100
AcDbEntity
  8
0
100
AcDbLine
 10
173.9077040000005
 20
-53.87543199999904
 30
0.0
 11
173.82515400000048
 21
-53.87238399999904
 31
0.0
  0
LINE
  5
CF2
330
17
100
AcDbEntity
  8
0
100
AcDbLine
 10
173.82515400000048
 20
-53.87238399999904
 30
0.0
 11
173.74260400000048
 21
-53.86933599999903
 31
0.0
  0
LINE
  5
CF3
330
17
100
AcDbEntity
  8
0
100
AcDbLine
 10
173.74260400000048
 20
-53.86933599999903
 30
0.0
 11
173.66005400000046
 21
-53.86628799999903
 31
0.0
  0
LINE
  5
CF4
330
17
100
AcDbEntity
  8
0
100
AcDbLine
 10
173.66005400000046
 20
-53.86628799999903
 30
0.0
 11
173.57750400000046
 21
-53.86323999999903
 31
0.0
  0
LINE
  5
CF5
330
17
100
AcDbEntity
  8
0
100
AcDbLine
 10
173.57750400000046
 20
-53.86323999999903
 30
0.0
 11
173.49495400000043
 21
-53.86019199999903
 31
0.0
  0
LINE
  5
CF6
330
17
100
AcDbEntity
  8
0
100
AcDbLine
 10
173.49495400000043
 20
-53.86019199999903
 30
0.0
 11
173.41240400000044
 21
-53.85714399999903
 31
0.0
  0
LINE
  5
CF7
330
17
100
AcDbEntity
  8
0
100
AcDbLine
 10
173.41240400000044
 20
-53.85714399999903
 30
0.0
 11
173.32985400000044
 21
-53.85409599999903
 31
0.0
  0
LINE
  5
CF8
330
17
100
AcDbEntity
  8
0
100
AcDbLine
 10
173.32985400000044
 20
-53.85409599999903
 30
0.0
 11
173.2473040000004
 21
-53.85104799999903
 31
0.0
  0
LINE
  5
CF9
330
17
100
AcDbEntity
  8
0
100
AcDbLine
 10
173.2473040000004
 20
-53.85104799999903
 30
0.0
 11
173.1647540000004
 21
-53.84799999999903
 31
0.0
  0
LINE
  5
CFA
330
17
100
AcDbEntity
  8
0
100
AcDbLine
 10
173.1647540000004
 20
-53.84799999999903
 30
0.0
 11
173.0822040000004
 21
-53.84495199999903
 31
0.0
  0
LINE
  5
CFB
330
17
100
AcDbEntity
  8
0
100
AcDbLine
 10
173.0822040000004
 20
-53.84495199999903
 30
0.0
 11
172.9996540000004
 21
-53.84190399999903
 31
0.0
  0
LINE
  5
CFC
330
17
100
AcDbEntity
  8
0
100
AcDbLine
 10
172.9996540000004
 20
-53.84190399999903
 30
0.0
 11
172.91710400000036
 21
-53.83885599999903
 31
0.0
  0
LINE
  5
CFD
330
17
100
AcDbEntity
  8
0
100
AcDbLine
 10
172.91710400000036
 20
-53.83885599999903
 30
0.0
 11
172.83455400000037
 21
-53.835807999999034
 31
0.0
  0
LINE
  5
CFE
330
17
100
AcDbEntity
  8
0
100
AcDbLine
 10
172.83455400000037
 20
-53.835807999999034
 30
0.0
 11
172.75200400000034
 21
-53.832759999999034
 31
0.0
  0
LINE
  5
CFF
330
17
100
AcDbEntity
  8
0
100
AcDbLine
 10
172.75200400000034
 20
-53.832759999999034
 30
0.0
 11
172.66945400000034
 21
-53.829711999999034
 31
0.0
  0
LINE
  5
D00
330
17
100
AcDbEntity
  8
0
100
AcDbLine
 10
172.66945400000034
 20
-53.829711999999034
 30
0.0
 11
172.58690400000032
 21
-53.826663999999035
 31
0.0
  0
LINE
  5
D01
330
17
100
AcDbEntity
  8
0
100
AcDbLine
 10
172.58690400000032
 20
-53.826663999999035
 30
0.0
 11
172.50435400000032
 21
-53.823615999999035
 31
0.0
  0
LINE
  5
D02
330
17
100
AcDbEntity
  8
0
100
AcDbLine
 10
172.50435400000032
 20
-53.823615999999035
 30
0.0
 11
172.4218040000003
 21
-53.820567999999035
 31
0.0
  0
LINE
  5
D03
330
17
100
AcDbEntity
  8
0
100
AcDbLine
 10
172.4218040000003
 20
-53.820567999999035
 30
0.0
 11
172.3392540000003
 21
-53.817519999999035
 31
0.0
  0
LINE
  5
D04
330
17
100
AcDbEntity
  8
0
100
AcDbLine
 10
172.3392540000003
 20
-53.817519999999035
 30
0.0
 11
172.25670400000027
 21
-53.81447199999903
 31
0.0
  0
LINE
  5
D05
330
17
100
AcDbEntity
  8
0
100
AcDbLine
 10
172.25670400000027
 20
-53.81447199999903
 30
0.0
 11
172.17415400000027
 21
-53.81142399999903
 31
0.0
  0
LINE
  5
D06
330
17
100
AcDbEntity
  8
0
100
AcDbLine
 10
172.17415400000027
 20
-53.81142399999903
 30
0.0
 11
172.09160400000025
 21
-53.80837599999903
 31
0.0
  0
LINE
  5
D07
330
17
100
AcDbEntity
  8
0
100
AcDbLine
 10
172.09160400000025
 20
-53.80837599999903
 30
0.0
 11
172.00905400000025
 21
-53.80532799999903
 31
0.0
  0
LINE
  5
D08
330
17
100
AcDbEntity
  8
0
100
AcDbLine
 10
172.00905400000025
 20
-53.80532799999903
 30
0.0
 11
171.92650400000022
 21
-53.80227999999903
 31
0.0
  0
LINE
  5
D09
330
17
100
AcDbEntity
  8
0
100
AcDbLine
 10
171.92650400000022
 20
-53.80227999999903
 30
0.0
 11
171.84395400000022
 21
-53.79923199999903
 31
0.0
  0
LINE
  5
D0A
330
17
100
AcDbEntity
  8
0
100
AcDbLine
 10
171.84395400000022
 20
-53.79923199999903
 30
0.0
 11
171.7614040000002
 21
-53.79618399999903
 31
0.0
  0
LINE
  5
D0B
330
17
100
AcDbEntity
  8
0
100
AcDbLine
 10
171.7614040000002
 20
-53.79618399999903
 30
0.0
 11
171.6788540000002
 21
-53.79313599999903
 31
0.0
  0
LINE
  5
D0C
330
17
100
AcDbEntity
  8
0
100
AcDbLine
 10
171.6788540000002
 20
-53.79313599999903
 30
0.0
 11
171.59630400000017
 21
-53.79008799999903
 31
0.0
  0
LINE
  5
D0D
330
17
100
AcDbEntity
  8
0
100
AcDbLine
 10
171.59630400000017
 20
-53.79008799999903
 30
0.0
 11
171.51375400000018
 21
-53.78703999999903
 31
0.0
  0
LINE
  5
D0E
330
17
100
AcDbEntity
  8
0
100
AcDbLine
 10
171.51375400000018
 20
-53.78703999999903
 30
0.0
 11
171.43120400000015
 21
-53.78399199999903
 31
0.0
  0
LINE
  5
D0F
330
17
100
AcDbEntity
  8
0
100
AcDbLine
 10
171.43120400000015
 20
-53.78399199999903
 30
0.0
 11
171.34865400000015
 21
-53.78094399999903
 31
0.0
  0
LINE
  5
D10
330
17
100
AcDbEntity
  8
0
100
AcDbLine
 10
171.34865400000015
 20
-53.78094399999903
 30
0.0
 11
171.26610400000013
 21
-53.77789599999903
 31
0.0
  0
LINE
  5
D11
330
17
100
AcDbEntity
  8
0
100
AcDbLine
 10
171.26610400000013
 20
-53.77789599999903
 30
0.0
 11
171.18355400000013
 21
-53.77484799999903
 31
0.0
  0
LINE
  5
D12
330
17
100
AcDbEntity
  8
0
100
AcDbLine
 10
171.18355400000013
 20
-53.77484799999903
 30
0.0
 11
171.1010040000001
 21
-53.77179999999903
 31
0.0
  0
LINE
  5
D13
330
17
100
AcDbEntity
  8
0
100
AcDbLine
 10
171.1010040000001
 20
-53.77179999999903
 30
0.0
 11
171.0184540000001
 21
-53.76875199999903
 31
0.0
  0
LINE
  5
D14
330
17
100
AcDbEntity
  8
0
100
AcDbLine
 10
171.0184540000001
 20
-53.76875199999903
 30
0.0
 11
170.93590400000008
 21
-53.76570399999903
 31
0.0
  0
LINE
  5
D15
330
17
100
AcDbEntity
  8
0
100
AcDbLine
 10
170.93590400000008
 20
-53.76570399999903
 30
0.0
 11
170.85335400000008
 21
-53.76265599999903
 31
0.0
  0
LINE
  5
D16
330
17
100
AcDbEntity
  8
0
100
AcDbLine
 10
170.85335400000008
 20
-53.76265599999903
 30
0.0
 11
170.77080400000006
 21
-53.75960799999903
 31
0.0
  0
LINE
  5
D17
330
17
100
AcDbEntity
  8
0
100
AcDbLine
 10
170.77080400000006
 20
-53.75960799999903
 30
0.0
 11
170.68825400000006
 21
-53.75655999999903
 31
0.0
  0
LINE
  5
D18
330
17
100
AcDbEntity
  8
0
100
AcDbLine
 10
170.68825400000006
 20
-53.75655999999903
 30
0.0
 11
170.60570400000003
 21
-53.75351199999903
 31
0.0
  0
LINE
  5
D19
330
17
100
AcDbEntity
  8
0
100
AcDbLine
 10
170.60570400000003
 20
-53.75351199999903
 30
0.0
 11
170.52315400000003
 21
-53.75046399999903
 31
0.0
  0
LINE
  5
D1A
330
17
100
AcDbEntity
  8
0
100
AcDbLine
 10
170.52315400000003
 20
-53.75046399999903
 30
0.0
 11
170.440604
 21
-53.74741599999903
 31
0.0
  0
LINE
  5
D1B
330
17
100
AcDbEntity
  8
0
100
AcDbLine
 10
170.440604
 20
-53.74741599999903
 30
0.0
 11
170.358054
 21
-53.74436799999903
 31
0.0
  0
LINE
  5
D1C
330
17
100
AcDbEntity
  8
0
100
AcDbLine
 10
170.358054
 20
-53.74436799999903
 30
0.0
 11
170.27550399999998
 21
-53.74131999999903
 31
0.0
  0
LINE
  5
D1D
330
17
100
AcDbEntity
  8
0
100
AcDbLine
 10
170.27550399999998
 20
-53.74131999999903
 30
0.0
 11
170.192954
 21
-53.73827199999903
 31
0.0
  0
LINE
  5
D1E
330
17
100
AcDbEntity
  8
0
100
AcDbLine
 10
170.192954
 20
-53.73827199999903
 30
0.0
 11
170.11040399999996
 21
-53.73522399999903
 31
0.0
  0
LINE
  5
D1F
330
17
100
AcDbEntity
  8
0
100
AcDbLine
 10
170.11040399999996
 20
-53.73522399999903
 30
0.0
 11
170.02785399999996
 21
-53.73217599999903
 31
0.0
  0
LINE
  5
D20
330
17
100
AcDbEntity
  8
0
100
AcDbLine
 10
170.02785399999996
 20
-53.73217599999903
 30
0.0
 11
169.94530399999994
 21
-53.72912799999903
 31
0.0
  0
LINE
  5
D21
330
17
100
AcDbEntity
  8
0
100
AcDbLine
 10
169.94530399999994
 20
-53.72912799999903
 30
0.0
 11
169.86275399999994
 21
-53.72607999999903
 31
0.0
  0
LINE
  5
D22
330
17
100
AcDbEntity
  8
0
100
AcDbLine
 10
169.86275399999994
 20
-53.72607999999903
 30
0.0
 11
169.78020399999994
 21
-53.72303199999903
 31
0.0
  0
LINE
  5
D23
330
17
100
AcDbEntity
  8
0
100
AcDbLine
 10
169.78020399999994
 20
-53.72303199999903
 30
0.0
 11
169.69765399999991
 21
-53.71998399999903
 31
0.0
  0
LINE
  5
D24
330
17
100
AcDbEntity
  8
0
100
AcDbLine
 10
169.69765399999991
 20
-53.71998399999903
 30
0.0
 11
169.61510399999992
 21
-53.71693599999903
 31
0.0
  0
LINE
  5
D25
330
17
100
AcDbEntity
  8
0
100
AcDbLine
 10
169.61510399999992
 20
-53.71693599999903
 30
0.0
 11
169.5325539999999
 21
-53.71388799999903
 31
0.0
  0
LINE
  5
D26
330
17
100
AcDbEntity
  8
0
100
AcDbLine
 10
169.5325539999999
 20
-53.71388799999903
 30
0.0
 11
169.4500039999999
 21
-53.71083999999903
 31
0.0
  0
LINE
  5
D27
330
17
100
AcDbEntity
  8
0
100
AcDbLine
 10
169.4500039999999
 20
-53.71083999999903
 30
0.0
 11
169.36745399999987
 21
-53.70779199999903
 31
0.0
  0
LINE
  5
D28
330
17
100
AcDbEntity
  8
0
100
AcDbLine
 10
169.36745399999987
 20
-53.70779199999903
 30
0.0
 11
169.28490399999987
 21
-53.704743999999025
 31
0.0
  0
LINE
  5
D29
330
17
100
AcDbEntity
  8
0
100
AcDbLine
 10
169.28490399999987
 20
-53.704743999999025
 30
0.0
 11
169.20235399999984
 21
-53.701695999999025
 31
0.0
  0
LINE
  5
D2A
330
17
100
AcDbEntity
  8
0
100
AcDbLine
 10
169.20235399999984
 20
-53.701695999999025
 30
0.0
 11
169.11980399999985
 21
-53.698647999999025
 31
0.0
  0
LINE
  5
D2B
330
17
100
AcDbEntity
  8
0
100
AcDbLine
 10
169.11980399999985
 20
-53.698647999999025
 30
0.0
 11
169.03725399999982
 21
-53.695599999999025
 31
0.0
  0
LINE
  5
D2C
330
17
100
AcDbEntity
  8
0
100
AcDbLine
 10
169.03725399999982
 20
-53.695599999999025
 30
0.0
 11
168.95470399999982
 21
-53.692551999999026
 31
0.0
  0
LINE
  5
D2D
330
17
100
AcDbEntity
  8
0
100
AcDbLine
 10
168.95470399999982
 20
-53.692551999999026
 30
0.0
 11
168.8721539999998
 21
-53.689503999999026
 31
0.0
  0
LINE
  5
D2E
330
17
100
AcDbEntity
  8
0
100
AcDbLine
 10
168.8721539999998
 20
-53.689503999999026
 30
0.0
 11
168.7896039999998
 21
-53.686455999999026
 31
0.0
  0
LINE
  5
D2F
330
17
100
AcDbEntity
  8
0
100
AcDbLine
 10
168.7896039999998
 20
-53.686455999999026
 30
0.0
 11
168.73626399999978
 21
-53.92496199999903
 31
0.0
  0
LINE
  5
D30
330
17
100
AcDbEntity
  8
0
100
AcDbLine
 10
168.73626399999978
 20
-53.92496199999903
 30
0.0
 11
168.68292399999976
 21
-54.16346799999902
 31
0.0
  0
LINE
  5
D31
330
17
100
AcDbEntity
  8
0
100
AcDbLine
 10
168.68292399999976
 20
-54.16346799999902
 30
0.0
 11
168.62958399999977
 21
-54.40197399999902
 31
0.0
  0
LINE
  5
D32
330
17
100
AcDbEntity
  8
0
100
AcDbLine
 10
168.62958399999977
 20
-54.40197399999902
 30
0.0
 11
168.57624399999975
 21
-54.64047999999902
 31
0.0
  0
LINE
  5
D33
330
17
100
AcDbEntity
  8
0
100
AcDbLine
 10
168.57624399999975
 20
-54.64047999999902
 30
0.0
 11
168.52290399999976
 21
-54.87898599999902
 31
0.0
  0
LINE
  5
D34
330
17
100
AcDbEntity
  8
0
100
AcDbLine
 10
168.52290399999976
 20
-54.87898599999902
 30
0.0
 11
168.46956399999974
 21
-55.11749199999902
 31
0.0
  0
LINE
  5
D35
330
17
100
AcDbEntity
  8
0
100
AcDbLine
 10
168.46956399999974
 20
-55.11749199999902
 30
0.0
 11
168.41622399999972
 21
-55.35599799999901
 31
0.0
  0
LINE
  5
D36
330
17
100
AcDbEntity
  8
0
100
AcDbLine
 10
168.41622399999972
 20
-55.35599799999901
 30
0.0
 11
168.36288399999972
 21
-55.59450399999901
 31
0.0
  0
LINE
  5
D37
330
17
100
AcDbEntity
  8
0
100
AcDbLine
 10
168.36288399999972
 20
-55.59450399999901
 30
0.0
 11
168.3095439999997
 21
-55.833009999999014
 31
0.0
  0
LINE
  5
D38
330
17
100
AcDbEntity
  8
0
100
AcDbLine
 10
168.3095439999997
 20
-55.833009999999014
 30
0.0
 11
168.25620399999968
 21
-56.07151599999901
 31
0.0
  0
LINE
  5
D39
330
17
100
AcDbEntity
  8
0
100
AcDbLine
 10
168.25620399999968
 20
-56.07151599999901
 30
0.0
 11
168.2028639999997
 21
-56.31002199999901
 31
0.0
  0
LINE
  5
D3A
330
17
100
AcDbEntity
  8
0
100
AcDbLine
 10
168.2028639999997
 20
-56.31002199999901
 30
0.0
 11
168.14952399999967
 21
-56.548527999999
 31
0.0
  0
LINE
  5
D3B
330
17
100
AcDbEntity
  8
0
100
AcDbLine
 10
168.14952399999967
 20
-56.548527999999
 30
0.0
 11
168.09618399999968
 21
-56.787033999999004
 31
0.0
  0
LINE
  5
D3C
330
17
100
AcDbEntity
  8
0
100
AcDbLine
 10
168.09618399999968
 20
-56.787033999999004
 30
0.0
 11
168.04284399999966
 21
-57.025539999999005
 31
0.0
  0
LINE
  5
D3D
330
17
100
AcDbEntity
  8
0
100
AcDbLine
 10
168.04284399999966
 20
-57.025539999999005
 30
0.0
 11
167.98950399999964
 21
-57.264045999999
 31
0.0
  0
LINE
  5
D3E
330
17
100
AcDbEntity
  8
0
100
AcDbLine
 10
167.98950399999964
 20
-57.264045999999
 30
0.0
 11
167.93616399999965
 21
-57.502551999999
 31
0.0
  0
LINE
  5
D3F
330
17
100
AcDbEntity
  8
0
100
AcDbLine
 10
167.93616399999965
 20
-57.502551999999
 30
0.0
 11
167.88282399999963
 21
-57.74105799999899
 31
0.0
  0
LINE
  5
D40
330
17
100
AcDbEntity
  8
0
100
AcDbLine
 10
167.88282399999963
 20
-57.74105799999899
 30
0.0
 11
167.8294839999996
 21
-57.979563999998994
 31
0.0
  0
LINE
  5
D41
330
17
100
AcDbEntity
  8
0
100
AcDbLine
 10
167.8294839999996
 20
-57.979563999998994
 30
0.0
 11
167.77614399999962
 21
-58.218069999998995
 31
0.0
  0
LINE
  5
D42
330
17
100
AcDbEntity
  8
0
100
AcDbLine
 10
167.77614399999962
 20
-58.218069999998995
 30
0.0
 11
167.7228039999996
 21
-58.45657599999899
 31
0.0
  0
LINE
  5
D43
330
17
100
AcDbEntity
  8
0
100
AcDbLine
 10
167.7228039999996
 20
-58.45657599999899
 30
0.0
 11
167.6694639999996
 21
-58.69508199999899
 31
0.0
  0
LINE
  5
D44
330
17
100
AcDbEntity
  8
0
100
AcDbLine
 10
167.6694639999996
 20
-58.69508199999899
 30
0.0
 11
167.6161239999996
 21
-58.93358799999899
 31
0.0
  0
LINE
  5
D45
330
17
100
AcDbEntity
  8
0
100
AcDbLine
 10
167.6161239999996
 20
-58.93358799999899
 30
0.0
 11
167.56278399999957
 21
-59.172093999998985
 31
0.0
  0
LINE
  5
D46
330
17
100
AcDbEntity
  8
0
100
AcDbLine
 10
167.56278399999957
 20
-59.172093999998985
 30
0.0
 11
167.50944399999958
 21
-59.410599999998986
 31
0.0
  0
LINE
  5
D47
330
17
100
AcDbEntity
  8
0
100
AcDbLine
 10
167.50944399999958
 20
-59.410599999998986
 30
0.0
 11
167.45610399999956
 21
-59.64910599999898
 31
0.0
  0
LINE
  5
D48
330
17
100
AcDbEntity
  8
0
100
AcDbLine
 10
167.45610399999956
 20
-59.64910599999898
 30
0.0
 11
167.40276399999954
 21
-59.88761199999898
 31
0.0
  0
LINE
  5
D49
330
17
100
AcDbEntity
  8
0
100
AcDbLine
 10
167.40276399999954
 20
-59.88761199999898
 30
0.0
 11
167.34942399999954
 21
-60.12611799999898
 31
0.0
  0
LINE
  5
D4A
330
17
100
AcDbEntity
  8
0
100
AcDbLine
 10
167.34942399999954
 20
-60.12611799999898
 30
0.0
 11
167.29608399999952
 21
-60.364623999998976
 31
0.0
  0
LINE
  5
D4B
330
17
100
AcDbEntity
  8
0
100
AcDbLine
 10
167.29608399999952
 20
-60.364623999998976
 30
0.0
 11
167.24274399999953
 21
-60.60312999999898
 31
0.0
  0
LINE
  5
D4C
330
17
100
AcDbEntity
  8
0
100
AcDbLine
 10
167.24274399999953
 20
-60.60312999999898
 30
0.0
 11
167.1894039999995
 21
-60.84163599999897
 31
0.0
  0
LINE
  5
D4D
330
17
100
AcDbEntity
  8
0
100
AcDbLine
 10
167.1894039999995
 20
-60.84163599999897
 30
0.0
 11
167.1360639999995
 21
-61.08014199999897
 31
0.0
  0
LINE
  5
D4E
330
17
100
AcDbEntity
  8
0
100
AcDbLine
 10
167.1360639999995
 20
-61.08014199999897
 30
0.0
 11
167.0827239999995
 21
-61.31864799999897
 31
0.0
  0
LINE
  5
D4F
330
17
100
AcDbEntity
  8
0
100
AcDbLine
 10
167.0827239999995
 20
-61.31864799999897
 30
0.0
 11
167.02938399999948
 21
-61.55715399999897
 31
0.0
  0
LINE
  5
D50
330
17
100
AcDbEntity
  8
0
100
AcDbLine
 10
167.02938399999948
 20
-61.55715399999897
 30
0.0
 11
166.97604399999946
 21
-61.79565999999897
 31
0.0
  0
LINE
  5
D51
330
17
100
AcDbEntity
  8
0
100
AcDbLine
 10
166.97604399999946
 20
-61.79565999999897
 30
0.0
 11
166.92270399999947
 21
-62.03416599999896
 31
0.0
  0
LINE
  5
D52
330
17
100
AcDbEntity
  8
0
100
AcDbLine
 10
166.92270399999947
 20
-62.03416599999896
 30
0.0
 11
166.86936399999945
 21
-62.27267199999896
 31
0.0
  0
LINE
  5
D53
330
17
100
AcDbEntity
  8
0
100
AcDbLine
 10
166.86936399999945
 20
-62.27267199999896
 30
0.0
 11
166.81602399999946
 21
-62.511177999998964
 31
0.0
  0
LINE
  5
D54
330
17
100
AcDbEntity
  8
0
100
AcDbLine
 10
166.81602399999946
 20
-62.511177999998964
 30
0.0
 11
166.76268399999944
 21
-62.74968399999896
 31
0.0
  0
LINE
  5
D55
330
17
100
AcDbEntity
  8
0
100
AcDbLine
 10
166.76268399999944
 20
-62.74968399999896
 30
0.0
 11
166.70934399999942
 21
-62.98818999999896
 31
0.0
  0
LINE
  5
D56
330
17
100
AcDbEntity
  8
0
100
AcDbLine
 10
166.70934399999942
 20
-62.98818999999896
 30
0.0
 11
166.65600399999943
 21
-63.22669599999895
 31
0.0
  0
LINE
  5
D57
330
17
100
AcDbEntity
  8
0
100
AcDbLine
 10
166.65600399999943
 20
-63.22669599999895
 30
0.0
 11
166.6026639999994
 21
-63.46520199999895
 31
0.0
  0
LINE
  5
D58
330
17
100
AcDbEntity
  8
0
100
AcDbLine
 10
166.6026639999994
 20
-63.46520199999895
 30
0.0
 11
166.5493239999994
 21
-63.703707999998954
 31
0.0
  0
LINE
  5
D59
330
17
100
AcDbEntity
  8
0
100
AcDbLine
 10
166.5493239999994
 20
-63.703707999998954
 30
0.0
 11
166.4959839999994
 21
-63.94221399999895
 31
0.0
  0
LINE
  5
D5A
330
17
100
AcDbEntity
  8
0
100
AcDbLine
 10
166.4959839999994
 20
-63.94221399999895
 30
0.0
 11
166.44264399999938
 21
-64.18071999999894
 31
0.0
  0
LINE
  5
D5B
330
17
100
AcDbEntity
  8
0
100
AcDbLine
 10
166.44264399999938
 20
-64.18071999999894
 30
0.0
 11
166.38930399999938
 21
-64.41922599999894
 31
0.0
  0
LINE
  5
D5C
330
17
100
AcDbEntity
  8
0
100
AcDbLine
 10
166.38930399999938
 20
-64.41922599999894
 30
0.0
 11
166.33596399999936
 21
-64.65773199999894
 31
0.0
  0
LINE
  5
D5D
330
17
100
AcDbEntity
  8
0
100
AcDbLine
 10
166.33596399999936
 20
-64.65773199999894
 30
0.0
 11
166.28262399999934
 21
-64.89623799999895
 31
0.0
  0
LINE
  5
D5E
330
17
100
AcDbEntity
  8
0
100
AcDbLine
 10
166.28262399999934
 20
-64.89623799999895
 30
0.0
 11
166.22928399999935
 21
-65.13474399999895
 31
0.0
  0
LINE
  5
D5F
330
17
100
AcDbEntity
  8
0
100
AcDbLine
 10
166.22928399999935
 20
-65.13474399999895
 30
0.0
 11
166.17594399999933
 21
-65.37324999999895
 31
0.0
  0
LINE
  5
D60
330
17
100
AcDbEntity
  8
0
100
AcDbLine
 10
166.17594399999933
 20
-65.37324999999895
 30
0.0
 11
166.1226039999993
 21
-65.61175599999895
 31
0.0
  0
LINE
  5
D61
330
17
100
AcDbEntity
  8
0
100
AcDbLine
 10
166.1226039999993
 20
-65.61175599999895
 30
0.0
 11
166.06926399999932
 21
-65.85026199999896
 31
0.0
  0
LINE
  5
D62
330
17
100
AcDbEntity
  8
0
100
AcDbLine
 10
166.06926399999932
 20
-65.85026199999896
 30
0.0
 11
166.0159239999993
 21
-66.08876799999896
 31
0.0
  0
LINE
  5
D63
330
17
100
AcDbEntity
  8
0
100
AcDbLine
 10
166.0159239999993
 20
-66.08876799999896
 30
0.0
 11
165.9625839999993
 21
-66.32727399999897
 31
0.0
  0
LINE
  5
D64
330
17
100
AcDbEntity
  8
0
100
AcDbLine
 10
165.9625839999993
 20
-66.32727399999897
 30
0.0
 11
165.9092439999993
 21
-66.56577999999898
 31
0.0
  0
LINE
  5
D65
330
17
100
AcDbEntity
  8
0
100
AcDbLine
 10
165.9092439999993
 20
-66.56577999999898
 30
0.0
 11
165.85590399999927
 21
-66.80428599999898
 31
0.0
  0
LINE
  5
D66
330
17
100
AcDbEntity
  8
0
100
AcDbLine
 10
165.85590399999927
 20
-66.80428599999898
 30
0.0
 11
165.80256399999928
 21
-67.04279199999898
 31
0.0
  0
LINE
  5
D67
330
17
100
AcDbEntity
  8
0
100
AcDbLine
 10
165.80256399999928
 20
-67.04279199999898
 30
0.0
 11
165.74922399999926
 21
-67.28129799999898
 31
0.0
  0
LINE
  5
D68
330
17
100
AcDbEntity
  8
0
100
AcDbLine
 10
165.74922399999926
 20
-67.28129799999898
 30
0.0
 11
165.69588399999924
 21
-67.519803999999
 31
0.0
  0
LINE
  5
D69
330
17
100
AcDbEntity
  8
0
100
AcDbLine
 10
165.69588399999924
 20
-67.519803999999
 30
0.0
 11
165.64254399999925
 21
-67.758309999999
 31
0.0
  0
LINE
  5
D6A
330
17
100
AcDbEntity
  8
0
100
AcDbLine
 10
165.64254399999925
 20
-67.758309999999
 30
0.0
 11
165.58920399999923
 21
-67.996815999999
 31
0.0
  0
LINE
  5
D6B
330
17
100
AcDbEntity
  8
0
100
AcDbLine
 10
165.58920399999923
 20
-67.996815999999
 30
0.0
 11
165.53586399999924
 21
-68.23532199999902
 31
0.0
  0
LINE
  5
D6C
330
17
100
AcDbEntity
  8
0
100
AcDbLine
 10
165.53586399999924
 20
-68.23532199999902
 30
0.0
 11
165.48252399999922
 21
-68.47382799999902
 31
0.0
  0
LINE
  5
D6D
330
17
100
AcDbEntity
  8
0
100
AcDbLine
 10
165.48252399999922
 20
-68.47382799999902
 30
0.0
 11
165.4291839999992
 21
-68.71233399999902
 31
0.0
  0
LINE
  5
D6E
330
17
100
AcDbEntity
  8
0
100
AcDbLine
 10
165.4291839999992
 20
-68.71233399999902
 30
0.0
 11
165.3758439999992
 21
-68.95083999999903
 31
0.0
  0
LINE
  5
D6F
330
17
100
AcDbEntity
  8
0
100
AcDbLine
 10
165.3758439999992
 20
-68.95083999999903
 30
0.0
 11
165.37635199999917
 21
-68.95236399999902
 31
0.0
  0
LINE
  5
D70
330
17
100
AcDbEntity
  8
0
100
AcDbLine
 10
165.37635199999917
 20
-68.95236399999902
 30
0.0
 11
165.3814319999992
 21
-68.95515799999903
 31
0.0
  0
LINE
  5
D71
330
17
100
AcDbEntity
  8
0
100
AcDbLine
 10
165.3814319999992
 20
-68.95515799999903
 30
0.0
 11
165.39057599999916
 21
-68.95922199999903
 31
0.0
  0
LINE
  5
D72
330
17
100
AcDbEntity
  8
0
100
AcDbLine
 10
165.39057599999916
 20
-68.95922199999903
 30
0.0
 11
165.40403799999916
 21
-68.96430199999902
 31
0.0
  0
LINE
  5
D73
330
17
100
AcDbEntity
  8
0
100
AcDbLine
 10
165.40403799999916
 20
-68.96430199999902
 30
0.0
 11
165.42156399999917
 21
-68.97065199999902
 31
0.0
  0
LINE
  5
D74
330
17
100
AcDbEntity
  8
0
100
AcDbLine
 10
165.42156399999917
 20
-68.97065199999902
 30
0.0
 11
165.44315399999917
 21
-68.97801799999903
 31
0.0
  0
LINE
  5
D75
330
17
100
AcDbEntity
  8
0
100
AcDbLine
 10
165.44315399999917
 20
-68.97801799999903
 30
0.0
 11
165.46855399999916
 21
-68.98639999999902
 31
0.0
  0
LINE
  5
D76
330
17
100
AcDbEntity
  8
0
100
AcDbLine
 10
165.46855399999916
 20
-68.98639999999902
 30
0.0
 11
165.49776399999917
 21
-68.99554399999903
 31
0.0
  0
LINE
  5
D77
330
17
100
AcDbEntity
  8
0
100
AcDbLine
 10
165.49776399999917
 20
-68.99554399999903
 30
0.0
 11
165.53078399999916
 21
-69.00570399999903
 31
0.0
  0
LINE
  5
D78
330
17
100
AcDbEntity
  8
0
100
AcDbLine
 10
165.53078399999916
 20
-69.00570399999903
 30
0.0
 11
165.56735999999918
 21
-69.01662599999904
 31
0.0
  0
LINE
  5
D79
330
17
100
AcDbEntity
  8
0
100
AcDbLine
 10
165.56735999999918
 20
-69.01662599999904
 30
0.0
 11
165.60749199999918
 21
-69.02830999999902
 31
0.0
  0
LINE
  5
D7A
330
17
100
AcDbEntity
  8
0
100
AcDbLine
 10
165.60749199999918
 20
-69.02830999999902
 30
0.0
 11
165.6511799999992
 21
-69.04075599999902
 31
0.0
  0
LINE
  5
D7B
330
17
100
AcDbEntity
  8
0
100
AcDbLine
 10
165.6511799999992
 20
-69.04075599999902
 30
0.0
 11
165.69816999999918
 21
-69.05370999999901
 31
0.0
  0
LINE
  5
D7C
330
17
100
AcDbEntity
  8
0
100
AcDbLine
 10
165.69816999999918
 20
-69.05370999999901
 30
0.0
 11
165.74846199999917
 21
-69.06742599999902
 31
0.0
  0
LINE
  5
D7D
330
17
100
AcDbEntity
  8
0
100
AcDbLine
 10
165.74846199999917
 20
-69.06742599999902
 30
0.0
 11
165.80180199999918
 21
-69.08164999999902
 31
0.0
  0
LINE
  5
D7E
330
17
100
AcDbEntity
  8
0
100
AcDbLine
 10
165.80180199999918
 20
-69.08164999999902
 30
0.0
 11
165.85818999999915
 21
-69.09638199999901
 31
0.0
  0
LINE
  5
D7F
330
17
100
AcDbEntity
  8
0
100
AcDbLine
 10
165.85818999999915
 20
-69.09638199999901
 30
0.0
 11
165.9176259999992
 21
-69.11136799999902
 31
0.0
  0
LINE
  5
D80
330
17
100
AcDbEntity
  8
0
100
AcDbLine
 10
165.9176259999992
 20
-69.11136799999902
 30
0.0
 11
165.9798559999992
 21
-69.12686199999901
 31
0.0
  0
LINE
  5
D81
330
17
100
AcDbEntity
  8
0
100
AcDbLine
 10
165.9798559999992
 20
-69.12686199999901
 30
0.0
 11
166.04487999999918
 21
-69.14260999999901
 31
0.0
  0
LINE
  5
D82
330
17
100
AcDbEntity
  8
0
100
AcDbLine
 10
166.04487999999918
 20
-69.14260999999901
 30
0.0
 11
166.1126979999992
 21
-69.15861199999901
 31
0.0
  0
LINE
  5
D83
330
17
100
AcDbEntity
  8
0
100
AcDbLine
 10
166.1126979999992
 20
-69.15861199999901
 30
0.0
 11
166.1830559999992
 21
-69.17486799999901
 31
0.0
  0
LINE
  5
D84
330
17
100
AcDbEntity
  8
0
100
AcDbLine
 10
166.1830559999992
 20
-69.17486799999901
 30
0.0
 11
166.2559539999992
 21
-69.19137799999902
 31
0.0
  0
LINE
  5
D85
330
17
100
AcDbEntity
  8
0
100
AcDbLine
 10
166.2559539999992
 20
-69.19137799999902
 30
0.0
 11
166.3313919999992
 21
-69.20788799999902
 31
0.0
  0
LINE
  5
D86
330
17
100
AcDbEntity
  8
0
100
AcDbLine
 10
166.3313919999992
 20
-69.20788799999902
 30
0.0
 11
166.40911599999922
 21
-69.22465199999901
 31
0.0
  0
LINE
  5
D87
330
17
100
AcDbEntity
  8
0
100
AcDbLine
 10
166.40911599999922
 20
-69.22465199999901
 30
0.0
 11
166.48912599999923
 21
-69.241415999999
 31
0.0
  0
LINE
  5
D88
330
17
100
AcDbEntity
  8
0
100
AcDbLine
 10
166.48912599999923
 20
-69.241415999999
 30
0.0
 11
166.57116799999923
 21
-69.258179999999
 31
0.0
  0
LINE
  5
D89
330
17
100
AcDbEntity
  8
0
100
AcDbLine
 10
166.57116799999923
 20
-69.258179999999
 30
0.0
 11
166.65524199999925
 21
-69.274689999999
 31
0.0
  0
LINE
  5
D8A
330
17
100
AcDbEntity
  8
0
100
AcDbLine
 10
166.65524199999925
 20
-69.274689999999
 30
0.0
 11
166.74134799999925
 21
-69.291199999999
 31
0.0
  0
LINE
  5
D8B
330
17
100
AcDbEntity
  8
0
100
AcDbLine
 10
166.74134799999925
 20
-69.291199999999
 30
0.0
 11
166.82923199999925
 21
-69.307455999999
 31
0.0
  0
LINE
  5
D8C
330
17
100
AcDbEntity
  8
0
100
AcDbLine
 10
166.82923199999925
 20
-69.307455999999
 30
0.0
 11
166.91889399999923
 21
-69.323457999999
 31
0.0
  0
LINE
  5
D8D
330
17
100
AcDbEntity
  8
0
100
AcDbLine
 10
166.91889399999923
 20
-69.323457999999
 30
0.0
 11
167.01033399999923
 21
-69.339205999999
 31
0.0
  0
LINE
  5
D8E
330
17
100
AcDbEntity
  8
0
100
AcDbLine
 10
167.01033399999923
 20
-69.339205999999
 30
0.0
 11
167.10329799999923
 21
-69.354445999999
 31
0.0
  0
LINE
  5
D8F
330
17
100
AcDbEntity
  8
0
100
AcDbLine
 10
167.10329799999923
 20
-69.354445999999
 30
0.0
 11
167.19778599999924
 21
-69.36943199999901
 31
0.0
  0
LINE
  5
D90
330
17
100
AcDbEntity
  8
0
100
AcDbLine
 10
167.19778599999924
 20
-69.36943199999901
 30
0.0
 11
167.29379799999924
 21
-69.383909999999
 31
0.0
  0
LINE
  5
D91
330
17
100
AcDbEntity
  8
0
100
AcDbLine
 10
167.29379799999924
 20
-69.383909999999
 30
0.0
 11
167.39107999999925
 21
-69.397879999999
 31
0.0
  0
LINE
  5
D92
330
17
100
AcDbEntity
  8
0
100
AcDbLine
 10
167.39107999999925
 20
-69.397879999999
 30
0.0
 11
167.48963199999926
 21
-69.41134199999901
 31
0.0
  0
LINE
  5
D93
330
17
100
AcDbEntity
  8
0
100
AcDbLine
 10
167.48963199999926
 20
-69.41134199999901
 30
0.0
 11
167.58919999999927
 21
-69.42404199999902
 31
0.0
  0
LINE
  5
D94
330
17
100
AcDbEntity
  8
0
100
AcDbLine
 10
167.58919999999927
 20
-69.42404199999902
 30
0.0
 11
167.68978399999926
 21
-69.43597999999902
 31
0.0
  0
LINE
  5
D95
330
17
100
AcDbEntity
  8
0
100
AcDbLine
 10
167.68978399999926
 20
-69.43597999999902
 30
0.0
 11
167.79138399999925
 21
-69.44740999999902
 31
0.0
  0
LINE
  5
D96
330
17
100
AcDbEntity
  8
0
100
AcDbLine
 10
167.79138399999925
 20
-69.44740999999902
 30
0.0
 11
167.89399999999924
 21
-69.45807799999902
 31
0.0
  0
LINE
  5
D97
330
17
100
AcDbEntity
  8
0
100
AcDbLine
 10
167.89399999999924
 20
-69.45807799999902
 30
0.0
 11
167.99737799999926
 21
-69.46772999999902
 31
0.0
  0
LINE
  5
D98
330
17
100
AcDbEntity
  8
0
100
AcDbLine
 10
167.99737799999926
 20
-69.46772999999902
 30
0.0
 11
168.10126399999925
 21
-69.47661999999903
 31
0.0
  0
LINE
  5
D99
330
17
100
AcDbEntity
  8
0
100
AcDbLine
 10
168.10126399999925
 20
-69.47661999999903
 30
0.0
 11
168.20591199999927
 21
-69.48449399999903
 31
0.0
  0
LINE
  5
D9A
330
17
100
AcDbEntity
  8
0
100
AcDbLine
 10
168.20591199999927
 20
-69.48449399999903
 30
0.0
 11
168.31081399999928
 21
-69.49135199999903
 31
0.0
  0
LINE
  5
D9B
330
17
100
AcDbEntity
  8
0
100
AcDbLine
 10
168.31081399999928
 20
-69.49135199999903
 30
0.0
 11
168.41622399999926
 21
-69.49719399999903
 31
0.0
  0
LINE
  5
D9C
330
17
100
AcDbEntity
  8
0
100
AcDbLine
 10
168.41622399999926
 20
-69.49719399999903
 30
0.0
 11
168.52188799999928
 21
-69.50201999999904
 31
0.0
  0
LINE
  5
D9D
330
17
100
AcDbEntity
  8
0
100
AcDbLine
 10
168.52188799999928
 20
-69.50201999999904
 30
0.0
 11
168.62780599999928
 21
-69.50557599999904
 31
0.0
  0
LINE
  5
D9E
330
17
100
AcDbEntity
  8
0
100
AcDbLine
 10
168.62780599999928
 20
-69.50557599999904
 30
0.0
 11
168.73372399999928
 21
-69.50786199999904
 31
0.0
  0
LINE
  5
D9F
330
17
100
AcDbEntity
  8
0
100
AcDbLine
 10
168.73372399999928
 20
-69.50786199999904
 30
0.0
 11
168.8398959999993
 21
-69.50887799999904
 31
0.0
  0
LINE
  5
DA0
330
17
100
AcDbEntity
  8
0
100
AcDbLine
 10
168.8398959999993
 20
-69.50887799999904
 30
0.0
 11
168.9458139999993
 21
-69.50862399999905
 31
0.0
  0
LINE
  5
DA1
330
17
100
AcDbEntity
  8
0
100
AcDbLine
 10
168.9458139999993
 20
-69.50862399999905
 30
0.0
 11
169.0517319999993
 21
-69.50709999999906
 31
0.0
  0
LINE
  5
DA2
330
17
100
AcDbEntity
  8
0
100
AcDbLine
 10
169.0517319999993
 20
-69.50709999999906
 30
0.0
 11
169.15739599999932
 21
-69.50405199999906
 31
0.0
  0
LINE
  5
DA3
330
17
100
AcDbEntity
  8
0
100
AcDbLine
 10
169.15739599999932
 20
-69.50405199999906
 30
0.0
 11
169.26255199999932
 21
-69.49947999999907
 31
0.0
  0
LINE
  5
DA4
330
17
100
AcDbEntity
  8
0
100
AcDbLine
 10
169.26255199999932
 20
-69.49947999999907
 30
0.0
 11
169.36745399999933
 21
-69.49338399999907
 31
0.0
  0
LINE
  5
DA5
330
17
100
AcDbEntity
  8
0
100
AcDbLine
 10
169.36745399999933
 20
-69.49338399999907
 30
0.0
 11
169.4718479999993
 21
-69.48576399999907
 31
0.0
  0
LINE
  5
DA6
330
17
100
AcDbEntity
  8
0
100
AcDbLine
 10
169.4718479999993
 20
-69.48576399999907
 30
0.0
 11
169.57547999999932
 21
-69.47636599999908
 31
0.0
  0
LINE
  5
DA7
330
17
100
AcDbEntity
  8
0
100
AcDbLine
 10
169.57547999999932
 20
-69.47636599999908
 30
0.0
 11
169.6783499999993
 21
-69.46544399999908
 31
0.0
  0
LINE
  5
DA8
330
17
100
AcDbEntity
  8
0
100
AcDbLine
 10
169.6783499999993
 20
-69.46544399999908
 30
0.0
 11
169.78045799999933
 21
-69.45274399999907
 31
0.0
  0
LINE
  5
DA9
330
17
100
AcDbEntity
  8
0
100
AcDbLine
 10
169.78045799999933
 20
-69.45274399999907
 30
0.0
 11
169.8818039999993
 21
-69.43826599999906
 31
0.0
  0
LINE
  5
DAA
330
17
100
AcDbEntity
  8
0
100
AcDbLine
 10
169.8818039999993
 20
-69.43826599999906
 30
0.0
 11
169.98213399999932
 21
-69.42200999999906
 31
0.0
  0
LINE
  5
DAB
330
17
100
AcDbEntity
  8
0
100
AcDbLine
 10
169.98213399999932
 20
-69.42200999999906
 30
0.0
 11
170.0814479999993
 21
-69.40372199999906
 31
0.0
  0
LINE
  5
DAC
330
17
100
AcDbEntity
  8
0
100
AcDbLine
 10
170.0814479999993
 20
-69.40372199999906
 30
0.0
 11
170.1794919999993
 21
-69.38340199999907
 31
0.0
  0
LINE
  5
DAD
330
17
100
AcDbEntity
  8
0
100
AcDbLine
 10
170.1794919999993
 20
-69.38340199999907
 30
0.0
 11
170.27626599999928
 21
-69.36104999999905
 31
0.0
  0
LINE
  5
DAE
330
17
100
AcDbEntity
  8
0
100
AcDbLine
 10
170.27626599999928
 20
-69.36104999999905
 30
0.0
 11
170.3717699999993
 21
-69.33666599999906
 31
0.0
  0
LINE
  5
DAF
330
17
100
AcDbEntity
  8
0
100
AcDbLine
 10
213.6663239999993
 20
-96.25025199999907
 30
0.0
 11
214.09177399999928
 21
-96.48113799999906
 31
0.0
  0
LINE
  5
DB0
330
17
100
AcDbEntity
  8
0
100
AcDbLine
 10
214.09177399999928
 20
-96.48113799999906
 30
0.0
 11
214.47937799999926
 21
-96.71202399999906
 31
0.0
  0
LINE
  5
DB1
330
17
100
AcDbEntity
  8
0
100
AcDbLine
 10
214.47937799999926
 20
-96.71202399999906
 30
0.0
 11
214.83015199999926
 21
-96.94290999999906
 31
0.0
  0
LINE
  5
DB2
330
17
100
AcDbEntity
  8
0
100
AcDbLine
 10
214.83015199999926
 20
-96.94290999999906
 30
0.0
 11
215.14536599999926
 21
-97.17303399999905
 31
0.0
  0
LINE
  5
DB3
330
17
100
AcDbEntity
  8
0
100
AcDbLine
 10
215.14536599999926
 20
-97.17303399999905
 30
0.0
 11
215.42603599999924
 21
-97.40239599999906
 31
0.0
  0
LINE
  5
DB4
330
17
100
AcDbEntity
  8
0
100
AcDbLine
 10
215.42603599999924
 20
-97.40239599999906
 30
0.0
 11
215.67317799999924
 21
-97.63048799999906
 31
0.0
  0
LINE
  5
DB5
330
17
100
AcDbEntity
  8
0
100
AcDbLine
 10
215.67317799999924
 20
-97.63048799999906
 30
0.0
 11
215.88806199999925
 21
-97.85705599999906
 31
0.0
  0
LINE
  5
DB6
330
17
100
AcDbEntity
  8
0
100
AcDbLine
 10
215.88806199999925
 20
-97.85705599999906
 30
0.0
 11
216.07170399999924
 21
-98.08184599999906
 31
0.0
  0
LINE
  5
DB7
330
17
100
AcDbEntity
  8
0
100
AcDbLine
 10
216.07170399999924
 20
-98.08184599999906
 30
0.0
 11
216.22511999999924
 21
-98.30434999999906
 31
0.0
  0
LINE
  5
DB8
330
17
100
AcDbEntity
  8
0
100
AcDbLine
 10
216.22511999999924
 20
-98.30434999999906
 30
0.0
 11
216.34957999999924
 21
-98.52431399999905
 31
0.0
  0
LINE
  5
DB9
330
17
100
AcDbEntity
  8
0
100
AcDbLine
 10
216.34957999999924
 20
-98.52431399999905
 30
0.0
 11
216.44609999999923
 21
-98.74122999999905
 31
0.0
  0
LINE
  5
DBA
330
17
100
AcDbEntity
  8
0
100
AcDbLine
 10
216.44609999999923
 20
-98.74122999999905
 30
0.0
 11
216.51594999999924
 21
-98.95509799999904
 31
0.0
  0
LINE
  5
DBB
330
17
100
AcDbEntity
  8
0
100
AcDbLine
 10
216.51594999999924
 20
-98.95509799999904
 30
0.0
 11
216.56014599999924
 21
-99.16540999999904
 31
0.0
  0
LINE
  5
DBC
330
17
100
AcDbEntity
  8
0
100
AcDbLine
 10
216.56014599999924
 20
-99.16540999999904
 30
0.0
 11
216.57970399999923
 21
-99.37165799999904
 31
0.0
  0
LINE
  5
DBD
330
17
100
AcDbEntity
  8
0
100
AcDbLine
 10
216.57970399999923
 20
-99.37165799999904
 30
0.0
 11
216.57563999999925
 21
-99.57384199999905
 31
0.0
  0
LINE
  5
DBE
330
17
100
AcDbEntity
  8
0
100
AcDbLine
 10
216.57563999999925
 20
-99.57384199999905
 30
0.0
 11
216.54922399999924
 21
-99.77145399999904
 31
0.0
  0
LINE
  5
DBF
330
17
100
AcDbEntity
  8
0
100
AcDbLine
 10
216.54922399999924
 20
-99.77145399999904
 30
0.0
 11
216.50147199999924
 21
-99.96398599999904
 31
0.0
  0
LINE
  5
DC0
330
17
100
AcDbEntity
  8
0
100
AcDbLine
 10
216.50147199999924
 20
-99.96398599999904
 30
0.0
 11
216.43365399999922
 21
-100.15143799999905
 31
0.0
  0
LINE
  5
DC1
330
17
100
AcDbEntity
  8
0
100
AcDbLine
 10
216.43365399999922
 20
-100.15143799999905
 30
0.0
 11
216.3467859999992
 21
-100.33330199999904
 31
0.0
  0
LINE
  5
DC2
330
17
100
AcDbEntity
  8
0
100
AcDbLine
 10
216.3467859999992
 20
-100.33330199999904
 30
0.0
 11
216.24188399999923
 21
-100.50906999999904
 31
0.0
  0
LINE
  5
DC3
330
17
100
AcDbEntity
  8
0
100
AcDbLine
 10
216.24188399999923
 20
-100.50906999999904
 30
0.0
 11
216.12021799999923
 21
-100.67874199999905
 31
0.0
  0
LINE
  5
DC4
330
17
100
AcDbEntity
  8
0
100
AcDbLine
 10
216.12021799999923
 20
-100.67874199999905
 30
0.0
 11
215.9828039999992
 21
-100.84180999999904
 31
0.0
  0
LINE
  5
DC5
330
17
100
AcDbEntity
  8
0
100
AcDbLine
 10
215.9828039999992
 20
-100.84180999999904
 30
0.0
 11
215.83065799999918
 21
-100.99776599999903
 31
0.0
  0
LINE
  5
DC6
330
17
100
AcDbEntity
  8
0
100
AcDbLine
 10
215.83065799999918
 20
-100.99776599999903
 30
0.0
 11
215.66504999999918
 21
-101.14660999999904
 31
0.0
  0
LINE
  5
DC7
330
17
100
AcDbEntity
  8
0
100
AcDbLine
 10
215.66504999999918
 20
-101.14660999999904
 30
0.0
 11
215.48699599999918
 21
-101.28783399999904
 31
0.0
  0
LINE
  5
DC8
330
17
100
AcDbEntity
  8
0
100
AcDbLine
 10
215.48699599999918
 20
-101.28783399999904
 30
0.0
 11
215.2975119999992
 21
-101.42118399999903
 31
0.0
  0
LINE
  5
DC9
330
17
100
AcDbEntity
  8
0
100
AcDbLine
 10
215.2975119999992
 20
-101.42118399999903
 30
0.0
 11
215.09786799999918
 21
-101.54615199999904
 31
0.0
  0
LINE
  5
DCA
330
17
100
AcDbEntity
  8
0
100
AcDbLine
 10
215.09786799999918
 20
-101.54615199999904
 30
0.0
 11
214.88907999999918
 21
-101.66248399999904
 31
0.0
  0
LINE
  5
DCB
330
17
100
AcDbEntity
  8
0
100
AcDbLine
 10
214.88907999999918
 20
-101.66248399999904
 30
0.0
 11
214.6724179999992
 21
-101.76992599999905
 31
0.0
  0
LINE
  5
DCC
330
17
100
AcDbEntity
  8
0
100
AcDbLine
 10
214.6724179999992
 20
-101.76992599999905
 30
0.0
 11
214.4486439999992
 21
-101.86796999999905
 31
0.0
  0
LINE
  5
DCD
330
17
100
AcDbEntity
  8
0
100
AcDbLine
 10
214.4486439999992
 20
-101.86796999999905
 30
0.0
 11
214.2192819999992
 21
-101.95661599999904
 31
0.0
  0
LINE
  5
DCE
330
17
100
AcDbEntity
  8
0
100
AcDbLine
 10
214.2192819999992
 20
-101.95661599999904
 30
0.0
 11
213.9850939999992
 21
-102.03510199999906
 31
0.0
  0
LINE
  5
DCF
330
17
100
AcDbEntity
  8
0
100
AcDbLine
 10
213.9850939999992
 20
-102.03510199999906
 30
0.0
 11
213.7473499999992
 21
-102.10342799999906
 31
0.0
  0
LINE
  5
DD0
330
17
100
AcDbEntity
  8
0
100
AcDbLine
 10
213.7473499999992
 20
-102.10342799999906
 30
0.0
 11
213.50706599999918
 21
-102.16108599999905
 31
0.0
  0
LINE
  5
DD1
330
17
100
AcDbEntity
  8
0
100
AcDbLine
 10
213.50706599999918
 20
-102.16108599999905
 30
0.0
 11
213.26551199999918
 21
-102.20782199999906
 31
0.0
  0
LINE
  5
DD2
330
17
100
AcDbEntity
  8
0
100
AcDbLine
 10
213.26551199999918
 20
-102.20782199999906
 30
0.0
 11
213.02370399999919
 21
-102.24312799999906
 31
0.0
  0
LINE
  5
DD3
330
17
100
AcDbEntity
  8
0
100
AcDbLine
 10
213.02370399999919
 20
-102.24312799999906
 30
0.0
 11
212.7826579999992
 21
-102.26700399999906
 31
0.0
  0
LINE
  5
DD4
330
17
100
AcDbEntity
  8
0
100
AcDbLine
 10
212.7826579999992
 20
-102.26700399999906
 30
0.0
 11
212.54364399999918
 21
-102.27868799999905
 31
0.0
  0
LINE
  5
DD5
330
17
100
AcDbEntity
  8
0
100
AcDbLine
 10
212.54364399999918
 20
-102.27868799999905
 30
0.0
 11
212.30767799999919
 21
-102.27817999999905
 31
0.0
  0
LINE
  5
DD6
330
17
100
AcDbEntity
  8
0
100
AcDbLine
 10
212.30767799999919
 20
-102.27817999999905
 30
0.0
 11
212.0757759999992
 21
-102.26497199999905
 31
0.0
  0
LINE
  5
DD7
330
17
100
AcDbEntity
  8
0
100
AcDbLine
 10
212.0757759999992
 20
-102.26497199999905
 30
0.0
 11
211.84895399999917
 21
-102.23880999999905
 31
0.0
  0
LINE
  5
DD8
330
17
100
AcDbEntity
  8
0
100
AcDbLine
 10
211.84895399999917
 20
-102.23880999999905
 30
0.0
 11
211.62873599999918
 21
-102.19943999999906
 31
0.0
  0
LINE
  5
DD9
330
17
100
AcDbEntity
  8
0
100
AcDbLine
 10
211.62873599999918
 20
-102.19943999999906
 30
0.0
 11
211.41588399999918
 21
-102.14635399999905
 31
0.0
  0
LINE
  5
DDA
330
17
100
AcDbEntity
  8
0
100
AcDbLine
 10
211.41588399999918
 20
-102.14635399999905
 30
0.0
 11
211.2116679999992
 21
-102.07929799999904
 31
0.0
  0
LINE
  5
DDB
330
17
100
AcDbEntity
  8
0
100
AcDbLine
 10
211.2116679999992
 20
-102.07929799999904
 30
0.0
 11
211.01710399999922
 21
-101.99776399999904
 31
0.0
  0
LINE
  5
DDC
330
17
100
AcDbEntity
  8
0
100
AcDbLine
 10
211.01710399999922
 20
-101.99776399999904
 30
0.0
 11
210.8332079999992
 21
-101.90175199999905
 31
0.0
  0
LINE
  5
DDD
330
17
100
AcDbEntity
  8
0
100
AcDbLine
 10
210.8332079999992
 20
-101.90175199999905
 30
0.0
 11
210.6612499999992
 21
-101.79075399999904
 31
0.0
  0
LINE
  5
DDE
330
17
100
AcDbEntity
  8
0
100
AcDbLine
 10
210.6612499999992
 20
-101.79075399999904
 30
0.0
 11
210.5022459999992
 21
-101.66426199999904
 31
0.0
  0
LINE
  5
DDF
330
17
100
AcDbEntity
  8
0
100
AcDbLine
 10
210.5022459999992
 20
-101.66426199999904
 30
0.0
 11
210.3574659999992
 21
-101.52227599999904
 31
0.0
  0
LINE
  5
DE0
330
17
100
AcDbEntity
  8
0
100
AcDbLine
 10
210.3574659999992
 20
-101.52227599999904
 30
0.0
 11
210.2276719999992
 21
-101.36428799999904
 31
0.0
  0
LINE
  5
DE1
330
17
100
AcDbEntity
  8
0
100
AcDbLine
 10
210.2276719999992
 20
-101.36428799999904
 30
0.0
 11
210.1143879999992
 21
-101.18978999999904
 31
0.0
  0
LINE
  5
DE2
330
17
100
AcDbEntity
  8
0
100
AcDbLine
 10
210.1143879999992
 20
-101.18978999999904
 30
0.0
 11
210.01837599999917
 21
-100.99878199999903
 31
0.0
  0
LINE
  5
DE3
330
17
100
AcDbEntity
  8
0
100
AcDbLine
 10
210.01837599999917
 20
-100.99878199999903
 30
0.0
 11
209.9409059999992
 21
-100.79075599999902
 31
0.0
  0
LINE
  5
DE4
330
17
100
AcDbEntity
  8
0
100
AcDbLine
 10
209.9409059999992
 20
-100.79075599999902
 30
0.0
 11
209.8829939999992
 21
-100.56520399999903
 31
0.0
  0
LINE
  5
DE5
330
17
100
AcDbEntity
  8
0
100
AcDbLine
 10
209.8829939999992
 20
-100.56520399999903
 30
0.0
 11
209.8459099999992
 21
-100.32212599999903
 31
0.0
  0
LINE
  5
DE6
330
17
100
AcDbEntity
  8
0
100
AcDbLine
 10
209.8459099999992
 20
-100.32212599999903
 30
0.0
 11
209.83066999999923
 21
-100.06101399999903
 31
0.0
  0
LINE
  5
DE7
330
17
100
AcDbEntity
  8
0
100
AcDbLine
 10
209.83066999999923
 20
-100.06101399999903
 30
0.0
 11
209.83828999999923
 21
-99.78161399999902
 31
0.0
  0
LINE
  5
DE8
330
17
100
AcDbEntity
  8
0
100
AcDbLine
 10
209.83828999999923
 20
-99.78161399999902
 30
0.0
 11
209.87003999999922
 21
-99.48341799999903
 31
0.0
  0
LINE
  5
DE9
330
17
100
AcDbEntity
  8
0
100
AcDbLine
 10
209.87003999999922
 20
-99.48341799999903
 30
0.0
 11
209.92693599999924
 21
-99.16617199999902
 31
0.0
  0
LINE
  5
DEA
330
17
100
AcDbEntity
  8
0
100
AcDbLine
 10
209.92693599999924
 20
-99.16617199999902
 30
0.0
 11
210.00999399999924
 21
-98.82962199999902
 31
0.0
  0
LINE
  5
DEB
330
17
100
AcDbEntity
  8
0
100
AcDbLine
 10
210.00999399999924
 20
-98.82962199999902
 30
0.0
 11
210.1204839999992
 21
-98.47325999999902
 31
0.0
  0
LINE
  5
DEC
330
17
100
AcDbEntity
  8
0
100
AcDbLine
 10
210.1204839999992
 20
-98.47325999999902
 30
0.0
 11
210.25942199999923
 21
-98.09683199999901
 31
0.0
  0
LINE
  5
DED
330
17
100
AcDbEntity
  8
0
100
AcDbLine
 10
210.25942199999923
 20
-98.09683199999901
 30
0.0
 11
210.42782399999922
 21
-97.70008399999901
 31
0.0
  0
LINE
  5
DEE
330
17
100
AcDbEntity
  8
0
100
AcDbLine
 10
210.42782399999922
 20
-97.70008399999901
 30
0.0
 11
210.62695999999923
 21
-97.28276199999901
 31
0.0
  0
LINE
  5
DEF
330
17
100
AcDbEntity
  8
0
100
AcDbLine
 10
210.62695999999923
 20
-97.28276199999901
 30
0.0
 11
210.64067599999922
 21
-97.22764399999902
 31
0.0
  0
LINE
  5
DF0
330
17
100
AcDbEntity
  8
0
100
AcDbLine
 10
210.64067599999922
 20
-97.22764399999902
 30
0.0
 11
210.65616999999924
 21
-97.17328799999902
 31
0.0
  0
LINE
  5
DF1
330
17
100
AcDbEntity
  8
0
100
AcDbLine
 10
210.65616999999924
 20
-97.17328799999902
 30
0.0
 11
210.6736959999992
 21
-97.11969399999901
 31
0.0
  0
LINE
  5
DF2
330
17
100
AcDbEntity
  8
0
100
AcDbLine
 10
210.6736959999992
 20
-97.11969399999901
 30
0.0
 11
210.69299999999922
 21
-97.066861999999
 31
0.0
  0
LINE
  5
DF3
330
17
100
AcDbEntity
  8
0
100
AcDbLine
 10
210.69299999999922
 20
-97.066861999999
 30
0.0
 11
210.71408199999922
 21
-97.01479199999902
 31
0.0
  0
LINE
  5
DF4
330
17
100
AcDbEntity
  8
0
100
AcDbLine
 10
210.71408199999922
 20
-97.01479199999902
 30
0.0
 11
210.73694199999923
 21
-96.96348399999901
 31
0.0
  0
LINE
  5
DF5
330
17
100
AcDbEntity
  8
0
100
AcDbLine
 10
210.73694199999923
 20
-96.96348399999901
 30
0.0
 11
210.7615799999992
 21
-96.91319199999901
 31
0.0
  0
LINE
  5
DF6
330
17
100
AcDbEntity
  8
0
100
AcDbLine
 10
210.7615799999992
 20
-96.91319199999901
 30
0.0
 11
210.78799599999923
 21
-96.86366199999902
 31
0.0
  0
LINE
  5
DF7
330
17
100
AcDbEntity
  8
0
100
AcDbLine
 10
210.78799599999923
 20
-96.86366199999902
 30
0.0
 11
210.81593599999923
 21
-96.81514799999903
 31
0.0
  0
LINE
  5
DF8
330
17
100
AcDbEntity
  8
0
100
AcDbLine
 10
210.81593599999923
 20
-96.81514799999903
 30
0.0
 11
210.84539999999922
 21
-96.76739599999902
 31
0.0
  0
LINE
  5
DF9
330
17
100
AcDbEntity
  8
0
100
AcDbLine
 10
210.84539999999922
 20
-96.76739599999902
 30
0.0
 11
210.87664199999924
 21
-96.72065999999903
 31
0.0
  0
LINE
  5
DFA
330
17
100
AcDbEntity
  8
0
100
AcDbLine
 10
210.87664199999924
 20
-96.72065999999903
 30
0.0
 11
210.90940799999925
 21
-96.67493999999903
 31
0.0
  0
LINE
  5
DFB
330
17
100
AcDbEntity
  8
0
100
AcDbLine
 10
210.90940799999925
 20
-96.67493999999903
 30
0.0
 11
210.94344399999926
 21
-96.63023599999903
 31
0.0
  0
LINE
  5
DFC
330
17
100
AcDbEntity
  8
0
100
AcDbLine
 10
210.94344399999926
 20
-96.63023599999903
 30
0.0
 11
210.97900399999924
 21
-96.58654799999901
 31
0.0
  0
LINE
  5
DFD
330
17
100
AcDbEntity
  8
0
100
AcDbLine
 10
210.97900399999924
 20
-96.58654799999901
 30
0.0
 11
211.01608799999923
 21
-96.54387599999902
 31
0.0
  0
LINE
  5
DFE
330
17
100
AcDbEntity
  8
0
100
AcDbLine
 10
211.01608799999923
 20
-96.54387599999902
 30
0.0
 11
211.05444199999923
 21
-96.50221999999903
 31
0.0
  0
LINE
  5
DFF
330
17
100
AcDbEntity
  8
0
100
AcDbLine
 10
211.05444199999923
 20
-96.50221999999903
 30
0.0
 11
211.0940659999992
 21
-96.46183399999903
 31
0.0
  0
LINE
  5
E00
330
17
100
AcDbEntity
  8
0
100
AcDbLine
 10
211.0940659999992
 20
-96.46183399999903
 30
0.0
 11
211.1349599999992
 21
-96.42246399999902
 31
0.0
  0
LINE
  5
E01
330
17
100
AcDbEntity
  8
0
100
AcDbLine
 10
211.1349599999992
 20
-96.42246399999902
 30
0.0
 11
211.1771239999992
 21
-96.38410999999903
 31
0.0
  0
LINE
  5
E02
330
17
100
AcDbEntity
  8
0
100
AcDbLine
 10
211.1771239999992
 20
-96.38410999999903
 30
0.0
 11
211.22055799999922
 21
-96.34702599999902
 31
0.0
  0
LINE
  5
E03
330
17
100
AcDbEntity
  8
0
100
AcDbLine
 10
211.22055799999922
 20
-96.34702599999902
 30
0.0
 11
211.2650079999992
 21
-96.31121199999902
 31
0.0
  0
LINE
  5
E04
330
17
100
AcDbEntity
  8
0
100
AcDbLine
 10
211.2650079999992
 20
-96.31121199999902
 30
0.0
 11
211.3104739999992
 21
-96.276667999999
 31
0.0
  0
LINE
  5
E05
330
17
100
AcDbEntity
  8
0
100
AcDbLine
 10
211.3104739999992
 20
-96.276667999999
 30
0.0
 11
211.35720999999918
 21
-96.24313999999902
 31
0.0
  0
LINE
  5
E06
330
17
100
AcDbEntity
  8
0
100
AcDbLine
 10
211.35720999999918
 20
-96.24313999999902
 30
0.0
 11
211.4049619999992
 21
-96.210881999999
 31
0.0
  0
LINE
  5
E07
330
17
100
AcDbEntity
  8
0
100
AcDbLine
 10
211.4049619999992
 20
-96.210881999999
 30
0.0
 11
211.4534759999992
 21
-96.18014799999901
 31
0.0
  0
LINE
  5
E08
330
17
100
AcDbEntity
  8
0
100
AcDbLine
 10
211.4534759999992
 20
-96.18014799999901
 30
0.0
 11
211.5030059999992
 21
-96.15068399999902
 31
0.0
  0
LINE
  5
E09
330
17
100
AcDbEntity
  8
0
100
AcDbLine
 10
211.5030059999992
 20
-96.15068399999902
 30
0.0
 11
211.5535519999992
 21
-96.12248999999902
 31
0.0
  0
LINE
  5
E0A
330
17
100
AcDbEntity
  8
0
100
AcDbLine
 10
211.5535519999992
 20
-96.12248999999902
 30
0.0
 11
211.6048599999992
 21
-96.09556599999902
 31
0.0
  0
LINE
  5
E0B
330
17
100
AcDbEntity
  8
0
100
AcDbLine
 10
211.6048599999992
 20
-96.09556599999902
 30
0.0
 11
211.65692999999922
 21
-96.07016599999902
 31
0.0
  0
LINE
  5
E0C
330
17
100
AcDbEntity
  8
0
100
AcDbLine
 10
211.65692999999922
 20
-96.07016599999902
 30
0.0
 11
211.70976199999922
 21
-96.04628999999902
 31
0.0
  0
LINE
  5
E0D
330
17
100
AcDbEntity
  8
0
100
AcDbLine
 10
211.70976199999922
 20
-96.04628999999902
 30
0.0
 11
211.76335599999922
 21
-96.02368399999902
 31
0.0
  0
LINE
  5
E0E
330
17
100
AcDbEntity
  8
0
100
AcDbLine
 10
211.76335599999922
 20
-96.02368399999902
 30
0.0
 11
211.81771199999923
 21
-96.00260199999902
 31
0.0
  0
LINE
  5
E0F
330
17
100
AcDbEntity
  8
0
100
AcDbLine
 10
211.81771199999923
 20
-96.00260199999902
 30
0.0
 11
211.8725759999992
 21
-95.98304399999901
 31
0.0
  0
LINE
  5
E10
330
17
100
AcDbEntity
  8
0
100
AcDbLine
 10
211.8725759999992
 20
-95.98304399999901
 30
0.0
 11
211.92820199999923
 21
-95.965009999999
 31
0.0
  0
LINE
  5
E11
330
17
100
AcDbEntity
  8
0
100
AcDbLine
 10
211.92820199999923
 20
-95.965009999999
 30
0.0
 11
211.98433599999925
 21
-95.948499999999
 31
0.0
  0
LINE
  5
E12
330
17
100
AcDbEntity
  8
0
100
AcDbLine
 10
211.98433599999925
 20
-95.948499999999
 30
0.0
 11
212.04097799999923
 21
-95.933513999999
 31
0.0
  0
LINE
  5
E13
330
17
100
AcDbEntity
  8
0
100
AcDbLine
 10
212.04097799999923
 20
-95.933513999999
 30
0.0
 11
212.09812799999924
 21
-95.920051999999
 31
0.0
  0
LINE
  5
E14
330
17
100
AcDbEntity
  8
0
100
AcDbLine
 10
212.09812799999924
 20
-95.920051999999
 30
0.0
 11
212.15578599999924
 21
-95.908367999999
 31
0.0
  0
LINE
  5
E15
330
17
100
AcDbEntity
  8
0
100
AcDbLine
 10
212.15578599999924
 20
-95.908367999999
 30
0.0
 11
212.21369799999923
 21
-95.898207999999
 31
0.0
  0
LINE
  5
E16
330
17
100
AcDbEntity
  8
0
100
AcDbLine
 10
212.21369799999923
 20
-95.898207999999
 30
0.0
 11
212.27186399999923
 21
-95.88982599999899
 31
0.0
  0
LINE
  5
E17
330
17
100
AcDbEntity
  8
0
100
AcDbLine
 10
212.27186399999923
 20
-95.88982599999899
 30
0.0
 11
212.33053799999922
 21
-95.882967999999
 31
0.0
  0
LINE
  5
E18
330
17
100
AcDbEntity
  8
0
100
AcDbLine
 10
212.33053799999922
 20
-95.882967999999
 30
0.0
 11
212.3894659999992
 21
-95.877887999999
 31
0.0
  0
LINE
  5
E19
330
17
100
AcDbEntity
  8
0
100
AcDbLine
 10
212.3894659999992
 20
-95.877887999999
 30
0.0
 11
212.4486479999992
 21
-95.874585999999
 31
0.0
  0
LINE
  5
E1A
330
17
100
AcDbEntity
  8
0
100
AcDbLine
 10
212.4486479999992
 20
-95.874585999999
 30
0.0
 11
212.5078299999992
 21
-95.87306199999901
 31
0.0
  0
LINE
  5
E1B
330
17
100
AcDbEntity
  8
0
100
AcDbLine
 10
212.5078299999992
 20
-95.87306199999901
 30
0.0
 11
212.5672659999992
 21
-95.87331599999901
 31
0.0
  0
LINE
  5
E1C
330
17
100
AcDbEntity
  8
0
100
AcDbLine
 10
212.5672659999992
 20
-95.87331599999901
 30
0.0
 11
212.6267019999992
 21
-95.87534799999901
 31
0.0
  0
LINE
  5
E1D
330
17
100
AcDbEntity
  8
0
100
AcDbLine
 10
212.6267019999992
 20
-95.87534799999901
 30
0.0
 11
212.68639199999922
 21
-95.879157999999
 31
0.0
  0
LINE
  5
E1E
330
17
100
AcDbEntity
  8
0
100
AcDbLine
 10
212.68639199999922
 20
-95.879157999999
 30
0.0
 11
212.7460819999992
 21
-95.88499999999901
 31
0.0
  0
LINE
  5
E1F
330
17
100
AcDbEntity
  8
0
100
AcDbLine
 10
212.7460819999992
 20
-95.88499999999901
 30
0.0
 11
212.80551799999924
 21
-95.892619999999
 31
0.0
  0
LINE
  5
E20
330
17
100
AcDbEntity
  8
0
100
AcDbLine
 10
212.80551799999924
 20
-95.892619999999
 30
0.0
 11
212.86495399999924
 21
-95.902271999999
 31
0.0
  0
LINE
  5
E21
330
17
100
AcDbEntity
  8
0
100
AcDbLine
 10
212.86495399999924
 20
-95.902271999999
 30
0.0
 11
212.92438999999925
 21
-95.913701999999
 31
0.0
  0
LINE
  5
E22
330
17
100
AcDbEntity
  8
0
100
AcDbLine
 10
212.92438999999925
 20
-95.913701999999
 30
0.0
 11
212.98357199999924
 21
-95.92716399999901
 31
0.0
  0
LINE
  5
E23
330
17
100
AcDbEntity
  8
0
100
AcDbLine
 10
212.98357199999924
 20
-95.92716399999901
 30
0.0
 11
213.04249999999922
 21
-95.942657999999
 31
0.0
  0
LINE
  5
E24
330
17
100
AcDbEntity
  8
0
100
AcDbLine
 10
213.04249999999922
 20
-95.942657999999
 30
0.0
 11
213.1014279999992
 21
-95.960183999999
 31
0.0
  0
LINE
  5
E25
330
17
100
AcDbEntity
  8
0
100
AcDbLine
 10
213.1014279999992
 20
-95.960183999999
 30
0.0
 11
213.15984799999922
 21
-95.979741999999
 31
0.0
  0
LINE
  5
E26
330
17
100
AcDbEntity
  8
0
100
AcDbLine
 10
213.15984799999922
 20
-95.979741999999
 30
0.0
 11
213.21801399999924
 21
-96.001331999999
 31
0.0
  0
LINE
  5
E27
330
17
100
AcDbEntity
  8
0
100
AcDbLine
 10
213.21801399999924
 20
-96.001331999999
 30
0.0
 11
213.27592599999923
 21
-96.024953999999
 31
0.0
  0
LINE
  5
E28
330
17
100
AcDbEntity
  8
0
100
AcDbLine
 10
213.27592599999923
 20
-96.024953999999
 30
0.0
 11
213.33332999999922
 21
-96.050607999999
 31
0.0
  0
LINE
  5
E29
330
17
100
AcDbEntity
  8
0
100
AcDbLine
 10
213.33332999999922
 20
-96.050607999999
 30
0.0
 11
213.39022599999922
 21
-96.078547999999
 31
0.0
  0
LINE
  5
E2A
330
17
100
AcDbEntity
  8
0
100
AcDbLine
 10
213.39022599999922
 20
-96.078547999999
 30
0.0
 11
213.44686799999923
 21
-96.108519999999
 31
0.0
  0
LINE
  5
E2B
330
17
100
AcDbEntity
  8
0
100
AcDbLine
 10
213.44686799999923
 20
-96.108519999999
 30
0.0
 11
213.50274799999923
 21
-96.140777999999
 31
0.0
  0
LINE
  5
E2C
330
17
100
AcDbEntity
  8
0
100
AcDbLine
 10
213.50274799999923
 20
-96.140777999999
 30
0.0
 11
213.5581199999992
 21
-96.17532199999901
 31
0.0
  0
LINE
  5
E2D
330
17
100
AcDbEntity
  8
0
100
AcDbLine
 10
213.5581199999992
 20
-96.17532199999901
 30
0.0
 11
213.61298399999922
 21
-96.21189799999901
 31
0.0
  0
LINE
  5
E2E
330
17
100
AcDbEntity
  8
0
100
AcDbLine
 10
213.61298399999922
 20
-96.21189799999901
 30
0.0
 11
213.66708599999922
 21
-96.25075999999902
 31
0.0
  0
LINE
  5
E2F
330
17
100
AcDbEntity
  8
0
100
AcDbLine
 10
194.42379199999922
 20
-138.919203999999
 30
0.0
 11
194.11365799999922
 21
-138.841225999999
 31
0.0
  0
LINE
  5
E30
330
17
100
AcDbEntity
  8
0
100
AcDbLine
 10
194.11365799999922
 20
-138.841225999999
 30
0.0
 11
193.80352399999921
 21
-138.76324799999898
 31
0.0
  0
LINE
  5
E31
330
17
100
AcDbEntity
  8
0
100
AcDbLine
 10
193.80352399999921
 20
-138.76324799999898
 30
0.0
 11
193.4933899999992
 21
-138.68526999999898
 31
0.0
  0
LINE
  5
E32
330
17
100
AcDbEntity
  8
0
100
AcDbLine
 10
193.4933899999992
 20
-138.68526999999898
 30
0.0
 11
193.1832559999992
 21
-138.60729199999898
 31
0.0
  0
LINE
  5
E33
330
17
100
AcDbEntity
  8
0
100
AcDbLine
 10
193.1832559999992
 20
-138.60729199999898
 30
0.0
 11
192.8731219999992
 21
-138.52931399999898
 31
0.0
  0
LINE
  5
E34
330
17
100
AcDbEntity
  8
0
100
AcDbLine
 10
192.8731219999992
 20
-138.52931399999898
 30
0.0
 11
192.56298799999922
 21
-138.45133599999897
 31
0.0
  0
LINE
  5
E35
330
17
100
AcDbEntity
  8
0
100
AcDbLine
 10
192.56298799999922
 20
-138.45133599999897
 30
0.0
 11
192.25285399999922
 21
-138.37335799999897
 31
0.0
  0
LINE
  5
E36
330
17
100
AcDbEntity
  8
0
100
AcDbLine
 10
192.25285399999922
 20
-138.37335799999897
 30
0.0
 11
191.9427199999992
 21
-138.29537999999897
 31
0.0
  0
LINE
  5
E37
330
17
100
AcDbEntity
  8
0
100
AcDbLine
 10
191.9427199999992
 20
-138.29537999999897
 30
0.0
 11
191.6325859999992
 21
-138.21740199999897
 31
0.0
  0
LINE
  5
E38
330
17
100
AcDbEntity
  8
0
100
AcDbLine
 10
191.6325859999992
 20
-138.21740199999897
 30
0.0
 11
191.3224519999992
 21
-138.13942399999897
 31
0.0
  0
LINE
  5
E39
330
17
100
AcDbEntity
  8
0
100
AcDbLine
 10
191.3224519999992
 20
-138.13942399999897
 30
0.0
 11
191.0123179999992
 21
-138.06144599999897
 31
0.0
  0
LINE
  5
E3A
330
17
100
AcDbEntity
  8
0
100
AcDbLine
 10
191.0123179999992
 20
-138.06144599999897
 30
0.0
 11
190.7021839999992
 21
-137.98346799999896
 31
0.0
  0
LINE
  5
E3B
330
17
100
AcDbEntity
  8
0
100
AcDbLine
 10
190.7021839999992
 20
-137.98346799999896
 30
0.0
 11
190.39204999999922
 21
-137.90548999999893
 31
0.0
  0
LINE
  5
E3C
330
17
100
AcDbEntity
  8
0
100
AcDbLine
 10
190.39204999999922
 20
-137.90548999999893
 30
0.0
 11
190.0819159999992
 21
-137.82751199999893
 31
0.0
  0
LINE
  5
E3D
330
17
100
AcDbEntity
  8
0
100
AcDbLine
 10
190.0819159999992
 20
-137.82751199999893
 30
0.0
 11
189.7717819999992
 21
-137.74953399999893
 31
0.0
  0
LINE
  5
E3E
330
17
100
AcDbEntity
  8
0
100
AcDbLine
 10
189.7717819999992
 20
-137.74953399999893
 30
0.0
 11
189.4616479999992
 21
-137.67155599999893
 31
0.0
  0
LINE
  5
E3F
330
17
100
AcDbEntity
  8
0
100
AcDbLine
 10
189.4616479999992
 20
-137.67155599999893
 30
0.0
 11
189.1515139999992
 21
-137.59357799999893
 31
0.0
  0
LINE
  5
E40
330
17
100
AcDbEntity
  8
0
100
AcDbLine
 10
189.1515139999992
 20
-137.59357799999893
 30
0.0
 11
188.8413799999992
 21
-137.51559999999893
 31
0.0
  0
LINE
  5
E41
330
17
100
AcDbEntity
  8
0
100
AcDbLine
 10
188.8413799999992
 20
-137.51559999999893
 30
0.0
 11
188.53124599999921
 21
-137.43762199999892
 31
0.0
  0
LINE
  5
E42
330
17
100
AcDbEntity
  8
0
100
AcDbLine
 10
188.53124599999921
 20
-137.43762199999892
 30
0.0
 11
188.2211119999992
 21
-137.35964399999892
 31
0.0
  0
LINE
  5
E43
330
17
100
AcDbEntity
  8
0
100
AcDbLine
 10
188.2211119999992
 20
-137.35964399999892
 30
0.0
 11
187.9109779999992
 21
-137.28166599999892
 31
0.0
  0
LINE
  5
E44
330
17
100
AcDbEntity
  8
0
100
AcDbLine
 10
187.9109779999992
 20
-137.28166599999892
 30
0.0
 11
187.6008439999992
 21
-137.20368799999892
 31
0.0
  0
LINE
  5
E45
330
17
100
AcDbEntity
  8
0
100
AcDbLine
 10
187.6008439999992
 20
-137.20368799999892
 30
0.0
 11
187.2907099999992
 21
-137.12570999999892
 31
0.0
  0
LINE
  5
E46
330
17
100
AcDbEntity
  8
0
100
AcDbLine
 10
187.2907099999992
 20
-137.12570999999892
 30
0.0
 11
186.9805759999992
 21
-137.04773199999892
 31
0.0
  0
LINE
  5
E47
330
17
100
AcDbEntity
  8
0
100
AcDbLine
 10
186.9805759999992
 20
-137.04773199999892
 30
0.0
 11
186.67044199999918
 21
-136.9697539999989
 31
0.0
  0
LINE
  5
E48
330
17
100
AcDbEntity
  8
0
100
AcDbLine
 10
186.67044199999918
 20
-136.9697539999989
 30
0.0
 11
186.3603079999992
 21
-136.89177599999888
 31
0.0
  0
LINE
  5
E49
330
17
100
AcDbEntity
  8
0
100
AcDbLine
 10
186.3603079999992
 20
-136.89177599999888
 30
0.0
 11
186.0501739999992
 21
-136.81379799999888
 31
0.0
  0
LINE
  5
E4A
330
17
100
AcDbEntity
  8
0
100
AcDbLine
 10
186.0501739999992
 20
-136.81379799999888
 30
0.0
 11
185.7400399999992
 21
-136.73581999999888
 31
0.0
  0
LINE
  5
E4B
330
17
100
AcDbEntity
  8
0
100
AcDbLine
 10
185.7400399999992
 20
-136.73581999999888
 30
0.0
 11
185.4299059999992
 21
-136.65784199999888
 31
0.0
  0
LINE
  5
E4C
330
17
100
AcDbEntity
  8
0
100
AcDbLine
 10
185.4299059999992
 20
-136.65784199999888
 30
0.0
 11
185.1197719999992
 21
-136.57986399999888
 31
0.0
  0
LINE
  5
E4D
330
17
100
AcDbEntity
  8
0
100
AcDbLine
 10
185.1197719999992
 20
-136.57986399999888
 30
0.0
 11
184.80963799999918
 21
-136.50188599999888
 31
0.0
  0
LINE
  5
E4E
330
17
100
AcDbEntity
  8
0
100
AcDbLine
 10
184.80963799999918
 20
-136.50188599999888
 30
0.0
 11
184.49950399999918
 21
-136.42390799999887
 31
0.0
  0
LINE
  5
E4F
330
17
100
AcDbEntity
  8
0
100
AcDbLine
 10
184.49950399999918
 20
-136.42390799999887
 30
0.0
 11
184.1893699999992
 21
-136.34592999999887
 31
0.0
  0
LINE
  5
E50
330
17
100
AcDbEntity
  8
0
100
AcDbLine
 10
184.1893699999992
 20
-136.34592999999887
 30
0.0
 11
183.8792359999992
 21
-136.26795199999887
 31
0.0
  0
LINE
  5
E51
330
17
100
AcDbEntity
  8
0
100
AcDbLine
 10
183.8792359999992
 20
-136.26795199999887
 30
0.0
 11
183.5691019999992
 21
-136.18997399999887
 31
0.0
  0
LINE
  5
E52
330
17
100
AcDbEntity
  8
0
100
AcDbLine
 10
183.5691019999992
 20
-136.18997399999887
 30
0.0
 11
183.2589679999992
 21
-136.11199599999884
 31
0.0
  0
LINE
  5
E53
330
17
100
AcDbEntity
  8
0
100
AcDbLine
 10
183.2589679999992
 20
-136.11199599999884
 30
0.0
 11
182.94883399999918
 21
-136.03401799999884
 31
0.0
  0
LINE
  5
E54
330
17
100
AcDbEntity
  8
0
100
AcDbLine
 10
182.94883399999918
 20
-136.03401799999884
 30
0.0
 11
182.63869999999918
 21
-135.95603999999884
 31
0.0
  0
LINE
  5
E55
330
17
100
AcDbEntity
  8
0
100
AcDbLine
 10
182.63869999999918
 20
-135.95603999999884
 30
0.0
 11
182.32856599999917
 21
-135.87806199999883
 31
0.0
  0
LINE
  5
E56
330
17
100
AcDbEntity
  8
0
100
AcDbLine
 10
182.32856599999917
 20
-135.87806199999883
 30
0.0
 11
182.0184319999992
 21
-135.80008399999883
 31
0.0
  0
LINE
  5
E57
330
17
100
AcDbEntity
  8
0
100
AcDbLine
 10
182.0184319999992
 20
-135.80008399999883
 30
0.0
 11
181.7082979999992
 21
-135.72210599999883
 31
0.0
  0
LINE
  5
E58
330
17
100
AcDbEntity
  8
0
100
AcDbLine
 10
181.7082979999992
 20
-135.72210599999883
 30
0.0
 11
181.39816399999918
 21
-135.64412799999883
 31
0.0
  0
LINE
  5
E59
330
17
100
AcDbEntity
  8
0
100
AcDbLine
 10
181.39816399999918
 20
-135.64412799999883
 30
0.0
 11
181.08802999999918
 21
-135.56614999999883
 31
0.0
  0
LINE
  5
E5A
330
17
100
AcDbEntity
  8
0
100
AcDbLine
 10
181.08802999999918
 20
-135.56614999999883
 30
0.0
 11
180.77789599999917
 21
-135.48817199999883
 31
0.0
  0
LINE
  5
E5B
330
17
100
AcDbEntity
  8
0
100
AcDbLine
 10
180.77789599999917
 20
-135.48817199999883
 30
0.0
 11
180.46776199999917
 21
-135.41019399999882
 31
0.0
  0
LINE
  5
E5C
330
17
100
AcDbEntity
  8
0
100
AcDbLine
 10
180.46776199999917
 20
-135.41019399999882
 30
0.0
 11
180.15762799999916
 21
-135.33221599999882
 31
0.0
  0
LINE
  5
E5D
330
17
100
AcDbEntity
  8
0
100
AcDbLine
 10
180.15762799999916
 20
-135.33221599999882
 30
0.0
 11
179.8474939999992
 21
-135.2542379999988
 31
0.0
  0
LINE
  5
E5E
330
17
100
AcDbEntity
  8
0
100
AcDbLine
 10
179.8474939999992
 20
-135.2542379999988
 30
0.0
 11
179.53735999999918
 21
-135.1762599999988
 31
0.0
  0
LINE
  5
E5F
330
17
100
AcDbEntity
  8
0
100
AcDbLine
 10
179.53735999999918
 20
-135.1762599999988
 30
0.0
 11
179.22722599999918
 21
-135.0982819999988
 31
0.0
  0
LINE
  5
E60
330
17
100
AcDbEntity
  8
0
100
AcDbLine
 10
179.22722599999918
 20
-135.0982819999988
 30
0.0
 11
178.91709199999917
 21
-135.0203039999988
 31
0.0
  0
LINE
  5
E61
330
17
100
AcDbEntity
  8
0
100
AcDbLine
 10
178.91709199999917
 20
-135.0203039999988
 30
0.0
 11
178.60695799999917
 21
-134.9423259999988
 31
0.0
  0
LINE
  5
E62
330
17
100
AcDbEntity
  8
0
100
AcDbLine
 10
178.60695799999917
 20
-134.9423259999988
 30
0.0
 11
178.29682399999916
 21
-134.86434799999878
 31
0.0
  0
LINE
  5
E63
330
17
100
AcDbEntity
  8
0
100
AcDbLine
 10
178.29682399999916
 20
-134.86434799999878
 30
0.0
 11
177.98668999999916
 21
-134.78636999999878
 31
0.0
  0
LINE
  5
E64
330
17
100
AcDbEntity
  8
0
100
AcDbLine
 10
177.98668999999916
 20
-134.78636999999878
 30
0.0
 11
177.67655599999918
 21
-134.70839199999878
 31
0.0
  0
LINE
  5
E65
330
17
100
AcDbEntity
  8
0
100
AcDbLine
 10
177.67655599999918
 20
-134.70839199999878
 30
0.0
 11
177.36642199999918
 21
-134.63041399999878
 31
0.0
  0
LINE
  5
E66
330
17
100
AcDbEntity
  8
0
100
AcDbLine
 10
177.36642199999918
 20
-134.63041399999878
 30
0.0
 11
177.05628799999917
 21
-134.55243599999878
 31
0.0
  0
LINE
  5
E67
330
17
100
AcDbEntity
  8
0
100
AcDbLine
 10
177.05628799999917
 20
-134.55243599999878
 30
0.0
 11
176.74615399999917
 21
-134.47445799999878
 31
0.0
  0
LINE
  5
E68
330
17
100
AcDbEntity
  8
0
100
AcDbLine
 10
176.74615399999917
 20
-134.47445799999878
 30
0.0
 11
176.43601999999916
 21
-134.39647999999877
 31
0.0
  0
LINE
  5
E69
330
17
100
AcDbEntity
  8
0
100
AcDbLine
 10
176.43601999999916
 20
-134.39647999999877
 30
0.0
 11
176.12588599999916
 21
-134.31850199999874
 31
0.0
  0
LINE
  5
E6A
330
17
100
AcDbEntity
  8
0
100
AcDbLine
 10
176.12588599999916
 20
-134.31850199999874
 30
0.0
 11
175.81575199999915
 21
-134.24052399999874
 31
0.0
  0
LINE
  5
E6B
330
17
100
AcDbEntity
  8
0
100
AcDbLine
 10
175.81575199999915
 20
-134.24052399999874
 30
0.0
 11
175.50561799999917
 21
-134.16254599999874
 31
0.0
  0
LINE
  5
E6C
330
17
100
AcDbEntity
  8
0
100
AcDbLine
 10
175.50561799999917
 20
-134.16254599999874
 30
0.0
 11
175.19548399999917
 21
-134.08456799999874
 31
0.0
  0
LINE
  5
E6D
330
17
100
AcDbEntity
  8
0
100
AcDbLine
 10
175.19548399999917
 20
-134.08456799999874
 30
0.0
 11
174.88534999999916
 21
-134.00658999999874
 31
0.0
  0
LINE
  5
E6E
330
17
100
AcDbEntity
  8
0
100
AcDbLine
 10
174.88534999999916
 20
-134.00658999999874
 30
0.0
 11
174.57521599999916
 21
-133.92861199999874
 31
0.0
  0
LINE
  5
E6F
330
17
100
AcDbEntity
  8
0
100
AcDbLine
 10
174.57521599999916
 20
-133.92861199999874
 30
0.0
 11
174.69484999999915
 21
-133.68299399999873
 31
0.0
  0
LINE
  5
E70
330
17
100
AcDbEntity
  8
0
100
AcDbLine
 10
174.69484999999915
 20
-133.68299399999873
 30
0.0
 11
174.81346799999915
 21
-133.44880599999874
 31
0.0
  0
LINE
  5
E71
330
17
100
AcDbEntity
  8
0
100
AcDbLine
 10
174.81346799999915
 20
-133.44880599999874
 30
0.0
 11
174.93132399999917
 21
-133.22579399999873
 31
0.0
  0
LINE
  5
E72
330
17
100
AcDbEntity
  8
0
100
AcDbLine
 10
174.93132399999917
 20
-133.22579399999873
 30
0.0
 11
175.04841799999917
 21
-133.0137039999987
 31
0.0
  0
LINE
  5
E73
330
17
100
AcDbEntity
  8
0
100
AcDbLine
 10
175.04841799999917
 20
-133.0137039999987
 30
0.0
 11
175.16500399999916
 21
-132.8122819999987
 31
0.0
  0
LINE
  5
E74
330
17
100
AcDbEntity
  8
0
100
AcDbLine
 10
175.16500399999916
 20
-132.8122819999987
 30
0.0
 11
175.28108199999915
 21
-132.62127399999872
 31
0.0
  0
LINE
  5
E75
330
17
100
AcDbEntity
  8
0
100
AcDbLine
 10
175.28108199999915
 20
-132.62127399999872
 30
0.0
 11
175.39690599999915
 21
-132.4406799999987
 31
0.0
  0
LINE
  5
E76
330
17
100
AcDbEntity
  8
0
100
AcDbLine
 10
175.39690599999915
 20
-132.4406799999987
 30
0.0
 11
175.51247599999917
 21
-132.2702459999987
 31
0.0
  0
LINE
  5
E77
330
17
100
AcDbEntity
  8
0
100
AcDbLine
 10
175.51247599999917
 20
-132.2702459999987
 30
0.0
 11
175.6280459999992
 21
-132.1097179999987
 31
0.0
  0
LINE
  5
E78
330
17
100
AcDbEntity
  8
0
100
AcDbLine
 10
175.6280459999992
 20
-132.1097179999987
 30
0.0
 11
175.7438699999992
 21
-131.9588419999987
 31
0.0
  0
LINE
  5
E79
330
17
100
AcDbEntity
  8
0
100
AcDbLine
 10
175.7438699999992
 20
-131.9588419999987
 30
0.0
 11
175.85994799999918
 21
-131.8173639999987
 31
0.0
  0
LINE
  5
E7A
330
17
100
AcDbEntity
  8
0
100
AcDbLine
 10
175.85994799999918
 20
-131.8173639999987
 30
0.0
 11
175.97627999999918
 21
-131.68528399999872
 31
0.0
  0
LINE
  5
E7B
330
17
100
AcDbEntity
  8
0
100
AcDbLine
 10
175.97627999999918
 20
-131.68528399999872
 30
0.0
 11
176.09311999999917
 21
-131.5623479999987
 31
0.0
  0
LINE
  5
E7C
330
17
100
AcDbEntity
  8
0
100
AcDbLine
 10
176.09311999999917
 20
-131.5623479999987
 30
0.0
 11
176.21072199999918
 21
-131.4480479999987
 31
0.0
  0
LINE
  5
E7D
330
17
100
AcDbEntity
  8
0
100
AcDbLine
 10
176.21072199999918
 20
-131.4480479999987
 30
0.0
 11
176.3290859999992
 21
-131.3426379999987
 31
0.0
  0
LINE
  5
E7E
330
17
100
AcDbEntity
  8
0
100
AcDbLine
 10
176.3290859999992
 20
-131.3426379999987
 30
0.0
 11
176.4482119999992
 21
-131.24560999999872
 31
0.0
  0
LINE
  5
E7F
330
17
100
AcDbEntity
  8
0
100
AcDbLine
 10
176.4482119999992
 20
-131.24560999999872
 30
0.0
 11
176.56835399999918
 21
-131.1567099999987
 31
0.0
  0
LINE
  5
E80
330
17
100
AcDbEntity
  8
0
100
AcDbLine
 10
176.56835399999918
 20
-131.1567099999987
 30
0.0
 11
176.68976599999917
 21
-131.0759379999987
 31
0.0
  0
LINE
  5
E81
330
17
100
AcDbEntity
  8
0
100
AcDbLine
 10
176.68976599999917
 20
-131.0759379999987
 30
0.0
 11
176.81244799999916
 21
-131.0030399999987
 31
0.0
  0
LINE
  5
E82
330
17
100
AcDbEntity
  8
0
100
AcDbLine
 10
176.81244799999916
 20
-131.0030399999987
 30
0.0
 11
176.93665399999915
 21
-130.9377619999987
 31
0.0
  0
LINE
  5
E83
330
17
100
AcDbEntity
  8
0
100
AcDbLine
 10
176.93665399999915
 20
-130.9377619999987
 30
0.0
 11
177.06238399999916
 21
-130.87984999999873
 31
0.0
  0
LINE
  5
E84
330
17
100
AcDbEntity
  8
0
100
AcDbLine
 10
177.06238399999916
 20
-130.87984999999873
 30
0.0
 11
177.18989199999916
 21
-130.82930399999873
 31
0.0
  0
LINE
  5
E85
330
17
100
AcDbEntity
  8
0
100
AcDbLine
 10
177.18989199999916
 20
-130.82930399999873
 30
0.0
 11
177.31917799999917
 21
-130.78561599999873
 31
0.0
  0
LINE
  5
E86
330
17
100
AcDbEntity
  8
0
100
AcDbLine
 10
177.31917799999917
 20
-130.78561599999873
 30
0.0
 11
177.45049599999916
 21
-130.74878599999874
 31
0.0
  0
LINE
  5
E87
330
17
100
AcDbEntity
  8
0
100
AcDbLine
 10
177.45049599999916
 20
-130.74878599999874
 30
0.0
 11
177.58409999999915
 21
-130.71855999999872
 31
0.0
  0
LINE
  5
E88
330
17
100
AcDbEntity
  8
0
100
AcDbLine
 10
177.58409999999915
 20
-130.71855999999872
 30
0.0
 11
177.71998999999914
 21
-130.69468399999872
 31
0.0
  0
LINE
  5
E89
330
17
100
AcDbEntity
  8
0
100
AcDbLine
 10
177.71998999999914
 20
-130.69468399999872
 30
0.0
 11
177.85816599999916
 21
-130.6769039999987
 31
0.0
  0
LINE
  5
E8A
330
17
100
AcDbEntity
  8
0
100
AcDbLine
 10
177.85816599999916
 20
-130.6769039999987
 30
0.0
 11
177.99888199999913
 21
-130.6652199999987
 31
0.0
  0
LINE
  5
E8B
330
17
100
AcDbEntity
  8
0
100
AcDbLine
 10
177.99888199999913
 20
-130.6652199999987
 30
0.0
 11
178.14239199999915
 21
-130.6593779999987
 31
0.0
  0
LINE
  5
E8C
330
17
100
AcDbEntity
  8
0
100
AcDbLine
 10
178.14239199999915
 20
-130.6593779999987
 30
0.0
 11
178.28869599999916
 21
-130.65912399999868
 31
0.0
  0
LINE
  5
E8D
330
17
100
AcDbEntity
  8
0
100
AcDbLine
 10
178.28869599999916
 20
-130.65912399999868
 30
0.0
 11
178.43779399999914
 21
-130.66420399999868
 31
0.0
  0
LINE
  5
E8E
330
17
100
AcDbEntity
  8
0
100
AcDbLine
 10
178.43779399999914
 20
-130.66420399999868
 30
0.0
 11
178.58993999999916
 21
-130.6743639999987
 31
0.0
  0
LINE
  5
E8F
330
17
100
AcDbEntity
  8
0
100
AcDbLine
 10
178.58993999999916
 20
-130.6743639999987
 30
0.0
 11
178.74538799999917
 21
-130.68934999999865
 31
0.0
  0
LINE
  5
E90
330
17
100
AcDbEntity
  8
0
100
AcDbLine
 10
178.74538799999917
 20
-130.68934999999865
 30
0.0
 11
178.90413799999916
 21
-130.70916199999866
 31
0.0
  0
LINE
  5
E91
330
17
100
AcDbEntity
  8
0
100
AcDbLine
 10
178.90413799999916
 20
-130.70916199999866
 30
0.0
 11
179.06644399999917
 21
-130.73354599999865
 31
0.0
  0
LINE
  5
E92
330
17
100
AcDbEntity
  8
0
100
AcDbLine
 10
179.06644399999917
 20
-130.73354599999865
 30
0.0
 11
179.23230599999917
 21
-130.76224799999866
 31
0.0
  0
LINE
  5
E93
330
17
100
AcDbEntity
  8
0
100
AcDbLine
 10
179.23230599999917
 20
-130.76224799999866
 30
0.0
 11
179.40197799999916
 21
-130.79501399999867
 31
0.0
  0
LINE
  5
E94
330
17
100
AcDbEntity
  8
0
100
AcDbLine
 10
179.40197799999916
 20
-130.79501399999867
 30
0.0
 11
179.57545999999917
 21
-130.83184399999868
 31
0.0
  0
LINE
  5
E95
330
17
100
AcDbEntity
  8
0
100
AcDbLine
 10
179.57545999999917
 20
-130.83184399999868
 30
0.0
 11
179.75300599999915
 21
-130.87222999999867
 31
0.0
  0
LINE
  5
E96
330
17
100
AcDbEntity
  8
0
100
AcDbLine
 10
179.75300599999915
 20
-130.87222999999867
 30
0.0
 11
179.93461599999915
 21
-130.91617199999868
 31
0.0
  0
LINE
  5
E97
330
17
100
AcDbEntity
  8
0
100
AcDbLine
 10
179.93461599999915
 20
-130.91617199999868
 30
0.0
 11
180.12054399999914
 21
-130.9634159999987
 31
0.0
  0
LINE
  5
E98
330
17
100
AcDbEntity
  8
0
100
AcDbLine
 10
180.12054399999914
 20
-130.9634159999987
 30
0.0
 11
180.31104399999916
 21
-131.01370799999867
 31
0.0
  0
LINE
  5
E99
330
17
100
AcDbEntity
  8
0
100
AcDbLine
 10
180.31104399999916
 20
-131.01370799999867
 30
0.0
 11
180.50611599999917
 21
-131.0670479999987
 31
0.0
  0
LINE
  5
E9A
330
17
100
AcDbEntity
  8
0
100
AcDbLine
 10
180.50611599999917
 20
-131.0670479999987
 30
0.0
 11
180.70575999999915
 21
-131.1229279999987
 31
0.0
  0
LINE
  5
E9B
330
17
100
AcDbEntity
  8
0
100
AcDbLine
 10
180.70575999999915
 20
-131.1229279999987
 30
0.0
 11
180.91022999999913
 21
-131.1813479999987
 31
0.0
  0
LINE
  5
E9C
330
17
100
AcDbEntity
  8
0
100
AcDbLine
 10
180.91022999999913
 20
-131.1813479999987
 30
0.0
 11
181.11977999999914
 21
-131.24205399999872
 31
0.0
  0
LINE
  5
E9D
330
17
100
AcDbEntity
  8
0
100
AcDbLine
 10
181.11977999999914
 20
-131.24205399999872
 30
0.0
 11
181.33440999999917
 21
-131.30479199999868
 31
0.0
  0
LINE
  5
E9E
330
17
100
AcDbEntity
  8
0
100
AcDbLine
 10
181.33440999999917
 20
-131.30479199999868
 30
0.0
 11
181.55411999999916
 21
-131.3693079999987
 31
0.0
  0
LINE
  5
E9F
330
17
100
AcDbEntity
  8
0
100
AcDbLine
 10
181.55411999999916
 20
-131.3693079999987
 30
0.0
 11
181.77916399999916
 21
-131.43560199999868
 31
0.0
  0
LINE
  5
EA0
330
17
100
AcDbEntity
  8
0
100
AcDbLine
 10
181.77916399999916
 20
-131.43560199999868
 30
0.0
 11
182.00979599999914
 21
-131.50316599999869
 31
0.0
  0
LINE
  5
EA1
330
17
100
AcDbEntity
  8
0
100
AcDbLine
 10
182.00979599999914
 20
-131.50316599999869
 30
0.0
 11
182.24601599999914
 21
-131.57199999999867
 31
0.0
  0
LINE
  5
EA2
330
17
100
AcDbEntity
  8
0
100
AcDbLine
 10
182.24601599999914
 20
-131.57199999999867
 30
0.0
 11
182.48807799999912
 21
-131.64184999999867
 31
0.0
  0
LINE
  5
EA3
330
17
100
AcDbEntity
  8
0
100
AcDbLine
 10
182.48807799999912
 20
-131.64184999999867
 30
0.0
 11
182.73598199999913
 21
-131.71271599999866
 31
0.0
  0
LINE
  5
EA4
330
17
100
AcDbEntity
  8
0
100
AcDbLine
 10
182.73598199999913
 20
-131.71271599999866
 30
0.0
 11
182.98998199999915
 21
-131.78408999999866
 31
0.0
  0
LINE
  5
EA5
330
17
100
AcDbEntity
  8
0
100
AcDbLine
 10
182.98998199999915
 20
-131.78408999999866
 30
0.0
 11
183.25007799999912
 21
-131.85597199999864
 31
0.0
  0
LINE
  5
EA6
330
17
100
AcDbEntity
  8
0
100
AcDbLine
 10
183.25007799999912
 20
-131.85597199999864
 30
0.0
 11
183.51652399999912
 21
-131.92785399999866
 31
0.0
  0
LINE
  5
EA7
330
17
100
AcDbEntity
  8
0
100
AcDbLine
 10
183.51652399999912
 20
-131.92785399999866
 30
0.0
 11
183.78957399999913
 21
-131.99973599999868
 31
0.0
  0
LINE
  5
EA8
330
17
100
AcDbEntity
  8
0
100
AcDbLine
 10
183.78957399999913
 20
-131.99973599999868
 30
0.0
 11
184.06922799999913
 21
-132.07161799999867
 31
0.0
  0
LINE
  5
EA9
330
17
100
AcDbEntity
  8
0
100
AcDbLine
 10
184.06922799999913
 20
-132.07161799999867
 30
0.0
 11
184.35548599999913
 21
-132.14299199999866
 31
0.0
  0
LINE
  5
EAA
330
17
100
AcDbEntity
  8
0
100
AcDbLine
 10
184.35548599999913
 20
-132.14299199999866
 30
0.0
 11
184.64860199999913
 21
-132.21385799999865
 31
0.0
  0
LINE
  5
EAB
330
17
100
AcDbEntity
  8
0
100
AcDbLine
 10
184.64860199999913
 20
-132.21385799999865
 30
0.0
 11
184.94882999999913
 21
-132.28370799999865
 31
0.0
  0
LINE
  5
EAC
330
17
100
AcDbEntity
  8
0
100
AcDbLine
 10
184.94882999999913
 20
-132.28370799999865
 30
0.0
 11
185.25616999999914
 21
-132.35254199999864
 31
0.0
  0
LINE
  5
EAD
330
17
100
AcDbEntity
  8
0
100
AcDbLine
 10
185.25616999999914
 20
-132.35254199999864
 30
0.0
 11
185.57062199999916
 21
-132.42010599999864
 31
0.0
  0
LINE
  5
EAE
330
17
100
AcDbEntity
  8
0
100
AcDbLine
 10
185.57062199999916
 20
-132.42010599999864
 30
0.0
 11
185.89243999999917
 21
-132.4863999999986
 31
0.0
  0
LINE
  5
EAF
330
17
100
AcDbEntity
  8
0
100
AcDbLine
 10
185.89243999999917
 20
-132.4863999999986
 30
0.0
 11
186.17742799999917
 21
-132.5648859999986
 31
0.0
  0
LINE
  5
EB0
330
17
100
AcDbEntity
  8
0
100
AcDbLine
 10
186.17742799999917
 20
-132.5648859999986
 30
0.0
 11
186.45682799999918
 21
-132.6398159999986
 31
0.0
  0
LINE
  5
EB1
330
17
100
AcDbEntity
  8
0
100
AcDbLine
 10
186.45682799999918
 20
-132.6398159999986
 30
0.0
 11
186.73063999999917
 21
-132.7114439999986
 31
0.0
  0
LINE
  5
EB2
330
17
100
AcDbEntity
  8
0
100
AcDbLine
 10
186.73063999999917
 20
-132.7114439999986
 30
0.0
 11
186.99886399999917
 21
-132.77976999999862
 31
0.0
  0
LINE
  5
EB3
330
17
100
AcDbEntity
  8
0
100
AcDbLine
 10
186.99886399999917
 20
-132.77976999999862
 30
0.0
 11
187.26149999999916
 21
-132.8453019999986
 31
0.0
  0
LINE
  5
EB4
330
17
100
AcDbEntity
  8
0
100
AcDbLine
 10
187.26149999999916
 20
-132.8453019999986
 30
0.0
 11
187.51880199999917
 21
-132.9080399999986
 31
0.0
  0
LINE
  5
EB5
330
17
100
AcDbEntity
  8
0
100
AcDbLine
 10
187.51880199999917
 20
-132.9080399999986
 30
0.0
 11
187.77051599999916
 21
-132.9682379999986
 31
0.0
  0
LINE
  5
EB6
330
17
100
AcDbEntity
  8
0
100
AcDbLine
 10
187.77051599999916
 20
-132.9682379999986
 30
0.0
 11
188.01689599999918
 21
-133.02614999999858
 31
0.0
  0
LINE
  5
EB7
330
17
100
AcDbEntity
  8
0
100
AcDbLine
 10
188.01689599999918
 20
-133.02614999999858
 30
0.0
 11
188.25794199999916
 21
-133.0820299999986
 31
0.0
  0
LINE
  5
EB8
330
17
100
AcDbEntity
  8
0
100
AcDbLine
 10
188.25794199999916
 20
-133.0820299999986
 30
0.0
 11
188.49365399999917
 21
-133.13613199999858
 31
0.0
  0
LINE
  5
EB9
330
17
100
AcDbEntity
  8
0
100
AcDbLine
 10
188.49365399999917
 20
-133.13613199999858
 30
0.0
 11
188.72403199999917
 21
-133.18845599999858
 31
0.0
  0
LINE
  5
EBA
330
17
100
AcDbEntity
  8
0
100
AcDbLine
 10
188.72403199999917
 20
-133.18845599999858
 30
0.0
 11
188.94932999999915
 21
-133.23925599999862
 31
0.0
  0
LINE
  5
EBB
330
17
100
AcDbEntity
  8
0
100
AcDbLine
 10
188.94932999999915
 20
-133.23925599999862
 30
0.0
 11
189.16929399999916
 21
-133.28878599999862
 31
0.0
  0
LINE
  5
EBC
330
17
100
AcDbEntity
  8
0
100
AcDbLine
 10
189.16929399999916
 20
-133.28878599999862
 30
0.0
 11
189.38417799999917
 21
-133.33729999999863
 31
0.0
  0
LINE
  5
EBD
330
17
100
AcDbEntity
  8
0
100
AcDbLine
 10
189.38417799999917
 20
-133.33729999999863
 30
0.0
 11
189.59398199999916
 21
-133.38479799999863
 31
0.0
  0
LINE
  5
EBE
330
17
100
AcDbEntity
  8
0
100
AcDbLine
 10
189.59398199999916
 20
-133.38479799999863
 30
0.0
 11
189.79870599999919
 21
-133.43178799999862
 31
0.0
  0
LINE
  5
EBF
330
17
100
AcDbEntity
  8
0
100
AcDbLine
 10
189.79870599999919
 20
-133.43178799999862
 30
0.0
 11
189.99834999999916
 21
-133.47826999999862
 31
0.0
  0
LINE
  5
EC0
330
17
100
AcDbEntity
  8
0
100
AcDbLine
 10
189.99834999999916
 20
-133.47826999999862
 30
0.0
 11
190.19291399999915
 21
-133.52449799999863
 31
0.0
  0
LINE
  5
EC1
330
17
100
AcDbEntity
  8
0
100
AcDbLine
 10
190.19291399999915
 20
-133.52449799999863
 30
0.0
 11
190.38265199999913
 21
-133.57072599999861
 31
0.0
  0
LINE
  5
EC2
330
17
100
AcDbEntity
  8
0
100
AcDbLine
 10
190.38265199999913
 20
-133.57072599999861
 30
0.0
 11
190.56730999999914
 21
-133.61695399999863
 31
0.0
  0
LINE
  5
EC3
330
17
100
AcDbEntity
  8
0
100
AcDbLine
 10
190.56730999999914
 20
-133.61695399999863
 30
0.0
 11
190.74714199999912
 21
-133.6636899999986
 31
0.0
  0
LINE
  5
EC4
330
17
100
AcDbEntity
  8
0
100
AcDbLine
 10
190.74714199999912
 20
-133.6636899999986
 30
0.0
 11
190.9221479999991
 21
-133.71093399999862
 31
0.0
  0
LINE
  5
EC5
330
17
100
AcDbEntity
  8
0
100
AcDbLine
 10
190.9221479999991
 20
-133.71093399999862
 30
0.0
 11
191.0923279999991
 21
-133.75893999999863
 31
0.0
  0
LINE
  5
EC6
330
17
100
AcDbEntity
  8
0
100
AcDbLine
 10
191.0923279999991
 20
-133.75893999999863
 30
0.0
 11
191.2576819999991
 21
-133.8079619999986
 31
0.0
  0
LINE
  5
EC7
330
17
100
AcDbEntity
  8
0
100
AcDbLine
 10
191.2576819999991
 20
-133.8079619999986
 30
0.0
 11
191.4184639999991
 21
-133.85825399999862
 31
0.0
  0
LINE
  5
EC8
330
17
100
AcDbEntity
  8
0
100
AcDbLine
 10
191.4184639999991
 20
-133.85825399999862
 30
0.0
 11
191.57441999999912
 21
-133.9098159999986
 31
0.0
  0
LINE
  5
EC9
330
17
100
AcDbEntity
  8
0
100
AcDbLine
 10
191.57441999999912
 20
-133.9098159999986
 30
0.0
 11
191.7258039999991
 21
-133.9629019999986
 31
0.0
  0
LINE
  5
ECA
330
17
100
AcDbEntity
  8
0
100
AcDbLine
 10
191.7258039999991
 20
-133.9629019999986
 30
0.0
 11
191.8726159999991
 21
-134.0177659999986
 31
0.0
  0
LINE
  5
ECB
330
17
100
AcDbEntity
  8
0
100
AcDbLine
 10
191.8726159999991
 20
-134.0177659999986
 30
0.0
 11
192.0148559999991
 21
-134.0746619999986
 31
0.0
  0
LINE
  5
ECC
330
17
100
AcDbEntity
  8
0
100
AcDbLine
 10
192.0148559999991
 20
-134.0746619999986
 30
0.0
 11
192.1525239999991
 21
-134.1338439999986
 31
0.0
  0
LINE
  5
ECD
330
17
100
AcDbEntity
  8
0
100
AcDbLine
 10
192.1525239999991
 20
-134.1338439999986
 30
0.0
 11
192.2856199999991
 21
-134.19531199999858
 31
0.0
  0
LINE
  5
ECE
330
17
100
AcDbEntity
  8
0
100
AcDbLine
 10
192.2856199999991
 20
-134.19531199999858
 30
0.0
 11
192.4143979999991
 21
-134.2595739999986
 31
0.0
  0
LINE
  5
ECF
330
17
100
AcDbEntity
  8
0
100
AcDbLine
 10
192.4143979999991
 20
-134.2595739999986
 30
0.0
 11
192.53860399999908
 21
-134.3266299999986
 31
0.0
  0
LINE
  5
ED0
330
17
100
AcDbEntity
  8
0
100
AcDbLine
 10
192.53860399999908
 20
-134.3266299999986
 30
0.0
 11
192.6584919999991
 21
-134.3967339999986
 31
0.0
  0
LINE
  5
ED1
330
17
100
AcDbEntity
  8
0
100
AcDbLine
 10
192.6584919999991
 20
-134.3967339999986
 30
0.0
 11
192.7740619999991
 21
-134.46988599999858
 31
0.0
  0
LINE
  5
ED2
330
17
100
AcDbEntity
  8
0
100
AcDbLine
 10
192.7740619999991
 20
-134.46988599999858
 30
0.0
 11
192.88531399999908
 21
-134.54659399999858
 31
0.0
  0
LINE
  5
ED3
330
17
100
AcDbEntity
  8
0
100
AcDbLine
 10
192.88531399999908
 20
-134.54659399999858
 30
0.0
 11
192.9922479999991
 21
-134.6268579999986
 31
0.0
  0
LINE
  5
ED4
330
17
100
AcDbEntity
  8
0
100
AcDbLine
 10
192.9922479999991
 20
-134.6268579999986
 30
0.0
 11
193.0951179999991
 21
-134.7109319999986
 31
0.0
  0
LINE
  5
ED5
330
17
100
AcDbEntity
  8
0
100
AcDbLine
 10
193.0951179999991
 20
-134.7109319999986
 30
0.0
 11
193.19366999999912
 21
-134.7990699999986
 31
0.0
  0
LINE
  5
ED6
330
17
100
AcDbEntity
  8
0
100
AcDbLine
 10
193.19366999999912
 20
-134.7990699999986
 30
0.0
 11
193.2881579999991
 21
-134.8915259999986
 31
0.0
  0
LINE
  5
ED7
330
17
100
AcDbEntity
  8
0
100
AcDbLine
 10
193.2881579999991
 20
-134.8915259999986
 30
0.0
 11
193.3785819999991
 21
-134.9885539999986
 31
0.0
  0
LINE
  5
ED8
330
17
100
AcDbEntity
  8
0
100
AcDbLine
 10
193.3785819999991
 20
-134.9885539999986
 30
0.0
 11
193.4649419999991
 21
-135.0901539999986
 31
0.0
  0
LINE
  5
ED9
330
17
100
AcDbEntity
  8
0
100
AcDbLine
 10
193.4649419999991
 20
-135.0901539999986
 30
0.0
 11
193.54723799999908
 21
-135.1965799999986
 31
0.0
  0
LINE
  5
EDA
330
17
100
AcDbEntity
  8
0
100
AcDbLine
 10
193.54723799999908
 20
-135.1965799999986
 30
0.0
 11
193.6254699999991
 21
-135.30808599999858
 31
0.0
  0
LINE
  5
EDB
330
17
100
AcDbEntity
  8
0
100
AcDbLine
 10
193.6254699999991
 20
-135.30808599999858
 30
0.0
 11
193.6998919999991
 21
-135.42492599999858
 31
0.0
  0
LINE
  5
EDC
330
17
100
AcDbEntity
  8
0
100
AcDbLine
 10
193.6998919999991
 20
-135.42492599999858
 30
0.0
 11
193.7702499999991
 21
-135.54735399999856
 31
0.0
  0
LINE
  5
EDD
330
17
100
AcDbEntity
  8
0
100
AcDbLine
 10
193.7702499999991
 20
-135.54735399999856
 30
0.0
 11
193.8367979999991
 21
-135.6753699999986
 31
0.0
  0
LINE
  5
EDE
330
17
100
AcDbEntity
  8
0
100
AcDbLine
 10
193.8367979999991
 20
-135.6753699999986
 30
0.0
 11
193.89953599999907
 21
-135.8092279999986
 31
0.0
  0
LINE
  5
EDF
330
17
100
AcDbEntity
  8
0
100
AcDbLine
 10
193.89953599999907
 20
-135.8092279999986
 30
0.0
 11
193.95846399999908
 21
-135.94918199999861
 31
0.0
  0
LINE
  5
EE0
330
17
100
AcDbEntity
  8
0
100
AcDbLine
 10
193.95846399999908
 20
-135.94918199999861
 30
0.0
 11
194.01358199999908
 21
-136.0954859999986
 31
0.0
  0
LINE
  5
EE1
330
17
100
AcDbEntity
  8
0
100
AcDbLine
 10
194.01358199999908
 20
-136.0954859999986
 30
0.0
 11
194.06514399999907
 21
-136.2483939999986
 31
0.0
  0
LINE
  5
EE2
330
17
100
AcDbEntity
  8
0
100
AcDbLine
 10
194.06514399999907
 20
-136.2483939999986
 30
0.0
 11
194.11289599999907
 21
-136.4079059999986
 31
0.0
  0
LINE
  5
EE3
330
17
100
AcDbEntity
  8
0
100
AcDbLine
 10
194.11289599999907
 20
-136.4079059999986
 30
0.0
 11
194.15709199999907
 21
-136.5742759999986
 31
0.0
  0
LINE
  5
EE4
330
17
100
AcDbEntity
  8
0
100
AcDbLine
 10
194.15709199999907
 20
-136.5742759999986
 30
0.0
 11
194.19773199999904
 21
-136.7477579999986
 31
0.0
  0
LINE
  5
EE5
330
17
100
AcDbEntity
  8
0
100
AcDbLine
 10
194.19773199999904
 20
-136.7477579999986
 30
0.0
 11
194.23481599999903
 21
-136.9286059999986
 31
0.0
  0
LINE
  5
EE6
330
17
100
AcDbEntity
  8
0
100
AcDbLine
 10
194.23481599999903
 20
-136.9286059999986
 30
0.0
 11
194.26834399999902
 21
-137.11707399999858
 31
0.0
  0
LINE
  5
EE7
330
17
100
AcDbEntity
  8
0
100
AcDbLine
 10
194.26834399999902
 20
-137.11707399999858
 30
0.0
 11
194.29831599999903
 21
-137.3131619999986
 31
0.0
  0
LINE
  5
EE8
330
17
100
AcDbEntity
  8
0
100
AcDbLine
 10
194.29831599999903
 20
-137.3131619999986
 30
0.0
 11
194.32498599999903
 21
-137.5173779999986
 31
0.0
  0
LINE
  5
EE9
330
17
100
AcDbEntity
  8
0
100
AcDbLine
 10
194.32498599999903
 20
-137.5173779999986
 30
0.0
 11
194.34809999999905
 21
-137.7297219999986
 31
0.0
  0
LINE
  5
EEA
330
17
100
AcDbEntity
  8
0
100
AcDbLine
 10
194.34809999999905
 20
-137.7297219999986
 30
0.0
 11
194.36791199999902
 21
-137.9504479999986
 31
0.0
  0
LINE
  5
EEB
330
17
100
AcDbEntity
  8
0
100
AcDbLine
 10
194.36791199999902
 20
-137.9504479999986
 30
0.0
 11
194.38442199999906
 21
-138.17955599999863
 31
0.0
  0
LINE
  5
EEC
330
17
100
AcDbEntity
  8
0
100
AcDbLine
 10
194.38442199999906
 20
-138.17955599999863
 30
0.0
 11
194.39762999999905
 21
-138.41755399999863
 31
0.0
  0
LINE
  5
EED
330
17
100
AcDbEntity
  8
0
100
AcDbLine
 10
194.39762999999905
 20
-138.41755399999863
 30
0.0
 11
194.40778999999904
 21
-138.66444199999862
 31
0.0
  0
LINE
  5
EEE
330
17
100
AcDbEntity
  8
0
100
AcDbLine
 10
194.40778999999904
 20
-138.66444199999862
 30
0.0
 11
194.41464799999906
 21
-138.92047399999862
 31
0.0
  0
LINE
  5
EEF
330
17
100
AcDbEntity
  8
0
100
AcDbLine
 10
177.87873999999906
 20
-115.53494799999862
 30
0.0
 11
177.95316199999905
 21
-115.29771199999861
 31
0.0
  0
LINE
  5
EF0
330
17
100
AcDbEntity
  8
0
100
AcDbLine
 10
177.95316199999905
 20
-115.29771199999861
 30
0.0
 11
178.03088599999907
 21
-115.05768199999862
 31
0.0
  0
LINE
  5
EF1
330
17
100
AcDbEntity
  8
0
100
AcDbLine
 10
178.03088599999907
 20
-115.05768199999862
 30
0.0
 11
178.11165799999907
 21
-114.81485799999861
 31
0.0
  0
LINE
  5
EF2
330
17
100
AcDbEntity
  8
0
100
AcDbLine
 10
178.11165799999907
 20
-114.81485799999861
 30
0.0
 11
178.19547799999907
 21
-114.56949399999861
 31
0.0
  0
LINE
  5
EF3
330
17
100
AcDbEntity
  8
0
100
AcDbLine
 10
178.19547799999907
 20
-114.56949399999861
 30
0.0
 11
178.2820919999991
 21
-114.32158999999861
 31
0.0
  0
LINE
  5
EF4
330
17
100
AcDbEntity
  8
0
100
AcDbLine
 10
178.2820919999991
 20
-114.32158999999861
 30
0.0
 11
178.3714999999991
 21
-114.0711459999986
 31
0.0
  0
LINE
  5
EF5
330
17
100
AcDbEntity
  8
0
100
AcDbLine
 10
178.3714999999991
 20
-114.0711459999986
 30
0.0
 11
178.4637019999991
 21
-113.8184159999986
 31
0.0
  0
LINE
  5
EF6
330
17
100
AcDbEntity
  8
0
100
AcDbLine
 10
178.4637019999991
 20
-113.8184159999986
 30
0.0
 11
178.5584439999991
 21
-113.56314599999861
 31
0.0
  0
LINE
  5
EF7
330
17
100
AcDbEntity
  8
0
100
AcDbLine
 10
178.5584439999991
 20
-113.56314599999861
 30
0.0
 11
178.6554719999991
 21
-113.30584399999861
 31
0.0
  0
LINE
  5
EF8
330
17
100
AcDbEntity
  8
0
100
AcDbLine
 10
178.6554719999991
 20
-113.30584399999861
 30
0.0
 11
178.7547859999991
 21
-113.04625599999862
 31
0.0
  0
LINE
  5
EF9
330
17
100
AcDbEntity
  8
0
100
AcDbLine
 10
178.7547859999991
 20
-113.04625599999862
 30
0.0
 11
178.85638599999908
 21
-112.78463599999863
 31
0.0
  0
LINE
  5
EFA
330
17
100
AcDbEntity
  8
0
100
AcDbLine
 10
178.85638599999908
 20
-112.78463599999863
 30
0.0
 11
178.96001799999908
 21
-112.52098399999862
 31
0.0
  0
LINE
  5
EFB
330
17
100
AcDbEntity
  8
0
100
AcDbLine
 10
178.96001799999908
 20
-112.52098399999862
 30
0.0
 11
179.0656819999991
 21
-112.25555399999863
 31
0.0
  0
LINE
  5
EFC
330
17
100
AcDbEntity
  8
0
100
AcDbLine
 10
179.0656819999991
 20
-112.25555399999863
 30
0.0
 11
179.17337799999908
 21
-111.98834599999861
 31
0.0
  0
LINE
  5
EFD
330
17
100
AcDbEntity
  8
0
100
AcDbLine
 10
179.17337799999908
 20
-111.98834599999861
 30
0.0
 11
179.28259799999907
 21
-111.71935999999862
 31
0.0
  0
LINE
  5
EFE
330
17
100
AcDbEntity
  8
0
100
AcDbLine
 10
179.28259799999907
 20
-111.71935999999862
 30
0.0
 11
179.3935959999991
 21
-111.44859599999862
 31
0.0
  0
LINE
  5
EFF
330
17
100
AcDbEntity
  8
0
100
AcDbLine
 10
179.3935959999991
 20
-111.44859599999862
 30
0.0
 11
179.50611799999908
 21
-111.17630799999861
 31
0.0
  0
LINE
  5
F00
330
17
100
AcDbEntity
  8
0
100
AcDbLine
 10
179.50611799999908
 20
-111.17630799999861
 30
0.0
 11
179.62016399999905
 21
-110.90249599999862
 31
0.0
  0
LINE
  5
F01
330
17
100
AcDbEntity
  8
0
100
AcDbLine
 10
179.62016399999905
 20
-110.90249599999862
 30
0.0
 11
179.73547999999906
 21
-110.62741399999861
 31
0.0
  0
LINE
  5
F02
330
17
100
AcDbEntity
  8
0
100
AcDbLine
 10
179.73547999999906
 20
-110.62741399999861
 30
0.0
 11
179.85181199999903
 21
-110.35080799999861
 31
0.0
  0
LINE
  5
F03
330
17
100
AcDbEntity
  8
0
100
AcDbLine
 10
179.85181199999903
 20
-110.35080799999861
 30
0.0
 11
179.96941399999903
 21
-110.07318599999861
 31
0.0
  0
LINE
  5
F04
330
17
100
AcDbEntity
  8
0
100
AcDbLine
 10
179.96941399999903
 20
-110.07318599999861
 30
0.0
 11
180.08803199999903
 21
-109.7942939999986
 31
0.0
  0
LINE
  5
F05
330
17
100
AcDbEntity
  8
0
100
AcDbLine
 10
180.08803199999903
 20
-109.7942939999986
 30
0.0
 11
180.20741199999904
 21
-109.51438599999861
 31
0.0
  0
LINE
  5
F06
330
17
100
AcDbEntity
  8
0
100
AcDbLine
 10
180.20741199999904
 20
-109.51438599999861
 30
0.0
 11
180.32755399999903
 21
-109.23346199999861
 31
0.0
  0
LINE
  5
F07
330
17
100
AcDbEntity
  8
0
100
AcDbLine
 10
180.32755399999903
 20
-109.23346199999861
 30
0.0
 11
180.44820399999904
 21
-108.9515219999986
 31
0.0
  0
LINE
  5
F08
330
17
100
AcDbEntity
  8
0
100
AcDbLine
 10
180.44820399999904
 20
-108.9515219999986
 30
0.0
 11
180.56936199999902
 21
-108.66881999999862
 31
0.0
  0
LINE
  5
F09
330
17
100
AcDbEntity
  8
0
100
AcDbLine
 10
180.56936199999902
 20
-108.66881999999862
 30
0.0
 11
180.69102799999902
 21
-108.38535599999861
 31
0.0
  0
LINE
  5
F0A
330
17
100
AcDbEntity
  8
0
100
AcDbLine
 10
180.69102799999902
 20
-108.38535599999861
 30
0.0
 11
180.81294799999904
 21
-108.10138399999862
 31
0.0
  0
LINE
  5
F0B
330
17
100
AcDbEntity
  8
0
100
AcDbLine
 10
180.81294799999904
 20
-108.10138399999862
 30
0.0
 11
180.93512199999904
 21
-107.81664999999862
 31
0.0
  0
LINE
  5
F0C
330
17
100
AcDbEntity
  8
0
100
AcDbLine
 10
180.93512199999904
 20
-107.81664999999862
 30
0.0
 11
181.05729599999904
 21
-107.53140799999862
 31
0.0
  0
LINE
  5
F0D
330
17
100
AcDbEntity
  8
0
100
AcDbLine
 10
181.05729599999904
 20
-107.53140799999862
 30
0.0
 11
181.17946999999904
 21
-107.24591199999861
 31
0.0
  0
LINE
  5
F0E
330
17
100
AcDbEntity
  8
0
100
AcDbLine
 10
181.17946999999904
 20
-107.24591199999861
 30
0.0
 11
181.30164399999904
 21
-106.95990799999862
 31
0.0
  0
LINE
  5
F0F
330
17
100
AcDbEntity
  8
0
100
AcDbLine
 10
181.30164399999904
 20
-106.95990799999862
 30
0.0
 11
181.42330999999905
 21
-106.67364999999862
 31
0.0
  0
LINE
  5
F10
330
17
100
AcDbEntity
  8
0
100
AcDbLine
 10
181.42330999999905
 20
-106.67364999999862
 30
0.0
 11
181.54472199999904
 21
-106.38739199999861
 31
0.0
  0
LINE
  5
F11
330
17
100
AcDbEntity
  8
0
100
AcDbLine
 10
181.54472199999904
 20
-106.38739199999861
 30
0.0
 11
181.66562599999904
 21
-106.10087999999863
 31
0.0
  0
LINE
  5
F12
330
17
100
AcDbEntity
  8
0
100
AcDbLine
 10
181.66562599999904
 20
-106.10087999999863
 30
0.0
 11
181.78602199999904
 21
-105.81436799999862
 31
0.0
  0
LINE
  5
F13
330
17
100
AcDbEntity
  8
0
100
AcDbLine
 10
181.78602199999904
 20
-105.81436799999862
 30
0.0
 11
181.90565599999906
 21
-105.52810999999862
 31
0.0
  0
LINE
  5
F14
330
17
100
AcDbEntity
  8
0
100
AcDbLine
 10
181.90565599999906
 20
-105.52810999999862
 30
0.0
 11
182.02452799999904
 21
-105.24185199999862
 31
0.0
  0
LINE
  5
F15
330
17
100
AcDbEntity
  8
0
100
AcDbLine
 10
182.02452799999904
 20
-105.24185199999862
 30
0.0
 11
182.14238399999905
 21
-104.95584799999862
 31
0.0
  0
LINE
  5
F16
330
17
100
AcDbEntity
  8
0
100
AcDbLine
 10
182.14238399999905
 20
-104.95584799999862
 30
0.0
 11
182.25922399999905
 21
-104.67035199999862
 31
0.0
  0
LINE
  5
F17
330
17
100
AcDbEntity
  8
0
100
AcDbLine
 10
182.25922399999905
 20
-104.67035199999862
 30
0.0
 11
182.37479399999907
 21
-104.38510999999862
 31
0.0
  0
LINE
  5
F18
330
17
100
AcDbEntity
  8
0
100
AcDbLine
 10
182.37479399999907
 20
-104.38510999999862
 30
0.0
 11
182.48909399999908
 21
-104.10037599999863
 31
0.0
  0
LINE
  5
F19
330
17
100
AcDbEntity
  8
0
100
AcDbLine
 10
182.48909399999908
 20
-104.10037599999863
 30
0.0
 11
182.6021239999991
 21
-103.81640399999863
 31
0.0
  0
LINE
  5
F1A
330
17
100
AcDbEntity
  8
0
100
AcDbLine
 10
182.6021239999991
 20
-103.81640399999863
 30
0.0
 11
182.71362999999909
 21
-103.53293999999863
 31
0.0
  0
LINE
  5
F1B
330
17
100
AcDbEntity
  8
0
100
AcDbLine
 10
182.71362999999909
 20
-103.53293999999863
 30
0.0
 11
182.8236119999991
 21
-103.25023799999863
 31
0.0
  0
LINE
  5
F1C
330
17
100
AcDbEntity
  8
0
100
AcDbLine
 10
182.8236119999991
 20
-103.25023799999863
 30
0.0
 11
182.9318159999991
 21
-102.96829799999863
 31
0.0
  0
LINE
  5
F1D
330
17
100
AcDbEntity
  8
0
100
AcDbLine
 10
182.9318159999991
 20
-102.96829799999863
 30
0.0
 11
183.0382419999991
 21
-102.68737399999863
 31
0.0
  0
LINE
  5
F1E
330
17
100
AcDbEntity
  8
0
100
AcDbLine
 10
183.0382419999991
 20
-102.68737399999863
 30
0.0
 11
183.14263599999907
 21
-102.40746599999864
 31
0.0
  0
LINE
  5
F1F
330
17
100
AcDbEntity
  8
0
100
AcDbLine
 10
183.14263599999907
 20
-102.40746599999864
 30
0.0
 11
183.24499799999907
 21
-102.12857399999864
 31
0.0
  0
LINE
  5
F20
330
17
100
AcDbEntity
  8
0
100
AcDbLine
 10
183.24499799999907
 20
-102.12857399999864
 30
0.0
 11
183.34507399999907
 21
-101.85095199999863
 31
0.0
  0
LINE
  5
F21
330
17
100
AcDbEntity
  8
0
100
AcDbLine
 10
183.34507399999907
 20
-101.85095199999863
 30
0.0
 11
183.44286399999908
 21
-101.57459999999863
 31
0.0
  0
LINE
  5
F22
330
17
100
AcDbEntity
  8
0
100
AcDbLine
 10
183.44286399999908
 20
-101.57459999999863
 30
0.0
 11
183.53836799999908
 21
-101.29951799999861
 31
0.0
  0
LINE
  5
F23
330
17
100
AcDbEntity
  8
0
100
AcDbLine
 10
183.53836799999908
 20
-101.29951799999861
 30
0.0
 11
183.63133199999908
 21
-101.02570599999862
 31
0.0
  0
LINE
  5
F24
330
17
100
AcDbEntity
  8
0
100
AcDbLine
 10
183.63133199999908
 20
-101.02570599999862
 30
0.0
 11
183.72175599999906
 21
-100.75341799999862
 31
0.0
  0
LINE
  5
F25
330
17
100
AcDbEntity
  8
0
100
AcDbLine
 10
183.72175599999906
 20
-100.75341799999862
 30
0.0
 11
183.80938599999908
 21
-100.48265399999863
 31
0.0
  0
LINE
  5
F26
330
17
100
AcDbEntity
  8
0
100
AcDbLine
 10
183.80938599999908
 20
-100.48265399999863
 30
0.0
 11
183.89422199999908
 21
-100.21366799999862
 31
0.0
  0
LINE
  5
F27
330
17
100
AcDbEntity
  8
0
100
AcDbLine
 10
183.89422199999908
 20
-100.21366799999862
 30
0.0
 11
183.97600999999906
 21
-99.94645999999862
 31
0.0
  0
LINE
  5
F28
330
17
100
AcDbEntity
  8
0
100
AcDbLine
 10
183.97600999999906
 20
-99.94645999999862
 30
0.0
 11
184.05474999999905
 21
-99.68102999999861
 31
0.0
  0
LINE
  5
F29
330
17
100
AcDbEntity
  8
0
100
AcDbLine
 10
184.05474999999905
 20
-99.68102999999861
 30
0.0
 11
184.13018799999907
 21
-99.4173779999986
 31
0.0
  0
LINE
  5
F2A
330
17
100
AcDbEntity
  8
0
100
AcDbLine
 10
184.13018799999907
 20
-99.4173779999986
 30
0.0
 11
184.20232399999907
 21
-99.15575799999861
 31
0.0
  0
LINE
  5
F2B
330
17
100
AcDbEntity
  8
0
100
AcDbLine
 10
184.20232399999907
 20
-99.15575799999861
 30
0.0
 11
184.27115799999905
 21
-98.89616999999862
 31
0.0
  0
LINE
  5
F2C
330
17
100
AcDbEntity
  8
0
100
AcDbLine
 10
184.27115799999905
 20
-98.89616999999862
 30
0.0
 11
184.33643599999903
 21
-98.63886799999862
 31
0.0
  0
LINE
  5
F2D
330
17
100
AcDbEntity
  8
0
100
AcDbLine
 10
184.33643599999903
 20
-98.63886799999862
 30
0.0
 11
184.39815799999906
 21
-98.38385199999863
 31
0.0
  0
LINE
  5
F2E
330
17
100
AcDbEntity
  8
0
100
AcDbLine
 10
184.39815799999906
 20
-98.38385199999863
 30
0.0
 11
184.45606999999904
 21
-98.13112199999863
 31
0.0
  0
LINE
  5
F2F
330
17
100
AcDbEntity
  8
0
100
AcDbLine
 10
184.45606999999904
 20
-98.13112199999863
 30
0.0
 11
184.61456599999903
 21
-98.83470199999861
 31
0.0
  0
LINE
  5
F30
330
17
100
AcDbEntity
  8
0
100
AcDbLine
 10
184.61456599999903
 20
-98.83470199999861
 30
0.0
 11
184.78550799999903
 21
-99.52100999999861
 31
0.0
  0
LINE
  5
F31
330
17
100
AcDbEntity
  8
0
100
AcDbLine
 10
184.78550799999903
 20
-99.52100999999861
 30
0.0
 11
184.96813399999905
 21
-100.19029999999862
 31
0.0
  0
LINE
  5
F32
330
17
100
AcDbEntity
  8
0
100
AcDbLine
 10
184.96813399999905
 20
-100.19029999999862
 30
0.0
 11
185.16193599999906
 21
-100.84333399999862
 31
0.0
  0
LINE
  5
F33
330
17
100
AcDbEntity
  8
0
100
AcDbLine
 10
185.16193599999906
 20
-100.84333399999862
 30
0.0
 11
185.36665999999906
 21
-101.48087399999862
 31
0.0
  0
LINE
  5
F34
330
17
100
AcDbEntity
  8
0
100
AcDbLine
 10
185.36665999999906
 20
-101.48087399999862
 30
0.0
 11
185.58154399999907
 21
-102.10317399999862
 31
0.0
  0
LINE
  5
F35
330
17
100
AcDbEntity
  8
0
100
AcDbLine
 10
185.58154399999907
 20
-102.10317399999862
 30
0.0
 11
185.8058259999991
 21
-102.7109959999986
 31
0.0
  0
LINE
  5
F36
330
17
100
AcDbEntity
  8
0
100
AcDbLine
 10
185.8058259999991
 20
-102.7109959999986
 30
0.0
 11
186.03925199999907
 21
-103.3045939999986
 31
0.0
  0
LINE
  5
F37
330
17
100
AcDbEntity
  8
0
100
AcDbLine
 10
186.03925199999907
 20
-103.3045939999986
 30
0.0
 11
186.28131399999907
 21
-103.88498399999861
 31
0.0
  0
LINE
  5
F38
330
17
100
AcDbEntity
  8
0
100
AcDbLine
 10
186.28131399999907
 20
-103.88498399999861
 30
0.0
 11
186.53150399999907
 21
-104.45241999999861
 31
0.0
  0
LINE
  5
F39
330
17
100
AcDbEntity
  8
0
100
AcDbLine
 10
186.53150399999907
 20
-104.45241999999861
 30
0.0
 11
186.78905999999907
 21
-105.0074099999986
 31
0.0
  0
LINE
  5
F3A
330
17
100
AcDbEntity
  8
0
100
AcDbLine
 10
186.78905999999907
 20
-105.0074099999986
 30
0.0
 11
187.05347399999908
 21
-105.55071599999862
 31
0.0
  0
LINE
  5
F3B
330
17
100
AcDbEntity
  8
0
100
AcDbLine
 10
187.05347399999908
 20
-105.55071599999862
 30
0.0
 11
187.3242379999991
 21
-106.08284599999861
 31
0.0
  0
LINE
  5
F3C
330
17
100
AcDbEntity
  8
0
100
AcDbLine
 10
187.3242379999991
 20
-106.08284599999861
 30
0.0
 11
187.6010979999991
 21
-106.60430799999861
 31
0.0
  0
LINE
  5
F3D
330
17
100
AcDbEntity
  8
0
100
AcDbLine
 10
187.6010979999991
 20
-106.60430799999861
 30
0.0
 11
187.88303799999912
 21
-107.11560999999861
 31
0.0
  0
LINE
  5
F3E
330
17
100
AcDbEntity
  8
0
100
AcDbLine
 10
187.88303799999912
 20
-107.11560999999861
 30
0.0
 11
188.16980399999912
 21
-107.61751399999861
 31
0.0
  0
LINE
  5
F3F
330
17
100
AcDbEntity
  8
0
100
AcDbLine
 10
188.16980399999912
 20
-107.61751399999861
 30
0.0
 11
188.4608879999991
 21
-108.1105279999986
 31
0.0
  0
LINE
  5
F40
330
17
100
AcDbEntity
  8
0
100
AcDbLine
 10
188.4608879999991
 20
-108.1105279999986
 30
0.0
 11
188.7557819999991
 21
-108.5951599999986
 31
0.0
  0
LINE
  5
F41
330
17
100
AcDbEntity
  8
0
100
AcDbLine
 10
188.7557819999991
 20
-108.5951599999986
 30
0.0
 11
189.05372399999908
 21
-109.0719179999986
 31
0.0
  0
LINE
  5
F42
330
17
100
AcDbEntity
  8
0
100
AcDbLine
 10
189.05372399999908
 20
-109.0719179999986
 30
0.0
 11
189.3542059999991
 21
-109.5415639999986
 31
0.0
  0
LINE
  5
F43
330
17
100
AcDbEntity
  8
0
100
AcDbLine
 10
189.3542059999991
 20
-109.5415639999986
 30
0.0
 11
189.65697399999908
 21
-110.0043519999986
 31
0.0
  0
LINE
  5
F44
330
17
100
AcDbEntity
  8
0
100
AcDbLine
 10
189.65697399999908
 20
-110.0043519999986
 30
0.0
 11
189.96126599999909
 21
-110.46104399999861
 31
0.0
  0
LINE
  5
F45
330
17
100
AcDbEntity
  8
0
100
AcDbLine
 10
189.96126599999909
 20
-110.46104399999861
 30
0.0
 11
190.26657399999908
 21
-110.91214799999861
 31
0.0
  0
LINE
  5
F46
330
17
100
AcDbEntity
  8
0
100
AcDbLine
 10
190.26657399999908
 20
-110.91214799999861
 30
0.0
 11
190.57213599999906
 21
-111.35842599999862
 31
0.0
  0
LINE
  5
F47
330
17
100
AcDbEntity
  8
0
100
AcDbLine
 10
190.57213599999906
 20
-111.35842599999862
 30
0.0
 11
190.87769799999907
 21
-111.8001319999986
 31
0.0
  0
LINE
  5
F48
330
17
100
AcDbEntity
  8
0
100
AcDbLine
 10
190.87769799999907
 20
-111.8001319999986
 30
0.0
 11
191.18275199999908
 21
-112.23802799999861
 31
0.0
  0
LINE
  5
F49
330
17
100
AcDbEntity
  8
0
100
AcDbLine
 10
191.18275199999908
 20
-112.23802799999861
 30
0.0
 11
191.4865359999991
 21
-112.67262199999861
 31
0.0
  0
LINE
  5
F4A
330
17
100
AcDbEntity
  8
0
100
AcDbLine
 10
191.4865359999991
 20
-112.67262199999861
 30
0.0
 11
191.7887959999991
 21
-113.1044219999986
 31
0.0
  0
LINE
  5
F4B
330
17
100
AcDbEntity
  8
0
100
AcDbLine
 10
191.7887959999991
 20
-113.1044219999986
 30
0.0
 11
192.0887699999991
 21
-113.53393599999859
 31
0.0
  0
LINE
  5
F4C
330
17
100
AcDbEntity
  8
0
100
AcDbLine
 10
192.0887699999991
 20
-113.53393599999859
 30
0.0
 11
192.3859499999991
 21
-113.9619259999986
 31
0.0
  0
LINE
  5
F4D
330
17
100
AcDbEntity
  8
0
100
AcDbLine
 10
192.3859499999991
 20
-113.9619259999986
 30
0.0
 11
192.6798279999991
 21
-114.38889999999859
 31
0.0
  0
LINE
  5
F4E
330
17
100
AcDbEntity
  8
0
100
AcDbLine
 10
192.6798279999991
 20
-114.38889999999859
 30
0.0
 11
192.96989599999912
 21
-114.81536599999859
 31
0.0
  0
LINE
  5
F4F
330
17
100
AcDbEntity
  8
0
100
AcDbLine
 10
192.96989599999912
 20
-114.81536599999859
 30
0.0
 11
193.25564599999913
 21
-115.24183199999858
 31
0.0
  0
LINE
  5
F50
330
17
100
AcDbEntity
  8
0
100
AcDbLine
 10
193.25564599999913
 20
-115.24183199999858
 30
0.0
 11
193.53631599999912
 21
-115.66905999999858
 31
0.0
  0
LINE
  5
F51
330
17
100
AcDbEntity
  8
0
100
AcDbLine
 10
193.53631599999912
 20
-115.66905999999858
 30
0.0
 11
193.8116519999991
 21
-116.09730399999857
 31
0.0
  0
LINE
  5
F52
330
17
100
AcDbEntity
  8
0
100
AcDbLine
 10
193.8116519999991
 20
-116.09730399999857
 30
0.0
 11
194.0808919999991
 21
-116.52732599999857
 31
0.0
  0
LINE
  5
F53
330
17
100
AcDbEntity
  8
0
100
AcDbLine
 10
194.0808919999991
 20
-116.52732599999857
 30
0.0
 11
194.34352799999908
 21
-116.95988799999857
 31
0.0
  0
LINE
  5
F54
330
17
100
AcDbEntity
  8
0
100
AcDbLine
 10
194.34352799999908
 20
-116.95988799999857
 30
0.0
 11
194.59930599999907
 21
-117.39524399999857
 31
0.0
  0
LINE
  5
F55
330
17
100
AcDbEntity
  8
0
100
AcDbLine
 10
194.59930599999907
 20
-117.39524399999857
 30
0.0
 11
194.84746399999906
 21
-117.83415599999857
 31
0.0
  0
LINE
  5
F56
330
17
100
AcDbEntity
  8
0
100
AcDbLine
 10
194.84746399999906
 20
-117.83415599999857
 30
0.0
 11
195.08749399999908
 21
-118.27687799999856
 31
0.0
  0
LINE
  5
F57
330
17
100
AcDbEntity
  8
0
100
AcDbLine
 10
195.08749399999908
 20
-118.27687799999856
 30
0.0
 11
195.3186339999991
 21
-118.72417199999857
 31
0.0
  0
LINE
  5
F58
330
17
100
AcDbEntity
  8
0
100
AcDbLine
 10
195.3186339999991
 20
-118.72417199999857
 30
0.0
 11
195.54062999999908
 21
-119.17679999999856
 31
0.0
  0
LINE
  5
F59
330
17
100
AcDbEntity
  8
0
100
AcDbLine
 10
195.54062999999908
 20
-119.17679999999856
 30
0.0
 11
195.7527199999991
 21
-119.63501599999856
 31
0.0
  0
LINE
  5
F5A
330
17
100
AcDbEntity
  8
0
100
AcDbLine
 10
195.7527199999991
 20
-119.63501599999856
 30
0.0
 11
195.95464999999908
 21
-120.09958199999856
 31
0.0
  0
LINE
  5
F5B
330
17
100
AcDbEntity
  8
0
100
AcDbLine
 10
195.95464999999908
 20
-120.09958199999856
 30
0.0
 11
196.14565799999906
 21
-120.57100599999856
 31
0.0
  0
LINE
  5
F5C
330
17
100
AcDbEntity
  8
0
100
AcDbLine
 10
196.14565799999906
 20
-120.57100599999856
 30
0.0
 11
196.32523599999908
 21
-121.04979599999857
 31
0.0
  0
LINE
  5
F5D
330
17
100
AcDbEntity
  8
0
100
AcDbLine
 10
196.32523599999908
 20
-121.04979599999857
 30
0.0
 11
196.49287599999906
 21
-121.53645999999856
 31
0.0
  0
LINE
  5
F5E
330
17
100
AcDbEntity
  8
0
100
AcDbLine
 10
196.49287599999906
 20
-121.53645999999856
 30
0.0
 11
196.64806999999905
 21
-122.03175999999856
 31
0.0
  0
LINE
  5
F5F
330
17
100
AcDbEntity
  8
0
100
AcDbLine
 10
196.64806999999905
 20
-122.03175999999856
 30
0.0
 11
196.79030999999904
 21
-122.53594999999856
 31
0.0
  0
LINE
  5
F60
330
17
100
AcDbEntity
  8
0
100
AcDbLine
 10
196.79030999999904
 20
-122.53594999999856
 30
0.0
 11
196.91908799999902
 21
-123.04979199999856
 31
0.0
  0
LINE
  5
F61
330
17
100
AcDbEntity
  8
0
100
AcDbLine
 10
196.91908799999902
 20
-123.04979199999856
 30
0.0
 11
197.03364199999905
 21
-123.57404799999857
 31
0.0
  0
LINE
  5
F62
330
17
100
AcDbEntity
  8
0
100
AcDbLine
 10
197.03364199999905
 20
-123.57404799999857
 30
0.0
 11
197.13371799999905
 21
-124.10897199999857
 31
0.0
  0
LINE
  5
F63
330
17
100
AcDbEntity
  8
0
100
AcDbLine
 10
197.13371799999905
 20
-124.10897199999857
 30
0.0
 11
197.21855399999902
 21
-124.65532599999857
 31
0.0
  0
LINE
  5
F64
330
17
100
AcDbEntity
  8
0
100
AcDbLine
 10
197.21855399999902
 20
-124.65532599999857
 30
0.0
 11
197.28764199999904
 21
-125.21336399999858
 31
0.0
  0
LINE
  5
F65
330
17
100
AcDbEntity
  8
0
100
AcDbLine
 10
197.28764199999904
 20
-125.21336399999858
 30
0.0
 11
197.34047399999903
 21
-125.78410199999858
 31
0.0
  0
LINE
  5
F66
330
17
100
AcDbEntity
  8
0
100
AcDbLine
 10
197.34047399999903
 20
-125.78410199999858
 30
0.0
 11
197.37654199999903
 21
-126.36779399999858
 31
0.0
  0
LINE
  5
F67
330
17
100
AcDbEntity
  8
0
100
AcDbLine
 10
197.37654199999903
 20
-126.36779399999858
 30
0.0
 11
197.39533799999904
 21
-126.96494799999857
 31
0.0
  0
LINE
  5
F68
330
17
100
AcDbEntity
  8
0
100
AcDbLine
 10
197.39533799999904
 20
-126.96494799999857
 30
0.0
 11
197.39635399999904
 21
-127.57632599999857
 31
0.0
  0
LINE
  5
F69
330
17
100
AcDbEntity
  8
0
100
AcDbLine
 10
197.39635399999904
 20
-127.57632599999857
 30
0.0
 11
197.37882799999906
 21
-128.20243599999856
 31
0.0
  0
LINE
  5
F6A
330
17
100
AcDbEntity
  8
0
100
AcDbLine
 10
197.37882799999906
 20
-128.20243599999856
 30
0.0
 11
197.34250599999905
 21
-128.84378599999857
 31
0.0
  0
LINE
  5
F6B
330
17
100
AcDbEntity
  8
0
100
AcDbLine
 10
197.34250599999905
 20
-128.84378599999857
 30
0.0
 11
197.28662599999905
 21
-129.50088399999856
 31
0.0
  0
LINE
  5
F6C
330
17
100
AcDbEntity
  8
0
100
AcDbLine
 10
197.28662599999905
 20
-129.50088399999856
 30
0.0
 11
197.21067999999903
 21
-130.17449199999857
 31
0.0
  0
LINE
  5
F6D
330
17
100
AcDbEntity
  8
0
100
AcDbLine
 10
197.21067999999903
 20
-130.17449199999857
 30
0.0
 11
197.11415999999903
 21
-130.86511799999857
 31
0.0
  0
LINE
  5
F6E
330
17
100
AcDbEntity
  8
0
100
AcDbLine
 10
197.11415999999903
 20
-130.86511799999857
 30
0.0
 11
196.99655799999906
 21
-131.5732699999986
 31
0.0
  0
LINE
  5
F6F
330
17
100
AcDbEntity
  8
0
100
AcDbLine
 10
196.99655799999906
 20
-131.5732699999986
 30
0.0
 11
196.86168399999906
 21
-131.4693839999986
 31
0.0
  0
LINE
  5
F70
330
17
100
AcDbEntity
  8
0
100
AcDbLine
 10
196.86168399999906
 20
-131.4693839999986
 30
0.0
 11
196.70674399999905
 21
-131.3629579999986
 31
0.0
  0
LINE
  5
F71
330
17
100
AcDbEntity
  8
0
100
AcDbLine
 10
196.70674399999905
 20
-131.3629579999986
 30
0.0
 11
196.53275399999907
 21
-131.2539919999986
 31
0.0
  0
LINE
  5
F72
330
17
100
AcDbEntity
  8
0
100
AcDbLine
 10
196.53275399999907
 20
-131.2539919999986
 30
0.0
 11
196.33996799999906
 21
-131.1427399999986
 31
0.0
  0
LINE
  5
F73
330
17
100
AcDbEntity
  8
0
100
AcDbLine
 10
196.33996799999906
 20
-131.1427399999986
 30
0.0
 11
196.1294019999991
 21
-131.0294559999986
 31
0.0
  0
LINE
  5
F74
330
17
100
AcDbEntity
  8
0
100
AcDbLine
 10
196.1294019999991
 20
-131.0294559999986
 30
0.0
 11
195.90156399999907
 21
-130.9141399999986
 31
0.0
  0
LINE
  5
F75
330
17
100
AcDbEntity
  8
0
100
AcDbLine
 10
195.90156399999907
 20
-130.9141399999986
 30
0.0
 11
195.65721599999907
 21
-130.7970459999986
 31
0.0
  0
LINE
  5
F76
330
17
100
AcDbEntity
  8
0
100
AcDbLine
 10
195.65721599999907
 20
-130.7970459999986
 30
0.0
 11
195.39686599999908
 21
-130.67817399999862
 31
0.0
  0
LINE
  5
F77
330
17
100
AcDbEntity
  8
0
100
AcDbLine
 10
195.39686599999908
 20
-130.67817399999862
 30
0.0
 11
195.12127599999906
 21
-130.5577779999986
 31
0.0
  0
LINE
  5
F78
330
17
100
AcDbEntity
  8
0
100
AcDbLine
 10
195.12127599999906
 20
-130.5577779999986
 30
0.0
 11
194.83095399999905
 21
-130.4361119999986
 31
0.0
  0
LINE
  5
F79
330
17
100
AcDbEntity
  8
0
100
AcDbLine
 10
194.83095399999905
 20
-130.4361119999986
 30
0.0
 11
194.52666199999908
 21
-130.31342999999862
 31
0.0
  0
LINE
  5
F7A
330
17
100
AcDbEntity
  8
0
100
AcDbLine
 10
194.52666199999908
 20
-130.31342999999862
 30
0.0
 11
194.20916199999905
 21
-130.18973199999863
 31
0.0
  0
LINE
  5
F7B
330
17
100
AcDbEntity
  8
0
100
AcDbLine
 10
194.20916199999905
 20
-130.18973199999863
 30
0.0
 11
193.8789619999991
 21
-130.06501799999862
 31
0.0
  0
LINE
  5
F7C
330
17
100
AcDbEntity
  8
0
100
AcDbLine
 10
193.8789619999991
 20
-130.06501799999862
 30
0.0
 11
193.5368239999991
 21
-129.9397959999986
 31
0.0
  0
LINE
  5
F7D
330
17
100
AcDbEntity
  8
0
100
AcDbLine
 10
193.5368239999991
 20
-129.9397959999986
 30
0.0
 11
193.1835099999991
 21
-129.8140659999986
 31
0.0
  0
LINE
  5
F7E
330
17
100
AcDbEntity
  8
0
100
AcDbLine
 10
193.1835099999991
 20
-129.8140659999986
 30
0.0
 11
192.81952799999908
 21
-129.6878279999986
 31
0.0
  0
LINE
  5
F7F
330
17
100
AcDbEntity
  8
0
100
AcDbLine
 10
192.81952799999908
 20
-129.6878279999986
 30
0.0
 11
192.4453859999991
 21
-129.56133599999862
 31
0.0
  0
LINE
  5
F80
330
17
100
AcDbEntity
  8
0
100
AcDbLine
 10
192.4453859999991
 20
-129.56133599999862
 30
0.0
 11
192.0620999999991
 21
-129.4348439999986
 31
0.0
  0
LINE
  5
F81
330
17
100
AcDbEntity
  8
0
100
AcDbLine
 10
192.0620999999991
 20
-129.4348439999986
 30
0.0
 11
191.6701779999991
 21
-129.30835199999862
 31
0.0
  0
LINE
  5
F82
330
17
100
AcDbEntity
  8
0
100
AcDbLine
 10
191.6701779999991
 20
-129.30835199999862
 30
0.0
 11
191.2701279999991
 21
-129.18236799999863
 31
0.0
  0
LINE
  5
F83
330
17
100
AcDbEntity
  8
0
100
AcDbLine
 10
191.2701279999991
 20
-129.18236799999863
 30
0.0
 11
190.86271199999908
 21
-129.05663799999863
 31
0.0
  0
LINE
  5
F84
330
17
100
AcDbEntity
  8
0
100
AcDbLine
 10
190.86271199999908
 20
-129.05663799999863
 30
0.0
 11
190.44869199999908
 21
-128.93166999999863
 31
0.0
  0
LINE
  5
F85
330
17
100
AcDbEntity
  8
0
100
AcDbLine
 10
190.44869199999908
 20
-128.93166999999863
 30
0.0
 11
190.02857599999908
 21
-128.8072099999986
 31
0.0
  0
LINE
  5
F86
330
17
100
AcDbEntity
  8
0
100
AcDbLine
 10
190.02857599999908
 20
-128.8072099999986
 30
0.0
 11
189.6031259999991
 21
-128.68376599999863
 31
0.0
  0
LINE
  5
F87
330
17
100
AcDbEntity
  8
0
100
AcDbLine
 10
189.6031259999991
 20
-128.68376599999863
 30
0.0
 11
189.17310399999909
 21
-128.5613379999986
 31
0.0
  0
LINE
  5
F88
330
17
100
AcDbEntity
  8
0
100
AcDbLine
 10
189.17310399999909
 20
-128.5613379999986
 30
0.0
 11
188.7390179999991
 21
-128.44017999999863
 31
0.0
  0
LINE
  5
F89
330
17
100
AcDbEntity
  8
0
100
AcDbLine
 10
188.7390179999991
 20
-128.44017999999863
 30
0.0
 11
188.3016299999991
 21
-128.32054599999861
 31
0.0
  0
LINE
  5
F8A
330
17
100
AcDbEntity
  8
0
100
AcDbLine
 10
188.3016299999991
 20
-128.32054599999861
 30
0.0
 11
187.86144799999911
 21
-128.2024359999986
 31
0.0
  0
LINE
  5
F8B
330
17
100
AcDbEntity
  8
0
100
AcDbLine
 10
187.86144799999911
 20
-128.2024359999986
 30
0.0
 11
187.41923399999914
 21
-128.08584999999863
 31
0.0
  0
LINE
  5
F8C
330
17
100
AcDbEntity
  8
0
100
AcDbLine
 10
187.41923399999914
 20
-128.08584999999863
 30
0.0
 11
186.97574999999912
 21
-127.97129599999862
 31
0.0
  0
LINE
  5
F8D
330
17
100
AcDbEntity
  8
0
100
AcDbLine
 10
186.97574999999912
 20
-127.97129599999862
 30
0.0
 11
186.53150399999913
 21
-127.85877399999862
 31
0.0
  0
LINE
  5
F8E
330
17
100
AcDbEntity
  8
0
100
AcDbLine
 10
186.53150399999913
 20
-127.85877399999862
 30
0.0
 11
186.0872579999991
 21
-127.74828399999862
 31
0.0
  0
LINE
  5
F8F
330
17
100
AcDbEntity
  8
0
100
AcDbLine
 10
186.0872579999991
 20
-127.74828399999862
 30
0.0
 11
185.64351999999914
 21
-127.64033399999862
 31
0.0
  0
LINE
  5
F90
330
17
100
AcDbEntity
  8
0
100
AcDbLine
 10
185.64351999999914
 20
-127.64033399999862
 30
0.0
 11
185.20105199999915
 21
-127.53466999999863
 31
0.0
  0
LINE
  5
F91
330
17
100
AcDbEntity
  8
0
100
AcDbLine
 10
185.20105199999915
 20
-127.53466999999863
 30
0.0
 11
184.76036199999913
 21
-127.43179999999863
 31
0.0
  0
LINE
  5
F92
330
17
100
AcDbEntity
  8
0
100
AcDbLine
 10
184.76036199999913
 20
-127.43179999999863
 30
0.0
 11
184.32246599999914
 21
-127.33172399999863
 31
0.0
  0
LINE
  5
F93
330
17
100
AcDbEntity
  8
0
100
AcDbLine
 10
184.32246599999914
 20
-127.33172399999863
 30
0.0
 11
183.88761799999912
 21
-127.23469599999862
 31
0.0
  0
LINE
  5
F94
330
17
100
AcDbEntity
  8
0
100
AcDbLine
 10
183.88761799999912
 20
-127.23469599999862
 30
0.0
 11
183.45683399999913
 21
-127.14071599999862
 31
0.0
  0
LINE
  5
F95
330
17
100
AcDbEntity
  8
0
100
AcDbLine
 10
183.45683399999913
 20
-127.14071599999862
 30
0.0
 11
183.0306219999991
 21
-127.05003799999862
 31
0.0
  0
LINE
  5
F96
330
17
100
AcDbEntity
  8
0
100
AcDbLine
 10
183.0306219999991
 20
-127.05003799999862
 30
0.0
 11
182.6094899999991
 21
-126.96291599999861
 31
0.0
  0
LINE
  5
F97
330
17
100
AcDbEntity
  8
0
100
AcDbLine
 10
182.6094899999991
 20
-126.96291599999861
 30
0.0
 11
182.19445399999913
 21
-126.87934999999861
 31
0.0
  0
LINE
  5
F98
330
17
100
AcDbEntity
  8
0
100
AcDbLine
 10
182.19445399999913
 20
-126.87934999999861
 30
0.0
 11
181.7857679999991
 21
-126.7995939999986
 31
0.0
  0
LINE
  5
F99
330
17
100
AcDbEntity
  8
0
100
AcDbLine
 10
181.7857679999991
 20
-126.7995939999986
 30
0.0
 11
181.3844479999991
 21
-126.7239019999986
 31
0.0
  0
LINE
  5
F9A
330
17
100
AcDbEntity
  8
0
100
AcDbLine
 10
181.3844479999991
 20
-126.7239019999986
 30
0.0
 11
180.9910019999991
 21
-126.65227399999861
 31
0.0
  0
LINE
  5
F9B
330
17
100
AcDbEntity
  8
0
100
AcDbLine
 10
180.9910019999991
 20
-126.65227399999861
 30
0.0
 11
180.60593799999913
 21
-126.58470999999861
 31
0.0
  0
LINE
  5
F9C
330
17
100
AcDbEntity
  8
0
100
AcDbLine
 10
180.60593799999913
 20
-126.58470999999861
 30
0.0
 11
180.2302719999991
 21
-126.5217179999986
 31
0.0
  0
LINE
  5
F9D
330
17
100
AcDbEntity
  8
0
100
AcDbLine
 10
180.2302719999991
 20
-126.5217179999986
 30
0.0
 11
179.8642579999991
 21
-126.4632979999986
 31
0.0
  0
LINE
  5
F9E
330
17
100
AcDbEntity
  8
0
100
AcDbLine
 10
179.8642579999991
 20
-126.4632979999986
 30
0.0
 11
179.5089119999991
 21
-126.4097039999986
 31
0.0
  0
LINE
  5
F9F
330
17
100
AcDbEntity
  8
0
100
AcDbLine
 10
179.5089119999991
 20
-126.4097039999986
 30
0.0
 11
179.16474199999908
 21
-126.3609359999986
 31
0.0
  0
LINE
  5
FA0
330
17
100
AcDbEntity
  8
0
100
AcDbLine
 10
179.16474199999908
 20
-126.3609359999986
 30
0.0
 11
178.8322559999991
 21
-126.31724799999859
 31
0.0
  0
LINE
  5
FA1
330
17
100
AcDbEntity
  8
0
100
AcDbLine
 10
178.8322559999991
 20
-126.31724799999859
 30
0.0
 11
178.5124699999991
 21
-126.27863999999859
 31
0.0
  0
LINE
  5
FA2
330
17
100
AcDbEntity
  8
0
100
AcDbLine
 10
178.5124699999991
 20
-126.27863999999859
 30
0.0
 11
178.2058919999991
 21
-126.2456199999986
 31
0.0
  0
LINE
  5
FA3
330
17
100
AcDbEntity
  8
0
100
AcDbLine
 10
178.2058919999991
 20
-126.2456199999986
 30
0.0
 11
177.91302999999908
 21
-126.21793399999859
 31
0.0
  0
LINE
  5
FA4
330
17
100
AcDbEntity
  8
0
100
AcDbLine
 10
177.91302999999908
 20
-126.21793399999859
 30
0.0
 11
177.6346459999991
 21
-126.19608999999859
 31
0.0
  0
LINE
  5
FA5
330
17
100
AcDbEntity
  8
0
100
AcDbLine
 10
177.6346459999991
 20
-126.19608999999859
 30
0.0
 11
177.3715019999991
 21
-126.1800879999986
 31
0.0
  0
LINE
  5
FA6
330
17
100
AcDbEntity
  8
0
100
AcDbLine
 10
177.3715019999991
 20
-126.1800879999986
 30
0.0
 11
177.1241059999991
 21
-126.1701819999986
 31
0.0
  0
LINE
  5
FA7
330
17
100
AcDbEntity
  8
0
100
AcDbLine
 10
177.1241059999991
 20
-126.1701819999986
 30
0.0
 11
176.8932199999991
 21
-126.1663719999986
 31
0.0
  0
LINE
  5
FA8
330
17
100
AcDbEntity
  8
0
100
AcDbLine
 10
176.8932199999991
 20
-126.1663719999986
 30
0.0
 11
176.67935199999908
 21
-126.1689119999986
 31
0.0
  0
LINE
  5
FA9
330
17
100
AcDbEntity
  8
0
100
AcDbLine
 10
176.67935199999908
 20
-126.1689119999986
 30
0.0
 11
176.48326399999908
 21
-126.1780559999986
 31
0.0
  0
LINE
  5
FAA
330
17
100
AcDbEntity
  8
0
100
AcDbLine
 10
176.48326399999908
 20
-126.1780559999986
 30
0.0
 11
176.3057179999991
 21
-126.19380399999861
 31
0.0
  0
LINE
  5
FAB
330
17
100
AcDbEntity
  8
0
100
AcDbLine
 10
176.3057179999991
 20
-126.19380399999861
 30
0.0
 11
176.1472219999991
 21
-126.2164099999986
 31
0.0
  0
LINE
  5
FAC
330
17
100
AcDbEntity
  8
0
100
AcDbLine
 10
176.1472219999991
 20
-126.2164099999986
 30
0.0
 11
176.00853799999908
 21
-126.24587399999861
 31
0.0
  0
LINE
  5
FAD
330
17
100
AcDbEntity
  8
0
100
AcDbLine
 10
176.00853799999908
 20
-126.24587399999861
 30
0.0
 11
175.89042799999908
 21
-126.2824499999986
 31
0.0
  0
LINE
  5
FAE
330
17
100
AcDbEntity
  8
0
100
AcDbLine
 10
175.89042799999908
 20
-126.2824499999986
 30
0.0
 11
175.79339999999908
 21
-126.3263919999986
 31
0.0
  0
LINE
  5
FAF
330
17
100
AcDbEntity
  8
0
100
AcDbLine
 10
175.79339999999908
 20
-126.3263919999986
 30
0.0
 11
175.81321199999908
 21
-126.17170599999861
 31
0.0
  0
LINE
  5
FB0
330
17
100
AcDbEntity
  8
0
100
AcDbLine
 10
175.81321199999908
 20
-126.17170599999861
 30
0.0
 11
175.83353199999908
 21
-126.01651199999861
 31
0.0
  0
LINE
  5
FB1
330
17
100
AcDbEntity
  8
0
100
AcDbLine
 10
175.83353199999908
 20
-126.01651199999861
 30
0.0
 11
175.8541059999991
 21
-125.86055599999862
 31
0.0
  0
LINE
  5
FB2
330
17
100
AcDbEntity
  8
0
100
AcDbLine
 10
175.8541059999991
 20
-125.86055599999862
 30
0.0
 11
175.8749339999991
 21
-125.70383799999861
 31
0.0
  0
LINE
  5
FB3
330
17
100
AcDbEntity
  8
0
100
AcDbLine
 10
175.8749339999991
 20
-125.70383799999861
 30
0.0
 11
175.89626999999908
 21
-125.5466119999986
 31
0.0
  0
LINE
  5
FB4
330
17
100
AcDbEntity
  8
0
100
AcDbLine
 10
175.89626999999908
 20
-125.5466119999986
 30
0.0
 11
175.91785999999908
 21
-125.3886239999986
 31
0.0
  0
LINE
  5
FB5
330
17
100
AcDbEntity
  8
0
100
AcDbLine
 10
175.91785999999908
 20
-125.3886239999986
 30
0.0
 11
175.9397039999991
 21
-125.2301279999986
 31
0.0
  0
LINE
  5
FB6
330
17
100
AcDbEntity
  8
0
100
AcDbLine
 10
175.9397039999991
 20
-125.2301279999986
 30
0.0
 11
175.96205599999908
 21
-125.07086999999859
 31
0.0
  0
LINE
  5
FB7
330
17
100
AcDbEntity
  8
0
100
AcDbLine
 10
175.96205599999908
 20
-125.07086999999859
 30
0.0
 11
175.9846619999991
 21
-124.91110399999859
 31
0.0
  0
LINE
  5
FB8
330
17
100
AcDbEntity
  8
0
100
AcDbLine
 10
175.9846619999991
 20
-124.91110399999859
 30
0.0
 11
176.0077759999991
 21
-124.75057599999859
 31
0.0
  0
LINE
  5
FB9
330
17
100
AcDbEntity
  8
0
100
AcDbLine
 10
176.0077759999991
 20
-124.75057599999859
 30
0.0
 11
176.0311439999991
 21
-124.58953999999858
 31
0.0
  0
LINE
  5
FBA
330
17
100
AcDbEntity
  8
0
100
AcDbLine
 10
176.0311439999991
 20
-124.58953999999858
 30
0.0
 11
176.0550199999991
 21
-124.42799599999857
 31
0.0
  0
LINE
  5
FBB
330
17
100
AcDbEntity
  8
0
100
AcDbLine
 10
176.0550199999991
 20
-124.42799599999857
 30
0.0
 11
176.07914999999912
 21
-124.26594399999858
 31
0.0
  0
LINE
  5
FBC
330
17
100
AcDbEntity
  8
0
100
AcDbLine
 10
176.07914999999912
 20
-124.26594399999858
 30
0.0
 11
176.10353399999912
 21
-124.10312999999859
 31
0.0
  0
LINE
  5
FBD
330
17
100
AcDbEntity
  8
0
100
AcDbLine
 10
176.10353399999912
 20
-124.10312999999859
 30
0.0
 11
176.1284259999991
 21
-123.93980799999859
 31
0.0
  0
LINE
  5
FBE
330
17
100
AcDbEntity
  8
0
100
AcDbLine
 10
176.1284259999991
 20
-123.93980799999859
 30
0.0
 11
176.15357199999912
 21
-123.77597799999859
 31
0.0
  0
LINE
  5
FBF
330
17
100
AcDbEntity
  8
0
100
AcDbLine
 10
176.15357199999912
 20
-123.77597799999859
 30
0.0
 11
176.17922599999912
 21
-123.61163999999859
 31
0.0
  0
LINE
  5
FC0
330
17
100
AcDbEntity
  8
0
100
AcDbLine
 10
176.17922599999912
 20
-123.61163999999859
 30
0.0
 11
176.2051339999991
 21
-123.44679399999859
 31
0.0
  0
LINE
  5
FC1
330
17
100
AcDbEntity
  8
0
100
AcDbLine
 10
176.2051339999991
 20
-123.44679399999859
 30
0.0
 11
176.23154999999912
 21
-123.2814399999986
 31
0.0
  0
LINE
  5
FC2
330
17
100
AcDbEntity
  8
0
100
AcDbLine
 10
176.23154999999912
 20
-123.2814399999986
 30
0.0
 11
176.2582199999991
 21
-123.11557799999858
 31
0.0
  0
LINE
  5
FC3
330
17
100
AcDbEntity
  8
0
100
AcDbLine
 10
176.2582199999991
 20
-123.11557799999858
 30
0.0
 11
176.2853979999991
 21
-122.94946199999859
 31
0.0
  0
LINE
  5
FC4
330
17
100
AcDbEntity
  8
0
100
AcDbLine
 10
176.2853979999991
 20
-122.94946199999859
 30
0.0
 11
176.31308399999912
 21
-122.78283799999859
 31
0.0
  0
LINE
  5
FC5
330
17
100
AcDbEntity
  8
0
100
AcDbLine
 10
176.31308399999912
 20
-122.78283799999859
 30
0.0
 11
176.34102399999912
 21
-122.61570599999858
 31
0.0
  0
LINE
  5
FC6
330
17
100
AcDbEntity
  8
0
100
AcDbLine
 10
176.34102399999912
 20
-122.61570599999858
 30
0.0
 11
176.36947199999912
 21
-122.44806599999858
 31
0.0
  0
LINE
  5
FC7
330
17
100
AcDbEntity
  8
0
100
AcDbLine
 10
176.36947199999912
 20
-122.44806599999858
 30
0.0
 11
176.39817399999913
 21
-122.28017199999857
 31
0.0
  0
LINE
  5
FC8
330
17
100
AcDbEntity
  8
0
100
AcDbLine
 10
176.39817399999913
 20
-122.28017199999857
 30
0.0
 11
176.42738399999914
 21
-122.11176999999857
 31
0.0
  0
LINE
  5
FC9
330
17
100
AcDbEntity
  8
0
100
AcDbLine
 10
176.42738399999914
 20
-122.11176999999857
 30
0.0
 11
176.45710199999914
 21
-121.94311399999857
 31
0.0
  0
LINE
  5
FCA
330
17
100
AcDbEntity
  8
0
100
AcDbLine
 10
176.45710199999914
 20
-121.94311399999857
 30
0.0
 11
176.48707399999915
 21
-121.77394999999858
 31
0.0
  0
LINE
  5
FCB
330
17
100
AcDbEntity
  8
0
100
AcDbLine
 10
176.48707399999915
 20
-121.77394999999858
 30
0.0
 11
176.51755399999914
 21
-121.60453199999858
 31
0.0
  0
LINE
  5
FCC
330
17
100
AcDbEntity
  8
0
100
AcDbLine
 10
176.51755399999914
 20
-121.60453199999858
 30
0.0
 11
176.54854199999914
 21
-121.43460599999858
 31
0.0
  0
LINE
  5
FCD
330
17
100
AcDbEntity
  8
0
100
AcDbLine
 10
176.54854199999914
 20
-121.43460599999858
 30
0.0
 11
176.57978399999914
 21
-121.26442599999858
 31
0.0
  0
LINE
  5
FCE
330
17
100
AcDbEntity
  8
0
100
AcDbLine
 10
176.57978399999914
 20
-121.26442599999858
 30
0.0
 11
176.61153399999915
 21
-121.09399199999858
 31
0.0
  0
LINE
  5
FCF
330
17
100
AcDbEntity
  8
0
100
AcDbLine
 10
176.61153399999915
 20
-121.09399199999858
 30
0.0
 11
176.64379199999914
 21
-120.92304999999858
 31
0.0
  0
LINE
  5
FD0
330
17
100
AcDbEntity
  8
0
100
AcDbLine
 10
176.64379199999914
 20
-120.92304999999858
 30
0.0
 11
176.67655799999915
 21
-120.75185399999859
 31
0.0
  0
LINE
  5
FD1
330
17
100
AcDbEntity
  8
0
100
AcDbLine
 10
176.67655799999915
 20
-120.75185399999859
 30
0.0
 11
176.70957799999914
 21
-120.58040399999858
 31
0.0
  0
LINE
  5
FD2
330
17
100
AcDbEntity
  8
0
100
AcDbLine
 10
176.70957799999914
 20
-120.58040399999858
 30
0.0
 11
176.74310599999913
 21
-120.40869999999859
 31
0.0
  0
LINE
  5
FD3
330
17
100
AcDbEntity
  8
0
100
AcDbLine
 10
176.74310599999913
 20
-120.40869999999859
 30
0.0
 11
176.77714199999912
 21
-120.23674199999859
 31
0.0
  0
LINE
  5
FD4
330
17
100
AcDbEntity
  8
0
100
AcDbLine
 10
176.77714199999912
 20
-120.23674199999859
 30
0.0
 11
176.81168599999913
 21
-120.06452999999858
 31
0.0
  0
LINE
  5
FD5
330
17
100
AcDbEntity
  8
0
100
AcDbLine
 10
176.81168599999913
 20
-120.06452999999858
 30
0.0
 11
176.8464839999991
 21
-119.8920639999986
 31
0.0
  0
LINE
  5
FD6
330
17
100
AcDbEntity
  8
0
100
AcDbLine
 10
176.8464839999991
 20
-119.8920639999986
 30
0.0
 11
176.8817899999991
 21
-119.71934399999859
 31
0.0
  0
LINE
  5
FD7
330
17
100
AcDbEntity
  8
0
100
AcDbLine
 10
176.8817899999991
 20
-119.71934399999859
 30
0.0
 11
176.9176039999991
 21
-119.54636999999859
 31
0.0
  0
LINE
  5
FD8
330
17
100
AcDbEntity
  8
0
100
AcDbLine
 10
176.9176039999991
 20
-119.54636999999859
 30
0.0
 11
176.95392599999911
 21
-119.3731419999986
 31
0.0
  0
LINE
  5
FD9
330
17
100
AcDbEntity
  8
0
100
AcDbLine
 10
176.95392599999911
 20
-119.3731419999986
 30
0.0
 11
176.9907559999991
 21
-119.19965999999859
 31
0.0
  0
LINE
  5
FDA
330
17
100
AcDbEntity
  8
0
100
AcDbLine
 10
176.9907559999991
 20
-119.19965999999859
 30
0.0
 11
177.0280939999991
 21
-119.0261779999986
 31
0.0
  0
LINE
  5
FDB
330
17
100
AcDbEntity
  8
0
100
AcDbLine
 10
177.0280939999991
 20
-119.0261779999986
 30
0.0
 11
177.06568599999912
 21
-118.85244199999859
 31
0.0
  0
LINE
  5
FDC
330
17
100
AcDbEntity
  8
0
100
AcDbLine
 10
177.06568599999912
 20
-118.85244199999859
 30
0.0
 11
177.1037859999991
 21
-118.67845199999859
 31
0.0
  0
LINE
  5
FDD
330
17
100
AcDbEntity
  8
0
100
AcDbLine
 10
177.1037859999991
 20
-118.67845199999859
 30
0.0
 11
177.14239399999911
 21
-118.50446199999858
 31
0.0
  0
LINE
  5
FDE
330
17
100
AcDbEntity
  8
0
100
AcDbLine
 10
177.14239399999911
 20
-118.50446199999858
 30
0.0
 11
177.18150999999912
 21
-118.3302179999986
 31
0.0
  0
LINE
  5
FDF
330
17
100
AcDbEntity
  8
0
100
AcDbLine
 10
177.18150999999912
 20
-118.3302179999986
 30
0.0
 11
177.2211339999991
 21
-118.1559739999986
 31
0.0
  0
LINE
  5
FE0
330
17
100
AcDbEntity
  8
0
100
AcDbLine
 10
177.2211339999991
 20
-118.1559739999986
 30
0.0
 11
177.26126599999913
 21
-117.9814759999986
 31
0.0
  0
LINE
  5
FE1
330
17
100
AcDbEntity
  8
0
100
AcDbLine
 10
177.26126599999913
 20
-117.9814759999986
 30
0.0
 11
177.3019059999991
 21
-117.8069779999986
 31
0.0
  0
LINE
  5
FE2
330
17
100
AcDbEntity
  8
0
100
AcDbLine
 10
177.3019059999991
 20
-117.8069779999986
 30
0.0
 11
177.3430539999991
 21
-117.6322259999986
 31
0.0
  0
LINE
  5
FE3
330
17
100
AcDbEntity
  8
0
100
AcDbLine
 10
177.3430539999991
 20
-117.6322259999986
 30
0.0
 11
177.3847099999991
 21
-117.4574739999986
 31
0.0
  0
LINE
  5
FE4
330
17
100
AcDbEntity
  8
0
100
AcDbLine
 10
177.3847099999991
 20
-117.4574739999986
 30
0.0
 11
177.42687399999912
 21
-117.2827219999986
 31
0.0
  0
LINE
  5
FE5
330
17
100
AcDbEntity
  8
0
100
AcDbLine
 10
177.42687399999912
 20
-117.2827219999986
 30
0.0
 11
177.46954599999913
 21
-117.1079699999986
 31
0.0
  0
LINE
  5
FE6
330
17
100
AcDbEntity
  8
0
100
AcDbLine
 10
177.46954599999913
 20
-117.1079699999986
 30
0.0
 11
177.5127259999991
 21
-116.9332179999986
 31
0.0
  0
LINE
  5
FE7
330
17
100
AcDbEntity
  8
0
100
AcDbLine
 10
177.5127259999991
 20
-116.9332179999986
 30
0.0
 11
177.5564139999991
 21
-116.7584659999986
 31
0.0
  0
LINE
  5
FE8
330
17
100
AcDbEntity
  8
0
100
AcDbLine
 10
177.5564139999991
 20
-116.7584659999986
 30
0.0
 11
177.6006099999991
 21
-116.58345999999861
 31
0.0
  0
LINE
  5
FE9
330
17
100
AcDbEntity
  8
0
100
AcDbLine
 10
177.6006099999991
 20
-116.58345999999861
 30
0.0
 11
177.64531399999913
 21
-116.4084539999986
 31
0.0
  0
LINE
  5
FEA
330
17
100
AcDbEntity
  8
0
100
AcDbLine
 10
177.64531399999913
 20
-116.4084539999986
 30
0.0
 11
177.6907799999991
 21
-116.23344799999859
 31
0.0
  0
LINE
  5
FEB
330
17
100
AcDbEntity
  8
0
100
AcDbLine
 10
177.6907799999991
 20
-116.23344799999859
 30
0.0
 11
177.73675399999914
 21
-116.05869599999859
 31
0.0
  0
LINE
  5
FEC
330
17
100
AcDbEntity
  8
0
100
AcDbLine
 10
177.73675399999914
 20
-116.05869599999859
 30
0.0
 11
177.78323599999914
 21
-115.88394399999859
 31
0.0
  0
LINE
  5
FED
330
17
100
AcDbEntity
  8
0
100
AcDbLine
 10
177.78323599999914
 20
-115.88394399999859
 30
0.0
 11
177.8302259999991
 21
-115.7091919999986
 31
0.0
  0
LINE
  5
FEE
330
17
100
AcDbEntity
  8
0
100
AcDbLine
 10
177.8302259999991
 20
-115.7091919999986
 30
0.0
 11
177.87772399999912
 21
-115.53443999999861
 31
0.0
  0
LINE
  5
FEF
330
17
100
AcDbEntity
  8
0
100
AcDbLine
 10
199.87183799999912
 20
-122.0109319999986
 30
0.0
 11
199.7844619999991
 21
-121.57227399999861
 31
0.0
  0
LINE
  5
FF0
330
17
100
AcDbEntity
  8
0
100
AcDbLine
 10
199.7844619999991
 20
-121.57227399999861
 30
0.0
 11
199.6843859999991
 21
-121.13767999999861
 31
0.0
  0
LINE
  5
FF1
330
17
100
AcDbEntity
  8
0
100
AcDbLine
 10
199.6843859999991
 20
-121.13767999999861
 30
0.0
 11
199.5718639999991
 21
-120.7068959999986
 31
0.0
  0
LINE
  5
FF2
330
17
100
AcDbEntity
  8
0
100
AcDbLine
 10
199.5718639999991
 20
-120.7068959999986
 30
0.0
 11
199.4476579999991
 21
-120.2799219999986
 31
0.0
  0
LINE
  5
FF3
330
17
100
AcDbEntity
  8
0
100
AcDbLine
 10
199.4476579999991
 20
-120.2799219999986
 30
0.0
 11
199.3120219999991
 21
-119.85650399999861
 31
0.0
  0
LINE
  5
FF4
330
17
100
AcDbEntity
  8
0
100
AcDbLine
 10
199.3120219999991
 20
-119.85650399999861
 30
0.0
 11
199.1654639999991
 21
-119.4366419999986
 31
0.0
  0
LINE
  5
FF5
330
17
100
AcDbEntity
  8
0
100
AcDbLine
 10
199.1654639999991
 20
-119.4366419999986
 30
0.0
 11
199.0082379999991
 21
-119.02008199999861
 31
0.0
  0
LINE
  5
FF6
330
17
100
AcDbEntity
  8
0
100
AcDbLine
 10
199.0082379999991
 20
-119.02008199999861
 30
0.0
 11
198.8411059999991
 21
-118.60656999999861
 31
0.0
  0
LINE
  5
FF7
330
17
100
AcDbEntity
  8
0
100
AcDbLine
 10
198.8411059999991
 20
-118.60656999999861
 30
0.0
 11
198.6643219999991
 21
-118.1963599999986
 31
0.0
  0
LINE
  5
FF8
330
17
100
AcDbEntity
  8
0
100
AcDbLine
 10
198.6643219999991
 20
-118.1963599999986
 30
0.0
 11
198.4783939999991
 21
-117.78894399999861
 31
0.0
  0
LINE
  5
FF9
330
17
100
AcDbEntity
  8
0
100
AcDbLine
 10
198.4783939999991
 20
-117.78894399999861
 30
0.0
 11
198.2838299999991
 21
-117.3843219999986
 31
0.0
  0
LINE
  5
FFA
330
17
100
AcDbEntity
  8
0
100
AcDbLine
 10
198.2838299999991
 20
-117.3843219999986
 30
0.0
 11
198.08088399999912
 21
-116.98249399999861
 31
0.0
  0
LINE
  5
FFB
330
17
100
AcDbEntity
  8
0
100
AcDbLine
 10
198.08088399999912
 20
-116.98249399999861
 30
0.0
 11
197.87031799999912
 21
-116.58320599999861
 31
0.0
  0
LINE
  5
FFC
330
17
100
AcDbEntity
  8
0
100
AcDbLine
 10
197.87031799999912
 20
-116.58320599999861
 30
0.0
 11
197.65238599999913
 21
-116.18620399999861
 31
0.0
  0
LINE
  5
FFD
330
17
100
AcDbEntity
  8
0
100
AcDbLine
 10
197.65238599999913
 20
-116.18620399999861
 30
0.0
 11
197.42759599999914
 21
-115.79148799999862
 31
0.0
  0
LINE
  5
FFE
330
17
100
AcDbEntity
  8
0
100
AcDbLine
 10
197.42759599999914
 20
-115.79148799999862
 30
0.0
 11
197.19620199999915
 21
-115.39880399999862
 31
0.0
  0
LINE
  5
FFF
330
17
100
AcDbEntity
  8
0
100
AcDbLine
 10
197.19620199999915
 20
-115.39880399999862
 30
0.0
 11
196.95896599999915
 21
-115.00815199999862
 31
0.0
  0
LINE
  5
1000
330
17
100
AcDbEntity
  8
0
100
AcDbLine
 10
196.95896599999915
 20
-115.00815199999862
 30
0.0
 11
196.71614199999917
 21
-114.61927799999862
 31
0.0
  0
LINE
  5
1001
330
17
100
AcDbEntity
  8
0
100
AcDbLine
 10
196.71614199999917
 20
-114.61927799999862
 30
0.0
 11
196.46823799999916
 21
-114.23218199999862
 31
0.0
  0
LINE
  5
1002
330
17
100
AcDbEntity
  8
0
100
AcDbLine
 10
196.46823799999916
 20
-114.23218199999862
 30
0.0
 11
196.21576199999916
 21
-113.84660999999862
 31
0.0
  0
LINE
  5
1003
330
17
100
AcDbEntity
  8
0
100
AcDbLine
 10
196.21576199999916
 20
-113.84660999999862
 30
0.0
 11
195.95922199999916
 21
-113.46256199999863
 31
0.0
  0
LINE
  5
1004
330
17
100
AcDbEntity
  8
0
100
AcDbLine
 10
195.95922199999916
 20
-113.46256199999863
 30
0.0
 11
195.69887199999914
 21
-113.07978399999863
 31
0.0
  0
LINE
  5
1005
330
17
100
AcDbEntity
  8
0
100
AcDbLine
 10
195.69887199999914
 20
-113.07978399999863
 30
0.0
 11
195.43547399999915
 21
-112.69802199999863
 31
0.0
  0
LINE
  5
1006
330
17
100
AcDbEntity
  8
0
100
AcDbLine
 10
195.43547399999915
 20
-112.69802199999863
 30
0.0
 11
195.16928199999916
 21
-112.31727599999861
 31
0.0
  0
LINE
  5
1007
330
17
100
AcDbEntity
  8
0
100
AcDbLine
 10
195.16928199999916
 20
-112.31727599999861
 30
0.0
 11
194.90080399999914
 21
-111.93754599999862
 31
0.0
  0
LINE
  5
1008
330
17
100
AcDbEntity
  8
0
100
AcDbLine
 10
194.90080399999914
 20
-111.93754599999862
 30
0.0
 11
194.63029399999914
 21
-111.55857799999862
 31
0.0
  0
LINE
  5
1009
330
17
100
AcDbEntity
  8
0
100
AcDbLine
 10
194.63029399999914
 20
-111.55857799999862
 30
0.0
 11
194.3585139999991
 21
-111.18011799999861
 31
0.0
  0
LINE
  5
100A
330
17
100
AcDbEntity
  8
0
100
AcDbLine
 10
194.3585139999991
 20
-111.18011799999861
 30
0.0
 11
194.08571799999913
 21
-110.8021659999986
 31
0.0
  0
LINE
  5
100B
330
17
100
AcDbEntity
  8
0
100
AcDbLine
 10
194.08571799999913
 20
-110.8021659999986
 30
0.0
 11
193.8124139999991
 21
-110.42446799999861
 31
0.0
  0
LINE
  5
100C
330
17
100
AcDbEntity
  8
0
100
AcDbLine
 10
193.8124139999991
 20
-110.42446799999861
 30
0.0
 11
193.53885599999913
 21
-110.04702399999861
 31
0.0
  0
LINE
  5
100D
330
17
100
AcDbEntity
  8
0
100
AcDbLine
 10
193.53885599999913
 20
-110.04702399999861
 30
0.0
 11
193.26580599999912
 21
-109.66957999999862
 31
0.0
  0
LINE
  5
100E
330
17
100
AcDbEntity
  8
0
100
AcDbLine
 10
193.26580599999912
 20
-109.66957999999862
 30
0.0
 11
192.9935179999991
 21
-109.2921359999986
 31
0.0
  0
LINE
  5
100F
330
17
100
AcDbEntity
  8
0
100
AcDbLine
 10
192.9935179999991
 20
-109.2921359999986
 30
0.0
 11
192.72249999999912
 21
-108.91443799999861
 31
0.0
  0
LINE
  5
1010
330
17
100
AcDbEntity
  8
0
100
AcDbLine
 10
192.72249999999912
 20
-108.91443799999861
 30
0.0
 11
192.45325999999912
 21
-108.53623199999862
 31
0.0
  0
LINE
  5
1011
330
17
100
AcDbEntity
  8
0
100
AcDbLine
 10
192.45325999999912
 20
-108.53623199999862
 30
0.0
 11
192.18630599999912
 21
-108.15777199999862
 31
0.0
  0
LINE
  5
1012
330
17
100
AcDbEntity
  8
0
100
AcDbLine
 10
192.18630599999912
 20
-108.15777199999862
 30
0.0
 11
191.9218919999991
 21
-107.77854999999862
 31
0.0
  0
LINE
  5
1013
330
17
100
AcDbEntity
  8
0
100
AcDbLine
 10
191.9218919999991
 20
-107.77854999999862
 30
0.0
 11
191.66077999999908
 21
-107.39856599999862
 31
0.0
  0
LINE
  5
1014
330
17
100
AcDbEntity
  8
0
100
AcDbLine
 10
191.66077999999908
 20
-107.39856599999862
 30
0.0
 11
191.40322399999908
 21
-107.01756599999862
 31
0.0
  0
LINE
  5
1015
330
17
100
AcDbEntity
  8
0
100
AcDbLine
 10
191.40322399999908
 20
-107.01756599999862
 30
0.0
 11
191.1497319999991
 21
-106.63554999999862
 31
0.0
  0
LINE
  5
1016
330
17
100
AcDbEntity
  8
0
100
AcDbLine
 10
191.1497319999991
 20
-106.63554999999862
 30
0.0
 11
190.90055799999908
 21
-106.25251799999862
 31
0.0
  0
LINE
  5
1017
330
17
100
AcDbEntity
  8
0
100
AcDbLine
 10
190.90055799999908
 20
-106.25251799999862
 30
0.0
 11
190.65646399999906
 21
-105.86821599999863
 31
0.0
  0
LINE
  5
1018
330
17
100
AcDbEntity
  8
0
100
AcDbLine
 10
190.65646399999906
 20
-105.86821599999863
 30
0.0
 11
190.41770399999905
 21
-105.48238999999862
 31
0.0
  0
LINE
  5
1019
330
17
100
AcDbEntity
  8
0
100
AcDbLine
 10
190.41770399999905
 20
-105.48238999999862
 30
0.0
 11
190.18478599999906
 21
-105.09503999999863
 31
0.0
  0
LINE
  5
101A
330
17
100
AcDbEntity
  8
0
100
AcDbLine
 10
190.18478599999906
 20
-105.09503999999863
 30
0.0
 11
189.95821799999905
 21
-104.70591199999863
 31
0.0
  0
LINE
  5
101B
330
17
100
AcDbEntity
  8
0
100
AcDbLine
 10
189.95821799999905
 20
-104.70591199999863
 30
0.0
 11
189.73825399999905
 21
-104.31475199999862
 31
0.0
  0
LINE
  5
101C
330
17
100
AcDbEntity
  8
0
100
AcDbLine
 10
189.73825399999905
 20
-104.31475199999862
 30
0.0
 11
189.52565599999906
 21
-103.92181399999862
 31
0.0
  0
LINE
  5
101D
330
17
100
AcDbEntity
  8
0
100
AcDbLine
 10
189.52565599999906
 20
-103.92181399999862
 30
0.0
 11
189.32067799999905
 21
-103.52658999999862
 31
0.0
  0
LINE
  5
101E
330
17
100
AcDbEntity
  8
0
100
AcDbLine
 10
189.32067799999905
 20
-103.52658999999862
 30
0.0
 11
189.12382799999904
 21
-103.12907999999862
 31
0.0
  0
LINE
  5
101F
330
17
100
AcDbEntity
  8
0
100
AcDbLine
 10
189.12382799999904
 20
-103.12907999999862
 30
0.0
 11
188.93535999999906
 21
-102.72928399999863
 31
0.0
  0
LINE
  5
1020
330
17
100
AcDbEntity
  8
0
100
AcDbLine
 10
188.93535999999906
 20
-102.72928399999863
 30
0.0
 11
188.75603599999906
 21
-102.32694799999862
 31
0.0
  0
LINE
  5
1021
330
17
100
AcDbEntity
  8
0
100
AcDbLine
 10
188.75603599999906
 20
-102.32694799999862
 30
0.0
 11
188.58610999999905
 21
-101.92181799999861
 31
0.0
  0
LINE
  5
1022
330
17
100
AcDbEntity
  8
0
100
AcDbLine
 10
188.58610999999905
 20
-101.92181799999861
 30
0.0
 11
188.42608999999905
 21
-101.51389399999861
 31
0.0
  0
LINE
  5
1023
330
17
100
AcDbEntity
  8
0
100
AcDbLine
 10
188.42608999999905
 20
-101.51389399999861
 30
0.0
 11
188.27648399999904
 21
-101.10292199999861
 31
0.0
  0
LINE
  5
1024
330
17
100
AcDbEntity
  8
0
100
AcDbLine
 10
188.27648399999904
 20
-101.10292199999861
 30
0.0
 11
188.13779999999903
 21
-100.68890199999862
 31
0.0
  0
LINE
  5
1025
330
17
100
AcDbEntity
  8
0
100
AcDbLine
 10
188.13779999999903
 20
-100.68890199999862
 30
0.0
 11
188.01029199999905
 21
-100.27157999999862
 31
0.0
  0
LINE
  5
1026
330
17
100
AcDbEntity
  8
0
100
AcDbLine
 10
188.01029199999905
 20
-100.27157999999862
 30
0.0
 11
187.89446799999905
 21
-99.85095599999862
 31
0.0
  0
LINE
  5
1027
330
17
100
AcDbEntity
  8
0
100
AcDbLine
 10
187.89446799999905
 20
-99.85095599999862
 30
0.0
 11
187.79083599999905
 21
-99.42677599999863
 31
0.0
  0
LINE
  5
1028
330
17
100
AcDbEntity
  8
0
100
AcDbLine
 10
187.79083599999905
 20
-99.42677599999863
 30
0.0
 11
187.69990399999904
 21
-98.99903999999862
 31
0.0
  0
LINE
  5
1029
330
17
100
AcDbEntity
  8
0
100
AcDbLine
 10
187.69990399999904
 20
-98.99903999999862
 30
0.0
 11
187.62217999999905
 21
-98.5674939999986
 31
0.0
  0
LINE
  5
102A
330
17
100
AcDbEntity
  8
0
100
AcDbLine
 10
187.62217999999905
 20
-98.5674939999986
 30
0.0
 11
187.55791799999903
 21
-98.1321379999986
 31
0.0
  0
LINE
  5
102B
330
17
100
AcDbEntity
  8
0
100
AcDbLine
 10
187.55791799999903
 20
-98.1321379999986
 30
0.0
 11
187.50762599999902
 21
-97.6927179999986
 31
0.0
  0
LINE
  5
102C
330
17
100
AcDbEntity
  8
0
100
AcDbLine
 10
187.50762599999902
 20
-97.6927179999986
 30
0.0
 11
187.47181199999903
 21
-97.2489799999986
 31
0.0
  0
LINE
  5
102D
330
17
100
AcDbEntity
  8
0
100
AcDbLine
 10
187.47181199999903
 20
-97.2489799999986
 30
0.0
 11
187.45098399999904
 21
-96.8009239999986
 31
0.0
  0
LINE
  5
102E
330
17
100
AcDbEntity
  8
0
100
AcDbLine
 10
187.45098399999904
 20
-96.8009239999986
 30
0.0
 11
187.44564999999906
 21
-96.3485499999986
 31
0.0
  0
LINE
  5
102F
330
17
100
AcDbEntity
  8
0
100
AcDbLine
 10
187.44564999999906
 20
-96.3485499999986
 30
0.0
 11
187.70574599999907
 21
-96.4229719999986
 31
0.0
  0
LINE
  5
1030
330
17
100
AcDbEntity
  8
0
100
AcDbLine
 10
187.70574599999907
 20
-96.4229719999986
 30
0.0
 11
187.96584199999904
 21
-96.49739399999861
 31
0.0
  0
LINE
  5
1031
330
17
100
AcDbEntity
  8
0
100
AcDbLine
 10
187.96584199999904
 20
-96.49739399999861
 30
0.0
 11
188.22593799999905
 21
-96.5718159999986
 31
0.0
  0
LINE
  5
1032
330
17
100
AcDbEntity
  8
0
100
AcDbLine
 10
188.22593799999905
 20
-96.5718159999986
 30
0.0
 11
188.48603399999905
 21
-96.6462379999986
 31
0.0
  0
LINE
  5
1033
330
17
100
AcDbEntity
  8
0
100
AcDbLine
 10
188.48603399999905
 20
-96.6462379999986
 30
0.0
 11
188.74612999999906
 21
-96.7206599999986
 31
0.0
  0
LINE
  5
1034
330
17
100
AcDbEntity
  8
0
100
AcDbLine
 10
188.74612999999906
 20
-96.7206599999986
 30
0.0
 11
189.00622599999906
 21
-96.7950819999986
 31
0.0
  0
LINE
  5
1035
330
17
100
AcDbEntity
  8
0
100
AcDbLine
 10
189.00622599999906
 20
-96.7950819999986
 30
0.0
 11
189.26632199999906
 21
-96.86950399999861
 31
0.0
  0
LINE
  5
1036
330
17
100
AcDbEntity
  8
0
100
AcDbLine
 10
189.26632199999906
 20
-96.86950399999861
 30
0.0
 11
189.52641799999907
 21
-96.94392599999861
 31
0.0
  0
LINE
  5
1037
330
17
100
AcDbEntity
  8
0
100
AcDbLine
 10
189.52641799999907
 20
-96.94392599999861
 30
0.0
 11
189.78651399999904
 21
-97.01834799999861
 31
0.0
  0
LINE
  5
1038
330
17
100
AcDbEntity
  8
0
100
AcDbLine
 10
189.78651399999904
 20
-97.01834799999861
 30
0.0
 11
190.04660999999905
 21
-97.09276999999861
 31
0.0
  0
LINE
  5
1039
330
17
100
AcDbEntity
  8
0
100
AcDbLine
 10
190.04660999999905
 20
-97.09276999999861
 30
0.0
 11
190.30670599999905
 21
-97.16719199999862
 31
0.0
  0
LINE
  5
103A
330
17
100
AcDbEntity
  8
0
100
AcDbLine
 10
190.30670599999905
 20
-97.16719199999862
 30
0.0
 11
190.56680199999906
 21
-97.24161399999862
 31
0.0
  0
LINE
  5
103B
330
17
100
AcDbEntity
  8
0
100
AcDbLine
 10
190.56680199999906
 20
-97.24161399999862
 30
0.0
 11
190.82689799999906
 21
-97.31603599999862
 31
0.0
  0
LINE
  5
103C
330
17
100
AcDbEntity
  8
0
100
AcDbLine
 10
190.82689799999906
 20
-97.31603599999862
 30
0.0
 11
191.08699399999907
 21
-97.39045799999862
 31
0.0
  0
LINE
  5
103D
330
17
100
AcDbEntity
  8
0
100
AcDbLine
 10
191.08699399999907
 20
-97.39045799999862
 30
0.0
 11
191.34708999999907
 21
-97.46487999999862
 31
0.0
  0
LINE
  5
103E
330
17
100
AcDbEntity
  8
0
100
AcDbLine
 10
191.34708999999907
 20
-97.46487999999862
 30
0.0
 11
191.60718599999905
 21
-97.53930199999863
 31
0.0
  0
LINE
  5
103F
330
17
100
AcDbEntity
  8
0
100
AcDbLine
 10
191.60718599999905
 20
-97.53930199999863
 30
0.0
 11
191.86728199999905
 21
-97.61372399999863
 31
0.0
  0
LINE
  5
1040
330
17
100
AcDbEntity
  8
0
100
AcDbLine
 10
191.86728199999905
 20
-97.61372399999863
 30
0.0
 11
192.12737799999906
 21
-97.68814599999862
 31
0.0
  0
LINE
  5
1041
330
17
100
AcDbEntity
  8
0
100
AcDbLine
 10
192.12737799999906
 20
-97.68814599999862
 30
0.0
 11
192.38747399999906
 21
-97.76256799999862
 31
0.0
  0
LINE
  5
1042
330
17
100
AcDbEntity
  8
0
100
AcDbLine
 10
192.38747399999906
 20
-97.76256799999862
 30
0.0
 11
192.64756999999906
 21
-97.83698999999864
 31
0.0
  0
LINE
  5
1043
330
17
100
AcDbEntity
  8
0
100
AcDbLine
 10
192.64756999999906
 20
-97.83698999999864
 30
0.0
 11
192.90766599999907
 21
-97.91141199999863
 31
0.0
  0
LINE
  5
1044
330
17
100
AcDbEntity
  8
0
100
AcDbLine
 10
192.90766599999907
 20
-97.91141199999863
 30
0.0
 11
193.16776199999907
 21
-97.98583399999863
 31
0.0
  0
LINE
  5
1045
330
17
100
AcDbEntity
  8
0
100
AcDbLine
 10
193.16776199999907
 20
-97.98583399999863
 30
0.0
 11
193.42785799999905
 21
-98.06025599999863
 31
0.0
  0
LINE
  5
1046
330
17
100
AcDbEntity
  8
0
100
AcDbLine
 10
193.42785799999905
 20
-98.06025599999863
 30
0.0
 11
193.68795399999905
 21
-98.13467799999864
 31
0.0
  0
LINE
  5
1047
330
17
100
AcDbEntity
  8
0
100
AcDbLine
 10
193.68795399999905
 20
-98.13467799999864
 30
0.0
 11
193.94804999999906
 21
-98.20909999999864
 31
0.0
  0
LINE
  5
1048
330
17
100
AcDbEntity
  8
0
100
AcDbLine
 10
193.94804999999906
 20
-98.20909999999864
 30
0.0
 11
194.20814599999906
 21
-98.28352199999864
 31
0.0
  0
LINE
  5
1049
330
17
100
AcDbEntity
  8
0
100
AcDbLine
 10
194.20814599999906
 20
-98.28352199999864
 30
0.0
 11
194.46824199999907
 21
-98.35794399999864
 31
0.0
  0
LINE
  5
104A
330
17
100
AcDbEntity
  8
0
100
AcDbLine
 10
194.46824199999907
 20
-98.35794399999864
 30
0.0
 11
194.72833799999907
 21
-98.43236599999864
 31
0.0
  0
LINE
  5
104B
330
17
100
AcDbEntity
  8
0
100
AcDbLine
 10
194.72833799999907
 20
-98.43236599999864
 30
0.0
 11
194.98843399999907
 21
-98.50678799999865
 31
0.0
  0
LINE
  5
104C
330
17
100
AcDbEntity
  8
0
100
AcDbLine
 10
194.98843399999907
 20
-98.50678799999865
 30
0.0
 11
195.24852999999905
 21
-98.58120999999865
 31
0.0
  0
LINE
  5
104D
330
17
100
AcDbEntity
  8
0
100
AcDbLine
 10
195.24852999999905
 20
-98.58120999999865
 30
0.0
 11
195.50862599999905
 21
-98.65563199999865
 31
0.0
  0
LINE
  5
104E
330
17
100
AcDbEntity
  8
0
100
AcDbLine
 10
195.50862599999905
 20
-98.65563199999865
 30
0.0
 11
195.76872199999906
 21
-98.73005399999865
 31
0.0
  0
LINE
  5
104F
330
17
100
AcDbEntity
  8
0
100
AcDbLine
 10
195.76872199999906
 20
-98.73005399999865
 30
0.0
 11
196.02881799999906
 21
-98.80447599999866
 31
0.0
  0
LINE
  5
1050
330
17
100
AcDbEntity
  8
0
100
AcDbLine
 10
196.02881799999906
 20
-98.80447599999866
 30
0.0
 11
196.28891399999907
 21
-98.87889799999866
 31
0.0
  0
LINE
  5
1051
330
17
100
AcDbEntity
  8
0
100
AcDbLine
 10
196.28891399999907
 20
-98.87889799999866
 30
0.0
 11
196.54900999999907
 21
-98.95331999999866
 31
0.0
  0
LINE
  5
1052
330
17
100
AcDbEntity
  8
0
100
AcDbLine
 10
196.54900999999907
 20
-98.95331999999866
 30
0.0
 11
196.80910599999908
 21
-99.02774199999865
 31
0.0
  0
LINE
  5
1053
330
17
100
AcDbEntity
  8
0
100
AcDbLine
 10
196.80910599999908
 20
-99.02774199999865
 30
0.0
 11
197.06920199999905
 21
-99.10216399999865
 31
0.0
  0
LINE
  5
1054
330
17
100
AcDbEntity
  8
0
100
AcDbLine
 10
197.06920199999905
 20
-99.10216399999865
 30
0.0
 11
197.32929799999906
 21
-99.17658599999866
 31
0.0
  0
LINE
  5
1055
330
17
100
AcDbEntity
  8
0
100
AcDbLine
 10
197.32929799999906
 20
-99.17658599999866
 30
0.0
 11
197.58939399999906
 21
-99.25100799999866
 31
0.0
  0
LINE
  5
1056
330
17
100
AcDbEntity
  8
0
100
AcDbLine
 10
197.58939399999906
 20
-99.25100799999866
 30
0.0
 11
197.84948999999907
 21
-99.32542999999866
 31
0.0
  0
LINE
  5
1057
330
17
100
AcDbEntity
  8
0
100
AcDbLine
 10
197.84948999999907
 20
-99.32542999999866
 30
0.0
 11
198.10958599999907
 21
-99.39985199999866
 31
0.0
  0
LINE
  5
1058
330
17
100
AcDbEntity
  8
0
100
AcDbLine
 10
198.10958599999907
 20
-99.39985199999866
 30
0.0
 11
198.36968199999907
 21
-99.47427399999867
 31
0.0
  0
LINE
  5
1059
330
17
100
AcDbEntity
  8
0
100
AcDbLine
 10
198.36968199999907
 20
-99.47427399999867
 30
0.0
 11
198.62977799999908
 21
-99.54869599999867
 31
0.0
  0
LINE
  5
105A
330
17
100
AcDbEntity
  8
0
100
AcDbLine
 10
198.62977799999908
 20
-99.54869599999867
 30
0.0
 11
198.88987399999905
 21
-99.62311799999867
 31
0.0
  0
LINE
  5
105B
330
17
100
AcDbEntity
  8
0
100
AcDbLine
 10
198.88987399999905
 20
-99.62311799999867
 30
0.0
 11
199.14996999999906
 21
-99.69753999999867
 31
0.0
  0
LINE
  5
105C
330
17
100
AcDbEntity
  8
0
100
AcDbLine
 10
199.14996999999906
 20
-99.69753999999867
 30
0.0
 11
199.41006599999906
 21
-99.77196199999867
 31
0.0
  0
LINE
  5
105D
330
17
100
AcDbEntity
  8
0
100
AcDbLine
 10
199.41006599999906
 20
-99.77196199999867
 30
0.0
 11
199.67016199999907
 21
-99.84638399999868
 31
0.0
  0
LINE
  5
105E
330
17
100
AcDbEntity
  8
0
100
AcDbLine
 10
199.67016199999907
 20
-99.84638399999868
 30
0.0
 11
199.93025799999907
 21
-99.92080599999868
 31
0.0
  0
LINE
  5
105F
330
17
100
AcDbEntity
  8
0
100
AcDbLine
 10
199.93025799999907
 20
-99.92080599999868
 30
0.0
 11
200.19035399999908
 21
-99.99522799999868
 31
0.0
  0
LINE
  5
1060
330
17
100
AcDbEntity
  8
0
100
AcDbLine
 10
200.19035399999908
 20
-99.99522799999868
 30
0.0
 11
200.45044999999908
 21
-100.06964999999867
 31
0.0
  0
LINE
  5
1061
330
17
100
AcDbEntity
  8
0
100
AcDbLine
 10
200.45044999999908
 20
-100.06964999999867
 30
0.0
 11
200.71054599999906
 21
-100.14407199999869
 31
0.0
  0
LINE
  5
1062
330
17
100
AcDbEntity
  8
0
100
AcDbLine
 10
200.71054599999906
 20
-100.14407199999869
 30
0.0
 11
200.97064199999906
 21
-100.21849399999869
 31
0.0
  0
LINE
  5
1063
330
17
100
AcDbEntity
  8
0
100
AcDbLine
 10
200.97064199999906
 20
-100.21849399999869
 30
0.0
 11
201.23073799999906
 21
-100.29291599999868
 31
0.0
  0
LINE
  5
1064
330
17
100
AcDbEntity
  8
0
100
AcDbLine
 10
201.23073799999906
 20
-100.29291599999868
 30
0.0
 11
201.49083399999907
 21
-100.36733799999868
 31
0.0
  0
LINE
  5
1065
330
17
100
AcDbEntity
  8
0
100
AcDbLine
 10
201.49083399999907
 20
-100.36733799999868
 30
0.0
 11
201.75092999999907
 21
-100.44175999999868
 31
0.0
  0
LINE
  5
1066
330
17
100
AcDbEntity
  8
0
100
AcDbLine
 10
201.75092999999907
 20
-100.44175999999868
 30
0.0
 11
202.01102599999908
 21
-100.5161819999987
 31
0.0
  0
LINE
  5
1067
330
17
100
AcDbEntity
  8
0
100
AcDbLine
 10
202.01102599999908
 20
-100.5161819999987
 30
0.0
 11
202.27112199999908
 21
-100.59060399999869
 31
0.0
  0
LINE
  5
1068
330
17
100
AcDbEntity
  8
0
100
AcDbLine
 10
202.27112199999908
 20
-100.59060399999869
 30
0.0
 11
202.53121799999906
 21
-100.66502599999869
 31
0.0
  0
LINE
  5
1069
330
17
100
AcDbEntity
  8
0
100
AcDbLine
 10
202.53121799999906
 20
-100.66502599999869
 30
0.0
 11
202.79131399999906
 21
-100.73944799999869
 31
0.0
  0
LINE
  5
106A
330
17
100
AcDbEntity
  8
0
100
AcDbLine
 10
202.79131399999906
 20
-100.73944799999869
 30
0.0
 11
203.05140999999907
 21
-100.8138699999987
 31
0.0
  0
LINE
  5
106B
330
17
100
AcDbEntity
  8
0
100
AcDbLine
 10
203.05140999999907
 20
-100.8138699999987
 30
0.0
 11
203.31150599999907
 21
-100.8882919999987
 31
0.0
  0
LINE
  5
106C
330
17
100
AcDbEntity
  8
0
100
AcDbLine
 10
203.31150599999907
 20
-100.8882919999987
 30
0.0
 11
203.57160199999907
 21
-100.9627139999987
 31
0.0
  0
LINE
  5
106D
330
17
100
AcDbEntity
  8
0
100
AcDbLine
 10
203.57160199999907
 20
-100.9627139999987
 30
0.0
 11
203.83169799999908
 21
-101.0371359999987
 31
0.0
  0
LINE
  5
106E
330
17
100
AcDbEntity
  8
0
100
AcDbLine
 10
203.83169799999908
 20
-101.0371359999987
 30
0.0
 11
204.09179399999908
 21
-101.1115579999987
 31
0.0
  0
LINE
  5
106F
330
17
100
AcDbEntity
  8
0
100
AcDbLine
 10
204.09179399999908
 20
-101.1115579999987
 30
0.0
 11
204.08620599999907
 21
-101.1867419999987
 31
0.0
  0
LINE
  5
1070
330
17
100
AcDbEntity
  8
0
100
AcDbLine
 10
204.08620599999907
 20
-101.1867419999987
 30
0.0
 11
204.08137999999906
 21
-101.2616719999987
 31
0.0
  0
LINE
  5
1071
330
17
100
AcDbEntity
  8
0
100
AcDbLine
 10
204.08137999999906
 20
-101.2616719999987
 30
0.0
 11
204.07731599999906
 21
-101.3363479999987
 31
0.0
  0
LINE
  5
1072
330
17
100
AcDbEntity
  8
0
100
AcDbLine
 10
204.07731599999906
 20
-101.3363479999987
 30
0.0
 11
204.07401399999907
 21
-101.4107699999987
 31
0.0
  0
LINE
  5
1073
330
17
100
AcDbEntity
  8
0
100
AcDbLine
 10
204.07401399999907
 20
-101.4107699999987
 30
0.0
 11
204.07147399999906
 21
-101.48493799999869
 31
0.0
  0
LINE
  5
1074
330
17
100
AcDbEntity
  8
0
100
AcDbLine
 10
204.07147399999906
 20
-101.48493799999869
 30
0.0
 11
204.06969599999908
 21
-101.5588519999987
 31
0.0
  0
LINE
  5
1075
330
17
100
AcDbEntity
  8
0
100
AcDbLine
 10
204.06969599999908
 20
-101.5588519999987
 30
0.0
 11
204.06867999999906
 21
-101.6325119999987
 31
0.0
  0
LINE
  5
1076
330
17
100
AcDbEntity
  8
0
100
AcDbLine
 10
204.06867999999906
 20
-101.6325119999987
 30
0.0
 11
204.06842599999908
 21
-101.70591799999869
 31
0.0
  0
LINE
  5
1077
330
17
100
AcDbEntity
  8
0
100
AcDbLine
 10
204.06842599999908
 20
-101.70591799999869
 30
0.0
 11
204.06893399999908
 21
-101.7790699999987
 31
0.0
  0
LINE
  5
1078
330
17
100
AcDbEntity
  8
0
100
AcDbLine
 10
204.06893399999908
 20
-101.7790699999987
 30
0.0
 11
204.07020399999905
 21
-101.85196799999869
 31
0.0
  0
LINE
  5
1079
330
17
100
AcDbEntity
  8
0
100
AcDbLine
 10
204.07020399999905
 20
-101.85196799999869
 30
0.0
 11
204.07223599999907
 21
-101.92461199999869
 31
0.0
  0
LINE
  5
107A
330
17
100
AcDbEntity
  8
0
100
AcDbLine
 10
204.07223599999907
 20
-101.92461199999869
 30
0.0
 11
204.07502999999906
 21
-101.9970019999987
 31
0.0
  0
LINE
  5
107B
330
17
100
AcDbEntity
  8
0
100
AcDbLine
 10
204.07502999999906
 20
-101.9970019999987
 30
0.0
 11
204.07858599999906
 21
-102.0693919999987
 31
0.0
  0
LINE
  5
107C
330
17
100
AcDbEntity
  8
0
100
AcDbLine
 10
204.07858599999906
 20
-102.0693919999987
 30
0.0
 11
204.08290399999908
 21
-102.1415279999987
 31
0.0
  0
LINE
  5
107D
330
17
100
AcDbEntity
  8
0
100
AcDbLine
 10
204.08290399999908
 20
-102.1415279999987
 30
0.0
 11
204.08798399999907
 21
-102.2134099999987
 31
0.0
  0
LINE
  5
107E
330
17
100
AcDbEntity
  8
0
100
AcDbLine
 10
204.08798399999907
 20
-102.2134099999987
 30
0.0
 11
204.09382599999907
 21
-102.2850379999987
 31
0.0
  0
LINE
  5
107F
330
17
100
AcDbEntity
  8
0
100
AcDbLine
 10
204.09382599999907
 20
-102.2850379999987
 30
0.0
 11
204.10042999999908
 21
-102.3564119999987
 31
0.0
  0
LINE
  5
1080
330
17
100
AcDbEntity
  8
0
100
AcDbLine
 10
204.10042999999908
 20
-102.3564119999987
 30
0.0
 11
204.10779599999907
 21
-102.42753199999869
 31
0.0
  0
LINE
  5
1081
330
17
100
AcDbEntity
  8
0
100
AcDbLine
 10
204.10779599999907
 20
-102.42753199999869
 30
0.0
 11
204.11592399999907
 21
-102.4983979999987
 31
0.0
  0
LINE
  5
1082
330
17
100
AcDbEntity
  8
0
100
AcDbLine
 10
204.11592399999907
 20
-102.4983979999987
 30
0.0
 11
204.12481399999908
 21
-102.5690099999987
 31
0.0
  0
LINE
  5
1083
330
17
100
AcDbEntity
  8
0
100
AcDbLine
 10
204.12481399999908
 20
-102.5690099999987
 30
0.0
 11
204.13446599999907
 21
-102.6393679999987
 31
0.0
  0
LINE
  5
1084
330
17
100
AcDbEntity
  8
0
100
AcDbLine
 10
204.13446599999907
 20
-102.6393679999987
 30
0.0
 11
204.1448799999991
 21
-102.7094719999987
 31
0.0
  0
LINE
  5
1085
330
17
100
AcDbEntity
  8
0
100
AcDbLine
 10
204.1448799999991
 20
-102.7094719999987
 30
0.0
 11
204.15605599999907
 21
-102.7793219999987
 31
0.0
  0
LINE
  5
1086
330
17
100
AcDbEntity
  8
0
100
AcDbLine
 10
204.15605599999907
 20
-102.7793219999987
 30
0.0
 11
204.16799399999908
 21
-102.84891799999869
 31
0.0
  0
LINE
  5
1087
330
17
100
AcDbEntity
  8
0
100
AcDbLine
 10
204.16799399999908
 20
-102.84891799999869
 30
0.0
 11
204.18069399999908
 21
-102.9182599999987
 31
0.0
  0
LINE
  5
1088
330
17
100
AcDbEntity
  8
0
100
AcDbLine
 10
204.18069399999908
 20
-102.9182599999987
 30
0.0
 11
204.19415599999908
 21
-102.9873479999987
 31
0.0
  0
LINE
  5
1089
330
17
100
AcDbEntity
  8
0
100
AcDbLine
 10
204.19415599999908
 20
-102.9873479999987
 30
0.0
 11
204.2083799999991
 21
-103.0564359999987
 31
0.0
  0
LINE
  5
108A
330
17
100
AcDbEntity
  8
0
100
AcDbLine
 10
204.2083799999991
 20
-103.0564359999987
 30
0.0
 11
204.2233659999991
 21
-103.12526999999871
 31
0.0
  0
LINE
  5
108B
330
17
100
AcDbEntity
  8
0
100
AcDbLine
 10
204.2233659999991
 20
-103.12526999999871
 30
0.0
 11
204.2391139999991
 21
-103.19384999999869
 31
0.0
  0
LINE
  5
108C
330
17
100
AcDbEntity
  8
0
100
AcDbLine
 10
204.2391139999991
 20
-103.19384999999869
 30
0.0
 11
204.2556239999991
 21
-103.2621759999987
 31
0.0
  0
LINE
  5
108D
330
17
100
AcDbEntity
  8
0
100
AcDbLine
 10
204.2556239999991
 20
-103.2621759999987
 30
0.0
 11
204.2728959999991
 21
-103.33024799999869
 31
0.0
  0
LINE
  5
108E
330
17
100
AcDbEntity
  8
0
100
AcDbLine
 10
204.2728959999991
 20
-103.33024799999869
 30
0.0
 11
204.2909299999991
 21
-103.39806599999869
 31
0.0
  0
LINE
  5
108F
330
17
100
AcDbEntity
  8
0
100
AcDbLine
 10
204.2909299999991
 20
-103.39806599999869
 30
0.0
 11
204.30972599999907
 21
-103.4656299999987
 31
0.0
  0
LINE
  5
1090
330
17
100
AcDbEntity
  8
0
100
AcDbLine
 10
204.30972599999907
 20
-103.4656299999987
 30
0.0
 11
204.3292839999991
 21
-103.53293999999869
 31
0.0
  0
LINE
  5
1091
330
17
100
AcDbEntity
  8
0
100
AcDbLine
 10
204.3292839999991
 20
-103.53293999999869
 30
0.0
 11
204.3496039999991
 21
-103.5999959999987
 31
0.0
  0
LINE
  5
1092
330
17
100
AcDbEntity
  8
0
100
AcDbLine
 10
204.3496039999991
 20
-103.5999959999987
 30
0.0
 11
204.3706859999991
 21
-103.66679799999869
 31
0.0
  0
LINE
  5
1093
330
17
100
AcDbEntity
  8
0
100
AcDbLine
 10
204.3706859999991
 20
-103.66679799999869
 30
0.0
 11
204.39252999999908
 21
-103.73334599999869
 31
0.0
  0
LINE
  5
1094
330
17
100
AcDbEntity
  8
0
100
AcDbLine
 10
204.39252999999908
 20
-103.73334599999869
 30
0.0
 11
204.4151359999991
 21
-103.79989399999869
 31
0.0
  0
LINE
  5
1095
330
17
100
AcDbEntity
  8
0
100
AcDbLine
 10
204.4151359999991
 20
-103.79989399999869
 30
0.0
 11
204.4385039999991
 21
-103.8661879999987
 31
0.0
  0
LINE
  5
1096
330
17
100
AcDbEntity
  8
0
100
AcDbLine
 10
204.4385039999991
 20
-103.8661879999987
 30
0.0
 11
204.4626339999991
 21
-103.93222799999869
 31
0.0
  0
LINE
  5
1097
330
17
100
AcDbEntity
  8
0
100
AcDbLine
 10
204.4626339999991
 20
-103.93222799999869
 30
0.0
 11
204.4875259999991
 21
-103.99801399999869
 31
0.0
  0
LINE
  5
1098
330
17
100
AcDbEntity
  8
0
100
AcDbLine
 10
204.4875259999991
 20
-103.99801399999869
 30
0.0
 11
204.5131799999991
 21
-104.0635459999987
 31
0.0
  0
LINE
  5
1099
330
17
100
AcDbEntity
  8
0
100
AcDbLine
 10
204.5131799999991
 20
-104.0635459999987
 30
0.0
 11
204.5395959999991
 21
-104.12882399999869
 31
0.0
  0
LINE
  5
109A
330
17
100
AcDbEntity
  8
0
100
AcDbLine
 10
204.5395959999991
 20
-104.12882399999869
 30
0.0
 11
204.5667739999991
 21
-104.19384799999868
 31
0.0
  0
LINE
  5
109B
330
17
100
AcDbEntity
  8
0
100
AcDbLine
 10
204.5667739999991
 20
-104.19384799999868
 30
0.0
 11
204.5947139999991
 21
-104.25861799999868
 31
0.0
  0
LINE
  5
109C
330
17
100
AcDbEntity
  8
0
100
AcDbLine
 10
204.5947139999991
 20
-104.25861799999868
 30
0.0
 11
204.6234159999991
 21
-104.32338799999869
 31
0.0
  0
LINE
  5
109D
330
17
100
AcDbEntity
  8
0
100
AcDbLine
 10
204.6234159999991
 20
-104.32338799999869
 30
0.0
 11
204.6528799999991
 21
-104.38790399999868
 31
0.0
  0
LINE
  5
109E
330
17
100
AcDbEntity
  8
0
100
AcDbLine
 10
204.6528799999991
 20
-104.38790399999868
 30
0.0
 11
204.68310599999913
 21
-104.45216599999868
 31
0.0
  0
LINE
  5
109F
330
17
100
AcDbEntity
  8
0
100
AcDbLine
 10
204.68310599999913
 20
-104.45216599999868
 30
0.0
 11
204.7140939999991
 21
-104.51617399999868
 31
0.0
  0
LINE
  5
10A0
330
17
100
AcDbEntity
  8
0
100
AcDbLine
 10
204.7140939999991
 20
-104.51617399999868
 30
0.0
 11
204.74584399999912
 21
-104.57992799999867
 31
0.0
  0
LINE
  5
10A1
330
17
100
AcDbEntity
  8
0
100
AcDbLine
 10
204.74584399999912
 20
-104.57992799999867
 30
0.0
 11
204.77835599999912
 21
-104.64342799999868
 31
0.0
  0
LINE
  5
10A2
330
17
100
AcDbEntity
  8
0
100
AcDbLine
 10
204.77835599999912
 20
-104.64342799999868
 30
0.0
 11
204.81162999999913
 21
-104.70667399999869
 31
0.0
  0
LINE
  5
10A3
330
17
100
AcDbEntity
  8
0
100
AcDbLine
 10
204.81162999999913
 20
-104.70667399999869
 30
0.0
 11
204.8456659999991
 21
-104.76966599999868
 31
0.0
  0
LINE
  5
10A4
330
17
100
AcDbEntity
  8
0
100
AcDbLine
 10
204.8456659999991
 20
-104.76966599999868
 30
0.0
 11
204.8804639999991
 21
-104.83265799999869
 31
0.0
  0
LINE
  5
10A5
330
17
100
AcDbEntity
  8
0
100
AcDbLine
 10
204.8804639999991
 20
-104.83265799999869
 30
0.0
 11
204.9160239999991
 21
-104.89539599999868
 31
0.0
  0
LINE
  5
10A6
330
17
100
AcDbEntity
  8
0
100
AcDbLine
 10
204.9160239999991
 20
-104.89539599999868
 30
0.0
 11
204.9523459999991
 21
-104.95787999999868
 31
0.0
  0
LINE
  5
10A7
330
17
100
AcDbEntity
  8
0
100
AcDbLine
 10
204.9523459999991
 20
-104.95787999999868
 30
0.0
 11
204.9894299999991
 21
-105.02010999999868
 31
0.0
  0
LINE
  5
10A8
330
17
100
AcDbEntity
  8
0
100
AcDbLine
 10
204.9894299999991
 20
-105.02010999999868
 30
0.0
 11
205.0272759999991
 21
-105.08208599999868
 31
0.0
  0
LINE
  5
10A9
330
17
100
AcDbEntity
  8
0
100
AcDbLine
 10
205.0272759999991
 20
-105.08208599999868
 30
0.0
 11
205.0658839999991
 21
-105.14380799999869
 31
0.0
  0
LINE
  5
10AA
330
17
100
AcDbEntity
  8
0
100
AcDbLine
 10
205.0658839999991
 20
-105.14380799999869
 30
0.0
 11
205.1052539999991
 21
-105.20527599999869
 31
0.0
  0
LINE
  5
10AB
330
17
100
AcDbEntity
  8
0
100
AcDbLine
 10
205.1052539999991
 20
-105.20527599999869
 30
0.0
 11
205.1453859999991
 21
-105.2667439999987
 31
0.0
  0
LINE
  5
10AC
330
17
100
AcDbEntity
  8
0
100
AcDbLine
 10
205.1453859999991
 20
-105.2667439999987
 30
0.0
 11
205.1862799999991
 21
-105.32795799999869
 31
0.0
  0
LINE
  5
10AD
330
17
100
AcDbEntity
  8
0
100
AcDbLine
 10
205.1862799999991
 20
-105.32795799999869
 30
0.0
 11
205.2279359999991
 21
-105.3889179999987
 31
0.0
  0
LINE
  5
10AE
330
17
100
AcDbEntity
  8
0
100
AcDbLine
 10
205.2279359999991
 20
-105.3889179999987
 30
0.0
 11
205.2703539999991
 21
-105.44962399999869
 31
0.0
  0
LINE
  5
10AF
330
17
100
AcDbEntity
  8
0
100
AcDbLine
 10
205.2703539999991
 20
-105.44962399999869
 30
0.0
 11
205.1314159999991
 21
-105.70260799999869
 31
0.0
  0
LINE
  5
10B0
330
17
100
AcDbEntity
  8
0
100
AcDbLine
 10
205.1314159999991
 20
-105.70260799999869
 30
0.0
 11
204.9983199999991
 21
-105.95584599999869
 31
0.0
  0
LINE
  5
10B1
330
17
100
AcDbEntity
  8
0
100
AcDbLine
 10
204.9983199999991
 20
-105.95584599999869
 30
0.0
 11
204.8708119999991
 21
-106.20933799999868
 31
0.0
  0
LINE
  5
10B2
330
17
100
AcDbEntity
  8
0
100
AcDbLine
 10
204.8708119999991
 20
-106.20933799999868
 30
0.0
 11
204.7486379999991
 21
-106.46333799999869
 31
0.0
  0
LINE
  5
10B3
330
17
100
AcDbEntity
  8
0
100
AcDbLine
 10
204.7486379999991
 20
-106.46333799999869
 30
0.0
 11
204.6317979999991
 21
-106.71759199999867
 31
0.0
  0
LINE
  5
10B4
330
17
100
AcDbEntity
  8
0
100
AcDbLine
 10
204.6317979999991
 20
-106.71759199999867
 30
0.0
 11
204.51978399999908
 21
-106.97235399999867
 31
0.0
  0
LINE
  5
10B5
330
17
100
AcDbEntity
  8
0
100
AcDbLine
 10
204.51978399999908
 20
-106.97235399999867
 30
0.0
 11
204.41259599999907
 21
-107.22787799999867
 31
0.0
  0
LINE
  5
10B6
330
17
100
AcDbEntity
  8
0
100
AcDbLine
 10
204.41259599999907
 20
-107.22787799999867
 30
0.0
 11
204.31023399999907
 21
-107.48390999999866
 31
0.0
  0
LINE
  5
10B7
330
17
100
AcDbEntity
  8
0
100
AcDbLine
 10
204.31023399999907
 20
-107.48390999999866
 30
0.0
 11
204.21218999999908
 21
-107.74070399999867
 31
0.0
  0
LINE
  5
10B8
330
17
100
AcDbEntity
  8
0
100
AcDbLine
 10
204.21218999999908
 20
-107.74070399999867
 30
0.0
 11
204.11846399999908
 21
-107.99800599999867
 31
0.0
  0
LINE
  5
10B9
330
17
100
AcDbEntity
  8
0
100
AcDbLine
 10
204.11846399999908
 20
-107.99800599999867
 30
0.0
 11
204.02880199999908
 21
-108.25632399999866
 31
0.0
  0
LINE
  5
10BA
330
17
100
AcDbEntity
  8
0
100
AcDbLine
 10
204.02880199999908
 20
-108.25632399999866
 30
0.0
 11
203.9429499999991
 21
-108.51540399999865
 31
0.0
  0
LINE
  5
10BB
330
17
100
AcDbEntity
  8
0
100
AcDbLine
 10
203.9429499999991
 20
-108.51540399999865
 30
0.0
 11
203.8609079999991
 21
-108.77524599999866
 31
0.0
  0
LINE
  5
10BC
330
17
100
AcDbEntity
  8
0
100
AcDbLine
 10
203.8609079999991
 20
-108.77524599999866
 30
0.0
 11
203.78242199999912
 21
-109.03610399999866
 31
0.0
  0
LINE
  5
10BD
330
17
100
AcDbEntity
  8
0
100
AcDbLine
 10
203.78242199999912
 20
-109.03610399999866
 30
0.0
 11
203.7072379999991
 21
-109.29797799999866
 31
0.0
  0
LINE
  5
10BE
330
17
100
AcDbEntity
  8
0
100
AcDbLine
 10
203.7072379999991
 20
-109.29797799999866
 30
0.0
 11
203.6351019999991
 21
-109.56086799999866
 31
0.0
  0
LINE
  5
10BF
330
17
100
AcDbEntity
  8
0
100
AcDbLine
 10
203.6351019999991
 20
-109.56086799999866
 30
0.0
 11
203.5660139999991
 21
-109.82502799999868
 31
0.0
  0
LINE
  5
10C0
330
17
100
AcDbEntity
  8
0
100
AcDbLine
 10
203.5660139999991
 20
-109.82502799999868
 30
0.0
 11
203.4997199999991
 21
-110.09045799999868
 31
0.0
  0
LINE
  5
10C1
330
17
100
AcDbEntity
  8
0
100
AcDbLine
 10
203.4997199999991
 20
-110.09045799999868
 30
0.0
 11
203.4359659999991
 21
-110.35690399999868
 31
0.0
  0
LINE
  5
10C2
330
17
100
AcDbEntity
  8
0
100
AcDbLine
 10
203.4359659999991
 20
-110.35690399999868
 30
0.0
 11
203.3744979999991
 21
-110.62487399999867
 31
0.0
  0
LINE
  5
10C3
330
17
100
AcDbEntity
  8
0
100
AcDbLine
 10
203.3744979999991
 20
-110.62487399999867
 30
0.0
 11
203.31531599999911
 21
-110.89411399999868
 31
0.0
  0
LINE
  5
10C4
330
17
100
AcDbEntity
  8
0
100
AcDbLine
 10
203.31531599999911
 20
-110.89411399999868
 30
0.0
 11
203.2581659999991
 21
-111.16487799999867
 31
0.0
  0
LINE
  5
10C5
330
17
100
AcDbEntity
  8
0
100
AcDbLine
 10
203.2581659999991
 20
-111.16487799999867
 30
0.0
 11
203.20279399999913
 21
-111.43691199999867
 31
0.0
  0
LINE
  5
10C6
330
17
100
AcDbEntity
  8
0
100
AcDbLine
 10
203.20279399999913
 20
-111.43691199999867
 30
0.0
 11
203.14919999999913
 21
-111.71046999999868
 31
0.0
  0
LINE
  5
10C7
330
17
100
AcDbEntity
  8
0
100
AcDbLine
 10
203.14919999999913
 20
-111.71046999999868
 30
0.0
 11
203.09687599999913
 21
-111.98580599999868
 31
0.0
  0
LINE
  5
10C8
330
17
100
AcDbEntity
  8
0
100
AcDbLine
 10
203.09687599999913
 20
-111.98580599999868
 30
0.0
 11
203.0458219999991
 21
-112.26266599999867
 31
0.0
  0
LINE
  5
10C9
330
17
100
AcDbEntity
  8
0
100
AcDbLine
 10
203.0458219999991
 20
-112.26266599999867
 30
0.0
 11
202.99603799999912
 21
-112.54130399999866
 31
0.0
  0
LINE
  5
10CA
330
17
100
AcDbEntity
  8
0
100
AcDbLine
 10
202.99603799999912
 20
-112.54130399999866
 30
0.0
 11
202.9470159999991
 21
-112.82171999999866
 31
0.0
  0
LINE
  5
10CB
330
17
100
AcDbEntity
  8
0
100
AcDbLine
 10
202.9470159999991
 20
-112.82171999999866
 30
0.0
 11
202.8987559999991
 21
-113.10391399999865
 31
0.0
  0
LINE
  5
10CC
330
17
100
AcDbEntity
  8
0
100
AcDbLine
 10
202.8987559999991
 20
-113.10391399999865
 30
0.0
 11
202.8510039999991
 21
-113.38788599999866
 31
0.0
  0
LINE
  5
10CD
330
17
100
AcDbEntity
  8
0
100
AcDbLine
 10
202.8510039999991
 20
-113.38788599999866
 30
0.0
 11
202.8035059999991
 21
-113.67388999999865
 31
0.0
  0
LINE
  5
10CE
330
17
100
AcDbEntity
  8
0
100
AcDbLine
 10
202.8035059999991
 20
-113.67388999999865
 30
0.0
 11
202.75626199999908
 21
-113.96192599999866
 31
0.0
  0
LINE
  5
10CF
330
17
100
AcDbEntity
  8
0
100
AcDbLine
 10
202.75626199999908
 20
-113.96192599999866
 30
0.0
 11
202.70901799999908
 21
-114.25199399999866
 31
0.0
  0
LINE
  5
10D0
330
17
100
AcDbEntity
  8
0
100
AcDbLine
 10
202.70901799999908
 20
-114.25199399999866
 30
0.0
 11
202.6615199999991
 21
-114.54409399999865
 31
0.0
  0
LINE
  5
10D1
330
17
100
AcDbEntity
  8
0
100
AcDbLine
 10
202.6615199999991
 20
-114.54409399999865
 30
0.0
 11
202.6135139999991
 21
-114.83822599999866
 31
0.0
  0
LINE
  5
10D2
330
17
100
AcDbEntity
  8
0
100
AcDbLine
 10
202.6135139999991
 20
-114.83822599999866
 30
0.0
 11
202.5649999999991
 21
-115.13464399999864
 31
0.0
  0
LINE
  5
10D3
330
17
100
AcDbEntity
  8
0
100
AcDbLine
 10
202.5649999999991
 20
-115.13464399999864
 30
0.0
 11
202.51546999999906
 21
-115.43334799999865
 31
0.0
  0
LINE
  5
10D4
330
17
100
AcDbEntity
  8
0
100
AcDbLine
 10
202.51546999999906
 20
-115.43334799999865
 30
0.0
 11
202.46517799999907
 21
-115.73433799999864
 31
0.0
  0
LINE
  5
10D5
330
17
100
AcDbEntity
  8
0
100
AcDbLine
 10
202.46517799999907
 20
-115.73433799999864
 30
0.0
 11
202.41361599999908
 21
-116.03786799999864
 31
0.0
  0
LINE
  5
10D6
330
17
100
AcDbEntity
  8
0
100
AcDbLine
 10
202.41361599999908
 20
-116.03786799999864
 30
0.0
 11
202.3607839999991
 21
-116.34368399999865
 31
0.0
  0
LINE
  5
10D7
330
17
100
AcDbEntity
  8
0
100
AcDbLine
 10
202.3607839999991
 20
-116.34368399999865
 30
0.0
 11
202.30642799999907
 21
-116.65203999999864
 31
0.0
  0
LINE
  5
10D8
330
17
100
AcDbEntity
  8
0
100
AcDbLine
 10
202.30642799999907
 20
-116.65203999999864
 30
0.0
 11
202.25029399999906
 21
-116.96293599999863
 31
0.0
  0
LINE
  5
10D9
330
17
100
AcDbEntity
  8
0
100
AcDbLine
 10
202.25029399999906
 20
-116.96293599999863
 30
0.0
 11
202.19212799999906
 21
-117.27637199999863
 31
0.0
  0
LINE
  5
10DA
330
17
100
AcDbEntity
  8
0
100
AcDbLine
 10
202.19212799999906
 20
-117.27637199999863
 30
0.0
 11
202.13192999999907
 21
-117.59260199999864
 31
0.0
  0
LINE
  5
10DB
330
17
100
AcDbEntity
  8
0
100
AcDbLine
 10
202.13192999999907
 20
-117.59260199999864
 30
0.0
 11
202.06944599999906
 21
-117.91162599999863
 31
0.0
  0
LINE
  5
10DC
330
17
100
AcDbEntity
  8
0
100
AcDbLine
 10
202.06944599999906
 20
-117.91162599999863
 30
0.0
 11
202.00442199999907
 21
-118.23344399999863
 31
0.0
  0
LINE
  5
10DD
330
17
100
AcDbEntity
  8
0
100
AcDbLine
 10
202.00442199999907
 20
-118.23344399999863
 30
0.0
 11
201.9368579999991
 21
-118.55805599999863
 31
0.0
  0
LINE
  5
10DE
330
17
100
AcDbEntity
  8
0
100
AcDbLine
 10
201.9368579999991
 20
-118.55805599999863
 30
0.0
 11
201.86624599999908
 21
-118.88546199999863
 31
0.0
  0
LINE
  5
10DF
330
17
100
AcDbEntity
  8
0
100
AcDbLine
 10
201.86624599999908
 20
-118.88546199999863
 30
0.0
 11
201.7925859999991
 21
-119.21591599999863
 31
0.0
  0
LINE
  5
10E0
330
17
100
AcDbEntity
  8
0
100
AcDbLine
 10
201.7925859999991
 20
-119.21591599999863
 30
0.0
 11
201.7158779999991
 21
-119.54941799999862
 31
0.0
  0
LINE
  5
10E1
330
17
100
AcDbEntity
  8
0
100
AcDbLine
 10
201.7158779999991
 20
-119.54941799999862
 30
0.0
 11
201.6356139999991
 21
-119.88596799999863
 31
0.0
  0
LINE
  5
10E2
330
17
100
AcDbEntity
  8
0
100
AcDbLine
 10
201.6356139999991
 20
-119.88596799999863
 30
0.0
 11
201.55179399999906
 21
-120.22556599999862
 31
0.0
  0
LINE
  5
10E3
330
17
100
AcDbEntity
  8
0
100
AcDbLine
 10
201.55179399999906
 20
-120.22556599999862
 30
0.0
 11
201.46416399999907
 21
-120.56846599999862
 31
0.0
  0
LINE
  5
10E4
330
17
100
AcDbEntity
  8
0
100
AcDbLine
 10
201.46416399999907
 20
-120.56846599999862
 30
0.0
 11
201.37246999999905
 21
-120.91466799999863
 31
0.0
  0
LINE
  5
10E5
330
17
100
AcDbEntity
  8
0
100
AcDbLine
 10
201.37246999999905
 20
-120.91466799999863
 30
0.0
 11
201.27671199999907
 21
-121.26417199999862
 31
0.0
  0
LINE
  5
10E6
330
17
100
AcDbEntity
  8
0
100
AcDbLine
 10
201.27671199999907
 20
-121.26417199999862
 30
0.0
 11
201.17663599999906
 21
-121.61697799999862
 31
0.0
  0
LINE
  5
10E7
330
17
100
AcDbEntity
  8
0
100
AcDbLine
 10
201.17663599999906
 20
-121.61697799999862
 30
0.0
 11
201.07198799999907
 21
-121.97308599999862
 31
0.0
  0
LINE
  5
10E8
330
17
100
AcDbEntity
  8
0
100
AcDbLine
 10
201.07198799999907
 20
-121.97308599999862
 30
0.0
 11
200.96251399999906
 21
-122.33274999999861
 31
0.0
  0
LINE
  5
10E9
330
17
100
AcDbEntity
  8
0
100
AcDbLine
 10
200.96251399999906
 20
-122.33274999999861
 30
0.0
 11
200.84821399999905
 21
-122.69596999999862
 31
0.0
  0
LINE
  5
10EA
330
17
100
AcDbEntity
  8
0
100
AcDbLine
 10
200.84821399999905
 20
-122.69596999999862
 30
0.0
 11
200.72883399999904
 21
-123.06274599999863
 31
0.0
  0
LINE
  5
10EB
330
17
100
AcDbEntity
  8
0
100
AcDbLine
 10
200.72883399999904
 20
-123.06274599999863
 30
0.0
 11
200.60411999999906
 21
-123.43307799999863
 31
0.0
  0
LINE
  5
10EC
330
17
100
AcDbEntity
  8
0
100
AcDbLine
 10
200.60411999999906
 20
-123.43307799999863
 30
0.0
 11
200.47381799999903
 21
-123.80721999999864
 31
0.0
  0
LINE
  5
10ED
330
17
100
AcDbEntity
  8
0
100
AcDbLine
 10
200.47381799999903
 20
-123.80721999999864
 30
0.0
 11
200.33792799999904
 21
-124.18517199999863
 31
0.0
  0
LINE
  5
10EE
330
17
100
AcDbEntity
  8
0
100
AcDbLine
 10
200.33792799999904
 20
-124.18517199999863
 30
0.0
 11
200.19619599999905
 21
-124.56693399999862
 31
0.0
  0
LINE
  5
10EF
330
17
100
AcDbEntity
  8
0
100
AcDbLine
 10
200.19619599999905
 20
-124.56693399999862
 30
0.0
 11
200.19340199999905
 21
-124.52705599999864
 31
0.0
  0
LINE
  5
10F0
330
17
100
AcDbEntity
  8
0
100
AcDbLine
 10
200.19340199999905
 20
-124.52705599999864
 30
0.0
 11
200.19060799999906
 21
-124.48717799999864
 31
0.0
  0
LINE
  5
10F1
330
17
100
AcDbEntity
  8
0
100
AcDbLine
 10
200.19060799999906
 20
-124.48717799999864
 30
0.0
 11
200.18755999999908
 21
-124.44729999999865
 31
0.0
  0
LINE
  5
10F2
330
17
100
AcDbEntity
  8
0
100
AcDbLine
 10
200.18755999999908
 20
-124.44729999999865
 30
0.0
 11
200.1845119999991
 21
-124.40742199999865
 31
0.0
  0
LINE
  5
10F3
330
17
100
AcDbEntity
  8
0
100
AcDbLine
 10
200.1845119999991
 20
-124.40742199999865
 30
0.0
 11
200.1814639999991
 21
-124.36754399999865
 31
0.0
  0
LINE
  5
10F4
330
17
100
AcDbEntity
  8
0
100
AcDbLine
 10
200.1814639999991
 20
-124.36754399999865
 30
0.0
 11
200.17841599999912
 21
-124.32766599999866
 31
0.0
  0
LINE
  5
10F5
330
17
100
AcDbEntity
  8
0
100
AcDbLine
 10
200.17841599999912
 20
-124.32766599999866
 30
0.0
 11
200.1751139999991
 21
-124.28778799999866
 31
0.0
  0
LINE
  5
10F6
330
17
100
AcDbEntity
  8
0
100
AcDbLine
 10
200.1751139999991
 20
-124.28778799999866
 30
0.0
 11
200.1718119999991
 21
-124.24790999999867
 31
0.0
  0
LINE
  5
10F7
330
17
100
AcDbEntity
  8
0
100
AcDbLine
 10
200.1718119999991
 20
-124.24790999999867
 30
0.0
 11
200.1685099999991
 21
-124.20803199999867
 31
0.0
  0
LINE
  5
10F8
330
17
100
AcDbEntity
  8
0
100
AcDbLine
 10
200.1685099999991
 20
-124.20803199999867
 30
0.0
 11
200.1652079999991
 21
-124.16815399999868
 31
0.0
  0
LINE
  5
10F9
330
17
100
AcDbEntity
  8
0
100
AcDbLine
 10
200.1652079999991
 20
-124.16815399999868
 30
0.0
 11
200.1616519999991
 21
-124.12827599999868
 31
0.0
  0
LINE
  5
10FA
330
17
100
AcDbEntity
  8
0
100
AcDbLine
 10
200.1616519999991
 20
-124.12827599999868
 30
0.0
 11
200.1580959999991
 21
-124.08839799999868
 31
0.0
  0
LINE
  5
10FB
330
17
100
AcDbEntity
  8
0
100
AcDbLine
 10
200.1580959999991
 20
-124.08839799999868
 30
0.0
 11
200.1545399999991
 21
-124.04851999999869
 31
0.0
  0
LINE
  5
10FC
330
17
100
AcDbEntity
  8
0
100
AcDbLine
 10
200.1545399999991
 20
-124.04851999999869
 30
0.0
 11
200.15098399999908
 21
-124.00864199999869
 31
0.0
  0
LINE
  5
10FD
330
17
100
AcDbEntity
  8
0
100
AcDbLine
 10
200.15098399999908
 20
-124.00864199999869
 30
0.0
 11
200.14717399999907
 21
-123.9687639999987
 31
0.0
  0
LINE
  5
10FE
330
17
100
AcDbEntity
  8
0
100
AcDbLine
 10
200.14717399999907
 20
-123.9687639999987
 30
0.0
 11
200.14336399999908
 21
-123.9288859999987
 31
0.0
  0
LINE
  5
10FF
330
17
100
AcDbEntity
  8
0
100
AcDbLine
 10
200.14336399999908
 20
-123.9288859999987
 30
0.0
 11
200.1395539999991
 21
-123.88900799999871
 31
0.0
  0
LINE
  5
1100
330
17
100
AcDbEntity
  8
0
100
AcDbLine
 10
200.1395539999991
 20
-123.88900799999871
 30
0.0
 11
200.1354899999991
 21
-123.84912999999871
 31
0.0
  0
LINE
  5
1101
330
17
100
AcDbEntity
  8
0
100
AcDbLine
 10
200.1354899999991
 20
-123.84912999999871
 30
0.0
 11
200.1314259999991
 21
-123.80925199999871
 31
0.0
  0
LINE
  5
1102
330
17
100
AcDbEntity
  8
0
100
AcDbLine
 10
200.1314259999991
 20
-123.80925199999871
 30
0.0
 11
200.12736199999912
 21
-123.76937399999872
 31
0.0
  0
LINE
  5
1103
330
17
100
AcDbEntity
  8
0
100
AcDbLine
 10
200.12736199999912
 20
-123.76937399999872
 30
0.0
 11
200.12329799999912
 21
-123.72949599999872
 31
0.0
  0
LINE
  5
1104
330
17
100
AcDbEntity
  8
0
100
AcDbLine
 10
200.12329799999912
 20
-123.72949599999872
 30
0.0
 11
200.1189799999991
 21
-123.68961799999873
 31
0.0
  0
LINE
  5
1105
330
17
100
AcDbEntity
  8
0
100
AcDbLine
 10
200.1189799999991
 20
-123.68961799999873
 30
0.0
 11
200.1146619999991
 21
-123.64973999999873
 31
0.0
  0
LINE
  5
1106
330
17
100
AcDbEntity
  8
0
100
AcDbLine
 10
200.1146619999991
 20
-123.64973999999873
 30
0.0
 11
200.1103439999991
 21
-123.60986199999874
 31
0.0
  0
LINE
  5
1107
330
17
100
AcDbEntity
  8
0
100
AcDbLine
 10
200.1103439999991
 20
-123.60986199999874
 30
0.0
 11
200.10577199999906
 21
-123.56998399999874
 31
0.0
  0
LINE
  5
1108
330
17
100
AcDbEntity
  8
0
100
AcDbLine
 10
200.10577199999906
 20
-123.56998399999874
 30
0.0
 11
200.10119999999907
 21
-123.53010599999874
 31
0.0
  0
LINE
  5
1109
330
17
100
AcDbEntity
  8
0
100
AcDbLine
 10
200.10119999999907
 20
-123.53010599999874
 30
0.0
 11
200.09662799999907
 21
-123.49022799999875
 31
0.0
  0
LINE
  5
110A
330
17
100
AcDbEntity
  8
0
100
AcDbLine
 10
200.09662799999907
 20
-123.49022799999875
 30
0.0
 11
200.09180199999906
 21
-123.45034999999875
 31
0.0
  0
LINE
  5
110B
330
17
100
AcDbEntity
  8
0
100
AcDbLine
 10
200.09180199999906
 20
-123.45034999999875
 30
0.0
 11
200.08697599999905
 21
-123.41047199999876
 31
0.0
  0
LINE
  5
110C
330
17
100
AcDbEntity
  8
0
100
AcDbLine
 10
200.08697599999905
 20
-123.41047199999876
 30
0.0
 11
200.08214999999905
 21
-123.37059399999876
 31
0.0
  0
LINE
  5
110D
330
17
100
AcDbEntity
  8
0
100
AcDbLine
 10
200.08214999999905
 20
-123.37059399999876
 30
0.0
 11
200.07706999999905
 21
-123.33071599999877
 31
0.0
  0
LINE
  5
110E
330
17
100
AcDbEntity
  8
0
100
AcDbLine
 10
200.07706999999905
 20
-123.33071599999877
 30
0.0
 11
200.07198999999906
 21
-123.29083799999877
 31
0.0
  0
LINE
  5
110F
330
17
100
AcDbEntity
  8
0
100
AcDbLine
 10
200.07198999999906
 20
-123.29083799999877
 30
0.0
 11
200.06690999999907
 21
-123.25095999999877
 31
0.0
  0
LINE
  5
1110
330
17
100
AcDbEntity
  8
0
100
AcDbLine
 10
200.06690999999907
 20
-123.25095999999877
 30
0.0
 11
200.06182999999908
 21
-123.21108199999878
 31
0.0
  0
LINE
  5
1111
330
17
100
AcDbEntity
  8
0
100
AcDbLine
 10
200.06182999999908
 20
-123.21108199999878
 30
0.0
 11
200.05649599999907
 21
-123.17120399999878
 31
0.0
  0
LINE
  5
1112
330
17
100
AcDbEntity
  8
0
100
AcDbLine
 10
200.05649599999907
 20
-123.17120399999878
 30
0.0
 11
200.0511619999991
 21
-123.1313259999988
 31
0.0
  0
LINE
  5
1113
330
17
100
AcDbEntity
  8
0
100
AcDbLine
 10
200.0511619999991
 20
-123.1313259999988
 30
0.0
 11
200.04582799999912
 21
-123.09144799999879
 31
0.0
  0
LINE
  5
1114
330
17
100
AcDbEntity
  8
0
100
AcDbLine
 10
200.04582799999912
 20
-123.09144799999879
 30
0.0
 11
200.0402399999991
 21
-123.0515699999988
 31
0.0
  0
LINE
  5
1115
330
17
100
AcDbEntity
  8
0
100
AcDbLine
 10
200.0402399999991
 20
-123.0515699999988
 30
0.0
 11
200.03465199999908
 21
-123.0116919999988
 31
0.0
  0
LINE
  5
1116
330
17
100
AcDbEntity
  8
0
100
AcDbLine
 10
200.03465199999908
 20
-123.0116919999988
 30
0.0
 11
200.02906399999907
 21
-122.97181399999882
 31
0.0
  0
LINE
  5
1117
330
17
100
AcDbEntity
  8
0
100
AcDbLine
 10
200.02906399999907
 20
-122.97181399999882
 30
0.0
 11
200.02322199999907
 21
-122.93193599999881
 31
0.0
  0
LINE
  5
1118
330
17
100
AcDbEntity
  8
0
100
AcDbLine
 10
200.02322199999907
 20
-122.93193599999881
 30
0.0
 11
200.01737999999906
 21
-122.89205799999881
 31
0.0
  0
LINE
  5
1119
330
17
100
AcDbEntity
  8
0
100
AcDbLine
 10
200.01737999999906
 20
-122.89205799999881
 30
0.0
 11
200.01153799999906
 21
-122.85217999999882
 31
0.0
  0
LINE
  5
111A
330
17
100
AcDbEntity
  8
0
100
AcDbLine
 10
200.01153799999906
 20
-122.85217999999882
 30
0.0
 11
200.00544199999905
 21
-122.81230199999882
 31
0.0
  0
LINE
  5
111B
330
17
100
AcDbEntity
  8
0
100
AcDbLine
 10
200.00544199999905
 20
-122.81230199999882
 30
0.0
 11
199.99934599999904
 21
-122.77242399999884
 31
0.0
  0
LINE
  5
111C
330
17
100
AcDbEntity
  8
0
100
AcDbLine
 10
199.99934599999904
 20
-122.77242399999884
 30
0.0
 11
199.99324999999905
 21
-122.73254599999883
 31
0.0
  0
LINE
  5
111D
330
17
100
AcDbEntity
  8
0
100
AcDbLine
 10
199.99324999999905
 20
-122.73254599999883
 30
0.0
 11
199.98689999999905
 21
-122.69266799999885
 31
0.0
  0
LINE
  5
111E
330
17
100
AcDbEntity
  8
0
100
AcDbLine
 10
199.98689999999905
 20
-122.69266799999885
 30
0.0
 11
199.98054999999906
 21
-122.65278999999884
 31
0.0
  0
LINE
  5
111F
330
17
100
AcDbEntity
  8
0
100
AcDbLine
 10
199.98054999999906
 20
-122.65278999999884
 30
0.0
 11
199.97419999999906
 21
-122.61291199999884
 31
0.0
  0
LINE
  5
1120
330
17
100
AcDbEntity
  8
0
100
AcDbLine
 10
199.97419999999906
 20
-122.61291199999884
 30
0.0
 11
199.96759599999908
 21
-122.57303399999886
 31
0.0
  0
LINE
  5
1121
330
17
100
AcDbEntity
  8
0
100
AcDbLine
 10
199.96759599999908
 20
-122.57303399999886
 30
0.0
 11
199.9609919999991
 21
-122.53315599999885
 31
0.0
  0
LINE
  5
1122
330
17
100
AcDbEntity
  8
0
100
AcDbLine
 10
199.9609919999991
 20
-122.53315599999885
 30
0.0
 11
199.9543879999991
 21
-122.49327799999887
 31
0.0
  0
LINE
  5
1123
330
17
100
AcDbEntity
  8
0
100
AcDbLine
 10
199.9543879999991
 20
-122.49327799999887
 30
0.0
 11
199.9475299999991
 21
-122.45339999999887
 31
0.0
  0
LINE
  5
1124
330
17
100
AcDbEntity
  8
0
100
AcDbLine
 10
199.9475299999991
 20
-122.45339999999887
 30
0.0
 11
199.94067199999907
 21
-122.41352199999888
 31
0.0
  0
LINE
  5
1125
330
17
100
AcDbEntity
  8
0
100
AcDbLine
 10
199.94067199999907
 20
-122.41352199999888
 30
0.0
 11
199.93355999999906
 21
-122.37364399999888
 31
0.0
  0
LINE
  5
1126
330
17
100
AcDbEntity
  8
0
100
AcDbLine
 10
199.93355999999906
 20
-122.37364399999888
 30
0.0
 11
199.92644799999908
 21
-122.33376599999887
 31
0.0
  0
LINE
  5
1127
330
17
100
AcDbEntity
  8
0
100
AcDbLine
 10
199.92644799999908
 20
-122.33376599999887
 30
0.0
 11
199.91933599999908
 21
-122.29388799999889
 31
0.0
  0
LINE
  5
1128
330
17
100
AcDbEntity
  8
0
100
AcDbLine
 10
199.91933599999908
 20
-122.29388799999889
 30
0.0
 11
199.91196999999906
 21
-122.25400999999889
 31
0.0
  0
LINE
  5
1129
330
17
100
AcDbEntity
  8
0
100
AcDbLine
 10
199.91196999999906
 20
-122.25400999999889
 30
0.0
 11
199.90460399999907
 21
-122.2141319999989
 31
0.0
  0
LINE
  5
112A
330
17
100
AcDbEntity
  8
0
100
AcDbLine
 10
199.90460399999907
 20
-122.2141319999989
 30
0.0
 11
199.89723799999908
 21
-122.1742539999989
 31
0.0
  0
LINE
  5
112B
330
17
100
AcDbEntity
  8
0
100
AcDbLine
 10
199.89723799999908
 20
-122.1742539999989
 30
0.0
 11
199.88961799999907
 21
-122.13437599999891
 31
0.0
  0
LINE
  5
112C
330
17
100
AcDbEntity
  8
0
100
AcDbLine
 10
199.88961799999907
 20
-122.13437599999891
 30
0.0
 11
199.88199799999907
 21
-122.09449799999891
 31
0.0
  0
LINE
  5
112D
330
17
100
AcDbEntity
  8
0
100
AcDbLine
 10
199.88199799999907
 20
-122.09449799999891
 30
0.0
 11
199.8743779999991
 21
-122.0546199999989
 31
0.0
  0
LINE
  5
112E
330
17
100
AcDbEntity
  8
0
100
AcDbLine
 10
199.8743779999991
 20
-122.0546199999989
 30
0.0
 11
199.8665039999991
 21
-122.01474199999892
 31
0.0
  0
ENDSEC
  0
SECTION
  2
OBJECTS
  0
DICTIONARY
  5
A
330
0
100
AcDbDictionary
281
1
  3
ACAD_COLOR
350
B
  3
ACAD_GROUP
350
C
  3
ACAD_LAYOUT
350
D
  3
ACAD_MATERIAL
350
E
  3
ACAD_MLEADERSTYLE
350
F
  3
ACAD_MLINESTYLE
350
10
  3
ACAD_PLOTSETTINGS
350
11
  3
ACAD_PLOTSTYLENAME
350
12
  3
ACAD_SCALELIST
350
14
  3
ACAD_TABLESTYLE
350
15
  3
ACAD_VISUALSTYLE
350
16
  3
EZDXF_META
350
2D
  0
DICTIONARY
  5
B
330
A
100
AcDbDictionary
281
1
  0
DICTIONARY
  5
C
330
A
100
AcDbDictionary
281
1
  0
DICTIONARY
  5
D
330
A
100
AcDbDictionary
281
1
  3
Model
350
1A
  3
Layout1
350
1E
  0
DICTIONARY
  5
E
330
A
100
AcDbDictionary
281
1
  3
ByBlock
350
1F
  3
ByLayer
350
20
  3
Global
350
21
  0
DICTIONARY
  5
F
330
A
100
AcDbDictionary
281
1
  3
Standard
350
2C
  0
DICTIONARY
  5
10
330
A
100
AcDbDictionary
281
1
  3
Standard
350
22
  0
DICTIONARY
  5
11
330
A
100
AcDbDictionary
281
1
  0
ACDBDICTIONARYWDFLT
  5
12
330
A
100
AcDbDictionary
281
1
  3
Normal
350
13
100
AcDbDictionaryWithDefault
340
13
  0
ACDBPLACEHOLDER
  5
13
330
12
  0
DICTIONARY
  5
14
330
A
100
AcDbDictionary
281
1
  0
DICTIONARY
  5
15
330
A
100
AcDbDictionary
281
1
  0
DICTIONARY
  5
16
330
A
100
AcDbDictionary
281
1
  0
LAYOUT
  5
1A
330
D
100
AcDbPlotSettings
  1

  4
A3
  6

 40
7.5
 41
20.0
 42
7.5
 43
20.0
 44
420.0
 45
297.0
 46
0.0
 47
0.0
 48
0.0
 49
0.0
140
0.0
141
0.0
142
1.0
143
1.0
 70
1024
 72
1
 73
0
 74
5
  7

 75
16
 76
0
 77
2
 78
300
147
1.0
148
0.0
149
0.0
100
AcDbLayout
  1
Model
 70
1
 71
0
 10
0.0
 20
0.0
 11
420.0
 21
297.0
 12
0.0
 22
0.0
 32
0.0
 14
1e+20
 24
1e+20
 34
1e+20
 15
-1e+20
 25
-1e+20
 35
-1e+20
146
0.0
 13
0.0
 23
0.0
 33
0.0
 16
1.0
 26
0.0
 36
0.0
 17
0.0
 27
1.0
 37
0.0
 76
1
330
17
  0
LAYOUT
  5
1E
330
D
100
AcDbPlotSettings
  1

  4
A3
  6

 40
7.5
 41
20.0
 42
7.5
 43
20.0
 44
420.0
 45
297.0
 46
0.0
 47
0.0
 48
0.0
 49
0.0
140
0.0
141
0.0
142
1.0
143
1.0
 70
0
 72
1
 73
0
 74
5
  7

 75
16
 76
0
 77
2
 78
300
147
1.0
148
0.0
149
0.0
100
AcDbLayout
  1
Layout1
 70
1
 71
1
 10
0.0
 20
0.0
 11
420.0
 21
297.0
 12
0.0
 22
0.0
 32
0.0
 14
1e+20
 24
1e+20
 34
1e+20
 15
-1e+20
 25
-1e+20
 35
-1e+20
146
0.0
 13
0.0
 23
0.0
 33
0.0
 16
1.0
 26
0.0
 36
0.0
 17
0.0
 27
1.0
 37
0.0
 76
1
330
1B
  0
MATERIAL
  5
1F
102
{ACAD_REACTORS
330
E
102
}
330
E
100
AcDbMaterial
  1
ByBlock
  2

 70
0
 40
1.0
 71
1
 41
1.0
 91
-1023410177
 42
1.0
 72
1
  3

 73
1
 74
1
 75
1
 44
0.5
 73
0
 45
1.0
 46
1.0
 77
1
  4

 78
1
 79
1
170
1
 48
1.0
171
1
  6

172
1
173
1
174
1
140
1.0
141
1.0
175
1
  7

176
1
177
1
178
1
143
1.0
179
1
  8

270
1
271
1
272
1
145
1.0
146
1.0
273
1
  9

274
1
275
1
276
1
 42
1.0
 72
1
  3

 73
1
 74
1
 75
1
 94
63
  0
MATERIAL
  5
20
102
{ACAD_REACTORS
330
E
102
}
330
E
100
AcDbMaterial
  1
ByLayer
  2

 70
0
 40
1.0
 71
1
 41
1.0
 91
-1023410177
 42
1.0
 72
1
  3

 73
1
 74
1
 75
1
 44
0.5
 73
0
 45
1.0
 46
1.0
 77
1
  4

 78
1
 79
1
170
1
 48
1.0
171
1
  6

172
1
173
1
174
1
140
1.0
141
1.0
175
1
  7

176
1
177
1
178
1
143
1.0
179
1
  8

270
1
271
1
272
1
145
1.0
146
1.0
273
1
  9

274
1
275
1
276
1
 42
1.0
 72
1
  3

 73
1
 74
1
 75
1
 94
63
  0
MATERIAL
  5
21
102
{ACAD_REACTORS
330
E
102
}
330
E
100
AcDbMaterial
  1
Global
  2

 70
0
 40
1.0
 71
1
 41
1.0
 91
-1023410177
 42
1.0
 72
1
  3

 73
1
 74
1
 75
1
 44
0.5
 73
0
 45
1.0
 46
1.0
 77
1
  4

 78
1
 79
1
170
1
 48
1.0
171
1
  6

172
1
173
1
174
1
140
1.0
141
1.0
175
1
  7

176
1
177
1
178
1
143
1.0
179
1
  8

270
1
271
1
272
1
145
1.0
146
1.0
273
1
  9

274
1
275
1
276
1
 42
1.0
 72
1
  3

 73
1
 74
1
 75
1
 94
63
  0
MLINESTYLE
  5
22
102
{ACAD_REACTORS
330
10
102
}
330
10
100
AcDbMlineStyle
  2
Standard
 70
0
  3

 62
256
 51
90.0
 52
90.0
 71
2
 49
0.5
 62
256
  6
BYLAYER
 49
-0.5
 62
256
  6
BYLAYER
  0
MLEADERSTYLE
  5
2C
102
{ACAD_REACTORS
330
F
102
}
330
F
100
AcDbMLeaderStyle
179
2
170
2
171
1
172
0
 90
2
 40
0.0
 41
0.0
173
1
 91
-1056964608
 92
-2
290
1
 42
2.0
291
1
 43
8.0
  3
Standard
 44
4.0
300

342
29
174
1
175
1
176
0
178
1
 93
-1056964608
 45
4.0
292
0
297
0
 46
4.0
 94
-1056964608
 47
1.0
 49
1.0
140
1.0
294
1
141
0.0
177
0
142
1.0
295
0
296
0
143
3.75
271
0
272
9
273
9
  0
DICTIONARY
  5
2D
330
A
100
AcDbDictionary
280
1
281
1
  3
CREATED_BY_EZDXF
350
2E
  3
WRITTEN_BY_EZDXF
350
1131
  0
DICTIONARYVAR
  5
2E
330
2D
100
DictionaryVariables
280
0
  1
1.4.3 @ 2026-04-08T00:18:20.900902+00:00
  0
DICTIONARYVAR
  5
1131
330
2D
100
DictionaryVariables
280
0
  1
1.4.3 @ 2026-04-08T00:18:20.937684+00:00
  0
ENDSEC
  0
EOF
