000,149,255,254,255,255,255,255,255,255,255,255,255,255,255,255,255,255,255,255,255,255,255,255,255,255,255,255,255,089,091,255,255,255,255,255,255,255,255,255,255,255,255,255,255,255,255,255,255,255,255,255,255,255,255,255,254,255,202,091,202,255,254,255,255,255,255,255,255,255,255,255,255,255,255,255,255,255,255,255,255,255,255,255,255,255,255,255,034,091,255,255,255,255,255,255,255,255,255,255,255,255,255,255,255,255,255,255,255,255,255,255,255,255,255,254,255,149,091,242,255,254,255,255,255,255,255,255,255,255,255,255,255,255,255,255,255,255,255,255,255,255,255,255,254,255,242,091,094,255,255,255,255,255,255,255,255,255,255,255,255,255,255,255,255,255,255,255,255,255,255,255,255,255,255,255,091,000,242,255,254,255,255,255,255,255,255,255,255,255,255,255,255,255,255,255,255,255,255,255,255,255,255,254,255,204,091,153,255,254,255,255,255,255,255,255,255,255,255,255,255,255,255,255,255,255,255,255,255,255,255,255,255,255,255,039,091,255,255,255,255,255,255,255,255,255,255,255,255,255,255,255,255,255,255,255,255,255,255,255,255,255,254,255,153,091,204,255,254,255,255,255,255,255,255,255,255,255,255,255,255,255,255,255,255,255,255,255,255,255,255,254,255,242,091,094,255,255,255,255,255,255,255,255,255,255,255,255,255,255,255,255,255,255,255,255,255,255,255,255,255,254,255,149,091,242,255,254,255,255,255,255,255,255,255,255,255,255,255,255,255,255,255,255,255,255,255,255,255,255,254,255,242,091,149,255,254,255,255,255,255,255,255,255,255,255,255,255,255,255,255,255,255,255,255,255,255,255,255,255,255,255,091,034,255,255,255,255,255,255,255,255,255,255,255,255,255,255,255,255,255,255,255,255,255,255,255,255,255,254,255,202,000,091,255,254,255,255,255,255,255,255,255,255,255,255,255,255,255,255,255,255,255,255,255,255,255,255,255,255,255,091,089,255,255,255,255,255,255,255,255,255,255,255,255,255,255,255,255,255,255,255,255,255,255,255,255,255,254,255,149,000,247
000,157,255,255,255,255,255,255,255,255,255,255,255,255,255,255,255,255,255,255,255,255,255,255,255,255,255,255,255,094,091,255,255,255,255,255,255,255,255,255,255,255,255,255,255,255,255,255,255,255,255,255,255,255,255,255,255,255,211,091,211,255,255,255,255,255,255,255,255,255,255,255,255,255,255,255,255,255,255,255,255,255,255,255,255,255,255,255,037,091,255,255,255,255,255,255,255,255,255,255,255,255,255,255,255,255,255,255,255,255,255,255,255,255,255,255,255,156,091,252,255,255,255,255,255,255,255,255,255,255,255,255,255,255,255,255,255,255,255,255,255,255,255,255,255,255,252,091,099,255,255,255,255,255,255,255,255,255,255,255,255,255,255,255,255,255,255,255,255,255,255,255,255,255,255,255,091,000,252,255,255,255,255,255,255,255,255,255,255,255,255,255,255,255,255,255,255,255,255,255,255,255,255,255,255,213,091,159,255,255,255,255,255,255,255,255,255,255,255,255,255,255,255,255,255,255,255,255,255,255,255,255,255,255,255,042,091,255,255,255,255,255,255,255,255,255,255,255,255,255,255,255,255,255,255,255,255,255,255,255,255,255,255,255,159,091,212,255,255,255,255,255,255,255,255,255,255,255,255,255,255,255,255,255,255,255,255,255,255,255,255,255,255,252,091,099,255,255,255,255,255,255,255,255,255,255,255,255,255,255,255,255,255,255,255,255,255,255,255,255,255,255,255,155,091,251,255,255,255,255,255,255,255,255,255,255,255,255,255,255,255,255,255,255,255,255,255,255,255,255,255,255,251,091,155,255,255,255,255,255,255,255,255,255,255,255,255,255,255,255,255,255,255,255,255,255,255,255,255,255,255,255,091,036,255,255,255,255,255,255,255,255,255,255,255,255,255,255,255,255,255,255,255,255,255,255,255,255,255,255,255,210,000,091,255,255,255,255,255,255,255,255,255,255,255,255,255,255,255,255,255,255,255,255,255,255,255,255,255,255,255,091,093,255,255,255,255,255,255,255,255,255,255,255,255,255,255,255,255,255,255,255,255,255,255,255,255,255,255,255,156,000,227
000,120,091,091,091,091,091,091,091,091,091,091,091,091,091,091,091,091,091,091,091,091,091,091,091,091,091,091,091,091,091,091,091,091,091,091,091,091,091,091,091,091,091,091,091,091,091,091,091,091,091,091,091,091,091,091,091,091,091,091,091,091,091,091,091,091,091,091,091,091,091,091,091,091,091,091,091,091,091,091,091,091,091,091,091,091,091,091,091,091,091,091,091,091,091,091,091,091,091,091,091,091,091,091,091,091,091,091,091,091,091,091,091,091,091,091,091,091,091,091,091,091,091,091,091,091,091,091,091,091,091,091,091,091,091,091,091,091,091,091,091,091,091,091,091,091,091,091,091,091,091,091,091,091,091,091,091,091,091,091,091,091,091,091,091,091,091,091,091,091,091,091,091,091,091,091,091,091,091,091,091,091,091,091,091,091,091,091,091,091,091,091,091,091,091,091,091,091,091,091,091,091,091,091,091,091,091,091,091,091,091,091,091,091,091,091,091,091,091,091,091,091,091,091,091,091,091,091,091,091,091,091,091,091,091,091,091,091,091,091,091,091,091,091,091,091,091,091,091,091,091,091,091,091,091,091,091,091,091,091,091,091,091,091,091,091,091,091,091,091,091,091,091,091,091,091,091,091,091,091,091,091,091,091,091,091,091,091,091,091,091,091,091,091,091,091,091,091,091,091,091,091,091,091,091,091,091,091,091,091,091,091,091,091,091,091,091,091,091,091,091,091,091,091,091,091,091,091,091,091,091,091,091,091,091,091,091,091,091,091,091,091,091,091,091,091,091,091,091,091,091,091,091,091,091,091,091,091,091,091,091,091,091,091,091,091,091,091,091,091,091,091,091,091,091,091,091,091,091,091,091,091,091,091,091,091,091,091,091,091,091,091,091,091,091,091,091,091,091,091,091,091,091,091,091,091,091,091,091,091,091,091,091,091,091,091,091,091,091,091,091,091,091,091,091,091,091,091,091,091,091,091,091,091,091,091,091,091,091,091,091,091,091,091,091,091,091,091,091,091,091,091,091,091,091,091,091,091,091,091,091,091,091,091,091,091,091,091,091,091,091,000,000
120,000,091,000,000,000,000,000,000,000,000,000,000,000,000,000,000,000,000,000,000,000,000,000,000,000,000,000,000,000,091,000,000,000,000,000,000,000,000,000,000,000,000,000,000,000,000,000,000,000,000,000,000,000,000,000,000,000,000,091,000,000,000,000,000,000,000,000,000,000,000,000,000,000,000,000,000,000,000,000,000,000,000,000,000,000,000,000,000,091,000,000,000,000,000,000,000,000,000,000,000,000,000,000,000,000,000,000,000,000,000,000,000,000,000,000,000,000,091,000,000,000,000,000,000,000,000,000,000,000,000,000,000,000,000,000,000,000,000,000,000,000,000,000,000,000,000,091,000,000,000,000,000,000,000,000,000,000,000,000,000,000,000,000,000,000,000,000,000,000,000,000,000,000,000,000,091,001,000,000,000,000,000,000,000,000,000,000,000,000,000,000,000,000,000,000,000,000,000,000,000,000,000,000,000,000,091,002,000,000,000,000,000,000,000,000,000,000,000,000,000,000,000,000,000,000,000,000,000,000,000,000,000,000,000,002,091,001,000,000,000,000,000,000,000,000,000,000,000,000,000,000,000,000,000,000,000,000,000,000,000,000,000,000,003,091,004,000,000,000,000,000,000,000,000,000,000,000,000,000,000,000,000,000,000,000,000,000,000,000,000,000,000,003,091,005,003,000,000,000,000,000,000,000,000,000,000,000,000,000,000,000,000,000,000,000,000,000,000,000,000,000,002,005,091,005,002,001,001,001,001,001,001,001,001,001,001,001,001,001,001,001,001,001,001,001,001,001,001,001,001,002,005,091,007,004,002,002,002,002,002,002,002,002,002,002,002,002,002,002,002,002,002,002,002,002,002,002,002,002,002,005,091,008,007,004,004,004,004,004,004,004,004,004,004,004,004,004,004,004,004,004,004,004,004,004,004,004,004,003,004,008,008,091,006,005,005,005,005,005,005,005,005,005,005,005,005,005,005,005,005,005,005,005,005,005,005,005,005,005,008,091,010,008,006,006,006,006,006,006,006,006,006,006,006,006,006,006,006,006,006,006,006,006,006,006,006,006,006,006,091,124,156
217,000,091,000,000,000,000,000,000,000,000,000,000,000,000,000,000,000,000,000,000,000,000,000,000,000,000,000,000,000,091,000,000,000,000,000,000,000,000,000,000,000,000,000,000,000,000,000,000,000,000,000,000,000,000,000,000,000,000,091,001,000,000,000,000,000,000,000,000,000,000,000,000,000,000,000,000,000,000,000,000,000,000,000,000,000,000,000,002,091,001,001,001,001,001,001,001,001,001,001,001,001,001,001,001,001,001,001,001,001,001,001,001,001,001,001,001,002,091,003,002,002,002,002,002,002,002,002,002,002,002,002,002,002,002,002,002,002,002,002,002,002,002,002,002,002,003,091,004,003,003,003,003,003,003,003,003,003,003,003,003,003,003,003,003,003,003,003,003,003,003,003,003,003,003,003,091,006,005,004,004,004,004,004,004,004,004,004,004,004,004,004,004,004,004,004,004,004,004,004,004,004,004,004,004,005,091,006,005,005,005,005,005,005,005,005,005,005,005,005,005,005,005,005,005,005,005,005,005,005,005,005,005,005,005,007,091,006,006,006,006,006,006,006,006,006,006,006,006,006,006,006,006,006,006,006,006,006,006,006,006,006,006,006,007,091,008,007,007,007,007,007,007,007,007,007,007,007,007,007,007,007,007,007,007,007,007,007,007,007,007,007,007,008,091,009,008,008,008,008,008,008,008,008,008,008,008,008,008,008,008,008,008,008,008,008,008,008,008,008,008,008,008,009,091,010,009,009,009,009,009,009,009,009,009,009,009,009,009,009,009,009,009,009,009,009,009,009,009,009,009,009,010,091,011,010,010,010,010,010,010,010,010,010,010,010,010,010,010,010,010,010,010,010,010,010,010,010,010,010,010,010,091,013,012,011,011,011,011,011,011,011,011,011,011,011,011,011,011,011,011,011,011,011,011,011,011,011,011,011,011,012,013,091,012,012,012,012,012,012,012,012,012,012,012,012,012,012,012,012,012,012,012,012,012,012,012,012,012,012,012,091,014,013,013,013,013,013,013,013,013,013,013,013,013,013,013,013,013,013,013,013,013,013,013,013,013,013,013,012,091,220,255
204,000,091,000,000,000,000,000,000,000,000,000,000,000,000,000,000,000,000,000,000,000,000,000,000,000,000,000,000,000,091,001,001,001,001,001,001,001,001,001,001,001,001,001,001,001,001,001,001,001,001,001,001,001,001,001,001,001,001,091,002,002,002,002,002,002,002,002,002,002,002,002,002,002,002,002,002,002,002,002,002,002,002,002,002,002,002,002,002,091,003,003,003,003,003,003,003,003,003,003,003,003,003,003,003,003,003,003,003,003,003,003,003,003,003,003,003,003,091,004,004,004,004,004,004,004,004,004,004,004,004,004,004,004,004,004,004,004,004,004,004,004,004,004,004,004,004,091,005,005,005,005,005,005,005,005,005,005,005,005,005,005,005,005,005,005,005,005,005,005,005,005,005,005,005,005,091,006,006,006,006,006,006,006,006,006,006,006,006,006,006,006,006,006,006,006,006,006,006,006,006,006,006,006,006,006,091,007,007,007,007,007,007,007,007,007,007,007,007,007,007,007,007,007,007,007,007,007,007,007,007,007,007,007,007,007,091,008,008,008,008,008,008,008,008,008,008,008,008,008,008,008,008,008,008,008,008,008,008,008,008,008,008,008,008,091,009,009,009,009,009,009,009,009,009,009,009,009,009,009,009,009,009,009,009,009,009,009,009,009,009,009,009,009,091,010,010,010,010,010,010,010,010,010,010,010,010,010,010,010,010,010,010,010,010,010,010,010,010,010,010,010,010,010,091,011,011,011,011,011,011,011,011,011,011,011,011,011,011,011,011,011,011,011,011,011,011,011,011,011,011,011,011,091,012,012,012,012,012,012,012,012,012,012,012,012,012,012,012,012,012,012,012,012,012,012,012,012,012,012,012,012,091,013,013,013,013,013,013,013,013,013,013,013,013,013,013,013,013,013,013,013,013,013,013,013,013,013,013,013,013,013,014,091,014,014,014,014,014,014,014,014,014,014,014,014,014,014,014,014,014,014,014,014,014,014,014,014,014,014,014,091,015,015,015,015,015,015,015,015,015,015,015,015,015,015,015,015,015,015,015,015,015,015,015,015,015,015,015,013,091,207,255
204,000,091,000,000,000,000,000,000,000,000,000,000,000,000,000,000,000,000,000,000,000,000,000,000,000,000,000,000,000,091,001,001,001,001,001,001,001,001,001,001,001,001,001,001,001,001,001,001,001,001,001,001,001,001,001,001,001,001,091,002,002,002,002,002,002,002,002,002,002,002,002,002,002,002,002,002,002,002,002,002,002,002,002,002,002,002,002,002,091,003,003,003,003,003,003,003,003,003,003,003,003,003,003,003,003,003,003,003,003,003,003,003,003,003,003,003,003,091,004,004,004,004,004,004,004,004,004,004,004,004,004,004,004,004,004,004,004,004,004,004,004,004,004,004,004,004,091,005,005,005,005,005,005,005,005,005,005,005,005,005,005,005,005,005,005,005,005,005,005,005,005,005,005,005,005,091,006,006,006,006,006,006,006,006,006,006,006,006,006,006,006,006,006,006,006,006,006,006,006,006,006,006,006,006,006,091,007,007,007,007,007,007,007,007,007,007,007,007,007,007,007,007,007,007,007,007,007,007,007,007,007,007,007,007,007,091,008,008,008,008,008,008,008,008,008,008,008,008,008,008,008,008,008,008,008,008,008,008,008,008,008,008,008,008,091,009,009,009,009,009,009,009,009,009,009,009,009,009,009,009,009,009,009,009,009,009,009,009,009,009,009,009,009,091,010,010,010,010,010,010,010,010,010,010,010,010,010,010,010,010,010,010,010,010,010,010,010,010,010,010,010,010,010,091,011,011,011,011,011,011,011,011,011,011,011,011,011,011,011,011,011,011,011,011,011,011,011,011,011,011,011,011,091,012,012,012,012,012,012,012,012,012,012,012,012,012,012,012,012,012,012,012,012,012,012,012,012,012,012,012,012,091,013,013,013,013,013,013,013,013,013,013,013,013,013,013,013,013,013,013,013,013,013,013,013,013,013,013,013,013,013,014,091,014,014,014,014,014,014,014,014,014,014,014,014,014,014,014,014,014,014,014,014,014,014,014,014,014,014,014,091,015,015,015,015,015,015,015,015,015,015,015,015,015,015,015,015,015,015,015,015,015,015,015,015,015,015,015,013,091,207,255
204,000,091,000,000,000,000,000,000,000,000,000,000,000,000,000,000,000,000,000,000,000,000,000,000,000,000,000,000,000,091,001,001,001,001,001,001,001,001,001,001,001,001,001,001,001,001,001,001,001,001,001,001,001,001,001,001,001,001,091,002,002,002,002,002,002,002,002,002,002,002,002,002,002,002,002,002,002,002,002,002,002,002,002,002,002,002,002,002,091,003,003,003,003,003,003,003,003,003,003,003,003,003,003,003,003,003,003,003,003,003,003,003,003,003,003,003,003,091,004,004,004,004,004,004,004,004,004,004,004,004,004,004,004,004,004,004,004,004,004,004,004,004,004,004,004,004,091,005,005,005,005,005,005,005,005,005,005,005,005,005,005,005,005,005,005,005,005,005,005,005,005,005,005,005,005,091,006,006,006,006,006,006,006,006,006,006,006,006,006,006,006,006,006,006,006,006,006,006,006,006,006,006,006,006,006,091,007,007,007,007,007,007,007,007,007,007,007,007,007,007,007,007,007,007,007,007,007,007,007,007,007,007,007,007,007,091,008,008,008,008,008,008,008,008,008,008,008,008,008,008,008,008,008,008,008,008,008,008,008,008,008,008,008,008,091,009,009,009,009,009,009,009,009,009,009,009,009,009,009,009,009,009,009,009,009,009,009,009,009,009,009,009,009,091,010,010,010,010,010,010,010,010,010,010,010,010,010,010,010,010,010,010,010,010,010,010,010,010,010,010,010,010,010,091,011,011,011,011,011,011,011,011,011,011,011,011,011,011,011,011,011,011,011,011,011,011,011,011,011,011,011,011,091,012,012,012,012,012,012,012,012,012,012,012,012,012,012,012,012,012,012,012,012,012,012,012,012,012,012,012,012,091,013,013,013,013,013,013,013,013,013,013,013,013,013,013,013,013,013,013,013,013,013,013,013,013,013,013,013,013,013,014,091,014,014,014,014,014,014,014,014,014,014,014,014,014,014,014,014,014,014,014,014,014,014,014,014,014,014,014,091,015,015,015,015,015,015,015,015,015,015,015,015,015,015,015,015,015,015,015,015,015,015,015,015,015,015,015,013,091,207,255
204,000,091,000,000,000,000,000,000,000,000,000,000,000,000,000,000,000,000,000,000,000,000,000,000,000,000,000,000,000,091,001,001,001,001,001,001,001,001,001,001,001,001,001,001,001,001,001,001,001,001,001,001,001,001,001,001,001,001,091,002,002,002,002,002,002,002,002,002,002,002,002,002,002,002,002,002,002,002,002,002,002,002,002,002,002,002,002,002,091,003,003,003,003,003,003,003,003,003,003,003,003,003,003,003,003,003,003,003,003,003,003,003,003,003,003,003,003,091,004,004,004,004,004,004,004,004,004,004,004,004,004,004,004,004,004,004,004,004,004,004,004,004,004,004,004,004,091,005,005,005,005,005,005,005,005,005,005,005,005,005,005,005,005,005,005,005,005,005,005,005,005,005,005,005,005,091,006,006,006,006,006,006,006,006,006,006,006,006,006,006,006,006,006,006,006,006,006,006,006,006,006,006,006,006,006,091,007,007,007,007,007,007,007,007,007,007,007,007,007,007,007,007,007,007,007,007,007,007,007,007,007,007,007,007,007,091,008,008,008,008,008,008,008,008,008,008,008,008,008,008,008,008,008,008,008,008,008,008,008,008,008,008,008,008,091,009,009,009,009,009,009,009,009,009,009,009,009,009,009,009,009,009,009,009,009,009,009,009,009,009,009,009,009,091,010,010,010,010,010,010,010,010,010,010,010,010,010,010,010,010,010,010,010,010,010,010,010,010,010,010,010,010,010,091,011,011,011,011,011,011,011,011,011,011,011,011,011,011,011,011,011,011,011,011,011,011,011,011,011,011,011,011,091,012,012,012,012,012,012,012,012,012,012,012,012,012,012,012,012,012,012,012,012,012,012,012,012,012,012,012,012,091,013,013,013,013,013,013,013,013,013,013,013,013,013,013,013,013,013,013,013,013,013,013,013,013,013,013,013,013,013,014,091,014,014,014,014,014,014,014,014,014,014,014,014,014,014,014,014,014,014,014,014,014,014,014,014,014,014,014,091,015,015,015,015,015,015,015,015,015,015,015,015,015,015,015,015,015,015,015,015,015,015,015,015,015,015,015,013,091,207,255
204,000,091,000,000,000,000,000,000,000,000,000,000,000,000,000,000,000,000,000,000,000,000,000,000,000,000,000,000,000,091,001,001,001,001,001,001,001,001,001,001,001,001,001,001,001,001,001,001,001,001,001,001,001,001,001,001,001,001,091,002,002,002,002,002,002,002,002,002,002,002,002,002,002,002,002,002,002,002,002,002,002,002,002,002,002,002,002,002,091,003,003,003,003,003,003,003,003,003,003,003,003,003,003,003,003,003,003,003,003,003,003,003,003,003,003,003,003,091,004,004,004,004,004,004,004,004,004,004,004,004,004,004,004,004,004,004,004,004,004,004,004,004,004,004,004,004,091,005,005,005,005,005,005,005,005,005,005,005,005,005,005,005,005,005,005,005,005,005,005,005,005,005,005,005,005,091,006,006,006,006,006,006,006,006,006,006,006,006,006,006,006,006,006,006,006,006,006,006,006,006,006,006,006,006,006,091,007,007,007,007,007,007,007,007,007,007,007,007,007,007,007,007,007,007,007,007,007,007,007,007,007,007,007,007,007,091,008,008,008,008,008,008,008,008,008,008,008,008,008,008,008,008,008,008,008,008,008,008,008,008,008,008,008,008,091,009,009,009,009,009,009,009,009,009,009,009,009,009,009,009,009,009,009,009,009,009,009,009,009,009,009,009,009,091,010,010,010,010,010,010,010,010,010,010,010,010,010,010,010,010,010,010,010,010,010,010,010,010,010,010,010,010,010,091,011,011,011,011,011,011,011,011,011,011,011,011,011,011,011,011,011,011,011,011,011,011,011,011,011,011,011,011,091,012,012,012,012,012,012,012,012,012,012,012,012,012,012,012,012,012,012,012,012,012,012,012,012,012,012,012,012,091,013,013,013,013,013,013,013,013,013,013,013,013,013,013,013,013,013,013,013,013,013,013,013,013,013,013,013,013,013,014,091,014,014,014,014,014,014,014,014,014,014,014,014,014,014,014,014,014,014,014,014,014,014,014,014,014,014,014,091,015,015,015,015,015,015,015,015,015,015,015,015,015,015,015,015,015,015,015,015,015,015,015,015,015,015,015,013,091,207,255
204,000,091,000,000,000,000,000,000,000,000,000,000,000,000,000,000,000,000,000,000,000,000,000,000,000,000,000,000,000,091,001,001,001,001,001,001,001,001,001,001,001,001,001,001,001,001,001,001,001,001,001,001,001,001,001,001,001,001,091,002,002,002,002,002,002,002,002,002,002,002,002,002,002,002,002,002,002,002,002,002,002,002,002,002,002,002,002,002,091,003,003,003,003,003,003,003,003,003,003,003,003,003,003,003,003,003,003,003,003,003,003,003,003,003,003,003,003,091,004,004,004,004,004,004,004,004,004,004,004,004,004,004,004,004,004,004,004,004,004,004,004,004,004,004,004,004,091,005,005,005,005,005,005,005,005,005,005,005,005,005,005,005,005,005,005,005,005,005,005,005,005,005,005,005,005,091,006,006,006,006,006,006,006,006,006,006,006,006,006,006,006,006,006,006,006,006,006,006,006,006,006,006,006,006,006,091,007,007,007,007,007,007,007,007,007,007,007,007,007,007,007,007,007,007,007,007,007,007,007,007,007,007,007,007,007,091,008,008,008,008,008,008,008,008,008,008,008,008,008,008,008,008,008,008,008,008,008,008,008,008,008,008,008,008,091,009,009,009,009,009,009,009,009,009,009,009,009,009,009,009,009,009,009,009,009,009,009,009,009,009,009,009,009,091,010,010,010,010,010,010,010,010,010,010,010,010,010,010,010,010,010,010,010,010,010,010,010,010,010,010,010,010,010,091,011,011,011,011,011,011,011,011,011,011,011,011,011,011,011,011,011,011,011,011,011,011,011,011,011,011,011,011,091,012,012,012,012,012,012,012,012,012,012,012,012,012,012,012,012,012,012,012,012,012,012,012,012,012,012,012,012,091,013,013,013,013,013,013,013,013,013,013,013,013,013,013,013,013,013,013,013,013,013,013,013,013,013,013,013,013,013,014,091,014,014,014,014,014,014,014,014,014,014,014,014,014,014,014,014,014,014,014,014,014,014,014,014,014,014,014,091,015,015,015,015,015,015,015,015,015,015,015,015,015,015,015,015,015,015,015,015,015,015,015,015,015,015,015,013,091,207,255
204,000,091,000,000,000,000,000,000,000,000,000,000,000,000,000,000,000,000,000,000,000,000,000,000,000,000,000,000,000,091,001,001,001,001,001,001,001,001,001,001,001,001,001,001,001,001,001,001,001,001,001,001,001,001,001,001,001,001,091,002,002,002,002,002,002,002,002,002,002,002,002,002,002,002,002,002,002,002,002,002,002,002,002,002,002,002,002,002,091,003,003,003,003,003,003,003,003,003,003,003,003,003,003,003,003,003,003,003,003,003,003,003,003,003,003,003,003,091,004,004,004,004,004,004,004,004,004,004,004,004,004,004,004,004,004,004,004,004,004,004,004,004,004,004,004,004,091,005,005,005,005,005,005,005,005,005,005,005,005,005,005,005,005,005,005,005,005,005,005,005,005,005,005,005,005,091,006,006,006,006,006,006,006,006,006,006,006,006,006,006,006,006,006,006,006,006,006,006,006,006,006,006,006,006,006,091,007,007,007,007,007,007,007,007,007,007,007,007,007,007,007,007,007,007,007,007,007,007,007,007,007,007,007,007,007,091,008,008,008,008,008,008,008,008,008,008,008,008,008,008,008,008,008,008,008,008,008,008,008,008,008,008,008,008,091,009,009,009,009,009,009,009,009,009,009,009,009,009,009,009,009,009,009,009,009,009,009,009,009,009,009,009,009,091,010,010,010,010,010,010,010,010,010,010,010,010,010,010,010,010,010,010,010,010,010,010,010,010,010,010,010,010,010,091,011,011,011,011,011,011,011,011,011,011,011,011,011,011,011,011,011,011,011,011,011,011,011,011,011,011,011,011,091,012,012,012,012,012,012,012,012,012,012,012,012,012,012,012,012,012,012,012,012,012,012,012,012,012,012,012,012,091,013,013,013,013,013,013,013,013,013,013,013,013,013,013,013,013,013,013,013,013,013,013,013,013,013,013,013,013,013,014,091,014,014,014,014,014,014,014,014,014,014,014,014,014,014,014,014,014,014,014,014,014,014,014,014,014,014,014,091,015,015,015,015,015,015,015,015,015,015,015,015,015,015,015,015,015,015,015,015,015,015,015,015,015,015,015,013,091,207,255
204,000,091,000,000,000,000,000,000,000,000,000,000,000,000,000,000,000,000,000,000,000,000,000,000,000,000,000,000,000,091,001,001,001,001,001,001,001,001,001,001,001,001,001,001,001,001,001,001,001,001,001,001,001,001,001,001,001,001,091,002,002,002,002,002,002,002,002,002,002,002,002,002,002,002,002,002,002,002,002,002,002,002,002,002,002,002,002,002,091,003,003,003,003,003,003,003,003,003,003,003,003,003,003,003,003,003,003,003,003,003,003,003,003,003,003,003,003,091,004,004,004,004,004,004,004,004,004,004,004,004,004,004,004,004,004,004,004,004,004,004,004,004,004,004,004,004,091,005,005,005,005,005,005,005,005,005,005,005,005,005,005,005,005,005,005,005,005,005,005,005,005,005,005,005,005,091,006,006,006,006,006,006,006,006,006,006,006,006,006,006,006,006,006,006,006,006,006,006,006,006,006,006,006,006,006,091,007,007,007,007,007,007,007,007,007,007,007,007,007,007,007,007,007,007,007,007,007,007,007,007,007,007,007,007,007,091,008,008,008,008,008,008,008,008,008,008,008,008,008,008,008,008,008,008,008,008,008,008,008,008,008,008,008,008,091,009,009,009,009,009,009,009,009,009,009,009,009,009,009,009,009,009,009,009,009,009,009,009,009,009,009,009,009,091,010,010,010,010,010,010,010,010,010,010,010,010,010,010,010,010,010,010,010,010,010,010,010,010,010,010,010,010,010,091,011,011,011,011,011,011,011,011,011,011,011,011,011,011,011,011,011,011,011,011,011,011,011,011,011,011,011,011,091,012,012,012,012,012,012,012,012,012,012,012,012,012,012,012,012,012,012,012,012,012,012,012,012,012,012,012,012,091,013,013,013,013,013,013,013,013,013,013,013,013,013,013,013,013,013,013,013,013,013,013,013,013,013,013,013,013,013,014,091,014,014,014,014,014,014,014,014,014,014,014,014,014,014,014,014,014,014,014,014,014,014,014,014,014,014,014,091,015,015,015,015,015,015,015,015,015,015,015,015,015,015,015,015,015,015,015,015,015,015,015,015,015,015,015,013,091,207,255
204,000,091,000,000,000,000,000,000,000,000,000,000,000,000,000,000,000,000,000,000,000,000,000,000,000,000,000,000,000,091,001,001,001,001,001,001,001,001,001,001,001,001,001,001,001,001,001,001,001,001,001,001,001,001,001,001,001,001,091,002,002,002,002,002,002,002,002,002,002,002,002,002,002,002,002,002,002,002,002,002,002,002,002,002,002,002,002,002,091,003,003,003,003,003,003,003,003,003,003,003,003,003,003,003,003,003,003,003,003,003,003,003,003,003,003,003,003,091,004,004,004,004,004,004,004,004,004,004,004,004,004,004,004,004,004,004,004,004,004,004,004,004,004,004,004,004,091,005,005,005,005,005,005,005,005,005,005,005,005,005,005,005,005,005,005,005,005,005,005,005,005,005,005,005,005,091,006,006,006,006,006,006,006,006,006,006,006,006,006,006,006,006,006,006,006,006,006,006,006,006,006,006,006,006,006,091,007,007,007,007,007,007,007,007,007,007,007,007,007,007,007,007,007,007,007,007,007,007,007,007,007,007,007,007,007,091,008,008,008,008,008,008,008,008,008,008,008,008,008,008,008,008,008,008,008,008,008,008,008,008,008,008,008,008,091,009,009,009,009,009,009,009,009,009,009,009,009,009,009,009,009,009,009,009,009,009,009,009,009,009,009,009,009,091,010,010,010,010,010,010,010,010,010,010,010,010,010,010,010,010,010,010,010,010,010,010,010,010,010,010,010,010,010,091,011,011,011,011,011,011,011,011,011,011,011,011,011,011,011,011,011,011,011,011,011,011,011,011,011,011,011,011,091,012,012,012,012,012,012,012,012,012,012,012,012,012,012,012,012,012,012,012,012,012,012,012,012,012,012,012,012,091,013,013,013,013,013,013,013,013,013,013,013,013,013,013,013,013,013,013,013,013,013,013,013,013,013,013,013,013,013,014,091,014,014,014,014,014,014,014,014,014,014,014,014,014,014,014,014,014,014,014,014,014,014,014,014,014,014,014,091,015,015,015,015,015,015,015,015,015,015,015,015,015,015,015,015,015,015,015,015,015,015,015,015,015,015,015,013,091,207,255
204,000,091,000,000,000,000,000,000,000,000,000,000,000,000,000,000,000,000,000,000,000,000,000,000,000,000,000,000,000,091,001,001,001,001,001,001,001,001,001,001,001,001,001,001,001,001,001,001,001,001,001,001,001,001,001,001,001,001,091,002,002,002,002,002,002,002,002,002,002,002,002,002,002,002,002,002,002,002,002,002,002,002,002,002,002,002,002,002,091,003,003,003,003,003,003,003,003,003,003,003,003,003,003,003,003,003,003,003,003,003,003,003,003,003,003,003,003,091,004,004,004,004,004,004,004,004,004,004,004,004,004,004,004,004,004,004,004,004,004,004,004,004,004,004,004,004,091,005,005,005,005,005,005,005,005,005,005,005,005,005,005,005,005,005,005,005,005,005,005,005,005,005,005,005,005,091,006,006,006,006,006,006,006,006,006,006,006,006,006,006,006,006,006,006,006,006,006,006,006,006,006,006,006,006,006,091,007,007,007,007,007,007,007,007,007,007,007,007,007,007,007,007,007,007,007,007,007,007,007,007,007,007,007,007,007,091,008,008,008,008,008,008,008,008,008,008,008,008,008,008,008,008,008,008,008,008,008,008,008,008,008,008,008,008,091,009,009,009,009,009,009,009,009,009,009,009,009,009,009,009,009,009,009,009,009,009,009,009,009,009,009,009,009,091,010,010,010,010,010,010,010,010,010,010,010,010,010,010,010,010,010,010,010,010,010,010,010,010,010,010,010,010,010,091,011,011,011,011,011,011,011,011,011,011,011,011,011,011,011,011,011,011,011,011,011,011,011,011,011,011,011,011,091,012,012,012,012,012,012,012,012,012,012,012,012,012,012,012,012,012,012,012,012,012,012,012,012,012,012,012,012,091,013,013,013,013,013,013,013,013,013,013,013,013,013,013,013,013,013,013,013,013,013,013,013,013,013,013,013,013,013,014,091,014,014,014,014,014,014,014,014,014,014,014,014,014,014,014,014,014,014,014,014,014,014,014,014,014,014,014,091,015,015,015,015,015,015,015,015,015,015,015,015,015,015,015,015,015,015,015,015,015,015,015,015,015,015,015,013,091,207,255
204,000,091,000,000,000,000,000,000,000,000,000,000,000,000,000,000,000,000,000,000,000,000,000,000,000,000,000,000,000,091,001,001,001,001,001,001,001,001,001,001,001,001,001,001,001,001,001,001,001,001,001,001,001,001,001,001,001,001,091,002,002,002,002,002,002,002,002,002,002,002,002,002,002,002,002,002,002,002,002,002,002,002,002,002,002,002,002,002,091,003,003,003,003,003,003,003,003,003,003,003,003,003,003,003,003,003,003,003,003,003,003,003,003,003,003,003,003,091,004,004,004,004,004,004,004,004,004,004,004,004,004,004,004,004,004,004,004,004,004,004,004,004,004,004,004,004,091,005,005,005,005,005,005,005,005,005,005,005,005,005,005,005,005,005,005,005,005,005,005,005,005,005,005,005,005,091,006,006,006,006,006,006,006,006,006,006,006,006,006,006,006,006,006,006,006,006,006,006,006,006,006,006,006,006,006,091,007,007,007,007,007,007,007,007,007,007,007,007,007,007,007,007,007,007,007,007,007,007,007,007,007,007,007,007,007,091,008,008,008,008,008,008,008,008,008,008,008,008,008,008,008,008,008,008,008,008,008,008,008,008,008,008,008,008,091,009,009,009,009,009,009,009,009,009,009,009,009,009,009,009,009,009,009,009,009,009,009,009,009,009,009,009,009,091,010,010,010,010,010,010,010,010,010,010,010,010,010,010,010,010,010,010,010,010,010,010,010,010,010,010,010,010,010,091,011,011,011,011,011,011,011,011,011,011,011,011,011,011,011,011,011,011,011,011,011,011,011,011,011,011,011,011,091,012,012,012,012,012,012,012,012,012,012,012,012,012,012,012,012,012,012,012,012,012,012,012,012,012,012,012,012,091,013,013,013,013,013,013,013,013,013,013,013,013,013,013,013,013,013,013,013,013,013,013,013,013,013,013,013,013,013,014,091,014,014,014,014,014,014,014,014,014,014,014,014,014,014,014,014,014,014,014,014,014,014,014,014,014,014,014,091,015,015,015,015,015,015,015,015,015,015,015,015,015,015,015,015,015,015,015,015,015,015,015,015,015,015,015,013,091,207,255
204,000,091,000,000,000,000,000,000,000,000,000,000,000,000,000,000,000,000,000,000,000,000,000,000,000,000,000,000,000,091,001,001,001,001,001,001,001,001,001,001,001,001,001,001,001,001,001,001,001,001,001,001,001,001,001,001,001,001,091,002,002,002,002,002,002,002,002,002,002,002,002,002,002,002,002,002,002,002,002,002,002,002,002,002,002,002,002,002,091,003,003,003,003,003,003,003,003,003,003,003,003,003,003,003,003,003,003,003,003,003,003,003,003,003,003,003,003,091,004,004,004,004,004,004,004,004,004,004,004,004,004,004,004,004,004,004,004,004,004,004,004,004,004,004,004,004,091,005,005,005,005,005,005,005,005,005,005,005,005,005,005,005,005,005,005,005,005,005,005,005,005,005,005,005,005,091,006,006,006,006,006,006,006,006,006,006,006,006,006,006,006,006,006,006,006,006,006,006,006,006,006,006,006,006,006,091,007,007,007,007,007,007,007,007,007,007,007,007,007,007,007,007,007,007,007,007,007,007,007,007,007,007,007,007,007,091,008,008,008,008,008,008,008,008,008,008,008,008,008,008,008,008,008,008,008,008,008,008,008,008,008,008,008,008,091,009,009,009,009,009,009,009,009,009,009,009,009,009,009,009,009,009,009,009,009,009,009,009,009,009,009,009,009,091,010,010,010,010,010,010,010,010,010,010,010,010,010,010,010,010,010,010,010,010,010,010,010,010,010,010,010,010,010,091,011,011,011,011,011,011,011,011,011,011,011,011,011,011,011,011,011,011,011,011,011,011,011,011,011,011,011,011,091,012,012,012,012,012,012,012,012,012,012,012,012,012,012,012,012,012,012,012,012,012,012,012,012,012,012,012,012,091,013,013,013,013,013,013,013,013,013,013,013,013,013,013,013,013,013,013,013,013,013,013,013,013,013,013,013,013,013,014,091,014,014,014,014,014,014,014,014,014,014,014,014,014,014,014,014,014,014,014,014,014,014,014,014,014,014,014,091,015,015,015,015,015,015,015,015,015,015,015,015,015,015,015,015,015,015,015,015,015,015,015,015,015,015,015,013,091,207,255
204,000,091,000,000,000,000,000,000,000,000,000,000,000,000,000,000,000,000,000,000,000,000,000,000,000,000,000,000,000,091,001,001,001,001,001,001,001,001,001,001,001,001,001,001,001,001,001,001,001,001,001,001,001,001,001,001,001,001,091,002,002,002,002,002,002,002,002,002,002,002,002,002,002,002,002,002,002,002,002,002,002,002,002,002,002,002,002,002,091,003,003,003,003,003,003,003,003,003,003,003,003,003,003,003,003,003,003,003,003,003,003,003,003,003,003,003,003,091,004,004,004,004,004,004,004,004,004,004,004,004,004,004,004,004,004,004,004,004,004,004,004,004,004,004,004,004,091,005,005,005,005,005,005,005,005,005,005,005,005,005,005,005,005,005,005,005,005,005,005,005,005,005,005,005,005,091,006,006,006,006,006,006,006,006,006,006,006,006,006,006,006,006,006,006,006,006,006,006,006,006,006,006,006,006,006,091,007,007,007,007,007,007,007,007,007,007,007,007,007,007,007,007,007,007,007,007,007,007,007,007,007,007,007,007,007,091,008,008,008,008,008,008,008,008,008,008,008,008,008,008,008,008,008,008,008,008,008,008,008,008,008,008,008,008,091,009,009,009,009,009,009,009,009,009,009,009,009,009,009,009,009,009,009,009,009,009,009,009,009,009,009,009,009,091,010,010,010,010,010,010,010,010,010,010,010,010,010,010,010,010,010,010,010,010,010,010,010,010,010,010,010,010,010,091,011,011,011,011,011,011,011,011,011,011,011,011,011,011,011,011,011,011,011,011,011,011,011,011,011,011,011,011,091,012,012,012,012,012,012,012,012,012,012,012,012,012,012,012,012,012,012,012,012,012,012,012,012,012,012,012,012,091,013,013,013,013,013,013,013,013,013,013,013,013,013,013,013,013,013,013,013,013,013,013,013,013,013,013,013,013,013,014,091,014,014,014,014,014,014,014,014,014,014,014,014,014,014,014,014,014,014,014,014,014,014,014,014,014,014,014,091,015,015,015,015,015,015,015,015,015,015,015,015,015,015,015,015,015,015,015,015,015,015,015,015,015,015,015,013,091,207,255
204,000,091,000,000,000,000,000,000,000,000,000,000,000,000,000,000,000,000,000,000,000,000,000,000,000,000,000,000,000,091,001,001,001,001,001,001,001,001,001,001,001,001,001,001,001,001,001,001,001,001,001,001,001,001,001,001,001,001,091,002,002,002,002,002,002,002,002,002,002,002,002,002,002,002,002,002,002,002,002,002,002,002,002,002,002,002,002,002,091,003,003,003,003,003,003,003,003,003,003,003,003,003,003,003,003,003,003,003,003,003,003,003,003,003,003,003,003,091,004,004,004,004,004,004,004,004,004,004,004,004,004,004,004,004,004,004,004,004,004,004,004,004,004,004,004,004,091,005,005,005,005,005,005,005,005,005,005,005,005,005,005,005,005,005,005,005,005,005,005,005,005,005,005,005,005,091,006,006,006,006,006,006,006,006,006,006,006,006,006,006,006,006,006,006,006,006,006,006,006,006,006,006,006,006,006,091,007,007,007,007,007,007,007,007,007,007,007,007,007,007,007,007,007,007,007,007,007,007,007,007,007,007,007,007,007,091,008,008,008,008,008,008,008,008,008,008,008,008,008,008,008,008,008,008,008,008,008,008,008,008,008,008,008,008,091,009,009,009,009,009,009,009,009,009,009,009,009,009,009,009,009,009,009,009,009,009,009,009,009,009,009,009,009,091,010,010,010,010,010,010,010,010,010,010,010,010,010,010,010,010,010,010,010,010,010,010,010,010,010,010,010,010,010,091,011,011,011,011,011,011,011,011,011,011,011,011,011,011,011,011,011,011,011,011,011,011,011,011,011,011,011,011,091,012,012,012,012,012,012,012,012,012,012,012,012,012,012,012,012,012,012,012,012,012,012,012,012,012,012,012,012,091,013,013,013,013,013,013,013,013,013,013,013,013,013,013,013,013,013,013,013,013,013,013,013,013,013,013,013,013,013,014,091,014,014,014,014,014,014,014,014,014,014,014,014,014,014,014,014,014,014,014,014,014,014,014,014,014,014,014,091,015,015,015,015,015,015,015,015,015,015,015,015,015,015,015,015,015,015,015,015,015,015,015,015,015,015,015,013,091,207,255
204,000,091,000,000,000,000,000,000,000,000,000,000,000,000,000,000,000,000,000,000,000,000,000,000,000,000,000,000,000,091,001,001,001,001,001,001,001,001,001,001,001,001,001,001,001,001,001,001,001,001,001,001,001,001,001,001,001,001,091,002,002,002,002,002,002,002,002,002,002,002,002,002,002,002,002,002,002,002,002,002,002,002,002,002,002,002,002,002,091,003,003,003,003,003,003,003,003,003,003,003,003,003,003,003,003,003,003,003,003,003,003,003,003,003,003,003,003,091,004,004,004,004,004,004,004,004,004,004,004,004,004,004,004,004,004,004,004,004,004,004,004,004,004,004,004,004,091,005,005,005,005,005,005,005,005,005,005,005,005,005,005,005,005,005,005,005,005,005,005,005,005,005,005,005,005,091,006,006,006,006,006,006,006,006,006,006,006,006,006,006,006,006,006,006,006,006,006,006,006,006,006,006,006,006,006,091,007,007,007,007,007,007,007,007,007,007,007,007,007,007,007,007,007,007,007,007,007,007,007,007,007,007,007,007,007,091,008,008,008,008,008,008,008,008,008,008,008,008,008,008,008,008,008,008,008,008,008,008,008,008,008,008,008,008,091,009,009,009,009,009,009,009,009,009,009,009,009,009,009,009,009,009,009,009,009,009,009,009,009,009,009,009,009,091,010,010,010,010,010,010,010,010,010,010,010,010,010,010,010,010,010,010,010,010,010,010,010,010,010,010,010,010,010,091,011,011,011,011,011,011,011,011,011,011,011,011,011,011,011,011,011,011,011,011,011,011,011,011,011,011,011,011,091,012,012,012,012,012,012,012,012,012,012,012,012,012,012,012,012,012,012,012,012,012,012,012,012,012,012,012,012,091,013,013,013,013,013,013,013,013,013,013,013,013,013,013,013,013,013,013,013,013,013,013,013,013,013,013,013,013,013,014,091,014,014,014,014,014,014,014,014,014,014,014,014,014,014,014,014,014,014,014,014,014,014,014,014,014,014,014,091,015,015,015,015,015,015,015,015,015,015,015,015,015,015,015,015,015,015,015,015,015,015,015,015,015,015,015,013,091,207,255
204,000,091,000,000,000,000,000,000,000,000,000,000,000,000,000,000,000,000,000,000,000,000,000,000,000,000,000,000,000,091,001,001,001,001,001,001,001,001,001,001,001,001,001,001,001,001,001,001,001,001,001,001,001,001,001,001,001,001,091,002,002,002,002,002,002,002,002,002,002,002,002,002,002,002,002,002,002,002,002,002,002,002,002,002,002,002,002,002,091,003,003,003,003,003,003,003,003,003,003,003,003,003,003,003,003,003,003,003,003,003,003,003,003,003,003,003,003,091,004,004,004,004,004,004,004,004,004,004,004,004,004,004,004,004,004,004,004,004,004,004,004,004,004,004,004,004,091,005,005,005,005,005,005,005,005,005,005,005,005,005,005,005,005,005,005,005,005,005,005,005,005,005,005,005,005,091,006,006,006,006,006,006,006,006,006,006,006,006,006,006,006,006,006,006,006,006,006,006,006,006,006,006,006,006,006,091,007,007,007,007,007,007,007,007,007,007,007,007,007,007,007,007,007,007,007,007,007,007,007,007,007,007,007,007,007,091,008,008,008,008,008,008,008,008,008,008,008,008,008,008,008,008,008,008,008,008,008,008,008,008,008,008,008,008,091,009,009,009,009,009,009,009,009,009,009,009,009,009,009,009,009,009,009,009,009,009,009,009,009,009,009,009,009,091,010,010,010,010,010,010,010,010,010,010,010,010,010,010,010,010,010,010,010,010,010,010,010,010,010,010,010,010,010,091,011,011,011,011,011,011,011,011,011,011,011,011,011,011,011,011,011,011,011,011,011,011,011,011,011,011,011,011,091,012,012,012,012,012,012,012,012,012,012,012,012,012,012,012,012,012,012,012,012,012,012,012,012,012,012,012,012,091,013,013,013,013,013,013,013,013,013,013,013,013,013,013,013,013,013,013,013,013,013,013,013,013,013,013,013,013,013,014,091,014,014,014,014,014,014,014,014,014,014,014,014,014,014,014,014,014,014,014,014,014,014,014,014,014,014,014,091,015,015,015,015,015,015,015,015,015,015,015,015,015,015,015,015,015,015,015,015,015,015,015,015,015,015,015,013,091,207,255
204,000,091,000,000,000,000,000,000,000,000,000,000,000,000,000,000,000,000,000,000,000,000,000,000,000,000,000,000,000,091,001,001,001,001,001,001,001,001,001,001,001,001,001,001,001,001,001,001,001,001,001,001,001,001,001,001,001,001,091,002,002,002,002,002,002,002,002,002,002,002,002,002,002,002,002,002,002,002,002,002,002,002,002,002,002,002,002,002,091,003,003,003,003,003,003,003,003,003,003,003,003,003,003,003,003,003,003,003,003,003,003,003,003,003,003,003,003,091,004,004,004,004,004,004,004,004,004,004,004,004,004,004,004,004,004,004,004,004,004,004,004,004,004,004,004,004,091,005,005,005,005,005,005,005,005,005,005,005,005,005,005,005,005,005,005,005,005,005,005,005,005,005,005,005,005,091,006,006,006,006,006,006,006,006,006,006,006,006,006,006,006,006,006,006,006,006,006,006,006,006,006,006,006,006,006,091,007,007,007,007,007,007,007,007,007,007,007,007,007,007,007,007,007,007,007,007,007,007,007,007,007,007,007,007,007,091,008,008,008,008,008,008,008,008,008,008,008,008,008,008,008,008,008,008,008,008,008,008,008,008,008,008,008,008,091,009,009,009,009,009,009,009,009,009,009,009,009,009,009,009,009,009,009,009,009,009,009,009,009,009,009,009,009,091,010,010,010,010,010,010,010,010,010,010,010,010,010,010,010,010,010,010,010,010,010,010,010,010,010,010,010,010,010,091,011,011,011,011,011,011,011,011,011,011,011,011,011,011,011,011,011,011,011,011,011,011,011,011,011,011,011,011,091,012,012,012,012,012,012,012,012,012,012,012,012,012,012,012,012,012,012,012,012,012,012,012,012,012,012,012,012,091,013,013,013,013,013,013,013,013,013,013,013,013,013,013,013,013,013,013,013,013,013,013,013,013,013,013,013,013,013,014,091,014,014,014,014,014,014,014,014,014,014,014,014,014,014,014,014,014,014,014,014,014,014,014,014,014,014,014,091,015,015,015,015,015,015,015,015,015,015,015,015,015,015,015,015,015,015,015,015,015,015,015,015,015,015,015,013,091,207,255
204,000,091,000,000,000,000,000,000,000,000,000,000,000,000,000,000,000,000,000,000,000,000,000,000,000,000,000,000,000,091,001,001,001,001,001,001,001,001,001,001,001,001,001,001,001,001,001,001,001,001,001,001,001,001,001,001,001,001,091,002,002,002,002,002,002,002,002,002,002,002,002,002,002,002,002,002,002,002,002,002,002,002,002,002,002,002,002,002,091,003,003,003,003,003,003,003,003,003,003,003,003,003,003,003,003,003,003,003,003,003,003,003,003,003,003,003,003,091,004,004,004,004,004,004,004,004,004,004,004,004,004,004,004,004,004,004,004,004,004,004,004,004,004,004,004,004,091,005,005,005,005,005,005,005,005,005,005,005,005,005,005,005,005,005,005,005,005,005,005,005,005,005,005,005,005,091,006,006,006,006,006,006,006,006,006,006,006,006,006,006,006,006,006,006,006,006,006,006,006,006,006,006,006,006,006,091,007,007,007,007,007,007,007,007,007,007,007,007,007,007,007,007,007,007,007,007,007,007,007,007,007,007,007,007,007,091,008,008,008,008,008,008,008,008,008,008,008,008,008,008,008,008,008,008,008,008,008,008,008,008,008,008,008,008,091,009,009,009,009,009,009,009,009,009,009,009,009,009,009,009,009,009,009,009,009,009,009,009,009,009,009,009,009,091,010,010,010,010,010,010,010,010,010,010,010,010,010,010,010,010,010,010,010,010,010,010,010,010,010,010,010,010,010,091,011,011,011,011,011,011,011,011,011,011,011,011,011,011,011,011,011,011,011,011,011,011,011,011,011,011,011,011,091,012,012,012,012,012,012,012,012,012,012,012,012,012,012,012,012,012,012,012,012,012,012,012,012,012,012,012,012,091,013,013,013,013,013,013,013,013,013,013,013,013,013,013,013,013,013,013,013,013,013,013,013,013,013,013,013,013,013,014,091,014,014,014,014,014,014,014,014,014,014,014,014,014,014,014,014,014,014,014,014,014,014,014,014,014,014,014,091,015,015,015,015,015,015,015,015,015,015,015,015,015,015,015,015,015,015,015,015,015,015,015,015,015,015,015,013,091,207,255
204,000,091,000,000,000,000,000,000,000,000,000,000,000,000,000,000,000,000,000,000,000,000,000,000,000,000,000,000,000,091,001,001,001,001,001,001,001,001,001,001,001,001,001,001,001,001,001,001,001,001,001,001,001,001,001,001,001,001,091,002,002,002,002,002,002,002,002,002,002,002,002,002,002,002,002,002,002,002,002,002,002,002,002,002,002,002,002,002,091,003,003,003,003,003,003,003,003,003,003,003,003,003,003,003,003,003,003,003,003,003,003,003,003,003,003,003,003,091,004,004,004,004,004,004,004,004,004,004,004,004,004,004,004,004,004,004,004,004,004,004,004,004,004,004,004,004,091,005,005,005,005,005,005,005,005,005,005,005,005,005,005,005,005,005,005,005,005,005,005,005,005,005,005,005,005,091,006,006,006,006,006,006,006,006,006,006,006,006,006,006,006,006,006,006,006,006,006,006,006,006,006,006,006,006,006,091,007,007,007,007,007,007,007,007,007,007,007,007,007,007,007,007,007,007,007,007,007,007,007,007,007,007,007,007,007,091,008,008,008,008,008,008,008,008,008,008,008,008,008,008,008,008,008,008,008,008,008,008,008,008,008,008,008,008,091,009,009,009,009,009,009,009,009,009,009,009,009,009,009,009,009,009,009,009,009,009,009,009,009,009,009,009,009,091,010,010,010,010,010,010,010,010,010,010,010,010,010,010,010,010,010,010,010,010,010,010,010,010,010,010,010,010,010,091,011,011,011,011,011,011,011,011,011,011,011,011,011,011,011,011,011,011,011,011,011,011,011,011,011,011,011,011,091,012,012,012,012,012,012,012,012,012,012,012,012,012,012,012,012,012,012,012,012,012,012,012,012,012,012,012,012,091,013,013,013,013,013,013,013,013,013,013,013,013,013,013,013,013,013,013,013,013,013,013,013,013,013,013,013,013,013,014,091,014,014,014,014,014,014,014,014,014,014,014,014,014,014,014,014,014,014,014,014,014,014,014,014,014,014,014,091,015,015,015,015,015,015,015,015,015,015,015,015,015,015,015,015,015,015,015,015,015,015,015,015,015,015,015,013,091,207,255
204,000,091,000,000,000,000,000,000,000,000,000,000,000,000,000,000,000,000,000,000,000,000,000,000,000,000,000,000,000,091,001,001,001,001,001,001,001,001,001,001,001,001,001,001,001,001,001,001,001,001,001,001,001,001,001,001,001,001,091,002,002,002,002,002,002,002,002,002,002,002,002,002,002,002,002,002,002,002,002,002,002,002,002,002,002,002,002,002,091,003,003,003,003,003,003,003,003,003,003,003,003,003,003,003,003,003,003,003,003,003,003,003,003,003,003,003,003,091,004,004,004,004,004,004,004,004,004,004,004,004,004,004,004,004,004,004,004,004,004,004,004,004,004,004,004,004,091,005,005,005,005,005,005,005,005,005,005,005,005,005,005,005,005,005,005,005,005,005,005,005,005,005,005,005,005,091,006,006,006,006,006,006,006,006,006,006,006,006,006,006,006,006,006,006,006,006,006,006,006,006,006,006,006,006,006,091,007,007,007,007,007,007,007,007,007,007,007,007,007,007,007,007,007,007,007,007,007,007,007,007,007,007,007,007,007,091,008,008,008,008,008,008,008,008,008,008,008,008,008,008,008,008,008,008,008,008,008,008,008,008,008,008,008,008,091,009,009,009,009,009,009,009,009,009,009,009,009,009,009,009,009,009,009,009,009,009,009,009,009,009,009,009,009,091,010,010,010,010,010,010,010,010,010,010,010,010,010,010,010,010,010,010,010,010,010,010,010,010,010,010,010,010,010,091,011,011,011,011,011,011,011,011,011,011,011,011,011,011,011,011,011,011,011,011,011,011,011,011,011,011,011,011,091,012,012,012,012,012,012,012,012,012,012,012,012,012,012,012,012,012,012,012,012,012,012,012,012,012,012,012,012,091,013,013,013,013,013,013,013,013,013,013,013,013,013,013,013,013,013,013,013,013,013,013,013,013,013,013,013,013,013,014,091,014,014,014,014,014,014,014,014,014,014,014,014,014,014,014,014,014,014,014,014,014,014,014,014,014,014,014,091,015,015,015,015,015,015,015,015,015,015,015,015,015,015,015,015,015,015,015,015,015,015,015,015,015,015,015,013,091,207,255
204,000,091,000,000,000,000,000,000,000,000,000,000,000,000,000,000,000,000,000,000,000,000,000,000,000,000,000,000,000,091,001,001,001,001,001,001,001,001,001,001,001,001,001,001,001,001,001,001,001,001,001,001,001,001,001,001,001,001,091,002,002,002,002,002,002,002,002,002,002,002,002,002,002,002,002,002,002,002,002,002,002,002,002,002,002,002,002,002,091,003,003,003,003,003,003,003,003,003,003,003,003,003,003,003,003,003,003,003,003,003,003,003,003,003,003,003,003,091,004,004,004,004,004,004,004,004,004,004,004,004,004,004,004,004,004,004,004,004,004,004,004,004,004,004,004,004,091,005,005,005,005,005,005,005,005,005,005,005,005,005,005,005,005,005,005,005,005,005,005,005,005,005,005,005,005,091,006,006,006,006,006,006,006,006,006,006,006,006,006,006,006,006,006,006,006,006,006,006,006,006,006,006,006,006,006,091,007,007,007,007,007,007,007,007,007,007,007,007,007,007,007,007,007,007,007,007,007,007,007,007,007,007,007,007,007,091,008,008,008,008,008,008,008,008,008,008,008,008,008,008,008,008,008,008,008,008,008,008,008,008,008,008,008,008,091,009,009,009,009,009,009,009,009,009,009,009,009,009,009,009,009,009,009,009,009,009,009,009,009,009,009,009,009,091,010,010,010,010,010,010,010,010,010,010,010,010,010,010,010,010,010,010,010,010,010,010,010,010,010,010,010,010,010,091,011,011,011,011,011,011,011,011,011,011,011,011,011,011,011,011,011,011,011,011,011,011,011,011,011,011,011,011,091,012,012,012,012,012,012,012,012,012,012,012,012,012,012,012,012,012,012,012,012,012,012,012,012,012,012,012,012,091,013,013,013,013,013,013,013,013,013,013,013,013,013,013,013,013,013,013,013,013,013,013,013,013,013,013,013,013,013,014,091,014,014,014,014,014,014,014,014,014,014,014,014,014,014,014,014,014,014,014,014,014,014,014,014,014,014,014,091,015,015,015,015,015,015,015,015,015,015,015,015,015,015,015,015,015,015,015,015,015,015,015,015,015,015,015,013,091,207,255
204,000,091,000,000,000,000,000,000,000,000,000,000,000,000,000,000,000,000,000,000,000,000,000,000,000,000,000,000,000,091,001,001,001,001,001,001,001,001,001,001,001,001,001,001,001,001,001,001,001,001,001,001,001,001,001,001,001,001,091,002,002,002,002,002,002,002,002,002,002,002,002,002,002,002,002,002,002,002,002,002,002,002,002,002,002,002,002,002,091,003,003,003,003,003,003,003,003,003,003,003,003,003,003,003,003,003,003,003,003,003,003,003,003,003,003,003,003,091,004,004,004,004,004,004,004,004,004,004,004,004,004,004,004,004,004,004,004,004,004,004,004,004,004,004,004,004,091,005,005,005,005,005,005,005,005,005,005,005,005,005,005,005,005,005,005,005,005,005,005,005,005,005,005,005,005,091,006,006,006,006,006,006,006,006,006,006,006,006,006,006,006,006,006,006,006,006,006,006,006,006,006,006,006,006,006,091,007,007,007,007,007,007,007,007,007,007,007,007,007,007,007,007,007,007,007,007,007,007,007,007,007,007,007,007,007,091,008,008,008,008,008,008,008,008,008,008,008,008,008,008,008,008,008,008,008,008,008,008,008,008,008,008,008,008,091,009,009,009,009,009,009,009,009,009,009,009,009,009,009,009,009,009,009,009,009,009,009,009,009,009,009,009,009,091,010,010,010,010,010,010,010,010,010,010,010,010,010,010,010,010,010,010,010,010,010,010,010,010,010,010,010,010,010,091,011,011,011,011,011,011,011,011,011,011,011,011,011,011,011,011,011,011,011,011,011,011,011,011,011,011,011,011,091,012,012,012,012,012,012,012,012,012,012,012,012,012,012,012,012,012,012,012,012,012,012,012,012,012,012,012,012,091,013,013,013,013,013,013,013,013,013,013,013,013,013,013,013,013,013,013,013,013,013,013,013,013,013,013,013,013,013,014,091,014,014,014,014,014,014,014,014,014,014,014,014,014,014,014,014,014,014,014,014,014,014,014,014,014,014,014,091,015,015,015,015,015,015,015,015,015,015,015,015,015,015,015,015,015,015,015,015,015,015,015,015,015,015,015,013,091,207,255
204,000,091,000,000,000,000,000,000,000,000,000,000,000,000,000,000,000,000,000,000,000,000,000,000,000,000,000,000,000,091,001,001,001,001,001,001,001,001,001,001,001,001,001,001,001,001,001,001,001,001,001,001,001,001,001,001,001,001,091,002,002,002,002,002,002,002,002,002,002,002,002,002,002,002,002,002,002,002,002,002,002,002,002,002,002,002,002,002,091,003,003,003,003,003,003,003,003,003,003,003,003,003,003,003,003,003,003,003,003,003,003,003,003,003,003,003,003,091,004,004,004,004,004,004,004,004,004,004,004,004,004,004,004,004,004,004,004,004,004,004,004,004,004,004,004,004,091,005,005,005,005,005,005,005,005,005,005,005,005,005,005,005,005,005,005,005,005,005,005,005,005,005,005,005,005,091,006,006,006,006,006,006,006,006,006,006,006,006,006,006,006,006,006,006,006,006,006,006,006,006,006,006,006,006,006,091,007,007,007,007,007,007,007,007,007,007,007,007,007,007,007,007,007,007,007,007,007,007,007,007,007,007,007,007,007,091,008,008,008,008,008,008,008,008,008,008,008,008,008,008,008,008,008,008,008,008,008,008,008,008,008,008,008,008,091,009,009,009,009,009,009,009,009,009,009,009,009,009,009,009,009,009,009,009,009,009,009,009,009,009,009,009,009,091,010,010,010,010,010,010,010,010,010,010,010,010,010,010,010,010,010,010,010,010,010,010,010,010,010,010,010,010,010,091,011,011,011,011,011,011,011,011,011,011,011,011,011,011,011,011,011,011,011,011,011,011,011,011,011,011,011,011,091,012,012,012,012,012,012,012,012,012,012,012,012,012,012,012,012,012,012,012,012,012,012,012,012,012,012,012,012,091,013,013,013,013,013,013,013,013,013,013,013,013,013,013,013,013,013,013,013,013,013,013,013,013,013,013,013,013,013,014,091,014,014,014,014,014,014,014,014,014,014,014,014,014,014,014,014,014,014,014,014,014,014,014,014,014,014,014,091,015,015,015,015,015,015,015,015,015,015,015,015,015,015,015,015,015,015,015,015,015,015,015,015,015,015,015,013,091,207,255
204,000,091,000,000,000,000,000,000,000,000,000,000,000,000,000,000,000,000,000,000,000,000,000,000,000,000,000,000,000,091,001,001,001,001,001,001,001,001,001,001,001,001,001,001,001,001,001,001,001,001,001,001,001,001,001,001,001,001,091,002,002,002,002,002,002,002,002,002,002,002,002,002,002,002,002,002,002,002,002,002,002,002,002,002,002,002,002,002,091,003,003,003,003,003,003,003,003,003,003,003,003,003,003,003,003,003,003,003,003,003,003,003,003,003,003,003,003,091,004,004,004,004,004,004,004,004,004,004,004,004,004,004,004,004,004,004,004,004,004,004,004,004,004,004,004,004,091,005,005,005,005,005,005,005,005,005,005,005,005,005,005,005,005,005,005,005,005,005,005,005,005,005,005,005,005,091,006,006,006,006,006,006,006,006,006,006,006,006,006,006,006,006,006,006,006,006,006,006,006,006,006,006,006,006,006,091,007,007,007,007,007,007,007,007,007,007,007,007,007,007,007,007,007,007,007,007,007,007,007,007,007,007,007,007,007,091,008,008,008,008,008,008,008,008,008,008,008,008,008,008,008,008,008,008,008,008,008,008,008,008,008,008,008,008,091,009,009,009,009,009,009,009,009,009,009,009,009,009,009,009,009,009,009,009,009,009,009,009,009,009,009,009,009,091,010,010,010,010,010,010,010,010,010,010,010,010,010,010,010,010,010,010,010,010,010,010,010,010,010,010,010,010,010,091,011,011,011,011,011,011,011,011,011,011,011,011,011,011,011,011,011,011,011,011,011,011,011,011,011,011,011,011,091,012,012,012,012,012,012,012,012,012,012,012,012,012,012,012,012,012,012,012,012,012,012,012,012,012,012,012,012,091,013,013,013,013,013,013,013,013,013,013,013,013,013,013,013,013,013,013,013,013,013,013,013,013,013,013,013,013,013,014,091,014,014,014,014,014,014,014,014,014,014,014,014,014,014,014,014,014,014,014,014,014,014,014,014,014,014,014,091,015,015,015,015,015,015,015,015,015,015,015,015,015,015,015,015,015,015,015,015,015,015,015,015,015,015,015,013,091,207,255
204,000,091,000,000,000,000,000,000,000,000,000,000,000,000,000,000,000,000,000,000,000,000,000,000,000,000,000,000,000,091,001,001,001,001,001,001,001,001,001,001,001,001,001,001,001,001,001,001,001,001,001,001,001,001,001,001,001,001,091,002,002,002,002,002,002,002,002,002,002,002,002,002,002,002,002,002,002,002,002,002,002,002,002,002,002,002,002,002,091,003,003,003,003,003,003,003,003,003,003,003,003,003,003,003,003,003,003,003,003,003,003,003,003,003,003,003,003,091,004,004,004,004,004,004,004,004,004,004,004,004,004,004,004,004,004,004,004,004,004,004,004,004,004,004,004,004,091,005,005,005,005,005,005,005,005,005,005,005,005,005,005,005,005,005,005,005,005,005,005,005,005,005,005,005,005,091,006,006,006,006,006,006,006,006,006,006,006,006,006,006,006,006,006,006,006,006,006,006,006,006,006,006,006,006,006,091,007,007,007,007,007,007,007,007,007,007,007,007,007,007,007,007,007,007,007,007,007,007,007,007,007,007,007,007,007,091,008,008,008,008,008,008,008,008,008,008,008,008,008,008,008,008,008,008,008,008,008,008,008,008,008,008,008,008,091,009,009,009,009,009,009,009,009,009,009,009,009,009,009,009,009,009,009,009,009,009,009,009,009,009,009,009,009,091,010,010,010,010,010,010,010,010,010,010,010,010,010,010,010,010,010,010,010,010,010,010,010,010,010,010,010,010,010,091,011,011,011,011,011,011,011,011,011,011,011,011,011,011,011,011,011,011,011,011,011,011,011,011,011,011,011,011,091,012,012,012,012,012,012,012,012,012,012,012,012,012,012,012,012,012,012,012,012,012,012,012,012,012,012,012,012,091,013,013,013,013,013,013,013,013,013,013,013,013,013,013,013,013,013,013,013,013,013,013,013,013,013,013,013,013,013,014,091,014,014,014,014,014,014,014,014,014,014,014,014,014,014,014,014,014,014,014,014,014,014,014,014,014,014,014,091,015,015,015,015,015,015,015,015,015,015,015,015,015,015,015,015,015,015,015,015,015,015,015,015,015,015,015,013,091,207,255
217,000,091,000,000,000,000,000,000,000,000,000,000,000,000,000,000,000,000,000,000,000,000,000,000,000,000,000,000,000,091,001,001,001,001,001,001,001,001,001,001,001,001,001,001,001,001,001,001,001,001,001,001,001,001,001,001,001,001,091,002,002,002,002,002,002,002,002,002,002,002,002,002,002,002,002,002,002,002,002,002,002,002,002,002,002,002,002,002,091,003,003,003,003,003,003,003,003,003,003,003,003,003,003,003,003,003,003,003,003,003,003,003,003,003,003,003,003,091,004,004,004,004,004,004,004,004,004,004,004,004,004,004,004,004,004,004,004,004,004,004,004,004,004,004,004,004,091,005,005,005,005,005,005,005,005,005,005,005,005,005,005,005,005,005,005,005,005,005,005,005,005,005,005,005,005,091,006,006,006,006,006,006,006,006,006,006,006,006,006,006,006,006,006,006,006,006,006,006,006,006,006,006,006,006,006,091,007,007,007,007,007,007,007,007,007,007,007,007,007,007,007,007,007,007,007,007,007,007,007,007,007,007,007,007,007,091,008,008,008,008,008,008,008,008,008,008,008,008,008,008,008,008,008,008,008,008,008,008,008,008,008,008,008,008,091,009,009,009,009,009,009,009,009,009,009,009,009,009,009,009,009,009,009,009,009,009,009,009,009,009,009,009,009,091,010,010,010,010,010,010,010,010,010,010,010,010,010,010,010,010,010,010,010,010,010,010,010,010,010,010,010,010,010,091,011,011,011,011,011,011,011,011,011,011,011,011,011,011,011,011,011,011,011,011,011,011,011,011,011,011,011,011,091,012,012,012,012,012,012,012,012,012,012,012,012,012,012,012,012,012,012,012,012,012,012,012,012,012,012,012,012,091,013,013,013,013,013,013,013,013,013,013,013,013,013,013,013,013,013,013,013,013,013,013,013,013,013,013,013,013,013,013,091,014,014,014,014,014,014,014,014,014,014,014,014,014,014,014,014,014,014,014,014,014,014,014,014,014,014,014,091,015,015,015,015,015,015,015,015,015,015,015,015,015,015,015,015,015,015,015,015,015,015,015,015,015,015,015,013,091,220,255
072,000,091,000,000,000,000,000,000,000,000,000,000,000,000,000,000,000,000,000,000,000,000,000,000,000,000,000,000,000,091,000,000,000,000,000,000,000,000,000,000,000,000,000,000,000,000,000,000,000,000,000,000,000,000,000,000,000,000,091,001,001,001,001,001,001,001,001,001,001,001,001,001,001,001,001,001,001,001,001,001,001,001,001,001,001,001,001,001,091,002,002,002,002,002,002,002,002,002,002,002,002,002,002,002,002,002,002,002,002,002,002,002,002,002,002,002,002,091,003,003,003,003,003,003,003,003,003,003,003,003,003,003,003,003,003,003,003,003,003,003,003,003,003,003,003,003,091,004,004,004,004,004,004,004,004,004,004,004,004,004,004,004,004,004,004,004,004,004,004,004,004,004,004,004,004,091,005,005,005,005,005,005,005,005,005,005,005,005,005,005,005,005,005,005,005,005,005,005,005,005,005,005,005,005,005,091,006,006,006,006,006,006,006,006,006,006,006,006,006,006,006,006,006,006,006,006,006,006,006,006,006,006,006,006,006,091,007,007,007,007,007,007,007,007,007,007,007,007,007,007,007,007,007,007,007,007,007,007,007,007,007,007,007,007,091,008,008,008,008,008,008,008,008,008,008,008,008,008,008,008,008,008,008,008,008,008,008,008,008,008,008,008,008,091,009,009,009,009,009,009,009,009,009,009,009,009,009,009,009,009,009,009,009,009,009,009,009,009,009,009,009,009,009,091,010,010,010,010,010,010,010,010,010,010,010,010,010,010,010,010,010,010,010,010,010,010,010,010,010,010,010,010,091,011,011,011,011,011,011,011,011,011,011,011,011,011,011,011,011,011,011,011,011,011,011,011,011,011,011,011,011,091,012,012,012,012,012,012,012,012,012,012,012,012,012,012,012,012,012,012,012,012,012,012,012,012,012,012,012,012,012,013,091,013,013,013,013,013,013,013,013,013,013,013,013,013,013,013,013,013,013,013,013,013,013,013,013,013,013,013,091,014,014,014,014,014,014,014,014,014,014,014,014,014,014,014,014,014,014,014,014,014,014,014,014,014,014,014,014,091,075,093
033,091,091,091,091,091,091,091,091,091,091,091,091,091,091,091,091,091,091,091,091,091,091,091,091,091,091,091,091,091,091,091,091,091,091,091,091,091,091,091,091,091,091,091,091,091,091,091,091,091,091,091,091,091,091,091,091,091,091,091,091,091,091,091,091,091,091,091,091,091,091,091,091,091,091,091,091,091,091,091,091,091,091,091,091,091,091,091,091,091,091,091,091,091,091,091,091,091,091,091,091,091,091,091,091,091,091,091,091,091,091,091,091,091,091,091,091,091,091,091,091,091,091,091,091,091,091,091,091,091,091,091,091,091,091,091,091,091,091,091,091,091,091,091,091,091,091,091,091,091,091,091,091,091,091,091,091,091,091,091,091,091,091,091,091,091,091,091,091,091,091,091,091,091,091,091,091,091,091,091,091,091,091,091,091,091,091,091,091,091,091,091,091,091,091,091,091,091,091,091,091,091,091,091,091,091,091,091,091,091,091,091,091,091,091,091,091,091,091,091,091,091,091,091,091,091,091,091,091,091,091,091,091,091,091,091,091,091,091,091,091,091,091,091,091,091,091,091,091,091,091,091,091,091,091,091,091,091,091,091,091,091,091,091,091,091,091,091,091,091,091,091,091,091,091,091,091,091,091,091,091,091,091,091,091,091,091,091,091,091,091,091,091,091,091,091,091,091,091,091,091,091,091,091,091,091,091,091,091,091,091,091,091,091,091,091,091,091,091,091,091,091,091,091,091,091,091,091,091,091,091,091,091,091,091,091,091,091,091,091,091,091,091,091,091,091,091,091,091,091,091,091,091,091,091,091,091,091,091,091,091,091,091,091,091,091,091,091,091,091,091,091,091,091,091,091,091,091,091,091,091,091,091,091,091,091,091,091,091,091,091,091,091,091,091,091,091,091,091,091,091,091,091,091,091,091,091,091,091,091,091,091,091,091,091,091,091,091,091,091,091,091,091,091,091,091,091,091,091,091,091,091,091,091,091,091,091,091,091,091,091,091,091,091,091,091,091,091,091,091,091,091,091,091,091,091,091,091,091,091,091,091,091,091,091,091,091,091,091,091,091,091,091
214,010,091,017,017,017,017,017,017,017,017,017,017,017,017,017,017,017,017,017,017,017,017,017,017,017,017,017,017,017,091,018,018,018,018,018,018,018,018,018,018,018,018,018,018,018,018,018,018,018,018,018,018,018,018,018,018,018,018,091,019,019,019,019,019,019,019,019,019,019,019,019,019,019,019,019,019,019,019,019,019,019,019,019,019,019,019,019,019,091,020,020,020,020,020,020,020,020,020,020,020,020,020,020,020,020,020,020,020,020,020,020,020,020,020,020,020,020,091,021,021,021,021,021,021,021,021,021,021,021,021,021,021,021,021,021,021,021,021,021,021,021,021,021,021,021,021,091,022,022,022,022,022,022,022,022,022,022,022,022,022,022,022,022,022,022,022,022,022,022,022,022,022,022,022,022,091,023,023,023,023,023,023,023,023,023,023,023,023,023,023,023,023,023,023,023,023,023,023,023,023,023,023,023,023,023,091,024,024,024,024,024,024,024,024,024,024,024,024,024,024,024,024,024,024,024,024,024,024,024,024,024,024,024,024,024,091,025,025,025,025,025,025,025,025,025,025,025,025,025,025,025,025,025,025,025,025,025,025,025,025,025,025,025,025,091,026,026,026,026,026,026,026,026,026,026,026,026,026,026,026,026,026,026,026,026,026,026,026,026,026,026,026,026,091,027,027,027,027,027,027,027,027,027,027,027,027,027,027,027,027,027,027,027,027,027,027,027,027,027,027,027,027,027,091,028,028,028,028,028,028,028,028,028,028,028,028,028,028,028,028,028,028,028,028,028,028,028,028,028,028,028,028,091,029,029,029,029,029,029,029,029,029,029,029,029,029,029,029,029,029,029,029,029,029,029,029,029,029,029,029,029,091,030,030,030,030,030,030,030,030,030,030,030,030,030,030,030,030,030,030,030,030,030,030,030,030,030,030,030,030,030,030,091,031,031,031,031,031,031,031,031,031,031,031,031,031,031,031,031,031,031,031,031,031,031,031,031,031,031,031,091,032,032,032,032,032,032,032,032,032,032,032,032,032,032,032,032,032,032,032,032,032,032,032,032,032,032,032,030,091,217,255
209,007,091,016,016,016,016,016,016,016,016,016,016,016,016,016,016,016,016,016,016,016,016,016,016,016,016,016,016,016,091,017,017,017,017,017,017,017,017,017,017,017,017,017,017,017,017,017,017,017,017,017,017,017,017,017,017,017,017,091,018,018,018,018,018,018,018,018,018,018,018,018,018,018,018,018,018,018,018,018,018,018,018,018,018,018,018,018,018,091,019,019,019,019,019,019,019,019,019,019,019,019,019,019,019,019,019,019,019,019,019,019,019,019,019,019,019,019,091,020,020,020,020,020,020,020,020,020,020,020,020,020,020,020,020,020,020,020,020,020,020,020,020,020,020,020,020,091,021,021,021,021,021,021,021,021,021,021,021,021,021,021,021,021,021,021,021,021,021,021,021,021,021,021,021,021,091,022,022,022,022,022,022,022,022,022,022,022,022,022,022,022,022,022,022,022,022,022,022,022,022,022,022,022,022,022,091,023,023,023,023,023,023,023,023,023,023,023,023,023,023,023,023,023,023,023,023,023,023,023,023,023,023,023,023,023,091,024,024,024,024,024,024,024,024,024,024,024,024,024,024,024,024,024,024,024,024,024,024,024,024,024,024,024,024,091,025,025,025,025,025,025,025,025,025,025,025,025,025,025,025,025,025,025,025,025,025,025,025,025,025,025,025,025,091,026,026,026,026,026,026,026,026,026,026,026,026,026,026,026,026,026,026,026,026,026,026,026,026,026,026,026,026,026,091,027,027,027,027,027,027,027,027,027,027,027,027,027,027,027,027,027,027,027,027,027,027,027,027,027,027,027,027,091,028,028,028,028,028,028,028,028,028,028,028,028,028,028,028,028,028,028,028,028,028,028,028,028,028,028,028,028,091,029,029,029,029,029,029,029,029,029,029,029,029,029,029,029,029,029,029,029,029,029,029,029,029,029,029,029,029,029,030,091,030,030,030,030,030,030,030,030,030,030,030,030,030,030,030,030,030,030,030,030,030,030,030,030,030,030,030,091,031,031,031,031,031,031,031,031,031,031,031,031,031,031,031,031,031,031,031,031,031,031,031,031,031,031,031,029,091,212,255
208,007,091,016,016,016,016,016,016,016,016,016,016,016,016,016,016,016,016,016,016,016,016,016,016,016,016,016,016,016,091,017,017,017,017,017,017,017,017,017,017,017,017,017,017,017,017,017,017,017,017,017,017,017,017,017,017,017,017,091,018,018,018,018,018,018,018,018,018,018,018,018,018,018,018,018,018,018,018,018,018,018,018,018,018,018,018,018,018,091,019,019,019,019,019,019,019,019,019,019,019,019,019,019,019,019,019,019,019,019,019,019,019,019,019,019,019,019,091,020,020,020,020,020,020,020,020,020,020,020,020,020,020,020,020,020,020,020,020,020,020,020,020,020,020,020,020,091,021,021,021,021,021,021,021,021,021,021,021,021,021,021,021,021,021,021,021,021,021,021,021,021,021,021,021,021,091,022,022,022,022,022,022,022,022,022,022,022,022,022,022,022,022,022,022,022,022,022,022,022,022,022,022,022,022,022,091,023,023,023,023,023,023,023,023,023,023,023,023,023,023,023,023,023,023,023,023,023,023,023,023,023,023,023,023,023,091,024,024,024,024,024,024,024,024,024,024,024,024,024,024,024,024,024,024,024,024,024,024,024,024,024,024,024,024,091,025,025,025,025,025,025,025,025,025,025,025,025,025,025,025,025,025,025,025,025,025,025,025,025,025,025,025,025,091,026,026,026,026,026,026,026,026,026,026,026,026,026,026,026,026,026,026,026,026,026,026,026,026,026,026,026,026,026,091,027,027,027,027,027,027,027,027,027,027,027,027,027,027,027,027,027,027,027,027,027,027,027,027,027,027,027,027,091,028,028,028,028,028,028,028,028,028,028,028,028,028,028,028,028,028,028,028,028,028,028,028,028,028,028,028,028,091,029,029,029,029,029,029,029,029,029,029,029,029,029,029,029,029,029,029,029,029,029,029,029,029,029,029,029,029,029,030,091,030,030,030,030,030,030,030,030,030,030,030,030,030,030,030,030,030,030,030,030,030,030,030,030,030,030,030,091,031,031,031,031,031,031,031,031,031,031,031,031,031,031,031,031,031,031,031,031,031,031,031,031,031,031,031,029,091,211,255
208,007,091,016,016,016,016,016,016,016,016,016,016,016,016,016,016,016,016,016,016,016,016,016,016,016,016,016,016,016,091,017,017,017,017,017,017,017,017,017,017,017,017,017,017,017,017,017,017,017,017,017,017,017,017,017,017,017,017,091,018,018,018,018,018,018,018,018,018,018,018,018,018,018,018,018,018,018,018,018,018,018,018,018,018,018,018,018,018,091,019,019,019,019,019,019,019,019,019,019,019,019,019,019,019,019,019,019,019,019,019,019,019,019,019,019,019,019,091,020,020,020,020,020,020,020,020,020,020,020,020,020,020,020,020,020,020,020,020,020,020,020,020,020,020,020,020,091,021,021,021,021,021,021,021,021,021,021,021,021,021,021,021,021,021,021,021,021,021,021,021,021,021,021,021,021,091,022,022,022,022,022,022,022,022,022,022,022,022,022,022,022,022,022,022,022,022,022,022,022,022,022,022,022,022,022,091,023,023,023,023,023,023,023,023,023,023,023,023,023,023,023,023,023,023,023,023,023,023,023,023,023,023,023,023,023,091,024,024,024,024,024,024,024,024,024,024,024,024,024,024,024,024,024,024,024,024,024,024,024,024,024,024,024,024,091,025,025,025,025,025,025,025,025,025,025,025,025,025,025,025,025,025,025,025,025,025,025,025,025,025,025,025,025,091,026,026,026,026,026,026,026,026,026,026,026,026,026,026,026,026,026,026,026,026,026,026,026,026,026,026,026,026,026,091,027,027,027,027,027,027,027,027,027,027,027,027,027,027,027,027,027,027,027,027,027,027,027,027,027,027,027,027,091,028,028,028,028,028,028,028,028,028,028,028,028,028,028,028,028,028,028,028,028,028,028,028,028,028,028,028,028,091,029,029,029,029,029,029,029,029,029,029,029,029,029,029,029,029,029,029,029,029,029,029,029,029,029,029,029,029,029,030,091,030,030,030,030,030,030,030,030,030,030,030,030,030,030,030,030,030,030,030,030,030,030,030,030,030,030,030,091,031,031,031,031,031,031,031,031,031,031,031,031,031,031,031,031,031,031,031,031,031,031,031,031,031,031,031,029,091,211,255
208,007,091,016,016,016,016,016,016,016,016,016,016,016,016,016,016,016,016,016,016,016,016,016,016,016,016,016,016,016,091,017,017,017,017,017,017,017,017,017,017,017,017,017,017,017,017,017,017,017,017,017,017,017,017,017,017,017,017,091,018,018,018,018,018,018,018,018,018,018,018,018,018,018,018,018,018,018,018,018,018,018,018,018,018,018,018,018,018,091,019,019,019,019,019,019,019,019,019,019,019,019,019,019,019,019,019,019,019,019,019,019,019,019,019,019,019,019,091,020,020,020,020,020,020,020,020,020,020,020,020,020,020,020,020,020,020,020,020,020,020,020,020,020,020,020,020,091,021,021,021,021,021,021,021,021,021,021,021,021,021,021,021,021,021,021,021,021,021,021,021,021,021,021,021,021,091,022,022,022,022,022,022,022,022,022,022,022,022,022,022,022,022,022,022,022,022,022,022,022,022,022,022,022,022,022,091,023,023,023,023,023,023,023,023,023,023,023,023,023,023,023,023,023,023,023,023,023,023,023,023,023,023,023,023,023,091,024,024,024,024,024,024,024,024,024,024,024,024,024,024,024,024,024,024,024,024,024,024,024,024,024,024,024,024,091,025,025,025,025,025,025,025,025,025,025,025,025,025,025,025,025,025,025,025,025,025,025,025,025,025,025,025,025,091,026,026,026,026,026,026,026,026,026,026,026,026,026,026,026,026,026,026,026,026,026,026,026,026,026,026,026,026,026,091,027,027,027,027,027,027,027,027,027,027,027,027,027,027,027,027,027,027,027,027,027,027,027,027,027,027,027,027,091,028,028,028,028,028,028,028,028,028,028,028,028,028,028,028,028,028,028,028,028,028,028,028,028,028,028,028,028,091,029,029,029,029,029,029,029,029,029,029,029,029,029,029,029,029,029,029,029,029,029,029,029,029,029,029,029,029,029,030,091,030,030,030,030,030,030,030,030,030,030,030,030,030,030,030,030,030,030,030,030,030,030,030,030,030,030,030,091,031,031,031,031,031,031,031,031,031,031,031,031,031,031,031,031,031,031,031,031,031,031,031,031,031,031,031,029,091,211,255
208,007,091,016,016,016,016,016,016,016,016,016,016,016,016,016,016,016,016,016,016,016,016,016,016,016,016,016,016,016,091,017,017,017,017,017,017,017,017,017,017,017,017,017,017,017,017,017,017,017,017,017,017,017,017,017,017,017,017,091,018,018,018,018,018,018,018,018,018,018,018,018,018,018,018,018,018,018,018,018,018,018,018,018,018,018,018,018,018,091,019,019,019,019,019,019,019,019,019,019,019,019,019,019,019,019,019,019,019,019,019,019,019,019,019,019,019,019,091,020,020,020,020,020,020,020,020,020,020,020,020,020,020,020,020,020,020,020,020,020,020,020,020,020,020,020,020,091,021,021,021,021,021,021,021,021,021,021,021,021,021,021,021,021,021,021,021,021,021,021,021,021,021,021,021,021,091,022,022,022,022,022,022,022,022,022,022,022,022,022,022,022,022,022,022,022,022,022,022,022,022,022,022,022,022,022,091,023,023,023,023,023,023,023,023,023,023,023,023,023,023,023,023,023,023,023,023,023,023,023,023,023,023,023,023,023,091,024,024,024,024,024,024,024,024,024,024,024,024,024,024,024,024,024,024,024,024,024,024,024,024,024,024,024,024,091,025,025,025,025,025,025,025,025,025,025,025,025,025,025,025,025,025,025,025,025,025,025,025,025,025,025,025,025,091,026,026,026,026,026,026,026,026,026,026,026,026,026,026,026,026,026,026,026,026,026,026,026,026,026,026,026,026,026,091,027,027,027,027,027,027,027,027,027,027,027,027,027,027,027,027,027,027,027,027,027,027,027,027,027,027,027,027,091,028,028,028,028,028,028,028,028,028,028,028,028,028,028,028,028,028,028,028,028,028,028,028,028,028,028,028,028,091,029,029,029,029,029,029,029,029,029,029,029,029,029,029,029,029,029,029,029,029,029,029,029,029,029,029,029,029,029,030,091,030,030,030,030,030,030,030,030,030,030,030,030,030,030,030,030,030,030,030,030,030,030,030,030,030,030,030,091,031,031,031,031,031,031,031,031,031,031,031,031,031,031,031,031,031,031,031,031,031,031,031,031,031,031,031,029,091,211,255
208,007,091,016,016,016,016,016,016,016,016,016,016,016,016,016,016,016,016,016,016,016,016,016,016,016,016,016,016,016,091,017,017,017,017,017,017,017,017,017,017,017,017,017,017,017,017,017,017,017,017,017,017,017,017,017,017,017,017,091,018,018,018,018,018,018,018,018,018,018,018,018,018,018,018,018,018,018,018,018,018,018,018,018,018,018,018,018,018,091,019,019,019,019,019,019,019,019,019,019,019,019,019,019,019,019,019,019,019,019,019,019,019,019,019,019,019,019,091,020,020,020,020,020,020,020,020,020,020,020,020,020,020,020,020,020,020,020,020,020,020,020,020,020,020,020,020,091,021,021,021,021,021,021,021,021,021,021,021,021,021,021,021,021,021,021,021,021,021,021,021,021,021,021,021,021,091,022,022,022,022,022,022,022,022,022,022,022,022,022,022,022,022,022,022,022,022,022,022,022,022,022,022,022,022,022,091,023,023,023,023,023,023,023,023,023,023,023,023,023,023,023,023,023,023,023,023,023,023,023,023,023,023,023,023,023,091,024,024,024,024,024,024,024,024,024,024,024,024,024,024,024,024,024,024,024,024,024,024,024,024,024,024,024,024,091,025,025,025,025,025,025,025,025,025,025,025,025,025,025,025,025,025,025,025,025,025,025,025,025,025,025,025,025,091,026,026,026,026,026,026,026,026,026,026,026,026,026,026,026,026,026,026,026,026,026,026,026,026,026,026,026,026,026,091,027,027,027,027,027,027,027,027,027,027,027,027,027,027,027,027,027,027,027,027,027,027,027,027,027,027,027,027,091,028,028,028,028,028,028,028,028,028,028,028,028,028,028,028,028,028,028,028,028,028,028,028,028,028,028,028,028,091,029,029,029,029,029,029,029,029,029,029,029,029,029,029,029,029,029,029,029,029,029,029,029,029,029,029,029,029,029,030,091,030,030,030,030,030,030,030,030,030,030,030,030,030,030,030,030,030,030,030,030,030,030,030,030,030,030,030,091,031,031,031,031,031,031,031,031,031,031,031,031,031,031,031,031,031,031,031,031,031,031,031,031,031,031,031,029,091,211,255
208,007,091,016,016,016,016,016,016,016,016,016,016,016,016,016,016,016,016,016,016,016,016,016,016,016,016,016,016,016,091,017,017,017,017,017,017,017,017,017,017,017,017,017,017,017,017,017,017,017,017,017,017,017,017,017,017,017,017,091,018,018,018,018,018,018,018,018,018,018,018,018,018,018,018,018,018,018,018,018,018,018,018,018,018,018,018,018,018,091,019,019,019,019,019,019,019,019,019,019,019,019,019,019,019,019,019,019,019,019,019,019,019,019,019,019,019,019,091,020,020,020,020,020,020,020,020,020,020,020,020,020,020,020,020,020,020,020,020,020,020,020,020,020,020,020,020,091,021,021,021,021,021,021,021,021,021,021,021,021,021,021,021,021,021,021,021,021,021,021,021,021,021,021,021,021,091,022,022,022,022,022,022,022,022,022,022,022,022,022,022,022,022,022,022,022,022,022,022,022,022,022,022,022,022,022,091,023,023,023,023,023,023,023,023,023,023,023,023,023,023,023,023,023,023,023,023,023,023,023,023,023,023,023,023,023,091,024,024,024,024,024,024,024,024,024,024,024,024,024,024,024,024,024,024,024,024,024,024,024,024,024,024,024,024,091,025,025,025,025,025,025,025,025,025,025,025,025,025,025,025,025,025,025,025,025,025,025,025,025,025,025,025,025,091,026,026,026,026,026,026,026,026,026,026,026,026,026,026,026,026,026,026,026,026,026,026,026,026,026,026,026,026,026,091,027,027,027,027,027,027,027,027,027,027,027,027,027,027,027,027,027,027,027,027,027,027,027,027,027,027,027,027,091,028,028,028,028,028,028,028,028,028,028,028,028,028,028,028,028,028,028,028,028,028,028,028,028,028,028,028,028,091,029,029,029,029,029,029,029,029,029,029,029,029,029,029,029,029,029,029,029,029,029,029,029,029,029,029,029,029,029,030,091,030,030,030,030,030,030,030,030,030,030,030,030,030,030,030,030,030,030,030,030,030,030,030,030,030,030,030,091,031,031,031,031,031,031,031,031,031,031,031,031,031,031,031,031,031,031,031,031,031,031,031,031,031,031,031,029,091,211,255
208,007,091,016,016,016,016,016,016,016,016,016,016,016,016,016,016,016,016,016,016,016,016,016,016,016,016,016,016,016,091,017,017,017,017,017,017,017,017,017,017,017,017,017,017,017,017,017,017,017,017,017,017,017,017,017,017,017,017,091,018,018,018,018,018,018,018,018,018,018,018,018,018,018,018,018,018,018,018,018,018,018,018,018,018,018,018,018,018,091,019,019,019,019,019,019,019,019,019,019,019,019,019,019,019,019,019,019,019,019,019,019,019,019,019,019,019,019,091,020,020,020,020,020,020,020,020,020,020,020,020,020,020,020,020,020,020,020,020,020,020,020,020,020,020,020,020,091,021,021,021,021,021,021,021,021,021,021,021,021,021,021,021,021,021,021,021,021,021,021,021,021,021,021,021,021,091,022,022,022,022,022,022,022,022,022,022,022,022,022,022,022,022,022,022,022,022,022,022,022,022,022,022,022,022,022,091,023,023,023,023,023,023,023,023,023,023,023,023,023,023,023,023,023,023,023,023,023,023,023,023,023,023,023,023,023,091,024,024,024,024,024,024,024,024,024,024,024,024,024,024,024,024,024,024,024,024,024,024,024,024,024,024,024,024,091,025,025,025,025,025,025,025,025,025,025,025,025,025,025,025,025,025,025,025,025,025,025,025,025,025,025,025,025,091,026,026,026,026,026,026,026,026,026,026,026,026,026,026,026,026,026,026,026,026,026,026,026,026,026,026,026,026,026,091,027,027,027,027,027,027,027,027,027,027,027,027,027,027,027,027,027,027,027,027,027,027,027,027,027,027,027,027,091,028,028,028,028,028,028,028,028,028,028,028,028,028,028,028,028,028,028,028,028,028,028,028,028,028,028,028,028,091,029,029,029,029,029,029,029,029,029,029,029,029,029,029,029,029,029,029,029,029,029,029,029,029,029,029,029,029,029,030,091,030,030,030,030,030,030,030,030,030,030,030,030,030,030,030,030,030,030,030,030,030,030,030,030,030,030,030,091,031,031,031,031,031,031,031,031,031,031,031,031,031,031,031,031,031,031,031,031,031,031,031,031,031,031,031,029,091,211,255
208,007,091,016,016,016,016,016,016,016,016,016,016,016,016,016,016,016,016,016,016,016,016,016,016,016,016,016,016,016,091,017,017,017,017,017,017,017,017,017,017,017,017,017,017,017,017,017,017,017,017,017,017,017,017,017,017,017,017,091,018,018,018,018,018,018,018,018,018,018,018,018,018,018,018,018,018,018,018,018,018,018,018,018,018,018,018,018,018,091,019,019,019,019,019,019,019,019,019,019,019,019,019,019,019,019,019,019,019,019,019,019,019,019,019,019,019,019,091,020,020,020,020,020,020,020,020,020,020,020,020,020,020,020,020,020,020,020,020,020,020,020,020,020,020,020,020,091,021,021,021,021,021,021,021,021,021,021,021,021,021,021,021,021,021,021,021,021,021,021,021,021,021,021,021,021,091,022,022,022,022,022,022,022,022,022,022,022,022,022,022,022,022,022,022,022,022,022,022,022,022,022,022,022,022,022,091,023,023,023,023,023,023,023,023,023,023,023,023,023,023,023,023,023,023,023,023,023,023,023,023,023,023,023,023,023,091,024,024,024,024,024,024,024,024,024,024,024,024,024,024,024,024,024,024,024,024,024,024,024,024,024,024,024,024,091,025,025,025,025,025,025,025,025,025,025,025,025,025,025,025,025,025,025,025,025,025,025,025,025,025,025,025,025,091,026,026,026,026,026,026,026,026,026,026,026,026,026,026,026,026,026,026,026,026,026,026,026,026,026,026,026,026,026,091,027,027,027,027,027,027,027,027,027,027,027,027,027,027,027,027,027,027,027,027,027,027,027,027,027,027,027,027,091,028,028,028,028,028,028,028,028,028,028,028,028,028,028,028,028,028,028,028,028,028,028,028,028,028,028,028,028,091,029,029,029,029,029,029,029,029,029,029,029,029,029,029,029,029,029,029,029,029,029,029,029,029,029,029,029,029,029,030,091,030,030,030,030,030,030,030,030,030,030,030,030,030,030,030,030,030,030,030,030,030,030,030,030,030,030,030,091,031,031,031,031,031,031,031,031,031,031,031,031,031,031,031,031,031,031,031,031,031,031,031,031,031,031,031,029,091,211,255
208,007,091,016,016,016,016,016,016,016,016,016,016,016,016,016,016,016,016,016,016,016,016,016,016,016,016,016,016,016,091,017,017,017,017,017,017,017,017,017,017,017,017,017,017,017,017,017,017,017,017,017,017,017,017,017,017,017,017,091,018,018,018,018,018,018,018,018,018,018,018,018,018,018,018,018,018,018,018,018,018,018,018,018,018,018,018,018,018,091,019,019,019,019,019,019,019,019,019,019,019,019,019,019,019,019,019,019,019,019,019,019,019,019,019,019,019,019,091,020,020,020,020,020,020,020,020,020,020,020,020,020,020,020,020,020,020,020,020,020,020,020,020,020,020,020,020,091,021,021,021,021,021,021,021,021,021,021,021,021,021,021,021,021,021,021,021,021,021,021,021,021,021,021,021,021,091,022,022,022,022,022,022,022,022,022,022,022,022,022,022,022,022,022,022,022,022,022,022,022,022,022,022,022,022,022,091,023,023,023,023,023,023,023,023,023,023,023,023,023,023,023,023,023,023,023,023,023,023,023,023,023,023,023,023,023,091,024,024,024,024,024,024,024,024,024,024,024,024,024,024,024,024,024,024,024,024,024,024,024,024,024,024,024,024,091,025,025,025,025,025,025,025,025,025,025,025,025,025,025,025,025,025,025,025,025,025,025,025,025,025,025,025,025,091,026,026,026,026,026,026,026,026,026,026,026,026,026,026,026,026,026,026,026,026,026,026,026,026,026,026,026,026,026,091,027,027,027,027,027,027,027,027,027,027,027,027,027,027,027,027,027,027,027,027,027,027,027,027,027,027,027,027,091,028,028,028,028,028,028,028,028,028,028,028,028,028,028,028,028,028,028,028,028,028,028,028,028,028,028,028,028,091,029,029,029,029,029,029,029,029,029,029,029,029,029,029,029,029,029,029,029,029,029,029,029,029,029,029,029,029,029,030,091,030,030,030,030,030,030,030,030,030,030,030,030,030,030,030,030,030,030,030,030,030,030,030,030,030,030,030,091,031,031,031,031,031,031,031,031,031,031,031,031,031,031,031,031,031,031,031,031,031,031,031,031,031,031,031,029,091,211,255
208,007,091,016,016,016,016,016,016,016,016,016,016,016,016,016,016,016,016,016,016,016,016,016,016,016,016,016,016,016,091,017,017,017,017,017,017,017,017,017,017,017,017,017,017,017,017,017,017,017,017,017,017,017,017,017,017,017,017,091,018,018,018,018,018,018,018,018,018,018,018,018,018,018,018,018,018,018,018,018,018,018,018,018,018,018,018,018,018,091,019,019,019,019,019,019,019,019,019,019,019,019,019,019,019,019,019,019,019,019,019,019,019,019,019,019,019,019,091,020,020,020,020,020,020,020,020,020,020,020,020,020,020,020,020,020,020,020,020,020,020,020,020,020,020,020,020,091,021,021,021,021,021,021,021,021,021,021,021,021,021,021,021,021,021,021,021,021,021,021,021,021,021,021,021,021,091,022,022,022,022,022,022,022,022,022,022,022,022,022,022,022,022,022,022,022,022,022,022,022,022,022,022,022,022,022,091,023,023,023,023,023,023,023,023,023,023,023,023,023,023,023,023,023,023,023,023,023,023,023,023,023,023,023,023,023,091,024,024,024,024,024,024,024,024,024,024,024,024,024,024,024,024,024,024,024,024,024,024,024,024,024,024,024,024,091,025,025,025,025,025,025,025,025,025,025,025,025,025,025,025,025,025,025,025,025,025,025,025,025,025,025,025,025,091,026,026,026,026,026,026,026,026,026,026,026,026,026,026,026,026,026,026,026,026,026,026,026,026,026,026,026,026,026,091,027,027,027,027,027,027,027,027,027,027,027,027,027,027,027,027,027,027,027,027,027,027,027,027,027,027,027,027,091,028,028,028,028,028,028,028,028,028,028,028,028,028,028,028,028,028,028,028,028,028,028,028,028,028,028,028,028,091,029,029,029,029,029,029,029,029,029,029,029,029,029,029,029,029,029,029,029,029,029,029,029,029,029,029,029,029,029,030,091,030,030,030,030,030,030,030,030,030,030,030,030,030,030,030,030,030,030,030,030,030,030,030,030,030,030,030,091,031,031,031,031,031,031,031,031,031,031,031,031,031,031,031,031,031,031,031,031,031,031,031,031,031,031,031,029,091,211,255
208,007,091,016,016,016,016,016,016,016,016,016,016,016,016,016,016,016,016,016,016,016,016,016,016,016,016,016,016,016,091,017,017,017,017,017,017,017,017,017,017,017,017,017,017,017,017,017,017,017,017,017,017,017,017,017,017,017,017,091,018,018,018,018,018,018,018,018,018,018,018,018,018,018,018,018,018,018,018,018,018,018,018,018,018,018,018,018,018,091,019,019,019,019,019,019,019,019,019,019,019,019,019,019,019,019,019,019,019,019,019,019,019,019,019,019,019,019,091,020,020,020,020,020,020,020,020,020,020,020,020,020,020,020,020,020,020,020,020,020,020,020,020,020,020,020,020,091,021,021,021,021,021,021,021,021,021,021,021,021,021,021,021,021,021,021,021,021,021,021,021,021,021,021,021,021,091,022,022,022,022,022,022,022,022,022,022,022,022,022,022,022,022,022,022,022,022,022,022,022,022,022,022,022,022,022,091,023,023,023,023,023,023,023,023,023,023,023,023,023,023,023,023,023,023,023,023,023,023,023,023,023,023,023,023,023,091,024,024,024,024,024,024,024,024,024,024,024,024,024,024,024,024,024,024,024,024,024,024,024,024,024,024,024,024,091,025,025,025,025,025,025,025,025,025,025,025,025,025,025,025,025,025,025,025,025,025,025,025,025,025,025,025,025,091,026,026,026,026,026,026,026,026,026,026,026,026,026,026,026,026,026,026,026,026,026,026,026,026,026,026,026,026,026,091,027,027,027,027,027,027,027,027,027,027,027,027,027,027,027,027,027,027,027,027,027,027,027,027,027,027,027,027,091,028,028,028,028,028,028,028,028,028,028,028,028,028,028,028,028,028,028,028,028,028,028,028,028,028,028,028,028,091,029,029,029,029,029,029,029,029,029,029,029,029,029,029,029,029,029,029,029,029,029,029,029,029,029,029,029,029,029,030,091,030,030,030,030,030,030,030,030,030,030,030,030,030,030,030,030,030,030,030,030,030,030,030,030,030,030,030,091,031,031,031,031,031,031,031,031,031,031,031,031,031,031,031,031,031,031,031,031,031,031,031,031,031,031,031,029,091,211,255
208,007,091,016,016,016,016,016,016,016,016,016,016,016,016,016,016,016,016,016,016,016,016,016,016,016,016,016,016,016,091,017,017,017,017,017,017,017,017,017,017,017,017,017,017,017,017,017,017,017,017,017,017,017,017,017,017,017,017,091,018,018,018,018,018,018,018,018,018,018,018,018,018,018,018,018,018,018,018,018,018,018,018,018,018,018,018,018,018,091,019,019,019,019,019,019,019,019,019,019,019,019,019,019,019,019,019,019,019,019,019,019,019,019,019,019,019,019,091,020,020,020,020,020,020,020,020,020,020,020,020,020,020,020,020,020,020,020,020,020,020,020,020,020,020,020,020,091,021,021,021,021,021,021,021,021,021,021,021,021,021,021,021,021,021,021,021,021,021,021,021,021,021,021,021,021,091,022,022,022,022,022,022,022,022,022,022,022,022,022,022,022,022,022,022,022,022,022,022,022,022,022,022,022,022,022,091,023,023,023,023,023,023,023,023,023,023,023,023,023,023,023,023,023,023,023,023,023,023,023,023,023,023,023,023,023,091,024,024,024,024,024,024,024,024,024,024,024,024,024,024,024,024,024,024,024,024,024,024,024,024,024,024,024,024,091,025,025,025,025,025,025,025,025,025,025,025,025,025,025,025,025,025,025,025,025,025,025,025,025,025,025,025,025,091,026,026,026,026,026,026,026,026,026,026,026,026,026,026,026,026,026,026,026,026,026,026,026,026,026,026,026,026,026,091,027,027,027,027,027,027,027,027,027,027,027,027,027,027,027,027,027,027,027,027,027,027,027,027,027,027,027,027,091,028,028,028,028,028,028,028,028,028,028,028,028,028,028,028,028,028,028,028,028,028,028,028,028,028,028,028,028,091,029,029,029,029,029,029,029,029,029,029,029,029,029,029,029,029,029,029,029,029,029,029,029,029,029,029,029,029,029,030,091,030,030,030,030,030,030,030,030,030,030,030,030,030,030,030,030,030,030,030,030,030,030,030,030,030,030,030,091,031,031,031,031,031,031,031,031,031,031,031,031,031,031,031,031,031,031,031,031,031,031,031,031,031,031,031,029,091,211,255
208,007,091,016,016,016,016,016,016,016,016,016,016,016,016,016,016,016,016,016,016,016,016,016,016,016,016,016,016,016,091,017,017,017,017,017,017,017,017,017,017,017,017,017,017,017,017,017,017,017,017,017,017,017,017,017,017,017,017,091,018,018,018,018,018,018,018,018,018,018,018,018,018,018,018,018,018,018,018,018,018,018,018,018,018,018,018,018,018,091,019,019,019,019,019,019,019,019,019,019,019,019,019,019,019,019,019,019,019,019,019,019,019,019,019,019,019,019,091,020,020,020,020,020,020,020,020,020,020,020,020,020,020,020,020,020,020,020,020,020,020,020,020,020,020,020,020,091,021,021,021,021,021,021,021,021,021,021,021,021,021,021,021,021,021,021,021,021,021,021,021,021,021,021,021,021,091,022,022,022,022,022,022,022,022,022,022,022,022,022,022,022,022,022,022,022,022,022,022,022,022,022,022,022,022,022,091,023,023,023,023,023,023,023,023,023,023,023,023,023,023,023,023,023,023,023,023,023,023,023,023,023,023,023,023,023,091,024,024,024,024,024,024,024,024,024,024,024,024,024,024,024,024,024,024,024,024,024,024,024,024,024,024,024,024,091,025,025,025,025,025,025,025,025,025,025,025,025,025,025,025,025,025,025,025,025,025,025,025,025,025,025,025,025,091,026,026,026,026,026,026,026,026,026,026,026,026,026,026,026,026,026,026,026,026,026,026,026,026,026,026,026,026,026,091,027,027,027,027,027,027,027,027,027,027,027,027,027,027,027,027,027,027,027,027,027,027,027,027,027,027,027,027,091,028,028,028,028,028,028,028,028,028,028,028,028,028,028,028,028,028,028,028,028,028,028,028,028,028,028,028,028,091,029,029,029,029,029,029,029,029,029,029,029,029,029,029,029,029,029,029,029,029,029,029,029,029,029,029,029,029,029,030,091,030,030,030,030,030,030,030,030,030,030,030,030,030,030,030,030,030,030,030,030,030,030,030,030,030,030,030,091,031,031,031,031,031,031,031,031,031,031,031,031,031,031,031,031,031,031,031,031,031,031,031,031,031,031,031,029,091,211,255
208,007,091,016,016,016,016,016,016,016,016,016,016,016,016,016,016,016,016,016,016,016,016,016,016,016,016,016,016,016,091,017,017,017,017,017,017,017,017,017,017,017,017,017,017,017,017,017,017,017,017,017,017,017,017,017,017,017,017,091,018,018,018,018,018,018,018,018,018,018,018,018,018,018,018,018,018,018,018,018,018,018,018,018,018,018,018,018,018,091,019,019,019,019,019,019,019,019,019,019,019,019,019,019,019,019,019,019,019,019,019,019,019,019,019,019,019,019,091,020,020,020,020,020,020,020,020,020,020,020,020,020,020,020,020,020,020,020,020,020,020,020,020,020,020,020,020,091,021,021,021,021,021,021,021,021,021,021,021,021,021,021,021,021,021,021,021,021,021,021,021,021,021,021,021,021,091,022,022,022,022,022,022,022,022,022,022,022,022,022,022,022,022,022,022,022,022,022,022,022,022,022,022,022,022,022,091,023,023,023,023,023,023,023,023,023,023,023,023,023,023,023,023,023,023,023,023,023,023,023,023,023,023,023,023,023,091,024,024,024,024,024,024,024,024,024,024,024,024,024,024,024,024,024,024,024,024,024,024,024,024,024,024,024,024,091,025,025,025,025,025,025,025,025,025,025,025,025,025,025,025,025,025,025,025,025,025,025,025,025,025,025,025,025,091,026,026,026,026,026,026,026,026,026,026,026,026,026,026,026,026,026,026,026,026,026,026,026,026,026,026,026,026,026,091,027,027,027,027,027,027,027,027,027,027,027,027,027,027,027,027,027,027,027,027,027,027,027,027,027,027,027,027,091,028,028,028,028,028,028,028,028,028,028,028,028,028,028,028,028,028,028,028,028,028,028,028,028,028,028,028,028,091,029,029,029,029,029,029,029,029,029,029,029,029,029,029,029,029,029,029,029,029,029,029,029,029,029,029,029,029,029,030,091,030,030,030,030,030,030,030,030,030,030,030,030,030,030,030,030,030,030,030,030,030,030,030,030,030,030,030,091,031,031,031,031,031,031,031,031,031,031,031,031,031,031,031,031,031,031,031,031,031,031,031,031,031,031,031,029,091,211,255
208,007,091,016,016,016,016,016,016,016,016,016,016,016,016,016,016,016,016,016,016,016,016,016,016,016,016,016,016,016,091,017,017,017,017,017,017,017,017,017,017,017,017,017,017,017,017,017,017,017,017,017,017,017,017,017,017,017,017,091,018,018,018,018,018,018,018,018,018,018,018,018,018,018,018,018,018,018,018,018,018,018,018,018,018,018,018,018,018,091,019,019,019,019,019,019,019,019,019,019,019,019,019,019,019,019,019,019,019,019,019,019,019,019,019,019,019,019,091,020,020,020,020,020,020,020,020,020,020,020,020,020,020,020,020,020,020,020,020,020,020,020,020,020,020,020,020,091,021,021,021,021,021,021,021,021,021,021,021,021,021,021,021,021,021,021,021,021,021,021,021,021,021,021,021,021,091,022,022,022,022,022,022,022,022,022,022,022,022,022,022,022,022,022,022,022,022,022,022,022,022,022,022,022,022,022,091,023,023,023,023,023,023,023,023,023,023,023,023,023,023,023,023,023,023,023,023,023,023,023,023,023,023,023,023,023,091,024,024,024,024,024,024,024,024,024,024,024,024,024,024,024,024,024,024,024,024,024,024,024,024,024,024,024,024,091,025,025,025,025,025,025,025,025,025,025,025,025,025,025,025,025,025,025,025,025,025,025,025,025,025,025,025,025,091,026,026,026,026,026,026,026,026,026,026,026,026,026,026,026,026,026,026,026,026,026,026,026,026,026,026,026,026,026,091,027,027,027,027,027,027,027,027,027,027,027,027,027,027,027,027,027,027,027,027,027,027,027,027,027,027,027,027,091,028,028,028,028,028,028,028,028,028,028,028,028,028,028,028,028,028,028,028,028,028,028,028,028,028,028,028,028,091,029,029,029,029,029,029,029,029,029,029,029,029,029,029,029,029,029,029,029,029,029,029,029,029,029,029,029,029,029,030,091,030,030,030,030,030,030,030,030,030,030,030,030,030,030,030,030,030,030,030,030,030,030,030,030,030,030,030,091,031,031,031,031,031,031,031,031,031,031,031,031,031,031,031,031,031,031,031,031,031,031,031,031,031,031,031,029,091,211,255
208,007,091,016,016,016,016,016,016,016,016,016,016,016,016,016,016,016,016,016,016,016,016,016,016,016,016,016,016,016,091,017,017,017,017,017,017,017,017,017,017,017,017,017,017,017,017,017,017,017,017,017,017,017,017,017,017,017,017,091,018,018,018,018,018,018,018,018,018,018,018,018,018,018,018,018,018,018,018,018,018,018,018,018,018,018,018,018,018,091,019,019,019,019,019,019,019,019,019,019,019,019,019,019,019,019,019,019,019,019,019,019,019,019,019,019,019,019,091,020,020,020,020,020,020,020,020,020,020,020,020,020,020,020,020,020,020,020,020,020,020,020,020,020,020,020,020,091,021,021,021,021,021,021,021,021,021,021,021,021,021,021,021,021,021,021,021,021,021,021,021,021,021,021,021,021,091,022,022,022,022,022,022,022,022,022,022,022,022,022,022,022,022,022,022,022,022,022,022,022,022,022,022,022,022,022,091,023,023,023,023,023,023,023,023,023,023,023,023,023,023,023,023,023,023,023,023,023,023,023,023,023,023,023,023,023,091,024,024,024,024,024,024,024,024,024,024,024,024,024,024,024,024,024,024,024,024,024,024,024,024,024,024,024,024,091,025,025,025,025,025,025,025,025,025,025,025,025,025,025,025,025,025,025,025,025,025,025,025,025,025,025,025,025,091,026,026,026,026,026,026,026,026,026,026,026,026,026,026,026,026,026,026,026,026,026,026,026,026,026,026,026,026,026,091,027,027,027,027,027,027,027,027,027,027,027,027,027,027,027,027,027,027,027,027,027,027,027,027,027,027,027,027,091,028,028,028,028,028,028,028,028,028,028,028,028,028,028,028,028,028,028,028,028,028,028,028,028,028,028,028,028,091,029,029,029,029,029,029,029,029,029,029,029,029,029,029,029,029,029,029,029,029,029,029,029,029,029,029,029,029,029,030,091,030,030,030,030,030,030,030,030,030,030,030,030,030,030,030,030,030,030,030,030,030,030,030,030,030,030,030,091,031,031,031,031,031,031,031,031,031,031,031,031,031,031,031,031,031,031,031,031,031,031,031,031,031,031,031,029,091,211,255
208,007,091,016,016,016,016,016,016,016,016,016,016,016,016,016,016,016,016,016,016,016,016,016,016,016,016,016,016,016,091,017,017,017,017,017,017,017,017,017,017,017,017,017,017,017,017,017,017,017,017,017,017,017,017,017,017,017,017,091,018,018,018,018,018,018,018,018,018,018,018,018,018,018,018,018,018,018,018,018,018,018,018,018,018,018,018,018,018,091,019,019,019,019,019,019,019,019,019,019,019,019,019,019,019,019,019,019,019,019,019,019,019,019,019,019,019,019,091,020,020,020,020,020,020,020,020,020,020,020,020,020,020,020,020,020,020,020,020,020,020,020,020,020,020,020,020,091,021,021,021,021,021,021,021,021,021,021,021,021,021,021,021,021,021,021,021,021,021,021,021,021,021,021,021,021,091,022,022,022,022,022,022,022,022,022,022,022,022,022,022,022,022,022,022,022,022,022,022,022,022,022,022,022,022,022,091,023,023,023,023,023,023,023,023,023,023,023,023,023,023,023,023,023,023,023,023,023,023,023,023,023,023,023,023,023,091,024,024,024,024,024,024,024,024,024,024,024,024,024,024,024,024,024,024,024,024,024,024,024,024,024,024,024,024,091,025,025,025,025,025,025,025,025,025,025,025,025,025,025,025,025,025,025,025,025,025,025,025,025,025,025,025,025,091,026,026,026,026,026,026,026,026,026,026,026,026,026,026,026,026,026,026,026,026,026,026,026,026,026,026,026,026,026,091,027,027,027,027,027,027,027,027,027,027,027,027,027,027,027,027,027,027,027,027,027,027,027,027,027,027,027,027,091,028,028,028,028,028,028,028,028,028,028,028,028,028,028,028,028,028,028,028,028,028,028,028,028,028,028,028,028,091,029,029,029,029,029,029,029,029,029,029,029,029,029,029,029,029,029,029,029,029,029,029,029,029,029,029,029,029,029,030,091,030,030,030,030,030,030,030,030,030,030,030,030,030,030,030,030,030,030,030,030,030,030,030,030,030,030,030,091,031,031,031,031,031,031,031,031,031,031,031,031,031,031,031,031,031,031,031,031,031,031,031,031,031,031,031,029,091,211,255
208,007,091,016,016,016,016,016,016,016,016,016,016,016,016,016,016,016,016,016,016,016,016,016,016,016,016,016,016,016,091,017,017,017,017,017,017,017,017,017,017,017,017,017,017,017,017,017,017,017,017,017,017,017,017,017,017,017,017,091,018,018,018,018,018,018,018,018,018,018,018,018,018,018,018,018,018,018,018,018,018,018,018,018,018,018,018,018,018,091,019,019,019,019,019,019,019,019,019,019,019,019,019,019,019,019,019,019,019,019,019,019,019,019,019,019,019,019,091,020,020,020,020,020,020,020,020,020,020,020,020,020,020,020,020,020,020,020,020,020,020,020,020,020,020,020,020,091,021,021,021,021,021,021,021,021,021,021,021,021,021,021,021,021,021,021,021,021,021,021,021,021,021,021,021,021,091,022,022,022,022,022,022,022,022,022,022,022,022,022,022,022,022,022,022,022,022,022,022,022,022,022,022,022,022,022,091,023,023,023,023,023,023,023,023,023,023,023,023,023,023,023,023,023,023,023,023,023,023,023,023,023,023,023,023,023,091,024,024,024,024,024,024,024,024,024,024,024,024,024,024,024,024,024,024,024,024,024,024,024,024,024,024,024,024,091,025,025,025,025,025,025,025,025,025,025,025,025,025,025,025,025,025,025,025,025,025,025,025,025,025,025,025,025,091,026,026,026,026,026,026,026,026,026,026,026,026,026,026,026,026,026,026,026,026,026,026,026,026,026,026,026,026,026,091,027,027,027,027,027,027,027,027,027,027,027,027,027,027,027,027,027,027,027,027,027,027,027,027,027,027,027,027,091,028,028,028,028,028,028,028,028,028,028,028,028,028,028,028,028,028,028,028,028,028,028,028,028,028,028,028,028,091,029,029,029,029,029,029,029,029,029,029,029,029,029,029,029,029,029,029,029,029,029,029,029,029,029,029,029,029,029,030,091,030,030,030,030,030,030,030,030,030,030,030,030,030,030,030,030,030,030,030,030,030,030,030,030,030,030,030,091,031,031,031,031,031,031,031,031,031,031,031,031,031,031,031,031,031,031,031,031,031,031,031,031,031,031,031,029,091,211,255
208,007,091,016,016,016,016,016,016,016,016,016,016,016,016,016,016,016,016,016,016,016,016,016,016,016,016,016,016,016,091,017,017,017,017,017,017,017,017,017,017,017,017,017,017,017,017,017,017,017,017,017,017,017,017,017,017,017,017,091,018,018,018,018,018,018,018,018,018,018,018,018,018,018,018,018,018,018,018,018,018,018,018,018,018,018,018,018,018,091,019,019,019,019,019,019,019,019,019,019,019,019,019,019,019,019,019,019,019,019,019,019,019,019,019,019,019,019,091,020,020,020,020,020,020,020,020,020,020,020,020,020,020,020,020,020,020,020,020,020,020,020,020,020,020,020,020,091,021,021,021,021,021,021,021,021,021,021,021,021,021,021,021,021,021,021,021,021,021,021,021,021,021,021,021,021,091,022,022,022,022,022,022,022,022,022,022,022,022,022,022,022,022,022,022,022,022,022,022,022,022,022,022,022,022,022,091,023,023,023,023,023,023,023,023,023,023,023,023,023,023,023,023,023,023,023,023,023,023,023,023,023,023,023,023,023,091,024,024,024,024,024,024,024,024,024,024,024,024,024,024,024,024,024,024,024,024,024,024,024,024,024,024,024,024,091,025,025,025,025,025,025,025,025,025,025,025,025,025,025,025,025,025,025,025,025,025,025,025,025,025,025,025,025,091,026,026,026,026,026,026,026,026,026,026,026,026,026,026,026,026,026,026,026,026,026,026,026,026,026,026,026,026,026,091,027,027,027,027,027,027,027,027,027,027,027,027,027,027,027,027,027,027,027,027,027,027,027,027,027,027,027,027,091,028,028,028,028,028,028,028,028,028,028,028,028,028,028,028,028,028,028,028,028,028,028,028,028,028,028,028,028,091,029,029,029,029,029,029,029,029,029,029,029,029,029,029,029,029,029,029,029,029,029,029,029,029,029,029,029,029,029,030,091,030,030,030,030,030,030,030,030,030,030,030,030,030,030,030,030,030,030,030,030,030,030,030,030,030,030,030,091,031,031,031,031,031,031,031,031,031,031,031,031,031,031,031,031,031,031,031,031,031,031,031,031,031,031,031,029,091,211,255
208,007,091,016,016,016,016,016,016,016,016,016,016,016,016,016,016,016,016,016,016,016,016,016,016,016,016,016,016,016,091,017,017,017,017,017,017,017,017,017,017,017,017,017,017,017,017,017,017,017,017,017,017,017,017,017,017,017,017,091,018,018,018,018,018,018,018,018,018,018,018,018,018,018,018,018,018,018,018,018,018,018,018,018,018,018,018,018,018,091,019,019,019,019,019,019,019,019,019,019,019,019,019,019,019,019,019,019,019,019,019,019,019,019,019,019,019,019,091,020,020,020,020,020,020,020,020,020,020,020,020,020,020,020,020,020,020,020,020,020,020,020,020,020,020,020,020,091,021,021,021,021,021,021,021,021,021,021,021,021,021,021,021,021,021,021,021,021,021,021,021,021,021,021,021,021,091,022,022,022,022,022,022,022,022,022,022,022,022,022,022,022,022,022,022,022,022,022,022,022,022,022,022,022,022,022,091,023,023,023,023,023,023,023,023,023,023,023,023,023,023,023,023,023,023,023,023,023,023,023,023,023,023,023,023,023,091,024,024,024,024,024,024,024,024,024,024,024,024,024,024,024,024,024,024,024,024,024,024,024,024,024,024,024,024,091,025,025,025,025,025,025,025,025,025,025,025,025,025,025,025,025,025,025,025,025,025,025,025,025,025,025,025,025,091,026,026,026,026,026,026,026,026,026,026,026,026,026,026,026,026,026,026,026,026,026,026,026,026,026,026,026,026,026,091,027,027,027,027,027,027,027,027,027,027,027,027,027,027,027,027,027,027,027,027,027,027,027,027,027,027,027,027,091,028,028,028,028,028,028,028,028,028,028,028,028,028,028,028,028,028,028,028,028,028,028,028,028,028,028,028,028,091,029,029,029,029,029,029,029,029,029,029,029,029,029,029,029,029,029,029,029,029,029,029,029,029,029,029,029,029,029,030,091,030,030,030,030,030,030,030,030,030,030,030,030,030,030,030,030,030,030,030,030,030,030,030,030,030,030,030,091,031,031,031,031,031,031,031,031,031,031,031,031,031,031,031,031,031,031,031,031,031,031,031,031,031,031,031,029,091,211,255
208,007,091,016,016,016,016,016,016,016,016,016,016,016,016,016,016,016,016,016,016,016,016,016,016,016,016,016,016,016,091,017,017,017,017,017,017,017,017,017,017,017,017,017,017,017,017,017,017,017,017,017,017,017,017,017,017,017,017,091,018,018,018,018,018,018,018,018,018,018,018,018,018,018,018,018,018,018,018,018,018,018,018,018,018,018,018,018,018,091,019,019,019,019,019,019,019,019,019,019,019,019,019,019,019,019,019,019,019,019,019,019,019,019,019,019,019,019,091,020,020,020,020,020,020,020,020,020,020,020,020,020,020,020,020,020,020,020,020,020,020,020,020,020,020,020,020,091,021,021,021,021,021,021,021,021,021,021,021,021,021,021,021,021,021,021,021,021,021,021,021,021,021,021,021,021,091,022,022,022,022,022,022,022,022,022,022,022,022,022,022,022,022,022,022,022,022,022,022,022,022,022,022,022,022,022,091,023,023,023,023,023,023,023,023,023,023,023,023,023,023,023,023,023,023,023,023,023,023,023,023,023,023,023,023,023,091,024,024,024,024,024,024,024,024,024,024,024,024,024,024,024,024,024,024,024,024,024,024,024,024,024,024,024,024,091,025,025,025,025,025,025,025,025,025,025,025,025,025,025,025,025,025,025,025,025,025,025,025,025,025,025,025,025,091,026,026,026,026,026,026,026,026,026,026,026,026,026,026,026,026,026,026,026,026,026,026,026,026,026,026,026,026,026,091,027,027,027,027,027,027,027,027,027,027,027,027,027,027,027,027,027,027,027,027,027,027,027,027,027,027,027,027,091,028,028,028,028,028,028,028,028,028,028,028,028,028,028,028,028,028,028,028,028,028,028,028,028,028,028,028,028,091,029,029,029,029,029,029,029,029,029,029,029,029,029,029,029,029,029,029,029,029,029,029,029,029,029,029,029,029,029,030,091,030,030,030,030,030,030,030,030,030,030,030,030,030,030,030,030,030,030,030,030,030,030,030,030,030,030,030,091,031,031,031,031,031,031,031,031,031,031,031,031,031,031,031,031,031,031,031,031,031,031,031,031,031,031,031,029,091,211,255
208,007,091,016,016,016,016,016,016,016,016,016,016,016,016,016,016,016,016,016,016,016,016,016,016,016,016,016,016,016,091,017,017,017,017,017,017,017,017,017,017,017,017,017,017,017,017,017,017,017,017,017,017,017,017,017,017,017,017,091,018,018,018,018,018,018,018,018,018,018,018,018,018,018,018,018,018,018,018,018,018,018,018,018,018,018,018,018,018,091,019,019,019,019,019,019,019,019,019,019,019,019,019,019,019,019,019,019,019,019,019,019,019,019,019,019,019,019,091,020,020,020,020,020,020,020,020,020,020,020,020,020,020,020,020,020,020,020,020,020,020,020,020,020,020,020,020,091,021,021,021,021,021,021,021,021,021,021,021,021,021,021,021,021,021,021,021,021,021,021,021,021,021,021,021,021,091,022,022,022,022,022,022,022,022,022,022,022,022,022,022,022,022,022,022,022,022,022,022,022,022,022,022,022,022,022,091,023,023,023,023,023,023,023,023,023,023,023,023,023,023,023,023,023,023,023,023,023,023,023,023,023,023,023,023,023,091,024,024,024,024,024,024,024,024,024,024,024,024,024,024,024,024,024,024,024,024,024,024,024,024,024,024,024,024,091,025,025,025,025,025,025,025,025,025,025,025,025,025,025,025,025,025,025,025,025,025,025,025,025,025,025,025,025,091,026,026,026,026,026,026,026,026,026,026,026,026,026,026,026,026,026,026,026,026,026,026,026,026,026,026,026,026,026,091,027,027,027,027,027,027,027,027,027,027,027,027,027,027,027,027,027,027,027,027,027,027,027,027,027,027,027,027,091,028,028,028,028,028,028,028,028,028,028,028,028,028,028,028,028,028,028,028,028,028,028,028,028,028,028,028,028,091,029,029,029,029,029,029,029,029,029,029,029,029,029,029,029,029,029,029,029,029,029,029,029,029,029,029,029,029,029,030,091,030,030,030,030,030,030,030,030,030,030,030,030,030,030,030,030,030,030,030,030,030,030,030,030,030,030,030,091,031,031,031,031,031,031,031,031,031,031,031,031,031,031,031,031,031,031,031,031,031,031,031,031,031,031,031,029,091,211,255
208,007,091,016,016,016,016,016,016,016,016,016,016,016,016,016,016,016,016,016,016,016,016,016,016,016,016,016,016,016,091,017,017,017,017,017,017,017,017,017,017,017,017,017,017,017,017,017,017,017,017,017,017,017,017,017,017,017,017,091,018,018,018,018,018,018,018,018,018,018,018,018,018,018,018,018,018,018,018,018,018,018,018,018,018,018,018,018,018,091,019,019,019,019,019,019,019,019,019,019,019,019,019,019,019,019,019,019,019,019,019,019,019,019,019,019,019,019,091,020,020,020,020,020,020,020,020,020,020,020,020,020,020,020,020,020,020,020,020,020,020,020,020,020,020,020,020,091,021,021,021,021,021,021,021,021,021,021,021,021,021,021,021,021,021,021,021,021,021,021,021,021,021,021,021,021,091,022,022,022,022,022,022,022,022,022,022,022,022,022,022,022,022,022,022,022,022,022,022,022,022,022,022,022,022,022,091,023,023,023,023,023,023,023,023,023,023,023,023,023,023,023,023,023,023,023,023,023,023,023,023,023,023,023,023,023,091,024,024,024,024,024,024,024,024,024,024,024,024,024,024,024,024,024,024,024,024,024,024,024,024,024,024,024,024,091,025,025,025,025,025,025,025,025,025,025,025,025,025,025,025,025,025,025,025,025,025,025,025,025,025,025,025,025,091,026,026,026,026,026,026,026,026,026,026,026,026,026,026,026,026,026,026,026,026,026,026,026,026,026,026,026,026,026,091,027,027,027,027,027,027,027,027,027,027,027,027,027,027,027,027,027,027,027,027,027,027,027,027,027,027,027,027,091,028,028,028,028,028,028,028,028,028,028,028,028,028,028,028,028,028,028,028,028,028,028,028,028,028,028,028,028,091,029,029,029,029,029,029,029,029,029,029,029,029,029,029,029,029,029,029,029,029,029,029,029,029,029,029,029,029,029,030,091,030,030,030,030,030,030,030,030,030,030,030,030,030,030,030,030,030,030,030,030,030,030,030,030,030,030,030,091,031,031,031,031,031,031,031,031,031,031,031,031,031,031,031,031,031,031,031,031,031,031,031,031,031,031,031,029,091,211,255
207,007,091,016,016,016,016,016,016,016,016,016,016,016,016,016,016,016,016,016,016,016,016,016,016,016,016,016,016,016,091,017,017,017,017,017,017,017,017,017,017,017,017,017,017,017,017,017,017,017,017,017,017,017,017,017,017,017,017,091,018,018,018,018,018,018,018,018,018,018,018,018,018,018,018,018,018,018,018,018,018,018,018,018,018,018,018,018,018,091,019,019,019,019,019,019,019,019,019,019,019,019,019,019,019,019,019,019,019,019,019,019,019,019,019,019,019,019,091,020,020,020,020,020,020,020,020,020,020,020,020,020,020,020,020,020,020,020,020,020,020,020,020,020,020,020,020,091,021,021,021,021,021,021,021,021,021,021,021,021,021,021,021,021,021,021,021,021,021,021,021,021,021,021,021,021,091,022,022,022,022,022,022,022,022,022,022,022,022,022,022,022,022,022,022,022,022,022,022,022,022,022,022,022,022,022,091,023,023,023,023,023,023,023,023,023,023,023,023,023,023,023,023,023,023,023,023,023,023,023,023,023,023,023,023,023,091,024,024,024,024,024,024,024,024,024,024,024,024,024,024,024,024,024,024,024,024,024,024,024,024,024,024,024,024,091,025,025,025,025,025,025,025,025,025,025,025,025,025,025,025,025,025,025,025,025,025,025,025,025,025,025,025,025,091,026,026,026,026,026,026,026,026,026,026,026,026,026,026,026,026,026,026,026,026,026,026,026,026,026,026,026,026,026,091,027,027,027,027,027,027,027,027,027,027,027,027,027,027,027,027,027,027,027,027,027,027,027,027,027,027,027,027,091,028,028,028,028,028,028,028,028,028,028,028,028,028,028,028,028,028,028,028,028,028,028,028,028,028,028,028,028,091,029,029,029,029,029,029,029,029,029,029,029,029,029,029,029,029,029,029,029,029,029,029,029,029,029,029,029,029,029,030,091,030,030,030,030,030,030,030,030,030,030,030,030,030,030,030,030,030,030,030,030,030,030,030,030,030,030,030,091,031,031,031,031,031,031,031,031,031,031,031,031,031,031,031,031,031,031,031,031,031,031,031,031,031,031,031,029,091,210,255
216,008,091,016,016,016,016,016,016,016,016,016,016,016,016,016,016,016,016,016,016,016,016,016,016,016,016,016,016,016,091,017,017,017,017,017,017,017,017,017,017,017,017,017,017,017,017,017,017,017,017,017,017,017,017,017,017,017,017,091,018,018,018,018,018,018,018,018,018,018,018,018,018,018,018,018,018,018,018,018,018,018,018,018,018,018,018,018,018,091,019,019,019,019,019,019,019,019,019,019,019,019,019,019,019,019,019,019,019,019,019,019,019,019,019,019,019,019,091,020,020,020,020,020,020,020,020,020,020,020,020,020,020,020,020,020,020,020,020,020,020,020,020,020,020,020,020,091,021,021,021,021,021,021,021,021,021,021,021,021,021,021,021,021,021,021,021,021,021,021,021,021,021,021,021,021,091,022,022,022,022,022,022,022,022,022,022,022,022,022,022,022,022,022,022,022,022,022,022,022,022,022,022,022,022,022,091,023,023,023,023,023,023,023,023,023,023,023,023,023,023,023,023,023,023,023,023,023,023,023,023,023,023,023,023,023,091,024,024,024,024,024,024,024,024,024,024,024,024,024,024,024,024,024,024,024,024,024,024,024,024,024,024,024,024,091,025,025,025,025,025,025,025,025,025,025,025,025,025,025,025,025,025,025,025,025,025,025,025,025,025,025,025,025,091,026,026,026,026,026,026,026,026,026,026,026,026,026,026,026,026,026,026,026,026,026,026,026,026,026,026,026,026,026,091,027,027,027,027,027,027,027,027,027,027,027,027,027,027,027,027,027,027,027,027,027,027,027,027,027,027,027,027,091,028,028,028,028,028,028,028,028,028,028,028,028,028,028,028,028,028,028,028,028,028,028,028,028,028,028,028,028,091,029,029,029,029,029,029,029,029,029,029,029,029,029,029,029,029,029,029,029,029,029,029,029,029,029,029,029,029,029,030,091,030,030,030,030,030,030,030,030,030,030,030,030,030,030,030,030,030,030,030,030,030,030,030,030,030,030,030,091,031,031,031,031,031,031,031,031,031,031,031,031,031,031,031,031,031,031,031,031,031,031,031,031,031,031,031,030,091,219,255
164,010,091,015,015,015,015,015,015,015,015,015,015,015,015,015,015,015,015,015,015,015,015,015,015,015,015,015,015,015,091,016,016,016,016,016,016,016,016,016,016,016,016,016,016,016,016,016,016,016,016,016,016,016,016,016,016,016,016,091,017,017,017,017,017,017,017,017,017,017,017,017,017,017,017,017,017,017,017,017,017,017,017,017,017,017,017,017,017,091,018,018,018,018,018,018,018,018,018,018,018,018,018,018,018,018,018,018,018,018,018,018,018,018,018,018,018,018,091,019,019,019,019,019,019,019,019,019,019,019,019,019,019,019,019,019,019,019,019,019,019,019,019,019,019,019,019,091,020,020,020,020,020,020,020,020,020,020,020,020,020,020,020,020,020,020,020,020,020,020,020,020,020,020,020,020,091,021,021,021,021,021,021,021,021,021,021,021,021,021,021,021,021,021,021,021,021,021,021,021,021,021,021,021,021,021,091,022,022,022,022,022,022,022,022,022,022,022,022,022,022,022,022,022,022,022,022,022,022,022,022,022,022,022,022,022,091,023,023,023,023,023,023,023,023,023,023,023,023,023,023,023,023,023,023,023,023,023,023,023,023,023,023,023,023,091,024,024,024,024,024,024,024,024,024,024,024,024,024,024,024,024,024,024,024,024,024,024,024,024,024,024,024,024,091,025,025,025,025,025,025,025,025,025,025,025,025,025,025,025,025,025,025,025,025,025,025,025,025,025,025,025,025,025,091,026,026,026,026,026,026,026,026,026,026,026,026,026,026,026,026,026,026,026,026,026,026,026,026,026,026,026,026,091,027,027,027,027,027,027,027,027,027,027,027,027,027,027,027,027,027,027,027,027,027,027,027,027,027,027,027,027,091,028,028,028,028,028,028,028,028,028,028,028,028,028,028,028,028,028,028,028,028,028,028,028,028,028,028,028,028,028,029,091,029,029,029,029,029,029,029,029,029,029,029,029,029,029,029,029,029,029,029,029,029,029,029,029,029,029,029,091,030,030,030,030,030,030,030,030,030,030,030,030,030,030,030,030,030,030,030,030,030,030,030,030,030,030,030,029,091,167,210
091,091,091,091,091,091,091,091,091,091,091,091,091,091,091,091,091,091,091,091,091,091,091,091,091,091,091,091,091,091,091,091,091,091,091,091,091,091,091,091,091,091,091,091,091,091,091,091,091,091,091,091,091,091,091,091,091,091,091,091,091,091,091,091,091,091,091,091,091,091,091,091,091,091,091,091,091,091,091,091,091,091,091,091,091,091,091,091,091,091,091,091,091,091,091,091,091,091,091,091,091,091,091,091,091,091,091,091,091,091,091,091,091,091,091,091,091,091,091,091,091,091,091,091,091,091,091,091,091,091,091,091,091,091,091,091,091,091,091,091,091,091,091,091,091,091,091,091,091,091,091,091,091,091,091,091,091,091,091,091,091,091,091,091,091,091,091,091,091,091,091,091,091,091,091,091,091,091,091,091,091,091,091,091,091,091,091,091,091,091,091,091,091,091,091,091,091,091,091,091,091,091,091,091,091,091,091,091,091,091,091,091,091,091,091,091,091,091,091,091,091,091,091,091,091,091,091,091,091,091,091,091,091,091,091,091,091,091,091,091,091,091,091,091,091,091,091,091,091,091,091,091,091,091,091,091,091,091,091,091,091,091,091,091,091,091,091,091,091,091,091,091,091,091,091,091,091,091,091,091,091,091,091,091,091,091,091,091,091,091,091,091,091,091,091,091,091,091,091,091,091,091,091,091,091,091,091,091,091,091,091,091,091,091,091,091,091,091,091,091,091,091,091,091,091,091,091,091,091,091,091,091,091,091,091,091,091,091,091,091,091,091,091,091,091,091,091,091,091,091,091,091,091,091,091,091,091,091,091,091,091,091,091,091,091,091,091,091,091,091,091,091,091,091,091,091,091,091,091,091,091,091,091,091,091,091,091,091,091,091,091,091,091,091,091,091,091,091,091,091,091,091,091,091,091,091,091,091,091,091,091,091,091,091,091,091,091,091,091,091,091,091,091,091,091,091,091,091,091,091,091,091,091,091,091,091,091,091,091,091,091,091,091,091,091,091,091,091,091,091,091,091,091,091,091,091,091,091,091,091,091,091,091,091,091,091,091,091,091,091,091,091,091
168,028,091,033,033,033,033,033,033,033,033,033,033,033,033,033,033,033,033,033,033,033,033,033,033,033,033,033,033,033,091,034,034,034,034,034,034,034,034,034,034,034,034,034,034,034,034,034,034,034,034,034,034,034,034,034,034,034,034,091,035,035,035,035,035,035,035,035,035,035,035,035,035,035,035,035,035,035,035,035,035,035,035,035,035,035,035,035,035,091,036,036,036,036,036,036,036,036,036,036,036,036,036,036,036,036,036,036,036,036,036,036,036,036,036,036,036,036,091,037,037,037,037,037,037,037,037,037,037,037,037,037,037,037,037,037,037,037,037,037,037,037,037,037,037,037,037,091,038,038,038,038,038,038,038,038,038,038,038,038,038,038,038,038,038,038,038,038,038,038,038,038,038,038,038,038,091,039,039,039,039,039,039,039,039,039,039,039,039,039,039,039,039,039,039,039,039,039,039,039,039,039,039,039,039,039,091,040,040,040,040,040,040,040,040,040,040,040,040,040,040,040,040,040,040,040,040,040,040,040,040,040,040,040,040,040,091,041,041,041,041,041,041,041,041,041,041,041,041,041,041,041,041,041,041,041,041,041,041,041,041,041,041,041,041,091,042,042,042,042,042,042,042,042,042,042,042,042,042,042,042,042,042,042,042,042,042,042,042,042,042,042,042,042,091,043,043,043,043,043,043,043,043,043,043,043,043,043,043,043,043,043,043,043,043,043,043,043,043,043,043,043,043,043,091,044,044,044,044,044,044,044,044,044,044,044,044,044,044,044,044,044,044,044,044,044,044,044,044,044,044,044,044,091,045,045,045,045,045,045,045,045,045,045,045,045,045,045,045,045,045,045,045,045,045,045,045,045,045,045,045,045,091,046,046,046,046,046,046,046,046,046,046,046,046,046,046,046,046,046,046,046,046,046,046,046,046,046,046,046,046,046,047,091,047,047,047,047,047,047,047,047,047,047,047,047,047,047,047,047,047,047,047,047,047,047,047,047,047,047,047,091,048,048,048,048,048,048,048,048,048,048,048,048,048,048,048,048,048,048,048,048,048,048,048,048,048,048,048,047,091,171,209
219,024,091,032,032,032,032,032,032,032,032,032,032,032,032,032,032,032,032,032,032,032,032,032,032,032,032,032,032,032,091,033,033,033,033,033,033,033,033,033,033,033,033,033,033,033,033,033,033,033,033,033,033,033,033,033,033,033,033,091,034,034,034,034,034,034,034,034,034,034,034,034,034,034,034,034,034,034,034,034,034,034,034,034,034,034,034,034,034,091,035,035,035,035,035,035,035,035,035,035,035,035,035,035,035,035,035,035,035,035,035,035,035,035,035,035,035,035,091,036,036,036,036,036,036,036,036,036,036,036,036,036,036,036,036,036,036,036,036,036,036,036,036,036,036,036,036,091,037,037,037,037,037,037,037,037,037,037,037,037,037,037,037,037,037,037,037,037,037,037,037,037,037,037,037,037,091,038,038,038,038,038,038,038,038,038,038,038,038,038,038,038,038,038,038,038,038,038,038,038,038,038,038,038,038,038,091,039,039,039,039,039,039,039,039,039,039,039,039,039,039,039,039,039,039,039,039,039,039,039,039,039,039,039,039,039,091,040,040,040,040,040,040,040,040,040,040,040,040,040,040,040,040,040,040,040,040,040,040,040,040,040,040,040,040,091,041,041,041,041,041,041,041,041,041,041,041,041,041,041,041,041,041,041,041,041,041,041,041,041,041,041,041,041,091,042,042,042,042,042,042,042,042,042,042,042,042,042,042,042,042,042,042,042,042,042,042,042,042,042,042,042,042,042,091,043,043,043,043,043,043,043,043,043,043,043,043,043,043,043,043,043,043,043,043,043,043,043,043,043,043,043,043,091,044,044,044,044,044,044,044,044,044,044,044,044,044,044,044,044,044,044,044,044,044,044,044,044,044,044,044,044,091,045,045,045,045,045,045,045,045,045,045,045,045,045,045,045,045,045,045,045,045,045,045,045,045,045,045,045,045,045,046,091,046,046,046,046,046,046,046,046,046,046,046,046,046,046,046,046,046,046,046,046,046,046,046,046,046,046,046,091,047,047,047,047,047,047,047,047,047,047,047,047,047,047,047,047,047,047,047,047,047,047,047,047,047,047,047,046,091,222,255
211,023,091,032,032,032,032,032,032,032,032,032,032,032,032,032,032,032,032,032,032,032,032,032,032,032,032,032,032,032,091,033,033,033,033,033,033,033,033,033,033,033,033,033,033,033,033,033,033,033,033,033,033,033,033,033,033,033,033,091,034,034,034,034,034,034,034,034,034,034,034,034,034,034,034,034,034,034,034,034,034,034,034,034,034,034,034,034,034,091,035,035,035,035,035,035,035,035,035,035,035,035,035,035,035,035,035,035,035,035,035,035,035,035,035,035,035,035,091,036,036,036,036,036,036,036,036,036,036,036,036,036,036,036,036,036,036,036,036,036,036,036,036,036,036,036,036,091,037,037,037,037,037,037,037,037,037,037,037,037,037,037,037,037,037,037,037,037,037,037,037,037,037,037,037,037,091,038,038,038,038,038,038,038,038,038,038,038,038,038,038,038,038,038,038,038,038,038,038,038,038,038,038,038,038,038,091,039,039,039,039,039,039,039,039,039,039,039,039,039,039,039,039,039,039,039,039,039,039,039,039,039,039,039,039,039,091,040,040,040,040,040,040,040,040,040,040,040,040,040,040,040,040,040,040,040,040,040,040,040,040,040,040,040,040,091,041,041,041,041,041,041,041,041,041,041,041,041,041,041,041,041,041,041,041,041,041,041,041,041,041,041,041,041,091,042,042,042,042,042,042,042,042,042,042,042,042,042,042,042,042,042,042,042,042,042,042,042,042,042,042,042,042,042,091,043,043,043,043,043,043,043,043,043,043,043,043,043,043,043,043,043,043,043,043,043,043,043,043,043,043,043,043,091,044,044,044,044,044,044,044,044,044,044,044,044,044,044,044,044,044,044,044,044,044,044,044,044,044,044,044,044,091,045,045,045,045,045,045,045,045,045,045,045,045,045,045,045,045,045,045,045,045,045,045,045,045,045,045,045,045,045,046,091,046,046,046,046,046,046,046,046,046,046,046,046,046,046,046,046,046,046,046,046,046,046,046,046,046,046,046,091,047,047,047,047,047,047,047,047,047,047,047,047,047,047,047,047,047,047,047,047,047,047,047,047,047,047,047,046,091,214,255
211,023,091,032,032,032,032,032,032,032,032,032,032,032,032,032,032,032,032,032,032,032,032,032,032,032,032,032,032,032,091,033,033,033,033,033,033,033,033,033,033,033,033,033,033,033,033,033,033,033,033,033,033,033,033,033,033,033,033,091,034,034,034,034,034,034,034,034,034,034,034,034,034,034,034,034,034,034,034,034,034,034,034,034,034,034,034,034,034,091,035,035,035,035,035,035,035,035,035,035,035,035,035,035,035,035,035,035,035,035,035,035,035,035,035,035,035,035,091,036,036,036,036,036,036,036,036,036,036,036,036,036,036,036,036,036,036,036,036,036,036,036,036,036,036,036,036,091,037,037,037,037,037,037,037,037,037,037,037,037,037,037,037,037,037,037,037,037,037,037,037,037,037,037,037,037,091,038,038,038,038,038,038,038,038,038,038,038,038,038,038,038,038,038,038,038,038,038,038,038,038,038,038,038,038,038,091,039,039,039,039,039,039,039,039,039,039,039,039,039,039,039,039,039,039,039,039,039,039,039,039,039,039,039,039,039,091,040,040,040,040,040,040,040,040,040,040,040,040,040,040,040,040,040,040,040,040,040,040,040,040,040,040,040,040,091,041,041,041,041,041,041,041,041,041,041,041,041,041,041,041,041,041,041,041,041,041,041,041,041,041,041,041,041,091,042,042,042,042,042,042,042,042,042,042,042,042,042,042,042,042,042,042,042,042,042,042,042,042,042,042,042,042,042,091,043,043,043,043,043,043,043,043,043,043,043,043,043,043,043,043,043,043,043,043,043,043,043,043,043,043,043,043,091,044,044,044,044,044,044,044,044,044,044,044,044,044,044,044,044,044,044,044,044,044,044,044,044,044,044,044,044,091,045,045,045,045,045,045,045,045,045,045,045,045,045,045,045,045,045,045,045,045,045,045,045,045,045,045,045,045,045,046,091,046,046,046,046,046,046,046,046,046,046,046,046,046,046,046,046,046,046,046,046,046,046,046,046,046,046,046,091,047,047,047,047,047,047,047,047,047,047,047,047,047,047,047,047,047,047,047,047,047,047,047,047,047,047,047,046,091,214,255
211,023,091,032,032,032,032,032,032,032,032,032,032,032,032,032,032,032,032,032,032,032,032,032,032,032,032,032,032,032,091,033,033,033,033,033,033,033,033,033,033,033,033,033,033,033,033,033,033,033,033,033,033,033,033,033,033,033,033,091,034,034,034,034,034,034,034,034,034,034,034,034,034,034,034,034,034,034,034,034,034,034,034,034,034,034,034,034,034,091,035,035,035,035,035,035,035,035,035,035,035,035,035,035,035,035,035,035,035,035,035,035,035,035,035,035,035,035,091,036,036,036,036,036,036,036,036,036,036,036,036,036,036,036,036,036,036,036,036,036,036,036,036,036,036,036,036,091,037,037,037,037,037,037,037,037,037,037,037,037,037,037,037,037,037,037,037,037,037,037,037,037,037,037,037,037,091,038,038,038,038,038,038,038,038,038,038,038,038,038,038,038,038,038,038,038,038,038,038,038,038,038,038,038,038,038,091,039,039,039,039,039,039,039,039,039,039,039,039,039,039,039,039,039,039,039,039,039,039,039,039,039,039,039,039,039,091,040,040,040,040,040,040,040,040,040,040,040,040,040,040,040,040,040,040,040,040,040,040,040,040,040,040,040,040,091,041,041,041,041,041,041,041,041,041,041,041,041,041,041,041,041,041,041,041,041,041,041,041,041,041,041,041,041,091,042,042,042,042,042,042,042,042,042,042,042,042,042,042,042,042,042,042,042,042,042,042,042,042,042,042,042,042,042,091,043,043,043,043,043,043,043,043,043,043,043,043,043,043,043,043,043,043,043,043,043,043,043,043,043,043,043,043,091,044,044,044,044,044,044,044,044,044,044,044,044,044,044,044,044,044,044,044,044,044,044,044,044,044,044,044,044,091,045,045,045,045,045,045,045,045,045,045,045,045,045,045,045,045,045,045,045,045,045,045,045,045,045,045,045,045,045,046,091,046,046,046,046,046,046,046,046,046,046,046,046,046,046,046,046,046,046,046,046,046,046,046,046,046,046,046,091,047,047,047,047,047,047,047,047,047,047,047,047,047,047,047,047,047,047,047,047,047,047,047,047,047,047,047,046,091,214,255
211,023,091,032,032,032,032,032,032,032,032,032,032,032,032,032,032,032,032,032,032,032,032,032,032,032,032,032,032,032,091,033,033,033,033,033,033,033,033,033,033,033,033,033,033,033,033,033,033,033,033,033,033,033,033,033,033,033,033,091,034,034,034,034,034,034,034,034,034,034,034,034,034,034,034,034,034,034,034,034,034,034,034,034,034,034,034,034,034,091,035,035,035,035,035,035,035,035,035,035,035,035,035,035,035,035,035,035,035,035,035,035,035,035,035,035,035,035,091,036,036,036,036,036,036,036,036,036,036,036,036,036,036,036,036,036,036,036,036,036,036,036,036,036,036,036,036,091,037,037,037,037,037,037,037,037,037,037,037,037,037,037,037,037,037,037,037,037,037,037,037,037,037,037,037,037,091,038,038,038,038,038,038,038,038,038,038,038,038,038,038,038,038,038,038,038,038,038,038,038,038,038,038,038,038,038,091,039,039,039,039,039,039,039,039,039,039,039,039,039,039,039,039,039,039,039,039,039,039,039,039,039,039,039,039,039,091,040,040,040,040,040,040,040,040,040,040,040,040,040,040,040,040,040,040,040,040,040,040,040,040,040,040,040,040,091,041,041,041,041,041,041,041,041,041,041,041,041,041,041,041,041,041,041,041,041,041,041,041,041,041,041,041,041,091,042,042,042,042,042,042,042,042,042,042,042,042,042,042,042,042,042,042,042,042,042,042,042,042,042,042,042,042,042,091,043,043,043,043,043,043,043,043,043,043,043,043,043,043,043,043,043,043,043,043,043,043,043,043,043,043,043,043,091,044,044,044,044,044,044,044,044,044,044,044,044,044,044,044,044,044,044,044,044,044,044,044,044,044,044,044,044,091,045,045,045,045,045,045,045,045,045,045,045,045,045,045,045,045,045,045,045,045,045,045,045,045,045,045,045,045,045,046,091,046,046,046,046,046,046,046,046,046,046,046,046,046,046,046,046,046,046,046,046,046,046,046,046,046,046,046,091,047,047,047,047,047,047,047,047,047,047,047,047,047,047,047,047,047,047,047,047,047,047,047,047,047,047,047,046,091,214,255
211,023,091,032,032,032,032,032,032,032,032,032,032,032,032,032,032,032,032,032,032,032,032,032,032,032,032,032,032,032,091,033,033,033,033,033,033,033,033,033,033,033,033,033,033,033,033,033,033,033,033,033,033,033,033,033,033,033,033,091,034,034,034,034,034,034,034,034,034,034,034,034,034,034,034,034,034,034,034,034,034,034,034,034,034,034,034,034,034,091,035,035,035,035,035,035,035,035,035,035,035,035,035,035,035,035,035,035,035,035,035,035,035,035,035,035,035,035,091,036,036,036,036,036,036,036,036,036,036,036,036,036,036,036,036,036,036,036,036,036,036,036,036,036,036,036,036,091,037,037,037,037,037,037,037,037,037,037,037,037,037,037,037,037,037,037,037,037,037,037,037,037,037,037,037,037,091,038,038,038,038,038,038,038,038,038,038,038,038,038,038,038,038,038,038,038,038,038,038,038,038,038,038,038,038,038,091,039,039,039,039,039,039,039,039,039,039,039,039,039,039,039,039,039,039,039,039,039,039,039,039,039,039,039,039,039,091,040,040,040,040,040,040,040,040,040,040,040,040,040,040,040,040,040,040,040,040,040,040,040,040,040,040,040,040,091,041,041,041,041,041,041,041,041,041,041,041,041,041,041,041,041,041,041,041,041,041,041,041,041,041,041,041,041,091,042,042,042,042,042,042,042,042,042,042,042,042,042,042,042,042,042,042,042,042,042,042,042,042,042,042,042,042,042,091,043,043,043,043,043,043,043,043,043,043,043,043,043,043,043,043,043,043,043,043,043,043,043,043,043,043,043,043,091,044,044,044,044,044,044,044,044,044,044,044,044,044,044,044,044,044,044,044,044,044,044,044,044,044,044,044,044,091,045,045,045,045,045,045,045,045,045,045,045,045,045,045,045,045,045,045,045,045,045,045,045,045,045,045,045,045,045,046,091,046,046,046,046,046,046,046,046,046,046,046,046,046,046,046,046,046,046,046,046,046,046,046,046,046,046,046,091,047,047,047,047,047,047,047,047,047,047,047,047,047,047,047,047,047,047,047,047,047,047,047,047,047,047,047,046,091,214,255
211,023,091,032,032,032,032,032,032,032,032,032,032,032,032,032,032,032,032,032,032,032,032,032,032,032,032,032,032,032,091,033,033,033,033,033,033,033,033,033,033,033,033,033,033,033,033,033,033,033,033,033,033,033,033,033,033,033,033,091,034,034,034,034,034,034,034,034,034,034,034,034,034,034,034,034,034,034,034,034,034,034,034,034,034,034,034,034,034,091,035,035,035,035,035,035,035,035,035,035,035,035,035,035,035,035,035,035,035,035,035,035,035,035,035,035,035,035,091,036,036,036,036,036,036,036,036,036,036,036,036,036,036,036,036,036,036,036,036,036,036,036,036,036,036,036,036,091,037,037,037,037,037,037,037,037,037,037,037,037,037,037,037,037,037,037,037,037,037,037,037,037,037,037,037,037,091,038,038,038,038,038,038,038,038,038,038,038,038,038,038,038,038,038,038,038,038,038,038,038,038,038,038,038,038,038,091,039,039,039,039,039,039,039,039,039,039,039,039,039,039,039,039,039,039,039,039,039,039,039,039,039,039,039,039,039,091,040,040,040,040,040,040,040,040,040,040,040,040,040,040,040,040,040,040,040,040,040,040,040,040,040,040,040,040,091,041,041,041,041,041,041,041,041,041,041,041,041,041,041,041,041,041,041,041,041,041,041,041,041,041,041,041,041,091,042,042,042,042,042,042,042,042,042,042,042,042,042,042,042,042,042,042,042,042,042,042,042,042,042,042,042,042,042,091,043,043,043,043,043,043,043,043,043,043,043,043,043,043,043,043,043,043,043,043,043,043,043,043,043,043,043,043,091,044,044,044,044,044,044,044,044,044,044,044,044,044,044,044,044,044,044,044,044,044,044,044,044,044,044,044,044,091,045,045,045,045,045,045,045,045,045,045,045,045,045,045,045,045,045,045,045,045,045,045,045,045,045,045,045,045,045,046,091,046,046,046,046,046,046,046,046,046,046,046,046,046,046,046,046,046,046,046,046,046,046,046,046,046,046,046,091,047,047,047,047,047,047,047,047,047,047,047,047,047,047,047,047,047,047,047,047,047,047,047,047,047,047,047,046,091,214,255
211,023,091,032,032,032,032,032,032,032,032,032,032,032,032,032,032,032,032,032,032,032,032,032,032,032,032,032,032,032,091,033,033,033,033,033,033,033,033,033,033,033,033,033,033,033,033,033,033,033,033,033,033,033,033,033,033,033,033,091,034,034,034,034,034,034,034,034,034,034,034,034,034,034,034,034,034,034,034,034,034,034,034,034,034,034,034,034,034,091,035,035,035,035,035,035,035,035,035,035,035,035,035,035,035,035,035,035,035,035,035,035,035,035,035,035,035,035,091,036,036,036,036,036,036,036,036,036,036,036,036,036,036,036,036,036,036,036,036,036,036,036,036,036,036,036,036,091,037,037,037,037,037,037,037,037,037,037,037,037,037,037,037,037,037,037,037,037,037,037,037,037,037,037,037,037,091,038,038,038,038,038,038,038,038,038,038,038,038,038,038,038,038,038,038,038,038,038,038,038,038,038,038,038,038,038,091,039,039,039,039,039,039,039,039,039,039,039,039,039,039,039,039,039,039,039,039,039,039,039,039,039,039,039,039,039,091,040,040,040,040,040,040,040,040,040,040,040,040,040,040,040,040,040,040,040,040,040,040,040,040,040,040,040,040,091,041,041,041,041,041,041,041,041,041,041,041,041,041,041,041,041,041,041,041,041,041,041,041,041,041,041,041,041,091,042,042,042,042,042,042,042,042,042,042,042,042,042,042,042,042,042,042,042,042,042,042,042,042,042,042,042,042,042,091,043,043,043,043,043,043,043,043,043,043,043,043,043,043,043,043,043,043,043,043,043,043,043,043,043,043,043,043,091,044,044,044,044,044,044,044,044,044,044,044,044,044,044,044,044,044,044,044,044,044,044,044,044,044,044,044,044,091,045,045,045,045,045,045,045,045,045,045,045,045,045,045,045,045,045,045,045,045,045,045,045,045,045,045,045,045,045,046,091,046,046,046,046,046,046,046,046,046,046,046,046,046,046,046,046,046,046,046,046,046,046,046,046,046,046,046,091,047,047,047,047,047,047,047,047,047,047,047,047,047,047,047,047,047,047,047,047,047,047,047,047,047,047,047,046,091,214,255
211,023,091,032,032,032,032,032,032,032,032,032,032,032,032,032,032,032,032,032,032,032,032,032,032,032,032,032,032,032,091,033,033,033,033,033,033,033,033,033,033,033,033,033,033,033,033,033,033,033,033,033,033,033,033,033,033,033,033,091,034,034,034,034,034,034,034,034,034,034,034,034,034,034,034,034,034,034,034,034,034,034,034,034,034,034,034,034,034,091,035,035,035,035,035,035,035,035,035,035,035,035,035,035,035,035,035,035,035,035,035,035,035,035,035,035,035,035,091,036,036,036,036,036,036,036,036,036,036,036,036,036,036,036,036,036,036,036,036,036,036,036,036,036,036,036,036,091,037,037,037,037,037,037,037,037,037,037,037,037,037,037,037,037,037,037,037,037,037,037,037,037,037,037,037,037,091,038,038,038,038,038,038,038,038,038,038,038,038,038,038,038,038,038,038,038,038,038,038,038,038,038,038,038,038,038,091,039,039,039,039,039,039,039,039,039,039,039,039,039,039,039,039,039,039,039,039,039,039,039,039,039,039,039,039,039,091,040,040,040,040,040,040,040,040,040,040,040,040,040,040,040,040,040,040,040,040,040,040,040,040,040,040,040,040,091,041,041,041,041,041,041,041,041,041,041,041,041,041,041,041,041,041,041,041,041,041,041,041,041,041,041,041,041,091,042,042,042,042,042,042,042,042,042,042,042,042,042,042,042,042,042,042,042,042,042,042,042,042,042,042,042,042,042,091,043,043,043,043,043,043,043,043,043,043,043,043,043,043,043,043,043,043,043,043,043,043,043,043,043,043,043,043,091,044,044,044,044,044,044,044,044,044,044,044,044,044,044,044,044,044,044,044,044,044,044,044,044,044,044,044,044,091,045,045,045,045,045,045,045,045,045,045,045,045,045,045,045,045,045,045,045,045,045,045,045,045,045,045,045,045,045,046,091,046,046,046,046,046,046,046,046,046,046,046,046,046,046,046,046,046,046,046,046,046,046,046,046,046,046,046,091,047,047,047,047,047,047,047,047,047,047,047,047,047,047,047,047,047,047,047,047,047,047,047,047,047,047,047,046,091,214,255
211,023,091,032,032,032,032,032,032,032,032,032,032,032,032,032,032,032,032,032,032,032,032,032,032,032,032,032,032,032,091,033,033,033,033,033,033,033,033,033,033,033,033,033,033,033,033,033,033,033,033,033,033,033,033,033,033,033,033,091,034,034,034,034,034,034,034,034,034,034,034,034,034,034,034,034,034,034,034,034,034,034,034,034,034,034,034,034,034,091,035,035,035,035,035,035,035,035,035,035,035,035,035,035,035,035,035,035,035,035,035,035,035,035,035,035,035,035,091,036,036,036,036,036,036,036,036,036,036,036,036,036,036,036,036,036,036,036,036,036,036,036,036,036,036,036,036,091,037,037,037,037,037,037,037,037,037,037,037,037,037,037,037,037,037,037,037,037,037,037,037,037,037,037,037,037,091,038,038,038,038,038,038,038,038,038,038,038,038,038,038,038,038,038,038,038,038,038,038,038,038,038,038,038,038,038,091,039,039,039,039,039,039,039,039,039,039,039,039,039,039,039,039,039,039,039,039,039,039,039,039,039,039,039,039,039,091,040,040,040,040,040,040,040,040,040,040,040,040,040,040,040,040,040,040,040,040,040,040,040,040,040,040,040,040,091,041,041,041,041,041,041,041,041,041,041,041,041,041,041,041,041,041,041,041,041,041,041,041,041,041,041,041,041,091,042,042,042,042,042,042,042,042,042,042,042,042,042,042,042,042,042,042,042,042,042,042,042,042,042,042,042,042,042,091,043,043,043,043,043,043,043,043,043,043,043,043,043,043,043,043,043,043,043,043,043,043,043,043,043,043,043,043,091,044,044,044,044,044,044,044,044,044,044,044,044,044,044,044,044,044,044,044,044,044,044,044,044,044,044,044,044,091,045,045,045,045,045,045,045,045,045,045,045,045,045,045,045,045,045,045,045,045,045,045,045,045,045,045,045,045,045,046,091,046,046,046,046,046,046,046,046,046,046,046,046,046,046,046,046,046,046,046,046,046,046,046,046,046,046,046,091,047,047,047,047,047,047,047,047,047,047,047,047,047,047,047,047,047,047,047,047,047,047,047,047,047,047,047,046,091,214,255
211,023,091,032,032,032,032,032,032,032,032,032,032,032,032,032,032,032,032,032,032,032,032,032,032,032,032,032,032,032,091,033,033,033,033,033,033,033,033,033,033,033,033,033,033,033,033,033,033,033,033,033,033,033,033,033,033,033,033,091,034,034,034,034,034,034,034,034,034,034,034,034,034,034,034,034,034,034,034,034,034,034,034,034,034,034,034,034,034,091,035,035,035,035,035,035,035,035,035,035,035,035,035,035,035,035,035,035,035,035,035,035,035,035,035,035,035,035,091,036,036,036,036,036,036,036,036,036,036,036,036,036,036,036,036,036,036,036,036,036,036,036,036,036,036,036,036,091,037,037,037,037,037,037,037,037,037,037,037,037,037,037,037,037,037,037,037,037,037,037,037,037,037,037,037,037,091,038,038,038,038,038,038,038,038,038,038,038,038,038,038,038,038,038,038,038,038,038,038,038,038,038,038,038,038,038,091,039,039,039,039,039,039,039,039,039,039,039,039,039,039,039,039,039,039,039,039,039,039,039,039,039,039,039,039,039,091,040,040,040,040,040,040,040,040,040,040,040,040,040,040,040,040,040,040,040,040,040,040,040,040,040,040,040,040,091,041,041,041,041,041,041,041,041,041,041,041,041,041,041,041,041,041,041,041,041,041,041,041,041,041,041,041,041,091,042,042,042,042,042,042,042,042,042,042,042,042,042,042,042,042,042,042,042,042,042,042,042,042,042,042,042,042,042,091,043,043,043,043,043,043,043,043,043,043,043,043,043,043,043,043,043,043,043,043,043,043,043,043,043,043,043,043,091,044,044,044,044,044,044,044,044,044,044,044,044,044,044,044,044,044,044,044,044,044,044,044,044,044,044,044,044,091,045,045,045,045,045,045,045,045,045,045,045,045,045,045,045,045,045,045,045,045,045,045,045,045,045,045,045,045,045,046,091,046,046,046,046,046,046,046,046,046,046,046,046,046,046,046,046,046,046,046,046,046,046,046,046,046,046,046,091,047,047,047,047,047,047,047,047,047,047,047,047,047,047,047,047,047,047,047,047,047,047,047,047,047,047,047,046,091,214,255
211,023,091,032,032,032,032,032,032,032,032,032,032,032,032,032,032,032,032,032,032,032,032,032,032,032,032,032,032,032,091,033,033,033,033,033,033,033,033,033,033,033,033,033,033,033,033,033,033,033,033,033,033,033,033,033,033,033,033,091,034,034,034,034,034,034,034,034,034,034,034,034,034,034,034,034,034,034,034,034,034,034,034,034,034,034,034,034,034,091,035,035,035,035,035,035,035,035,035,035,035,035,035,035,035,035,035,035,035,035,035,035,035,035,035,035,035,035,091,036,036,036,036,036,036,036,036,036,036,036,036,036,036,036,036,036,036,036,036,036,036,036,036,036,036,036,036,091,037,037,037,037,037,037,037,037,037,037,037,037,037,037,037,037,037,037,037,037,037,037,037,037,037,037,037,037,091,038,038,038,038,038,038,038,038,038,038,038,038,038,038,038,038,038,038,038,038,038,038,038,038,038,038,038,038,038,091,039,039,039,039,039,039,039,039,039,039,039,039,039,039,039,039,039,039,039,039,039,039,039,039,039,039,039,039,039,091,040,040,040,040,040,040,040,040,040,040,040,040,040,040,040,040,040,040,040,040,040,040,040,040,040,040,040,040,091,041,041,041,041,041,041,041,041,041,041,041,041,041,041,041,041,041,041,041,041,041,041,041,041,041,041,041,041,091,042,042,042,042,042,042,042,042,042,042,042,042,042,042,042,042,042,042,042,042,042,042,042,042,042,042,042,042,042,091,043,043,043,043,043,043,043,043,043,043,043,043,043,043,043,043,043,043,043,043,043,043,043,043,043,043,043,043,091,044,044,044,044,044,044,044,044,044,044,044,044,044,044,044,044,044,044,044,044,044,044,044,044,044,044,044,044,091,045,045,045,045,045,045,045,045,045,045,045,045,045,045,045,045,045,045,045,045,045,045,045,045,045,045,045,045,045,046,091,046,046,046,046,046,046,046,046,046,046,046,046,046,046,046,046,046,046,046,046,046,046,046,046,046,046,046,091,047,047,047,047,047,047,047,047,047,047,047,047,047,047,047,047,047,047,047,047,047,047,047,047,047,047,047,046,091,214,255
211,023,091,032,032,032,032,032,032,032,032,032,032,032,032,032,032,032,032,032,032,032,032,032,032,032,032,032,032,032,091,033,033,033,033,033,033,033,033,033,033,033,033,033,033,033,033,033,033,033,033,033,033,033,033,033,033,033,033,091,034,034,034,034,034,034,034,034,034,034,034,034,034,034,034,034,034,034,034,034,034,034,034,034,034,034,034,034,034,091,035,035,035,035,035,035,035,035,035,035,035,035,035,035,035,035,035,035,035,035,035,035,035,035,035,035,035,035,091,036,036,036,036,036,036,036,036,036,036,036,036,036,036,036,036,036,036,036,036,036,036,036,036,036,036,036,036,091,037,037,037,037,037,037,037,037,037,037,037,037,037,037,037,037,037,037,037,037,037,037,037,037,037,037,037,037,091,038,038,038,038,038,038,038,038,038,038,038,038,038,038,038,038,038,038,038,038,038,038,038,038,038,038,038,038,038,091,039,039,039,039,039,039,039,039,039,039,039,039,039,039,039,039,039,039,039,039,039,039,039,039,039,039,039,039,039,091,040,040,040,040,040,040,040,040,040,040,040,040,040,040,040,040,040,040,040,040,040,040,040,040,040,040,040,040,091,041,041,041,041,041,041,041,041,041,041,041,041,041,041,041,041,041,041,041,041,041,041,041,041,041,041,041,041,091,042,042,042,042,042,042,042,042,042,042,042,042,042,042,042,042,042,042,042,042,042,042,042,042,042,042,042,042,042,091,043,043,043,043,043,043,043,043,043,043,043,043,043,043,043,043,043,043,043,043,043,043,043,043,043,043,043,043,091,044,044,044,044,044,044,044,044,044,044,044,044,044,044,044,044,044,044,044,044,044,044,044,044,044,044,044,044,091,045,045,045,045,045,045,045,045,045,045,045,045,045,045,045,045,045,045,045,045,045,045,045,045,045,045,045,045,045,046,091,046,046,046,046,046,046,046,046,046,046,046,046,046,046,046,046,046,046,046,046,046,046,046,046,046,046,046,091,047,047,047,047,047,047,047,047,047,047,047,047,047,047,047,047,047,047,047,047,047,047,047,047,047,047,047,046,091,214,255
211,023,091,032,032,032,032,032,032,032,032,032,032,032,032,032,032,032,032,032,032,032,032,032,032,032,032,032,032,032,091,033,033,033,033,033,033,033,033,033,033,033,033,033,033,033,033,033,033,033,033,033,033,033,033,033,033,033,033,091,034,034,034,034,034,034,034,034,034,034,034,034,034,034,034,034,034,034,034,034,034,034,034,034,034,034,034,034,034,091,035,035,035,035,035,035,035,035,035,035,035,035,035,035,035,035,035,035,035,035,035,035,035,035,035,035,035,035,091,036,036,036,036,036,036,036,036,036,036,036,036,036,036,036,036,036,036,036,036,036,036,036,036,036,036,036,036,091,037,037,037,037,037,037,037,037,037,037,037,037,037,037,037,037,037,037,037,037,037,037,037,037,037,037,037,037,091,038,038,038,038,038,038,038,038,038,038,038,038,038,038,038,038,038,038,038,038,038,038,038,038,038,038,038,038,038,091,039,039,039,039,039,039,039,039,039,039,039,039,039,039,039,039,039,039,039,039,039,039,039,039,039,039,039,039,039,091,040,040,040,040,040,040,040,040,040,040,040,040,040,040,040,040,040,040,040,040,040,040,040,040,040,040,040,040,091,041,041,041,041,041,041,041,041,041,041,041,041,041,041,041,041,041,041,041,041,041,041,041,041,041,041,041,041,091,042,042,042,042,042,042,042,042,042,042,042,042,042,042,042,042,042,042,042,042,042,042,042,042,042,042,042,042,042,091,043,043,043,043,043,043,043,043,043,043,043,043,043,043,043,043,043,043,043,043,043,043,043,043,043,043,043,043,091,044,044,044,044,044,044,044,044,044,044,044,044,044,044,044,044,044,044,044,044,044,044,044,044,044,044,044,044,091,045,045,045,045,045,045,045,045,045,045,045,045,045,045,045,045,045,045,045,045,045,045,045,045,045,045,045,045,045,046,091,046,046,046,046,046,046,046,046,046,046,046,046,046,046,046,046,046,046,046,046,046,046,046,046,046,046,046,091,047,047,047,047,047,047,047,047,047,047,047,047,047,047,047,047,047,047,047,047,047,047,047,047,047,047,047,046,091,214,255
211,023,091,032,032,032,032,032,032,032,032,032,032,032,032,032,032,032,032,032,032,032,032,032,032,032,032,032,032,032,091,033,033,033,033,033,033,033,033,033,033,033,033,033,033,033,033,033,033,033,033,033,033,033,033,033,033,033,033,091,034,034,034,034,034,034,034,034,034,034,034,034,034,034,034,034,034,034,034,034,034,034,034,034,034,034,034,034,034,091,035,035,035,035,035,035,035,035,035,035,035,035,035,035,035,035,035,035,035,035,035,035,035,035,035,035,035,035,091,036,036,036,036,036,036,036,036,036,036,036,036,036,036,036,036,036,036,036,036,036,036,036,036,036,036,036,036,091,037,037,037,037,037,037,037,037,037,037,037,037,037,037,037,037,037,037,037,037,037,037,037,037,037,037,037,037,091,038,038,038,038,038,038,038,038,038,038,038,038,038,038,038,038,038,038,038,038,038,038,038,038,038,038,038,038,038,091,039,039,039,039,039,039,039,039,039,039,039,039,039,039,039,039,039,039,039,039,039,039,039,039,039,039,039,039,039,091,040,040,040,040,040,040,040,040,040,040,040,040,040,040,040,040,040,040,040,040,040,040,040,040,040,040,040,040,091,041,041,041,041,041,041,041,041,041,041,041,041,041,041,041,041,041,041,041,041,041,041,041,041,041,041,041,041,091,042,042,042,042,042,042,042,042,042,042,042,042,042,042,042,042,042,042,042,042,042,042,042,042,042,042,042,042,042,091,043,043,043,043,043,043,043,043,043,043,043,043,043,043,043,043,043,043,043,043,043,043,043,043,043,043,043,043,091,044,044,044,044,044,044,044,044,044,044,044,044,044,044,044,044,044,044,044,044,044,044,044,044,044,044,044,044,091,045,045,045,045,045,045,045,045,045,045,045,045,045,045,045,045,045,045,045,045,045,045,045,045,045,045,045,045,045,046,091,046,046,046,046,046,046,046,046,046,046,046,046,046,046,046,046,046,046,046,046,046,046,046,046,046,046,046,091,047,047,047,047,047,047,047,047,047,047,047,047,047,047,047,047,047,047,047,047,047,047,047,047,047,047,047,046,091,214,255
211,023,091,032,032,032,032,032,032,032,032,032,032,032,032,032,032,032,032,032,032,032,032,032,032,032,032,032,032,032,091,033,033,033,033,033,033,033,033,033,033,033,033,033,033,033,033,033,033,033,033,033,033,033,033,033,033,033,033,091,034,034,034,034,034,034,034,034,034,034,034,034,034,034,034,034,034,034,034,034,034,034,034,034,034,034,034,034,034,091,035,035,035,035,035,035,035,035,035,035,035,035,035,035,035,035,035,035,035,035,035,035,035,035,035,035,035,035,091,036,036,036,036,036,036,036,036,036,036,036,036,036,036,036,036,036,036,036,036,036,036,036,036,036,036,036,036,091,037,037,037,037,037,037,037,037,037,037,037,037,037,037,037,037,037,037,037,037,037,037,037,037,037,037,037,037,091,038,038,038,038,038,038,038,038,038,038,038,038,038,038,038,038,038,038,038,038,038,038,038,038,038,038,038,038,038,091,039,039,039,039,039,039,039,039,039,039,039,039,039,039,039,039,039,039,039,039,039,039,039,039,039,039,039,039,039,091,040,040,040,040,040,040,040,040,040,040,040,040,040,040,040,040,040,040,040,040,040,040,040,040,040,040,040,040,091,041,041,041,041,041,041,041,041,041,041,041,041,041,041,041,041,041,041,041,041,041,041,041,041,041,041,041,041,091,042,042,042,042,042,042,042,042,042,042,042,042,042,042,042,042,042,042,042,042,042,042,042,042,042,042,042,042,042,091,043,043,043,043,043,043,043,043,043,043,043,043,043,043,043,043,043,043,043,043,043,043,043,043,043,043,043,043,091,044,044,044,044,044,044,044,044,044,044,044,044,044,044,044,044,044,044,044,044,044,044,044,044,044,044,044,044,091,045,045,045,045,045,045,045,045,045,045,045,045,045,045,045,045,045,045,045,045,045,045,045,045,045,045,045,045,045,046,091,046,046,046,046,046,046,046,046,046,046,046,046,046,046,046,046,046,046,046,046,046,046,046,046,046,046,046,091,047,047,047,047,047,047,047,047,047,047,047,047,047,047,047,047,047,047,047,047,047,047,047,047,047,047,047,046,091,214,255
211,023,091,032,032,032,032,032,032,032,032,032,032,032,032,032,032,032,032,032,032,032,032,032,032,032,032,032,032,032,091,033,033,033,033,033,033,033,033,033,033,033,033,033,033,033,033,033,033,033,033,033,033,033,033,033,033,033,033,091,034,034,034,034,034,034,034,034,034,034,034,034,034,034,034,034,034,034,034,034,034,034,034,034,034,034,034,034,034,091,035,035,035,035,035,035,035,035,035,035,035,035,035,035,035,035,035,035,035,035,035,035,035,035,035,035,035,035,091,036,036,036,036,036,036,036,036,036,036,036,036,036,036,036,036,036,036,036,036,036,036,036,036,036,036,036,036,091,037,037,037,037,037,037,037,037,037,037,037,037,037,037,037,037,037,037,037,037,037,037,037,037,037,037,037,037,091,038,038,038,038,038,038,038,038,038,038,038,038,038,038,038,038,038,038,038,038,038,038,038,038,038,038,038,038,038,091,039,039,039,039,039,039,039,039,039,039,039,039,039,039,039,039,039,039,039,039,039,039,039,039,039,039,039,039,039,091,040,040,040,040,040,040,040,040,040,040,040,040,040,040,040,040,040,040,040,040,040,040,040,040,040,040,040,040,091,041,041,041,041,041,041,041,041,041,041,041,041,041,041,041,041,041,041,041,041,041,041,041,041,041,041,041,041,091,042,042,042,042,042,042,042,042,042,042,042,042,042,042,042,042,042,042,042,042,042,042,042,042,042,042,042,042,042,091,043,043,043,043,043,043,043,043,043,043,043,043,043,043,043,043,043,043,043,043,043,043,043,043,043,043,043,043,091,044,044,044,044,044,044,044,044,044,044,044,044,044,044,044,044,044,044,044,044,044,044,044,044,044,044,044,044,091,045,045,045,045,045,045,045,045,045,045,045,045,045,045,045,045,045,045,045,045,045,045,045,045,045,045,045,045,045,046,091,046,046,046,046,046,046,046,046,046,046,046,046,046,046,046,046,046,046,046,046,046,046,046,046,046,046,046,091,047,047,047,047,047,047,047,047,047,047,047,047,047,047,047,047,047,047,047,047,047,047,047,047,047,047,047,046,091,214,255
211,023,091,032,032,032,032,032,032,032,032,032,032,032,032,032,032,032,032,032,032,032,032,032,032,032,032,032,032,032,091,033,033,033,033,033,033,033,033,033,033,033,033,033,033,033,033,033,033,033,033,033,033,033,033,033,033,033,033,091,034,034,034,034,034,034,034,034,034,034,034,034,034,034,034,034,034,034,034,034,034,034,034,034,034,034,034,034,034,091,035,035,035,035,035,035,035,035,035,035,035,035,035,035,035,035,035,035,035,035,035,035,035,035,035,035,035,035,091,036,036,036,036,036,036,036,036,036,036,036,036,036,036,036,036,036,036,036,036,036,036,036,036,036,036,036,036,091,037,037,037,037,037,037,037,037,037,037,037,037,037,037,037,037,037,037,037,037,037,037,037,037,037,037,037,037,091,038,038,038,038,038,038,038,038,038,038,038,038,038,038,038,038,038,038,038,038,038,038,038,038,038,038,038,038,038,091,039,039,039,039,039,039,039,039,039,039,039,039,039,039,039,039,039,039,039,039,039,039,039,039,039,039,039,039,039,091,040,040,040,040,040,040,040,040,040,040,040,040,040,040,040,040,040,040,040,040,040,040,040,040,040,040,040,040,091,041,041,041,041,041,041,041,041,041,041,041,041,041,041,041,041,041,041,041,041,041,041,041,041,041,041,041,041,091,042,042,042,042,042,042,042,042,042,042,042,042,042,042,042,042,042,042,042,042,042,042,042,042,042,042,042,042,042,091,043,043,043,043,043,043,043,043,043,043,043,043,043,043,043,043,043,043,043,043,043,043,043,043,043,043,043,043,091,044,044,044,044,044,044,044,044,044,044,044,044,044,044,044,044,044,044,044,044,044,044,044,044,044,044,044,044,091,045,045,045,045,045,045,045,045,045,045,045,045,045,045,045,045,045,045,045,045,045,045,045,045,045,045,045,045,045,046,091,046,046,046,046,046,046,046,046,046,046,046,046,046,046,046,046,046,046,046,046,046,046,046,046,046,046,046,091,047,047,047,047,047,047,047,047,047,047,047,047,047,047,047,047,047,047,047,047,047,047,047,047,047,047,047,046,091,214,255
211,023,091,032,032,032,032,032,032,032,032,032,032,032,032,032,032,032,032,032,032,032,032,032,032,032,032,032,032,032,091,033,033,033,033,033,033,033,033,033,033,033,033,033,033,033,033,033,033,033,033,033,033,033,033,033,033,033,033,091,034,034,034,034,034,034,034,034,034,034,034,034,034,034,034,034,034,034,034,034,034,034,034,034,034,034,034,034,034,091,035,035,035,035,035,035,035,035,035,035,035,035,035,035,035,035,035,035,035,035,035,035,035,035,035,035,035,035,091,036,036,036,036,036,036,036,036,036,036,036,036,036,036,036,036,036,036,036,036,036,036,036,036,036,036,036,036,091,037,037,037,037,037,037,037,037,037,037,037,037,037,037,037,037,037,037,037,037,037,037,037,037,037,037,037,037,091,038,038,038,038,038,038,038,038,038,038,038,038,038,038,038,038,038,038,038,038,038,038,038,038,038,038,038,038,038,091,039,039,039,039,039,039,039,039,039,039,039,039,039,039,039,039,039,039,039,039,039,039,039,039,039,039,039,039,039,091,040,040,040,040,040,040,040,040,040,040,040,040,040,040,040,040,040,040,040,040,040,040,040,040,040,040,040,040,091,041,041,041,041,041,041,041,041,041,041,041,041,041,041,041,041,041,041,041,041,041,041,041,041,041,041,041,041,091,042,042,042,042,042,042,042,042,042,042,042,042,042,042,042,042,042,042,042,042,042,042,042,042,042,042,042,042,042,091,043,043,043,043,043,043,043,043,043,043,043,043,043,043,043,043,043,043,043,043,043,043,043,043,043,043,043,043,091,044,044,044,044,044,044,044,044,044,044,044,044,044,044,044,044,044,044,044,044,044,044,044,044,044,044,044,044,091,045,045,045,045,045,045,045,045,045,045,045,045,045,045,045,045,045,045,045,045,045,045,045,045,045,045,045,045,045,046,091,046,046,046,046,046,046,046,046,046,046,046,046,046,046,046,046,046,046,046,046,046,046,046,046,046,046,046,091,047,047,047,047,047,047,047,047,047,047,047,047,047,047,047,047,047,047,047,047,047,047,047,047,047,047,047,046,091,214,255
211,023,091,032,032,032,032,032,032,032,032,032,032,032,032,032,032,032,032,032,032,032,032,032,032,032,032,032,032,032,091,033,033,033,033,033,033,033,033,033,033,033,033,033,033,033,033,033,033,033,033,033,033,033,033,033,033,033,033,091,034,034,034,034,034,034,034,034,034,034,034,034,034,034,034,034,034,034,034,034,034,034,034,034,034,034,034,034,034,091,035,035,035,035,035,035,035,035,035,035,035,035,035,035,035,035,035,035,035,035,035,035,035,035,035,035,035,035,091,036,036,036,036,036,036,036,036,036,036,036,036,036,036,036,036,036,036,036,036,036,036,036,036,036,036,036,036,091,037,037,037,037,037,037,037,037,037,037,037,037,037,037,037,037,037,037,037,037,037,037,037,037,037,037,037,037,091,038,038,038,038,038,038,038,038,038,038,038,038,038,038,038,038,038,038,038,038,038,038,038,038,038,038,038,038,038,091,039,039,039,039,039,039,039,039,039,039,039,039,039,039,039,039,039,039,039,039,039,039,039,039,039,039,039,039,039,091,040,040,040,040,040,040,040,040,040,040,040,040,040,040,040,040,040,040,040,040,040,040,040,040,040,040,040,040,091,041,041,041,041,041,041,041,041,041,041,041,041,041,041,041,041,041,041,041,041,041,041,041,041,041,041,041,041,091,042,042,042,042,042,042,042,042,042,042,042,042,042,042,042,042,042,042,042,042,042,042,042,042,042,042,042,042,042,091,043,043,043,043,043,043,043,043,043,043,043,043,043,043,043,043,043,043,043,043,043,043,043,043,043,043,043,043,091,044,044,044,044,044,044,044,044,044,044,044,044,044,044,044,044,044,044,044,044,044,044,044,044,044,044,044,044,091,045,045,045,045,045,045,045,045,045,045,045,045,045,045,045,045,045,045,045,045,045,045,045,045,045,045,045,045,045,046,091,046,046,046,046,046,046,046,046,046,046,046,046,046,046,046,046,046,046,046,046,046,046,046,046,046,046,046,091,047,047,047,047,047,047,047,047,047,047,047,047,047,047,047,047,047,047,047,047,047,047,047,047,047,047,047,046,091,214,255
211,023,091,032,032,032,032,032,032,032,032,032,032,032,032,032,032,032,032,032,032,032,032,032,032,032,032,032,032,032,091,033,033,033,033,033,033,033,033,033,033,033,033,033,033,033,033,033,033,033,033,033,033,033,033,033,033,033,033,091,034,034,034,034,034,034,034,034,034,034,034,034,034,034,034,034,034,034,034,034,034,034,034,034,034,034,034,034,034,091,035,035,035,035,035,035,035,035,035,035,035,035,035,035,035,035,035,035,035,035,035,035,035,035,035,035,035,035,091,036,036,036,036,036,036,036,036,036,036,036,036,036,036,036,036,036,036,036,036,036,036,036,036,036,036,036,036,091,037,037,037,037,037,037,037,037,037,037,037,037,037,037,037,037,037,037,037,037,037,037,037,037,037,037,037,037,091,038,038,038,038,038,038,038,038,038,038,038,038,038,038,038,038,038,038,038,038,038,038,038,038,038,038,038,038,038,091,039,039,039,039,039,039,039,039,039,039,039,039,039,039,039,039,039,039,039,039,039,039,039,039,039,039,039,039,039,091,040,040,040,040,040,040,040,040,040,040,040,040,040,040,040,040,040,040,040,040,040,040,040,040,040,040,040,040,091,041,041,041,041,041,041,041,041,041,041,041,041,041,041,041,041,041,041,041,041,041,041,041,041,041,041,041,041,091,042,042,042,042,042,042,042,042,042,042,042,042,042,042,042,042,042,042,042,042,042,042,042,042,042,042,042,042,042,091,043,043,043,043,043,043,043,043,043,043,043,043,043,043,043,043,043,043,043,043,043,043,043,043,043,043,043,043,091,044,044,044,044,044,044,044,044,044,044,044,044,044,044,044,044,044,044,044,044,044,044,044,044,044,044,044,044,091,045,045,045,045,045,045,045,045,045,045,045,045,045,045,045,045,045,045,045,045,045,045,045,045,045,045,045,045,045,046,091,046,046,046,046,046,046,046,046,046,046,046,046,046,046,046,046,046,046,046,046,046,046,046,046,046,046,046,091,047,047,047,047,047,047,047,047,047,047,047,047,047,047,047,047,047,047,047,047,047,047,047,047,047,047,047,046,091,214,255
211,023,091,032,032,032,032,032,032,032,032,032,032,032,032,032,032,032,032,032,032,032,032,032,032,032,032,032,032,032,091,033,033,033,033,033,033,033,033,033,033,033,033,033,033,033,033,033,033,033,033,033,033,033,033,033,033,033,033,091,034,034,034,034,034,034,034,034,034,034,034,034,034,034,034,034,034,034,034,034,034,034,034,034,034,034,034,034,034,091,035,035,035,035,035,035,035,035,035,035,035,035,035,035,035,035,035,035,035,035,035,035,035,035,035,035,035,035,091,036,036,036,036,036,036,036,036,036,036,036,036,036,036,036,036,036,036,036,036,036,036,036,036,036,036,036,036,091,037,037,037,037,037,037,037,037,037,037,037,037,037,037,037,037,037,037,037,037,037,037,037,037,037,037,037,037,091,038,038,038,038,038,038,038,038,038,038,038,038,038,038,038,038,038,038,038,038,038,038,038,038,038,038,038,038,038,091,039,039,039,039,039,039,039,039,039,039,039,039,039,039,039,039,039,039,039,039,039,039,039,039,039,039,039,039,039,091,040,040,040,040,040,040,040,040,040,040,040,040,040,040,040,040,040,040,040,040,040,040,040,040,040,040,040,040,091,041,041,041,041,041,041,041,041,041,041,041,041,041,041,041,041,041,041,041,041,041,041,041,041,041,041,041,041,091,042,042,042,042,042,042,042,042,042,042,042,042,042,042,042,042,042,042,042,042,042,042,042,042,042,042,042,042,042,091,043,043,043,043,043,043,043,043,043,043,043,043,043,043,043,043,043,043,043,043,043,043,043,043,043,043,043,043,091,044,044,044,044,044,044,044,044,044,044,044,044,044,044,044,044,044,044,044,044,044,044,044,044,044,044,044,044,091,045,045,045,045,045,045,045,045,045,045,045,045,045,045,045,045,045,045,045,045,045,045,045,045,045,045,045,045,045,046,091,046,046,046,046,046,046,046,046,046,046,046,046,046,046,046,046,046,046,046,046,046,046,046,046,046,046,046,091,047,047,047,047,047,047,047,047,047,047,047,047,047,047,047,047,047,047,047,047,047,047,047,047,047,047,047,046,091,214,255
211,023,091,032,032,032,032,032,032,032,032,032,032,032,032,032,032,032,032,032,032,032,032,032,032,032,032,032,032,032,091,033,033,033,033,033,033,033,033,033,033,033,033,033,033,033,033,033,033,033,033,033,033,033,033,033,033,033,033,091,034,034,034,034,034,034,034,034,034,034,034,034,034,034,034,034,034,034,034,034,034,034,034,034,034,034,034,034,034,091,035,035,035,035,035,035,035,035,035,035,035,035,035,035,035,035,035,035,035,035,035,035,035,035,035,035,035,035,091,036,036,036,036,036,036,036,036,036,036,036,036,036,036,036,036,036,036,036,036,036,036,036,036,036,036,036,036,091,037,037,037,037,037,037,037,037,037,037,037,037,037,037,037,037,037,037,037,037,037,037,037,037,037,037,037,037,091,038,038,038,038,038,038,038,038,038,038,038,038,038,038,038,038,038,038,038,038,038,038,038,038,038,038,038,038,038,091,039,039,039,039,039,039,039,039,039,039,039,039,039,039,039,039,039,039,039,039,039,039,039,039,039,039,039,039,039,091,040,040,040,040,040,040,040,040,040,040,040,040,040,040,040,040,040,040,040,040,040,040,040,040,040,040,040,040,091,041,041,041,041,041,041,041,041,041,041,041,041,041,041,041,041,041,041,041,041,041,041,041,041,041,041,041,041,091,042,042,042,042,042,042,042,042,042,042,042,042,042,042,042,042,042,042,042,042,042,042,042,042,042,042,042,042,042,091,043,043,043,043,043,043,043,043,043,043,043,043,043,043,043,043,043,043,043,043,043,043,043,043,043,043,043,043,091,044,044,044,044,044,044,044,044,044,044,044,044,044,044,044,044,044,044,044,044,044,044,044,044,044,044,044,044,091,045,045,045,045,045,045,045,045,045,045,045,045,045,045,045,045,045,045,045,045,045,045,045,045,045,045,045,045,045,046,091,046,046,046,046,046,046,046,046,046,046,046,046,046,046,046,046,046,046,046,046,046,046,046,046,046,046,046,091,047,047,047,047,047,047,047,047,047,047,047,047,047,047,047,047,047,047,047,047,047,047,047,047,047,047,047,046,091,214,255
211,023,091,032,032,032,032,032,032,032,032,032,032,032,032,032,032,032,032,032,032,032,032,032,032,032,032,032,032,032,091,033,033,033,033,033,033,033,033,033,033,033,033,033,033,033,033,033,033,033,033,033,033,033,033,033,033,033,033,091,034,034,034,034,034,034,034,034,034,034,034,034,034,034,034,034,034,034,034,034,034,034,034,034,034,034,034,034,034,091,035,035,035,035,035,035,035,035,035,035,035,035,035,035,035,035,035,035,035,035,035,035,035,035,035,035,035,035,091,036,036,036,036,036,036,036,036,036,036,036,036,036,036,036,036,036,036,036,036,036,036,036,036,036,036,036,036,091,037,037,037,037,037,037,037,037,037,037,037,037,037,037,037,037,037,037,037,037,037,037,037,037,037,037,037,037,091,038,038,038,038,038,038,038,038,038,038,038,038,038,038,038,038,038,038,038,038,038,038,038,038,038,038,038,038,038,091,039,039,039,039,039,039,039,039,039,039,039,039,039,039,039,039,039,039,039,039,039,039,039,039,039,039,039,039,039,091,040,040,040,040,040,040,040,040,040,040,040,040,040,040,040,040,040,040,040,040,040,040,040,040,040,040,040,040,091,041,041,041,041,041,041,041,041,041,041,041,041,041,041,041,041,041,041,041,041,041,041,041,041,041,041,041,041,091,042,042,042,042,042,042,042,042,042,042,042,042,042,042,042,042,042,042,042,042,042,042,042,042,042,042,042,042,042,091,043,043,043,043,043,043,043,043,043,043,043,043,043,043,043,043,043,043,043,043,043,043,043,043,043,043,043,043,091,044,044,044,044,044,044,044,044,044,044,044,044,044,044,044,044,044,044,044,044,044,044,044,044,044,044,044,044,091,045,045,045,045,045,045,045,045,045,045,045,045,045,045,045,045,045,045,045,045,045,045,045,045,045,045,045,045,045,046,091,046,046,046,046,046,046,046,046,046,046,046,046,046,046,046,046,046,046,046,046,046,046,046,046,046,046,046,091,047,047,047,047,047,047,047,047,047,047,047,047,047,047,047,047,047,047,047,047,047,047,047,047,047,047,047,046,091,214,255
211,023,091,032,032,032,032,032,032,032,032,032,032,032,032,032,032,032,032,032,032,032,032,032,032,032,032,032,032,032,091,033,033,033,033,033,033,033,033,033,033,033,033,033,033,033,033,033,033,033,033,033,033,033,033,033,033,033,033,091,034,034,034,034,034,034,034,034,034,034,034,034,034,034,034,034,034,034,034,034,034,034,034,034,034,034,034,034,034,091,035,035,035,035,035,035,035,035,035,035,035,035,035,035,035,035,035,035,035,035,035,035,035,035,035,035,035,035,091,036,036,036,036,036,036,036,036,036,036,036,036,036,036,036,036,036,036,036,036,036,036,036,036,036,036,036,036,091,037,037,037,037,037,037,037,037,037,037,037,037,037,037,037,037,037,037,037,037,037,037,037,037,037,037,037,037,091,038,038,038,038,038,038,038,038,038,038,038,038,038,038,038,038,038,038,038,038,038,038,038,038,038,038,038,038,038,091,039,039,039,039,039,039,039,039,039,039,039,039,039,039,039,039,039,039,039,039,039,039,039,039,039,039,039,039,039,091,040,040,040,040,040,040,040,040,040,040,040,040,040,040,040,040,040,040,040,040,040,040,040,040,040,040,040,040,091,041,041,041,041,041,041,041,041,041,041,041,041,041,041,041,041,041,041,041,041,041,041,041,041,041,041,041,041,091,042,042,042,042,042,042,042,042,042,042,042,042,042,042,042,042,042,042,042,042,042,042,042,042,042,042,042,042,042,091,043,043,043,043,043,043,043,043,043,043,043,043,043,043,043,043,043,043,043,043,043,043,043,043,043,043,043,043,091,044,044,044,044,044,044,044,044,044,044,044,044,044,044,044,044,044,044,044,044,044,044,044,044,044,044,044,044,091,045,045,045,045,045,045,045,045,045,045,045,045,045,045,045,045,045,045,045,045,045,045,045,045,045,045,045,045,045,046,091,046,046,046,046,046,046,046,046,046,046,046,046,046,046,046,046,046,046,046,046,046,046,046,046,046,046,046,091,047,047,047,047,047,047,047,047,047,047,047,047,047,047,047,047,047,047,047,047,047,047,047,047,047,047,047,046,091,214,255
212,023,091,032,032,032,032,032,032,032,032,032,032,032,032,032,032,032,032,032,032,032,032,032,032,032,032,032,032,032,091,033,033,033,033,033,033,033,033,033,033,033,033,033,033,033,033,033,033,033,033,033,033,033,033,033,033,033,033,091,034,034,034,034,034,034,034,034,034,034,034,034,034,034,034,034,034,034,034,034,034,034,034,034,034,034,034,034,034,091,035,035,035,035,035,035,035,035,035,035,035,035,035,035,035,035,035,035,035,035,035,035,035,035,035,035,035,035,091,036,036,036,036,036,036,036,036,036,036,036,036,036,036,036,036,036,036,036,036,036,036,036,036,036,036,036,036,091,037,037,037,037,037,037,037,037,037,037,037,037,037,037,037,037,037,037,037,037,037,037,037,037,037,037,037,037,091,038,038,038,038,038,038,038,038,038,038,038,038,038,038,038,038,038,038,038,038,038,038,038,038,038,038,038,038,038,091,039,039,039,039,039,039,039,039,039,039,039,039,039,039,039,039,039,039,039,039,039,039,039,039,039,039,039,039,039,091,040,040,040,040,040,040,040,040,040,040,040,040,040,040,040,040,040,040,040,040,040,040,040,040,040,040,040,040,091,041,041,041,041,041,041,041,041,041,041,041,041,041,041,041,041,041,041,041,041,041,041,041,041,041,041,041,041,091,042,042,042,042,042,042,042,042,042,042,042,042,042,042,042,042,042,042,042,042,042,042,042,042,042,042,042,042,042,091,043,043,043,043,043,043,043,043,043,043,043,043,043,043,043,043,043,043,043,043,043,043,043,043,043,043,043,043,091,044,044,044,044,044,044,044,044,044,044,044,044,044,044,044,044,044,044,044,044,044,044,044,044,044,044,044,044,091,045,045,045,045,045,045,045,045,045,045,045,045,045,045,045,045,045,045,045,045,045,045,045,045,045,045,045,045,045,046,091,046,046,046,046,046,046,046,046,046,046,046,046,046,046,046,046,046,046,046,046,046,046,046,046,046,046,046,091,047,047,047,047,047,047,047,047,047,047,047,047,047,047,047,047,047,047,047,047,047,047,047,047,047,047,047,046,091,215,255
217,026,091,032,032,032,032,032,032,032,032,032,032,032,032,032,032,032,032,032,032,032,032,032,032,032,032,032,032,032,091,033,033,033,033,033,033,033,033,033,033,033,033,033,033,033,033,033,033,033,033,033,033,033,033,033,033,033,033,091,034,034,034,034,034,034,034,034,034,034,034,034,034,034,034,034,034,034,034,034,034,034,034,034,034,034,034,034,034,091,035,035,035,035,035,035,035,035,035,035,035,035,035,035,035,035,035,035,035,035,035,035,035,035,035,035,035,035,091,036,036,036,036,036,036,036,036,036,036,036,036,036,036,036,036,036,036,036,036,036,036,036,036,036,036,036,036,091,037,037,037,037,037,037,037,037,037,037,037,037,037,037,037,037,037,037,037,037,037,037,037,037,037,037,037,037,091,037,038,038,038,038,038,038,038,038,038,038,038,038,038,038,038,038,038,038,038,038,038,038,038,038,038,038,038,038,091,039,039,039,039,039,039,039,039,039,039,039,039,039,039,039,039,039,039,039,039,039,039,039,039,039,039,039,039,039,091,040,040,040,040,040,040,040,040,040,040,040,040,040,040,040,040,040,040,040,040,040,040,040,040,040,040,040,040,091,041,041,041,041,041,041,041,041,041,041,041,041,041,041,041,041,041,041,041,041,041,041,041,041,041,041,041,041,091,042,042,042,042,042,042,042,042,042,042,042,042,042,042,042,042,042,042,042,042,042,042,042,042,042,042,042,042,042,091,043,043,043,043,043,043,043,043,043,043,043,043,043,043,043,043,043,043,043,043,043,043,043,043,043,043,043,043,091,044,044,044,044,044,044,044,044,044,044,044,044,044,044,044,044,044,044,044,044,044,044,044,044,044,044,044,044,091,045,045,045,045,045,045,045,045,045,045,045,045,045,045,045,045,045,045,045,045,045,045,045,045,045,045,045,045,045,045,091,046,046,046,046,046,046,046,046,046,046,046,046,046,046,046,046,046,046,046,046,046,046,046,046,046,046,046,091,047,047,047,047,047,047,047,047,047,047,047,047,047,047,047,047,047,047,047,047,047,047,047,047,047,047,047,045,091,220,255
091,091,091,091,091,091,091,091,091,091,091,091,091,091,091,091,091,091,091,091,091,091,091,091,091,091,091,091,091,091,091,091,091,091,091,091,091,091,091,091,091,091,091,091,091,091,091,091,091,091,091,091,091,091,091,091,091,091,091,091,091,091,091,091,091,091,091,091,091,091,091,091,091,091,091,091,091,091,091,091,091,091,091,091,091,091,091,091,091,091,091,091,091,091,091,091,091,091,091,091,091,091,091,091,091,091,091,091,091,091,091,091,091,091,091,091,091,091,091,091,091,091,091,091,091,091,091,091,091,091,091,091,091,091,091,091,091,091,091,091,091,091,091,091,091,091,091,091,091,091,091,091,091,091,091,091,091,091,091,091,091,091,091,091,091,091,091,091,091,091,091,091,091,091,091,091,091,091,091,091,091,091,091,091,091,091,091,091,091,091,091,091,091,091,091,091,091,091,091,091,091,091,091,091,091,091,091,091,091,091,091,091,091,091,091,091,091,091,091,091,091,091,091,091,091,091,091,091,091,091,091,091,091,091,091,091,091,091,091,091,091,091,091,091,091,091,091,091,091,091,091,091,091,091,091,091,091,091,091,091,091,091,091,091,091,091,091,091,091,091,091,091,091,091,091,091,091,091,091,091,091,091,091,091,091,091,091,091,091,091,091,091,091,091,091,091,091,091,091,091,091,091,091,091,091,091,091,091,091,091,091,091,091,091,091,091,091,091,091,091,091,091,091,091,091,091,091,091,091,091,091,091,091,091,091,091,091,091,091,091,091,091,091,091,091,091,091,091,091,091,091,091,091,091,091,091,091,091,091,091,091,091,091,091,091,091,091,091,091,091,091,091,091,091,091,091,091,091,091,091,091,091,091,091,091,091,091,091,091,091,091,091,091,091,091,091,091,091,091,091,091,091,091,091,091,091,091,091,091,091,091,091,091,091,091,091,091,091,091,091,091,091,091,091,091,091,091,091,091,091,091,091,091,091,091,091,091,091,091,091,091,091,091,091,091,091,091,091,091,091,091,091,091,091,091,091,091,091,091,091,091,091,091,091,091,091,091,091,091,091,091,039,035
082,043,091,047,047,047,047,047,047,047,047,047,047,047,047,047,047,047,047,047,047,047,047,047,047,047,047,047,047,047,091,048,048,048,048,048,048,048,048,048,048,048,048,048,048,048,048,048,048,048,048,048,048,048,048,048,048,048,048,091,049,049,049,049,049,049,049,049,049,049,049,049,049,049,049,049,049,049,049,049,049,049,049,049,049,049,049,049,049,091,050,050,050,050,050,050,050,050,050,050,050,050,050,050,050,050,050,050,050,050,050,050,050,050,050,050,050,050,091,051,051,051,051,051,051,051,051,051,051,051,051,051,051,051,051,051,051,051,051,051,051,051,051,051,051,051,051,091,052,052,052,052,052,052,052,052,052,052,052,052,052,052,052,052,052,052,052,052,052,052,052,052,052,052,052,052,091,053,053,053,053,053,053,053,053,053,053,053,053,053,053,053,053,053,053,053,053,053,053,053,053,053,053,053,053,053,091,054,054,054,054,054,054,054,054,054,054,054,054,054,054,054,054,054,054,054,054,054,054,054,054,054,054,054,054,054,091,055,055,055,055,055,055,055,055,055,055,055,055,055,055,055,055,055,055,055,055,055,055,055,055,055,055,055,055,091,056,056,056,056,056,056,056,056,056,056,056,056,056,056,056,056,056,056,056,056,056,056,056,056,056,056,056,056,091,057,057,057,057,057,057,057,057,057,057,057,057,057,057,057,057,057,057,057,057,057,057,057,057,057,057,057,057,057,091,058,058,058,058,058,058,058,058,058,058,058,058,058,058,058,058,058,058,058,058,058,058,058,058,058,058,058,058,091,059,059,059,059,059,059,059,059,059,059,059,059,059,059,059,059,059,059,059,059,059,059,059,059,059,059,059,059,091,060,060,060,060,060,060,060,060,060,060,060,060,060,060,060,060,060,060,060,060,060,060,060,060,060,060,060,060,060,061,091,061,061,061,061,061,061,061,061,061,061,061,061,061,061,061,061,061,061,061,061,061,061,061,061,061,061,061,091,062,062,062,062,062,062,062,062,062,062,062,062,062,062,062,062,062,062,062,062,062,062,062,062,062,062,062,062,091,085,091
227,043,091,048,048,048,048,048,048,048,048,048,048,048,048,048,048,048,048,048,048,048,048,048,048,048,048,048,048,048,091,049,049,049,049,049,049,049,049,049,049,049,049,049,049,049,049,049,049,049,049,049,049,049,049,049,049,049,049,091,050,050,050,050,050,050,050,050,050,050,050,050,050,050,050,050,050,050,050,050,050,050,050,050,050,050,050,050,050,091,051,051,051,051,051,051,051,051,051,051,051,051,051,051,051,051,051,051,051,051,051,051,051,051,051,051,051,051,091,052,052,052,052,052,052,052,052,052,052,052,052,052,052,052,052,052,052,052,052,052,052,052,052,052,052,052,052,091,053,053,053,053,053,053,053,053,053,053,053,053,053,053,053,053,053,053,053,053,053,053,053,053,053,053,053,053,091,054,054,054,054,054,054,054,054,054,054,054,054,054,054,054,054,054,054,054,054,054,054,054,054,054,054,054,054,054,091,055,055,055,055,055,055,055,055,055,055,055,055,055,055,055,055,055,055,055,055,055,055,055,055,055,055,055,055,055,091,056,056,056,056,056,056,056,056,056,056,056,056,056,056,056,056,056,056,056,056,056,056,056,056,056,056,056,056,091,057,057,057,057,057,057,057,057,057,057,057,057,057,057,057,057,057,057,057,057,057,057,057,057,057,057,057,057,091,058,058,058,058,058,058,058,058,058,058,058,058,058,058,058,058,058,058,058,058,058,058,058,058,058,058,058,058,058,091,059,059,059,059,059,059,059,059,059,059,059,059,059,059,059,059,059,059,059,059,059,059,059,059,059,059,059,059,091,060,060,060,060,060,060,060,060,060,060,060,060,060,060,060,060,060,060,060,060,060,060,060,060,060,060,060,060,091,061,061,061,061,061,061,061,061,061,061,061,061,061,061,061,061,061,061,061,061,061,061,061,061,061,061,061,061,061,062,091,062,062,062,062,062,062,062,062,062,062,062,062,062,062,062,062,062,062,062,062,062,062,062,062,062,062,062,091,063,063,063,063,063,063,063,063,063,063,063,063,063,063,063,063,063,063,063,063,063,063,063,063,063,063,063,062,091,230,255
214,040,091,048,048,048,048,048,048,048,048,048,048,048,048,048,048,048,048,048,048,048,048,048,048,048,048,048,048,048,091,049,049,049,049,049,049,049,049,049,049,049,049,049,049,049,049,049,049,049,049,049,049,049,049,049,049,049,049,091,050,050,050,050,050,050,050,050,050,050,050,050,050,050,050,050,050,050,050,050,050,050,050,050,050,050,050,050,050,091,051,051,051,051,051,051,051,051,051,051,051,051,051,051,051,051,051,051,051,051,051,051,051,051,051,051,051,051,091,052,052,052,052,052,052,052,052,052,052,052,052,052,052,052,052,052,052,052,052,052,052,052,052,052,052,052,052,091,053,053,053,053,053,053,053,053,053,053,053,053,053,053,053,053,053,053,053,053,053,053,053,053,053,053,053,053,091,054,054,054,054,054,054,054,054,054,054,054,054,054,054,054,054,054,054,054,054,054,054,054,054,054,054,054,054,054,091,055,055,055,055,055,055,055,055,055,055,055,055,055,055,055,055,055,055,055,055,055,055,055,055,055,055,055,055,055,091,056,056,056,056,056,056,056,056,056,056,056,056,056,056,056,056,056,056,056,056,056,056,056,056,056,056,056,056,091,057,057,057,057,057,057,057,057,057,057,057,057,057,057,057,057,057,057,057,057,057,057,057,057,057,057,057,057,091,058,058,058,058,058,058,058,058,058,058,058,058,058,058,058,058,058,058,058,058,058,058,058,058,058,058,058,058,058,091,059,059,059,059,059,059,059,059,059,059,059,059,059,059,059,059,059,059,059,059,059,059,059,059,059,059,059,059,091,060,060,060,060,060,060,060,060,060,060,060,060,060,060,060,060,060,060,060,060,060,060,060,060,060,060,060,060,091,061,061,061,061,061,061,061,061,061,061,061,061,061,061,061,061,061,061,061,061,061,061,061,061,061,061,061,061,061,062,091,062,062,062,062,062,062,062,062,062,062,062,062,062,062,062,062,062,062,062,062,062,062,062,062,062,062,062,091,063,063,063,063,063,063,063,063,063,063,063,063,063,063,063,063,063,063,063,063,063,063,063,063,063,063,063,062,091,217,255
214,040,091,048,048,048,048,048,048,048,048,048,048,048,048,048,048,048,048,048,048,048,048,048,048,048,048,048,048,048,091,049,049,049,049,049,049,049,049,049,049,049,049,049,049,049,049,049,049,049,049,049,049,049,049,049,049,049,049,091,050,050,050,050,050,050,050,050,050,050,050,050,050,050,050,050,050,050,050,050,050,050,050,050,050,050,050,050,050,091,051,051,051,051,051,051,051,051,051,051,051,051,051,051,051,051,051,051,051,051,051,051,051,051,051,051,051,051,091,052,052,052,052,052,052,052,052,052,052,052,052,052,052,052,052,052,052,052,052,052,052,052,052,052,052,052,052,091,053,053,053,053,053,053,053,053,053,053,053,053,053,053,053,053,053,053,053,053,053,053,053,053,053,053,053,053,091,054,054,054,054,054,054,054,054,054,054,054,054,054,054,054,054,054,054,054,054,054,054,054,054,054,054,054,054,054,091,055,055,055,055,055,055,055,055,055,055,055,055,055,055,055,055,055,055,055,055,055,055,055,055,055,055,055,055,055,091,056,056,056,056,056,056,056,056,056,056,056,056,056,056,056,056,056,056,056,056,056,056,056,056,056,056,056,056,091,057,057,057,057,057,057,057,057,057,057,057,057,057,057,057,057,057,057,057,057,057,057,057,057,057,057,057,057,091,058,058,058,058,058,058,058,058,058,058,058,058,058,058,058,058,058,058,058,058,058,058,058,058,058,058,058,058,058,091,059,059,059,059,059,059,059,059,059,059,059,059,059,059,059,059,059,059,059,059,059,059,059,059,059,059,059,059,091,060,060,060,060,060,060,060,060,060,060,060,060,060,060,060,060,060,060,060,060,060,060,060,060,060,060,060,060,091,061,061,061,061,061,061,061,061,061,061,061,061,061,061,061,061,061,061,061,061,061,061,061,061,061,061,061,061,061,062,091,062,062,062,062,062,062,062,062,062,062,062,062,062,062,062,062,062,062,062,062,062,062,062,062,062,062,062,091,063,063,063,063,063,063,063,063,063,063,063,063,063,063,063,063,063,063,063,063,063,063,063,063,063,063,063,062,091,217,255
214,040,091,048,048,048,048,048,048,048,048,048,048,048,048,048,048,048,048,048,048,048,048,048,048,048,048,048,048,048,091,049,049,049,049,049,049,049,049,049,049,049,049,049,049,049,049,049,049,049,049,049,049,049,049,049,049,049,049,091,050,050,050,050,050,050,050,050,050,050,050,050,050,050,050,050,050,050,050,050,050,050,050,050,050,050,050,050,050,091,051,051,051,051,051,051,051,051,051,051,051,051,051,051,051,051,051,051,051,051,051,051,051,051,051,051,051,051,091,052,052,052,052,052,052,052,052,052,052,052,052,052,052,052,052,052,052,052,052,052,052,052,052,052,052,052,052,091,053,053,053,053,053,053,053,053,053,053,053,053,053,053,053,053,053,053,053,053,053,053,053,053,053,053,053,053,091,054,054,054,054,054,054,054,054,054,054,054,054,054,054,054,054,054,054,054,054,054,054,054,054,054,054,054,054,054,091,055,055,055,055,055,055,055,055,055,055,055,055,055,055,055,055,055,055,055,055,055,055,055,055,055,055,055,055,055,091,056,056,056,056,056,056,056,056,056,056,056,056,056,056,056,056,056,056,056,056,056,056,056,056,056,056,056,056,091,057,057,057,057,057,057,057,057,057,057,057,057,057,057,057,057,057,057,057,057,057,057,057,057,057,057,057,057,091,058,058,058,058,058,058,058,058,058,058,058,058,058,058,058,058,058,058,058,058,058,058,058,058,058,058,058,058,058,091,059,059,059,059,059,059,059,059,059,059,059,059,059,059,059,059,059,059,059,059,059,059,059,059,059,059,059,059,091,060,060,060,060,060,060,060,060,060,060,060,060,060,060,060,060,060,060,060,060,060,060,060,060,060,060,060,060,091,061,061,061,061,061,061,061,061,061,061,061,061,061,061,061,061,061,061,061,061,061,061,061,061,061,061,061,061,061,062,091,062,062,062,062,062,062,062,062,062,062,062,062,062,062,062,062,062,062,062,062,062,062,062,062,062,062,062,091,063,063,063,063,063,063,063,063,063,063,063,063,063,063,063,063,063,063,063,063,063,063,063,063,063,063,063,062,091,217,255
214,040,091,048,048,048,048,048,048,048,048,048,048,048,048,048,048,048,048,048,048,048,048,048,048,048,048,048,048,048,091,049,049,049,049,049,049,049,049,049,049,049,049,049,049,049,049,049,049,049,049,049,049,049,049,049,049,049,049,091,050,050,050,050,050,050,050,050,050,050,050,050,050,050,050,050,050,050,050,050,050,050,050,050,050,050,050,050,050,091,051,051,051,051,051,051,051,051,051,051,051,051,051,051,051,051,051,051,051,051,051,051,051,051,051,051,051,051,091,052,052,052,052,052,052,052,052,052,052,052,052,052,052,052,052,052,052,052,052,052,052,052,052,052,052,052,052,091,053,053,053,053,053,053,053,053,053,053,053,053,053,053,053,053,053,053,053,053,053,053,053,053,053,053,053,053,091,054,054,054,054,054,054,054,054,054,054,054,054,054,054,054,054,054,054,054,054,054,054,054,054,054,054,054,054,054,091,055,055,055,055,055,055,055,055,055,055,055,055,055,055,055,055,055,055,055,055,055,055,055,055,055,055,055,055,055,091,056,056,056,056,056,056,056,056,056,056,056,056,056,056,056,056,056,056,056,056,056,056,056,056,056,056,056,056,091,057,057,057,057,057,057,057,057,057,057,057,057,057,057,057,057,057,057,057,057,057,057,057,057,057,057,057,057,091,058,058,058,058,058,058,058,058,058,058,058,058,058,058,058,058,058,058,058,058,058,058,058,058,058,058,058,058,058,091,059,059,059,059,059,059,059,059,059,059,059,059,059,059,059,059,059,059,059,059,059,059,059,059,059,059,059,059,091,060,060,060,060,060,060,060,060,060,060,060,060,060,060,060,060,060,060,060,060,060,060,060,060,060,060,060,060,091,061,061,061,061,061,061,061,061,061,061,061,061,061,061,061,061,061,061,061,061,061,061,061,061,061,061,061,061,061,062,091,062,062,062,062,062,062,062,062,062,062,062,062,062,062,062,062,062,062,062,062,062,062,062,062,062,062,062,091,063,063,063,063,063,063,063,063,063,063,063,063,063,063,063,063,063,063,063,063,063,063,063,063,063,063,063,062,091,217,255
214,040,091,048,048,048,048,048,048,048,048,048,048,048,048,048,048,048,048,048,048,048,048,048,048,048,048,048,048,048,091,049,049,049,049,049,049,049,049,049,049,049,049,049,049,049,049,049,049,049,049,049,049,049,049,049,049,049,049,091,050,050,050,050,050,050,050,050,050,050,050,050,050,050,050,050,050,050,050,050,050,050,050,050,050,050,050,050,050,091,051,051,051,051,051,051,051,051,051,051,051,051,051,051,051,051,051,051,051,051,051,051,051,051,051,051,051,051,091,052,052,052,052,052,052,052,052,052,052,052,052,052,052,052,052,052,052,052,052,052,052,052,052,052,052,052,052,091,053,053,053,053,053,053,053,053,053,053,053,053,053,053,053,053,053,053,053,053,053,053,053,053,053,053,053,053,091,054,054,054,054,054,054,054,054,054,054,054,054,054,054,054,054,054,054,054,054,054,054,054,054,054,054,054,054,054,091,055,055,055,055,055,055,055,055,055,055,055,055,055,055,055,055,055,055,055,055,055,055,055,055,055,055,055,055,055,091,056,056,056,056,056,056,056,056,056,056,056,056,056,056,056,056,056,056,056,056,056,056,056,056,056,056,056,056,091,057,057,057,057,057,057,057,057,057,057,057,057,057,057,057,057,057,057,057,057,057,057,057,057,057,057,057,057,091,058,058,058,058,058,058,058,058,058,058,058,058,058,058,058,058,058,058,058,058,058,058,058,058,058,058,058,058,058,091,059,059,059,059,059,059,059,059,059,059,059,059,059,059,059,059,059,059,059,059,059,059,059,059,059,059,059,059,091,060,060,060,060,060,060,060,060,060,060,060,060,060,060,060,060,060,060,060,060,060,060,060,060,060,060,060,060,091,061,061,061,061,061,061,061,061,061,061,061,061,061,061,061,061,061,061,061,061,061,061,061,061,061,061,061,061,061,062,091,062,062,062,062,062,062,062,062,062,062,062,062,062,062,062,062,062,062,062,062,062,062,062,062,062,062,062,091,063,063,063,063,063,063,063,063,063,063,063,063,063,063,063,063,063,063,063,063,063,063,063,063,063,063,063,062,091,217,255
214,040,091,048,048,048,048,048,048,048,048,048,048,048,048,048,048,048,048,048,048,048,048,048,048,048,048,048,048,048,091,049,049,049,049,049,049,049,049,049,049,049,049,049,049,049,049,049,049,049,049,049,049,049,049,049,049,049,049,091,050,050,050,050,050,050,050,050,050,050,050,050,050,050,050,050,050,050,050,050,050,050,050,050,050,050,050,050,050,091,051,051,051,051,051,051,051,051,051,051,051,051,051,051,051,051,051,051,051,051,051,051,051,051,051,051,051,051,091,052,052,052,052,052,052,052,052,052,052,052,052,052,052,052,052,052,052,052,052,052,052,052,052,052,052,052,052,091,053,053,053,053,053,053,053,053,053,053,053,053,053,053,053,053,053,053,053,053,053,053,053,053,053,053,053,053,091,054,054,054,054,054,054,054,054,054,054,054,054,054,054,054,054,054,054,054,054,054,054,054,054,054,054,054,054,054,091,055,055,055,055,055,055,055,055,055,055,055,055,055,055,055,055,055,055,055,055,055,055,055,055,055,055,055,055,055,091,056,056,056,056,056,056,056,056,056,056,056,056,056,056,056,056,056,056,056,056,056,056,056,056,056,056,056,056,091,057,057,057,057,057,057,057,057,057,057,057,057,057,057,057,057,057,057,057,057,057,057,057,057,057,057,057,057,091,058,058,058,058,058,058,058,058,058,058,058,058,058,058,058,058,058,058,058,058,058,058,058,058,058,058,058,058,058,091,059,059,059,059,059,059,059,059,059,059,059,059,059,059,059,059,059,059,059,059,059,059,059,059,059,059,059,059,091,060,060,060,060,060,060,060,060,060,060,060,060,060,060,060,060,060,060,060,060,060,060,060,060,060,060,060,060,091,061,061,061,061,061,061,061,061,061,061,061,061,061,061,061,061,061,061,061,061,061,061,061,061,061,061,061,061,061,062,091,062,062,062,062,062,062,062,062,062,062,062,062,062,062,062,062,062,062,062,062,062,062,062,062,062,062,062,091,063,063,063,063,063,063,063,063,063,063,063,063,063,063,063,063,063,063,063,063,063,063,063,063,063,063,063,062,091,217,255
214,040,091,048,048,048,048,048,048,048,048,048,048,048,048,048,048,048,048,048,048,048,048,048,048,048,048,048,048,048,091,049,049,049,049,049,049,049,049,049,049,049,049,049,049,049,049,049,049,049,049,049,049,049,049,049,049,049,049,091,050,050,050,050,050,050,050,050,050,050,050,050,050,050,050,050,050,050,050,050,050,050,050,050,050,050,050,050,050,091,051,051,051,051,051,051,051,051,051,051,051,051,051,051,051,051,051,051,051,051,051,051,051,051,051,051,051,051,091,052,052,052,052,052,052,052,052,052,052,052,052,052,052,052,052,052,052,052,052,052,052,052,052,052,052,052,052,091,053,053,053,053,053,053,053,053,053,053,053,053,053,053,053,053,053,053,053,053,053,053,053,053,053,053,053,053,091,054,054,054,054,054,054,054,054,054,054,054,054,054,054,054,054,054,054,054,054,054,054,054,054,054,054,054,054,054,091,055,055,055,055,055,055,055,055,055,055,055,055,055,055,055,055,055,055,055,055,055,055,055,055,055,055,055,055,055,091,056,056,056,056,056,056,056,056,056,056,056,056,056,056,056,056,056,056,056,056,056,056,056,056,056,056,056,056,091,057,057,057,057,057,057,057,057,057,057,057,057,057,057,057,057,057,057,057,057,057,057,057,057,057,057,057,057,091,058,058,058,058,058,058,058,058,058,058,058,058,058,058,058,058,058,058,058,058,058,058,058,058,058,058,058,058,058,091,059,059,059,059,059,059,059,059,059,059,059,059,059,059,059,059,059,059,059,059,059,059,059,059,059,059,059,059,091,060,060,060,060,060,060,060,060,060,060,060,060,060,060,060,060,060,060,060,060,060,060,060,060,060,060,060,060,091,061,061,061,061,061,061,061,061,061,061,061,061,061,061,061,061,061,061,061,061,061,061,061,061,061,061,061,061,061,062,091,062,062,062,062,062,062,062,062,062,062,062,062,062,062,062,062,062,062,062,062,062,062,062,062,062,062,062,091,063,063,063,063,063,063,063,063,063,063,063,063,063,063,063,063,063,063,063,063,063,063,063,063,063,063,063,062,091,217,255
214,040,091,048,048,048,048,048,048,048,048,048,048,048,048,048,048,048,048,048,048,048,048,048,048,048,048,048,048,048,091,049,049,049,049,049,049,049,049,049,049,049,049,049,049,049,049,049,049,049,049,049,049,049,049,049,049,049,049,091,050,050,050,050,050,050,050,050,050,050,050,050,050,050,050,050,050,050,050,050,050,050,050,050,050,050,050,050,050,091,051,051,051,051,051,051,051,051,051,051,051,051,051,051,051,051,051,051,051,051,051,051,051,051,051,051,051,051,091,052,052,052,052,052,052,052,052,052,052,052,052,052,052,052,052,052,052,052,052,052,052,052,052,052,052,052,052,091,053,053,053,053,053,053,053,053,053,053,053,053,053,053,053,053,053,053,053,053,053,053,053,053,053,053,053,053,091,054,054,054,054,054,054,054,054,054,054,054,054,054,054,054,054,054,054,054,054,054,054,054,054,054,054,054,054,054,091,055,055,055,055,055,055,055,055,055,055,055,055,055,055,055,055,055,055,055,055,055,055,055,055,055,055,055,055,055,091,056,056,056,056,056,056,056,056,056,056,056,056,056,056,056,056,056,056,056,056,056,056,056,056,056,056,056,056,091,057,057,057,057,057,057,057,057,057,057,057,057,057,057,057,057,057,057,057,057,057,057,057,057,057,057,057,057,091,058,058,058,058,058,058,058,058,058,058,058,058,058,058,058,058,058,058,058,058,058,058,058,058,058,058,058,058,058,091,059,059,059,059,059,059,059,059,059,059,059,059,059,059,059,059,059,059,059,059,059,059,059,059,059,059,059,059,091,060,060,060,060,060,060,060,060,060,060,060,060,060,060,060,060,060,060,060,060,060,060,060,060,060,060,060,060,091,061,061,061,061,061,061,061,061,061,061,061,061,061,061,061,061,061,061,061,061,061,061,061,061,061,061,061,061,061,062,091,062,062,062,062,062,062,062,062,062,062,062,062,062,062,062,062,062,062,062,062,062,062,062,062,062,062,062,091,063,063,063,063,063,063,063,063,063,063,063,063,063,063,063,063,063,063,063,063,063,063,063,063,063,063,063,062,091,217,255
214,040,091,048,048,048,048,048,048,048,048,048,048,048,048,048,048,048,048,048,048,048,048,048,048,048,048,048,048,048,091,049,049,049,049,049,049,049,049,049,049,049,049,049,049,049,049,049,049,049,049,049,049,049,049,049,049,049,049,091,050,050,050,050,050,050,050,050,050,050,050,050,050,050,050,050,050,050,050,050,050,050,050,050,050,050,050,050,050,091,051,051,051,051,051,051,051,051,051,051,051,051,051,051,051,051,051,051,051,051,051,051,051,051,051,051,051,051,091,052,052,052,052,052,052,052,052,052,052,052,052,052,052,052,052,052,052,052,052,052,052,052,052,052,052,052,052,091,053,053,053,053,053,053,053,053,053,053,053,053,053,053,053,053,053,053,053,053,053,053,053,053,053,053,053,053,091,054,054,054,054,054,054,054,054,054,054,054,054,054,054,054,054,054,054,054,054,054,054,054,054,054,054,054,054,054,091,055,055,055,055,055,055,055,055,055,055,055,055,055,055,055,055,055,055,055,055,055,055,055,055,055,055,055,055,055,091,056,056,056,056,056,056,056,056,056,056,056,056,056,056,056,056,056,056,056,056,056,056,056,056,056,056,056,056,091,057,057,057,057,057,057,057,057,057,057,057,057,057,057,057,057,057,057,057,057,057,057,057,057,057,057,057,057,091,058,058,058,058,058,058,058,058,058,058,058,058,058,058,058,058,058,058,058,058,058,058,058,058,058,058,058,058,058,091,059,059,059,059,059,059,059,059,059,059,059,059,059,059,059,059,059,059,059,059,059,059,059,059,059,059,059,059,091,060,060,060,060,060,060,060,060,060,060,060,060,060,060,060,060,060,060,060,060,060,060,060,060,060,060,060,060,091,061,061,061,061,061,061,061,061,061,061,061,061,061,061,061,061,061,061,061,061,061,061,061,061,061,061,061,061,061,062,091,062,062,062,062,062,062,062,062,062,062,062,062,062,062,062,062,062,062,062,062,062,062,062,062,062,062,062,091,063,063,063,063,063,063,063,063,063,063,063,063,063,063,063,063,063,063,063,063,063,063,063,063,063,063,063,062,091,217,255
214,040,091,048,048,048,048,048,048,048,048,048,048,048,048,048,048,048,048,048,048,048,048,048,048,048,048,048,048,048,091,049,049,049,049,049,049,049,049,049,049,049,049,049,049,049,049,049,049,049,049,049,049,049,049,049,049,049,049,091,050,050,050,050,050,050,050,050,050,050,050,050,050,050,050,050,050,050,050,050,050,050,050,050,050,050,050,050,050,091,051,051,051,051,051,051,051,051,051,051,051,051,051,051,051,051,051,051,051,051,051,051,051,051,051,051,051,051,091,052,052,052,052,052,052,052,052,052,052,052,052,052,052,052,052,052,052,052,052,052,052,052,052,052,052,052,052,091,053,053,053,053,053,053,053,053,053,053,053,053,053,053,053,053,053,053,053,053,053,053,053,053,053,053,053,053,091,054,054,054,054,054,054,054,054,054,054,054,054,054,054,054,054,054,054,054,054,054,054,054,054,054,054,054,054,054,091,055,055,055,055,055,055,055,055,055,055,055,055,055,055,055,055,055,055,055,055,055,055,055,055,055,055,055,055,055,091,056,056,056,056,056,056,056,056,056,056,056,056,056,056,056,056,056,056,056,056,056,056,056,056,056,056,056,056,091,057,057,057,057,057,057,057,057,057,057,057,057,057,057,057,057,057,057,057,057,057,057,057,057,057,057,057,057,091,058,058,058,058,058,058,058,058,058,058,058,058,058,058,058,058,058,058,058,058,058,058,058,058,058,058,058,058,058,091,059,059,059,059,059,059,059,059,059,059,059,059,059,059,059,059,059,059,059,059,059,059,059,059,059,059,059,059,091,060,060,060,060,060,060,060,060,060,060,060,060,060,060,060,060,060,060,060,060,060,060,060,060,060,060,060,060,091,061,061,061,061,061,061,061,061,061,061,061,061,061,061,061,061,061,061,061,061,061,061,061,061,061,061,061,061,061,062,091,062,062,062,062,062,062,062,062,062,062,062,062,062,062,062,062,062,062,062,062,062,062,062,062,062,062,062,091,063,063,063,063,063,063,063,063,063,063,063,063,063,063,063,063,063,063,063,063,063,063,063,063,063,063,063,062,091,217,255
214,040,091,048,048,048,048,048,048,048,048,048,048,048,048,048,048,048,048,048,048,048,048,048,048,048,048,048,048,048,091,049,049,049,049,049,049,049,049,049,049,049,049,049,049,049,049,049,049,049,049,049,049,049,049,049,049,049,049,091,050,050,050,050,050,050,050,050,050,050,050,050,050,050,050,050,050,050,050,050,050,050,050,050,050,050,050,050,050,091,051,051,051,051,051,051,051,051,051,051,051,051,051,051,051,051,051,051,051,051,051,051,051,051,051,051,051,051,091,052,052,052,052,052,052,052,052,052,052,052,052,052,052,052,052,052,052,052,052,052,052,052,052,052,052,052,052,091,053,053,053,053,053,053,053,053,053,053,053,053,053,053,053,053,053,053,053,053,053,053,053,053,053,053,053,053,091,054,054,054,054,054,054,054,054,054,054,054,054,054,054,054,054,054,054,054,054,054,054,054,054,054,054,054,054,054,091,055,055,055,055,055,055,055,055,055,055,055,055,055,055,055,055,055,055,055,055,055,055,055,055,055,055,055,055,055,091,056,056,056,056,056,056,056,056,056,056,056,056,056,056,056,056,056,056,056,056,056,056,056,056,056,056,056,056,091,057,057,057,057,057,057,057,057,057,057,057,057,057,057,057,057,057,057,057,057,057,057,057,057,057,057,057,057,091,058,058,058,058,058,058,058,058,058,058,058,058,058,058,058,058,058,058,058,058,058,058,058,058,058,058,058,058,058,091,059,059,059,059,059,059,059,059,059,059,059,059,059,059,059,059,059,059,059,059,059,059,059,059,059,059,059,059,091,060,060,060,060,060,060,060,060,060,060,060,060,060,060,060,060,060,060,060,060,060,060,060,060,060,060,060,060,091,061,061,061,061,061,061,061,061,061,061,061,061,061,061,061,061,061,061,061,061,061,061,061,061,061,061,061,061,061,062,091,062,062,062,062,062,062,062,062,062,062,062,062,062,062,062,062,062,062,062,062,062,062,062,062,062,062,062,091,063,063,063,063,063,063,063,063,063,063,063,063,063,063,063,063,063,063,063,063,063,063,063,063,063,063,063,062,091,217,255
214,040,091,048,048,048,048,048,048,048,048,048,048,048,048,048,048,048,048,048,048,048,048,048,048,048,048,048,048,048,091,049,049,049,049,049,049,049,049,049,049,049,049,049,049,049,049,049,049,049,049,049,049,049,049,049,049,049,049,091,050,050,050,050,050,050,050,050,050,050,050,050,050,050,050,050,050,050,050,050,050,050,050,050,050,050,050,050,050,091,051,051,051,051,051,051,051,051,051,051,051,051,051,051,051,051,051,051,051,051,051,051,051,051,051,051,051,051,091,052,052,052,052,052,052,052,052,052,052,052,052,052,052,052,052,052,052,052,052,052,052,052,052,052,052,052,052,091,053,053,053,053,053,053,053,053,053,053,053,053,053,053,053,053,053,053,053,053,053,053,053,053,053,053,053,053,091,054,054,054,054,054,054,054,054,054,054,054,054,054,054,054,054,054,054,054,054,054,054,054,054,054,054,054,054,054,091,055,055,055,055,055,055,055,055,055,055,055,055,055,055,055,055,055,055,055,055,055,055,055,055,055,055,055,055,055,091,056,056,056,056,056,056,056,056,056,056,056,056,056,056,056,056,056,056,056,056,056,056,056,056,056,056,056,056,091,057,057,057,057,057,057,057,057,057,057,057,057,057,057,057,057,057,057,057,057,057,057,057,057,057,057,057,057,091,058,058,058,058,058,058,058,058,058,058,058,058,058,058,058,058,058,058,058,058,058,058,058,058,058,058,058,058,058,091,059,059,059,059,059,059,059,059,059,059,059,059,059,059,059,059,059,059,059,059,059,059,059,059,059,059,059,059,091,060,060,060,060,060,060,060,060,060,060,060,060,060,060,060,060,060,060,060,060,060,060,060,060,060,060,060,060,091,061,061,061,061,061,061,061,061,061,061,061,061,061,061,061,061,061,061,061,061,061,061,061,061,061,061,061,061,061,062,091,062,062,062,062,062,062,062,062,062,062,062,062,062,062,062,062,062,062,062,062,062,062,062,062,062,062,062,091,063,063,063,063,063,063,063,063,063,063,063,063,063,063,063,063,063,063,063,063,063,063,063,063,063,063,063,062,091,217,255
214,040,091,048,048,048,048,048,048,048,048,048,048,048,048,048,048,048,048,048,048,048,048,048,048,048,048,048,048,048,091,049,049,049,049,049,049,049,049,049,049,049,049,049,049,049,049,049,049,049,049,049,049,049,049,049,049,049,049,091,050,050,050,050,050,050,050,050,050,050,050,050,050,050,050,050,050,050,050,050,050,050,050,050,050,050,050,050,050,091,051,051,051,051,051,051,051,051,051,051,051,051,051,051,051,051,051,051,051,051,051,051,051,051,051,051,051,051,091,052,052,052,052,052,052,052,052,052,052,052,052,052,052,052,052,052,052,052,052,052,052,052,052,052,052,052,052,091,053,053,053,053,053,053,053,053,053,053,053,053,053,053,053,053,053,053,053,053,053,053,053,053,053,053,053,053,091,054,054,054,054,054,054,054,054,054,054,054,054,054,054,054,054,054,054,054,054,054,054,054,054,054,054,054,054,054,091,055,055,055,055,055,055,055,055,055,055,055,055,055,055,055,055,055,055,055,055,055,055,055,055,055,055,055,055,055,091,056,056,056,056,056,056,056,056,056,056,056,056,056,056,056,056,056,056,056,056,056,056,056,056,056,056,056,056,091,057,057,057,057,057,057,057,057,057,057,057,057,057,057,057,057,057,057,057,057,057,057,057,057,057,057,057,057,091,058,058,058,058,058,058,058,058,058,058,058,058,058,058,058,058,058,058,058,058,058,058,058,058,058,058,058,058,058,091,059,059,059,059,059,059,059,059,059,059,059,059,059,059,059,059,059,059,059,059,059,059,059,059,059,059,059,059,091,060,060,060,060,060,060,060,060,060,060,060,060,060,060,060,060,060,060,060,060,060,060,060,060,060,060,060,060,091,061,061,061,061,061,061,061,061,061,061,061,061,061,061,061,061,061,061,061,061,061,061,061,061,061,061,061,061,061,062,091,062,062,062,062,062,062,062,062,062,062,062,062,062,062,062,062,062,062,062,062,062,062,062,062,062,062,062,091,063,063,063,063,063,063,063,063,063,063,063,063,063,063,063,063,063,063,063,063,063,063,063,063,063,063,063,062,091,217,255
214,040,091,048,048,048,048,048,048,048,048,048,048,048,048,048,048,048,048,048,048,048,048,048,048,048,048,048,048,048,091,049,049,049,049,049,049,049,049,049,049,049,049,049,049,049,049,049,049,049,049,049,049,049,049,049,049,049,049,091,050,050,050,050,050,050,050,050,050,050,050,050,050,050,050,050,050,050,050,050,050,050,050,050,050,050,050,050,050,091,051,051,051,051,051,051,051,051,051,051,051,051,051,051,051,051,051,051,051,051,051,051,051,051,051,051,051,051,091,052,052,052,052,052,052,052,052,052,052,052,052,052,052,052,052,052,052,052,052,052,052,052,052,052,052,052,052,091,053,053,053,053,053,053,053,053,053,053,053,053,053,053,053,053,053,053,053,053,053,053,053,053,053,053,053,053,091,054,054,054,054,054,054,054,054,054,054,054,054,054,054,054,054,054,054,054,054,054,054,054,054,054,054,054,054,054,091,055,055,055,055,055,055,055,055,055,055,055,055,055,055,055,055,055,055,055,055,055,055,055,055,055,055,055,055,055,091,056,056,056,056,056,056,056,056,056,056,056,056,056,056,056,056,056,056,056,056,056,056,056,056,056,056,056,056,091,057,057,057,057,057,057,057,057,057,057,057,057,057,057,057,057,057,057,057,057,057,057,057,057,057,057,057,057,091,058,058,058,058,058,058,058,058,058,058,058,058,058,058,058,058,058,058,058,058,058,058,058,058,058,058,058,058,058,091,059,059,059,059,059,059,059,059,059,059,059,059,059,059,059,059,059,059,059,059,059,059,059,059,059,059,059,059,091,060,060,060,060,060,060,060,060,060,060,060,060,060,060,060,060,060,060,060,060,060,060,060,060,060,060,060,060,091,061,061,061,061,061,061,061,061,061,061,061,061,061,061,061,061,061,061,061,061,061,061,061,061,061,061,061,061,061,062,091,062,062,062,062,062,062,062,062,062,062,062,062,062,062,062,062,062,062,062,062,062,062,062,062,062,062,062,091,063,063,063,063,063,063,063,063,063,063,063,063,063,063,063,063,063,063,063,063,063,063,063,063,063,063,063,062,091,217,255
214,040,091,048,048,048,048,048,048,048,048,048,048,048,048,048,048,048,048,048,048,048,048,048,048,048,048,048,048,048,091,049,049,049,049,049,049,049,049,049,049,049,049,049,049,049,049,049,049,049,049,049,049,049,049,049,049,049,049,091,050,050,050,050,050,050,050,050,050,050,050,050,050,050,050,050,050,050,050,050,050,050,050,050,050,050,050,050,050,091,051,051,051,051,051,051,051,051,051,051,051,051,051,051,051,051,051,051,051,051,051,051,051,051,051,051,051,051,091,052,052,052,052,052,052,052,052,052,052,052,052,052,052,052,052,052,052,052,052,052,052,052,052,052,052,052,052,091,053,053,053,053,053,053,053,053,053,053,053,053,053,053,053,053,053,053,053,053,053,053,053,053,053,053,053,053,091,054,054,054,054,054,054,054,054,054,054,054,054,054,054,054,054,054,054,054,054,054,054,054,054,054,054,054,054,054,091,055,055,055,055,055,055,055,055,055,055,055,055,055,055,055,055,055,055,055,055,055,055,055,055,055,055,055,055,055,091,056,056,056,056,056,056,056,056,056,056,056,056,056,056,056,056,056,056,056,056,056,056,056,056,056,056,056,056,091,057,057,057,057,057,057,057,057,057,057,057,057,057,057,057,057,057,057,057,057,057,057,057,057,057,057,057,057,091,058,058,058,058,058,058,058,058,058,058,058,058,058,058,058,058,058,058,058,058,058,058,058,058,058,058,058,058,058,091,059,059,059,059,059,059,059,059,059,059,059,059,059,059,059,059,059,059,059,059,059,059,059,059,059,059,059,059,091,060,060,060,060,060,060,060,060,060,060,060,060,060,060,060,060,060,060,060,060,060,060,060,060,060,060,060,060,091,061,061,061,061,061,061,061,061,061,061,061,061,061,061,061,061,061,061,061,061,061,061,061,061,061,061,061,061,061,062,091,062,062,062,062,062,062,062,062,062,062,062,062,062,062,062,062,062,062,062,062,062,062,062,062,062,062,062,091,063,063,063,063,063,063,063,063,063,063,063,063,063,063,063,063,063,063,063,063,063,063,063,063,063,063,063,062,091,217,255
214,040,091,048,048,048,048,048,048,048,048,048,048,048,048,048,048,048,048,048,048,048,048,048,048,048,048,048,048,048,091,049,049,049,049,049,049,049,049,049,049,049,049,049,049,049,049,049,049,049,049,049,049,049,049,049,049,049,049,091,050,050,050,050,050,050,050,050,050,050,050,050,050,050,050,050,050,050,050,050,050,050,050,050,050,050,050,050,050,091,051,051,051,051,051,051,051,051,051,051,051,051,051,051,051,051,051,051,051,051,051,051,051,051,051,051,051,051,091,052,052,052,052,052,052,052,052,052,052,052,052,052,052,052,052,052,052,052,052,052,052,052,052,052,052,052,052,091,053,053,053,053,053,053,053,053,053,053,053,053,053,053,053,053,053,053,053,053,053,053,053,053,053,053,053,053,091,054,054,054,054,054,054,054,054,054,054,054,054,054,054,054,054,054,054,054,054,054,054,054,054,054,054,054,054,054,091,055,055,055,055,055,055,055,055,055,055,055,055,055,055,055,055,055,055,055,055,055,055,055,055,055,055,055,055,055,091,056,056,056,056,056,056,056,056,056,056,056,056,056,056,056,056,056,056,056,056,056,056,056,056,056,056,056,056,091,057,057,057,057,057,057,057,057,057,057,057,057,057,057,057,057,057,057,057,057,057,057,057,057,057,057,057,057,091,058,058,058,058,058,058,058,058,058,058,058,058,058,058,058,058,058,058,058,058,058,058,058,058,058,058,058,058,058,091,059,059,059,059,059,059,059,059,059,059,059,059,059,059,059,059,059,059,059,059,059,059,059,059,059,059,059,059,091,060,060,060,060,060,060,060,060,060,060,060,060,060,060,060,060,060,060,060,060,060,060,060,060,060,060,060,060,091,061,061,061,061,061,061,061,061,061,061,061,061,061,061,061,061,061,061,061,061,061,061,061,061,061,061,061,061,061,062,091,062,062,062,062,062,062,062,062,062,062,062,062,062,062,062,062,062,062,062,062,062,062,062,062,062,062,062,091,063,063,063,063,063,063,063,063,063,063,063,063,063,063,063,063,063,063,063,063,063,063,063,063,063,063,063,062,091,217,255
214,040,091,048,048,048,048,048,048,048,048,048,048,048,048,048,048,048,048,048,048,048,048,048,048,048,048,048,048,048,091,049,049,049,049,049,049,049,049,049,049,049,049,049,049,049,049,049,049,049,049,049,049,049,049,049,049,049,049,091,050,050,050,050,050,050,050,050,050,050,050,050,050,050,050,050,050,050,050,050,050,050,050,050,050,050,050,050,050,091,051,051,051,051,051,051,051,051,051,051,051,051,051,051,051,051,051,051,051,051,051,051,051,051,051,051,051,051,091,052,052,052,052,052,052,052,052,052,052,052,052,052,052,052,052,052,052,052,052,052,052,052,052,052,052,052,052,091,053,053,053,053,053,053,053,053,053,053,053,053,053,053,053,053,053,053,053,053,053,053,053,053,053,053,053,053,091,054,054,054,054,054,054,054,054,054,054,054,054,054,054,054,054,054,054,054,054,054,054,054,054,054,054,054,054,054,091,055,055,055,055,055,055,055,055,055,055,055,055,055,055,055,055,055,055,055,055,055,055,055,055,055,055,055,055,055,091,056,056,056,056,056,056,056,056,056,056,056,056,056,056,056,056,056,056,056,056,056,056,056,056,056,056,056,056,091,057,057,057,057,057,057,057,057,057,057,057,057,057,057,057,057,057,057,057,057,057,057,057,057,057,057,057,057,091,058,058,058,058,058,058,058,058,058,058,058,058,058,058,058,058,058,058,058,058,058,058,058,058,058,058,058,058,058,091,059,059,059,059,059,059,059,059,059,059,059,059,059,059,059,059,059,059,059,059,059,059,059,059,059,059,059,059,091,060,060,060,060,060,060,060,060,060,060,060,060,060,060,060,060,060,060,060,060,060,060,060,060,060,060,060,060,091,061,061,061,061,061,061,061,061,061,061,061,061,061,061,061,061,061,061,061,061,061,061,061,061,061,061,061,061,061,062,091,062,062,062,062,062,062,062,062,062,062,062,062,062,062,062,062,062,062,062,062,062,062,062,062,062,062,062,091,063,063,063,063,063,063,063,063,063,063,063,063,063,063,063,063,063,063,063,063,063,063,063,063,063,063,063,062,091,217,255
214,040,091,048,048,048,048,048,048,048,048,048,048,048,048,048,048,048,048,048,048,048,048,048,048,048,048,048,048,048,091,049,049,049,049,049,049,049,049,049,049,049,049,049,049,049,049,049,049,049,049,049,049,049,049,049,049,049,049,091,050,050,050,050,050,050,050,050,050,050,050,050,050,050,050,050,050,050,050,050,050,050,050,050,050,050,050,050,050,091,051,051,051,051,051,051,051,051,051,051,051,051,051,051,051,051,051,051,051,051,051,051,051,051,051,051,051,051,091,052,052,052,052,052,052,052,052,052,052,052,052,052,052,052,052,052,052,052,052,052,052,052,052,052,052,052,052,091,053,053,053,053,053,053,053,053,053,053,053,053,053,053,053,053,053,053,053,053,053,053,053,053,053,053,053,053,091,054,054,054,054,054,054,054,054,054,054,054,054,054,054,054,054,054,054,054,054,054,054,054,054,054,054,054,054,054,091,055,055,055,055,055,055,055,055,055,055,055,055,055,055,055,055,055,055,055,055,055,055,055,055,055,055,055,055,055,091,056,056,056,056,056,056,056,056,056,056,056,056,056,056,056,056,056,056,056,056,056,056,056,056,056,056,056,056,091,057,057,057,057,057,057,057,057,057,057,057,057,057,057,057,057,057,057,057,057,057,057,057,057,057,057,057,057,091,058,058,058,058,058,058,058,058,058,058,058,058,058,058,058,058,058,058,058,058,058,058,058,058,058,058,058,058,058,091,059,059,059,059,059,059,059,059,059,059,059,059,059,059,059,059,059,059,059,059,059,059,059,059,059,059,059,059,091,060,060,060,060,060,060,060,060,060,060,060,060,060,060,060,060,060,060,060,060,060,060,060,060,060,060,060,060,091,061,061,061,061,061,061,061,061,061,061,061,061,061,061,061,061,061,061,061,061,061,061,061,061,061,061,061,061,061,062,091,062,062,062,062,062,062,062,062,062,062,062,062,062,062,062,062,062,062,062,062,062,062,062,062,062,062,062,091,063,063,063,063,063,063,063,063,063,063,063,063,063,063,063,063,063,063,063,063,063,063,063,063,063,063,063,062,091,217,255
214,040,091,048,048,048,048,048,048,048,048,048,048,048,048,048,048,048,048,048,048,048,048,048,048,048,048,048,048,048,091,049,049,049,049,049,049,049,049,049,049,049,049,049,049,049,049,049,049,049,049,049,049,049,049,049,049,049,049,091,050,050,050,050,050,050,050,050,050,050,050,050,050,050,050,050,050,050,050,050,050,050,050,050,050,050,050,050,050,091,051,051,051,051,051,051,051,051,051,051,051,051,051,051,051,051,051,051,051,051,051,051,051,051,051,051,051,051,091,052,052,052,052,052,052,052,052,052,052,052,052,052,052,052,052,052,052,052,052,052,052,052,052,052,052,052,052,091,053,053,053,053,053,053,053,053,053,053,053,053,053,053,053,053,053,053,053,053,053,053,053,053,053,053,053,053,091,054,054,054,054,054,054,054,054,054,054,054,054,054,054,054,054,054,054,054,054,054,054,054,054,054,054,054,054,054,091,055,055,055,055,055,055,055,055,055,055,055,055,055,055,055,055,055,055,055,055,055,055,055,055,055,055,055,055,055,091,056,056,056,056,056,056,056,056,056,056,056,056,056,056,056,056,056,056,056,056,056,056,056,056,056,056,056,056,091,057,057,057,057,057,057,057,057,057,057,057,057,057,057,057,057,057,057,057,057,057,057,057,057,057,057,057,057,091,058,058,058,058,058,058,058,058,058,058,058,058,058,058,058,058,058,058,058,058,058,058,058,058,058,058,058,058,058,091,059,059,059,059,059,059,059,059,059,059,059,059,059,059,059,059,059,059,059,059,059,059,059,059,059,059,059,059,091,060,060,060,060,060,060,060,060,060,060,060,060,060,060,060,060,060,060,060,060,060,060,060,060,060,060,060,060,091,061,061,061,061,061,061,061,061,061,061,061,061,061,061,061,061,061,061,061,061,061,061,061,061,061,061,061,061,061,062,091,062,062,062,062,062,062,062,062,062,062,062,062,062,062,062,062,062,062,062,062,062,062,062,062,062,062,062,091,063,063,063,063,063,063,063,063,063,063,063,063,063,063,063,063,063,063,063,063,063,063,063,063,063,063,063,062,091,217,255
214,040,091,048,048,048,048,048,048,048,048,048,048,048,048,048,048,048,048,048,048,048,048,048,048,048,048,048,048,048,091,049,049,049,049,049,049,049,049,049,049,049,049,049,049,049,049,049,049,049,049,049,049,049,049,049,049,049,049,091,050,050,050,050,050,050,050,050,050,050,050,050,050,050,050,050,050,050,050,050,050,050,050,050,050,050,050,050,050,091,051,051,051,051,051,051,051,051,051,051,051,051,051,051,051,051,051,051,051,051,051,051,051,051,051,051,051,051,091,052,052,052,052,052,052,052,052,052,052,052,052,052,052,052,052,052,052,052,052,052,052,052,052,052,052,052,052,091,053,053,053,053,053,053,053,053,053,053,053,053,053,053,053,053,053,053,053,053,053,053,053,053,053,053,053,053,091,054,054,054,054,054,054,054,054,054,054,054,054,054,054,054,054,054,054,054,054,054,054,054,054,054,054,054,054,054,091,055,055,055,055,055,055,055,055,055,055,055,055,055,055,055,055,055,055,055,055,055,055,055,055,055,055,055,055,055,091,056,056,056,056,056,056,056,056,056,056,056,056,056,056,056,056,056,056,056,056,056,056,056,056,056,056,056,056,091,057,057,057,057,057,057,057,057,057,057,057,057,057,057,057,057,057,057,057,057,057,057,057,057,057,057,057,057,091,058,058,058,058,058,058,058,058,058,058,058,058,058,058,058,058,058,058,058,058,058,058,058,058,058,058,058,058,058,091,059,059,059,059,059,059,059,059,059,059,059,059,059,059,059,059,059,059,059,059,059,059,059,059,059,059,059,059,091,060,060,060,060,060,060,060,060,060,060,060,060,060,060,060,060,060,060,060,060,060,060,060,060,060,060,060,060,091,061,061,061,061,061,061,061,061,061,061,061,061,061,061,061,061,061,061,061,061,061,061,061,061,061,061,061,061,061,062,091,062,062,062,062,062,062,062,062,062,062,062,062,062,062,062,062,062,062,062,062,062,062,062,062,062,062,062,091,063,063,063,063,063,063,063,063,063,063,063,063,063,063,063,063,063,063,063,063,063,063,063,063,063,063,063,062,091,217,255
214,040,091,048,048,048,048,048,048,048,048,048,048,048,048,048,048,048,048,048,048,048,048,048,048,048,048,048,048,048,091,049,049,049,049,049,049,049,049,049,049,049,049,049,049,049,049,049,049,049,049,049,049,049,049,049,049,049,049,091,050,050,050,050,050,050,050,050,050,050,050,050,050,050,050,050,050,050,050,050,050,050,050,050,050,050,050,050,050,091,051,051,051,051,051,051,051,051,051,051,051,051,051,051,051,051,051,051,051,051,051,051,051,051,051,051,051,051,091,052,052,052,052,052,052,052,052,052,052,052,052,052,052,052,052,052,052,052,052,052,052,052,052,052,052,052,052,091,053,053,053,053,053,053,053,053,053,053,053,053,053,053,053,053,053,053,053,053,053,053,053,053,053,053,053,053,091,054,054,054,054,054,054,054,054,054,054,054,054,054,054,054,054,054,054,054,054,054,054,054,054,054,054,054,054,054,091,055,055,055,055,055,055,055,055,055,055,055,055,055,055,055,055,055,055,055,055,055,055,055,055,055,055,055,055,055,091,056,056,056,056,056,056,056,056,056,056,056,056,056,056,056,056,056,056,056,056,056,056,056,056,056,056,056,056,091,057,057,057,057,057,057,057,057,057,057,057,057,057,057,057,057,057,057,057,057,057,057,057,057,057,057,057,057,091,058,058,058,058,058,058,058,058,058,058,058,058,058,058,058,058,058,058,058,058,058,058,058,058,058,058,058,058,058,091,059,059,059,059,059,059,059,059,059,059,059,059,059,059,059,059,059,059,059,059,059,059,059,059,059,059,059,059,091,060,060,060,060,060,060,060,060,060,060,060,060,060,060,060,060,060,060,060,060,060,060,060,060,060,060,060,060,091,061,061,061,061,061,061,061,061,061,061,061,061,061,061,061,061,061,061,061,061,061,061,061,061,061,061,061,061,061,062,091,062,062,062,062,062,062,062,062,062,062,062,062,062,062,062,062,062,062,062,062,062,062,062,062,062,062,062,091,063,063,063,063,063,063,063,063,063,063,063,063,063,063,063,063,063,063,063,063,063,063,063,063,063,063,063,062,091,217,255
214,040,091,048,048,048,048,048,048,048,048,048,048,048,048,048,048,048,048,048,048,048,048,048,048,048,048,048,048,048,091,049,049,049,049,049,049,049,049,049,049,049,049,049,049,049,049,049,049,049,049,049,049,049,049,049,049,049,049,091,050,050,050,050,050,050,050,050,050,050,050,050,050,050,050,050,050,050,050,050,050,050,050,050,050,050,050,050,050,091,051,051,051,051,051,051,051,051,051,051,051,051,051,051,051,051,051,051,051,051,051,051,051,051,051,051,051,051,091,052,052,052,052,052,052,052,052,052,052,052,052,052,052,052,052,052,052,052,052,052,052,052,052,052,052,052,052,091,053,053,053,053,053,053,053,053,053,053,053,053,053,053,053,053,053,053,053,053,053,053,053,053,053,053,053,053,091,054,054,054,054,054,054,054,054,054,054,054,054,054,054,054,054,054,054,054,054,054,054,054,054,054,054,054,054,054,091,055,055,055,055,055,055,055,055,055,055,055,055,055,055,055,055,055,055,055,055,055,055,055,055,055,055,055,055,055,091,056,056,056,056,056,056,056,056,056,056,056,056,056,056,056,056,056,056,056,056,056,056,056,056,056,056,056,056,091,057,057,057,057,057,057,057,057,057,057,057,057,057,057,057,057,057,057,057,057,057,057,057,057,057,057,057,057,091,058,058,058,058,058,058,058,058,058,058,058,058,058,058,058,058,058,058,058,058,058,058,058,058,058,058,058,058,058,091,059,059,059,059,059,059,059,059,059,059,059,059,059,059,059,059,059,059,059,059,059,059,059,059,059,059,059,059,091,060,060,060,060,060,060,060,060,060,060,060,060,060,060,060,060,060,060,060,060,060,060,060,060,060,060,060,060,091,061,061,061,061,061,061,061,061,061,061,061,061,061,061,061,061,061,061,061,061,061,061,061,061,061,061,061,061,061,062,091,062,062,062,062,062,062,062,062,062,062,062,062,062,062,062,062,062,062,062,062,062,062,062,062,062,062,062,091,063,063,063,063,063,063,063,063,063,063,063,063,063,063,063,063,063,063,063,063,063,063,063,063,063,063,063,062,091,217,255
214,040,091,048,048,048,048,048,048,048,048,048,048,048,048,048,048,048,048,048,048,048,048,048,048,048,048,048,048,048,091,049,049,049,049,049,049,049,049,049,049,049,049,049,049,049,049,049,049,049,049,049,049,049,049,049,049,049,049,091,050,050,050,050,050,050,050,050,050,050,050,050,050,050,050,050,050,050,050,050,050,050,050,050,050,050,050,050,050,091,051,051,051,051,051,051,051,051,051,051,051,051,051,051,051,051,051,051,051,051,051,051,051,051,051,051,051,051,091,052,052,052,052,052,052,052,052,052,052,052,052,052,052,052,052,052,052,052,052,052,052,052,052,052,052,052,052,091,053,053,053,053,053,053,053,053,053,053,053,053,053,053,053,053,053,053,053,053,053,053,053,053,053,053,053,053,091,054,054,054,054,054,054,054,054,054,054,054,054,054,054,054,054,054,054,054,054,054,054,054,054,054,054,054,054,054,091,055,055,055,055,055,055,055,055,055,055,055,055,055,055,055,055,055,055,055,055,055,055,055,055,055,055,055,055,055,091,056,056,056,056,056,056,056,056,056,056,056,056,056,056,056,056,056,056,056,056,056,056,056,056,056,056,056,056,091,057,057,057,057,057,057,057,057,057,057,057,057,057,057,057,057,057,057,057,057,057,057,057,057,057,057,057,057,091,058,058,058,058,058,058,058,058,058,058,058,058,058,058,058,058,058,058,058,058,058,058,058,058,058,058,058,058,058,091,059,059,059,059,059,059,059,059,059,059,059,059,059,059,059,059,059,059,059,059,059,059,059,059,059,059,059,059,091,060,060,060,060,060,060,060,060,060,060,060,060,060,060,060,060,060,060,060,060,060,060,060,060,060,060,060,060,091,061,061,061,061,061,061,061,061,061,061,061,061,061,061,061,061,061,061,061,061,061,061,061,061,061,061,061,061,061,062,091,062,062,062,062,062,062,062,062,062,062,062,062,062,062,062,062,062,062,062,062,062,062,062,062,062,062,062,091,063,063,063,063,063,063,063,063,063,063,063,063,063,063,063,063,063,063,063,063,063,063,063,063,063,063,063,062,091,217,255
214,040,091,048,048,048,048,048,048,048,048,048,048,048,048,048,048,048,048,048,048,048,048,048,048,048,048,048,048,048,091,049,049,049,049,049,049,049,049,049,049,049,049,049,049,049,049,049,049,049,049,049,049,049,049,049,049,049,049,091,050,050,050,050,050,050,050,050,050,050,050,050,050,050,050,050,050,050,050,050,050,050,050,050,050,050,050,050,050,091,051,051,051,051,051,051,051,051,051,051,051,051,051,051,051,051,051,051,051,051,051,051,051,051,051,051,051,051,091,052,052,052,052,052,052,052,052,052,052,052,052,052,052,052,052,052,052,052,052,052,052,052,052,052,052,052,052,091,053,053,053,053,053,053,053,053,053,053,053,053,053,053,053,053,053,053,053,053,053,053,053,053,053,053,053,053,091,054,054,054,054,054,054,054,054,054,054,054,054,054,054,054,054,054,054,054,054,054,054,054,054,054,054,054,054,054,091,055,055,055,055,055,055,055,055,055,055,055,055,055,055,055,055,055,055,055,055,055,055,055,055,055,055,055,055,055,091,056,056,056,056,056,056,056,056,056,056,056,056,056,056,056,056,056,056,056,056,056,056,056,056,056,056,056,056,091,057,057,057,057,057,057,057,057,057,057,057,057,057,057,057,057,057,057,057,057,057,057,057,057,057,057,057,057,091,058,058,058,058,058,058,058,058,058,058,058,058,058,058,058,058,058,058,058,058,058,058,058,058,058,058,058,058,058,091,059,059,059,059,059,059,059,059,059,059,059,059,059,059,059,059,059,059,059,059,059,059,059,059,059,059,059,059,091,060,060,060,060,060,060,060,060,060,060,060,060,060,060,060,060,060,060,060,060,060,060,060,060,060,060,060,060,091,061,061,061,061,061,061,061,061,061,061,061,061,061,061,061,061,061,061,061,061,061,061,061,061,061,061,061,061,061,062,091,062,062,062,062,062,062,062,062,062,062,062,062,062,062,062,062,062,062,062,062,062,062,062,062,062,062,062,091,063,063,063,063,063,063,063,063,063,063,063,063,063,063,063,063,063,063,063,063,063,063,063,063,063,063,063,062,091,217,255
214,040,091,048,048,048,048,048,048,048,048,048,048,048,048,048,048,048,048,048,048,048,048,048,048,048,048,048,048,048,091,049,049,049,049,049,049,049,049,049,049,049,049,049,049,049,049,049,049,049,049,049,049,049,049,049,049,049,049,091,050,050,050,050,050,050,050,050,050,050,050,050,050,050,050,050,050,050,050,050,050,050,050,050,050,050,050,050,050,091,051,051,051,051,051,051,051,051,051,051,051,051,051,051,051,051,051,051,051,051,051,051,051,051,051,051,051,051,091,052,052,052,052,052,052,052,052,052,052,052,052,052,052,052,052,052,052,052,052,052,052,052,052,052,052,052,052,091,053,053,053,053,053,053,053,053,053,053,053,053,053,053,053,053,053,053,053,053,053,053,053,053,053,053,053,053,091,054,054,054,054,054,054,054,054,054,054,054,054,054,054,054,054,054,054,054,054,054,054,054,054,054,054,054,054,054,091,055,055,055,055,055,055,055,055,055,055,055,055,055,055,055,055,055,055,055,055,055,055,055,055,055,055,055,055,055,091,056,056,056,056,056,056,056,056,056,056,056,056,056,056,056,056,056,056,056,056,056,056,056,056,056,056,056,056,091,057,057,057,057,057,057,057,057,057,057,057,057,057,057,057,057,057,057,057,057,057,057,057,057,057,057,057,057,091,058,058,058,058,058,058,058,058,058,058,058,058,058,058,058,058,058,058,058,058,058,058,058,058,058,058,058,058,058,091,059,059,059,059,059,059,059,059,059,059,059,059,059,059,059,059,059,059,059,059,059,059,059,059,059,059,059,059,091,060,060,060,060,060,060,060,060,060,060,060,060,060,060,060,060,060,060,060,060,060,060,060,060,060,060,060,060,091,061,061,061,061,061,061,061,061,061,061,061,061,061,061,061,061,061,061,061,061,061,061,061,061,061,061,061,061,061,062,091,062,062,062,062,062,062,062,062,062,062,062,062,062,062,062,062,062,062,062,062,062,062,062,062,062,062,062,091,063,063,063,063,063,063,063,063,063,063,063,063,063,063,063,063,063,063,063,063,063,063,063,063,063,063,063,062,091,217,255
226,041,091,048,048,048,048,048,048,048,048,048,048,048,048,048,048,048,048,048,048,048,048,048,048,048,048,048,048,048,091,049,049,049,049,049,049,049,049,049,049,049,049,049,049,049,049,049,049,049,049,049,049,049,049,049,049,049,049,091,050,050,050,050,050,050,050,050,050,050,050,050,050,050,050,050,050,050,050,050,050,050,050,050,050,050,050,050,050,091,051,051,051,051,051,051,051,051,051,051,051,051,051,051,051,051,051,051,051,051,051,051,051,051,051,051,051,051,091,052,052,052,052,052,052,052,052,052,052,052,052,052,052,052,052,052,052,052,052,052,052,052,052,052,052,052,052,091,053,053,053,053,053,053,053,053,053,053,053,053,053,053,053,053,053,053,053,053,053,053,053,053,053,053,053,053,091,054,054,054,054,054,054,054,054,054,054,054,054,054,054,054,054,054,054,054,054,054,054,054,054,054,054,054,054,054,091,055,055,055,055,055,055,055,055,055,055,055,055,055,055,055,055,055,055,055,055,055,055,055,055,055,055,055,055,055,091,056,056,056,056,056,056,056,056,056,056,056,056,056,056,056,056,056,056,056,056,056,056,056,056,056,056,056,056,091,057,057,057,057,057,057,057,057,057,057,057,057,057,057,057,057,057,057,057,057,057,057,057,057,057,057,057,057,091,058,058,058,058,058,058,058,058,058,058,058,058,058,058,058,058,058,058,058,058,058,058,058,058,058,058,058,058,058,091,059,059,059,059,059,059,059,059,059,059,059,059,059,059,059,059,059,059,059,059,059,059,059,059,059,059,059,059,091,060,060,060,060,060,060,060,060,060,060,060,060,060,060,060,060,060,060,060,060,060,060,060,060,060,060,060,060,091,061,061,061,061,061,061,061,061,061,061,061,061,061,061,061,061,061,061,061,061,061,061,061,061,061,061,061,061,061,062,091,062,062,062,062,062,062,062,062,062,062,062,062,062,062,062,062,062,062,062,062,062,062,062,062,062,062,062,091,063,063,063,063,063,063,063,063,063,063,063,063,063,063,063,063,063,063,063,063,063,063,063,063,063,063,063,062,091,229,255
091,091,091,091,091,091,091,091,091,091,091,091,091,091,091,091,091,091,091,091,091,091,091,091,091,091,091,091,091,091,091,091,091,091,091,091,091,091,091,091,091,091,091,091,091,091,091,091,091,091,091,091,091,091,091,091,091,091,091,091,091,091,091,091,091,091,091,091,091,091,091,091,091,091,091,091,091,091,091,091,091,091,091,091,091,091,091,091,091,091,091,091,091,091,091,091,091,091,091,091,091,091,091,091,091,091,091,091,091,091,091,091,091,091,091,091,091,091,091,091,091,091,091,091,091,091,091,091,091,091,091,091,091,091,091,091,091,091,091,091,091,091,091,091,091,091,091,091,091,091,091,091,091,091,091,091,091,091,091,091,091,091,091,091,091,091,091,091,091,091,091,091,091,091,091,091,091,091,091,091,091,091,091,091,091,091,091,091,091,091,091,091,091,091,091,091,091,091,091,091,091,091,091,091,091,091,091,091,091,091,091,091,091,091,091,091,091,091,091,091,091,091,091,091,091,091,091,091,091,091,091,091,091,091,091,091,091,091,091,091,091,091,091,091,091,091,091,091,091,091,091,091,091,091,091,091,091,091,091,091,091,091,091,091,091,091,091,091,091,091,091,091,091,091,091,091,091,091,091,091,091,091,091,091,091,091,091,091,091,091,091,091,091,091,091,091,091,091,091,091,091,091,091,091,091,091,091,091,091,091,091,091,091,091,091,091,091,091,091,091,091,091,091,091,091,091,091,091,091,091,091,091,091,091,091,091,091,091,091,091,091,091,091,091,091,091,091,091,091,091,091,091,091,091,091,091,091,091,091,091,091,091,091,091,091,091,091,091,091,091,091,091,091,091,091,091,091,091,091,091,091,091,091,091,091,091,091,091,091,091,091,091,091,091,091,091,091,091,091,091,091,091,091,091,091,091,091,091,091,091,091,091,091,091,091,091,091,091,091,091,091,091,091,091,091,091,091,091,091,091,091,091,091,091,091,091,091,091,091,091,091,091,091,091,091,091,091,091,091,091,091,091,091,091,091,091,091,091,091,091,091,091,091,091,091,091,091,091,091,091,091,091,091
011,054,091,058,058,058,058,058,058,058,058,058,058,058,058,058,058,058,058,058,058,058,058,058,058,058,058,058,058,058,091,059,059,059,059,059,059,059,059,059,059,059,059,059,059,059,059,059,059,059,059,059,059,059,059,059,059,059,059,091,060,060,060,060,060,060,060,060,060,060,060,060,060,060,060,060,060,060,060,060,060,060,060,060,060,060,060,060,060,091,061,061,061,061,061,061,061,061,061,061,061,061,061,061,061,061,061,061,061,061,061,061,061,061,061,061,061,061,091,062,062,062,062,062,062,062,062,062,062,062,062,062,062,062,062,062,062,062,062,062,062,062,062,062,062,062,062,091,063,063,063,063,063,063,063,063,063,063,063,063,063,063,063,063,063,063,063,063,063,063,063,063,063,063,063,063,091,064,064,064,064,064,064,064,064,064,064,064,064,064,064,064,064,064,064,064,064,064,064,064,064,064,064,064,064,064,091,065,065,065,065,065,065,065,065,065,065,065,065,065,065,065,065,065,065,065,065,065,065,065,065,065,065,065,065,065,091,066,066,066,066,066,066,066,066,066,066,066,066,066,066,066,066,066,066,066,066,066,066,066,066,066,066,066,066,091,067,067,067,067,067,067,067,067,067,067,067,067,067,067,067,067,067,067,067,067,067,067,067,067,067,067,067,067,091,068,068,068,068,068,068,068,068,068,068,068,068,068,068,068,068,068,068,068,068,068,068,068,068,068,068,068,068,068,091,069,069,069,069,069,069,069,069,069,069,069,069,069,069,069,069,069,069,069,069,069,069,069,069,069,069,069,069,091,070,070,070,070,070,070,070,070,070,070,070,070,070,070,070,070,070,070,070,070,070,070,070,070,070,070,070,070,091,071,071,071,071,071,071,071,071,071,071,071,071,071,071,071,071,071,071,071,071,071,071,071,071,071,071,071,071,071,071,091,072,072,072,072,072,072,072,072,072,072,072,072,072,072,072,072,072,072,072,072,072,072,072,072,072,072,072,091,073,073,073,073,073,073,073,073,073,073,073,073,073,073,073,073,073,073,073,073,073,073,073,073,073,073,073,073,091,014,000
205,061,091,065,065,065,065,065,065,065,065,065,065,065,065,065,065,065,065,065,065,065,065,065,065,065,065,065,065,065,091,066,066,066,066,066,066,066,066,066,066,066,066,066,066,066,066,066,066,066,066,066,066,066,066,066,066,066,066,091,067,067,067,067,067,067,067,067,067,067,067,067,067,067,067,067,067,067,067,067,067,067,067,067,067,067,067,067,067,091,068,068,068,068,068,068,068,068,068,068,068,068,068,068,068,068,068,068,068,068,068,068,068,068,068,068,068,068,091,069,069,069,069,069,069,069,069,069,069,069,069,069,069,069,069,069,069,069,069,069,069,069,069,069,069,069,069,091,070,070,070,070,070,070,070,070,070,070,070,070,070,070,070,070,070,070,070,070,070,070,070,070,070,070,070,070,091,071,071,071,071,071,071,071,071,071,071,071,071,071,071,071,071,071,071,071,071,071,071,071,071,071,071,071,071,071,091,072,072,072,072,072,072,072,072,072,072,072,072,072,072,072,072,072,072,072,072,072,072,072,072,072,072,072,072,072,091,073,073,073,073,073,073,073,073,073,073,073,073,073,073,073,073,073,073,073,073,073,073,073,073,073,073,073,073,091,074,074,074,074,074,074,074,074,074,074,074,074,074,074,074,074,074,074,074,074,074,074,074,074,074,074,074,074,091,075,075,075,075,075,075,075,075,075,075,075,075,075,075,075,075,075,075,075,075,075,075,075,075,075,075,075,075,075,091,076,076,076,076,076,076,076,076,076,076,076,076,076,076,076,076,076,076,076,076,076,076,076,076,076,076,076,076,091,077,077,077,077,077,077,077,077,077,077,077,077,077,077,077,077,077,077,077,077,077,077,077,077,077,077,077,077,091,078,078,078,078,078,078,078,078,078,078,078,078,078,078,078,078,078,078,078,078,078,078,078,078,078,078,078,078,078,079,091,079,079,079,079,079,079,079,079,079,079,079,079,079,079,079,079,079,079,079,079,079,079,079,079,079,079,079,091,080,080,080,080,080,080,080,080,080,080,080,080,080,080,080,080,080,080,080,080,080,080,080,080,080,080,080,079,091,208,248
221,057,091,064,064,064,064,064,064,064,064,064,064,064,064,064,064,064,064,064,064,064,064,064,064,064,064,064,064,064,091,065,065,065,065,065,065,065,065,065,065,065,065,065,065,065,065,065,065,065,065,065,065,065,065,065,065,065,065,091,066,066,066,066,066,066,066,066,066,066,066,066,066,066,066,066,066,066,066,066,066,066,066,066,066,066,066,066,066,091,067,067,067,067,067,067,067,067,067,067,067,067,067,067,067,067,067,067,067,067,067,067,067,067,067,067,067,067,091,068,068,068,068,068,068,068,068,068,068,068,068,068,068,068,068,068,068,068,068,068,068,068,068,068,068,068,068,091,069,069,069,069,069,069,069,069,069,069,069,069,069,069,069,069,069,069,069,069,069,069,069,069,069,069,069,069,091,070,070,070,070,070,070,070,070,070,070,070,070,070,070,070,070,070,070,070,070,070,070,070,070,070,070,070,070,070,091,071,071,071,071,071,071,071,071,071,071,071,071,071,071,071,071,071,071,071,071,071,071,071,071,071,071,071,071,071,091,072,072,072,072,072,072,072,072,072,072,072,072,072,072,072,072,072,072,072,072,072,072,072,072,072,072,072,072,091,073,073,073,073,073,073,073,073,073,073,073,073,073,073,073,073,073,073,073,073,073,073,073,073,073,073,073,073,091,074,074,074,074,074,074,074,074,074,074,074,074,074,074,074,074,074,074,074,074,074,074,074,074,074,074,074,074,074,091,075,075,075,075,075,075,075,075,075,075,075,075,075,075,075,075,075,075,075,075,075,075,075,075,075,075,075,075,091,076,076,076,076,076,076,076,076,076,076,076,076,076,076,076,076,076,076,076,076,076,076,076,076,076,076,076,076,091,077,077,077,077,077,077,077,077,077,077,077,077,077,077,077,077,077,077,077,077,077,077,077,077,077,077,077,077,077,078,091,078,078,078,078,078,078,078,078,078,078,078,078,078,078,078,078,078,078,078,078,078,078,078,078,078,078,078,091,079,079,079,079,079,079,079,079,079,079,079,079,079,079,079,079,079,079,079,079,079,079,079,079,079,079,079,078,091,224,255
217,057,091,064,064,064,064,064,064,064,064,064,064,064,064,064,064,064,064,064,064,064,064,064,064,064,064,064,064,064,091,065,065,065,065,065,065,065,065,065,065,065,065,065,065,065,065,065,065,065,065,065,065,065,065,065,065,065,065,091,066,066,066,066,066,066,066,066,066,066,066,066,066,066,066,066,066,066,066,066,066,066,066,066,066,066,066,066,066,091,067,067,067,067,067,067,067,067,067,067,067,067,067,067,067,067,067,067,067,067,067,067,067,067,067,067,067,067,091,068,068,068,068,068,068,068,068,068,068,068,068,068,068,068,068,068,068,068,068,068,068,068,068,068,068,068,068,091,069,069,069,069,069,069,069,069,069,069,069,069,069,069,069,069,069,069,069,069,069,069,069,069,069,069,069,069,091,070,070,070,070,070,070,070,070,070,070,070,070,070,070,070,070,070,070,070,070,070,070,070,070,070,070,070,070,070,091,071,071,071,071,071,071,071,071,071,071,071,071,071,071,071,071,071,071,071,071,071,071,071,071,071,071,071,071,071,091,072,072,072,072,072,072,072,072,072,072,072,072,072,072,072,072,072,072,072,072,072,072,072,072,072,072,072,072,091,073,073,073,073,073,073,073,073,073,073,073,073,073,073,073,073,073,073,073,073,073,073,073,073,073,073,073,073,091,074,074,074,074,074,074,074,074,074,074,074,074,074,074,074,074,074,074,074,074,074,074,074,074,074,074,074,074,074,091,075,075,075,075,075,075,075,075,075,075,075,075,075,075,075,075,075,075,075,075,075,075,075,075,075,075,075,075,091,076,076,076,076,076,076,076,076,076,076,076,076,076,076,076,076,076,076,076,076,076,076,076,076,076,076,076,076,091,077,077,077,077,077,077,077,077,077,077,077,077,077,077,077,077,077,077,077,077,077,077,077,077,077,077,077,077,077,078,091,078,078,078,078,078,078,078,078,078,078,078,078,078,078,078,078,078,078,078,078,078,078,078,078,078,078,078,091,079,079,079,079,079,079,079,079,079,079,079,079,079,079,079,079,079,079,079,079,079,079,079,079,079,079,079,078,091,220,255
217,057,091,064,064,064,064,064,064,064,064,064,064,064,064,064,064,064,064,064,064,064,064,064,064,064,064,064,064,064,091,065,065,065,065,065,065,065,065,065,065,065,065,065,065,065,065,065,065,065,065,065,065,065,065,065,065,065,065,091,066,066,066,066,066,066,066,066,066,066,066,066,066,066,066,066,066,066,066,066,066,066,066,066,066,066,066,066,066,091,067,067,067,067,067,067,067,067,067,067,067,067,067,067,067,067,067,067,067,067,067,067,067,067,067,067,067,067,091,068,068,068,068,068,068,068,068,068,068,068,068,068,068,068,068,068,068,068,068,068,068,068,068,068,068,068,068,091,069,069,069,069,069,069,069,069,069,069,069,069,069,069,069,069,069,069,069,069,069,069,069,069,069,069,069,069,091,070,070,070,070,070,070,070,070,070,070,070,070,070,070,070,070,070,070,070,070,070,070,070,070,070,070,070,070,070,091,071,071,071,071,071,071,071,071,071,071,071,071,071,071,071,071,071,071,071,071,071,071,071,071,071,071,071,071,071,091,072,072,072,072,072,072,072,072,072,072,072,072,072,072,072,072,072,072,072,072,072,072,072,072,072,072,072,072,091,073,073,073,073,073,073,073,073,073,073,073,073,073,073,073,073,073,073,073,073,073,073,073,073,073,073,073,073,091,074,074,074,074,074,074,074,074,074,074,074,074,074,074,074,074,074,074,074,074,074,074,074,074,074,074,074,074,074,091,075,075,075,075,075,075,075,075,075,075,075,075,075,075,075,075,075,075,075,075,075,075,075,075,075,075,075,075,091,076,076,076,076,076,076,076,076,076,076,076,076,076,076,076,076,076,076,076,076,076,076,076,076,076,076,076,076,091,077,077,077,077,077,077,077,077,077,077,077,077,077,077,077,077,077,077,077,077,077,077,077,077,077,077,077,077,077,078,091,078,078,078,078,078,078,078,078,078,078,078,078,078,078,078,078,078,078,078,078,078,078,078,078,078,078,078,091,079,079,079,079,079,079,079,079,079,079,079,079,079,079,079,079,079,079,079,079,079,079,079,079,079,079,079,078,091,220,255
217,057,091,064,064,064,064,064,064,064,064,064,064,064,064,064,064,064,064,064,064,064,064,064,064,064,064,064,064,064,091,065,065,065,065,065,065,065,065,065,065,065,065,065,065,065,065,065,065,065,065,065,065,065,065,065,065,065,065,091,066,066,066,066,066,066,066,066,066,066,066,066,066,066,066,066,066,066,066,066,066,066,066,066,066,066,066,066,066,091,067,067,067,067,067,067,067,067,067,067,067,067,067,067,067,067,067,067,067,067,067,067,067,067,067,067,067,067,091,068,068,068,068,068,068,068,068,068,068,068,068,068,068,068,068,068,068,068,068,068,068,068,068,068,068,068,068,091,069,069,069,069,069,069,069,069,069,069,069,069,069,069,069,069,069,069,069,069,069,069,069,069,069,069,069,069,091,070,070,070,070,070,070,070,070,070,070,070,070,070,070,070,070,070,070,070,070,070,070,070,070,070,070,070,070,070,091,071,071,071,071,071,071,071,071,071,071,071,071,071,071,071,071,071,071,071,071,071,071,071,071,071,071,071,071,071,091,072,072,072,072,072,072,072,072,072,072,072,072,072,072,072,072,072,072,072,072,072,072,072,072,072,072,072,072,091,073,073,073,073,073,073,073,073,073,073,073,073,073,073,073,073,073,073,073,073,073,073,073,073,073,073,073,073,091,074,074,074,074,074,074,074,074,074,074,074,074,074,074,074,074,074,074,074,074,074,074,074,074,074,074,074,074,074,091,075,075,075,075,075,075,075,075,075,075,075,075,075,075,075,075,075,075,075,075,075,075,075,075,075,075,075,075,091,076,076,076,076,076,076,076,076,076,076,076,076,076,076,076,076,076,076,076,076,076,076,076,076,076,076,076,076,091,077,077,077,077,077,077,077,077,077,077,077,077,077,077,077,077,077,077,077,077,077,077,077,077,077,077,077,077,077,078,091,078,078,078,078,078,078,078,078,078,078,078,078,078,078,078,078,078,078,078,078,078,078,078,078,078,078,078,091,079,079,079,079,079,079,079,079,079,079,079,079,079,079,079,079,079,079,079,079,079,079,079,079,079,079,079,078,091,220,255
217,057,091,064,064,064,064,064,064,064,064,064,064,064,064,064,064,064,064,064,064,064,064,064,064,064,064,064,064,064,091,065,065,065,065,065,065,065,065,065,065,065,065,065,065,065,065,065,065,065,065,065,065,065,065,065,065,065,065,091,066,066,066,066,066,066,066,066,066,066,066,066,066,066,066,066,066,066,066,066,066,066,066,066,066,066,066,066,066,091,067,067,067,067,067,067,067,067,067,067,067,067,067,067,067,067,067,067,067,067,067,067,067,067,067,067,067,067,091,068,068,068,068,068,068,068,068,068,068,068,068,068,068,068,068,068,068,068,068,068,068,068,068,068,068,068,068,091,069,069,069,069,069,069,069,069,069,069,069,069,069,069,069,069,069,069,069,069,069,069,069,069,069,069,069,069,091,070,070,070,070,070,070,070,070,070,070,070,070,070,070,070,070,070,070,070,070,070,070,070,070,070,070,070,070,070,091,071,071,071,071,071,071,071,071,071,071,071,071,071,071,071,071,071,071,071,071,071,071,071,071,071,071,071,071,071,091,072,072,072,072,072,072,072,072,072,072,072,072,072,072,072,072,072,072,072,072,072,072,072,072,072,072,072,072,091,073,073,073,073,073,073,073,073,073,073,073,073,073,073,073,073,073,073,073,073,073,073,073,073,073,073,073,073,091,074,074,074,074,074,074,074,074,074,074,074,074,074,074,074,074,074,074,074,074,074,074,074,074,074,074,074,074,074,091,075,075,075,075,075,075,075,075,075,075,075,075,075,075,075,075,075,075,075,075,075,075,075,075,075,075,075,075,091,076,076,076,076,076,076,076,076,076,076,076,076,076,076,076,076,076,076,076,076,076,076,076,076,076,076,076,076,091,077,077,077,077,077,077,077,077,077,077,077,077,077,077,077,077,077,077,077,077,077,077,077,077,077,077,077,077,077,078,091,078,078,078,078,078,078,078,078,078,078,078,078,078,078,078,078,078,078,078,078,078,078,078,078,078,078,078,091,079,079,079,079,079,079,079,079,079,079,079,079,079,079,079,079,079,079,079,079,079,079,079,079,079,079,079,078,091,220,255
217,057,091,064,064,064,064,064,064,064,064,064,064,064,064,064,064,064,064,064,064,064,064,064,064,064,064,064,064,064,091,065,065,065,065,065,065,065,065,065,065,065,065,065,065,065,065,065,065,065,065,065,065,065,065,065,065,065,065,091,066,066,066,066,066,066,066,066,066,066,066,066,066,066,066,066,066,066,066,066,066,066,066,066,066,066,066,066,066,091,067,067,067,067,067,067,067,067,067,067,067,067,067,067,067,067,067,067,067,067,067,067,067,067,067,067,067,067,091,068,068,068,068,068,068,068,068,068,068,068,068,068,068,068,068,068,068,068,068,068,068,068,068,068,068,068,068,091,069,069,069,069,069,069,069,069,069,069,069,069,069,069,069,069,069,069,069,069,069,069,069,069,069,069,069,069,091,070,070,070,070,070,070,070,070,070,070,070,070,070,070,070,070,070,070,070,070,070,070,070,070,070,070,070,070,070,091,071,071,071,071,071,071,071,071,071,071,071,071,071,071,071,071,071,071,071,071,071,071,071,071,071,071,071,071,071,091,072,072,072,072,072,072,072,072,072,072,072,072,072,072,072,072,072,072,072,072,072,072,072,072,072,072,072,072,091,073,073,073,073,073,073,073,073,073,073,073,073,073,073,073,073,073,073,073,073,073,073,073,073,073,073,073,073,091,074,074,074,074,074,074,074,074,074,074,074,074,074,074,074,074,074,074,074,074,074,074,074,074,074,074,074,074,074,091,075,075,075,075,075,075,075,075,075,075,075,075,075,075,075,075,075,075,075,075,075,075,075,075,075,075,075,075,091,076,076,076,076,076,076,076,076,076,076,076,076,076,076,076,076,076,076,076,076,076,076,076,076,076,076,076,076,091,077,077,077,077,077,077,077,077,077,077,077,077,077,077,077,077,077,077,077,077,077,077,077,077,077,077,077,077,077,078,091,078,078,078,078,078,078,078,078,078,078,078,078,078,078,078,078,078,078,078,078,078,078,078,078,078,078,078,091,079,079,079,079,079,079,079,079,079,079,079,079,079,079,079,079,079,079,079,079,079,079,079,079,079,079,079,078,091,220,255
217,057,091,064,064,064,064,064,064,064,064,064,064,064,064,064,064,064,064,064,064,064,064,064,064,064,064,064,064,064,091,065,065,065,065,065,065,065,065,065,065,065,065,065,065,065,065,065,065,065,065,065,065,065,065,065,065,065,065,091,066,066,066,066,066,066,066,066,066,066,066,066,066,066,066,066,066,066,066,066,066,066,066,066,066,066,066,066,066,091,067,067,067,067,067,067,067,067,067,067,067,067,067,067,067,067,067,067,067,067,067,067,067,067,067,067,067,067,091,068,068,068,068,068,068,068,068,068,068,068,068,068,068,068,068,068,068,068,068,068,068,068,068,068,068,068,068,091,069,069,069,069,069,069,069,069,069,069,069,069,069,069,069,069,069,069,069,069,069,069,069,069,069,069,069,069,091,070,070,070,070,070,070,070,070,070,070,070,070,070,070,070,070,070,070,070,070,070,070,070,070,070,070,070,070,070,091,071,071,071,071,071,071,071,071,071,071,071,071,071,071,071,071,071,071,071,071,071,071,071,071,071,071,071,071,071,091,072,072,072,072,072,072,072,072,072,072,072,072,072,072,072,072,072,072,072,072,072,072,072,072,072,072,072,072,091,073,073,073,073,073,073,073,073,073,073,073,073,073,073,073,073,073,073,073,073,073,073,073,073,073,073,073,073,091,074,074,074,074,074,074,074,074,074,074,074,074,074,074,074,074,074,074,074,074,074,074,074,074,074,074,074,074,074,091,075,075,075,075,075,075,075,075,075,075,075,075,075,075,075,075,075,075,075,075,075,075,075,075,075,075,075,075,091,076,076,076,076,076,076,076,076,076,076,076,076,076,076,076,076,076,076,076,076,076,076,076,076,076,076,076,076,091,077,077,077,077,077,077,077,077,077,077,077,077,077,077,077,077,077,077,077,077,077,077,077,077,077,077,077,077,077,078,091,078,078,078,078,078,078,078,078,078,078,078,078,078,078,078,078,078,078,078,078,078,078,078,078,078,078,078,091,079,079,079,079,079,079,079,079,079,079,079,079,079,079,079,079,079,079,079,079,079,079,079,079,079,079,079,078,091,220,255
217,057,091,064,064,064,064,064,064,064,064,064,064,064,064,064,064,064,064,064,064,064,064,064,064,064,064,064,064,064,091,065,065,065,065,065,065,065,065,065,065,065,065,065,065,065,065,065,065,065,065,065,065,065,065,065,065,065,065,091,066,066,066,066,066,066,066,066,066,066,066,066,066,066,066,066,066,066,066,066,066,066,066,066,066,066,066,066,066,091,067,067,067,067,067,067,067,067,067,067,067,067,067,067,067,067,067,067,067,067,067,067,067,067,067,067,067,067,091,068,068,068,068,068,068,068,068,068,068,068,068,068,068,068,068,068,068,068,068,068,068,068,068,068,068,068,068,091,069,069,069,069,069,069,069,069,069,069,069,069,069,069,069,069,069,069,069,069,069,069,069,069,069,069,069,069,091,070,070,070,070,070,070,070,070,070,070,070,070,070,070,070,070,070,070,070,070,070,070,070,070,070,070,070,070,070,091,071,071,071,071,071,071,071,071,071,071,071,071,071,071,071,071,071,071,071,071,071,071,071,071,071,071,071,071,071,091,072,072,072,072,072,072,072,072,072,072,072,072,072,072,072,072,072,072,072,072,072,072,072,072,072,072,072,072,091,073,073,073,073,073,073,073,073,073,073,073,073,073,073,073,073,073,073,073,073,073,073,073,073,073,073,073,073,091,074,074,074,074,074,074,074,074,074,074,074,074,074,074,074,074,074,074,074,074,074,074,074,074,074,074,074,074,074,091,075,075,075,075,075,075,075,075,075,075,075,075,075,075,075,075,075,075,075,075,075,075,075,075,075,075,075,075,091,076,076,076,076,076,076,076,076,076,076,076,076,076,076,076,076,076,076,076,076,076,076,076,076,076,076,076,076,091,077,077,077,077,077,077,077,077,077,077,077,077,077,077,077,077,077,077,077,077,077,077,077,077,077,077,077,077,077,078,091,078,078,078,078,078,078,078,078,078,078,078,078,078,078,078,078,078,078,078,078,078,078,078,078,078,078,078,091,079,079,079,079,079,079,079,079,079,079,079,079,079,079,079,079,079,079,079,079,079,079,079,079,079,079,079,078,091,220,255
217,057,091,064,064,064,064,064,064,064,064,064,064,064,064,064,064,064,064,064,064,064,064,064,064,064,064,064,064,064,091,065,065,065,065,065,065,065,065,065,065,065,065,065,065,065,065,065,065,065,065,065,065,065,065,065,065,065,065,091,066,066,066,066,066,066,066,066,066,066,066,066,066,066,066,066,066,066,066,066,066,066,066,066,066,066,066,066,066,091,067,067,067,067,067,067,067,067,067,067,067,067,067,067,067,067,067,067,067,067,067,067,067,067,067,067,067,067,091,068,068,068,068,068,068,068,068,068,068,068,068,068,068,068,068,068,068,068,068,068,068,068,068,068,068,068,068,091,069,069,069,069,069,069,069,069,069,069,069,069,069,069,069,069,069,069,069,069,069,069,069,069,069,069,069,069,091,070,070,070,070,070,070,070,070,070,070,070,070,070,070,070,070,070,070,070,070,070,070,070,070,070,070,070,070,070,091,071,071,071,071,071,071,071,071,071,071,071,071,071,071,071,071,071,071,071,071,071,071,071,071,071,071,071,071,071,091,072,072,072,072,072,072,072,072,072,072,072,072,072,072,072,072,072,072,072,072,072,072,072,072,072,072,072,072,091,073,073,073,073,073,073,073,073,073,073,073,073,073,073,073,073,073,073,073,073,073,073,073,073,073,073,073,073,091,074,074,074,074,074,074,074,074,074,074,074,074,074,074,074,074,074,074,074,074,074,074,074,074,074,074,074,074,074,091,075,075,075,075,075,075,075,075,075,075,075,075,075,075,075,075,075,075,075,075,075,075,075,075,075,075,075,075,091,076,076,076,076,076,076,076,076,076,076,076,076,076,076,076,076,076,076,076,076,076,076,076,076,076,076,076,076,091,077,077,077,077,077,077,077,077,077,077,077,077,077,077,077,077,077,077,077,077,077,077,077,077,077,077,077,077,077,078,091,078,078,078,078,078,078,078,078,078,078,078,078,078,078,078,078,078,078,078,078,078,078,078,078,078,078,078,091,079,079,079,079,079,079,079,079,079,079,079,079,079,079,079,079,079,079,079,079,079,079,079,079,079,079,079,078,091,220,255
217,057,091,064,064,064,064,064,064,064,064,064,064,064,064,064,064,064,064,064,064,064,064,064,064,064,064,064,064,064,091,065,065,065,065,065,065,065,065,065,065,065,065,065,065,065,065,065,065,065,065,065,065,065,065,065,065,065,065,091,066,066,066,066,066,066,066,066,066,066,066,066,066,066,066,066,066,066,066,066,066,066,066,066,066,066,066,066,066,091,067,067,067,067,067,067,067,067,067,067,067,067,067,067,067,067,067,067,067,067,067,067,067,067,067,067,067,067,091,068,068,068,068,068,068,068,068,068,068,068,068,068,068,068,068,068,068,068,068,068,068,068,068,068,068,068,068,091,069,069,069,069,069,069,069,069,069,069,069,069,069,069,069,069,069,069,069,069,069,069,069,069,069,069,069,069,091,070,070,070,070,070,070,070,070,070,070,070,070,070,070,070,070,070,070,070,070,070,070,070,070,070,070,070,070,070,091,071,071,071,071,071,071,071,071,071,071,071,071,071,071,071,071,071,071,071,071,071,071,071,071,071,071,071,071,071,091,072,072,072,072,072,072,072,072,072,072,072,072,072,072,072,072,072,072,072,072,072,072,072,072,072,072,072,072,091,073,073,073,073,073,073,073,073,073,073,073,073,073,073,073,073,073,073,073,073,073,073,073,073,073,073,073,073,091,074,074,074,074,074,074,074,074,074,074,074,074,074,074,074,074,074,074,074,074,074,074,074,074,074,074,074,074,074,091,075,075,075,075,075,075,075,075,075,075,075,075,075,075,075,075,075,075,075,075,075,075,075,075,075,075,075,075,091,076,076,076,076,076,076,076,076,076,076,076,076,076,076,076,076,076,076,076,076,076,076,076,076,076,076,076,076,091,077,077,077,077,077,077,077,077,077,077,077,077,077,077,077,077,077,077,077,077,077,077,077,077,077,077,077,077,077,078,091,078,078,078,078,078,078,078,078,078,078,078,078,078,078,078,078,078,078,078,078,078,078,078,078,078,078,078,091,079,079,079,079,079,079,079,079,079,079,079,079,079,079,079,079,079,079,079,079,079,079,079,079,079,079,079,078,091,220,255
217,057,091,064,064,064,064,064,064,064,064,064,064,064,064,064,064,064,064,064,064,064,064,064,064,064,064,064,064,064,091,065,065,065,065,065,065,065,065,065,065,065,065,065,065,065,065,065,065,065,065,065,065,065,065,065,065,065,065,091,066,066,066,066,066,066,066,066,066,066,066,066,066,066,066,066,066,066,066,066,066,066,066,066,066,066,066,066,066,091,067,067,067,067,067,067,067,067,067,067,067,067,067,067,067,067,067,067,067,067,067,067,067,067,067,067,067,067,091,068,068,068,068,068,068,068,068,068,068,068,068,068,068,068,068,068,068,068,068,068,068,068,068,068,068,068,068,091,069,069,069,069,069,069,069,069,069,069,069,069,069,069,069,069,069,069,069,069,069,069,069,069,069,069,069,069,091,070,070,070,070,070,070,070,070,070,070,070,070,070,070,070,070,070,070,070,070,070,070,070,070,070,070,070,070,070,091,071,071,071,071,071,071,071,071,071,071,071,071,071,071,071,071,071,071,071,071,071,071,071,071,071,071,071,071,071,091,072,072,072,072,072,072,072,072,072,072,072,072,072,072,072,072,072,072,072,072,072,072,072,072,072,072,072,072,091,073,073,073,073,073,073,073,073,073,073,073,073,073,073,073,073,073,073,073,073,073,073,073,073,073,073,073,073,091,074,074,074,074,074,074,074,074,074,074,074,074,074,074,074,074,074,074,074,074,074,074,074,074,074,074,074,074,074,091,075,075,075,075,075,075,075,075,075,075,075,075,075,075,075,075,075,075,075,075,075,075,075,075,075,075,075,075,091,076,076,076,076,076,076,076,076,076,076,076,076,076,076,076,076,076,076,076,076,076,076,076,076,076,076,076,076,091,077,077,077,077,077,077,077,077,077,077,077,077,077,077,077,077,077,077,077,077,077,077,077,077,077,077,077,077,077,078,091,078,078,078,078,078,078,078,078,078,078,078,078,078,078,078,078,078,078,078,078,078,078,078,078,078,078,078,091,079,079,079,079,079,079,079,079,079,079,079,079,079,079,079,079,079,079,079,079,079,079,079,079,079,079,079,078,091,220,255
217,057,091,064,064,064,064,064,064,064,064,064,064,064,064,064,064,064,064,064,064,064,064,064,064,064,064,064,064,064,091,065,065,065,065,065,065,065,065,065,065,065,065,065,065,065,065,065,065,065,065,065,065,065,065,065,065,065,065,091,066,066,066,066,066,066,066,066,066,066,066,066,066,066,066,066,066,066,066,066,066,066,066,066,066,066,066,066,066,091,067,067,067,067,067,067,067,067,067,067,067,067,067,067,067,067,067,067,067,067,067,067,067,067,067,067,067,067,091,068,068,068,068,068,068,068,068,068,068,068,068,068,068,068,068,068,068,068,068,068,068,068,068,068,068,068,068,091,069,069,069,069,069,069,069,069,069,069,069,069,069,069,069,069,069,069,069,069,069,069,069,069,069,069,069,069,091,070,070,070,070,070,070,070,070,070,070,070,070,070,070,070,070,070,070,070,070,070,070,070,070,070,070,070,070,070,091,071,071,071,071,071,071,071,071,071,071,071,071,071,071,071,071,071,071,071,071,071,071,071,071,071,071,071,071,071,091,072,072,072,072,072,072,072,072,072,072,072,072,072,072,072,072,072,072,072,072,072,072,072,072,072,072,072,072,091,073,073,073,073,073,073,073,073,073,073,073,073,073,073,073,073,073,073,073,073,073,073,073,073,073,073,073,073,091,074,074,074,074,074,074,074,074,074,074,074,074,074,074,074,074,074,074,074,074,074,074,074,074,074,074,074,074,074,091,075,075,075,075,075,075,075,075,075,075,075,075,075,075,075,075,075,075,075,075,075,075,075,075,075,075,075,075,091,076,076,076,076,076,076,076,076,076,076,076,076,076,076,076,076,076,076,076,076,076,076,076,076,076,076,076,076,091,077,077,077,077,077,077,077,077,077,077,077,077,077,077,077,077,077,077,077,077,077,077,077,077,077,077,077,077,077,078,091,078,078,078,078,078,078,078,078,078,078,078,078,078,078,078,078,078,078,078,078,078,078,078,078,078,078,078,091,079,079,079,079,079,079,079,079,079,079,079,079,079,079,079,079,079,079,079,079,079,079,079,079,079,079,079,078,091,220,255
217,057,091,064,064,064,064,064,064,064,064,064,064,064,064,064,064,064,064,064,064,064,064,064,064,064,064,064,064,064,091,065,065,065,065,065,065,065,065,065,065,065,065,065,065,065,065,065,065,065,065,065,065,065,065,065,065,065,065,091,066,066,066,066,066,066,066,066,066,066,066,066,066,066,066,066,066,066,066,066,066,066,066,066,066,066,066,066,066,091,067,067,067,067,067,067,067,067,067,067,067,067,067,067,067,067,067,067,067,067,067,067,067,067,067,067,067,067,091,068,068,068,068,068,068,068,068,068,068,068,068,068,068,068,068,068,068,068,068,068,068,068,068,068,068,068,068,091,069,069,069,069,069,069,069,069,069,069,069,069,069,069,069,069,069,069,069,069,069,069,069,069,069,069,069,069,091,070,070,070,070,070,070,070,070,070,070,070,070,070,070,070,070,070,070,070,070,070,070,070,070,070,070,070,070,070,091,071,071,071,071,071,071,071,071,071,071,071,071,071,071,071,071,071,071,071,071,071,071,071,071,071,071,071,071,071,091,072,072,072,072,072,072,072,072,072,072,072,072,072,072,072,072,072,072,072,072,072,072,072,072,072,072,072,072,091,073,073,073,073,073,073,073,073,073,073,073,073,073,073,073,073,073,073,073,073,073,073,073,073,073,073,073,073,091,074,074,074,074,074,074,074,074,074,074,074,074,074,074,074,074,074,074,074,074,074,074,074,074,074,074,074,074,074,091,075,075,075,075,075,075,075,075,075,075,075,075,075,075,075,075,075,075,075,075,075,075,075,075,075,075,075,075,091,076,076,076,076,076,076,076,076,076,076,076,076,076,076,076,076,076,076,076,076,076,076,076,076,076,076,076,076,091,077,077,077,077,077,077,077,077,077,077,077,077,077,077,077,077,077,077,077,077,077,077,077,077,077,077,077,077,077,078,091,078,078,078,078,078,078,078,078,078,078,078,078,078,078,078,078,078,078,078,078,078,078,078,078,078,078,078,091,079,079,079,079,079,079,079,079,079,079,079,079,079,079,079,079,079,079,079,079,079,079,079,079,079,079,079,078,091,220,255
217,057,091,064,064,064,064,064,064,064,064,064,064,064,064,064,064,064,064,064,064,064,064,064,064,064,064,064,064,064,091,065,065,065,065,065,065,065,065,065,065,065,065,065,065,065,065,065,065,065,065,065,065,065,065,065,065,065,065,091,066,066,066,066,066,066,066,066,066,066,066,066,066,066,066,066,066,066,066,066,066,066,066,066,066,066,066,066,066,091,067,067,067,067,067,067,067,067,067,067,067,067,067,067,067,067,067,067,067,067,067,067,067,067,067,067,067,067,091,068,068,068,068,068,068,068,068,068,068,068,068,068,068,068,068,068,068,068,068,068,068,068,068,068,068,068,068,091,069,069,069,069,069,069,069,069,069,069,069,069,069,069,069,069,069,069,069,069,069,069,069,069,069,069,069,069,091,070,070,070,070,070,070,070,070,070,070,070,070,070,070,070,070,070,070,070,070,070,070,070,070,070,070,070,070,070,091,071,071,071,071,071,071,071,071,071,071,071,071,071,071,071,071,071,071,071,071,071,071,071,071,071,071,071,071,071,091,072,072,072,072,072,072,072,072,072,072,072,072,072,072,072,072,072,072,072,072,072,072,072,072,072,072,072,072,091,073,073,073,073,073,073,073,073,073,073,073,073,073,073,073,073,073,073,073,073,073,073,073,073,073,073,073,073,091,074,074,074,074,074,074,074,074,074,074,074,074,074,074,074,074,074,074,074,074,074,074,074,074,074,074,074,074,074,091,075,075,075,075,075,075,075,075,075,075,075,075,075,075,075,075,075,075,075,075,075,075,075,075,075,075,075,075,091,076,076,076,076,076,076,076,076,076,076,076,076,076,076,076,076,076,076,076,076,076,076,076,076,076,076,076,076,091,077,077,077,077,077,077,077,077,077,077,077,077,077,077,077,077,077,077,077,077,077,077,077,077,077,077,077,077,077,078,091,078,078,078,078,078,078,078,078,078,078,078,078,078,078,078,078,078,078,078,078,078,078,078,078,078,078,078,091,079,079,079,079,079,079,079,079,079,079,079,079,079,079,079,079,079,079,079,079,079,079,079,079,079,079,079,078,091,220,255
217,057,091,064,064,064,064,064,064,064,064,064,064,064,064,064,064,064,064,064,064,064,064,064,064,064,064,064,064,064,091,065,065,065,065,065,065,065,065,065,065,065,065,065,065,065,065,065,065,065,065,065,065,065,065,065,065,065,065,091,066,066,066,066,066,066,066,066,066,066,066,066,066,066,066,066,066,066,066,066,066,066,066,066,066,066,066,066,066,091,067,067,067,067,067,067,067,067,067,067,067,067,067,067,067,067,067,067,067,067,067,067,067,067,067,067,067,067,091,068,068,068,068,068,068,068,068,068,068,068,068,068,068,068,068,068,068,068,068,068,068,068,068,068,068,068,068,091,069,069,069,069,069,069,069,069,069,069,069,069,069,069,069,069,069,069,069,069,069,069,069,069,069,069,069,069,091,070,070,070,070,070,070,070,070,070,070,070,070,070,070,070,070,070,070,070,070,070,070,070,070,070,070,070,070,070,091,071,071,071,071,071,071,071,071,071,071,071,071,071,071,071,071,071,071,071,071,071,071,071,071,071,071,071,071,071,091,072,072,072,072,072,072,072,072,072,072,072,072,072,072,072,072,072,072,072,072,072,072,072,072,072,072,072,072,091,073,073,073,073,073,073,073,073,073,073,073,073,073,073,073,073,073,073,073,073,073,073,073,073,073,073,073,073,091,074,074,074,074,074,074,074,074,074,074,074,074,074,074,074,074,074,074,074,074,074,074,074,074,074,074,074,074,074,091,075,075,075,075,075,075,075,075,075,075,075,075,075,075,075,075,075,075,075,075,075,075,075,075,075,075,075,075,091,076,076,076,076,076,076,076,076,076,076,076,076,076,076,076,076,076,076,076,076,076,076,076,076,076,076,076,076,091,077,077,077,077,077,077,077,077,077,077,077,077,077,077,077,077,077,077,077,077,077,077,077,077,077,077,077,077,077,078,091,078,078,078,078,078,078,078,078,078,078,078,078,078,078,078,078,078,078,078,078,078,078,078,078,078,078,078,091,079,079,079,079,079,079,079,079,079,079,079,079,079,079,079,079,079,079,079,079,079,079,079,079,079,079,079,078,091,220,255
217,057,091,064,064,064,064,064,064,064,064,064,064,064,064,064,064,064,064,064,064,064,064,064,064,064,064,064,064,064,091,065,065,065,065,065,065,065,065,065,065,065,065,065,065,065,065,065,065,065,065,065,065,065,065,065,065,065,065,091,066,066,066,066,066,066,066,066,066,066,066,066,066,066,066,066,066,066,066,066,066,066,066,066,066,066,066,066,066,091,067,067,067,067,067,067,067,067,067,067,067,067,067,067,067,067,067,067,067,067,067,067,067,067,067,067,067,067,091,068,068,068,068,068,068,068,068,068,068,068,068,068,068,068,068,068,068,068,068,068,068,068,068,068,068,068,068,091,069,069,069,069,069,069,069,069,069,069,069,069,069,069,069,069,069,069,069,069,069,069,069,069,069,069,069,069,091,070,070,070,070,070,070,070,070,070,070,070,070,070,070,070,070,070,070,070,070,070,070,070,070,070,070,070,070,070,091,071,071,071,071,071,071,071,071,071,071,071,071,071,071,071,071,071,071,071,071,071,071,071,071,071,071,071,071,071,091,072,072,072,072,072,072,072,072,072,072,072,072,072,072,072,072,072,072,072,072,072,072,072,072,072,072,072,072,091,073,073,073,073,073,073,073,073,073,073,073,073,073,073,073,073,073,073,073,073,073,073,073,073,073,073,073,073,091,074,074,074,074,074,074,074,074,074,074,074,074,074,074,074,074,074,074,074,074,074,074,074,074,074,074,074,074,074,091,075,075,075,075,075,075,075,075,075,075,075,075,075,075,075,075,075,075,075,075,075,075,075,075,075,075,075,075,091,076,076,076,076,076,076,076,076,076,076,076,076,076,076,076,076,076,076,076,076,076,076,076,076,076,076,076,076,091,077,077,077,077,077,077,077,077,077,077,077,077,077,077,077,077,077,077,077,077,077,077,077,077,077,077,077,077,077,078,091,078,078,078,078,078,078,078,078,078,078,078,078,078,078,078,078,078,078,078,078,078,078,078,078,078,078,078,091,079,079,079,079,079,079,079,079,079,079,079,079,079,079,079,079,079,079,079,079,079,079,079,079,079,079,079,078,091,220,255
217,057,091,064,064,064,064,064,064,064,064,064,064,064,064,064,064,064,064,064,064,064,064,064,064,064,064,064,064,064,091,065,065,065,065,065,065,065,065,065,065,065,065,065,065,065,065,065,065,065,065,065,065,065,065,065,065,065,065,091,066,066,066,066,066,066,066,066,066,066,066,066,066,066,066,066,066,066,066,066,066,066,066,066,066,066,066,066,066,091,067,067,067,067,067,067,067,067,067,067,067,067,067,067,067,067,067,067,067,067,067,067,067,067,067,067,067,067,091,068,068,068,068,068,068,068,068,068,068,068,068,068,068,068,068,068,068,068,068,068,068,068,068,068,068,068,068,091,069,069,069,069,069,069,069,069,069,069,069,069,069,069,069,069,069,069,069,069,069,069,069,069,069,069,069,069,091,070,070,070,070,070,070,070,070,070,070,070,070,070,070,070,070,070,070,070,070,070,070,070,070,070,070,070,070,070,091,071,071,071,071,071,071,071,071,071,071,071,071,071,071,071,071,071,071,071,071,071,071,071,071,071,071,071,071,071,091,072,072,072,072,072,072,072,072,072,072,072,072,072,072,072,072,072,072,072,072,072,072,072,072,072,072,072,072,091,073,073,073,073,073,073,073,073,073,073,073,073,073,073,073,073,073,073,073,073,073,073,073,073,073,073,073,073,091,074,074,074,074,074,074,074,074,074,074,074,074,074,074,074,074,074,074,074,074,074,074,074,074,074,074,074,074,074,091,075,075,075,075,075,075,075,075,075,075,075,075,075,075,075,075,075,075,075,075,075,075,075,075,075,075,075,075,091,076,076,076,076,076,076,076,076,076,076,076,076,076,076,076,076,076,076,076,076,076,076,076,076,076,076,076,076,091,077,077,077,077,077,077,077,077,077,077,077,077,077,077,077,077,077,077,077,077,077,077,077,077,077,077,077,077,077,078,091,078,078,078,078,078,078,078,078,078,078,078,078,078,078,078,078,078,078,078,078,078,078,078,078,078,078,078,091,079,079,079,079,079,079,079,079,079,079,079,079,079,079,079,079,079,079,079,079,079,079,079,079,079,079,079,078,091,220,255
217,057,091,064,064,064,064,064,064,064,064,064,064,064,064,064,064,064,064,064,064,064,064,064,064,064,064,064,064,064,091,065,065,065,065,065,065,065,065,065,065,065,065,065,065,065,065,065,065,065,065,065,065,065,065,065,065,065,065,091,066,066,066,066,066,066,066,066,066,066,066,066,066,066,066,066,066,066,066,066,066,066,066,066,066,066,066,066,066,091,067,067,067,067,067,067,067,067,067,067,067,067,067,067,067,067,067,067,067,067,067,067,067,067,067,067,067,067,091,068,068,068,068,068,068,068,068,068,068,068,068,068,068,068,068,068,068,068,068,068,068,068,068,068,068,068,068,091,069,069,069,069,069,069,069,069,069,069,069,069,069,069,069,069,069,069,069,069,069,069,069,069,069,069,069,069,091,070,070,070,070,070,070,070,070,070,070,070,070,070,070,070,070,070,070,070,070,070,070,070,070,070,070,070,070,070,091,071,071,071,071,071,071,071,071,071,071,071,071,071,071,071,071,071,071,071,071,071,071,071,071,071,071,071,071,071,091,072,072,072,072,072,072,072,072,072,072,072,072,072,072,072,072,072,072,072,072,072,072,072,072,072,072,072,072,091,073,073,073,073,073,073,073,073,073,073,073,073,073,073,073,073,073,073,073,073,073,073,073,073,073,073,073,073,091,074,074,074,074,074,074,074,074,074,074,074,074,074,074,074,074,074,074,074,074,074,074,074,074,074,074,074,074,074,091,075,075,075,075,075,075,075,075,075,075,075,075,075,075,075,075,075,075,075,075,075,075,075,075,075,075,075,075,091,076,076,076,076,076,076,076,076,076,076,076,076,076,076,076,076,076,076,076,076,076,076,076,076,076,076,076,076,091,077,077,077,077,077,077,077,077,077,077,077,077,077,077,077,077,077,077,077,077,077,077,077,077,077,077,077,077,077,078,091,078,078,078,078,078,078,078,078,078,078,078,078,078,078,078,078,078,078,078,078,078,078,078,078,078,078,078,091,079,079,079,079,079,079,079,079,079,079,079,079,079,079,079,079,079,079,079,079,079,079,079,079,079,079,079,078,091,220,255
217,057,091,064,064,064,064,064,064,064,064,064,064,064,064,064,064,064,064,064,064,064,064,064,064,064,064,064,064,064,091,065,065,065,065,065,065,065,065,065,065,065,065,065,065,065,065,065,065,065,065,065,065,065,065,065,065,065,065,091,066,066,066,066,066,066,066,066,066,066,066,066,066,066,066,066,066,066,066,066,066,066,066,066,066,066,066,066,066,091,067,067,067,067,067,067,067,067,067,067,067,067,067,067,067,067,067,067,067,067,067,067,067,067,067,067,067,067,091,068,068,068,068,068,068,068,068,068,068,068,068,068,068,068,068,068,068,068,068,068,068,068,068,068,068,068,068,091,069,069,069,069,069,069,069,069,069,069,069,069,069,069,069,069,069,069,069,069,069,069,069,069,069,069,069,069,091,070,070,070,070,070,070,070,070,070,070,070,070,070,070,070,070,070,070,070,070,070,070,070,070,070,070,070,070,070,091,071,071,071,071,071,071,071,071,071,071,071,071,071,071,071,071,071,071,071,071,071,071,071,071,071,071,071,071,071,091,072,072,072,072,072,072,072,072,072,072,072,072,072,072,072,072,072,072,072,072,072,072,072,072,072,072,072,072,091,073,073,073,073,073,073,073,073,073,073,073,073,073,073,073,073,073,073,073,073,073,073,073,073,073,073,073,073,091,074,074,074,074,074,074,074,074,074,074,074,074,074,074,074,074,074,074,074,074,074,074,074,074,074,074,074,074,074,091,075,075,075,075,075,075,075,075,075,075,075,075,075,075,075,075,075,075,075,075,075,075,075,075,075,075,075,075,091,076,076,076,076,076,076,076,076,076,076,076,076,076,076,076,076,076,076,076,076,076,076,076,076,076,076,076,076,091,077,077,077,077,077,077,077,077,077,077,077,077,077,077,077,077,077,077,077,077,077,077,077,077,077,077,077,077,077,078,091,078,078,078,078,078,078,078,078,078,078,078,078,078,078,078,078,078,078,078,078,078,078,078,078,078,078,078,091,079,079,079,079,079,079,079,079,079,079,079,079,079,079,079,079,079,079,079,079,079,079,079,079,079,079,079,078,091,220,255
217,057,091,064,064,064,064,064,064,064,064,064,064,064,064,064,064,064,064,064,064,064,064,064,064,064,064,064,064,064,091,065,065,065,065,065,065,065,065,065,065,065,065,065,065,065,065,065,065,065,065,065,065,065,065,065,065,065,065,091,066,066,066,066,066,066,066,066,066,066,066,066,066,066,066,066,066,066,066,066,066,066,066,066,066,066,066,066,066,091,067,067,067,067,067,067,067,067,067,067,067,067,067,067,067,067,067,067,067,067,067,067,067,067,067,067,067,067,091,068,068,068,068,068,068,068,068,068,068,068,068,068,068,068,068,068,068,068,068,068,068,068,068,068,068,068,068,091,069,069,069,069,069,069,069,069,069,069,069,069,069,069,069,069,069,069,069,069,069,069,069,069,069,069,069,069,091,070,070,070,070,070,070,070,070,070,070,070,070,070,070,070,070,070,070,070,070,070,070,070,070,070,070,070,070,070,091,071,071,071,071,071,071,071,071,071,071,071,071,071,071,071,071,071,071,071,071,071,071,071,071,071,071,071,071,071,091,072,072,072,072,072,072,072,072,072,072,072,072,072,072,072,072,072,072,072,072,072,072,072,072,072,072,072,072,091,073,073,073,073,073,073,073,073,073,073,073,073,073,073,073,073,073,073,073,073,073,073,073,073,073,073,073,073,091,074,074,074,074,074,074,074,074,074,074,074,074,074,074,074,074,074,074,074,074,074,074,074,074,074,074,074,074,074,091,075,075,075,075,075,075,075,075,075,075,075,075,075,075,075,075,075,075,075,075,075,075,075,075,075,075,075,075,091,076,076,076,076,076,076,076,076,076,076,076,076,076,076,076,076,076,076,076,076,076,076,076,076,076,076,076,076,091,077,077,077,077,077,077,077,077,077,077,077,077,077,077,077,077,077,077,077,077,077,077,077,077,077,077,077,077,077,078,091,078,078,078,078,078,078,078,078,078,078,078,078,078,078,078,078,078,078,078,078,078,078,078,078,078,078,078,091,079,079,079,079,079,079,079,079,079,079,079,079,079,079,079,079,079,079,079,079,079,079,079,079,079,079,079,078,091,220,255
217,057,091,064,064,064,064,064,064,064,064,064,064,064,064,064,064,064,064,064,064,064,064,064,064,064,064,064,064,064,091,065,065,065,065,065,065,065,065,065,065,065,065,065,065,065,065,065,065,065,065,065,065,065,065,065,065,065,065,091,066,066,066,066,066,066,066,066,066,066,066,066,066,066,066,066,066,066,066,066,066,066,066,066,066,066,066,066,066,091,067,067,067,067,067,067,067,067,067,067,067,067,067,067,067,067,067,067,067,067,067,067,067,067,067,067,067,067,091,068,068,068,068,068,068,068,068,068,068,068,068,068,068,068,068,068,068,068,068,068,068,068,068,068,068,068,068,091,069,069,069,069,069,069,069,069,069,069,069,069,069,069,069,069,069,069,069,069,069,069,069,069,069,069,069,069,091,070,070,070,070,070,070,070,070,070,070,070,070,070,070,070,070,070,070,070,070,070,070,070,070,070,070,070,070,070,091,071,071,071,071,071,071,071,071,071,071,071,071,071,071,071,071,071,071,071,071,071,071,071,071,071,071,071,071,071,091,072,072,072,072,072,072,072,072,072,072,072,072,072,072,072,072,072,072,072,072,072,072,072,072,072,072,072,072,091,073,073,073,073,073,073,073,073,073,073,073,073,073,073,073,073,073,073,073,073,073,073,073,073,073,073,073,073,091,074,074,074,074,074,074,074,074,074,074,074,074,074,074,074,074,074,074,074,074,074,074,074,074,074,074,074,074,074,091,075,075,075,075,075,075,075,075,075,075,075,075,075,075,075,075,075,075,075,075,075,075,075,075,075,075,075,075,091,076,076,076,076,076,076,076,076,076,076,076,076,076,076,076,076,076,076,076,076,076,076,076,076,076,076,076,076,091,077,077,077,077,077,077,077,077,077,077,077,077,077,077,077,077,077,077,077,077,077,077,077,077,077,077,077,077,077,078,091,078,078,078,078,078,078,078,078,078,078,078,078,078,078,078,078,078,078,078,078,078,078,078,078,078,078,078,091,079,079,079,079,079,079,079,079,079,079,079,079,079,079,079,079,079,079,079,079,079,079,079,079,079,079,079,078,091,220,255
217,057,091,064,064,064,064,064,064,064,064,064,064,064,064,064,064,064,064,064,064,064,064,064,064,064,064,064,064,064,091,065,065,065,065,065,065,065,065,065,065,065,065,065,065,065,065,065,065,065,065,065,065,065,065,065,065,065,065,091,066,066,066,066,066,066,066,066,066,066,066,066,066,066,066,066,066,066,066,066,066,066,066,066,066,066,066,066,066,091,067,067,067,067,067,067,067,067,067,067,067,067,067,067,067,067,067,067,067,067,067,067,067,067,067,067,067,067,091,068,068,068,068,068,068,068,068,068,068,068,068,068,068,068,068,068,068,068,068,068,068,068,068,068,068,068,068,091,069,069,069,069,069,069,069,069,069,069,069,069,069,069,069,069,069,069,069,069,069,069,069,069,069,069,069,069,091,070,070,070,070,070,070,070,070,070,070,070,070,070,070,070,070,070,070,070,070,070,070,070,070,070,070,070,070,070,091,071,071,071,071,071,071,071,071,071,071,071,071,071,071,071,071,071,071,071,071,071,071,071,071,071,071,071,071,071,091,072,072,072,072,072,072,072,072,072,072,072,072,072,072,072,072,072,072,072,072,072,072,072,072,072,072,072,072,091,073,073,073,073,073,073,073,073,073,073,073,073,073,073,073,073,073,073,073,073,073,073,073,073,073,073,073,073,091,074,074,074,074,074,074,074,074,074,074,074,074,074,074,074,074,074,074,074,074,074,074,074,074,074,074,074,074,074,091,075,075,075,075,075,075,075,075,075,075,075,075,075,075,075,075,075,075,075,075,075,075,075,075,075,075,075,075,091,076,076,076,076,076,076,076,076,076,076,076,076,076,076,076,076,076,076,076,076,076,076,076,076,076,076,076,076,091,077,077,077,077,077,077,077,077,077,077,077,077,077,077,077,077,077,077,077,077,077,077,077,077,077,077,077,077,077,078,091,078,078,078,078,078,078,078,078,078,078,078,078,078,078,078,078,078,078,078,078,078,078,078,078,078,078,078,091,079,079,079,079,079,079,079,079,079,079,079,079,079,079,079,079,079,079,079,079,079,079,079,079,079,079,079,078,091,220,255
217,057,091,064,064,064,064,064,064,064,064,064,064,064,064,064,064,064,064,064,064,064,064,064,064,064,064,064,064,064,091,065,065,065,065,065,065,065,065,065,065,065,065,065,065,065,065,065,065,065,065,065,065,065,065,065,065,065,065,091,066,066,066,066,066,066,066,066,066,066,066,066,066,066,066,066,066,066,066,066,066,066,066,066,066,066,066,066,066,091,067,067,067,067,067,067,067,067,067,067,067,067,067,067,067,067,067,067,067,067,067,067,067,067,067,067,067,067,091,068,068,068,068,068,068,068,068,068,068,068,068,068,068,068,068,068,068,068,068,068,068,068,068,068,068,068,068,091,069,069,069,069,069,069,069,069,069,069,069,069,069,069,069,069,069,069,069,069,069,069,069,069,069,069,069,069,091,070,070,070,070,070,070,070,070,070,070,070,070,070,070,070,070,070,070,070,070,070,070,070,070,070,070,070,070,070,091,071,071,071,071,071,071,071,071,071,071,071,071,071,071,071,071,071,071,071,071,071,071,071,071,071,071,071,071,071,091,072,072,072,072,072,072,072,072,072,072,072,072,072,072,072,072,072,072,072,072,072,072,072,072,072,072,072,072,091,073,073,073,073,073,073,073,073,073,073,073,073,073,073,073,073,073,073,073,073,073,073,073,073,073,073,073,073,091,074,074,074,074,074,074,074,074,074,074,074,074,074,074,074,074,074,074,074,074,074,074,074,074,074,074,074,074,074,091,075,075,075,075,075,075,075,075,075,075,075,075,075,075,075,075,075,075,075,075,075,075,075,075,075,075,075,075,091,076,076,076,076,076,076,076,076,076,076,076,076,076,076,076,076,076,076,076,076,076,076,076,076,076,076,076,076,091,077,077,077,077,077,077,077,077,077,077,077,077,077,077,077,077,077,077,077,077,077,077,077,077,077,077,077,077,077,078,091,078,078,078,078,078,078,078,078,078,078,078,078,078,078,078,078,078,078,078,078,078,078,078,078,078,078,078,091,079,079,079,079,079,079,079,079,079,079,079,079,079,079,079,079,079,079,079,079,079,079,079,079,079,079,079,078,091,220,255
217,057,091,064,064,064,064,064,064,064,064,064,064,064,064,064,064,064,064,064,064,064,064,064,064,064,064,064,064,064,091,065,065,065,065,065,065,065,065,065,065,065,065,065,065,065,065,065,065,065,065,065,065,065,065,065,065,065,065,091,066,066,066,066,066,066,066,066,066,066,066,066,066,066,066,066,066,066,066,066,066,066,066,066,066,066,066,066,066,091,067,067,067,067,067,067,067,067,067,067,067,067,067,067,067,067,067,067,067,067,067,067,067,067,067,067,067,067,091,068,068,068,068,068,068,068,068,068,068,068,068,068,068,068,068,068,068,068,068,068,068,068,068,068,068,068,068,091,069,069,069,069,069,069,069,069,069,069,069,069,069,069,069,069,069,069,069,069,069,069,069,069,069,069,069,069,091,070,070,070,070,070,070,070,070,070,070,070,070,070,070,070,070,070,070,070,070,070,070,070,070,070,070,070,070,070,091,071,071,071,071,071,071,071,071,071,071,071,071,071,071,071,071,071,071,071,071,071,071,071,071,071,071,071,071,071,091,072,072,072,072,072,072,072,072,072,072,072,072,072,072,072,072,072,072,072,072,072,072,072,072,072,072,072,072,091,073,073,073,073,073,073,073,073,073,073,073,073,073,073,073,073,073,073,073,073,073,073,073,073,073,073,073,073,091,074,074,074,074,074,074,074,074,074,074,074,074,074,074,074,074,074,074,074,074,074,074,074,074,074,074,074,074,074,091,075,075,075,075,075,075,075,075,075,075,075,075,075,075,075,075,075,075,075,075,075,075,075,075,075,075,075,075,091,076,076,076,076,076,076,076,076,076,076,076,076,076,076,076,076,076,076,076,076,076,076,076,076,076,076,076,076,091,077,077,077,077,077,077,077,077,077,077,077,077,077,077,077,077,077,077,077,077,077,077,077,077,077,077,077,077,077,078,091,078,078,078,078,078,078,078,078,078,078,078,078,078,078,078,078,078,078,078,078,078,078,078,078,078,078,078,091,079,079,079,079,079,079,079,079,079,079,079,079,079,079,079,079,079,079,079,079,079,079,079,079,079,079,079,078,091,220,255
217,057,091,064,064,064,064,064,064,064,064,064,064,064,064,064,064,064,064,064,064,064,064,064,064,064,064,064,064,064,091,065,065,065,065,065,065,065,065,065,065,065,065,065,065,065,065,065,065,065,065,065,065,065,065,065,065,065,065,091,066,066,066,066,066,066,066,066,066,066,066,066,066,066,066,066,066,066,066,066,066,066,066,066,066,066,066,066,066,091,067,067,067,067,067,067,067,067,067,067,067,067,067,067,067,067,067,067,067,067,067,067,067,067,067,067,067,067,091,068,068,068,068,068,068,068,068,068,068,068,068,068,068,068,068,068,068,068,068,068,068,068,068,068,068,068,068,091,069,069,069,069,069,069,069,069,069,069,069,069,069,069,069,069,069,069,069,069,069,069,069,069,069,069,069,069,091,070,070,070,070,070,070,070,070,070,070,070,070,070,070,070,070,070,070,070,070,070,070,070,070,070,070,070,070,070,091,071,071,071,071,071,071,071,071,071,071,071,071,071,071,071,071,071,071,071,071,071,071,071,071,071,071,071,071,071,091,072,072,072,072,072,072,072,072,072,072,072,072,072,072,072,072,072,072,072,072,072,072,072,072,072,072,072,072,091,073,073,073,073,073,073,073,073,073,073,073,073,073,073,073,073,073,073,073,073,073,073,073,073,073,073,073,073,091,074,074,074,074,074,074,074,074,074,074,074,074,074,074,074,074,074,074,074,074,074,074,074,074,074,074,074,074,074,091,075,075,075,075,075,075,075,075,075,075,075,075,075,075,075,075,075,075,075,075,075,075,075,075,075,075,075,075,091,076,076,076,076,076,076,076,076,076,076,076,076,076,076,076,076,076,076,076,076,076,076,076,076,076,076,076,076,091,077,077,077,077,077,077,077,077,077,077,077,077,077,077,077,077,077,077,077,077,077,077,077,077,077,077,077,077,077,078,091,078,078,078,078,078,078,078,078,078,078,078,078,078,078,078,078,078,078,078,078,078,078,078,078,078,078,078,091,079,079,079,079,079,079,079,079,079,079,079,079,079,079,079,079,079,079,079,079,079,079,079,079,079,079,079,078,091,220,255
221,057,091,064,064,064,064,064,064,064,064,064,064,064,064,064,064,064,064,064,064,064,064,064,064,064,064,064,064,064,091,065,065,065,065,065,065,065,065,065,065,065,065,065,065,065,065,065,065,065,065,065,065,065,065,065,065,065,065,091,066,066,066,066,066,066,066,066,066,066,066,066,066,066,066,066,066,066,066,066,066,066,066,066,066,066,066,066,066,091,067,067,067,067,067,067,067,067,067,067,067,067,067,067,067,067,067,067,067,067,067,067,067,067,067,067,067,067,091,068,068,068,068,068,068,068,068,068,068,068,068,068,068,068,068,068,068,068,068,068,068,068,068,068,068,068,068,091,069,069,069,069,069,069,069,069,069,069,069,069,069,069,069,069,069,069,069,069,069,069,069,069,069,069,069,069,091,070,070,070,070,070,070,070,070,070,070,070,070,070,070,070,070,070,070,070,070,070,070,070,070,070,070,070,070,070,091,071,071,071,071,071,071,071,071,071,071,071,071,071,071,071,071,071,071,071,071,071,071,071,071,071,071,071,071,071,091,072,072,072,072,072,072,072,072,072,072,072,072,072,072,072,072,072,072,072,072,072,072,072,072,072,072,072,072,091,073,073,073,073,073,073,073,073,073,073,073,073,073,073,073,073,073,073,073,073,073,073,073,073,073,073,073,073,091,074,074,074,074,074,074,074,074,074,074,074,074,074,074,074,074,074,074,074,074,074,074,074,074,074,074,074,074,074,091,075,075,075,075,075,075,075,075,075,075,075,075,075,075,075,075,075,075,075,075,075,075,075,075,075,075,075,075,091,076,076,076,076,076,076,076,076,076,076,076,076,076,076,076,076,076,076,076,076,076,076,076,076,076,076,076,076,091,077,077,077,077,077,077,077,077,077,077,077,077,077,077,077,077,077,077,077,077,077,077,077,077,077,077,077,077,077,078,091,078,078,078,078,078,078,078,078,078,078,078,078,078,078,078,078,078,078,078,078,078,078,078,078,078,078,078,091,079,079,079,079,079,079,079,079,079,079,079,079,079,079,079,079,079,079,079,079,079,079,079,079,079,079,079,078,091,224,255
205,060,091,063,063,063,063,063,063,063,063,063,063,063,063,063,063,063,063,063,063,063,063,063,063,063,063,063,063,063,091,064,064,064,064,064,064,064,064,064,064,064,064,064,064,064,064,064,064,064,064,064,064,064,064,064,064,064,064,091,065,065,065,065,065,065,065,065,065,065,065,065,065,065,065,065,065,065,065,065,065,065,065,065,065,065,065,065,065,091,066,066,066,066,066,066,066,066,066,066,066,066,066,066,066,066,066,066,066,066,066,066,066,066,066,066,066,066,091,067,067,067,067,067,067,067,067,067,067,067,067,067,067,067,067,067,067,067,067,067,067,067,067,067,067,067,067,091,068,068,068,068,068,068,068,068,068,068,068,068,068,068,068,068,068,068,068,068,068,068,068,068,068,068,068,068,091,069,069,069,069,069,069,069,069,069,069,069,069,069,069,069,069,069,069,069,069,069,069,069,069,069,069,069,069,069,091,070,070,070,070,070,070,070,070,070,070,070,070,070,070,070,070,070,070,070,070,070,070,070,070,070,070,070,070,070,091,071,071,071,071,071,071,071,071,071,071,071,071,071,071,071,071,071,071,071,071,071,071,071,071,071,071,071,071,091,072,072,072,072,072,072,072,072,072,072,072,072,072,072,072,072,072,072,072,072,072,072,072,072,072,072,072,072,091,073,073,073,073,073,073,073,073,073,073,073,073,073,073,073,073,073,073,073,073,073,073,073,073,073,073,073,073,073,091,074,074,074,074,074,074,074,074,074,074,074,074,074,074,074,074,074,074,074,074,074,074,074,074,074,074,074,074,091,075,075,075,075,075,075,075,075,075,075,075,075,075,075,075,075,075,075,075,075,075,075,075,075,075,075,075,075,091,076,076,076,076,076,076,076,076,076,076,076,076,076,076,076,076,076,076,076,076,076,076,076,076,076,076,076,076,076,077,091,077,077,077,077,077,077,077,077,077,077,077,077,077,077,077,077,077,077,077,077,077,077,077,077,077,077,077,091,078,078,078,078,078,078,078,078,078,078,078,078,078,078,078,078,078,078,078,078,078,078,078,078,078,078,078,077,091,208,249
013,065,091,067,067,067,067,067,067,067,067,067,067,067,067,067,067,067,067,067,067,067,067,067,067,067,067,067,067,067,091,068,068,068,068,068,068,068,068,068,068,068,068,068,068,068,068,068,068,068,068,068,068,068,068,068,068,068,068,091,069,069,069,069,069,069,069,069,069,069,069,069,069,069,069,069,069,069,069,069,069,069,069,069,069,069,069,069,069,091,070,070,070,070,070,070,070,070,070,070,070,070,070,070,070,070,070,070,070,070,070,070,070,070,070,070,070,070,091,071,071,071,071,071,071,071,071,071,071,071,071,071,071,071,071,071,071,071,071,071,071,071,071,071,071,071,071,091,072,072,072,072,072,072,072,072,072,072,072,072,072,072,072,072,072,072,072,072,072,072,072,072,072,072,072,072,091,073,073,073,073,073,073,073,073,073,073,073,073,073,073,073,073,073,073,073,073,073,073,073,073,073,073,073,073,073,091,074,074,074,074,074,074,074,074,074,074,074,074,074,074,074,074,074,074,074,074,074,074,074,074,074,074,074,074,074,091,075,075,075,075,075,075,075,075,075,075,075,075,075,075,075,075,075,075,075,075,075,075,075,075,075,075,075,075,091,076,076,076,076,076,076,076,076,076,076,076,076,076,076,076,076,076,076,076,076,076,076,076,076,076,076,076,076,091,077,077,077,077,077,077,077,077,077,077,077,077,077,077,077,077,077,077,077,077,077,077,077,077,077,077,077,077,077,091,078,078,078,078,078,078,078,078,078,078,078,078,078,078,078,078,078,078,078,078,078,078,078,078,078,078,078,078,091,079,079,079,079,079,079,079,079,079,079,079,079,079,079,079,079,079,079,079,079,079,079,079,079,079,079,079,079,091,080,080,080,080,080,080,080,080,080,080,080,080,080,080,080,080,080,080,080,080,080,080,080,080,080,080,080,080,080,081,091,081,081,081,081,081,081,081,081,081,081,081,081,081,081,081,081,081,081,081,081,081,081,081,081,081,081,081,091,082,082,082,082,082,082,082,082,082,082,082,082,082,082,082,082,082,082,082,082,082,082,082,082,082,082,082,082,091,016,000
091,091,091,091,091,091,091,091,091,091,091,091,091,091,091,091,091,091,091,091,091,091,091,091,091,091,091,091,091,091,091,091,091,091,091,091,091,091,091,091,091,091,091,091,091,091,091,091,091,091,091,091,091,091,091,091,091,091,091,091,091,091,091,091,091,091,091,091,091,091,091,091,091,091,091,091,091,091,091,091,091,091,091,091,091,091,091,091,091,091,091,091,091,091,091,091,091,091,091,091,091,091,091,091,091,091,091,091,091,091,091,091,091,091,091,091,091,091,091,091,091,091,091,091,091,091,091,091,091,091,091,091,091,091,091,091,091,091,091,091,091,091,091,091,091,091,091,091,091,091,091,091,091,091,091,091,091,091,091,091,091,091,091,091,091,091,091,091,091,091,091,091,091,091,091,091,091,091,091,091,091,091,091,091,091,091,091,091,091,091,091,091,091,091,091,091,091,091,091,091,091,091,091,091,091,091,091,091,091,091,091,091,091,091,091,091,091,091,091,091,091,091,091,091,091,091,091,091,091,091,091,091,091,091,091,091,091,091,091,091,091,091,091,091,091,091,091,091,091,091,091,091,091,091,091,091,091,091,091,091,091,091,091,091,091,091,091,091,091,091,091,091,091,091,091,091,091,091,091,091,091,091,091,091,091,091,091,091,091,091,091,091,091,091,091,091,091,091,091,091,091,091,091,091,091,091,091,091,091,091,091,091,091,091,091,091,091,091,091,091,091,091,091,091,091,091,091,091,091,091,091,091,091,091,091,091,091,091,091,091,091,091,091,091,091,091,091,091,091,091,091,091,091,091,091,091,091,091,091,091,091,091,091,091,091,091,091,091,091,091,091,091,091,091,091,091,091,091,091,091,091,091,091,091,091,091,091,091,091,091,091,091,091,091,091,091,091,091,091,091,091,091,091,091,091,091,091,091,091,091,091,091,091,091,091,091,091,091,091,091,091,091,091,091,091,091,091,091,091,091,091,091,091,091,091,091,091,091,091,091,091,091,091,091,091,091,091,091,091,091,091,091,091,091,091,091,091,091,091,091,091,091,091,091,091,091,091,091,091,091,091,091,095
233,076,091,080,080,080,080,080,080,080,080,080,080,080,080,080,080,080,080,080,080,080,080,080,080,080,080,080,080,080,091,081,081,081,081,081,081,081,081,081,081,081,081,081,081,081,081,081,081,081,081,081,081,081,081,081,081,081,081,091,082,082,082,082,082,082,082,082,082,082,082,082,082,082,082,082,082,082,082,082,082,082,082,082,082,082,082,082,082,091,083,083,083,083,083,083,083,083,083,083,083,083,083,083,083,083,083,083,083,083,083,083,083,083,083,083,083,083,091,084,084,084,084,084,084,084,084,084,084,084,084,084,084,084,084,084,084,084,084,084,084,084,084,084,084,084,084,091,085,085,085,085,085,085,085,085,085,085,085,085,085,085,085,085,085,085,085,085,085,085,085,085,085,085,085,085,091,086,086,086,086,086,086,086,086,086,086,086,086,086,086,086,086,086,086,086,086,086,086,086,086,086,086,086,086,086,091,087,087,087,087,087,087,087,087,087,087,087,087,087,087,087,087,087,087,087,087,087,087,087,087,087,087,087,087,087,091,088,088,088,088,088,088,088,088,088,088,088,088,088,088,088,088,088,088,088,088,088,088,088,088,088,088,088,088,091,089,089,089,089,089,089,089,089,089,089,089,089,089,089,089,089,089,089,089,089,089,089,089,089,089,089,089,089,091,090,090,090,090,090,090,090,090,090,090,090,090,090,090,090,090,090,090,090,090,090,090,090,090,090,090,090,090,090,091,091,091,091,091,091,091,091,091,091,091,091,091,091,091,091,091,091,091,091,091,091,091,091,091,091,091,091,091,091,092,092,092,092,092,092,092,092,092,092,092,092,092,092,092,092,092,092,092,092,092,092,092,092,092,092,092,092,091,093,093,093,093,093,093,093,093,093,093,093,093,093,093,093,093,093,093,093,093,093,093,093,093,093,093,093,093,093,094,091,094,094,094,094,094,094,094,094,094,094,094,094,094,094,094,094,094,094,094,094,094,094,094,094,094,094,094,091,095,095,095,095,095,095,095,095,095,095,095,095,095,095,095,095,095,095,095,095,095,095,095,095,095,095,095,094,091,236,255
220,073,091,080,080,080,080,080,080,080,080,080,080,080,080,080,080,080,080,080,080,080,080,080,080,080,080,080,080,080,091,081,081,081,081,081,081,081,081,081,081,081,081,081,081,081,081,081,081,081,081,081,081,081,081,081,081,081,081,091,082,082,082,082,082,082,082,082,082,082,082,082,082,082,082,082,082,082,082,082,082,082,082,082,082,082,082,082,082,091,083,083,083,083,083,083,083,083,083,083,083,083,083,083,083,083,083,083,083,083,083,083,083,083,083,083,083,083,091,084,084,084,084,084,084,084,084,084,084,084,084,084,084,084,084,084,084,084,084,084,084,084,084,084,084,084,084,091,085,085,085,085,085,085,085,085,085,085,085,085,085,085,085,085,085,085,085,085,085,085,085,085,085,085,085,085,091,086,086,086,086,086,086,086,086,086,086,086,086,086,086,086,086,086,086,086,086,086,086,086,086,086,086,086,086,086,091,087,087,087,087,087,087,087,087,087,087,087,087,087,087,087,087,087,087,087,087,087,087,087,087,087,087,087,087,087,091,088,088,088,088,088,088,088,088,088,088,088,088,088,088,088,088,088,088,088,088,088,088,088,088,088,088,088,088,091,089,089,089,089,089,089,089,089,089,089,089,089,089,089,089,089,089,089,089,089,089,089,089,089,089,089,089,089,091,090,090,090,090,090,090,090,090,090,090,090,090,090,090,090,090,090,090,090,090,090,090,090,090,090,090,090,090,090,091,091,091,091,091,091,091,091,091,091,091,091,091,091,091,091,091,091,091,091,091,091,091,091,091,091,091,091,091,091,092,092,092,092,092,092,092,092,092,092,092,092,092,092,092,092,092,092,092,092,092,092,092,092,092,092,092,092,091,093,093,093,093,093,093,093,093,093,093,093,093,093,093,093,093,093,093,093,093,093,093,093,093,093,093,093,093,093,094,091,094,094,094,094,094,094,094,094,094,094,094,094,094,094,094,094,094,094,094,094,094,094,094,094,094,094,094,091,095,095,095,095,095,095,095,095,095,095,095,095,095,095,095,095,095,095,095,095,095,095,095,095,095,095,095,094,091,223,255
220,073,091,080,080,080,080,080,080,080,080,080,080,080,080,080,080,080,080,080,080,080,080,080,080,080,080,080,080,080,091,081,081,081,081,081,081,081,081,081,081,081,081,081,081,081,081,081,081,081,081,081,081,081,081,081,081,081,081,091,082,082,082,082,082,082,082,082,082,082,082,082,082,082,082,082,082,082,082,082,082,082,082,082,082,082,082,082,082,091,083,083,083,083,083,083,083,083,083,083,083,083,083,083,083,083,083,083,083,083,083,083,083,083,083,083,083,083,091,084,084,084,084,084,084,084,084,084,084,084,084,084,084,084,084,084,084,084,084,084,084,084,084,084,084,084,084,091,085,085,085,085,085,085,085,085,085,085,085,085,085,085,085,085,085,085,085,085,085,085,085,085,085,085,085,085,091,086,086,086,086,086,086,086,086,086,086,086,086,086,086,086,086,086,086,086,086,086,086,086,086,086,086,086,086,086,091,087,087,087,087,087,087,087,087,087,087,087,087,087,087,087,087,087,087,087,087,087,087,087,087,087,087,087,087,087,091,088,088,088,088,088,088,088,088,088,088,088,088,088,088,088,088,088,088,088,088,088,088,088,088,088,088,088,088,091,089,089,089,089,089,089,089,089,089,089,089,089,089,089,089,089,089,089,089,089,089,089,089,089,089,089,089,089,091,090,090,090,090,090,090,090,090,090,090,090,090,090,090,090,090,090,090,090,090,090,090,090,090,090,090,090,090,090,091,091,091,091,091,091,091,091,091,091,091,091,091,091,091,091,091,091,091,091,091,091,091,091,091,091,091,091,091,091,092,092,092,092,092,092,092,092,092,092,092,092,092,092,092,092,092,092,092,092,092,092,092,092,092,092,092,092,091,093,093,093,093,093,093,093,093,093,093,093,093,093,093,093,093,093,093,093,093,093,093,093,093,093,093,093,093,093,094,091,094,094,094,094,094,094,094,094,094,094,094,094,094,094,094,094,094,094,094,094,094,094,094,094,094,094,094,091,095,095,095,095,095,095,095,095,095,095,095,095,095,095,095,095,095,095,095,095,095,095,095,095,095,095,095,094,091,223,255
220,073,091,080,080,080,080,080,080,080,080,080,080,080,080,080,080,080,080,080,080,080,080,080,080,080,080,080,080,080,091,081,081,081,081,081,081,081,081,081,081,081,081,081,081,081,081,081,081,081,081,081,081,081,081,081,081,081,081,091,082,082,082,082,082,082,082,082,082,082,082,082,082,082,082,082,082,082,082,082,082,082,082,082,082,082,082,082,082,091,083,083,083,083,083,083,083,083,083,083,083,083,083,083,083,083,083,083,083,083,083,083,083,083,083,083,083,083,091,084,084,084,084,084,084,084,084,084,084,084,084,084,084,084,084,084,084,084,084,084,084,084,084,084,084,084,084,091,085,085,085,085,085,085,085,085,085,085,085,085,085,085,085,085,085,085,085,085,085,085,085,085,085,085,085,085,091,086,086,086,086,086,086,086,086,086,086,086,086,086,086,086,086,086,086,086,086,086,086,086,086,086,086,086,086,086,091,087,087,087,087,087,087,087,087,087,087,087,087,087,087,087,087,087,087,087,087,087,087,087,087,087,087,087,087,087,091,088,088,088,088,088,088,088,088,088,088,088,088,088,088,088,088,088,088,088,088,088,088,088,088,088,088,088,088,091,089,089,089,089,089,089,089,089,089,089,089,089,089,089,089,089,089,089,089,089,089,089,089,089,089,089,089,089,091,090,090,090,090,090,090,090,090,090,090,090,090,090,090,090,090,090,090,090,090,090,090,090,090,090,090,090,090,090,091,091,091,091,091,091,091,091,091,091,091,091,091,091,091,091,091,091,091,091,091,091,091,091,091,091,091,091,091,091,092,092,092,092,092,092,092,092,092,092,092,092,092,092,092,092,092,092,092,092,092,092,092,092,092,092,092,092,091,093,093,093,093,093,093,093,093,093,093,093,093,093,093,093,093,093,093,093,093,093,093,093,093,093,093,093,093,093,094,091,094,094,094,094,094,094,094,094,094,094,094,094,094,094,094,094,094,094,094,094,094,094,094,094,094,094,094,091,095,095,095,095,095,095,095,095,095,095,095,095,095,095,095,095,095,095,095,095,095,095,095,095,095,095,095,094,091,223,255
220,073,091,080,080,080,080,080,080,080,080,080,080,080,080,080,080,080,080,080,080,080,080,080,080,080,080,080,080,080,091,081,081,081,081,081,081,081,081,081,081,081,081,081,081,081,081,081,081,081,081,081,081,081,081,081,081,081,081,091,082,082,082,082,082,082,082,082,082,082,082,082,082,082,082,082,082,082,082,082,082,082,082,082,082,082,082,082,082,091,083,083,083,083,083,083,083,083,083,083,083,083,083,083,083,083,083,083,083,083,083,083,083,083,083,083,083,083,091,084,084,084,084,084,084,084,084,084,084,084,084,084,084,084,084,084,084,084,084,084,084,084,084,084,084,084,084,091,085,085,085,085,085,085,085,085,085,085,085,085,085,085,085,085,085,085,085,085,085,085,085,085,085,085,085,085,091,086,086,086,086,086,086,086,086,086,086,086,086,086,086,086,086,086,086,086,086,086,086,086,086,086,086,086,086,086,091,087,087,087,087,087,087,087,087,087,087,087,087,087,087,087,087,087,087,087,087,087,087,087,087,087,087,087,087,087,091,088,088,088,088,088,088,088,088,088,088,088,088,088,088,088,088,088,088,088,088,088,088,088,088,088,088,088,088,091,089,089,089,089,089,089,089,089,089,089,089,089,089,089,089,089,089,089,089,089,089,089,089,089,089,089,089,089,091,090,090,090,090,090,090,090,090,090,090,090,090,090,090,090,090,090,090,090,090,090,090,090,090,090,090,090,090,090,091,091,091,091,091,091,091,091,091,091,091,091,091,091,091,091,091,091,091,091,091,091,091,091,091,091,091,091,091,091,092,092,092,092,092,092,092,092,092,092,092,092,092,092,092,092,092,092,092,092,092,092,092,092,092,092,092,092,091,093,093,093,093,093,093,093,093,093,093,093,093,093,093,093,093,093,093,093,093,093,093,093,093,093,093,093,093,093,094,091,094,094,094,094,094,094,094,094,094,094,094,094,094,094,094,094,094,094,094,094,094,094,094,094,094,094,094,091,095,095,095,095,095,095,095,095,095,095,095,095,095,095,095,095,095,095,095,095,095,095,095,095,095,095,095,094,091,223,255
220,073,091,080,080,080,080,080,080,080,080,080,080,080,080,080,080,080,080,080,080,080,080,080,080,080,080,080,080,080,091,081,081,081,081,081,081,081,081,081,081,081,081,081,081,081,081,081,081,081,081,081,081,081,081,081,081,081,081,091,082,082,082,082,082,082,082,082,082,082,082,082,082,082,082,082,082,082,082,082,082,082,082,082,082,082,082,082,082,091,083,083,083,083,083,083,083,083,083,083,083,083,083,083,083,083,083,083,083,083,083,083,083,083,083,083,083,083,091,084,084,084,084,084,084,084,084,084,084,084,084,084,084,084,084,084,084,084,084,084,084,084,084,084,084,084,084,091,085,085,085,085,085,085,085,085,085,085,085,085,085,085,085,085,085,085,085,085,085,085,085,085,085,085,085,085,091,086,086,086,086,086,086,086,086,086,086,086,086,086,086,086,086,086,086,086,086,086,086,086,086,086,086,086,086,086,091,087,087,087,087,087,087,087,087,087,087,087,087,087,087,087,087,087,087,087,087,087,087,087,087,087,087,087,087,087,091,088,088,088,088,088,088,088,088,088,088,088,088,088,088,088,088,088,088,088,088,088,088,088,088,088,088,088,088,091,089,089,089,089,089,089,089,089,089,089,089,089,089,089,089,089,089,089,089,089,089,089,089,089,089,089,089,089,091,090,090,090,090,090,090,090,090,090,090,090,090,090,090,090,090,090,090,090,090,090,090,090,090,090,090,090,090,090,091,091,091,091,091,091,091,091,091,091,091,091,091,091,091,091,091,091,091,091,091,091,091,091,091,091,091,091,091,091,092,092,092,092,092,092,092,092,092,092,092,092,092,092,092,092,092,092,092,092,092,092,092,092,092,092,092,092,091,093,093,093,093,093,093,093,093,093,093,093,093,093,093,093,093,093,093,093,093,093,093,093,093,093,093,093,093,093,094,091,094,094,094,094,094,094,094,094,094,094,094,094,094,094,094,094,094,094,094,094,094,094,094,094,094,094,094,091,095,095,095,095,095,095,095,095,095,095,095,095,095,095,095,095,095,095,095,095,095,095,095,095,095,095,095,094,091,223,255
220,073,091,080,080,080,080,080,080,080,080,080,080,080,080,080,080,080,080,080,080,080,080,080,080,080,080,080,080,080,091,081,081,081,081,081,081,081,081,081,081,081,081,081,081,081,081,081,081,081,081,081,081,081,081,081,081,081,081,091,082,082,082,082,082,082,082,082,082,082,082,082,082,082,082,082,082,082,082,082,082,082,082,082,082,082,082,082,082,091,083,083,083,083,083,083,083,083,083,083,083,083,083,083,083,083,083,083,083,083,083,083,083,083,083,083,083,083,091,084,084,084,084,084,084,084,084,084,084,084,084,084,084,084,084,084,084,084,084,084,084,084,084,084,084,084,084,091,085,085,085,085,085,085,085,085,085,085,085,085,085,085,085,085,085,085,085,085,085,085,085,085,085,085,085,085,091,086,086,086,086,086,086,086,086,086,086,086,086,086,086,086,086,086,086,086,086,086,086,086,086,086,086,086,086,086,091,087,087,087,087,087,087,087,087,087,087,087,087,087,087,087,087,087,087,087,087,087,087,087,087,087,087,087,087,087,091,088,088,088,088,088,088,088,088,088,088,088,088,088,088,088,088,088,088,088,088,088,088,088,088,088,088,088,088,091,089,089,089,089,089,089,089,089,089,089,089,089,089,089,089,089,089,089,089,089,089,089,089,089,089,089,089,089,091,090,090,090,090,090,090,090,090,090,090,090,090,090,090,090,090,090,090,090,090,090,090,090,090,090,090,090,090,090,091,091,091,091,091,091,091,091,091,091,091,091,091,091,091,091,091,091,091,091,091,091,091,091,091,091,091,091,091,091,092,092,092,092,092,092,092,092,092,092,092,092,092,092,092,092,092,092,092,092,092,092,092,092,092,092,092,092,091,093,093,093,093,093,093,093,093,093,093,093,093,093,093,093,093,093,093,093,093,093,093,093,093,093,093,093,093,093,094,091,094,094,094,094,094,094,094,094,094,094,094,094,094,094,094,094,094,094,094,094,094,094,094,094,094,094,094,091,095,095,095,095,095,095,095,095,095,095,095,095,095,095,095,095,095,095,095,095,095,095,095,095,095,095,095,094,091,223,255
220,073,091,080,080,080,080,080,080,080,080,080,080,080,080,080,080,080,080,080,080,080,080,080,080,080,080,080,080,080,091,081,081,081,081,081,081,081,081,081,081,081,081,081,081,081,081,081,081,081,081,081,081,081,081,081,081,081,081,091,082,082,082,082,082,082,082,082,082,082,082,082,082,082,082,082,082,082,082,082,082,082,082,082,082,082,082,082,082,091,083,083,083,083,083,083,083,083,083,083,083,083,083,083,083,083,083,083,083,083,083,083,083,083,083,083,083,083,091,084,084,084,084,084,084,084,084,084,084,084,084,084,084,084,084,084,084,084,084,084,084,084,084,084,084,084,084,091,085,085,085,085,085,085,085,085,085,085,085,085,085,085,085,085,085,085,085,085,085,085,085,085,085,085,085,085,091,086,086,086,086,086,086,086,086,086,086,086,086,086,086,086,086,086,086,086,086,086,086,086,086,086,086,086,086,086,091,087,087,087,087,087,087,087,087,087,087,087,087,087,087,087,087,087,087,087,087,087,087,087,087,087,087,087,087,087,091,088,088,088,088,088,088,088,088,088,088,088,088,088,088,088,088,088,088,088,088,088,088,088,088,088,088,088,088,091,089,089,089,089,089,089,089,089,089,089,089,089,089,089,089,089,089,089,089,089,089,089,089,089,089,089,089,089,091,090,090,090,090,090,090,090,090,090,090,090,090,090,090,090,090,090,090,090,090,090,090,090,090,090,090,090,090,090,091,091,091,091,091,091,091,091,091,091,091,091,091,091,091,091,091,091,091,091,091,091,091,091,091,091,091,091,091,091,092,092,092,092,092,092,092,092,092,092,092,092,092,092,092,092,092,092,092,092,092,092,092,092,092,092,092,092,091,093,093,093,093,093,093,093,093,093,093,093,093,093,093,093,093,093,093,093,093,093,093,093,093,093,093,093,093,093,094,091,094,094,094,094,094,094,094,094,094,094,094,094,094,094,094,094,094,094,094,094,094,094,094,094,094,094,094,091,095,095,095,095,095,095,095,095,095,095,095,095,095,095,095,095,095,095,095,095,095,095,095,095,095,095,095,094,091,223,255
220,073,091,080,080,080,080,080,080,080,080,080,080,080,080,080,080,080,080,080,080,080,080,080,080,080,080,080,080,080,091,081,081,081,081,081,081,081,081,081,081,081,081,081,081,081,081,081,081,081,081,081,081,081,081,081,081,081,081,091,082,082,082,082,082,082,082,082,082,082,082,082,082,082,082,082,082,082,082,082,082,082,082,082,082,082,082,082,082,091,083,083,083,083,083,083,083,083,083,083,083,083,083,083,083,083,083,083,083,083,083,083,083,083,083,083,083,083,091,084,084,084,084,084,084,084,084,084,084,084,084,084,084,084,084,084,084,084,084,084,084,084,084,084,084,084,084,091,085,085,085,085,085,085,085,085,085,085,085,085,085,085,085,085,085,085,085,085,085,085,085,085,085,085,085,085,091,086,086,086,086,086,086,086,086,086,086,086,086,086,086,086,086,086,086,086,086,086,086,086,086,086,086,086,086,086,091,087,087,087,087,087,087,087,087,087,087,087,087,087,087,087,087,087,087,087,087,087,087,087,087,087,087,087,087,087,091,088,088,088,088,088,088,088,088,088,088,088,088,088,088,088,088,088,088,088,088,088,088,088,088,088,088,088,088,091,089,089,089,089,089,089,089,089,089,089,089,089,089,089,089,089,089,089,089,089,089,089,089,089,089,089,089,089,091,090,090,090,090,090,090,090,090,090,090,090,090,090,090,090,090,090,090,090,090,090,090,090,090,090,090,090,090,090,091,091,091,091,091,091,091,091,091,091,091,091,091,091,091,091,091,091,091,091,091,091,091,091,091,091,091,091,091,091,092,092,092,092,092,092,092,092,092,092,092,092,092,092,092,092,092,092,092,092,092,092,092,092,092,092,092,092,091,093,093,093,093,093,093,093,093,093,093,093,093,093,093,093,093,093,093,093,093,093,093,093,093,093,093,093,093,093,094,091,094,094,094,094,094,094,094,094,094,094,094,094,094,094,094,094,094,094,094,094,094,094,094,094,094,094,094,091,095,095,095,095,095,095,095,095,095,095,095,095,095,095,095,095,095,095,095,095,095,095,095,095,095,095,095,094,091,223,255
220,073,091,080,080,080,080,080,080,080,080,080,080,080,080,080,080,080,080,080,080,080,080,080,080,080,080,080,080,080,091,081,081,081,081,081,081,081,081,081,081,081,081,081,081,081,081,081,081,081,081,081,081,081,081,081,081,081,081,091,082,082,082,082,082,082,082,082,082,082,082,082,082,082,082,082,082,082,082,082,082,082,082,082,082,082,082,082,082,091,083,083,083,083,083,083,083,083,083,083,083,083,083,083,083,083,083,083,083,083,083,083,083,083,083,083,083,083,091,084,084,084,084,084,084,084,084,084,084,084,084,084,084,084,084,084,084,084,084,084,084,084,084,084,084,084,084,091,085,085,085,085,085,085,085,085,085,085,085,085,085,085,085,085,085,085,085,085,085,085,085,085,085,085,085,085,091,086,086,086,086,086,086,086,086,086,086,086,086,086,086,086,086,086,086,086,086,086,086,086,086,086,086,086,086,086,091,087,087,087,087,087,087,087,087,087,087,087,087,087,087,087,087,087,087,087,087,087,087,087,087,087,087,087,087,087,091,088,088,088,088,088,088,088,088,088,088,088,088,088,088,088,088,088,088,088,088,088,088,088,088,088,088,088,088,091,089,089,089,089,089,089,089,089,089,089,089,089,089,089,089,089,089,089,089,089,089,089,089,089,089,089,089,089,091,090,090,090,090,090,090,090,090,090,090,090,090,090,090,090,090,090,090,090,090,090,090,090,090,090,090,090,090,090,091,091,091,091,091,091,091,091,091,091,091,091,091,091,091,091,091,091,091,091,091,091,091,091,091,091,091,091,091,091,092,092,092,092,092,092,092,092,092,092,092,092,092,092,092,092,092,092,092,092,092,092,092,092,092,092,092,092,091,093,093,093,093,093,093,093,093,093,093,093,093,093,093,093,093,093,093,093,093,093,093,093,093,093,093,093,093,093,094,091,094,094,094,094,094,094,094,094,094,094,094,094,094,094,094,094,094,094,094,094,094,094,094,094,094,094,094,091,095,095,095,095,095,095,095,095,095,095,095,095,095,095,095,095,095,095,095,095,095,095,095,095,095,095,095,094,091,223,255
220,073,091,080,080,080,080,080,080,080,080,080,080,080,080,080,080,080,080,080,080,080,080,080,080,080,080,080,080,080,091,081,081,081,081,081,081,081,081,081,081,081,081,081,081,081,081,081,081,081,081,081,081,081,081,081,081,081,081,091,082,082,082,082,082,082,082,082,082,082,082,082,082,082,082,082,082,082,082,082,082,082,082,082,082,082,082,082,082,091,083,083,083,083,083,083,083,083,083,083,083,083,083,083,083,083,083,083,083,083,083,083,083,083,083,083,083,083,091,084,084,084,084,084,084,084,084,084,084,084,084,084,084,084,084,084,084,084,084,084,084,084,084,084,084,084,084,091,085,085,085,085,085,085,085,085,085,085,085,085,085,085,085,085,085,085,085,085,085,085,085,085,085,085,085,085,091,086,086,086,086,086,086,086,086,086,086,086,086,086,086,086,086,086,086,086,086,086,086,086,086,086,086,086,086,086,091,087,087,087,087,087,087,087,087,087,087,087,087,087,087,087,087,087,087,087,087,087,087,087,087,087,087,087,087,087,091,088,088,088,088,088,088,088,088,088,088,088,088,088,088,088,088,088,088,088,088,088,088,088,088,088,088,088,088,091,089,089,089,089,089,089,089,089,089,089,089,089,089,089,089,089,089,089,089,089,089,089,089,089,089,089,089,089,091,090,090,090,090,090,090,090,090,090,090,090,090,090,090,090,090,090,090,090,090,090,090,090,090,090,090,090,090,090,091,091,091,091,091,091,091,091,091,091,091,091,091,091,091,091,091,091,091,091,091,091,091,091,091,091,091,091,091,091,092,092,092,092,092,092,092,092,092,092,092,092,092,092,092,092,092,092,092,092,092,092,092,092,092,092,092,092,091,093,093,093,093,093,093,093,093,093,093,093,093,093,093,093,093,093,093,093,093,093,093,093,093,093,093,093,093,093,094,091,094,094,094,094,094,094,094,094,094,094,094,094,094,094,094,094,094,094,094,094,094,094,094,094,094,094,094,091,095,095,095,095,095,095,095,095,095,095,095,095,095,095,095,095,095,095,095,095,095,095,095,095,095,095,095,094,091,223,255
220,073,091,080,080,080,080,080,080,080,080,080,080,080,080,080,080,080,080,080,080,080,080,080,080,080,080,080,080,080,091,081,081,081,081,081,081,081,081,081,081,081,081,081,081,081,081,081,081,081,081,081,081,081,081,081,081,081,081,091,082,082,082,082,082,082,082,082,082,082,082,082,082,082,082,082,082,082,082,082,082,082,082,082,082,082,082,082,082,091,083,083,083,083,083,083,083,083,083,083,083,083,083,083,083,083,083,083,083,083,083,083,083,083,083,083,083,083,091,084,084,084,084,084,084,084,084,084,084,084,084,084,084,084,084,084,084,084,084,084,084,084,084,084,084,084,084,091,085,085,085,085,085,085,085,085,085,085,085,085,085,085,085,085,085,085,085,085,085,085,085,085,085,085,085,085,091,086,086,086,086,086,086,086,086,086,086,086,086,086,086,086,086,086,086,086,086,086,086,086,086,086,086,086,086,086,091,087,087,087,087,087,087,087,087,087,087,087,087,087,087,087,087,087,087,087,087,087,087,087,087,087,087,087,087,087,091,088,088,088,088,088,088,088,088,088,088,088,088,088,088,088,088,088,088,088,088,088,088,088,088,088,088,088,088,091,089,089,089,089,089,089,089,089,089,089,089,089,089,089,089,089,089,089,089,089,089,089,089,089,089,089,089,089,091,090,090,090,090,090,090,090,090,090,090,090,090,090,090,090,090,090,090,090,090,090,090,090,090,090,090,090,090,090,091,091,091,091,091,091,091,091,091,091,091,091,091,091,091,091,091,091,091,091,091,091,091,091,091,091,091,091,091,091,092,092,092,092,092,092,092,092,092,092,092,092,092,092,092,092,092,092,092,092,092,092,092,092,092,092,092,092,091,093,093,093,093,093,093,093,093,093,093,093,093,093,093,093,093,093,093,093,093,093,093,093,093,093,093,093,093,093,094,091,094,094,094,094,094,094,094,094,094,094,094,094,094,094,094,094,094,094,094,094,094,094,094,094,094,094,094,091,095,095,095,095,095,095,095,095,095,095,095,095,095,095,095,095,095,095,095,095,095,095,095,095,095,095,095,094,091,223,255
220,073,091,080,080,080,080,080,080,080,080,080,080,080,080,080,080,080,080,080,080,080,080,080,080,080,080,080,080,080,091,081,081,081,081,081,081,081,081,081,081,081,081,081,081,081,081,081,081,081,081,081,081,081,081,081,081,081,081,091,082,082,082,082,082,082,082,082,082,082,082,082,082,082,082,082,082,082,082,082,082,082,082,082,082,082,082,082,082,091,083,083,083,083,083,083,083,083,083,083,083,083,083,083,083,083,083,083,083,083,083,083,083,083,083,083,083,083,091,084,084,084,084,084,084,084,084,084,084,084,084,084,084,084,084,084,084,084,084,084,084,084,084,084,084,084,084,091,085,085,085,085,085,085,085,085,085,085,085,085,085,085,085,085,085,085,085,085,085,085,085,085,085,085,085,085,091,086,086,086,086,086,086,086,086,086,086,086,086,086,086,086,086,086,086,086,086,086,086,086,086,086,086,086,086,086,091,087,087,087,087,087,087,087,087,087,087,087,087,087,087,087,087,087,087,087,087,087,087,087,087,087,087,087,087,087,091,088,088,088,088,088,088,088,088,088,088,088,088,088,088,088,088,088,088,088,088,088,088,088,088,088,088,088,088,091,089,089,089,089,089,089,089,089,089,089,089,089,089,089,089,089,089,089,089,089,089,089,089,089,089,089,089,089,091,090,090,090,090,090,090,090,090,090,090,090,090,090,090,090,090,090,090,090,090,090,090,090,090,090,090,090,090,090,091,091,091,091,091,091,091,091,091,091,091,091,091,091,091,091,091,091,091,091,091,091,091,091,091,091,091,091,091,091,092,092,092,092,092,092,092,092,092,092,092,092,092,092,092,092,092,092,092,092,092,092,092,092,092,092,092,092,091,093,093,093,093,093,093,093,093,093,093,093,093,093,093,093,093,093,093,093,093,093,093,093,093,093,093,093,093,093,094,091,094,094,094,094,094,094,094,094,094,094,094,094,094,094,094,094,094,094,094,094,094,094,094,094,094,094,094,091,095,095,095,095,095,095,095,095,095,095,095,095,095,095,095,095,095,095,095,095,095,095,095,095,095,095,095,094,091,223,255
220,073,091,080,080,080,080,080,080,080,080,080,080,080,080,080,080,080,080,080,080,080,080,080,080,080,080,080,080,080,091,081,081,081,081,081,081,081,081,081,081,081,081,081,081,081,081,081,081,081,081,081,081,081,081,081,081,081,081,091,082,082,082,082,082,082,082,082,082,082,082,082,082,082,082,082,082,082,082,082,082,082,082,082,082,082,082,082,082,091,083,083,083,083,083,083,083,083,083,083,083,083,083,083,083,083,083,083,083,083,083,083,083,083,083,083,083,083,091,084,084,084,084,084,084,084,084,084,084,084,084,084,084,084,084,084,084,084,084,084,084,084,084,084,084,084,084,091,085,085,085,085,085,085,085,085,085,085,085,085,085,085,085,085,085,085,085,085,085,085,085,085,085,085,085,085,091,086,086,086,086,086,086,086,086,086,086,086,086,086,086,086,086,086,086,086,086,086,086,086,086,086,086,086,086,086,091,087,087,087,087,087,087,087,087,087,087,087,087,087,087,087,087,087,087,087,087,087,087,087,087,087,087,087,087,087,091,088,088,088,088,088,088,088,088,088,088,088,088,088,088,088,088,088,088,088,088,088,088,088,088,088,088,088,088,091,089,089,089,089,089,089,089,089,089,089,089,089,089,089,089,089,089,089,089,089,089,089,089,089,089,089,089,089,091,090,090,090,090,090,090,090,090,090,090,090,090,090,090,090,090,090,090,090,090,090,090,090,090,090,090,090,090,090,091,091,091,091,091,091,091,091,091,091,091,091,091,091,091,091,091,091,091,091,091,091,091,091,091,091,091,091,091,091,092,092,092,092,092,092,092,092,092,092,092,092,092,092,092,092,092,092,092,092,092,092,092,092,092,092,092,092,091,093,093,093,093,093,093,093,093,093,093,093,093,093,093,093,093,093,093,093,093,093,093,093,093,093,093,093,093,093,094,091,094,094,094,094,094,094,094,094,094,094,094,094,094,094,094,094,094,094,094,094,094,094,094,094,094,094,094,091,095,095,095,095,095,095,095,095,095,095,095,095,095,095,095,095,095,095,095,095,095,095,095,095,095,095,095,094,091,223,255
220,073,091,080,080,080,080,080,080,080,080,080,080,080,080,080,080,080,080,080,080,080,080,080,080,080,080,080,080,080,091,081,081,081,081,081,081,081,081,081,081,081,081,081,081,081,081,081,081,081,081,081,081,081,081,081,081,081,081,091,082,082,082,082,082,082,082,082,082,082,082,082,082,082,082,082,082,082,082,082,082,082,082,082,082,082,082,082,082,091,083,083,083,083,083,083,083,083,083,083,083,083,083,083,083,083,083,083,083,083,083,083,083,083,083,083,083,083,091,084,084,084,084,084,084,084,084,084,084,084,084,084,084,084,084,084,084,084,084,084,084,084,084,084,084,084,084,091,085,085,085,085,085,085,085,085,085,085,085,085,085,085,085,085,085,085,085,085,085,085,085,085,085,085,085,085,091,086,086,086,086,086,086,086,086,086,086,086,086,086,086,086,086,086,086,086,086,086,086,086,086,086,086,086,086,086,091,087,087,087,087,087,087,087,087,087,087,087,087,087,087,087,087,087,087,087,087,087,087,087,087,087,087,087,087,087,091,088,088,088,088,088,088,088,088,088,088,088,088,088,088,088,088,088,088,088,088,088,088,088,088,088,088,088,088,091,089,089,089,089,089,089,089,089,089,089,089,089,089,089,089,089,089,089,089,089,089,089,089,089,089,089,089,089,091,090,090,090,090,090,090,090,090,090,090,090,090,090,090,090,090,090,090,090,090,090,090,090,090,090,090,090,090,090,091,091,091,091,091,091,091,091,091,091,091,091,091,091,091,091,091,091,091,091,091,091,091,091,091,091,091,091,091,091,092,092,092,092,092,092,092,092,092,092,092,092,092,092,092,092,092,092,092,092,092,092,092,092,092,092,092,092,091,093,093,093,093,093,093,093,093,093,093,093,093,093,093,093,093,093,093,093,093,093,093,093,093,093,093,093,093,093,094,091,094,094,094,094,094,094,094,094,094,094,094,094,094,094,094,094,094,094,094,094,094,094,094,094,094,094,094,091,095,095,095,095,095,095,095,095,095,095,095,095,095,095,095,095,095,095,095,095,095,095,095,095,095,095,095,094,091,223,255
220,073,091,080,080,080,080,080,080,080,080,080,080,080,080,080,080,080,080,080,080,080,080,080,080,080,080,080,080,080,091,081,081,081,081,081,081,081,081,081,081,081,081,081,081,081,081,081,081,081,081,081,081,081,081,081,081,081,081,091,082,082,082,082,082,082,082,082,082,082,082,082,082,082,082,082,082,082,082,082,082,082,082,082,082,082,082,082,082,091,083,083,083,083,083,083,083,083,083,083,083,083,083,083,083,083,083,083,083,083,083,083,083,083,083,083,083,083,091,084,084,084,084,084,084,084,084,084,084,084,084,084,084,084,084,084,084,084,084,084,084,084,084,084,084,084,084,091,085,085,085,085,085,085,085,085,085,085,085,085,085,085,085,085,085,085,085,085,085,085,085,085,085,085,085,085,091,086,086,086,086,086,086,086,086,086,086,086,086,086,086,086,086,086,086,086,086,086,086,086,086,086,086,086,086,086,091,087,087,087,087,087,087,087,087,087,087,087,087,087,087,087,087,087,087,087,087,087,087,087,087,087,087,087,087,087,091,088,088,088,088,088,088,088,088,088,088,088,088,088,088,088,088,088,088,088,088,088,088,088,088,088,088,088,088,091,089,089,089,089,089,089,089,089,089,089,089,089,089,089,089,089,089,089,089,089,089,089,089,089,089,089,089,089,091,090,090,090,090,090,090,090,090,090,090,090,090,090,090,090,090,090,090,090,090,090,090,090,090,090,090,090,090,090,091,091,091,091,091,091,091,091,091,091,091,091,091,091,091,091,091,091,091,091,091,091,091,091,091,091,091,091,091,091,092,092,092,092,092,092,092,092,092,092,092,092,092,092,092,092,092,092,092,092,092,092,092,092,092,092,092,092,091,093,093,093,093,093,093,093,093,093,093,093,093,093,093,093,093,093,093,093,093,093,093,093,093,093,093,093,093,093,094,091,094,094,094,094,094,094,094,094,094,094,094,094,094,094,094,094,094,094,094,094,094,094,094,094,094,094,094,091,095,095,095,095,095,095,095,095,095,095,095,095,095,095,095,095,095,095,095,095,095,095,095,095,095,095,095,094,091,223,255
220,073,091,080,080,080,080,080,080,080,080,080,080,080,080,080,080,080,080,080,080,080,080,080,080,080,080,080,080,080,091,081,081,081,081,081,081,081,081,081,081,081,081,081,081,081,081,081,081,081,081,081,081,081,081,081,081,081,081,091,082,082,082,082,082,082,082,082,082,082,082,082,082,082,082,082,082,082,082,082,082,082,082,082,082,082,082,082,082,091,083,083,083,083,083,083,083,083,083,083,083,083,083,083,083,083,083,083,083,083,083,083,083,083,083,083,083,083,091,084,084,084,084,084,084,084,084,084,084,084,084,084,084,084,084,084,084,084,084,084,084,084,084,084,084,084,084,091,085,085,085,085,085,085,085,085,085,085,085,085,085,085,085,085,085,085,085,085,085,085,085,085,085,085,085,085,091,086,086,086,086,086,086,086,086,086,086,086,086,086,086,086,086,086,086,086,086,086,086,086,086,086,086,086,086,086,091,087,087,087,087,087,087,087,087,087,087,087,087,087,087,087,087,087,087,087,087,087,087,087,087,087,087,087,087,087,091,088,088,088,088,088,088,088,088,088,088,088,088,088,088,088,088,088,088,088,088,088,088,088,088,088,088,088,088,091,089,089,089,089,089,089,089,089,089,089,089,089,089,089,089,089,089,089,089,089,089,089,089,089,089,089,089,089,091,090,090,090,090,090,090,090,090,090,090,090,090,090,090,090,090,090,090,090,090,090,090,090,090,090,090,090,090,090,091,091,091,091,091,091,091,091,091,091,091,091,091,091,091,091,091,091,091,091,091,091,091,091,091,091,091,091,091,091,092,092,092,092,092,092,092,092,092,092,092,092,092,092,092,092,092,092,092,092,092,092,092,092,092,092,092,092,091,093,093,093,093,093,093,093,093,093,093,093,093,093,093,093,093,093,093,093,093,093,093,093,093,093,093,093,093,093,094,091,094,094,094,094,094,094,094,094,094,094,094,094,094,094,094,094,094,094,094,094,094,094,094,094,094,094,094,091,095,095,095,095,095,095,095,095,095,095,095,095,095,095,095,095,095,095,095,095,095,095,095,095,095,095,095,094,091,223,255
220,073,091,080,080,080,080,080,080,080,080,080,080,080,080,080,080,080,080,080,080,080,080,080,080,080,080,080,080,080,091,081,081,081,081,081,081,081,081,081,081,081,081,081,081,081,081,081,081,081,081,081,081,081,081,081,081,081,081,091,082,082,082,082,082,082,082,082,082,082,082,082,082,082,082,082,082,082,082,082,082,082,082,082,082,082,082,082,082,091,083,083,083,083,083,083,083,083,083,083,083,083,083,083,083,083,083,083,083,083,083,083,083,083,083,083,083,083,091,084,084,084,084,084,084,084,084,084,084,084,084,084,084,084,084,084,084,084,084,084,084,084,084,084,084,084,084,091,085,085,085,085,085,085,085,085,085,085,085,085,085,085,085,085,085,085,085,085,085,085,085,085,085,085,085,085,091,086,086,086,086,086,086,086,086,086,086,086,086,086,086,086,086,086,086,086,086,086,086,086,086,086,086,086,086,086,091,087,087,087,087,087,087,087,087,087,087,087,087,087,087,087,087,087,087,087,087,087,087,087,087,087,087,087,087,087,091,088,088,088,088,088,088,088,088,088,088,088,088,088,088,088,088,088,088,088,088,088,088,088,088,088,088,088,088,091,089,089,089,089,089,089,089,089,089,089,089,089,089,089,089,089,089,089,089,089,089,089,089,089,089,089,089,089,091,090,090,090,090,090,090,090,090,090,090,090,090,090,090,090,090,090,090,090,090,090,090,090,090,090,090,090,090,090,091,091,091,091,091,091,091,091,091,091,091,091,091,091,091,091,091,091,091,091,091,091,091,091,091,091,091,091,091,091,092,092,092,092,092,092,092,092,092,092,092,092,092,092,092,092,092,092,092,092,092,092,092,092,092,092,092,092,091,093,093,093,093,093,093,093,093,093,093,093,093,093,093,093,093,093,093,093,093,093,093,093,093,093,093,093,093,093,094,091,094,094,094,094,094,094,094,094,094,094,094,094,094,094,094,094,094,094,094,094,094,094,094,094,094,094,094,091,095,095,095,095,095,095,095,095,095,095,095,095,095,095,095,095,095,095,095,095,095,095,095,095,095,095,095,094,091,223,255
220,073,091,080,080,080,080,080,080,080,080,080,080,080,080,080,080,080,080,080,080,080,080,080,080,080,080,080,080,080,091,081,081,081,081,081,081,081,081,081,081,081,081,081,081,081,081,081,081,081,081,081,081,081,081,081,081,081,081,091,082,082,082,082,082,082,082,082,082,082,082,082,082,082,082,082,082,082,082,082,082,082,082,082,082,082,082,082,082,091,083,083,083,083,083,083,083,083,083,083,083,083,083,083,083,083,083,083,083,083,083,083,083,083,083,083,083,083,091,084,084,084,084,084,084,084,084,084,084,084,084,084,084,084,084,084,084,084,084,084,084,084,084,084,084,084,084,091,085,085,085,085,085,085,085,085,085,085,085,085,085,085,085,085,085,085,085,085,085,085,085,085,085,085,085,085,091,086,086,086,086,086,086,086,086,086,086,086,086,086,086,086,086,086,086,086,086,086,086,086,086,086,086,086,086,086,091,087,087,087,087,087,087,087,087,087,087,087,087,087,087,087,087,087,087,087,087,087,087,087,087,087,087,087,087,087,091,088,088,088,088,088,088,088,088,088,088,088,088,088,088,088,088,088,088,088,088,088,088,088,088,088,088,088,088,091,089,089,089,089,089,089,089,089,089,089,089,089,089,089,089,089,089,089,089,089,089,089,089,089,089,089,089,089,091,090,090,090,090,090,090,090,090,090,090,090,090,090,090,090,090,090,090,090,090,090,090,090,090,090,090,090,090,090,091,091,091,091,091,091,091,091,091,091,091,091,091,091,091,091,091,091,091,091,091,091,091,091,091,091,091,091,091,091,092,092,092,092,092,092,092,092,092,092,092,092,092,092,092,092,092,092,092,092,092,092,092,092,092,092,092,092,091,093,093,093,093,093,093,093,093,093,093,093,093,093,093,093,093,093,093,093,093,093,093,093,093,093,093,093,093,093,094,091,094,094,094,094,094,094,094,094,094,094,094,094,094,094,094,094,094,094,094,094,094,094,094,094,094,094,094,091,095,095,095,095,095,095,095,095,095,095,095,095,095,095,095,095,095,095,095,095,095,095,095,095,095,095,095,094,091,223,255
220,073,091,080,080,080,080,080,080,080,080,080,080,080,080,080,080,080,080,080,080,080,080,080,080,080,080,080,080,080,091,081,081,081,081,081,081,081,081,081,081,081,081,081,081,081,081,081,081,081,081,081,081,081,081,081,081,081,081,091,082,082,082,082,082,082,082,082,082,082,082,082,082,082,082,082,082,082,082,082,082,082,082,082,082,082,082,082,082,091,083,083,083,083,083,083,083,083,083,083,083,083,083,083,083,083,083,083,083,083,083,083,083,083,083,083,083,083,091,084,084,084,084,084,084,084,084,084,084,084,084,084,084,084,084,084,084,084,084,084,084,084,084,084,084,084,084,091,085,085,085,085,085,085,085,085,085,085,085,085,085,085,085,085,085,085,085,085,085,085,085,085,085,085,085,085,091,086,086,086,086,086,086,086,086,086,086,086,086,086,086,086,086,086,086,086,086,086,086,086,086,086,086,086,086,086,091,087,087,087,087,087,087,087,087,087,087,087,087,087,087,087,087,087,087,087,087,087,087,087,087,087,087,087,087,087,091,088,088,088,088,088,088,088,088,088,088,088,088,088,088,088,088,088,088,088,088,088,088,088,088,088,088,088,088,091,089,089,089,089,089,089,089,089,089,089,089,089,089,089,089,089,089,089,089,089,089,089,089,089,089,089,089,089,091,090,090,090,090,090,090,090,090,090,090,090,090,090,090,090,090,090,090,090,090,090,090,090,090,090,090,090,090,090,091,091,091,091,091,091,091,091,091,091,091,091,091,091,091,091,091,091,091,091,091,091,091,091,091,091,091,091,091,091,092,092,092,092,092,092,092,092,092,092,092,092,092,092,092,092,092,092,092,092,092,092,092,092,092,092,092,092,091,093,093,093,093,093,093,093,093,093,093,093,093,093,093,093,093,093,093,093,093,093,093,093,093,093,093,093,093,093,094,091,094,094,094,094,094,094,094,094,094,094,094,094,094,094,094,094,094,094,094,094,094,094,094,094,094,094,094,091,095,095,095,095,095,095,095,095,095,095,095,095,095,095,095,095,095,095,095,095,095,095,095,095,095,095,095,094,091,223,255
220,073,091,080,080,080,080,080,080,080,080,080,080,080,080,080,080,080,080,080,080,080,080,080,080,080,080,080,080,080,091,081,081,081,081,081,081,081,081,081,081,081,081,081,081,081,081,081,081,081,081,081,081,081,081,081,081,081,081,091,082,082,082,082,082,082,082,082,082,082,082,082,082,082,082,082,082,082,082,082,082,082,082,082,082,082,082,082,082,091,083,083,083,083,083,083,083,083,083,083,083,083,083,083,083,083,083,083,083,083,083,083,083,083,083,083,083,083,091,084,084,084,084,084,084,084,084,084,084,084,084,084,084,084,084,084,084,084,084,084,084,084,084,084,084,084,084,091,085,085,085,085,085,085,085,085,085,085,085,085,085,085,085,085,085,085,085,085,085,085,085,085,085,085,085,085,091,086,086,086,086,086,086,086,086,086,086,086,086,086,086,086,086,086,086,086,086,086,086,086,086,086,086,086,086,086,091,087,087,087,087,087,087,087,087,087,087,087,087,087,087,087,087,087,087,087,087,087,087,087,087,087,087,087,087,087,091,088,088,088,088,088,088,088,088,088,088,088,088,088,088,088,088,088,088,088,088,088,088,088,088,088,088,088,088,091,089,089,089,089,089,089,089,089,089,089,089,089,089,089,089,089,089,089,089,089,089,089,089,089,089,089,089,089,091,090,090,090,090,090,090,090,090,090,090,090,090,090,090,090,090,090,090,090,090,090,090,090,090,090,090,090,090,090,091,091,091,091,091,091,091,091,091,091,091,091,091,091,091,091,091,091,091,091,091,091,091,091,091,091,091,091,091,091,092,092,092,092,092,092,092,092,092,092,092,092,092,092,092,092,092,092,092,092,092,092,092,092,092,092,092,092,091,093,093,093,093,093,093,093,093,093,093,093,093,093,093,093,093,093,093,093,093,093,093,093,093,093,093,093,093,093,094,091,094,094,094,094,094,094,094,094,094,094,094,094,094,094,094,094,094,094,094,094,094,094,094,094,094,094,094,091,095,095,095,095,095,095,095,095,095,095,095,095,095,095,095,095,095,095,095,095,095,095,095,095,095,095,095,094,091,223,255
220,073,091,080,080,080,080,080,080,080,080,080,080,080,080,080,080,080,080,080,080,080,080,080,080,080,080,080,080,080,091,081,081,081,081,081,081,081,081,081,081,081,081,081,081,081,081,081,081,081,081,081,081,081,081,081,081,081,081,091,082,082,082,082,082,082,082,082,082,082,082,082,082,082,082,082,082,082,082,082,082,082,082,082,082,082,082,082,082,091,083,083,083,083,083,083,083,083,083,083,083,083,083,083,083,083,083,083,083,083,083,083,083,083,083,083,083,083,091,084,084,084,084,084,084,084,084,084,084,084,084,084,084,084,084,084,084,084,084,084,084,084,084,084,084,084,084,091,085,085,085,085,085,085,085,085,085,085,085,085,085,085,085,085,085,085,085,085,085,085,085,085,085,085,085,085,091,086,086,086,086,086,086,086,086,086,086,086,086,086,086,086,086,086,086,086,086,086,086,086,086,086,086,086,086,086,091,087,087,087,087,087,087,087,087,087,087,087,087,087,087,087,087,087,087,087,087,087,087,087,087,087,087,087,087,087,091,088,088,088,088,088,088,088,088,088,088,088,088,088,088,088,088,088,088,088,088,088,088,088,088,088,088,088,088,091,089,089,089,089,089,089,089,089,089,089,089,089,089,089,089,089,089,089,089,089,089,089,089,089,089,089,089,089,091,090,090,090,090,090,090,090,090,090,090,090,090,090,090,090,090,090,090,090,090,090,090,090,090,090,090,090,090,090,091,091,091,091,091,091,091,091,091,091,091,091,091,091,091,091,091,091,091,091,091,091,091,091,091,091,091,091,091,091,092,092,092,092,092,092,092,092,092,092,092,092,092,092,092,092,092,092,092,092,092,092,092,092,092,092,092,092,091,093,093,093,093,093,093,093,093,093,093,093,093,093,093,093,093,093,093,093,093,093,093,093,093,093,093,093,093,093,094,091,094,094,094,094,094,094,094,094,094,094,094,094,094,094,094,094,094,094,094,094,094,094,094,094,094,094,094,091,095,095,095,095,095,095,095,095,095,095,095,095,095,095,095,095,095,095,095,095,095,095,095,095,095,095,095,094,091,223,255
220,073,091,080,080,080,080,080,080,080,080,080,080,080,080,080,080,080,080,080,080,080,080,080,080,080,080,080,080,080,091,081,081,081,081,081,081,081,081,081,081,081,081,081,081,081,081,081,081,081,081,081,081,081,081,081,081,081,081,091,082,082,082,082,082,082,082,082,082,082,082,082,082,082,082,082,082,082,082,082,082,082,082,082,082,082,082,082,082,091,083,083,083,083,083,083,083,083,083,083,083,083,083,083,083,083,083,083,083,083,083,083,083,083,083,083,083,083,091,084,084,084,084,084,084,084,084,084,084,084,084,084,084,084,084,084,084,084,084,084,084,084,084,084,084,084,084,091,085,085,085,085,085,085,085,085,085,085,085,085,085,085,085,085,085,085,085,085,085,085,085,085,085,085,085,085,091,086,086,086,086,086,086,086,086,086,086,086,086,086,086,086,086,086,086,086,086,086,086,086,086,086,086,086,086,086,091,087,087,087,087,087,087,087,087,087,087,087,087,087,087,087,087,087,087,087,087,087,087,087,087,087,087,087,087,087,091,088,088,088,088,088,088,088,088,088,088,088,088,088,088,088,088,088,088,088,088,088,088,088,088,088,088,088,088,091,089,089,089,089,089,089,089,089,089,089,089,089,089,089,089,089,089,089,089,089,089,089,089,089,089,089,089,089,091,090,090,090,090,090,090,090,090,090,090,090,090,090,090,090,090,090,090,090,090,090,090,090,090,090,090,090,090,090,091,091,091,091,091,091,091,091,091,091,091,091,091,091,091,091,091,091,091,091,091,091,091,091,091,091,091,091,091,091,092,092,092,092,092,092,092,092,092,092,092,092,092,092,092,092,092,092,092,092,092,092,092,092,092,092,092,092,091,093,093,093,093,093,093,093,093,093,093,093,093,093,093,093,093,093,093,093,093,093,093,093,093,093,093,093,093,093,094,091,094,094,094,094,094,094,094,094,094,094,094,094,094,094,094,094,094,094,094,094,094,094,094,094,094,094,094,091,095,095,095,095,095,095,095,095,095,095,095,095,095,095,095,095,095,095,095,095,095,095,095,095,095,095,095,094,091,223,255
220,073,091,080,080,080,080,080,080,080,080,080,080,080,080,080,080,080,080,080,080,080,080,080,080,080,080,080,080,080,091,081,081,081,081,081,081,081,081,081,081,081,081,081,081,081,081,081,081,081,081,081,081,081,081,081,081,081,081,091,082,082,082,082,082,082,082,082,082,082,082,082,082,082,082,082,082,082,082,082,082,082,082,082,082,082,082,082,082,091,083,083,083,083,083,083,083,083,083,083,083,083,083,083,083,083,083,083,083,083,083,083,083,083,083,083,083,083,091,084,084,084,084,084,084,084,084,084,084,084,084,084,084,084,084,084,084,084,084,084,084,084,084,084,084,084,084,091,085,085,085,085,085,085,085,085,085,085,085,085,085,085,085,085,085,085,085,085,085,085,085,085,085,085,085,085,091,086,086,086,086,086,086,086,086,086,086,086,086,086,086,086,086,086,086,086,086,086,086,086,086,086,086,086,086,086,091,087,087,087,087,087,087,087,087,087,087,087,087,087,087,087,087,087,087,087,087,087,087,087,087,087,087,087,087,087,091,088,088,088,088,088,088,088,088,088,088,088,088,088,088,088,088,088,088,088,088,088,088,088,088,088,088,088,088,091,089,089,089,089,089,089,089,089,089,089,089,089,089,089,089,089,089,089,089,089,089,089,089,089,089,089,089,089,091,090,090,090,090,090,090,090,090,090,090,090,090,090,090,090,090,090,090,090,090,090,090,090,090,090,090,090,090,090,091,091,091,091,091,091,091,091,091,091,091,091,091,091,091,091,091,091,091,091,091,091,091,091,091,091,091,091,091,091,092,092,092,092,092,092,092,092,092,092,092,092,092,092,092,092,092,092,092,092,092,092,092,092,092,092,092,092,091,093,093,093,093,093,093,093,093,093,093,093,093,093,093,093,093,093,093,093,093,093,093,093,093,093,093,093,093,093,094,091,094,094,094,094,094,094,094,094,094,094,094,094,094,094,094,094,094,094,094,094,094,094,094,094,094,094,094,091,095,095,095,095,095,095,095,095,095,095,095,095,095,095,095,095,095,095,095,095,095,095,095,095,095,095,095,094,091,223,255
220,073,091,080,080,080,080,080,080,080,080,080,080,080,080,080,080,080,080,080,080,080,080,080,080,080,080,080,080,080,091,081,081,081,081,081,081,081,081,081,081,081,081,081,081,081,081,081,081,081,081,081,081,081,081,081,081,081,081,091,082,082,082,082,082,082,082,082,082,082,082,082,082,082,082,082,082,082,082,082,082,082,082,082,082,082,082,082,082,091,083,083,083,083,083,083,083,083,083,083,083,083,083,083,083,083,083,083,083,083,083,083,083,083,083,083,083,083,091,084,084,084,084,084,084,084,084,084,084,084,084,084,084,084,084,084,084,084,084,084,084,084,084,084,084,084,084,091,085,085,085,085,085,085,085,085,085,085,085,085,085,085,085,085,085,085,085,085,085,085,085,085,085,085,085,085,091,086,086,086,086,086,086,086,086,086,086,086,086,086,086,086,086,086,086,086,086,086,086,086,086,086,086,086,086,086,091,087,087,087,087,087,087,087,087,087,087,087,087,087,087,087,087,087,087,087,087,087,087,087,087,087,087,087,087,087,091,088,088,088,088,088,088,088,088,088,088,088,088,088,088,088,088,088,088,088,088,088,088,088,088,088,088,088,088,091,089,089,089,089,089,089,089,089,089,089,089,089,089,089,089,089,089,089,089,089,089,089,089,089,089,089,089,089,091,090,090,090,090,090,090,090,090,090,090,090,090,090,090,090,090,090,090,090,090,090,090,090,090,090,090,090,090,090,091,091,091,091,091,091,091,091,091,091,091,091,091,091,091,091,091,091,091,091,091,091,091,091,091,091,091,091,091,091,092,092,092,092,092,092,092,092,092,092,092,092,092,092,092,092,092,092,092,092,092,092,092,092,092,092,092,092,091,093,093,093,093,093,093,093,093,093,093,093,093,093,093,093,093,093,093,093,093,093,093,093,093,093,093,093,093,093,094,091,094,094,094,094,094,094,094,094,094,094,094,094,094,094,094,094,094,094,094,094,094,094,094,094,094,094,094,091,095,095,095,095,095,095,095,095,095,095,095,095,095,095,095,095,095,095,095,095,095,095,095,095,095,095,095,094,091,223,255
220,073,091,080,080,080,080,080,080,080,080,080,080,080,080,080,080,080,080,080,080,080,080,080,080,080,080,080,080,080,091,081,081,081,081,081,081,081,081,081,081,081,081,081,081,081,081,081,081,081,081,081,081,081,081,081,081,081,081,091,082,082,082,082,082,082,082,082,082,082,082,082,082,082,082,082,082,082,082,082,082,082,082,082,082,082,082,082,082,091,083,083,083,083,083,083,083,083,083,083,083,083,083,083,083,083,083,083,083,083,083,083,083,083,083,083,083,083,091,084,084,084,084,084,084,084,084,084,084,084,084,084,084,084,084,084,084,084,084,084,084,084,084,084,084,084,084,091,085,085,085,085,085,085,085,085,085,085,085,085,085,085,085,085,085,085,085,085,085,085,085,085,085,085,085,085,091,086,086,086,086,086,086,086,086,086,086,086,086,086,086,086,086,086,086,086,086,086,086,086,086,086,086,086,086,086,091,087,087,087,087,087,087,087,087,087,087,087,087,087,087,087,087,087,087,087,087,087,087,087,087,087,087,087,087,087,091,088,088,088,088,088,088,088,088,088,088,088,088,088,088,088,088,088,088,088,088,088,088,088,088,088,088,088,088,091,089,089,089,089,089,089,089,089,089,089,089,089,089,089,089,089,089,089,089,089,089,089,089,089,089,089,089,089,091,090,090,090,090,090,090,090,090,090,090,090,090,090,090,090,090,090,090,090,090,090,090,090,090,090,090,090,090,090,091,091,091,091,091,091,091,091,091,091,091,091,091,091,091,091,091,091,091,091,091,091,091,091,091,091,091,091,091,091,092,092,092,092,092,092,092,092,092,092,092,092,092,092,092,092,092,092,092,092,092,092,092,092,092,092,092,092,091,093,093,093,093,093,093,093,093,093,093,093,093,093,093,093,093,093,093,093,093,093,093,093,093,093,093,093,093,093,094,091,094,094,094,094,094,094,094,094,094,094,094,094,094,094,094,094,094,094,094,094,094,094,094,094,094,094,094,091,095,095,095,095,095,095,095,095,095,095,095,095,095,095,095,095,095,095,095,095,095,095,095,095,095,095,095,094,091,223,255
233,075,091,080,080,080,080,080,080,080,080,080,080,080,080,080,080,080,080,080,080,080,080,080,080,080,080,080,080,080,091,081,081,081,081,081,081,081,081,081,081,081,081,081,081,081,081,081,081,081,081,081,081,081,081,081,081,081,081,091,082,082,082,082,082,082,082,082,082,082,082,082,082,082,082,082,082,082,082,082,082,082,082,082,082,082,082,082,082,091,083,083,083,083,083,083,083,083,083,083,083,083,083,083,083,083,083,083,083,083,083,083,083,083,083,083,083,083,091,084,084,084,084,084,084,084,084,084,084,084,084,084,084,084,084,084,084,084,084,084,084,084,084,084,084,084,084,091,085,085,085,085,085,085,085,085,085,085,085,085,085,085,085,085,085,085,085,085,085,085,085,085,085,085,085,085,091,086,086,086,086,086,086,086,086,086,086,086,086,086,086,086,086,086,086,086,086,086,086,086,086,086,086,086,086,086,091,087,087,087,087,087,087,087,087,087,087,087,087,087,087,087,087,087,087,087,087,087,087,087,087,087,087,087,087,087,091,088,088,088,088,088,088,088,088,088,088,088,088,088,088,088,088,088,088,088,088,088,088,088,088,088,088,088,088,091,089,089,089,089,089,089,089,089,089,089,089,089,089,089,089,089,089,089,089,089,089,089,089,089,089,089,089,089,091,090,090,090,090,090,090,090,090,090,090,090,090,090,090,090,090,090,090,090,090,090,090,090,090,090,090,090,090,090,091,091,091,091,091,091,091,091,091,091,091,091,091,091,091,091,091,091,091,091,091,091,091,091,091,091,091,091,091,091,092,092,092,092,092,092,092,092,092,092,092,092,092,092,092,092,092,092,092,092,092,092,092,092,092,092,092,092,091,093,093,093,093,093,093,093,093,093,093,093,093,093,093,093,093,093,093,093,093,093,093,093,093,093,093,093,093,093,093,091,094,094,094,094,094,094,094,094,094,094,094,094,094,094,094,094,094,094,094,094,094,094,094,094,094,094,094,091,095,095,095,095,095,095,095,095,095,095,095,095,095,095,095,095,095,095,095,095,095,095,095,095,095,095,095,094,091,236,255
092,077,091,079,079,079,079,079,079,079,079,079,079,079,079,079,079,079,079,079,079,079,079,079,079,079,079,079,079,079,091,080,080,080,080,080,080,080,080,080,080,080,080,080,080,080,080,080,080,080,080,080,080,080,080,080,080,080,080,091,081,081,081,081,081,081,081,081,081,081,081,081,081,081,081,081,081,081,081,081,081,081,081,081,081,081,081,081,081,091,082,082,082,082,082,082,082,082,082,082,082,082,082,082,082,082,082,082,082,082,082,082,082,082,082,082,082,082,091,083,083,083,083,083,083,083,083,083,083,083,083,083,083,083,083,083,083,083,083,083,083,083,083,083,083,083,083,091,084,084,084,084,084,084,084,084,084,084,084,084,084,084,084,084,084,084,084,084,084,084,084,084,084,084,084,084,091,085,085,085,085,085,085,085,085,085,085,085,085,085,085,085,085,085,085,085,085,085,085,085,085,085,085,085,085,085,091,086,086,086,086,086,086,086,086,086,086,086,086,086,086,086,086,086,086,086,086,086,086,086,086,086,086,086,086,086,091,087,087,087,087,087,087,087,087,087,087,087,087,087,087,087,087,087,087,087,087,087,087,087,087,087,087,087,087,091,088,088,088,088,088,088,088,088,088,088,088,088,088,088,088,088,088,088,088,088,088,088,088,088,088,088,088,088,091,089,089,089,089,089,089,089,089,089,089,089,089,089,089,089,089,089,089,089,089,089,089,089,089,089,089,089,089,089,091,090,090,090,090,090,090,090,090,090,090,090,090,090,090,090,090,090,090,090,090,090,090,090,090,090,090,090,090,091,091,091,091,091,091,091,091,091,091,091,091,091,091,091,091,091,091,091,091,091,091,091,091,091,091,091,091,091,091,092,092,092,092,092,092,092,092,092,092,092,092,092,092,092,092,092,092,092,092,092,092,092,092,092,092,092,092,092,093,091,093,093,093,093,093,093,093,093,093,093,093,093,093,093,093,093,093,093,093,093,093,093,093,093,093,093,093,091,094,094,094,094,094,094,094,094,094,094,094,094,094,094,094,094,094,094,094,094,094,094,094,094,094,094,094,094,091,095,095
019,091,091,091,091,091,091,091,091,091,091,091,091,091,091,091,091,091,091,091,091,091,091,091,091,091,091,091,091,091,091,091,091,091,091,091,091,091,091,091,091,091,091,091,091,091,091,091,091,091,091,091,091,091,091,091,091,091,091,091,091,091,091,091,091,091,091,091,091,091,091,091,091,091,091,091,091,091,091,091,091,091,091,091,091,091,091,091,091,091,091,091,091,091,091,091,091,091,091,091,091,091,091,091,091,091,091,091,091,091,091,091,091,091,091,091,091,091,091,091,091,091,091,091,091,091,091,091,091,091,091,091,091,091,091,091,091,091,091,091,091,091,091,091,091,091,091,091,091,091,091,091,091,091,091,091,091,091,091,091,091,091,091,091,091,091,091,091,091,091,091,091,091,091,091,091,091,091,091,091,091,091,091,091,091,091,091,091,091,091,091,091,091,091,091,091,091,091,091,091,091,091,091,091,091,091,091,091,091,091,091,091,091,091,091,091,091,091,091,091,091,091,091,091,091,091,091,091,091,091,091,091,091,091,091,091,091,091,091,091,091,091,091,091,091,091,091,091,091,091,091,091,091,091,091,091,091,091,091,091,091,091,091,091,091,091,091,091,091,091,091,091,091,091,091,091,091,091,091,091,091,091,091,091,091,091,091,091,091,091,091,091,091,091,091,091,091,091,091,091,091,091,091,091,091,091,091,091,091,091,091,091,091,091,091,091,091,091,091,091,091,091,091,091,091,091,091,091,091,091,091,091,091,091,091,091,091,091,091,091,091,091,091,091,091,091,091,091,091,091,091,091,091,091,091,091,091,091,091,091,091,091,091,091,091,091,091,091,091,091,091,091,091,091,091,091,091,091,091,091,091,091,091,091,091,091,091,091,091,091,091,091,091,091,091,091,091,091,091,091,091,091,091,091,091,091,091,091,091,091,091,091,091,091,091,091,091,091,091,091,091,091,091,091,091,091,091,091,091,091,091,091,091,091,091,091,091,091,091,091,091,091,091,091,091,091,091,091,091,091,091,091,091,091,091,091,091,091,091,091,091,091,091,091,091,091,091,091,091,091,091,091,091
212,094,091,097,097,097,097,097,097,097,097,097,097,097,097,097,097,097,097,097,097,097,097,097,097,097,097,097,097,097,091,098,098,098,098,098,098,098,098,098,098,098,098,098,098,098,098,098,098,098,098,098,098,098,098,098,098,098,098,091,099,099,099,099,099,099,099,099,099,099,099,099,099,099,099,099,099,099,099,099,099,099,099,099,099,099,099,099,099,091,100,100,100,100,100,100,100,100,100,100,100,100,100,100,100,100,100,100,100,100,100,100,100,100,100,100,100,100,091,101,101,101,101,101,101,101,101,101,101,101,101,101,101,101,101,101,101,101,101,101,101,101,101,101,101,101,101,091,102,102,102,102,102,102,102,102,102,102,102,102,102,102,102,102,102,102,102,102,102,102,102,102,102,102,102,102,091,103,103,103,103,103,103,103,103,103,103,103,103,103,103,103,103,103,103,103,103,103,103,103,103,103,103,103,103,103,091,104,104,104,104,104,104,104,104,104,104,104,104,104,104,104,104,104,104,104,104,104,104,104,104,104,104,104,104,104,091,105,105,105,105,105,105,105,105,105,105,105,105,105,105,105,105,105,105,105,105,105,105,105,105,105,105,105,105,091,106,106,106,106,106,106,106,106,106,106,106,106,106,106,106,106,106,106,106,106,106,106,106,106,106,106,106,106,091,107,107,107,107,107,107,107,107,107,107,107,107,107,107,107,107,107,107,107,107,107,107,107,107,107,107,107,107,107,091,108,108,108,108,108,108,108,108,108,108,108,108,108,108,108,108,108,108,108,108,108,108,108,108,108,108,108,108,091,109,109,109,109,109,109,109,109,109,109,109,109,109,109,109,109,109,109,109,109,109,109,109,109,109,109,109,109,091,110,110,110,110,110,110,110,110,110,110,110,110,110,110,110,110,110,110,110,110,110,110,110,110,110,110,110,110,110,110,091,111,111,111,111,111,111,111,111,111,111,111,111,111,111,111,111,111,111,111,111,111,111,111,111,111,111,111,091,112,112,112,112,112,112,112,112,112,112,112,112,112,112,112,112,112,112,112,112,112,112,112,112,112,112,112,111,091,215,247
228,090,091,096,096,096,096,096,096,096,096,096,096,096,096,096,096,096,096,096,096,096,096,096,096,096,096,096,096,096,091,097,097,097,097,097,097,097,097,097,097,097,097,097,097,097,097,097,097,097,097,097,097,097,097,097,097,097,097,091,098,098,098,098,098,098,098,098,098,098,098,098,098,098,098,098,098,098,098,098,098,098,098,098,098,098,098,098,098,091,099,099,099,099,099,099,099,099,099,099,099,099,099,099,099,099,099,099,099,099,099,099,099,099,099,099,099,099,091,100,100,100,100,100,100,100,100,100,100,100,100,100,100,100,100,100,100,100,100,100,100,100,100,100,100,100,100,091,101,101,101,101,101,101,101,101,101,101,101,101,101,101,101,101,101,101,101,101,101,101,101,101,101,101,101,101,091,102,102,102,102,102,102,102,102,102,102,102,102,102,102,102,102,102,102,102,102,102,102,102,102,102,102,102,102,102,091,103,103,103,103,103,103,103,103,103,103,103,103,103,103,103,103,103,103,103,103,103,103,103,103,103,103,103,103,103,091,104,104,104,104,104,104,104,104,104,104,104,104,104,104,104,104,104,104,104,104,104,104,104,104,104,104,104,104,091,105,105,105,105,105,105,105,105,105,105,105,105,105,105,105,105,105,105,105,105,105,105,105,105,105,105,105,105,091,106,106,106,106,106,106,106,106,106,106,106,106,106,106,106,106,106,106,106,106,106,106,106,106,106,106,106,106,106,091,107,107,107,107,107,107,107,107,107,107,107,107,107,107,107,107,107,107,107,107,107,107,107,107,107,107,107,107,091,108,108,108,108,108,108,108,108,108,108,108,108,108,108,108,108,108,108,108,108,108,108,108,108,108,108,108,108,091,109,109,109,109,109,109,109,109,109,109,109,109,109,109,109,109,109,109,109,109,109,109,109,109,109,109,109,109,109,110,091,110,110,110,110,110,110,110,110,110,110,110,110,110,110,110,110,110,110,110,110,110,110,110,110,110,110,110,091,111,111,111,111,111,111,111,111,111,111,111,111,111,111,111,111,111,111,111,111,111,111,111,111,111,111,111,110,091,231,255
223,090,091,096,096,096,096,096,096,096,096,096,096,096,096,096,096,096,096,096,096,096,096,096,096,096,096,096,096,096,091,097,097,097,097,097,097,097,097,097,097,097,097,097,097,097,097,097,097,097,097,097,097,097,097,097,097,097,097,091,098,098,098,098,098,098,098,098,098,098,098,098,098,098,098,098,098,098,098,098,098,098,098,098,098,098,098,098,098,091,099,099,099,099,099,099,099,099,099,099,099,099,099,099,099,099,099,099,099,099,099,099,099,099,099,099,099,099,091,100,100,100,100,100,100,100,100,100,100,100,100,100,100,100,100,100,100,100,100,100,100,100,100,100,100,100,100,091,101,101,101,101,101,101,101,101,101,101,101,101,101,101,101,101,101,101,101,101,101,101,101,101,101,101,101,101,091,102,102,102,102,102,102,102,102,102,102,102,102,102,102,102,102,102,102,102,102,102,102,102,102,102,102,102,102,102,091,103,103,103,103,103,103,103,103,103,103,103,103,103,103,103,103,103,103,103,103,103,103,103,103,103,103,103,103,103,091,104,104,104,104,104,104,104,104,104,104,104,104,104,104,104,104,104,104,104,104,104,104,104,104,104,104,104,104,091,105,105,105,105,105,105,105,105,105,105,105,105,105,105,105,105,105,105,105,105,105,105,105,105,105,105,105,105,091,106,106,106,106,106,106,106,106,106,106,106,106,106,106,106,106,106,106,106,106,106,106,106,106,106,106,106,106,106,091,107,107,107,107,107,107,107,107,107,107,107,107,107,107,107,107,107,107,107,107,107,107,107,107,107,107,107,107,091,108,108,108,108,108,108,108,108,108,108,108,108,108,108,108,108,108,108,108,108,108,108,108,108,108,108,108,108,091,109,109,109,109,109,109,109,109,109,109,109,109,109,109,109,109,109,109,109,109,109,109,109,109,109,109,109,109,109,110,091,110,110,110,110,110,110,110,110,110,110,110,110,110,110,110,110,110,110,110,110,110,110,110,110,110,110,110,091,111,111,111,111,111,111,111,111,111,111,111,111,111,111,111,111,111,111,111,111,111,111,111,111,111,111,111,110,091,226,255
223,090,091,096,096,096,096,096,096,096,096,096,096,096,096,096,096,096,096,096,096,096,096,096,096,096,096,096,096,096,091,097,097,097,097,097,097,097,097,097,097,097,097,097,097,097,097,097,097,097,097,097,097,097,097,097,097,097,097,091,098,098,098,098,098,098,098,098,098,098,098,098,098,098,098,098,098,098,098,098,098,098,098,098,098,098,098,098,098,091,099,099,099,099,099,099,099,099,099,099,099,099,099,099,099,099,099,099,099,099,099,099,099,099,099,099,099,099,091,100,100,100,100,100,100,100,100,100,100,100,100,100,100,100,100,100,100,100,100,100,100,100,100,100,100,100,100,091,101,101,101,101,101,101,101,101,101,101,101,101,101,101,101,101,101,101,101,101,101,101,101,101,101,101,101,101,091,102,102,102,102,102,102,102,102,102,102,102,102,102,102,102,102,102,102,102,102,102,102,102,102,102,102,102,102,102,091,103,103,103,103,103,103,103,103,103,103,103,103,103,103,103,103,103,103,103,103,103,103,103,103,103,103,103,103,103,091,104,104,104,104,104,104,104,104,104,104,104,104,104,104,104,104,104,104,104,104,104,104,104,104,104,104,104,104,091,105,105,105,105,105,105,105,105,105,105,105,105,105,105,105,105,105,105,105,105,105,105,105,105,105,105,105,105,091,106,106,106,106,106,106,106,106,106,106,106,106,106,106,106,106,106,106,106,106,106,106,106,106,106,106,106,106,106,091,107,107,107,107,107,107,107,107,107,107,107,107,107,107,107,107,107,107,107,107,107,107,107,107,107,107,107,107,091,108,108,108,108,108,108,108,108,108,108,108,108,108,108,108,108,108,108,108,108,108,108,108,108,108,108,108,108,091,109,109,109,109,109,109,109,109,109,109,109,109,109,109,109,109,109,109,109,109,109,109,109,109,109,109,109,109,109,110,091,110,110,110,110,110,110,110,110,110,110,110,110,110,110,110,110,110,110,110,110,110,110,110,110,110,110,110,091,111,111,111,111,111,111,111,111,111,111,111,111,111,111,111,111,111,111,111,111,111,111,111,111,111,111,111,110,091,226,255
223,090,091,096,096,096,096,096,096,096,096,096,096,096,096,096,096,096,096,096,096,096,096,096,096,096,096,096,096,096,091,097,097,097,097,097,097,097,097,097,097,097,097,097,097,097,097,097,097,097,097,097,097,097,097,097,097,097,097,091,098,098,098,098,098,098,098,098,098,098,098,098,098,098,098,098,098,098,098,098,098,098,098,098,098,098,098,098,098,091,099,099,099,099,099,099,099,099,099,099,099,099,099,099,099,099,099,099,099,099,099,099,099,099,099,099,099,099,091,100,100,100,100,100,100,100,100,100,100,100,100,100,100,100,100,100,100,100,100,100,100,100,100,100,100,100,100,091,101,101,101,101,101,101,101,101,101,101,101,101,101,101,101,101,101,101,101,101,101,101,101,101,101,101,101,101,091,102,102,102,102,102,102,102,102,102,102,102,102,102,102,102,102,102,102,102,102,102,102,102,102,102,102,102,102,102,091,103,103,103,103,103,103,103,103,103,103,103,103,103,103,103,103,103,103,103,103,103,103,103,103,103,103,103,103,103,091,104,104,104,104,104,104,104,104,104,104,104,104,104,104,104,104,104,104,104,104,104,104,104,104,104,104,104,104,091,105,105,105,105,105,105,105,105,105,105,105,105,105,105,105,105,105,105,105,105,105,105,105,105,105,105,105,105,091,106,106,106,106,106,106,106,106,106,106,106,106,106,106,106,106,106,106,106,106,106,106,106,106,106,106,106,106,106,091,107,107,107,107,107,107,107,107,107,107,107,107,107,107,107,107,107,107,107,107,107,107,107,107,107,107,107,107,091,108,108,108,108,108,108,108,108,108,108,108,108,108,108,108,108,108,108,108,108,108,108,108,108,108,108,108,108,091,109,109,109,109,109,109,109,109,109,109,109,109,109,109,109,109,109,109,109,109,109,109,109,109,109,109,109,109,109,110,091,110,110,110,110,110,110,110,110,110,110,110,110,110,110,110,110,110,110,110,110,110,110,110,110,110,110,110,091,111,111,111,111,111,111,111,111,111,111,111,111,111,111,111,111,111,111,111,111,111,111,111,111,111,111,111,110,091,226,255
223,090,091,096,096,096,096,096,096,096,096,096,096,096,096,096,096,096,096,096,096,096,096,096,096,096,096,096,096,096,091,097,097,097,097,097,097,097,097,097,097,097,097,097,097,097,097,097,097,097,097,097,097,097,097,097,097,097,097,091,098,098,098,098,098,098,098,098,098,098,098,098,098,098,098,098,098,098,098,098,098,098,098,098,098,098,098,098,098,091,099,099,099,099,099,099,099,099,099,099,099,099,099,099,099,099,099,099,099,099,099,099,099,099,099,099,099,099,091,100,100,100,100,100,100,100,100,100,100,100,100,100,100,100,100,100,100,100,100,100,100,100,100,100,100,100,100,091,101,101,101,101,101,101,101,101,101,101,101,101,101,101,101,101,101,101,101,101,101,101,101,101,101,101,101,101,091,102,102,102,102,102,102,102,102,102,102,102,102,102,102,102,102,102,102,102,102,102,102,102,102,102,102,102,102,102,091,103,103,103,103,103,103,103,103,103,103,103,103,103,103,103,103,103,103,103,103,103,103,103,103,103,103,103,103,103,091,104,104,104,104,104,104,104,104,104,104,104,104,104,104,104,104,104,104,104,104,104,104,104,104,104,104,104,104,091,105,105,105,105,105,105,105,105,105,105,105,105,105,105,105,105,105,105,105,105,105,105,105,105,105,105,105,105,091,106,106,106,106,106,106,106,106,106,106,106,106,106,106,106,106,106,106,106,106,106,106,106,106,106,106,106,106,106,091,107,107,107,107,107,107,107,107,107,107,107,107,107,107,107,107,107,107,107,107,107,107,107,107,107,107,107,107,091,108,108,108,108,108,108,108,108,108,108,108,108,108,108,108,108,108,108,108,108,108,108,108,108,108,108,108,108,091,109,109,109,109,109,109,109,109,109,109,109,109,109,109,109,109,109,109,109,109,109,109,109,109,109,109,109,109,109,110,091,110,110,110,110,110,110,110,110,110,110,110,110,110,110,110,110,110,110,110,110,110,110,110,110,110,110,110,091,111,111,111,111,111,111,111,111,111,111,111,111,111,111,111,111,111,111,111,111,111,111,111,111,111,111,111,110,091,226,255
223,090,091,096,096,096,096,096,096,096,096,096,096,096,096,096,096,096,096,096,096,096,096,096,096,096,096,096,096,096,091,097,097,097,097,097,097,097,097,097,097,097,097,097,097,097,097,097,097,097,097,097,097,097,097,097,097,097,097,091,098,098,098,098,098,098,098,098,098,098,098,098,098,098,098,098,098,098,098,098,098,098,098,098,098,098,098,098,098,091,099,099,099,099,099,099,099,099,099,099,099,099,099,099,099,099,099,099,099,099,099,099,099,099,099,099,099,099,091,100,100,100,100,100,100,100,100,100,100,100,100,100,100,100,100,100,100,100,100,100,100,100,100,100,100,100,100,091,101,101,101,101,101,101,101,101,101,101,101,101,101,101,101,101,101,101,101,101,101,101,101,101,101,101,101,101,091,102,102,102,102,102,102,102,102,102,102,102,102,102,102,102,102,102,102,102,102,102,102,102,102,102,102,102,102,102,091,103,103,103,103,103,103,103,103,103,103,103,103,103,103,103,103,103,103,103,103,103,103,103,103,103,103,103,103,103,091,104,104,104,104,104,104,104,104,104,104,104,104,104,104,104,104,104,104,104,104,104,104,104,104,104,104,104,104,091,105,105,105,105,105,105,105,105,105,105,105,105,105,105,105,105,105,105,105,105,105,105,105,105,105,105,105,105,091,106,106,106,106,106,106,106,106,106,106,106,106,106,106,106,106,106,106,106,106,106,106,106,106,106,106,106,106,106,091,107,107,107,107,107,107,107,107,107,107,107,107,107,107,107,107,107,107,107,107,107,107,107,107,107,107,107,107,091,108,108,108,108,108,108,108,108,108,108,108,108,108,108,108,108,108,108,108,108,108,108,108,108,108,108,108,108,091,109,109,109,109,109,109,109,109,109,109,109,109,109,109,109,109,109,109,109,109,109,109,109,109,109,109,109,109,109,110,091,110,110,110,110,110,110,110,110,110,110,110,110,110,110,110,110,110,110,110,110,110,110,110,110,110,110,110,091,111,111,111,111,111,111,111,111,111,111,111,111,111,111,111,111,111,111,111,111,111,111,111,111,111,111,111,110,091,226,255
223,090,091,096,096,096,096,096,096,096,096,096,096,096,096,096,096,096,096,096,096,096,096,096,096,096,096,096,096,096,091,097,097,097,097,097,097,097,097,097,097,097,097,097,097,097,097,097,097,097,097,097,097,097,097,097,097,097,097,091,098,098,098,098,098,098,098,098,098,098,098,098,098,098,098,098,098,098,098,098,098,098,098,098,098,098,098,098,098,091,099,099,099,099,099,099,099,099,099,099,099,099,099,099,099,099,099,099,099,099,099,099,099,099,099,099,099,099,091,100,100,100,100,100,100,100,100,100,100,100,100,100,100,100,100,100,100,100,100,100,100,100,100,100,100,100,100,091,101,101,101,101,101,101,101,101,101,101,101,101,101,101,101,101,101,101,101,101,101,101,101,101,101,101,101,101,091,102,102,102,102,102,102,102,102,102,102,102,102,102,102,102,102,102,102,102,102,102,102,102,102,102,102,102,102,102,091,103,103,103,103,103,103,103,103,103,103,103,103,103,103,103,103,103,103,103,103,103,103,103,103,103,103,103,103,103,091,104,104,104,104,104,104,104,104,104,104,104,104,104,104,104,104,104,104,104,104,104,104,104,104,104,104,104,104,091,105,105,105,105,105,105,105,105,105,105,105,105,105,105,105,105,105,105,105,105,105,105,105,105,105,105,105,105,091,106,106,106,106,106,106,106,106,106,106,106,106,106,106,106,106,106,106,106,106,106,106,106,106,106,106,106,106,106,091,107,107,107,107,107,107,107,107,107,107,107,107,107,107,107,107,107,107,107,107,107,107,107,107,107,107,107,107,091,108,108,108,108,108,108,108,108,108,108,108,108,108,108,108,108,108,108,108,108,108,108,108,108,108,108,108,108,091,109,109,109,109,109,109,109,109,109,109,109,109,109,109,109,109,109,109,109,109,109,109,109,109,109,109,109,109,109,110,091,110,110,110,110,110,110,110,110,110,110,110,110,110,110,110,110,110,110,110,110,110,110,110,110,110,110,110,091,111,111,111,111,111,111,111,111,111,111,111,111,111,111,111,111,111,111,111,111,111,111,111,111,111,111,111,110,091,226,255
223,090,091,096,096,096,096,096,096,096,096,096,096,096,096,096,096,096,096,096,096,096,096,096,096,096,096,096,096,096,091,097,097,097,097,097,097,097,097,097,097,097,097,097,097,097,097,097,097,097,097,097,097,097,097,097,097,097,097,091,098,098,098,098,098,098,098,098,098,098,098,098,098,098,098,098,098,098,098,098,098,098,098,098,098,098,098,098,098,091,099,099,099,099,099,099,099,099,099,099,099,099,099,099,099,099,099,099,099,099,099,099,099,099,099,099,099,099,091,100,100,100,100,100,100,100,100,100,100,100,100,100,100,100,100,100,100,100,100,100,100,100,100,100,100,100,100,091,101,101,101,101,101,101,101,101,101,101,101,101,101,101,101,101,101,101,101,101,101,101,101,101,101,101,101,101,091,102,102,102,102,102,102,102,102,102,102,102,102,102,102,102,102,102,102,102,102,102,102,102,102,102,102,102,102,102,091,103,103,103,103,103,103,103,103,103,103,103,103,103,103,103,103,103,103,103,103,103,103,103,103,103,103,103,103,103,091,104,104,104,104,104,104,104,104,104,104,104,104,104,104,104,104,104,104,104,104,104,104,104,104,104,104,104,104,091,105,105,105,105,105,105,105,105,105,105,105,105,105,105,105,105,105,105,105,105,105,105,105,105,105,105,105,105,091,106,106,106,106,106,106,106,106,106,106,106,106,106,106,106,106,106,106,106,106,106,106,106,106,106,106,106,106,106,091,107,107,107,107,107,107,107,107,107,107,107,107,107,107,107,107,107,107,107,107,107,107,107,107,107,107,107,107,091,108,108,108,108,108,108,108,108,108,108,108,108,108,108,108,108,108,108,108,108,108,108,108,108,108,108,108,108,091,109,109,109,109,109,109,109,109,109,109,109,109,109,109,109,109,109,109,109,109,109,109,109,109,109,109,109,109,109,110,091,110,110,110,110,110,110,110,110,110,110,110,110,110,110,110,110,110,110,110,110,110,110,110,110,110,110,110,091,111,111,111,111,111,111,111,111,111,111,111,111,111,111,111,111,111,111,111,111,111,111,111,111,111,111,111,110,091,226,255
223,090,091,096,096,096,096,096,096,096,096,096,096,096,096,096,096,096,096,096,096,096,096,096,096,096,096,096,096,096,091,097,097,097,097,097,097,097,097,097,097,097,097,097,097,097,097,097,097,097,097,097,097,097,097,097,097,097,097,091,098,098,098,098,098,098,098,098,098,098,098,098,098,098,098,098,098,098,098,098,098,098,098,098,098,098,098,098,098,091,099,099,099,099,099,099,099,099,099,099,099,099,099,099,099,099,099,099,099,099,099,099,099,099,099,099,099,099,091,100,100,100,100,100,100,100,100,100,100,100,100,100,100,100,100,100,100,100,100,100,100,100,100,100,100,100,100,091,101,101,101,101,101,101,101,101,101,101,101,101,101,101,101,101,101,101,101,101,101,101,101,101,101,101,101,101,091,102,102,102,102,102,102,102,102,102,102,102,102,102,102,102,102,102,102,102,102,102,102,102,102,102,102,102,102,102,091,103,103,103,103,103,103,103,103,103,103,103,103,103,103,103,103,103,103,103,103,103,103,103,103,103,103,103,103,103,091,104,104,104,104,104,104,104,104,104,104,104,104,104,104,104,104,104,104,104,104,104,104,104,104,104,104,104,104,091,105,105,105,105,105,105,105,105,105,105,105,105,105,105,105,105,105,105,105,105,105,105,105,105,105,105,105,105,091,106,106,106,106,106,106,106,106,106,106,106,106,106,106,106,106,106,106,106,106,106,106,106,106,106,106,106,106,106,091,107,107,107,107,107,107,107,107,107,107,107,107,107,107,107,107,107,107,107,107,107,107,107,107,107,107,107,107,091,108,108,108,108,108,108,108,108,108,108,108,108,108,108,108,108,108,108,108,108,108,108,108,108,108,108,108,108,091,109,109,109,109,109,109,109,109,109,109,109,109,109,109,109,109,109,109,109,109,109,109,109,109,109,109,109,109,109,110,091,110,110,110,110,110,110,110,110,110,110,110,110,110,110,110,110,110,110,110,110,110,110,110,110,110,110,110,091,111,111,111,111,111,111,111,111,111,111,111,111,111,111,111,111,111,111,111,111,111,111,111,111,111,111,111,110,091,226,255
223,090,091,096,096,096,096,096,096,096,096,096,096,096,096,096,096,096,096,096,096,096,096,096,096,096,096,096,096,096,091,097,097,097,097,097,097,097,097,097,097,097,097,097,097,097,097,097,097,097,097,097,097,097,097,097,097,097,097,091,098,098,098,098,098,098,098,098,098,098,098,098,098,098,098,098,098,098,098,098,098,098,098,098,098,098,098,098,098,091,099,099,099,099,099,099,099,099,099,099,099,099,099,099,099,099,099,099,099,099,099,099,099,099,099,099,099,099,091,100,100,100,100,100,100,100,100,100,100,100,100,100,100,100,100,100,100,100,100,100,100,100,100,100,100,100,100,091,101,101,101,101,101,101,101,101,101,101,101,101,101,101,101,101,101,101,101,101,101,101,101,101,101,101,101,101,091,102,102,102,102,102,102,102,102,102,102,102,102,102,102,102,102,102,102,102,102,102,102,102,102,102,102,102,102,102,091,103,103,103,103,103,103,103,103,103,103,103,103,103,103,103,103,103,103,103,103,103,103,103,103,103,103,103,103,103,091,104,104,104,104,104,104,104,104,104,104,104,104,104,104,104,104,104,104,104,104,104,104,104,104,104,104,104,104,091,105,105,105,105,105,105,105,105,105,105,105,105,105,105,105,105,105,105,105,105,105,105,105,105,105,105,105,105,091,106,106,106,106,106,106,106,106,106,106,106,106,106,106,106,106,106,106,106,106,106,106,106,106,106,106,106,106,106,091,107,107,107,107,107,107,107,107,107,107,107,107,107,107,107,107,107,107,107,107,107,107,107,107,107,107,107,107,091,108,108,108,108,108,108,108,108,108,108,108,108,108,108,108,108,108,108,108,108,108,108,108,108,108,108,108,108,091,109,109,109,109,109,109,109,109,109,109,109,109,109,109,109,109,109,109,109,109,109,109,109,109,109,109,109,109,109,110,091,110,110,110,110,110,110,110,110,110,110,110,110,110,110,110,110,110,110,110,110,110,110,110,110,110,110,110,091,111,111,111,111,111,111,111,111,111,111,111,111,111,111,111,111,111,111,111,111,111,111,111,111,111,111,111,110,091,226,255
223,090,091,096,096,096,096,096,096,096,096,096,096,096,096,096,096,096,096,096,096,096,096,096,096,096,096,096,096,096,091,097,097,097,097,097,097,097,097,097,097,097,097,097,097,097,097,097,097,097,097,097,097,097,097,097,097,097,097,091,098,098,098,098,098,098,098,098,098,098,098,098,098,098,098,098,098,098,098,098,098,098,098,098,098,098,098,098,098,091,099,099,099,099,099,099,099,099,099,099,099,099,099,099,099,099,099,099,099,099,099,099,099,099,099,099,099,099,091,100,100,100,100,100,100,100,100,100,100,100,100,100,100,100,100,100,100,100,100,100,100,100,100,100,100,100,100,091,101,101,101,101,101,101,101,101,101,101,101,101,101,101,101,101,101,101,101,101,101,101,101,101,101,101,101,101,091,102,102,102,102,102,102,102,102,102,102,102,102,102,102,102,102,102,102,102,102,102,102,102,102,102,102,102,102,102,091,103,103,103,103,103,103,103,103,103,103,103,103,103,103,103,103,103,103,103,103,103,103,103,103,103,103,103,103,103,091,104,104,104,104,104,104,104,104,104,104,104,104,104,104,104,104,104,104,104,104,104,104,104,104,104,104,104,104,091,105,105,105,105,105,105,105,105,105,105,105,105,105,105,105,105,105,105,105,105,105,105,105,105,105,105,105,105,091,106,106,106,106,106,106,106,106,106,106,106,106,106,106,106,106,106,106,106,106,106,106,106,106,106,106,106,106,106,091,107,107,107,107,107,107,107,107,107,107,107,107,107,107,107,107,107,107,107,107,107,107,107,107,107,107,107,107,091,108,108,108,108,108,108,108,108,108,108,108,108,108,108,108,108,108,108,108,108,108,108,108,108,108,108,108,108,091,109,109,109,109,109,109,109,109,109,109,109,109,109,109,109,109,109,109,109,109,109,109,109,109,109,109,109,109,109,110,091,110,110,110,110,110,110,110,110,110,110,110,110,110,110,110,110,110,110,110,110,110,110,110,110,110,110,110,091,111,111,111,111,111,111,111,111,111,111,111,111,111,111,111,111,111,111,111,111,111,111,111,111,111,111,111,110,091,226,255
223,090,091,096,096,096,096,096,096,096,096,096,096,096,096,096,096,096,096,096,096,096,096,096,096,096,096,096,096,096,091,097,097,097,097,097,097,097,097,097,097,097,097,097,097,097,097,097,097,097,097,097,097,097,097,097,097,097,097,091,098,098,098,098,098,098,098,098,098,098,098,098,098,098,098,098,098,098,098,098,098,098,098,098,098,098,098,098,098,091,099,099,099,099,099,099,099,099,099,099,099,099,099,099,099,099,099,099,099,099,099,099,099,099,099,099,099,099,091,100,100,100,100,100,100,100,100,100,100,100,100,100,100,100,100,100,100,100,100,100,100,100,100,100,100,100,100,091,101,101,101,101,101,101,101,101,101,101,101,101,101,101,101,101,101,101,101,101,101,101,101,101,101,101,101,101,091,102,102,102,102,102,102,102,102,102,102,102,102,102,102,102,102,102,102,102,102,102,102,102,102,102,102,102,102,102,091,103,103,103,103,103,103,103,103,103,103,103,103,103,103,103,103,103,103,103,103,103,103,103,103,103,103,103,103,103,091,104,104,104,104,104,104,104,104,104,104,104,104,104,104,104,104,104,104,104,104,104,104,104,104,104,104,104,104,091,105,105,105,105,105,105,105,105,105,105,105,105,105,105,105,105,105,105,105,105,105,105,105,105,105,105,105,105,091,106,106,106,106,106,106,106,106,106,106,106,106,106,106,106,106,106,106,106,106,106,106,106,106,106,106,106,106,106,091,107,107,107,107,107,107,107,107,107,107,107,107,107,107,107,107,107,107,107,107,107,107,107,107,107,107,107,107,091,108,108,108,108,108,108,108,108,108,108,108,108,108,108,108,108,108,108,108,108,108,108,108,108,108,108,108,108,091,109,109,109,109,109,109,109,109,109,109,109,109,109,109,109,109,109,109,109,109,109,109,109,109,109,109,109,109,109,110,091,110,110,110,110,110,110,110,110,110,110,110,110,110,110,110,110,110,110,110,110,110,110,110,110,110,110,110,091,111,111,111,111,111,111,111,111,111,111,111,111,111,111,111,111,111,111,111,111,111,111,111,111,111,111,111,110,091,226,255
223,090,091,096,096,096,096,096,096,096,096,096,096,096,096,096,096,096,096,096,096,096,096,096,096,096,096,096,096,096,091,097,097,097,097,097,097,097,097,097,097,097,097,097,097,097,097,097,097,097,097,097,097,097,097,097,097,097,097,091,098,098,098,098,098,098,098,098,098,098,098,098,098,098,098,098,098,098,098,098,098,098,098,098,098,098,098,098,098,091,099,099,099,099,099,099,099,099,099,099,099,099,099,099,099,099,099,099,099,099,099,099,099,099,099,099,099,099,091,100,100,100,100,100,100,100,100,100,100,100,100,100,100,100,100,100,100,100,100,100,100,100,100,100,100,100,100,091,101,101,101,101,101,101,101,101,101,101,101,101,101,101,101,101,101,101,101,101,101,101,101,101,101,101,101,101,091,102,102,102,102,102,102,102,102,102,102,102,102,102,102,102,102,102,102,102,102,102,102,102,102,102,102,102,102,102,091,103,103,103,103,103,103,103,103,103,103,103,103,103,103,103,103,103,103,103,103,103,103,103,103,103,103,103,103,103,091,104,104,104,104,104,104,104,104,104,104,104,104,104,104,104,104,104,104,104,104,104,104,104,104,104,104,104,104,091,105,105,105,105,105,105,105,105,105,105,105,105,105,105,105,105,105,105,105,105,105,105,105,105,105,105,105,105,091,106,106,106,106,106,106,106,106,106,106,106,106,106,106,106,106,106,106,106,106,106,106,106,106,106,106,106,106,106,091,107,107,107,107,107,107,107,107,107,107,107,107,107,107,107,107,107,107,107,107,107,107,107,107,107,107,107,107,091,108,108,108,108,108,108,108,108,108,108,108,108,108,108,108,108,108,108,108,108,108,108,108,108,108,108,108,108,091,109,109,109,109,109,109,109,109,109,109,109,109,109,109,109,109,109,109,109,109,109,109,109,109,109,109,109,109,109,110,091,110,110,110,110,110,110,110,110,110,110,110,110,110,110,110,110,110,110,110,110,110,110,110,110,110,110,110,091,111,111,111,111,111,111,111,111,111,111,111,111,111,111,111,111,111,111,111,111,111,111,111,111,111,111,111,110,091,226,255
223,090,091,096,096,096,096,096,096,096,096,096,096,096,096,096,096,096,096,096,096,096,096,096,096,096,096,096,096,096,091,097,097,097,097,097,097,097,097,097,097,097,097,097,097,097,097,097,097,097,097,097,097,097,097,097,097,097,097,091,098,098,098,098,098,098,098,098,098,098,098,098,098,098,098,098,098,098,098,098,098,098,098,098,098,098,098,098,098,091,099,099,099,099,099,099,099,099,099,099,099,099,099,099,099,099,099,099,099,099,099,099,099,099,099,099,099,099,091,100,100,100,100,100,100,100,100,100,100,100,100,100,100,100,100,100,100,100,100,100,100,100,100,100,100,100,100,091,101,101,101,101,101,101,101,101,101,101,101,101,101,101,101,101,101,101,101,101,101,101,101,101,101,101,101,101,091,102,102,102,102,102,102,102,102,102,102,102,102,102,102,102,102,102,102,102,102,102,102,102,102,102,102,102,102,102,091,103,103,103,103,103,103,103,103,103,103,103,103,103,103,103,103,103,103,103,103,103,103,103,103,103,103,103,103,103,091,104,104,104,104,104,104,104,104,104,104,104,104,104,104,104,104,104,104,104,104,104,104,104,104,104,104,104,104,091,105,105,105,105,105,105,105,105,105,105,105,105,105,105,105,105,105,105,105,105,105,105,105,105,105,105,105,105,091,106,106,106,106,106,106,106,106,106,106,106,106,106,106,106,106,106,106,106,106,106,106,106,106,106,106,106,106,106,091,107,107,107,107,107,107,107,107,107,107,107,107,107,107,107,107,107,107,107,107,107,107,107,107,107,107,107,107,091,108,108,108,108,108,108,108,108,108,108,108,108,108,108,108,108,108,108,108,108,108,108,108,108,108,108,108,108,091,109,109,109,109,109,109,109,109,109,109,109,109,109,109,109,109,109,109,109,109,109,109,109,109,109,109,109,109,109,110,091,110,110,110,110,110,110,110,110,110,110,110,110,110,110,110,110,110,110,110,110,110,110,110,110,110,110,110,091,111,111,111,111,111,111,111,111,111,111,111,111,111,111,111,111,111,111,111,111,111,111,111,111,111,111,111,110,091,226,255
223,090,091,096,096,096,096,096,096,096,096,096,096,096,096,096,096,096,096,096,096,096,096,096,096,096,096,096,096,096,091,097,097,097,097,097,097,097,097,097,097,097,097,097,097,097,097,097,097,097,097,097,097,097,097,097,097,097,097,091,098,098,098,098,098,098,098,098,098,098,098,098,098,098,098,098,098,098,098,098,098,098,098,098,098,098,098,098,098,091,099,099,099,099,099,099,099,099,099,099,099,099,099,099,099,099,099,099,099,099,099,099,099,099,099,099,099,099,091,100,100,100,100,100,100,100,100,100,100,100,100,100,100,100,100,100,100,100,100,100,100,100,100,100,100,100,100,091,101,101,101,101,101,101,101,101,101,101,101,101,101,101,101,101,101,101,101,101,101,101,101,101,101,101,101,101,091,102,102,102,102,102,102,102,102,102,102,102,102,102,102,102,102,102,102,102,102,102,102,102,102,102,102,102,102,102,091,103,103,103,103,103,103,103,103,103,103,103,103,103,103,103,103,103,103,103,103,103,103,103,103,103,103,103,103,103,091,104,104,104,104,104,104,104,104,104,104,104,104,104,104,104,104,104,104,104,104,104,104,104,104,104,104,104,104,091,105,105,105,105,105,105,105,105,105,105,105,105,105,105,105,105,105,105,105,105,105,105,105,105,105,105,105,105,091,106,106,106,106,106,106,106,106,106,106,106,106,106,106,106,106,106,106,106,106,106,106,106,106,106,106,106,106,106,091,107,107,107,107,107,107,107,107,107,107,107,107,107,107,107,107,107,107,107,107,107,107,107,107,107,107,107,107,091,108,108,108,108,108,108,108,108,108,108,108,108,108,108,108,108,108,108,108,108,108,108,108,108,108,108,108,108,091,109,109,109,109,109,109,109,109,109,109,109,109,109,109,109,109,109,109,109,109,109,109,109,109,109,109,109,109,109,110,091,110,110,110,110,110,110,110,110,110,110,110,110,110,110,110,110,110,110,110,110,110,110,110,110,110,110,110,091,111,111,111,111,111,111,111,111,111,111,111,111,111,111,111,111,111,111,111,111,111,111,111,111,111,111,111,110,091,226,255
223,090,091,096,096,096,096,096,096,096,096,096,096,096,096,096,096,096,096,096,096,096,096,096,096,096,096,096,096,096,091,097,097,097,097,097,097,097,097,097,097,097,097,097,097,097,097,097,097,097,097,097,097,097,097,097,097,097,097,091,098,098,098,098,098,098,098,098,098,098,098,098,098,098,098,098,098,098,098,098,098,098,098,098,098,098,098,098,098,091,099,099,099,099,099,099,099,099,099,099,099,099,099,099,099,099,099,099,099,099,099,099,099,099,099,099,099,099,091,100,100,100,100,100,100,100,100,100,100,100,100,100,100,100,100,100,100,100,100,100,100,100,100,100,100,100,100,091,101,101,101,101,101,101,101,101,101,101,101,101,101,101,101,101,101,101,101,101,101,101,101,101,101,101,101,101,091,102,102,102,102,102,102,102,102,102,102,102,102,102,102,102,102,102,102,102,102,102,102,102,102,102,102,102,102,102,091,103,103,103,103,103,103,103,103,103,103,103,103,103,103,103,103,103,103,103,103,103,103,103,103,103,103,103,103,103,091,104,104,104,104,104,104,104,104,104,104,104,104,104,104,104,104,104,104,104,104,104,104,104,104,104,104,104,104,091,105,105,105,105,105,105,105,105,105,105,105,105,105,105,105,105,105,105,105,105,105,105,105,105,105,105,105,105,091,106,106,106,106,106,106,106,106,106,106,106,106,106,106,106,106,106,106,106,106,106,106,106,106,106,106,106,106,106,091,107,107,107,107,107,107,107,107,107,107,107,107,107,107,107,107,107,107,107,107,107,107,107,107,107,107,107,107,091,108,108,108,108,108,108,108,108,108,108,108,108,108,108,108,108,108,108,108,108,108,108,108,108,108,108,108,108,091,109,109,109,109,109,109,109,109,109,109,109,109,109,109,109,109,109,109,109,109,109,109,109,109,109,109,109,109,109,110,091,110,110,110,110,110,110,110,110,110,110,110,110,110,110,110,110,110,110,110,110,110,110,110,110,110,110,110,091,111,111,111,111,111,111,111,111,111,111,111,111,111,111,111,111,111,111,111,111,111,111,111,111,111,111,111,110,091,226,255
223,090,091,096,096,096,096,096,096,096,096,096,096,096,096,096,096,096,096,096,096,096,096,096,096,096,096,096,096,096,091,097,097,097,097,097,097,097,097,097,097,097,097,097,097,097,097,097,097,097,097,097,097,097,097,097,097,097,097,091,098,098,098,098,098,098,098,098,098,098,098,098,098,098,098,098,098,098,098,098,098,098,098,098,098,098,098,098,098,091,099,099,099,099,099,099,099,099,099,099,099,099,099,099,099,099,099,099,099,099,099,099,099,099,099,099,099,099,091,100,100,100,100,100,100,100,100,100,100,100,100,100,100,100,100,100,100,100,100,100,100,100,100,100,100,100,100,091,101,101,101,101,101,101,101,101,101,101,101,101,101,101,101,101,101,101,101,101,101,101,101,101,101,101,101,101,091,102,102,102,102,102,102,102,102,102,102,102,102,102,102,102,102,102,102,102,102,102,102,102,102,102,102,102,102,102,091,103,103,103,103,103,103,103,103,103,103,103,103,103,103,103,103,103,103,103,103,103,103,103,103,103,103,103,103,103,091,104,104,104,104,104,104,104,104,104,104,104,104,104,104,104,104,104,104,104,104,104,104,104,104,104,104,104,104,091,105,105,105,105,105,105,105,105,105,105,105,105,105,105,105,105,105,105,105,105,105,105,105,105,105,105,105,105,091,106,106,106,106,106,106,106,106,106,106,106,106,106,106,106,106,106,106,106,106,106,106,106,106,106,106,106,106,106,091,107,107,107,107,107,107,107,107,107,107,107,107,107,107,107,107,107,107,107,107,107,107,107,107,107,107,107,107,091,108,108,108,108,108,108,108,108,108,108,108,108,108,108,108,108,108,108,108,108,108,108,108,108,108,108,108,108,091,109,109,109,109,109,109,109,109,109,109,109,109,109,109,109,109,109,109,109,109,109,109,109,109,109,109,109,109,109,110,091,110,110,110,110,110,110,110,110,110,110,110,110,110,110,110,110,110,110,110,110,110,110,110,110,110,110,110,091,111,111,111,111,111,111,111,111,111,111,111,111,111,111,111,111,111,111,111,111,111,111,111,111,111,111,111,110,091,226,255
223,090,091,096,096,096,096,096,096,096,096,096,096,096,096,096,096,096,096,096,096,096,096,096,096,096,096,096,096,096,091,097,097,097,097,097,097,097,097,097,097,097,097,097,097,097,097,097,097,097,097,097,097,097,097,097,097,097,097,091,098,098,098,098,098,098,098,098,098,098,098,098,098,098,098,098,098,098,098,098,098,098,098,098,098,098,098,098,098,091,099,099,099,099,099,099,099,099,099,099,099,099,099,099,099,099,099,099,099,099,099,099,099,099,099,099,099,099,091,100,100,100,100,100,100,100,100,100,100,100,100,100,100,100,100,100,100,100,100,100,100,100,100,100,100,100,100,091,101,101,101,101,101,101,101,101,101,101,101,101,101,101,101,101,101,101,101,101,101,101,101,101,101,101,101,101,091,102,102,102,102,102,102,102,102,102,102,102,102,102,102,102,102,102,102,102,102,102,102,102,102,102,102,102,102,102,091,103,103,103,103,103,103,103,103,103,103,103,103,103,103,103,103,103,103,103,103,103,103,103,103,103,103,103,103,103,091,104,104,104,104,104,104,104,104,104,104,104,104,104,104,104,104,104,104,104,104,104,104,104,104,104,104,104,104,091,105,105,105,105,105,105,105,105,105,105,105,105,105,105,105,105,105,105,105,105,105,105,105,105,105,105,105,105,091,106,106,106,106,106,106,106,106,106,106,106,106,106,106,106,106,106,106,106,106,106,106,106,106,106,106,106,106,106,091,107,107,107,107,107,107,107,107,107,107,107,107,107,107,107,107,107,107,107,107,107,107,107,107,107,107,107,107,091,108,108,108,108,108,108,108,108,108,108,108,108,108,108,108,108,108,108,108,108,108,108,108,108,108,108,108,108,091,109,109,109,109,109,109,109,109,109,109,109,109,109,109,109,109,109,109,109,109,109,109,109,109,109,109,109,109,109,110,091,110,110,110,110,110,110,110,110,110,110,110,110,110,110,110,110,110,110,110,110,110,110,110,110,110,110,110,091,111,111,111,111,111,111,111,111,111,111,111,111,111,111,111,111,111,111,111,111,111,111,111,111,111,111,111,110,091,226,255
223,090,091,096,096,096,096,096,096,096,096,096,096,096,096,096,096,096,096,096,096,096,096,096,096,096,096,096,096,096,091,097,097,097,097,097,097,097,097,097,097,097,097,097,097,097,097,097,097,097,097,097,097,097,097,097,097,097,097,091,098,098,098,098,098,098,098,098,098,098,098,098,098,098,098,098,098,098,098,098,098,098,098,098,098,098,098,098,098,091,099,099,099,099,099,099,099,099,099,099,099,099,099,099,099,099,099,099,099,099,099,099,099,099,099,099,099,099,091,100,100,100,100,100,100,100,100,100,100,100,100,100,100,100,100,100,100,100,100,100,100,100,100,100,100,100,100,091,101,101,101,101,101,101,101,101,101,101,101,101,101,101,101,101,101,101,101,101,101,101,101,101,101,101,101,101,091,102,102,102,102,102,102,102,102,102,102,102,102,102,102,102,102,102,102,102,102,102,102,102,102,102,102,102,102,102,091,103,103,103,103,103,103,103,103,103,103,103,103,103,103,103,103,103,103,103,103,103,103,103,103,103,103,103,103,103,091,104,104,104,104,104,104,104,104,104,104,104,104,104,104,104,104,104,104,104,104,104,104,104,104,104,104,104,104,091,105,105,105,105,105,105,105,105,105,105,105,105,105,105,105,105,105,105,105,105,105,105,105,105,105,105,105,105,091,106,106,106,106,106,106,106,106,106,106,106,106,106,106,106,106,106,106,106,106,106,106,106,106,106,106,106,106,106,091,107,107,107,107,107,107,107,107,107,107,107,107,107,107,107,107,107,107,107,107,107,107,107,107,107,107,107,107,091,108,108,108,108,108,108,108,108,108,108,108,108,108,108,108,108,108,108,108,108,108,108,108,108,108,108,108,108,091,109,109,109,109,109,109,109,109,109,109,109,109,109,109,109,109,109,109,109,109,109,109,109,109,109,109,109,109,109,110,091,110,110,110,110,110,110,110,110,110,110,110,110,110,110,110,110,110,110,110,110,110,110,110,110,110,110,110,091,111,111,111,111,111,111,111,111,111,111,111,111,111,111,111,111,111,111,111,111,111,111,111,111,111,111,111,110,091,226,255
223,090,091,096,096,096,096,096,096,096,096,096,096,096,096,096,096,096,096,096,096,096,096,096,096,096,096,096,096,096,091,097,097,097,097,097,097,097,097,097,097,097,097,097,097,097,097,097,097,097,097,097,097,097,097,097,097,097,097,091,098,098,098,098,098,098,098,098,098,098,098,098,098,098,098,098,098,098,098,098,098,098,098,098,098,098,098,098,098,091,099,099,099,099,099,099,099,099,099,099,099,099,099,099,099,099,099,099,099,099,099,099,099,099,099,099,099,099,091,100,100,100,100,100,100,100,100,100,100,100,100,100,100,100,100,100,100,100,100,100,100,100,100,100,100,100,100,091,101,101,101,101,101,101,101,101,101,101,101,101,101,101,101,101,101,101,101,101,101,101,101,101,101,101,101,101,091,102,102,102,102,102,102,102,102,102,102,102,102,102,102,102,102,102,102,102,102,102,102,102,102,102,102,102,102,102,091,103,103,103,103,103,103,103,103,103,103,103,103,103,103,103,103,103,103,103,103,103,103,103,103,103,103,103,103,103,091,104,104,104,104,104,104,104,104,104,104,104,104,104,104,104,104,104,104,104,104,104,104,104,104,104,104,104,104,091,105,105,105,105,105,105,105,105,105,105,105,105,105,105,105,105,105,105,105,105,105,105,105,105,105,105,105,105,091,106,106,106,106,106,106,106,106,106,106,106,106,106,106,106,106,106,106,106,106,106,106,106,106,106,106,106,106,106,091,107,107,107,107,107,107,107,107,107,107,107,107,107,107,107,107,107,107,107,107,107,107,107,107,107,107,107,107,091,108,108,108,108,108,108,108,108,108,108,108,108,108,108,108,108,108,108,108,108,108,108,108,108,108,108,108,108,091,109,109,109,109,109,109,109,109,109,109,109,109,109,109,109,109,109,109,109,109,109,109,109,109,109,109,109,109,109,110,091,110,110,110,110,110,110,110,110,110,110,110,110,110,110,110,110,110,110,110,110,110,110,110,110,110,110,110,091,111,111,111,111,111,111,111,111,111,111,111,111,111,111,111,111,111,111,111,111,111,111,111,111,111,111,111,110,091,226,255
223,090,091,096,096,096,096,096,096,096,096,096,096,096,096,096,096,096,096,096,096,096,096,096,096,096,096,096,096,096,091,097,097,097,097,097,097,097,097,097,097,097,097,097,097,097,097,097,097,097,097,097,097,097,097,097,097,097,097,091,098,098,098,098,098,098,098,098,098,098,098,098,098,098,098,098,098,098,098,098,098,098,098,098,098,098,098,098,098,091,099,099,099,099,099,099,099,099,099,099,099,099,099,099,099,099,099,099,099,099,099,099,099,099,099,099,099,099,091,100,100,100,100,100,100,100,100,100,100,100,100,100,100,100,100,100,100,100,100,100,100,100,100,100,100,100,100,091,101,101,101,101,101,101,101,101,101,101,101,101,101,101,101,101,101,101,101,101,101,101,101,101,101,101,101,101,091,102,102,102,102,102,102,102,102,102,102,102,102,102,102,102,102,102,102,102,102,102,102,102,102,102,102,102,102,102,091,103,103,103,103,103,103,103,103,103,103,103,103,103,103,103,103,103,103,103,103,103,103,103,103,103,103,103,103,103,091,104,104,104,104,104,104,104,104,104,104,104,104,104,104,104,104,104,104,104,104,104,104,104,104,104,104,104,104,091,105,105,105,105,105,105,105,105,105,105,105,105,105,105,105,105,105,105,105,105,105,105,105,105,105,105,105,105,091,106,106,106,106,106,106,106,106,106,106,106,106,106,106,106,106,106,106,106,106,106,106,106,106,106,106,106,106,106,091,107,107,107,107,107,107,107,107,107,107,107,107,107,107,107,107,107,107,107,107,107,107,107,107,107,107,107,107,091,108,108,108,108,108,108,108,108,108,108,108,108,108,108,108,108,108,108,108,108,108,108,108,108,108,108,108,108,091,109,109,109,109,109,109,109,109,109,109,109,109,109,109,109,109,109,109,109,109,109,109,109,109,109,109,109,109,109,110,091,110,110,110,110,110,110,110,110,110,110,110,110,110,110,110,110,110,110,110,110,110,110,110,110,110,110,110,091,111,111,111,111,111,111,111,111,111,111,111,111,111,111,111,111,111,111,111,111,111,111,111,111,111,111,111,110,091,226,255
223,090,091,096,096,096,096,096,096,096,096,096,096,096,096,096,096,096,096,096,096,096,096,096,096,096,096,096,096,096,091,097,097,097,097,097,097,097,097,097,097,097,097,097,097,097,097,097,097,097,097,097,097,097,097,097,097,097,097,091,098,098,098,098,098,098,098,098,098,098,098,098,098,098,098,098,098,098,098,098,098,098,098,098,098,098,098,098,098,091,099,099,099,099,099,099,099,099,099,099,099,099,099,099,099,099,099,099,099,099,099,099,099,099,099,099,099,099,091,100,100,100,100,100,100,100,100,100,100,100,100,100,100,100,100,100,100,100,100,100,100,100,100,100,100,100,100,091,101,101,101,101,101,101,101,101,101,101,101,101,101,101,101,101,101,101,101,101,101,101,101,101,101,101,101,101,091,102,102,102,102,102,102,102,102,102,102,102,102,102,102,102,102,102,102,102,102,102,102,102,102,102,102,102,102,102,091,103,103,103,103,103,103,103,103,103,103,103,103,103,103,103,103,103,103,103,103,103,103,103,103,103,103,103,103,103,091,104,104,104,104,104,104,104,104,104,104,104,104,104,104,104,104,104,104,104,104,104,104,104,104,104,104,104,104,091,105,105,105,105,105,105,105,105,105,105,105,105,105,105,105,105,105,105,105,105,105,105,105,105,105,105,105,105,091,106,106,106,106,106,106,106,106,106,106,106,106,106,106,106,106,106,106,106,106,106,106,106,106,106,106,106,106,106,091,107,107,107,107,107,107,107,107,107,107,107,107,107,107,107,107,107,107,107,107,107,107,107,107,107,107,107,107,091,108,108,108,108,108,108,108,108,108,108,108,108,108,108,108,108,108,108,108,108,108,108,108,108,108,108,108,108,091,109,109,109,109,109,109,109,109,109,109,109,109,109,109,109,109,109,109,109,109,109,109,109,109,109,109,109,109,109,110,091,110,110,110,110,110,110,110,110,110,110,110,110,110,110,110,110,110,110,110,110,110,110,110,110,110,110,110,091,111,111,111,111,111,111,111,111,111,111,111,111,111,111,111,111,111,111,111,111,111,111,111,111,111,111,111,110,091,226,255
223,090,091,096,096,096,096,096,096,096,096,096,096,096,096,096,096,096,096,096,096,096,096,096,096,096,096,096,096,096,091,097,097,097,097,097,097,097,097,097,097,097,097,097,097,097,097,097,097,097,097,097,097,097,097,097,097,097,097,091,098,098,098,098,098,098,098,098,098,098,098,098,098,098,098,098,098,098,098,098,098,098,098,098,098,098,098,098,098,091,099,099,099,099,099,099,099,099,099,099,099,099,099,099,099,099,099,099,099,099,099,099,099,099,099,099,099,099,091,100,100,100,100,100,100,100,100,100,100,100,100,100,100,100,100,100,100,100,100,100,100,100,100,100,100,100,100,091,101,101,101,101,101,101,101,101,101,101,101,101,101,101,101,101,101,101,101,101,101,101,101,101,101,101,101,101,091,102,102,102,102,102,102,102,102,102,102,102,102,102,102,102,102,102,102,102,102,102,102,102,102,102,102,102,102,102,091,103,103,103,103,103,103,103,103,103,103,103,103,103,103,103,103,103,103,103,103,103,103,103,103,103,103,103,103,103,091,104,104,104,104,104,104,104,104,104,104,104,104,104,104,104,104,104,104,104,104,104,104,104,104,104,104,104,104,091,105,105,105,105,105,105,105,105,105,105,105,105,105,105,105,105,105,105,105,105,105,105,105,105,105,105,105,105,091,106,106,106,106,106,106,106,106,106,106,106,106,106,106,106,106,106,106,106,106,106,106,106,106,106,106,106,106,106,091,107,107,107,107,107,107,107,107,107,107,107,107,107,107,107,107,107,107,107,107,107,107,107,107,107,107,107,107,091,108,108,108,108,108,108,108,108,108,108,108,108,108,108,108,108,108,108,108,108,108,108,108,108,108,108,108,108,091,109,109,109,109,109,109,109,109,109,109,109,109,109,109,109,109,109,109,109,109,109,109,109,109,109,109,109,109,109,110,091,110,110,110,110,110,110,110,110,110,110,110,110,110,110,110,110,110,110,110,110,110,110,110,110,110,110,110,091,111,111,111,111,111,111,111,111,111,111,111,111,111,111,111,111,111,111,111,111,111,111,111,111,111,111,111,110,091,226,255
223,090,091,096,096,096,096,096,096,096,096,096,096,096,096,096,096,096,096,096,096,096,096,096,096,096,096,096,096,096,091,097,097,097,097,097,097,097,097,097,097,097,097,097,097,097,097,097,097,097,097,097,097,097,097,097,097,097,097,091,098,098,098,098,098,098,098,098,098,098,098,098,098,098,098,098,098,098,098,098,098,098,098,098,098,098,098,098,098,091,099,099,099,099,099,099,099,099,099,099,099,099,099,099,099,099,099,099,099,099,099,099,099,099,099,099,099,099,091,100,100,100,100,100,100,100,100,100,100,100,100,100,100,100,100,100,100,100,100,100,100,100,100,100,100,100,100,091,101,101,101,101,101,101,101,101,101,101,101,101,101,101,101,101,101,101,101,101,101,101,101,101,101,101,101,101,091,102,102,102,102,102,102,102,102,102,102,102,102,102,102,102,102,102,102,102,102,102,102,102,102,102,102,102,102,102,091,103,103,103,103,103,103,103,103,103,103,103,103,103,103,103,103,103,103,103,103,103,103,103,103,103,103,103,103,103,091,104,104,104,104,104,104,104,104,104,104,104,104,104,104,104,104,104,104,104,104,104,104,104,104,104,104,104,104,091,105,105,105,105,105,105,105,105,105,105,105,105,105,105,105,105,105,105,105,105,105,105,105,105,105,105,105,105,091,106,106,106,106,106,106,106,106,106,106,106,106,106,106,106,106,106,106,106,106,106,106,106,106,106,106,106,106,106,091,107,107,107,107,107,107,107,107,107,107,107,107,107,107,107,107,107,107,107,107,107,107,107,107,107,107,107,107,091,108,108,108,108,108,108,108,108,108,108,108,108,108,108,108,108,108,108,108,108,108,108,108,108,108,108,108,108,091,109,109,109,109,109,109,109,109,109,109,109,109,109,109,109,109,109,109,109,109,109,109,109,109,109,109,109,109,109,110,091,110,110,110,110,110,110,110,110,110,110,110,110,110,110,110,110,110,110,110,110,110,110,110,110,110,110,110,091,111,111,111,111,111,111,111,111,111,111,111,111,111,111,111,111,111,111,111,111,111,111,111,111,111,111,111,110,091,226,255
223,090,091,096,096,096,096,096,096,096,096,096,096,096,096,096,096,096,096,096,096,096,096,096,096,096,096,096,096,096,091,097,097,097,097,097,097,097,097,097,097,097,097,097,097,097,097,097,097,097,097,097,097,097,097,097,097,097,097,091,098,098,098,098,098,098,098,098,098,098,098,098,098,098,098,098,098,098,098,098,098,098,098,098,098,098,098,098,098,091,099,099,099,099,099,099,099,099,099,099,099,099,099,099,099,099,099,099,099,099,099,099,099,099,099,099,099,099,091,100,100,100,100,100,100,100,100,100,100,100,100,100,100,100,100,100,100,100,100,100,100,100,100,100,100,100,100,091,101,101,101,101,101,101,101,101,101,101,101,101,101,101,101,101,101,101,101,101,101,101,101,101,101,101,101,101,091,102,102,102,102,102,102,102,102,102,102,102,102,102,102,102,102,102,102,102,102,102,102,102,102,102,102,102,102,102,091,103,103,103,103,103,103,103,103,103,103,103,103,103,103,103,103,103,103,103,103,103,103,103,103,103,103,103,103,103,091,104,104,104,104,104,104,104,104,104,104,104,104,104,104,104,104,104,104,104,104,104,104,104,104,104,104,104,104,091,105,105,105,105,105,105,105,105,105,105,105,105,105,105,105,105,105,105,105,105,105,105,105,105,105,105,105,105,091,106,106,106,106,106,106,106,106,106,106,106,106,106,106,106,106,106,106,106,106,106,106,106,106,106,106,106,106,106,091,107,107,107,107,107,107,107,107,107,107,107,107,107,107,107,107,107,107,107,107,107,107,107,107,107,107,107,107,091,108,108,108,108,108,108,108,108,108,108,108,108,108,108,108,108,108,108,108,108,108,108,108,108,108,108,108,108,091,109,109,109,109,109,109,109,109,109,109,109,109,109,109,109,109,109,109,109,109,109,109,109,109,109,109,109,109,109,110,091,110,110,110,110,110,110,110,110,110,110,110,110,110,110,110,110,110,110,110,110,110,110,110,110,110,110,110,091,111,111,111,111,111,111,111,111,111,111,111,111,111,111,111,111,111,111,111,111,111,111,111,111,111,111,111,110,091,226,255
232,091,091,096,096,096,096,096,096,096,096,096,096,096,096,096,096,096,096,096,096,096,096,096,096,096,096,096,096,096,091,097,097,097,097,097,097,097,097,097,097,097,097,097,097,097,097,097,097,097,097,097,097,097,097,097,097,097,097,091,098,098,098,098,098,098,098,098,098,098,098,098,098,098,098,098,098,098,098,098,098,098,098,098,098,098,098,098,098,091,099,099,099,099,099,099,099,099,099,099,099,099,099,099,099,099,099,099,099,099,099,099,099,099,099,099,099,099,091,100,100,100,100,100,100,100,100,100,100,100,100,100,100,100,100,100,100,100,100,100,100,100,100,100,100,100,100,091,101,101,101,101,101,101,101,101,101,101,101,101,101,101,101,101,101,101,101,101,101,101,101,101,101,101,101,101,091,102,102,102,102,102,102,102,102,102,102,102,102,102,102,102,102,102,102,102,102,102,102,102,102,102,102,102,102,102,091,103,103,103,103,103,103,103,103,103,103,103,103,103,103,103,103,103,103,103,103,103,103,103,103,103,103,103,103,103,091,104,104,104,104,104,104,104,104,104,104,104,104,104,104,104,104,104,104,104,104,104,104,104,104,104,104,104,104,091,105,105,105,105,105,105,105,105,105,105,105,105,105,105,105,105,105,105,105,105,105,105,105,105,105,105,105,105,091,106,106,106,106,106,106,106,106,106,106,106,106,106,106,106,106,106,106,106,106,106,106,106,106,106,106,106,106,106,091,107,107,107,107,107,107,107,107,107,107,107,107,107,107,107,107,107,107,107,107,107,107,107,107,107,107,107,107,091,108,108,108,108,108,108,108,108,108,108,108,108,108,108,108,108,108,108,108,108,108,108,108,108,108,108,108,108,091,109,109,109,109,109,109,109,109,109,109,109,109,109,109,109,109,109,109,109,109,109,109,109,109,109,109,109,109,109,110,091,110,110,110,110,110,110,110,110,110,110,110,110,110,110,110,110,110,110,110,110,110,110,110,110,110,110,110,091,111,111,111,111,111,111,111,111,111,111,111,111,111,111,111,111,111,111,111,111,111,111,111,111,111,111,111,110,091,235,255
181,093,091,095,095,095,095,095,095,095,095,095,095,095,095,095,095,095,095,095,095,095,095,095,095,095,095,095,095,095,091,096,096,096,096,096,096,096,096,096,096,096,096,096,096,096,096,096,096,096,096,096,096,096,096,096,096,096,096,091,097,097,097,097,097,097,097,097,097,097,097,097,097,097,097,097,097,097,097,097,097,097,097,097,097,097,097,097,097,091,098,098,098,098,098,098,098,098,098,098,098,098,098,098,098,098,098,098,098,098,098,098,098,098,098,098,098,098,091,099,099,099,099,099,099,099,099,099,099,099,099,099,099,099,099,099,099,099,099,099,099,099,099,099,099,099,099,091,100,100,100,100,100,100,100,100,100,100,100,100,100,100,100,100,100,100,100,100,100,100,100,100,100,100,100,100,091,101,101,101,101,101,101,101,101,101,101,101,101,101,101,101,101,101,101,101,101,101,101,101,101,101,101,101,101,101,091,102,102,102,102,102,102,102,102,102,102,102,102,102,102,102,102,102,102,102,102,102,102,102,102,102,102,102,102,102,091,103,103,103,103,103,103,103,103,103,103,103,103,103,103,103,103,103,103,103,103,103,103,103,103,103,103,103,103,091,104,104,104,104,104,104,104,104,104,104,104,104,104,104,104,104,104,104,104,104,104,104,104,104,104,104,104,104,091,105,105,105,105,105,105,105,105,105,105,105,105,105,105,105,105,105,105,105,105,105,105,105,105,105,105,105,105,105,091,106,106,106,106,106,106,106,106,106,106,106,106,106,106,106,106,106,106,106,106,106,106,106,106,106,106,106,106,091,107,107,107,107,107,107,107,107,107,107,107,107,107,107,107,107,107,107,107,107,107,107,107,107,107,107,107,107,091,108,108,108,108,108,108,108,108,108,108,108,108,108,108,108,108,108,108,108,108,108,108,108,108,108,108,108,108,108,109,091,109,109,109,109,109,109,109,109,109,109,109,109,109,109,109,109,109,109,109,109,109,109,109,109,109,109,109,091,110,110,110,110,110,110,110,110,110,110,110,110,110,110,110,110,110,110,110,110,110,110,110,110,110,110,110,109,091,184,208
002,101,091,102,102,102,102,102,102,102,102,102,102,102,102,102,102,102,102,102,102,102,102,102,102,102,102,102,102,102,091,103,103,103,103,103,103,103,103,103,103,103,103,103,103,103,103,103,103,103,103,103,103,103,103,103,103,103,103,091,104,104,104,104,104,104,104,104,104,104,104,104,104,104,104,104,104,104,104,104,104,104,104,104,104,104,104,104,104,091,105,105,105,105,105,105,105,105,105,105,105,105,105,105,105,105,105,105,105,105,105,105,105,105,105,105,105,105,091,106,106,106,106,106,106,106,106,106,106,106,106,106,106,106,106,106,106,106,106,106,106,106,106,106,106,106,106,091,107,107,107,107,107,107,107,107,107,107,107,107,107,107,107,107,107,107,107,107,107,107,107,107,107,107,107,107,091,108,108,108,108,108,108,108,108,108,108,108,108,108,108,108,108,108,108,108,108,108,108,108,108,108,108,108,108,108,091,109,109,109,109,109,109,109,109,109,109,109,109,109,109,109,109,109,109,109,109,109,109,109,109,109,109,109,109,109,091,110,110,110,110,110,110,110,110,110,110,110,110,110,110,110,110,110,110,110,110,110,110,110,110,110,110,110,110,091,111,111,111,111,111,111,111,111,111,111,111,111,111,111,111,111,111,111,111,111,111,111,111,111,111,111,111,111,091,112,112,112,112,112,112,112,112,112,112,112,112,112,112,112,112,112,112,112,112,112,112,112,112,112,112,112,112,112,091,113,113,113,113,113,113,113,113,113,113,113,113,113,113,113,113,113,113,113,113,113,113,113,113,113,113,113,113,091,114,114,114,114,114,114,114,114,114,114,114,114,114,114,114,114,114,114,114,114,114,114,114,114,114,114,114,114,091,115,115,115,115,115,115,115,115,115,115,115,115,115,115,115,115,115,115,115,115,115,115,115,115,115,115,115,115,115,116,091,116,116,116,116,116,116,116,116,116,116,116,116,116,116,116,116,116,116,116,116,116,116,116,116,116,116,116,091,117,117,117,117,117,117,117,117,117,117,117,117,117,117,117,117,117,117,117,117,117,117,117,117,117,117,117,118,091,005,000
145,091,091,091,091,091,091,091,091,091,091,091,091,091,091,091,091,091,091,091,091,091,091,091,091,091,091,091,091,091,091,091,091,091,091,091,091,091,091,091,091,091,091,091,091,091,091,091,091,091,091,091,091,091,091,091,091,091,091,091,091,091,091,091,091,091,091,091,091,091,091,091,091,091,091,091,091,091,091,091,091,091,091,091,091,091,091,091,091,091,091,091,091,091,091,091,091,091,091,091,091,091,091,091,091,091,091,091,091,091,091,091,091,091,091,091,091,091,091,091,091,091,091,091,091,091,091,091,091,091,091,091,091,091,091,091,091,091,091,091,091,091,091,091,091,091,091,091,091,091,091,091,091,091,091,091,091,091,091,091,091,091,091,091,091,091,091,091,091,091,091,091,091,091,091,091,091,091,091,091,091,091,091,091,091,091,091,091,091,091,091,091,091,091,091,091,091,091,091,091,091,091,091,091,091,091,091,091,091,091,091,091,091,091,091,091,091,091,091,091,091,091,091,091,091,091,091,091,091,091,091,091,091,091,091,091,091,091,091,091,091,091,091,091,091,091,091,091,091,091,091,091,091,091,091,091,091,091,091,091,091,091,091,091,091,091,091,091,091,091,091,091,091,091,091,091,091,091,091,091,091,091,091,091,091,091,091,091,091,091,091,091,091,091,091,091,091,091,091,091,091,091,091,091,091,091,091,091,091,091,091,091,091,091,091,091,091,091,091,091,091,091,091,091,091,091,091,091,091,091,091,091,091,091,091,091,091,091,091,091,091,091,091,091,091,091,091,091,091,091,091,091,091,091,091,091,091,091,091,091,091,091,091,091,091,091,091,091,091,091,091,091,091,091,091,091,091,091,091,091,091,091,091,091,091,091,091,091,091,091,091,091,091,091,091,091,091,091,091,091,091,091,091,091,091,091,091,091,091,091,091,091,091,091,091,091,091,091,091,091,091,091,091,091,091,091,091,091,091,091,091,091,091,091,091,091,091,091,091,091,091,091,091,091,091,091,091,091,091,091,091,091,091,091,091,091,091,091,091,091,091,091,091,091,091,091,091,091,091,091,091,091,091
239,108,091,112,112,112,112,112,112,112,112,112,112,112,112,112,112,112,112,112,112,112,112,112,112,112,112,112,112,112,091,113,113,113,113,113,113,113,113,113,113,113,113,113,113,113,113,113,113,113,113,113,113,113,113,113,113,113,113,091,114,114,114,114,114,114,114,114,114,114,114,114,114,114,114,114,114,114,114,114,114,114,114,114,114,114,114,114,114,091,115,115,115,115,115,115,115,115,115,115,115,115,115,115,115,115,115,115,115,115,115,115,115,115,115,115,115,115,091,116,116,116,116,116,116,116,116,116,116,116,116,116,116,116,116,116,116,116,116,116,116,116,116,116,116,116,116,091,117,117,117,117,117,117,117,117,117,117,117,117,117,117,117,117,117,117,117,117,117,117,117,117,117,117,117,117,091,118,118,118,118,118,118,118,118,118,118,118,118,118,118,118,118,118,118,118,118,118,118,118,118,118,118,118,118,118,091,119,119,119,119,119,119,119,119,119,119,119,119,119,119,119,119,119,119,119,119,119,119,119,119,119,119,119,119,119,091,120,120,120,120,120,120,120,120,120,120,120,120,120,120,120,120,120,120,120,120,120,120,120,120,120,120,120,120,091,121,121,121,121,121,121,121,121,121,121,121,121,121,121,121,121,121,121,121,121,121,121,121,121,121,121,121,121,091,122,122,122,122,122,122,122,122,122,122,122,122,122,122,122,122,122,122,122,122,122,122,122,122,122,122,122,122,122,091,123,123,123,123,123,123,123,123,123,123,123,123,123,123,123,123,123,123,123,123,123,123,123,123,123,123,123,123,091,124,124,124,124,124,124,124,124,124,124,124,124,124,124,124,124,124,124,124,124,124,124,124,124,124,124,124,124,091,125,125,125,125,125,125,125,125,125,125,125,125,125,125,125,125,125,125,125,125,125,125,125,125,125,125,125,125,125,126,091,126,126,126,126,126,126,126,126,126,126,126,126,126,126,126,126,126,126,126,126,126,126,126,126,126,126,126,091,127,127,127,127,127,127,127,127,127,127,127,127,127,127,127,127,127,127,127,127,127,127,127,127,127,127,127,126,091,242,255
226,106,091,112,112,112,112,112,112,112,112,112,112,112,112,112,112,112,112,112,112,112,112,112,112,112,112,112,112,112,091,113,113,113,113,113,113,113,113,113,113,113,113,113,113,113,113,113,113,113,113,113,113,113,113,113,113,113,113,091,114,114,114,114,114,114,114,114,114,114,114,114,114,114,114,114,114,114,114,114,114,114,114,114,114,114,114,114,114,091,115,115,115,115,115,115,115,115,115,115,115,115,115,115,115,115,115,115,115,115,115,115,115,115,115,115,115,115,091,116,116,116,116,116,116,116,116,116,116,116,116,116,116,116,116,116,116,116,116,116,116,116,116,116,116,116,116,091,117,117,117,117,117,117,117,117,117,117,117,117,117,117,117,117,117,117,117,117,117,117,117,117,117,117,117,117,091,118,118,118,118,118,118,118,118,118,118,118,118,118,118,118,118,118,118,118,118,118,118,118,118,118,118,118,118,118,091,119,119,119,119,119,119,119,119,119,119,119,119,119,119,119,119,119,119,119,119,119,119,119,119,119,119,119,119,119,091,120,120,120,120,120,120,120,120,120,120,120,120,120,120,120,120,120,120,120,120,120,120,120,120,120,120,120,120,091,121,121,121,121,121,121,121,121,121,121,121,121,121,121,121,121,121,121,121,121,121,121,121,121,121,121,121,121,091,122,122,122,122,122,122,122,122,122,122,122,122,122,122,122,122,122,122,122,122,122,122,122,122,122,122,122,122,122,091,123,123,123,123,123,123,123,123,123,123,123,123,123,123,123,123,123,123,123,123,123,123,123,123,123,123,123,123,091,124,124,124,124,124,124,124,124,124,124,124,124,124,124,124,124,124,124,124,124,124,124,124,124,124,124,124,124,091,125,125,125,125,125,125,125,125,125,125,125,125,125,125,125,125,125,125,125,125,125,125,125,125,125,125,125,125,125,126,091,126,126,126,126,126,126,126,126,126,126,126,126,126,126,126,126,126,126,126,126,126,126,126,126,126,126,126,091,127,127,127,127,127,127,127,127,127,127,127,127,127,127,127,127,127,127,127,127,127,127,127,127,127,127,127,126,091,229,255
227,106,091,112,112,112,112,112,112,112,112,112,112,112,112,112,112,112,112,112,112,112,112,112,112,112,112,112,112,112,091,113,113,113,113,113,113,113,113,113,113,113,113,113,113,113,113,113,113,113,113,113,113,113,113,113,113,113,113,091,114,114,114,114,114,114,114,114,114,114,114,114,114,114,114,114,114,114,114,114,114,114,114,114,114,114,114,114,114,091,115,115,115,115,115,115,115,115,115,115,115,115,115,115,115,115,115,115,115,115,115,115,115,115,115,115,115,115,091,116,116,116,116,116,116,116,116,116,116,116,116,116,116,116,116,116,116,116,116,116,116,116,116,116,116,116,116,091,117,117,117,117,117,117,117,117,117,117,117,117,117,117,117,117,117,117,117,117,117,117,117,117,117,117,117,117,091,118,118,118,118,118,118,118,118,118,118,118,118,118,118,118,118,118,118,118,118,118,118,118,118,118,118,118,118,118,091,119,119,119,119,119,119,119,119,119,119,119,119,119,119,119,119,119,119,119,119,119,119,119,119,119,119,119,119,119,091,120,120,120,120,120,120,120,120,120,120,120,120,120,120,120,120,120,120,120,120,120,120,120,120,120,120,120,120,091,121,121,121,121,121,121,121,121,121,121,121,121,121,121,121,121,121,121,121,121,121,121,121,121,121,121,121,121,091,122,122,122,122,122,122,122,122,122,122,122,122,122,122,122,122,122,122,122,122,122,122,122,122,122,122,122,122,122,091,123,123,123,123,123,123,123,123,123,123,123,123,123,123,123,123,123,123,123,123,123,123,123,123,123,123,123,123,091,124,124,124,124,124,124,124,124,124,124,124,124,124,124,124,124,124,124,124,124,124,124,124,124,124,124,124,124,091,125,125,125,125,125,125,125,125,125,125,125,125,125,125,125,125,125,125,125,125,125,125,125,125,125,125,125,125,125,126,091,126,126,126,126,126,126,126,126,126,126,126,126,126,126,126,126,126,126,126,126,126,126,126,126,126,126,126,091,127,127,127,127,127,127,127,127,127,127,127,127,127,127,127,127,127,127,127,127,127,127,127,127,127,127,127,126,091,230,255
227,106,091,112,112,112,112,112,112,112,112,112,112,112,112,112,112,112,112,112,112,112,112,112,112,112,112,112,112,112,091,113,113,113,113,113,113,113,113,113,113,113,113,113,113,113,113,113,113,113,113,113,113,113,113,113,113,113,113,091,114,114,114,114,114,114,114,114,114,114,114,114,114,114,114,114,114,114,114,114,114,114,114,114,114,114,114,114,114,091,115,115,115,115,115,115,115,115,115,115,115,115,115,115,115,115,115,115,115,115,115,115,115,115,115,115,115,115,091,116,116,116,116,116,116,116,116,116,116,116,116,116,116,116,116,116,116,116,116,116,116,116,116,116,116,116,116,091,117,117,117,117,117,117,117,117,117,117,117,117,117,117,117,117,117,117,117,117,117,117,117,117,117,117,117,117,091,118,118,118,118,118,118,118,118,118,118,118,118,118,118,118,118,118,118,118,118,118,118,118,118,118,118,118,118,118,091,119,119,119,119,119,119,119,119,119,119,119,119,119,119,119,119,119,119,119,119,119,119,119,119,119,119,119,119,119,091,120,120,120,120,120,120,120,120,120,120,120,120,120,120,120,120,120,120,120,120,120,120,120,120,120,120,120,120,091,121,121,121,121,121,121,121,121,121,121,121,121,121,121,121,121,121,121,121,121,121,121,121,121,121,121,121,121,091,122,122,122,122,122,122,122,122,122,122,122,122,122,122,122,122,122,122,122,122,122,122,122,122,122,122,122,122,122,091,123,123,123,123,123,123,123,123,123,123,123,123,123,123,123,123,123,123,123,123,123,123,123,123,123,123,123,123,091,124,124,124,124,124,124,124,124,124,124,124,124,124,124,124,124,124,124,124,124,124,124,124,124,124,124,124,124,091,125,125,125,125,125,125,125,125,125,125,125,125,125,125,125,125,125,125,125,125,125,125,125,125,125,125,125,125,125,126,091,126,126,126,126,126,126,126,126,126,126,126,126,126,126,126,126,126,126,126,126,126,126,126,126,126,126,126,091,127,127,127,127,127,127,127,127,127,127,127,127,127,127,127,127,127,127,127,127,127,127,127,127,127,127,127,126,091,230,255
227,106,091,112,112,112,112,112,112,112,112,112,112,112,112,112,112,112,112,112,112,112,112,112,112,112,112,112,112,112,091,113,113,113,113,113,113,113,113,113,113,113,113,113,113,113,113,113,113,113,113,113,113,113,113,113,113,113,113,091,114,114,114,114,114,114,114,114,114,114,114,114,114,114,114,114,114,114,114,114,114,114,114,114,114,114,114,114,114,091,115,115,115,115,115,115,115,115,115,115,115,115,115,115,115,115,115,115,115,115,115,115,115,115,115,115,115,115,091,116,116,116,116,116,116,116,116,116,116,116,116,116,116,116,116,116,116,116,116,116,116,116,116,116,116,116,116,091,117,117,117,117,117,117,117,117,117,117,117,117,117,117,117,117,117,117,117,117,117,117,117,117,117,117,117,117,091,118,118,118,118,118,118,118,118,118,118,118,118,118,118,118,118,118,118,118,118,118,118,118,118,118,118,118,118,118,091,119,119,119,119,119,119,119,119,119,119,119,119,119,119,119,119,119,119,119,119,119,119,119,119,119,119,119,119,119,091,120,120,120,120,120,120,120,120,120,120,120,120,120,120,120,120,120,120,120,120,120,120,120,120,120,120,120,120,091,121,121,121,121,121,121,121,121,121,121,121,121,121,121,121,121,121,121,121,121,121,121,121,121,121,121,121,121,091,122,122,122,122,122,122,122,122,122,122,122,122,122,122,122,122,122,122,122,122,122,122,122,122,122,122,122,122,122,091,123,123,123,123,123,123,123,123,123,123,123,123,123,123,123,123,123,123,123,123,123,123,123,123,123,123,123,123,091,124,124,124,124,124,124,124,124,124,124,124,124,124,124,124,124,124,124,124,124,124,124,124,124,124,124,124,124,091,125,125,125,125,125,125,125,125,125,125,125,125,125,125,125,125,125,125,125,125,125,125,125,125,125,125,125,125,125,126,091,126,126,126,126,126,126,126,126,126,126,126,126,126,126,126,126,126,126,126,126,126,126,126,126,126,126,126,091,127,127,127,127,127,127,127,127,127,127,127,127,127,127,127,127,127,127,127,127,127,127,127,127,127,127,127,126,091,230,255
227,106,091,112,112,112,112,112,112,112,112,112,112,112,112,112,112,112,112,112,112,112,112,112,112,112,112,112,112,112,091,113,113,113,113,113,113,113,113,113,113,113,113,113,113,113,113,113,113,113,113,113,113,113,113,113,113,113,113,091,114,114,114,114,114,114,114,114,114,114,114,114,114,114,114,114,114,114,114,114,114,114,114,114,114,114,114,114,114,091,115,115,115,115,115,115,115,115,115,115,115,115,115,115,115,115,115,115,115,115,115,115,115,115,115,115,115,115,091,116,116,116,116,116,116,116,116,116,116,116,116,116,116,116,116,116,116,116,116,116,116,116,116,116,116,116,116,091,117,117,117,117,117,117,117,117,117,117,117,117,117,117,117,117,117,117,117,117,117,117,117,117,117,117,117,117,091,118,118,118,118,118,118,118,118,118,118,118,118,118,118,118,118,118,118,118,118,118,118,118,118,118,118,118,118,118,091,119,119,119,119,119,119,119,119,119,119,119,119,119,119,119,119,119,119,119,119,119,119,119,119,119,119,119,119,119,091,120,120,120,120,120,120,120,120,120,120,120,120,120,120,120,120,120,120,120,120,120,120,120,120,120,120,120,120,091,121,121,121,121,121,121,121,121,121,121,121,121,121,121,121,121,121,121,121,121,121,121,121,121,121,121,121,121,091,122,122,122,122,122,122,122,122,122,122,122,122,122,122,122,122,122,122,122,122,122,122,122,122,122,122,122,122,122,091,123,123,123,123,123,123,123,123,123,123,123,123,123,123,123,123,123,123,123,123,123,123,123,123,123,123,123,123,091,124,124,124,124,124,124,124,124,124,124,124,124,124,124,124,124,124,124,124,124,124,124,124,124,124,124,124,124,091,125,125,125,125,125,125,125,125,125,125,125,125,125,125,125,125,125,125,125,125,125,125,125,125,125,125,125,125,125,126,091,126,126,126,126,126,126,126,126,126,126,126,126,126,126,126,126,126,126,126,126,126,126,126,126,126,126,126,091,127,127,127,127,127,127,127,127,127,127,127,127,127,127,127,127,127,127,127,127,127,127,127,127,127,127,127,126,091,230,255
227,106,091,112,112,112,112,112,112,112,112,112,112,112,112,112,112,112,112,112,112,112,112,112,112,112,112,112,112,112,091,113,113,113,113,113,113,113,113,113,113,113,113,113,113,113,113,113,113,113,113,113,113,113,113,113,113,113,113,091,114,114,114,114,114,114,114,114,114,114,114,114,114,114,114,114,114,114,114,114,114,114,114,114,114,114,114,114,114,091,115,115,115,115,115,115,115,115,115,115,115,115,115,115,115,115,115,115,115,115,115,115,115,115,115,115,115,115,091,116,116,116,116,116,116,116,116,116,116,116,116,116,116,116,116,116,116,116,116,116,116,116,116,116,116,116,116,091,117,117,117,117,117,117,117,117,117,117,117,117,117,117,117,117,117,117,117,117,117,117,117,117,117,117,117,117,091,118,118,118,118,118,118,118,118,118,118,118,118,118,118,118,118,118,118,118,118,118,118,118,118,118,118,118,118,118,091,119,119,119,119,119,119,119,119,119,119,119,119,119,119,119,119,119,119,119,119,119,119,119,119,119,119,119,119,119,091,120,120,120,120,120,120,120,120,120,120,120,120,120,120,120,120,120,120,120,120,120,120,120,120,120,120,120,120,091,121,121,121,121,121,121,121,121,121,121,121,121,121,121,121,121,121,121,121,121,121,121,121,121,121,121,121,121,091,122,122,122,122,122,122,122,122,122,122,122,122,122,122,122,122,122,122,122,122,122,122,122,122,122,122,122,122,122,091,123,123,123,123,123,123,123,123,123,123,123,123,123,123,123,123,123,123,123,123,123,123,123,123,123,123,123,123,091,124,124,124,124,124,124,124,124,124,124,124,124,124,124,124,124,124,124,124,124,124,124,124,124,124,124,124,124,091,125,125,125,125,125,125,125,125,125,125,125,125,125,125,125,125,125,125,125,125,125,125,125,125,125,125,125,125,125,126,091,126,126,126,126,126,126,126,126,126,126,126,126,126,126,126,126,126,126,126,126,126,126,126,126,126,126,126,091,127,127,127,127,127,127,127,127,127,127,127,127,127,127,127,127,127,127,127,127,127,127,127,127,127,127,127,126,091,230,255
227,106,091,112,112,112,112,112,112,112,112,112,112,112,112,112,112,112,112,112,112,112,112,112,112,112,112,112,112,112,091,113,113,113,113,113,113,113,113,113,113,113,113,113,113,113,113,113,113,113,113,113,113,113,113,113,113,113,113,091,114,114,114,114,114,114,114,114,114,114,114,114,114,114,114,114,114,114,114,114,114,114,114,114,114,114,114,114,114,091,115,115,115,115,115,115,115,115,115,115,115,115,115,115,115,115,115,115,115,115,115,115,115,115,115,115,115,115,091,116,116,116,116,116,116,116,116,116,116,116,116,116,116,116,116,116,116,116,116,116,116,116,116,116,116,116,116,091,117,117,117,117,117,117,117,117,117,117,117,117,117,117,117,117,117,117,117,117,117,117,117,117,117,117,117,117,091,118,118,118,118,118,118,118,118,118,118,118,118,118,118,118,118,118,118,118,118,118,118,118,118,118,118,118,118,118,091,119,119,119,119,119,119,119,119,119,119,119,119,119,119,119,119,119,119,119,119,119,119,119,119,119,119,119,119,119,091,120,120,120,120,120,120,120,120,120,120,120,120,120,120,120,120,120,120,120,120,120,120,120,120,120,120,120,120,091,121,121,121,121,121,121,121,121,121,121,121,121,121,121,121,121,121,121,121,121,121,121,121,121,121,121,121,121,091,122,122,122,122,122,122,122,122,122,122,122,122,122,122,122,122,122,122,122,122,122,122,122,122,122,122,122,122,122,091,123,123,123,123,123,123,123,123,123,123,123,123,123,123,123,123,123,123,123,123,123,123,123,123,123,123,123,123,091,124,124,124,124,124,124,124,124,124,124,124,124,124,124,124,124,124,124,124,124,124,124,124,124,124,124,124,124,091,125,125,125,125,125,125,125,125,125,125,125,125,125,125,125,125,125,125,125,125,125,125,125,125,125,125,125,125,125,126,091,126,126,126,126,126,126,126,126,126,126,126,126,126,126,126,126,126,126,126,126,126,126,126,126,126,126,126,091,127,127,127,127,127,127,127,127,127,127,127,127,127,127,127,127,127,127,127,127,127,127,127,127,127,127,127,126,091,230,255
227,106,091,112,112,112,112,112,112,112,112,112,112,112,112,112,112,112,112,112,112,112,112,112,112,112,112,112,112,112,091,113,113,113,113,113,113,113,113,113,113,113,113,113,113,113,113,113,113,113,113,113,113,113,113,113,113,113,113,091,114,114,114,114,114,114,114,114,114,114,114,114,114,114,114,114,114,114,114,114,114,114,114,114,114,114,114,114,114,091,115,115,115,115,115,115,115,115,115,115,115,115,115,115,115,115,115,115,115,115,115,115,115,115,115,115,115,115,091,116,116,116,116,116,116,116,116,116,116,116,116,116,116,116,116,116,116,116,116,116,116,116,116,116,116,116,116,091,117,117,117,117,117,117,117,117,117,117,117,117,117,117,117,117,117,117,117,117,117,117,117,117,117,117,117,117,091,118,118,118,118,118,118,118,118,118,118,118,118,118,118,118,118,118,118,118,118,118,118,118,118,118,118,118,118,118,091,119,119,119,119,119,119,119,119,119,119,119,119,119,119,119,119,119,119,119,119,119,119,119,119,119,119,119,119,119,091,120,120,120,120,120,120,120,120,120,120,120,120,120,120,120,120,120,120,120,120,120,120,120,120,120,120,120,120,091,121,121,121,121,121,121,121,121,121,121,121,121,121,121,121,121,121,121,121,121,121,121,121,121,121,121,121,121,091,122,122,122,122,122,122,122,122,122,122,122,122,122,122,122,122,122,122,122,122,122,122,122,122,122,122,122,122,122,091,123,123,123,123,123,123,123,123,123,123,123,123,123,123,123,123,123,123,123,123,123,123,123,123,123,123,123,123,091,124,124,124,124,124,124,124,124,124,124,124,124,124,124,124,124,124,124,124,124,124,124,124,124,124,124,124,124,091,125,125,125,125,125,125,125,125,125,125,125,125,125,125,125,125,125,125,125,125,125,125,125,125,125,125,125,125,125,126,091,126,126,126,126,126,126,126,126,126,126,126,126,126,126,126,126,126,126,126,126,126,126,126,126,126,126,126,091,127,127,127,127,127,127,127,127,127,127,127,127,127,127,127,127,127,127,127,127,127,127,127,127,127,127,127,126,091,230,255
227,106,091,112,112,112,112,112,112,112,112,112,112,112,112,112,112,112,112,112,112,112,112,112,112,112,112,112,112,112,091,113,113,113,113,113,113,113,113,113,113,113,113,113,113,113,113,113,113,113,113,113,113,113,113,113,113,113,113,091,114,114,114,114,114,114,114,114,114,114,114,114,114,114,114,114,114,114,114,114,114,114,114,114,114,114,114,114,114,091,115,115,115,115,115,115,115,115,115,115,115,115,115,115,115,115,115,115,115,115,115,115,115,115,115,115,115,115,091,116,116,116,116,116,116,116,116,116,116,116,116,116,116,116,116,116,116,116,116,116,116,116,116,116,116,116,116,091,117,117,117,117,117,117,117,117,117,117,117,117,117,117,117,117,117,117,117,117,117,117,117,117,117,117,117,117,091,118,118,118,118,118,118,118,118,118,118,118,118,118,118,118,118,118,118,118,118,118,118,118,118,118,118,118,118,118,091,119,119,119,119,119,119,119,119,119,119,119,119,119,119,119,119,119,119,119,119,119,119,119,119,119,119,119,119,119,091,120,120,120,120,120,120,120,120,120,120,120,120,120,120,120,120,120,120,120,120,120,120,120,120,120,120,120,120,091,121,121,121,121,121,121,121,121,121,121,121,121,121,121,121,121,121,121,121,121,121,121,121,121,121,121,121,121,091,122,122,122,122,122,122,122,122,122,122,122,122,122,122,122,122,122,122,122,122,122,122,122,122,122,122,122,122,122,091,123,123,123,123,123,123,123,123,123,123,123,123,123,123,123,123,123,123,123,123,123,123,123,123,123,123,123,123,091,124,124,124,124,124,124,124,124,124,124,124,124,124,124,124,124,124,124,124,124,124,124,124,124,124,124,124,124,091,125,125,125,125,125,125,125,125,125,125,125,125,125,125,125,125,125,125,125,125,125,125,125,125,125,125,125,125,125,126,091,126,126,126,126,126,126,126,126,126,126,126,126,126,126,126,126,126,126,126,126,126,126,126,126,126,126,126,091,127,127,127,127,127,127,127,127,127,127,127,127,127,127,127,127,127,127,127,127,127,127,127,127,127,127,127,126,091,230,255
227,106,091,112,112,112,112,112,112,112,112,112,112,112,112,112,112,112,112,112,112,112,112,112,112,112,112,112,112,112,091,113,113,113,113,113,113,113,113,113,113,113,113,113,113,113,113,113,113,113,113,113,113,113,113,113,113,113,113,091,114,114,114,114,114,114,114,114,114,114,114,114,114,114,114,114,114,114,114,114,114,114,114,114,114,114,114,114,114,091,115,115,115,115,115,115,115,115,115,115,115,115,115,115,115,115,115,115,115,115,115,115,115,115,115,115,115,115,091,116,116,116,116,116,116,116,116,116,116,116,116,116,116,116,116,116,116,116,116,116,116,116,116,116,116,116,116,091,117,117,117,117,117,117,117,117,117,117,117,117,117,117,117,117,117,117,117,117,117,117,117,117,117,117,117,117,091,118,118,118,118,118,118,118,118,118,118,118,118,118,118,118,118,118,118,118,118,118,118,118,118,118,118,118,118,118,091,119,119,119,119,119,119,119,119,119,119,119,119,119,119,119,119,119,119,119,119,119,119,119,119,119,119,119,119,119,091,120,120,120,120,120,120,120,120,120,120,120,120,120,120,120,120,120,120,120,120,120,120,120,120,120,120,120,120,091,121,121,121,121,121,121,121,121,121,121,121,121,121,121,121,121,121,121,121,121,121,121,121,121,121,121,121,121,091,122,122,122,122,122,122,122,122,122,122,122,122,122,122,122,122,122,122,122,122,122,122,122,122,122,122,122,122,122,091,123,123,123,123,123,123,123,123,123,123,123,123,123,123,123,123,123,123,123,123,123,123,123,123,123,123,123,123,091,124,124,124,124,124,124,124,124,124,124,124,124,124,124,124,124,124,124,124,124,124,124,124,124,124,124,124,124,091,125,125,125,125,125,125,125,125,125,125,125,125,125,125,125,125,125,125,125,125,125,125,125,125,125,125,125,125,125,126,091,126,126,126,126,126,126,126,126,126,126,126,126,126,126,126,126,126,126,126,126,126,126,126,126,126,126,126,091,127,127,127,127,127,127,127,127,127,127,127,127,127,127,127,127,127,127,127,127,127,127,127,127,127,127,127,126,091,230,255
227,106,091,112,112,112,112,112,112,112,112,112,112,112,112,112,112,112,112,112,112,112,112,112,112,112,112,112,112,112,091,113,113,113,113,113,113,113,113,113,113,113,113,113,113,113,113,113,113,113,113,113,113,113,113,113,113,113,113,091,114,114,114,114,114,114,114,114,114,114,114,114,114,114,114,114,114,114,114,114,114,114,114,114,114,114,114,114,114,091,115,115,115,115,115,115,115,115,115,115,115,115,115,115,115,115,115,115,115,115,115,115,115,115,115,115,115,115,091,116,116,116,116,116,116,116,116,116,116,116,116,116,116,116,116,116,116,116,116,116,116,116,116,116,116,116,116,091,117,117,117,117,117,117,117,117,117,117,117,117,117,117,117,117,117,117,117,117,117,117,117,117,117,117,117,117,091,118,118,118,118,118,118,118,118,118,118,118,118,118,118,118,118,118,118,118,118,118,118,118,118,118,118,118,118,118,091,119,119,119,119,119,119,119,119,119,119,119,119,119,119,119,119,119,119,119,119,119,119,119,119,119,119,119,119,119,091,120,120,120,120,120,120,120,120,120,120,120,120,120,120,120,120,120,120,120,120,120,120,120,120,120,120,120,120,091,121,121,121,121,121,121,121,121,121,121,121,121,121,121,121,121,121,121,121,121,121,121,121,121,121,121,121,121,091,122,122,122,122,122,122,122,122,122,122,122,122,122,122,122,122,122,122,122,122,122,122,122,122,122,122,122,122,122,091,123,123,123,123,123,123,123,123,123,123,123,123,123,123,123,123,123,123,123,123,123,123,123,123,123,123,123,123,091,124,124,124,124,124,124,124,124,124,124,124,124,124,124,124,124,124,124,124,124,124,124,124,124,124,124,124,124,091,125,125,125,125,125,125,125,125,125,125,125,125,125,125,125,125,125,125,125,125,125,125,125,125,125,125,125,125,125,126,091,126,126,126,126,126,126,126,126,126,126,126,126,126,126,126,126,126,126,126,126,126,126,126,126,126,126,126,091,127,127,127,127,127,127,127,127,127,127,127,127,127,127,127,127,127,127,127,127,127,127,127,127,127,127,127,126,091,230,255
227,106,091,112,112,112,112,112,112,112,112,112,112,112,112,112,112,112,112,112,112,112,112,112,112,112,112,112,112,112,091,113,113,113,113,113,113,113,113,113,113,113,113,113,113,113,113,113,113,113,113,113,113,113,113,113,113,113,113,091,114,114,114,114,114,114,114,114,114,114,114,114,114,114,114,114,114,114,114,114,114,114,114,114,114,114,114,114,114,091,115,115,115,115,115,115,115,115,115,115,115,115,115,115,115,115,115,115,115,115,115,115,115,115,115,115,115,115,091,116,116,116,116,116,116,116,116,116,116,116,116,116,116,116,116,116,116,116,116,116,116,116,116,116,116,116,116,091,117,117,117,117,117,117,117,117,117,117,117,117,117,117,117,117,117,117,117,117,117,117,117,117,117,117,117,117,091,118,118,118,118,118,118,118,118,118,118,118,118,118,118,118,118,118,118,118,118,118,118,118,118,118,118,118,118,118,091,119,119,119,119,119,119,119,119,119,119,119,119,119,119,119,119,119,119,119,119,119,119,119,119,119,119,119,119,119,091,120,120,120,120,120,120,120,120,120,120,120,120,120,120,120,120,120,120,120,120,120,120,120,120,120,120,120,120,091,121,121,121,121,121,121,121,121,121,121,121,121,121,121,121,121,121,121,121,121,121,121,121,121,121,121,121,121,091,122,122,122,122,122,122,122,122,122,122,122,122,122,122,122,122,122,122,122,122,122,122,122,122,122,122,122,122,122,091,123,123,123,123,123,123,123,123,123,123,123,123,123,123,123,123,123,123,123,123,123,123,123,123,123,123,123,123,091,124,124,124,124,124,124,124,124,124,124,124,124,124,124,124,124,124,124,124,124,124,124,124,124,124,124,124,124,091,125,125,125,125,125,125,125,125,125,125,125,125,125,125,125,125,125,125,125,125,125,125,125,125,125,125,125,125,125,126,091,126,126,126,126,126,126,126,126,126,126,126,126,126,126,126,126,126,126,126,126,126,126,126,126,126,126,126,091,127,127,127,127,127,127,127,127,127,127,127,127,127,127,127,127,127,127,127,127,127,127,127,127,127,127,127,126,091,230,255
227,106,091,112,112,112,112,112,112,112,112,112,112,112,112,112,112,112,112,112,112,112,112,112,112,112,112,112,112,112,091,113,113,113,113,113,113,113,113,113,113,113,113,113,113,113,113,113,113,113,113,113,113,113,113,113,113,113,113,091,114,114,114,114,114,114,114,114,114,114,114,114,114,114,114,114,114,114,114,114,114,114,114,114,114,114,114,114,114,091,115,115,115,115,115,115,115,115,115,115,115,115,115,115,115,115,115,115,115,115,115,115,115,115,115,115,115,115,091,116,116,116,116,116,116,116,116,116,116,116,116,116,116,116,116,116,116,116,116,116,116,116,116,116,116,116,116,091,117,117,117,117,117,117,117,117,117,117,117,117,117,117,117,117,117,117,117,117,117,117,117,117,117,117,117,117,091,118,118,118,118,118,118,118,118,118,118,118,118,118,118,118,118,118,118,118,118,118,118,118,118,118,118,118,118,118,091,119,119,119,119,119,119,119,119,119,119,119,119,119,119,119,119,119,119,119,119,119,119,119,119,119,119,119,119,119,091,120,120,120,120,120,120,120,120,120,120,120,120,120,120,120,120,120,120,120,120,120,120,120,120,120,120,120,120,091,121,121,121,121,121,121,121,121,121,121,121,121,121,121,121,121,121,121,121,121,121,121,121,121,121,121,121,121,091,122,122,122,122,122,122,122,122,122,122,122,122,122,122,122,122,122,122,122,122,122,122,122,122,122,122,122,122,122,091,123,123,123,123,123,123,123,123,123,123,123,123,123,123,123,123,123,123,123,123,123,123,123,123,123,123,123,123,091,124,124,124,124,124,124,124,124,124,124,124,124,124,124,124,124,124,124,124,124,124,124,124,124,124,124,124,124,091,125,125,125,125,125,125,125,125,125,125,125,125,125,125,125,125,125,125,125,125,125,125,125,125,125,125,125,125,125,126,091,126,126,126,126,126,126,126,126,126,126,126,126,126,126,126,126,126,126,126,126,126,126,126,126,126,126,126,091,127,127,127,127,127,127,127,127,127,127,127,127,127,127,127,127,127,127,127,127,127,127,127,127,127,127,127,126,091,230,255
227,106,091,112,112,112,112,112,112,112,112,112,112,112,112,112,112,112,112,112,112,112,112,112,112,112,112,112,112,112,091,113,113,113,113,113,113,113,113,113,113,113,113,113,113,113,113,113,113,113,113,113,113,113,113,113,113,113,113,091,114,114,114,114,114,114,114,114,114,114,114,114,114,114,114,114,114,114,114,114,114,114,114,114,114,114,114,114,114,091,115,115,115,115,115,115,115,115,115,115,115,115,115,115,115,115,115,115,115,115,115,115,115,115,115,115,115,115,091,116,116,116,116,116,116,116,116,116,116,116,116,116,116,116,116,116,116,116,116,116,116,116,116,116,116,116,116,091,117,117,117,117,117,117,117,117,117,117,117,117,117,117,117,117,117,117,117,117,117,117,117,117,117,117,117,117,091,118,118,118,118,118,118,118,118,118,118,118,118,118,118,118,118,118,118,118,118,118,118,118,118,118,118,118,118,118,091,119,119,119,119,119,119,119,119,119,119,119,119,119,119,119,119,119,119,119,119,119,119,119,119,119,119,119,119,119,091,120,120,120,120,120,120,120,120,120,120,120,120,120,120,120,120,120,120,120,120,120,120,120,120,120,120,120,120,091,121,121,121,121,121,121,121,121,121,121,121,121,121,121,121,121,121,121,121,121,121,121,121,121,121,121,121,121,091,122,122,122,122,122,122,122,122,122,122,122,122,122,122,122,122,122,122,122,122,122,122,122,122,122,122,122,122,122,091,123,123,123,123,123,123,123,123,123,123,123,123,123,123,123,123,123,123,123,123,123,123,123,123,123,123,123,123,091,124,124,124,124,124,124,124,124,124,124,124,124,124,124,124,124,124,124,124,124,124,124,124,124,124,124,124,124,091,125,125,125,125,125,125,125,125,125,125,125,125,125,125,125,125,125,125,125,125,125,125,125,125,125,125,125,125,125,126,091,126,126,126,126,126,126,126,126,126,126,126,126,126,126,126,126,126,126,126,126,126,126,126,126,126,126,126,091,127,127,127,127,127,127,127,127,127,127,127,127,127,127,127,127,127,127,127,127,127,127,127,127,127,127,127,126,091,230,255
227,106,091,112,112,112,112,112,112,112,112,112,112,112,112,112,112,112,112,112,112,112,112,112,112,112,112,112,112,112,091,113,113,113,113,113,113,113,113,113,113,113,113,113,113,113,113,113,113,113,113,113,113,113,113,113,113,113,113,091,114,114,114,114,114,114,114,114,114,114,114,114,114,114,114,114,114,114,114,114,114,114,114,114,114,114,114,114,114,091,115,115,115,115,115,115,115,115,115,115,115,115,115,115,115,115,115,115,115,115,115,115,115,115,115,115,115,115,091,116,116,116,116,116,116,116,116,116,116,116,116,116,116,116,116,116,116,116,116,116,116,116,116,116,116,116,116,091,117,117,117,117,117,117,117,117,117,117,117,117,117,117,117,117,117,117,117,117,117,117,117,117,117,117,117,117,091,118,118,118,118,118,118,118,118,118,118,118,118,118,118,118,118,118,118,118,118,118,118,118,118,118,118,118,118,118,091,119,119,119,119,119,119,119,119,119,119,119,119,119,119,119,119,119,119,119,119,119,119,119,119,119,119,119,119,119,091,120,120,120,120,120,120,120,120,120,120,120,120,120,120,120,120,120,120,120,120,120,120,120,120,120,120,120,120,091,121,121,121,121,121,121,121,121,121,121,121,121,121,121,121,121,121,121,121,121,121,121,121,121,121,121,121,121,091,122,122,122,122,122,122,122,122,122,122,122,122,122,122,122,122,122,122,122,122,122,122,122,122,122,122,122,122,122,091,123,123,123,123,123,123,123,123,123,123,123,123,123,123,123,123,123,123,123,123,123,123,123,123,123,123,123,123,091,124,124,124,124,124,124,124,124,124,124,124,124,124,124,124,124,124,124,124,124,124,124,124,124,124,124,124,124,091,125,125,125,125,125,125,125,125,125,125,125,125,125,125,125,125,125,125,125,125,125,125,125,125,125,125,125,125,125,126,091,126,126,126,126,126,126,126,126,126,126,126,126,126,126,126,126,126,126,126,126,126,126,126,126,126,126,126,091,127,127,127,127,127,127,127,127,127,127,127,127,127,127,127,127,127,127,127,127,127,127,127,127,127,127,127,126,091,230,255
227,106,091,112,112,112,112,112,112,112,112,112,112,112,112,112,112,112,112,112,112,112,112,112,112,112,112,112,112,112,091,113,113,113,113,113,113,113,113,113,113,113,113,113,113,113,113,113,113,113,113,113,113,113,113,113,113,113,113,091,114,114,114,114,114,114,114,114,114,114,114,114,114,114,114,114,114,114,114,114,114,114,114,114,114,114,114,114,114,091,115,115,115,115,115,115,115,115,115,115,115,115,115,115,115,115,115,115,115,115,115,115,115,115,115,115,115,115,091,116,116,116,116,116,116,116,116,116,116,116,116,116,116,116,116,116,116,116,116,116,116,116,116,116,116,116,116,091,117,117,117,117,117,117,117,117,117,117,117,117,117,117,117,117,117,117,117,117,117,117,117,117,117,117,117,117,091,118,118,118,118,118,118,118,118,118,118,118,118,118,118,118,118,118,118,118,118,118,118,118,118,118,118,118,118,118,091,119,119,119,119,119,119,119,119,119,119,119,119,119,119,119,119,119,119,119,119,119,119,119,119,119,119,119,119,119,091,120,120,120,120,120,120,120,120,120,120,120,120,120,120,120,120,120,120,120,120,120,120,120,120,120,120,120,120,091,121,121,121,121,121,121,121,121,121,121,121,121,121,121,121,121,121,121,121,121,121,121,121,121,121,121,121,121,091,122,122,122,122,122,122,122,122,122,122,122,122,122,122,122,122,122,122,122,122,122,122,122,122,122,122,122,122,122,091,123,123,123,123,123,123,123,123,123,123,123,123,123,123,123,123,123,123,123,123,123,123,123,123,123,123,123,123,091,124,124,124,124,124,124,124,124,124,124,124,124,124,124,124,124,124,124,124,124,124,124,124,124,124,124,124,124,091,125,125,125,125,125,125,125,125,125,125,125,125,125,125,125,125,125,125,125,125,125,125,125,125,125,125,125,125,125,126,091,126,126,126,126,126,126,126,126,126,126,126,126,126,126,126,126,126,126,126,126,126,126,126,126,126,126,126,091,127,127,127,127,127,127,127,127,127,127,127,127,127,127,127,127,127,127,127,127,127,127,127,127,127,127,127,126,091,230,255
227,106,091,112,112,112,112,112,112,112,112,112,112,112,112,112,112,112,112,112,112,112,112,112,112,112,112,112,112,112,091,113,113,113,113,113,113,113,113,113,113,113,113,113,113,113,113,113,113,113,113,113,113,113,113,113,113,113,113,091,114,114,114,114,114,114,114,114,114,114,114,114,114,114,114,114,114,114,114,114,114,114,114,114,114,114,114,114,114,091,115,115,115,115,115,115,115,115,115,115,115,115,115,115,115,115,115,115,115,115,115,115,115,115,115,115,115,115,091,116,116,116,116,116,116,116,116,116,116,116,116,116,116,116,116,116,116,116,116,116,116,116,116,116,116,116,116,091,117,117,117,117,117,117,117,117,117,117,117,117,117,117,117,117,117,117,117,117,117,117,117,117,117,117,117,117,091,118,118,118,118,118,118,118,118,118,118,118,118,118,118,118,118,118,118,118,118,118,118,118,118,118,118,118,118,118,091,119,119,119,119,119,119,119,119,119,119,119,119,119,119,119,119,119,119,119,119,119,119,119,119,119,119,119,119,119,091,120,120,120,120,120,120,120,120,120,120,120,120,120,120,120,120,120,120,120,120,120,120,120,120,120,120,120,120,091,121,121,121,121,121,121,121,121,121,121,121,121,121,121,121,121,121,121,121,121,121,121,121,121,121,121,121,121,091,122,122,122,122,122,122,122,122,122,122,122,122,122,122,122,122,122,122,122,122,122,122,122,122,122,122,122,122,122,091,123,123,123,123,123,123,123,123,123,123,123,123,123,123,123,123,123,123,123,123,123,123,123,123,123,123,123,123,091,124,124,124,124,124,124,124,124,124,124,124,124,124,124,124,124,124,124,124,124,124,124,124,124,124,124,124,124,091,125,125,125,125,125,125,125,125,125,125,125,125,125,125,125,125,125,125,125,125,125,125,125,125,125,125,125,125,125,126,091,126,126,126,126,126,126,126,126,126,126,126,126,126,126,126,126,126,126,126,126,126,126,126,126,126,126,126,091,127,127,127,127,127,127,127,127,127,127,127,127,127,127,127,127,127,127,127,127,127,127,127,127,127,127,127,126,091,230,255
227,106,091,112,112,112,112,112,112,112,112,112,112,112,112,112,112,112,112,112,112,112,112,112,112,112,112,112,112,112,091,113,113,113,113,113,113,113,113,113,113,113,113,113,113,113,113,113,113,113,113,113,113,113,113,113,113,113,113,091,114,114,114,114,114,114,114,114,114,114,114,114,114,114,114,114,114,114,114,114,114,114,114,114,114,114,114,114,114,091,115,115,115,115,115,115,115,115,115,115,115,115,115,115,115,115,115,115,115,115,115,115,115,115,115,115,115,115,091,116,116,116,116,116,116,116,116,116,116,116,116,116,116,116,116,116,116,116,116,116,116,116,116,116,116,116,116,091,117,117,117,117,117,117,117,117,117,117,117,117,117,117,117,117,117,117,117,117,117,117,117,117,117,117,117,117,091,118,118,118,118,118,118,118,118,118,118,118,118,118,118,118,118,118,118,118,118,118,118,118,118,118,118,118,118,118,091,119,119,119,119,119,119,119,119,119,119,119,119,119,119,119,119,119,119,119,119,119,119,119,119,119,119,119,119,119,091,120,120,120,120,120,120,120,120,120,120,120,120,120,120,120,120,120,120,120,120,120,120,120,120,120,120,120,120,091,121,121,121,121,121,121,121,121,121,121,121,121,121,121,121,121,121,121,121,121,121,121,121,121,121,121,121,121,091,122,122,122,122,122,122,122,122,122,122,122,122,122,122,122,122,122,122,122,122,122,122,122,122,122,122,122,122,122,091,123,123,123,123,123,123,123,123,123,123,123,123,123,123,123,123,123,123,123,123,123,123,123,123,123,123,123,123,091,124,124,124,124,124,124,124,124,124,124,124,124,124,124,124,124,124,124,124,124,124,124,124,124,124,124,124,124,091,125,125,125,125,125,125,125,125,125,125,125,125,125,125,125,125,125,125,125,125,125,125,125,125,125,125,125,125,125,126,091,126,126,126,126,126,126,126,126,126,126,126,126,126,126,126,126,126,126,126,126,126,126,126,126,126,126,126,091,127,127,127,127,127,127,127,127,127,127,127,127,127,127,127,127,127,127,127,127,127,127,127,127,127,127,127,126,091,230,255
227,106,091,112,112,112,112,112,112,112,112,112,112,112,112,112,112,112,112,112,112,112,112,112,112,112,112,112,112,112,091,113,113,113,113,113,113,113,113,113,113,113,113,113,113,113,113,113,113,113,113,113,113,113,113,113,113,113,113,091,114,114,114,114,114,114,114,114,114,114,114,114,114,114,114,114,114,114,114,114,114,114,114,114,114,114,114,114,114,091,115,115,115,115,115,115,115,115,115,115,115,115,115,115,115,115,115,115,115,115,115,115,115,115,115,115,115,115,091,116,116,116,116,116,116,116,116,116,116,116,116,116,116,116,116,116,116,116,116,116,116,116,116,116,116,116,116,091,117,117,117,117,117,117,117,117,117,117,117,117,117,117,117,117,117,117,117,117,117,117,117,117,117,117,117,117,091,118,118,118,118,118,118,118,118,118,118,118,118,118,118,118,118,118,118,118,118,118,118,118,118,118,118,118,118,118,091,119,119,119,119,119,119,119,119,119,119,119,119,119,119,119,119,119,119,119,119,119,119,119,119,119,119,119,119,119,091,120,120,120,120,120,120,120,120,120,120,120,120,120,120,120,120,120,120,120,120,120,120,120,120,120,120,120,120,091,121,121,121,121,121,121,121,121,121,121,121,121,121,121,121,121,121,121,121,121,121,121,121,121,121,121,121,121,091,122,122,122,122,122,122,122,122,122,122,122,122,122,122,122,122,122,122,122,122,122,122,122,122,122,122,122,122,122,091,123,123,123,123,123,123,123,123,123,123,123,123,123,123,123,123,123,123,123,123,123,123,123,123,123,123,123,123,091,124,124,124,124,124,124,124,124,124,124,124,124,124,124,124,124,124,124,124,124,124,124,124,124,124,124,124,124,091,125,125,125,125,125,125,125,125,125,125,125,125,125,125,125,125,125,125,125,125,125,125,125,125,125,125,125,125,125,126,091,126,126,126,126,126,126,126,126,126,126,126,126,126,126,126,126,126,126,126,126,126,126,126,126,126,126,126,091,127,127,127,127,127,127,127,127,127,127,127,127,127,127,127,127,127,127,127,127,127,127,127,127,127,127,127,126,091,230,255
227,106,091,112,112,112,112,112,112,112,112,112,112,112,112,112,112,112,112,112,112,112,112,112,112,112,112,112,112,112,091,113,113,113,113,113,113,113,113,113,113,113,113,113,113,113,113,113,113,113,113,113,113,113,113,113,113,113,113,091,114,114,114,114,114,114,114,114,114,114,114,114,114,114,114,114,114,114,114,114,114,114,114,114,114,114,114,114,114,091,115,115,115,115,115,115,115,115,115,115,115,115,115,115,115,115,115,115,115,115,115,115,115,115,115,115,115,115,091,116,116,116,116,116,116,116,116,116,116,116,116,116,116,116,116,116,116,116,116,116,116,116,116,116,116,116,116,091,117,117,117,117,117,117,117,117,117,117,117,117,117,117,117,117,117,117,117,117,117,117,117,117,117,117,117,117,091,118,118,118,118,118,118,118,118,118,118,118,118,118,118,118,118,118,118,118,118,118,118,118,118,118,118,118,118,118,091,119,119,119,119,119,119,119,119,119,119,119,119,119,119,119,119,119,119,119,119,119,119,119,119,119,119,119,119,119,091,120,120,120,120,120,120,120,120,120,120,120,120,120,120,120,120,120,120,120,120,120,120,120,120,120,120,120,120,091,121,121,121,121,121,121,121,121,121,121,121,121,121,121,121,121,121,121,121,121,121,121,121,121,121,121,121,121,091,122,122,122,122,122,122,122,122,122,122,122,122,122,122,122,122,122,122,122,122,122,122,122,122,122,122,122,122,122,091,123,123,123,123,123,123,123,123,123,123,123,123,123,123,123,123,123,123,123,123,123,123,123,123,123,123,123,123,091,124,124,124,124,124,124,124,124,124,124,124,124,124,124,124,124,124,124,124,124,124,124,124,124,124,124,124,124,091,125,125,125,125,125,125,125,125,125,125,125,125,125,125,125,125,125,125,125,125,125,125,125,125,125,125,125,125,125,126,091,126,126,126,126,126,126,126,126,126,126,126,126,126,126,126,126,126,126,126,126,126,126,126,126,126,126,126,091,127,127,127,127,127,127,127,127,127,127,127,127,127,127,127,127,127,127,127,127,127,127,127,127,127,127,127,126,091,230,255
227,106,091,112,112,112,112,112,112,112,112,112,112,112,112,112,112,112,112,112,112,112,112,112,112,112,112,112,112,112,091,113,113,113,113,113,113,113,113,113,113,113,113,113,113,113,113,113,113,113,113,113,113,113,113,113,113,113,113,091,114,114,114,114,114,114,114,114,114,114,114,114,114,114,114,114,114,114,114,114,114,114,114,114,114,114,114,114,114,091,115,115,115,115,115,115,115,115,115,115,115,115,115,115,115,115,115,115,115,115,115,115,115,115,115,115,115,115,091,116,116,116,116,116,116,116,116,116,116,116,116,116,116,116,116,116,116,116,116,116,116,116,116,116,116,116,116,091,117,117,117,117,117,117,117,117,117,117,117,117,117,117,117,117,117,117,117,117,117,117,117,117,117,117,117,117,091,118,118,118,118,118,118,118,118,118,118,118,118,118,118,118,118,118,118,118,118,118,118,118,118,118,118,118,118,118,091,119,119,119,119,119,119,119,119,119,119,119,119,119,119,119,119,119,119,119,119,119,119,119,119,119,119,119,119,119,091,120,120,120,120,120,120,120,120,120,120,120,120,120,120,120,120,120,120,120,120,120,120,120,120,120,120,120,120,091,121,121,121,121,121,121,121,121,121,121,121,121,121,121,121,121,121,121,121,121,121,121,121,121,121,121,121,121,091,122,122,122,122,122,122,122,122,122,122,122,122,122,122,122,122,122,122,122,122,122,122,122,122,122,122,122,122,122,091,123,123,123,123,123,123,123,123,123,123,123,123,123,123,123,123,123,123,123,123,123,123,123,123,123,123,123,123,091,124,124,124,124,124,124,124,124,124,124,124,124,124,124,124,124,124,124,124,124,124,124,124,124,124,124,124,124,091,125,125,125,125,125,125,125,125,125,125,125,125,125,125,125,125,125,125,125,125,125,125,125,125,125,125,125,125,125,126,091,126,126,126,126,126,126,126,126,126,126,126,126,126,126,126,126,126,126,126,126,126,126,126,126,126,126,126,091,127,127,127,127,127,127,127,127,127,127,127,127,127,127,127,127,127,127,127,127,127,127,127,127,127,127,127,126,091,230,255
227,106,091,112,112,112,112,112,112,112,112,112,112,112,112,112,112,112,112,112,112,112,112,112,112,112,112,112,112,112,091,113,113,113,113,113,113,113,113,113,113,113,113,113,113,113,113,113,113,113,113,113,113,113,113,113,113,113,113,091,114,114,114,114,114,114,114,114,114,114,114,114,114,114,114,114,114,114,114,114,114,114,114,114,114,114,114,114,114,091,115,115,115,115,115,115,115,115,115,115,115,115,115,115,115,115,115,115,115,115,115,115,115,115,115,115,115,115,091,116,116,116,116,116,116,116,116,116,116,116,116,116,116,116,116,116,116,116,116,116,116,116,116,116,116,116,116,091,117,117,117,117,117,117,117,117,117,117,117,117,117,117,117,117,117,117,117,117,117,117,117,117,117,117,117,117,091,118,118,118,118,118,118,118,118,118,118,118,118,118,118,118,118,118,118,118,118,118,118,118,118,118,118,118,118,118,091,119,119,119,119,119,119,119,119,119,119,119,119,119,119,119,119,119,119,119,119,119,119,119,119,119,119,119,119,119,091,120,120,120,120,120,120,120,120,120,120,120,120,120,120,120,120,120,120,120,120,120,120,120,120,120,120,120,120,091,121,121,121,121,121,121,121,121,121,121,121,121,121,121,121,121,121,121,121,121,121,121,121,121,121,121,121,121,091,122,122,122,122,122,122,122,122,122,122,122,122,122,122,122,122,122,122,122,122,122,122,122,122,122,122,122,122,122,091,123,123,123,123,123,123,123,123,123,123,123,123,123,123,123,123,123,123,123,123,123,123,123,123,123,123,123,123,091,124,124,124,124,124,124,124,124,124,124,124,124,124,124,124,124,124,124,124,124,124,124,124,124,124,124,124,124,091,125,125,125,125,125,125,125,125,125,125,125,125,125,125,125,125,125,125,125,125,125,125,125,125,125,125,125,125,125,126,091,126,126,126,126,126,126,126,126,126,126,126,126,126,126,126,126,126,126,126,126,126,126,126,126,126,126,126,091,127,127,127,127,127,127,127,127,127,127,127,127,127,127,127,127,127,127,127,127,127,127,127,127,127,127,127,126,091,230,255
227,106,091,112,112,112,112,112,112,112,112,112,112,112,112,112,112,112,112,112,112,112,112,112,112,112,112,112,112,112,091,113,113,113,113,113,113,113,113,113,113,113,113,113,113,113,113,113,113,113,113,113,113,113,113,113,113,113,113,091,114,114,114,114,114,114,114,114,114,114,114,114,114,114,114,114,114,114,114,114,114,114,114,114,114,114,114,114,114,091,115,115,115,115,115,115,115,115,115,115,115,115,115,115,115,115,115,115,115,115,115,115,115,115,115,115,115,115,091,116,116,116,116,116,116,116,116,116,116,116,116,116,116,116,116,116,116,116,116,116,116,116,116,116,116,116,116,091,117,117,117,117,117,117,117,117,117,117,117,117,117,117,117,117,117,117,117,117,117,117,117,117,117,117,117,117,091,118,118,118,118,118,118,118,118,118,118,118,118,118,118,118,118,118,118,118,118,118,118,118,118,118,118,118,118,118,091,119,119,119,119,119,119,119,119,119,119,119,119,119,119,119,119,119,119,119,119,119,119,119,119,119,119,119,119,119,091,120,120,120,120,120,120,120,120,120,120,120,120,120,120,120,120,120,120,120,120,120,120,120,120,120,120,120,120,091,121,121,121,121,121,121,121,121,121,121,121,121,121,121,121,121,121,121,121,121,121,121,121,121,121,121,121,121,091,122,122,122,122,122,122,122,122,122,122,122,122,122,122,122,122,122,122,122,122,122,122,122,122,122,122,122,122,122,091,123,123,123,123,123,123,123,123,123,123,123,123,123,123,123,123,123,123,123,123,123,123,123,123,123,123,123,123,091,124,124,124,124,124,124,124,124,124,124,124,124,124,124,124,124,124,124,124,124,124,124,124,124,124,124,124,124,091,125,125,125,125,125,125,125,125,125,125,125,125,125,125,125,125,125,125,125,125,125,125,125,125,125,125,125,125,125,126,091,126,126,126,126,126,126,126,126,126,126,126,126,126,126,126,126,126,126,126,126,126,126,126,126,126,126,126,091,127,127,127,127,127,127,127,127,127,127,127,127,127,127,127,127,127,127,127,127,127,127,127,127,127,127,127,126,091,230,255
227,106,091,112,112,112,112,112,112,112,112,112,112,112,112,112,112,112,112,112,112,112,112,112,112,112,112,112,112,112,091,113,113,113,113,113,113,113,113,113,113,113,113,113,113,113,113,113,113,113,113,113,113,113,113,113,113,113,113,091,114,114,114,114,114,114,114,114,114,114,114,114,114,114,114,114,114,114,114,114,114,114,114,114,114,114,114,114,114,091,115,115,115,115,115,115,115,115,115,115,115,115,115,115,115,115,115,115,115,115,115,115,115,115,115,115,115,115,091,116,116,116,116,116,116,116,116,116,116,116,116,116,116,116,116,116,116,116,116,116,116,116,116,116,116,116,116,091,117,117,117,117,117,117,117,117,117,117,117,117,117,117,117,117,117,117,117,117,117,117,117,117,117,117,117,117,091,118,118,118,118,118,118,118,118,118,118,118,118,118,118,118,118,118,118,118,118,118,118,118,118,118,118,118,118,118,091,119,119,119,119,119,119,119,119,119,119,119,119,119,119,119,119,119,119,119,119,119,119,119,119,119,119,119,119,119,091,120,120,120,120,120,120,120,120,120,120,120,120,120,120,120,120,120,120,120,120,120,120,120,120,120,120,120,120,091,121,121,121,121,121,121,121,121,121,121,121,121,121,121,121,121,121,121,121,121,121,121,121,121,121,121,121,121,091,122,122,122,122,122,122,122,122,122,122,122,122,122,122,122,122,122,122,122,122,122,122,122,122,122,122,122,122,122,091,123,123,123,123,123,123,123,123,123,123,123,123,123,123,123,123,123,123,123,123,123,123,123,123,123,123,123,123,091,124,124,124,124,124,124,124,124,124,124,124,124,124,124,124,124,124,124,124,124,124,124,124,124,124,124,124,124,091,125,125,125,125,125,125,125,125,125,125,125,125,125,125,125,125,125,125,125,125,125,125,125,125,125,125,125,125,125,126,091,126,126,126,126,126,126,126,126,126,126,126,126,126,126,126,126,126,126,126,126,126,126,126,126,126,126,126,091,127,127,127,127,127,127,127,127,127,127,127,127,127,127,127,127,127,127,127,127,127,127,127,127,127,127,127,126,091,230,255
228,107,091,112,112,112,112,112,112,112,112,112,112,112,112,112,112,112,112,112,112,112,112,112,112,112,112,112,112,112,091,113,113,113,113,113,113,113,113,113,113,113,113,113,113,113,113,113,113,113,113,113,113,113,113,113,113,113,113,091,114,114,114,114,114,114,114,114,114,114,114,114,114,114,114,114,114,114,114,114,114,114,114,114,114,114,114,114,114,091,115,115,115,115,115,115,115,115,115,115,115,115,115,115,115,115,115,115,115,115,115,115,115,115,115,115,115,115,091,116,116,116,116,116,116,116,116,116,116,116,116,116,116,116,116,116,116,116,116,116,116,116,116,116,116,116,116,091,117,117,117,117,117,117,117,117,117,117,117,117,117,117,117,117,117,117,117,117,117,117,117,117,117,117,117,117,091,118,118,118,118,118,118,118,118,118,118,118,118,118,118,118,118,118,118,118,118,118,118,118,118,118,118,118,118,118,091,119,119,119,119,119,119,119,119,119,119,119,119,119,119,119,119,119,119,119,119,119,119,119,119,119,119,119,119,119,091,120,120,120,120,120,120,120,120,120,120,120,120,120,120,120,120,120,120,120,120,120,120,120,120,120,120,120,120,091,121,121,121,121,121,121,121,121,121,121,121,121,121,121,121,121,121,121,121,121,121,121,121,121,121,121,121,121,091,122,122,122,122,122,122,122,122,122,122,122,122,122,122,122,122,122,122,122,122,122,122,122,122,122,122,122,122,122,091,123,123,123,123,123,123,123,123,123,123,123,123,123,123,123,123,123,123,123,123,123,123,123,123,123,123,123,123,091,124,124,124,124,124,124,124,124,124,124,124,124,124,124,124,124,124,124,124,124,124,124,124,124,124,124,124,124,091,125,125,125,125,125,125,125,125,125,125,125,125,125,125,125,125,125,125,125,125,125,125,125,125,125,125,125,125,125,126,091,126,126,126,126,126,126,126,126,126,126,126,126,126,126,126,126,126,126,126,126,126,126,126,126,126,126,126,091,127,127,127,127,127,127,127,127,127,127,127,127,127,127,127,127,127,127,127,127,127,127,127,127,127,127,127,126,091,231,255
233,109,091,112,112,112,112,112,112,112,112,112,112,112,112,112,112,112,112,112,112,112,112,112,112,112,112,112,112,112,091,113,113,113,113,113,113,113,113,113,113,113,113,113,113,113,113,113,113,113,113,113,113,113,113,113,113,113,113,091,114,114,114,114,114,114,114,114,114,114,114,114,114,114,114,114,114,114,114,114,114,114,114,114,114,114,114,114,114,091,115,115,115,115,115,115,115,115,115,115,115,115,115,115,115,115,115,115,115,115,115,115,115,115,115,115,115,115,091,116,116,116,116,116,116,116,116,116,116,116,116,116,116,116,116,116,116,116,116,116,116,116,116,116,116,116,116,091,117,117,117,117,117,117,117,117,117,117,117,117,117,117,117,117,117,117,117,117,117,117,117,117,117,117,117,117,091,117,118,118,118,118,118,118,118,118,118,118,118,118,118,118,118,118,118,118,118,118,118,118,118,118,118,118,118,118,091,119,119,119,119,119,119,119,119,119,119,119,119,119,119,119,119,119,119,119,119,119,119,119,119,119,119,119,119,119,091,120,120,120,120,120,120,120,120,120,120,120,120,120,120,120,120,120,120,120,120,120,120,120,120,120,120,120,120,091,121,121,121,121,121,121,121,121,121,121,121,121,121,121,121,121,121,121,121,121,121,121,121,121,121,121,121,121,091,122,122,122,122,122,122,122,122,122,122,122,122,122,122,122,122,122,122,122,122,122,122,122,122,122,122,122,122,122,091,123,123,123,123,123,123,123,123,123,123,123,123,123,123,123,123,123,123,123,123,123,123,123,123,123,123,123,123,091,124,124,124,124,124,124,124,124,124,124,124,124,124,124,124,124,124,124,124,124,124,124,124,124,124,124,124,124,091,125,125,125,125,125,125,125,125,125,125,125,125,125,125,125,125,125,125,125,125,125,125,125,125,125,125,125,125,125,125,091,126,126,126,126,126,126,126,126,126,126,126,126,126,126,126,126,126,126,126,126,126,126,126,126,126,126,126,091,127,127,127,127,127,127,127,127,127,127,127,127,127,127,127,127,127,127,127,127,127,127,127,127,127,127,127,126,091,236,255
056,112,091,113,113,113,113,113,113,113,113,113,113,113,113,113,113,113,113,113,113,113,113,113,113,113,113,113,113,113,091,114,114,114,114,114,114,114,114,114,114,114,114,114,114,114,114,114,114,114,114,114,114,114,114,114,114,114,114,091,115,115,115,115,115,115,115,115,115,115,115,115,115,115,115,115,115,115,115,115,115,115,115,115,115,115,115,115,115,091,116,116,116,116,116,116,116,116,116,116,116,116,116,116,116,116,116,116,116,116,116,116,116,116,116,116,116,116,091,117,117,117,117,117,117,117,117,117,117,117,117,117,117,117,117,117,117,117,117,117,117,117,117,117,117,117,117,091,118,118,118,118,118,118,118,118,118,118,118,118,118,118,118,118,118,118,118,118,118,118,118,118,118,118,118,118,091,119,119,119,119,119,119,119,119,119,119,119,119,119,119,119,119,119,119,119,119,119,119,119,119,119,119,119,119,119,091,120,120,120,120,120,120,120,120,120,120,120,120,120,120,120,120,120,120,120,120,120,120,120,120,120,120,120,120,120,091,121,121,121,121,121,121,121,121,121,121,121,121,121,121,121,121,121,121,121,121,121,121,121,121,121,121,121,121,091,122,122,122,122,122,122,122,122,122,122,122,122,122,122,122,122,122,122,122,122,122,122,122,122,122,122,122,122,091,123,123,123,123,123,123,123,123,123,123,123,123,123,123,123,123,123,123,123,123,123,123,123,123,123,123,123,123,123,091,124,124,124,124,124,124,124,124,124,124,124,124,124,124,124,124,124,124,124,124,124,124,124,124,124,124,124,124,091,125,125,125,125,125,125,125,125,125,125,125,125,125,125,125,125,125,125,125,125,125,125,125,125,125,125,125,125,091,126,126,126,126,126,126,126,126,126,126,126,126,126,126,126,126,126,126,126,126,126,126,126,126,126,126,126,126,126,126,091,127,127,127,127,127,127,127,127,127,127,127,127,127,127,127,127,127,127,127,127,127,127,127,127,127,127,127,091,128,128,128,128,128,128,128,128,128,128,128,128,128,128,128,128,128,128,128,128,128,128,128,128,128,128,128,128,091,059,036
091,091,091,091,091,091,091,091,091,091,091,091,091,091,091,091,091,091,091,091,091,091,091,091,091,091,091,091,091,091,091,091,091,091,091,091,091,091,091,091,091,091,091,091,091,091,091,091,091,091,091,091,091,091,091,091,091,091,091,091,091,091,091,091,091,091,091,091,091,091,091,091,091,091,091,091,091,091,091,091,091,091,091,091,091,091,091,091,091,091,091,091,091,091,091,091,091,091,091,091,091,091,091,091,091,091,091,091,091,091,091,091,091,091,091,091,091,091,091,091,091,091,091,091,091,091,091,091,091,091,091,091,091,091,091,091,091,091,091,091,091,091,091,091,091,091,091,091,091,091,091,091,091,091,091,091,091,091,091,091,091,091,091,091,091,091,091,091,091,091,091,091,091,091,091,091,091,091,091,091,091,091,091,091,091,091,091,091,091,091,091,091,091,091,091,091,091,091,091,091,091,091,091,091,091,091,091,091,091,091,091,091,091,091,091,091,091,091,091,091,091,091,091,091,091,091,091,091,091,091,091,091,091,091,091,091,091,091,091,091,091,091,091,091,091,091,091,091,091,091,091,091,091,091,091,091,091,091,091,091,091,091,091,091,091,091,091,091,091,091,091,091,091,091,091,091,091,091,091,091,091,091,091,091,091,091,091,091,091,091,091,091,091,091,091,091,091,091,091,091,091,091,091,091,091,091,091,091,091,091,091,091,091,091,091,091,091,091,091,091,091,091,091,091,091,091,091,091,091,091,091,091,091,091,091,091,091,091,091,091,091,091,091,091,091,091,091,091,091,091,091,091,091,091,091,091,091,091,091,091,091,091,091,091,091,091,091,091,091,091,091,091,091,091,091,091,091,091,091,091,091,091,091,091,091,091,091,091,091,091,091,091,091,091,091,091,091,091,091,091,091,091,091,091,091,091,091,091,091,091,091,091,091,091,091,091,091,091,091,091,091,091,091,091,091,091,091,091,091,091,091,091,091,091,091,091,091,091,091,091,091,091,091,091,091,091,091,091,091,091,091,091,091,091,091,091,091,091,091,091,091,091,091,091,091,091,091,091,091,091,091,091,091
236,126,091,128,128,128,128,128,128,128,128,128,128,128,128,128,128,128,128,128,128,128,128,128,128,128,128,128,128,128,091,129,129,129,129,129,129,129,129,129,129,129,129,129,129,129,129,129,129,129,129,129,129,129,129,129,129,129,129,091,130,130,130,130,130,130,130,130,130,130,130,130,130,130,130,130,130,130,130,130,130,130,130,130,130,130,130,130,130,091,131,131,131,131,131,131,131,131,131,131,131,131,131,131,131,131,131,131,131,131,131,131,131,131,131,131,131,131,091,132,132,132,132,132,132,132,132,132,132,132,132,132,132,132,132,132,132,132,132,132,132,132,132,132,132,132,132,091,133,133,133,133,133,133,133,133,133,133,133,133,133,133,133,133,133,133,133,133,133,133,133,133,133,133,133,133,091,134,134,134,134,134,134,134,134,134,134,134,134,134,134,134,134,134,134,134,134,134,134,134,134,134,134,134,134,134,091,135,135,135,135,135,135,135,135,135,135,135,135,135,135,135,135,135,135,135,135,135,135,135,135,135,135,135,135,135,091,136,136,136,136,136,136,136,136,136,136,136,136,136,136,136,136,136,136,136,136,136,136,136,136,136,136,136,136,091,137,137,137,137,137,137,137,137,137,137,137,137,137,137,137,137,137,137,137,137,137,137,137,137,137,137,137,137,091,138,138,138,138,138,138,138,138,138,138,138,138,138,138,138,138,138,138,138,138,138,138,138,138,138,138,138,138,138,091,139,139,139,139,139,139,139,139,139,139,139,139,139,139,139,139,139,139,139,139,139,139,139,139,139,139,139,139,091,140,140,140,140,140,140,140,140,140,140,140,140,140,140,140,140,140,140,140,140,140,140,140,140,140,140,140,140,091,141,141,141,141,141,141,141,141,141,141,141,141,141,141,141,141,141,141,141,141,141,141,141,141,141,141,141,141,141,142,091,142,142,142,142,142,142,142,142,142,142,142,142,142,142,142,142,142,142,142,142,142,142,142,142,142,142,142,091,143,143,143,143,143,143,143,143,143,143,143,143,143,143,143,143,143,143,143,143,143,143,143,143,143,143,143,143,091,239,255
231,123,091,128,128,128,128,128,128,128,128,128,128,128,128,128,128,128,128,128,128,128,128,128,128,128,128,128,128,128,091,129,129,129,129,129,129,129,129,129,129,129,129,129,129,129,129,129,129,129,129,129,129,129,129,129,129,129,129,091,130,130,130,130,130,130,130,130,130,130,130,130,130,130,130,130,130,130,130,130,130,130,130,130,130,130,130,130,130,091,131,131,131,131,131,131,131,131,131,131,131,131,131,131,131,131,131,131,131,131,131,131,131,131,131,131,131,131,091,132,132,132,132,132,132,132,132,132,132,132,132,132,132,132,132,132,132,132,132,132,132,132,132,132,132,132,132,091,133,133,133,133,133,133,133,133,133,133,133,133,133,133,133,133,133,133,133,133,133,133,133,133,133,133,133,133,091,134,134,134,134,134,134,134,134,134,134,134,134,134,134,134,134,134,134,134,134,134,134,134,134,134,134,134,134,134,091,135,135,135,135,135,135,135,135,135,135,135,135,135,135,135,135,135,135,135,135,135,135,135,135,135,135,135,135,135,091,136,136,136,136,136,136,136,136,136,136,136,136,136,136,136,136,136,136,136,136,136,136,136,136,136,136,136,136,091,137,137,137,137,137,137,137,137,137,137,137,137,137,137,137,137,137,137,137,137,137,137,137,137,137,137,137,137,091,138,138,138,138,138,138,138,138,138,138,138,138,138,138,138,138,138,138,138,138,138,138,138,138,138,138,138,138,138,091,139,139,139,139,139,139,139,139,139,139,139,139,139,139,139,139,139,139,139,139,139,139,139,139,139,139,139,139,091,140,140,140,140,140,140,140,140,140,140,140,140,140,140,140,140,140,140,140,140,140,140,140,140,140,140,140,140,091,141,141,141,141,141,141,141,141,141,141,141,141,141,141,141,141,141,141,141,141,141,141,141,141,141,141,141,141,141,142,091,142,142,142,142,142,142,142,142,142,142,142,142,142,142,142,142,142,142,142,142,142,142,142,142,142,142,142,091,143,143,143,143,143,143,143,143,143,143,143,143,143,143,143,143,143,143,143,143,143,143,143,143,143,143,143,142,091,234,255
230,123,091,128,128,128,128,128,128,128,128,128,128,128,128,128,128,128,128,128,128,128,128,128,128,128,128,128,128,128,091,129,129,129,129,129,129,129,129,129,129,129,129,129,129,129,129,129,129,129,129,129,129,129,129,129,129,129,129,091,130,130,130,130,130,130,130,130,130,130,130,130,130,130,130,130,130,130,130,130,130,130,130,130,130,130,130,130,130,091,131,131,131,131,131,131,131,131,131,131,131,131,131,131,131,131,131,131,131,131,131,131,131,131,131,131,131,131,091,132,132,132,132,132,132,132,132,132,132,132,132,132,132,132,132,132,132,132,132,132,132,132,132,132,132,132,132,091,133,133,133,133,133,133,133,133,133,133,133,133,133,133,133,133,133,133,133,133,133,133,133,133,133,133,133,133,091,134,134,134,134,134,134,134,134,134,134,134,134,134,134,134,134,134,134,134,134,134,134,134,134,134,134,134,134,134,091,135,135,135,135,135,135,135,135,135,135,135,135,135,135,135,135,135,135,135,135,135,135,135,135,135,135,135,135,135,091,136,136,136,136,136,136,136,136,136,136,136,136,136,136,136,136,136,136,136,136,136,136,136,136,136,136,136,136,091,137,137,137,137,137,137,137,137,137,137,137,137,137,137,137,137,137,137,137,137,137,137,137,137,137,137,137,137,091,138,138,138,138,138,138,138,138,138,138,138,138,138,138,138,138,138,138,138,138,138,138,138,138,138,138,138,138,138,091,139,139,139,139,139,139,139,139,139,139,139,139,139,139,139,139,139,139,139,139,139,139,139,139,139,139,139,139,091,140,140,140,140,140,140,140,140,140,140,140,140,140,140,140,140,140,140,140,140,140,140,140,140,140,140,140,140,091,141,141,141,141,141,141,141,141,141,141,141,141,141,141,141,141,141,141,141,141,141,141,141,141,141,141,141,141,141,142,091,142,142,142,142,142,142,142,142,142,142,142,142,142,142,142,142,142,142,142,142,142,142,142,142,142,142,142,091,143,143,143,143,143,143,143,143,143,143,143,143,143,143,143,143,143,143,143,143,143,143,143,143,143,143,143,142,091,233,255
230,123,091,128,128,128,128,128,128,128,128,128,128,128,128,128,128,128,128,128,128,128,128,128,128,128,128,128,128,128,091,129,129,129,129,129,129,129,129,129,129,129,129,129,129,129,129,129,129,129,129,129,129,129,129,129,129,129,129,091,130,130,130,130,130,130,130,130,130,130,130,130,130,130,130,130,130,130,130,130,130,130,130,130,130,130,130,130,130,091,131,131,131,131,131,131,131,131,131,131,131,131,131,131,131,131,131,131,131,131,131,131,131,131,131,131,131,131,091,132,132,132,132,132,132,132,132,132,132,132,132,132,132,132,132,132,132,132,132,132,132,132,132,132,132,132,132,091,133,133,133,133,133,133,133,133,133,133,133,133,133,133,133,133,133,133,133,133,133,133,133,133,133,133,133,133,091,134,134,134,134,134,134,134,134,134,134,134,134,134,134,134,134,134,134,134,134,134,134,134,134,134,134,134,134,134,091,135,135,135,135,135,135,135,135,135,135,135,135,135,135,135,135,135,135,135,135,135,135,135,135,135,135,135,135,135,091,136,136,136,136,136,136,136,136,136,136,136,136,136,136,136,136,136,136,136,136,136,136,136,136,136,136,136,136,091,137,137,137,137,137,137,137,137,137,137,137,137,137,137,137,137,137,137,137,137,137,137,137,137,137,137,137,137,091,138,138,138,138,138,138,138,138,138,138,138,138,138,138,138,138,138,138,138,138,138,138,138,138,138,138,138,138,138,091,139,139,139,139,139,139,139,139,139,139,139,139,139,139,139,139,139,139,139,139,139,139,139,139,139,139,139,139,091,140,140,140,140,140,140,140,140,140,140,140,140,140,140,140,140,140,140,140,140,140,140,140,140,140,140,140,140,091,141,141,141,141,141,141,141,141,141,141,141,141,141,141,141,141,141,141,141,141,141,141,141,141,141,141,141,141,141,142,091,142,142,142,142,142,142,142,142,142,142,142,142,142,142,142,142,142,142,142,142,142,142,142,142,142,142,142,091,143,143,143,143,143,143,143,143,143,143,143,143,143,143,143,143,143,143,143,143,143,143,143,143,143,143,143,142,091,233,255
230,123,091,128,128,128,128,128,128,128,128,128,128,128,128,128,128,128,128,128,128,128,128,128,128,128,128,128,128,128,091,129,129,129,129,129,129,129,129,129,129,129,129,129,129,129,129,129,129,129,129,129,129,129,129,129,129,129,129,091,130,130,130,130,130,130,130,130,130,130,130,130,130,130,130,130,130,130,130,130,130,130,130,130,130,130,130,130,130,091,131,131,131,131,131,131,131,131,131,131,131,131,131,131,131,131,131,131,131,131,131,131,131,131,131,131,131,131,091,132,132,132,132,132,132,132,132,132,132,132,132,132,132,132,132,132,132,132,132,132,132,132,132,132,132,132,132,091,133,133,133,133,133,133,133,133,133,133,133,133,133,133,133,133,133,133,133,133,133,133,133,133,133,133,133,133,091,134,134,134,134,134,134,134,134,134,134,134,134,134,134,134,134,134,134,134,134,134,134,134,134,134,134,134,134,134,091,135,135,135,135,135,135,135,135,135,135,135,135,135,135,135,135,135,135,135,135,135,135,135,135,135,135,135,135,135,091,136,136,136,136,136,136,136,136,136,136,136,136,136,136,136,136,136,136,136,136,136,136,136,136,136,136,136,136,091,137,137,137,137,137,137,137,137,137,137,137,137,137,137,137,137,137,137,137,137,137,137,137,137,137,137,137,137,091,138,138,138,138,138,138,138,138,138,138,138,138,138,138,138,138,138,138,138,138,138,138,138,138,138,138,138,138,138,091,139,139,139,139,139,139,139,139,139,139,139,139,139,139,139,139,139,139,139,139,139,139,139,139,139,139,139,139,091,140,140,140,140,140,140,140,140,140,140,140,140,140,140,140,140,140,140,140,140,140,140,140,140,140,140,140,140,091,141,141,141,141,141,141,141,141,141,141,141,141,141,141,141,141,141,141,141,141,141,141,141,141,141,141,141,141,141,142,091,142,142,142,142,142,142,142,142,142,142,142,142,142,142,142,142,142,142,142,142,142,142,142,142,142,142,142,091,143,143,143,143,143,143,143,143,143,143,143,143,143,143,143,143,143,143,143,143,143,143,143,143,143,143,143,142,091,233,255
230,123,091,128,128,128,128,128,128,128,128,128,128,128,128,128,128,128,128,128,128,128,128,128,128,128,128,128,128,128,091,129,129,129,129,129,129,129,129,129,129,129,129,129,129,129,129,129,129,129,129,129,129,129,129,129,129,129,129,091,130,130,130,130,130,130,130,130,130,130,130,130,130,130,130,130,130,130,130,130,130,130,130,130,130,130,130,130,130,091,131,131,131,131,131,131,131,131,131,131,131,131,131,131,131,131,131,131,131,131,131,131,131,131,131,131,131,131,091,132,132,132,132,132,132,132,132,132,132,132,132,132,132,132,132,132,132,132,132,132,132,132,132,132,132,132,132,091,133,133,133,133,133,133,133,133,133,133,133,133,133,133,133,133,133,133,133,133,133,133,133,133,133,133,133,133,091,134,134,134,134,134,134,134,134,134,134,134,134,134,134,134,134,134,134,134,134,134,134,134,134,134,134,134,134,134,091,135,135,135,135,135,135,135,135,135,135,135,135,135,135,135,135,135,135,135,135,135,135,135,135,135,135,135,135,135,091,136,136,136,136,136,136,136,136,136,136,136,136,136,136,136,136,136,136,136,136,136,136,136,136,136,136,136,136,091,137,137,137,137,137,137,137,137,137,137,137,137,137,137,137,137,137,137,137,137,137,137,137,137,137,137,137,137,091,138,138,138,138,138,138,138,138,138,138,138,138,138,138,138,138,138,138,138,138,138,138,138,138,138,138,138,138,138,091,139,139,139,139,139,139,139,139,139,139,139,139,139,139,139,139,139,139,139,139,139,139,139,139,139,139,139,139,091,140,140,140,140,140,140,140,140,140,140,140,140,140,140,140,140,140,140,140,140,140,140,140,140,140,140,140,140,091,141,141,141,141,141,141,141,141,141,141,141,141,141,141,141,141,141,141,141,141,141,141,141,141,141,141,141,141,141,142,091,142,142,142,142,142,142,142,142,142,142,142,142,142,142,142,142,142,142,142,142,142,142,142,142,142,142,142,091,143,143,143,143,143,143,143,143,143,143,143,143,143,143,143,143,143,143,143,143,143,143,143,143,143,143,143,142,091,233,255
230,123,091,128,128,128,128,128,128,128,128,128,128,128,128,128,128,128,128,128,128,128,128,128,128,128,128,128,128,128,091,129,129,129,129,129,129,129,129,129,129,129,129,129,129,129,129,129,129,129,129,129,129,129,129,129,129,129,129,091,130,130,130,130,130,130,130,130,130,130,130,130,130,130,130,130,130,130,130,130,130,130,130,130,130,130,130,130,130,091,131,131,131,131,131,131,131,131,131,131,131,131,131,131,131,131,131,131,131,131,131,131,131,131,131,131,131,131,091,132,132,132,132,132,132,132,132,132,132,132,132,132,132,132,132,132,132,132,132,132,132,132,132,132,132,132,132,091,133,133,133,133,133,133,133,133,133,133,133,133,133,133,133,133,133,133,133,133,133,133,133,133,133,133,133,133,091,134,134,134,134,134,134,134,134,134,134,134,134,134,134,134,134,134,134,134,134,134,134,134,134,134,134,134,134,134,091,135,135,135,135,135,135,135,135,135,135,135,135,135,135,135,135,135,135,135,135,135,135,135,135,135,135,135,135,135,091,136,136,136,136,136,136,136,136,136,136,136,136,136,136,136,136,136,136,136,136,136,136,136,136,136,136,136,136,091,137,137,137,137,137,137,137,137,137,137,137,137,137,137,137,137,137,137,137,137,137,137,137,137,137,137,137,137,091,138,138,138,138,138,138,138,138,138,138,138,138,138,138,138,138,138,138,138,138,138,138,138,138,138,138,138,138,138,091,139,139,139,139,139,139,139,139,139,139,139,139,139,139,139,139,139,139,139,139,139,139,139,139,139,139,139,139,091,140,140,140,140,140,140,140,140,140,140,140,140,140,140,140,140,140,140,140,140,140,140,140,140,140,140,140,140,091,141,141,141,141,141,141,141,141,141,141,141,141,141,141,141,141,141,141,141,141,141,141,141,141,141,141,141,141,141,142,091,142,142,142,142,142,142,142,142,142,142,142,142,142,142,142,142,142,142,142,142,142,142,142,142,142,142,142,091,143,143,143,143,143,143,143,143,143,143,143,143,143,143,143,143,143,143,143,143,143,143,143,143,143,143,143,142,091,233,255
230,123,091,128,128,128,128,128,128,128,128,128,128,128,128,128,128,128,128,128,128,128,128,128,128,128,128,128,128,128,091,129,129,129,129,129,129,129,129,129,129,129,129,129,129,129,129,129,129,129,129,129,129,129,129,129,129,129,129,091,130,130,130,130,130,130,130,130,130,130,130,130,130,130,130,130,130,130,130,130,130,130,130,130,130,130,130,130,130,091,131,131,131,131,131,131,131,131,131,131,131,131,131,131,131,131,131,131,131,131,131,131,131,131,131,131,131,131,091,132,132,132,132,132,132,132,132,132,132,132,132,132,132,132,132,132,132,132,132,132,132,132,132,132,132,132,132,091,133,133,133,133,133,133,133,133,133,133,133,133,133,133,133,133,133,133,133,133,133,133,133,133,133,133,133,133,091,134,134,134,134,134,134,134,134,134,134,134,134,134,134,134,134,134,134,134,134,134,134,134,134,134,134,134,134,134,091,135,135,135,135,135,135,135,135,135,135,135,135,135,135,135,135,135,135,135,135,135,135,135,135,135,135,135,135,135,091,136,136,136,136,136,136,136,136,136,136,136,136,136,136,136,136,136,136,136,136,136,136,136,136,136,136,136,136,091,137,137,137,137,137,137,137,137,137,137,137,137,137,137,137,137,137,137,137,137,137,137,137,137,137,137,137,137,091,138,138,138,138,138,138,138,138,138,138,138,138,138,138,138,138,138,138,138,138,138,138,138,138,138,138,138,138,138,091,139,139,139,139,139,139,139,139,139,139,139,139,139,139,139,139,139,139,139,139,139,139,139,139,139,139,139,139,091,140,140,140,140,140,140,140,140,140,140,140,140,140,140,140,140,140,140,140,140,140,140,140,140,140,140,140,140,091,141,141,141,141,141,141,141,141,141,141,141,141,141,141,141,141,141,141,141,141,141,141,141,141,141,141,141,141,141,142,091,142,142,142,142,142,142,142,142,142,142,142,142,142,142,142,142,142,142,142,142,142,142,142,142,142,142,142,091,143,143,143,143,143,143,143,143,143,143,143,143,143,143,143,143,143,143,143,143,143,143,143,143,143,143,143,142,091,233,255
230,123,091,128,128,128,128,128,128,128,128,128,128,128,128,128,128,128,128,128,128,128,128,128,128,128,128,128,128,128,091,129,129,129,129,129,129,129,129,129,129,129,129,129,129,129,129,129,129,129,129,129,129,129,129,129,129,129,129,091,130,130,130,130,130,130,130,130,130,130,130,130,130,130,130,130,130,130,130,130,130,130,130,130,130,130,130,130,130,091,131,131,131,131,131,131,131,131,131,131,131,131,131,131,131,131,131,131,131,131,131,131,131,131,131,131,131,131,091,132,132,132,132,132,132,132,132,132,132,132,132,132,132,132,132,132,132,132,132,132,132,132,132,132,132,132,132,091,133,133,133,133,133,133,133,133,133,133,133,133,133,133,133,133,133,133,133,133,133,133,133,133,133,133,133,133,091,134,134,134,134,134,134,134,134,134,134,134,134,134,134,134,134,134,134,134,134,134,134,134,134,134,134,134,134,134,091,135,135,135,135,135,135,135,135,135,135,135,135,135,135,135,135,135,135,135,135,135,135,135,135,135,135,135,135,135,091,136,136,136,136,136,136,136,136,136,136,136,136,136,136,136,136,136,136,136,136,136,136,136,136,136,136,136,136,091,137,137,137,137,137,137,137,137,137,137,137,137,137,137,137,137,137,137,137,137,137,137,137,137,137,137,137,137,091,138,138,138,138,138,138,138,138,138,138,138,138,138,138,138,138,138,138,138,138,138,138,138,138,138,138,138,138,138,091,139,139,139,139,139,139,139,139,139,139,139,139,139,139,139,139,139,139,139,139,139,139,139,139,139,139,139,139,091,140,140,140,140,140,140,140,140,140,140,140,140,140,140,140,140,140,140,140,140,140,140,140,140,140,140,140,140,091,141,141,141,141,141,141,141,141,141,141,141,141,141,141,141,141,141,141,141,141,141,141,141,141,141,141,141,141,141,142,091,142,142,142,142,142,142,142,142,142,142,142,142,142,142,142,142,142,142,142,142,142,142,142,142,142,142,142,091,143,143,143,143,143,143,143,143,143,143,143,143,143,143,143,143,143,143,143,143,143,143,143,143,143,143,143,142,091,233,255
230,123,091,128,128,128,128,128,128,128,128,128,128,128,128,128,128,128,128,128,128,128,128,128,128,128,128,128,128,128,091,129,129,129,129,129,129,129,129,129,129,129,129,129,129,129,129,129,129,129,129,129,129,129,129,129,129,129,129,091,130,130,130,130,130,130,130,130,130,130,130,130,130,130,130,130,130,130,130,130,130,130,130,130,130,130,130,130,130,091,131,131,131,131,131,131,131,131,131,131,131,131,131,131,131,131,131,131,131,131,131,131,131,131,131,131,131,131,091,132,132,132,132,132,132,132,132,132,132,132,132,132,132,132,132,132,132,132,132,132,132,132,132,132,132,132,132,091,133,133,133,133,133,133,133,133,133,133,133,133,133,133,133,133,133,133,133,133,133,133,133,133,133,133,133,133,091,134,134,134,134,134,134,134,134,134,134,134,134,134,134,134,134,134,134,134,134,134,134,134,134,134,134,134,134,134,091,135,135,135,135,135,135,135,135,135,135,135,135,135,135,135,135,135,135,135,135,135,135,135,135,135,135,135,135,135,091,136,136,136,136,136,136,136,136,136,136,136,136,136,136,136,136,136,136,136,136,136,136,136,136,136,136,136,136,091,137,137,137,137,137,137,137,137,137,137,137,137,137,137,137,137,137,137,137,137,137,137,137,137,137,137,137,137,091,138,138,138,138,138,138,138,138,138,138,138,138,138,138,138,138,138,138,138,138,138,138,138,138,138,138,138,138,138,091,139,139,139,139,139,139,139,139,139,139,139,139,139,139,139,139,139,139,139,139,139,139,139,139,139,139,139,139,091,140,140,140,140,140,140,140,140,140,140,140,140,140,140,140,140,140,140,140,140,140,140,140,140,140,140,140,140,091,141,141,141,141,141,141,141,141,141,141,141,141,141,141,141,141,141,141,141,141,141,141,141,141,141,141,141,141,141,142,091,142,142,142,142,142,142,142,142,142,142,142,142,142,142,142,142,142,142,142,142,142,142,142,142,142,142,142,091,143,143,143,143,143,143,143,143,143,143,143,143,143,143,143,143,143,143,143,143,143,143,143,143,143,143,143,142,091,233,255
230,123,091,128,128,128,128,128,128,128,128,128,128,128,128,128,128,128,128,128,128,128,128,128,128,128,128,128,128,128,091,129,129,129,129,129,129,129,129,129,129,129,129,129,129,129,129,129,129,129,129,129,129,129,129,129,129,129,129,091,130,130,130,130,130,130,130,130,130,130,130,130,130,130,130,130,130,130,130,130,130,130,130,130,130,130,130,130,130,091,131,131,131,131,131,131,131,131,131,131,131,131,131,131,131,131,131,131,131,131,131,131,131,131,131,131,131,131,091,132,132,132,132,132,132,132,132,132,132,132,132,132,132,132,132,132,132,132,132,132,132,132,132,132,132,132,132,091,133,133,133,133,133,133,133,133,133,133,133,133,133,133,133,133,133,133,133,133,133,133,133,133,133,133,133,133,091,134,134,134,134,134,134,134,134,134,134,134,134,134,134,134,134,134,134,134,134,134,134,134,134,134,134,134,134,134,091,135,135,135,135,135,135,135,135,135,135,135,135,135,135,135,135,135,135,135,135,135,135,135,135,135,135,135,135,135,091,136,136,136,136,136,136,136,136,136,136,136,136,136,136,136,136,136,136,136,136,136,136,136,136,136,136,136,136,091,137,137,137,137,137,137,137,137,137,137,137,137,137,137,137,137,137,137,137,137,137,137,137,137,137,137,137,137,091,138,138,138,138,138,138,138,138,138,138,138,138,138,138,138,138,138,138,138,138,138,138,138,138,138,138,138,138,138,091,139,139,139,139,139,139,139,139,139,139,139,139,139,139,139,139,139,139,139,139,139,139,139,139,139,139,139,139,091,140,140,140,140,140,140,140,140,140,140,140,140,140,140,140,140,140,140,140,140,140,140,140,140,140,140,140,140,091,141,141,141,141,141,141,141,141,141,141,141,141,141,141,141,141,141,141,141,141,141,141,141,141,141,141,141,141,141,142,091,142,142,142,142,142,142,142,142,142,142,142,142,142,142,142,142,142,142,142,142,142,142,142,142,142,142,142,091,143,143,143,143,143,143,143,143,143,143,143,143,143,143,143,143,143,143,143,143,143,143,143,143,143,143,143,142,091,233,255
230,123,091,128,128,128,128,128,128,128,128,128,128,128,128,128,128,128,128,128,128,128,128,128,128,128,128,128,128,128,091,129,129,129,129,129,129,129,129,129,129,129,129,129,129,129,129,129,129,129,129,129,129,129,129,129,129,129,129,091,130,130,130,130,130,130,130,130,130,130,130,130,130,130,130,130,130,130,130,130,130,130,130,130,130,130,130,130,130,091,131,131,131,131,131,131,131,131,131,131,131,131,131,131,131,131,131,131,131,131,131,131,131,131,131,131,131,131,091,132,132,132,132,132,132,132,132,132,132,132,132,132,132,132,132,132,132,132,132,132,132,132,132,132,132,132,132,091,133,133,133,133,133,133,133,133,133,133,133,133,133,133,133,133,133,133,133,133,133,133,133,133,133,133,133,133,091,134,134,134,134,134,134,134,134,134,134,134,134,134,134,134,134,134,134,134,134,134,134,134,134,134,134,134,134,134,091,135,135,135,135,135,135,135,135,135,135,135,135,135,135,135,135,135,135,135,135,135,135,135,135,135,135,135,135,135,091,136,136,136,136,136,136,136,136,136,136,136,136,136,136,136,136,136,136,136,136,136,136,136,136,136,136,136,136,091,137,137,137,137,137,137,137,137,137,137,137,137,137,137,137,137,137,137,137,137,137,137,137,137,137,137,137,137,091,138,138,138,138,138,138,138,138,138,138,138,138,138,138,138,138,138,138,138,138,138,138,138,138,138,138,138,138,138,091,139,139,139,139,139,139,139,139,139,139,139,139,139,139,139,139,139,139,139,139,139,139,139,139,139,139,139,139,091,140,140,140,140,140,140,140,140,140,140,140,140,140,140,140,140,140,140,140,140,140,140,140,140,140,140,140,140,091,141,141,141,141,141,141,141,141,141,141,141,141,141,141,141,141,141,141,141,141,141,141,141,141,141,141,141,141,141,142,091,142,142,142,142,142,142,142,142,142,142,142,142,142,142,142,142,142,142,142,142,142,142,142,142,142,142,142,091,143,143,143,143,143,143,143,143,143,143,143,143,143,143,143,143,143,143,143,143,143,143,143,143,143,143,143,142,091,233,255
230,123,091,128,128,128,128,128,128,128,128,128,128,128,128,128,128,128,128,128,128,128,128,128,128,128,128,128,128,128,091,129,129,129,129,129,129,129,129,129,129,129,129,129,129,129,129,129,129,129,129,129,129,129,129,129,129,129,129,091,130,130,130,130,130,130,130,130,130,130,130,130,130,130,130,130,130,130,130,130,130,130,130,130,130,130,130,130,130,091,131,131,131,131,131,131,131,131,131,131,131,131,131,131,131,131,131,131,131,131,131,131,131,131,131,131,131,131,091,132,132,132,132,132,132,132,132,132,132,132,132,132,132,132,132,132,132,132,132,132,132,132,132,132,132,132,132,091,133,133,133,133,133,133,133,133,133,133,133,133,133,133,133,133,133,133,133,133,133,133,133,133,133,133,133,133,091,134,134,134,134,134,134,134,134,134,134,134,134,134,134,134,134,134,134,134,134,134,134,134,134,134,134,134,134,134,091,135,135,135,135,135,135,135,135,135,135,135,135,135,135,135,135,135,135,135,135,135,135,135,135,135,135,135,135,135,091,136,136,136,136,136,136,136,136,136,136,136,136,136,136,136,136,136,136,136,136,136,136,136,136,136,136,136,136,091,137,137,137,137,137,137,137,137,137,137,137,137,137,137,137,137,137,137,137,137,137,137,137,137,137,137,137,137,091,138,138,138,138,138,138,138,138,138,138,138,138,138,138,138,138,138,138,138,138,138,138,138,138,138,138,138,138,138,091,139,139,139,139,139,139,139,139,139,139,139,139,139,139,139,139,139,139,139,139,139,139,139,139,139,139,139,139,091,140,140,140,140,140,140,140,140,140,140,140,140,140,140,140,140,140,140,140,140,140,140,140,140,140,140,140,140,091,141,141,141,141,141,141,141,141,141,141,141,141,141,141,141,141,141,141,141,141,141,141,141,141,141,141,141,141,141,142,091,142,142,142,142,142,142,142,142,142,142,142,142,142,142,142,142,142,142,142,142,142,142,142,142,142,142,142,091,143,143,143,143,143,143,143,143,143,143,143,143,143,143,143,143,143,143,143,143,143,143,143,143,143,143,143,142,091,233,255
230,123,091,128,128,128,128,128,128,128,128,128,128,128,128,128,128,128,128,128,128,128,128,128,128,128,128,128,128,128,091,129,129,129,129,129,129,129,129,129,129,129,129,129,129,129,129,129,129,129,129,129,129,129,129,129,129,129,129,091,130,130,130,130,130,130,130,130,130,130,130,130,130,130,130,130,130,130,130,130,130,130,130,130,130,130,130,130,130,091,131,131,131,131,131,131,131,131,131,131,131,131,131,131,131,131,131,131,131,131,131,131,131,131,131,131,131,131,091,132,132,132,132,132,132,132,132,132,132,132,132,132,132,132,132,132,132,132,132,132,132,132,132,132,132,132,132,091,133,133,133,133,133,133,133,133,133,133,133,133,133,133,133,133,133,133,133,133,133,133,133,133,133,133,133,133,091,134,134,134,134,134,134,134,134,134,134,134,134,134,134,134,134,134,134,134,134,134,134,134,134,134,134,134,134,134,091,135,135,135,135,135,135,135,135,135,135,135,135,135,135,135,135,135,135,135,135,135,135,135,135,135,135,135,135,135,091,136,136,136,136,136,136,136,136,136,136,136,136,136,136,136,136,136,136,136,136,136,136,136,136,136,136,136,136,091,137,137,137,137,137,137,137,137,137,137,137,137,137,137,137,137,137,137,137,137,137,137,137,137,137,137,137,137,091,138,138,138,138,138,138,138,138,138,138,138,138,138,138,138,138,138,138,138,138,138,138,138,138,138,138,138,138,138,091,139,139,139,139,139,139,139,139,139,139,139,139,139,139,139,139,139,139,139,139,139,139,139,139,139,139,139,139,091,140,140,140,140,140,140,140,140,140,140,140,140,140,140,140,140,140,140,140,140,140,140,140,140,140,140,140,140,091,141,141,141,141,141,141,141,141,141,141,141,141,141,141,141,141,141,141,141,141,141,141,141,141,141,141,141,141,141,142,091,142,142,142,142,142,142,142,142,142,142,142,142,142,142,142,142,142,142,142,142,142,142,142,142,142,142,142,091,143,143,143,143,143,143,143,143,143,143,143,143,143,143,143,143,143,143,143,143,143,143,143,143,143,143,143,142,091,233,255
230,123,091,128,128,128,128,128,128,128,128,128,128,128,128,128,128,128,128,128,128,128,128,128,128,128,128,128,128,128,091,129,129,129,129,129,129,129,129,129,129,129,129,129,129,129,129,129,129,129,129,129,129,129,129,129,129,129,129,091,130,130,130,130,130,130,130,130,130,130,130,130,130,130,130,130,130,130,130,130,130,130,130,130,130,130,130,130,130,091,131,131,131,131,131,131,131,131,131,131,131,131,131,131,131,131,131,131,131,131,131,131,131,131,131,131,131,131,091,132,132,132,132,132,132,132,132,132,132,132,132,132,132,132,132,132,132,132,132,132,132,132,132,132,132,132,132,091,133,133,133,133,133,133,133,133,133,133,133,133,133,133,133,133,133,133,133,133,133,133,133,133,133,133,133,133,091,134,134,134,134,134,134,134,134,134,134,134,134,134,134,134,134,134,134,134,134,134,134,134,134,134,134,134,134,134,091,135,135,135,135,135,135,135,135,135,135,135,135,135,135,135,135,135,135,135,135,135,135,135,135,135,135,135,135,135,091,136,136,136,136,136,136,136,136,136,136,136,136,136,136,136,136,136,136,136,136,136,136,136,136,136,136,136,136,091,137,137,137,137,137,137,137,137,137,137,137,137,137,137,137,137,137,137,137,137,137,137,137,137,137,137,137,137,091,138,138,138,138,138,138,138,138,138,138,138,138,138,138,138,138,138,138,138,138,138,138,138,138,138,138,138,138,138,091,139,139,139,139,139,139,139,139,139,139,139,139,139,139,139,139,139,139,139,139,139,139,139,139,139,139,139,139,091,140,140,140,140,140,140,140,140,140,140,140,140,140,140,140,140,140,140,140,140,140,140,140,140,140,140,140,140,091,141,141,141,141,141,141,141,141,141,141,141,141,141,141,141,141,141,141,141,141,141,141,141,141,141,141,141,141,141,142,091,142,142,142,142,142,142,142,142,142,142,142,142,142,142,142,142,142,142,142,142,142,142,142,142,142,142,142,091,143,143,143,143,143,143,143,143,143,143,143,143,143,143,143,143,143,143,143,143,143,143,143,143,143,143,143,142,091,233,255
230,123,091,128,128,128,128,128,128,128,128,128,128,128,128,128,128,128,128,128,128,128,128,128,128,128,128,128,128,128,091,129,129,129,129,129,129,129,129,129,129,129,129,129,129,129,129,129,129,129,129,129,129,129,129,129,129,129,129,091,130,130,130,130,130,130,130,130,130,130,130,130,130,130,130,130,130,130,130,130,130,130,130,130,130,130,130,130,130,091,131,131,131,131,131,131,131,131,131,131,131,131,131,131,131,131,131,131,131,131,131,131,131,131,131,131,131,131,091,132,132,132,132,132,132,132,132,132,132,132,132,132,132,132,132,132,132,132,132,132,132,132,132,132,132,132,132,091,133,133,133,133,133,133,133,133,133,133,133,133,133,133,133,133,133,133,133,133,133,133,133,133,133,133,133,133,091,134,134,134,134,134,134,134,134,134,134,134,134,134,134,134,134,134,134,134,134,134,134,134,134,134,134,134,134,134,091,135,135,135,135,135,135,135,135,135,135,135,135,135,135,135,135,135,135,135,135,135,135,135,135,135,135,135,135,135,091,136,136,136,136,136,136,136,136,136,136,136,136,136,136,136,136,136,136,136,136,136,136,136,136,136,136,136,136,091,137,137,137,137,137,137,137,137,137,137,137,137,137,137,137,137,137,137,137,137,137,137,137,137,137,137,137,137,091,138,138,138,138,138,138,138,138,138,138,138,138,138,138,138,138,138,138,138,138,138,138,138,138,138,138,138,138,138,091,139,139,139,139,139,139,139,139,139,139,139,139,139,139,139,139,139,139,139,139,139,139,139,139,139,139,139,139,091,140,140,140,140,140,140,140,140,140,140,140,140,140,140,140,140,140,140,140,140,140,140,140,140,140,140,140,140,091,141,141,141,141,141,141,141,141,141,141,141,141,141,141,141,141,141,141,141,141,141,141,141,141,141,141,141,141,141,142,091,142,142,142,142,142,142,142,142,142,142,142,142,142,142,142,142,142,142,142,142,142,142,142,142,142,142,142,091,143,143,143,143,143,143,143,143,143,143,143,143,143,143,143,143,143,143,143,143,143,143,143,143,143,143,143,142,091,233,255
230,123,091,128,128,128,128,128,128,128,128,128,128,128,128,128,128,128,128,128,128,128,128,128,128,128,128,128,128,128,091,129,129,129,129,129,129,129,129,129,129,129,129,129,129,129,129,129,129,129,129,129,129,129,129,129,129,129,129,091,130,130,130,130,130,130,130,130,130,130,130,130,130,130,130,130,130,130,130,130,130,130,130,130,130,130,130,130,130,091,131,131,131,131,131,131,131,131,131,131,131,131,131,131,131,131,131,131,131,131,131,131,131,131,131,131,131,131,091,132,132,132,132,132,132,132,132,132,132,132,132,132,132,132,132,132,132,132,132,132,132,132,132,132,132,132,132,091,133,133,133,133,133,133,133,133,133,133,133,133,133,133,133,133,133,133,133,133,133,133,133,133,133,133,133,133,091,134,134,134,134,134,134,134,134,134,134,134,134,134,134,134,134,134,134,134,134,134,134,134,134,134,134,134,134,134,091,135,135,135,135,135,135,135,135,135,135,135,135,135,135,135,135,135,135,135,135,135,135,135,135,135,135,135,135,135,091,136,136,136,136,136,136,136,136,136,136,136,136,136,136,136,136,136,136,136,136,136,136,136,136,136,136,136,136,091,137,137,137,137,137,137,137,137,137,137,137,137,137,137,137,137,137,137,137,137,137,137,137,137,137,137,137,137,091,138,138,138,138,138,138,138,138,138,138,138,138,138,138,138,138,138,138,138,138,138,138,138,138,138,138,138,138,138,091,139,139,139,139,139,139,139,139,139,139,139,139,139,139,139,139,139,139,139,139,139,139,139,139,139,139,139,139,091,140,140,140,140,140,140,140,140,140,140,140,140,140,140,140,140,140,140,140,140,140,140,140,140,140,140,140,140,091,141,141,141,141,141,141,141,141,141,141,141,141,141,141,141,141,141,141,141,141,141,141,141,141,141,141,141,141,141,142,091,142,142,142,142,142,142,142,142,142,142,142,142,142,142,142,142,142,142,142,142,142,142,142,142,142,142,142,091,143,143,143,143,143,143,143,143,143,143,143,143,143,143,143,143,143,143,143,143,143,143,143,143,143,143,143,142,091,233,255
230,123,091,128,128,128,128,128,128,128,128,128,128,128,128,128,128,128,128,128,128,128,128,128,128,128,128,128,128,128,091,129,129,129,129,129,129,129,129,129,129,129,129,129,129,129,129,129,129,129,129,129,129,129,129,129,129,129,129,091,130,130,130,130,130,130,130,130,130,130,130,130,130,130,130,130,130,130,130,130,130,130,130,130,130,130,130,130,130,091,131,131,131,131,131,131,131,131,131,131,131,131,131,131,131,131,131,131,131,131,131,131,131,131,131,131,131,131,091,132,132,132,132,132,132,132,132,132,132,132,132,132,132,132,132,132,132,132,132,132,132,132,132,132,132,132,132,091,133,133,133,133,133,133,133,133,133,133,133,133,133,133,133,133,133,133,133,133,133,133,133,133,133,133,133,133,091,134,134,134,134,134,134,134,134,134,134,134,134,134,134,134,134,134,134,134,134,134,134,134,134,134,134,134,134,134,091,135,135,135,135,135,135,135,135,135,135,135,135,135,135,135,135,135,135,135,135,135,135,135,135,135,135,135,135,135,091,136,136,136,136,136,136,136,136,136,136,136,136,136,136,136,136,136,136,136,136,136,136,136,136,136,136,136,136,091,137,137,137,137,137,137,137,137,137,137,137,137,137,137,137,137,137,137,137,137,137,137,137,137,137,137,137,137,091,138,138,138,138,138,138,138,138,138,138,138,138,138,138,138,138,138,138,138,138,138,138,138,138,138,138,138,138,138,091,139,139,139,139,139,139,139,139,139,139,139,139,139,139,139,139,139,139,139,139,139,139,139,139,139,139,139,139,091,140,140,140,140,140,140,140,140,140,140,140,140,140,140,140,140,140,140,140,140,140,140,140,140,140,140,140,140,091,141,141,141,141,141,141,141,141,141,141,141,141,141,141,141,141,141,141,141,141,141,141,141,141,141,141,141,141,141,142,091,142,142,142,142,142,142,142,142,142,142,142,142,142,142,142,142,142,142,142,142,142,142,142,142,142,142,142,091,143,143,143,143,143,143,143,143,143,143,143,143,143,143,143,143,143,143,143,143,143,143,143,143,143,143,143,142,091,233,255
230,123,091,128,128,128,128,128,128,128,128,128,128,128,128,128,128,128,128,128,128,128,128,128,128,128,128,128,128,128,091,129,129,129,129,129,129,129,129,129,129,129,129,129,129,129,129,129,129,129,129,129,129,129,129,129,129,129,129,091,130,130,130,130,130,130,130,130,130,130,130,130,130,130,130,130,130,130,130,130,130,130,130,130,130,130,130,130,130,091,131,131,131,131,131,131,131,131,131,131,131,131,131,131,131,131,131,131,131,131,131,131,131,131,131,131,131,131,091,132,132,132,132,132,132,132,132,132,132,132,132,132,132,132,132,132,132,132,132,132,132,132,132,132,132,132,132,091,133,133,133,133,133,133,133,133,133,133,133,133,133,133,133,133,133,133,133,133,133,133,133,133,133,133,133,133,091,134,134,134,134,134,134,134,134,134,134,134,134,134,134,134,134,134,134,134,134,134,134,134,134,134,134,134,134,134,091,135,135,135,135,135,135,135,135,135,135,135,135,135,135,135,135,135,135,135,135,135,135,135,135,135,135,135,135,135,091,136,136,136,136,136,136,136,136,136,136,136,136,136,136,136,136,136,136,136,136,136,136,136,136,136,136,136,136,091,137,137,137,137,137,137,137,137,137,137,137,137,137,137,137,137,137,137,137,137,137,137,137,137,137,137,137,137,091,138,138,138,138,138,138,138,138,138,138,138,138,138,138,138,138,138,138,138,138,138,138,138,138,138,138,138,138,138,091,139,139,139,139,139,139,139,139,139,139,139,139,139,139,139,139,139,139,139,139,139,139,139,139,139,139,139,139,091,140,140,140,140,140,140,140,140,140,140,140,140,140,140,140,140,140,140,140,140,140,140,140,140,140,140,140,140,091,141,141,141,141,141,141,141,141,141,141,141,141,141,141,141,141,141,141,141,141,141,141,141,141,141,141,141,141,141,142,091,142,142,142,142,142,142,142,142,142,142,142,142,142,142,142,142,142,142,142,142,142,142,142,142,142,142,142,091,143,143,143,143,143,143,143,143,143,143,143,143,143,143,143,143,143,143,143,143,143,143,143,143,143,143,143,142,091,233,255
230,123,091,128,128,128,128,128,128,128,128,128,128,128,128,128,128,128,128,128,128,128,128,128,128,128,128,128,128,128,091,129,129,129,129,129,129,129,129,129,129,129,129,129,129,129,129,129,129,129,129,129,129,129,129,129,129,129,129,091,130,130,130,130,130,130,130,130,130,130,130,130,130,130,130,130,130,130,130,130,130,130,130,130,130,130,130,130,130,091,131,131,131,131,131,131,131,131,131,131,131,131,131,131,131,131,131,131,131,131,131,131,131,131,131,131,131,131,091,132,132,132,132,132,132,132,132,132,132,132,132,132,132,132,132,132,132,132,132,132,132,132,132,132,132,132,132,091,133,133,133,133,133,133,133,133,133,133,133,133,133,133,133,133,133,133,133,133,133,133,133,133,133,133,133,133,091,134,134,134,134,134,134,134,134,134,134,134,134,134,134,134,134,134,134,134,134,134,134,134,134,134,134,134,134,134,091,135,135,135,135,135,135,135,135,135,135,135,135,135,135,135,135,135,135,135,135,135,135,135,135,135,135,135,135,135,091,136,136,136,136,136,136,136,136,136,136,136,136,136,136,136,136,136,136,136,136,136,136,136,136,136,136,136,136,091,137,137,137,137,137,137,137,137,137,137,137,137,137,137,137,137,137,137,137,137,137,137,137,137,137,137,137,137,091,138,138,138,138,138,138,138,138,138,138,138,138,138,138,138,138,138,138,138,138,138,138,138,138,138,138,138,138,138,091,139,139,139,139,139,139,139,139,139,139,139,139,139,139,139,139,139,139,139,139,139,139,139,139,139,139,139,139,091,140,140,140,140,140,140,140,140,140,140,140,140,140,140,140,140,140,140,140,140,140,140,140,140,140,140,140,140,091,141,141,141,141,141,141,141,141,141,141,141,141,141,141,141,141,141,141,141,141,141,141,141,141,141,141,141,141,141,142,091,142,142,142,142,142,142,142,142,142,142,142,142,142,142,142,142,142,142,142,142,142,142,142,142,142,142,142,091,143,143,143,143,143,143,143,143,143,143,143,143,143,143,143,143,143,143,143,143,143,143,143,143,143,143,143,142,091,233,255
230,123,091,128,128,128,128,128,128,128,128,128,128,128,128,128,128,128,128,128,128,128,128,128,128,128,128,128,128,128,091,129,129,129,129,129,129,129,129,129,129,129,129,129,129,129,129,129,129,129,129,129,129,129,129,129,129,129,129,091,130,130,130,130,130,130,130,130,130,130,130,130,130,130,130,130,130,130,130,130,130,130,130,130,130,130,130,130,130,091,131,131,131,131,131,131,131,131,131,131,131,131,131,131,131,131,131,131,131,131,131,131,131,131,131,131,131,131,091,132,132,132,132,132,132,132,132,132,132,132,132,132,132,132,132,132,132,132,132,132,132,132,132,132,132,132,132,091,133,133,133,133,133,133,133,133,133,133,133,133,133,133,133,133,133,133,133,133,133,133,133,133,133,133,133,133,091,134,134,134,134,134,134,134,134,134,134,134,134,134,134,134,134,134,134,134,134,134,134,134,134,134,134,134,134,134,091,135,135,135,135,135,135,135,135,135,135,135,135,135,135,135,135,135,135,135,135,135,135,135,135,135,135,135,135,135,091,136,136,136,136,136,136,136,136,136,136,136,136,136,136,136,136,136,136,136,136,136,136,136,136,136,136,136,136,091,137,137,137,137,137,137,137,137,137,137,137,137,137,137,137,137,137,137,137,137,137,137,137,137,137,137,137,137,091,138,138,138,138,138,138,138,138,138,138,138,138,138,138,138,138,138,138,138,138,138,138,138,138,138,138,138,138,138,091,139,139,139,139,139,139,139,139,139,139,139,139,139,139,139,139,139,139,139,139,139,139,139,139,139,139,139,139,091,140,140,140,140,140,140,140,140,140,140,140,140,140,140,140,140,140,140,140,140,140,140,140,140,140,140,140,140,091,141,141,141,141,141,141,141,141,141,141,141,141,141,141,141,141,141,141,141,141,141,141,141,141,141,141,141,141,141,142,091,142,142,142,142,142,142,142,142,142,142,142,142,142,142,142,142,142,142,142,142,142,142,142,142,142,142,142,091,143,143,143,143,143,143,143,143,143,143,143,143,143,143,143,143,143,143,143,143,143,143,143,143,143,143,143,142,091,233,255
230,123,091,128,128,128,128,128,128,128,128,128,128,128,128,128,128,128,128,128,128,128,128,128,128,128,128,128,128,128,091,129,129,129,129,129,129,129,129,129,129,129,129,129,129,129,129,129,129,129,129,129,129,129,129,129,129,129,129,091,130,130,130,130,130,130,130,130,130,130,130,130,130,130,130,130,130,130,130,130,130,130,130,130,130,130,130,130,130,091,131,131,131,131,131,131,131,131,131,131,131,131,131,131,131,131,131,131,131,131,131,131,131,131,131,131,131,131,091,132,132,132,132,132,132,132,132,132,132,132,132,132,132,132,132,132,132,132,132,132,132,132,132,132,132,132,132,091,133,133,133,133,133,133,133,133,133,133,133,133,133,133,133,133,133,133,133,133,133,133,133,133,133,133,133,133,091,134,134,134,134,134,134,134,134,134,134,134,134,134,134,134,134,134,134,134,134,134,134,134,134,134,134,134,134,134,091,135,135,135,135,135,135,135,135,135,135,135,135,135,135,135,135,135,135,135,135,135,135,135,135,135,135,135,135,135,091,136,136,136,136,136,136,136,136,136,136,136,136,136,136,136,136,136,136,136,136,136,136,136,136,136,136,136,136,091,137,137,137,137,137,137,137,137,137,137,137,137,137,137,137,137,137,137,137,137,137,137,137,137,137,137,137,137,091,138,138,138,138,138,138,138,138,138,138,138,138,138,138,138,138,138,138,138,138,138,138,138,138,138,138,138,138,138,091,139,139,139,139,139,139,139,139,139,139,139,139,139,139,139,139,139,139,139,139,139,139,139,139,139,139,139,139,091,140,140,140,140,140,140,140,140,140,140,140,140,140,140,140,140,140,140,140,140,140,140,140,140,140,140,140,140,091,141,141,141,141,141,141,141,141,141,141,141,141,141,141,141,141,141,141,141,141,141,141,141,141,141,141,141,141,141,142,091,142,142,142,142,142,142,142,142,142,142,142,142,142,142,142,142,142,142,142,142,142,142,142,142,142,142,142,091,143,143,143,143,143,143,143,143,143,143,143,143,143,143,143,143,143,143,143,143,143,143,143,143,143,143,143,142,091,233,255
230,123,091,128,128,128,128,128,128,128,128,128,128,128,128,128,128,128,128,128,128,128,128,128,128,128,128,128,128,128,091,129,129,129,129,129,129,129,129,129,129,129,129,129,129,129,129,129,129,129,129,129,129,129,129,129,129,129,129,091,130,130,130,130,130,130,130,130,130,130,130,130,130,130,130,130,130,130,130,130,130,130,130,130,130,130,130,130,130,091,131,131,131,131,131,131,131,131,131,131,131,131,131,131,131,131,131,131,131,131,131,131,131,131,131,131,131,131,091,132,132,132,132,132,132,132,132,132,132,132,132,132,132,132,132,132,132,132,132,132,132,132,132,132,132,132,132,091,133,133,133,133,133,133,133,133,133,133,133,133,133,133,133,133,133,133,133,133,133,133,133,133,133,133,133,133,091,134,134,134,134,134,134,134,134,134,134,134,134,134,134,134,134,134,134,134,134,134,134,134,134,134,134,134,134,134,091,135,135,135,135,135,135,135,135,135,135,135,135,135,135,135,135,135,135,135,135,135,135,135,135,135,135,135,135,135,091,136,136,136,136,136,136,136,136,136,136,136,136,136,136,136,136,136,136,136,136,136,136,136,136,136,136,136,136,091,137,137,137,137,137,137,137,137,137,137,137,137,137,137,137,137,137,137,137,137,137,137,137,137,137,137,137,137,091,138,138,138,138,138,138,138,138,138,138,138,138,138,138,138,138,138,138,138,138,138,138,138,138,138,138,138,138,138,091,139,139,139,139,139,139,139,139,139,139,139,139,139,139,139,139,139,139,139,139,139,139,139,139,139,139,139,139,091,140,140,140,140,140,140,140,140,140,140,140,140,140,140,140,140,140,140,140,140,140,140,140,140,140,140,140,140,091,141,141,141,141,141,141,141,141,141,141,141,141,141,141,141,141,141,141,141,141,141,141,141,141,141,141,141,141,141,142,091,142,142,142,142,142,142,142,142,142,142,142,142,142,142,142,142,142,142,142,142,142,142,142,142,142,142,142,091,143,143,143,143,143,143,143,143,143,143,143,143,143,143,143,143,143,143,143,143,143,143,143,143,143,143,143,142,091,233,255
230,123,091,128,128,128,128,128,128,128,128,128,128,128,128,128,128,128,128,128,128,128,128,128,128,128,128,128,128,128,091,129,129,129,129,129,129,129,129,129,129,129,129,129,129,129,129,129,129,129,129,129,129,129,129,129,129,129,129,091,130,130,130,130,130,130,130,130,130,130,130,130,130,130,130,130,130,130,130,130,130,130,130,130,130,130,130,130,130,091,131,131,131,131,131,131,131,131,131,131,131,131,131,131,131,131,131,131,131,131,131,131,131,131,131,131,131,131,091,132,132,132,132,132,132,132,132,132,132,132,132,132,132,132,132,132,132,132,132,132,132,132,132,132,132,132,132,091,133,133,133,133,133,133,133,133,133,133,133,133,133,133,133,133,133,133,133,133,133,133,133,133,133,133,133,133,091,134,134,134,134,134,134,134,134,134,134,134,134,134,134,134,134,134,134,134,134,134,134,134,134,134,134,134,134,134,091,135,135,135,135,135,135,135,135,135,135,135,135,135,135,135,135,135,135,135,135,135,135,135,135,135,135,135,135,135,091,136,136,136,136,136,136,136,136,136,136,136,136,136,136,136,136,136,136,136,136,136,136,136,136,136,136,136,136,091,137,137,137,137,137,137,137,137,137,137,137,137,137,137,137,137,137,137,137,137,137,137,137,137,137,137,137,137,091,138,138,138,138,138,138,138,138,138,138,138,138,138,138,138,138,138,138,138,138,138,138,138,138,138,138,138,138,138,091,139,139,139,139,139,139,139,139,139,139,139,139,139,139,139,139,139,139,139,139,139,139,139,139,139,139,139,139,091,140,140,140,140,140,140,140,140,140,140,140,140,140,140,140,140,140,140,140,140,140,140,140,140,140,140,140,140,091,141,141,141,141,141,141,141,141,141,141,141,141,141,141,141,141,141,141,141,141,141,141,141,141,141,141,141,141,141,142,091,142,142,142,142,142,142,142,142,142,142,142,142,142,142,142,142,142,142,142,142,142,142,142,142,142,142,142,091,143,143,143,143,143,143,143,143,143,143,143,143,143,143,143,143,143,143,143,143,143,143,143,143,143,143,143,142,091,233,255
230,123,091,128,128,128,128,128,128,128,128,128,128,128,128,128,128,128,128,128,128,128,128,128,128,128,128,128,128,128,091,129,129,129,129,129,129,129,129,129,129,129,129,129,129,129,129,129,129,129,129,129,129,129,129,129,129,129,129,091,130,130,130,130,130,130,130,130,130,130,130,130,130,130,130,130,130,130,130,130,130,130,130,130,130,130,130,130,130,091,131,131,131,131,131,131,131,131,131,131,131,131,131,131,131,131,131,131,131,131,131,131,131,131,131,131,131,131,091,132,132,132,132,132,132,132,132,132,132,132,132,132,132,132,132,132,132,132,132,132,132,132,132,132,132,132,132,091,133,133,133,133,133,133,133,133,133,133,133,133,133,133,133,133,133,133,133,133,133,133,133,133,133,133,133,133,091,134,134,134,134,134,134,134,134,134,134,134,134,134,134,134,134,134,134,134,134,134,134,134,134,134,134,134,134,134,091,135,135,135,135,135,135,135,135,135,135,135,135,135,135,135,135,135,135,135,135,135,135,135,135,135,135,135,135,135,091,136,136,136,136,136,136,136,136,136,136,136,136,136,136,136,136,136,136,136,136,136,136,136,136,136,136,136,136,091,137,137,137,137,137,137,137,137,137,137,137,137,137,137,137,137,137,137,137,137,137,137,137,137,137,137,137,137,091,138,138,138,138,138,138,138,138,138,138,138,138,138,138,138,138,138,138,138,138,138,138,138,138,138,138,138,138,138,091,139,139,139,139,139,139,139,139,139,139,139,139,139,139,139,139,139,139,139,139,139,139,139,139,139,139,139,139,091,140,140,140,140,140,140,140,140,140,140,140,140,140,140,140,140,140,140,140,140,140,140,140,140,140,140,140,140,091,141,141,141,141,141,141,141,141,141,141,141,141,141,141,141,141,141,141,141,141,141,141,141,141,141,141,141,141,141,142,091,142,142,142,142,142,142,142,142,142,142,142,142,142,142,142,142,142,142,142,142,142,142,142,142,142,142,142,091,143,143,143,143,143,143,143,143,143,143,143,143,143,143,143,143,143,143,143,143,143,143,143,143,143,143,143,142,091,233,255
230,123,091,128,128,128,128,128,128,128,128,128,128,128,128,128,128,128,128,128,128,128,128,128,128,128,128,128,128,128,091,129,129,129,129,129,129,129,129,129,129,129,129,129,129,129,129,129,129,129,129,129,129,129,129,129,129,129,129,091,130,130,130,130,130,130,130,130,130,130,130,130,130,130,130,130,130,130,130,130,130,130,130,130,130,130,130,130,130,091,131,131,131,131,131,131,131,131,131,131,131,131,131,131,131,131,131,131,131,131,131,131,131,131,131,131,131,131,091,132,132,132,132,132,132,132,132,132,132,132,132,132,132,132,132,132,132,132,132,132,132,132,132,132,132,132,132,091,133,133,133,133,133,133,133,133,133,133,133,133,133,133,133,133,133,133,133,133,133,133,133,133,133,133,133,133,091,134,134,134,134,134,134,134,134,134,134,134,134,134,134,134,134,134,134,134,134,134,134,134,134,134,134,134,134,134,091,135,135,135,135,135,135,135,135,135,135,135,135,135,135,135,135,135,135,135,135,135,135,135,135,135,135,135,135,135,091,136,136,136,136,136,136,136,136,136,136,136,136,136,136,136,136,136,136,136,136,136,136,136,136,136,136,136,136,091,137,137,137,137,137,137,137,137,137,137,137,137,137,137,137,137,137,137,137,137,137,137,137,137,137,137,137,137,091,138,138,138,138,138,138,138,138,138,138,138,138,138,138,138,138,138,138,138,138,138,138,138,138,138,138,138,138,138,091,139,139,139,139,139,139,139,139,139,139,139,139,139,139,139,139,139,139,139,139,139,139,139,139,139,139,139,139,091,140,140,140,140,140,140,140,140,140,140,140,140,140,140,140,140,140,140,140,140,140,140,140,140,140,140,140,140,091,141,141,141,141,141,141,141,141,141,141,141,141,141,141,141,141,141,141,141,141,141,141,141,141,141,141,141,141,141,142,091,142,142,142,142,142,142,142,142,142,142,142,142,142,142,142,142,142,142,142,142,142,142,142,142,142,142,142,091,143,143,143,143,143,143,143,143,143,143,143,143,143,143,143,143,143,143,143,143,143,143,143,143,143,143,143,142,091,233,255
242,125,091,128,128,128,128,128,128,128,128,128,128,128,128,128,128,128,128,128,128,128,128,128,128,128,128,128,128,128,091,129,129,129,129,129,129,129,129,129,129,129,129,129,129,129,129,129,129,129,129,129,129,129,129,129,129,129,129,091,130,130,130,130,130,130,130,130,130,130,130,130,130,130,130,130,130,130,130,130,130,130,130,130,130,130,130,130,130,091,131,131,131,131,131,131,131,131,131,131,131,131,131,131,131,131,131,131,131,131,131,131,131,131,131,131,131,131,091,132,132,132,132,132,132,132,132,132,132,132,132,132,132,132,132,132,132,132,132,132,132,132,132,132,132,132,132,091,133,133,133,133,133,133,133,133,133,133,133,133,133,133,133,133,133,133,133,133,133,133,133,133,133,133,133,133,091,134,134,134,134,134,134,134,134,134,134,134,134,134,134,134,134,134,134,134,134,134,134,134,134,134,134,134,134,134,091,135,135,135,135,135,135,135,135,135,135,135,135,135,135,135,135,135,135,135,135,135,135,135,135,135,135,135,135,135,091,136,136,136,136,136,136,136,136,136,136,136,136,136,136,136,136,136,136,136,136,136,136,136,136,136,136,136,136,091,137,137,137,137,137,137,137,137,137,137,137,137,137,137,137,137,137,137,137,137,137,137,137,137,137,137,137,137,091,138,138,138,138,138,138,138,138,138,138,138,138,138,138,138,138,138,138,138,138,138,138,138,138,138,138,138,138,138,091,139,139,139,139,139,139,139,139,139,139,139,139,139,139,139,139,139,139,139,139,139,139,139,139,139,139,139,139,091,140,140,140,140,140,140,140,140,140,140,140,140,140,140,140,140,140,140,140,140,140,140,140,140,140,140,140,140,091,141,141,141,141,141,141,141,141,141,141,141,141,141,141,141,141,141,141,141,141,141,141,141,141,141,141,141,141,141,142,091,142,142,142,142,142,142,142,142,142,142,142,142,142,142,142,142,142,142,142,142,142,142,142,142,142,142,142,091,143,143,143,143,143,143,143,143,143,143,143,143,143,143,143,143,143,143,143,143,143,143,143,143,143,143,143,142,091,245,255
147,127,091,127,127,127,127,127,127,127,127,127,127,127,127,127,127,127,127,127,127,127,127,127,127,127,127,127,127,127,091,128,128,128,128,128,128,128,128,128,128,128,128,128,128,128,128,128,128,128,128,128,128,128,128,128,128,128,128,091,129,129,129,129,129,129,129,129,129,129,129,129,129,129,129,129,129,129,129,129,129,129,129,129,129,129,129,129,129,091,130,130,130,130,130,130,130,130,130,130,130,130,130,130,130,130,130,130,130,130,130,130,130,130,130,130,130,130,091,131,131,131,131,131,131,131,131,131,131,131,131,131,131,131,131,131,131,131,131,131,131,131,131,131,131,131,131,091,132,132,132,132,132,132,132,132,132,132,132,132,132,132,132,132,132,132,132,132,132,132,132,132,132,132,132,132,091,133,133,133,133,133,133,133,133,133,133,133,133,133,133,133,133,133,133,133,133,133,133,133,133,133,133,133,133,133,091,134,134,134,134,134,134,134,134,134,134,134,134,134,134,134,134,134,134,134,134,134,134,134,134,134,134,134,134,134,091,135,135,135,135,135,135,135,135,135,135,135,135,135,135,135,135,135,135,135,135,135,135,135,135,135,135,135,135,091,136,136,136,136,136,136,136,136,136,136,136,136,136,136,136,136,136,136,136,136,136,136,136,136,136,136,136,136,091,137,137,137,137,137,137,137,137,137,137,137,137,137,137,137,137,137,137,137,137,137,137,137,137,137,137,137,137,137,091,138,138,138,138,138,138,138,138,138,138,138,138,138,138,138,138,138,138,138,138,138,138,138,138,138,138,138,138,091,139,139,139,139,139,139,139,139,139,139,139,139,139,139,139,139,139,139,139,139,139,139,139,139,139,139,139,139,091,140,140,140,140,140,140,140,140,140,140,140,140,140,140,140,140,140,140,140,140,140,140,140,140,140,140,140,140,140,140,091,141,141,141,141,141,141,141,141,141,141,141,141,141,141,141,141,141,141,141,141,141,141,141,141,141,141,141,091,142,142,142,142,142,142,142,142,142,142,142,142,142,142,142,142,142,142,142,142,142,142,142,142,142,142,142,142,091,150,153
091,091,091,091,091,091,091,091,091,091,091,091,091,091,091,091,091,091,091,091,091,091,091,091,091,091,091,091,091,091,091,091,091,091,091,091,091,091,091,091,091,091,091,091,091,091,091,091,091,091,091,091,091,091,091,091,091,091,091,091,091,091,091,091,091,091,091,091,091,091,091,091,091,091,091,091,091,091,091,091,091,091,091,091,091,091,091,091,091,091,091,091,091,091,091,091,091,091,091,091,091,091,091,091,091,091,091,091,091,091,091,091,091,091,091,091,091,091,091,091,091,091,091,091,091,091,091,091,091,091,091,091,091,091,091,091,091,091,091,091,091,091,091,091,091,091,091,091,091,091,091,091,091,091,091,091,091,091,091,091,091,091,091,091,091,091,091,091,091,091,091,091,091,091,091,091,091,091,091,091,091,091,091,091,091,091,091,091,091,091,091,091,091,091,091,091,091,091,091,091,091,091,091,091,091,091,091,091,091,091,091,091,091,091,091,091,091,091,091,091,091,091,091,091,091,091,091,091,091,091,091,091,091,091,091,091,091,091,091,091,091,091,091,091,091,091,091,091,091,091,091,091,091,091,091,091,091,091,091,091,091,091,091,091,091,091,091,091,091,091,091,091,091,091,091,091,091,091,091,091,091,091,091,091,091,091,091,091,091,091,091,091,091,091,091,091,091,091,091,091,091,091,091,091,091,091,091,091,091,091,091,091,091,091,091,091,091,091,091,091,091,091,091,091,091,091,091,091,091,091,091,091,091,091,091,091,091,091,091,091,091,091,091,091,091,091,091,091,091,091,091,091,091,091,091,091,091,091,091,091,091,091,091,091,091,091,091,091,091,091,091,091,091,091,091,091,091,091,091,091,091,091,091,091,091,091,091,091,091,091,091,091,091,091,091,091,091,091,091,091,091,091,091,091,091,091,091,091,091,091,091,091,091,091,091,091,091,091,091,091,091,091,091,091,091,091,091,091,091,091,091,091,091,091,091,091,091,091,091,091,091,091,091,091,091,091,091,091,091,091,091,091,091,091,091,091,091,091,091,091,091,091,091,091,091,091,091,091,091,091,091,091,000
191,145,091,145,145,145,145,145,145,145,145,145,145,145,145,145,145,145,145,145,145,145,145,145,145,145,145,145,145,145,091,146,146,146,146,146,146,146,146,146,146,146,146,146,146,146,146,146,146,146,146,146,146,146,146,146,146,146,146,091,147,147,147,147,147,147,147,147,147,147,147,147,147,147,147,147,147,147,147,147,147,147,147,147,147,147,147,147,147,091,148,148,148,148,148,148,148,148,148,148,148,148,148,148,148,148,148,148,148,148,148,148,148,148,148,148,148,148,091,149,149,149,149,149,149,149,149,149,149,149,149,149,149,149,149,149,149,149,149,149,149,149,149,149,149,149,149,091,150,150,150,150,150,150,150,150,150,150,150,150,150,150,150,150,150,150,150,150,150,150,150,150,150,150,150,150,091,151,151,151,151,151,151,151,151,151,151,151,151,151,151,151,151,151,151,151,151,151,151,151,151,151,151,151,151,151,091,152,152,152,152,152,152,152,152,152,152,152,152,152,152,152,152,152,152,152,152,152,152,152,152,152,152,152,152,152,091,153,153,153,153,153,153,153,153,153,153,153,153,153,153,153,153,153,153,153,153,153,153,153,153,153,153,153,153,091,154,154,154,154,154,154,154,154,154,154,154,154,154,154,154,154,154,154,154,154,154,154,154,154,154,154,154,154,091,155,155,155,155,155,155,155,155,155,155,155,155,155,155,155,155,155,155,155,155,155,155,155,155,155,155,155,155,155,091,156,156,156,156,156,156,156,156,156,156,156,156,156,156,156,156,156,156,156,156,156,156,156,156,156,156,156,156,091,157,157,157,157,157,157,157,157,157,157,157,157,157,157,157,157,157,157,157,157,157,157,157,157,157,157,157,157,091,158,158,158,158,158,158,158,158,158,158,158,158,158,158,158,158,158,158,158,158,158,158,158,158,158,158,158,158,158,159,091,159,159,159,159,159,159,159,159,159,159,159,159,159,159,159,159,159,159,159,159,159,159,159,159,159,159,159,091,160,160,160,160,160,160,160,160,160,160,160,160,160,160,160,160,160,160,160,160,160,160,160,160,160,160,160,160,091,194,206
241,141,091,144,144,144,144,144,144,144,144,144,144,144,144,144,144,144,144,144,144,144,144,144,144,144,144,144,144,144,091,145,145,145,145,145,145,145,145,145,145,145,145,145,145,145,145,145,145,145,145,145,145,145,145,145,145,145,145,091,146,146,146,146,146,146,146,146,146,146,146,146,146,146,146,146,146,146,146,146,146,146,146,146,146,146,146,146,146,091,147,147,147,147,147,147,147,147,147,147,147,147,147,147,147,147,147,147,147,147,147,147,147,147,147,147,147,147,091,148,148,148,148,148,148,148,148,148,148,148,148,148,148,148,148,148,148,148,148,148,148,148,148,148,148,148,148,091,149,149,149,149,149,149,149,149,149,149,149,149,149,149,149,149,149,149,149,149,149,149,149,149,149,149,149,149,091,150,150,150,150,150,150,150,150,150,150,150,150,150,150,150,150,150,150,150,150,150,150,150,150,150,150,150,150,150,091,151,151,151,151,151,151,151,151,151,151,151,151,151,151,151,151,151,151,151,151,151,151,151,151,151,151,151,151,151,091,152,152,152,152,152,152,152,152,152,152,152,152,152,152,152,152,152,152,152,152,152,152,152,152,152,152,152,152,091,153,153,153,153,153,153,153,153,153,153,153,153,153,153,153,153,153,153,153,153,153,153,153,153,153,153,153,153,091,154,154,154,154,154,154,154,154,154,154,154,154,154,154,154,154,154,154,154,154,154,154,154,154,154,154,154,154,154,091,155,155,155,155,155,155,155,155,155,155,155,155,155,155,155,155,155,155,155,155,155,155,155,155,155,155,155,155,091,156,156,156,156,156,156,156,156,156,156,156,156,156,156,156,156,156,156,156,156,156,156,156,156,156,156,156,156,091,157,157,157,157,157,157,157,157,157,157,157,157,157,157,157,157,157,157,157,157,157,157,157,157,157,157,157,157,157,158,091,158,158,158,158,158,158,158,158,158,158,158,158,158,158,158,158,158,158,158,158,158,158,158,158,158,158,158,091,159,159,159,159,159,159,159,159,159,159,159,159,159,159,159,159,159,159,159,159,159,159,159,159,159,159,159,158,091,244,255
233,140,091,144,144,144,144,144,144,144,144,144,144,144,144,144,144,144,144,144,144,144,144,144,144,144,144,144,144,144,091,145,145,145,145,145,145,145,145,145,145,145,145,145,145,145,145,145,145,145,145,145,145,145,145,145,145,145,145,091,146,146,146,146,146,146,146,146,146,146,146,146,146,146,146,146,146,146,146,146,146,146,146,146,146,146,146,146,146,091,147,147,147,147,147,147,147,147,147,147,147,147,147,147,147,147,147,147,147,147,147,147,147,147,147,147,147,147,091,148,148,148,148,148,148,148,148,148,148,148,148,148,148,148,148,148,148,148,148,148,148,148,148,148,148,148,148,091,149,149,149,149,149,149,149,149,149,149,149,149,149,149,149,149,149,149,149,149,149,149,149,149,149,149,149,149,091,150,150,150,150,150,150,150,150,150,150,150,150,150,150,150,150,150,150,150,150,150,150,150,150,150,150,150,150,150,091,151,151,151,151,151,151,151,151,151,151,151,151,151,151,151,151,151,151,151,151,151,151,151,151,151,151,151,151,151,091,152,152,152,152,152,152,152,152,152,152,152,152,152,152,152,152,152,152,152,152,152,152,152,152,152,152,152,152,091,153,153,153,153,153,153,153,153,153,153,153,153,153,153,153,153,153,153,153,153,153,153,153,153,153,153,153,153,091,154,154,154,154,154,154,154,154,154,154,154,154,154,154,154,154,154,154,154,154,154,154,154,154,154,154,154,154,154,091,155,155,155,155,155,155,155,155,155,155,155,155,155,155,155,155,155,155,155,155,155,155,155,155,155,155,155,155,091,156,156,156,156,156,156,156,156,156,156,156,156,156,156,156,156,156,156,156,156,156,156,156,156,156,156,156,156,091,157,157,157,157,157,157,157,157,157,157,157,157,157,157,157,157,157,157,157,157,157,157,157,157,157,157,157,157,157,158,091,158,158,158,158,158,158,158,158,158,158,158,158,158,158,158,158,158,158,158,158,158,158,158,158,158,158,158,091,159,159,159,159,159,159,159,159,159,159,159,159,159,159,159,159,159,159,159,159,159,159,159,159,159,159,159,158,091,236,255
233,140,091,144,144,144,144,144,144,144,144,144,144,144,144,144,144,144,144,144,144,144,144,144,144,144,144,144,144,144,091,145,145,145,145,145,145,145,145,145,145,145,145,145,145,145,145,145,145,145,145,145,145,145,145,145,145,145,145,091,146,146,146,146,146,146,146,146,146,146,146,146,146,146,146,146,146,146,146,146,146,146,146,146,146,146,146,146,146,091,147,147,147,147,147,147,147,147,147,147,147,147,147,147,147,147,147,147,147,147,147,147,147,147,147,147,147,147,091,148,148,148,148,148,148,148,148,148,148,148,148,148,148,148,148,148,148,148,148,148,148,148,148,148,148,148,148,091,149,149,149,149,149,149,149,149,149,149,149,149,149,149,149,149,149,149,149,149,149,149,149,149,149,149,149,149,091,150,150,150,150,150,150,150,150,150,150,150,150,150,150,150,150,150,150,150,150,150,150,150,150,150,150,150,150,150,091,151,151,151,151,151,151,151,151,151,151,151,151,151,151,151,151,151,151,151,151,151,151,151,151,151,151,151,151,151,091,152,152,152,152,152,152,152,152,152,152,152,152,152,152,152,152,152,152,152,152,152,152,152,152,152,152,152,152,091,153,153,153,153,153,153,153,153,153,153,153,153,153,153,153,153,153,153,153,153,153,153,153,153,153,153,153,153,091,154,154,154,154,154,154,154,154,154,154,154,154,154,154,154,154,154,154,154,154,154,154,154,154,154,154,154,154,154,091,155,155,155,155,155,155,155,155,155,155,155,155,155,155,155,155,155,155,155,155,155,155,155,155,155,155,155,155,091,156,156,156,156,156,156,156,156,156,156,156,156,156,156,156,156,156,156,156,156,156,156,156,156,156,156,156,156,091,157,157,157,157,157,157,157,157,157,157,157,157,157,157,157,157,157,157,157,157,157,157,157,157,157,157,157,157,157,158,091,158,158,158,158,158,158,158,158,158,158,158,158,158,158,158,158,158,158,158,158,158,158,158,158,158,158,158,091,159,159,159,159,159,159,159,159,159,159,159,159,159,159,159,159,159,159,159,159,159,159,159,159,159,159,159,158,091,236,255
233,140,091,144,144,144,144,144,144,144,144,144,144,144,144,144,144,144,144,144,144,144,144,144,144,144,144,144,144,144,091,145,145,145,145,145,145,145,145,145,145,145,145,145,145,145,145,145,145,145,145,145,145,145,145,145,145,145,145,091,146,146,146,146,146,146,146,146,146,146,146,146,146,146,146,146,146,146,146,146,146,146,146,146,146,146,146,146,146,091,147,147,147,147,147,147,147,147,147,147,147,147,147,147,147,147,147,147,147,147,147,147,147,147,147,147,147,147,091,148,148,148,148,148,148,148,148,148,148,148,148,148,148,148,148,148,148,148,148,148,148,148,148,148,148,148,148,091,149,149,149,149,149,149,149,149,149,149,149,149,149,149,149,149,149,149,149,149,149,149,149,149,149,149,149,149,091,150,150,150,150,150,150,150,150,150,150,150,150,150,150,150,150,150,150,150,150,150,150,150,150,150,150,150,150,150,091,151,151,151,151,151,151,151,151,151,151,151,151,151,151,151,151,151,151,151,151,151,151,151,151,151,151,151,151,151,091,152,152,152,152,152,152,152,152,152,152,152,152,152,152,152,152,152,152,152,152,152,152,152,152,152,152,152,152,091,153,153,153,153,153,153,153,153,153,153,153,153,153,153,153,153,153,153,153,153,153,153,153,153,153,153,153,153,091,154,154,154,154,154,154,154,154,154,154,154,154,154,154,154,154,154,154,154,154,154,154,154,154,154,154,154,154,154,091,155,155,155,155,155,155,155,155,155,155,155,155,155,155,155,155,155,155,155,155,155,155,155,155,155,155,155,155,091,156,156,156,156,156,156,156,156,156,156,156,156,156,156,156,156,156,156,156,156,156,156,156,156,156,156,156,156,091,157,157,157,157,157,157,157,157,157,157,157,157,157,157,157,157,157,157,157,157,157,157,157,157,157,157,157,157,157,158,091,158,158,158,158,158,158,158,158,158,158,158,158,158,158,158,158,158,158,158,158,158,158,158,158,158,158,158,091,159,159,159,159,159,159,159,159,159,159,159,159,159,159,159,159,159,159,159,159,159,159,159,159,159,159,159,158,091,236,255
233,140,091,144,144,144,144,144,144,144,144,144,144,144,144,144,144,144,144,144,144,144,144,144,144,144,144,144,144,144,091,145,145,145,145,145,145,145,145,145,145,145,145,145,145,145,145,145,145,145,145,145,145,145,145,145,145,145,145,091,146,146,146,146,146,146,146,146,146,146,146,146,146,146,146,146,146,146,146,146,146,146,146,146,146,146,146,146,146,091,147,147,147,147,147,147,147,147,147,147,147,147,147,147,147,147,147,147,147,147,147,147,147,147,147,147,147,147,091,148,148,148,148,148,148,148,148,148,148,148,148,148,148,148,148,148,148,148,148,148,148,148,148,148,148,148,148,091,149,149,149,149,149,149,149,149,149,149,149,149,149,149,149,149,149,149,149,149,149,149,149,149,149,149,149,149,091,150,150,150,150,150,150,150,150,150,150,150,150,150,150,150,150,150,150,150,150,150,150,150,150,150,150,150,150,150,091,151,151,151,151,151,151,151,151,151,151,151,151,151,151,151,151,151,151,151,151,151,151,151,151,151,151,151,151,151,091,152,152,152,152,152,152,152,152,152,152,152,152,152,152,152,152,152,152,152,152,152,152,152,152,152,152,152,152,091,153,153,153,153,153,153,153,153,153,153,153,153,153,153,153,153,153,153,153,153,153,153,153,153,153,153,153,153,091,154,154,154,154,154,154,154,154,154,154,154,154,154,154,154,154,154,154,154,154,154,154,154,154,154,154,154,154,154,091,155,155,155,155,155,155,155,155,155,155,155,155,155,155,155,155,155,155,155,155,155,155,155,155,155,155,155,155,091,156,156,156,156,156,156,156,156,156,156,156,156,156,156,156,156,156,156,156,156,156,156,156,156,156,156,156,156,091,157,157,157,157,157,157,157,157,157,157,157,157,157,157,157,157,157,157,157,157,157,157,157,157,157,157,157,157,157,158,091,158,158,158,158,158,158,158,158,158,158,158,158,158,158,158,158,158,158,158,158,158,158,158,158,158,158,158,091,159,159,159,159,159,159,159,159,159,159,159,159,159,159,159,159,159,159,159,159,159,159,159,159,159,159,159,158,091,236,255
233,140,091,144,144,144,144,144,144,144,144,144,144,144,144,144,144,144,144,144,144,144,144,144,144,144,144,144,144,144,091,145,145,145,145,145,145,145,145,145,145,145,145,145,145,145,145,145,145,145,145,145,145,145,145,145,145,145,145,091,146,146,146,146,146,146,146,146,146,146,146,146,146,146,146,146,146,146,146,146,146,146,146,146,146,146,146,146,146,091,147,147,147,147,147,147,147,147,147,147,147,147,147,147,147,147,147,147,147,147,147,147,147,147,147,147,147,147,091,148,148,148,148,148,148,148,148,148,148,148,148,148,148,148,148,148,148,148,148,148,148,148,148,148,148,148,148,091,149,149,149,149,149,149,149,149,149,149,149,149,149,149,149,149,149,149,149,149,149,149,149,149,149,149,149,149,091,150,150,150,150,150,150,150,150,150,150,150,150,150,150,150,150,150,150,150,150,150,150,150,150,150,150,150,150,150,091,151,151,151,151,151,151,151,151,151,151,151,151,151,151,151,151,151,151,151,151,151,151,151,151,151,151,151,151,151,091,152,152,152,152,152,152,152,152,152,152,152,152,152,152,152,152,152,152,152,152,152,152,152,152,152,152,152,152,091,153,153,153,153,153,153,153,153,153,153,153,153,153,153,153,153,153,153,153,153,153,153,153,153,153,153,153,153,091,154,154,154,154,154,154,154,154,154,154,154,154,154,154,154,154,154,154,154,154,154,154,154,154,154,154,154,154,154,091,155,155,155,155,155,155,155,155,155,155,155,155,155,155,155,155,155,155,155,155,155,155,155,155,155,155,155,155,091,156,156,156,156,156,156,156,156,156,156,156,156,156,156,156,156,156,156,156,156,156,156,156,156,156,156,156,156,091,157,157,157,157,157,157,157,157,157,157,157,157,157,157,157,157,157,157,157,157,157,157,157,157,157,157,157,157,157,158,091,158,158,158,158,158,158,158,158,158,158,158,158,158,158,158,158,158,158,158,158,158,158,158,158,158,158,158,091,159,159,159,159,159,159,159,159,159,159,159,159,159,159,159,159,159,159,159,159,159,159,159,159,159,159,159,158,091,236,255
233,140,091,144,144,144,144,144,144,144,144,144,144,144,144,144,144,144,144,144,144,144,144,144,144,144,144,144,144,144,091,145,145,145,145,145,145,145,145,145,145,145,145,145,145,145,145,145,145,145,145,145,145,145,145,145,145,145,145,091,146,146,146,146,146,146,146,146,146,146,146,146,146,146,146,146,146,146,146,146,146,146,146,146,146,146,146,146,146,091,147,147,147,147,147,147,147,147,147,147,147,147,147,147,147,147,147,147,147,147,147,147,147,147,147,147,147,147,091,148,148,148,148,148,148,148,148,148,148,148,148,148,148,148,148,148,148,148,148,148,148,148,148,148,148,148,148,091,149,149,149,149,149,149,149,149,149,149,149,149,149,149,149,149,149,149,149,149,149,149,149,149,149,149,149,149,091,150,150,150,150,150,150,150,150,150,150,150,150,150,150,150,150,150,150,150,150,150,150,150,150,150,150,150,150,150,091,151,151,151,151,151,151,151,151,151,151,151,151,151,151,151,151,151,151,151,151,151,151,151,151,151,151,151,151,151,091,152,152,152,152,152,152,152,152,152,152,152,152,152,152,152,152,152,152,152,152,152,152,152,152,152,152,152,152,091,153,153,153,153,153,153,153,153,153,153,153,153,153,153,153,153,153,153,153,153,153,153,153,153,153,153,153,153,091,154,154,154,154,154,154,154,154,154,154,154,154,154,154,154,154,154,154,154,154,154,154,154,154,154,154,154,154,154,091,155,155,155,155,155,155,155,155,155,155,155,155,155,155,155,155,155,155,155,155,155,155,155,155,155,155,155,155,091,156,156,156,156,156,156,156,156,156,156,156,156,156,156,156,156,156,156,156,156,156,156,156,156,156,156,156,156,091,157,157,157,157,157,157,157,157,157,157,157,157,157,157,157,157,157,157,157,157,157,157,157,157,157,157,157,157,157,158,091,158,158,158,158,158,158,158,158,158,158,158,158,158,158,158,158,158,158,158,158,158,158,158,158,158,158,158,091,159,159,159,159,159,159,159,159,159,159,159,159,159,159,159,159,159,159,159,159,159,159,159,159,159,159,159,158,091,236,255
233,140,091,144,144,144,144,144,144,144,144,144,144,144,144,144,144,144,144,144,144,144,144,144,144,144,144,144,144,144,091,145,145,145,145,145,145,145,145,145,145,145,145,145,145,145,145,145,145,145,145,145,145,145,145,145,145,145,145,091,146,146,146,146,146,146,146,146,146,146,146,146,146,146,146,146,146,146,146,146,146,146,146,146,146,146,146,146,146,091,147,147,147,147,147,147,147,147,147,147,147,147,147,147,147,147,147,147,147,147,147,147,147,147,147,147,147,147,091,148,148,148,148,148,148,148,148,148,148,148,148,148,148,148,148,148,148,148,148,148,148,148,148,148,148,148,148,091,149,149,149,149,149,149,149,149,149,149,149,149,149,149,149,149,149,149,149,149,149,149,149,149,149,149,149,149,091,150,150,150,150,150,150,150,150,150,150,150,150,150,150,150,150,150,150,150,150,150,150,150,150,150,150,150,150,150,091,151,151,151,151,151,151,151,151,151,151,151,151,151,151,151,151,151,151,151,151,151,151,151,151,151,151,151,151,151,091,152,152,152,152,152,152,152,152,152,152,152,152,152,152,152,152,152,152,152,152,152,152,152,152,152,152,152,152,091,153,153,153,153,153,153,153,153,153,153,153,153,153,153,153,153,153,153,153,153,153,153,153,153,153,153,153,153,091,154,154,154,154,154,154,154,154,154,154,154,154,154,154,154,154,154,154,154,154,154,154,154,154,154,154,154,154,154,091,155,155,155,155,155,155,155,155,155,155,155,155,155,155,155,155,155,155,155,155,155,155,155,155,155,155,155,155,091,156,156,156,156,156,156,156,156,156,156,156,156,156,156,156,156,156,156,156,156,156,156,156,156,156,156,156,156,091,157,157,157,157,157,157,157,157,157,157,157,157,157,157,157,157,157,157,157,157,157,157,157,157,157,157,157,157,157,158,091,158,158,158,158,158,158,158,158,158,158,158,158,158,158,158,158,158,158,158,158,158,158,158,158,158,158,158,091,159,159,159,159,159,159,159,159,159,159,159,159,159,159,159,159,159,159,159,159,159,159,159,159,159,159,159,158,091,236,255
233,140,091,144,144,144,144,144,144,144,144,144,144,144,144,144,144,144,144,144,144,144,144,144,144,144,144,144,144,144,091,145,145,145,145,145,145,145,145,145,145,145,145,145,145,145,145,145,145,145,145,145,145,145,145,145,145,145,145,091,146,146,146,146,146,146,146,146,146,146,146,146,146,146,146,146,146,146,146,146,146,146,146,146,146,146,146,146,146,091,147,147,147,147,147,147,147,147,147,147,147,147,147,147,147,147,147,147,147,147,147,147,147,147,147,147,147,147,091,148,148,148,148,148,148,148,148,148,148,148,148,148,148,148,148,148,148,148,148,148,148,148,148,148,148,148,148,091,149,149,149,149,149,149,149,149,149,149,149,149,149,149,149,149,149,149,149,149,149,149,149,149,149,149,149,149,091,150,150,150,150,150,150,150,150,150,150,150,150,150,150,150,150,150,150,150,150,150,150,150,150,150,150,150,150,150,091,151,151,151,151,151,151,151,151,151,151,151,151,151,151,151,151,151,151,151,151,151,151,151,151,151,151,151,151,151,091,152,152,152,152,152,152,152,152,152,152,152,152,152,152,152,152,152,152,152,152,152,152,152,152,152,152,152,152,091,153,153,153,153,153,153,153,153,153,153,153,153,153,153,153,153,153,153,153,153,153,153,153,153,153,153,153,153,091,154,154,154,154,154,154,154,154,154,154,154,154,154,154,154,154,154,154,154,154,154,154,154,154,154,154,154,154,154,091,155,155,155,155,155,155,155,155,155,155,155,155,155,155,155,155,155,155,155,155,155,155,155,155,155,155,155,155,091,156,156,156,156,156,156,156,156,156,156,156,156,156,156,156,156,156,156,156,156,156,156,156,156,156,156,156,156,091,157,157,157,157,157,157,157,157,157,157,157,157,157,157,157,157,157,157,157,157,157,157,157,157,157,157,157,157,157,158,091,158,158,158,158,158,158,158,158,158,158,158,158,158,158,158,158,158,158,158,158,158,158,158,158,158,158,158,091,159,159,159,159,159,159,159,159,159,159,159,159,159,159,159,159,159,159,159,159,159,159,159,159,159,159,159,158,091,236,255
233,140,091,144,144,144,144,144,144,144,144,144,144,144,144,144,144,144,144,144,144,144,144,144,144,144,144,144,144,144,091,145,145,145,145,145,145,145,145,145,145,145,145,145,145,145,145,145,145,145,145,145,145,145,145,145,145,145,145,091,146,146,146,146,146,146,146,146,146,146,146,146,146,146,146,146,146,146,146,146,146,146,146,146,146,146,146,146,146,091,147,147,147,147,147,147,147,147,147,147,147,147,147,147,147,147,147,147,147,147,147,147,147,147,147,147,147,147,091,148,148,148,148,148,148,148,148,148,148,148,148,148,148,148,148,148,148,148,148,148,148,148,148,148,148,148,148,091,149,149,149,149,149,149,149,149,149,149,149,149,149,149,149,149,149,149,149,149,149,149,149,149,149,149,149,149,091,150,150,150,150,150,150,150,150,150,150,150,150,150,150,150,150,150,150,150,150,150,150,150,150,150,150,150,150,150,091,151,151,151,151,151,151,151,151,151,151,151,151,151,151,151,151,151,151,151,151,151,151,151,151,151,151,151,151,151,091,152,152,152,152,152,152,152,152,152,152,152,152,152,152,152,152,152,152,152,152,152,152,152,152,152,152,152,152,091,153,153,153,153,153,153,153,153,153,153,153,153,153,153,153,153,153,153,153,153,153,153,153,153,153,153,153,153,091,154,154,154,154,154,154,154,154,154,154,154,154,154,154,154,154,154,154,154,154,154,154,154,154,154,154,154,154,154,091,155,155,155,155,155,155,155,155,155,155,155,155,155,155,155,155,155,155,155,155,155,155,155,155,155,155,155,155,091,156,156,156,156,156,156,156,156,156,156,156,156,156,156,156,156,156,156,156,156,156,156,156,156,156,156,156,156,091,157,157,157,157,157,157,157,157,157,157,157,157,157,157,157,157,157,157,157,157,157,157,157,157,157,157,157,157,157,158,091,158,158,158,158,158,158,158,158,158,158,158,158,158,158,158,158,158,158,158,158,158,158,158,158,158,158,158,091,159,159,159,159,159,159,159,159,159,159,159,159,159,159,159,159,159,159,159,159,159,159,159,159,159,159,159,158,091,236,255
233,140,091,144,144,144,144,144,144,144,144,144,144,144,144,144,144,144,144,144,144,144,144,144,144,144,144,144,144,144,091,145,145,145,145,145,145,145,145,145,145,145,145,145,145,145,145,145,145,145,145,145,145,145,145,145,145,145,145,091,146,146,146,146,146,146,146,146,146,146,146,146,146,146,146,146,146,146,146,146,146,146,146,146,146,146,146,146,146,091,147,147,147,147,147,147,147,147,147,147,147,147,147,147,147,147,147,147,147,147,147,147,147,147,147,147,147,147,091,148,148,148,148,148,148,148,148,148,148,148,148,148,148,148,148,148,148,148,148,148,148,148,148,148,148,148,148,091,149,149,149,149,149,149,149,149,149,149,149,149,149,149,149,149,149,149,149,149,149,149,149,149,149,149,149,149,091,150,150,150,150,150,150,150,150,150,150,150,150,150,150,150,150,150,150,150,150,150,150,150,150,150,150,150,150,150,091,151,151,151,151,151,151,151,151,151,151,151,151,151,151,151,151,151,151,151,151,151,151,151,151,151,151,151,151,151,091,152,152,152,152,152,152,152,152,152,152,152,152,152,152,152,152,152,152,152,152,152,152,152,152,152,152,152,152,091,153,153,153,153,153,153,153,153,153,153,153,153,153,153,153,153,153,153,153,153,153,153,153,153,153,153,153,153,091,154,154,154,154,154,154,154,154,154,154,154,154,154,154,154,154,154,154,154,154,154,154,154,154,154,154,154,154,154,091,155,155,155,155,155,155,155,155,155,155,155,155,155,155,155,155,155,155,155,155,155,155,155,155,155,155,155,155,091,156,156,156,156,156,156,156,156,156,156,156,156,156,156,156,156,156,156,156,156,156,156,156,156,156,156,156,156,091,157,157,157,157,157,157,157,157,157,157,157,157,157,157,157,157,157,157,157,157,157,157,157,157,157,157,157,157,157,158,091,158,158,158,158,158,158,158,158,158,158,158,158,158,158,158,158,158,158,158,158,158,158,158,158,158,158,158,091,159,159,159,159,159,159,159,159,159,159,159,159,159,159,159,159,159,159,159,159,159,159,159,159,159,159,159,158,091,236,255
233,140,091,144,144,144,144,144,144,144,144,144,144,144,144,144,144,144,144,144,144,144,144,144,144,144,144,144,144,144,091,145,145,145,145,145,145,145,145,145,145,145,145,145,145,145,145,145,145,145,145,145,145,145,145,145,145,145,145,091,146,146,146,146,146,146,146,146,146,146,146,146,146,146,146,146,146,146,146,146,146,146,146,146,146,146,146,146,146,091,147,147,147,147,147,147,147,147,147,147,147,147,147,147,147,147,147,147,147,147,147,147,147,147,147,147,147,147,091,148,148,148,148,148,148,148,148,148,148,148,148,148,148,148,148,148,148,148,148,148,148,148,148,148,148,148,148,091,149,149,149,149,149,149,149,149,149,149,149,149,149,149,149,149,149,149,149,149,149,149,149,149,149,149,149,149,091,150,150,150,150,150,150,150,150,150,150,150,150,150,150,150,150,150,150,150,150,150,150,150,150,150,150,150,150,150,091,151,151,151,151,151,151,151,151,151,151,151,151,151,151,151,151,151,151,151,151,151,151,151,151,151,151,151,151,151,091,152,152,152,152,152,152,152,152,152,152,152,152,152,152,152,152,152,152,152,152,152,152,152,152,152,152,152,152,091,153,153,153,153,153,153,153,153,153,153,153,153,153,153,153,153,153,153,153,153,153,153,153,153,153,153,153,153,091,154,154,154,154,154,154,154,154,154,154,154,154,154,154,154,154,154,154,154,154,154,154,154,154,154,154,154,154,154,091,155,155,155,155,155,155,155,155,155,155,155,155,155,155,155,155,155,155,155,155,155,155,155,155,155,155,155,155,091,156,156,156,156,156,156,156,156,156,156,156,156,156,156,156,156,156,156,156,156,156,156,156,156,156,156,156,156,091,157,157,157,157,157,157,157,157,157,157,157,157,157,157,157,157,157,157,157,157,157,157,157,157,157,157,157,157,157,158,091,158,158,158,158,158,158,158,158,158,158,158,158,158,158,158,158,158,158,158,158,158,158,158,158,158,158,158,091,159,159,159,159,159,159,159,159,159,159,159,159,159,159,159,159,159,159,159,159,159,159,159,159,159,159,159,158,091,236,255
233,140,091,144,144,144,144,144,144,144,144,144,144,144,144,144,144,144,144,144,144,144,144,144,144,144,144,144,144,144,091,145,145,145,145,145,145,145,145,145,145,145,145,145,145,145,145,145,145,145,145,145,145,145,145,145,145,145,145,091,146,146,146,146,146,146,146,146,146,146,146,146,146,146,146,146,146,146,146,146,146,146,146,146,146,146,146,146,146,091,147,147,147,147,147,147,147,147,147,147,147,147,147,147,147,147,147,147,147,147,147,147,147,147,147,147,147,147,091,148,148,148,148,148,148,148,148,148,148,148,148,148,148,148,148,148,148,148,148,148,148,148,148,148,148,148,148,091,149,149,149,149,149,149,149,149,149,149,149,149,149,149,149,149,149,149,149,149,149,149,149,149,149,149,149,149,091,150,150,150,150,150,150,150,150,150,150,150,150,150,150,150,150,150,150,150,150,150,150,150,150,150,150,150,150,150,091,151,151,151,151,151,151,151,151,151,151,151,151,151,151,151,151,151,151,151,151,151,151,151,151,151,151,151,151,151,091,152,152,152,152,152,152,152,152,152,152,152,152,152,152,152,152,152,152,152,152,152,152,152,152,152,152,152,152,091,153,153,153,153,153,153,153,153,153,153,153,153,153,153,153,153,153,153,153,153,153,153,153,153,153,153,153,153,091,154,154,154,154,154,154,154,154,154,154,154,154,154,154,154,154,154,154,154,154,154,154,154,154,154,154,154,154,154,091,155,155,155,155,155,155,155,155,155,155,155,155,155,155,155,155,155,155,155,155,155,155,155,155,155,155,155,155,091,156,156,156,156,156,156,156,156,156,156,156,156,156,156,156,156,156,156,156,156,156,156,156,156,156,156,156,156,091,157,157,157,157,157,157,157,157,157,157,157,157,157,157,157,157,157,157,157,157,157,157,157,157,157,157,157,157,157,158,091,158,158,158,158,158,158,158,158,158,158,158,158,158,158,158,158,158,158,158,158,158,158,158,158,158,158,158,091,159,159,159,159,159,159,159,159,159,159,159,159,159,159,159,159,159,159,159,159,159,159,159,159,159,159,159,158,091,236,255
233,140,091,144,144,144,144,144,144,144,144,144,144,144,144,144,144,144,144,144,144,144,144,144,144,144,144,144,144,144,091,145,145,145,145,145,145,145,145,145,145,145,145,145,145,145,145,145,145,145,145,145,145,145,145,145,145,145,145,091,146,146,146,146,146,146,146,146,146,146,146,146,146,146,146,146,146,146,146,146,146,146,146,146,146,146,146,146,146,091,147,147,147,147,147,147,147,147,147,147,147,147,147,147,147,147,147,147,147,147,147,147,147,147,147,147,147,147,091,148,148,148,148,148,148,148,148,148,148,148,148,148,148,148,148,148,148,148,148,148,148,148,148,148,148,148,148,091,149,149,149,149,149,149,149,149,149,149,149,149,149,149,149,149,149,149,149,149,149,149,149,149,149,149,149,149,091,150,150,150,150,150,150,150,150,150,150,150,150,150,150,150,150,150,150,150,150,150,150,150,150,150,150,150,150,150,091,151,151,151,151,151,151,151,151,151,151,151,151,151,151,151,151,151,151,151,151,151,151,151,151,151,151,151,151,151,091,152,152,152,152,152,152,152,152,152,152,152,152,152,152,152,152,152,152,152,152,152,152,152,152,152,152,152,152,091,153,153,153,153,153,153,153,153,153,153,153,153,153,153,153,153,153,153,153,153,153,153,153,153,153,153,153,153,091,154,154,154,154,154,154,154,154,154,154,154,154,154,154,154,154,154,154,154,154,154,154,154,154,154,154,154,154,154,091,155,155,155,155,155,155,155,155,155,155,155,155,155,155,155,155,155,155,155,155,155,155,155,155,155,155,155,155,091,156,156,156,156,156,156,156,156,156,156,156,156,156,156,156,156,156,156,156,156,156,156,156,156,156,156,156,156,091,157,157,157,157,157,157,157,157,157,157,157,157,157,157,157,157,157,157,157,157,157,157,157,157,157,157,157,157,157,158,091,158,158,158,158,158,158,158,158,158,158,158,158,158,158,158,158,158,158,158,158,158,158,158,158,158,158,158,091,159,159,159,159,159,159,159,159,159,159,159,159,159,159,159,159,159,159,159,159,159,159,159,159,159,159,159,158,091,236,255
233,140,091,144,144,144,144,144,144,144,144,144,144,144,144,144,144,144,144,144,144,144,144,144,144,144,144,144,144,144,091,145,145,145,145,145,145,145,145,145,145,145,145,145,145,145,145,145,145,145,145,145,145,145,145,145,145,145,145,091,146,146,146,146,146,146,146,146,146,146,146,146,146,146,146,146,146,146,146,146,146,146,146,146,146,146,146,146,146,091,147,147,147,147,147,147,147,147,147,147,147,147,147,147,147,147,147,147,147,147,147,147,147,147,147,147,147,147,091,148,148,148,148,148,148,148,148,148,148,148,148,148,148,148,148,148,148,148,148,148,148,148,148,148,148,148,148,091,149,149,149,149,149,149,149,149,149,149,149,149,149,149,149,149,149,149,149,149,149,149,149,149,149,149,149,149,091,150,150,150,150,150,150,150,150,150,150,150,150,150,150,150,150,150,150,150,150,150,150,150,150,150,150,150,150,150,091,151,151,151,151,151,151,151,151,151,151,151,151,151,151,151,151,151,151,151,151,151,151,151,151,151,151,151,151,151,091,152,152,152,152,152,152,152,152,152,152,152,152,152,152,152,152,152,152,152,152,152,152,152,152,152,152,152,152,091,153,153,153,153,153,153,153,153,153,153,153,153,153,153,153,153,153,153,153,153,153,153,153,153,153,153,153,153,091,154,154,154,154,154,154,154,154,154,154,154,154,154,154,154,154,154,154,154,154,154,154,154,154,154,154,154,154,154,091,155,155,155,155,155,155,155,155,155,155,155,155,155,155,155,155,155,155,155,155,155,155,155,155,155,155,155,155,091,156,156,156,156,156,156,156,156,156,156,156,156,156,156,156,156,156,156,156,156,156,156,156,156,156,156,156,156,091,157,157,157,157,157,157,157,157,157,157,157,157,157,157,157,157,157,157,157,157,157,157,157,157,157,157,157,157,157,158,091,158,158,158,158,158,158,158,158,158,158,158,158,158,158,158,158,158,158,158,158,158,158,158,158,158,158,158,091,159,159,159,159,159,159,159,159,159,159,159,159,159,159,159,159,159,159,159,159,159,159,159,159,159,159,159,158,091,236,255
233,140,091,144,144,144,144,144,144,144,144,144,144,144,144,144,144,144,144,144,144,144,144,144,144,144,144,144,144,144,091,145,145,145,145,145,145,145,145,145,145,145,145,145,145,145,145,145,145,145,145,145,145,145,145,145,145,145,145,091,146,146,146,146,146,146,146,146,146,146,146,146,146,146,146,146,146,146,146,146,146,146,146,146,146,146,146,146,146,091,147,147,147,147,147,147,147,147,147,147,147,147,147,147,147,147,147,147,147,147,147,147,147,147,147,147,147,147,091,148,148,148,148,148,148,148,148,148,148,148,148,148,148,148,148,148,148,148,148,148,148,148,148,148,148,148,148,091,149,149,149,149,149,149,149,149,149,149,149,149,149,149,149,149,149,149,149,149,149,149,149,149,149,149,149,149,091,150,150,150,150,150,150,150,150,150,150,150,150,150,150,150,150,150,150,150,150,150,150,150,150,150,150,150,150,150,091,151,151,151,151,151,151,151,151,151,151,151,151,151,151,151,151,151,151,151,151,151,151,151,151,151,151,151,151,151,091,152,152,152,152,152,152,152,152,152,152,152,152,152,152,152,152,152,152,152,152,152,152,152,152,152,152,152,152,091,153,153,153,153,153,153,153,153,153,153,153,153,153,153,153,153,153,153,153,153,153,153,153,153,153,153,153,153,091,154,154,154,154,154,154,154,154,154,154,154,154,154,154,154,154,154,154,154,154,154,154,154,154,154,154,154,154,154,091,155,155,155,155,155,155,155,155,155,155,155,155,155,155,155,155,155,155,155,155,155,155,155,155,155,155,155,155,091,156,156,156,156,156,156,156,156,156,156,156,156,156,156,156,156,156,156,156,156,156,156,156,156,156,156,156,156,091,157,157,157,157,157,157,157,157,157,157,157,157,157,157,157,157,157,157,157,157,157,157,157,157,157,157,157,157,157,158,091,158,158,158,158,158,158,158,158,158,158,158,158,158,158,158,158,158,158,158,158,158,158,158,158,158,158,158,091,159,159,159,159,159,159,159,159,159,159,159,159,159,159,159,159,159,159,159,159,159,159,159,159,159,159,159,158,091,236,255
233,140,091,144,144,144,144,144,144,144,144,144,144,144,144,144,144,144,144,144,144,144,144,144,144,144,144,144,144,144,091,145,145,145,145,145,145,145,145,145,145,145,145,145,145,145,145,145,145,145,145,145,145,145,145,145,145,145,145,091,146,146,146,146,146,146,146,146,146,146,146,146,146,146,146,146,146,146,146,146,146,146,146,146,146,146,146,146,146,091,147,147,147,147,147,147,147,147,147,147,147,147,147,147,147,147,147,147,147,147,147,147,147,147,147,147,147,147,091,148,148,148,148,148,148,148,148,148,148,148,148,148,148,148,148,148,148,148,148,148,148,148,148,148,148,148,148,091,149,149,149,149,149,149,149,149,149,149,149,149,149,149,149,149,149,149,149,149,149,149,149,149,149,149,149,149,091,150,150,150,150,150,150,150,150,150,150,150,150,150,150,150,150,150,150,150,150,150,150,150,150,150,150,150,150,150,091,151,151,151,151,151,151,151,151,151,151,151,151,151,151,151,151,151,151,151,151,151,151,151,151,151,151,151,151,151,091,152,152,152,152,152,152,152,152,152,152,152,152,152,152,152,152,152,152,152,152,152,152,152,152,152,152,152,152,091,153,153,153,153,153,153,153,153,153,153,153,153,153,153,153,153,153,153,153,153,153,153,153,153,153,153,153,153,091,154,154,154,154,154,154,154,154,154,154,154,154,154,154,154,154,154,154,154,154,154,154,154,154,154,154,154,154,154,091,155,155,155,155,155,155,155,155,155,155,155,155,155,155,155,155,155,155,155,155,155,155,155,155,155,155,155,155,091,156,156,156,156,156,156,156,156,156,156,156,156,156,156,156,156,156,156,156,156,156,156,156,156,156,156,156,156,091,157,157,157,157,157,157,157,157,157,157,157,157,157,157,157,157,157,157,157,157,157,157,157,157,157,157,157,157,157,158,091,158,158,158,158,158,158,158,158,158,158,158,158,158,158,158,158,158,158,158,158,158,158,158,158,158,158,158,091,159,159,159,159,159,159,159,159,159,159,159,159,159,159,159,159,159,159,159,159,159,159,159,159,159,159,159,158,091,236,255
233,140,091,144,144,144,144,144,144,144,144,144,144,144,144,144,144,144,144,144,144,144,144,144,144,144,144,144,144,144,091,145,145,145,145,145,145,145,145,145,145,145,145,145,145,145,145,145,145,145,145,145,145,145,145,145,145,145,145,091,146,146,146,146,146,146,146,146,146,146,146,146,146,146,146,146,146,146,146,146,146,146,146,146,146,146,146,146,146,091,147,147,147,147,147,147,147,147,147,147,147,147,147,147,147,147,147,147,147,147,147,147,147,147,147,147,147,147,091,148,148,148,148,148,148,148,148,148,148,148,148,148,148,148,148,148,148,148,148,148,148,148,148,148,148,148,148,091,149,149,149,149,149,149,149,149,149,149,149,149,149,149,149,149,149,149,149,149,149,149,149,149,149,149,149,149,091,150,150,150,150,150,150,150,150,150,150,150,150,150,150,150,150,150,150,150,150,150,150,150,150,150,150,150,150,150,091,151,151,151,151,151,151,151,151,151,151,151,151,151,151,151,151,151,151,151,151,151,151,151,151,151,151,151,151,151,091,152,152,152,152,152,152,152,152,152,152,152,152,152,152,152,152,152,152,152,152,152,152,152,152,152,152,152,152,091,153,153,153,153,153,153,153,153,153,153,153,153,153,153,153,153,153,153,153,153,153,153,153,153,153,153,153,153,091,154,154,154,154,154,154,154,154,154,154,154,154,154,154,154,154,154,154,154,154,154,154,154,154,154,154,154,154,154,091,155,155,155,155,155,155,155,155,155,155,155,155,155,155,155,155,155,155,155,155,155,155,155,155,155,155,155,155,091,156,156,156,156,156,156,156,156,156,156,156,156,156,156,156,156,156,156,156,156,156,156,156,156,156,156,156,156,091,157,157,157,157,157,157,157,157,157,157,157,157,157,157,157,157,157,157,157,157,157,157,157,157,157,157,157,157,157,158,091,158,158,158,158,158,158,158,158,158,158,158,158,158,158,158,158,158,158,158,158,158,158,158,158,158,158,158,091,159,159,159,159,159,159,159,159,159,159,159,159,159,159,159,159,159,159,159,159,159,159,159,159,159,159,159,158,091,236,255
233,140,091,144,144,144,144,144,144,144,144,144,144,144,144,144,144,144,144,144,144,144,144,144,144,144,144,144,144,144,091,145,145,145,145,145,145,145,145,145,145,145,145,145,145,145,145,145,145,145,145,145,145,145,145,145,145,145,145,091,146,146,146,146,146,146,146,146,146,146,146,146,146,146,146,146,146,146,146,146,146,146,146,146,146,146,146,146,146,091,147,147,147,147,147,147,147,147,147,147,147,147,147,147,147,147,147,147,147,147,147,147,147,147,147,147,147,147,091,148,148,148,148,148,148,148,148,148,148,148,148,148,148,148,148,148,148,148,148,148,148,148,148,148,148,148,148,091,149,149,149,149,149,149,149,149,149,149,149,149,149,149,149,149,149,149,149,149,149,149,149,149,149,149,149,149,091,150,150,150,150,150,150,150,150,150,150,150,150,150,150,150,150,150,150,150,150,150,150,150,150,150,150,150,150,150,091,151,151,151,151,151,151,151,151,151,151,151,151,151,151,151,151,151,151,151,151,151,151,151,151,151,151,151,151,151,091,152,152,152,152,152,152,152,152,152,152,152,152,152,152,152,152,152,152,152,152,152,152,152,152,152,152,152,152,091,153,153,153,153,153,153,153,153,153,153,153,153,153,153,153,153,153,153,153,153,153,153,153,153,153,153,153,153,091,154,154,154,154,154,154,154,154,154,154,154,154,154,154,154,154,154,154,154,154,154,154,154,154,154,154,154,154,154,091,155,155,155,155,155,155,155,155,155,155,155,155,155,155,155,155,155,155,155,155,155,155,155,155,155,155,155,155,091,156,156,156,156,156,156,156,156,156,156,156,156,156,156,156,156,156,156,156,156,156,156,156,156,156,156,156,156,091,157,157,157,157,157,157,157,157,157,157,157,157,157,157,157,157,157,157,157,157,157,157,157,157,157,157,157,157,157,158,091,158,158,158,158,158,158,158,158,158,158,158,158,158,158,158,158,158,158,158,158,158,158,158,158,158,158,158,091,159,159,159,159,159,159,159,159,159,159,159,159,159,159,159,159,159,159,159,159,159,159,159,159,159,159,159,158,091,236,255
233,140,091,144,144,144,144,144,144,144,144,144,144,144,144,144,144,144,144,144,144,144,144,144,144,144,144,144,144,144,091,145,145,145,145,145,145,145,145,145,145,145,145,145,145,145,145,145,145,145,145,145,145,145,145,145,145,145,145,091,146,146,146,146,146,146,146,146,146,146,146,146,146,146,146,146,146,146,146,146,146,146,146,146,146,146,146,146,146,091,147,147,147,147,147,147,147,147,147,147,147,147,147,147,147,147,147,147,147,147,147,147,147,147,147,147,147,147,091,148,148,148,148,148,148,148,148,148,148,148,148,148,148,148,148,148,148,148,148,148,148,148,148,148,148,148,148,091,149,149,149,149,149,149,149,149,149,149,149,149,149,149,149,149,149,149,149,149,149,149,149,149,149,149,149,149,091,150,150,150,150,150,150,150,150,150,150,150,150,150,150,150,150,150,150,150,150,150,150,150,150,150,150,150,150,150,091,151,151,151,151,151,151,151,151,151,151,151,151,151,151,151,151,151,151,151,151,151,151,151,151,151,151,151,151,151,091,152,152,152,152,152,152,152,152,152,152,152,152,152,152,152,152,152,152,152,152,152,152,152,152,152,152,152,152,091,153,153,153,153,153,153,153,153,153,153,153,153,153,153,153,153,153,153,153,153,153,153,153,153,153,153,153,153,091,154,154,154,154,154,154,154,154,154,154,154,154,154,154,154,154,154,154,154,154,154,154,154,154,154,154,154,154,154,091,155,155,155,155,155,155,155,155,155,155,155,155,155,155,155,155,155,155,155,155,155,155,155,155,155,155,155,155,091,156,156,156,156,156,156,156,156,156,156,156,156,156,156,156,156,156,156,156,156,156,156,156,156,156,156,156,156,091,157,157,157,157,157,157,157,157,157,157,157,157,157,157,157,157,157,157,157,157,157,157,157,157,157,157,157,157,157,158,091,158,158,158,158,158,158,158,158,158,158,158,158,158,158,158,158,158,158,158,158,158,158,158,158,158,158,158,091,159,159,159,159,159,159,159,159,159,159,159,159,159,159,159,159,159,159,159,159,159,159,159,159,159,159,159,158,091,236,255
233,140,091,144,144,144,144,144,144,144,144,144,144,144,144,144,144,144,144,144,144,144,144,144,144,144,144,144,144,144,091,145,145,145,145,145,145,145,145,145,145,145,145,145,145,145,145,145,145,145,145,145,145,145,145,145,145,145,145,091,146,146,146,146,146,146,146,146,146,146,146,146,146,146,146,146,146,146,146,146,146,146,146,146,146,146,146,146,146,091,147,147,147,147,147,147,147,147,147,147,147,147,147,147,147,147,147,147,147,147,147,147,147,147,147,147,147,147,091,148,148,148,148,148,148,148,148,148,148,148,148,148,148,148,148,148,148,148,148,148,148,148,148,148,148,148,148,091,149,149,149,149,149,149,149,149,149,149,149,149,149,149,149,149,149,149,149,149,149,149,149,149,149,149,149,149,091,150,150,150,150,150,150,150,150,150,150,150,150,150,150,150,150,150,150,150,150,150,150,150,150,150,150,150,150,150,091,151,151,151,151,151,151,151,151,151,151,151,151,151,151,151,151,151,151,151,151,151,151,151,151,151,151,151,151,151,091,152,152,152,152,152,152,152,152,152,152,152,152,152,152,152,152,152,152,152,152,152,152,152,152,152,152,152,152,091,153,153,153,153,153,153,153,153,153,153,153,153,153,153,153,153,153,153,153,153,153,153,153,153,153,153,153,153,091,154,154,154,154,154,154,154,154,154,154,154,154,154,154,154,154,154,154,154,154,154,154,154,154,154,154,154,154,154,091,155,155,155,155,155,155,155,155,155,155,155,155,155,155,155,155,155,155,155,155,155,155,155,155,155,155,155,155,091,156,156,156,156,156,156,156,156,156,156,156,156,156,156,156,156,156,156,156,156,156,156,156,156,156,156,156,156,091,157,157,157,157,157,157,157,157,157,157,157,157,157,157,157,157,157,157,157,157,157,157,157,157,157,157,157,157,157,158,091,158,158,158,158,158,158,158,158,158,158,158,158,158,158,158,158,158,158,158,158,158,158,158,158,158,158,158,091,159,159,159,159,159,159,159,159,159,159,159,159,159,159,159,159,159,159,159,159,159,159,159,159,159,159,159,158,091,236,255
233,140,091,144,144,144,144,144,144,144,144,144,144,144,144,144,144,144,144,144,144,144,144,144,144,144,144,144,144,144,091,145,145,145,145,145,145,145,145,145,145,145,145,145,145,145,145,145,145,145,145,145,145,145,145,145,145,145,145,091,146,146,146,146,146,146,146,146,146,146,146,146,146,146,146,146,146,146,146,146,146,146,146,146,146,146,146,146,146,091,147,147,147,147,147,147,147,147,147,147,147,147,147,147,147,147,147,147,147,147,147,147,147,147,147,147,147,147,091,148,148,148,148,148,148,148,148,148,148,148,148,148,148,148,148,148,148,148,148,148,148,148,148,148,148,148,148,091,149,149,149,149,149,149,149,149,149,149,149,149,149,149,149,149,149,149,149,149,149,149,149,149,149,149,149,149,091,150,150,150,150,150,150,150,150,150,150,150,150,150,150,150,150,150,150,150,150,150,150,150,150,150,150,150,150,150,091,151,151,151,151,151,151,151,151,151,151,151,151,151,151,151,151,151,151,151,151,151,151,151,151,151,151,151,151,151,091,152,152,152,152,152,152,152,152,152,152,152,152,152,152,152,152,152,152,152,152,152,152,152,152,152,152,152,152,091,153,153,153,153,153,153,153,153,153,153,153,153,153,153,153,153,153,153,153,153,153,153,153,153,153,153,153,153,091,154,154,154,154,154,154,154,154,154,154,154,154,154,154,154,154,154,154,154,154,154,154,154,154,154,154,154,154,154,091,155,155,155,155,155,155,155,155,155,155,155,155,155,155,155,155,155,155,155,155,155,155,155,155,155,155,155,155,091,156,156,156,156,156,156,156,156,156,156,156,156,156,156,156,156,156,156,156,156,156,156,156,156,156,156,156,156,091,157,157,157,157,157,157,157,157,157,157,157,157,157,157,157,157,157,157,157,157,157,157,157,157,157,157,157,157,157,158,091,158,158,158,158,158,158,158,158,158,158,158,158,158,158,158,158,158,158,158,158,158,158,158,158,158,158,158,091,159,159,159,159,159,159,159,159,159,159,159,159,159,159,159,159,159,159,159,159,159,159,159,159,159,159,159,158,091,236,255
233,140,091,144,144,144,144,144,144,144,144,144,144,144,144,144,144,144,144,144,144,144,144,144,144,144,144,144,144,144,091,145,145,145,145,145,145,145,145,145,145,145,145,145,145,145,145,145,145,145,145,145,145,145,145,145,145,145,145,091,146,146,146,146,146,146,146,146,146,146,146,146,146,146,146,146,146,146,146,146,146,146,146,146,146,146,146,146,146,091,147,147,147,147,147,147,147,147,147,147,147,147,147,147,147,147,147,147,147,147,147,147,147,147,147,147,147,147,091,148,148,148,148,148,148,148,148,148,148,148,148,148,148,148,148,148,148,148,148,148,148,148,148,148,148,148,148,091,149,149,149,149,149,149,149,149,149,149,149,149,149,149,149,149,149,149,149,149,149,149,149,149,149,149,149,149,091,150,150,150,150,150,150,150,150,150,150,150,150,150,150,150,150,150,150,150,150,150,150,150,150,150,150,150,150,150,091,151,151,151,151,151,151,151,151,151,151,151,151,151,151,151,151,151,151,151,151,151,151,151,151,151,151,151,151,151,091,152,152,152,152,152,152,152,152,152,152,152,152,152,152,152,152,152,152,152,152,152,152,152,152,152,152,152,152,091,153,153,153,153,153,153,153,153,153,153,153,153,153,153,153,153,153,153,153,153,153,153,153,153,153,153,153,153,091,154,154,154,154,154,154,154,154,154,154,154,154,154,154,154,154,154,154,154,154,154,154,154,154,154,154,154,154,154,091,155,155,155,155,155,155,155,155,155,155,155,155,155,155,155,155,155,155,155,155,155,155,155,155,155,155,155,155,091,156,156,156,156,156,156,156,156,156,156,156,156,156,156,156,156,156,156,156,156,156,156,156,156,156,156,156,156,091,157,157,157,157,157,157,157,157,157,157,157,157,157,157,157,157,157,157,157,157,157,157,157,157,157,157,157,157,157,158,091,158,158,158,158,158,158,158,158,158,158,158,158,158,158,158,158,158,158,158,158,158,158,158,158,158,158,158,091,159,159,159,159,159,159,159,159,159,159,159,159,159,159,159,159,159,159,159,159,159,159,159,159,159,159,159,158,091,236,255
233,140,091,144,144,144,144,144,144,144,144,144,144,144,144,144,144,144,144,144,144,144,144,144,144,144,144,144,144,144,091,145,145,145,145,145,145,145,145,145,145,145,145,145,145,145,145,145,145,145,145,145,145,145,145,145,145,145,145,091,146,146,146,146,146,146,146,146,146,146,146,146,146,146,146,146,146,146,146,146,146,146,146,146,146,146,146,146,146,091,147,147,147,147,147,147,147,147,147,147,147,147,147,147,147,147,147,147,147,147,147,147,147,147,147,147,147,147,091,148,148,148,148,148,148,148,148,148,148,148,148,148,148,148,148,148,148,148,148,148,148,148,148,148,148,148,148,091,149,149,149,149,149,149,149,149,149,149,149,149,149,149,149,149,149,149,149,149,149,149,149,149,149,149,149,149,091,150,150,150,150,150,150,150,150,150,150,150,150,150,150,150,150,150,150,150,150,150,150,150,150,150,150,150,150,150,091,151,151,151,151,151,151,151,151,151,151,151,151,151,151,151,151,151,151,151,151,151,151,151,151,151,151,151,151,151,091,152,152,152,152,152,152,152,152,152,152,152,152,152,152,152,152,152,152,152,152,152,152,152,152,152,152,152,152,091,153,153,153,153,153,153,153,153,153,153,153,153,153,153,153,153,153,153,153,153,153,153,153,153,153,153,153,153,091,154,154,154,154,154,154,154,154,154,154,154,154,154,154,154,154,154,154,154,154,154,154,154,154,154,154,154,154,154,091,155,155,155,155,155,155,155,155,155,155,155,155,155,155,155,155,155,155,155,155,155,155,155,155,155,155,155,155,091,156,156,156,156,156,156,156,156,156,156,156,156,156,156,156,156,156,156,156,156,156,156,156,156,156,156,156,156,091,157,157,157,157,157,157,157,157,157,157,157,157,157,157,157,157,157,157,157,157,157,157,157,157,157,157,157,157,157,158,091,158,158,158,158,158,158,158,158,158,158,158,158,158,158,158,158,158,158,158,158,158,158,158,158,158,158,158,091,159,159,159,159,159,159,159,159,159,159,159,159,159,159,159,159,159,159,159,159,159,159,159,159,159,159,159,158,091,236,255
233,140,091,144,144,144,144,144,144,144,144,144,144,144,144,144,144,144,144,144,144,144,144,144,144,144,144,144,144,144,091,145,145,145,145,145,145,145,145,145,145,145,145,145,145,145,145,145,145,145,145,145,145,145,145,145,145,145,145,091,146,146,146,146,146,146,146,146,146,146,146,146,146,146,146,146,146,146,146,146,146,146,146,146,146,146,146,146,146,091,147,147,147,147,147,147,147,147,147,147,147,147,147,147,147,147,147,147,147,147,147,147,147,147,147,147,147,147,091,148,148,148,148,148,148,148,148,148,148,148,148,148,148,148,148,148,148,148,148,148,148,148,148,148,148,148,148,091,149,149,149,149,149,149,149,149,149,149,149,149,149,149,149,149,149,149,149,149,149,149,149,149,149,149,149,149,091,150,150,150,150,150,150,150,150,150,150,150,150,150,150,150,150,150,150,150,150,150,150,150,150,150,150,150,150,150,091,151,151,151,151,151,151,151,151,151,151,151,151,151,151,151,151,151,151,151,151,151,151,151,151,151,151,151,151,151,091,152,152,152,152,152,152,152,152,152,152,152,152,152,152,152,152,152,152,152,152,152,152,152,152,152,152,152,152,091,153,153,153,153,153,153,153,153,153,153,153,153,153,153,153,153,153,153,153,153,153,153,153,153,153,153,153,153,091,154,154,154,154,154,154,154,154,154,154,154,154,154,154,154,154,154,154,154,154,154,154,154,154,154,154,154,154,154,091,155,155,155,155,155,155,155,155,155,155,155,155,155,155,155,155,155,155,155,155,155,155,155,155,155,155,155,155,091,156,156,156,156,156,156,156,156,156,156,156,156,156,156,156,156,156,156,156,156,156,156,156,156,156,156,156,156,091,157,157,157,157,157,157,157,157,157,157,157,157,157,157,157,157,157,157,157,157,157,157,157,157,157,157,157,157,157,158,091,158,158,158,158,158,158,158,158,158,158,158,158,158,158,158,158,158,158,158,158,158,158,158,158,158,158,158,091,159,159,159,159,159,159,159,159,159,159,159,159,159,159,159,159,159,159,159,159,159,159,159,159,159,159,159,158,091,236,255
237,140,091,144,144,144,144,144,144,144,144,144,144,144,144,144,144,144,144,144,144,144,144,144,144,144,144,144,144,144,091,145,145,145,145,145,145,145,145,145,145,145,145,145,145,145,145,145,145,145,145,145,145,145,145,145,145,145,145,091,146,146,146,146,146,146,146,146,146,146,146,146,146,146,146,146,146,146,146,146,146,146,146,146,146,146,146,146,146,091,147,147,147,147,147,147,147,147,147,147,147,147,147,147,147,147,147,147,147,147,147,147,147,147,147,147,147,147,091,148,148,148,148,148,148,148,148,148,148,148,148,148,148,148,148,148,148,148,148,148,148,148,148,148,148,148,148,091,149,149,149,149,149,149,149,149,149,149,149,149,149,149,149,149,149,149,149,149,149,149,149,149,149,149,149,149,091,150,150,150,150,150,150,150,150,150,150,150,150,150,150,150,150,150,150,150,150,150,150,150,150,150,150,150,150,150,091,151,151,151,151,151,151,151,151,151,151,151,151,151,151,151,151,151,151,151,151,151,151,151,151,151,151,151,151,151,091,152,152,152,152,152,152,152,152,152,152,152,152,152,152,152,152,152,152,152,152,152,152,152,152,152,152,152,152,091,153,153,153,153,153,153,153,153,153,153,153,153,153,153,153,153,153,153,153,153,153,153,153,153,153,153,153,153,091,154,154,154,154,154,154,154,154,154,154,154,154,154,154,154,154,154,154,154,154,154,154,154,154,154,154,154,154,154,091,155,155,155,155,155,155,155,155,155,155,155,155,155,155,155,155,155,155,155,155,155,155,155,155,155,155,155,155,091,156,156,156,156,156,156,156,156,156,156,156,156,156,156,156,156,156,156,156,156,156,156,156,156,156,156,156,156,091,157,157,157,157,157,157,157,157,157,157,157,157,157,157,157,157,157,157,157,157,157,157,157,157,157,157,157,157,157,158,091,158,158,158,158,158,158,158,158,158,158,158,158,158,158,158,158,158,158,158,158,158,158,158,158,158,158,158,091,159,159,159,159,159,159,159,159,159,159,159,159,159,159,159,159,159,159,159,159,159,159,159,159,159,159,159,158,091,240,255
221,143,091,143,143,143,143,143,143,143,143,143,143,143,143,143,143,143,143,143,143,143,143,143,143,143,143,143,143,143,091,144,144,144,144,144,144,144,144,144,144,144,144,144,144,144,144,144,144,144,144,144,144,144,144,144,144,144,144,091,145,145,145,145,145,145,145,145,145,145,145,145,145,145,145,145,145,145,145,145,145,145,145,145,145,145,145,145,145,091,146,146,146,146,146,146,146,146,146,146,146,146,146,146,146,146,146,146,146,146,146,146,146,146,146,146,146,146,091,147,147,147,147,147,147,147,147,147,147,147,147,147,147,147,147,147,147,147,147,147,147,147,147,147,147,147,147,091,148,148,148,148,148,148,148,148,148,148,148,148,148,148,148,148,148,148,148,148,148,148,148,148,148,148,148,148,091,149,149,149,149,149,149,149,149,149,149,149,149,149,149,149,149,149,149,149,149,149,149,149,149,149,149,149,149,149,091,150,150,150,150,150,150,150,150,150,150,150,150,150,150,150,150,150,150,150,150,150,150,150,150,150,150,150,150,150,091,151,151,151,151,151,151,151,151,151,151,151,151,151,151,151,151,151,151,151,151,151,151,151,151,151,151,151,151,091,152,152,152,152,152,152,152,152,152,152,152,152,152,152,152,152,152,152,152,152,152,152,152,152,152,152,152,152,091,153,153,153,153,153,153,153,153,153,153,153,153,153,153,153,153,153,153,153,153,153,153,153,153,153,153,153,153,153,091,154,154,154,154,154,154,154,154,154,154,154,154,154,154,154,154,154,154,154,154,154,154,154,154,154,154,154,154,091,155,155,155,155,155,155,155,155,155,155,155,155,155,155,155,155,155,155,155,155,155,155,155,155,155,155,155,155,091,156,156,156,156,156,156,156,156,156,156,156,156,156,156,156,156,156,156,156,156,156,156,156,156,156,156,156,156,156,157,091,157,157,157,157,157,157,157,157,157,157,157,157,157,157,157,157,157,157,157,157,157,157,157,157,157,157,157,091,158,158,158,158,158,158,158,158,158,158,158,158,158,158,158,158,158,158,158,158,158,158,158,158,158,158,158,158,091,224,245
091,091,091,091,091,091,091,091,091,091,091,091,091,091,091,091,091,091,091,091,091,091,091,091,091,091,091,091,091,091,091,091,091,091,091,091,091,091,091,091,091,091,091,091,091,091,091,091,091,091,091,091,091,091,091,091,091,091,091,091,091,091,091,091,091,091,091,091,091,091,091,091,091,091,091,091,091,091,091,091,091,091,091,091,091,091,091,091,091,091,091,091,091,091,091,091,091,091,091,091,091,091,091,091,091,091,091,091,091,091,091,091,091,091,091,091,091,091,091,091,091,091,091,091,091,091,091,091,091,091,091,091,091,091,091,091,091,091,091,091,091,091,091,091,091,091,091,091,091,091,091,091,091,091,091,091,091,091,091,091,091,091,091,091,091,091,091,091,091,091,091,091,091,091,091,091,091,091,091,091,091,091,091,091,091,091,091,091,091,091,091,091,091,091,091,091,091,091,091,091,091,091,091,091,091,091,091,091,091,091,091,091,091,091,091,091,091,091,091,091,091,091,091,091,091,091,091,091,091,091,091,091,091,091,091,091,091,091,091,091,091,091,091,091,091,091,091,091,091,091,091,091,091,091,091,091,091,091,091,091,091,091,091,091,091,091,091,091,091,091,091,091,091,091,091,091,091,091,091,091,091,091,091,091,091,091,091,091,091,091,091,091,091,091,091,091,091,091,091,091,091,091,091,091,091,091,091,091,091,091,091,091,091,091,091,091,091,091,091,091,091,091,091,091,091,091,091,091,091,091,091,091,091,091,091,091,091,091,091,091,091,091,091,091,091,091,091,091,091,091,091,091,091,091,091,091,091,091,091,091,091,091,091,091,091,091,091,091,091,091,091,091,091,091,091,091,091,091,091,091,091,091,091,091,091,091,091,091,091,091,091,091,091,091,091,091,091,091,091,091,091,091,091,091,091,091,091,091,091,091,091,091,091,091,091,091,091,091,091,091,091,091,091,091,091,091,091,091,091,091,091,091,091,091,091,091,091,091,091,091,091,091,091,091,091,091,091,091,091,091,091,091,091,091,091,091,091,091,091,091,091,091,091,091,091,091,091,091,091,091,091,091,091
109,161,091,161,161,161,161,161,161,161,161,161,161,161,161,161,161,161,161,161,161,161,161,161,161,161,161,161,161,161,091,162,162,162,162,162,162,162,162,162,162,162,162,162,162,162,162,162,162,162,162,162,162,162,162,162,162,162,162,091,163,163,163,163,163,163,163,163,163,163,163,163,163,163,163,163,163,163,163,163,163,163,163,163,163,163,163,163,163,091,164,164,164,164,164,164,164,164,164,164,164,164,164,164,164,164,164,164,164,164,164,164,164,164,164,164,164,164,091,165,165,165,165,165,165,165,165,165,165,165,165,165,165,165,165,165,165,165,165,165,165,165,165,165,165,165,165,091,166,166,166,166,166,166,166,166,166,166,166,166,166,166,166,166,166,166,166,166,166,166,166,166,166,166,166,166,091,166,167,167,167,167,167,167,167,167,167,167,167,167,167,167,167,167,167,167,167,167,167,167,167,167,167,167,167,167,091,168,168,168,168,168,168,168,168,168,168,168,168,168,168,168,168,168,168,168,168,168,168,168,168,168,168,168,168,168,091,169,169,169,169,169,169,169,169,169,169,169,169,169,169,169,169,169,169,169,169,169,169,169,169,169,169,169,169,091,170,170,170,170,170,170,170,170,170,170,170,170,170,170,170,170,170,170,170,170,170,170,170,170,170,170,170,170,091,171,171,171,171,171,171,171,171,171,171,171,171,171,171,171,171,171,171,171,171,171,171,171,171,171,171,171,171,171,091,172,172,172,172,172,172,172,172,172,172,172,172,172,172,172,172,172,172,172,172,172,172,172,172,172,172,172,172,091,173,173,173,173,173,173,173,173,173,173,173,173,173,173,173,173,173,173,173,173,173,173,173,173,173,173,173,173,091,174,174,174,174,174,174,174,174,174,174,174,174,174,174,174,174,174,174,174,174,174,174,174,174,174,174,174,174,174,174,091,175,175,175,175,175,175,175,175,175,175,175,175,175,175,175,175,175,175,175,175,175,175,175,175,175,175,175,091,176,176,176,176,176,176,176,176,176,176,176,176,176,176,176,176,176,176,176,176,176,176,176,176,176,176,176,176,091,112,091
249,159,091,160,160,160,160,160,160,160,160,160,160,160,160,160,160,160,160,160,160,160,160,160,160,160,160,160,160,160,091,161,161,161,161,161,161,161,161,161,161,161,161,161,161,161,161,161,161,161,161,161,161,161,161,161,161,161,161,091,162,162,162,162,162,162,162,162,162,162,162,162,162,162,162,162,162,162,162,162,162,162,162,162,162,162,162,162,162,091,163,163,163,163,163,163,163,163,163,163,163,163,163,163,163,163,163,163,163,163,163,163,163,163,163,163,163,163,091,164,164,164,164,164,164,164,164,164,164,164,164,164,164,164,164,164,164,164,164,164,164,164,164,164,164,164,164,091,165,165,165,165,165,165,165,165,165,165,165,165,165,165,165,165,165,165,165,165,165,165,165,165,165,165,165,165,091,166,166,166,166,166,166,166,166,166,166,166,166,166,166,166,166,166,166,166,166,166,166,166,166,166,166,166,166,166,091,167,167,167,167,167,167,167,167,167,167,167,167,167,167,167,167,167,167,167,167,167,167,167,167,167,167,167,167,167,091,168,168,168,168,168,168,168,168,168,168,168,168,168,168,168,168,168,168,168,168,168,168,168,168,168,168,168,168,091,169,169,169,169,169,169,169,169,169,169,169,169,169,169,169,169,169,169,169,169,169,169,169,169,169,169,169,169,091,170,170,170,170,170,170,170,170,170,170,170,170,170,170,170,170,170,170,170,170,170,170,170,170,170,170,170,170,170,091,171,171,171,171,171,171,171,171,171,171,171,171,171,171,171,171,171,171,171,171,171,171,171,171,171,171,171,171,091,172,172,172,172,172,172,172,172,172,172,172,172,172,172,172,172,172,172,172,172,172,172,172,172,172,172,172,172,091,173,173,173,173,173,173,173,173,173,173,173,173,173,173,173,173,173,173,173,173,173,173,173,173,173,173,173,173,173,174,091,174,174,174,174,174,174,174,174,174,174,174,174,174,174,174,174,174,174,174,174,174,174,174,174,174,174,174,091,175,175,175,175,175,175,175,175,175,175,175,175,175,175,175,175,175,175,175,175,175,175,175,175,175,175,175,175,091,252,255
236,156,091,160,160,160,160,160,160,160,160,160,160,160,160,160,160,160,160,160,160,160,160,160,160,160,160,160,160,160,091,161,161,161,161,161,161,161,161,161,161,161,161,161,161,161,161,161,161,161,161,161,161,161,161,161,161,161,161,091,162,162,162,162,162,162,162,162,162,162,162,162,162,162,162,162,162,162,162,162,162,162,162,162,162,162,162,162,162,091,163,163,163,163,163,163,163,163,163,163,163,163,163,163,163,163,163,163,163,163,163,163,163,163,163,163,163,163,091,164,164,164,164,164,164,164,164,164,164,164,164,164,164,164,164,164,164,164,164,164,164,164,164,164,164,164,164,091,165,165,165,165,165,165,165,165,165,165,165,165,165,165,165,165,165,165,165,165,165,165,165,165,165,165,165,165,091,166,166,166,166,166,166,166,166,166,166,166,166,166,166,166,166,166,166,166,166,166,166,166,166,166,166,166,166,166,091,167,167,167,167,167,167,167,167,167,167,167,167,167,167,167,167,167,167,167,167,167,167,167,167,167,167,167,167,167,091,168,168,168,168,168,168,168,168,168,168,168,168,168,168,168,168,168,168,168,168,168,168,168,168,168,168,168,168,091,169,169,169,169,169,169,169,169,169,169,169,169,169,169,169,169,169,169,169,169,169,169,169,169,169,169,169,169,091,170,170,170,170,170,170,170,170,170,170,170,170,170,170,170,170,170,170,170,170,170,170,170,170,170,170,170,170,170,091,171,171,171,171,171,171,171,171,171,171,171,171,171,171,171,171,171,171,171,171,171,171,171,171,171,171,171,171,091,172,172,172,172,172,172,172,172,172,172,172,172,172,172,172,172,172,172,172,172,172,172,172,172,172,172,172,172,091,173,173,173,173,173,173,173,173,173,173,173,173,173,173,173,173,173,173,173,173,173,173,173,173,173,173,173,173,173,174,091,174,174,174,174,174,174,174,174,174,174,174,174,174,174,174,174,174,174,174,174,174,174,174,174,174,174,174,091,175,175,175,175,175,175,175,175,175,175,175,175,175,175,175,175,175,175,175,175,175,175,175,175,175,175,175,174,091,239,255
236,156,091,160,160,160,160,160,160,160,160,160,160,160,160,160,160,160,160,160,160,160,160,160,160,160,160,160,160,160,091,161,161,161,161,161,161,161,161,161,161,161,161,161,161,161,161,161,161,161,161,161,161,161,161,161,161,161,161,091,162,162,162,162,162,162,162,162,162,162,162,162,162,162,162,162,162,162,162,162,162,162,162,162,162,162,162,162,162,091,163,163,163,163,163,163,163,163,163,163,163,163,163,163,163,163,163,163,163,163,163,163,163,163,163,163,163,163,091,164,164,164,164,164,164,164,164,164,164,164,164,164,164,164,164,164,164,164,164,164,164,164,164,164,164,164,164,091,165,165,165,165,165,165,165,165,165,165,165,165,165,165,165,165,165,165,165,165,165,165,165,165,165,165,165,165,091,166,166,166,166,166,166,166,166,166,166,166,166,166,166,166,166,166,166,166,166,166,166,166,166,166,166,166,166,166,091,167,167,167,167,167,167,167,167,167,167,167,167,167,167,167,167,167,167,167,167,167,167,167,167,167,167,167,167,167,091,168,168,168,168,168,168,168,168,168,168,168,168,168,168,168,168,168,168,168,168,168,168,168,168,168,168,168,168,091,169,169,169,169,169,169,169,169,169,169,169,169,169,169,169,169,169,169,169,169,169,169,169,169,169,169,169,169,091,170,170,170,170,170,170,170,170,170,170,170,170,170,170,170,170,170,170,170,170,170,170,170,170,170,170,170,170,170,091,171,171,171,171,171,171,171,171,171,171,171,171,171,171,171,171,171,171,171,171,171,171,171,171,171,171,171,171,091,172,172,172,172,172,172,172,172,172,172,172,172,172,172,172,172,172,172,172,172,172,172,172,172,172,172,172,172,091,173,173,173,173,173,173,173,173,173,173,173,173,173,173,173,173,173,173,173,173,173,173,173,173,173,173,173,173,173,174,091,174,174,174,174,174,174,174,174,174,174,174,174,174,174,174,174,174,174,174,174,174,174,174,174,174,174,174,091,175,175,175,175,175,175,175,175,175,175,175,175,175,175,175,175,175,175,175,175,175,175,175,175,175,175,175,174,091,239,255
236,156,091,160,160,160,160,160,160,160,160,160,160,160,160,160,160,160,160,160,160,160,160,160,160,160,160,160,160,160,091,161,161,161,161,161,161,161,161,161,161,161,161,161,161,161,161,161,161,161,161,161,161,161,161,161,161,161,161,091,162,162,162,162,162,162,162,162,162,162,162,162,162,162,162,162,162,162,162,162,162,162,162,162,162,162,162,162,162,091,163,163,163,163,163,163,163,163,163,163,163,163,163,163,163,163,163,163,163,163,163,163,163,163,163,163,163,163,091,164,164,164,164,164,164,164,164,164,164,164,164,164,164,164,164,164,164,164,164,164,164,164,164,164,164,164,164,091,165,165,165,165,165,165,165,165,165,165,165,165,165,165,165,165,165,165,165,165,165,165,165,165,165,165,165,165,091,166,166,166,166,166,166,166,166,166,166,166,166,166,166,166,166,166,166,166,166,166,166,166,166,166,166,166,166,166,091,167,167,167,167,167,167,167,167,167,167,167,167,167,167,167,167,167,167,167,167,167,167,167,167,167,167,167,167,167,091,168,168,168,168,168,168,168,168,168,168,168,168,168,168,168,168,168,168,168,168,168,168,168,168,168,168,168,168,091,169,169,169,169,169,169,169,169,169,169,169,169,169,169,169,169,169,169,169,169,169,169,169,169,169,169,169,169,091,170,170,170,170,170,170,170,170,170,170,170,170,170,170,170,170,170,170,170,170,170,170,170,170,170,170,170,170,170,091,171,171,171,171,171,171,171,171,171,171,171,171,171,171,171,171,171,171,171,171,171,171,171,171,171,171,171,171,091,172,172,172,172,172,172,172,172,172,172,172,172,172,172,172,172,172,172,172,172,172,172,172,172,172,172,172,172,091,173,173,173,173,173,173,173,173,173,173,173,173,173,173,173,173,173,173,173,173,173,173,173,173,173,173,173,173,173,174,091,174,174,174,174,174,174,174,174,174,174,174,174,174,174,174,174,174,174,174,174,174,174,174,174,174,174,174,091,175,175,175,175,175,175,175,175,175,175,175,175,175,175,175,175,175,175,175,175,175,175,175,175,175,175,175,174,091,239,255
236,156,091,160,160,160,160,160,160,160,160,160,160,160,160,160,160,160,160,160,160,160,160,160,160,160,160,160,160,160,091,161,161,161,161,161,161,161,161,161,161,161,161,161,161,161,161,161,161,161,161,161,161,161,161,161,161,161,161,091,162,162,162,162,162,162,162,162,162,162,162,162,162,162,162,162,162,162,162,162,162,162,162,162,162,162,162,162,162,091,163,163,163,163,163,163,163,163,163,163,163,163,163,163,163,163,163,163,163,163,163,163,163,163,163,163,163,163,091,164,164,164,164,164,164,164,164,164,164,164,164,164,164,164,164,164,164,164,164,164,164,164,164,164,164,164,164,091,165,165,165,165,165,165,165,165,165,165,165,165,165,165,165,165,165,165,165,165,165,165,165,165,165,165,165,165,091,166,166,166,166,166,166,166,166,166,166,166,166,166,166,166,166,166,166,166,166,166,166,166,166,166,166,166,166,166,091,167,167,167,167,167,167,167,167,167,167,167,167,167,167,167,167,167,167,167,167,167,167,167,167,167,167,167,167,167,091,168,168,168,168,168,168,168,168,168,168,168,168,168,168,168,168,168,168,168,168,168,168,168,168,168,168,168,168,091,169,169,169,169,169,169,169,169,169,169,169,169,169,169,169,169,169,169,169,169,169,169,169,169,169,169,169,169,091,170,170,170,170,170,170,170,170,170,170,170,170,170,170,170,170,170,170,170,170,170,170,170,170,170,170,170,170,170,091,171,171,171,171,171,171,171,171,171,171,171,171,171,171,171,171,171,171,171,171,171,171,171,171,171,171,171,171,091,172,172,172,172,172,172,172,172,172,172,172,172,172,172,172,172,172,172,172,172,172,172,172,172,172,172,172,172,091,173,173,173,173,173,173,173,173,173,173,173,173,173,173,173,173,173,173,173,173,173,173,173,173,173,173,173,173,173,174,091,174,174,174,174,174,174,174,174,174,174,174,174,174,174,174,174,174,174,174,174,174,174,174,174,174,174,174,091,175,175,175,175,175,175,175,175,175,175,175,175,175,175,175,175,175,175,175,175,175,175,175,175,175,175,175,174,091,239,255
236,156,091,160,160,160,160,160,160,160,160,160,160,160,160,160,160,160,160,160,160,160,160,160,160,160,160,160,160,160,091,161,161,161,161,161,161,161,161,161,161,161,161,161,161,161,161,161,161,161,161,161,161,161,161,161,161,161,161,091,162,162,162,162,162,162,162,162,162,162,162,162,162,162,162,162,162,162,162,162,162,162,162,162,162,162,162,162,162,091,163,163,163,163,163,163,163,163,163,163,163,163,163,163,163,163,163,163,163,163,163,163,163,163,163,163,163,163,091,164,164,164,164,164,164,164,164,164,164,164,164,164,164,164,164,164,164,164,164,164,164,164,164,164,164,164,164,091,165,165,165,165,165,165,165,165,165,165,165,165,165,165,165,165,165,165,165,165,165,165,165,165,165,165,165,165,091,166,166,166,166,166,166,166,166,166,166,166,166,166,166,166,166,166,166,166,166,166,166,166,166,166,166,166,166,166,091,167,167,167,167,167,167,167,167,167,167,167,167,167,167,167,167,167,167,167,167,167,167,167,167,167,167,167,167,167,091,168,168,168,168,168,168,168,168,168,168,168,168,168,168,168,168,168,168,168,168,168,168,168,168,168,168,168,168,091,169,169,169,169,169,169,169,169,169,169,169,169,169,169,169,169,169,169,169,169,169,169,169,169,169,169,169,169,091,170,170,170,170,170,170,170,170,170,170,170,170,170,170,170,170,170,170,170,170,170,170,170,170,170,170,170,170,170,091,171,171,171,171,171,171,171,171,171,171,171,171,171,171,171,171,171,171,171,171,171,171,171,171,171,171,171,171,091,172,172,172,172,172,172,172,172,172,172,172,172,172,172,172,172,172,172,172,172,172,172,172,172,172,172,172,172,091,173,173,173,173,173,173,173,173,173,173,173,173,173,173,173,173,173,173,173,173,173,173,173,173,173,173,173,173,173,174,091,174,174,174,174,174,174,174,174,174,174,174,174,174,174,174,174,174,174,174,174,174,174,174,174,174,174,174,091,175,175,175,175,175,175,175,175,175,175,175,175,175,175,175,175,175,175,175,175,175,175,175,175,175,175,175,174,091,239,255
236,156,091,160,160,160,160,160,160,160,160,160,160,160,160,160,160,160,160,160,160,160,160,160,160,160,160,160,160,160,091,161,161,161,161,161,161,161,161,161,161,161,161,161,161,161,161,161,161,161,161,161,161,161,161,161,161,161,161,091,162,162,162,162,162,162,162,162,162,162,162,162,162,162,162,162,162,162,162,162,162,162,162,162,162,162,162,162,162,091,163,163,163,163,163,163,163,163,163,163,163,163,163,163,163,163,163,163,163,163,163,163,163,163,163,163,163,163,091,164,164,164,164,164,164,164,164,164,164,164,164,164,164,164,164,164,164,164,164,164,164,164,164,164,164,164,164,091,165,165,165,165,165,165,165,165,165,165,165,165,165,165,165,165,165,165,165,165,165,165,165,165,165,165,165,165,091,166,166,166,166,166,166,166,166,166,166,166,166,166,166,166,166,166,166,166,166,166,166,166,166,166,166,166,166,166,091,167,167,167,167,167,167,167,167,167,167,167,167,167,167,167,167,167,167,167,167,167,167,167,167,167,167,167,167,167,091,168,168,168,168,168,168,168,168,168,168,168,168,168,168,168,168,168,168,168,168,168,168,168,168,168,168,168,168,091,169,169,169,169,169,169,169,169,169,169,169,169,169,169,169,169,169,169,169,169,169,169,169,169,169,169,169,169,091,170,170,170,170,170,170,170,170,170,170,170,170,170,170,170,170,170,170,170,170,170,170,170,170,170,170,170,170,170,091,171,171,171,171,171,171,171,171,171,171,171,171,171,171,171,171,171,171,171,171,171,171,171,171,171,171,171,171,091,172,172,172,172,172,172,172,172,172,172,172,172,172,172,172,172,172,172,172,172,172,172,172,172,172,172,172,172,091,173,173,173,173,173,173,173,173,173,173,173,173,173,173,173,173,173,173,173,173,173,173,173,173,173,173,173,173,173,174,091,174,174,174,174,174,174,174,174,174,174,174,174,174,174,174,174,174,174,174,174,174,174,174,174,174,174,174,091,175,175,175,175,175,175,175,175,175,175,175,175,175,175,175,175,175,175,175,175,175,175,175,175,175,175,175,174,091,239,255
236,156,091,160,160,160,160,160,160,160,160,160,160,160,160,160,160,160,160,160,160,160,160,160,160,160,160,160,160,160,091,161,161,161,161,161,161,161,161,161,161,161,161,161,161,161,161,161,161,161,161,161,161,161,161,161,161,161,161,091,162,162,162,162,162,162,162,162,162,162,162,162,162,162,162,162,162,162,162,162,162,162,162,162,162,162,162,162,162,091,163,163,163,163,163,163,163,163,163,163,163,163,163,163,163,163,163,163,163,163,163,163,163,163,163,163,163,163,091,164,164,164,164,164,164,164,164,164,164,164,164,164,164,164,164,164,164,164,164,164,164,164,164,164,164,164,164,091,165,165,165,165,165,165,165,165,165,165,165,165,165,165,165,165,165,165,165,165,165,165,165,165,165,165,165,165,091,166,166,166,166,166,166,166,166,166,166,166,166,166,166,166,166,166,166,166,166,166,166,166,166,166,166,166,166,166,091,167,167,167,167,167,167,167,167,167,167,167,167,167,167,167,167,167,167,167,167,167,167,167,167,167,167,167,167,167,091,168,168,168,168,168,168,168,168,168,168,168,168,168,168,168,168,168,168,168,168,168,168,168,168,168,168,168,168,091,169,169,169,169,169,169,169,169,169,169,169,169,169,169,169,169,169,169,169,169,169,169,169,169,169,169,169,169,091,170,170,170,170,170,170,170,170,170,170,170,170,170,170,170,170,170,170,170,170,170,170,170,170,170,170,170,170,170,091,171,171,171,171,171,171,171,171,171,171,171,171,171,171,171,171,171,171,171,171,171,171,171,171,171,171,171,171,091,172,172,172,172,172,172,172,172,172,172,172,172,172,172,172,172,172,172,172,172,172,172,172,172,172,172,172,172,091,173,173,173,173,173,173,173,173,173,173,173,173,173,173,173,173,173,173,173,173,173,173,173,173,173,173,173,173,173,174,091,174,174,174,174,174,174,174,174,174,174,174,174,174,174,174,174,174,174,174,174,174,174,174,174,174,174,174,091,175,175,175,175,175,175,175,175,175,175,175,175,175,175,175,175,175,175,175,175,175,175,175,175,175,175,175,174,091,239,255
236,156,091,160,160,160,160,160,160,160,160,160,160,160,160,160,160,160,160,160,160,160,160,160,160,160,160,160,160,160,091,161,161,161,161,161,161,161,161,161,161,161,161,161,161,161,161,161,161,161,161,161,161,161,161,161,161,161,161,091,162,162,162,162,162,162,162,162,162,162,162,162,162,162,162,162,162,162,162,162,162,162,162,162,162,162,162,162,162,091,163,163,163,163,163,163,163,163,163,163,163,163,163,163,163,163,163,163,163,163,163,163,163,163,163,163,163,163,091,164,164,164,164,164,164,164,164,164,164,164,164,164,164,164,164,164,164,164,164,164,164,164,164,164,164,164,164,091,165,165,165,165,165,165,165,165,165,165,165,165,165,165,165,165,165,165,165,165,165,165,165,165,165,165,165,165,091,166,166,166,166,166,166,166,166,166,166,166,166,166,166,166,166,166,166,166,166,166,166,166,166,166,166,166,166,166,091,167,167,167,167,167,167,167,167,167,167,167,167,167,167,167,167,167,167,167,167,167,167,167,167,167,167,167,167,167,091,168,168,168,168,168,168,168,168,168,168,168,168,168,168,168,168,168,168,168,168,168,168,168,168,168,168,168,168,091,169,169,169,169,169,169,169,169,169,169,169,169,169,169,169,169,169,169,169,169,169,169,169,169,169,169,169,169,091,170,170,170,170,170,170,170,170,170,170,170,170,170,170,170,170,170,170,170,170,170,170,170,170,170,170,170,170,170,091,171,171,171,171,171,171,171,171,171,171,171,171,171,171,171,171,171,171,171,171,171,171,171,171,171,171,171,171,091,172,172,172,172,172,172,172,172,172,172,172,172,172,172,172,172,172,172,172,172,172,172,172,172,172,172,172,172,091,173,173,173,173,173,173,173,173,173,173,173,173,173,173,173,173,173,173,173,173,173,173,173,173,173,173,173,173,173,174,091,174,174,174,174,174,174,174,174,174,174,174,174,174,174,174,174,174,174,174,174,174,174,174,174,174,174,174,091,175,175,175,175,175,175,175,175,175,175,175,175,175,175,175,175,175,175,175,175,175,175,175,175,175,175,175,174,091,239,255
236,156,091,160,160,160,160,160,160,160,160,160,160,160,160,160,160,160,160,160,160,160,160,160,160,160,160,160,160,160,091,161,161,161,161,161,161,161,161,161,161,161,161,161,161,161,161,161,161,161,161,161,161,161,161,161,161,161,161,091,162,162,162,162,162,162,162,162,162,162,162,162,162,162,162,162,162,162,162,162,162,162,162,162,162,162,162,162,162,091,163,163,163,163,163,163,163,163,163,163,163,163,163,163,163,163,163,163,163,163,163,163,163,163,163,163,163,163,091,164,164,164,164,164,164,164,164,164,164,164,164,164,164,164,164,164,164,164,164,164,164,164,164,164,164,164,164,091,165,165,165,165,165,165,165,165,165,165,165,165,165,165,165,165,165,165,165,165,165,165,165,165,165,165,165,165,091,166,166,166,166,166,166,166,166,166,166,166,166,166,166,166,166,166,166,166,166,166,166,166,166,166,166,166,166,166,091,167,167,167,167,167,167,167,167,167,167,167,167,167,167,167,167,167,167,167,167,167,167,167,167,167,167,167,167,167,091,168,168,168,168,168,168,168,168,168,168,168,168,168,168,168,168,168,168,168,168,168,168,168,168,168,168,168,168,091,169,169,169,169,169,169,169,169,169,169,169,169,169,169,169,169,169,169,169,169,169,169,169,169,169,169,169,169,091,170,170,170,170,170,170,170,170,170,170,170,170,170,170,170,170,170,170,170,170,170,170,170,170,170,170,170,170,170,091,171,171,171,171,171,171,171,171,171,171,171,171,171,171,171,171,171,171,171,171,171,171,171,171,171,171,171,171,091,172,172,172,172,172,172,172,172,172,172,172,172,172,172,172,172,172,172,172,172,172,172,172,172,172,172,172,172,091,173,173,173,173,173,173,173,173,173,173,173,173,173,173,173,173,173,173,173,173,173,173,173,173,173,173,173,173,173,174,091,174,174,174,174,174,174,174,174,174,174,174,174,174,174,174,174,174,174,174,174,174,174,174,174,174,174,174,091,175,175,175,175,175,175,175,175,175,175,175,175,175,175,175,175,175,175,175,175,175,175,175,175,175,175,175,174,091,239,255
236,156,091,160,160,160,160,160,160,160,160,160,160,160,160,160,160,160,160,160,160,160,160,160,160,160,160,160,160,160,091,161,161,161,161,161,161,161,161,161,161,161,161,161,161,161,161,161,161,161,161,161,161,161,161,161,161,161,161,091,162,162,162,162,162,162,162,162,162,162,162,162,162,162,162,162,162,162,162,162,162,162,162,162,162,162,162,162,162,091,163,163,163,163,163,163,163,163,163,163,163,163,163,163,163,163,163,163,163,163,163,163,163,163,163,163,163,163,091,164,164,164,164,164,164,164,164,164,164,164,164,164,164,164,164,164,164,164,164,164,164,164,164,164,164,164,164,091,165,165,165,165,165,165,165,165,165,165,165,165,165,165,165,165,165,165,165,165,165,165,165,165,165,165,165,165,091,166,166,166,166,166,166,166,166,166,166,166,166,166,166,166,166,166,166,166,166,166,166,166,166,166,166,166,166,166,091,167,167,167,167,167,167,167,167,167,167,167,167,167,167,167,167,167,167,167,167,167,167,167,167,167,167,167,167,167,091,168,168,168,168,168,168,168,168,168,168,168,168,168,168,168,168,168,168,168,168,168,168,168,168,168,168,168,168,091,169,169,169,169,169,169,169,169,169,169,169,169,169,169,169,169,169,169,169,169,169,169,169,169,169,169,169,169,091,170,170,170,170,170,170,170,170,170,170,170,170,170,170,170,170,170,170,170,170,170,170,170,170,170,170,170,170,170,091,171,171,171,171,171,171,171,171,171,171,171,171,171,171,171,171,171,171,171,171,171,171,171,171,171,171,171,171,091,172,172,172,172,172,172,172,172,172,172,172,172,172,172,172,172,172,172,172,172,172,172,172,172,172,172,172,172,091,173,173,173,173,173,173,173,173,173,173,173,173,173,173,173,173,173,173,173,173,173,173,173,173,173,173,173,173,173,174,091,174,174,174,174,174,174,174,174,174,174,174,174,174,174,174,174,174,174,174,174,174,174,174,174,174,174,174,091,175,175,175,175,175,175,175,175,175,175,175,175,175,175,175,175,175,175,175,175,175,175,175,175,175,175,175,174,091,239,255
236,156,091,160,160,160,160,160,160,160,160,160,160,160,160,160,160,160,160,160,160,160,160,160,160,160,160,160,160,160,091,161,161,161,161,161,161,161,161,161,161,161,161,161,161,161,161,161,161,161,161,161,161,161,161,161,161,161,161,091,162,162,162,162,162,162,162,162,162,162,162,162,162,162,162,162,162,162,162,162,162,162,162,162,162,162,162,162,162,091,163,163,163,163,163,163,163,163,163,163,163,163,163,163,163,163,163,163,163,163,163,163,163,163,163,163,163,163,091,164,164,164,164,164,164,164,164,164,164,164,164,164,164,164,164,164,164,164,164,164,164,164,164,164,164,164,164,091,165,165,165,165,165,165,165,165,165,165,165,165,165,165,165,165,165,165,165,165,165,165,165,165,165,165,165,165,091,166,166,166,166,166,166,166,166,166,166,166,166,166,166,166,166,166,166,166,166,166,166,166,166,166,166,166,166,166,091,167,167,167,167,167,167,167,167,167,167,167,167,167,167,167,167,167,167,167,167,167,167,167,167,167,167,167,167,167,091,168,168,168,168,168,168,168,168,168,168,168,168,168,168,168,168,168,168,168,168,168,168,168,168,168,168,168,168,091,169,169,169,169,169,169,169,169,169,169,169,169,169,169,169,169,169,169,169,169,169,169,169,169,169,169,169,169,091,170,170,170,170,170,170,170,170,170,170,170,170,170,170,170,170,170,170,170,170,170,170,170,170,170,170,170,170,170,091,171,171,171,171,171,171,171,171,171,171,171,171,171,171,171,171,171,171,171,171,171,171,171,171,171,171,171,171,091,172,172,172,172,172,172,172,172,172,172,172,172,172,172,172,172,172,172,172,172,172,172,172,172,172,172,172,172,091,173,173,173,173,173,173,173,173,173,173,173,173,173,173,173,173,173,173,173,173,173,173,173,173,173,173,173,173,173,174,091,174,174,174,174,174,174,174,174,174,174,174,174,174,174,174,174,174,174,174,174,174,174,174,174,174,174,174,091,175,175,175,175,175,175,175,175,175,175,175,175,175,175,175,175,175,175,175,175,175,175,175,175,175,175,175,174,091,239,255
236,156,091,160,160,160,160,160,160,160,160,160,160,160,160,160,160,160,160,160,160,160,160,160,160,160,160,160,160,160,091,161,161,161,161,161,161,161,161,161,161,161,161,161,161,161,161,161,161,161,161,161,161,161,161,161,161,161,161,091,162,162,162,162,162,162,162,162,162,162,162,162,162,162,162,162,162,162,162,162,162,162,162,162,162,162,162,162,162,091,163,163,163,163,163,163,163,163,163,163,163,163,163,163,163,163,163,163,163,163,163,163,163,163,163,163,163,163,091,164,164,164,164,164,164,164,164,164,164,164,164,164,164,164,164,164,164,164,164,164,164,164,164,164,164,164,164,091,165,165,165,165,165,165,165,165,165,165,165,165,165,165,165,165,165,165,165,165,165,165,165,165,165,165,165,165,091,166,166,166,166,166,166,166,166,166,166,166,166,166,166,166,166,166,166,166,166,166,166,166,166,166,166,166,166,166,091,167,167,167,167,167,167,167,167,167,167,167,167,167,167,167,167,167,167,167,167,167,167,167,167,167,167,167,167,167,091,168,168,168,168,168,168,168,168,168,168,168,168,168,168,168,168,168,168,168,168,168,168,168,168,168,168,168,168,091,169,169,169,169,169,169,169,169,169,169,169,169,169,169,169,169,169,169,169,169,169,169,169,169,169,169,169,169,091,170,170,170,170,170,170,170,170,170,170,170,170,170,170,170,170,170,170,170,170,170,170,170,170,170,170,170,170,170,091,171,171,171,171,171,171,171,171,171,171,171,171,171,171,171,171,171,171,171,171,171,171,171,171,171,171,171,171,091,172,172,172,172,172,172,172,172,172,172,172,172,172,172,172,172,172,172,172,172,172,172,172,172,172,172,172,172,091,173,173,173,173,173,173,173,173,173,173,173,173,173,173,173,173,173,173,173,173,173,173,173,173,173,173,173,173,173,174,091,174,174,174,174,174,174,174,174,174,174,174,174,174,174,174,174,174,174,174,174,174,174,174,174,174,174,174,091,175,175,175,175,175,175,175,175,175,175,175,175,175,175,175,175,175,175,175,175,175,175,175,175,175,175,175,174,091,239,255
236,156,091,160,160,160,160,160,160,160,160,160,160,160,160,160,160,160,160,160,160,160,160,160,160,160,160,160,160,160,091,161,161,161,161,161,161,161,161,161,161,161,161,161,161,161,161,161,161,161,161,161,161,161,161,161,161,161,161,091,162,162,162,162,162,162,162,162,162,162,162,162,162,162,162,162,162,162,162,162,162,162,162,162,162,162,162,162,162,091,163,163,163,163,163,163,163,163,163,163,163,163,163,163,163,163,163,163,163,163,163,163,163,163,163,163,163,163,091,164,164,164,164,164,164,164,164,164,164,164,164,164,164,164,164,164,164,164,164,164,164,164,164,164,164,164,164,091,165,165,165,165,165,165,165,165,165,165,165,165,165,165,165,165,165,165,165,165,165,165,165,165,165,165,165,165,091,166,166,166,166,166,166,166,166,166,166,166,166,166,166,166,166,166,166,166,166,166,166,166,166,166,166,166,166,166,091,167,167,167,167,167,167,167,167,167,167,167,167,167,167,167,167,167,167,167,167,167,167,167,167,167,167,167,167,167,091,168,168,168,168,168,168,168,168,168,168,168,168,168,168,168,168,168,168,168,168,168,168,168,168,168,168,168,168,091,169,169,169,169,169,169,169,169,169,169,169,169,169,169,169,169,169,169,169,169,169,169,169,169,169,169,169,169,091,170,170,170,170,170,170,170,170,170,170,170,170,170,170,170,170,170,170,170,170,170,170,170,170,170,170,170,170,170,091,171,171,171,171,171,171,171,171,171,171,171,171,171,171,171,171,171,171,171,171,171,171,171,171,171,171,171,171,091,172,172,172,172,172,172,172,172,172,172,172,172,172,172,172,172,172,172,172,172,172,172,172,172,172,172,172,172,091,173,173,173,173,173,173,173,173,173,173,173,173,173,173,173,173,173,173,173,173,173,173,173,173,173,173,173,173,173,174,091,174,174,174,174,174,174,174,174,174,174,174,174,174,174,174,174,174,174,174,174,174,174,174,174,174,174,174,091,175,175,175,175,175,175,175,175,175,175,175,175,175,175,175,175,175,175,175,175,175,175,175,175,175,175,175,174,091,239,255
236,156,091,160,160,160,160,160,160,160,160,160,160,160,160,160,160,160,160,160,160,160,160,160,160,160,160,160,160,160,091,161,161,161,161,161,161,161,161,161,161,161,161,161,161,161,161,161,161,161,161,161,161,161,161,161,161,161,161,091,162,162,162,162,162,162,162,162,162,162,162,162,162,162,162,162,162,162,162,162,162,162,162,162,162,162,162,162,162,091,163,163,163,163,163,163,163,163,163,163,163,163,163,163,163,163,163,163,163,163,163,163,163,163,163,163,163,163,091,164,164,164,164,164,164,164,164,164,164,164,164,164,164,164,164,164,164,164,164,164,164,164,164,164,164,164,164,091,165,165,165,165,165,165,165,165,165,165,165,165,165,165,165,165,165,165,165,165,165,165,165,165,165,165,165,165,091,166,166,166,166,166,166,166,166,166,166,166,166,166,166,166,166,166,166,166,166,166,166,166,166,166,166,166,166,166,091,167,167,167,167,167,167,167,167,167,167,167,167,167,167,167,167,167,167,167,167,167,167,167,167,167,167,167,167,167,091,168,168,168,168,168,168,168,168,168,168,168,168,168,168,168,168,168,168,168,168,168,168,168,168,168,168,168,168,091,169,169,169,169,169,169,169,169,169,169,169,169,169,169,169,169,169,169,169,169,169,169,169,169,169,169,169,169,091,170,170,170,170,170,170,170,170,170,170,170,170,170,170,170,170,170,170,170,170,170,170,170,170,170,170,170,170,170,091,171,171,171,171,171,171,171,171,171,171,171,171,171,171,171,171,171,171,171,171,171,171,171,171,171,171,171,171,091,172,172,172,172,172,172,172,172,172,172,172,172,172,172,172,172,172,172,172,172,172,172,172,172,172,172,172,172,091,173,173,173,173,173,173,173,173,173,173,173,173,173,173,173,173,173,173,173,173,173,173,173,173,173,173,173,173,173,174,091,174,174,174,174,174,174,174,174,174,174,174,174,174,174,174,174,174,174,174,174,174,174,174,174,174,174,174,091,175,175,175,175,175,175,175,175,175,175,175,175,175,175,175,175,175,175,175,175,175,175,175,175,175,175,175,174,091,239,255
236,156,091,160,160,160,160,160,160,160,160,160,160,160,160,160,160,160,160,160,160,160,160,160,160,160,160,160,160,160,091,161,161,161,161,161,161,161,161,161,161,161,161,161,161,161,161,161,161,161,161,161,161,161,161,161,161,161,161,091,162,162,162,162,162,162,162,162,162,162,162,162,162,162,162,162,162,162,162,162,162,162,162,162,162,162,162,162,162,091,163,163,163,163,163,163,163,163,163,163,163,163,163,163,163,163,163,163,163,163,163,163,163,163,163,163,163,163,091,164,164,164,164,164,164,164,164,164,164,164,164,164,164,164,164,164,164,164,164,164,164,164,164,164,164,164,164,091,165,165,165,165,165,165,165,165,165,165,165,165,165,165,165,165,165,165,165,165,165,165,165,165,165,165,165,165,091,166,166,166,166,166,166,166,166,166,166,166,166,166,166,166,166,166,166,166,166,166,166,166,166,166,166,166,166,166,091,167,167,167,167,167,167,167,167,167,167,167,167,167,167,167,167,167,167,167,167,167,167,167,167,167,167,167,167,167,091,168,168,168,168,168,168,168,168,168,168,168,168,168,168,168,168,168,168,168,168,168,168,168,168,168,168,168,168,091,169,169,169,169,169,169,169,169,169,169,169,169,169,169,169,169,169,169,169,169,169,169,169,169,169,169,169,169,091,170,170,170,170,170,170,170,170,170,170,170,170,170,170,170,170,170,170,170,170,170,170,170,170,170,170,170,170,170,091,171,171,171,171,171,171,171,171,171,171,171,171,171,171,171,171,171,171,171,171,171,171,171,171,171,171,171,171,091,172,172,172,172,172,172,172,172,172,172,172,172,172,172,172,172,172,172,172,172,172,172,172,172,172,172,172,172,091,173,173,173,173,173,173,173,173,173,173,173,173,173,173,173,173,173,173,173,173,173,173,173,173,173,173,173,173,173,174,091,174,174,174,174,174,174,174,174,174,174,174,174,174,174,174,174,174,174,174,174,174,174,174,174,174,174,174,091,175,175,175,175,175,175,175,175,175,175,175,175,175,175,175,175,175,175,175,175,175,175,175,175,175,175,175,174,091,239,255
236,156,091,160,160,160,160,160,160,160,160,160,160,160,160,160,160,160,160,160,160,160,160,160,160,160,160,160,160,160,091,161,161,161,161,161,161,161,161,161,161,161,161,161,161,161,161,161,161,161,161,161,161,161,161,161,161,161,161,091,162,162,162,162,162,162,162,162,162,162,162,162,162,162,162,162,162,162,162,162,162,162,162,162,162,162,162,162,162,091,163,163,163,163,163,163,163,163,163,163,163,163,163,163,163,163,163,163,163,163,163,163,163,163,163,163,163,163,091,164,164,164,164,164,164,164,164,164,164,164,164,164,164,164,164,164,164,164,164,164,164,164,164,164,164,164,164,091,165,165,165,165,165,165,165,165,165,165,165,165,165,165,165,165,165,165,165,165,165,165,165,165,165,165,165,165,091,166,166,166,166,166,166,166,166,166,166,166,166,166,166,166,166,166,166,166,166,166,166,166,166,166,166,166,166,166,091,167,167,167,167,167,167,167,167,167,167,167,167,167,167,167,167,167,167,167,167,167,167,167,167,167,167,167,167,167,091,168,168,168,168,168,168,168,168,168,168,168,168,168,168,168,168,168,168,168,168,168,168,168,168,168,168,168,168,091,169,169,169,169,169,169,169,169,169,169,169,169,169,169,169,169,169,169,169,169,169,169,169,169,169,169,169,169,091,170,170,170,170,170,170,170,170,170,170,170,170,170,170,170,170,170,170,170,170,170,170,170,170,170,170,170,170,170,091,171,171,171,171,171,171,171,171,171,171,171,171,171,171,171,171,171,171,171,171,171,171,171,171,171,171,171,171,091,172,172,172,172,172,172,172,172,172,172,172,172,172,172,172,172,172,172,172,172,172,172,172,172,172,172,172,172,091,173,173,173,173,173,173,173,173,173,173,173,173,173,173,173,173,173,173,173,173,173,173,173,173,173,173,173,173,173,174,091,174,174,174,174,174,174,174,174,174,174,174,174,174,174,174,174,174,174,174,174,174,174,174,174,174,174,174,091,175,175,175,175,175,175,175,175,175,175,175,175,175,175,175,175,175,175,175,175,175,175,175,175,175,175,175,174,091,239,255
236,156,091,160,160,160,160,160,160,160,160,160,160,160,160,160,160,160,160,160,160,160,160,160,160,160,160,160,160,160,091,161,161,161,161,161,161,161,161,161,161,161,161,161,161,161,161,161,161,161,161,161,161,161,161,161,161,161,161,091,162,162,162,162,162,162,162,162,162,162,162,162,162,162,162,162,162,162,162,162,162,162,162,162,162,162,162,162,162,091,163,163,163,163,163,163,163,163,163,163,163,163,163,163,163,163,163,163,163,163,163,163,163,163,163,163,163,163,091,164,164,164,164,164,164,164,164,164,164,164,164,164,164,164,164,164,164,164,164,164,164,164,164,164,164,164,164,091,165,165,165,165,165,165,165,165,165,165,165,165,165,165,165,165,165,165,165,165,165,165,165,165,165,165,165,165,091,166,166,166,166,166,166,166,166,166,166,166,166,166,166,166,166,166,166,166,166,166,166,166,166,166,166,166,166,166,091,167,167,167,167,167,167,167,167,167,167,167,167,167,167,167,167,167,167,167,167,167,167,167,167,167,167,167,167,167,091,168,168,168,168,168,168,168,168,168,168,168,168,168,168,168,168,168,168,168,168,168,168,168,168,168,168,168,168,091,169,169,169,169,169,169,169,169,169,169,169,169,169,169,169,169,169,169,169,169,169,169,169,169,169,169,169,169,091,170,170,170,170,170,170,170,170,170,170,170,170,170,170,170,170,170,170,170,170,170,170,170,170,170,170,170,170,170,091,171,171,171,171,171,171,171,171,171,171,171,171,171,171,171,171,171,171,171,171,171,171,171,171,171,171,171,171,091,172,172,172,172,172,172,172,172,172,172,172,172,172,172,172,172,172,172,172,172,172,172,172,172,172,172,172,172,091,173,173,173,173,173,173,173,173,173,173,173,173,173,173,173,173,173,173,173,173,173,173,173,173,173,173,173,173,173,174,091,174,174,174,174,174,174,174,174,174,174,174,174,174,174,174,174,174,174,174,174,174,174,174,174,174,174,174,091,175,175,175,175,175,175,175,175,175,175,175,175,175,175,175,175,175,175,175,175,175,175,175,175,175,175,175,174,091,239,255
236,156,091,160,160,160,160,160,160,160,160,160,160,160,160,160,160,160,160,160,160,160,160,160,160,160,160,160,160,160,091,161,161,161,161,161,161,161,161,161,161,161,161,161,161,161,161,161,161,161,161,161,161,161,161,161,161,161,161,091,162,162,162,162,162,162,162,162,162,162,162,162,162,162,162,162,162,162,162,162,162,162,162,162,162,162,162,162,162,091,163,163,163,163,163,163,163,163,163,163,163,163,163,163,163,163,163,163,163,163,163,163,163,163,163,163,163,163,091,164,164,164,164,164,164,164,164,164,164,164,164,164,164,164,164,164,164,164,164,164,164,164,164,164,164,164,164,091,165,165,165,165,165,165,165,165,165,165,165,165,165,165,165,165,165,165,165,165,165,165,165,165,165,165,165,165,091,166,166,166,166,166,166,166,166,166,166,166,166,166,166,166,166,166,166,166,166,166,166,166,166,166,166,166,166,166,091,167,167,167,167,167,167,167,167,167,167,167,167,167,167,167,167,167,167,167,167,167,167,167,167,167,167,167,167,167,091,168,168,168,168,168,168,168,168,168,168,168,168,168,168,168,168,168,168,168,168,168,168,168,168,168,168,168,168,091,169,169,169,169,169,169,169,169,169,169,169,169,169,169,169,169,169,169,169,169,169,169,169,169,169,169,169,169,091,170,170,170,170,170,170,170,170,170,170,170,170,170,170,170,170,170,170,170,170,170,170,170,170,170,170,170,170,170,091,171,171,171,171,171,171,171,171,171,171,171,171,171,171,171,171,171,171,171,171,171,171,171,171,171,171,171,171,091,172,172,172,172,172,172,172,172,172,172,172,172,172,172,172,172,172,172,172,172,172,172,172,172,172,172,172,172,091,173,173,173,173,173,173,173,173,173,173,173,173,173,173,173,173,173,173,173,173,173,173,173,173,173,173,173,173,173,174,091,174,174,174,174,174,174,174,174,174,174,174,174,174,174,174,174,174,174,174,174,174,174,174,174,174,174,174,091,175,175,175,175,175,175,175,175,175,175,175,175,175,175,175,175,175,175,175,175,175,175,175,175,175,175,175,174,091,239,255
236,156,091,160,160,160,160,160,160,160,160,160,160,160,160,160,160,160,160,160,160,160,160,160,160,160,160,160,160,160,091,161,161,161,161,161,161,161,161,161,161,161,161,161,161,161,161,161,161,161,161,161,161,161,161,161,161,161,161,091,162,162,162,162,162,162,162,162,162,162,162,162,162,162,162,162,162,162,162,162,162,162,162,162,162,162,162,162,162,091,163,163,163,163,163,163,163,163,163,163,163,163,163,163,163,163,163,163,163,163,163,163,163,163,163,163,163,163,091,164,164,164,164,164,164,164,164,164,164,164,164,164,164,164,164,164,164,164,164,164,164,164,164,164,164,164,164,091,165,165,165,165,165,165,165,165,165,165,165,165,165,165,165,165,165,165,165,165,165,165,165,165,165,165,165,165,091,166,166,166,166,166,166,166,166,166,166,166,166,166,166,166,166,166,166,166,166,166,166,166,166,166,166,166,166,166,091,167,167,167,167,167,167,167,167,167,167,167,167,167,167,167,167,167,167,167,167,167,167,167,167,167,167,167,167,167,091,168,168,168,168,168,168,168,168,168,168,168,168,168,168,168,168,168,168,168,168,168,168,168,168,168,168,168,168,091,169,169,169,169,169,169,169,169,169,169,169,169,169,169,169,169,169,169,169,169,169,169,169,169,169,169,169,169,091,170,170,170,170,170,170,170,170,170,170,170,170,170,170,170,170,170,170,170,170,170,170,170,170,170,170,170,170,170,091,171,171,171,171,171,171,171,171,171,171,171,171,171,171,171,171,171,171,171,171,171,171,171,171,171,171,171,171,091,172,172,172,172,172,172,172,172,172,172,172,172,172,172,172,172,172,172,172,172,172,172,172,172,172,172,172,172,091,173,173,173,173,173,173,173,173,173,173,173,173,173,173,173,173,173,173,173,173,173,173,173,173,173,173,173,173,173,174,091,174,174,174,174,174,174,174,174,174,174,174,174,174,174,174,174,174,174,174,174,174,174,174,174,174,174,174,091,175,175,175,175,175,175,175,175,175,175,175,175,175,175,175,175,175,175,175,175,175,175,175,175,175,175,175,174,091,239,255
236,156,091,160,160,160,160,160,160,160,160,160,160,160,160,160,160,160,160,160,160,160,160,160,160,160,160,160,160,160,091,161,161,161,161,161,161,161,161,161,161,161,161,161,161,161,161,161,161,161,161,161,161,161,161,161,161,161,161,091,162,162,162,162,162,162,162,162,162,162,162,162,162,162,162,162,162,162,162,162,162,162,162,162,162,162,162,162,162,091,163,163,163,163,163,163,163,163,163,163,163,163,163,163,163,163,163,163,163,163,163,163,163,163,163,163,163,163,091,164,164,164,164,164,164,164,164,164,164,164,164,164,164,164,164,164,164,164,164,164,164,164,164,164,164,164,164,091,165,165,165,165,165,165,165,165,165,165,165,165,165,165,165,165,165,165,165,165,165,165,165,165,165,165,165,165,091,166,166,166,166,166,166,166,166,166,166,166,166,166,166,166,166,166,166,166,166,166,166,166,166,166,166,166,166,166,091,167,167,167,167,167,167,167,167,167,167,167,167,167,167,167,167,167,167,167,167,167,167,167,167,167,167,167,167,167,091,168,168,168,168,168,168,168,168,168,168,168,168,168,168,168,168,168,168,168,168,168,168,168,168,168,168,168,168,091,169,169,169,169,169,169,169,169,169,169,169,169,169,169,169,169,169,169,169,169,169,169,169,169,169,169,169,169,091,170,170,170,170,170,170,170,170,170,170,170,170,170,170,170,170,170,170,170,170,170,170,170,170,170,170,170,170,170,091,171,171,171,171,171,171,171,171,171,171,171,171,171,171,171,171,171,171,171,171,171,171,171,171,171,171,171,171,091,172,172,172,172,172,172,172,172,172,172,172,172,172,172,172,172,172,172,172,172,172,172,172,172,172,172,172,172,091,173,173,173,173,173,173,173,173,173,173,173,173,173,173,173,173,173,173,173,173,173,173,173,173,173,173,173,173,173,174,091,174,174,174,174,174,174,174,174,174,174,174,174,174,174,174,174,174,174,174,174,174,174,174,174,174,174,174,091,175,175,175,175,175,175,175,175,175,175,175,175,175,175,175,175,175,175,175,175,175,175,175,175,175,175,175,174,091,239,255
236,156,091,160,160,160,160,160,160,160,160,160,160,160,160,160,160,160,160,160,160,160,160,160,160,160,160,160,160,160,091,161,161,161,161,161,161,161,161,161,161,161,161,161,161,161,161,161,161,161,161,161,161,161,161,161,161,161,161,091,162,162,162,162,162,162,162,162,162,162,162,162,162,162,162,162,162,162,162,162,162,162,162,162,162,162,162,162,162,091,163,163,163,163,163,163,163,163,163,163,163,163,163,163,163,163,163,163,163,163,163,163,163,163,163,163,163,163,091,164,164,164,164,164,164,164,164,164,164,164,164,164,164,164,164,164,164,164,164,164,164,164,164,164,164,164,164,091,165,165,165,165,165,165,165,165,165,165,165,165,165,165,165,165,165,165,165,165,165,165,165,165,165,165,165,165,091,166,166,166,166,166,166,166,166,166,166,166,166,166,166,166,166,166,166,166,166,166,166,166,166,166,166,166,166,166,091,167,167,167,167,167,167,167,167,167,167,167,167,167,167,167,167,167,167,167,167,167,167,167,167,167,167,167,167,167,091,168,168,168,168,168,168,168,168,168,168,168,168,168,168,168,168,168,168,168,168,168,168,168,168,168,168,168,168,091,169,169,169,169,169,169,169,169,169,169,169,169,169,169,169,169,169,169,169,169,169,169,169,169,169,169,169,169,091,170,170,170,170,170,170,170,170,170,170,170,170,170,170,170,170,170,170,170,170,170,170,170,170,170,170,170,170,170,091,171,171,171,171,171,171,171,171,171,171,171,171,171,171,171,171,171,171,171,171,171,171,171,171,171,171,171,171,091,172,172,172,172,172,172,172,172,172,172,172,172,172,172,172,172,172,172,172,172,172,172,172,172,172,172,172,172,091,173,173,173,173,173,173,173,173,173,173,173,173,173,173,173,173,173,173,173,173,173,173,173,173,173,173,173,173,173,174,091,174,174,174,174,174,174,174,174,174,174,174,174,174,174,174,174,174,174,174,174,174,174,174,174,174,174,174,091,175,175,175,175,175,175,175,175,175,175,175,175,175,175,175,175,175,175,175,175,175,175,175,175,175,175,175,174,091,239,255
236,156,091,160,160,160,160,160,160,160,160,160,160,160,160,160,160,160,160,160,160,160,160,160,160,160,160,160,160,160,091,161,161,161,161,161,161,161,161,161,161,161,161,161,161,161,161,161,161,161,161,161,161,161,161,161,161,161,161,091,162,162,162,162,162,162,162,162,162,162,162,162,162,162,162,162,162,162,162,162,162,162,162,162,162,162,162,162,162,091,163,163,163,163,163,163,163,163,163,163,163,163,163,163,163,163,163,163,163,163,163,163,163,163,163,163,163,163,091,164,164,164,164,164,164,164,164,164,164,164,164,164,164,164,164,164,164,164,164,164,164,164,164,164,164,164,164,091,165,165,165,165,165,165,165,165,165,165,165,165,165,165,165,165,165,165,165,165,165,165,165,165,165,165,165,165,091,166,166,166,166,166,166,166,166,166,166,166,166,166,166,166,166,166,166,166,166,166,166,166,166,166,166,166,166,166,091,167,167,167,167,167,167,167,167,167,167,167,167,167,167,167,167,167,167,167,167,167,167,167,167,167,167,167,167,167,091,168,168,168,168,168,168,168,168,168,168,168,168,168,168,168,168,168,168,168,168,168,168,168,168,168,168,168,168,091,169,169,169,169,169,169,169,169,169,169,169,169,169,169,169,169,169,169,169,169,169,169,169,169,169,169,169,169,091,170,170,170,170,170,170,170,170,170,170,170,170,170,170,170,170,170,170,170,170,170,170,170,170,170,170,170,170,170,091,171,171,171,171,171,171,171,171,171,171,171,171,171,171,171,171,171,171,171,171,171,171,171,171,171,171,171,171,091,172,172,172,172,172,172,172,172,172,172,172,172,172,172,172,172,172,172,172,172,172,172,172,172,172,172,172,172,091,173,173,173,173,173,173,173,173,173,173,173,173,173,173,173,173,173,173,173,173,173,173,173,173,173,173,173,173,173,174,091,174,174,174,174,174,174,174,174,174,174,174,174,174,174,174,174,174,174,174,174,174,174,174,174,174,174,174,091,175,175,175,175,175,175,175,175,175,175,175,175,175,175,175,175,175,175,175,175,175,175,175,175,175,175,175,174,091,239,255
236,156,091,160,160,160,160,160,160,160,160,160,160,160,160,160,160,160,160,160,160,160,160,160,160,160,160,160,160,160,091,161,161,161,161,161,161,161,161,161,161,161,161,161,161,161,161,161,161,161,161,161,161,161,161,161,161,161,161,091,162,162,162,162,162,162,162,162,162,162,162,162,162,162,162,162,162,162,162,162,162,162,162,162,162,162,162,162,162,091,163,163,163,163,163,163,163,163,163,163,163,163,163,163,163,163,163,163,163,163,163,163,163,163,163,163,163,163,091,164,164,164,164,164,164,164,164,164,164,164,164,164,164,164,164,164,164,164,164,164,164,164,164,164,164,164,164,091,165,165,165,165,165,165,165,165,165,165,165,165,165,165,165,165,165,165,165,165,165,165,165,165,165,165,165,165,091,166,166,166,166,166,166,166,166,166,166,166,166,166,166,166,166,166,166,166,166,166,166,166,166,166,166,166,166,166,091,167,167,167,167,167,167,167,167,167,167,167,167,167,167,167,167,167,167,167,167,167,167,167,167,167,167,167,167,167,091,168,168,168,168,168,168,168,168,168,168,168,168,168,168,168,168,168,168,168,168,168,168,168,168,168,168,168,168,091,169,169,169,169,169,169,169,169,169,169,169,169,169,169,169,169,169,169,169,169,169,169,169,169,169,169,169,169,091,170,170,170,170,170,170,170,170,170,170,170,170,170,170,170,170,170,170,170,170,170,170,170,170,170,170,170,170,170,091,171,171,171,171,171,171,171,171,171,171,171,171,171,171,171,171,171,171,171,171,171,171,171,171,171,171,171,171,091,172,172,172,172,172,172,172,172,172,172,172,172,172,172,172,172,172,172,172,172,172,172,172,172,172,172,172,172,091,173,173,173,173,173,173,173,173,173,173,173,173,173,173,173,173,173,173,173,173,173,173,173,173,173,173,173,173,173,174,091,174,174,174,174,174,174,174,174,174,174,174,174,174,174,174,174,174,174,174,174,174,174,174,174,174,174,174,091,175,175,175,175,175,175,175,175,175,175,175,175,175,175,175,175,175,175,175,175,175,175,175,175,175,175,175,174,091,239,255
236,156,091,160,160,160,160,160,160,160,160,160,160,160,160,160,160,160,160,160,160,160,160,160,160,160,160,160,160,160,091,161,161,161,161,161,161,161,161,161,161,161,161,161,161,161,161,161,161,161,161,161,161,161,161,161,161,161,161,091,162,162,162,162,162,162,162,162,162,162,162,162,162,162,162,162,162,162,162,162,162,162,162,162,162,162,162,162,162,091,163,163,163,163,163,163,163,163,163,163,163,163,163,163,163,163,163,163,163,163,163,163,163,163,163,163,163,163,091,164,164,164,164,164,164,164,164,164,164,164,164,164,164,164,164,164,164,164,164,164,164,164,164,164,164,164,164,091,165,165,165,165,165,165,165,165,165,165,165,165,165,165,165,165,165,165,165,165,165,165,165,165,165,165,165,165,091,166,166,166,166,166,166,166,166,166,166,166,166,166,166,166,166,166,166,166,166,166,166,166,166,166,166,166,166,166,091,167,167,167,167,167,167,167,167,167,167,167,167,167,167,167,167,167,167,167,167,167,167,167,167,167,167,167,167,167,091,168,168,168,168,168,168,168,168,168,168,168,168,168,168,168,168,168,168,168,168,168,168,168,168,168,168,168,168,091,169,169,169,169,169,169,169,169,169,169,169,169,169,169,169,169,169,169,169,169,169,169,169,169,169,169,169,169,091,170,170,170,170,170,170,170,170,170,170,170,170,170,170,170,170,170,170,170,170,170,170,170,170,170,170,170,170,170,091,171,171,171,171,171,171,171,171,171,171,171,171,171,171,171,171,171,171,171,171,171,171,171,171,171,171,171,171,091,172,172,172,172,172,172,172,172,172,172,172,172,172,172,172,172,172,172,172,172,172,172,172,172,172,172,172,172,091,173,173,173,173,173,173,173,173,173,173,173,173,173,173,173,173,173,173,173,173,173,173,173,173,173,173,173,173,173,174,091,174,174,174,174,174,174,174,174,174,174,174,174,174,174,174,174,174,174,174,174,174,174,174,174,174,174,174,091,175,175,175,175,175,175,175,175,175,175,175,175,175,175,175,175,175,175,175,175,175,175,175,175,175,175,175,174,091,239,255
236,156,091,160,160,160,160,160,160,160,160,160,160,160,160,160,160,160,160,160,160,160,160,160,160,160,160,160,160,160,091,161,161,161,161,161,161,161,161,161,161,161,161,161,161,161,161,161,161,161,161,161,161,161,161,161,161,161,161,091,162,162,162,162,162,162,162,162,162,162,162,162,162,162,162,162,162,162,162,162,162,162,162,162,162,162,162,162,162,091,163,163,163,163,163,163,163,163,163,163,163,163,163,163,163,163,163,163,163,163,163,163,163,163,163,163,163,163,091,164,164,164,164,164,164,164,164,164,164,164,164,164,164,164,164,164,164,164,164,164,164,164,164,164,164,164,164,091,165,165,165,165,165,165,165,165,165,165,165,165,165,165,165,165,165,165,165,165,165,165,165,165,165,165,165,165,091,166,166,166,166,166,166,166,166,166,166,166,166,166,166,166,166,166,166,166,166,166,166,166,166,166,166,166,166,166,091,167,167,167,167,167,167,167,167,167,167,167,167,167,167,167,167,167,167,167,167,167,167,167,167,167,167,167,167,167,091,168,168,168,168,168,168,168,168,168,168,168,168,168,168,168,168,168,168,168,168,168,168,168,168,168,168,168,168,091,169,169,169,169,169,169,169,169,169,169,169,169,169,169,169,169,169,169,169,169,169,169,169,169,169,169,169,169,091,170,170,170,170,170,170,170,170,170,170,170,170,170,170,170,170,170,170,170,170,170,170,170,170,170,170,170,170,170,091,171,171,171,171,171,171,171,171,171,171,171,171,171,171,171,171,171,171,171,171,171,171,171,171,171,171,171,171,091,172,172,172,172,172,172,172,172,172,172,172,172,172,172,172,172,172,172,172,172,172,172,172,172,172,172,172,172,091,173,173,173,173,173,173,173,173,173,173,173,173,173,173,173,173,173,173,173,173,173,173,173,173,173,173,173,173,173,174,091,174,174,174,174,174,174,174,174,174,174,174,174,174,174,174,174,174,174,174,174,174,174,174,174,174,174,174,091,175,175,175,175,175,175,175,175,175,175,175,175,175,175,175,175,175,175,175,175,175,175,175,175,175,175,175,174,091,239,255
248,158,091,160,160,160,160,160,160,160,160,160,160,160,160,160,160,160,160,160,160,160,160,160,160,160,160,160,160,160,091,161,161,161,161,161,161,161,161,161,161,161,161,161,161,161,161,161,161,161,161,161,161,161,161,161,161,161,161,091,162,162,162,162,162,162,162,162,162,162,162,162,162,162,162,162,162,162,162,162,162,162,162,162,162,162,162,162,162,091,163,163,163,163,163,163,163,163,163,163,163,163,163,163,163,163,163,163,163,163,163,163,163,163,163,163,163,163,091,164,164,164,164,164,164,164,164,164,164,164,164,164,164,164,164,164,164,164,164,164,164,164,164,164,164,164,164,091,165,165,165,165,165,165,165,165,165,165,165,165,165,165,165,165,165,165,165,165,165,165,165,165,165,165,165,165,091,166,166,166,166,166,166,166,166,166,166,166,166,166,166,166,166,166,166,166,166,166,166,166,166,166,166,166,166,166,091,167,167,167,167,167,167,167,167,167,167,167,167,167,167,167,167,167,167,167,167,167,167,167,167,167,167,167,167,167,091,168,168,168,168,168,168,168,168,168,168,168,168,168,168,168,168,168,168,168,168,168,168,168,168,168,168,168,168,091,169,169,169,169,169,169,169,169,169,169,169,169,169,169,169,169,169,169,169,169,169,169,169,169,169,169,169,169,091,170,170,170,170,170,170,170,170,170,170,170,170,170,170,170,170,170,170,170,170,170,170,170,170,170,170,170,170,170,091,171,171,171,171,171,171,171,171,171,171,171,171,171,171,171,171,171,171,171,171,171,171,171,171,171,171,171,171,091,172,172,172,172,172,172,172,172,172,172,172,172,172,172,172,172,172,172,172,172,172,172,172,172,172,172,172,172,091,173,173,173,173,173,173,173,173,173,173,173,173,173,173,173,173,173,173,173,173,173,173,173,173,173,173,173,173,173,173,091,174,174,174,174,174,174,174,174,174,174,174,174,174,174,174,174,174,174,174,174,174,174,174,174,174,174,174,091,175,175,175,175,175,175,175,175,175,175,175,175,175,175,175,175,175,175,175,175,175,175,175,175,175,175,175,174,091,251,255
151,160,091,159,159,159,159,159,159,159,159,159,159,159,159,159,159,159,159,159,159,159,159,159,159,159,159,159,159,159,091,160,160,160,160,160,160,160,160,160,160,160,160,160,160,160,160,160,160,160,160,160,160,160,160,160,160,160,160,091,161,161,161,161,161,161,161,161,161,161,161,161,161,161,161,161,161,161,161,161,161,161,161,161,161,161,161,161,161,091,162,162,162,162,162,162,162,162,162,162,162,162,162,162,162,162,162,162,162,162,162,162,162,162,162,162,162,162,091,163,163,163,163,163,163,163,163,163,163,163,163,163,163,163,163,163,163,163,163,163,163,163,163,163,163,163,163,091,164,164,164,164,164,164,164,164,164,164,164,164,164,164,164,164,164,164,164,164,164,164,164,164,164,164,164,164,091,165,165,165,165,165,165,165,165,165,165,165,165,165,165,165,165,165,165,165,165,165,165,165,165,165,165,165,165,165,091,166,166,166,166,166,166,166,166,166,166,166,166,166,166,166,166,166,166,166,166,166,166,166,166,166,166,166,166,166,091,167,167,167,167,167,167,167,167,167,167,167,167,167,167,167,167,167,167,167,167,167,167,167,167,167,167,167,167,091,168,168,168,168,168,168,168,168,168,168,168,168,168,168,168,168,168,168,168,168,168,168,168,168,168,168,168,168,091,169,169,169,169,169,169,169,169,169,169,169,169,169,169,169,169,169,169,169,169,169,169,169,169,169,169,169,169,169,091,170,170,170,170,170,170,170,170,170,170,170,170,170,170,170,170,170,170,170,170,170,170,170,170,170,170,170,170,091,171,171,171,171,171,171,171,171,171,171,171,171,171,171,171,171,171,171,171,171,171,171,171,171,171,171,171,171,091,172,172,172,172,172,172,172,172,172,172,172,172,172,172,172,172,172,172,172,172,172,172,172,172,172,172,172,172,172,173,091,173,173,173,173,173,173,173,173,173,173,173,173,173,173,173,173,173,173,173,173,173,173,173,173,173,173,173,091,174,174,174,174,174,174,174,174,174,174,174,174,174,174,174,174,174,174,174,174,174,174,174,174,174,174,174,175,091,154,148
034,091,091,091,091,091,091,091,091,091,091,091,091,091,091,091,091,091,091,091,091,091,091,091,091,091,091,091,091,091,091,091,091,091,091,091,091,091,091,091,091,091,091,091,091,091,091,091,091,091,091,091,091,091,091,091,091,091,091,091,091,091,091,091,091,091,091,091,091,091,091,091,091,091,091,091,091,091,091,091,091,091,091,091,091,091,091,091,091,091,091,091,091,091,091,091,091,091,091,091,091,091,091,091,091,091,091,091,091,091,091,091,091,091,091,091,091,091,091,091,091,091,091,091,091,091,091,091,091,091,091,091,091,091,091,091,091,091,091,091,091,091,091,091,091,091,091,091,091,091,091,091,091,091,091,091,091,091,091,091,091,091,091,091,091,091,091,091,091,091,091,091,091,091,091,091,091,091,091,091,091,091,091,091,091,091,091,091,091,091,091,091,091,091,091,091,091,091,091,091,091,091,091,091,091,091,091,091,091,091,091,091,091,091,091,091,091,091,091,091,091,091,091,091,091,091,091,091,091,091,091,091,091,091,091,091,091,091,091,091,091,091,091,091,091,091,091,091,091,091,091,091,091,091,091,091,091,091,091,091,091,091,091,091,091,091,091,091,091,091,091,091,091,091,091,091,091,091,091,091,091,091,091,091,091,091,091,091,091,091,091,091,091,091,091,091,091,091,091,091,091,091,091,091,091,091,091,091,091,091,091,091,091,091,091,091,091,091,091,091,091,091,091,091,091,091,091,091,091,091,091,091,091,091,091,091,091,091,091,091,091,091,091,091,091,091,091,091,091,091,091,091,091,091,091,091,091,091,091,091,091,091,091,091,091,091,091,091,091,091,091,091,091,091,091,091,091,091,091,091,091,091,091,091,091,091,091,091,091,091,091,091,091,091,091,091,091,091,091,091,091,091,091,091,091,091,091,091,091,091,091,091,091,091,091,091,091,091,091,091,091,091,091,091,091,091,091,091,091,091,091,091,091,091,091,091,091,091,091,091,091,091,091,091,091,091,091,091,091,091,091,091,091,091,091,091,091,091,091,091,091,091,091,091,091,091,091,091,091,091,091,091,091
227,177,091,177,177,177,177,177,177,177,177,177,177,177,177,177,177,177,177,177,177,177,177,177,177,177,177,177,177,177,091,178,178,178,178,178,178,178,178,178,178,178,178,178,178,178,178,178,178,178,178,178,178,178,178,178,178,178,178,091,179,179,179,179,179,179,179,179,179,179,179,179,179,179,179,179,179,179,179,179,179,179,179,179,179,179,179,179,179,091,180,180,180,180,180,180,180,180,180,180,180,180,180,180,180,180,180,180,180,180,180,180,180,180,180,180,180,180,091,181,181,181,181,181,181,181,181,181,181,181,181,181,181,181,181,181,181,181,181,181,181,181,181,181,181,181,181,091,182,182,182,182,182,182,182,182,182,182,182,182,182,182,182,182,182,182,182,182,182,182,182,182,182,182,182,182,091,183,183,183,183,183,183,183,183,183,183,183,183,183,183,183,183,183,183,183,183,183,183,183,183,183,183,183,183,183,091,184,184,184,184,184,184,184,184,184,184,184,184,184,184,184,184,184,184,184,184,184,184,184,184,184,184,184,184,184,091,185,185,185,185,185,185,185,185,185,185,185,185,185,185,185,185,185,185,185,185,185,185,185,185,185,185,185,185,091,186,186,186,186,186,186,186,186,186,186,186,186,186,186,186,186,186,186,186,186,186,186,186,186,186,186,186,186,091,187,187,187,187,187,187,187,187,187,187,187,187,187,187,187,187,187,187,187,187,187,187,187,187,187,187,187,187,187,091,188,188,188,188,188,188,188,188,188,188,188,188,188,188,188,188,188,188,188,188,188,188,188,188,188,188,188,188,091,189,189,189,189,189,189,189,189,189,189,189,189,189,189,189,189,189,189,189,189,189,189,189,189,189,189,189,189,091,190,190,190,190,190,190,190,190,190,190,190,190,190,190,190,190,190,190,190,190,190,190,190,190,190,190,190,190,190,190,091,191,191,191,191,191,191,191,191,191,191,191,191,191,191,191,191,191,191,191,191,191,191,191,191,191,191,191,091,192,192,192,192,192,192,192,192,192,192,192,192,192,192,192,192,192,192,192,192,192,192,192,192,192,192,192,192,091,230,243
244,173,091,176,176,176,176,176,176,176,176,176,176,176,176,176,176,176,176,176,176,176,176,176,176,176,176,176,176,176,091,177,177,177,177,177,177,177,177,177,177,177,177,177,177,177,177,177,177,177,177,177,177,177,177,177,177,177,177,091,178,178,178,178,178,178,178,178,178,178,178,178,178,178,178,178,178,178,178,178,178,178,178,178,178,178,178,178,178,091,179,179,179,179,179,179,179,179,179,179,179,179,179,179,179,179,179,179,179,179,179,179,179,179,179,179,179,179,091,180,180,180,180,180,180,180,180,180,180,180,180,180,180,180,180,180,180,180,180,180,180,180,180,180,180,180,180,091,181,181,181,181,181,181,181,181,181,181,181,181,181,181,181,181,181,181,181,181,181,181,181,181,181,181,181,181,091,182,182,182,182,182,182,182,182,182,182,182,182,182,182,182,182,182,182,182,182,182,182,182,182,182,182,182,182,182,091,183,183,183,183,183,183,183,183,183,183,183,183,183,183,183,183,183,183,183,183,183,183,183,183,183,183,183,183,183,091,184,184,184,184,184,184,184,184,184,184,184,184,184,184,184,184,184,184,184,184,184,184,184,184,184,184,184,184,091,185,185,185,185,185,185,185,185,185,185,185,185,185,185,185,185,185,185,185,185,185,185,185,185,185,185,185,185,091,186,186,186,186,186,186,186,186,186,186,186,186,186,186,186,186,186,186,186,186,186,186,186,186,186,186,186,186,186,091,187,187,187,187,187,187,187,187,187,187,187,187,187,187,187,187,187,187,187,187,187,187,187,187,187,187,187,187,091,188,188,188,188,188,188,188,188,188,188,188,188,188,188,188,188,188,188,188,188,188,188,188,188,188,188,188,188,091,189,189,189,189,189,189,189,189,189,189,189,189,189,189,189,189,189,189,189,189,189,189,189,189,189,189,189,189,189,190,091,190,190,190,190,190,190,190,190,190,190,190,190,190,190,190,190,190,190,190,190,190,190,190,190,190,190,190,091,191,191,191,191,191,191,191,191,191,191,191,191,191,191,191,191,191,191,191,191,191,191,191,191,191,191,191,191,091,247,255
239,173,091,176,176,176,176,176,176,176,176,176,176,176,176,176,176,176,176,176,176,176,176,176,176,176,176,176,176,176,091,177,177,177,177,177,177,177,177,177,177,177,177,177,177,177,177,177,177,177,177,177,177,177,177,177,177,177,177,091,178,178,178,178,178,178,178,178,178,178,178,178,178,178,178,178,178,178,178,178,178,178,178,178,178,178,178,178,178,091,179,179,179,179,179,179,179,179,179,179,179,179,179,179,179,179,179,179,179,179,179,179,179,179,179,179,179,179,091,180,180,180,180,180,180,180,180,180,180,180,180,180,180,180,180,180,180,180,180,180,180,180,180,180,180,180,180,091,181,181,181,181,181,181,181,181,181,181,181,181,181,181,181,181,181,181,181,181,181,181,181,181,181,181,181,181,091,182,182,182,182,182,182,182,182,182,182,182,182,182,182,182,182,182,182,182,182,182,182,182,182,182,182,182,182,182,091,183,183,183,183,183,183,183,183,183,183,183,183,183,183,183,183,183,183,183,183,183,183,183,183,183,183,183,183,183,091,184,184,184,184,184,184,184,184,184,184,184,184,184,184,184,184,184,184,184,184,184,184,184,184,184,184,184,184,091,185,185,185,185,185,185,185,185,185,185,185,185,185,185,185,185,185,185,185,185,185,185,185,185,185,185,185,185,091,186,186,186,186,186,186,186,186,186,186,186,186,186,186,186,186,186,186,186,186,186,186,186,186,186,186,186,186,186,091,187,187,187,187,187,187,187,187,187,187,187,187,187,187,187,187,187,187,187,187,187,187,187,187,187,187,187,187,091,188,188,188,188,188,188,188,188,188,188,188,188,188,188,188,188,188,188,188,188,188,188,188,188,188,188,188,188,091,189,189,189,189,189,189,189,189,189,189,189,189,189,189,189,189,189,189,189,189,189,189,189,189,189,189,189,189,189,190,091,190,190,190,190,190,190,190,190,190,190,190,190,190,190,190,190,190,190,190,190,190,190,190,190,190,190,190,091,191,191,191,191,191,191,191,191,191,191,191,191,191,191,191,191,191,191,191,191,191,191,191,191,191,191,191,191,091,242,255
239,173,091,176,176,176,176,176,176,176,176,176,176,176,176,176,176,176,176,176,176,176,176,176,176,176,176,176,176,176,091,177,177,177,177,177,177,177,177,177,177,177,177,177,177,177,177,177,177,177,177,177,177,177,177,177,177,177,177,091,178,178,178,178,178,178,178,178,178,178,178,178,178,178,178,178,178,178,178,178,178,178,178,178,178,178,178,178,178,091,179,179,179,179,179,179,179,179,179,179,179,179,179,179,179,179,179,179,179,179,179,179,179,179,179,179,179,179,091,180,180,180,180,180,180,180,180,180,180,180,180,180,180,180,180,180,180,180,180,180,180,180,180,180,180,180,180,091,181,181,181,181,181,181,181,181,181,181,181,181,181,181,181,181,181,181,181,181,181,181,181,181,181,181,181,181,091,182,182,182,182,182,182,182,182,182,182,182,182,182,182,182,182,182,182,182,182,182,182,182,182,182,182,182,182,182,091,183,183,183,183,183,183,183,183,183,183,183,183,183,183,183,183,183,183,183,183,183,183,183,183,183,183,183,183,183,091,184,184,184,184,184,184,184,184,184,184,184,184,184,184,184,184,184,184,184,184,184,184,184,184,184,184,184,184,091,185,185,185,185,185,185,185,185,185,185,185,185,185,185,185,185,185,185,185,185,185,185,185,185,185,185,185,185,091,186,186,186,186,186,186,186,186,186,186,186,186,186,186,186,186,186,186,186,186,186,186,186,186,186,186,186,186,186,091,187,187,187,187,187,187,187,187,187,187,187,187,187,187,187,187,187,187,187,187,187,187,187,187,187,187,187,187,091,188,188,188,188,188,188,188,188,188,188,188,188,188,188,188,188,188,188,188,188,188,188,188,188,188,188,188,188,091,189,189,189,189,189,189,189,189,189,189,189,189,189,189,189,189,189,189,189,189,189,189,189,189,189,189,189,189,189,190,091,190,190,190,190,190,190,190,190,190,190,190,190,190,190,190,190,190,190,190,190,190,190,190,190,190,190,190,091,191,191,191,191,191,191,191,191,191,191,191,191,191,191,191,191,191,191,191,191,191,191,191,191,191,191,191,191,091,242,255
239,173,091,176,176,176,176,176,176,176,176,176,176,176,176,176,176,176,176,176,176,176,176,176,176,176,176,176,176,176,091,177,177,177,177,177,177,177,177,177,177,177,177,177,177,177,177,177,177,177,177,177,177,177,177,177,177,177,177,091,178,178,178,178,178,178,178,178,178,178,178,178,178,178,178,178,178,178,178,178,178,178,178,178,178,178,178,178,178,091,179,179,179,179,179,179,179,179,179,179,179,179,179,179,179,179,179,179,179,179,179,179,179,179,179,179,179,179,091,180,180,180,180,180,180,180,180,180,180,180,180,180,180,180,180,180,180,180,180,180,180,180,180,180,180,180,180,091,181,181,181,181,181,181,181,181,181,181,181,181,181,181,181,181,181,181,181,181,181,181,181,181,181,181,181,181,091,182,182,182,182,182,182,182,182,182,182,182,182,182,182,182,182,182,182,182,182,182,182,182,182,182,182,182,182,182,091,183,183,183,183,183,183,183,183,183,183,183,183,183,183,183,183,183,183,183,183,183,183,183,183,183,183,183,183,183,091,184,184,184,184,184,184,184,184,184,184,184,184,184,184,184,184,184,184,184,184,184,184,184,184,184,184,184,184,091,185,185,185,185,185,185,185,185,185,185,185,185,185,185,185,185,185,185,185,185,185,185,185,185,185,185,185,185,091,186,186,186,186,186,186,186,186,186,186,186,186,186,186,186,186,186,186,186,186,186,186,186,186,186,186,186,186,186,091,187,187,187,187,187,187,187,187,187,187,187,187,187,187,187,187,187,187,187,187,187,187,187,187,187,187,187,187,091,188,188,188,188,188,188,188,188,188,188,188,188,188,188,188,188,188,188,188,188,188,188,188,188,188,188,188,188,091,189,189,189,189,189,189,189,189,189,189,189,189,189,189,189,189,189,189,189,189,189,189,189,189,189,189,189,189,189,190,091,190,190,190,190,190,190,190,190,190,190,190,190,190,190,190,190,190,190,190,190,190,190,190,190,190,190,190,091,191,191,191,191,191,191,191,191,191,191,191,191,191,191,191,191,191,191,191,191,191,191,191,191,191,191,191,191,091,242,255
239,173,091,176,176,176,176,176,176,176,176,176,176,176,176,176,176,176,176,176,176,176,176,176,176,176,176,176,176,176,091,177,177,177,177,177,177,177,177,177,177,177,177,177,177,177,177,177,177,177,177,177,177,177,177,177,177,177,177,091,178,178,178,178,178,178,178,178,178,178,178,178,178,178,178,178,178,178,178,178,178,178,178,178,178,178,178,178,178,091,179,179,179,179,179,179,179,179,179,179,179,179,179,179,179,179,179,179,179,179,179,179,179,179,179,179,179,179,091,180,180,180,180,180,180,180,180,180,180,180,180,180,180,180,180,180,180,180,180,180,180,180,180,180,180,180,180,091,181,181,181,181,181,181,181,181,181,181,181,181,181,181,181,181,181,181,181,181,181,181,181,181,181,181,181,181,091,182,182,182,182,182,182,182,182,182,182,182,182,182,182,182,182,182,182,182,182,182,182,182,182,182,182,182,182,182,091,183,183,183,183,183,183,183,183,183,183,183,183,183,183,183,183,183,183,183,183,183,183,183,183,183,183,183,183,183,091,184,184,184,184,184,184,184,184,184,184,184,184,184,184,184,184,184,184,184,184,184,184,184,184,184,184,184,184,091,185,185,185,185,185,185,185,185,185,185,185,185,185,185,185,185,185,185,185,185,185,185,185,185,185,185,185,185,091,186,186,186,186,186,186,186,186,186,186,186,186,186,186,186,186,186,186,186,186,186,186,186,186,186,186,186,186,186,091,187,187,187,187,187,187,187,187,187,187,187,187,187,187,187,187,187,187,187,187,187,187,187,187,187,187,187,187,091,188,188,188,188,188,188,188,188,188,188,188,188,188,188,188,188,188,188,188,188,188,188,188,188,188,188,188,188,091,189,189,189,189,189,189,189,189,189,189,189,189,189,189,189,189,189,189,189,189,189,189,189,189,189,189,189,189,189,190,091,190,190,190,190,190,190,190,190,190,190,190,190,190,190,190,190,190,190,190,190,190,190,190,190,190,190,190,091,191,191,191,191,191,191,191,191,191,191,191,191,191,191,191,191,191,191,191,191,191,191,191,191,191,191,191,191,091,242,255
239,173,091,176,176,176,176,176,176,176,176,176,176,176,176,176,176,176,176,176,176,176,176,176,176,176,176,176,176,176,091,177,177,177,177,177,177,177,177,177,177,177,177,177,177,177,177,177,177,177,177,177,177,177,177,177,177,177,177,091,178,178,178,178,178,178,178,178,178,178,178,178,178,178,178,178,178,178,178,178,178,178,178,178,178,178,178,178,178,091,179,179,179,179,179,179,179,179,179,179,179,179,179,179,179,179,179,179,179,179,179,179,179,179,179,179,179,179,091,180,180,180,180,180,180,180,180,180,180,180,180,180,180,180,180,180,180,180,180,180,180,180,180,180,180,180,180,091,181,181,181,181,181,181,181,181,181,181,181,181,181,181,181,181,181,181,181,181,181,181,181,181,181,181,181,181,091,182,182,182,182,182,182,182,182,182,182,182,182,182,182,182,182,182,182,182,182,182,182,182,182,182,182,182,182,182,091,183,183,183,183,183,183,183,183,183,183,183,183,183,183,183,183,183,183,183,183,183,183,183,183,183,183,183,183,183,091,184,184,184,184,184,184,184,184,184,184,184,184,184,184,184,184,184,184,184,184,184,184,184,184,184,184,184,184,091,185,185,185,185,185,185,185,185,185,185,185,185,185,185,185,185,185,185,185,185,185,185,185,185,185,185,185,185,091,186,186,186,186,186,186,186,186,186,186,186,186,186,186,186,186,186,186,186,186,186,186,186,186,186,186,186,186,186,091,187,187,187,187,187,187,187,187,187,187,187,187,187,187,187,187,187,187,187,187,187,187,187,187,187,187,187,187,091,188,188,188,188,188,188,188,188,188,188,188,188,188,188,188,188,188,188,188,188,188,188,188,188,188,188,188,188,091,189,189,189,189,189,189,189,189,189,189,189,189,189,189,189,189,189,189,189,189,189,189,189,189,189,189,189,189,189,190,091,190,190,190,190,190,190,190,190,190,190,190,190,190,190,190,190,190,190,190,190,190,190,190,190,190,190,190,091,191,191,191,191,191,191,191,191,191,191,191,191,191,191,191,191,191,191,191,191,191,191,191,191,191,191,191,191,091,242,255
239,173,091,176,176,176,176,176,176,176,176,176,176,176,176,176,176,176,176,176,176,176,176,176,176,176,176,176,176,176,091,177,177,177,177,177,177,177,177,177,177,177,177,177,177,177,177,177,177,177,177,177,177,177,177,177,177,177,177,091,178,178,178,178,178,178,178,178,178,178,178,178,178,178,178,178,178,178,178,178,178,178,178,178,178,178,178,178,178,091,179,179,179,179,179,179,179,179,179,179,179,179,179,179,179,179,179,179,179,179,179,179,179,179,179,179,179,179,091,180,180,180,180,180,180,180,180,180,180,180,180,180,180,180,180,180,180,180,180,180,180,180,180,180,180,180,180,091,181,181,181,181,181,181,181,181,181,181,181,181,181,181,181,181,181,181,181,181,181,181,181,181,181,181,181,181,091,182,182,182,182,182,182,182,182,182,182,182,182,182,182,182,182,182,182,182,182,182,182,182,182,182,182,182,182,182,091,183,183,183,183,183,183,183,183,183,183,183,183,183,183,183,183,183,183,183,183,183,183,183,183,183,183,183,183,183,091,184,184,184,184,184,184,184,184,184,184,184,184,184,184,184,184,184,184,184,184,184,184,184,184,184,184,184,184,091,185,185,185,185,185,185,185,185,185,185,185,185,185,185,185,185,185,185,185,185,185,185,185,185,185,185,185,185,091,186,186,186,186,186,186,186,186,186,186,186,186,186,186,186,186,186,186,186,186,186,186,186,186,186,186,186,186,186,091,187,187,187,187,187,187,187,187,187,187,187,187,187,187,187,187,187,187,187,187,187,187,187,187,187,187,187,187,091,188,188,188,188,188,188,188,188,188,188,188,188,188,188,188,188,188,188,188,188,188,188,188,188,188,188,188,188,091,189,189,189,189,189,189,189,189,189,189,189,189,189,189,189,189,189,189,189,189,189,189,189,189,189,189,189,189,189,190,091,190,190,190,190,190,190,190,190,190,190,190,190,190,190,190,190,190,190,190,190,190,190,190,190,190,190,190,091,191,191,191,191,191,191,191,191,191,191,191,191,191,191,191,191,191,191,191,191,191,191,191,191,191,191,191,191,091,242,255
239,173,091,176,176,176,176,176,176,176,176,176,176,176,176,176,176,176,176,176,176,176,176,176,176,176,176,176,176,176,091,177,177,177,177,177,177,177,177,177,177,177,177,177,177,177,177,177,177,177,177,177,177,177,177,177,177,177,177,091,178,178,178,178,178,178,178,178,178,178,178,178,178,178,178,178,178,178,178,178,178,178,178,178,178,178,178,178,178,091,179,179,179,179,179,179,179,179,179,179,179,179,179,179,179,179,179,179,179,179,179,179,179,179,179,179,179,179,091,180,180,180,180,180,180,180,180,180,180,180,180,180,180,180,180,180,180,180,180,180,180,180,180,180,180,180,180,091,181,181,181,181,181,181,181,181,181,181,181,181,181,181,181,181,181,181,181,181,181,181,181,181,181,181,181,181,091,182,182,182,182,182,182,182,182,182,182,182,182,182,182,182,182,182,182,182,182,182,182,182,182,182,182,182,182,182,091,183,183,183,183,183,183,183,183,183,183,183,183,183,183,183,183,183,183,183,183,183,183,183,183,183,183,183,183,183,091,184,184,184,184,184,184,184,184,184,184,184,184,184,184,184,184,184,184,184,184,184,184,184,184,184,184,184,184,091,185,185,185,185,185,185,185,185,185,185,185,185,185,185,185,185,185,185,185,185,185,185,185,185,185,185,185,185,091,186,186,186,186,186,186,186,186,186,186,186,186,186,186,186,186,186,186,186,186,186,186,186,186,186,186,186,186,186,091,187,187,187,187,187,187,187,187,187,187,187,187,187,187,187,187,187,187,187,187,187,187,187,187,187,187,187,187,091,188,188,188,188,188,188,188,188,188,188,188,188,188,188,188,188,188,188,188,188,188,188,188,188,188,188,188,188,091,189,189,189,189,189,189,189,189,189,189,189,189,189,189,189,189,189,189,189,189,189,189,189,189,189,189,189,189,189,190,091,190,190,190,190,190,190,190,190,190,190,190,190,190,190,190,190,190,190,190,190,190,190,190,190,190,190,190,091,191,191,191,191,191,191,191,191,191,191,191,191,191,191,191,191,191,191,191,191,191,191,191,191,191,191,191,191,091,242,255
239,173,091,176,176,176,176,176,176,176,176,176,176,176,176,176,176,176,176,176,176,176,176,176,176,176,176,176,176,176,091,177,177,177,177,177,177,177,177,177,177,177,177,177,177,177,177,177,177,177,177,177,177,177,177,177,177,177,177,091,178,178,178,178,178,178,178,178,178,178,178,178,178,178,178,178,178,178,178,178,178,178,178,178,178,178,178,178,178,091,179,179,179,179,179,179,179,179,179,179,179,179,179,179,179,179,179,179,179,179,179,179,179,179,179,179,179,179,091,180,180,180,180,180,180,180,180,180,180,180,180,180,180,180,180,180,180,180,180,180,180,180,180,180,180,180,180,091,181,181,181,181,181,181,181,181,181,181,181,181,181,181,181,181,181,181,181,181,181,181,181,181,181,181,181,181,091,182,182,182,182,182,182,182,182,182,182,182,182,182,182,182,182,182,182,182,182,182,182,182,182,182,182,182,182,182,091,183,183,183,183,183,183,183,183,183,183,183,183,183,183,183,183,183,183,183,183,183,183,183,183,183,183,183,183,183,091,184,184,184,184,184,184,184,184,184,184,184,184,184,184,184,184,184,184,184,184,184,184,184,184,184,184,184,184,091,185,185,185,185,185,185,185,185,185,185,185,185,185,185,185,185,185,185,185,185,185,185,185,185,185,185,185,185,091,186,186,186,186,186,186,186,186,186,186,186,186,186,186,186,186,186,186,186,186,186,186,186,186,186,186,186,186,186,091,187,187,187,187,187,187,187,187,187,187,187,187,187,187,187,187,187,187,187,187,187,187,187,187,187,187,187,187,091,188,188,188,188,188,188,188,188,188,188,188,188,188,188,188,188,188,188,188,188,188,188,188,188,188,188,188,188,091,189,189,189,189,189,189,189,189,189,189,189,189,189,189,189,189,189,189,189,189,189,189,189,189,189,189,189,189,189,190,091,190,190,190,190,190,190,190,190,190,190,190,190,190,190,190,190,190,190,190,190,190,190,190,190,190,190,190,091,191,191,191,191,191,191,191,191,191,191,191,191,191,191,191,191,191,191,191,191,191,191,191,191,191,191,191,191,091,242,255
239,173,091,176,176,176,176,176,176,176,176,176,176,176,176,176,176,176,176,176,176,176,176,176,176,176,176,176,176,176,091,177,177,177,177,177,177,177,177,177,177,177,177,177,177,177,177,177,177,177,177,177,177,177,177,177,177,177,177,091,178,178,178,178,178,178,178,178,178,178,178,178,178,178,178,178,178,178,178,178,178,178,178,178,178,178,178,178,178,091,179,179,179,179,179,179,179,179,179,179,179,179,179,179,179,179,179,179,179,179,179,179,179,179,179,179,179,179,091,180,180,180,180,180,180,180,180,180,180,180,180,180,180,180,180,180,180,180,180,180,180,180,180,180,180,180,180,091,181,181,181,181,181,181,181,181,181,181,181,181,181,181,181,181,181,181,181,181,181,181,181,181,181,181,181,181,091,182,182,182,182,182,182,182,182,182,182,182,182,182,182,182,182,182,182,182,182,182,182,182,182,182,182,182,182,182,091,183,183,183,183,183,183,183,183,183,183,183,183,183,183,183,183,183,183,183,183,183,183,183,183,183,183,183,183,183,091,184,184,184,184,184,184,184,184,184,184,184,184,184,184,184,184,184,184,184,184,184,184,184,184,184,184,184,184,091,185,185,185,185,185,185,185,185,185,185,185,185,185,185,185,185,185,185,185,185,185,185,185,185,185,185,185,185,091,186,186,186,186,186,186,186,186,186,186,186,186,186,186,186,186,186,186,186,186,186,186,186,186,186,186,186,186,186,091,187,187,187,187,187,187,187,187,187,187,187,187,187,187,187,187,187,187,187,187,187,187,187,187,187,187,187,187,091,188,188,188,188,188,188,188,188,188,188,188,188,188,188,188,188,188,188,188,188,188,188,188,188,188,188,188,188,091,189,189,189,189,189,189,189,189,189,189,189,189,189,189,189,189,189,189,189,189,189,189,189,189,189,189,189,189,189,190,091,190,190,190,190,190,190,190,190,190,190,190,190,190,190,190,190,190,190,190,190,190,190,190,190,190,190,190,091,191,191,191,191,191,191,191,191,191,191,191,191,191,191,191,191,191,191,191,191,191,191,191,191,191,191,191,191,091,242,255
239,173,091,176,176,176,176,176,176,176,176,176,176,176,176,176,176,176,176,176,176,176,176,176,176,176,176,176,176,176,091,177,177,177,177,177,177,177,177,177,177,177,177,177,177,177,177,177,177,177,177,177,177,177,177,177,177,177,177,091,178,178,178,178,178,178,178,178,178,178,178,178,178,178,178,178,178,178,178,178,178,178,178,178,178,178,178,178,178,091,179,179,179,179,179,179,179,179,179,179,179,179,179,179,179,179,179,179,179,179,179,179,179,179,179,179,179,179,091,180,180,180,180,180,180,180,180,180,180,180,180,180,180,180,180,180,180,180,180,180,180,180,180,180,180,180,180,091,181,181,181,181,181,181,181,181,181,181,181,181,181,181,181,181,181,181,181,181,181,181,181,181,181,181,181,181,091,182,182,182,182,182,182,182,182,182,182,182,182,182,182,182,182,182,182,182,182,182,182,182,182,182,182,182,182,182,091,183,183,183,183,183,183,183,183,183,183,183,183,183,183,183,183,183,183,183,183,183,183,183,183,183,183,183,183,183,091,184,184,184,184,184,184,184,184,184,184,184,184,184,184,184,184,184,184,184,184,184,184,184,184,184,184,184,184,091,185,185,185,185,185,185,185,185,185,185,185,185,185,185,185,185,185,185,185,185,185,185,185,185,185,185,185,185,091,186,186,186,186,186,186,186,186,186,186,186,186,186,186,186,186,186,186,186,186,186,186,186,186,186,186,186,186,186,091,187,187,187,187,187,187,187,187,187,187,187,187,187,187,187,187,187,187,187,187,187,187,187,187,187,187,187,187,091,188,188,188,188,188,188,188,188,188,188,188,188,188,188,188,188,188,188,188,188,188,188,188,188,188,188,188,188,091,189,189,189,189,189,189,189,189,189,189,189,189,189,189,189,189,189,189,189,189,189,189,189,189,189,189,189,189,189,190,091,190,190,190,190,190,190,190,190,190,190,190,190,190,190,190,190,190,190,190,190,190,190,190,190,190,190,190,091,191,191,191,191,191,191,191,191,191,191,191,191,191,191,191,191,191,191,191,191,191,191,191,191,191,191,191,191,091,242,255
239,173,091,176,176,176,176,176,176,176,176,176,176,176,176,176,176,176,176,176,176,176,176,176,176,176,176,176,176,176,091,177,177,177,177,177,177,177,177,177,177,177,177,177,177,177,177,177,177,177,177,177,177,177,177,177,177,177,177,091,178,178,178,178,178,178,178,178,178,178,178,178,178,178,178,178,178,178,178,178,178,178,178,178,178,178,178,178,178,091,179,179,179,179,179,179,179,179,179,179,179,179,179,179,179,179,179,179,179,179,179,179,179,179,179,179,179,179,091,180,180,180,180,180,180,180,180,180,180,180,180,180,180,180,180,180,180,180,180,180,180,180,180,180,180,180,180,091,181,181,181,181,181,181,181,181,181,181,181,181,181,181,181,181,181,181,181,181,181,181,181,181,181,181,181,181,091,182,182,182,182,182,182,182,182,182,182,182,182,182,182,182,182,182,182,182,182,182,182,182,182,182,182,182,182,182,091,183,183,183,183,183,183,183,183,183,183,183,183,183,183,183,183,183,183,183,183,183,183,183,183,183,183,183,183,183,091,184,184,184,184,184,184,184,184,184,184,184,184,184,184,184,184,184,184,184,184,184,184,184,184,184,184,184,184,091,185,185,185,185,185,185,185,185,185,185,185,185,185,185,185,185,185,185,185,185,185,185,185,185,185,185,185,185,091,186,186,186,186,186,186,186,186,186,186,186,186,186,186,186,186,186,186,186,186,186,186,186,186,186,186,186,186,186,091,187,187,187,187,187,187,187,187,187,187,187,187,187,187,187,187,187,187,187,187,187,187,187,187,187,187,187,187,091,188,188,188,188,188,188,188,188,188,188,188,188,188,188,188,188,188,188,188,188,188,188,188,188,188,188,188,188,091,189,189,189,189,189,189,189,189,189,189,189,189,189,189,189,189,189,189,189,189,189,189,189,189,189,189,189,189,189,190,091,190,190,190,190,190,190,190,190,190,190,190,190,190,190,190,190,190,190,190,190,190,190,190,190,190,190,190,091,191,191,191,191,191,191,191,191,191,191,191,191,191,191,191,191,191,191,191,191,191,191,191,191,191,191,191,191,091,242,255
239,173,091,176,176,176,176,176,176,176,176,176,176,176,176,176,176,176,176,176,176,176,176,176,176,176,176,176,176,176,091,177,177,177,177,177,177,177,177,177,177,177,177,177,177,177,177,177,177,177,177,177,177,177,177,177,177,177,177,091,178,178,178,178,178,178,178,178,178,178,178,178,178,178,178,178,178,178,178,178,178,178,178,178,178,178,178,178,178,091,179,179,179,179,179,179,179,179,179,179,179,179,179,179,179,179,179,179,179,179,179,179,179,179,179,179,179,179,091,180,180,180,180,180,180,180,180,180,180,180,180,180,180,180,180,180,180,180,180,180,180,180,180,180,180,180,180,091,181,181,181,181,181,181,181,181,181,181,181,181,181,181,181,181,181,181,181,181,181,181,181,181,181,181,181,181,091,182,182,182,182,182,182,182,182,182,182,182,182,182,182,182,182,182,182,182,182,182,182,182,182,182,182,182,182,182,091,183,183,183,183,183,183,183,183,183,183,183,183,183,183,183,183,183,183,183,183,183,183,183,183,183,183,183,183,183,091,184,184,184,184,184,184,184,184,184,184,184,184,184,184,184,184,184,184,184,184,184,184,184,184,184,184,184,184,091,185,185,185,185,185,185,185,185,185,185,185,185,185,185,185,185,185,185,185,185,185,185,185,185,185,185,185,185,091,186,186,186,186,186,186,186,186,186,186,186,186,186,186,186,186,186,186,186,186,186,186,186,186,186,186,186,186,186,091,187,187,187,187,187,187,187,187,187,187,187,187,187,187,187,187,187,187,187,187,187,187,187,187,187,187,187,187,091,188,188,188,188,188,188,188,188,188,188,188,188,188,188,188,188,188,188,188,188,188,188,188,188,188,188,188,188,091,189,189,189,189,189,189,189,189,189,189,189,189,189,189,189,189,189,189,189,189,189,189,189,189,189,189,189,189,189,190,091,190,190,190,190,190,190,190,190,190,190,190,190,190,190,190,190,190,190,190,190,190,190,190,190,190,190,190,091,191,191,191,191,191,191,191,191,191,191,191,191,191,191,191,191,191,191,191,191,191,191,191,191,191,191,191,191,091,242,255
239,173,091,176,176,176,176,176,176,176,176,176,176,176,176,176,176,176,176,176,176,176,176,176,176,176,176,176,176,176,091,177,177,177,177,177,177,177,177,177,177,177,177,177,177,177,177,177,177,177,177,177,177,177,177,177,177,177,177,091,178,178,178,178,178,178,178,178,178,178,178,178,178,178,178,178,178,178,178,178,178,178,178,178,178,178,178,178,178,091,179,179,179,179,179,179,179,179,179,179,179,179,179,179,179,179,179,179,179,179,179,179,179,179,179,179,179,179,091,180,180,180,180,180,180,180,180,180,180,180,180,180,180,180,180,180,180,180,180,180,180,180,180,180,180,180,180,091,181,181,181,181,181,181,181,181,181,181,181,181,181,181,181,181,181,181,181,181,181,181,181,181,181,181,181,181,091,182,182,182,182,182,182,182,182,182,182,182,182,182,182,182,182,182,182,182,182,182,182,182,182,182,182,182,182,182,091,183,183,183,183,183,183,183,183,183,183,183,183,183,183,183,183,183,183,183,183,183,183,183,183,183,183,183,183,183,091,184,184,184,184,184,184,184,184,184,184,184,184,184,184,184,184,184,184,184,184,184,184,184,184,184,184,184,184,091,185,185,185,185,185,185,185,185,185,185,185,185,185,185,185,185,185,185,185,185,185,185,185,185,185,185,185,185,091,186,186,186,186,186,186,186,186,186,186,186,186,186,186,186,186,186,186,186,186,186,186,186,186,186,186,186,186,186,091,187,187,187,187,187,187,187,187,187,187,187,187,187,187,187,187,187,187,187,187,187,187,187,187,187,187,187,187,091,188,188,188,188,188,188,188,188,188,188,188,188,188,188,188,188,188,188,188,188,188,188,188,188,188,188,188,188,091,189,189,189,189,189,189,189,189,189,189,189,189,189,189,189,189,189,189,189,189,189,189,189,189,189,189,189,189,189,190,091,190,190,190,190,190,190,190,190,190,190,190,190,190,190,190,190,190,190,190,190,190,190,190,190,190,190,190,091,191,191,191,191,191,191,191,191,191,191,191,191,191,191,191,191,191,191,191,191,191,191,191,191,191,191,191,191,091,242,255
239,173,091,176,176,176,176,176,176,176,176,176,176,176,176,176,176,176,176,176,176,176,176,176,176,176,176,176,176,176,091,177,177,177,177,177,177,177,177,177,177,177,177,177,177,177,177,177,177,177,177,177,177,177,177,177,177,177,177,091,178,178,178,178,178,178,178,178,178,178,178,178,178,178,178,178,178,178,178,178,178,178,178,178,178,178,178,178,178,091,179,179,179,179,179,179,179,179,179,179,179,179,179,179,179,179,179,179,179,179,179,179,179,179,179,179,179,179,091,180,180,180,180,180,180,180,180,180,180,180,180,180,180,180,180,180,180,180,180,180,180,180,180,180,180,180,180,091,181,181,181,181,181,181,181,181,181,181,181,181,181,181,181,181,181,181,181,181,181,181,181,181,181,181,181,181,091,182,182,182,182,182,182,182,182,182,182,182,182,182,182,182,182,182,182,182,182,182,182,182,182,182,182,182,182,182,091,183,183,183,183,183,183,183,183,183,183,183,183,183,183,183,183,183,183,183,183,183,183,183,183,183,183,183,183,183,091,184,184,184,184,184,184,184,184,184,184,184,184,184,184,184,184,184,184,184,184,184,184,184,184,184,184,184,184,091,185,185,185,185,185,185,185,185,185,185,185,185,185,185,185,185,185,185,185,185,185,185,185,185,185,185,185,185,091,186,186,186,186,186,186,186,186,186,186,186,186,186,186,186,186,186,186,186,186,186,186,186,186,186,186,186,186,186,091,187,187,187,187,187,187,187,187,187,187,187,187,187,187,187,187,187,187,187,187,187,187,187,187,187,187,187,187,091,188,188,188,188,188,188,188,188,188,188,188,188,188,188,188,188,188,188,188,188,188,188,188,188,188,188,188,188,091,189,189,189,189,189,189,189,189,189,189,189,189,189,189,189,189,189,189,189,189,189,189,189,189,189,189,189,189,189,190,091,190,190,190,190,190,190,190,190,190,190,190,190,190,190,190,190,190,190,190,190,190,190,190,190,190,190,190,091,191,191,191,191,191,191,191,191,191,191,191,191,191,191,191,191,191,191,191,191,191,191,191,191,191,191,191,191,091,242,255
239,173,091,176,176,176,176,176,176,176,176,176,176,176,176,176,176,176,176,176,176,176,176,176,176,176,176,176,176,176,091,177,177,177,177,177,177,177,177,177,177,177,177,177,177,177,177,177,177,177,177,177,177,177,177,177,177,177,177,091,178,178,178,178,178,178,178,178,178,178,178,178,178,178,178,178,178,178,178,178,178,178,178,178,178,178,178,178,178,091,179,179,179,179,179,179,179,179,179,179,179,179,179,179,179,179,179,179,179,179,179,179,179,179,179,179,179,179,091,180,180,180,180,180,180,180,180,180,180,180,180,180,180,180,180,180,180,180,180,180,180,180,180,180,180,180,180,091,181,181,181,181,181,181,181,181,181,181,181,181,181,181,181,181,181,181,181,181,181,181,181,181,181,181,181,181,091,182,182,182,182,182,182,182,182,182,182,182,182,182,182,182,182,182,182,182,182,182,182,182,182,182,182,182,182,182,091,183,183,183,183,183,183,183,183,183,183,183,183,183,183,183,183,183,183,183,183,183,183,183,183,183,183,183,183,183,091,184,184,184,184,184,184,184,184,184,184,184,184,184,184,184,184,184,184,184,184,184,184,184,184,184,184,184,184,091,185,185,185,185,185,185,185,185,185,185,185,185,185,185,185,185,185,185,185,185,185,185,185,185,185,185,185,185,091,186,186,186,186,186,186,186,186,186,186,186,186,186,186,186,186,186,186,186,186,186,186,186,186,186,186,186,186,186,091,187,187,187,187,187,187,187,187,187,187,187,187,187,187,187,187,187,187,187,187,187,187,187,187,187,187,187,187,091,188,188,188,188,188,188,188,188,188,188,188,188,188,188,188,188,188,188,188,188,188,188,188,188,188,188,188,188,091,189,189,189,189,189,189,189,189,189,189,189,189,189,189,189,189,189,189,189,189,189,189,189,189,189,189,189,189,189,190,091,190,190,190,190,190,190,190,190,190,190,190,190,190,190,190,190,190,190,190,190,190,190,190,190,190,190,190,091,191,191,191,191,191,191,191,191,191,191,191,191,191,191,191,191,191,191,191,191,191,191,191,191,191,191,191,191,091,242,255
239,173,091,176,176,176,176,176,176,176,176,176,176,176,176,176,176,176,176,176,176,176,176,176,176,176,176,176,176,176,091,177,177,177,177,177,177,177,177,177,177,177,177,177,177,177,177,177,177,177,177,177,177,177,177,177,177,177,177,091,178,178,178,178,178,178,178,178,178,178,178,178,178,178,178,178,178,178,178,178,178,178,178,178,178,178,178,178,178,091,179,179,179,179,179,179,179,179,179,179,179,179,179,179,179,179,179,179,179,179,179,179,179,179,179,179,179,179,091,180,180,180,180,180,180,180,180,180,180,180,180,180,180,180,180,180,180,180,180,180,180,180,180,180,180,180,180,091,181,181,181,181,181,181,181,181,181,181,181,181,181,181,181,181,181,181,181,181,181,181,181,181,181,181,181,181,091,182,182,182,182,182,182,182,182,182,182,182,182,182,182,182,182,182,182,182,182,182,182,182,182,182,182,182,182,182,091,183,183,183,183,183,183,183,183,183,183,183,183,183,183,183,183,183,183,183,183,183,183,183,183,183,183,183,183,183,091,184,184,184,184,184,184,184,184,184,184,184,184,184,184,184,184,184,184,184,184,184,184,184,184,184,184,184,184,091,185,185,185,185,185,185,185,185,185,185,185,185,185,185,185,185,185,185,185,185,185,185,185,185,185,185,185,185,091,186,186,186,186,186,186,186,186,186,186,186,186,186,186,186,186,186,186,186,186,186,186,186,186,186,186,186,186,186,091,187,187,187,187,187,187,187,187,187,187,187,187,187,187,187,187,187,187,187,187,187,187,187,187,187,187,187,187,091,188,188,188,188,188,188,188,188,188,188,188,188,188,188,188,188,188,188,188,188,188,188,188,188,188,188,188,188,091,189,189,189,189,189,189,189,189,189,189,189,189,189,189,189,189,189,189,189,189,189,189,189,189,189,189,189,189,189,190,091,190,190,190,190,190,190,190,190,190,190,190,190,190,190,190,190,190,190,190,190,190,190,190,190,190,190,190,091,191,191,191,191,191,191,191,191,191,191,191,191,191,191,191,191,191,191,191,191,191,191,191,191,191,191,191,191,091,242,255
239,173,091,176,176,176,176,176,176,176,176,176,176,176,176,176,176,176,176,176,176,176,176,176,176,176,176,176,176,176,091,177,177,177,177,177,177,177,177,177,177,177,177,177,177,177,177,177,177,177,177,177,177,177,177,177,177,177,177,091,178,178,178,178,178,178,178,178,178,178,178,178,178,178,178,178,178,178,178,178,178,178,178,178,178,178,178,178,178,091,179,179,179,179,179,179,179,179,179,179,179,179,179,179,179,179,179,179,179,179,179,179,179,179,179,179,179,179,091,180,180,180,180,180,180,180,180,180,180,180,180,180,180,180,180,180,180,180,180,180,180,180,180,180,180,180,180,091,181,181,181,181,181,181,181,181,181,181,181,181,181,181,181,181,181,181,181,181,181,181,181,181,181,181,181,181,091,182,182,182,182,182,182,182,182,182,182,182,182,182,182,182,182,182,182,182,182,182,182,182,182,182,182,182,182,182,091,183,183,183,183,183,183,183,183,183,183,183,183,183,183,183,183,183,183,183,183,183,183,183,183,183,183,183,183,183,091,184,184,184,184,184,184,184,184,184,184,184,184,184,184,184,184,184,184,184,184,184,184,184,184,184,184,184,184,091,185,185,185,185,185,185,185,185,185,185,185,185,185,185,185,185,185,185,185,185,185,185,185,185,185,185,185,185,091,186,186,186,186,186,186,186,186,186,186,186,186,186,186,186,186,186,186,186,186,186,186,186,186,186,186,186,186,186,091,187,187,187,187,187,187,187,187,187,187,187,187,187,187,187,187,187,187,187,187,187,187,187,187,187,187,187,187,091,188,188,188,188,188,188,188,188,188,188,188,188,188,188,188,188,188,188,188,188,188,188,188,188,188,188,188,188,091,189,189,189,189,189,189,189,189,189,189,189,189,189,189,189,189,189,189,189,189,189,189,189,189,189,189,189,189,189,190,091,190,190,190,190,190,190,190,190,190,190,190,190,190,190,190,190,190,190,190,190,190,190,190,190,190,190,190,091,191,191,191,191,191,191,191,191,191,191,191,191,191,191,191,191,191,191,191,191,191,191,191,191,191,191,191,191,091,242,255
239,173,091,176,176,176,176,176,176,176,176,176,176,176,176,176,176,176,176,176,176,176,176,176,176,176,176,176,176,176,091,177,177,177,177,177,177,177,177,177,177,177,177,177,177,177,177,177,177,177,177,177,177,177,177,177,177,177,177,091,178,178,178,178,178,178,178,178,178,178,178,178,178,178,178,178,178,178,178,178,178,178,178,178,178,178,178,178,178,091,179,179,179,179,179,179,179,179,179,179,179,179,179,179,179,179,179,179,179,179,179,179,179,179,179,179,179,179,091,180,180,180,180,180,180,180,180,180,180,180,180,180,180,180,180,180,180,180,180,180,180,180,180,180,180,180,180,091,181,181,181,181,181,181,181,181,181,181,181,181,181,181,181,181,181,181,181,181,181,181,181,181,181,181,181,181,091,182,182,182,182,182,182,182,182,182,182,182,182,182,182,182,182,182,182,182,182,182,182,182,182,182,182,182,182,182,091,183,183,183,183,183,183,183,183,183,183,183,183,183,183,183,183,183,183,183,183,183,183,183,183,183,183,183,183,183,091,184,184,184,184,184,184,184,184,184,184,184,184,184,184,184,184,184,184,184,184,184,184,184,184,184,184,184,184,091,185,185,185,185,185,185,185,185,185,185,185,185,185,185,185,185,185,185,185,185,185,185,185,185,185,185,185,185,091,186,186,186,186,186,186,186,186,186,186,186,186,186,186,186,186,186,186,186,186,186,186,186,186,186,186,186,186,186,091,187,187,187,187,187,187,187,187,187,187,187,187,187,187,187,187,187,187,187,187,187,187,187,187,187,187,187,187,091,188,188,188,188,188,188,188,188,188,188,188,188,188,188,188,188,188,188,188,188,188,188,188,188,188,188,188,188,091,189,189,189,189,189,189,189,189,189,189,189,189,189,189,189,189,189,189,189,189,189,189,189,189,189,189,189,189,189,190,091,190,190,190,190,190,190,190,190,190,190,190,190,190,190,190,190,190,190,190,190,190,190,190,190,190,190,190,091,191,191,191,191,191,191,191,191,191,191,191,191,191,191,191,191,191,191,191,191,191,191,191,191,191,191,191,191,091,242,255
239,173,091,176,176,176,176,176,176,176,176,176,176,176,176,176,176,176,176,176,176,176,176,176,176,176,176,176,176,176,091,177,177,177,177,177,177,177,177,177,177,177,177,177,177,177,177,177,177,177,177,177,177,177,177,177,177,177,177,091,178,178,178,178,178,178,178,178,178,178,178,178,178,178,178,178,178,178,178,178,178,178,178,178,178,178,178,178,178,091,179,179,179,179,179,179,179,179,179,179,179,179,179,179,179,179,179,179,179,179,179,179,179,179,179,179,179,179,091,180,180,180,180,180,180,180,180,180,180,180,180,180,180,180,180,180,180,180,180,180,180,180,180,180,180,180,180,091,181,181,181,181,181,181,181,181,181,181,181,181,181,181,181,181,181,181,181,181,181,181,181,181,181,181,181,181,091,182,182,182,182,182,182,182,182,182,182,182,182,182,182,182,182,182,182,182,182,182,182,182,182,182,182,182,182,182,091,183,183,183,183,183,183,183,183,183,183,183,183,183,183,183,183,183,183,183,183,183,183,183,183,183,183,183,183,183,091,184,184,184,184,184,184,184,184,184,184,184,184,184,184,184,184,184,184,184,184,184,184,184,184,184,184,184,184,091,185,185,185,185,185,185,185,185,185,185,185,185,185,185,185,185,185,185,185,185,185,185,185,185,185,185,185,185,091,186,186,186,186,186,186,186,186,186,186,186,186,186,186,186,186,186,186,186,186,186,186,186,186,186,186,186,186,186,091,187,187,187,187,187,187,187,187,187,187,187,187,187,187,187,187,187,187,187,187,187,187,187,187,187,187,187,187,091,188,188,188,188,188,188,188,188,188,188,188,188,188,188,188,188,188,188,188,188,188,188,188,188,188,188,188,188,091,189,189,189,189,189,189,189,189,189,189,189,189,189,189,189,189,189,189,189,189,189,189,189,189,189,189,189,189,189,190,091,190,190,190,190,190,190,190,190,190,190,190,190,190,190,190,190,190,190,190,190,190,190,190,190,190,190,190,091,191,191,191,191,191,191,191,191,191,191,191,191,191,191,191,191,191,191,191,191,191,191,191,191,191,191,191,191,091,242,255
239,173,091,176,176,176,176,176,176,176,176,176,176,176,176,176,176,176,176,176,176,176,176,176,176,176,176,176,176,176,091,177,177,177,177,177,177,177,177,177,177,177,177,177,177,177,177,177,177,177,177,177,177,177,177,177,177,177,177,091,178,178,178,178,178,178,178,178,178,178,178,178,178,178,178,178,178,178,178,178,178,178,178,178,178,178,178,178,178,091,179,179,179,179,179,179,179,179,179,179,179,179,179,179,179,179,179,179,179,179,179,179,179,179,179,179,179,179,091,180,180,180,180,180,180,180,180,180,180,180,180,180,180,180,180,180,180,180,180,180,180,180,180,180,180,180,180,091,181,181,181,181,181,181,181,181,181,181,181,181,181,181,181,181,181,181,181,181,181,181,181,181,181,181,181,181,091,182,182,182,182,182,182,182,182,182,182,182,182,182,182,182,182,182,182,182,182,182,182,182,182,182,182,182,182,182,091,183,183,183,183,183,183,183,183,183,183,183,183,183,183,183,183,183,183,183,183,183,183,183,183,183,183,183,183,183,091,184,184,184,184,184,184,184,184,184,184,184,184,184,184,184,184,184,184,184,184,184,184,184,184,184,184,184,184,091,185,185,185,185,185,185,185,185,185,185,185,185,185,185,185,185,185,185,185,185,185,185,185,185,185,185,185,185,091,186,186,186,186,186,186,186,186,186,186,186,186,186,186,186,186,186,186,186,186,186,186,186,186,186,186,186,186,186,091,187,187,187,187,187,187,187,187,187,187,187,187,187,187,187,187,187,187,187,187,187,187,187,187,187,187,187,187,091,188,188,188,188,188,188,188,188,188,188,188,188,188,188,188,188,188,188,188,188,188,188,188,188,188,188,188,188,091,189,189,189,189,189,189,189,189,189,189,189,189,189,189,189,189,189,189,189,189,189,189,189,189,189,189,189,189,189,190,091,190,190,190,190,190,190,190,190,190,190,190,190,190,190,190,190,190,190,190,190,190,190,190,190,190,190,190,091,191,191,191,191,191,191,191,191,191,191,191,191,191,191,191,191,191,191,191,191,191,191,191,191,191,191,191,191,091,242,255
239,173,091,176,176,176,176,176,176,176,176,176,176,176,176,176,176,176,176,176,176,176,176,176,176,176,176,176,176,176,091,177,177,177,177,177,177,177,177,177,177,177,177,177,177,177,177,177,177,177,177,177,177,177,177,177,177,177,177,091,178,178,178,178,178,178,178,178,178,178,178,178,178,178,178,178,178,178,178,178,178,178,178,178,178,178,178,178,178,091,179,179,179,179,179,179,179,179,179,179,179,179,179,179,179,179,179,179,179,179,179,179,179,179,179,179,179,179,091,180,180,180,180,180,180,180,180,180,180,180,180,180,180,180,180,180,180,180,180,180,180,180,180,180,180,180,180,091,181,181,181,181,181,181,181,181,181,181,181,181,181,181,181,181,181,181,181,181,181,181,181,181,181,181,181,181,091,182,182,182,182,182,182,182,182,182,182,182,182,182,182,182,182,182,182,182,182,182,182,182,182,182,182,182,182,182,091,183,183,183,183,183,183,183,183,183,183,183,183,183,183,183,183,183,183,183,183,183,183,183,183,183,183,183,183,183,091,184,184,184,184,184,184,184,184,184,184,184,184,184,184,184,184,184,184,184,184,184,184,184,184,184,184,184,184,091,185,185,185,185,185,185,185,185,185,185,185,185,185,185,185,185,185,185,185,185,185,185,185,185,185,185,185,185,091,186,186,186,186,186,186,186,186,186,186,186,186,186,186,186,186,186,186,186,186,186,186,186,186,186,186,186,186,186,091,187,187,187,187,187,187,187,187,187,187,187,187,187,187,187,187,187,187,187,187,187,187,187,187,187,187,187,187,091,188,188,188,188,188,188,188,188,188,188,188,188,188,188,188,188,188,188,188,188,188,188,188,188,188,188,188,188,091,189,189,189,189,189,189,189,189,189,189,189,189,189,189,189,189,189,189,189,189,189,189,189,189,189,189,189,189,189,190,091,190,190,190,190,190,190,190,190,190,190,190,190,190,190,190,190,190,190,190,190,190,190,190,190,190,190,190,091,191,191,191,191,191,191,191,191,191,191,191,191,191,191,191,191,191,191,191,191,191,191,191,191,191,191,191,191,091,242,255
239,173,091,176,176,176,176,176,176,176,176,176,176,176,176,176,176,176,176,176,176,176,176,176,176,176,176,176,176,176,091,177,177,177,177,177,177,177,177,177,177,177,177,177,177,177,177,177,177,177,177,177,177,177,177,177,177,177,177,091,178,178,178,178,178,178,178,178,178,178,178,178,178,178,178,178,178,178,178,178,178,178,178,178,178,178,178,178,178,091,179,179,179,179,179,179,179,179,179,179,179,179,179,179,179,179,179,179,179,179,179,179,179,179,179,179,179,179,091,180,180,180,180,180,180,180,180,180,180,180,180,180,180,180,180,180,180,180,180,180,180,180,180,180,180,180,180,091,181,181,181,181,181,181,181,181,181,181,181,181,181,181,181,181,181,181,181,181,181,181,181,181,181,181,181,181,091,182,182,182,182,182,182,182,182,182,182,182,182,182,182,182,182,182,182,182,182,182,182,182,182,182,182,182,182,182,091,183,183,183,183,183,183,183,183,183,183,183,183,183,183,183,183,183,183,183,183,183,183,183,183,183,183,183,183,183,091,184,184,184,184,184,184,184,184,184,184,184,184,184,184,184,184,184,184,184,184,184,184,184,184,184,184,184,184,091,185,185,185,185,185,185,185,185,185,185,185,185,185,185,185,185,185,185,185,185,185,185,185,185,185,185,185,185,091,186,186,186,186,186,186,186,186,186,186,186,186,186,186,186,186,186,186,186,186,186,186,186,186,186,186,186,186,186,091,187,187,187,187,187,187,187,187,187,187,187,187,187,187,187,187,187,187,187,187,187,187,187,187,187,187,187,187,091,188,188,188,188,188,188,188,188,188,188,188,188,188,188,188,188,188,188,188,188,188,188,188,188,188,188,188,188,091,189,189,189,189,189,189,189,189,189,189,189,189,189,189,189,189,189,189,189,189,189,189,189,189,189,189,189,189,189,190,091,190,190,190,190,190,190,190,190,190,190,190,190,190,190,190,190,190,190,190,190,190,190,190,190,190,190,190,091,191,191,191,191,191,191,191,191,191,191,191,191,191,191,191,191,191,191,191,191,191,191,191,191,191,191,191,191,091,242,255
239,173,091,176,176,176,176,176,176,176,176,176,176,176,176,176,176,176,176,176,176,176,176,176,176,176,176,176,176,176,091,177,177,177,177,177,177,177,177,177,177,177,177,177,177,177,177,177,177,177,177,177,177,177,177,177,177,177,177,091,178,178,178,178,178,178,178,178,178,178,178,178,178,178,178,178,178,178,178,178,178,178,178,178,178,178,178,178,178,091,179,179,179,179,179,179,179,179,179,179,179,179,179,179,179,179,179,179,179,179,179,179,179,179,179,179,179,179,091,180,180,180,180,180,180,180,180,180,180,180,180,180,180,180,180,180,180,180,180,180,180,180,180,180,180,180,180,091,181,181,181,181,181,181,181,181,181,181,181,181,181,181,181,181,181,181,181,181,181,181,181,181,181,181,181,181,091,182,182,182,182,182,182,182,182,182,182,182,182,182,182,182,182,182,182,182,182,182,182,182,182,182,182,182,182,182,091,183,183,183,183,183,183,183,183,183,183,183,183,183,183,183,183,183,183,183,183,183,183,183,183,183,183,183,183,183,091,184,184,184,184,184,184,184,184,184,184,184,184,184,184,184,184,184,184,184,184,184,184,184,184,184,184,184,184,091,185,185,185,185,185,185,185,185,185,185,185,185,185,185,185,185,185,185,185,185,185,185,185,185,185,185,185,185,091,186,186,186,186,186,186,186,186,186,186,186,186,186,186,186,186,186,186,186,186,186,186,186,186,186,186,186,186,186,091,187,187,187,187,187,187,187,187,187,187,187,187,187,187,187,187,187,187,187,187,187,187,187,187,187,187,187,187,091,188,188,188,188,188,188,188,188,188,188,188,188,188,188,188,188,188,188,188,188,188,188,188,188,188,188,188,188,091,189,189,189,189,189,189,189,189,189,189,189,189,189,189,189,189,189,189,189,189,189,189,189,189,189,189,189,189,189,190,091,190,190,190,190,190,190,190,190,190,190,190,190,190,190,190,190,190,190,190,190,190,190,190,190,190,190,190,091,191,191,191,191,191,191,191,191,191,191,191,191,191,191,191,191,191,191,191,191,191,191,191,191,191,191,191,191,091,242,255
239,173,091,176,176,176,176,176,176,176,176,176,176,176,176,176,176,176,176,176,176,176,176,176,176,176,176,176,176,176,091,177,177,177,177,177,177,177,177,177,177,177,177,177,177,177,177,177,177,177,177,177,177,177,177,177,177,177,177,091,178,178,178,178,178,178,178,178,178,178,178,178,178,178,178,178,178,178,178,178,178,178,178,178,178,178,178,178,178,091,179,179,179,179,179,179,179,179,179,179,179,179,179,179,179,179,179,179,179,179,179,179,179,179,179,179,179,179,091,180,180,180,180,180,180,180,180,180,180,180,180,180,180,180,180,180,180,180,180,180,180,180,180,180,180,180,180,091,181,181,181,181,181,181,181,181,181,181,181,181,181,181,181,181,181,181,181,181,181,181,181,181,181,181,181,181,091,182,182,182,182,182,182,182,182,182,182,182,182,182,182,182,182,182,182,182,182,182,182,182,182,182,182,182,182,182,091,183,183,183,183,183,183,183,183,183,183,183,183,183,183,183,183,183,183,183,183,183,183,183,183,183,183,183,183,183,091,184,184,184,184,184,184,184,184,184,184,184,184,184,184,184,184,184,184,184,184,184,184,184,184,184,184,184,184,091,185,185,185,185,185,185,185,185,185,185,185,185,185,185,185,185,185,185,185,185,185,185,185,185,185,185,185,185,091,186,186,186,186,186,186,186,186,186,186,186,186,186,186,186,186,186,186,186,186,186,186,186,186,186,186,186,186,186,091,187,187,187,187,187,187,187,187,187,187,187,187,187,187,187,187,187,187,187,187,187,187,187,187,187,187,187,187,091,188,188,188,188,188,188,188,188,188,188,188,188,188,188,188,188,188,188,188,188,188,188,188,188,188,188,188,188,091,189,189,189,189,189,189,189,189,189,189,189,189,189,189,189,189,189,189,189,189,189,189,189,189,189,189,189,189,189,190,091,190,190,190,190,190,190,190,190,190,190,190,190,190,190,190,190,190,190,190,190,190,190,190,190,190,190,190,091,191,191,191,191,191,191,191,191,191,191,191,191,191,191,191,191,191,191,191,191,191,191,191,191,191,191,191,191,091,242,255
244,173,091,176,176,176,176,176,176,176,176,176,176,176,176,176,176,176,176,176,176,176,176,176,176,176,176,176,176,176,091,177,177,177,177,177,177,177,177,177,177,177,177,177,177,177,177,177,177,177,177,177,177,177,177,177,177,177,177,091,178,178,178,178,178,178,178,178,178,178,178,178,178,178,178,178,178,178,178,178,178,178,178,178,178,178,178,178,178,091,179,179,179,179,179,179,179,179,179,179,179,179,179,179,179,179,179,179,179,179,179,179,179,179,179,179,179,179,091,180,180,180,180,180,180,180,180,180,180,180,180,180,180,180,180,180,180,180,180,180,180,180,180,180,180,180,180,091,181,181,181,181,181,181,181,181,181,181,181,181,181,181,181,181,181,181,181,181,181,181,181,181,181,181,181,181,091,182,182,182,182,182,182,182,182,182,182,182,182,182,182,182,182,182,182,182,182,182,182,182,182,182,182,182,182,182,091,183,183,183,183,183,183,183,183,183,183,183,183,183,183,183,183,183,183,183,183,183,183,183,183,183,183,183,183,183,091,184,184,184,184,184,184,184,184,184,184,184,184,184,184,184,184,184,184,184,184,184,184,184,184,184,184,184,184,091,185,185,185,185,185,185,185,185,185,185,185,185,185,185,185,185,185,185,185,185,185,185,185,185,185,185,185,185,091,186,186,186,186,186,186,186,186,186,186,186,186,186,186,186,186,186,186,186,186,186,186,186,186,186,186,186,186,186,091,187,187,187,187,187,187,187,187,187,187,187,187,187,187,187,187,187,187,187,187,187,187,187,187,187,187,187,187,091,188,188,188,188,188,188,188,188,188,188,188,188,188,188,188,188,188,188,188,188,188,188,188,188,188,188,188,188,091,189,189,189,189,189,189,189,189,189,189,189,189,189,189,189,189,189,189,189,189,189,189,189,189,189,189,189,189,189,190,091,190,190,190,190,190,190,190,190,190,190,190,190,190,190,190,190,190,190,190,190,190,190,190,190,190,190,190,091,191,191,191,191,191,191,191,191,191,191,191,191,191,191,191,191,191,191,191,191,191,191,191,191,191,191,191,191,091,247,255
227,176,091,175,175,175,175,175,175,175,175,175,175,175,175,175,175,175,175,175,175,175,175,175,175,175,175,175,175,175,091,176,176,176,176,176,176,176,176,176,176,176,176,176,176,176,176,176,176,176,176,176,176,176,176,176,176,176,176,091,177,177,177,177,177,177,177,177,177,177,177,177,177,177,177,177,177,177,177,177,177,177,177,177,177,177,177,177,177,091,178,178,178,178,178,178,178,178,178,178,178,178,178,178,178,178,178,178,178,178,178,178,178,178,178,178,178,178,091,179,179,179,179,179,179,179,179,179,179,179,179,179,179,179,179,179,179,179,179,179,179,179,179,179,179,179,179,091,180,180,180,180,180,180,180,180,180,180,180,180,180,180,180,180,180,180,180,180,180,180,180,180,180,180,180,180,091,181,181,181,181,181,181,181,181,181,181,181,181,181,181,181,181,181,181,181,181,181,181,181,181,181,181,181,181,181,091,182,182,182,182,182,182,182,182,182,182,182,182,182,182,182,182,182,182,182,182,182,182,182,182,182,182,182,182,182,091,183,183,183,183,183,183,183,183,183,183,183,183,183,183,183,183,183,183,183,183,183,183,183,183,183,183,183,183,091,184,184,184,184,184,184,184,184,184,184,184,184,184,184,184,184,184,184,184,184,184,184,184,184,184,184,184,184,091,185,185,185,185,185,185,185,185,185,185,185,185,185,185,185,185,185,185,185,185,185,185,185,185,185,185,185,185,185,091,186,186,186,186,186,186,186,186,186,186,186,186,186,186,186,186,186,186,186,186,186,186,186,186,186,186,186,186,091,187,187,187,187,187,187,187,187,187,187,187,187,187,187,187,187,187,187,187,187,187,187,187,187,187,187,187,187,091,188,188,188,188,188,188,188,188,188,188,188,188,188,188,188,188,188,188,188,188,188,188,188,188,188,188,188,188,188,189,091,189,189,189,189,189,189,189,189,189,189,189,189,189,189,189,189,189,189,189,189,189,189,189,189,189,189,189,091,190,190,190,190,190,190,190,190,190,190,190,190,190,190,190,190,190,190,190,190,190,190,190,190,190,190,190,190,091,230,243
036,091,091,091,091,091,091,091,091,091,091,091,091,091,091,091,091,091,091,091,091,091,091,091,091,091,091,091,091,091,091,091,091,091,091,091,091,091,091,091,091,091,091,091,091,091,091,091,091,091,091,091,091,091,091,091,091,091,091,091,091,091,091,091,091,091,091,091,091,091,091,091,091,091,091,091,091,091,091,091,091,091,091,091,091,091,091,091,091,091,091,091,091,091,091,091,091,091,091,091,091,091,091,091,091,091,091,091,091,091,091,091,091,091,091,091,091,091,091,091,091,091,091,091,091,091,091,091,091,091,091,091,091,091,091,091,091,091,091,091,091,091,091,091,091,091,091,091,091,091,091,091,091,091,091,091,091,091,091,091,091,091,091,091,091,091,091,091,091,091,091,091,091,091,091,091,091,091,091,091,091,091,091,091,091,091,091,091,091,091,091,091,091,091,091,091,091,091,091,091,091,091,091,091,091,091,091,091,091,091,091,091,091,091,091,091,091,091,091,091,091,091,091,091,091,091,091,091,091,091,091,091,091,091,091,091,091,091,091,091,091,091,091,091,091,091,091,091,091,091,091,091,091,091,091,091,091,091,091,091,091,091,091,091,091,091,091,091,091,091,091,091,091,091,091,091,091,091,091,091,091,091,091,091,091,091,091,091,091,091,091,091,091,091,091,091,091,091,091,091,091,091,091,091,091,091,091,091,091,091,091,091,091,091,091,091,091,091,091,091,091,091,091,091,091,091,091,091,091,091,091,091,091,091,091,091,091,091,091,091,091,091,091,091,091,091,091,091,091,091,091,091,091,091,091,091,091,091,091,091,091,091,091,091,091,091,091,091,091,091,091,091,091,091,091,091,091,091,091,091,091,091,091,091,091,091,091,091,091,091,091,091,091,091,091,091,091,091,091,091,091,091,091,091,091,091,091,091,091,091,091,091,091,091,091,091,091,091,091,091,091,091,091,091,091,091,091,091,091,091,091,091,091,091,091,091,091,091,091,091,091,091,091,091,091,091,091,091,091,091,091,091,091,091,091,091,091,091,091,091,091,091,091,091,091,091,091,091,091,091,091,091,091
158,195,091,193,193,193,193,193,193,193,193,193,193,193,193,193,193,193,193,193,193,193,193,193,193,193,193,193,193,193,091,194,194,194,194,194,194,194,194,194,194,194,194,194,194,194,194,194,194,194,194,194,194,194,194,194,194,194,194,091,195,195,195,195,195,195,195,195,195,195,195,195,195,195,195,195,195,195,195,195,195,195,195,195,195,195,195,195,195,091,196,196,196,196,196,196,196,196,196,196,196,196,196,196,196,196,196,196,196,196,196,196,196,196,196,196,196,196,091,197,197,197,197,197,197,197,197,197,197,197,197,197,197,197,197,197,197,197,197,197,197,197,197,197,197,197,197,091,198,198,198,198,198,198,198,198,198,198,198,198,198,198,198,198,198,198,198,198,198,198,198,198,198,198,198,198,091,199,199,199,199,199,199,199,199,199,199,199,199,199,199,199,199,199,199,199,199,199,199,199,199,199,199,199,199,199,091,200,200,200,200,200,200,200,200,200,200,200,200,200,200,200,200,200,200,200,200,200,200,200,200,200,200,200,200,200,091,201,201,201,201,201,201,201,201,201,201,201,201,201,201,201,201,201,201,201,201,201,201,201,201,201,201,201,201,091,202,202,202,202,202,202,202,202,202,202,202,202,202,202,202,202,202,202,202,202,202,202,202,202,202,202,202,202,091,203,203,203,203,203,203,203,203,203,203,203,203,203,203,203,203,203,203,203,203,203,203,203,203,203,203,203,203,203,091,204,204,204,204,204,204,204,204,204,204,204,204,204,204,204,204,204,204,204,204,204,204,204,204,204,204,204,204,091,205,205,205,205,205,205,205,205,205,205,205,205,205,205,205,205,205,205,205,205,205,205,205,205,205,205,205,205,091,206,206,206,206,206,206,206,206,206,206,206,206,206,206,206,206,206,206,206,206,206,206,206,206,206,206,206,206,206,207,091,207,207,207,207,207,207,207,207,207,207,207,207,207,207,207,207,207,207,207,207,207,207,207,207,207,207,207,091,208,208,208,208,208,208,208,208,208,208,208,208,208,208,208,208,208,208,208,208,208,208,208,208,208,208,208,209,091,161,146
255,191,091,192,192,192,192,192,192,192,192,192,192,192,192,192,192,192,192,192,192,192,192,192,192,192,192,192,192,192,091,193,193,193,193,193,193,193,193,193,193,193,193,193,193,193,193,193,193,193,193,193,193,193,193,193,193,193,193,091,194,194,194,194,194,194,194,194,194,194,194,194,194,194,194,194,194,194,194,194,194,194,194,194,194,194,194,194,194,091,195,195,195,195,195,195,195,195,195,195,195,195,195,195,195,195,195,195,195,195,195,195,195,195,195,195,195,195,091,196,196,196,196,196,196,196,196,196,196,196,196,196,196,196,196,196,196,196,196,196,196,196,196,196,196,196,196,091,197,197,197,197,197,197,197,197,197,197,197,197,197,197,197,197,197,197,197,197,197,197,197,197,197,197,197,197,091,198,198,198,198,198,198,198,198,198,198,198,198,198,198,198,198,198,198,198,198,198,198,198,198,198,198,198,198,198,091,199,199,199,199,199,199,199,199,199,199,199,199,199,199,199,199,199,199,199,199,199,199,199,199,199,199,199,199,199,091,200,200,200,200,200,200,200,200,200,200,200,200,200,200,200,200,200,200,200,200,200,200,200,200,200,200,200,200,091,201,201,201,201,201,201,201,201,201,201,201,201,201,201,201,201,201,201,201,201,201,201,201,201,201,201,201,201,091,202,202,202,202,202,202,202,202,202,202,202,202,202,202,202,202,202,202,202,202,202,202,202,202,202,202,202,202,202,091,203,203,203,203,203,203,203,203,203,203,203,203,203,203,203,203,203,203,203,203,203,203,203,203,203,203,203,203,091,204,204,204,204,204,204,204,204,204,204,204,204,204,204,204,204,204,204,204,204,204,204,204,204,204,204,204,204,091,205,205,205,205,205,205,205,205,205,205,205,205,205,205,205,205,205,205,205,205,205,205,205,205,205,205,205,205,205,206,091,206,206,206,206,206,206,206,206,206,206,206,206,206,206,206,206,206,206,206,206,206,206,206,206,206,206,206,091,207,207,207,207,207,207,207,207,207,207,207,207,207,207,207,207,207,207,207,207,207,207,207,207,207,207,207,207,091,255,255
242,189,091,192,192,192,192,192,192,192,192,192,192,192,192,192,192,192,192,192,192,192,192,192,192,192,192,192,192,192,091,193,193,193,193,193,193,193,193,193,193,193,193,193,193,193,193,193,193,193,193,193,193,193,193,193,193,193,193,091,194,194,194,194,194,194,194,194,194,194,194,194,194,194,194,194,194,194,194,194,194,194,194,194,194,194,194,194,194,091,195,195,195,195,195,195,195,195,195,195,195,195,195,195,195,195,195,195,195,195,195,195,195,195,195,195,195,195,091,196,196,196,196,196,196,196,196,196,196,196,196,196,196,196,196,196,196,196,196,196,196,196,196,196,196,196,196,091,197,197,197,197,197,197,197,197,197,197,197,197,197,197,197,197,197,197,197,197,197,197,197,197,197,197,197,197,091,198,198,198,198,198,198,198,198,198,198,198,198,198,198,198,198,198,198,198,198,198,198,198,198,198,198,198,198,198,091,199,199,199,199,199,199,199,199,199,199,199,199,199,199,199,199,199,199,199,199,199,199,199,199,199,199,199,199,199,091,200,200,200,200,200,200,200,200,200,200,200,200,200,200,200,200,200,200,200,200,200,200,200,200,200,200,200,200,091,201,201,201,201,201,201,201,201,201,201,201,201,201,201,201,201,201,201,201,201,201,201,201,201,201,201,201,201,091,202,202,202,202,202,202,202,202,202,202,202,202,202,202,202,202,202,202,202,202,202,202,202,202,202,202,202,202,202,091,203,203,203,203,203,203,203,203,203,203,203,203,203,203,203,203,203,203,203,203,203,203,203,203,203,203,203,203,091,204,204,204,204,204,204,204,204,204,204,204,204,204,204,204,204,204,204,204,204,204,204,204,204,204,204,204,204,091,205,205,205,205,205,205,205,205,205,205,205,205,205,205,205,205,205,205,205,205,205,205,205,205,205,205,205,205,205,206,091,206,206,206,206,206,206,206,206,206,206,206,206,206,206,206,206,206,206,206,206,206,206,206,206,206,206,206,091,207,207,207,207,207,207,207,207,207,207,207,207,207,207,207,207,207,207,207,207,207,207,207,207,207,207,207,207,091,245,255
243,190,091,192,192,192,192,192,192,192,192,192,192,192,192,192,192,192,192,192,192,192,192,192,192,192,192,192,192,192,091,193,193,193,193,193,193,193,193,193,193,193,193,193,193,193,193,193,193,193,193,193,193,193,193,193,193,193,193,091,194,194,194,194,194,194,194,194,194,194,194,194,194,194,194,194,194,194,194,194,194,194,194,194,194,194,194,194,194,091,195,195,195,195,195,195,195,195,195,195,195,195,195,195,195,195,195,195,195,195,195,195,195,195,195,195,195,195,091,196,196,196,196,196,196,196,196,196,196,196,196,196,196,196,196,196,196,196,196,196,196,196,196,196,196,196,196,091,197,197,197,197,197,197,197,197,197,197,197,197,197,197,197,197,197,197,197,197,197,197,197,197,197,197,197,197,091,198,198,198,198,198,198,198,198,198,198,198,198,198,198,198,198,198,198,198,198,198,198,198,198,198,198,198,198,198,091,199,199,199,199,199,199,199,199,199,199,199,199,199,199,199,199,199,199,199,199,199,199,199,199,199,199,199,199,199,091,200,200,200,200,200,200,200,200,200,200,200,200,200,200,200,200,200,200,200,200,200,200,200,200,200,200,200,200,091,201,201,201,201,201,201,201,201,201,201,201,201,201,201,201,201,201,201,201,201,201,201,201,201,201,201,201,201,091,202,202,202,202,202,202,202,202,202,202,202,202,202,202,202,202,202,202,202,202,202,202,202,202,202,202,202,202,202,091,203,203,203,203,203,203,203,203,203,203,203,203,203,203,203,203,203,203,203,203,203,203,203,203,203,203,203,203,091,204,204,204,204,204,204,204,204,204,204,204,204,204,204,204,204,204,204,204,204,204,204,204,204,204,204,204,204,091,205,205,205,205,205,205,205,205,205,205,205,205,205,205,205,205,205,205,205,205,205,205,205,205,205,205,205,205,205,206,091,206,206,206,206,206,206,206,206,206,206,206,206,206,206,206,206,206,206,206,206,206,206,206,206,206,206,206,091,207,207,207,207,207,207,207,207,207,207,207,207,207,207,207,207,207,207,207,207,207,207,207,207,207,207,207,207,091,245,255
243,190,091,192,192,192,192,192,192,192,192,192,192,192,192,192,192,192,192,192,192,192,192,192,192,192,192,192,192,192,091,193,193,193,193,193,193,193,193,193,193,193,193,193,193,193,193,193,193,193,193,193,193,193,193,193,193,193,193,091,194,194,194,194,194,194,194,194,194,194,194,194,194,194,194,194,194,194,194,194,194,194,194,194,194,194,194,194,194,091,195,195,195,195,195,195,195,195,195,195,195,195,195,195,195,195,195,195,195,195,195,195,195,195,195,195,195,195,091,196,196,196,196,196,196,196,196,196,196,196,196,196,196,196,196,196,196,196,196,196,196,196,196,196,196,196,196,091,197,197,197,197,197,197,197,197,197,197,197,197,197,197,197,197,197,197,197,197,197,197,197,197,197,197,197,197,091,198,198,198,198,198,198,198,198,198,198,198,198,198,198,198,198,198,198,198,198,198,198,198,198,198,198,198,198,198,091,199,199,199,199,199,199,199,199,199,199,199,199,199,199,199,199,199,199,199,199,199,199,199,199,199,199,199,199,199,091,200,200,200,200,200,200,200,200,200,200,200,200,200,200,200,200,200,200,200,200,200,200,200,200,200,200,200,200,091,201,201,201,201,201,201,201,201,201,201,201,201,201,201,201,201,201,201,201,201,201,201,201,201,201,201,201,201,091,202,202,202,202,202,202,202,202,202,202,202,202,202,202,202,202,202,202,202,202,202,202,202,202,202,202,202,202,202,091,203,203,203,203,203,203,203,203,203,203,203,203,203,203,203,203,203,203,203,203,203,203,203,203,203,203,203,203,091,204,204,204,204,204,204,204,204,204,204,204,204,204,204,204,204,204,204,204,204,204,204,204,204,204,204,204,204,091,205,205,205,205,205,205,205,205,205,205,205,205,205,205,205,205,205,205,205,205,205,205,205,205,205,205,205,205,205,206,091,206,206,206,206,206,206,206,206,206,206,206,206,206,206,206,206,206,206,206,206,206,206,206,206,206,206,206,091,207,207,207,207,207,207,207,207,207,207,207,207,207,207,207,207,207,207,207,207,207,207,207,207,207,207,207,207,091,245,255
243,190,091,192,192,192,192,192,192,192,192,192,192,192,192,192,192,192,192,192,192,192,192,192,192,192,192,192,192,192,091,193,193,193,193,193,193,193,193,193,193,193,193,193,193,193,193,193,193,193,193,193,193,193,193,193,193,193,193,091,194,194,194,194,194,194,194,194,194,194,194,194,194,194,194,194,194,194,194,194,194,194,194,194,194,194,194,194,194,091,195,195,195,195,195,195,195,195,195,195,195,195,195,195,195,195,195,195,195,195,195,195,195,195,195,195,195,195,091,196,196,196,196,196,196,196,196,196,196,196,196,196,196,196,196,196,196,196,196,196,196,196,196,196,196,196,196,091,197,197,197,197,197,197,197,197,197,197,197,197,197,197,197,197,197,197,197,197,197,197,197,197,197,197,197,197,091,198,198,198,198,198,198,198,198,198,198,198,198,198,198,198,198,198,198,198,198,198,198,198,198,198,198,198,198,198,091,199,199,199,199,199,199,199,199,199,199,199,199,199,199,199,199,199,199,199,199,199,199,199,199,199,199,199,199,199,091,200,200,200,200,200,200,200,200,200,200,200,200,200,200,200,200,200,200,200,200,200,200,200,200,200,200,200,200,091,201,201,201,201,201,201,201,201,201,201,201,201,201,201,201,201,201,201,201,201,201,201,201,201,201,201,201,201,091,202,202,202,202,202,202,202,202,202,202,202,202,202,202,202,202,202,202,202,202,202,202,202,202,202,202,202,202,202,091,203,203,203,203,203,203,203,203,203,203,203,203,203,203,203,203,203,203,203,203,203,203,203,203,203,203,203,203,091,204,204,204,204,204,204,204,204,204,204,204,204,204,204,204,204,204,204,204,204,204,204,204,204,204,204,204,204,091,205,205,205,205,205,205,205,205,205,205,205,205,205,205,205,205,205,205,205,205,205,205,205,205,205,205,205,205,205,206,091,206,206,206,206,206,206,206,206,206,206,206,206,206,206,206,206,206,206,206,206,206,206,206,206,206,206,206,091,207,207,207,207,207,207,207,207,207,207,207,207,207,207,207,207,207,207,207,207,207,207,207,207,207,207,207,207,091,245,255
243,190,091,192,192,192,192,192,192,192,192,192,192,192,192,192,192,192,192,192,192,192,192,192,192,192,192,192,192,192,091,193,193,193,193,193,193,193,193,193,193,193,193,193,193,193,193,193,193,193,193,193,193,193,193,193,193,193,193,091,194,194,194,194,194,194,194,194,194,194,194,194,194,194,194,194,194,194,194,194,194,194,194,194,194,194,194,194,194,091,195,195,195,195,195,195,195,195,195,195,195,195,195,195,195,195,195,195,195,195,195,195,195,195,195,195,195,195,091,196,196,196,196,196,196,196,196,196,196,196,196,196,196,196,196,196,196,196,196,196,196,196,196,196,196,196,196,091,197,197,197,197,197,197,197,197,197,197,197,197,197,197,197,197,197,197,197,197,197,197,197,197,197,197,197,197,091,198,198,198,198,198,198,198,198,198,198,198,198,198,198,198,198,198,198,198,198,198,198,198,198,198,198,198,198,198,091,199,199,199,199,199,199,199,199,199,199,199,199,199,199,199,199,199,199,199,199,199,199,199,199,199,199,199,199,199,091,200,200,200,200,200,200,200,200,200,200,200,200,200,200,200,200,200,200,200,200,200,200,200,200,200,200,200,200,091,201,201,201,201,201,201,201,201,201,201,201,201,201,201,201,201,201,201,201,201,201,201,201,201,201,201,201,201,091,202,202,202,202,202,202,202,202,202,202,202,202,202,202,202,202,202,202,202,202,202,202,202,202,202,202,202,202,202,091,203,203,203,203,203,203,203,203,203,203,203,203,203,203,203,203,203,203,203,203,203,203,203,203,203,203,203,203,091,204,204,204,204,204,204,204,204,204,204,204,204,204,204,204,204,204,204,204,204,204,204,204,204,204,204,204,204,091,205,205,205,205,205,205,205,205,205,205,205,205,205,205,205,205,205,205,205,205,205,205,205,205,205,205,205,205,205,206,091,206,206,206,206,206,206,206,206,206,206,206,206,206,206,206,206,206,206,206,206,206,206,206,206,206,206,206,091,207,207,207,207,207,207,207,207,207,207,207,207,207,207,207,207,207,207,207,207,207,207,207,207,207,207,207,207,091,245,255
243,190,091,192,192,192,192,192,192,192,192,192,192,192,192,192,192,192,192,192,192,192,192,192,192,192,192,192,192,192,091,193,193,193,193,193,193,193,193,193,193,193,193,193,193,193,193,193,193,193,193,193,193,193,193,193,193,193,193,091,194,194,194,194,194,194,194,194,194,194,194,194,194,194,194,194,194,194,194,194,194,194,194,194,194,194,194,194,194,091,195,195,195,195,195,195,195,195,195,195,195,195,195,195,195,195,195,195,195,195,195,195,195,195,195,195,195,195,091,196,196,196,196,196,196,196,196,196,196,196,196,196,196,196,196,196,196,196,196,196,196,196,196,196,196,196,196,091,197,197,197,197,197,197,197,197,197,197,197,197,197,197,197,197,197,197,197,197,197,197,197,197,197,197,197,197,091,198,198,198,198,198,198,198,198,198,198,198,198,198,198,198,198,198,198,198,198,198,198,198,198,198,198,198,198,198,091,199,199,199,199,199,199,199,199,199,199,199,199,199,199,199,199,199,199,199,199,199,199,199,199,199,199,199,199,199,091,200,200,200,200,200,200,200,200,200,200,200,200,200,200,200,200,200,200,200,200,200,200,200,200,200,200,200,200,091,201,201,201,201,201,201,201,201,201,201,201,201,201,201,201,201,201,201,201,201,201,201,201,201,201,201,201,201,091,202,202,202,202,202,202,202,202,202,202,202,202,202,202,202,202,202,202,202,202,202,202,202,202,202,202,202,202,202,091,203,203,203,203,203,203,203,203,203,203,203,203,203,203,203,203,203,203,203,203,203,203,203,203,203,203,203,203,091,204,204,204,204,204,204,204,204,204,204,204,204,204,204,204,204,204,204,204,204,204,204,204,204,204,204,204,204,091,205,205,205,205,205,205,205,205,205,205,205,205,205,205,205,205,205,205,205,205,205,205,205,205,205,205,205,205,205,206,091,206,206,206,206,206,206,206,206,206,206,206,206,206,206,206,206,206,206,206,206,206,206,206,206,206,206,206,091,207,207,207,207,207,207,207,207,207,207,207,207,207,207,207,207,207,207,207,207,207,207,207,207,207,207,207,207,091,245,255
243,190,091,192,192,192,192,192,192,192,192,192,192,192,192,192,192,192,192,192,192,192,192,192,192,192,192,192,192,192,091,193,193,193,193,193,193,193,193,193,193,193,193,193,193,193,193,193,193,193,193,193,193,193,193,193,193,193,193,091,194,194,194,194,194,194,194,194,194,194,194,194,194,194,194,194,194,194,194,194,194,194,194,194,194,194,194,194,194,091,195,195,195,195,195,195,195,195,195,195,195,195,195,195,195,195,195,195,195,195,195,195,195,195,195,195,195,195,091,196,196,196,196,196,196,196,196,196,196,196,196,196,196,196,196,196,196,196,196,196,196,196,196,196,196,196,196,091,197,197,197,197,197,197,197,197,197,197,197,197,197,197,197,197,197,197,197,197,197,197,197,197,197,197,197,197,091,198,198,198,198,198,198,198,198,198,198,198,198,198,198,198,198,198,198,198,198,198,198,198,198,198,198,198,198,198,091,199,199,199,199,199,199,199,199,199,199,199,199,199,199,199,199,199,199,199,199,199,199,199,199,199,199,199,199,199,091,200,200,200,200,200,200,200,200,200,200,200,200,200,200,200,200,200,200,200,200,200,200,200,200,200,200,200,200,091,201,201,201,201,201,201,201,201,201,201,201,201,201,201,201,201,201,201,201,201,201,201,201,201,201,201,201,201,091,202,202,202,202,202,202,202,202,202,202,202,202,202,202,202,202,202,202,202,202,202,202,202,202,202,202,202,202,202,091,203,203,203,203,203,203,203,203,203,203,203,203,203,203,203,203,203,203,203,203,203,203,203,203,203,203,203,203,091,204,204,204,204,204,204,204,204,204,204,204,204,204,204,204,204,204,204,204,204,204,204,204,204,204,204,204,204,091,205,205,205,205,205,205,205,205,205,205,205,205,205,205,205,205,205,205,205,205,205,205,205,205,205,205,205,205,205,206,091,206,206,206,206,206,206,206,206,206,206,206,206,206,206,206,206,206,206,206,206,206,206,206,206,206,206,206,091,207,207,207,207,207,207,207,207,207,207,207,207,207,207,207,207,207,207,207,207,207,207,207,207,207,207,207,207,091,245,255
243,190,091,192,192,192,192,192,192,192,192,192,192,192,192,192,192,192,192,192,192,192,192,192,192,192,192,192,192,192,091,193,193,193,193,193,193,193,193,193,193,193,193,193,193,193,193,193,193,193,193,193,193,193,193,193,193,193,193,091,194,194,194,194,194,194,194,194,194,194,194,194,194,194,194,194,194,194,194,194,194,194,194,194,194,194,194,194,194,091,195,195,195,195,195,195,195,195,195,195,195,195,195,195,195,195,195,195,195,195,195,195,195,195,195,195,195,195,091,196,196,196,196,196,196,196,196,196,196,196,196,196,196,196,196,196,196,196,196,196,196,196,196,196,196,196,196,091,197,197,197,197,197,197,197,197,197,197,197,197,197,197,197,197,197,197,197,197,197,197,197,197,197,197,197,197,091,198,198,198,198,198,198,198,198,198,198,198,198,198,198,198,198,198,198,198,198,198,198,198,198,198,198,198,198,198,091,199,199,199,199,199,199,199,199,199,199,199,199,199,199,199,199,199,199,199,199,199,199,199,199,199,199,199,199,199,091,200,200,200,200,200,200,200,200,200,200,200,200,200,200,200,200,200,200,200,200,200,200,200,200,200,200,200,200,091,201,201,201,201,201,201,201,201,201,201,201,201,201,201,201,201,201,201,201,201,201,201,201,201,201,201,201,201,091,202,202,202,202,202,202,202,202,202,202,202,202,202,202,202,202,202,202,202,202,202,202,202,202,202,202,202,202,202,091,203,203,203,203,203,203,203,203,203,203,203,203,203,203,203,203,203,203,203,203,203,203,203,203,203,203,203,203,091,204,204,204,204,204,204,204,204,204,204,204,204,204,204,204,204,204,204,204,204,204,204,204,204,204,204,204,204,091,205,205,205,205,205,205,205,205,205,205,205,205,205,205,205,205,205,205,205,205,205,205,205,205,205,205,205,205,205,206,091,206,206,206,206,206,206,206,206,206,206,206,206,206,206,206,206,206,206,206,206,206,206,206,206,206,206,206,091,207,207,207,207,207,207,207,207,207,207,207,207,207,207,207,207,207,207,207,207,207,207,207,207,207,207,207,207,091,245,255
243,190,091,192,192,192,192,192,192,192,192,192,192,192,192,192,192,192,192,192,192,192,192,192,192,192,192,192,192,192,091,193,193,193,193,193,193,193,193,193,193,193,193,193,193,193,193,193,193,193,193,193,193,193,193,193,193,193,193,091,194,194,194,194,194,194,194,194,194,194,194,194,194,194,194,194,194,194,194,194,194,194,194,194,194,194,194,194,194,091,195,195,195,195,195,195,195,195,195,195,195,195,195,195,195,195,195,195,195,195,195,195,195,195,195,195,195,195,091,196,196,196,196,196,196,196,196,196,196,196,196,196,196,196,196,196,196,196,196,196,196,196,196,196,196,196,196,091,197,197,197,197,197,197,197,197,197,197,197,197,197,197,197,197,197,197,197,197,197,197,197,197,197,197,197,197,091,198,198,198,198,198,198,198,198,198,198,198,198,198,198,198,198,198,198,198,198,198,198,198,198,198,198,198,198,198,091,199,199,199,199,199,199,199,199,199,199,199,199,199,199,199,199,199,199,199,199,199,199,199,199,199,199,199,199,199,091,200,200,200,200,200,200,200,200,200,200,200,200,200,200,200,200,200,200,200,200,200,200,200,200,200,200,200,200,091,201,201,201,201,201,201,201,201,201,201,201,201,201,201,201,201,201,201,201,201,201,201,201,201,201,201,201,201,091,202,202,202,202,202,202,202,202,202,202,202,202,202,202,202,202,202,202,202,202,202,202,202,202,202,202,202,202,202,091,203,203,203,203,203,203,203,203,203,203,203,203,203,203,203,203,203,203,203,203,203,203,203,203,203,203,203,203,091,204,204,204,204,204,204,204,204,204,204,204,204,204,204,204,204,204,204,204,204,204,204,204,204,204,204,204,204,091,205,205,205,205,205,205,205,205,205,205,205,205,205,205,205,205,205,205,205,205,205,205,205,205,205,205,205,205,205,206,091,206,206,206,206,206,206,206,206,206,206,206,206,206,206,206,206,206,206,206,206,206,206,206,206,206,206,206,091,207,207,207,207,207,207,207,207,207,207,207,207,207,207,207,207,207,207,207,207,207,207,207,207,207,207,207,207,091,245,255
243,190,091,192,192,192,192,192,192,192,192,192,192,192,192,192,192,192,192,192,192,192,192,192,192,192,192,192,192,192,091,193,193,193,193,193,193,193,193,193,193,193,193,193,193,193,193,193,193,193,193,193,193,193,193,193,193,193,193,091,194,194,194,194,194,194,194,194,194,194,194,194,194,194,194,194,194,194,194,194,194,194,194,194,194,194,194,194,194,091,195,195,195,195,195,195,195,195,195,195,195,195,195,195,195,195,195,195,195,195,195,195,195,195,195,195,195,195,091,196,196,196,196,196,196,196,196,196,196,196,196,196,196,196,196,196,196,196,196,196,196,196,196,196,196,196,196,091,197,197,197,197,197,197,197,197,197,197,197,197,197,197,197,197,197,197,197,197,197,197,197,197,197,197,197,197,091,198,198,198,198,198,198,198,198,198,198,198,198,198,198,198,198,198,198,198,198,198,198,198,198,198,198,198,198,198,091,199,199,199,199,199,199,199,199,199,199,199,199,199,199,199,199,199,199,199,199,199,199,199,199,199,199,199,199,199,091,200,200,200,200,200,200,200,200,200,200,200,200,200,200,200,200,200,200,200,200,200,200,200,200,200,200,200,200,091,201,201,201,201,201,201,201,201,201,201,201,201,201,201,201,201,201,201,201,201,201,201,201,201,201,201,201,201,091,202,202,202,202,202,202,202,202,202,202,202,202,202,202,202,202,202,202,202,202,202,202,202,202,202,202,202,202,202,091,203,203,203,203,203,203,203,203,203,203,203,203,203,203,203,203,203,203,203,203,203,203,203,203,203,203,203,203,091,204,204,204,204,204,204,204,204,204,204,204,204,204,204,204,204,204,204,204,204,204,204,204,204,204,204,204,204,091,205,205,205,205,205,205,205,205,205,205,205,205,205,205,205,205,205,205,205,205,205,205,205,205,205,205,205,205,205,206,091,206,206,206,206,206,206,206,206,206,206,206,206,206,206,206,206,206,206,206,206,206,206,206,206,206,206,206,091,207,207,207,207,207,207,207,207,207,207,207,207,207,207,207,207,207,207,207,207,207,207,207,207,207,207,207,207,091,245,255
243,190,091,192,192,192,192,192,192,192,192,192,192,192,192,192,192,192,192,192,192,192,192,192,192,192,192,192,192,192,091,193,193,193,193,193,193,193,193,193,193,193,193,193,193,193,193,193,193,193,193,193,193,193,193,193,193,193,193,091,194,194,194,194,194,194,194,194,194,194,194,194,194,194,194,194,194,194,194,194,194,194,194,194,194,194,194,194,194,091,195,195,195,195,195,195,195,195,195,195,195,195,195,195,195,195,195,195,195,195,195,195,195,195,195,195,195,195,091,196,196,196,196,196,196,196,196,196,196,196,196,196,196,196,196,196,196,196,196,196,196,196,196,196,196,196,196,091,197,197,197,197,197,197,197,197,197,197,197,197,197,197,197,197,197,197,197,197,197,197,197,197,197,197,197,197,091,198,198,198,198,198,198,198,198,198,198,198,198,198,198,198,198,198,198,198,198,198,198,198,198,198,198,198,198,198,091,199,199,199,199,199,199,199,199,199,199,199,199,199,199,199,199,199,199,199,199,199,199,199,199,199,199,199,199,199,091,200,200,200,200,200,200,200,200,200,200,200,200,200,200,200,200,200,200,200,200,200,200,200,200,200,200,200,200,091,201,201,201,201,201,201,201,201,201,201,201,201,201,201,201,201,201,201,201,201,201,201,201,201,201,201,201,201,091,202,202,202,202,202,202,202,202,202,202,202,202,202,202,202,202,202,202,202,202,202,202,202,202,202,202,202,202,202,091,203,203,203,203,203,203,203,203,203,203,203,203,203,203,203,203,203,203,203,203,203,203,203,203,203,203,203,203,091,204,204,204,204,204,204,204,204,204,204,204,204,204,204,204,204,204,204,204,204,204,204,204,204,204,204,204,204,091,205,205,205,205,205,205,205,205,205,205,205,205,205,205,205,205,205,205,205,205,205,205,205,205,205,205,205,205,205,206,091,206,206,206,206,206,206,206,206,206,206,206,206,206,206,206,206,206,206,206,206,206,206,206,206,206,206,206,091,207,207,207,207,207,207,207,207,207,207,207,207,207,207,207,207,207,207,207,207,207,207,207,207,207,207,207,207,091,245,255
243,190,091,192,192,192,192,192,192,192,192,192,192,192,192,192,192,192,192,192,192,192,192,192,192,192,192,192,192,192,091,193,193,193,193,193,193,193,193,193,193,193,193,193,193,193,193,193,193,193,193,193,193,193,193,193,193,193,193,091,194,194,194,194,194,194,194,194,194,194,194,194,194,194,194,194,194,194,194,194,194,194,194,194,194,194,194,194,194,091,195,195,195,195,195,195,195,195,195,195,195,195,195,195,195,195,195,195,195,195,195,195,195,195,195,195,195,195,091,196,196,196,196,196,196,196,196,196,196,196,196,196,196,196,196,196,196,196,196,196,196,196,196,196,196,196,196,091,197,197,197,197,197,197,197,197,197,197,197,197,197,197,197,197,197,197,197,197,197,197,197,197,197,197,197,197,091,198,198,198,198,198,198,198,198,198,198,198,198,198,198,198,198,198,198,198,198,198,198,198,198,198,198,198,198,198,091,199,199,199,199,199,199,199,199,199,199,199,199,199,199,199,199,199,199,199,199,199,199,199,199,199,199,199,199,199,091,200,200,200,200,200,200,200,200,200,200,200,200,200,200,200,200,200,200,200,200,200,200,200,200,200,200,200,200,091,201,201,201,201,201,201,201,201,201,201,201,201,201,201,201,201,201,201,201,201,201,201,201,201,201,201,201,201,091,202,202,202,202,202,202,202,202,202,202,202,202,202,202,202,202,202,202,202,202,202,202,202,202,202,202,202,202,202,091,203,203,203,203,203,203,203,203,203,203,203,203,203,203,203,203,203,203,203,203,203,203,203,203,203,203,203,203,091,204,204,204,204,204,204,204,204,204,204,204,204,204,204,204,204,204,204,204,204,204,204,204,204,204,204,204,204,091,205,205,205,205,205,205,205,205,205,205,205,205,205,205,205,205,205,205,205,205,205,205,205,205,205,205,205,205,205,206,091,206,206,206,206,206,206,206,206,206,206,206,206,206,206,206,206,206,206,206,206,206,206,206,206,206,206,206,091,207,207,207,207,207,207,207,207,207,207,207,207,207,207,207,207,207,207,207,207,207,207,207,207,207,207,207,207,091,245,255
243,190,091,192,192,192,192,192,192,192,192,192,192,192,192,192,192,192,192,192,192,192,192,192,192,192,192,192,192,192,091,193,193,193,193,193,193,193,193,193,193,193,193,193,193,193,193,193,193,193,193,193,193,193,193,193,193,193,193,091,194,194,194,194,194,194,194,194,194,194,194,194,194,194,194,194,194,194,194,194,194,194,194,194,194,194,194,194,194,091,195,195,195,195,195,195,195,195,195,195,195,195,195,195,195,195,195,195,195,195,195,195,195,195,195,195,195,195,091,196,196,196,196,196,196,196,196,196,196,196,196,196,196,196,196,196,196,196,196,196,196,196,196,196,196,196,196,091,197,197,197,197,197,197,197,197,197,197,197,197,197,197,197,197,197,197,197,197,197,197,197,197,197,197,197,197,091,198,198,198,198,198,198,198,198,198,198,198,198,198,198,198,198,198,198,198,198,198,198,198,198,198,198,198,198,198,091,199,199,199,199,199,199,199,199,199,199,199,199,199,199,199,199,199,199,199,199,199,199,199,199,199,199,199,199,199,091,200,200,200,200,200,200,200,200,200,200,200,200,200,200,200,200,200,200,200,200,200,200,200,200,200,200,200,200,091,201,201,201,201,201,201,201,201,201,201,201,201,201,201,201,201,201,201,201,201,201,201,201,201,201,201,201,201,091,202,202,202,202,202,202,202,202,202,202,202,202,202,202,202,202,202,202,202,202,202,202,202,202,202,202,202,202,202,091,203,203,203,203,203,203,203,203,203,203,203,203,203,203,203,203,203,203,203,203,203,203,203,203,203,203,203,203,091,204,204,204,204,204,204,204,204,204,204,204,204,204,204,204,204,204,204,204,204,204,204,204,204,204,204,204,204,091,205,205,205,205,205,205,205,205,205,205,205,205,205,205,205,205,205,205,205,205,205,205,205,205,205,205,205,205,205,206,091,206,206,206,206,206,206,206,206,206,206,206,206,206,206,206,206,206,206,206,206,206,206,206,206,206,206,206,091,207,207,207,207,207,207,207,207,207,207,207,207,207,207,207,207,207,207,207,207,207,207,207,207,207,207,207,207,091,245,255
243,190,091,192,192,192,192,192,192,192,192,192,192,192,192,192,192,192,192,192,192,192,192,192,192,192,192,192,192,192,091,193,193,193,193,193,193,193,193,193,193,193,193,193,193,193,193,193,193,193,193,193,193,193,193,193,193,193,193,091,194,194,194,194,194,194,194,194,194,194,194,194,194,194,194,194,194,194,194,194,194,194,194,194,194,194,194,194,194,091,195,195,195,195,195,195,195,195,195,195,195,195,195,195,195,195,195,195,195,195,195,195,195,195,195,195,195,195,091,196,196,196,196,196,196,196,196,196,196,196,196,196,196,196,196,196,196,196,196,196,196,196,196,196,196,196,196,091,197,197,197,197,197,197,197,197,197,197,197,197,197,197,197,197,197,197,197,197,197,197,197,197,197,197,197,197,091,198,198,198,198,198,198,198,198,198,198,198,198,198,198,198,198,198,198,198,198,198,198,198,198,198,198,198,198,198,091,199,199,199,199,199,199,199,199,199,199,199,199,199,199,199,199,199,199,199,199,199,199,199,199,199,199,199,199,199,091,200,200,200,200,200,200,200,200,200,200,200,200,200,200,200,200,200,200,200,200,200,200,200,200,200,200,200,200,091,201,201,201,201,201,201,201,201,201,201,201,201,201,201,201,201,201,201,201,201,201,201,201,201,201,201,201,201,091,202,202,202,202,202,202,202,202,202,202,202,202,202,202,202,202,202,202,202,202,202,202,202,202,202,202,202,202,202,091,203,203,203,203,203,203,203,203,203,203,203,203,203,203,203,203,203,203,203,203,203,203,203,203,203,203,203,203,091,204,204,204,204,204,204,204,204,204,204,204,204,204,204,204,204,204,204,204,204,204,204,204,204,204,204,204,204,091,205,205,205,205,205,205,205,205,205,205,205,205,205,205,205,205,205,205,205,205,205,205,205,205,205,205,205,205,205,206,091,206,206,206,206,206,206,206,206,206,206,206,206,206,206,206,206,206,206,206,206,206,206,206,206,206,206,206,091,207,207,207,207,207,207,207,207,207,207,207,207,207,207,207,207,207,207,207,207,207,207,207,207,207,207,207,207,091,245,255
243,190,091,192,192,192,192,192,192,192,192,192,192,192,192,192,192,192,192,192,192,192,192,192,192,192,192,192,192,192,091,193,193,193,193,193,193,193,193,193,193,193,193,193,193,193,193,193,193,193,193,193,193,193,193,193,193,193,193,091,194,194,194,194,194,194,194,194,194,194,194,194,194,194,194,194,194,194,194,194,194,194,194,194,194,194,194,194,194,091,195,195,195,195,195,195,195,195,195,195,195,195,195,195,195,195,195,195,195,195,195,195,195,195,195,195,195,195,091,196,196,196,196,196,196,196,196,196,196,196,196,196,196,196,196,196,196,196,196,196,196,196,196,196,196,196,196,091,197,197,197,197,197,197,197,197,197,197,197,197,197,197,197,197,197,197,197,197,197,197,197,197,197,197,197,197,091,198,198,198,198,198,198,198,198,198,198,198,198,198,198,198,198,198,198,198,198,198,198,198,198,198,198,198,198,198,091,199,199,199,199,199,199,199,199,199,199,199,199,199,199,199,199,199,199,199,199,199,199,199,199,199,199,199,199,199,091,200,200,200,200,200,200,200,200,200,200,200,200,200,200,200,200,200,200,200,200,200,200,200,200,200,200,200,200,091,201,201,201,201,201,201,201,201,201,201,201,201,201,201,201,201,201,201,201,201,201,201,201,201,201,201,201,201,091,202,202,202,202,202,202,202,202,202,202,202,202,202,202,202,202,202,202,202,202,202,202,202,202,202,202,202,202,202,091,203,203,203,203,203,203,203,203,203,203,203,203,203,203,203,203,203,203,203,203,203,203,203,203,203,203,203,203,091,204,204,204,204,204,204,204,204,204,204,204,204,204,204,204,204,204,204,204,204,204,204,204,204,204,204,204,204,091,205,205,205,205,205,205,205,205,205,205,205,205,205,205,205,205,205,205,205,205,205,205,205,205,205,205,205,205,205,206,091,206,206,206,206,206,206,206,206,206,206,206,206,206,206,206,206,206,206,206,206,206,206,206,206,206,206,206,091,207,207,207,207,207,207,207,207,207,207,207,207,207,207,207,207,207,207,207,207,207,207,207,207,207,207,207,207,091,245,255
243,190,091,192,192,192,192,192,192,192,192,192,192,192,192,192,192,192,192,192,192,192,192,192,192,192,192,192,192,192,091,193,193,193,193,193,193,193,193,193,193,193,193,193,193,193,193,193,193,193,193,193,193,193,193,193,193,193,193,091,194,194,194,194,194,194,194,194,194,194,194,194,194,194,194,194,194,194,194,194,194,194,194,194,194,194,194,194,194,091,195,195,195,195,195,195,195,195,195,195,195,195,195,195,195,195,195,195,195,195,195,195,195,195,195,195,195,195,091,196,196,196,196,196,196,196,196,196,196,196,196,196,196,196,196,196,196,196,196,196,196,196,196,196,196,196,196,091,197,197,197,197,197,197,197,197,197,197,197,197,197,197,197,197,197,197,197,197,197,197,197,197,197,197,197,197,091,198,198,198,198,198,198,198,198,198,198,198,198,198,198,198,198,198,198,198,198,198,198,198,198,198,198,198,198,198,091,199,199,199,199,199,199,199,199,199,199,199,199,199,199,199,199,199,199,199,199,199,199,199,199,199,199,199,199,199,091,200,200,200,200,200,200,200,200,200,200,200,200,200,200,200,200,200,200,200,200,200,200,200,200,200,200,200,200,091,201,201,201,201,201,201,201,201,201,201,201,201,201,201,201,201,201,201,201,201,201,201,201,201,201,201,201,201,091,202,202,202,202,202,202,202,202,202,202,202,202,202,202,202,202,202,202,202,202,202,202,202,202,202,202,202,202,202,091,203,203,203,203,203,203,203,203,203,203,203,203,203,203,203,203,203,203,203,203,203,203,203,203,203,203,203,203,091,204,204,204,204,204,204,204,204,204,204,204,204,204,204,204,204,204,204,204,204,204,204,204,204,204,204,204,204,091,205,205,205,205,205,205,205,205,205,205,205,205,205,205,205,205,205,205,205,205,205,205,205,205,205,205,205,205,205,206,091,206,206,206,206,206,206,206,206,206,206,206,206,206,206,206,206,206,206,206,206,206,206,206,206,206,206,206,091,207,207,207,207,207,207,207,207,207,207,207,207,207,207,207,207,207,207,207,207,207,207,207,207,207,207,207,207,091,245,255
243,190,091,192,192,192,192,192,192,192,192,192,192,192,192,192,192,192,192,192,192,192,192,192,192,192,192,192,192,192,091,193,193,193,193,193,193,193,193,193,193,193,193,193,193,193,193,193,193,193,193,193,193,193,193,193,193,193,193,091,194,194,194,194,194,194,194,194,194,194,194,194,194,194,194,194,194,194,194,194,194,194,194,194,194,194,194,194,194,091,195,195,195,195,195,195,195,195,195,195,195,195,195,195,195,195,195,195,195,195,195,195,195,195,195,195,195,195,091,196,196,196,196,196,196,196,196,196,196,196,196,196,196,196,196,196,196,196,196,196,196,196,196,196,196,196,196,091,197,197,197,197,197,197,197,197,197,197,197,197,197,197,197,197,197,197,197,197,197,197,197,197,197,197,197,197,091,198,198,198,198,198,198,198,198,198,198,198,198,198,198,198,198,198,198,198,198,198,198,198,198,198,198,198,198,198,091,199,199,199,199,199,199,199,199,199,199,199,199,199,199,199,199,199,199,199,199,199,199,199,199,199,199,199,199,199,091,200,200,200,200,200,200,200,200,200,200,200,200,200,200,200,200,200,200,200,200,200,200,200,200,200,200,200,200,091,201,201,201,201,201,201,201,201,201,201,201,201,201,201,201,201,201,201,201,201,201,201,201,201,201,201,201,201,091,202,202,202,202,202,202,202,202,202,202,202,202,202,202,202,202,202,202,202,202,202,202,202,202,202,202,202,202,202,091,203,203,203,203,203,203,203,203,203,203,203,203,203,203,203,203,203,203,203,203,203,203,203,203,203,203,203,203,091,204,204,204,204,204,204,204,204,204,204,204,204,204,204,204,204,204,204,204,204,204,204,204,204,204,204,204,204,091,205,205,205,205,205,205,205,205,205,205,205,205,205,205,205,205,205,205,205,205,205,205,205,205,205,205,205,205,205,206,091,206,206,206,206,206,206,206,206,206,206,206,206,206,206,206,206,206,206,206,206,206,206,206,206,206,206,206,091,207,207,207,207,207,207,207,207,207,207,207,207,207,207,207,207,207,207,207,207,207,207,207,207,207,207,207,207,091,245,255
243,190,091,192,192,192,192,192,192,192,192,192,192,192,192,192,192,192,192,192,192,192,192,192,192,192,192,192,192,192,091,193,193,193,193,193,193,193,193,193,193,193,193,193,193,193,193,193,193,193,193,193,193,193,193,193,193,193,193,091,194,194,194,194,194,194,194,194,194,194,194,194,194,194,194,194,194,194,194,194,194,194,194,194,194,194,194,194,194,091,195,195,195,195,195,195,195,195,195,195,195,195,195,195,195,195,195,195,195,195,195,195,195,195,195,195,195,195,091,196,196,196,196,196,196,196,196,196,196,196,196,196,196,196,196,196,196,196,196,196,196,196,196,196,196,196,196,091,197,197,197,197,197,197,197,197,197,197,197,197,197,197,197,197,197,197,197,197,197,197,197,197,197,197,197,197,091,198,198,198,198,198,198,198,198,198,198,198,198,198,198,198,198,198,198,198,198,198,198,198,198,198,198,198,198,198,091,199,199,199,199,199,199,199,199,199,199,199,199,199,199,199,199,199,199,199,199,199,199,199,199,199,199,199,199,199,091,200,200,200,200,200,200,200,200,200,200,200,200,200,200,200,200,200,200,200,200,200,200,200,200,200,200,200,200,091,201,201,201,201,201,201,201,201,201,201,201,201,201,201,201,201,201,201,201,201,201,201,201,201,201,201,201,201,091,202,202,202,202,202,202,202,202,202,202,202,202,202,202,202,202,202,202,202,202,202,202,202,202,202,202,202,202,202,091,203,203,203,203,203,203,203,203,203,203,203,203,203,203,203,203,203,203,203,203,203,203,203,203,203,203,203,203,091,204,204,204,204,204,204,204,204,204,204,204,204,204,204,204,204,204,204,204,204,204,204,204,204,204,204,204,204,091,205,205,205,205,205,205,205,205,205,205,205,205,205,205,205,205,205,205,205,205,205,205,205,205,205,205,205,205,205,206,091,206,206,206,206,206,206,206,206,206,206,206,206,206,206,206,206,206,206,206,206,206,206,206,206,206,206,206,091,207,207,207,207,207,207,207,207,207,207,207,207,207,207,207,207,207,207,207,207,207,207,207,207,207,207,207,207,091,245,255
243,190,091,192,192,192,192,192,192,192,192,192,192,192,192,192,192,192,192,192,192,192,192,192,192,192,192,192,192,192,091,193,193,193,193,193,193,193,193,193,193,193,193,193,193,193,193,193,193,193,193,193,193,193,193,193,193,193,193,091,194,194,194,194,194,194,194,194,194,194,194,194,194,194,194,194,194,194,194,194,194,194,194,194,194,194,194,194,194,091,195,195,195,195,195,195,195,195,195,195,195,195,195,195,195,195,195,195,195,195,195,195,195,195,195,195,195,195,091,196,196,196,196,196,196,196,196,196,196,196,196,196,196,196,196,196,196,196,196,196,196,196,196,196,196,196,196,091,197,197,197,197,197,197,197,197,197,197,197,197,197,197,197,197,197,197,197,197,197,197,197,197,197,197,197,197,091,198,198,198,198,198,198,198,198,198,198,198,198,198,198,198,198,198,198,198,198,198,198,198,198,198,198,198,198,198,091,199,199,199,199,199,199,199,199,199,199,199,199,199,199,199,199,199,199,199,199,199,199,199,199,199,199,199,199,199,091,200,200,200,200,200,200,200,200,200,200,200,200,200,200,200,200,200,200,200,200,200,200,200,200,200,200,200,200,091,201,201,201,201,201,201,201,201,201,201,201,201,201,201,201,201,201,201,201,201,201,201,201,201,201,201,201,201,091,202,202,202,202,202,202,202,202,202,202,202,202,202,202,202,202,202,202,202,202,202,202,202,202,202,202,202,202,202,091,203,203,203,203,203,203,203,203,203,203,203,203,203,203,203,203,203,203,203,203,203,203,203,203,203,203,203,203,091,204,204,204,204,204,204,204,204,204,204,204,204,204,204,204,204,204,204,204,204,204,204,204,204,204,204,204,204,091,205,205,205,205,205,205,205,205,205,205,205,205,205,205,205,205,205,205,205,205,205,205,205,205,205,205,205,205,205,206,091,206,206,206,206,206,206,206,206,206,206,206,206,206,206,206,206,206,206,206,206,206,206,206,206,206,206,206,091,207,207,207,207,207,207,207,207,207,207,207,207,207,207,207,207,207,207,207,207,207,207,207,207,207,207,207,207,091,245,255
243,190,091,192,192,192,192,192,192,192,192,192,192,192,192,192,192,192,192,192,192,192,192,192,192,192,192,192,192,192,091,193,193,193,193,193,193,193,193,193,193,193,193,193,193,193,193,193,193,193,193,193,193,193,193,193,193,193,193,091,194,194,194,194,194,194,194,194,194,194,194,194,194,194,194,194,194,194,194,194,194,194,194,194,194,194,194,194,194,091,195,195,195,195,195,195,195,195,195,195,195,195,195,195,195,195,195,195,195,195,195,195,195,195,195,195,195,195,091,196,196,196,196,196,196,196,196,196,196,196,196,196,196,196,196,196,196,196,196,196,196,196,196,196,196,196,196,091,197,197,197,197,197,197,197,197,197,197,197,197,197,197,197,197,197,197,197,197,197,197,197,197,197,197,197,197,091,198,198,198,198,198,198,198,198,198,198,198,198,198,198,198,198,198,198,198,198,198,198,198,198,198,198,198,198,198,091,199,199,199,199,199,199,199,199,199,199,199,199,199,199,199,199,199,199,199,199,199,199,199,199,199,199,199,199,199,091,200,200,200,200,200,200,200,200,200,200,200,200,200,200,200,200,200,200,200,200,200,200,200,200,200,200,200,200,091,201,201,201,201,201,201,201,201,201,201,201,201,201,201,201,201,201,201,201,201,201,201,201,201,201,201,201,201,091,202,202,202,202,202,202,202,202,202,202,202,202,202,202,202,202,202,202,202,202,202,202,202,202,202,202,202,202,202,091,203,203,203,203,203,203,203,203,203,203,203,203,203,203,203,203,203,203,203,203,203,203,203,203,203,203,203,203,091,204,204,204,204,204,204,204,204,204,204,204,204,204,204,204,204,204,204,204,204,204,204,204,204,204,204,204,204,091,205,205,205,205,205,205,205,205,205,205,205,205,205,205,205,205,205,205,205,205,205,205,205,205,205,205,205,205,205,206,091,206,206,206,206,206,206,206,206,206,206,206,206,206,206,206,206,206,206,206,206,206,206,206,206,206,206,206,091,207,207,207,207,207,207,207,207,207,207,207,207,207,207,207,207,207,207,207,207,207,207,207,207,207,207,207,207,091,245,255
243,190,091,192,192,192,192,192,192,192,192,192,192,192,192,192,192,192,192,192,192,192,192,192,192,192,192,192,192,192,091,193,193,193,193,193,193,193,193,193,193,193,193,193,193,193,193,193,193,193,193,193,193,193,193,193,193,193,193,091,194,194,194,194,194,194,194,194,194,194,194,194,194,194,194,194,194,194,194,194,194,194,194,194,194,194,194,194,194,091,195,195,195,195,195,195,195,195,195,195,195,195,195,195,195,195,195,195,195,195,195,195,195,195,195,195,195,195,091,196,196,196,196,196,196,196,196,196,196,196,196,196,196,196,196,196,196,196,196,196,196,196,196,196,196,196,196,091,197,197,197,197,197,197,197,197,197,197,197,197,197,197,197,197,197,197,197,197,197,197,197,197,197,197,197,197,091,198,198,198,198,198,198,198,198,198,198,198,198,198,198,198,198,198,198,198,198,198,198,198,198,198,198,198,198,198,091,199,199,199,199,199,199,199,199,199,199,199,199,199,199,199,199,199,199,199,199,199,199,199,199,199,199,199,199,199,091,200,200,200,200,200,200,200,200,200,200,200,200,200,200,200,200,200,200,200,200,200,200,200,200,200,200,200,200,091,201,201,201,201,201,201,201,201,201,201,201,201,201,201,201,201,201,201,201,201,201,201,201,201,201,201,201,201,091,202,202,202,202,202,202,202,202,202,202,202,202,202,202,202,202,202,202,202,202,202,202,202,202,202,202,202,202,202,091,203,203,203,203,203,203,203,203,203,203,203,203,203,203,203,203,203,203,203,203,203,203,203,203,203,203,203,203,091,204,204,204,204,204,204,204,204,204,204,204,204,204,204,204,204,204,204,204,204,204,204,204,204,204,204,204,204,091,205,205,205,205,205,205,205,205,205,205,205,205,205,205,205,205,205,205,205,205,205,205,205,205,205,205,205,205,205,206,091,206,206,206,206,206,206,206,206,206,206,206,206,206,206,206,206,206,206,206,206,206,206,206,206,206,206,206,091,207,207,207,207,207,207,207,207,207,207,207,207,207,207,207,207,207,207,207,207,207,207,207,207,207,207,207,207,091,245,255
243,190,091,192,192,192,192,192,192,192,192,192,192,192,192,192,192,192,192,192,192,192,192,192,192,192,192,192,192,192,091,193,193,193,193,193,193,193,193,193,193,193,193,193,193,193,193,193,193,193,193,193,193,193,193,193,193,193,193,091,194,194,194,194,194,194,194,194,194,194,194,194,194,194,194,194,194,194,194,194,194,194,194,194,194,194,194,194,194,091,195,195,195,195,195,195,195,195,195,195,195,195,195,195,195,195,195,195,195,195,195,195,195,195,195,195,195,195,091,196,196,196,196,196,196,196,196,196,196,196,196,196,196,196,196,196,196,196,196,196,196,196,196,196,196,196,196,091,197,197,197,197,197,197,197,197,197,197,197,197,197,197,197,197,197,197,197,197,197,197,197,197,197,197,197,197,091,198,198,198,198,198,198,198,198,198,198,198,198,198,198,198,198,198,198,198,198,198,198,198,198,198,198,198,198,198,091,199,199,199,199,199,199,199,199,199,199,199,199,199,199,199,199,199,199,199,199,199,199,199,199,199,199,199,199,199,091,200,200,200,200,200,200,200,200,200,200,200,200,200,200,200,200,200,200,200,200,200,200,200,200,200,200,200,200,091,201,201,201,201,201,201,201,201,201,201,201,201,201,201,201,201,201,201,201,201,201,201,201,201,201,201,201,201,091,202,202,202,202,202,202,202,202,202,202,202,202,202,202,202,202,202,202,202,202,202,202,202,202,202,202,202,202,202,091,203,203,203,203,203,203,203,203,203,203,203,203,203,203,203,203,203,203,203,203,203,203,203,203,203,203,203,203,091,204,204,204,204,204,204,204,204,204,204,204,204,204,204,204,204,204,204,204,204,204,204,204,204,204,204,204,204,091,205,205,205,205,205,205,205,205,205,205,205,205,205,205,205,205,205,205,205,205,205,205,205,205,205,205,205,205,205,206,091,206,206,206,206,206,206,206,206,206,206,206,206,206,206,206,206,206,206,206,206,206,206,206,206,206,206,206,091,207,207,207,207,207,207,207,207,207,207,207,207,207,207,207,207,207,207,207,207,207,207,207,207,207,207,207,207,091,245,255
243,190,091,192,192,192,192,192,192,192,192,192,192,192,192,192,192,192,192,192,192,192,192,192,192,192,192,192,192,192,091,193,193,193,193,193,193,193,193,193,193,193,193,193,193,193,193,193,193,193,193,193,193,193,193,193,193,193,193,091,194,194,194,194,194,194,194,194,194,194,194,194,194,194,194,194,194,194,194,194,194,194,194,194,194,194,194,194,194,091,195,195,195,195,195,195,195,195,195,195,195,195,195,195,195,195,195,195,195,195,195,195,195,195,195,195,195,195,091,196,196,196,196,196,196,196,196,196,196,196,196,196,196,196,196,196,196,196,196,196,196,196,196,196,196,196,196,091,197,197,197,197,197,197,197,197,197,197,197,197,197,197,197,197,197,197,197,197,197,197,197,197,197,197,197,197,091,198,198,198,198,198,198,198,198,198,198,198,198,198,198,198,198,198,198,198,198,198,198,198,198,198,198,198,198,198,091,199,199,199,199,199,199,199,199,199,199,199,199,199,199,199,199,199,199,199,199,199,199,199,199,199,199,199,199,199,091,200,200,200,200,200,200,200,200,200,200,200,200,200,200,200,200,200,200,200,200,200,200,200,200,200,200,200,200,091,201,201,201,201,201,201,201,201,201,201,201,201,201,201,201,201,201,201,201,201,201,201,201,201,201,201,201,201,091,202,202,202,202,202,202,202,202,202,202,202,202,202,202,202,202,202,202,202,202,202,202,202,202,202,202,202,202,202,091,203,203,203,203,203,203,203,203,203,203,203,203,203,203,203,203,203,203,203,203,203,203,203,203,203,203,203,203,091,204,204,204,204,204,204,204,204,204,204,204,204,204,204,204,204,204,204,204,204,204,204,204,204,204,204,204,204,091,205,205,205,205,205,205,205,205,205,205,205,205,205,205,205,205,205,205,205,205,205,205,205,205,205,205,205,205,205,206,091,206,206,206,206,206,206,206,206,206,206,206,206,206,206,206,206,206,206,206,206,206,206,206,206,206,206,206,091,207,207,207,207,207,207,207,207,207,207,207,207,207,207,207,207,207,207,207,207,207,207,207,207,207,207,207,207,091,245,255
243,190,091,192,192,192,192,192,192,192,192,192,192,192,192,192,192,192,192,192,192,192,192,192,192,192,192,192,192,192,091,193,193,193,193,193,193,193,193,193,193,193,193,193,193,193,193,193,193,193,193,193,193,193,193,193,193,193,193,091,194,194,194,194,194,194,194,194,194,194,194,194,194,194,194,194,194,194,194,194,194,194,194,194,194,194,194,194,194,091,195,195,195,195,195,195,195,195,195,195,195,195,195,195,195,195,195,195,195,195,195,195,195,195,195,195,195,195,091,196,196,196,196,196,196,196,196,196,196,196,196,196,196,196,196,196,196,196,196,196,196,196,196,196,196,196,196,091,197,197,197,197,197,197,197,197,197,197,197,197,197,197,197,197,197,197,197,197,197,197,197,197,197,197,197,197,091,198,198,198,198,198,198,198,198,198,198,198,198,198,198,198,198,198,198,198,198,198,198,198,198,198,198,198,198,198,091,199,199,199,199,199,199,199,199,199,199,199,199,199,199,199,199,199,199,199,199,199,199,199,199,199,199,199,199,199,091,200,200,200,200,200,200,200,200,200,200,200,200,200,200,200,200,200,200,200,200,200,200,200,200,200,200,200,200,091,201,201,201,201,201,201,201,201,201,201,201,201,201,201,201,201,201,201,201,201,201,201,201,201,201,201,201,201,091,202,202,202,202,202,202,202,202,202,202,202,202,202,202,202,202,202,202,202,202,202,202,202,202,202,202,202,202,202,091,203,203,203,203,203,203,203,203,203,203,203,203,203,203,203,203,203,203,203,203,203,203,203,203,203,203,203,203,091,204,204,204,204,204,204,204,204,204,204,204,204,204,204,204,204,204,204,204,204,204,204,204,204,204,204,204,204,091,205,205,205,205,205,205,205,205,205,205,205,205,205,205,205,205,205,205,205,205,205,205,205,205,205,205,205,205,205,206,091,206,206,206,206,206,206,206,206,206,206,206,206,206,206,206,206,206,206,206,206,206,206,206,206,206,206,206,091,207,207,207,207,207,207,207,207,207,207,207,207,207,207,207,207,207,207,207,207,207,207,207,207,207,207,207,207,091,245,255
242,190,091,192,192,192,192,192,192,192,192,192,192,192,192,192,192,192,192,192,192,192,192,192,192,192,192,192,192,192,091,193,193,193,193,193,193,193,193,193,193,193,193,193,193,193,193,193,193,193,193,193,193,193,193,193,193,193,193,091,194,194,194,194,194,194,194,194,194,194,194,194,194,194,194,194,194,194,194,194,194,194,194,194,194,194,194,194,194,091,195,195,195,195,195,195,195,195,195,195,195,195,195,195,195,195,195,195,195,195,195,195,195,195,195,195,195,195,091,196,196,196,196,196,196,196,196,196,196,196,196,196,196,196,196,196,196,196,196,196,196,196,196,196,196,196,196,091,197,197,197,197,197,197,197,197,197,197,197,197,197,197,197,197,197,197,197,197,197,197,197,197,197,197,197,197,091,198,198,198,198,198,198,198,198,198,198,198,198,198,198,198,198,198,198,198,198,198,198,198,198,198,198,198,198,198,091,199,199,199,199,199,199,199,199,199,199,199,199,199,199,199,199,199,199,199,199,199,199,199,199,199,199,199,199,199,091,200,200,200,200,200,200,200,200,200,200,200,200,200,200,200,200,200,200,200,200,200,200,200,200,200,200,200,200,091,201,201,201,201,201,201,201,201,201,201,201,201,201,201,201,201,201,201,201,201,201,201,201,201,201,201,201,201,091,202,202,202,202,202,202,202,202,202,202,202,202,202,202,202,202,202,202,202,202,202,202,202,202,202,202,202,202,202,091,203,203,203,203,203,203,203,203,203,203,203,203,203,203,203,203,203,203,203,203,203,203,203,203,203,203,203,203,091,204,204,204,204,204,204,204,204,204,204,204,204,204,204,204,204,204,204,204,204,204,204,204,204,204,204,204,204,091,205,205,205,205,205,205,205,205,205,205,205,205,205,205,205,205,205,205,205,205,205,205,205,205,205,205,205,205,205,206,091,206,206,206,206,206,206,206,206,206,206,206,206,206,206,206,206,206,206,206,206,206,206,206,206,206,206,206,091,207,207,207,207,207,207,207,207,207,207,207,207,207,207,207,207,207,207,207,207,207,207,207,207,207,207,207,207,091,245,255
255,192,091,192,192,192,192,192,192,192,192,192,192,192,192,192,192,192,192,192,192,192,192,192,192,192,192,192,192,192,091,193,193,193,193,193,193,193,193,193,193,193,193,193,193,193,193,193,193,193,193,193,193,193,193,193,193,193,193,091,194,194,194,194,194,194,194,194,194,194,194,194,194,194,194,194,194,194,194,194,194,194,194,194,194,194,194,194,194,091,195,195,195,195,195,195,195,195,195,195,195,195,195,195,195,195,195,195,195,195,195,195,195,195,195,195,195,195,091,196,196,196,196,196,196,196,196,196,196,196,196,196,196,196,196,196,196,196,196,196,196,196,196,196,196,196,196,091,197,197,197,197,197,197,197,197,197,197,197,197,197,197,197,197,197,197,197,197,197,197,197,197,197,197,197,197,091,197,198,198,198,198,198,198,198,198,198,198,198,198,198,198,198,198,198,198,198,198,198,198,198,198,198,198,198,198,091,199,199,199,199,199,199,199,199,199,199,199,199,199,199,199,199,199,199,199,199,199,199,199,199,199,199,199,199,199,091,200,200,200,200,200,200,200,200,200,200,200,200,200,200,200,200,200,200,200,200,200,200,200,200,200,200,200,200,091,201,201,201,201,201,201,201,201,201,201,201,201,201,201,201,201,201,201,201,201,201,201,201,201,201,201,201,201,091,202,202,202,202,202,202,202,202,202,202,202,202,202,202,202,202,202,202,202,202,202,202,202,202,202,202,202,202,202,091,203,203,203,203,203,203,203,203,203,203,203,203,203,203,203,203,203,203,203,203,203,203,203,203,203,203,203,203,091,204,204,204,204,204,204,204,204,204,204,204,204,204,204,204,204,204,204,204,204,204,204,204,204,204,204,204,204,091,205,205,205,205,205,205,205,205,205,205,205,205,205,205,205,205,205,205,205,205,205,205,205,205,205,205,205,205,205,205,091,206,206,206,206,206,206,206,206,206,206,206,206,206,206,206,206,206,206,206,206,206,206,206,206,206,206,206,091,207,207,207,207,207,207,207,207,207,207,207,207,207,207,207,207,207,207,207,207,207,207,207,207,207,207,207,206,091,255,255
111,091,091,091,091,091,091,091,091,091,091,091,091,091,091,091,091,091,091,091,091,091,091,091,091,091,091,091,091,091,091,091,091,091,091,091,091,091,091,091,091,091,091,091,091,091,091,091,091,091,091,091,091,091,091,091,091,091,091,091,091,091,091,091,091,091,091,091,091,091,091,091,091,091,091,091,091,091,091,091,091,091,091,091,091,091,091,091,091,091,091,091,091,091,091,091,091,091,091,091,091,091,091,091,091,091,091,091,091,091,091,091,091,091,091,091,091,091,091,091,091,091,091,091,091,091,091,091,091,091,091,091,091,091,091,091,091,091,091,091,091,091,091,091,091,091,091,091,091,091,091,091,091,091,091,091,091,091,091,091,091,091,091,091,091,091,091,091,091,091,091,091,091,091,091,091,091,091,091,091,091,091,091,091,091,091,091,091,091,091,091,091,091,091,091,091,091,091,091,091,091,091,091,091,091,091,091,091,091,091,091,091,091,091,091,091,091,091,091,091,091,091,091,091,091,091,091,091,091,091,091,091,091,091,091,091,091,091,091,091,091,091,091,091,091,091,091,091,091,091,091,091,091,091,091,091,091,091,091,091,091,091,091,091,091,091,091,091,091,091,091,091,091,091,091,091,091,091,091,091,091,091,091,091,091,091,091,091,091,091,091,091,091,091,091,091,091,091,091,091,091,091,091,091,091,091,091,091,091,091,091,091,091,091,091,091,091,091,091,091,091,091,091,091,091,091,091,091,091,091,091,091,091,091,091,091,091,091,091,091,091,091,091,091,091,091,091,091,091,091,091,091,091,091,091,091,091,091,091,091,091,091,091,091,091,091,091,091,091,091,091,091,091,091,091,091,091,091,091,091,091,091,091,091,091,091,091,091,091,091,091,091,091,091,091,091,091,091,091,091,091,091,091,091,091,091,091,091,091,091,091,091,091,091,091,091,091,091,091,091,091,091,091,091,091,091,091,091,091,091,091,091,091,091,091,091,091,091,091,091,091,091,091,091,091,091,091,091,091,091,091,091,091,091,091,091,091,091,091,091,091,091,091,091,091,091,091,091,208,208,091,114,084
071,209,091,207,207,207,207,207,207,207,207,207,207,207,207,207,207,207,207,207,207,207,207,207,207,207,207,207,207,207,091,208,208,208,208,208,208,208,208,208,208,208,208,208,208,208,208,208,208,208,208,208,208,208,208,208,208,208,208,091,209,209,209,209,209,209,209,209,209,209,209,209,209,209,209,209,209,209,209,209,209,209,209,209,209,209,209,209,209,091,210,210,210,210,210,210,210,210,210,210,210,210,210,210,210,210,210,210,210,210,210,210,210,210,210,210,210,210,091,211,211,211,211,211,211,211,211,211,211,211,211,211,211,211,211,211,211,211,211,211,211,211,211,211,211,211,211,091,212,212,212,212,212,212,212,212,212,212,212,212,212,212,212,212,212,212,212,212,212,212,212,212,212,212,212,212,091,213,213,213,213,213,213,213,213,213,213,213,213,213,213,213,213,213,213,213,213,213,213,213,213,213,213,213,213,213,091,214,214,214,214,214,214,214,214,214,214,214,214,214,214,214,214,214,214,214,214,214,214,214,214,214,214,214,214,214,091,215,215,215,215,215,215,215,215,215,215,215,215,215,215,215,215,215,215,215,215,215,215,215,215,215,215,215,215,091,216,216,216,216,216,216,216,216,216,216,216,216,216,216,216,216,216,216,216,216,216,216,216,216,216,216,216,216,091,217,217,217,217,217,217,217,217,217,217,217,217,217,217,217,217,217,217,217,217,217,217,217,217,217,217,217,217,217,091,218,218,218,218,218,218,218,218,218,218,218,218,218,218,218,218,218,218,218,218,218,218,218,218,218,218,218,218,091,219,219,219,219,219,219,219,219,219,219,219,219,219,219,219,219,219,219,219,219,219,219,219,219,219,219,219,219,091,220,220,220,220,220,220,220,220,220,220,220,220,220,220,220,220,220,220,220,220,220,220,220,220,220,220,220,220,220,221,091,221,221,221,221,221,221,221,221,221,221,221,221,221,221,221,221,221,221,221,221,221,221,221,221,221,221,221,091,222,222,222,222,222,222,222,222,222,222,222,222,222,222,222,222,222,222,222,222,222,222,222,222,222,222,222,223,091,074,027
252,210,091,208,208,208,208,208,208,208,208,208,208,208,208,208,208,208,208,208,208,208,208,208,208,208,208,208,208,208,091,209,209,209,209,209,209,209,209,209,209,209,209,209,209,209,209,209,209,209,209,209,209,209,209,209,209,209,209,091,210,210,210,210,210,210,210,210,210,210,210,210,210,210,210,210,210,210,210,210,210,210,210,210,210,210,210,210,210,091,211,211,211,211,211,211,211,211,211,211,211,211,211,211,211,211,211,211,211,211,211,211,211,211,211,211,211,211,091,212,212,212,212,212,212,212,212,212,212,212,212,212,212,212,212,212,212,212,212,212,212,212,212,212,212,212,212,091,213,213,213,213,213,213,213,213,213,213,213,213,213,213,213,213,213,213,213,213,213,213,213,213,213,213,213,213,091,214,214,214,214,214,214,214,214,214,214,214,214,214,214,214,214,214,214,214,214,214,214,214,214,214,214,214,214,214,091,215,215,215,215,215,215,215,215,215,215,215,215,215,215,215,215,215,215,215,215,215,215,215,215,215,215,215,215,215,091,216,216,216,216,216,216,216,216,216,216,216,216,216,216,216,216,216,216,216,216,216,216,216,216,216,216,216,216,091,217,217,217,217,217,217,217,217,217,217,217,217,217,217,217,217,217,217,217,217,217,217,217,217,217,217,217,217,091,218,218,218,218,218,218,218,218,218,218,218,218,218,218,218,218,218,218,218,218,218,218,218,218,218,218,218,218,218,091,219,219,219,219,219,219,219,219,219,219,219,219,219,219,219,219,219,219,219,219,219,219,219,219,219,219,219,219,091,220,220,220,220,220,220,220,220,220,220,220,220,220,220,220,220,220,220,220,220,220,220,220,220,220,220,220,220,091,221,221,221,221,221,221,221,221,221,221,221,221,221,221,221,221,221,221,221,221,221,221,221,221,221,221,221,221,221,222,091,222,222,222,222,222,222,222,222,222,222,222,222,222,222,222,222,222,222,222,222,222,222,222,222,222,222,222,091,223,223,223,223,223,223,223,223,223,223,223,223,223,223,223,223,223,223,223,223,223,223,223,223,223,223,223,223,091,255,255
247,206,091,208,208,208,208,208,208,208,208,208,208,208,208,208,208,208,208,208,208,208,208,208,208,208,208,208,208,208,091,209,209,209,209,209,209,209,209,209,209,209,209,209,209,209,209,209,209,209,209,209,209,209,209,209,209,209,209,091,210,210,210,210,210,210,210,210,210,210,210,210,210,210,210,210,210,210,210,210,210,210,210,210,210,210,210,210,210,091,211,211,211,211,211,211,211,211,211,211,211,211,211,211,211,211,211,211,211,211,211,211,211,211,211,211,211,211,091,212,212,212,212,212,212,212,212,212,212,212,212,212,212,212,212,212,212,212,212,212,212,212,212,212,212,212,212,091,213,213,213,213,213,213,213,213,213,213,213,213,213,213,213,213,213,213,213,213,213,213,213,213,213,213,213,213,091,214,214,214,214,214,214,214,214,214,214,214,214,214,214,214,214,214,214,214,214,214,214,214,214,214,214,214,214,214,091,215,215,215,215,215,215,215,215,215,215,215,215,215,215,215,215,215,215,215,215,215,215,215,215,215,215,215,215,215,091,216,216,216,216,216,216,216,216,216,216,216,216,216,216,216,216,216,216,216,216,216,216,216,216,216,216,216,216,091,217,217,217,217,217,217,217,217,217,217,217,217,217,217,217,217,217,217,217,217,217,217,217,217,217,217,217,217,091,218,218,218,218,218,218,218,218,218,218,218,218,218,218,218,218,218,218,218,218,218,218,218,218,218,218,218,218,218,091,219,219,219,219,219,219,219,219,219,219,219,219,219,219,219,219,219,219,219,219,219,219,219,219,219,219,219,219,091,220,220,220,220,220,220,220,220,220,220,220,220,220,220,220,220,220,220,220,220,220,220,220,220,220,220,220,220,091,221,221,221,221,221,221,221,221,221,221,221,221,221,221,221,221,221,221,221,221,221,221,221,221,221,221,221,221,221,222,091,222,222,222,222,222,222,222,222,222,222,222,222,222,222,222,222,222,222,222,222,222,222,222,222,222,222,222,091,223,223,223,223,223,223,223,223,223,223,223,223,223,223,223,223,223,223,223,223,223,223,223,223,223,223,223,223,091,250,255
246,206,091,208,208,208,208,208,208,208,208,208,208,208,208,208,208,208,208,208,208,208,208,208,208,208,208,208,208,208,091,209,209,209,209,209,209,209,209,209,209,209,209,209,209,209,209,209,209,209,209,209,209,209,209,209,209,209,209,091,210,210,210,210,210,210,210,210,210,210,210,210,210,210,210,210,210,210,210,210,210,210,210,210,210,210,210,210,210,091,211,211,211,211,211,211,211,211,211,211,211,211,211,211,211,211,211,211,211,211,211,211,211,211,211,211,211,211,091,212,212,212,212,212,212,212,212,212,212,212,212,212,212,212,212,212,212,212,212,212,212,212,212,212,212,212,212,091,213,213,213,213,213,213,213,213,213,213,213,213,213,213,213,213,213,213,213,213,213,213,213,213,213,213,213,213,091,214,214,214,214,214,214,214,214,214,214,214,214,214,214,214,214,214,214,214,214,214,214,214,214,214,214,214,214,214,091,215,215,215,215,215,215,215,215,215,215,215,215,215,215,215,215,215,215,215,215,215,215,215,215,215,215,215,215,215,091,216,216,216,216,216,216,216,216,216,216,216,216,216,216,216,216,216,216,216,216,216,216,216,216,216,216,216,216,091,217,217,217,217,217,217,217,217,217,217,217,217,217,217,217,217,217,217,217,217,217,217,217,217,217,217,217,217,091,218,218,218,218,218,218,218,218,218,218,218,218,218,218,218,218,218,218,218,218,218,218,218,218,218,218,218,218,218,091,219,219,219,219,219,219,219,219,219,219,219,219,219,219,219,219,219,219,219,219,219,219,219,219,219,219,219,219,091,220,220,220,220,220,220,220,220,220,220,220,220,220,220,220,220,220,220,220,220,220,220,220,220,220,220,220,220,091,221,221,221,221,221,221,221,221,221,221,221,221,221,221,221,221,221,221,221,221,221,221,221,221,221,221,221,221,221,222,091,222,222,222,222,222,222,222,222,222,222,222,222,222,222,222,222,222,222,222,222,222,222,222,222,222,222,222,091,223,223,223,223,223,223,223,223,223,223,223,223,223,223,223,223,223,223,223,223,223,223,223,223,223,223,223,223,091,249,255
246,206,091,208,208,208,208,208,208,208,208,208,208,208,208,208,208,208,208,208,208,208,208,208,208,208,208,208,208,208,091,209,209,209,209,209,209,209,209,209,209,209,209,209,209,209,209,209,209,209,209,209,209,209,209,209,209,209,209,091,210,210,210,210,210,210,210,210,210,210,210,210,210,210,210,210,210,210,210,210,210,210,210,210,210,210,210,210,210,091,211,211,211,211,211,211,211,211,211,211,211,211,211,211,211,211,211,211,211,211,211,211,211,211,211,211,211,211,091,212,212,212,212,212,212,212,212,212,212,212,212,212,212,212,212,212,212,212,212,212,212,212,212,212,212,212,212,091,213,213,213,213,213,213,213,213,213,213,213,213,213,213,213,213,213,213,213,213,213,213,213,213,213,213,213,213,091,214,214,214,214,214,214,214,214,214,214,214,214,214,214,214,214,214,214,214,214,214,214,214,214,214,214,214,214,214,091,215,215,215,215,215,215,215,215,215,215,215,215,215,215,215,215,215,215,215,215,215,215,215,215,215,215,215,215,215,091,216,216,216,216,216,216,216,216,216,216,216,216,216,216,216,216,216,216,216,216,216,216,216,216,216,216,216,216,091,217,217,217,217,217,217,217,217,217,217,217,217,217,217,217,217,217,217,217,217,217,217,217,217,217,217,217,217,091,218,218,218,218,218,218,218,218,218,218,218,218,218,218,218,218,218,218,218,218,218,218,218,218,218,218,218,218,218,091,219,219,219,219,219,219,219,219,219,219,219,219,219,219,219,219,219,219,219,219,219,219,219,219,219,219,219,219,091,220,220,220,220,220,220,220,220,220,220,220,220,220,220,220,220,220,220,220,220,220,220,220,220,220,220,220,220,091,221,221,221,221,221,221,221,221,221,221,221,221,221,221,221,221,221,221,221,221,221,221,221,221,221,221,221,221,221,222,091,222,222,222,222,222,222,222,222,222,222,222,222,222,222,222,222,222,222,222,222,222,222,222,222,222,222,222,091,223,223,223,223,223,223,223,223,223,223,223,223,223,223,223,223,223,223,223,223,223,223,223,223,223,223,223,223,091,249,255
246,206,091,208,208,208,208,208,208,208,208,208,208,208,208,208,208,208,208,208,208,208,208,208,208,208,208,208,208,208,091,209,209,209,209,209,209,209,209,209,209,209,209,209,209,209,209,209,209,209,209,209,209,209,209,209,209,209,209,091,210,210,210,210,210,210,210,210,210,210,210,210,210,210,210,210,210,210,210,210,210,210,210,210,210,210,210,210,210,091,211,211,211,211,211,211,211,211,211,211,211,211,211,211,211,211,211,211,211,211,211,211,211,211,211,211,211,211,091,212,212,212,212,212,212,212,212,212,212,212,212,212,212,212,212,212,212,212,212,212,212,212,212,212,212,212,212,091,213,213,213,213,213,213,213,213,213,213,213,213,213,213,213,213,213,213,213,213,213,213,213,213,213,213,213,213,091,214,214,214,214,214,214,214,214,214,214,214,214,214,214,214,214,214,214,214,214,214,214,214,214,214,214,214,214,214,091,215,215,215,215,215,215,215,215,215,215,215,215,215,215,215,215,215,215,215,215,215,215,215,215,215,215,215,215,215,091,216,216,216,216,216,216,216,216,216,216,216,216,216,216,216,216,216,216,216,216,216,216,216,216,216,216,216,216,091,217,217,217,217,217,217,217,217,217,217,217,217,217,217,217,217,217,217,217,217,217,217,217,217,217,217,217,217,091,218,218,218,218,218,218,218,218,218,218,218,218,218,218,218,218,218,218,218,218,218,218,218,218,218,218,218,218,218,091,219,219,219,219,219,219,219,219,219,219,219,219,219,219,219,219,219,219,219,219,219,219,219,219,219,219,219,219,091,220,220,220,220,220,220,220,220,220,220,220,220,220,220,220,220,220,220,220,220,220,220,220,220,220,220,220,220,091,221,221,221,221,221,221,221,221,221,221,221,221,221,221,221,221,221,221,221,221,221,221,221,221,221,221,221,221,221,222,091,222,222,222,222,222,222,222,222,222,222,222,222,222,222,222,222,222,222,222,222,222,222,222,222,222,222,222,091,223,223,223,223,223,223,223,223,223,223,223,223,223,223,223,223,223,223,223,223,223,223,223,223,223,223,223,223,091,249,255
246,206,091,208,208,208,208,208,208,208,208,208,208,208,208,208,208,208,208,208,208,208,208,208,208,208,208,208,208,208,091,209,209,209,209,209,209,209,209,209,209,209,209,209,209,209,209,209,209,209,209,209,209,209,209,209,209,209,209,091,210,210,210,210,210,210,210,210,210,210,210,210,210,210,210,210,210,210,210,210,210,210,210,210,210,210,210,210,210,091,211,211,211,211,211,211,211,211,211,211,211,211,211,211,211,211,211,211,211,211,211,211,211,211,211,211,211,211,091,212,212,212,212,212,212,212,212,212,212,212,212,212,212,212,212,212,212,212,212,212,212,212,212,212,212,212,212,091,213,213,213,213,213,213,213,213,213,213,213,213,213,213,213,213,213,213,213,213,213,213,213,213,213,213,213,213,091,214,214,214,214,214,214,214,214,214,214,214,214,214,214,214,214,214,214,214,214,214,214,214,214,214,214,214,214,214,091,215,215,215,215,215,215,215,215,215,215,215,215,215,215,215,215,215,215,215,215,215,215,215,215,215,215,215,215,215,091,216,216,216,216,216,216,216,216,216,216,216,216,216,216,216,216,216,216,216,216,216,216,216,216,216,216,216,216,091,217,217,217,217,217,217,217,217,217,217,217,217,217,217,217,217,217,217,217,217,217,217,217,217,217,217,217,217,091,218,218,218,218,218,218,218,218,218,218,218,218,218,218,218,218,218,218,218,218,218,218,218,218,218,218,218,218,218,091,219,219,219,219,219,219,219,219,219,219,219,219,219,219,219,219,219,219,219,219,219,219,219,219,219,219,219,219,091,220,220,220,220,220,220,220,220,220,220,220,220,220,220,220,220,220,220,220,220,220,220,220,220,220,220,220,220,091,221,221,221,221,221,221,221,221,221,221,221,221,221,221,221,221,221,221,221,221,221,221,221,221,221,221,221,221,221,222,091,222,222,222,222,222,222,222,222,222,222,222,222,222,222,222,222,222,222,222,222,222,222,222,222,222,222,222,091,223,223,223,223,223,223,223,223,223,223,223,223,223,223,223,223,223,223,223,223,223,223,223,223,223,223,223,223,091,249,255
246,206,091,208,208,208,208,208,208,208,208,208,208,208,208,208,208,208,208,208,208,208,208,208,208,208,208,208,208,208,091,209,209,209,209,209,209,209,209,209,209,209,209,209,209,209,209,209,209,209,209,209,209,209,209,209,209,209,209,091,210,210,210,210,210,210,210,210,210,210,210,210,210,210,210,210,210,210,210,210,210,210,210,210,210,210,210,210,210,091,211,211,211,211,211,211,211,211,211,211,211,211,211,211,211,211,211,211,211,211,211,211,211,211,211,211,211,211,091,212,212,212,212,212,212,212,212,212,212,212,212,212,212,212,212,212,212,212,212,212,212,212,212,212,212,212,212,091,213,213,213,213,213,213,213,213,213,213,213,213,213,213,213,213,213,213,213,213,213,213,213,213,213,213,213,213,091,214,214,214,214,214,214,214,214,214,214,214,214,214,214,214,214,214,214,214,214,214,214,214,214,214,214,214,214,214,091,215,215,215,215,215,215,215,215,215,215,215,215,215,215,215,215,215,215,215,215,215,215,215,215,215,215,215,215,215,091,216,216,216,216,216,216,216,216,216,216,216,216,216,216,216,216,216,216,216,216,216,216,216,216,216,216,216,216,091,217,217,217,217,217,217,217,217,217,217,217,217,217,217,217,217,217,217,217,217,217,217,217,217,217,217,217,217,091,218,218,218,218,218,218,218,218,218,218,218,218,218,218,218,218,218,218,218,218,218,218,218,218,218,218,218,218,218,091,219,219,219,219,219,219,219,219,219,219,219,219,219,219,219,219,219,219,219,219,219,219,219,219,219,219,219,219,091,220,220,220,220,220,220,220,220,220,220,220,220,220,220,220,220,220,220,220,220,220,220,220,220,220,220,220,220,091,221,221,221,221,221,221,221,221,221,221,221,221,221,221,221,221,221,221,221,221,221,221,221,221,221,221,221,221,221,222,091,222,222,222,222,222,222,222,222,222,222,222,222,222,222,222,222,222,222,222,222,222,222,222,222,222,222,222,091,223,223,223,223,223,223,223,223,223,223,223,223,223,223,223,223,223,223,223,223,223,223,223,223,223,223,223,223,091,249,255
246,206,091,208,208,208,208,208,208,208,208,208,208,208,208,208,208,208,208,208,208,208,208,208,208,208,208,208,208,208,091,209,209,209,209,209,209,209,209,209,209,209,209,209,209,209,209,209,209,209,209,209,209,209,209,209,209,209,209,091,210,210,210,210,210,210,210,210,210,210,210,210,210,210,210,210,210,210,210,210,210,210,210,210,210,210,210,210,210,091,211,211,211,211,211,211,211,211,211,211,211,211,211,211,211,211,211,211,211,211,211,211,211,211,211,211,211,211,091,212,212,212,212,212,212,212,212,212,212,212,212,212,212,212,212,212,212,212,212,212,212,212,212,212,212,212,212,091,213,213,213,213,213,213,213,213,213,213,213,213,213,213,213,213,213,213,213,213,213,213,213,213,213,213,213,213,091,214,214,214,214,214,214,214,214,214,214,214,214,214,214,214,214,214,214,214,214,214,214,214,214,214,214,214,214,214,091,215,215,215,215,215,215,215,215,215,215,215,215,215,215,215,215,215,215,215,215,215,215,215,215,215,215,215,215,215,091,216,216,216,216,216,216,216,216,216,216,216,216,216,216,216,216,216,216,216,216,216,216,216,216,216,216,216,216,091,217,217,217,217,217,217,217,217,217,217,217,217,217,217,217,217,217,217,217,217,217,217,217,217,217,217,217,217,091,218,218,218,218,218,218,218,218,218,218,218,218,218,218,218,218,218,218,218,218,218,218,218,218,218,218,218,218,218,091,219,219,219,219,219,219,219,219,219,219,219,219,219,219,219,219,219,219,219,219,219,219,219,219,219,219,219,219,091,220,220,220,220,220,220,220,220,220,220,220,220,220,220,220,220,220,220,220,220,220,220,220,220,220,220,220,220,091,221,221,221,221,221,221,221,221,221,221,221,221,221,221,221,221,221,221,221,221,221,221,221,221,221,221,221,221,221,222,091,222,222,222,222,222,222,222,222,222,222,222,222,222,222,222,222,222,222,222,222,222,222,222,222,222,222,222,091,223,223,223,223,223,223,223,223,223,223,223,223,223,223,223,223,223,223,223,223,223,223,223,223,223,223,223,223,091,249,255
246,206,091,208,208,208,208,208,208,208,208,208,208,208,208,208,208,208,208,208,208,208,208,208,208,208,208,208,208,208,091,209,209,209,209,209,209,209,209,209,209,209,209,209,209,209,209,209,209,209,209,209,209,209,209,209,209,209,209,091,210,210,210,210,210,210,210,210,210,210,210,210,210,210,210,210,210,210,210,210,210,210,210,210,210,210,210,210,210,091,211,211,211,211,211,211,211,211,211,211,211,211,211,211,211,211,211,211,211,211,211,211,211,211,211,211,211,211,091,212,212,212,212,212,212,212,212,212,212,212,212,212,212,212,212,212,212,212,212,212,212,212,212,212,212,212,212,091,213,213,213,213,213,213,213,213,213,213,213,213,213,213,213,213,213,213,213,213,213,213,213,213,213,213,213,213,091,214,214,214,214,214,214,214,214,214,214,214,214,214,214,214,214,214,214,214,214,214,214,214,214,214,214,214,214,214,091,215,215,215,215,215,215,215,215,215,215,215,215,215,215,215,215,215,215,215,215,215,215,215,215,215,215,215,215,215,091,216,216,216,216,216,216,216,216,216,216,216,216,216,216,216,216,216,216,216,216,216,216,216,216,216,216,216,216,091,217,217,217,217,217,217,217,217,217,217,217,217,217,217,217,217,217,217,217,217,217,217,217,217,217,217,217,217,091,218,218,218,218,218,218,218,218,218,218,218,218,218,218,218,218,218,218,218,218,218,218,218,218,218,218,218,218,218,091,219,219,219,219,219,219,219,219,219,219,219,219,219,219,219,219,219,219,219,219,219,219,219,219,219,219,219,219,091,220,220,220,220,220,220,220,220,220,220,220,220,220,220,220,220,220,220,220,220,220,220,220,220,220,220,220,220,091,221,221,221,221,221,221,221,221,221,221,221,221,221,221,221,221,221,221,221,221,221,221,221,221,221,221,221,221,221,222,091,222,222,222,222,222,222,222,222,222,222,222,222,222,222,222,222,222,222,222,222,222,222,222,222,222,222,222,091,223,223,223,223,223,223,223,223,223,223,223,223,223,223,223,223,223,223,223,223,223,223,223,223,223,223,223,223,091,249,255
246,206,091,208,208,208,208,208,208,208,208,208,208,208,208,208,208,208,208,208,208,208,208,208,208,208,208,208,208,208,091,209,209,209,209,209,209,209,209,209,209,209,209,209,209,209,209,209,209,209,209,209,209,209,209,209,209,209,209,091,210,210,210,210,210,210,210,210,210,210,210,210,210,210,210,210,210,210,210,210,210,210,210,210,210,210,210,210,210,091,211,211,211,211,211,211,211,211,211,211,211,211,211,211,211,211,211,211,211,211,211,211,211,211,211,211,211,211,091,212,212,212,212,212,212,212,212,212,212,212,212,212,212,212,212,212,212,212,212,212,212,212,212,212,212,212,212,091,213,213,213,213,213,213,213,213,213,213,213,213,213,213,213,213,213,213,213,213,213,213,213,213,213,213,213,213,091,214,214,214,214,214,214,214,214,214,214,214,214,214,214,214,214,214,214,214,214,214,214,214,214,214,214,214,214,214,091,215,215,215,215,215,215,215,215,215,215,215,215,215,215,215,215,215,215,215,215,215,215,215,215,215,215,215,215,215,091,216,216,216,216,216,216,216,216,216,216,216,216,216,216,216,216,216,216,216,216,216,216,216,216,216,216,216,216,091,217,217,217,217,217,217,217,217,217,217,217,217,217,217,217,217,217,217,217,217,217,217,217,217,217,217,217,217,091,218,218,218,218,218,218,218,218,218,218,218,218,218,218,218,218,218,218,218,218,218,218,218,218,218,218,218,218,218,091,219,219,219,219,219,219,219,219,219,219,219,219,219,219,219,219,219,219,219,219,219,219,219,219,219,219,219,219,091,220,220,220,220,220,220,220,220,220,220,220,220,220,220,220,220,220,220,220,220,220,220,220,220,220,220,220,220,091,221,221,221,221,221,221,221,221,221,221,221,221,221,221,221,221,221,221,221,221,221,221,221,221,221,221,221,221,221,222,091,222,222,222,222,222,222,222,222,222,222,222,222,222,222,222,222,222,222,222,222,222,222,222,222,222,222,222,091,223,223,223,223,223,223,223,223,223,223,223,223,223,223,223,223,223,223,223,223,223,223,223,223,223,223,223,223,091,249,255
246,206,091,208,208,208,208,208,208,208,208,208,208,208,208,208,208,208,208,208,208,208,208,208,208,208,208,208,208,208,091,209,209,209,209,209,209,209,209,209,209,209,209,209,209,209,209,209,209,209,209,209,209,209,209,209,209,209,209,091,210,210,210,210,210,210,210,210,210,210,210,210,210,210,210,210,210,210,210,210,210,210,210,210,210,210,210,210,210,091,211,211,211,211,211,211,211,211,211,211,211,211,211,211,211,211,211,211,211,211,211,211,211,211,211,211,211,211,091,212,212,212,212,212,212,212,212,212,212,212,212,212,212,212,212,212,212,212,212,212,212,212,212,212,212,212,212,091,213,213,213,213,213,213,213,213,213,213,213,213,213,213,213,213,213,213,213,213,213,213,213,213,213,213,213,213,091,214,214,214,214,214,214,214,214,214,214,214,214,214,214,214,214,214,214,214,214,214,214,214,214,214,214,214,214,214,091,215,215,215,215,215,215,215,215,215,215,215,215,215,215,215,215,215,215,215,215,215,215,215,215,215,215,215,215,215,091,216,216,216,216,216,216,216,216,216,216,216,216,216,216,216,216,216,216,216,216,216,216,216,216,216,216,216,216,091,217,217,217,217,217,217,217,217,217,217,217,217,217,217,217,217,217,217,217,217,217,217,217,217,217,217,217,217,091,218,218,218,218,218,218,218,218,218,218,218,218,218,218,218,218,218,218,218,218,218,218,218,218,218,218,218,218,218,091,219,219,219,219,219,219,219,219,219,219,219,219,219,219,219,219,219,219,219,219,219,219,219,219,219,219,219,219,091,220,220,220,220,220,220,220,220,220,220,220,220,220,220,220,220,220,220,220,220,220,220,220,220,220,220,220,220,091,221,221,221,221,221,221,221,221,221,221,221,221,221,221,221,221,221,221,221,221,221,221,221,221,221,221,221,221,221,222,091,222,222,222,222,222,222,222,222,222,222,222,222,222,222,222,222,222,222,222,222,222,222,222,222,222,222,222,091,223,223,223,223,223,223,223,223,223,223,223,223,223,223,223,223,223,223,223,223,223,223,223,223,223,223,223,223,091,249,255
246,206,091,208,208,208,208,208,208,208,208,208,208,208,208,208,208,208,208,208,208,208,208,208,208,208,208,208,208,208,091,209,209,209,209,209,209,209,209,209,209,209,209,209,209,209,209,209,209,209,209,209,209,209,209,209,209,209,209,091,210,210,210,210,210,210,210,210,210,210,210,210,210,210,210,210,210,210,210,210,210,210,210,210,210,210,210,210,210,091,211,211,211,211,211,211,211,211,211,211,211,211,211,211,211,211,211,211,211,211,211,211,211,211,211,211,211,211,091,212,212,212,212,212,212,212,212,212,212,212,212,212,212,212,212,212,212,212,212,212,212,212,212,212,212,212,212,091,213,213,213,213,213,213,213,213,213,213,213,213,213,213,213,213,213,213,213,213,213,213,213,213,213,213,213,213,091,214,214,214,214,214,214,214,214,214,214,214,214,214,214,214,214,214,214,214,214,214,214,214,214,214,214,214,214,214,091,215,215,215,215,215,215,215,215,215,215,215,215,215,215,215,215,215,215,215,215,215,215,215,215,215,215,215,215,215,091,216,216,216,216,216,216,216,216,216,216,216,216,216,216,216,216,216,216,216,216,216,216,216,216,216,216,216,216,091,217,217,217,217,217,217,217,217,217,217,217,217,217,217,217,217,217,217,217,217,217,217,217,217,217,217,217,217,091,218,218,218,218,218,218,218,218,218,218,218,218,218,218,218,218,218,218,218,218,218,218,218,218,218,218,218,218,218,091,219,219,219,219,219,219,219,219,219,219,219,219,219,219,219,219,219,219,219,219,219,219,219,219,219,219,219,219,091,220,220,220,220,220,220,220,220,220,220,220,220,220,220,220,220,220,220,220,220,220,220,220,220,220,220,220,220,091,221,221,221,221,221,221,221,221,221,221,221,221,221,221,221,221,221,221,221,221,221,221,221,221,221,221,221,221,221,222,091,222,222,222,222,222,222,222,222,222,222,222,222,222,222,222,222,222,222,222,222,222,222,222,222,222,222,222,091,223,223,223,223,223,223,223,223,223,223,223,223,223,223,223,223,223,223,223,223,223,223,223,223,223,223,223,223,091,249,255
246,206,091,208,208,208,208,208,208,208,208,208,208,208,208,208,208,208,208,208,208,208,208,208,208,208,208,208,208,208,091,209,209,209,209,209,209,209,209,209,209,209,209,209,209,209,209,209,209,209,209,209,209,209,209,209,209,209,209,091,210,210,210,210,210,210,210,210,210,210,210,210,210,210,210,210,210,210,210,210,210,210,210,210,210,210,210,210,210,091,211,211,211,211,211,211,211,211,211,211,211,211,211,211,211,211,211,211,211,211,211,211,211,211,211,211,211,211,091,212,212,212,212,212,212,212,212,212,212,212,212,212,212,212,212,212,212,212,212,212,212,212,212,212,212,212,212,091,213,213,213,213,213,213,213,213,213,213,213,213,213,213,213,213,213,213,213,213,213,213,213,213,213,213,213,213,091,214,214,214,214,214,214,214,214,214,214,214,214,214,214,214,214,214,214,214,214,214,214,214,214,214,214,214,214,214,091,215,215,215,215,215,215,215,215,215,215,215,215,215,215,215,215,215,215,215,215,215,215,215,215,215,215,215,215,215,091,216,216,216,216,216,216,216,216,216,216,216,216,216,216,216,216,216,216,216,216,216,216,216,216,216,216,216,216,091,217,217,217,217,217,217,217,217,217,217,217,217,217,217,217,217,217,217,217,217,217,217,217,217,217,217,217,217,091,218,218,218,218,218,218,218,218,218,218,218,218,218,218,218,218,218,218,218,218,218,218,218,218,218,218,218,218,218,091,219,219,219,219,219,219,219,219,219,219,219,219,219,219,219,219,219,219,219,219,219,219,219,219,219,219,219,219,091,220,220,220,220,220,220,220,220,220,220,220,220,220,220,220,220,220,220,220,220,220,220,220,220,220,220,220,220,091,221,221,221,221,221,221,221,221,221,221,221,221,221,221,221,221,221,221,221,221,221,221,221,221,221,221,221,221,221,222,091,222,222,222,222,222,222,222,222,222,222,222,222,222,222,222,222,222,222,222,222,222,222,222,222,222,222,222,091,223,223,223,223,223,223,223,223,223,223,223,223,223,223,223,223,223,223,223,223,223,223,223,223,223,223,223,223,091,249,255
246,206,091,208,208,208,208,208,208,208,208,208,208,208,208,208,208,208,208,208,208,208,208,208,208,208,208,208,208,208,091,209,209,209,209,209,209,209,209,209,209,209,209,209,209,209,209,209,209,209,209,209,209,209,209,209,209,209,209,091,210,210,210,210,210,210,210,210,210,210,210,210,210,210,210,210,210,210,210,210,210,210,210,210,210,210,210,210,210,091,211,211,211,211,211,211,211,211,211,211,211,211,211,211,211,211,211,211,211,211,211,211,211,211,211,211,211,211,091,212,212,212,212,212,212,212,212,212,212,212,212,212,212,212,212,212,212,212,212,212,212,212,212,212,212,212,212,091,213,213,213,213,213,213,213,213,213,213,213,213,213,213,213,213,213,213,213,213,213,213,213,213,213,213,213,213,091,214,214,214,214,214,214,214,214,214,214,214,214,214,214,214,214,214,214,214,214,214,214,214,214,214,214,214,214,214,091,215,215,215,215,215,215,215,215,215,215,215,215,215,215,215,215,215,215,215,215,215,215,215,215,215,215,215,215,215,091,216,216,216,216,216,216,216,216,216,216,216,216,216,216,216,216,216,216,216,216,216,216,216,216,216,216,216,216,091,217,217,217,217,217,217,217,217,217,217,217,217,217,217,217,217,217,217,217,217,217,217,217,217,217,217,217,217,091,218,218,218,218,218,218,218,218,218,218,218,218,218,218,218,218,218,218,218,218,218,218,218,218,218,218,218,218,218,091,219,219,219,219,219,219,219,219,219,219,219,219,219,219,219,219,219,219,219,219,219,219,219,219,219,219,219,219,091,220,220,220,220,220,220,220,220,220,220,220,220,220,220,220,220,220,220,220,220,220,220,220,220,220,220,220,220,091,221,221,221,221,221,221,221,221,221,221,221,221,221,221,221,221,221,221,221,221,221,221,221,221,221,221,221,221,221,222,091,222,222,222,222,222,222,222,222,222,222,222,222,222,222,222,222,222,222,222,222,222,222,222,222,222,222,222,091,223,223,223,223,223,223,223,223,223,223,223,223,223,223,223,223,223,223,223,223,223,223,223,223,223,223,223,223,091,249,255
246,206,091,208,208,208,208,208,208,208,208,208,208,208,208,208,208,208,208,208,208,208,208,208,208,208,208,208,208,208,091,209,209,209,209,209,209,209,209,209,209,209,209,209,209,209,209,209,209,209,209,209,209,209,209,209,209,209,209,091,210,210,210,210,210,210,210,210,210,210,210,210,210,210,210,210,210,210,210,210,210,210,210,210,210,210,210,210,210,091,211,211,211,211,211,211,211,211,211,211,211,211,211,211,211,211,211,211,211,211,211,211,211,211,211,211,211,211,091,212,212,212,212,212,212,212,212,212,212,212,212,212,212,212,212,212,212,212,212,212,212,212,212,212,212,212,212,091,213,213,213,213,213,213,213,213,213,213,213,213,213,213,213,213,213,213,213,213,213,213,213,213,213,213,213,213,091,214,214,214,214,214,214,214,214,214,214,214,214,214,214,214,214,214,214,214,214,214,214,214,214,214,214,214,214,214,091,215,215,215,215,215,215,215,215,215,215,215,215,215,215,215,215,215,215,215,215,215,215,215,215,215,215,215,215,215,091,216,216,216,216,216,216,216,216,216,216,216,216,216,216,216,216,216,216,216,216,216,216,216,216,216,216,216,216,091,217,217,217,217,217,217,217,217,217,217,217,217,217,217,217,217,217,217,217,217,217,217,217,217,217,217,217,217,091,218,218,218,218,218,218,218,218,218,218,218,218,218,218,218,218,218,218,218,218,218,218,218,218,218,218,218,218,218,091,219,219,219,219,219,219,219,219,219,219,219,219,219,219,219,219,219,219,219,219,219,219,219,219,219,219,219,219,091,220,220,220,220,220,220,220,220,220,220,220,220,220,220,220,220,220,220,220,220,220,220,220,220,220,220,220,220,091,221,221,221,221,221,221,221,221,221,221,221,221,221,221,221,221,221,221,221,221,221,221,221,221,221,221,221,221,221,222,091,222,222,222,222,222,222,222,222,222,222,222,222,222,222,222,222,222,222,222,222,222,222,222,222,222,222,222,091,223,223,223,223,223,223,223,223,223,223,223,223,223,223,223,223,223,223,223,223,223,223,223,223,223,223,223,223,091,249,255
246,206,091,208,208,208,208,208,208,208,208,208,208,208,208,208,208,208,208,208,208,208,208,208,208,208,208,208,208,208,091,209,209,209,209,209,209,209,209,209,209,209,209,209,209,209,209,209,209,209,209,209,209,209,209,209,209,209,209,091,210,210,210,210,210,210,210,210,210,210,210,210,210,210,210,210,210,210,210,210,210,210,210,210,210,210,210,210,210,091,211,211,211,211,211,211,211,211,211,211,211,211,211,211,211,211,211,211,211,211,211,211,211,211,211,211,211,211,091,212,212,212,212,212,212,212,212,212,212,212,212,212,212,212,212,212,212,212,212,212,212,212,212,212,212,212,212,091,213,213,213,213,213,213,213,213,213,213,213,213,213,213,213,213,213,213,213,213,213,213,213,213,213,213,213,213,091,214,214,214,214,214,214,214,214,214,214,214,214,214,214,214,214,214,214,214,214,214,214,214,214,214,214,214,214,214,091,215,215,215,215,215,215,215,215,215,215,215,215,215,215,215,215,215,215,215,215,215,215,215,215,215,215,215,215,215,091,216,216,216,216,216,216,216,216,216,216,216,216,216,216,216,216,216,216,216,216,216,216,216,216,216,216,216,216,091,217,217,217,217,217,217,217,217,217,217,217,217,217,217,217,217,217,217,217,217,217,217,217,217,217,217,217,217,091,218,218,218,218,218,218,218,218,218,218,218,218,218,218,218,218,218,218,218,218,218,218,218,218,218,218,218,218,218,091,219,219,219,219,219,219,219,219,219,219,219,219,219,219,219,219,219,219,219,219,219,219,219,219,219,219,219,219,091,220,220,220,220,220,220,220,220,220,220,220,220,220,220,220,220,220,220,220,220,220,220,220,220,220,220,220,220,091,221,221,221,221,221,221,221,221,221,221,221,221,221,221,221,221,221,221,221,221,221,221,221,221,221,221,221,221,221,222,091,222,222,222,222,222,222,222,222,222,222,222,222,222,222,222,222,222,222,222,222,222,222,222,222,222,222,222,091,223,223,223,223,223,223,223,223,223,223,223,223,223,223,223,223,223,223,223,223,223,223,223,223,223,223,223,223,091,249,255
246,206,091,208,208,208,208,208,208,208,208,208,208,208,208,208,208,208,208,208,208,208,208,208,208,208,208,208,208,208,091,209,209,209,209,209,209,209,209,209,209,209,209,209,209,209,209,209,209,209,209,209,209,209,209,209,209,209,209,091,210,210,210,210,210,210,210,210,210,210,210,210,210,210,210,210,210,210,210,210,210,210,210,210,210,210,210,210,210,091,211,211,211,211,211,211,211,211,211,211,211,211,211,211,211,211,211,211,211,211,211,211,211,211,211,211,211,211,091,212,212,212,212,212,212,212,212,212,212,212,212,212,212,212,212,212,212,212,212,212,212,212,212,212,212,212,212,091,213,213,213,213,213,213,213,213,213,213,213,213,213,213,213,213,213,213,213,213,213,213,213,213,213,213,213,213,091,214,214,214,214,214,214,214,214,214,214,214,214,214,214,214,214,214,214,214,214,214,214,214,214,214,214,214,214,214,091,215,215,215,215,215,215,215,215,215,215,215,215,215,215,215,215,215,215,215,215,215,215,215,215,215,215,215,215,215,091,216,216,216,216,216,216,216,216,216,216,216,216,216,216,216,216,216,216,216,216,216,216,216,216,216,216,216,216,091,217,217,217,217,217,217,217,217,217,217,217,217,217,217,217,217,217,217,217,217,217,217,217,217,217,217,217,217,091,218,218,218,218,218,218,218,218,218,218,218,218,218,218,218,218,218,218,218,218,218,218,218,218,218,218,218,218,218,091,219,219,219,219,219,219,219,219,219,219,219,219,219,219,219,219,219,219,219,219,219,219,219,219,219,219,219,219,091,220,220,220,220,220,220,220,220,220,220,220,220,220,220,220,220,220,220,220,220,220,220,220,220,220,220,220,220,091,221,221,221,221,221,221,221,221,221,221,221,221,221,221,221,221,221,221,221,221,221,221,221,221,221,221,221,221,221,222,091,222,222,222,222,222,222,222,222,222,222,222,222,222,222,222,222,222,222,222,222,222,222,222,222,222,222,222,091,223,223,223,223,223,223,223,223,223,223,223,223,223,223,223,223,223,223,223,223,223,223,223,223,223,223,223,223,091,249,255
246,206,091,208,208,208,208,208,208,208,208,208,208,208,208,208,208,208,208,208,208,208,208,208,208,208,208,208,208,208,091,209,209,209,209,209,209,209,209,209,209,209,209,209,209,209,209,209,209,209,209,209,209,209,209,209,209,209,209,091,210,210,210,210,210,210,210,210,210,210,210,210,210,210,210,210,210,210,210,210,210,210,210,210,210,210,210,210,210,091,211,211,211,211,211,211,211,211,211,211,211,211,211,211,211,211,211,211,211,211,211,211,211,211,211,211,211,211,091,212,212,212,212,212,212,212,212,212,212,212,212,212,212,212,212,212,212,212,212,212,212,212,212,212,212,212,212,091,213,213,213,213,213,213,213,213,213,213,213,213,213,213,213,213,213,213,213,213,213,213,213,213,213,213,213,213,091,214,214,214,214,214,214,214,214,214,214,214,214,214,214,214,214,214,214,214,214,214,214,214,214,214,214,214,214,214,091,215,215,215,215,215,215,215,215,215,215,215,215,215,215,215,215,215,215,215,215,215,215,215,215,215,215,215,215,215,091,216,216,216,216,216,216,216,216,216,216,216,216,216,216,216,216,216,216,216,216,216,216,216,216,216,216,216,216,091,217,217,217,217,217,217,217,217,217,217,217,217,217,217,217,217,217,217,217,217,217,217,217,217,217,217,217,217,091,218,218,218,218,218,218,218,218,218,218,218,218,218,218,218,218,218,218,218,218,218,218,218,218,218,218,218,218,218,091,219,219,219,219,219,219,219,219,219,219,219,219,219,219,219,219,219,219,219,219,219,219,219,219,219,219,219,219,091,220,220,220,220,220,220,220,220,220,220,220,220,220,220,220,220,220,220,220,220,220,220,220,220,220,220,220,220,091,221,221,221,221,221,221,221,221,221,221,221,221,221,221,221,221,221,221,221,221,221,221,221,221,221,221,221,221,221,222,091,222,222,222,222,222,222,222,222,222,222,222,222,222,222,222,222,222,222,222,222,222,222,222,222,222,222,222,091,223,223,223,223,223,223,223,223,223,223,223,223,223,223,223,223,223,223,223,223,223,223,223,223,223,223,223,223,091,249,255
246,206,091,208,208,208,208,208,208,208,208,208,208,208,208,208,208,208,208,208,208,208,208,208,208,208,208,208,208,208,091,209,209,209,209,209,209,209,209,209,209,209,209,209,209,209,209,209,209,209,209,209,209,209,209,209,209,209,209,091,210,210,210,210,210,210,210,210,210,210,210,210,210,210,210,210,210,210,210,210,210,210,210,210,210,210,210,210,210,091,211,211,211,211,211,211,211,211,211,211,211,211,211,211,211,211,211,211,211,211,211,211,211,211,211,211,211,211,091,212,212,212,212,212,212,212,212,212,212,212,212,212,212,212,212,212,212,212,212,212,212,212,212,212,212,212,212,091,213,213,213,213,213,213,213,213,213,213,213,213,213,213,213,213,213,213,213,213,213,213,213,213,213,213,213,213,091,214,214,214,214,214,214,214,214,214,214,214,214,214,214,214,214,214,214,214,214,214,214,214,214,214,214,214,214,214,091,215,215,215,215,215,215,215,215,215,215,215,215,215,215,215,215,215,215,215,215,215,215,215,215,215,215,215,215,215,091,216,216,216,216,216,216,216,216,216,216,216,216,216,216,216,216,216,216,216,216,216,216,216,216,216,216,216,216,091,217,217,217,217,217,217,217,217,217,217,217,217,217,217,217,217,217,217,217,217,217,217,217,217,217,217,217,217,091,218,218,218,218,218,218,218,218,218,218,218,218,218,218,218,218,218,218,218,218,218,218,218,218,218,218,218,218,218,091,219,219,219,219,219,219,219,219,219,219,219,219,219,219,219,219,219,219,219,219,219,219,219,219,219,219,219,219,091,220,220,220,220,220,220,220,220,220,220,220,220,220,220,220,220,220,220,220,220,220,220,220,220,220,220,220,220,091,221,221,221,221,221,221,221,221,221,221,221,221,221,221,221,221,221,221,221,221,221,221,221,221,221,221,221,221,221,222,091,222,222,222,222,222,222,222,222,222,222,222,222,222,222,222,222,222,222,222,222,222,222,222,222,222,222,222,091,223,223,223,223,223,223,223,223,223,223,223,223,223,223,223,223,223,223,223,223,223,223,223,223,223,223,223,223,091,249,255
246,206,091,208,208,208,208,208,208,208,208,208,208,208,208,208,208,208,208,208,208,208,208,208,208,208,208,208,208,208,091,209,209,209,209,209,209,209,209,209,209,209,209,209,209,209,209,209,209,209,209,209,209,209,209,209,209,209,209,091,210,210,210,210,210,210,210,210,210,210,210,210,210,210,210,210,210,210,210,210,210,210,210,210,210,210,210,210,210,091,211,211,211,211,211,211,211,211,211,211,211,211,211,211,211,211,211,211,211,211,211,211,211,211,211,211,211,211,091,212,212,212,212,212,212,212,212,212,212,212,212,212,212,212,212,212,212,212,212,212,212,212,212,212,212,212,212,091,213,213,213,213,213,213,213,213,213,213,213,213,213,213,213,213,213,213,213,213,213,213,213,213,213,213,213,213,091,214,214,214,214,214,214,214,214,214,214,214,214,214,214,214,214,214,214,214,214,214,214,214,214,214,214,214,214,214,091,215,215,215,215,215,215,215,215,215,215,215,215,215,215,215,215,215,215,215,215,215,215,215,215,215,215,215,215,215,091,216,216,216,216,216,216,216,216,216,216,216,216,216,216,216,216,216,216,216,216,216,216,216,216,216,216,216,216,091,217,217,217,217,217,217,217,217,217,217,217,217,217,217,217,217,217,217,217,217,217,217,217,217,217,217,217,217,091,218,218,218,218,218,218,218,218,218,218,218,218,218,218,218,218,218,218,218,218,218,218,218,218,218,218,218,218,218,091,219,219,219,219,219,219,219,219,219,219,219,219,219,219,219,219,219,219,219,219,219,219,219,219,219,219,219,219,091,220,220,220,220,220,220,220,220,220,220,220,220,220,220,220,220,220,220,220,220,220,220,220,220,220,220,220,220,091,221,221,221,221,221,221,221,221,221,221,221,221,221,221,221,221,221,221,221,221,221,221,221,221,221,221,221,221,221,222,091,222,222,222,222,222,222,222,222,222,222,222,222,222,222,222,222,222,222,222,222,222,222,222,222,222,222,222,091,223,223,223,223,223,223,223,223,223,223,223,223,223,223,223,223,223,223,223,223,223,223,223,223,223,223,223,223,091,249,255
246,206,091,208,208,208,208,208,208,208,208,208,208,208,208,208,208,208,208,208,208,208,208,208,208,208,208,208,208,208,091,209,209,209,209,209,209,209,209,209,209,209,209,209,209,209,209,209,209,209,209,209,209,209,209,209,209,209,209,091,210,210,210,210,210,210,210,210,210,210,210,210,210,210,210,210,210,210,210,210,210,210,210,210,210,210,210,210,210,091,211,211,211,211,211,211,211,211,211,211,211,211,211,211,211,211,211,211,211,211,211,211,211,211,211,211,211,211,091,212,212,212,212,212,212,212,212,212,212,212,212,212,212,212,212,212,212,212,212,212,212,212,212,212,212,212,212,091,213,213,213,213,213,213,213,213,213,213,213,213,213,213,213,213,213,213,213,213,213,213,213,213,213,213,213,213,091,214,214,214,214,214,214,214,214,214,214,214,214,214,214,214,214,214,214,214,214,214,214,214,214,214,214,214,214,214,091,215,215,215,215,215,215,215,215,215,215,215,215,215,215,215,215,215,215,215,215,215,215,215,215,215,215,215,215,215,091,216,216,216,216,216,216,216,216,216,216,216,216,216,216,216,216,216,216,216,216,216,216,216,216,216,216,216,216,091,217,217,217,217,217,217,217,217,217,217,217,217,217,217,217,217,217,217,217,217,217,217,217,217,217,217,217,217,091,218,218,218,218,218,218,218,218,218,218,218,218,218,218,218,218,218,218,218,218,218,218,218,218,218,218,218,218,218,091,219,219,219,219,219,219,219,219,219,219,219,219,219,219,219,219,219,219,219,219,219,219,219,219,219,219,219,219,091,220,220,220,220,220,220,220,220,220,220,220,220,220,220,220,220,220,220,220,220,220,220,220,220,220,220,220,220,091,221,221,221,221,221,221,221,221,221,221,221,221,221,221,221,221,221,221,221,221,221,221,221,221,221,221,221,221,221,222,091,222,222,222,222,222,222,222,222,222,222,222,222,222,222,222,222,222,222,222,222,222,222,222,222,222,222,222,091,223,223,223,223,223,223,223,223,223,223,223,223,223,223,223,223,223,223,223,223,223,223,223,223,223,223,223,223,091,249,255
246,206,091,208,208,208,208,208,208,208,208,208,208,208,208,208,208,208,208,208,208,208,208,208,208,208,208,208,208,208,091,209,209,209,209,209,209,209,209,209,209,209,209,209,209,209,209,209,209,209,209,209,209,209,209,209,209,209,209,091,210,210,210,210,210,210,210,210,210,210,210,210,210,210,210,210,210,210,210,210,210,210,210,210,210,210,210,210,210,091,211,211,211,211,211,211,211,211,211,211,211,211,211,211,211,211,211,211,211,211,211,211,211,211,211,211,211,211,091,212,212,212,212,212,212,212,212,212,212,212,212,212,212,212,212,212,212,212,212,212,212,212,212,212,212,212,212,091,213,213,213,213,213,213,213,213,213,213,213,213,213,213,213,213,213,213,213,213,213,213,213,213,213,213,213,213,091,214,214,214,214,214,214,214,214,214,214,214,214,214,214,214,214,214,214,214,214,214,214,214,214,214,214,214,214,214,091,215,215,215,215,215,215,215,215,215,215,215,215,215,215,215,215,215,215,215,215,215,215,215,215,215,215,215,215,215,091,216,216,216,216,216,216,216,216,216,216,216,216,216,216,216,216,216,216,216,216,216,216,216,216,216,216,216,216,091,217,217,217,217,217,217,217,217,217,217,217,217,217,217,217,217,217,217,217,217,217,217,217,217,217,217,217,217,091,218,218,218,218,218,218,218,218,218,218,218,218,218,218,218,218,218,218,218,218,218,218,218,218,218,218,218,218,218,091,219,219,219,219,219,219,219,219,219,219,219,219,219,219,219,219,219,219,219,219,219,219,219,219,219,219,219,219,091,220,220,220,220,220,220,220,220,220,220,220,220,220,220,220,220,220,220,220,220,220,220,220,220,220,220,220,220,091,221,221,221,221,221,221,221,221,221,221,221,221,221,221,221,221,221,221,221,221,221,221,221,221,221,221,221,221,221,222,091,222,222,222,222,222,222,222,222,222,222,222,222,222,222,222,222,222,222,222,222,222,222,222,222,222,222,222,091,223,223,223,223,223,223,223,223,223,223,223,223,223,223,223,223,223,223,223,223,223,223,223,223,223,223,223,223,091,249,255
246,206,091,208,208,208,208,208,208,208,208,208,208,208,208,208,208,208,208,208,208,208,208,208,208,208,208,208,208,208,091,209,209,209,209,209,209,209,209,209,209,209,209,209,209,209,209,209,209,209,209,209,209,209,209,209,209,209,209,091,210,210,210,210,210,210,210,210,210,210,210,210,210,210,210,210,210,210,210,210,210,210,210,210,210,210,210,210,210,091,211,211,211,211,211,211,211,211,211,211,211,211,211,211,211,211,211,211,211,211,211,211,211,211,211,211,211,211,091,212,212,212,212,212,212,212,212,212,212,212,212,212,212,212,212,212,212,212,212,212,212,212,212,212,212,212,212,091,213,213,213,213,213,213,213,213,213,213,213,213,213,213,213,213,213,213,213,213,213,213,213,213,213,213,213,213,091,214,214,214,214,214,214,214,214,214,214,214,214,214,214,214,214,214,214,214,214,214,214,214,214,214,214,214,214,214,091,215,215,215,215,215,215,215,215,215,215,215,215,215,215,215,215,215,215,215,215,215,215,215,215,215,215,215,215,215,091,216,216,216,216,216,216,216,216,216,216,216,216,216,216,216,216,216,216,216,216,216,216,216,216,216,216,216,216,091,217,217,217,217,217,217,217,217,217,217,217,217,217,217,217,217,217,217,217,217,217,217,217,217,217,217,217,217,091,218,218,218,218,218,218,218,218,218,218,218,218,218,218,218,218,218,218,218,218,218,218,218,218,218,218,218,218,218,091,219,219,219,219,219,219,219,219,219,219,219,219,219,219,219,219,219,219,219,219,219,219,219,219,219,219,219,219,091,220,220,220,220,220,220,220,220,220,220,220,220,220,220,220,220,220,220,220,220,220,220,220,220,220,220,220,220,091,221,221,221,221,221,221,221,221,221,221,221,221,221,221,221,221,221,221,221,221,221,221,221,221,221,221,221,221,221,222,091,222,222,222,222,222,222,222,222,222,222,222,222,222,222,222,222,222,222,222,222,222,222,222,222,222,222,222,091,223,223,223,223,223,223,223,223,223,223,223,223,223,223,223,223,223,223,223,223,223,223,223,223,223,223,223,223,091,249,255
246,206,091,208,208,208,208,208,208,208,208,208,208,208,208,208,208,208,208,208,208,208,208,208,208,208,208,208,208,208,091,209,209,209,209,209,209,209,209,209,209,209,209,209,209,209,209,209,209,209,209,209,209,209,209,209,209,209,209,091,210,210,210,210,210,210,210,210,210,210,210,210,210,210,210,210,210,210,210,210,210,210,210,210,210,210,210,210,210,091,211,211,211,211,211,211,211,211,211,211,211,211,211,211,211,211,211,211,211,211,211,211,211,211,211,211,211,211,091,212,212,212,212,212,212,212,212,212,212,212,212,212,212,212,212,212,212,212,212,212,212,212,212,212,212,212,212,091,213,213,213,213,213,213,213,213,213,213,213,213,213,213,213,213,213,213,213,213,213,213,213,213,213,213,213,213,091,214,214,214,214,214,214,214,214,214,214,214,214,214,214,214,214,214,214,214,214,214,214,214,214,214,214,214,214,214,091,215,215,215,215,215,215,215,215,215,215,215,215,215,215,215,215,215,215,215,215,215,215,215,215,215,215,215,215,215,091,216,216,216,216,216,216,216,216,216,216,216,216,216,216,216,216,216,216,216,216,216,216,216,216,216,216,216,216,091,217,217,217,217,217,217,217,217,217,217,217,217,217,217,217,217,217,217,217,217,217,217,217,217,217,217,217,217,091,218,218,218,218,218,218,218,218,218,218,218,218,218,218,218,218,218,218,218,218,218,218,218,218,218,218,218,218,218,091,219,219,219,219,219,219,219,219,219,219,219,219,219,219,219,219,219,219,219,219,219,219,219,219,219,219,219,219,091,220,220,220,220,220,220,220,220,220,220,220,220,220,220,220,220,220,220,220,220,220,220,220,220,220,220,220,220,091,221,221,221,221,221,221,221,221,221,221,221,221,221,221,221,221,221,221,221,221,221,221,221,221,221,221,221,221,221,222,091,222,222,222,222,222,222,222,222,222,222,222,222,222,222,222,222,222,222,222,222,222,222,222,222,222,222,222,091,223,223,223,223,223,223,223,223,223,223,223,223,223,223,223,223,223,223,223,223,223,223,223,223,223,223,223,223,091,249,255
246,206,091,208,208,208,208,208,208,208,208,208,208,208,208,208,208,208,208,208,208,208,208,208,208,208,208,208,208,208,091,209,209,209,209,209,209,209,209,209,209,209,209,209,209,209,209,209,209,209,209,209,209,209,209,209,209,209,209,091,210,210,210,210,210,210,210,210,210,210,210,210,210,210,210,210,210,210,210,210,210,210,210,210,210,210,210,210,210,091,211,211,211,211,211,211,211,211,211,211,211,211,211,211,211,211,211,211,211,211,211,211,211,211,211,211,211,211,091,212,212,212,212,212,212,212,212,212,212,212,212,212,212,212,212,212,212,212,212,212,212,212,212,212,212,212,212,091,213,213,213,213,213,213,213,213,213,213,213,213,213,213,213,213,213,213,213,213,213,213,213,213,213,213,213,213,091,214,214,214,214,214,214,214,214,214,214,214,214,214,214,214,214,214,214,214,214,214,214,214,214,214,214,214,214,214,091,215,215,215,215,215,215,215,215,215,215,215,215,215,215,215,215,215,215,215,215,215,215,215,215,215,215,215,215,215,091,216,216,216,216,216,216,216,216,216,216,216,216,216,216,216,216,216,216,216,216,216,216,216,216,216,216,216,216,091,217,217,217,217,217,217,217,217,217,217,217,217,217,217,217,217,217,217,217,217,217,217,217,217,217,217,217,217,091,218,218,218,218,218,218,218,218,218,218,218,218,218,218,218,218,218,218,218,218,218,218,218,218,218,218,218,218,218,091,219,219,219,219,219,219,219,219,219,219,219,219,219,219,219,219,219,219,219,219,219,219,219,219,219,219,219,219,091,220,220,220,220,220,220,220,220,220,220,220,220,220,220,220,220,220,220,220,220,220,220,220,220,220,220,220,220,091,221,221,221,221,221,221,221,221,221,221,221,221,221,221,221,221,221,221,221,221,221,221,221,221,221,221,221,221,221,222,091,222,222,222,222,222,222,222,222,222,222,222,222,222,222,222,222,222,222,222,222,222,222,222,222,222,222,222,091,223,223,223,223,223,223,223,223,223,223,223,223,223,223,223,223,223,223,223,223,223,223,223,223,223,223,223,223,091,249,255
245,206,091,208,208,208,208,208,208,208,208,208,208,208,208,208,208,208,208,208,208,208,208,208,208,208,208,208,208,208,091,209,209,209,209,209,209,209,209,209,209,209,209,209,209,209,209,209,209,209,209,209,209,209,209,209,209,209,209,091,210,210,210,210,210,210,210,210,210,210,210,210,210,210,210,210,210,210,210,210,210,210,210,210,210,210,210,210,210,091,211,211,211,211,211,211,211,211,211,211,211,211,211,211,211,211,211,211,211,211,211,211,211,211,211,211,211,211,091,212,212,212,212,212,212,212,212,212,212,212,212,212,212,212,212,212,212,212,212,212,212,212,212,212,212,212,212,091,213,213,213,213,213,213,213,213,213,213,213,213,213,213,213,213,213,213,213,213,213,213,213,213,213,213,213,213,091,214,214,214,214,214,214,214,214,214,214,214,214,214,214,214,214,214,214,214,214,214,214,214,214,214,214,214,214,214,091,215,215,215,215,215,215,215,215,215,215,215,215,215,215,215,215,215,215,215,215,215,215,215,215,215,215,215,215,215,091,216,216,216,216,216,216,216,216,216,216,216,216,216,216,216,216,216,216,216,216,216,216,216,216,216,216,216,216,091,217,217,217,217,217,217,217,217,217,217,217,217,217,217,217,217,217,217,217,217,217,217,217,217,217,217,217,217,091,218,218,218,218,218,218,218,218,218,218,218,218,218,218,218,218,218,218,218,218,218,218,218,218,218,218,218,218,218,091,219,219,219,219,219,219,219,219,219,219,219,219,219,219,219,219,219,219,219,219,219,219,219,219,219,219,219,219,091,220,220,220,220,220,220,220,220,220,220,220,220,220,220,220,220,220,220,220,220,220,220,220,220,220,220,220,220,091,221,221,221,221,221,221,221,221,221,221,221,221,221,221,221,221,221,221,221,221,221,221,221,221,221,221,221,221,221,222,091,222,222,222,222,222,222,222,222,222,222,222,222,222,222,222,222,222,222,222,222,222,222,222,222,222,222,222,091,223,223,223,223,223,223,223,223,223,223,223,223,223,223,223,223,223,223,223,223,223,223,223,223,223,223,223,223,091,248,255
254,207,091,208,208,208,208,208,208,208,208,208,208,208,208,208,208,208,208,208,208,208,208,208,208,208,208,208,208,208,091,209,209,209,209,209,209,209,209,209,209,209,209,209,209,209,209,209,209,209,209,209,209,209,209,209,209,209,209,091,210,210,210,210,210,210,210,210,210,210,210,210,210,210,210,210,210,210,210,210,210,210,210,210,210,210,210,210,210,091,211,211,211,211,211,211,211,211,211,211,211,211,211,211,211,211,211,211,211,211,211,211,211,211,211,211,211,211,091,212,212,212,212,212,212,212,212,212,212,212,212,212,212,212,212,212,212,212,212,212,212,212,212,212,212,212,212,091,213,213,213,213,213,213,213,213,213,213,213,213,213,213,213,213,213,213,213,213,213,213,213,213,213,213,213,213,091,214,214,214,214,214,214,214,214,214,214,214,214,214,214,214,214,214,214,214,214,214,214,214,214,214,214,214,214,214,091,215,215,215,215,215,215,215,215,215,215,215,215,215,215,215,215,215,215,215,215,215,215,215,215,215,215,215,215,215,091,216,216,216,216,216,216,216,216,216,216,216,216,216,216,216,216,216,216,216,216,216,216,216,216,216,216,216,216,091,217,217,217,217,217,217,217,217,217,217,217,217,217,217,217,217,217,217,217,217,217,217,217,217,217,217,217,217,091,218,218,218,218,218,218,218,218,218,218,218,218,218,218,218,218,218,218,218,218,218,218,218,218,218,218,218,218,218,091,219,219,219,219,219,219,219,219,219,219,219,219,219,219,219,219,219,219,219,219,219,219,219,219,219,219,219,219,091,220,220,220,220,220,220,220,220,220,220,220,220,220,220,220,220,220,220,220,220,220,220,220,220,220,220,220,220,091,221,221,221,221,221,221,221,221,221,221,221,221,221,221,221,221,221,221,221,221,221,221,221,221,221,221,221,221,221,222,091,222,222,222,222,222,222,222,222,222,222,222,222,222,222,222,222,222,222,222,222,222,222,222,222,222,222,222,091,223,223,223,223,223,223,223,223,223,223,223,223,223,223,223,223,223,223,223,223,223,223,223,223,223,223,223,223,091,255,255
202,209,091,207,207,207,207,207,207,207,207,207,207,207,207,207,207,207,207,207,207,207,207,207,207,207,207,207,207,207,091,208,208,208,208,208,208,208,208,208,208,208,208,208,208,208,208,208,208,208,208,208,208,208,208,208,208,208,208,091,209,209,209,209,209,209,209,209,209,209,209,209,209,209,209,209,209,209,209,209,209,209,209,209,209,209,209,209,209,091,210,210,210,210,210,210,210,210,210,210,210,210,210,210,210,210,210,210,210,210,210,210,210,210,210,210,210,210,091,211,211,211,211,211,211,211,211,211,211,211,211,211,211,211,211,211,211,211,211,211,211,211,211,211,211,211,211,091,212,212,212,212,212,212,212,212,212,212,212,212,212,212,212,212,212,212,212,212,212,212,212,212,212,212,212,212,091,213,213,213,213,213,213,213,213,213,213,213,213,213,213,213,213,213,213,213,213,213,213,213,213,213,213,213,213,213,091,214,214,214,214,214,214,214,214,214,214,214,214,214,214,214,214,214,214,214,214,214,214,214,214,214,214,214,214,214,091,215,215,215,215,215,215,215,215,215,215,215,215,215,215,215,215,215,215,215,215,215,215,215,215,215,215,215,215,091,216,216,216,216,216,216,216,216,216,216,216,216,216,216,216,216,216,216,216,216,216,216,216,216,216,216,216,216,091,217,217,217,217,217,217,217,217,217,217,217,217,217,217,217,217,217,217,217,217,217,217,217,217,217,217,217,217,217,091,218,218,218,218,218,218,218,218,218,218,218,218,218,218,218,218,218,218,218,218,218,218,218,218,218,218,218,218,091,219,219,219,219,219,219,219,219,219,219,219,219,219,219,219,219,219,219,219,219,219,219,219,219,219,219,219,219,091,220,220,220,220,220,220,220,220,220,220,220,220,220,220,220,220,220,220,220,220,220,220,220,220,220,220,220,220,220,220,091,221,221,221,221,221,221,221,221,221,221,221,221,221,221,221,221,221,221,221,221,221,221,221,221,221,221,221,091,222,222,222,222,222,222,222,222,222,222,222,222,222,222,222,222,222,222,222,222,222,222,222,222,222,222,222,222,091,205,201
091,091,091,091,091,091,091,091,091,091,091,091,091,091,091,091,091,091,091,091,091,091,091,091,091,091,091,091,091,091,091,091,091,091,091,091,091,091,091,091,091,091,091,091,091,091,091,091,091,091,091,091,091,091,091,091,091,091,091,091,091,091,091,091,091,091,091,091,091,091,091,091,091,091,091,091,091,091,091,091,091,091,091,091,091,091,091,091,091,091,091,091,091,091,091,091,091,091,091,091,091,091,091,091,091,091,091,091,091,091,091,091,091,091,091,091,091,091,091,091,091,091,091,091,091,091,091,091,091,091,091,091,091,091,091,091,091,091,091,091,091,091,091,091,091,091,091,091,091,091,091,091,091,091,091,091,091,091,091,091,091,091,091,091,091,091,091,091,091,091,091,091,091,091,091,091,091,091,091,091,091,091,091,091,091,091,091,091,091,091,091,091,091,091,091,091,091,091,091,091,091,091,091,091,091,091,091,091,091,091,091,091,091,091,091,091,091,091,091,091,091,091,091,091,091,091,091,091,091,091,091,091,091,091,091,091,091,091,091,091,091,091,091,091,091,091,091,091,091,091,091,091,091,091,091,091,091,091,091,091,091,091,091,091,091,091,091,091,091,091,091,091,091,091,091,091,091,091,091,091,091,091,091,091,091,091,091,091,091,091,091,091,091,091,091,091,091,091,091,091,091,091,091,091,091,091,091,091,091,091,091,091,091,091,091,091,091,091,091,091,091,091,091,091,091,091,091,091,091,091,091,091,091,091,091,091,091,091,091,091,091,091,091,091,091,091,091,091,091,091,091,091,091,091,091,091,091,091,091,091,091,091,091,091,091,091,091,091,091,091,091,091,091,091,091,091,091,091,091,091,091,091,091,091,091,091,091,091,091,091,091,091,091,091,091,091,091,091,091,091,091,091,091,091,091,091,091,091,091,091,091,091,091,091,091,091,091,091,091,091,091,091,091,091,091,091,091,091,091,091,091,091,091,091,091,091,091,091,091,091,091,091,091,091,091,091,091,091,091,091,091,091,091,091,091,091,091,091,091,091,091,091,091,091,091,091,091,091,091,091,091,091,000
206,228,091,225,225,225,225,225,225,225,225,225,225,225,225,225,225,225,225,225,225,225,225,225,225,225,225,225,225,225,091,226,226,226,226,226,226,226,226,226,226,226,226,226,226,226,226,226,226,226,226,226,226,226,226,226,226,226,226,091,227,227,227,227,227,227,227,227,227,227,227,227,227,227,227,227,227,227,227,227,227,227,227,227,227,227,227,227,227,091,228,228,228,228,228,228,228,228,228,228,228,228,228,228,228,228,228,228,228,228,228,228,228,228,228,228,228,228,091,229,229,229,229,229,229,229,229,229,229,229,229,229,229,229,229,229,229,229,229,229,229,229,229,229,229,229,229,091,230,230,230,230,230,230,230,230,230,230,230,230,230,230,230,230,230,230,230,230,230,230,230,230,230,230,230,230,091,231,231,231,231,231,231,231,231,231,231,231,231,231,231,231,231,231,231,231,231,231,231,231,231,231,231,231,231,231,091,232,232,232,232,232,232,232,232,232,232,232,232,232,232,232,232,232,232,232,232,232,232,232,232,232,232,232,232,232,091,233,233,233,233,233,233,233,233,233,233,233,233,233,233,233,233,233,233,233,233,233,233,233,233,233,233,233,233,091,234,234,234,234,234,234,234,234,234,234,234,234,234,234,234,234,234,234,234,234,234,234,234,234,234,234,234,234,091,235,235,235,235,235,235,235,235,235,235,235,235,235,235,235,235,235,235,235,235,235,235,235,235,235,235,235,235,235,091,236,236,236,236,236,236,236,236,236,236,236,236,236,236,236,236,236,236,236,236,236,236,236,236,236,236,236,236,091,237,237,237,237,237,237,237,237,237,237,237,237,237,237,237,237,237,237,237,237,237,237,237,237,237,237,237,237,091,238,238,238,238,238,238,238,238,238,238,238,238,238,238,238,238,238,238,238,238,238,238,238,238,238,238,238,238,238,239,091,239,239,239,239,239,239,239,239,239,239,239,239,239,239,239,239,239,239,239,239,239,239,239,239,239,239,239,091,240,240,240,240,240,240,240,240,240,240,240,240,240,240,240,240,240,240,240,240,240,240,240,240,240,240,240,240,091,209,200
255,224,091,224,224,224,224,224,224,224,224,224,224,224,224,224,224,224,224,224,224,224,224,224,224,224,224,224,224,224,091,225,225,225,225,225,225,225,225,225,225,225,225,225,225,225,225,225,225,225,225,225,225,225,225,225,225,225,225,091,226,226,226,226,226,226,226,226,226,226,226,226,226,226,226,226,226,226,226,226,226,226,226,226,226,226,226,226,226,091,227,227,227,227,227,227,227,227,227,227,227,227,227,227,227,227,227,227,227,227,227,227,227,227,227,227,227,227,091,228,228,228,228,228,228,228,228,228,228,228,228,228,228,228,228,228,228,228,228,228,228,228,228,228,228,228,228,091,229,229,229,229,229,229,229,229,229,229,229,229,229,229,229,229,229,229,229,229,229,229,229,229,229,229,229,229,091,230,230,230,230,230,230,230,230,230,230,230,230,230,230,230,230,230,230,230,230,230,230,230,230,230,230,230,230,230,091,231,231,231,231,231,231,231,231,231,231,231,231,231,231,231,231,231,231,231,231,231,231,231,231,231,231,231,231,231,091,232,232,232,232,232,232,232,232,232,232,232,232,232,232,232,232,232,232,232,232,232,232,232,232,232,232,232,232,091,233,233,233,233,233,233,233,233,233,233,233,233,233,233,233,233,233,233,233,233,233,233,233,233,233,233,233,233,091,234,234,234,234,234,234,234,234,234,234,234,234,234,234,234,234,234,234,234,234,234,234,234,234,234,234,234,234,234,091,235,235,235,235,235,235,235,235,235,235,235,235,235,235,235,235,235,235,235,235,235,235,235,235,235,235,235,235,091,236,236,236,236,236,236,236,236,236,236,236,236,236,236,236,236,236,236,236,236,236,236,236,236,236,236,236,236,091,237,237,237,237,237,237,237,237,237,237,237,237,237,237,237,237,237,237,237,237,237,237,237,237,237,237,237,237,237,238,091,238,238,238,238,238,238,238,238,238,238,238,238,238,238,238,238,238,238,238,238,238,238,238,238,238,238,238,091,239,239,239,239,239,239,239,239,239,239,239,239,239,239,239,239,239,239,239,239,239,239,239,239,239,239,239,239,091,255,255
249,223,091,224,224,224,224,224,224,224,224,224,224,224,224,224,224,224,224,224,224,224,224,224,224,224,224,224,224,224,091,225,225,225,225,225,225,225,225,225,225,225,225,225,225,225,225,225,225,225,225,225,225,225,225,225,225,225,225,091,226,226,226,226,226,226,226,226,226,226,226,226,226,226,226,226,226,226,226,226,226,226,226,226,226,226,226,226,226,091,227,227,227,227,227,227,227,227,227,227,227,227,227,227,227,227,227,227,227,227,227,227,227,227,227,227,227,227,091,228,228,228,228,228,228,228,228,228,228,228,228,228,228,228,228,228,228,228,228,228,228,228,228,228,228,228,228,091,229,229,229,229,229,229,229,229,229,229,229,229,229,229,229,229,229,229,229,229,229,229,229,229,229,229,229,229,091,230,230,230,230,230,230,230,230,230,230,230,230,230,230,230,230,230,230,230,230,230,230,230,230,230,230,230,230,230,091,231,231,231,231,231,231,231,231,231,231,231,231,231,231,231,231,231,231,231,231,231,231,231,231,231,231,231,231,231,091,232,232,232,232,232,232,232,232,232,232,232,232,232,232,232,232,232,232,232,232,232,232,232,232,232,232,232,232,091,233,233,233,233,233,233,233,233,233,233,233,233,233,233,233,233,233,233,233,233,233,233,233,233,233,233,233,233,091,234,234,234,234,234,234,234,234,234,234,234,234,234,234,234,234,234,234,234,234,234,234,234,234,234,234,234,234,234,091,235,235,235,235,235,235,235,235,235,235,235,235,235,235,235,235,235,235,235,235,235,235,235,235,235,235,235,235,091,236,236,236,236,236,236,236,236,236,236,236,236,236,236,236,236,236,236,236,236,236,236,236,236,236,236,236,236,091,237,237,237,237,237,237,237,237,237,237,237,237,237,237,237,237,237,237,237,237,237,237,237,237,237,237,237,237,237,238,091,238,238,238,238,238,238,238,238,238,238,238,238,238,238,238,238,238,238,238,238,238,238,238,238,238,238,238,091,239,239,239,239,239,239,239,239,239,239,239,239,239,239,239,239,239,239,239,239,239,239,239,239,239,239,239,239,091,252,255
249,223,091,224,224,224,224,224,224,224,224,224,224,224,224,224,224,224,224,224,224,224,224,224,224,224,224,224,224,224,091,225,225,225,225,225,225,225,225,225,225,225,225,225,225,225,225,225,225,225,225,225,225,225,225,225,225,225,225,091,226,226,226,226,226,226,226,226,226,226,226,226,226,226,226,226,226,226,226,226,226,226,226,226,226,226,226,226,226,091,227,227,227,227,227,227,227,227,227,227,227,227,227,227,227,227,227,227,227,227,227,227,227,227,227,227,227,227,091,228,228,228,228,228,228,228,228,228,228,228,228,228,228,228,228,228,228,228,228,228,228,228,228,228,228,228,228,091,229,229,229,229,229,229,229,229,229,229,229,229,229,229,229,229,229,229,229,229,229,229,229,229,229,229,229,229,091,230,230,230,230,230,230,230,230,230,230,230,230,230,230,230,230,230,230,230,230,230,230,230,230,230,230,230,230,230,091,231,231,231,231,231,231,231,231,231,231,231,231,231,231,231,231,231,231,231,231,231,231,231,231,231,231,231,231,231,091,232,232,232,232,232,232,232,232,232,232,232,232,232,232,232,232,232,232,232,232,232,232,232,232,232,232,232,232,091,233,233,233,233,233,233,233,233,233,233,233,233,233,233,233,233,233,233,233,233,233,233,233,233,233,233,233,233,091,234,234,234,234,234,234,234,234,234,234,234,234,234,234,234,234,234,234,234,234,234,234,234,234,234,234,234,234,234,091,235,235,235,235,235,235,235,235,235,235,235,235,235,235,235,235,235,235,235,235,235,235,235,235,235,235,235,235,091,236,236,236,236,236,236,236,236,236,236,236,236,236,236,236,236,236,236,236,236,236,236,236,236,236,236,236,236,091,237,237,237,237,237,237,237,237,237,237,237,237,237,237,237,237,237,237,237,237,237,237,237,237,237,237,237,237,237,238,091,238,238,238,238,238,238,238,238,238,238,238,238,238,238,238,238,238,238,238,238,238,238,238,238,238,238,238,091,239,239,239,239,239,239,239,239,239,239,239,239,239,239,239,239,239,239,239,239,239,239,239,239,239,239,239,239,091,252,255
249,223,091,224,224,224,224,224,224,224,224,224,224,224,224,224,224,224,224,224,224,224,224,224,224,224,224,224,224,224,091,225,225,225,225,225,225,225,225,225,225,225,225,225,225,225,225,225,225,225,225,225,225,225,225,225,225,225,225,091,226,226,226,226,226,226,226,226,226,226,226,226,226,226,226,226,226,226,226,226,226,226,226,226,226,226,226,226,226,091,227,227,227,227,227,227,227,227,227,227,227,227,227,227,227,227,227,227,227,227,227,227,227,227,227,227,227,227,091,228,228,228,228,228,228,228,228,228,228,228,228,228,228,228,228,228,228,228,228,228,228,228,228,228,228,228,228,091,229,229,229,229,229,229,229,229,229,229,229,229,229,229,229,229,229,229,229,229,229,229,229,229,229,229,229,229,091,230,230,230,230,230,230,230,230,230,230,230,230,230,230,230,230,230,230,230,230,230,230,230,230,230,230,230,230,230,091,231,231,231,231,231,231,231,231,231,231,231,231,231,231,231,231,231,231,231,231,231,231,231,231,231,231,231,231,231,091,232,232,232,232,232,232,232,232,232,232,232,232,232,232,232,232,232,232,232,232,232,232,232,232,232,232,232,232,091,233,233,233,233,233,233,233,233,233,233,233,233,233,233,233,233,233,233,233,233,233,233,233,233,233,233,233,233,091,234,234,234,234,234,234,234,234,234,234,234,234,234,234,234,234,234,234,234,234,234,234,234,234,234,234,234,234,234,091,235,235,235,235,235,235,235,235,235,235,235,235,235,235,235,235,235,235,235,235,235,235,235,235,235,235,235,235,091,236,236,236,236,236,236,236,236,236,236,236,236,236,236,236,236,236,236,236,236,236,236,236,236,236,236,236,236,091,237,237,237,237,237,237,237,237,237,237,237,237,237,237,237,237,237,237,237,237,237,237,237,237,237,237,237,237,237,238,091,238,238,238,238,238,238,238,238,238,238,238,238,238,238,238,238,238,238,238,238,238,238,238,238,238,238,238,091,239,239,239,239,239,239,239,239,239,239,239,239,239,239,239,239,239,239,239,239,239,239,239,239,239,239,239,239,091,252,255
249,223,091,224,224,224,224,224,224,224,224,224,224,224,224,224,224,224,224,224,224,224,224,224,224,224,224,224,224,224,091,225,225,225,225,225,225,225,225,225,225,225,225,225,225,225,225,225,225,225,225,225,225,225,225,225,225,225,225,091,226,226,226,226,226,226,226,226,226,226,226,226,226,226,226,226,226,226,226,226,226,226,226,226,226,226,226,226,226,091,227,227,227,227,227,227,227,227,227,227,227,227,227,227,227,227,227,227,227,227,227,227,227,227,227,227,227,227,091,228,228,228,228,228,228,228,228,228,228,228,228,228,228,228,228,228,228,228,228,228,228,228,228,228,228,228,228,091,229,229,229,229,229,229,229,229,229,229,229,229,229,229,229,229,229,229,229,229,229,229,229,229,229,229,229,229,091,230,230,230,230,230,230,230,230,230,230,230,230,230,230,230,230,230,230,230,230,230,230,230,230,230,230,230,230,230,091,231,231,231,231,231,231,231,231,231,231,231,231,231,231,231,231,231,231,231,231,231,231,231,231,231,231,231,231,231,091,232,232,232,232,232,232,232,232,232,232,232,232,232,232,232,232,232,232,232,232,232,232,232,232,232,232,232,232,091,233,233,233,233,233,233,233,233,233,233,233,233,233,233,233,233,233,233,233,233,233,233,233,233,233,233,233,233,091,234,234,234,234,234,234,234,234,234,234,234,234,234,234,234,234,234,234,234,234,234,234,234,234,234,234,234,234,234,091,235,235,235,235,235,235,235,235,235,235,235,235,235,235,235,235,235,235,235,235,235,235,235,235,235,235,235,235,091,236,236,236,236,236,236,236,236,236,236,236,236,236,236,236,236,236,236,236,236,236,236,236,236,236,236,236,236,091,237,237,237,237,237,237,237,237,237,237,237,237,237,237,237,237,237,237,237,237,237,237,237,237,237,237,237,237,237,238,091,238,238,238,238,238,238,238,238,238,238,238,238,238,238,238,238,238,238,238,238,238,238,238,238,238,238,238,091,239,239,239,239,239,239,239,239,239,239,239,239,239,239,239,239,239,239,239,239,239,239,239,239,239,239,239,239,091,252,255
249,223,091,224,224,224,224,224,224,224,224,224,224,224,224,224,224,224,224,224,224,224,224,224,224,224,224,224,224,224,091,225,225,225,225,225,225,225,225,225,225,225,225,225,225,225,225,225,225,225,225,225,225,225,225,225,225,225,225,091,226,226,226,226,226,226,226,226,226,226,226,226,226,226,226,226,226,226,226,226,226,226,226,226,226,226,226,226,226,091,227,227,227,227,227,227,227,227,227,227,227,227,227,227,227,227,227,227,227,227,227,227,227,227,227,227,227,227,091,228,228,228,228,228,228,228,228,228,228,228,228,228,228,228,228,228,228,228,228,228,228,228,228,228,228,228,228,091,229,229,229,229,229,229,229,229,229,229,229,229,229,229,229,229,229,229,229,229,229,229,229,229,229,229,229,229,091,230,230,230,230,230,230,230,230,230,230,230,230,230,230,230,230,230,230,230,230,230,230,230,230,230,230,230,230,230,091,231,231,231,231,231,231,231,231,231,231,231,231,231,231,231,231,231,231,231,231,231,231,231,231,231,231,231,231,231,091,232,232,232,232,232,232,232,232,232,232,232,232,232,232,232,232,232,232,232,232,232,232,232,232,232,232,232,232,091,233,233,233,233,233,233,233,233,233,233,233,233,233,233,233,233,233,233,233,233,233,233,233,233,233,233,233,233,091,234,234,234,234,234,234,234,234,234,234,234,234,234,234,234,234,234,234,234,234,234,234,234,234,234,234,234,234,234,091,235,235,235,235,235,235,235,235,235,235,235,235,235,235,235,235,235,235,235,235,235,235,235,235,235,235,235,235,091,236,236,236,236,236,236,236,236,236,236,236,236,236,236,236,236,236,236,236,236,236,236,236,236,236,236,236,236,091,237,237,237,237,237,237,237,237,237,237,237,237,237,237,237,237,237,237,237,237,237,237,237,237,237,237,237,237,237,238,091,238,238,238,238,238,238,238,238,238,238,238,238,238,238,238,238,238,238,238,238,238,238,238,238,238,238,238,091,239,239,239,239,239,239,239,239,239,239,239,239,239,239,239,239,239,239,239,239,239,239,239,239,239,239,239,239,091,252,255
249,223,091,224,224,224,224,224,224,224,224,224,224,224,224,224,224,224,224,224,224,224,224,224,224,224,224,224,224,224,091,225,225,225,225,225,225,225,225,225,225,225,225,225,225,225,225,225,225,225,225,225,225,225,225,225,225,225,225,091,226,226,226,226,226,226,226,226,226,226,226,226,226,226,226,226,226,226,226,226,226,226,226,226,226,226,226,226,226,091,227,227,227,227,227,227,227,227,227,227,227,227,227,227,227,227,227,227,227,227,227,227,227,227,227,227,227,227,091,228,228,228,228,228,228,228,228,228,228,228,228,228,228,228,228,228,228,228,228,228,228,228,228,228,228,228,228,091,229,229,229,229,229,229,229,229,229,229,229,229,229,229,229,229,229,229,229,229,229,229,229,229,229,229,229,229,091,230,230,230,230,230,230,230,230,230,230,230,230,230,230,230,230,230,230,230,230,230,230,230,230,230,230,230,230,230,091,231,231,231,231,231,231,231,231,231,231,231,231,231,231,231,231,231,231,231,231,231,231,231,231,231,231,231,231,231,091,232,232,232,232,232,232,232,232,232,232,232,232,232,232,232,232,232,232,232,232,232,232,232,232,232,232,232,232,091,233,233,233,233,233,233,233,233,233,233,233,233,233,233,233,233,233,233,233,233,233,233,233,233,233,233,233,233,091,234,234,234,234,234,234,234,234,234,234,234,234,234,234,234,234,234,234,234,234,234,234,234,234,234,234,234,234,234,091,235,235,235,235,235,235,235,235,235,235,235,235,235,235,235,235,235,235,235,235,235,235,235,235,235,235,235,235,091,236,236,236,236,236,236,236,236,236,236,236,236,236,236,236,236,236,236,236,236,236,236,236,236,236,236,236,236,091,237,237,237,237,237,237,237,237,237,237,237,237,237,237,237,237,237,237,237,237,237,237,237,237,237,237,237,237,237,238,091,238,238,238,238,238,238,238,238,238,238,238,238,238,238,238,238,238,238,238,238,238,238,238,238,238,238,238,091,239,239,239,239,239,239,239,239,239,239,239,239,239,239,239,239,239,239,239,239,239,239,239,239,239,239,239,239,091,252,255
249,223,091,224,224,224,224,224,224,224,224,224,224,224,224,224,224,224,224,224,224,224,224,224,224,224,224,224,224,224,091,225,225,225,225,225,225,225,225,225,225,225,225,225,225,225,225,225,225,225,225,225,225,225,225,225,225,225,225,091,226,226,226,226,226,226,226,226,226,226,226,226,226,226,226,226,226,226,226,226,226,226,226,226,226,226,226,226,226,091,227,227,227,227,227,227,227,227,227,227,227,227,227,227,227,227,227,227,227,227,227,227,227,227,227,227,227,227,091,228,228,228,228,228,228,228,228,228,228,228,228,228,228,228,228,228,228,228,228,228,228,228,228,228,228,228,228,091,229,229,229,229,229,229,229,229,229,229,229,229,229,229,229,229,229,229,229,229,229,229,229,229,229,229,229,229,091,230,230,230,230,230,230,230,230,230,230,230,230,230,230,230,230,230,230,230,230,230,230,230,230,230,230,230,230,230,091,231,231,231,231,231,231,231,231,231,231,231,231,231,231,231,231,231,231,231,231,231,231,231,231,231,231,231,231,231,091,232,232,232,232,232,232,232,232,232,232,232,232,232,232,232,232,232,232,232,232,232,232,232,232,232,232,232,232,091,233,233,233,233,233,233,233,233,233,233,233,233,233,233,233,233,233,233,233,233,233,233,233,233,233,233,233,233,091,234,234,234,234,234,234,234,234,234,234,234,234,234,234,234,234,234,234,234,234,234,234,234,234,234,234,234,234,234,091,235,235,235,235,235,235,235,235,235,235,235,235,235,235,235,235,235,235,235,235,235,235,235,235,235,235,235,235,091,236,236,236,236,236,236,236,236,236,236,236,236,236,236,236,236,236,236,236,236,236,236,236,236,236,236,236,236,091,237,237,237,237,237,237,237,237,237,237,237,237,237,237,237,237,237,237,237,237,237,237,237,237,237,237,237,237,237,238,091,238,238,238,238,238,238,238,238,238,238,238,238,238,238,238,238,238,238,238,238,238,238,238,238,238,238,238,091,239,239,239,239,239,239,239,239,239,239,239,239,239,239,239,239,239,239,239,239,239,239,239,239,239,239,239,239,091,252,255
249,223,091,224,224,224,224,224,224,224,224,224,224,224,224,224,224,224,224,224,224,224,224,224,224,224,224,224,224,224,091,225,225,225,225,225,225,225,225,225,225,225,225,225,225,225,225,225,225,225,225,225,225,225,225,225,225,225,225,091,226,226,226,226,226,226,226,226,226,226,226,226,226,226,226,226,226,226,226,226,226,226,226,226,226,226,226,226,226,091,227,227,227,227,227,227,227,227,227,227,227,227,227,227,227,227,227,227,227,227,227,227,227,227,227,227,227,227,091,228,228,228,228,228,228,228,228,228,228,228,228,228,228,228,228,228,228,228,228,228,228,228,228,228,228,228,228,091,229,229,229,229,229,229,229,229,229,229,229,229,229,229,229,229,229,229,229,229,229,229,229,229,229,229,229,229,091,230,230,230,230,230,230,230,230,230,230,230,230,230,230,230,230,230,230,230,230,230,230,230,230,230,230,230,230,230,091,231,231,231,231,231,231,231,231,231,231,231,231,231,231,231,231,231,231,231,231,231,231,231,231,231,231,231,231,231,091,232,232,232,232,232,232,232,232,232,232,232,232,232,232,232,232,232,232,232,232,232,232,232,232,232,232,232,232,091,233,233,233,233,233,233,233,233,233,233,233,233,233,233,233,233,233,233,233,233,233,233,233,233,233,233,233,233,091,234,234,234,234,234,234,234,234,234,234,234,234,234,234,234,234,234,234,234,234,234,234,234,234,234,234,234,234,234,091,235,235,235,235,235,235,235,235,235,235,235,235,235,235,235,235,235,235,235,235,235,235,235,235,235,235,235,235,091,236,236,236,236,236,236,236,236,236,236,236,236,236,236,236,236,236,236,236,236,236,236,236,236,236,236,236,236,091,237,237,237,237,237,237,237,237,237,237,237,237,237,237,237,237,237,237,237,237,237,237,237,237,237,237,237,237,237,238,091,238,238,238,238,238,238,238,238,238,238,238,238,238,238,238,238,238,238,238,238,238,238,238,238,238,238,238,091,239,239,239,239,239,239,239,239,239,239,239,239,239,239,239,239,239,239,239,239,239,239,239,239,239,239,239,239,091,252,255
249,223,091,224,224,224,224,224,224,224,224,224,224,224,224,224,224,224,224,224,224,224,224,224,224,224,224,224,224,224,091,225,225,225,225,225,225,225,225,225,225,225,225,225,225,225,225,225,225,225,225,225,225,225,225,225,225,225,225,091,226,226,226,226,226,226,226,226,226,226,226,226,226,226,226,226,226,226,226,226,226,226,226,226,226,226,226,226,226,091,227,227,227,227,227,227,227,227,227,227,227,227,227,227,227,227,227,227,227,227,227,227,227,227,227,227,227,227,091,228,228,228,228,228,228,228,228,228,228,228,228,228,228,228,228,228,228,228,228,228,228,228,228,228,228,228,228,091,229,229,229,229,229,229,229,229,229,229,229,229,229,229,229,229,229,229,229,229,229,229,229,229,229,229,229,229,091,230,230,230,230,230,230,230,230,230,230,230,230,230,230,230,230,230,230,230,230,230,230,230,230,230,230,230,230,230,091,231,231,231,231,231,231,231,231,231,231,231,231,231,231,231,231,231,231,231,231,231,231,231,231,231,231,231,231,231,091,232,232,232,232,232,232,232,232,232,232,232,232,232,232,232,232,232,232,232,232,232,232,232,232,232,232,232,232,091,233,233,233,233,233,233,233,233,233,233,233,233,233,233,233,233,233,233,233,233,233,233,233,233,233,233,233,233,091,234,234,234,234,234,234,234,234,234,234,234,234,234,234,234,234,234,234,234,234,234,234,234,234,234,234,234,234,234,091,235,235,235,235,235,235,235,235,235,235,235,235,235,235,235,235,235,235,235,235,235,235,235,235,235,235,235,235,091,236,236,236,236,236,236,236,236,236,236,236,236,236,236,236,236,236,236,236,236,236,236,236,236,236,236,236,236,091,237,237,237,237,237,237,237,237,237,237,237,237,237,237,237,237,237,237,237,237,237,237,237,237,237,237,237,237,237,238,091,238,238,238,238,238,238,238,238,238,238,238,238,238,238,238,238,238,238,238,238,238,238,238,238,238,238,238,091,239,239,239,239,239,239,239,239,239,239,239,239,239,239,239,239,239,239,239,239,239,239,239,239,239,239,239,239,091,252,255
249,223,091,224,224,224,224,224,224,224,224,224,224,224,224,224,224,224,224,224,224,224,224,224,224,224,224,224,224,224,091,225,225,225,225,225,225,225,225,225,225,225,225,225,225,225,225,225,225,225,225,225,225,225,225,225,225,225,225,091,226,226,226,226,226,226,226,226,226,226,226,226,226,226,226,226,226,226,226,226,226,226,226,226,226,226,226,226,226,091,227,227,227,227,227,227,227,227,227,227,227,227,227,227,227,227,227,227,227,227,227,227,227,227,227,227,227,227,091,228,228,228,228,228,228,228,228,228,228,228,228,228,228,228,228,228,228,228,228,228,228,228,228,228,228,228,228,091,229,229,229,229,229,229,229,229,229,229,229,229,229,229,229,229,229,229,229,229,229,229,229,229,229,229,229,229,091,230,230,230,230,230,230,230,230,230,230,230,230,230,230,230,230,230,230,230,230,230,230,230,230,230,230,230,230,230,091,231,231,231,231,231,231,231,231,231,231,231,231,231,231,231,231,231,231,231,231,231,231,231,231,231,231,231,231,231,091,232,232,232,232,232,232,232,232,232,232,232,232,232,232,232,232,232,232,232,232,232,232,232,232,232,232,232,232,091,233,233,233,233,233,233,233,233,233,233,233,233,233,233,233,233,233,233,233,233,233,233,233,233,233,233,233,233,091,234,234,234,234,234,234,234,234,234,234,234,234,234,234,234,234,234,234,234,234,234,234,234,234,234,234,234,234,234,091,235,235,235,235,235,235,235,235,235,235,235,235,235,235,235,235,235,235,235,235,235,235,235,235,235,235,235,235,091,236,236,236,236,236,236,236,236,236,236,236,236,236,236,236,236,236,236,236,236,236,236,236,236,236,236,236,236,091,237,237,237,237,237,237,237,237,237,237,237,237,237,237,237,237,237,237,237,237,237,237,237,237,237,237,237,237,237,238,091,238,238,238,238,238,238,238,238,238,238,238,238,238,238,238,238,238,238,238,238,238,238,238,238,238,238,238,091,239,239,239,239,239,239,239,239,239,239,239,239,239,239,239,239,239,239,239,239,239,239,239,239,239,239,239,239,091,252,255
249,223,091,224,224,224,224,224,224,224,224,224,224,224,224,224,224,224,224,224,224,224,224,224,224,224,224,224,224,224,091,225,225,225,225,225,225,225,225,225,225,225,225,225,225,225,225,225,225,225,225,225,225,225,225,225,225,225,225,091,226,226,226,226,226,226,226,226,226,226,226,226,226,226,226,226,226,226,226,226,226,226,226,226,226,226,226,226,226,091,227,227,227,227,227,227,227,227,227,227,227,227,227,227,227,227,227,227,227,227,227,227,227,227,227,227,227,227,091,228,228,228,228,228,228,228,228,228,228,228,228,228,228,228,228,228,228,228,228,228,228,228,228,228,228,228,228,091,229,229,229,229,229,229,229,229,229,229,229,229,229,229,229,229,229,229,229,229,229,229,229,229,229,229,229,229,091,230,230,230,230,230,230,230,230,230,230,230,230,230,230,230,230,230,230,230,230,230,230,230,230,230,230,230,230,230,091,231,231,231,231,231,231,231,231,231,231,231,231,231,231,231,231,231,231,231,231,231,231,231,231,231,231,231,231,231,091,232,232,232,232,232,232,232,232,232,232,232,232,232,232,232,232,232,232,232,232,232,232,232,232,232,232,232,232,091,233,233,233,233,233,233,233,233,233,233,233,233,233,233,233,233,233,233,233,233,233,233,233,233,233,233,233,233,091,234,234,234,234,234,234,234,234,234,234,234,234,234,234,234,234,234,234,234,234,234,234,234,234,234,234,234,234,234,091,235,235,235,235,235,235,235,235,235,235,235,235,235,235,235,235,235,235,235,235,235,235,235,235,235,235,235,235,091,236,236,236,236,236,236,236,236,236,236,236,236,236,236,236,236,236,236,236,236,236,236,236,236,236,236,236,236,091,237,237,237,237,237,237,237,237,237,237,237,237,237,237,237,237,237,237,237,237,237,237,237,237,237,237,237,237,237,238,091,238,238,238,238,238,238,238,238,238,238,238,238,238,238,238,238,238,238,238,238,238,238,238,238,238,238,238,091,239,239,239,239,239,239,239,239,239,239,239,239,239,239,239,239,239,239,239,239,239,239,239,239,239,239,239,239,091,252,255
249,223,091,224,224,224,224,224,224,224,224,224,224,224,224,224,224,224,224,224,224,224,224,224,224,224,224,224,224,224,091,225,225,225,225,225,225,225,225,225,225,225,225,225,225,225,225,225,225,225,225,225,225,225,225,225,225,225,225,091,226,226,226,226,226,226,226,226,226,226,226,226,226,226,226,226,226,226,226,226,226,226,226,226,226,226,226,226,226,091,227,227,227,227,227,227,227,227,227,227,227,227,227,227,227,227,227,227,227,227,227,227,227,227,227,227,227,227,091,228,228,228,228,228,228,228,228,228,228,228,228,228,228,228,228,228,228,228,228,228,228,228,228,228,228,228,228,091,229,229,229,229,229,229,229,229,229,229,229,229,229,229,229,229,229,229,229,229,229,229,229,229,229,229,229,229,091,230,230,230,230,230,230,230,230,230,230,230,230,230,230,230,230,230,230,230,230,230,230,230,230,230,230,230,230,230,091,231,231,231,231,231,231,231,231,231,231,231,231,231,231,231,231,231,231,231,231,231,231,231,231,231,231,231,231,231,091,232,232,232,232,232,232,232,232,232,232,232,232,232,232,232,232,232,232,232,232,232,232,232,232,232,232,232,232,091,233,233,233,233,233,233,233,233,233,233,233,233,233,233,233,233,233,233,233,233,233,233,233,233,233,233,233,233,091,234,234,234,234,234,234,234,234,234,234,234,234,234,234,234,234,234,234,234,234,234,234,234,234,234,234,234,234,234,091,235,235,235,235,235,235,235,235,235,235,235,235,235,235,235,235,235,235,235,235,235,235,235,235,235,235,235,235,091,236,236,236,236,236,236,236,236,236,236,236,236,236,236,236,236,236,236,236,236,236,236,236,236,236,236,236,236,091,237,237,237,237,237,237,237,237,237,237,237,237,237,237,237,237,237,237,237,237,237,237,237,237,237,237,237,237,237,238,091,238,238,238,238,238,238,238,238,238,238,238,238,238,238,238,238,238,238,238,238,238,238,238,238,238,238,238,091,239,239,239,239,239,239,239,239,239,239,239,239,239,239,239,239,239,239,239,239,239,239,239,239,239,239,239,239,091,252,255
249,223,091,224,224,224,224,224,224,224,224,224,224,224,224,224,224,224,224,224,224,224,224,224,224,224,224,224,224,224,091,225,225,225,225,225,225,225,225,225,225,225,225,225,225,225,225,225,225,225,225,225,225,225,225,225,225,225,225,091,226,226,226,226,226,226,226,226,226,226,226,226,226,226,226,226,226,226,226,226,226,226,226,226,226,226,226,226,226,091,227,227,227,227,227,227,227,227,227,227,227,227,227,227,227,227,227,227,227,227,227,227,227,227,227,227,227,227,091,228,228,228,228,228,228,228,228,228,228,228,228,228,228,228,228,228,228,228,228,228,228,228,228,228,228,228,228,091,229,229,229,229,229,229,229,229,229,229,229,229,229,229,229,229,229,229,229,229,229,229,229,229,229,229,229,229,091,230,230,230,230,230,230,230,230,230,230,230,230,230,230,230,230,230,230,230,230,230,230,230,230,230,230,230,230,230,091,231,231,231,231,231,231,231,231,231,231,231,231,231,231,231,231,231,231,231,231,231,231,231,231,231,231,231,231,231,091,232,232,232,232,232,232,232,232,232,232,232,232,232,232,232,232,232,232,232,232,232,232,232,232,232,232,232,232,091,233,233,233,233,233,233,233,233,233,233,233,233,233,233,233,233,233,233,233,233,233,233,233,233,233,233,233,233,091,234,234,234,234,234,234,234,234,234,234,234,234,234,234,234,234,234,234,234,234,234,234,234,234,234,234,234,234,234,091,235,235,235,235,235,235,235,235,235,235,235,235,235,235,235,235,235,235,235,235,235,235,235,235,235,235,235,235,091,236,236,236,236,236,236,236,236,236,236,236,236,236,236,236,236,236,236,236,236,236,236,236,236,236,236,236,236,091,237,237,237,237,237,237,237,237,237,237,237,237,237,237,237,237,237,237,237,237,237,237,237,237,237,237,237,237,237,238,091,238,238,238,238,238,238,238,238,238,238,238,238,238,238,238,238,238,238,238,238,238,238,238,238,238,238,238,091,239,239,239,239,239,239,239,239,239,239,239,239,239,239,239,239,239,239,239,239,239,239,239,239,239,239,239,239,091,252,255
249,223,091,224,224,224,224,224,224,224,224,224,224,224,224,224,224,224,224,224,224,224,224,224,224,224,224,224,224,224,091,225,225,225,225,225,225,225,225,225,225,225,225,225,225,225,225,225,225,225,225,225,225,225,225,225,225,225,225,091,226,226,226,226,226,226,226,226,226,226,226,226,226,226,226,226,226,226,226,226,226,226,226,226,226,226,226,226,226,091,227,227,227,227,227,227,227,227,227,227,227,227,227,227,227,227,227,227,227,227,227,227,227,227,227,227,227,227,091,228,228,228,228,228,228,228,228,228,228,228,228,228,228,228,228,228,228,228,228,228,228,228,228,228,228,228,228,091,229,229,229,229,229,229,229,229,229,229,229,229,229,229,229,229,229,229,229,229,229,229,229,229,229,229,229,229,091,230,230,230,230,230,230,230,230,230,230,230,230,230,230,230,230,230,230,230,230,230,230,230,230,230,230,230,230,230,091,231,231,231,231,231,231,231,231,231,231,231,231,231,231,231,231,231,231,231,231,231,231,231,231,231,231,231,231,231,091,232,232,232,232,232,232,232,232,232,232,232,232,232,232,232,232,232,232,232,232,232,232,232,232,232,232,232,232,091,233,233,233,233,233,233,233,233,233,233,233,233,233,233,233,233,233,233,233,233,233,233,233,233,233,233,233,233,091,234,234,234,234,234,234,234,234,234,234,234,234,234,234,234,234,234,234,234,234,234,234,234,234,234,234,234,234,234,091,235,235,235,235,235,235,235,235,235,235,235,235,235,235,235,235,235,235,235,235,235,235,235,235,235,235,235,235,091,236,236,236,236,236,236,236,236,236,236,236,236,236,236,236,236,236,236,236,236,236,236,236,236,236,236,236,236,091,237,237,237,237,237,237,237,237,237,237,237,237,237,237,237,237,237,237,237,237,237,237,237,237,237,237,237,237,237,238,091,238,238,238,238,238,238,238,238,238,238,238,238,238,238,238,238,238,238,238,238,238,238,238,238,238,238,238,091,239,239,239,239,239,239,239,239,239,239,239,239,239,239,239,239,239,239,239,239,239,239,239,239,239,239,239,239,091,252,255
249,223,091,224,224,224,224,224,224,224,224,224,224,224,224,224,224,224,224,224,224,224,224,224,224,224,224,224,224,224,091,225,225,225,225,225,225,225,225,225,225,225,225,225,225,225,225,225,225,225,225,225,225,225,225,225,225,225,225,091,226,226,226,226,226,226,226,226,226,226,226,226,226,226,226,226,226,226,226,226,226,226,226,226,226,226,226,226,226,091,227,227,227,227,227,227,227,227,227,227,227,227,227,227,227,227,227,227,227,227,227,227,227,227,227,227,227,227,091,228,228,228,228,228,228,228,228,228,228,228,228,228,228,228,228,228,228,228,228,228,228,228,228,228,228,228,228,091,229,229,229,229,229,229,229,229,229,229,229,229,229,229,229,229,229,229,229,229,229,229,229,229,229,229,229,229,091,230,230,230,230,230,230,230,230,230,230,230,230,230,230,230,230,230,230,230,230,230,230,230,230,230,230,230,230,230,091,231,231,231,231,231,231,231,231,231,231,231,231,231,231,231,231,231,231,231,231,231,231,231,231,231,231,231,231,231,091,232,232,232,232,232,232,232,232,232,232,232,232,232,232,232,232,232,232,232,232,232,232,232,232,232,232,232,232,091,233,233,233,233,233,233,233,233,233,233,233,233,233,233,233,233,233,233,233,233,233,233,233,233,233,233,233,233,091,234,234,234,234,234,234,234,234,234,234,234,234,234,234,234,234,234,234,234,234,234,234,234,234,234,234,234,234,234,091,235,235,235,235,235,235,235,235,235,235,235,235,235,235,235,235,235,235,235,235,235,235,235,235,235,235,235,235,091,236,236,236,236,236,236,236,236,236,236,236,236,236,236,236,236,236,236,236,236,236,236,236,236,236,236,236,236,091,237,237,237,237,237,237,237,237,237,237,237,237,237,237,237,237,237,237,237,237,237,237,237,237,237,237,237,237,237,238,091,238,238,238,238,238,238,238,238,238,238,238,238,238,238,238,238,238,238,238,238,238,238,238,238,238,238,238,091,239,239,239,239,239,239,239,239,239,239,239,239,239,239,239,239,239,239,239,239,239,239,239,239,239,239,239,239,091,252,255
249,223,091,224,224,224,224,224,224,224,224,224,224,224,224,224,224,224,224,224,224,224,224,224,224,224,224,224,224,224,091,225,225,225,225,225,225,225,225,225,225,225,225,225,225,225,225,225,225,225,225,225,225,225,225,225,225,225,225,091,226,226,226,226,226,226,226,226,226,226,226,226,226,226,226,226,226,226,226,226,226,226,226,226,226,226,226,226,226,091,227,227,227,227,227,227,227,227,227,227,227,227,227,227,227,227,227,227,227,227,227,227,227,227,227,227,227,227,091,228,228,228,228,228,228,228,228,228,228,228,228,228,228,228,228,228,228,228,228,228,228,228,228,228,228,228,228,091,229,229,229,229,229,229,229,229,229,229,229,229,229,229,229,229,229,229,229,229,229,229,229,229,229,229,229,229,091,230,230,230,230,230,230,230,230,230,230,230,230,230,230,230,230,230,230,230,230,230,230,230,230,230,230,230,230,230,091,231,231,231,231,231,231,231,231,231,231,231,231,231,231,231,231,231,231,231,231,231,231,231,231,231,231,231,231,231,091,232,232,232,232,232,232,232,232,232,232,232,232,232,232,232,232,232,232,232,232,232,232,232,232,232,232,232,232,091,233,233,233,233,233,233,233,233,233,233,233,233,233,233,233,233,233,233,233,233,233,233,233,233,233,233,233,233,091,234,234,234,234,234,234,234,234,234,234,234,234,234,234,234,234,234,234,234,234,234,234,234,234,234,234,234,234,234,091,235,235,235,235,235,235,235,235,235,235,235,235,235,235,235,235,235,235,235,235,235,235,235,235,235,235,235,235,091,236,236,236,236,236,236,236,236,236,236,236,236,236,236,236,236,236,236,236,236,236,236,236,236,236,236,236,236,091,237,237,237,237,237,237,237,237,237,237,237,237,237,237,237,237,237,237,237,237,237,237,237,237,237,237,237,237,237,238,091,238,238,238,238,238,238,238,238,238,238,238,238,238,238,238,238,238,238,238,238,238,238,238,238,238,238,238,091,239,239,239,239,239,239,239,239,239,239,239,239,239,239,239,239,239,239,239,239,239,239,239,239,239,239,239,239,091,252,255
249,223,091,224,224,224,224,224,224,224,224,224,224,224,224,224,224,224,224,224,224,224,224,224,224,224,224,224,224,224,091,225,225,225,225,225,225,225,225,225,225,225,225,225,225,225,225,225,225,225,225,225,225,225,225,225,225,225,225,091,226,226,226,226,226,226,226,226,226,226,226,226,226,226,226,226,226,226,226,226,226,226,226,226,226,226,226,226,226,091,227,227,227,227,227,227,227,227,227,227,227,227,227,227,227,227,227,227,227,227,227,227,227,227,227,227,227,227,091,228,228,228,228,228,228,228,228,228,228,228,228,228,228,228,228,228,228,228,228,228,228,228,228,228,228,228,228,091,229,229,229,229,229,229,229,229,229,229,229,229,229,229,229,229,229,229,229,229,229,229,229,229,229,229,229,229,091,230,230,230,230,230,230,230,230,230,230,230,230,230,230,230,230,230,230,230,230,230,230,230,230,230,230,230,230,230,091,231,231,231,231,231,231,231,231,231,231,231,231,231,231,231,231,231,231,231,231,231,231,231,231,231,231,231,231,231,091,232,232,232,232,232,232,232,232,232,232,232,232,232,232,232,232,232,232,232,232,232,232,232,232,232,232,232,232,091,233,233,233,233,233,233,233,233,233,233,233,233,233,233,233,233,233,233,233,233,233,233,233,233,233,233,233,233,091,234,234,234,234,234,234,234,234,234,234,234,234,234,234,234,234,234,234,234,234,234,234,234,234,234,234,234,234,234,091,235,235,235,235,235,235,235,235,235,235,235,235,235,235,235,235,235,235,235,235,235,235,235,235,235,235,235,235,091,236,236,236,236,236,236,236,236,236,236,236,236,236,236,236,236,236,236,236,236,236,236,236,236,236,236,236,236,091,237,237,237,237,237,237,237,237,237,237,237,237,237,237,237,237,237,237,237,237,237,237,237,237,237,237,237,237,237,238,091,238,238,238,238,238,238,238,238,238,238,238,238,238,238,238,238,238,238,238,238,238,238,238,238,238,238,238,091,239,239,239,239,239,239,239,239,239,239,239,239,239,239,239,239,239,239,239,239,239,239,239,239,239,239,239,239,091,252,255
249,223,091,224,224,224,224,224,224,224,224,224,224,224,224,224,224,224,224,224,224,224,224,224,224,224,224,224,224,224,091,225,225,225,225,225,225,225,225,225,225,225,225,225,225,225,225,225,225,225,225,225,225,225,225,225,225,225,225,091,226,226,226,226,226,226,226,226,226,226,226,226,226,226,226,226,226,226,226,226,226,226,226,226,226,226,226,226,226,091,227,227,227,227,227,227,227,227,227,227,227,227,227,227,227,227,227,227,227,227,227,227,227,227,227,227,227,227,091,228,228,228,228,228,228,228,228,228,228,228,228,228,228,228,228,228,228,228,228,228,228,228,228,228,228,228,228,091,229,229,229,229,229,229,229,229,229,229,229,229,229,229,229,229,229,229,229,229,229,229,229,229,229,229,229,229,091,230,230,230,230,230,230,230,230,230,230,230,230,230,230,230,230,230,230,230,230,230,230,230,230,230,230,230,230,230,091,231,231,231,231,231,231,231,231,231,231,231,231,231,231,231,231,231,231,231,231,231,231,231,231,231,231,231,231,231,091,232,232,232,232,232,232,232,232,232,232,232,232,232,232,232,232,232,232,232,232,232,232,232,232,232,232,232,232,091,233,233,233,233,233,233,233,233,233,233,233,233,233,233,233,233,233,233,233,233,233,233,233,233,233,233,233,233,091,234,234,234,234,234,234,234,234,234,234,234,234,234,234,234,234,234,234,234,234,234,234,234,234,234,234,234,234,234,091,235,235,235,235,235,235,235,235,235,235,235,235,235,235,235,235,235,235,235,235,235,235,235,235,235,235,235,235,091,236,236,236,236,236,236,236,236,236,236,236,236,236,236,236,236,236,236,236,236,236,236,236,236,236,236,236,236,091,237,237,237,237,237,237,237,237,237,237,237,237,237,237,237,237,237,237,237,237,237,237,237,237,237,237,237,237,237,238,091,238,238,238,238,238,238,238,238,238,238,238,238,238,238,238,238,238,238,238,238,238,238,238,238,238,238,238,091,239,239,239,239,239,239,239,239,239,239,239,239,239,239,239,239,239,239,239,239,239,239,239,239,239,239,239,239,091,252,255
249,223,091,224,224,224,224,224,224,224,224,224,224,224,224,224,224,224,224,224,224,224,224,224,224,224,224,224,224,224,091,225,225,225,225,225,225,225,225,225,225,225,225,225,225,225,225,225,225,225,225,225,225,225,225,225,225,225,225,091,226,226,226,226,226,226,226,226,226,226,226,226,226,226,226,226,226,226,226,226,226,226,226,226,226,226,226,226,226,091,227,227,227,227,227,227,227,227,227,227,227,227,227,227,227,227,227,227,227,227,227,227,227,227,227,227,227,227,091,228,228,228,228,228,228,228,228,228,228,228,228,228,228,228,228,228,228,228,228,228,228,228,228,228,228,228,228,091,229,229,229,229,229,229,229,229,229,229,229,229,229,229,229,229,229,229,229,229,229,229,229,229,229,229,229,229,091,230,230,230,230,230,230,230,230,230,230,230,230,230,230,230,230,230,230,230,230,230,230,230,230,230,230,230,230,230,091,231,231,231,231,231,231,231,231,231,231,231,231,231,231,231,231,231,231,231,231,231,231,231,231,231,231,231,231,231,091,232,232,232,232,232,232,232,232,232,232,232,232,232,232,232,232,232,232,232,232,232,232,232,232,232,232,232,232,091,233,233,233,233,233,233,233,233,233,233,233,233,233,233,233,233,233,233,233,233,233,233,233,233,233,233,233,233,091,234,234,234,234,234,234,234,234,234,234,234,234,234,234,234,234,234,234,234,234,234,234,234,234,234,234,234,234,234,091,235,235,235,235,235,235,235,235,235,235,235,235,235,235,235,235,235,235,235,235,235,235,235,235,235,235,235,235,091,236,236,236,236,236,236,236,236,236,236,236,236,236,236,236,236,236,236,236,236,236,236,236,236,236,236,236,236,091,237,237,237,237,237,237,237,237,237,237,237,237,237,237,237,237,237,237,237,237,237,237,237,237,237,237,237,237,237,238,091,238,238,238,238,238,238,238,238,238,238,238,238,238,238,238,238,238,238,238,238,238,238,238,238,238,238,238,091,239,239,239,239,239,239,239,239,239,239,239,239,239,239,239,239,239,239,239,239,239,239,239,239,239,239,239,239,091,252,255
249,223,091,224,224,224,224,224,224,224,224,224,224,224,224,224,224,224,224,224,224,224,224,224,224,224,224,224,224,224,091,225,225,225,225,225,225,225,225,225,225,225,225,225,225,225,225,225,225,225,225,225,225,225,225,225,225,225,225,091,226,226,226,226,226,226,226,226,226,226,226,226,226,226,226,226,226,226,226,226,226,226,226,226,226,226,226,226,226,091,227,227,227,227,227,227,227,227,227,227,227,227,227,227,227,227,227,227,227,227,227,227,227,227,227,227,227,227,091,228,228,228,228,228,228,228,228,228,228,228,228,228,228,228,228,228,228,228,228,228,228,228,228,228,228,228,228,091,229,229,229,229,229,229,229,229,229,229,229,229,229,229,229,229,229,229,229,229,229,229,229,229,229,229,229,229,091,230,230,230,230,230,230,230,230,230,230,230,230,230,230,230,230,230,230,230,230,230,230,230,230,230,230,230,230,230,091,231,231,231,231,231,231,231,231,231,231,231,231,231,231,231,231,231,231,231,231,231,231,231,231,231,231,231,231,231,091,232,232,232,232,232,232,232,232,232,232,232,232,232,232,232,232,232,232,232,232,232,232,232,232,232,232,232,232,091,233,233,233,233,233,233,233,233,233,233,233,233,233,233,233,233,233,233,233,233,233,233,233,233,233,233,233,233,091,234,234,234,234,234,234,234,234,234,234,234,234,234,234,234,234,234,234,234,234,234,234,234,234,234,234,234,234,234,091,235,235,235,235,235,235,235,235,235,235,235,235,235,235,235,235,235,235,235,235,235,235,235,235,235,235,235,235,091,236,236,236,236,236,236,236,236,236,236,236,236,236,236,236,236,236,236,236,236,236,236,236,236,236,236,236,236,091,237,237,237,237,237,237,237,237,237,237,237,237,237,237,237,237,237,237,237,237,237,237,237,237,237,237,237,237,237,238,091,238,238,238,238,238,238,238,238,238,238,238,238,238,238,238,238,238,238,238,238,238,238,238,238,238,238,238,091,239,239,239,239,239,239,239,239,239,239,239,239,239,239,239,239,239,239,239,239,239,239,239,239,239,239,239,239,091,252,255
249,223,091,224,224,224,224,224,224,224,224,224,224,224,224,224,224,224,224,224,224,224,224,224,224,224,224,224,224,224,091,225,225,225,225,225,225,225,225,225,225,225,225,225,225,225,225,225,225,225,225,225,225,225,225,225,225,225,225,091,226,226,226,226,226,226,226,226,226,226,226,226,226,226,226,226,226,226,226,226,226,226,226,226,226,226,226,226,226,091,227,227,227,227,227,227,227,227,227,227,227,227,227,227,227,227,227,227,227,227,227,227,227,227,227,227,227,227,091,228,228,228,228,228,228,228,228,228,228,228,228,228,228,228,228,228,228,228,228,228,228,228,228,228,228,228,228,091,229,229,229,229,229,229,229,229,229,229,229,229,229,229,229,229,229,229,229,229,229,229,229,229,229,229,229,229,091,230,230,230,230,230,230,230,230,230,230,230,230,230,230,230,230,230,230,230,230,230,230,230,230,230,230,230,230,230,091,231,231,231,231,231,231,231,231,231,231,231,231,231,231,231,231,231,231,231,231,231,231,231,231,231,231,231,231,231,091,232,232,232,232,232,232,232,232,232,232,232,232,232,232,232,232,232,232,232,232,232,232,232,232,232,232,232,232,091,233,233,233,233,233,233,233,233,233,233,233,233,233,233,233,233,233,233,233,233,233,233,233,233,233,233,233,233,091,234,234,234,234,234,234,234,234,234,234,234,234,234,234,234,234,234,234,234,234,234,234,234,234,234,234,234,234,234,091,235,235,235,235,235,235,235,235,235,235,235,235,235,235,235,235,235,235,235,235,235,235,235,235,235,235,235,235,091,236,236,236,236,236,236,236,236,236,236,236,236,236,236,236,236,236,236,236,236,236,236,236,236,236,236,236,236,091,237,237,237,237,237,237,237,237,237,237,237,237,237,237,237,237,237,237,237,237,237,237,237,237,237,237,237,237,237,238,091,238,238,238,238,238,238,238,238,238,238,238,238,238,238,238,238,238,238,238,238,238,238,238,238,238,238,238,091,239,239,239,239,239,239,239,239,239,239,239,239,239,239,239,239,239,239,239,239,239,239,239,239,239,239,239,239,091,252,255
249,223,091,224,224,224,224,224,224,224,224,224,224,224,224,224,224,224,224,224,224,224,224,224,224,224,224,224,224,224,091,225,225,225,225,225,225,225,225,225,225,225,225,225,225,225,225,225,225,225,225,225,225,225,225,225,225,225,225,091,226,226,226,226,226,226,226,226,226,226,226,226,226,226,226,226,226,226,226,226,226,226,226,226,226,226,226,226,226,091,227,227,227,227,227,227,227,227,227,227,227,227,227,227,227,227,227,227,227,227,227,227,227,227,227,227,227,227,091,228,228,228,228,228,228,228,228,228,228,228,228,228,228,228,228,228,228,228,228,228,228,228,228,228,228,228,228,091,229,229,229,229,229,229,229,229,229,229,229,229,229,229,229,229,229,229,229,229,229,229,229,229,229,229,229,229,091,230,230,230,230,230,230,230,230,230,230,230,230,230,230,230,230,230,230,230,230,230,230,230,230,230,230,230,230,230,091,231,231,231,231,231,231,231,231,231,231,231,231,231,231,231,231,231,231,231,231,231,231,231,231,231,231,231,231,231,091,232,232,232,232,232,232,232,232,232,232,232,232,232,232,232,232,232,232,232,232,232,232,232,232,232,232,232,232,091,233,233,233,233,233,233,233,233,233,233,233,233,233,233,233,233,233,233,233,233,233,233,233,233,233,233,233,233,091,234,234,234,234,234,234,234,234,234,234,234,234,234,234,234,234,234,234,234,234,234,234,234,234,234,234,234,234,234,091,235,235,235,235,235,235,235,235,235,235,235,235,235,235,235,235,235,235,235,235,235,235,235,235,235,235,235,235,091,236,236,236,236,236,236,236,236,236,236,236,236,236,236,236,236,236,236,236,236,236,236,236,236,236,236,236,236,091,237,237,237,237,237,237,237,237,237,237,237,237,237,237,237,237,237,237,237,237,237,237,237,237,237,237,237,237,237,238,091,238,238,238,238,238,238,238,238,238,238,238,238,238,238,238,238,238,238,238,238,238,238,238,238,238,238,238,091,239,239,239,239,239,239,239,239,239,239,239,239,239,239,239,239,239,239,239,239,239,239,239,239,239,239,239,239,091,252,255
249,223,091,224,224,224,224,224,224,224,224,224,224,224,224,224,224,224,224,224,224,224,224,224,224,224,224,224,224,224,091,225,225,225,225,225,225,225,225,225,225,225,225,225,225,225,225,225,225,225,225,225,225,225,225,225,225,225,225,091,226,226,226,226,226,226,226,226,226,226,226,226,226,226,226,226,226,226,226,226,226,226,226,226,226,226,226,226,226,091,227,227,227,227,227,227,227,227,227,227,227,227,227,227,227,227,227,227,227,227,227,227,227,227,227,227,227,227,091,228,228,228,228,228,228,228,228,228,228,228,228,228,228,228,228,228,228,228,228,228,228,228,228,228,228,228,228,091,229,229,229,229,229,229,229,229,229,229,229,229,229,229,229,229,229,229,229,229,229,229,229,229,229,229,229,229,091,230,230,230,230,230,230,230,230,230,230,230,230,230,230,230,230,230,230,230,230,230,230,230,230,230,230,230,230,230,091,231,231,231,231,231,231,231,231,231,231,231,231,231,231,231,231,231,231,231,231,231,231,231,231,231,231,231,231,231,091,232,232,232,232,232,232,232,232,232,232,232,232,232,232,232,232,232,232,232,232,232,232,232,232,232,232,232,232,091,233,233,233,233,233,233,233,233,233,233,233,233,233,233,233,233,233,233,233,233,233,233,233,233,233,233,233,233,091,234,234,234,234,234,234,234,234,234,234,234,234,234,234,234,234,234,234,234,234,234,234,234,234,234,234,234,234,234,091,235,235,235,235,235,235,235,235,235,235,235,235,235,235,235,235,235,235,235,235,235,235,235,235,235,235,235,235,091,236,236,236,236,236,236,236,236,236,236,236,236,236,236,236,236,236,236,236,236,236,236,236,236,236,236,236,236,091,237,237,237,237,237,237,237,237,237,237,237,237,237,237,237,237,237,237,237,237,237,237,237,237,237,237,237,237,237,238,091,238,238,238,238,238,238,238,238,238,238,238,238,238,238,238,238,238,238,238,238,238,238,238,238,238,238,238,091,239,239,239,239,239,239,239,239,239,239,239,239,239,239,239,239,239,239,239,239,239,239,239,239,239,239,239,239,091,252,255
249,223,091,224,224,224,224,224,224,224,224,224,224,224,224,224,224,224,224,224,224,224,224,224,224,224,224,224,224,224,091,225,225,225,225,225,225,225,225,225,225,225,225,225,225,225,225,225,225,225,225,225,225,225,225,225,225,225,225,091,226,226,226,226,226,226,226,226,226,226,226,226,226,226,226,226,226,226,226,226,226,226,226,226,226,226,226,226,226,091,227,227,227,227,227,227,227,227,227,227,227,227,227,227,227,227,227,227,227,227,227,227,227,227,227,227,227,227,091,228,228,228,228,228,228,228,228,228,228,228,228,228,228,228,228,228,228,228,228,228,228,228,228,228,228,228,228,091,229,229,229,229,229,229,229,229,229,229,229,229,229,229,229,229,229,229,229,229,229,229,229,229,229,229,229,229,091,230,230,230,230,230,230,230,230,230,230,230,230,230,230,230,230,230,230,230,230,230,230,230,230,230,230,230,230,230,091,231,231,231,231,231,231,231,231,231,231,231,231,231,231,231,231,231,231,231,231,231,231,231,231,231,231,231,231,231,091,232,232,232,232,232,232,232,232,232,232,232,232,232,232,232,232,232,232,232,232,232,232,232,232,232,232,232,232,091,233,233,233,233,233,233,233,233,233,233,233,233,233,233,233,233,233,233,233,233,233,233,233,233,233,233,233,233,091,234,234,234,234,234,234,234,234,234,234,234,234,234,234,234,234,234,234,234,234,234,234,234,234,234,234,234,234,234,091,235,235,235,235,235,235,235,235,235,235,235,235,235,235,235,235,235,235,235,235,235,235,235,235,235,235,235,235,091,236,236,236,236,236,236,236,236,236,236,236,236,236,236,236,236,236,236,236,236,236,236,236,236,236,236,236,236,091,237,237,237,237,237,237,237,237,237,237,237,237,237,237,237,237,237,237,237,237,237,237,237,237,237,237,237,237,237,238,091,238,238,238,238,238,238,238,238,238,238,238,238,238,238,238,238,238,238,238,238,238,238,238,238,238,238,238,091,239,239,239,239,239,239,239,239,239,239,239,239,239,239,239,239,239,239,239,239,239,239,239,239,239,239,239,239,091,252,255
250,223,091,224,224,224,224,224,224,224,224,224,224,224,224,224,224,224,224,224,224,224,224,224,224,224,224,224,224,224,091,225,225,225,225,225,225,225,225,225,225,225,225,225,225,225,225,225,225,225,225,225,225,225,225,225,225,225,225,091,226,226,226,226,226,226,226,226,226,226,226,226,226,226,226,226,226,226,226,226,226,226,226,226,226,226,226,226,226,091,227,227,227,227,227,227,227,227,227,227,227,227,227,227,227,227,227,227,227,227,227,227,227,227,227,227,227,227,091,228,228,228,228,228,228,228,228,228,228,228,228,228,228,228,228,228,228,228,228,228,228,228,228,228,228,228,228,091,229,229,229,229,229,229,229,229,229,229,229,229,229,229,229,229,229,229,229,229,229,229,229,229,229,229,229,229,091,230,230,230,230,230,230,230,230,230,230,230,230,230,230,230,230,230,230,230,230,230,230,230,230,230,230,230,230,230,091,231,231,231,231,231,231,231,231,231,231,231,231,231,231,231,231,231,231,231,231,231,231,231,231,231,231,231,231,231,091,232,232,232,232,232,232,232,232,232,232,232,232,232,232,232,232,232,232,232,232,232,232,232,232,232,232,232,232,091,233,233,233,233,233,233,233,233,233,233,233,233,233,233,233,233,233,233,233,233,233,233,233,233,233,233,233,233,091,234,234,234,234,234,234,234,234,234,234,234,234,234,234,234,234,234,234,234,234,234,234,234,234,234,234,234,234,234,091,235,235,235,235,235,235,235,235,235,235,235,235,235,235,235,235,235,235,235,235,235,235,235,235,235,235,235,235,091,236,236,236,236,236,236,236,236,236,236,236,236,236,236,236,236,236,236,236,236,236,236,236,236,236,236,236,236,091,237,237,237,237,237,237,237,237,237,237,237,237,237,237,237,237,237,237,237,237,237,237,237,237,237,237,237,237,237,238,091,238,238,238,238,238,238,238,238,238,238,238,238,238,238,238,238,238,238,238,238,238,238,238,238,238,238,238,091,239,239,239,239,239,239,239,239,239,239,239,239,239,239,239,239,239,239,239,239,239,239,239,239,239,239,239,239,091,253,255
255,225,091,223,223,223,223,223,223,223,223,223,223,223,223,223,223,223,223,223,223,223,223,223,223,223,223,223,223,223,091,224,224,224,224,224,224,224,224,224,224,224,224,224,224,224,224,224,224,224,224,224,224,224,224,224,224,224,224,091,225,225,225,225,225,225,225,225,225,225,225,225,225,225,225,225,225,225,225,225,225,225,225,225,225,225,225,225,225,091,226,226,226,226,226,226,226,226,226,226,226,226,226,226,226,226,226,226,226,226,226,226,226,226,226,226,226,226,091,227,227,227,227,227,227,227,227,227,227,227,227,227,227,227,227,227,227,227,227,227,227,227,227,227,227,227,227,091,228,228,228,228,228,228,228,228,228,228,228,228,228,228,228,228,228,228,228,228,228,228,228,228,228,228,228,228,091,229,229,229,229,229,229,229,229,229,229,229,229,229,229,229,229,229,229,229,229,229,229,229,229,229,229,229,229,229,091,230,230,230,230,230,230,230,230,230,230,230,230,230,230,230,230,230,230,230,230,230,230,230,230,230,230,230,230,230,091,231,231,231,231,231,231,231,231,231,231,231,231,231,231,231,231,231,231,231,231,231,231,231,231,231,231,231,231,091,232,232,232,232,232,232,232,232,232,232,232,232,232,232,232,232,232,232,232,232,232,232,232,232,232,232,232,232,091,233,233,233,233,233,233,233,233,233,233,233,233,233,233,233,233,233,233,233,233,233,233,233,233,233,233,233,233,233,091,234,234,234,234,234,234,234,234,234,234,234,234,234,234,234,234,234,234,234,234,234,234,234,234,234,234,234,234,091,235,235,235,235,235,235,235,235,235,235,235,235,235,235,235,235,235,235,235,235,235,235,235,235,235,235,235,235,091,236,236,236,236,236,236,236,236,236,236,236,236,236,236,236,236,236,236,236,236,236,236,236,236,236,236,236,236,236,237,091,237,237,237,237,237,237,237,237,237,237,237,237,237,237,237,237,237,237,237,237,237,237,237,237,237,237,237,091,238,238,238,238,238,238,238,238,238,238,238,238,238,238,238,238,238,238,238,238,238,238,238,238,238,238,238,238,091,255,255
075,230,091,227,227,227,227,227,227,227,227,227,227,227,227,227,227,227,227,227,227,227,227,227,227,227,227,227,227,227,091,228,228,228,228,228,228,228,228,228,228,228,228,228,228,228,228,228,228,228,228,228,228,228,228,228,228,228,228,091,229,229,229,229,229,229,229,229,229,229,229,229,229,229,229,229,229,229,229,229,229,229,229,229,229,229,229,229,229,091,230,230,230,230,230,230,230,230,230,230,230,230,230,230,230,230,230,230,230,230,230,230,230,230,230,230,230,230,091,231,231,231,231,231,231,231,231,231,231,231,231,231,231,231,231,231,231,231,231,231,231,231,231,231,231,231,231,091,232,232,232,232,232,232,232,232,232,232,232,232,232,232,232,232,232,232,232,232,232,232,232,232,232,232,232,232,091,233,233,233,233,233,233,233,233,233,233,233,233,233,233,233,233,233,233,233,233,233,233,233,233,233,233,233,233,233,091,234,234,234,234,234,234,234,234,234,234,234,234,234,234,234,234,234,234,234,234,234,234,234,234,234,234,234,234,234,091,235,235,235,235,235,235,235,235,235,235,235,235,235,235,235,235,235,235,235,235,235,235,235,235,235,235,235,235,091,236,236,236,236,236,236,236,236,236,236,236,236,236,236,236,236,236,236,236,236,236,236,236,236,236,236,236,236,091,237,237,237,237,237,237,237,237,237,237,237,237,237,237,237,237,237,237,237,237,237,237,237,237,237,237,237,237,237,091,238,238,238,238,238,238,238,238,238,238,238,238,238,238,238,238,238,238,238,238,238,238,238,238,238,238,238,238,091,239,239,239,239,239,239,239,239,239,239,239,239,239,239,239,239,239,239,239,239,239,239,239,239,239,239,239,239,091,240,240,240,240,240,240,240,240,240,240,240,240,240,240,240,240,240,240,240,240,240,240,240,240,240,240,240,240,240,241,091,241,241,241,241,241,241,241,241,241,241,241,241,241,241,241,241,241,241,241,241,241,241,241,241,241,241,241,091,242,242,242,242,242,242,242,242,242,242,242,242,242,242,242,242,242,242,242,242,242,242,242,242,242,242,242,243,091,078,026
120,244,091,091,091,091,091,091,091,091,091,091,091,091,091,091,091,091,091,091,091,091,091,091,091,091,091,091,091,091,091,091,091,091,091,091,091,091,091,091,091,091,091,091,091,091,091,091,091,091,091,091,091,091,091,091,091,091,091,091,091,091,091,091,091,091,091,091,091,091,091,091,091,091,091,091,091,091,091,091,091,091,091,091,091,091,091,091,091,091,091,091,091,091,091,091,091,091,091,091,091,091,091,091,091,091,091,091,091,091,091,091,091,091,091,091,091,091,091,091,091,091,091,091,091,091,091,091,091,091,091,091,091,091,091,091,091,091,091,091,091,091,091,091,091,091,091,091,091,091,091,091,091,091,091,091,091,091,091,091,091,091,091,091,091,091,091,091,091,091,091,091,091,091,091,091,091,091,091,091,091,091,091,091,091,091,091,091,091,091,091,091,091,091,091,091,091,091,091,091,091,091,091,091,091,091,091,091,091,091,091,091,091,091,091,091,091,091,091,091,091,091,091,091,091,091,091,091,091,091,091,091,091,091,091,091,091,091,091,091,091,091,091,091,091,091,091,091,091,091,091,091,091,091,091,091,091,091,091,091,091,091,091,091,091,091,091,091,091,091,091,091,091,091,091,091,091,091,091,091,091,091,091,091,091,091,091,091,091,091,091,091,091,091,091,091,091,091,091,091,091,091,091,091,091,091,091,091,091,091,091,091,091,091,091,091,091,091,091,091,091,091,091,091,091,091,091,091,091,091,091,091,091,091,091,091,091,091,091,091,091,091,091,091,091,091,091,091,091,091,091,091,091,091,091,091,091,091,091,091,091,091,091,091,091,091,091,091,091,091,091,091,091,091,091,091,091,091,091,091,091,091,091,091,091,091,091,091,091,091,091,091,091,091,091,091,091,091,091,091,091,091,091,091,091,091,091,091,091,091,091,091,091,091,091,091,091,091,091,091,091,091,091,091,091,091,091,091,091,091,091,091,091,091,091,091,091,091,091,091,091,091,091,091,091,091,091,091,091,091,091,091,091,091,091,091,091,091,091,091,091,091,091,091,091,091,091,091,091,091,091,123,082
255,242,091,240,240,240,240,240,240,240,240,240,240,240,240,240,240,240,240,240,240,240,240,240,240,240,240,240,240,240,091,241,241,241,241,241,241,241,241,241,241,241,241,241,241,241,241,241,241,241,241,241,241,241,241,241,241,241,241,091,242,242,242,242,242,242,242,242,242,242,242,242,242,242,242,242,242,242,242,242,242,242,242,242,242,242,242,242,242,091,243,243,243,243,243,243,243,243,243,243,243,243,243,243,243,243,243,243,243,243,243,243,243,243,243,243,243,243,091,244,244,244,244,244,244,244,244,244,244,244,244,244,244,244,244,244,244,244,244,244,244,244,244,244,244,244,244,091,245,245,245,245,245,245,245,245,245,245,245,245,245,245,245,245,245,245,245,245,245,245,245,245,245,245,245,245,091,246,246,246,246,246,246,246,246,246,246,246,246,246,246,246,246,246,246,246,246,246,246,246,246,246,246,246,246,246,091,247,247,247,247,247,247,247,247,247,247,247,247,247,247,247,247,247,247,247,247,247,247,247,247,247,247,247,247,247,091,248,248,248,248,248,248,248,248,248,248,248,248,248,248,248,248,248,248,248,248,248,248,248,248,248,248,248,248,091,249,249,249,249,249,249,249,249,249,249,249,249,249,249,249,249,249,249,249,249,249,249,249,249,249,249,249,249,091,250,250,250,250,250,250,250,250,250,250,250,250,250,250,250,250,250,250,250,250,250,250,250,250,250,250,250,250,250,091,251,251,251,251,251,251,251,251,251,251,251,251,251,251,251,251,251,251,251,251,251,251,251,251,251,251,251,251,091,252,252,252,252,252,252,252,252,252,252,252,252,252,252,252,252,252,252,252,252,252,252,252,252,252,252,252,252,091,253,253,253,253,253,253,253,253,253,253,253,253,253,253,253,253,253,253,253,253,253,253,253,253,253,253,253,253,253,254,091,254,254,254,254,254,254,254,254,254,254,254,254,254,254,254,254,254,254,254,254,254,254,254,254,254,254,254,091,255,255,255,255,255,255,255,255,255,255,255,255,255,255,255,255,255,255,255,255,255,255,255,255,255,255,255,255,091,255,255
252,239,091,240,240,240,240,240,240,240,240,240,240,240,240,240,240,240,240,240,240,240,240,240,240,240,240,240,240,240,091,241,241,241,241,241,241,241,241,241,241,241,241,241,241,241,241,241,241,241,241,241,241,241,241,241,241,241,241,091,242,242,242,242,242,242,242,242,242,242,242,242,242,242,242,242,242,242,242,242,242,242,242,242,242,242,242,242,242,091,243,243,243,243,243,243,243,243,243,243,243,243,243,243,243,243,243,243,243,243,243,243,243,243,243,243,243,243,091,244,244,244,244,244,244,244,244,244,244,244,244,244,244,244,244,244,244,244,244,244,244,244,244,244,244,244,244,091,245,245,245,245,245,245,245,245,245,245,245,245,245,245,245,245,245,245,245,245,245,245,245,245,245,245,245,245,091,246,246,246,246,246,246,246,246,246,246,246,246,246,246,246,246,246,246,246,246,246,246,246,246,246,246,246,246,246,091,247,247,247,247,247,247,247,247,247,247,247,247,247,247,247,247,247,247,247,247,247,247,247,247,247,247,247,247,247,091,248,248,248,248,248,248,248,248,248,248,248,248,248,248,248,248,248,248,248,248,248,248,248,248,248,248,248,248,091,249,249,249,249,249,249,249,249,249,249,249,249,249,249,249,249,249,249,249,249,249,249,249,249,249,249,249,249,091,250,250,250,250,250,250,250,250,250,250,250,250,250,250,250,250,250,250,250,250,250,250,250,250,250,250,250,250,250,091,251,251,251,251,251,251,251,251,251,251,251,251,251,251,251,251,251,251,251,251,251,251,251,251,251,251,251,251,091,252,252,252,252,252,252,252,252,252,252,252,252,252,252,252,252,252,252,252,252,252,252,252,252,252,252,252,252,091,253,253,253,253,253,253,253,253,253,253,253,253,253,253,253,253,253,253,253,253,253,253,253,253,253,253,253,253,253,254,091,254,254,254,254,254,254,254,254,254,254,254,254,254,254,254,254,254,254,254,254,254,254,254,254,254,254,254,091,255,255,255,255,255,255,255,255,255,255,255,255,255,255,255,255,255,255,255,255,255,255,255,255,255,255,255,255,091,255,255
252,239,091,240,240,240,240,240,240,240,240,240,240,240,240,240,240,240,240,240,240,240,240,240,240,240,240,240,240,240,091,241,241,241,241,241,241,241,241,241,241,241,241,241,241,241,241,241,241,241,241,241,241,241,241,241,241,241,241,091,242,242,242,242,242,242,242,242,242,242,242,242,242,242,242,242,242,242,242,242,242,242,242,242,242,242,242,242,242,091,243,243,243,243,243,243,243,243,243,243,243,243,243,243,243,243,243,243,243,243,243,243,243,243,243,243,243,243,091,244,244,244,244,244,244,244,244,244,244,244,244,244,244,244,244,244,244,244,244,244,244,244,244,244,244,244,244,091,245,245,245,245,245,245,245,245,245,245,245,245,245,245,245,245,245,245,245,245,245,245,245,245,245,245,245,245,091,246,246,246,246,246,246,246,246,246,246,246,246,246,246,246,246,246,246,246,246,246,246,246,246,246,246,246,246,246,091,247,247,247,247,247,247,247,247,247,247,247,247,247,247,247,247,247,247,247,247,247,247,247,247,247,247,247,247,247,091,248,248,248,248,248,248,248,248,248,248,248,248,248,248,248,248,248,248,248,248,248,248,248,248,248,248,248,248,091,249,249,249,249,249,249,249,249,249,249,249,249,249,249,249,249,249,249,249,249,249,249,249,249,249,249,249,249,091,250,250,250,250,250,250,250,250,250,250,250,250,250,250,250,250,250,250,250,250,250,250,250,250,250,250,250,250,250,091,251,251,251,251,251,251,251,251,251,251,251,251,251,251,251,251,251,251,251,251,251,251,251,251,251,251,251,251,091,252,252,252,252,252,252,252,252,252,252,252,252,252,252,252,252,252,252,252,252,252,252,252,252,252,252,252,252,091,253,253,253,253,253,253,253,253,253,253,253,253,253,253,253,253,253,253,253,253,253,253,253,253,253,253,253,253,253,254,091,254,254,254,254,254,254,254,254,254,254,254,254,254,254,254,254,254,254,254,254,254,254,254,254,254,254,254,091,255,255,255,255,255,255,255,255,255,255,255,255,255,255,255,255,255,255,255,255,255,255,255,255,255,255,255,255,091,255,255
252,239,091,240,240,240,240,240,240,240,240,240,240,240,240,240,240,240,240,240,240,240,240,240,240,240,240,240,240,240,091,241,241,241,241,241,241,241,241,241,241,241,241,241,241,241,241,241,241,241,241,241,241,241,241,241,241,241,241,091,242,242,242,242,242,242,242,242,242,242,242,242,242,242,242,242,242,242,242,242,242,242,242,242,242,242,242,242,242,091,243,243,243,243,243,243,243,243,243,243,243,243,243,243,243,243,243,243,243,243,243,243,243,243,243,243,243,243,091,244,244,244,244,244,244,244,244,244,244,244,244,244,244,244,244,244,244,244,244,244,244,244,244,244,244,244,244,091,245,245,245,245,245,245,245,245,245,245,245,245,245,245,245,245,245,245,245,245,245,245,245,245,245,245,245,245,091,246,246,246,246,246,246,246,246,246,246,246,246,246,246,246,246,246,246,246,246,246,246,246,246,246,246,246,246,246,091,247,247,247,247,247,247,247,247,247,247,247,247,247,247,247,247,247,247,247,247,247,247,247,247,247,247,247,247,247,091,248,248,248,248,248,248,248,248,248,248,248,248,248,248,248,248,248,248,248,248,248,248,248,248,248,248,248,248,091,249,249,249,249,249,249,249,249,249,249,249,249,249,249,249,249,249,249,249,249,249,249,249,249,249,249,249,249,091,250,250,250,250,250,250,250,250,250,250,250,250,250,250,250,250,250,250,250,250,250,250,250,250,250,250,250,250,250,091,251,251,251,251,251,251,251,251,251,251,251,251,251,251,251,251,251,251,251,251,251,251,251,251,251,251,251,251,091,252,252,252,252,252,252,252,252,252,252,252,252,252,252,252,252,252,252,252,252,252,252,252,252,252,252,252,252,091,253,253,253,253,253,253,253,253,253,253,253,253,253,253,253,253,253,253,253,253,253,253,253,253,253,253,253,253,253,254,091,254,254,254,254,254,254,254,254,254,254,254,254,254,254,254,254,254,254,254,254,254,254,254,254,254,254,254,091,255,255,255,255,255,255,255,255,255,255,255,255,255,255,255,255,255,255,255,255,255,255,255,255,255,255,255,255,091,255,255
252,239,091,240,240,240,240,240,240,240,240,240,240,240,240,240,240,240,240,240,240,240,240,240,240,240,240,240,240,240,091,241,241,241,241,241,241,241,241,241,241,241,241,241,241,241,241,241,241,241,241,241,241,241,241,241,241,241,241,091,242,242,242,242,242,242,242,242,242,242,242,242,242,242,242,242,242,242,242,242,242,242,242,242,242,242,242,242,242,091,243,243,243,243,243,243,243,243,243,243,243,243,243,243,243,243,243,243,243,243,243,243,243,243,243,243,243,243,091,244,244,244,244,244,244,244,244,244,244,244,244,244,244,244,244,244,244,244,244,244,244,244,244,244,244,244,244,091,245,245,245,245,245,245,245,245,245,245,245,245,245,245,245,245,245,245,245,245,245,245,245,245,245,245,245,245,091,246,246,246,246,246,246,246,246,246,246,246,246,246,246,246,246,246,246,246,246,246,246,246,246,246,246,246,246,246,091,247,247,247,247,247,247,247,247,247,247,247,247,247,247,247,247,247,247,247,247,247,247,247,247,247,247,247,247,247,091,248,248,248,248,248,248,248,248,248,248,248,248,248,248,248,248,248,248,248,248,248,248,248,248,248,248,248,248,091,249,249,249,249,249,249,249,249,249,249,249,249,249,249,249,249,249,249,249,249,249,249,249,249,249,249,249,249,091,250,250,250,250,250,250,250,250,250,250,250,250,250,250,250,250,250,250,250,250,250,250,250,250,250,250,250,250,250,091,251,251,251,251,251,251,251,251,251,251,251,251,251,251,251,251,251,251,251,251,251,251,251,251,251,251,251,251,091,252,252,252,252,252,252,252,252,252,252,252,252,252,252,252,252,252,252,252,252,252,252,252,252,252,252,252,252,091,253,253,253,253,253,253,253,253,253,253,253,253,253,253,253,253,253,253,253,253,253,253,253,253,253,253,253,253,253,254,091,254,254,254,254,254,254,254,254,254,254,254,254,254,254,254,254,254,254,254,254,254,254,254,254,254,254,254,091,255,255,255,255,255,255,255,255,255,255,255,255,255,255,255,255,255,255,255,255,255,255,255,255,255,255,255,255,091,255,255
252,239,091,240,240,240,240,240,240,240,240,240,240,240,240,240,240,240,240,240,240,240,240,240,240,240,240,240,240,240,091,241,241,241,241,241,241,241,241,241,241,241,241,241,241,241,241,241,241,241,241,241,241,241,241,241,241,241,241,091,242,242,242,242,242,242,242,242,242,242,242,242,242,242,242,242,242,242,242,242,242,242,242,242,242,242,242,242,242,091,243,243,243,243,243,243,243,243,243,243,243,243,243,243,243,243,243,243,243,243,243,243,243,243,243,243,243,243,091,244,244,244,244,244,244,244,244,244,244,244,244,244,244,244,244,244,244,244,244,244,244,244,244,244,244,244,244,091,245,245,245,245,245,245,245,245,245,245,245,245,245,245,245,245,245,245,245,245,245,245,245,245,245,245,245,245,091,246,246,246,246,246,246,246,246,246,246,246,246,246,246,246,246,246,246,246,246,246,246,246,246,246,246,246,246,246,091,247,247,247,247,247,247,247,247,247,247,247,247,247,247,247,247,247,247,247,247,247,247,247,247,247,247,247,247,247,091,248,248,248,248,248,248,248,248,248,248,248,248,248,248,248,248,248,248,248,248,248,248,248,248,248,248,248,248,091,249,249,249,249,249,249,249,249,249,249,249,249,249,249,249,249,249,249,249,249,249,249,249,249,249,249,249,249,091,250,250,250,250,250,250,250,250,250,250,250,250,250,250,250,250,250,250,250,250,250,250,250,250,250,250,250,250,250,091,251,251,251,251,251,251,251,251,251,251,251,251,251,251,251,251,251,251,251,251,251,251,251,251,251,251,251,251,091,252,252,252,252,252,252,252,252,252,252,252,252,252,252,252,252,252,252,252,252,252,252,252,252,252,252,252,252,091,253,253,253,253,253,253,253,253,253,253,253,253,253,253,253,253,253,253,253,253,253,253,253,253,253,253,253,253,253,254,091,254,254,254,254,254,254,254,254,254,254,254,254,254,254,254,254,254,254,254,254,254,254,254,254,254,254,254,091,255,255,255,255,255,255,255,255,255,255,255,255,255,255,255,255,255,255,255,255,255,255,255,255,255,255,255,255,091,255,255
252,239,091,240,240,240,240,240,240,240,240,240,240,240,240,240,240,240,240,240,240,240,240,240,240,240,240,240,240,240,091,241,241,241,241,241,241,241,241,241,241,241,241,241,241,241,241,241,241,241,241,241,241,241,241,241,241,241,241,091,242,242,242,242,242,242,242,242,242,242,242,242,242,242,242,242,242,242,242,242,242,242,242,242,242,242,242,242,242,091,243,243,243,243,243,243,243,243,243,243,243,243,243,243,243,243,243,243,243,243,243,243,243,243,243,243,243,243,091,244,244,244,244,244,244,244,244,244,244,244,244,244,244,244,244,244,244,244,244,244,244,244,244,244,244,244,244,091,245,245,245,245,245,245,245,245,245,245,245,245,245,245,245,245,245,245,245,245,245,245,245,245,245,245,245,245,091,246,246,246,246,246,246,246,246,246,246,246,246,246,246,246,246,246,246,246,246,246,246,246,246,246,246,246,246,246,091,247,247,247,247,247,247,247,247,247,247,247,247,247,247,247,247,247,247,247,247,247,247,247,247,247,247,247,247,247,091,248,248,248,248,248,248,248,248,248,248,248,248,248,248,248,248,248,248,248,248,248,248,248,248,248,248,248,248,091,249,249,249,249,249,249,249,249,249,249,249,249,249,249,249,249,249,249,249,249,249,249,249,249,249,249,249,249,091,250,250,250,250,250,250,250,250,250,250,250,250,250,250,250,250,250,250,250,250,250,250,250,250,250,250,250,250,250,091,251,251,251,251,251,251,251,251,251,251,251,251,251,251,251,251,251,251,251,251,251,251,251,251,251,251,251,251,091,252,252,252,252,252,252,252,252,252,252,252,252,252,252,252,252,252,252,252,252,252,252,252,252,252,252,252,252,091,253,253,253,253,253,253,253,253,253,253,253,253,253,253,253,253,253,253,253,253,253,253,253,253,253,253,253,253,253,254,091,254,254,254,254,254,254,254,254,254,254,254,254,254,254,254,254,254,254,254,254,254,254,254,254,254,254,254,091,255,255,255,255,255,255,255,255,255,255,255,255,255,255,255,255,255,255,255,255,255,255,255,255,255,255,255,255,091,255,255
252,239,091,240,240,240,240,240,240,240,240,240,240,240,240,240,240,240,240,240,240,240,240,240,240,240,240,240,240,240,091,241,241,241,241,241,241,241,241,241,241,241,241,241,241,241,241,241,241,241,241,241,241,241,241,241,241,241,241,091,242,242,242,242,242,242,242,242,242,242,242,242,242,242,242,242,242,242,242,242,242,242,242,242,242,242,242,242,242,091,243,243,243,243,243,243,243,243,243,243,243,243,243,243,243,243,243,243,243,243,243,243,243,243,243,243,243,243,091,244,244,244,244,244,244,244,244,244,244,244,244,244,244,244,244,244,244,244,244,244,244,244,244,244,244,244,244,091,245,245,245,245,245,245,245,245,245,245,245,245,245,245,245,245,245,245,245,245,245,245,245,245,245,245,245,245,091,246,246,246,246,246,246,246,246,246,246,246,246,246,246,246,246,246,246,246,246,246,246,246,246,246,246,246,246,246,091,247,247,247,247,247,247,247,247,247,247,247,247,247,247,247,247,247,247,247,247,247,247,247,247,247,247,247,247,247,091,248,248,248,248,248,248,248,248,248,248,248,248,248,248,248,248,248,248,248,248,248,248,248,248,248,248,248,248,091,249,249,249,249,249,249,249,249,249,249,249,249,249,249,249,249,249,249,249,249,249,249,249,249,249,249,249,249,091,250,250,250,250,250,250,250,250,250,250,250,250,250,250,250,250,250,250,250,250,250,250,250,250,250,250,250,250,250,091,251,251,251,251,251,251,251,251,251,251,251,251,251,251,251,251,251,251,251,251,251,251,251,251,251,251,251,251,091,252,252,252,252,252,252,252,252,252,252,252,252,252,252,252,252,252,252,252,252,252,252,252,252,252,252,252,252,091,253,253,253,253,253,253,253,253,253,253,253,253,253,253,253,253,253,253,253,253,253,253,253,253,253,253,253,253,253,254,091,254,254,254,254,254,254,254,254,254,254,254,254,254,254,254,254,254,254,254,254,254,254,254,254,254,254,254,091,255,255,255,255,255,255,255,255,255,255,255,255,255,255,255,255,255,255,255,255,255,255,255,255,255,255,255,255,091,255,255
252,239,091,240,240,240,240,240,240,240,240,240,240,240,240,240,240,240,240,240,240,240,240,240,240,240,240,240,240,240,091,241,241,241,241,241,241,241,241,241,241,241,241,241,241,241,241,241,241,241,241,241,241,241,241,241,241,241,241,091,242,242,242,242,242,242,242,242,242,242,242,242,242,242,242,242,242,242,242,242,242,242,242,242,242,242,242,242,242,091,243,243,243,243,243,243,243,243,243,243,243,243,243,243,243,243,243,243,243,243,243,243,243,243,243,243,243,243,091,244,244,244,244,244,244,244,244,244,244,244,244,244,244,244,244,244,244,244,244,244,244,244,244,244,244,244,244,091,245,245,245,245,245,245,245,245,245,245,245,245,245,245,245,245,245,245,245,245,245,245,245,245,245,245,245,245,091,246,246,246,246,246,246,246,246,246,246,246,246,246,246,246,246,246,246,246,246,246,246,246,246,246,246,246,246,246,091,247,247,247,247,247,247,247,247,247,247,247,247,247,247,247,247,247,247,247,247,247,247,247,247,247,247,247,247,247,091,248,248,248,248,248,248,248,248,248,248,248,248,248,248,248,248,248,248,248,248,248,248,248,248,248,248,248,248,091,249,249,249,249,249,249,249,249,249,249,249,249,249,249,249,249,249,249,249,249,249,249,249,249,249,249,249,249,091,250,250,250,250,250,250,250,250,250,250,250,250,250,250,250,250,250,250,250,250,250,250,250,250,250,250,250,250,250,091,251,251,251,251,251,251,251,251,251,251,251,251,251,251,251,251,251,251,251,251,251,251,251,251,251,251,251,251,091,252,252,252,252,252,252,252,252,252,252,252,252,252,252,252,252,252,252,252,252,252,252,252,252,252,252,252,252,091,253,253,253,253,253,253,253,253,253,253,253,253,253,253,253,253,253,253,253,253,253,253,253,253,253,253,253,253,253,254,091,254,254,254,254,254,254,254,254,254,254,254,254,254,254,254,254,254,254,254,254,254,254,254,254,254,254,254,091,255,255,255,255,255,255,255,255,255,255,255,255,255,255,255,255,255,255,255,255,255,255,255,255,255,255,255,255,091,255,255
252,239,091,240,240,240,240,240,240,240,240,240,240,240,240,240,240,240,240,240,240,240,240,240,240,240,240,240,240,240,091,241,241,241,241,241,241,241,241,241,241,241,241,241,241,241,241,241,241,241,241,241,241,241,241,241,241,241,241,091,242,242,242,242,242,242,242,242,242,242,242,242,242,242,242,242,242,242,242,242,242,242,242,242,242,242,242,242,242,091,243,243,243,243,243,243,243,243,243,243,243,243,243,243,243,243,243,243,243,243,243,243,243,243,243,243,243,243,091,244,244,244,244,244,244,244,244,244,244,244,244,244,244,244,244,244,244,244,244,244,244,244,244,244,244,244,244,091,245,245,245,245,245,245,245,245,245,245,245,245,245,245,245,245,245,245,245,245,245,245,245,245,245,245,245,245,091,246,246,246,246,246,246,246,246,246,246,246,246,246,246,246,246,246,246,246,246,246,246,246,246,246,246,246,246,246,091,247,247,247,247,247,247,247,247,247,247,247,247,247,247,247,247,247,247,247,247,247,247,247,247,247,247,247,247,247,091,248,248,248,248,248,248,248,248,248,248,248,248,248,248,248,248,248,248,248,248,248,248,248,248,248,248,248,248,091,249,249,249,249,249,249,249,249,249,249,249,249,249,249,249,249,249,249,249,249,249,249,249,249,249,249,249,249,091,250,250,250,250,250,250,250,250,250,250,250,250,250,250,250,250,250,250,250,250,250,250,250,250,250,250,250,250,250,091,251,251,251,251,251,251,251,251,251,251,251,251,251,251,251,251,251,251,251,251,251,251,251,251,251,251,251,251,091,252,252,252,252,252,252,252,252,252,252,252,252,252,252,252,252,252,252,252,252,252,252,252,252,252,252,252,252,091,253,253,253,253,253,253,253,253,253,253,253,253,253,253,253,253,253,253,253,253,253,253,253,253,253,253,253,253,253,254,091,254,254,254,254,254,254,254,254,254,254,254,254,254,254,254,254,254,254,254,254,254,254,254,254,254,254,254,091,255,255,255,255,255,255,255,255,255,255,255,255,255,255,255,255,255,255,255,255,255,255,255,255,255,255,255,255,091,255,255
252,239,091,240,240,240,240,240,240,240,240,240,240,240,240,240,240,240,240,240,240,240,240,240,240,240,240,240,240,240,091,241,241,241,241,241,241,241,241,241,241,241,241,241,241,241,241,241,241,241,241,241,241,241,241,241,241,241,241,091,242,242,242,242,242,242,242,242,242,242,242,242,242,242,242,242,242,242,242,242,242,242,242,242,242,242,242,242,242,091,243,243,243,243,243,243,243,243,243,243,243,243,243,243,243,243,243,243,243,243,243,243,243,243,243,243,243,243,091,244,244,244,244,244,244,244,244,244,244,244,244,244,244,244,244,244,244,244,244,244,244,244,244,244,244,244,244,091,245,245,245,245,245,245,245,245,245,245,245,245,245,245,245,245,245,245,245,245,245,245,245,245,245,245,245,245,091,246,246,246,246,246,246,246,246,246,246,246,246,246,246,246,246,246,246,246,246,246,246,246,246,246,246,246,246,246,091,247,247,247,247,247,247,247,247,247,247,247,247,247,247,247,247,247,247,247,247,247,247,247,247,247,247,247,247,247,091,248,248,248,248,248,248,248,248,248,248,248,248,248,248,248,248,248,248,248,248,248,248,248,248,248,248,248,248,091,249,249,249,249,249,249,249,249,249,249,249,249,249,249,249,249,249,249,249,249,249,249,249,249,249,249,249,249,091,250,250,250,250,250,250,250,250,250,250,250,250,250,250,250,250,250,250,250,250,250,250,250,250,250,250,250,250,250,091,251,251,251,251,251,251,251,251,251,251,251,251,251,251,251,251,251,251,251,251,251,251,251,251,251,251,251,251,091,252,252,252,252,252,252,252,252,252,252,252,252,252,252,252,252,252,252,252,252,252,252,252,252,252,252,252,252,091,253,253,253,253,253,253,253,253,253,253,253,253,253,253,253,253,253,253,253,253,253,253,253,253,253,253,253,253,253,254,091,254,254,254,254,254,254,254,254,254,254,254,254,254,254,254,254,254,254,254,254,254,254,254,254,254,254,254,091,255,255,255,255,255,255,255,255,255,255,255,255,255,255,255,255,255,255,255,255,255,255,255,255,255,255,255,255,091,255,255
252,239,091,240,240,240,240,240,240,240,240,240,240,240,240,240,240,240,240,240,240,240,240,240,240,240,240,240,240,240,091,241,241,241,241,241,241,241,241,241,241,241,241,241,241,241,241,241,241,241,241,241,241,241,241,241,241,241,241,091,242,242,242,242,242,242,242,242,242,242,242,242,242,242,242,242,242,242,242,242,242,242,242,242,242,242,242,242,242,091,243,243,243,243,243,243,243,243,243,243,243,243,243,243,243,243,243,243,243,243,243,243,243,243,243,243,243,243,091,244,244,244,244,244,244,244,244,244,244,244,244,244,244,244,244,244,244,244,244,244,244,244,244,244,244,244,244,091,245,245,245,245,245,245,245,245,245,245,245,245,245,245,245,245,245,245,245,245,245,245,245,245,245,245,245,245,091,246,246,246,246,246,246,246,246,246,246,246,246,246,246,246,246,246,246,246,246,246,246,246,246,246,246,246,246,246,091,247,247,247,247,247,247,247,247,247,247,247,247,247,247,247,247,247,247,247,247,247,247,247,247,247,247,247,247,247,091,248,248,248,248,248,248,248,248,248,248,248,248,248,248,248,248,248,248,248,248,248,248,248,248,248,248,248,248,091,249,249,249,249,249,249,249,249,249,249,249,249,249,249,249,249,249,249,249,249,249,249,249,249,249,249,249,249,091,250,250,250,250,250,250,250,250,250,250,250,250,250,250,250,250,250,250,250,250,250,250,250,250,250,250,250,250,250,091,251,251,251,251,251,251,251,251,251,251,251,251,251,251,251,251,251,251,251,251,251,251,251,251,251,251,251,251,091,252,252,252,252,252,252,252,252,252,252,252,252,252,252,252,252,252,252,252,252,252,252,252,252,252,252,252,252,091,253,253,253,253,253,253,253,253,253,253,253,253,253,253,253,253,253,253,253,253,253,253,253,253,253,253,253,253,253,254,091,254,254,254,254,254,254,254,254,254,254,254,254,254,254,254,254,254,254,254,254,254,254,254,254,254,254,254,091,255,255,255,255,255,255,255,255,255,255,255,255,255,255,255,255,255,255,255,255,255,255,255,255,255,255,255,255,091,255,255
252,239,091,240,240,240,240,240,240,240,240,240,240,240,240,240,240,240,240,240,240,240,240,240,240,240,240,240,240,240,091,241,241,241,241,241,241,241,241,241,241,241,241,241,241,241,241,241,241,241,241,241,241,241,241,241,241,241,241,091,242,242,242,242,242,242,242,242,242,242,242,242,242,242,242,242,242,242,242,242,242,242,242,242,242,242,242,242,242,091,243,243,243,243,243,243,243,243,243,243,243,243,243,243,243,243,243,243,243,243,243,243,243,243,243,243,243,243,091,244,244,244,244,244,244,244,244,244,244,244,244,244,244,244,244,244,244,244,244,244,244,244,244,244,244,244,244,091,245,245,245,245,245,245,245,245,245,245,245,245,245,245,245,245,245,245,245,245,245,245,245,245,245,245,245,245,091,246,246,246,246,246,246,246,246,246,246,246,246,246,246,246,246,246,246,246,246,246,246,246,246,246,246,246,246,246,091,247,247,247,247,247,247,247,247,247,247,247,247,247,247,247,247,247,247,247,247,247,247,247,247,247,247,247,247,247,091,248,248,248,248,248,248,248,248,248,248,248,248,248,248,248,248,248,248,248,248,248,248,248,248,248,248,248,248,091,249,249,249,249,249,249,249,249,249,249,249,249,249,249,249,249,249,249,249,249,249,249,249,249,249,249,249,249,091,250,250,250,250,250,250,250,250,250,250,250,250,250,250,250,250,250,250,250,250,250,250,250,250,250,250,250,250,250,091,251,251,251,251,251,251,251,251,251,251,251,251,251,251,251,251,251,251,251,251,251,251,251,251,251,251,251,251,091,252,252,252,252,252,252,252,252,252,252,252,252,252,252,252,252,252,252,252,252,252,252,252,252,252,252,252,252,091,253,253,253,253,253,253,253,253,253,253,253,253,253,253,253,253,253,253,253,253,253,253,253,253,253,253,253,253,253,254,091,254,254,254,254,254,254,254,254,254,254,254,254,254,254,254,254,254,254,254,254,254,254,254,254,254,254,254,091,255,255,255,255,255,255,255,255,255,255,255,255,255,255,255,255,255,255,255,255,255,255,255,255,255,255,255,255,091,255,255
252,239,091,240,240,240,240,240,240,240,240,240,240,240,240,240,240,240,240,240,240,240,240,240,240,240,240,240,240,240,091,241,241,241,241,241,241,241,241,241,241,241,241,241,241,241,241,241,241,241,241,241,241,241,241,241,241,241,241,091,242,242,242,242,242,242,242,242,242,242,242,242,242,242,242,242,242,242,242,242,242,242,242,242,242,242,242,242,242,091,243,243,243,243,243,243,243,243,243,243,243,243,243,243,243,243,243,243,243,243,243,243,243,243,243,243,243,243,091,244,244,244,244,244,244,244,244,244,244,244,244,244,244,244,244,244,244,244,244,244,244,244,244,244,244,244,244,091,245,245,245,245,245,245,245,245,245,245,245,245,245,245,245,245,245,245,245,245,245,245,245,245,245,245,245,245,091,246,246,246,246,246,246,246,246,246,246,246,246,246,246,246,246,246,246,246,246,246,246,246,246,246,246,246,246,246,091,247,247,247,247,247,247,247,247,247,247,247,247,247,247,247,247,247,247,247,247,247,247,247,247,247,247,247,247,247,091,248,248,248,248,248,248,248,248,248,248,248,248,248,248,248,248,248,248,248,248,248,248,248,248,248,248,248,248,091,249,249,249,249,249,249,249,249,249,249,249,249,249,249,249,249,249,249,249,249,249,249,249,249,249,249,249,249,091,250,250,250,250,250,250,250,250,250,250,250,250,250,250,250,250,250,250,250,250,250,250,250,250,250,250,250,250,250,091,251,251,251,251,251,251,251,251,251,251,251,251,251,251,251,251,251,251,251,251,251,251,251,251,251,251,251,251,091,252,252,252,252,252,252,252,252,252,252,252,252,252,252,252,252,252,252,252,252,252,252,252,252,252,252,252,252,091,253,253,253,253,253,253,253,253,253,253,253,253,253,253,253,253,253,253,253,253,253,253,253,253,253,253,253,253,253,254,091,254,254,254,254,254,254,254,254,254,254,254,254,254,254,254,254,254,254,254,254,254,254,254,254,254,254,254,091,255,255,255,255,255,255,255,255,255,255,255,255,255,255,255,255,255,255,255,255,255,255,255,255,255,255,255,255,091,255,255
252,239,091,240,240,240,240,240,240,240,240,240,240,240,240,240,240,240,240,240,240,240,240,240,240,240,240,240,240,240,091,241,241,241,241,241,241,241,241,241,241,241,241,241,241,241,241,241,241,241,241,241,241,241,241,241,241,241,241,091,242,242,242,242,242,242,242,242,242,242,242,242,242,242,242,242,242,242,242,242,242,242,242,242,242,242,242,242,242,091,243,243,243,243,243,243,243,243,243,243,243,243,243,243,243,243,243,243,243,243,243,243,243,243,243,243,243,243,091,244,244,244,244,244,244,244,244,244,244,244,244,244,244,244,244,244,244,244,244,244,244,244,244,244,244,244,244,091,245,245,245,245,245,245,245,245,245,245,245,245,245,245,245,245,245,245,245,245,245,245,245,245,245,245,245,245,091,246,246,246,246,246,246,246,246,246,246,246,246,246,246,246,246,246,246,246,246,246,246,246,246,246,246,246,246,246,091,247,247,247,247,247,247,247,247,247,247,247,247,247,247,247,247,247,247,247,247,247,247,247,247,247,247,247,247,247,091,248,248,248,248,248,248,248,248,248,248,248,248,248,248,248,248,248,248,248,248,248,248,248,248,248,248,248,248,091,249,249,249,249,249,249,249,249,249,249,249,249,249,249,249,249,249,249,249,249,249,249,249,249,249,249,249,249,091,250,250,250,250,250,250,250,250,250,250,250,250,250,250,250,250,250,250,250,250,250,250,250,250,250,250,250,250,250,091,251,251,251,251,251,251,251,251,251,251,251,251,251,251,251,251,251,251,251,251,251,251,251,251,251,251,251,251,091,252,252,252,252,252,252,252,252,252,252,252,252,252,252,252,252,252,252,252,252,252,252,252,252,252,252,252,252,091,253,253,253,253,253,253,253,253,253,253,253,253,253,253,253,253,253,253,253,253,253,253,253,253,253,253,253,253,253,254,091,254,254,254,254,254,254,254,254,254,254,254,254,254,254,254,254,254,254,254,254,254,254,254,254,254,254,254,091,255,255,255,255,255,255,255,255,255,255,255,255,255,255,255,255,255,255,255,255,255,255,255,255,255,255,255,255,091,255,255
252,239,091,240,240,240,240,240,240,240,240,240,240,240,240,240,240,240,240,240,240,240,240,240,240,240,240,240,240,240,091,241,241,241,241,241,241,241,241,241,241,241,241,241,241,241,241,241,241,241,241,241,241,241,241,241,241,241,241,091,242,242,242,242,242,242,242,242,242,242,242,242,242,242,242,242,242,242,242,242,242,242,242,242,242,242,242,242,242,091,243,243,243,243,243,243,243,243,243,243,243,243,243,243,243,243,243,243,243,243,243,243,243,243,243,243,243,243,091,244,244,244,244,244,244,244,244,244,244,244,244,244,244,244,244,244,244,244,244,244,244,244,244,244,244,244,244,091,245,245,245,245,245,245,245,245,245,245,245,245,245,245,245,245,245,245,245,245,245,245,245,245,245,245,245,245,091,246,246,246,246,246,246,246,246,246,246,246,246,246,246,246,246,246,246,246,246,246,246,246,246,246,246,246,246,246,091,247,247,247,247,247,247,247,247,247,247,247,247,247,247,247,247,247,247,247,247,247,247,247,247,247,247,247,247,247,091,248,248,248,248,248,248,248,248,248,248,248,248,248,248,248,248,248,248,248,248,248,248,248,248,248,248,248,248,091,249,249,249,249,249,249,249,249,249,249,249,249,249,249,249,249,249,249,249,249,249,249,249,249,249,249,249,249,091,250,250,250,250,250,250,250,250,250,250,250,250,250,250,250,250,250,250,250,250,250,250,250,250,250,250,250,250,250,091,251,251,251,251,251,251,251,251,251,251,251,251,251,251,251,251,251,251,251,251,251,251,251,251,251,251,251,251,091,252,252,252,252,252,252,252,252,252,252,252,252,252,252,252,252,252,252,252,252,252,252,252,252,252,252,252,252,091,253,253,253,253,253,253,253,253,253,253,253,253,253,253,253,253,253,253,253,253,253,253,253,253,253,253,253,253,253,254,091,254,254,254,254,254,254,254,254,254,254,254,254,254,254,254,254,254,254,254,254,254,254,254,254,254,254,254,091,255,255,255,255,255,255,255,255,255,255,255,255,255,255,255,255,255,255,255,255,255,255,255,255,255,255,255,255,091,255,255
252,239,091,240,240,240,240,240,240,240,240,240,240,240,240,240,240,240,240,240,240,240,240,240,240,240,240,240,240,240,091,241,241,241,241,241,241,241,241,241,241,241,241,241,241,241,241,241,241,241,241,241,241,241,241,241,241,241,241,091,242,242,242,242,242,242,242,242,242,242,242,242,242,242,242,242,242,242,242,242,242,242,242,242,242,242,242,242,242,091,243,243,243,243,243,243,243,243,243,243,243,243,243,243,243,243,243,243,243,243,243,243,243,243,243,243,243,243,091,244,244,244,244,244,244,244,244,244,244,244,244,244,244,244,244,244,244,244,244,244,244,244,244,244,244,244,244,091,245,245,245,245,245,245,245,245,245,245,245,245,245,245,245,245,245,245,245,245,245,245,245,245,245,245,245,245,091,246,246,246,246,246,246,246,246,246,246,246,246,246,246,246,246,246,246,246,246,246,246,246,246,246,246,246,246,246,091,247,247,247,247,247,247,247,247,247,247,247,247,247,247,247,247,247,247,247,247,247,247,247,247,247,247,247,247,247,091,248,248,248,248,248,248,248,248,248,248,248,248,248,248,248,248,248,248,248,248,248,248,248,248,248,248,248,248,091,249,249,249,249,249,249,249,249,249,249,249,249,249,249,249,249,249,249,249,249,249,249,249,249,249,249,249,249,091,250,250,250,250,250,250,250,250,250,250,250,250,250,250,250,250,250,250,250,250,250,250,250,250,250,250,250,250,250,091,251,251,251,251,251,251,251,251,251,251,251,251,251,251,251,251,251,251,251,251,251,251,251,251,251,251,251,251,091,252,252,252,252,252,252,252,252,252,252,252,252,252,252,252,252,252,252,252,252,252,252,252,252,252,252,252,252,091,253,253,253,253,253,253,253,253,253,253,253,253,253,253,253,253,253,253,253,253,253,253,253,253,253,253,253,253,253,254,091,254,254,254,254,254,254,254,254,254,254,254,254,254,254,254,254,254,254,254,254,254,254,254,254,254,254,254,091,255,255,255,255,255,255,255,255,255,255,255,255,255,255,255,255,255,255,255,255,255,255,255,255,255,255,255,255,091,255,255
252,239,091,240,240,240,240,240,240,240,240,240,240,240,240,240,240,240,240,240,240,240,240,240,240,240,240,240,240,240,091,241,241,241,241,241,241,241,241,241,241,241,241,241,241,241,241,241,241,241,241,241,241,241,241,241,241,241,241,091,242,242,242,242,242,242,242,242,242,242,242,242,242,242,242,242,242,242,242,242,242,242,242,242,242,242,242,242,242,091,243,243,243,243,243,243,243,243,243,243,243,243,243,243,243,243,243,243,243,243,243,243,243,243,243,243,243,243,091,244,244,244,244,244,244,244,244,244,244,244,244,244,244,244,244,244,244,244,244,244,244,244,244,244,244,244,244,091,245,245,245,245,245,245,245,245,245,245,245,245,245,245,245,245,245,245,245,245,245,245,245,245,245,245,245,245,091,246,246,246,246,246,246,246,246,246,246,246,246,246,246,246,246,246,246,246,246,246,246,246,246,246,246,246,246,246,091,247,247,247,247,247,247,247,247,247,247,247,247,247,247,247,247,247,247,247,247,247,247,247,247,247,247,247,247,247,091,248,248,248,248,248,248,248,248,248,248,248,248,248,248,248,248,248,248,248,248,248,248,248,248,248,248,248,248,091,249,249,249,249,249,249,249,249,249,249,249,249,249,249,249,249,249,249,249,249,249,249,249,249,249,249,249,249,091,250,250,250,250,250,250,250,250,250,250,250,250,250,250,250,250,250,250,250,250,250,250,250,250,250,250,250,250,250,091,251,251,251,251,251,251,251,251,251,251,251,251,251,251,251,251,251,251,251,251,251,251,251,251,251,251,251,251,091,252,252,252,252,252,252,252,252,252,252,252,252,252,252,252,252,252,252,252,252,252,252,252,252,252,252,252,252,091,253,253,253,253,253,253,253,253,253,253,253,253,253,253,253,253,253,253,253,253,253,253,253,253,253,253,253,253,253,254,091,254,254,254,254,254,254,254,254,254,254,254,254,254,254,254,254,254,254,254,254,254,254,254,254,254,254,254,091,255,255,255,255,255,255,255,255,255,255,255,255,255,255,255,255,255,255,255,255,255,255,255,255,255,255,255,255,091,255,255
252,239,091,240,240,240,240,240,240,240,240,240,240,240,240,240,240,240,240,240,240,240,240,240,240,240,240,240,240,240,091,241,241,241,241,241,241,241,241,241,241,241,241,241,241,241,241,241,241,241,241,241,241,241,241,241,241,241,241,091,242,242,242,242,242,242,242,242,242,242,242,242,242,242,242,242,242,242,242,242,242,242,242,242,242,242,242,242,242,091,243,243,243,243,243,243,243,243,243,243,243,243,243,243,243,243,243,243,243,243,243,243,243,243,243,243,243,243,091,244,244,244,244,244,244,244,244,244,244,244,244,244,244,244,244,244,244,244,244,244,244,244,244,244,244,244,244,091,245,245,245,245,245,245,245,245,245,245,245,245,245,245,245,245,245,245,245,245,245,245,245,245,245,245,245,245,091,246,246,246,246,246,246,246,246,246,246,246,246,246,246,246,246,246,246,246,246,246,246,246,246,246,246,246,246,246,091,247,247,247,247,247,247,247,247,247,247,247,247,247,247,247,247,247,247,247,247,247,247,247,247,247,247,247,247,247,091,248,248,248,248,248,248,248,248,248,248,248,248,248,248,248,248,248,248,248,248,248,248,248,248,248,248,248,248,091,249,249,249,249,249,249,249,249,249,249,249,249,249,249,249,249,249,249,249,249,249,249,249,249,249,249,249,249,091,250,250,250,250,250,250,250,250,250,250,250,250,250,250,250,250,250,250,250,250,250,250,250,250,250,250,250,250,250,091,251,251,251,251,251,251,251,251,251,251,251,251,251,251,251,251,251,251,251,251,251,251,251,251,251,251,251,251,091,252,252,252,252,252,252,252,252,252,252,252,252,252,252,252,252,252,252,252,252,252,252,252,252,252,252,252,252,091,253,253,253,253,253,253,253,253,253,253,253,253,253,253,253,253,253,253,253,253,253,253,253,253,253,253,253,253,253,254,091,254,254,254,254,254,254,254,254,254,254,254,254,254,254,254,254,254,254,254,254,254,254,254,254,254,254,254,091,255,255,255,255,255,255,255,255,255,255,255,255,255,255,255,255,255,255,255,255,255,255,255,255,255,255,255,255,091,255,255
252,239,091,240,240,240,240,240,240,240,240,240,240,240,240,240,240,240,240,240,240,240,240,240,240,240,240,240,240,240,091,241,241,241,241,241,241,241,241,241,241,241,241,241,241,241,241,241,241,241,241,241,241,241,241,241,241,241,241,091,242,242,242,242,242,242,242,242,242,242,242,242,242,242,242,242,242,242,242,242,242,242,242,242,242,242,242,242,242,091,243,243,243,243,243,243,243,243,243,243,243,243,243,243,243,243,243,243,243,243,243,243,243,243,243,243,243,243,091,244,244,244,244,244,244,244,244,244,244,244,244,244,244,244,244,244,244,244,244,244,244,244,244,244,244,244,244,091,245,245,245,245,245,245,245,245,245,245,245,245,245,245,245,245,245,245,245,245,245,245,245,245,245,245,245,245,091,246,246,246,246,246,246,246,246,246,246,246,246,246,246,246,246,246,246,246,246,246,246,246,246,246,246,246,246,246,091,247,247,247,247,247,247,247,247,247,247,247,247,247,247,247,247,247,247,247,247,247,247,247,247,247,247,247,247,247,091,248,248,248,248,248,248,248,248,248,248,248,248,248,248,248,248,248,248,248,248,248,248,248,248,248,248,248,248,091,249,249,249,249,249,249,249,249,249,249,249,249,249,249,249,249,249,249,249,249,249,249,249,249,249,249,249,249,091,250,250,250,250,250,250,250,250,250,250,250,250,250,250,250,250,250,250,250,250,250,250,250,250,250,250,250,250,250,091,251,251,251,251,251,251,251,251,251,251,251,251,251,251,251,251,251,251,251,251,251,251,251,251,251,251,251,251,091,252,252,252,252,252,252,252,252,252,252,252,252,252,252,252,252,252,252,252,252,252,252,252,252,252,252,252,252,091,253,253,253,253,253,253,253,253,253,253,253,253,253,253,253,253,253,253,253,253,253,253,253,253,253,253,253,253,253,254,091,254,254,254,254,254,254,254,254,254,254,254,254,254,254,254,254,254,254,254,254,254,254,254,254,254,254,254,091,255,255,255,255,255,255,255,255,255,255,255,255,255,255,255,255,255,255,255,255,255,255,255,255,255,255,255,255,091,255,255
252,239,091,240,240,240,240,240,240,240,240,240,240,240,240,240,240,240,240,240,240,240,240,240,240,240,240,240,240,240,091,241,241,241,241,241,241,241,241,241,241,241,241,241,241,241,241,241,241,241,241,241,241,241,241,241,241,241,241,091,242,242,242,242,242,242,242,242,242,242,242,242,242,242,242,242,242,242,242,242,242,242,242,242,242,242,242,242,242,091,243,243,243,243,243,243,243,243,243,243,243,243,243,243,243,243,243,243,243,243,243,243,243,243,243,243,243,243,091,244,244,244,244,244,244,244,244,244,244,244,244,244,244,244,244,244,244,244,244,244,244,244,244,244,244,244,244,091,245,245,245,245,245,245,245,245,245,245,245,245,245,245,245,245,245,245,245,245,245,245,245,245,245,245,245,245,091,246,246,246,246,246,246,246,246,246,246,246,246,246,246,246,246,246,246,246,246,246,246,246,246,246,246,246,246,246,091,247,247,247,247,247,247,247,247,247,247,247,247,247,247,247,247,247,247,247,247,247,247,247,247,247,247,247,247,247,091,248,248,248,248,248,248,248,248,248,248,248,248,248,248,248,248,248,248,248,248,248,248,248,248,248,248,248,248,091,249,249,249,249,249,249,249,249,249,249,249,249,249,249,249,249,249,249,249,249,249,249,249,249,249,249,249,249,091,250,250,250,250,250,250,250,250,250,250,250,250,250,250,250,250,250,250,250,250,250,250,250,250,250,250,250,250,250,091,251,251,251,251,251,251,251,251,251,251,251,251,251,251,251,251,251,251,251,251,251,251,251,251,251,251,251,251,091,252,252,252,252,252,252,252,252,252,252,252,252,252,252,252,252,252,252,252,252,252,252,252,252,252,252,252,252,091,253,253,253,253,253,253,253,253,253,253,253,253,253,253,253,253,253,253,253,253,253,253,253,253,253,253,253,253,253,254,091,254,254,254,254,254,254,254,254,254,254,254,254,254,254,254,254,254,254,254,254,254,254,254,254,254,254,254,091,255,255,255,255,255,255,255,255,255,255,255,255,255,255,255,255,255,255,255,255,255,255,255,255,255,255,255,255,091,255,255
252,239,091,240,240,240,240,240,240,240,240,240,240,240,240,240,240,240,240,240,240,240,240,240,240,240,240,240,240,240,091,241,241,241,241,241,241,241,241,241,241,241,241,241,241,241,241,241,241,241,241,241,241,241,241,241,241,241,241,091,242,242,242,242,242,242,242,242,242,242,242,242,242,242,242,242,242,242,242,242,242,242,242,242,242,242,242,242,242,091,243,243,243,243,243,243,243,243,243,243,243,243,243,243,243,243,243,243,243,243,243,243,243,243,243,243,243,243,091,244,244,244,244,244,244,244,244,244,244,244,244,244,244,244,244,244,244,244,244,244,244,244,244,244,244,244,244,091,245,245,245,245,245,245,245,245,245,245,245,245,245,245,245,245,245,245,245,245,245,245,245,245,245,245,245,245,091,246,246,246,246,246,246,246,246,246,246,246,246,246,246,246,246,246,246,246,246,246,246,246,246,246,246,246,246,246,091,247,247,247,247,247,247,247,247,247,247,247,247,247,247,247,247,247,247,247,247,247,247,247,247,247,247,247,247,247,091,248,248,248,248,248,248,248,248,248,248,248,248,248,248,248,248,248,248,248,248,248,248,248,248,248,248,248,248,091,249,249,249,249,249,249,249,249,249,249,249,249,249,249,249,249,249,249,249,249,249,249,249,249,249,249,249,249,091,250,250,250,250,250,250,250,250,250,250,250,250,250,250,250,250,250,250,250,250,250,250,250,250,250,250,250,250,250,091,251,251,251,251,251,251,251,251,251,251,251,251,251,251,251,251,251,251,251,251,251,251,251,251,251,251,251,251,091,252,252,252,252,252,252,252,252,252,252,252,252,252,252,252,252,252,252,252,252,252,252,252,252,252,252,252,252,091,253,253,253,253,253,253,253,253,253,253,253,253,253,253,253,253,253,253,253,253,253,253,253,253,253,253,253,253,253,254,091,254,254,254,254,254,254,254,254,254,254,254,254,254,254,254,254,254,254,254,254,254,254,254,254,254,254,254,091,255,255,255,255,255,255,255,255,255,255,255,255,255,255,255,255,255,255,255,255,255,255,255,255,255,255,255,255,091,255,255
252,239,091,240,240,240,240,240,240,240,240,240,240,240,240,240,240,240,240,240,240,240,240,240,240,240,240,240,240,240,091,241,241,241,241,241,241,241,241,241,241,241,241,241,241,241,241,241,241,241,241,241,241,241,241,241,241,241,241,091,242,242,242,242,242,242,242,242,242,242,242,242,242,242,242,242,242,242,242,242,242,242,242,242,242,242,242,242,242,091,243,243,243,243,243,243,243,243,243,243,243,243,243,243,243,243,243,243,243,243,243,243,243,243,243,243,243,243,091,244,244,244,244,244,244,244,244,244,244,244,244,244,244,244,244,244,244,244,244,244,244,244,244,244,244,244,244,091,245,245,245,245,245,245,245,245,245,245,245,245,245,245,245,245,245,245,245,245,245,245,245,245,245,245,245,245,091,246,246,246,246,246,246,246,246,246,246,246,246,246,246,246,246,246,246,246,246,246,246,246,246,246,246,246,246,246,091,247,247,247,247,247,247,247,247,247,247,247,247,247,247,247,247,247,247,247,247,247,247,247,247,247,247,247,247,247,091,248,248,248,248,248,248,248,248,248,248,248,248,248,248,248,248,248,248,248,248,248,248,248,248,248,248,248,248,091,249,249,249,249,249,249,249,249,249,249,249,249,249,249,249,249,249,249,249,249,249,249,249,249,249,249,249,249,091,250,250,250,250,250,250,250,250,250,250,250,250,250,250,250,250,250,250,250,250,250,250,250,250,250,250,250,250,250,091,251,251,251,251,251,251,251,251,251,251,251,251,251,251,251,251,251,251,251,251,251,251,251,251,251,251,251,251,091,252,252,252,252,252,252,252,252,252,252,252,252,252,252,252,252,252,252,252,252,252,252,252,252,252,252,252,252,091,253,253,253,253,253,253,253,253,253,253,253,253,253,253,253,253,253,253,253,253,253,253,253,253,253,253,253,253,253,254,091,254,254,254,254,254,254,254,254,254,254,254,254,254,254,254,254,254,254,254,254,254,254,254,254,254,254,254,091,255,255,255,255,255,255,255,255,255,255,255,255,255,255,255,255,255,255,255,255,255,255,255,255,255,255,255,255,091,255,255
252,239,091,240,240,240,240,240,240,240,240,240,240,240,240,240,240,240,240,240,240,240,240,240,240,240,240,240,240,240,091,241,241,241,241,241,241,241,241,241,241,241,241,241,241,241,241,241,241,241,241,241,241,241,241,241,241,241,241,091,242,242,242,242,242,242,242,242,242,242,242,242,242,242,242,242,242,242,242,242,242,242,242,242,242,242,242,242,242,091,243,243,243,243,243,243,243,243,243,243,243,243,243,243,243,243,243,243,243,243,243,243,243,243,243,243,243,243,091,244,244,244,244,244,244,244,244,244,244,244,244,244,244,244,244,244,244,244,244,244,244,244,244,244,244,244,244,091,245,245,245,245,245,245,245,245,245,245,245,245,245,245,245,245,245,245,245,245,245,245,245,245,245,245,245,245,091,246,246,246,246,246,246,246,246,246,246,246,246,246,246,246,246,246,246,246,246,246,246,246,246,246,246,246,246,246,091,247,247,247,247,247,247,247,247,247,247,247,247,247,247,247,247,247,247,247,247,247,247,247,247,247,247,247,247,247,091,248,248,248,248,248,248,248,248,248,248,248,248,248,248,248,248,248,248,248,248,248,248,248,248,248,248,248,248,091,249,249,249,249,249,249,249,249,249,249,249,249,249,249,249,249,249,249,249,249,249,249,249,249,249,249,249,249,091,250,250,250,250,250,250,250,250,250,250,250,250,250,250,250,250,250,250,250,250,250,250,250,250,250,250,250,250,250,091,251,251,251,251,251,251,251,251,251,251,251,251,251,251,251,251,251,251,251,251,251,251,251,251,251,251,251,251,091,252,252,252,252,252,252,252,252,252,252,252,252,252,252,252,252,252,252,252,252,252,252,252,252,252,252,252,252,091,253,253,253,253,253,253,253,253,253,253,253,253,253,253,253,253,253,253,253,253,253,253,253,253,253,253,253,253,253,254,091,254,254,254,254,254,254,254,254,254,254,254,254,254,254,254,254,254,254,254,254,254,254,254,254,254,254,254,091,255,255,255,255,255,255,255,255,255,255,255,255,255,255,255,255,255,255,255,255,255,255,255,255,255,255,255,255,091,255,255
252,239,091,240,240,240,240,240,240,240,240,240,240,240,240,240,240,240,240,240,240,240,240,240,240,240,240,240,240,240,091,241,241,241,241,241,241,241,241,241,241,241,241,241,241,241,241,241,241,241,241,241,241,241,241,241,241,241,241,091,242,242,242,242,242,242,242,242,242,242,242,242,242,242,242,242,242,242,242,242,242,242,242,242,242,242,242,242,242,091,243,243,243,243,243,243,243,243,243,243,243,243,243,243,243,243,243,243,243,243,243,243,243,243,243,243,243,243,091,244,244,244,244,244,244,244,244,244,244,244,244,244,244,244,244,244,244,244,244,244,244,244,244,244,244,244,244,091,245,245,245,245,245,245,245,245,245,245,245,245,245,245,245,245,245,245,245,245,245,245,245,245,245,245,245,245,091,246,246,246,246,246,246,246,246,246,246,246,246,246,246,246,246,246,246,246,246,246,246,246,246,246,246,246,246,246,091,247,247,247,247,247,247,247,247,247,247,247,247,247,247,247,247,247,247,247,247,247,247,247,247,247,247,247,247,247,091,248,248,248,248,248,248,248,248,248,248,248,248,248,248,248,248,248,248,248,248,248,248,248,248,248,248,248,248,091,249,249,249,249,249,249,249,249,249,249,249,249,249,249,249,249,249,249,249,249,249,249,249,249,249,249,249,249,091,250,250,250,250,250,250,250,250,250,250,250,250,250,250,250,250,250,250,250,250,250,250,250,250,250,250,250,250,250,091,251,251,251,251,251,251,251,251,251,251,251,251,251,251,251,251,251,251,251,251,251,251,251,251,251,251,251,251,091,252,252,252,252,252,252,252,252,252,252,252,252,252,252,252,252,252,252,252,252,252,252,252,252,252,252,252,252,091,253,253,253,253,253,253,253,253,253,253,253,253,253,253,253,253,253,253,253,253,253,253,253,253,253,253,253,253,253,254,091,254,254,254,254,254,254,254,254,254,254,254,254,254,254,254,254,254,254,254,254,254,254,254,254,254,254,254,091,255,255,255,255,255,255,255,255,255,255,255,255,255,255,255,255,255,255,255,255,255,255,255,255,255,255,255,255,091,255,255
252,239,091,091,091,091,091,091,091,091,091,091,091,091,091,091,091,091,091,091,091,091,091,091,091,091,091,091,091,091,091,091,091,091,091,091,091,091,091,091,091,091,091,091,091,091,091,091,091,091,091,091,091,091,091,091,091,091,091,091,091,091,091,091,091,091,091,091,091,091,091,091,091,091,091,091,091,091,091,091,091,091,091,091,091,091,091,091,091,091,091,091,091,091,091,091,091,091,091,091,091,091,091,091,091,091,091,091,091,091,091,091,091,091,091,091,091,091,091,091,091,091,091,091,091,091,091,091,091,091,091,091,091,091,091,091,091,091,091,091,091,091,091,091,091,091,091,091,091,091,091,091,091,091,091,091,091,091,091,091,091,091,091,091,091,091,091,091,091,091,091,091,091,091,091,091,091,091,091,091,091,091,091,091,091,091,091,091,091,091,091,091,091,091,091,091,091,091,091,091,091,091,091,091,091,091,091,091,091,091,091,091,091,091,091,091,091,091,091,091,091,091,091,091,091,091,091,091,091,091,091,091,091,091,091,091,091,091,091,091,091,091,091,091,091,091,091,091,091,091,091,091,091,091,091,091,091,091,091,091,091,091,091,091,091,091,091,091,091,091,091,091,091,091,091,091,091,091,091,091,091,091,091,091,091,091,091,091,091,091,091,091,091,091,091,091,091,091,091,091,091,091,091,091,091,091,091,091,091,091,091,091,091,091,091,091,091,091,091,091,091,091,091,091,091,091,091,091,091,091,091,091,091,091,091,091,091,091,091,091,091,091,091,091,091,091,091,091,091,091,091,091,091,091,091,091,091,091,091,091,091,091,091,091,091,091,091,091,091,091,091,091,091,091,091,091,091,091,091,091,091,091,091,091,091,091,091,091,091,091,091,091,091,091,091,091,091,091,091,091,091,091,091,091,091,091,091,091,091,091,091,091,091,091,091,091,091,091,091,091,091,091,091,091,091,091,091,091,091,091,091,091,091,091,091,091,091,091,091,091,091,091,091,091,091,091,091,091,091,091,091,091,091,091,091,091,091,091,091,091,091,091,091,091,091,091,091,091,091,091,091,255,255
255,241,240,240,240,240,240,240,240,240,240,240,240,240,240,240,240,240,240,240,240,240,240,240,240,240,240,240,240,241,091,241,241,241,241,241,241,241,241,241,241,241,241,241,241,241,241,241,241,241,241,241,241,241,241,241,241,241,241,091,242,242,242,242,242,242,242,242,242,242,242,242,242,242,242,242,242,242,242,242,242,242,242,242,242,242,242,242,243,091,243,243,243,243,243,243,243,243,243,243,243,243,243,243,243,243,243,243,243,243,243,243,243,243,243,243,243,244,091,244,244,244,244,244,244,244,244,244,244,244,244,244,244,244,244,244,244,244,244,244,244,244,244,244,244,244,244,091,246,245,245,245,245,245,245,245,245,245,245,245,245,245,245,245,245,245,245,245,245,245,245,245,245,245,245,245,091,247,246,246,246,246,246,246,246,246,246,246,246,246,246,246,246,246,246,246,246,246,246,246,246,246,246,246,246,246,091,248,247,247,247,247,247,247,247,247,247,247,247,247,247,247,247,247,247,247,247,247,247,247,247,247,247,247,247,248,091,248,248,248,248,248,248,248,248,248,248,248,248,248,248,248,248,248,248,248,248,248,248,248,248,248,248,248,249,091,250,249,249,249,249,249,249,249,249,249,249,249,249,249,249,249,249,249,249,249,249,249,249,249,249,249,249,249,091,251,250,250,250,250,250,250,250,250,250,250,250,250,250,250,250,250,250,250,250,250,250,250,250,250,250,250,250,251,091,251,251,251,251,251,251,251,251,251,251,251,251,251,251,251,251,251,251,251,251,251,251,251,251,251,251,251,251,091,253,252,252,252,252,252,252,252,252,252,252,252,252,252,252,252,252,252,252,252,252,252,252,252,252,252,252,252,091,254,253,253,253,253,253,253,253,253,253,253,253,253,253,253,253,253,253,253,253,253,253,253,253,253,253,253,253,253,255,091,254,254,254,254,254,254,254,254,254,254,254,254,254,254,254,254,254,254,254,254,254,254,254,254,254,254,254,091,255,255,255,255,255,255,255,255,255,255,255,255,255,255,255,255,255,255,255,255,255,255,255,255,255,255,255,255,255,255,255
172,246,241,239,239,239,239,239,239,239,239,239,239,239,239,239,239,239,239,239,239,239,239,239,239,239,239,239,242,244,091,244,241,240,240,240,240,240,240,240,240,240,240,240,240,240,240,240,240,240,240,240,240,240,240,240,240,241,244,091,246,242,241,241,241,241,241,241,241,241,241,241,241,241,241,241,241,241,241,241,241,241,241,241,241,241,242,244,246,091,245,243,243,243,243,243,243,243,243,243,243,243,243,243,243,243,243,243,243,243,243,243,243,243,243,242,244,247,091,247,244,244,244,244,244,244,244,244,244,244,244,244,244,244,244,244,244,244,244,244,244,244,244,244,244,244,247,091,249,247,245,245,245,245,245,245,245,245,245,245,245,245,245,245,245,245,245,245,245,245,245,245,245,245,245,247,091,250,249,246,246,246,246,246,246,246,246,246,246,246,246,246,246,246,246,246,246,246,246,246,246,246,246,246,247,250,091,251,248,247,247,247,247,247,247,247,247,247,247,247,247,247,247,247,247,247,247,247,247,247,247,247,247,247,250,252,091,251,248,248,248,248,248,248,248,248,248,248,248,248,248,248,248,248,248,248,248,248,248,248,248,248,248,249,252,091,253,250,249,249,249,249,249,249,249,249,249,249,249,249,249,249,249,249,249,249,249,249,249,249,249,249,249,252,091,255,252,250,250,250,250,250,250,250,250,250,250,250,250,250,250,250,250,250,250,250,250,250,250,250,250,250,251,254,091,255,251,251,251,251,251,251,251,251,251,251,251,251,251,251,251,251,251,251,251,251,251,251,251,251,251,251,254,091,255,253,252,252,252,252,252,252,252,252,252,252,252,252,252,252,252,252,252,252,252,252,252,252,252,252,252,254,091,255,255,253,253,253,253,253,253,253,253,253,253,253,253,253,253,253,253,253,253,253,253,253,253,253,253,253,254,255,255,091,255,254,254,254,254,254,254,254,254,254,254,254,254,254,254,254,254,254,254,254,254,254,254,254,254,254,255,091,255,255,255,255,255,255,255,255,255,255,255,255,255,255,255,255,255,255,255,255,255,255,255,255,255,255,255,255,255,175,146
