  0
SECTION
  2
HEADER
  9
$ACADVER
  1
AC1024
  9
$ACADMAINTVER
 70
6
  9
$DWGCODEPAGE
  3
ANSI_1252
  9
$LASTSAVEDBY
  1
ezdxf
  9
$INSBASE
 10
0.0
 20
0.0
 30
0.0
  9
$EXTMIN
 10
1e+20
 20
1e+20
 30
1e+20
  9
$EXTMAX
 10
-1e+20
 20
-1e+20
 30
-1e+20
  9
$LIMMIN
 10
0.0
 20
0.0
  9
$LIMMAX
 10
420.0
 20
297.0
  9
$ORTHOMODE
 70
0
  9
$REGENMODE
 70
1
  9
$FILLMODE
 70
1
  9
$QTEXTMODE
 70
0
  9
$MIRRTEXT
 70
1
  9
$LTSCALE
 40
1.0
  9
$ATTMODE
 70
1
  9
$TEXTSIZE
 40
2.5
  9
$TRACEWID
 40
1.0
  9
$TEXTSTYLE
  7
Standard
  9
$CLAYER
  8
0
  9
$CELTYPE
  6
ByLayer
  9
$CECOLOR
 62
256
  9
$CELTSCALE
 40
1.0
  9
$DISPSILH
 70
0
  9
$DIMSCALE
 40
1.0
  9
$DIMASZ
 40
2.5
  9
$DIMEXO
 40
0.625
  9
$DIMDLI
 40
3.75
  9
$DIMRND
 40
0.0
  9
$DIMDLE
 40
0.0
  9
$DIMEXE
 40
1.25
  9
$DIMTP
 40
0.0
  9
$DIMTM
 40
0.0
  9
$DIMTXT
 40
2.5
  9
$DIMCEN
 40
2.5
  9
$DIMTSZ
 40
0.0
  9
$DIMTOL
 70
0
  9
$DIMLIM
 70
0
  9
$DIMTIH
 70
0
  9
$DIMTOH
 70
0
  9
$DIMSE1
 70
0
  9
$DIMSE2
 70
0
  9
$DIMTAD
 70
1
  9
$DIMZIN
 70
8
  9
$DIMBLK
  1

  9
$DIMASO
 70
1
  9
$DIMSHO
 70
1
  9
$DIMPOST
  1

  9
$DIMAPOST
  1

  9
$DIMALT
 70
0
  9
$DIMALTD
 70
3
  9
$DIMALTF
 40
0.03937007874
  9
$DIMLFAC
 40
1.0
  9
$DIMTOFL
 70
1
  9
$DIMTVP
 40
0.0
  9
$DIMTIX
 70
0
  9
$DIMSOXD
 70
0
  9
$DIMSAH
 70
0
  9
$DIMBLK1
  1

  9
$DIMBLK2
  1

  9
$DIMSTYLE
  2
ISO-25
  9
$DIMCLRD
 70
0
  9
$DIMCLRE
 70
0
  9
$DIMCLRT
 70
0
  9
$DIMTFAC
 40
1.0
  9
$DIMGAP
 40
0.625
  9
$DIMJUST
 70
0
  9
$DIMSD1
 70
0
  9
$DIMSD2
 70
0
  9
$DIMTOLJ
 70
0
  9
$DIMTZIN
 70
8
  9
$DIMALTZ
 70
0
  9
$DIMALTTZ
 70
0
  9
$DIMUPT
 70
0
  9
$DIMDEC
 70
2
  9
$DIMTDEC
 70
2
  9
$DIMALTU
 70
2
  9
$DIMALTTD
 70
3
  9
$DIMTXSTY
  7
Standard
  9
$DIMAUNIT
 70
0
  9
$DIMADEC
 70
0
  9
$DIMALTRND
 40
0.0
  9
$DIMAZIN
 70
0
  9
$DIMDSEP
 70
44
  9
$DIMATFIT
 70
3
  9
$DIMFRAC
 70
0
  9
$DIMLDRBLK
  1

  9
$DIMLUNIT
 70
2
  9
$DIMLWD
 70
-2
  9
$DIMLWE
 70
-2
  9
$DIMTMOVE
 70
0
  9
$DIMFXL
 40
1.0
  9
$DIMFXLON
 70
0
  9
$DIMJOGANG
 40
0.785398163397
  9
$DIMTFILL
 70
0
  9
$DIMTFILLCLR
 70
0
  9
$DIMARCSYM
 70
0
  9
$DIMLTYPE
  6

  9
$DIMLTEX1
  6

  9
$DIMLTEX2
  6

  9
$DIMTXTDIRECTION
 70
0
  9
$LUNITS
 70
2
  9
$LUPREC
 70
4
  9
$SKETCHINC
 40
1.0
  9
$FILLETRAD
 40
10.0
  9
$AUNITS
 70
0
  9
$AUPREC
 70
2
  9
$MENU
  1
.
  9
$ELEVATION
 40
0.0
  9
$PELEVATION
 40
0.0
  9
$THICKNESS
 40
0.0
  9
$LIMCHECK
 70
0
  9
$CHAMFERA
 40
0.0
  9
$CHAMFERB
 40
0.0
  9
$CHAMFERC
 40
0.0
  9
$CHAMFERD
 40
0.0
  9
$SKPOLY
 70
0
  9
$TDCREATE
 40
2461138.7154282406
  9
$TDUCREATE
 40
2458532.153996898
  9
$TDUPDATE
 40
2461138.7154282406
  9
$TDUUPDATE
 40
2458532.1544311
  9
$TDINDWG
 40
0.0
  9
$TDUSRTIMER
 40
0.0
  9
$USRTIMER
 70
1
  9
$ANGBASE
 50
0.0
  9
$ANGDIR
 70
0
  9
$PDMODE
 70
0
  9
$PDSIZE
 40
0.0
  9
$PLINEWID
 40
0.0
  9
$SPLFRAME
 70
0
  9
$SPLINETYPE
 70
6
  9
$SPLINESEGS
 70
8
  9
$HANDSEED
  5
792
  9
$SURFTAB1
 70
6
  9
$SURFTAB2
 70
6
  9
$SURFTYPE
 70
6
  9
$SURFU
 70
6
  9
$SURFV
 70
6
  9
$UCSBASE
  2

  9
$UCSNAME
  2

  9
$UCSORG
 10
0.0
 20
0.0
 30
0.0
  9
$UCSXDIR
 10
1.0
 20
0.0
 30
0.0
  9
$UCSYDIR
 10
0.0
 20
1.0
 30
0.0
  9
$UCSORTHOREF
  2

  9
$UCSORTHOVIEW
 70
0
  9
$UCSORGTOP
 10
0.0
 20
0.0
 30
0.0
  9
$UCSORGBOTTOM
 10
0.0
 20
0.0
 30
0.0
  9
$UCSORGLEFT
 10
0.0
 20
0.0
 30
0.0
  9
$UCSORGRIGHT
 10
0.0
 20
0.0
 30
0.0
  9
$UCSORGFRONT
 10
0.0
 20
0.0
 30
0.0
  9
$UCSORGBACK
 10
0.0
 20
0.0
 30
0.0
  9
$PUCSBASE
  2

  9
$PUCSNAME
  2

  9
$PUCSORG
 10
0.0
 20
0.0
 30
0.0
  9
$PUCSXDIR
 10
1.0
 20
0.0
 30
0.0
  9
$PUCSYDIR
 10
0.0
 20
1.0
 30
0.0
  9
$PUCSORTHOREF
  2

  9
$PUCSORTHOVIEW
 70
0
  9
$PUCSORGTOP
 10
0.0
 20
0.0
 30
0.0
  9
$PUCSORGBOTTOM
 10
0.0
 20
0.0
 30
0.0
  9
$PUCSORGLEFT
 10
0.0
 20
0.0
 30
0.0
  9
$PUCSORGRIGHT
 10
0.0
 20
0.0
 30
0.0
  9
$PUCSORGFRONT
 10
0.0
 20
0.0
 30
0.0
  9
$PUCSORGBACK
 10
0.0
 20
0.0
 30
0.0
  9
$USERI1
 70
0
  9
$USERI2
 70
0
  9
$USERI3
 70
0
  9
$USERI4
 70
0
  9
$USERI5
 70
0
  9
$USERR1
 40
0.0
  9
$USERR2
 40
0.0
  9
$USERR3
 40
0.0
  9
$USERR4
 40
0.0
  9
$USERR5
 40
0.0
  9
$WORLDVIEW
 70
1
  9
$SHADEDGE
 70
3
  9
$SHADEDIF
 70
70
  9
$TILEMODE
 70
1
  9
$MAXACTVP
 70
64
  9
$PINSBASE
 10
0.0
 20
0.0
 30
0.0
  9
$PLIMCHECK
 70
0
  9
$PEXTMIN
 10
1e+20
 20
1e+20
 30
1e+20
  9
$PEXTMAX
 10
-1e+20
 20
-1e+20
 30
-1e+20
  9
$PLIMMIN
 10
0.0
 20
0.0
  9
$PLIMMAX
 10
420.0
 20
297.0
  9
$UNITMODE
 70
0
  9
$VISRETAIN
 70
1
  9
$PLINEGEN
 70
0
  9
$PSLTSCALE
 70
1
  9
$TREEDEPTH
 70
3020
  9
$CMLSTYLE
  2
Standard
  9
$CMLJUST
 70
0
  9
$CMLSCALE
 40
20.0
  9
$PROXYGRAPHICS
 70
1
  9
$MEASUREMENT
 70
1
  9
$CELWEIGHT
370
-1
  9
$ENDCAPS
280
0
  9
$JOINSTYLE
280
0
  9
$LWDISPLAY
290
0
  9
$INSUNITS
 70
6
  9
$HYPERLINKBASE
  1

  9
$STYLESHEET
  1

  9
$XEDIT
290
1
  9
$CEPSNTYPE
380
0
  9
$PSTYLEMODE
290
1
  9
$FINGERPRINTGUID
  2
{E0F8671A-0E9E-4511-8B95-589B0361EC35}
  9
$VERSIONGUID
  2
{B04D9056-D9F3-4C25-B695-A6627FC0820D}
  9
$EXTNAMES
290
1
  9
$PSVPSCALE
 40
0.0
  9
$OLESTARTUP
290
0
  9
$SORTENTS
280
127
  9
$INDEXCTL
280
0
  9
$HIDETEXT
280
1
  9
$XCLIPFRAME
280
1
  9
$HALOGAP
280
0
  9
$OBSCOLOR
 70
257
  9
$OBSLTYPE
280
0
  9
$INTERSECTIONDISPLAY
280
0
  9
$INTERSECTIONCOLOR
 70
257
  9
$DIMASSOC
280
2
  9
$PROJECTNAME
  1

  9
$CAMERADISPLAY
290
0
  9
$LENSLENGTH
 40
50.0
  9
$CAMERAHEIGHT
 40
0.0
  9
$STEPSPERSEC
 40
24.0
  9
$STEPSIZE
 40
100.0
  9
$3DDWFPREC
 40
2.0
  9
$PSOLWIDTH
 40
0.005
  9
$PSOLHEIGHT
 40
0.08
  9
$LOFTANG1
 40
1.570796326795
  9
$LOFTANG2
 40
1.570796326795
  9
$LOFTMAG1
 40
0.0
  9
$LOFTMAG2
 40
0.0
  9
$LOFTPARAM
 70
7
  9
$LOFTNORMALS
280
1
  9
$LATITUDE
 40
37.795
  9
$LONGITUDE
 40
-122.394
  9
$NORTHDIRECTION
 40
0.0
  9
$TIMEZONE
 70
-8000
  9
$LIGHTGLYPHDISPLAY
280
1
  9
$TILEMODELIGHTSYNCH
280
1
  9
$CMATERIAL
347
20
  9
$SOLIDHIST
280
0
  9
$SHOWHIST
280
1
  9
$DWFFRAME
280
2
  9
$DGNFRAME
280
2
  9
$REALWORLDSCALE
290
1
  9
$INTERFERECOLOR
 62
256
  9
$CSHADOW
280
0
  9
$SHADOWPLANELOCATION
 40
0.0
  0
ENDSEC
  0
SECTION
  2
CLASSES
  0
CLASS
  1
ACDBDICTIONARYWDFLT
  2
AcDbDictionaryWithDefault
  3
ObjectDBX Classes
 90
0
 91
0
280
0
281
0
  0
CLASS
  1
SUN
  2
AcDbSun
  3
SCENEOE
 90
1153
 91
0
280
0
281
0
  0
CLASS
  1
VISUALSTYLE
  2
AcDbVisualStyle
  3
ObjectDBX Classes
 90
4095
 91
0
280
0
281
0
  0
CLASS
  1
MATERIAL
  2
AcDbMaterial
  3
ObjectDBX Classes
 90
1153
 91
0
280
0
281
0
  0
CLASS
  1
SCALE
  2
AcDbScale
  3
ObjectDBX Classes
 90
1153
 91
0
280
0
281
0
  0
CLASS
  1
TABLESTYLE
  2
AcDbTableStyle
  3
ObjectDBX Classes
 90
4095
 91
0
280
0
281
0
  0
CLASS
  1
MLEADERSTYLE
  2
AcDbMLeaderStyle
  3
ACDB_MLEADERSTYLE_CLASS
 90
4095
 91
0
280
0
281
0
  0
CLASS
  1
DICTIONARYVAR
  2
AcDbDictionaryVar
  3
ObjectDBX Classes
 90
0
 91
0
280
0
281
0
  0
CLASS
  1
CELLSTYLEMAP
  2
AcDbCellStyleMap
  3
ObjectDBX Classes
 90
1152
 91
0
280
0
281
0
  0
CLASS
  1
MENTALRAYRENDERSETTINGS
  2
AcDbMentalRayRenderSettings
  3
SCENEOE
 90
1024
 91
0
280
0
281
0
  0
CLASS
  1
ACDBDETAILVIEWSTYLE
  2
AcDbDetailViewStyle
  3
ObjectDBX Classes
 90
1025
 91
0
280
0
281
0
  0
CLASS
  1
ACDBSECTIONVIEWSTYLE
  2
AcDbSectionViewStyle
  3
ObjectDBX Classes
 90
1025
 91
0
280
0
281
0
  0
CLASS
  1
RASTERVARIABLES
  2
AcDbRasterVariables
  3
ISM
 90
0
 91
0
280
0
281
0
  0
CLASS
  1
ACDBPLACEHOLDER
  2
AcDbPlaceHolder
  3
ObjectDBX Classes
 90
0
 91
0
280
0
281
0
  0
CLASS
  1
LAYOUT
  2
AcDbLayout
  3
ObjectDBX Classes
 90
0
 91
0
280
0
281
0
  0
ENDSEC
  0
SECTION
  2
TABLES
  0
TABLE
  2
VPORT
  5
8
330
0
100
AcDbSymbolTable
 70
1
  0
VPORT
  5
23
330
8
100
AcDbSymbolTableRecord
100
AcDbViewportTableRecord
  2
*Active
 70
0
 10
0.0
 20
0.0
 11
1.0
 21
1.0
 12
0.0
 22
0.0
 13
0.0
 23
0.0
 14
0.5
 24
0.5
 15
0.5
 25
0.5
 16
0.0
 26
0.0
 36
1.0
 17
0.0
 27
0.0
 37
0.0
 40
1000.0
 41
1.34
 42
50.0
 43
0.0
 44
0.0
 50
0.0
 51
0.0
 71
0
 72
1000
 73
1
 74
3
 75
0
 76
0
 77
0
 78
0
281
0
 65
0
146
0.0
  0
ENDTAB
  0
TABLE
  2
LTYPE
  5
2
330
0
100
AcDbSymbolTable
 70
3
  0
LTYPE
  5
24
330
2
100
AcDbSymbolTableRecord
100
AcDbLinetypeTableRecord
  2
ByBlock
 70
0
  3

 72
65
 73
0
 40
0.0
  0
LTYPE
  5
25
330
2
100
AcDbSymbolTableRecord
100
AcDbLinetypeTableRecord
  2
ByLayer
 70
0
  3

 72
65
 73
0
 40
0.0
  0
LTYPE
  5
26
330
2
100
AcDbSymbolTableRecord
100
AcDbLinetypeTableRecord
  2
Continuous
 70
0
  3

 72
65
 73
0
 40
0.0
  0
ENDTAB
  0
TABLE
  2
LAYER
  5
1
330
0
100
AcDbSymbolTable
 70
2
  0
LAYER
  5
27
330
1
100
AcDbSymbolTableRecord
100
AcDbLayerTableRecord
  2
0
 70
0
 62
7
  6
Continuous
370
-3
390
13
347
21
  0
LAYER
  5
28
330
1
100
AcDbSymbolTableRecord
100
AcDbLayerTableRecord
  2
Defpoints
 70
0
 62
7
  6
Continuous
290
0
370
-3
390
13
347
21
  0
ENDTAB
  0
TABLE
  2
STYLE
  5
5
330
0
100
AcDbSymbolTable
 70
1
  0
STYLE
  5
29
330
5
100
AcDbSymbolTableRecord
100
AcDbTextStyleTableRecord
  2
Standard
 70
0
 40
0.0
 41
1.0
 50
0.0
 71
0
 42
2.5
  3
txt
  4

  0
ENDTAB
  0
TABLE
  2
VIEW
  5
7
330
0
100
AcDbSymbolTable
 70
0
  0
ENDTAB
  0
TABLE
  2
UCS
  5
6
330
0
100
AcDbSymbolTable
 70
0
  0
ENDTAB
  0
TABLE
  2
APPID
  5
3
330
0
100
AcDbSymbolTable
 70
3
  0
APPID
  5
2A
330
3
100
AcDbSymbolTableRecord
100
AcDbRegAppTableRecord
  2
ACAD
 70
0
  0
APPID
  5
78F
330
3
100
AcDbSymbolTableRecord
100
AcDbRegAppTableRecord
  2
HATCHBACKGROUNDCOLOR
 70
0
  0
APPID
  5
790
330
3
100
AcDbSymbolTableRecord
100
AcDbRegAppTableRecord
  2
EZDXF
 70
0
  0
ENDTAB
  0
TABLE
  2
DIMSTYLE
  5
4
330
0
100
AcDbSymbolTable
 70
1
100
AcDbDimStyleTable
  0
DIMSTYLE
105
2B
330
4
100
AcDbSymbolTableRecord
100
AcDbDimStyleTableRecord
  2
Standard
 70
0
 40
1.0
 41
2.5
 42
0.625
 43
3.75
 44
1.25
 45
0.0
 46
0.0
 47
0.0
 48
0.0
 49
2.5
140
2.5
141
2.5
142
0.0
143
0.03937007874
144
1.0
145
0.0
146
1.0
147
0.625
148
0.0
 69
0
 70
0
 71
0
 72
0
 73
0
 74
0
 75
0
 76
0
 77
1
 78
8
 79
3
170
0
171
3
172
1
173
0
174
0
175
0
176
0
177
0
178
0
179
2
271
2
272
2
273
2
274
3
275
0
276
0
277
2
278
44
279
0
280
0
281
0
282
0
283
0
284
8
285
0
286
0
288
0
289
3
290
0
371
-2
372
-2
  0
ENDTAB
  0
TABLE
  2
BLOCK_RECORD
  5
9
330
0
100
AcDbSymbolTable
 70
2
  0
BLOCK_RECORD
  5
17
330
9
100
AcDbSymbolTableRecord
100
AcDbBlockTableRecord
  2
*Model_Space
340
1A
 70
0
280
1
281
0
  0
BLOCK_RECORD
  5
1B
330
9
100
AcDbSymbolTableRecord
100
AcDbBlockTableRecord
  2
*Paper_Space
340
1E
 70
0
280
1
281
0
  0
ENDTAB
  0
ENDSEC
  0
SECTION
  2
BLOCKS
  0
BLOCK
  5
18
330
17
100
AcDbEntity
  8
0
100
AcDbBlockBegin
  2
*Model_Space
 70
0
 10
0.0
 20
0.0
 30
0.0
  3
*Model_Space
  1

  0
ENDBLK
  5
19
330
17
100
AcDbEntity
  8
0
100
AcDbBlockEnd
  0
BLOCK
  5
1C
330
1B
100
AcDbEntity
  8
0
100
AcDbBlockBegin
  2
*Paper_Space
 70
0
 10
0.0
 20
0.0
 30
0.0
  3
*Paper_Space
  1

  0
ENDBLK
  5
1D
330
1B
100
AcDbEntity
  8
0
100
AcDbBlockEnd
  0
ENDSEC
  0
SECTION
  2
ENTITIES
  0
LINE
  5
2F
330
17
100
AcDbEntity
  8
0
100
AcDbLine
 10
856.517
 20
-315.918
 30
0.0
 11
866.8620000000001
 21
-315.918
 31
0.0
  0
LINE
  5
30
330
17
100
AcDbEntity
  8
0
100
AcDbLine
 10
866.8620000000001
 20
-315.918
 30
0.0
 11
877.2070000000001
 21
-315.918
 31
0.0
  0
LINE
  5
31
330
17
100
AcDbEntity
  8
0
100
AcDbLine
 10
877.2070000000001
 20
-315.918
 30
0.0
 11
887.5520000000001
 21
-315.918
 31
0.0
  0
LINE
  5
32
330
17
100
AcDbEntity
  8
0
100
AcDbLine
 10
887.5520000000001
 20
-315.918
 30
0.0
 11
897.8970000000002
 21
-315.918
 31
0.0
  0
LINE
  5
33
330
17
100
AcDbEntity
  8
0
100
AcDbLine
 10
897.8970000000002
 20
-315.918
 30
0.0
 11
908.2420000000002
 21
-315.918
 31
0.0
  0
LINE
  5
34
330
17
100
AcDbEntity
  8
0
100
AcDbLine
 10
908.2420000000002
 20
-315.918
 30
0.0
 11
918.5870000000002
 21
-315.918
 31
0.0
  0
LINE
  5
35
330
17
100
AcDbEntity
  8
0
100
AcDbLine
 10
918.5870000000002
 20
-315.918
 30
0.0
 11
928.9320000000002
 21
-315.918
 31
0.0
  0
LINE
  5
36
330
17
100
AcDbEntity
  8
0
100
AcDbLine
 10
928.9320000000002
 20
-315.918
 30
0.0
 11
939.2770000000003
 21
-315.918
 31
0.0
  0
LINE
  5
37
330
17
100
AcDbEntity
  8
0
100
AcDbLine
 10
939.2770000000003
 20
-315.918
 30
0.0
 11
949.6220000000003
 21
-315.918
 31
0.0
  0
LINE
  5
38
330
17
100
AcDbEntity
  8
0
100
AcDbLine
 10
949.6220000000003
 20
-315.918
 30
0.0
 11
959.9670000000003
 21
-315.918
 31
0.0
  0
LINE
  5
39
330
17
100
AcDbEntity
  8
0
100
AcDbLine
 10
959.9670000000003
 20
-315.918
 30
0.0
 11
970.3120000000004
 21
-315.918
 31
0.0
  0
LINE
  5
3A
330
17
100
AcDbEntity
  8
0
100
AcDbLine
 10
970.3120000000004
 20
-315.918
 30
0.0
 11
980.6570000000004
 21
-315.918
 31
0.0
  0
LINE
  5
3B
330
17
100
AcDbEntity
  8
0
100
AcDbLine
 10
980.6570000000004
 20
-315.918
 30
0.0
 11
991.0020000000004
 21
-315.918
 31
0.0
  0
LINE
  5
3C
330
17
100
AcDbEntity
  8
0
100
AcDbLine
 10
991.0020000000004
 20
-315.918
 30
0.0
 11
1001.3470000000004
 21
-315.918
 31
0.0
  0
LINE
  5
3D
330
17
100
AcDbEntity
  8
0
100
AcDbLine
 10
1001.3470000000004
 20
-315.918
 30
0.0
 11
1011.6920000000005
 21
-315.918
 31
0.0
  0
LINE
  5
3E
330
17
100
AcDbEntity
  8
0
100
AcDbLine
 10
1011.6920000000005
 20
-315.918
 30
0.0
 11
1022.0370000000005
 21
-315.918
 31
0.0
  0
LINE
  5
3F
330
17
100
AcDbEntity
  8
0
100
AcDbLine
 10
1022.0370000000005
 20
-315.918
 30
0.0
 11
1021.4610000000005
 21
-317.502
 31
0.0
  0
LINE
  5
40
330
17
100
AcDbEntity
  8
0
100
AcDbLine
 10
1021.4610000000005
 20
-317.502
 30
0.0
 11
1020.8850000000004
 21
-319.086
 31
0.0
  0
LINE
  5
41
330
17
100
AcDbEntity
  8
0
100
AcDbLine
 10
1020.8850000000004
 20
-319.086
 30
0.0
 11
1020.3090000000004
 21
-320.67
 31
0.0
  0
LINE
  5
42
330
17
100
AcDbEntity
  8
0
100
AcDbLine
 10
1020.3090000000004
 20
-320.67
 30
0.0
 11
1019.7330000000004
 21
-322.254
 31
0.0
  0
LINE
  5
43
330
17
100
AcDbEntity
  8
0
100
AcDbLine
 10
1019.7330000000004
 20
-322.254
 30
0.0
 11
1019.1570000000004
 21
-323.838
 31
0.0
  0
LINE
  5
44
330
17
100
AcDbEntity
  8
0
100
AcDbLine
 10
1019.1570000000004
 20
-323.838
 30
0.0
 11
1018.5810000000004
 21
-325.422
 31
0.0
  0
LINE
  5
45
330
17
100
AcDbEntity
  8
0
100
AcDbLine
 10
1018.5810000000004
 20
-325.422
 30
0.0
 11
1018.0050000000003
 21
-327.00600000000003
 31
0.0
  0
LINE
  5
46
330
17
100
AcDbEntity
  8
0
100
AcDbLine
 10
1018.0050000000003
 20
-327.00600000000003
 30
0.0
 11
1017.4290000000003
 21
-328.59000000000003
 31
0.0
  0
LINE
  5
47
330
17
100
AcDbEntity
  8
0
100
AcDbLine
 10
1017.4290000000003
 20
-328.59000000000003
 30
0.0
 11
1016.8530000000003
 21
-330.17400000000004
 31
0.0
  0
LINE
  5
48
330
17
100
AcDbEntity
  8
0
100
AcDbLine
 10
1016.8530000000003
 20
-330.17400000000004
 30
0.0
 11
1016.2770000000003
 21
-331.75800000000004
 31
0.0
  0
LINE
  5
49
330
17
100
AcDbEntity
  8
0
100
AcDbLine
 10
1016.2770000000003
 20
-331.75800000000004
 30
0.0
 11
1015.7010000000002
 21
-333.34200000000004
 31
0.0
  0
LINE
  5
4A
330
17
100
AcDbEntity
  8
0
100
AcDbLine
 10
1015.7010000000002
 20
-333.34200000000004
 30
0.0
 11
1015.1250000000002
 21
-334.92600000000004
 31
0.0
  0
LINE
  5
4B
330
17
100
AcDbEntity
  8
0
100
AcDbLine
 10
1015.1250000000002
 20
-334.92600000000004
 30
0.0
 11
1014.5490000000002
 21
-336.51000000000005
 31
0.0
  0
LINE
  5
4C
330
17
100
AcDbEntity
  8
0
100
AcDbLine
 10
1014.5490000000002
 20
-336.51000000000005
 30
0.0
 11
1013.9730000000002
 21
-338.09400000000005
 31
0.0
  0
LINE
  5
4D
330
17
100
AcDbEntity
  8
0
100
AcDbLine
 10
1013.9730000000002
 20
-338.09400000000005
 30
0.0
 11
1013.3970000000002
 21
-339.67800000000005
 31
0.0
  0
LINE
  5
4E
330
17
100
AcDbEntity
  8
0
100
AcDbLine
 10
1013.3970000000002
 20
-339.67800000000005
 30
0.0
 11
1012.8210000000001
 21
-341.26200000000006
 31
0.0
  0
LINE
  5
4F
330
17
100
AcDbEntity
  8
0
100
AcDbLine
 10
1012.8210000000001
 20
-341.26200000000006
 30
0.0
 11
1002.4380000000001
 21
-341.3380000000001
 31
0.0
  0
LINE
  5
50
330
17
100
AcDbEntity
  8
0
100
AcDbLine
 10
1002.4380000000001
 20
-341.3380000000001
 30
0.0
 11
992.0550000000001
 21
-341.4140000000001
 31
0.0
  0
LINE
  5
51
330
17
100
AcDbEntity
  8
0
100
AcDbLine
 10
992.0550000000001
 20
-341.4140000000001
 30
0.0
 11
981.672
 21
-341.4900000000001
 31
0.0
  0
LINE
  5
52
330
17
100
AcDbEntity
  8
0
100
AcDbLine
 10
981.672
 20
-341.4900000000001
 30
0.0
 11
971.289
 21
-341.56600000000014
 31
0.0
  0
LINE
  5
53
330
17
100
AcDbEntity
  8
0
100
AcDbLine
 10
971.289
 20
-341.56600000000014
 30
0.0
 11
960.906
 21
-341.64200000000017
 31
0.0
  0
LINE
  5
54
330
17
100
AcDbEntity
  8
0
100
AcDbLine
 10
960.906
 20
-341.64200000000017
 30
0.0
 11
950.5229999999999
 21
-341.7180000000002
 31
0.0
  0
LINE
  5
55
330
17
100
AcDbEntity
  8
0
100
AcDbLine
 10
950.5229999999999
 20
-341.7180000000002
 30
0.0
 11
940.1399999999999
 21
-341.7940000000002
 31
0.0
  0
LINE
  5
56
330
17
100
AcDbEntity
  8
0
100
AcDbLine
 10
940.1399999999999
 20
-341.7940000000002
 30
0.0
 11
929.7569999999998
 21
-341.87000000000023
 31
0.0
  0
LINE
  5
57
330
17
100
AcDbEntity
  8
0
100
AcDbLine
 10
929.7569999999998
 20
-341.87000000000023
 30
0.0
 11
919.3739999999998
 21
-341.94600000000025
 31
0.0
  0
LINE
  5
58
330
17
100
AcDbEntity
  8
0
100
AcDbLine
 10
919.3739999999998
 20
-341.94600000000025
 30
0.0
 11
908.9909999999998
 21
-342.0220000000003
 31
0.0
  0
LINE
  5
59
330
17
100
AcDbEntity
  8
0
100
AcDbLine
 10
908.9909999999998
 20
-342.0220000000003
 30
0.0
 11
898.6079999999997
 21
-342.0980000000003
 31
0.0
  0
LINE
  5
5A
330
17
100
AcDbEntity
  8
0
100
AcDbLine
 10
898.6079999999997
 20
-342.0980000000003
 30
0.0
 11
888.2249999999997
 21
-342.1740000000003
 31
0.0
  0
LINE
  5
5B
330
17
100
AcDbEntity
  8
0
100
AcDbLine
 10
888.2249999999997
 20
-342.1740000000003
 30
0.0
 11
877.8419999999996
 21
-342.25000000000034
 31
0.0
  0
LINE
  5
5C
330
17
100
AcDbEntity
  8
0
100
AcDbLine
 10
877.8419999999996
 20
-342.25000000000034
 30
0.0
 11
867.4589999999996
 21
-342.32600000000036
 31
0.0
  0
LINE
  5
5D
330
17
100
AcDbEntity
  8
0
100
AcDbLine
 10
867.4589999999996
 20
-342.32600000000036
 30
0.0
 11
857.0759999999996
 21
-342.4020000000004
 31
0.0
  0
LINE
  5
5E
330
17
100
AcDbEntity
  8
0
100
AcDbLine
 10
857.0759999999996
 20
-342.4020000000004
 30
0.0
 11
846.6929999999995
 21
-342.4780000000004
 31
0.0
  0
LINE
  5
5F
330
17
100
AcDbEntity
  8
0
100
AcDbLine
 10
846.6929999999995
 20
-342.4780000000004
 30
0.0
 11
847.3069999999996
 21
-340.8180000000004
 31
0.0
  0
LINE
  5
60
330
17
100
AcDbEntity
  8
0
100
AcDbLine
 10
847.3069999999996
 20
-340.8180000000004
 30
0.0
 11
847.9209999999996
 21
-339.15800000000036
 31
0.0
  0
LINE
  5
61
330
17
100
AcDbEntity
  8
0
100
AcDbLine
 10
847.9209999999996
 20
-339.15800000000036
 30
0.0
 11
848.5349999999996
 21
-337.49800000000033
 31
0.0
  0
LINE
  5
62
330
17
100
AcDbEntity
  8
0
100
AcDbLine
 10
848.5349999999996
 20
-337.49800000000033
 30
0.0
 11
849.1489999999997
 21
-335.8380000000003
 31
0.0
  0
LINE
  5
63
330
17
100
AcDbEntity
  8
0
100
AcDbLine
 10
849.1489999999997
 20
-335.8380000000003
 30
0.0
 11
849.7629999999997
 21
-334.1780000000003
 31
0.0
  0
LINE
  5
64
330
17
100
AcDbEntity
  8
0
100
AcDbLine
 10
849.7629999999997
 20
-334.1780000000003
 30
0.0
 11
850.3769999999997
 21
-332.51800000000026
 31
0.0
  0
LINE
  5
65
330
17
100
AcDbEntity
  8
0
100
AcDbLine
 10
850.3769999999997
 20
-332.51800000000026
 30
0.0
 11
850.9909999999998
 21
-330.85800000000023
 31
0.0
  0
LINE
  5
66
330
17
100
AcDbEntity
  8
0
100
AcDbLine
 10
850.9909999999998
 20
-330.85800000000023
 30
0.0
 11
851.6049999999998
 21
-329.1980000000002
 31
0.0
  0
LINE
  5
67
330
17
100
AcDbEntity
  8
0
100
AcDbLine
 10
851.6049999999998
 20
-329.1980000000002
 30
0.0
 11
852.2189999999998
 21
-327.5380000000002
 31
0.0
  0
LINE
  5
68
330
17
100
AcDbEntity
  8
0
100
AcDbLine
 10
852.2189999999998
 20
-327.5380000000002
 30
0.0
 11
852.8329999999999
 21
-325.87800000000016
 31
0.0
  0
LINE
  5
69
330
17
100
AcDbEntity
  8
0
100
AcDbLine
 10
852.8329999999999
 20
-325.87800000000016
 30
0.0
 11
853.4469999999999
 21
-324.21800000000013
 31
0.0
  0
LINE
  5
6A
330
17
100
AcDbEntity
  8
0
100
AcDbLine
 10
853.4469999999999
 20
-324.21800000000013
 30
0.0
 11
854.0609999999999
 21
-322.5580000000001
 31
0.0
  0
LINE
  5
6B
330
17
100
AcDbEntity
  8
0
100
AcDbLine
 10
854.0609999999999
 20
-322.5580000000001
 30
0.0
 11
854.675
 21
-320.8980000000001
 31
0.0
  0
LINE
  5
6C
330
17
100
AcDbEntity
  8
0
100
AcDbLine
 10
854.675
 20
-320.8980000000001
 30
0.0
 11
855.289
 21
-319.23800000000006
 31
0.0
  0
LINE
  5
6D
330
17
100
AcDbEntity
  8
0
100
AcDbLine
 10
855.289
 20
-319.23800000000006
 30
0.0
 11
855.903
 21
-317.57800000000003
 31
0.0
  0
LINE
  5
6E
330
17
100
AcDbEntity
  8
0
100
AcDbLine
 10
855.903
 20
-317.57800000000003
 30
0.0
 11
856.517
 21
-315.918
 31
0.0
  0
LINE
  5
6F
330
17
100
AcDbEntity
  8
0
100
AcDbLine
 10
970.096
 20
-300.305
 30
0.0
 11
970.106
 21
-299.439
 31
0.0
  0
LINE
  5
70
330
17
100
AcDbEntity
  8
0
100
AcDbLine
 10
970.106
 20
-299.439
 30
0.0
 11
970.116
 21
-298.57300000000004
 31
0.0
  0
LINE
  5
71
330
17
100
AcDbEntity
  8
0
100
AcDbLine
 10
970.116
 20
-298.57300000000004
 30
0.0
 11
970.126
 21
-297.70700000000005
 31
0.0
  0
LINE
  5
72
330
17
100
AcDbEntity
  8
0
100
AcDbLine
 10
970.126
 20
-297.70700000000005
 30
0.0
 11
970.136
 21
-296.84100000000007
 31
0.0
  0
LINE
  5
73
330
17
100
AcDbEntity
  8
0
100
AcDbLine
 10
970.136
 20
-296.84100000000007
 30
0.0
 11
970.146
 21
-295.9750000000001
 31
0.0
  0
LINE
  5
74
330
17
100
AcDbEntity
  8
0
100
AcDbLine
 10
970.146
 20
-295.9750000000001
 30
0.0
 11
970.156
 21
-295.1090000000001
 31
0.0
  0
LINE
  5
75
330
17
100
AcDbEntity
  8
0
100
AcDbLine
 10
970.156
 20
-295.1090000000001
 30
0.0
 11
970.1659999999999
 21
-294.2430000000001
 31
0.0
  0
LINE
  5
76
330
17
100
AcDbEntity
  8
0
100
AcDbLine
 10
970.1659999999999
 20
-294.2430000000001
 30
0.0
 11
970.1759999999999
 21
-293.3770000000001
 31
0.0
  0
LINE
  5
77
330
17
100
AcDbEntity
  8
0
100
AcDbLine
 10
970.1759999999999
 20
-293.3770000000001
 30
0.0
 11
970.1859999999999
 21
-292.51100000000014
 31
0.0
  0
LINE
  5
78
330
17
100
AcDbEntity
  8
0
100
AcDbLine
 10
970.1859999999999
 20
-292.51100000000014
 30
0.0
 11
970.1959999999999
 21
-291.64500000000015
 31
0.0
  0
LINE
  5
79
330
17
100
AcDbEntity
  8
0
100
AcDbLine
 10
970.1959999999999
 20
-291.64500000000015
 30
0.0
 11
970.2059999999999
 21
-290.77900000000017
 31
0.0
  0
LINE
  5
7A
330
17
100
AcDbEntity
  8
0
100
AcDbLine
 10
970.2059999999999
 20
-290.77900000000017
 30
0.0
 11
970.2159999999999
 21
-289.9130000000002
 31
0.0
  0
LINE
  5
7B
330
17
100
AcDbEntity
  8
0
100
AcDbLine
 10
970.2159999999999
 20
-289.9130000000002
 30
0.0
 11
970.2259999999999
 21
-289.0470000000002
 31
0.0
  0
LINE
  5
7C
330
17
100
AcDbEntity
  8
0
100
AcDbLine
 10
970.2259999999999
 20
-289.0470000000002
 30
0.0
 11
970.2359999999999
 21
-288.1810000000002
 31
0.0
  0
LINE
  5
7D
330
17
100
AcDbEntity
  8
0
100
AcDbLine
 10
970.2359999999999
 20
-288.1810000000002
 30
0.0
 11
970.2459999999999
 21
-287.3150000000002
 31
0.0
  0
LINE
  5
7E
330
17
100
AcDbEntity
  8
0
100
AcDbLine
 10
970.2459999999999
 20
-287.3150000000002
 30
0.0
 11
970.2559999999999
 21
-286.44900000000024
 31
0.0
  0
LINE
  5
7F
330
17
100
AcDbEntity
  8
0
100
AcDbLine
 10
970.2559999999999
 20
-286.44900000000024
 30
0.0
 11
981.4579999999999
 21
-286.33500000000026
 31
0.0
  0
LINE
  5
80
330
17
100
AcDbEntity
  8
0
100
AcDbLine
 10
981.4579999999999
 20
-286.33500000000026
 30
0.0
 11
992.6599999999999
 21
-286.2210000000003
 31
0.0
  0
LINE
  5
81
330
17
100
AcDbEntity
  8
0
100
AcDbLine
 10
992.6599999999999
 20
-286.2210000000003
 30
0.0
 11
1003.8619999999999
 21
-286.1070000000003
 31
0.0
  0
LINE
  5
82
330
17
100
AcDbEntity
  8
0
100
AcDbLine
 10
1003.8619999999999
 20
-286.1070000000003
 30
0.0
 11
1015.0639999999999
 21
-285.99300000000034
 31
0.0
  0
LINE
  5
83
330
17
100
AcDbEntity
  8
0
100
AcDbLine
 10
1015.0639999999999
 20
-285.99300000000034
 30
0.0
 11
1026.2659999999998
 21
-285.87900000000036
 31
0.0
  0
LINE
  5
84
330
17
100
AcDbEntity
  8
0
100
AcDbLine
 10
1026.2659999999998
 20
-285.87900000000036
 30
0.0
 11
1037.4679999999998
 21
-285.7650000000004
 31
0.0
  0
LINE
  5
85
330
17
100
AcDbEntity
  8
0
100
AcDbLine
 10
1037.4679999999998
 20
-285.7650000000004
 30
0.0
 11
1048.6699999999998
 21
-285.6510000000004
 31
0.0
  0
LINE
  5
86
330
17
100
AcDbEntity
  8
0
100
AcDbLine
 10
1048.6699999999998
 20
-285.6510000000004
 30
0.0
 11
1059.8719999999998
 21
-285.53700000000043
 31
0.0
  0
LINE
  5
87
330
17
100
AcDbEntity
  8
0
100
AcDbLine
 10
1059.8719999999998
 20
-285.53700000000043
 30
0.0
 11
1071.0739999999998
 21
-285.42300000000046
 31
0.0
  0
LINE
  5
88
330
17
100
AcDbEntity
  8
0
100
AcDbLine
 10
1071.0739999999998
 20
-285.42300000000046
 30
0.0
 11
1082.2759999999998
 21
-285.3090000000005
 31
0.0
  0
LINE
  5
89
330
17
100
AcDbEntity
  8
0
100
AcDbLine
 10
1082.2759999999998
 20
-285.3090000000005
 30
0.0
 11
1093.4779999999998
 21
-285.1950000000005
 31
0.0
  0
LINE
  5
8A
330
17
100
AcDbEntity
  8
0
100
AcDbLine
 10
1093.4779999999998
 20
-285.1950000000005
 30
0.0
 11
1104.6799999999998
 21
-285.08100000000053
 31
0.0
  0
LINE
  5
8B
330
17
100
AcDbEntity
  8
0
100
AcDbLine
 10
1104.6799999999998
 20
-285.08100000000053
 30
0.0
 11
1115.8819999999998
 21
-284.96700000000055
 31
0.0
  0
LINE
  5
8C
330
17
100
AcDbEntity
  8
0
100
AcDbLine
 10
1115.8819999999998
 20
-284.96700000000055
 30
0.0
 11
1127.0839999999998
 21
-284.8530000000006
 31
0.0
  0
LINE
  5
8D
330
17
100
AcDbEntity
  8
0
100
AcDbLine
 10
1127.0839999999998
 20
-284.8530000000006
 30
0.0
 11
1138.2859999999998
 21
-284.7390000000006
 31
0.0
  0
LINE
  5
8E
330
17
100
AcDbEntity
  8
0
100
AcDbLine
 10
1138.2859999999998
 20
-284.7390000000006
 30
0.0
 11
1149.4879999999998
 21
-284.6250000000006
 31
0.0
  0
LINE
  5
8F
330
17
100
AcDbEntity
  8
0
100
AcDbLine
 10
1149.4879999999998
 20
-284.6250000000006
 30
0.0
 11
1149.427
 21
-286.23200000000065
 31
0.0
  0
LINE
  5
90
330
17
100
AcDbEntity
  8
0
100
AcDbLine
 10
1149.427
 20
-286.23200000000065
 30
0.0
 11
1149.366
 21
-287.8390000000007
 31
0.0
  0
LINE
  5
91
330
17
100
AcDbEntity
  8
0
100
AcDbLine
 10
1149.366
 20
-287.8390000000007
 30
0.0
 11
1149.305
 21
-289.4460000000007
 31
0.0
  0
LINE
  5
92
330
17
100
AcDbEntity
  8
0
100
AcDbLine
 10
1149.305
 20
-289.4460000000007
 30
0.0
 11
1149.2440000000001
 21
-291.05300000000074
 31
0.0
  0
LINE
  5
93
330
17
100
AcDbEntity
  8
0
100
AcDbLine
 10
1149.2440000000001
 20
-291.05300000000074
 30
0.0
 11
1149.1830000000002
 21
-292.66000000000076
 31
0.0
  0
LINE
  5
94
330
17
100
AcDbEntity
  8
0
100
AcDbLine
 10
1149.1830000000002
 20
-292.66000000000076
 30
0.0
 11
1149.1220000000003
 21
-294.2670000000008
 31
0.0
  0
LINE
  5
95
330
17
100
AcDbEntity
  8
0
100
AcDbLine
 10
1149.1220000000003
 20
-294.2670000000008
 30
0.0
 11
1149.0610000000004
 21
-295.8740000000008
 31
0.0
  0
LINE
  5
96
330
17
100
AcDbEntity
  8
0
100
AcDbLine
 10
1149.0610000000004
 20
-295.8740000000008
 30
0.0
 11
1149.0000000000005
 21
-297.48100000000085
 31
0.0
  0
LINE
  5
97
330
17
100
AcDbEntity
  8
0
100
AcDbLine
 10
1149.0000000000005
 20
-297.48100000000085
 30
0.0
 11
1148.9390000000005
 21
-299.0880000000009
 31
0.0
  0
LINE
  5
98
330
17
100
AcDbEntity
  8
0
100
AcDbLine
 10
1148.9390000000005
 20
-299.0880000000009
 30
0.0
 11
1148.8780000000006
 21
-300.6950000000009
 31
0.0
  0
LINE
  5
99
330
17
100
AcDbEntity
  8
0
100
AcDbLine
 10
1148.8780000000006
 20
-300.6950000000009
 30
0.0
 11
1148.8170000000007
 21
-302.30200000000093
 31
0.0
  0
LINE
  5
9A
330
17
100
AcDbEntity
  8
0
100
AcDbLine
 10
1148.8170000000007
 20
-302.30200000000093
 30
0.0
 11
1148.7560000000008
 21
-303.90900000000096
 31
0.0
  0
LINE
  5
9B
330
17
100
AcDbEntity
  8
0
100
AcDbLine
 10
1148.7560000000008
 20
-303.90900000000096
 30
0.0
 11
1148.6950000000008
 21
-305.516000000001
 31
0.0
  0
LINE
  5
9C
330
17
100
AcDbEntity
  8
0
100
AcDbLine
 10
1148.6950000000008
 20
-305.516000000001
 30
0.0
 11
1148.634000000001
 21
-307.123000000001
 31
0.0
  0
LINE
  5
9D
330
17
100
AcDbEntity
  8
0
100
AcDbLine
 10
1148.634000000001
 20
-307.123000000001
 30
0.0
 11
1148.573000000001
 21
-308.73000000000104
 31
0.0
  0
LINE
  5
9E
330
17
100
AcDbEntity
  8
0
100
AcDbLine
 10
1148.573000000001
 20
-308.73000000000104
 30
0.0
 11
1148.512000000001
 21
-310.33700000000107
 31
0.0
  0
LINE
  5
9F
330
17
100
AcDbEntity
  8
0
100
AcDbLine
 10
1148.512000000001
 20
-310.33700000000107
 30
0.0
 11
1137.0750000000012
 21
-310.4130000000011
 31
0.0
  0
LINE
  5
A0
330
17
100
AcDbEntity
  8
0
100
AcDbLine
 10
1137.0750000000012
 20
-310.4130000000011
 30
0.0
 11
1125.6380000000013
 21
-310.4890000000011
 31
0.0
  0
LINE
  5
A1
330
17
100
AcDbEntity
  8
0
100
AcDbLine
 10
1125.6380000000013
 20
-310.4890000000011
 30
0.0
 11
1114.2010000000014
 21
-310.56500000000113
 31
0.0
  0
LINE
  5
A2
330
17
100
AcDbEntity
  8
0
100
AcDbLine
 10
1114.2010000000014
 20
-310.56500000000113
 30
0.0
 11
1102.7650000000015
 21
-310.64100000000116
 31
0.0
  0
LINE
  5
A3
330
17
100
AcDbEntity
  8
0
100
AcDbLine
 10
1102.7650000000015
 20
-310.64100000000116
 30
0.0
 11
1091.3280000000016
 21
-310.7170000000012
 31
0.0
  0
LINE
  5
A4
330
17
100
AcDbEntity
  8
0
100
AcDbLine
 10
1091.3280000000016
 20
-310.7170000000012
 30
0.0
 11
1079.8910000000017
 21
-310.7930000000012
 31
0.0
  0
LINE
  5
A5
330
17
100
AcDbEntity
  8
0
100
AcDbLine
 10
1079.8910000000017
 20
-310.7930000000012
 30
0.0
 11
1068.4540000000018
 21
-310.8690000000012
 31
0.0
  0
LINE
  5
A6
330
17
100
AcDbEntity
  8
0
100
AcDbLine
 10
1068.4540000000018
 20
-310.8690000000012
 30
0.0
 11
1057.0170000000019
 21
-310.94500000000124
 31
0.0
  0
LINE
  5
A7
330
17
100
AcDbEntity
  8
0
100
AcDbLine
 10
1057.0170000000019
 20
-310.94500000000124
 30
0.0
 11
1045.581000000002
 21
-311.02100000000127
 31
0.0
  0
LINE
  5
A8
330
17
100
AcDbEntity
  8
0
100
AcDbLine
 10
1045.581000000002
 20
-311.02100000000127
 30
0.0
 11
1034.144000000002
 21
-311.0970000000013
 31
0.0
  0
LINE
  5
A9
330
17
100
AcDbEntity
  8
0
100
AcDbLine
 10
1034.144000000002
 20
-311.0970000000013
 30
0.0
 11
1022.707000000002
 21
-311.1730000000013
 31
0.0
  0
LINE
  5
AA
330
17
100
AcDbEntity
  8
0
100
AcDbLine
 10
1022.707000000002
 20
-311.1730000000013
 30
0.0
 11
1011.270000000002
 21
-311.24900000000133
 31
0.0
  0
LINE
  5
AB
330
17
100
AcDbEntity
  8
0
100
AcDbLine
 10
1011.270000000002
 20
-311.24900000000133
 30
0.0
 11
999.833000000002
 21
-311.32500000000135
 31
0.0
  0
LINE
  5
AC
330
17
100
AcDbEntity
  8
0
100
AcDbLine
 10
999.833000000002
 20
-311.32500000000135
 30
0.0
 11
988.397000000002
 21
-311.4010000000014
 31
0.0
  0
LINE
  5
AD
330
17
100
AcDbEntity
  8
0
100
AcDbLine
 10
988.397000000002
 20
-311.4010000000014
 30
0.0
 11
976.960000000002
 21
-311.4770000000014
 31
0.0
  0
LINE
  5
AE
330
17
100
AcDbEntity
  8
0
100
AcDbLine
 10
976.960000000002
 20
-311.4770000000014
 30
0.0
 11
965.523000000002
 21
-311.5530000000014
 31
0.0
  0
LINE
  5
AF
330
17
100
AcDbEntity
  8
0
100
AcDbLine
 10
965.523000000002
 20
-311.5530000000014
 30
0.0
 11
966.0490000000019
 21
-310.9720000000014
 31
0.0
  0
LINE
  5
B0
330
17
100
AcDbEntity
  8
0
100
AcDbLine
 10
966.0490000000019
 20
-310.9720000000014
 30
0.0
 11
966.5450000000019
 21
-310.3690000000014
 31
0.0
  0
LINE
  5
B1
330
17
100
AcDbEntity
  8
0
100
AcDbLine
 10
966.5450000000019
 20
-310.3690000000014
 30
0.0
 11
967.0110000000019
 21
-309.74500000000137
 31
0.0
  0
LINE
  5
B2
330
17
100
AcDbEntity
  8
0
100
AcDbLine
 10
967.0110000000019
 20
-309.74500000000137
 30
0.0
 11
967.4460000000018
 21
-309.1020000000014
 31
0.0
  0
LINE
  5
B3
330
17
100
AcDbEntity
  8
0
100
AcDbLine
 10
967.4460000000018
 20
-309.1020000000014
 30
0.0
 11
967.8500000000018
 21
-308.4410000000014
 31
0.0
  0
LINE
  5
B4
330
17
100
AcDbEntity
  8
0
100
AcDbLine
 10
967.8500000000018
 20
-308.4410000000014
 30
0.0
 11
968.2220000000018
 21
-307.7630000000014
 31
0.0
  0
LINE
  5
B5
330
17
100
AcDbEntity
  8
0
100
AcDbLine
 10
968.2220000000018
 20
-307.7630000000014
 30
0.0
 11
968.5620000000018
 21
-307.0690000000014
 31
0.0
  0
LINE
  5
B6
330
17
100
AcDbEntity
  8
0
100
AcDbLine
 10
968.5620000000018
 20
-307.0690000000014
 30
0.0
 11
968.8690000000018
 21
-306.3600000000014
 31
0.0
  0
LINE
  5
B7
330
17
100
AcDbEntity
  8
0
100
AcDbLine
 10
968.8690000000018
 20
-306.3600000000014
 30
0.0
 11
969.1430000000018
 21
-305.6380000000014
 31
0.0
  0
LINE
  5
B8
330
17
100
AcDbEntity
  8
0
100
AcDbLine
 10
969.1430000000018
 20
-305.6380000000014
 30
0.0
 11
969.3830000000019
 21
-304.9040000000014
 31
0.0
  0
LINE
  5
B9
330
17
100
AcDbEntity
  8
0
100
AcDbLine
 10
969.3830000000019
 20
-304.9040000000014
 30
0.0
 11
969.5890000000019
 21
-304.1590000000014
 31
0.0
  0
LINE
  5
BA
330
17
100
AcDbEntity
  8
0
100
AcDbLine
 10
969.5890000000019
 20
-304.1590000000014
 30
0.0
 11
969.7600000000019
 21
-303.4040000000014
 31
0.0
  0
LINE
  5
BB
330
17
100
AcDbEntity
  8
0
100
AcDbLine
 10
969.7600000000019
 20
-303.4040000000014
 30
0.0
 11
969.8960000000019
 21
-302.6400000000014
 31
0.0
  0
LINE
  5
BC
330
17
100
AcDbEntity
  8
0
100
AcDbLine
 10
969.8960000000019
 20
-302.6400000000014
 30
0.0
 11
969.9960000000019
 21
-301.8680000000014
 31
0.0
  0
LINE
  5
BD
330
17
100
AcDbEntity
  8
0
100
AcDbLine
 10
969.9960000000019
 20
-301.8680000000014
 30
0.0
 11
970.0600000000019
 21
-301.0900000000014
 31
0.0
  0
LINE
  5
BE
330
17
100
AcDbEntity
  8
0
100
AcDbLine
 10
970.0600000000019
 20
-301.0900000000014
 30
0.0
 11
970.0880000000019
 21
-300.3070000000014
 31
0.0
  0
LINE
  5
BF
330
17
100
AcDbEntity
  8
0
100
AcDbLine
 10
1094.7400000000018
 20
-315.13700000000136
 30
0.0
 11
1095.1840000000018
 21
-315.1410000000014
 31
0.0
  0
LINE
  5
C0
330
17
100
AcDbEntity
  8
0
100
AcDbLine
 10
1095.1840000000018
 20
-315.1410000000014
 30
0.0
 11
1096.4520000000018
 21
-315.1480000000014
 31
0.0
  0
LINE
  5
C1
330
17
100
AcDbEntity
  8
0
100
AcDbLine
 10
1096.4520000000018
 20
-315.1480000000014
 30
0.0
 11
1098.4470000000017
 21
-315.1520000000014
 31
0.0
  0
LINE
  5
C2
330
17
100
AcDbEntity
  8
0
100
AcDbLine
 10
1098.4470000000017
 20
-315.1520000000014
 30
0.0
 11
1101.0730000000017
 21
-315.1470000000014
 31
0.0
  0
LINE
  5
C3
330
17
100
AcDbEntity
  8
0
100
AcDbLine
 10
1101.0730000000017
 20
-315.1470000000014
 30
0.0
 11
1104.2330000000018
 21
-315.12700000000143
 31
0.0
  0
LINE
  5
C4
330
17
100
AcDbEntity
  8
0
100
AcDbLine
 10
1104.2330000000018
 20
-315.12700000000143
 30
0.0
 11
1107.8300000000017
 21
-315.0870000000014
 31
0.0
  0
LINE
  5
C5
330
17
100
AcDbEntity
  8
0
100
AcDbLine
 10
1107.8300000000017
 20
-315.0870000000014
 30
0.0
 11
1111.7680000000018
 21
-315.0200000000014
 31
0.0
  0
LINE
  5
C6
330
17
100
AcDbEntity
  8
0
100
AcDbLine
 10
1111.7680000000018
 20
-315.0200000000014
 30
0.0
 11
1115.9510000000018
 21
-314.9210000000014
 31
0.0
  0
LINE
  5
C7
330
17
100
AcDbEntity
  8
0
100
AcDbLine
 10
1115.9510000000018
 20
-314.9210000000014
 30
0.0
 11
1120.2820000000017
 21
-314.78300000000144
 31
0.0
  0
LINE
  5
C8
330
17
100
AcDbEntity
  8
0
100
AcDbLine
 10
1120.2820000000017
 20
-314.78300000000144
 30
0.0
 11
1124.6650000000018
 21
-314.6010000000014
 31
0.0
  0
LINE
  5
C9
330
17
100
AcDbEntity
  8
0
100
AcDbLine
 10
1124.6650000000018
 20
-314.6010000000014
 30
0.0
 11
1129.0030000000017
 21
-314.3690000000014
 31
0.0
  0
LINE
  5
CA
330
17
100
AcDbEntity
  8
0
100
AcDbLine
 10
1129.0030000000017
 20
-314.3690000000014
 30
0.0
 11
1133.1990000000017
 21
-314.0800000000014
 31
0.0
  0
LINE
  5
CB
330
17
100
AcDbEntity
  8
0
100
AcDbLine
 10
1133.1990000000017
 20
-314.0800000000014
 30
0.0
 11
1137.1570000000017
 21
-313.7290000000014
 31
0.0
  0
LINE
  5
CC
330
17
100
AcDbEntity
  8
0
100
AcDbLine
 10
1137.1570000000017
 20
-313.7290000000014
 30
0.0
 11
1140.7810000000018
 21
-313.3100000000014
 31
0.0
  0
LINE
  5
CD
330
17
100
AcDbEntity
  8
0
100
AcDbLine
 10
1140.7810000000018
 20
-313.3100000000014
 30
0.0
 11
1143.9740000000018
 21
-312.8170000000014
 31
0.0
  0
LINE
  5
CE
330
17
100
AcDbEntity
  8
0
100
AcDbLine
 10
1143.9740000000018
 20
-312.8170000000014
 30
0.0
 11
1146.6390000000017
 21
-312.24400000000145
 31
0.0
  0
LINE
  5
CF
330
17
100
AcDbEntity
  8
0
100
AcDbLine
 10
1146.6390000000017
 20
-312.24400000000145
 30
0.0
 11
1146.6390000000017
 21
-312.7260000000015
 31
0.0
  0
LINE
  5
D0
330
17
100
AcDbEntity
  8
0
100
AcDbLine
 10
1146.6390000000017
 20
-312.7260000000015
 30
0.0
 11
1146.6390000000017
 21
-313.2080000000015
 31
0.0
  0
LINE
  5
D1
330
17
100
AcDbEntity
  8
0
100
AcDbLine
 10
1146.6390000000017
 20
-313.2080000000015
 30
0.0
 11
1146.6390000000017
 21
-313.69000000000153
 31
0.0
  0
LINE
  5
D2
330
17
100
AcDbEntity
  8
0
100
AcDbLine
 10
1146.6390000000017
 20
-313.69000000000153
 30
0.0
 11
1146.6390000000017
 21
-314.17200000000156
 31
0.0
  0
LINE
  5
D3
330
17
100
AcDbEntity
  8
0
100
AcDbLine
 10
1146.6390000000017
 20
-314.17200000000156
 30
0.0
 11
1146.6390000000017
 21
-314.6540000000016
 31
0.0
  0
LINE
  5
D4
330
17
100
AcDbEntity
  8
0
100
AcDbLine
 10
1146.6390000000017
 20
-314.6540000000016
 30
0.0
 11
1146.6390000000017
 21
-315.1360000000016
 31
0.0
  0
LINE
  5
D5
330
17
100
AcDbEntity
  8
0
100
AcDbLine
 10
1146.6390000000017
 20
-315.1360000000016
 30
0.0
 11
1146.6390000000017
 21
-315.61800000000164
 31
0.0
  0
LINE
  5
D6
330
17
100
AcDbEntity
  8
0
100
AcDbLine
 10
1146.6390000000017
 20
-315.61800000000164
 30
0.0
 11
1146.6390000000017
 21
-316.10000000000167
 31
0.0
  0
LINE
  5
D7
330
17
100
AcDbEntity
  8
0
100
AcDbLine
 10
1146.6390000000017
 20
-316.10000000000167
 30
0.0
 11
1146.6390000000017
 21
-316.5820000000017
 31
0.0
  0
LINE
  5
D8
330
17
100
AcDbEntity
  8
0
100
AcDbLine
 10
1146.6390000000017
 20
-316.5820000000017
 30
0.0
 11
1146.6390000000017
 21
-317.0640000000017
 31
0.0
  0
LINE
  5
D9
330
17
100
AcDbEntity
  8
0
100
AcDbLine
 10
1146.6390000000017
 20
-317.0640000000017
 30
0.0
 11
1146.6390000000017
 21
-317.54600000000175
 31
0.0
  0
LINE
  5
DA
330
17
100
AcDbEntity
  8
0
100
AcDbLine
 10
1146.6390000000017
 20
-317.54600000000175
 30
0.0
 11
1146.6390000000017
 21
-318.0280000000018
 31
0.0
  0
LINE
  5
DB
330
17
100
AcDbEntity
  8
0
100
AcDbLine
 10
1146.6390000000017
 20
-318.0280000000018
 30
0.0
 11
1146.6390000000017
 21
-318.5100000000018
 31
0.0
  0
LINE
  5
DC
330
17
100
AcDbEntity
  8
0
100
AcDbLine
 10
1146.6390000000017
 20
-318.5100000000018
 30
0.0
 11
1146.6390000000017
 21
-318.99200000000184
 31
0.0
  0
LINE
  5
DD
330
17
100
AcDbEntity
  8
0
100
AcDbLine
 10
1146.6390000000017
 20
-318.99200000000184
 30
0.0
 11
1146.6390000000017
 21
-319.47400000000187
 31
0.0
  0
LINE
  5
DE
330
17
100
AcDbEntity
  8
0
100
AcDbLine
 10
1146.6390000000017
 20
-319.47400000000187
 30
0.0
 11
1146.6390000000017
 21
-319.9560000000019
 31
0.0
  0
LINE
  5
DF
330
17
100
AcDbEntity
  8
0
100
AcDbLine
 10
1146.6390000000017
 20
-319.9560000000019
 30
0.0
 11
1146.3440000000016
 21
-319.9530000000019
 31
0.0
  0
LINE
  5
E0
330
17
100
AcDbEntity
  8
0
100
AcDbLine
 10
1146.3440000000016
 20
-319.9530000000019
 30
0.0
 11
1145.5080000000016
 21
-319.9650000000019
 31
0.0
  0
LINE
  5
E1
330
17
100
AcDbEntity
  8
0
100
AcDbLine
 10
1145.5080000000016
 20
-319.9650000000019
 30
0.0
 11
1144.2010000000016
 21
-320.0230000000019
 31
0.0
  0
LINE
  5
E2
330
17
100
AcDbEntity
  8
0
100
AcDbLine
 10
1144.2010000000016
 20
-320.0230000000019
 30
0.0
 11
1142.4950000000017
 21
-320.1580000000019
 31
0.0
  0
LINE
  5
E3
330
17
100
AcDbEntity
  8
0
100
AcDbLine
 10
1142.4950000000017
 20
-320.1580000000019
 30
0.0
 11
1140.4600000000016
 21
-320.4000000000019
 31
0.0
  0
LINE
  5
E4
330
17
100
AcDbEntity
  8
0
100
AcDbLine
 10
1140.4600000000016
 20
-320.4000000000019
 30
0.0
 11
1138.1680000000017
 21
-320.7800000000019
 31
0.0
  0
LINE
  5
E5
330
17
100
AcDbEntity
  8
0
100
AcDbLine
 10
1138.1680000000017
 20
-320.7800000000019
 30
0.0
 11
1135.6900000000016
 21
-321.3290000000019
 31
0.0
  0
LINE
  5
E6
330
17
100
AcDbEntity
  8
0
100
AcDbLine
 10
1135.6900000000016
 20
-321.3290000000019
 30
0.0
 11
1133.0970000000016
 21
-322.0780000000019
 31
0.0
  0
LINE
  5
E7
330
17
100
AcDbEntity
  8
0
100
AcDbLine
 10
1133.0970000000016
 20
-322.0780000000019
 30
0.0
 11
1130.4600000000016
 21
-323.0580000000019
 31
0.0
  0
LINE
  5
E8
330
17
100
AcDbEntity
  8
0
100
AcDbLine
 10
1130.4600000000016
 20
-323.0580000000019
 30
0.0
 11
1127.8500000000017
 21
-324.2990000000019
 31
0.0
  0
LINE
  5
E9
330
17
100
AcDbEntity
  8
0
100
AcDbLine
 10
1127.8500000000017
 20
-324.2990000000019
 30
0.0
 11
1125.3380000000018
 21
-325.8320000000019
 31
0.0
  0
LINE
  5
EA
330
17
100
AcDbEntity
  8
0
100
AcDbLine
 10
1125.3380000000018
 20
-325.8320000000019
 30
0.0
 11
1122.9950000000017
 21
-327.6880000000019
 31
0.0
  0
LINE
  5
EB
330
17
100
AcDbEntity
  8
0
100
AcDbLine
 10
1122.9950000000017
 20
-327.6880000000019
 30
0.0
 11
1120.8920000000016
 21
-329.8980000000019
 31
0.0
  0
LINE
  5
EC
330
17
100
AcDbEntity
  8
0
100
AcDbLine
 10
1120.8920000000016
 20
-329.8980000000019
 30
0.0
 11
1119.1000000000017
 21
-332.4930000000019
 31
0.0
  0
LINE
  5
ED
330
17
100
AcDbEntity
  8
0
100
AcDbLine
 10
1119.1000000000017
 20
-332.4930000000019
 30
0.0
 11
1117.6910000000016
 21
-335.5030000000019
 31
0.0
  0
LINE
  5
EE
330
17
100
AcDbEntity
  8
0
100
AcDbLine
 10
1117.6910000000016
 20
-335.5030000000019
 30
0.0
 11
1116.7350000000017
 21
-338.95900000000194
 31
0.0
  0
LINE
  5
EF
330
17
100
AcDbEntity
  8
0
100
AcDbLine
 10
1116.7350000000017
 20
-338.95900000000194
 30
0.0
 11
1114.7760000000017
 21
-339.00700000000194
 31
0.0
  0
LINE
  5
F0
330
17
100
AcDbEntity
  8
0
100
AcDbLine
 10
1114.7760000000017
 20
-339.00700000000194
 30
0.0
 11
1112.8160000000016
 21
-339.05500000000194
 31
0.0
  0
LINE
  5
F1
330
17
100
AcDbEntity
  8
0
100
AcDbLine
 10
1112.8160000000016
 20
-339.05500000000194
 30
0.0
 11
1110.8570000000016
 21
-339.10300000000194
 31
0.0
  0
LINE
  5
F2
330
17
100
AcDbEntity
  8
0
100
AcDbLine
 10
1110.8570000000016
 20
-339.10300000000194
 30
0.0
 11
1108.8980000000015
 21
-339.15100000000194
 31
0.0
  0
LINE
  5
F3
330
17
100
AcDbEntity
  8
0
100
AcDbLine
 10
1108.8980000000015
 20
-339.15100000000194
 30
0.0
 11
1106.9390000000014
 21
-339.19900000000194
 31
0.0
  0
LINE
  5
F4
330
17
100
AcDbEntity
  8
0
100
AcDbLine
 10
1106.9390000000014
 20
-339.19900000000194
 30
0.0
 11
1104.9790000000014
 21
-339.24700000000195
 31
0.0
  0
LINE
  5
F5
330
17
100
AcDbEntity
  8
0
100
AcDbLine
 10
1104.9790000000014
 20
-339.24700000000195
 30
0.0
 11
1103.0200000000013
 21
-339.29500000000195
 31
0.0
  0
LINE
  5
F6
330
17
100
AcDbEntity
  8
0
100
AcDbLine
 10
1103.0200000000013
 20
-339.29500000000195
 30
0.0
 11
1101.0610000000013
 21
-339.34300000000195
 31
0.0
  0
LINE
  5
F7
330
17
100
AcDbEntity
  8
0
100
AcDbLine
 10
1101.0610000000013
 20
-339.34300000000195
 30
0.0
 11
1099.1010000000012
 21
-339.39100000000195
 31
0.0
  0
LINE
  5
F8
330
17
100
AcDbEntity
  8
0
100
AcDbLine
 10
1099.1010000000012
 20
-339.39100000000195
 30
0.0
 11
1097.1420000000012
 21
-339.43900000000195
 31
0.0
  0
LINE
  5
F9
330
17
100
AcDbEntity
  8
0
100
AcDbLine
 10
1097.1420000000012
 20
-339.43900000000195
 30
0.0
 11
1095.1830000000011
 21
-339.48700000000196
 31
0.0
  0
LINE
  5
FA
330
17
100
AcDbEntity
  8
0
100
AcDbLine
 10
1095.1830000000011
 20
-339.48700000000196
 30
0.0
 11
1093.223000000001
 21
-339.53500000000196
 31
0.0
  0
LINE
  5
FB
330
17
100
AcDbEntity
  8
0
100
AcDbLine
 10
1093.223000000001
 20
-339.53500000000196
 30
0.0
 11
1091.264000000001
 21
-339.58300000000196
 31
0.0
  0
LINE
  5
FC
330
17
100
AcDbEntity
  8
0
100
AcDbLine
 10
1091.264000000001
 20
-339.58300000000196
 30
0.0
 11
1089.305000000001
 21
-339.63100000000196
 31
0.0
  0
LINE
  5
FD
330
17
100
AcDbEntity
  8
0
100
AcDbLine
 10
1089.305000000001
 20
-339.63100000000196
 30
0.0
 11
1087.346000000001
 21
-339.67900000000196
 31
0.0
  0
LINE
  5
FE
330
17
100
AcDbEntity
  8
0
100
AcDbLine
 10
1087.346000000001
 20
-339.67900000000196
 30
0.0
 11
1085.3860000000009
 21
-339.72700000000196
 31
0.0
  0
LINE
  5
FF
330
17
100
AcDbEntity
  8
0
100
AcDbLine
 10
1085.3860000000009
 20
-339.72700000000196
 30
0.0
 11
1085.971000000001
 21
-338.190000000002
 31
0.0
  0
LINE
  5
100
330
17
100
AcDbEntity
  8
0
100
AcDbLine
 10
1085.971000000001
 20
-338.190000000002
 30
0.0
 11
1086.556000000001
 21
-336.653000000002
 31
0.0
  0
LINE
  5
101
330
17
100
AcDbEntity
  8
0
100
AcDbLine
 10
1086.556000000001
 20
-336.653000000002
 30
0.0
 11
1087.141000000001
 21
-335.11600000000203
 31
0.0
  0
LINE
  5
102
330
17
100
AcDbEntity
  8
0
100
AcDbLine
 10
1087.141000000001
 20
-335.11600000000203
 30
0.0
 11
1087.726000000001
 21
-333.57900000000205
 31
0.0
  0
LINE
  5
103
330
17
100
AcDbEntity
  8
0
100
AcDbLine
 10
1087.726000000001
 20
-333.57900000000205
 30
0.0
 11
1088.311000000001
 21
-332.0420000000021
 31
0.0
  0
LINE
  5
104
330
17
100
AcDbEntity
  8
0
100
AcDbLine
 10
1088.311000000001
 20
-332.0420000000021
 30
0.0
 11
1088.896000000001
 21
-330.5050000000021
 31
0.0
  0
LINE
  5
105
330
17
100
AcDbEntity
  8
0
100
AcDbLine
 10
1088.896000000001
 20
-330.5050000000021
 30
0.0
 11
1089.4810000000011
 21
-328.9680000000021
 31
0.0
  0
LINE
  5
106
330
17
100
AcDbEntity
  8
0
100
AcDbLine
 10
1089.4810000000011
 20
-328.9680000000021
 30
0.0
 11
1090.0660000000012
 21
-327.43100000000214
 31
0.0
  0
LINE
  5
107
330
17
100
AcDbEntity
  8
0
100
AcDbLine
 10
1090.0660000000012
 20
-327.43100000000214
 30
0.0
 11
1090.6510000000012
 21
-325.89400000000217
 31
0.0
  0
LINE
  5
108
330
17
100
AcDbEntity
  8
0
100
AcDbLine
 10
1090.6510000000012
 20
-325.89400000000217
 30
0.0
 11
1091.2360000000012
 21
-324.3570000000022
 31
0.0
  0
LINE
  5
109
330
17
100
AcDbEntity
  8
0
100
AcDbLine
 10
1091.2360000000012
 20
-324.3570000000022
 30
0.0
 11
1091.8210000000013
 21
-322.8200000000022
 31
0.0
  0
LINE
  5
10A
330
17
100
AcDbEntity
  8
0
100
AcDbLine
 10
1091.8210000000013
 20
-322.8200000000022
 30
0.0
 11
1092.4060000000013
 21
-321.28300000000223
 31
0.0
  0
LINE
  5
10B
330
17
100
AcDbEntity
  8
0
100
AcDbLine
 10
1092.4060000000013
 20
-321.28300000000223
 30
0.0
 11
1092.9910000000013
 21
-319.74600000000225
 31
0.0
  0
LINE
  5
10C
330
17
100
AcDbEntity
  8
0
100
AcDbLine
 10
1092.9910000000013
 20
-319.74600000000225
 30
0.0
 11
1093.5760000000014
 21
-318.2090000000023
 31
0.0
  0
LINE
  5
10D
330
17
100
AcDbEntity
  8
0
100
AcDbLine
 10
1093.5760000000014
 20
-318.2090000000023
 30
0.0
 11
1094.1610000000014
 21
-316.6720000000023
 31
0.0
  0
LINE
  5
10E
330
17
100
AcDbEntity
  8
0
100
AcDbLine
 10
1094.1610000000014
 20
-316.6720000000023
 30
0.0
 11
1094.7460000000015
 21
-315.1350000000023
 31
0.0
  0
LINE
  5
10F
330
17
100
AcDbEntity
  8
0
100
AcDbLine
 10
723.5690000000014
 20
-342.4740000000023
 30
0.0
 11
722.6770000000014
 21
-342.44200000000234
 31
0.0
  0
LINE
  5
110
330
17
100
AcDbEntity
  8
0
100
AcDbLine
 10
722.6770000000014
 20
-342.44200000000234
 30
0.0
 11
721.7850000000013
 21
-342.41000000000236
 31
0.0
  0
LINE
  5
111
330
17
100
AcDbEntity
  8
0
100
AcDbLine
 10
721.7850000000013
 20
-342.41000000000236
 30
0.0
 11
720.8930000000013
 21
-342.3780000000024
 31
0.0
  0
LINE
  5
112
330
17
100
AcDbEntity
  8
0
100
AcDbLine
 10
720.8930000000013
 20
-342.3780000000024
 30
0.0
 11
720.0010000000012
 21
-342.3460000000024
 31
0.0
  0
LINE
  5
113
330
17
100
AcDbEntity
  8
0
100
AcDbLine
 10
720.0010000000012
 20
-342.3460000000024
 30
0.0
 11
719.1090000000012
 21
-342.3140000000024
 31
0.0
  0
LINE
  5
114
330
17
100
AcDbEntity
  8
0
100
AcDbLine
 10
719.1090000000012
 20
-342.3140000000024
 30
0.0
 11
718.2170000000011
 21
-342.2820000000024
 31
0.0
  0
LINE
  5
115
330
17
100
AcDbEntity
  8
0
100
AcDbLine
 10
718.2170000000011
 20
-342.2820000000024
 30
0.0
 11
717.3250000000011
 21
-342.25000000000244
 31
0.0
  0
LINE
  5
116
330
17
100
AcDbEntity
  8
0
100
AcDbLine
 10
717.3250000000011
 20
-342.25000000000244
 30
0.0
 11
716.433000000001
 21
-342.21800000000246
 31
0.0
  0
LINE
  5
117
330
17
100
AcDbEntity
  8
0
100
AcDbLine
 10
716.433000000001
 20
-342.21800000000246
 30
0.0
 11
715.541000000001
 21
-342.1860000000025
 31
0.0
  0
LINE
  5
118
330
17
100
AcDbEntity
  8
0
100
AcDbLine
 10
715.541000000001
 20
-342.1860000000025
 30
0.0
 11
714.6490000000009
 21
-342.1540000000025
 31
0.0
  0
LINE
  5
119
330
17
100
AcDbEntity
  8
0
100
AcDbLine
 10
714.6490000000009
 20
-342.1540000000025
 30
0.0
 11
713.7570000000009
 21
-342.1220000000025
 31
0.0
  0
LINE
  5
11A
330
17
100
AcDbEntity
  8
0
100
AcDbLine
 10
713.7570000000009
 20
-342.1220000000025
 30
0.0
 11
712.8650000000008
 21
-342.09000000000253
 31
0.0
  0
LINE
  5
11B
330
17
100
AcDbEntity
  8
0
100
AcDbLine
 10
712.8650000000008
 20
-342.09000000000253
 30
0.0
 11
711.9730000000008
 21
-342.05800000000255
 31
0.0
  0
LINE
  5
11C
330
17
100
AcDbEntity
  8
0
100
AcDbLine
 10
711.9730000000008
 20
-342.05800000000255
 30
0.0
 11
711.0810000000007
 21
-342.02600000000257
 31
0.0
  0
LINE
  5
11D
330
17
100
AcDbEntity
  8
0
100
AcDbLine
 10
711.0810000000007
 20
-342.02600000000257
 30
0.0
 11
710.1890000000006
 21
-341.9940000000026
 31
0.0
  0
LINE
  5
11E
330
17
100
AcDbEntity
  8
0
100
AcDbLine
 10
710.1890000000006
 20
-341.9940000000026
 30
0.0
 11
709.2970000000006
 21
-341.9620000000026
 31
0.0
  0
LINE
  5
11F
330
17
100
AcDbEntity
  8
0
100
AcDbLine
 10
709.2970000000006
 20
-341.9620000000026
 30
0.0
 11
710.3520000000005
 21
-338.8660000000026
 31
0.0
  0
LINE
  5
120
330
17
100
AcDbEntity
  8
0
100
AcDbLine
 10
710.3520000000005
 20
-338.8660000000026
 30
0.0
 11
711.4070000000005
 21
-335.7700000000026
 31
0.0
  0
LINE
  5
121
330
17
100
AcDbEntity
  8
0
100
AcDbLine
 10
711.4070000000005
 20
-335.7700000000026
 30
0.0
 11
712.4620000000004
 21
-332.6740000000026
 31
0.0
  0
LINE
  5
122
330
17
100
AcDbEntity
  8
0
100
AcDbLine
 10
712.4620000000004
 20
-332.6740000000026
 30
0.0
 11
713.5170000000004
 21
-329.5780000000026
 31
0.0
  0
LINE
  5
123
330
17
100
AcDbEntity
  8
0
100
AcDbLine
 10
713.5170000000004
 20
-329.5780000000026
 30
0.0
 11
714.5720000000003
 21
-326.4820000000026
 31
0.0
  0
LINE
  5
124
330
17
100
AcDbEntity
  8
0
100
AcDbLine
 10
714.5720000000003
 20
-326.4820000000026
 30
0.0
 11
715.6270000000003
 21
-323.3860000000026
 31
0.0
  0
LINE
  5
125
330
17
100
AcDbEntity
  8
0
100
AcDbLine
 10
715.6270000000003
 20
-323.3860000000026
 30
0.0
 11
716.6820000000002
 21
-320.2900000000026
 31
0.0
  0
LINE
  5
126
330
17
100
AcDbEntity
  8
0
100
AcDbLine
 10
716.6820000000002
 20
-320.2900000000026
 30
0.0
 11
717.7370000000002
 21
-317.1940000000026
 31
0.0
  0
LINE
  5
127
330
17
100
AcDbEntity
  8
0
100
AcDbLine
 10
717.7370000000002
 20
-317.1940000000026
 30
0.0
 11
718.7920000000001
 21
-314.09800000000257
 31
0.0
  0
LINE
  5
128
330
17
100
AcDbEntity
  8
0
100
AcDbLine
 10
718.7920000000001
 20
-314.09800000000257
 30
0.0
 11
719.8470000000001
 21
-311.00200000000257
 31
0.0
  0
LINE
  5
129
330
17
100
AcDbEntity
  8
0
100
AcDbLine
 10
719.8470000000001
 20
-311.00200000000257
 30
0.0
 11
720.902
 21
-307.90600000000256
 31
0.0
  0
LINE
  5
12A
330
17
100
AcDbEntity
  8
0
100
AcDbLine
 10
720.902
 20
-307.90600000000256
 30
0.0
 11
721.957
 21
-304.81000000000256
 31
0.0
  0
LINE
  5
12B
330
17
100
AcDbEntity
  8
0
100
AcDbLine
 10
721.957
 20
-304.81000000000256
 30
0.0
 11
723.012
 21
-301.71400000000256
 31
0.0
  0
LINE
  5
12C
330
17
100
AcDbEntity
  8
0
100
AcDbLine
 10
723.012
 20
-301.71400000000256
 30
0.0
 11
724.0669999999999
 21
-298.61800000000255
 31
0.0
  0
LINE
  5
12D
330
17
100
AcDbEntity
  8
0
100
AcDbLine
 10
724.0669999999999
 20
-298.61800000000255
 30
0.0
 11
725.1219999999998
 21
-295.52200000000255
 31
0.0
  0
LINE
  5
12E
330
17
100
AcDbEntity
  8
0
100
AcDbLine
 10
725.1219999999998
 20
-295.52200000000255
 30
0.0
 11
726.1769999999998
 21
-292.42600000000255
 31
0.0
  0
LINE
  5
12F
330
17
100
AcDbEntity
  8
0
100
AcDbLine
 10
726.1769999999998
 20
-292.42600000000255
 30
0.0
 11
727.0759999999998
 21
-292.42600000000255
 31
0.0
  0
LINE
  5
130
330
17
100
AcDbEntity
  8
0
100
AcDbLine
 10
727.0759999999998
 20
-292.42600000000255
 30
0.0
 11
727.9749999999998
 21
-292.42600000000255
 31
0.0
  0
LINE
  5
131
330
17
100
AcDbEntity
  8
0
100
AcDbLine
 10
727.9749999999998
 20
-292.42600000000255
 30
0.0
 11
728.8739999999998
 21
-292.42600000000255
 31
0.0
  0
LINE
  5
132
330
17
100
AcDbEntity
  8
0
100
AcDbLine
 10
728.8739999999998
 20
-292.42600000000255
 30
0.0
 11
729.7729999999998
 21
-292.42600000000255
 31
0.0
  0
LINE
  5
133
330
17
100
AcDbEntity
  8
0
100
AcDbLine
 10
729.7729999999998
 20
-292.42600000000255
 30
0.0
 11
730.6719999999998
 21
-292.42600000000255
 31
0.0
  0
LINE
  5
134
330
17
100
AcDbEntity
  8
0
100
AcDbLine
 10
730.6719999999998
 20
-292.42600000000255
 30
0.0
 11
731.5709999999998
 21
-292.42600000000255
 31
0.0
  0
LINE
  5
135
330
17
100
AcDbEntity
  8
0
100
AcDbLine
 10
731.5709999999998
 20
-292.42600000000255
 30
0.0
 11
732.4699999999998
 21
-292.42600000000255
 31
0.0
  0
LINE
  5
136
330
17
100
AcDbEntity
  8
0
100
AcDbLine
 10
732.4699999999998
 20
-292.42600000000255
 30
0.0
 11
733.3689999999998
 21
-292.42600000000255
 31
0.0
  0
LINE
  5
137
330
17
100
AcDbEntity
  8
0
100
AcDbLine
 10
733.3689999999998
 20
-292.42600000000255
 30
0.0
 11
734.2679999999998
 21
-292.42600000000255
 31
0.0
  0
LINE
  5
138
330
17
100
AcDbEntity
  8
0
100
AcDbLine
 10
734.2679999999998
 20
-292.42600000000255
 30
0.0
 11
735.1669999999998
 21
-292.42600000000255
 31
0.0
  0
LINE
  5
139
330
17
100
AcDbEntity
  8
0
100
AcDbLine
 10
735.1669999999998
 20
-292.42600000000255
 30
0.0
 11
736.0659999999998
 21
-292.42600000000255
 31
0.0
  0
LINE
  5
13A
330
17
100
AcDbEntity
  8
0
100
AcDbLine
 10
736.0659999999998
 20
-292.42600000000255
 30
0.0
 11
736.9649999999998
 21
-292.42600000000255
 31
0.0
  0
LINE
  5
13B
330
17
100
AcDbEntity
  8
0
100
AcDbLine
 10
736.9649999999998
 20
-292.42600000000255
 30
0.0
 11
737.8639999999998
 21
-292.42600000000255
 31
0.0
  0
LINE
  5
13C
330
17
100
AcDbEntity
  8
0
100
AcDbLine
 10
737.8639999999998
 20
-292.42600000000255
 30
0.0
 11
738.7629999999998
 21
-292.42600000000255
 31
0.0
  0
LINE
  5
13D
330
17
100
AcDbEntity
  8
0
100
AcDbLine
 10
738.7629999999998
 20
-292.42600000000255
 30
0.0
 11
739.6619999999998
 21
-292.42600000000255
 31
0.0
  0
LINE
  5
13E
330
17
100
AcDbEntity
  8
0
100
AcDbLine
 10
739.6619999999998
 20
-292.42600000000255
 30
0.0
 11
740.5609999999998
 21
-292.42600000000255
 31
0.0
  0
LINE
  5
13F
330
17
100
AcDbEntity
  8
0
100
AcDbLine
 10
740.5609999999998
 20
-292.42600000000255
 30
0.0
 11
739.4999999999998
 21
-295.55400000000253
 31
0.0
  0
LINE
  5
140
330
17
100
AcDbEntity
  8
0
100
AcDbLine
 10
739.4999999999998
 20
-295.55400000000253
 30
0.0
 11
738.4389999999997
 21
-298.6820000000025
 31
0.0
  0
LINE
  5
141
330
17
100
AcDbEntity
  8
0
100
AcDbLine
 10
738.4389999999997
 20
-298.6820000000025
 30
0.0
 11
737.3779999999997
 21
-301.8100000000025
 31
0.0
  0
LINE
  5
142
330
17
100
AcDbEntity
  8
0
100
AcDbLine
 10
737.3779999999997
 20
-301.8100000000025
 30
0.0
 11
736.3169999999997
 21
-304.9380000000025
 31
0.0
  0
LINE
  5
143
330
17
100
AcDbEntity
  8
0
100
AcDbLine
 10
736.3169999999997
 20
-304.9380000000025
 30
0.0
 11
735.2559999999996
 21
-308.0660000000025
 31
0.0
  0
LINE
  5
144
330
17
100
AcDbEntity
  8
0
100
AcDbLine
 10
735.2559999999996
 20
-308.0660000000025
 30
0.0
 11
734.1949999999996
 21
-311.19400000000246
 31
0.0
  0
LINE
  5
145
330
17
100
AcDbEntity
  8
0
100
AcDbLine
 10
734.1949999999996
 20
-311.19400000000246
 30
0.0
 11
733.1339999999996
 21
-314.32200000000245
 31
0.0
  0
LINE
  5
146
330
17
100
AcDbEntity
  8
0
100
AcDbLine
 10
733.1339999999996
 20
-314.32200000000245
 30
0.0
 11
732.0729999999995
 21
-317.45000000000243
 31
0.0
  0
LINE
  5
147
330
17
100
AcDbEntity
  8
0
100
AcDbLine
 10
732.0729999999995
 20
-317.45000000000243
 30
0.0
 11
731.0119999999995
 21
-320.5780000000024
 31
0.0
  0
LINE
  5
148
330
17
100
AcDbEntity
  8
0
100
AcDbLine
 10
731.0119999999995
 20
-320.5780000000024
 30
0.0
 11
729.9509999999995
 21
-323.7060000000024
 31
0.0
  0
LINE
  5
149
330
17
100
AcDbEntity
  8
0
100
AcDbLine
 10
729.9509999999995
 20
-323.7060000000024
 30
0.0
 11
728.8899999999994
 21
-326.8340000000024
 31
0.0
  0
LINE
  5
14A
330
17
100
AcDbEntity
  8
0
100
AcDbLine
 10
728.8899999999994
 20
-326.8340000000024
 30
0.0
 11
727.8289999999994
 21
-329.9620000000024
 31
0.0
  0
LINE
  5
14B
330
17
100
AcDbEntity
  8
0
100
AcDbLine
 10
727.8289999999994
 20
-329.9620000000024
 30
0.0
 11
726.7679999999993
 21
-333.09000000000236
 31
0.0
  0
LINE
  5
14C
330
17
100
AcDbEntity
  8
0
100
AcDbLine
 10
726.7679999999993
 20
-333.09000000000236
 30
0.0
 11
725.7069999999993
 21
-336.21800000000235
 31
0.0
  0
LINE
  5
14D
330
17
100
AcDbEntity
  8
0
100
AcDbLine
 10
725.7069999999993
 20
-336.21800000000235
 30
0.0
 11
724.6459999999993
 21
-339.34600000000233
 31
0.0
  0
LINE
  5
14E
330
17
100
AcDbEntity
  8
0
100
AcDbLine
 10
724.6459999999993
 20
-339.34600000000233
 30
0.0
 11
723.5849999999992
 21
-342.4740000000023
 31
0.0
  0
LINE
  5
14F
330
17
100
AcDbEntity
  8
0
100
AcDbLine
 10
862.2169999999992
 20
-298.90600000000234
 30
0.0
 11
862.3849999999992
 21
-298.50100000000236
 31
0.0
  0
LINE
  5
150
330
17
100
AcDbEntity
  8
0
100
AcDbLine
 10
862.3849999999992
 20
-298.50100000000236
 30
0.0
 11
862.5529999999992
 21
-298.0960000000024
 31
0.0
  0
LINE
  5
151
330
17
100
AcDbEntity
  8
0
100
AcDbLine
 10
862.5529999999992
 20
-298.0960000000024
 30
0.0
 11
862.7209999999992
 21
-297.6910000000024
 31
0.0
  0
LINE
  5
152
330
17
100
AcDbEntity
  8
0
100
AcDbLine
 10
862.7209999999992
 20
-297.6910000000024
 30
0.0
 11
862.8889999999992
 21
-297.28600000000245
 31
0.0
  0
LINE
  5
153
330
17
100
AcDbEntity
  8
0
100
AcDbLine
 10
862.8889999999992
 20
-297.28600000000245
 30
0.0
 11
863.0569999999992
 21
-296.8810000000025
 31
0.0
  0
LINE
  5
154
330
17
100
AcDbEntity
  8
0
100
AcDbLine
 10
863.0569999999992
 20
-296.8810000000025
 30
0.0
 11
863.2249999999992
 21
-296.4760000000025
 31
0.0
  0
LINE
  5
155
330
17
100
AcDbEntity
  8
0
100
AcDbLine
 10
863.2249999999992
 20
-296.4760000000025
 30
0.0
 11
863.3929999999992
 21
-296.0710000000025
 31
0.0
  0
LINE
  5
156
330
17
100
AcDbEntity
  8
0
100
AcDbLine
 10
863.3929999999992
 20
-296.0710000000025
 30
0.0
 11
863.5609999999992
 21
-295.66600000000255
 31
0.0
  0
LINE
  5
157
330
17
100
AcDbEntity
  8
0
100
AcDbLine
 10
863.5609999999992
 20
-295.66600000000255
 30
0.0
 11
863.7289999999992
 21
-295.2610000000026
 31
0.0
  0
LINE
  5
158
330
17
100
AcDbEntity
  8
0
100
AcDbLine
 10
863.7289999999992
 20
-295.2610000000026
 30
0.0
 11
863.8969999999993
 21
-294.8560000000026
 31
0.0
  0
LINE
  5
159
330
17
100
AcDbEntity
  8
0
100
AcDbLine
 10
863.8969999999993
 20
-294.8560000000026
 30
0.0
 11
864.0649999999993
 21
-294.45100000000264
 31
0.0
  0
LINE
  5
15A
330
17
100
AcDbEntity
  8
0
100
AcDbLine
 10
864.0649999999993
 20
-294.45100000000264
 30
0.0
 11
864.2329999999993
 21
-294.04600000000266
 31
0.0
  0
LINE
  5
15B
330
17
100
AcDbEntity
  8
0
100
AcDbLine
 10
864.2329999999993
 20
-294.04600000000266
 30
0.0
 11
864.4009999999993
 21
-293.6410000000027
 31
0.0
  0
LINE
  5
15C
330
17
100
AcDbEntity
  8
0
100
AcDbLine
 10
864.4009999999993
 20
-293.6410000000027
 30
0.0
 11
864.5689999999993
 21
-293.2360000000027
 31
0.0
  0
LINE
  5
15D
330
17
100
AcDbEntity
  8
0
100
AcDbLine
 10
864.5689999999993
 20
-293.2360000000027
 30
0.0
 11
864.7369999999993
 21
-292.83100000000275
 31
0.0
  0
LINE
  5
15E
330
17
100
AcDbEntity
  8
0
100
AcDbLine
 10
864.7369999999993
 20
-292.83100000000275
 30
0.0
 11
864.9049999999993
 21
-292.4260000000028
 31
0.0
  0
LINE
  5
15F
330
17
100
AcDbEntity
  8
0
100
AcDbLine
 10
864.9049999999993
 20
-292.4260000000028
 30
0.0
 11
866.8379999999993
 21
-292.4260000000028
 31
0.0
  0
LINE
  5
160
330
17
100
AcDbEntity
  8
0
100
AcDbLine
 10
866.8379999999993
 20
-292.4260000000028
 30
0.0
 11
868.7709999999993
 21
-292.4260000000028
 31
0.0
  0
LINE
  5
161
330
17
100
AcDbEntity
  8
0
100
AcDbLine
 10
868.7709999999993
 20
-292.4260000000028
 30
0.0
 11
870.7039999999993
 21
-292.4260000000028
 31
0.0
  0
LINE
  5
162
330
17
100
AcDbEntity
  8
0
100
AcDbLine
 10
870.7039999999993
 20
-292.4260000000028
 30
0.0
 11
872.6369999999993
 21
-292.4260000000028
 31
0.0
  0
LINE
  5
163
330
17
100
AcDbEntity
  8
0
100
AcDbLine
 10
872.6369999999993
 20
-292.4260000000028
 30
0.0
 11
874.5699999999993
 21
-292.4260000000028
 31
0.0
  0
LINE
  5
164
330
17
100
AcDbEntity
  8
0
100
AcDbLine
 10
874.5699999999993
 20
-292.4260000000028
 30
0.0
 11
876.5029999999992
 21
-292.4260000000028
 31
0.0
  0
LINE
  5
165
330
17
100
AcDbEntity
  8
0
100
AcDbLine
 10
876.5029999999992
 20
-292.4260000000028
 30
0.0
 11
878.4359999999992
 21
-292.4260000000028
 31
0.0
  0
LINE
  5
166
330
17
100
AcDbEntity
  8
0
100
AcDbLine
 10
878.4359999999992
 20
-292.4260000000028
 30
0.0
 11
880.3689999999992
 21
-292.4260000000028
 31
0.0
  0
LINE
  5
167
330
17
100
AcDbEntity
  8
0
100
AcDbLine
 10
880.3689999999992
 20
-292.4260000000028
 30
0.0
 11
882.3019999999992
 21
-292.4260000000028
 31
0.0
  0
LINE
  5
168
330
17
100
AcDbEntity
  8
0
100
AcDbLine
 10
882.3019999999992
 20
-292.4260000000028
 30
0.0
 11
884.2349999999992
 21
-292.4260000000028
 31
0.0
  0
LINE
  5
169
330
17
100
AcDbEntity
  8
0
100
AcDbLine
 10
884.2349999999992
 20
-292.4260000000028
 30
0.0
 11
886.1679999999992
 21
-292.4260000000028
 31
0.0
  0
LINE
  5
16A
330
17
100
AcDbEntity
  8
0
100
AcDbLine
 10
886.1679999999992
 20
-292.4260000000028
 30
0.0
 11
888.1009999999992
 21
-292.4260000000028
 31
0.0
  0
LINE
  5
16B
330
17
100
AcDbEntity
  8
0
100
AcDbLine
 10
888.1009999999992
 20
-292.4260000000028
 30
0.0
 11
890.0339999999992
 21
-292.4260000000028
 31
0.0
  0
LINE
  5
16C
330
17
100
AcDbEntity
  8
0
100
AcDbLine
 10
890.0339999999992
 20
-292.4260000000028
 30
0.0
 11
891.9669999999992
 21
-292.4260000000028
 31
0.0
  0
LINE
  5
16D
330
17
100
AcDbEntity
  8
0
100
AcDbLine
 10
891.9669999999992
 20
-292.4260000000028
 30
0.0
 11
893.8999999999992
 21
-292.4260000000028
 31
0.0
  0
LINE
  5
16E
330
17
100
AcDbEntity
  8
0
100
AcDbLine
 10
893.8999999999992
 20
-292.4260000000028
 30
0.0
 11
895.8329999999992
 21
-292.4260000000028
 31
0.0
  0
LINE
  5
16F
330
17
100
AcDbEntity
  8
0
100
AcDbLine
 10
895.8329999999992
 20
-292.4260000000028
 30
0.0
 11
895.8329999999992
 21
-292.83100000000275
 31
0.0
  0
LINE
  5
170
330
17
100
AcDbEntity
  8
0
100
AcDbLine
 10
895.8329999999992
 20
-292.83100000000275
 30
0.0
 11
895.8329999999992
 21
-293.2360000000027
 31
0.0
  0
LINE
  5
171
330
17
100
AcDbEntity
  8
0
100
AcDbLine
 10
895.8329999999992
 20
-293.2360000000027
 30
0.0
 11
895.8329999999992
 21
-293.6410000000027
 31
0.0
  0
LINE
  5
172
330
17
100
AcDbEntity
  8
0
100
AcDbLine
 10
895.8329999999992
 20
-293.6410000000027
 30
0.0
 11
895.8329999999992
 21
-294.04600000000266
 31
0.0
  0
LINE
  5
173
330
17
100
AcDbEntity
  8
0
100
AcDbLine
 10
895.8329999999992
 20
-294.04600000000266
 30
0.0
 11
895.8329999999992
 21
-294.45100000000264
 31
0.0
  0
LINE
  5
174
330
17
100
AcDbEntity
  8
0
100
AcDbLine
 10
895.8329999999992
 20
-294.45100000000264
 30
0.0
 11
895.8329999999992
 21
-294.8560000000026
 31
0.0
  0
LINE
  5
175
330
17
100
AcDbEntity
  8
0
100
AcDbLine
 10
895.8329999999992
 20
-294.8560000000026
 30
0.0
 11
895.8329999999992
 21
-295.2610000000026
 31
0.0
  0
LINE
  5
176
330
17
100
AcDbEntity
  8
0
100
AcDbLine
 10
895.8329999999992
 20
-295.2610000000026
 30
0.0
 11
895.8329999999992
 21
-295.66600000000255
 31
0.0
  0
LINE
  5
177
330
17
100
AcDbEntity
  8
0
100
AcDbLine
 10
895.8329999999992
 20
-295.66600000000255
 30
0.0
 11
895.8329999999992
 21
-296.0710000000025
 31
0.0
  0
LINE
  5
178
330
17
100
AcDbEntity
  8
0
100
AcDbLine
 10
895.8329999999992
 20
-296.0710000000025
 30
0.0
 11
895.8329999999992
 21
-296.4760000000025
 31
0.0
  0
LINE
  5
179
330
17
100
AcDbEntity
  8
0
100
AcDbLine
 10
895.8329999999992
 20
-296.4760000000025
 30
0.0
 11
895.8329999999992
 21
-296.8810000000025
 31
0.0
  0
LINE
  5
17A
330
17
100
AcDbEntity
  8
0
100
AcDbLine
 10
895.8329999999992
 20
-296.8810000000025
 30
0.0
 11
895.8329999999992
 21
-297.28600000000245
 31
0.0
  0
LINE
  5
17B
330
17
100
AcDbEntity
  8
0
100
AcDbLine
 10
895.8329999999992
 20
-297.28600000000245
 30
0.0
 11
895.8329999999992
 21
-297.6910000000024
 31
0.0
  0
LINE
  5
17C
330
17
100
AcDbEntity
  8
0
100
AcDbLine
 10
895.8329999999992
 20
-297.6910000000024
 30
0.0
 11
895.8329999999992
 21
-298.0960000000024
 31
0.0
  0
LINE
  5
17D
330
17
100
AcDbEntity
  8
0
100
AcDbLine
 10
895.8329999999992
 20
-298.0960000000024
 30
0.0
 11
895.8329999999992
 21
-298.50100000000236
 31
0.0
  0
LINE
  5
17E
330
17
100
AcDbEntity
  8
0
100
AcDbLine
 10
895.8329999999992
 20
-298.50100000000236
 30
0.0
 11
895.8329999999992
 21
-298.90600000000234
 31
0.0
  0
LINE
  5
17F
330
17
100
AcDbEntity
  8
0
100
AcDbLine
 10
895.8329999999992
 20
-298.90600000000234
 30
0.0
 11
893.7319999999992
 21
-298.90600000000234
 31
0.0
  0
LINE
  5
180
330
17
100
AcDbEntity
  8
0
100
AcDbLine
 10
893.7319999999992
 20
-298.90600000000234
 30
0.0
 11
891.6309999999992
 21
-298.90600000000234
 31
0.0
  0
LINE
  5
181
330
17
100
AcDbEntity
  8
0
100
AcDbLine
 10
891.6309999999992
 20
-298.90600000000234
 30
0.0
 11
889.5299999999992
 21
-298.90600000000234
 31
0.0
  0
LINE
  5
182
330
17
100
AcDbEntity
  8
0
100
AcDbLine
 10
889.5299999999992
 20
-298.90600000000234
 30
0.0
 11
887.4289999999992
 21
-298.90600000000234
 31
0.0
  0
LINE
  5
183
330
17
100
AcDbEntity
  8
0
100
AcDbLine
 10
887.4289999999992
 20
-298.90600000000234
 30
0.0
 11
885.3279999999992
 21
-298.90600000000234
 31
0.0
  0
LINE
  5
184
330
17
100
AcDbEntity
  8
0
100
AcDbLine
 10
885.3279999999992
 20
-298.90600000000234
 30
0.0
 11
883.2269999999992
 21
-298.90600000000234
 31
0.0
  0
LINE
  5
185
330
17
100
AcDbEntity
  8
0
100
AcDbLine
 10
883.2269999999992
 20
-298.90600000000234
 30
0.0
 11
881.1259999999992
 21
-298.90600000000234
 31
0.0
  0
LINE
  5
186
330
17
100
AcDbEntity
  8
0
100
AcDbLine
 10
881.1259999999992
 20
-298.90600000000234
 30
0.0
 11
879.0249999999992
 21
-298.90600000000234
 31
0.0
  0
LINE
  5
187
330
17
100
AcDbEntity
  8
0
100
AcDbLine
 10
879.0249999999992
 20
-298.90600000000234
 30
0.0
 11
876.9239999999992
 21
-298.90600000000234
 31
0.0
  0
LINE
  5
188
330
17
100
AcDbEntity
  8
0
100
AcDbLine
 10
876.9239999999992
 20
-298.90600000000234
 30
0.0
 11
874.8229999999992
 21
-298.90600000000234
 31
0.0
  0
LINE
  5
189
330
17
100
AcDbEntity
  8
0
100
AcDbLine
 10
874.8229999999992
 20
-298.90600000000234
 30
0.0
 11
872.7219999999992
 21
-298.90600000000234
 31
0.0
  0
LINE
  5
18A
330
17
100
AcDbEntity
  8
0
100
AcDbLine
 10
872.7219999999992
 20
-298.90600000000234
 30
0.0
 11
870.6209999999992
 21
-298.90600000000234
 31
0.0
  0
LINE
  5
18B
330
17
100
AcDbEntity
  8
0
100
AcDbLine
 10
870.6209999999992
 20
-298.90600000000234
 30
0.0
 11
868.5199999999992
 21
-298.90600000000234
 31
0.0
  0
LINE
  5
18C
330
17
100
AcDbEntity
  8
0
100
AcDbLine
 10
868.5199999999992
 20
-298.90600000000234
 30
0.0
 11
866.4189999999992
 21
-298.90600000000234
 31
0.0
  0
LINE
  5
18D
330
17
100
AcDbEntity
  8
0
100
AcDbLine
 10
866.4189999999992
 20
-298.90600000000234
 30
0.0
 11
864.3179999999992
 21
-298.90600000000234
 31
0.0
  0
LINE
  5
18E
330
17
100
AcDbEntity
  8
0
100
AcDbLine
 10
864.3179999999992
 20
-298.90600000000234
 30
0.0
 11
862.2169999999992
 21
-298.90600000000234
 31
0.0
  0
LINE
  5
18F
330
17
100
AcDbEntity
  8
0
100
AcDbLine
 10
913.2289999999991
 20
-344.47800000000234
 30
0.0
 11
912.7069999999991
 21
-346.38900000000234
 31
0.0
  0
LINE
  5
190
330
17
100
AcDbEntity
  8
0
100
AcDbLine
 10
912.7069999999991
 20
-346.38900000000234
 30
0.0
 11
912.184999999999
 21
-348.30000000000234
 31
0.0
  0
LINE
  5
191
330
17
100
AcDbEntity
  8
0
100
AcDbLine
 10
912.184999999999
 20
-348.30000000000234
 30
0.0
 11
911.662999999999
 21
-350.21100000000234
 31
0.0
  0
LINE
  5
192
330
17
100
AcDbEntity
  8
0
100
AcDbLine
 10
911.662999999999
 20
-350.21100000000234
 30
0.0
 11
911.1409999999989
 21
-352.12200000000234
 31
0.0
  0
LINE
  5
193
330
17
100
AcDbEntity
  8
0
100
AcDbLine
 10
911.1409999999989
 20
-352.12200000000234
 30
0.0
 11
910.6189999999989
 21
-354.03300000000235
 31
0.0
  0
LINE
  5
194
330
17
100
AcDbEntity
  8
0
100
AcDbLine
 10
910.6189999999989
 20
-354.03300000000235
 30
0.0
 11
910.0969999999988
 21
-355.94400000000235
 31
0.0
  0
LINE
  5
195
330
17
100
AcDbEntity
  8
0
100
AcDbLine
 10
910.0969999999988
 20
-355.94400000000235
 30
0.0
 11
909.5749999999988
 21
-357.85500000000235
 31
0.0
  0
LINE
  5
196
330
17
100
AcDbEntity
  8
0
100
AcDbLine
 10
909.5749999999988
 20
-357.85500000000235
 30
0.0
 11
909.0529999999987
 21
-359.76600000000235
 31
0.0
  0
LINE
  5
197
330
17
100
AcDbEntity
  8
0
100
AcDbLine
 10
909.0529999999987
 20
-359.76600000000235
 30
0.0
 11
908.5309999999987
 21
-361.67700000000235
 31
0.0
  0
LINE
  5
198
330
17
100
AcDbEntity
  8
0
100
AcDbLine
 10
908.5309999999987
 20
-361.67700000000235
 30
0.0
 11
908.0089999999987
 21
-363.58800000000235
 31
0.0
  0
LINE
  5
199
330
17
100
AcDbEntity
  8
0
100
AcDbLine
 10
908.0089999999987
 20
-363.58800000000235
 30
0.0
 11
907.4869999999986
 21
-365.49900000000235
 31
0.0
  0
LINE
  5
19A
330
17
100
AcDbEntity
  8
0
100
AcDbLine
 10
907.4869999999986
 20
-365.49900000000235
 30
0.0
 11
906.9649999999986
 21
-367.41000000000236
 31
0.0
  0
LINE
  5
19B
330
17
100
AcDbEntity
  8
0
100
AcDbLine
 10
906.9649999999986
 20
-367.41000000000236
 30
0.0
 11
906.4429999999985
 21
-369.32100000000236
 31
0.0
  0
LINE
  5
19C
330
17
100
AcDbEntity
  8
0
100
AcDbLine
 10
906.4429999999985
 20
-369.32100000000236
 30
0.0
 11
905.9209999999985
 21
-371.23200000000236
 31
0.0
  0
LINE
  5
19D
330
17
100
AcDbEntity
  8
0
100
AcDbLine
 10
905.9209999999985
 20
-371.23200000000236
 30
0.0
 11
905.3989999999984
 21
-373.14300000000236
 31
0.0
  0
LINE
  5
19E
330
17
100
AcDbEntity
  8
0
100
AcDbLine
 10
905.3989999999984
 20
-373.14300000000236
 30
0.0
 11
904.8769999999984
 21
-375.05400000000236
 31
0.0
  0
LINE
  5
19F
330
17
100
AcDbEntity
  8
0
100
AcDbLine
 10
904.8769999999984
 20
-375.05400000000236
 30
0.0
 11
905.0439999999984
 21
-375.0340000000024
 31
0.0
  0
LINE
  5
1A0
330
17
100
AcDbEntity
  8
0
100
AcDbLine
 10
905.0439999999984
 20
-375.0340000000024
 30
0.0
 11
905.2089999999984
 21
-375.0120000000024
 31
0.0
  0
LINE
  5
1A1
330
17
100
AcDbEntity
  8
0
100
AcDbLine
 10
905.2089999999984
 20
-375.0120000000024
 30
0.0
 11
905.3759999999984
 21
-374.9940000000024
 31
0.0
  0
LINE
  5
1A2
330
17
100
AcDbEntity
  8
0
100
AcDbLine
 10
905.3759999999984
 20
-374.9940000000024
 30
0.0
 11
905.5499999999984
 21
-374.9850000000024
 31
0.0
  0
LINE
  5
1A3
330
17
100
AcDbEntity
  8
0
100
AcDbLine
 10
905.5499999999984
 20
-374.9850000000024
 30
0.0
 11
905.7339999999983
 21
-374.9910000000024
 31
0.0
  0
LINE
  5
1A4
330
17
100
AcDbEntity
  8
0
100
AcDbLine
 10
905.7339999999983
 20
-374.9910000000024
 30
0.0
 11
905.9309999999983
 21
-375.0170000000024
 31
0.0
  0
LINE
  5
1A5
330
17
100
AcDbEntity
  8
0
100
AcDbLine
 10
905.9309999999983
 20
-375.0170000000024
 30
0.0
 11
906.1459999999984
 21
-375.0690000000024
 31
0.0
  0
LINE
  5
1A6
330
17
100
AcDbEntity
  8
0
100
AcDbLine
 10
906.1459999999984
 20
-375.0690000000024
 30
0.0
 11
906.3829999999983
 21
-375.1530000000024
 31
0.0
  0
LINE
  5
1A7
330
17
100
AcDbEntity
  8
0
100
AcDbLine
 10
906.3829999999983
 20
-375.1530000000024
 30
0.0
 11
906.6449999999983
 21
-375.2740000000024
 31
0.0
  0
LINE
  5
1A8
330
17
100
AcDbEntity
  8
0
100
AcDbLine
 10
906.6449999999983
 20
-375.2740000000024
 30
0.0
 11
906.9359999999983
 21
-375.4390000000024
 31
0.0
  0
LINE
  5
1A9
330
17
100
AcDbEntity
  8
0
100
AcDbLine
 10
906.9359999999983
 20
-375.4390000000024
 30
0.0
 11
907.2599999999983
 21
-375.65200000000243
 31
0.0
  0
LINE
  5
1AA
330
17
100
AcDbEntity
  8
0
100
AcDbLine
 10
907.2599999999983
 20
-375.65200000000243
 30
0.0
 11
907.6209999999983
 21
-375.9200000000024
 31
0.0
  0
LINE
  5
1AB
330
17
100
AcDbEntity
  8
0
100
AcDbLine
 10
907.6209999999983
 20
-375.9200000000024
 30
0.0
 11
908.0229999999983
 21
-376.2480000000024
 31
0.0
  0
LINE
  5
1AC
330
17
100
AcDbEntity
  8
0
100
AcDbLine
 10
908.0229999999983
 20
-376.2480000000024
 30
0.0
 11
908.4689999999983
 21
-376.64100000000235
 31
0.0
  0
LINE
  5
1AD
330
17
100
AcDbEntity
  8
0
100
AcDbLine
 10
908.4689999999983
 20
-376.64100000000235
 30
0.0
 11
908.9639999999984
 21
-377.1060000000023
 31
0.0
  0
LINE
  5
1AE
330
17
100
AcDbEntity
  8
0
100
AcDbLine
 10
908.9639999999984
 20
-377.1060000000023
 30
0.0
 11
909.5109999999984
 21
-377.6480000000023
 31
0.0
  0
LINE
  5
1AF
330
17
100
AcDbEntity
  8
0
100
AcDbLine
 10
909.5109999999984
 20
-377.6480000000023
 30
0.0
 11
910.4429999999984
 21
-378.6650000000023
 31
0.0
  0
LINE
  5
1B0
330
17
100
AcDbEntity
  8
0
100
AcDbLine
 10
910.4429999999984
 20
-378.6650000000023
 30
0.0
 11
911.2079999999984
 21
-379.6520000000023
 31
0.0
  0
LINE
  5
1B1
330
17
100
AcDbEntity
  8
0
100
AcDbLine
 10
911.2079999999984
 20
-379.6520000000023
 30
0.0
 11
911.8079999999984
 21
-380.60300000000234
 31
0.0
  0
LINE
  5
1B2
330
17
100
AcDbEntity
  8
0
100
AcDbLine
 10
911.8079999999984
 20
-380.60300000000234
 30
0.0
 11
912.2449999999984
 21
-381.51300000000236
 31
0.0
  0
LINE
  5
1B3
330
17
100
AcDbEntity
  8
0
100
AcDbLine
 10
912.2449999999984
 20
-381.51300000000236
 30
0.0
 11
912.5209999999984
 21
-382.37700000000234
 31
0.0
  0
LINE
  5
1B4
330
17
100
AcDbEntity
  8
0
100
AcDbLine
 10
912.5209999999984
 20
-382.37700000000234
 30
0.0
 11
912.6369999999984
 21
-383.1900000000023
 31
0.0
  0
LINE
  5
1B5
330
17
100
AcDbEntity
  8
0
100
AcDbLine
 10
912.6369999999984
 20
-383.1900000000023
 30
0.0
 11
912.5949999999983
 21
-383.94700000000233
 31
0.0
  0
LINE
  5
1B6
330
17
100
AcDbEntity
  8
0
100
AcDbLine
 10
912.5949999999983
 20
-383.94700000000233
 30
0.0
 11
912.3969999999983
 21
-384.6420000000023
 31
0.0
  0
LINE
  5
1B7
330
17
100
AcDbEntity
  8
0
100
AcDbLine
 10
912.3969999999983
 20
-384.6420000000023
 30
0.0
 11
912.0449999999984
 21
-385.27100000000235
 31
0.0
  0
LINE
  5
1B8
330
17
100
AcDbEntity
  8
0
100
AcDbLine
 10
912.0449999999984
 20
-385.27100000000235
 30
0.0
 11
911.5409999999983
 21
-385.82900000000234
 31
0.0
  0
LINE
  5
1B9
330
17
100
AcDbEntity
  8
0
100
AcDbLine
 10
911.5409999999983
 20
-385.82900000000234
 30
0.0
 11
910.8869999999984
 21
-386.31000000000233
 31
0.0
  0
LINE
  5
1BA
330
17
100
AcDbEntity
  8
0
100
AcDbLine
 10
910.8869999999984
 20
-386.31000000000233
 30
0.0
 11
910.0849999999983
 21
-386.7100000000023
 31
0.0
  0
LINE
  5
1BB
330
17
100
AcDbEntity
  8
0
100
AcDbLine
 10
910.0849999999983
 20
-386.7100000000023
 30
0.0
 11
909.1359999999984
 21
-387.0230000000023
 31
0.0
  0
LINE
  5
1BC
330
17
100
AcDbEntity
  8
0
100
AcDbLine
 10
909.1359999999984
 20
-387.0230000000023
 30
0.0
 11
908.0419999999983
 21
-387.2450000000023
 31
0.0
  0
LINE
  5
1BD
330
17
100
AcDbEntity
  8
0
100
AcDbLine
 10
908.0419999999983
 20
-387.2450000000023
 30
0.0
 11
906.8049999999984
 21
-387.3700000000023
 31
0.0
  0
LINE
  5
1BE
330
17
100
AcDbEntity
  8
0
100
AcDbLine
 10
906.8049999999984
 20
-387.3700000000023
 30
0.0
 11
905.4269999999983
 21
-387.3930000000023
 31
0.0
  0
LINE
  5
1BF
330
17
100
AcDbEntity
  8
0
100
AcDbLine
 10
905.4269999999983
 20
-387.3930000000023
 30
0.0
 11
905.1529999999983
 21
-387.3820000000023
 31
0.0
  0
LINE
  5
1C0
330
17
100
AcDbEntity
  8
0
100
AcDbLine
 10
905.1529999999983
 20
-387.3820000000023
 30
0.0
 11
904.8859999999983
 21
-387.36100000000226
 31
0.0
  0
LINE
  5
1C1
330
17
100
AcDbEntity
  8
0
100
AcDbLine
 10
904.8859999999983
 20
-387.36100000000226
 30
0.0
 11
904.6259999999983
 21
-387.3310000000023
 31
0.0
  0
LINE
  5
1C2
330
17
100
AcDbEntity
  8
0
100
AcDbLine
 10
904.6259999999983
 20
-387.3310000000023
 30
0.0
 11
904.3719999999983
 21
-387.29100000000227
 31
0.0
  0
LINE
  5
1C3
330
17
100
AcDbEntity
  8
0
100
AcDbLine
 10
904.3719999999983
 20
-387.29100000000227
 30
0.0
 11
904.1249999999983
 21
-387.2420000000023
 31
0.0
  0
LINE
  5
1C4
330
17
100
AcDbEntity
  8
0
100
AcDbLine
 10
904.1249999999983
 20
-387.2420000000023
 30
0.0
 11
903.8849999999983
 21
-387.1840000000023
 31
0.0
  0
LINE
  5
1C5
330
17
100
AcDbEntity
  8
0
100
AcDbLine
 10
903.8849999999983
 20
-387.1840000000023
 30
0.0
 11
903.6509999999982
 21
-387.1170000000023
 31
0.0
  0
LINE
  5
1C6
330
17
100
AcDbEntity
  8
0
100
AcDbLine
 10
903.6509999999982
 20
-387.1170000000023
 30
0.0
 11
903.4239999999983
 21
-387.0420000000023
 31
0.0
  0
LINE
  5
1C7
330
17
100
AcDbEntity
  8
0
100
AcDbLine
 10
903.4239999999983
 20
-387.0420000000023
 30
0.0
 11
903.2029999999983
 21
-386.9590000000023
 31
0.0
  0
LINE
  5
1C8
330
17
100
AcDbEntity
  8
0
100
AcDbLine
 10
903.2029999999983
 20
-386.9590000000023
 30
0.0
 11
902.9889999999982
 21
-386.86800000000227
 31
0.0
  0
LINE
  5
1C9
330
17
100
AcDbEntity
  8
0
100
AcDbLine
 10
902.9889999999982
 20
-386.86800000000227
 30
0.0
 11
902.7819999999982
 21
-386.7690000000023
 31
0.0
  0
LINE
  5
1CA
330
17
100
AcDbEntity
  8
0
100
AcDbLine
 10
902.7819999999982
 20
-386.7690000000023
 30
0.0
 11
902.5809999999982
 21
-386.6630000000023
 31
0.0
  0
LINE
  5
1CB
330
17
100
AcDbEntity
  8
0
100
AcDbLine
 10
902.5809999999982
 20
-386.6630000000023
 30
0.0
 11
902.3869999999982
 21
-386.5500000000023
 31
0.0
  0
LINE
  5
1CC
330
17
100
AcDbEntity
  8
0
100
AcDbLine
 10
902.3869999999982
 20
-386.5500000000023
 30
0.0
 11
902.1989999999983
 21
-386.4300000000023
 31
0.0
  0
LINE
  5
1CD
330
17
100
AcDbEntity
  8
0
100
AcDbLine
 10
902.1989999999983
 20
-386.4300000000023
 30
0.0
 11
902.0169999999982
 21
-386.30300000000227
 31
0.0
  0
LINE
  5
1CE
330
17
100
AcDbEntity
  8
0
100
AcDbLine
 10
902.0169999999982
 20
-386.30300000000227
 30
0.0
 11
901.8419999999983
 21
-386.1700000000023
 31
0.0
  0
LINE
  5
1CF
330
17
100
AcDbEntity
  8
0
100
AcDbLine
 10
901.8419999999983
 20
-386.1700000000023
 30
0.0
 11
901.7179999999983
 21
-386.6260000000023
 31
0.0
  0
LINE
  5
1D0
330
17
100
AcDbEntity
  8
0
100
AcDbLine
 10
901.7179999999983
 20
-386.6260000000023
 30
0.0
 11
901.5939999999982
 21
-387.0820000000023
 31
0.0
  0
LINE
  5
1D1
330
17
100
AcDbEntity
  8
0
100
AcDbLine
 10
901.5939999999982
 20
-387.0820000000023
 30
0.0
 11
901.4699999999982
 21
-387.53800000000234
 31
0.0
  0
LINE
  5
1D2
330
17
100
AcDbEntity
  8
0
100
AcDbLine
 10
901.4699999999982
 20
-387.53800000000234
 30
0.0
 11
901.3459999999982
 21
-387.99400000000236
 31
0.0
  0
LINE
  5
1D3
330
17
100
AcDbEntity
  8
0
100
AcDbLine
 10
901.3459999999982
 20
-387.99400000000236
 30
0.0
 11
901.2219999999982
 21
-388.4500000000024
 31
0.0
  0
LINE
  5
1D4
330
17
100
AcDbEntity
  8
0
100
AcDbLine
 10
901.2219999999982
 20
-388.4500000000024
 30
0.0
 11
901.0979999999981
 21
-388.9060000000024
 31
0.0
  0
LINE
  5
1D5
330
17
100
AcDbEntity
  8
0
100
AcDbLine
 10
901.0979999999981
 20
-388.9060000000024
 30
0.0
 11
900.9739999999981
 21
-389.3620000000024
 31
0.0
  0
LINE
  5
1D6
330
17
100
AcDbEntity
  8
0
100
AcDbLine
 10
900.9739999999981
 20
-389.3620000000024
 30
0.0
 11
900.8499999999981
 21
-389.8180000000024
 31
0.0
  0
LINE
  5
1D7
330
17
100
AcDbEntity
  8
0
100
AcDbLine
 10
900.8499999999981
 20
-389.8180000000024
 30
0.0
 11
900.7259999999981
 21
-390.27400000000245
 31
0.0
  0
LINE
  5
1D8
330
17
100
AcDbEntity
  8
0
100
AcDbLine
 10
900.7259999999981
 20
-390.27400000000245
 30
0.0
 11
900.601999999998
 21
-390.73000000000246
 31
0.0
  0
LINE
  5
1D9
330
17
100
AcDbEntity
  8
0
100
AcDbLine
 10
900.601999999998
 20
-390.73000000000246
 30
0.0
 11
900.477999999998
 21
-391.1860000000025
 31
0.0
  0
LINE
  5
1DA
330
17
100
AcDbEntity
  8
0
100
AcDbLine
 10
900.477999999998
 20
-391.1860000000025
 30
0.0
 11
900.353999999998
 21
-391.6420000000025
 31
0.0
  0
LINE
  5
1DB
330
17
100
AcDbEntity
  8
0
100
AcDbLine
 10
900.353999999998
 20
-391.6420000000025
 30
0.0
 11
900.229999999998
 21
-392.0980000000025
 31
0.0
  0
LINE
  5
1DC
330
17
100
AcDbEntity
  8
0
100
AcDbLine
 10
900.229999999998
 20
-392.0980000000025
 30
0.0
 11
900.105999999998
 21
-392.55400000000253
 31
0.0
  0
LINE
  5
1DD
330
17
100
AcDbEntity
  8
0
100
AcDbLine
 10
900.105999999998
 20
-392.55400000000253
 30
0.0
 11
899.9819999999979
 21
-393.01000000000255
 31
0.0
  0
LINE
  5
1DE
330
17
100
AcDbEntity
  8
0
100
AcDbLine
 10
899.9819999999979
 20
-393.01000000000255
 30
0.0
 11
899.8579999999979
 21
-393.46600000000257
 31
0.0
  0
LINE
  5
1DF
330
17
100
AcDbEntity
  8
0
100
AcDbLine
 10
899.8579999999979
 20
-393.46600000000257
 30
0.0
 11
906.2799999999979
 21
-393.40400000000255
 31
0.0
  0
LINE
  5
1E0
330
17
100
AcDbEntity
  8
0
100
AcDbLine
 10
906.2799999999979
 20
-393.40400000000255
 30
0.0
 11
912.701999999998
 21
-393.34200000000254
 31
0.0
  0
LINE
  5
1E1
330
17
100
AcDbEntity
  8
0
100
AcDbLine
 10
912.701999999998
 20
-393.34200000000254
 30
0.0
 11
919.123999999998
 21
-393.28000000000253
 31
0.0
  0
LINE
  5
1E2
330
17
100
AcDbEntity
  8
0
100
AcDbLine
 10
919.123999999998
 20
-393.28000000000253
 30
0.0
 11
925.545999999998
 21
-393.2180000000025
 31
0.0
  0
LINE
  5
1E3
330
17
100
AcDbEntity
  8
0
100
AcDbLine
 10
925.545999999998
 20
-393.2180000000025
 30
0.0
 11
931.967999999998
 21
-393.1560000000025
 31
0.0
  0
LINE
  5
1E4
330
17
100
AcDbEntity
  8
0
100
AcDbLine
 10
931.967999999998
 20
-393.1560000000025
 30
0.0
 11
938.389999999998
 21
-393.0940000000025
 31
0.0
  0
LINE
  5
1E5
330
17
100
AcDbEntity
  8
0
100
AcDbLine
 10
938.389999999998
 20
-393.0940000000025
 30
0.0
 11
944.8119999999981
 21
-393.0320000000025
 31
0.0
  0
LINE
  5
1E6
330
17
100
AcDbEntity
  8
0
100
AcDbLine
 10
944.8119999999981
 20
-393.0320000000025
 30
0.0
 11
951.2339999999981
 21
-392.97000000000247
 31
0.0
  0
LINE
  5
1E7
330
17
100
AcDbEntity
  8
0
100
AcDbLine
 10
951.2339999999981
 20
-392.97000000000247
 30
0.0
 11
957.6559999999981
 21
-392.90800000000246
 31
0.0
  0
LINE
  5
1E8
330
17
100
AcDbEntity
  8
0
100
AcDbLine
 10
957.6559999999981
 20
-392.90800000000246
 30
0.0
 11
964.0779999999982
 21
-392.84600000000245
 31
0.0
  0
LINE
  5
1E9
330
17
100
AcDbEntity
  8
0
100
AcDbLine
 10
964.0779999999982
 20
-392.84600000000245
 30
0.0
 11
970.4999999999982
 21
-392.78400000000244
 31
0.0
  0
LINE
  5
1EA
330
17
100
AcDbEntity
  8
0
100
AcDbLine
 10
970.4999999999982
 20
-392.78400000000244
 30
0.0
 11
976.9219999999982
 21
-392.7220000000024
 31
0.0
  0
LINE
  5
1EB
330
17
100
AcDbEntity
  8
0
100
AcDbLine
 10
976.9219999999982
 20
-392.7220000000024
 30
0.0
 11
983.3439999999982
 21
-392.6600000000024
 31
0.0
  0
LINE
  5
1EC
330
17
100
AcDbEntity
  8
0
100
AcDbLine
 10
983.3439999999982
 20
-392.6600000000024
 30
0.0
 11
989.7659999999983
 21
-392.5980000000024
 31
0.0
  0
LINE
  5
1ED
330
17
100
AcDbEntity
  8
0
100
AcDbLine
 10
989.7659999999983
 20
-392.5980000000024
 30
0.0
 11
996.1879999999983
 21
-392.5360000000024
 31
0.0
  0
LINE
  5
1EE
330
17
100
AcDbEntity
  8
0
100
AcDbLine
 10
996.1879999999983
 20
-392.5360000000024
 30
0.0
 11
1002.6099999999983
 21
-392.4740000000024
 31
0.0
  0
LINE
  5
1EF
330
17
100
AcDbEntity
  8
0
100
AcDbLine
 10
1002.6099999999983
 20
-392.4740000000024
 30
0.0
 11
1002.0979999999984
 21
-388.69300000000237
 31
0.0
  0
LINE
  5
1F0
330
17
100
AcDbEntity
  8
0
100
AcDbLine
 10
1002.0979999999984
 20
-388.69300000000237
 30
0.0
 11
1002.0999999999983
 21
-385.4020000000024
 31
0.0
  0
LINE
  5
1F1
330
17
100
AcDbEntity
  8
0
100
AcDbLine
 10
1002.0999999999983
 20
-385.4020000000024
 30
0.0
 11
1002.5499999999984
 21
-382.56800000000237
 31
0.0
  0
LINE
  5
1F2
330
17
100
AcDbEntity
  8
0
100
AcDbLine
 10
1002.5499999999984
 20
-382.56800000000237
 30
0.0
 11
1003.3809999999984
 21
-380.1560000000024
 31
0.0
  0
LINE
  5
1F3
330
17
100
AcDbEntity
  8
0
100
AcDbLine
 10
1003.3809999999984
 20
-380.1560000000024
 30
0.0
 11
1004.5269999999983
 21
-378.13300000000237
 31
0.0
  0
LINE
  5
1F4
330
17
100
AcDbEntity
  8
0
100
AcDbLine
 10
1004.5269999999983
 20
-378.13300000000237
 30
0.0
 11
1005.9219999999983
 21
-376.4640000000024
 31
0.0
  0
LINE
  5
1F5
330
17
100
AcDbEntity
  8
0
100
AcDbLine
 10
1005.9219999999983
 20
-376.4640000000024
 30
0.0
 11
1007.4989999999983
 21
-375.1150000000024
 31
0.0
  0
LINE
  5
1F6
330
17
100
AcDbEntity
  8
0
100
AcDbLine
 10
1007.4989999999983
 20
-375.1150000000024
 30
0.0
 11
1009.1919999999983
 21
-374.0530000000024
 31
0.0
  0
LINE
  5
1F7
330
17
100
AcDbEntity
  8
0
100
AcDbLine
 10
1009.1919999999983
 20
-374.0530000000024
 30
0.0
 11
1010.9339999999983
 21
-373.2430000000024
 31
0.0
  0
LINE
  5
1F8
330
17
100
AcDbEntity
  8
0
100
AcDbLine
 10
1010.9339999999983
 20
-373.2430000000024
 30
0.0
 11
1012.6589999999983
 21
-372.6520000000024
 31
0.0
  0
LINE
  5
1F9
330
17
100
AcDbEntity
  8
0
100
AcDbLine
 10
1012.6589999999983
 20
-372.6520000000024
 30
0.0
 11
1014.3009999999983
 21
-372.2450000000024
 31
0.0
  0
LINE
  5
1FA
330
17
100
AcDbEntity
  8
0
100
AcDbLine
 10
1014.3009999999983
 20
-372.2450000000024
 30
0.0
 11
1015.7929999999983
 21
-371.9880000000024
 31
0.0
  0
LINE
  5
1FB
330
17
100
AcDbEntity
  8
0
100
AcDbLine
 10
1015.7929999999983
 20
-371.9880000000024
 30
0.0
 11
1017.0689999999983
 21
-371.84700000000237
 31
0.0
  0
LINE
  5
1FC
330
17
100
AcDbEntity
  8
0
100
AcDbLine
 10
1017.0689999999983
 20
-371.84700000000237
 30
0.0
 11
1018.0629999999983
 21
-371.7890000000024
 31
0.0
  0
LINE
  5
1FD
330
17
100
AcDbEntity
  8
0
100
AcDbLine
 10
1018.0629999999983
 20
-371.7890000000024
 30
0.0
 11
1018.7079999999983
 21
-371.7790000000024
 31
0.0
  0
LINE
  5
1FE
330
17
100
AcDbEntity
  8
0
100
AcDbLine
 10
1018.7079999999983
 20
-371.7790000000024
 30
0.0
 11
1018.9379999999983
 21
-371.7830000000024
 31
0.0
  0
LINE
  5
1FF
330
17
100
AcDbEntity
  8
0
100
AcDbLine
 10
1018.9379999999983
 20
-371.7830000000024
 30
0.0
 11
1024.5649999999982
 21
-371.7580000000024
 31
0.0
  0
LINE
  5
200
330
17
100
AcDbEntity
  8
0
100
AcDbLine
 10
1024.5649999999982
 20
-371.7580000000024
 30
0.0
 11
1030.1919999999982
 21
-371.73300000000245
 31
0.0
  0
LINE
  5
201
330
17
100
AcDbEntity
  8
0
100
AcDbLine
 10
1030.1919999999982
 20
-371.73300000000245
 30
0.0
 11
1035.8189999999981
 21
-371.70800000000247
 31
0.0
  0
LINE
  5
202
330
17
100
AcDbEntity
  8
0
100
AcDbLine
 10
1035.8189999999981
 20
-371.70800000000247
 30
0.0
 11
1041.445999999998
 21
-371.6830000000025
 31
0.0
  0
LINE
  5
203
330
17
100
AcDbEntity
  8
0
100
AcDbLine
 10
1041.445999999998
 20
-371.6830000000025
 30
0.0
 11
1047.072999999998
 21
-371.6580000000025
 31
0.0
  0
LINE
  5
204
330
17
100
AcDbEntity
  8
0
100
AcDbLine
 10
1047.072999999998
 20
-371.6580000000025
 30
0.0
 11
1052.699999999998
 21
-371.63300000000254
 31
0.0
  0
LINE
  5
205
330
17
100
AcDbEntity
  8
0
100
AcDbLine
 10
1052.699999999998
 20
-371.63300000000254
 30
0.0
 11
1058.326999999998
 21
-371.60800000000256
 31
0.0
  0
LINE
  5
206
330
17
100
AcDbEntity
  8
0
100
AcDbLine
 10
1058.326999999998
 20
-371.60800000000256
 30
0.0
 11
1063.953999999998
 21
-371.5830000000026
 31
0.0
  0
LINE
  5
207
330
17
100
AcDbEntity
  8
0
100
AcDbLine
 10
1063.953999999998
 20
-371.5830000000026
 30
0.0
 11
1069.5809999999979
 21
-371.5580000000026
 31
0.0
  0
LINE
  5
208
330
17
100
AcDbEntity
  8
0
100
AcDbLine
 10
1069.5809999999979
 20
-371.5580000000026
 30
0.0
 11
1075.2079999999978
 21
-371.53300000000263
 31
0.0
  0
LINE
  5
209
330
17
100
AcDbEntity
  8
0
100
AcDbLine
 10
1075.2079999999978
 20
-371.53300000000263
 30
0.0
 11
1080.8349999999978
 21
-371.50800000000265
 31
0.0
  0
LINE
  5
20A
330
17
100
AcDbEntity
  8
0
100
AcDbLine
 10
1080.8349999999978
 20
-371.50800000000265
 30
0.0
 11
1086.4619999999977
 21
-371.4830000000027
 31
0.0
  0
LINE
  5
20B
330
17
100
AcDbEntity
  8
0
100
AcDbLine
 10
1086.4619999999977
 20
-371.4830000000027
 30
0.0
 11
1092.0889999999977
 21
-371.4580000000027
 31
0.0
  0
LINE
  5
20C
330
17
100
AcDbEntity
  8
0
100
AcDbLine
 10
1092.0889999999977
 20
-371.4580000000027
 30
0.0
 11
1097.7159999999976
 21
-371.4330000000027
 31
0.0
  0
LINE
  5
20D
330
17
100
AcDbEntity
  8
0
100
AcDbLine
 10
1097.7159999999976
 20
-371.4330000000027
 30
0.0
 11
1103.3429999999976
 21
-371.40800000000274
 31
0.0
  0
LINE
  5
20E
330
17
100
AcDbEntity
  8
0
100
AcDbLine
 10
1103.3429999999976
 20
-371.40800000000274
 30
0.0
 11
1108.9699999999975
 21
-371.38300000000277
 31
0.0
  0
LINE
  5
20F
330
17
100
AcDbEntity
  8
0
100
AcDbLine
 10
1108.9699999999975
 20
-371.38300000000277
 30
0.0
 11
1109.4509999999975
 21
-371.35700000000276
 31
0.0
  0
LINE
  5
210
330
17
100
AcDbEntity
  8
0
100
AcDbLine
 10
1109.4509999999975
 20
-371.35700000000276
 30
0.0
 11
1109.9179999999976
 21
-371.2840000000028
 31
0.0
  0
LINE
  5
211
330
17
100
AcDbEntity
  8
0
100
AcDbLine
 10
1109.9179999999976
 20
-371.2840000000028
 30
0.0
 11
1110.3679999999977
 21
-371.1660000000028
 31
0.0
  0
LINE
  5
212
330
17
100
AcDbEntity
  8
0
100
AcDbLine
 10
1110.3679999999977
 20
-371.1660000000028
 30
0.0
 11
1110.7999999999977
 21
-371.00600000000276
 31
0.0
  0
LINE
  5
213
330
17
100
AcDbEntity
  8
0
100
AcDbLine
 10
1110.7999999999977
 20
-371.00600000000276
 30
0.0
 11
1111.2109999999977
 21
-370.80700000000274
 31
0.0
  0
LINE
  5
214
330
17
100
AcDbEntity
  8
0
100
AcDbLine
 10
1111.2109999999977
 20
-370.80700000000274
 30
0.0
 11
1111.5979999999977
 21
-370.5700000000027
 31
0.0
  0
LINE
  5
215
330
17
100
AcDbEntity
  8
0
100
AcDbLine
 10
1111.5979999999977
 20
-370.5700000000027
 30
0.0
 11
1111.9589999999978
 21
-370.29800000000273
 31
0.0
  0
LINE
  5
216
330
17
100
AcDbEntity
  8
0
100
AcDbLine
 10
1111.9589999999978
 20
-370.29800000000273
 30
0.0
 11
1112.2919999999979
 21
-369.99400000000276
 31
0.0
  0
LINE
  5
217
330
17
100
AcDbEntity
  8
0
100
AcDbLine
 10
1112.2919999999979
 20
-369.99400000000276
 30
0.0
 11
1112.594999999998
 21
-369.6590000000028
 31
0.0
  0
LINE
  5
218
330
17
100
AcDbEntity
  8
0
100
AcDbLine
 10
1112.594999999998
 20
-369.6590000000028
 30
0.0
 11
1112.864999999998
 21
-369.2960000000028
 31
0.0
  0
LINE
  5
219
330
17
100
AcDbEntity
  8
0
100
AcDbLine
 10
1112.864999999998
 20
-369.2960000000028
 30
0.0
 11
1113.0999999999979
 21
-368.9080000000028
 31
0.0
  0
LINE
  5
21A
330
17
100
AcDbEntity
  8
0
100
AcDbLine
 10
1113.0999999999979
 20
-368.9080000000028
 30
0.0
 11
1113.297999999998
 21
-368.4960000000028
 31
0.0
  0
LINE
  5
21B
330
17
100
AcDbEntity
  8
0
100
AcDbLine
 10
1113.297999999998
 20
-368.4960000000028
 30
0.0
 11
1113.4559999999979
 21
-368.0640000000028
 31
0.0
  0
LINE
  5
21C
330
17
100
AcDbEntity
  8
0
100
AcDbLine
 10
1113.4559999999979
 20
-368.0640000000028
 30
0.0
 11
1113.5719999999978
 21
-367.6130000000028
 31
0.0
  0
LINE
  5
21D
330
17
100
AcDbEntity
  8
0
100
AcDbLine
 10
1113.5719999999978
 20
-367.6130000000028
 30
0.0
 11
1113.6429999999978
 21
-367.1460000000028
 31
0.0
  0
LINE
  5
21E
330
17
100
AcDbEntity
  8
0
100
AcDbLine
 10
1113.6429999999978
 20
-367.1460000000028
 30
0.0
 11
1113.6669999999976
 21
-366.6650000000028
 31
0.0
  0
LINE
  5
21F
330
17
100
AcDbEntity
  8
0
100
AcDbLine
 10
1113.6669999999976
 20
-366.6650000000028
 30
0.0
 11
1113.6669999999976
 21
-365.2780000000028
 31
0.0
  0
LINE
  5
220
330
17
100
AcDbEntity
  8
0
100
AcDbLine
 10
1113.6669999999976
 20
-365.2780000000028
 30
0.0
 11
1113.6669999999976
 21
-363.8910000000028
 31
0.0
  0
LINE
  5
221
330
17
100
AcDbEntity
  8
0
100
AcDbLine
 10
1113.6669999999976
 20
-363.8910000000028
 30
0.0
 11
1113.6669999999976
 21
-362.5040000000028
 31
0.0
  0
LINE
  5
222
330
17
100
AcDbEntity
  8
0
100
AcDbLine
 10
1113.6669999999976
 20
-362.5040000000028
 30
0.0
 11
1113.6669999999976
 21
-361.1170000000028
 31
0.0
  0
LINE
  5
223
330
17
100
AcDbEntity
  8
0
100
AcDbLine
 10
1113.6669999999976
 20
-361.1170000000028
 30
0.0
 11
1113.6669999999976
 21
-359.7300000000028
 31
0.0
  0
LINE
  5
224
330
17
100
AcDbEntity
  8
0
100
AcDbLine
 10
1113.6669999999976
 20
-359.7300000000028
 30
0.0
 11
1113.6669999999976
 21
-358.3430000000028
 31
0.0
  0
LINE
  5
225
330
17
100
AcDbEntity
  8
0
100
AcDbLine
 10
1113.6669999999976
 20
-358.3430000000028
 30
0.0
 11
1113.6669999999976
 21
-356.9560000000028
 31
0.0
  0
LINE
  5
226
330
17
100
AcDbEntity
  8
0
100
AcDbLine
 10
1113.6669999999976
 20
-356.9560000000028
 30
0.0
 11
1113.6669999999976
 21
-355.5690000000028
 31
0.0
  0
LINE
  5
227
330
17
100
AcDbEntity
  8
0
100
AcDbLine
 10
1113.6669999999976
 20
-355.5690000000028
 30
0.0
 11
1113.6669999999976
 21
-354.1820000000028
 31
0.0
  0
LINE
  5
228
330
17
100
AcDbEntity
  8
0
100
AcDbLine
 10
1113.6669999999976
 20
-354.1820000000028
 30
0.0
 11
1113.6669999999976
 21
-352.7950000000028
 31
0.0
  0
LINE
  5
229
330
17
100
AcDbEntity
  8
0
100
AcDbLine
 10
1113.6669999999976
 20
-352.7950000000028
 30
0.0
 11
1113.6669999999976
 21
-351.4080000000028
 31
0.0
  0
LINE
  5
22A
330
17
100
AcDbEntity
  8
0
100
AcDbLine
 10
1113.6669999999976
 20
-351.4080000000028
 30
0.0
 11
1113.6669999999976
 21
-350.0210000000028
 31
0.0
  0
LINE
  5
22B
330
17
100
AcDbEntity
  8
0
100
AcDbLine
 10
1113.6669999999976
 20
-350.0210000000028
 30
0.0
 11
1113.6669999999976
 21
-348.6340000000028
 31
0.0
  0
LINE
  5
22C
330
17
100
AcDbEntity
  8
0
100
AcDbLine
 10
1113.6669999999976
 20
-348.6340000000028
 30
0.0
 11
1113.6669999999976
 21
-347.2470000000028
 31
0.0
  0
LINE
  5
22D
330
17
100
AcDbEntity
  8
0
100
AcDbLine
 10
1113.6669999999976
 20
-347.2470000000028
 30
0.0
 11
1113.6669999999976
 21
-345.8600000000028
 31
0.0
  0
LINE
  5
22E
330
17
100
AcDbEntity
  8
0
100
AcDbLine
 10
1113.6669999999976
 20
-345.8600000000028
 30
0.0
 11
1113.6669999999976
 21
-344.4730000000028
 31
0.0
  0
LINE
  5
22F
330
17
100
AcDbEntity
  8
0
100
AcDbLine
 10
1113.6669999999976
 20
-344.4730000000028
 30
0.0
 11
1101.1399999999976
 21
-344.4730000000028
 31
0.0
  0
LINE
  5
230
330
17
100
AcDbEntity
  8
0
100
AcDbLine
 10
1101.1399999999976
 20
-344.4730000000028
 30
0.0
 11
1088.6129999999976
 21
-344.4730000000028
 31
0.0
  0
LINE
  5
231
330
17
100
AcDbEntity
  8
0
100
AcDbLine
 10
1088.6129999999976
 20
-344.4730000000028
 30
0.0
 11
1076.0859999999975
 21
-344.4730000000028
 31
0.0
  0
LINE
  5
232
330
17
100
AcDbEntity
  8
0
100
AcDbLine
 10
1076.0859999999975
 20
-344.4730000000028
 30
0.0
 11
1063.5589999999975
 21
-344.4730000000028
 31
0.0
  0
LINE
  5
233
330
17
100
AcDbEntity
  8
0
100
AcDbLine
 10
1063.5589999999975
 20
-344.4730000000028
 30
0.0
 11
1051.0319999999974
 21
-344.4730000000028
 31
0.0
  0
LINE
  5
234
330
17
100
AcDbEntity
  8
0
100
AcDbLine
 10
1051.0319999999974
 20
-344.4730000000028
 30
0.0
 11
1038.5049999999974
 21
-344.4730000000028
 31
0.0
  0
LINE
  5
235
330
17
100
AcDbEntity
  8
0
100
AcDbLine
 10
1038.5049999999974
 20
-344.4730000000028
 30
0.0
 11
1025.9779999999973
 21
-344.4730000000028
 31
0.0
  0
LINE
  5
236
330
17
100
AcDbEntity
  8
0
100
AcDbLine
 10
1025.9779999999973
 20
-344.4730000000028
 30
0.0
 11
1013.4509999999973
 21
-344.4730000000028
 31
0.0
  0
LINE
  5
237
330
17
100
AcDbEntity
  8
0
100
AcDbLine
 10
1013.4509999999973
 20
-344.4730000000028
 30
0.0
 11
1000.9239999999972
 21
-344.4730000000028
 31
0.0
  0
LINE
  5
238
330
17
100
AcDbEntity
  8
0
100
AcDbLine
 10
1000.9239999999972
 20
-344.4730000000028
 30
0.0
 11
988.3969999999972
 21
-344.4730000000028
 31
0.0
  0
LINE
  5
239
330
17
100
AcDbEntity
  8
0
100
AcDbLine
 10
988.3969999999972
 20
-344.4730000000028
 30
0.0
 11
975.8699999999972
 21
-344.4730000000028
 31
0.0
  0
LINE
  5
23A
330
17
100
AcDbEntity
  8
0
100
AcDbLine
 10
975.8699999999972
 20
-344.4730000000028
 30
0.0
 11
963.3429999999971
 21
-344.4730000000028
 31
0.0
  0
LINE
  5
23B
330
17
100
AcDbEntity
  8
0
100
AcDbLine
 10
963.3429999999971
 20
-344.4730000000028
 30
0.0
 11
950.8159999999971
 21
-344.4730000000028
 31
0.0
  0
LINE
  5
23C
330
17
100
AcDbEntity
  8
0
100
AcDbLine
 10
950.8159999999971
 20
-344.4730000000028
 30
0.0
 11
938.288999999997
 21
-344.4730000000028
 31
0.0
  0
LINE
  5
23D
330
17
100
AcDbEntity
  8
0
100
AcDbLine
 10
938.288999999997
 20
-344.4730000000028
 30
0.0
 11
925.761999999997
 21
-344.4730000000028
 31
0.0
  0
LINE
  5
23E
330
17
100
AcDbEntity
  8
0
100
AcDbLine
 10
925.761999999997
 20
-344.4730000000028
 30
0.0
 11
913.234999999997
 21
-344.4730000000028
 31
0.0
  0
LINE
  5
23F
330
17
100
AcDbEntity
  8
0
100
AcDbLine
 10
966.0679999999969
 20
-358.6820000000028
 30
0.0
 11
966.128999999997
 21
-360.0220000000028
 31
0.0
  0
LINE
  5
240
330
17
100
AcDbEntity
  8
0
100
AcDbLine
 10
966.128999999997
 20
-360.0220000000028
 30
0.0
 11
966.055999999997
 21
-361.3360000000028
 31
0.0
  0
LINE
  5
241
330
17
100
AcDbEntity
  8
0
100
AcDbLine
 10
966.055999999997
 20
-361.3360000000028
 30
0.0
 11
965.854999999997
 21
-362.61600000000277
 31
0.0
  0
LINE
  5
242
330
17
100
AcDbEntity
  8
0
100
AcDbLine
 10
965.854999999997
 20
-362.61600000000277
 30
0.0
 11
965.531999999997
 21
-363.8560000000028
 31
0.0
  0
LINE
  5
243
330
17
100
AcDbEntity
  8
0
100
AcDbLine
 10
965.531999999997
 20
-363.8560000000028
 30
0.0
 11
965.0919999999969
 21
-365.04900000000276
 31
0.0
  0
LINE
  5
244
330
17
100
AcDbEntity
  8
0
100
AcDbLine
 10
965.0919999999969
 20
-365.04900000000276
 30
0.0
 11
964.541999999997
 21
-366.18700000000274
 31
0.0
  0
LINE
  5
245
330
17
100
AcDbEntity
  8
0
100
AcDbLine
 10
964.541999999997
 20
-366.18700000000274
 30
0.0
 11
963.887999999997
 21
-367.26300000000276
 31
0.0
  0
LINE
  5
246
330
17
100
AcDbEntity
  8
0
100
AcDbLine
 10
963.887999999997
 20
-367.26300000000276
 30
0.0
 11
963.1349999999969
 21
-368.27000000000277
 31
0.0
  0
LINE
  5
247
330
17
100
AcDbEntity
  8
0
100
AcDbLine
 10
963.1349999999969
 20
-368.27000000000277
 30
0.0
 11
962.2899999999969
 21
-369.20100000000275
 31
0.0
  0
LINE
  5
248
330
17
100
AcDbEntity
  8
0
100
AcDbLine
 10
962.2899999999969
 20
-369.20100000000275
 30
0.0
 11
961.3579999999969
 21
-370.04800000000273
 31
0.0
  0
LINE
  5
249
330
17
100
AcDbEntity
  8
0
100
AcDbLine
 10
961.3579999999969
 20
-370.04800000000273
 30
0.0
 11
960.3459999999969
 21
-370.8040000000027
 31
0.0
  0
LINE
  5
24A
330
17
100
AcDbEntity
  8
0
100
AcDbLine
 10
960.3459999999969
 20
-370.8040000000027
 30
0.0
 11
959.258999999997
 21
-371.4630000000027
 31
0.0
  0
LINE
  5
24B
330
17
100
AcDbEntity
  8
0
100
AcDbLine
 10
959.258999999997
 20
-371.4630000000027
 30
0.0
 11
958.102999999997
 21
-372.01700000000267
 31
0.0
  0
LINE
  5
24C
330
17
100
AcDbEntity
  8
0
100
AcDbLine
 10
958.102999999997
 20
-372.01700000000267
 30
0.0
 11
956.883999999997
 21
-372.45800000000264
 31
0.0
  0
LINE
  5
24D
330
17
100
AcDbEntity
  8
0
100
AcDbLine
 10
956.883999999997
 20
-372.45800000000264
 30
0.0
 11
955.607999999997
 21
-372.78000000000264
 31
0.0
  0
LINE
  5
24E
330
17
100
AcDbEntity
  8
0
100
AcDbLine
 10
955.607999999997
 20
-372.78000000000264
 30
0.0
 11
954.280999999997
 21
-372.97500000000264
 31
0.0
  0
LINE
  5
24F
330
17
100
AcDbEntity
  8
0
100
AcDbLine
 10
954.280999999997
 20
-372.97500000000264
 30
0.0
 11
952.940999999997
 21
-373.0360000000026
 31
0.0
  0
LINE
  5
250
330
17
100
AcDbEntity
  8
0
100
AcDbLine
 10
952.940999999997
 20
-373.0360000000026
 30
0.0
 11
951.626999999997
 21
-372.96300000000264
 31
0.0
  0
LINE
  5
251
330
17
100
AcDbEntity
  8
0
100
AcDbLine
 10
951.626999999997
 20
-372.96300000000264
 30
0.0
 11
950.345999999997
 21
-372.7620000000026
 31
0.0
  0
LINE
  5
252
330
17
100
AcDbEntity
  8
0
100
AcDbLine
 10
950.345999999997
 20
-372.7620000000026
 30
0.0
 11
949.105999999997
 21
-372.43900000000264
 31
0.0
  0
LINE
  5
253
330
17
100
AcDbEntity
  8
0
100
AcDbLine
 10
949.105999999997
 20
-372.43900000000264
 30
0.0
 11
947.912999999997
 21
-371.99900000000264
 31
0.0
  0
LINE
  5
254
330
17
100
AcDbEntity
  8
0
100
AcDbLine
 10
947.912999999997
 20
-371.99900000000264
 30
0.0
 11
946.774999999997
 21
-371.4490000000026
 31
0.0
  0
LINE
  5
255
330
17
100
AcDbEntity
  8
0
100
AcDbLine
 10
946.774999999997
 20
-371.4490000000026
 30
0.0
 11
945.698999999997
 21
-370.79500000000263
 31
0.0
  0
LINE
  5
256
330
17
100
AcDbEntity
  8
0
100
AcDbLine
 10
945.698999999997
 20
-370.79500000000263
 30
0.0
 11
944.691999999997
 21
-370.04200000000264
 31
0.0
  0
LINE
  5
257
330
17
100
AcDbEntity
  8
0
100
AcDbLine
 10
944.691999999997
 20
-370.04200000000264
 30
0.0
 11
943.760999999997
 21
-369.1970000000026
 31
0.0
  0
LINE
  5
258
330
17
100
AcDbEntity
  8
0
100
AcDbLine
 10
943.760999999997
 20
-369.1970000000026
 30
0.0
 11
942.913999999997
 21
-368.2650000000026
 31
0.0
  0
LINE
  5
259
330
17
100
AcDbEntity
  8
0
100
AcDbLine
 10
942.913999999997
 20
-368.2650000000026
 30
0.0
 11
942.1579999999971
 21
-367.2530000000026
 31
0.0
  0
LINE
  5
25A
330
17
100
AcDbEntity
  8
0
100
AcDbLine
 10
942.1579999999971
 20
-367.2530000000026
 30
0.0
 11
941.4989999999971
 21
-366.1660000000026
 31
0.0
  0
LINE
  5
25B
330
17
100
AcDbEntity
  8
0
100
AcDbLine
 10
941.4989999999971
 20
-366.1660000000026
 30
0.0
 11
940.9449999999971
 21
-365.0100000000026
 31
0.0
  0
LINE
  5
25C
330
17
100
AcDbEntity
  8
0
100
AcDbLine
 10
940.9449999999971
 20
-365.0100000000026
 30
0.0
 11
940.5039999999971
 21
-363.7910000000026
 31
0.0
  0
LINE
  5
25D
330
17
100
AcDbEntity
  8
0
100
AcDbLine
 10
940.5039999999971
 20
-363.7910000000026
 30
0.0
 11
940.1819999999971
 21
-362.5150000000026
 31
0.0
  0
LINE
  5
25E
330
17
100
AcDbEntity
  8
0
100
AcDbLine
 10
940.1819999999971
 20
-362.5150000000026
 30
0.0
 11
939.986999999997
 21
-361.1880000000026
 31
0.0
  0
LINE
  5
25F
330
17
100
AcDbEntity
  8
0
100
AcDbLine
 10
939.986999999997
 20
-361.1880000000026
 30
0.0
 11
939.925999999997
 21
-359.8480000000026
 31
0.0
  0
LINE
  5
260
330
17
100
AcDbEntity
  8
0
100
AcDbLine
 10
939.925999999997
 20
-359.8480000000026
 30
0.0
 11
939.998999999997
 21
-358.5340000000026
 31
0.0
  0
LINE
  5
261
330
17
100
AcDbEntity
  8
0
100
AcDbLine
 10
939.998999999997
 20
-358.5340000000026
 30
0.0
 11
940.199999999997
 21
-357.25400000000263
 31
0.0
  0
LINE
  5
262
330
17
100
AcDbEntity
  8
0
100
AcDbLine
 10
940.199999999997
 20
-357.25400000000263
 30
0.0
 11
940.522999999997
 21
-356.0140000000026
 31
0.0
  0
LINE
  5
263
330
17
100
AcDbEntity
  8
0
100
AcDbLine
 10
940.522999999997
 20
-356.0140000000026
 30
0.0
 11
940.962999999997
 21
-354.82100000000264
 31
0.0
  0
LINE
  5
264
330
17
100
AcDbEntity
  8
0
100
AcDbLine
 10
940.962999999997
 20
-354.82100000000264
 30
0.0
 11
941.512999999997
 21
-353.68300000000266
 31
0.0
  0
LINE
  5
265
330
17
100
AcDbEntity
  8
0
100
AcDbLine
 10
941.512999999997
 20
-353.68300000000266
 30
0.0
 11
942.166999999997
 21
-352.60700000000264
 31
0.0
  0
LINE
  5
266
330
17
100
AcDbEntity
  8
0
100
AcDbLine
 10
942.166999999997
 20
-352.60700000000264
 30
0.0
 11
942.919999999997
 21
-351.60000000000264
 31
0.0
  0
LINE
  5
267
330
17
100
AcDbEntity
  8
0
100
AcDbLine
 10
942.919999999997
 20
-351.60000000000264
 30
0.0
 11
943.764999999997
 21
-350.66900000000265
 31
0.0
  0
LINE
  5
268
330
17
100
AcDbEntity
  8
0
100
AcDbLine
 10
943.764999999997
 20
-350.66900000000265
 30
0.0
 11
944.696999999997
 21
-349.8220000000027
 31
0.0
  0
LINE
  5
269
330
17
100
AcDbEntity
  8
0
100
AcDbLine
 10
944.696999999997
 20
-349.8220000000027
 30
0.0
 11
945.708999999997
 21
-349.0660000000027
 31
0.0
  0
LINE
  5
26A
330
17
100
AcDbEntity
  8
0
100
AcDbLine
 10
945.708999999997
 20
-349.0660000000027
 30
0.0
 11
946.795999999997
 21
-348.4070000000027
 31
0.0
  0
LINE
  5
26B
330
17
100
AcDbEntity
  8
0
100
AcDbLine
 10
946.795999999997
 20
-348.4070000000027
 30
0.0
 11
947.9519999999969
 21
-347.85300000000274
 31
0.0
  0
LINE
  5
26C
330
17
100
AcDbEntity
  8
0
100
AcDbLine
 10
947.9519999999969
 20
-347.85300000000274
 30
0.0
 11
949.170999999997
 21
-347.41200000000276
 31
0.0
  0
LINE
  5
26D
330
17
100
AcDbEntity
  8
0
100
AcDbLine
 10
949.170999999997
 20
-347.41200000000276
 30
0.0
 11
950.4469999999969
 21
-347.09000000000276
 31
0.0
  0
LINE
  5
26E
330
17
100
AcDbEntity
  8
0
100
AcDbLine
 10
950.4469999999969
 20
-347.09000000000276
 30
0.0
 11
951.7739999999969
 21
-346.89500000000277
 31
0.0
  0
LINE
  5
26F
330
17
100
AcDbEntity
  8
0
100
AcDbLine
 10
951.7739999999969
 20
-346.89500000000277
 30
0.0
 11
953.113999999997
 21
-346.8340000000028
 31
0.0
  0
LINE
  5
270
330
17
100
AcDbEntity
  8
0
100
AcDbLine
 10
953.113999999997
 20
-346.8340000000028
 30
0.0
 11
954.4279999999969
 21
-346.90700000000277
 31
0.0
  0
LINE
  5
271
330
17
100
AcDbEntity
  8
0
100
AcDbLine
 10
954.4279999999969
 20
-346.90700000000277
 30
0.0
 11
955.7089999999969
 21
-347.1080000000028
 31
0.0
  0
LINE
  5
272
330
17
100
AcDbEntity
  8
0
100
AcDbLine
 10
955.7089999999969
 20
-347.1080000000028
 30
0.0
 11
956.9489999999969
 21
-347.43100000000277
 31
0.0
  0
LINE
  5
273
330
17
100
AcDbEntity
  8
0
100
AcDbLine
 10
956.9489999999969
 20
-347.43100000000277
 30
0.0
 11
958.1419999999969
 21
-347.87100000000277
 31
0.0
  0
LINE
  5
274
330
17
100
AcDbEntity
  8
0
100
AcDbLine
 10
958.1419999999969
 20
-347.87100000000277
 30
0.0
 11
959.2799999999969
 21
-348.4210000000028
 31
0.0
  0
LINE
  5
275
330
17
100
AcDbEntity
  8
0
100
AcDbLine
 10
959.2799999999969
 20
-348.4210000000028
 30
0.0
 11
960.3559999999969
 21
-349.0750000000028
 31
0.0
  0
LINE
  5
276
330
17
100
AcDbEntity
  8
0
100
AcDbLine
 10
960.3559999999969
 20
-349.0750000000028
 30
0.0
 11
961.3629999999969
 21
-349.82800000000276
 31
0.0
  0
LINE
  5
277
330
17
100
AcDbEntity
  8
0
100
AcDbLine
 10
961.3629999999969
 20
-349.82800000000276
 30
0.0
 11
962.2939999999969
 21
-350.6730000000028
 31
0.0
  0
LINE
  5
278
330
17
100
AcDbEntity
  8
0
100
AcDbLine
 10
962.2939999999969
 20
-350.6730000000028
 30
0.0
 11
963.1409999999969
 21
-351.6050000000028
 31
0.0
  0
LINE
  5
279
330
17
100
AcDbEntity
  8
0
100
AcDbLine
 10
963.1409999999969
 20
-351.6050000000028
 30
0.0
 11
963.8969999999969
 21
-352.6170000000028
 31
0.0
  0
LINE
  5
27A
330
17
100
AcDbEntity
  8
0
100
AcDbLine
 10
963.8969999999969
 20
-352.6170000000028
 30
0.0
 11
964.5559999999969
 21
-353.7040000000028
 31
0.0
  0
LINE
  5
27B
330
17
100
AcDbEntity
  8
0
100
AcDbLine
 10
964.5559999999969
 20
-353.7040000000028
 30
0.0
 11
965.1099999999968
 21
-354.8600000000028
 31
0.0
  0
LINE
  5
27C
330
17
100
AcDbEntity
  8
0
100
AcDbLine
 10
965.1099999999968
 20
-354.8600000000028
 30
0.0
 11
965.5509999999969
 21
-356.0790000000028
 31
0.0
  0
LINE
  5
27D
330
17
100
AcDbEntity
  8
0
100
AcDbLine
 10
965.5509999999969
 20
-356.0790000000028
 30
0.0
 11
965.8729999999969
 21
-357.3550000000028
 31
0.0
  0
LINE
  5
27E
330
17
100
AcDbEntity
  8
0
100
AcDbLine
 10
965.8729999999969
 20
-357.3550000000028
 30
0.0
 11
966.0679999999969
 21
-358.6820000000028
 31
0.0
  0
LINE
  5
27F
330
17
100
AcDbEntity
  8
0
100
AcDbLine
 10
868.4479999999969
 20
-344.4730000000028
 30
0.0
 11
870.455999999997
 21
-344.4730000000028
 31
0.0
  0
LINE
  5
280
330
17
100
AcDbEntity
  8
0
100
AcDbLine
 10
870.455999999997
 20
-344.4730000000028
 30
0.0
 11
872.463999999997
 21
-344.4730000000028
 31
0.0
  0
LINE
  5
281
330
17
100
AcDbEntity
  8
0
100
AcDbLine
 10
872.463999999997
 20
-344.4730000000028
 30
0.0
 11
874.471999999997
 21
-344.4730000000028
 31
0.0
  0
LINE
  5
282
330
17
100
AcDbEntity
  8
0
100
AcDbLine
 10
874.471999999997
 20
-344.4730000000028
 30
0.0
 11
876.4799999999971
 21
-344.4730000000028
 31
0.0
  0
LINE
  5
283
330
17
100
AcDbEntity
  8
0
100
AcDbLine
 10
876.4799999999971
 20
-344.4730000000028
 30
0.0
 11
878.4879999999971
 21
-344.4730000000028
 31
0.0
  0
LINE
  5
284
330
17
100
AcDbEntity
  8
0
100
AcDbLine
 10
878.4879999999971
 20
-344.4730000000028
 30
0.0
 11
880.4959999999971
 21
-344.4730000000028
 31
0.0
  0
LINE
  5
285
330
17
100
AcDbEntity
  8
0
100
AcDbLine
 10
880.4959999999971
 20
-344.4730000000028
 30
0.0
 11
882.5039999999972
 21
-344.4730000000028
 31
0.0
  0
LINE
  5
286
330
17
100
AcDbEntity
  8
0
100
AcDbLine
 10
882.5039999999972
 20
-344.4730000000028
 30
0.0
 11
884.5119999999972
 21
-344.4730000000028
 31
0.0
  0
LINE
  5
287
330
17
100
AcDbEntity
  8
0
100
AcDbLine
 10
884.5119999999972
 20
-344.4730000000028
 30
0.0
 11
886.5199999999973
 21
-344.4730000000028
 31
0.0
  0
LINE
  5
288
330
17
100
AcDbEntity
  8
0
100
AcDbLine
 10
886.5199999999973
 20
-344.4730000000028
 30
0.0
 11
888.5279999999973
 21
-344.4730000000028
 31
0.0
  0
LINE
  5
289
330
17
100
AcDbEntity
  8
0
100
AcDbLine
 10
888.5279999999973
 20
-344.4730000000028
 30
0.0
 11
890.5359999999973
 21
-344.4730000000028
 31
0.0
  0
LINE
  5
28A
330
17
100
AcDbEntity
  8
0
100
AcDbLine
 10
890.5359999999973
 20
-344.4730000000028
 30
0.0
 11
892.5439999999974
 21
-344.4730000000028
 31
0.0
  0
LINE
  5
28B
330
17
100
AcDbEntity
  8
0
100
AcDbLine
 10
892.5439999999974
 20
-344.4730000000028
 30
0.0
 11
894.5519999999974
 21
-344.4730000000028
 31
0.0
  0
LINE
  5
28C
330
17
100
AcDbEntity
  8
0
100
AcDbLine
 10
894.5519999999974
 20
-344.4730000000028
 30
0.0
 11
896.5599999999974
 21
-344.4730000000028
 31
0.0
  0
LINE
  5
28D
330
17
100
AcDbEntity
  8
0
100
AcDbLine
 10
896.5599999999974
 20
-344.4730000000028
 30
0.0
 11
898.5679999999975
 21
-344.4730000000028
 31
0.0
  0
LINE
  5
28E
330
17
100
AcDbEntity
  8
0
100
AcDbLine
 10
898.5679999999975
 20
-344.4730000000028
 30
0.0
 11
900.5759999999975
 21
-344.4730000000028
 31
0.0
  0
LINE
  5
28F
330
17
100
AcDbEntity
  8
0
100
AcDbLine
 10
900.5759999999975
 20
-344.4730000000028
 30
0.0
 11
899.8209999999975
 21
-347.2920000000028
 31
0.0
  0
LINE
  5
290
330
17
100
AcDbEntity
  8
0
100
AcDbLine
 10
899.8209999999975
 20
-347.2920000000028
 30
0.0
 11
899.0659999999975
 21
-350.11100000000283
 31
0.0
  0
LINE
  5
291
330
17
100
AcDbEntity
  8
0
100
AcDbLine
 10
899.0659999999975
 20
-350.11100000000283
 30
0.0
 11
898.3109999999975
 21
-352.93000000000285
 31
0.0
  0
LINE
  5
292
330
17
100
AcDbEntity
  8
0
100
AcDbLine
 10
898.3109999999975
 20
-352.93000000000285
 30
0.0
 11
897.5559999999975
 21
-355.74900000000287
 31
0.0
  0
LINE
  5
293
330
17
100
AcDbEntity
  8
0
100
AcDbLine
 10
897.5559999999975
 20
-355.74900000000287
 30
0.0
 11
896.8009999999975
 21
-358.5680000000029
 31
0.0
  0
LINE
  5
294
330
17
100
AcDbEntity
  8
0
100
AcDbLine
 10
896.8009999999975
 20
-358.5680000000029
 30
0.0
 11
896.0459999999975
 21
-361.3870000000029
 31
0.0
  0
LINE
  5
295
330
17
100
AcDbEntity
  8
0
100
AcDbLine
 10
896.0459999999975
 20
-361.3870000000029
 30
0.0
 11
895.2909999999976
 21
-364.2060000000029
 31
0.0
  0
LINE
  5
296
330
17
100
AcDbEntity
  8
0
100
AcDbLine
 10
895.2909999999976
 20
-364.2060000000029
 30
0.0
 11
894.5359999999976
 21
-367.02500000000293
 31
0.0
  0
LINE
  5
297
330
17
100
AcDbEntity
  8
0
100
AcDbLine
 10
894.5359999999976
 20
-367.02500000000293
 30
0.0
 11
893.7809999999976
 21
-369.84400000000295
 31
0.0
  0
LINE
  5
298
330
17
100
AcDbEntity
  8
0
100
AcDbLine
 10
893.7809999999976
 20
-369.84400000000295
 30
0.0
 11
893.0259999999976
 21
-372.66300000000297
 31
0.0
  0
LINE
  5
299
330
17
100
AcDbEntity
  8
0
100
AcDbLine
 10
893.0259999999976
 20
-372.66300000000297
 30
0.0
 11
892.2709999999976
 21
-375.482000000003
 31
0.0
  0
LINE
  5
29A
330
17
100
AcDbEntity
  8
0
100
AcDbLine
 10
892.2709999999976
 20
-375.482000000003
 30
0.0
 11
891.5159999999976
 21
-378.301000000003
 31
0.0
  0
LINE
  5
29B
330
17
100
AcDbEntity
  8
0
100
AcDbLine
 10
891.5159999999976
 20
-378.301000000003
 30
0.0
 11
890.7609999999976
 21
-381.120000000003
 31
0.0
  0
LINE
  5
29C
330
17
100
AcDbEntity
  8
0
100
AcDbLine
 10
890.7609999999976
 20
-381.120000000003
 30
0.0
 11
890.0059999999976
 21
-383.93900000000303
 31
0.0
  0
LINE
  5
29D
330
17
100
AcDbEntity
  8
0
100
AcDbLine
 10
890.0059999999976
 20
-383.93900000000303
 30
0.0
 11
889.2509999999976
 21
-386.75800000000305
 31
0.0
  0
LINE
  5
29E
330
17
100
AcDbEntity
  8
0
100
AcDbLine
 10
889.2509999999976
 20
-386.75800000000305
 30
0.0
 11
888.4959999999976
 21
-389.57700000000307
 31
0.0
  0
LINE
  5
29F
330
17
100
AcDbEntity
  8
0
100
AcDbLine
 10
888.4959999999976
 20
-389.57700000000307
 30
0.0
 11
888.4479999999976
 21
-389.75000000000307
 31
0.0
  0
LINE
  5
2A0
330
17
100
AcDbEntity
  8
0
100
AcDbLine
 10
888.4479999999976
 20
-389.75000000000307
 30
0.0
 11
888.3919999999976
 21
-389.9200000000031
 31
0.0
  0
LINE
  5
2A1
330
17
100
AcDbEntity
  8
0
100
AcDbLine
 10
888.3919999999976
 20
-389.9200000000031
 30
0.0
 11
888.3289999999976
 21
-390.0860000000031
 31
0.0
  0
LINE
  5
2A2
330
17
100
AcDbEntity
  8
0
100
AcDbLine
 10
888.3289999999976
 20
-390.0860000000031
 30
0.0
 11
888.2579999999975
 21
-390.2490000000031
 31
0.0
  0
LINE
  5
2A3
330
17
100
AcDbEntity
  8
0
100
AcDbLine
 10
888.2579999999975
 20
-390.2490000000031
 30
0.0
 11
888.1799999999976
 21
-390.4080000000031
 31
0.0
  0
LINE
  5
2A4
330
17
100
AcDbEntity
  8
0
100
AcDbLine
 10
888.1799999999976
 20
-390.4080000000031
 30
0.0
 11
888.0949999999975
 21
-390.56300000000306
 31
0.0
  0
LINE
  5
2A5
330
17
100
AcDbEntity
  8
0
100
AcDbLine
 10
888.0949999999975
 20
-390.56300000000306
 30
0.0
 11
888.0029999999975
 21
-390.71400000000307
 31
0.0
  0
LINE
  5
2A6
330
17
100
AcDbEntity
  8
0
100
AcDbLine
 10
888.0029999999975
 20
-390.71400000000307
 30
0.0
 11
887.9039999999975
 21
-390.8600000000031
 31
0.0
  0
LINE
  5
2A7
330
17
100
AcDbEntity
  8
0
100
AcDbLine
 10
887.9039999999975
 20
-390.8600000000031
 30
0.0
 11
887.7979999999975
 21
-391.0020000000031
 31
0.0
  0
LINE
  5
2A8
330
17
100
AcDbEntity
  8
0
100
AcDbLine
 10
887.7979999999975
 20
-391.0020000000031
 30
0.0
 11
887.6859999999975
 21
-391.1390000000031
 31
0.0
  0
LINE
  5
2A9
330
17
100
AcDbEntity
  8
0
100
AcDbLine
 10
887.6859999999975
 20
-391.1390000000031
 30
0.0
 11
887.5669999999975
 21
-391.27000000000305
 31
0.0
  0
LINE
  5
2AA
330
17
100
AcDbEntity
  8
0
100
AcDbLine
 10
887.5669999999975
 20
-391.27000000000305
 30
0.0
 11
887.4419999999975
 21
-391.396000000003
 31
0.0
  0
LINE
  5
2AB
330
17
100
AcDbEntity
  8
0
100
AcDbLine
 10
887.4419999999975
 20
-391.396000000003
 30
0.0
 11
887.3109999999975
 21
-391.51600000000303
 31
0.0
  0
LINE
  5
2AC
330
17
100
AcDbEntity
  8
0
100
AcDbLine
 10
887.3109999999975
 20
-391.51600000000303
 30
0.0
 11
887.1749999999976
 21
-391.630000000003
 31
0.0
  0
LINE
  5
2AD
330
17
100
AcDbEntity
  8
0
100
AcDbLine
 10
887.1749999999976
 20
-391.630000000003
 30
0.0
 11
887.0329999999975
 21
-391.738000000003
 31
0.0
  0
LINE
  5
2AE
330
17
100
AcDbEntity
  8
0
100
AcDbLine
 10
887.0329999999975
 20
-391.738000000003
 30
0.0
 11
886.8849999999975
 21
-391.840000000003
 31
0.0
  0
LINE
  5
2AF
330
17
100
AcDbEntity
  8
0
100
AcDbLine
 10
886.8849999999975
 20
-391.840000000003
 30
0.0
 11
886.8319999999975
 21
-391.874000000003
 31
0.0
  0
LINE
  5
2B0
330
17
100
AcDbEntity
  8
0
100
AcDbLine
 10
886.8319999999975
 20
-391.874000000003
 30
0.0
 11
886.7789999999975
 21
-391.909000000003
 31
0.0
  0
LINE
  5
2B1
330
17
100
AcDbEntity
  8
0
100
AcDbLine
 10
886.7789999999975
 20
-391.909000000003
 30
0.0
 11
886.7259999999975
 21
-391.943000000003
 31
0.0
  0
LINE
  5
2B2
330
17
100
AcDbEntity
  8
0
100
AcDbLine
 10
886.7259999999975
 20
-391.943000000003
 30
0.0
 11
886.6729999999975
 21
-391.977000000003
 31
0.0
  0
LINE
  5
2B3
330
17
100
AcDbEntity
  8
0
100
AcDbLine
 10
886.6729999999975
 20
-391.977000000003
 30
0.0
 11
886.6199999999975
 21
-392.012000000003
 31
0.0
  0
LINE
  5
2B4
330
17
100
AcDbEntity
  8
0
100
AcDbLine
 10
886.6199999999975
 20
-392.012000000003
 30
0.0
 11
886.5669999999975
 21
-392.046000000003
 31
0.0
  0
LINE
  5
2B5
330
17
100
AcDbEntity
  8
0
100
AcDbLine
 10
886.5669999999975
 20
-392.046000000003
 30
0.0
 11
886.5139999999975
 21
-392.08100000000303
 31
0.0
  0
LINE
  5
2B6
330
17
100
AcDbEntity
  8
0
100
AcDbLine
 10
886.5139999999975
 20
-392.08100000000303
 30
0.0
 11
886.4609999999975
 21
-392.115000000003
 31
0.0
  0
LINE
  5
2B7
330
17
100
AcDbEntity
  8
0
100
AcDbLine
 10
886.4609999999975
 20
-392.115000000003
 30
0.0
 11
886.4079999999975
 21
-392.15000000000305
 31
0.0
  0
LINE
  5
2B8
330
17
100
AcDbEntity
  8
0
100
AcDbLine
 10
886.4079999999975
 20
-392.15000000000305
 30
0.0
 11
886.3549999999975
 21
-392.18400000000304
 31
0.0
  0
LINE
  5
2B9
330
17
100
AcDbEntity
  8
0
100
AcDbLine
 10
886.3549999999975
 20
-392.18400000000304
 30
0.0
 11
886.3019999999975
 21
-392.21800000000303
 31
0.0
  0
LINE
  5
2BA
330
17
100
AcDbEntity
  8
0
100
AcDbLine
 10
886.3019999999975
 20
-392.21800000000303
 30
0.0
 11
886.2489999999975
 21
-392.25300000000306
 31
0.0
  0
LINE
  5
2BB
330
17
100
AcDbEntity
  8
0
100
AcDbLine
 10
886.2489999999975
 20
-392.25300000000306
 30
0.0
 11
886.1959999999975
 21
-392.28700000000305
 31
0.0
  0
LINE
  5
2BC
330
17
100
AcDbEntity
  8
0
100
AcDbLine
 10
886.1959999999975
 20
-392.28700000000305
 30
0.0
 11
886.1429999999975
 21
-392.3220000000031
 31
0.0
  0
LINE
  5
2BD
330
17
100
AcDbEntity
  8
0
100
AcDbLine
 10
886.1429999999975
 20
-392.3220000000031
 30
0.0
 11
886.0899999999975
 21
-392.35600000000306
 31
0.0
  0
LINE
  5
2BE
330
17
100
AcDbEntity
  8
0
100
AcDbLine
 10
886.0899999999975
 20
-392.35600000000306
 30
0.0
 11
886.0369999999975
 21
-392.39000000000306
 31
0.0
  0
LINE
  5
2BF
330
17
100
AcDbEntity
  8
0
100
AcDbLine
 10
886.0369999999975
 20
-392.39000000000306
 30
0.0
 11
885.9339999999976
 21
-392.45500000000305
 31
0.0
  0
LINE
  5
2C0
330
17
100
AcDbEntity
  8
0
100
AcDbLine
 10
885.9339999999976
 20
-392.45500000000305
 30
0.0
 11
885.8299999999975
 21
-392.51700000000307
 31
0.0
  0
LINE
  5
2C1
330
17
100
AcDbEntity
  8
0
100
AcDbLine
 10
885.8299999999975
 20
-392.51700000000307
 30
0.0
 11
885.7239999999975
 21
-392.57500000000306
 31
0.0
  0
LINE
  5
2C2
330
17
100
AcDbEntity
  8
0
100
AcDbLine
 10
885.7239999999975
 20
-392.57500000000306
 30
0.0
 11
885.6169999999976
 21
-392.63000000000306
 31
0.0
  0
LINE
  5
2C3
330
17
100
AcDbEntity
  8
0
100
AcDbLine
 10
885.6169999999976
 20
-392.63000000000306
 30
0.0
 11
885.5079999999975
 21
-392.68100000000305
 31
0.0
  0
LINE
  5
2C4
330
17
100
AcDbEntity
  8
0
100
AcDbLine
 10
885.5079999999975
 20
-392.68100000000305
 30
0.0
 11
885.3979999999975
 21
-392.72900000000305
 31
0.0
  0
LINE
  5
2C5
330
17
100
AcDbEntity
  8
0
100
AcDbLine
 10
885.3979999999975
 20
-392.72900000000305
 30
0.0
 11
885.2859999999976
 21
-392.77300000000304
 31
0.0
  0
LINE
  5
2C6
330
17
100
AcDbEntity
  8
0
100
AcDbLine
 10
885.2859999999976
 20
-392.77300000000304
 30
0.0
 11
885.1729999999975
 21
-392.81400000000303
 31
0.0
  0
LINE
  5
2C7
330
17
100
AcDbEntity
  8
0
100
AcDbLine
 10
885.1729999999975
 20
-392.81400000000303
 30
0.0
 11
885.0589999999975
 21
-392.851000000003
 31
0.0
  0
LINE
  5
2C8
330
17
100
AcDbEntity
  8
0
100
AcDbLine
 10
885.0589999999975
 20
-392.851000000003
 30
0.0
 11
884.9439999999975
 21
-392.884000000003
 31
0.0
  0
LINE
  5
2C9
330
17
100
AcDbEntity
  8
0
100
AcDbLine
 10
884.9439999999975
 20
-392.884000000003
 30
0.0
 11
884.8279999999975
 21
-392.914000000003
 31
0.0
  0
LINE
  5
2CA
330
17
100
AcDbEntity
  8
0
100
AcDbLine
 10
884.8279999999975
 20
-392.914000000003
 30
0.0
 11
884.7109999999975
 21
-392.940000000003
 31
0.0
  0
LINE
  5
2CB
330
17
100
AcDbEntity
  8
0
100
AcDbLine
 10
884.7109999999975
 20
-392.940000000003
 30
0.0
 11
884.5929999999975
 21
-392.962000000003
 31
0.0
  0
LINE
  5
2CC
330
17
100
AcDbEntity
  8
0
100
AcDbLine
 10
884.5929999999975
 20
-392.962000000003
 30
0.0
 11
884.4739999999974
 21
-392.980000000003
 31
0.0
  0
LINE
  5
2CD
330
17
100
AcDbEntity
  8
0
100
AcDbLine
 10
884.4739999999974
 20
-392.980000000003
 30
0.0
 11
884.3539999999974
 21
-392.994000000003
 31
0.0
  0
LINE
  5
2CE
330
17
100
AcDbEntity
  8
0
100
AcDbLine
 10
884.3539999999974
 20
-392.994000000003
 30
0.0
 11
884.2329999999974
 21
-393.005000000003
 31
0.0
  0
LINE
  5
2CF
330
17
100
AcDbEntity
  8
0
100
AcDbLine
 10
884.2329999999974
 20
-393.005000000003
 30
0.0
 11
883.1409999999975
 21
-393.115000000003
 31
0.0
  0
LINE
  5
2D0
330
17
100
AcDbEntity
  8
0
100
AcDbLine
 10
883.1409999999975
 20
-393.115000000003
 30
0.0
 11
881.6939999999975
 21
-393.348000000003
 31
0.0
  0
LINE
  5
2D1
330
17
100
AcDbEntity
  8
0
100
AcDbLine
 10
881.6939999999975
 20
-393.348000000003
 30
0.0
 11
879.9419999999975
 21
-393.748000000003
 31
0.0
  0
LINE
  5
2D2
330
17
100
AcDbEntity
  8
0
100
AcDbLine
 10
879.9419999999975
 20
-393.748000000003
 30
0.0
 11
877.9349999999976
 21
-394.360000000003
 31
0.0
  0
LINE
  5
2D3
330
17
100
AcDbEntity
  8
0
100
AcDbLine
 10
877.9349999999976
 20
-394.360000000003
 30
0.0
 11
875.7229999999976
 21
-395.22900000000305
 31
0.0
  0
LINE
  5
2D4
330
17
100
AcDbEntity
  8
0
100
AcDbLine
 10
875.7229999999976
 20
-395.22900000000305
 30
0.0
 11
873.3549999999975
 21
-396.4010000000031
 31
0.0
  0
LINE
  5
2D5
330
17
100
AcDbEntity
  8
0
100
AcDbLine
 10
873.3549999999975
 20
-396.4010000000031
 30
0.0
 11
870.8819999999976
 21
-397.9200000000031
 31
0.0
  0
LINE
  5
2D6
330
17
100
AcDbEntity
  8
0
100
AcDbLine
 10
870.8819999999976
 20
-397.9200000000031
 30
0.0
 11
868.3529999999976
 21
-399.83200000000306
 31
0.0
  0
LINE
  5
2D7
330
17
100
AcDbEntity
  8
0
100
AcDbLine
 10
868.3529999999976
 20
-399.83200000000306
 30
0.0
 11
865.8179999999976
 21
-402.18100000000305
 31
0.0
  0
LINE
  5
2D8
330
17
100
AcDbEntity
  8
0
100
AcDbLine
 10
865.8179999999976
 20
-402.18100000000305
 30
0.0
 11
863.3269999999976
 21
-405.01300000000305
 31
0.0
  0
LINE
  5
2D9
330
17
100
AcDbEntity
  8
0
100
AcDbLine
 10
863.3269999999976
 20
-405.01300000000305
 30
0.0
 11
860.9299999999976
 21
-408.37300000000306
 31
0.0
  0
LINE
  5
2DA
330
17
100
AcDbEntity
  8
0
100
AcDbLine
 10
860.9299999999976
 20
-408.37300000000306
 30
0.0
 11
858.6769999999975
 21
-412.3050000000031
 31
0.0
  0
LINE
  5
2DB
330
17
100
AcDbEntity
  8
0
100
AcDbLine
 10
858.6769999999975
 20
-412.3050000000031
 30
0.0
 11
856.6169999999976
 21
-416.8550000000031
 31
0.0
  0
LINE
  5
2DC
330
17
100
AcDbEntity
  8
0
100
AcDbLine
 10
856.6169999999976
 20
-416.8550000000031
 30
0.0
 11
854.8009999999975
 21
-422.0680000000031
 31
0.0
  0
LINE
  5
2DD
330
17
100
AcDbEntity
  8
0
100
AcDbLine
 10
854.8009999999975
 20
-422.0680000000031
 30
0.0
 11
853.2779999999975
 21
-427.9890000000031
 31
0.0
  0
LINE
  5
2DE
330
17
100
AcDbEntity
  8
0
100
AcDbLine
 10
853.2779999999975
 20
-427.9890000000031
 30
0.0
 11
852.0979999999976
 21
-434.6630000000031
 31
0.0
  0
LINE
  5
2DF
330
17
100
AcDbEntity
  8
0
100
AcDbLine
 10
852.0979999999976
 20
-434.6630000000031
 30
0.0
 11
852.0579999999976
 21
-434.5400000000031
 31
0.0
  0
LINE
  5
2E0
330
17
100
AcDbEntity
  8
0
100
AcDbLine
 10
852.0579999999976
 20
-434.5400000000031
 30
0.0
 11
851.9359999999976
 21
-434.1930000000031
 31
0.0
  0
LINE
  5
2E1
330
17
100
AcDbEntity
  8
0
100
AcDbLine
 10
851.9359999999976
 20
-434.1930000000031
 30
0.0
 11
851.7309999999976
 21
-433.6550000000031
 31
0.0
  0
LINE
  5
2E2
330
17
100
AcDbEntity
  8
0
100
AcDbLine
 10
851.7309999999976
 20
-433.6550000000031
 30
0.0
 11
851.4419999999976
 21
-432.9580000000031
 31
0.0
  0
LINE
  5
2E3
330
17
100
AcDbEntity
  8
0
100
AcDbLine
 10
851.4419999999976
 20
-432.9580000000031
 30
0.0
 11
851.0689999999976
 21
-432.1360000000031
 31
0.0
  0
LINE
  5
2E4
330
17
100
AcDbEntity
  8
0
100
AcDbLine
 10
851.0689999999976
 20
-432.1360000000031
 30
0.0
 11
850.6099999999976
 21
-431.2210000000031
 31
0.0
  0
LINE
  5
2E5
330
17
100
AcDbEntity
  8
0
100
AcDbLine
 10
850.6099999999976
 20
-431.2210000000031
 30
0.0
 11
850.0639999999976
 21
-430.24600000000305
 31
0.0
  0
LINE
  5
2E6
330
17
100
AcDbEntity
  8
0
100
AcDbLine
 10
850.0639999999976
 20
-430.24600000000305
 30
0.0
 11
849.4289999999976
 21
-429.24300000000306
 31
0.0
  0
LINE
  5
2E7
330
17
100
AcDbEntity
  8
0
100
AcDbLine
 10
849.4289999999976
 20
-429.24300000000306
 30
0.0
 11
848.7049999999975
 21
-428.24600000000305
 31
0.0
  0
LINE
  5
2E8
330
17
100
AcDbEntity
  8
0
100
AcDbLine
 10
848.7049999999975
 20
-428.24600000000305
 30
0.0
 11
847.8909999999976
 21
-427.28700000000305
 31
0.0
  0
LINE
  5
2E9
330
17
100
AcDbEntity
  8
0
100
AcDbLine
 10
847.8909999999976
 20
-427.28700000000305
 30
0.0
 11
846.9849999999976
 21
-426.39900000000307
 31
0.0
  0
LINE
  5
2EA
330
17
100
AcDbEntity
  8
0
100
AcDbLine
 10
846.9849999999976
 20
-426.39900000000307
 30
0.0
 11
845.9869999999976
 21
-425.6150000000031
 31
0.0
  0
LINE
  5
2EB
330
17
100
AcDbEntity
  8
0
100
AcDbLine
 10
845.9869999999976
 20
-425.6150000000031
 30
0.0
 11
844.8949999999976
 21
-424.96700000000305
 31
0.0
  0
LINE
  5
2EC
330
17
100
AcDbEntity
  8
0
100
AcDbLine
 10
844.8949999999976
 20
-424.96700000000305
 30
0.0
 11
843.7089999999976
 21
-424.48900000000305
 31
0.0
  0
LINE
  5
2ED
330
17
100
AcDbEntity
  8
0
100
AcDbLine
 10
843.7089999999976
 20
-424.48900000000305
 30
0.0
 11
842.4269999999975
 21
-424.21300000000303
 31
0.0
  0
LINE
  5
2EE
330
17
100
AcDbEntity
  8
0
100
AcDbLine
 10
842.4269999999975
 20
-424.21300000000303
 30
0.0
 11
841.0479999999975
 21
-424.17200000000304
 31
0.0
  0
LINE
  5
2EF
330
17
100
AcDbEntity
  8
0
100
AcDbLine
 10
841.0479999999975
 20
-424.17200000000304
 30
0.0
 11
841.1889999999975
 21
-424.04400000000305
 31
0.0
  0
LINE
  5
2F0
330
17
100
AcDbEntity
  8
0
100
AcDbLine
 10
841.1889999999975
 20
-424.04400000000305
 30
0.0
 11
841.3299999999974
 21
-423.91600000000307
 31
0.0
  0
LINE
  5
2F1
330
17
100
AcDbEntity
  8
0
100
AcDbLine
 10
841.3299999999974
 20
-423.91600000000307
 30
0.0
 11
841.4709999999974
 21
-423.7880000000031
 31
0.0
  0
LINE
  5
2F2
330
17
100
AcDbEntity
  8
0
100
AcDbLine
 10
841.4709999999974
 20
-423.7880000000031
 30
0.0
 11
841.6119999999974
 21
-423.6600000000031
 31
0.0
  0
LINE
  5
2F3
330
17
100
AcDbEntity
  8
0
100
AcDbLine
 10
841.6119999999974
 20
-423.6600000000031
 30
0.0
 11
841.7529999999973
 21
-423.5320000000031
 31
0.0
  0
LINE
  5
2F4
330
17
100
AcDbEntity
  8
0
100
AcDbLine
 10
841.7529999999973
 20
-423.5320000000031
 30
0.0
 11
841.8939999999973
 21
-423.4040000000031
 31
0.0
  0
LINE
  5
2F5
330
17
100
AcDbEntity
  8
0
100
AcDbLine
 10
841.8939999999973
 20
-423.4040000000031
 30
0.0
 11
842.0349999999972
 21
-423.27600000000314
 31
0.0
  0
LINE
  5
2F6
330
17
100
AcDbEntity
  8
0
100
AcDbLine
 10
842.0349999999972
 20
-423.27600000000314
 30
0.0
 11
842.1759999999972
 21
-423.14800000000315
 31
0.0
  0
LINE
  5
2F7
330
17
100
AcDbEntity
  8
0
100
AcDbLine
 10
842.1759999999972
 20
-423.14800000000315
 30
0.0
 11
842.3169999999972
 21
-423.02000000000317
 31
0.0
  0
LINE
  5
2F8
330
17
100
AcDbEntity
  8
0
100
AcDbLine
 10
842.3169999999972
 20
-423.02000000000317
 30
0.0
 11
842.4579999999971
 21
-422.8920000000032
 31
0.0
  0
LINE
  5
2F9
330
17
100
AcDbEntity
  8
0
100
AcDbLine
 10
842.4579999999971
 20
-422.8920000000032
 30
0.0
 11
842.5989999999971
 21
-422.7640000000032
 31
0.0
  0
LINE
  5
2FA
330
17
100
AcDbEntity
  8
0
100
AcDbLine
 10
842.5989999999971
 20
-422.7640000000032
 30
0.0
 11
842.739999999997
 21
-422.6360000000032
 31
0.0
  0
LINE
  5
2FB
330
17
100
AcDbEntity
  8
0
100
AcDbLine
 10
842.739999999997
 20
-422.6360000000032
 30
0.0
 11
842.880999999997
 21
-422.5080000000032
 31
0.0
  0
LINE
  5
2FC
330
17
100
AcDbEntity
  8
0
100
AcDbLine
 10
842.880999999997
 20
-422.5080000000032
 30
0.0
 11
843.021999999997
 21
-422.38000000000324
 31
0.0
  0
LINE
  5
2FD
330
17
100
AcDbEntity
  8
0
100
AcDbLine
 10
843.021999999997
 20
-422.38000000000324
 30
0.0
 11
843.1629999999969
 21
-422.25200000000325
 31
0.0
  0
LINE
  5
2FE
330
17
100
AcDbEntity
  8
0
100
AcDbLine
 10
843.1629999999969
 20
-422.25200000000325
 30
0.0
 11
843.3039999999969
 21
-422.12400000000326
 31
0.0
  0
LINE
  5
2FF
330
17
100
AcDbEntity
  8
0
100
AcDbLine
 10
843.3039999999969
 20
-422.12400000000326
 30
0.0
 11
843.4889999999968
 21
-421.95100000000326
 31
0.0
  0
LINE
  5
300
330
17
100
AcDbEntity
  8
0
100
AcDbLine
 10
843.4889999999968
 20
-421.95100000000326
 30
0.0
 11
843.6669999999968
 21
-421.77100000000326
 31
0.0
  0
LINE
  5
301
330
17
100
AcDbEntity
  8
0
100
AcDbLine
 10
843.6669999999968
 20
-421.77100000000326
 30
0.0
 11
843.8369999999968
 21
-421.5850000000033
 31
0.0
  0
LINE
  5
302
330
17
100
AcDbEntity
  8
0
100
AcDbLine
 10
843.8369999999968
 20
-421.5850000000033
 30
0.0
 11
843.9989999999968
 21
-421.39300000000327
 31
0.0
  0
LINE
  5
303
330
17
100
AcDbEntity
  8
0
100
AcDbLine
 10
843.9989999999968
 20
-421.39300000000327
 30
0.0
 11
844.1539999999968
 21
-421.1950000000033
 31
0.0
  0
LINE
  5
304
330
17
100
AcDbEntity
  8
0
100
AcDbLine
 10
844.1539999999968
 20
-421.1950000000033
 30
0.0
 11
844.3009999999969
 21
-420.9910000000033
 31
0.0
  0
LINE
  5
305
330
17
100
AcDbEntity
  8
0
100
AcDbLine
 10
844.3009999999969
 20
-420.9910000000033
 30
0.0
 11
844.4399999999969
 21
-420.7820000000033
 31
0.0
  0
LINE
  5
306
330
17
100
AcDbEntity
  8
0
100
AcDbLine
 10
844.4399999999969
 20
-420.7820000000033
 30
0.0
 11
844.5709999999968
 21
-420.5680000000033
 31
0.0
  0
LINE
  5
307
330
17
100
AcDbEntity
  8
0
100
AcDbLine
 10
844.5709999999968
 20
-420.5680000000033
 30
0.0
 11
844.6929999999968
 21
-420.3490000000033
 31
0.0
  0
LINE
  5
308
330
17
100
AcDbEntity
  8
0
100
AcDbLine
 10
844.6929999999968
 20
-420.3490000000033
 30
0.0
 11
844.8069999999968
 21
-420.1250000000033
 31
0.0
  0
LINE
  5
309
330
17
100
AcDbEntity
  8
0
100
AcDbLine
 10
844.8069999999968
 20
-420.1250000000033
 30
0.0
 11
844.9119999999969
 21
-419.8970000000033
 31
0.0
  0
LINE
  5
30A
330
17
100
AcDbEntity
  8
0
100
AcDbLine
 10
844.9119999999969
 20
-419.8970000000033
 30
0.0
 11
845.0089999999968
 21
-419.66500000000326
 31
0.0
  0
LINE
  5
30B
330
17
100
AcDbEntity
  8
0
100
AcDbLine
 10
845.0089999999968
 20
-419.66500000000326
 30
0.0
 11
845.0969999999968
 21
-419.42900000000327
 31
0.0
  0
LINE
  5
30C
330
17
100
AcDbEntity
  8
0
100
AcDbLine
 10
845.0969999999968
 20
-419.42900000000327
 30
0.0
 11
845.1759999999967
 21
-419.18900000000326
 31
0.0
  0
LINE
  5
30D
330
17
100
AcDbEntity
  8
0
100
AcDbLine
 10
845.1759999999967
 20
-419.18900000000326
 30
0.0
 11
845.2459999999968
 21
-418.94600000000327
 31
0.0
  0
LINE
  5
30E
330
17
100
AcDbEntity
  8
0
100
AcDbLine
 10
845.2459999999968
 20
-418.94600000000327
 30
0.0
 11
845.3059999999967
 21
-418.7000000000033
 31
0.0
  0
LINE
  5
30F
330
17
100
AcDbEntity
  8
0
100
AcDbLine
 10
845.3059999999967
 20
-418.7000000000033
 30
0.0
 11
846.0199999999968
 21
-415.5130000000033
 31
0.0
  0
LINE
  5
310
330
17
100
AcDbEntity
  8
0
100
AcDbLine
 10
846.0199999999968
 20
-415.5130000000033
 30
0.0
 11
846.7339999999969
 21
-412.32600000000326
 31
0.0
  0
LINE
  5
311
330
17
100
AcDbEntity
  8
0
100
AcDbLine
 10
846.7339999999969
 20
-412.32600000000326
 30
0.0
 11
847.4479999999969
 21
-409.13900000000325
 31
0.0
  0
LINE
  5
312
330
17
100
AcDbEntity
  8
0
100
AcDbLine
 10
847.4479999999969
 20
-409.13900000000325
 30
0.0
 11
848.161999999997
 21
-405.95200000000324
 31
0.0
  0
LINE
  5
313
330
17
100
AcDbEntity
  8
0
100
AcDbLine
 10
848.161999999997
 20
-405.95200000000324
 30
0.0
 11
848.875999999997
 21
-402.7650000000032
 31
0.0
  0
LINE
  5
314
330
17
100
AcDbEntity
  8
0
100
AcDbLine
 10
848.875999999997
 20
-402.7650000000032
 30
0.0
 11
849.5899999999971
 21
-399.5780000000032
 31
0.0
  0
LINE
  5
315
330
17
100
AcDbEntity
  8
0
100
AcDbLine
 10
849.5899999999971
 20
-399.5780000000032
 30
0.0
 11
850.3039999999971
 21
-396.3910000000032
 31
0.0
  0
LINE
  5
316
330
17
100
AcDbEntity
  8
0
100
AcDbLine
 10
850.3039999999971
 20
-396.3910000000032
 30
0.0
 11
851.0179999999972
 21
-393.2040000000032
 31
0.0
  0
LINE
  5
317
330
17
100
AcDbEntity
  8
0
100
AcDbLine
 10
851.0179999999972
 20
-393.2040000000032
 30
0.0
 11
851.7319999999972
 21
-390.0170000000032
 31
0.0
  0
LINE
  5
318
330
17
100
AcDbEntity
  8
0
100
AcDbLine
 10
851.7319999999972
 20
-390.0170000000032
 30
0.0
 11
852.4459999999973
 21
-386.83000000000317
 31
0.0
  0
LINE
  5
319
330
17
100
AcDbEntity
  8
0
100
AcDbLine
 10
852.4459999999973
 20
-386.83000000000317
 30
0.0
 11
853.1599999999974
 21
-383.64300000000316
 31
0.0
  0
LINE
  5
31A
330
17
100
AcDbEntity
  8
0
100
AcDbLine
 10
853.1599999999974
 20
-383.64300000000316
 30
0.0
 11
853.8739999999974
 21
-380.45600000000314
 31
0.0
  0
LINE
  5
31B
330
17
100
AcDbEntity
  8
0
100
AcDbLine
 10
853.8739999999974
 20
-380.45600000000314
 30
0.0
 11
854.5879999999975
 21
-377.26900000000313
 31
0.0
  0
LINE
  5
31C
330
17
100
AcDbEntity
  8
0
100
AcDbLine
 10
854.5879999999975
 20
-377.26900000000313
 30
0.0
 11
855.3019999999975
 21
-374.0820000000031
 31
0.0
  0
LINE
  5
31D
330
17
100
AcDbEntity
  8
0
100
AcDbLine
 10
855.3019999999975
 20
-374.0820000000031
 30
0.0
 11
856.0159999999976
 21
-370.8950000000031
 31
0.0
  0
LINE
  5
31E
330
17
100
AcDbEntity
  8
0
100
AcDbLine
 10
856.0159999999976
 20
-370.8950000000031
 30
0.0
 11
856.7299999999976
 21
-367.7080000000031
 31
0.0
  0
LINE
  5
31F
330
17
100
AcDbEntity
  8
0
100
AcDbLine
 10
856.7299999999976
 20
-367.7080000000031
 30
0.0
 11
856.5789999999977
 21
-367.5280000000031
 31
0.0
  0
LINE
  5
320
330
17
100
AcDbEntity
  8
0
100
AcDbLine
 10
856.5789999999977
 20
-367.5280000000031
 30
0.0
 11
856.4279999999977
 21
-367.3480000000031
 31
0.0
  0
LINE
  5
321
330
17
100
AcDbEntity
  8
0
100
AcDbLine
 10
856.4279999999977
 20
-367.3480000000031
 30
0.0
 11
856.2769999999978
 21
-367.1680000000031
 31
0.0
  0
LINE
  5
322
330
17
100
AcDbEntity
  8
0
100
AcDbLine
 10
856.2769999999978
 20
-367.1680000000031
 30
0.0
 11
856.1259999999978
 21
-366.98800000000307
 31
0.0
  0
LINE
  5
323
330
17
100
AcDbEntity
  8
0
100
AcDbLine
 10
856.1259999999978
 20
-366.98800000000307
 30
0.0
 11
855.9749999999979
 21
-366.80800000000306
 31
0.0
  0
LINE
  5
324
330
17
100
AcDbEntity
  8
0
100
AcDbLine
 10
855.9749999999979
 20
-366.80800000000306
 30
0.0
 11
855.8239999999979
 21
-366.62800000000306
 31
0.0
  0
LINE
  5
325
330
17
100
AcDbEntity
  8
0
100
AcDbLine
 10
855.8239999999979
 20
-366.62800000000306
 30
0.0
 11
855.672999999998
 21
-366.44800000000305
 31
0.0
  0
LINE
  5
326
330
17
100
AcDbEntity
  8
0
100
AcDbLine
 10
855.672999999998
 20
-366.44800000000305
 30
0.0
 11
855.521999999998
 21
-366.26800000000304
 31
0.0
  0
LINE
  5
327
330
17
100
AcDbEntity
  8
0
100
AcDbLine
 10
855.521999999998
 20
-366.26800000000304
 30
0.0
 11
855.370999999998
 21
-366.08800000000303
 31
0.0
  0
LINE
  5
328
330
17
100
AcDbEntity
  8
0
100
AcDbLine
 10
855.370999999998
 20
-366.08800000000303
 30
0.0
 11
855.2199999999981
 21
-365.908000000003
 31
0.0
  0
LINE
  5
329
330
17
100
AcDbEntity
  8
0
100
AcDbLine
 10
855.2199999999981
 20
-365.908000000003
 30
0.0
 11
855.0689999999981
 21
-365.728000000003
 31
0.0
  0
LINE
  5
32A
330
17
100
AcDbEntity
  8
0
100
AcDbLine
 10
855.0689999999981
 20
-365.728000000003
 30
0.0
 11
854.9179999999982
 21
-365.548000000003
 31
0.0
  0
LINE
  5
32B
330
17
100
AcDbEntity
  8
0
100
AcDbLine
 10
854.9179999999982
 20
-365.548000000003
 30
0.0
 11
854.7669999999982
 21
-365.368000000003
 31
0.0
  0
LINE
  5
32C
330
17
100
AcDbEntity
  8
0
100
AcDbLine
 10
854.7669999999982
 20
-365.368000000003
 30
0.0
 11
854.6159999999983
 21
-365.188000000003
 31
0.0
  0
LINE
  5
32D
330
17
100
AcDbEntity
  8
0
100
AcDbLine
 10
854.6159999999983
 20
-365.188000000003
 30
0.0
 11
854.4649999999983
 21
-365.008000000003
 31
0.0
  0
LINE
  5
32E
330
17
100
AcDbEntity
  8
0
100
AcDbLine
 10
854.4649999999983
 20
-365.008000000003
 30
0.0
 11
854.3139999999984
 21
-364.828000000003
 31
0.0
  0
LINE
  5
32F
330
17
100
AcDbEntity
  8
0
100
AcDbLine
 10
854.3139999999984
 20
-364.828000000003
 30
0.0
 11
854.3949999999984
 21
-364.522000000003
 31
0.0
  0
LINE
  5
330
330
17
100
AcDbEntity
  8
0
100
AcDbLine
 10
854.3949999999984
 20
-364.522000000003
 30
0.0
 11
854.4759999999984
 21
-364.216000000003
 31
0.0
  0
LINE
  5
331
330
17
100
AcDbEntity
  8
0
100
AcDbLine
 10
854.4759999999984
 20
-364.216000000003
 30
0.0
 11
854.5569999999984
 21
-363.91000000000304
 31
0.0
  0
LINE
  5
332
330
17
100
AcDbEntity
  8
0
100
AcDbLine
 10
854.5569999999984
 20
-363.91000000000304
 30
0.0
 11
854.6379999999984
 21
-363.60400000000305
 31
0.0
  0
LINE
  5
333
330
17
100
AcDbEntity
  8
0
100
AcDbLine
 10
854.6379999999984
 20
-363.60400000000305
 30
0.0
 11
854.7189999999985
 21
-363.29800000000307
 31
0.0
  0
LINE
  5
334
330
17
100
AcDbEntity
  8
0
100
AcDbLine
 10
854.7189999999985
 20
-363.29800000000307
 30
0.0
 11
854.7999999999985
 21
-362.9920000000031
 31
0.0
  0
LINE
  5
335
330
17
100
AcDbEntity
  8
0
100
AcDbLine
 10
854.7999999999985
 20
-362.9920000000031
 30
0.0
 11
854.8809999999985
 21
-362.6860000000031
 31
0.0
  0
LINE
  5
336
330
17
100
AcDbEntity
  8
0
100
AcDbLine
 10
854.8809999999985
 20
-362.6860000000031
 30
0.0
 11
854.9619999999985
 21
-362.3800000000031
 31
0.0
  0
LINE
  5
337
330
17
100
AcDbEntity
  8
0
100
AcDbLine
 10
854.9619999999985
 20
-362.3800000000031
 30
0.0
 11
855.0429999999985
 21
-362.07400000000314
 31
0.0
  0
LINE
  5
338
330
17
100
AcDbEntity
  8
0
100
AcDbLine
 10
855.0429999999985
 20
-362.07400000000314
 30
0.0
 11
855.1239999999985
 21
-361.76800000000316
 31
0.0
  0
LINE
  5
339
330
17
100
AcDbEntity
  8
0
100
AcDbLine
 10
855.1239999999985
 20
-361.76800000000316
 30
0.0
 11
855.2049999999986
 21
-361.4620000000032
 31
0.0
  0
LINE
  5
33A
330
17
100
AcDbEntity
  8
0
100
AcDbLine
 10
855.2049999999986
 20
-361.4620000000032
 30
0.0
 11
855.2859999999986
 21
-361.1560000000032
 31
0.0
  0
LINE
  5
33B
330
17
100
AcDbEntity
  8
0
100
AcDbLine
 10
855.2859999999986
 20
-361.1560000000032
 30
0.0
 11
855.3669999999986
 21
-360.8500000000032
 31
0.0
  0
LINE
  5
33C
330
17
100
AcDbEntity
  8
0
100
AcDbLine
 10
855.3669999999986
 20
-360.8500000000032
 30
0.0
 11
855.4479999999986
 21
-360.5440000000032
 31
0.0
  0
LINE
  5
33D
330
17
100
AcDbEntity
  8
0
100
AcDbLine
 10
855.4479999999986
 20
-360.5440000000032
 30
0.0
 11
855.5289999999986
 21
-360.23800000000324
 31
0.0
  0
LINE
  5
33E
330
17
100
AcDbEntity
  8
0
100
AcDbLine
 10
855.5289999999986
 20
-360.23800000000324
 30
0.0
 11
855.6099999999986
 21
-359.93200000000326
 31
0.0
  0
LINE
  5
33F
330
17
100
AcDbEntity
  8
0
100
AcDbLine
 10
855.6099999999986
 20
-359.93200000000326
 30
0.0
 11
855.9959999999986
 21
-359.93200000000326
 31
0.0
  0
LINE
  5
340
330
17
100
AcDbEntity
  8
0
100
AcDbLine
 10
855.9959999999986
 20
-359.93200000000326
 30
0.0
 11
856.3819999999986
 21
-359.93200000000326
 31
0.0
  0
LINE
  5
341
330
17
100
AcDbEntity
  8
0
100
AcDbLine
 10
856.3819999999986
 20
-359.93200000000326
 30
0.0
 11
856.7679999999986
 21
-359.93200000000326
 31
0.0
  0
LINE
  5
342
330
17
100
AcDbEntity
  8
0
100
AcDbLine
 10
856.7679999999986
 20
-359.93200000000326
 30
0.0
 11
857.1539999999985
 21
-359.93200000000326
 31
0.0
  0
LINE
  5
343
330
17
100
AcDbEntity
  8
0
100
AcDbLine
 10
857.1539999999985
 20
-359.93200000000326
 30
0.0
 11
857.5399999999985
 21
-359.93200000000326
 31
0.0
  0
LINE
  5
344
330
17
100
AcDbEntity
  8
0
100
AcDbLine
 10
857.5399999999985
 20
-359.93200000000326
 30
0.0
 11
857.9259999999985
 21
-359.93200000000326
 31
0.0
  0
LINE
  5
345
330
17
100
AcDbEntity
  8
0
100
AcDbLine
 10
857.9259999999985
 20
-359.93200000000326
 30
0.0
 11
858.3119999999984
 21
-359.93200000000326
 31
0.0
  0
LINE
  5
346
330
17
100
AcDbEntity
  8
0
100
AcDbLine
 10
858.3119999999984
 20
-359.93200000000326
 30
0.0
 11
858.6979999999984
 21
-359.93200000000326
 31
0.0
  0
LINE
  5
347
330
17
100
AcDbEntity
  8
0
100
AcDbLine
 10
858.6979999999984
 20
-359.93200000000326
 30
0.0
 11
859.0839999999984
 21
-359.93200000000326
 31
0.0
  0
LINE
  5
348
330
17
100
AcDbEntity
  8
0
100
AcDbLine
 10
859.0839999999984
 20
-359.93200000000326
 30
0.0
 11
859.4699999999983
 21
-359.93200000000326
 31
0.0
  0
LINE
  5
349
330
17
100
AcDbEntity
  8
0
100
AcDbLine
 10
859.4699999999983
 20
-359.93200000000326
 30
0.0
 11
859.8559999999983
 21
-359.93200000000326
 31
0.0
  0
LINE
  5
34A
330
17
100
AcDbEntity
  8
0
100
AcDbLine
 10
859.8559999999983
 20
-359.93200000000326
 30
0.0
 11
860.2419999999983
 21
-359.93200000000326
 31
0.0
  0
LINE
  5
34B
330
17
100
AcDbEntity
  8
0
100
AcDbLine
 10
860.2419999999983
 20
-359.93200000000326
 30
0.0
 11
860.6279999999982
 21
-359.93200000000326
 31
0.0
  0
LINE
  5
34C
330
17
100
AcDbEntity
  8
0
100
AcDbLine
 10
860.6279999999982
 20
-359.93200000000326
 30
0.0
 11
861.0139999999982
 21
-359.93200000000326
 31
0.0
  0
LINE
  5
34D
330
17
100
AcDbEntity
  8
0
100
AcDbLine
 10
861.0139999999982
 20
-359.93200000000326
 30
0.0
 11
861.3999999999982
 21
-359.93200000000326
 31
0.0
  0
LINE
  5
34E
330
17
100
AcDbEntity
  8
0
100
AcDbLine
 10
861.3999999999982
 20
-359.93200000000326
 30
0.0
 11
861.7859999999981
 21
-359.93200000000326
 31
0.0
  0
LINE
  5
34F
330
17
100
AcDbEntity
  8
0
100
AcDbLine
 10
861.7859999999981
 20
-359.93200000000326
 30
0.0
 11
862.0559999999981
 21
-359.92100000000323
 31
0.0
  0
LINE
  5
350
330
17
100
AcDbEntity
  8
0
100
AcDbLine
 10
862.0559999999981
 20
-359.92100000000323
 30
0.0
 11
862.3209999999981
 21
-359.8880000000032
 31
0.0
  0
LINE
  5
351
330
17
100
AcDbEntity
  8
0
100
AcDbLine
 10
862.3209999999981
 20
-359.8880000000032
 30
0.0
 11
862.5799999999981
 21
-359.8330000000032
 31
0.0
  0
LINE
  5
352
330
17
100
AcDbEntity
  8
0
100
AcDbLine
 10
862.5799999999981
 20
-359.8330000000032
 30
0.0
 11
862.8309999999981
 21
-359.7580000000032
 31
0.0
  0
LINE
  5
353
330
17
100
AcDbEntity
  8
0
100
AcDbLine
 10
862.8309999999981
 20
-359.7580000000032
 30
0.0
 11
863.0739999999981
 21
-359.6630000000032
 31
0.0
  0
LINE
  5
354
330
17
100
AcDbEntity
  8
0
100
AcDbLine
 10
863.0739999999981
 20
-359.6630000000032
 30
0.0
 11
863.3069999999981
 21
-359.5500000000032
 31
0.0
  0
LINE
  5
355
330
17
100
AcDbEntity
  8
0
100
AcDbLine
 10
863.3069999999981
 20
-359.5500000000032
 30
0.0
 11
863.529999999998
 21
-359.4180000000032
 31
0.0
  0
LINE
  5
356
330
17
100
AcDbEntity
  8
0
100
AcDbLine
 10
863.529999999998
 20
-359.4180000000032
 30
0.0
 11
863.740999999998
 21
-359.2690000000032
 31
0.0
  0
LINE
  5
357
330
17
100
AcDbEntity
  8
0
100
AcDbLine
 10
863.740999999998
 20
-359.2690000000032
 30
0.0
 11
863.939999999998
 21
-359.10400000000317
 31
0.0
  0
LINE
  5
358
330
17
100
AcDbEntity
  8
0
100
AcDbLine
 10
863.939999999998
 20
-359.10400000000317
 30
0.0
 11
864.124999999998
 21
-358.9230000000032
 31
0.0
  0
LINE
  5
359
330
17
100
AcDbEntity
  8
0
100
AcDbLine
 10
864.124999999998
 20
-358.9230000000032
 30
0.0
 11
864.2949999999979
 21
-358.72700000000316
 31
0.0
  0
LINE
  5
35A
330
17
100
AcDbEntity
  8
0
100
AcDbLine
 10
864.2949999999979
 20
-358.72700000000316
 30
0.0
 11
864.4499999999979
 21
-358.5170000000032
 31
0.0
  0
LINE
  5
35B
330
17
100
AcDbEntity
  8
0
100
AcDbLine
 10
864.4499999999979
 20
-358.5170000000032
 30
0.0
 11
864.5879999999979
 21
-358.29400000000317
 31
0.0
  0
LINE
  5
35C
330
17
100
AcDbEntity
  8
0
100
AcDbLine
 10
864.5879999999979
 20
-358.29400000000317
 30
0.0
 11
864.7079999999979
 21
-358.05900000000315
 31
0.0
  0
LINE
  5
35D
330
17
100
AcDbEntity
  8
0
100
AcDbLine
 10
864.7079999999979
 20
-358.05900000000315
 30
0.0
 11
864.8089999999979
 21
-357.81200000000314
 31
0.0
  0
LINE
  5
35E
330
17
100
AcDbEntity
  8
0
100
AcDbLine
 10
864.8089999999979
 20
-357.81200000000314
 30
0.0
 11
864.8899999999979
 21
-357.55400000000316
 31
0.0
  0
LINE
  5
35F
330
17
100
AcDbEntity
  8
0
100
AcDbLine
 10
864.8899999999979
 20
-357.55400000000316
 30
0.0
 11
865.110999999998
 21
-356.7360000000032
 31
0.0
  0
LINE
  5
360
330
17
100
AcDbEntity
  8
0
100
AcDbLine
 10
865.110999999998
 20
-356.7360000000032
 30
0.0
 11
865.331999999998
 21
-355.9180000000032
 31
0.0
  0
LINE
  5
361
330
17
100
AcDbEntity
  8
0
100
AcDbLine
 10
865.331999999998
 20
-355.9180000000032
 30
0.0
 11
865.552999999998
 21
-355.1000000000032
 31
0.0
  0
LINE
  5
362
330
17
100
AcDbEntity
  8
0
100
AcDbLine
 10
865.552999999998
 20
-355.1000000000032
 30
0.0
 11
865.773999999998
 21
-354.2820000000032
 31
0.0
  0
LINE
  5
363
330
17
100
AcDbEntity
  8
0
100
AcDbLine
 10
865.773999999998
 20
-354.2820000000032
 30
0.0
 11
865.994999999998
 21
-353.46400000000324
 31
0.0
  0
LINE
  5
364
330
17
100
AcDbEntity
  8
0
100
AcDbLine
 10
865.994999999998
 20
-353.46400000000324
 30
0.0
 11
866.215999999998
 21
-352.64600000000326
 31
0.0
  0
LINE
  5
365
330
17
100
AcDbEntity
  8
0
100
AcDbLine
 10
866.215999999998
 20
-352.64600000000326
 30
0.0
 11
866.436999999998
 21
-351.82800000000327
 31
0.0
  0
LINE
  5
366
330
17
100
AcDbEntity
  8
0
100
AcDbLine
 10
866.436999999998
 20
-351.82800000000327
 30
0.0
 11
866.657999999998
 21
-351.0100000000033
 31
0.0
  0
LINE
  5
367
330
17
100
AcDbEntity
  8
0
100
AcDbLine
 10
866.657999999998
 20
-351.0100000000033
 30
0.0
 11
866.878999999998
 21
-350.1920000000033
 31
0.0
  0
LINE
  5
368
330
17
100
AcDbEntity
  8
0
100
AcDbLine
 10
866.878999999998
 20
-350.1920000000033
 30
0.0
 11
867.099999999998
 21
-349.3740000000033
 31
0.0
  0
LINE
  5
369
330
17
100
AcDbEntity
  8
0
100
AcDbLine
 10
867.099999999998
 20
-349.3740000000033
 30
0.0
 11
867.320999999998
 21
-348.55600000000334
 31
0.0
  0
LINE
  5
36A
330
17
100
AcDbEntity
  8
0
100
AcDbLine
 10
867.320999999998
 20
-348.55600000000334
 30
0.0
 11
867.541999999998
 21
-347.73800000000335
 31
0.0
  0
LINE
  5
36B
330
17
100
AcDbEntity
  8
0
100
AcDbLine
 10
867.541999999998
 20
-347.73800000000335
 30
0.0
 11
867.762999999998
 21
-346.92000000000337
 31
0.0
  0
LINE
  5
36C
330
17
100
AcDbEntity
  8
0
100
AcDbLine
 10
867.762999999998
 20
-346.92000000000337
 30
0.0
 11
867.983999999998
 21
-346.1020000000034
 31
0.0
  0
LINE
  5
36D
330
17
100
AcDbEntity
  8
0
100
AcDbLine
 10
867.983999999998
 20
-346.1020000000034
 30
0.0
 11
868.204999999998
 21
-345.2840000000034
 31
0.0
  0
LINE
  5
36E
330
17
100
AcDbEntity
  8
0
100
AcDbLine
 10
868.204999999998
 20
-345.2840000000034
 30
0.0
 11
868.425999999998
 21
-344.4660000000034
 31
0.0
  0
LINE
  5
36F
330
17
100
AcDbEntity
  8
0
100
AcDbLine
 10
828.535999999998
 20
-367.7480000000034
 30
0.0
 11
820.247999999998
 21
-367.5490000000034
 31
0.0
  0
LINE
  5
370
330
17
100
AcDbEntity
  8
0
100
AcDbLine
 10
820.247999999998
 20
-367.5490000000034
 30
0.0
 11
812.414999999998
 21
-367.7910000000034
 31
0.0
  0
LINE
  5
371
330
17
100
AcDbEntity
  8
0
100
AcDbLine
 10
812.414999999998
 20
-367.7910000000034
 30
0.0
 11
805.041999999998
 21
-368.4190000000034
 31
0.0
  0
LINE
  5
372
330
17
100
AcDbEntity
  8
0
100
AcDbLine
 10
805.041999999998
 20
-368.4190000000034
 30
0.0
 11
798.134999999998
 21
-369.3800000000034
 31
0.0
  0
LINE
  5
373
330
17
100
AcDbEntity
  8
0
100
AcDbLine
 10
798.134999999998
 20
-369.3800000000034
 30
0.0
 11
791.6979999999979
 21
-370.6200000000034
 31
0.0
  0
LINE
  5
374
330
17
100
AcDbEntity
  8
0
100
AcDbLine
 10
791.6979999999979
 20
-370.6200000000034
 30
0.0
 11
785.735999999998
 21
-372.0850000000034
 31
0.0
  0
LINE
  5
375
330
17
100
AcDbEntity
  8
0
100
AcDbLine
 10
785.735999999998
 20
-372.0850000000034
 30
0.0
 11
780.253999999998
 21
-373.7220000000034
 31
0.0
  0
LINE
  5
376
330
17
100
AcDbEntity
  8
0
100
AcDbLine
 10
780.253999999998
 20
-373.7220000000034
 30
0.0
 11
775.256999999998
 21
-375.4760000000034
 31
0.0
  0
LINE
  5
377
330
17
100
AcDbEntity
  8
0
100
AcDbLine
 10
775.256999999998
 20
-375.4760000000034
 30
0.0
 11
770.748999999998
 21
-377.2940000000034
 31
0.0
  0
LINE
  5
378
330
17
100
AcDbEntity
  8
0
100
AcDbLine
 10
770.748999999998
 20
-377.2940000000034
 30
0.0
 11
766.735999999998
 21
-379.12200000000337
 31
0.0
  0
LINE
  5
379
330
17
100
AcDbEntity
  8
0
100
AcDbLine
 10
766.735999999998
 20
-379.12200000000337
 30
0.0
 11
763.2229999999979
 21
-380.90600000000336
 31
0.0
  0
LINE
  5
37A
330
17
100
AcDbEntity
  8
0
100
AcDbLine
 10
763.2229999999979
 20
-380.90600000000336
 30
0.0
 11
760.2139999999979
 21
-382.59200000000334
 31
0.0
  0
LINE
  5
37B
330
17
100
AcDbEntity
  8
0
100
AcDbLine
 10
760.2139999999979
 20
-382.59200000000334
 30
0.0
 11
757.7149999999979
 21
-384.12700000000336
 31
0.0
  0
LINE
  5
37C
330
17
100
AcDbEntity
  8
0
100
AcDbLine
 10
757.7149999999979
 20
-384.12700000000336
 30
0.0
 11
755.7299999999979
 21
-385.45600000000337
 31
0.0
  0
LINE
  5
37D
330
17
100
AcDbEntity
  8
0
100
AcDbLine
 10
755.7299999999979
 20
-385.45600000000337
 30
0.0
 11
754.2639999999978
 21
-386.52600000000336
 31
0.0
  0
LINE
  5
37E
330
17
100
AcDbEntity
  8
0
100
AcDbLine
 10
754.2639999999978
 20
-386.52600000000336
 30
0.0
 11
753.3219999999978
 21
-387.28300000000337
 31
0.0
  0
LINE
  5
37F
330
17
100
AcDbEntity
  8
0
100
AcDbLine
 10
753.3219999999978
 20
-387.28300000000337
 30
0.0
 11
753.0869999999978
 21
-387.6840000000034
 31
0.0
  0
LINE
  5
380
330
17
100
AcDbEntity
  8
0
100
AcDbLine
 10
753.0869999999978
 20
-387.6840000000034
 30
0.0
 11
752.8769999999978
 21
-388.4410000000034
 31
0.0
  0
LINE
  5
381
330
17
100
AcDbEntity
  8
0
100
AcDbLine
 10
752.8769999999978
 20
-388.4410000000034
 30
0.0
 11
752.6909999999978
 21
-389.5220000000034
 31
0.0
  0
LINE
  5
382
330
17
100
AcDbEntity
  8
0
100
AcDbLine
 10
752.6909999999978
 20
-389.5220000000034
 30
0.0
 11
752.5289999999977
 21
-390.8960000000034
 31
0.0
  0
LINE
  5
383
330
17
100
AcDbEntity
  8
0
100
AcDbLine
 10
752.5289999999977
 20
-390.8960000000034
 30
0.0
 11
752.3899999999977
 21
-392.5310000000034
 31
0.0
  0
LINE
  5
384
330
17
100
AcDbEntity
  8
0
100
AcDbLine
 10
752.3899999999977
 20
-392.5310000000034
 30
0.0
 11
752.2729999999978
 21
-394.3950000000034
 31
0.0
  0
LINE
  5
385
330
17
100
AcDbEntity
  8
0
100
AcDbLine
 10
752.2729999999978
 20
-394.3950000000034
 30
0.0
 11
752.1779999999977
 21
-396.4570000000034
 31
0.0
  0
LINE
  5
386
330
17
100
AcDbEntity
  8
0
100
AcDbLine
 10
752.1779999999977
 20
-396.4570000000034
 30
0.0
 11
752.1049999999977
 21
-398.6850000000034
 31
0.0
  0
LINE
  5
387
330
17
100
AcDbEntity
  8
0
100
AcDbLine
 10
752.1049999999977
 20
-398.6850000000034
 30
0.0
 11
752.0529999999977
 21
-401.04700000000344
 31
0.0
  0
LINE
  5
388
330
17
100
AcDbEntity
  8
0
100
AcDbLine
 10
752.0529999999977
 20
-401.04700000000344
 30
0.0
 11
752.0219999999978
 21
-403.5120000000034
 31
0.0
  0
LINE
  5
389
330
17
100
AcDbEntity
  8
0
100
AcDbLine
 10
752.0219999999978
 20
-403.5120000000034
 30
0.0
 11
752.0109999999978
 21
-406.04700000000344
 31
0.0
  0
LINE
  5
38A
330
17
100
AcDbEntity
  8
0
100
AcDbLine
 10
752.0109999999978
 20
-406.04700000000344
 30
0.0
 11
752.0189999999978
 21
-408.6220000000034
 31
0.0
  0
LINE
  5
38B
330
17
100
AcDbEntity
  8
0
100
AcDbLine
 10
752.0189999999978
 20
-408.6220000000034
 30
0.0
 11
752.0459999999979
 21
-411.2040000000034
 31
0.0
  0
LINE
  5
38C
330
17
100
AcDbEntity
  8
0
100
AcDbLine
 10
752.0459999999979
 20
-411.2040000000034
 30
0.0
 11
752.0909999999978
 21
-413.7620000000034
 31
0.0
  0
LINE
  5
38D
330
17
100
AcDbEntity
  8
0
100
AcDbLine
 10
752.0909999999978
 20
-413.7620000000034
 30
0.0
 11
752.1539999999978
 21
-416.2650000000034
 31
0.0
  0
LINE
  5
38E
330
17
100
AcDbEntity
  8
0
100
AcDbLine
 10
752.1539999999978
 20
-416.2650000000034
 30
0.0
 11
752.2349999999979
 21
-418.6800000000034
 31
0.0
  0
LINE
  5
38F
330
17
100
AcDbEntity
  8
0
100
AcDbLine
 10
752.2349999999979
 20
-418.6800000000034
 30
0.0
 11
752.3379999999978
 21
-419.8070000000034
 31
0.0
  0
LINE
  5
390
330
17
100
AcDbEntity
  8
0
100
AcDbLine
 10
752.3379999999978
 20
-419.8070000000034
 30
0.0
 11
752.5549999999978
 21
-420.90000000000344
 31
0.0
  0
LINE
  5
391
330
17
100
AcDbEntity
  8
0
100
AcDbLine
 10
752.5549999999978
 20
-420.90000000000344
 30
0.0
 11
752.8799999999978
 21
-421.9540000000034
 31
0.0
  0
LINE
  5
392
330
17
100
AcDbEntity
  8
0
100
AcDbLine
 10
752.8799999999978
 20
-421.9540000000034
 30
0.0
 11
753.3069999999979
 21
-422.96500000000344
 31
0.0
  0
LINE
  5
393
330
17
100
AcDbEntity
  8
0
100
AcDbLine
 10
753.3069999999979
 20
-422.96500000000344
 30
0.0
 11
753.8289999999979
 21
-423.92900000000344
 31
0.0
  0
LINE
  5
394
330
17
100
AcDbEntity
  8
0
100
AcDbLine
 10
753.8289999999979
 20
-423.92900000000344
 30
0.0
 11
754.4389999999979
 21
-424.8410000000034
 31
0.0
  0
LINE
  5
395
330
17
100
AcDbEntity
  8
0
100
AcDbLine
 10
754.4389999999979
 20
-424.8410000000034
 30
0.0
 11
755.129999999998
 21
-425.6970000000034
 31
0.0
  0
LINE
  5
396
330
17
100
AcDbEntity
  8
0
100
AcDbLine
 10
755.129999999998
 20
-425.6970000000034
 30
0.0
 11
755.8959999999979
 21
-426.49200000000343
 31
0.0
  0
LINE
  5
397
330
17
100
AcDbEntity
  8
0
100
AcDbLine
 10
755.8959999999979
 20
-426.49200000000343
 30
0.0
 11
756.7299999999979
 21
-427.22200000000345
 31
0.0
  0
LINE
  5
398
330
17
100
AcDbEntity
  8
0
100
AcDbLine
 10
756.7299999999979
 20
-427.22200000000345
 30
0.0
 11
757.6259999999978
 21
-427.8820000000035
 31
0.0
  0
LINE
  5
399
330
17
100
AcDbEntity
  8
0
100
AcDbLine
 10
757.6259999999978
 20
-427.8820000000035
 30
0.0
 11
758.5769999999978
 21
-428.4680000000035
 31
0.0
  0
LINE
  5
39A
330
17
100
AcDbEntity
  8
0
100
AcDbLine
 10
758.5769999999978
 20
-428.4680000000035
 30
0.0
 11
759.5769999999978
 21
-428.9750000000035
 31
0.0
  0
LINE
  5
39B
330
17
100
AcDbEntity
  8
0
100
AcDbLine
 10
759.5769999999978
 20
-428.9750000000035
 30
0.0
 11
760.6179999999979
 21
-429.39900000000347
 31
0.0
  0
LINE
  5
39C
330
17
100
AcDbEntity
  8
0
100
AcDbLine
 10
760.6179999999979
 20
-429.39900000000347
 30
0.0
 11
761.6939999999979
 21
-429.73600000000346
 31
0.0
  0
LINE
  5
39D
330
17
100
AcDbEntity
  8
0
100
AcDbLine
 10
761.6939999999979
 20
-429.73600000000346
 30
0.0
 11
762.7989999999979
 21
-429.98100000000346
 31
0.0
  0
LINE
  5
39E
330
17
100
AcDbEntity
  8
0
100
AcDbLine
 10
762.7989999999979
 20
-429.98100000000346
 30
0.0
 11
763.9259999999979
 21
-430.1290000000035
 31
0.0
  0
LINE
  5
39F
330
17
100
AcDbEntity
  8
0
100
AcDbLine
 10
763.9259999999979
 20
-430.1290000000035
 30
0.0
 11
763.9569999999978
 21
-430.1310000000035
 31
0.0
  0
LINE
  5
3A0
330
17
100
AcDbEntity
  8
0
100
AcDbLine
 10
763.9569999999978
 20
-430.1310000000035
 30
0.0
 11
763.9889999999979
 21
-430.1330000000035
 31
0.0
  0
LINE
  5
3A1
330
17
100
AcDbEntity
  8
0
100
AcDbLine
 10
763.9889999999979
 20
-430.1330000000035
 30
0.0
 11
764.0219999999979
 21
-430.1340000000035
 31
0.0
  0
LINE
  5
3A2
330
17
100
AcDbEntity
  8
0
100
AcDbLine
 10
764.0219999999979
 20
-430.1340000000035
 30
0.0
 11
764.0549999999979
 21
-430.13500000000346
 31
0.0
  0
LINE
  5
3A3
330
17
100
AcDbEntity
  8
0
100
AcDbLine
 10
764.0549999999979
 20
-430.13500000000346
 30
0.0
 11
764.0889999999979
 21
-430.13600000000343
 31
0.0
  0
LINE
  5
3A4
330
17
100
AcDbEntity
  8
0
100
AcDbLine
 10
764.0889999999979
 20
-430.13600000000343
 30
0.0
 11
764.1229999999979
 21
-430.13600000000343
 31
0.0
  0
LINE
  5
3A5
330
17
100
AcDbEntity
  8
0
100
AcDbLine
 10
764.1229999999979
 20
-430.13600000000343
 30
0.0
 11
764.1579999999979
 21
-430.13600000000343
 31
0.0
  0
LINE
  5
3A6
330
17
100
AcDbEntity
  8
0
100
AcDbLine
 10
764.1579999999979
 20
-430.13600000000343
 30
0.0
 11
764.1929999999978
 21
-430.13500000000346
 31
0.0
  0
LINE
  5
3A7
330
17
100
AcDbEntity
  8
0
100
AcDbLine
 10
764.1929999999978
 20
-430.13500000000346
 30
0.0
 11
764.2279999999978
 21
-430.1340000000035
 31
0.0
  0
LINE
  5
3A8
330
17
100
AcDbEntity
  8
0
100
AcDbLine
 10
764.2279999999978
 20
-430.1340000000035
 30
0.0
 11
764.2619999999978
 21
-430.1320000000035
 31
0.0
  0
LINE
  5
3A9
330
17
100
AcDbEntity
  8
0
100
AcDbLine
 10
764.2619999999978
 20
-430.1320000000035
 30
0.0
 11
764.2959999999978
 21
-430.13000000000346
 31
0.0
  0
LINE
  5
3AA
330
17
100
AcDbEntity
  8
0
100
AcDbLine
 10
764.2959999999978
 20
-430.13000000000346
 30
0.0
 11
764.3299999999978
 21
-430.1270000000035
 31
0.0
  0
LINE
  5
3AB
330
17
100
AcDbEntity
  8
0
100
AcDbLine
 10
764.3299999999978
 20
-430.1270000000035
 30
0.0
 11
764.3629999999978
 21
-430.1240000000035
 31
0.0
  0
LINE
  5
3AC
330
17
100
AcDbEntity
  8
0
100
AcDbLine
 10
764.3629999999978
 20
-430.1240000000035
 30
0.0
 11
764.3949999999978
 21
-430.1210000000035
 31
0.0
  0
LINE
  5
3AD
330
17
100
AcDbEntity
  8
0
100
AcDbLine
 10
764.3949999999978
 20
-430.1210000000035
 30
0.0
 11
764.4259999999978
 21
-430.1170000000035
 31
0.0
  0
LINE
  5
3AE
330
17
100
AcDbEntity
  8
0
100
AcDbLine
 10
764.4259999999978
 20
-430.1170000000035
 30
0.0
 11
764.4559999999977
 21
-430.11300000000347
 31
0.0
  0
LINE
  5
3AF
330
17
100
AcDbEntity
  8
0
100
AcDbLine
 10
764.4559999999977
 20
-430.11300000000347
 30
0.0
 11
764.7449999999977
 21
-429.21000000000345
 31
0.0
  0
LINE
  5
3B0
330
17
100
AcDbEntity
  8
0
100
AcDbLine
 10
764.7449999999977
 20
-429.21000000000345
 30
0.0
 11
765.0999999999977
 21
-428.32500000000346
 31
0.0
  0
LINE
  5
3B1
330
17
100
AcDbEntity
  8
0
100
AcDbLine
 10
765.0999999999977
 20
-428.32500000000346
 30
0.0
 11
765.5189999999977
 21
-427.46400000000347
 31
0.0
  0
LINE
  5
3B2
330
17
100
AcDbEntity
  8
0
100
AcDbLine
 10
765.5189999999977
 20
-427.46400000000347
 30
0.0
 11
766.0019999999977
 21
-426.6320000000035
 31
0.0
  0
LINE
  5
3B3
330
17
100
AcDbEntity
  8
0
100
AcDbLine
 10
766.0019999999977
 20
-426.6320000000035
 30
0.0
 11
766.5479999999977
 21
-425.83500000000345
 31
0.0
  0
LINE
  5
3B4
330
17
100
AcDbEntity
  8
0
100
AcDbLine
 10
766.5479999999977
 20
-425.83500000000345
 30
0.0
 11
767.1569999999978
 21
-425.0790000000035
 31
0.0
  0
LINE
  5
3B5
330
17
100
AcDbEntity
  8
0
100
AcDbLine
 10
767.1569999999978
 20
-425.0790000000035
 30
0.0
 11
767.8279999999978
 21
-424.3690000000035
 31
0.0
  0
LINE
  5
3B6
330
17
100
AcDbEntity
  8
0
100
AcDbLine
 10
767.8279999999978
 20
-424.3690000000035
 30
0.0
 11
768.5599999999978
 21
-423.7100000000035
 31
0.0
  0
LINE
  5
3B7
330
17
100
AcDbEntity
  8
0
100
AcDbLine
 10
768.5599999999978
 20
-423.7100000000035
 30
0.0
 11
769.3529999999978
 21
-423.1080000000035
 31
0.0
  0
LINE
  5
3B8
330
17
100
AcDbEntity
  8
0
100
AcDbLine
 10
769.3529999999978
 20
-423.1080000000035
 30
0.0
 11
770.2059999999977
 21
-422.56900000000354
 31
0.0
  0
LINE
  5
3B9
330
17
100
AcDbEntity
  8
0
100
AcDbLine
 10
770.2059999999977
 20
-422.56900000000354
 30
0.0
 11
771.1179999999978
 21
-422.09800000000354
 31
0.0
  0
LINE
  5
3BA
330
17
100
AcDbEntity
  8
0
100
AcDbLine
 10
771.1179999999978
 20
-422.09800000000354
 30
0.0
 11
772.0879999999978
 21
-421.7000000000035
 31
0.0
  0
LINE
  5
3BB
330
17
100
AcDbEntity
  8
0
100
AcDbLine
 10
772.0879999999978
 20
-421.7000000000035
 30
0.0
 11
773.1159999999978
 21
-421.3810000000035
 31
0.0
  0
LINE
  5
3BC
330
17
100
AcDbEntity
  8
0
100
AcDbLine
 10
773.1159999999978
 20
-421.3810000000035
 30
0.0
 11
774.2009999999979
 21
-421.1460000000035
 31
0.0
  0
LINE
  5
3BD
330
17
100
AcDbEntity
  8
0
100
AcDbLine
 10
774.2009999999979
 20
-421.1460000000035
 30
0.0
 11
775.3429999999979
 21
-421.0010000000035
 31
0.0
  0
LINE
  5
3BE
330
17
100
AcDbEntity
  8
0
100
AcDbLine
 10
775.3429999999979
 20
-421.0010000000035
 30
0.0
 11
776.5409999999979
 21
-420.9510000000035
 31
0.0
  0
LINE
  5
3BF
330
17
100
AcDbEntity
  8
0
100
AcDbLine
 10
776.5409999999979
 20
-420.9510000000035
 30
0.0
 11
777.6239999999979
 21
-420.9920000000035
 31
0.0
  0
LINE
  5
3C0
330
17
100
AcDbEntity
  8
0
100
AcDbLine
 10
777.6239999999979
 20
-420.9920000000035
 30
0.0
 11
778.6649999999979
 21
-421.1110000000035
 31
0.0
  0
LINE
  5
3C1
330
17
100
AcDbEntity
  8
0
100
AcDbLine
 10
778.6649999999979
 20
-421.1110000000035
 30
0.0
 11
779.662999999998
 21
-421.3040000000035
 31
0.0
  0
LINE
  5
3C2
330
17
100
AcDbEntity
  8
0
100
AcDbLine
 10
779.662999999998
 20
-421.3040000000035
 30
0.0
 11
780.6169999999979
 21
-421.5670000000035
 31
0.0
  0
LINE
  5
3C3
330
17
100
AcDbEntity
  8
0
100
AcDbLine
 10
780.6169999999979
 20
-421.5670000000035
 30
0.0
 11
781.5259999999979
 21
-421.8960000000035
 31
0.0
  0
LINE
  5
3C4
330
17
100
AcDbEntity
  8
0
100
AcDbLine
 10
781.5259999999979
 20
-421.8960000000035
 30
0.0
 11
782.388999999998
 21
-422.28600000000347
 31
0.0
  0
LINE
  5
3C5
330
17
100
AcDbEntity
  8
0
100
AcDbLine
 10
782.388999999998
 20
-422.28600000000347
 30
0.0
 11
783.204999999998
 21
-422.73400000000345
 31
0.0
  0
LINE
  5
3C6
330
17
100
AcDbEntity
  8
0
100
AcDbLine
 10
783.204999999998
 20
-422.73400000000345
 30
0.0
 11
783.972999999998
 21
-423.2350000000034
 31
0.0
  0
LINE
  5
3C7
330
17
100
AcDbEntity
  8
0
100
AcDbLine
 10
783.972999999998
 20
-423.2350000000034
 30
0.0
 11
784.6919999999981
 21
-423.78500000000344
 31
0.0
  0
LINE
  5
3C8
330
17
100
AcDbEntity
  8
0
100
AcDbLine
 10
784.6919999999981
 20
-423.78500000000344
 30
0.0
 11
785.3599999999981
 21
-424.38000000000346
 31
0.0
  0
LINE
  5
3C9
330
17
100
AcDbEntity
  8
0
100
AcDbLine
 10
785.3599999999981
 20
-424.38000000000346
 30
0.0
 11
785.976999999998
 21
-425.01500000000345
 31
0.0
  0
LINE
  5
3CA
330
17
100
AcDbEntity
  8
0
100
AcDbLine
 10
785.976999999998
 20
-425.01500000000345
 30
0.0
 11
786.5419999999981
 21
-425.6870000000035
 31
0.0
  0
LINE
  5
3CB
330
17
100
AcDbEntity
  8
0
100
AcDbLine
 10
786.5419999999981
 20
-425.6870000000035
 30
0.0
 11
787.053999999998
 21
-426.3910000000035
 31
0.0
  0
LINE
  5
3CC
330
17
100
AcDbEntity
  8
0
100
AcDbLine
 10
787.053999999998
 20
-426.3910000000035
 30
0.0
 11
787.511999999998
 21
-427.1240000000035
 31
0.0
  0
LINE
  5
3CD
330
17
100
AcDbEntity
  8
0
100
AcDbLine
 10
787.511999999998
 20
-427.1240000000035
 30
0.0
 11
787.914999999998
 21
-427.8810000000035
 31
0.0
  0
LINE
  5
3CE
330
17
100
AcDbEntity
  8
0
100
AcDbLine
 10
787.914999999998
 20
-427.8810000000035
 30
0.0
 11
788.260999999998
 21
-428.6570000000035
 31
0.0
  0
LINE
  5
3CF
330
17
100
AcDbEntity
  8
0
100
AcDbLine
 10
788.260999999998
 20
-428.6570000000035
 30
0.0
 11
788.323999999998
 21
-428.70400000000353
 31
0.0
  0
LINE
  5
3D0
330
17
100
AcDbEntity
  8
0
100
AcDbLine
 10
788.323999999998
 20
-428.70400000000353
 30
0.0
 11
788.3799999999981
 21
-428.7480000000035
 31
0.0
  0
LINE
  5
3D1
330
17
100
AcDbEntity
  8
0
100
AcDbLine
 10
788.3799999999981
 20
-428.7480000000035
 30
0.0
 11
788.429999999998
 21
-428.7890000000035
 31
0.0
  0
LINE
  5
3D2
330
17
100
AcDbEntity
  8
0
100
AcDbLine
 10
788.429999999998
 20
-428.7890000000035
 30
0.0
 11
788.474999999998
 21
-428.8270000000035
 31
0.0
  0
LINE
  5
3D3
330
17
100
AcDbEntity
  8
0
100
AcDbLine
 10
788.474999999998
 20
-428.8270000000035
 30
0.0
 11
788.516999999998
 21
-428.86200000000355
 31
0.0
  0
LINE
  5
3D4
330
17
100
AcDbEntity
  8
0
100
AcDbLine
 10
788.516999999998
 20
-428.86200000000355
 30
0.0
 11
788.555999999998
 21
-428.89400000000353
 31
0.0
  0
LINE
  5
3D5
330
17
100
AcDbEntity
  8
0
100
AcDbLine
 10
788.555999999998
 20
-428.89400000000353
 30
0.0
 11
788.593999999998
 21
-428.9230000000035
 31
0.0
  0
LINE
  5
3D6
330
17
100
AcDbEntity
  8
0
100
AcDbLine
 10
788.593999999998
 20
-428.9230000000035
 30
0.0
 11
788.631999999998
 21
-428.9480000000035
 31
0.0
  0
LINE
  5
3D7
330
17
100
AcDbEntity
  8
0
100
AcDbLine
 10
788.631999999998
 20
-428.9480000000035
 30
0.0
 11
788.670999999998
 21
-428.9700000000035
 31
0.0
  0
LINE
  5
3D8
330
17
100
AcDbEntity
  8
0
100
AcDbLine
 10
788.670999999998
 20
-428.9700000000035
 30
0.0
 11
788.711999999998
 21
-428.9890000000035
 31
0.0
  0
LINE
  5
3D9
330
17
100
AcDbEntity
  8
0
100
AcDbLine
 10
788.711999999998
 20
-428.9890000000035
 30
0.0
 11
788.756999999998
 21
-429.0040000000035
 31
0.0
  0
LINE
  5
3DA
330
17
100
AcDbEntity
  8
0
100
AcDbLine
 10
788.756999999998
 20
-429.0040000000035
 30
0.0
 11
788.805999999998
 21
-429.0160000000035
 31
0.0
  0
LINE
  5
3DB
330
17
100
AcDbEntity
  8
0
100
AcDbLine
 10
788.805999999998
 20
-429.0160000000035
 30
0.0
 11
788.860999999998
 21
-429.02400000000347
 31
0.0
  0
LINE
  5
3DC
330
17
100
AcDbEntity
  8
0
100
AcDbLine
 10
788.860999999998
 20
-429.02400000000347
 30
0.0
 11
788.922999999998
 21
-429.0280000000035
 31
0.0
  0
LINE
  5
3DD
330
17
100
AcDbEntity
  8
0
100
AcDbLine
 10
788.922999999998
 20
-429.0280000000035
 30
0.0
 11
788.993999999998
 21
-429.02900000000346
 31
0.0
  0
LINE
  5
3DE
330
17
100
AcDbEntity
  8
0
100
AcDbLine
 10
788.993999999998
 20
-429.02900000000346
 30
0.0
 11
789.073999999998
 21
-429.0260000000035
 31
0.0
  0
LINE
  5
3DF
330
17
100
AcDbEntity
  8
0
100
AcDbLine
 10
789.073999999998
 20
-429.0260000000035
 30
0.0
 11
790.6109999999981
 21
-428.9420000000035
 31
0.0
  0
LINE
  5
3E0
330
17
100
AcDbEntity
  8
0
100
AcDbLine
 10
790.6109999999981
 20
-428.9420000000035
 30
0.0
 11
792.125999999998
 21
-428.8670000000035
 31
0.0
  0
LINE
  5
3E1
330
17
100
AcDbEntity
  8
0
100
AcDbLine
 10
792.125999999998
 20
-428.8670000000035
 30
0.0
 11
793.615999999998
 21
-428.8000000000035
 31
0.0
  0
LINE
  5
3E2
330
17
100
AcDbEntity
  8
0
100
AcDbLine
 10
793.615999999998
 20
-428.8000000000035
 30
0.0
 11
795.0799999999981
 21
-428.74100000000345
 31
0.0
  0
LINE
  5
3E3
330
17
100
AcDbEntity
  8
0
100
AcDbLine
 10
795.0799999999981
 20
-428.74100000000345
 30
0.0
 11
796.514999999998
 21
-428.68900000000343
 31
0.0
  0
LINE
  5
3E4
330
17
100
AcDbEntity
  8
0
100
AcDbLine
 10
796.514999999998
 20
-428.68900000000343
 30
0.0
 11
797.918999999998
 21
-428.6440000000034
 31
0.0
  0
LINE
  5
3E5
330
17
100
AcDbEntity
  8
0
100
AcDbLine
 10
797.918999999998
 20
-428.6440000000034
 30
0.0
 11
799.290999999998
 21
-428.6060000000034
 31
0.0
  0
LINE
  5
3E6
330
17
100
AcDbEntity
  8
0
100
AcDbLine
 10
799.290999999998
 20
-428.6060000000034
 30
0.0
 11
800.627999999998
 21
-428.5740000000034
 31
0.0
  0
LINE
  5
3E7
330
17
100
AcDbEntity
  8
0
100
AcDbLine
 10
800.627999999998
 20
-428.5740000000034
 30
0.0
 11
801.927999999998
 21
-428.5480000000034
 31
0.0
  0
LINE
  5
3E8
330
17
100
AcDbEntity
  8
0
100
AcDbLine
 10
801.927999999998
 20
-428.5480000000034
 30
0.0
 11
803.1889999999979
 21
-428.5270000000034
 31
0.0
  0
LINE
  5
3E9
330
17
100
AcDbEntity
  8
0
100
AcDbLine
 10
803.1889999999979
 20
-428.5270000000034
 30
0.0
 11
804.408999999998
 21
-428.5110000000034
 31
0.0
  0
LINE
  5
3EA
330
17
100
AcDbEntity
  8
0
100
AcDbLine
 10
804.408999999998
 20
-428.5110000000034
 30
0.0
 11
805.585999999998
 21
-428.50000000000335
 31
0.0
  0
LINE
  5
3EB
330
17
100
AcDbEntity
  8
0
100
AcDbLine
 10
805.585999999998
 20
-428.50000000000335
 30
0.0
 11
806.7179999999979
 21
-428.49300000000335
 31
0.0
  0
LINE
  5
3EC
330
17
100
AcDbEntity
  8
0
100
AcDbLine
 10
806.7179999999979
 20
-428.49300000000335
 30
0.0
 11
807.802999999998
 21
-428.49000000000336
 31
0.0
  0
LINE
  5
3ED
330
17
100
AcDbEntity
  8
0
100
AcDbLine
 10
807.802999999998
 20
-428.49000000000336
 30
0.0
 11
808.8389999999979
 21
-428.49000000000336
 31
0.0
  0
LINE
  5
3EE
330
17
100
AcDbEntity
  8
0
100
AcDbLine
 10
808.8389999999979
 20
-428.49000000000336
 30
0.0
 11
809.8229999999979
 21
-428.49300000000335
 31
0.0
  0
LINE
  5
3EF
330
17
100
AcDbEntity
  8
0
100
AcDbLine
 10
809.8229999999979
 20
-428.49300000000335
 30
0.0
 11
810.470999999998
 21
-428.47700000000333
 31
0.0
  0
LINE
  5
3F0
330
17
100
AcDbEntity
  8
0
100
AcDbLine
 10
810.470999999998
 20
-428.47700000000333
 30
0.0
 11
811.112999999998
 21
-428.4220000000033
 31
0.0
  0
LINE
  5
3F1
330
17
100
AcDbEntity
  8
0
100
AcDbLine
 10
811.112999999998
 20
-428.4220000000033
 30
0.0
 11
811.746999999998
 21
-428.33000000000334
 31
0.0
  0
LINE
  5
3F2
330
17
100
AcDbEntity
  8
0
100
AcDbLine
 10
811.746999999998
 20
-428.33000000000334
 30
0.0
 11
812.371999999998
 21
-428.2010000000033
 31
0.0
  0
LINE
  5
3F3
330
17
100
AcDbEntity
  8
0
100
AcDbLine
 10
812.371999999998
 20
-428.2010000000033
 30
0.0
 11
812.9859999999981
 21
-428.0360000000033
 31
0.0
  0
LINE
  5
3F4
330
17
100
AcDbEntity
  8
0
100
AcDbLine
 10
812.9859999999981
 20
-428.0360000000033
 30
0.0
 11
813.587999999998
 21
-427.8360000000033
 31
0.0
  0
LINE
  5
3F5
330
17
100
AcDbEntity
  8
0
100
AcDbLine
 10
813.587999999998
 20
-427.8360000000033
 30
0.0
 11
814.1769999999981
 21
-427.60200000000333
 31
0.0
  0
LINE
  5
3F6
330
17
100
AcDbEntity
  8
0
100
AcDbLine
 10
814.1769999999981
 20
-427.60200000000333
 30
0.0
 11
814.750999999998
 21
-427.33400000000336
 31
0.0
  0
LINE
  5
3F7
330
17
100
AcDbEntity
  8
0
100
AcDbLine
 10
814.750999999998
 20
-427.33400000000336
 30
0.0
 11
815.308999999998
 21
-427.03400000000335
 31
0.0
  0
LINE
  5
3F8
330
17
100
AcDbEntity
  8
0
100
AcDbLine
 10
815.308999999998
 20
-427.03400000000335
 30
0.0
 11
815.848999999998
 21
-426.70200000000335
 31
0.0
  0
LINE
  5
3F9
330
17
100
AcDbEntity
  8
0
100
AcDbLine
 10
815.848999999998
 20
-426.70200000000335
 30
0.0
 11
816.369999999998
 21
-426.33900000000335
 31
0.0
  0
LINE
  5
3FA
330
17
100
AcDbEntity
  8
0
100
AcDbLine
 10
816.369999999998
 20
-426.33900000000335
 30
0.0
 11
816.869999999998
 21
-425.94500000000335
 31
0.0
  0
LINE
  5
3FB
330
17
100
AcDbEntity
  8
0
100
AcDbLine
 10
816.869999999998
 20
-425.94500000000335
 30
0.0
 11
817.3479999999979
 21
-425.52100000000337
 31
0.0
  0
LINE
  5
3FC
330
17
100
AcDbEntity
  8
0
100
AcDbLine
 10
817.3479999999979
 20
-425.52100000000337
 30
0.0
 11
817.802999999998
 21
-425.06900000000337
 31
0.0
  0
LINE
  5
3FD
330
17
100
AcDbEntity
  8
0
100
AcDbLine
 10
817.802999999998
 20
-425.06900000000337
 30
0.0
 11
818.2329999999979
 21
-424.58900000000335
 31
0.0
  0
LINE
  5
3FE
330
17
100
AcDbEntity
  8
0
100
AcDbLine
 10
818.2329999999979
 20
-424.58900000000335
 30
0.0
 11
818.6369999999979
 21
-424.08100000000337
 31
0.0
  0
LINE
  5
3FF
330
17
100
AcDbEntity
  8
0
100
AcDbLine
 10
818.6369999999979
 20
-424.08100000000337
 30
0.0
 11
819.3949999999979
 21
-423.07200000000336
 31
0.0
  0
LINE
  5
400
330
17
100
AcDbEntity
  8
0
100
AcDbLine
 10
819.3949999999979
 20
-423.07200000000336
 30
0.0
 11
820.132999999998
 21
-422.09800000000337
 31
0.0
  0
LINE
  5
401
330
17
100
AcDbEntity
  8
0
100
AcDbLine
 10
820.132999999998
 20
-422.09800000000337
 30
0.0
 11
820.851999999998
 21
-421.16100000000336
 31
0.0
  0
LINE
  5
402
330
17
100
AcDbEntity
  8
0
100
AcDbLine
 10
820.851999999998
 20
-421.16100000000336
 30
0.0
 11
821.5529999999981
 21
-420.26300000000333
 31
0.0
  0
LINE
  5
403
330
17
100
AcDbEntity
  8
0
100
AcDbLine
 10
821.5529999999981
 20
-420.26300000000333
 30
0.0
 11
822.236999999998
 21
-419.4050000000033
 31
0.0
  0
LINE
  5
404
330
17
100
AcDbEntity
  8
0
100
AcDbLine
 10
822.236999999998
 20
-419.4050000000033
 30
0.0
 11
822.9039999999981
 21
-418.58900000000335
 31
0.0
  0
LINE
  5
405
330
17
100
AcDbEntity
  8
0
100
AcDbLine
 10
822.9039999999981
 20
-418.58900000000335
 30
0.0
 11
823.554999999998
 21
-417.8160000000033
 31
0.0
  0
LINE
  5
406
330
17
100
AcDbEntity
  8
0
100
AcDbLine
 10
823.554999999998
 20
-417.8160000000033
 30
0.0
 11
824.190999999998
 21
-417.0880000000033
 31
0.0
  0
LINE
  5
407
330
17
100
AcDbEntity
  8
0
100
AcDbLine
 10
824.190999999998
 20
-417.0880000000033
 30
0.0
 11
824.8129999999979
 21
-416.40700000000334
 31
0.0
  0
LINE
  5
408
330
17
100
AcDbEntity
  8
0
100
AcDbLine
 10
824.8129999999979
 20
-416.40700000000334
 30
0.0
 11
825.421999999998
 21
-415.77400000000335
 31
0.0
  0
LINE
  5
409
330
17
100
AcDbEntity
  8
0
100
AcDbLine
 10
825.421999999998
 20
-415.77400000000335
 30
0.0
 11
826.017999999998
 21
-415.19000000000335
 31
0.0
  0
LINE
  5
40A
330
17
100
AcDbEntity
  8
0
100
AcDbLine
 10
826.017999999998
 20
-415.19000000000335
 30
0.0
 11
826.6019999999979
 21
-414.65800000000337
 31
0.0
  0
LINE
  5
40B
330
17
100
AcDbEntity
  8
0
100
AcDbLine
 10
826.6019999999979
 20
-414.65800000000337
 30
0.0
 11
827.1749999999979
 21
-414.1790000000034
 31
0.0
  0
LINE
  5
40C
330
17
100
AcDbEntity
  8
0
100
AcDbLine
 10
827.1749999999979
 20
-414.1790000000034
 30
0.0
 11
827.7379999999979
 21
-413.7540000000034
 31
0.0
  0
LINE
  5
40D
330
17
100
AcDbEntity
  8
0
100
AcDbLine
 10
827.7379999999979
 20
-413.7540000000034
 30
0.0
 11
828.2909999999979
 21
-413.38500000000334
 31
0.0
  0
LINE
  5
40E
330
17
100
AcDbEntity
  8
0
100
AcDbLine
 10
828.2909999999979
 20
-413.38500000000334
 30
0.0
 11
828.8349999999979
 21
-413.07400000000337
 31
0.0
  0
LINE
  5
40F
330
17
100
AcDbEntity
  8
0
100
AcDbLine
 10
828.8349999999979
 20
-413.07400000000337
 30
0.0
 11
829.2119999999978
 21
-412.86600000000334
 31
0.0
  0
LINE
  5
410
330
17
100
AcDbEntity
  8
0
100
AcDbLine
 10
829.2119999999978
 20
-412.86600000000334
 30
0.0
 11
829.5769999999978
 21
-412.6410000000033
 31
0.0
  0
LINE
  5
411
330
17
100
AcDbEntity
  8
0
100
AcDbLine
 10
829.5769999999978
 20
-412.6410000000033
 30
0.0
 11
829.9289999999978
 21
-412.40000000000333
 31
0.0
  0
LINE
  5
412
330
17
100
AcDbEntity
  8
0
100
AcDbLine
 10
829.9289999999978
 20
-412.40000000000333
 30
0.0
 11
830.2669999999978
 21
-412.1430000000033
 31
0.0
  0
LINE
  5
413
330
17
100
AcDbEntity
  8
0
100
AcDbLine
 10
830.2669999999978
 20
-412.1430000000033
 30
0.0
 11
830.5909999999977
 21
-411.8700000000033
 31
0.0
  0
LINE
  5
414
330
17
100
AcDbEntity
  8
0
100
AcDbLine
 10
830.5909999999977
 20
-411.8700000000033
 30
0.0
 11
830.8999999999977
 21
-411.5820000000033
 31
0.0
  0
LINE
  5
415
330
17
100
AcDbEntity
  8
0
100
AcDbLine
 10
830.8999999999977
 20
-411.5820000000033
 30
0.0
 11
831.1929999999977
 21
-411.28000000000327
 31
0.0
  0
LINE
  5
416
330
17
100
AcDbEntity
  8
0
100
AcDbLine
 10
831.1929999999977
 20
-411.28000000000327
 30
0.0
 11
831.4689999999977
 21
-410.9640000000033
 31
0.0
  0
LINE
  5
417
330
17
100
AcDbEntity
  8
0
100
AcDbLine
 10
831.4689999999977
 20
-410.9640000000033
 30
0.0
 11
831.7279999999977
 21
-410.6340000000033
 31
0.0
  0
LINE
  5
418
330
17
100
AcDbEntity
  8
0
100
AcDbLine
 10
831.7279999999977
 20
-410.6340000000033
 30
0.0
 11
831.9689999999977
 21
-410.2910000000033
 31
0.0
  0
LINE
  5
419
330
17
100
AcDbEntity
  8
0
100
AcDbLine
 10
831.9689999999977
 20
-410.2910000000033
 30
0.0
 11
832.1909999999976
 21
-409.9350000000033
 31
0.0
  0
LINE
  5
41A
330
17
100
AcDbEntity
  8
0
100
AcDbLine
 10
832.1909999999976
 20
-409.9350000000033
 30
0.0
 11
832.3929999999976
 21
-409.5670000000033
 31
0.0
  0
LINE
  5
41B
330
17
100
AcDbEntity
  8
0
100
AcDbLine
 10
832.3929999999976
 20
-409.5670000000033
 30
0.0
 11
832.5749999999977
 21
-409.1870000000033
 31
0.0
  0
LINE
  5
41C
330
17
100
AcDbEntity
  8
0
100
AcDbLine
 10
832.5749999999977
 20
-409.1870000000033
 30
0.0
 11
832.7349999999976
 21
-408.7950000000033
 31
0.0
  0
LINE
  5
41D
330
17
100
AcDbEntity
  8
0
100
AcDbLine
 10
832.7349999999976
 20
-408.7950000000033
 30
0.0
 11
832.8729999999977
 21
-408.3920000000033
 31
0.0
  0
LINE
  5
41E
330
17
100
AcDbEntity
  8
0
100
AcDbLine
 10
832.8729999999977
 20
-408.3920000000033
 30
0.0
 11
832.9889999999976
 21
-407.9780000000033
 31
0.0
  0
LINE
  5
41F
330
17
100
AcDbEntity
  8
0
100
AcDbLine
 10
832.9889999999976
 20
-407.9780000000033
 30
0.0
 11
833.3849999999976
 21
-406.3450000000033
 31
0.0
  0
LINE
  5
420
330
17
100
AcDbEntity
  8
0
100
AcDbLine
 10
833.3849999999976
 20
-406.3450000000033
 30
0.0
 11
833.7809999999976
 21
-404.71200000000334
 31
0.0
  0
LINE
  5
421
330
17
100
AcDbEntity
  8
0
100
AcDbLine
 10
833.7809999999976
 20
-404.71200000000334
 30
0.0
 11
834.1769999999975
 21
-403.07900000000336
 31
0.0
  0
LINE
  5
422
330
17
100
AcDbEntity
  8
0
100
AcDbLine
 10
834.1769999999975
 20
-403.07900000000336
 30
0.0
 11
834.5729999999975
 21
-401.4460000000034
 31
0.0
  0
LINE
  5
423
330
17
100
AcDbEntity
  8
0
100
AcDbLine
 10
834.5729999999975
 20
-401.4460000000034
 30
0.0
 11
834.9689999999974
 21
-399.8130000000034
 31
0.0
  0
LINE
  5
424
330
17
100
AcDbEntity
  8
0
100
AcDbLine
 10
834.9689999999974
 20
-399.8130000000034
 30
0.0
 11
835.3649999999974
 21
-398.1800000000034
 31
0.0
  0
LINE
  5
425
330
17
100
AcDbEntity
  8
0
100
AcDbLine
 10
835.3649999999974
 20
-398.1800000000034
 30
0.0
 11
835.7609999999974
 21
-396.54700000000344
 31
0.0
  0
LINE
  5
426
330
17
100
AcDbEntity
  8
0
100
AcDbLine
 10
835.7609999999974
 20
-396.54700000000344
 30
0.0
 11
836.1569999999973
 21
-394.91400000000345
 31
0.0
  0
LINE
  5
427
330
17
100
AcDbEntity
  8
0
100
AcDbLine
 10
836.1569999999973
 20
-394.91400000000345
 30
0.0
 11
836.5529999999973
 21
-393.2810000000035
 31
0.0
  0
LINE
  5
428
330
17
100
AcDbEntity
  8
0
100
AcDbLine
 10
836.5529999999973
 20
-393.2810000000035
 30
0.0
 11
836.9489999999972
 21
-391.6480000000035
 31
0.0
  0
LINE
  5
429
330
17
100
AcDbEntity
  8
0
100
AcDbLine
 10
836.9489999999972
 20
-391.6480000000035
 30
0.0
 11
837.3449999999972
 21
-390.0150000000035
 31
0.0
  0
LINE
  5
42A
330
17
100
AcDbEntity
  8
0
100
AcDbLine
 10
837.3449999999972
 20
-390.0150000000035
 30
0.0
 11
837.7409999999971
 21
-388.38200000000353
 31
0.0
  0
LINE
  5
42B
330
17
100
AcDbEntity
  8
0
100
AcDbLine
 10
837.7409999999971
 20
-388.38200000000353
 30
0.0
 11
838.1369999999971
 21
-386.74900000000355
 31
0.0
  0
LINE
  5
42C
330
17
100
AcDbEntity
  8
0
100
AcDbLine
 10
838.1369999999971
 20
-386.74900000000355
 30
0.0
 11
838.5329999999971
 21
-385.11600000000357
 31
0.0
  0
LINE
  5
42D
330
17
100
AcDbEntity
  8
0
100
AcDbLine
 10
838.5329999999971
 20
-385.11600000000357
 30
0.0
 11
838.928999999997
 21
-383.4830000000036
 31
0.0
  0
LINE
  5
42E
330
17
100
AcDbEntity
  8
0
100
AcDbLine
 10
838.928999999997
 20
-383.4830000000036
 30
0.0
 11
839.324999999997
 21
-381.8500000000036
 31
0.0
  0
LINE
  5
42F
330
17
100
AcDbEntity
  8
0
100
AcDbLine
 10
839.324999999997
 20
-381.8500000000036
 30
0.0
 11
839.868999999997
 21
-380.1410000000036
 31
0.0
  0
LINE
  5
430
330
17
100
AcDbEntity
  8
0
100
AcDbLine
 10
839.868999999997
 20
-380.1410000000036
 30
0.0
 11
840.233999999997
 21
-378.5540000000036
 31
0.0
  0
LINE
  5
431
330
17
100
AcDbEntity
  8
0
100
AcDbLine
 10
840.233999999997
 20
-378.5540000000036
 30
0.0
 11
840.423999999997
 21
-377.0860000000036
 31
0.0
  0
LINE
  5
432
330
17
100
AcDbEntity
  8
0
100
AcDbLine
 10
840.423999999997
 20
-377.0860000000036
 30
0.0
 11
840.441999999997
 21
-375.7350000000036
 31
0.0
  0
LINE
  5
433
330
17
100
AcDbEntity
  8
0
100
AcDbLine
 10
840.441999999997
 20
-375.7350000000036
 30
0.0
 11
840.2919999999971
 21
-374.4980000000036
 31
0.0
  0
LINE
  5
434
330
17
100
AcDbEntity
  8
0
100
AcDbLine
 10
840.2919999999971
 20
-374.4980000000036
 30
0.0
 11
839.976999999997
 21
-373.3730000000036
 31
0.0
  0
LINE
  5
435
330
17
100
AcDbEntity
  8
0
100
AcDbLine
 10
839.976999999997
 20
-373.3730000000036
 30
0.0
 11
839.500999999997
 21
-372.3580000000036
 31
0.0
  0
LINE
  5
436
330
17
100
AcDbEntity
  8
0
100
AcDbLine
 10
839.500999999997
 20
-372.3580000000036
 30
0.0
 11
838.866999999997
 21
-371.45000000000357
 31
0.0
  0
LINE
  5
437
330
17
100
AcDbEntity
  8
0
100
AcDbLine
 10
838.866999999997
 20
-371.45000000000357
 30
0.0
 11
838.078999999997
 21
-370.6470000000036
 31
0.0
  0
LINE
  5
438
330
17
100
AcDbEntity
  8
0
100
AcDbLine
 10
838.078999999997
 20
-370.6470000000036
 30
0.0
 11
837.139999999997
 21
-369.94600000000355
 31
0.0
  0
LINE
  5
439
330
17
100
AcDbEntity
  8
0
100
AcDbLine
 10
837.139999999997
 20
-369.94600000000355
 30
0.0
 11
836.053999999997
 21
-369.34500000000355
 31
0.0
  0
LINE
  5
43A
330
17
100
AcDbEntity
  8
0
100
AcDbLine
 10
836.053999999997
 20
-369.34500000000355
 30
0.0
 11
834.823999999997
 21
-368.84200000000357
 31
0.0
  0
LINE
  5
43B
330
17
100
AcDbEntity
  8
0
100
AcDbLine
 10
834.823999999997
 20
-368.84200000000357
 30
0.0
 11
833.453999999997
 21
-368.43400000000355
 31
0.0
  0
LINE
  5
43C
330
17
100
AcDbEntity
  8
0
100
AcDbLine
 10
833.453999999997
 20
-368.43400000000355
 30
0.0
 11
831.946999999997
 21
-368.1180000000036
 31
0.0
  0
LINE
  5
43D
330
17
100
AcDbEntity
  8
0
100
AcDbLine
 10
831.946999999997
 20
-368.1180000000036
 30
0.0
 11
830.3059999999971
 21
-367.89300000000355
 31
0.0
  0
LINE
  5
43E
330
17
100
AcDbEntity
  8
0
100
AcDbLine
 10
830.3059999999971
 20
-367.89300000000355
 30
0.0
 11
828.5349999999971
 21
-367.75600000000355
 31
0.0
  0
LINE
  5
43F
330
17
100
AcDbEntity
  8
0
100
AcDbLine
 10
804.1769999999972
 20
-451.23600000000357
 30
0.0
 11
803.9049999999971
 21
-450.4900000000036
 31
0.0
  0
LINE
  5
440
330
17
100
AcDbEntity
  8
0
100
AcDbLine
 10
803.9049999999971
 20
-450.4900000000036
 30
0.0
 11
803.5789999999971
 21
-449.7710000000036
 31
0.0
  0
LINE
  5
441
330
17
100
AcDbEntity
  8
0
100
AcDbLine
 10
803.5789999999971
 20
-449.7710000000036
 30
0.0
 11
803.2009999999971
 21
-449.0810000000036
 31
0.0
  0
LINE
  5
442
330
17
100
AcDbEntity
  8
0
100
AcDbLine
 10
803.2009999999971
 20
-449.0810000000036
 30
0.0
 11
802.774999999997
 21
-448.4200000000036
 31
0.0
  0
LINE
  5
443
330
17
100
AcDbEntity
  8
0
100
AcDbLine
 10
802.774999999997
 20
-448.4200000000036
 30
0.0
 11
802.303999999997
 21
-447.7880000000036
 31
0.0
  0
LINE
  5
444
330
17
100
AcDbEntity
  8
0
100
AcDbLine
 10
802.303999999997
 20
-447.7880000000036
 30
0.0
 11
801.7919999999971
 21
-447.1860000000036
 31
0.0
  0
LINE
  5
445
330
17
100
AcDbEntity
  8
0
100
AcDbLine
 10
801.7919999999971
 20
-447.1860000000036
 30
0.0
 11
801.240999999997
 21
-446.6150000000036
 31
0.0
  0
LINE
  5
446
330
17
100
AcDbEntity
  8
0
100
AcDbLine
 10
801.240999999997
 20
-446.6150000000036
 30
0.0
 11
800.654999999997
 21
-446.07500000000357
 31
0.0
  0
LINE
  5
447
330
17
100
AcDbEntity
  8
0
100
AcDbLine
 10
800.654999999997
 20
-446.07500000000357
 30
0.0
 11
800.035999999997
 21
-445.5670000000036
 31
0.0
  0
LINE
  5
448
330
17
100
AcDbEntity
  8
0
100
AcDbLine
 10
800.035999999997
 20
-445.5670000000036
 30
0.0
 11
799.387999999997
 21
-445.0910000000036
 31
0.0
  0
LINE
  5
449
330
17
100
AcDbEntity
  8
0
100
AcDbLine
 10
799.387999999997
 20
-445.0910000000036
 30
0.0
 11
798.714999999997
 21
-444.6480000000036
 31
0.0
  0
LINE
  5
44A
330
17
100
AcDbEntity
  8
0
100
AcDbLine
 10
798.714999999997
 20
-444.6480000000036
 30
0.0
 11
798.0189999999969
 21
-444.2380000000036
 31
0.0
  0
LINE
  5
44B
330
17
100
AcDbEntity
  8
0
100
AcDbLine
 10
798.0189999999969
 20
-444.2380000000036
 30
0.0
 11
797.3039999999969
 21
-443.8620000000036
 31
0.0
  0
LINE
  5
44C
330
17
100
AcDbEntity
  8
0
100
AcDbLine
 10
797.3039999999969
 20
-443.8620000000036
 30
0.0
 11
796.5729999999969
 21
-443.5200000000036
 31
0.0
  0
LINE
  5
44D
330
17
100
AcDbEntity
  8
0
100
AcDbLine
 10
796.5729999999969
 20
-443.5200000000036
 30
0.0
 11
795.8289999999969
 21
-443.2130000000036
 31
0.0
  0
LINE
  5
44E
330
17
100
AcDbEntity
  8
0
100
AcDbLine
 10
795.8289999999969
 20
-443.2130000000036
 30
0.0
 11
795.0749999999969
 21
-442.9410000000036
 31
0.0
  0
LINE
  5
44F
330
17
100
AcDbEntity
  8
0
100
AcDbLine
 10
795.0749999999969
 20
-442.9410000000036
 30
0.0
 11
794.5479999999968
 21
-442.77200000000363
 31
0.0
  0
LINE
  5
450
330
17
100
AcDbEntity
  8
0
100
AcDbLine
 10
794.5479999999968
 20
-442.77200000000363
 30
0.0
 11
794.0179999999968
 21
-442.61700000000366
 31
0.0
  0
LINE
  5
451
330
17
100
AcDbEntity
  8
0
100
AcDbLine
 10
794.0179999999968
 20
-442.61700000000366
 30
0.0
 11
793.4849999999968
 21
-442.47600000000364
 31
0.0
  0
LINE
  5
452
330
17
100
AcDbEntity
  8
0
100
AcDbLine
 10
793.4849999999968
 20
-442.47600000000364
 30
0.0
 11
792.9489999999969
 21
-442.3470000000036
 31
0.0
  0
LINE
  5
453
330
17
100
AcDbEntity
  8
0
100
AcDbLine
 10
792.9489999999969
 20
-442.3470000000036
 30
0.0
 11
792.4109999999969
 21
-442.23100000000363
 31
0.0
  0
LINE
  5
454
330
17
100
AcDbEntity
  8
0
100
AcDbLine
 10
792.4109999999969
 20
-442.23100000000363
 30
0.0
 11
791.8699999999968
 21
-442.1260000000036
 31
0.0
  0
LINE
  5
455
330
17
100
AcDbEntity
  8
0
100
AcDbLine
 10
791.8699999999968
 20
-442.1260000000036
 30
0.0
 11
791.3269999999968
 21
-442.0320000000036
 31
0.0
  0
LINE
  5
456
330
17
100
AcDbEntity
  8
0
100
AcDbLine
 10
791.3269999999968
 20
-442.0320000000036
 30
0.0
 11
790.7819999999969
 21
-441.9480000000036
 31
0.0
  0
LINE
  5
457
330
17
100
AcDbEntity
  8
0
100
AcDbLine
 10
790.7819999999969
 20
-441.9480000000036
 30
0.0
 11
790.2349999999968
 21
-441.8740000000036
 31
0.0
  0
LINE
  5
458
330
17
100
AcDbEntity
  8
0
100
AcDbLine
 10
790.2349999999968
 20
-441.8740000000036
 30
0.0
 11
789.6859999999969
 21
-441.8090000000036
 31
0.0
  0
LINE
  5
459
330
17
100
AcDbEntity
  8
0
100
AcDbLine
 10
789.6859999999969
 20
-441.8090000000036
 30
0.0
 11
789.1349999999968
 21
-441.7520000000036
 31
0.0
  0
LINE
  5
45A
330
17
100
AcDbEntity
  8
0
100
AcDbLine
 10
789.1349999999968
 20
-441.7520000000036
 30
0.0
 11
788.5829999999968
 21
-441.7030000000036
 31
0.0
  0
LINE
  5
45B
330
17
100
AcDbEntity
  8
0
100
AcDbLine
 10
788.5829999999968
 20
-441.7030000000036
 30
0.0
 11
788.0299999999968
 21
-441.66100000000364
 31
0.0
  0
LINE
  5
45C
330
17
100
AcDbEntity
  8
0
100
AcDbLine
 10
788.0299999999968
 20
-441.66100000000364
 30
0.0
 11
787.4759999999968
 21
-441.62500000000364
 31
0.0
  0
LINE
  5
45D
330
17
100
AcDbEntity
  8
0
100
AcDbLine
 10
787.4759999999968
 20
-441.62500000000364
 30
0.0
 11
786.9209999999969
 21
-441.59500000000367
 31
0.0
  0
LINE
  5
45E
330
17
100
AcDbEntity
  8
0
100
AcDbLine
 10
786.9209999999969
 20
-441.59500000000367
 30
0.0
 11
786.3659999999969
 21
-441.5700000000037
 31
0.0
  0
LINE
  5
45F
330
17
100
AcDbEntity
  8
0
100
AcDbLine
 10
786.3659999999969
 20
-441.5700000000037
 30
0.0
 11
785.9679999999969
 21
-442.0910000000037
 31
0.0
  0
LINE
  5
460
330
17
100
AcDbEntity
  8
0
100
AcDbLine
 10
785.9679999999969
 20
-442.0910000000037
 30
0.0
 11
785.5409999999969
 21
-442.5900000000037
 31
0.0
  0
LINE
  5
461
330
17
100
AcDbEntity
  8
0
100
AcDbLine
 10
785.5409999999969
 20
-442.5900000000037
 30
0.0
 11
785.0839999999969
 21
-443.06500000000375
 31
0.0
  0
LINE
  5
462
330
17
100
AcDbEntity
  8
0
100
AcDbLine
 10
785.0839999999969
 20
-443.06500000000375
 30
0.0
 11
784.5979999999969
 21
-443.51500000000374
 31
0.0
  0
LINE
  5
463
330
17
100
AcDbEntity
  8
0
100
AcDbLine
 10
784.5979999999969
 20
-443.51500000000374
 30
0.0
 11
784.0819999999969
 21
-443.93800000000374
 31
0.0
  0
LINE
  5
464
330
17
100
AcDbEntity
  8
0
100
AcDbLine
 10
784.0819999999969
 20
-443.93800000000374
 30
0.0
 11
783.536999999997
 21
-444.3330000000037
 31
0.0
  0
LINE
  5
465
330
17
100
AcDbEntity
  8
0
100
AcDbLine
 10
783.536999999997
 20
-444.3330000000037
 30
0.0
 11
782.9619999999969
 21
-444.69800000000373
 31
0.0
  0
LINE
  5
466
330
17
100
AcDbEntity
  8
0
100
AcDbLine
 10
782.9619999999969
 20
-444.69800000000373
 30
0.0
 11
782.3579999999969
 21
-445.03100000000376
 31
0.0
  0
LINE
  5
467
330
17
100
AcDbEntity
  8
0
100
AcDbLine
 10
782.3579999999969
 20
-445.03100000000376
 30
0.0
 11
781.7239999999969
 21
-445.33100000000377
 31
0.0
  0
LINE
  5
468
330
17
100
AcDbEntity
  8
0
100
AcDbLine
 10
781.7239999999969
 20
-445.33100000000377
 30
0.0
 11
781.0609999999969
 21
-445.59600000000376
 31
0.0
  0
LINE
  5
469
330
17
100
AcDbEntity
  8
0
100
AcDbLine
 10
781.0609999999969
 20
-445.59600000000376
 30
0.0
 11
780.3679999999969
 21
-445.82500000000374
 31
0.0
  0
LINE
  5
46A
330
17
100
AcDbEntity
  8
0
100
AcDbLine
 10
780.3679999999969
 20
-445.82500000000374
 30
0.0
 11
779.6459999999969
 21
-446.0160000000037
 31
0.0
  0
LINE
  5
46B
330
17
100
AcDbEntity
  8
0
100
AcDbLine
 10
779.6459999999969
 20
-446.0160000000037
 30
0.0
 11
778.8939999999969
 21
-446.1670000000037
 31
0.0
  0
LINE
  5
46C
330
17
100
AcDbEntity
  8
0
100
AcDbLine
 10
778.8939999999969
 20
-446.1670000000037
 30
0.0
 11
778.112999999997
 21
-446.27700000000374
 31
0.0
  0
LINE
  5
46D
330
17
100
AcDbEntity
  8
0
100
AcDbLine
 10
778.112999999997
 20
-446.27700000000374
 30
0.0
 11
777.301999999997
 21
-446.34400000000375
 31
0.0
  0
LINE
  5
46E
330
17
100
AcDbEntity
  8
0
100
AcDbLine
 10
777.301999999997
 20
-446.34400000000375
 30
0.0
 11
776.460999999997
 21
-446.36700000000377
 31
0.0
  0
LINE
  5
46F
330
17
100
AcDbEntity
  8
0
100
AcDbLine
 10
776.460999999997
 20
-446.36700000000377
 30
0.0
 11
775.607999999997
 21
-446.34400000000375
 31
0.0
  0
LINE
  5
470
330
17
100
AcDbEntity
  8
0
100
AcDbLine
 10
775.607999999997
 20
-446.34400000000375
 30
0.0
 11
774.785999999997
 21
-446.27500000000373
 31
0.0
  0
LINE
  5
471
330
17
100
AcDbEntity
  8
0
100
AcDbLine
 10
774.785999999997
 20
-446.27500000000373
 30
0.0
 11
773.993999999997
 21
-446.16200000000373
 31
0.0
  0
LINE
  5
472
330
17
100
AcDbEntity
  8
0
100
AcDbLine
 10
773.993999999997
 20
-446.16200000000373
 30
0.0
 11
773.232999999997
 21
-446.00700000000376
 31
0.0
  0
LINE
  5
473
330
17
100
AcDbEntity
  8
0
100
AcDbLine
 10
773.232999999997
 20
-446.00700000000376
 30
0.0
 11
772.501999999997
 21
-445.81200000000376
 31
0.0
  0
LINE
  5
474
330
17
100
AcDbEntity
  8
0
100
AcDbLine
 10
772.501999999997
 20
-445.81200000000376
 30
0.0
 11
771.800999999997
 21
-445.5780000000038
 31
0.0
  0
LINE
  5
475
330
17
100
AcDbEntity
  8
0
100
AcDbLine
 10
771.800999999997
 20
-445.5780000000038
 30
0.0
 11
771.130999999997
 21
-445.30700000000377
 31
0.0
  0
LINE
  5
476
330
17
100
AcDbEntity
  8
0
100
AcDbLine
 10
771.130999999997
 20
-445.30700000000377
 30
0.0
 11
770.490999999997
 21
-445.00000000000375
 31
0.0
  0
LINE
  5
477
330
17
100
AcDbEntity
  8
0
100
AcDbLine
 10
770.490999999997
 20
-445.00000000000375
 30
0.0
 11
769.881999999997
 21
-444.65900000000374
 31
0.0
  0
LINE
  5
478
330
17
100
AcDbEntity
  8
0
100
AcDbLine
 10
769.881999999997
 20
-444.65900000000374
 30
0.0
 11
769.302999999997
 21
-444.28600000000375
 31
0.0
  0
LINE
  5
479
330
17
100
AcDbEntity
  8
0
100
AcDbLine
 10
769.302999999997
 20
-444.28600000000375
 30
0.0
 11
768.7539999999971
 21
-443.88200000000376
 31
0.0
  0
LINE
  5
47A
330
17
100
AcDbEntity
  8
0
100
AcDbLine
 10
768.7539999999971
 20
-443.88200000000376
 30
0.0
 11
768.235999999997
 21
-443.44900000000376
 31
0.0
  0
LINE
  5
47B
330
17
100
AcDbEntity
  8
0
100
AcDbLine
 10
768.235999999997
 20
-443.44900000000376
 30
0.0
 11
767.747999999997
 21
-442.9890000000038
 31
0.0
  0
LINE
  5
47C
330
17
100
AcDbEntity
  8
0
100
AcDbLine
 10
767.747999999997
 20
-442.9890000000038
 30
0.0
 11
767.289999999997
 21
-442.5030000000038
 31
0.0
  0
LINE
  5
47D
330
17
100
AcDbEntity
  8
0
100
AcDbLine
 10
767.289999999997
 20
-442.5030000000038
 30
0.0
 11
766.862999999997
 21
-441.9930000000038
 31
0.0
  0
LINE
  5
47E
330
17
100
AcDbEntity
  8
0
100
AcDbLine
 10
766.862999999997
 20
-441.9930000000038
 30
0.0
 11
766.4659999999969
 21
-441.4610000000038
 31
0.0
  0
LINE
  5
47F
330
17
100
AcDbEntity
  8
0
100
AcDbLine
 10
766.4659999999969
 20
-441.4610000000038
 30
0.0
 11
765.137999999997
 21
-441.48700000000383
 31
0.0
  0
LINE
  5
480
330
17
100
AcDbEntity
  8
0
100
AcDbLine
 10
765.137999999997
 20
-441.48700000000383
 30
0.0
 11
763.809999999997
 21
-441.5190000000038
 31
0.0
  0
LINE
  5
481
330
17
100
AcDbEntity
  8
0
100
AcDbLine
 10
763.809999999997
 20
-441.5190000000038
 30
0.0
 11
762.482999999997
 21
-441.5580000000038
 31
0.0
  0
LINE
  5
482
330
17
100
AcDbEntity
  8
0
100
AcDbLine
 10
762.482999999997
 20
-441.5580000000038
 30
0.0
 11
761.155999999997
 21
-441.6050000000038
 31
0.0
  0
LINE
  5
483
330
17
100
AcDbEntity
  8
0
100
AcDbLine
 10
761.155999999997
 20
-441.6050000000038
 30
0.0
 11
759.829999999997
 21
-441.66000000000383
 31
0.0
  0
LINE
  5
484
330
17
100
AcDbEntity
  8
0
100
AcDbLine
 10
759.829999999997
 20
-441.66000000000383
 30
0.0
 11
758.5049999999969
 21
-441.72400000000385
 31
0.0
  0
LINE
  5
485
330
17
100
AcDbEntity
  8
0
100
AcDbLine
 10
758.5049999999969
 20
-441.72400000000385
 30
0.0
 11
757.1799999999969
 21
-441.79700000000383
 31
0.0
  0
LINE
  5
486
330
17
100
AcDbEntity
  8
0
100
AcDbLine
 10
757.1799999999969
 20
-441.79700000000383
 30
0.0
 11
755.8559999999969
 21
-441.88000000000386
 31
0.0
  0
LINE
  5
487
330
17
100
AcDbEntity
  8
0
100
AcDbLine
 10
755.8559999999969
 20
-441.88000000000386
 30
0.0
 11
754.532999999997
 21
-441.97400000000385
 31
0.0
  0
LINE
  5
488
330
17
100
AcDbEntity
  8
0
100
AcDbLine
 10
754.532999999997
 20
-441.97400000000385
 30
0.0
 11
753.210999999997
 21
-442.07800000000384
 31
0.0
  0
LINE
  5
489
330
17
100
AcDbEntity
  8
0
100
AcDbLine
 10
753.210999999997
 20
-442.07800000000384
 30
0.0
 11
751.8899999999969
 21
-442.1940000000038
 31
0.0
  0
LINE
  5
48A
330
17
100
AcDbEntity
  8
0
100
AcDbLine
 10
751.8899999999969
 20
-442.1940000000038
 30
0.0
 11
750.5699999999969
 21
-442.3220000000038
 31
0.0
  0
LINE
  5
48B
330
17
100
AcDbEntity
  8
0
100
AcDbLine
 10
750.5699999999969
 20
-442.3220000000038
 30
0.0
 11
749.2509999999969
 21
-442.4620000000038
 31
0.0
  0
LINE
  5
48C
330
17
100
AcDbEntity
  8
0
100
AcDbLine
 10
749.2509999999969
 20
-442.4620000000038
 30
0.0
 11
747.9329999999969
 21
-442.6160000000038
 31
0.0
  0
LINE
  5
48D
330
17
100
AcDbEntity
  8
0
100
AcDbLine
 10
747.9329999999969
 20
-442.6160000000038
 30
0.0
 11
746.6169999999969
 21
-442.78300000000377
 31
0.0
  0
LINE
  5
48E
330
17
100
AcDbEntity
  8
0
100
AcDbLine
 10
746.6169999999969
 20
-442.78300000000377
 30
0.0
 11
745.3019999999968
 21
-442.96400000000375
 31
0.0
  0
LINE
  5
48F
330
17
100
AcDbEntity
  8
0
100
AcDbLine
 10
745.3019999999968
 20
-442.96400000000375
 30
0.0
 11
745.0429999999968
 21
-443.00200000000376
 31
0.0
  0
LINE
  5
490
330
17
100
AcDbEntity
  8
0
100
AcDbLine
 10
745.0429999999968
 20
-443.00200000000376
 30
0.0
 11
744.7829999999968
 21
-443.04100000000375
 31
0.0
  0
LINE
  5
491
330
17
100
AcDbEntity
  8
0
100
AcDbLine
 10
744.7829999999968
 20
-443.04100000000375
 30
0.0
 11
744.5229999999968
 21
-443.08200000000375
 31
0.0
  0
LINE
  5
492
330
17
100
AcDbEntity
  8
0
100
AcDbLine
 10
744.5229999999968
 20
-443.08200000000375
 30
0.0
 11
744.2629999999969
 21
-443.1260000000037
 31
0.0
  0
LINE
  5
493
330
17
100
AcDbEntity
  8
0
100
AcDbLine
 10
744.2629999999969
 20
-443.1260000000037
 30
0.0
 11
744.0039999999968
 21
-443.17400000000373
 31
0.0
  0
LINE
  5
494
330
17
100
AcDbEntity
  8
0
100
AcDbLine
 10
744.0039999999968
 20
-443.17400000000373
 30
0.0
 11
743.7459999999968
 21
-443.22600000000375
 31
0.0
  0
LINE
  5
495
330
17
100
AcDbEntity
  8
0
100
AcDbLine
 10
743.7459999999968
 20
-443.22600000000375
 30
0.0
 11
743.4899999999968
 21
-443.28200000000373
 31
0.0
  0
LINE
  5
496
330
17
100
AcDbEntity
  8
0
100
AcDbLine
 10
743.4899999999968
 20
-443.28200000000373
 30
0.0
 11
743.2349999999968
 21
-443.34400000000375
 31
0.0
  0
LINE
  5
497
330
17
100
AcDbEntity
  8
0
100
AcDbLine
 10
743.2349999999968
 20
-443.34400000000375
 30
0.0
 11
742.9819999999968
 21
-443.41200000000373
 31
0.0
  0
LINE
  5
498
330
17
100
AcDbEntity
  8
0
100
AcDbLine
 10
742.9819999999968
 20
-443.41200000000373
 30
0.0
 11
742.7319999999968
 21
-443.48600000000374
 31
0.0
  0
LINE
  5
499
330
17
100
AcDbEntity
  8
0
100
AcDbLine
 10
742.7319999999968
 20
-443.48600000000374
 30
0.0
 11
742.4849999999968
 21
-443.56800000000374
 31
0.0
  0
LINE
  5
49A
330
17
100
AcDbEntity
  8
0
100
AcDbLine
 10
742.4849999999968
 20
-443.56800000000374
 30
0.0
 11
742.2409999999968
 21
-443.6580000000037
 31
0.0
  0
LINE
  5
49B
330
17
100
AcDbEntity
  8
0
100
AcDbLine
 10
742.2409999999968
 20
-443.6580000000037
 30
0.0
 11
742.0009999999968
 21
-443.7560000000037
 31
0.0
  0
LINE
  5
49C
330
17
100
AcDbEntity
  8
0
100
AcDbLine
 10
742.0009999999968
 20
-443.7560000000037
 30
0.0
 11
741.7649999999968
 21
-443.86300000000375
 31
0.0
  0
LINE
  5
49D
330
17
100
AcDbEntity
  8
0
100
AcDbLine
 10
741.7649999999968
 20
-443.86300000000375
 30
0.0
 11
741.5329999999968
 21
-443.98000000000377
 31
0.0
  0
LINE
  5
49E
330
17
100
AcDbEntity
  8
0
100
AcDbLine
 10
741.5329999999968
 20
-443.98000000000377
 30
0.0
 11
741.3059999999969
 21
-444.10800000000376
 31
0.0
  0
LINE
  5
49F
330
17
100
AcDbEntity
  8
0
100
AcDbLine
 10
741.3059999999969
 20
-444.10800000000376
 30
0.0
 11
741.1019999999969
 21
-444.23500000000377
 31
0.0
  0
LINE
  5
4A0
330
17
100
AcDbEntity
  8
0
100
AcDbLine
 10
741.1019999999969
 20
-444.23500000000377
 30
0.0
 11
740.9039999999969
 21
-444.3690000000038
 31
0.0
  0
LINE
  5
4A1
330
17
100
AcDbEntity
  8
0
100
AcDbLine
 10
740.9039999999969
 20
-444.3690000000038
 30
0.0
 11
740.7119999999969
 21
-444.5110000000038
 31
0.0
  0
LINE
  5
4A2
330
17
100
AcDbEntity
  8
0
100
AcDbLine
 10
740.7119999999969
 20
-444.5110000000038
 30
0.0
 11
740.5259999999969
 21
-444.6600000000038
 31
0.0
  0
LINE
  5
4A3
330
17
100
AcDbEntity
  8
0
100
AcDbLine
 10
740.5259999999969
 20
-444.6600000000038
 30
0.0
 11
740.3459999999969
 21
-444.81500000000375
 31
0.0
  0
LINE
  5
4A4
330
17
100
AcDbEntity
  8
0
100
AcDbLine
 10
740.3459999999969
 20
-444.81500000000375
 30
0.0
 11
740.170999999997
 21
-444.9770000000037
 31
0.0
  0
LINE
  5
4A5
330
17
100
AcDbEntity
  8
0
100
AcDbLine
 10
740.170999999997
 20
-444.9770000000037
 30
0.0
 11
740.001999999997
 21
-445.14500000000373
 31
0.0
  0
LINE
  5
4A6
330
17
100
AcDbEntity
  8
0
100
AcDbLine
 10
740.001999999997
 20
-445.14500000000373
 30
0.0
 11
739.836999999997
 21
-445.31800000000374
 31
0.0
  0
LINE
  5
4A7
330
17
100
AcDbEntity
  8
0
100
AcDbLine
 10
739.836999999997
 20
-445.31800000000374
 30
0.0
 11
739.6769999999971
 21
-445.49600000000373
 31
0.0
  0
LINE
  5
4A8
330
17
100
AcDbEntity
  8
0
100
AcDbLine
 10
739.6769999999971
 20
-445.49600000000373
 30
0.0
 11
739.5219999999971
 21
-445.6790000000037
 31
0.0
  0
LINE
  5
4A9
330
17
100
AcDbEntity
  8
0
100
AcDbLine
 10
739.5219999999971
 20
-445.6790000000037
 30
0.0
 11
739.3709999999971
 21
-445.86600000000374
 31
0.0
  0
LINE
  5
4AA
330
17
100
AcDbEntity
  8
0
100
AcDbLine
 10
739.3709999999971
 20
-445.86600000000374
 30
0.0
 11
739.2239999999971
 21
-446.05800000000374
 31
0.0
  0
LINE
  5
4AB
330
17
100
AcDbEntity
  8
0
100
AcDbLine
 10
739.2239999999971
 20
-446.05800000000374
 30
0.0
 11
739.0809999999971
 21
-446.25300000000374
 31
0.0
  0
LINE
  5
4AC
330
17
100
AcDbEntity
  8
0
100
AcDbLine
 10
739.0809999999971
 20
-446.25300000000374
 30
0.0
 11
738.941999999997
 21
-446.4510000000037
 31
0.0
  0
LINE
  5
4AD
330
17
100
AcDbEntity
  8
0
100
AcDbLine
 10
738.941999999997
 20
-446.4510000000037
 30
0.0
 11
738.8069999999971
 21
-446.65200000000374
 31
0.0
  0
LINE
  5
4AE
330
17
100
AcDbEntity
  8
0
100
AcDbLine
 10
738.8069999999971
 20
-446.65200000000374
 30
0.0
 11
738.6749999999971
 21
-446.85600000000375
 31
0.0
  0
LINE
  5
4AF
330
17
100
AcDbEntity
  8
0
100
AcDbLine
 10
738.6749999999971
 20
-446.85600000000375
 30
0.0
 11
738.3899999999971
 21
-447.31200000000376
 31
0.0
  0
LINE
  5
4B0
330
17
100
AcDbEntity
  8
0
100
AcDbLine
 10
738.3899999999971
 20
-447.31200000000376
 30
0.0
 11
738.1129999999971
 21
-447.7730000000038
 31
0.0
  0
LINE
  5
4B1
330
17
100
AcDbEntity
  8
0
100
AcDbLine
 10
738.1129999999971
 20
-447.7730000000038
 30
0.0
 11
737.8429999999971
 21
-448.23800000000375
 31
0.0
  0
LINE
  5
4B2
330
17
100
AcDbEntity
  8
0
100
AcDbLine
 10
737.8429999999971
 20
-448.23800000000375
 30
0.0
 11
737.5799999999971
 21
-448.70700000000375
 31
0.0
  0
LINE
  5
4B3
330
17
100
AcDbEntity
  8
0
100
AcDbLine
 10
737.5799999999971
 20
-448.70700000000375
 30
0.0
 11
737.3239999999971
 21
-449.1790000000037
 31
0.0
  0
LINE
  5
4B4
330
17
100
AcDbEntity
  8
0
100
AcDbLine
 10
737.3239999999971
 20
-449.1790000000037
 30
0.0
 11
737.0739999999971
 21
-449.6550000000037
 31
0.0
  0
LINE
  5
4B5
330
17
100
AcDbEntity
  8
0
100
AcDbLine
 10
737.0739999999971
 20
-449.6550000000037
 30
0.0
 11
736.8299999999971
 21
-450.1340000000037
 31
0.0
  0
LINE
  5
4B6
330
17
100
AcDbEntity
  8
0
100
AcDbLine
 10
736.8299999999971
 20
-450.1340000000037
 30
0.0
 11
736.591999999997
 21
-450.61600000000374
 31
0.0
  0
LINE
  5
4B7
330
17
100
AcDbEntity
  8
0
100
AcDbLine
 10
736.591999999997
 20
-450.61600000000374
 30
0.0
 11
736.3599999999971
 21
-451.10100000000375
 31
0.0
  0
LINE
  5
4B8
330
17
100
AcDbEntity
  8
0
100
AcDbLine
 10
736.3599999999971
 20
-451.10100000000375
 30
0.0
 11
736.1339999999971
 21
-451.58900000000375
 31
0.0
  0
LINE
  5
4B9
330
17
100
AcDbEntity
  8
0
100
AcDbLine
 10
736.1339999999971
 20
-451.58900000000375
 30
0.0
 11
735.912999999997
 21
-452.08000000000374
 31
0.0
  0
LINE
  5
4BA
330
17
100
AcDbEntity
  8
0
100
AcDbLine
 10
735.912999999997
 20
-452.08000000000374
 30
0.0
 11
735.696999999997
 21
-452.57300000000373
 31
0.0
  0
LINE
  5
4BB
330
17
100
AcDbEntity
  8
0
100
AcDbLine
 10
735.696999999997
 20
-452.57300000000373
 30
0.0
 11
735.485999999997
 21
-453.06800000000374
 31
0.0
  0
LINE
  5
4BC
330
17
100
AcDbEntity
  8
0
100
AcDbLine
 10
735.485999999997
 20
-453.06800000000374
 30
0.0
 11
735.279999999997
 21
-453.56500000000375
 31
0.0
  0
LINE
  5
4BD
330
17
100
AcDbEntity
  8
0
100
AcDbLine
 10
735.279999999997
 20
-453.56500000000375
 30
0.0
 11
735.078999999997
 21
-454.0640000000038
 31
0.0
  0
LINE
  5
4BE
330
17
100
AcDbEntity
  8
0
100
AcDbLine
 10
735.078999999997
 20
-454.0640000000038
 30
0.0
 11
734.881999999997
 21
-454.56500000000375
 31
0.0
  0
LINE
  5
4BF
330
17
100
AcDbEntity
  8
0
100
AcDbLine
 10
734.881999999997
 20
-454.56500000000375
 30
0.0
 11
733.383999999997
 21
-458.41600000000375
 31
0.0
  0
LINE
  5
4C0
330
17
100
AcDbEntity
  8
0
100
AcDbLine
 10
733.383999999997
 20
-458.41600000000375
 30
0.0
 11
731.8859999999969
 21
-462.26700000000375
 31
0.0
  0
LINE
  5
4C1
330
17
100
AcDbEntity
  8
0
100
AcDbLine
 10
731.8859999999969
 20
-462.26700000000375
 30
0.0
 11
730.3879999999969
 21
-466.11800000000375
 31
0.0
  0
LINE
  5
4C2
330
17
100
AcDbEntity
  8
0
100
AcDbLine
 10
730.3879999999969
 20
-466.11800000000375
 30
0.0
 11
728.8899999999968
 21
-469.96900000000375
 31
0.0
  0
LINE
  5
4C3
330
17
100
AcDbEntity
  8
0
100
AcDbLine
 10
728.8899999999968
 20
-469.96900000000375
 30
0.0
 11
727.3919999999968
 21
-473.82000000000374
 31
0.0
  0
LINE
  5
4C4
330
17
100
AcDbEntity
  8
0
100
AcDbLine
 10
727.3919999999968
 20
-473.82000000000374
 30
0.0
 11
725.8939999999967
 21
-477.67100000000374
 31
0.0
  0
LINE
  5
4C5
330
17
100
AcDbEntity
  8
0
100
AcDbLine
 10
725.8939999999967
 20
-477.67100000000374
 30
0.0
 11
724.3959999999967
 21
-481.52200000000374
 31
0.0
  0
LINE
  5
4C6
330
17
100
AcDbEntity
  8
0
100
AcDbLine
 10
724.3959999999967
 20
-481.52200000000374
 30
0.0
 11
722.8979999999966
 21
-485.37300000000374
 31
0.0
  0
LINE
  5
4C7
330
17
100
AcDbEntity
  8
0
100
AcDbLine
 10
722.8979999999966
 20
-485.37300000000374
 30
0.0
 11
721.3999999999966
 21
-489.22400000000374
 31
0.0
  0
LINE
  5
4C8
330
17
100
AcDbEntity
  8
0
100
AcDbLine
 10
721.3999999999966
 20
-489.22400000000374
 30
0.0
 11
719.9019999999965
 21
-493.07500000000374
 31
0.0
  0
LINE
  5
4C9
330
17
100
AcDbEntity
  8
0
100
AcDbLine
 10
719.9019999999965
 20
-493.07500000000374
 30
0.0
 11
718.4039999999965
 21
-496.92600000000374
 31
0.0
  0
LINE
  5
4CA
330
17
100
AcDbEntity
  8
0
100
AcDbLine
 10
718.4039999999965
 20
-496.92600000000374
 30
0.0
 11
716.9059999999964
 21
-500.77700000000374
 31
0.0
  0
LINE
  5
4CB
330
17
100
AcDbEntity
  8
0
100
AcDbLine
 10
716.9059999999964
 20
-500.77700000000374
 30
0.0
 11
715.4079999999964
 21
-504.62800000000374
 31
0.0
  0
LINE
  5
4CC
330
17
100
AcDbEntity
  8
0
100
AcDbLine
 10
715.4079999999964
 20
-504.62800000000374
 30
0.0
 11
713.9099999999963
 21
-508.47900000000374
 31
0.0
  0
LINE
  5
4CD
330
17
100
AcDbEntity
  8
0
100
AcDbLine
 10
713.9099999999963
 20
-508.47900000000374
 30
0.0
 11
712.4119999999963
 21
-512.3300000000038
 31
0.0
  0
LINE
  5
4CE
330
17
100
AcDbEntity
  8
0
100
AcDbLine
 10
712.4119999999963
 20
-512.3300000000038
 30
0.0
 11
710.9139999999962
 21
-516.1810000000038
 31
0.0
  0
LINE
  5
4CF
330
17
100
AcDbEntity
  8
0
100
AcDbLine
 10
710.9139999999962
 20
-516.1810000000038
 30
0.0
 11
710.1469999999962
 21
-518.1520000000038
 31
0.0
  0
LINE
  5
4D0
330
17
100
AcDbEntity
  8
0
100
AcDbLine
 10
710.1469999999962
 20
-518.1520000000038
 30
0.0
 11
709.3809999999962
 21
-520.1230000000038
 31
0.0
  0
LINE
  5
4D1
330
17
100
AcDbEntity
  8
0
100
AcDbLine
 10
709.3809999999962
 20
-520.1230000000038
 30
0.0
 11
708.6179999999962
 21
-522.0950000000038
 31
0.0
  0
LINE
  5
4D2
330
17
100
AcDbEntity
  8
0
100
AcDbLine
 10
708.6179999999962
 20
-522.0950000000038
 30
0.0
 11
707.8579999999962
 21
-524.0690000000038
 31
0.0
  0
LINE
  5
4D3
330
17
100
AcDbEntity
  8
0
100
AcDbLine
 10
707.8579999999962
 20
-524.0690000000038
 30
0.0
 11
707.1019999999962
 21
-526.0440000000038
 31
0.0
  0
LINE
  5
4D4
330
17
100
AcDbEntity
  8
0
100
AcDbLine
 10
707.1019999999962
 20
-526.0440000000038
 30
0.0
 11
706.3519999999962
 21
-528.0210000000038
 31
0.0
  0
LINE
  5
4D5
330
17
100
AcDbEntity
  8
0
100
AcDbLine
 10
706.3519999999962
 20
-528.0210000000038
 30
0.0
 11
705.6079999999962
 21
-530.0010000000038
 31
0.0
  0
LINE
  5
4D6
330
17
100
AcDbEntity
  8
0
100
AcDbLine
 10
705.6079999999962
 20
-530.0010000000038
 30
0.0
 11
704.8719999999962
 21
-531.9840000000038
 31
0.0
  0
LINE
  5
4D7
330
17
100
AcDbEntity
  8
0
100
AcDbLine
 10
704.8719999999962
 20
-531.9840000000038
 30
0.0
 11
704.1449999999962
 21
-533.9700000000038
 31
0.0
  0
LINE
  5
4D8
330
17
100
AcDbEntity
  8
0
100
AcDbLine
 10
704.1449999999962
 20
-533.9700000000038
 30
0.0
 11
703.4279999999962
 21
-535.9590000000038
 31
0.0
  0
LINE
  5
4D9
330
17
100
AcDbEntity
  8
0
100
AcDbLine
 10
703.4279999999962
 20
-535.9590000000038
 30
0.0
 11
702.7219999999962
 21
-537.9520000000039
 31
0.0
  0
LINE
  5
4DA
330
17
100
AcDbEntity
  8
0
100
AcDbLine
 10
702.7219999999962
 20
-537.9520000000039
 30
0.0
 11
702.0289999999962
 21
-539.9490000000038
 31
0.0
  0
LINE
  5
4DB
330
17
100
AcDbEntity
  8
0
100
AcDbLine
 10
702.0289999999962
 20
-539.9490000000038
 30
0.0
 11
701.3489999999963
 21
-541.9510000000038
 31
0.0
  0
LINE
  5
4DC
330
17
100
AcDbEntity
  8
0
100
AcDbLine
 10
701.3489999999963
 20
-541.9510000000038
 30
0.0
 11
700.6839999999963
 21
-543.9570000000037
 31
0.0
  0
LINE
  5
4DD
330
17
100
AcDbEntity
  8
0
100
AcDbLine
 10
700.6839999999963
 20
-543.9570000000037
 30
0.0
 11
700.0339999999964
 21
-545.9690000000037
 31
0.0
  0
LINE
  5
4DE
330
17
100
AcDbEntity
  8
0
100
AcDbLine
 10
700.0339999999964
 20
-545.9690000000037
 30
0.0
 11
699.4009999999963
 21
-547.9860000000037
 31
0.0
  0
LINE
  5
4DF
330
17
100
AcDbEntity
  8
0
100
AcDbLine
 10
699.4009999999963
 20
-547.9860000000037
 30
0.0
 11
698.8209999999963
 21
-549.8910000000037
 31
0.0
  0
LINE
  5
4E0
330
17
100
AcDbEntity
  8
0
100
AcDbLine
 10
698.8209999999963
 20
-549.8910000000037
 30
0.0
 11
698.2569999999963
 21
-551.8010000000037
 31
0.0
  0
LINE
  5
4E1
330
17
100
AcDbEntity
  8
0
100
AcDbLine
 10
698.2569999999963
 20
-551.8010000000037
 30
0.0
 11
697.7089999999963
 21
-553.7150000000037
 31
0.0
  0
LINE
  5
4E2
330
17
100
AcDbEntity
  8
0
100
AcDbLine
 10
697.7089999999963
 20
-553.7150000000037
 30
0.0
 11
697.1779999999964
 21
-555.6340000000037
 31
0.0
  0
LINE
  5
4E3
330
17
100
AcDbEntity
  8
0
100
AcDbLine
 10
697.1779999999964
 20
-555.6340000000037
 30
0.0
 11
696.6629999999964
 21
-557.5570000000037
 31
0.0
  0
LINE
  5
4E4
330
17
100
AcDbEntity
  8
0
100
AcDbLine
 10
696.6629999999964
 20
-557.5570000000037
 30
0.0
 11
696.1639999999963
 21
-559.4840000000037
 31
0.0
  0
LINE
  5
4E5
330
17
100
AcDbEntity
  8
0
100
AcDbLine
 10
696.1639999999963
 20
-559.4840000000037
 30
0.0
 11
695.6809999999964
 21
-561.4160000000037
 31
0.0
  0
LINE
  5
4E6
330
17
100
AcDbEntity
  8
0
100
AcDbLine
 10
695.6809999999964
 20
-561.4160000000037
 30
0.0
 11
695.2149999999964
 21
-563.3520000000037
 31
0.0
  0
LINE
  5
4E7
330
17
100
AcDbEntity
  8
0
100
AcDbLine
 10
695.2149999999964
 20
-563.3520000000037
 30
0.0
 11
694.7649999999963
 21
-565.2910000000037
 31
0.0
  0
LINE
  5
4E8
330
17
100
AcDbEntity
  8
0
100
AcDbLine
 10
694.7649999999963
 20
-565.2910000000037
 30
0.0
 11
694.3309999999964
 21
-567.2340000000037
 31
0.0
  0
LINE
  5
4E9
330
17
100
AcDbEntity
  8
0
100
AcDbLine
 10
694.3309999999964
 20
-567.2340000000037
 30
0.0
 11
693.9129999999964
 21
-569.1810000000037
 31
0.0
  0
LINE
  5
4EA
330
17
100
AcDbEntity
  8
0
100
AcDbLine
 10
693.9129999999964
 20
-569.1810000000037
 30
0.0
 11
693.5119999999964
 21
-571.1310000000037
 31
0.0
  0
LINE
  5
4EB
330
17
100
AcDbEntity
  8
0
100
AcDbLine
 10
693.5119999999964
 20
-571.1310000000037
 30
0.0
 11
693.1269999999964
 21
-573.0840000000037
 31
0.0
  0
LINE
  5
4EC
330
17
100
AcDbEntity
  8
0
100
AcDbLine
 10
693.1269999999964
 20
-573.0840000000037
 30
0.0
 11
692.7579999999964
 21
-575.0400000000037
 31
0.0
  0
LINE
  5
4ED
330
17
100
AcDbEntity
  8
0
100
AcDbLine
 10
692.7579999999964
 20
-575.0400000000037
 30
0.0
 11
692.4059999999964
 21
-577.0000000000038
 31
0.0
  0
LINE
  5
4EE
330
17
100
AcDbEntity
  8
0
100
AcDbLine
 10
692.4059999999964
 20
-577.0000000000038
 30
0.0
 11
692.0699999999964
 21
-578.9620000000037
 31
0.0
  0
LINE
  5
4EF
330
17
100
AcDbEntity
  8
0
100
AcDbLine
 10
692.0699999999964
 20
-578.9620000000037
 30
0.0
 11
691.7799999999964
 21
-580.6980000000037
 31
0.0
  0
LINE
  5
4F0
330
17
100
AcDbEntity
  8
0
100
AcDbLine
 10
691.7799999999964
 20
-580.6980000000037
 30
0.0
 11
691.4919999999964
 21
-582.4240000000037
 31
0.0
  0
LINE
  5
4F1
330
17
100
AcDbEntity
  8
0
100
AcDbLine
 10
691.4919999999964
 20
-582.4240000000037
 30
0.0
 11
691.2069999999965
 21
-584.1420000000037
 31
0.0
  0
LINE
  5
4F2
330
17
100
AcDbEntity
  8
0
100
AcDbLine
 10
691.2069999999965
 20
-584.1420000000037
 30
0.0
 11
690.9279999999965
 21
-585.8530000000037
 31
0.0
  0
LINE
  5
4F3
330
17
100
AcDbEntity
  8
0
100
AcDbLine
 10
690.9279999999965
 20
-585.8530000000037
 30
0.0
 11
690.6559999999964
 21
-587.5590000000037
 31
0.0
  0
LINE
  5
4F4
330
17
100
AcDbEntity
  8
0
100
AcDbLine
 10
690.6559999999964
 20
-587.5590000000037
 30
0.0
 11
690.3919999999964
 21
-589.2610000000037
 31
0.0
  0
LINE
  5
4F5
330
17
100
AcDbEntity
  8
0
100
AcDbLine
 10
690.3919999999964
 20
-589.2610000000037
 30
0.0
 11
690.1389999999964
 21
-590.9610000000038
 31
0.0
  0
LINE
  5
4F6
330
17
100
AcDbEntity
  8
0
100
AcDbLine
 10
690.1389999999964
 20
-590.9610000000038
 30
0.0
 11
689.8979999999964
 21
-592.6610000000038
 31
0.0
  0
LINE
  5
4F7
330
17
100
AcDbEntity
  8
0
100
AcDbLine
 10
689.8979999999964
 20
-592.6610000000038
 30
0.0
 11
689.6709999999964
 21
-594.3620000000038
 31
0.0
  0
LINE
  5
4F8
330
17
100
AcDbEntity
  8
0
100
AcDbLine
 10
689.6709999999964
 20
-594.3620000000038
 30
0.0
 11
689.4589999999964
 21
-596.0670000000039
 31
0.0
  0
LINE
  5
4F9
330
17
100
AcDbEntity
  8
0
100
AcDbLine
 10
689.4589999999964
 20
-596.0670000000039
 30
0.0
 11
689.2639999999964
 21
-597.7760000000038
 31
0.0
  0
LINE
  5
4FA
330
17
100
AcDbEntity
  8
0
100
AcDbLine
 10
689.2639999999964
 20
-597.7760000000038
 30
0.0
 11
689.0879999999963
 21
-599.4920000000038
 31
0.0
  0
LINE
  5
4FB
330
17
100
AcDbEntity
  8
0
100
AcDbLine
 10
689.0879999999963
 20
-599.4920000000038
 30
0.0
 11
688.9329999999964
 21
-601.2160000000039
 31
0.0
  0
LINE
  5
4FC
330
17
100
AcDbEntity
  8
0
100
AcDbLine
 10
688.9329999999964
 20
-601.2160000000039
 30
0.0
 11
688.7999999999963
 21
-602.9500000000039
 31
0.0
  0
LINE
  5
4FD
330
17
100
AcDbEntity
  8
0
100
AcDbLine
 10
688.7999999999963
 20
-602.9500000000039
 30
0.0
 11
688.6909999999963
 21
-604.6950000000039
 31
0.0
  0
LINE
  5
4FE
330
17
100
AcDbEntity
  8
0
100
AcDbLine
 10
688.6909999999963
 20
-604.6950000000039
 30
0.0
 11
688.6079999999963
 21
-606.453000000004
 31
0.0
  0
LINE
  5
4FF
330
17
100
AcDbEntity
  8
0
100
AcDbLine
 10
688.6079999999963
 20
-606.453000000004
 30
0.0
 11
688.5939999999963
 21
-606.8200000000039
 31
0.0
  0
LINE
  5
500
330
17
100
AcDbEntity
  8
0
100
AcDbLine
 10
688.5939999999963
 20
-606.8200000000039
 30
0.0
 11
688.5809999999963
 21
-607.2250000000039
 31
0.0
  0
LINE
  5
501
330
17
100
AcDbEntity
  8
0
100
AcDbLine
 10
688.5809999999963
 20
-607.2250000000039
 30
0.0
 11
688.5679999999962
 21
-607.6630000000039
 31
0.0
  0
LINE
  5
502
330
17
100
AcDbEntity
  8
0
100
AcDbLine
 10
688.5679999999962
 20
-607.6630000000039
 30
0.0
 11
688.5559999999963
 21
-608.1310000000038
 31
0.0
  0
LINE
  5
503
330
17
100
AcDbEntity
  8
0
100
AcDbLine
 10
688.5559999999963
 20
-608.1310000000038
 30
0.0
 11
688.5459999999963
 21
-608.6230000000038
 31
0.0
  0
LINE
  5
504
330
17
100
AcDbEntity
  8
0
100
AcDbLine
 10
688.5459999999963
 20
-608.6230000000038
 30
0.0
 11
688.5379999999963
 21
-609.1360000000038
 31
0.0
  0
LINE
  5
505
330
17
100
AcDbEntity
  8
0
100
AcDbLine
 10
688.5379999999963
 20
-609.1360000000038
 30
0.0
 11
688.5319999999963
 21
-609.6650000000038
 31
0.0
  0
LINE
  5
506
330
17
100
AcDbEntity
  8
0
100
AcDbLine
 10
688.5319999999963
 20
-609.6650000000038
 30
0.0
 11
688.5289999999962
 21
-610.2060000000039
 31
0.0
  0
LINE
  5
507
330
17
100
AcDbEntity
  8
0
100
AcDbLine
 10
688.5289999999962
 20
-610.2060000000039
 30
0.0
 11
688.5289999999962
 21
-610.7550000000039
 31
0.0
  0
LINE
  5
508
330
17
100
AcDbEntity
  8
0
100
AcDbLine
 10
688.5289999999962
 20
-610.7550000000039
 30
0.0
 11
688.5319999999963
 21
-611.3070000000039
 31
0.0
  0
LINE
  5
509
330
17
100
AcDbEntity
  8
0
100
AcDbLine
 10
688.5319999999963
 20
-611.3070000000039
 30
0.0
 11
688.5389999999962
 21
-611.8580000000039
 31
0.0
  0
LINE
  5
50A
330
17
100
AcDbEntity
  8
0
100
AcDbLine
 10
688.5389999999962
 20
-611.8580000000039
 30
0.0
 11
688.5499999999962
 21
-612.404000000004
 31
0.0
  0
LINE
  5
50B
330
17
100
AcDbEntity
  8
0
100
AcDbLine
 10
688.5499999999962
 20
-612.404000000004
 30
0.0
 11
688.5659999999962
 21
-612.9400000000039
 31
0.0
  0
LINE
  5
50C
330
17
100
AcDbEntity
  8
0
100
AcDbLine
 10
688.5659999999962
 20
-612.9400000000039
 30
0.0
 11
688.5869999999961
 21
-613.462000000004
 31
0.0
  0
LINE
  5
50D
330
17
100
AcDbEntity
  8
0
100
AcDbLine
 10
688.5869999999961
 20
-613.462000000004
 30
0.0
 11
688.6129999999961
 21
-613.966000000004
 31
0.0
  0
LINE
  5
50E
330
17
100
AcDbEntity
  8
0
100
AcDbLine
 10
688.6129999999961
 20
-613.966000000004
 30
0.0
 11
688.6449999999961
 21
-614.448000000004
 31
0.0
  0
LINE
  5
50F
330
17
100
AcDbEntity
  8
0
100
AcDbLine
 10
688.6449999999961
 20
-614.448000000004
 30
0.0
 11
688.6879999999961
 21
-614.783000000004
 31
0.0
  0
LINE
  5
510
330
17
100
AcDbEntity
  8
0
100
AcDbLine
 10
688.6879999999961
 20
-614.783000000004
 30
0.0
 11
688.7639999999961
 21
-615.106000000004
 31
0.0
  0
LINE
  5
511
330
17
100
AcDbEntity
  8
0
100
AcDbLine
 10
688.7639999999961
 20
-615.106000000004
 30
0.0
 11
688.8709999999961
 21
-615.414000000004
 31
0.0
  0
LINE
  5
512
330
17
100
AcDbEntity
  8
0
100
AcDbLine
 10
688.8709999999961
 20
-615.414000000004
 30
0.0
 11
689.0069999999961
 21
-615.706000000004
 31
0.0
  0
LINE
  5
513
330
17
100
AcDbEntity
  8
0
100
AcDbLine
 10
689.0069999999961
 20
-615.706000000004
 30
0.0
 11
689.1699999999961
 21
-615.981000000004
 31
0.0
  0
LINE
  5
514
330
17
100
AcDbEntity
  8
0
100
AcDbLine
 10
689.1699999999961
 20
-615.981000000004
 30
0.0
 11
689.3589999999961
 21
-616.237000000004
 31
0.0
  0
LINE
  5
515
330
17
100
AcDbEntity
  8
0
100
AcDbLine
 10
689.3589999999961
 20
-616.237000000004
 30
0.0
 11
689.570999999996
 21
-616.472000000004
 31
0.0
  0
LINE
  5
516
330
17
100
AcDbEntity
  8
0
100
AcDbLine
 10
689.570999999996
 20
-616.472000000004
 30
0.0
 11
689.8049999999961
 21
-616.6850000000039
 31
0.0
  0
LINE
  5
517
330
17
100
AcDbEntity
  8
0
100
AcDbLine
 10
689.8049999999961
 20
-616.6850000000039
 30
0.0
 11
690.0579999999961
 21
-616.8740000000039
 31
0.0
  0
LINE
  5
518
330
17
100
AcDbEntity
  8
0
100
AcDbLine
 10
690.0579999999961
 20
-616.8740000000039
 30
0.0
 11
690.3289999999961
 21
-617.0380000000039
 31
0.0
  0
LINE
  5
519
330
17
100
AcDbEntity
  8
0
100
AcDbLine
 10
690.3289999999961
 20
-617.0380000000039
 30
0.0
 11
690.6159999999961
 21
-617.1750000000038
 31
0.0
  0
LINE
  5
51A
330
17
100
AcDbEntity
  8
0
100
AcDbLine
 10
690.6159999999961
 20
-617.1750000000038
 30
0.0
 11
690.9169999999962
 21
-617.2830000000038
 31
0.0
  0
LINE
  5
51B
330
17
100
AcDbEntity
  8
0
100
AcDbLine
 10
690.9169999999962
 20
-617.2830000000038
 30
0.0
 11
691.2299999999962
 21
-617.3610000000037
 31
0.0
  0
LINE
  5
51C
330
17
100
AcDbEntity
  8
0
100
AcDbLine
 10
691.2299999999962
 20
-617.3610000000037
 30
0.0
 11
691.5529999999961
 21
-617.4070000000038
 31
0.0
  0
LINE
  5
51D
330
17
100
AcDbEntity
  8
0
100
AcDbLine
 10
691.5529999999961
 20
-617.4070000000038
 30
0.0
 11
691.8839999999961
 21
-617.4190000000037
 31
0.0
  0
LINE
  5
51E
330
17
100
AcDbEntity
  8
0
100
AcDbLine
 10
691.8839999999961
 20
-617.4190000000037
 30
0.0
 11
692.2209999999961
 21
-617.3960000000037
 31
0.0
  0
LINE
  5
51F
330
17
100
AcDbEntity
  8
0
100
AcDbLine
 10
692.2209999999961
 20
-617.3960000000037
 30
0.0
 11
695.8559999999961
 21
-616.9770000000037
 31
0.0
  0
LINE
  5
520
330
17
100
AcDbEntity
  8
0
100
AcDbLine
 10
695.8559999999961
 20
-616.9770000000037
 30
0.0
 11
699.6819999999962
 21
-616.5770000000037
 31
0.0
  0
LINE
  5
521
330
17
100
AcDbEntity
  8
0
100
AcDbLine
 10
699.6819999999962
 20
-616.5770000000037
 30
0.0
 11
703.6709999999962
 21
-616.2010000000038
 31
0.0
  0
LINE
  5
522
330
17
100
AcDbEntity
  8
0
100
AcDbLine
 10
703.6709999999962
 20
-616.2010000000038
 30
0.0
 11
707.7939999999962
 21
-615.8560000000037
 31
0.0
  0
LINE
  5
523
330
17
100
AcDbEntity
  8
0
100
AcDbLine
 10
707.7939999999962
 20
-615.8560000000037
 30
0.0
 11
712.0219999999962
 21
-615.5480000000038
 31
0.0
  0
LINE
  5
524
330
17
100
AcDbEntity
  8
0
100
AcDbLine
 10
712.0219999999962
 20
-615.5480000000038
 30
0.0
 11
716.3259999999962
 21
-615.2830000000038
 31
0.0
  0
LINE
  5
525
330
17
100
AcDbEntity
  8
0
100
AcDbLine
 10
716.3259999999962
 20
-615.2830000000038
 30
0.0
 11
720.6779999999961
 21
-615.0670000000038
 31
0.0
  0
LINE
  5
526
330
17
100
AcDbEntity
  8
0
100
AcDbLine
 10
720.6779999999961
 20
-615.0670000000038
 30
0.0
 11
725.0479999999961
 21
-614.9070000000038
 31
0.0
  0
LINE
  5
527
330
17
100
AcDbEntity
  8
0
100
AcDbLine
 10
725.0479999999961
 20
-614.9070000000038
 30
0.0
 11
729.4079999999962
 21
-614.8080000000037
 31
0.0
  0
LINE
  5
528
330
17
100
AcDbEntity
  8
0
100
AcDbLine
 10
729.4079999999962
 20
-614.8080000000037
 30
0.0
 11
733.7289999999962
 21
-614.7770000000038
 31
0.0
  0
LINE
  5
529
330
17
100
AcDbEntity
  8
0
100
AcDbLine
 10
733.7289999999962
 20
-614.7770000000038
 30
0.0
 11
737.9829999999962
 21
-614.8200000000038
 31
0.0
  0
LINE
  5
52A
330
17
100
AcDbEntity
  8
0
100
AcDbLine
 10
737.9829999999962
 20
-614.8200000000038
 30
0.0
 11
742.1399999999962
 21
-614.9430000000038
 31
0.0
  0
LINE
  5
52B
330
17
100
AcDbEntity
  8
0
100
AcDbLine
 10
742.1399999999962
 20
-614.9430000000038
 30
0.0
 11
746.1719999999963
 21
-615.1520000000038
 31
0.0
  0
LINE
  5
52C
330
17
100
AcDbEntity
  8
0
100
AcDbLine
 10
746.1719999999963
 20
-615.1520000000038
 30
0.0
 11
750.0499999999963
 21
-615.4530000000038
 31
0.0
  0
LINE
  5
52D
330
17
100
AcDbEntity
  8
0
100
AcDbLine
 10
750.0499999999963
 20
-615.4530000000038
 30
0.0
 11
753.7459999999963
 21
-615.8530000000038
 31
0.0
  0
LINE
  5
52E
330
17
100
AcDbEntity
  8
0
100
AcDbLine
 10
753.7459999999963
 20
-615.8530000000038
 30
0.0
 11
757.2299999999964
 21
-616.3570000000038
 31
0.0
  0
LINE
  5
52F
330
17
100
AcDbEntity
  8
0
100
AcDbLine
 10
757.2299999999964
 20
-616.3570000000038
 30
0.0
 11
757.6919999999964
 21
-616.4300000000038
 31
0.0
  0
LINE
  5
530
330
17
100
AcDbEntity
  8
0
100
AcDbLine
 10
757.6919999999964
 20
-616.4300000000038
 30
0.0
 11
758.1639999999963
 21
-616.4950000000039
 31
0.0
  0
LINE
  5
531
330
17
100
AcDbEntity
  8
0
100
AcDbLine
 10
758.1639999999963
 20
-616.4950000000039
 30
0.0
 11
758.6439999999964
 21
-616.5490000000038
 31
0.0
  0
LINE
  5
532
330
17
100
AcDbEntity
  8
0
100
AcDbLine
 10
758.6439999999964
 20
-616.5490000000038
 30
0.0
 11
759.1279999999964
 21
-616.5890000000038
 31
0.0
  0
LINE
  5
533
330
17
100
AcDbEntity
  8
0
100
AcDbLine
 10
759.1279999999964
 20
-616.5890000000038
 30
0.0
 11
759.6129999999964
 21
-616.6120000000038
 31
0.0
  0
LINE
  5
534
330
17
100
AcDbEntity
  8
0
100
AcDbLine
 10
759.6129999999964
 20
-616.6120000000038
 30
0.0
 11
760.0949999999964
 21
-616.6160000000039
 31
0.0
  0
LINE
  5
535
330
17
100
AcDbEntity
  8
0
100
AcDbLine
 10
760.0949999999964
 20
-616.6160000000039
 30
0.0
 11
760.5709999999964
 21
-616.5970000000038
 31
0.0
  0
LINE
  5
536
330
17
100
AcDbEntity
  8
0
100
AcDbLine
 10
760.5709999999964
 20
-616.5970000000038
 30
0.0
 11
761.0369999999964
 21
-616.5520000000039
 31
0.0
  0
LINE
  5
537
330
17
100
AcDbEntity
  8
0
100
AcDbLine
 10
761.0369999999964
 20
-616.5520000000039
 30
0.0
 11
761.4899999999964
 21
-616.4780000000039
 31
0.0
  0
LINE
  5
538
330
17
100
AcDbEntity
  8
0
100
AcDbLine
 10
761.4899999999964
 20
-616.4780000000039
 30
0.0
 11
761.9269999999964
 21
-616.3720000000039
 31
0.0
  0
LINE
  5
539
330
17
100
AcDbEntity
  8
0
100
AcDbLine
 10
761.9269999999964
 20
-616.3720000000039
 30
0.0
 11
762.3439999999964
 21
-616.231000000004
 31
0.0
  0
LINE
  5
53A
330
17
100
AcDbEntity
  8
0
100
AcDbLine
 10
762.3439999999964
 20
-616.231000000004
 30
0.0
 11
762.7379999999964
 21
-616.052000000004
 31
0.0
  0
LINE
  5
53B
330
17
100
AcDbEntity
  8
0
100
AcDbLine
 10
762.7379999999964
 20
-616.052000000004
 30
0.0
 11
763.1049999999964
 21
-615.831000000004
 31
0.0
  0
LINE
  5
53C
330
17
100
AcDbEntity
  8
0
100
AcDbLine
 10
763.1049999999964
 20
-615.831000000004
 30
0.0
 11
763.4429999999963
 21
-615.566000000004
 31
0.0
  0
LINE
  5
53D
330
17
100
AcDbEntity
  8
0
100
AcDbLine
 10
763.4429999999963
 20
-615.566000000004
 30
0.0
 11
763.7469999999963
 21
-615.254000000004
 31
0.0
  0
LINE
  5
53E
330
17
100
AcDbEntity
  8
0
100
AcDbLine
 10
763.7469999999963
 20
-615.254000000004
 30
0.0
 11
764.0149999999963
 21
-614.892000000004
 31
0.0
  0
LINE
  5
53F
330
17
100
AcDbEntity
  8
0
100
AcDbLine
 10
764.0149999999963
 20
-614.892000000004
 30
0.0
 11
764.0799999999964
 21
-614.786000000004
 31
0.0
  0
LINE
  5
540
330
17
100
AcDbEntity
  8
0
100
AcDbLine
 10
764.0799999999964
 20
-614.786000000004
 30
0.0
 11
764.1409999999964
 21
-614.6780000000041
 31
0.0
  0
LINE
  5
541
330
17
100
AcDbEntity
  8
0
100
AcDbLine
 10
764.1409999999964
 20
-614.6780000000041
 30
0.0
 11
764.1979999999965
 21
-614.5680000000041
 31
0.0
  0
LINE
  5
542
330
17
100
AcDbEntity
  8
0
100
AcDbLine
 10
764.1979999999965
 20
-614.5680000000041
 30
0.0
 11
764.2509999999965
 21
-614.4560000000041
 31
0.0
  0
LINE
  5
543
330
17
100
AcDbEntity
  8
0
100
AcDbLine
 10
764.2509999999965
 20
-614.4560000000041
 30
0.0
 11
764.3009999999964
 21
-614.343000000004
 31
0.0
  0
LINE
  5
544
330
17
100
AcDbEntity
  8
0
100
AcDbLine
 10
764.3009999999964
 20
-614.343000000004
 30
0.0
 11
764.3479999999964
 21
-614.228000000004
 31
0.0
  0
LINE
  5
545
330
17
100
AcDbEntity
  8
0
100
AcDbLine
 10
764.3479999999964
 20
-614.228000000004
 30
0.0
 11
764.3919999999964
 21
-614.1120000000041
 31
0.0
  0
LINE
  5
546
330
17
100
AcDbEntity
  8
0
100
AcDbLine
 10
764.3919999999964
 20
-614.1120000000041
 30
0.0
 11
764.4329999999965
 21
-613.9950000000041
 31
0.0
  0
LINE
  5
547
330
17
100
AcDbEntity
  8
0
100
AcDbLine
 10
764.4329999999965
 20
-613.9950000000041
 30
0.0
 11
764.4719999999965
 21
-613.877000000004
 31
0.0
  0
LINE
  5
548
330
17
100
AcDbEntity
  8
0
100
AcDbLine
 10
764.4719999999965
 20
-613.877000000004
 30
0.0
 11
764.5089999999965
 21
-613.758000000004
 31
0.0
  0
LINE
  5
549
330
17
100
AcDbEntity
  8
0
100
AcDbLine
 10
764.5089999999965
 20
-613.758000000004
 30
0.0
 11
764.5439999999965
 21
-613.638000000004
 31
0.0
  0
LINE
  5
54A
330
17
100
AcDbEntity
  8
0
100
AcDbLine
 10
764.5439999999965
 20
-613.638000000004
 30
0.0
 11
764.5779999999965
 21
-613.518000000004
 31
0.0
  0
LINE
  5
54B
330
17
100
AcDbEntity
  8
0
100
AcDbLine
 10
764.5779999999965
 20
-613.518000000004
 30
0.0
 11
764.6109999999965
 21
-613.398000000004
 31
0.0
  0
LINE
  5
54C
330
17
100
AcDbEntity
  8
0
100
AcDbLine
 10
764.6109999999965
 20
-613.398000000004
 30
0.0
 11
764.6429999999965
 21
-613.277000000004
 31
0.0
  0
LINE
  5
54D
330
17
100
AcDbEntity
  8
0
100
AcDbLine
 10
764.6429999999965
 20
-613.277000000004
 30
0.0
 11
764.6739999999965
 21
-613.156000000004
 31
0.0
  0
LINE
  5
54E
330
17
100
AcDbEntity
  8
0
100
AcDbLine
 10
764.6739999999965
 20
-613.156000000004
 30
0.0
 11
764.7049999999964
 21
-613.0350000000041
 31
0.0
  0
LINE
  5
54F
330
17
100
AcDbEntity
  8
0
100
AcDbLine
 10
764.7049999999964
 20
-613.0350000000041
 30
0.0
 11
766.6829999999964
 21
-605.2640000000041
 31
0.0
  0
LINE
  5
550
330
17
100
AcDbEntity
  8
0
100
AcDbLine
 10
766.6829999999964
 20
-605.2640000000041
 30
0.0
 11
768.6569999999964
 21
-597.5580000000041
 31
0.0
  0
LINE
  5
551
330
17
100
AcDbEntity
  8
0
100
AcDbLine
 10
768.6569999999964
 20
-597.5580000000041
 30
0.0
 11
770.6269999999964
 21
-589.9080000000041
 31
0.0
  0
LINE
  5
552
330
17
100
AcDbEntity
  8
0
100
AcDbLine
 10
770.6269999999964
 20
-589.9080000000041
 30
0.0
 11
772.5949999999964
 21
-582.3050000000042
 31
0.0
  0
LINE
  5
553
330
17
100
AcDbEntity
  8
0
100
AcDbLine
 10
772.5949999999964
 20
-582.3050000000042
 30
0.0
 11
774.5609999999964
 21
-574.7390000000041
 31
0.0
  0
LINE
  5
554
330
17
100
AcDbEntity
  8
0
100
AcDbLine
 10
774.5609999999964
 20
-574.7390000000041
 30
0.0
 11
776.5249999999965
 21
-567.2010000000041
 31
0.0
  0
LINE
  5
555
330
17
100
AcDbEntity
  8
0
100
AcDbLine
 10
776.5249999999965
 20
-567.2010000000041
 30
0.0
 11
778.4879999999964
 21
-559.6810000000041
 31
0.0
  0
LINE
  5
556
330
17
100
AcDbEntity
  8
0
100
AcDbLine
 10
778.4879999999964
 20
-559.6810000000041
 30
0.0
 11
780.4499999999964
 21
-552.1710000000041
 31
0.0
  0
LINE
  5
557
330
17
100
AcDbEntity
  8
0
100
AcDbLine
 10
780.4499999999964
 20
-552.1710000000041
 30
0.0
 11
782.4119999999964
 21
-544.6610000000042
 31
0.0
  0
LINE
  5
558
330
17
100
AcDbEntity
  8
0
100
AcDbLine
 10
782.4119999999964
 20
-544.6610000000042
 30
0.0
 11
784.3749999999964
 21
-537.1410000000042
 31
0.0
  0
LINE
  5
559
330
17
100
AcDbEntity
  8
0
100
AcDbLine
 10
784.3749999999964
 20
-537.1410000000042
 30
0.0
 11
786.3389999999964
 21
-529.6030000000042
 31
0.0
  0
LINE
  5
55A
330
17
100
AcDbEntity
  8
0
100
AcDbLine
 10
786.3389999999964
 20
-529.6030000000042
 30
0.0
 11
788.3049999999964
 21
-522.0370000000041
 31
0.0
  0
LINE
  5
55B
330
17
100
AcDbEntity
  8
0
100
AcDbLine
 10
788.3049999999964
 20
-522.0370000000041
 30
0.0
 11
790.2729999999964
 21
-514.4330000000041
 31
0.0
  0
LINE
  5
55C
330
17
100
AcDbEntity
  8
0
100
AcDbLine
 10
790.2729999999964
 20
-514.4330000000041
 30
0.0
 11
792.2429999999964
 21
-506.7830000000041
 31
0.0
  0
LINE
  5
55D
330
17
100
AcDbEntity
  8
0
100
AcDbLine
 10
792.2429999999964
 20
-506.7830000000041
 30
0.0
 11
794.2169999999965
 21
-499.0770000000041
 31
0.0
  0
LINE
  5
55E
330
17
100
AcDbEntity
  8
0
100
AcDbLine
 10
794.2169999999965
 20
-499.0770000000041
 30
0.0
 11
796.1949999999964
 21
-491.3060000000041
 31
0.0
  0
LINE
  5
55F
330
17
100
AcDbEntity
  8
0
100
AcDbLine
 10
796.1949999999964
 20
-491.3060000000041
 30
0.0
 11
796.5829999999964
 21
-489.74200000000405
 31
0.0
  0
LINE
  5
560
330
17
100
AcDbEntity
  8
0
100
AcDbLine
 10
796.5829999999964
 20
-489.74200000000405
 30
0.0
 11
796.9599999999964
 21
-488.16200000000407
 31
0.0
  0
LINE
  5
561
330
17
100
AcDbEntity
  8
0
100
AcDbLine
 10
796.9599999999964
 20
-488.16200000000407
 30
0.0
 11
797.3279999999965
 21
-486.56700000000404
 31
0.0
  0
LINE
  5
562
330
17
100
AcDbEntity
  8
0
100
AcDbLine
 10
797.3279999999965
 20
-486.56700000000404
 30
0.0
 11
797.6889999999964
 21
-484.95800000000406
 31
0.0
  0
LINE
  5
563
330
17
100
AcDbEntity
  8
0
100
AcDbLine
 10
797.6889999999964
 20
-484.95800000000406
 30
0.0
 11
798.0449999999964
 21
-483.33600000000405
 31
0.0
  0
LINE
  5
564
330
17
100
AcDbEntity
  8
0
100
AcDbLine
 10
798.0449999999964
 20
-483.33600000000405
 30
0.0
 11
798.3989999999965
 21
-481.70300000000407
 31
0.0
  0
LINE
  5
565
330
17
100
AcDbEntity
  8
0
100
AcDbLine
 10
798.3989999999965
 20
-481.70300000000407
 30
0.0
 11
798.7529999999965
 21
-480.05900000000406
 31
0.0
  0
LINE
  5
566
330
17
100
AcDbEntity
  8
0
100
AcDbLine
 10
798.7529999999965
 20
-480.05900000000406
 30
0.0
 11
799.1089999999965
 21
-478.40600000000404
 31
0.0
  0
LINE
  5
567
330
17
100
AcDbEntity
  8
0
100
AcDbLine
 10
799.1089999999965
 20
-478.40600000000404
 30
0.0
 11
799.4689999999965
 21
-476.74400000000406
 31
0.0
  0
LINE
  5
568
330
17
100
AcDbEntity
  8
0
100
AcDbLine
 10
799.4689999999965
 20
-476.74400000000406
 30
0.0
 11
799.8349999999965
 21
-475.0750000000041
 31
0.0
  0
LINE
  5
569
330
17
100
AcDbEntity
  8
0
100
AcDbLine
 10
799.8349999999965
 20
-475.0750000000041
 30
0.0
 11
800.2099999999965
 21
-473.3990000000041
 31
0.0
  0
LINE
  5
56A
330
17
100
AcDbEntity
  8
0
100
AcDbLine
 10
800.2099999999965
 20
-473.3990000000041
 30
0.0
 11
800.5959999999965
 21
-471.7180000000041
 31
0.0
  0
LINE
  5
56B
330
17
100
AcDbEntity
  8
0
100
AcDbLine
 10
800.5959999999965
 20
-471.7180000000041
 30
0.0
 11
800.9949999999965
 21
-470.0330000000041
 31
0.0
  0
LINE
  5
56C
330
17
100
AcDbEntity
  8
0
100
AcDbLine
 10
800.9949999999965
 20
-470.0330000000041
 30
0.0
 11
801.4089999999965
 21
-468.3450000000041
 31
0.0
  0
LINE
  5
56D
330
17
100
AcDbEntity
  8
0
100
AcDbLine
 10
801.4089999999965
 20
-468.3450000000041
 30
0.0
 11
801.8399999999965
 21
-466.6550000000041
 31
0.0
  0
LINE
  5
56E
330
17
100
AcDbEntity
  8
0
100
AcDbLine
 10
801.8399999999965
 20
-466.6550000000041
 30
0.0
 11
802.2909999999965
 21
-464.96400000000415
 31
0.0
  0
LINE
  5
56F
330
17
100
AcDbEntity
  8
0
100
AcDbLine
 10
802.2909999999965
 20
-464.96400000000415
 30
0.0
 11
802.5319999999965
 21
-464.11100000000414
 31
0.0
  0
LINE
  5
570
330
17
100
AcDbEntity
  8
0
100
AcDbLine
 10
802.5319999999965
 20
-464.11100000000414
 30
0.0
 11
802.7869999999965
 21
-463.25500000000415
 31
0.0
  0
LINE
  5
571
330
17
100
AcDbEntity
  8
0
100
AcDbLine
 10
802.7869999999965
 20
-463.25500000000415
 30
0.0
 11
803.0489999999965
 21
-462.39600000000416
 31
0.0
  0
LINE
  5
572
330
17
100
AcDbEntity
  8
0
100
AcDbLine
 10
803.0489999999965
 20
-462.39600000000416
 30
0.0
 11
803.3109999999964
 21
-461.5350000000042
 31
0.0
  0
LINE
  5
573
330
17
100
AcDbEntity
  8
0
100
AcDbLine
 10
803.3109999999964
 20
-461.5350000000042
 30
0.0
 11
803.5679999999963
 21
-460.6720000000042
 31
0.0
  0
LINE
  5
574
330
17
100
AcDbEntity
  8
0
100
AcDbLine
 10
803.5679999999963
 20
-460.6720000000042
 30
0.0
 11
803.8119999999964
 21
-459.8080000000042
 31
0.0
  0
LINE
  5
575
330
17
100
AcDbEntity
  8
0
100
AcDbLine
 10
803.8119999999964
 20
-459.8080000000042
 30
0.0
 11
804.0379999999964
 21
-458.9440000000042
 31
0.0
  0
LINE
  5
576
330
17
100
AcDbEntity
  8
0
100
AcDbLine
 10
804.0379999999964
 20
-458.9440000000042
 30
0.0
 11
804.2389999999964
 21
-458.08000000000425
 31
0.0
  0
LINE
  5
577
330
17
100
AcDbEntity
  8
0
100
AcDbLine
 10
804.2389999999964
 20
-458.08000000000425
 30
0.0
 11
804.4089999999964
 21
-457.21700000000425
 31
0.0
  0
LINE
  5
578
330
17
100
AcDbEntity
  8
0
100
AcDbLine
 10
804.4089999999964
 20
-457.21700000000425
 30
0.0
 11
804.5409999999963
 21
-456.3550000000042
 31
0.0
  0
LINE
  5
579
330
17
100
AcDbEntity
  8
0
100
AcDbLine
 10
804.5409999999963
 20
-456.3550000000042
 30
0.0
 11
804.6289999999963
 21
-455.4950000000042
 31
0.0
  0
LINE
  5
57A
330
17
100
AcDbEntity
  8
0
100
AcDbLine
 10
804.6289999999963
 20
-455.4950000000042
 30
0.0
 11
804.6659999999963
 21
-454.6370000000042
 31
0.0
  0
LINE
  5
57B
330
17
100
AcDbEntity
  8
0
100
AcDbLine
 10
804.6659999999963
 20
-454.6370000000042
 30
0.0
 11
804.6459999999963
 21
-453.7820000000042
 31
0.0
  0
LINE
  5
57C
330
17
100
AcDbEntity
  8
0
100
AcDbLine
 10
804.6459999999963
 20
-453.7820000000042
 30
0.0
 11
804.5629999999964
 21
-452.9300000000042
 31
0.0
  0
LINE
  5
57D
330
17
100
AcDbEntity
  8
0
100
AcDbLine
 10
804.5629999999964
 20
-452.9300000000042
 30
0.0
 11
804.4099999999963
 21
-452.0820000000042
 31
0.0
  0
LINE
  5
57E
330
17
100
AcDbEntity
  8
0
100
AcDbLine
 10
804.4099999999963
 20
-452.0820000000042
 30
0.0
 11
804.1809999999963
 21
-451.2390000000042
 31
0.0
  0
LINE
  5
57F
330
17
100
AcDbEntity
  8
0
100
AcDbLine
 10
791.4599999999963
 20
-365.57400000000416
 30
0.0
 11
792.9619999999962
 21
-365.29800000000415
 31
0.0
  0
LINE
  5
580
330
17
100
AcDbEntity
  8
0
100
AcDbLine
 10
792.9619999999962
 20
-365.29800000000415
 30
0.0
 11
794.4469999999963
 21
-365.0230000000042
 31
0.0
  0
LINE
  5
581
330
17
100
AcDbEntity
  8
0
100
AcDbLine
 10
794.4469999999963
 20
-365.0230000000042
 30
0.0
 11
795.9169999999963
 21
-364.7510000000042
 31
0.0
  0
LINE
  5
582
330
17
100
AcDbEntity
  8
0
100
AcDbLine
 10
795.9169999999963
 20
-364.7510000000042
 30
0.0
 11
797.3749999999962
 21
-364.4830000000042
 31
0.0
  0
LINE
  5
583
330
17
100
AcDbEntity
  8
0
100
AcDbLine
 10
797.3749999999962
 20
-364.4830000000042
 30
0.0
 11
798.8239999999962
 21
-364.22000000000423
 31
0.0
  0
LINE
  5
584
330
17
100
AcDbEntity
  8
0
100
AcDbLine
 10
798.8239999999962
 20
-364.22000000000423
 30
0.0
 11
800.2659999999962
 21
-363.96400000000426
 31
0.0
  0
LINE
  5
585
330
17
100
AcDbEntity
  8
0
100
AcDbLine
 10
800.2659999999962
 20
-363.96400000000426
 30
0.0
 11
801.7039999999962
 21
-363.71600000000427
 31
0.0
  0
LINE
  5
586
330
17
100
AcDbEntity
  8
0
100
AcDbLine
 10
801.7039999999962
 20
-363.71600000000427
 30
0.0
 11
803.1409999999962
 21
-363.4780000000043
 31
0.0
  0
LINE
  5
587
330
17
100
AcDbEntity
  8
0
100
AcDbLine
 10
803.1409999999962
 20
-363.4780000000043
 30
0.0
 11
804.5789999999962
 21
-363.2510000000043
 31
0.0
  0
LINE
  5
588
330
17
100
AcDbEntity
  8
0
100
AcDbLine
 10
804.5789999999962
 20
-363.2510000000043
 30
0.0
 11
806.0219999999962
 21
-363.0360000000043
 31
0.0
  0
LINE
  5
589
330
17
100
AcDbEntity
  8
0
100
AcDbLine
 10
806.0219999999962
 20
-363.0360000000043
 30
0.0
 11
807.4709999999961
 21
-362.8350000000043
 31
0.0
  0
LINE
  5
58A
330
17
100
AcDbEntity
  8
0
100
AcDbLine
 10
807.4709999999961
 20
-362.8350000000043
 30
0.0
 11
808.9299999999961
 21
-362.6490000000043
 31
0.0
  0
LINE
  5
58B
330
17
100
AcDbEntity
  8
0
100
AcDbLine
 10
808.9299999999961
 20
-362.6490000000043
 30
0.0
 11
810.4009999999961
 21
-362.48000000000434
 31
0.0
  0
LINE
  5
58C
330
17
100
AcDbEntity
  8
0
100
AcDbLine
 10
810.4009999999961
 20
-362.48000000000434
 30
0.0
 11
811.8869999999961
 21
-362.3290000000043
 31
0.0
  0
LINE
  5
58D
330
17
100
AcDbEntity
  8
0
100
AcDbLine
 10
811.8869999999961
 20
-362.3290000000043
 30
0.0
 11
813.3899999999961
 21
-362.1970000000043
 31
0.0
  0
LINE
  5
58E
330
17
100
AcDbEntity
  8
0
100
AcDbLine
 10
813.3899999999961
 20
-362.1970000000043
 30
0.0
 11
814.9129999999961
 21
-362.08600000000433
 31
0.0
  0
LINE
  5
58F
330
17
100
AcDbEntity
  8
0
100
AcDbLine
 10
814.9129999999961
 20
-362.08600000000433
 30
0.0
 11
815.7119999999961
 21
-362.03500000000435
 31
0.0
  0
LINE
  5
590
330
17
100
AcDbEntity
  8
0
100
AcDbLine
 10
815.7119999999961
 20
-362.03500000000435
 30
0.0
 11
816.5109999999961
 21
-361.98500000000433
 31
0.0
  0
LINE
  5
591
330
17
100
AcDbEntity
  8
0
100
AcDbLine
 10
816.5109999999961
 20
-361.98500000000433
 30
0.0
 11
817.3099999999961
 21
-361.93700000000433
 31
0.0
  0
LINE
  5
592
330
17
100
AcDbEntity
  8
0
100
AcDbLine
 10
817.3099999999961
 20
-361.93700000000433
 30
0.0
 11
818.1089999999961
 21
-361.8900000000043
 31
0.0
  0
LINE
  5
593
330
17
100
AcDbEntity
  8
0
100
AcDbLine
 10
818.1089999999961
 20
-361.8900000000043
 30
0.0
 11
818.907999999996
 21
-361.8440000000043
 31
0.0
  0
LINE
  5
594
330
17
100
AcDbEntity
  8
0
100
AcDbLine
 10
818.907999999996
 20
-361.8440000000043
 30
0.0
 11
819.707999999996
 21
-361.80000000000433
 31
0.0
  0
LINE
  5
595
330
17
100
AcDbEntity
  8
0
100
AcDbLine
 10
819.707999999996
 20
-361.80000000000433
 30
0.0
 11
820.507999999996
 21
-361.7570000000043
 31
0.0
  0
LINE
  5
596
330
17
100
AcDbEntity
  8
0
100
AcDbLine
 10
820.507999999996
 20
-361.7570000000043
 30
0.0
 11
821.3079999999959
 21
-361.71500000000435
 31
0.0
  0
LINE
  5
597
330
17
100
AcDbEntity
  8
0
100
AcDbLine
 10
821.3079999999959
 20
-361.71500000000435
 30
0.0
 11
822.1079999999959
 21
-361.6730000000044
 31
0.0
  0
LINE
  5
598
330
17
100
AcDbEntity
  8
0
100
AcDbLine
 10
822.1079999999959
 20
-361.6730000000044
 30
0.0
 11
822.9079999999958
 21
-361.6320000000044
 31
0.0
  0
LINE
  5
599
330
17
100
AcDbEntity
  8
0
100
AcDbLine
 10
822.9079999999958
 20
-361.6320000000044
 30
0.0
 11
823.7079999999958
 21
-361.59200000000436
 31
0.0
  0
LINE
  5
59A
330
17
100
AcDbEntity
  8
0
100
AcDbLine
 10
823.7079999999958
 20
-361.59200000000436
 30
0.0
 11
824.5079999999957
 21
-361.55200000000434
 31
0.0
  0
LINE
  5
59B
330
17
100
AcDbEntity
  8
0
100
AcDbLine
 10
824.5079999999957
 20
-361.55200000000434
 30
0.0
 11
825.3079999999957
 21
-361.51300000000435
 31
0.0
  0
LINE
  5
59C
330
17
100
AcDbEntity
  8
0
100
AcDbLine
 10
825.3079999999957
 20
-361.51300000000435
 30
0.0
 11
826.1079999999956
 21
-361.47400000000437
 31
0.0
  0
LINE
  5
59D
330
17
100
AcDbEntity
  8
0
100
AcDbLine
 10
826.1079999999956
 20
-361.47400000000437
 30
0.0
 11
826.9079999999956
 21
-361.4350000000044
 31
0.0
  0
LINE
  5
59E
330
17
100
AcDbEntity
  8
0
100
AcDbLine
 10
826.9079999999956
 20
-361.4350000000044
 30
0.0
 11
827.7079999999955
 21
-361.3960000000044
 31
0.0
  0
LINE
  5
59F
330
17
100
AcDbEntity
  8
0
100
AcDbLine
 10
827.7079999999955
 20
-361.3960000000044
 30
0.0
 11
828.3499999999956
 21
-361.36100000000437
 31
0.0
  0
LINE
  5
5A0
330
17
100
AcDbEntity
  8
0
100
AcDbLine
 10
828.3499999999956
 20
-361.36100000000437
 30
0.0
 11
828.9559999999956
 21
-361.31800000000436
 31
0.0
  0
LINE
  5
5A1
330
17
100
AcDbEntity
  8
0
100
AcDbLine
 10
828.9559999999956
 20
-361.31800000000436
 30
0.0
 11
829.5299999999955
 21
-361.2640000000044
 31
0.0
  0
LINE
  5
5A2
330
17
100
AcDbEntity
  8
0
100
AcDbLine
 10
829.5299999999955
 20
-361.2640000000044
 30
0.0
 11
830.0759999999956
 21
-361.1970000000044
 31
0.0
  0
LINE
  5
5A3
330
17
100
AcDbEntity
  8
0
100
AcDbLine
 10
830.0759999999956
 20
-361.1970000000044
 30
0.0
 11
830.5969999999955
 21
-361.11400000000435
 31
0.0
  0
LINE
  5
5A4
330
17
100
AcDbEntity
  8
0
100
AcDbLine
 10
830.5969999999955
 20
-361.11400000000435
 30
0.0
 11
831.0969999999955
 21
-361.01300000000435
 31
0.0
  0
LINE
  5
5A5
330
17
100
AcDbEntity
  8
0
100
AcDbLine
 10
831.0969999999955
 20
-361.01300000000435
 30
0.0
 11
831.5789999999955
 21
-360.89000000000436
 31
0.0
  0
LINE
  5
5A6
330
17
100
AcDbEntity
  8
0
100
AcDbLine
 10
831.5789999999955
 20
-360.89000000000436
 30
0.0
 11
832.0479999999956
 21
-360.74400000000435
 31
0.0
  0
LINE
  5
5A7
330
17
100
AcDbEntity
  8
0
100
AcDbLine
 10
832.0479999999956
 20
-360.74400000000435
 30
0.0
 11
832.5059999999955
 21
-360.57100000000435
 31
0.0
  0
LINE
  5
5A8
330
17
100
AcDbEntity
  8
0
100
AcDbLine
 10
832.5059999999955
 20
-360.57100000000435
 30
0.0
 11
832.9579999999955
 21
-360.36900000000435
 31
0.0
  0
LINE
  5
5A9
330
17
100
AcDbEntity
  8
0
100
AcDbLine
 10
832.9579999999955
 20
-360.36900000000435
 30
0.0
 11
833.4069999999955
 21
-360.13500000000437
 31
0.0
  0
LINE
  5
5AA
330
17
100
AcDbEntity
  8
0
100
AcDbLine
 10
833.4069999999955
 20
-360.13500000000437
 30
0.0
 11
833.8569999999955
 21
-359.8670000000044
 31
0.0
  0
LINE
  5
5AB
330
17
100
AcDbEntity
  8
0
100
AcDbLine
 10
833.8569999999955
 20
-359.8670000000044
 30
0.0
 11
834.3109999999955
 21
-359.5620000000044
 31
0.0
  0
LINE
  5
5AC
330
17
100
AcDbEntity
  8
0
100
AcDbLine
 10
834.3109999999955
 20
-359.5620000000044
 30
0.0
 11
834.7739999999955
 21
-359.21700000000436
 31
0.0
  0
LINE
  5
5AD
330
17
100
AcDbEntity
  8
0
100
AcDbLine
 10
834.7739999999955
 20
-359.21700000000436
 30
0.0
 11
835.2479999999955
 21
-358.83000000000436
 31
0.0
  0
LINE
  5
5AE
330
17
100
AcDbEntity
  8
0
100
AcDbLine
 10
835.2479999999955
 20
-358.83000000000436
 30
0.0
 11
835.7379999999955
 21
-358.39800000000434
 31
0.0
  0
LINE
  5
5AF
330
17
100
AcDbEntity
  8
0
100
AcDbLine
 10
835.7379999999955
 20
-358.39800000000434
 30
0.0
 11
835.8449999999955
 21
-358.30200000000434
 31
0.0
  0
LINE
  5
5B0
330
17
100
AcDbEntity
  8
0
100
AcDbLine
 10
835.8449999999955
 20
-358.30200000000434
 30
0.0
 11
835.9569999999954
 21
-358.2020000000043
 31
0.0
  0
LINE
  5
5B1
330
17
100
AcDbEntity
  8
0
100
AcDbLine
 10
835.9569999999954
 20
-358.2020000000043
 30
0.0
 11
836.0719999999955
 21
-358.0990000000043
 31
0.0
  0
LINE
  5
5B2
330
17
100
AcDbEntity
  8
0
100
AcDbLine
 10
836.0719999999955
 20
-358.0990000000043
 30
0.0
 11
836.1879999999954
 21
-357.9920000000043
 31
0.0
  0
LINE
  5
5B3
330
17
100
AcDbEntity
  8
0
100
AcDbLine
 10
836.1879999999954
 20
-357.9920000000043
 30
0.0
 11
836.3029999999954
 21
-357.8810000000043
 31
0.0
  0
LINE
  5
5B4
330
17
100
AcDbEntity
  8
0
100
AcDbLine
 10
836.3029999999954
 20
-357.8810000000043
 30
0.0
 11
836.4159999999955
 21
-357.7660000000043
 31
0.0
  0
LINE
  5
5B5
330
17
100
AcDbEntity
  8
0
100
AcDbLine
 10
836.4159999999955
 20
-357.7660000000043
 30
0.0
 11
836.5239999999955
 21
-357.64700000000425
 31
0.0
  0
LINE
  5
5B6
330
17
100
AcDbEntity
  8
0
100
AcDbLine
 10
836.5239999999955
 20
-357.64700000000425
 30
0.0
 11
836.6259999999954
 21
-357.52300000000423
 31
0.0
  0
LINE
  5
5B7
330
17
100
AcDbEntity
  8
0
100
AcDbLine
 10
836.6259999999954
 20
-357.52300000000423
 30
0.0
 11
836.7189999999954
 21
-357.3940000000042
 31
0.0
  0
LINE
  5
5B8
330
17
100
AcDbEntity
  8
0
100
AcDbLine
 10
836.7189999999954
 20
-357.3940000000042
 30
0.0
 11
836.8019999999954
 21
-357.2600000000042
 31
0.0
  0
LINE
  5
5B9
330
17
100
AcDbEntity
  8
0
100
AcDbLine
 10
836.8019999999954
 20
-357.2600000000042
 30
0.0
 11
836.8729999999954
 21
-357.1210000000042
 31
0.0
  0
LINE
  5
5BA
330
17
100
AcDbEntity
  8
0
100
AcDbLine
 10
836.8729999999954
 20
-357.1210000000042
 30
0.0
 11
836.9299999999954
 21
-356.9760000000042
 31
0.0
  0
LINE
  5
5BB
330
17
100
AcDbEntity
  8
0
100
AcDbLine
 10
836.9299999999954
 20
-356.9760000000042
 30
0.0
 11
836.9709999999955
 21
-356.8250000000042
 31
0.0
  0
LINE
  5
5BC
330
17
100
AcDbEntity
  8
0
100
AcDbLine
 10
836.9709999999955
 20
-356.8250000000042
 30
0.0
 11
836.9939999999955
 21
-356.6680000000042
 31
0.0
  0
LINE
  5
5BD
330
17
100
AcDbEntity
  8
0
100
AcDbLine
 10
836.9939999999955
 20
-356.6680000000042
 30
0.0
 11
836.9969999999955
 21
-356.5050000000042
 31
0.0
  0
LINE
  5
5BE
330
17
100
AcDbEntity
  8
0
100
AcDbLine
 10
836.9969999999955
 20
-356.5050000000042
 30
0.0
 11
836.9779999999955
 21
-356.3350000000042
 31
0.0
  0
LINE
  5
5BF
330
17
100
AcDbEntity
  8
0
100
AcDbLine
 10
836.9779999999955
 20
-356.3350000000042
 30
0.0
 11
836.9699999999955
 21
-356.2910000000042
 31
0.0
  0
LINE
  5
5C0
330
17
100
AcDbEntity
  8
0
100
AcDbLine
 10
836.9699999999955
 20
-356.2910000000042
 30
0.0
 11
836.9599999999955
 21
-356.2480000000042
 31
0.0
  0
LINE
  5
5C1
330
17
100
AcDbEntity
  8
0
100
AcDbLine
 10
836.9599999999955
 20
-356.2480000000042
 30
0.0
 11
836.9489999999955
 21
-356.2070000000042
 31
0.0
  0
LINE
  5
5C2
330
17
100
AcDbEntity
  8
0
100
AcDbLine
 10
836.9489999999955
 20
-356.2070000000042
 30
0.0
 11
836.9369999999956
 21
-356.1670000000042
 31
0.0
  0
LINE
  5
5C3
330
17
100
AcDbEntity
  8
0
100
AcDbLine
 10
836.9369999999956
 20
-356.1670000000042
 30
0.0
 11
836.9239999999955
 21
-356.12900000000417
 31
0.0
  0
LINE
  5
5C4
330
17
100
AcDbEntity
  8
0
100
AcDbLine
 10
836.9239999999955
 20
-356.12900000000417
 30
0.0
 11
836.9099999999955
 21
-356.0920000000042
 31
0.0
  0
LINE
  5
5C5
330
17
100
AcDbEntity
  8
0
100
AcDbLine
 10
836.9099999999955
 20
-356.0920000000042
 30
0.0
 11
836.8949999999955
 21
-356.0560000000042
 31
0.0
  0
LINE
  5
5C6
330
17
100
AcDbEntity
  8
0
100
AcDbLine
 10
836.8949999999955
 20
-356.0560000000042
 30
0.0
 11
836.8789999999956
 21
-356.0220000000042
 31
0.0
  0
LINE
  5
5C7
330
17
100
AcDbEntity
  8
0
100
AcDbLine
 10
836.8789999999956
 20
-356.0220000000042
 30
0.0
 11
836.8619999999955
 21
-355.9890000000042
 31
0.0
  0
LINE
  5
5C8
330
17
100
AcDbEntity
  8
0
100
AcDbLine
 10
836.8619999999955
 20
-355.9890000000042
 30
0.0
 11
836.8439999999955
 21
-355.9570000000042
 31
0.0
  0
LINE
  5
5C9
330
17
100
AcDbEntity
  8
0
100
AcDbLine
 10
836.8439999999955
 20
-355.9570000000042
 30
0.0
 11
836.8249999999955
 21
-355.9270000000042
 31
0.0
  0
LINE
  5
5CA
330
17
100
AcDbEntity
  8
0
100
AcDbLine
 10
836.8249999999955
 20
-355.9270000000042
 30
0.0
 11
836.8049999999955
 21
-355.89800000000423
 31
0.0
  0
LINE
  5
5CB
330
17
100
AcDbEntity
  8
0
100
AcDbLine
 10
836.8049999999955
 20
-355.89800000000423
 30
0.0
 11
836.7849999999955
 21
-355.8700000000042
 31
0.0
  0
LINE
  5
5CC
330
17
100
AcDbEntity
  8
0
100
AcDbLine
 10
836.7849999999955
 20
-355.8700000000042
 30
0.0
 11
836.7639999999956
 21
-355.8430000000042
 31
0.0
  0
LINE
  5
5CD
330
17
100
AcDbEntity
  8
0
100
AcDbLine
 10
836.7639999999956
 20
-355.8430000000042
 30
0.0
 11
836.7419999999955
 21
-355.81800000000425
 31
0.0
  0
LINE
  5
5CE
330
17
100
AcDbEntity
  8
0
100
AcDbLine
 10
836.7419999999955
 20
-355.81800000000425
 30
0.0
 11
836.7189999999955
 21
-355.79400000000425
 31
0.0
  0
LINE
  5
5CF
330
17
100
AcDbEntity
  8
0
100
AcDbLine
 10
836.7189999999955
 20
-355.79400000000425
 30
0.0
 11
836.6239999999955
 21
-355.7110000000042
 31
0.0
  0
LINE
  5
5D0
330
17
100
AcDbEntity
  8
0
100
AcDbLine
 10
836.6239999999955
 20
-355.7110000000042
 30
0.0
 11
836.5179999999955
 21
-355.6440000000042
 31
0.0
  0
LINE
  5
5D1
330
17
100
AcDbEntity
  8
0
100
AcDbLine
 10
836.5179999999955
 20
-355.6440000000042
 30
0.0
 11
836.4019999999955
 21
-355.59000000000424
 31
0.0
  0
LINE
  5
5D2
330
17
100
AcDbEntity
  8
0
100
AcDbLine
 10
836.4019999999955
 20
-355.59000000000424
 30
0.0
 11
836.2769999999955
 21
-355.54900000000424
 31
0.0
  0
LINE
  5
5D3
330
17
100
AcDbEntity
  8
0
100
AcDbLine
 10
836.2769999999955
 20
-355.54900000000424
 30
0.0
 11
836.1449999999955
 21
-355.51900000000427
 31
0.0
  0
LINE
  5
5D4
330
17
100
AcDbEntity
  8
0
100
AcDbLine
 10
836.1449999999955
 20
-355.51900000000427
 30
0.0
 11
836.0059999999955
 21
-355.49800000000425
 31
0.0
  0
LINE
  5
5D5
330
17
100
AcDbEntity
  8
0
100
AcDbLine
 10
836.0059999999955
 20
-355.49800000000425
 30
0.0
 11
835.8619999999955
 21
-355.4850000000043
 31
0.0
  0
LINE
  5
5D6
330
17
100
AcDbEntity
  8
0
100
AcDbLine
 10
835.8619999999955
 20
-355.4850000000043
 30
0.0
 11
835.7139999999955
 21
-355.4780000000043
 31
0.0
  0
LINE
  5
5D7
330
17
100
AcDbEntity
  8
0
100
AcDbLine
 10
835.7139999999955
 20
-355.4780000000043
 30
0.0
 11
835.5619999999955
 21
-355.4770000000043
 31
0.0
  0
LINE
  5
5D8
330
17
100
AcDbEntity
  8
0
100
AcDbLine
 10
835.5619999999955
 20
-355.4770000000043
 30
0.0
 11
835.4079999999955
 21
-355.4790000000043
 31
0.0
  0
LINE
  5
5D9
330
17
100
AcDbEntity
  8
0
100
AcDbLine
 10
835.4079999999955
 20
-355.4790000000043
 30
0.0
 11
835.2529999999955
 21
-355.4840000000043
 31
0.0
  0
LINE
  5
5DA
330
17
100
AcDbEntity
  8
0
100
AcDbLine
 10
835.2529999999955
 20
-355.4840000000043
 30
0.0
 11
835.0979999999955
 21
-355.4890000000043
 31
0.0
  0
LINE
  5
5DB
330
17
100
AcDbEntity
  8
0
100
AcDbLine
 10
835.0979999999955
 20
-355.4890000000043
 30
0.0
 11
834.9439999999955
 21
-355.4940000000043
 31
0.0
  0
LINE
  5
5DC
330
17
100
AcDbEntity
  8
0
100
AcDbLine
 10
834.9439999999955
 20
-355.4940000000043
 30
0.0
 11
834.7929999999956
 21
-355.4970000000043
 31
0.0
  0
LINE
  5
5DD
330
17
100
AcDbEntity
  8
0
100
AcDbLine
 10
834.7929999999956
 20
-355.4970000000043
 30
0.0
 11
834.6449999999955
 21
-355.4960000000043
 31
0.0
  0
LINE
  5
5DE
330
17
100
AcDbEntity
  8
0
100
AcDbLine
 10
834.6449999999955
 20
-355.4960000000043
 30
0.0
 11
834.5019999999955
 21
-355.49000000000433
 31
0.0
  0
LINE
  5
5DF
330
17
100
AcDbEntity
  8
0
100
AcDbLine
 10
834.5019999999955
 20
-355.49000000000433
 30
0.0
 11
834.0419999999955
 21
-355.46100000000433
 31
0.0
  0
LINE
  5
5E0
330
17
100
AcDbEntity
  8
0
100
AcDbLine
 10
834.0419999999955
 20
-355.46100000000433
 30
0.0
 11
833.5819999999954
 21
-355.4330000000043
 31
0.0
  0
LINE
  5
5E1
330
17
100
AcDbEntity
  8
0
100
AcDbLine
 10
833.5819999999954
 20
-355.4330000000043
 30
0.0
 11
833.1219999999954
 21
-355.4050000000043
 31
0.0
  0
LINE
  5
5E2
330
17
100
AcDbEntity
  8
0
100
AcDbLine
 10
833.1219999999954
 20
-355.4050000000043
 30
0.0
 11
832.6619999999954
 21
-355.3780000000043
 31
0.0
  0
LINE
  5
5E3
330
17
100
AcDbEntity
  8
0
100
AcDbLine
 10
832.6619999999954
 20
-355.3780000000043
 30
0.0
 11
832.2019999999953
 21
-355.3510000000043
 31
0.0
  0
LINE
  5
5E4
330
17
100
AcDbEntity
  8
0
100
AcDbLine
 10
832.2019999999953
 20
-355.3510000000043
 30
0.0
 11
831.7419999999953
 21
-355.3250000000043
 31
0.0
  0
LINE
  5
5E5
330
17
100
AcDbEntity
  8
0
100
AcDbLine
 10
831.7419999999953
 20
-355.3250000000043
 30
0.0
 11
831.2819999999953
 21
-355.2990000000043
 31
0.0
  0
LINE
  5
5E6
330
17
100
AcDbEntity
  8
0
100
AcDbLine
 10
831.2819999999953
 20
-355.2990000000043
 30
0.0
 11
830.8219999999952
 21
-355.2740000000043
 31
0.0
  0
LINE
  5
5E7
330
17
100
AcDbEntity
  8
0
100
AcDbLine
 10
830.8219999999952
 20
-355.2740000000043
 30
0.0
 11
830.3619999999952
 21
-355.24900000000434
 31
0.0
  0
LINE
  5
5E8
330
17
100
AcDbEntity
  8
0
100
AcDbLine
 10
830.3619999999952
 20
-355.24900000000434
 30
0.0
 11
829.9019999999952
 21
-355.22500000000434
 31
0.0
  0
LINE
  5
5E9
330
17
100
AcDbEntity
  8
0
100
AcDbLine
 10
829.9019999999952
 20
-355.22500000000434
 30
0.0
 11
829.4419999999951
 21
-355.20100000000434
 31
0.0
  0
LINE
  5
5EA
330
17
100
AcDbEntity
  8
0
100
AcDbLine
 10
829.4419999999951
 20
-355.20100000000434
 30
0.0
 11
828.9819999999951
 21
-355.1780000000043
 31
0.0
  0
LINE
  5
5EB
330
17
100
AcDbEntity
  8
0
100
AcDbLine
 10
828.9819999999951
 20
-355.1780000000043
 30
0.0
 11
828.521999999995
 21
-355.1550000000043
 31
0.0
  0
LINE
  5
5EC
330
17
100
AcDbEntity
  8
0
100
AcDbLine
 10
828.521999999995
 20
-355.1550000000043
 30
0.0
 11
828.061999999995
 21
-355.1330000000043
 31
0.0
  0
LINE
  5
5ED
330
17
100
AcDbEntity
  8
0
100
AcDbLine
 10
828.061999999995
 20
-355.1330000000043
 30
0.0
 11
827.601999999995
 21
-355.1110000000043
 31
0.0
  0
LINE
  5
5EE
330
17
100
AcDbEntity
  8
0
100
AcDbLine
 10
827.601999999995
 20
-355.1110000000043
 30
0.0
 11
827.1419999999949
 21
-355.0900000000043
 31
0.0
  0
LINE
  5
5EF
330
17
100
AcDbEntity
  8
0
100
AcDbLine
 10
827.1419999999949
 20
-355.0900000000043
 30
0.0
 11
826.2139999999949
 21
-355.0480000000043
 31
0.0
  0
LINE
  5
5F0
330
17
100
AcDbEntity
  8
0
100
AcDbLine
 10
826.2139999999949
 20
-355.0480000000043
 30
0.0
 11
825.2859999999949
 21
-355.0080000000043
 31
0.0
  0
LINE
  5
5F1
330
17
100
AcDbEntity
  8
0
100
AcDbLine
 10
825.2859999999949
 20
-355.0080000000043
 30
0.0
 11
824.357999999995
 21
-354.9700000000043
 31
0.0
  0
LINE
  5
5F2
330
17
100
AcDbEntity
  8
0
100
AcDbLine
 10
824.357999999995
 20
-354.9700000000043
 30
0.0
 11
823.429999999995
 21
-354.9340000000043
 31
0.0
  0
LINE
  5
5F3
330
17
100
AcDbEntity
  8
0
100
AcDbLine
 10
823.429999999995
 20
-354.9340000000043
 30
0.0
 11
822.501999999995
 21
-354.89900000000426
 31
0.0
  0
LINE
  5
5F4
330
17
100
AcDbEntity
  8
0
100
AcDbLine
 10
822.501999999995
 20
-354.89900000000426
 30
0.0
 11
821.573999999995
 21
-354.86600000000425
 31
0.0
  0
LINE
  5
5F5
330
17
100
AcDbEntity
  8
0
100
AcDbLine
 10
821.573999999995
 20
-354.86600000000425
 30
0.0
 11
820.645999999995
 21
-354.83500000000424
 31
0.0
  0
LINE
  5
5F6
330
17
100
AcDbEntity
  8
0
100
AcDbLine
 10
820.645999999995
 20
-354.83500000000424
 30
0.0
 11
819.717999999995
 21
-354.80500000000427
 31
0.0
  0
LINE
  5
5F7
330
17
100
AcDbEntity
  8
0
100
AcDbLine
 10
819.717999999995
 20
-354.80500000000427
 30
0.0
 11
818.789999999995
 21
-354.77700000000425
 31
0.0
  0
LINE
  5
5F8
330
17
100
AcDbEntity
  8
0
100
AcDbLine
 10
818.789999999995
 20
-354.77700000000425
 30
0.0
 11
817.861999999995
 21
-354.75000000000426
 31
0.0
  0
LINE
  5
5F9
330
17
100
AcDbEntity
  8
0
100
AcDbLine
 10
817.861999999995
 20
-354.75000000000426
 30
0.0
 11
816.933999999995
 21
-354.7250000000043
 31
0.0
  0
LINE
  5
5FA
330
17
100
AcDbEntity
  8
0
100
AcDbLine
 10
816.933999999995
 20
-354.7250000000043
 30
0.0
 11
816.005999999995
 21
-354.7010000000043
 31
0.0
  0
LINE
  5
5FB
330
17
100
AcDbEntity
  8
0
100
AcDbLine
 10
816.005999999995
 20
-354.7010000000043
 30
0.0
 11
815.077999999995
 21
-354.6790000000043
 31
0.0
  0
LINE
  5
5FC
330
17
100
AcDbEntity
  8
0
100
AcDbLine
 10
815.077999999995
 20
-354.6790000000043
 30
0.0
 11
814.149999999995
 21
-354.6580000000043
 31
0.0
  0
LINE
  5
5FD
330
17
100
AcDbEntity
  8
0
100
AcDbLine
 10
814.149999999995
 20
-354.6580000000043
 30
0.0
 11
813.221999999995
 21
-354.6380000000043
 31
0.0
  0
LINE
  5
5FE
330
17
100
AcDbEntity
  8
0
100
AcDbLine
 10
813.221999999995
 20
-354.6380000000043
 30
0.0
 11
812.293999999995
 21
-354.6200000000043
 31
0.0
  0
LINE
  5
5FF
330
17
100
AcDbEntity
  8
0
100
AcDbLine
 10
812.293999999995
 20
-354.6200000000043
 30
0.0
 11
810.459999999995
 21
-354.58800000000434
 31
0.0
  0
LINE
  5
600
330
17
100
AcDbEntity
  8
0
100
AcDbLine
 10
810.459999999995
 20
-354.58800000000434
 30
0.0
 11
808.6259999999951
 21
-354.56100000000436
 31
0.0
  0
LINE
  5
601
330
17
100
AcDbEntity
  8
0
100
AcDbLine
 10
808.6259999999951
 20
-354.56100000000436
 30
0.0
 11
806.7919999999951
 21
-354.53900000000436
 31
0.0
  0
LINE
  5
602
330
17
100
AcDbEntity
  8
0
100
AcDbLine
 10
806.7919999999951
 20
-354.53900000000436
 30
0.0
 11
804.9579999999952
 21
-354.5210000000044
 31
0.0
  0
LINE
  5
603
330
17
100
AcDbEntity
  8
0
100
AcDbLine
 10
804.9579999999952
 20
-354.5210000000044
 30
0.0
 11
803.1239999999952
 21
-354.5080000000044
 31
0.0
  0
LINE
  5
604
330
17
100
AcDbEntity
  8
0
100
AcDbLine
 10
803.1239999999952
 20
-354.5080000000044
 30
0.0
 11
801.2899999999953
 21
-354.4990000000044
 31
0.0
  0
LINE
  5
605
330
17
100
AcDbEntity
  8
0
100
AcDbLine
 10
801.2899999999953
 20
-354.4990000000044
 30
0.0
 11
799.4559999999954
 21
-354.4940000000044
 31
0.0
  0
LINE
  5
606
330
17
100
AcDbEntity
  8
0
100
AcDbLine
 10
799.4559999999954
 20
-354.4940000000044
 30
0.0
 11
797.6219999999954
 21
-354.49300000000443
 31
0.0
  0
LINE
  5
607
330
17
100
AcDbEntity
  8
0
100
AcDbLine
 10
797.6219999999954
 20
-354.49300000000443
 30
0.0
 11
795.7879999999955
 21
-354.4960000000044
 31
0.0
  0
LINE
  5
608
330
17
100
AcDbEntity
  8
0
100
AcDbLine
 10
795.7879999999955
 20
-354.4960000000044
 30
0.0
 11
793.9539999999955
 21
-354.5020000000044
 31
0.0
  0
LINE
  5
609
330
17
100
AcDbEntity
  8
0
100
AcDbLine
 10
793.9539999999955
 20
-354.5020000000044
 30
0.0
 11
792.1199999999956
 21
-354.5110000000044
 31
0.0
  0
LINE
  5
60A
330
17
100
AcDbEntity
  8
0
100
AcDbLine
 10
792.1199999999956
 20
-354.5110000000044
 30
0.0
 11
790.2859999999956
 21
-354.5230000000044
 31
0.0
  0
LINE
  5
60B
330
17
100
AcDbEntity
  8
0
100
AcDbLine
 10
790.2859999999956
 20
-354.5230000000044
 30
0.0
 11
788.4519999999957
 21
-354.5380000000044
 31
0.0
  0
LINE
  5
60C
330
17
100
AcDbEntity
  8
0
100
AcDbLine
 10
788.4519999999957
 20
-354.5380000000044
 30
0.0
 11
786.6179999999957
 21
-354.55600000000436
 31
0.0
  0
LINE
  5
60D
330
17
100
AcDbEntity
  8
0
100
AcDbLine
 10
786.6179999999957
 20
-354.55600000000436
 30
0.0
 11
784.7839999999958
 21
-354.57600000000434
 31
0.0
  0
LINE
  5
60E
330
17
100
AcDbEntity
  8
0
100
AcDbLine
 10
784.7839999999958
 20
-354.57600000000434
 30
0.0
 11
782.9499999999958
 21
-354.59900000000437
 31
0.0
  0
LINE
  5
60F
330
17
100
AcDbEntity
  8
0
100
AcDbLine
 10
782.9499999999958
 20
-354.59900000000437
 30
0.0
 11
782.3039999999959
 21
-354.6080000000044
 31
0.0
  0
LINE
  5
610
330
17
100
AcDbEntity
  8
0
100
AcDbLine
 10
782.3039999999959
 20
-354.6080000000044
 30
0.0
 11
781.6579999999959
 21
-354.6180000000044
 31
0.0
  0
LINE
  5
611
330
17
100
AcDbEntity
  8
0
100
AcDbLine
 10
781.6579999999959
 20
-354.6180000000044
 30
0.0
 11
781.011999999996
 21
-354.6290000000044
 31
0.0
  0
LINE
  5
612
330
17
100
AcDbEntity
  8
0
100
AcDbLine
 10
781.011999999996
 20
-354.6290000000044
 30
0.0
 11
780.365999999996
 21
-354.6410000000044
 31
0.0
  0
LINE
  5
613
330
17
100
AcDbEntity
  8
0
100
AcDbLine
 10
780.365999999996
 20
-354.6410000000044
 30
0.0
 11
779.719999999996
 21
-354.6540000000044
 31
0.0
  0
LINE
  5
614
330
17
100
AcDbEntity
  8
0
100
AcDbLine
 10
779.719999999996
 20
-354.6540000000044
 30
0.0
 11
779.0739999999961
 21
-354.6680000000044
 31
0.0
  0
LINE
  5
615
330
17
100
AcDbEntity
  8
0
100
AcDbLine
 10
779.0739999999961
 20
-354.6680000000044
 30
0.0
 11
778.4279999999961
 21
-354.68300000000437
 31
0.0
  0
LINE
  5
616
330
17
100
AcDbEntity
  8
0
100
AcDbLine
 10
778.4279999999961
 20
-354.68300000000437
 30
0.0
 11
777.7819999999962
 21
-354.6990000000044
 31
0.0
  0
LINE
  5
617
330
17
100
AcDbEntity
  8
0
100
AcDbLine
 10
777.7819999999962
 20
-354.6990000000044
 30
0.0
 11
777.1359999999962
 21
-354.7150000000044
 31
0.0
  0
LINE
  5
618
330
17
100
AcDbEntity
  8
0
100
AcDbLine
 10
777.1359999999962
 20
-354.7150000000044
 30
0.0
 11
776.4899999999963
 21
-354.7320000000044
 31
0.0
  0
LINE
  5
619
330
17
100
AcDbEntity
  8
0
100
AcDbLine
 10
776.4899999999963
 20
-354.7320000000044
 30
0.0
 11
775.8439999999963
 21
-354.7490000000044
 31
0.0
  0
LINE
  5
61A
330
17
100
AcDbEntity
  8
0
100
AcDbLine
 10
775.8439999999963
 20
-354.7490000000044
 30
0.0
 11
775.1979999999963
 21
-354.7670000000044
 31
0.0
  0
LINE
  5
61B
330
17
100
AcDbEntity
  8
0
100
AcDbLine
 10
775.1979999999963
 20
-354.7670000000044
 30
0.0
 11
774.5519999999964
 21
-354.78500000000435
 31
0.0
  0
LINE
  5
61C
330
17
100
AcDbEntity
  8
0
100
AcDbLine
 10
774.5519999999964
 20
-354.78500000000435
 30
0.0
 11
773.9059999999964
 21
-354.8030000000043
 31
0.0
  0
LINE
  5
61D
330
17
100
AcDbEntity
  8
0
100
AcDbLine
 10
773.9059999999964
 20
-354.8030000000043
 30
0.0
 11
773.2609999999964
 21
-354.8210000000043
 31
0.0
  0
LINE
  5
61E
330
17
100
AcDbEntity
  8
0
100
AcDbLine
 10
773.2609999999964
 20
-354.8210000000043
 30
0.0
 11
772.6149999999965
 21
-354.83900000000426
 31
0.0
  0
LINE
  5
61F
330
17
100
AcDbEntity
  8
0
100
AcDbLine
 10
772.6149999999965
 20
-354.83900000000426
 30
0.0
 11
772.6169999999964
 21
-354.84700000000424
 31
0.0
  0
LINE
  5
620
330
17
100
AcDbEntity
  8
0
100
AcDbLine
 10
772.6169999999964
 20
-354.84700000000424
 30
0.0
 11
772.6179999999964
 21
-354.86900000000423
 31
0.0
  0
LINE
  5
621
330
17
100
AcDbEntity
  8
0
100
AcDbLine
 10
772.6179999999964
 20
-354.86900000000423
 30
0.0
 11
772.6179999999964
 21
-354.90400000000426
 31
0.0
  0
LINE
  5
622
330
17
100
AcDbEntity
  8
0
100
AcDbLine
 10
772.6179999999964
 20
-354.90400000000426
 30
0.0
 11
772.6169999999964
 21
-354.9490000000043
 31
0.0
  0
LINE
  5
623
330
17
100
AcDbEntity
  8
0
100
AcDbLine
 10
772.6169999999964
 20
-354.9490000000043
 30
0.0
 11
772.6149999999965
 21
-355.00300000000425
 31
0.0
  0
LINE
  5
624
330
17
100
AcDbEntity
  8
0
100
AcDbLine
 10
772.6149999999965
 20
-355.00300000000425
 30
0.0
 11
772.6129999999965
 21
-355.06300000000425
 31
0.0
  0
LINE
  5
625
330
17
100
AcDbEntity
  8
0
100
AcDbLine
 10
772.6129999999965
 20
-355.06300000000425
 30
0.0
 11
772.6099999999965
 21
-355.12800000000425
 31
0.0
  0
LINE
  5
626
330
17
100
AcDbEntity
  8
0
100
AcDbLine
 10
772.6099999999965
 20
-355.12800000000425
 30
0.0
 11
772.6069999999964
 21
-355.19500000000426
 31
0.0
  0
LINE
  5
627
330
17
100
AcDbEntity
  8
0
100
AcDbLine
 10
772.6069999999964
 20
-355.19500000000426
 30
0.0
 11
772.6039999999964
 21
-355.26300000000424
 31
0.0
  0
LINE
  5
628
330
17
100
AcDbEntity
  8
0
100
AcDbLine
 10
772.6039999999964
 20
-355.26300000000424
 30
0.0
 11
772.6009999999964
 21
-355.3290000000042
 31
0.0
  0
LINE
  5
629
330
17
100
AcDbEntity
  8
0
100
AcDbLine
 10
772.6009999999964
 20
-355.3290000000042
 30
0.0
 11
772.5979999999963
 21
-355.3920000000042
 31
0.0
  0
LINE
  5
62A
330
17
100
AcDbEntity
  8
0
100
AcDbLine
 10
772.5979999999963
 20
-355.3920000000042
 30
0.0
 11
772.5949999999963
 21
-355.4500000000042
 31
0.0
  0
LINE
  5
62B
330
17
100
AcDbEntity
  8
0
100
AcDbLine
 10
772.5949999999963
 20
-355.4500000000042
 30
0.0
 11
772.5919999999962
 21
-355.5000000000042
 31
0.0
  0
LINE
  5
62C
330
17
100
AcDbEntity
  8
0
100
AcDbLine
 10
772.5919999999962
 20
-355.5000000000042
 30
0.0
 11
772.5899999999963
 21
-355.5410000000042
 31
0.0
  0
LINE
  5
62D
330
17
100
AcDbEntity
  8
0
100
AcDbLine
 10
772.5899999999963
 20
-355.5410000000042
 30
0.0
 11
772.5879999999963
 21
-355.5710000000042
 31
0.0
  0
LINE
  5
62E
330
17
100
AcDbEntity
  8
0
100
AcDbLine
 10
772.5879999999963
 20
-355.5710000000042
 30
0.0
 11
772.5869999999964
 21
-355.5870000000042
 31
0.0
  0
LINE
  5
62F
330
17
100
AcDbEntity
  8
0
100
AcDbLine
 10
772.5869999999964
 20
-355.5870000000042
 30
0.0
 11
772.2489999999964
 21
-357.5150000000042
 31
0.0
  0
LINE
  5
630
330
17
100
AcDbEntity
  8
0
100
AcDbLine
 10
772.2489999999964
 20
-357.5150000000042
 30
0.0
 11
771.6269999999964
 21
-359.1330000000042
 31
0.0
  0
LINE
  5
631
330
17
100
AcDbEntity
  8
0
100
AcDbLine
 10
771.6269999999964
 20
-359.1330000000042
 30
0.0
 11
770.7519999999964
 21
-360.4720000000042
 31
0.0
  0
LINE
  5
632
330
17
100
AcDbEntity
  8
0
100
AcDbLine
 10
770.7519999999964
 20
-360.4720000000042
 30
0.0
 11
769.6559999999964
 21
-361.5610000000042
 31
0.0
  0
LINE
  5
633
330
17
100
AcDbEntity
  8
0
100
AcDbLine
 10
769.6559999999964
 20
-361.5610000000042
 30
0.0
 11
768.3699999999965
 21
-362.4290000000042
 31
0.0
  0
LINE
  5
634
330
17
100
AcDbEntity
  8
0
100
AcDbLine
 10
768.3699999999965
 20
-362.4290000000042
 30
0.0
 11
766.9269999999965
 21
-363.1070000000042
 31
0.0
  0
LINE
  5
635
330
17
100
AcDbEntity
  8
0
100
AcDbLine
 10
766.9269999999965
 20
-363.1070000000042
 30
0.0
 11
765.3569999999964
 21
-363.6240000000042
 31
0.0
  0
LINE
  5
636
330
17
100
AcDbEntity
  8
0
100
AcDbLine
 10
765.3569999999964
 20
-363.6240000000042
 30
0.0
 11
763.6929999999965
 21
-364.0100000000042
 31
0.0
  0
LINE
  5
637
330
17
100
AcDbEntity
  8
0
100
AcDbLine
 10
763.6929999999965
 20
-364.0100000000042
 30
0.0
 11
761.9649999999965
 21
-364.2950000000042
 31
0.0
  0
LINE
  5
638
330
17
100
AcDbEntity
  8
0
100
AcDbLine
 10
761.9649999999965
 20
-364.2950000000042
 30
0.0
 11
760.2059999999965
 21
-364.50800000000424
 31
0.0
  0
LINE
  5
639
330
17
100
AcDbEntity
  8
0
100
AcDbLine
 10
760.2059999999965
 20
-364.50800000000424
 30
0.0
 11
758.4469999999965
 21
-364.68000000000427
 31
0.0
  0
LINE
  5
63A
330
17
100
AcDbEntity
  8
0
100
AcDbLine
 10
758.4469999999965
 20
-364.68000000000427
 30
0.0
 11
756.7189999999965
 21
-364.8400000000043
 31
0.0
  0
LINE
  5
63B
330
17
100
AcDbEntity
  8
0
100
AcDbLine
 10
756.7189999999965
 20
-364.8400000000043
 30
0.0
 11
755.0549999999965
 21
-365.0180000000043
 31
0.0
  0
LINE
  5
63C
330
17
100
AcDbEntity
  8
0
100
AcDbLine
 10
755.0549999999965
 20
-365.0180000000043
 30
0.0
 11
753.4849999999965
 21
-365.2430000000043
 31
0.0
  0
LINE
  5
63D
330
17
100
AcDbEntity
  8
0
100
AcDbLine
 10
753.4849999999965
 20
-365.2430000000043
 30
0.0
 11
752.0419999999965
 21
-365.5460000000043
 31
0.0
  0
LINE
  5
63E
330
17
100
AcDbEntity
  8
0
100
AcDbLine
 10
752.0419999999965
 20
-365.5460000000043
 30
0.0
 11
750.7559999999966
 21
-365.95600000000434
 31
0.0
  0
LINE
  5
63F
330
17
100
AcDbEntity
  8
0
100
AcDbLine
 10
750.7559999999966
 20
-365.95600000000434
 30
0.0
 11
750.7209999999966
 21
-365.97000000000435
 31
0.0
  0
LINE
  5
640
330
17
100
AcDbEntity
  8
0
100
AcDbLine
 10
750.7209999999966
 20
-365.97000000000435
 30
0.0
 11
750.6869999999966
 21
-365.98400000000436
 31
0.0
  0
LINE
  5
641
330
17
100
AcDbEntity
  8
0
100
AcDbLine
 10
750.6869999999966
 20
-365.98400000000436
 30
0.0
 11
750.6529999999966
 21
-365.99900000000434
 31
0.0
  0
LINE
  5
642
330
17
100
AcDbEntity
  8
0
100
AcDbLine
 10
750.6529999999966
 20
-365.99900000000434
 30
0.0
 11
750.6189999999966
 21
-366.01400000000433
 31
0.0
  0
LINE
  5
643
330
17
100
AcDbEntity
  8
0
100
AcDbLine
 10
750.6189999999966
 20
-366.01400000000433
 30
0.0
 11
750.5849999999966
 21
-366.0290000000043
 31
0.0
  0
LINE
  5
644
330
17
100
AcDbEntity
  8
0
100
AcDbLine
 10
750.5849999999966
 20
-366.0290000000043
 30
0.0
 11
750.5509999999966
 21
-366.04500000000434
 31
0.0
  0
LINE
  5
645
330
17
100
AcDbEntity
  8
0
100
AcDbLine
 10
750.5509999999966
 20
-366.04500000000434
 30
0.0
 11
750.5169999999966
 21
-366.06100000000436
 31
0.0
  0
LINE
  5
646
330
17
100
AcDbEntity
  8
0
100
AcDbLine
 10
750.5169999999966
 20
-366.06100000000436
 30
0.0
 11
750.4829999999967
 21
-366.0770000000044
 31
0.0
  0
LINE
  5
647
330
17
100
AcDbEntity
  8
0
100
AcDbLine
 10
750.4829999999967
 20
-366.0770000000044
 30
0.0
 11
750.4489999999967
 21
-366.0930000000044
 31
0.0
  0
LINE
  5
648
330
17
100
AcDbEntity
  8
0
100
AcDbLine
 10
750.4489999999967
 20
-366.0930000000044
 30
0.0
 11
750.4149999999967
 21
-366.1090000000044
 31
0.0
  0
LINE
  5
649
330
17
100
AcDbEntity
  8
0
100
AcDbLine
 10
750.4149999999967
 20
-366.1090000000044
 30
0.0
 11
750.3809999999967
 21
-366.12500000000443
 31
0.0
  0
LINE
  5
64A
330
17
100
AcDbEntity
  8
0
100
AcDbLine
 10
750.3809999999967
 20
-366.12500000000443
 30
0.0
 11
750.3469999999967
 21
-366.14100000000445
 31
0.0
  0
LINE
  5
64B
330
17
100
AcDbEntity
  8
0
100
AcDbLine
 10
750.3469999999967
 20
-366.14100000000445
 30
0.0
 11
750.3129999999967
 21
-366.1570000000045
 31
0.0
  0
LINE
  5
64C
330
17
100
AcDbEntity
  8
0
100
AcDbLine
 10
750.3129999999967
 20
-366.1570000000045
 30
0.0
 11
750.2789999999967
 21
-366.1730000000045
 31
0.0
  0
LINE
  5
64D
330
17
100
AcDbEntity
  8
0
100
AcDbLine
 10
750.2789999999967
 20
-366.1730000000045
 30
0.0
 11
750.2449999999967
 21
-366.1890000000045
 31
0.0
  0
LINE
  5
64E
330
17
100
AcDbEntity
  8
0
100
AcDbLine
 10
750.2449999999967
 20
-366.1890000000045
 30
0.0
 11
750.2109999999967
 21
-366.2040000000045
 31
0.0
  0
LINE
  5
64F
330
17
100
AcDbEntity
  8
0
100
AcDbLine
 10
750.2109999999967
 20
-366.2040000000045
 30
0.0
 11
749.7069999999967
 21
-366.3970000000045
 31
0.0
  0
LINE
  5
650
330
17
100
AcDbEntity
  8
0
100
AcDbLine
 10
749.7069999999967
 20
-366.3970000000045
 30
0.0
 11
749.2089999999966
 21
-366.6050000000045
 31
0.0
  0
LINE
  5
651
330
17
100
AcDbEntity
  8
0
100
AcDbLine
 10
749.2089999999966
 20
-366.6050000000045
 30
0.0
 11
748.7179999999967
 21
-366.8280000000045
 31
0.0
  0
LINE
  5
652
330
17
100
AcDbEntity
  8
0
100
AcDbLine
 10
748.7179999999967
 20
-366.8280000000045
 30
0.0
 11
748.2339999999966
 21
-367.0660000000045
 31
0.0
  0
LINE
  5
653
330
17
100
AcDbEntity
  8
0
100
AcDbLine
 10
748.2339999999966
 20
-367.0660000000045
 30
0.0
 11
747.7569999999967
 21
-367.3190000000045
 31
0.0
  0
LINE
  5
654
330
17
100
AcDbEntity
  8
0
100
AcDbLine
 10
747.7569999999967
 20
-367.3190000000045
 30
0.0
 11
747.2889999999967
 21
-367.5870000000045
 31
0.0
  0
LINE
  5
655
330
17
100
AcDbEntity
  8
0
100
AcDbLine
 10
747.2889999999967
 20
-367.5870000000045
 30
0.0
 11
746.8289999999967
 21
-367.8700000000045
 31
0.0
  0
LINE
  5
656
330
17
100
AcDbEntity
  8
0
100
AcDbLine
 10
746.8289999999967
 20
-367.8700000000045
 30
0.0
 11
746.3779999999966
 21
-368.1670000000045
 31
0.0
  0
LINE
  5
657
330
17
100
AcDbEntity
  8
0
100
AcDbLine
 10
746.3779999999966
 20
-368.1670000000045
 30
0.0
 11
745.9369999999966
 21
-368.4780000000045
 31
0.0
  0
LINE
  5
658
330
17
100
AcDbEntity
  8
0
100
AcDbLine
 10
745.9369999999966
 20
-368.4780000000045
 30
0.0
 11
745.5059999999966
 21
-368.8030000000045
 31
0.0
  0
LINE
  5
659
330
17
100
AcDbEntity
  8
0
100
AcDbLine
 10
745.5059999999966
 20
-368.8030000000045
 30
0.0
 11
745.0859999999966
 21
-369.1410000000045
 31
0.0
  0
LINE
  5
65A
330
17
100
AcDbEntity
  8
0
100
AcDbLine
 10
745.0859999999966
 20
-369.1410000000045
 30
0.0
 11
744.6769999999966
 21
-369.4930000000045
 31
0.0
  0
LINE
  5
65B
330
17
100
AcDbEntity
  8
0
100
AcDbLine
 10
744.6769999999966
 20
-369.4930000000045
 30
0.0
 11
744.2799999999966
 21
-369.8580000000045
 31
0.0
  0
LINE
  5
65C
330
17
100
AcDbEntity
  8
0
100
AcDbLine
 10
744.2799999999966
 20
-369.8580000000045
 30
0.0
 11
743.8949999999966
 21
-370.2360000000045
 31
0.0
  0
LINE
  5
65D
330
17
100
AcDbEntity
  8
0
100
AcDbLine
 10
743.8949999999966
 20
-370.2360000000045
 30
0.0
 11
743.5229999999966
 21
-370.6270000000045
 31
0.0
  0
LINE
  5
65E
330
17
100
AcDbEntity
  8
0
100
AcDbLine
 10
743.5229999999966
 20
-370.6270000000045
 30
0.0
 11
743.1639999999966
 21
-371.0300000000045
 31
0.0
  0
LINE
  5
65F
330
17
100
AcDbEntity
  8
0
100
AcDbLine
 10
743.1639999999966
 20
-371.0300000000045
 30
0.0
 11
742.6539999999966
 21
-371.6550000000045
 31
0.0
  0
LINE
  5
660
330
17
100
AcDbEntity
  8
0
100
AcDbLine
 10
742.6539999999966
 20
-371.6550000000045
 30
0.0
 11
742.1749999999965
 21
-372.3050000000045
 31
0.0
  0
LINE
  5
661
330
17
100
AcDbEntity
  8
0
100
AcDbLine
 10
742.1749999999965
 20
-372.3050000000045
 30
0.0
 11
741.7289999999965
 21
-372.9770000000045
 31
0.0
  0
LINE
  5
662
330
17
100
AcDbEntity
  8
0
100
AcDbLine
 10
741.7289999999965
 20
-372.9770000000045
 30
0.0
 11
741.3159999999965
 21
-373.6700000000045
 31
0.0
  0
LINE
  5
663
330
17
100
AcDbEntity
  8
0
100
AcDbLine
 10
741.3159999999965
 20
-373.6700000000045
 30
0.0
 11
740.9359999999965
 21
-374.3820000000045
 31
0.0
  0
LINE
  5
664
330
17
100
AcDbEntity
  8
0
100
AcDbLine
 10
740.9359999999965
 20
-374.3820000000045
 30
0.0
 11
740.5899999999965
 21
-375.1110000000045
 31
0.0
  0
LINE
  5
665
330
17
100
AcDbEntity
  8
0
100
AcDbLine
 10
740.5899999999965
 20
-375.1110000000045
 30
0.0
 11
740.2789999999965
 21
-375.8560000000045
 31
0.0
  0
LINE
  5
666
330
17
100
AcDbEntity
  8
0
100
AcDbLine
 10
740.2789999999965
 20
-375.8560000000045
 30
0.0
 11
740.0029999999965
 21
-376.6150000000045
 31
0.0
  0
LINE
  5
667
330
17
100
AcDbEntity
  8
0
100
AcDbLine
 10
740.0029999999965
 20
-376.6150000000045
 30
0.0
 11
739.7629999999965
 21
-377.3860000000045
 31
0.0
  0
LINE
  5
668
330
17
100
AcDbEntity
  8
0
100
AcDbLine
 10
739.7629999999965
 20
-377.3860000000045
 30
0.0
 11
739.5599999999965
 21
-378.1670000000045
 31
0.0
  0
LINE
  5
669
330
17
100
AcDbEntity
  8
0
100
AcDbLine
 10
739.5599999999965
 20
-378.1670000000045
 30
0.0
 11
739.3939999999965
 21
-378.95700000000454
 31
0.0
  0
LINE
  5
66A
330
17
100
AcDbEntity
  8
0
100
AcDbLine
 10
739.3939999999965
 20
-378.95700000000454
 30
0.0
 11
739.2659999999964
 21
-379.75400000000457
 31
0.0
  0
LINE
  5
66B
330
17
100
AcDbEntity
  8
0
100
AcDbLine
 10
739.2659999999964
 20
-379.75400000000457
 30
0.0
 11
739.1759999999964
 21
-380.5560000000046
 31
0.0
  0
LINE
  5
66C
330
17
100
AcDbEntity
  8
0
100
AcDbLine
 10
739.1759999999964
 20
-380.5560000000046
 30
0.0
 11
739.1249999999964
 21
-381.3610000000046
 31
0.0
  0
LINE
  5
66D
330
17
100
AcDbEntity
  8
0
100
AcDbLine
 10
739.1249999999964
 20
-381.3610000000046
 30
0.0
 11
739.1129999999964
 21
-382.1680000000046
 31
0.0
  0
LINE
  5
66E
330
17
100
AcDbEntity
  8
0
100
AcDbLine
 10
739.1129999999964
 20
-382.1680000000046
 30
0.0
 11
739.1409999999964
 21
-382.9750000000046
 31
0.0
  0
LINE
  5
66F
330
17
100
AcDbEntity
  8
0
100
AcDbLine
 10
739.1409999999964
 20
-382.9750000000046
 30
0.0
 11
739.1839999999964
 21
-383.53700000000464
 31
0.0
  0
LINE
  5
670
330
17
100
AcDbEntity
  8
0
100
AcDbLine
 10
739.1839999999964
 20
-383.53700000000464
 30
0.0
 11
739.2459999999965
 21
-384.09600000000466
 31
0.0
  0
LINE
  5
671
330
17
100
AcDbEntity
  8
0
100
AcDbLine
 10
739.2459999999965
 20
-384.09600000000466
 30
0.0
 11
739.3259999999965
 21
-384.65200000000465
 31
0.0
  0
LINE
  5
672
330
17
100
AcDbEntity
  8
0
100
AcDbLine
 10
739.3259999999965
 20
-384.65200000000465
 30
0.0
 11
739.4239999999965
 21
-385.20500000000465
 31
0.0
  0
LINE
  5
673
330
17
100
AcDbEntity
  8
0
100
AcDbLine
 10
739.4239999999965
 20
-385.20500000000465
 30
0.0
 11
739.5389999999965
 21
-385.7540000000046
 31
0.0
  0
LINE
  5
674
330
17
100
AcDbEntity
  8
0
100
AcDbLine
 10
739.5389999999965
 20
-385.7540000000046
 30
0.0
 11
739.6709999999964
 21
-386.29900000000464
 31
0.0
  0
LINE
  5
675
330
17
100
AcDbEntity
  8
0
100
AcDbLine
 10
739.6709999999964
 20
-386.29900000000464
 30
0.0
 11
739.8189999999964
 21
-386.84000000000464
 31
0.0
  0
LINE
  5
676
330
17
100
AcDbEntity
  8
0
100
AcDbLine
 10
739.8189999999964
 20
-386.84000000000464
 30
0.0
 11
739.9829999999964
 21
-387.3770000000046
 31
0.0
  0
LINE
  5
677
330
17
100
AcDbEntity
  8
0
100
AcDbLine
 10
739.9829999999964
 20
-387.3770000000046
 30
0.0
 11
740.1609999999964
 21
-387.9090000000046
 31
0.0
  0
LINE
  5
678
330
17
100
AcDbEntity
  8
0
100
AcDbLine
 10
740.1609999999964
 20
-387.9090000000046
 30
0.0
 11
740.3539999999964
 21
-388.4360000000046
 31
0.0
  0
LINE
  5
679
330
17
100
AcDbEntity
  8
0
100
AcDbLine
 10
740.3539999999964
 20
-388.4360000000046
 30
0.0
 11
740.5609999999964
 21
-388.9580000000046
 31
0.0
  0
LINE
  5
67A
330
17
100
AcDbEntity
  8
0
100
AcDbLine
 10
740.5609999999964
 20
-388.9580000000046
 30
0.0
 11
740.7809999999964
 21
-389.47500000000457
 31
0.0
  0
LINE
  5
67B
330
17
100
AcDbEntity
  8
0
100
AcDbLine
 10
740.7809999999964
 20
-389.47500000000457
 30
0.0
 11
741.0139999999964
 21
-389.98700000000457
 31
0.0
  0
LINE
  5
67C
330
17
100
AcDbEntity
  8
0
100
AcDbLine
 10
741.0139999999964
 20
-389.98700000000457
 30
0.0
 11
741.2599999999964
 21
-390.49300000000454
 31
0.0
  0
LINE
  5
67D
330
17
100
AcDbEntity
  8
0
100
AcDbLine
 10
741.2599999999964
 20
-390.49300000000454
 30
0.0
 11
741.5179999999964
 21
-390.99300000000454
 31
0.0
  0
LINE
  5
67E
330
17
100
AcDbEntity
  8
0
100
AcDbLine
 10
741.5179999999964
 20
-390.99300000000454
 30
0.0
 11
741.7869999999964
 21
-391.48700000000457
 31
0.0
  0
LINE
  5
67F
330
17
100
AcDbEntity
  8
0
100
AcDbLine
 10
741.7869999999964
 20
-391.48700000000457
 30
0.0
 11
741.9329999999964
 21
-391.76600000000457
 31
0.0
  0
LINE
  5
680
330
17
100
AcDbEntity
  8
0
100
AcDbLine
 10
741.9329999999964
 20
-391.76600000000457
 30
0.0
 11
742.1479999999964
 21
-392.2030000000046
 31
0.0
  0
LINE
  5
681
330
17
100
AcDbEntity
  8
0
100
AcDbLine
 10
742.1479999999964
 20
-392.2030000000046
 30
0.0
 11
742.4239999999963
 21
-392.77600000000456
 31
0.0
  0
LINE
  5
682
330
17
100
AcDbEntity
  8
0
100
AcDbLine
 10
742.4239999999963
 20
-392.77600000000456
 30
0.0
 11
742.7529999999963
 21
-393.46300000000457
 31
0.0
  0
LINE
  5
683
330
17
100
AcDbEntity
  8
0
100
AcDbLine
 10
742.7529999999963
 20
-393.46300000000457
 30
0.0
 11
743.1269999999963
 21
-394.24300000000454
 31
0.0
  0
LINE
  5
684
330
17
100
AcDbEntity
  8
0
100
AcDbLine
 10
743.1269999999963
 20
-394.24300000000454
 30
0.0
 11
743.5369999999963
 21
-395.09400000000454
 31
0.0
  0
LINE
  5
685
330
17
100
AcDbEntity
  8
0
100
AcDbLine
 10
743.5369999999963
 20
-395.09400000000454
 30
0.0
 11
743.9749999999963
 21
-395.9940000000045
 31
0.0
  0
LINE
  5
686
330
17
100
AcDbEntity
  8
0
100
AcDbLine
 10
743.9749999999963
 20
-395.9940000000045
 30
0.0
 11
744.4329999999962
 21
-396.92100000000454
 31
0.0
  0
LINE
  5
687
330
17
100
AcDbEntity
  8
0
100
AcDbLine
 10
744.4329999999962
 20
-396.92100000000454
 30
0.0
 11
744.9019999999963
 21
-397.85400000000453
 31
0.0
  0
LINE
  5
688
330
17
100
AcDbEntity
  8
0
100
AcDbLine
 10
744.9019999999963
 20
-397.85400000000453
 30
0.0
 11
745.3749999999962
 21
-398.7710000000045
 31
0.0
  0
LINE
  5
689
330
17
100
AcDbEntity
  8
0
100
AcDbLine
 10
745.3749999999962
 20
-398.7710000000045
 30
0.0
 11
745.8429999999962
 21
-399.6500000000045
 31
0.0
  0
LINE
  5
68A
330
17
100
AcDbEntity
  8
0
100
AcDbLine
 10
745.8429999999962
 20
-399.6500000000045
 30
0.0
 11
746.2969999999962
 21
-400.46900000000454
 31
0.0
  0
LINE
  5
68B
330
17
100
AcDbEntity
  8
0
100
AcDbLine
 10
746.2969999999962
 20
-400.46900000000454
 30
0.0
 11
746.7299999999962
 21
-401.20700000000454
 31
0.0
  0
LINE
  5
68C
330
17
100
AcDbEntity
  8
0
100
AcDbLine
 10
746.7299999999962
 20
-401.20700000000454
 30
0.0
 11
747.1329999999962
 21
-401.84200000000453
 31
0.0
  0
LINE
  5
68D
330
17
100
AcDbEntity
  8
0
100
AcDbLine
 10
747.1329999999962
 20
-401.84200000000453
 30
0.0
 11
747.4979999999962
 21
-402.3520000000045
 31
0.0
  0
LINE
  5
68E
330
17
100
AcDbEntity
  8
0
100
AcDbLine
 10
747.4979999999962
 20
-402.3520000000045
 30
0.0
 11
747.8169999999961
 21
-402.7160000000045
 31
0.0
  0
LINE
  5
68F
330
17
100
AcDbEntity
  8
0
100
AcDbLine
 10
747.8169999999961
 20
-402.7160000000045
 30
0.0
 11
747.7219999999961
 21
-401.9100000000045
 31
0.0
  0
LINE
  5
690
330
17
100
AcDbEntity
  8
0
100
AcDbLine
 10
747.7219999999961
 20
-401.9100000000045
 30
0.0
 11
747.6459999999961
 21
-401.00800000000453
 31
0.0
  0
LINE
  5
691
330
17
100
AcDbEntity
  8
0
100
AcDbLine
 10
747.6459999999961
 20
-401.00800000000453
 30
0.0
 11
747.5879999999961
 21
-400.0250000000045
 31
0.0
  0
LINE
  5
692
330
17
100
AcDbEntity
  8
0
100
AcDbLine
 10
747.5879999999961
 20
-400.0250000000045
 30
0.0
 11
747.546999999996
 21
-398.97600000000455
 31
0.0
  0
LINE
  5
693
330
17
100
AcDbEntity
  8
0
100
AcDbLine
 10
747.546999999996
 20
-398.97600000000455
 30
0.0
 11
747.5219999999961
 21
-397.87400000000457
 31
0.0
  0
LINE
  5
694
330
17
100
AcDbEntity
  8
0
100
AcDbLine
 10
747.5219999999961
 20
-397.87400000000457
 30
0.0
 11
747.5119999999961
 21
-396.73500000000456
 31
0.0
  0
LINE
  5
695
330
17
100
AcDbEntity
  8
0
100
AcDbLine
 10
747.5119999999961
 20
-396.73500000000456
 30
0.0
 11
747.5169999999961
 21
-395.57200000000455
 31
0.0
  0
LINE
  5
696
330
17
100
AcDbEntity
  8
0
100
AcDbLine
 10
747.5169999999961
 20
-395.57200000000455
 30
0.0
 11
747.5359999999961
 21
-394.4000000000045
 31
0.0
  0
LINE
  5
697
330
17
100
AcDbEntity
  8
0
100
AcDbLine
 10
747.5359999999961
 20
-394.4000000000045
 30
0.0
 11
747.5689999999961
 21
-393.2340000000045
 31
0.0
  0
LINE
  5
698
330
17
100
AcDbEntity
  8
0
100
AcDbLine
 10
747.5689999999961
 20
-393.2340000000045
 30
0.0
 11
747.613999999996
 21
-392.08700000000454
 31
0.0
  0
LINE
  5
699
330
17
100
AcDbEntity
  8
0
100
AcDbLine
 10
747.613999999996
 20
-392.08700000000454
 30
0.0
 11
747.6709999999961
 21
-390.9750000000045
 31
0.0
  0
LINE
  5
69A
330
17
100
AcDbEntity
  8
0
100
AcDbLine
 10
747.6709999999961
 20
-390.9750000000045
 30
0.0
 11
747.738999999996
 21
-389.9110000000045
 31
0.0
  0
LINE
  5
69B
330
17
100
AcDbEntity
  8
0
100
AcDbLine
 10
747.738999999996
 20
-389.9110000000045
 30
0.0
 11
747.816999999996
 21
-388.9100000000045
 31
0.0
  0
LINE
  5
69C
330
17
100
AcDbEntity
  8
0
100
AcDbLine
 10
747.816999999996
 20
-388.9100000000045
 30
0.0
 11
747.904999999996
 21
-387.9870000000045
 31
0.0
  0
LINE
  5
69D
330
17
100
AcDbEntity
  8
0
100
AcDbLine
 10
747.904999999996
 20
-387.9870000000045
 30
0.0
 11
748.000999999996
 21
-387.1560000000045
 31
0.0
  0
LINE
  5
69E
330
17
100
AcDbEntity
  8
0
100
AcDbLine
 10
748.000999999996
 20
-387.1560000000045
 30
0.0
 11
748.104999999996
 21
-386.4310000000045
 31
0.0
  0
LINE
  5
69F
330
17
100
AcDbEntity
  8
0
100
AcDbLine
 10
748.104999999996
 20
-386.4310000000045
 30
0.0
 11
748.359999999996
 21
-385.5670000000045
 31
0.0
  0
LINE
  5
6A0
330
17
100
AcDbEntity
  8
0
100
AcDbLine
 10
748.359999999996
 20
-385.5670000000045
 30
0.0
 11
748.831999999996
 21
-384.6830000000045
 31
0.0
  0
LINE
  5
6A1
330
17
100
AcDbEntity
  8
0
100
AcDbLine
 10
748.831999999996
 20
-384.6830000000045
 30
0.0
 11
749.496999999996
 21
-383.7860000000045
 31
0.0
  0
LINE
  5
6A2
330
17
100
AcDbEntity
  8
0
100
AcDbLine
 10
749.496999999996
 20
-383.7860000000045
 30
0.0
 11
750.331999999996
 21
-382.8830000000045
 31
0.0
  0
LINE
  5
6A3
330
17
100
AcDbEntity
  8
0
100
AcDbLine
 10
750.331999999996
 20
-382.8830000000045
 30
0.0
 11
751.312999999996
 21
-381.98000000000445
 31
0.0
  0
LINE
  5
6A4
330
17
100
AcDbEntity
  8
0
100
AcDbLine
 10
751.312999999996
 20
-381.98000000000445
 30
0.0
 11
752.415999999996
 21
-381.08400000000444
 31
0.0
  0
LINE
  5
6A5
330
17
100
AcDbEntity
  8
0
100
AcDbLine
 10
752.415999999996
 20
-381.08400000000444
 30
0.0
 11
753.616999999996
 21
-380.20100000000446
 31
0.0
  0
LINE
  5
6A6
330
17
100
AcDbEntity
  8
0
100
AcDbLine
 10
753.616999999996
 20
-380.20100000000446
 30
0.0
 11
754.8929999999959
 21
-379.33800000000446
 31
0.0
  0
LINE
  5
6A7
330
17
100
AcDbEntity
  8
0
100
AcDbLine
 10
754.8929999999959
 20
-379.33800000000446
 30
0.0
 11
756.2199999999959
 21
-378.50100000000447
 31
0.0
  0
LINE
  5
6A8
330
17
100
AcDbEntity
  8
0
100
AcDbLine
 10
756.2199999999959
 20
-378.50100000000447
 30
0.0
 11
757.573999999996
 21
-377.6970000000045
 31
0.0
  0
LINE
  5
6A9
330
17
100
AcDbEntity
  8
0
100
AcDbLine
 10
757.573999999996
 20
-377.6970000000045
 30
0.0
 11
758.930999999996
 21
-376.9320000000045
 31
0.0
  0
LINE
  5
6AA
330
17
100
AcDbEntity
  8
0
100
AcDbLine
 10
758.930999999996
 20
-376.9320000000045
 30
0.0
 11
760.266999999996
 21
-376.2130000000045
 31
0.0
  0
LINE
  5
6AB
330
17
100
AcDbEntity
  8
0
100
AcDbLine
 10
760.266999999996
 20
-376.2130000000045
 30
0.0
 11
761.558999999996
 21
-375.54600000000454
 31
0.0
  0
LINE
  5
6AC
330
17
100
AcDbEntity
  8
0
100
AcDbLine
 10
761.558999999996
 20
-375.54600000000454
 30
0.0
 11
762.782999999996
 21
-374.93800000000454
 31
0.0
  0
LINE
  5
6AD
330
17
100
AcDbEntity
  8
0
100
AcDbLine
 10
762.782999999996
 20
-374.93800000000454
 30
0.0
 11
763.914999999996
 21
-374.39600000000456
 31
0.0
  0
LINE
  5
6AE
330
17
100
AcDbEntity
  8
0
100
AcDbLine
 10
763.914999999996
 20
-374.39600000000456
 30
0.0
 11
764.931999999996
 21
-373.92600000000454
 31
0.0
  0
LINE
  5
6AF
330
17
100
AcDbEntity
  8
0
100
AcDbLine
 10
764.931999999996
 20
-373.92600000000454
 30
0.0
 11
766.0309999999961
 21
-373.43300000000454
 31
0.0
  0
LINE
  5
6B0
330
17
100
AcDbEntity
  8
0
100
AcDbLine
 10
766.0309999999961
 20
-373.43300000000454
 30
0.0
 11
767.1329999999961
 21
-372.9510000000045
 31
0.0
  0
LINE
  5
6B1
330
17
100
AcDbEntity
  8
0
100
AcDbLine
 10
767.1329999999961
 20
-372.9510000000045
 30
0.0
 11
768.2379999999961
 21
-372.4810000000045
 31
0.0
  0
LINE
  5
6B2
330
17
100
AcDbEntity
  8
0
100
AcDbLine
 10
768.2379999999961
 20
-372.4810000000045
 30
0.0
 11
769.3469999999961
 21
-372.02300000000446
 31
0.0
  0
LINE
  5
6B3
330
17
100
AcDbEntity
  8
0
100
AcDbLine
 10
769.3469999999961
 20
-372.02300000000446
 30
0.0
 11
770.4589999999961
 21
-371.57700000000443
 31
0.0
  0
LINE
  5
6B4
330
17
100
AcDbEntity
  8
0
100
AcDbLine
 10
770.4589999999961
 20
-371.57700000000443
 30
0.0
 11
771.5749999999961
 21
-371.1430000000044
 31
0.0
  0
LINE
  5
6B5
330
17
100
AcDbEntity
  8
0
100
AcDbLine
 10
771.5749999999961
 20
-371.1430000000044
 30
0.0
 11
772.6949999999961
 21
-370.7220000000044
 31
0.0
  0
LINE
  5
6B6
330
17
100
AcDbEntity
  8
0
100
AcDbLine
 10
772.6949999999961
 20
-370.7220000000044
 30
0.0
 11
773.8199999999961
 21
-370.3140000000044
 31
0.0
  0
LINE
  5
6B7
330
17
100
AcDbEntity
  8
0
100
AcDbLine
 10
773.8199999999961
 20
-370.3140000000044
 30
0.0
 11
774.9489999999961
 21
-369.9200000000044
 31
0.0
  0
LINE
  5
6B8
330
17
100
AcDbEntity
  8
0
100
AcDbLine
 10
774.9489999999961
 20
-369.9200000000044
 30
0.0
 11
776.0829999999961
 21
-369.5390000000044
 31
0.0
  0
LINE
  5
6B9
330
17
100
AcDbEntity
  8
0
100
AcDbLine
 10
776.0829999999961
 20
-369.5390000000044
 30
0.0
 11
777.2219999999961
 21
-369.1720000000044
 31
0.0
  0
LINE
  5
6BA
330
17
100
AcDbEntity
  8
0
100
AcDbLine
 10
777.2219999999961
 20
-369.1720000000044
 30
0.0
 11
778.3659999999961
 21
-368.8190000000044
 31
0.0
  0
LINE
  5
6BB
330
17
100
AcDbEntity
  8
0
100
AcDbLine
 10
778.3659999999961
 20
-368.8190000000044
 30
0.0
 11
779.5159999999961
 21
-368.48100000000437
 31
0.0
  0
LINE
  5
6BC
330
17
100
AcDbEntity
  8
0
100
AcDbLine
 10
779.5159999999961
 20
-368.48100000000437
 30
0.0
 11
780.6709999999961
 21
-368.15700000000436
 31
0.0
  0
LINE
  5
6BD
330
17
100
AcDbEntity
  8
0
100
AcDbLine
 10
780.6709999999961
 20
-368.15700000000436
 30
0.0
 11
781.831999999996
 21
-367.84800000000433
 31
0.0
  0
LINE
  5
6BE
330
17
100
AcDbEntity
  8
0
100
AcDbLine
 10
781.831999999996
 20
-367.84800000000433
 30
0.0
 11
782.998999999996
 21
-367.5550000000043
 31
0.0
  0
LINE
  5
6BF
330
17
100
AcDbEntity
  8
0
100
AcDbLine
 10
782.998999999996
 20
-367.5550000000043
 30
0.0
 11
783.4869999999961
 21
-367.4350000000043
 31
0.0
  0
LINE
  5
6C0
330
17
100
AcDbEntity
  8
0
100
AcDbLine
 10
783.4869999999961
 20
-367.4350000000043
 30
0.0
 11
783.9909999999961
 21
-367.3100000000043
 31
0.0
  0
LINE
  5
6C1
330
17
100
AcDbEntity
  8
0
100
AcDbLine
 10
783.9909999999961
 20
-367.3100000000043
 30
0.0
 11
784.5079999999962
 21
-367.1810000000043
 31
0.0
  0
LINE
  5
6C2
330
17
100
AcDbEntity
  8
0
100
AcDbLine
 10
784.5079999999962
 20
-367.1810000000043
 30
0.0
 11
785.0359999999962
 21
-367.0480000000043
 31
0.0
  0
LINE
  5
6C3
330
17
100
AcDbEntity
  8
0
100
AcDbLine
 10
785.0359999999962
 20
-367.0480000000043
 30
0.0
 11
785.5729999999962
 21
-366.91300000000433
 31
0.0
  0
LINE
  5
6C4
330
17
100
AcDbEntity
  8
0
100
AcDbLine
 10
785.5729999999962
 20
-366.91300000000433
 30
0.0
 11
786.1169999999962
 21
-366.7770000000043
 31
0.0
  0
LINE
  5
6C5
330
17
100
AcDbEntity
  8
0
100
AcDbLine
 10
786.1169999999962
 20
-366.7770000000043
 30
0.0
 11
786.6659999999962
 21
-366.6410000000043
 31
0.0
  0
LINE
  5
6C6
330
17
100
AcDbEntity
  8
0
100
AcDbLine
 10
786.6659999999962
 20
-366.6410000000043
 30
0.0
 11
787.2169999999962
 21
-366.5060000000043
 31
0.0
  0
LINE
  5
6C7
330
17
100
AcDbEntity
  8
0
100
AcDbLine
 10
787.2169999999962
 20
-366.5060000000043
 30
0.0
 11
787.7689999999963
 21
-366.3720000000043
 31
0.0
  0
LINE
  5
6C8
330
17
100
AcDbEntity
  8
0
100
AcDbLine
 10
787.7689999999963
 20
-366.3720000000043
 30
0.0
 11
788.3189999999962
 21
-366.2410000000043
 31
0.0
  0
LINE
  5
6C9
330
17
100
AcDbEntity
  8
0
100
AcDbLine
 10
788.3189999999962
 20
-366.2410000000043
 30
0.0
 11
788.8649999999963
 21
-366.1140000000043
 31
0.0
  0
LINE
  5
6CA
330
17
100
AcDbEntity
  8
0
100
AcDbLine
 10
788.8649999999963
 20
-366.1140000000043
 30
0.0
 11
789.4049999999962
 21
-365.9920000000043
 31
0.0
  0
LINE
  5
6CB
330
17
100
AcDbEntity
  8
0
100
AcDbLine
 10
789.4049999999962
 20
-365.9920000000043
 30
0.0
 11
789.9359999999962
 21
-365.87500000000426
 31
0.0
  0
LINE
  5
6CC
330
17
100
AcDbEntity
  8
0
100
AcDbLine
 10
789.9359999999962
 20
-365.87500000000426
 30
0.0
 11
790.4569999999961
 21
-365.76500000000425
 31
0.0
  0
LINE
  5
6CD
330
17
100
AcDbEntity
  8
0
100
AcDbLine
 10
790.4569999999961
 20
-365.76500000000425
 30
0.0
 11
790.9649999999962
 21
-365.6630000000043
 31
0.0
  0
LINE
  5
6CE
330
17
100
AcDbEntity
  8
0
100
AcDbLine
 10
790.9649999999962
 20
-365.6630000000043
 30
0.0
 11
791.4589999999962
 21
-365.57000000000426
 31
0.0
  0
LINE
  5
6CF
330
17
100
AcDbEntity
  8
0
100
AcDbLine
 10
776.5409999999962
 20
-506.77900000000426
 30
0.0
 11
776.4469999999961
 21
-508.65000000000424
 31
0.0
  0
LINE
  5
6D0
330
17
100
AcDbEntity
  8
0
100
AcDbLine
 10
776.4469999999961
 20
-508.65000000000424
 30
0.0
 11
776.1699999999961
 21
-510.46700000000425
 31
0.0
  0
LINE
  5
6D1
330
17
100
AcDbEntity
  8
0
100
AcDbLine
 10
776.1699999999961
 20
-510.46700000000425
 30
0.0
 11
775.7189999999961
 21
-512.2210000000042
 31
0.0
  0
LINE
  5
6D2
330
17
100
AcDbEntity
  8
0
100
AcDbLine
 10
775.7189999999961
 20
-512.2210000000042
 30
0.0
 11
775.1039999999961
 21
-513.9030000000042
 31
0.0
  0
LINE
  5
6D3
330
17
100
AcDbEntity
  8
0
100
AcDbLine
 10
775.1039999999961
 20
-513.9030000000042
 30
0.0
 11
774.3329999999961
 21
-515.5030000000042
 31
0.0
  0
LINE
  5
6D4
330
17
100
AcDbEntity
  8
0
100
AcDbLine
 10
774.3329999999961
 20
-515.5030000000042
 30
0.0
 11
773.4159999999961
 21
-517.0120000000043
 31
0.0
  0
LINE
  5
6D5
330
17
100
AcDbEntity
  8
0
100
AcDbLine
 10
773.4159999999961
 20
-517.0120000000043
 30
0.0
 11
772.3619999999961
 21
-518.4210000000043
 31
0.0
  0
LINE
  5
6D6
330
17
100
AcDbEntity
  8
0
100
AcDbLine
 10
772.3619999999961
 20
-518.4210000000043
 30
0.0
 11
771.1809999999961
 21
-519.7210000000042
 31
0.0
  0
LINE
  5
6D7
330
17
100
AcDbEntity
  8
0
100
AcDbLine
 10
771.1809999999961
 20
-519.7210000000042
 30
0.0
 11
769.8809999999961
 21
-520.9020000000043
 31
0.0
  0
LINE
  5
6D8
330
17
100
AcDbEntity
  8
0
100
AcDbLine
 10
769.8809999999961
 20
-520.9020000000043
 30
0.0
 11
768.4719999999961
 21
-521.9560000000042
 31
0.0
  0
LINE
  5
6D9
330
17
100
AcDbEntity
  8
0
100
AcDbLine
 10
768.4719999999961
 20
-521.9560000000042
 30
0.0
 11
766.9629999999961
 21
-522.8730000000043
 31
0.0
  0
LINE
  5
6DA
330
17
100
AcDbEntity
  8
0
100
AcDbLine
 10
766.9629999999961
 20
-522.8730000000043
 30
0.0
 11
765.3629999999961
 21
-523.6440000000042
 31
0.0
  0
LINE
  5
6DB
330
17
100
AcDbEntity
  8
0
100
AcDbLine
 10
765.3629999999961
 20
-523.6440000000042
 30
0.0
 11
763.6809999999961
 21
-524.2590000000042
 31
0.0
  0
LINE
  5
6DC
330
17
100
AcDbEntity
  8
0
100
AcDbLine
 10
763.6809999999961
 20
-524.2590000000042
 30
0.0
 11
761.926999999996
 21
-524.7100000000042
 31
0.0
  0
LINE
  5
6DD
330
17
100
AcDbEntity
  8
0
100
AcDbLine
 10
761.926999999996
 20
-524.7100000000042
 30
0.0
 11
760.109999999996
 21
-524.9870000000043
 31
0.0
  0
LINE
  5
6DE
330
17
100
AcDbEntity
  8
0
100
AcDbLine
 10
760.109999999996
 20
-524.9870000000043
 30
0.0
 11
758.238999999996
 21
-525.0810000000043
 31
0.0
  0
LINE
  5
6DF
330
17
100
AcDbEntity
  8
0
100
AcDbLine
 10
758.238999999996
 20
-525.0810000000043
 30
0.0
 11
756.3679999999961
 21
-524.9870000000043
 31
0.0
  0
LINE
  5
6E0
330
17
100
AcDbEntity
  8
0
100
AcDbLine
 10
756.3679999999961
 20
-524.9870000000043
 30
0.0
 11
754.5509999999961
 21
-524.7100000000042
 31
0.0
  0
LINE
  5
6E1
330
17
100
AcDbEntity
  8
0
100
AcDbLine
 10
754.5509999999961
 20
-524.7100000000042
 30
0.0
 11
752.796999999996
 21
-524.2590000000042
 31
0.0
  0
LINE
  5
6E2
330
17
100
AcDbEntity
  8
0
100
AcDbLine
 10
752.796999999996
 20
-524.2590000000042
 30
0.0
 11
751.115999999996
 21
-523.6440000000042
 31
0.0
  0
LINE
  5
6E3
330
17
100
AcDbEntity
  8
0
100
AcDbLine
 10
751.115999999996
 20
-523.6440000000042
 30
0.0
 11
749.515999999996
 21
-522.8730000000043
 31
0.0
  0
LINE
  5
6E4
330
17
100
AcDbEntity
  8
0
100
AcDbLine
 10
749.515999999996
 20
-522.8730000000043
 30
0.0
 11
748.006999999996
 21
-521.9560000000042
 31
0.0
  0
LINE
  5
6E5
330
17
100
AcDbEntity
  8
0
100
AcDbLine
 10
748.006999999996
 20
-521.9560000000042
 30
0.0
 11
746.597999999996
 21
-520.9020000000043
 31
0.0
  0
LINE
  5
6E6
330
17
100
AcDbEntity
  8
0
100
AcDbLine
 10
746.597999999996
 20
-520.9020000000043
 30
0.0
 11
745.297999999996
 21
-519.7210000000042
 31
0.0
  0
LINE
  5
6E7
330
17
100
AcDbEntity
  8
0
100
AcDbLine
 10
745.297999999996
 20
-519.7210000000042
 30
0.0
 11
744.116999999996
 21
-518.4210000000043
 31
0.0
  0
LINE
  5
6E8
330
17
100
AcDbEntity
  8
0
100
AcDbLine
 10
744.116999999996
 20
-518.4210000000043
 30
0.0
 11
743.062999999996
 21
-517.0120000000043
 31
0.0
  0
LINE
  5
6E9
330
17
100
AcDbEntity
  8
0
100
AcDbLine
 10
743.062999999996
 20
-517.0120000000043
 30
0.0
 11
742.145999999996
 21
-515.5030000000042
 31
0.0
  0
LINE
  5
6EA
330
17
100
AcDbEntity
  8
0
100
AcDbLine
 10
742.145999999996
 20
-515.5030000000042
 30
0.0
 11
741.374999999996
 21
-513.9030000000042
 31
0.0
  0
LINE
  5
6EB
330
17
100
AcDbEntity
  8
0
100
AcDbLine
 10
741.374999999996
 20
-513.9030000000042
 30
0.0
 11
740.759999999996
 21
-512.2210000000042
 31
0.0
  0
LINE
  5
6EC
330
17
100
AcDbEntity
  8
0
100
AcDbLine
 10
740.759999999996
 20
-512.2210000000042
 30
0.0
 11
740.308999999996
 21
-510.4670000000042
 31
0.0
  0
LINE
  5
6ED
330
17
100
AcDbEntity
  8
0
100
AcDbLine
 10
740.308999999996
 20
-510.4670000000042
 30
0.0
 11
740.031999999996
 21
-508.6500000000042
 31
0.0
  0
LINE
  5
6EE
330
17
100
AcDbEntity
  8
0
100
AcDbLine
 10
740.031999999996
 20
-508.6500000000042
 30
0.0
 11
739.9379999999959
 21
-506.7790000000042
 31
0.0
  0
LINE
  5
6EF
330
17
100
AcDbEntity
  8
0
100
AcDbLine
 10
739.9379999999959
 20
-506.7790000000042
 30
0.0
 11
740.031999999996
 21
-504.9080000000042
 31
0.0
  0
LINE
  5
6F0
330
17
100
AcDbEntity
  8
0
100
AcDbLine
 10
740.031999999996
 20
-504.9080000000042
 30
0.0
 11
740.308999999996
 21
-503.0910000000042
 31
0.0
  0
LINE
  5
6F1
330
17
100
AcDbEntity
  8
0
100
AcDbLine
 10
740.308999999996
 20
-503.0910000000042
 30
0.0
 11
740.759999999996
 21
-501.3370000000042
 31
0.0
  0
LINE
  5
6F2
330
17
100
AcDbEntity
  8
0
100
AcDbLine
 10
740.759999999996
 20
-501.3370000000042
 30
0.0
 11
741.374999999996
 21
-499.6560000000042
 31
0.0
  0
LINE
  5
6F3
330
17
100
AcDbEntity
  8
0
100
AcDbLine
 10
741.374999999996
 20
-499.6560000000042
 30
0.0
 11
742.145999999996
 21
-498.0560000000042
 31
0.0
  0
LINE
  5
6F4
330
17
100
AcDbEntity
  8
0
100
AcDbLine
 10
742.145999999996
 20
-498.0560000000042
 30
0.0
 11
743.062999999996
 21
-496.5470000000042
 31
0.0
  0
LINE
  5
6F5
330
17
100
AcDbEntity
  8
0
100
AcDbLine
 10
743.062999999996
 20
-496.5470000000042
 30
0.0
 11
744.116999999996
 21
-495.1380000000042
 31
0.0
  0
LINE
  5
6F6
330
17
100
AcDbEntity
  8
0
100
AcDbLine
 10
744.116999999996
 20
-495.1380000000042
 30
0.0
 11
745.297999999996
 21
-493.8380000000042
 31
0.0
  0
LINE
  5
6F7
330
17
100
AcDbEntity
  8
0
100
AcDbLine
 10
745.297999999996
 20
-493.8380000000042
 30
0.0
 11
746.597999999996
 21
-492.6570000000042
 31
0.0
  0
LINE
  5
6F8
330
17
100
AcDbEntity
  8
0
100
AcDbLine
 10
746.597999999996
 20
-492.6570000000042
 30
0.0
 11
748.006999999996
 21
-491.6030000000042
 31
0.0
  0
LINE
  5
6F9
330
17
100
AcDbEntity
  8
0
100
AcDbLine
 10
748.006999999996
 20
-491.6030000000042
 30
0.0
 11
749.515999999996
 21
-490.68600000000424
 31
0.0
  0
LINE
  5
6FA
330
17
100
AcDbEntity
  8
0
100
AcDbLine
 10
749.515999999996
 20
-490.68600000000424
 30
0.0
 11
751.115999999996
 21
-489.9150000000042
 31
0.0
  0
LINE
  5
6FB
330
17
100
AcDbEntity
  8
0
100
AcDbLine
 10
751.115999999996
 20
-489.9150000000042
 30
0.0
 11
752.796999999996
 21
-489.3000000000042
 31
0.0
  0
LINE
  5
6FC
330
17
100
AcDbEntity
  8
0
100
AcDbLine
 10
752.796999999996
 20
-489.3000000000042
 30
0.0
 11
754.5509999999961
 21
-488.8490000000042
 31
0.0
  0
LINE
  5
6FD
330
17
100
AcDbEntity
  8
0
100
AcDbLine
 10
754.5509999999961
 20
-488.8490000000042
 30
0.0
 11
756.3679999999961
 21
-488.5720000000042
 31
0.0
  0
LINE
  5
6FE
330
17
100
AcDbEntity
  8
0
100
AcDbLine
 10
756.3679999999961
 20
-488.5720000000042
 30
0.0
 11
758.238999999996
 21
-488.4770000000042
 31
0.0
  0
LINE
  5
6FF
330
17
100
AcDbEntity
  8
0
100
AcDbLine
 10
758.238999999996
 20
-488.4770000000042
 30
0.0
 11
760.109999999996
 21
-488.5720000000042
 31
0.0
  0
LINE
  5
700
330
17
100
AcDbEntity
  8
0
100
AcDbLine
 10
760.109999999996
 20
-488.5720000000042
 30
0.0
 11
761.926999999996
 21
-488.8490000000042
 31
0.0
  0
LINE
  5
701
330
17
100
AcDbEntity
  8
0
100
AcDbLine
 10
761.926999999996
 20
-488.8490000000042
 30
0.0
 11
763.6809999999961
 21
-489.3000000000042
 31
0.0
  0
LINE
  5
702
330
17
100
AcDbEntity
  8
0
100
AcDbLine
 10
763.6809999999961
 20
-489.3000000000042
 30
0.0
 11
765.3629999999961
 21
-489.9150000000042
 31
0.0
  0
LINE
  5
703
330
17
100
AcDbEntity
  8
0
100
AcDbLine
 10
765.3629999999961
 20
-489.9150000000042
 30
0.0
 11
766.9629999999961
 21
-490.68600000000424
 31
0.0
  0
LINE
  5
704
330
17
100
AcDbEntity
  8
0
100
AcDbLine
 10
766.9629999999961
 20
-490.68600000000424
 30
0.0
 11
768.4719999999961
 21
-491.6030000000042
 31
0.0
  0
LINE
  5
705
330
17
100
AcDbEntity
  8
0
100
AcDbLine
 10
768.4719999999961
 20
-491.6030000000042
 30
0.0
 11
769.8809999999961
 21
-492.6570000000042
 31
0.0
  0
LINE
  5
706
330
17
100
AcDbEntity
  8
0
100
AcDbLine
 10
769.8809999999961
 20
-492.6570000000042
 30
0.0
 11
771.1809999999961
 21
-493.8380000000042
 31
0.0
  0
LINE
  5
707
330
17
100
AcDbEntity
  8
0
100
AcDbLine
 10
771.1809999999961
 20
-493.8380000000042
 30
0.0
 11
772.3619999999961
 21
-495.1380000000042
 31
0.0
  0
LINE
  5
708
330
17
100
AcDbEntity
  8
0
100
AcDbLine
 10
772.3619999999961
 20
-495.1380000000042
 30
0.0
 11
773.4159999999961
 21
-496.5470000000042
 31
0.0
  0
LINE
  5
709
330
17
100
AcDbEntity
  8
0
100
AcDbLine
 10
773.4159999999961
 20
-496.5470000000042
 30
0.0
 11
774.3329999999961
 21
-498.0560000000042
 31
0.0
  0
LINE
  5
70A
330
17
100
AcDbEntity
  8
0
100
AcDbLine
 10
774.3329999999961
 20
-498.0560000000042
 30
0.0
 11
775.1039999999961
 21
-499.6560000000042
 31
0.0
  0
LINE
  5
70B
330
17
100
AcDbEntity
  8
0
100
AcDbLine
 10
775.1039999999961
 20
-499.6560000000042
 30
0.0
 11
775.7189999999961
 21
-501.3370000000042
 31
0.0
  0
LINE
  5
70C
330
17
100
AcDbEntity
  8
0
100
AcDbLine
 10
775.7189999999961
 20
-501.3370000000042
 30
0.0
 11
776.1699999999961
 21
-503.0910000000042
 31
0.0
  0
LINE
  5
70D
330
17
100
AcDbEntity
  8
0
100
AcDbLine
 10
776.1699999999961
 20
-503.0910000000042
 30
0.0
 11
776.4469999999961
 21
-504.9080000000042
 31
0.0
  0
LINE
  5
70E
330
17
100
AcDbEntity
  8
0
100
AcDbLine
 10
776.4469999999961
 20
-504.9080000000042
 30
0.0
 11
776.5409999999962
 21
-506.7790000000042
 31
0.0
  0
LINE
  5
70F
330
17
100
AcDbEntity
  8
0
100
AcDbLine
 10
788.9309999999962
 20
-433.5720000000042
 30
0.0
 11
788.8669999999962
 21
-434.8390000000042
 31
0.0
  0
LINE
  5
710
330
17
100
AcDbEntity
  8
0
100
AcDbLine
 10
788.8669999999962
 20
-434.8390000000042
 30
0.0
 11
788.6789999999962
 21
-436.0690000000042
 31
0.0
  0
LINE
  5
711
330
17
100
AcDbEntity
  8
0
100
AcDbLine
 10
788.6789999999962
 20
-436.0690000000042
 30
0.0
 11
788.3739999999963
 21
-437.25600000000424
 31
0.0
  0
LINE
  5
712
330
17
100
AcDbEntity
  8
0
100
AcDbLine
 10
788.3739999999963
 20
-437.25600000000424
 30
0.0
 11
787.9569999999962
 21
-438.3940000000042
 31
0.0
  0
LINE
  5
713
330
17
100
AcDbEntity
  8
0
100
AcDbLine
 10
787.9569999999962
 20
-438.3940000000042
 30
0.0
 11
787.4349999999962
 21
-439.47700000000424
 31
0.0
  0
LINE
  5
714
330
17
100
AcDbEntity
  8
0
100
AcDbLine
 10
787.4349999999962
 20
-439.47700000000424
 30
0.0
 11
786.8139999999962
 21
-440.49900000000423
 31
0.0
  0
LINE
  5
715
330
17
100
AcDbEntity
  8
0
100
AcDbLine
 10
786.8139999999962
 20
-440.49900000000423
 30
0.0
 11
786.1009999999962
 21
-441.45300000000424
 31
0.0
  0
LINE
  5
716
330
17
100
AcDbEntity
  8
0
100
AcDbLine
 10
786.1009999999962
 20
-441.45300000000424
 30
0.0
 11
785.3009999999963
 21
-442.33300000000423
 31
0.0
  0
LINE
  5
717
330
17
100
AcDbEntity
  8
0
100
AcDbLine
 10
785.3009999999963
 20
-442.33300000000423
 30
0.0
 11
784.4209999999963
 21
-443.13300000000424
 31
0.0
  0
LINE
  5
718
330
17
100
AcDbEntity
  8
0
100
AcDbLine
 10
784.4209999999963
 20
-443.13300000000424
 30
0.0
 11
783.4669999999963
 21
-443.84600000000427
 31
0.0
  0
LINE
  5
719
330
17
100
AcDbEntity
  8
0
100
AcDbLine
 10
783.4669999999963
 20
-443.84600000000427
 30
0.0
 11
782.4449999999963
 21
-444.46700000000425
 31
0.0
  0
LINE
  5
71A
330
17
100
AcDbEntity
  8
0
100
AcDbLine
 10
782.4449999999963
 20
-444.46700000000425
 30
0.0
 11
781.3619999999963
 21
-444.98900000000424
 31
0.0
  0
LINE
  5
71B
330
17
100
AcDbEntity
  8
0
100
AcDbLine
 10
781.3619999999963
 20
-444.98900000000424
 30
0.0
 11
780.2239999999963
 21
-445.4060000000042
 31
0.0
  0
LINE
  5
71C
330
17
100
AcDbEntity
  8
0
100
AcDbLine
 10
780.2239999999963
 20
-445.4060000000042
 30
0.0
 11
779.0369999999963
 21
-445.7110000000042
 31
0.0
  0
LINE
  5
71D
330
17
100
AcDbEntity
  8
0
100
AcDbLine
 10
779.0369999999963
 20
-445.7110000000042
 30
0.0
 11
777.8069999999963
 21
-445.8990000000042
 31
0.0
  0
LINE
  5
71E
330
17
100
AcDbEntity
  8
0
100
AcDbLine
 10
777.8069999999963
 20
-445.8990000000042
 30
0.0
 11
776.5399999999962
 21
-445.96300000000423
 31
0.0
  0
LINE
  5
71F
330
17
100
AcDbEntity
  8
0
100
AcDbLine
 10
776.5399999999962
 20
-445.96300000000423
 30
0.0
 11
775.2729999999962
 21
-445.8990000000042
 31
0.0
  0
LINE
  5
720
330
17
100
AcDbEntity
  8
0
100
AcDbLine
 10
775.2729999999962
 20
-445.8990000000042
 30
0.0
 11
774.0429999999961
 21
-445.7110000000042
 31
0.0
  0
LINE
  5
721
330
17
100
AcDbEntity
  8
0
100
AcDbLine
 10
774.0429999999961
 20
-445.7110000000042
 30
0.0
 11
772.8559999999961
 21
-445.4060000000042
 31
0.0
  0
LINE
  5
722
330
17
100
AcDbEntity
  8
0
100
AcDbLine
 10
772.8559999999961
 20
-445.4060000000042
 30
0.0
 11
771.7179999999961
 21
-444.98900000000424
 31
0.0
  0
LINE
  5
723
330
17
100
AcDbEntity
  8
0
100
AcDbLine
 10
771.7179999999961
 20
-444.98900000000424
 30
0.0
 11
770.6349999999961
 21
-444.46700000000425
 31
0.0
  0
LINE
  5
724
330
17
100
AcDbEntity
  8
0
100
AcDbLine
 10
770.6349999999961
 20
-444.46700000000425
 30
0.0
 11
769.6129999999961
 21
-443.84600000000427
 31
0.0
  0
LINE
  5
725
330
17
100
AcDbEntity
  8
0
100
AcDbLine
 10
769.6129999999961
 20
-443.84600000000427
 30
0.0
 11
768.6589999999961
 21
-443.13300000000424
 31
0.0
  0
LINE
  5
726
330
17
100
AcDbEntity
  8
0
100
AcDbLine
 10
768.6589999999961
 20
-443.13300000000424
 30
0.0
 11
767.7789999999961
 21
-442.33300000000423
 31
0.0
  0
LINE
  5
727
330
17
100
AcDbEntity
  8
0
100
AcDbLine
 10
767.7789999999961
 20
-442.33300000000423
 30
0.0
 11
766.9789999999962
 21
-441.45300000000424
 31
0.0
  0
LINE
  5
728
330
17
100
AcDbEntity
  8
0
100
AcDbLine
 10
766.9789999999962
 20
-441.45300000000424
 30
0.0
 11
766.2659999999962
 21
-440.49900000000423
 31
0.0
  0
LINE
  5
729
330
17
100
AcDbEntity
  8
0
100
AcDbLine
 10
766.2659999999962
 20
-440.49900000000423
 30
0.0
 11
765.6449999999962
 21
-439.47700000000424
 31
0.0
  0
LINE
  5
72A
330
17
100
AcDbEntity
  8
0
100
AcDbLine
 10
765.6449999999962
 20
-439.47700000000424
 30
0.0
 11
765.1229999999962
 21
-438.3940000000042
 31
0.0
  0
LINE
  5
72B
330
17
100
AcDbEntity
  8
0
100
AcDbLine
 10
765.1229999999962
 20
-438.3940000000042
 30
0.0
 11
764.7059999999962
 21
-437.25600000000424
 31
0.0
  0
LINE
  5
72C
330
17
100
AcDbEntity
  8
0
100
AcDbLine
 10
764.7059999999962
 20
-437.25600000000424
 30
0.0
 11
764.4009999999962
 21
-436.0690000000042
 31
0.0
  0
LINE
  5
72D
330
17
100
AcDbEntity
  8
0
100
AcDbLine
 10
764.4009999999962
 20
-436.0690000000042
 30
0.0
 11
764.2129999999962
 21
-434.8390000000042
 31
0.0
  0
LINE
  5
72E
330
17
100
AcDbEntity
  8
0
100
AcDbLine
 10
764.2129999999962
 20
-434.8390000000042
 30
0.0
 11
764.1489999999962
 21
-433.5720000000042
 31
0.0
  0
LINE
  5
72F
330
17
100
AcDbEntity
  8
0
100
AcDbLine
 10
764.1489999999962
 20
-433.5720000000042
 30
0.0
 11
764.2129999999962
 21
-432.3050000000042
 31
0.0
  0
LINE
  5
730
330
17
100
AcDbEntity
  8
0
100
AcDbLine
 10
764.2129999999962
 20
-432.3050000000042
 30
0.0
 11
764.4009999999962
 21
-431.0750000000042
 31
0.0
  0
LINE
  5
731
330
17
100
AcDbEntity
  8
0
100
AcDbLine
 10
764.4009999999962
 20
-431.0750000000042
 30
0.0
 11
764.7059999999962
 21
-429.8880000000042
 31
0.0
  0
LINE
  5
732
330
17
100
AcDbEntity
  8
0
100
AcDbLine
 10
764.7059999999962
 20
-429.8880000000042
 30
0.0
 11
765.1229999999962
 21
-428.7500000000042
 31
0.0
  0
LINE
  5
733
330
17
100
AcDbEntity
  8
0
100
AcDbLine
 10
765.1229999999962
 20
-428.7500000000042
 30
0.0
 11
765.6449999999962
 21
-427.6670000000042
 31
0.0
  0
LINE
  5
734
330
17
100
AcDbEntity
  8
0
100
AcDbLine
 10
765.6449999999962
 20
-427.6670000000042
 30
0.0
 11
766.2659999999962
 21
-426.6450000000042
 31
0.0
  0
LINE
  5
735
330
17
100
AcDbEntity
  8
0
100
AcDbLine
 10
766.2659999999962
 20
-426.6450000000042
 30
0.0
 11
766.9789999999962
 21
-425.6910000000042
 31
0.0
  0
LINE
  5
736
330
17
100
AcDbEntity
  8
0
100
AcDbLine
 10
766.9789999999962
 20
-425.6910000000042
 30
0.0
 11
767.7789999999961
 21
-424.8110000000042
 31
0.0
  0
LINE
  5
737
330
17
100
AcDbEntity
  8
0
100
AcDbLine
 10
767.7789999999961
 20
-424.8110000000042
 30
0.0
 11
768.6589999999961
 21
-424.0110000000042
 31
0.0
  0
LINE
  5
738
330
17
100
AcDbEntity
  8
0
100
AcDbLine
 10
768.6589999999961
 20
-424.0110000000042
 30
0.0
 11
769.6129999999961
 21
-423.29800000000415
 31
0.0
  0
LINE
  5
739
330
17
100
AcDbEntity
  8
0
100
AcDbLine
 10
769.6129999999961
 20
-423.29800000000415
 30
0.0
 11
770.6349999999961
 21
-422.67700000000417
 31
0.0
  0
LINE
  5
73A
330
17
100
AcDbEntity
  8
0
100
AcDbLine
 10
770.6349999999961
 20
-422.67700000000417
 30
0.0
 11
771.7179999999961
 21
-422.1550000000042
 31
0.0
  0
LINE
  5
73B
330
17
100
AcDbEntity
  8
0
100
AcDbLine
 10
771.7179999999961
 20
-422.1550000000042
 30
0.0
 11
772.8559999999961
 21
-421.7380000000042
 31
0.0
  0
LINE
  5
73C
330
17
100
AcDbEntity
  8
0
100
AcDbLine
 10
772.8559999999961
 20
-421.7380000000042
 30
0.0
 11
774.0429999999961
 21
-421.4330000000042
 31
0.0
  0
LINE
  5
73D
330
17
100
AcDbEntity
  8
0
100
AcDbLine
 10
774.0429999999961
 20
-421.4330000000042
 30
0.0
 11
775.2729999999962
 21
-421.2450000000042
 31
0.0
  0
LINE
  5
73E
330
17
100
AcDbEntity
  8
0
100
AcDbLine
 10
775.2729999999962
 20
-421.2450000000042
 30
0.0
 11
776.5399999999962
 21
-421.1810000000042
 31
0.0
  0
LINE
  5
73F
330
17
100
AcDbEntity
  8
0
100
AcDbLine
 10
776.5399999999962
 20
-421.1810000000042
 30
0.0
 11
777.8069999999963
 21
-421.2450000000042
 31
0.0
  0
LINE
  5
740
330
17
100
AcDbEntity
  8
0
100
AcDbLine
 10
777.8069999999963
 20
-421.2450000000042
 30
0.0
 11
779.0369999999963
 21
-421.4330000000042
 31
0.0
  0
LINE
  5
741
330
17
100
AcDbEntity
  8
0
100
AcDbLine
 10
779.0369999999963
 20
-421.4330000000042
 30
0.0
 11
780.2239999999963
 21
-421.7380000000042
 31
0.0
  0
LINE
  5
742
330
17
100
AcDbEntity
  8
0
100
AcDbLine
 10
780.2239999999963
 20
-421.7380000000042
 30
0.0
 11
781.3619999999963
 21
-422.1550000000042
 31
0.0
  0
LINE
  5
743
330
17
100
AcDbEntity
  8
0
100
AcDbLine
 10
781.3619999999963
 20
-422.1550000000042
 30
0.0
 11
782.4449999999963
 21
-422.67700000000417
 31
0.0
  0
LINE
  5
744
330
17
100
AcDbEntity
  8
0
100
AcDbLine
 10
782.4449999999963
 20
-422.67700000000417
 30
0.0
 11
783.4669999999963
 21
-423.29800000000415
 31
0.0
  0
LINE
  5
745
330
17
100
AcDbEntity
  8
0
100
AcDbLine
 10
783.4669999999963
 20
-423.29800000000415
 30
0.0
 11
784.4209999999963
 21
-424.0110000000042
 31
0.0
  0
LINE
  5
746
330
17
100
AcDbEntity
  8
0
100
AcDbLine
 10
784.4209999999963
 20
-424.0110000000042
 30
0.0
 11
785.3009999999963
 21
-424.8110000000042
 31
0.0
  0
LINE
  5
747
330
17
100
AcDbEntity
  8
0
100
AcDbLine
 10
785.3009999999963
 20
-424.8110000000042
 30
0.0
 11
786.1009999999962
 21
-425.6910000000042
 31
0.0
  0
LINE
  5
748
330
17
100
AcDbEntity
  8
0
100
AcDbLine
 10
786.1009999999962
 20
-425.6910000000042
 30
0.0
 11
786.8139999999962
 21
-426.6450000000042
 31
0.0
  0
LINE
  5
749
330
17
100
AcDbEntity
  8
0
100
AcDbLine
 10
786.8139999999962
 20
-426.6450000000042
 30
0.0
 11
787.4349999999962
 21
-427.6670000000042
 31
0.0
  0
LINE
  5
74A
330
17
100
AcDbEntity
  8
0
100
AcDbLine
 10
787.4349999999962
 20
-427.6670000000042
 30
0.0
 11
787.9569999999962
 21
-428.7500000000042
 31
0.0
  0
LINE
  5
74B
330
17
100
AcDbEntity
  8
0
100
AcDbLine
 10
787.9569999999962
 20
-428.7500000000042
 30
0.0
 11
788.3739999999963
 21
-429.8880000000042
 31
0.0
  0
LINE
  5
74C
330
17
100
AcDbEntity
  8
0
100
AcDbLine
 10
788.3739999999963
 20
-429.8880000000042
 30
0.0
 11
788.6789999999962
 21
-431.0750000000042
 31
0.0
  0
LINE
  5
74D
330
17
100
AcDbEntity
  8
0
100
AcDbLine
 10
788.6789999999962
 20
-431.0750000000042
 30
0.0
 11
788.8669999999962
 21
-432.3050000000042
 31
0.0
  0
LINE
  5
74E
330
17
100
AcDbEntity
  8
0
100
AcDbLine
 10
788.8669999999962
 20
-432.3050000000042
 30
0.0
 11
788.9309999999962
 21
-433.5720000000042
 31
0.0
  0
LINE
  5
74F
330
17
100
AcDbEntity
  8
0
100
AcDbLine
 10
751.5899999999962
 20
-577.4390000000042
 30
0.0
 11
751.5299999999962
 21
-578.6310000000042
 31
0.0
  0
LINE
  5
750
330
17
100
AcDbEntity
  8
0
100
AcDbLine
 10
751.5299999999962
 20
-578.6310000000042
 30
0.0
 11
751.3529999999962
 21
-579.7890000000042
 31
0.0
  0
LINE
  5
751
330
17
100
AcDbEntity
  8
0
100
AcDbLine
 10
751.3529999999962
 20
-579.7890000000042
 30
0.0
 11
751.0659999999962
 21
-580.9060000000042
 31
0.0
  0
LINE
  5
752
330
17
100
AcDbEntity
  8
0
100
AcDbLine
 10
751.0659999999962
 20
-580.9060000000042
 30
0.0
 11
750.6739999999961
 21
-581.9770000000042
 31
0.0
  0
LINE
  5
753
330
17
100
AcDbEntity
  8
0
100
AcDbLine
 10
750.6739999999961
 20
-581.9770000000042
 30
0.0
 11
750.1829999999961
 21
-582.9960000000042
 31
0.0
  0
LINE
  5
754
330
17
100
AcDbEntity
  8
0
100
AcDbLine
 10
750.1829999999961
 20
-582.9960000000042
 30
0.0
 11
749.5989999999962
 21
-583.9570000000042
 31
0.0
  0
LINE
  5
755
330
17
100
AcDbEntity
  8
0
100
AcDbLine
 10
749.5989999999962
 20
-583.9570000000042
 30
0.0
 11
748.9279999999961
 21
-584.8540000000042
 31
0.0
  0
LINE
  5
756
330
17
100
AcDbEntity
  8
0
100
AcDbLine
 10
748.9279999999961
 20
-584.8540000000042
 30
0.0
 11
748.1749999999961
 21
-585.6820000000042
 31
0.0
  0
LINE
  5
757
330
17
100
AcDbEntity
  8
0
100
AcDbLine
 10
748.1749999999961
 20
-585.6820000000042
 30
0.0
 11
747.3469999999961
 21
-586.4350000000043
 31
0.0
  0
LINE
  5
758
330
17
100
AcDbEntity
  8
0
100
AcDbLine
 10
747.3469999999961
 20
-586.4350000000043
 30
0.0
 11
746.4499999999961
 21
-587.1060000000043
 31
0.0
  0
LINE
  5
759
330
17
100
AcDbEntity
  8
0
100
AcDbLine
 10
746.4499999999961
 20
-587.1060000000043
 30
0.0
 11
745.488999999996
 21
-587.6900000000043
 31
0.0
  0
LINE
  5
75A
330
17
100
AcDbEntity
  8
0
100
AcDbLine
 10
745.488999999996
 20
-587.6900000000043
 30
0.0
 11
744.469999999996
 21
-588.1810000000042
 31
0.0
  0
LINE
  5
75B
330
17
100
AcDbEntity
  8
0
100
AcDbLine
 10
744.469999999996
 20
-588.1810000000042
 30
0.0
 11
743.398999999996
 21
-588.5730000000043
 31
0.0
  0
LINE
  5
75C
330
17
100
AcDbEntity
  8
0
100
AcDbLine
 10
743.398999999996
 20
-588.5730000000043
 30
0.0
 11
742.2819999999961
 21
-588.8600000000043
 31
0.0
  0
LINE
  5
75D
330
17
100
AcDbEntity
  8
0
100
AcDbLine
 10
742.2819999999961
 20
-588.8600000000043
 30
0.0
 11
741.123999999996
 21
-589.0370000000044
 31
0.0
  0
LINE
  5
75E
330
17
100
AcDbEntity
  8
0
100
AcDbLine
 10
741.123999999996
 20
-589.0370000000044
 30
0.0
 11
739.931999999996
 21
-589.0970000000043
 31
0.0
  0
LINE
  5
75F
330
17
100
AcDbEntity
  8
0
100
AcDbLine
 10
739.931999999996
 20
-589.0970000000043
 30
0.0
 11
738.739999999996
 21
-589.0370000000044
 31
0.0
  0
LINE
  5
760
330
17
100
AcDbEntity
  8
0
100
AcDbLine
 10
738.739999999996
 20
-589.0370000000044
 30
0.0
 11
737.581999999996
 21
-588.8600000000043
 31
0.0
  0
LINE
  5
761
330
17
100
AcDbEntity
  8
0
100
AcDbLine
 10
737.581999999996
 20
-588.8600000000043
 30
0.0
 11
736.464999999996
 21
-588.5730000000043
 31
0.0
  0
LINE
  5
762
330
17
100
AcDbEntity
  8
0
100
AcDbLine
 10
736.464999999996
 20
-588.5730000000043
 30
0.0
 11
735.393999999996
 21
-588.1810000000042
 31
0.0
  0
LINE
  5
763
330
17
100
AcDbEntity
  8
0
100
AcDbLine
 10
735.393999999996
 20
-588.1810000000042
 30
0.0
 11
734.374999999996
 21
-587.6900000000043
 31
0.0
  0
LINE
  5
764
330
17
100
AcDbEntity
  8
0
100
AcDbLine
 10
734.374999999996
 20
-587.6900000000043
 30
0.0
 11
733.413999999996
 21
-587.1060000000043
 31
0.0
  0
LINE
  5
765
330
17
100
AcDbEntity
  8
0
100
AcDbLine
 10
733.413999999996
 20
-587.1060000000043
 30
0.0
 11
732.515999999996
 21
-586.4350000000043
 31
0.0
  0
LINE
  5
766
330
17
100
AcDbEntity
  8
0
100
AcDbLine
 10
732.515999999996
 20
-586.4350000000043
 30
0.0
 11
731.687999999996
 21
-585.6820000000042
 31
0.0
  0
LINE
  5
767
330
17
100
AcDbEntity
  8
0
100
AcDbLine
 10
731.687999999996
 20
-585.6820000000042
 30
0.0
 11
730.935999999996
 21
-584.8540000000042
 31
0.0
  0
LINE
  5
768
330
17
100
AcDbEntity
  8
0
100
AcDbLine
 10
730.935999999996
 20
-584.8540000000042
 30
0.0
 11
730.264999999996
 21
-583.9570000000042
 31
0.0
  0
LINE
  5
769
330
17
100
AcDbEntity
  8
0
100
AcDbLine
 10
730.264999999996
 20
-583.9570000000042
 30
0.0
 11
729.6809999999961
 21
-582.9960000000042
 31
0.0
  0
LINE
  5
76A
330
17
100
AcDbEntity
  8
0
100
AcDbLine
 10
729.6809999999961
 20
-582.9960000000042
 30
0.0
 11
729.1899999999961
 21
-581.9770000000042
 31
0.0
  0
LINE
  5
76B
330
17
100
AcDbEntity
  8
0
100
AcDbLine
 10
729.1899999999961
 20
-581.9770000000042
 30
0.0
 11
728.797999999996
 21
-580.9060000000042
 31
0.0
  0
LINE
  5
76C
330
17
100
AcDbEntity
  8
0
100
AcDbLine
 10
728.797999999996
 20
-580.9060000000042
 30
0.0
 11
728.510999999996
 21
-579.7890000000042
 31
0.0
  0
LINE
  5
76D
330
17
100
AcDbEntity
  8
0
100
AcDbLine
 10
728.510999999996
 20
-579.7890000000042
 30
0.0
 11
728.333999999996
 21
-578.6310000000042
 31
0.0
  0
LINE
  5
76E
330
17
100
AcDbEntity
  8
0
100
AcDbLine
 10
728.333999999996
 20
-578.6310000000042
 30
0.0
 11
728.273999999996
 21
-577.4390000000042
 31
0.0
  0
LINE
  5
76F
330
17
100
AcDbEntity
  8
0
100
AcDbLine
 10
728.273999999996
 20
-577.4390000000042
 30
0.0
 11
728.333999999996
 21
-576.2470000000042
 31
0.0
  0
LINE
  5
770
330
17
100
AcDbEntity
  8
0
100
AcDbLine
 10
728.333999999996
 20
-576.2470000000042
 30
0.0
 11
728.510999999996
 21
-575.0890000000041
 31
0.0
  0
LINE
  5
771
330
17
100
AcDbEntity
  8
0
100
AcDbLine
 10
728.510999999996
 20
-575.0890000000041
 30
0.0
 11
728.797999999996
 21
-573.9720000000042
 31
0.0
  0
LINE
  5
772
330
17
100
AcDbEntity
  8
0
100
AcDbLine
 10
728.797999999996
 20
-573.9720000000042
 30
0.0
 11
729.1899999999961
 21
-572.9010000000042
 31
0.0
  0
LINE
  5
773
330
17
100
AcDbEntity
  8
0
100
AcDbLine
 10
729.1899999999961
 20
-572.9010000000042
 30
0.0
 11
729.6809999999961
 21
-571.8820000000042
 31
0.0
  0
LINE
  5
774
330
17
100
AcDbEntity
  8
0
100
AcDbLine
 10
729.6809999999961
 20
-571.8820000000042
 30
0.0
 11
730.264999999996
 21
-570.9210000000041
 31
0.0
  0
LINE
  5
775
330
17
100
AcDbEntity
  8
0
100
AcDbLine
 10
730.264999999996
 20
-570.9210000000041
 30
0.0
 11
730.935999999996
 21
-570.0230000000041
 31
0.0
  0
LINE
  5
776
330
17
100
AcDbEntity
  8
0
100
AcDbLine
 10
730.935999999996
 20
-570.0230000000041
 30
0.0
 11
731.687999999996
 21
-569.1950000000041
 31
0.0
  0
LINE
  5
777
330
17
100
AcDbEntity
  8
0
100
AcDbLine
 10
731.687999999996
 20
-569.1950000000041
 30
0.0
 11
732.515999999996
 21
-568.4430000000042
 31
0.0
  0
LINE
  5
778
330
17
100
AcDbEntity
  8
0
100
AcDbLine
 10
732.515999999996
 20
-568.4430000000042
 30
0.0
 11
733.413999999996
 21
-567.7720000000041
 31
0.0
  0
LINE
  5
779
330
17
100
AcDbEntity
  8
0
100
AcDbLine
 10
733.413999999996
 20
-567.7720000000041
 30
0.0
 11
734.374999999996
 21
-567.1880000000042
 31
0.0
  0
LINE
  5
77A
330
17
100
AcDbEntity
  8
0
100
AcDbLine
 10
734.374999999996
 20
-567.1880000000042
 30
0.0
 11
735.393999999996
 21
-566.6970000000042
 31
0.0
  0
LINE
  5
77B
330
17
100
AcDbEntity
  8
0
100
AcDbLine
 10
735.393999999996
 20
-566.6970000000042
 30
0.0
 11
736.464999999996
 21
-566.3050000000042
 31
0.0
  0
LINE
  5
77C
330
17
100
AcDbEntity
  8
0
100
AcDbLine
 10
736.464999999996
 20
-566.3050000000042
 30
0.0
 11
737.581999999996
 21
-566.0180000000041
 31
0.0
  0
LINE
  5
77D
330
17
100
AcDbEntity
  8
0
100
AcDbLine
 10
737.581999999996
 20
-566.0180000000041
 30
0.0
 11
738.739999999996
 21
-565.8410000000041
 31
0.0
  0
LINE
  5
77E
330
17
100
AcDbEntity
  8
0
100
AcDbLine
 10
738.739999999996
 20
-565.8410000000041
 30
0.0
 11
739.931999999996
 21
-565.7810000000042
 31
0.0
  0
LINE
  5
77F
330
17
100
AcDbEntity
  8
0
100
AcDbLine
 10
739.931999999996
 20
-565.7810000000042
 30
0.0
 11
741.123999999996
 21
-565.8410000000041
 31
0.0
  0
LINE
  5
780
330
17
100
AcDbEntity
  8
0
100
AcDbLine
 10
741.123999999996
 20
-565.8410000000041
 30
0.0
 11
742.2819999999961
 21
-566.0180000000041
 31
0.0
  0
LINE
  5
781
330
17
100
AcDbEntity
  8
0
100
AcDbLine
 10
742.2819999999961
 20
-566.0180000000041
 30
0.0
 11
743.398999999996
 21
-566.3050000000042
 31
0.0
  0
LINE
  5
782
330
17
100
AcDbEntity
  8
0
100
AcDbLine
 10
743.398999999996
 20
-566.3050000000042
 30
0.0
 11
744.469999999996
 21
-566.6970000000042
 31
0.0
  0
LINE
  5
783
330
17
100
AcDbEntity
  8
0
100
AcDbLine
 10
744.469999999996
 20
-566.6970000000042
 30
0.0
 11
745.488999999996
 21
-567.1880000000042
 31
0.0
  0
LINE
  5
784
330
17
100
AcDbEntity
  8
0
100
AcDbLine
 10
745.488999999996
 20
-567.1880000000042
 30
0.0
 11
746.4499999999961
 21
-567.7720000000041
 31
0.0
  0
LINE
  5
785
330
17
100
AcDbEntity
  8
0
100
AcDbLine
 10
746.4499999999961
 20
-567.7720000000041
 30
0.0
 11
747.3469999999961
 21
-568.4430000000042
 31
0.0
  0
LINE
  5
786
330
17
100
AcDbEntity
  8
0
100
AcDbLine
 10
747.3469999999961
 20
-568.4430000000042
 30
0.0
 11
748.1749999999961
 21
-569.1950000000041
 31
0.0
  0
LINE
  5
787
330
17
100
AcDbEntity
  8
0
100
AcDbLine
 10
748.1749999999961
 20
-569.1950000000041
 30
0.0
 11
748.9279999999961
 21
-570.0230000000041
 31
0.0
  0
LINE
  5
788
330
17
100
AcDbEntity
  8
0
100
AcDbLine
 10
748.9279999999961
 20
-570.0230000000041
 30
0.0
 11
749.5989999999962
 21
-570.9210000000041
 31
0.0
  0
LINE
  5
789
330
17
100
AcDbEntity
  8
0
100
AcDbLine
 10
749.5989999999962
 20
-570.9210000000041
 30
0.0
 11
750.1829999999961
 21
-571.8820000000042
 31
0.0
  0
LINE
  5
78A
330
17
100
AcDbEntity
  8
0
100
AcDbLine
 10
750.1829999999961
 20
-571.8820000000042
 30
0.0
 11
750.6739999999961
 21
-572.9010000000042
 31
0.0
  0
LINE
  5
78B
330
17
100
AcDbEntity
  8
0
100
AcDbLine
 10
750.6739999999961
 20
-572.9010000000042
 30
0.0
 11
751.0659999999962
 21
-573.9720000000042
 31
0.0
  0
LINE
  5
78C
330
17
100
AcDbEntity
  8
0
100
AcDbLine
 10
751.0659999999962
 20
-573.9720000000042
 30
0.0
 11
751.3529999999962
 21
-575.0890000000041
 31
0.0
  0
LINE
  5
78D
330
17
100
AcDbEntity
  8
0
100
AcDbLine
 10
751.3529999999962
 20
-575.0890000000041
 30
0.0
 11
751.5299999999962
 21
-576.2470000000042
 31
0.0
  0
LINE
  5
78E
330
17
100
AcDbEntity
  8
0
100
AcDbLine
 10
751.5299999999962
 20
-576.2470000000042
 30
0.0
 11
751.5899999999962
 21
-577.4390000000042
 31
0.0
  0
ENDSEC
  0
SECTION
  2
OBJECTS
  0
DICTIONARY
  5
A
330
0
100
AcDbDictionary
281
1
  3
ACAD_COLOR
350
B
  3
ACAD_GROUP
350
C
  3
ACAD_LAYOUT
350
D
  3
ACAD_MATERIAL
350
E
  3
ACAD_MLEADERSTYLE
350
F
  3
ACAD_MLINESTYLE
350
10
  3
ACAD_PLOTSETTINGS
350
11
  3
ACAD_PLOTSTYLENAME
350
12
  3
ACAD_SCALELIST
350
14
  3
ACAD_TABLESTYLE
350
15
  3
ACAD_VISUALSTYLE
350
16
  3
EZDXF_META
350
2D
  0
DICTIONARY
  5
B
330
A
100
AcDbDictionary
281
1
  0
DICTIONARY
  5
C
330
A
100
AcDbDictionary
281
1
  0
DICTIONARY
  5
D
330
A
100
AcDbDictionary
281
1
  3
Model
350
1A
  3
Layout1
350
1E
  0
DICTIONARY
  5
E
330
A
100
AcDbDictionary
281
1
  3
ByBlock
350
1F
  3
ByLayer
350
20
  3
Global
350
21
  0
DICTIONARY
  5
F
330
A
100
AcDbDictionary
281
1
  3
Standard
350
2C
  0
DICTIONARY
  5
10
330
A
100
AcDbDictionary
281
1
  3
Standard
350
22
  0
DICTIONARY
  5
11
330
A
100
AcDbDictionary
281
1
  0
ACDBDICTIONARYWDFLT
  5
12
330
A
100
AcDbDictionary
281
1
  3
Normal
350
13
100
AcDbDictionaryWithDefault
340
13
  0
ACDBPLACEHOLDER
  5
13
330
12
  0
DICTIONARY
  5
14
330
A
100
AcDbDictionary
281
1
  0
DICTIONARY
  5
15
330
A
100
AcDbDictionary
281
1
  0
DICTIONARY
  5
16
330
A
100
AcDbDictionary
281
1
  0
LAYOUT
  5
1A
330
D
100
AcDbPlotSettings
  1

  4
A3
  6

 40
7.5
 41
20.0
 42
7.5
 43
20.0
 44
420.0
 45
297.0
 46
0.0
 47
0.0
 48
0.0
 49
0.0
140
0.0
141
0.0
142
1.0
143
1.0
 70
1024
 72
1
 73
0
 74
5
  7

 75
16
 76
0
 77
2
 78
300
147
1.0
148
0.0
149
0.0
100
AcDbLayout
  1
Model
 70
1
 71
0
 10
0.0
 20
0.0
 11
420.0
 21
297.0
 12
0.0
 22
0.0
 32
0.0
 14
1e+20
 24
1e+20
 34
1e+20
 15
-1e+20
 25
-1e+20
 35
-1e+20
146
0.0
 13
0.0
 23
0.0
 33
0.0
 16
1.0
 26
0.0
 36
0.0
 17
0.0
 27
1.0
 37
0.0
 76
1
330
17
  0
LAYOUT
  5
1E
330
D
100
AcDbPlotSettings
  1

  4
A3
  6

 40
7.5
 41
20.0
 42
7.5
 43
20.0
 44
420.0
 45
297.0
 46
0.0
 47
0.0
 48
0.0
 49
0.0
140
0.0
141
0.0
142
1.0
143
1.0
 70
0
 72
1
 73
0
 74
5
  7

 75
16
 76
0
 77
2
 78
300
147
1.0
148
0.0
149
0.0
100
AcDbLayout
  1
Layout1
 70
1
 71
1
 10
0.0
 20
0.0
 11
420.0
 21
297.0
 12
0.0
 22
0.0
 32
0.0
 14
1e+20
 24
1e+20
 34
1e+20
 15
-1e+20
 25
-1e+20
 35
-1e+20
146
0.0
 13
0.0
 23
0.0
 33
0.0
 16
1.0
 26
0.0
 36
0.0
 17
0.0
 27
1.0
 37
0.0
 76
1
330
1B
  0
MATERIAL
  5
1F
102
{ACAD_REACTORS
330
E
102
}
330
E
100
AcDbMaterial
  1
ByBlock
  2

 70
0
 40
1.0
 71
1
 41
1.0
 91
-1023410177
 42
1.0
 72
1
  3

 73
1
 74
1
 75
1
 44
0.5
 73
0
 45
1.0
 46
1.0
 77
1
  4

 78
1
 79
1
170
1
 48
1.0
171
1
  6

172
1
173
1
174
1
140
1.0
141
1.0
175
1
  7

176
1
177
1
178
1
143
1.0
179
1
  8

270
1
271
1
272
1
145
1.0
146
1.0
273
1
  9

274
1
275
1
276
1
 42
1.0
 72
1
  3

 73
1
 74
1
 75
1
 94
63
  0
MATERIAL
  5
20
102
{ACAD_REACTORS
330
E
102
}
330
E
100
AcDbMaterial
  1
ByLayer
  2

 70
0
 40
1.0
 71
1
 41
1.0
 91
-1023410177
 42
1.0
 72
1
  3

 73
1
 74
1
 75
1
 44
0.5
 73
0
 45
1.0
 46
1.0
 77
1
  4

 78
1
 79
1
170
1
 48
1.0
171
1
  6

172
1
173
1
174
1
140
1.0
141
1.0
175
1
  7

176
1
177
1
178
1
143
1.0
179
1
  8

270
1
271
1
272
1
145
1.0
146
1.0
273
1
  9

274
1
275
1
276
1
 42
1.0
 72
1
  3

 73
1
 74
1
 75
1
 94
63
  0
MATERIAL
  5
21
102
{ACAD_REACTORS
330
E
102
}
330
E
100
AcDbMaterial
  1
Global
  2

 70
0
 40
1.0
 71
1
 41
1.0
 91
-1023410177
 42
1.0
 72
1
  3

 73
1
 74
1
 75
1
 44
0.5
 73
0
 45
1.0
 46
1.0
 77
1
  4

 78
1
 79
1
170
1
 48
1.0
171
1
  6

172
1
173
1
174
1
140
1.0
141
1.0
175
1
  7

176
1
177
1
178
1
143
1.0
179
1
  8

270
1
271
1
272
1
145
1.0
146
1.0
273
1
  9

274
1
275
1
276
1
 42
1.0
 72
1
  3

 73
1
 74
1
 75
1
 94
63
  0
MLINESTYLE
  5
22
102
{ACAD_REACTORS
330
10
102
}
330
10
100
AcDbMlineStyle
  2
Standard
 70
0
  3

 62
256
 51
90.0
 52
90.0
 71
2
 49
0.5
 62
256
  6
BYLAYER
 49
-0.5
 62
256
  6
BYLAYER
  0
MLEADERSTYLE
  5
2C
102
{ACAD_REACTORS
330
F
102
}
330
F
100
AcDbMLeaderStyle
179
2
170
2
171
1
172
0
 90
2
 40
0.0
 41
0.0
173
1
 91
-1056964608
 92
-2
290
1
 42
2.0
291
1
 43
8.0
  3
Standard
 44
4.0
300

342
29
174
1
175
1
176
0
178
1
 93
-1056964608
 45
4.0
292
0
297
0
 46
4.0
 94
-1056964608
 47
1.0
 49
1.0
140
1.0
294
1
141
0.0
177
0
142
1.0
295
0
296
0
143
3.75
271
0
272
9
273
9
  0
DICTIONARY
  5
2D
330
A
100
AcDbDictionary
280
1
281
1
  3
CREATED_BY_EZDXF
350
2E
  3
WRITTEN_BY_EZDXF
350
791
  0
DICTIONARYVAR
  5
2E
330
2D
100
DictionaryVariables
280
0
  1
1.4.3 @ 2026-04-08T00:10:13.468149+00:00
  0
DICTIONARYVAR
  5
791
330
2D
100
DictionaryVariables
280
0
  1
1.4.3 @ 2026-04-08T00:10:13.483629+00:00
  0
ENDSEC
  0
EOF
