999
Dxf file generated by netDxf http://netdxf.codeplex.com, Copyright(C) 2015 Daniel Carvajal, Licensed under LGPL
0
SECTION
2
HEADER
9
$ACADVER
1
AC1015
9
$DWGCODEPAGE
3
ANSI_1252
9
$HANDSEED
5
136
9
$ANGBASE
50
0.0
9
$ANGDIR
70
0
9
$ATTMODE
70
1
9
$AUNITS
70
0
9
$AUPREC
70
0
9
$CECOLOR
62
256
9
$CELTSCALE
40
1.0
9
$CELTYPE
6
ByLayer
9
$CELWEIGHT
370
-1
9
$CLAYER
8
0
9
$CMLJUST
70
0
9
$CMLSCALE
40
20.0
9
$CMLSTYLE
2
Standard
9
$DIMSTYLE
2
Standard
9
$TEXTSIZE
40
2.5
9
$TEXTSTYLE
7
Standard
9
$LUNITS
70
2
9
$LUPREC
70
4
9
$EXTNAMES
290
1
9
$INSBASE
10
0.0
20
0.0
30
0.0
9
$INSUNITS
70
0
9
$LTSCALE
40
1.0
9
$LWDISPLAY
290
0
9
$PDMODE
70
0
9
$PDSIZE
40
0.0
9
$PLINEGEN
70
0
9
$TDCREATE
40
2461131.58274468
9
$TDUCREATE
40
2461131.87441134
9
$TDUPDATE
40
2461131.58274468
9
$TDUUPDATE
40
2461131.87441134
9
$TDINDWG
40
0.0
0
ENDSEC
0
SECTION
2
CLASSES
0
CLASS
1
RASTERVARIABLES
2
AcDbRasterVariables
3
ISM
90
0
280
0
281
0
0
ENDSEC
0
SECTION
2
TABLES
0
TABLE
2
APPID
5
3
330
0
100
AcDbSymbolTable
70
2
0
APPID
5
14
330
3
100
AcDbSymbolTableRecord
100
AcDbRegAppTableRecord
2
ACAD
70
0
0
APPID
5
130
330
3
100
AcDbSymbolTableRecord
100
AcDbRegAppTableRecord
2
AcCmTransparency
70
0
0
ENDTAB
0
TABLE
2
VPORT
5
1
330
0
100
AcDbSymbolTable
70
1
0
VPORT
5
E
330
1
100
AcDbSymbolTableRecord
100
AcDbViewportTableRecord
2
*Active
70
0
10
0.0
20
0.0
11
1.0
21
1.0
12
-1.0
22
1.0
13
0.0
23
0.0
14
0.5
24
0.5
15
10.0
25
10.0
16
0.0
26
0.0
36
1.0
17
0.0
27
0.0
37
0.0
0
ENDTAB
0
TABLE
2
LTYPE
5
5
330
0
100
AcDbSymbolTable
70
3
0
LTYPE
5
10
330
5
100
AcDbSymbolTableRecord
100
AcDbLinetypeTableRecord
70
0
2
Continuous
3
Solid line
72
65
73
0
40
0.0
0
LTYPE
5
11
330
5
100
AcDbSymbolTableRecord
100
AcDbLinetypeTableRecord
70
0
2
ByLayer
3

72
65
73
0
40
0.0
0
LTYPE
5
12
330
5
100
AcDbSymbolTableRecord
100
AcDbLinetypeTableRecord
70
0
2
ByBlock
3

72
65
73
0
40
0.0
0
ENDTAB
0
TABLE
2
LAYER
5
4
330
0
100
AcDbSymbolTable
70
3
0
LAYER
5
F
330
4
100
AcDbSymbolTableRecord
100
AcDbLayerTableRecord
2
0
70
0
62
7
6
Continuous
290
1
370
-3
390
0
0
LAYER
5
1D
330
4
100
AcDbSymbolTableRecord
100
AcDbLayerTableRecord
2
Vector_Red
70
0
62
1
6
Continuous
290
1
370
-3
390
0
0
LAYER
5
1E
330
4
100
AcDbSymbolTableRecord
100
AcDbLayerTableRecord
2
Add_Red
70
0
62
1
6
Continuous
290
1
370
-3
390
0
0
ENDTAB
0
TABLE
2
STYLE
5
6
330
0
100
AcDbSymbolTable
70
1
0
STYLE
5
13
330
6
100
AcDbSymbolTableRecord
100
AcDbTextStyleTableRecord
2
Standard
3
simplex.shx
70
0
71
0
40
0.0
41
1.0
42
0.0
50
0.0
0
ENDTAB
0
TABLE
2
DIMSTYLE
5
7
330
0
100
AcDbSymbolTable
70
1
100
AcDbDimStyleTable
0
DIMSTYLE
105
15
330
7
100
AcDbSymbolTableRecord
100
AcDbDimStyleTableRecord
2
Standard
70
0
3
<>
40
1.0
41
0.18
42
0.0625
43
0.38
44
0.18
46
0.0
73
0
74
0
75
0
76
0
77
1
140
0.18
141
0.09
147
0.09
173
0
176
0
177
0
178
0
179
0
271
2
275
0
278
46
280
0
340
13
345
12
346
12
347
12
371
-2
372
-2
0
ENDTAB
0
TABLE
2
VIEW
5
2
330
0
100
AcDbSymbolTable
70
0
0
ENDTAB
0
TABLE
2
UCS
5
9
330
0
100
AcDbSymbolTable
70
0
0
ENDTAB
0
TABLE
2
BLOCK_RECORD
5
A
330
0
100
AcDbSymbolTable
70
2
0
BLOCK_RECORD
5
17
330
A
100
AcDbSymbolTableRecord
100
AcDbBlockTableRecord
2
*Model_Space
340
1B
0
BLOCK_RECORD
5
12A
330
A
100
AcDbSymbolTableRecord
100
AcDbBlockTableRecord
2
*Paper_Space
340
12F
0
ENDTAB
0
ENDSEC
0
SECTION
2
BLOCKS
0
BLOCK
5
19
330
17
100
AcDbEntity
8
0
100
AcDbBlockBegin
2
*Model_Space
70
0
10
0.0
20
0.0
30
0.0
3
*Model_Space
0
ENDBLK
5
18
330
17
100
AcDbEntity
8
0
100
AcDbBlockEnd
0
BLOCK
5
12C
330
12A
100
AcDbEntity
8
0
100
AcDbBlockBegin
2
*Paper_Space
70
0
10
0.0
20
0.0
30
0.0
3
*Paper_Space
0
ENDBLK
5
12B
330
12A
100
AcDbEntity
8
0
100
AcDbBlockEnd
0
ENDSEC
0
SECTION
2
ENTITIES
0
LWPOLYLINE
5
1F
330
17
100
AcDbEntity
67
0
8
Vector_Red
62
256
6
ByLayer
370
-1
48
1.0
60
0
100
AcDbPolyline
90
40
70
0
38
0.0
39
0.0
10
-21.867770032271
20
43.9999995082617
40
0.0
41
0.0
42
0.0
10
-18.3229978527673
20
32.603732623109
40
0.0
41
0.0
42
0.0
10
-8.75645833690051
20
32.4574124893766
40
0.0
41
0.0
42
0.0
10
-5.86887782819613
20
31.6999194737358
40
0.0
41
0.0
42
0.0
10
-3.40369893305044
20
29.975704570158
40
0.0
41
0.0
42
0.0
10
-0.733220209425884
20
27.6827827991012
40
0.0
41
0.0
42
0.0
10
0.879289911457012
20
24.3436941360073
40
0.0
41
0.0
42
0.0
10
4.92079044879513
20
15.5818314212443
40
0.0
41
0.0
42
0.0
10
15.5571006432139
20
18.585813713037
40
0.0
41
0.0
42
0.0
10
18.5075974228508
20
10.1157791524573
40
0.0
41
0.0
42
0.0
10
8.89071153879917
20
7.13696647152676
40
0.0
41
0.0
42
0.0
10
29.8343982531529
20
-44.0
40
0.0
41
0.0
42
0.0
10
60.3614005661651
20
-41.5301773661045
40
0.0
41
0.0
42
0.0
10
63.3210519028334
20
-39.6372397145416
40
0.0
41
0.0
42
0.0
10
64.50085
20
-36.2284741756982
40
0.0
41
0.0
42
0.0
10
60.5599530304941
20
-22.1262193726193
40
0.0
41
0.0
42
0.0
10
55.4170656076397
20
-11.3645989002754
40
0.0
41
0.0
42
0.0
10
50.5708533527334
20
-3.43122548531349
40
0.0
41
0.0
42
0.0
10
45.0431254898074
20
9.13566040541252
40
0.0
41
0.0
42
0.0
10
41.9541366201833
20
23.8161412953254
40
0.0
41
0.0
42
0.0
10
41.2699680097581
20
28.7086450113604
40
0.0
41
0.0
42
0.0
10
41.7148334190168
20
30.2487846794594
40
0.0
41
0.0
42
0.0
10
43.5697584607602
20
33.3528946677853
40
0.0
41
0.0
42
0.0
10
46.1346780870088
20
37.037907706739
40
0.0
41
0.0
42
0.0
10
48.492059134602
20
39.3496042255584
40
0.0
41
0.0
42
0.0
10
50.1493750150062
20
40.6782334747788
40
0.0
41
0.0
42
0.0
10
51.7361874309886
20
41.6027125974824
40
0.0
41
0.0
42
0.0
10
55.2275719752946
20
43.6204800176091
40
0.0
41
0.0
42
0.0
10
56.5085400035569
20
43.8935526763299
40
0.0
41
0.0
42
0.0
10
21.9090684910217
20
43.6630346343426
40
0.0
41
0.0
42
0.0
10
21.8468268104728
20
41.7424233808021
40
0.0
41
0.0
42
0.0
10
21.514657498254
20
39.6506556024322
40
0.0
41
0.0
42
0.0
10
20.5688945059921
20
37.9823838300454
40
0.0
41
0.0
42
0.0
10
18.3262645445184
20
37.7625213997628
40
0.0
41
0.0
42
0.0
10
12.2958569199344
20
37.7232925806315
40
0.0
41
0.0
42
0.0
10
6.97646109259526
20
37.7564492809122
40
0.0
41
0.0
42
0.0
10
5.41101944247429
20
38.9789047768796
40
0.0
41
0.0
42
0.0
10
4.99226199683455
20
40.3941638932576
40
0.0
41
0.0
42
0.0
10
4.85899419370067
20
43.5710540135445
40
0.0
41
0.0
42
0.0
10
-21.8677709412417
20
44.0
40
0.0
41
0.0
42
0.0
210
0.0
220
0.0
230
1.0
0
LWPOLYLINE
5
20
330
17
100
AcDbEntity
67
0
8
Vector_Red
62
256
6
ByLayer
370
-1
48
1.0
60
0
100
AcDbPolyline
90
10
70
0
38
0.0
39
0.0
10
-31.5139060129017
20
43.6233821826511
40
0.0
41
0.0
42
0.0
10
-28.3315448100408
20
32.9666553942149
40
0.0
41
0.0
42
0.0
10
-41.9516288146741
20
33.4779004041608
40
0.0
41
0.0
42
0.0
10
-45.6295422566666
20
35.6000713195987
40
0.0
41
0.0
42
0.0
10
-47.9103024967042
20
36.438367848397
40
0.0
41
0.0
42
0.0
10
-50.9323398614517
20
36.7875158222455
40
0.0
41
0.0
42
0.0
10
-55.3050581229743
20
36.5382998628823
40
0.0
41
0.0
42
0.0
10
-62.598954358309
20
36.9992406688327
40
0.0
41
0.0
42
0.0
10
-64.50085
20
43.8802959924449
40
0.0
41
0.0
42
0.0
10
-31.5139042247626
20
43.623382450872
40
0.0
41
0.0
42
0.0
210
0.0
220
0.0
230
1.0
0
LWPOLYLINE
5
21
330
17
100
AcDbEntity
67
0
8
Add_Red
62
256
6
ByLayer
370
-1
48
1.0
60
0
100
AcDbPolyline
90
7
70
0
38
0.0
39
0.0
10
-61.881553
20
41.526281
40
0.0
41
0.0
42
0.0
10
-61.881553
20
43.526282
40
0.0
41
0.0
42
0.0
10
-62.449733
20
43.854321
40
0.0
41
0.0
42
0.0
10
-64.487678
20
43.870193
40
0.0
41
0.0
42
0.0
10
-64.487679
20
43.870191
40
0.0
41
0.0
42
0.0
10
-63.570341
20
40.551259
40
0.0
41
0.0
42
0.0
10
-61.881553
20
41.526281
40
0.0
41
0.0
42
0.0
210
0.0
220
0.0
230
1.0
0
LWPOLYLINE
5
22
330
17
100
AcDbEntity
67
0
8
Add_Red
62
256
6
ByLayer
370
-1
48
1.0
60
0
100
AcDbPolyline
90
8
70
0
38
0.0
39
0.0
10
-57.417452
20
41.526281
40
0.0
41
0.0
42
0.0
10
-57.417452
20
43.526282
40
0.0
41
0.0
42
0.0
10
-57.924589
20
43.819077
40
0.0
41
0.0
42
0.0
10
-60.341809
20
43.837904
40
0.0
41
0.0
42
0.0
10
-60.881553
20
43.526282
40
0.0
41
0.0
42
0.0
10
-60.881553
20
41.526281
40
0.0
41
0.0
42
0.0
10
-59.149503
20
40.526281
40
0.0
41
0.0
42
0.0
10
-57.417452
20
41.526281
40
0.0
41
0.0
42
0.0
210
0.0
220
0.0
230
1.0
0
LWPOLYLINE
5
23
330
17
100
AcDbEntity
67
0
8
Add_Red
62
256
6
ByLayer
370
-1
48
1.0
60
0
100
AcDbPolyline
90
8
70
0
38
0.0
39
0.0
10
-52.953351
20
41.526281
40
0.0
41
0.0
42
0.0
10
-52.953351
20
43.526282
40
0.0
41
0.0
42
0.0
10
-53.399444
20
43.783834
40
0.0
41
0.0
42
0.0
10
-55.937126
20
43.803598
40
0.0
41
0.0
42
0.0
10
-56.417452
20
43.526282
40
0.0
41
0.0
42
0.0
10
-56.417452
20
41.526281
40
0.0
41
0.0
42
0.0
10
-54.685402
20
40.526281
40
0.0
41
0.0
42
0.0
10
-52.953351
20
41.526281
40
0.0
41
0.0
42
0.0
210
0.0
220
0.0
230
1.0
0
LWPOLYLINE
5
24
330
17
100
AcDbEntity
67
0
8
Add_Red
62
256
6
ByLayer
370
-1
48
1.0
60
0
100
AcDbPolyline
90
8
70
0
38
0.0
39
0.0
10
-48.48925
20
41.526281
40
0.0
41
0.0
42
0.0
10
-48.48925
20
43.526282
40
0.0
41
0.0
42
0.0
10
-48.8743
20
43.748591
40
0.0
41
0.0
42
0.0
10
-51.532444
20
43.769293
40
0.0
41
0.0
42
0.0
10
-51.953352
20
43.526282
40
0.0
41
0.0
42
0.0
10
-51.953352
20
41.526281
40
0.0
41
0.0
42
0.0
10
-50.221301
20
40.526281
40
0.0
41
0.0
42
0.0
10
-48.48925
20
41.526281
40
0.0
41
0.0
42
0.0
210
0.0
220
0.0
230
1.0
0
LWPOLYLINE
5
25
330
17
100
AcDbEntity
67
0
8
Add_Red
62
256
6
ByLayer
370
-1
48
1.0
60
0
100
AcDbPolyline
90
8
70
0
38
0.0
39
0.0
10
-44.025149
20
41.526281
40
0.0
41
0.0
42
0.0
10
-44.025149
20
43.526282
40
0.0
41
0.0
42
0.0
10
-44.349155
20
43.713347
40
0.0
41
0.0
42
0.0
10
-47.127761
20
43.734988
40
0.0
41
0.0
42
0.0
10
-47.48925
20
43.526282
40
0.0
41
0.0
42
0.0
10
-47.48925
20
41.526281
40
0.0
41
0.0
42
0.0
10
-45.757199
20
40.526281
40
0.0
41
0.0
42
0.0
10
-44.025149
20
41.526281
40
0.0
41
0.0
42
0.0
210
0.0
220
0.0
230
1.0
0
LWPOLYLINE
5
26
330
17
100
AcDbEntity
67
0
8
Add_Red
62
256
6
ByLayer
370
-1
48
1.0
60
0
100
AcDbPolyline
90
8
70
0
38
0.0
39
0.0
10
-39.561048
20
41.526281
40
0.0
41
0.0
42
0.0
10
-39.561048
20
43.526282
40
0.0
41
0.0
42
0.0
10
-39.824011
20
43.678104
40
0.0
41
0.0
42
0.0
10
-42.723079
20
43.700683
40
0.0
41
0.0
42
0.0
10
-43.02515
20
43.526282
40
0.0
41
0.0
42
0.0
10
-43.02515
20
41.526281
40
0.0
41
0.0
42
0.0
10
-41.293099
20
40.526281
40
0.0
41
0.0
42
0.0
10
-39.561048
20
41.526281
40
0.0
41
0.0
42
0.0
210
0.0
220
0.0
230
1.0
0
LWPOLYLINE
5
27
330
17
100
AcDbEntity
67
0
8
Add_Red
62
256
6
ByLayer
370
-1
48
1.0
60
0
100
AcDbPolyline
90
8
70
0
38
0.0
39
0.0
10
-35.096947
20
41.526281
40
0.0
41
0.0
42
0.0
10
-35.096947
20
43.526282
40
0.0
41
0.0
42
0.0
10
-35.298867
20
43.64286
40
0.0
41
0.0
42
0.0
10
-38.318395
20
43.666378
40
0.0
41
0.0
42
0.0
10
-38.561048
20
43.526282
40
0.0
41
0.0
42
0.0
10
-38.561048
20
41.526281
40
0.0
41
0.0
42
0.0
10
-36.828998
20
40.526281
40
0.0
41
0.0
42
0.0
10
-35.096947
20
41.526281
40
0.0
41
0.0
42
0.0
210
0.0
220
0.0
230
1.0
0
LWPOLYLINE
5
28
330
17
100
AcDbEntity
67
0
8
Add_Red
62
256
6
ByLayer
370
-1
48
1.0
60
0
100
AcDbPolyline
90
7
70
0
38
0.0
39
0.0
10
-30.859089
20
41.39566
40
0.0
41
0.0
42
0.0
10
-31.521373
20
43.61344
40
0.0
41
0.0
42
0.0
10
-33.913713
20
43.632072
40
0.0
41
0.0
42
0.0
10
-34.096947
20
43.526282
40
0.0
41
0.0
42
0.0
10
-34.096947
20
41.526281
40
0.0
41
0.0
42
0.0
10
-32.364897
20
40.526281
40
0.0
41
0.0
42
0.0
10
-30.859089
20
41.39566
40
0.0
41
0.0
42
0.0
210
0.0
220
0.0
230
1.0
0
LWPOLYLINE
5
29
330
17
100
AcDbEntity
67
0
8
Add_Red
62
256
6
ByLayer
370
-1
48
1.0
60
0
100
AcDbPolyline
90
7
70
0
38
0.0
39
0.0
10
-32.864891
20
37.660256
40
0.0
41
0.0
42
0.0
10
-32.864891
20
39.660256
40
0.0
41
0.0
42
0.0
10
-34.596941
20
40.660256
40
0.0
41
0.0
42
0.0
10
-36.328992
20
39.660256
40
0.0
41
0.0
42
0.0
10
-36.328992
20
37.660256
40
0.0
41
0.0
42
0.0
10
-34.596941
20
36.660256
40
0.0
41
0.0
42
0.0
10
-32.864891
20
37.660256
40
0.0
41
0.0
42
0.0
210
0.0
220
0.0
230
1.0
0
LWPOLYLINE
5
2A
330
17
100
AcDbEntity
67
0
8
Add_Red
62
256
6
ByLayer
370
-1
48
1.0
60
0
100
AcDbPolyline
90
7
70
0
38
0.0
39
0.0
10
-37.328992
20
37.660256
40
0.0
41
0.0
42
0.0
10
-37.328992
20
39.660256
40
0.0
41
0.0
42
0.0
10
-39.061043
20
40.660256
40
0.0
41
0.0
42
0.0
10
-40.793093
20
39.660256
40
0.0
41
0.0
42
0.0
10
-40.793093
20
37.660256
40
0.0
41
0.0
42
0.0
10
-39.061043
20
36.660256
40
0.0
41
0.0
42
0.0
10
-37.328992
20
37.660256
40
0.0
41
0.0
42
0.0
210
0.0
220
0.0
230
1.0
0
LWPOLYLINE
5
2B
330
17
100
AcDbEntity
67
0
8
Add_Red
62
256
6
ByLayer
370
-1
48
1.0
60
0
100
AcDbPolyline
90
7
70
0
38
0.0
39
0.0
10
-41.793093
20
37.660256
40
0.0
41
0.0
42
0.0
10
-41.793093
20
39.660256
40
0.0
41
0.0
42
0.0
10
-43.525144
20
40.660256
40
0.0
41
0.0
42
0.0
10
-45.257194
20
39.660256
40
0.0
41
0.0
42
0.0
10
-45.257194
20
37.660256
40
0.0
41
0.0
42
0.0
10
-43.525144
20
36.660256
40
0.0
41
0.0
42
0.0
10
-41.793093
20
37.660256
40
0.0
41
0.0
42
0.0
210
0.0
220
0.0
230
1.0
0
LWPOLYLINE
5
2C
330
17
100
AcDbEntity
67
0
8
Add_Red
62
256
6
ByLayer
370
-1
48
1.0
60
0
100
AcDbPolyline
90
7
70
0
38
0.0
39
0.0
10
-46.257193
20
37.660256
40
0.0
41
0.0
42
0.0
10
-46.257193
20
39.660256
40
0.0
41
0.0
42
0.0
10
-47.989244
20
40.660256
40
0.0
41
0.0
42
0.0
10
-49.721295
20
39.660256
40
0.0
41
0.0
42
0.0
10
-49.721295
20
37.660256
40
0.0
41
0.0
42
0.0
10
-47.989244
20
36.660256
40
0.0
41
0.0
42
0.0
10
-46.257193
20
37.660256
40
0.0
41
0.0
42
0.0
210
0.0
220
0.0
230
1.0
0
LWPOLYLINE
5
2D
330
17
100
AcDbEntity
67
0
8
Add_Red
62
256
6
ByLayer
370
-1
48
1.0
60
0
100
AcDbPolyline
90
8
70
0
38
0.0
39
0.0
10
-52.356126
20
36.716386
40
0.0
41
0.0
42
0.0
10
-50.721295
20
37.660256
40
0.0
41
0.0
42
0.0
10
-50.721295
20
39.660256
40
0.0
41
0.0
42
0.0
10
-52.453346
20
40.660256
40
0.0
41
0.0
42
0.0
10
-54.185397
20
39.660256
40
0.0
41
0.0
42
0.0
10
-54.185397
20
37.660256
40
0.0
41
0.0
42
0.0
10
-52.533097
20
36.7063
40
0.0
41
0.0
42
0.0
10
-52.356126
20
36.716386
40
0.0
41
0.0
42
0.0
210
0.0
220
0.0
230
1.0
0
LWPOLYLINE
5
2E
330
17
100
AcDbEntity
67
0
8
Add_Red
62
256
6
ByLayer
370
-1
48
1.0
60
0
100
AcDbPolyline
90
7
70
0
38
0.0
39
0.0
10
-55.185396
20
37.660256
40
0.0
41
0.0
42
0.0
10
-55.185396
20
39.660256
40
0.0
41
0.0
42
0.0
10
-56.917446
20
40.660256
40
0.0
41
0.0
42
0.0
10
-58.649497
20
39.660256
40
0.0
41
0.0
42
0.0
10
-58.649497
20
37.660256
40
0.0
41
0.0
42
0.0
10
-56.917446
20
36.660256
40
0.0
41
0.0
42
0.0
10
-55.185396
20
37.660256
40
0.0
41
0.0
42
0.0
210
0.0
220
0.0
230
1.0
0
LWPOLYLINE
5
2F
330
17
100
AcDbEntity
67
0
8
Add_Red
62
256
6
ByLayer
370
-1
48
1.0
60
0
100
AcDbPolyline
90
9
70
0
38
0.0
39
0.0
10
-59.649497
20
37.660256
40
0.0
41
0.0
42
0.0
10
-59.649497
20
39.660256
40
0.0
41
0.0
42
0.0
10
-61.381548
20
40.660256
40
0.0
41
0.0
42
0.0
10
-63.113598
20
39.660256
40
0.0
41
0.0
42
0.0
10
-63.113598
20
38.898764
40
0.0
41
0.0
42
0.0
10
-62.706281
20
37.425091
40
0.0
41
0.0
42
0.0
10
-61.910707
20
36.965766
40
0.0
41
0.0
42
0.0
10
-60.956801
20
36.905484
40
0.0
41
0.0
42
0.0
10
-59.649497
20
37.660256
40
0.0
41
0.0
42
0.0
210
0.0
220
0.0
230
1.0
0
LWPOLYLINE
5
30
330
17
100
AcDbEntity
67
0
8
Add_Red
62
256
6
ByLayer
370
-1
48
1.0
60
0
100
AcDbPolyline
90
6
70
0
38
0.0
39
0.0
10
-29.546135
20
36.998991
40
0.0
41
0.0
42
0.0
10
-30.564975
20
40.410763
40
0.0
41
0.0
42
0.0
10
-31.864892
20
39.660256
40
0.0
41
0.0
42
0.0
10
-31.864892
20
37.660256
40
0.0
41
0.0
42
0.0
10
-30.132841
20
36.660256
40
0.0
41
0.0
42
0.0
10
-29.546135
20
36.998991
40
0.0
41
0.0
42
0.0
210
0.0
220
0.0
230
1.0
0
LWPOLYLINE
5
31
330
17
100
AcDbEntity
67
0
8
Add_Red
62
256
6
ByLayer
370
-1
48
1.0
60
0
100
AcDbPolyline
90
8
70
0
38
0.0
39
0.0
10
-30.632814
20
33.794231
40
0.0
41
0.0
42
0.0
10
-30.632814
20
35.794231
40
0.0
41
0.0
42
0.0
10
-32.364865
20
36.794231
40
0.0
41
0.0
42
0.0
10
-34.096914
20
35.794231
40
0.0
41
0.0
42
0.0
10
-34.096914
20
33.794231
40
0.0
41
0.0
42
0.0
10
-32.983275
20
33.15127
40
0.0
41
0.0
42
0.0
10
-31.821957
20
33.107679
40
0.0
41
0.0
42
0.0
10
-30.632814
20
33.794231
40
0.0
41
0.0
42
0.0
210
0.0
220
0.0
230
1.0
0
LWPOLYLINE
5
32
330
17
100
AcDbEntity
67
0
8
Add_Red
62
256
6
ByLayer
370
-1
48
1.0
60
0
100
AcDbPolyline
90
8
70
0
38
0.0
39
0.0
10
-35.096914
20
33.794231
40
0.0
41
0.0
42
0.0
10
-35.096914
20
35.794231
40
0.0
41
0.0
42
0.0
10
-36.828965
20
36.794231
40
0.0
41
0.0
42
0.0
10
-38.561016
20
35.794231
40
0.0
41
0.0
42
0.0
10
-38.561016
20
33.794231
40
0.0
41
0.0
42
0.0
10
-37.757788
20
33.330487
40
0.0
41
0.0
42
0.0
10
-36.013543
20
33.265015
40
0.0
41
0.0
42
0.0
10
-35.096914
20
33.794231
40
0.0
41
0.0
42
0.0
210
0.0
220
0.0
230
1.0
0
LWPOLYLINE
5
33
330
17
100
AcDbEntity
67
0
8
Add_Red
62
256
6
ByLayer
370
-1
48
1.0
60
0
100
AcDbPolyline
90
8
70
0
38
0.0
39
0.0
10
-39.561016
20
33.794231
40
0.0
41
0.0
42
0.0
10
-39.561016
20
35.794231
40
0.0
41
0.0
42
0.0
10
-41.293067
20
36.794231
40
0.0
41
0.0
42
0.0
10
-43.025117
20
35.794231
40
0.0
41
0.0
42
0.0
10
-43.025117
20
34.108853
40
0.0
41
0.0
42
0.0
10
-41.948778
20
33.487801
40
0.0
41
0.0
42
0.0
10
-40.205131
20
33.422351
40
0.0
41
0.0
42
0.0
10
-39.561016
20
33.794231
40
0.0
41
0.0
42
0.0
210
0.0
220
0.0
230
1.0
0
LWPOLYLINE
5
34
330
17
100
AcDbEntity
67
0
8
Add_Red
62
256
6
ByLayer
370
-1
48
1.0
60
0
100
AcDbPolyline
90
6
70
0
38
0.0
39
0.0
10
-44.025117
20
35.794231
40
0.0
41
0.0
42
0.0
10
-45.757167
20
36.794231
40
0.0
41
0.0
42
0.0
10
-46.96004
20
36.099752
40
0.0
41
0.0
42
0.0
10
-45.625288
20
35.609161
40
0.0
41
0.0
42
0.0
10
-44.025117
20
34.685856
40
0.0
41
0.0
42
0.0
10
-44.025117
20
35.794231
40
0.0
41
0.0
42
0.0
210
0.0
220
0.0
230
1.0
0
LWPOLYLINE
5
35
330
17
100
AcDbEntity
67
0
8
Add_Red
62
256
6
ByLayer
370
-1
48
1.0
60
0
100
AcDbPolyline
90
4
70
0
38
0.0
39
0.0
10
-50.221268
20
36.794231
40
0.0
41
0.0
42
0.0
10
-50.334996
20
36.72857
40
0.0
41
0.0
42
0.0
10
-50.050637
20
36.695717
40
0.0
41
0.0
42
0.0
10
-50.221268
20
36.794231
40
0.0
41
0.0
42
0.0
210
0.0
220
0.0
230
1.0
0
LWPOLYLINE
5
36
330
17
100
AcDbEntity
67
0
8
Add_Red
62
256
6
ByLayer
370
-1
48
1.0
60
0
100
AcDbPolyline
90
4
70
0
38
0.0
39
0.0
10
-54.353378
20
36.602555
40
0.0
41
0.0
42
0.0
10
-54.68537
20
36.794231
40
0.0
41
0.0
42
0.0
10
-55.090087
20
36.560567
40
0.0
41
0.0
42
0.0
10
-54.353378
20
36.602555
40
0.0
41
0.0
42
0.0
210
0.0
220
0.0
230
1.0
0
LWPOLYLINE
5
37
330
17
100
AcDbEntity
67
0
8
Add_Red
62
256
6
ByLayer
370
-1
48
1.0
60
0
100
AcDbPolyline
90
4
70
0
38
0.0
39
0.0
10
-59.14947
20
36.794231
40
0.0
41
0.0
42
0.0
10
-59.154095
20
36.791561
40
0.0
41
0.0
42
0.0
10
-59.143708
20
36.790904
40
0.0
41
0.0
42
0.0
10
-59.14947
20
36.794231
40
0.0
41
0.0
42
0.0
210
0.0
220
0.0
230
1.0
0
LWPOLYLINE
5
38
330
17
100
AcDbEntity
67
0
8
Add_Red
62
256
6
ByLayer
370
-1
48
1.0
60
0
100
AcDbPolyline
90
5
70
0
38
0.0
39
0.0
10
-29.252018
20
36.014084
40
0.0
41
0.0
42
0.0
10
-29.632814
20
35.794231
40
0.0
41
0.0
42
0.0
10
-29.632814
20
33.794231
40
0.0
41
0.0
42
0.0
10
-28.371682
20
33.066116
40
0.0
41
0.0
42
0.0
10
-29.252018
20
36.014084
40
0.0
41
0.0
42
0.0
210
0.0
220
0.0
230
1.0
0
LWPOLYLINE
5
39
330
17
100
AcDbEntity
67
0
8
Add_Red
62
256
6
ByLayer
370
-1
48
1.0
60
0
100
AcDbPolyline
90
8
70
0
38
0.0
39
0.0
10
-17.240543
20
41.526281
40
0.0
41
0.0
42
0.0
10
-17.240543
20
43.526282
40
0.0
41
0.0
42
0.0
10
-17.934381
20
43.92687
40
0.0
41
0.0
42
0.0
10
-19.954647
20
43.959294
40
0.0
41
0.0
42
0.0
10
-20.704645
20
43.526282
40
0.0
41
0.0
42
0.0
10
-20.704645
20
41.526281
40
0.0
41
0.0
42
0.0
10
-18.972594
20
40.526281
40
0.0
41
0.0
42
0.0
10
-17.240543
20
41.526281
40
0.0
41
0.0
42
0.0
210
0.0
220
0.0
230
1.0
0
LWPOLYLINE
5
3A
330
17
100
AcDbEntity
67
0
8
Add_Red
62
256
6
ByLayer
370
-1
48
1.0
60
0
100
AcDbPolyline
90
8
70
0
38
0.0
39
0.0
10
-12.776442
20
41.526281
40
0.0
41
0.0
42
0.0
10
-12.776442
20
43.526282
40
0.0
41
0.0
42
0.0
10
-13.342638
20
43.853175
40
0.0
41
0.0
42
0.0
10
-15.611283
20
43.889586
40
0.0
41
0.0
42
0.0
10
-16.240543
20
43.526282
40
0.0
41
0.0
42
0.0
10
-16.240543
20
41.526281
40
0.0
41
0.0
42
0.0
10
-14.508493
20
40.526281
40
0.0
41
0.0
42
0.0
10
-12.776442
20
41.526281
40
0.0
41
0.0
42
0.0
210
0.0
220
0.0
230
1.0
0
LWPOLYLINE
5
3B
330
17
100
AcDbEntity
67
0
8
Add_Red
62
256
6
ByLayer
370
-1
48
1.0
60
0
100
AcDbPolyline
90
4
70
0
38
0.0
39
0.0
10
56.410604
20
43.882898
40
0.0
41
0.0
42
0.0
10
55.795653
20
43.878801
40
0.0
41
0.0
42
0.0
10
55.446929
20
43.677465
40
0.0
41
0.0
42
0.0
10
56.410604
20
43.882898
40
0.0
41
0.0
42
0.0
210
0.0
220
0.0
230
1.0
0
LWPOLYLINE
5
3C
330
17
100
AcDbEntity
67
0
8
Add_Red
62
256
6
ByLayer
370
-1
48
1.0
60
0
100
AcDbPolyline
90
9
70
0
38
0.0
39
0.0
10
51.731168
20
41.61136
40
0.0
41
0.0
42
0.0
10
54.185072
20
43.029539
40
0.0
41
0.0
42
0.0
10
54.185072
20
43.526282
40
0.0
41
0.0
42
0.0
10
53.59983
20
43.864172
40
0.0
41
0.0
42
0.0
10
51.279436
20
43.848712
40
0.0
41
0.0
42
0.0
10
50.720971
20
43.526282
40
0.0
41
0.0
42
0.0
10
50.720971
20
41.526281
40
0.0
41
0.0
42
0.0
10
51.155009
20
41.275689
40
0.0
41
0.0
42
0.0
10
51.731168
20
41.61136
40
0.0
41
0.0
42
0.0
210
0.0
220
0.0
230
1.0
0
LWPOLYLINE
5
3D
330
17
100
AcDbEntity
67
0
8
Add_Red
62
256
6
ByLayer
370
-1
48
1.0
60
0
100
AcDbPolyline
90
8
70
0
38
0.0
39
0.0
10
49.720971
20
41.526281
40
0.0
41
0.0
42
0.0
10
49.720971
20
43.526282
40
0.0
41
0.0
42
0.0
10
49.186656
20
43.834769
40
0.0
41
0.0
42
0.0
10
46.76322
20
43.818623
40
0.0
41
0.0
42
0.0
10
46.25687
20
43.526282
40
0.0
41
0.0
42
0.0
10
46.25687
20
41.526281
40
0.0
41
0.0
42
0.0
10
47.988921
20
40.526281
40
0.0
41
0.0
42
0.0
10
49.720971
20
41.526281
40
0.0
41
0.0
42
0.0
210
0.0
220
0.0
230
1.0
0
LWPOLYLINE
5
3E
330
17
100
AcDbEntity
67
0
8
Add_Red
62
256
6
ByLayer
370
-1
48
1.0
60
0
100
AcDbPolyline
90
8
70
0
38
0.0
39
0.0
10
-8.312341
20
41.526281
40
0.0
41
0.0
42
0.0
10
-8.312341
20
43.526282
40
0.0
41
0.0
42
0.0
10
-8.750894
20
43.779481
40
0.0
41
0.0
42
0.0
10
-11.26792
20
43.819877
40
0.0
41
0.0
42
0.0
10
-11.776442
20
43.526282
40
0.0
41
0.0
42
0.0
10
-11.776442
20
41.526281
40
0.0
41
0.0
42
0.0
10
-10.044391
20
40.526281
40
0.0
41
0.0
42
0.0
10
-8.312341
20
41.526281
40
0.0
41
0.0
42
0.0
210
0.0
220
0.0
230
1.0
0
LWPOLYLINE
5
3F
330
17
100
AcDbEntity
67
0
8
Add_Red
62
256
6
ByLayer
370
-1
48
1.0
60
0
100
AcDbPolyline
90
8
70
0
38
0.0
39
0.0
10
45.256871
20
41.526281
40
0.0
41
0.0
42
0.0
10
45.256871
20
43.526282
40
0.0
41
0.0
42
0.0
10
44.773482
20
43.805367
40
0.0
41
0.0
42
0.0
10
42.247004
20
43.788535
40
0.0
41
0.0
42
0.0
10
41.792769
20
43.526282
40
0.0
41
0.0
42
0.0
10
41.792769
20
41.526281
40
0.0
41
0.0
42
0.0
10
43.52482
20
40.526281
40
0.0
41
0.0
42
0.0
10
45.256871
20
41.526281
40
0.0
41
0.0
42
0.0
210
0.0
220
0.0
230
1.0
0
LWPOLYLINE
5
40
330
17
100
AcDbEntity
67
0
8
Add_Red
62
256
6
ByLayer
370
-1
48
1.0
60
0
100
AcDbPolyline
90
8
70
0
38
0.0
39
0.0
10
40.792769
20
41.526281
40
0.0
41
0.0
42
0.0
10
40.792769
20
43.526282
40
0.0
41
0.0
42
0.0
10
40.360306
20
43.775965
40
0.0
41
0.0
42
0.0
10
37.730787
20
43.758446
40
0.0
41
0.0
42
0.0
10
37.328667
20
43.526282
40
0.0
41
0.0
42
0.0
10
37.328667
20
41.526281
40
0.0
41
0.0
42
0.0
10
39.060718
20
40.526281
40
0.0
41
0.0
42
0.0
10
40.792769
20
41.526281
40
0.0
41
0.0
42
0.0
210
0.0
220
0.0
230
1.0
0
LWPOLYLINE
5
41
330
17
100
AcDbEntity
67
0
8
Add_Red
62
256
6
ByLayer
370
-1
48
1.0
60
0
100
AcDbPolyline
90
8
70
0
38
0.0
39
0.0
10
-3.84824
20
41.526281
40
0.0
41
0.0
42
0.0
10
-3.84824
20
43.526282
40
0.0
41
0.0
42
0.0
10
-4.159151
20
43.705786
40
0.0
41
0.0
42
0.0
10
-6.924558
20
43.750169
40
0.0
41
0.0
42
0.0
10
-7.312342
20
43.526282
40
0.0
41
0.0
42
0.0
10
-7.312342
20
41.526281
40
0.0
41
0.0
42
0.0
10
-5.580291
20
40.526281
40
0.0
41
0.0
42
0.0
10
-3.84824
20
41.526281
40
0.0
41
0.0
42
0.0
210
0.0
220
0.0
230
1.0
0
LWPOLYLINE
5
42
330
17
100
AcDbEntity
67
0
8
Add_Red
62
256
6
ByLayer
370
-1
48
1.0
60
0
100
AcDbPolyline
90
8
70
0
38
0.0
39
0.0
10
36.328668
20
41.526281
40
0.0
41
0.0
42
0.0
10
36.328668
20
43.526282
40
0.0
41
0.0
42
0.0
10
35.947131
20
43.746562
40
0.0
41
0.0
42
0.0
10
33.214571
20
43.728357
40
0.0
41
0.0
42
0.0
10
32.864567
20
43.526282
40
0.0
41
0.0
42
0.0
10
32.864567
20
41.526281
40
0.0
41
0.0
42
0.0
10
34.596618
20
40.526281
40
0.0
41
0.0
42
0.0
10
36.328668
20
41.526281
40
0.0
41
0.0
42
0.0
210
0.0
220
0.0
230
1.0
0
LWPOLYLINE
5
43
330
17
100
AcDbEntity
67
0
8
Add_Red
62
256
6
ByLayer
370
-1
48
1.0
60
0
100
AcDbPolyline
90
8
70
0
38
0.0
39
0.0
10
31.864567
20
41.526281
40
0.0
41
0.0
42
0.0
10
31.864567
20
43.526282
40
0.0
41
0.0
42
0.0
10
31.533956
20
43.71716
40
0.0
41
0.0
42
0.0
10
28.698355
20
43.698268
40
0.0
41
0.0
42
0.0
10
28.400466
20
43.526282
40
0.0
41
0.0
42
0.0
10
28.400466
20
41.526281
40
0.0
41
0.0
42
0.0
10
30.132516
20
40.526281
40
0.0
41
0.0
42
0.0
10
31.864567
20
41.526281
40
0.0
41
0.0
42
0.0
210
0.0
220
0.0
230
1.0
0
LWPOLYLINE
5
44
330
17
100
AcDbEntity
67
0
8
Add_Red
62
256
6
ByLayer
370
-1
48
1.0
60
0
100
AcDbPolyline
90
8
70
0
38
0.0
39
0.0
10
27.400466
20
41.526281
40
0.0
41
0.0
42
0.0
10
27.400466
20
43.526282
40
0.0
41
0.0
42
0.0
10
27.120781
20
43.687758
40
0.0
41
0.0
42
0.0
10
24.182139
20
43.66818
40
0.0
41
0.0
42
0.0
10
23.936365
20
43.526282
40
0.0
41
0.0
42
0.0
10
23.936365
20
41.526281
40
0.0
41
0.0
42
0.0
10
25.668415
20
40.526281
40
0.0
41
0.0
42
0.0
10
27.400466
20
41.526281
40
0.0
41
0.0
42
0.0
210
0.0
220
0.0
230
1.0
0
LWPOLYLINE
5
45
330
17
100
AcDbEntity
67
0
8
Add_Red
62
256
6
ByLayer
370
-1
48
1.0
60
0
100
AcDbPolyline
90
8
70
0
38
0.0
39
0.0
10
0.615861
20
41.526281
40
0.0
41
0.0
42
0.0
10
0.615861
20
43.526282
40
0.0
41
0.0
42
0.0
10
0.432593
20
43.632092
40
0.0
41
0.0
42
0.0
10
-2.581194
20
43.680461
40
0.0
41
0.0
42
0.0
10
-2.84824
20
43.526282
40
0.0
41
0.0
42
0.0
10
-2.84824
20
41.526281
40
0.0
41
0.0
42
0.0
10
-1.116189
20
40.526281
40
0.0
41
0.0
42
0.0
10
0.615861
20
41.526281
40
0.0
41
0.0
42
0.0
210
0.0
220
0.0
230
1.0
0
LWPOLYLINE
5
46
330
17
100
AcDbEntity
67
0
8
Add_Red
62
256
6
ByLayer
370
-1
48
1.0
60
0
100
AcDbPolyline
90
7
70
0
38
0.0
39
0.0
10
22.936366
20
41.526281
40
0.0
41
0.0
42
0.0
10
22.936366
20
43.526282
40
0.0
41
0.0
42
0.0
10
22.707608
20
43.658356
40
0.0
41
0.0
42
0.0
10
21.918752
20
43.6531
40
0.0
41
0.0
42
0.0
10
21.856801
20
41.741474
40
0.0
41
0.0
42
0.0
10
21.710213
20
40.818361
40
0.0
41
0.0
42
0.0
10
22.936366
20
41.526281
40
0.0
41
0.0
42
0.0
210
0.0
220
0.0
230
1.0
0
LWPOLYLINE
5
47
330
17
100
AcDbEntity
67
0
8
Add_Red
62
256
6
ByLayer
370
-1
48
1.0
60
0
100
AcDbPolyline
90
7
70
0
38
0.0
39
0.0
10
4.938195
20
41.444432
40
0.0
41
0.0
42
0.0
10
4.849398
20
43.561205
40
0.0
41
0.0
42
0.0
10
1.762168
20
43.610753
40
0.0
41
0.0
42
0.0
10
1.61586
20
43.526282
40
0.0
41
0.0
42
0.0
10
1.61586
20
41.526281
40
0.0
41
0.0
42
0.0
10
3.34791
20
40.526281
40
0.0
41
0.0
42
0.0
10
4.938195
20
41.444432
40
0.0
41
0.0
42
0.0
210
0.0
220
0.0
230
1.0
0
LWPOLYLINE
5
48
330
17
100
AcDbEntity
67
0
8
Add_Red
62
256
6
ByLayer
370
-1
48
1.0
60
0
100
AcDbPolyline
90
4
70
0
38
0.0
39
0.0
10
-21.704644
20
43.526282
40
0.0
41
0.0
42
0.0
10
-21.711109
20
43.530014
40
0.0
41
0.0
42
0.0
10
-21.704644
20
43.509231
40
0.0
41
0.0
42
0.0
10
-21.704644
20
43.526282
40
0.0
41
0.0
42
0.0
210
0.0
220
0.0
230
1.0
0
LWPOLYLINE
5
49
330
17
100
AcDbEntity
67
0
8
Add_Red
62
256
6
ByLayer
370
-1
48
1.0
60
0
100
AcDbPolyline
90
9
70
0
38
0.0
39
0.0
10
45.928671
20
36.759442
40
0.0
41
0.0
42
0.0
10
46.127006
20
37.044389
40
0.0
41
0.0
42
0.0
10
47.488927
20
38.379919
40
0.0
41
0.0
42
0.0
10
47.488927
20
39.660256
40
0.0
41
0.0
42
0.0
10
45.756876
20
40.660256
40
0.0
41
0.0
42
0.0
10
44.024825
20
39.660256
40
0.0
41
0.0
42
0.0
10
44.024825
20
37.660256
40
0.0
41
0.0
42
0.0
10
45.756876
20
36.660256
40
0.0
41
0.0
42
0.0
10
45.928671
20
36.759442
40
0.0
41
0.0
42
0.0
210
0.0
220
0.0
230
1.0
0
LWPOLYLINE
5
4A
330
17
100
AcDbEntity
67
0
8
Add_Red
62
256
6
ByLayer
370
-1
48
1.0
60
0
100
AcDbPolyline
90
7
70
0
38
0.0
39
0.0
10
43.024826
20
37.660256
40
0.0
41
0.0
42
0.0
10
43.024826
20
39.660256
40
0.0
41
0.0
42
0.0
10
41.292775
20
40.660256
40
0.0
41
0.0
42
0.0
10
39.560724
20
39.660256
40
0.0
41
0.0
42
0.0
10
39.560724
20
37.660256
40
0.0
41
0.0
42
0.0
10
41.292775
20
36.660256
40
0.0
41
0.0
42
0.0
10
43.024826
20
37.660256
40
0.0
41
0.0
42
0.0
210
0.0
220
0.0
230
1.0
0
LWPOLYLINE
5
4B
330
17
100
AcDbEntity
67
0
8
Add_Red
62
256
6
ByLayer
370
-1
48
1.0
60
0
100
AcDbPolyline
90
7
70
0
38
0.0
39
0.0
10
38.560724
20
37.660256
40
0.0
41
0.0
42
0.0
10
38.560724
20
39.660256
40
0.0
41
0.0
42
0.0
10
36.828673
20
40.660256
40
0.0
41
0.0
42
0.0
10
35.096624
20
39.660256
40
0.0
41
0.0
42
0.0
10
35.096624
20
37.660256
40
0.0
41
0.0
42
0.0
10
36.828673
20
36.660256
40
0.0
41
0.0
42
0.0
10
38.560724
20
37.660256
40
0.0
41
0.0
42
0.0
210
0.0
220
0.0
230
1.0
0
LWPOLYLINE
5
4C
330
17
100
AcDbEntity
67
0
8
Add_Red
62
256
6
ByLayer
370
-1
48
1.0
60
0
100
AcDbPolyline
90
7
70
0
38
0.0
39
0.0
10
34.096624
20
37.660256
40
0.0
41
0.0
42
0.0
10
34.096624
20
39.660256
40
0.0
41
0.0
42
0.0
10
32.364573
20
40.660256
40
0.0
41
0.0
42
0.0
10
30.632522
20
39.660256
40
0.0
41
0.0
42
0.0
10
30.632522
20
37.660256
40
0.0
41
0.0
42
0.0
10
32.364573
20
36.660256
40
0.0
41
0.0
42
0.0
10
34.096624
20
37.660256
40
0.0
41
0.0
42
0.0
210
0.0
220
0.0
230
1.0
0
LWPOLYLINE
5
4D
330
17
100
AcDbEntity
67
0
8
Add_Red
62
256
6
ByLayer
370
-1
48
1.0
60
0
100
AcDbPolyline
90
7
70
0
38
0.0
39
0.0
10
29.632522
20
37.660256
40
0.0
41
0.0
42
0.0
10
29.632522
20
39.660256
40
0.0
41
0.0
42
0.0
10
27.900471
20
40.660256
40
0.0
41
0.0
42
0.0
10
26.168421
20
39.660256
40
0.0
41
0.0
42
0.0
10
26.168421
20
37.660256
40
0.0
41
0.0
42
0.0
10
27.900471
20
36.660256
40
0.0
41
0.0
42
0.0
10
29.632522
20
37.660256
40
0.0
41
0.0
42
0.0
210
0.0
220
0.0
230
1.0
0
LWPOLYLINE
5
4E
330
17
100
AcDbEntity
67
0
8
Add_Red
62
256
6
ByLayer
370
-1
48
1.0
60
0
100
AcDbPolyline
90
7
70
0
38
0.0
39
0.0
10
25.168421
20
37.660256
40
0.0
41
0.0
42
0.0
10
25.168421
20
39.660256
40
0.0
41
0.0
42
0.0
10
23.436371
20
40.660256
40
0.0
41
0.0
42
0.0
10
21.70432
20
39.660256
40
0.0
41
0.0
42
0.0
10
21.70432
20
37.660256
40
0.0
41
0.0
42
0.0
10
23.436371
20
36.660256
40
0.0
41
0.0
42
0.0
10
25.168421
20
37.660256
40
0.0
41
0.0
42
0.0
210
0.0
220
0.0
230
1.0
0
LWPOLYLINE
5
4F
330
17
100
AcDbEntity
67
0
8
Add_Red
62
256
6
ByLayer
370
-1
48
1.0
60
0
100
AcDbPolyline
90
7
70
0
38
0.0
39
0.0
10
2.847916
20
37.660256
40
0.0
41
0.0
42
0.0
10
2.847916
20
39.660256
40
0.0
41
0.0
42
0.0
10
1.115866
20
40.660256
40
0.0
41
0.0
42
0.0
10
-0.616184
20
39.660256
40
0.0
41
0.0
42
0.0
10
-0.616184
20
37.660256
40
0.0
41
0.0
42
0.0
10
1.115866
20
36.660256
40
0.0
41
0.0
42
0.0
10
2.847916
20
37.660256
40
0.0
41
0.0
42
0.0
210
0.0
220
0.0
230
1.0
0
LWPOLYLINE
5
50
330
17
100
AcDbEntity
67
0
8
Add_Red
62
256
6
ByLayer
370
-1
48
1.0
60
0
100
AcDbPolyline
90
7
70
0
38
0.0
39
0.0
10
-1.616183
20
37.660256
40
0.0
41
0.0
42
0.0
10
-1.616183
20
39.660256
40
0.0
41
0.0
42
0.0
10
-3.348234
20
40.660256
40
0.0
41
0.0
42
0.0
10
-5.080285
20
39.660256
40
0.0
41
0.0
42
0.0
10
-5.080285
20
37.660256
40
0.0
41
0.0
42
0.0
10
-3.348234
20
36.660256
40
0.0
41
0.0
42
0.0
10
-1.616183
20
37.660256
40
0.0
41
0.0
42
0.0
210
0.0
220
0.0
230
1.0
0
LWPOLYLINE
5
51
330
17
100
AcDbEntity
67
0
8
Add_Red
62
256
6
ByLayer
370
-1
48
1.0
60
0
100
AcDbPolyline
90
7
70
0
38
0.0
39
0.0
10
-6.080285
20
37.660256
40
0.0
41
0.0
42
0.0
10
-6.080285
20
39.660256
40
0.0
41
0.0
42
0.0
10
-7.812336
20
40.660256
40
0.0
41
0.0
42
0.0
10
-9.544385
20
39.660256
40
0.0
41
0.0
42
0.0
10
-9.544385
20
37.660256
40
0.0
41
0.0
42
0.0
10
-7.812336
20
36.660256
40
0.0
41
0.0
42
0.0
10
-6.080285
20
37.660256
40
0.0
41
0.0
42
0.0
210
0.0
220
0.0
230
1.0
0
LWPOLYLINE
5
52
330
17
100
AcDbEntity
67
0
8
Add_Red
62
256
6
ByLayer
370
-1
48
1.0
60
0
100
AcDbPolyline
90
7
70
0
38
0.0
39
0.0
10
-10.544385
20
37.660256
40
0.0
41
0.0
42
0.0
10
-10.544385
20
39.660256
40
0.0
41
0.0
42
0.0
10
-12.276436
20
40.660256
40
0.0
41
0.0
42
0.0
10
-14.008487
20
39.660256
40
0.0
41
0.0
42
0.0
10
-14.008487
20
37.660256
40
0.0
41
0.0
42
0.0
10
-12.276436
20
36.660256
40
0.0
41
0.0
42
0.0
10
-10.544385
20
37.660256
40
0.0
41
0.0
42
0.0
210
0.0
220
0.0
230
1.0
0
LWPOLYLINE
5
53
330
17
100
AcDbEntity
67
0
8
Add_Red
62
256
6
ByLayer
370
-1
48
1.0
60
0
100
AcDbPolyline
90
7
70
0
38
0.0
39
0.0
10
-15.008487
20
37.660256
40
0.0
41
0.0
42
0.0
10
-15.008487
20
39.660256
40
0.0
41
0.0
42
0.0
10
-16.740538
20
40.660256
40
0.0
41
0.0
42
0.0
10
-18.472588
20
39.660256
40
0.0
41
0.0
42
0.0
10
-18.472588
20
37.660256
40
0.0
41
0.0
42
0.0
10
-16.740538
20
36.660256
40
0.0
41
0.0
42
0.0
10
-15.008487
20
37.660256
40
0.0
41
0.0
42
0.0
210
0.0
220
0.0
230
1.0
0
LWPOLYLINE
5
54
330
17
100
AcDbEntity
67
0
8
Add_Red
62
256
6
ByLayer
370
-1
48
1.0
60
0
100
AcDbPolyline
90
4
70
0
38
0.0
39
0.0
10
49.827819
20
40.433266
40
0.0
41
0.0
42
0.0
10
48.488927
20
39.660256
40
0.0
41
0.0
42
0.0
10
48.488927
20
39.359912
40
0.0
41
0.0
42
0.0
10
49.827819
20
40.433266
40
0.0
41
0.0
42
0.0
210
0.0
220
0.0
230
1.0
0
LWPOLYLINE
5
55
330
17
100
AcDbEntity
67
0
8
Add_Red
62
256
6
ByLayer
370
-1
48
1.0
60
0
100
AcDbPolyline
90
5
70
0
38
0.0
39
0.0
10
-19.472588
20
37.660256
40
0.0
41
0.0
42
0.0
10
-19.472588
20
39.660256
40
0.0
41
0.0
42
0.0
10
-20.733953
20
40.388505
40
0.0
41
0.0
42
0.0
10
-19.822502
20
37.458233
40
0.0
41
0.0
42
0.0
10
-19.472588
20
37.660256
40
0.0
41
0.0
42
0.0
210
0.0
220
0.0
230
1.0
0
LWPOLYLINE
5
56
330
17
100
AcDbEntity
67
0
8
Add_Red
62
256
6
ByLayer
370
-1
48
1.0
60
0
100
AcDbPolyline
90
9
70
0
38
0.0
39
0.0
10
7.312017
20
37.660256
40
0.0
41
0.0
42
0.0
10
7.312017
20
37.744359
40
0.0
41
0.0
42
0.0
10
6.972991
20
37.746472
40
0.0
41
0.0
42
0.0
10
5.402339
20
38.972995
40
0.0
41
0.0
42
0.0
10
5.001858
20
40.326485
40
0.0
41
0.0
42
0.0
10
3.847916
20
39.660256
40
0.0
41
0.0
42
0.0
10
3.847916
20
37.660256
40
0.0
41
0.0
42
0.0
10
5.579966
20
36.660256
40
0.0
41
0.0
42
0.0
10
7.312017
20
37.660256
40
0.0
41
0.0
42
0.0
210
0.0
220
0.0
230
1.0
0
LWPOLYLINE
5
57
330
17
100
AcDbEntity
67
0
8
Add_Red
62
256
6
ByLayer
370
-1
48
1.0
60
0
100
AcDbPolyline
90
8
70
0
38
0.0
39
0.0
10
20.704321
20
37.660256
40
0.0
41
0.0
42
0.0
10
20.704321
20
38.20099
40
0.0
41
0.0
42
0.0
10
20.575035
20
37.972937
40
0.0
41
0.0
42
0.0
10
18.326786
20
37.752523
40
0.0
41
0.0
42
0.0
10
17.240219
20
37.745455
40
0.0
41
0.0
42
0.0
10
17.240219
20
37.660256
40
0.0
41
0.0
42
0.0
10
18.97227
20
36.660256
40
0.0
41
0.0
42
0.0
10
20.704321
20
37.660256
40
0.0
41
0.0
42
0.0
210
0.0
220
0.0
230
1.0
0
LWPOLYLINE
5
58
330
17
100
AcDbEntity
67
0
8
Add_Red
62
256
6
ByLayer
370
-1
48
1.0
60
0
100
AcDbPolyline
90
6
70
0
38
0.0
39
0.0
10
16.240219
20
37.660256
40
0.0
41
0.0
42
0.0
10
16.240219
20
37.73895
40
0.0
41
0.0
42
0.0
10
12.776119
20
37.716417
40
0.0
41
0.0
42
0.0
10
12.776119
20
37.660256
40
0.0
41
0.0
42
0.0
10
14.508168
20
36.660256
40
0.0
41
0.0
42
0.0
10
16.240219
20
37.660256
40
0.0
41
0.0
42
0.0
210
0.0
220
0.0
230
1.0
0
LWPOLYLINE
5
59
330
17
100
AcDbEntity
67
0
8
Add_Red
62
256
6
ByLayer
370
-1
48
1.0
60
0
100
AcDbPolyline
90
6
70
0
38
0.0
39
0.0
10
11.776119
20
37.660256
40
0.0
41
0.0
42
0.0
10
11.776119
20
37.716533
40
0.0
41
0.0
42
0.0
10
8.312017
20
37.738125
40
0.0
41
0.0
42
0.0
10
8.312017
20
37.660256
40
0.0
41
0.0
42
0.0
10
10.044068
20
36.660256
40
0.0
41
0.0
42
0.0
10
11.776119
20
37.660256
40
0.0
41
0.0
42
0.0
210
0.0
220
0.0
230
1.0
0
LWPOLYLINE
5
5A
330
17
100
AcDbEntity
67
0
8
Add_Red
62
256
6
ByLayer
370
-1
48
1.0
60
0
100
AcDbPolyline
90
7
70
0
38
0.0
39
0.0
10
43.561353
20
33.358321
40
0.0
41
0.0
42
0.0
10
45.256862
20
35.794255
40
0.0
41
0.0
42
0.0
10
43.524852
20
36.794231
40
0.0
41
0.0
42
0.0
10
41.792801
20
35.794231
40
0.0
41
0.0
42
0.0
10
41.792801
20
33.794231
40
0.0
41
0.0
42
0.0
10
43.301371
20
32.923258
40
0.0
41
0.0
42
0.0
10
43.561353
20
33.358321
40
0.0
41
0.0
42
0.0
210
0.0
220
0.0
230
1.0
0
LWPOLYLINE
5
5B
330
17
100
AcDbEntity
67
0
8
Add_Red
62
256
6
ByLayer
370
-1
48
1.0
60
0
100
AcDbPolyline
90
7
70
0
38
0.0
39
0.0
10
40.792802
20
33.794231
40
0.0
41
0.0
42
0.0
10
40.792802
20
35.794231
40
0.0
41
0.0
42
0.0
10
39.060751
20
36.794231
40
0.0
41
0.0
42
0.0
10
37.3287
20
35.794231
40
0.0
41
0.0
42
0.0
10
37.3287
20
33.794231
40
0.0
41
0.0
42
0.0
10
39.060751
20
32.794231
40
0.0
41
0.0
42
0.0
10
40.792802
20
33.794231
40
0.0
41
0.0
42
0.0
210
0.0
220
0.0
230
1.0
0
LWPOLYLINE
5
5C
330
17
100
AcDbEntity
67
0
8
Add_Red
62
256
6
ByLayer
370
-1
48
1.0
60
0
100
AcDbPolyline
90
7
70
0
38
0.0
39
0.0
10
36.3287
20
33.794231
40
0.0
41
0.0
42
0.0
10
36.3287
20
35.794231
40
0.0
41
0.0
42
0.0
10
34.59665
20
36.794231
40
0.0
41
0.0
42
0.0
10
32.8646
20
35.794231
40
0.0
41
0.0
42
0.0
10
32.8646
20
33.794231
40
0.0
41
0.0
42
0.0
10
34.59665
20
32.794231
40
0.0
41
0.0
42
0.0
10
36.3287
20
33.794231
40
0.0
41
0.0
42
0.0
210
0.0
220
0.0
230
1.0
0
LWPOLYLINE
5
5D
330
17
100
AcDbEntity
67
0
8
Add_Red
62
256
6
ByLayer
370
-1
48
1.0
60
0
100
AcDbPolyline
90
7
70
0
38
0.0
39
0.0
10
31.8646
20
33.794231
40
0.0
41
0.0
42
0.0
10
31.8646
20
35.794231
40
0.0
41
0.0
42
0.0
10
30.132549
20
36.794231
40
0.0
41
0.0
42
0.0
10
28.400498
20
35.794231
40
0.0
41
0.0
42
0.0
10
28.400498
20
33.794231
40
0.0
41
0.0
42
0.0
10
30.132549
20
32.794231
40
0.0
41
0.0
42
0.0
10
31.8646
20
33.794231
40
0.0
41
0.0
42
0.0
210
0.0
220
0.0
230
1.0
0
LWPOLYLINE
5
5E
330
17
100
AcDbEntity
67
0
8
Add_Red
62
256
6
ByLayer
370
-1
48
1.0
60
0
100
AcDbPolyline
90
7
70
0
38
0.0
39
0.0
10
27.400498
20
33.794231
40
0.0
41
0.0
42
0.0
10
27.400498
20
35.794231
40
0.0
41
0.0
42
0.0
10
25.668447
20
36.794231
40
0.0
41
0.0
42
0.0
10
23.936398
20
35.794231
40
0.0
41
0.0
42
0.0
10
23.936398
20
33.794231
40
0.0
41
0.0
42
0.0
10
25.668447
20
32.794231
40
0.0
41
0.0
42
0.0
10
27.400498
20
33.794231
40
0.0
41
0.0
42
0.0
210
0.0
220
0.0
230
1.0
0
LWPOLYLINE
5
5F
330
17
100
AcDbEntity
67
0
8
Add_Red
62
256
6
ByLayer
370
-1
48
1.0
60
0
100
AcDbPolyline
90
7
70
0
38
0.0
39
0.0
10
22.936398
20
33.794231
40
0.0
41
0.0
42
0.0
10
22.936398
20
35.794231
40
0.0
41
0.0
42
0.0
10
21.204347
20
36.794231
40
0.0
41
0.0
42
0.0
10
19.472296
20
35.794231
40
0.0
41
0.0
42
0.0
10
19.472296
20
33.794231
40
0.0
41
0.0
42
0.0
10
21.204347
20
32.794231
40
0.0
41
0.0
42
0.0
10
22.936398
20
33.794231
40
0.0
41
0.0
42
0.0
210
0.0
220
0.0
230
1.0
0
LWPOLYLINE
5
60
330
17
100
AcDbEntity
67
0
8
Add_Red
62
256
6
ByLayer
370
-1
48
1.0
60
0
100
AcDbPolyline
90
7
70
0
38
0.0
39
0.0
10
18.472297
20
33.794231
40
0.0
41
0.0
42
0.0
10
18.472297
20
35.794231
40
0.0
41
0.0
42
0.0
10
16.740246
20
36.794231
40
0.0
41
0.0
42
0.0
10
15.008195
20
35.794231
40
0.0
41
0.0
42
0.0
10
15.008195
20
33.794231
40
0.0
41
0.0
42
0.0
10
16.740246
20
32.794231
40
0.0
41
0.0
42
0.0
10
18.472297
20
33.794231
40
0.0
41
0.0
42
0.0
210
0.0
220
0.0
230
1.0
0
LWPOLYLINE
5
61
330
17
100
AcDbEntity
67
0
8
Add_Red
62
256
6
ByLayer
370
-1
48
1.0
60
0
100
AcDbPolyline
90
7
70
0
38
0.0
39
0.0
10
14.008195
20
33.794231
40
0.0
41
0.0
42
0.0
10
14.008195
20
35.794231
40
0.0
41
0.0
42
0.0
10
12.276145
20
36.794231
40
0.0
41
0.0
42
0.0
10
10.544095
20
35.794231
40
0.0
41
0.0
42
0.0
10
10.544095
20
33.794231
40
0.0
41
0.0
42
0.0
10
12.276145
20
32.794231
40
0.0
41
0.0
42
0.0
10
14.008195
20
33.794231
40
0.0
41
0.0
42
0.0
210
0.0
220
0.0
230
1.0
0
LWPOLYLINE
5
62
330
17
100
AcDbEntity
67
0
8
Add_Red
62
256
6
ByLayer
370
-1
48
1.0
60
0
100
AcDbPolyline
90
7
70
0
38
0.0
39
0.0
10
9.544095
20
33.794231
40
0.0
41
0.0
42
0.0
10
9.544095
20
35.794231
40
0.0
41
0.0
42
0.0
10
7.812044
20
36.794231
40
0.0
41
0.0
42
0.0
10
6.079993
20
35.794231
40
0.0
41
0.0
42
0.0
10
6.079993
20
33.794231
40
0.0
41
0.0
42
0.0
10
7.812044
20
32.794231
40
0.0
41
0.0
42
0.0
10
9.544095
20
33.794231
40
0.0
41
0.0
42
0.0
210
0.0
220
0.0
230
1.0
0
LWPOLYLINE
5
63
330
17
100
AcDbEntity
67
0
8
Add_Red
62
256
6
ByLayer
370
-1
48
1.0
60
0
100
AcDbPolyline
90
7
70
0
38
0.0
39
0.0
10
5.079993
20
33.794231
40
0.0
41
0.0
42
0.0
10
5.079993
20
35.794231
40
0.0
41
0.0
42
0.0
10
3.347942
20
36.794231
40
0.0
41
0.0
42
0.0
10
1.615893
20
35.794231
40
0.0
41
0.0
42
0.0
10
1.615893
20
33.794231
40
0.0
41
0.0
42
0.0
10
3.347942
20
32.794231
40
0.0
41
0.0
42
0.0
10
5.079993
20
33.794231
40
0.0
41
0.0
42
0.0
210
0.0
220
0.0
230
1.0
0
LWPOLYLINE
5
64
330
17
100
AcDbEntity
67
0
8
Add_Red
62
256
6
ByLayer
370
-1
48
1.0
60
0
100
AcDbPolyline
90
7
70
0
38
0.0
39
0.0
10
0.615893
20
33.794231
40
0.0
41
0.0
42
0.0
10
0.615893
20
35.794231
40
0.0
41
0.0
42
0.0
10
-1.116157
20
36.794231
40
0.0
41
0.0
42
0.0
10
-2.848208
20
35.794231
40
0.0
41
0.0
42
0.0
10
-2.848208
20
33.794231
40
0.0
41
0.0
42
0.0
10
-1.116157
20
32.794231
40
0.0
41
0.0
42
0.0
10
0.615893
20
33.794231
40
0.0
41
0.0
42
0.0
210
0.0
220
0.0
230
1.0
0
LWPOLYLINE
5
65
330
17
100
AcDbEntity
67
0
8
Add_Red
62
256
6
ByLayer
370
-1
48
1.0
60
0
100
AcDbPolyline
90
7
70
0
38
0.0
39
0.0
10
-3.848207
20
33.794231
40
0.0
41
0.0
42
0.0
10
-3.848207
20
35.794231
40
0.0
41
0.0
42
0.0
10
-5.580258
20
36.794231
40
0.0
41
0.0
42
0.0
10
-7.312309
20
35.794231
40
0.0
41
0.0
42
0.0
10
-7.312309
20
33.794231
40
0.0
41
0.0
42
0.0
10
-5.580258
20
32.794231
40
0.0
41
0.0
42
0.0
10
-3.848207
20
33.794231
40
0.0
41
0.0
42
0.0
210
0.0
220
0.0
230
1.0
0
LWPOLYLINE
5
66
330
17
100
AcDbEntity
67
0
8
Add_Red
62
256
6
ByLayer
370
-1
48
1.0
60
0
100
AcDbPolyline
90
7
70
0
38
0.0
39
0.0
10
-8.312309
20
33.794231
40
0.0
41
0.0
42
0.0
10
-8.312309
20
35.794231
40
0.0
41
0.0
42
0.0
10
-10.044359
20
36.794231
40
0.0
41
0.0
42
0.0
10
-11.776409
20
35.794231
40
0.0
41
0.0
42
0.0
10
-11.776409
20
33.794231
40
0.0
41
0.0
42
0.0
10
-10.044359
20
32.794231
40
0.0
41
0.0
42
0.0
10
-8.312309
20
33.794231
40
0.0
41
0.0
42
0.0
210
0.0
220
0.0
230
1.0
0
LWPOLYLINE
5
67
330
17
100
AcDbEntity
67
0
8
Add_Red
62
256
6
ByLayer
370
-1
48
1.0
60
0
100
AcDbPolyline
90
7
70
0
38
0.0
39
0.0
10
-12.776409
20
33.794231
40
0.0
41
0.0
42
0.0
10
-12.776409
20
35.794231
40
0.0
41
0.0
42
0.0
10
-14.50846
20
36.794231
40
0.0
41
0.0
42
0.0
10
-16.240511
20
35.794231
40
0.0
41
0.0
42
0.0
10
-16.240511
20
33.794231
40
0.0
41
0.0
42
0.0
10
-14.50846
20
32.794231
40
0.0
41
0.0
42
0.0
10
-12.776409
20
33.794231
40
0.0
41
0.0
42
0.0
210
0.0
220
0.0
230
1.0
0
LWPOLYLINE
5
68
330
17
100
AcDbEntity
67
0
8
Add_Red
62
256
6
ByLayer
370
-1
48
1.0
60
0
100
AcDbPolyline
90
6
70
0
38
0.0
39
0.0
10
-17.240511
20
33.794231
40
0.0
41
0.0
42
0.0
10
-17.240511
20
35.794231
40
0.0
41
0.0
42
0.0
10
-18.972562
20
36.794231
40
0.0
41
0.0
42
0.0
10
-19.518012
20
36.479315
40
0.0
41
0.0
42
0.0
10
-18.463244
20
33.088286
40
0.0
41
0.0
42
0.0
10
-17.240511
20
33.794231
40
0.0
41
0.0
42
0.0
210
0.0
220
0.0
230
1.0
0
LWPOLYLINE
5
69
330
17
100
AcDbEntity
67
0
8
Add_Red
62
256
6
ByLayer
370
-1
48
1.0
60
0
100
AcDbPolyline
90
8
70
0
38
0.0
39
0.0
10
41.329015
20
28.949109
40
0.0
41
0.0
42
0.0
10
41.705584
20
30.252803
40
0.0
41
0.0
42
0.0
10
42.788353
20
32.064751
40
0.0
41
0.0
42
0.0
10
41.292807
20
32.928205
40
0.0
41
0.0
42
0.0
10
39.560756
20
31.928205
40
0.0
41
0.0
42
0.0
10
39.560756
20
29.928205
40
0.0
41
0.0
42
0.0
10
41.292807
20
28.928204
40
0.0
41
0.0
42
0.0
10
41.329015
20
28.949109
40
0.0
41
0.0
42
0.0
210
0.0
220
0.0
230
1.0
0
LWPOLYLINE
5
6A
330
17
100
AcDbEntity
67
0
8
Add_Red
62
256
6
ByLayer
370
-1
48
1.0
60
0
100
AcDbPolyline
90
7
70
0
38
0.0
39
0.0
10
38.560757
20
29.928205
40
0.0
41
0.0
42
0.0
10
38.560757
20
31.928205
40
0.0
41
0.0
42
0.0
10
36.828706
20
32.928205
40
0.0
41
0.0
42
0.0
10
35.096656
20
31.928205
40
0.0
41
0.0
42
0.0
10
35.096656
20
29.928205
40
0.0
41
0.0
42
0.0
10
36.828706
20
28.928204
40
0.0
41
0.0
42
0.0
10
38.560757
20
29.928205
40
0.0
41
0.0
42
0.0
210
0.0
220
0.0
230
1.0
0
LWPOLYLINE
5
6B
330
17
100
AcDbEntity
67
0
8
Add_Red
62
256
6
ByLayer
370
-1
48
1.0
60
0
100
AcDbPolyline
90
7
70
0
38
0.0
39
0.0
10
34.096656
20
29.928205
40
0.0
41
0.0
42
0.0
10
34.096656
20
31.928205
40
0.0
41
0.0
42
0.0
10
32.364605
20
32.928205
40
0.0
41
0.0
42
0.0
10
30.632554
20
31.928205
40
0.0
41
0.0
42
0.0
10
30.632554
20
29.928205
40
0.0
41
0.0
42
0.0
10
32.364605
20
28.928204
40
0.0
41
0.0
42
0.0
10
34.096656
20
29.928205
40
0.0
41
0.0
42
0.0
210
0.0
220
0.0
230
1.0
0
LWPOLYLINE
5
6C
330
17
100
AcDbEntity
67
0
8
Add_Red
62
256
6
ByLayer
370
-1
48
1.0
60
0
100
AcDbPolyline
90
7
70
0
38
0.0
39
0.0
10
29.632555
20
29.928205
40
0.0
41
0.0
42
0.0
10
29.632555
20
31.928205
40
0.0
41
0.0
42
0.0
10
27.900504
20
32.928205
40
0.0
41
0.0
42
0.0
10
26.168453
20
31.928205
40
0.0
41
0.0
42
0.0
10
26.168453
20
29.928205
40
0.0
41
0.0
42
0.0
10
27.900504
20
28.928204
40
0.0
41
0.0
42
0.0
10
29.632555
20
29.928205
40
0.0
41
0.0
42
0.0
210
0.0
220
0.0
230
1.0
0
LWPOLYLINE
5
6D
330
17
100
AcDbEntity
67
0
8
Add_Red
62
256
6
ByLayer
370
-1
48
1.0
60
0
100
AcDbPolyline
90
7
70
0
38
0.0
39
0.0
10
25.168453
20
29.928205
40
0.0
41
0.0
42
0.0
10
25.168453
20
31.928205
40
0.0
41
0.0
42
0.0
10
23.436404
20
32.928205
40
0.0
41
0.0
42
0.0
10
21.704353
20
31.928205
40
0.0
41
0.0
42
0.0
10
21.704353
20
29.928205
40
0.0
41
0.0
42
0.0
10
23.436404
20
28.928204
40
0.0
41
0.0
42
0.0
10
25.168453
20
29.928205
40
0.0
41
0.0
42
0.0
210
0.0
220
0.0
230
1.0
0
LWPOLYLINE
5
6E
330
17
100
AcDbEntity
67
0
8
Add_Red
62
256
6
ByLayer
370
-1
48
1.0
60
0
100
AcDbPolyline
90
7
70
0
38
0.0
39
0.0
10
20.704353
20
29.928205
40
0.0
41
0.0
42
0.0
10
20.704353
20
31.928205
40
0.0
41
0.0
42
0.0
10
18.972302
20
32.928205
40
0.0
41
0.0
42
0.0
10
17.240251
20
31.928205
40
0.0
41
0.0
42
0.0
10
17.240251
20
29.928205
40
0.0
41
0.0
42
0.0
10
18.972302
20
28.928204
40
0.0
41
0.0
42
0.0
10
20.704353
20
29.928205
40
0.0
41
0.0
42
0.0
210
0.0
220
0.0
230
1.0
0
LWPOLYLINE
5
6F
330
17
100
AcDbEntity
67
0
8
Add_Red
62
256
6
ByLayer
370
-1
48
1.0
60
0
100
AcDbPolyline
90
7
70
0
38
0.0
39
0.0
10
16.240252
20
29.928205
40
0.0
41
0.0
42
0.0
10
16.240252
20
31.928205
40
0.0
41
0.0
42
0.0
10
14.508201
20
32.928205
40
0.0
41
0.0
42
0.0
10
12.776151
20
31.928205
40
0.0
41
0.0
42
0.0
10
12.776151
20
29.928205
40
0.0
41
0.0
42
0.0
10
14.508201
20
28.928204
40
0.0
41
0.0
42
0.0
10
16.240252
20
29.928205
40
0.0
41
0.0
42
0.0
210
0.0
220
0.0
230
1.0
0
LWPOLYLINE
5
70
330
17
100
AcDbEntity
67
0
8
Add_Red
62
256
6
ByLayer
370
-1
48
1.0
60
0
100
AcDbPolyline
90
7
70
0
38
0.0
39
0.0
10
11.776151
20
29.928205
40
0.0
41
0.0
42
0.0
10
11.776151
20
31.928205
40
0.0
41
0.0
42
0.0
10
10.0441
20
32.928205
40
0.0
41
0.0
42
0.0
10
8.312049
20
31.928205
40
0.0
41
0.0
42
0.0
10
8.312049
20
29.928205
40
0.0
41
0.0
42
0.0
10
10.0441
20
28.928204
40
0.0
41
0.0
42
0.0
10
11.776151
20
29.928205
40
0.0
41
0.0
42
0.0
210
0.0
220
0.0
230
1.0
0
LWPOLYLINE
5
71
330
17
100
AcDbEntity
67
0
8
Add_Red
62
256
6
ByLayer
370
-1
48
1.0
60
0
100
AcDbPolyline
90
7
70
0
38
0.0
39
0.0
10
7.31205
20
29.928205
40
0.0
41
0.0
42
0.0
10
7.31205
20
31.928205
40
0.0
41
0.0
42
0.0
10
5.579999
20
32.928205
40
0.0
41
0.0
42
0.0
10
3.847948
20
31.928205
40
0.0
41
0.0
42
0.0
10
3.847948
20
29.928205
40
0.0
41
0.0
42
0.0
10
5.579999
20
28.928204
40
0.0
41
0.0
42
0.0
10
7.31205
20
29.928205
40
0.0
41
0.0
42
0.0
210
0.0
220
0.0
230
1.0
0
LWPOLYLINE
5
72
330
17
100
AcDbEntity
67
0
8
Add_Red
62
256
6
ByLayer
370
-1
48
1.0
60
0
100
AcDbPolyline
90
7
70
0
38
0.0
39
0.0
10
2.847948
20
29.928205
40
0.0
41
0.0
42
0.0
10
2.847948
20
31.928205
40
0.0
41
0.0
42
0.0
10
1.115899
20
32.928205
40
0.0
41
0.0
42
0.0
10
-0.616151
20
31.928205
40
0.0
41
0.0
42
0.0
10
-0.616151
20
29.928205
40
0.0
41
0.0
42
0.0
10
1.115899
20
28.928204
40
0.0
41
0.0
42
0.0
10
2.847948
20
29.928205
40
0.0
41
0.0
42
0.0
210
0.0
220
0.0
230
1.0
0
LWPOLYLINE
5
73
330
17
100
AcDbEntity
67
0
8
Add_Red
62
256
6
ByLayer
370
-1
48
1.0
60
0
100
AcDbPolyline
90
8
70
0
38
0.0
39
0.0
10
-1.616151
20
29.928205
40
0.0
41
0.0
42
0.0
10
-1.616151
20
31.928205
40
0.0
41
0.0
42
0.0
10
-3.348202
20
32.928205
40
0.0
41
0.0
42
0.0
10
-5.080253
20
31.928205
40
0.0
41
0.0
42
0.0
10
-5.080253
20
31.160535
40
0.0
41
0.0
42
0.0
10
-3.397561
20
29.983614
40
0.0
41
0.0
42
0.0
10
-2.642734
20
29.335506
40
0.0
41
0.0
42
0.0
10
-1.616151
20
29.928205
40
0.0
41
0.0
42
0.0
210
0.0
220
0.0
230
1.0
0
LWPOLYLINE
5
74
330
17
100
AcDbEntity
67
0
8
Add_Red
62
256
6
ByLayer
370
-1
48
1.0
60
0
100
AcDbPolyline
90
5
70
0
38
0.0
39
0.0
10
-6.080252
20
31.928205
40
0.0
41
0.0
42
0.0
10
-7.812303
20
32.928205
40
0.0
41
0.0
42
0.0
10
-8.65564
20
32.441304
40
0.0
41
0.0
42
0.0
10
-6.080252
20
31.765706
40
0.0
41
0.0
42
0.0
10
-6.080252
20
31.928205
40
0.0
41
0.0
42
0.0
210
0.0
220
0.0
230
1.0
0
LWPOLYLINE
5
75
330
17
100
AcDbEntity
67
0
8
Add_Red
62
256
6
ByLayer
370
-1
48
1.0
60
0
100
AcDbPolyline
90
4
70
0
38
0.0
39
0.0
10
-12.276404
20
32.928205
40
0.0
41
0.0
42
0.0
10
-12.963077
20
32.531754
40
0.0
41
0.0
42
0.0
10
-11.552359
20
32.510177
40
0.0
41
0.0
42
0.0
10
-12.276404
20
32.928205
40
0.0
41
0.0
42
0.0
210
0.0
220
0.0
230
1.0
0
LWPOLYLINE
5
76
330
17
100
AcDbEntity
67
0
8
Add_Red
62
256
6
ByLayer
370
-1
48
1.0
60
0
100
AcDbPolyline
90
4
70
0
38
0.0
39
0.0
10
-16.740505
20
32.928205
40
0.0
41
0.0
42
0.0
10
-17.311968
20
32.59827
40
0.0
41
0.0
42
0.0
10
-16.137939
20
32.580314
40
0.0
41
0.0
42
0.0
10
-16.740505
20
32.928205
40
0.0
41
0.0
42
0.0
210
0.0
220
0.0
230
1.0
0
LWPOLYLINE
5
77
330
17
100
AcDbEntity
67
0
8
Add_Red
62
256
6
ByLayer
370
-1
48
1.0
60
0
100
AcDbPolyline
90
7
70
0
38
0.0
39
0.0
10
40.792834
20
26.062179
40
0.0
41
0.0
42
0.0
10
40.792834
20
28.062179
40
0.0
41
0.0
42
0.0
10
39.060783
20
29.06218
40
0.0
41
0.0
42
0.0
10
37.328732
20
28.062179
40
0.0
41
0.0
42
0.0
10
37.328732
20
26.062179
40
0.0
41
0.0
42
0.0
10
39.060783
20
25.062179
40
0.0
41
0.0
42
0.0
10
40.792834
20
26.062179
40
0.0
41
0.0
42
0.0
210
0.0
220
0.0
230
1.0
0
LWPOLYLINE
5
78
330
17
100
AcDbEntity
67
0
8
Add_Red
62
256
6
ByLayer
370
-1
48
1.0
60
0
100
AcDbPolyline
90
7
70
0
38
0.0
39
0.0
10
36.328733
20
26.062179
40
0.0
41
0.0
42
0.0
10
36.328733
20
28.062179
40
0.0
41
0.0
42
0.0
10
34.596683
20
29.06218
40
0.0
41
0.0
42
0.0
10
32.864632
20
28.062179
40
0.0
41
0.0
42
0.0
10
32.864632
20
26.062179
40
0.0
41
0.0
42
0.0
10
34.596683
20
25.062179
40
0.0
41
0.0
42
0.0
10
36.328733
20
26.062179
40
0.0
41
0.0
42
0.0
210
0.0
220
0.0
230
1.0
0
LWPOLYLINE
5
79
330
17
100
AcDbEntity
67
0
8
Add_Red
62
256
6
ByLayer
370
-1
48
1.0
60
0
100
AcDbPolyline
90
7
70
0
38
0.0
39
0.0
10
31.864632
20
26.062179
40
0.0
41
0.0
42
0.0
10
31.864632
20
28.062179
40
0.0
41
0.0
42
0.0
10
30.132581
20
29.06218
40
0.0
41
0.0
42
0.0
10
28.40053
20
28.062179
40
0.0
41
0.0
42
0.0
10
28.40053
20
26.062179
40
0.0
41
0.0
42
0.0
10
30.132581
20
25.062179
40
0.0
41
0.0
42
0.0
10
31.864632
20
26.062179
40
0.0
41
0.0
42
0.0
210
0.0
220
0.0
230
1.0
0
LWPOLYLINE
5
7A
330
17
100
AcDbEntity
67
0
8
Add_Red
62
256
6
ByLayer
370
-1
48
1.0
60
0
100
AcDbPolyline
90
7
70
0
38
0.0
39
0.0
10
27.400531
20
26.062179
40
0.0
41
0.0
42
0.0
10
27.400531
20
28.062179
40
0.0
41
0.0
42
0.0
10
25.66848
20
29.06218
40
0.0
41
0.0
42
0.0
10
23.93643
20
28.062179
40
0.0
41
0.0
42
0.0
10
23.93643
20
26.062179
40
0.0
41
0.0
42
0.0
10
25.66848
20
25.062179
40
0.0
41
0.0
42
0.0
10
27.400531
20
26.062179
40
0.0
41
0.0
42
0.0
210
0.0
220
0.0
230
1.0
0
LWPOLYLINE
5
7B
330
17
100
AcDbEntity
67
0
8
Add_Red
62
256
6
ByLayer
370
-1
48
1.0
60
0
100
AcDbPolyline
90
7
70
0
38
0.0
39
0.0
10
22.93643
20
26.062179
40
0.0
41
0.0
42
0.0
10
22.93643
20
28.062179
40
0.0
41
0.0
42
0.0
10
21.204379
20
29.06218
40
0.0
41
0.0
42
0.0
10
19.472329
20
28.062179
40
0.0
41
0.0
42
0.0
10
19.472329
20
26.062179
40
0.0
41
0.0
42
0.0
10
21.204379
20
25.062179
40
0.0
41
0.0
42
0.0
10
22.93643
20
26.062179
40
0.0
41
0.0
42
0.0
210
0.0
220
0.0
230
1.0
0
LWPOLYLINE
5
7C
330
17
100
AcDbEntity
67
0
8
Add_Red
62
256
6
ByLayer
370
-1
48
1.0
60
0
100
AcDbPolyline
90
7
70
0
38
0.0
39
0.0
10
18.472329
20
26.062179
40
0.0
41
0.0
42
0.0
10
18.472329
20
28.062179
40
0.0
41
0.0
42
0.0
10
16.740278
20
29.06218
40
0.0
41
0.0
42
0.0
10
15.008227
20
28.062179
40
0.0
41
0.0
42
0.0
10
15.008227
20
26.062179
40
0.0
41
0.0
42
0.0
10
16.740278
20
25.062179
40
0.0
41
0.0
42
0.0
10
18.472329
20
26.062179
40
0.0
41
0.0
42
0.0
210
0.0
220
0.0
230
1.0
0
LWPOLYLINE
5
7D
330
17
100
AcDbEntity
67
0
8
Add_Red
62
256
6
ByLayer
370
-1
48
1.0
60
0
100
AcDbPolyline
90
7
70
0
38
0.0
39
0.0
10
14.008228
20
26.062179
40
0.0
41
0.0
42
0.0
10
14.008228
20
28.062179
40
0.0
41
0.0
42
0.0
10
12.276178
20
29.06218
40
0.0
41
0.0
42
0.0
10
10.544127
20
28.062179
40
0.0
41
0.0
42
0.0
10
10.544127
20
26.062179
40
0.0
41
0.0
42
0.0
10
12.276178
20
25.062179
40
0.0
41
0.0
42
0.0
10
14.008228
20
26.062179
40
0.0
41
0.0
42
0.0
210
0.0
220
0.0
230
1.0
0
LWPOLYLINE
5
7E
330
17
100
AcDbEntity
67
0
8
Add_Red
62
256
6
ByLayer
370
-1
48
1.0
60
0
100
AcDbPolyline
90
7
70
0
38
0.0
39
0.0
10
9.544127
20
26.062179
40
0.0
41
0.0
42
0.0
10
9.544127
20
28.062179
40
0.0
41
0.0
42
0.0
10
7.812076
20
29.06218
40
0.0
41
0.0
42
0.0
10
6.080025
20
28.062179
40
0.0
41
0.0
42
0.0
10
6.080025
20
26.062179
40
0.0
41
0.0
42
0.0
10
7.812076
20
25.062179
40
0.0
41
0.0
42
0.0
10
9.544127
20
26.062179
40
0.0
41
0.0
42
0.0
210
0.0
220
0.0
230
1.0
0
LWPOLYLINE
5
7F
330
17
100
AcDbEntity
67
0
8
Add_Red
62
256
6
ByLayer
370
-1
48
1.0
60
0
100
AcDbPolyline
90
7
70
0
38
0.0
39
0.0
10
5.080026
20
26.062179
40
0.0
41
0.0
42
0.0
10
5.080026
20
28.062179
40
0.0
41
0.0
42
0.0
10
3.347975
20
29.06218
40
0.0
41
0.0
42
0.0
10
1.615925
20
28.062179
40
0.0
41
0.0
42
0.0
10
1.615925
20
26.062179
40
0.0
41
0.0
42
0.0
10
3.347975
20
25.062179
40
0.0
41
0.0
42
0.0
10
5.080026
20
26.062179
40
0.0
41
0.0
42
0.0
210
0.0
220
0.0
230
1.0
0
LWPOLYLINE
5
80
330
17
100
AcDbEntity
67
0
8
Add_Red
62
256
6
ByLayer
370
-1
48
1.0
60
0
100
AcDbPolyline
90
7
70
0
38
0.0
39
0.0
10
0.615925
20
26.062179
40
0.0
41
0.0
42
0.0
10
0.615925
20
28.062179
40
0.0
41
0.0
42
0.0
10
-1.116125
20
29.06218
40
0.0
41
0.0
42
0.0
10
-1.838597
20
28.64506
40
0.0
41
0.0
42
0.0
10
-0.725122
20
27.68901
40
0.0
41
0.0
42
0.0
10
0.181601
20
25.811422
40
0.0
41
0.0
42
0.0
10
0.615925
20
26.062179
40
0.0
41
0.0
42
0.0
210
0.0
220
0.0
230
1.0
0
LWPOLYLINE
5
81
330
17
100
AcDbEntity
67
0
8
Add_Red
62
256
6
ByLayer
370
-1
48
1.0
60
0
100
AcDbPolyline
90
8
70
0
38
0.0
39
0.0
10
42.364956
20
21.81514
40
0.0
41
0.0
42
0.0
10
41.944279
20
23.814417
40
0.0
41
0.0
42
0.0
10
41.791301
20
24.908366
40
0.0
41
0.0
42
0.0
10
41.29284
20
25.196153
40
0.0
41
0.0
42
0.0
10
39.560789
20
24.196153
40
0.0
41
0.0
42
0.0
10
39.560789
20
22.196153
40
0.0
41
0.0
42
0.0
10
41.29284
20
21.196153
40
0.0
41
0.0
42
0.0
10
42.364956
20
21.81514
40
0.0
41
0.0
42
0.0
210
0.0
220
0.0
230
1.0
0
LWPOLYLINE
5
82
330
17
100
AcDbEntity
67
0
8
Add_Red
62
256
6
ByLayer
370
-1
48
1.0
60
0
100
AcDbPolyline
90
7
70
0
38
0.0
39
0.0
10
38.560789
20
22.196153
40
0.0
41
0.0
42
0.0
10
38.560789
20
24.196153
40
0.0
41
0.0
42
0.0
10
36.828738
20
25.196153
40
0.0
41
0.0
42
0.0
10
35.096688
20
24.196153
40
0.0
41
0.0
42
0.0
10
35.096688
20
22.196153
40
0.0
41
0.0
42
0.0
10
36.828738
20
21.196153
40
0.0
41
0.0
42
0.0
10
38.560789
20
22.196153
40
0.0
41
0.0
42
0.0
210
0.0
220
0.0
230
1.0
0
LWPOLYLINE
5
83
330
17
100
AcDbEntity
67
0
8
Add_Red
62
256
6
ByLayer
370
-1
48
1.0
60
0
100
AcDbPolyline
90
7
70
0
38
0.0
39
0.0
10
34.096689
20
22.196153
40
0.0
41
0.0
42
0.0
10
34.096689
20
24.196153
40
0.0
41
0.0
42
0.0
10
32.364638
20
25.196153
40
0.0
41
0.0
42
0.0
10
30.632587
20
24.196153
40
0.0
41
0.0
42
0.0
10
30.632587
20
22.196153
40
0.0
41
0.0
42
0.0
10
32.364638
20
21.196153
40
0.0
41
0.0
42
0.0
10
34.096689
20
22.196153
40
0.0
41
0.0
42
0.0
210
0.0
220
0.0
230
1.0
0
LWPOLYLINE
5
84
330
17
100
AcDbEntity
67
0
8
Add_Red
62
256
6
ByLayer
370
-1
48
1.0
60
0
100
AcDbPolyline
90
7
70
0
38
0.0
39
0.0
10
29.632587
20
22.196153
40
0.0
41
0.0
42
0.0
10
29.632587
20
24.196153
40
0.0
41
0.0
42
0.0
10
27.900536
20
25.196153
40
0.0
41
0.0
42
0.0
10
26.168485
20
24.196153
40
0.0
41
0.0
42
0.0
10
26.168485
20
22.196153
40
0.0
41
0.0
42
0.0
10
27.900536
20
21.196153
40
0.0
41
0.0
42
0.0
10
29.632587
20
22.196153
40
0.0
41
0.0
42
0.0
210
0.0
220
0.0
230
1.0
0
LWPOLYLINE
5
85
330
17
100
AcDbEntity
67
0
8
Add_Red
62
256
6
ByLayer
370
-1
48
1.0
60
0
100
AcDbPolyline
90
7
70
0
38
0.0
39
0.0
10
25.168486
20
22.196153
40
0.0
41
0.0
42
0.0
10
25.168486
20
24.196153
40
0.0
41
0.0
42
0.0
10
23.436436
20
25.196153
40
0.0
41
0.0
42
0.0
10
21.704385
20
24.196153
40
0.0
41
0.0
42
0.0
10
21.704385
20
22.196153
40
0.0
41
0.0
42
0.0
10
23.436436
20
21.196153
40
0.0
41
0.0
42
0.0
10
25.168486
20
22.196153
40
0.0
41
0.0
42
0.0
210
0.0
220
0.0
230
1.0
0
LWPOLYLINE
5
86
330
17
100
AcDbEntity
67
0
8
Add_Red
62
256
6
ByLayer
370
-1
48
1.0
60
0
100
AcDbPolyline
90
7
70
0
38
0.0
39
0.0
10
20.704385
20
22.196153
40
0.0
41
0.0
42
0.0
10
20.704385
20
24.196153
40
0.0
41
0.0
42
0.0
10
18.972335
20
25.196153
40
0.0
41
0.0
42
0.0
10
17.240284
20
24.196153
40
0.0
41
0.0
42
0.0
10
17.240284
20
22.196153
40
0.0
41
0.0
42
0.0
10
18.972335
20
21.196153
40
0.0
41
0.0
42
0.0
10
20.704385
20
22.196153
40
0.0
41
0.0
42
0.0
210
0.0
220
0.0
230
1.0
0
LWPOLYLINE
5
87
330
17
100
AcDbEntity
67
0
8
Add_Red
62
256
6
ByLayer
370
-1
48
1.0
60
0
100
AcDbPolyline
90
7
70
0
38
0.0
39
0.0
10
16.240284
20
22.196153
40
0.0
41
0.0
42
0.0
10
16.240284
20
24.196153
40
0.0
41
0.0
42
0.0
10
14.508233
20
25.196153
40
0.0
41
0.0
42
0.0
10
12.776183
20
24.196153
40
0.0
41
0.0
42
0.0
10
12.776183
20
22.196153
40
0.0
41
0.0
42
0.0
10
14.508233
20
21.196153
40
0.0
41
0.0
42
0.0
10
16.240284
20
22.196153
40
0.0
41
0.0
42
0.0
210
0.0
220
0.0
230
1.0
0
LWPOLYLINE
5
88
330
17
100
AcDbEntity
67
0
8
Add_Red
62
256
6
ByLayer
370
-1
48
1.0
60
0
100
AcDbPolyline
90
7
70
0
38
0.0
39
0.0
10
11.776184
20
22.196153
40
0.0
41
0.0
42
0.0
10
11.776184
20
24.196153
40
0.0
41
0.0
42
0.0
10
10.044133
20
25.196153
40
0.0
41
0.0
42
0.0
10
8.312082
20
24.196153
40
0.0
41
0.0
42
0.0
10
8.312082
20
22.196153
40
0.0
41
0.0
42
0.0
10
10.044133
20
21.196153
40
0.0
41
0.0
42
0.0
10
11.776184
20
22.196153
40
0.0
41
0.0
42
0.0
210
0.0
220
0.0
230
1.0
0
LWPOLYLINE
5
89
330
17
100
AcDbEntity
67
0
8
Add_Red
62
256
6
ByLayer
370
-1
48
1.0
60
0
100
AcDbPolyline
90
7
70
0
38
0.0
39
0.0
10
7.312082
20
22.196153
40
0.0
41
0.0
42
0.0
10
7.312082
20
24.196153
40
0.0
41
0.0
42
0.0
10
5.580031
20
25.196153
40
0.0
41
0.0
42
0.0
10
3.84798
20
24.196153
40
0.0
41
0.0
42
0.0
10
3.84798
20
22.196153
40
0.0
41
0.0
42
0.0
10
5.580031
20
21.196153
40
0.0
41
0.0
42
0.0
10
7.312082
20
22.196153
40
0.0
41
0.0
42
0.0
210
0.0
220
0.0
230
1.0
0
LWPOLYLINE
5
8A
330
17
100
AcDbEntity
67
0
8
Add_Red
62
256
6
ByLayer
370
-1
48
1.0
60
0
100
AcDbPolyline
90
7
70
0
38
0.0
39
0.0
10
2.847981
20
22.196153
40
0.0
41
0.0
42
0.0
10
2.847981
20
24.196153
40
0.0
41
0.0
42
0.0
10
1.115931
20
25.196153
40
0.0
41
0.0
42
0.0
10
0.617653
20
24.908472
40
0.0
41
0.0
42
0.0
10
0.888333
20
24.347963
40
0.0
41
0.0
42
0.0
10
2.084263
20
21.75522
40
0.0
41
0.0
42
0.0
10
2.847981
20
22.196153
40
0.0
41
0.0
42
0.0
210
0.0
220
0.0
230
1.0
0
LWPOLYLINE
5
8B
330
17
100
AcDbEntity
67
0
8
Add_Red
62
256
6
ByLayer
370
-1
48
1.0
60
0
100
AcDbPolyline
90
7
70
0
38
0.0
39
0.0
10
40.792866
20
18.330128
40
0.0
41
0.0
42
0.0
10
40.792866
20
20.330128
40
0.0
41
0.0
42
0.0
10
39.060816
20
21.330128
40
0.0
41
0.0
42
0.0
10
37.328765
20
20.330128
40
0.0
41
0.0
42
0.0
10
37.328765
20
18.330128
40
0.0
41
0.0
42
0.0
10
39.060816
20
17.330128
40
0.0
41
0.0
42
0.0
10
40.792866
20
18.330128
40
0.0
41
0.0
42
0.0
210
0.0
220
0.0
230
1.0
0
LWPOLYLINE
5
8C
330
17
100
AcDbEntity
67
0
8
Add_Red
62
256
6
ByLayer
370
-1
48
1.0
60
0
100
AcDbPolyline
90
7
70
0
38
0.0
39
0.0
10
36.328765
20
18.330128
40
0.0
41
0.0
42
0.0
10
36.328765
20
20.330128
40
0.0
41
0.0
42
0.0
10
34.596715
20
21.330128
40
0.0
41
0.0
42
0.0
10
32.864664
20
20.330128
40
0.0
41
0.0
42
0.0
10
32.864664
20
18.330128
40
0.0
41
0.0
42
0.0
10
34.596715
20
17.330128
40
0.0
41
0.0
42
0.0
10
36.328765
20
18.330128
40
0.0
41
0.0
42
0.0
210
0.0
220
0.0
230
1.0
0
LWPOLYLINE
5
8D
330
17
100
AcDbEntity
67
0
8
Add_Red
62
256
6
ByLayer
370
-1
48
1.0
60
0
100
AcDbPolyline
90
7
70
0
38
0.0
39
0.0
10
31.864665
20
18.330128
40
0.0
41
0.0
42
0.0
10
31.864665
20
20.330128
40
0.0
41
0.0
42
0.0
10
30.132614
20
21.330128
40
0.0
41
0.0
42
0.0
10
28.400563
20
20.330128
40
0.0
41
0.0
42
0.0
10
28.400563
20
18.330128
40
0.0
41
0.0
42
0.0
10
30.132614
20
17.330128
40
0.0
41
0.0
42
0.0
10
31.864665
20
18.330128
40
0.0
41
0.0
42
0.0
210
0.0
220
0.0
230
1.0
0
LWPOLYLINE
5
8E
330
17
100
AcDbEntity
67
0
8
Add_Red
62
256
6
ByLayer
370
-1
48
1.0
60
0
100
AcDbPolyline
90
7
70
0
38
0.0
39
0.0
10
27.400563
20
18.330128
40
0.0
41
0.0
42
0.0
10
27.400563
20
20.330128
40
0.0
41
0.0
42
0.0
10
25.668512
20
21.330128
40
0.0
41
0.0
42
0.0
10
23.936463
20
20.330128
40
0.0
41
0.0
42
0.0
10
23.936463
20
18.330128
40
0.0
41
0.0
42
0.0
10
25.668512
20
17.330128
40
0.0
41
0.0
42
0.0
10
27.400563
20
18.330128
40
0.0
41
0.0
42
0.0
210
0.0
220
0.0
230
1.0
0
LWPOLYLINE
5
8F
330
17
100
AcDbEntity
67
0
8
Add_Red
62
256
6
ByLayer
370
-1
48
1.0
60
0
100
AcDbPolyline
90
7
70
0
38
0.0
39
0.0
10
22.936463
20
18.330128
40
0.0
41
0.0
42
0.0
10
22.936463
20
20.330128
40
0.0
41
0.0
42
0.0
10
21.204412
20
21.330128
40
0.0
41
0.0
42
0.0
10
19.472361
20
20.330128
40
0.0
41
0.0
42
0.0
10
19.472361
20
18.330128
40
0.0
41
0.0
42
0.0
10
21.204412
20
17.330128
40
0.0
41
0.0
42
0.0
10
22.936463
20
18.330128
40
0.0
41
0.0
42
0.0
210
0.0
220
0.0
230
1.0
0
LWPOLYLINE
5
90
330
17
100
AcDbEntity
67
0
8
Add_Red
62
256
6
ByLayer
370
-1
48
1.0
60
0
100
AcDbPolyline
90
9
70
0
38
0.0
39
0.0
10
18.472361
20
18.330128
40
0.0
41
0.0
42
0.0
10
18.472361
20
20.330128
40
0.0
41
0.0
42
0.0
10
16.740311
20
21.330128
40
0.0
41
0.0
42
0.0
10
15.00826
20
20.330128
40
0.0
41
0.0
42
0.0
10
15.00826
20
18.441197
40
0.0
41
0.0
42
0.0
10
15.563445
20
18.597996
40
0.0
41
0.0
42
0.0
10
15.820013
20
17.861462
40
0.0
41
0.0
42
0.0
10
16.740311
20
17.330128
40
0.0
41
0.0
42
0.0
10
18.472361
20
18.330128
40
0.0
41
0.0
42
0.0
210
0.0
220
0.0
230
1.0
0
LWPOLYLINE
5
91
330
17
100
AcDbEntity
67
0
8
Add_Red
62
256
6
ByLayer
370
-1
48
1.0
60
0
100
AcDbPolyline
90
8
70
0
38
0.0
39
0.0
10
13.427233
20
17.994672
40
0.0
41
0.0
42
0.0
10
14.00826
20
18.330128
40
0.0
41
0.0
42
0.0
10
14.00826
20
20.330128
40
0.0
41
0.0
42
0.0
10
12.27621
20
21.330128
40
0.0
41
0.0
42
0.0
10
10.544159
20
20.330128
40
0.0
41
0.0
42
0.0
10
10.544159
20
18.330128
40
0.0
41
0.0
42
0.0
10
11.881382
20
17.558082
40
0.0
41
0.0
42
0.0
10
13.427233
20
17.994672
40
0.0
41
0.0
42
0.0
210
0.0
220
0.0
230
1.0
0
LWPOLYLINE
5
92
330
17
100
AcDbEntity
67
0
8
Add_Red
62
256
6
ByLayer
370
-1
48
1.0
60
0
100
AcDbPolyline
90
7
70
0
38
0.0
39
0.0
10
9.54416
20
18.330128
40
0.0
41
0.0
42
0.0
10
9.54416
20
20.330128
40
0.0
41
0.0
42
0.0
10
7.812109
20
21.330128
40
0.0
41
0.0
42
0.0
10
6.080058
20
20.330128
40
0.0
41
0.0
42
0.0
10
6.080058
20
18.330128
40
0.0
41
0.0
42
0.0
10
7.812109
20
17.330128
40
0.0
41
0.0
42
0.0
10
9.54416
20
18.330128
40
0.0
41
0.0
42
0.0
210
0.0
220
0.0
230
1.0
0
LWPOLYLINE
5
93
330
17
100
AcDbEntity
67
0
8
Add_Red
62
256
6
ByLayer
370
-1
48
1.0
60
0
100
AcDbPolyline
90
6
70
0
38
0.0
39
0.0
10
5.080058
20
18.330128
40
0.0
41
0.0
42
0.0
10
5.080058
20
20.330128
40
0.0
41
0.0
42
0.0
10
3.348007
20
21.330128
40
0.0
41
0.0
42
0.0
10
2.504875
20
20.843345
40
0.0
41
0.0
42
0.0
10
3.961898
20
17.684558
40
0.0
41
0.0
42
0.0
10
5.080058
20
18.330128
40
0.0
41
0.0
42
0.0
210
0.0
220
0.0
230
1.0
0
LWPOLYLINE
5
94
330
17
100
AcDbEntity
67
0
8
Add_Red
62
256
6
ByLayer
370
-1
48
1.0
60
0
100
AcDbPolyline
90
5
70
0
38
0.0
39
0.0
10
42.581606
20
20.785507
40
0.0
41
0.0
42
0.0
10
41.792866
20
20.330128
40
0.0
41
0.0
42
0.0
10
41.792866
20
18.330128
40
0.0
41
0.0
42
0.0
10
43.278766
20
17.472243
40
0.0
41
0.0
42
0.0
10
42.581606
20
20.785507
40
0.0
41
0.0
42
0.0
210
0.0
220
0.0
230
1.0
0
LWPOLYLINE
5
95
330
17
100
AcDbEntity
67
0
8
Add_Red
62
256
6
ByLayer
370
-1
48
1.0
60
0
100
AcDbPolyline
90
7
70
0
38
0.0
39
0.0
10
43.024923
20
14.464102
40
0.0
41
0.0
42
0.0
10
43.024923
20
16.464103
40
0.0
41
0.0
42
0.0
10
41.292872
20
17.464103
40
0.0
41
0.0
42
0.0
10
39.560821
20
16.464103
40
0.0
41
0.0
42
0.0
10
39.560821
20
14.464102
40
0.0
41
0.0
42
0.0
10
41.292872
20
13.464102
40
0.0
41
0.0
42
0.0
10
43.024923
20
14.464102
40
0.0
41
0.0
42
0.0
210
0.0
220
0.0
230
1.0
0
LWPOLYLINE
5
96
330
17
100
AcDbEntity
67
0
8
Add_Red
62
256
6
ByLayer
370
-1
48
1.0
60
0
100
AcDbPolyline
90
7
70
0
38
0.0
39
0.0
10
38.560821
20
14.464102
40
0.0
41
0.0
42
0.0
10
38.560821
20
16.464103
40
0.0
41
0.0
42
0.0
10
36.828771
20
17.464103
40
0.0
41
0.0
42
0.0
10
35.096721
20
16.464103
40
0.0
41
0.0
42
0.0
10
35.096721
20
14.464102
40
0.0
41
0.0
42
0.0
10
36.828771
20
13.464102
40
0.0
41
0.0
42
0.0
10
38.560821
20
14.464102
40
0.0
41
0.0
42
0.0
210
0.0
220
0.0
230
1.0
0
LWPOLYLINE
5
97
330
17
100
AcDbEntity
67
0
8
Add_Red
62
256
6
ByLayer
370
-1
48
1.0
60
0
100
AcDbPolyline
90
7
70
0
38
0.0
39
0.0
10
34.096721
20
14.464102
40
0.0
41
0.0
42
0.0
10
34.096721
20
16.464103
40
0.0
41
0.0
42
0.0
10
32.36467
20
17.464103
40
0.0
41
0.0
42
0.0
10
30.632619
20
16.464103
40
0.0
41
0.0
42
0.0
10
30.632619
20
14.464102
40
0.0
41
0.0
42
0.0
10
32.36467
20
13.464102
40
0.0
41
0.0
42
0.0
10
34.096721
20
14.464102
40
0.0
41
0.0
42
0.0
210
0.0
220
0.0
230
1.0
0
LWPOLYLINE
5
98
330
17
100
AcDbEntity
67
0
8
Add_Red
62
256
6
ByLayer
370
-1
48
1.0
60
0
100
AcDbPolyline
90
7
70
0
38
0.0
39
0.0
10
29.63262
20
14.464102
40
0.0
41
0.0
42
0.0
10
29.63262
20
16.464103
40
0.0
41
0.0
42
0.0
10
27.900569
20
17.464103
40
0.0
41
0.0
42
0.0
10
26.168518
20
16.464103
40
0.0
41
0.0
42
0.0
10
26.168518
20
14.464102
40
0.0
41
0.0
42
0.0
10
27.900569
20
13.464102
40
0.0
41
0.0
42
0.0
10
29.63262
20
14.464102
40
0.0
41
0.0
42
0.0
210
0.0
220
0.0
230
1.0
0
LWPOLYLINE
5
99
330
17
100
AcDbEntity
67
0
8
Add_Red
62
256
6
ByLayer
370
-1
48
1.0
60
0
100
AcDbPolyline
90
7
70
0
38
0.0
39
0.0
10
25.168518
20
14.464102
40
0.0
41
0.0
42
0.0
10
25.168518
20
16.464103
40
0.0
41
0.0
42
0.0
10
23.436468
20
17.464103
40
0.0
41
0.0
42
0.0
10
21.704418
20
16.464103
40
0.0
41
0.0
42
0.0
10
21.704418
20
14.464102
40
0.0
41
0.0
42
0.0
10
23.436468
20
13.464102
40
0.0
41
0.0
42
0.0
10
25.168518
20
14.464102
40
0.0
41
0.0
42
0.0
210
0.0
220
0.0
230
1.0
0
LWPOLYLINE
5
9A
330
17
100
AcDbEntity
67
0
8
Add_Red
62
256
6
ByLayer
370
-1
48
1.0
60
0
100
AcDbPolyline
90
7
70
0
38
0.0
39
0.0
10
20.704418
20
14.464102
40
0.0
41
0.0
42
0.0
10
20.704418
20
16.464103
40
0.0
41
0.0
42
0.0
10
18.972367
20
17.464103
40
0.0
41
0.0
42
0.0
10
17.240316
20
16.464103
40
0.0
41
0.0
42
0.0
10
17.240316
20
14.464102
40
0.0
41
0.0
42
0.0
10
18.972367
20
13.464102
40
0.0
41
0.0
42
0.0
10
20.704418
20
14.464102
40
0.0
41
0.0
42
0.0
210
0.0
220
0.0
230
1.0
0
LWPOLYLINE
5
9B
330
17
100
AcDbEntity
67
0
8
Add_Red
62
256
6
ByLayer
370
-1
48
1.0
60
0
100
AcDbPolyline
90
4
70
0
38
0.0
39
0.0
10
10.538364
20
17.178777
40
0.0
41
0.0
42
0.0
10
10.044165
20
17.464103
40
0.0
41
0.0
42
0.0
10
8.603446
20
16.632304
40
0.0
41
0.0
42
0.0
10
10.538364
20
17.178777
40
0.0
41
0.0
42
0.0
210
0.0
220
0.0
230
1.0
0
LWPOLYLINE
5
9C
330
17
100
AcDbEntity
67
0
8
Add_Red
62
256
6
ByLayer
370
-1
48
1.0
60
0
100
AcDbPolyline
90
6
70
0
38
0.0
39
0.0
10
7.312115
20
16.267597
40
0.0
41
0.0
42
0.0
10
7.312115
20
16.464103
40
0.0
41
0.0
42
0.0
10
5.580064
20
17.464103
40
0.0
41
0.0
42
0.0
10
4.382506
20
16.772692
40
0.0
41
0.0
42
0.0
10
4.926293
20
15.593776
40
0.0
41
0.0
42
0.0
10
7.312115
20
16.267597
40
0.0
41
0.0
42
0.0
210
0.0
220
0.0
230
1.0
0
LWPOLYLINE
5
9D
330
17
100
AcDbEntity
67
0
8
Add_Red
62
256
6
ByLayer
370
-1
48
1.0
60
0
100
AcDbPolyline
90
7
70
0
38
0.0
39
0.0
10
44.782799
20
10.324296
40
0.0
41
0.0
42
0.0
10
44.17263
20
13.224137
40
0.0
41
0.0
42
0.0
10
43.524949
20
13.598076
40
0.0
41
0.0
42
0.0
10
41.792898
20
12.598076
40
0.0
41
0.0
42
0.0
10
41.792898
20
10.598076
40
0.0
41
0.0
42
0.0
10
43.524949
20
9.598076
40
0.0
41
0.0
42
0.0
10
44.782799
20
10.324296
40
0.0
41
0.0
42
0.0
210
0.0
220
0.0
230
1.0
0
LWPOLYLINE
5
9E
330
17
100
AcDbEntity
67
0
8
Add_Red
62
256
6
ByLayer
370
-1
48
1.0
60
0
100
AcDbPolyline
90
7
70
0
38
0.0
39
0.0
10
40.792899
20
10.598076
40
0.0
41
0.0
42
0.0
10
40.792899
20
12.598076
40
0.0
41
0.0
42
0.0
10
39.060848
20
13.598076
40
0.0
41
0.0
42
0.0
10
37.328797
20
12.598076
40
0.0
41
0.0
42
0.0
10
37.328797
20
10.598076
40
0.0
41
0.0
42
0.0
10
39.060848
20
9.598076
40
0.0
41
0.0
42
0.0
10
40.792899
20
10.598076
40
0.0
41
0.0
42
0.0
210
0.0
220
0.0
230
1.0
0
LWPOLYLINE
5
9F
330
17
100
AcDbEntity
67
0
8
Add_Red
62
256
6
ByLayer
370
-1
48
1.0
60
0
100
AcDbPolyline
90
7
70
0
38
0.0
39
0.0
10
36.328797
20
10.598076
40
0.0
41
0.0
42
0.0
10
36.328797
20
12.598076
40
0.0
41
0.0
42
0.0
10
34.596748
20
13.598076
40
0.0
41
0.0
42
0.0
10
32.864697
20
12.598076
40
0.0
41
0.0
42
0.0
10
32.864697
20
10.598076
40
0.0
41
0.0
42
0.0
10
34.596748
20
9.598076
40
0.0
41
0.0
42
0.0
10
36.328797
20
10.598076
40
0.0
41
0.0
42
0.0
210
0.0
220
0.0
230
1.0
0
LWPOLYLINE
5
A0
330
17
100
AcDbEntity
67
0
8
Add_Red
62
256
6
ByLayer
370
-1
48
1.0
60
0
100
AcDbPolyline
90
7
70
0
38
0.0
39
0.0
10
31.864697
20
10.598076
40
0.0
41
0.0
42
0.0
10
31.864697
20
12.598076
40
0.0
41
0.0
42
0.0
10
30.132646
20
13.598076
40
0.0
41
0.0
42
0.0
10
28.400595
20
12.598076
40
0.0
41
0.0
42
0.0
10
28.400595
20
10.598076
40
0.0
41
0.0
42
0.0
10
30.132646
20
9.598076
40
0.0
41
0.0
42
0.0
10
31.864697
20
10.598076
40
0.0
41
0.0
42
0.0
210
0.0
220
0.0
230
1.0
0
LWPOLYLINE
5
A1
330
17
100
AcDbEntity
67
0
8
Add_Red
62
256
6
ByLayer
370
-1
48
1.0
60
0
100
AcDbPolyline
90
7
70
0
38
0.0
39
0.0
10
27.400596
20
10.598076
40
0.0
41
0.0
42
0.0
10
27.400596
20
12.598076
40
0.0
41
0.0
42
0.0
10
25.668545
20
13.598076
40
0.0
41
0.0
42
0.0
10
23.936495
20
12.598076
40
0.0
41
0.0
42
0.0
10
23.936495
20
10.598076
40
0.0
41
0.0
42
0.0
10
25.668545
20
9.598076
40
0.0
41
0.0
42
0.0
10
27.400596
20
10.598076
40
0.0
41
0.0
42
0.0
210
0.0
220
0.0
230
1.0
0
LWPOLYLINE
5
A2
330
17
100
AcDbEntity
67
0
8
Add_Red
62
256
6
ByLayer
370
-1
48
1.0
60
0
100
AcDbPolyline
90
7
70
0
38
0.0
39
0.0
10
22.936495
20
10.598076
40
0.0
41
0.0
42
0.0
10
22.936495
20
12.598076
40
0.0
41
0.0
42
0.0
10
21.204444
20
13.598076
40
0.0
41
0.0
42
0.0
10
19.472393
20
12.598076
40
0.0
41
0.0
42
0.0
10
19.472393
20
10.598076
40
0.0
41
0.0
42
0.0
10
21.204444
20
9.598076
40
0.0
41
0.0
42
0.0
10
22.936495
20
10.598076
40
0.0
41
0.0
42
0.0
210
0.0
220
0.0
230
1.0
0
LWPOLYLINE
5
A3
330
17
100
AcDbEntity
67
0
8
Add_Red
62
256
6
ByLayer
370
-1
48
1.0
60
0
100
AcDbPolyline
90
5
70
0
38
0.0
39
0.0
10
18.472394
20
10.598076
40
0.0
41
0.0
42
0.0
10
18.472394
20
12.598076
40
0.0
41
0.0
42
0.0
10
17.447331
20
13.189896
40
0.0
41
0.0
42
0.0
10
18.370643
20
10.53933
40
0.0
41
0.0
42
0.0
10
18.472394
20
10.598076
40
0.0
41
0.0
42
0.0
210
0.0
220
0.0
230
1.0
0
LWPOLYLINE
5
A4
330
17
100
AcDbEntity
67
0
8
Add_Red
62
256
6
ByLayer
370
-1
48
1.0
60
0
100
AcDbPolyline
90
7
70
0
38
0.0
39
0.0
10
43.024955
20
6.732051
40
0.0
41
0.0
42
0.0
10
43.024955
20
8.732051
40
0.0
41
0.0
42
0.0
10
41.292904
20
9.732051
40
0.0
41
0.0
42
0.0
10
39.560854
20
8.732051
40
0.0
41
0.0
42
0.0
10
39.560854
20
6.732051
40
0.0
41
0.0
42
0.0
10
41.292904
20
5.732051
40
0.0
41
0.0
42
0.0
10
43.024955
20
6.732051
40
0.0
41
0.0
42
0.0
210
0.0
220
0.0
230
1.0
0
LWPOLYLINE
5
A5
330
17
100
AcDbEntity
67
0
8
Add_Red
62
256
6
ByLayer
370
-1
48
1.0
60
0
100
AcDbPolyline
90
7
70
0
38
0.0
39
0.0
10
38.560854
20
6.732051
40
0.0
41
0.0
42
0.0
10
38.560854
20
8.732051
40
0.0
41
0.0
42
0.0
10
36.828803
20
9.732051
40
0.0
41
0.0
42
0.0
10
35.096753
20
8.732051
40
0.0
41
0.0
42
0.0
10
35.096753
20
6.732051
40
0.0
41
0.0
42
0.0
10
36.828803
20
5.732051
40
0.0
41
0.0
42
0.0
10
38.560854
20
6.732051
40
0.0
41
0.0
42
0.0
210
0.0
220
0.0
230
1.0
0
LWPOLYLINE
5
A6
330
17
100
AcDbEntity
67
0
8
Add_Red
62
256
6
ByLayer
370
-1
48
1.0
60
0
100
AcDbPolyline
90
7
70
0
38
0.0
39
0.0
10
34.096753
20
6.732051
40
0.0
41
0.0
42
0.0
10
34.096753
20
8.732051
40
0.0
41
0.0
42
0.0
10
32.364703
20
9.732051
40
0.0
41
0.0
42
0.0
10
30.632652
20
8.732051
40
0.0
41
0.0
42
0.0
10
30.632652
20
6.732051
40
0.0
41
0.0
42
0.0
10
32.364703
20
5.732051
40
0.0
41
0.0
42
0.0
10
34.096753
20
6.732051
40
0.0
41
0.0
42
0.0
210
0.0
220
0.0
230
1.0
0
LWPOLYLINE
5
A7
330
17
100
AcDbEntity
67
0
8
Add_Red
62
256
6
ByLayer
370
-1
48
1.0
60
0
100
AcDbPolyline
90
7
70
0
38
0.0
39
0.0
10
29.632652
20
6.732051
40
0.0
41
0.0
42
0.0
10
29.632652
20
8.732051
40
0.0
41
0.0
42
0.0
10
27.900601
20
9.732051
40
0.0
41
0.0
42
0.0
10
26.16855
20
8.732051
40
0.0
41
0.0
42
0.0
10
26.16855
20
6.732051
40
0.0
41
0.0
42
0.0
10
27.900601
20
5.732051
40
0.0
41
0.0
42
0.0
10
29.632652
20
6.732051
40
0.0
41
0.0
42
0.0
210
0.0
220
0.0
230
1.0
0
LWPOLYLINE
5
A8
330
17
100
AcDbEntity
67
0
8
Add_Red
62
256
6
ByLayer
370
-1
48
1.0
60
0
100
AcDbPolyline
90
7
70
0
38
0.0
39
0.0
10
25.168551
20
6.732051
40
0.0
41
0.0
42
0.0
10
25.168551
20
8.732051
40
0.0
41
0.0
42
0.0
10
23.436501
20
9.732051
40
0.0
41
0.0
42
0.0
10
21.70445
20
8.732051
40
0.0
41
0.0
42
0.0
10
21.70445
20
6.732051
40
0.0
41
0.0
42
0.0
10
23.436501
20
5.732051
40
0.0
41
0.0
42
0.0
10
25.168551
20
6.732051
40
0.0
41
0.0
42
0.0
210
0.0
220
0.0
230
1.0
0
LWPOLYLINE
5
A9
330
17
100
AcDbEntity
67
0
8
Add_Red
62
256
6
ByLayer
370
-1
48
1.0
60
0
100
AcDbPolyline
90
7
70
0
38
0.0
39
0.0
10
20.70445
20
6.732051
40
0.0
41
0.0
42
0.0
10
20.70445
20
8.732051
40
0.0
41
0.0
42
0.0
10
18.972399
20
9.732051
40
0.0
41
0.0
42
0.0
10
17.240349
20
8.732051
40
0.0
41
0.0
42
0.0
10
17.240349
20
6.732051
40
0.0
41
0.0
42
0.0
10
18.972399
20
5.732051
40
0.0
41
0.0
42
0.0
10
20.70445
20
6.732051
40
0.0
41
0.0
42
0.0
210
0.0
220
0.0
230
1.0
0
LWPOLYLINE
5
AA
330
17
100
AcDbEntity
67
0
8
Add_Red
62
256
6
ByLayer
370
-1
48
1.0
60
0
100
AcDbPolyline
90
7
70
0
38
0.0
39
0.0
10
46.372914
20
6.087646
40
0.0
41
0.0
42
0.0
10
45.033553
20
9.132584
40
0.0
41
0.0
42
0.0
10
44.999447
20
9.294674
40
0.0
41
0.0
42
0.0
10
44.024955
20
8.732051
40
0.0
41
0.0
42
0.0
10
44.024955
20
6.732051
40
0.0
41
0.0
42
0.0
10
45.757006
20
5.732051
40
0.0
41
0.0
42
0.0
10
46.372914
20
6.087646
40
0.0
41
0.0
42
0.0
210
0.0
220
0.0
230
1.0
0
LWPOLYLINE
5
AB
330
17
100
AcDbEntity
67
0
8
Add_Red
62
256
6
ByLayer
370
-1
48
1.0
60
0
100
AcDbPolyline
90
7
70
0
38
0.0
39
0.0
10
16.240349
20
6.732051
40
0.0
41
0.0
42
0.0
10
16.240349
20
8.732051
40
0.0
41
0.0
42
0.0
10
15.483969
20
9.168747
40
0.0
41
0.0
42
0.0
10
12.776248
20
8.330036
40
0.0
41
0.0
42
0.0
10
12.776248
20
6.732051
40
0.0
41
0.0
42
0.0
10
14.508298
20
5.732051
40
0.0
41
0.0
42
0.0
10
16.240349
20
6.732051
40
0.0
41
0.0
42
0.0
210
0.0
220
0.0
230
1.0
0
LWPOLYLINE
5
AC
330
17
100
AcDbEntity
67
0
8
Add_Red
62
256
6
ByLayer
370
-1
48
1.0
60
0
100
AcDbPolyline
90
6
70
0
38
0.0
39
0.0
10
11.776248
20
6.732051
40
0.0
41
0.0
42
0.0
10
11.776248
20
8.020288
40
0.0
41
0.0
42
0.0
10
8.904106
20
7.130647
40
0.0
41
0.0
42
0.0
10
9.301235
20
6.161001
40
0.0
41
0.0
42
0.0
10
10.044198
20
5.732051
40
0.0
41
0.0
42
0.0
10
11.776248
20
6.732051
40
0.0
41
0.0
42
0.0
210
0.0
220
0.0
230
1.0
0
LWPOLYLINE
5
AD
330
17
100
AcDbEntity
67
0
8
Add_Red
62
256
6
ByLayer
370
-1
48
1.0
60
0
100
AcDbPolyline
90
7
70
0
38
0.0
39
0.0
10
45.257033
20
2.866025
40
0.0
41
0.0
42
0.0
10
45.257033
20
4.866025
40
0.0
41
0.0
42
0.0
10
43.524982
20
5.866025
40
0.0
41
0.0
42
0.0
10
41.792931
20
4.866025
40
0.0
41
0.0
42
0.0
10
41.792931
20
2.866025
40
0.0
41
0.0
42
0.0
10
43.524982
20
1.866025
40
0.0
41
0.0
42
0.0
10
45.257033
20
2.866025
40
0.0
41
0.0
42
0.0
210
0.0
220
0.0
230
1.0
0
LWPOLYLINE
5
AE
330
17
100
AcDbEntity
67
0
8
Add_Red
62
256
6
ByLayer
370
-1
48
1.0
60
0
100
AcDbPolyline
90
7
70
0
38
0.0
39
0.0
10
40.792931
20
2.866025
40
0.0
41
0.0
42
0.0
10
40.792931
20
4.866025
40
0.0
41
0.0
42
0.0
10
39.06088
20
5.866025
40
0.0
41
0.0
42
0.0
10
37.32883
20
4.866025
40
0.0
41
0.0
42
0.0
10
37.32883
20
2.866025
40
0.0
41
0.0
42
0.0
10
39.06088
20
1.866025
40
0.0
41
0.0
42
0.0
10
40.792931
20
2.866025
40
0.0
41
0.0
42
0.0
210
0.0
220
0.0
230
1.0
0
LWPOLYLINE
5
AF
330
17
100
AcDbEntity
67
0
8
Add_Red
62
256
6
ByLayer
370
-1
48
1.0
60
0
100
AcDbPolyline
90
7
70
0
38
0.0
39
0.0
10
36.32883
20
2.866025
40
0.0
41
0.0
42
0.0
10
36.32883
20
4.866025
40
0.0
41
0.0
42
0.0
10
34.59678
20
5.866025
40
0.0
41
0.0
42
0.0
10
32.864729
20
4.866025
40
0.0
41
0.0
42
0.0
10
32.864729
20
2.866025
40
0.0
41
0.0
42
0.0
10
34.59678
20
1.866025
40
0.0
41
0.0
42
0.0
10
36.32883
20
2.866025
40
0.0
41
0.0
42
0.0
210
0.0
220
0.0
230
1.0
0
LWPOLYLINE
5
B0
330
17
100
AcDbEntity
67
0
8
Add_Red
62
256
6
ByLayer
370
-1
48
1.0
60
0
100
AcDbPolyline
90
7
70
0
38
0.0
39
0.0
10
31.864729
20
2.866025
40
0.0
41
0.0
42
0.0
10
31.864729
20
4.866025
40
0.0
41
0.0
42
0.0
10
30.132679
20
5.866025
40
0.0
41
0.0
42
0.0
10
28.400628
20
4.866025
40
0.0
41
0.0
42
0.0
10
28.400628
20
2.866025
40
0.0
41
0.0
42
0.0
10
30.132679
20
1.866025
40
0.0
41
0.0
42
0.0
10
31.864729
20
2.866025
40
0.0
41
0.0
42
0.0
210
0.0
220
0.0
230
1.0
0
LWPOLYLINE
5
B1
330
17
100
AcDbEntity
67
0
8
Add_Red
62
256
6
ByLayer
370
-1
48
1.0
60
0
100
AcDbPolyline
90
7
70
0
38
0.0
39
0.0
10
27.400628
20
2.866025
40
0.0
41
0.0
42
0.0
10
27.400628
20
4.866025
40
0.0
41
0.0
42
0.0
10
25.668577
20
5.866025
40
0.0
41
0.0
42
0.0
10
23.936527
20
4.866025
40
0.0
41
0.0
42
0.0
10
23.936527
20
2.866025
40
0.0
41
0.0
42
0.0
10
25.668577
20
1.866025
40
0.0
41
0.0
42
0.0
10
27.400628
20
2.866025
40
0.0
41
0.0
42
0.0
210
0.0
220
0.0
230
1.0
0
LWPOLYLINE
5
B2
330
17
100
AcDbEntity
67
0
8
Add_Red
62
256
6
ByLayer
370
-1
48
1.0
60
0
100
AcDbPolyline
90
7
70
0
38
0.0
39
0.0
10
22.936528
20
2.866025
40
0.0
41
0.0
42
0.0
10
22.936528
20
4.866025
40
0.0
41
0.0
42
0.0
10
21.204477
20
5.866025
40
0.0
41
0.0
42
0.0
10
19.472426
20
4.866025
40
0.0
41
0.0
42
0.0
10
19.472426
20
2.866025
40
0.0
41
0.0
42
0.0
10
21.204477
20
1.866025
40
0.0
41
0.0
42
0.0
10
22.936528
20
2.866025
40
0.0
41
0.0
42
0.0
210
0.0
220
0.0
230
1.0
0
LWPOLYLINE
5
B3
330
17
100
AcDbEntity
67
0
8
Add_Red
62
256
6
ByLayer
370
-1
48
1.0
60
0
100
AcDbPolyline
90
7
70
0
38
0.0
39
0.0
10
18.472426
20
2.866025
40
0.0
41
0.0
42
0.0
10
18.472426
20
4.866025
40
0.0
41
0.0
42
0.0
10
16.740375
20
5.866025
40
0.0
41
0.0
42
0.0
10
15.008325
20
4.866025
40
0.0
41
0.0
42
0.0
10
15.008325
20
2.866025
40
0.0
41
0.0
42
0.0
10
16.740375
20
1.866025
40
0.0
41
0.0
42
0.0
10
18.472426
20
2.866025
40
0.0
41
0.0
42
0.0
210
0.0
220
0.0
230
1.0
0
LWPOLYLINE
5
B4
330
17
100
AcDbEntity
67
0
8
Add_Red
62
256
6
ByLayer
370
-1
48
1.0
60
0
100
AcDbPolyline
90
8
70
0
38
0.0
39
0.0
10
14.008325
20
2.866025
40
0.0
41
0.0
42
0.0
10
14.008325
20
4.866025
40
0.0
41
0.0
42
0.0
10
12.276275
20
5.866025
40
0.0
41
0.0
42
0.0
10
10.544224
20
4.866025
40
0.0
41
0.0
42
0.0
10
10.544224
20
3.126067
40
0.0
41
0.0
42
0.0
10
10.68371
20
2.785493
40
0.0
41
0.0
42
0.0
10
12.276275
20
1.866025
40
0.0
41
0.0
42
0.0
10
14.008325
20
2.866025
40
0.0
41
0.0
42
0.0
210
0.0
220
0.0
230
1.0
0
LWPOLYLINE
5
B5
330
17
100
AcDbEntity
67
0
8
Add_Red
62
256
6
ByLayer
370
-1
48
1.0
60
0
100
AcDbPolyline
90
6
70
0
38
0.0
39
0.0
10
48.181094
20
1.976882
40
0.0
41
0.0
42
0.0
10
46.777967
20
5.166787
40
0.0
41
0.0
42
0.0
10
46.257032
20
4.866025
40
0.0
41
0.0
42
0.0
10
46.257032
20
2.866025
40
0.0
41
0.0
42
0.0
10
47.989083
20
1.866025
40
0.0
41
0.0
42
0.0
10
48.181094
20
1.976882
40
0.0
41
0.0
42
0.0
210
0.0
220
0.0
230
1.0
0
LWPOLYLINE
5
B6
330
17
100
AcDbEntity
67
0
8
Add_Red
62
256
6
ByLayer
370
-1
48
1.0
60
0
100
AcDbPolyline
90
7
70
0
38
0.0
39
0.0
10
47.489089
20
-1.0
40
0.0
41
0.0
42
0.0
10
47.489089
20
1.0
40
0.0
41
0.0
42
0.0
10
45.757038
20
2.0
40
0.0
41
0.0
42
0.0
10
44.024987
20
1.0
40
0.0
41
0.0
42
0.0
10
44.024987
20
-1.0
40
0.0
41
0.0
42
0.0
10
45.757038
20
-2.0
40
0.0
41
0.0
42
0.0
10
47.489089
20
-1.0
40
0.0
41
0.0
42
0.0
210
0.0
220
0.0
230
1.0
0
LWPOLYLINE
5
B7
330
17
100
AcDbEntity
67
0
8
Add_Red
62
256
6
ByLayer
370
-1
48
1.0
60
0
100
AcDbPolyline
90
7
70
0
38
0.0
39
0.0
10
43.024988
20
-1.0
40
0.0
41
0.0
42
0.0
10
43.024988
20
1.0
40
0.0
41
0.0
42
0.0
10
41.292937
20
2.0
40
0.0
41
0.0
42
0.0
10
39.560886
20
1.0
40
0.0
41
0.0
42
0.0
10
39.560886
20
-1.0
40
0.0
41
0.0
42
0.0
10
41.292937
20
-2.0
40
0.0
41
0.0
42
0.0
10
43.024988
20
-1.0
40
0.0
41
0.0
42
0.0
210
0.0
220
0.0
230
1.0
0
LWPOLYLINE
5
B8
330
17
100
AcDbEntity
67
0
8
Add_Red
62
256
6
ByLayer
370
-1
48
1.0
60
0
100
AcDbPolyline
90
7
70
0
38
0.0
39
0.0
10
38.560886
20
-1.0
40
0.0
41
0.0
42
0.0
10
38.560886
20
1.0
40
0.0
41
0.0
42
0.0
10
36.828835
20
2.0
40
0.0
41
0.0
42
0.0
10
35.096786
20
1.0
40
0.0
41
0.0
42
0.0
10
35.096786
20
-1.0
40
0.0
41
0.0
42
0.0
10
36.828835
20
-2.0
40
0.0
41
0.0
42
0.0
10
38.560886
20
-1.0
40
0.0
41
0.0
42
0.0
210
0.0
220
0.0
230
1.0
0
LWPOLYLINE
5
B9
330
17
100
AcDbEntity
67
0
8
Add_Red
62
256
6
ByLayer
370
-1
48
1.0
60
0
100
AcDbPolyline
90
7
70
0
38
0.0
39
0.0
10
34.096786
20
-1.0
40
0.0
41
0.0
42
0.0
10
34.096786
20
1.0
40
0.0
41
0.0
42
0.0
10
32.364735
20
2.0
40
0.0
41
0.0
42
0.0
10
30.632684
20
1.0
40
0.0
41
0.0
42
0.0
10
30.632684
20
-1.0
40
0.0
41
0.0
42
0.0
10
32.364735
20
-2.0
40
0.0
41
0.0
42
0.0
10
34.096786
20
-1.0
40
0.0
41
0.0
42
0.0
210
0.0
220
0.0
230
1.0
0
LWPOLYLINE
5
BA
330
17
100
AcDbEntity
67
0
8
Add_Red
62
256
6
ByLayer
370
-1
48
1.0
60
0
100
AcDbPolyline
90
7
70
0
38
0.0
39
0.0
10
29.632684
20
-1.0
40
0.0
41
0.0
42
0.0
10
29.632684
20
1.0
40
0.0
41
0.0
42
0.0
10
27.900634
20
2.0
40
0.0
41
0.0
42
0.0
10
26.168583
20
1.0
40
0.0
41
0.0
42
0.0
10
26.168583
20
-1.0
40
0.0
41
0.0
42
0.0
10
27.900634
20
-2.0
40
0.0
41
0.0
42
0.0
10
29.632684
20
-1.0
40
0.0
41
0.0
42
0.0
210
0.0
220
0.0
230
1.0
0
LWPOLYLINE
5
BB
330
17
100
AcDbEntity
67
0
8
Add_Red
62
256
6
ByLayer
370
-1
48
1.0
60
0
100
AcDbPolyline
90
7
70
0
38
0.0
39
0.0
10
25.168583
20
-1.0
40
0.0
41
0.0
42
0.0
10
25.168583
20
1.0
40
0.0
41
0.0
42
0.0
10
23.436533
20
2.0
40
0.0
41
0.0
42
0.0
10
21.704482
20
1.0
40
0.0
41
0.0
42
0.0
10
21.704482
20
-1.0
40
0.0
41
0.0
42
0.0
10
23.436533
20
-2.0
40
0.0
41
0.0
42
0.0
10
25.168583
20
-1.0
40
0.0
41
0.0
42
0.0
210
0.0
220
0.0
230
1.0
0
LWPOLYLINE
5
BC
330
17
100
AcDbEntity
67
0
8
Add_Red
62
256
6
ByLayer
370
-1
48
1.0
60
0
100
AcDbPolyline
90
7
70
0
38
0.0
39
0.0
10
20.704483
20
-1.0
40
0.0
41
0.0
42
0.0
10
20.704483
20
1.0
40
0.0
41
0.0
42
0.0
10
18.972432
20
2.0
40
0.0
41
0.0
42
0.0
10
17.240381
20
1.0
40
0.0
41
0.0
42
0.0
10
17.240381
20
-1.0
40
0.0
41
0.0
42
0.0
10
18.972432
20
-2.0
40
0.0
41
0.0
42
0.0
10
20.704483
20
-1.0
40
0.0
41
0.0
42
0.0
210
0.0
220
0.0
230
1.0
0
LWPOLYLINE
5
BD
330
17
100
AcDbEntity
67
0
8
Add_Red
62
256
6
ByLayer
370
-1
48
1.0
60
0
100
AcDbPolyline
90
7
70
0
38
0.0
39
0.0
10
16.240381
20
-1.0
40
0.0
41
0.0
42
0.0
10
16.240381
20
1.0
40
0.0
41
0.0
42
0.0
10
14.50833
20
2.0
40
0.0
41
0.0
42
0.0
10
12.776281
20
1.0
40
0.0
41
0.0
42
0.0
10
12.776281
20
-1.0
40
0.0
41
0.0
42
0.0
10
14.50833
20
-2.0
40
0.0
41
0.0
42
0.0
10
16.240381
20
-1.0
40
0.0
41
0.0
42
0.0
210
0.0
220
0.0
230
1.0
0
LWPOLYLINE
5
BE
330
17
100
AcDbEntity
67
0
8
Add_Red
62
256
6
ByLayer
370
-1
48
1.0
60
0
100
AcDbPolyline
90
4
70
0
38
0.0
39
0.0
10
11.776281
20
1.0
40
0.0
41
0.0
42
0.0
10
11.303086
20
1.273199
40
0.0
41
0.0
42
0.0
10
11.776281
20
0.117826
40
0.0
41
0.0
42
0.0
10
11.776281
20
1.0
40
0.0
41
0.0
42
0.0
210
0.0
220
0.0
230
1.0
0
LWPOLYLINE
5
BF
330
17
100
AcDbEntity
67
0
8
Add_Red
62
256
6
ByLayer
370
-1
48
1.0
60
0
100
AcDbPolyline
90
5
70
0
38
0.0
39
0.0
10
48.586142
20
1.056034
40
0.0
41
0.0
42
0.0
10
48.489089
20
1.0
40
0.0
41
0.0
42
0.0
10
48.489089
20
-1.0
40
0.0
41
0.0
42
0.0
10
49.831409
20
-1.774989
40
0.0
41
0.0
42
0.0
10
48.586142
20
1.056034
40
0.0
41
0.0
42
0.0
210
0.0
220
0.0
230
1.0
0
LWPOLYLINE
5
C0
330
17
100
AcDbEntity
67
0
8
Add_Red
62
256
6
ByLayer
370
-1
48
1.0
60
0
100
AcDbPolyline
90
7
70
0
38
0.0
39
0.0
10
49.721165
20
-4.866025
40
0.0
41
0.0
42
0.0
10
49.721165
20
-2.866025
40
0.0
41
0.0
42
0.0
10
47.989116
20
-1.866025
40
0.0
41
0.0
42
0.0
10
46.257065
20
-2.866025
40
0.0
41
0.0
42
0.0
10
46.257065
20
-4.866025
40
0.0
41
0.0
42
0.0
10
47.989116
20
-5.866025
40
0.0
41
0.0
42
0.0
10
49.721165
20
-4.866025
40
0.0
41
0.0
42
0.0
210
0.0
220
0.0
230
1.0
0
LWPOLYLINE
5
C1
330
17
100
AcDbEntity
67
0
8
Add_Red
62
256
6
ByLayer
370
-1
48
1.0
60
0
100
AcDbPolyline
90
7
70
0
38
0.0
39
0.0
10
45.257065
20
-4.866025
40
0.0
41
0.0
42
0.0
10
45.257065
20
-2.866025
40
0.0
41
0.0
42
0.0
10
43.525014
20
-1.866025
40
0.0
41
0.0
42
0.0
10
41.792963
20
-2.866025
40
0.0
41
0.0
42
0.0
10
41.792963
20
-4.866025
40
0.0
41
0.0
42
0.0
10
43.525014
20
-5.866025
40
0.0
41
0.0
42
0.0
10
45.257065
20
-4.866025
40
0.0
41
0.0
42
0.0
210
0.0
220
0.0
230
1.0
0
LWPOLYLINE
5
C2
330
17
100
AcDbEntity
67
0
8
Add_Red
62
256
6
ByLayer
370
-1
48
1.0
60
0
100
AcDbPolyline
90
7
70
0
38
0.0
39
0.0
10
40.792964
20
-4.866025
40
0.0
41
0.0
42
0.0
10
40.792964
20
-2.866025
40
0.0
41
0.0
42
0.0
10
39.060913
20
-1.866025
40
0.0
41
0.0
42
0.0
10
37.328862
20
-2.866025
40
0.0
41
0.0
42
0.0
10
37.328862
20
-4.866025
40
0.0
41
0.0
42
0.0
10
39.060913
20
-5.866025
40
0.0
41
0.0
42
0.0
10
40.792964
20
-4.866025
40
0.0
41
0.0
42
0.0
210
0.0
220
0.0
230
1.0
0
LWPOLYLINE
5
C3
330
17
100
AcDbEntity
67
0
8
Add_Red
62
256
6
ByLayer
370
-1
48
1.0
60
0
100
AcDbPolyline
90
7
70
0
38
0.0
39
0.0
10
36.328862
20
-4.866025
40
0.0
41
0.0
42
0.0
10
36.328862
20
-2.866025
40
0.0
41
0.0
42
0.0
10
34.596813
20
-1.866025
40
0.0
41
0.0
42
0.0
10
32.864762
20
-2.866025
40
0.0
41
0.0
42
0.0
10
32.864762
20
-4.866025
40
0.0
41
0.0
42
0.0
10
34.596813
20
-5.866025
40
0.0
41
0.0
42
0.0
10
36.328862
20
-4.866025
40
0.0
41
0.0
42
0.0
210
0.0
220
0.0
230
1.0
0
LWPOLYLINE
5
C4
330
17
100
AcDbEntity
67
0
8
Add_Red
62
256
6
ByLayer
370
-1
48
1.0
60
0
100
AcDbPolyline
90
7
70
0
38
0.0
39
0.0
10
31.864762
20
-4.866025
40
0.0
41
0.0
42
0.0
10
31.864762
20
-2.866025
40
0.0
41
0.0
42
0.0
10
30.132711
20
-1.866025
40
0.0
41
0.0
42
0.0
10
28.40066
20
-2.866025
40
0.0
41
0.0
42
0.0
10
28.40066
20
-4.866025
40
0.0
41
0.0
42
0.0
10
30.132711
20
-5.866025
40
0.0
41
0.0
42
0.0
10
31.864762
20
-4.866025
40
0.0
41
0.0
42
0.0
210
0.0
220
0.0
230
1.0
0
LWPOLYLINE
5
C5
330
17
100
AcDbEntity
67
0
8
Add_Red
62
256
6
ByLayer
370
-1
48
1.0
60
0
100
AcDbPolyline
90
7
70
0
38
0.0
39
0.0
10
27.40066
20
-4.866025
40
0.0
41
0.0
42
0.0
10
27.40066
20
-2.866025
40
0.0
41
0.0
42
0.0
10
25.66861
20
-1.866025
40
0.0
41
0.0
42
0.0
10
23.93656
20
-2.866025
40
0.0
41
0.0
42
0.0
10
23.93656
20
-4.866025
40
0.0
41
0.0
42
0.0
10
25.66861
20
-5.866025
40
0.0
41
0.0
42
0.0
10
27.40066
20
-4.866025
40
0.0
41
0.0
42
0.0
210
0.0
220
0.0
230
1.0
0
LWPOLYLINE
5
C6
330
17
100
AcDbEntity
67
0
8
Add_Red
62
256
6
ByLayer
370
-1
48
1.0
60
0
100
AcDbPolyline
90
7
70
0
38
0.0
39
0.0
10
22.93656
20
-4.866025
40
0.0
41
0.0
42
0.0
10
22.93656
20
-2.866025
40
0.0
41
0.0
42
0.0
10
21.204509
20
-1.866025
40
0.0
41
0.0
42
0.0
10
19.472458
20
-2.866025
40
0.0
41
0.0
42
0.0
10
19.472458
20
-4.866025
40
0.0
41
0.0
42
0.0
10
21.204509
20
-5.866025
40
0.0
41
0.0
42
0.0
10
22.93656
20
-4.866025
40
0.0
41
0.0
42
0.0
210
0.0
220
0.0
230
1.0
0
LWPOLYLINE
5
C7
330
17
100
AcDbEntity
67
0
8
Add_Red
62
256
6
ByLayer
370
-1
48
1.0
60
0
100
AcDbPolyline
90
7
70
0
38
0.0
39
0.0
10
18.472459
20
-4.866025
40
0.0
41
0.0
42
0.0
10
18.472459
20
-2.866025
40
0.0
41
0.0
42
0.0
10
16.740408
20
-1.866025
40
0.0
41
0.0
42
0.0
10
15.008357
20
-2.866025
40
0.0
41
0.0
42
0.0
10
15.008357
20
-4.866025
40
0.0
41
0.0
42
0.0
10
16.740408
20
-5.866025
40
0.0
41
0.0
42
0.0
10
18.472459
20
-4.866025
40
0.0
41
0.0
42
0.0
210
0.0
220
0.0
230
1.0
0
LWPOLYLINE
5
C8
330
17
100
AcDbEntity
67
0
8
Add_Red
62
256
6
ByLayer
370
-1
48
1.0
60
0
100
AcDbPolyline
90
5
70
0
38
0.0
39
0.0
10
14.008357
20
-4.866025
40
0.0
41
0.0
42
0.0
10
14.008357
20
-2.866025
40
0.0
41
0.0
42
0.0
10
12.68556
20
-2.102307
40
0.0
41
0.0
42
0.0
10
13.853975
20
-4.955157
40
0.0
41
0.0
42
0.0
10
14.008357
20
-4.866025
40
0.0
41
0.0
42
0.0
210
0.0
220
0.0
230
1.0
0
LWPOLYLINE
5
C9
330
17
100
AcDbEntity
67
0
8
Add_Red
62
256
6
ByLayer
370
-1
48
1.0
60
0
100
AcDbPolyline
90
4
70
0
38
0.0
39
0.0
10
50.721165
20
-3.696471
40
0.0
41
0.0
42
0.0
10
50.721165
20
-4.866025
40
0.0
41
0.0
42
0.0
10
51.824855
20
-5.50324
40
0.0
41
0.0
42
0.0
10
50.721165
20
-3.696471
40
0.0
41
0.0
42
0.0
210
0.0
220
0.0
230
1.0
0
LWPOLYLINE
5
CA
330
17
100
AcDbEntity
67
0
8
Add_Red
62
256
6
ByLayer
370
-1
48
1.0
60
0
100
AcDbPolyline
90
7
70
0
38
0.0
39
0.0
10
51.953222
20
-8.732051
40
0.0
41
0.0
42
0.0
10
51.953222
20
-6.732051
40
0.0
41
0.0
42
0.0
10
50.221171
20
-5.732051
40
0.0
41
0.0
42
0.0
10
48.489121
20
-6.732051
40
0.0
41
0.0
42
0.0
10
48.489121
20
-8.732051
40
0.0
41
0.0
42
0.0
10
50.221171
20
-9.732051
40
0.0
41
0.0
42
0.0
10
51.953222
20
-8.732051
40
0.0
41
0.0
42
0.0
210
0.0
220
0.0
230
1.0
0
LWPOLYLINE
5
CB
330
17
100
AcDbEntity
67
0
8
Add_Red
62
256
6
ByLayer
370
-1
48
1.0
60
0
100
AcDbPolyline
90
7
70
0
38
0.0
39
0.0
10
47.489121
20
-8.732051
40
0.0
41
0.0
42
0.0
10
47.489121
20
-6.732051
40
0.0
41
0.0
42
0.0
10
45.757071
20
-5.732051
40
0.0
41
0.0
42
0.0
10
44.02502
20
-6.732051
40
0.0
41
0.0
42
0.0
10
44.02502
20
-8.732051
40
0.0
41
0.0
42
0.0
10
45.757071
20
-9.732051
40
0.0
41
0.0
42
0.0
10
47.489121
20
-8.732051
40
0.0
41
0.0
42
0.0
210
0.0
220
0.0
230
1.0
0
LWPOLYLINE
5
CC
330
17
100
AcDbEntity
67
0
8
Add_Red
62
256
6
ByLayer
370
-1
48
1.0
60
0
100
AcDbPolyline
90
7
70
0
38
0.0
39
0.0
10
43.02502
20
-8.732051
40
0.0
41
0.0
42
0.0
10
43.02502
20
-6.732051
40
0.0
41
0.0
42
0.0
10
41.292969
20
-5.732051
40
0.0
41
0.0
42
0.0
10
39.560918
20
-6.732051
40
0.0
41
0.0
42
0.0
10
39.560918
20
-8.732051
40
0.0
41
0.0
42
0.0
10
41.292969
20
-9.732051
40
0.0
41
0.0
42
0.0
10
43.02502
20
-8.732051
40
0.0
41
0.0
42
0.0
210
0.0
220
0.0
230
1.0
0
LWPOLYLINE
5
CD
330
17
100
AcDbEntity
67
0
8
Add_Red
62
256
6
ByLayer
370
-1
48
1.0
60
0
100
AcDbPolyline
90
7
70
0
38
0.0
39
0.0
10
38.560919
20
-8.732051
40
0.0
41
0.0
42
0.0
10
38.560919
20
-6.732051
40
0.0
41
0.0
42
0.0
10
36.828868
20
-5.732051
40
0.0
41
0.0
42
0.0
10
35.096818
20
-6.732051
40
0.0
41
0.0
42
0.0
10
35.096818
20
-8.732051
40
0.0
41
0.0
42
0.0
10
36.828868
20
-9.732051
40
0.0
41
0.0
42
0.0
10
38.560919
20
-8.732051
40
0.0
41
0.0
42
0.0
210
0.0
220
0.0
230
1.0
0
LWPOLYLINE
5
CE
330
17
100
AcDbEntity
67
0
8
Add_Red
62
256
6
ByLayer
370
-1
48
1.0
60
0
100
AcDbPolyline
90
7
70
0
38
0.0
39
0.0
10
34.096818
20
-8.732051
40
0.0
41
0.0
42
0.0
10
34.096818
20
-6.732051
40
0.0
41
0.0
42
0.0
10
32.364767
20
-5.732051
40
0.0
41
0.0
42
0.0
10
30.632717
20
-6.732051
40
0.0
41
0.0
42
0.0
10
30.632717
20
-8.732051
40
0.0
41
0.0
42
0.0
10
32.364767
20
-9.732051
40
0.0
41
0.0
42
0.0
10
34.096818
20
-8.732051
40
0.0
41
0.0
42
0.0
210
0.0
220
0.0
230
1.0
0
LWPOLYLINE
5
CF
330
17
100
AcDbEntity
67
0
8
Add_Red
62
256
6
ByLayer
370
-1
48
1.0
60
0
100
AcDbPolyline
90
7
70
0
38
0.0
39
0.0
10
29.632717
20
-8.732051
40
0.0
41
0.0
42
0.0
10
29.632717
20
-6.732051
40
0.0
41
0.0
42
0.0
10
27.900666
20
-5.732051
40
0.0
41
0.0
42
0.0
10
26.168615
20
-6.732051
40
0.0
41
0.0
42
0.0
10
26.168615
20
-8.732051
40
0.0
41
0.0
42
0.0
10
27.900666
20
-9.732051
40
0.0
41
0.0
42
0.0
10
29.632717
20
-8.732051
40
0.0
41
0.0
42
0.0
210
0.0
220
0.0
230
1.0
0
LWPOLYLINE
5
D0
330
17
100
AcDbEntity
67
0
8
Add_Red
62
256
6
ByLayer
370
-1
48
1.0
60
0
100
AcDbPolyline
90
7
70
0
38
0.0
39
0.0
10
25.168616
20
-8.732051
40
0.0
41
0.0
42
0.0
10
25.168616
20
-6.732051
40
0.0
41
0.0
42
0.0
10
23.436566
20
-5.732051
40
0.0
41
0.0
42
0.0
10
21.704515
20
-6.732051
40
0.0
41
0.0
42
0.0
10
21.704515
20
-8.732051
40
0.0
41
0.0
42
0.0
10
23.436566
20
-9.732051
40
0.0
41
0.0
42
0.0
10
25.168616
20
-8.732051
40
0.0
41
0.0
42
0.0
210
0.0
220
0.0
230
1.0
0
LWPOLYLINE
5
D1
330
17
100
AcDbEntity
67
0
8
Add_Red
62
256
6
ByLayer
370
-1
48
1.0
60
0
100
AcDbPolyline
90
7
70
0
38
0.0
39
0.0
10
20.704515
20
-8.732051
40
0.0
41
0.0
42
0.0
10
20.704515
20
-6.732051
40
0.0
41
0.0
42
0.0
10
18.972464
20
-5.732051
40
0.0
41
0.0
42
0.0
10
17.240413
20
-6.732051
40
0.0
41
0.0
42
0.0
10
17.240413
20
-8.732051
40
0.0
41
0.0
42
0.0
10
18.972464
20
-9.732051
40
0.0
41
0.0
42
0.0
10
20.704515
20
-8.732051
40
0.0
41
0.0
42
0.0
210
0.0
220
0.0
230
1.0
0
LWPOLYLINE
5
D2
330
17
100
AcDbEntity
67
0
8
Add_Red
62
256
6
ByLayer
370
-1
48
1.0
60
0
100
AcDbPolyline
90
6
70
0
38
0.0
39
0.0
10
16.240414
20
-8.732051
40
0.0
41
0.0
42
0.0
10
16.240414
20
-6.732051
40
0.0
41
0.0
42
0.0
10
14.508363
20
-5.732051
40
0.0
41
0.0
42
0.0
10
14.236455
20
-5.889037
40
0.0
41
0.0
42
0.0
10
15.561401
20
-9.124079
40
0.0
41
0.0
42
0.0
10
16.240414
20
-8.732051
40
0.0
41
0.0
42
0.0
210
0.0
220
0.0
230
1.0
0
LWPOLYLINE
5
D3
330
17
100
AcDbEntity
67
0
8
Add_Red
62
256
6
ByLayer
370
-1
48
1.0
60
0
100
AcDbPolyline
90
4
70
0
38
0.0
39
0.0
10
52.953222
20
-7.350407
40
0.0
41
0.0
42
0.0
10
52.953222
20
-8.732051
40
0.0
41
0.0
42
0.0
10
54.257058
20
-9.484822
40
0.0
41
0.0
42
0.0
10
52.953222
20
-7.350407
40
0.0
41
0.0
42
0.0
210
0.0
220
0.0
230
1.0
0
LWPOLYLINE
5
D4
330
17
100
AcDbEntity
67
0
8
Add_Red
62
256
6
ByLayer
370
-1
48
1.0
60
0
100
AcDbPolyline
90
7
70
0
38
0.0
39
0.0
10
54.185299
20
-12.598076
40
0.0
41
0.0
42
0.0
10
54.185299
20
-10.598076
40
0.0
41
0.0
42
0.0
10
52.453248
20
-9.598076
40
0.0
41
0.0
42
0.0
10
50.721198
20
-10.598076
40
0.0
41
0.0
42
0.0
10
50.721198
20
-12.598076
40
0.0
41
0.0
42
0.0
10
52.453248
20
-13.598076
40
0.0
41
0.0
42
0.0
10
54.185299
20
-12.598076
40
0.0
41
0.0
42
0.0
210
0.0
220
0.0
230
1.0
0
LWPOLYLINE
5
D5
330
17
100
AcDbEntity
67
0
8
Add_Red
62
256
6
ByLayer
370
-1
48
1.0
60
0
100
AcDbPolyline
90
7
70
0
38
0.0
39
0.0
10
49.721198
20
-12.598076
40
0.0
41
0.0
42
0.0
10
49.721198
20
-10.598076
40
0.0
41
0.0
42
0.0
10
47.989148
20
-9.598076
40
0.0
41
0.0
42
0.0
10
46.257097
20
-10.598076
40
0.0
41
0.0
42
0.0
10
46.257097
20
-12.598076
40
0.0
41
0.0
42
0.0
10
47.989148
20
-13.598076
40
0.0
41
0.0
42
0.0
10
49.721198
20
-12.598076
40
0.0
41
0.0
42
0.0
210
0.0
220
0.0
230
1.0
0
LWPOLYLINE
5
D6
330
17
100
AcDbEntity
67
0
8
Add_Red
62
256
6
ByLayer
370
-1
48
1.0
60
0
100
AcDbPolyline
90
7
70
0
38
0.0
39
0.0
10
45.257097
20
-12.598076
40
0.0
41
0.0
42
0.0
10
45.257097
20
-10.598076
40
0.0
41
0.0
42
0.0
10
43.525047
20
-9.598076
40
0.0
41
0.0
42
0.0
10
41.792996
20
-10.598076
40
0.0
41
0.0
42
0.0
10
41.792996
20
-12.598076
40
0.0
41
0.0
42
0.0
10
43.525047
20
-13.598076
40
0.0
41
0.0
42
0.0
10
45.257097
20
-12.598076
40
0.0
41
0.0
42
0.0
210
0.0
220
0.0
230
1.0
0
LWPOLYLINE
5
D7
330
17
100
AcDbEntity
67
0
8
Add_Red
62
256
6
ByLayer
370
-1
48
1.0
60
0
100
AcDbPolyline
90
7
70
0
38
0.0
39
0.0
10
40.792996
20
-12.598076
40
0.0
41
0.0
42
0.0
10
40.792996
20
-10.598076
40
0.0
41
0.0
42
0.0
10
39.060945
20
-9.598076
40
0.0
41
0.0
42
0.0
10
37.328894
20
-10.598076
40
0.0
41
0.0
42
0.0
10
37.328894
20
-12.598076
40
0.0
41
0.0
42
0.0
10
39.060945
20
-13.598076
40
0.0
41
0.0
42
0.0
10
40.792996
20
-12.598076
40
0.0
41
0.0
42
0.0
210
0.0
220
0.0
230
1.0
0
LWPOLYLINE
5
D8
330
17
100
AcDbEntity
67
0
8
Add_Red
62
256
6
ByLayer
370
-1
48
1.0
60
0
100
AcDbPolyline
90
7
70
0
38
0.0
39
0.0
10
36.328895
20
-12.598076
40
0.0
41
0.0
42
0.0
10
36.328895
20
-10.598076
40
0.0
41
0.0
42
0.0
10
34.596845
20
-9.598076
40
0.0
41
0.0
42
0.0
10
32.864794
20
-10.598076
40
0.0
41
0.0
42
0.0
10
32.864794
20
-12.598076
40
0.0
41
0.0
42
0.0
10
34.596845
20
-13.598076
40
0.0
41
0.0
42
0.0
10
36.328895
20
-12.598076
40
0.0
41
0.0
42
0.0
210
0.0
220
0.0
230
1.0
0
LWPOLYLINE
5
D9
330
17
100
AcDbEntity
67
0
8
Add_Red
62
256
6
ByLayer
370
-1
48
1.0
60
0
100
AcDbPolyline
90
7
70
0
38
0.0
39
0.0
10
31.864794
20
-12.598076
40
0.0
41
0.0
42
0.0
10
31.864794
20
-10.598076
40
0.0
41
0.0
42
0.0
10
30.132743
20
-9.598076
40
0.0
41
0.0
42
0.0
10
28.400693
20
-10.598076
40
0.0
41
0.0
42
0.0
10
28.400693
20
-12.598076
40
0.0
41
0.0
42
0.0
10
30.132743
20
-13.598076
40
0.0
41
0.0
42
0.0
10
31.864794
20
-12.598076
40
0.0
41
0.0
42
0.0
210
0.0
220
0.0
230
1.0
0
LWPOLYLINE
5
DA
330
17
100
AcDbEntity
67
0
8
Add_Red
62
256
6
ByLayer
370
-1
48
1.0
60
0
100
AcDbPolyline
90
7
70
0
38
0.0
39
0.0
10
27.400693
20
-12.598076
40
0.0
41
0.0
42
0.0
10
27.400693
20
-10.598076
40
0.0
41
0.0
42
0.0
10
25.668642
20
-9.598076
40
0.0
41
0.0
42
0.0
10
23.936592
20
-10.598076
40
0.0
41
0.0
42
0.0
10
23.936592
20
-12.598076
40
0.0
41
0.0
42
0.0
10
25.668642
20
-13.598076
40
0.0
41
0.0
42
0.0
10
27.400693
20
-12.598076
40
0.0
41
0.0
42
0.0
210
0.0
220
0.0
230
1.0
0
LWPOLYLINE
5
DB
330
17
100
AcDbEntity
67
0
8
Add_Red
62
256
6
ByLayer
370
-1
48
1.0
60
0
100
AcDbPolyline
90
7
70
0
38
0.0
39
0.0
10
22.936592
20
-12.598076
40
0.0
41
0.0
42
0.0
10
22.936592
20
-10.598076
40
0.0
41
0.0
42
0.0
10
21.204542
20
-9.598076
40
0.0
41
0.0
42
0.0
10
19.472491
20
-10.598076
40
0.0
41
0.0
42
0.0
10
19.472491
20
-12.598076
40
0.0
41
0.0
42
0.0
10
21.204542
20
-13.598076
40
0.0
41
0.0
42
0.0
10
22.936592
20
-12.598076
40
0.0
41
0.0
42
0.0
210
0.0
220
0.0
230
1.0
0
LWPOLYLINE
5
DC
330
17
100
AcDbEntity
67
0
8
Add_Red
62
256
6
ByLayer
370
-1
48
1.0
60
0
100
AcDbPolyline
90
6
70
0
38
0.0
39
0.0
10
18.472491
20
-12.598076
40
0.0
41
0.0
42
0.0
10
18.472491
20
-10.598076
40
0.0
41
0.0
42
0.0
10
16.74044
20
-9.598076
40
0.0
41
0.0
42
0.0
10
15.943885
20
-10.057967
40
0.0
41
0.0
42
0.0
10
17.268831
20
-13.293009
40
0.0
41
0.0
42
0.0
10
18.472491
20
-12.598076
40
0.0
41
0.0
42
0.0
210
0.0
220
0.0
230
1.0
0
LWPOLYLINE
5
DD
330
17
100
AcDbEntity
67
0
8
Add_Red
62
256
6
ByLayer
370
-1
48
1.0
60
0
100
AcDbPolyline
90
5
70
0
38
0.0
39
0.0
10
55.408263
20
-11.369374
40
0.0
41
0.0
42
0.0
10
55.185299
20
-11.004376
40
0.0
41
0.0
42
0.0
10
55.185299
20
-12.598076
40
0.0
41
0.0
42
0.0
10
56.304153
20
-13.244047
40
0.0
41
0.0
42
0.0
10
55.408263
20
-11.369374
40
0.0
41
0.0
42
0.0
210
0.0
220
0.0
230
1.0
0
LWPOLYLINE
5
DE
330
17
100
AcDbEntity
67
0
8
Add_Red
62
256
6
ByLayer
370
-1
48
1.0
60
0
100
AcDbPolyline
90
7
70
0
38
0.0
39
0.0
10
56.417356
20
-16.464103
40
0.0
41
0.0
42
0.0
10
56.417356
20
-14.464102
40
0.0
41
0.0
42
0.0
10
54.685305
20
-13.464102
40
0.0
41
0.0
42
0.0
10
52.953254
20
-14.464102
40
0.0
41
0.0
42
0.0
10
52.953254
20
-16.464103
40
0.0
41
0.0
42
0.0
10
54.685305
20
-17.464103
40
0.0
41
0.0
42
0.0
10
56.417356
20
-16.464103
40
0.0
41
0.0
42
0.0
210
0.0
220
0.0
230
1.0
0
LWPOLYLINE
5
DF
330
17
100
AcDbEntity
67
0
8
Add_Red
62
256
6
ByLayer
370
-1
48
1.0
60
0
100
AcDbPolyline
90
7
70
0
38
0.0
39
0.0
10
51.953254
20
-16.464103
40
0.0
41
0.0
42
0.0
10
51.953254
20
-14.464102
40
0.0
41
0.0
42
0.0
10
50.221203
20
-13.464102
40
0.0
41
0.0
42
0.0
10
48.489154
20
-14.464102
40
0.0
41
0.0
42
0.0
10
48.489154
20
-16.464103
40
0.0
41
0.0
42
0.0
10
50.221203
20
-17.464103
40
0.0
41
0.0
42
0.0
10
51.953254
20
-16.464103
40
0.0
41
0.0
42
0.0
210
0.0
220
0.0
230
1.0
0
LWPOLYLINE
5
E0
330
17
100
AcDbEntity
67
0
8
Add_Red
62
256
6
ByLayer
370
-1
48
1.0
60
0
100
AcDbPolyline
90
7
70
0
38
0.0
39
0.0
10
47.489154
20
-16.464103
40
0.0
41
0.0
42
0.0
10
47.489154
20
-14.464102
40
0.0
41
0.0
42
0.0
10
45.757103
20
-13.464102
40
0.0
41
0.0
42
0.0
10
44.025052
20
-14.464102
40
0.0
41
0.0
42
0.0
10
44.025052
20
-16.464103
40
0.0
41
0.0
42
0.0
10
45.757103
20
-17.464103
40
0.0
41
0.0
42
0.0
10
47.489154
20
-16.464103
40
0.0
41
0.0
42
0.0
210
0.0
220
0.0
230
1.0
0
LWPOLYLINE
5
E1
330
17
100
AcDbEntity
67
0
8
Add_Red
62
256
6
ByLayer
370
-1
48
1.0
60
0
100
AcDbPolyline
90
7
70
0
38
0.0
39
0.0
10
43.025053
20
-16.464103
40
0.0
41
0.0
42
0.0
10
43.025053
20
-14.464102
40
0.0
41
0.0
42
0.0
10
41.293002
20
-13.464102
40
0.0
41
0.0
42
0.0
10
39.560951
20
-14.464102
40
0.0
41
0.0
42
0.0
10
39.560951
20
-16.464103
40
0.0
41
0.0
42
0.0
10
41.293002
20
-17.464103
40
0.0
41
0.0
42
0.0
10
43.025053
20
-16.464103
40
0.0
41
0.0
42
0.0
210
0.0
220
0.0
230
1.0
0
LWPOLYLINE
5
E2
330
17
100
AcDbEntity
67
0
8
Add_Red
62
256
6
ByLayer
370
-1
48
1.0
60
0
100
AcDbPolyline
90
7
70
0
38
0.0
39
0.0
10
38.560951
20
-16.464103
40
0.0
41
0.0
42
0.0
10
38.560951
20
-14.464102
40
0.0
41
0.0
42
0.0
10
36.8289
20
-13.464102
40
0.0
41
0.0
42
0.0
10
35.09685
20
-14.464102
40
0.0
41
0.0
42
0.0
10
35.09685
20
-16.464103
40
0.0
41
0.0
42
0.0
10
36.8289
20
-17.464103
40
0.0
41
0.0
42
0.0
10
38.560951
20
-16.464103
40
0.0
41
0.0
42
0.0
210
0.0
220
0.0
230
1.0
0
LWPOLYLINE
5
E3
330
17
100
AcDbEntity
67
0
8
Add_Red
62
256
6
ByLayer
370
-1
48
1.0
60
0
100
AcDbPolyline
90
7
70
0
38
0.0
39
0.0
10
34.096851
20
-16.464103
40
0.0
41
0.0
42
0.0
10
34.096851
20
-14.464102
40
0.0
41
0.0
42
0.0
10
32.3648
20
-13.464102
40
0.0
41
0.0
42
0.0
10
30.632749
20
-14.464102
40
0.0
41
0.0
42
0.0
10
30.632749
20
-16.464103
40
0.0
41
0.0
42
0.0
10
32.3648
20
-17.464103
40
0.0
41
0.0
42
0.0
10
34.096851
20
-16.464103
40
0.0
41
0.0
42
0.0
210
0.0
220
0.0
230
1.0
0
LWPOLYLINE
5
E4
330
17
100
AcDbEntity
67
0
8
Add_Red
62
256
6
ByLayer
370
-1
48
1.0
60
0
100
AcDbPolyline
90
7
70
0
38
0.0
39
0.0
10
29.632749
20
-16.464103
40
0.0
41
0.0
42
0.0
10
29.632749
20
-14.464102
40
0.0
41
0.0
42
0.0
10
27.900698
20
-13.464102
40
0.0
41
0.0
42
0.0
10
26.168648
20
-14.464102
40
0.0
41
0.0
42
0.0
10
26.168648
20
-16.464103
40
0.0
41
0.0
42
0.0
10
27.900698
20
-17.464103
40
0.0
41
0.0
42
0.0
10
29.632749
20
-16.464103
40
0.0
41
0.0
42
0.0
210
0.0
220
0.0
230
1.0
0
LWPOLYLINE
5
E5
330
17
100
AcDbEntity
67
0
8
Add_Red
62
256
6
ByLayer
370
-1
48
1.0
60
0
100
AcDbPolyline
90
7
70
0
38
0.0
39
0.0
10
25.168648
20
-16.464103
40
0.0
41
0.0
42
0.0
10
25.168648
20
-14.464102
40
0.0
41
0.0
42
0.0
10
23.436598
20
-13.464102
40
0.0
41
0.0
42
0.0
10
21.704547
20
-14.464102
40
0.0
41
0.0
42
0.0
10
21.704547
20
-16.464103
40
0.0
41
0.0
42
0.0
10
23.436598
20
-17.464103
40
0.0
41
0.0
42
0.0
10
25.168648
20
-16.464103
40
0.0
41
0.0
42
0.0
210
0.0
220
0.0
230
1.0
0
LWPOLYLINE
5
E6
330
17
100
AcDbEntity
67
0
8
Add_Red
62
256
6
ByLayer
370
-1
48
1.0
60
0
100
AcDbPolyline
90
6
70
0
38
0.0
39
0.0
10
20.704548
20
-16.464103
40
0.0
41
0.0
42
0.0
10
20.704548
20
-14.464102
40
0.0
41
0.0
42
0.0
10
18.972497
20
-13.464102
40
0.0
41
0.0
42
0.0
10
17.651311
20
-14.226889
40
0.0
41
0.0
42
0.0
10
18.976257
20
-17.461932
40
0.0
41
0.0
42
0.0
10
20.704548
20
-16.464103
40
0.0
41
0.0
42
0.0
210
0.0
220
0.0
230
1.0
0
LWPOLYLINE
5
E7
330
17
100
AcDbEntity
67
0
8
Add_Red
62
256
6
ByLayer
370
-1
48
1.0
60
0
100
AcDbPolyline
90
4
70
0
38
0.0
39
0.0
10
57.417355
20
-15.573449
40
0.0
41
0.0
42
0.0
10
57.417355
20
-16.464103
40
0.0
41
0.0
42
0.0
10
58.005178
20
-16.803483
40
0.0
41
0.0
42
0.0
10
57.417355
20
-15.573449
40
0.0
41
0.0
42
0.0
210
0.0
220
0.0
230
1.0
0
LWPOLYLINE
5
E8
330
17
100
AcDbEntity
67
0
8
Add_Red
62
256
6
ByLayer
370
-1
48
1.0
60
0
100
AcDbPolyline
90
7
70
0
38
0.0
39
0.0
10
58.649433
20
-20.330128
40
0.0
41
0.0
42
0.0
10
58.649433
20
-18.330128
40
0.0
41
0.0
42
0.0
10
56.917382
20
-17.330128
40
0.0
41
0.0
42
0.0
10
55.185331
20
-18.330128
40
0.0
41
0.0
42
0.0
10
55.185331
20
-20.330128
40
0.0
41
0.0
42
0.0
10
56.917382
20
-21.330128
40
0.0
41
0.0
42
0.0
10
58.649433
20
-20.330128
40
0.0
41
0.0
42
0.0
210
0.0
220
0.0
230
1.0
0
LWPOLYLINE
5
E9
330
17
100
AcDbEntity
67
0
8
Add_Red
62
256
6
ByLayer
370
-1
48
1.0
60
0
100
AcDbPolyline
90
7
70
0
38
0.0
39
0.0
10
54.185332
20
-20.330128
40
0.0
41
0.0
42
0.0
10
54.185332
20
-18.330128
40
0.0
41
0.0
42
0.0
10
52.453281
20
-17.330128
40
0.0
41
0.0
42
0.0
10
50.72123
20
-18.330128
40
0.0
41
0.0
42
0.0
10
50.72123
20
-20.330128
40
0.0
41
0.0
42
0.0
10
52.453281
20
-21.330128
40
0.0
41
0.0
42
0.0
10
54.185332
20
-20.330128
40
0.0
41
0.0
42
0.0
210
0.0
220
0.0
230
1.0
0
LWPOLYLINE
5
EA
330
17
100
AcDbEntity
67
0
8
Add_Red
62
256
6
ByLayer
370
-1
48
1.0
60
0
100
AcDbPolyline
90
7
70
0
38
0.0
39
0.0
10
49.72123
20
-20.330128
40
0.0
41
0.0
42
0.0
10
49.72123
20
-18.330128
40
0.0
41
0.0
42
0.0
10
47.989181
20
-17.330128
40
0.0
41
0.0
42
0.0
10
46.25713
20
-18.330128
40
0.0
41
0.0
42
0.0
10
46.25713
20
-20.330128
40
0.0
41
0.0
42
0.0
10
47.989181
20
-21.330128
40
0.0
41
0.0
42
0.0
10
49.72123
20
-20.330128
40
0.0
41
0.0
42
0.0
210
0.0
220
0.0
230
1.0
0
LWPOLYLINE
5
EB
330
17
100
AcDbEntity
67
0
8
Add_Red
62
256
6
ByLayer
370
-1
48
1.0
60
0
100
AcDbPolyline
90
7
70
0
38
0.0
39
0.0
10
45.25713
20
-20.330128
40
0.0
41
0.0
42
0.0
10
45.25713
20
-18.330128
40
0.0
41
0.0
42
0.0
10
43.525079
20
-17.330128
40
0.0
41
0.0
42
0.0
10
41.793028
20
-18.330128
40
0.0
41
0.0
42
0.0
10
41.793028
20
-20.330128
40
0.0
41
0.0
42
0.0
10
43.525079
20
-21.330128
40
0.0
41
0.0
42
0.0
10
45.25713
20
-20.330128
40
0.0
41
0.0
42
0.0
210
0.0
220
0.0
230
1.0
0
LWPOLYLINE
5
EC
330
17
100
AcDbEntity
67
0
8
Add_Red
62
256
6
ByLayer
370
-1
48
1.0
60
0
100
AcDbPolyline
90
7
70
0
38
0.0
39
0.0
10
40.793029
20
-20.330128
40
0.0
41
0.0
42
0.0
10
40.793029
20
-18.330128
40
0.0
41
0.0
42
0.0
10
39.060978
20
-17.330128
40
0.0
41
0.0
42
0.0
10
37.328927
20
-18.330128
40
0.0
41
0.0
42
0.0
10
37.328927
20
-20.330128
40
0.0
41
0.0
42
0.0
10
39.060978
20
-21.330128
40
0.0
41
0.0
42
0.0
10
40.793029
20
-20.330128
40
0.0
41
0.0
42
0.0
210
0.0
220
0.0
230
1.0
0
LWPOLYLINE
5
ED
330
17
100
AcDbEntity
67
0
8
Add_Red
62
256
6
ByLayer
370
-1
48
1.0
60
0
100
AcDbPolyline
90
7
70
0
38
0.0
39
0.0
10
36.328927
20
-20.330128
40
0.0
41
0.0
42
0.0
10
36.328927
20
-18.330128
40
0.0
41
0.0
42
0.0
10
34.596877
20
-17.330128
40
0.0
41
0.0
42
0.0
10
32.864826
20
-18.330128
40
0.0
41
0.0
42
0.0
10
32.864826
20
-20.330128
40
0.0
41
0.0
42
0.0
10
34.596877
20
-21.330128
40
0.0
41
0.0
42
0.0
10
36.328927
20
-20.330128
40
0.0
41
0.0
42
0.0
210
0.0
220
0.0
230
1.0
0
LWPOLYLINE
5
EE
330
17
100
AcDbEntity
67
0
8
Add_Red
62
256
6
ByLayer
370
-1
48
1.0
60
0
100
AcDbPolyline
90
7
70
0
38
0.0
39
0.0
10
31.864827
20
-20.330128
40
0.0
41
0.0
42
0.0
10
31.864827
20
-18.330128
40
0.0
41
0.0
42
0.0
10
30.132776
20
-17.330128
40
0.0
41
0.0
42
0.0
10
28.400725
20
-18.330128
40
0.0
41
0.0
42
0.0
10
28.400725
20
-20.330128
40
0.0
41
0.0
42
0.0
10
30.132776
20
-21.330128
40
0.0
41
0.0
42
0.0
10
31.864827
20
-20.330128
40
0.0
41
0.0
42
0.0
210
0.0
220
0.0
230
1.0
0
LWPOLYLINE
5
EF
330
17
100
AcDbEntity
67
0
8
Add_Red
62
256
6
ByLayer
370
-1
48
1.0
60
0
100
AcDbPolyline
90
7
70
0
38
0.0
39
0.0
10
27.400725
20
-20.330128
40
0.0
41
0.0
42
0.0
10
27.400725
20
-18.330128
40
0.0
41
0.0
42
0.0
10
25.668674
20
-17.330128
40
0.0
41
0.0
42
0.0
10
23.936625
20
-18.330128
40
0.0
41
0.0
42
0.0
10
23.936625
20
-20.330128
40
0.0
41
0.0
42
0.0
10
25.668674
20
-21.330128
40
0.0
41
0.0
42
0.0
10
27.400725
20
-20.330128
40
0.0
41
0.0
42
0.0
210
0.0
220
0.0
230
1.0
0
LWPOLYLINE
5
F0
330
17
100
AcDbEntity
67
0
8
Add_Red
62
256
6
ByLayer
370
-1
48
1.0
60
0
100
AcDbPolyline
90
8
70
0
38
0.0
39
0.0
10
22.936625
20
-20.330128
40
0.0
41
0.0
42
0.0
10
22.936625
20
-18.330128
40
0.0
41
0.0
42
0.0
10
21.204574
20
-17.330128
40
0.0
41
0.0
42
0.0
10
19.472523
20
-18.330128
40
0.0
41
0.0
42
0.0
10
19.472523
20
-18.673635
40
0.0
41
0.0
42
0.0
10
20.361061
20
-20.843126
40
0.0
41
0.0
42
0.0
10
21.204574
20
-21.330128
40
0.0
41
0.0
42
0.0
10
22.936625
20
-20.330128
40
0.0
41
0.0
42
0.0
210
0.0
220
0.0
230
1.0
0
LWPOLYLINE
5
F1
330
17
100
AcDbEntity
67
0
8
Add_Red
62
256
6
ByLayer
370
-1
48
1.0
60
0
100
AcDbPolyline
90
4
70
0
38
0.0
39
0.0
10
59.649433
20
-20.244128
40
0.0
41
0.0
42
0.0
10
59.649433
20
-20.330128
40
0.0
41
0.0
42
0.0
10
59.706192
20
-20.362898
40
0.0
41
0.0
42
0.0
10
59.649433
20
-20.244128
40
0.0
41
0.0
42
0.0
210
0.0
220
0.0
230
1.0
0
LWPOLYLINE
5
F2
330
17
100
AcDbEntity
67
0
8
Add_Red
62
256
6
ByLayer
370
-1
48
1.0
60
0
100
AcDbPolyline
90
9
70
0
38
0.0
39
0.0
10
60.881489
20
-24.196153
40
0.0
41
0.0
42
0.0
10
60.881489
20
-23.313977
40
0.0
41
0.0
42
0.0
10
60.550554
20
-22.129746
40
0.0
41
0.0
42
0.0
10
60.468281
20
-21.957587
40
0.0
41
0.0
42
0.0
10
59.149439
20
-21.196153
40
0.0
41
0.0
42
0.0
10
57.417388
20
-22.196153
40
0.0
41
0.0
42
0.0
10
57.417388
20
-24.196153
40
0.0
41
0.0
42
0.0
10
59.149439
20
-25.196153
40
0.0
41
0.0
42
0.0
10
60.881489
20
-24.196153
40
0.0
41
0.0
42
0.0
210
0.0
220
0.0
230
1.0
0
LWPOLYLINE
5
F3
330
17
100
AcDbEntity
67
0
8
Add_Red
62
256
6
ByLayer
370
-1
48
1.0
60
0
100
AcDbPolyline
90
7
70
0
38
0.0
39
0.0
10
56.417388
20
-24.196153
40
0.0
41
0.0
42
0.0
10
56.417388
20
-22.196153
40
0.0
41
0.0
42
0.0
10
54.685337
20
-21.196153
40
0.0
41
0.0
42
0.0
10
52.953286
20
-22.196153
40
0.0
41
0.0
42
0.0
10
52.953286
20
-24.196153
40
0.0
41
0.0
42
0.0
10
54.685337
20
-25.196153
40
0.0
41
0.0
42
0.0
10
56.417388
20
-24.196153
40
0.0
41
0.0
42
0.0
210
0.0
220
0.0
230
1.0
0
LWPOLYLINE
5
F4
330
17
100
AcDbEntity
67
0
8
Add_Red
62
256
6
ByLayer
370
-1
48
1.0
60
0
100
AcDbPolyline
90
7
70
0
38
0.0
39
0.0
10
51.953287
20
-24.196153
40
0.0
41
0.0
42
0.0
10
51.953287
20
-22.196153
40
0.0
41
0.0
42
0.0
10
50.221236
20
-21.196153
40
0.0
41
0.0
42
0.0
10
48.489186
20
-22.196153
40
0.0
41
0.0
42
0.0
10
48.489186
20
-24.196153
40
0.0
41
0.0
42
0.0
10
50.221236
20
-25.196153
40
0.0
41
0.0
42
0.0
10
51.953287
20
-24.196153
40
0.0
41
0.0
42
0.0
210
0.0
220
0.0
230
1.0
0
LWPOLYLINE
5
F5
330
17
100
AcDbEntity
67
0
8
Add_Red
62
256
6
ByLayer
370
-1
48
1.0
60
0
100
AcDbPolyline
90
7
70
0
38
0.0
39
0.0
10
47.489186
20
-24.196153
40
0.0
41
0.0
42
0.0
10
47.489186
20
-22.196153
40
0.0
41
0.0
42
0.0
10
45.757135
20
-21.196153
40
0.0
41
0.0
42
0.0
10
44.025085
20
-22.196153
40
0.0
41
0.0
42
0.0
10
44.025085
20
-24.196153
40
0.0
41
0.0
42
0.0
10
45.757135
20
-25.196153
40
0.0
41
0.0
42
0.0
10
47.489186
20
-24.196153
40
0.0
41
0.0
42
0.0
210
0.0
220
0.0
230
1.0
0
LWPOLYLINE
5
F6
330
17
100
AcDbEntity
67
0
8
Add_Red
62
256
6
ByLayer
370
-1
48
1.0
60
0
100
AcDbPolyline
90
7
70
0
38
0.0
39
0.0
10
43.025085
20
-24.196153
40
0.0
41
0.0
42
0.0
10
43.025085
20
-22.196153
40
0.0
41
0.0
42
0.0
10
41.293034
20
-21.196153
40
0.0
41
0.0
42
0.0
10
39.560983
20
-22.196153
40
0.0
41
0.0
42
0.0
10
39.560983
20
-24.196153
40
0.0
41
0.0
42
0.0
10
41.293034
20
-25.196153
40
0.0
41
0.0
42
0.0
10
43.025085
20
-24.196153
40
0.0
41
0.0
42
0.0
210
0.0
220
0.0
230
1.0
0
LWPOLYLINE
5
F7
330
17
100
AcDbEntity
67
0
8
Add_Red
62
256
6
ByLayer
370
-1
48
1.0
60
0
100
AcDbPolyline
90
7
70
0
38
0.0
39
0.0
10
38.560984
20
-24.196153
40
0.0
41
0.0
42
0.0
10
38.560984
20
-22.196153
40
0.0
41
0.0
42
0.0
10
36.828933
20
-21.196153
40
0.0
41
0.0
42
0.0
10
35.096883
20
-22.196153
40
0.0
41
0.0
42
0.0
10
35.096883
20
-24.196153
40
0.0
41
0.0
42
0.0
10
36.828933
20
-25.196153
40
0.0
41
0.0
42
0.0
10
38.560984
20
-24.196153
40
0.0
41
0.0
42
0.0
210
0.0
220
0.0
230
1.0
0
LWPOLYLINE
5
F8
330
17
100
AcDbEntity
67
0
8
Add_Red
62
256
6
ByLayer
370
-1
48
1.0
60
0
100
AcDbPolyline
90
7
70
0
38
0.0
39
0.0
10
34.096883
20
-24.196153
40
0.0
41
0.0
42
0.0
10
34.096883
20
-22.196153
40
0.0
41
0.0
42
0.0
10
32.364832
20
-21.196153
40
0.0
41
0.0
42
0.0
10
30.632781
20
-22.196153
40
0.0
41
0.0
42
0.0
10
30.632781
20
-24.196153
40
0.0
41
0.0
42
0.0
10
32.364832
20
-25.196153
40
0.0
41
0.0
42
0.0
10
34.096883
20
-24.196153
40
0.0
41
0.0
42
0.0
210
0.0
220
0.0
230
1.0
0
LWPOLYLINE
5
F9
330
17
100
AcDbEntity
67
0
8
Add_Red
62
256
6
ByLayer
370
-1
48
1.0
60
0
100
AcDbPolyline
90
7
70
0
38
0.0
39
0.0
10
29.632782
20
-24.196153
40
0.0
41
0.0
42
0.0
10
29.632782
20
-22.196153
40
0.0
41
0.0
42
0.0
10
27.900731
20
-21.196153
40
0.0
41
0.0
42
0.0
10
26.16868
20
-22.196153
40
0.0
41
0.0
42
0.0
10
26.16868
20
-24.196153
40
0.0
41
0.0
42
0.0
10
27.900731
20
-25.196153
40
0.0
41
0.0
42
0.0
10
29.632782
20
-24.196153
40
0.0
41
0.0
42
0.0
210
0.0
220
0.0
230
1.0
0
LWPOLYLINE
5
FA
330
17
100
AcDbEntity
67
0
8
Add_Red
62
256
6
ByLayer
370
-1
48
1.0
60
0
100
AcDbPolyline
90
8
70
0
38
0.0
39
0.0
10
25.16868
20
-24.196153
40
0.0
41
0.0
42
0.0
10
25.16868
20
-22.196153
40
0.0
41
0.0
42
0.0
10
23.436631
20
-21.196153
40
0.0
41
0.0
42
0.0
10
21.70458
20
-22.196153
40
0.0
41
0.0
42
0.0
10
21.70458
20
-24.123517
40
0.0
41
0.0
42
0.0
10
21.743542
20
-24.218648
40
0.0
41
0.0
42
0.0
10
23.436631
20
-25.196153
40
0.0
41
0.0
42
0.0
10
25.16868
20
-24.196153
40
0.0
41
0.0
42
0.0
210
0.0
220
0.0
230
1.0
0
LWPOLYLINE
5
FB
330
17
100
AcDbEntity
67
0
8
Add_Red
62
256
6
ByLayer
370
-1
48
1.0
60
0
100
AcDbPolyline
90
7
70
0
38
0.0
39
0.0
10
58.649466
20
-28.062179
40
0.0
41
0.0
42
0.0
10
58.649466
20
-26.062179
40
0.0
41
0.0
42
0.0
10
56.917415
20
-25.062179
40
0.0
41
0.0
42
0.0
10
55.185364
20
-26.062179
40
0.0
41
0.0
42
0.0
10
55.185364
20
-28.062179
40
0.0
41
0.0
42
0.0
10
56.917415
20
-29.06218
40
0.0
41
0.0
42
0.0
10
58.649466
20
-28.062179
40
0.0
41
0.0
42
0.0
210
0.0
220
0.0
230
1.0
0
LWPOLYLINE
5
FC
330
17
100
AcDbEntity
67
0
8
Add_Red
62
256
6
ByLayer
370
-1
48
1.0
60
0
100
AcDbPolyline
90
7
70
0
38
0.0
39
0.0
10
54.185364
20
-28.062179
40
0.0
41
0.0
42
0.0
10
54.185364
20
-26.062179
40
0.0
41
0.0
42
0.0
10
52.453313
20
-25.062179
40
0.0
41
0.0
42
0.0
10
50.721262
20
-26.062179
40
0.0
41
0.0
42
0.0
10
50.721262
20
-28.062179
40
0.0
41
0.0
42
0.0
10
52.453313
20
-29.06218
40
0.0
41
0.0
42
0.0
10
54.185364
20
-28.062179
40
0.0
41
0.0
42
0.0
210
0.0
220
0.0
230
1.0
0
LWPOLYLINE
5
FD
330
17
100
AcDbEntity
67
0
8
Add_Red
62
256
6
ByLayer
370
-1
48
1.0
60
0
100
AcDbPolyline
90
7
70
0
38
0.0
39
0.0
10
49.721263
20
-28.062179
40
0.0
41
0.0
42
0.0
10
49.721263
20
-26.062179
40
0.0
41
0.0
42
0.0
10
47.989213
20
-25.062179
40
0.0
41
0.0
42
0.0
10
46.257162
20
-26.062179
40
0.0
41
0.0
42
0.0
10
46.257162
20
-28.062179
40
0.0
41
0.0
42
0.0
10
47.989213
20
-29.06218
40
0.0
41
0.0
42
0.0
10
49.721263
20
-28.062179
40
0.0
41
0.0
42
0.0
210
0.0
220
0.0
230
1.0
0
LWPOLYLINE
5
FE
330
17
100
AcDbEntity
67
0
8
Add_Red
62
256
6
ByLayer
370
-1
48
1.0
60
0
100
AcDbPolyline
90
7
70
0
38
0.0
39
0.0
10
45.257162
20
-28.062179
40
0.0
41
0.0
42
0.0
10
45.257162
20
-26.062179
40
0.0
41
0.0
42
0.0
10
43.525111
20
-25.062179
40
0.0
41
0.0
42
0.0
10
41.793061
20
-26.062179
40
0.0
41
0.0
42
0.0
10
41.793061
20
-28.062179
40
0.0
41
0.0
42
0.0
10
43.525111
20
-29.06218
40
0.0
41
0.0
42
0.0
10
45.257162
20
-28.062179
40
0.0
41
0.0
42
0.0
210
0.0
220
0.0
230
1.0
0
LWPOLYLINE
5
FF
330
17
100
AcDbEntity
67
0
8
Add_Red
62
256
6
ByLayer
370
-1
48
1.0
60
0
100
AcDbPolyline
90
7
70
0
38
0.0
39
0.0
10
40.793061
20
-28.062179
40
0.0
41
0.0
42
0.0
10
40.793061
20
-26.062179
40
0.0
41
0.0
42
0.0
10
39.06101
20
-25.062179
40
0.0
41
0.0
42
0.0
10
37.328959
20
-26.062179
40
0.0
41
0.0
42
0.0
10
37.328959
20
-28.062179
40
0.0
41
0.0
42
0.0
10
39.06101
20
-29.06218
40
0.0
41
0.0
42
0.0
10
40.793061
20
-28.062179
40
0.0
41
0.0
42
0.0
210
0.0
220
0.0
230
1.0
0
LWPOLYLINE
5
100
330
17
100
AcDbEntity
67
0
8
Add_Red
62
256
6
ByLayer
370
-1
48
1.0
60
0
100
AcDbPolyline
90
7
70
0
38
0.0
39
0.0
10
36.32896
20
-28.062179
40
0.0
41
0.0
42
0.0
10
36.32896
20
-26.062179
40
0.0
41
0.0
42
0.0
10
34.59691
20
-25.062179
40
0.0
41
0.0
42
0.0
10
32.864859
20
-26.062179
40
0.0
41
0.0
42
0.0
10
32.864859
20
-28.062179
40
0.0
41
0.0
42
0.0
10
34.59691
20
-29.06218
40
0.0
41
0.0
42
0.0
10
36.32896
20
-28.062179
40
0.0
41
0.0
42
0.0
210
0.0
220
0.0
230
1.0
0
LWPOLYLINE
5
101
330
17
100
AcDbEntity
67
0
8
Add_Red
62
256
6
ByLayer
370
-1
48
1.0
60
0
100
AcDbPolyline
90
7
70
0
38
0.0
39
0.0
10
31.864859
20
-28.062179
40
0.0
41
0.0
42
0.0
10
31.864859
20
-26.062179
40
0.0
41
0.0
42
0.0
10
30.132808
20
-25.062179
40
0.0
41
0.0
42
0.0
10
28.400757
20
-26.062179
40
0.0
41
0.0
42
0.0
10
28.400757
20
-28.062179
40
0.0
41
0.0
42
0.0
10
30.132808
20
-29.06218
40
0.0
41
0.0
42
0.0
10
31.864859
20
-28.062179
40
0.0
41
0.0
42
0.0
210
0.0
220
0.0
230
1.0
0
LWPOLYLINE
5
102
330
17
100
AcDbEntity
67
0
8
Add_Red
62
256
6
ByLayer
370
-1
48
1.0
60
0
100
AcDbPolyline
90
7
70
0
38
0.0
39
0.0
10
27.400758
20
-28.062179
40
0.0
41
0.0
42
0.0
10
27.400758
20
-26.062179
40
0.0
41
0.0
42
0.0
10
25.668707
20
-25.062179
40
0.0
41
0.0
42
0.0
10
23.936657
20
-26.062179
40
0.0
41
0.0
42
0.0
10
23.936657
20
-28.062179
40
0.0
41
0.0
42
0.0
10
25.668707
20
-29.06218
40
0.0
41
0.0
42
0.0
10
27.400758
20
-28.062179
40
0.0
41
0.0
42
0.0
210
0.0
220
0.0
230
1.0
0
LWPOLYLINE
5
103
330
17
100
AcDbEntity
67
0
8
Add_Red
62
256
6
ByLayer
370
-1
48
1.0
60
0
100
AcDbPolyline
90
6
70
0
38
0.0
39
0.0
10
62.334135
20
-28.512184
40
0.0
41
0.0
42
0.0
10
61.371622
20
-25.06789
40
0.0
41
0.0
42
0.0
10
59.649465
20
-26.062179
40
0.0
41
0.0
42
0.0
10
59.649465
20
-28.062179
40
0.0
41
0.0
42
0.0
10
61.381515
20
-29.06218
40
0.0
41
0.0
42
0.0
10
62.334135
20
-28.512184
40
0.0
41
0.0
42
0.0
210
0.0
220
0.0
230
1.0
0
LWPOLYLINE
5
104
330
17
100
AcDbEntity
67
0
8
Add_Red
62
256
6
ByLayer
370
-1
48
1.0
60
0
100
AcDbPolyline
90
4
70
0
38
0.0
39
0.0
10
22.936657
20
-26.062179
40
0.0
41
0.0
42
0.0
10
22.362912
20
-25.730927
40
0.0
41
0.0
42
0.0
10
22.936657
20
-27.131807
40
0.0
41
0.0
42
0.0
10
22.936657
20
-26.062179
40
0.0
41
0.0
42
0.0
210
0.0
220
0.0
230
1.0
0
LWPOLYLINE
5
105
330
17
100
AcDbEntity
67
0
8
Add_Red
62
256
6
ByLayer
370
-1
48
1.0
60
0
100
AcDbPolyline
90
7
70
0
38
0.0
39
0.0
10
60.881521
20
-31.928205
40
0.0
41
0.0
42
0.0
10
60.881521
20
-29.928205
40
0.0
41
0.0
42
0.0
10
59.149471
20
-28.928204
40
0.0
41
0.0
42
0.0
10
57.41742
20
-29.928205
40
0.0
41
0.0
42
0.0
10
57.41742
20
-31.928205
40
0.0
41
0.0
42
0.0
10
59.149471
20
-32.928205
40
0.0
41
0.0
42
0.0
10
60.881521
20
-31.928205
40
0.0
41
0.0
42
0.0
210
0.0
220
0.0
230
1.0
0
LWPOLYLINE
5
106
330
17
100
AcDbEntity
67
0
8
Add_Red
62
256
6
ByLayer
370
-1
48
1.0
60
0
100
AcDbPolyline
90
7
70
0
38
0.0
39
0.0
10
56.417421
20
-31.928205
40
0.0
41
0.0
42
0.0
10
56.417421
20
-29.928205
40
0.0
41
0.0
42
0.0
10
54.68537
20
-28.928204
40
0.0
41
0.0
42
0.0
10
52.953319
20
-29.928205
40
0.0
41
0.0
42
0.0
10
52.953319
20
-31.928205
40
0.0
41
0.0
42
0.0
10
54.68537
20
-32.928205
40
0.0
41
0.0
42
0.0
10
56.417421
20
-31.928205
40
0.0
41
0.0
42
0.0
210
0.0
220
0.0
230
1.0
0
LWPOLYLINE
5
107
330
17
100
AcDbEntity
67
0
8
Add_Red
62
256
6
ByLayer
370
-1
48
1.0
60
0
100
AcDbPolyline
90
7
70
0
38
0.0
39
0.0
10
51.953319
20
-31.928205
40
0.0
41
0.0
42
0.0
10
51.953319
20
-29.928205
40
0.0
41
0.0
42
0.0
10
50.221268
20
-28.928204
40
0.0
41
0.0
42
0.0
10
48.489219
20
-29.928205
40
0.0
41
0.0
42
0.0
10
48.489219
20
-31.928205
40
0.0
41
0.0
42
0.0
10
50.221268
20
-32.928205
40
0.0
41
0.0
42
0.0
10
51.953319
20
-31.928205
40
0.0
41
0.0
42
0.0
210
0.0
220
0.0
230
1.0
0
LWPOLYLINE
5
108
330
17
100
AcDbEntity
67
0
8
Add_Red
62
256
6
ByLayer
370
-1
48
1.0
60
0
100
AcDbPolyline
90
7
70
0
38
0.0
39
0.0
10
47.489219
20
-31.928205
40
0.0
41
0.0
42
0.0
10
47.489219
20
-29.928205
40
0.0
41
0.0
42
0.0
10
45.757168
20
-28.928204
40
0.0
41
0.0
42
0.0
10
44.025117
20
-29.928205
40
0.0
41
0.0
42
0.0
10
44.025117
20
-31.928205
40
0.0
41
0.0
42
0.0
10
45.757168
20
-32.928205
40
0.0
41
0.0
42
0.0
10
47.489219
20
-31.928205
40
0.0
41
0.0
42
0.0
210
0.0
220
0.0
230
1.0
0
LWPOLYLINE
5
109
330
17
100
AcDbEntity
67
0
8
Add_Red
62
256
6
ByLayer
370
-1
48
1.0
60
0
100
AcDbPolyline
90
7
70
0
38
0.0
39
0.0
10
43.025117
20
-31.928205
40
0.0
41
0.0
42
0.0
10
43.025117
20
-29.928205
40
0.0
41
0.0
42
0.0
10
41.293067
20
-28.928204
40
0.0
41
0.0
42
0.0
10
39.561016
20
-29.928205
40
0.0
41
0.0
42
0.0
10
39.561016
20
-31.928205
40
0.0
41
0.0
42
0.0
10
41.293067
20
-32.928205
40
0.0
41
0.0
42
0.0
10
43.025117
20
-31.928205
40
0.0
41
0.0
42
0.0
210
0.0
220
0.0
230
1.0
0
LWPOLYLINE
5
10A
330
17
100
AcDbEntity
67
0
8
Add_Red
62
256
6
ByLayer
370
-1
48
1.0
60
0
100
AcDbPolyline
90
7
70
0
38
0.0
39
0.0
10
38.561016
20
-31.928205
40
0.0
41
0.0
42
0.0
10
38.561016
20
-29.928205
40
0.0
41
0.0
42
0.0
10
36.828965
20
-28.928204
40
0.0
41
0.0
42
0.0
10
35.096915
20
-29.928205
40
0.0
41
0.0
42
0.0
10
35.096915
20
-31.928205
40
0.0
41
0.0
42
0.0
10
36.828965
20
-32.928205
40
0.0
41
0.0
42
0.0
10
38.561016
20
-31.928205
40
0.0
41
0.0
42
0.0
210
0.0
220
0.0
230
1.0
0
LWPOLYLINE
5
10B
330
17
100
AcDbEntity
67
0
8
Add_Red
62
256
6
ByLayer
370
-1
48
1.0
60
0
100
AcDbPolyline
90
7
70
0
38
0.0
39
0.0
10
34.096916
20
-31.928205
40
0.0
41
0.0
42
0.0
10
34.096916
20
-29.928205
40
0.0
41
0.0
42
0.0
10
32.364865
20
-28.928204
40
0.0
41
0.0
42
0.0
10
30.632814
20
-29.928205
40
0.0
41
0.0
42
0.0
10
30.632814
20
-31.928205
40
0.0
41
0.0
42
0.0
10
32.364865
20
-32.928205
40
0.0
41
0.0
42
0.0
10
34.096916
20
-31.928205
40
0.0
41
0.0
42
0.0
210
0.0
220
0.0
230
1.0
0
LWPOLYLINE
5
10C
330
17
100
AcDbEntity
67
0
8
Add_Red
62
256
6
ByLayer
370
-1
48
1.0
60
0
100
AcDbPolyline
90
7
70
0
38
0.0
39
0.0
10
29.632814
20
-31.928205
40
0.0
41
0.0
42
0.0
10
29.632814
20
-29.928205
40
0.0
41
0.0
42
0.0
10
27.900763
20
-28.928204
40
0.0
41
0.0
42
0.0
10
26.168712
20
-29.928205
40
0.0
41
0.0
42
0.0
10
26.168712
20
-31.928205
40
0.0
41
0.0
42
0.0
10
27.900763
20
-32.928205
40
0.0
41
0.0
42
0.0
10
29.632814
20
-31.928205
40
0.0
41
0.0
42
0.0
210
0.0
220
0.0
230
1.0
0
LWPOLYLINE
5
10D
330
17
100
AcDbEntity
67
0
8
Add_Red
62
256
6
ByLayer
370
-1
48
1.0
60
0
100
AcDbPolyline
90
5
70
0
38
0.0
39
0.0
10
25.168713
20
-31.928205
40
0.0
41
0.0
42
0.0
10
25.168713
20
-29.928205
40
0.0
41
0.0
42
0.0
10
23.745393
20
-29.106449
40
0.0
41
0.0
42
0.0
10
24.952256
20
-32.053177
40
0.0
41
0.0
42
0.0
10
25.168713
20
-31.928205
40
0.0
41
0.0
42
0.0
210
0.0
220
0.0
230
1.0
0
LWPOLYLINE
5
10E
330
17
100
AcDbEntity
67
0
8
Add_Red
62
256
6
ByLayer
370
-1
48
1.0
60
0
100
AcDbPolyline
90
5
70
0
38
0.0
39
0.0
10
62.611989
20
-29.506469
40
0.0
41
0.0
42
0.0
10
61.881521
20
-29.928205
40
0.0
41
0.0
42
0.0
10
61.881521
20
-31.928205
40
0.0
41
0.0
42
0.0
10
63.559469
20
-32.896969
40
0.0
41
0.0
42
0.0
10
62.611989
20
-29.506469
40
0.0
41
0.0
42
0.0
210
0.0
220
0.0
230
1.0
0
LWPOLYLINE
5
10F
330
17
100
AcDbEntity
67
0
8
Add_Red
62
256
6
ByLayer
370
-1
48
1.0
60
0
100
AcDbPolyline
90
7
70
0
38
0.0
39
0.0
10
63.113598
20
-35.794231
40
0.0
41
0.0
42
0.0
10
63.113598
20
-33.794231
40
0.0
41
0.0
42
0.0
10
61.381548
20
-32.794231
40
0.0
41
0.0
42
0.0
10
59.649498
20
-33.794231
40
0.0
41
0.0
42
0.0
10
59.649498
20
-35.794231
40
0.0
41
0.0
42
0.0
10
61.381548
20
-36.794231
40
0.0
41
0.0
42
0.0
10
63.113598
20
-35.794231
40
0.0
41
0.0
42
0.0
210
0.0
220
0.0
230
1.0
0
LWPOLYLINE
5
110
330
17
100
AcDbEntity
67
0
8
Add_Red
62
256
6
ByLayer
370
-1
48
1.0
60
0
100
AcDbPolyline
90
7
70
0
38
0.0
39
0.0
10
58.649498
20
-35.794231
40
0.0
41
0.0
42
0.0
10
58.649498
20
-33.794231
40
0.0
41
0.0
42
0.0
10
56.917447
20
-32.794231
40
0.0
41
0.0
42
0.0
10
55.185396
20
-33.794231
40
0.0
41
0.0
42
0.0
10
55.185396
20
-35.794231
40
0.0
41
0.0
42
0.0
10
56.917447
20
-36.794231
40
0.0
41
0.0
42
0.0
10
58.649498
20
-35.794231
40
0.0
41
0.0
42
0.0
210
0.0
220
0.0
230
1.0
0
LWPOLYLINE
5
111
330
17
100
AcDbEntity
67
0
8
Add_Red
62
256
6
ByLayer
370
-1
48
1.0
60
0
100
AcDbPolyline
90
7
70
0
38
0.0
39
0.0
10
54.185397
20
-35.794231
40
0.0
41
0.0
42
0.0
10
54.185397
20
-33.794231
40
0.0
41
0.0
42
0.0
10
52.453346
20
-32.794231
40
0.0
41
0.0
42
0.0
10
50.721295
20
-33.794231
40
0.0
41
0.0
42
0.0
10
50.721295
20
-35.794231
40
0.0
41
0.0
42
0.0
10
52.453346
20
-36.794231
40
0.0
41
0.0
42
0.0
10
54.185397
20
-35.794231
40
0.0
41
0.0
42
0.0
210
0.0
220
0.0
230
1.0
0
LWPOLYLINE
5
112
330
17
100
AcDbEntity
67
0
8
Add_Red
62
256
6
ByLayer
370
-1
48
1.0
60
0
100
AcDbPolyline
90
7
70
0
38
0.0
39
0.0
10
49.721295
20
-35.794231
40
0.0
41
0.0
42
0.0
10
49.721295
20
-33.794231
40
0.0
41
0.0
42
0.0
10
47.989245
20
-32.794231
40
0.0
41
0.0
42
0.0
10
46.257195
20
-33.794231
40
0.0
41
0.0
42
0.0
10
46.257195
20
-35.794231
40
0.0
41
0.0
42
0.0
10
47.989245
20
-36.794231
40
0.0
41
0.0
42
0.0
10
49.721295
20
-35.794231
40
0.0
41
0.0
42
0.0
210
0.0
220
0.0
230
1.0
0
LWPOLYLINE
5
113
330
17
100
AcDbEntity
67
0
8
Add_Red
62
256
6
ByLayer
370
-1
48
1.0
60
0
100
AcDbPolyline
90
7
70
0
38
0.0
39
0.0
10
45.257195
20
-35.794231
40
0.0
41
0.0
42
0.0
10
45.257195
20
-33.794231
40
0.0
41
0.0
42
0.0
10
43.525144
20
-32.794231
40
0.0
41
0.0
42
0.0
10
41.793093
20
-33.794231
40
0.0
41
0.0
42
0.0
10
41.793093
20
-35.794231
40
0.0
41
0.0
42
0.0
10
43.525144
20
-36.794231
40
0.0
41
0.0
42
0.0
10
45.257195
20
-35.794231
40
0.0
41
0.0
42
0.0
210
0.0
220
0.0
230
1.0
0
LWPOLYLINE
5
114
330
17
100
AcDbEntity
67
0
8
Add_Red
62
256
6
ByLayer
370
-1
48
1.0
60
0
100
AcDbPolyline
90
7
70
0
38
0.0
39
0.0
10
40.793093
20
-35.794231
40
0.0
41
0.0
42
0.0
10
40.793093
20
-33.794231
40
0.0
41
0.0
42
0.0
10
39.061043
20
-32.794231
40
0.0
41
0.0
42
0.0
10
37.328992
20
-33.794231
40
0.0
41
0.0
42
0.0
10
37.328992
20
-35.794231
40
0.0
41
0.0
42
0.0
10
39.061043
20
-36.794231
40
0.0
41
0.0
42
0.0
10
40.793093
20
-35.794231
40
0.0
41
0.0
42
0.0
210
0.0
220
0.0
230
1.0
0
LWPOLYLINE
5
115
330
17
100
AcDbEntity
67
0
8
Add_Red
62
256
6
ByLayer
370
-1
48
1.0
60
0
100
AcDbPolyline
90
7
70
0
38
0.0
39
0.0
10
36.328992
20
-35.794231
40
0.0
41
0.0
42
0.0
10
36.328992
20
-33.794231
40
0.0
41
0.0
42
0.0
10
34.596942
20
-32.794231
40
0.0
41
0.0
42
0.0
10
32.864891
20
-33.794231
40
0.0
41
0.0
42
0.0
10
32.864891
20
-35.794231
40
0.0
41
0.0
42
0.0
10
34.596942
20
-36.794231
40
0.0
41
0.0
42
0.0
10
36.328992
20
-35.794231
40
0.0
41
0.0
42
0.0
210
0.0
220
0.0
230
1.0
0
LWPOLYLINE
5
116
330
17
100
AcDbEntity
67
0
8
Add_Red
62
256
6
ByLayer
370
-1
48
1.0
60
0
100
AcDbPolyline
90
7
70
0
38
0.0
39
0.0
10
31.864892
20
-35.794231
40
0.0
41
0.0
42
0.0
10
31.864892
20
-33.794231
40
0.0
41
0.0
42
0.0
10
30.132841
20
-32.794231
40
0.0
41
0.0
42
0.0
10
28.40079
20
-33.794231
40
0.0
41
0.0
42
0.0
10
28.40079
20
-35.794231
40
0.0
41
0.0
42
0.0
10
30.132841
20
-36.794231
40
0.0
41
0.0
42
0.0
10
31.864892
20
-35.794231
40
0.0
41
0.0
42
0.0
210
0.0
220
0.0
230
1.0
0
LWPOLYLINE
5
117
330
17
100
AcDbEntity
67
0
8
Add_Red
62
256
6
ByLayer
370
-1
48
1.0
60
0
100
AcDbPolyline
90
6
70
0
38
0.0
39
0.0
10
27.40079
20
-35.794231
40
0.0
41
0.0
42
0.0
10
27.40079
20
-33.794231
40
0.0
41
0.0
42
0.0
10
25.668739
20
-32.794231
40
0.0
41
0.0
42
0.0
10
25.33474
20
-32.987066
40
0.0
41
0.0
42
0.0
10
26.659686
20
-36.222108
40
0.0
41
0.0
42
0.0
10
27.40079
20
-35.794231
40
0.0
41
0.0
42
0.0
210
0.0
220
0.0
230
1.0
0
LWPOLYLINE
5
118
330
17
100
AcDbEntity
67
0
8
Add_Red
62
256
6
ByLayer
370
-1
48
1.0
60
0
100
AcDbPolyline
90
4
70
0
38
0.0
39
0.0
10
64.113598
20
-34.879886
40
0.0
41
0.0
42
0.0
10
64.113598
20
-35.794231
40
0.0
41
0.0
42
0.0
10
64.418269
20
-35.970133
40
0.0
41
0.0
42
0.0
10
64.113598
20
-34.879886
40
0.0
41
0.0
42
0.0
210
0.0
220
0.0
230
1.0
0
LWPOLYLINE
5
119
330
17
100
AcDbEntity
67
0
8
Add_Red
62
256
6
ByLayer
370
-1
48
1.0
60
0
100
AcDbPolyline
90
7
70
0
38
0.0
39
0.0
10
63.312738
20
-39.630688
40
0.0
41
0.0
42
0.0
10
64.219708
20
-37.01019
40
0.0
41
0.0
42
0.0
10
63.613604
20
-36.660256
40
0.0
41
0.0
42
0.0
10
61.881553
20
-37.660256
40
0.0
41
0.0
42
0.0
10
61.881553
20
-39.660256
40
0.0
41
0.0
42
0.0
10
62.609442
20
-40.080503
40
0.0
41
0.0
42
0.0
10
63.312738
20
-39.630688
40
0.0
41
0.0
42
0.0
210
0.0
220
0.0
230
1.0
0
LWPOLYLINE
5
11A
330
17
100
AcDbEntity
67
0
8
Add_Red
62
256
6
ByLayer
370
-1
48
1.0
60
0
100
AcDbPolyline
90
7
70
0
38
0.0
39
0.0
10
60.881553
20
-39.660256
40
0.0
41
0.0
42
0.0
10
60.881553
20
-37.660256
40
0.0
41
0.0
42
0.0
10
59.149504
20
-36.660256
40
0.0
41
0.0
42
0.0
10
57.417453
20
-37.660256
40
0.0
41
0.0
42
0.0
10
57.417453
20
-39.660256
40
0.0
41
0.0
42
0.0
10
59.149504
20
-40.660256
40
0.0
41
0.0
42
0.0
10
60.881553
20
-39.660256
40
0.0
41
0.0
42
0.0
210
0.0
220
0.0
230
1.0
0
LWPOLYLINE
5
11B
330
17
100
AcDbEntity
67
0
8
Add_Red
62
256
6
ByLayer
370
-1
48
1.0
60
0
100
AcDbPolyline
90
7
70
0
38
0.0
39
0.0
10
56.417453
20
-39.660256
40
0.0
41
0.0
42
0.0
10
56.417453
20
-37.660256
40
0.0
41
0.0
42
0.0
10
54.685402
20
-36.660256
40
0.0
41
0.0
42
0.0
10
52.953351
20
-37.660256
40
0.0
41
0.0
42
0.0
10
52.953351
20
-39.660256
40
0.0
41
0.0
42
0.0
10
54.685402
20
-40.660256
40
0.0
41
0.0
42
0.0
10
56.417453
20
-39.660256
40
0.0
41
0.0
42
0.0
210
0.0
220
0.0
230
1.0
0
LWPOLYLINE
5
11C
330
17
100
AcDbEntity
67
0
8
Add_Red
62
256
6
ByLayer
370
-1
48
1.0
60
0
100
AcDbPolyline
90
7
70
0
38
0.0
39
0.0
10
51.953352
20
-39.660256
40
0.0
41
0.0
42
0.0
10
51.953352
20
-37.660256
40
0.0
41
0.0
42
0.0
10
50.221301
20
-36.660256
40
0.0
41
0.0
42
0.0
10
48.489251
20
-37.660256
40
0.0
41
0.0
42
0.0
10
48.489251
20
-39.660256
40
0.0
41
0.0
42
0.0
10
50.221301
20
-40.660256
40
0.0
41
0.0
42
0.0
10
51.953352
20
-39.660256
40
0.0
41
0.0
42
0.0
210
0.0
220
0.0
230
1.0
0
LWPOLYLINE
5
11D
330
17
100
AcDbEntity
67
0
8
Add_Red
62
256
6
ByLayer
370
-1
48
1.0
60
0
100
AcDbPolyline
90
7
70
0
38
0.0
39
0.0
10
47.489251
20
-39.660256
40
0.0
41
0.0
42
0.0
10
47.489251
20
-37.660256
40
0.0
41
0.0
42
0.0
10
45.7572
20
-36.660256
40
0.0
41
0.0
42
0.0
10
44.025149
20
-37.660256
40
0.0
41
0.0
42
0.0
10
44.025149
20
-39.660256
40
0.0
41
0.0
42
0.0
10
45.7572
20
-40.660256
40
0.0
41
0.0
42
0.0
10
47.489251
20
-39.660256
40
0.0
41
0.0
42
0.0
210
0.0
220
0.0
230
1.0
0
LWPOLYLINE
5
11E
330
17
100
AcDbEntity
67
0
8
Add_Red
62
256
6
ByLayer
370
-1
48
1.0
60
0
100
AcDbPolyline
90
7
70
0
38
0.0
39
0.0
10
43.02515
20
-39.660256
40
0.0
41
0.0
42
0.0
10
43.02515
20
-37.660256
40
0.0
41
0.0
42
0.0
10
41.293099
20
-36.660256
40
0.0
41
0.0
42
0.0
10
39.561048
20
-37.660256
40
0.0
41
0.0
42
0.0
10
39.561048
20
-39.660256
40
0.0
41
0.0
42
0.0
10
41.293099
20
-40.660256
40
0.0
41
0.0
42
0.0
10
43.02515
20
-39.660256
40
0.0
41
0.0
42
0.0
210
0.0
220
0.0
230
1.0
0
LWPOLYLINE
5
11F
330
17
100
AcDbEntity
67
0
8
Add_Red
62
256
6
ByLayer
370
-1
48
1.0
60
0
100
AcDbPolyline
90
7
70
0
38
0.0
39
0.0
10
38.561048
20
-39.660256
40
0.0
41
0.0
42
0.0
10
38.561048
20
-37.660256
40
0.0
41
0.0
42
0.0
10
36.828998
20
-36.660256
40
0.0
41
0.0
42
0.0
10
35.096948
20
-37.660256
40
0.0
41
0.0
42
0.0
10
35.096948
20
-39.660256
40
0.0
41
0.0
42
0.0
10
36.828998
20
-40.660256
40
0.0
41
0.0
42
0.0
10
38.561048
20
-39.660256
40
0.0
41
0.0
42
0.0
210
0.0
220
0.0
230
1.0
0
LWPOLYLINE
5
120
330
17
100
AcDbEntity
67
0
8
Add_Red
62
256
6
ByLayer
370
-1
48
1.0
60
0
100
AcDbPolyline
90
7
70
0
38
0.0
39
0.0
10
34.096948
20
-39.660256
40
0.0
41
0.0
42
0.0
10
34.096948
20
-37.660256
40
0.0
41
0.0
42
0.0
10
32.364897
20
-36.660256
40
0.0
41
0.0
42
0.0
10
30.632846
20
-37.660256
40
0.0
41
0.0
42
0.0
10
30.632846
20
-39.660256
40
0.0
41
0.0
42
0.0
10
32.364897
20
-40.660256
40
0.0
41
0.0
42
0.0
10
34.096948
20
-39.660256
40
0.0
41
0.0
42
0.0
210
0.0
220
0.0
230
1.0
0
LWPOLYLINE
5
121
330
17
100
AcDbEntity
67
0
8
Add_Red
62
256
6
ByLayer
370
-1
48
1.0
60
0
100
AcDbPolyline
90
6
70
0
38
0.0
39
0.0
10
29.632847
20
-39.660256
40
0.0
41
0.0
42
0.0
10
29.632847
20
-37.660256
40
0.0
41
0.0
42
0.0
10
27.900796
20
-36.660256
40
0.0
41
0.0
42
0.0
10
27.042166
20
-37.155986
40
0.0
41
0.0
42
0.0
10
28.367112
20
-40.391029
40
0.0
41
0.0
42
0.0
10
29.632847
20
-39.660256
40
0.0
41
0.0
42
0.0
210
0.0
220
0.0
230
1.0
0
LWPOLYLINE
5
122
330
17
100
AcDbEntity
67
0
8
Add_Red
62
256
6
ByLayer
370
-1
48
1.0
60
0
100
AcDbPolyline
90
6
70
0
38
0.0
39
0.0
10
60.358111
20
-41.520411
40
0.0
41
0.0
42
0.0
10
61.660592
20
-40.687369
40
0.0
41
0.0
42
0.0
10
61.38158
20
-40.526282
40
0.0
41
0.0
42
0.0
10
59.64953
20
-41.526282
40
0.0
41
0.0
42
0.0
10
59.64953
20
-41.57774
40
0.0
41
0.0
42
0.0
10
60.358111
20
-41.520411
40
0.0
41
0.0
42
0.0
210
0.0
220
0.0
230
1.0
0
LWPOLYLINE
5
123
330
17
100
AcDbEntity
67
0
8
Add_Red
62
256
6
ByLayer
370
-1
48
1.0
60
0
100
AcDbPolyline
90
6
70
0
38
0.0
39
0.0
10
58.64953
20
-41.658646
40
0.0
41
0.0
42
0.0
10
58.64953
20
-41.526282
40
0.0
41
0.0
42
0.0
10
56.91748
20
-40.526282
40
0.0
41
0.0
42
0.0
10
55.185429
20
-41.526282
40
0.0
41
0.0
42
0.0
10
55.185429
20
-41.938913
40
0.0
41
0.0
42
0.0
10
58.64953
20
-41.658646
40
0.0
41
0.0
42
0.0
210
0.0
220
0.0
230
1.0
0
LWPOLYLINE
5
124
330
17
100
AcDbEntity
67
0
8
Add_Red
62
256
6
ByLayer
370
-1
48
1.0
60
0
100
AcDbPolyline
90
6
70
0
38
0.0
39
0.0
10
54.185429
20
-42.019819
40
0.0
41
0.0
42
0.0
10
54.185429
20
-41.526282
40
0.0
41
0.0
42
0.0
10
52.453378
20
-40.526282
40
0.0
41
0.0
42
0.0
10
50.721327
20
-41.526282
40
0.0
41
0.0
42
0.0
10
50.721327
20
-42.300086
40
0.0
41
0.0
42
0.0
10
54.185429
20
-42.019819
40
0.0
41
0.0
42
0.0
210
0.0
220
0.0
230
1.0
0
LWPOLYLINE
5
125
330
17
100
AcDbEntity
67
0
8
Add_Red
62
256
6
ByLayer
370
-1
48
1.0
60
0
100
AcDbPolyline
90
6
70
0
38
0.0
39
0.0
10
49.721328
20
-42.380992
40
0.0
41
0.0
42
0.0
10
49.721328
20
-41.526282
40
0.0
41
0.0
42
0.0
10
47.989278
20
-40.526282
40
0.0
41
0.0
42
0.0
10
46.257227
20
-41.526282
40
0.0
41
0.0
42
0.0
10
46.257227
20
-42.661259
40
0.0
41
0.0
42
0.0
10
49.721328
20
-42.380992
40
0.0
41
0.0
42
0.0
210
0.0
220
0.0
230
1.0
0
LWPOLYLINE
5
126
330
17
100
AcDbEntity
67
0
8
Add_Red
62
256
6
ByLayer
370
-1
48
1.0
60
0
100
AcDbPolyline
90
6
70
0
38
0.0
39
0.0
10
45.257227
20
-42.742165
40
0.0
41
0.0
42
0.0
10
45.257227
20
-41.526282
40
0.0
41
0.0
42
0.0
10
43.525176
20
-40.526282
40
0.0
41
0.0
42
0.0
10
41.793125
20
-41.526282
40
0.0
41
0.0
42
0.0
10
41.793125
20
-43.022432
40
0.0
41
0.0
42
0.0
10
45.257227
20
-42.742165
40
0.0
41
0.0
42
0.0
210
0.0
220
0.0
230
1.0
0
LWPOLYLINE
5
127
330
17
100
AcDbEntity
67
0
8
Add_Red
62
256
6
ByLayer
370
-1
48
1.0
60
0
100
AcDbPolyline
90
6
70
0
38
0.0
39
0.0
10
40.793126
20
-43.103338
40
0.0
41
0.0
42
0.0
10
40.793126
20
-41.526282
40
0.0
41
0.0
42
0.0
10
39.061075
20
-40.526282
40
0.0
41
0.0
42
0.0
10
37.329024
20
-41.526282
40
0.0
41
0.0
42
0.0
10
37.329024
20
-43.383605
40
0.0
41
0.0
42
0.0
10
40.793126
20
-43.103338
40
0.0
41
0.0
42
0.0
210
0.0
220
0.0
230
1.0
0
LWPOLYLINE
5
128
330
17
100
AcDbEntity
67
0
8
Add_Red
62
256
6
ByLayer
370
-1
48
1.0
60
0
100
AcDbPolyline
90
7
70
0
38
0.0
39
0.0
10
36.329024
20
-43.464511
40
0.0
41
0.0
42
0.0
10
36.329024
20
-41.526282
40
0.0
41
0.0
42
0.0
10
34.596975
20
-40.526282
40
0.0
41
0.0
42
0.0
10
32.864924
20
-41.526282
40
0.0
41
0.0
42
0.0
10
32.864924
20
-43.526282
40
0.0
41
0.0
42
0.0
10
33.196856
20
-43.717923
40
0.0
41
0.0
42
0.0
10
36.329024
20
-43.464511
40
0.0
41
0.0
42
0.0
210
0.0
220
0.0
230
1.0
0
LWPOLYLINE
5
129
330
17
100
AcDbEntity
67
0
8
Add_Red
62
256
6
ByLayer
370
-1
48
1.0
60
0
100
AcDbPolyline
90
7
70
0
38
0.0
39
0.0
10
31.261831
20
-43.874478
40
0.0
41
0.0
42
0.0
10
31.864924
20
-43.526282
40
0.0
41
0.0
42
0.0
10
31.864924
20
-41.526282
40
0.0
41
0.0
42
0.0
10
30.132873
20
-40.526282
40
0.0
41
0.0
42
0.0
10
28.749596
20
-41.324917
40
0.0
41
0.0
42
0.0
10
29.84088
20
-43.989442
40
0.0
41
0.0
42
0.0
10
31.261831
20
-43.874478
40
0.0
41
0.0
42
0.0
210
0.0
220
0.0
230
1.0
0
VIEWPORT
5
12E
330
12A
100
AcDbEntity
67
1
8
0
62
256
6
ByLayer
370
-1
48
1.0
60
0
100
AcDbViewport
10
0.0
20
0.0
30
0.0
40
297.0
41
210.0
68
1
69
1
12
50.0
22
100.0
13
0.0
23
0.0
14
10.0
24
10.0
15
10.0
25
10.0
16
0.0
26
0.0
36
1.0
17
0.0
27
0.0
37
0.0
42
50.0
43
0.0
44
0.0
45
250.0
50
0.0
51
0.0
72
1000
90
819232
110
0.0
120
0.0
130
0.0
111
1.0
121
0.0
131
0.0
112
0.0
122
1.0
132
0.0
0
ENDSEC
0
SECTION
2
OBJECTS
0
DICTIONARY
5
131
330
0
100
AcDbDictionary
280
0
281
1
3
ACAD_GROUP
350
132
3
ACAD_LAYOUT
350
133
3
ACAD_MLINESTYLE
350
134
0
DICTIONARY
5
132
330
131
100
AcDbDictionary
280
0
281
1
0
DICTIONARY
5
133
330
131
100
AcDbDictionary
280
0
281
1
3
Model
350
1B
3
Layout1
350
12F
0
DICTIONARY
5
134
330
131
100
AcDbDictionary
280
0
281
1
3
Standard
350
16
0
LAYOUT
5
1B
330
133
100
AcDbPlotSettings
1

2
none_device
4
ISO_A4_(210.00_x_297.00_MM)
6

40
7.5
41
20.0
42
7.5
43
20.0
44
210.0
45
297.0
46
0.0
47
0.0
48
0.0
49
0.0
140
0.0
141
0.0
142
1.0
143
1.0
70
11952
72
1
73
1
74
5
7

75
16
147
1.0
148
0.0
149
0.0
100
AcDbLayout
1
Model
70
1
71
0
10
-20.0
20
-7.5
11
277.0
21
202.5
12
0.0
22
0.0
32
0.0
14
25.7
24
19.5
34
0.0
15
231.3
25
175.5
35
0.0
146
0.0
13
0.0
23
0.0
33
0.0
16
1.0
26
0.0
36
0.0
17
0.0
27
1.0
37
0.0
76
0
330
17
0
LAYOUT
5
12F
330
133
100
AcDbPlotSettings
1

2
none_device
4
ISO_A4_(210.00_x_297.00_MM)
6

40
7.5
41
20.0
42
7.5
43
20.0
44
210.0
45
297.0
46
0.0
47
0.0
48
0.0
49
0.0
140
0.0
141
0.0
142
1.0
143
1.0
70
688
72
1
73
1
74
5
7

75
16
147
1.0
148
0.0
149
0.0
100
AcDbLayout
1
Layout1
70
1
71
1
10
-20.0
20
-7.5
11
277.0
21
202.5
12
0.0
22
0.0
32
0.0
14
25.7
24
19.5
34
0.0
15
231.3
25
175.5
35
0.0
146
0.0
13
0.0
23
0.0
33
0.0
16
1.0
26
0.0
36
0.0
17
0.0
27
1.0
37
0.0
76
0
330
12A
0
MLINESTYLE
5
16
330
134
100
AcDbMlineStyle
2
Standard
70
0
3

62
256
51
90.0
52
90.0
71
2
49
0.5
62
256
6
ByLayer
49
-0.5
62
256
6
ByLayer
0
ENDSEC
0
EOF
