  0
SECTION
  2
HEADER
  9
$ACADVER
  1
AC1024
  9
$ACADMAINTVER
 70
6
  9
$DWGCODEPAGE
  3
ANSI_1252
  9
$LASTSAVEDBY
  1
ezdxf
  9
$INSBASE
 10
0.0
 20
0.0
 30
0.0
  9
$EXTMIN
 10
1e+20
 20
1e+20
 30
1e+20
  9
$EXTMAX
 10
-1e+20
 20
-1e+20
 30
-1e+20
  9
$LIMMIN
 10
0.0
 20
0.0
  9
$LIMMAX
 10
420.0
 20
297.0
  9
$ORTHOMODE
 70
0
  9
$REGENMODE
 70
1
  9
$FILLMODE
 70
1
  9
$QTEXTMODE
 70
0
  9
$MIRRTEXT
 70
1
  9
$LTSCALE
 40
1.0
  9
$ATTMODE
 70
1
  9
$TEXTSIZE
 40
2.5
  9
$TRACEWID
 40
1.0
  9
$TEXTSTYLE
  7
Standard
  9
$CLAYER
  8
0
  9
$CELTYPE
  6
ByLayer
  9
$CECOLOR
 62
256
  9
$CELTSCALE
 40
1.0
  9
$DISPSILH
 70
0
  9
$DIMSCALE
 40
1.0
  9
$DIMASZ
 40
2.5
  9
$DIMEXO
 40
0.625
  9
$DIMDLI
 40
3.75
  9
$DIMRND
 40
0.0
  9
$DIMDLE
 40
0.0
  9
$DIMEXE
 40
1.25
  9
$DIMTP
 40
0.0
  9
$DIMTM
 40
0.0
  9
$DIMTXT
 40
2.5
  9
$DIMCEN
 40
2.5
  9
$DIMTSZ
 40
0.0
  9
$DIMTOL
 70
0
  9
$DIMLIM
 70
0
  9
$DIMTIH
 70
0
  9
$DIMTOH
 70
0
  9
$DIMSE1
 70
0
  9
$DIMSE2
 70
0
  9
$DIMTAD
 70
1
  9
$DIMZIN
 70
8
  9
$DIMBLK
  1

  9
$DIMASO
 70
1
  9
$DIMSHO
 70
1
  9
$DIMPOST
  1

  9
$DIMAPOST
  1

  9
$DIMALT
 70
0
  9
$DIMALTD
 70
3
  9
$DIMALTF
 40
0.03937007874
  9
$DIMLFAC
 40
1.0
  9
$DIMTOFL
 70
1
  9
$DIMTVP
 40
0.0
  9
$DIMTIX
 70
0
  9
$DIMSOXD
 70
0
  9
$DIMSAH
 70
0
  9
$DIMBLK1
  1

  9
$DIMBLK2
  1

  9
$DIMSTYLE
  2
ISO-25
  9
$DIMCLRD
 70
0
  9
$DIMCLRE
 70
0
  9
$DIMCLRT
 70
0
  9
$DIMTFAC
 40
1.0
  9
$DIMGAP
 40
0.625
  9
$DIMJUST
 70
0
  9
$DIMSD1
 70
0
  9
$DIMSD2
 70
0
  9
$DIMTOLJ
 70
0
  9
$DIMTZIN
 70
8
  9
$DIMALTZ
 70
0
  9
$DIMALTTZ
 70
0
  9
$DIMUPT
 70
0
  9
$DIMDEC
 70
2
  9
$DIMTDEC
 70
2
  9
$DIMALTU
 70
2
  9
$DIMALTTD
 70
3
  9
$DIMTXSTY
  7
Standard
  9
$DIMAUNIT
 70
0
  9
$DIMADEC
 70
0
  9
$DIMALTRND
 40
0.0
  9
$DIMAZIN
 70
0
  9
$DIMDSEP
 70
44
  9
$DIMATFIT
 70
3
  9
$DIMFRAC
 70
0
  9
$DIMLDRBLK
  1

  9
$DIMLUNIT
 70
2
  9
$DIMLWD
 70
-2
  9
$DIMLWE
 70
-2
  9
$DIMTMOVE
 70
0
  9
$DIMFXL
 40
1.0
  9
$DIMFXLON
 70
0
  9
$DIMJOGANG
 40
0.785398163397
  9
$DIMTFILL
 70
0
  9
$DIMTFILLCLR
 70
0
  9
$DIMARCSYM
 70
0
  9
$DIMLTYPE
  6

  9
$DIMLTEX1
  6

  9
$DIMLTEX2
  6

  9
$DIMTXTDIRECTION
 70
0
  9
$LUNITS
 70
2
  9
$LUPREC
 70
4
  9
$SKETCHINC
 40
1.0
  9
$FILLETRAD
 40
10.0
  9
$AUNITS
 70
0
  9
$AUPREC
 70
2
  9
$MENU
  1
.
  9
$ELEVATION
 40
0.0
  9
$PELEVATION
 40
0.0
  9
$THICKNESS
 40
0.0
  9
$LIMCHECK
 70
0
  9
$CHAMFERA
 40
0.0
  9
$CHAMFERB
 40
0.0
  9
$CHAMFERC
 40
0.0
  9
$CHAMFERD
 40
0.0
  9
$SKPOLY
 70
0
  9
$TDCREATE
 40
2461142.7371412036
  9
$TDUCREATE
 40
2458532.153996898
  9
$TDUPDATE
 40
2461142.7371412036
  9
$TDUUPDATE
 40
2458532.1544311
  9
$TDINDWG
 40
0.0
  9
$TDUSRTIMER
 40
0.0
  9
$USRTIMER
 70
1
  9
$ANGBASE
 50
0.0
  9
$ANGDIR
 70
0
  9
$PDMODE
 70
0
  9
$PDSIZE
 40
0.0
  9
$PLINEWID
 40
0.0
  9
$SPLFRAME
 70
0
  9
$SPLINETYPE
 70
6
  9
$SPLINESEGS
 70
8
  9
$HANDSEED
  5
3E
  9
$SURFTAB1
 70
6
  9
$SURFTAB2
 70
6
  9
$SURFTYPE
 70
6
  9
$SURFU
 70
6
  9
$SURFV
 70
6
  9
$UCSBASE
  2

  9
$UCSNAME
  2

  9
$UCSORG
 10
0.0
 20
0.0
 30
0.0
  9
$UCSXDIR
 10
1.0
 20
0.0
 30
0.0
  9
$UCSYDIR
 10
0.0
 20
1.0
 30
0.0
  9
$UCSORTHOREF
  2

  9
$UCSORTHOVIEW
 70
0
  9
$UCSORGTOP
 10
0.0
 20
0.0
 30
0.0
  9
$UCSORGBOTTOM
 10
0.0
 20
0.0
 30
0.0
  9
$UCSORGLEFT
 10
0.0
 20
0.0
 30
0.0
  9
$UCSORGRIGHT
 10
0.0
 20
0.0
 30
0.0
  9
$UCSORGFRONT
 10
0.0
 20
0.0
 30
0.0
  9
$UCSORGBACK
 10
0.0
 20
0.0
 30
0.0
  9
$PUCSBASE
  2

  9
$PUCSNAME
  2

  9
$PUCSORG
 10
0.0
 20
0.0
 30
0.0
  9
$PUCSXDIR
 10
1.0
 20
0.0
 30
0.0
  9
$PUCSYDIR
 10
0.0
 20
1.0
 30
0.0
  9
$PUCSORTHOREF
  2

  9
$PUCSORTHOVIEW
 70
0
  9
$PUCSORGTOP
 10
0.0
 20
0.0
 30
0.0
  9
$PUCSORGBOTTOM
 10
0.0
 20
0.0
 30
0.0
  9
$PUCSORGLEFT
 10
0.0
 20
0.0
 30
0.0
  9
$PUCSORGRIGHT
 10
0.0
 20
0.0
 30
0.0
  9
$PUCSORGFRONT
 10
0.0
 20
0.0
 30
0.0
  9
$PUCSORGBACK
 10
0.0
 20
0.0
 30
0.0
  9
$USERI1
 70
0
  9
$USERI2
 70
0
  9
$USERI3
 70
0
  9
$USERI4
 70
0
  9
$USERI5
 70
0
  9
$USERR1
 40
0.0
  9
$USERR2
 40
0.0
  9
$USERR3
 40
0.0
  9
$USERR4
 40
0.0
  9
$USERR5
 40
0.0
  9
$WORLDVIEW
 70
1
  9
$SHADEDGE
 70
3
  9
$SHADEDIF
 70
70
  9
$TILEMODE
 70
1
  9
$MAXACTVP
 70
64
  9
$PINSBASE
 10
0.0
 20
0.0
 30
0.0
  9
$PLIMCHECK
 70
0
  9
$PEXTMIN
 10
1e+20
 20
1e+20
 30
1e+20
  9
$PEXTMAX
 10
-1e+20
 20
-1e+20
 30
-1e+20
  9
$PLIMMIN
 10
0.0
 20
0.0
  9
$PLIMMAX
 10
420.0
 20
297.0
  9
$UNITMODE
 70
0
  9
$VISRETAIN
 70
1
  9
$PLINEGEN
 70
0
  9
$PSLTSCALE
 70
1
  9
$TREEDEPTH
 70
3020
  9
$CMLSTYLE
  2
Standard
  9
$CMLJUST
 70
0
  9
$CMLSCALE
 40
20.0
  9
$PROXYGRAPHICS
 70
1
  9
$MEASUREMENT
 70
1
  9
$CELWEIGHT
370
-1
  9
$ENDCAPS
280
0
  9
$JOINSTYLE
280
0
  9
$LWDISPLAY
290
0
  9
$INSUNITS
 70
4
  9
$HYPERLINKBASE
  1

  9
$STYLESHEET
  1

  9
$XEDIT
290
1
  9
$CEPSNTYPE
380
0
  9
$PSTYLEMODE
290
1
  9
$FINGERPRINTGUID
  2
{CD802B2C-60BF-4566-8997-D1A2F2EACE49}
  9
$VERSIONGUID
  2
{47B152A5-82DF-4F67-9FD5-E4FA252FFDA8}
  9
$EXTNAMES
290
1
  9
$PSVPSCALE
 40
0.0
  9
$OLESTARTUP
290
0
  9
$SORTENTS
280
127
  9
$INDEXCTL
280
0
  9
$HIDETEXT
280
1
  9
$XCLIPFRAME
280
1
  9
$HALOGAP
280
0
  9
$OBSCOLOR
 70
257
  9
$OBSLTYPE
280
0
  9
$INTERSECTIONDISPLAY
280
0
  9
$INTERSECTIONCOLOR
 70
257
  9
$DIMASSOC
280
2
  9
$PROJECTNAME
  1

  9
$CAMERADISPLAY
290
0
  9
$LENSLENGTH
 40
50.0
  9
$CAMERAHEIGHT
 40
0.0
  9
$STEPSPERSEC
 40
24.0
  9
$STEPSIZE
 40
100.0
  9
$3DDWFPREC
 40
2.0
  9
$PSOLWIDTH
 40
0.005
  9
$PSOLHEIGHT
 40
0.08
  9
$LOFTANG1
 40
1.570796326795
  9
$LOFTANG2
 40
1.570796326795
  9
$LOFTMAG1
 40
0.0
  9
$LOFTMAG2
 40
0.0
  9
$LOFTPARAM
 70
7
  9
$LOFTNORMALS
280
1
  9
$LATITUDE
 40
37.795
  9
$LONGITUDE
 40
-122.394
  9
$NORTHDIRECTION
 40
0.0
  9
$TIMEZONE
 70
-8000
  9
$LIGHTGLYPHDISPLAY
280
1
  9
$TILEMODELIGHTSYNCH
280
1
  9
$CMATERIAL
347
20
  9
$SOLIDHIST
280
0
  9
$SHOWHIST
280
1
  9
$DWFFRAME
280
2
  9
$DGNFRAME
280
2
  9
$REALWORLDSCALE
290
1
  9
$INTERFERECOLOR
 62
256
  9
$CSHADOW
280
0
  9
$SHADOWPLANELOCATION
 40
0.0
  0
ENDSEC
  0
SECTION
  2
CLASSES
  0
CLASS
  1
ACDBDICTIONARYWDFLT
  2
AcDbDictionaryWithDefault
  3
ObjectDBX Classes
 90
0
 91
0
280
0
281
0
  0
CLASS
  1
SUN
  2
AcDbSun
  3
SCENEOE
 90
1153
 91
0
280
0
281
0
  0
CLASS
  1
VISUALSTYLE
  2
AcDbVisualStyle
  3
ObjectDBX Classes
 90
4095
 91
0
280
0
281
0
  0
CLASS
  1
MATERIAL
  2
AcDbMaterial
  3
ObjectDBX Classes
 90
1153
 91
0
280
0
281
0
  0
CLASS
  1
SCALE
  2
AcDbScale
  3
ObjectDBX Classes
 90
1153
 91
0
280
0
281
0
  0
CLASS
  1
TABLESTYLE
  2
AcDbTableStyle
  3
ObjectDBX Classes
 90
4095
 91
0
280
0
281
0
  0
CLASS
  1
MLEADERSTYLE
  2
AcDbMLeaderStyle
  3
ACDB_MLEADERSTYLE_CLASS
 90
4095
 91
0
280
0
281
0
  0
CLASS
  1
DICTIONARYVAR
  2
AcDbDictionaryVar
  3
ObjectDBX Classes
 90
0
 91
0
280
0
281
0
  0
CLASS
  1
CELLSTYLEMAP
  2
AcDbCellStyleMap
  3
ObjectDBX Classes
 90
1152
 91
0
280
0
281
0
  0
CLASS
  1
MENTALRAYRENDERSETTINGS
  2
AcDbMentalRayRenderSettings
  3
SCENEOE
 90
1024
 91
0
280
0
281
0
  0
CLASS
  1
ACDBDETAILVIEWSTYLE
  2
AcDbDetailViewStyle
  3
ObjectDBX Classes
 90
1025
 91
0
280
0
281
0
  0
CLASS
  1
ACDBSECTIONVIEWSTYLE
  2
AcDbSectionViewStyle
  3
ObjectDBX Classes
 90
1025
 91
0
280
0
281
0
  0
CLASS
  1
RASTERVARIABLES
  2
AcDbRasterVariables
  3
ISM
 90
0
 91
0
280
0
281
0
  0
CLASS
  1
ACDBPLACEHOLDER
  2
AcDbPlaceHolder
  3
ObjectDBX Classes
 90
0
 91
0
280
0
281
0
  0
CLASS
  1
LAYOUT
  2
AcDbLayout
  3
ObjectDBX Classes
 90
0
 91
0
280
0
281
0
  0
ENDSEC
  0
SECTION
  2
TABLES
  0
TABLE
  2
VPORT
  5
8
330
0
100
AcDbSymbolTable
 70
1
  0
VPORT
  5
23
330
8
100
AcDbSymbolTableRecord
100
AcDbViewportTableRecord
  2
*Active
 70
0
 10
0.0
 20
0.0
 11
1.0
 21
1.0
 12
0.0
 22
0.0
 13
0.0
 23
0.0
 14
0.5
 24
0.5
 15
0.5
 25
0.5
 16
0.0
 26
0.0
 36
1.0
 17
0.0
 27
0.0
 37
0.0
 40
1000.0
 41
1.34
 42
50.0
 43
0.0
 44
0.0
 50
0.0
 51
0.0
 71
0
 72
1000
 73
1
 74
3
 75
0
 76
0
 77
0
 78
0
281
0
 65
0
146
0.0
  0
ENDTAB
  0
TABLE
  2
LTYPE
  5
2
330
0
100
AcDbSymbolTable
 70
3
  0
LTYPE
  5
24
330
2
100
AcDbSymbolTableRecord
100
AcDbLinetypeTableRecord
  2
ByBlock
 70
0
  3

 72
65
 73
0
 40
0.0
  0
LTYPE
  5
25
330
2
100
AcDbSymbolTableRecord
100
AcDbLinetypeTableRecord
  2
ByLayer
 70
0
  3

 72
65
 73
0
 40
0.0
  0
LTYPE
  5
26
330
2
100
AcDbSymbolTableRecord
100
AcDbLinetypeTableRecord
  2
Continuous
 70
0
  3

 72
65
 73
0
 40
0.0
  0
ENDTAB
  0
TABLE
  2
LAYER
  5
1
330
0
100
AcDbSymbolTable
 70
2
  0
LAYER
  5
27
330
1
100
AcDbSymbolTableRecord
100
AcDbLayerTableRecord
  2
0
 70
0
 62
7
  6
Continuous
370
-3
390
13
347
21
  0
LAYER
  5
28
330
1
100
AcDbSymbolTableRecord
100
AcDbLayerTableRecord
  2
Defpoints
 70
0
 62
7
  6
Continuous
290
0
370
-3
390
13
347
21
  0
ENDTAB
  0
TABLE
  2
STYLE
  5
5
330
0
100
AcDbSymbolTable
 70
1
  0
STYLE
  5
29
330
5
100
AcDbSymbolTableRecord
100
AcDbTextStyleTableRecord
  2
Standard
 70
0
 40
0.0
 41
1.0
 50
0.0
 71
0
 42
2.5
  3
txt
  4

  0
ENDTAB
  0
TABLE
  2
VIEW
  5
7
330
0
100
AcDbSymbolTable
 70
0
  0
ENDTAB
  0
TABLE
  2
UCS
  5
6
330
0
100
AcDbSymbolTable
 70
0
  0
ENDTAB
  0
TABLE
  2
APPID
  5
3
330
0
100
AcDbSymbolTable
 70
3
  0
APPID
  5
2A
330
3
100
AcDbSymbolTableRecord
100
AcDbRegAppTableRecord
  2
ACAD
 70
0
  0
APPID
  5
3B
330
3
100
AcDbSymbolTableRecord
100
AcDbRegAppTableRecord
  2
HATCHBACKGROUNDCOLOR
 70
0
  0
APPID
  5
3C
330
3
100
AcDbSymbolTableRecord
100
AcDbRegAppTableRecord
  2
EZDXF
 70
0
  0
ENDTAB
  0
TABLE
  2
DIMSTYLE
  5
4
330
0
100
AcDbSymbolTable
 70
1
100
AcDbDimStyleTable
  0
DIMSTYLE
105
2B
330
4
100
AcDbSymbolTableRecord
100
AcDbDimStyleTableRecord
  2
Standard
 70
0
 40
1.0
 41
2.5
 42
0.625
 43
3.75
 44
1.25
 45
0.0
 46
0.0
 47
0.0
 48
0.0
 49
2.5
140
2.5
141
2.5
142
0.0
143
0.03937007874
144
1.0
145
0.0
146
1.0
147
0.625
148
0.0
 69
0
 70
0
 71
0
 72
0
 73
0
 74
0
 75
0
 76
0
 77
1
 78
8
 79
3
170
0
171
3
172
1
173
0
174
0
175
0
176
0
177
0
178
0
179
2
271
2
272
2
273
2
274
3
275
0
276
0
277
2
278
44
279
0
280
0
281
0
282
0
283
0
284
8
285
0
286
0
288
0
289
3
290
0
371
-2
372
-2
  0
ENDTAB
  0
TABLE
  2
BLOCK_RECORD
  5
9
330
0
100
AcDbSymbolTable
 70
2
  0
BLOCK_RECORD
  5
17
330
9
100
AcDbSymbolTableRecord
100
AcDbBlockTableRecord
  2
*Model_Space
340
1A
 70
0
280
1
281
0
  0
BLOCK_RECORD
  5
1B
330
9
100
AcDbSymbolTableRecord
100
AcDbBlockTableRecord
  2
*Paper_Space
340
1E
 70
0
280
1
281
0
  0
ENDTAB
  0
ENDSEC
  0
SECTION
  2
BLOCKS
  0
BLOCK
  5
18
330
17
100
AcDbEntity
  8
0
100
AcDbBlockBegin
  2
*Model_Space
 70
0
 10
0.0
 20
0.0
 30
0.0
  3
*Model_Space
  1

  0
ENDBLK
  5
19
330
17
100
AcDbEntity
  8
0
100
AcDbBlockEnd
  0
BLOCK
  5
1C
330
1B
100
AcDbEntity
  8
0
100
AcDbBlockBegin
  2
*Paper_Space
 70
0
 10
0.0
 20
0.0
 30
0.0
  3
*Paper_Space
  1

  0
ENDBLK
  5
1D
330
1B
100
AcDbEntity
  8
0
100
AcDbBlockEnd
  0
ENDSEC
  0
SECTION
  2
ENTITIES
  0
LWPOLYLINE
  5
2F
330
17
100
AcDbEntity
  8
0
100
AcDbPolyline
 90
608
 70
1
 10
176.08296
 20
-122.014742
 10
176.177448
 20
-121.569226
 10
176.276254
 20
-121.12599599999999
 10
176.37887
 20
-120.68530599999998
 10
176.48555
 20
-120.24690199999999
 10
176.596294
 20
-119.81052999999999
 10
176.710848
 20
-119.37644399999998
 10
176.829212
 20
-118.94438999999998
 10
176.951132
 20
-118.51411399999998
 10
177.076862
 20
-118.08561599999997
 10
177.206148
 20
-117.65889599999997
 10
177.33899000000002
 20
-117.23369999999997
 10
177.475134
 20
-116.81002799999997
 10
177.614834
 20
-116.38787999999998
 10
177.757836
 20
-115.96700199999998
 10
177.90413999999998
 20
-115.54739399999998
 10
178.05349199999998
 20
-115.12880199999998
 10
178.20589199999998
 20
-114.71122599999998
 10
178.36133999999998
 20
-114.29466599999998
 10
178.519836
 20
-113.87886799999998
 10
178.68138
 20
-113.46383199999998
 10
178.845718
 20
-113.04955799999999
 10
179.01285
 20
-112.63579199999998
 10
179.182776
 20
-112.22253399999998
 10
179.35524199999998
 20
-111.80952999999998
 10
179.53024799999997
 20
-111.39677999999998
 10
179.70779399999998
 20
-110.98428399999997
 10
179.88787999999994
 20
-110.57178799999997
 10
180.07025199999995
 20
-110.15929199999997
 10
180.25490999999994
 20
-109.74654199999996
 10
180.44185399999992
 20
-109.33353799999998
 10
180.63108399999993
 20
-108.92027999999998
 10
180.82234599999995
 20
-108.50676799999998
 10
181.01919599999994
 20
-108.08106399999998
 10
181.20944199999994
 20
-107.66450399999998
 10
181.39333799999994
 20
-107.25632599999997
 10
181.57088399999995
 20
-106.85602199999997
 10
181.74233399999994
 20
-106.46257599999997
 10
181.90794199999993
 20
-106.07522599999999
 10
182.06796199999994
 20
-105.69320999999998
 10
182.22239399999992
 20
-105.31576599999998
 10
182.37149199999993
 20
-104.94238599999997
 10
182.51525599999994
 20
-104.57205399999997
 10
182.65393999999995
 20
-104.20400799999996
 10
182.78779799999995
 20
-103.83748599999997
 10
182.91708399999996
 20
-103.47172599999996
 10
183.04179799999997
 20
-103.10596599999997
 10
183.16219399999997
 20
-102.73944399999996
 10
183.27852599999997
 20
-102.37139799999997
 10
183.39079399999997
 20
-102.00106599999997
 10
183.49925199999998
 20
-101.62743199999996
 10
183.60389999999998
 20
-101.24998799999996
 10
183.705246
 20
-100.86797199999995
 10
183.80328999999998
 20
-100.48062199999997
 10
183.89803199999997
 20
-100.08717599999997
 10
183.98997999999997
 20
-99.68661799999997
 10
184.07887999999997
 20
-99.27843999999996
 10
184.16523999999998
 20
-98.86187999999997
 10
184.24906
 20
-98.43592199999996
 10
184.33059400000002
 20
-98.00005799999995
 10
184.410096
 20
-97.55352599999996
 10
184.487566
 20
-97.09530999999997
 10
184.563258
 20
-96.62490199999998
 10
184.637426
 20
-96.14128599999998
 10
184.71006999999997
 20
-95.64395399999997
 10
184.71718199999998
 20
-95.60229799999998
 10
184.726072
 20
-95.56191199999998
 10
184.73699399999998
 20
-95.52254199999999
 10
184.74969399999998
 20
-95.48444199999999
 10
184.76417199999997
 20
-95.44735799999998
 10
184.78042799999997
 20
-95.41154399999998
 10
184.798208
 20
-95.37699999999997
 10
184.81776599999998
 20
-95.34372599999998
 10
184.83884799999998
 20
-95.31197599999997
 10
184.86145399999998
 20
-95.28149599999998
 10
184.88533
 20
-95.25253999999998
 10
184.91073
 20
-95.22510799999998
 10
184.9374
 20
-95.19919999999999
 10
184.96534
 20
-95.17481599999999
 10
184.99455
 20
-95.151956
 10
185.02477600000003
 20
-95.13062
 10
185.05627200000004
 20
-95.11106199999999
 10
185.08878400000003
 20
-95.093282
 10
185.12231200000002
 20
-95.07728
 10
185.15660200000002
 20
-95.063056
 10
185.191908
 20
-95.05061
 10
185.22797600000004
 20
-95.03994200000001
 10
185.26480600000002
 20
-95.03130600000001
 10
185.30214400000006
 20
-95.02444800000002
 10
185.34024400000004
 20
-95.01962200000003
 10
185.37885200000005
 20
-95.01682800000002
 10
185.41796800000006
 20
-95.01606600000002
 10
185.45759200000003
 20
-95.01733600000001
 10
185.49772400000003
 20
-95.02089200000002
 10
185.53811000000005
 20
-95.02648000000002
 10
185.57875000000004
 20
-95.03435400000002
 10
185.61964400000002
 20
-95.04451400000002
 10
186.26709000000002
 20
-95.22282200000002
 10
186.920886
 20
-95.40240000000003
 10
187.580524
 20
-95.58324800000001
 10
188.245496
 20
-95.76536600000001
 10
188.91554800000003
 20
-95.94850000000001
 10
189.59042600000004
 20
-96.13265000000003
 10
190.26936800000001
 20
-96.31756200000002
 10
190.95237400000002
 20
-96.50323600000002
 10
191.63868200000002
 20
-96.68967200000002
 10
192.32829200000003
 20
-96.87687000000003
 10
193.02044200000003
 20
-97.06457600000002
 10
193.71487800000006
 20
-97.25253600000002
 10
194.41134600000004
 20
-97.44100400000002
 10
195.10933800000004
 20
-97.62947200000004
 10
195.80834600000003
 20
-97.81819400000003
 10
196.50811600000003
 20
-98.00691600000003
 10
197.20814000000001
 20
-98.19563800000003
 10
197.90816400000003
 20
-98.38410600000003
 10
198.60768000000002
 20
-98.57257400000003
 10
199.30618
 20
-98.76053400000004
 10
200.00366400000001
 20
-98.94824000000003
 10
200.69937000000002
 20
-99.13543800000004
 10
201.39304400000003
 20
-99.32187400000004
 10
202.08417800000004
 20
-99.50754800000003
 10
202.77251800000002
 20
-99.69246000000004
 10
203.45781000000002
 20
-99.87661000000004
 10
204.13929200000004
 20
-100.05974400000004
 10
204.81671000000003
 20
-100.24186200000004
 10
205.48981000000003
 20
-100.42271000000004
 10
206.15808400000003
 20
-100.60228800000003
 10
206.821278
 20
-100.78059600000003
 10
207.47888400000002
 20
-100.95738000000004
 10
207.52282600000004
 20
-100.97033400000004
 10
207.56549800000005
 20
-100.98557400000003
 10
207.60715400000004
 20
-101.00284600000003
 10
207.64728600000004
 20
-101.02215000000004
 10
207.68614800000003
 20
-101.04323200000005
 10
207.72374000000005
 20
-101.06609200000004
 10
207.75980800000005
 20
-101.09073000000004
 10
207.79460600000004
 20
-101.11714600000003
 10
207.82788000000005
 20
-101.14508600000003
 10
207.85963000000004
 20
-101.17455000000002
 10
207.88960200000005
 20
-101.20553800000003
 10
207.91805000000005
 20
-101.23779600000003
 10
207.94472000000005
 20
-101.27132400000004
 10
207.96961200000004
 20
-101.30612200000003
 10
207.99272600000003
 20
-101.34219000000003
 10
208.01406200000002
 20
-101.37927400000004
 10
208.03336600000003
 20
-101.41737400000004
 10
208.05089200000003
 20
-101.45623600000003
 10
208.06638600000002
 20
-101.49586000000004
 10
208.07984800000003
 20
-101.53624600000003
 10
208.09127800000002
 20
-101.57739400000003
 10
208.100422
 20
-101.61905000000003
 10
208.10753400000002
 20
-101.66121400000003
 10
208.11236000000002
 20
-101.70388600000003
 10
208.1149
 20
-101.74681200000002
 10
208.115154
 20
-101.78999200000003
 10
208.113122
 20
-101.83342600000003
 10
208.10854999999998
 20
-101.87711400000003
 10
208.10143799999997
 20
-101.92080200000004
 10
208.09203999999997
 20
-101.96449000000004
 10
208.07984799999997
 20
-102.00792400000005
 10
208.06511599999996
 20
-102.05135800000004
 10
208.00847399999998
 20
-102.21341000000004
 10
207.95843599999998
 20
-102.37673200000003
 10
207.91474799999997
 20
-102.54107000000003
 10
207.87740999999997
 20
-102.70617000000001
 10
207.84667599999997
 20
-102.87203200000002
 10
207.82229199999998
 20
-103.03814800000002
 10
207.80451199999996
 20
-103.20451800000002
 10
207.79308199999997
 20
-103.37088800000001
 10
207.78825599999996
 20
-103.53675000000001
 10
207.79003399999996
 20
-103.70235800000002
 10
207.79841599999995
 20
-103.86720400000002
 10
207.81314799999996
 20
-104.031034
 10
207.83448399999995
 20
-104.19384800000002
 10
207.86267799999993
 20
-104.35513800000001
 10
207.89747599999993
 20
-104.51490400000002
 10
207.93887799999993
 20
-104.67289200000002
 10
207.98688399999992
 20
-104.82884800000001
 10
208.04174799999993
 20
-104.98251800000001
 10
208.10321599999992
 20
-105.13364800000002
 10
208.17128799999992
 20
-105.28223800000002
 10
208.2462179999999
 20
-105.42778000000001
 10
208.3280059999999
 20
-105.57027400000001
 10
208.4163979999999
 20
-105.709466
 10
208.5116479999999
 20
-105.84510200000001
 10
208.6137559999999
 20
-105.97692800000002
 10
208.7227219999999
 20
-106.10469
 10
208.8385459999999
 20
-106.228134
 10
208.9612279999999
 20
-106.34726
 10
209.09076799999988
 20
-106.461814
 10
209.22741999999988
 20
-106.571288
 10
209.3709299999999
 20
-106.67568200000001
 10
209.5212979999999
 20
-106.774742
 10
209.5596519999999
 20
-106.80014200000001
 10
209.59622799999988
 20
-106.826812
 10
209.6307719999999
 20
-106.85475200000002
 10
209.6632839999999
 20
-106.88396200000001
 10
209.6940179999999
 20
-106.91444200000002
 10
209.7227199999999
 20
-106.94593800000003
 10
209.74938999999992
 20
-106.97845000000002
 10
209.7740279999999
 20
-107.01197800000001
 10
209.79663399999993
 20
-107.04626800000001
 10
209.8172079999999
 20
-107.08132
 10
209.8357499999999
 20
-107.11713400000002
 10
209.8520059999999
 20
-107.15371000000002
 10
209.86622999999992
 20
-107.19079400000003
 10
209.87842199999992
 20
-107.22864000000003
 10
209.88832799999992
 20
-107.26699400000003
 10
209.8962019999999
 20
-107.30560200000002
 10
209.90178999999992
 20
-107.34471800000001
 10
209.90534599999992
 20
-107.38408800000002
 10
209.90661599999993
 20
-107.42371200000001
 10
209.9058539999999
 20
-107.46333600000001
 10
209.9028059999999
 20
-107.50296000000002
 10
209.89747199999994
 20
-107.54283800000002
 10
209.88985199999993
 20
-107.58246200000002
 10
209.87994599999993
 20
-107.62208600000001
 10
209.86800799999995
 20
-107.66145600000002
 10
209.85378399999993
 20
-107.70057200000001
 10
209.8370199999999
 20
-107.73943400000002
 10
209.81796999999992
 20
-107.77778800000002
 10
209.79663399999993
 20
-107.81588800000002
 10
209.77301199999994
 20
-107.85348000000002
 10
209.74710399999992
 20
-107.89031000000001
 10
209.71865599999995
 20
-107.92663200000001
 10
209.52332999999993
 20
-108.16793200000001
 10
209.33613199999994
 20
-108.4072
 10
209.15680799999996
 20
-108.64443600000001
 10
208.98535799999996
 20
-108.87989400000002
 10
208.82127399999996
 20
-109.11382800000001
 10
208.66480999999996
 20
-109.34623800000001
 10
208.51545799999997
 20
-109.57737800000002
 10
208.37321799999998
 20
-109.80724800000002
 10
208.237836
 20
-110.03610200000003
 10
208.109058
 20
-110.26419400000003
 10
207.986884
 20
-110.49152400000003
 10
207.87106
 20
-110.71809200000003
 10
207.76133199999998
 20
-110.94415200000002
 10
207.657446
 20
-111.16995800000002
 10
207.559402
 20
-111.39551000000002
 10
207.466946
 20
-111.62106200000001
 10
207.380078
 20
-111.84686800000001
 10
207.29829
 20
-112.072928
 10
207.22158199999998
 20
-112.299242
 10
207.1497
 20
-112.52631800000002
 10
207.082644
 20
-112.75390200000002
 10
207.019906
 20
-112.98250200000001
 10
206.96174
 20
-113.21211800000002
 10
206.907638
 20
-113.44275000000002
 10
206.8576
 20
-113.67465200000002
 10
206.811118
 20
-113.90807800000002
 10
206.768446
 20
-114.14302800000002
 10
206.729076
 20
-114.37975600000001
 10
206.693008
 20
-114.61826200000003
 10
206.659988
 20
-114.85880000000003
 10
206.62976199999997
 20
-115.10137000000002
 10
206.60233
 20
-115.34622600000003
 10
206.52104999999997
 20
-116.03659800000003
 10
206.424784
 20
-116.72874800000004
 10
206.314548
 20
-117.42318400000003
 10
206.19135799999998
 20
-118.11965200000003
 10
206.05622999999997
 20
-118.81840600000002
 10
205.910688
 20
-119.51970000000003
 10
205.75549399999997
 20
-120.22378800000003
 10
205.591918
 20
-120.93067000000003
 10
205.42122999999998
 20
-121.64034600000004
 10
205.24444599999998
 20
-122.35307000000003
 10
205.06258199999996
 20
-123.06909600000003
 10
204.87690799999996
 20
-123.78842400000003
 10
204.68843999999999
 20
-124.51105400000003
 10
204.49844799999997
 20
-125.23749400000004
 10
204.30794799999995
 20
-125.96774400000004
 10
204.11820999999998
 20
-126.70180400000004
 10
203.93024999999997
 20
-127.43992800000004
 10
203.74508399999996
 20
-128.18211600000004
 10
203.56398199999998
 20
-128.92887600000003
 10
203.38821399999998
 20
-129.67995400000004
 10
203.21879599999997
 20
-130.43560400000004
 10
203.05674399999995
 20
-131.19608000000005
 10
202.90332799999993
 20
-131.96138200000007
 10
202.75956399999993
 20
-132.73176400000006
 10
202.62672199999992
 20
-133.50748000000007
 10
202.50581799999992
 20
-134.28853000000007
 10
202.39812199999994
 20
-135.07491400000006
 10
202.30464999999992
 20
-135.86688600000008
 10
202.22667199999992
 20
-136.66470000000007
 10
202.16520399999993
 20
-137.46835600000009
 10
202.12126199999992
 20
-138.27810800000006
 10
202.0961159999999
 20
-139.09395600000008
 10
202.0925599999999
 20
-139.15593200000006
 10
202.08468599999992
 20
-139.21613000000008
 10
202.07249399999992
 20
-139.27455000000006
 10
202.05623799999992
 20
-139.33119200000007
 10
202.03617199999994
 20
-139.38580200000007
 10
202.01229599999994
 20
-139.43838000000008
 10
201.98486399999996
 20
-139.48892600000005
 10
201.95412999999996
 20
-139.53744000000006
 10
201.92034799999993
 20
-139.58392200000006
 10
201.88351799999995
 20
-139.62811800000006
 10
201.84363999999994
 20
-139.67002800000006
 10
201.80122199999994
 20
-139.70965200000003
 10
201.75626399999993
 20
-139.74673600000003
 10
201.70901999999992
 20
-139.78153400000002
 10
201.6594899999999
 20
-139.813792
 10
201.6079279999999
 20
-139.84350999999998
 10
201.5545879999999
 20
-139.87068799999997
 10
201.4997239999999
 20
-139.89507199999997
 10
201.4433359999999
 20
-139.916662
 10
201.3856779999999
 20
-139.93545799999998
 10
201.32674999999992
 20
-139.95145999999997
 10
201.2670599999999
 20
-139.964668
 10
201.2066079999999
 20
-139.97482799999997
 10
201.1453939999999
 20
-139.98193999999998
 10
201.0836719999999
 20
-139.98600399999998
 10
201.02169599999988
 20
-139.98701999999997
 10
200.95971999999986
 20
-139.98473399999997
 10
200.89774399999988
 20
-139.97939999999997
 10
200.83602199999984
 20
-139.97076399999997
 10
200.77480799999987
 20
-139.95857199999998
 10
200.71410199999985
 20
-139.94307799999999
 10
200.65415799999985
 20
-139.92402799999996
 10
200.55585999999985
 20
-139.88922999999997
 10
200.45756199999988
 20
-139.854432
 10
200.35926399999988
 20
-139.819634
 10
200.2609659999999
 20
-139.784836
 10
200.1626679999999
 20
-139.75003800000002
 10
200.06436999999994
 20
-139.71524000000005
 10
199.96607199999994
 20
-139.68044200000006
 10
199.86777399999997
 20
-139.64564400000006
 10
199.76947599999997
 20
-139.6108460000001
 10
199.671178
 20
-139.5760480000001
 10
199.57288
 20
-139.5412500000001
 10
199.47458200000003
 20
-139.50645200000014
 10
199.37628400000003
 20
-139.47165400000014
 10
199.27798600000006
 20
-139.43685600000015
 10
199.17968800000006
 20
-139.40205800000018
 10
199.08139000000008
 20
-139.3672600000002
 10
198.98309200000008
 20
-139.3324620000002
 10
198.8847940000001
 20
-139.29766400000022
 10
198.7864960000001
 20
-139.26286600000023
 10
198.68819800000014
 20
-139.22806800000023
 10
198.58990000000014
 20
-139.19327000000027
 10
198.49160200000017
 20
-139.15847200000027
 10
198.39330400000017
 20
-139.12367400000028
 10
198.2950060000002
 20
-139.0888760000003
 10
198.1967080000002
 20
-139.05407800000032
 10
198.09841000000023
 20
-139.01928000000032
 10
198.00011200000023
 20
-138.98448200000036
 10
197.90181400000026
 20
-138.94968400000036
 10
197.80351600000026
 20
-138.91488600000037
 10
197.7052180000003
 20
-138.8800880000004
 10
197.6069200000003
 20
-138.8452900000004
 10
197.50862200000032
 20
-138.8104920000004
 10
197.4943980000003
 20
-138.80719000000042
 10
197.4804280000003
 20
-138.8033800000004
 10
197.4667120000003
 20
-138.7990620000004
 10
197.4532500000003
 20
-138.7942360000004
 10
197.44004200000032
 20
-138.7889020000004
 10
197.4270880000003
 20
-138.78280600000042
 10
197.4146420000003
 20
-138.7762020000004
 10
197.4024500000003
 20
-138.7690900000004
 10
197.3905120000003
 20
-138.7617240000004
 10
197.37908200000032
 20
-138.75385000000043
 10
197.36790600000032
 20
-138.74546800000041
 10
197.3572380000003
 20
-138.73657800000043
 10
197.34682400000028
 20
-138.72718000000043
 10
197.3369180000003
 20
-138.7175280000004
 10
197.32752000000028
 20
-138.70736800000043
 10
197.3183760000003
 20
-138.69695400000043
 10
197.30974000000032
 20
-138.6860320000004
 10
197.3016120000003
 20
-138.67485600000043
 10
197.29399200000032
 20
-138.6631720000004
 10
197.2866260000003
 20
-138.65123400000041
 10
197.2797680000003
 20
-138.6390420000004
 10
197.2734180000003
 20
-138.6265960000004
 10
197.2675760000003
 20
-138.6138960000004
 10
197.2622420000003
 20
-138.6009420000004
 10
197.2576700000003
 20
-138.5877340000004
 10
197.2536060000003
 20
-138.5742720000004
 10
197.2500500000003
 20
-138.56055600000042
 10
197.24700200000032
 20
-138.54658600000042
 10
197.2444620000003
 20
-138.5323620000004
 10
197.24268400000034
 20
-138.5178840000004
 10
197.24141400000033
 20
-138.5034060000004
 10
197.24065200000032
 20
-138.4886740000004
 10
197.23760400000035
 20
-138.3700560000004
 10
197.23404800000034
 20
-138.2514380000004
 10
197.22973000000033
 20
-138.13307400000042
 10
197.22465000000034
 20
-138.0149640000004
 10
197.2188080000003
 20
-137.8971080000004
 10
197.21195000000031
 20
-137.77976000000038
 10
197.2038220000003
 20
-137.66292000000038
 10
197.19467800000032
 20
-137.54658800000038
 10
197.1842640000003
 20
-137.4310180000004
 10
197.1725800000003
 20
-137.31621000000038
 10
197.15937200000027
 20
-137.2024180000004
 10
197.1446400000003
 20
-137.08938800000038
 10
197.1283840000003
 20
-136.97737400000037
 10
197.1103500000003
 20
-136.86663000000036
 10
197.0905380000003
 20
-136.75715600000035
 10
197.0689480000003
 20
-136.64895200000032
 10
197.0453260000003
 20
-136.54201800000033
 10
197.0196720000003
 20
-136.43660800000032
 10
196.99198600000028
 20
-136.33272200000033
 10
196.96201400000027
 20
-136.23061400000032
 10
196.92975600000028
 20
-136.13003000000035
 10
196.8949580000003
 20
-136.03122400000032
 10
196.85762000000028
 20
-135.93445000000034
 10
196.81774200000027
 20
-135.83970800000031
 10
196.77532400000027
 20
-135.74699800000033
 10
196.73011200000028
 20
-135.65632000000033
 10
196.6821060000003
 20
-135.56792800000034
 10
196.63105200000027
 20
-135.48182200000034
 10
196.57695000000027
 20
-135.39825600000034
 10
196.5198000000003
 20
-135.31723000000034
 10
196.45934800000026
 20
-135.23874400000037
 10
196.39559400000027
 20
-135.16279800000035
 10
196.33184000000028
 20
-135.09244000000035
 10
196.26554600000028
 20
-135.02411400000034
 10
196.1969660000003
 20
-134.95782000000037
 10
196.1261000000003
 20
-134.89330400000034
 10
196.05320200000028
 20
-134.83056600000037
 10
195.97801800000028
 20
-134.76986000000036
 10
195.90080200000028
 20
-134.71093200000035
 10
195.82180800000026
 20
-134.65352800000036
 10
195.74078200000028
 20
-134.59790200000035
 10
195.65797800000027
 20
-134.54380000000037
 10
195.5733960000003
 20
-134.49147600000035
 10
195.48729000000026
 20
-134.44067600000034
 10
195.39940600000025
 20
-134.39140000000035
 10
195.30999800000026
 20
-134.34339400000036
 10
195.21906600000028
 20
-134.29691200000036
 10
195.12686400000027
 20
-134.25170000000037
 10
195.03339200000025
 20
-134.20801200000037
 10
194.93865000000025
 20
-134.16534000000036
 10
194.84263800000022
 20
-134.12393800000035
 10
194.74561000000026
 20
-134.08380600000035
 10
194.64756600000024
 20
-134.04469000000034
 10
194.54850600000026
 20
-134.00684400000034
 10
194.44843000000026
 20
-133.97001400000036
 10
194.34759200000025
 20
-133.93420000000037
 10
194.24599200000026
 20
-133.89940200000038
 10
194.14363000000023
 20
-133.86536600000036
 10
194.04076000000026
 20
-133.83234600000037
 10
193.93738200000024
 20
-133.8000880000004
 10
193.83349600000025
 20
-133.76859200000038
 10
193.72910200000027
 20
-133.7378580000004
 10
193.62445400000024
 20
-133.70788600000037
 10
193.51955200000023
 20
-133.67842200000038
 10
193.20459200000025
 20
-133.59180800000038
 10
192.88861600000024
 20
-133.5059560000004
 10
192.57137000000023
 20
-133.4208660000004
 10
192.25336200000024
 20
-133.3365380000004
 10
191.93459200000024
 20
-133.25271800000036
 10
191.61506000000023
 20
-133.16966000000036
 10
191.29502000000022
 20
-133.08711000000037
 10
190.97447200000025
 20
-133.00506800000036
 10
190.65367000000023
 20
-132.92353400000036
 10
190.33286800000022
 20
-132.84225400000034
 10
190.01206600000023
 20
-132.76148200000034
 10
189.69151800000023
 20
-132.68096400000036
 10
189.37122400000024
 20
-132.60070000000033
 10
189.05143800000025
 20
-132.52069000000031
 10
188.73216000000025
 20
-132.4406800000003
 10
188.41364400000026
 20
-132.36092400000032
 10
188.09614400000024
 20
-132.28116800000032
 10
187.77966000000026
 20
-132.20141200000035
 10
187.46419200000025
 20
-132.12165600000034
 10
187.15024800000026
 20
-132.04190000000037
 10
186.83757400000027
 20
-131.96189000000035
 10
186.52667800000026
 20
-131.88162600000032
 10
186.21730600000026
 20
-131.80110800000034
 10
185.90996600000025
 20
-131.72033600000034
 10
185.60465800000026
 20
-131.63931000000034
 10
185.30138200000027
 20
-131.55777600000033
 10
185.0003920000003
 20
-131.47598800000034
 10
184.7019420000003
 20
-131.39369200000036
 10
184.4060320000003
 20
-131.31088800000035
 10
184.1126620000003
 20
-131.22732200000036
 10
183.8220860000003
 20
-131.14324800000034
 10
183.53455800000032
 20
-131.05841200000037
 10
183.39003200000033
 20
-131.01497800000035
 10
183.24398200000033
 20
-130.97078200000036
 10
183.0964080000003
 20
-130.92582400000035
 10
182.94731000000033
 20
-130.88061200000035
 10
182.7969420000003
 20
-130.83514600000035
 10
182.64530400000032
 20
-130.78993400000036
 10
182.49239600000033
 20
-130.74523000000036
 10
182.33847200000034
 20
-130.70103400000036
 10
182.1837860000003
 20
-130.65785400000036
 10
182.02808400000032
 20
-130.61594400000038
 10
181.87162000000032
 20
-130.57555800000037
 10
181.7146480000003
 20
-130.53695000000036
 10
181.5571680000003
 20
-130.50062800000035
 10
181.3991800000003
 20
-130.46659200000036
 10
181.24093800000028
 20
-130.43509600000036
 10
181.0824420000003
 20
-130.40664800000036
 10
180.9236920000003
 20
-130.38124800000034
 10
180.7649420000003
 20
-130.35940400000035
 10
180.6061920000003
 20
-130.34111600000034
 10
180.4476960000003
 20
-130.32689200000033
 10
180.28945400000026
 20
-130.31698600000033
 10
180.13146600000027
 20
-130.31165200000035
 10
179.97398600000028
 20
-130.31089000000034
 10
179.81701400000026
 20
-130.31546200000034
 10
179.66080400000027
 20
-130.32536800000034
 10
179.5053560000003
 20
-130.34086200000036
 10
179.35067000000026
 20
-130.36219800000035
 10
179.19700000000026
 20
-130.38963000000032
 10
179.04434600000027
 20
-130.42366600000034
 10
178.89296200000027
 20
-130.46430600000033
 10
178.74284800000027
 20
-130.5120580000003
 10
178.59400400000027
 20
-130.56692200000032
 10
178.44947800000025
 20
-130.6278820000003
 10
178.30850800000027
 20
-130.69468400000034
 10
178.17109400000027
 20
-130.76707400000032
 10
178.03723600000026
 20
-130.84479800000034
 10
177.90693400000023
 20
-130.92785600000033
 10
177.77993400000025
 20
-131.01574000000033
 10
177.65623600000026
 20
-131.10845000000035
 10
177.53584000000023
 20
-131.2054780000003
 10
177.41874600000023
 20
-131.30682400000032
 10
177.30470000000025
 20
-131.41223400000032
 10
177.19370200000026
 20
-131.52170800000033
 10
177.08575200000027
 20
-131.63473800000034
 10
176.98085000000026
 20
-131.75107000000034
 10
176.87899600000026
 20
-131.87070400000033
 10
176.77993600000028
 20
-131.99338600000033
 10
176.68367000000026
 20
-132.11886200000032
 10
176.59019800000024
 20
-132.24687800000032
 10
176.49926600000026
 20
-132.37718000000035
 10
176.41112800000028
 20
-132.50951400000034
 10
176.32553000000027
 20
-132.64388000000034
 10
176.24247200000028
 20
-132.77977000000033
 10
176.16170000000028
 20
-132.91718400000033
 10
176.0834680000003
 20
-133.05586800000034
 10
176.00752200000028
 20
-133.19556800000032
 10
175.9338620000003
 20
-133.33603000000033
 10
175.8624880000003
 20
-133.47700000000032
 10
175.7931460000003
 20
-133.61847800000032
 10
175.7258360000003
 20
-133.75995600000033
 10
175.6608120000003
 20
-133.90143400000034
 10
175.5975660000003
 20
-134.04265800000033
 10
175.5363520000003
 20
-134.18337400000033
 10
175.4769160000003
 20
-134.32332800000034
 10
175.4606600000003
 20
-134.35812600000034
 10
175.4421180000003
 20
-134.38987600000033
 10
175.42154400000032
 20
-134.41857800000034
 10
175.3989380000003
 20
-134.44448600000035
 10
175.3748080000003
 20
-134.46760000000035
 10
175.34915400000028
 20
-134.48792000000034
 10
175.3219760000003
 20
-134.50544600000035
 10
175.2937820000003
 20
-134.52017800000033
 10
175.2645720000003
 20
-134.53237000000036
 10
175.23460000000028
 20
-134.54176800000036
 10
175.20412000000027
 20
-134.54862600000035
 10
175.1731320000003
 20
-134.55294400000037
 10
175.14214400000031
 20
-134.55472200000037
 10
175.1109020000003
 20
-134.55396000000036
 10
175.07991400000031
 20
-134.55065800000034
 10
175.04918000000032
 20
-134.54507000000032
 10
175.0189540000003
 20
-134.53719600000034
 10
174.9894900000003
 20
-134.52703600000035
 10
174.9610420000003
 20
-134.51459000000037
 10
174.93361000000033
 20
-134.49985800000036
 10
174.90744800000033
 20
-134.48284000000035
 10
174.88281000000035
 20
-134.46379000000036
 10
174.85969600000035
 20
-134.44245400000037
 10
174.83836000000036
 20
-134.41908600000036
 10
174.81905600000036
 20
-134.39368600000037
 10
174.80203800000035
 20
-134.36650800000035
 10
174.78730600000034
 20
-134.33729800000037
 10
174.77511400000034
 20
-134.30605600000035
 10
174.76571600000034
 20
-134.27303600000036
 10
174.75911200000036
 20
-134.23823800000036
 10
174.75581000000034
 20
-134.20166200000037
 10
174.75581000000034
 20
-134.16330800000037
 10
174.77105000000034
 20
-133.80694600000038
 10
174.78832200000033
 20
-133.44347200000036
 10
174.80737200000033
 20
-133.07339400000038
 10
174.82845400000033
 20
-132.69722000000036
 10
174.85131400000034
 20
-132.3157120000004
 10
174.87595200000032
 20
-131.92937800000038
 10
174.90236800000034
 20
-131.53847200000038
 10
174.93056200000035
 20
-131.14401000000038
 10
174.96053400000037
 20
-130.74624600000038
 10
174.99228400000035
 20
-130.34594200000038
 10
175.02581200000034
 20
-129.94335200000037
 10
175.06111800000033
 20
-129.53923800000038
 10
175.09794800000034
 20
-129.13436200000038
 10
175.13655600000035
 20
-128.72897800000038
 10
175.17668800000035
 20
-128.32384800000037
 10
175.21834400000034
 20
-127.91948000000038
 10
175.26152400000035
 20
-127.51638200000038
 10
175.30648200000036
 20
-127.11531600000038
 10
175.35271000000034
 20
-126.71653600000037
 10
175.40046200000035
 20
-126.32080400000038
 10
175.44973800000034
 20
-125.92862800000039
 10
175.50053800000035
 20
-125.54077000000039
 10
175.55260800000036
 20
-125.15748400000038
 10
175.60620200000037
 20
-124.77953200000039
 10
175.66106600000037
 20
-124.4074220000004
 10
175.71720000000036
 20
-124.0416620000004
 10
175.77460400000038
 20
-123.6830140000004
 10
175.83327800000038
 20
-123.3317320000004
 10
175.89322200000035
 20
-122.9885780000004
 10
175.95443600000036
 20
-122.6540600000004
 10
176.01692000000034
 20
-122.32894000000042
  0
LWPOLYLINE
  5
30
330
17
100
AcDbEntity
  8
0
100
AcDbPolyline
 90
256
 70
1
 10
178.57724000000033
 20
-132.62686200000041
 10
178.60213200000032
 20
-132.60374800000042
 10
178.62702400000032
 20
-132.5806340000004
 10
178.65217000000032
 20
-132.5577740000004
 10
178.67757000000034
 20
-132.53491400000038
 10
178.70297000000033
 20
-132.5123080000004
 10
178.72862400000034
 20
-132.48970200000036
 10
178.75453200000032
 20
-132.46735000000038
 10
178.78069400000032
 20
-132.44525200000038
 10
178.8068560000003
 20
-132.42340800000036
 10
178.8332720000003
 20
-132.40181800000036
 10
178.85994200000033
 20
-132.38048200000037
 10
178.8868660000003
 20
-132.35965400000038
 10
178.9140440000003
 20
-132.33908000000037
 10
178.9414760000003
 20
-132.31901400000038
 10
178.9691620000003
 20
-132.29920200000038
 10
178.99710200000033
 20
-132.27989800000037
 10
179.0252960000003
 20
-132.2611020000004
 10
179.0537440000003
 20
-132.2428140000004
 10
179.08244600000032
 20
-132.2250340000004
 10
179.1114020000003
 20
-132.2077620000004
 10
179.14061200000032
 20
-132.19125200000036
 10
179.17007600000034
 20
-132.17525000000037
 10
179.1997940000003
 20
-132.1600100000004
 10
179.2300200000003
 20
-132.1452780000004
 10
179.26050000000032
 20
-132.13130800000042
 10
179.29123400000032
 20
-132.1181000000004
 10
179.3222220000003
 20
-132.1056540000004
 10
179.3537180000003
 20
-132.09397000000038
 10
179.38546800000032
 20
-132.08330200000037
 10
179.41747200000032
 20
-132.0733960000004
 10
179.4499840000003
 20
-132.0642520000004
 10
179.48275000000032
 20
-132.05612400000038
 10
179.5162780000003
 20
-132.0487580000004
 10
179.5498060000003
 20
-132.0424080000004
 10
179.5833340000003
 20
-132.03707400000042
 10
179.6171160000003
 20
-132.0325020000004
 10
179.6508980000003
 20
-132.0289460000004
 10
179.6846800000003
 20
-132.02615200000042
 10
179.71846200000033
 20
-132.02437400000042
 10
179.75249800000032
 20
-132.02335800000043
 10
179.78653400000033
 20
-132.02310400000042
 10
179.82057000000034
 20
-132.0236120000004
 10
179.85460600000033
 20
-132.02488200000042
 10
179.88864200000035
 20
-132.0266600000004
 10
179.92267800000033
 20
-132.0292000000004
 10
179.95671400000035
 20
-132.03224800000038
 10
179.99075000000036
 20
-132.03580400000038
 10
180.02478600000035
 20
-132.03986800000038
 10
180.05882200000036
 20
-132.04444000000038
 10
180.09285800000035
 20
-132.04952000000037
 10
180.12689400000036
 20
-132.0551080000004
 10
180.16093000000038
 20
-132.0612040000004
 10
180.19496600000036
 20
-132.06755400000037
 10
180.22900200000038
 20
-132.0744120000004
 10
180.2630380000004
 20
-132.0815240000004
 10
180.2968200000004
 20
-132.0888900000004
 10
180.3306020000004
 20
-132.0965100000004
 10
180.3643840000004
 20
-132.10438400000038
 10
180.39816600000043
 20
-132.11251200000038
 10
180.4316940000004
 20
-132.1206400000004
 10
180.46522200000038
 20
-132.1290220000004
 10
180.49875000000037
 20
-132.1374040000004
 10
180.53227800000036
 20
-132.1457860000004
 10
180.56555200000037
 20
-132.1544220000004
 10
180.94960000000034
 20
-132.25272000000038
 10
181.33364800000032
 20
-132.35101800000038
 10
181.7176960000003
 20
-132.44931600000035
 10
182.1017440000003
 20
-132.54761400000035
 10
182.4857920000003
 20
-132.64591200000032
 10
182.86984000000027
 20
-132.74421000000032
 10
183.25388800000025
 20
-132.8425080000003
 10
183.63793600000025
 20
-132.9408060000003
 10
184.02198400000023
 20
-133.03910400000026
 10
184.4060320000002
 20
-133.13740200000026
 10
184.7900800000002
 20
-133.23570000000026
 10
185.1741280000002
 20
-133.33399800000024
 10
185.55817600000017
 20
-133.43229600000024
 10
185.94222400000015
 20
-133.5305940000002
 10
186.32627200000013
 20
-133.6288920000002
 10
186.71032000000014
 20
-133.72719000000018
 10
187.09436800000012
 20
-133.82548800000018
 10
187.4784160000001
 20
-133.92378600000015
 10
187.86246400000007
 20
-134.02208400000015
 10
188.24651200000008
 20
-134.12038200000012
 10
188.63056000000006
 20
-134.21868000000012
 10
189.01460800000004
 20
-134.3169780000001
 10
189.39865600000002
 20
-134.4152760000001
 10
189.78270400000002
 20
-134.51357400000006
 10
190.166752
 20
-134.61187200000006
 10
190.55079999999998
 20
-134.71017000000003
 10
190.93484799999996
 20
-134.80846800000003
 10
191.31889599999997
 20
-134.906766
 10
191.70294399999995
 20
-135.005064
 10
192.08699199999992
 20
-135.10336199999998
 10
192.4710399999999
 20
-135.20165999999998
 10
192.8550879999999
 20
-135.29995799999995
 10
192.9272239999999
 20
-135.31849999999994
 10
192.9996139999999
 20
-135.33729599999992
 10
193.07200399999988
 20
-135.35634599999995
 10
193.14464799999988
 20
-135.37564999999995
 10
193.21729199999984
 20
-135.39546199999995
 10
193.28993599999984
 20
-135.41552799999994
 10
193.36232599999983
 20
-135.43610199999995
 10
193.4347159999998
 20
-135.4574379999999
 10
193.5068519999998
 20
-135.47928199999993
 10
193.57873399999983
 20
-135.50188799999995
 10
193.65036199999983
 20
-135.52525599999993
 10
193.72148199999984
 20
-135.54938599999994
 10
193.79234799999983
 20
-135.57427799999994
 10
193.86270599999983
 20
-135.60018599999992
 10
193.93255599999983
 20
-135.62710999999993
 10
194.00164399999986
 20
-135.65504999999993
 10
194.07022399999983
 20
-135.68425999999994
 10
194.13804199999984
 20
-135.71448599999994
 10
194.20509799999985
 20
-135.74598199999994
 10
194.27113799999987
 20
-135.77874799999995
 10
194.33641599999984
 20
-135.81303799999995
 10
194.40067799999986
 20
-135.84859799999995
 10
194.46392399999985
 20
-135.88568199999992
 10
194.52615399999985
 20
-135.92428999999993
 10
194.58736799999986
 20
-135.96442199999996
 10
194.64731199999986
 20
-136.00633199999993
 10
194.70598599999985
 20
-136.05001999999993
 10
194.76338999999984
 20
-136.09548599999994
 10
194.81952399999986
 20
-136.14272999999994
 10
194.87413399999986
 20
-136.19175199999995
 10
194.92747399999988
 20
-136.24280599999994
 10
194.97928999999985
 20
-136.29589199999992
 10
195.01992999999985
 20
-136.3403419999999
 10
195.05929999999984
 20
-136.3858079999999
 10
195.09714599999984
 20
-136.4322899999999
 10
195.13372199999984
 20
-136.47978799999993
 10
195.16902799999986
 20
-136.5283019999999
 10
195.20306399999984
 20
-136.5775779999999
 10
195.23582999999985
 20
-136.62786999999992
 10
195.26732599999985
 20
-136.6789239999999
 10
195.29729799999987
 20
-136.7307399999999
 10
195.3262539999999
 20
-136.7833179999999
 10
195.35393999999988
 20
-136.83665799999991
 10
195.3803559999999
 20
-136.8907599999999
 10
195.4055019999999
 20
-136.9453699999999
 10
195.42937799999993
 20
-137.0007419999999
 10
195.45198399999995
 20
-137.05662199999992
 10
195.47357399999996
 20
-137.1130099999999
 10
195.49389399999995
 20
-137.1699059999999
 10
195.51319799999996
 20
-137.2273099999999
 10
195.53123199999996
 20
-137.2852219999999
 10
195.54824999999997
 20
-137.34338799999992
 10
195.56399799999997
 20
-137.40206199999992
 10
195.57872999999998
 20
-137.4609899999999
 10
195.59244599999997
 20
-137.5201719999999
 10
195.60489199999995
 20
-137.5796079999999
 10
195.61632199999994
 20
-137.6392979999999
 10
195.62673599999997
 20
-137.69924199999988
 10
195.63613399999997
 20
-137.7594399999999
 10
195.64451599999998
 20
-137.81963799999988
 10
195.65188199999997
 20
-137.87983599999987
 10
195.65823199999997
 20
-137.94003399999986
 10
195.66356599999997
 20
-138.00048599999988
 10
195.66813799999997
 20
-138.06068399999987
 10
195.67220199999997
 20
-138.12062799999987
 10
195.67651999999998
 20
-138.18006399999987
 10
195.680838
 20
-138.23873799999987
 10
195.685156
 20
-138.2969039999999
 10
195.68947400000002
 20
-138.35456199999987
 10
195.69379200000003
 20
-138.41171199999988
 10
195.69811000000004
 20
-138.4686079999999
 10
195.70242800000005
 20
-138.5249959999999
 10
195.70649200000005
 20
-138.5811299999999
 10
195.71030200000004
 20
-138.6370099999999
 10
195.71411200000003
 20
-138.6926359999999
 10
195.71766800000003
 20
-138.7480079999999
 10
195.72097000000005
 20
-138.8031259999999
 10
195.72376400000005
 20
-138.85798999999992
 10
195.72630400000003
 20
-138.9128539999999
 10
195.72833600000004
 20
-138.9677179999999
 10
195.73011400000004
 20
-139.02258199999991
 10
195.73138400000002
 20
-139.07744599999992
 10
195.73214600000006
 20
-139.1323099999999
 10
195.73240000000004
 20
-139.1871739999999
 10
195.73189200000004
 20
-139.2422919999999
 10
195.73087600000005
 20
-139.2976639999999
 10
195.72909800000005
 20
-139.3532899999999
 10
195.72681200000005
 20
-139.40916999999993
 10
195.72376400000007
 20
-139.46530399999992
 10
195.71995400000006
 20
-139.52169199999992
 10
195.71538200000006
 20
-139.57858799999994
 10
195.70979400000004
 20
-139.63573799999995
 10
195.70344400000005
 20
-139.69339599999992
 10
195.69607800000006
 20
-139.75156199999995
 10
195.68769600000005
 20
-139.81023599999995
 10
195.67829800000004
 20
-139.8694179999999
 10
195.07352400000005
 20
-139.71777999999992
 10
194.47052800000006
 20
-139.56639599999994
 10
193.86931000000007
 20
-139.41501199999993
 10
193.26961600000007
 20
-139.2638819999999
 10
192.67144600000006
 20
-139.11275199999992
 10
192.07454600000005
 20
-138.9618759999999
 10
191.47891600000005
 20
-138.8109999999999
 10
190.88430200000005
 20
-138.66012399999988
 10
190.29070400000003
 20
-138.50950199999988
 10
189.69786800000006
 20
-138.35887999999989
 10
189.10579400000006
 20
-138.20825799999992
 10
188.51448200000007
 20
-138.0578899999999
 10
187.92367800000005
 20
-137.90752199999991
 10
187.33312800000004
 20
-137.75715399999993
 10
186.74283200000005
 20
-137.60678599999991
 10
186.15279000000007
 20
-137.45641799999993
 10
185.56274800000006
 20
-137.3060499999999
 10
184.97245200000006
 20
-137.15568199999993
 10
184.38190200000005
 20
-137.00531399999994
 10
183.79109800000006
 20
-136.85494599999993
 10
183.19978600000007
 20
-136.70457799999994
 10
182.60771200000005
 20
-136.55395599999994
 10
182.01487600000007
 20
-136.40333399999997
 10
181.4212780000001
 20
-136.25271199999997
 10
180.82666400000008
 20
-136.10183599999996
 10
180.23103400000008
 20
-135.95095999999995
 10
179.63413400000007
 20
-135.80008399999994
 10
179.03596400000006
 20
-135.64895399999992
 10
178.43627000000006
 20
-135.49782399999992
 10
177.83505200000008
 20
-135.34643999999992
 10
177.23205600000006
 20
-135.1950559999999
 10
176.62728200000006
 20
-135.04341799999992
 10
176.67782800000006
 20
-134.96010599999994
 10
176.72888200000006
 20
-134.87730199999993
 10
176.78069800000006
 20
-134.7947519999999
 10
176.83327600000004
 20
-134.71270999999993
 10
176.88661600000006
 20
-134.6311759999999
 10
176.94071800000006
 20
-134.55014999999992
 10
176.99558200000004
 20
-134.46963199999993
 10
177.05095400000005
 20
-134.38962199999992
 10
177.10708800000003
 20
-134.3101199999999
 10
177.16398400000006
 20
-134.2311259999999
 10
177.22138800000005
 20
-134.15238599999992
 10
177.27955400000008
 20
-134.07440799999992
 10
177.33848200000006
 20
-133.9966839999999
 10
177.39791800000006
 20
-133.9197219999999
 10
177.45811600000005
 20
-133.84326799999988
 10
177.51907600000007
 20
-133.7673219999999
 10
177.58054400000006
 20
-133.69188399999987
 10
177.64277400000006
 20
-133.6169539999999
 10
177.70551200000006
 20
-133.5425319999999
 10
177.76901200000003
 20
-133.46861799999988
 10
177.83302000000003
 20
-133.39521199999987
 10
177.89779000000004
 20
-133.3225679999999
 10
177.96306800000002
 20
-133.2504319999999
 10
178.029108
 20
-133.1788039999999
 10
178.095656
 20
-133.1076839999999
 10
178.16296599999998
 20
-133.0373259999999
 10
178.230784
 20
-132.9674759999999
 10
178.299364
 20
-132.89813399999989
 10
178.36845200000002
 20
-132.8295539999999
 10
178.438048
 20
-132.7614819999999
 10
178.50840600000004
 20
-132.69391799999988
  0
LWPOLYLINE
  5
31
330
17
100
AcDbEntity
  8
0
100
AcDbPolyline
 90
160
 70
1
 10
286.34563
 20
-62.50152599999989
 10
286.057848
 20
-62.49187399999989
 10
285.770066
 20
-62.48222199999989
 10
285.482284
 20
-62.472569999999884
 10
285.194502
 20
-62.46291799999988
 10
284.90671999999995
 20
-62.45326599999988
 10
284.61893799999996
 20
-62.443613999999876
 10
284.33115599999996
 20
-62.43396199999987
 10
284.0433739999999
 20
-62.42430999999987
 10
283.7555919999999
 20
-62.41465799999987
 10
283.46780999999993
 20
-62.405005999999865
 10
283.1800279999999
 20
-62.39535399999986
 10
282.8922459999999
 20
-62.38570199999986
 10
282.6044639999999
 20
-62.37604999999985
 10
282.3166819999999
 20
-62.36639799999985
 10
282.02889999999985
 20
-62.356745999999845
 10
281.74111799999986
 20
-62.34709399999984
 10
281.45333599999987
 20
-62.33744199999984
 10
281.1655539999998
 20
-62.32778999999984
 10
280.8777719999998
 20
-62.318137999999834
 10
280.58998999999983
 20
-62.30848599999983
 10
280.3022079999998
 20
-62.29883399999983
 10
280.0144259999998
 20
-62.289181999999826
 10
279.7266439999998
 20
-62.27952999999982
 10
279.4388619999998
 20
-62.26987799999982
 10
279.15107999999975
 20
-62.26022599999982
 10
278.86329799999976
 20
-62.250573999999816
 10
278.57551599999977
 20
-62.24092199999981
 10
278.2877339999997
 20
-62.23126999999981
 10
277.9999519999997
 20
-62.22161799999981
 10
277.71216999999973
 20
-62.211965999999805
 10
277.42438799999974
 20
-62.2023139999998
 10
277.1366059999997
 20
-62.1926619999998
 10
277.04033999999973
 20
-62.523877999999804
 10
276.9440739999998
 20
-62.8550939999998
 10
276.84780799999976
 20
-63.1863099999998
 10
276.7515419999998
 20
-63.517525999999805
 10
276.65527599999984
 20
-63.8487419999998
 10
276.55900999999983
 20
-64.1799579999998
 10
276.4627439999999
 20
-64.5111739999998
 10
276.3664779999999
 20
-64.84238999999981
 10
276.2702119999999
 20
-65.1736059999998
 10
276.17394599999994
 20
-65.50482199999979
 10
276.07768
 20
-65.83603799999979
 10
275.981414
 20
-66.16725399999977
 10
275.885148
 20
-66.49846999999977
 10
275.78888200000006
 20
-66.82968599999977
 10
275.69261600000004
 20
-67.16090199999975
 10
275.5963500000001
 20
-67.49211799999975
 10
275.50008400000013
 20
-67.82333399999975
 10
275.4038180000001
 20
-68.15454999999974
 10
275.30755200000016
 20
-68.48576599999973
 10
275.2112860000002
 20
-68.81698199999973
 10
275.1150200000002
 20
-69.14819799999972
 10
275.01875400000023
 20
-69.47941399999971
 10
274.92248800000027
 20
-69.8106299999997
 10
274.82622200000026
 20
-70.1418459999997
 10
274.7299560000003
 20
-70.47306199999969
 10
274.63369000000034
 20
-70.80427799999968
 10
274.5374240000003
 20
-71.13549399999968
 10
274.44115800000037
 20
-71.46670999999967
 10
274.3448920000004
 20
-71.79792599999966
 10
274.2486260000004
 20
-72.12914199999966
 10
274.15236000000044
 20
-72.46035799999964
 10
274.0560940000005
 20
-72.79157399999964
 10
274.4627480000005
 20
-72.79030399999965
 10
274.86940200000055
 20
-72.78903399999965
 10
275.27605600000055
 20
-72.78776399999965
 10
275.6827100000006
 20
-72.78649399999965
 10
276.0893640000006
 20
-72.78522399999964
 10
276.4960180000006
 20
-72.78395399999965
 10
276.9026720000007
 20
-72.78268399999965
 10
277.3093260000007
 20
-72.78141399999966
 10
277.71598000000074
 20
-72.78014399999965
 10
278.12263400000074
 20
-72.77887399999966
 10
278.5292880000008
 20
-72.77760399999966
 10
278.9359420000008
 20
-72.77633399999966
 10
279.34259600000087
 20
-72.77506399999966
 10
279.74925000000087
 20
-72.77379399999965
 10
280.1559040000009
 20
-72.77252399999966
 10
280.56255800000093
 20
-72.77125399999966
 10
280.96921200000094
 20
-72.76998399999967
 10
281.375866000001
 20
-72.76871399999966
 10
281.782520000001
 20
-72.76744399999967
 10
282.18917400000106
 20
-72.76617399999967
 10
282.59582800000106
 20
-72.76490399999967
 10
283.0024820000011
 20
-72.76363399999967
 10
283.4091360000011
 20
-72.76236399999966
 10
283.81579000000113
 20
-72.76109399999967
 10
284.2224440000012
 20
-72.75982399999967
 10
284.6290980000012
 20
-72.75855399999968
 10
285.03575200000125
 20
-72.75728399999967
 10
285.44240600000126
 20
-72.75601399999968
 10
285.8490600000013
 20
-72.75474399999968
 10
286.2557140000013
 20
-72.75347399999968
 10
286.6623680000014
 20
-72.75220399999968
 10
287.0690220000014
 20
-72.75093399999969
 10
287.07232400000134
 20
-72.45781799999968
 10
287.07562600000136
 20
-72.16470199999968
 10
287.0789280000013
 20
-71.87158599999968
 10
287.0822300000013
 20
-71.57846999999968
 10
287.0855320000013
 20
-71.28535399999969
 10
287.08883400000127
 20
-70.99223799999969
 10
287.09213600000123
 20
-70.69912199999969
 10
287.0954380000012
 20
-70.40600599999969
 10
287.0987400000012
 20
-70.1128899999997
 10
287.1020420000012
 20
-69.8197739999997
 10
287.10534400000114
 20
-69.52665799999968
 10
287.10864600000116
 20
-69.23354199999969
 10
287.1119480000011
 20
-68.94042599999969
 10
287.1152500000011
 20
-68.64730999999969
 10
287.1185520000011
 20
-68.3541939999997
 10
287.12185400000106
 20
-68.0610779999997
 10
287.125156000001
 20
-67.7679619999997
 10
287.12845800000105
 20
-67.4748459999997
 10
287.131760000001
 20
-67.1817299999997
 10
287.13506200000097
 20
-66.8886139999997
 10
287.13836400000093
 20
-66.5954979999997
 10
287.14166600000095
 20
-66.3023819999997
 10
287.1449680000009
 20
-66.0092659999997
 10
287.1482700000009
 20
-65.7161499999997
 10
287.1515720000009
 20
-65.4230339999997
 10
287.15487400000086
 20
-65.1299179999997
 10
287.1581760000008
 20
-64.83680199999971
 10
287.16147800000084
 20
-64.54368599999971
 10
287.1647800000008
 20
-64.25056999999971
 10
287.16808200000077
 20
-63.95745399999971
 10
287.1713840000007
 20
-63.66433799999971
 10
287.17468600000075
 20
-63.37122199999971
 10
287.17443200000076
 20
-63.32727999999971
 10
287.17189200000075
 20
-63.28409999999971
 10
287.16732000000076
 20
-63.241427999999715
 10
287.1607160000007
 20
-63.199263999999715
 10
287.1520800000007
 20
-63.15786199999971
 10
287.14141200000074
 20
-63.117221999999714
 10
287.12871200000075
 20
-63.077343999999705
 10
287.11423400000075
 20
-63.03822799999971
 10
287.0979780000007
 20
-63.000127999999705
 10
287.07994400000075
 20
-62.96304399999971
 10
287.06013200000075
 20
-62.92697599999971
 10
287.03879600000073
 20
-62.89192399999971
 10
287.01593600000075
 20
-62.85788799999971
 10
286.99129800000077
 20
-62.825121999999716
 10
286.9653900000007
 20
-62.79362599999972
 10
286.9379580000007
 20
-62.76339999999972
 10
286.9090020000007
 20
-62.73444399999972
 10
286.87877600000076
 20
-62.706757999999716
 10
286.84728000000075
 20
-62.68059599999971
 10
286.81451400000077
 20
-62.65595799999971
 10
286.78047800000076
 20
-62.63284399999971
 10
286.7454260000008
 20
-62.611253999999704
 10
286.70935800000075
 20
-62.5914419999997
 10
286.67202000000077
 20
-62.573153999999704
 10
286.63366600000074
 20
-62.55664399999971
 10
286.59455000000077
 20
-62.54216599999971
 10
286.5544180000008
 20
-62.52946599999971
 10
286.51352400000076
 20
-62.51854399999971
 10
286.47186800000077
 20
-62.509653999999706
 10
286.4294500000008
 20
-62.502795999999705
 10
286.38627000000076
 20
-62.497969999999704
  0
LWPOLYLINE
  5
32
330
17
100
AcDbEntity
  8
0
100
AcDbPolyline
 90
480
 70
1
 10
249.19406600000076
 20
-61.23482799999971
 10
249.09780000000077
 20
-61.588903999999715
 10
248.99797800000076
 20
-61.932057999999714
 10
248.89460000000074
 20
-62.264035999999706
 10
248.78741200000073
 20
-62.584837999999706
 10
248.67616000000075
 20
-62.89446399999971
 10
248.56059000000073
 20
-63.19316799999971
 10
248.44070200000073
 20
-63.4806959999997
 10
248.31598800000074
 20
-63.757047999999706
 10
248.18644800000075
 20
-64.02222399999971
 10
248.05208200000075
 20
-64.27647799999971
 10
247.91238200000075
 20
-64.51955599999971
 10
247.76734800000074
 20
-64.75145799999972
 10
247.61672600000077
 20
-64.97218399999971
 10
247.46026200000077
 20
-65.18173399999971
 10
247.29770200000078
 20
-65.38010799999971
 10
247.12904600000078
 20
-65.56730599999972
 10
246.9540400000008
 20
-65.7433279999997
 10
246.77243000000078
 20
-65.9081739999997
 10
246.58396200000078
 20
-66.06184399999971
 10
246.3886360000008
 20
-66.20433799999971
 10
246.18594400000077
 20
-66.33565599999972
 10
245.97588600000077
 20
-66.45579799999972
 10
245.75846200000078
 20
-66.56450999999971
 10
245.5331640000008
 20
-66.66204599999972
 10
245.2999920000008
 20
-66.7484059999997
 10
245.05869200000078
 20
-66.82358999999971
 10
244.8090100000008
 20
-66.8873439999997
 10
244.5506920000008
 20
-66.9399219999997
 10
244.28373800000077
 20
-66.9813239999997
 10
244.00789400000076
 20
-67.0112959999997
 10
243.7229060000008
 20
-67.0300919999997
 10
243.4285200000008
 20
-67.0377119999997
 10
242.95836600000078
 20
-67.0407599999997
 10
242.48821200000077
 20
-67.0438079999997
 10
242.0180580000008
 20
-67.04685599999969
 10
241.54790400000078
 20
-67.0499039999997
 10
241.07775000000078
 20
-67.05295199999969
 10
240.6075960000008
 20
-67.0559999999997
 10
240.1374420000008
 20
-67.05904799999969
 10
239.66728800000078
 20
-67.0620959999997
 10
239.19713400000077
 20
-67.06514399999969
 10
238.7269800000008
 20
-67.0681919999997
 10
238.25682600000079
 20
-67.0712399999997
 10
237.78667200000078
 20
-67.0742879999997
 10
237.3165180000008
 20
-67.0773359999997
 10
236.8463640000008
 20
-67.0803839999997
 10
236.37621000000078
 20
-67.0834319999997
 10
235.90605600000077
 20
-67.0864799999997
 10
235.4359020000008
 20
-67.0895279999997
 10
234.9657480000008
 20
-67.0925759999997
 10
234.49559400000078
 20
-67.0956239999997
 10
234.0254400000008
 20
-67.0986719999997
 10
233.5552860000008
 20
-67.1017199999997
 10
233.08513200000078
 20
-67.1047679999997
 10
232.61497800000078
 20
-67.1078159999997
 10
232.1448240000008
 20
-67.1108639999997
 10
231.6746700000008
 20
-67.1139119999997
 10
231.20451600000078
 20
-67.1169599999997
 10
230.7343620000008
 20
-67.1200079999997
 10
230.2642080000008
 20
-67.1230559999997
 10
229.79405400000078
 20
-67.1261039999997
 10
229.32390000000078
 20
-67.1291519999997
 10
228.8537460000008
 20
-67.1321999999997
 10
228.3835920000008
 20
-67.1352479999997
 10
228.3404120000008
 20
-67.1352479999997
 10
228.29748600000082
 20
-67.1347399999997
 10
228.25456000000082
 20
-67.13372399999969
 10
228.2116340000008
 20
-67.1321999999997
 10
228.1687080000008
 20
-67.1301679999997
 10
228.1257820000008
 20
-67.1276279999997
 10
228.08285600000082
 20
-67.12457999999971
 10
228.04018400000083
 20
-67.12102399999971
 10
227.99751200000082
 20
-67.1169599999997
 10
227.95484000000081
 20
-67.11238799999971
 10
227.91216800000083
 20
-67.1073079999997
 10
227.8697500000008
 20
-67.10171999999972
 10
227.8273320000008
 20
-67.09562399999972
 10
227.7849140000008
 20
-67.0890199999997
 10
227.7427500000008
 20
-67.0819079999997
 10
227.70058600000078
 20
-67.07428799999971
 10
227.65842200000077
 20
-67.06615999999971
 10
227.61651200000077
 20
-67.05752399999972
 10
227.57460200000077
 20
-67.04837999999972
 10
227.53294600000078
 20
-67.03872799999972
 10
227.4912900000008
 20
-67.02856799999971
 10
227.44963400000077
 20
-67.01789999999971
 10
227.4082320000008
 20
-67.00672399999972
 10
227.36708400000077
 20
-66.99503999999972
 10
227.32593600000075
 20
-66.98284799999972
 10
227.28504200000077
 20
-66.97014799999972
 10
227.2441480000008
 20
-66.95693999999972
 10
227.2035080000008
 20
-66.94322399999972
 10
227.1628680000008
 20
-66.92899999999973
 10
227.12248200000082
 20
-66.91426799999972
 10
227.08235000000082
 20
-66.89902799999973
 10
227.04221800000082
 20
-66.88327999999973
 10
227.0043720000008
 20
-66.86803999999972
 10
226.9665260000008
 20
-66.85279999999972
 10
226.9286800000008
 20
-66.83755999999973
 10
226.8908340000008
 20
-66.82231999999972
 10
226.8529880000008
 20
-66.80707999999971
 10
226.8151420000008
 20
-66.79183999999972
 10
226.7772960000008
 20
-66.77659999999972
 10
226.7394500000008
 20
-66.76135999999973
 10
226.7016040000008
 20
-66.74611999999972
 10
226.6637580000008
 20
-66.73087999999971
 10
226.6259120000008
 20
-66.71563999999972
 10
226.5880660000008
 20
-66.70039999999972
 10
226.5502200000008
 20
-66.68515999999971
 10
226.5123740000008
 20
-66.66991999999972
 10
226.4745280000008
 20
-66.65467999999971
 10
226.4366820000008
 20
-66.63943999999971
 10
226.39883600000078
 20
-66.62419999999972
 10
226.3609900000008
 20
-66.60895999999971
 10
226.3231440000008
 20
-66.59371999999972
 10
226.2852980000008
 20
-66.57847999999971
 10
226.2474520000008
 20
-66.56323999999971
 10
226.2096060000008
 20
-66.54799999999972
 10
226.1717600000008
 20
-66.53275999999971
 10
226.1339140000008
 20
-66.5175199999997
 10
226.0960680000008
 20
-66.50227999999971
 10
226.0582220000008
 20
-66.48703999999971
 10
226.0203760000008
 20
-66.4717999999997
 10
225.9825300000008
 20
-66.45655999999971
 10
225.9446840000008
 20
-66.4413199999997
 10
225.9068380000008
 20
-66.4260799999997
 10
225.8689920000008
 20
-66.41083999999971
 10
225.83114600000079
 20
-66.3955999999997
 10
225.1600780000008
 20
-66.39610799999971
 10
224.48901000000077
 20
-66.39661599999971
 10
223.81794200000076
 20
-66.3971239999997
 10
223.14687400000074
 20
-66.39763199999972
 10
222.47580600000072
 20
-66.39813999999971
 10
221.80473800000073
 20
-66.39864799999972
 10
221.1336700000007
 20
-66.39915599999972
 10
220.4626020000007
 20
-66.39966399999973
 10
219.79153400000067
 20
-66.40017199999973
 10
219.12046600000065
 20
-66.40067999999972
 10
218.44939800000066
 20
-66.40118799999973
 10
217.77833000000064
 20
-66.40169599999973
 10
217.10726200000062
 20
-66.40220399999974
 10
216.4361940000006
 20
-66.40271199999974
 10
215.7651260000006
 20
-66.40321999999975
 10
215.0940580000006
 20
-66.40372799999975
 10
214.42299000000057
 20
-66.40423599999974
 10
213.75192200000055
 20
-66.40474399999975
 10
213.08085400000053
 20
-66.40525199999975
 10
212.40978600000054
 20
-66.40575999999976
 10
211.73871800000052
 20
-66.40626799999976
 10
211.0676500000005
 20
-66.40677599999977
 10
210.39658200000048
 20
-66.40728399999976
 10
209.72551400000046
 20
-66.40779199999976
 10
209.05444600000047
 20
-66.40829999999977
 10
208.38337800000045
 20
-66.40880799999977
 10
207.71231000000043
 20
-66.40931599999978
 10
207.0412420000004
 20
-66.40982399999977
 10
206.37017400000042
 20
-66.41033199999978
 10
205.6991060000004
 20
-66.41083999999978
 10
205.02803800000038
 20
-66.41134799999978
 10
204.35697000000036
 20
-66.41185599999979
 10
204.32014000000038
 20
-66.45274999999978
 10
204.28229400000038
 20
-66.49262799999978
 10
204.24343200000035
 20
-66.53174399999978
 10
204.20330000000035
 20
-66.56984399999978
 10
204.16215200000036
 20
-66.60692799999978
 10
204.11998800000035
 20
-66.64299599999977
 10
204.07655400000033
 20
-66.67804799999978
 10
204.03210400000034
 20
-66.71208399999978
 10
203.98663800000034
 20
-66.74510399999977
 10
203.93990200000036
 20
-66.77685399999977
 10
203.89215000000036
 20
-66.80758799999977
 10
203.84338200000036
 20
-66.83705199999976
 10
203.79334400000036
 20
-66.86549999999977
 10
203.74229000000034
 20
-66.89267799999978
 10
203.69022000000032
 20
-66.91858599999978
 10
203.63688000000033
 20
-66.94322399999976
 10
203.58252400000032
 20
-66.96659199999976
 10
203.5271520000003
 20
-66.98868999999976
 10
203.47051000000033
 20
-67.00951799999976
 10
203.41285200000033
 20
-67.02882199999976
 10
203.35417800000033
 20
-67.04685599999976
 10
203.29423400000036
 20
-67.06336599999977
 10
203.23327400000034
 20
-67.07835199999978
 10
203.17129800000035
 20
-67.09206799999977
 10
203.10805200000033
 20
-67.10425999999977
 10
203.0437900000003
 20
-67.11492799999976
 10
202.97851200000034
 20
-67.12407199999976
 10
202.91196400000035
 20
-67.13143799999976
 10
202.84440000000035
 20
-67.13727999999976
 10
202.77582000000035
 20
-67.14159799999976
 10
202.70597000000038
 20
-67.14413799999977
 10
202.63510400000035
 20
-67.14489999999977
 10
202.35418000000035
 20
-67.13118399999976
 10
202.09154400000037
 20
-67.09105199999976
 10
201.84694200000038
 20
-67.02628199999977
 10
201.62037400000037
 20
-66.93865199999976
 10
201.41209400000037
 20
-66.82993999999975
 10
201.22184800000034
 20
-66.70192399999975
 10
201.04989000000035
 20
-66.55638199999976
 10
200.89596600000036
 20
-66.39509199999976
 10
200.76007600000034
 20
-66.21957799999977
 10
200.64247400000036
 20
-66.03187199999978
 10
200.54290600000036
 20
-65.83349799999978
 10
200.46162600000034
 20
-65.62648799999977
 10
200.39838000000032
 20
-65.41236599999976
 10
200.35316800000032
 20
-65.19290999999977
 10
200.32624400000032
 20
-64.96989799999977
 10
200.31735400000034
 20
-64.74536199999979
 10
200.32649800000033
 20
-64.52082599999979
 10
200.35367600000032
 20
-64.29781399999979
 10
200.3991420000003
 20
-64.07835799999978
 10
200.4626420000003
 20
-63.86423599999979
 10
200.5441760000003
 20
-63.65722599999979
 10
200.64374400000034
 20
-63.45885199999979
 10
200.76160000000036
 20
-63.27114599999979
 10
200.89749000000035
 20
-63.09563199999979
 10
201.05141400000034
 20
-62.93434199999979
 10
201.22337200000035
 20
-62.78879999999979
 10
201.41336400000034
 20
-62.66078399999979
 10
201.62164400000037
 20
-62.55207199999979
 10
201.84795800000035
 20
-62.46444199999979
 10
202.09230600000035
 20
-62.399671999999796
 10
202.35468800000035
 20
-62.3595399999998
 10
202.63510400000035
 20
-62.345823999999794
 10
202.68920600000035
 20
-62.3463319999998
 10
202.74254600000037
 20
-62.3478559999998
 10
202.79537800000037
 20
-62.3503959999998
 10
202.84744800000038
 20
-62.353697999999795
 10
202.89901000000037
 20
-62.35801599999979
 10
202.94981000000038
 20
-62.36334999999979
 10
203.00010200000037
 20
-62.36944599999979
 10
203.04963200000037
 20
-62.37655799999979
 10
203.09865400000038
 20
-62.38443199999979
 10
203.14691400000038
 20
-62.39332199999979
 10
203.19466600000038
 20
-62.402973999999794
 10
203.24165600000038
 20
-62.4136419999998
 10
203.28813800000037
 20
-62.425071999999794
 10
203.33385800000036
 20
-62.43726399999979
 10
203.37907000000035
 20
-62.45047199999979
 10
203.42352000000034
 20
-62.46444199999979
 10
203.46746200000035
 20
-62.47917399999979
 10
203.51064200000033
 20
-62.49466799999979
 10
203.55331400000034
 20
-62.51092399999979
 10
203.59522400000034
 20
-62.52794199999979
 10
203.63662600000032
 20
-62.54572199999979
 10
203.67726600000032
 20
-62.564263999999795
 10
203.71739800000032
 20
-62.583567999999794
 10
203.75676800000033
 20
-62.60363399999979
 10
203.79563000000033
 20
-62.62446199999979
 10
203.83373000000032
 20
-62.64605199999979
 10
203.87132200000033
 20
-62.66814999999979
 10
203.9081520000003
 20
-62.69100999999979
 10
203.94447400000033
 20
-62.71463199999979
 10
203.98003400000033
 20
-62.73876199999979
 10
204.01483200000033
 20
-62.76365399999979
 10
204.04912200000032
 20
-62.78905399999979
 10
204.73263600000033
 20
-62.78168799999979
 10
205.41615000000033
 20
-62.77432199999979
 10
206.09966400000033
 20
-62.766955999999794
 10
206.78317800000033
 20
-62.7595899999998
 10
207.46669200000034
 20
-62.75222399999979
 10
208.15020600000037
 20
-62.744857999999795
 10
208.83372000000037
 20
-62.7374919999998
 10
209.51723400000037
 20
-62.7301259999998
 10
210.20074800000037
 20
-62.722759999999795
 10
210.88426200000038
 20
-62.7153939999998
 10
211.5677760000004
 20
-62.7080279999998
 10
212.2512900000004
 20
-62.7006619999998
 10
212.9348040000004
 20
-62.693295999999805
 10
213.61831800000041
 20
-62.6859299999998
 10
214.30183200000042
 20
-62.6785639999998
 10
214.98534600000045
 20
-62.671197999999805
 10
215.66886000000045
 20
-62.66383199999981
 10
216.35237400000045
 20
-62.65646599999981
 10
217.03588800000045
 20
-62.649099999999805
 10
217.71940200000046
 20
-62.64173399999981
 10
218.4029160000005
 20
-62.63436799999981
 10
219.0864300000005
 20
-62.62700199999981
 10
219.7699440000005
 20
-62.61963599999981
 10
220.4534580000005
 20
-62.61226999999981
 10
221.1369720000005
 20
-62.60490399999981
 10
221.82048600000053
 20
-62.597537999999815
 10
222.50400000000053
 20
-62.59017199999982
 10
223.18751400000053
 20
-62.58280599999981
 10
223.87102800000054
 20
-62.575439999999816
 10
224.55454200000054
 20
-62.56807399999982
 10
225.23805600000054
 20
-62.56070799999982
 10
225.92157000000057
 20
-62.553341999999816
 10
225.92360200000059
 20
-62.48882599999982
 10
225.92563400000057
 20
-62.42430999999982
 10
225.92766600000058
 20
-62.35979399999982
 10
225.9296980000006
 20
-62.295277999999826
 10
225.9317300000006
 20
-62.23076199999983
 10
225.93376200000063
 20
-62.16624599999983
 10
225.93579400000064
 20
-62.10172999999983
 10
225.93782600000063
 20
-62.037213999999835
 10
225.93985800000064
 20
-61.97269799999984
 10
225.94189000000065
 20
-61.90818199999984
 10
225.94392200000067
 20
-61.84366599999984
 10
225.94595400000068
 20
-61.779149999999845
 10
225.9479860000007
 20
-61.71463399999985
 10
225.9500180000007
 20
-61.65011799999985
 10
225.9520500000007
 20
-61.58560199999985
 10
225.9540820000007
 20
-61.521085999999855
 10
225.95611400000072
 20
-61.45656999999986
 10
225.95814600000074
 20
-61.39205399999986
 10
225.96017800000075
 20
-61.32753799999986
 10
225.96221000000077
 20
-61.263021999999864
 10
225.96424200000075
 20
-61.19850599999987
 10
225.96627400000077
 20
-61.13398999999987
 10
225.96830600000078
 20
-61.06947399999987
 10
225.9703380000008
 20
-61.004957999999874
 10
225.9723700000008
 20
-60.94044199999988
 10
225.97440200000082
 20
-60.87592599999988
 10
225.97643400000084
 20
-60.81140999999988
 10
225.97846600000082
 20
-60.746893999999884
 10
225.98049800000084
 20
-60.682377999999886
 10
225.98253000000085
 20
-60.61786199999989
 10
225.98456200000086
 20
-60.55334599999989
 10
225.98659400000088
 20
-60.48882999999989
 10
225.19132000000087
 20
-60.46114399999989
 10
224.3960460000009
 20
-60.43345799999989
 10
223.6007720000009
 20
-60.405771999999885
 10
222.8054980000009
 20
-60.37808599999989
 10
222.0102240000009
 20
-60.35039999999989
 10
221.21495000000093
 20
-60.322713999999884
 10
220.41967600000092
 20
-60.29502799999988
 10
219.62440200000094
 20
-60.26734199999988
 10
218.82912800000094
 20
-60.239655999999876
 10
218.03385400000096
 20
-60.21196999999987
 10
217.23858000000095
 20
-60.18428399999987
 10
216.44330600000094
 20
-60.15659799999987
 10
215.64803200000097
 20
-60.128911999999865
 10
214.85275800000096
 20
-60.10122599999986
 10
214.05748400000098
 20
-60.07353999999986
 10
213.26221000000098
 20
-60.045853999999856
 10
212.466936000001
 20
-60.018167999999854
 10
211.671662000001
 20
-59.99048199999986
 10
210.87638800000101
 20
-59.962795999999855
 10
210.081114000001
 20
-59.93510999999985
 10
209.28584000000103
 20
-59.90742399999985
 10
208.49056600000102
 20
-59.87973799999985
 10
207.69529200000105
 20
-59.852051999999844
 10
206.90001800000104
 20
-59.82436599999984
 10
206.10474400000106
 20
-59.79667999999984
 10
205.30947000000106
 20
-59.768993999999836
 10
204.51419600000108
 20
-59.74130799999983
 10
203.71892200000107
 20
-59.71362199999983
 10
202.92364800000107
 20
-59.68593599999983
 10
202.1283740000011
 20
-59.658249999999825
 10
201.33310000000108
 20
-59.63056399999982
 10
200.5378260000011
 20
-59.602877999999826
 10
200.4316540000011
 20
-60.023247999999825
 10
200.3254820000011
 20
-60.44361799999982
 10
200.2193100000011
 20
-60.86398799999982
 10
200.1131380000011
 20
-61.28435799999983
 10
200.00696600000109
 20
-61.704727999999825
 10
199.9007940000011
 20
-62.125097999999824
 10
199.79462200000108
 20
-62.54546799999982
 10
199.6884500000011
 20
-62.96583799999983
 10
199.58227800000108
 20
-63.386207999999826
 10
199.4761060000011
 20
-63.806577999999824
 10
199.36993400000108
 20
-64.22694799999982
 10
199.2637620000011
 20
-64.64731799999983
 10
199.15759000000108
 20
-65.06768799999982
 10
199.0514180000011
 20
-65.48805799999981
 10
198.94524600000108
 20
-65.9084279999998
 10
198.83907400000106
 20
-66.3287979999998
 10
198.73290200000108
 20
-66.7491679999998
 10
198.62673000000106
 20
-67.16953799999979
 10
198.52055800000107
 20
-67.58990799999978
 10
198.41438600000106
 20
-68.01027799999977
 10
198.30821400000107
 20
-68.43064799999976
 10
198.20204200000106
 20
-68.85101799999975
 10
198.09587000000107
 20
-69.27138799999975
 10
197.98969800000106
 20
-69.69175799999974
 10
197.88352600000107
 20
-70.11212799999974
 10
197.77735400000105
 20
-70.53249799999973
 10
197.67118200000107
 20
-70.95286799999973
 10
197.56501000000105
 20
-71.37323799999972
 10
197.45883800000107
 20
-71.79360799999971
 10
197.35266600000105
 20
-72.2139779999997
 10
197.24649400000106
 20
-72.63434799999969
 10
197.14032200000105
 20
-73.05471799999968
 10
198.96150200000105
 20
-73.04862199999968
 10
200.78268200000102
 20
-73.04252599999968
 10
202.60386200000102
 20
-73.03642999999968
 10
204.425042000001
 20
-73.03033399999968
 10
206.246222000001
 20
-73.02423799999968
 10
208.06740200000098
 20
-73.01814199999968
 10
209.88858200000098
 20
-73.01204599999969
 10
211.70976200000098
 20
-73.00594999999969
 10
213.53094200000095
 20
-72.99985399999969
 10
215.35212200000095
 20
-72.99375799999969
 10
217.17330200000094
 20
-72.98766199999969
 10
218.99448200000091
 20
-72.98156599999969
 10
220.8156620000009
 20
-72.97546999999969
 10
222.6368420000009
 20
-72.96937399999969
 10
224.45802200000088
 20
-72.96327799999969
 10
226.27920200000088
 20
-72.95718199999969
 10
228.10038200000088
 20
-72.95108599999969
 10
229.92156200000088
 20
-72.94498999999968
 10
231.74274200000085
 20
-72.93889399999968
 10
233.56392200000084
 20
-72.93279799999968
 10
235.38510200000084
 20
-72.92670199999968
 10
237.2062820000008
 20
-72.92060599999968
 10
239.0274620000008
 20
-72.91450999999968
 10
240.8486420000008
 20
-72.90841399999968
 10
242.66982200000078
 20
-72.90231799999968
 10
244.49100200000078
 20
-72.89622199999968
 10
246.31218200000077
 20
-72.89012599999968
 10
248.13336200000077
 20
-72.88402999999968
 10
249.95454200000074
 20
-72.87793399999968
 10
251.77572200000074
 20
-72.87183799999968
 10
253.59690200000074
 20
-72.86574199999968
 10
255.4180820000007
 20
-72.85964599999969
 10
255.5163800000007
 20
-72.50658599999969
 10
255.61467800000068
 20
-72.15327199999967
 10
255.71297600000068
 20
-71.80021199999969
 10
255.81127400000065
 20
-71.44715199999969
 10
255.90957200000065
 20
-71.09409199999969
 10
256.00787000000065
 20
-70.74077799999968
 10
256.1061680000006
 20
-70.3877179999997
 10
256.2044660000006
 20
-70.0346579999997
 10
256.3027640000006
 20
-69.6815979999997
 10
256.4010620000006
 20
-69.32828399999968
 10
256.49936000000054
 20
-68.9752239999997
 10
256.59765800000054
 20
-68.6221639999997
 10
256.69595600000054
 20
-68.2691039999997
 10
256.79425400000054
 20
-67.91578999999969
 10
256.8925520000005
 20
-67.5627299999997
 10
256.9908500000005
 20
-67.2096699999997
 10
257.0891480000005
 20
-66.8566099999997
 10
257.1874460000005
 20
-66.50329599999971
 10
257.2857440000004
 20
-66.15023599999971
 10
257.3840420000004
 20
-65.79717599999971
 10
257.4823400000004
 20
-65.44411599999971
 10
257.5806380000004
 20
-65.09080199999971
 10
257.67893600000036
 20
-64.73774199999971
 10
257.77723400000036
 20
-64.38468199999971
 10
257.87553200000036
 20
-64.03162199999971
 10
257.97383000000036
 20
-63.67856199999972
 10
258.0721280000003
 20
-63.32550199999972
 10
258.1704260000003
 20
-62.972441999999724
 10
258.2687240000003
 20
-62.61938199999973
 10
258.3670220000003
 20
-62.26632199999973
 10
258.46532000000025
 20
-61.91326199999974
 10
258.56361800000025
 20
-61.56020199999974
 10
258.27050200000025
 20
-61.55029599999975
 10
257.97738600000025
 20
-61.540389999999746
 10
257.68427000000025
 20
-61.53048399999975
 10
257.39115400000026
 20
-61.52057799999975
 10
257.09803800000026
 20
-61.51067199999976
 10
256.80492200000026
 20
-61.50076599999976
 10
256.51180600000026
 20
-61.49085999999976
 10
256.21869000000027
 20
-61.48095399999977
 10
255.92557400000027
 20
-61.47104799999977
 10
255.63245800000027
 20
-61.461141999999775
 10
255.33934200000027
 20
-61.451235999999774
 10
255.04622600000027
 20
-61.44132999999978
 10
254.75311000000028
 20
-61.43142399999978
 10
254.45999400000028
 20
-61.421517999999786
 10
254.16687800000028
 20
-61.41161199999979
 10
253.87376200000028
 20
-61.40170599999979
 10
253.58064600000029
 20
-61.3917999999998
 10
253.2875300000003
 20
-61.3818939999998
 10
252.9944140000003
 20
-61.3719879999998
 10
252.70129800000026
 20
-61.36208199999981
 10
252.40818200000027
 20
-61.35217599999981
 10
252.11506600000027
 20
-61.342269999999814
 10
251.82195000000027
 20
-61.332363999999814
 10
251.52883400000027
 20
-61.32245799999982
 10
251.23571800000028
 20
-61.31255199999982
 10
250.94260200000028
 20
-61.302645999999825
 10
250.64948600000028
 20
-61.29273999999983
 10
250.35637000000028
 20
-61.28283399999983
 10
250.06325400000028
 20
-61.27292799999984
 10
249.7701380000003
 20
-61.263021999999836
 10
249.4770220000003
 20
-61.25311599999984
  0
LWPOLYLINE
  5
33
330
17
100
AcDbEntity
  8
0
100
AcDbPolyline
 90
192
 70
1
 10
178.9084560000003
 20
-58.86094399999985
 10
178.8279380000003
 20
-58.858149999999846
 10
178.7471660000003
 20
-58.85535599999985
 10
178.6666480000003
 20
-58.85256199999985
 10
178.5861300000003
 20
-58.84976799999985
 10
178.5056120000003
 20
-58.846973999999854
 10
178.4248400000003
 20
-58.84417999999985
 10
178.3443220000003
 20
-58.84138599999986
 10
178.2638040000003
 20
-58.838591999999856
 10
178.1832860000003
 20
-58.835797999999855
 10
178.1025140000003
 20
-58.83300399999986
 10
178.02199600000029
 20
-58.83020999999986
 10
177.9414780000003
 20
-58.82741599999986
 10
177.8609600000003
 20
-58.82462199999986
 10
177.7801880000003
 20
-58.82182799999986
 10
177.69967000000028
 20
-58.81903399999986
 10
177.6191520000003
 20
-58.816239999999866
 10
177.5386340000003
 20
-58.813445999999864
 10
177.4578620000003
 20
-58.81065199999987
 10
177.3773440000003
 20
-58.80785799999987
 10
177.2968260000003
 20
-58.80506399999987
 10
177.21630800000028
 20
-58.80226999999987
 10
177.1355360000003
 20
-58.79947599999987
 10
177.0550180000003
 20
-58.79668199999987
 10
176.9745000000003
 20
-58.793887999999875
 10
176.89398200000028
 20
-58.79109399999987
 10
176.81321000000028
 20
-58.78829999999987
 10
176.7326920000003
 20
-58.78550599999988
 10
176.6521740000003
 20
-58.782711999999876
 10
176.57165600000027
 20
-58.77991799999988
 10
176.49088400000028
 20
-58.77712399999988
 10
176.4103660000003
 20
-58.77432999999988
 10
176.32984800000028
 20
-58.771535999999884
 10
176.29073200000028
 20
-58.77077399999988
 10
176.25187000000028
 20
-58.771535999999884
 10
176.21326200000027
 20
-58.773567999999884
 10
176.17490800000027
 20
-58.77712399999989
 10
176.1368080000003
 20
-58.78194999999989
 10
176.0992160000003
 20
-58.78804599999989
 10
176.06187800000026
 20
-58.79566599999989
 10
176.02479400000027
 20
-58.804555999999884
 10
175.98821800000027
 20
-58.81471599999988
 10
175.95215000000027
 20
-58.82614599999988
 10
175.91659000000027
 20
-58.83884599999988
 10
175.88153800000026
 20
-58.85281599999989
 10
175.84699400000028
 20
-58.86805599999989
 10
175.81321200000025
 20
-58.88431199999989
 10
175.77993800000027
 20
-58.901837999999884
 10
175.74717200000026
 20
-58.920633999999886
 10
175.71516800000026
 20
-58.94044599999989
 10
175.68392600000027
 20
-58.96152799999989
 10
175.65344600000026
 20
-58.98362599999989
 10
175.62372800000026
 20
-59.00673999999989
 10
175.59477200000026
 20
-59.03086999999989
 10
175.56683200000026
 20
-59.056269999999884
 10
175.53965400000027
 20
-59.08268599999989
 10
175.51349200000027
 20
-59.110117999999886
 10
175.48809200000028
 20
-59.138311999999885
 10
175.46370800000028
 20
-59.16752199999989
 10
175.44034000000028
 20
-59.19774799999989
 10
175.4179880000003
 20
-59.22898999999989
 10
175.3966520000003
 20
-59.26099399999989
 10
175.37658600000032
 20
-59.29401399999988
 10
175.3575360000003
 20
-59.327795999999886
 10
175.33975600000028
 20
-59.36259399999989
 10
175.1421440000003
 20
-59.76391399999989
 10
174.94453200000027
 20
-60.16523399999989
 10
174.74692000000027
 20
-60.5665539999999
 10
174.54930800000025
 20
-60.9678739999999
 10
174.35169600000026
 20
-61.36919399999991
 10
174.15408400000024
 20
-61.770513999999906
 10
173.95647200000025
 20
-62.17183399999991
 10
173.75886000000025
 20
-62.57315399999992
 10
173.56124800000023
 20
-62.974473999999915
 10
173.36363600000024
 20
-63.37579399999992
 10
173.16602400000022
 20
-63.777113999999926
 10
172.96841200000023
 20
-64.17843399999992
 10
172.7708000000002
 20
-64.57975399999992
 10
172.57318800000021
 20
-64.98107399999994
 10
172.3755760000002
 20
-65.38239399999993
 10
172.1779640000002
 20
-65.78371399999992
 10
171.9803520000002
 20
-66.18503399999992
 10
171.7827400000002
 20
-66.58635399999991
 10
171.5851280000002
 20
-66.98767399999991
 10
171.38751600000018
 20
-67.38899399999991
 10
171.18990400000018
 20
-67.79031399999991
 10
170.99229200000016
 20
-68.1916339999999
 10
170.79468000000017
 20
-68.59295399999989
 10
170.59706800000015
 20
-68.99427399999989
 10
170.39945600000016
 20
-69.39559399999989
 10
170.20184400000014
 20
-69.79691399999989
 10
170.00423200000014
 20
-70.19823399999989
 10
169.80662000000015
 20
-70.59955399999987
 10
169.60900800000013
 20
-71.00087399999987
 10
169.41139600000014
 20
-71.40219399999987
 10
169.21378400000012
 20
-71.80351399999986
 10
169.01617200000013
 20
-72.20483399999986
 10
168.99737600000014
 20
-72.24648999999985
 10
168.98162800000011
 20
-72.28839999999987
 10
168.96892800000015
 20
-72.33056399999987
 10
168.95927600000013
 20
-72.37272799999987
 10
168.95241800000014
 20
-72.41489199999987
 10
168.94835400000014
 20
-72.45705599999985
 10
168.94708400000013
 20
-72.49896599999987
 10
168.94860800000012
 20
-72.54062199999986
 10
168.95267200000012
 20
-72.58176999999985
 10
168.9592760000001
 20
-72.62240999999986
 10
168.9684200000001
 20
-72.66228799999986
 10
168.97985000000008
 20
-72.70140399999985
 10
168.99382000000006
 20
-72.73975799999985
 10
169.01007600000005
 20
-72.77709599999986
 10
169.02836400000007
 20
-72.81341799999986
 10
169.04893800000008
 20
-72.84846999999985
 10
169.07154400000007
 20
-72.88225199999984
 10
169.09618200000008
 20
-72.91450999999984
 10
169.12285200000008
 20
-72.94524399999983
 10
169.15130000000008
 20
-72.97445399999984
 10
169.18152600000008
 20
-73.00188599999984
 10
169.21353000000008
 20
-73.02753999999985
 10
169.24705800000007
 20
-73.05116199999985
 10
169.28236400000006
 20
-73.07275199999984
 10
169.31919400000007
 20
-73.09230999999984
 10
169.35754800000004
 20
-73.10958199999983
 10
169.39717200000004
 20
-73.12431399999983
 10
169.43806600000002
 20
-73.13650599999983
 10
169.48023000000003
 20
-73.14615799999983
 10
169.52366400000005
 20
-73.15301599999984
 10
169.56811400000004
 20
-73.15707999999984
 10
169.61383400000003
 20
-73.15834999999984
 10
169.78604600000003
 20
-73.15784199999983
 10
169.95825800000003
 20
-73.15733399999984
 10
170.13047000000003
 20
-73.15682599999982
 10
170.302682
 20
-73.15631799999983
 10
170.474894
 20
-73.15580999999982
 10
170.647106
 20
-73.15530199999982
 10
170.819318
 20
-73.15479399999982
 10
170.99153
 20
-73.15428599999981
 10
171.163742
 20
-73.15377799999982
 10
171.33595400000002
 20
-73.15326999999981
 10
171.50816600000002
 20
-73.15276199999981
 10
171.68037800000002
 20
-73.1522539999998
 10
171.85259000000002
 20
-73.1517459999998
 10
172.02480200000002
 20
-73.15123799999981
 10
172.19701400000002
 20
-73.1507299999998
 10
172.369226
 20
-73.1502219999998
 10
172.541438
 20
-73.14971399999979
 10
172.71365
 20
-73.1492059999998
 10
172.885862
 20
-73.1486979999998
 10
173.058074
 20
-73.14818999999979
 10
173.230286
 20
-73.14768199999979
 10
173.402498
 20
-73.14717399999978
 10
173.57471
 20
-73.14666599999978
 10
173.746922
 20
-73.14615799999977
 10
173.919134
 20
-73.14564999999978
 10
174.09134600000002
 20
-73.14514199999978
 10
174.263558
 20
-73.14463399999977
 10
174.43577
 20
-73.14412599999977
 10
174.607982
 20
-73.14361799999976
 10
174.780194
 20
-73.14310999999977
 10
174.952406
 20
-73.14260199999975
 10
175.124618
 20
-73.14209399999976
 10
175.242982
 20
-72.69606999999976
 10
175.361346
 20
-72.25004599999977
 10
175.47971
 20
-71.80402199999978
 10
175.598074
 20
-71.35799799999978
 10
175.716438
 20
-70.91197399999979
 10
175.83480200000002
 20
-70.46594999999981
 10
175.953166
 20
-70.01992599999981
 10
176.07153000000002
 20
-69.57390199999982
 10
176.189894
 20
-69.12787799999982
 10
176.30825800000002
 20
-68.68185399999983
 10
176.426622
 20
-68.23582999999984
 10
176.54498600000002
 20
-67.78980599999984
 10
176.66335000000004
 20
-67.34378199999985
 10
176.78171400000002
 20
-66.89775799999985
 10
176.90007800000004
 20
-66.45173399999986
 10
177.01844200000002
 20
-66.00570999999988
 10
177.13680600000004
 20
-65.55968599999989
 10
177.25517000000005
 20
-65.11366199999989
 10
177.37353400000003
 20
-64.66763799999988
 10
177.49189800000005
 20
-64.22161399999989
 10
177.61026200000003
 20
-63.77558999999989
 10
177.72862600000005
 20
-63.329565999999886
 10
177.84699000000003
 20
-62.883541999999885
 10
177.96535400000005
 20
-62.43751799999989
 10
178.08371800000006
 20
-61.99149399999989
 10
178.20208200000005
 20
-61.54546999999989
 10
178.32044600000006
 20
-61.09944599999989
 10
178.43881000000005
 20
-60.653421999999885
 10
178.55717400000006
 20
-60.207397999999884
 10
178.67553800000007
 20
-59.76137399999989
 10
178.79390200000006
 20
-59.31534999999989
  0
LWPOLYLINE
  5
34
330
17
100
AcDbEntity
  8
0
100
AcDbPolyline
 90
384
 70
1
 10
190.70370800000006
 20
-92.29623399999988
 10
190.73063200000007
 20
-92.13316599999987
 10
190.75628600000007
 20
-91.97771799999988
 10
190.78067000000007
 20
-91.82963599999987
 10
190.80378400000006
 20
-91.68841199999987
 10
190.82588200000006
 20
-91.55353799999988
 10
190.84721800000005
 20
-91.42450599999988
 10
190.86753800000005
 20
-91.30080799999988
 10
190.88735000000005
 20
-91.18193599999987
 10
190.90640000000008
 20
-91.06738199999987
 10
190.92494200000007
 20
-90.95689199999985
 10
190.94297600000007
 20
-90.84970399999986
 10
190.9607560000001
 20
-90.74556399999985
 10
190.97802800000008
 20
-90.64370999999984
 10
190.99530000000007
 20
-90.54388799999985
 10
191.01257200000006
 20
-90.44558999999985
 10
191.02984400000005
 20
-90.34830799999986
 10
191.04711600000007
 20
-90.25178799999986
 10
191.06464200000005
 20
-90.15526799999986
 10
191.08242200000007
 20
-90.05823999999986
 10
191.10071000000005
 20
-89.96044999999987
 10
191.11950600000006
 20
-89.86138999999986
 10
191.13881000000006
 20
-89.76029799999986
 10
191.15887600000005
 20
-89.65691999999986
 10
191.17970400000004
 20
-89.55074799999986
 10
191.20154800000006
 20
-89.44127399999986
 10
191.22440800000007
 20
-89.32798999999986
 10
191.24828400000007
 20
-89.21064199999986
 10
191.27343000000008
 20
-89.08846799999986
 10
191.2998460000001
 20
-88.96121399999987
 10
191.3275320000001
 20
-88.82811799999986
 10
191.3567420000001
 20
-88.68892599999987
 10
191.3874760000001
 20
-88.54312999999986
 10
191.4197340000001
 20
-88.39047599999986
 10
191.4522460000001
 20
-88.23528199999987
 10
191.48526600000008
 20
-88.07780199999986
 10
191.5190480000001
 20
-87.91828999999987
 10
191.5535920000001
 20
-87.75725399999986
 10
191.5891520000001
 20
-87.59494799999986
 10
191.6257280000001
 20
-87.43187999999986
 10
191.6633200000001
 20
-87.26804999999987
 10
191.7024360000001
 20
-87.10396599999986
 10
191.7428220000001
 20
-86.94013599999987
 10
191.78473200000008
 20
-86.77681399999987
 10
191.8284200000001
 20
-86.61425399999987
 10
191.8736320000001
 20
-86.45270999999987
 10
191.9208760000001
 20
-86.29268999999988
 10
191.9701520000001
 20
-86.13444799999988
 10
192.0214600000001
 20
-85.97849199999989
 10
192.0750540000001
 20
-85.82507599999988
 10
192.1309340000001
 20
-85.67445399999988
 10
192.1893540000001
 20
-85.52687999999988
 10
192.25031400000012
 20
-85.38286199999988
 10
192.3140680000001
 20
-85.24265399999987
 10
192.3806160000001
 20
-85.10676399999987
 10
192.45021200000008
 20
-84.97544599999986
 10
192.52285600000008
 20
-84.84895399999986
 10
192.59880200000006
 20
-84.72754199999987
 10
192.67805000000007
 20
-84.61171799999987
 10
192.76085400000008
 20
-84.50173599999987
 10
192.8472140000001
 20
-84.39810399999986
 10
192.9371300000001
 20
-84.30107599999985
 10
193.0308560000001
 20
-84.21090599999985
 10
193.1286460000001
 20
-84.12810199999984
 10
193.2305000000001
 20
-84.05266399999984
 10
193.3110180000001
 20
-83.99983199999984
 10
193.3948380000001
 20
-83.94979399999984
 10
193.4817060000001
 20
-83.90229599999984
 10
193.5713680000001
 20
-83.85733799999983
 10
193.6635700000001
 20
-83.81491999999983
 10
193.7583120000001
 20
-83.77504199999984
 10
193.8553400000001
 20
-83.73744999999982
 10
193.9544000000001
 20
-83.70214399999983
 10
194.0554920000001
 20
-83.66912399999983
 10
194.1583620000001
 20
-83.63813599999983
 10
194.26275600000008
 20
-83.60943399999982
 10
194.36867400000008
 20
-83.58276399999983
 10
194.4756080000001
 20
-83.55787199999982
 10
194.5835580000001
 20
-83.53501199999982
 10
194.69252400000008
 20
-83.51392999999982
 10
194.8022520000001
 20
-83.49462599999981
 10
194.91248800000008
 20
-83.47684599999981
 10
195.02297800000005
 20
-83.46058999999981
 10
195.13372200000006
 20
-83.44585799999982
 10
195.24446600000007
 20
-83.43264999999981
 10
195.35495600000007
 20
-83.42096599999981
 10
195.46519200000006
 20
-83.41055199999981
 10
195.57492000000008
 20
-83.4014079999998
 10
195.68388600000006
 20
-83.3932799999998
 10
195.79183600000005
 20
-83.38642199999981
 10
195.89877000000007
 20
-83.38057999999981
 10
196.00443400000006
 20
-83.37549999999982
 10
196.10882800000005
 20
-83.3714359999998
 10
196.21144400000006
 20
-83.36813399999981
 10
196.31253600000005
 20
-83.36559399999982
 10
196.41159600000006
 20
-83.36381599999982
 10
196.50862400000005
 20
-83.36254599999981
 10
197.22414200000006
 20
-83.35594199999981
 10
197.94093000000004
 20
-83.3511159999998
 10
198.65873400000007
 20
-83.34781399999981
 10
199.37755400000006
 20
-83.34603599999981
 10
200.09739000000005
 20
-83.34552799999982
 10
200.81798800000004
 20
-83.34603599999981
 10
201.53934800000005
 20
-83.34781399999981
 10
202.26147000000006
 20
-83.35060799999982
 10
202.98410000000004
 20
-83.35416399999983
 10
203.70723800000005
 20
-83.35848199999982
 10
204.43088400000005
 20
-83.36356199999982
 10
205.15503800000005
 20
-83.36914999999982
 10
205.87944600000006
 20
-83.37524599999982
 10
206.60410800000005
 20
-83.38159599999982
 10
207.32902400000006
 20
-83.38819999999981
 10
208.05394000000007
 20
-83.39480399999982
 10
208.77885600000008
 20
-83.40140799999982
 10
209.50377200000008
 20
-83.40801199999983
 10
210.22843400000008
 20
-83.41436199999981
 10
210.95284200000006
 20
-83.42045799999981
 10
211.67699600000006
 20
-83.42604599999981
 10
212.4006420000001
 20
-83.43112599999981
 10
213.12378000000007
 20
-83.4354439999998
 10
213.84641000000008
 20
-83.43899999999981
 10
214.56853200000006
 20
-83.44179399999982
 10
215.28989200000007
 20
-83.44357199999982
 10
216.0104900000001
 20
-83.44407999999983
 10
216.73032600000008
 20
-83.44357199999982
 10
217.44914600000007
 20
-83.44153999999982
 10
218.16695000000007
 20
-83.43823799999983
 10
218.88373800000008
 20
-83.43341199999983
 10
219.59925600000008
 20
-83.42680799999982
 10
219.21876400000008
 20
-83.67191799999982
 10
218.84894000000006
 20
-83.93328399999982
 10
218.48978400000007
 20
-84.21014399999981
 10
218.14155000000008
 20
-84.50198999999981
 10
217.80449200000007
 20
-84.80831399999983
 10
217.47886400000007
 20
-85.12809999999982
 10
217.16466600000007
 20
-85.46109399999982
 10
216.86215200000007
 20
-85.80653399999981
 10
216.57157600000005
 20
-86.16365799999983
 10
216.29319200000006
 20
-86.53195799999982
 10
216.02725400000006
 20
-86.91067199999982
 10
215.77376200000003
 20
-87.29929199999981
 10
215.53297000000003
 20
-87.6970559999998
 10
215.30513200000004
 20
-88.10345599999981
 10
215.09024800000003
 20
-88.5177299999998
 10
214.88882600000002
 20
-88.93936999999981
 10
214.70086600000002
 20
-89.3676139999998
 10
214.52662200000003
 20
-89.8019539999998
 10
214.36634800000002
 20
-90.24162799999979
 10
214.22004400000003
 20
-90.6861279999998
 10
214.08796400000003
 20
-91.1346919999998
 10
213.97036200000002
 20
-91.5868119999998
 10
213.86749200000006
 20
-92.0417259999998
 10
213.77960800000005
 20
-92.4989259999998
 10
213.70671000000004
 20
-92.95764999999979
 10
213.64905200000004
 20
-93.41738999999978
 10
213.60688800000003
 20
-93.87738399999978
 10
213.58047200000001
 20
-94.33686999999979
 10
213.569804
 20
-94.7953399999998
 10
213.57539200000002
 20
-95.25228599999978
 10
213.59723600000004
 20
-95.70694599999979
 10
213.63533600000002
 20
-96.1588119999998
 10
213.51494
 20
-96.14433399999979
 10
213.39378200000002
 20
-96.13087199999978
 10
213.271862
 20
-96.1184259999998
 10
213.14918000000003
 20
-96.1072499999998
 10
213.02599
 20
-96.09734399999981
 10
212.90229200000002
 20
-96.0889619999998
 10
212.77834000000001
 20
-96.0823579999998
 10
212.654134
 20
-96.07753199999979
 10
212.52992799999998
 20
-96.0744839999998
 10
212.405722
 20
-96.07346799999979
 10
212.28176999999997
 20
-96.07473799999978
 10
212.15807199999998
 20
-96.07829399999979
 10
212.03488199999998
 20
-96.0841359999998
 10
211.91219999999998
 20
-96.0925179999998
 10
211.79002599999998
 20
-96.10369399999979
 10
211.668614
 20
-96.11766399999979
 10
211.548218
 20
-96.13442799999979
 10
211.42883799999998
 20
-96.1544939999998
 10
211.31047399999997
 20
-96.1776079999998
 10
211.19338
 20
-96.20402399999979
 10
211.077556
 20
-96.23399599999979
 10
210.96325599999997
 20
-96.2675239999998
 10
210.85073399999996
 20
-96.30486199999979
 10
210.73973599999997
 20
-96.34600999999978
 10
210.63076999999998
 20
-96.39096799999979
 10
210.52358199999998
 20
-96.43998999999978
 10
210.41867999999997
 20
-96.49332999999979
 10
210.31580999999997
 20
-96.55098799999978
 10
210.21547999999999
 20
-96.61321799999978
 10
210.11743599999997
 20
-96.68001999999977
 10
210.021932
 20
-96.75164799999976
 10
209.92922199999998
 20
-96.82810199999976
 10
209.88451799999999
 20
-96.86721799999977
 10
209.84057599999997
 20
-96.90684199999976
 10
209.79714199999995
 20
-96.94722799999975
 10
209.75421599999996
 20
-96.98812199999976
 10
209.71179799999996
 20
-97.02952399999977
 10
209.66988799999996
 20
-97.07143399999977
 10
209.62848599999995
 20
-97.11385199999977
 10
209.58784599999998
 20
-97.15677799999976
 10
209.54771399999996
 20
-97.20046599999976
 10
209.50808999999998
 20
-97.24466199999976
 10
209.46897399999997
 20
-97.28936599999976
 10
209.43062
 20
-97.33457799999975
 10
209.392774
 20
-97.38029799999975
 10
209.355436
 20
-97.42627199999976
 10
209.31885999999997
 20
-97.47275399999975
 10
209.28279199999997
 20
-97.51974399999975
 10
209.24723199999997
 20
-97.56724199999975
 10
209.21243399999997
 20
-97.61524799999975
 10
209.17814399999997
 20
-97.66350799999975
 10
209.144616
 20
-97.71227599999976
 10
209.111596
 20
-97.76155199999977
 10
209.079338
 20
-97.81108199999976
 10
209.04758800000002
 20
-97.86111999999976
 10
209.01660000000004
 20
-97.91166599999977
 10
208.98612000000003
 20
-97.96246599999976
 10
208.95640200000003
 20
-98.01377399999976
 10
208.92719200000002
 20
-98.06533599999976
 10
208.89874400000005
 20
-98.11715199999976
 10
208.87080400000005
 20
-98.16947599999976
 10
208.84362600000006
 20
-98.22205399999976
 10
208.81695600000003
 20
-98.27513999999977
 10
208.79104800000005
 20
-98.32847999999976
 10
208.78647600000005
 20
-98.33787799999975
 10
208.78190400000003
 20
-98.34752999999975
 10
208.77733200000003
 20
-98.35743599999975
 10
208.77276
 20
-98.36734199999975
 10
208.768188
 20
-98.37750199999975
 10
208.763616
 20
-98.38766199999976
 10
208.759044
 20
-98.39807599999976
 10
208.754472
 20
-98.40848999999976
 10
208.74989999999997
 20
-98.41915799999975
 10
208.74532799999997
 20
-98.42982599999975
 10
208.74075599999998
 20
-98.44074799999974
 10
208.73618399999995
 20
-98.45166999999975
 10
208.73161199999996
 20
-98.46284599999974
 10
208.72703999999993
 20
-98.47402199999974
 10
208.72246799999994
 20
-98.48519799999973
 10
208.71789599999994
 20
-98.49662799999973
 10
208.71306999999993
 20
-98.50805799999974
 10
208.70824399999992
 20
-98.51974199999974
 10
208.7034179999999
 20
-98.53142599999974
 10
208.69859199999993
 20
-98.54310999999973
 10
208.69376599999993
 20
-98.55504799999974
 10
208.68893999999992
 20
-98.56698599999974
 10
208.6841139999999
 20
-98.57892399999976
 10
208.67928799999993
 20
-98.59111599999976
 10
208.67446199999992
 20
-98.60330799999976
 10
208.6696359999999
 20
-98.61549999999976
 10
208.6648099999999
 20
-98.62794599999975
 10
208.65998399999992
 20
-98.64039199999975
 10
208.65515799999991
 20
-98.65283799999973
 10
208.65007799999992
 20
-98.66528399999973
 10
208.64499799999993
 20
-98.67798399999974
 10
208.63991799999994
 20
-98.69068399999973
 10
208.61400999999992
 20
-98.75215199999974
 10
208.5853079999999
 20
-98.81158799999974
 10
208.5540659999999
 20
-98.86924599999973
 10
208.52053799999993
 20
-98.92512599999974
 10
208.48472399999991
 20
-98.97897399999974
 10
208.44662399999993
 20
-99.03078999999974
 10
208.40623799999995
 20
-99.08057399999974
 10
208.36381999999992
 20
-99.12832599999975
 10
208.31962399999992
 20
-99.17379199999974
 10
208.27339599999993
 20
-99.21722599999974
 10
208.22538999999995
 20
-99.25837399999973
 10
208.17585999999991
 20
-99.29723599999973
 10
208.12455199999994
 20
-99.33381199999974
 10
208.07171999999994
 20
-99.36784799999974
 10
208.01761799999994
 20
-99.39959799999974
 10
207.96199199999992
 20
-99.42880799999975
 10
207.90509599999993
 20
-99.45547799999974
 10
207.84718399999994
 20
-99.47960799999976
 10
207.78825599999993
 20
-99.50119799999975
 10
207.72831199999993
 20
-99.52024799999974
 10
207.66735199999994
 20
-99.53650399999975
 10
207.60562999999993
 20
-99.54996599999976
 10
207.54314599999992
 20
-99.56063399999974
 10
207.4801539999999
 20
-99.56850799999974
 10
207.4166539999999
 20
-99.57358799999975
 10
207.35264599999994
 20
-99.57587399999974
 10
207.28838399999992
 20
-99.57511199999975
 10
207.22386799999992
 20
-99.57130199999975
 10
207.15909799999991
 20
-99.56444399999975
 10
207.0943279999999
 20
-99.55453799999975
 10
207.02955799999992
 20
-99.54158399999976
 10
206.9647879999999
 20
-99.52532799999976
 10
206.5230819999999
 20
-99.40620199999975
 10
206.0813759999999
 20
-99.28707599999976
 10
205.63966999999988
 20
-99.16794999999976
 10
205.19796399999987
 20
-99.04882399999975
 10
204.7562579999999
 20
-98.92969799999976
 10
204.31455199999988
 20
-98.81057199999977
 10
203.87284599999987
 20
-98.69144599999977
 10
203.43113999999986
 20
-98.57231999999976
 10
202.98943399999985
 20
-98.45319399999977
 10
202.54772799999984
 20
-98.33406799999977
 10
202.10602199999983
 20
-98.21494199999977
 10
201.66431599999981
 20
-98.09581599999977
 10
201.2226099999998
 20
-97.97668999999978
 10
200.7809039999998
 20
-97.85756399999977
 10
200.33919799999978
 20
-97.73843799999977
 10
199.89749199999977
 20
-97.61931199999978
 10
199.45578599999976
 20
-97.50018599999979
 10
199.01407999999978
 20
-97.38105999999978
 10
198.57237399999977
 20
-97.26193399999978
 10
198.13066799999976
 20
-97.14280799999979
 10
197.68896199999975
 20
-97.02368199999978
 10
197.24725599999974
 20
-96.90455599999979
 10
196.80554999999973
 20
-96.78542999999979
 10
196.36384399999972
 20
-96.66630399999978
 10
195.9221379999997
 20
-96.54717799999979
 10
195.4804319999997
 20
-96.4280519999998
 10
195.03872599999968
 20
-96.3089259999998
 10
194.59701999999967
 20
-96.18979999999979
 10
194.15531399999966
 20
-96.0706739999998
 10
193.71360799999968
 20
-95.9515479999998
 10
193.27190199999967
 20
-95.8324219999998
 10
192.83019599999966
 20
-95.7132959999998
 10
192.75983799999963
 20
-95.6950079999998
 10
192.68795599999964
 20
-95.6767199999998
 10
192.61480399999962
 20
-95.6584319999998
 10
192.54038199999962
 20
-95.63988999999981
 10
192.46519799999962
 20
-95.62134799999981
 10
192.38899799999962
 20
-95.60229799999982
 10
192.31228999999962
 20
-95.58299399999981
 10
192.23507399999963
 20
-95.56318199999981
 10
192.15760399999965
 20
-95.54260799999982
 10
192.07987999999963
 20
-95.52152599999981
 10
192.00215599999962
 20
-95.4996819999998
 10
191.92468599999964
 20
-95.4768219999998
 10
191.84746999999965
 20
-95.45294599999981
 10
191.77101599999963
 20
-95.4280539999998
 10
191.69506999999965
 20
-95.4018919999998
 10
191.62013999999965
 20
-95.3744599999998
 10
191.54622599999962
 20
-95.3457579999998
 10
191.47358199999965
 20
-95.31553199999979
 10
191.40220799999966
 20
-95.28378199999979
 10
191.33261199999967
 20
-95.2502539999998
 10
191.26479399999965
 20
-95.2149479999998
 10
191.19875399999964
 20
-95.17786399999979
 10
191.13474599999967
 20
-95.1387479999998
 10
191.07302399999966
 20
-95.09759999999979
 10
191.01384199999967
 20
-95.0544199999998
 10
190.9571999999997
 20
-95.00895399999979
 10
190.90335199999967
 20
-94.96094799999979
 10
190.85255199999966
 20
-94.91065599999979
 10
190.80479999999966
 20
-94.8578239999998
 10
190.76034999999968
 20
-94.80245199999979
 10
190.7194559999997
 20
-94.74428599999979
 10
190.6821179999997
 20
-94.68332599999978
 10
190.65214599999968
 20
-94.62642999999979
 10
190.62547599999965
 20
-94.5672479999998
 10
190.60185399999966
 20
-94.50552599999979
 10
190.58127999999968
 20
-94.4417719999998
 10
190.56349999999966
 20
-94.3757319999998
 10
190.54851399999967
 20
-94.3079139999998
 10
190.53606799999966
 20
-94.2383179999998
 10
190.5261619999997
 20
-94.1669439999998
 10
190.51854199999968
 20
-94.0940459999998
 10
190.51320799999968
 20
-94.0196239999998
 10
190.5099059999997
 20
-93.9439319999998
 10
190.50863599999968
 20
-93.8672239999998
 10
190.50914399999968
 20
-93.7894999999998
 10
190.51142999999968
 20
-93.7107599999998
 10
190.51523999999966
 20
-93.6312579999998
 10
190.52057399999967
 20
-93.5512479999998
 10
190.52743199999966
 20
-93.4707299999998
 10
190.53530599999965
 20
-93.38995799999981
 10
190.54444999999964
 20
-93.3089319999998
 10
190.55460999999963
 20
-93.22790599999979
 10
190.56553199999965
 20
-93.1468799999998
 10
190.57721599999965
 20
-93.0661079999998
 10
190.58940799999965
 20
-92.98558999999979
 10
190.60210799999965
 20
-92.9055799999998
 10
190.61506199999965
 20
-92.8260779999998
 10
190.62826999999965
 20
-92.7473379999998
 10
190.64173199999965
 20
-92.6693599999998
 10
190.65493999999967
 20
-92.59239799999979
 10
190.66814799999966
 20
-92.51670599999979
 10
190.68110199999967
 20
-92.44228399999979
 10
190.69354799999968
 20
-92.3691319999998
  0
LWPOLYLINE
  5
35
330
17
100
AcDbEntity
  8
0
100
AcDbPolyline
 90
1088
 70
1
 10
292.23487399999965
 20
-73.71410199999978
 10
290.7042699999996
 20
-73.71410199999978
 10
289.1736659999996
 20
-73.71410199999978
 10
287.6430619999996
 20
-73.71410199999978
 10
286.11245799999955
 20
-73.71410199999978
 10
284.58185399999957
 20
-73.71410199999978
 10
283.0512499999995
 20
-73.71410199999978
 10
281.52064599999954
 20
-73.71410199999978
 10
279.9900419999995
 20
-73.71410199999978
 10
278.45943799999947
 20
-73.71410199999978
 10
276.9288339999995
 20
-73.71410199999978
 10
275.39822999999944
 20
-73.71410199999978
 10
273.86762599999946
 20
-73.71410199999978
 10
272.3370219999994
 20
-73.71410199999978
 10
270.8064179999994
 20
-73.71410199999978
 10
269.2758139999994
 20
-73.71410199999978
 10
267.74520999999936
 20
-73.71410199999978
 10
266.2146059999994
 20
-73.71410199999978
 10
264.68400199999934
 20
-73.71410199999978
 10
263.1533979999993
 20
-73.71410199999978
 10
261.6227939999993
 20
-73.71410199999978
 10
260.09218999999933
 20
-73.71410199999978
 10
258.56158599999935
 20
-73.71410199999978
 10
257.0309819999993
 20
-73.71410199999978
 10
255.50037799999936
 20
-73.71410199999978
 10
253.96977399999935
 20
-73.71410199999978
 10
252.43916999999936
 20
-73.71410199999978
 10
250.90856599999938
 20
-73.71410199999978
 10
249.3779619999994
 20
-73.71410199999978
 10
247.84735799999942
 20
-73.71410199999978
 10
246.3167539999994
 20
-73.71410199999978
 10
244.78614999999942
 20
-73.71410199999978
 10
243.25554599999944
 20
-73.71410199999978
 10
243.22430399999942
 20
-73.71486399999979
 10
243.19331599999944
 20
-73.71689599999978
 10
243.16283599999943
 20
-73.72019799999977
 10
243.13260999999943
 20
-73.72502399999978
 10
243.10289199999946
 20
-73.73111999999978
 10
243.07342799999944
 20
-73.73848599999978
 10
243.04447199999944
 20
-73.74686799999978
 10
243.01602399999945
 20
-73.75651999999978
 10
242.98808399999945
 20
-73.76744199999979
 10
242.96090599999945
 20
-73.77937999999979
 10
242.93423599999946
 20
-73.7925879999998
 10
242.90807399999946
 20
-73.8068119999998
 10
242.88267399999944
 20
-73.82205199999979
 10
242.85803599999946
 20
-73.8385619999998
 10
242.83415999999946
 20
-73.8560879999998
 10
242.81104599999944
 20
-73.8743759999998
 10
242.78869399999945
 20
-73.8936799999998
 10
242.76710399999945
 20
-73.9139999999998
 10
242.74652999999944
 20
-73.9353359999998
 10
242.72671799999944
 20
-73.9574339999998
 10
242.70792199999946
 20
-73.98029399999979
 10
242.69014199999944
 20
-74.00416999999979
 10
242.67337799999945
 20
-74.02880799999978
 10
242.65762999999944
 20
-74.05420799999979
 10
242.64289799999943
 20
-74.08036999999979
 10
242.62918199999945
 20
-74.1072939999998
 10
242.61673599999943
 20
-74.13472599999979
 10
242.60530599999944
 20
-74.16291999999979
 10
242.59514599999946
 20
-74.19162199999978
 10
242.58625599999948
 20
-74.22108599999979
 10
242.5783819999995
 20
-74.25105799999979
 10
242.5720319999995
 20
-74.28153799999978
 10
242.55298199999947
 20
-74.35926199999979
 10
242.53393199999948
 20
-74.43698599999978
 10
242.51488199999946
 20
-74.51470999999977
 10
242.49583199999944
 20
-74.59243399999977
 10
242.47678199999945
 20
-74.67015799999976
 10
242.45773199999942
 20
-74.74788199999976
 10
242.4386819999994
 20
-74.82560599999975
 10
242.4196319999994
 20
-74.90332999999976
 10
242.4005819999994
 20
-74.98105399999974
 10
242.38153199999937
 20
-75.05877799999975
 10
242.36248199999937
 20
-75.13650199999974
 10
242.34343199999935
 20
-75.21422599999974
 10
242.32438199999933
 20
-75.29194999999973
 10
242.30533199999934
 20
-75.36967399999972
 10
242.28628199999932
 20
-75.44739799999972
 10
242.2672319999993
 20
-75.52512199999971
 10
242.2481819999993
 20
-75.60284599999972
 10
242.22913199999928
 20
-75.6805699999997
 10
242.21008199999926
 20
-75.75829399999971
 10
242.19103199999927
 20
-75.8360179999997
 10
242.17198199999925
 20
-75.9137419999997
 10
242.15293199999923
 20
-75.99146599999969
 10
242.13388199999923
 20
-76.0691899999997
 10
242.1148319999992
 20
-76.14691399999968
 10
242.09578199999922
 20
-76.22463799999967
 10
242.0767319999992
 20
-76.30236199999968
 10
242.05768199999918
 20
-76.38008599999966
 10
242.03863199999918
 20
-76.45780999999967
 10
242.01958199999916
 20
-76.53553399999966
 10
242.00053199999914
 20
-76.61325799999966
 10
241.98148199999915
 20
-76.69098199999965
 10
241.96243199999913
 20
-76.76870599999965
 10
241.95709799999912
 20
-76.80223399999964
 10
241.95023999999913
 20
-76.83525399999965
 10
241.9421119999991
 20
-76.86776599999965
 10
241.9324599999991
 20
-76.89951599999965
 10
241.92153799999912
 20
-76.93050399999964
 10
241.9090919999991
 20
-76.96098399999966
 10
241.89537599999912
 20
-76.99070199999966
 10
241.88038999999912
 20
-77.01965799999965
 10
241.86413399999913
 20
-77.04785199999965
 10
241.84686199999913
 20
-77.07502999999966
 10
241.82831999999914
 20
-77.10144599999965
 10
241.80876199999915
 20
-77.12684599999966
 10
241.78818799999914
 20
-77.15148399999966
 10
241.76659799999914
 20
-77.17510599999966
 10
241.7439919999991
 20
-77.19771199999965
 10
241.72036999999912
 20
-77.21930199999964
 10
241.69573199999914
 20
-77.23987599999965
 10
241.67033199999912
 20
-77.25943399999966
 10
241.6439159999991
 20
-77.27772199999966
 10
241.61673799999912
 20
-77.29473999999965
 10
241.58879799999912
 20
-77.31074199999965
 10
241.5600959999991
 20
-77.32547399999964
 10
241.53063199999912
 20
-77.33893599999965
 10
241.5006599999991
 20
-77.35112799999965
 10
241.4699259999991
 20
-77.36204999999966
 10
241.43868399999909
 20
-77.37144799999965
 10
241.4069339999991
 20
-77.37957599999964
 10
241.3746759999991
 20
-77.38617999999964
 10
241.3419099999991
 20
-77.39151399999965
 10
241.3086359999991
 20
-77.39532399999965
 10
241.2751079999991
 20
-77.39760999999964
 10
241.24107199999912
 20
-77.39837199999964
 10
240.1595399999991
 20
-77.39481599999964
 10
239.0780079999991
 20
-77.39125999999963
 10
237.9964759999991
 20
-77.38770399999964
 10
236.91494399999908
 20
-77.38414799999964
 10
235.83341199999907
 20
-77.38059199999964
 10
234.75187999999906
 20
-77.37703599999963
 10
233.67034799999905
 20
-77.37347999999963
 10
232.58881599999904
 20
-77.36992399999963
 10
231.50728399999903
 20
-77.36636799999962
 10
230.42575199999902
 20
-77.36281199999962
 10
229.344219999999
 20
-77.35925599999962
 10
228.262687999999
 20
-77.35569999999962
 10
227.181155999999
 20
-77.35214399999961
 10
226.09962399999898
 20
-77.34858799999961
 10
225.01809199999897
 20
-77.3450319999996
 10
223.93655999999896
 20
-77.3414759999996
 10
222.85502799999895
 20
-77.3379199999996
 10
221.77349599999894
 20
-77.3343639999996
 10
220.69196399999893
 20
-77.33080799999959
 10
219.61043199999892
 20
-77.32725199999959
 10
218.5288999999989
 20
-77.32369599999959
 10
217.4473679999989
 20
-77.32013999999958
 10
216.3658359999989
 20
-77.31658399999958
 10
215.28430399999888
 20
-77.31302799999959
 10
214.20277199999887
 20
-77.30947199999959
 10
213.12123999999886
 20
-77.30591599999958
 10
212.03970799999885
 20
-77.30235999999958
 10
210.95817599999884
 20
-77.29880399999958
 10
209.87664399999883
 20
-77.29524799999957
 10
208.79511199999882
 20
-77.29169199999957
 10
207.7135799999988
 20
-77.28813599999957
 10
206.6320479999988
 20
-77.28457999999956
 10
206.5710879999988
 20
-77.28254799999957
 10
206.5113979999988
 20
-77.27695999999958
 10
206.4529779999988
 20
-77.26806999999957
 10
206.3958279999988
 20
-77.25562399999957
 10
206.33994799999877
 20
-77.24012999999958
 10
206.28559199999876
 20
-77.22158799999958
 10
206.23301399999878
 20
-77.19999799999958
 10
206.18195999999875
 20
-77.17561399999958
 10
206.13268399999876
 20
-77.14843599999958
 10
206.08518599999877
 20
-77.11846399999958
 10
206.03971999999877
 20
-77.08595199999958
 10
205.99628599999878
 20
-77.05115399999958
 10
205.95488399999877
 20
-77.01406999999958
 10
205.91576799999876
 20
-76.97469999999959
 10
205.87893799999875
 20
-76.93329799999958
 10
205.84439399999877
 20
-76.88986399999959
 10
205.81238999999877
 20
-76.84465199999958
 10
205.78292599999878
 20
-76.79766199999959
 10
205.75600199999877
 20
-76.7491479999996
 10
205.7318719999988
 20
-76.69910999999959
 10
205.7105359999988
 20
-76.64780199999959
 10
205.6919939999988
 20
-76.59522399999959
 10
205.67649999999878
 20
-76.5413759999996
 10
205.6640539999988
 20
-76.48651199999959
 10
205.6546559999988
 20
-76.43063199999959
 10
205.64855999999878
 20
-76.37398999999958
 10
205.6457659999988
 20
-76.31658599999959
 10
205.6465279999988
 20
-76.25867399999959
 10
205.6505919999988
 20
-76.20025399999957
 10
205.6582119999988
 20
-76.14157999999958
 10
205.6696419999988
 20
-76.08265199999957
 10
205.68488199999877
 20
-76.02346999999956
 10
205.70469399999877
 20
-75.95946199999956
 10
205.72450599999874
 20
-75.89545399999956
 10
205.74431799999874
 20
-75.83144599999956
 10
205.76412999999874
 20
-75.76743799999956
 10
205.78394199999875
 20
-75.70342999999956
 10
205.80375399999872
 20
-75.63942199999956
 10
205.82356599999872
 20
-75.57541399999955
 10
205.84337799999872
 20
-75.51140599999955
 10
205.8631899999987
 20
-75.44739799999955
 10
205.8830019999987
 20
-75.38338999999955
 10
205.9028139999987
 20
-75.31938199999955
 10
205.9226259999987
 20
-75.25537399999953
 10
205.94243799999867
 20
-75.19136599999953
 10
205.96224999999868
 20
-75.12735799999953
 10
205.98206199999868
 20
-75.06334999999953
 10
206.00187399999865
 20
-74.99934199999953
 10
206.02168599999865
 20
-74.93533399999953
 10
206.04149799999865
 20
-74.87132599999953
 10
206.06130999999866
 20
-74.80731799999953
 10
206.08112199999863
 20
-74.74330999999952
 10
206.10093399999863
 20
-74.67930199999952
 10
206.12074599999863
 20
-74.61529399999952
 10
206.1405579999986
 20
-74.55128599999951
 10
206.1603699999986
 20
-74.4872779999995
 10
206.1801819999986
 20
-74.4232699999995
 10
206.1999939999986
 20
-74.3592619999995
 10
206.21980599999858
 20
-74.2952539999995
 10
206.2396179999986
 20
-74.2312459999995
 10
206.2594299999986
 20
-74.1672379999995
 10
206.27924199999856
 20
-74.1032299999995
 10
206.29905399999856
 20
-74.0392219999995
 10
206.31886599999856
 20
-73.9752139999995
 10
205.24800199999856
 20
-73.98638999999949
 10
204.17713799999856
 20
-73.99756599999948
 10
203.10627399999856
 20
-74.00874199999947
 10
202.03540999999856
 20
-74.01991799999948
 10
200.96454599999853
 20
-74.03109399999947
 10
199.89368199999853
 20
-74.04226999999946
 10
198.82281799999853
 20
-74.05344599999947
 10
197.75195399999853
 20
-74.06462199999946
 10
196.68108999999853
 20
-74.07579799999945
 10
195.61022599999853
 20
-74.08697399999944
 10
194.53936199999853
 20
-74.09814999999945
 10
193.46849799999853
 20
-74.10932599999944
 10
192.39763399999853
 20
-74.12050199999943
 10
191.32676999999853
 20
-74.13167799999943
 10
190.25590599999853
 20
-74.14285399999943
 10
189.18504199999853
 20
-74.15402999999942
 10
188.11417799999853
 20
-74.16520599999942
 10
187.04331399999853
 20
-74.1763819999994
 10
185.97244999999853
 20
-74.18755799999941
 10
184.9015859999985
 20
-74.1987339999994
 10
183.8307219999985
 20
-74.2099099999994
 10
182.7598579999985
 20
-74.22108599999939
 10
181.6889939999985
 20
-74.2322619999994
 10
180.6181299999985
 20
-74.24343799999939
 10
179.5472659999985
 20
-74.25461399999938
 10
178.4764019999985
 20
-74.26578999999938
 10
177.4055379999985
 20
-74.27696599999938
 10
176.3346739999985
 20
-74.28814199999937
 10
175.2638099999985
 20
-74.29931799999936
 10
174.1929459999985
 20
-74.31049399999937
 10
173.1220819999985
 20
-74.32166999999936
 10
172.0512179999985
 20
-74.33284599999935
 10
172.0728079999985
 20
-74.35367399999934
 10
172.0941439999985
 20
-74.37475599999935
 10
172.11547999999848
 20
-74.39609199999936
 10
172.13656199999846
 20
-74.41742799999936
 10
172.15738999999846
 20
-74.43901799999935
 10
172.17796399999847
 20
-74.46086199999935
 10
172.19853799999848
 20
-74.48295999999935
 10
172.21885799999848
 20
-74.50531199999936
 10
172.23892399999846
 20
-74.52766399999936
 10
172.25898999999845
 20
-74.55026999999936
 10
172.27880199999845
 20
-74.57312999999935
 10
172.29835999999844
 20
-74.59624399999936
 10
172.31766399999844
 20
-74.61935799999937
 10
172.33696799999845
 20
-74.64272599999936
 10
172.35601799999847
 20
-74.66634799999936
 10
172.37481399999845
 20
-74.69022399999936
 10
172.39335599999845
 20
-74.71409999999936
 10
172.41189799999844
 20
-74.73822999999936
 10
172.43018599999846
 20
-74.76261399999937
 10
172.44821999999846
 20
-74.78699799999937
 10
172.46599999999847
 20
-74.81163599999937
 10
172.4837799999985
 20
-74.83652799999936
 10
172.50130599999846
 20
-74.86167399999937
 10
172.51857799999848
 20
-74.88681999999936
 10
172.53559599999846
 20
-74.91221999999937
 10
172.5523599999985
 20
-74.93787399999937
 10
172.56912399999848
 20
-74.96352799999937
 10
172.5856339999985
 20
-74.98943599999936
 10
172.6018899999985
 20
-75.01559799999936
 10
172.61789199999848
 20
-75.04175999999937
 10
172.63363999999848
 20
-75.06817599999935
 10
172.6493879999985
 20
-75.09484599999936
 10
172.7004419999985
 20
-75.18476199999937
 10
172.7492099999985
 20
-75.27467799999935
 10
172.7956919999985
 20
-75.36459399999936
 10
172.8398879999985
 20
-75.45450999999935
 10
172.8817979999985
 20
-75.54442599999935
 10
172.92142199999847
 20
-75.63434199999935
 10
172.95850599999847
 20
-75.72451199999935
 10
172.99330399999846
 20
-75.81468199999935
 10
173.02581599999846
 20
-75.90485199999935
 10
173.05604199999846
 20
-75.99502199999937
 10
173.08398199999846
 20
-76.08544599999937
 10
173.10963599999846
 20
-76.17586999999936
 10
173.13300399999846
 20
-76.26654799999936
 10
173.15408599999847
 20
-76.35722599999937
 10
173.17288199999845
 20
-76.44815799999937
 10
173.18939199999846
 20
-76.53908999999938
 10
173.20361599999848
 20
-76.63027599999937
 10
173.2155539999985
 20
-76.72171599999938
 10
173.22520599999848
 20
-76.81315599999938
 10
173.23257199999847
 20
-76.90484999999937
 10
173.23790599999847
 20
-76.99679799999939
 10
173.24095399999845
 20
-77.08899999999937
 10
173.24171599999846
 20
-77.18145599999937
 10
173.24019199999847
 20
-77.27416599999938
 10
173.23638199999849
 20
-77.36712999999938
 10
173.23053999999846
 20
-77.46034799999937
 10
173.22241199999846
 20
-77.55381999999938
 10
173.21199799999846
 20
-77.64754599999938
 10
173.19929799999846
 20
-77.74152599999938
 10
173.18456599999845
 20
-77.83575999999938
 10
173.16754799999845
 20
-77.93050199999938
 10
173.14824399999844
 20
-78.02549799999939
 10
173.17313599999844
 20
-78.03133999999939
 10
173.19980599999843
 20
-78.03718199999939
 10
173.22799999999845
 20
-78.04327799999939
 10
173.25771799999842
 20
-78.04962799999939
 10
173.28895999999844
 20
-78.05597799999939
 10
173.32147199999847
 20
-78.06258199999938
 10
173.35525399999847
 20
-78.06943999999939
 10
173.39005199999846
 20
-78.07629799999938
 10
173.42611999999846
 20
-78.08340999999939
 10
173.46320399999846
 20
-78.0905219999994
 10
173.50104999999846
 20
-78.09788799999939
 10
173.53965799999847
 20
-78.10550799999939
 10
173.57902799999846
 20
-78.11312799999938
 10
173.61915999999846
 20
-78.12100199999938
 10
173.65979999999846
 20
-78.12912999999938
 10
173.70094799999848
 20
-78.13751199999938
 10
173.74234999999845
 20
-78.14589399999939
 10
173.78400599999847
 20
-78.15452999999938
 10
173.82591599999844
 20
-78.16341999999939
 10
173.86782599999844
 20
-78.17256399999938
 10
173.90998999999846
 20
-78.18170799999939
 10
173.95189999999846
 20
-78.19110599999938
 10
173.99380999999843
 20
-78.20075799999938
 10
174.03546599999845
 20
-78.21066399999938
 10
174.07661399999844
 20
-78.22056999999937
 10
174.11750799999842
 20
-78.23072999999938
 10
174.15789399999844
 20
-78.24114399999938
 10
174.19777199999845
 20
-78.25181199999938
 10
174.23688799999843
 20
-78.26273399999937
 10
174.27524199999843
 20
-78.27390999999938
 10
174.31283399999845
 20
-78.28508599999937
 10
174.34940999999844
 20
-78.29651599999937
 10
174.41392599999844
 20
-78.31734399999937
 10
174.4779339999984
 20
-78.33791799999938
 10
174.54168799999843
 20
-78.35823799999937
 10
174.6051879999984
 20
-78.37855799999936
 10
174.66843399999843
 20
-78.39887799999936
 10
174.73142599999844
 20
-78.41919799999935
 10
174.79416399999843
 20
-78.43951799999935
 10
174.85690199999843
 20
-78.45983799999935
 10
174.9196399999984
 20
-78.48015799999935
 10
174.9823779999984
 20
-78.50073199999935
 10
175.0451159999984
 20
-78.52130599999936
 10
175.10785399999838
 20
-78.54213399999935
 10
175.17059199999835
 20
-78.56321599999936
 10
175.2335839999984
 20
-78.58455199999936
 10
175.2965759999984
 20
-78.60614199999935
 10
175.3598219999984
 20
-78.62798599999935
 10
175.4233219999984
 20
-78.65033799999937
 10
175.48707599999838
 20
-78.67319799999936
 10
175.5513379999984
 20
-78.69631199999935
 10
175.6158539999984
 20
-78.71993399999937
 10
175.6808779999984
 20
-78.74406399999937
 10
175.7464099999984
 20
-78.76895599999938
 10
175.8124499999984
 20
-78.79435599999938
 10
175.87899799999838
 20
-78.82026399999937
 10
175.94605399999838
 20
-78.84693399999938
 10
176.0138719999984
 20
-78.87436599999938
 10
176.0821979999984
 20
-78.90255999999938
 10
176.1512859999984
 20
-78.93151599999938
 10
176.2211359999984
 20
-78.96123399999938
 10
176.29174799999842
 20
-78.99171399999938
 10
176.36337599999842
 20
-79.02320999999938
 10
176.4357659999984
 20
-79.05572199999938
 10
176.60772399999843
 20
-79.13395399999938
 10
176.77942799999843
 20
-79.21370999999938
 10
176.95062399999844
 20
-79.29498999999939
 10
177.12131199999843
 20
-79.37779399999938
 10
177.2914919999984
 20
-79.46212199999938
 10
177.46116399999843
 20
-79.54797399999939
 10
177.63007399999842
 20
-79.63534999999939
 10
177.79822199999842
 20
-79.7242499999994
 10
177.96586199999842
 20
-79.8146739999994
 10
178.13273999999842
 20
-79.9068759999994
 10
178.29860199999843
 20
-80.0006019999994
 10
178.46370199999842
 20
-80.0958519999994
 10
178.62778599999842
 20
-80.1928799999994
 10
178.79110799999842
 20
-80.29143199999939
 10
178.95341399999842
 20
-80.39176199999939
 10
179.11470399999843
 20
-80.49361599999939
 10
179.27472399999843
 20
-80.5972479999994
 10
179.4337279999984
 20
-80.70240399999939
 10
179.59146199999842
 20
-80.80933799999939
 10
179.74792599999842
 20
-80.9180499999994
 10
179.9031199999984
 20
-81.0285399999994
 10
180.0570439999984
 20
-81.14055399999938
 10
180.2094439999984
 20
-81.25434599999939
 10
180.36057399999842
 20
-81.36991599999938
 10
180.51017999999843
 20
-81.48726399999937
 10
180.65826199999842
 20
-81.60638999999937
 10
180.80481999999841
 20
-81.72729399999938
 10
180.94959999999844
 20
-81.84997599999937
 10
181.09285599999842
 20
-81.97443599999937
 10
181.23433399999843
 20
-82.10067399999937
 10
181.37403399999843
 20
-82.22894399999937
 10
181.51195599999843
 20
-82.35899199999938
 10
181.72074399999843
 20
-82.56320799999938
 10
181.92368999999843
 20
-82.77072599999937
 10
182.1205399999984
 20
-82.98154599999937
 10
182.3112939999984
 20
-83.19566799999937
 10
182.4959519999984
 20
-83.41283799999938
 10
182.6742599999984
 20
-83.63330999999938
 10
182.84647199999839
 20
-83.85682999999938
 10
183.0123339999984
 20
-84.08365199999938
 10
183.1720999999984
 20
-84.31352199999937
 10
183.32551599999843
 20
-84.54643999999935
 10
183.4725819999984
 20
-84.78240599999936
 10
183.6130439999984
 20
-85.02116599999935
 10
183.7471559999984
 20
-85.26297399999935
 10
183.8746639999984
 20
-85.50757599999935
 10
183.99582199999838
 20
-85.75522599999935
 10
184.1103759999984
 20
-86.00566999999936
 10
184.2183259999984
 20
-86.25890799999937
 10
184.3194179999984
 20
-86.51493999999936
 10
184.41390599999838
 20
-86.77351199999934
 10
184.5015359999984
 20
-87.03487799999935
 10
184.58256199999838
 20
-87.29878399999934
 10
184.6567299999984
 20
-87.56522999999933
 10
184.72403999999838
 20
-87.83446999999934
 10
184.7844919999984
 20
-88.10599599999934
 10
184.8378319999984
 20
-88.38006199999934
 10
184.8843139999984
 20
-88.65666799999934
 10
184.9236839999984
 20
-88.93555999999934
 10
184.95594199999837
 20
-89.21699199999935
 10
184.9810879999984
 20
-89.50070999999936
 10
184.9991219999984
 20
-89.78671399999935
 10
185.0100439999984
 20
-90.07500399999934
 10
185.0135999999984
 20
-90.36557999999934
 10
185.0130919999984
 20
-90.48140399999936
 10
185.01182199999843
 20
-90.59570399999934
 10
185.00978999999842
 20
-90.70822599999934
 10
185.00699599999842
 20
-90.81922399999935
 10
185.00343999999842
 20
-90.92844399999935
 10
184.9991219999984
 20
-91.03613999999935
 10
184.9942959999984
 20
-91.14205799999934
 10
184.98896199999842
 20
-91.24619799999934
 10
184.9831199999984
 20
-91.34855999999935
 10
184.97676999999842
 20
-91.44914399999935
 10
184.97016599999841
 20
-91.54794999999936
 10
184.96330799999842
 20
-91.64472399999934
 10
184.9561959999984
 20
-91.73971999999935
 10
184.94882999999842
 20
-91.83268399999935
 10
184.9414639999984
 20
-91.92386999999934
 10
184.93384399999843
 20
-92.01302399999935
 10
184.9264779999984
 20
-92.10014599999936
 10
184.91911199999842
 20
-92.18523599999935
 10
184.91174599999843
 20
-92.26829399999934
 10
184.90463399999842
 20
-92.34931999999935
 10
184.8977759999984
 20
-92.42831399999935
 10
184.89117199999842
 20
-92.50527599999934
 10
184.88482199999842
 20
-92.57995199999934
 10
184.87897999999842
 20
-92.65259599999933
 10
184.87364599999842
 20
-92.72295399999933
 10
184.86881999999844
 20
-92.79102599999932
 10
184.86450199999842
 20
-92.85706599999932
 10
184.86094599999842
 20
-92.92081999999932
 10
184.8578979999984
 20
-92.98228799999933
 10
184.85561199999842
 20
-93.04121599999932
 10
184.8543419999984
 20
-93.09785799999933
 10
184.85383399999844
 20
-93.15221399999933
 10
184.8543419999984
 20
-93.18040799999933
 10
184.8561199999984
 20
-93.20834799999933
 10
184.8589139999984
 20
-93.23603399999934
 10
184.86297799999838
 20
-93.26321199999934
 10
184.8680579999984
 20
-93.29013599999934
 10
184.87415399999838
 20
-93.31680599999935
 10
184.88151999999837
 20
-93.34296799999935
 10
184.8899019999984
 20
-93.36862199999935
 10
184.8992999999984
 20
-93.39402199999935
 10
184.90971399999842
 20
-93.41891399999935
 10
184.9211439999984
 20
-93.44329799999934
 10
184.9333359999984
 20
-93.46717399999935
 10
184.9465439999984
 20
-93.49028799999935
 10
184.9607679999984
 20
-93.51289399999935
 10
184.9757539999984
 20
-93.53499199999935
 10
184.99175599999842
 20
-93.55632799999935
 10
185.0085199999984
 20
-93.57715599999935
 10
185.02604599999842
 20
-93.59722199999935
 10
185.04458799999838
 20
-93.61652599999935
 10
185.0638919999984
 20
-93.63506799999935
 10
185.0839579999984
 20
-93.65284799999935
 10
185.1047859999984
 20
-93.66986599999935
 10
185.1263759999984
 20
-93.68612199999936
 10
185.1484739999984
 20
-93.70161599999935
 10
185.1713339999984
 20
-93.71609399999936
 10
185.1949559999984
 20
-93.72980999999935
 10
185.2190859999984
 20
-93.74250999999936
 10
185.24397799999838
 20
-93.75419399999934
 10
185.2693779999984
 20
-93.76486199999934
 10
185.29528599999838
 20
-93.77451399999934
 10
185.32195599999838
 20
-93.78314999999934
 10
185.34913399999837
 20
-93.79076999999934
 10
185.44920999999837
 20
-93.80956599999934
 10
185.54928599999838
 20
-93.82836199999934
 10
185.64936199999838
 20
-93.84715799999934
 10
185.74943799999838
 20
-93.86595399999935
 10
185.84951399999838
 20
-93.88474999999936
 10
185.94958999999838
 20
-93.90354599999935
 10
186.04966599999838
 20
-93.92234199999936
 10
186.14974199999838
 20
-93.94113799999936
 10
186.24981799999838
 20
-93.95993399999936
 10
186.3498939999984
 20
-93.97872999999937
 10
186.4499699999984
 20
-93.99752599999937
 10
186.5500459999984
 20
-94.01632199999938
 10
186.6501219999984
 20
-94.03511799999937
 10
186.7501979999984
 20
-94.05391399999938
 10
186.8502739999984
 20
-94.07270999999939
 10
186.95034999999842
 20
-94.09150599999938
 10
187.05042599999842
 20
-94.1103019999994
 10
187.15050199999843
 20
-94.12909799999939
 10
187.25057799999843
 20
-94.1478939999994
 10
187.35065399999843
 20
-94.16668999999939
 10
187.45072999999843
 20
-94.1854859999994
 10
187.55080599999843
 20
-94.20428199999941
 10
187.65088199999843
 20
-94.2230779999994
 10
187.75095799999843
 20
-94.24187399999941
 10
187.85103399999844
 20
-94.26066999999941
 10
187.95110999999844
 20
-94.27946599999942
 10
188.05118599999844
 20
-94.29826199999943
 10
188.15126199999844
 20
-94.31705799999942
 10
188.25133799999844
 20
-94.33585399999943
 10
188.35141399999844
 20
-94.35464999999942
 10
188.45148999999844
 20
-94.37344599999943
 10
188.55156599999845
 20
-94.39224199999944
 10
188.58356999999842
 20
-94.39808399999944
 10
188.61531999999843
 20
-94.40214799999944
 10
188.64706999999842
 20
-94.40443399999945
 10
188.67856599999843
 20
-94.40494199999945
 10
188.70980799999845
 20
-94.40392599999944
 10
188.74079599999843
 20
-94.40113199999944
 10
188.77127599999844
 20
-94.39681399999944
 10
188.80124799999845
 20
-94.39097199999944
 10
188.83096599999843
 20
-94.38360599999943
 10
188.86017599999843
 20
-94.37471599999944
 10
188.88862399999843
 20
-94.36455599999942
 10
188.91656399999843
 20
-94.35287199999942
 10
188.94374199999842
 20
-94.33991799999943
 10
188.97015799999843
 20
-94.32569399999943
 10
188.99581199999844
 20
-94.31019999999944
 10
189.02070399999843
 20
-94.29343599999945
 10
189.04483399999845
 20
-94.27540199999945
 10
189.06794799999844
 20
-94.25609799999944
 10
189.09004599999844
 20
-94.23577799999944
 10
189.11112799999842
 20
-94.21418799999944
 10
189.1311939999984
 20
-94.19158199999944
 10
189.1499899999984
 20
-94.16795999999944
 10
189.16776999999843
 20
-94.14332199999944
 10
189.18427999999844
 20
-94.11766799999944
 10
189.19951999999842
 20
-94.09099799999944
 10
189.2134899999984
 20
-94.06356599999944
 10
189.2259359999984
 20
-94.03511799999943
 10
189.2371119999984
 20
-94.00590799999944
 10
189.2467639999984
 20
-93.97593599999944
 10
189.2548919999984
 20
-93.94520199999944
 10
189.2614959999984
 20
-93.91370599999944
 10
189.26632199999838
 20
-93.88170199999944
 10
189.27038599999838
 20
-93.85045999999944
 10
189.27444999999838
 20
-93.81947199999944
 10
189.27851399999835
 20
-93.78848399999943
 10
189.28257799999835
 20
-93.75774999999943
 10
189.28664199999835
 20
-93.72726999999944
 10
189.29070599999832
 20
-93.69704399999944
 10
189.29476999999832
 20
-93.66707199999944
 10
189.29883399999832
 20
-93.63735399999943
 10
189.3028979999983
 20
-93.60788999999943
 10
189.3069619999983
 20
-93.57867999999942
 10
189.3110259999983
 20
-93.54972399999943
 10
189.3150899999983
 20
-93.52102199999943
 10
189.31889999999828
 20
-93.49282799999943
 10
189.32270999999827
 20
-93.46488799999943
 10
189.32651999999828
 20
-93.43745599999943
 10
189.33032999999827
 20
-93.41027799999942
 10
189.33413999999826
 20
-93.38360799999943
 10
189.33769599999826
 20
-93.35744599999941
 10
189.34125199999826
 20
-93.33153799999943
 10
189.34480799999827
 20
-93.30613799999942
 10
189.34836399999827
 20
-93.28124599999941
 10
189.3516659999983
 20
-93.25686199999942
 10
189.35496799999828
 20
-93.23298599999941
 10
189.3582699999983
 20
-93.20961799999942
 10
189.36131799999828
 20
-93.18675799999943
 10
189.36436599999826
 20
-93.16465999999943
 10
189.36741399999826
 20
-93.14306999999944
 10
189.37020799999826
 20
-93.12224199999943
 10
189.37300199999825
 20
-93.10192199999943
 10
189.37554199999823
 20
-93.08236399999944
 10
189.37808199999824
 20
-93.06331399999944
 10
189.38062199999823
 20
-93.04502599999944
 10
189.39662399999824
 20
-92.94088599999944
 10
189.41262599999823
 20
-92.83674599999944
 10
189.4286279999982
 20
-92.73260599999942
 10
189.44462999999823
 20
-92.62846599999942
 10
189.4606319999982
 20
-92.5243259999994
 10
189.4766339999982
 20
-92.4201859999994
 10
189.4926359999982
 20
-92.3160459999994
 10
189.5086379999982
 20
-92.21190599999939
 10
189.52463999999821
 20
-92.10776599999939
 10
189.5406419999982
 20
-92.00362599999939
 10
189.5566439999982
 20
-91.89948599999937
 10
189.5726459999982
 20
-91.79534599999937
 10
189.5886479999982
 20
-91.69120599999935
 10
189.6046499999982
 20
-91.58706599999935
 10
189.6206519999982
 20
-91.48292599999935
 10
189.63665399999817
 20
-91.37878599999934
 10
189.6526559999982
 20
-91.27464599999934
 10
189.66865799999817
 20
-91.17050599999932
 10
189.68465999999816
 20
-91.06636599999932
 10
189.70066199999818
 20
-90.96222599999932
 10
189.71666399999816
 20
-90.8580859999993
 10
189.73266599999818
 20
-90.7539459999993
 10
189.74866799999816
 20
-90.6498059999993
 10
189.76466999999815
 20
-90.54566599999929
 10
189.78067199999816
 20
-90.44152599999929
 10
189.79667399999815
 20
-90.33738599999927
 10
189.81267599999816
 20
-90.23324599999927
 10
189.82867799999815
 20
-90.12910599999927
 10
189.84467999999814
 20
-90.02496599999925
 10
189.86068199999815
 20
-89.92082599999925
 10
189.87668399999814
 20
-89.81668599999925
 10
189.89268599999812
 20
-89.71254599999924
 10
189.91275199999814
 20
-89.60611999999924
 10
189.93307199999813
 20
-89.49969399999925
 10
189.95364599999814
 20
-89.39326799999925
 10
189.97421999999816
 20
-89.28684199999925
 10
189.99504799999815
 20
-89.18041599999925
 10
190.01612999999813
 20
-89.07424399999925
 10
190.03746599999812
 20
-88.96807199999925
 10
190.0588019999981
 20
-88.86189999999925
 10
190.0803919999981
 20
-88.75572799999925
 10
190.10223599999813
 20
-88.64955599999925
 10
190.12407999999812
 20
-88.54338399999925
 10
190.14617799999812
 20
-88.43721199999925
 10
190.16827599999812
 20
-88.33103999999925
 10
190.1906279999981
 20
-88.22512199999926
 10
190.21323399999812
 20
-88.11920399999926
 10
190.23583999999815
 20
-88.01328599999927
 10
190.25869999999816
 20
-87.90736799999928
 10
190.28155999999814
 20
-87.80144999999928
 10
190.30467399999816
 20
-87.69553199999929
 10
190.32778799999815
 20
-87.5896139999993
 10
190.35115599999816
 20
-87.4836959999993
 10
190.37452399999816
 20
-87.37803199999931
 10
190.39814599999815
 20
-87.2723679999993
 10
190.42176799999814
 20
-87.1667039999993
 10
190.44564399999814
 20
-87.06103999999931
 10
190.46951999999814
 20
-86.9553759999993
 10
190.49364999999815
 20
-86.84971199999931
 10
190.51777999999817
 20
-86.74404799999931
 10
190.54216399999817
 20
-86.6383839999993
 10
190.56654799999816
 20
-86.53271999999932
 10
190.59093199999816
 20
-86.42705599999931
 10
190.61556999999817
 20
-86.3216459999993
 10
190.64376399999816
 20
-86.2012499999993
 10
190.67221199999815
 20
-86.0816159999993
 10
190.70091399999816
 20
-85.9627439999993
 10
190.73037799999815
 20
-85.8446339999993
 10
190.76034999999817
 20
-85.72728599999931
 10
190.79133799999818
 20
-85.61095399999931
 10
190.82334199999815
 20
-85.4953839999993
 10
190.85661599999816
 20
-85.3808299999993
 10
190.89115999999814
 20
-85.2672919999993
 10
190.92748199999815
 20
-85.1547699999993
 10
190.96532799999815
 20
-85.0432639999993
 10
191.00520599999817
 20
-84.9330279999993
 10
191.04711599999814
 20
-84.82380799999929
 10
191.09131199999814
 20
-84.71585799999929
 10
191.13804799999815
 20
-84.60917799999929
 10
191.18732399999814
 20
-84.50376799999928
 10
191.23939399999813
 20
-84.39962799999927
 10
191.29451199999815
 20
-84.29675799999929
 10
191.35267799999815
 20
-84.19515799999928
 10
191.41414599999814
 20
-84.09508199999928
 10
191.47916999999813
 20
-83.99627599999928
 10
191.54800399999812
 20
-83.89899399999929
 10
191.6206479999981
 20
-83.80323599999929
 10
191.6973559999981
 20
-83.70900199999929
 10
191.7781279999981
 20
-83.61629199999929
 10
191.8632179999981
 20
-83.5251059999993
 10
191.95287999999812
 20
-83.4356979999993
 10
192.0473679999981
 20
-83.34806799999929
 10
192.1466819999981
 20
-83.26196199999929
 10
192.25107599999808
 20
-83.1776339999993
 10
192.36054999999809
 20
-83.0950839999993
 10
192.47561199999808
 20
-83.01431199999931
 10
192.58711799999807
 20
-82.94242999999929
 10
192.70141799999809
 20
-82.8753739999993
 10
192.81851199999807
 20
-82.8131439999993
 10
192.93839999999807
 20
-82.7552319999993
 10
193.06057399999807
 20
-82.70189199999929
 10
193.18503399999807
 20
-82.6526159999993
 10
193.3117799999981
 20
-82.60740399999929
 10
193.44055799999808
 20
-82.56600199999929
 10
193.57111399999806
 20
-82.52815599999929
 10
193.70344799999805
 20
-82.49386599999929
 10
193.83730599999808
 20
-82.4628779999993
 10
193.9724339999981
 20
-82.43493799999929
 10
194.1088319999981
 20
-82.40979199999929
 10
194.2462459999981
 20
-82.38743999999929
 10
194.3844219999981
 20
-82.36762799999929
 10
194.5233599999981
 20
-82.35010199999928
 10
194.6630599999981
 20
-82.33486199999929
 10
194.80301399999811
 20
-82.32165399999928
 10
194.94322199999812
 20
-82.31022399999928
 10
195.0836839999981
 20
-82.30031799999928
 10
195.22414599999811
 20
-82.29193599999927
 10
195.36435399999812
 20
-82.28482399999928
 10
195.50430799999813
 20
-82.27872799999926
 10
195.64375399999813
 20
-82.27364799999927
 10
195.78243799999814
 20
-82.26907599999927
 10
195.92035999999814
 20
-82.26501199999927
 10
196.05726599999812
 20
-82.26145599999927
 10
196.19290199999813
 20
-82.25789999999927
 10
196.32726799999813
 20
-82.25434399999926
 10
196.46036399999812
 20
-82.25078799999926
 10
196.59168199999814
 20
-82.24672399999926
 10
196.72147599999812
 20
-82.24215199999927
 10
196.86777999999813
 20
-82.23681799999926
 10
197.01408399999815
 20
-82.23199199999927
 10
197.16038799999814
 20
-82.22741999999927
 10
197.30669199999815
 20
-82.22335599999927
 10
197.45299599999817
 20
-82.21979999999927
 10
197.59929999999815
 20
-82.21649799999926
 10
197.74560399999817
 20
-82.21370399999927
 10
197.89190799999818
 20
-82.21116399999926
 10
198.03846599999818
 20
-82.20913199999927
 10
198.18502399999818
 20
-82.20735399999927
 10
198.33158199999818
 20
-82.20582999999928
 10
198.47813999999818
 20
-82.20481399999927
 10
198.62469799999818
 20
-82.20405199999928
 10
198.77125599999817
 20
-82.20354399999927
 10
198.91781399999817
 20
-82.20328999999927
 10
199.06437199999817
 20
-82.20328999999927
 10
199.21092999999817
 20
-82.20354399999927
 10
199.35748799999817
 20
-82.20405199999928
 10
199.50404599999817
 20
-82.20481399999927
 10
199.65060399999817
 20
-82.20582999999928
 10
199.79716199999817
 20
-82.20709999999927
 10
199.94371999999817
 20
-82.20836999999928
 10
200.09027799999816
 20
-82.20989399999927
 10
200.23683599999816
 20
-82.21167199999927
 10
200.38339399999816
 20
-82.21344999999927
 10
200.52995199999816
 20
-82.21548199999927
 10
200.67625599999818
 20
-82.21751399999926
 10
200.8225599999982
 20
-82.21979999999927
 10
200.96886399999818
 20
-82.22208599999927
 10
201.1151679999982
 20
-82.22437199999926
 10
201.2614719999982
 20
-82.22691199999927
 10
201.4077759999982
 20
-82.22945199999927
 10
202.8982479999982
 20
-82.24037399999926
 10
204.38871999999822
 20
-82.25129599999927
 10
205.87919199999826
 20
-82.26221799999927
 10
207.36966399999827
 20
-82.27313999999927
 10
208.86013599999828
 20
-82.28406199999927
 10
210.3506079999983
 20
-82.29498399999927
 10
211.8410799999983
 20
-82.30590599999928
 10
213.3315519999983
 20
-82.31682799999928
 10
214.82202399999832
 20
-82.32774999999928
 10
216.31249599999833
 20
-82.33867199999928
 10
217.80296799999834
 20
-82.34959399999929
 10
219.29343999999836
 20
-82.36051599999928
 10
220.78391199999837
 20
-82.37143799999929
 10
222.27438399999838
 20
-82.38235999999928
 10
223.7648559999984
 20
-82.39328199999929
 10
225.2553279999984
 20
-82.4042039999993
 10
226.74579999999844
 20
-82.41512599999929
 10
228.23627199999845
 20
-82.4260479999993
 10
229.72674399999846
 20
-82.43696999999929
 10
231.21721599999847
 20
-82.4478919999993
 10
232.70768799999848
 20
-82.4588139999993
 10
234.1981599999985
 20
-82.4697359999993
 10
235.6886319999985
 20
-82.4806579999993
 10
237.17910399999852
 20
-82.4915799999993
 10
238.66957599999853
 20
-82.50250199999931
 10
240.16004799999854
 20
-82.5134239999993
 10
241.65051999999855
 20
-82.52434599999931
 10
243.14099199999856
 20
-82.5352679999993
 10
244.63146399999857
 20
-82.54618999999931
 10
246.12193599999858
 20
-82.55711199999931
 10
247.61240799999862
 20
-82.56803399999932
 10
249.10287999999863
 20
-82.57895599999932
 10
249.13666199999864
 20
-82.57844799999931
 10
249.17018999999863
 20
-82.57641599999931
 10
249.2034639999986
 20
-82.57311399999932
 10
249.2362299999986
 20
-82.56828799999933
 10
249.26874199999864
 20
-82.56193799999933
 10
249.3007459999986
 20
-82.55431799999934
 10
249.33224199999862
 20
-82.54542799999933
 10
249.36322999999862
 20
-82.53526799999932
 10
249.3937099999986
 20
-82.52383799999932
 10
249.4234279999986
 20
-82.51113799999932
 10
249.45263799999861
 20
-82.49716799999932
 10
249.4810859999986
 20
-82.48192799999931
 10
249.5087719999986
 20
-82.46567199999932
 10
249.5356959999986
 20
-82.44814599999931
 10
249.5618579999986
 20
-82.42960399999932
 10
249.5872579999986
 20
-82.41004599999931
 10
249.6118959999986
 20
-82.3894719999993
 10
249.6355179999986
 20
-82.36788199999931
 10
249.6583779999986
 20
-82.34527599999932
 10
249.6802219999986
 20
-82.32165399999931
 10
249.7010499999986
 20
-82.29701599999932
 10
249.7208619999986
 20
-82.27161599999931
 10
249.73965799999857
 20
-82.24519999999931
 10
249.7574379999986
 20
-82.21802199999931
 10
249.7739479999986
 20
-82.19008199999931
 10
249.7891879999986
 20
-82.1611259999993
 10
249.80341199999862
 20
-82.1314079999993
 10
249.81636599999862
 20
-82.1009279999993
 10
249.82804999999863
 20
-82.06993999999929
 10
249.83846399999865
 20
-82.0381899999993
 10
249.84760799999862
 20
-82.0056779999993
 10
249.85522799999862
 20
-81.9726579999993
 10
249.88088199999862
 20
-81.84921399999931
 10
249.90653599999862
 20
-81.7257699999993
 10
249.93218999999863
 20
-81.60232599999931
 10
249.9580979999986
 20
-81.47888199999932
 10
249.98375199999862
 20
-81.35543799999931
 10
250.00940599999862
 20
-81.23199399999932
 10
250.03505999999862
 20
-81.10854999999933
 10
250.06071399999863
 20
-80.98510599999932
 10
250.0866219999986
 20
-80.86166199999933
 10
250.11227599999862
 20
-80.73821799999932
 10
250.13792999999862
 20
-80.61477399999933
 10
250.1635839999986
 20
-80.49132999999934
 10
250.1892379999986
 20
-80.36788599999933
 10
250.2151459999986
 20
-80.24444199999934
 10
250.2407999999986
 20
-80.12099799999935
 10
250.2664539999986
 20
-79.99755399999934
 10
250.2921079999986
 20
-79.87410999999935
 10
250.3177619999986
 20
-79.75066599999934
 10
250.3434159999986
 20
-79.62722199999935
 10
250.36932399999858
 20
-79.50377799999936
 10
250.3949779999986
 20
-79.38033399999935
 10
250.4206319999986
 20
-79.25688999999936
 10
250.4462859999986
 20
-79.13344599999937
 10
250.4719399999986
 20
-79.01000199999936
 10
250.49784799999858
 20
-78.88655799999937
 10
250.5235019999986
 20
-78.76311399999936
 10
250.5491559999986
 20
-78.63966999999937
 10
250.5748099999986
 20
-78.51622599999938
 10
250.6004639999986
 20
-78.39278199999937
 10
250.62637199999858
 20
-78.26933799999938
 10
250.65202599999859
 20
-78.14589399999939
 10
250.6776799999986
 20
-78.02244999999938
 10
250.68301399999856
 20
-77.99958999999939
 10
250.68936399999856
 20
-77.97698399999939
 10
250.69647599999857
 20
-77.95488599999939
 10
250.70460399999857
 20
-77.9332959999994
 10
250.71349399999858
 20
-77.9122139999994
 10
250.72339999999858
 20
-77.89163999999938
 10
250.7340679999986
 20
-77.87157399999938
 10
250.74549799999858
 20
-77.85201599999938
 10
250.75768999999858
 20
-77.83296599999939
 10
250.77064399999858
 20
-77.81467799999939
 10
250.78435999999857
 20
-77.79689799999939
 10
250.79883799999857
 20
-77.77987999999938
 10
250.81382399999856
 20
-77.76336999999938
 10
250.82957199999856
 20
-77.74762199999938
 10
250.84608199999857
 20
-77.73238199999939
 10
250.86309999999858
 20
-77.71790399999938
 10
250.88062599999859
 20
-77.70418799999939
 10
250.89865999999859
 20
-77.69123399999938
 10
250.91745599999857
 20
-77.67904199999938
 10
250.93675999999857
 20
-77.66761199999938
 10
250.95657199999857
 20
-77.6569439999994
 10
250.97663799999856
 20
-77.6470379999994
 10
250.99721199999857
 20
-77.63814799999939
 10
251.01829399999855
 20
-77.63001999999939
 10
251.03962999999854
 20
-77.6226539999994
 10
251.06147399999855
 20
-77.6163039999994
 10
251.08357199999853
 20
-77.6109699999994
 10
251.10592399999854
 20
-77.6063979999994
 10
251.12878399999855
 20
-77.6028419999994
 10
251.15189799999854
 20
-77.6003019999994
 10
251.17526599999854
 20
-77.59877799999941
 10
251.19888799999853
 20
-77.5982699999994
 10
252.30251799999854
 20
-77.5911579999994
 10
253.40614799999855
 20
-77.5840459999994
 10
254.50977799999853
 20
-77.5769339999994
 10
255.61340799999854
 20
-77.56982199999939
 10
256.7170379999986
 20
-77.56270999999938
 10
257.8206679999986
 20
-77.55559799999938
 10
258.9242979999986
 20
-77.54848599999937
 10
260.02792799999855
 20
-77.54137399999937
 10
261.13155799999856
 20
-77.53426199999936
 10
262.2351879999986
 20
-77.52714999999935
 10
263.3388179999986
 20
-77.52003799999935
 10
264.4424479999986
 20
-77.51292599999935
 10
265.5460779999986
 20
-77.50581399999935
 10
266.6497079999986
 20
-77.49870199999934
 10
267.7533379999986
 20
-77.49158999999933
 10
268.85696799999863
 20
-77.48447799999933
 10
269.96059799999864
 20
-77.47736599999932
 10
271.06422799999865
 20
-77.47025399999931
 10
272.1678579999986
 20
-77.46314199999931
 10
273.2714879999986
 20
-77.4560299999993
 10
274.3751179999986
 20
-77.4489179999993
 10
275.47874799999863
 20
-77.44180599999929
 10
276.58237799999864
 20
-77.4346939999993
 10
277.68600799999865
 20
-77.42758199999929
 10
278.78963799999866
 20
-77.42046999999928
 10
279.89326799999867
 20
-77.41335799999928
 10
280.9968979999987
 20
-77.40624599999927
 10
282.1005279999987
 20
-77.39913399999926
 10
283.2041579999987
 20
-77.39202199999926
 10
284.3077879999987
 20
-77.38490999999925
 10
285.4114179999987
 20
-77.37779799999925
 10
286.5150479999987
 20
-77.37068599999924
 10
286.5694039999987
 20
-77.37170199999925
 10
286.62325199999873
 20
-77.37525799999925
 10
286.67633799999874
 20
-77.38160799999925
 10
286.7284079999987
 20
-77.39049799999925
 10
286.7797159999987
 20
-77.40192799999926
 10
286.8300079999987
 20
-77.41589799999926
 10
286.87928399999873
 20
-77.43215399999926
 10
286.9275439999987
 20
-77.45069599999925
 10
286.9745339999987
 20
-77.47152399999926
 10
287.0202539999987
 20
-77.49463799999926
 10
287.0647039999987
 20
-77.51978399999926
 10
287.10788399999876
 20
-77.54696199999927
 10
287.14953999999875
 20
-77.57617199999926
 10
287.1896719999987
 20
-77.60715999999927
 10
287.22827999999873
 20
-77.64017999999926
 10
287.2653639999987
 20
-77.67497799999927
 10
287.30066999999866
 20
-77.71155399999927
 10
287.3341979999987
 20
-77.74965399999927
 10
287.3659479999987
 20
-77.78927799999927
 10
287.3956659999987
 20
-77.83067999999926
 10
287.42335199999866
 20
-77.87335199999927
 10
287.4492599999987
 20
-77.91754799999927
 10
287.4728819999987
 20
-77.96301399999926
 10
287.4944719999987
 20
-78.00974999999926
 10
287.5137759999987
 20
-78.05775599999927
 10
287.5307939999987
 20
-78.10677799999927
 10
287.5452719999987
 20
-78.15681599999927
 10
287.55746399999873
 20
-78.20786999999928
 10
287.56711599999875
 20
-78.25993999999926
 10
287.57422799999875
 20
-78.31277199999927
 10
287.57854599999877
 20
-78.36636599999927
 10
287.58032399999877
 20
-78.42072199999927
 10
287.58032399999877
 20
-78.50454199999928
 10
287.58032399999877
 20
-78.58836199999926
 10
287.58032399999877
 20
-78.67218199999927
 10
287.58032399999877
 20
-78.75600199999926
 10
287.58032399999877
 20
-78.83982199999926
 10
287.58032399999877
 20
-78.92364199999925
 10
287.58032399999877
 20
-79.00746199999925
 10
287.58032399999877
 20
-79.09128199999924
 10
287.58032399999877
 20
-79.17510199999924
 10
287.58032399999877
 20
-79.25892199999923
 10
287.58032399999877
 20
-79.34274199999923
 10
287.58032399999877
 20
-79.42656199999922
 10
287.58032399999877
 20
-79.51038199999923
 10
287.58032399999877
 20
-79.59420199999923
 10
287.58032399999877
 20
-79.67802199999922
 10
287.58032399999877
 20
-79.76184199999922
 10
287.58032399999877
 20
-79.84566199999921
 10
287.58032399999877
 20
-79.92948199999921
 10
287.58032399999877
 20
-80.0133019999992
 10
287.58032399999877
 20
-80.0971219999992
 10
287.58032399999877
 20
-80.18094199999919
 10
287.58032399999877
 20
-80.2647619999992
 10
287.58032399999877
 20
-80.34858199999918
 10
287.58032399999877
 20
-80.43240199999919
 10
287.58032399999877
 20
-80.51622199999917
 10
287.58032399999877
 20
-80.60004199999918
 10
287.58032399999877
 20
-80.68386199999917
 10
287.58032399999877
 20
-80.76768199999917
 10
287.58032399999877
 20
-80.85150199999916
 10
287.58032399999877
 20
-80.93532199999916
 10
287.58032399999877
 20
-81.01914199999915
 10
287.58032399999877
 20
-81.10296199999915
 10
287.58133999999876
 20
-81.13369599999915
 10
287.5838799999987
 20
-81.16417599999915
 10
287.58794399999874
 20
-81.19414799999915
 10
287.59353199999873
 20
-81.22361199999914
 10
287.60038999999875
 20
-81.25256799999913
 10
287.60851799999875
 20
-81.28101599999914
 10
287.6181699999987
 20
-81.30870199999913
 10
287.6290919999987
 20
-81.33587999999914
 10
287.64128399999873
 20
-81.36229599999913
 10
287.65474599999874
 20
-81.38794999999914
 10
287.66922399999874
 20
-81.41284199999915
 10
287.6849719999987
 20
-81.43697199999914
 10
287.70173599999873
 20
-81.46033999999915
 10
287.7197699999987
 20
-81.48294599999915
 10
287.7388199999987
 20
-81.50453599999913
 10
287.7586319999987
 20
-81.52510999999915
 10
287.7794599999987
 20
-81.54492199999913
 10
287.80130399999877
 20
-81.56371799999914
 10
287.8239099999987
 20
-81.58124399999915
 10
287.84753199999875
 20
-81.59775399999914
 10
287.87191599999875
 20
-81.61324799999913
 10
287.89706199999875
 20
-81.62747199999913
 10
287.92296999999877
 20
-81.64042599999912
 10
287.94963999999874
 20
-81.65236399999914
 10
287.97681799999873
 20
-81.66303199999913
 10
288.00475799999873
 20
-81.67217599999913
 10
288.03320599999876
 20
-81.68004999999913
 10
288.06216199999875
 20
-81.68665399999914
 10
288.09162599999877
 20
-81.69173399999913
 10
288.12159799999876
 20
-81.69528999999913
 10
288.1520779999987
 20
-81.69757599999913
 10
288.1828119999987
 20
-81.69833799999913
 10
288.3100659999987
 20
-81.69859199999912
 10
288.4373199999987
 20
-81.69884599999912
 10
288.5645739999987
 20
-81.69909999999912
 10
288.6918279999987
 20
-81.6993539999991
 10
288.8190819999987
 20
-81.6996079999991
 10
288.94633599999867
 20
-81.6998619999991
 10
289.07358999999866
 20
-81.70011599999908
 10
289.20084399999865
 20
-81.70036999999908
 10
289.32809799999865
 20
-81.70062399999908
 10
289.45535199999864
 20
-81.70087799999908
 10
289.58260599999863
 20
-81.70113199999906
 10
289.7098599999986
 20
-81.70138599999906
 10
289.8371139999986
 20
-81.70163999999906
 10
289.9643679999986
 20
-81.70189399999904
 10
290.09162199999867
 20
-81.70214799999904
 10
290.21887599999866
 20
-81.70240199999904
 10
290.34612999999865
 20
-81.70265599999902
 10
290.47338399999865
 20
-81.70290999999902
 10
290.60063799999864
 20
-81.70316399999902
 10
290.72789199999863
 20
-81.70341799999902
 10
290.8551459999986
 20
-81.703671999999
 10
290.9823999999986
 20
-81.703925999999
 10
291.1096539999986
 20
-81.704179999999
 10
291.2369079999986
 20
-81.70443399999898
 10
291.3641619999986
 20
-81.70468799999898
 10
291.4914159999986
 20
-81.70494199999898
 10
291.6186699999986
 20
-81.70519599999896
 10
291.7459239999986
 20
-81.70544999999896
 10
291.8731779999986
 20
-81.70570399999896
 10
292.00043199999857
 20
-81.70595799999896
 10
292.12768599999856
 20
-81.70621199999894
 10
292.25493999999856
 20
-81.70646599999894
 10
292.2584959999985
 20
-81.53349199999894
 10
292.2615439999985
 20
-81.34883399999894
 10
292.2640839999985
 20
-81.15299999999895
 10
292.2661159999985
 20
-80.94649799999895
 10
292.26763999999855
 20
-80.73034399999895
 10
292.2686559999985
 20
-80.50504599999896
 10
292.2694179999985
 20
-80.27136599999895
 10
292.2696719999985
 20
-80.03006599999895
 10
292.2696719999985
 20
-79.78190799999895
 10
292.2691639999985
 20
-79.52739999999895
 10
292.2684019999985
 20
-79.26730399999896
 10
292.2673859999985
 20
-79.00212799999896
 10
292.2661159999985
 20
-78.73288799999895
 10
292.26459199999846
 20
-78.46009199999895
 10
292.26306799999844
 20
-78.18450199999896
 10
292.26128999999844
 20
-77.90662599999897
 10
292.25951199999844
 20
-77.62722599999896
 10
292.2574799999984
 20
-77.34706399999895
 10
292.2554479999984
 20
-77.06690199999895
 10
292.2534159999984
 20
-76.78750199999894
 10
292.2513839999984
 20
-76.50937199999893
 10
292.2493519999984
 20
-76.23327399999894
 10
292.24731999999835
 20
-75.95971599999893
 10
292.24528799999837
 20
-75.68945999999893
 10
292.24350999999837
 20
-75.42326799999894
 10
292.24198599999835
 20
-75.16190199999893
 10
292.2404619999983
 20
-74.90612399999894
 10
292.2391919999983
 20
-74.65644199999893
 10
292.2381759999983
 20
-74.41361799999893
 10
292.2374139999983
 20
-74.17841399999894
 10
292.2369059999983
 20
-73.95133799999893
  0
LWPOLYLINE
  5
36
330
17
100
AcDbEntity
  8
0
100
AcDbPolyline
 90
192
 70
1
 10
214.00109599999834
 20
-99.38918399999893
 10
214.07704199999833
 20
-99.45090599999892
 10
214.15298799999832
 20
-99.51262799999893
 10
214.2289339999983
 20
-99.57434999999893
 10
214.30487999999832
 20
-99.63607199999893
 10
214.3808259999983
 20
-99.69779399999892
 10
214.4567719999983
 20
-99.75951599999892
 10
214.53271799999828
 20
-99.82123799999893
 10
214.60866399999827
 20
-99.88295999999892
 10
214.6846099999983
 20
-99.94468199999892
 10
214.76055599999827
 20
-100.00640399999892
 10
214.83650199999826
 20
-100.06812599999891
 10
214.91244799999825
 20
-100.12984799999892
 10
214.98839399999827
 20
-100.19156999999892
 10
215.06433999999825
 20
-100.25329199999891
 10
215.14028599999824
 20
-100.31501399999891
 10
215.21623199999823
 20
-100.37673599999891
 10
215.29217799999824
 20
-100.4384579999989
 10
215.36812399999823
 20
-100.5001799999989
 10
215.44406999999822
 20
-100.56190199999891
 10
215.5200159999982
 20
-100.62362399999891
 10
215.59596199999822
 20
-100.6853459999989
 10
215.6719079999982
 20
-100.7470679999989
 10
215.7478539999982
 20
-100.80878999999891
 10
215.8237999999982
 20
-100.8705119999989
 10
215.8997459999982
 20
-100.9322339999989
 10
215.9756919999982
 20
-100.9939559999989
 10
216.05163799999818
 20
-101.05567799999889
 10
216.12758399999817
 20
-101.1173999999989
 10
216.20352999999818
 20
-101.1791219999989
 10
216.27947599999817
 20
-101.24084399999889
 10
216.35542199999816
 20
-101.30256599999889
 10
216.43136799999814
 20
-101.3642879999989
 10
216.52687199999815
 20
-101.44759999999889
 10
216.61424799999816
 20
-101.53548399999889
 10
216.69349599999816
 20
-101.62743199999889
 10
216.76486999999815
 20
-101.7231899999989
 10
216.82811599999815
 20
-101.82224999999889
 10
216.88348799999815
 20
-101.92435799999889
 10
216.93123999999816
 20
-102.02900599999889
 10
216.97111799999814
 20
-102.13568599999888
 10
217.00337599999813
 20
-102.24414399999888
 10
217.02801399999814
 20
-102.3538719999989
 10
217.04528599999813
 20
-102.46461599999888
 10
217.05519199999813
 20
-102.57586799999889
 10
217.0577319999981
 20
-102.6873739999989
 10
217.05315999999812
 20
-102.79862599999889
 10
217.0414759999981
 20
-102.90911599999889
 10
217.0226799999981
 20
-103.01858999999888
 10
216.99677199999812
 20
-103.12679399999888
 10
216.9640059999981
 20
-103.23296599999888
 10
216.92438199999813
 20
-103.33710599999888
 10
216.87815399999812
 20
-103.43845199999889
 10
216.82532199999812
 20
-103.53674999999889
 10
216.76588599999812
 20
-103.6317459999989
 10
216.69984599999813
 20
-103.72293199999889
 10
216.62745599999815
 20
-103.80979999999889
 10
216.54871599999814
 20
-103.89209599999889
 10
216.46387999999817
 20
-103.96931199999888
 10
216.37269399999815
 20
-104.04119399999888
 10
216.27541199999814
 20
-104.10723399999888
 10
216.17228799999816
 20
-104.16717799999888
 10
216.06306799999817
 20
-104.22051799999888
 10
215.94800599999817
 20
-104.26674599999888
 10
215.82735599999816
 20
-104.30560799999888
 10
215.71534199999817
 20
-104.33735799999889
 10
215.60332799999816
 20
-104.36910799999889
 10
215.49131399999814
 20
-104.40085799999889
 10
215.37929999999812
 20
-104.4326079999989
 10
215.26728599999814
 20
-104.46435799999888
 10
215.15527199999812
 20
-104.49610799999888
 10
215.0432579999981
 20
-104.52785799999889
 10
214.93124399999812
 20
-104.55960799999889
 10
214.8192299999981
 20
-104.59135799999889
 10
214.70721599999808
 20
-104.62310799999888
 10
214.5952019999981
 20
-104.65485799999888
 10
214.48318799999808
 20
-104.68660799999888
 10
214.37117399999806
 20
-104.71835799999889
 10
214.25915999999805
 20
-104.75010799999889
 10
214.14714599999806
 20
-104.78185799999889
 10
214.03513199999804
 20
-104.81360799999888
 10
213.92311799999803
 20
-104.84535799999888
 10
213.81110399999804
 20
-104.87710799999888
 10
213.69908999999802
 20
-104.90885799999889
 10
213.587075999998
 20
-104.94060799999889
 10
213.475061999998
 20
-104.97235799999889
 10
213.363047999998
 20
-105.00410799999888
 10
213.251033999998
 20
-105.03585799999888
 10
213.13901999999797
 20
-105.06760799999888
 10
213.02700599999798
 20
-105.09935799999889
 10
212.91499199999797
 20
-105.13110799999889
 10
212.80297799999795
 20
-105.16285799999889
 10
212.69096399999796
 20
-105.19460799999888
 10
212.57894999999795
 20
-105.22635799999888
 10
212.46693599999793
 20
-105.25810799999888
 10
212.3549219999979
 20
-105.28985799999889
 10
212.24290799999793
 20
-105.32160799999889
 10
212.1354659999979
 20
-105.34827799999888
 10
212.02878599999792
 20
-105.36732799999889
 10
211.92286799999792
 20
-105.3787579999989
 10
211.81821999999792
 20
-105.3828219999989
 10
211.7148419999979
 20
-105.38002799999889
 10
211.6132419999979
 20
-105.37037599999888
 10
211.5134199999979
 20
-105.35411999999889
 10
211.4156299999979
 20
-105.33151399999889
 10
211.3201259999979
 20
-105.3025579999989
 10
211.22716199999792
 20
-105.26775999999889
 10
211.13699199999792
 20
-105.22737399999889
 10
211.04986999999792
 20
-105.1813999999989
 10
210.9657959999979
 20
-105.1300919999989
 10
210.88527799999792
 20
-105.0739579999989
 10
210.8085699999979
 20
-105.01299799999889
 10
210.7356719999979
 20
-104.9474659999989
 10
210.6670919999979
 20
-104.8773619999989
 10
210.60282999999788
 20
-104.8031939999989
 10
210.5431399999979
 20
-104.7252159999989
 10
210.48852999999787
 20
-104.64342799999889
 10
210.43899999999786
 20
-104.5583379999989
 10
210.39480399999786
 20
-104.4699459999989
 10
210.35619599999785
 20
-104.3785059999989
 10
210.32342999999784
 20
-104.2842719999989
 10
210.29675999999785
 20
-104.18749799999891
 10
210.27618599999784
 20
-104.08843799999892
 10
210.26221599999786
 20
-103.98734599999891
 10
210.25510399999786
 20
-103.8842219999989
 10
210.25484999999787
 20
-103.7795739999989
 10
210.26196199999788
 20
-103.6734019999989
 10
210.27643999999788
 20
-103.56595999999891
 10
210.29853799999788
 20
-103.4575019999989
 10
210.32139799999788
 20
-103.3617439999989
 10
210.3442579999979
 20
-103.26598599999889
 10
210.3671179999979
 20
-103.1702279999989
 10
210.3899779999979
 20
-103.0744699999989
 10
210.41283799999792
 20
-102.9787119999989
 10
210.43569799999793
 20
-102.88295399999889
 10
210.45855799999794
 20
-102.78719599999889
 10
210.48141799999794
 20
-102.69143799999888
 10
210.50427799999795
 20
-102.59567999999888
 10
210.52713799999796
 20
-102.49992199999888
 10
210.54999799999794
 20
-102.40416399999887
 10
210.57285799999795
 20
-102.30840599999887
 10
210.59571799999796
 20
-102.21264799999886
 10
210.61857799999797
 20
-102.11688999999886
 10
210.64143799999798
 20
-102.02113199999887
 10
210.66429799999798
 20
-101.92537399999887
 10
210.687157999998
 20
-101.82961599999886
 10
210.710017999998
 20
-101.73385799999886
 10
210.732877999998
 20
-101.63809999999886
 10
210.75573799999802
 20
-101.54234199999885
 10
210.77859799999803
 20
-101.44658399999885
 10
210.80145799999804
 20
-101.35082599999885
 10
210.82431799999804
 20
-101.25506799999884
 10
210.84717799999805
 20
-101.15930999999884
 10
210.87003799999806
 20
-101.06355199999884
 10
210.89289799999807
 20
-100.96779399999883
 10
210.91575799999808
 20
-100.87203599999883
 10
210.9386179999981
 20
-100.77627799999884
 10
210.9614779999981
 20
-100.68051999999884
 10
210.9843379999981
 20
-100.58476199999883
 10
211.0071979999981
 20
-100.48900399999883
 10
211.03005799999812
 20
-100.39324599999883
 10
211.0635859999981
 20
-100.27132599999882
 10
211.1042259999981
 20
-100.15397799999882
 10
211.1517239999981
 20
-100.04145599999883
 10
211.2055719999981
 20
-99.93401399999883
 10
211.26551599999812
 20
-99.83165199999883
 10
211.33130199999812
 20
-99.73436999999882
 10
211.40267599999808
 20
-99.64242199999882
 10
211.4791299999981
 20
-99.55580799999882
 10
211.56040999999811
 20
-99.47478199999881
 10
211.6462619999981
 20
-99.3993439999988
 10
211.73617799999812
 20
-99.32949399999882
 10
211.82990399999812
 20
-99.26548599999882
 10
211.92718599999813
 20
-99.20757399999881
 10
212.02751599999814
 20
-99.15575799999881
 10
212.13063999999812
 20
-99.11003799999881
 10
212.23630399999814
 20
-99.0706679999988
 10
212.34425399999813
 20
-99.03764799999881
 10
212.45398199999812
 20
-99.01123199999881
 10
212.56523399999813
 20
-98.99141999999883
 10
212.6777559999981
 20
-98.97821199999882
 10
212.79103999999813
 20
-98.97186199999882
 10
212.90483199999812
 20
-98.97262399999882
 10
213.0188779999981
 20
-98.9802439999988
 10
213.13266999999811
 20
-98.99522999999881
 10
213.2459539999981
 20
-99.01732799999881
 10
213.3584759999981
 20
-99.04704599999882
 10
213.46998199999808
 20
-99.08412999999882
 10
213.57996399999809
 20
-99.12883399999882
 10
213.68816799999811
 20
-99.18141199999882
 10
213.79408599999812
 20
-99.24186399999881
 10
213.89771799999812
 20
-99.31018999999883
  0
LWPOLYLINE
  5
37
330
17
100
AcDbEntity
  8
0
100
AcDbPolyline
 90
416
 70
1
 10
194.22490999999812
 20
-131.13765999999882
 10
194.34911599999813
 20
-131.17245799999878
 10
194.47509999999812
 20
-131.2087799999988
 10
194.60286199999814
 20
-131.24637199999881
 10
194.73214799999815
 20
-131.2857419999988
 10
194.86270399999813
 20
-131.32663599999879
 10
194.99452999999815
 20
-131.3693079999988
 10
195.12762599999814
 20
-131.4140119999988
 10
195.26148399999815
 20
-131.4604939999988
 10
195.39610399999813
 20
-131.5090079999988
 10
195.53148599999815
 20
-131.5598079999988
 10
195.66737599999814
 20
-131.61289399999882
 10
195.80351999999812
 20
-131.6682659999988
 10
195.93991799999813
 20
-131.7259239999988
 10
196.07631599999814
 20
-131.78612199999878
 10
196.21245999999812
 20
-131.84885999999878
 10
196.3483499999981
 20
-131.91439199999877
 10
196.4839859999981
 20
-131.98271799999878
 10
196.6188599999981
 20
-132.05383799999876
 10
196.7532259999981
 20
-132.12800599999878
 10
196.8865759999981
 20
-132.20522199999877
 10
197.0189099999981
 20
-132.28548599999877
 10
197.14997399999808
 20
-132.36905199999876
 10
197.27976799999806
 20
-132.45591999999877
 10
197.40803799999807
 20
-132.54634399999875
 10
197.53478399999807
 20
-132.64006999999876
 10
197.65975199999806
 20
-132.73760599999878
 10
197.78268799999807
 20
-132.83869799999877
 10
197.90359199999807
 20
-132.94359999999878
 10
198.02220999999807
 20
-133.05231199999878
 10
198.13854199999807
 20
-133.16508799999878
 10
198.25233399999806
 20
-133.28192799999877
 10
198.36358599999807
 20
-133.40308599999878
 10
198.49033199999806
 20
-133.00582999999878
 10
198.59878999999808
 20
-132.60577999999876
 10
198.68946799999807
 20
-132.2034439999988
 10
198.76312799999806
 20
-131.7990759999988
 10
198.82027799999804
 20
-131.39267599999877
 10
198.86142599999806
 20
-130.98449799999878
 10
198.88707999999806
 20
-130.5750499999988
 10
198.89800199999806
 20
-130.1643319999988
 10
198.89469999999807
 20
-129.7525979999988
 10
198.87742799999805
 20
-129.3401019999988
 10
198.84720199999805
 20
-128.9270979999988
 10
198.80427599999805
 20
-128.51383999999882
 10
198.74915799999806
 20
-128.1005819999988
 10
198.68260999999808
 20
-127.68757799999882
 10
198.6051399999981
 20
-127.2750819999988
 10
198.5172559999981
 20
-126.86334799999881
 10
198.4194659999981
 20
-126.4526299999988
 10
198.3122779999981
 20
-126.04292799999881
 10
198.19645399999808
 20
-125.6347499999988
 10
198.07250199999805
 20
-125.2283499999988
 10
197.94092999999805
 20
-124.8237279999988
 10
197.80224599999804
 20
-124.42139199999879
 10
197.65721199999803
 20
-124.0213419999988
 10
197.50608199999803
 20
-123.6238319999988
 10
197.34961799999803
 20
-123.2293699999988
 10
197.18832799999805
 20
-122.8379559999988
 10
197.02271999999803
 20
-122.44984399999879
 10
196.853555999998
 20
-122.06528799999879
 10
196.68108999999802
 20
-121.68454199999879
 10
196.50608399999803
 20
-121.30785999999878
 10
196.32904599999802
 20
-120.93549599999878
 10
196.15048399999804
 20
-120.56770399999878
 10
195.92061399999804
 20
-120.10415399999879
 10
195.68693399999805
 20
-119.64238199999879
 10
195.44969799999805
 20
-119.1826419999988
 10
195.20915999999806
 20
-118.7244259999988
 10
194.96557399999807
 20
-118.2677339999988
 10
194.71944799999807
 20
-117.81256599999881
 10
194.47078199999805
 20
-117.3584139999988
 10
194.22033799999807
 20
-116.9052779999988
 10
193.96811599999805
 20
-116.45315799999881
 10
193.71436999999804
 20
-116.00179999999881
 10
193.459607999998
 20
-115.55094999999882
 10
193.20408399999803
 20
-115.10035399999882
 10
192.94830599999804
 20
-114.65001199999881
 10
192.69227399999804
 20
-114.1996699999988
 10
192.43649599999804
 20
-113.7493279999988
 10
192.18122599999805
 20
-113.29873199999881
 10
191.92671799999806
 20
-112.84762799999879
 10
191.67347999999808
 20
-112.3960159999988
 10
191.4217659999981
 20
-111.94364199999879
 10
191.17182999999807
 20
-111.49025199999879
 10
190.92392599999806
 20
-111.03584599999878
 10
190.67856199999807
 20
-110.58016999999879
 10
190.43599199999804
 20
-110.1232239999988
 10
190.19646999999804
 20
-109.6647539999988
 10
189.96024999999807
 20
-109.20450599999879
 10
189.72783999999808
 20
-108.7422259999988
 10
189.49949399999807
 20
-108.2779139999988
 10
189.2754659999981
 20
-107.81131599999881
 10
189.05600999999808
 20
-107.34243199999881
 10
188.84163399999807
 20
-106.87100799999881
 10
188.63259199999808
 20
-106.3967899999988
 10
188.42913799999806
 20
-105.9197779999988
 10
188.32931599999804
 20
-105.6761919999988
 10
188.23431999999804
 20
-105.43311399999881
 10
188.14414999999804
 20
-105.19054399999881
 10
188.05855199999806
 20
-104.94848199999882
 10
187.97752599999805
 20
-104.70667399999881
 10
187.90107199999804
 20
-104.46537399999882
 10
187.82893599999804
 20
-104.22458199999882
 10
187.76137199999806
 20
-103.98404399999882
 10
187.69787199999806
 20
-103.74401399999883
 10
187.63868999999806
 20
-103.50423799999882
 10
187.58382599999808
 20
-103.26496999999883
 10
187.53302599999805
 20
-103.02595599999883
 10
187.48628999999806
 20
-102.78719599999883
 10
187.44336399999807
 20
-102.54868999999881
 10
187.40450199999808
 20
-102.31069199999882
 10
187.36944999999807
 20
-102.07294799999882
 10
187.33820799999805
 20
-101.83545799999882
 10
187.31052199999803
 20
-101.59822199999881
 10
187.28664599999803
 20
-101.36123999999882
 10
187.266325999998
 20
-101.12425799999882
 10
187.24930799999802
 20
-100.88752999999882
 10
187.23584599999802
 20
-100.65105599999882
 10
187.225685999998
 20
-100.41483599999881
 10
187.218827999998
 20
-100.17861599999881
 10
187.215271999998
 20
-99.94264999999882
 10
187.214763999998
 20
-99.70668399999883
 10
187.21730399999802
 20
-99.47097199999882
 10
187.22289199999804
 20
-99.23525999999883
 10
187.23152799999804
 20
-98.99954799999884
 10
187.24295799999803
 20
-98.76408999999883
 10
187.25718199999804
 20
-98.52863199999882
 10
187.27419999999802
 20
-98.29317399999881
 10
187.26556399999802
 20
-98.29088799999882
 10
187.25692799999803
 20
-98.2886019999988
 10
187.24829199999803
 20
-98.2863159999988
 10
187.23965599999804
 20
-98.28402999999881
 10
187.23101999999804
 20
-98.2817439999988
 10
187.22238399999804
 20
-98.2794579999988
 10
187.21374799999805
 20
-98.27717199999879
 10
187.20511199999805
 20
-98.27488599999879
 10
187.19647599999806
 20
-98.27259999999879
 10
187.18783999999806
 20
-98.27031399999878
 10
187.17920399999804
 20
-98.26802799999878
 10
187.17056799999804
 20
-98.26574199999877
 10
187.16193199999805
 20
-98.26345599999877
 10
187.15329599999805
 20
-98.26116999999877
 10
187.14465999999805
 20
-98.25888399999876
 10
187.13602399999806
 20
-98.25659799999876
 10
187.12738799999806
 20
-98.25431199999875
 10
187.11875199999807
 20
-98.25202599999875
 10
187.11011599999807
 20
-98.24973999999875
 10
187.10147999999808
 20
-98.24745399999874
 10
187.09284399999808
 20
-98.24516799999874
 10
187.08420799999809
 20
-98.24288199999873
 10
187.07557199999806
 20
-98.24059599999873
 10
187.06693599999807
 20
-98.23830999999873
 10
187.05829999999807
 20
-98.23602399999872
 10
187.04966399999807
 20
-98.23373799999872
 10
187.04102799999808
 20
-98.23145199999871
 10
187.03239199999808
 20
-98.22916599999871
 10
187.0237559999981
 20
-98.22687999999872
 10
187.0151199999981
 20
-98.2245939999987
 10
187.0064839999981
 20
-98.2223079999987
 10
186.9978479999981
 20
-98.22002199999869
 10
186.92113999999808
 20
-98.64140799999869
 10
186.8426539999981
 20
-99.0536499999987
 10
186.7621359999981
 20
-99.45750999999869
 10
186.6795859999981
 20
-99.8534959999987
 10
186.59500399999808
 20
-100.24186199999869
 10
186.5081359999981
 20
-100.6233699999987
 10
186.4189819999981
 20
-100.9982739999987
 10
186.3275419999981
 20
-101.36708199999869
 10
186.2338159999981
 20
-101.7303019999987
 10
186.13754999999807
 20
-102.08844199999871
 10
186.03874399999808
 20
-102.4420099999987
 10
185.93714399999809
 20
-102.7915139999987
 10
185.83300399999808
 20
-103.1374619999987
 10
185.7260699999981
 20
-103.4801079999987
 10
185.6160879999981
 20
-103.8202139999987
 10
185.5033119999981
 20
-104.1580339999987
 10
185.3874879999981
 20
-104.49407599999869
 10
185.2686159999981
 20
-104.8291019999987
 10
185.1464419999981
 20
-105.16336599999869
 10
185.02096599999808
 20
-105.49737599999868
 10
184.8921879999981
 20
-105.83163999999869
 10
184.7601079999981
 20
-106.16641199999867
 10
184.62447199999812
 20
-106.50245399999866
 10
184.4852799999981
 20
-106.84027399999867
 10
184.3425319999981
 20
-107.18012599999867
 10
184.1959739999981
 20
-107.52277199999867
 10
184.04560599999812
 20
-107.86846599999866
 10
183.89142799999811
 20
-108.21771599999866
 10
183.7331859999981
 20
-108.57102999999867
 10
183.5711339999981
 20
-108.92891599999867
 10
183.4047639999981
 20
-109.29188199999867
 10
183.2343299999981
 20
-109.66043599999867
 10
183.0156359999981
 20
-110.13389199999867
 10
182.8027839999981
 20
-110.60048999999866
 10
182.5955199999981
 20
-111.06048399999865
 10
182.3938439999981
 20
-111.51387399999867
 10
182.1977559999981
 20
-111.96116799999866
 10
182.00725599999808
 20
-112.40236599999868
 10
181.82208999999807
 20
-112.83797599999866
 10
181.6422579999981
 20
-113.26799799999866
 10
181.46750599999808
 20
-113.69293999999866
 10
181.2978339999981
 20
-114.11280199999867
 10
181.1332419999981
 20
-114.52809199999867
 10
180.97372999999806
 20
-114.93880999999867
 10
180.81904399999806
 20
-115.34520999999867
 10
180.66918399999804
 20
-115.74754599999868
 10
180.52389599999805
 20
-116.14632599999868
 10
180.38317999999805
 20
-116.54154999999867
 10
180.24703599999808
 20
-116.93347199999867
 10
180.11520999999806
 20
-117.32234599999867
 10
179.98770199999808
 20
-117.70842599999867
 10
179.8645119999981
 20
-118.09196599999866
 10
179.74563999999808
 20
-118.47321999999866
 10
179.6308319999981
 20
-118.85244199999866
 10
179.52008799999808
 20
-119.22988599999866
 10
179.41315399999806
 20
-119.60555199999865
 10
179.31002999999808
 20
-119.97994799999866
 10
179.2107159999981
 20
-120.35332799999865
 10
179.1149579999981
 20
-120.72594599999866
 10
179.02275599999808
 20
-121.09780199999865
 10
178.93410999999807
 20
-121.46940399999866
 10
178.84901999999806
 20
-121.84075199999866
 10
178.76723199999807
 20
-122.21235399999865
 10
178.6884919999981
 20
-122.58420999999866
 10
178.6587739999981
 20
-122.72975199999865
 10
178.6293099999981
 20
-122.87757999999866
 10
178.6000999999981
 20
-123.02743999999865
 10
178.57114399999807
 20
-123.17933199999865
 10
178.5426959999981
 20
-123.33325599999866
 10
178.5145019999981
 20
-123.48921199999864
 10
178.4865619999981
 20
-123.64694599999864
 10
178.45887599999807
 20
-123.80671199999864
 10
178.4314439999981
 20
-123.96825599999865
 10
178.4042659999981
 20
-124.13132399999864
 10
178.3775959999981
 20
-124.29616999999865
 10
178.3511799999981
 20
-124.46253999999864
 10
178.3250179999981
 20
-124.63043399999864
 10
178.2991099999981
 20
-124.79959799999864
 10
178.2737099999981
 20
-124.97028599999865
 10
178.24856399999808
 20
-125.14224399999866
 10
178.2236719999981
 20
-125.31547199999866
 10
178.1990339999981
 20
-125.48971599999865
 10
178.1749039999981
 20
-125.66497599999865
 10
178.1510279999981
 20
-125.84150599999865
 10
178.1274059999981
 20
-126.01879799999864
 10
178.10429199999808
 20
-126.19710599999864
 10
178.08143199999807
 20
-126.37617599999864
 10
178.05882599999808
 20
-126.55600799999864
 10
178.03647399999807
 20
-126.73660199999865
 10
178.01462999999808
 20
-126.91770399999865
 10
177.99303999999808
 20
-127.09956799999865
 10
177.97170399999808
 20
-127.28193999999866
 10
177.9508759999981
 20
-127.46456599999865
 10
177.93030199999808
 20
-127.64769999999866
 10
177.90998199999805
 20
-127.83108799999866
 10
177.89016999999808
 20
-128.01472999999865
 10
177.95265399999806
 20
-127.99390199999866
 10
178.01539199999806
 20
-127.97383599999866
 10
178.07863799999805
 20
-127.95427799999867
 10
178.14213799999806
 20
-127.93548199999866
 10
178.20589199999804
 20
-127.91719399999866
 10
178.26989999999805
 20
-127.89966799999866
 10
178.33416199999806
 20
-127.88264999999865
 10
178.39867799999806
 20
-127.86639399999865
 10
178.46344799999807
 20
-127.85089999999865
 10
178.52872599999804
 20
-127.83591399999864
 10
178.59425799999806
 20
-127.82168999999865
 10
178.66004399999807
 20
-127.80797399999865
 10
178.72608399999805
 20
-127.79501999999866
 10
178.79237799999805
 20
-127.78282799999866
 10
178.85892599999804
 20
-127.77114399999866
 10
178.92572799999803
 20
-127.76022199999866
 10
178.99278399999804
 20
-127.74980799999865
 10
179.06009399999803
 20
-127.74015599999865
 10
179.12765799999804
 20
-127.73126599999866
 10
179.19547599999805
 20
-127.72288399999864
 10
179.26354799999805
 20
-127.71526399999865
 10
179.33187399999807
 20
-127.70815199999865
 10
179.40045399999806
 20
-127.70180199999865
 10
179.46928799999804
 20
-127.69621399999866
 10
179.53837599999804
 20
-127.69113399999866
 10
179.60771799999804
 20
-127.68681599999866
 10
179.67731399999806
 20
-127.68325999999865
 10
179.74716399999807
 20
-127.68021199999866
 10
179.81726799999805
 20
-127.67792599999865
 10
179.88737199999804
 20
-127.67614799999865
 10
179.95772999999804
 20
-127.67513199999865
 10
180.02834199999805
 20
-127.67487799999866
 10
180.16296199999803
 20
-127.67614799999865
 10
180.29707399999805
 20
-127.67970399999865
 10
180.43067799999804
 20
-127.68554599999867
 10
180.56351999999805
 20
-127.69341999999867
 10
180.69585399999804
 20
-127.70332599999865
 10
180.82742599999804
 20
-127.71526399999867
 10
180.95823599999804
 20
-127.72897999999866
 10
181.08828399999803
 20
-127.74447399999866
 10
181.21756999999803
 20
-127.76174599999865
 10
181.346093999998
 20
-127.78054199999865
 10
181.47385599999802
 20
-127.80086199999865
 10
181.60060199999802
 20
-127.82270599999865
 10
181.72658599999804
 20
-127.84581999999865
 10
181.851553999998
 20
-127.87020399999865
 10
181.97550599999803
 20
-127.89560399999866
 10
182.09844199999804
 20
-127.92201999999865
 10
182.22036199999803
 20
-127.94945199999866
 10
182.34126599999806
 20
-127.97789999999867
 10
182.46115399999803
 20
-128.00710999999868
 10
182.57977199999803
 20
-128.03682799999868
 10
182.69737399999804
 20
-128.06730799999866
 10
182.813705999998
 20
-128.09829599999867
 10
182.928767999998
 20
-128.12979199999867
 10
183.04255999999802
 20
-128.1615419999987
 10
183.155081999998
 20
-128.1935459999987
 10
183.266333999998
 20
-128.22580399999867
 10
183.376061999998
 20
-128.2580619999987
 10
183.484519999998
 20
-128.29031999999867
 10
183.591453999998
 20
-128.32232399999867
 10
183.69711799999803
 20
-128.3540739999987
 10
183.80125799999803
 20
-128.3855699999987
 10
183.903873999998
 20
-128.41681199999869
 10
183.91631999999802
 20
-128.42062199999867
 10
183.92851199999802
 20
-128.4244319999987
 10
183.94070399999802
 20
-128.42824199999868
 10
183.95289599999802
 20
-128.43205199999866
 10
183.96508799999802
 20
-128.43586199999865
 10
183.97727999999802
 20
-128.43967199999867
 10
183.98947199999802
 20
-128.44348199999865
 10
184.00166399999802
 20
-128.44729199999864
 10
184.01385599999801
 20
-128.45110199999866
 10
184.026047999998
 20
-128.45491199999864
 10
184.038239999998
 20
-128.45872199999863
 10
184.05043199999804
 20
-128.46253199999865
 10
184.06262399999804
 20
-128.46634199999863
 10
184.07481599999804
 20
-128.47015199999862
 10
184.08700799999804
 20
-128.47396199999864
 10
184.09919999999804
 20
-128.47777199999862
 10
184.11139199999803
 20
-128.48132799999863
 10
184.12358399999803
 20
-128.48488399999863
 10
184.13577599999803
 20
-128.48843999999863
 10
184.14796799999803
 20
-128.49199599999864
 10
184.16015999999803
 20
-128.49555199999864
 10
184.17235199999803
 20
-128.49910799999864
 10
184.18454399999803
 20
-128.50266399999865
 10
184.19648199999804
 20
-128.50621999999865
 10
184.20841999999806
 20
-128.50977599999865
 10
184.22035799999804
 20
-128.51333199999866
 10
184.23229599999806
 20
-128.51688799999866
 10
184.24423399999807
 20
-128.52044399999866
 10
184.25617199999806
 20
-128.52399999999867
 10
184.26810999999807
 20
-128.52755599999867
 10
184.2800479999981
 20
-128.53111199999867
 10
184.29198599999808
 20
-128.53466799999867
 10
184.44743399999808
 20
-128.58064199999868
 10
184.60389799999808
 20
-128.62661599999865
 10
184.76137799999807
 20
-128.67233599999867
 10
184.91961999999808
 20
-128.71780199999864
 10
185.07887799999807
 20
-128.76301399999866
 10
185.23889799999807
 20
-128.80822599999865
 10
185.39993399999807
 20
-128.85318399999866
 10
185.56173199999807
 20
-128.89788799999866
 10
185.72429199999806
 20
-128.94259199999865
 10
185.88786799999806
 20
-128.98729599999865
 10
186.05220599999808
 20
-129.03174599999866
 10
186.21730599999808
 20
-129.07619599999865
 10
186.38316799999808
 20
-129.12039199999865
 10
186.55004599999808
 20
-129.16458799999864
 10
186.71768599999808
 20
-129.20878399999864
 10
186.88608799999807
 20
-129.25297999999864
 10
187.0552519999981
 20
-129.29692199999863
 10
187.2251779999981
 20
-129.34086399999865
 10
187.3958659999981
 20
-129.38480599999863
 10
187.56731599999807
 20
-129.42874799999862
 10
187.73952799999807
 20
-129.47268999999864
 10
187.91250199999809
 20
-129.51663199999862
 10
188.0859839999981
 20
-129.56082799999862
 10
188.2602279999981
 20
-129.60502399999862
 10
188.4352339999981
 20
-129.64921999999862
 10
188.61100199999808
 20
-129.69341599999862
 10
188.78727799999808
 20
-129.7378659999986
 10
188.9643159999981
 20
-129.78231599999862
 10
189.14211599999808
 20
-129.82676599999863
 10
189.3204239999981
 20
-129.87146999999862
 10
189.4994939999981
 20
-129.91617399999862
 10
189.67907199999811
 20
-129.96113199999863
 10
189.8195339999981
 20
-129.9961839999986
 10
189.9602499999981
 20
-130.03148999999863
 10
190.10121999999808
 20
-130.06679599999862
 10
190.2424439999981
 20
-130.1021019999986
 10
190.3839219999981
 20
-130.1376619999986
 10
190.5256539999981
 20
-130.1732219999986
 10
190.6676399999981
 20
-130.2087819999986
 10
190.80962599999808
 20
-130.24459599999858
 10
190.95186599999806
 20
-130.28040999999857
 10
191.09435999999806
 20
-130.3164779999986
 10
191.2368539999981
 20
-130.3525459999986
 10
191.3796019999981
 20
-130.38861399999863
 10
191.52234999999808
 20
-130.42493599999864
 10
191.6650979999981
 20
-130.46125799999862
 10
191.8078459999981
 20
-130.49783399999865
 10
191.9508479999981
 20
-130.53440999999864
 10
192.0938499999981
 20
-130.57123999999862
 10
192.2368519999981
 20
-130.60806999999863
 10
192.3798539999981
 20
-130.64515399999863
 10
192.5226019999981
 20
-130.6822379999986
 10
192.66534999999809
 20
-130.71957599999863
 10
192.8080979999981
 20
-130.75691399999863
 10
192.9508459999981
 20
-130.79450599999865
 10
193.0933399999981
 20
-130.83209799999864
 10
193.2358339999981
 20
-130.86994399999864
 10
193.3780739999981
 20
-130.90804399999863
 10
193.52031399999808
 20
-130.94614399999864
 10
193.66229999999808
 20
-130.9844979999986
 10
193.80403199999807
 20
-131.0228519999986
 10
193.94550999999808
 20
-131.06145999999862
 10
194.0869879999981
 20
-131.1003219999986
  0
LWPOLYLINE
  5
38
330
17
100
AcDbEntity
  8
0
100
AcDbPolyline
 90
320
 70
1
 10
205.1309079999981
 20
-103.11790399999863
 10
205.07121799999808
 20
-103.10190199999863
 10
205.0115279999981
 20
-103.08589999999863
 10
204.95183799999808
 20
-103.06989799999864
 10
204.8921479999981
 20
-103.05389599999864
 10
204.83245799999807
 20
-103.03789399999864
 10
204.77276799999808
 20
-103.02189199999864
 10
204.71307799999806
 20
-103.00588999999864
 10
204.65338799999807
 20
-102.98988799999866
 10
204.59369799999806
 20
-102.97388599999866
 10
204.53400799999807
 20
-102.95788399999866
 10
204.47431799999805
 20
-102.94188199999866
 10
204.41462799999806
 20
-102.92587999999867
 10
204.35493799999804
 20
-102.90987799999867
 10
204.29524799999805
 20
-102.89387599999867
 10
204.23555799999804
 20
-102.87787399999867
 10
204.17586799999805
 20
-102.86187199999868
 10
204.11617799999803
 20
-102.84586999999868
 10
204.05648799999804
 20
-102.82986799999868
 10
203.99679799999802
 20
-102.81386599999868
 10
203.93710799999803
 20
-102.7978639999987
 10
203.87741799999802
 20
-102.7818619999987
 10
203.81772799999803
 20
-102.7658599999987
 10
203.758037999998
 20
-102.7498579999987
 10
203.69834799999802
 20
-102.7338559999987
 10
203.638657999998
 20
-102.71785399999871
 10
203.578967999998
 20
-102.70185199999871
 10
203.519277999998
 20
-102.68584999999871
 10
203.459587999998
 20
-102.66984799999871
 10
203.399897999998
 20
-102.65384599999872
 10
203.340207999998
 20
-102.63784399999872
 10
203.28051799999798
 20
-102.62184199999872
 10
203.220827999998
 20
-102.60583999999872
 10
202.81950799999797
 20
-102.49814399999873
 10
202.41767999999797
 20
-102.39019399999873
 10
202.01559799999796
 20
-102.28224399999873
 10
201.61300799999796
 20
-102.17403999999873
 10
201.20990999999796
 20
-102.06583599999873
 10
200.80655799999798
 20
-101.95737799999873
 10
200.40295199999795
 20
-101.84891999999873
 10
199.99909199999797
 20
-101.74046199999871
 10
199.59523199999796
 20
-101.63174999999872
 10
199.19111799999794
 20
-101.52303799999872
 10
198.78700399999795
 20
-101.41432599999872
 10
198.38288999999796
 20
-101.30561399999871
 10
197.97877599999794
 20
-101.19690199999872
 10
197.57491599999793
 20
-101.08818999999872
 10
197.17105599999792
 20
-100.97947799999872
 10
196.76744999999792
 20
-100.87076599999872
 10
196.3640979999979
 20
-100.76205399999873
 10
195.9609999999979
 20
-100.65334199999872
 10
195.5584099999979
 20
-100.54462999999872
 10
195.15607399999791
 20
-100.43617199999872
 10
194.75424599999792
 20
-100.3277139999987
 10
194.35292599999792
 20
-100.21925599999871
 10
193.95211399999792
 20
-100.11105199999871
 10
193.55206399999793
 20
-100.0028479999987
 10
193.15252199999793
 20
-99.8948979999987
 10
192.7537419999979
 20
-99.7869479999987
 10
192.3557239999979
 20
-99.67925199999871
 10
191.9584679999979
 20
-99.57155599999872
 10
191.56222799999793
 20
-99.46411399999872
 10
191.16674999999793
 20
-99.35692599999871
 10
190.77228799999793
 20
-99.2497379999987
 10
190.37884199999792
 20
-99.1428039999987
 10
190.37680999999793
 20
-99.19258799999871
 10
190.37503199999793
 20
-99.24237199999872
 10
190.37350799999794
 20
-99.29215599999873
 10
190.37198399999795
 20
-99.34193999999873
 10
190.37071399999795
 20
-99.39172399999875
 10
190.36969799999795
 20
-99.44150799999875
 10
190.36868199999793
 20
-99.49129199999875
 10
190.36791999999792
 20
-99.54107599999877
 10
190.36741199999793
 20
-99.59085999999877
 10
190.36690399999796
 20
-99.64064399999877
 10
190.36664999999795
 20
-99.69042799999878
 10
190.36664999999795
 20
-99.74021199999879
 10
190.36690399999796
 20
-99.7899959999988
 10
190.36715799999794
 20
-99.8397799999988
 10
190.36766599999794
 20
-99.88956399999881
 10
190.36842799999795
 20
-99.93934799999882
 10
190.36944399999794
 20
-99.98913199999882
 10
190.37071399999795
 20
-100.03916999999882
 10
190.37198399999795
 20
-100.08920799999882
 10
190.37350799999794
 20
-100.13924599999882
 10
190.3752859999979
 20
-100.18928399999882
 10
190.37731799999793
 20
-100.23932199999882
 10
190.37960399999795
 20
-100.28935999999882
 10
190.38214399999794
 20
-100.33939799999882
 10
190.38468399999795
 20
-100.38943599999882
 10
190.38747799999794
 20
-100.43947399999882
 10
190.39052599999792
 20
-100.48951199999883
 10
190.3938279999979
 20
-100.53954999999883
 10
190.3973839999979
 20
-100.58958799999883
 10
190.40119399999793
 20
-100.63962599999883
 10
190.4052579999979
 20
-100.68966399999883
 10
190.4095759999979
 20
-100.73970199999883
 10
190.43878599999792
 20
-101.02392799999883
 10
190.47561599999793
 20
-101.30662999999883
 10
190.51981199999793
 20
-101.58806199999884
 10
190.5711199999979
 20
-101.86796999999883
 10
190.62928599999793
 20
-102.14635399999884
 10
190.69405599999791
 20
-102.42346799999883
 10
190.76492199999794
 20
-102.69931199999884
 10
190.84162999999793
 20
-102.97363199999883
 10
190.92392599999792
 20
-103.24668199999883
 10
191.01155599999794
 20
-103.51846199999883
 10
191.10426599999792
 20
-103.78897199999884
 10
191.20180199999794
 20
-104.05821199999883
 10
191.30365599999791
 20
-104.32618199999884
 10
191.40982799999793
 20
-104.59313599999884
 10
191.51980999999793
 20
-104.85881999999883
 10
191.6333479999979
 20
-105.12348799999882
 10
191.75018799999793
 20
-105.38688599999881
 10
191.86982199999792
 20
-105.64926799999881
 10
191.9922499999979
 20
-105.91063399999882
 10
192.11696399999792
 20
-106.17072999999881
 10
192.24370999999792
 20
-106.42980999999881
 10
192.3724879999979
 20
-106.68787399999881
 10
192.5025359999979
 20
-106.94492199999883
 10
192.6338539999979
 20
-107.20120799999883
 10
192.7661879999979
 20
-107.45647799999882
 10
192.8990299999979
 20
-107.71073199999881
 10
193.0321259999979
 20
-107.96422399999881
 10
193.1652219999979
 20
-108.21669999999882
 10
193.2980639999979
 20
-108.46841399999882
 10
193.4303979999979
 20
-108.71936599999881
 10
193.56171599999792
 20
-108.9693019999988
 10
193.69201799999792
 20
-109.21847599999882
 10
193.95389199999792
 20
-109.7163159999988
 10
194.21982999999793
 20
-110.2126319999988
 10
194.48932399999794
 20
-110.70767799999881
 10
194.76186599999792
 20
-111.2017079999988
 10
195.03694799999792
 20
-111.69497599999882
 10
195.3140619999979
 20
-112.18748199999881
 10
195.5926999999979
 20
-112.67947999999882
 10
195.8723539999979
 20
-113.17122399999882
 10
196.1525159999979
 20
-113.66296799999881
 10
196.43267799999788
 20
-114.15496599999881
 10
196.7123319999979
 20
-114.6472179999988
 10
196.99096999999787
 20
-115.1402319999988
 10
197.26808399999788
 20
-115.6340079999988
 10
197.54316599999788
 20
-116.1287999999988
 10
197.81570799999787
 20
-116.6246079999988
 10
198.08494799999787
 20
-117.1219399999988
 10
198.35063199999786
 20
-117.6207959999988
 10
198.61225199999785
 20
-118.12168399999881
 10
198.86929999999785
 20
-118.62460399999881
 10
199.12101399999784
 20
-119.1298099999988
 10
199.36713999999785
 20
-119.6373019999988
 10
199.60716999999786
 20
-120.1475879999988
 10
199.84034199999786
 20
-120.6606679999988
 10
200.06640199999788
 20
-121.17679599999879
 10
200.28484199999787
 20
-121.6962259999988
 10
200.49489999999787
 20
-122.2192119999988
 10
200.69632199999788
 20
-122.74600799999881
 10
200.88834599999785
 20
-123.2766139999988
 10
201.07071799999787
 20
-123.8115379999988
 10
201.24267599999786
 20
-124.3507799999988
 10
201.40396599999787
 20
-124.8945939999988
 10
201.55382599999785
 20
-125.4429799999988
 10
201.55611199999788
 20
-125.4518699999988
 10
201.55839799999788
 20
-125.46075999999881
 10
201.56068399999788
 20
-125.46964999999882
 10
201.56296999999788
 20
-125.47853999999883
 10
201.56525599999787
 20
-125.48742999999884
 10
201.5672879999979
 20
-125.49631999999885
 10
201.5693199999979
 20
-125.50520999999885
 10
201.57135199999792
 20
-125.51409999999886
 10
201.57338399999793
 20
-125.52298999999886
 10
201.57541599999794
 20
-125.53187999999886
 10
201.57744799999796
 20
-125.54076999999887
 10
201.57947999999794
 20
-125.54965999999888
 10
201.58151199999796
 20
-125.55854999999889
 10
201.58354399999797
 20
-125.5674399999989
 10
201.58557599999799
 20
-125.5763299999989
 10
201.587607999998
 20
-125.58521999999891
 10
201.589639999998
 20
-125.5941099999989
 10
201.591671999998
 20
-125.60299999999891
 10
201.593703999998
 20
-125.61188999999892
 10
201.59573599999803
 20
-125.62077999999893
 10
201.59776799999804
 20
-125.62966999999894
 10
201.59979999999806
 20
-125.63855999999895
 10
201.60183199999807
 20
-125.64744999999895
 10
201.60386399999808
 20
-125.65633999999896
 10
201.60589599999807
 20
-125.66522999999896
 10
201.60792799999808
 20
-125.67411999999896
 10
201.6099599999981
 20
-125.68300999999897
 10
201.6119919999981
 20
-125.69189999999898
 10
201.61402399999812
 20
-125.70078999999899
 10
201.61605599999814
 20
-125.709679999999
 10
201.61808799999812
 20
-125.718569999999
 10
201.62011999999814
 20
-125.72745999999901
 10
201.63205799999815
 20
-125.68148599999901
 10
201.64399599999817
 20
-125.63576599999901
 10
201.65593399999815
 20
-125.590045999999
 10
201.66787199999817
 20
-125.544325999999
 10
201.67980999999818
 20
-125.498605999999
 10
201.6917479999982
 20
-125.452885999999
 10
201.70368599999819
 20
-125.407165999999
 10
201.7156239999982
 20
-125.361445999999
 10
201.72756199999822
 20
-125.315725999999
 10
201.7394999999982
 20
-125.270005999999
 10
201.75143799999822
 20
-125.224285999999
 10
201.76337599999823
 20
-125.178565999999
 10
201.77531399999822
 20
-125.13284599999899
 10
201.78725199999823
 20
-125.08712599999899
 10
201.79918999999825
 20
-125.04140599999899
 10
201.81112799999826
 20
-124.99568599999898
 10
201.82306599999825
 20
-124.94996599999898
 10
201.83500399999826
 20
-124.90424599999898
 10
201.84694199999828
 20
-124.85852599999897
 10
201.85887999999827
 20
-124.81280599999899
 10
201.87081799999828
 20
-124.76708599999898
 10
201.8827559999983
 20
-124.72136599999898
 10
201.8946939999983
 20
-124.67564599999898
 10
201.9066319999983
 20
-124.63017999999899
 10
201.9185699999983
 20
-124.58471399999898
 10
201.93050799999833
 20
-124.53924799999899
 10
201.9424459999983
 20
-124.493781999999
 10
201.95438399999833
 20
-124.44831599999901
 10
201.96632199999834
 20
-124.40284999999902
 10
201.97825999999833
 20
-124.35738399999902
 10
201.99019799999834
 20
-124.31191799999903
 10
202.00213599999836
 20
-124.26645199999903
 10
202.08087599999834
 20
-123.96546199999904
 10
202.15936199999834
 20
-123.66548799999904
 10
202.23733999999834
 20
-123.36652999999903
 10
202.31480999999832
 20
-123.06858799999904
 10
202.39177199999833
 20
-122.77166199999904
 10
202.46797199999833
 20
-122.47575199999903
 10
202.54340999999832
 20
-122.18085799999903
 10
202.61808599999833
 20
-121.88697999999904
 10
202.69174599999832
 20
-121.59386399999903
 10
202.7643899999983
 20
-121.30176399999904
 10
202.8360179999983
 20
-121.01067999999904
 10
202.90637599999832
 20
-120.72061199999904
 10
202.9754639999983
 20
-120.43130599999904
 10
203.04328199999833
 20
-120.14301599999904
 10
203.1098299999983
 20
-119.85548799999904
 10
203.1748539999983
 20
-119.56897599999904
 10
203.2383539999983
 20
-119.28322599999905
 10
203.30007599999834
 20
-118.99849199999905
 10
203.36027399999833
 20
-118.71451999999904
 10
203.41843999999833
 20
-118.43156399999906
 10
203.47482799999833
 20
-118.14936999999905
 10
203.52918399999834
 20
-117.86793799999906
 10
203.58150799999834
 20
-117.58752199999905
 10
203.63179999999835
 20
-117.30786799999906
 10
203.67980599999834
 20
-117.02897599999906
 10
203.72552599999833
 20
-116.75084599999904
 10
203.76895999999834
 20
-116.47347799999905
 10
203.80985399999832
 20
-116.19687199999905
 10
203.8482079999983
 20
-115.92102799999905
 10
203.88402199999828
 20
-115.64594599999904
 10
203.9172959999983
 20
-115.37162599999905
 10
203.9477759999983
 20
-115.09806799999905
 10
203.97774799999831
 20
-114.83162199999906
 10
204.0105139999983
 20
-114.56847799999905
 10
204.0463279999983
 20
-114.30838199999906
 10
204.0851899999983
 20
-114.05133399999906
 10
204.1270999999983
 20
-113.79733399999905
 10
204.1723119999983
 20
-113.54612799999906
 10
204.2205719999983
 20
-113.29771599999906
 10
204.2721339999983
 20
-113.05184399999905
 10
204.3267439999983
 20
-112.80876599999905
 10
204.3846559999983
 20
-112.56797399999905
 10
204.44586999999828
 20
-112.32972199999907
 10
204.5103859999983
 20
-112.09375599999908
 10
204.5784579999983
 20
-111.86007599999907
 10
204.6498319999983
 20
-111.62842799999908
 10
204.7247619999983
 20
-111.39881199999907
 10
204.80324799999826
 20
-111.17122799999906
 10
204.88528999999826
 20
-110.94542199999907
 10
204.97088799999827
 20
-110.72139399999907
 10
205.06004199999828
 20
-110.49888999999907
 10
205.15275199999826
 20
-110.27816399999907
 10
205.24927199999826
 20
-110.05870799999907
 10
205.34960199999827
 20
-109.84077599999907
 10
205.45348799999826
 20
-109.62411399999907
 10
205.56118399999826
 20
-109.40872199999906
 10
205.67294399999827
 20
-109.19434599999906
 10
205.7885139999983
 20
-108.98098599999906
 10
205.9078939999983
 20
-108.76864199999906
 10
206.03133799999827
 20
-108.55705999999905
 10
206.15884599999828
 20
-108.34623999999906
 10
206.29041799999828
 20
-108.13618199999907
 10
206.4260539999983
 20
-107.92663199999906
 10
206.56575399999826
 20
-107.71758999999908
 10
206.46974199999826
 20
-107.59770199999907
 10
206.37703199999825
 20
-107.47552799999907
 10
206.28736999999828
 20
-107.35132199999909
 10
206.20075599999825
 20
-107.22533799999908
 10
206.11744399999827
 20
-107.09732199999908
 10
206.03717999999827
 20
-106.96752799999908
 10
205.96021799999826
 20
-106.83570199999907
 10
205.88655799999827
 20
-106.70209799999907
 10
205.81619999999825
 20
-106.56696999999907
 10
205.74888999999826
 20
-106.43006399999908
 10
205.68488199999828
 20
-106.29163399999908
 10
205.62417599999827
 20
-106.15167999999908
 10
205.56677199999825
 20
-106.01020199999908
 10
205.51292399999826
 20
-105.86745399999907
 10
205.46237799999827
 20
-105.72318199999908
 10
205.41513399999826
 20
-105.57763999999908
 10
205.37119199999827
 20
-105.43108199999908
 10
205.33080599999826
 20
-105.28325399999909
 10
205.2937219999983
 20
-105.1341559999991
 10
205.2601939999983
 20
-104.98404199999909
 10
205.2302219999983
 20
-104.83291199999908
 10
205.20355199999827
 20
-104.68101999999908
 10
205.18043799999828
 20
-104.52811199999908
 10
205.1608799999983
 20
-104.37444199999908
 10
205.14487799999827
 20
-104.22000999999908
 10
205.1324319999983
 20
-104.06481599999908
 10
205.12354199999828
 20
-103.90911399999908
 10
205.1182079999983
 20
-103.75264999999908
 10
205.11668399999832
 20
-103.59567799999908
 10
205.11871599999833
 20
-103.43819799999909
 10
205.12430399999835
 20
-103.28046399999909
  0
LWPOLYLINE
  5
39
330
17
100
AcDbEntity
  8
0
100
AcDbPolyline
 90
256
 70
1
 10
201.41463399999833
 20
-142.8889699999991
 10
200.68285999999833
 20
-142.6982159999991
 10
199.95108599999836
 20
-142.5074619999991
 10
199.21931199999835
 20
-142.31670799999912
 10
198.48753799999835
 20
-142.12595399999913
 10
197.75576399999835
 20
-141.93519999999913
 10
197.02398999999838
 20
-141.74444599999913
 10
196.29221599999838
 20
-141.55369199999913
 10
195.56044199999837
 20
-141.36293799999913
 10
194.8286679999984
 20
-141.17218399999913
 10
194.0968939999984
 20
-140.98142999999916
 10
193.3651199999984
 20
-140.79067599999917
 10
192.63334599999843
 20
-140.59992199999917
 10
191.90157199999842
 20
-140.40916799999917
 10
191.16979799999842
 20
-140.21841399999917
 10
190.43802399999845
 20
-140.02765999999917
 10
189.70624999999845
 20
-139.8369059999992
 10
188.97447599999845
 20
-139.6461519999992
 10
188.24270199999845
 20
-139.4553979999992
 10
187.51092799999847
 20
-139.2646439999992
 10
186.77915399999847
 20
-139.0738899999992
 10
186.04737999999847
 20
-138.8831359999992
 10
185.3156059999985
 20
-138.6923819999992
 10
184.5838319999985
 20
-138.50162799999924
 10
183.8520579999985
 20
-138.31087399999925
 10
183.12028399999852
 20
-138.12011999999925
 10
182.38850999999852
 20
-137.92936599999925
 10
181.65673599999852
 20
-137.73861199999925
 10
180.92496199999852
 20
-137.54785799999925
 10
180.19318799999854
 20
-137.35710399999928
 10
179.46141399999854
 20
-137.16634999999928
 10
178.72963999999854
 20
-136.97559599999929
 10
177.99786599999857
 20
-136.7848419999993
 10
177.96281399999856
 20
-136.7762059999993
 10
177.92776199999855
 20
-136.7688399999993
 10
177.89270999999854
 20
-136.7627439999993
 10
177.85765799999854
 20
-136.75791799999928
 10
177.82235199999852
 20
-136.75436199999928
 10
177.7872999999985
 20
-136.75207599999928
 10
177.7522479999985
 20
-136.75080599999927
 10
177.7171959999985
 20
-136.75080599999927
 10
177.6821439999985
 20
-136.75207599999928
 10
177.6473459999985
 20
-136.75436199999928
 10
177.6128019999985
 20
-136.75791799999928
 10
177.57825799999853
 20
-136.7627439999993
 10
177.54396799999853
 20
-136.7685859999993
 10
177.5099319999985
 20
-136.7756979999993
 10
177.4761499999985
 20
-136.78382599999932
 10
177.44262199999852
 20
-136.79322399999933
 10
177.40960199999853
 20
-136.80363799999932
 10
177.37683599999852
 20
-136.81532199999936
 10
177.34457799999853
 20
-136.82802199999932
 10
177.31257399999853
 20
-136.84173799999934
 10
177.28107799999853
 20
-136.85672399999933
 10
177.25008999999855
 20
-136.87272599999932
 10
177.21960999999854
 20
-136.88974399999933
 10
177.18963799999852
 20
-136.90777799999933
 10
177.16042799999852
 20
-136.92682799999935
 10
177.1317259999985
 20
-136.94714799999934
 10
177.10353199999852
 20
-136.96848399999934
 10
177.07609999999852
 20
-136.99083599999932
 10
177.04942999999852
 20
-137.01420399999932
 10
177.02352199999854
 20
-137.03858799999932
 10
176.9983759999985
 20
-137.0639879999993
 10
176.9739919999985
 20
-137.09040399999932
 10
176.9544339999985
 20
-137.11250199999932
 10
176.9346219999985
 20
-137.13485399999934
 10
176.91455599999853
 20
-137.15771399999934
 10
176.89423599999853
 20
-137.18108199999932
 10
176.8739159999985
 20
-137.2047039999993
 10
176.85334199999852
 20
-137.22883399999932
 10
176.8327679999985
 20
-137.25321799999932
 10
176.8121939999985
 20
-137.27810999999932
 10
176.7913659999985
 20
-137.30325599999932
 10
176.7705379999985
 20
-137.32865599999934
 10
176.74970999999852
 20
-137.35456399999933
 10
176.7288819999985
 20
-137.38072599999933
 10
176.7080539999985
 20
-137.40739599999932
 10
176.6872259999985
 20
-137.43431999999933
 10
176.6663979999985
 20
-137.46149799999932
 10
176.64556999999851
 20
-137.4889299999993
 10
176.62474199999852
 20
-137.5168699999993
 10
176.60391399999853
 20
-137.5450639999993
 10
176.5830859999985
 20
-137.57351199999928
 10
176.56251199999852
 20
-137.6022139999993
 10
176.5419379999985
 20
-137.63116999999932
 10
176.52161799999848
 20
-137.66037999999932
 10
176.50129799999849
 20
-137.6898439999993
 10
176.4812319999985
 20
-137.7195619999993
 10
176.4611659999985
 20
-137.74953399999933
 10
176.4413539999985
 20
-137.77975999999933
 10
176.42179599999852
 20
-137.8102399999993
 10
176.40249199999852
 20
-137.8409739999993
 10
176.3834419999985
 20
-137.87196199999931
 10
176.36464599999852
 20
-137.9032039999993
 10
176.34610399999852
 20
-137.93469999999934
 10
176.3278159999985
 20
-137.96619599999934
 10
176.3011459999985
 20
-138.01547199999933
 10
176.27752399999852
 20
-138.06550999999934
 10
176.2569499999985
 20
-138.11630999999934
 10
176.2391699999985
 20
-138.16761799999932
 10
176.22443799999851
 20
-138.21943399999932
 10
176.2124999999985
 20
-138.27150399999934
 10
176.2033559999985
 20
-138.32382799999934
 10
176.1970059999985
 20
-138.37640599999932
 10
176.1934499999985
 20
-138.42898399999933
 10
176.1926879999985
 20
-138.48130799999933
 10
176.1947199999985
 20
-138.53363199999933
 10
176.19929199999854
 20
-138.58570199999934
 10
176.20665799999853
 20
-138.63726399999933
 10
176.21656399999853
 20
-138.68831799999936
 10
176.2290099999985
 20
-138.73886399999935
 10
176.2439959999985
 20
-138.78864799999934
 10
176.2612679999985
 20
-138.83766999999935
 10
176.2810799999985
 20
-138.88567599999934
 10
176.30343199999848
 20
-138.93266599999933
 10
176.3280699999985
 20
-138.97863999999933
 10
176.35499399999847
 20
-139.02334399999935
 10
176.38420399999848
 20
-139.06677799999935
 10
176.41569999999848
 20
-139.10868799999935
 10
176.4494819999985
 20
-139.14907399999933
 10
176.4855499999985
 20
-139.18793599999935
 10
176.5236499999985
 20
-139.22501999999935
 10
176.5640359999985
 20
-139.26032599999934
 10
176.6064539999985
 20
-139.29359999999934
 10
176.6509039999985
 20
-139.32484199999934
 10
176.6973859999985
 20
-139.35405199999934
 10
176.7458999999985
 20
-139.38097599999935
 10
176.7961919999985
 20
-139.40561399999933
 10
177.5442219999985
 20
-139.74190999999934
 10
178.2922519999985
 20
-140.0782059999993
 10
179.04028199999854
 20
-140.41450199999932
 10
179.78831199999854
 20
-140.7507979999993
 10
180.53634199999857
 20
-141.0870939999993
 10
181.28437199999857
 20
-141.42338999999927
 10
182.0324019999986
 20
-141.75968599999925
 10
182.7804319999986
 20
-142.09598199999925
 10
183.52846199999863
 20
-142.43227799999923
 10
184.27649199999863
 20
-142.76857399999923
 10
185.02452199999865
 20
-143.1048699999992
 10
185.77255199999865
 20
-143.4411659999992
 10
186.52058199999865
 20
-143.7774619999992
 10
187.26861199999868
 20
-144.1137579999992
 10
188.01664199999868
 20
-144.45005399999917
 10
188.7646719999987
 20
-144.78634999999915
 10
189.5127019999987
 20
-145.12264599999915
 10
190.26073199999874
 20
-145.45894199999913
 10
191.00876199999874
 20
-145.79523799999913
 10
191.75679199999877
 20
-146.1315339999991
 10
192.50482199999877
 20
-146.4678299999991
 10
193.25285199999877
 20
-146.8041259999991
 10
194.0008819999988
 20
-147.1404219999991
 10
194.7489119999988
 20
-147.47671799999907
 10
195.49694199999882
 20
-147.81301399999904
 10
196.24497199999882
 20
-148.14930999999905
 10
196.99300199999885
 20
-148.48560599999902
 10
197.74103199999885
 20
-148.82190199999903
 10
198.48906199999888
 20
-149.158197999999
 10
199.23709199999888
 20
-149.494493999999
 10
199.98512199999888
 20
-149.83078999999898
 10
200.7331519999989
 20
-150.167085999999
 10
200.79715999999888
 20
-150.19375599999898
 10
200.8614219999989
 20
-150.21585399999898
 10
200.92593799999892
 20
-150.23337999999896
 10
200.99045399999892
 20
-150.24658799999898
 10
201.05496999999892
 20
-150.25547799999896
 10
201.11923199999893
 20
-150.26004999999898
 10
201.18298599999892
 20
-150.26055799999895
 10
201.24623199999894
 20
-150.25700199999895
 10
201.30871599999892
 20
-150.24963599999896
 10
201.37043799999893
 20
-150.23845999999895
 10
201.43114399999894
 20
-150.22347399999896
 10
201.49057999999897
 20
-150.204931999999
 10
201.54874599999897
 20
-150.182833999999
 10
201.60538799999895
 20
-150.15743399999897
 10
201.66025199999896
 20
-150.12873199999896
 10
201.71333799999894
 20
-150.09672799999896
 10
201.76439199999896
 20
-150.06167599999895
 10
201.81341399999894
 20
-150.02357599999897
 10
201.85989599999894
 20
-149.982681999999
 10
201.90409199999894
 20
-149.93899399999898
 10
201.94549399999894
 20
-149.892511999999
 10
201.98410199999896
 20
-149.84348999999898
 10
202.01991599999894
 20
-149.791927999999
 10
202.05268199999895
 20
-149.73807999999897
 10
202.08214599999894
 20
-149.681945999999
 10
202.10805399999893
 20
-149.623779999999
 10
202.13040599999894
 20
-149.56332799999896
 10
202.14920199999892
 20
-149.50109799999896
 10
202.16393399999893
 20
-149.43683599999895
 10
202.17485599999893
 20
-149.37079599999896
 10
202.1814599999989
 20
-149.30323199999896
 10
202.1837459999989
 20
-149.23414399999893
 10
202.1837459999989
 20
-149.06675799999894
 10
202.1837459999989
 20
-148.89962599999896
 10
202.1837459999989
 20
-148.73223999999894
 10
202.1837459999989
 20
-148.56485399999895
 10
202.1837459999989
 20
-148.39746799999895
 10
202.1837459999989
 20
-148.23008199999896
 10
202.1837459999989
 20
-148.06269599999897
 10
202.1837459999989
 20
-147.89530999999897
 10
202.1837459999989
 20
-147.72792399999895
 10
202.1837459999989
 20
-147.56053799999896
 10
202.1837459999989
 20
-147.39315199999896
 10
202.1837459999989
 20
-147.22576599999897
 10
202.1837459999989
 20
-147.05837999999898
 10
202.1837459999989
 20
-146.89099399999898
 10
202.1837459999989
 20
-146.72360799999896
 10
202.1837459999989
 20
-146.55622199999897
 10
202.1837459999989
 20
-146.38883599999897
 10
202.1837459999989
 20
-146.22144999999898
 10
202.1837459999989
 20
-146.054063999999
 10
202.1837459999989
 20
-145.886677999999
 10
202.1837459999989
 20
-145.71929199999897
 10
202.1837459999989
 20
-145.552159999999
 10
202.1837459999989
 20
-145.384773999999
 10
202.1837459999989
 20
-145.21738799999898
 10
202.1837459999989
 20
-145.05000199999898
 10
202.1837459999989
 20
-144.882615999999
 10
202.1837459999989
 20
-144.715229999999
 10
202.1837459999989
 20
-144.547843999999
 10
202.1837459999989
 20
-144.380457999999
 10
202.1837459999989
 20
-144.213071999999
 10
202.1837459999989
 20
-144.045685999999
 10
202.1837459999989
 20
-143.878299999999
 10
202.1827299999989
 20
-143.83486599999898
 10
202.17993599999892
 20
-143.791685999999
 10
202.1753639999989
 20
-143.749013999999
 10
202.16901399999892
 20
-143.70684999999898
 10
202.16113999999894
 20
-143.665193999999
 10
202.15148799999892
 20
-143.62404599999897
 10
202.14031199999891
 20
-143.583405999999
 10
202.1273579999989
 20
-143.543527999999
 10
202.1128799999989
 20
-143.50441199999898
 10
202.09687799999892
 20
-143.46580399999897
 10
202.07935199999892
 20
-143.42795799999897
 10
202.06030199999893
 20
-143.391127999999
 10
202.03972799999892
 20
-143.35505999999896
 10
202.0178839999989
 20
-143.31975399999897
 10
201.9947699999989
 20
-143.28546399999897
 10
201.9701319999989
 20
-143.25218999999896
 10
201.9442239999989
 20
-143.21993199999898
 10
201.91704599999892
 20
-143.18868999999896
 10
201.88859799999892
 20
-143.15846399999896
 10
201.85887999999895
 20
-143.12950799999896
 10
201.82789199999894
 20
-143.10182199999895
 10
201.79588799999897
 20
-143.07515199999892
 10
201.76286799999895
 20
-143.04975199999893
 10
201.72857799999898
 20
-143.02587599999893
 10
201.69327199999896
 20
-143.0032699999989
 10
201.65694999999894
 20
-142.98193399999892
 10
201.61961199999894
 20
-142.9621219999989
 10
201.58125799999894
 20
-142.94383399999893
 10
201.54214199999896
 20
-142.9270699999989
 10
201.50200999999896
 20
-142.91182999999893
 10
201.46111599999895
 20
-142.89811399999894
  0
LWPOLYLINE
  5
3A
330
17
100
AcDbEntity
  8
0
100
AcDbPolyline
 90
96
 70
1
 10
256.67665199999897
 20
-85.33510999999892
 10
257.01574199999897
 20
-85.33587199999893
 10
257.35483199999896
 20
-85.33663399999892
 10
257.693921999999
 20
-85.33739599999892
 10
258.033011999999
 20
-85.33815799999891
 10
258.372101999999
 20
-85.33891999999891
 10
258.711191999999
 20
-85.3396819999989
 10
259.050281999999
 20
-85.3404439999989
 10
259.389371999999
 20
-85.34120599999889
 10
259.72846199999907
 20
-85.3419679999989
 10
260.06755199999907
 20
-85.3427299999989
 10
260.40664199999907
 20
-85.34349199999889
 10
260.74573199999907
 20
-85.34425399999888
 10
261.08482199999906
 20
-85.34501599999888
 10
261.4239119999991
 20
-85.34577799999887
 10
261.7630019999991
 20
-85.34653999999887
 10
262.1020919999991
 20
-85.34730199999886
 10
262.4411819999991
 20
-85.34806399999887
 10
262.7802719999991
 20
-85.34882599999887
 10
263.1193619999991
 20
-85.34958799999886
 10
263.45845199999917
 20
-85.35034999999885
 10
263.79754199999917
 20
-85.35111199999885
 10
264.13663199999917
 20
-85.35187399999884
 10
264.47572199999917
 20
-85.35263599999884
 10
264.81481199999916
 20
-85.35339799999885
 10
265.1539019999992
 20
-85.35415999999884
 10
265.4929919999992
 20
-85.35492199999884
 10
265.8320819999992
 20
-85.35568399999883
 10
266.1711719999992
 20
-85.35644599999883
 10
266.5102619999992
 20
-85.35720799999882
 10
266.84935199999927
 20
-85.35796999999882
 10
267.18844199999927
 20
-85.35873199999881
 10
267.52753199999927
 20
-85.35949399999882
 10
267.51254599999925
 20
-85.36431999999881
 10
267.46834999999925
 20
-85.37930599999882
 10
267.3967219999993
 20
-85.40470599999882
 10
267.2991859999993
 20
-85.44077399999883
 10
267.17777399999926
 20
-85.48801799999882
 10
267.0337559999993
 20
-85.54694599999883
 10
266.8691639999993
 20
-85.61755799999884
 10
266.6855219999993
 20
-85.70061599999883
 10
266.4846079999993
 20
-85.79637399999883
 10
266.2679459999993
 20
-85.90508599999883
 10
266.03731399999936
 20
-86.02725999999883
 10
265.79448999999937
 20
-86.16314999999884
 10
265.5409979999993
 20
-86.31300999999883
 10
265.2786159999994
 20
-86.47734799999883
 10
265.0088679999994
 20
-86.65667199999884
 10
264.7337859999994
 20
-86.85123599999883
 10
264.4546399999994
 20
-87.06154799999884
 10
264.1734619999994
 20
-87.28786199999884
 10
263.8917759999994
 20
-87.53043199999884
 10
263.6113599999994
 20
-87.78976599999883
 10
263.3337379999994
 20
-88.06637199999884
 10
263.0606879999994
 20
-88.36024999999883
 10
262.7937339999994
 20
-88.67216199999883
 10
262.5346539999994
 20
-89.00236199999884
 10
262.2852259999994
 20
-89.35110399999884
 10
262.04697399999935
 20
-89.71889599999884
 10
261.8219299999994
 20
-90.10599199999884
 10
261.6113639999994
 20
-90.51289999999882
 10
261.4173079999994
 20
-90.93987399999882
 10
261.24103199999945
 20
-91.38716799999882
 10
261.0845679999994
 20
-91.85528999999883
 10
260.94943999999947
 20
-92.34474799999883
 10
260.94816999999944
 20
-92.32645999999883
 10
260.9443599999994
 20
-92.27311999999884
 10
260.9372479999994
 20
-92.18675999999884
 10
260.92632599999945
 20
-92.06991999999885
 10
260.91083199999946
 20
-91.92463199999885
 10
260.89025799999945
 20
-91.75292799999886
 10
260.86409599999945
 20
-91.55734799999885
 10
260.8318379999995
 20
-91.33992399999886
 10
260.79272199999946
 20
-91.10294199999886
 10
260.7462399999995
 20
-90.84843399999886
 10
260.69162999999946
 20
-90.57893999999887
 10
260.62863799999946
 20
-90.29649199999886
 10
260.55650199999945
 20
-90.00312199999887
 10
260.4747139999995
 20
-89.70136999999887
 10
260.38251199999945
 20
-89.39326799999887
 10
260.27938799999947
 20
-89.08110199999886
 10
260.1648339999995
 20
-88.76690399999886
 10
260.0383419999995
 20
-88.45295999999887
 10
259.89914999999945
 20
-88.14155599999886
 10
259.74674999999945
 20
-87.83497799999887
 10
259.58063399999946
 20
-87.53525799999886
 10
259.4000399999995
 20
-87.24493599999887
 10
259.2044599999995
 20
-86.96578999999888
 10
258.9933859999995
 20
-86.70035999999887
 10
258.76630999999946
 20
-86.45067799999887
 10
258.52246999999943
 20
-86.21902999999887
 10
258.26135799999946
 20
-86.00770199999887
 10
257.98221199999944
 20
-85.81872599999886
 10
257.6847779999994
 20
-85.65438799999887
 10
257.3682939999994
 20
-85.51697399999887
 10
257.0322519999994
 20
-85.40851599999887
  0
ENDSEC
  0
SECTION
  2
OBJECTS
  0
DICTIONARY
  5
A
330
0
100
AcDbDictionary
281
1
  3
ACAD_COLOR
350
B
  3
ACAD_GROUP
350
C
  3
ACAD_LAYOUT
350
D
  3
ACAD_MATERIAL
350
E
  3
ACAD_MLEADERSTYLE
350
F
  3
ACAD_MLINESTYLE
350
10
  3
ACAD_PLOTSETTINGS
350
11
  3
ACAD_PLOTSTYLENAME
350
12
  3
ACAD_SCALELIST
350
14
  3
ACAD_TABLESTYLE
350
15
  3
ACAD_VISUALSTYLE
350
16
  3
EZDXF_META
350
2D
  0
DICTIONARY
  5
B
330
A
100
AcDbDictionary
281
1
  0
DICTIONARY
  5
C
330
A
100
AcDbDictionary
281
1
  0
DICTIONARY
  5
D
330
A
100
AcDbDictionary
281
1
  3
Model
350
1A
  3
Layout1
350
1E
  0
DICTIONARY
  5
E
330
A
100
AcDbDictionary
281
1
  3
ByBlock
350
1F
  3
ByLayer
350
20
  3
Global
350
21
  0
DICTIONARY
  5
F
330
A
100
AcDbDictionary
281
1
  3
Standard
350
2C
  0
DICTIONARY
  5
10
330
A
100
AcDbDictionary
281
1
  3
Standard
350
22
  0
DICTIONARY
  5
11
330
A
100
AcDbDictionary
281
1
  0
ACDBDICTIONARYWDFLT
  5
12
330
A
100
AcDbDictionary
281
1
  3
Normal
350
13
100
AcDbDictionaryWithDefault
340
13
  0
ACDBPLACEHOLDER
  5
13
330
12
  0
DICTIONARY
  5
14
330
A
100
AcDbDictionary
281
1
  0
DICTIONARY
  5
15
330
A
100
AcDbDictionary
281
1
  0
DICTIONARY
  5
16
330
A
100
AcDbDictionary
281
1
  0
LAYOUT
  5
1A
330
D
100
AcDbPlotSettings
  1

  4
A3
  6

 40
7.5
 41
20.0
 42
7.5
 43
20.0
 44
420.0
 45
297.0
 46
0.0
 47
0.0
 48
0.0
 49
0.0
140
0.0
141
0.0
142
1.0
143
1.0
 70
1024
 72
1
 73
0
 74
5
  7

 75
16
 76
0
 77
2
 78
300
147
1.0
148
0.0
149
0.0
100
AcDbLayout
  1
Model
 70
1
 71
0
 10
0.0
 20
0.0
 11
420.0
 21
297.0
 12
0.0
 22
0.0
 32
0.0
 14
1e+20
 24
1e+20
 34
1e+20
 15
-1e+20
 25
-1e+20
 35
-1e+20
146
0.0
 13
0.0
 23
0.0
 33
0.0
 16
1.0
 26
0.0
 36
0.0
 17
0.0
 27
1.0
 37
0.0
 76
1
330
17
  0
LAYOUT
  5
1E
330
D
100
AcDbPlotSettings
  1

  4
A3
  6

 40
7.5
 41
20.0
 42
7.5
 43
20.0
 44
420.0
 45
297.0
 46
0.0
 47
0.0
 48
0.0
 49
0.0
140
0.0
141
0.0
142
1.0
143
1.0
 70
0
 72
1
 73
0
 74
5
  7

 75
16
 76
0
 77
2
 78
300
147
1.0
148
0.0
149
0.0
100
AcDbLayout
  1
Layout1
 70
1
 71
1
 10
0.0
 20
0.0
 11
420.0
 21
297.0
 12
0.0
 22
0.0
 32
0.0
 14
1e+20
 24
1e+20
 34
1e+20
 15
-1e+20
 25
-1e+20
 35
-1e+20
146
0.0
 13
0.0
 23
0.0
 33
0.0
 16
1.0
 26
0.0
 36
0.0
 17
0.0
 27
1.0
 37
0.0
 76
1
330
1B
  0
MATERIAL
  5
1F
102
{ACAD_REACTORS
330
E
102
}
330
E
100
AcDbMaterial
  1
ByBlock
  2

 70
0
 40
1.0
 71
1
 41
1.0
 91
-1023410177
 42
1.0
 72
1
  3

 73
1
 74
1
 75
1
 44
0.5
 73
0
 45
1.0
 46
1.0
 77
1
  4

 78
1
 79
1
170
1
 48
1.0
171
1
  6

172
1
173
1
174
1
140
1.0
141
1.0
175
1
  7

176
1
177
1
178
1
143
1.0
179
1
  8

270
1
271
1
272
1
145
1.0
146
1.0
273
1
  9

274
1
275
1
276
1
 42
1.0
 72
1
  3

 73
1
 74
1
 75
1
 94
63
  0
MATERIAL
  5
20
102
{ACAD_REACTORS
330
E
102
}
330
E
100
AcDbMaterial
  1
ByLayer
  2

 70
0
 40
1.0
 71
1
 41
1.0
 91
-1023410177
 42
1.0
 72
1
  3

 73
1
 74
1
 75
1
 44
0.5
 73
0
 45
1.0
 46
1.0
 77
1
  4

 78
1
 79
1
170
1
 48
1.0
171
1
  6

172
1
173
1
174
1
140
1.0
141
1.0
175
1
  7

176
1
177
1
178
1
143
1.0
179
1
  8

270
1
271
1
272
1
145
1.0
146
1.0
273
1
  9

274
1
275
1
276
1
 42
1.0
 72
1
  3

 73
1
 74
1
 75
1
 94
63
  0
MATERIAL
  5
21
102
{ACAD_REACTORS
330
E
102
}
330
E
100
AcDbMaterial
  1
Global
  2

 70
0
 40
1.0
 71
1
 41
1.0
 91
-1023410177
 42
1.0
 72
1
  3

 73
1
 74
1
 75
1
 44
0.5
 73
0
 45
1.0
 46
1.0
 77
1
  4

 78
1
 79
1
170
1
 48
1.0
171
1
  6

172
1
173
1
174
1
140
1.0
141
1.0
175
1
  7

176
1
177
1
178
1
143
1.0
179
1
  8

270
1
271
1
272
1
145
1.0
146
1.0
273
1
  9

274
1
275
1
276
1
 42
1.0
 72
1
  3

 73
1
 74
1
 75
1
 94
63
  0
MLINESTYLE
  5
22
102
{ACAD_REACTORS
330
10
102
}
330
10
100
AcDbMlineStyle
  2
Standard
 70
0
  3

 62
256
 51
90.0
 52
90.0
 71
2
 49
0.5
 62
256
  6
BYLAYER
 49
-0.5
 62
256
  6
BYLAYER
  0
MLEADERSTYLE
  5
2C
102
{ACAD_REACTORS
330
F
102
}
330
F
100
AcDbMLeaderStyle
179
2
170
2
171
1
172
0
 90
2
 40
0.0
 41
0.0
173
1
 91
-1056964608
 92
-2
290
1
 42
2.0
291
1
 43
8.0
  3
Standard
 44
4.0
300

342
29
174
1
175
1
176
0
178
1
 93
-1056964608
 45
4.0
292
0
297
0
 46
4.0
 94
-1056964608
 47
1.0
 49
1.0
140
1.0
294
1
141
0.0
177
0
142
1.0
295
0
296
0
143
3.75
271
0
272
9
273
9
  0
DICTIONARY
  5
2D
330
A
100
AcDbDictionary
280
1
281
1
  3
CREATED_BY_EZDXF
350
2E
  3
WRITTEN_BY_EZDXF
350
3D
  0
DICTIONARYVAR
  5
2E
330
2D
100
DictionaryVariables
280
0
  1
1.4.3 @ 2026-04-12T00:41:29.872991+00:00
  0
DICTIONARYVAR
  5
3D
330
2D
100
DictionaryVariables
280
0
  1
1.4.3 @ 2026-04-12T00:41:29.882184+00:00
  0
ENDSEC
  0
EOF
